genus_lower,phylum,kingdom,n_samples,median_temp_range_C,median_soil_ph,median_soil_moisture,env_gradient_breadth,ko_per_mb_primary,mean_genome_mb,ko_per_mb_z,genome_mb_z,mean_levins_B_std
achromobacter,Proteobacteria,Bacteria,18180,90.0,70.0,260.2439880371094,0.4388249030776497,8.800642198780132,6.476800068965517,-0.00741750854945067,1.6046746704360544,0.3824708127696951
actinotalea,Actinobacteria,Bacteria,11590,80.0,65.0,334.0929870605469,0.2278676757137176,10.272412611997389,3.504532125,0.36874746755244164,-0.19623675274352767,0.3485850896289182
anaerofilum,Firmicutes,Bacteria,2332,84.0,63.0,280.3710021972656,0.11455672782751265,6.078563149242783,2.632201,-0.7031447710498191,-0.7247863712249704,0.1420979685866183
anaeromassilibacillus,Firmicutes,Bacteria,555,122.0,55.0,356.5710144042969,1.1204624390741047,8.189715642751134,2.6862959545454546,-0.16356222465792422,-0.6920099784454842,0.0975258220513013
anaerostipes,Firmicutes,Bacteria,269,68.0,59.0,309.7279968261719,0.5323151755905569,9.86754108009875,2.93892873255814,0.2652676797042358,-0.5389385648414906,0.1165947155912339
blastomonas,Proteobacteria,Bacteria,34852,79.0,66.0,280.3710021972656,0.2102341908286858,7.184933200034654,4.036224025,-0.42037127595949575,0.12591792320555467,0.3751100688324422
cryobacterium,Actinobacteria,Bacteria,2210,73.0,59.0,277.4840087890625,0.4643743580114706,8.278106597741687,3.744817686746988,-0.1409706701783353,-0.05064657677913149,0.3421583880822563
desulfitobacterium,Firmicutes,Bacteria,3666,76.0,66.0,346.6440124511719,0.3663149519114944,7.0475538254554495,4.966262176470588,-0.45548362003938103,0.6894325061948585,0.1901604521467534
hyphomonas,Proteobacteria,Bacteria,33734,61.0,69.0,353.89898681640625,0.7341420260311864,11.35141818439583,3.435694057471264,0.6445269652988429,-0.23794606849139022,0.1262994839946554
klebsiella,Proteobacteria,Bacteria,1246,80.0,64.0,311.7690124511719,0.13489983536083924,14.583650308706922,5.622734930159652,1.4706425801245437,1.087192500721956,0.1656085122783746
longimicrobium,Gemmatimonadetes,Bacteria,1288,101.0,70.0,159.05999755859375,0.8791417427527891,3.079902045426502,6.818398666666667,-1.4695627342897255,1.8116509014959499,0.2892347361406029
marinomonas,Proteobacteria,Bacteria,6535,63.0,65.0,353.89898681640625,0.5136739009522704,12.070173868643922,4.308140095238096,0.8282313748726554,0.2906731761874071,0.1199407273308305
niastella,Bacteroidetes,Bacteria,45883,99.0,66.0,245.48699951171875,0.408900670699946,2.051352825876699,8.77469725,-1.7324462581851459,2.99698160932392,0.4595472315453532
ponticaulis,Proteobacteria,Bacteria,952,130.0,65.0,152.51199340820312,1.0460016927412614,7.909414587901631,3.4136534,-0.23520345256405534,-0.25130060871545573,0.1266866915868326
pseudoleptotrichia,Fusobacteria,Bacteria,427,79.0,59.0,277.4840087890625,0.383703604330731,9.622148436218644,2.2863916666666664,0.20254857814344507,-0.9343139072287503,0.2423209274644864
salinicoccus,Firmicutes,Bacteria,1159,122.0,55.0,356.5710144042969,1.1204624390741047,13.719240188127674,2.4782713571428574,1.249710830559656,-0.8180530811628134,0.132489251410708
streptobacillus,Fusobacteria,Bacteria,884,79.0,59.0,277.4840087890625,0.383703604330731,10.434821333211191,1.6291606206896552,0.4102569803035386,-1.3325333546952254,0.2143370560716949
sulfurospirillum,Proteobacteria,Bacteria,1488,43.0,63.0,416.53900146484375,0.9835479000447173,15.702665166873029,2.4836548181818183,1.7566479200875638,-0.8147912162623119,0.0845250200403809
tenacibaculum,Bacteroidetes,Bacteria,5710,57.0,55.0,416.53900146484375,1.1824718891603305,11.14017938283696,3.0520154866071425,0.590537132355751,-0.4704187574026526,0.0433838008318296
variibacter,Proteobacteria,Bacteria,78030,91.0,63.0,297.093994140625,0.14461995798831478,5.887764382427306,4.585781333333333,-0.7519104025062384,0.4588973358721287,0.473750621636708
acetanaerobacterium,Firmicutes,Bacteria,612,92.0,63.0,335.0920104980469,0.2678788722358405,8.52387387905731,2.346351,-0.07815581626329621,-0.8979842591748246,0.2677484640548389
acetomicrobium,Synergistetes,Bacteria,2588,51.0,55.0,335.697998046875,1.0295131612701747,11.203066075492751,1.963748125,0.6066101360168872,-1.1298051787954022,0.1924141178334138
agathobaculum,Firmicutes,Bacteria,553,122.0,55.0,356.5710144042969,1.1204624390741047,9.83880696032343,2.439320142857143,0.2579236202085944,-0.8416538089828867,0.1018985336138848
alkalibacterium,Firmicutes,Bacteria,407,80.0,61.0,245.48699951171875,0.36594049555510727,13.68870146381781,2.1185355,1.241905538105726,-1.0360187648324772,0.1716860037954161
alkalihalobacillus,Firmicutes,Bacteria,14655,80.0,59.0,347.3320007324219,0.4796487658424055,8.613427845140345,4.2956185,-0.05526701159041578,0.2830862814908835,0.3270195930873961
aurantimonas,Proteobacteria,Bacteria,1685,79.0,59.0,277.4840087890625,0.383703604330731,9.709228038697098,4.5317712000000006,0.22480496833250002,0.4261723366724672,0.4575655049774919
desulfocapsa,Proteobacteria,Bacteria,3986,57.0,61.0,416.53900146484375,0.8921050783823263,7.51796687293329,4.389484625,-0.3352522910403798,0.33996021747142224,0.0564499466749194
desulfococcus,Proteobacteria,Bacteria,363,61.0,65.0,347.3320007324219,0.5215856451169675,8.588111138746246,4.4247215,-0.061737625600720006,0.36131040927815006,0.1843376816836647
marinibacterium,Proteobacteria,Bacteria,3020,71.0,64.0,216.41900634765625,0.4257693547787759,7.037583313529901,6.110052,-0.4580319505035047,1.3824602539430857,0.0432691276908657
microvirga,Proteobacteria,Bacteria,41620,99.0,69.0,245.48699951171875,0.554084076088948,6.99744030159861,6.716741833333333,-0.4682919713519895,1.7500565379171364,0.3478248247764948
pandoraea,Proteobacteria,Bacteria,801,78.0,59.0,560.7440185546875,1.1232970603487797,8.142476140435855,5.526574376623376,-0.17563601422449632,1.0289283594710488,0.5571930021000934
parafilimonas,Bacteroidetes,Bacteria,28880,80.0,63.0,248.1009979248047,0.261597136142303,1.974128389413934,3.039316,-1.7521837987931252,-0.47811343733410117,0.5886047889730722
rhodobaculum,Proteobacteria,Bacteria,175,61.0,69.0,347.3320007324219,0.7151635189689701,14.16391461222874,2.541670222222222,1.3633637091696083,-0.7796394043037486,0.2313281865008408
salmonella,Proteobacteria,Bacteria,10684,91.0,66.0,217.97999572753903,0.3808345602388674,15.475139590594194,4.846482938711912,1.6984954037746387,0.6168576907320419,0.1836480408569124
sneathia,Fusobacteria,Bacteria,936,84.0,61.0,241.8249969482422,0.3227431343816148,4.5595710811483965,1.31591325,-1.091378975150063,-1.5223314411366928,0.224955254451604
streptacidiphilus,Actinobacteria,Bacteria,3945,90.0,53.0,523.5830078125,1.2696699135663971,2.586637683218984,9.66505675,-1.5956345559239848,3.5364547068089243,0.430151869159695
succinivibrio,Proteobacteria,Bacteria,1460,99.0,61.0,233.7469940185547,0.51116624068529,9.749961161311738,2.2564192447552447,0.2352158136364201,-0.9524743416237134,0.1811302977962852
syntrophorhabdus,Proteobacteria,Bacteria,8977,68.0,62.0,335.697998046875,0.46218474660040765,10.140463550088404,3.2542891000000003,0.3350230392897751,-0.3478602035190482,0.1946224109312789
ureibacillus,Firmicutes,Bacteria,441,80.0,57.0,558.260986328125,1.186019814190413,7.950653398893916,3.773274785714286,-0.22466336002511575,-0.03340428383417444,0.3862203809969345
aeromicrobium,Actinobacteria,Bacteria,37982,99.0,65.0,248.1009979248047,0.3529517797501424,13.953637444887937,3.51162915,1.3096196571645007,-0.191936631208711,0.3082644197935794
methylocystis,Proteobacteria,Bacteria,19864,91.0,63.0,291.7300109863281,0.1392461101930632,12.701595929270406,3.1492105576923075,0.9896144698260035,-0.411527797000041,0.4514719062383273
actinocatenispora,Actinobacteria,Bacteria,643,91.0,70.0,255.49099731445312,0.4660061120089271,2.8588839174485834,6.995737,-1.526052033219956,1.919101049426265,0.3472025737891058
anoxybacillus,Firmicutes,Bacteria,4463,76.0,65.0,252.6439971923828,0.2823057944092338,15.009065020834957,2.731682482758621,1.5793729320761243,-0.664510063007678,0.4084577184844581
chryseolinea,Bacteroidetes,Bacteria,61329,101.0,70.0,245.48699951171875,0.629368795778862,3.6102537286320486,5.262788,-1.3340118858374108,0.8690989268976234,0.533330016252208
limnoglobus,Planctomycetes,Bacteria,9197,63.0,60.0,356.302001953125,0.6857446233461181,4.873636904678222,5.334825,-1.0111079206829023,0.9127464911944356,0.561059696750274
pacificibacter,Proteobacteria,Bacteria,1722,66.0,60.0,342.3429870605469,0.6050678692997777,9.248101120792787,3.892691,0.10694705075537252,0.03895057396275728,0.0172335978705343
planktosalinus,Bacteroidetes,Bacteria,548,61.0,79.0,235.2030029296875,1.2119094908182357,5.699951918530588,2.807041222222222,-0.7999127745874317,-0.6188498408154127,0.3598703442711617
orientia,Proteobacteria,Bacteria,67,157.0,65.0,245.48699951171875,1.1403234878174275,2.9903106459295272,2.0064805,-1.4924611064461846,-1.1039134275374658,0.2776961907902944
kordiimonas,Proteobacteria,Bacteria,3883,70.0,63.0,258.31201171875,0.3665386910345603,5.907693580118616,4.062499125,-0.7468167641874097,0.14183813249599117,0.0480582054779071
nevskia,Proteobacteria,Bacteria,3366,79.0,56.0,374.0989990234375,0.7156335847376122,6.68246153959976,4.19007275,-0.5487963607702396,0.21913560462510298,0.3892325766727226
rhodopirellula,Planctomycetes,Bacteria,16386,63.0,70.0,347.3320007324219,0.7366677362050579,4.492367075649042,7.345793307692308,-1.1085554266506439,2.131201847592548,0.0779419413538587
acaryochloris,Cyanobacteria,Bacteria,1155,57.0,66.0,312.2059936523437,0.5222468980342206,6.338244675839647,6.153123142857143,-0.6367736207880884,1.4085572662727819,0.0641151121326881
caldithrix,Calditrichaeota,Bacteria,96,76.0,61.0,186.56399536132807,0.5900077377847991,6.8451919573021085,4.96699,-0.5072046266680141,0.6898734979670971,0.1063159948910675
draconibacterium,Bacteroidetes,Bacteria,3373,63.0,62.0,416.53900146484375,0.7630398562385862,5.60520723752366,4.995355,-0.8241282570748428,0.707059987705413,0.1019095613712213
morganella,Proteobacteria,Bacteria,491,81.0,59.0,277.4840087890625,0.35681335310381784,16.56007434260241,3.985489354368932,1.975790321104274,0.0951775425893835,0.3109495119825685
parvibaculum,Proteobacteria,Bacteria,20252,99.0,66.0,280.3710021972656,0.30808634235217913,10.541325059539762,3.6048599,0.43747791864376007,-0.13544767199240562,0.526575046022981
acidipropionibacterium,Actinobacteria,Bacteria,33,89.0,60.0,286.6839904785156,0.27212220006094895,9.888963607583824,3.3370534375,0.27074299329057794,-0.29771289390712286,0.3729363105195635
amphiplicatus,Proteobacteria,Bacteria,4714,63.0,70.0,353.89898681640625,0.7556462432672738,6.644200830778216,3.160651,-0.5585752899362612,-0.4045959780568732,0.2874962246189661
aneurinibacillus,Firmicutes,Bacteria,12339,101.0,60.0,379.58599853515625,0.6626554731083463,8.576934336386966,5.013446333333333,-0.0645942678831149,0.718021613465532,0.3761038924954203
brooklawnia,Actinobacteria,Bacteria,5616,78.0,63.0,280.3710021972656,0.1952274815082522,11.111971945974828,2.879776888888889,0.5833276860196578,-0.5747789510295414,0.2220656696240108
enterococcus,Firmicutes,Bacteria,7758,79.0,59.0,335.697998046875,0.45947177024138725,18.72240956977061,2.991067992146597,2.528454494637932,-0.5073471370297364,0.1974481463991197
fournierella,Firmicutes,Bacteria,1205,122.0,55.0,356.5710144042969,1.1204624390741047,7.367278478214958,2.7147066666666664,-0.37376624395654445,-0.6747957915133687,0.2220966143299848
lentibacter,Proteobacteria,Bacteria,82,72.0,64.0,16.95800018310547,0.9887640244867527,9.384746262028491,2.7704531666666665,0.14187173454148458,-0.6410187194105295,0.0213994942059787
malikia,Proteobacteria,Bacteria,1480,66.0,57.0,457.7330017089844,1.0837269635219586,8.832081861969108,3.849602,0.000618051919712714,0.012842741904435429,0.1336831675298473
mycoavidus,Proteobacteria,Bacteria,3650,80.0,63.0,260.2439880371094,0.22650404767591623,4.3681283880295805,2.518241,-1.140309185619847,-0.7938352825797556,0.6396681272267872
owenweeksia,Bacteroidetes,Bacteria,2471,163.0,83.0,80.5999984741211,2.5686160298453236,6.430833635073407,3.887520875,-0.6131091121631789,0.035817970392924205,0.3316010767743216
pseudogemmobacter,Proteobacteria,Bacteria,395,80.0,57.0,558.260986328125,1.186019814190413,6.648988416857724,4.963161,-0.5573516465017889,0.6875534884762455,0.278781991890965
sphingomicrobium,Proteobacteria,Bacteria,331,57.0,62.0,120.12100219726562,0.9890900692779289,8.79249683490097,2.5021334,-0.009499355406426433,-0.8035949547852518,0.3243699034869594
aminiphilus,Synergistetes,Bacteria,44,78.0,64.0,203.69900512695312,0.36841411878596525,6.307323717397837,3.170917,-0.6446766072110082,-0.39837575934883324,0.1094130022217869
barnesiella,Bacteroidetes,Bacteria,536,71.0,65.0,353.89898681640625,0.40611289604461764,6.2257360915259845,3.051847961538461,-0.6655293210994516,-0.470520261646397,0.1448648689380496
brachybacterium,Actinobacteria,Bacteria,1381,79.0,59.0,277.4840087890625,0.383703604330731,11.156020798556622,3.5855078367346938,0.5945859878783868,-0.14717318007364763,0.239784231640659
chitinimonas,Proteobacteria,Bacteria,6829,78.0,62.0,283.8729858398437,0.2335012613566505,5.104428959875615,4.8977075,-0.9521205357292559,0.6478948984502674,0.3554628821976143
desulfatitalea,Proteobacteria,Bacteria,2249,61.0,69.0,347.3320007324219,0.7151635189689701,7.588387642158956,4.6123105,-0.3172536774421192,0.47497148537619177,0.1105904928392305
desulfurispirillum,Chrysiogenetes,Bacteria,171,139.0,67.0,176.44400024414062,1.1946335618900636,10.541761528351389,2.940685,0.43758947427677203,-0.5378744339630395,0.5282167383153002
euzebyella,Bacteroidetes,Bacteria,787,57.0,65.0,314.0660095214844,0.4792278520035,5.326499918165592,4.318032545454546,-0.8953621473502783,0.2966670592874182,0.0851622457612906
geofilum,Bacteroidetes,Bacteria,608,63.0,66.0,223.9250030517578,0.5884844271571347,7.096141721304001,2.818433,-0.4430651989890772,-0.6119475079446578,0.2228025284558068
haloactinopolyspora,Actinobacteria,Bacteria,526,126.0,70.0,192.9320068359375,1.1173802029436526,3.792363408099477,5.537444,-1.2874670697372954,1.035514316482214,0.3619277862819525
hydrogenobacter,Aquificae,Bacteria,707,79.0,61.0,335.0920104980469,0.36093153693254476,15.110259564038792,1.654505,1.6052369137026483,-1.317177073540943,0.1237806472662348
kaistia,Proteobacteria,Bacteria,7196,80.0,57.0,558.260986328125,1.186019814190413,6.1795900884782125,5.178337,-0.6773236267722486,0.8179296603758355,0.3519557071958934
kerstersia,Proteobacteria,Bacteria,2988,81.0,65.0,283.8729858398437,0.12482878252416955,9.1296872067722,3.833647222222222,0.07668202657927464,0.003175665417395313,0.5031514466997647
kineococcus,Actinobacteria,Bacteria,17478,99.0,66.0,248.1009979248047,0.40134624821314313,4.337780039849739,4.841186,-1.1480658204626735,0.6136482501250702,0.410547249247016
marinilactibacillus,Firmicutes,Bacteria,73,63.0,65.0,560.7440185546875,1.1114534371695155,10.940455917451656,2.559308333333333,0.5394904664430834,-0.7689523880649194,0.1339765270649861
methylovirgula,Proteobacteria,Bacteria,8566,62.0,58.0,295.1090087890625,0.6191317064539285,6.978883718446342,3.295656,-0.4730347876196075,-0.3227958001220469,0.4369321780645275
novosphingobium,Proteobacteria,Bacteria,55569,79.0,63.0,277.4840087890625,0.19012573047872824,8.463956388901686,4.371478100775193,-0.09346993118914704,0.32904997795750107,0.4489700042625262
pelosinus,Firmicutes,Bacteria,8553,80.0,57.0,558.260986328125,1.186019814190413,5.063873295657683,5.1344096666666665,-0.9624860250231915,0.7913138781242959,0.6549004721939029
psychroflexus,Bacteroidetes,Bacteria,34,156.0,81.0,148.3489990234375,2.181917455432301,7.884708103870408,2.7902110909090907,-0.24151810184067113,-0.629047298213884,0.1349319738581857
reinekea,Proteobacteria,Bacteria,5341,63.0,67.0,353.89898681640625,0.6104628378782718,8.388092521950993,3.099632,-0.11285972829488071,-0.4415676832337567,0.0630748183169263
rhodobium,Proteobacteria,Bacteria,707,101.0,65.0,162.90899658203125,0.62604584174365,7.378338479724423,5.150211,-0.37093945442053233,0.8008879818854466,0.3787869379769167
ruminobacter,Proteobacteria,Bacteria,517,99.0,61.0,233.7469940185547,0.51116624068529,6.959916612010851,2.442558,-0.4778825281876709,-0.8396919757884623,0.2249960362634488
saccharopolyspora,Actinobacteria,Bacteria,4394,90.0,63.0,262.1969909667969,0.21115104042580027,5.6230683971105,7.469231571428572,-0.8195631818370219,2.2059936844696444,0.3185551656770693
shimwellia,Proteobacteria,Bacteria,153,91.0,64.0,213.19000244140625,0.31783127710214476,11.394882061455387,4.12465875,0.6556357551811343,0.17950094783884546,0.3233798784500552
thermosipho,Thermotogae,Bacteria,49,99.0,81.0,189.96600341796875,1.2952726769902443,10.581387367466382,1.8901113157894736,0.447717312620203,-1.1744220751768244,0.0577542624474705
winogradskyella,Bacteroidetes,Bacteria,10577,77.0,79.0,178.0070037841797,1.1620831980687605,7.7409781201177985,3.487931315789474,-0.2782535773046997,-0.20629526277858665,0.049956426792804
acinetobacter,Proteobacteria,Bacteria,34616,91.0,62.0,280.3710021972656,0.22046797097363688,16.95406023088738,3.8928728045780656,2.076487882979586,0.03906073022982237,0.2569934734607408
acuticoccus,Proteobacteria,Bacteria,1920,79.0,69.0,347.3320007324219,0.4731512579267516,7.126323609335199,6.174291599999999,-0.4353511091500597,1.4213833361286494,0.2772545318797952
anaerovibrio,Firmicutes,Bacteria,790,99.0,61.0,233.7469940185547,0.51116624068529,11.16988271652855,2.148634914893617,0.5981289100595972,-1.0177813847796495,0.0782265219736035
arthrobacter,Actinobacteria,Bacteria,26384,91.0,63.0,291.7300109863281,0.1392461101930632,9.31972602197083,4.50657024691358,0.125253424492729,0.41090295815614264,0.3488958137948422
geobacter,Proteobacteria,Bacteria,30916,76.0,62.0,385.8169860839844,0.49946698580030047,10.989146741991608,3.548956157894737,0.5519351947002675,-0.16932001784206435,0.1870235955227984
geodermatophilus,Actinobacteria,Bacteria,28948,71.0,63.0,353.89898681640625,0.4260555295737281,5.6713214037087605,5.46609825,-0.807230354032581,0.9922855838805058,0.4031428440500597
kitasatospora,Actinobacteria,Bacteria,1775,76.0,58.0,365.4580078125,0.6342076688979047,3.4405919831594494,8.719429722222221,-1.3773751752866088,2.96349474879105,0.4074000448537305
leptospirillum,Nitrospirae,Bacteria,506,68.0,63.0,361.5750122070313,0.4885745231025835,6.337062826829064,1.89362175,-0.637075685703125,-1.1722950862278998,0.2194287408267406
psychromonas,Proteobacteria,Bacteria,6101,57.0,63.0,416.53900146484375,0.7953161414563249,12.324440162305628,4.138119,0.8932184634972271,0.18765657796400537,0.0722609881292283
rickettsia,Proteobacteria,Bacteria,23284,91.0,61.0,283.8729858398437,0.25874175082203515,9.131726745776886,1.3140997682119204,0.0772033056687758,-1.5234302384623213,0.4778088235430064
robiginitalea,Bacteroidetes,Bacteria,5411,69.0,65.0,258.31201171875,0.3600411831189065,7.001507268925949,2.570875,-0.4672525085025146,-0.761944089176388,0.0623584865856656
tabrizicola,Proteobacteria,Bacteria,8434,63.0,60.0,353.89898681640625,0.678799939870383,12.58978668757307,3.415466923076923,0.9610375122018118,-0.2502017863727187,0.1131720422667886
thermoanaerobaculum,Acidobacteria,Bacteria,3980,64.0,64.0,371.6130065917969,0.5229702344226129,5.590995143222326,2.5040265,-0.8277606796763631,-0.8024479164026109,0.1904313687283694
wenxinia,Proteobacteria,Bacteria,1292,79.0,67.0,192.9320068359375,0.5113262544678291,8.1396015074542,4.177108666666666,-0.17637073224650232,0.21128060426638604,0.4716134067901192
acidothermus,Actinobacteria,Bacteria,19117,79.0,63.0,248.1009979248047,0.2750422617557596,7.732568658102545,2.19849325,-0.2804029241386823,-0.9875719800669625,0.6100101558853356
alcanivorax,Proteobacteria,Bacteria,8742,82.0,69.0,181.5829925537109,0.6005783228721729,13.067264850807476,3.5202470084745765,1.0830745909807096,-0.18671502936701995,0.1729655386880221
blastococcus,Actinobacteria,Bacteria,21048,98.0,66.0,248.1009979248047,0.3879011225996865,6.727636567177951,4.459218285714285,-0.5372502235352848,0.38221217743198177,0.3829855511309066
bordetella,Proteobacteria,Bacteria,2499,101.0,65.0,277.4840087890625,0.2949254997000242,13.68364881650087,4.16555560321489,1.2406141485383317,0.20428054763109363,0.2960708447689271
crossiella,Actinobacteria,Bacteria,2292,126.0,70.0,192.9320068359375,1.1173802029436526,3.209025544796016,9.9718745,-1.4365604822955784,3.7223570551927847,0.2423005817501391
dietzia,Actinobacteria,Bacteria,9702,79.0,59.0,309.7279968261719,0.3844187938425343,13.81347180615256,3.5472617375,1.2737951809610804,-0.17034667529760952,0.1762396739684411
dolosigranulum,Firmicutes,Bacteria,803,79.0,59.0,277.4840087890625,0.383703604330731,12.979965197614858,1.926045225806452,1.0607619587508503,-1.1526495465054207,0.2079001024317492
edwardsiella,Proteobacteria,Bacteria,1471,79.0,59.0,277.4840087890625,0.383703604330731,10.925096637351873,3.8443595873015872,0.535564838383305,0.009666338870933298,0.2755942073603751
filifactor,Firmicutes,Bacteria,94,99.0,61.0,233.7469940185547,0.51116624068529,7.523192929058441,1.860912,-0.33391658048405237,-1.1921140808592372,0.1144553872612212
haemophilus,Proteobacteria,Bacteria,1434,79.0,59.0,277.4840087890625,0.383703604330731,20.38391117284727,1.8642153450226244,2.953112243701086,-1.1901125682439206,0.1146422288794734
ketogulonicigenium,Proteobacteria,Bacteria,1018,57.0,60.0,416.53900146484375,0.9404995468453271,9.744122486762924,3.181405,0.2337235259450809,-0.392021029774518,0.3290580311734318
neisseria,Proteobacteria,Bacteria,1896,79.0,59.0,277.4840087890625,0.383703604330731,20.88448119019456,2.154709977719144,3.0810512937878136,-1.0141004750348745,0.1195360804717098
oceanisphaera,Proteobacteria,Bacteria,930,122.0,55.0,356.5710144042969,1.1204624390741047,11.376209318236324,2.98869325,0.6508632499427652,-0.5087860047023485,0.1032413750220169
rivicola,Proteobacteria,Bacteria,1958,69.0,61.0,280.3710021972656,0.41302254895536294,6.785838660442876,3.684143,-0.5223745412784159,-0.08740966090226358,0.1074171158162477
roseburia,Firmicutes,Bacteria,4627,57.0,57.0,335.697998046875,0.8520534706634336,7.717489464104833,3.368971233576642,-0.2842569659096304,-0.2783737479617368,0.1178798646869575
saccharospirillum,Proteobacteria,Bacteria,746,61.0,69.0,347.3320007324219,0.7151635189689701,5.67151630824259,3.7027135,-0.8071805390215904,-0.0761577057573527,0.1803257873413186
telmatospirillum,Proteobacteria,Bacteria,7378,83.0,56.0,457.7330017089844,0.9035542965561972,3.8997295050122087,6.154273,-1.2600257209259373,1.4092539702384523,0.2962304340507981
vannielia,Proteobacteria,Bacteria,2543,61.0,69.0,347.3320007324219,0.7151635189689701,7.750309151220587,4.257894666666667,-0.27586868964813,0.2602292296850219,0.0842091653401154
aeromonas,Proteobacteria,Bacteria,5331,79.0,59.0,277.4840087890625,0.383703604330731,11.896951288536997,4.707088281848929,0.7839579833701108,0.5323977986202234,0.1644945576698541
caminicella,Firmicutes,Bacteria,226,98.0,61.0,314.4989929199219,0.3858250014400482,7.269192536073873,2.4762035,-0.39883570842605914,-0.8193060057376776,0.1724265228058833
geminicoccus,Proteobacteria,Bacteria,1952,80.0,59.0,286.6839904785156,0.3436706475215657,6.39355586400516,5.6306695,-0.6226368154904702,1.0920000946983033,0.3733987866426746
halorhodospira,Proteobacteria,Bacteria,646,57.0,65.0,353.89898681640625,0.5943446546330099,11.902938676853466,2.7724246,0.7854882803259072,-0.6398242184849836,0.1770635903633798
lacimicrobium,Proteobacteria,Bacteria,29,148.0,81.0,109.13999938964844,2.1876699655733676,5.561458167986162,4.315415,-0.8353099383678366,0.2950810759243251,0.1961494407048046
lewinella,Bacteroidetes,Bacteria,5366,57.0,70.0,335.7959899902344,0.7839995641532836,3.0982454544866376,5.4869765,-1.4648744024896254,1.0049358158346393,0.071698489429352
macrococcus,Firmicutes,Bacteria,1514,122.0,55.0,356.5710144042969,1.1204624390741047,15.278334286997104,2.029017,1.6481945812689773,-1.0902584539436861,0.0883508987411244
metabacillus,Firmicutes,Bacteria,3812,92.0,66.0,182.1959991455078,0.49769498522423167,7.204557333788092,5.413240285714285,-0.4153556079326833,0.9602586894407135,0.3360929857246137
methylovorus,Proteobacteria,Bacteria,11565,87.0,68.0,248.1009979248047,0.3367936777776654,6.778136127793172,2.9506636666666664,-0.5243432063528592,-0.531828311901741,0.3972052465762758
nannocystis,Proteobacteria,Bacteria,26587,80.0,63.0,283.8729858398437,0.15821654166673663,2.530713431720171,10.27378275,-1.6099280520696106,3.9052847139461053,0.4388854312861249
nitratiruptor,Proteobacteria,Bacteria,92,83.0,61.0,356.0469970703125,0.3677106817148054,9.331632211342807,1.928923,0.1282964884110912,-1.1509058892994766,0.1181472426550937
ochrobactrum,Proteobacteria,Bacteria,2838,80.0,64.0,248.1009979248047,0.2132026676793023,9.940775428605296,4.828597159722222,0.2839854068092281,0.6060206113360227,0.4490823481707068
paracnuella,Bacteroidetes,Bacteria,471,92.0,80.0,62.44300079345703,1.5213022004848982,3.067017397145016,4.890745,-1.4728558793138138,0.6436762862590801,0.2964073253894973
propionibacterium,Actinobacteria,Bacteria,622,57.0,56.0,309.7279968261719,0.8253949627275815,10.91302829267148,2.6573742156862745,0.5324803297211386,-0.709533798932618,0.3005470105489847
proteiniphilum,Bacteroidetes,Bacteria,5700,107.0,63.0,280.3710021972656,0.3871955123259416,8.96794704031176,3.0107225074626864,0.03534338754636291,-0.4954383717982348,0.2255195592590325
pseudoalteromonas,Proteobacteria,Bacteria,8323,65.0,55.0,457.7330017089844,1.1939610260614166,9.889508315843427,4.651394036072144,0.27088221348933733,0.49865238760220976,0.0536242390424967
pseudofulvimonas,Proteobacteria,Bacteria,2732,107.0,70.0,152.25900268554688,0.9794672859484628,6.265603488688023,3.511234,-0.6553397437264968,-0.19217605449163352,0.3301198532741041
singulisphaera,Planctomycetes,Bacteria,50898,76.0,63.0,295.1090087890625,0.1889276055505327,2.976849299621781,9.7418435,-1.4959016478286435,3.58298016744399,0.449287259699033
sporolactobacillus,Firmicutes,Bacteria,99,122.0,65.0,245.48699951171875,0.669744091346447,11.416677545985165,3.1532816666666665,0.661206391636144,-0.4090610925187652,0.3420426404047709
sulfuricurvum,Proteobacteria,Bacteria,8285,71.0,66.0,353.89898681640625,0.4545073645076183,13.397101053402892,2.015361375,1.1673763449449188,-1.0985324627197408,0.1784902421134058
thalassobaculum,Proteobacteria,Bacteria,5916,57.0,55.0,457.7330017089844,1.3015220309690694,6.317049256521588,5.223958,-0.6421908885423834,0.845571643395462,0.2259388017794622
caenispirillum,Proteobacteria,Bacteria,1185,69.0,70.0,353.89898681640625,0.6749754895865343,8.924340335073282,3.9218585,0.024198092677948608,0.056623302305515155,0.5110400565909022
mesobacillus,Firmicutes,Bacteria,13744,76.0,60.0,416.53900146484375,0.6850421601896518,5.93001540771744,4.5531079000000005,-0.7411116014325021,0.4391003456835557,0.3172658735740261
rhizomicrobium,Proteobacteria,Bacteria,45392,91.0,63.0,283.8729858398437,0.16195281389603378,12.431111067879035,3.459063294117647,0.9204821306326969,-0.22378653576389715,0.3909541094036116
cycloclasticus,Proteobacteria,Bacteria,4982,63.0,63.0,283.8729858398437,0.3867836770954987,15.134403557918358,2.1804625384615384,1.6114077979649957,-0.9984968747903998,0.0398280044609892
neptunomonas,Proteobacteria,Bacteria,5014,69.0,66.0,277.7900085449219,0.3521444861072514,12.068903225267391,3.977163384615385,0.8279066152966549,0.0901327975257183,0.0647475382747681
porticoccus,Proteobacteria,Bacteria,18339,63.0,64.0,353.89898681640625,0.4852220660183802,17.122153532745525,1.8689237857142855,2.11945029906603,-1.1872597014139998,0.1307887854962714
ralstonia,Proteobacteria,Bacteria,4579,81.0,65.0,353.89898681640625,0.2716616399100517,7.858392782036095,5.4718568023598815,-0.24824394869832012,0.9957747184139328,0.4481516939537776
salinicola,Proteobacteria,Bacteria,294,69.0,74.0,176.44400024414062,1.0321889212038773,9.227631350764469,4.226436722222222,0.1017152493246849,0.2411687100522714,0.1368885092102615
halobacteriovorax,Proteobacteria,Bacteria,44,88.0,62.0,257.9280090332031,0.24499256167609476,6.303790242136148,3.965868,-0.6455797165719747,0.08328886973503806,0.0849148862855706
bombilactobacillus,Firmicutes,Bacteria,40,76.0,66.0,346.6440124511719,0.3663149519114944,10.87520398162205,1.7470936666666668,0.5228129380313729,-1.261077155700258,0.1141606386167138
alicyclobacillus,Firmicutes,Bacteria,8470,72.0,58.0,361.5750122070313,0.6767663629637605,9.489053552615706,3.266922230769231,0.16853129306951767,-0.3402057289085004,0.3367781751044016
aquicella,Proteobacteria,Bacteria,20171,81.0,60.0,323.8489990234375,0.34994359262867825,4.656340713762708,2.577131,-1.0666459419182164,-0.7581535487285507,0.4087249757380805
catonella,Firmicutes,Bacteria,26,78.0,52.0,410.9079895019531,1.0290341030245682,9.8115894494577,2.4460868571428573,0.25096718581338195,-0.8375538242963524,0.3036275797414783
christensenella,Firmicutes,Bacteria,72,125.0,60.0,182.2830047607422,1.057864255791343,8.548887369961257,2.690408588235294,-0.07176270010631385,-0.6895181139396538,0.2395733144666246
cyclobacterium,Bacteroidetes,Bacteria,184,148.0,81.0,84.85700225830078,2.2578475214041913,3.801339719615544,6.050498428571428,-1.2851728436972816,1.3463764589761473,0.1913557296984343
halothiobacillus,Proteobacteria,Bacteria,886,65.0,58.0,338.34600830078125,0.7037507135711265,10.703961812623684,2.3355838181818185,0.4790457133131531,-0.9045081463536985,0.1610268002108115
ileibacterium,Firmicutes,Bacteria,117,106.0,79.0,148.3489990234375,1.4128722378334697,3.385322801343334,2.65853525,-1.3915012443190629,-0.708830322665434,0.4393352450155696
jejuia,Bacteroidetes,Bacteria,94,42.0,62.0,216.41900634765625,0.9124669344950186,6.325618285962395,3.9521828333333335,-0.6400007583930952,0.0749969615212603,0.0096172732742805
knoellia,Actinobacteria,Bacteria,673,79.0,59.0,277.4840087890625,0.383703604330731,7.857919829011664,3.563284,-0.24836482921170372,-0.1606387094932431,0.4222772773154172
lachnotalea,Firmicutes,Bacteria,99,87.0,64.0,273.79998779296875,0.08888868045098591,6.236928553254765,4.48938925,-0.6626686764901305,0.40049290960513684,0.0919182536998234
magnetospirillum,Proteobacteria,Bacteria,11021,91.0,66.0,283.8729858398437,0.19040464882992394,10.343752105673625,3.9637454166666655,0.38698089492185095,0.08200278629851157,0.2884017549600718
mailhella,Proteobacteria,Bacteria,610,68.0,61.0,242.20599365234372,0.5367640685212605,11.706668537624322,2.733484756756757,0.7353242387270171,-0.6634180565358077,0.1142562075086601
marinicaulis,Proteobacteria,Bacteria,667,57.0,83.0,80.5999984741211,1.906068602556653,7.558133902236363,2.9107714,-0.32498613167055956,-0.5559992278793482,0.2639544972179574
pseudovibrio,Proteobacteria,Bacteria,290,61.0,69.0,347.3320007324219,0.7151635189689701,7.87550058650603,5.7139225,-0.24387142102566395,1.142443487266046,0.1017580412093309
ruania,Actinobacteria,Bacteria,98,122.0,55.0,356.5710144042969,1.1204624390741047,7.493300228557365,4.2704815,-0.3415567578300746,0.2678556524567905,0.2520088255844055
syntrophomonas,Firmicutes,Bacteria,2632,53.0,57.0,388.6099853515625,1.0587489499263214,7.634862206006906,2.7505408,-0.3053753959912818,-0.6530837180138169,0.187566567991044
thiogranum,Proteobacteria,Bacteria,8634,63.0,63.0,335.7959899902344,0.4812991016866511,7.531685532044542,2.7882205,-0.3317459839218302,-0.6302534068065959,0.0550431819908224
yoonia,Proteobacteria,Bacteria,781,65.0,60.0,216.41900634765625,0.7000179823115182,14.803794110809008,3.309962272727273,1.5269084129698238,-0.3141275607629487,0.0542680697816614
aliarcobacter,Proteobacteria,Bacteria,8332,69.0,63.0,309.7279968261719,0.3252921761250975,19.646030572168964,2.1887373045685283,2.76451975941989,-0.9934831542621169,0.123852833779948
alteribacillus,Firmicutes,Bacteria,51,61.0,69.0,347.3320007324219,0.7151635189689701,6.84698852861961,4.6735875,-0.5067454468933399,0.5120995139922602,0.1601763960400038
azoarcus,Proteobacteria,Bacteria,3320,57.0,66.0,310.7950134277344,0.5181691829583958,9.791414316761228,4.902254,0.24581068977265055,0.6506496446373026,0.3046582148263519
brevibacterium,Actinobacteria,Bacteria,977,122.0,55.0,356.5710144042969,1.1204624390741047,11.640930325096262,3.607959057142857,0.7185224244477484,-0.1335698777941636,0.1404499860368636
cetia,Proteobacteria,Bacteria,55,72.0,56.0,193.77099609375,0.8649324412193202,13.648474634606597,1.68517,1.2316240946733816,-1.298597002755628,0.0208987374585615
crenobacter,Proteobacteria,Bacteria,7909,91.0,63.0,283.8729858398437,0.16195281389603378,10.373765082743326,2.9883075,0.39465181336183464,-0.5090197324801223,0.2892145227091043
crocosphaera,Cyanobacteria,Bacteria,2968,57.0,55.0,457.7330017089844,1.3015220309690694,6.741724533135576,5.48821,-0.5336495264902954,1.0056831994091926,0.2112485332092188
cyanobacterium,Cyanobacteria,Bacteria,2243,63.0,70.0,353.89898681640625,0.7556462432672738,8.051056820482604,3.353597,-0.19900157857926082,-0.28768906992892984,0.1265131744686696
dendrosporobacter,Firmicutes,Bacteria,1132,80.0,66.0,246.7969970703125,0.29381751711993637,5.073400631590061,4.1392355,-0.9600509644586275,0.18833307067660304,0.2053124903431059
dinoroseobacter,Proteobacteria,Bacteria,168,91.0,66.0,312.2059936523437,0.21674528115401612,9.906478282816268,3.83587375,0.27521951172788145,0.004524729292059887,0.181555022965304
dokdonia,Bacteroidetes,Bacteria,6456,63.0,63.0,312.2059936523437,0.4131243094195909,6.436092917135712,3.573596636363636,-0.6117649094984743,-0.15439023358847975,0.0419339659308085
dyadobacter,Bacteroidetes,Bacteria,5819,79.0,61.0,277.4840087890625,0.2869146674047296,3.3759207846506447,6.516740588235295,-1.393904274949896,1.628874822897646,0.3684019229765555
flavisolibacter,Bacteroidetes,Bacteria,53183,99.0,66.0,245.48699951171875,0.408900670699946,3.7088270132366064,4.0444054,-1.3088178631049505,0.13087505761355067,0.3411065564374938
glycomyces,Actinobacteria,Bacteria,2784,150.0,83.0,80.5999984741211,2.393829396870388,5.685148672368779,5.45280375,-0.8036962877554364,0.9842303824764501,0.2391735157679187
haliea,Proteobacteria,Bacteria,3143,97.0,83.0,80.5999984741211,1.6812377393571882,7.691219050136721,3.770533619047619,-0.29097133491294525,-0.035065169883449473,0.1206421653659983
kaistella,Bacteroidetes,Bacteria,1088,63.0,65.0,560.7440185546875,1.1114534371695155,9.559269795379375,2.719873019230769,0.18647763241970355,-0.671665473680565,0.2141860820761683
kushneria,Proteobacteria,Bacteria,250,107.0,72.0,181.5829925537109,0.9915102615326908,9.894922111502169,3.63822975,0.2722659077777279,-0.11522871960057987,0.1732490129716987
maricaulis,Proteobacteria,Bacteria,7631,61.0,69.0,347.3320007324219,0.7151635189689701,8.762569160494834,3.0812880909090907,-0.017148471618213763,-0.4526823458585237,0.0853602869010483
marvinbryantia,Firmicutes,Bacteria,752,118.0,56.0,309.7279968261719,0.882911737410705,4.317629217715058,3.242520210526316,-1.1532161030465964,-0.35499103017763634,0.1361794566410275
nereida,Proteobacteria,Bacteria,36,69.0,51.0,422.6489868164063,1.2323660363529434,10.610029111724703,2.733263,0.4550377621602206,-0.663552420019834,0.0247133089081926
paramuribaculum,Bacteroidetes,Bacteria,157,76.0,61.0,217.8350067138672,0.4996349088786773,13.32590253137015,2.251254647058824,1.1491789480558277,-0.9556035961737596,0.2944451539354563
paraprevotella,Bacteroidetes,Bacteria,2843,108.0,55.0,356.5710144042969,0.9322306804857123,7.360743110636237,3.260540361111111,-0.375436597135946,-0.34407253438674995,0.2209531382196257
pararhodobacter,Proteobacteria,Bacteria,585,57.0,57.0,416.53900146484375,1.0856829522343292,11.655294225014645,3.346118875,0.7221936465493785,-0.2922201017841861,0.0890798080798684
pedococcus,Actinobacteria,Bacteria,42,68.0,79.0,246.7969970703125,1.0842871145004245,6.243726163274595,4.324340833333333,-0.6609312976247206,0.30048928121215357,0.3865477250820139
pelagibacterium,Proteobacteria,Bacteria,3324,80.0,65.0,277.4840087890625,0.1567379713361611,11.302693155490898,3.715928533333333,0.63207349486012,-0.06815065358831246,0.2721350678754114
photorhabdus,Proteobacteria,Bacteria,24,117.0,64.0,176.44400024414062,0.773600026534127,8.300028988589387,5.3011863043478265,-0.13536759815347024,0.8923646439306803,0.1326942392329069
planifilum,Firmicutes,Bacteria,1969,150.0,78.0,141.58599853515625,1.9756082825841144,8.426171188382453,3.204302333333333,-0.10312732674668652,-0.37814742553097375,0.4608259233496968
planktomarina,Proteobacteria,Bacteria,2931,65.0,60.0,216.41900634765625,0.7000179823115182,18.13805480385984,2.315573552631579,2.3791011752752045,-0.9166324623607555,0.0189253523886207
thiothrix,Proteobacteria,Bacteria,4141,63.0,64.0,283.8729858398437,0.338389208632498,7.482556512824611,3.742036555555556,-0.34430270892106196,-0.05233167752591301,0.0980191144655198
tyzzerella,Firmicutes,Bacteria,618,122.0,55.0,356.5710144042969,1.1204624390741047,7.557111690804553,2.117211,-0.325247395340059,-1.0368212857441077,0.1895513178965087
allobranchiibius,Actinobacteria,Bacteria,31,122.0,55.0,356.5710144042969,1.1204624390741047,4.69485512919827,3.620985,-1.056802168710256,-0.12567739645285622,0.1454474784348472
arhodomonas,Proteobacteria,Bacteria,231,80.0,62.0,558.260986328125,0.9440474718754096,6.02648111131325,3.9824235,-0.7164562484223493,0.09331992670181714,0.179074561572047
belnapia,Proteobacteria,Bacteria,4622,79.0,63.0,248.1009979248047,0.2750422617557596,4.159602621514679,6.0101895,-1.1936056028281794,1.3219530855491999,0.4511508040502647
clostridium,Firmicutes,Bacteria,74504,76.0,60.0,355.3680114746094,0.5082587696532063,11.236019983781532,4.538973771283355,0.6150327174280839,0.43053640920731145,0.237434472104235
cnuella,Bacteroidetes,Bacteria,3533,99.0,65.0,245.48699951171875,0.36050620223694524,2.8180410282115846,5.677703,-1.5364909334151184,1.1204979182522286,0.3461245957700058
croceibacterium,Proteobacteria,Bacteria,10822,100.0,70.0,192.9320068359375,0.7678069369937811,9.225811624302985,3.034963333333333,0.10125015140265248,-0.4807507389734801,0.331279107298033
cypionkella,Proteobacteria,Bacteria,30523,62.0,59.0,353.89898681640625,0.7406395339468403,6.382107797468579,4.543953333333333,-0.6255627892948575,0.43355354977044386,0.1974673797141172
edaphobacter,Acidobacteria,Bacteria,10930,80.0,52.0,559.1749877929688,1.430633609225671,4.355446827764746,5.0511465,-1.1435504240433918,0.740864325524389,0.3870713410422929
mesoflavibacter,Bacteroidetes,Bacteria,2057,63.0,63.0,178.0070037841797,0.6927350317042533,5.265380835593372,3.038716571428572,-0.9109833733435982,-0.47847663398461054,0.0095080736431207
neobacillus,Firmicutes,Bacteria,27684,91.0,66.0,260.2439880371094,0.2586921548391035,7.928400448350015,5.549669228571429,-0.23035091871930424,1.042921641191942,0.3410633934212305
pelistega,Proteobacteria,Bacteria,86,82.0,68.0,176.44400024414062,0.5670354774509373,11.458209998434045,2.356389,0.671821535032548,-0.8919021867618785,0.3328275319880838
rubrobacter,Actinobacteria,Bacteria,17648,99.0,74.0,120.12100219726562,1.1583625714802723,8.401713529474335,3.3326535,-0.10937837962562635,-0.30037883717146185,0.1917892200363266
thalassolituus,Proteobacteria,Bacteria,3544,57.0,55.0,457.7330017089844,1.3015220309690694,8.213746507902856,3.6524136666666656,-0.15742025459634024,-0.10663461636628481,0.123672416810274
thermobispora,Actinobacteria,Bacteria,2999,80.0,70.0,333.43701171875,0.4679442575538674,6.852697833715372,4.085982,-0.5052862243164903,0.15606651924775009,0.3194509477130937
acidaminococcus,Firmicutes,Bacteria,2493,116.0,63.0,280.3710021972656,0.5082016428470509,9.788965880954937,2.247428407407407,0.24518490208980986,-0.9579219331561469,0.1323136374070082
amphritea,Proteobacteria,Bacteria,6088,63.0,65.0,416.53900146484375,0.6947027542464749,9.254230618521396,4.3223474375,0.1085136689900456,0.2992814731023712,0.0810184851738755
butyricicoccus,Firmicutes,Bacteria,634,122.0,61.0,233.7469940185547,0.8204041297947917,8.812620523463305,2.4964197586206898,-0.004356007803327424,-0.8070568775398413,0.0884340104570959
cardiobacterium,Proteobacteria,Bacteria,2275,57.0,59.0,416.53900146484375,0.9888940153083278,11.21271096973453,2.5863504444444443,0.609075242924447,-0.7525674430582734,0.2856660466454954
coprococcus,Firmicutes,Bacteria,3754,57.0,57.0,335.697998046875,0.8520534706634336,7.256075831504806,2.7563107751937985,-0.402188163956112,-0.6495876623304552,0.0910467856019756
mucispirillum,Deferribacteres,Bacteria,120,79.0,71.0,244.56900024414065,0.5556738678112548,9.17342490838224,2.289221333333333,0.08786080238094823,-0.9325993986044063,0.3789234300831258
nocardia,Actinobacteria,Bacteria,4294,113.0,70.0,190.4459991455078,0.9497781008792677,6.488347152576545,7.397877898832684,-0.5984094207284183,2.1627601515290356,0.4622578458033106
oceanispirochaeta,Spirochaetes,Bacteria,1153,43.0,62.0,416.53900146484375,1.031942368507718,4.59385240462652,5.87742,-1.082617124041302,1.2415074078015762,0.0543644446372931
pelomonas,Proteobacteria,Bacteria,24923,68.0,70.0,353.89898681640625,0.6884206151999909,5.757982455591971,4.8628144,-0.7850809398183406,0.6267530015672064,0.4523122872914463
providencia,Proteobacteria,Bacteria,601,81.0,65.0,260.2439880371094,0.19311628853334914,11.634820365068204,4.469342746031746,0.7169607997899231,0.38834663656655,0.2794242134787442
pyramidobacter,Synergistetes,Bacteria,103,150.0,83.0,66.49600219726562,2.434589768450674,9.644155993117732,2.3848639545454544,0.20817341748024734,-0.8746490750363553,0.2808304008143888
trichodesmium,Cyanobacteria,Bacteria,821,80.0,79.0,216.41900634765625,1.0107376176735665,4.068844446167982,6.635790666666667,-1.2168021873998942,1.7010078372218655,0.096557052311314
tropicimonas,Proteobacteria,Bacteria,644,93.0,68.0,64.48500061035156,0.9481123507934036,7.042782121341576,5.395595,-0.45670320425431093,0.9495673260753613,0.0747815559638995
ulvibacter,Bacteroidetes,Bacteria,15088,57.0,63.0,416.53900146484375,0.7953161414563249,4.445964208680484,3.8236925,-1.1204153833310686,-0.002855948590008356,0.0407123597774942
agrobacterium,Proteobacteria,Bacteria,42843,79.0,63.0,277.4840087890625,0.19012573047872824,11.042533959974376,5.433535474509804,0.5655802587648012,0.9725556418105836,0.3274516103789065
escherichia,Proteobacteria,Bacteria,8627,90.0,63.0,268.5400085449219,0.19281979952431694,11.746572079235,4.767348263157895,0.745523054141134,0.56890961072661,0.2222797933689307
lichenihabitans,Proteobacteria,Bacteria,3290,80.0,59.0,287.0929870605469,0.3424886525513871,6.550320361612619,4.5799286666666665,-0.5825698913516506,0.4553511770281854,0.4992134709929916
lysobacter,Proteobacteria,Bacteria,49159,99.0,70.0,231.21099853515625,0.6437360075477452,5.098670324812934,5.295498292682927,-0.9535923663906684,0.8889182503431529,0.40467431747409
proteus,Proteobacteria,Bacteria,523,122.0,55.0,356.5710144042969,1.1204624390741047,14.229345608606254,4.005806139498433,1.3800870030798773,0.10748758028174178,0.2321384148660685
rhodovastum,Proteobacteria,Bacteria,22384,80.0,54.0,549.9719848632812,1.3072481097577402,4.407278537868818,7.2607165,-1.1303029271393077,2.0796534011842094,0.3924201519452251
intestinibaculum,Firmicutes,Bacteria,89,99.0,61.0,233.7469940185547,0.51116624068529,6.547462930106364,2.4436946296296296,-0.583300212904938,-0.8390032864365887,0.0824545938231895
lachnoanaerobaculum,Firmicutes,Bacteria,185,79.0,59.0,277.4840087890625,0.383703604330731,11.50708591967076,2.7808952,0.6843135715477932,-0.6346918412603273,0.1805595487839113
hydrogenobaculum,Aquificae,Bacteria,125,77.0,65.0,186.0319976806641,0.46136850831208465,9.659900657581638,1.552811,0.21219754466653235,-1.3787939565816025,0.0848207125813329
actinoplanes,Actinobacteria,Bacteria,2462,99.0,74.0,120.12100219726562,1.1583625714802723,4.713156367943342,9.759913826086954,-1.0521246150827672,3.5939290648126296,0.4139140624490732
altibacter,Bacteroidetes,Bacteria,3348,163.0,83.0,80.5999984741211,2.5686160298453236,6.497640245152546,2.9241385,-0.5960342296555645,-0.5479000377865912,0.0627406680630036
gracilimonas,Balneolaeota,Bacteria,536,69.0,69.0,90.27799987792967,1.0392352345643043,4.751619984440125,3.788181727272727,-1.0422938254090732,-0.024372096345232883,0.1695252747786621
roseomonas,Proteobacteria,Bacteria,47224,91.0,65.0,283.8729858398437,0.14201018036692328,8.078429315604412,4.951457571428572,-0.19200553226600733,0.6804623248927456,0.3788955606838244
salegentibacter,Bacteroidetes,Bacteria,856,163.0,83.0,80.5999984741211,2.5686160298453236,4.401379455609197,3.862425444444445,-1.1318106542394624,0.0206125284848802,0.2345270879209376
nitratifractor,Proteobacteria,Bacteria,41,152.0,55.0,457.7330017089844,1.8161730765097175,11.796521185206831,1.6106443333333331,0.7582893824254024,-1.3437524621389463,0.0551270888370026
actinopolymorpha,Actinobacteria,Bacteria,332,72.0,59.0,172.7519989013672,0.7804936729522393,3.654584464244496,6.840723,-1.3226815384187651,1.8251773222873502,0.4860407248971539
aquimarina,Bacteroidetes,Bacteria,1628,72.0,79.0,216.41900634765625,1.1182986225812195,4.947772620252457,5.861223266666666,-0.992159816123362,1.2316937292813022,0.0325590330622679
azospira,Proteobacteria,Bacteria,18074,91.0,63.0,280.3710021972656,0.17207350251063616,11.509810075467458,3.3015314545454544,0.6850098295992934,-0.3192358339928951,0.2407722308689873
chromobacterium,Proteobacteria,Bacteria,2400,81.0,63.0,283.8729858398437,0.14477141605328003,8.388969898652741,4.887370022222222,-0.11263548245933361,0.641631371013361,0.3468293530874908
dorea,Firmicutes,Bacteria,2159,90.0,61.0,233.7469940185547,0.39016011016418073,5.800508265745605,3.103176338235294,-0.7742119073819658,-0.4394201516733831,0.1019597754853187
gemmatimonas,Gemmatimonadetes,Bacteria,39856,73.0,61.0,353.89898681640625,0.4959542152728164,7.884868306929538,3.804756,-0.24147715606586292,-0.014329664892833053,0.449854667449856
anaerobiospirillum,Proteobacteria,Bacteria,80,83.0,61.0,323.2969970703125,0.27306359424748017,2.8343328899839992,3.880983789473684,-1.5323269498622225,0.031857118874626146,0.2362772172412973
aggregatibacter,Proteobacteria,Bacteria,742,79.0,59.0,277.4840087890625,0.383703604330731,18.023249832786508,2.163871685840708,2.349758548998477,-1.0085493520799402,0.1315136868962124
aminicella,Firmicutes,Bacteria,782,53.0,57.0,388.6099853515625,1.0587489499263214,6.053242810450016,1.9824085,-0.7096163134529936,-1.1184987679563179,0.0459359128286243
anaerofustis,Firmicutes,Bacteria,107,79.0,59.0,277.4840087890625,0.383703604330731,6.340569454306653,2.208003571428572,-0.6361794382793017,-0.9818096306349072,0.2541426233112153
campylobacter,Proteobacteria,Bacteria,1177,79.0,59.0,277.4840087890625,0.383703604330731,24.87135662544921,1.7288964429065743,4.1000437190706585,-1.2721029409785471,0.1730175381992376
desulfofustis,Proteobacteria,Bacteria,611,61.0,69.0,347.3320007324219,0.7151635189689701,6.684324085199609,4.936924,-0.5483203188449747,0.6716563641588051,0.1323475015915336
emergencia,Firmicutes,Bacteria,522,69.0,63.0,245.48699951171875,0.4170479403771284,5.064323811171152,3.3568153684210524,-0.9623708792396944,-0.2857390450446522,0.2030714114132678
geobacillus,Firmicutes,Bacteria,1116,80.0,57.0,558.260986328125,1.186019814190413,9.9962726412801,3.401267774509804,0.2981697575014702,-0.2588051186886577,0.1686315621910978
hoeflea,Proteobacteria,Bacteria,8229,75.0,66.0,282.9760131835937,0.25648624434583017,9.045227990110824,4.864443444444444,0.055095372212741245,0.6277400474204655,0.3245662779862671
holdemanella,Firmicutes,Bacteria,748,68.0,57.0,309.7279968261719,0.6291041125165583,8.107536928479453,2.2201564,-0.1845660128931534,-0.9744461734329204,0.2372737920544113
kineothrix,Firmicutes,Bacteria,424,107.0,63.0,269.4070129394531,0.41888130317403305,7.048827091578715,4.11415965,-0.4551581901241388,0.17313949272121645,0.1674665429060294
leeuwenhoekiella,Bacteroidetes,Bacteria,618,57.0,59.0,400.43701171875,0.942359467769503,6.940716057904497,3.8900885405405408,-0.48278993488079164,0.03737373127654604,0.0943870186546941
planktothrix,Cyanobacteria,Bacteria,6898,91.0,70.0,283.8729858398437,0.38398252268192673,7.34601755598945,5.308999019230769,-0.37920025338426483,0.8970984054030611,0.1996763653713347
prochlorococcus,Cyanobacteria,Bacteria,5672,80.0,57.0,558.260986328125,1.186019814190413,11.204556021468465,1.6064893571428571,0.6069909464254359,-1.3462699821692854,0.0135692907088173
pseudonocardia,Actinobacteria,Bacteria,39653,91.0,66.0,277.4840087890625,0.20886871202845894,8.473620021261869,6.608745714285715,-0.09100003506731943,1.6846211706761764,0.3774455221989812
thermobifida,Actinobacteria,Bacteria,56,79.0,59.0,277.4840087890625,0.383703604330731,8.839990886221967,3.9592801,0.00263949350621838,0.07929722948307079,0.2310356537960948
vibrio,Proteobacteria,Bacteria,11710,78.0,59.0,277.4840087890625,0.3971487299441876,14.965442515724588,4.811083930485029,1.5682235989702384,0.5954092616244131,0.0922855768876478
aliicoccus,Firmicutes,Bacteria,238,122.0,55.0,356.5710144042969,1.1204624390741047,14.989810676192858,2.0013595,1.5744517772362743,-1.1070162660338492,0.0339773545066476
anaplasma,Proteobacteria,Bacteria,198,105.0,55.0,457.7330017089844,1.1842521726772572,5.098590311129508,1.3729285102040816,-0.9536128168257658,-1.4877856211322906,0.3232511413609216
bellilinea,Chloroflexi,Bacteria,8560,63.0,57.0,388.6099853515625,0.9242976937917554,10.375111486429835,2.9879197000000004,0.39499593626715407,-0.5092547023627421,0.1133587402145014
desulfuromusa,Proteobacteria,Bacteria,1471,57.0,55.0,416.53900146484375,1.1824718891603305,8.405023595654603,3.4503175,-0.10853237065954438,-0.22908565442620504,0.0202527074933907
dyella,Proteobacteria,Bacteria,5719,82.0,63.0,260.2439880371094,0.199613796449003,5.077243919683078,5.1208885,-0.9590686710515312,0.7831213382982174,0.5015963234970512
gillisia,Bacteroidetes,Bacteria,826,61.0,69.0,347.3320007324219,0.7151635189689701,5.523606051060214,3.9829053333333335,-0.8449844368704461,0.09361187183275023,0.2611498726837526
gluconacetobacter,Proteobacteria,Bacteria,298,99.0,61.0,233.7469940185547,0.51116624068529,7.138917140492461,4.202318,-0.4321323697975989,0.226555060414566,0.5471138474390468
halarcobacter,Proteobacteria,Bacteria,3045,69.0,66.0,220.2610015869141,0.518402591556501,12.46894894713543,2.9673712,0.9301529901760102,-0.5217051372080723,0.0600850761058054
hydrotalea,Bacteroidetes,Bacteria,2284,63.0,70.0,353.89898681640625,0.7556462432672738,6.921868076902898,3.17833275,-0.48760722856964694,-0.3938825208056669,0.2609013609244455
marinococcus,Firmicutes,Bacteria,733,61.0,69.0,347.3320007324219,0.7151635189689701,6.762085152479386,3.253434333333333,-0.5284456225253137,-0.348378110747863,0.2105606842466973
natronospira,Proteobacteria,Bacteria,439,68.0,63.0,361.5750122070313,0.4885745231025835,6.922803093982882,2.744553,-0.4873682506187463,-0.6567117547934782,0.2442499314697247
nesterenkonia,Actinobacteria,Bacteria,244,122.0,55.0,356.5710144042969,1.1204624390741047,11.49274171721286,2.9583889411764703,0.6806473838555281,-0.5271475309714247,0.2316000953812377
opitutus,Verrucomicrobia,Bacteria,53658,99.0,70.0,245.48699951171875,0.6024785445519488,6.743419460056134,3.8556106666666654,-0.5332163256738908,0.016483421897652662,0.4208105596711765
persephonella,Aquificae,Bacteria,61,50.0,61.0,186.0319976806641,0.9411184703305246,12.74505183319648,1.88308375,1.000721221881241,-1.1786801110423675,0.1364398824067861
pontibacter,Bacteroidetes,Bacteria,7574,99.0,75.0,237.7669982910156,0.8667615931504254,5.945485046182533,4.877650818181818,-0.7371577672398402,0.635742458603525,0.2490263127528476
pontimonas,Actinobacteria,Bacteria,2274,79.0,59.0,277.4840087890625,0.383703604330731,19.05495848484754,1.207034904761905,2.61344958189422,-1.5883013534638333,0.0844137830899894
pseudoxanthomonas,Proteobacteria,Bacteria,6407,80.0,66.0,260.2439880371094,0.2549558826098064,9.148657551779795,3.060558321428572,0.08153059488336743,-0.4652426127527451,0.4508215042705094
robinsoniella,Firmicutes,Bacteria,49,157.0,65.0,245.48699951171875,1.1403234878174275,3.003090430310325,6.992796416666667,-1.4891947632427762,1.91731933586085,0.243921637308344
rummeliibacillus,Firmicutes,Bacteria,637,122.0,55.0,356.5710144042969,1.1204624390741047,11.236460742003295,3.559839785714286,0.615145369377374,-0.16272557547166672,0.3034606164914669
sorangium,Proteobacteria,Bacteria,6052,91.0,59.0,283.8729858398437,0.3555306877480366,1.6337113616626826,14.6904775,-1.8391898711796504,6.581381276546105,0.3792975304958861
sporanaerobacter,Firmicutes,Bacteria,47,53.0,57.0,388.6099853515625,1.0587489499263214,7.268568770351992,2.889152,-0.39899513466248654,-0.5690985261782567,0.250062072147161
stappia,Proteobacteria,Bacteria,84,70.0,61.0,323.3340148925781,0.4479572082624716,10.74448914992558,4.839690307692308,0.48940396262346214,0.6127420029719649,0.3532657605806822
alkalispirochaeta,Spirochaetes,Bacteria,894,61.0,69.0,347.3320007324219,0.7151635189689701,11.457997436682287,3.665562,0.6717672070710997,-0.0986679780476065,0.0691174595308211
alteromonas,Proteobacteria,Bacteria,8624,69.0,65.0,277.4840087890625,0.3046343530841837,9.049666440701849,4.309551103960396,0.0562297812520237,0.2915281131493839,0.0423166373642454
cerasibacillus,Firmicutes,Bacteria,690,72.0,61.0,260.2439880371094,0.4308539895095704,10.781256569828225,2.782607,0.49880122696904267,-0.633654653418478,0.2164945028853807
desulfotomaculum,Firmicutes,Bacteria,115,71.0,66.0,361.5750122070313,0.4766909811961038,14.607080095002289,3.080697833333333,1.4766309224113023,-0.45303998575870796,0.2592524515059032
ectothiorhodospira,Proteobacteria,Bacteria,580,107.0,67.0,152.25900268554688,0.8342838805594607,14.422218239558148,3.2588606842105263,1.4293826866737143,-0.3450902586883747,0.2045803602969159
fannyhessea,Actinobacteria,Bacteria,76,126.0,70.0,192.9320068359375,1.1173802029436526,7.752401339350666,1.4189151875,-0.27533395414123024,-1.4599220724827031,0.3444944977493052
gracilibacillus,Firmicutes,Bacteria,820,163.0,83.0,80.5999984741211,2.5686160298453236,8.04347607514237,4.60000125,-0.20093911643444143,0.46751325167933394,0.234818014647061
henriciella,Proteobacteria,Bacteria,825,57.0,55.0,457.7330017089844,1.3015220309690694,8.271071510363688,3.3852929411764703,-0.14276874510337378,-0.2684843469331368,0.0689605885535908
pseudoflavonifractor,Firmicutes,Bacteria,4461,116.0,56.0,356.5710144042969,0.9913972169303644,6.681404974552925,3.44238975,-0.5490664047676075,-0.23388911622852976,0.1530706021696148
psychrosphaera,Proteobacteria,Bacteria,6186,69.0,65.0,312.2059936523437,0.31251092220974086,5.993655116693469,4.1710775,-0.7248461367981309,0.20762629141509978,0.0532362351384872
rahnella,Proteobacteria,Bacteria,974,91.0,66.0,334.0929870605469,0.27999841640601547,9.168591687555962,5.453400228070175,0.08662549531111956,0.9845917914040792,0.3558496854281847
snodgrassella,Proteobacteria,Bacteria,153,72.0,59.0,277.4840087890625,0.4778194836249272,9.467321017362764,2.429409540229885,0.16297674561385422,-0.8476586907157933,0.0556179633886123
sulfuricella,Proteobacteria,Bacteria,19371,68.0,64.0,353.89898681640625,0.4179964379510972,11.16452493136543,2.866221375,0.5967595313102049,-0.5829923020025358,0.2477549857285271
sulfurihydrogenibium,Aquificae,Bacteria,339,109.0,63.0,285.5360107421875,0.3991589539186349,16.211183864159544,1.295402,1.8866185472277022,-1.5347593060281095,0.138992517488475
variovorax,Proteobacteria,Bacteria,57829,79.0,60.0,283.8729858398437,0.3168450726691953,7.294387988166718,6.991676352112676,-0.39239608540519444,1.9166406833678686,0.3888934819197614
faecalibacterium,Firmicutes,Bacteria,5500,122.0,55.0,356.5710144042969,1.1204624390741047,14.381186445537605,2.572805807095344,1.418895504924072,-0.7607742038835694,0.1314615833553869
galbibacter,Bacteroidetes,Bacteria,554,163.0,83.0,80.5999984741211,2.5686160298453236,4.508943555851024,3.7702845,-1.1043186984061881,-0.035216112310931365,0.3067816189543053
niveibacterium,Proteobacteria,Bacteria,937,68.0,57.0,454.4330139160156,1.04729978914139,6.83264330537609,4.829756,-0.5104118954848557,0.6067227582262877,0.3446718630864656
serratia,Proteobacteria,Bacteria,5143,79.0,59.0,277.4840087890625,0.383703604330731,11.569906954651248,5.272298233606557,0.7003697939788951,0.8748612231178982,0.2314100951591843
verrucomicrobium,Verrucomicrobia,Bacteria,13466,78.0,64.0,353.89898681640625,0.28354518181653127,2.3438458933661144,8.106335,-1.6576889137284032,2.5920177118762644,0.4670630397911234
vogesella,Proteobacteria,Bacteria,778,79.0,59.0,277.4840087890625,0.383703604330731,9.635552240421765,3.528599,0.20597441252798027,-0.18165451758679113,0.165383384643666
wenzhouxiangella,Proteobacteria,Bacteria,5569,61.0,69.0,347.3320007324219,0.7151635189689701,17.557157128156323,2.6769709729729727,2.230631442267735,-0.6976600295685388,0.1844793825155404
dialister,Firmicutes,Bacteria,4429,116.0,63.0,280.3710021972656,0.5082016428470509,18.71197623753635,2.030784964539007,2.5257878734480257,-1.089187235737892,0.2076729638277942
globicatella,Firmicutes,Bacteria,2178,122.0,55.0,356.5710144042969,1.1204624390741047,14.405735795346242,2.2213374210526315,1.4251699927797534,-0.973730587104636,0.1051288428620097
planobacterium,Bacteroidetes,Bacteria,664,75.0,63.0,248.1009979248047,0.328822764209586,6.601492990511166,2.120732388888889,-0.5694908468527099,-1.0346876593029477,0.2220681368210311
sulfuricaulis,Proteobacteria,Bacteria,30944,68.0,64.0,353.89898681640625,0.4179964379510972,9.633034645039109,1.7647606,0.20533094857569106,-1.25037267593855,0.3040142654944191
tahibacter,Proteobacteria,Bacteria,1115,84.0,69.0,246.7969970703125,0.3852204200551121,3.1314783818172445,5.74808375,-1.4563805075160292,1.1631419527190003,0.4119417778999749
thermodesulfovibrio,Nitrospirae,Bacteria,384,105.0,65.0,292.1830139160156,0.3062260624917622,15.809825998492318,1.8975540909090909,1.7840368058153395,-1.169912461983879,0.0872428524509008
anaerophaga,Bacteroidetes,Bacteria,50,105.0,76.0,173.93499755859375,1.1803004933563306,5.366284706446339,3.354276,-0.8851936837105373,-0.2872776605676637,0.1400701854424252
aridibacter,Acidobacteria,Bacteria,25042,99.0,65.0,246.7969970703125,0.3567203257938856,4.360041047364216,4.1284015,-1.1423762025137827,0.1817686980404347,0.4244104880945013
desulfosarcina,Proteobacteria,Bacteria,3189,65.0,62.0,258.31201171875,0.48215878756484404,9.974804267844693,4.8121245,0.29268272629894493,0.5960397476914346,0.0515474939641244
devosia,Proteobacteria,Bacteria,42277,91.0,63.0,277.4840087890625,0.18041687709456877,13.795808732460523,3.914232289473684,1.2692807338478742,0.05200254471860283,0.4051508745165019
lacunisphaera,Verrucomicrobia,Bacteria,31048,84.0,66.0,291.7300109863281,0.11018117044382987,8.49366692990633,2.70789992,-0.0858763113917793,-0.6789200320117991,0.5417390985352496
mediterranea,Bacteroidetes,Bacteria,1836,122.0,55.0,356.5710144042969,1.1204624390741047,9.33870824619291,3.212435725490196,0.1301050289663172,-0.37321936415809787,0.1861925071746748
silvibacterium,Acidobacteria,Bacteria,14898,75.0,63.0,248.1009979248047,0.328822764209586,3.97526211668535,5.785782,-1.2407205882708847,1.185983503460318,0.4106494458509623
gleimia,Actinobacteria,Bacteria,22,118.0,70.0,136.38699340820312,1.1732335745775526,19.335768373267555,1.9135520909090908,2.6852208609049075,-1.1602191969447966,0.2181028552788677
kangiella,Proteobacteria,Bacteria,151,77.0,66.0,178.0070037841797,0.5329551080497513,6.852018917396428,2.91884775,-0.5054597463132618,-0.5511057286232914,0.1662681049867299
acidiferrobacter,Proteobacteria,Bacteria,5255,72.0,63.0,353.89898681640625,0.41261040396027154,6.997053758788951,2.7154286153846154,-0.46839076656179396,-0.6743583593176126,0.3584070104638033
albimonas,Proteobacteria,Bacteria,1136,79.0,59.0,277.4840087890625,0.383703604330731,6.658312008239596,5.106399333333333,-0.5549686603391039,0.7743422826227925,0.3358072036114179
anaerotruncus,Firmicutes,Bacteria,1813,80.0,62.0,296.5369873046875,0.18766841148244964,11.778238277829455,3.1413866086956523,0.7536165140521011,-0.4162683652758782,0.223749071303812
aquitalea,Proteobacteria,Bacteria,152,79.0,59.0,277.4840087890625,0.383703604330731,7.784321721254565,4.367753700000001,-0.26717552835130304,0.32679334563935464,0.3514062754198505
arenicella,Proteobacteria,Bacteria,5885,64.0,59.0,277.4840087890625,0.5853804885325798,4.979601141729175,3.21310875,-0.9840248686389402,-0.372811575375042,0.0599214720507506
bhargavaea,Firmicutes,Bacteria,1103,80.0,59.0,277.4840087890625,0.3702584787172744,9.149630109864184,3.060233,0.08177916781654114,-0.4654397265688496,0.3329510733770296
caulobacter,Proteobacteria,Bacteria,78039,91.0,63.0,283.8729858398437,0.16195281389603378,7.452476644561845,4.562241738095238,-0.3519907238618415,0.44463458205567735,0.4873606274954304
cellulosimicrobium,Actinobacteria,Bacteria,6817,99.0,74.0,120.12100219726562,1.1583625714802723,7.289727144231594,4.3897390625,-0.3935873352303883,0.3401143823747469,0.2954056204897443
conchiformibius,Proteobacteria,Bacteria,248,99.0,61.0,233.7469940185547,0.51116624068529,8.707149463337899,2.182114833333333,-0.03131301037330516,-0.9974957413915362,0.0877762962405517
desulfoluna,Proteobacteria,Bacteria,205,88.0,63.0,342.3429870605469,0.23505360071131073,4.690752317988218,6.608748,-1.0578507927802332,1.6846225556014403,0.0274023093019983
desulfotignum,Proteobacteria,Bacteria,3038,61.0,69.0,347.3320007324219,0.7151635189689701,9.719476756386763,3.3952445,0.2274244044960389,-0.26245464964419474,0.0825924173301895
epilithonimonas,Bacteroidetes,Bacteria,52,139.0,67.0,152.25900268554688,1.2645279001900718,5.9301862171257405,3.5412041428571426,-0.7410679448156723,-0.1740170009866046,0.4660236848752075
gulbenkiania,Proteobacteria,Bacteria,1475,74.0,62.0,323.8489990234375,0.347270534996873,7.878690920487158,3.046191333333333,-0.24305601401993082,-0.4739476398449128,0.3153091046594568
holophaga,Acidobacteria,Bacteria,10354,71.0,62.0,371.6130065917969,0.5256432920544182,5.981561000796505,3.3436088,-0.7279372322410743,-0.29374096828268437,0.2528632353202912
hymenobacter,Bacteroidetes,Bacteria,17740,79.0,59.0,277.4840087890625,0.383703604330731,5.054044378737548,5.144394875,-0.9649981656839675,0.7973639638128479,0.2769005284162079
listeria,Firmicutes,Bacteria,98,130.0,68.0,176.44400024414062,1.1220218998319549,15.84707698918537,2.9658466373372536,1.793557664434309,-0.5226288770479705,0.2381140071187166
nitrobacter,Proteobacteria,Bacteria,254,75.0,63.0,268.5400085449219,0.2697542809757594,7.702945725974081,3.7647935,-0.28797415227053,-0.03854313558444053,0.4249141397527427
peptoanaerobacter,Firmicutes,Bacteria,67,89.0,77.0,122.29900360107422,1.1628003241127167,8.734041219434133,2.5188798,-0.024439834571948437,-0.7934482305915717,0.2251529396261337
sphingomonas,Proteobacteria,Bacteria,93701,79.0,59.0,277.4840087890625,0.383703604330731,10.878673477846656,4.044610778106509,0.523699695199946,0.13099949719472434,0.3480854860687105
bacteriovorax,Proteobacteria,Bacteria,13440,80.0,60.0,416.53900146484375,0.6312616577358254,5.742989723877054,3.8307573333333336,-0.7889128829778146,0.001424667859357095,0.335008304355437
cellvibrio,Proteobacteria,Bacteria,18169,163.0,83.0,80.5999984741211,2.5686160298453236,6.582986189904863,4.861015818181818,-0.5742209393625697,0.6256632322049039,0.3789459246631995
chloroflexus,Chloroflexi,Bacteria,241,113.0,62.0,281.8599853515625,0.5119575919096175,6.95694104200053,4.455981416666667,-0.4786430443740067,0.38025094292920864,0.2127410547443897
defluviitoga,Thermotogae,Bacteria,547,51.0,55.0,335.697998046875,1.0295131612701747,7.516877558448782,1.7294415,-0.335530705359184,-1.2717726882677076,0.2101483339557371
domibacillus,Firmicutes,Bacteria,5461,92.0,65.0,245.48699951171875,0.2663903229427491,9.256900690008736,3.888990625,0.1091961038101819,0.036708498977196746,0.3453004403575407
eudoraea,Bacteroidetes,Bacteria,2262,87.0,74.0,195.32400512695312,0.7796853329404222,5.459785096435328,3.1136756666666665,-0.8612962254861656,-0.4330585581480881,0.0636860836388278
flavobacterium,Bacteroidetes,Bacteria,83255,91.0,67.0,283.8729858398437,0.23879911729292466,13.15393842296123,3.497051492935636,1.1052272052098626,-0.20076930364112344,0.3253050067581969
formosa,Bacteroidetes,Bacteria,336,64.0,65.0,314.0660095214844,0.3851119727093038,4.571614919160514,4.374821666666667,-1.0883007300669187,0.3310758605904357,0.0476500629301401
granulicatella,Firmicutes,Bacteria,943,57.0,56.0,309.7279968261719,0.8253949627275815,16.91303530226538,1.7737797777777775,2.0660024559346564,-1.2449079128034957,0.1137367798993118
haematospirillum,Proteobacteria,Bacteria,1774,57.0,59.0,216.41900634765625,0.8559734556821716,6.262661760079933,2.3951477142857143,-0.6560916104997536,-0.8684180956163912,0.3896674967737522
loktanella,Proteobacteria,Bacteria,833,57.0,60.0,416.53900146484375,0.9404995468453271,11.832329589387044,3.718625285714286,0.7674415350857156,-0.06651667836807532,0.1395954801283343
luteolibacter,Verrucomicrobia,Bacteria,49126,75.0,70.0,263.3580017089844,0.5067599242427899,10.693230297078555,4.675855528301887,0.4763028804281341,0.513473723233811,0.3374561911461971
megamonas,Firmicutes,Bacteria,408,122.0,55.0,356.5710144042969,1.1204624390741047,9.13002415205384,2.3001034444444444,0.07676814531945154,-0.9260058752149357,0.1017220092526961
methyloceanibacter,Proteobacteria,Bacteria,90550,90.0,64.0,260.2439880371094,0.16840072582875606,17.03253570765458,2.4658688947368423,2.09654517287862,-0.8255677927041788,0.4670704309123386
nostoc,Cyanobacteria,Bacteria,1454,80.0,57.0,558.260986328125,1.186019814190413,5.635804330002904,8.69441114893617,-0.8163080464918059,2.948335875071747,0.2245883990106711
paracraurococcus,Proteobacteria,Bacteria,16895,101.0,67.0,213.95399475097656,0.5753153769455103,3.377849162990089,7.105113,-1.3934114070504886,1.9853724931639012,0.4746397568898605
rhodomicrobium,Proteobacteria,Bacteria,41968,80.0,59.0,488.468994140625,0.8875328989716119,10.77865158709357,3.711039333333333,0.4981354279698733,-0.07111304335135053,0.370890448798847
rhodovulum,Proteobacteria,Bacteria,6001,61.0,69.0,347.3320007324219,0.7151635189689701,13.137010256399074,4.186645129032258,1.100900590601282,0.21705879261773733,0.1489879946345859
sediminibacterium,Bacteroidetes,Bacteria,37177,91.0,61.0,283.8729858398437,0.25874175082203515,12.737431821628483,2.590789137254902,0.9987736480996032,-0.7498780177651844,0.3759232042250492
stenotrophomonas,Proteobacteria,Bacteria,21301,80.0,63.0,280.3710021972656,0.16833723028133904,12.62153267052257,4.516091784409257,0.9691513639345863,0.41667210345712763,0.2831990316080918
acidovorax,Proteobacteria,Bacteria,11749,79.0,59.0,277.4840087890625,0.383703604330731,10.429377269029322,4.794150092592592,0.40886554978252854,0.5851489679114337,0.2811818665887904
barrientosiimonas,Actinobacteria,Bacteria,184,79.0,59.0,277.4840087890625,0.383703604330731,6.328870104068638,3.63414,-0.6391696368613415,-0.1177067187688251,0.047386207167891
bergeyella,Bacteroidetes,Bacteria,486,99.0,61.0,233.7469940185547,0.51116624068529,4.149972365334019,2.4096546,-1.1960669684416751,-0.8596283038849089,0.1567834683953276
buchnera,Proteobacteria,Bacteria,712,79.0,59.0,277.4840087890625,0.383703604330731,8.08079893889413,0.6187507,-0.19139988801596505,-1.9447455786834296,0.1533994200300694
chitinibacter,Proteobacteria,Bacteria,150,57.0,57.0,435.2879943847656,1.13986730560276,6.082880991474842,3.4523115,-0.7020411879057039,-0.2278774802489373,0.1856192556080785
frisingicoccus,Firmicutes,Bacteria,351,80.0,66.0,245.48699951171875,0.2976033935629961,9.018476655288866,2.439436375,0.04825808622463789,-0.8415833833692615,0.1572448932748578
hansschlegelia,Proteobacteria,Bacteria,2476,99.0,63.0,334.0929870605469,0.3591075863797781,12.63611557579032,3.4029445,0.9728785608956589,-0.2577891826607634,0.3976105514755437
limimaricola,Proteobacteria,Bacteria,1072,69.0,59.0,307.8970031738281,0.5135785013857874,9.616452732412515,3.53560725,0.20109283187563384,-0.17740818525086463,0.1631128102184531
modestobacter,Actinobacteria,Bacteria,1857,79.0,64.0,304.5979919433594,0.12762080203588624,6.948130908508307,4.893402333333333,-0.480894797517564,0.6452863772890333,0.6657653356434647
nonomuraea,Actinobacteria,Bacteria,2623,99.0,72.0,192.9320068359375,0.8511507483063259,3.826775748170179,10.19134712,-1.2786717325270511,3.8553365697872253,0.3606127261635745
pullulanibacillus,Firmicutes,Bacteria,65,101.0,61.0,250.16700744628903,0.4906028599393963,4.603766933641303,4.561482,-1.0800831020658535,0.44417425309471803,0.462835386134077
rhodospirillum,Proteobacteria,Bacteria,1475,72.0,66.0,283.8729858398437,0.2942293815082796,9.759904717303543,4.61070075,0.2377572545217881,0.4739961301194932,0.2502794670607763
robbsia,Proteobacteria,Bacteria,4764,80.0,56.0,432.0610046386719,0.8696979252385583,5.066974155993323,6.3154062,-0.9616934862932536,1.5068853500481478,0.4183331952201841
salinivibrio,Proteobacteria,Bacteria,102,79.0,59.0,277.4840087890625,0.383703604330731,13.119639399917483,3.4299723207547173,1.0964608303271348,-0.24141289624969361,0.0239318654117596
silicimonas,Proteobacteria,Bacteria,1283,57.0,55.0,416.53900146484375,1.1824718891603305,4.8334791624685405,4.3446965,-1.0213717063949617,0.3128228774146304,0.0722382900628483
streptomonospora,Actinobacteria,Bacteria,83,72.0,59.0,213.19000244140625,0.6636283520955039,5.559274386564515,6.295785666666667,-0.835868083903926,1.4949971746632154,0.2180828444552701
thiobacillus,Proteobacteria,Bacteria,6617,65.0,63.0,361.5750122070313,0.5289098999429532,12.502906252700424,3.0392933636363644,0.9388320266083418,-0.47812715281555135,0.2265832711661883
alysiella,Proteobacteria,Bacteria,96,79.0,59.0,277.4840087890625,0.383703604330731,10.67015902665285,2.624140833333333,0.470406170037446,-0.7296700649216311,0.1263280298420167
archangium,Proteobacteria,Bacteria,2633,99.0,64.0,334.0929870605469,0.3107131179167773,2.460879409943036,12.59712275,-1.6277767008105997,5.313007579048133,0.5227566972561565
brucella,Proteobacteria,Bacteria,12732,80.0,65.0,280.3710021972656,0.14839459675222852,10.884864897681307,3.3073446789099528,0.5252821399027495,-0.3157135734292787,0.381651413179403
celeribacter,Proteobacteria,Bacteria,679,69.0,63.0,342.3429870605469,0.4195490870704059,10.908510804703653,4.125219363636364,0.5313257197777684,0.17984062633376988,0.0356710746338891
collinsella,Actinobacteria,Bacteria,2733,122.0,55.0,356.5710144042969,1.1204624390741047,18.30888149969385,2.0754954364981506,2.422762210569083,-1.0620969460315255,0.1503454422525124
cutibacterium,Actinobacteria,Bacteria,2867,79.0,59.0,277.4840087890625,0.383703604330731,19.88907441586556,2.513943029953917,2.8266385388401054,-0.7964394432740125,0.1473016513574838
dermatophilus,Actinobacteria,Bacteria,27,57.0,67.0,152.25900268554688,0.9246634876243598,12.786617452707793,2.6590300465116283,1.0113448423384248,-0.7085305230825094,0.1790547106562237
finegoldia,Firmicutes,Bacteria,1226,79.0,59.0,277.4840087890625,0.383703604330731,12.295284491108864,1.870635853658537,0.8857666610554381,-1.186222351223442,0.183557296043944
halodesulfovibrio,Proteobacteria,Bacteria,6476,69.0,65.0,245.48699951171875,0.3971053068480179,9.542628549591187,3.5629596,0.18222435095134226,-0.16083526501135012,0.0854708035029945
janthinobacterium,Proteobacteria,Bacteria,9457,91.0,70.0,280.68798828125,0.39318712550670337,5.735800862649313,6.2763685250000005,-0.7907502604571061,1.4832322352660148,0.4981256527621662
jiangella,Actinobacteria,Bacteria,17028,101.0,70.0,192.9320068359375,0.7812520626072376,3.804052769610141,7.6234484,-1.2844794241413402,2.2994344016111388,0.3509102108037946
lactonifactor,Firmicutes,Bacteria,28,83.0,61.0,246.9069976806641,0.32150134189337526,4.19203141263268,4.770956615384615,-1.1853172343935605,0.571095928671851,0.0780262170961505
shewanella,Proteobacteria,Bacteria,3687,57.0,55.0,416.53900146484375,1.1824718891603305,13.32384991380779,4.803416461009174,1.148654326260636,0.5907635050418071,0.1184840290549999
tatlockia,Proteobacteria,Bacteria,211,72.0,59.0,295.1090087890625,0.43628598185636197,5.97441398823221,3.347608659090909,-0.7297639137576372,-0.2913174344480073,0.6580532877488096
terrabacter,Actinobacteria,Bacteria,11160,99.0,69.0,218.7169952392578,0.6314490512302086,6.303520708923511,4.283320583333333,-0.6456486056823819,0.27563491471512724,0.4706370355084175
thermincola,Firmicutes,Bacteria,69,69.0,61.0,343.9530029296875,0.5209909495777915,6.31298883248058,3.1680715,-0.6432286790147509,-0.4000998614658924,0.3108298103865439
thermocrispum,Actinobacteria,Bacteria,838,163.0,83.0,80.5999984741211,2.5686160298453236,5.986767089496062,4.1758765,-0.7266066250936103,0.21053402856490347,0.4383201648411499
thermomicrobium,Chloroflexi,Bacteria,67,83.0,55.0,573.8049926757812,1.2873953568219771,8.258477972832704,2.663929125,-0.14598748608487333,-0.7055621478959201,0.1220654822824223
woeseia,Proteobacteria,Bacteria,33493,97.0,79.0,80.5999984741211,1.4876598655051856,7.445998740272395,2.954607,-0.35364639018747757,-0.5294390272950742,0.1158693712682779
georgenia,Actinobacteria,Bacteria,2752,163.0,83.0,80.5999984741211,2.5686160298453236,7.503190561259117,4.398129,-0.3390289201109688,0.34519788580322763,0.3387743406102823
glaciecola,Proteobacteria,Bacteria,2551,63.0,63.0,293.6549987792969,0.35951216791256296,9.400284246690315,2.872253571428572,0.14584303711456048,-0.5793373652135648,0.0285397287064528
herbaspirillum,Proteobacteria,Bacteria,3771,101.0,58.0,361.5750122070313,0.7073928864199708,8.237288786548458,5.46296253125,-0.15140316075848526,0.9903856368288885,0.5716711254106682
pigmentiphaga,Proteobacteria,Bacteria,8846,79.0,66.0,277.4840087890625,0.2185775654126184,5.165067023290632,6.195466555555556,-0.9366222518457573,1.434213343403984,0.4784819475899216
rhodanobacter,Proteobacteria,Bacteria,9259,80.0,64.0,280.3710021972656,0.11994276181833834,8.667369023284753,3.922759018181818,-0.04148036266380511,0.05716893059710629,0.415126891677461
cognatishimia,Proteobacteria,Bacteria,10152,69.0,63.0,254.96600341796875,0.3896537384895571,11.108259341607624,3.420878,0.5823787936377188,-0.2469231888753908,0.0401330959706151
syntrophaceticus,Firmicutes,Bacteria,3268,80.0,57.0,434.52099609375,0.8284128010936538,9.046613808474897,2.652926333333333,0.05544956898631501,-0.7122287922136358,0.2952005073101229
marichromatium,Proteobacteria,Bacteria,25,54.0,65.0,114.02400207519533,0.9787085976786116,9.36704985582549,3.843259142857143,0.13734876808105023,0.008999574296562634,0.0812639285867935
bdellovibrio,Proteobacteria,Bacteria,48724,91.0,63.0,283.8729858398437,0.16195281389603378,4.465823773077308,3.8066885,-1.1153395423577503,-0.0131587538609523,0.4319680544367266
fretibacterium,Synergistetes,Bacteria,655,73.0,77.0,154.76699829101562,1.1862380867310165,7.8285597602895,2.2992735,-0.25586887294708505,-0.9265087425400835,0.2891655218263073
imperialibacter,Bacteroidetes,Bacteria,3653,163.0,83.0,80.5999984741211,2.5686160298453236,3.383193266680504,6.798311,-1.392045525103863,1.799479687780689,0.4814913712454913
kribbella,Actinobacteria,Bacteria,12677,97.0,69.0,248.1009979248047,0.519639402375232,4.346164427232663,8.743341545454545,-1.1459228823717844,2.977983037337031,0.4448471906863653
saccharicrinis,Bacteroidetes,Bacteria,2299,57.0,55.0,457.7330017089844,1.3015220309690694,4.126695749554962,5.815791,-1.2020161623781953,1.2041661006948365,0.0816344109767303
afipia,Proteobacteria,Bacteria,4525,80.0,57.0,558.260986328125,1.186019814190413,9.32736606932673,4.610090317073171,0.1272061191557284,0.4736262658771916,0.4845392569610092
alishewanella,Proteobacteria,Bacteria,422,57.0,55.0,457.7330017089844,1.3015220309690694,8.751941087014375,3.542071375,-0.019864866084961397,-0.17349154086589405,0.2755045998204007
paludisphaera,Planctomycetes,Bacteria,49755,75.0,63.0,295.1090087890625,0.20237273116398932,2.9827529766010485,8.046258,-1.494392746379154,2.5556167690238474,0.5664710305633305
flexistipes,Deferribacteres,Bacteria,106,64.0,59.0,423.1799926757813,0.9139705169610429,10.803980562229754,2.128845,0.5046091777077554,-1.029772189265505,0.0896381252261702
oceanimonas,Proteobacteria,Bacteria,96,79.0,59.0,277.4840087890625,0.383703604330731,11.055701662255116,3.527591571428572,0.5689457486328326,-0.18226492339694195,0.2122153746677459
massilimicrobiota,Firmicutes,Bacteria,40,122.0,55.0,356.5710144042969,1.1204624390741047,4.462723019511623,2.46486280952381,-1.1161320537987054,-0.8261773845670257,0.1570836815990104
acidiphilium,Proteobacteria,Bacteria,3897,79.0,59.0,361.5750122070313,0.5342560152065636,8.78739868528743,3.755377578947369,-0.010802374756671998,-0.04424828737530392,0.1820723284815553
alloprevotella,Bacteroidetes,Bacteria,31,70.0,77.0,122.29900360107422,1.3204055592448987,14.508142889455764,2.412438329749104,1.451343886318056,-0.857941628659553,0.1838827139964205
amaricoccus,Proteobacteria,Bacteria,25052,80.0,59.0,558.260986328125,1.0892308772644117,12.176342665011768,3.695691,0.8553667095619677,-0.08041267223672258,0.3804202892607659
athalassotoga,Thermotogae,Bacteria,56,75.0,63.0,248.1009979248047,0.328822764209586,10.029742830893056,1.794662166666667,0.30672429356417114,-1.2322551730767048,0.2030862583244566
aureibaculum,Bacteroidetes,Bacteria,3373,63.0,62.0,304.0379943847656,0.4379133628868203,4.4148675078193325,2.491581,-1.1283632871829419,-0.8099887046288832,0.0434075275846169
aureispira,Bacteroidetes,Bacteria,5596,63.0,63.0,365.4549865722656,0.5670132282116164,2.0507813000679027,6.8266665,-1.7325923325934074,1.816660421423376,0.0451082981368007
bradymonas,Proteobacteria,Bacteria,1050,78.0,59.0,164.38900756835938,0.7239918588801615,5.571155897456508,5.025887,-0.8328313274773778,0.7255594731519233,0.2826491987258178
chiayiivirga,Proteobacteria,Bacteria,33512,84.0,70.0,279.6650085449219,0.33862674937568826,4.84847635957001,3.7125065,-1.0175386219419746,-0.07022408002115232,0.5165303228564856
chromohalobacter,Proteobacteria,Bacteria,52,98.0,76.0,140.51699829101562,1.1827622109983629,9.029480831658452,3.543946833333333,0.051070607596118305,-0.1723551916538204,0.2141548712021378
denitratisoma,Proteobacteria,Bacteria,34904,82.0,66.0,280.3710021972656,0.16989881398831605,6.636551733046603,4.2190585,-0.5605302977551256,0.23669820976990813,0.2891089335243325
donghicola,Proteobacteria,Bacteria,45,79.0,68.0,313.35699462890625,0.3265694497879538,10.413061908197143,4.22546225,0.40469556018196684,0.2405782726523948,0.0124882943326548
erythrobacter,Proteobacteria,Bacteria,13275,91.0,69.0,315.66900634765625,0.3719367496109176,9.589780001702058,3.024052688888889,0.19427563605475942,-0.48736155084666366,0.4127499753033588
facklamia,Firmicutes,Bacteria,1107,79.0,59.0,277.4840087890625,0.383703604330731,20.54182429547805,1.995927888888889,2.9934727411449313,-1.1103073052943333,0.0922561326319369
ferrovum,Proteobacteria,Bacteria,1166,68.0,60.0,361.5750122070313,0.6337579284915855,9.31100425194214,2.2553958125,0.12302425587719998,-0.9530944441427551,0.3392885602246816
filimonas,Bacteroidetes,Bacteria,1503,84.0,63.0,248.1009979248047,0.2078166336884766,2.0541685531316154,7.7890395,-1.73172659568477,2.39976684444232,0.4516950383508461
hahella,Proteobacteria,Bacteria,4360,57.0,55.0,450.9219970703125,1.281838313357566,4.1732061886920935,6.9490935,-1.1901287116797792,1.8908395287455266,0.2659837061057272
harryflintia,Firmicutes,Bacteria,31,122.0,55.0,356.5710144042969,1.1204624390741047,4.606739972420511,2.8219522,-1.0793232328285816,-0.6098152077617888,0.0175646511073588
isoptericola,Actinobacteria,Bacteria,122,79.0,59.0,277.4840087890625,0.383703604330731,5.757886467420398,3.6471716,-0.7851054731205064,-0.10981080973748927,0.3872014443350777
methylocella,Proteobacteria,Bacteria,3288,75.0,63.0,353.89898681640625,0.3722750271199018,7.754574972048695,4.12659625,-0.27477840248414737,0.18067488839474158,0.4950405592109281
muriicola,Bacteroidetes,Bacteria,2375,57.0,62.0,416.53900146484375,0.8437106099193256,7.462701005778619,2.411995333333333,-0.3493775128893789,-0.8582100423155994,0.0436614025137089
mycoplasma,Tenericutes,Bacteria,638,63.0,70.0,353.89898681640625,0.7556462432672738,1.91123552127014,1.0464435061728397,-1.7682583808269996,-1.685604453196348,0.1204306205530421
neorhizobium,Proteobacteria,Bacteria,4302,80.0,63.0,277.4840087890625,0.17668060486527162,8.26785320790415,6.047519076923077,-0.1435913004808356,1.3445712555024572,0.3697240893656888
parabacteroides,Bacteroidetes,Bacteria,4568,122.0,55.0,356.5710144042969,1.1204624390741047,8.32379987952937,4.805497558677686,-0.12929207404858453,0.5920244521147602,0.2040863271850836
petrocella,Firmicutes,Bacteria,806,63.0,59.0,277.4840087890625,0.5988256141460365,8.012742040453665,3.369633,-0.20879432762795877,-0.27797278050733176,0.1646203956321607
pseudomonas,Proteobacteria,Bacteria,60443,79.0,63.0,277.4840087890625,0.19012573047872824,9.759396394448476,6.660247967484395,0.23762733394931893,1.7158266332567955,0.2734325873134264
pseudooceanicola,Proteobacteria,Bacteria,2874,57.0,69.0,318.0260009765625,0.6842500512789726,11.349749983397036,4.49349105263158,0.6441005952731857,0.40297821152074537,0.0823141763627375
quasibacillus,Firmicutes,Bacteria,42,80.0,57.0,558.260986328125,1.186019814190413,6.527633867627419,3.8298716666666666,-0.5883682579930372,0.0008880381721284324,0.3245352518940579
roseitalea,Proteobacteria,Bacteria,300,132.0,79.0,14.423999786376951,2.149487064603236,9.818613390870407,3.768352875,0.25276241197768345,-0.036386493176109175,0.1268917988247765
ruminococcus,Firmicutes,Bacteria,11318,99.0,61.0,233.7469940185547,0.51116624068529,12.063026626696177,2.6527339274193547,0.8264046347287285,-0.7123453718810491,0.1807840009650335
saccharibacillus,Firmicutes,Bacteria,2286,79.0,59.0,277.4840087890625,0.383703604330731,6.126399503254201,5.386524333333333,-0.6909184341144466,0.9440713655752253,0.3469527715895031
sphingopyxis,Proteobacteria,Bacteria,3647,80.0,59.0,353.89898681640625,0.49862727290462155,9.039254116978787,4.093258085365854,0.05356852955863723,0.16047513431827223,0.3587214452142629
staphylococcus,Firmicutes,Bacteria,4533,122.0,55.0,356.5710144042969,1.1204624390741047,22.43177807876604,2.7639360456534345,3.4765198341831187,-0.6449674743344594,0.1106901575534684
stigmatella,Proteobacteria,Bacteria,13546,91.0,60.0,334.0929870605469,0.39672998686112737,2.4582759511549788,9.76293975,-1.628442110309253,3.5957624866451865,0.4785714079969944
sulfobacillus,Firmicutes,Bacteria,250,72.0,63.0,361.5750122070313,0.43479402064875705,8.22678375182003,3.6466255714285714,-0.15408810815386784,-0.11014165107151666,0.1749935952754952
thalassobacillus,Firmicutes,Bacteria,49,95.0,79.0,162.90899658203125,1.2228976465449202,6.905166741691852,4.054934666666666,-0.49187586809665,0.13725479085940495,0.2860407760343957
xanthobacter,Proteobacteria,Bacteria,2380,57.0,57.0,335.697998046875,0.8520534706634336,9.853336398430391,5.07442332,0.26163715167328244,0.7549678625619576,0.3276050748884244
acetobacterium,Firmicutes,Bacteria,2348,57.0,56.0,309.7279968261719,0.8253949627275815,7.901859762209951,3.6700221052631576,-0.23713436570121552,-0.09596557884658172,0.2306819880934687
acidipila,Acidobacteria,Bacteria,22851,80.0,57.0,365.4580078125,0.628821634907079,6.372080755872842,3.609496,-0.6281255679921054,-0.13263863673501783,0.6073347278385826
algiphilus,Proteobacteria,Bacteria,93,105.0,79.0,148.3489990234375,1.3994271122200133,6.930114987932937,2.885955,-0.48549942760920534,-0.5710356038335854,0.0898408298399888
alloiococcus,Firmicutes,Bacteria,549,122.0,55.0,356.5710144042969,1.1204624390741047,13.081835984490631,1.758163,1.0867987792810574,-1.2543701934671068,0.1376655000968269
dethiosulfovibrio,Synergistetes,Bacteria,484,53.0,57.0,388.6099853515625,1.0587489499263214,7.464118118176397,2.679486,-0.3490153177762985,-0.69613616261308,0.1076668061645564
duncaniella,Bacteroidetes,Bacteria,1872,122.0,61.0,356.5710144042969,0.8300956282961005,8.71990871602552,2.7523223902439025,-0.02805191479806175,-0.6520042439279818,0.2173323941870655
eisenbergiella,Firmicutes,Bacteria,621,122.0,55.0,356.5710144042969,1.1204624390741047,6.909372313077944,4.631390313043478,-0.4908009798900812,0.4865320357403981,0.138702467210808
erysipelothrix,Firmicutes,Bacteria,1691,72.0,59.0,309.7279968261719,0.47853467313673054,14.982000800294298,1.868909258064516,1.5724556766526792,-1.1872685037867723,0.1430459773705398
luminiphilus,Proteobacteria,Bacteria,21027,65.0,63.0,254.96600341796875,0.4434342409433834,15.33609360800999,2.282197859154929,1.6629570968171594,-0.93685495534315,0.0790861978810891
marinicella,Proteobacteria,Bacteria,1048,57.0,66.0,216.41900634765625,0.690847416764059,5.08136004693981,3.345561,-0.9580166435768273,-0.29255812092618383,0.0942762386962488
peptoclostridium,Firmicutes,Bacteria,2558,69.0,62.0,241.97300720214844,0.4755978023510729,6.3614676814722255,3.301125,-0.6308381288931963,-0.3194821067542047,0.2312414368861911
sandarakinorhabdus,Proteobacteria,Bacteria,11933,89.0,65.0,283.8729858398437,0.11511992914001008,7.421661578911498,2.694814333333333,-0.35986664549326103,-0.6868486518237686,0.3304484993501911
traorella,Firmicutes,Bacteria,103,99.0,67.0,233.7469940185547,0.4912236071561796,2.8903082596339136,2.421887,-1.5180203885958992,-0.8522166339721652,0.1223364827617742
trichormus,Cyanobacteria,Bacteria,5067,91.0,66.0,283.8729858398437,0.19040464882992394,5.897716443151705,6.951843208333333,-0.7493667879241416,1.8925055902316605,0.1421829209963783
acetatifactor,Firmicutes,Bacteria,36,77.0,62.0,277.8420104980469,0.2643758297392163,8.814370937038127,3.290081641350211,-0.003908625334820023,-0.3261733308018387,0.1149463366264452
aquisediminimonas,Proteobacteria,Bacteria,5417,78.0,62.0,338.14801025390625,0.3348139948827853,7.847186505716512,3.058421,-0.25110812413362615,-0.4665376260719637,0.2536235758541754
geothrix,Acidobacteria,Bacteria,27566,68.0,61.0,371.6130065917969,0.6143731373577886,11.914263321221036,3.525186481751825,0.78838270906264,-0.18372217878383243,0.2753563020226816
levilactobacillus,Firmicutes,Bacteria,385,80.0,64.0,260.2439880371094,0.1781095792129155,13.244615084939646,2.5670810198675498,1.1284029560469429,-0.7642428799612895,0.1592930614319859
ligilactobacillus,Firmicutes,Bacteria,3980,122.0,55.0,356.5710144042969,1.1204624390741047,22.267762151333603,2.0208586607929515,3.434599540862312,-1.0952016308540913,0.2097919694967962
marinilabilia,Bacteroidetes,Bacteria,285,61.0,69.0,347.3320007324219,0.7151635189689701,4.625447826305988,4.9724915,-1.0745417537700612,0.6932068832410386,0.1587770542072361
metallibacterium,Proteobacteria,Bacteria,2160,79.0,59.0,277.4840087890625,0.383703604330731,7.151222046331053,3.076397272727273,-0.42898739924435086,-0.4556457160856974,0.3630920552686733
mitsuokella,Firmicutes,Bacteria,517,93.0,63.0,280.3710021972656,0.19896375373754938,10.978735956310622,2.2771291794871797,0.5492743361100142,-0.9399260926989259,0.1274172934499785
oleibacter,Proteobacteria,Bacteria,1843,63.0,62.0,360.6780090332031,0.6016022917595302,11.343014095135882,3.2619196,0.6423789916697791,-0.3432368469194283,0.0284591890916847
paenarthrobacter,Actinobacteria,Bacteria,2896,80.0,57.0,558.260986328125,1.186019814190413,8.259691934734697,4.721725738461538,-0.14567721354117308,0.5412667038861376,0.2665827110834236
planktotalea,Proteobacteria,Bacteria,1575,79.0,69.0,347.3320007324219,0.4731512579267516,8.180214647274209,3.667385428571429,-0.16599055295181153,-0.0975631539181718,0.0386673237963598
povalibacter,Proteobacteria,Bacteria,91876,80.0,65.0,283.8729858398437,0.1382739081376261,4.4950512295369816,5.339205,-1.1078693925558944,0.9154003542317638,0.5192526317397278
propionimicrobium,Actinobacteria,Bacteria,60,78.0,61.0,334.3210144042969,0.3721484935468526,12.795464655451312,2.1101226666666664,1.0136060698904243,-1.0411161409563447,0.259915987111106
pseudobutyrivibrio,Firmicutes,Bacteria,24,58.0,56.0,560.8510131835938,1.5376921911367039,5.659252030743208,3.0039305384615385,-0.8103151255107814,-0.49955365843814986,0.1450231667488225
rhizobium,Proteobacteria,Bacteria,31865,90.0,68.0,260.2439880371094,0.34203596615164833,8.928634210093863,7.055950385869566,0.025295550121036188,1.955584629132119,0.4331864249652429
roseiflexus,Chloroflexi,Bacteria,284,72.0,55.0,573.8049926757812,1.4352917385699995,6.8901384291448045,4.789453846153846,-0.49571690524438994,0.5823034896379232,0.101106942629679
viridibacillus,Firmicutes,Bacteria,1187,99.0,70.0,245.125,0.6035247185809189,7.531538316701186,4.51435,-0.33178361020893193,0.41561674791769354,0.6399218751274653
aliiroseovarius,Proteobacteria,Bacteria,1650,65.0,69.0,273.6789855957031,0.5629891984891605,11.266726141402184,3.372763260869565,0.6228808036131461,-0.27607614041168455,0.0424661196691209
endozoicomonas,Proteobacteria,Bacteria,3601,88.0,55.0,457.7330017089844,0.9556850372484952,6.075123073450326,5.5965944375,-0.7040240087465667,1.0713538506655618,0.0622214133260804
frondihabitans,Actinobacteria,Bacteria,525,118.0,78.0,88.05599975585938,1.7000652851394549,5.521108058781857,3.62246125,-0.8456228905295579,-0.1247829294873639,0.1520145496617582
idiomarina,Proteobacteria,Bacteria,5061,79.0,59.0,277.4840087890625,0.383703604330731,12.336206576404123,2.593990283950617,0.8962258027115616,-0.7479384276070054,0.1786640407306956
mariniphaga,Bacteroidetes,Bacteria,3208,61.0,69.0,347.3320007324219,0.7151635189689701,5.19401372604694,4.620704,-0.9292238589627584,0.4800571473405333,0.2741105437292584
ohtaekwangia,Bacteroidetes,Bacteria,14207,80.0,63.0,353.89898681640625,0.3050493990526188,4.899647312158112,4.89831175,-1.0044600058857263,0.6482610164275063,0.3781923340687406
psychrilyobacter,Fusobacteria,Bacteria,829,57.0,62.0,416.53900146484375,0.8437106099193256,5.089495281738492,3.340213333333333,-0.9559373855783327,-0.2957982978445907,0.058100491623745
spiribacter,Proteobacteria,Bacteria,1167,61.0,69.0,347.3320007324219,0.7151635189689701,14.14501728906886,1.9794956363636365,1.3585338042802397,-1.1202636860242,0.15433232093703
aminivibrio,Synergistetes,Bacteria,2501,53.0,57.0,388.6099853515625,1.0587489499263214,9.261032003718736,2.6994831666666665,0.110252012740702,-0.6840197832824944,0.1483435825471376
anabaena,Cyanobacteria,Bacteria,6056,91.0,62.0,283.8729858398437,0.21034728235903447,6.185297326991074,6.628622333333333,-0.6758649323865493,1.6966645096253854,0.1251106309504119
arenimonas,Proteobacteria,Bacteria,38485,63.0,70.0,353.89898681640625,0.7556462432672738,12.611196760964248,2.2202492380952377,0.9665096426871139,-0.9743899223851105,0.4315760179143287
cellulomonas,Actinobacteria,Bacteria,4716,91.0,66.0,277.4840087890625,0.20886871202845894,11.98476823203148,3.7547659770114943,0.8064028281327749,-0.044618859925800766,0.2990458512818353
coprothermobacter,Coprothermobacterota,Bacteria,1131,64.0,64.0,352.4700012207031,0.46764719003344085,14.758150803704297,1.2874241666666668,1.5152425897054989,-1.5395931135626528,0.1727156427068278
coxiella,Proteobacteria,Bacteria,5878,61.0,69.0,347.3320007324219,0.7151635189689701,4.079590472860126,1.9609811458333333,-1.2140556456583707,-1.1314817047624057,0.1864366538252503
duodenibacillus,Proteobacteria,Bacteria,3357,122.0,55.0,356.5710144042969,1.1204624390741047,21.95256273899261,1.9587690289855075,3.354038756146308,-1.1328220369853956,0.2123438712733117
olsenella,Actinobacteria,Bacteria,9379,91.0,61.0,280.3710021972656,0.26886243943663757,5.204463499299574,2.1135704,-0.9265530356668514,-1.0390271427700664,0.1879604770417558
thalassospira,Proteobacteria,Bacteria,9443,163.0,83.0,80.5999984741211,2.5686160298453236,11.495750707137232,4.436421883116883,0.6814164417281604,0.3683997276061129,0.1622171770647713
thermomonospora,Actinobacteria,Bacteria,428,80.0,66.0,245.48699951171875,0.2976033935629961,3.6395327631134937,6.3194925,-1.3265285533780204,1.5093612588448226,0.3314734685562764
dickeya,Proteobacteria,Bacteria,328,57.0,64.0,216.41900634765625,0.6140011133671682,11.004798225185144,4.816081032608695,0.5559355059910659,0.5984370298024392,0.1129221596160301
aminobacter,Proteobacteria,Bacteria,3077,91.0,66.0,339.3699951171875,0.29524890321830993,7.050365855234837,6.240810888888889,-0.45476490256465696,1.4616876927614357,0.614039667581298
ancylomarina,Bacteroidetes,Bacteria,7139,57.0,60.0,416.53900146484375,0.9404995468453271,5.254046272385521,4.3775785,-0.913880337204209,0.3327462391482917,0.0343048747185671
blattabacterium,Bacteroidetes,Bacteria,29,170.0,81.0,176.44400024414062,2.2889550143892277,6.378978154041096,0.62705968,-0.626362684600901,-1.939711127793041,0.1514406130916948
brachymonas,Proteobacteria,Bacteria,3975,116.0,63.0,280.3710021972656,0.5082016428470509,13.07410007700645,1.529742,1.084821584042058,-1.3927715744830023,0.1769143033314449
cupriavidus,Proteobacteria,Bacteria,7071,91.0,60.0,283.8729858398437,0.30713621928503587,7.344702933474352,6.807627272727273,-0.3795362534441477,1.8051244621726024,0.430233832196798
fluviicola,Bacteroidetes,Bacteria,32739,91.0,70.0,283.8729858398437,0.38398252268192673,5.680009927968868,3.8732326666666665,-0.8050096825940789,0.027160676336877885,0.2717919781590914
gallibacterium,Proteobacteria,Bacteria,364,99.0,62.0,233.7469940185547,0.46277177222228943,12.857847326543649,2.488752525,1.0295502523321167,-0.8117024912166703,0.268601141786204
lacrimispora,Firmicutes,Bacteria,3841,122.0,55.0,356.5710144042969,1.1204624390741047,8.263395670902863,4.84062504,-0.1447305877531601,0.6133083617667549,0.1985569603431581
mogibacterium,Firmicutes,Bacteria,3202,53.0,57.0,353.89898681640625,0.9584346013939511,8.280001366837148,1.57004805,-0.14048639235544125,-1.368349945196309,0.205699154278129
moritella,Proteobacteria,Bacteria,475,43.0,58.0,416.53900146484375,1.225520242359721,10.572910682584295,4.918229384615385,0.44555078451401336,0.6603292069062243,0.0310589513209675
planococcus,Firmicutes,Bacteria,4103,80.0,57.0,558.260986328125,1.186019814190413,10.575950492676943,3.5930576666666667,0.44632771961244067,-0.14259870185570708,0.199052219660709
smithella,Proteobacteria,Bacteria,66,153.0,70.0,182.2830047607422,1.5111740763650185,14.178096289761156,2.8212532333333336,1.3669883576488533,-0.610238715022289,0.213500812567025
thermotoga,Thermotogae,Bacteria,432,80.0,66.0,232.61099243164065,0.3348148918328602,8.737399395867081,1.7167579642857145,-0.023581529264067782,-1.2794577034765615,0.2237344921163814
burkholderia,Proteobacteria,Bacteria,57256,80.0,63.0,248.1009979248047,0.261597136142303,7.729159597230047,7.374669817974451,-0.28127423483369063,2.1486982638676206,0.4346008483552928
comamonas,Proteobacteria,Bacteria,13673,80.0,59.0,283.8729858398437,0.3517944155187394,9.322023706496989,5.363642227722773,0.12584068214997654,0.9302069878820486,0.2351354241730011
gimesia,Planctomycetes,Bacteria,3426,69.0,83.0,80.5999984741211,1.7447270951951743,5.705286903620057,7.536869,-0.7985492232341352,2.246975527306554,0.1366303083114989
hydrogenophaga,Proteobacteria,Bacteria,30247,63.0,59.0,334.0929870605469,0.669955318523593,9.593162463665085,4.690841020408163,0.1951401484216754,0.5225535048769673,0.2364599048893557
slackia,Actinobacteria,Bacteria,275,63.0,70.0,353.89898681640625,0.7556462432672738,7.474613010809714,2.4081514285714287,-0.3463329625657641,-0.8605390826732773,0.1342323972650737
sterolibacterium,Proteobacteria,Bacteria,4541,91.0,61.0,283.8729858398437,0.25874175082203515,9.820988835354395,2.749214,0.25336954404768985,-0.6538876325064945,0.2974654801749889
thermoflavifilum,Bacteroidetes,Bacteria,665,61.0,69.0,347.3320007324219,0.7151635189689701,4.330086069481644,2.7713075,-1.150032297131624,-0.640501074740463,0.5283508424873828
dysgonomonas,Bacteroidetes,Bacteria,5216,99.0,63.0,280.3710021972656,0.27963450741828894,6.40097552148424,4.218107054054054,-0.620740449553747,0.23612172410142382,0.1451514158571757
synechocystis,Cyanobacteria,Bacteria,6354,91.0,66.0,283.8729858398437,0.19040464882992394,10.311887328881747,3.782042875,0.37883668106025636,-0.028091656422449908,0.09938482869488
thiocapsa,Proteobacteria,Bacteria,188,72.0,59.0,297.5849914550781,0.4434415405726356,7.597076162738536,4.738665142857143,-0.3150330069443111,0.5515303703701231,0.1597950805044697
aromatoleum,Proteobacteria,Bacteria,1563,57.0,55.0,457.7330017089844,1.3015220309690694,7.158730698475728,5.028824454545454,-0.42706828745273334,0.7273392909697345,0.217213665434828
desulfobulbus,Proteobacteria,Bacteria,11587,65.0,62.0,309.7279968261719,0.4274671470419245,8.064488256376993,2.604009,-0.19556868190131857,-0.7418680394323598,0.1200072080591014
endobacter,Proteobacteria,Bacteria,1813,79.0,59.0,280.68798828125,0.3744441439569726,6.547863745218637,3.512596,-0.5831977698840869,-0.19135081214988897,0.4497707120793388
limosilactobacillus,Firmicutes,Bacteria,1438,122.0,55.0,356.5710144042969,1.1204624390741047,20.42532134797594,2.0073123600605145,2.963696134637989,-1.1034093995313403,0.1853013399678967
phaeobacter,Proteobacteria,Bacteria,3785,163.0,83.0,80.5999984741211,2.5686160298453236,8.699061078250308,4.253332591549296,-0.03338029420769451,0.25746504645956364,0.0721078334245479
rhodoplanes,Proteobacteria,Bacteria,94922,92.0,63.0,280.3710021972656,0.18551862812409278,8.172577004802694,5.75094,-0.1679426329582929,1.164872568312692,0.467008279803082
teredinibacter,Proteobacteria,Bacteria,522,54.0,63.0,314.0660095214844,0.5395058623729803,7.3876381766701,5.1437278181818185,-0.36856257535847925,0.7969597908828092,0.0387019353112963
thioalkalivibrio,Proteobacteria,Bacteria,1275,61.0,69.0,347.3320007324219,0.7151635189689701,8.792555921814047,2.8433143015873017,-0.00948425357597362,-0.5968718078069493,0.3265503095849045
agitococcus,Proteobacteria,Bacteria,5901,69.0,65.0,338.34600830078125,0.38805523527318614,8.537706970665496,2.9281867000000004,-0.07462026171791454,-0.5454472139629123,0.068302523265273
albidovulum,Proteobacteria,Bacteria,513,91.0,75.0,134.43099975585938,1.0578403223459887,11.036862978639505,2.899374583333333,0.5641308312323894,-0.5629046138370826,0.2683093797884506
clavibacter,Actinobacteria,Bacteria,530,99.0,70.0,216.41900634765625,0.6864846786435103,7.939705034320315,3.274680846153846,-0.22746161664258702,-0.3355047465819984,0.3810299166521557
cohnella,Firmicutes,Bacteria,7088,80.0,59.0,434.52099609375,0.7316238641676525,6.235518203831545,6.4148638,-0.6630291430767098,1.5671471875872818,0.2895718120484886
desulfatibacillum,Proteobacteria,Bacteria,627,78.0,59.0,318.0260009765625,0.4218450469254947,4.465993117904605,6.4935165,-1.115296260068379,1.6148032362895857,0.1973064640162913
ferrimicrobium,Actinobacteria,Bacteria,52,79.0,59.0,277.4840087890625,0.383703604330731,5.314378483144397,2.446193857142857,-0.8984602251986439,-0.8374889924824268,0.3007924580842442
fundicoccus,Firmicutes,Bacteria,472,79.0,57.0,309.7279968261719,0.4812077307685357,8.192465472616803,2.807457666666666,-0.16285940465528362,-0.6185975151263233,0.0699447653669924
fusobacterium,Fusobacteria,Bacteria,7033,79.0,59.0,277.4840087890625,0.383703604330731,11.937156221517464,2.3456172877697843,0.7942338304166047,-0.8984288189391637,0.150516485448025
longispora,Actinobacteria,Bacteria,14218,92.0,70.0,245.48699951171875,0.5083626652577525,2.197159188808828,8.64753,-1.6951800877720764,2.9199303617591448,0.5364544982507068
mesorhizobium,Proteobacteria,Bacteria,52127,99.0,67.0,246.9069976806641,0.45319136234158447,10.1778345308466,6.6811854519650655,0.34457456577622025,1.7285127556672732,0.4080621840626654
methyloversatilis,Proteobacteria,Bacteria,156,168.0,81.0,162.49099731445312,2.3023887658712607,9.66307403745611,3.932496,0.21300861842771326,0.06306861464788559,0.263375335817812
microbulbifer,Proteobacteria,Bacteria,765,74.0,65.0,273.9100036621094,0.24773755481413431,7.390940431165881,4.194324157894737,-0.36771856295523175,0.22171155308821958,0.1617960429925835
parapedobacter,Bacteroidetes,Bacteria,1337,99.0,66.0,216.41900634765625,0.49290680479150745,4.549390026315377,5.715051875,-1.093981117585841,1.143127781002983,0.276063403601492
parolsenella,Actinobacteria,Bacteria,536,57.0,56.0,309.7279968261719,0.8253949627275815,12.212759287912675,2.128921023255814,0.8646743148516313,-1.0297261264096644,0.0904692498567057
pseudochrobactrum,Proteobacteria,Bacteria,336,72.0,59.0,558.260986328125,1.1967918821720644,9.068267704926132,4.080161857142857,0.06098401740839339,0.1525400667362105,0.2992682587081297
ramlibacter,Proteobacteria,Bacteria,40743,87.0,64.0,277.4840087890625,0.0782419061777417,7.494340828010042,4.536756571428572,-0.34129079442658944,0.4291929971659919,0.4324390315023023
schaedlerella,Firmicutes,Bacteria,126,69.0,63.0,347.7680053710937,0.4352273216520903,7.065180264682416,4.104636953846154,-0.4509785362090305,0.16736964538368154,0.3099917369207449
thermobacillus,Firmicutes,Bacteria,2653,80.0,57.0,558.260986328125,1.186019814190413,7.795405312669307,3.9767015,-0.26434270954871836,0.08985293941880484,0.420384950384876
thioclava,Proteobacteria,Bacteria,49,80.0,65.0,278.1610107421875,0.15478144421942916,11.555866498516515,4.06719825,0.6967812398138225,0.14468535490359039,0.1315537017691278
alcaligenes,Proteobacteria,Bacteria,338,91.0,57.0,283.8729858398437,0.45231962467403797,11.069726990315056,4.065140905405405,0.5725304362628523,0.14343879993221098,0.1823858647093429
anaerocolumna,Firmicutes,Bacteria,4494,76.0,60.0,457.7330017089844,0.8040923019983905,6.498573833817386,5.539677,-0.5957956167886086,1.0368673019074093,0.3423197852424266
daejeonella,Bacteroidetes,Bacteria,15134,91.0,60.0,353.89898681640625,0.45396907667091807,4.147226050835986,3.3757504,-1.1967688899630233,-0.2742662184651963,0.2483465243598697
dermacoccus,Actinobacteria,Bacteria,6517,79.0,59.0,277.4840087890625,0.383703604330731,8.304637856778038,3.0103660666666667,-0.1341896326389639,-0.49565434098854366,0.3919903802055006
granulosicoccus,Proteobacteria,Bacteria,5831,57.0,63.0,309.1090087890625,0.48484481585636224,9.137460618862637,4.26814425,0.07866880749766346,0.2664395014558781,0.0304843203571505
lactococcus,Firmicutes,Bacteria,3511,69.0,58.0,335.697998046875,0.6423174948389538,18.444914762454754,2.439696825902336,2.4575305063412882,-0.8414255749165793,0.1586256583836592
moorella,Firmicutes,Bacteria,236,69.0,66.0,260.2439880371094,0.4028522643578289,12.341177984105911,2.755004428571429,0.8974964285119866,-0.6503791840233879,0.2351583959789494
petrimonas,Bacteroidetes,Bacteria,1960,116.0,63.0,280.3710021972656,0.5082016428470509,8.485647698484858,2.946151064516129,-0.0879259204673007,-0.534562519218974,0.2714964330436625
pseudodesulfovibrio,Proteobacteria,Bacteria,1731,64.0,63.0,416.53900146484375,0.7012002621621288,12.737086761043958,3.375968210526316,0.9986854551957604,-0.2741342460211481,0.0596016932916358
streptomyces,Actinobacteria,Bacteria,37186,91.0,66.0,248.1009979248047,0.29378524330549033,8.328481635432647,8.404893360416667,-0.12809547940199048,2.7729156564413793,0.3040047164998636
actinobacillus,Proteobacteria,Bacteria,474,79.0,59.0,277.4840087890625,0.383703604330731,14.581524075419408,2.331717852272727,1.4700991431274402,-0.9068505536664178,0.1494761206643097
aestuariibaculum,Bacteroidetes,Bacteria,24,88.0,62.0,152.51199340820312,0.5496435189681955,3.9853930363476566,4.0146605,-1.2381312597190686,0.11285247983751569,0.0893344490771789
bacillus,Firmicutes,Bacteria,61634,85.0,61.0,309.7279968261719,0.20695910323579336,14.084513488511012,4.046998147752559,1.3430698362003508,0.13244601592990543,0.2386321330968183
butyrivibrio,Firmicutes,Bacteria,3918,99.0,61.0,233.7469940185547,0.51116624068529,6.891950152889572,3.6274203157894735,-0.49525385271049377,-0.12177820770691554,0.0911218689051827
caproiciproducens,Firmicutes,Bacteria,3512,99.0,63.0,280.3710021972656,0.27963450741828894,12.668872454633334,2.446942307692308,0.9812507841965874,-0.8370355026996743,0.2342336039177318
chelativorans,Proteobacteria,Bacteria,3518,61.0,69.0,347.3320007324219,0.7151635189689701,6.445277617858658,4.809723,-0.6094174219440821,0.5945846673069266,0.4077297724526669
cysteiniphilum,Proteobacteria,Bacteria,370,57.0,61.0,312.2059936523437,0.5905840000263318,5.80456866601572,3.2732837000000004,-0.7731741229851229,-0.3363512841471667,0.065617549724218
desulfobacter,Proteobacteria,Bacteria,2664,69.0,65.0,193.58799743652344,0.5470927691038319,10.285832931601124,4.180507333333334,0.37217752305408985,0.21333987272366212,0.0551473842493284
labrys,Proteobacteria,Bacteria,21043,91.0,64.0,283.8729858398437,0.11355834543303307,4.920020076756925,6.5040385,-0.999252997754825,1.6211785666272045,0.5436890268034305
lysinibacillus,Firmicutes,Bacteria,11149,80.0,57.0,356.5710144042969,0.6031383359016517,9.721070973977785,4.731988905660378,0.2278318653449881,0.5474852061863485,0.2632429483690517
macellibacteroides,Bacteroidetes,Bacteria,2998,116.0,63.0,280.3710021972656,0.5082016428470509,7.715342511517031,3.629132466666667,-0.284805698484786,-0.12074080726688974,0.2330530084844095
mucilaginibacter,Bacteroidetes,Bacteria,27673,90.0,63.0,277.4840087890625,0.16697175148111218,6.806534400417924,5.142117550724637,-0.5170849849296735,0.7959841220963193,0.3753880365366784
oharaeibacter,Proteobacteria,Bacteria,1279,78.0,70.0,239.19900512695312,0.5362437432076819,5.24168925129122,4.960233,-0.917038627724853,0.6857793992129351,0.2294571541793425
pararheinheimera,Proteobacteria,Bacteria,128,82.0,64.0,183.4409942626953,0.3731790125514804,7.305370582066829,4.2434534500000005,-0.389589080226349,0.25147922714490334,0.320836833564965
patiriisocius,Bacteroidetes,Bacteria,1212,63.0,58.0,338.22100830078125,0.7302797163725918,9.65855790486562,1.86363225,0.211854354900795,-1.1904658683187592,0.0472956755977245
prosthecochloris,Chlorobi,Bacteria,479,78.0,65.0,114.02400207519533,0.6560255829556533,10.968101927173851,2.3705104285714285,0.5465564194565901,-0.8833459453646207,0.0858418424775541
sanguibacter,Actinobacteria,Bacteria,895,122.0,55.0,356.5710144042969,1.1204624390741047,6.703569431122384,4.3260535,-0.5434014639583026,0.3015269941714989,0.4248915230580129
shimia,Proteobacteria,Bacteria,1997,69.0,60.0,216.41900634765625,0.646237479857692,10.225968176849008,4.302771066666667,0.35687688659717853,0.28742005598830256,0.0288856632485175
tannerella,Bacteroidetes,Bacteria,1200,79.0,77.0,122.29900360107422,1.1993994287237895,7.511411951713145,3.0620075357142857,-0.33692764187090474,-0.46436452685639257,0.2416859899382074
xenorhabdus,Proteobacteria,Bacteria,23,118.0,62.0,176.44400024414062,0.8838340890735848,10.345642148118664,4.446316559322034,0.38746396467565547,0.3743949594433699,0.2276659175280985
oleispira,Proteobacteria,Bacteria,3873,69.0,60.0,338.22100830078125,0.552820025765851,10.145489489748458,3.154111,0.3363076027346817,-0.4085585954687748,0.087139204508043
sinorhizobium,Proteobacteria,Bacteria,873,80.0,57.0,558.260986328125,1.186019814190413,7.849521829079761,6.879399940000001,-0.2505112464893703,1.8486118660003585,0.2963866549752783
ferrithrix,Actinobacteria,Bacteria,195,65.0,65.0,372.87200927734375,0.5416154456453536,7.408127642039273,1.88981625,-0.3633257400601753,-1.1746008569558803,0.2231754083599383
sinomonas,Actinobacteria,Bacteria,469,122.0,61.0,344.0379943847656,0.7938753583108085,4.721631352111836,4.447615333333333,-1.0499585216563907,0.3751818928548834,0.4621842439266184
tissierella,Firmicutes,Bacteria,7159,72.0,57.0,356.5710144042969,0.7106993408093044,9.709452949668744,3.501742083333333,0.22486245259058435,-0.1979272523900515,0.2805377878457533
rivularia,Cyanobacteria,Bacteria,28,57.0,66.0,229.8600006103516,0.6520031126532455,5.253346045634802,8.37561425,-0.9140593058643918,2.7551753028110935,0.1514358661577481
mesotoga,Thermotogae,Bacteria,31,78.0,64.0,203.69900512695312,0.36841411878596525,6.75123930682314,2.666177153846154,-0.5312176766687098,-0.7042000564206562,0.1312473955736906
acholeplasma,Tenericutes,Bacteria,91,139.0,67.0,176.44400024414062,1.1946335618900636,10.126890256401287,1.4812049523809525,0.3315538856435369,-1.4221804047609123,0.1590991255640901
actinomyces,Actinobacteria,Bacteria,5301,79.0,59.0,277.4840087890625,0.383703604330731,14.623089887968478,2.9405549941520466,1.480722812922512,-0.5379532051307383,0.2403403045841251
amycolatopsis,Actinobacteria,Bacteria,12722,88.0,63.0,248.1009979248047,0.22499803153123035,5.580340254721958,9.139227658536583,-0.8304839277061614,3.21785233471148,0.4040973705765786
brevibacillus,Firmicutes,Bacteria,6410,78.0,59.0,334.0929870605469,0.4682784343217441,8.162313624332864,5.758171293478261,-0.17056581673375606,1.1692540437633843,0.3189882444859792
corallincola,Proteobacteria,Bacteria,1242,57.0,62.0,308.3269958496094,0.5309792767749049,6.06948155733559,4.283726666666667,-0.7054659053599381,0.27588096255723,0.0780070013168683
desulforhopalus,Proteobacteria,Bacteria,9897,61.0,67.0,393.3469848632813,0.7513573065571991,7.894136449425622,4.9403757142857145,-0.23910834190215974,0.6737477744232516,0.0946481432694044
ehrlichia,Proteobacteria,Bacteria,88,57.0,59.0,416.53900146484375,0.9888940153083278,5.070318235231619,1.3805839545454546,-0.9608387840411499,-1.4831471506364242,0.2650102702466416
eubacterium,Firmicutes,Bacteria,9128,99.0,61.0,309.7279968261719,0.38548200844002617,5.336496105790917,4.309944117647059,-0.8928072545182022,0.29176624202979484,0.1477864053016989
flavitalea,Bacteroidetes,Bacteria,64022,99.0,64.0,280.3710021972656,0.23124003895528822,3.033657980242089,3.2963505,-1.4813821033426222,-0.3223749992363336,0.4670311839899574
glycocaulis,Proteobacteria,Bacteria,1959,61.0,69.0,347.3320007324219,0.7151635189689701,5.581489617600808,2.86661825,-0.8301901658150591,-0.582751833533828,0.1113891782989489
gramella,Bacteroidetes,Bacteria,994,69.0,65.0,314.0660095214844,0.31788634464202087,4.9805776494710265,3.614038625,-0.9837752862257607,-0.12988623842909439,0.1018730333029849
ketobacter,Proteobacteria,Bacteria,1342,70.0,64.0,314.0660095214844,0.27598938409467405,7.8121264318447805,5.120244833333333,-0.26006901350309036,0.7827313375733246,0.0473792402302025
laribacter,Proteobacteria,Bacteria,20,57.0,56.0,309.7279968261719,0.8253949627275815,8.835476850128744,3.16904231372549,0.001485765816164831,-0.3995116407667577,0.2806664365655924
maridesulfovibrio,Proteobacteria,Bacteria,219,83.0,74.0,64.48500061035156,1.1675172612748277,9.99496649885328,3.701863333333333,0.29783592483955623,-0.07667282582407356,0.0434907931942123
methylobacillus,Proteobacteria,Bacteria,32567,91.0,66.0,283.8729858398437,0.19040464882992394,7.481396402638552,2.9406275,-0.34459921768118884,-0.5379092734892145,0.3456417341122065
methylobacter,Proteobacteria,Bacteria,15671,84.0,62.0,371.6130065917969,0.35085665907948244,5.082496370419925,4.918842666666667,-0.9577262143829104,0.6607007974467164,0.139305028910594
polymorphobacter,Proteobacteria,Bacteria,24206,78.0,60.0,291.7300109863281,0.3075834945796813,7.92869754016916,3.153103,-0.23027498599498455,-0.40916934751024203,0.4162494579782052
rectinema,Spirochaetes,Bacteria,4491,53.0,57.0,388.6099853515625,1.0587489499263214,12.30625605321604,2.1127465483870966,0.8885708466544846,-1.0395263184193193,0.1292341050565808
rhodocyclus,Proteobacteria,Bacteria,7560,76.0,70.0,192.9320068359375,0.696845036697201,9.80544025634392,3.3654786666666667,0.24939553369976564,-0.28048991102744014,0.1997636052849695
rhodothermus,Bacteroidetes,Bacteria,188,113.0,67.0,176.44400024414062,0.8450602959401922,9.549838481425349,3.2461282,0.18406711379786866,-0.35280493202620244,0.1227200482883658
roseiarcus,Proteobacteria,Bacteria,17235,80.0,54.0,558.260986328125,1.3312032195794152,7.096894124412675,4.368108,-0.4428728947445758,0.3270080177110726,0.288645953505201
spiroplasma,Tenericutes,Bacteria,701,163.0,83.0,80.5999984741211,2.5686160298453236,3.152940455661734,1.585821258064516,-1.4508950864052992,-1.3587928826706215,0.2096431403136377
spirosoma,Bacteroidetes,Bacteria,7823,79.0,59.0,277.4840087890625,0.383703604330731,3.8949248864431176,7.1888421,-1.2612537176385972,2.036104357008372,0.2644446383044672
tagaea,Proteobacteria,Bacteria,8210,118.0,79.0,80.5999984741211,1.7700075033877738,7.803449916683828,4.35704725,-0.2622866155753,0.320306256160814,0.4493757576672298
thermomonas,Proteobacteria,Bacteria,22699,82.0,65.0,353.89898681640625,0.25821651429659515,10.377280130032045,2.6018378285714285,0.39555021277758834,-0.7431835626291611,0.4819630984230763
yeosuana,Bacteroidetes,Bacteria,802,57.0,83.0,416.53900146484375,1.6464739402612267,5.91232576293861,3.0444871818181816,-0.7456328397626936,-0.47498019343305603,0.1289682867520158
acetivibrio,Firmicutes,Bacteria,6296,80.0,57.0,558.260986328125,1.186019814190413,3.635392902216129,4.676248333333333,-1.3275866468561452,0.5137117256890235,0.2407723000954286
acidithiobacillus,Proteobacteria,Bacteria,1324,79.0,59.0,277.4840087890625,0.383703604330731,11.25905245343472,3.019792308510638,0.6209195108564961,-0.489942935780636,0.2543910273276485
ancylobacter,Proteobacteria,Bacteria,23397,80.0,65.0,353.89898681640625,0.2851067655235083,10.425739231827365,4.795823,0.4079357157779567,0.5861625905446285,0.5917050850705313
iodidimonas,Proteobacteria,Bacteria,1165,163.0,83.0,80.5999984741211,2.5686160298453236,8.425608727762292,2.9671446666666665,-0.10327108421309641,-0.5218423948427884,0.2661697186833268
labilithrix,Proteobacteria,Bacteria,74653,91.0,63.0,296.0050048828125,0.14147279275060007,3.4515007340910624,8.69187125,-1.3745870433900573,2.9467969381070778,0.4620079702073633
nakamurella,Actinobacteria,Bacteria,27472,92.0,64.0,277.4840087890625,0.14546753424502468,4.680840772619578,4.4863735,-1.0603840521753432,0.3986656521953596,0.4316802172124949
rhodoluna,Actinobacteria,Bacteria,7743,91.0,70.0,283.8729858398437,0.38398252268192673,20.09208761869191,1.194500066666667,2.8785260179630257,-1.595896272071105,0.1345866693254966
schwartzia,Firmicutes,Bacteria,38,76.0,71.0,189.6820068359375,0.7546319642218445,9.272405501524238,1.9412438333333333,0.11315892776751617,-1.1434406372053172,0.071448319199258
vagococcus,Firmicutes,Bacteria,867,122.0,55.0,356.5710144042969,1.1204624390741047,11.765454618471097,2.7198269032258064,0.7503491804558781,-0.671693415589469,0.2934428362668546
zobellella,Proteobacteria,Bacteria,1904,91.0,70.0,283.8729858398437,0.38398252268192673,7.050882205165841,4.1129605,-0.4546329303781582,0.172412921976647,0.1923946024103524
agarivorans,Proteobacteria,Bacteria,2078,63.0,55.0,457.7330017089844,1.2208512772883298,5.415195726521925,4.801303833333333,-0.872692676398104,0.5894834537859731,0.0748788797945281
amylibacter,Proteobacteria,Bacteria,8157,63.0,63.0,363.1029968261719,0.5602160074720502,18.990764509874182,2.0009726296296297,2.5970424542302304,-1.1072506726494116,0.0504864335761149
asticcacaulis,Proteobacteria,Bacteria,20781,79.0,59.0,277.4840087890625,0.383703604330731,3.9483192875745576,4.3056295,-1.2476068176566377,0.28915199447414763,0.6676675192226199
aureimonas,Proteobacteria,Bacteria,2695,79.0,59.0,277.4840087890625,0.383703604330731,9.78231969058219,4.702361142857143,0.24348622407571127,0.5295336024004482,0.34961286424902
blastochloris,Proteobacteria,Bacteria,228,101.0,79.0,217.08399963378903,1.147003323817039,11.812405047727038,3.724897666666666,0.7623490867866678,-0.06271621262251235,0.4894314383656025
fermentimonas,Bacteroidetes,Bacteria,1905,80.0,66.0,260.2439880371094,0.2549558826098064,7.425679500481575,2.5586884,-0.35883971808813436,-0.7693280086491524,0.2983093594170452
gemmata,Planctomycetes,Bacteria,5910,91.0,66.0,260.2439880371094,0.2586921548391035,3.717213074370636,7.263506142857143,-1.3066744972255022,2.081343659190127,0.3315550453812717
gryllotalpicola,Actinobacteria,Bacteria,339,79.0,59.0,277.4840087890625,0.383703604330731,5.0239552954103655,2.786649,-0.9726885358728583,-0.631205586204578,0.2267792592542121
haematobacter,Proteobacteria,Bacteria,9799,63.0,63.0,353.89898681640625,0.5336165344813809,8.649627173438072,4.1620291,-0.04601494391618347,0.20214382239524498,0.2005629972467938
ignavigranum,Firmicutes,Bacteria,204,84.0,68.0,178.0070037841797,0.5356281656815566,15.098494246258872,1.9207213333333333,1.6022298546927851,-1.155875318525768,0.0252391929436147
intestinibacter,Firmicutes,Bacteria,2409,57.0,56.0,335.697998046875,0.9004479391264345,7.2046264773023205,3.053593419354838,-0.4153379357685034,-0.4694626803719449,0.1159693927526538
lacticaseibacillus,Firmicutes,Bacteria,3720,83.0,61.0,277.4840087890625,0.23313416495090322,15.324064874743527,2.936557654109589,1.6598827123064501,-0.5403752126618597,0.1785199451155759
meiothermus,Deinococcus-Thermus,Bacteria,906,63.0,70.0,353.89898681640625,0.7556462432672738,9.542306969607491,3.0390973684210527,0.18214215937730627,-0.47824590725788213,0.1951987873547681
methylomonas,Proteobacteria,Bacteria,14195,91.0,62.0,283.8729858398437,0.21034728235903447,9.15447329445223,4.041739902439024,0.0830170214915832,0.12926001983885585,0.0646533198866627
parvimonas,Firmicutes,Bacteria,752,75.0,66.0,205.00799560546875,0.4818128330289064,13.685404501960845,1.607552045454545,1.2410628784306863,-1.3456260942170957,0.1754955869939074
prevotella,Bacteroidetes,Bacteria,6180,99.0,61.0,233.7469940185547,0.51116624068529,19.482781996052854,2.925660206614641,2.7227955909069848,-0.5469780284399579,0.1831900228717883
rubellimicrobium,Proteobacteria,Bacteria,20397,92.0,65.0,248.1009979248047,0.25883590045594623,5.049862451626983,4.5545795,-0.9660670107276498,0.4399919951917135,0.2859560354470342
ruminiclostridium,Firmicutes,Bacteria,5863,81.0,60.0,434.52099609375,0.6697842700911952,7.429673275894747,4.710839723404256,-0.3578189621201106,0.5346708150769311,0.2252638563094411
sharpea,Firmicutes,Bacteria,184,99.0,61.0,233.7469940185547,0.51116624068529,9.641386733795352,1.970670871794872,0.20746563156644734,-1.1256106532621384,0.1391876797062744
thiomicrorhabdus,Proteobacteria,Bacteria,2515,57.0,63.0,416.53900146484375,0.7953161414563249,14.807857946872543,2.2285465,1.527947075509846,-0.9693625715449088,0.0806103766148898
victivallis,Lentisphaerae,Bacteria,1423,116.0,57.0,356.5710144042969,0.9430027484673636,6.045993500324449,4.3003685,-0.7114691408679559,0.2859643293053382,0.2029098798990133
aequorivita,Bacteroidetes,Bacteria,3568,163.0,83.0,80.5999984741211,2.5686160298453236,8.344793350630235,3.115715261904762,-0.12392642157722505,-0.4318227575970622,0.3162774529269461
bartonella,Proteobacteria,Bacteria,1930,79.0,59.0,277.4840087890625,0.383703604330731,13.099217342660149,1.8321705314285717,1.0912412236472018,-1.2095286747131764,0.3641372698674635
chlorobaculum,Chlorobi,Bacteria,782,81.0,63.0,532.343994140625,0.8073080968383325,12.040244517299072,2.242479375,0.8205818300575984,-0.9609205756622107,0.1625188521612019
cronobacter,Proteobacteria,Bacteria,216,122.0,55.0,356.5710144042969,1.1204624390741047,11.357958645274495,4.49024350174216,0.6461986202580834,0.4010105048387194,0.2285854369213915
dehalobacter,Firmicutes,Bacteria,1790,76.0,66.0,346.6440124511719,0.3663149519114944,8.426509962389947,3.085500416666666,-0.10304074060846251,-0.4501300774500268,0.1949582069797232
ferrovibrio,Proteobacteria,Bacteria,7487,101.0,70.0,192.9320068359375,0.7812520626072376,6.861872451743596,4.3719845,-0.5029413137649956,0.3293568076800687,0.5391727206524924
flectobacillus,Bacteroidetes,Bacteria,6895,91.0,66.0,283.8729858398437,0.19040464882992394,2.9625898960871595,6.75085,-1.4995461620420412,1.7707228399234627,0.2813904634939416
fusicatenibacter,Firmicutes,Bacteria,2032,122.0,55.0,356.5710144042969,1.1204624390741047,7.719645658502658,3.2384906129032256,-0.2837058712505418,-0.3574325827317975,0.1261229170726467
lactiplantibacillus,Firmicutes,Bacteria,3931,99.0,61.0,309.7279968261719,0.38548200844002617,12.377622546513695,3.312429333333333,0.9068111747686395,-0.31263275689233866,0.212575765466479
lentilactobacillus,Firmicutes,Bacteria,76,79.0,59.0,277.4840087890625,0.383703604330731,16.586936848219484,2.6526899090909093,1.9826560208715327,-0.712372042797676,0.2352400328297431
limnobacter,Proteobacteria,Bacteria,1916,78.0,62.0,239.19900512695312,0.36260850288478963,8.649755062923333,3.2370858823529414,-0.04598225706181066,-0.35828371571919604,0.1507716944962384
loigolactobacillus,Firmicutes,Bacteria,816,122.0,55.0,356.5710144042969,1.1204624390741047,10.823643768592984,2.864100173913044,0.5096348321748418,-0.5842775479293425,0.1809260926749271
luteibacter,Proteobacteria,Bacteria,225,75.0,63.0,248.1009979248047,0.328822764209586,6.0887978094941,4.598608933333334,-0.7005289277808737,0.46666964032364394,0.6710911864717002
meridianimaribacter,Bacteroidetes,Bacteria,330,95.0,72.0,117.16300201416016,1.016341715369414,6.693227964347001,3.286904333333333,-0.5460446055566698,-0.3280984769900121,0.0029371410441129
methylocaldum,Proteobacteria,Bacteria,2596,64.0,62.0,371.6130065917969,0.6197591713486144,6.007506556133258,5.659586,-0.7213058927906059,1.1095207409354977,0.2911146873267851
methylomicrobium,Proteobacteria,Bacteria,4221,76.0,66.0,346.6440124511719,0.3663149519114944,4.656569671429118,4.5097575,-1.0665874233786805,0.4128341301097182,0.1560746424274528
nonlabens,Bacteroidetes,Bacteria,4190,63.0,55.0,374.2590026855469,0.9796124715839417,8.581435965733462,3.146326571428572,-0.06344371119279343,-0.41327521812914836,0.086108193867861
paenalcaligenes,Proteobacteria,Bacteria,294,122.0,55.0,356.5710144042969,1.1204624390741047,11.446866792238794,2.6208045,0.6689223621391155,-0.7316915653128502,0.132146188560554
peptoniphilus,Firmicutes,Bacteria,2057,99.0,57.0,309.7279968261719,0.579059882292029,4.425451880125572,2.25965625,-1.1256580621560799,-0.9505130245984406,0.188500981208716
phascolarctobacterium,Firmicutes,Bacteria,4247,122.0,55.0,356.5710144042969,1.1204624390741047,8.85823127792359,2.257787065217391,0.007301495437301645,-0.9516455726359984,0.1868778545393424
piscibacillus,Firmicutes,Bacteria,77,77.0,66.0,178.0070037841797,0.5329551080497513,5.0113950771729785,2.9931785,-0.9758987608853132,-0.5060683701844996,0.2496105261724099
polynucleobacter,Proteobacteria,Bacteria,11745,91.0,62.0,283.8729858398437,0.21034728235903447,17.80694008106694,1.9655257916666669,2.2944726485241436,-1.1287280820238592,0.1023659418434681
pseudobacter,Bacteroidetes,Bacteria,31561,80.0,59.0,334.0929870605469,0.4413881830948309,2.183761051838056,7.7847345,-1.6986044736872703,2.3971584242652195,0.5021187690297275
pusillimonas,Proteobacteria,Bacteria,3784,163.0,83.0,80.5999984741211,2.5686160298453236,8.705563163183303,4.13528675,-0.0317184476306282,0.1859405040855867,0.3224627271266965
salirhabdus,Firmicutes,Bacteria,196,91.0,66.0,334.0929870605469,0.27999841640601547,7.406052570012655,3.7806915,-0.3638561009182905,-0.028910461025662228,0.1642573555085167
silvanigrella,Proteobacteria,Bacteria,1753,65.0,66.0,283.8729858398437,0.3883452608024758,4.155028547123633,3.6100835,-1.1947746755099946,-0.13228266766323005,0.1753254471730236
syntrophus,Proteobacteria,Bacteria,16171,53.0,57.0,371.6130065917969,1.0096278954116402,7.818687017366371,2.8137716666666663,-0.25839221495232395,-0.6147718321999095,0.1585372943803732
thermoflexus,Chloroflexi,Bacteria,32,83.0,55.0,573.8049926757812,1.2873953568219771,10.49859429997967,3.2385288,0.426556503860322,-0.35740944498644756,0.1315506583511158
bifidobacterium,Actinobacteria,Bacteria,1392,65.0,57.0,309.7279968261719,0.6694394893569281,26.39955482499431,2.2348861710403,4.490630888134764,-0.9655213344118783,0.2320278387287608
centipeda,Firmicutes,Bacteria,90,70.0,77.0,122.29900360107422,1.3204055592448987,13.313205267604385,2.1782883548387098,1.145933696025949,-0.9998142230901692,0.007291176513979
chelatococcus,Proteobacteria,Bacteria,28325,72.0,68.0,347.3320007324219,0.518872668757947,6.083942002671222,6.73905175,-0.7017700075315465,1.7635742235809602,0.4902855983690348
corynebacterium,Actinobacteria,Bacteria,10397,122.0,55.0,356.5710144042969,1.1204624390741047,24.0746616948328,2.5337843070539416,3.896419072967936,-0.7844175181805996,0.1360036418950682
flavihumibacter,Bacteroidetes,Bacteria,888,72.0,65.0,295.40399169921875,0.22361797136987227,3.612725296844437,3.5983915,-1.3333801858187138,-0.13936690662040935,0.4021921590028121
hydrogenophilus,Proteobacteria,Bacteria,3131,75.0,69.0,277.4840087890625,0.4175414732554468,10.208911602006715,2.0570263333333334,0.3525174525371434,-1.0732874643469859,0.3136468339911857
jeotgalicoccus,Firmicutes,Bacteria,773,122.0,55.0,356.5710144042969,1.1204624390741047,15.730183958589723,2.1614496111111112,1.7636813578680088,-1.0100168987919322,0.0705972615046082
leminorella,Proteobacteria,Bacteria,223,118.0,64.0,145.98300170898438,0.8750770542147285,6.604734698421916,4.239383,-0.5686623093526856,0.24901292193935654,0.2164530471223081
methylotuvimicrobium,Proteobacteria,Bacteria,6977,71.0,66.0,347.3320007324219,0.4355288574454022,4.172396675315118,5.0330785,-1.1903356125505737,0.7299168375430075,0.143373550166434
nocardiopsis,Actinobacteria,Bacteria,482,122.0,55.0,356.5710144042969,1.1204624390741047,6.633510823277863,6.331488878048781,-0.561307513916161,1.516629921923699,0.2105163313963832
oceanobacter,Proteobacteria,Bacteria,468,80.0,72.0,239.9969940185547,0.6038362510618428,6.478196222310288,3.550371,-0.6010038637249123,-0.16846275821493775,0.016525138797163
oscillibacter,Firmicutes,Bacteria,11128,122.0,55.0,356.5710144042969,1.1204624390741047,8.61413781832931,2.4378528,-0.05508555187002633,-0.8425428790677405,0.1517047370899953
romboutsia,Firmicutes,Bacteria,8535,71.0,57.0,388.6099853515625,0.8167366888841028,9.848091666280393,2.4370203703703703,0.260296667772976,-0.8430472521785285,0.1914733406695916
roseimaritima,Planctomycetes,Bacteria,420,61.0,69.0,347.3320007324219,0.7151635189689701,5.536490083391285,5.960455,-0.8416914492751059,1.2918187131222554,0.2206280444735676
rubrivirga,Rhodothermaeota,Bacteria,7022,63.0,70.0,353.89898681640625,0.7556462432672738,5.662306341258815,4.768375,-0.8095344842967762,0.5695317155107027,0.3184257512269591
sinomicrobium,Bacteroidetes,Bacteria,499,57.0,76.0,182.71299743652344,1.2722020425722778,3.1699760750717463,5.3628165,-1.4465410082755181,0.9297066754888149,0.3027565015026778
actinoalloteichus,Actinobacteria,Bacteria,2408,75.0,63.0,248.1009979248047,0.328822764209586,4.280715894695612,6.540962,-1.162650658291594,1.6435506926223644,0.4298603188883119
anaeromyxobacter,Proteobacteria,Bacteria,44206,78.0,64.0,353.89898681640625,0.28354518181653127,7.515200732250328,5.189482142857143,-0.3359592798713525,0.8246825559635792,0.1752071643827183
desulfacinum,Proteobacteria,Bacteria,82,79.0,59.0,277.4840087890625,0.383703604330731,9.730595940617787,3.596902,0.23026632034987954,-0.14026940182454192,0.2444278436151969
desulfosalsimonas,Proteobacteria,Bacteria,521,61.0,69.0,347.3320007324219,0.7151635189689701,10.842162241573677,2.76697575,0.5143679079886153,-0.6431257028710448,0.0694736498402955
halioglobus,Proteobacteria,Bacteria,3443,85.0,66.0,310.7950134277344,0.14170566578161115,9.819087486179328,4.0736983,0.2528835844438157,0.14862376641861064,0.0468193423019382
mobilitalea,Firmicutes,Bacteria,1800,76.0,64.0,527.198974609375,0.8112702148061165,8.716014838923515,4.359790650000001,-0.029047138084156696,0.3219684953974828,0.2250031704373745
prochlorothrix,Cyanobacteria,Bacteria,1400,91.0,66.0,283.8729858398437,0.19040464882992394,5.907725622307286,5.585906,-0.7468085746294278,1.064877675047286,0.1174995158994424
pseudoclavibacter,Actinobacteria,Bacteria,6906,63.0,65.0,334.0929870605469,0.4564348111424797,10.651231275719802,3.943206086956522,0.4655684882132621,0.06955790777585093,0.3906014684135453
saccharofermentans,Firmicutes,Bacteria,4265,57.0,57.0,335.697998046875,0.8520534706634336,11.939189662344608,2.3452177904761906,0.794753550892895,-0.8986708762681548,0.1735227553335353
thermopolyspora,Actinobacteria,Bacteria,2020,80.0,57.0,380.5329895019531,0.6723881420988347,4.126659916711967,5.8158415,-1.2020253207770921,1.2041966988873904,0.2766267612955284
alkalibaculum,Firmicutes,Bacteria,4263,81.0,57.0,603.760986328125,1.304069115439958,6.119113372678159,3.105025,-0.6927806723476646,-0.4383000386309457,0.4694021160585988
alkalimarinus,Proteobacteria,Bacteria,1867,63.0,59.0,416.53900146484375,0.9082232616275882,5.391810420627573,4.822128,-0.8786696500849542,0.6021009163886757,0.0550930447903117
anaerobutyricum,Firmicutes,Bacteria,4077,99.0,61.0,233.7469940185547,0.51116624068529,8.993465781557097,3.1133714943820223,0.04186563898211424,-0.43324285759630654,0.1040638147659401
arcanobacterium,Actinobacteria,Bacteria,273,99.0,61.0,233.7469940185547,0.51116624068529,16.930907444678287,1.9490981276595745,2.070570338236995,-1.138681682548534,0.1175324174571517
blautia,Firmicutes,Bacteria,5051,122.0,55.0,356.5710144042969,1.1204624390741047,7.697036243722306,4.15744437037037,-0.2894845374705926,0.1993659126919984,0.1020787283372555
calditerrivibrio,Deferribacteres,Bacteria,130,100.0,70.0,296.2569885253906,0.485236861610562,12.203160935060426,1.4750276666666668,0.8622211033052792,-1.425923251844967,0.1036867100755602
chitinophaga,Bacteroidetes,Bacteria,18575,96.0,66.0,231.21099853515625,0.40982275685537256,3.851783949084105,7.00973895652174,-1.27227996842128,1.9275849021347868,0.400578205283389
enterocloster,Firmicutes,Bacteria,1232,122.0,56.0,356.5710144042969,1.072067970611104,7.683876204723824,4.945420642857143,-0.2928480687054287,0.6768045208756892,0.2172223340346623
lacibacter,Bacteroidetes,Bacteria,5621,79.0,59.0,309.7279968261719,0.3844187938425343,3.880538724103814,3.6077465,-1.264930629719424,-0.13369866718794154,0.3887696847044024
lentzea,Actinobacteria,Bacteria,3105,99.0,74.0,120.12100219726562,1.1583625714802723,4.008889633639774,9.4789339375,-1.2321258414286274,3.423682000759295,0.3611272358367471
leucobacter,Actinobacteria,Bacteria,6823,72.0,57.0,335.697998046875,0.6503765864615848,11.389151765947924,3.3365083529411765,0.6541711677337553,-0.29804316325937846,0.3407597598745197
marinicauda,Proteobacteria,Bacteria,3141,61.0,60.0,294.32598876953125,0.5335249771481855,6.506315424777584,3.22763325,-0.593816968928602,-0.3640111110632434,0.3706487538068413
marinobacter,Proteobacteria,Bacteria,3253,69.0,59.0,277.4840087890625,0.5181548604652969,13.684572461370982,4.019124467005077,1.2408502199033842,0.11555721888651765,0.1025147739995352
niveispirillum,Proteobacteria,Bacteria,608,106.0,55.0,457.7330017089844,1.1976972982907137,6.74052445636951,6.08261275,-0.5339562501776136,1.365834680576187,0.265524233571206
nodularia,Cyanobacteria,Bacteria,2235,42.0,62.0,371.6130065917969,0.9155519348446596,7.600914777625924,4.867835133333334,-0.31405190794652493,0.6297950880086716,0.2922952748567264
ornithinimicrobium,Actinobacteria,Bacteria,1649,79.0,59.0,277.4840087890625,0.383703604330731,6.789944599031365,3.6819151666666654,-0.5213251178920343,-0.08875951581931052,0.2686339160414247
phaeodactylibacter,Bacteroidetes,Bacteria,184,136.0,79.0,64.48500061035156,2.058591905265045,3.646355552221004,6.8561608,-1.3247847390721161,1.834531159455768,0.0297945147618793
priestia,Firmicutes,Bacteria,17017,99.0,66.0,245.48699951171875,0.408900670699946,7.511172925704559,5.458534959259261,-0.33698873374501753,0.9877029496938808,0.3050944111160189
proteiniclasticum,Firmicutes,Bacteria,1957,63.0,57.0,335.697998046875,0.7713827169826941,5.919398956765128,2.8719132000000003,-0.7438250253353741,-0.5795435978969551,0.3527512139613846
psychroserpens,Bacteroidetes,Bacteria,496,57.0,63.0,342.3429870605469,0.580890594431885,6.370057593283216,3.767626846153846,-0.6286426614873559,-0.03682639754114177,0.0212836802096112
qipengyuania,Proteobacteria,Bacteria,10333,91.0,66.0,334.0929870605469,0.27999841640601547,14.72997278305676,2.9192178854166664,1.5080406617632809,-0.5508814617965568,0.3614153398352179
rhodopila,Proteobacteria,Bacteria,16492,89.0,63.0,271.9849853515625,0.16941873433403523,5.54062999170926,6.858425857142858,-0.8406333436769026,1.8359035684577927,0.5203131196751969
roseinatronobacter,Proteobacteria,Bacteria,73,110.0,79.0,181.5829925537109,1.3706069176140654,14.85427997476064,3.096750571428572,1.5398119294668944,-0.4433135546448104,0.2985563865342542
salisediminibacterium,Firmicutes,Bacteria,54,61.0,69.0,347.3320007324219,0.7151635189689701,9.395558220852456,2.873698333333333,0.14463512766048384,-0.5784619770362166,0.394941618999111
schlegelella,Proteobacteria,Bacteria,1278,57.0,57.0,416.53900146484375,1.0856829522343292,5.912983253017453,3.8897455,-0.7454647940284037,0.03716588136539396,0.4022624745745935
sphaerisporangium,Actinobacteria,Bacteria,5571,118.0,78.0,190.4459991455078,1.4041594766505563,2.571538947223644,8.555188333333334,-1.5994935923700568,2.8639801024048124,0.3293810562032038
sporosarcina,Firmicutes,Bacteria,7939,91.0,63.0,269.4070129394531,0.20375929335872764,11.541482243999427,3.46575935,0.6931048153470226,-0.21972936334333495,0.3925413689798017
syntrophotalea,Proteobacteria,Bacteria,14592,63.0,64.0,353.89898681640625,0.4852220660183802,6.580584268141887,3.191206,-0.5748348386735318,-0.3860825567998929,0.1661529716982084
thermoactinomyces,Firmicutes,Bacteria,1481,150.0,80.0,134.43099975585938,2.093075075854931,5.724654062335377,2.6202456666666665,-0.7935992346150649,-0.7320301651136176,0.4263530738764222
thermodesulfobacterium,Thermodesulfobacteria,Bacteria,135,83.0,57.0,573.8049926757812,1.1906064198959756,15.153064589816264,1.4518515294117649,1.6161773099451746,-1.4399657847236969,0.1138607425944511
thermodesulfobium,Firmicutes,Bacteria,26,51.0,55.0,335.697998046875,1.0295131612701747,7.712045089756958,1.5560075,-0.2856484757049533,-1.376857181878675,0.0459774305154868
aminobacterium,Synergistetes,Bacteria,631,69.0,65.0,314.0660095214844,0.31788634464202087,12.803815734070534,2.03064465625,1.0157404947035702,-1.0892722492041083,0.1901767110874188
emticicia,Bacteroidetes,Bacteria,4475,91.0,70.0,283.8729858398437,0.38398252268192673,3.082371959713655,5.190807666666667,-1.4689314569923586,0.8254856972063179,0.2279346218022907
fimbriimonas,Armatimonadetes,Bacteria,19085,84.0,65.0,264.81500244140625,0.13957073764296743,7.1022316022184135,4.78722772,-0.44150870628609795,0.5809546691091283,0.4410007835078773
longicatena,Firmicutes,Bacteria,145,65.0,60.0,216.41900634765625,0.7000179823115182,3.170563771130808,3.1540132045454548,-1.44639080096599,-0.4086178502043995,0.2213815047208354
muricauda,Bacteroidetes,Bacteria,3536,163.0,83.0,80.5999984741211,2.5686160298453236,6.091124896255997,3.940158904761905,-0.6999341553025612,0.06771160544838511,0.0913079740441699
permianibacter,Proteobacteria,Bacteria,8229,63.0,70.0,353.89898681640625,0.7556462432672738,6.380772605216281,4.2314625,-0.6259040467064527,0.2442138529468541,0.3898653143374013
prosthecobacter,Verrucomicrobia,Bacteria,19523,91.0,70.0,283.8729858398437,0.38398252268192673,5.284773074921943,6.055132272727272,-0.9060269744527902,1.349184127406726,0.3600710647625774
xanthomonas,Proteobacteria,Bacteria,13550,76.0,63.0,248.1009979248047,0.3153776385961294,9.303308667642796,4.944477458862507,0.12105736670885123,0.676233041163186,0.3065065602941069
bosea,Proteobacteria,Bacteria,77372,79.0,64.0,283.8729858398437,0.12326719881719254,10.31681611074004,5.3311020967741936,0.3800964122610511,0.9104907662486549,0.4653771471694413
nocardioides,Actinobacteria,Bacteria,73699,91.0,65.0,277.4840087890625,0.16047424356545828,10.693574968769331,4.488676625,0.47639097393589824,0.40006112669486815,0.3916372147727358
echinicola,Bacteroidetes,Bacteria,43,94.0,73.0,217.38400268554688,0.7616536287042223,4.348427304296855,5.749205,-1.1453445210396576,1.1638213234794124,0.1989113777374757
neptuniibacter,Proteobacteria,Bacteria,978,79.0,68.0,313.35699462890625,0.3265694497879538,10.65208713631532,3.567376,0.4657872348177381,-0.15815934703919096,0.0682075246950974
nitrincola,Proteobacteria,Bacteria,38,139.0,67.0,152.25900268554688,1.2645279001900718,6.001862828175295,3.9987585,-0.7227483547217383,0.10321738165952542,0.2818744963327554
microcoleus,Cyanobacteria,Bacteria,11280,92.0,77.0,245.48699951171875,0.8471239444987574,7.297723948308741,6.98848029347826,-0.39154345828629616,1.914704176090469,0.2260312237025557
agromyces,Actinobacteria,Bacteria,22214,80.0,64.0,319.7309875488281,0.1579098431007029,10.298889073741902,3.68971835,0.3755144996315934,-0.08403152955861756,0.3398384380913924
bizionia,Bacteroidetes,Bacteria,1694,163.0,83.0,80.5999984741211,2.5686160298453236,6.294720617817836,3.336129,-0.6478977921252759,-0.2982730150284858,0.0732182790161925
effusibacillus,Firmicutes,Bacteria,4034,76.0,66.0,346.6440124511719,0.3663149519114944,9.245927810877628,3.893606,0.10639158159730538,0.03950497685754166,0.281250609153348
pantoea,Proteobacteria,Bacteria,15061,79.0,59.0,277.4840087890625,0.383703604330731,13.43135917766406,4.839420876190476,1.1761322666418552,0.6125787531309138,0.2081690713865387
sulfuritortus,Proteobacteria,Bacteria,3060,68.0,57.0,371.6130065917969,0.8079510112097914,9.06781090349854,2.5364446000000003,0.06086726502870801,-0.782805633907081,0.1437769242629024
thermus,Deinococcus-Thermus,Bacteria,698,83.0,59.0,277.4840087890625,0.3299231018769046,10.910631557046507,2.2913430693069303,0.5318677559181906,-0.9313138285872145,0.2260094808110313
trichococcus,Firmicutes,Bacteria,17109,75.0,60.0,353.89898681640625,0.5174584325089039,11.737547180989532,2.555900269230769,0.7432164099781988,-0.7710173504737414,0.2291526066003906
thermosynechococcus,Cyanobacteria,Bacteria,473,57.0,59.0,400.6969909667969,0.9431108045215514,12.542428303939612,2.4716107000000003,0.9489333381487665,-0.8220888053170935,0.2750722108945342
alicycliphilus,Proteobacteria,Bacteria,8673,79.0,63.0,280.3710021972656,0.18178235589479563,9.525528961615873,4.094260818181818,0.17785392330561614,0.16108269494763375,0.4264273920319245
belliella,Bacteroidetes,Bacteria,322,113.0,67.0,152.25900268554688,0.9149546342402003,3.0087336014616426,4.6531205,-1.4877524436240295,0.4996984603883782,0.2514540512028353
faecalimonas,Firmicutes,Bacteria,672,80.0,58.0,361.5750122070313,0.5692053580561077,9.182638543395385,2.8314301904761905,0.09021568515573851,-0.6040724478090688,0.3220692146803998
ferruginibacter,Bacteroidetes,Bacteria,68901,80.0,63.0,333.87701416015625,0.24718615028118407,10.110978215497145,3.0659743636363643,0.3274869792614778,-0.4619610067655599,0.3924858164496324
flavipsychrobacter,Bacteroidetes,Bacteria,34839,101.0,70.0,241.06900024414065,0.6421367580111991,6.247166483885739,4.16188684375,-0.6600519973555674,0.20205762865010696,0.4205540794143049
mannheimia,Proteobacteria,Bacteria,136,79.0,59.0,277.4840087890625,0.383703604330731,13.879805239380014,2.5936963364485983,1.290749125748037,-0.748116531810321,0.1043949858748617
marinoscillum,Bacteroidetes,Bacteria,2709,163.0,83.0,80.5999984741211,2.5686160298453236,3.256999270003611,5.8335905,-1.4242990351064169,1.214950903236601,0.15078552366824
nitratireductor,Proteobacteria,Bacteria,455,163.0,83.0,80.5999984741211,2.5686160298453236,10.172807763276722,4.620160047619048,0.34328979072855564,0.4797275639802876,0.2721164641637604
oceanicella,Proteobacteria,Bacteria,3334,90.0,63.0,248.1009979248047,0.2518882827581435,9.319871830717457,3.326226,0.1252906912723828,-0.304273290293021,0.2393295373043341
palleronia,Proteobacteria,Bacteria,502,72.0,65.0,274.7470092773437,0.2722088703562926,9.198152453523548,3.587677,0.09418083459766172,-0.14585887363261418,0.2162213342313563
pannonibacter,Proteobacteria,Bacteria,4114,73.0,70.0,313.81201171875,0.505344134052758,8.473456942108843,5.074670266666667,-0.09104171593354005,0.7551174887333864,0.6437123104546557
paraburkholderia,Proteobacteria,Bacteria,16588,83.0,63.0,291.7300109863281,0.09517446112339627,6.386063961670285,8.455912800766283,-0.6245516462530994,2.8038285803977803,0.4243076834507287
parachlamydia,Chlamydiae,Bacteria,104,80.0,57.0,558.260986328125,1.186019814190413,6.306064857877063,3.0129725,-0.6449983549899383,-0.4940750905130655,0.3518876494243865
pediococcus,Firmicutes,Bacteria,43,117.0,81.0,176.44400024414062,1.576363356876028,14.296283667482848,1.9585509529085872,1.3971954821548023,-1.1329541703278305,0.2036888336875234
phycicoccus,Actinobacteria,Bacteria,2732,57.0,56.0,309.7279968261719,0.8253949627275815,6.609452226728232,3.782461714285714,-0.5674565717548452,-0.027837879687532634,0.4007109708544655
pontivivens,Proteobacteria,Bacteria,787,163.0,83.0,80.5999984741211,2.5686160298453236,7.902277055244678,3.5432825,-0.23702771114217164,-0.1727577144113084,0.0726190088688812
sulfuritalea,Proteobacteria,Bacteria,10479,72.0,62.0,346.6440124511719,0.4400380878944314,11.14475621956197,3.6788601914893615,0.5917069110534502,-0.09061053995241623,0.154666885117198
tateyamaria,Proteobacteria,Bacteria,241,132.0,79.0,14.423999786376951,2.149487064603236,9.690328364591414,3.199066,0.2199744625725987,-0.38132014504797457,0.0390711772257889
ureaplasma,Tenericutes,Bacteria,43,94.0,58.0,457.1759948730469,0.8895626428006639,5.221141149635124,0.7661160434782609,-0.9222904496795478,-1.8554562092678633,0.100196643221414
zooshikella,Proteobacteria,Bacteria,662,64.0,65.0,314.0660095214844,0.3851119727093038,3.4231241900898355,6.13474675,-1.3818397112655736,1.397422921578033,0.1515692819698273
acetobacter,Proteobacteria,Bacteria,3562,99.0,61.0,277.4840087890625,0.3847668189282229,13.896777208159856,3.166201727272727,1.2950869356218715,-0.40123276574194594,0.2654755705218656
acidibrevibacterium,Proteobacteria,Bacteria,39515,90.0,63.0,329.9129943847656,0.22602132967859392,6.499940737496841,3.5384938,-0.5954462543572823,-0.17565921074164076,0.4913130498611209
alkalilimnicola,Proteobacteria,Bacteria,430,124.0,64.0,347.3320007324219,0.6851018410007668,13.67762324745395,2.485812,1.2390740930947788,-0.8134841694376385,0.2238904316532788
bacteroides,Bacteroidetes,Bacteria,17560,81.0,59.0,353.89898681640625,0.48518214729116504,9.755689950802866,5.432726979565217,0.23668001616601994,0.9720657708404226,0.1954701746990912
carnobacterium,Firmicutes,Bacteria,2139,80.0,57.0,521.8880004882812,1.0809023432825817,10.685134697393313,3.088402807692308,0.47423375263837725,-0.4483715047872814,0.2737205588419377
desemzia,Firmicutes,Bacteria,239,107.0,65.0,416.53900146484375,0.6849939008623155,10.560442693757723,2.556711,0.4423641321143814,-0.7705261248066897,0.2435117640343575
flavicella,Bacteroidetes,Bacteria,1044,57.0,57.0,363.1029968261719,0.931253571930794,9.445935177944552,1.482119,0.15751080901027403,-1.4216265789183211,0.0209720813286497
helicobacter,Proteobacteria,Bacteria,484,125.0,59.0,374.0989990234375,1.017875596821975,12.923867865231063,1.6249005498188405,1.0464242254291145,-1.335114552097156,0.1731828093262166
limnochorda,Firmicutes,Bacteria,2881,109.0,75.0,141.58599853515625,1.2791747270433915,12.258806098226334,2.202498333333333,0.8764432681786261,-0.9851452808387083,0.3198440805169696
oceanicaulis,Proteobacteria,Bacteria,2985,79.0,66.0,178.0070037841797,0.5060648568228382,9.966067216098464,2.8095335294117647,0.2904496518793167,-0.61733973991861,0.1217587296145015
octadecabacter,Proteobacteria,Bacteria,35,57.0,65.0,365.4549865722656,0.6277413483632454,11.576029693406628,3.36903075,0.7019346847097537,-0.27833768667496445,0.0570574282041434
rheinheimera,Proteobacteria,Bacteria,257,163.0,83.0,80.5999984741211,2.5686160298453236,7.860246032370113,4.1983418666666665,-0.24777028251958316,0.2241459021303597,0.2830456611953502
rhodococcus,Actinobacteria,Bacteria,59444,80.0,61.0,283.8729858398437,0.255005478592738,9.550870505165337,6.072744884210526,0.18433088536305497,1.3598556932985608,0.3891188124917095
selenomonas,Firmicutes,Bacteria,1819,99.0,61.0,233.7469940185547,0.51116624068529,7.645922173164241,2.48498475,-0.302548615235218,-0.8139854041859558,0.1546325602890947
solibacillus,Firmicutes,Bacteria,833,80.0,57.0,558.260986328125,1.186019814190413,8.565398975505605,3.8527102,-0.06754255296297211,0.014726015213253958,0.3751203111947084
sphaerochaeta,Spirochaetes,Bacteria,904,83.0,63.0,280.3710021972656,0.12800185344096923,10.552074999212453,2.558738447368421,0.4402254604911565,-0.7692976847082464,0.2250807035726925
telluria,Proteobacteria,Bacteria,8103,99.0,59.0,334.0929870605469,0.5526854602317809,7.678229479908016,5.860726111111111,-0.2942912965936352,1.2313925003423316,0.3748275683445277
acidocella,Proteobacteria,Bacteria,3008,70.0,51.0,619.0960083007812,1.7866503283006214,10.874682563913618,3.126528043478261,0.5226796705882513,-0.42527124130742394,0.2324933956398548
agrococcus,Actinobacteria,Bacteria,17736,79.0,59.0,277.4840087890625,0.383703604330731,10.570609713679543,2.74345575,0.44496268741320594,-0.6573765838386172,0.3523673775628717
aminipila,Firmicutes,Bacteria,171,57.0,57.0,390.9450073242188,1.01171663156056,9.743256784372488,2.9764175,0.23350226390849865,-0.5162239405883039,0.1298884381028451
basfia,Proteobacteria,Bacteria,494,99.0,61.0,233.7469940185547,0.51116624068529,13.648342959084028,2.271338,1.2315904401581423,-0.9434349961654924,0.2463931257336576
caloranaerobacter,Firmicutes,Bacteria,299,61.0,69.0,347.3320007324219,0.7151635189689701,8.557884409470319,2.4538775,-0.069463176266508,-0.8328334363704166,0.1238036914995547
cellulosilyticum,Firmicutes,Bacteria,6989,76.0,61.0,370.4159851074219,0.5033527554384746,4.388876624547376,3.8734285454545456,-1.135006211851804,0.027279360235268068,0.2657472959682583
ekhidna,Bacteroidetes,Bacteria,4439,69.0,66.0,264.9079895019531,0.3893733588741404,3.697847326193052,2.974703666666666,-1.3116241253298555,-0.5172623604365862,0.0271284026677349
glaciimonas,Proteobacteria,Bacteria,4628,79.0,59.0,291.7300109863281,0.3425328374292254,7.12670570065189,4.911105,-0.43525345168275315,0.6560125080490365,0.5204029355323295
helcococcus,Firmicutes,Bacteria,517,122.0,55.0,356.5710144042969,1.1204624390741047,12.473215790213445,1.924122888888889,0.9312435386134958,-1.153814299676839,0.055982554943914
paucilactobacillus,Firmicutes,Bacteria,1736,53.0,57.0,335.697998046875,0.90583397311726,9.391808122080388,2.2359911666666665,0.14367665220649573,-0.9648518122545212,0.1273622981947904
pectinatus,Firmicutes,Bacteria,209,89.0,60.0,312.2059936523437,0.30658660038221486,8.137735556145369,2.9492233846153844,-0.1768476446257636,-0.5327009857143494,0.0754332164173636
promicromonospora,Actinobacteria,Bacteria,1414,150.0,83.0,66.49600219726562,2.434589768450674,3.60752602078456,4.989569,-1.334709051745931,0.7035542225150062,0.5391894758426616
salimicrobium,Firmicutes,Bacteria,75,107.0,65.0,470.0069885253906,0.8395157099622055,9.021723989161472,2.6602454285714288,0.04908806164581344,-0.7077941172549439,0.1977411573938095
sphaerobacter,Chloroflexi,Bacteria,1121,150.0,83.0,80.5999984741211,2.393829396870388,7.47593586471959,3.879113,-0.34599485867066876,0.030723598547038627,0.4704701629620748
symbiobacterium,Firmicutes,Bacteria,2220,80.0,66.0,323.8489990234375,0.24665714778702288,7.763543177592344,3.864215,-0.27248624822305634,0.02169682879130357,0.3763325512671205
wolbachia,Proteobacteria,Bacteria,388,63.0,65.0,532.1079711914062,1.0286956210012421,14.018902756425366,1.212648400190114,1.326300604229534,-1.5849001096220212,0.3191165613837702
azospirillum,Proteobacteria,Bacteria,5975,68.0,70.0,346.6440124511719,0.66745383067115,7.467844361088346,7.231002333333333,-0.3480629395634091,2.061649444882454,0.3232598734354993
bythopirellula,Planctomycetes,Bacteria,7869,69.0,67.0,335.7959899902344,0.4774746514028025,7.544631778210359,3.313614333333333,-0.32843709529637655,-0.3119147597007324,0.1630537846913135
filomicrobium,Proteobacteria,Bacteria,1722,63.0,59.0,353.89898681640625,0.7271944083333836,9.004699037873635,3.8868595,0.04473671014641367,0.035417240103811636,0.3511251407461873
gilliamella,Proteobacteria,Bacteria,1010,93.0,62.0,245.48699951171875,0.3481725505483169,13.234150592861116,2.644672943262412,1.1257283708145671,-0.7172295608989944,0.1135255323086166
mangrovimonas,Bacteroidetes,Bacteria,1277,69.0,65.0,314.0660095214844,0.31788634464202087,4.898254828339894,3.2664695,-1.0048159062608786,-0.34048004065606285,0.1813032214765816
methylosinus,Proteobacteria,Bacteria,3992,71.0,61.0,388.6099853515625,0.6231588150321,6.807798123875275,4.700491909090909,-0.5167619939931354,0.5284010246834767,0.727500666371657
rubinisphaera,Planctomycetes,Bacteria,1468,69.0,67.0,152.25900268554688,0.7633219802628807,5.786097223937522,5.876154285714286,-0.7778951783246741,1.2407405054365819,0.1272708310588896
arsenophonus,Proteobacteria,Bacteria,290,79.0,59.0,277.4840087890625,0.383703604330731,8.95966408774228,3.459951142857143,0.03322637484698354,-0.223248583948261,0.1867028940297011
bradyrhizobium,Proteobacteria,Bacteria,43102,80.0,58.0,454.4330139160156,0.8375638133169101,7.567038597369472,8.58988614417745,-0.3227102098271393,2.8850036726503414,0.3932810723201643
micromonospora,Actinobacteria,Bacteria,24628,92.0,66.0,248.1009979248047,0.3072303689189469,6.997251297625287,6.716923260416667,-0.46834027825805963,1.750166465458331,0.4442746620943624
arachnia,Actinobacteria,Bacteria,269,70.0,77.0,122.29900360107422,1.3204055592448987,12.082257588469096,3.1451075862068967,0.831319813217684,-0.41401380712980007,0.2207530404043989
extibacter,Firmicutes,Bacteria,22,107.0,64.0,299.6960144042969,0.3188673051264976,4.021627234043104,3.9784890714285712,-1.2288702798897593,0.09093603753315874,0.1047102767946898
acetoanaerobium,Firmicutes,Bacteria,52,67.0,56.0,309.7279968261719,0.6909437065930155,12.792821009991089,1.8760522,1.0129303892119461,-1.1829405609602048,0.2104672700967762
aeribacillus,Firmicutes,Bacteria,6990,75.0,59.0,487.947998046875,0.9532528548906418,9.72473620910171,3.7018999,0.22876865077729297,-0.0766506699051087,0.3955498793536744
anaerococcus,Firmicutes,Bacteria,5481,122.0,55.0,356.5710144042969,1.1204624390741047,14.807874874867585,1.8908857777777772,1.5279514020806162,-1.173952824938337,0.1590942410596186
aquaticitalea,Bacteroidetes,Bacteria,1299,57.0,83.0,80.5999984741211,1.906068602556653,6.952605369936239,2.7327885,-0.4797511845865038,-0.6638399218488781,0.160554105554515
egicoccus,Actinobacteria,Bacteria,878,92.0,67.0,347.3320007324219,0.38009859323004735,6.039548473290223,3.973807,-0.7131164042036863,0.08809914796639674,0.3174336473720647
entomomonas,Proteobacteria,Bacteria,177,79.0,59.0,277.4840087890625,0.383703604330731,9.94148532117098,3.3194235,0.28416684592337754,-0.3083949577157214,0.1706020186547678
francisella,Proteobacteria,Bacteria,1886,69.0,66.0,230.42100524902344,0.48904030895265355,12.03011475660438,1.828743985,0.8179927977225162,-1.2116048356520979,0.1277272707866227
galbitalea,Actinobacteria,Bacteria,278,57.0,55.0,447.41400146484375,1.2717002502459387,5.25833803981975,3.0427865,-0.9127834184322093,-0.47601064471514015,0.2857161970129192
helcobacillus,Actinobacteria,Bacteria,224,79.0,59.0,277.4840087890625,0.383703604330731,12.457611031962026,2.5687108,0.9272551695975098,-0.7632553883511338,0.423305589346858
kingella,Proteobacteria,Bacteria,1445,79.0,59.0,277.4840087890625,0.383703604330731,8.000342708558067,1.9999143265306123,-0.21196343222763,-1.1078919035801815,0.1927350544362803
komagataeibacter,Proteobacteria,Bacteria,1389,84.0,62.0,277.4840087890625,0.17129457087444597,7.958031722211734,3.7697763777777777,-0.22277755855119433,-0.03552398600590862,0.2494692701256077
methylovulum,Proteobacteria,Bacteria,209,57.0,55.0,457.7330017089844,1.3015220309690694,8.483507897000319,3.182645708333333,-0.08847282531541137,-0.391269278636176,0.204769669234265
microbispora,Actinobacteria,Bacteria,46,125.0,59.0,400.43701171875,1.0939921217468227,4.589910982869195,8.4968968125,-1.08362449911002,2.8286609899552113,0.4851957753528522
novibacillus,Firmicutes,Bacteria,2202,163.0,83.0,80.5999984741211,2.5686160298453236,9.153645999785676,3.1681365,0.08280557595926472,-0.40006047765369446,0.405889407762758
oxalobacter,Proteobacteria,Bacteria,180,57.0,70.0,353.89898681640625,0.8363169969480134,12.605056275920155,2.062664333333333,0.9649402162404879,-1.0698713730674292,0.4055758800918517
pedobacter,Bacteroidetes,Bacteria,17506,91.0,70.0,260.2439880371094,0.45227002869110633,4.124834518922526,5.5759812653061225,-1.202491868215249,1.058864230627338,0.3708238358177625
pelolinea,Chloroflexi,Bacteria,8991,53.0,57.0,335.697998046875,0.90583397311726,5.114030812319758,3.5197285,-0.9496664297336819,-0.18702919614218447,0.1285114856757075
propionicimonas,Actinobacteria,Bacteria,7154,61.0,60.0,355.3680114746094,0.7099356538550552,10.169083712943507,2.9501183043478263,0.3423379729096787,-0.5321587495501249,0.2095538845885627
rugosibacter,Proteobacteria,Bacteria,1314,91.0,62.0,283.8729858398437,0.21034728235903447,12.08020882131363,2.3178407272727277,0.8307961755353707,-0.915258770356346,0.2833393113986013
sneathiella,Proteobacteria,Bacteria,3218,76.0,62.0,260.7820129394531,0.3271241334021561,10.095950390102317,3.5657861428571427,0.3236460666233771,-0.15912264911820043,0.1267506269075358
sunxiuqinia,Bacteroidetes,Bacteria,21,78.0,51.0,422.6489868164063,1.111359905831834,4.557896682610864,5.265586666666667,-1.0918069291843333,0.8707946524730734,0.1621872370503151
virgibacillus,Firmicutes,Bacteria,4976,122.0,55.0,356.5710144042969,1.1204624390741047,8.667290652460082,4.384299722222222,-0.04150039320601782,0.3368186599750555,0.2694998058788598
weizmannia,Firmicutes,Bacteria,252,99.0,61.0,233.7469940185547,0.51116624068529,8.050409653913798,3.353866593220339,-0.19916698576145614,-0.28752572210185867,0.4849134924390384
cetobacterium,Fusobacteria,Bacteria,1933,91.0,70.0,239.19900512695312,0.5130897642100658,6.604164080845069,2.5741335,-0.56880815162892,-0.7599697483756723,0.2167886086346793
jannaschia,Proteobacteria,Bacteria,496,65.0,66.0,234.98199462890625,0.5296396095507453,10.037845250400483,3.885296,0.30879516440992777,0.0344699079442538,0.1446297019864807
methylobacterium,Proteobacteria,Bacteria,52548,79.0,59.0,277.4840087890625,0.383703604330731,9.96118726097649,5.922988741626795,0.28920240014402554,1.2691177272218788,0.3934353509514121
nitrosomonas,Proteobacteria,Bacteria,9076,71.0,63.0,283.8729858398437,0.27922267218784597,18.368120012279498,2.885434108910891,2.4379027878432113,-0.571351214246339,0.2389025110981861
saccharomonospora,Actinobacteria,Bacteria,2295,122.0,70.0,233.7469940185547,0.9456449016546834,6.907611210283738,4.6325710909090905,-0.4912510943811365,0.4872474747204997,0.3673162132090286
actinophytocola,Actinobacteria,Bacteria,471,126.0,70.0,192.9320068359375,1.1173802029436526,2.7715469296803112,9.741852,-1.5483742076716407,3.5829853176348156,0.5467070425444538
cytobacillus,Firmicutes,Bacteria,19607,91.0,63.0,334.0929870605469,0.2515465814721253,7.540568104900411,5.172024104477613,-0.3294757162387428,0.8141046466577121,0.459340743662353
halolactibacillus,Firmicutes,Bacteria,70,63.0,65.0,560.7440185546875,1.1114534371695155,10.01455069816958,2.8957864285714288,0.3028413861544681,-0.5650786940413821,0.3720685619634
eremococcus,Firmicutes,Bacteria,494,79.0,59.0,277.4840087890625,0.383703604330731,9.880913040280092,1.821694,0.2686853751796152,-1.2158764554249792,0.1144238986365667
aeriscardovia,Actinobacteria,Bacteria,51,53.0,57.0,388.6099853515625,1.0587489499263214,7.209093419364761,1.525850666666667,-0.41419624468742416,-1.3951293520399104,0.2563011942332186
brenneria,Proteobacteria,Bacteria,276,122.0,55.0,356.5710144042969,1.1204624390741047,10.338026264735566,5.029973678571428,0.38551744600326604,0.7280356113268449,0.12516819002438
halanaerobium,Firmicutes,Bacteria,177,70.0,77.0,122.29900360107422,1.3204055592448987,10.807466156976194,2.868387423076923,0.5055000494447605,-0.5816798830691059,0.1947567225044838
hydrogenovibrio,Proteobacteria,Bacteria,1987,74.0,66.0,178.0070037841797,0.5732904848901211,17.50864904622389,2.284585172413793,2.2182334205946574,-0.9354084707732361,0.1068119945867637
leptotrichia,Fusobacteria,Bacteria,1547,79.0,59.0,277.4840087890625,0.383703604330731,11.750025603450853,2.297867333333333,0.7464057290763394,-0.9273607456772961,0.2226605825055097
mageeibacillus,Firmicutes,Bacteria,142,57.0,62.0,371.6130065917969,0.7138750506428103,7.89113391648813,1.774143,-0.23987574945467863,-1.2446878347144792,0.1261308465038574
neorickettsia,Proteobacteria,Bacteria,130,78.0,63.0,312.2059936523437,0.21144742521774199,5.802830272437078,0.8616485,-0.7736184333022028,-1.7975726350148409,0.1547319346108911
odoribacter,Bacteroidetes,Bacteria,1350,81.0,56.0,356.5710144042969,0.6380876787511958,7.014457329655177,3.991755696,-0.46394264492530124,0.09897434908115618,0.1330317933438722
orenia,Firmicutes,Bacteria,304,125.0,71.0,64.48500061035156,1.5235397758130167,5.812291517066209,3.785082,-0.7712002647972176,-0.02625023598790176,0.2202871893931195
paracoccus,Proteobacteria,Bacteria,6865,85.0,65.0,280.3710021972656,0.08116896868494557,13.209087699075178,4.0880945929203545,1.1193226279368973,0.15734654944506787,0.2549444193895421
porphyromonas,Bacteroidetes,Bacteria,1762,79.0,61.0,233.7469940185547,0.4133140891617968,15.938071113261426,2.195999738693468,1.816814554368425,-0.989082810544032,0.1650229166878916
pseudoramibacter,Firmicutes,Bacteria,239,99.0,61.0,233.7469940185547,0.51116624068529,13.11185601993282,1.9066713333333327,1.0944715017473308,-1.164388281008523,0.1909910212488534
synechococcus,Cyanobacteria,Bacteria,3351,78.0,60.0,371.60400390625,0.5282903320383946,9.098834250738465,2.747604727272727,0.06879642066895286,-0.6548626985813554,0.0568117037404862
uliginosibacterium,Proteobacteria,Bacteria,1185,60.0,60.0,360.8550109863281,0.7392381389408421,6.513346389531016,3.9918036666666654,-0.5920199476916643,0.09900341473849406,0.2774637826884771
peptacetobacter,Firmicutes,Bacteria,522,57.0,60.0,488.468994140625,1.148376319618113,6.152062245089302,2.4382068,-0.6843593780399279,-0.8423283887674632,0.095737929090267
pseudolabrys,Proteobacteria,Bacteria,94666,91.0,63.0,334.0929870605469,0.2515465814721253,12.960894820178384,3.703448,1.0558878234861224,-0.0757126686795178,0.5411443070665071
streptococcus,Firmicutes,Bacteria,17877,79.0,59.0,277.4840087890625,0.383703604330731,34.55902591548734,2.0544560536407346,6.576083361017376,-1.0748448091578955,0.1044894937987895
treponema,Spirochaetes,Bacteria,10347,99.0,61.0,233.7469940185547,0.51116624068529,18.283508419152128,1.58612884,2.4162771880751572,-1.3586065172985824,0.1421413579193795
vitreoscilla,Proteobacteria,Bacteria,649,57.0,57.0,309.7279968261719,0.7770004942645808,6.5358413448042585,3.0600498,-0.5862705358018879,-0.4655507283287673,0.1456575308827448
pararhizobium,Proteobacteria,Bacteria,3678,75.0,63.0,260.2439880371094,0.2937296757431992,8.15769777538323,6.006596634146341,-0.1717455664380821,1.3197761508717785,0.2802535738864616
thauera,Proteobacteria,Bacteria,6118,63.0,62.0,371.6130065917969,0.6332042969620709,12.113636121562063,3.7148218378378375,0.8393397496459658,-0.06882120570453926,0.2829261910164308
chlorobium,Chlorobi,Bacteria,434,64.0,72.0,416.53900146484375,1.0200189078740232,20.93918725536114,2.387867274418605,3.0950334376814603,-0.8728293491001387,0.125706446280673
actinotignum,Actinobacteria,Bacteria,24,61.0,63.0,317.9460144042969,0.45660314831595067,13.738601550116938,2.11084075,1.2546593376125126,-1.0406810508156927,0.1554295943381819
algibacter,Bacteroidetes,Bacteria,517,74.0,64.0,287.9289855957031,0.17877103868110822,6.364528940604155,4.713624571428571,-0.6300557117051195,0.5363581678706091,0.0263222387134904
asaia,Proteobacteria,Bacteria,1933,79.0,59.0,277.4840087890625,0.383703604330731,8.543316850460089,3.3944661666666667,-0.07318645092791881,-0.2629262455492299,0.3298510166398868
azovibrio,Proteobacteria,Bacteria,3218,79.0,59.0,277.4840087890625,0.383703604330731,7.896304558712095,3.419321,-0.2385542019557331,-0.24786658265372885,0.2088938604617131
caminibacter,Proteobacteria,Bacteria,35,116.0,52.0,318.26300048828125,1.0742654131088207,13.13626938905898,1.6747525,1.1007112347460626,-1.3049090160413288,0.0146188688595094
chthoniobacter,Verrucomicrobia,Bacteria,33191,78.0,60.0,382.3760070800781,0.559421285522108,8.169032544168882,4.774127142857143,-0.16884855003451493,0.5730169664956355,0.4510245177702734
dictyoglomus,Dictyoglomi,Bacteria,61,83.0,55.0,573.8049926757812,1.2873953568219771,10.805506377995162,1.850908166666667,0.504999155958287,-1.1981754515247458,0.1092291552463322
erwinia,Proteobacteria,Bacteria,966,113.0,72.0,235.2030029296875,0.9172198606468976,13.946764064156556,4.08696954632588,1.3078629123112682,0.1566648783098288,0.3536912887611509
frankia,Actinobacteria,Bacteria,24290,76.0,64.0,346.6440124511719,0.2894686485146036,5.52706422154276,6.875259355932204,-0.844100574411165,1.8461030662262772,0.5942395363385558
geosporobacter,Firmicutes,Bacteria,40,78.0,66.0,191.22900390625,0.4812985686333458,3.845191203880427,5.721432,-1.273964986559786,1.146993529384498,0.1565158906945286
glutamicibacter,Actinobacteria,Bacteria,4848,79.0,59.0,277.4840087890625,0.383703604330731,11.085348855596894,3.698575528301887,0.576523177608674,-0.07866492268409563,0.3327130394387907
herminiimonas,Proteobacteria,Bacteria,797,101.0,62.0,277.4840087890625,0.3632626016921354,8.932241056636862,3.4705736000000003,0.026217412207313946,-0.21681238614528475,0.3037951735348898
hydrogenimonas,Proteobacteria,Bacteria,79,116.0,58.0,176.44400024414062,1.0505217116986743,10.551724693284966,1.8006535,0.440135926947298,-1.2286249954334068,0.059341857204479
hylemonella,Proteobacteria,Bacteria,1491,99.0,65.0,334.0929870605469,0.3391649528506675,11.778591883379471,2.801693133333333,0.753706890935667,-0.6220902735602916,0.6396194838178585
jonesia,Actinobacteria,Bacteria,528,57.0,56.0,309.7279968261719,0.8253949627275815,11.94535299637981,2.678866,0.7963288172382701,-0.6965118235909664,0.2057291464099264
lamprocystis,Proteobacteria,Bacteria,1365,73.0,64.0,231.01600646972656,0.356693957068988,4.91821320164672,6.709753857142857,-0.999714811042105,1.745822489579777,0.1660161162767292
lautropia,Proteobacteria,Bacteria,23408,91.0,62.0,283.8729858398437,0.21034728235903447,13.096353895888129,3.2833566000000003,1.0905093646718529,-0.3302480656565944,0.3135512945171012
leuconostoc,Firmicutes,Bacteria,1221,63.0,57.0,335.697998046875,0.7713827169826941,17.34049830213647,1.903059498349835,2.1752563230371034,-1.1665767091728234,0.1366239588258045
lutibacter,Bacteroidetes,Bacteria,5945,63.0,63.0,353.89898681640625,0.5336165344813809,6.433583577160507,2.953253,-0.6124062634782305,-0.5302594223983945,0.0268978230451219
mariniflexile,Bacteroidetes,Bacteria,2394,163.0,83.0,80.5999984741211,2.5686160298453236,5.724650212967892,3.6683464,-0.7936002184622839,-0.09698089671401351,0.2025170872214462
marinobacterium,Proteobacteria,Bacteria,7413,69.0,66.0,273.6789855957031,0.364025290646332,14.575055263946007,2.950246103448276,1.468445800804856,-0.5320813154613377,0.118406696403228
parasutterella,Proteobacteria,Bacteria,3351,122.0,55.0,356.5710144042969,1.1204624390741047,13.339050482948736,2.4739392089552243,1.1525393899066294,-0.8206779505571945,0.2230774212918617
polycyclovorans,Proteobacteria,Bacteria,747,91.0,65.0,283.8729858398437,0.14201018036692328,8.230613487742506,2.7944454,-0.15310927850162218,-0.6264817099981334,0.1354060142887634
pseudidiomarina,Proteobacteria,Bacteria,3649,57.0,55.0,416.53900146484375,1.1824718891603305,10.311742151741234,2.618374238095238,0.3787995757107389,-0.7331640726735982,0.1763679391284404
roseovarius,Proteobacteria,Bacteria,8786,61.0,69.0,347.3320007324219,0.7151635189689701,13.703572398000912,3.940578298245614,1.2457063514332414,0.06796571797452944,0.1039933091213772
ruegeria,Proteobacteria,Bacteria,1867,77.0,66.0,178.0070037841797,0.5329551080497513,10.46185239656228,4.301341511450382,0.4171657611895762,0.2865538816165406,0.0387840387466043
sphingobium,Proteobacteria,Bacteria,24992,99.0,65.0,248.1009979248047,0.3529517797501424,10.021840160970756,4.4901933454545455,0.3047044760601863,0.4009801149031509,0.479771604083453
sulfurisoma,Proteobacteria,Bacteria,2664,79.0,63.0,283.8729858398437,0.17166166728019325,8.109308285734397,3.082877,-0.1841132774980878,-0.45171961820874307,0.1936457737480075
turicibacter,Firmicutes,Bacteria,4950,53.0,57.0,388.6099853515625,1.0587489499263214,7.298550604292201,2.603256595744681,-0.3913321759928963,-0.7423239247844875,0.5104327277354656
advenella,Proteobacteria,Bacteria,1709,64.0,70.0,353.89898681640625,0.7422011176538174,9.749526758648186,3.6924869166666663,0.23510478608342245,-0.08235404171773968,0.4449243582286812
citricoccus,Actinobacteria,Bacteria,1108,72.0,66.0,277.4840087890625,0.3126934447068146,9.071652446851456,3.307005,0.06184911250340019,-0.3159193865123114,0.4088685772922755
cocleimonas,Proteobacteria,Bacteria,4486,63.0,63.0,284.6809997558594,0.38444852705629406,7.678440091987713,2.7349305,-0.2942374669424788,-0.6625420737607598,0.0473166534328528
cytophaga,Bacteroidetes,Bacteria,5521,116.0,63.0,280.3710021972656,0.5082016428470509,5.221933300472993,4.404499,-0.9220879864432168,0.3490574993986121,0.5437912605697192
flexilinea,Chloroflexi,Bacteria,3102,53.0,57.0,388.6099853515625,1.0587489499263214,11.249190008099818,3.111335125,0.6183988007780814,-0.4344767035856436,0.0641127409424356
gemmobacter,Proteobacteria,Bacteria,1058,74.0,57.0,309.7279968261719,0.5484333588358187,11.393593746831158,4.388431,0.6553064790688529,0.33932182102331604,0.2604814386818739
lancefieldella,Actinobacteria,Bacteria,463,79.0,59.0,277.4840087890625,0.383703604330731,23.0336992269563,1.345854163265306,3.6303628876178324,-1.5041900979817486,0.241777305118985
litoribacter,Bacteroidetes,Bacteria,494,99.0,74.0,235.2030029296875,0.8257770389845068,5.466194498370301,4.2076805,-0.8596580674527899,0.22980422492088456,0.4007630990827013
marinimicrobium,Proteobacteria,Bacteria,1690,152.0,69.0,237.27099609375,1.2904198799878677,10.284968523776843,3.7919416,0.3719565918914283,-0.02209397140094778,0.3017373960898321
mediterraneibacter,Firmicutes,Bacteria,7614,122.0,55.0,356.5710144042969,1.1204624390741047,10.349242442590612,2.8021374666666667,0.3883841521395681,-0.6218210498594726,0.1217458088798027
micrococcus,Actinobacteria,Bacteria,17293,91.0,65.0,277.4840087890625,0.16047424356545828,15.636982914837432,2.4940872681388013,1.73986040856715,-0.8084701447258698,0.2772391363815261
mycobacterium,Actinobacteria,Bacteria,9992,80.0,59.0,402.5469970703125,0.6392194097477605,15.17575065399532,4.678516510898776,1.6219755667338178,0.51508602537008,0.4555625266464975
nitrosospira,Proteobacteria,Bacteria,15999,79.0,59.0,277.4840087890625,0.383703604330731,10.715111042548724,3.266415052631579,0.4818953084474509,-0.34051303057810217,0.2600816195809464
rhodobacter,Proteobacteria,Bacteria,10845,57.0,60.0,353.89898681640625,0.7594706935511226,11.419846438254469,3.765374625,0.6620163184250285,-0.0381910291557721,0.259864690990559
schnuerera,Firmicutes,Bacteria,1040,76.0,59.0,346.6440124511719,0.531440990829607,8.557930134643183,3.1549685,-0.06945148951944256,-0.40803903210016546,0.2606916816250539
sulfitobacter,Proteobacteria,Bacteria,4833,57.0,60.0,363.1029968261719,0.786070166541792,13.048630808410248,3.908456047904192,1.0783119771585497,0.048502692208110744,0.0324145576319462
undibacterium,Proteobacteria,Bacteria,5999,91.0,59.0,283.8729858398437,0.3555306877480366,7.974801125181294,3.887244272727273,-0.2184915218088887,0.03565037574734645,0.3858622846581956
aerococcus,Firmicutes,Bacteria,10221,99.0,59.0,350.82598876953125,0.6010436243948694,21.000211617517067,1.9999798461538465,3.1106304543940317,-1.1078522049257704,0.1114528208175875
akkermansia,Verrucomicrobia,Bacteria,1449,76.0,61.0,346.6440124511719,0.4346520539036057,18.680073567721983,2.8372479266666666,2.5176339746330094,-0.600547453508422,0.1720260721796463
eggerthella,Actinobacteria,Bacteria,36,63.0,70.0,353.89898681640625,0.7556462432672738,4.600296741593661,3.478036504761905,-1.080970037077556,-0.21229057630539383,0.2405084951195732
ethanoligenens,Firmicutes,Bacteria,2192,72.0,59.0,632.9990234375,1.4127838679866358,6.621483429472858,3.0204712,-0.5643815560783063,-0.4895315921664868,0.272793268175793
floricoccus,Firmicutes,Bacteria,355,61.0,56.0,309.7279968261719,0.7716144602737551,8.553407356738148,2.1044245,-0.07060745150052516,-1.0445686875082179,0.007182375408225
lentimicrobium,Bacteroidetes,Bacteria,11470,57.0,62.0,371.6130065917969,0.7138750506428103,7.897228625558433,3.798801,-0.23831802273915995,-0.01793782799495421,0.201802736682595
leptolinea,Chloroflexi,Bacteria,3378,78.0,55.0,416.53900146484375,0.9001242512777421,7.064955412006652,3.53859275,-0.45103600556746143,-0.1755992564613797,0.2129675117723479
maritalea,Proteobacteria,Bacteria,627,69.0,66.0,178.0070037841797,0.6405161129574041,10.216935924348284,3.621438,0.3545683627842464,-0.12540292157707786,0.1067665535518025
methylotenera,Proteobacteria,Bacteria,52919,75.0,63.0,283.8729858398437,0.22544216973401962,20.35909164532104,1.5717793582089552,2.9467687020080877,-1.3673009372369553,0.2497309122842347
paeniglutamicibacter,Actinobacteria,Bacteria,861,69.0,60.0,353.89898681640625,0.5981291861896435,7.684869960214653,4.424277857142857,-0.29259407799661874,0.3610416039401712,0.4665071623286808
polaromonas,Proteobacteria,Bacteria,14829,91.0,59.0,283.8729858398437,0.3555306877480366,11.116891219209752,3.7780346296296297,0.5845849869425706,-0.030520271544132428,0.2816091839454802
propioniciclava,Actinobacteria,Bacteria,1269,78.0,62.0,280.3710021972656,0.2436219499712529,6.712999791225707,2.979294,-0.5409911891280427,-0.5144810554223508,0.0956096118888646
rathayibacter,Actinobacteria,Bacteria,10618,79.0,59.0,277.4840087890625,0.383703604330731,8.430745057583309,3.321177405882353,-0.10195830650875953,-0.30733225771751826,0.4872805529200331
roseivirga,Bacteroidetes,Bacteria,4800,57.0,55.0,457.7330017089844,1.3015220309690694,6.032091450366925,4.1444995,-0.7150223202518298,0.19152255355982187,0.0596422181929121
thalassococcus,Proteobacteria,Bacteria,1474,69.0,72.0,117.16300201416016,1.106721322434313,8.885259289505921,3.8265625,0.014209496331764831,-0.0011170018052747265,0.0236784611584742
cellulophaga,Bacteroidetes,Bacteria,639,57.0,55.0,457.7330017089844,1.3015220309690694,5.252438473107001,4.3789185,-0.9142912693521511,0.3335581515843693,0.0620912475969461
extensimonas,Proteobacteria,Bacteria,132,91.0,63.0,283.8729858398437,0.16195281389603378,8.474029245025719,3.1862056666666665,-0.0908954429067716,-0.389112282783376,0.2480456175991592
fischerella,Cyanobacteria,Bacteria,247,57.0,57.0,365.4580078125,0.9380595240165807,7.727468934273149,5.56456458974359,-0.281706345837599,1.051946812069215,0.1600367462588136
geoalkalibacter,Proteobacteria,Bacteria,961,97.0,67.0,152.25900268554688,0.6998326244248948,7.051469722164258,3.828989,-0.45448276883415367,0.0003532261993091531,0.3543103122419314
gulosibacter,Actinobacteria,Bacteria,5945,79.0,64.0,277.4840087890625,0.14173126201572753,16.13527025623736,2.293113125,1.8672160369900934,-0.9302413433411297,0.3228445574843577
halobacillus,Firmicutes,Bacteria,928,91.0,74.0,162.90899658203125,0.9271448017760903,9.735539929041364,3.9032247083333336,0.23152993814685466,0.04533299843577856,0.3271256113608173
peribacillus,Firmicutes,Bacteria,3675,91.0,66.0,277.65399169921875,0.2083774635592831,8.793202906324318,5.572485989690722,-0.009318892925522623,1.0567464263440072,0.4400790400931588
rhodoblastus,Proteobacteria,Bacteria,714,80.0,57.0,558.260986328125,1.186019814190413,9.511457426127755,4.731136142857142,0.17425742567047633,0.5469685131080115,0.5750626298841353
rhodonellum,Bacteroidetes,Bacteria,694,116.0,83.0,80.5999984741211,1.9366951260128633,3.280711999416419,5.181802,-1.4182383763156339,0.8200291205183797,0.3590460995653083
runella,Bacteroidetes,Bacteria,2953,82.0,63.0,283.8729858398437,0.13132629043982344,2.982900405058936,7.040127777777778,-1.4943550656228077,1.945997634892637,0.1931968370937106
trueperella,Actinobacteria,Bacteria,1016,69.0,61.0,309.7279968261719,0.42208111305109886,13.838095473335777,2.2401926666666667,1.2800886633509514,-0.9623061032245358,0.05858466969363
turneriella,Spirochaetes,Bacteria,2539,80.0,57.0,549.9719848632812,1.1620647043687382,4.690170427216517,4.0510255,-1.057999516335392,0.134886208000176,0.5542307203605537
veillonella,Firmicutes,Bacteria,6503,79.0,65.0,277.4840087890625,0.17018309694961772,24.31785149325489,1.9327365336134448,3.9585751564780653,-1.1485952509665243,0.1526102860278374
wenyingzhuangia,Bacteroidetes,Bacteria,799,65.0,63.0,216.41900634765625,0.5548345769225161,6.779587893505001,3.245035,-0.5239721543128188,-0.3534673071568889,0.0401430822651644
afifella,Proteobacteria,Bacteria,54,152.0,55.0,457.7330017089844,1.8161730765097175,10.508646364104868,3.9967088571428566,0.4291256779838621,0.1019754932078593,0.3485948735089769
caecibacter,Firmicutes,Bacteria,479,122.0,55.0,356.5710144042969,1.1204624390741047,8.535392366555477,2.343184606060606,-0.07521184379614601,-0.8999027924710298,0.1609930868061017
chroococcidiopsis,Cyanobacteria,Bacteria,495,74.0,65.0,267.57501220703125,0.2660456003211126,5.743039532387714,7.13907675,-0.7889001525838253,2.005951292418254,0.2490858263623661
commensalibacter,Proteobacteria,Bacteria,516,79.0,59.0,277.4840087890625,0.383703604330731,10.40950662709378,2.017386678571429,0.40378687753739684,-1.0973053215581918,0.1602229566998221
coraliomargarita,Verrucomicrobia,Bacteria,11812,61.0,69.0,347.3320007324219,0.7151635189689701,9.748729073583409,1.948972,0.2349009083721749,-1.1387581039032666,0.0845390396146673
crateriforma,Planctomycetes,Bacteria,1055,61.0,69.0,347.3320007324219,0.7151635189689701,4.786464385519861,7.10336425,-1.0333880591416351,1.9843129171395797,0.1553426079927388
desulfosporosinus,Firmicutes,Bacteria,1881,80.0,57.0,448.1780090332031,0.8678813964592359,10.00347842040448,4.198539571428572,0.3000114589705143,0.22426569239518288,0.1519436066279177
desulfurivibrio,Proteobacteria,Bacteria,269,104.0,68.0,176.44400024414062,0.7724486338820835,9.798971380198727,1.8369275,0.24774217484793024,-1.2066464046078231,0.1403044897596554
glaesserella,Proteobacteria,Bacteria,112,90.0,72.0,323.8489990234375,0.5273151051808677,9.72065079132786,2.2632229541284405,0.2277244722386665,-0.948351941435985,0.0472108100376566
gordonibacter,Actinobacteria,Bacteria,163,56.0,57.0,365.6669921875,0.9521086118413328,4.945796170374189,3.4372625588235297,-0.9926649704698202,-0.23699570598847292,0.1566413072036978
haloferula,Verrucomicrobia,Bacteria,5186,61.0,69.0,347.3320007324219,0.7151635189689701,3.569342302441568,3.08180025,-1.3444683031678801,-0.45237202620541955,0.1916736466178843
hippea,Proteobacteria,Bacteria,36,83.0,58.0,437.25201416015625,0.7475755636011535,10.884276956473975,1.6537616666666668,0.5251318699365787,-1.3176274627778717,0.1309519938803399
laceyella,Firmicutes,Bacteria,208,67.0,55.0,486.0010070800781,1.2487649542813655,7.409952588900351,3.37384075,-0.3628593078733207,-0.2754232845723274,0.2958470878148797
lacinutrix,Bacteroidetes,Bacteria,1629,57.0,55.0,432.3789978027344,1.2282492790496267,6.787487718889409,3.09392825,-0.5219530638349507,-0.4450236127541137,0.032600259119758
lederbergia,Firmicutes,Bacteria,1184,80.0,59.0,470.0069885253906,0.8341779352987161,6.5744963529721785,5.1714988,-0.5763908289582651,0.8137863621516667,0.239060080756001
microbacterium,Actinobacteria,Bacteria,3378,80.0,60.0,277.4840087890625,0.32186401025427375,16.144025088226364,3.406833159600997,1.8694536558036972,-0.2554330251311197,0.3231795495852764
nitrosococcus,Proteobacteria,Bacteria,896,163.0,83.0,80.5999984741211,2.5686160298453236,6.520913846536813,3.527113,-0.5900858061583287,-0.18255489212411302,0.2545549669779844
ottowia,Proteobacteria,Bacteria,16759,91.0,63.0,280.3710021972656,0.17207350251063616,15.512174188941408,3.1588092941176478,1.7079609553831738,-0.4057118764967831,0.3099448960471577
pleomorphomonas,Proteobacteria,Bacteria,2944,116.0,63.0,280.3710021972656,0.5082016428470509,8.482286245093594,4.8336025,-0.08878506332221676,0.6090533710511927,0.2264476775526691
polaribacter,Bacteroidetes,Bacteria,6766,57.0,60.0,374.2590026855469,0.8183108829496778,10.463088001580164,3.153944609375,0.4174815654263306,-0.4086594123476437,0.0326699440124849
pseudobacteriovorax,Proteobacteria,Bacteria,6526,84.0,64.0,274.7470092773437,0.08241552806092323,3.849742355992825,7.273214,-1.2728017725080412,2.0872256964602403,0.0811294217188896
quisquiliibacterium,Proteobacteria,Bacteria,23682,91.0,66.0,283.8729858398437,0.19040464882992394,7.3979579965422895,4.1903455,-0.36592496642115035,0.21930086516013333,0.3238073296509128
rhodopseudomonas,Proteobacteria,Bacteria,51820,91.0,64.0,260.2439880371094,0.18184585144221266,8.596189741139725,5.35120808,-0.05967284209305553,0.922673078055074,0.5161550741313182
roseibium,Proteobacteria,Bacteria,488,83.0,63.0,136.30599975585938,0.5443478957937082,9.246333114853286,6.272756916666667,0.10649517191203663,1.481043944430138,0.1051064633979658
rothia,Actinobacteria,Bacteria,2822,79.0,59.0,277.4840087890625,0.383703604330731,20.467399749115387,2.345192872,2.9744508152708358,-0.8986859744925632,0.2038119406592938
streptosporangium,Actinobacteria,Bacteria,838,117.0,66.0,209.6739959716797,0.7544120608573311,4.094240098802063,9.525577166666666,-1.2103113957788638,3.451943357340815,0.5467040444797556
tindallia,Firmicutes,Bacteria,48,139.0,71.0,176.44400024414062,1.3882114357420663,9.466723520154304,2.0070302,0.1628240332606754,-1.1035803616672328,0.1327539808960451
tropicibacter,Proteobacteria,Bacteria,209,91.0,68.0,230.42100524902344,0.4416691363599295,8.081831235200147,4.454436,-0.19113604678652088,0.37931456754817255,0.0549588079434756
zoogloea,Proteobacteria,Bacteria,6665,75.0,63.0,280.3710021972656,0.235562858348622,8.365960579593748,4.303152,-0.11851635890325293,0.2876508653246083,0.1652591270874301
enterovibrio,Proteobacteria,Bacteria,1088,71.0,68.0,432.3789978027344,0.7781025446171203,9.600914542929484,4.3745832558139535,0.19712147695297694,0.3309314063096792,0.0705242777632624
psychrobacillus,Firmicutes,Bacteria,3154,80.0,57.0,558.260986328125,1.186019814190413,8.699801987180361,4.023080071428572,-0.033190927722633864,0.11795393860565144,0.3639395059101648
rhodoferax,Proteobacteria,Bacteria,11783,63.0,60.0,295.0249938964844,0.5086548419332063,15.182050594708103,3.688566287581699,1.6235857479321794,-0.08472956971127153,0.2331905756009081
leadbetterella,Bacteroidetes,Bacteria,1247,63.0,65.0,353.89898681640625,0.5136739009522704,4.838653990625276,4.960057083333333,-1.0200490890271792,0.6856728104596664,0.2058741160493059
raoultibacter,Actinobacteria,Bacteria,901,98.0,63.0,280.3710021972656,0.2661893818048323,3.378569608227825,3.8477822,-1.3932272708134763,0.011740116343857809,0.2630849110508032
vicingus,Bacteroidetes,Bacteria,12129,69.0,83.0,114.02400207519533,1.6481321458107752,6.298086715351014,2.6992324444444447,-0.6470374622893496,-0.6841716970811682,0.117701806446933
algoriphagus,Bacteroidetes,Bacteria,12758,91.0,70.0,283.8729858398437,0.38398252268192673,6.204709052445152,4.351533612903226,-0.6709035531007899,0.31696551696164227,0.2224078543907995
arenibacter,Bacteroidetes,Bacteria,6318,163.0,83.0,80.5999984741211,2.5686160298453236,4.871850632177601,5.131520214285715,-1.011564468216725,0.7895631450485129,0.1106855583178714
atopobium,Actinobacteria,Bacteria,672,57.0,59.0,348.76300048828125,0.7930222262208703,10.001267807772102,1.6997845,0.29944645573321493,-1.2897420070115553,0.2452157488847923
azonexus,Proteobacteria,Bacteria,11739,79.0,63.0,280.3710021972656,0.18178235589479563,15.677476428203311,3.380646129032258,1.7502100129285125,-0.2712998727301539,0.2248963446181064
capnocytophaga,Bacteroidetes,Bacteria,1212,70.0,77.0,122.29900360107422,1.3204055592448987,7.049457597708973,2.695242823529412,-0.4549970411288261,-0.6865890275559073,0.1639363362128944
croceitalea,Bacteroidetes,Bacteria,536,65.0,68.0,230.42100524902344,0.6396097483324813,6.32333958029689,2.6884528,-0.6405831653055524,-0.6907031354251536,0.0350781733907767
dokdonella,Proteobacteria,Bacteria,56628,90.0,63.0,248.1009979248047,0.2518882827581435,7.624451880742842,3.5412381666666666,-0.3080361369050832,-0.1739963857969962,0.5239057813979295
gordonia,Actinobacteria,Bacteria,1346,80.0,57.0,558.260986328125,1.186019814190413,9.695841467304536,5.053712992857143,0.22138353842553388,0.7424193758735078,0.3411914262045533
janibacter,Actinobacteria,Bacteria,1865,79.0,60.0,277.4840087890625,0.3353091358677303,9.576305255233056,3.237156625,0.19083166976900479,-0.35824085240956327,0.3017182672878343
noviherbaspirillum,Proteobacteria,Bacteria,42245,91.0,66.0,277.4840087890625,0.20886871202845894,5.69997470636224,5.61406,-0.7999069503202282,1.0819363188721602,0.4064214901708094
photobacterium,Proteobacteria,Bacteria,5750,69.0,60.0,313.35699462890625,0.4809633394516304,12.685682065680874,4.729741742647059,0.9855470975897597,0.546123639323358,0.1201534899427817
poseidonibacter,Proteobacteria,Bacteria,10480,63.0,55.0,416.53900146484375,1.101801135479591,9.531244150348297,3.0426248181818183,0.17931464966187607,-0.4761086085053412,0.0342585092221812
pseudaminobacter,Proteobacteria,Bacteria,8466,118.0,78.0,190.4459991455078,1.4041594766505563,6.452148500929324,6.0444982000000005,-0.6076613154597656,1.342740891665363,0.3194927922038352
pseudoclostridium,Firmicutes,Bacteria,1251,76.0,66.0,346.6440124511719,0.3663149519114944,3.145056757042119,4.45143,-1.4529100550962104,0.3774932177102251,0.2244515785890212
sulfurovum,Proteobacteria,Bacteria,7312,78.0,63.0,280.3710021972656,0.1952274815082522,22.6713411019067,1.72023348,3.5377489620860327,-1.277351871812224,0.027727173366086
thalassobius,Proteobacteria,Bacteria,5646,85.0,63.0,310.7950134277344,0.11325383084772096,12.661837136661848,3.7119416,0.9794526503349154,-0.0705663556443914,0.0498720046491256
aliikangiella,Proteobacteria,Bacteria,3575,57.0,63.0,313.35699462890625,0.49712144142410725,5.969431003020532,4.355524,-0.7310374986158688,0.3193833116695787,0.0375606521019079
aquimonas,Proteobacteria,Bacteria,5044,63.0,70.0,309.7279968261719,0.6279926385917299,5.946130385454455,3.868061833333333,-0.7369928270904662,0.024027643584475997,0.4103423250967428
caldanaerobacter,Firmicutes,Bacteria,270,107.0,72.0,199.1959991455078,0.9406088943431832,10.085959529699466,2.577841,0.32109253535863275,-0.7577233563183903,0.1671996863536357
cephaloticoccus,Verrucomicrobia,Bacteria,1838,57.0,55.0,453.2210083007813,1.2884824268543154,5.9807801648622,3.344045333333333,-0.7281368035382887,-0.2934764706393297,0.2391360778904633
chryseobacterium,Bacteroidetes,Bacteria,3147,79.0,59.0,277.4840087890625,0.383703604330731,7.2336177176451075,4.7002760343642604,-0.40792815966975066,0.528270225149745,0.3325231485430568
collimonas,Proteobacteria,Bacteria,6340,79.0,59.0,277.4840087890625,0.383703604330731,7.700521958490619,4.545146444444444,-0.2885936350575905,0.43427646152323013,0.6215467514287653
deinococcus,Deinococcus-Thermus,Bacteria,11835,79.0,59.0,277.4840087890625,0.383703604330731,15.367704983663918,3.7090769285714287,1.671036544712442,-0.07230207382210285,0.2463872207437447
desulfovibrio,Proteobacteria,Bacteria,17506,91.0,62.0,346.6440124511719,0.3362133552160757,15.63606112471281,2.81400793006993,1.7396248112504182,-0.6146286790690886,0.1616850662643563
faecalibaculum,Firmicutes,Bacteria,134,90.0,66.0,319.7309875488281,0.22504729311343438,2.9441884908727705,2.3775651666666664,-1.5042493168891213,-0.8790714456685053,0.2554597309371289
marinirhabdus,Bacteroidetes,Bacteria,1354,69.0,66.0,183.7429962158203,0.6239391670829183,8.3102081863411,3.249016076923077,-0.13276593036301695,-0.35105515352791283,0.0541481329004318
maritimibacter,Proteobacteria,Bacteria,3141,57.0,62.0,416.53900146484375,0.8437106099193256,11.166468815643896,4.298583625,0.5972563623217453,0.28488286497000664,0.1204595984202187
parasphingorhabdus,Proteobacteria,Bacteria,456,48.0,63.0,342.3429870605469,0.7018967249529943,7.018746600554697,3.276938363636364,-0.46284636423442543,-0.33413690589638717,0.1787119047951312
pelagimonas,Proteobacteria,Bacteria,3740,69.0,55.0,416.53900146484375,1.0211303817988515,6.920637226221626,4.912842400000001,-0.48792181766108944,0.6570652070538439,0.0551217865171799
salinibacter,Bacteroidetes,Bacteria,718,136.0,77.0,64.48500061035156,1.9618029683390432,7.615968512393629,3.8077888521739127,-0.31020437321672995,-0.012492045193739679,0.0256894818252204
sutterella,Proteobacteria,Bacteria,1161,65.0,70.0,240.4980010986328,0.7072762941871589,17.589099921331442,2.558402658536585,2.2387955960810193,-0.7695011407742641,0.2453431630099448
terribacillus,Firmicutes,Bacteria,3387,79.0,59.0,277.4840087890625,0.383703604330731,7.706601320559165,3.6332488,-0.2870398308319501,-0.11824670112929699,0.4257345201148091
terrisporobacter,Firmicutes,Bacteria,310,53.0,57.0,388.6099853515625,1.0587489499263214,9.60950758856869,3.434098958333333,0.19931774532369942,-0.23891254672039255,0.1638590207006765
thermoanaerobacter,Firmicutes,Bacteria,341,88.0,63.0,278.1610107421875,0.13812497313746705,12.393538195670615,2.3399290454545456,0.9108790033721997,-0.9018753522788395,0.2517530934065602
thermoanaerobacterium,Firmicutes,Bacteria,137,157.0,65.0,245.48699951171875,1.1403234878174275,8.794743225623055,2.7289028666666666,-0.008925207764443634,-0.6661942457484088,0.3728820284648496
acidobacterium,Acidobacteria,Bacteria,25373,78.0,57.0,416.53900146484375,0.8033353143517408,4.680242737094631,4.0596185,-1.0605369021150683,0.14009274797272506,0.4013811468140469
alistipes,Bacteroidetes,Bacteria,14681,99.0,57.0,356.5710144042969,0.7144356130386016,16.666660162625675,2.5800010068259382,2.003032241502856,-0.7564145978079484,0.2009096287669859
brevundimonas,Proteobacteria,Bacteria,69642,91.0,66.0,283.8729858398437,0.19040464882992394,14.230274645302538,3.09199935326087,1.3803244525241094,-0.4461923405529266,0.3779455716750405
cobetia,Proteobacteria,Bacteria,6457,57.0,59.0,342.3429870605469,0.7744684682838878,7.206244794337756,4.0242873823529415,-0.4149243154215437,0.11868545409349342,0.1287588304551903
ensifer,Proteobacteria,Bacteria,2642,79.0,60.0,487.947998046875,0.8510778839738147,7.16962633526343,7.392295988888889,-0.42428350735724174,2.159378045483936,0.3099592115144908
geovibrio,Deferribacteres,Bacteria,245,139.0,67.0,152.25900268554688,1.2645279001900718,12.251793030766624,2.6118626000000003,0.8746508212523314,-0.7371095054711807,0.3779030318139847
megasphaera,Firmicutes,Bacteria,4149,116.0,63.0,280.3710021972656,0.5082016428470509,12.759141674312223,2.272880162337662,1.0043223981917475,-0.9425005925980309,0.128204256427651
moraxella,Proteobacteria,Bacteria,7280,79.0,59.0,277.4840087890625,0.383703604330731,19.849146900238747,2.0151999580152675,2.8164335959857802,-1.098630266046083,0.1169747872078199
neochlamydia,Chlamydiae,Bacteria,2341,84.0,65.0,260.2439880371094,0.15278091169297933,6.866239316381956,2.621522375,-0.5018252011447275,-0.7312566014023657,0.7028867876978135
phytoactinopolyspora,Actinobacteria,Bacteria,285,126.0,76.0,190.30099487304688,1.4153506051530853,5.720577222022604,5.0694185,-0.7946412208685275,0.7519354180855917,0.4039238024490361
pyruvatibacter,Proteobacteria,Bacteria,593,80.0,63.0,309.7279968261719,0.17739579437707495,5.711721022710704,3.326493,-0.7969047478239527,-0.3041115137106085,0.0561757512865159
rubripirellula,Planctomycetes,Bacteria,2195,61.0,69.0,347.3320007324219,0.7151635189689701,4.702700941175788,6.80460025,-1.054796883342023,1.8032903745632272,0.0295711080845108
ruthenibacterium,Firmicutes,Bacteria,2060,122.0,55.0,356.5710144042969,1.1204624390741047,11.738667316079354,3.1519762,0.7435027016344992,-0.4098520810423111,0.1825097296857698
simonsiella,Proteobacteria,Bacteria,36,79.0,59.0,277.4840087890625,0.383703604330731,8.123260646895861,2.33896225,-0.1805472392384964,-0.902461138288309,0.1017647586523518
sphingosinicella,Proteobacteria,Bacteria,10515,80.0,68.0,283.8729858398437,0.2834573135266282,5.74977719613365,4.000155,-0.7871780951900825,0.10406352771697518,0.3738161429543976
sporosalibacterium,Firmicutes,Bacteria,984,61.0,69.0,347.3320007324219,0.7151635189689701,6.09401232818694,4.1023875,-0.699196166039056,0.16600669049407293,0.2265821961960702
succinimonas,Proteobacteria,Bacteria,121,99.0,61.0,233.7469940185547,0.51116624068529,4.951140014550527,3.4335526666666665,-0.9912991548515471,-0.23924354746508805,0.1178125746794801
sulfuriferula,Proteobacteria,Bacteria,425,68.0,63.0,361.5750122070313,0.4885745231025835,7.312798215911244,3.418664,-0.3876906756365528,-0.24826466210932807,0.2571438770725295
thermoleophilum,Actinobacteria,Bacteria,525,69.0,67.0,325.6449890136719,0.44813838644678367,13.161787710783974,1.8234605,1.1072333789579847,-1.2148061245904038,0.5390323583664588
boseongicola,Proteobacteria,Bacteria,1788,57.0,68.0,216.41900634765625,0.7876363536900605,12.735197047785398,3.062379,0.998202469577649,-0.46413945486151936,0.0428464412989334
cloacibacterium,Bacteroidetes,Bacteria,2187,81.0,61.0,233.7469940185547,0.3864238379348836,6.392244563624293,2.503033142857143,-0.6229719664569535,-0.8030497962666052,0.1737004033876566
cyanobium,Cyanobacteria,Bacteria,10994,63.0,69.0,347.3320007324219,0.688273267742057,14.862258549606192,3.1623726530612246,1.5418511472614302,-0.4035528201979035,0.0480485555335117
desulfuromonas,Proteobacteria,Bacteria,20133,67.0,64.0,314.6789855957031,0.31809625406823344,8.480931379653418,3.537347333333333,-0.08913134893942172,-0.17635386040150303,0.1939071326647002
endomicrobium,Elusimicrobia,Bacteria,395,75.0,67.0,335.0920104980469,0.3947694058572606,6.324987942991734,1.73913375,-0.6401618656869811,-1.2659001074404137,0.1908783902206277
kutzneria,Actinobacteria,Bacteria,9618,91.0,66.0,334.0929870605469,0.27999841640601547,2.484525382110065,10.062284,-1.6217331042854646,3.7771366054835047,0.5418225599974724
lachnoclostridium,Firmicutes,Bacteria,10431,99.0,61.0,346.6440124511719,0.4921688285867291,2.7283131112864227,4.764849,-1.5594241976136045,0.567395295175173,0.2184075433523553
lentibacillus,Firmicutes,Bacteria,65,122.0,55.0,356.5710144042969,1.1204624390741047,7.57353184139992,3.5650474,-0.3210506228673784,-0.15957025696355687,0.1850545775068779
marivita,Proteobacteria,Bacteria,286,69.0,66.0,273.79998779296875,0.3636755958204285,8.361739520373364,4.664101280000001,-0.11959520559462625,0.5063517677315376,0.0214638367606668
mycoplasmopsis,Tenericutes,Bacteria,203,128.0,52.0,220.8390045166016,1.3739290267087565,4.250899959609135,0.940977213768116,-1.1702712154169022,-1.7495069863235124,0.0576220122822587
oribacterium,Firmicutes,Bacteria,361,99.0,61.0,233.7469940185547,0.51116624068529,11.373234446537156,2.54984632,0.6501029122354883,-0.7746854673900433,0.2543122903275828
ornithinicoccus,Actinobacteria,Bacteria,1662,99.0,74.0,120.12100219726562,1.1583625714802723,6.476193714287333,4.014703875,-0.6015156781871641,0.11287876095834806,0.5044694452151776
paenibacillus,Firmicutes,Bacteria,62002,80.0,60.0,305.2229919433594,0.3095597924016715,8.288189003971334,6.515295437172775,-0.13839374101576682,1.6279991989277427,0.3837071658371461
pseudobacteroides,Firmicutes,Bacteria,13094,76.0,62.0,371.6130065917969,0.4584176639871352,3.4049767584428805,6.7548185,-1.3864779538409662,1.773127373134339,0.1793046551816952
pseudoteredinibacter,Proteobacteria,Bacteria,172,63.0,65.0,335.7959899902344,0.4613564681575406,4.296401511405856,4.887811333333333,-1.1586416229271352,0.6418987635352191,0.0020244026818252
soehngenia,Firmicutes,Bacteria,2887,53.0,55.0,335.697998046875,1.0026229100432615,9.041875184447974,1.9907375,0.05423843960238715,-1.1134521868517724,0.1299117165638504
sphingobacterium,Bacteroidetes,Bacteria,9629,79.0,61.0,277.4840087890625,0.2869146674047296,7.643869419778701,5.232951768707483,-0.3030732717450106,0.8510210110527846,0.330081380285052
tepidanaerobacter,Firmicutes,Bacteria,1672,69.0,65.0,353.89898681640625,0.43300314727153083,11.903123831191104,2.4363352352941177,0.7855356033162101,-0.8434623788119632,0.253714743586603
thermacetogenium,Firmicutes,Bacteria,109,116.0,65.0,245.48699951171875,0.5890733376657074,10.19045969163669,2.453275,0.34780138924286774,-0.83319849401425,0.4236314452136953
thermoclostridium,Firmicutes,Bacteria,4111,80.0,57.0,558.260986328125,1.186019814190413,4.366351056256306,2.977314428571429,-1.140763448022471,-0.5156804872588888,0.3812608119392822
tsukamurella,Actinobacteria,Bacteria,198,117.0,57.0,356.5710144042969,0.9564478740808203,5.637986902716675,4.7889433703703705,-0.815750209885401,0.5819941899088785,0.599769447888668
anaeroplasma,Tenericutes,Bacteria,103,99.0,61.0,233.7469940185547,0.51116624068529,8.526270657935765,1.641984,-0.07754323140533292,-1.3247636075798446,0.1215087706387245
azotobacter,Proteobacteria,Bacteria,7722,134.0,81.0,80.5999984741211,2.0819184501290806,6.557366103949275,5.0325084,-0.5807690931606511,0.7295714112147926,0.2579043008713961
curtobacterium,Actinobacteria,Bacteria,2315,79.0,59.0,277.4840087890625,0.383703604330731,10.781351157760888,3.710110116504855,0.4988254023887347,-0.07167606029079379,0.5446452701815985
fervidobacterium,Thermotogae,Bacteria,91,75.0,67.0,335.0920104980469,0.3947694058572606,8.136127612232592,1.8436289,-0.17725861374030152,-1.2025859941607104,0.1151007116499567
gallionella,Proteobacteria,Bacteria,7165,68.0,57.0,416.53900146484375,0.9377865704863066,13.336125464583084,2.474481819148936,1.1517917940494689,-0.8203491804346444,0.1934457832424694
halomonas,Proteobacteria,Bacteria,14002,72.0,69.0,347.3320007324219,0.5672671372209478,15.974913515185738,4.194075913857678,1.8262309831231656,0.2215611408338387,0.2238599560778277
hellea,Proteobacteria,Bacteria,4087,63.0,63.0,315.66900634765625,0.42313237248749025,7.34449988764664,1.9061883333333327,-0.37958814926175827,-1.164680933028393,0.067787744417017
hungatella,Firmicutes,Bacteria,134,80.0,69.0,269.4070129394531,0.3736582614523227,3.5771405329918595,6.709269534883721,-1.3424751789806808,1.7455290363967457,0.2345743860630463
ignavibacterium,Ignavibacteriae,Bacteria,5996,72.0,62.0,371.6130065917969,0.5121981664409616,6.960782246656026,3.304226333333333,-0.4776612834658779,-0.3176029939917007,0.3864807868484544
melaminivora,Proteobacteria,Bacteria,421,101.0,63.0,280.3710021972656,0.30652475864520207,8.730515839170467,2.97806,-0.02534087495890186,-0.5152287419493058,0.4356817241907322
methylophaga,Proteobacteria,Bacteria,4808,78.0,66.0,173.93499755859375,0.5312780291355473,13.79603434233976,2.9718685081967213,1.2693383967374592,-0.518980196570914,0.1800616389472372
microcystis,Cyanobacteria,Bacteria,2204,91.0,62.0,283.8729858398437,0.21034728235903447,7.269636071730533,4.814546375451264,-0.398722346601287,0.5975071736597273,0.0626134462759173
oceanicoccus,Proteobacteria,Bacteria,6292,57.0,63.0,416.53900146484375,0.7953161414563249,5.594584442259893,3.75363,-0.8268433024994858,-0.04530715385321176,0.0328951253933145
panacagrimonas,Proteobacteria,Bacteria,10870,100.0,70.0,233.6269989013672,0.6501989225358016,3.8931230206481975,5.394127,-1.261714250611402,0.9486778578244942,0.4649797924573763
pontibacillus,Firmicutes,Bacteria,737,99.0,65.0,176.44400024414062,0.5600396004257985,7.366423152667969,4.344035,-0.37398485380972063,0.3124220713874171,0.4007653730656837
pseudophaeobacter,Proteobacteria,Bacteria,1112,69.0,60.0,429.3500061035156,0.8161816815168462,8.846684095431334,4.182358,0.004350188910661652,0.2144612005458267,0.0239725031785086
rudaea,Proteobacteria,Bacteria,43317,80.0,63.0,277.4840087890625,0.17668060486527162,5.549576953614374,4.6850418,-0.8383466190077573,0.5190397293777559,0.5209430737168789
sporomusa,Firmicutes,Bacteria,6613,75.0,60.0,434.52099609375,0.7504550237719347,8.68506123157964,5.066170384615385,-0.03695846913294664,0.7499673693732156,0.27815969424214
terrimonas,Bacteroidetes,Bacteria,65391,85.0,63.0,283.8729858398437,0.09099091359945366,2.6623563117978657,4.5072855,-1.5762818798176752,0.41133633343659576,0.4258164039972078
thiopseudomonas,Proteobacteria,Bacteria,1011,122.0,55.0,356.5710144042969,1.1204624390741047,14.1885141017799,2.4667840303030304,1.369651012077745,-0.8250133076691899,0.1726069907842492
ahrensia,Proteobacteria,Bacteria,2755,57.0,56.0,416.53900146484375,1.1340774206973299,11.224794981335087,3.3853625,0.6121637558433892,-0.2684422009078662,0.0847919245139978
amylolactobacillus,Firmicutes,Bacteria,692,99.0,57.0,356.5710144042969,0.7144356130386016,9.595357382284156,1.563256,0.19570114047755172,-1.3724652809138176,0.0834707879438799
balneola,Balneolaeota,Bacteria,1039,65.0,79.0,216.41900634765625,1.2124145018754156,6.636217860516802,3.315141314285714,-0.560615631140731,-0.31098955460752964,0.0654904500090408
brevilactibacter,Actinobacteria,Bacteria,4210,65.0,63.0,309.7279968261719,0.37907267857892385,8.390993281418483,3.4560866666666663,-0.11211833268999115,-0.2255900886333162,0.1856387996717933
butyricimonas,Bacteroidetes,Bacteria,1195,122.0,55.0,356.5710144042969,1.1204624390741047,5.577143411393134,4.661884782608696,-0.8313009984147374,0.5050087813162135,0.2421676192648114
citrobacter,Proteobacteria,Bacteria,6977,88.0,65.0,260.2439880371094,0.16996230953573307,12.629322746286462,5.225933434903047,0.9711424038666577,0.8467685688913175,0.2965129027456535
companilactobacillus,Firmicutes,Bacteria,66,107.0,55.0,356.5710144042969,0.9187855548722558,16.007726860156584,2.498793260869565,1.8346176384166357,-0.8056187611272143,0.1217674354488549
curvibacter,Proteobacteria,Bacteria,27891,79.0,62.0,283.8729858398437,0.22005613574319394,11.367159914800036,3.079045272727273,0.6485503425784255,-0.4540412801672393,0.2404111215723708
desulfomicrobium,Proteobacteria,Bacteria,1106,63.0,69.0,347.3320007324219,0.688273267742057,9.480050878912184,3.691963307692308,0.1662303292044161,-0.08267129891021982,0.2429391791280294
ferrimonas,Proteobacteria,Bacteria,3612,89.0,65.0,241.97300720214844,0.23621033961332313,9.927805994038575,4.431996357142857,0.2806705915363889,0.36571828016245905,0.0876479553000594
franconibacter,Proteobacteria,Bacteria,640,126.0,70.0,192.9320068359375,1.1173802029436526,8.724813184132316,4.584625384615385,-0.02679839786932254,0.4581969409918523,0.5580549010016508
kibdelosporangium,Actinobacteria,Bacteria,2190,91.0,66.0,304.5979919433594,0.1947582520486177,2.636486662099024,11.758072,-1.582893818794935,4.804622699626264,0.5077722231308878
lachnospira,Firmicutes,Bacteria,456,118.0,65.0,152.25900268554688,0.885391325381482,9.117490954749895,2.632303132420092,0.07356482649881232,-0.7247244887010901,0.1553245395870672
lactobacillus,Firmicutes,Bacteria,8671,122.0,55.0,356.5710144042969,1.1204624390741047,23.283301158125173,1.8468171548343475,3.6941578271205775,-1.200654215243254,0.1837507558571185
mameliella,Proteobacteria,Bacteria,625,91.0,69.0,283.8729858398437,0.33558805421892607,7.386186585470429,5.550902285714286,-0.36893358279552935,1.0436687564372256,0.1105275828169934
mariprofundus,Proteobacteria,Bacteria,1153,57.0,61.0,416.53900146484375,0.8921050783823263,10.693670990034674,2.8053977000000003,0.4764155156963919,-0.6198456588237647,0.0374075806604566
methylophilus,Proteobacteria,Bacteria,395,79.0,59.0,277.4840087890625,0.383703604330731,10.59079876151199,2.7382259500000004,0.450122739977934,-0.6605453447775713,0.311239572278624
microvirgula,Proteobacteria,Bacteria,1891,71.0,61.0,323.8489990234375,0.43600038030024346,7.08558519542716,4.0928165,-0.44576330683831733,0.16020757562414784,0.2569495353333033
oceanobacillus,Firmicutes,Bacteria,10484,99.0,57.0,356.5710144042969,0.7144356130386016,10.14705778936537,4.04058012195122,0.33670843929357575,0.12855730327082002,0.3157481764670918
paludibacter,Bacteroidetes,Bacteria,11685,77.0,57.0,353.89898681640625,0.6357515866709927,4.970888478195894,3.621083047619048,-0.9862517097551549,-0.12561798892954826,0.1856745128022809
peptostreptococcus,Firmicutes,Bacteria,56,118.0,64.0,241.8249969482422,0.5980948952390642,13.49738667469085,1.926298818181818,1.1930080181980074,-1.1524958936671714,0.1590303483789741
perlucidibaca,Proteobacteria,Bacteria,1827,62.0,70.0,353.89898681640625,0.7690913688807305,9.055990168548748,1.9876346666666669,0.05784604212603041,-1.115332208471481,0.2885417075658541
phocoenobacter,Proteobacteria,Bacteria,125,79.0,59.0,277.4840087890625,0.383703604330731,9.917157922851274,2.2183775,0.27794908592129325,-0.9755240174870538,0.1172100137367254
phyllobacterium,Proteobacteria,Bacteria,28449,65.0,69.0,347.3320007324219,0.6613830165151439,7.595442667161358,5.266315836065574,-0.315450506725006,0.8712364597141032,0.2839208690521469
psychrobacter,Proteobacteria,Bacteria,3216,79.0,59.0,335.697998046875,0.45947177024138725,13.112072582123783,3.126889341346154,1.0945268521679243,-0.4250523291939384,0.1061653760551755
reichenbachiella,Bacteroidetes,Bacteria,2587,65.0,63.0,216.41900634765625,0.5548345769225161,4.338952956743334,5.070347666666667,-1.1477660384781423,0.7524984046317524,0.035073498240457
skermanella,Proteobacteria,Bacteria,6321,80.0,59.0,277.4840087890625,0.3702584787172744,4.805673507816398,8.5315825,-1.028478462532868,2.8496772146083122,0.3945877479272145
thiohalocapsa,Proteobacteria,Bacteria,4014,61.0,69.0,347.3320007324219,0.7151635189689701,7.112035093401373,5.34305575,-0.4390030641061523,0.9177335421520822,0.0705795785240216
anaerotignum,Firmicutes,Bacteria,5028,122.0,55.0,356.5710144042969,1.1204624390741047,10.024175998182832,2.3942117540983605,0.3053014850373798,-0.8689851983893658,0.2269449225506485
kyrpidia,Firmicutes,Bacteria,264,69.0,66.0,260.2439880371094,0.4028522643578289,10.086776750525958,3.172470333333333,0.3213014061511877,-0.39743458722144,0.4962698036684352
acutalibacter,Firmicutes,Bacteria,201,68.0,61.0,296.5369873046875,0.3974043873069295,8.485093280452583,2.710636081395349,-0.08806762235503277,-0.677262178680456,0.1324778134365189
jeotgalibaca,Firmicutes,Bacteria,750,122.0,55.0,356.5710144042969,1.1204624390741047,14.39515661869058,2.222969909090909,1.4224660956921935,-0.9727414547613332,0.1040630484515888
legionella,Proteobacteria,Bacteria,36555,91.0,63.0,283.8729858398437,0.16195281389603378,7.695870262329039,3.5083751518218627,-0.2897825468333266,-0.19390824433393777,0.3536276545030659
longibaculum,Firmicutes,Bacteria,3495,69.0,61.0,309.7279968261719,0.42208111305109886,1.6132399824250052,3.099352888888889,-1.8444220839028838,-0.44173679799656174,0.1933560731276893
mariniblastus,Planctomycetes,Bacteria,12526,63.0,65.0,365.4549865722656,0.5470705946825059,4.689083115053259,6.39783925,-1.0582774188874706,1.556831930972635,0.0464500945588818
gelidibacter,Bacteroidetes,Bacteria,240,116.0,63.0,280.3710021972656,0.5082016428470509,5.519776060477316,4.52916925,-0.8459633316105143,0.42459580267018887,0.1595548420826611
allosphingosinicella,Proteobacteria,Bacteria,44031,101.0,67.0,231.21099853515625,0.5254428533856562,2.759648166935901,3.623650333333333,-1.5514153734426042,-0.12406245818447913,0.3697039789756817
aquisalimonas,Proteobacteria,Bacteria,1288,136.0,81.0,80.5999984741211,2.108808701355994,12.204213567404432,3.0317398,0.8624901421560206,-0.4827038933029158,0.3089023146360526
desulfobacula,Proteobacteria,Bacteria,4416,43.0,59.0,416.53900146484375,1.17712577389672,9.926236618633643,4.634183303030302,0.2802694800203606,0.4882243217882662,0.0285491017468368
lawsonella,Actinobacteria,Bacteria,1583,79.0,59.0,277.4840087890625,0.383703604330731,11.59410304043758,1.8112656,0.7065539922409589,-1.2221950730730333,0.2200634650896218
malaciobacter,Proteobacteria,Bacteria,934,69.0,55.0,382.6610107421875,0.9232234153516918,12.484291025095835,2.803523238095238,0.9340742215973658,-0.6209814042949815,0.0954354555050202
sulfurimonas,Proteobacteria,Bacteria,10735,57.0,66.0,416.53900146484375,0.823767976390215,16.36630779701609,2.138539763157895,1.9262661647988817,-1.0238980857037718,0.04519374144774
brochothrix,Firmicutes,Bacteria,4357,79.0,61.0,277.4840087890625,0.2869146674047296,9.064640741356245,2.5373316666666663,0.06005701367714785,-0.7822681559531287,0.4020916041799996
halochromatium,Proteobacteria,Bacteria,161,61.0,69.0,347.3320007324219,0.7151635189689701,9.969915069142074,3.5105615,0.29143311202717287,-0.1925835254716799,0.1550649596489746
methylococcus,Proteobacteria,Bacteria,245,42.0,62.0,371.6130065917969,0.9155519348446596,8.212541263131431,3.287654714285714,-0.1577282991572096,-0.32764381756685257,0.08290515523544
terrimicrobium,Verrucomicrobia,Bacteria,36815,87.0,60.0,356.0469970703125,0.4063962967936467,6.687197017116766,5.0843425,-0.5475860355924684,0.760977941366206,0.4626070675858853
olleya,Bacteroidetes,Bacteria,50,69.0,64.0,416.53900146484375,0.5855801656318452,6.832511877073651,3.5126173846153845,-0.5104454868139121,-0.19133785510871618,0.0433098111252576
fibrella,Bacteroidetes,Bacteria,87,107.0,56.0,312.6369934082031,0.7434223191418171,3.04723828793964,6.56332,-1.4779111570084458,1.6570975122088007,0.252270873798287
adlercreutzia,Actinobacteria,Bacteria,616,75.0,61.0,245.48699951171875,0.43316612362239026,7.977514979537674,2.6323986923076923,-0.21779789666875543,-0.7246665885062148,0.3782809259750745
anseongella,Bacteroidetes,Bacteria,102,157.0,65.0,245.48699951171875,1.1403234878174275,3.2652318693627373,4.2875975,-1.4221948920190364,0.2782263190656756,0.4152636283910956
brasilonema,Cyanobacteria,Bacteria,3051,101.0,55.0,447.95599365234375,1.1022162400950153,4.4168004538017085,8.1506965,-1.127869251854648,2.6188965577964587,0.1626106539767284
castellaniella,Proteobacteria,Bacteria,2383,90.0,67.0,231.21099853515625,0.3775464716376337,7.855309532377486,3.6917705,-0.24903198637303556,-0.08278812201705282,0.3892259868780541
colwellia,Proteobacteria,Bacteria,10846,57.0,59.0,416.53900146484375,0.9888940153083278,10.1627463027067,4.231139764705882,0.34071821499848043,0.24401830608203665,0.0344070596270671
convivina,Firmicutes,Bacteria,66,79.0,59.0,277.4840087890625,0.383703604330731,7.022355989490543,1.566425857142857,-0.4619238523462927,-1.370544649246,0.0110944900080863
corallococcus,Proteobacteria,Bacteria,54048,99.0,65.0,252.6439971923828,0.33982256909235736,3.043606582265216,10.185284846153849,-1.4788393727586473,3.8516634089464805,0.6443550029257237
desulfobacca,Proteobacteria,Bacteria,5861,71.0,64.0,580.781005859375,1.0333472382442608,8.936640812468317,3.133168333333333,0.027341931379822475,-0.42124785779063784,0.0865608864139256
fibrobacter,Fibrobacteres,Bacteria,2472,99.0,61.0,233.7469940185547,0.51116624068529,7.422573909013495,3.368103882352941,-0.35963346603270613,-0.2788992802341026,0.1184295603764403
flaviflexus,Actinobacteria,Bacteria,1373,122.0,55.0,356.5710144042969,1.1204624390741047,6.741360945947768,2.373408,-0.5337424545479493,-0.8815902929188889,0.0814920545091976
liberibacter,Proteobacteria,Bacteria,60,126.0,60.0,241.97300720214844,0.8988060262293297,19.364297129858787,1.2393943265306122,2.692512432297417,-1.568694624390478,0.3318865418082511
oceanithermus,Deinococcus-Thermus,Bacteria,99,55.0,57.0,444.0069885253906,1.1919553400679888,8.528053152675055,2.345201142857143,-0.07708764941714699,-0.8986809631404951,0.0981708798477661
propionivibrio,Proteobacteria,Bacteria,16679,71.0,62.0,309.7279968261719,0.346796393361185,12.50354681576578,3.5190015,0.938995746022734,-0.1874696889339967,0.2815523833214434
salinisphaera,Proteobacteria,Bacteria,113,69.0,66.0,232.61099243164065,0.4827112735808827,12.990231624180725,2.69433225,1.0633859210680159,-0.6871407484309021,0.1106602512735535
schlesneria,Planctomycetes,Bacteria,16949,89.0,66.0,283.8729858398437,0.16351439760301079,4.480778407994283,7.8111428,-1.1115173362339983,2.413159340075421,0.4654237184890522
senegalimassilia,Actinobacteria,Bacteria,744,63.0,64.0,309.7279968261719,0.3575684613428363,8.561580715134568,2.1024155,-0.06851844961663728,-1.045785950257531,0.1033688465267269
succiniclasticum,Firmicutes,Bacteria,1193,99.0,61.0,233.7469940185547,0.51116624068529,11.403482546692349,2.1046202247191013,0.6578339250142634,-1.0444500969608401,0.1220582914897736
tidjanibacter,Bacteroidetes,Bacteria,74,125.0,59.0,400.43701171875,1.0939921217468227,11.665980963387454,2.0572637719298243,0.7249250349836843,-1.0731435991609442,0.1578970731306963
waddlia,Chlamydiae,Bacteria,329,61.0,69.0,347.3320007324219,0.7151635189689701,6.579586363337293,2.127793333333333,-0.5750898898918477,-1.030409399150039,0.3314051604908219
weissella,Firmicutes,Bacteria,5687,79.0,59.0,309.7279968261719,0.3844187938425343,17.52129842207595,2.168789040892193,2.2214664331096277,-1.0055699030359775,0.1952956069792188
aliidiomarina,Proteobacteria,Bacteria,1316,122.0,65.0,245.48699951171875,0.669744091346447,9.32686347467822,2.6804295,0.12707766263679843,-0.6955644914314089,0.2345263774613765
alkalicoccus,Firmicutes,Bacteria,133,139.0,64.0,235.2030029296875,0.899580012421874,9.759450755084462,2.35669,0.23764122780610034,-0.8917198094161626,0.1434734605631704
elizabethkingia,Bacteroidetes,Bacteria,10063,88.0,63.0,280.3710021972656,0.1317381256702664,6.581106376709515,4.102653635193133,-0.5747013946559727,0.166167943085851,0.5557888232446487
hyphobacterium,Proteobacteria,Bacteria,1814,61.0,69.0,347.3320007324219,0.7151635189689701,5.951638768855908,3.360419,-0.7355849574309329,-0.2835555873625704,0.102420357532135
keratinibaculum,Firmicutes,Bacteria,826,51.0,55.0,335.697998046875,1.0295131612701747,7.900610322147386,2.278305,-0.23745370599169485,-0.9392136574026916,0.286566822951502
nitrospirillum,Proteobacteria,Bacteria,723,81.0,63.0,353.89898681640625,0.29160427343916223,3.521466706095825,7.0993146,-1.3567046699228635,1.981859214753936,0.5030697098981634
pacificimonas,Proteobacteria,Bacteria,233,57.0,63.0,457.7330017089844,0.9143662832650638,7.874132596153002,3.301951,-0.24422106119632725,-0.3189816293868911,0.1641221855223133
paludibacterium,Proteobacteria,Bacteria,2954,116.0,63.0,280.3710021972656,0.5082016428470509,9.36172255695048,4.1659,0.1359871812221155,0.20448921929734423,0.2519236793983143
phenylobacterium,Proteobacteria,Bacteria,31221,83.0,58.0,365.4580078125,0.5400917896037085,10.245288281634032,3.318598663636364,0.36181484885642645,-0.30889473003017315,0.4718250888169453
rufibacter,Bacteroidetes,Bacteria,2821,126.0,70.0,192.9320068359375,1.1173802029436526,5.0871004242307984,5.1109665294117645,-0.9565494793594408,0.7771095686631534,0.1951579052442096
sebaldella,Fusobacteria,Bacteria,187,79.0,59.0,299.2070007324219,0.3540132476584567,5.79501149808291,4.4866175,-0.7756168082129014,0.39881349296730234,0.2155717939628539
spelaeicoccus,Actinobacteria,Bacteria,1643,79.0,59.0,277.4840087890625,0.383703604330731,5.219237163752199,4.0235765,-0.9227770831909412,0.11825472706144756,0.3303077850920389
spongiibacter,Proteobacteria,Bacteria,409,69.0,68.0,318.26300048828125,0.4751990010580152,9.772888680164751,3.479012307692308,0.241075783033798,-0.21169933262303917,0.0577285755726906
desulfoprunum,Proteobacteria,Bacteria,2258,61.0,59.0,416.53900146484375,0.9351135128545014,8.53571722095582,3.5146431428571425,-0.07512881532469126,-0.19011043846023096,0.1321714481589621
kocuria,Actinobacteria,Bacteria,1611,79.0,59.0,277.4840087890625,0.383703604330731,14.916153663563282,3.0168635303030302,1.5556260227933825,-0.4917174965636735,0.2277156251002115
maribacter,Bacteroidetes,Bacteria,6156,57.0,55.0,416.53900146484375,1.1824718891603305,6.016691182194942,4.3213120322580645,-0.7189584243186411,0.29865411609318626,0.0395035678572158
puia,Bacteroidetes,Bacteria,21867,80.0,57.0,454.4330139160156,0.8859582817799107,5.226278059986711,4.592178166666667,-0.9209775235993052,0.4627732079130613,0.416704207812002
roseobacter,Proteobacteria,Bacteria,3076,69.0,63.0,314.0660095214844,0.3378289781711314,7.584591055580999,4.482773,-0.31822403456204806,0.39648409195200307,0.0196602097868393
salinimicrobium,Bacteroidetes,Bacteria,1507,163.0,83.0,80.5999984741211,2.5686160298453236,3.9848996824494742,3.2623155,-1.2382573544249091,-0.34299696920790357,0.1850184128246214
simkania,Chlamydiae,Bacteria,4954,61.0,69.0,347.3320007324219,0.7151635189689701,7.602169194511107,2.36774525,-0.3137312956462647,-0.8850213803423209,0.1539568355651288
