genus_lower,Cu_mean,Cu_sd,Cu_n,Zn_mean,Zn_sd,Zn_n,Pb_mean,Pb_sd,Pb_n,Ni_mean,Ni_sd,Ni_n,Co_mean,Co_sd,Co_n,As_mean,As_sd,As_n,Cr_mean,Cr_sd,Cr_n,Hg_mean,Hg_sd,Hg_n,pH_mean,pH_sd,pH_n,ko_per_mb_primary,mean_genome_mb,mean_levins_B_std,phylum,kingdom,Cu_sd_01,Zn_sd_01,Pb_sd_01,Ni_sd_01,Co_sd_01,composite_metal_sd,ko_z,genome_z
acaryochloris,22.43617021276596,17.569878195266035,47,51.83673469387755,29.09175637729091,49,19.205,24.679320621251524,50,26.98510638297872,27.467894133708366,47,10.953999999999995,8.239457333032144,50,9.131999999999998,31.929989997250072,50,100.962,212.97126939508792,50,0.0284090909090909,0.0187942571409437,44,,,0,6.338244675839647,6.153123142857143,0.0641151121326881,Cyanobacteria,Bacteria,0.4326015591932011,0.537993627316181,0.3012395810870903,0.42131091120517605,0.5839797335056163,0.4554250824614529,-0.4676781221120015,0.7364759019822098
acholeplasma,15.727272727272728,18.82283774512283,22,38.409523809523805,33.7288882823301,21,19.770454545454548,37.13482353305545,22,19.12727272727273,17.112601366861952,22,9.345454545454546,6.279272574850058,22,18.063636363636363,48.77201134779138,22,67.22272727272727,71.5768513511921,22,0.0322222222222222,0.024145528280568,18,,,0,10.126890256401287,1.4812049523809525,0.1590991255640901,Tenericutes,Bacteria,0.47185402311634234,0.6664737792401674,0.4604776546316674,0.23646589243867075,0.3912569926441051,0.4453056684141906,0.47203736392431717,-1.6496510145996066
achromobacter,18.231617647058822,12.92359141808546,136,46.696527777777774,27.180776354695578,144,17.113680555555554,20.51004978791704,144,20.4112676056338,14.125873341941029,142,10.824999999999998,6.617168811275944,144,9.169444444444444,27.1597148140423,144,59.07708333333332,44.35145036496016,144,0.0366115702479338,0.0215078946361665,121,,,0,8.800642198780132,6.476800068965517,0.3824708127696951,Proteobacteria,Bacteria,0.2870436246863021,0.4850464589684485,0.24793730495365537,0.1831519195508636,0.4244784981878885,0.3255315612694316,0.14308185421220707,0.9017900607870611
acidiphilium,15.98235294117647,9.515923187880777,17,20.49411764705882,18.690889177224665,17,14.859411764705882,5.513761727020214,17,13.352941176470589,9.316525482110997,17,6.9,6.0566079615573605,17,2.666666666666666,1.8144919267885853,15,38.994117647058815,19.74058226687587,17,0.027,0.0170293863659264,10,,,0,8.78739868528743,3.755377578947369,0.1820723284815553,Proteobacteria,Bacteria,0.18028888205839222,0.24981873271084287,0.056216421578188305,0.09730364703739951,0.3693649059989487,0.19059851787675433,0.13979700360953393,-0.48814426384663695
acidisoma,14.97,15.534250925204889,250,34.89322709163347,32.24311886192499,251,20.53701195219124,29.39056613670204,251,15.6472,12.422816008875015,250,7.575298804780878,5.411604883059975,251,11.904065040650408,38.10304802928872,246,52.113545816733065,47.842929423028565,251,0.0291428571428571,0.022757901439326,210,,,0,3.606221044886869,6.3778675,0.3242780853835226,Proteobacteria,Bacteria,0.3688298388785507,0.6253078420257832,0.36147076285373775,0.1527518457162644,0.3059490669392607,0.3628618712827193,-1.14531472327513,0.8512614222042126
acidobacterium,23.155696202531644,21.759028464097284,79,48.30375000000001,34.62007701601683,80,27.719125,45.03433450196428,80,18.364556962025315,7.467846254832533,79,9.385,4.941559739417085,80,22.943037974683545,59.69188984886732,79,54.36375,23.826781250240984,80,0.0337878787878787,0.0272743977732373,66,,,0,4.680242737094631,4.0596185,0.4013811468140469,Acidobacteria,Bacteria,0.5638384134194289,0.6911657798650772,0.5614693943904208,0.06430417960045876,0.25973485777689886,0.42810252501045687,-0.8789200988518687,-0.33275681456954836
acidocella,15.782352941176471,15.04513701631417,340,39.82248520710059,29.90106977396255,338,20.571407624633437,25.79904455163933,341,16.183823529411764,11.623757716401018,340,8.67624633431085,5.738947842517907,341,9.266272189349111,32.28433927345145,338,50.65747800586509,63.597084964436704,341,0.0288628762541806,0.0209676466921489,299,,,0,10.874682563913618,3.126528043478261,0.2324933956398548,Proteobacteria,Bacteria,0.3535069770469506,0.5604171231942029,0.31555475429521035,0.13848842039421352,0.33813298842172274,0.3412200526704601,0.657515788011692,-0.809321720704003
acidovorax,20.458474576271183,19.174124864511047,118,51.1603305785124,32.25681963900254,121,22.115454545454547,34.16774246273815,121,24.738333333333333,24.047534101411383,120,11.839669421487605,7.787580704117325,121,16.927272727272726,45.3520469953305,121,87.6603305785124,148.0342187239935,121,0.0386407766990291,0.0239299854432131,103,,,0,10.429377269029322,4.794150092592592,0.2811818665887904,Proteobacteria,Bacteria,0.4828590751006831,0.6256874469101057,0.42254484075546866,0.36025647956396606,0.5395518283848306,0.48617993414301086,0.5470646326532357,0.04239650205696756
acinetobacter,17.355757575757575,16.951093034457198,165,43.50186335403728,33.66580882744704,161,19.290666666666667,27.669585004277582,165,22.45757575757576,23.975068736428724,165,10.603636363636364,7.778283487589263,165,11.86829268292683,35.588158498130305,164,80.00484848484848,153.2576002993639,165,0.0332857142857142,0.0234273055081248,140,,,0,16.95406023088738,3.8928728045780656,0.2569934734607408,Proteobacteria,Bacteria,0.41321638254994864,0.6647260485064674,0.33946878332113084,0.35896295150524943,0.5386377385041743,0.46300238087739415,2.1654122691261097,-0.41792020481929865
actinoallomurus,16.106686930091186,15.35677732165877,658,38.70757575757576,30.14950612291281,660,18.08261654135339,24.01208560059681,665,19.415407854984892,20.99356298001565,662,9.161954887218045,7.126603334571331,665,9.217933130699087,30.641510636849397,658,67.2996992481203,132.53611612772826,665,0.0288607594936708,0.0204825074927422,553,,,0,2.7223218138285783,9.550671,0.6691342654168633,Actinobacteria,Bacteria,0.3632699816418984,0.5673005029449241,0.2927092776506998,0.3057421976448586,0.47456541841780503,0.4007174756600372,-1.3645523842964433,2.471733254910543
actinoalloteichus,13.435087719298243,15.507987472222066,57,25.978181818181817,24.17727499662909,55,11.720701754385964,8.049617750385313,57,19.43684210526316,31.814510568398923,57,7.05438596491228,8.143381847844267,57,3.070175438596492,2.6661880836210914,57,85.69824561403509,215.2558996132179,57,0.021590909090909,0.0088772460160092,44,,,0,4.280715894695612,6.540962,0.4298603188883119,Actinobacteria,Bacteria,0.36800706272362765,0.4018290050140045,0.08863621472555204,0.4988992918073652,0.5745337204409198,0.38638105894229385,-0.9780166104959834,0.9345600076096194
actinocatenispora,15.713684210526315,15.225940983577546,95,37.47894736842105,30.15747285653997,95,18.911666666666665,25.657811600765,96,16.129473684210527,12.258899274493302,95,8.496875,6.297057844739876,96,9.5031914893617,33.05588767731068,94,50.421875,37.576586223828826,96,0.0302439024390243,0.0201215816669686,82,,,0,2.8588839174485834,6.995737,0.3472025737891058,Actinobacteria,Bacteria,0.3591711672460497,0.5675212357529865,0.3137491537363657,0.14982588384100598,0.3930056165663247,0.35665461142854654,-1.3306802469194783,1.1668309559110257
actinokineospora,13.496296296296295,7.698125720013904,27,29.98333333333334,24.37305017252957,30,13.095333333333334,9.259286757864658,30,15.20689655172414,8.51099839008674,29,6.426666666666666,4.429441728140072,30,3.9466666666666654,2.3389849453796496,30,42.77666666666666,21.895215716324145,30,0.0205555555555555,0.0130484266449444,18,,,0,3.929231771778946,7.3805776,0.5574787686009793,Actinobacteria,Bacteria,0.12334128982751998,0.4072533114296371,0.1041012958018884,0.08292475174253502,0.209384100601649,0.1854009498806459,-1.0651968616905856,1.3633837371916198
actinophytocola,16.291874999999997,13.590179341339857,320,35.105182926829265,28.84344970339234,328,14.589850299401196,12.5212407271361,334,21.58753799392097,26.741196346270712,329,9.177844311377244,8.190889989649179,334,5.077878787878787,13.178875575868735,330,80.20449101796407,180.8464097340728,334,0.0269696969696969,0.0168842804449453,264,,,0,2.7715469296803112,9.741852,0.5467070425444538,Actinobacteria,Bacteria,0.30792635662456413,0.5311138404480181,0.14580392874540576,0.40833914216098716,0.5792046573327928,0.3944775850623536,-1.3523428485443691,2.5693766877448265
actinoplanes,17.344254278728606,15.00358690753803,409,41.002877697841726,30.16790339989013,417,17.516350710900472,21.722644455452297,422,21.25731414868105,23.40471785279331,417,9.673222748815167,7.448130600808646,422,8.394964028776979,27.34906830365579,417,75.53341232227487,153.98871830600302,422,0.0298250728862973,0.020101315337165,343,,,0,4.713156367943342,9.759913826086954,0.4139140624490732,Actinobacteria,Bacteria,0.35220530362427355,0.5678102328791674,0.26343978929459283,0.3487820206360986,0.5061775487296601,0.40768297903275846,-0.8707563770276617,2.578601551629763
actinopolymorpha,18.726315789473684,15.860364298052714,190,42.12938144329897,31.00255567985909,194,16.61796954314721,19.14964498363005,197,25.042268041237108,31.29667278596597,194,10.13502538071066,8.517565381308366,197,7.770256410256409,23.40413518479903,195,104.46954314720811,229.7971425425229,197,0.0298101265822784,0.0195969424037585,158,,,0,3.654584464244496,6.840723,0.4860407248971539,Actinobacteria,Bacteria,0.3790462528114875,0.5909357884877063,0.23054513365319734,0.48965573522552897,0.6113229444431131,0.46030117092420664,-1.1333189181353698,1.0876593902357043
actinotalea,21.35138888888889,19.88170645505424,72,46.09871794871796,34.49749659123501,78,20.05049382716049,33.277088135128146,81,24.512820512820515,28.24072935564509,78,9.953086419753086,7.926002876919633,81,12.81875,43.12555145492217,80,94.24444444444444,206.3766114413162,81,0.037,0.0230915642385493,60,,,0,10.272412611997389,3.504532125,0.3485850896289182,Actinobacteria,Bacteria,0.505026048375,0.6877694668161083,0.4111582206946801,0.43510624701254935,0.5531613110762518,0.5184442587949178,0.5081319545135663,-0.6162606103156649
aequorivita,22.92727272727272,24.759782709604703,22,61.7181818181818,31.565119935409665,22,30.121818181818185,49.98289637336085,22,17.268181818181816,6.6009657564441975,22,10.427272727272728,4.506839439296871,22,25.527272727272724,66.07410112764939,22,56.71818181818182,18.625242379084725,22,0.0419047619047619,0.0250237981967261,21,,,0,8.344793350630235,3.115715261904762,0.3162774529269461,Bacteroidetes,Bacteria,0.6578454368524322,0.6065226517687783,0.6247345603814751,0.04883010797344207,0.2169937399319637,0.4309852993816182,0.030015532016195945,-0.8148442209070761
aeromicrobium,18.34179104477612,16.571560925667,335,45.08779069767442,31.38914914930924,344,18.67111747851003,26.44344608762316,349,22.4,23.918636377953447,344,10.38051575931232,7.847114468411582,349,11.00778097982709,34.27622024875974,347,78.4808022922636,157.2458310520903,349,0.032076124567474,0.0223726585723632,289,,,0,13.953637444887937,3.51162915,0.3082644197935794,Actinobacteria,Bacteria,0.4013264772376314,0.6016470619008694,0.3237931417698731,0.3579556173239506,0.545405108378311,0.44602548132212716,1.4212033700076199,-0.6126358888009185
aeromonas,22.86785714285714,25.23741887928145,56,56.71071428571429,33.66560520807511,56,30.6525,48.63490150648456,56,29.95,30.086559971340872,56,13.221428571428572,7.265152548876146,56,31.02142857142857,64.28105535787412,56,130.4482142857143,209.23049490156365,56,0.044074074074074,0.0260998459128335,54,,,0,11.896951288536997,4.707088281848929,0.1644945576698541,Proteobacteria,Bacteria,0.6728087263862138,0.6647204068623702,0.6075010446198645,0.4680548658956814,0.48818739165965214,0.5802544870847565,0.9110738817927359,-0.0020692872724114115
afifella,16.408157099697885,14.979460266694694,662,40.01405082212258,29.38194249524392,669,18.19119822485207,23.79800114013431,676,19.99687034277198,20.94005885420317,671,9.43905325443787,7.218645506893714,676,9.070149253731342,30.36601787905689,670,68.24837278106509,131.25498039628715,676,0.0295061728395061,0.0208418972059459,567,,,0,10.508646364104868,3.9967088571428566,0.3485948735089769,Proteobacteria,Bacteria,0.35144946908883473,0.5460337601578452,0.2899723028933361,0.30478713327704493,0.48361488156191623,0.39517150939579543,0.5667261171132133,-0.364887170028251
afipia,14.96326164874552,13.590079604965474,558,37.810124333925394,28.90055265178885,563,17.9884628975265,21.94575492495199,566,17.762166962699823,16.28004608820244,563,8.944876325088337,6.6416652327803645,566,8.381105169340463,27.353377948710307,561,57.25706713780919,88.47199673684513,566,0.0284791666666666,0.0203102137919026,480,,,0,9.32736606932673,4.610090317073171,0.4845392569610092,Proteobacteria,Bacteria,0.30792323210355493,0.5326959812271748,0.2662921575692683,0.2216045360701982,0.4268869535510499,0.3510805721042492,0.2737276397555073,-0.05160984966430129
agrobacterium,17.561181434599156,15.909101317558436,474,42.31680497925312,29.960308250014727,482,18.60756147540983,25.022486888774317,488,21.27267080745342,22.806079449665088,483,9.967008196721313,7.608565209159158,488,10.025360824742268,32.51519854608668,485,74.42704918032787,144.83437345813994,488,0.0308192771084337,0.0212826302916996,415,,,0,11.042533959974376,5.433535474509804,0.3274516103789065,Proteobacteria,Bacteria,0.38057307632313914,0.5620584326412467,0.30562680942566073,0.3380961492317804,0.5219512646109269,0.4216611464465507,0.6991487549591379,0.36895501778005624
agrococcus,19.258000000000003,10.607669990448544,100,43.72385321100917,25.97192536639348,109,14.206545454545454,5.735431714130699,110,22.41028037383177,20.417089283889347,107,10.63272727272727,7.068655570638139,110,4.46788990825688,2.394742726997688,109,71.76727272727273,146.1186825077986,110,0.0385185185185185,0.018035458901225,81,,,0,10.570609713679543,2.74345575,0.3523673775628717,Actinobacteria,Bacteria,0.21449090556816477,0.45155304928956164,0.059050373925200565,0.29545197277357144,0.46886807185627083,0.2978828746825538,0.5820951765630478,-1.0049713603591959
agromyces,20.33154362416107,11.923404688170296,149,49.776729559748425,29.54487296216469,159,14.773703703703704,15.056422739166267,162,27.126582278481013,24.609128899403466,158,12.355555555555556,8.399341884896632,162,6.458641975308642,18.36026848970024,162,82.80864197530865,150.41144457045695,162,0.0385593220338982,0.0197105301254692,118,,,0,10.298889073741902,3.68971835,0.3398384380913924,Actinobacteria,Bacteria,0.25570997665521705,0.5505480443256685,0.17821510495716428,0.37028111173142836,0.5996993685696679,0.39089072124782925,0.514699035172792,-0.5216789378554204
algoriphagus,20.929288702928872,17.99582292559142,239,47.2812,32.79706138516084,250,20.05205533596838,29.0947032578714,253,25.774193548387096,28.77861011509623,248,11.052569169960472,8.372695330855619,253,11.404761904761903,37.32455662207816,252,96.99288537549404,203.6698991169881,253,0.0336815920398009,0.0226578487384115,201,,,0,6.204709052445152,4.351533612903226,0.2224078543907995,Bacteroidetes,Bacteria,0.4459454697466265,0.6406558245718816,0.3576882873333237,0.44470757662374166,0.5970795150543997,0.49721533466599466,-0.5007995874412337,-0.18366462591022367
alicyclobacillus,16.206921944035347,15.046227560934742,679,38.987737226277375,29.465421229552152,685,17.89126984126984,23.579306399737195,693,19.368459302325583,19.904287190676737,688,9.202453102453102,7.047358976245373,693,8.853061224489798,30.006673918752124,686,65.03867243867245,123.12582679854228,693,0.0295659722222222,0.0205993454119534,576,,,0,9.489053552615706,3.266922230769231,0.3367781751044016,Firmicutes,Bacteria,0.3535411414087455,0.5483466899355572,0.28717638775432025,0.28629830472404366,0.466774219210362,0.3884273486066057,0.31383174258435115,-0.7376170513222673
aliivibrio,19.513333333333332,6.775150674831274,15,56.63999999999999,29.48296844911361,15,17.564666666666664,6.983642998021128,15,23.173333333333336,7.146674218190751,15,13.113333333333332,3.216445835005435,15,5.133333333333334,2.2099342804277065,15,57.01333333333333,14.137279323358742,15,0.0399999999999999,0.0188107988625192,14,,,0,8.142135354776034,4.298626647058823,0.1904029111948505,Proteobacteria,Bacteria,0.0944265138739534,0.5488328674869549,0.07500820088977458,0.05857116437075933,0.09012396851314688,0.1733925430269178,-0.020250678697830617,-0.21068623248145021
alistipes,15.023913043478265,17.886123544774513,46,47.21304347826087,25.762053133291065,46,23.318695652173904,34.79921350380051,46,16.21086956521739,7.639232895196554,46,9.504347826086954,4.557775116179147,46,16.508695652173913,46.00846697963784,46,51.002173913043485,21.467655144223464,46,0.0263636363636363,0.0257077410376727,44,,,0,16.666660162625675,2.5800010068259382,0.2009096287669859,Bacteroidetes,Bacteria,0.4425088296823893,0.4457381583298453,0.4306179175946756,0.06736348149251561,0.22200166748339126,0.3216460109165634,2.094127085782731,-1.0884539357017327
amaricoccus,20.559390862944163,20.31005771840686,197,45.556372549019606,32.62486447252572,204,22.792745098039216,35.44876136175266,204,23.753,27.157084290027864,200,10.07205882352941,7.235153215087006,204,16.605392156862745,46.50902577103265,204,95.30588235294118,200.94677545612095,204,0.0324561403508771,0.0238831002338512,171,,,0,12.176342665011768,3.695691,0.3804202892607659,Proteobacteria,Bacteria,0.5184453503094498,0.635884796714736,0.43892209851034825,0.41576286416474134,0.4852378973287074,0.4988506014055966,0.9803726318487981,-0.5186284775632487
aminobacter,19.90833333333333,11.466507624444736,24,46.49199999999999,25.42569107549816,25,13.985600000000002,5.556443766775052,25,19.688,10.799356462308298,25,11.588,8.060310167729279,25,5.132000000000001,2.9138634147811397,25,49.424,20.43361772504647,25,0.0343478260869565,0.0175359596664375,23,,,0,7.050365855234837,6.240810888888889,0.614039667581298,Proteobacteria,Bacteria,0.24139639764739793,0.436418637304417,0.05676209250240865,0.12377261576029905,0.56636622407972,0.28494319345884855,-0.2910473747954619,0.7812613803510882
amycolatopsis,15.357142857142858,12.83943619635949,504,36.3423828125,28.109354192811423,512,15.62765503875969,15.194243753090957,516,19.665362035225044,21.287974922247585,511,9.125,7.351761891725096,516,6.5041095890410965,18.386859191316496,511,67.29612403100776,133.12158667667924,516,0.0277122641509433,0.0180018974719888,424,,,0,5.580340254721958,9.139227658536583,0.4040973705765786,Actinobacteria,Bacteria,0.2844072268831008,0.5107743925613495,0.17997708541726515,0.3109975373259518,0.49670270628414914,0.3565717896943633,-0.6556647010397942,2.2615934383111105
anaerofustis,27.34705882352941,32.24752156459196,17,60.72941176470589,42.06179627503268,17,43.92588235294118,66.85025346425617,17,31.4235294117647,23.655008175113903,17,14.276470588235297,5.86701898451896,17,56.41764705882353,84.50774546819744,17,128.31764705882352,100.54791914364836,17,0.05,0.0312249899919919,17,,,0,6.340569454306653,2.208003571428572,0.2541426233112153,Firmicutes,Bacteria,0.8924198086307413,0.8973521123985556,0.8403762304096851,0.3532497764367406,0.3507247716241377,0.666824539899972,-0.467101496433881,-1.278447222679771
anaeromyxobacter,17.144059405940595,15.267393021855666,404,42.45980629539951,30.6406661053552,413,17.580843373493973,24.59659694289153,415,22.284987893462464,23.06426053216283,413,10.50602409638554,7.800349140544532,415,9.791283292978209,31.73545491389528,413,76.98457831325301,146.93271983371295,415,0.0321387283236994,0.0219232747104607,346,,,0,7.515200732250328,5.189482142857143,0.1752071643827183,Proteobacteria,Bacteria,0.360469768335956,0.5809089813008245,0.300181995594811,0.3427047574202658,0.5408072039582279,0.4250145413220171,-0.17575220582468418,0.24430766737803059
anaerospora,23.61428571428571,25.012539015740437,42,60.86097560975609,34.394293698583056,41,31.32095238095238,50.424978025051686,42,21.32619047619048,12.705271798549964,42,11.378571428571428,5.106119509568204,42,27.46666666666667,66.66612723358995,42,66.2357142857143,40.09822586811087,42,0.043076923076923,0.0275445902754296,39,,,0,7.2139077958955315,3.881391444444445,0.5661244700610545,Firmicutes,Bacteria,0.6657637354033098,0.6849100434487226,0.6303863779807419,0.15779376456092825,0.27591415404307157,0.48295361508735485,-0.25048330222984994,-0.42378417360831744
anaerostipes,17.41578947368421,19.379865357802405,19,49.15263157894736,29.27413284456381,19,24.20526315789473,38.92449790847533,19,19.294736842105262,12.421865743036012,19,9.757894736842106,4.002265440343852,19,20.247368421052634,51.50209670403993,19,62.43684210526315,54.48644286554547,19,0.0272222222222222,0.0239621160696618,18,,,0,9.86754108009875,2.93892873255814,0.1165947155912339,Firmicutes,Bacteria,0.4893044717548459,0.5430466982018978,0.48335784677098914,0.15273488319180484,0.1673846999474552,0.36716571997339853,0.4077097745312421,-0.9051358482354347
ancylobacter,18.187068965517245,8.7906821239252,116,43.13543307086616,29.70855129836305,127,14.56283464566929,8.23916883017477,127,20.82822580645161,15.420573104636098,124,10.490551181102362,7.453394167385971,127,5.091338582677165,4.511836700967574,127,53.5015748031496,35.73918969478737,127,0.0341666666666666,0.01971730026714,96,,,0,10.425739231827365,4.795823,0.5917050850705313,Proteobacteria,Bacteria,0.15756867636480015,0.5550830495685812,0.0910595411056826,0.20626269075943482,0.5066950555479612,0.303333802669292,0.5461622732678669,0.04325091971391682
aneurinibacillus,15.711627906976744,13.43534526530573,258,33.52076923076923,25.048423207809016,260,15.294923664122138,16.644439540539405,262,18.85697674418605,19.14640017997109,258,9.111450381679388,6.354009097003898,262,6.080152671755725,20.17723735441241,262,63.47786259541985,123.75666631842202,262,0.0275499999999999,0.0168796359721637,200,,,0,8.576934336386966,5.013446333333333,0.3761038924954203,Firmicutes,Bacteria,0.3030757459370147,0.4259657466061676,0.19851719456347278,0.27276979887964165,0.398604987434812,0.3197866946842217,0.08759454663254801,0.15439946131327065
anoxybacillus,13.86451612903226,8.893801151629779,31,40.99677419354839,21.913017194823837,31,15.426451612903223,4.314462151405895,31,17.519354838709674,16.682574129009364,31,9.351612903225805,6.968207371949734,31,5.877419354838712,7.715556133657047,31,53.53548387096773,50.295139250806976,31,0.0284,0.0169999999999999,25,,,0,15.009065020834957,2.731682482758621,0.4084577184844581,Firmicutes,Bacteria,0.16079916845468928,0.3390936348911759,0.04088390908343635,0.2287897798805149,0.458992139454988,0.2457117263529609,1.6829860087943704,-1.010984417248341
aquicella,16.88409475465313,15.449849458467597,591,41.9627712854758,30.284723562719613,599,18.89048092868989,24.904436573911976,603,19.9432387312187,19.702706387484103,599,9.822388059701492,7.1975480045450855,603,9.804347826086955,32.05956215317598,598,66.62139303482587,122.231859588196,603,0.03068093385214,0.021668316318295,514,,,0,4.656340713762708,2.577131,0.4087249757380805,Proteobacteria,Bacteria,0.36618572676132843,0.5710469474207155,0.3041175885733903,0.28270002815301276,0.48154060337921534,0.4011181788575325,-0.8848486295088008,-1.0899197577172177
archangium,16.427777777777777,13.038743513950513,306,35.97165605095541,28.7386559221824,314,13.45753125,7.781037183704547,320,22.88793650793651,27.54609074179477,315,9.6925,8.507271829510987,320,4.387697160883281,4.551193340146148,317,83.5871875,184.58191644690544,320,0.0270901639344262,0.0156391952990761,244,,,0,2.460879409943036,12.59712275,0.5227566972561565,Proteobacteria,Bacteria,0.29065108630717706,0.5282103386270086,0.08520253145056964,0.4227067436374068,0.6103108962128072,0.3874163192469939,-1.4293991667187214,4.027672426868059
arenibacter,23.83636363636364,11.43050941360644,11,66.19090909090909,13.74237639896787,11,17.179090909090906,6.474018002053215,11,25.63636363636364,9.296802969545254,11,15.32727272727273,8.12134113420818,11,5.4,3.1256999216175565,11,61.06363636363636,15.128468047179972,11,0.0381818181818181,0.0140129809949074,11,,,0,4.871850632177601,5.131520214285715,0.1106855583178714,Bacteroidetes,Bacteria,0.24026865296291125,0.11271120879992914,0.06849287162826506,0.09695159439268732,0.5723667069873359,0.21815820695422575,-0.8313946963227684,0.2147042984270899
arenimonas,24.95357142857143,22.71644723637544,84,53.849473684210544,36.54277549953487,95,25.93873684210527,45.0609135774011,95,26.309677419354838,19.864722196353235,93,12.78947368421053,7.826638550274349,95,24.91157894736842,59.24474456117353,95,81.85263157894738,70.62106527108182,95,0.0465,0.0258574475719609,80,,,0,12.611196760964248,2.2202492380952377,0.4315760179143287,Proteobacteria,Bacteria,0.5938322355044929,0.7444376294318253,0.561809196066766,0.28559205794928916,0.5433919435230128,0.5458126124950773,1.088231527447127,-1.2721928933757212
arthrobacter,16.923020257826888,14.937923348338732,543,41.62163636363637,29.603397029978204,550,17.61400359066427,21.95328112396643,557,21.26195652173913,22.65450284712456,552,9.844883303411132,7.538488522507899,557,8.639927404718694,27.574743437266715,551,73.29102333931777,143.81678001623686,557,0.0297419354838709,0.0209149051916776,465,,,0,9.31972602197083,4.50657024691358,0.3488958137948422,Actinobacteria,Bacteria,0.3501482088929791,0.55216955979641,0.2663883766814678,0.3353904623360057,0.5150614186076098,0.40383160526289447,0.27183264307088034,-0.10448150018202158
asticcacaulis,17.3970189701897,17.290630058746945,369,41.9117962466488,31.758354590264176,373,21.759066666666666,30.685448691945588,375,18.42680965147453,16.044493905598525,373,9.449333333333334,6.557380895355524,375,13.177956989247312,40.2320104027125,372,61.41306666666666,90.19573643796282,375,0.0316918429003021,0.0231629646906455,331,,,0,3.9483192875745576,4.3056295,0.6676675192226199,Proteobacteria,Bacteria,0.4238533299262844,0.611876568439923,0.3780252612969964,0.2173998603942664,0.4186002303468167,0.40995105008085736,-1.060462495859396,-0.2071096082310791
aurantimonas,21.90833333333333,23.750730451287115,12,57.99166666666667,31.98867578984598,12,28.74833333333333,49.05144939631028,12,17.441666666666663,7.179321104056534,12,10.70833333333333,3.381892513031272,12,24.016666666666666,64.74318262929077,12,57.29999999999999,18.93510448395207,12,0.0454545454545454,0.0269679944985296,11,,,0,9.709228038697098,4.5317712000000006,0.4575655049774919,Proteobacteria,Bacteria,0.626234051336673,0.6182580351136288,0.6128264244126023,0.05915392087667378,0.10639046437404846,0.40457257922272527,0.36844265030882095,-0.09161041168445222
azoarcus,23.15138888888889,11.208221241389335,72,59.98611111111112,28.54070138184698,72,12.46219178082192,4.04425492608388,73,34.83150684931507,29.417610356498333,73,17.034246575342465,9.823967562068718,73,3.912328767123287,2.4762171645408078,73,105.40821917808218,178.89802243598686,73,0.0435,0.0211391675990248,60,,,0,9.791414316761228,4.902254,0.3046582148263519,Proteobacteria,Bacteria,0.23330485396278378,0.5227256489659923,0.037429429700084706,0.4561139187014793,0.7397666576658862,0.39786810179924526,0.38882769731158145,0.09760929319237743
azohydromonas,19.15660377358491,11.779173469864098,159,47.45962732919255,28.326143796151435,161,14.371746987951807,8.717902720186045,166,26.76036585365853,26.066186683304643,164,12.007831325301204,9.01223404828533,166,4.391515151515151,3.0800777243243047,165,84.04759036144578,152.88427618054567,166,0.0343548387096774,0.0199691605925367,124,,,0,4.819302656544203,6.224967,0.4192440532760913,Proteobacteria,Bacteria,0.2511915301548478,0.5167809418127084,0.09717994129551774,0.39629002132704927,0.6599581054503466,0.384280108008094,-0.8444284165303056,0.7731693016374289
azospira,18.264912280701758,18.138781522610078,114,48.71929824561404,31.266063134458765,114,23.002543859649123,35.17333447475915,114,23.767543859649123,18.992455398278057,114,11.643859649122806,7.251976051580264,114,18.807079646017694,47.125739321245206,113,77.3578947368421,71.6836485406192,114,0.0316504854368932,0.0240137659613063,103,,,0,11.509810075467458,3.3015314545454544,0.2407722308689873,Proteobacteria,Bacteria,0.4504240478241225,0.5982367405618275,0.4354008880704501,0.27002183929011087,0.48689189608801436,0.4481950823669051,0.815049435729243,-0.719940799930966
azospirillum,19.03659305993691,16.832771637916778,317,43.03641975308642,32.81457381460877,324,18.27878787878788,26.029679583025786,330,22.791692307692305,23.852426149940527,325,10.433636363636364,8.193328265976751,330,9.137308868501528,32.79299382900772,327,76.19787878787879,150.19930476038158,330,0.0327692307692307,0.0218812302850694,260,,,0,7.467844361088346,7.231002333333333,0.3232598734354993,Proteobacteria,Bacteria,0.40950963371709975,0.6411410382000693,0.318503320752135,0.356773745298201,0.5794443853966225,0.4610744246728255,-0.18749822808966493,1.2869899401906797
azovibrio,19.880000000000003,26.781992291670743,10,45.65,36.95466441766481,10,31.514,53.72401391473938,10,20.57,17.46393426464953,10,11.010000000000002,5.790116099392519,10,32.64999999999999,70.27430777555432,10,74.72999999999999,74.04332140338146,10,0.0333333333333333,0.0342782730020052,9,,,0,7.896304558712095,3.419321,0.2088938604617131,Proteobacteria,Bacteria,0.721196810545342,0.7558497591406295,0.6725630868096113,0.24273728790252042,0.34316378292658706,0.5471021454649381,-0.08122524100346433,-0.6597811838071269
bacillus,16.291655266757868,14.885052679911343,731,39.75115332428765,29.847911621279827,737,17.841006711409396,23.04483930242121,745,19.737702702702705,20.31333904171859,740,9.381879194630873,7.237665199437584,745,8.627371273712738,28.990241353925427,738,66.22738255033558,125.59549231580073,745,0.0296302250803858,0.020751382848533,622,,,0,14.084513488511012,4.046998147752559,0.2386321330968183,Firmicutes,Bacteria,0.3484918872621047,0.5589442801367835,0.2803434632588425,0.29360000046406004,0.4854848722666686,0.39337290067769193,1.4536651673250498,-0.33920251009901004
bacteroides,20.01428571428572,6.944730787747335,21,54.06190476190476,16.032325975680394,21,13.573809523809524,1.2174583203973606,21,23.70476190476191,7.161038764765641,21,13.871428571428572,4.258772458953737,21,5.590476190476191,2.036395040728778,21,60.34285714285714,13.04774200498199,21,0.0461904761904762,0.0224669068801627,21,,,0,9.755689950802866,5.432726979565217,0.1954701746990912,Bacteroidetes,Bacteria,0.09973908542910111,0.17615841615552993,0.0012900904073063666,0.05882757574810916,0.1926041265705652,0.10572385886212236,0.3799668157099498,0.3685420885568666
bdellovibrio,16.283565459610028,14.96750856067369,718,39.62085635359116,29.82495810491564,724,17.88775956284153,23.228912344493978,732,19.74085281980743,20.445995407348512,727,9.37363387978142,7.247638526101719,732,8.705379310344828,29.24196893620787,725,66.5061475409836,126.6438044989568,732,0.0297372742200328,0.0208597274684475,609,,,0,4.465823773077308,3.8066885,0.4319680544367266,Proteobacteria,Bacteria,0.35107504845453485,0.5583083113245839,0.2826967553594272,0.29596795557131356,0.4864654363906351,0.3949027014200989,-0.9321034375153583,-0.46193781826120855
belliella,21.675,10.02473607300129,16,62.46875,32.70016755818437,16,13.4875,5.82013802814561,16,34.79375,27.46091692448257,16,16.962500000000002,12.028071333343515,16,4.6875,2.7035470527931755,16,79.4375,54.51547639585173,16,0.0338461538461538,0.0198067587532057,13,,,0,3.0087336014616426,4.6531205,0.2514540512028353,Bacteroidetes,Bacteria,0.19622886944194745,0.6379712053146842,0.06013330653388821,0.42118636597025916,0.9564711893025991,0.4543981873126756,-1.2935123288204078,-0.029632693061590953
belnapia,15.32152466367713,13.01193781082808,223,34.39251101321586,29.52628626893425,227,14.281739130434785,9.326999897781812,230,20.280088495575217,25.8832902251824,226,8.554347826086957,8.015604500702146,230,4.0681415929203535,3.111363130682989,226,75.92695652173911,177.3332489737053,230,0.026590909090909,0.0153724327388897,176,,,0,4.159602621514679,6.0101895,0.4511508040502647,Proteobacteria,Bacteria,0.28981132264930964,0.5500330662705012,0.10496697822598737,0.39302526580587543,0.5619708227556625,0.37996149114146716,-1.0080569021919403,0.6634742357283412
blastococcus,16.677802690582958,14.690060099358998,446,37.2103752759382,30.097865491754416,453,16.38432608695652,19.56855503525862,460,20.853626373626373,23.56610308884387,455,9.350217391304348,7.550401449203965,460,7.298013245033113,24.28753404945352,453,74.68347826086955,156.6882839656556,460,0.0303005464480874,0.0195754207002298,366,,,0,6.727636567177951,4.459218285714285,0.3829855511309066,Actinobacteria,Bacteria,0.34238319904923625,0.5658697055743617,0.23590071263560644,0.35166279452227117,0.5162326816097144,0.402409818678238,-0.3710954297891869,-0.1286659538826245
blautia,18.05555555555556,8.22544275384201,18,49.66111111111111,19.027662181796668,18,13.925555555555556,1.67664308251452,18,22.05,7.851582830307305,18,12.738888888888887,4.907753635996206,18,5.688888888888889,2.249676810485005,18,57.24444444444445,14.612050716576055,18,0.0416666666666666,0.0238253448836219,18,,,0,7.697036243722306,4.15744437037037,0.1020787283372555,Firmicutes,Bacteria,0.13986097144753823,0.25914963976230887,0.00716056367830265,0.0711539902327689,0.2564110869527845,0.14674725041474063,-0.13065069331629545,-0.2827934091947229
bordetella,17.903669724770644,15.940106369762898,218,42.58894009216589,30.18870691600227,217,19.120909090909088,26.29564854691957,220,19.76605504587156,20.685415152561536,218,9.48409090909091,6.566350611793022,220,10.30045871559633,34.00929731611748,218,70.87772727272727,147.6915031248167,220,0.0328877005347593,0.0223415137134128,187,,,0,13.68364881650087,4.16555560321489,0.2960708447689271,Proteobacteria,Bacteria,0.38154439634159454,0.5683866320339417,0.32190361584523447,0.3002416683762921,0.41948212085707065,0.39831168669082667,1.3542368275443315,-0.2786506930280686
bosea,15.690666666666663,14.06188020856386,225,43.77324561403508,28.160198330912447,228,20.646288209606983,25.760471226840004,229,17.90921052631579,13.890010142287162,228,9.131004366812228,5.73003393524887,229,11.687224669603523,33.779725876871126,227,57.231004366812215,50.05398444753966,229,0.0299504950495049,0.0215678387053588,202,,,0,10.31681611074004,5.3311020967741936,0.4653771471694413,Proteobacteria,Bacteria,0.32270370620088595,0.5121831216467924,0.3150616114671168,0.1789416921291985,0.33725658499418704,0.33322934328763615,0.5191455620193067,0.31663838255523874
brachybacterium,19.07272727272728,7.224830919695064,11,49.2,21.483202740746083,11,14.944545454545452,3.1041467865948724,11,21.33636363636364,8.353355341091715,11,12.1,5.050148512667722,11,4.045454545454546,1.164786363556542,11,56.26363636363636,17.915427582241666,11,0.0454545454545454,0.0196792461052939,11,,,0,11.156020798556622,3.5855078367346938,0.239784231640659,Actinobacteria,Bacteria,0.10851400583686843,0.3271848456891641,0.0254105646156459,0.0801107769949366,0.2704111605694277,0.16232627074120856,0.7272974264063179,-0.5749032240169487
bradyrhizobium,16.291655266757868,14.885052679911343,731,39.75115332428765,29.847911621279827,737,17.841006711409396,23.04483930242121,745,19.737702702702705,20.31333904171859,740,9.381879194630873,7.237665199437584,745,8.627371273712738,28.990241353925427,738,66.22738255033558,125.59549231580073,745,0.0296302250803858,0.020751382848533,622,,,0,7.567038597369472,8.58988614417745,0.3932810723201643,Proteobacteria,Bacteria,0.3484918872621047,0.5589442801367835,0.2803434632588425,0.29360000046406004,0.4854848722666686,0.39337290067769193,-0.16289461764978277,1.9810237621382192
brasilonema,17.694000000000003,13.305966284923098,50,36.25686274509805,24.51392465438336,51,14.479230769230766,7.370685669584547,52,21.792,21.01389083828279,50,9.31346153846154,7.193380095238271,52,3.5615384615384618,3.1011796519688795,52,65.975,79.80170491814782,52,0.022051282051282,0.009781692669011,39,,,0,4.4168004538017085,8.1506965,0.1626106539767284,Cyanobacteria,Bacteria,0.299022587349044,0.4111564945181144,0.07995636956957133,0.3061050558882202,0.4811308201167353,0.315474265488337,-0.9442629207186815,1.7567128498469684
brevibacillus,16.442292490118575,14.621489335141153,506,38.22627450980392,30.113156858023547,510,16.17591085271318,21.19804206345662,516,20.0513671875,21.296776261790257,512,9.396317829457365,7.513292169936367,516,7.673972602739727,26.57533589832971,511,66.41220930232558,132.04593385167146,516,0.0292380952380952,0.0197451658973909,420,,,0,8.162313624332864,5.758171293478261,0.3189882444859792,Firmicutes,Bacteria,0.3402350279858122,0.5662933806178186,0.2567329806759619,0.3111546438230413,0.5125841469590933,0.3974000360123454,-0.015245768108870966,0.5347589197632507
brevibacterium,18.323809523809523,11.385600764206725,21,36.65,26.23849861413205,22,15.135909090909092,5.335254409153289,22,18.14090909090909,10.837002708573424,22,9.781818181818185,7.126786249852191,22,3.895454545454547,1.7272265885840483,22,51.47272727272727,21.399225215573573,22,0.0264705882352941,0.0183511499880076,17,,,0,11.640930325096262,3.607959057142857,0.1404499860368636,Actinobacteria,Bacteria,0.2388617638573525,0.4589389447244323,0.05393428478997396,0.12444461231839202,0.4745834024033072,0.2701526016186916,0.8475718046046312,-0.5634365289375624
brevundimonas,16.491943957968477,15.25655469960754,571,40.5160621761658,29.975285685723897,579,18.568547008547007,24.53565568944976,585,19.481896551724137,20.05111257680889,580,9.305299145299148,7.001214861879913,585,9.59550949913644,31.25868428328861,579,67.2025641025641,131.47490024373113,585,0.0296761133603238,0.0209194426165401,494,,,0,14.230274645302538,3.09199935326087,0.3779455716750405,Proteobacteria,Bacteria,0.3601302275638053,0.5624734096690199,0.29940288873207144,0.28891918101079517,0.4622373916699897,0.39463261972913627,1.4898189888918747,-0.8269568405333668
burkholderia,15.73453689167975,14.6313439817159,637,39.03740219092332,29.842679880619155,639,18.29982892690513,23.71505628327656,643,18.353042121684865,16.83356099841283,641,9.206531881804043,6.8496302019581305,643,8.945682888540032,29.876408959379425,637,58.89082426127528,93.93339155822632,643,0.0298327137546468,0.0211708024334418,538,,,0,7.729159597230047,7.374669817974451,0.4346008483552928,Proteobacteria,Bacteria,0.34054375236497897,0.5587993252705699,0.28891188973218285,0.23148493986650134,0.4473337908687165,0.3734147396205899,-0.12268298767776273,1.3603664074495885
caenispirillum,18.488888888888887,15.148748303519952,18,37.58235294117647,26.23285714743339,17,15.131111111111112,5.246482170311712,18,34.14444444444444,34.949126425541685,18,10.47222222222222,9.065241021133517,18,6.216666666666667,10.207566397761314,18,131.41666666666666,256.22813421774333,18,0.0253333333333333,0.0150554530541816,15,,,0,8.924340335073282,3.9218585,0.5110400565909022,Proteobacteria,Bacteria,0.3567528905431525,0.4587826376550279,0.052799371137954694,0.554853105956822,0.6651696800478087,0.41767153706815324,0.17376328159747137,-0.40311610397200404
caldicoprobacter,18.723809523809525,18.500267694330933,21,58.59523809523809,31.619495191898245,21,25.710000000000004,36.78764289812545,21,28.00952380952381,20.302362048833253,21,13.16666666666667,5.305500290578951,21,22.94761904761904,50.01731319300967,21,99.79047619047618,88.97547361358583,21,0.0447619047619047,0.0174982992370823,21,,,0,5.626438258279773,2.665985,0.378439165086481,Firmicutes,Bacteria,0.46174861366171,0.6080292168951588,0.45603910438847767,0.2934040579154934,0.2955170054738398,0.42294759966693596,-0.6442307975781211,-1.04453862893843
caldilinea,21.5,16.16463340550377,135,52.333333333333336,31.50751714057514,144,18.197517241379312,28.887959442258087,145,27.35594405594405,23.823079182660813,143,13.086206896551724,8.549923819427146,145,11.669655172413792,37.34839042370339,145,81.77793103448275,133.53968015629368,145,0.0393693693693693,0.0237517187618947,111,,,0,8.306759905841954,5.417274666666667,0.1938718476351453,Chloroflexi,Bacteria,0.38857833400637853,0.6049266618372554,0.3550451594605567,0.35624989330872114,0.6145043827530572,0.4638608862731939,0.020581918790870988,0.3606500026453799
calothrix,14.947826086956525,15.131510456515974,23,29.729166666666668,23.412863041437312,24,12.5576,7.276822383430834,25,18.629166666666663,28.73424678681864,24,7.547999999999999,8.344165626352344,25,3.508,3.390417870017401,25,80.44000000000001,219.3597083939224,25,0.0221052631578947,0.0122832077643609,19,,,0,4.199198519486299,10.240049333333332,0.2836548860838593,Cyanobacteria,Bacteria,0.356212866750913,0.38064958503053925,0.07875636913847546,0.44391567817792754,0.594274512707101,0.37076180236099127,-0.998235746394641,2.8238250788273724
catellatospora,17.467424242424244,14.4179801402055,396,42.57506172839506,28.50515752028185,405,16.176372549019607,19.848184949191904,408,21.32814814814815,22.453712515318536,405,10.268137254901962,7.801742668099704,408,7.721728395061727,25.17363999247234,405,70.75563725490197,145.26232990361888,408,0.0293175074183976,0.0197260272460372,337,,,0,3.022679356976895,8.601640111111111,0.6690573938955718,Actinobacteria,Bacteria,0.33385953299624754,0.5217408417991116,0.23947565690846867,0.3318062959115039,0.5409442137216075,0.3935653082673879,-1.2900532978439037,1.9870269616236456
caulobacter,15.94933774834437,15.044724354536342,604,39.26980198019802,30.08080460327745,606,18.5911620294599,24.201829529643007,611,18.801809210526315,18.638789158667628,608,9.240916530278232,6.98949059880091,611,9.259437086092715,30.655864856454407,604,63.16317512274959,113.93801206149342,611,0.0294563106796116,0.0211557025174856,515,,,0,7.452476644561845,4.562241738095238,0.4873606274954304,Proteobacteria,Bacteria,0.35349404926205247,0.5653970027079418,0.2951350695229382,0.26370879298907635,0.46108467782210605,0.3877639184608229,-0.19130995470749995,-0.07604794501712257
cellulomonas,17.871962616822433,14.276182926419729,321,44.31208459214502,27.33059178758281,331,17.16244776119403,19.57996045643495,335,23.864545454545453,24.9859568571291,330,10.718805970149257,7.678087555514321,335,8.9,25.52183426057038,334,84.2044776119403,162.95969417619423,335,0.0314234875444839,0.0198593811029849,281,,,0,11.98476823203148,3.7547659770114943,0.2990458512818353,Actinobacteria,Bacteria,0.32941733849829735,0.4891973673256148,0.2360465258804785,0.3770076015068354,0.5287866086185583,0.39209108836595685,0.9328555290815562,-0.4884566322961528
cellvibrio,18.065284974093263,15.426312985941967,193,45.79466019417475,30.18284637422094,206,18.648300970873784,26.73732993814397,206,21.873267326732677,18.05846167389912,202,10.859223300970871,7.6297739875512,206,12.47658536585366,35.556054034147216,205,64.42427184466018,57.47778016661602,206,0.0341142857142857,0.0224936407725662,175,,,0,6.582986189904863,4.861015818181818,0.3789459246631995,Proteobacteria,Bacteria,0.36544838089984716,0.5682242550919349,0.3275503162921838,0.2533497768580992,0.5240364833052246,0.4077218424894579,-0.4069737395160012,0.07654737994487067
chelativorans,23.584415584415584,24.326675119122484,77,46.236,36.77787833922908,75,26.7048717948718,42.02488492049388,78,27.41428571428571,37.02538501269562,77,9.929487179487175,8.638078023576307,78,19.183333333333337,55.50977781346664,78,135.65512820512825,289.66950072226217,78,0.0324590163934426,0.0273041961186016,61,,,0,6.445277617858658,4.809723,0.4077297724526669,Proteobacteria,Bacteria,0.6442771296615217,0.7509515801195011,0.5229949179139446,0.5919149318411968,0.6231715860721198,0.6266620291216568,-0.44113024081971597,0.050350180186434994
chelatococcus,17.15979381443299,16.54325554791775,97,44.03551401869159,29.47994282122552,107,19.6596261682243,28.520000989879104,107,18.86,18.75468966993015,105,9.181308411214957,6.037932465719451,107,13.386792452830187,37.91465372064625,106,65.2,114.74853967911996,107,0.0315730337078651,0.021474026404245,89,,,0,6.083942002671222,6.73905175,0.4902855983690348,Proteobacteria,Bacteria,0.4004397320756983,0.5487490369773451,0.35034097404820014,0.26577765117220364,0.3675287562534688,0.3865672301053832,-0.5307540037259728,1.0357320027309176
chitinimonas,19.944776119402988,15.900631620598174,67,52.44545454545455,25.32892649684383,66,20.72119402985075,29.118984462519443,67,25.60597014925373,18.08390277497789,67,12.61194029850746,6.906288798340154,67,18.17761194029851,39.71916498289002,67,82.50149253731345,78.51991542883054,67,0.0346153846153846,0.0216561858279657,65,,,0,5.104428959875615,4.8977075,0.3554628821976143,Proteobacteria,Bacteria,0.3803077393660038,0.43373759910646137,0.3579987117520625,0.2538039079881626,0.4529043882027334,0.37575046928308475,-0.773707205738903,0.09528722213206774
chitinophaga,16.70542299349241,15.172441868939217,461,40.02212765957447,29.532735256887246,470,17.691118143459917,23.056069642783974,474,20.913646055437106,22.858154797308188,469,9.698101265822784,7.45535100069975,474,9.27063829787234,29.786374255288976,470,73.92299578059071,147.22995202200426,474,0.0296692111959287,0.0206437838061578,393,,,0,3.851783949084105,7.00973895652174,0.400578205283389,Bacteroidetes,Bacteria,0.35749515777910323,0.5502117471812289,0.2804870381732622,0.3390257094894275,0.5068874487792964,0.40682142028046364,-1.0844066074423508,1.1739822894702132
chroococcidiopsis,16.27714285714286,14.742607385651716,105,36.30576923076923,29.032569012752024,104,15.19925925925926,18.50708617526032,108,22.206666666666663,27.350261096583377,105,8.452777777777778,8.02679459461711,108,5.969811320754717,22.11072211269938,106,84.38981481481484,186.98813843124935,108,0.0236144578313253,0.0160470583318223,83,,,0,5.743039532387714,7.13907675,0.2490858263623661,Cyanobacteria,Bacteria,0.34402938982985615,0.5363537340063373,0.22233030463277073,0.41921112692630513,0.5630710178065563,0.41699911464036515,-0.6153096381186621,1.2400400365812176
chryseobacterium,17.589312977099237,18.32744579924788,131,44.81353383458647,29.87069807229985,133,21.71473684210526,32.6301628581581,133,20.562406015037595,19.67358866950647,133,10.4593984962406,6.946538680195503,133,16.433834586466165,43.5132405610516,133,72.50225563909774,110.95893757695627,133,0.034453781512605,0.0243803713418277,119,,,0,7.2336177176451075,4.7002760343642604,0.3325231485430568,Bacteroidetes,Bacteria,0.4563344842090459,0.5595756201005399,0.4028875683122399,0.2821802683309394,0.4568617026947147,0.43156792872949595,-0.24559455813838102,-0.00554856204197392
chthoniobacter,16.705148205928236,15.148019312093684,641,40.93492307692308,29.58609637976144,650,18.35625954198473,23.382068488764396,655,20.274,21.04209481946537,650,9.648396946564889,7.23313981936433,655,9.028307692307692,29.569256385167076,650,69.48198473282443,133.1035060173008,655,0.0302903811252268,0.0209828301678891,551,,,0,8.169032544168882,4.774127142857143,0.4510245177702734,Verrucomicrobia,Bacteria,0.3567300528468652,0.5516902138960231,0.28465478865104354,0.3066085052400024,0.4850399429570629,0.3969447007181995,-0.013579242991890516,0.03217001748142091
chthonomonas,14.573293768545993,12.738753167934538,337,32.892732558139535,28.00801800189972,344,15.482832369942194,17.556901861345587,346,16.661046511627905,13.843106505963163,344,8.358092485549133,6.278461535232389,346,6.907038123167156,21.903646158231577,341,51.837861271676296,70.40148166296018,346,0.0274910394265232,0.0181167007889642,279,,,0,6.108163356720812,3.438022,0.3829604918420683,Armatimonadetes,Bacteria,0.28125304928704453,0.5079666895521716,0.21018262013288055,0.17810444843829248,0.3911772523148265,0.3137368119450431,-0.5247462679773588,-0.6502298694116905
citricoccus,21.393103448275863,23.37919949756632,58,51.53934426229508,35.4337987364631,61,24.715806451612902,42.58344439126808,62,22.2344262295082,26.01370718964588,61,9.869354838709675,6.885827419350166,62,19.02903225806452,55.78682900874902,62,90.57096774193548,193.22910243686465,62,0.0398039215686274,0.0248588170336749,51,,,0,9.071652446851456,3.307005,0.4088685772922755,Actinobacteria,Bacteria,0.6145948045956886,0.7137114163506758,0.5301358527052544,0.39535324694426527,0.45089265281692525,0.5409375946825618,0.2103017937847585,-0.7171452513777294
citrobacter,15.187179487179488,15.706773253787166,39,38.72564102564103,30.336062593178102,39,18.675641025641024,27.70121912525947,39,14.85641025641026,8.696544833310915,39,7.74871794871795,4.808647462473578,39,10.928205128205128,36.02106802179107,39,44.98205128205128,23.221925571762103,39,0.0321212121212121,0.0231513465803794,33,,,0,12.629322746286462,5.225933434903047,0.2965129027456535,Proteobacteria,Bacteria,0.37423458357233286,0.5724693883967354,0.3398732115099483,0.0862368102764702,0.24666710066891437,0.32389621888488024,1.0927274003771112,0.2629247333344128
cloacibacterium,12.677777777777775,10.55383026835913,27,29.351724137931036,31.288149521705677,29,11.618620689655174,4.568574898257139,29,15.703703703703704,16.205186289520487,27,8.313793103448274,8.83457995354986,29,4.793103448275863,2.921708286318952,29,40.06896551724138,31.743909465869827,29,0.02,0.0144463023702923,24,,,0,6.392244563624293,2.503033142857143,0.1737004033876566,Bacteroidetes,Bacteria,0.21280422561972734,0.5988486839887228,0.04413262770670167,0.2202682666663505,0.6424913927235097,0.3437090393410024,-0.4542842773417729,-1.1277643611929442
clostridium,16.82774193548387,15.359300584354903,620,41.80771704180064,29.98640011003484,622,18.54004761904762,24.718950728478863,630,20.439012738853503,20.73473436606067,628,9.841428571428573,7.248580664125455,630,9.560223642172526,31.364461916473303,626,69.19603174603175,128.81277610502974,630,0.0304230769230769,0.0220223622149802,520,,,0,11.236019983781532,4.538973771283355,0.237434472104235,Firmicutes,Bacteria,0.3633490299064333,0.5627813549578883,0.30174623440923487,0.301122030829586,0.4865580661396658,0.4031113432485617,0.7471399985412894,-0.08793178365478219
cohnella,16.300879765395894,15.217942858161686,682,39.47271407837446,30.0764831021128,689,18.11079136690648,23.787799292792126,695,19.39927536231884,20.37652430077536,690,9.311654676258993,7.20622085534619,695,8.757764876632802,29.87957810008071,689,66.10561151079136,128.9811388939003,695,0.0297582037996545,0.0210192755716511,579,,,0,6.235518203831545,6.4148638,0.2895718120484886,Firmicutes,Bacteria,0.35892060358709144,0.5652772676782847,0.289841876805456,0.29472787590506233,0.4823933064575833,0.3982321860866955,-0.4931578495024899,0.8701568445221575
collimonas,11.556,6.246965715062094,125,45.21200000000002,18.71415110585846,125,18.635919999999995,8.111174499894695,125,15.258400000000004,7.333442882857207,125,8.540000000000003,3.955865387970366,125,5.491935483870967,2.7614829518511974,124,46.06959999999998,16.46075598938079,125,0.024453781512605,0.0173546007670118,119,,,0,7.700521958490619,4.545146444444444,0.6215467514287653,Proteobacteria,Bacteria,0.07787964204520588,0.2504632466444808,0.08942319043218935,0.0619050399165861,0.16282270892481854,0.1284987655926561,-0.1297861151766841,-0.08477916390066033
comamonas,18.183333333333334,18.931779099889308,60,47.601666666666674,28.325884979767284,60,23.917666666666666,37.28324008282336,60,20.37833333333333,14.883731212376146,60,10.123333333333331,5.067388812646121,60,19.45166666666666,49.65422299847136,60,67.12166666666667,60.161880750856064,60,0.0351724137931034,0.0245836473469337,58,,,0,9.322023706496989,5.363642227722773,0.2351354241730011,Proteobacteria,Bacteria,0.47526691589344605,0.5167737708352514,0.4623750943123066,0.19667990523287388,0.2721062037796368,0.38464037801070294,0.2724025485121112,0.3332578692756574
coprococcus,17.529608938547483,15.782411064419351,358,46.80437158469946,31.26035753857637,366,21.609071038251365,30.268686169411737,366,20.30055096418733,15.493265324450876,363,10.287158469945355,6.675543104437424,366,12.929945054945057,38.98480185603805,364,61.37267759562841,48.48174594419162,366,0.0323364485981308,0.0240278265475288,321,,,0,7.256075831504806,2.7563107751937985,0.0910467856019756,Firmicutes,Bacteria,0.3766041496396529,0.5980786566770472,0.3726971375203983,0.20756026824356555,0.43021778053205256,0.3970315985225433,-0.2400241671022268,-0.9984058084000907
coraliomargarita,16.949999999999996,5.250026454959801,10,37.22,20.65815953940611,10,14.45,3.458037336730508,10,27.39,17.76078389160919,10,7.760000000000001,2.627715526629336,10,5.955555555555556,3.496108948213396,9,64.72,32.514263536690066,10,0.0225,0.0070710678118654,8,,,0,9.748729073583409,1.948972,0.0845390396146673,Verrucomicrobia,Bacteria,0.046647730093059454,0.3043255270364384,0.029934898145031072,0.24803614097231136,0.03224079286611699,0.13223701782259148,0.3782402767713163,-1.4107445317572664
corallococcus,17.992610837438423,13.098552356762646,203,41.39326923076923,28.214601230459227,208,14.920420560747663,9.131474090809467,214,24.59760765550239,28.89777147415089,209,10.163084112149534,7.9785211557824125,214,4.42112676056338,3.2415455561115496,213,94.74205607476635,209.2607430899776,214,0.029940119760479,0.0163728031171599,167,,,0,3.043606582265216,10.185284846153849,0.6443550029257237,Proteobacteria,Bacteria,0.29252476566501145,0.5136904526742492,0.10246726761205313,0.446834641898151,0.5583248379353989,0.3827683931569727,-1.2848626202613647,2.7958547652208225
corynebacterium,16.30416666666667,13.629997232626408,96,36.60421052631579,28.724272173026435,95,14.30721649484536,7.68520043414994,97,22.169791666666665,26.733795366408085,96,9.856701030927836,8.361268683844362,97,5.104166666666667,6.806528084229398,96,83.72886597938145,192.47979653652555,97,0.0279999999999999,0.0160949563232591,85,,,0,24.0746616948328,2.5337843070539416,0.1360036418950682,Actinobacteria,Bacteria,0.30917376348729936,0.5278118107622337,0.08397730116625994,0.40820703249567886,0.5959560624198078,0.38502519406625596,3.93156835928497,-1.1120585680658754
coxiella,18.79333333333333,18.76417622518741,210,47.12748815165877,31.554302443695253,211,22.766350710900472,34.71179060629779,211,18.21184834123223,12.006038238587028,211,9.70568720379147,5.466405267569509,211,16.032057416267943,45.96080558555964,209,55.92369668246445,43.375961167700325,211,0.0320320855614973,0.0245198852247211,187,,,0,4.079590472860126,1.9609811458333333,0.1864366538252503,Proteobacteria,Bacteria,0.470016286858053,0.6062229335361798,0.42950025467246433,0.1453122400474614,0.3113369673700021,0.39247773649683215,-1.0279026897070072,-1.4046110026692598
cupriavidus,16.24206642066421,11.058953209253616,271,40.70557620817844,28.118336134964224,269,15.618455882352942,12.709368562891672,272,20.26801470588235,15.98753339600402,272,10.073529411764708,6.534949868599576,272,6.245555555555557,14.95750233442277,270,58.75588235294118,77.13034375892455,272,0.0293119266055045,0.0188856355564875,218,,,0,7.344702933474352,6.807627272727273,0.430233832196798,Proteobacteria,Bacteria,0.22862861517522254,0.5110232535633646,0.1482090595825908,0.2163830985602934,0.4163948418298927,0.30412777374227284,-0.21804157241704236,1.0707561392690483
curtobacterium,15.455384615384617,10.93346398061404,65,36.04848484848484,24.12465220107523,66,14.08560606060606,5.659638240352028,66,18.913636363636364,19.68042280943278,66,9.354545454545455,7.079139057131862,66,4.950769230769232,5.833446747981716,65,65.6,137.68271664060987,66,0.029375,0.0182659140757115,48,,,0,10.781351157760888,3.710110116504855,0.5446452701815985,Actinobacteria,Bacteria,0.2246973139448829,0.4003709949970632,0.05808138802095987,0.28230225973681994,0.4698987942116108,0.28707015018226734,0.6343663627539553,-0.5112640844804032
curvibacter,12.118897637795277,9.311792594062416,127,29.93203125,28.03937314269412,128,13.531627906976745,9.416955352472748,129,14.788188976377954,15.987870472633894,127,6.890697674418605,5.80058512485574,129,4.32755905511811,3.1263518260957825,127,46.77596899224807,99.17904955747474,129,0.0248571428571428,0.016531687853837,105,,,0,11.367159914800036,3.079045272727273,0.2404111215723708,Proteobacteria,Bacteria,0.17389392001003207,0.5088354406110933,0.10611701876720357,0.2163891154771858,0.34419308349277045,0.26988571567165703,0.7796672490838314,-0.8335729838348045
cytophaga,17.42046783625731,19.797358463511816,171,47.16892655367232,31.76686730699545,177,24.067401129943505,37.40222582436224,177,19.8896551724138,17.972197761151968,174,9.591525423728816,7.016667368153907,177,19.114204545454545,49.90534551892849,176,64.75197740112993,60.499368977170754,177,0.0303067484662576,0.024505562807209,163,,,0,5.221933300472993,4.404499,0.5437912605697192,Bacteroidetes,Bacteria,0.5023836115178909,0.6121124287003852,0.4638962741792366,0.2518099406671157,0.46375666139692384,0.45879178329231046,-0.7445620544736654,-0.15661318137585192
deinococcus,17.8304932735426,14.952307460864825,223,39.84869565217392,32.02825680706191,230,16.92636752136752,23.70763494234773,234,21.6471615720524,21.44293228497833,229,9.657692307692308,8.031662438041892,234,8.217748917748917,29.895053919062264,231,67.2940170940171,112.73120470130456,234,0.0312777777777777,0.0210885484971276,180,,,0,15.367704983663918,3.7090769285714287,0.2463872207437447,Deinococcus-Thermus,Bacteria,0.35059883146739607,0.6193546990018571,0.28881701118404296,0.3137635717845503,0.5635496176543475,0.4272167462184388,1.7719411564363161,-0.5117917729880619
demequina,22.233783783783785,24.863095152360856,74,52.42025316455697,36.18762495570946,79,30.5521518987342,48.39655125641799,79,23.78205128205128,19.059283749299105,78,11.175949367088606,6.694950550168263,79,30.315189873417733,63.91049448072812,79,83.0113924050633,77.93686298625904,79,0.0390410958904109,0.028193989881693,73,,,0,11.188551224729045,2.770689375,0.4745632972094531,Actinobacteria,Bacteria,0.6610819882100247,0.7345975393155643,0.6044538425182537,0.27121474499318954,0.43212589461097084,0.5406948019296005,0.7353661001820938,-0.9910621087415061
dermacoccus,12.27777777777778,10.686965978708145,18,15.573684210526318,20.270965610538283,19,12.733684210526317,3.913302399829921,19,9.533333333333331,9.008623319777948,18,5.310526315789473,6.034244382120921,19,3.0578947368421048,1.503076766529864,19,28.86842105263158,17.42431419442954,19,0.0207142857142857,0.0173046395354121,14,,,0,8.304637856778038,3.0103660666666667,0.3919903802055006,Actinobacteria,Bacteria,0.21697507428595422,0.2935976168057797,0.035755259804727504,0.09180750296343215,0.3671661488121711,0.20106032053441295,0.020055577034935424,-0.8686500754081863
desulfobacca,18.03676470588235,20.031906671583567,68,50.99264705882352,29.5985997862468,68,25.46441176470588,40.52301941654755,68,17.814705882352943,11.53151767601315,68,10.008823529411767,5.577319082453308,68,20.71641791044776,53.5022276427047,67,59.017647058823535,43.87017121848564,68,0.0322950819672131,0.0271043319184068,61,,,0,8.936640812468317,3.133168333333333,0.0865608864139256,Proteobacteria,Bacteria,0.5097314904471237,0.5520366434558682,0.5037942343875632,0.1368419085687723,0.3222418651428204,0.4049292284004296,0.17681422654546536,-0.8059302712583788
desulfobulbus,23.13148148148148,26.410309765596185,54,55.35740740740741,35.88421422976253,54,33.94907407407408,53.63486258052822,54,27.98148148148148,22.073069684821167,54,13.059259259259257,6.970707403492228,54,38.98333333333334,69.75709810369878,54,103.7055555555556,91.56986695737412,54,0.0392452830188679,0.0303726253648408,53,,,0,8.064488256376993,2.604009,0.1200072080591014,Proteobacteria,Bacteria,0.7095528153762473,0.726190994717886,0.6714233265916388,0.32501170953613007,0.4592379392088625,0.578283357086153,-0.03950985173468873,-1.0761921373589192
desulfococcus,18.644642857142856,22.079953224941043,56,48.37321428571429,34.37225885174596,56,27.16321428571429,44.3780592843373,56,15.080357142857142,5.950597208924256,56,8.069642857142856,3.3652728995300945,56,21.876785714285717,58.18698070896937,56,48.75178571428573,20.492490784954096,56,0.03,0.0258957184741825,52,,,0,8.588111138746246,4.4247215,0.1843376816836647,Proteobacteria,Bacteria,0.5738922795625955,0.6842995280423839,0.5530792071687605,0.03722083829095107,0.1047564462272201,0.39064965985838224,0.09036678120504815,-0.14628477886466465
desulfosporosinus,17.918181818181818,18.244649440358703,231,47.022362869198325,31.801908819482566,237,23.68645569620253,34.99583713880407,237,20.062025316455696,16.382682339179837,237,10.331645569620257,6.297246054732722,237,16.358474576271185,45.80069185814181,236,67.84725738396624,87.21100922565941,237,0.0353333333333333,0.0256052725830254,210,,,0,10.00347842040448,4.198539571428572,0.1519436066279177,Firmicutes,Bacteria,0.4537406565865689,0.6130833173747182,0.4331316634524705,0.22343662330956446,0.3930241211208201,0.42328327636882845,0.4414269489408228,-0.2618045216779824
desulfotomaculum,10.576190476190478,8.477435034366513,21,21.26315789473685,28.267083537144508,19,8.67952380952381,4.7592189235109545,21,18.428571428571427,20.133706634823675,21,7.366666666666666,7.85648352211938,21,2.2190476190476187,1.3592715135759477,21,48.776190476190486,42.15259072419992,21,0.025,0.0167874411932903,12,,,0,14.607080095002289,3.080697833333333,0.2592524515059032,Firmicutes,Bacteria,0.14775533475825217,0.5151445701922173,0.04656992690924384,0.29039350921642776,0.5463262611942935,0.3092379204540869,1.5832798072176795,-0.8327289580658087
desulfovibrio,22.85125,25.00841374240662,80,57.30740740740742,35.70701183863534,81,31.6125925925926,50.96304925575436,81,23.94567901234568,18.78298464956193,81,12.401234567901236,6.988016417896435,81,31.516049382716044,67.03873778792028,81,82.65679012345679,70.89182240969618,81,0.0372602739726027,0.0295926170396811,73,,,0,15.63606112471281,2.81400793006993,0.1616850662643563,Proteobacteria,Bacteria,0.6656344996728131,0.7212812809983832,0.6372653797210615,0.2662827248730437,0.4609397383294127,0.5502807247189428,1.8385027854285976,-0.9689376694800265
desulfuromonas,13.590909090909092,7.603348544615661,11,39.518181818181816,9.674380412390054,11,16.114545454545453,2.010280396543545,11,15.70909090909091,7.343085801685086,11,9.19090909090909,4.5713137160896204,11,8.309090909090909,1.9007653960731423,11,45.25454545454545,16.225989254055584,11,0.0118181818181818,0.0040451991747794,11,,,0,8.480931379653418,3.537347333333333,0.1939071326647002,Proteobacteria,Bacteria,0.1203721296032478,0.0,0.01142596857802938,0.062077168851212644,0.22333276449926323,0.0834416063063506,0.0637824841871567,-0.5995006310769392
devosia,16.67745098039216,14.916682343933006,612,40.26332794830372,29.251989602469017,619,17.909744408945688,22.51688903411323,626,20.273268921095006,21.55688634318622,621,9.530990415335465,7.3067682361977235,626,8.88725806451613,28.92675473469073,620,69.93626198083066,136.07735509982862,626,0.0292641509433962,0.0201793948168834,530,,,0,13.795808732460523,3.914232289473684,0.4051508745165019,Proteobacteria,Bacteria,0.3494827749935189,0.5424331795082983,0.2735938535282685,0.3157976852086917,0.49227899031634625,0.39471729671102473,1.3820563761662938,-0.40701110073060687
dialister,21.26,6.410442869083054,10,55.31999999999999,18.11989698278295,10,13.119,1.1487234460720108,10,25.270000000000003,6.029566042980761,10,14.660000000000002,3.879060596473212,10,5.0200000000000005,1.5090836071382303,10,63.96,9.711871315274127,10,0.051,0.0191195071995999,10,,,0,18.71197623753635,2.030784964539007,0.2076729638277942,Firmicutes,Bacteria,0.0830010213357017,0.23399835809317024,0.0004113455625257788,0.03863045518366487,0.15527136466155836,0.10226250896732418,2.6014363995105296,-1.368959528498898
dietzia,13.674999999999995,7.037706883766769,12,52.6,24.28123106059868,12,16.763333333333335,6.242325227222965,12,17.499999999999996,7.0786490750193805,12,9.983333333333333,3.210730116155495,12,3.95,1.6278820596099706,12,52.4,11.285147117098006,12,0.0399999999999999,7.314236392868129e-18,10,,,0,13.81347180615256,3.5472617375,0.1762396739684411,Actinobacteria,Bacteria,0.10265182180206261,0.4047092963591177,0.06553078239112937,0.05735689557612288,0.08956200668880547,0.14396216056344763,1.3864374309592171,-0.5944369665007528
dokdonella,17.34046052631579,17.05505474035356,304,45.98214285714285,30.416630961390425,308,21.621688311688317,31.937915115048124,308,19.26720779220779,15.508263931163803,308,10.00551948051948,6.65243229425048,308,14.446428571428571,42.19802880955246,308,59.52954545454545,50.554009598029566,308,0.0325092250922509,0.0242130762756537,271,,,0,7.624451880742842,3.5412381666666666,0.5239057813979295,Proteobacteria,Bacteria,0.4164732738921725,0.5747016812018932,0.3940374883267944,0.2078279977806964,0.42794555661837985,0.4041971995639873,-0.14865413240435402,-0.5975134340058246
duganella,16.677935943060497,10.550041164924256,281,42.27163120567376,28.292489418077857,282,13.99588850174216,7.418433087252467,287,22.11719298245614,20.07070650720951,285,10.62020905923345,7.8265378719480125,287,4.706666666666667,4.540086450336141,285,64.52020905923345,101.98519608029667,287,0.0302183406113537,0.0180020811381497,229,,,0,6.43561398573005,6.8369545,0.6418585568322084,Proteobacteria,Bacteria,0.21268552135198346,0.5158484862137849,0.08056679910100055,0.28926893842607637,0.5433820449647693,0.3283503580115229,-0.44352715670152976,1.0857346734665905
dyadobacter,19.13938223938224,16.257608630317762,259,46.10369003690036,28.9600117857278,271,18.32988970588235,25.44572493956436,272,23.835447761194025,24.718051543020195,268,11.081985294117649,7.914446067834978,272,11.499632352941177,33.77541246157044,272,85.0577205882353,164.9255066525509,272,0.0344196428571428,0.0222223328837375,224,,,0,3.3759207846506447,6.516740588235295,0.3684019229765555,Bacteroidetes,Bacteria,0.3914910430863917,0.5343434044012801,0.3110377199553912,0.3722254129266483,0.5520250610808822,0.43222452829011865,-1.2024371741300057,0.9221892082477657
dyella,16.048693586698338,15.07264723656041,421,41.16241134751774,30.104359257495013,423,20.858676122931445,27.162301187972545,423,17.360332541567697,11.956833825358954,421,9.062647754137116,5.943667193126063,423,10.730071599045344,34.79595206541131,419,52.98676122931442,39.2279305498022,423,0.0313972602739726,0.0230972262534952,365,,,0,5.077243919683078,5.1208885,0.5015963234970512,Proteobacteria,Bacteria,0.354368811675097,0.5660496271349289,0.3329833850019508,0.1444339268127398,0.3582607208673026,0.35121929429840376,-0.7804500384252107,0.2092742761980482
dysgonomonas,21.250000000000004,26.0607683817774,38,57.73421052631579,34.16639946003367,38,33.92368421052631,52.29054673601755,38,16.36842105263157,6.495116887746574,38,8.986842105263156,4.21183474513678,38,29.826315789473675,69.47459066609825,38,52.46578947368421,24.299207820652043,38,0.0329729729729729,0.0303557485737293,37,,,0,6.40097552148424,4.218107054054054,0.1451514158571757,Bacteroidetes,Bacteria,0.6986024534435258,0.6785958201333134,0.6542368454972094,0.04694067456374968,0.18798927339470106,0.45327301340649984,-0.4521186970217192,-0.2518106615377108
edaphobacter,16.949006622516556,16.497554839226606,151,43.34802631578947,33.56227377941393,152,21.88605263157895,31.551401017536403,152,17.319205298013244,13.18758868649756,151,8.898026315789474,6.248437901685783,152,12.611999999999998,40.512791782183776,150,49.565131578947366,30.06533120356274,152,0.0291735537190082,0.0245827438412769,121,,,0,4.355446827764746,5.0511465,0.3870713410422929,Acidobacteria,Bacteria,0.3990080294965,0.6618574221716643,0.3890960772315219,0.16640326273847003,0.38822536886426345,0.40091803210048393,-0.9594807475872659,0.17365437519989121
emticicia,20.906122448979588,18.64089822767921,49,51.97843137254901,28.93885494435113,51,21.52372549019608,33.501686999957734,51,25.27843137254901,17.806024977242846,51,13.06862745098039,7.4496842938765795,51,18.87647058823529,44.914120667047655,51,80.3,74.69501723676085,51,0.041063829787234,0.0229587572146221,47,,,0,3.082371959713655,5.190807666666667,0.2279346218022907,Bacteroidetes,Bacteria,0.4661542586303574,0.533757215729064,0.41402961744268846,0.24884370764485816,0.5063303057518029,0.43382302103975423,-1.2752474623544747,0.24498466297416996
ensifer,16.66565143824027,14.821112559407872,591,40.77775919732442,29.78747204980302,598,17.838231404958677,22.18573828217513,605,20.60433333333333,21.796488847955622,600,9.643305785123967,7.338407692700622,605,8.617166666666668,27.97024394273163,600,70.6188429752066,138.2906821045338,605,0.0298039215686274,0.0207700664994287,510,,,0,7.16962633526343,7.392295988888889,0.3099592115144908,Proteobacteria,Bacteria,0.34648878407047284,0.5572696921620222,0.2693602382206531,0.32007466032545506,0.49538973931648755,0.3977166228190181,-0.26146664005215536,1.369368765611799
enterobacter,16.990867579908677,16.16882288997941,219,44.16126126126127,31.466565380790453,222,19.52835555555556,28.432321183975294,225,20.172767857142865,17.600555928328706,224,9.792000000000002,6.611328751252872,225,12.076339285714289,37.01405651052299,224,64.13644444444444,87.00016782505253,225,0.0320418848167539,0.0228845690277676,191,,,0,14.901264912810218,4.966021370198189,0.4723686230979797,Proteobacteria,Bacteria,0.38870958133056815,0.6037920190394144,0.3492200266661676,0.24517602474514655,0.4239043113058897,0.40216039261743725,1.6562478437290022,0.13017772273802128
enterococcus,15.416666666666666,8.898132652747,18,44.71764705882353,29.57588196686021,17,14.28736842105263,10.021601026507836,19,23.32631578947368,24.43685381880007,19,10.689473684210524,9.94836082181058,19,6.847368421052631,9.731813147327836,19,66.03684210526315,67.86214138912896,19,0.023076923076923,0.0170218562367207,13,,,0,18.72240956977061,2.991067992146597,0.1974481463991197,Firmicutes,Bacteria,0.1609348648475666,0.5514072050560248,0.11384714520145328,0.3672059509200326,0.7519968364090281,0.38907840048682113,2.6040242277100836,-0.8785063385474702
erwinia,18.922727272727272,24.515630229327687,22,37.680952380952384,36.54198433374437,21,23.15954545454545,37.36794761968282,22,24.68636363636364,40.8829024160065,22,8.568181818181817,9.5738923946541,22,14.581818181818182,48.17355168815231,22,140.46363636363637,320.56229399136186,22,0.0314285714285714,0.0250713268211203,14,,,0,13.946764064156556,4.08696954632588,0.3536912887611509,Proteobacteria,Bacteria,0.6501966772217527,0.7444157087482989,0.46345804255451883,0.6607727510126647,0.7151796020404544,0.6468045563155378,1.4194985332322188,-0.3187875913995238
erythrobacter,21.91509433962264,25.38872702770036,53,46.89038461538461,40.30216390636419,52,29.82888888888889,50.19980788757747,54,21.052830188679245,17.402670040206527,53,9.235185185185188,6.8875100905972015,54,27.67222222222223,65.78862210703413,54,67.1111111111111,59.93802354654905,54,0.036938775510204,0.0290261435055144,49,,,0,9.589780001702058,3.024052688888889,0.4127499753033588,Proteobacteria,Bacteria,0.677548877524987,0.8485983053715845,0.6275076777656602,0.24164370349386527,0.45105809080094383,0.5692713309914081,0.3388153949337646,-0.8616597951100199
ethanoligenens,24.7984375,27.132370944600414,64,61.57384615384615,37.51318217025131,65,38.37430769230769,56.12488109589941,65,22.34615384615385,15.423947258677382,65,11.615384615384617,5.958508380071694,65,35.706153846153846,73.97723652609945,65,80.09692307692306,62.52099389712719,65,0.048103448275862,0.0309757628257582,58,,,0,6.621483429472858,3.0204712,0.272793268175793,Firmicutes,Bacteria,0.7321734022758034,0.7713245067160818,0.7032571075546117,0.2063229204005589,0.35971988649638986,0.5545595646886892,-0.39742508910190477,-0.8634889981676929
faecalibacterium,19.882352941176475,7.055692320222521,17,53.55294117647059,16.73783579375851,17,13.538823529411763,1.2615262698064456,17,23.611764705882354,7.214731661065191,17,13.794117647058824,4.320947608487532,17,5.594117647058824,2.0366856005024725,17,60.311764705882354,13.051047963331394,17,0.0458823529411764,0.0226546969548843,17,,,0,14.381186445537605,2.572805807095344,0.1314615833553869,Firmicutes,Bacteria,0.10321526592577918,0.19570584557241524,0.0018534795710078474,0.05978600972458676,0.1987171040241498,0.11185554096358777,1.5272503486459026,-1.0921287987980839
ferruginibacter,16.929378531073446,17.093170319380675,354,43.697796143250685,30.090591499454725,363,22.063415977961437,31.016568997670547,363,18.54558011049724,16.357676108423217,362,9.271900826446284,6.162364247365557,363,13.79585635359116,40.68019057502442,362,61.7082644628099,91.7223484941262,363,0.03062893081761,0.0230124238723564,318,,,0,10.110978215497145,3.0659743636363643,0.3924858164496324,Bacteroidetes,Bacteria,0.4176673510599808,0.5656681664215196,0.38225848736329715,0.22299025474253698,0.37976272241865766,0.39366939640119847,0.46809062598483187,-0.8402487959390469
filimonas,15.607792207792206,16.469363633199983,77,37.53766233766233,29.453317385139272,77,19.654935064935067,27.41037114628889,77,17.016883116883115,18.54990709720956,77,8.748051948051945,6.515035452292972,77,11.359740259740256,36.27275786440207,77,61.22467532467534,127.7690413822866,77,0.0304477611940298,0.0221176493230738,67,,,0,2.0541685531316154,7.7890395,0.4516950383508461,Bacteroidetes,Bacteria,0.39812486108325285,0.5480113309677994,0.3361548492572514,0.2621222220742662,0.4144368830827666,0.39177002929306737,-1.5302775630632361,1.5720008178534732
filomicrobium,18.938940809968845,14.74979483330567,321,44.78358662613982,29.7616390107986,329,17.129191616766466,19.949361861570747,334,24.65121212121212,26.730677736729724,330,10.987724550898204,8.280107438383105,334,7.855255255255255,25.03921642838089,333,87.94610778443113,180.08063550838958,334,0.0313754646840148,0.0205149270433254,269,,,0,9.004699037873635,3.8868595,0.3511251407461873,Proteobacteria,Bacteria,0.34425455673948896,0.5565539409511628,0.2407691588030511,0.408151381889812,0.5879763974358123,0.42754108716386546,0.19369502655844703,-0.42099142895600916
fimbriimonas,16.302886002886005,14.874363746435115,693,39.78516405135521,29.71636503694156,701,17.84992927864215,22.73955465143721,707,19.806552706552704,20.62303359778556,702,9.478076379066476,7.3259086765739,707,8.565049928673323,28.523898093735177,701,67.15219236209336,128.65975829778088,707,0.029812925170068,0.0207310769103178,588,,,0,7.1022316022184135,4.78722772,0.4410007835078773,Armatimonadetes,Bacteria,0.3481570265112525,0.5552995433712635,0.27644053456542533,0.2991281392928686,0.49416085278629734,0.39463721930542145,-0.27818287095129834,0.038860982192029596
flavihumibacter,16.033146067415732,15.073198881114031,178,37.68474576271187,31.14686333375461,177,18.872191011235955,26.36506617441701,178,19.25224719101124,15.905565969807778,178,9.553932584269662,6.516733024005503,178,11.374157303370788,34.45064767159051,178,60.712921348314616,56.89297814351941,178,0.0297297297297297,0.0208964387144524,148,,,0,3.612725296844437,3.5983915,0.4021921590028121,Bacteroidetes,Bacteria,0.35438609348434763,0.59493409383592,0.32279108938612633,0.21491995591675608,0.4146037860606019,0.38032700373675044,-1.1437014432362242,-0.5683230455017958
flavisolibacter,16.2598275862069,14.003795068078396,580,38.86479591836735,29.19340084573122,588,16.518670033670034,18.999109699977566,594,20.729711375212226,22.147319444800164,589,9.614983164983164,7.547501809068672,594,7.41022146507666,23.43791663734199,587,70.7422558922559,139.7708444326584,594,0.0294285714285714,0.019755147396837,490,,,0,3.7088270132366064,4.0444054,0.3411065564374938,Bacteroidetes,Bacteria,0.320884026641688,0.5408098717135534,0.22862060690072145,0.32633708956987156,0.5159475928740465,0.3865198375399762,-1.119864884970723,-0.34052672532454636
flavobacterium,17.604066985645932,16.525907506444824,418,45.41756440281032,29.70396498513252,427,19.566009280742456,27.54070614926048,431,21.33536299765808,22.18695615712435,427,10.232714617169377,7.449805479573511,431,11.799297423887587,36.11747947253365,427,74.56798143851508,142.92664973679928,431,0.0316483516483516,0.0225392824525049,364,,,0,13.15393842296123,3.497051492935636,0.3253050067581969,Bacteroidetes,Bacteria,0.3998962561333736,0.5549559774402276,0.3378211243916704,0.3270446165320125,0.5063422205672653,0.4252120390129098,1.2228502807325814,-0.6200812545979664
fluviicola,19.301875000000003,16.975248247552603,160,47.09880952380952,32.799870359199105,168,19.113333333333333,29.36216178197678,168,23.19156626506024,21.15555206054645,166,11.616071428571429,8.39576690000257,168,12.74345238095238,38.9022999179727,168,70.825,98.20882111557076,168,0.036875,0.0240183132344752,144,,,0,5.680009927968868,3.8732326666666665,0.2717919781590914,Bacteroidetes,Bacteria,0.4139731121911342,0.6407336522935376,0.36110762579225136,0.3086337503324417,0.5993478808415615,0.4647592042901853,-0.6309431657452691,-0.4279511727868674
frankia,15.218845500848898,14.484148080009415,589,37.1763422818792,29.05968290370972,596,18.04357142857143,22.54681789906117,602,18.34137353433836,19.50766017473106,597,8.609966777408637,6.559681239888439,602,8.629579831932773,28.100059892903747,595,63.95548172757474,124.34021445199144,602,0.0275498007968127,0.0198138167774303,502,,,0,5.52706422154276,6.875259355932204,0.5942395363385558,Actinobacteria,Bacteria,0.3359324288613364,0.5371049735442314,0.27397648077595427,0.2792183959415025,0.4188263971412776,0.3690117352528604,-0.6688790047661551,1.105298425238174
frondihabitans,13.14375,6.576317992108756,16,40.58125,18.955886288960485,16,19.335,12.095184716792602,16,15.0625,8.400545617200507,16,8.39375,3.5549906235225617,16,5.975,2.6473886504755337,16,48.03125,22.531539931098067,16,0.0233333333333333,0.0209307247388913,15,,,0,5.521108058781857,3.62246125,0.1520145496617582,Actinobacteria,Bacteria,0.08819752371525348,0.2571609584383959,0.14035699185417097,0.08095313729022958,0.12340923883017103,0.13801557002564419,-0.670356339677737,-0.5560297055911194
gallionella,22.59042553191489,26.24128352629303,94,51.317708333333336,39.03222149318409,96,33.4103125,52.370826902271,96,21.211458333333336,18.11723732739605,96,10.786458333333334,6.881456696945046,96,33.03125,68.57858237472043,96,79.17708333333333,75.04679589803555,96,0.0415853658536585,0.0313667871920824,82,,,0,13.336125464583084,2.474481819148936,0.1934457832424694,Proteobacteria,Bacteria,0.7042575954618697,0.8134122469368903,0.6552631917723102,0.2543989395441062,0.4504629292421737,0.57555898059147,1.2680389849084466,-1.1423466118288974
gemmata,16.308253094910594,14.917241419653246,727,39.835061391541615,29.86398878911689,733,17.864210526315787,23.102937752330355,741,19.730842391304343,20.32100183258413,736,9.403373819163294,7.246630304087856,741,8.641904761904762,29.047837302504472,735,66.31417004048582,125.89865573211983,741,0.0296612903225806,0.0207776470144425,620,,,0,3.717213074370636,7.263506142857143,0.3315550453812717,Planctomycetes,Bacteria,0.34950028960485774,0.559389727238249,0.28108622614083667,0.29373678353270294,0.48636630935217734,0.3940158671737647,-1.1177848509989712,1.3035908761733166
gemmatimonas,18.231617647058822,15.721288841402812,272,44.75709219858156,29.37925108578461,282,18.515,23.41234371909512,286,23.688256227758007,25.93178353498929,281,10.624475524475525,7.841734652201591,286,10.486267605633802,30.41729541272455,284,86.77727272727272,173.9616312029222,286,0.0315702479338843,0.0211302329849049,242,,,0,7.884868306929538,3.804756,0.449854667449856,Gemmatimonadetes,Bacteria,0.3746893249718229,0.5459591897761301,0.28504184402633587,0.39389088563557284,0.5448761720517771,0.4288914832923278,-0.08406182803008358,-0.46292481976215405
geobacillus,17.913978494623656,18.592352281176225,93,49.49148936170213,28.98486315961499,94,22.30968085106382,34.571565619153176,94,17.56808510638298,13.28640839002992,94,10.051063829787232,6.103616849134884,94,14.970212765957449,45.721350580215535,94,54.82659574468085,35.06058404929717,94,0.033375,0.0245436191403454,80,,,0,9.9962726412801,3.401267774509804,0.1686315621910978,Firmicutes,Bacteria,0.4646334210151759,0.5350319567991699,0.4277075404822922,0.1681672234844589,0.3739867568836546,0.39390537973295026,0.4396396658370986,-0.66900165503907
geobacter,17.298697916666665,16.093763233325358,384,45.08604651162791,29.666306696019426,387,19.457686375321337,27.85016270463392,389,22.038659793814432,21.228341453974792,388,10.768894601542415,7.479534556174393,389,11.67777777777778,36.26093792062103,387,74.05321336760926,129.60328214792108,389,0.0319161676646706,0.0230792896705147,334,,,0,10.989146741991608,3.548956157894737,0.1870235955227984,Proteobacteria,Bacteria,0.3863581275544002,0.5539125862222228,0.3417773890300663,0.3099330623941288,0.5092651435733178,0.42024926175482713,0.6859068735458421,-0.593571561340164
geodermatophilus,15.759055118110236,12.711749549933328,508,36.96589147286822,28.43668080018989,516,15.119444444444444,13.69838960643796,522,20.859574468085107,23.13484423219722,517,9.430459770114942,7.621515369350759,522,5.950679611650486,15.450066881986368,515,72.66360153256706,148.60989295767877,522,0.0291904761904761,0.0185722328412138,420,,,0,5.6713214037087605,5.46609825,0.4031428440500597,Actinobacteria,Bacteria,0.28040708539179515,0.5198435700413016,0.16085325442438295,0.34396469720673306,0.5232245070215227,0.36565862281714706,-0.6330982210610568,0.38558606993207345
georgenia,18.02458100558659,17.173341609673948,179,43.37722222222222,29.959232692540045,180,19.609125683060107,28.430594867256914,183,23.874033149171265,26.28941780723452,181,10.334972677595628,7.213378967281769,183,12.805027932960895,37.97530876374098,179,94.53770491803276,184.12045224027992,183,0.0333548387096774,0.0219585624915338,155,,,0,7.503190561259117,4.398129,0.3387743406102823,Actinobacteria,Bacteria,0.4201789410632399,0.5620286323701783,0.34919795647353796,0.4002747624851356,0.483097082438832,0.44295547496618476,-0.17873114471732973,-0.15986658347728683
geothrix,21.03372093023256,24.6186950027586,86,53.76470588235295,35.521679181547015,85,31.280465116279064,49.694548308097424,86,23.16627906976744,17.625066444364474,86,11.751162790697675,6.589362982441011,86,30.368604651162787,65.47657733271164,86,82.02441860465115,74.69785718014315,86,0.040125,0.0288818523021821,80,,,0,11.914263321221036,3.525186481751825,0.2753563020226816,Acidobacteria,Bacteria,0.6534254696447053,0.7161463035108315,0.6210481584153739,0.2456135446587422,0.42174466632707747,0.5315956285113461,0.9153678662423308,-0.6057116420801596
gillisia,23.66857142857143,23.06027615043788,35,50.40909090909091,34.46017052007618,33,24.050277777777776,39.86823816280761,36,28.67428571428572,33.29099280106666,35,10.275,7.60343437439387,36,17.744444444444447,52.2761483139269,36,120.925,250.19383043095667,36,0.0336666666666666,0.0247028315190277,30,,,0,5.523606051060214,3.9829053333333335,0.2611498726837526,Bacteroidetes,Bacteria,0.6046036383374983,0.6867352802992226,0.49542314683076616,0.5252549335212976,0.5214468078066657,0.5666927613590901,-0.6697367509677201,-0.3719371564284247
glaciecola,18.22,11.406801090187866,10,41.190000000000005,24.42659979976292,10,13.956,3.770880239118948,10,20.54,14.116121595143932,10,8.73,7.0761021913354405,10,5.77,3.979126090543556,10,50.370000000000005,24.31584074448406,10,0.0266666666666666,0.0141421356237309,9,,,0,9.400284246690315,2.872253571428572,0.0285397287064528,Proteobacteria,Bacteria,0.23952592339133638,0.40873700099967863,0.03393445572622026,0.18297784800500766,0.4696002136326771,0.266955088350984,0.29181387638679057,-0.9391893975811855
glycomyces,20.07724550898204,15.613107239376726,167,45.55227272727273,31.19147311053447,176,15.464388888888893,18.82250365276987,180,26.817613636363635,30.007929942193357,176,11.52833333333333,9.19904218356303,180,7.703351955307262,24.20385311381655,179,99.77222222222224,211.56510918675076,180,0.0333571428571428,0.0212423736390538,140,,,0,5.685148672368779,5.45280375,0.2391735157679187,Actinobacteria,Bacteria,0.37130023357524755,0.596170088630837,0.22636277701357777,0.4666512967701501,0.6783248311866161,0.46776184543528576,-0.629668578933519,0.3787960614175487
gracilibacillus,26.76521739130435,24.522672416573872,23,62.98695652173912,37.942160579059205,23,32.21391304347826,48.36948735224891,23,22.92173913043478,12.487847056665611,23,12.773913043478265,7.80810868679619,23,23.29565217391304,65.09512953614934,23,63.98260869565216,23.55428260951736,23,0.0463636363636363,0.023206209051203,22,,,0,8.04347607514237,4.60000125,0.234818014647061,Firmicutes,Bacteria,0.6504172934426454,0.7832101317671729,0.604107842521867,0.1539126690285462,0.541570112156151,0.5466436097832765,-0.04472160133799935,-0.056762721252585344
gramella,31.28666666666665,27.799611165489004,15,66.58666666666667,35.208072667392344,15,38.21733333333334,59.26932879017693,15,19.52666666666666,8.417538380129454,15,11.333333333333336,6.652568426304735,15,36.88,78.25265125586115,15,57.45333333333333,22.414181310267026,15,0.04,0.0337410956914789,14,,,0,4.9805776494710265,3.614038625,0.1018730333029849,Bacteroidetes,Bacteria,0.7530765692627118,0.7074572661040762,0.7434574749539815,0.08125646310179449,0.42795894093968206,0.5426413428724491,-0.8044266256155517,-0.5603314616153889
granulibacter,14.784210526315787,15.836970722247823,95,28.940217391304348,28.40682884848196,92,13.171789473684212,10.690971432380366,95,21.29894736842105,33.75297463561574,95,7.771578947368421,8.909911563879174,95,3.621739130434782,4.191195011390776,92,104.4736842105263,248.08118403978185,95,0.0244927536231884,0.0147065643490623,69,,,0,6.615115047875874,2.721041111111111,0.2548611104879284,Proteobacteria,Bacteria,0.37831338358963623,0.5190164675630446,0.12240474858958142,0.5335014450202685,0.6498978957868441,0.44062678810987493,-0.3990046685796946,-1.0164193718606105
hahella,23.963636363636365,18.402136145529813,22,48.24583333333334,29.39457180244807,24,20.339583333333334,35.06388411719469,24,22.36086956521739,11.694160902325834,23,11.35,7.615202186930173,24,13.9375,45.9923227289077,24,56.79583333333333,24.238264379796824,24,0.0411111111111111,0.0239825644728167,18,,,0,4.1732061886920935,6.9490935,0.2659837061057272,Proteobacteria,Bacteria,0.4586743683044052,0.5463836780255084,0.43400161385320324,0.1397451379507812,0.5226038033788811,0.42028172030255584,-1.0046827457895733,1.143008340382255
halobacillus,23.7171875,20.755856352284443,64,54.47096774193549,30.918339759345944,62,24.012187500000003,41.84765755401294,64,21.5515625,10.92578125044336,64,12.0546875,6.569190467086271,64,18.4140625,54.98899995969612,64,58.98125,24.811913900958373,64,0.0439655172413793,0.0256111033467917,58,,,0,9.735539929041364,3.9032247083333336,0.3271256113608173,Firmicutes,Bacteria,0.5324112399467215,0.5886024336288141,0.5207291447358051,0.126029335378135,0.4197613316271169,0.43750669706331846,0.374968911553804,-0.4126330925067024
haloferula,19.01271186440678,14.226876855500208,118,45.98387096774194,30.334815617575803,124,14.54225806451613,16.151961689045887,124,27.127049180327862,27.748266379874448,122,12.333870967741936,9.131566683600164,124,7.973387096774192,21.791320375756413,124,93.1975806451613,175.70209241398348,124,0.0368571428571428,0.0196759461562298,105,,,0,3.569342302441568,3.08180025,0.1916736466178843,Verrucomicrobia,Bacteria,0.32787268785879226,0.5724348386754616,0.1922210839294428,0.42631563818596224,0.6716907303756781,0.43810699580506735,-1.1544619302768093,-0.8321659118020737
halomonas,19.94626865671642,21.24686307226501,67,45.80476190476191,31.06617509483653,63,22.679104477611943,35.59217571198987,67,28.037313432835816,28.770833483576126,67,11.197014925373134,7.782438858782185,67,19.577611940298507,47.72183548533681,67,111.89402985074628,195.33036341774465,67,0.0331666666666666,0.0234695378957394,60,,,0,15.974913515185738,4.194075913857678,0.2238599560778277,Proteobacteria,Bacteria,0.5477933993821636,0.5926984797953947,0.4407555872913414,0.444568761465963,0.5390462890360842,0.5129725033941894,1.922549928935917,-0.26408428194819145
halorhodospira,17.460869565217394,19.626144447998943,46,38.40714285714287,33.43251953367168,42,21.165652173913035,35.64571594344506,46,22.619565217391305,25.394685529458645,46,7.973913043478262,6.74449354931228,46,15.366666666666664,47.55810799814934,45,85.4195652173913,166.82267847370184,46,0.0278787878787878,0.0245913571907865,33,,,0,11.902938676853466,2.7724246,0.1770635903633798,Proteobacteria,Bacteria,0.49701985339192156,0.6582623453985343,0.4414400753745947,0.38430352841187176,0.43699689595187996,0.4836045397057604,0.912558961724933,-0.9901758631117633
hellea,16.11,6.771582779035735,10,44.45,29.8638112474316,10,18.043,5.564456746969007,10,16.79,8.038442358787899,10,8.379999999999999,3.2509144012791915,10,5.2700000000000005,3.4541601326838083,10,46.39999999999999,15.2154891840884,10,0.0289999999999999,0.0119721899973786,10,,,0,7.34449988764664,1.9061883333333327,0.067787744417017,Proteobacteria,Bacteria,0.09431473955449357,0.5593848081237692,0.05686453489582073,0.07448948772437816,0.09351287179796058,0.17571328841928446,-0.21809193482350633,-1.4325957830979912
herbaspirillum,17.300302114803625,14.418221843229189,331,40.24159292035398,30.21107126602591,339,16.145465116279073,17.820855123535924,344,22.862241887905604,25.776417866646863,339,10.111627906976745,8.266747025287128,344,6.902941176470589,21.79501560422176,340,80.84622093023256,169.55533815556285,344,0.0294927536231884,0.0196078820428971,276,,,0,8.237288786548458,5.46296253125,0.5716711254106682,Proteobacteria,Bacteria,0.33386710501979644,0.5690062769238349,0.2135571453748251,0.39111756280182625,0.5866628195089608,0.41884218192584866,0.003350672097508623,0.3839845386964755
herminiimonas,16.331679389312974,16.861005712707097,262,43.85777777777777,30.242193294574697,270,21.691777777777776,31.053543228005893,270,17.943445692883895,13.94731979399445,267,9.192592592592591,5.949597838767559,270,13.949070631970262,40.971446749656245,269,56.70777777777776,49.31317768289359,270,0.030759493670886,0.0225553266228751,237,,,0,8.932241056636862,3.4705736000000003,0.3037951735348898,Proteobacteria,Bacteria,0.4103941451143248,0.5698685691850892,0.38273118647878723,0.17996468625247924,0.35884381400601645,0.38036048020733937,0.17572293452522197,-0.633604525009012
holophaga,22.761764705882356,27.163768367863817,34,55.33529411764706,36.09557920008572,34,34.847941176470584,55.32709204191574,34,21.382352941176467,16.327063804546068,34,11.299999999999995,6.088887045638591,34,36.37941176470588,72.44595385490155,34,76.98235294117647,68.34838771607426,34,0.0320588235294117,0.0316016313123907,34,,,0,5.981561000796505,3.3436088,0.2528632353202912,Acidobacteria,Bacteria,0.7331570144156104,0.7320472446703669,0.6930577287779492,0.22244381612297676,0.37253854232617095,0.5506488692626149,-0.5561480425432227,-0.6984502937889547
hydrogenophaga,22.52391304347826,24.354759377744347,46,54.14255319148936,33.193633128900224,47,29.383404255319157,47.80913471369416,47,20.310638297872337,14.622826617291574,47,11.33617021276596,6.594148444608161,47,26.77234042553192,63.32982229747228,47,68.32765957446807,58.73198781098267,47,0.0406666666666666,0.026662878518815,45,,,0,9.593162463665085,4.690841020408163,0.2364599048893557,Proteobacteria,Bacteria,0.6451569476480552,0.6516435641764048,0.5969439828767845,0.19202268154441585,0.42221516655992164,0.5015964685611163,0.3396543627970804,-0.010367383742418676
hylemonella,19.152,12.72910444611089,25,42.828,25.04990884880289,25,17.9976,4.887611277505608,25,24.82,28.544380649554597,25,10.736,7.465971693847583,25,6.639999999999999,8.738468591997876,25,101.40000000000002,219.09534644381048,25,0.0327272727272727,0.0138639024883974,22,,,0,11.778591883379471,2.801693133333333,0.6396194838178585,Proteobacteria,Bacteria,0.28095077607692337,0.4260069089850919,0.04821136613917542,0.44052651183604885,0.5079316611091574,0.3407254448292794,0.8817166448647872,-0.9752273061490353
hymenobacter,17.906015037593985,14.747135363135476,266,42.22072727272727,31.694272425449885,275,17.14160714285714,19.911330627860902,280,23.077454545454543,26.045757056578307,275,10.137142857142855,8.355671933257145,280,7.170397111913357,23.75272350946504,277,82.82857142857142,173.49932055922008,280,0.0316289592760181,0.021300189356887,221,,,0,5.054044378737548,5.144394875,0.2769005284162079,Bacteroidetes,Bacteria,0.34417124139469424,0.6101010558085029,0.2402829463688073,0.3959253464867867,0.5954057973957665,0.43717727749091145,-0.7862043290897432,0.22127987899586757
hyphomonas,33.37999999999999,34.07617936330304,15,65.58,45.76658481593624,15,47.20733333333335,70.86718568326717,15,19.36666666666666,10.52457441736561,15,11.993333333333334,8.729872087646338,15,49.07333333333333,93.43071892100176,15,62.84666666666666,29.014352770080308,15,0.05,0.0338061701891406,15,,,0,11.35141818439583,3.435694057471264,0.1262994839946554,Proteobacteria,Bacteria,0.9497076311146208,1.0,0.8917309250088302,0.11886767551401782,0.6321966555450609,0.718500577436506,0.7757627540543315,-0.6514188385035287
jannaschia,28.328125,22.43407883433508,32,60.5032258064516,27.527131874703397,31,25.961562500000003,41.66348498806607,32,33.284375,32.91191674930075,32,13.715625,8.42902471590221,32,19.528125,55.20508528688511,32,133.54687500000003,262.1239425925109,32,0.0367741935483871,0.0250848024075924,31,,,0,10.037845250400483,3.885296,0.1446297019864807,Proteobacteria,Bacteria,0.5849862551890141,0.49464286699427107,0.5183745802666861,0.5184883146066745,0.6026177447707101,0.5438219523654712,0.44995111454737025,-0.4217899680746266
janthinobacterium,16.85983379501385,15.806871535825074,361,42.83689839572192,28.7111523671033,374,20.322673796791445,26.90874290713648,374,19.89,20.09086762834349,370,9.4024064171123,6.588320935254328,374,11.724797843665767,35.161554244920424,371,70.08850267379678,131.39635616855588,374,0.0296604938271604,0.0215543559647624,324,,,0,5.735800862649313,6.2763685250000005,0.4981256527621662,Proteobacteria,Bacteria,0.3773704423515812,0.5274483027377185,0.3297417549804648,0.28962882036261567,0.4216422136429178,0.3891663068150596,-0.617105079235239,0.7994220221165417
jiangella,19.624806201550392,14.601353913078103,129,40.22592592592593,28.825090032254995,135,14.950357142857142,9.22948430016926,140,25.31555555555555,31.444065160707925,135,10.013571428571428,8.617392574267111,140,4.69642857142857,3.4863022961150727,140,103.38928571428572,237.55957910676932,140,0.0281730769230769,0.0176131252403396,104,,,0,3.804052769610141,7.6234484,0.3509102108037946,Actinobacteria,Bacteria,0.33960422954687025,0.5306051524517941,0.10372028461479202,0.4922867324255737,0.621137820392543,0.41747084388631456,-1.0962455951662469,1.4874271235490961
kaistia,17.13975155279503,18.332751701201,161,48.60493827160494,29.657099958466542,162,23.847901234567896,34.56326886412852,162,19.50308641975309,16.078763521414775,162,10.18456790123457,6.30206089714003,162,17.251234567901232,46.21937594507405,162,63.8216049382716,57.76544424620111,162,0.0320138888888888,0.0237875168858786,144,,,0,6.1795900884782125,5.178337,0.3519557071958934,Proteobacteria,Bacteria,0.45650070643467033,0.5536574968558339,0.427601470153687,0.21801158310663205,0.39349750997953825,0.4098537533060723,-0.507029961576526,0.23861541758333377
kibdelosporangium,15.350922509225091,14.666335422019175,542,35.83284936479129,28.56217636940973,551,17.391223021582732,21.826486883433493,556,18.03393829401089,20.020341262821216,551,8.36996402877698,6.402509136420423,556,7.920326678765881,27.363931547043247,551,64.11384892086332,134.91291100413468,556,0.0276483516483516,0.0190515031298327,455,,,0,2.636486662099024,11.758072,0.5077722231308878,Actinobacteria,Bacteria,0.3416399571453168,0.5233206524554616,0.2647673686224613,0.28836990401403734,0.4033734463717709,0.36429426572180956,-1.3858424785032974,3.599137187737706
kineococcus,17.636082474226804,17.39878579077078,97,39.71010101010101,32.13742015905273,99,19.76841584158416,30.05778637001312,101,19.705102040816325,19.751071339591817,98,9.01287128712871,6.730002427433984,101,11.076,38.931603116390185,100,68.27821782178216,118.4629905109274,101,0.0315584415584415,0.0213409006287121,77,,,0,4.337780039849739,4.841186,0.410547249247016,Actinobacteria,Bacteria,0.42724161087264995,0.6223792677084473,0.3700008772405065,0.2835633567600623,0.4355721482514981,0.4277514521666329,-0.9638627236362871,0.06641953502433783
kitasatospora,14.616577540106952,11.228288816943836,374,40.57600000000001,27.9597277227721,375,18.106941489361702,18.359685646017127,376,18.821542553191488,15.504479826193815,376,9.447074468085106,6.593778235461041,376,7.671849865951744,21.223228197359237,373,57.93510638297873,71.70632248452935,376,0.027192429022082,0.0198731150550831,317,,,0,3.4405919831594494,8.719429722222221,0.4074000448537305,Actinobacteria,Bacteria,0.23393352691999775,0.5066287197626933,0.2204458543233502,0.20776045039503183,0.4221787680922634,0.3181894638986673,-1.1863964742421467,2.047186611280798
knoellia,19.645238095238096,11.340650008921656,42,36.17,25.611096526820607,50,13.640799999999995,5.785017538293842,50,20.79148936170213,21.50777240488973,47,9.32,6.468605502181839,50,4.814285714285714,3.225936556516056,49,70.614,154.55357305108524,50,0.033235294117647,0.0160907630636797,34,,,0,7.857919829011664,3.563284,0.4222772773154172,Actinobacteria,Bacteria,0.23745355566711462,0.4415556316882854,0.059684306667280064,0.31492098697808474,0.4098719525545957,0.2926972867110721,-0.09074598506880559,-0.5862537855765396
kordiimonas,18.17843137254902,18.128268684300664,51,40.67924528301886,33.25203497815854,53,22.869622641509437,33.29144189879759,53,20.166666666666668,17.577390780962535,51,9.247169811320754,6.878858463369566,53,15.556603773584902,43.92288044636156,53,64.7490566037736,61.84420755986993,53,0.0342222222222222,0.0242607884988484,45,,,0,5.907693580118616,4.062499125,0.0480582054779071,Proteobacteria,Bacteria,0.45009470374711913,0.6532616933603506,0.41134172718904016,0.2447625200576366,0.4502074743959023,0.44193362375000983,-0.5744697244341641,-0.3312855694473432
kribbella,16.27811387900356,14.745877142201168,562,39.37810858143608,29.94587856002974,571,17.16939236111111,21.632004980034093,576,20.346234676007008,22.44688777726617,571,9.4328125,7.53241457259744,576,8.30719298245614,27.158579431673587,570,71.01302083333333,141.9178462433001,576,0.0295228215767634,0.0203906876630854,482,,,0,4.346164427232663,8.743341545454545,0.4448471906863653,Actinobacteria,Bacteria,0.3441318241031808,0.5616586319024598,0.26228100385213526,0.331684472331836,0.5144642359850468,0.4028440336349317,-0.9617831048128517,2.059399291964185
kutzneria,14.215800865800867,11.267101694476056,462,34.91735357917571,26.16279141682634,461,15.542961373390558,8.855052250054369,466,18.901724137931037,21.355363038315453,464,8.663733905579397,6.7599480024411545,466,5.0672451193058565,6.430686521147192,461,67.13240343347638,139.6041773160945,466,0.0255754475703324,0.0156275171754312,391,,,0,2.484525382110065,10.062284,0.5418225599974724,Actinobacteria,Bacteria,0.235149448914655,0.4568413394781794,0.09893333713014754,0.3122004349996018,0.4385163570909792,0.3083281835227126,-1.4235341456299853,2.7330335389484244
labrys,16.162474645030425,14.383124129247568,493,40.95129224652087,28.07309811845153,503,18.51061143984221,22.515712515923425,507,19.529482071713147,20.14710984881348,502,9.270019723865875,6.525305605158805,507,9.212948207171314,28.81614393652568,502,68.34930966469427,133.01319785968033,507,0.0294050343249427,0.0199336806930779,437,,,0,4.920020076756925,6.5040385,0.5436890268034305,Proteobacteria,Bacteria,0.33276757091910997,0.5097698522469227,0.27357881226567465,0.2906327605246485,0.4154466307614526,0.3644391253435617,-0.8194470036546543,0.9157017670299766
laceyella,16.637244897959185,14.060079532956092,196,37.73756345177664,28.54025281541208,197,13.771691542288556,9.679843341933696,201,22.902030456852792,30.64266726446476,197,9.324378109452736,8.01791448796496,201,4.571356783919597,3.4045474147579524,199,97.55323383084576,228.3837494262454,201,0.0312337662337662,0.0186234767180883,154,,,0,7.409952588900351,3.37384075,0.2958470878148797,Firmicutes,Bacteria,0.322647294998833,0.5227132206191425,0.10947792497036431,0.47798154448875607,0.562197937610416,0.3990035845375024,-0.20185739515408083,-0.6830096831672173
lacibacter,23.17808219178082,20.92428311911083,73,50.24197530864198,38.49917162809328,81,21.136951219512195,37.49183057315268,82,23.046913580246912,23.619949652887456,81,11.352439024390245,9.436300091127684,82,15.755555555555556,49.10745615484476,81,70.43536585365854,124.66976562988388,82,0.0398387096774193,0.0266422526175487,62,,,0,3.880538724103814,3.6077465,0.3887696847044024,Bacteroidetes,Bacteria,0.537687679708324,0.7986431333873052,0.4650418311012549,0.3526239715131347,0.7016517109850967,0.5711296653390231,-1.0772744260838862,-0.5635450899823418
lactobacillus,33.72244897959183,35.68153855816129,49,73.77142857142857,45.03873333032358,49,55.82102040816326,73.90449473940726,49,17.722448979591835,6.445420380204151,49,10.683673469387756,4.14237989861985,49,59.2,98.00186860463428,49,66.35714285714286,27.43401933123666,49,0.0558695652173912,0.0350603344698834,46,,,0,23.283301158125173,1.8468171548343475,0.1837507558571185,Firmicutes,Bacteria,1.0,0.9798335541527314,0.9305615724972501,0.046053577300916186,0.18116056588078666,0.6275218539663369,3.735283503504946,-1.4629189097688313
lactococcus,11.952941176470588,10.83853758856902,17,29.24117647058824,29.027380583328767,17,11.33888888888889,7.17969431504687,18,13.761111111111113,10.788018347652224,18,7.433333333333333,7.1454633900695015,18,3.627777777777777,3.271589927480945,18,35.54444444444445,27.249440840938203,18,0.0285714285714285,0.0195555000554212,14,,,0,18.444914762454754,2.439696825902336,0.1586256583836592,Firmicutes,Bacteria,0.22172347909161333,0.5362099791565297,0.0775146299163754,0.12357022708200996,0.4764197138219682,0.2870876058136993,2.5351958925743605,-1.1601126353966966
leadbetterella,18.435483870967737,17.72686376448838,31,52.803225806451614,22.520605140936564,31,20.680322580645164,30.49185973161481,31,20.929032258064517,14.289417845580392,31,11.98709677419355,6.273103534693911,31,15.54516129032258,40.98278369193319,31,66.8225806451613,57.601751765476834,31,0.0348387096774193,0.0214275473385601,31,,,0,4.838653990625276,4.960057083333333,0.2058741160493059,Bacteroidetes,Bacteria,0.4375195714251668,0.3559279611994085,0.37555031240726855,0.18607123699799194,0.3906504608759059,0.34914390858114835,-0.8396286146156725,0.12713153381813405
leeuwenhoekiella,13.51875,11.55930901914124,16,28.907692307692308,23.00469015724336,13,11.4425,6.164516201617123,16,20.3875,18.17576683389177,16,6.581250000000001,7.2223005337634625,16,3.4214285714285717,2.879417294530953,14,49.975,35.47544690815513,16,0.0199999999999999,0.0141421356237309,11,,,0,6.940716057904497,3.8900885405405408,0.0943870186546941,Bacteroidetes,Bacteria,0.24430366101257048,0.3693404147834083,0.06453602855183535,0.2554437084338119,0.48397423890990093,0.2835196103383054,-0.3182443269518547,-0.4193422347204968
legionella,17.122782258064515,16.277875705875353,496,42.78316831683168,29.53571442253916,505,19.73163708086785,26.76204366835173,507,20.05765407554672,20.425624873129024,503,9.746942800788956,6.8808324539671535,507,11.036111111111111,34.775921801337766,504,69.99092702169625,133.09457199819985,507,0.031156462585034,0.022305227887081,441,,,0,7.695870262329039,3.5083751518218627,0.3536276545030659,Proteobacteria,Bacteria,0.3921259659394422,0.5502942903702955,0.3278662703581296,0.29560433554966237,0.450401554508409,0.4032584833451878,-0.1309398971355456,-0.6142978298544218
leifsonia,17.734185303514376,17.360552858941926,313,44.099378881987576,31.681167685327598,322,21.22067901234568,30.234093668753356,324,20.3275,20.65917771414079,320,9.778703703703703,7.225167369386808,324,13.139814814814816,39.44118937304816,324,69.60216049382716,117.33473653524176,324,0.0326618705035971,0.0234890108592427,278,,,0,5.701142632921521,4.034279,0.5971623069766684,Actinobacteria,Bacteria,0.42604385729995115,0.6097379652093319,0.3722548877611606,0.29977332239067256,0.48425610234987737,0.4384132270021987,-0.6257015220803842,-0.34569866426331686
lentzea,17.92640264026403,13.745480747855344,303,42.46900958466453,30.19851357953516,313,15.361829652996844,15.83949905098264,317,24.2875,26.76453124261017,312,10.55236593059937,8.563583983968464,317,6.497452229299363,18.682346997493955,314,84.58107255520504,175.82267540030762,317,0.0299610894941634,0.0194955534688904,257,,,0,4.008889633639774,9.4789339375,0.3611272358367471,Actinobacteria,Bacteria,0.31279160774712356,0.5686583434379678,0.18822638785878518,0.4087556769175506,0.6158474318406664,0.4188558895604187,-1.0454389495862644,2.4350943993550884
leptolyngbya,16.504405286343612,15.207554537822867,227,37.651739130434784,32.09354873373562,230,18.184444444444445,24.197792966590608,234,20.189956331877728,20.127853061311185,229,8.837606837606838,7.035870405271929,234,8.552360515021459,29.76140329133472,233,65.16666666666667,112.247967759307,234,0.0263535911602209,0.0204658754143663,181,,,0,6.01940699811958,6.645172857142858,0.0732189487146811,Cyanobacteria,Bacteria,0.35859516038394246,0.6211637302802928,0.2950834638568518,0.2902890212091711,0.4656446782947201,0.4061552108049957,-0.5467609227895428,0.9877844694025365
leptonema,15.683561643835615,14.460790028543371,73,47.65753424657535,23.051264835194683,73,20.907260273972604,27.75746837741121,73,20.56438356164384,16.11779873534408,73,9.84109589041096,5.239402945640699,73,17.12054794520548,37.65178894563573,73,68.03013698630136,69.71647678062338,73,0.0238888888888888,0.0193962066536439,72,,,0,4.47689847636595,4.4673785,0.1944582871581282,Spirochaetes,Bacteria,0.3352006725388034,0.37063085072992386,0.34059233321979737,0.21870837314567548,0.2890184030196597,0.3108301265307719,-0.9293565270529521,-0.1244982210246494
leptospira,28.48260869565217,31.456978589436787,23,64.18260869565216,42.25954063526434,23,45.47652173913043,65.1303199612966,23,26.09130434782608,19.70629601845051,23,12.2,5.275500837921372,23,51.81739130434784,84.6624777474645,23,98.52608695652174,86.61436589531002,23,0.0472727272727272,0.0332639971514775,22,,,0,6.982325810937622,4.439781362170088,0.3841556389459667,Spirochaetes,Bacteria,0.8676538378414066,0.902830978638497,0.8183876443545604,0.2827641041205677,0.2925674994559093,0.6328408128821883,-0.3079236652631523,-0.13859313251749375
leucobacter,14.76875,10.098826251929808,16,45.829411764705874,24.89331649022189,17,15.632352941176473,5.884045727018703,17,22.647058823529413,18.605009998890715,17,11.688235294117648,6.858742810543087,17,10.305882352941175,13.276975869349696,17,75.04705882352943,77.07029354465197,17,0.0346666666666666,0.0164171803158706,15,,,0,11.389151765947924,3.3365083529411765,0.3407597598745197,Actinobacteria,Bacteria,0.1985499516155764,0.4216682336071586,0.06095033808414172,0.2631058250611322,0.44822973034358504,0.2785008157423188,0.7851219907984714,-0.70207676307974
lewinella,25.54,22.73713922198657,25,54.104,33.27144020527716,25,28.2768,47.00456136731129,25,24.724000000000004,15.20973591705874,25,11.148,6.795226265548485,25,23.628,62.038338415316495,25,64.452,30.57247018697268,25,0.0377272727272727,0.0282727899109841,22,,,0,3.0982454544866376,5.4869765,0.071698489429352,Bacteroidetes,Bacteria,0.5944804698539512,0.6537993503818406,0.5866578699345358,0.2024991850071699,0.44198486868433723,0.4958843487723669,-1.2713102851922138,0.39624938899396966
loktanella,36.64444444444444,30.68583160740325,18,67.49444444444444,38.73775286115634,18,42.79055555555556,65.02913161419835,18,27.92222222222222,31.632904602561737,18,14.383333333333336,9.478474064333104,18,43.25,85.7911434480136,18,122.61666666666666,252.09795306820024,18,0.05,0.0324037034920393,17,,,0,11.832329589387044,3.718625285714286,0.1395954801283343,Proteobacteria,Bacteria,0.8434955008103586,0.8052534592736237,0.8170939962721682,0.4956575719526878,0.7057981995623809,0.7334597455742439,0.895045459462403,-0.5069150625965673
longispora,18.232407407407408,15.585716134372944,108,36.94684684684685,29.100521144411328,111,13.628392857142858,9.13452342021975,112,25.938181818181818,33.19204332039762,110,10.04017857142857,9.167780045289916,112,4.562727272727272,3.954879904946815,110,107.3732142857143,248.32246870803087,112,0.0301219512195121,0.0155947048974033,82,,,0,2.197159188808828,8.64753,0.5364544982507068,Actinobacteria,Bacteria,0.3704421305653789,0.5382364710899339,0.10250625193443132,0.5234886562152843,0.6752511796096221,0.44198493788293014,-1.4948109268084577,2.010464679197541
luteibacter,16.654400000000003,16.92941170159935,250,43.13968253968253,30.720962591173794,252,21.2197628458498,30.418808234182663,253,18.8593625498008,18.493521622233875,251,9.3399209486166,6.604065245854546,253,13.273705179282867,40.0317776999315,251,64.54308300395257,106.39345964643095,253,0.0318666666666666,0.0228559151455997,225,,,0,6.0887978094941,4.598608933333334,0.6710911864717002,Proteobacteria,Bacteria,0.41253715412960135,0.5831337411110261,0.3746163814529738,0.26111572477721173,0.4231901731804989,0.41091863493026237,-0.5295495952449919,-0.05747383050991574
luteolibacter,19.038938053097347,17.242858405101163,226,48.33670886075949,30.73578840899491,237,20.515400843881856,31.173647449144585,237,23.026808510638293,20.09495845120071,235,11.365400843881856,7.857236836654946,237,14.572151898734177,41.20649818151997,237,70.78734177215189,89.35786559769136,237,0.0340487804878048,0.0240851748595542,205,,,0,10.693230297078555,4.675855528301887,0.3374561911461971,Verrucomicrobia,Bacteria,0.4223567492014763,0.5835445172901519,0.38426666561071154,0.28970184275269567,0.54640032607079,0.4452540201851651,0.6125093334633557,-0.018021046459779925
lysinibacillus,16.986925795053,15.601413780438817,566,40.40070052539405,30.40579064539452,571,18.56870242214533,25.44026423291597,578,19.894076655052267,20.371499950371124,574,9.436851211072666,6.915141133510414,578,10.146678321678325,32.75125440275738,572,67.57768166089966,126.66457692249908,578,0.0298305084745762,0.0213347816990074,472,,,0,9.721070973977785,4.731988905660378,0.2632429483690517,Firmicutes,Bacteria,0.3709339032534511,0.5744013305811693,0.3109679072458572,0.2946381897739533,0.4537747379439585,0.4009432137596779,0.37138010894588275,0.010648411602816807
lysobacter,18.591638795986626,15.23109776909216,299,44.37411003236246,29.642960492401688,309,16.577051282051286,20.41783284360796,312,24.16103896103896,26.81705984240836,308,10.921794871794871,8.392369791844283,312,8.359354838709676,25.99034223610873,310,86.16923076923078,177.1988477804296,312,0.0318725099601593,0.02114898771277,251,,,0,5.098670324812934,5.295498292682927,0.40467431747409,Proteobacteria,Bacteria,0.3593327179819812,0.5532657372972666,0.24675835227194315,0.40969332785935314,0.5990138817159509,0.433612803425299,-0.775135546931491,0.2984541610403886
magnetospirillum,18.948275862068964,18.18762321200165,203,44.5752427184466,33.5564674248998,206,21.11293269230769,31.535225539258047,208,24.23333333333333,26.426495635872246,204,10.586538461538462,7.921560594944858,208,13.890776699029129,41.56263404383905,206,92.26298076923077,174.39975935353146,208,0.0330386740331491,0.0225374662484208,181,,,0,10.343752105673625,3.9637454166666655,0.2884017549600718,Proteobacteria,Bacteria,0.451954150412835,0.6616965465861998,0.3888892809248656,0.4027216420063149,0.5527245518604255,0.4915972343581282,0.5258266228450419,-0.38172285707939035
marinimicrobium,18.891666666666666,18.346932284238264,12,32.88181818181818,23.30724428935425,11,14.075833333333334,5.252868408322401,12,33.88333333333333,40.98868653961022,12,10.0,10.22874736843533,12,3.975,4.11165195732589,12,148.29166666666666,310.36181951901165,12,0.03,0.0141421356237309,10,,,0,10.284968523776843,3.7919416,0.3017373960898321,Proteobacteria,Bacteria,0.45694495287833475,0.3777232258948616,0.052881016354949954,0.6626610287034058,0.7795640662533877,0.465954858016988,0.5112462560468098,-0.46946962288438704
marinobacter,19.96451612903226,19.37483846620141,31,47.621428571428574,31.836938215234124,28,19.82935483870968,31.120114924325485,31,25.887096774193555,27.44517859218608,31,9.929032258064517,8.587517823305605,31,11.499999999999998,40.6081026397442,31,90.63548387096772,195.0802920994108,31,0.0307407407407407,0.0212902877687539,27,,,0,13.684572461370982,4.019124467005077,0.1025147739995352,Proteobacteria,Bacteria,0.4891469903092269,0.6140538703329109,0.3835822760533784,0.42090543211409503,0.6182005748784027,0.5051778287376028,1.3544659235021308,-0.3534386626137003
marinoscillum,18.432258064516123,7.572995316551841,31,47.20967741935484,23.75959251668976,31,14.228387096774195,4.296277533535432,31,25.77096774193549,13.769124725229442,31,11.78709677419355,6.217166660973676,31,4.306451612903227,2.4238998169438943,31,62.912903225806446,25.946647078643046,31,0.0422222222222222,0.0192819830877135,27,,,0,3.256999270003611,5.8335905,0.15078552366824,Bacteroidetes,Bacteria,0.11942122979992843,0.39025635416482857,0.04065142681930452,0.1767838519128242,0.38515082234765524,0.22245273700890822,-1.231933833704097,0.5732783867940766
marmoricola,17.20238970588235,15.788488410425977,544,41.08963636363636,30.619360368494384,550,18.2784229390681,24.97317606598321,558,20.96184448462929,22.40432738830041,553,9.704480286738352,7.483847213766478,558,9.738043478260868,32.01091468483826,552,72.9989247311828,143.70528201091406,558,0.0308836206896551,0.021505823989794,464,,,0,7.69072778714237,2.210454,0.47809061063534,Actinobacteria,Bacteria,0.3767945395089035,0.5803186672090999,0.3049963924540014,0.3309247568825275,0.5096891582933969,0.42054470286958584,-0.13221540931178719,-1.2771956952914354
mesorhizobium,16.093098384728343,14.625775874965331,681,38.89753265602322,29.008388066310932,689,17.43507913669065,21.710017806454065,695,19.716521739130435,20.787289282674347,690,9.299712230215826,7.2141191955229935,695,8.268505079825834,27.50259624531647,689,66.99093525179856,129.72542624536607,695,0.0290017211703958,0.0199663941057014,581,,,0,10.1778345308466,6.6811854519650655,0.4080621840626654,Proteobacteria,Bacteria,0.34036931584037455,0.5356837570171037,0.263278363194335,0.30206015153427807,0.4831698606883905,0.3849122896548963,0.484673310624311,1.0061774759445596
methylobacillus,27.525,16.745836088884587,20,65.87999999999998,25.702193230191565,20,23.1995,38.10850540164712,20,29.32,13.604163449396465,20,16.655,5.463898261363064,20,15.52,50.37641051962818,20,75.755,28.633702538313685,20,0.0552631578947368,0.0189644172809769,19,,,0,7.481396402638552,2.9406275,0.3456417341122065,Proteobacteria,Bacteria,0.4067861343811359,0.4440796311190879,0.47292574493341544,0.17383924466572465,0.3110904818765066,0.3617442473951741,-0.18413685182964326,-0.9042682228719816
methylobacter,20.7875,20.565176877430453,16,63.25,29.949869226203088,16,27.879375,42.16939829920112,16,20.14375,6.05320507389818,16,11.00625,2.942667440718823,16,19.35,56.07159708800883,16,60.00625,17.48021619812905,16,0.0325,0.0240831891575845,16,,,0,5.082496370419925,4.918842666666667,0.139305028910594,Proteobacteria,Bacteria,0.5264376718387603,0.5617692005484956,0.5248424572858755,0.03905241883181415,0.06320644335877669,0.3430616383727444,-0.7791472484988101,0.10608175834046767
methylobacterium,16.43521126760563,15.834655605690973,497,37.26067193675889,31.54148509382278,506,17.702133072407044,24.07430013540805,511,20.40474308300395,23.47425506221533,506,9.22563600782779,7.778151170047588,511,9.194246031746031,30.480367938217043,504,73.1771037181996,150.3468686275338,511,0.0288647342995169,0.0205826994938038,414,,,0,9.96118726097649,5.922988741626795,0.3934353509514121,Proteobacteria,Bacteria,0.37824085608534763,0.6058678056052514,0.2935046628503151,0.35002328025762625,0.5386247292206416,0.43325226680383644,0.4309372748364899,0.6189374805418287
methylocaldum,24.5,23.44998377676272,24,56.22083333333333,41.284663740242905,24,31.22083333333333,47.74015645560661,24,21.32916666666667,8.874412615793922,24,11.929166666666667,5.887531347034923,24,23.03333333333333,63.61934123920292,24,58.97083333333333,26.26542576429535,24,0.036,0.0276062540587797,20,,,0,6.007506556133258,5.659586,0.2911146873267851,Proteobacteria,Bacteria,0.6168123202096604,0.8758202456801731,0.596062126478685,0.08941180245981924,0.3527415196419559,0.5061696028940587,-0.5497126450838107,0.4844076480249886
methylocella,16.677333333333337,15.337089959038291,150,46.03333333333333,30.366607116049234,150,22.108266666666665,28.76815768005053,150,18.50933333333333,15.59994126071658,150,9.545333333333334,5.970785550451921,150,12.380405405405408,36.99498340469204,148,62.01799999999998,97.09846802404996,150,0.0299999999999999,0.0225571170456635,137,,,0,7.754574972048695,4.12659625,0.4950405592109281,Proteobacteria,Bacteria,0.36265321991875227,0.5733156798155031,0.35351354713175237,0.20946446505238,0.360926961449822,0.371974774673642,-0.11637909337235758,-0.2985487215398202
methylococcus,16.86105263157895,16.958198184317546,190,44.635384615384616,32.98358744048458,195,21.39025510204081,30.268013825823296,196,20.24896907216495,19.68686008665621,194,9.909183673469387,7.674200357370494,196,12.781443298969071,39.64185083724608,194,65.0938775510204,92.86670880002713,196,0.0318079096045197,0.0226411568285994,177,,,0,8.212541263131431,3.287654714285714,0.08290515523544,Proteobacteria,Bacteria,0.41343897125091167,0.6458238673225598,0.3726885419061914,0.28241716702683684,0.5284044245017687,0.44855459440165363,-0.002787571900648344,-0.727028180766461
methylomicrobium,15.713043478260866,8.437702420350421,23,50.41739130434781,21.84086353966122,23,15.123043478260872,5.133994931100845,23,21.96086956521739,15.486995692293664,23,12.834782608695656,7.685914430463761,23,6.095652173913043,2.75606410086254,23,59.35652173913043,32.597668992052405,23,0.019090909090909,0.0110879990504925,22,,,0,4.656569671429118,4.5097575,0.1560746424274528,Proteobacteria,Bacteria,0.14651059944463649,0.33709448697668815,0.05136127173746312,0.20744835346724272,0.5295561364838985,0.2543941696219858,-0.8847918400677731,-0.10285364839408397
methylomonas,17.904761904761905,25.75283433314625,21,52.87142857142857,36.812513400434135,21,30.35619047619048,51.31422214904855,21,14.88095238095238,4.177752870577561,21,9.104761904761904,2.6077722658384475,21,26.04285714285714,67.68720389725499,21,54.10476190476191,20.23226324933709,21,0.035,0.0301467001413382,18,,,0,9.15447329445223,4.041739902439024,0.0646533198866627,Proteobacteria,Bacteria,0.6889555577109521,0.7519112073236973,0.6417549692145733,0.005575045905345228,0.03027999816791696,0.423695355664497,0.2308442360381094,-0.3418880966536277
methylophaga,22.01,13.785616497720447,10,48.81,29.934537837681003,10,16.689,6.501390364119561,10,26.52,15.393995943584988,10,13.91,10.12965393727194,10,3.39,2.8846143589741766,10,62.63999999999999,26.64028695207484,10,0.038,0.0147572957474524,10,,,0,13.79603434233976,2.9718685081967213,0.1800616389472372,Proteobacteria,Bacteria,0.31404897241926183,0.5613444166159137,0.06884281512188979,0.20578828062503657,0.7698213327812166,0.3839691635126637,1.3821123352400089,-0.8883122477199956
methylosinus,22.660714285714285,26.63654325373201,28,59.72142857142856,42.17414827911505,28,36.18,54.340623437310285,28,17.610714285714284,8.35868762008479,28,10.425,5.769307359415634,28,29.503571428571423,70.61697142641529,28,57.05714285714287,26.019300935344532,28,0.042,0.0348807492274272,25,,,0,6.807798123875275,4.700491909090909,0.727500666371657,Proteobacteria,Bacteria,0.716640212437288,0.9004650284960642,0.6804461657345402,0.08020595974184055,0.34111789547364146,0.5437750523766749,-0.35121258389836413,-0.005438306580541545
methylotenera,18.34276315789474,18.569285335664084,152,47.68641975308641,31.299033593266135,162,22.481296296296296,34.936339640862855,162,19.729813664596275,14.520867935149816,161,10.296913580246914,6.132495898310557,162,16.819135802469134,46.22352327112625,162,61.70987654320987,54.15853449244872,162,0.03625,0.0246737977680027,136,,,0,20.35909164532104,1.5717793582089552,0.2497309122842347,Proteobacteria,Bacteria,0.46391078440121986,0.5991502469367423,0.43237101436266917,0.19020268910786778,0.37682610633139335,0.4124921682279785,3.009978139050823,-1.6033912089077667
methylovirgula,13.911688311688312,9.238149934773825,77,29.10263157894737,27.28072811190694,76,15.946233766233767,11.179252992528172,77,16.384415584415585,10.91044966190748,77,8.366233766233767,6.243599046215049,77,3.7891891891891887,5.2598652924978975,74,48.51948051948052,35.050294836814736,77,0.0255,0.0152298769706906,60,,,0,6.978883718446342,3.295656,0.4369321780645275,Proteobacteria,Bacteria,0.1715868576413706,0.48781580373037553,0.12864721150222636,0.1257556620176185,0.3877496190733012,0.26031103079297846,-0.3087774235653331,-0.7229416187951835
methylovorus,25.142857142857142,30.28194979713961,14,55.99285714285715,43.969385578284665,14,38.180714285714295,61.97677647738283,14,20.46428571428571,15.342680898163044,14,10.935714285714283,5.228855904108858,14,39.67142857142857,81.16007381969031,14,74.35714285714286,63.061846496249096,14,0.0545454545454545,0.0304511531353531,11,,,0,6.778136127793172,2.9506636666666664,0.3972052465762758,Proteobacteria,Bacteria,0.8308427729641975,0.9502053347155763,0.7780709913239077,0.2048722919854501,0.28798143201806814,0.6103945646014399,-0.35856978754077207,-0.8991423695401636
microbacterium,17.934536082474228,15.748458537134749,388,43.91767676767677,29.428057578045745,396,17.815870646766168,23.2284596780683,402,22.80931989924433,24.437102086267892,397,10.52636815920398,7.825462069569784,402,9.87,30.21484473078197,400,80.6912935323383,158.75203299130135,402,0.0313569321533923,0.0210505035997497,339,,,0,16.144025088226364,3.406833159600997,0.3231795495852764,Actinobacteria,Bacteria,0.37554049171670506,0.5473114621869652,0.28269096822019296,0.36721038256728605,0.5432762735153729,0.4232059156413045,1.9644954634745897,-0.6661592004784765
microbispora,19.62751677852349,15.92826341911456,149,46.7038961038961,31.99106060413393,154,19.157798742138365,28.15342840933845,159,21.98589743589744,21.10093240171322,156,10.174213836477984,6.777543091640793,159,10.036708860759497,35.565016007612094,158,71.32767295597483,130.01421631710355,159,0.0348837209302325,0.0235556614436214,129,,,0,4.589910982869195,8.4968968125,0.4851957753528522,Actinobacteria,Bacteria,0.38117338277366203,0.6183241107199089,0.3456545063918649,0.30765877337241093,0.44024628270238025,0.4186114111920454,-0.9013255064101776,1.933530561653066
microbulbifer,16.79615384615385,15.862496165969109,26,35.22,28.73656207690823,25,15.487692307692308,6.410479113259669,26,26.98846153846154,38.18579135671359,26,8.534615384615385,8.599206582362925,26,4.43846153846154,3.7965328312108064,26,130.9153846153846,294.91417014759764,26,0.0219047619047619,0.0098076743517755,21,,,0,7.390940431165881,4.194324157894737,0.1617960429925835,Proteobacteria,Bacteria,0.3791130395393486,0.5281523248451193,0.06768055515109905,0.6126285260645782,0.6193497980184121,0.4413848487237114,-0.20657306957285243,-0.26395749424460646
micrococcus,14.038709677419355,9.500129031381798,31,39.54838709677419,36.432246439729205,31,17.63258064516129,14.673421088880836,31,16.364516129032257,9.915998802847067,31,8.290322580645162,5.793464987305938,31,3.661290322580645,2.4632874266387508,31,45.93225806451613,24.663013969596584,31,0.0378260869565217,0.0229538116737881,23,,,0,15.636982914837432,2.4940872681388013,0.2772391363815261,Actinobacteria,Bacteria,0.17979408591094798,0.7413752213126138,0.17331859893988835,0.10800442196635635,0.34349304110228607,0.30919707384641854,1.838731421345197,-1.1323333608174064
micromonospora,16.894535519125682,15.501196304585008,549,39.656474820143885,30.144564797488705,556,17.501598579040852,23.734715769760435,563,20.361290322580643,21.182356224183383,558,9.60621669626998,7.5085962884830755,563,9.17906976744186,30.43592497168799,559,68.3259325044405,128.6721781624535,563,0.0301301518438177,0.0207150539090574,461,,,0,6.997251297625287,6.716923260416667,0.4442746620943624,Actinobacteria,Bacteria,0.36779431039439237,0.5671635945596989,0.28916322753658424,0.3091122125297011,0.5121224541820928,0.40907115984049386,-0.3042216269809257,1.0244301386003072
modestobacter,16.180050505050502,13.740743480243268,396,35.917369727047145,28.550979037674487,403,15.44341463414634,14.39158914746792,410,20.429382716049385,24.47008379339231,405,8.998048780487805,7.667296064863407,410,5.595049504950494,16.48537438106565,404,74.30512195121953,164.20924080537466,410,0.0271951219512195,0.017010476372139,328,,,0,6.948130908508307,4.893402333333333,0.6657653356434647,Actinobacteria,Bacteria,0.31264319958338155,0.5230104100659958,0.16971550272356536,0.36779911573105356,0.5277256037068814,0.3801787663621755,-0.31640518687108404,0.09308840921521373
mucilaginibacter,16.1738,15.154972779913525,500,41.652652259332015,30.17982029421387,509,19.613502935420744,25.857679787248767,511,18.902366863905325,18.01072787250854,507,9.439726027397262,6.886793778838075,511,10.377029702970296,33.374271692444474,505,62.87945205479453,103.88345292990768,511,0.0301594533029612,0.0216810018402363,439,,,0,6.806534400417924,5.142117550724637,0.3753880365366784,Bacteroidetes,Bacteria,0.3569478896834736,0.5681404120555485,0.31630437974400943,0.25249771447681263,0.4509876639878825,0.38897561198954533,-0.3515260311389911,0.22011676257779655
mycetocola,16.22,9.80598140513378,130,38.416428571428575,29.374857380861283,140,13.898888888888887,8.850945989590317,144,19.546762589928058,18.474695981724327,139,8.859027777777776,7.076983407714699,144,4.121527777777778,2.2731070875325763,144,59.41736111111111,99.7708663909468,144,0.0316346153846153,0.0187528937274119,104,,,0,8.177879827691509,3.5461514,0.4396014803251473,Actinobacteria,Bacteria,0.18937576735300168,0.5458374542103498,0.09888084041360402,0.26077968156224635,0.469686853647193,0.3129121194372789,-0.011384809873569102,-0.5950040582363575
mycobacterium,16.26138888888889,14.955413875513957,720,39.634662998624485,29.86758763797125,727,17.910354223433245,23.19924598635639,734,19.629355281207133,20.358507003546137,729,9.35599455040872,7.234149406227453,734,8.708115543328748,29.20105997638112,727,66.25463215258856,126.4780812897109,734,0.0295915032679738,0.0207785406351836,612,,,0,15.17575065399532,4.678516510898776,0.4555625266464975,Actinobacteria,Bacteria,0.3506961485986309,0.5594894398746434,0.28231748414473895,0.29440626185518054,0.48513920418567247,0.3944097077317733,1.724329826116376,-0.01666198109516465
nakamurella,27.6,11.214704632757831,51,69.08823529411764,22.41222565528755,51,12.306470588235294,3.264489438506066,51,45.725490196078425,35.25942054621576,51,20.660784313725497,8.651082670541822,51,4.46078431372549,2.983627217423286,51,157.36078431372547,253.57281800574083,51,0.0509302325581395,0.0178370872980417,43,,,0,4.680840772619578,4.4863735,0.4316802172124949,Actinobacteria,Bacteria,0.23350796433918863,0.35292511093187634,0.027460474216098093,0.560391947190048,0.6244501855493724,0.3597471364453167,-0.8787717653030999,-0.1147967496091466
nannocystis,19.72008733624454,16.375134604810807,229,46.63389121338911,30.61057209315874,239,18.22312757201646,25.376177041710854,243,25.109663865546214,26.29287238555653,238,11.213580246913578,8.293441894122033,243,10.413991769547328,32.557018795382774,243,87.9037037037037,173.80848402324125,243,0.0333838383838383,0.0217779318613244,198,,,0,2.530713431720171,10.27378275,0.4388854312861249,Proteobacteria,Bacteria,0.39517287309786137,0.5800751720975965,0.3101485809658469,0.4003364277233032,0.589287423270074,0.4550040954309364,-1.4120779076247412,2.8410540221039677
nevskia,15.311671924290218,14.393171158340731,317,39.80857142857143,28.49475909221527,315,19.762902208201893,24.46331597023171,317,16.677917981072554,10.341523378016497,317,8.799369085173502,5.558139166401997,317,9.499047619047618,31.25605519497347,315,49.73911671924291,35.15751332960202,317,0.0288086642599278,0.0201719832977785,277,,,0,6.68246153959976,4.19007275,0.3892325766727226,Proteobacteria,Bacteria,0.33308232221898976,0.5214527344851245,0.29847805754616075,0.11560016067252102,0.32035612147734543,0.3177938792800283,-0.382300403201097,-0.2661288505050139
niastella,16.35471698113208,13.77369630296104,477,40.78659793814433,28.705551443057068,485,17.15202868852459,20.200241896390416,488,20.964049586776856,22.023886640162697,484,9.824180327868854,7.409303030695936,488,8.158178053830229,25.66123524275476,483,71.05245901639344,136.89695398498804,488,0.0295203836930455,0.0198736439268028,417,,,0,2.051352825876699,8.77469725,0.4595472315453532,Bacteroidetes,Bacteria,0.31367553896340605,0.5272931189760505,0.24397654863856075,0.32413377773665497,0.50236007402383,0.38228781166770043,-1.5309759610658034,2.075413846918682
nitratireductor,19.622580645161293,15.923352027288292,31,43.900000000000006,25.768460788890195,29,15.757741935483873,6.146783283245213,31,28.6,34.64168009782435,31,11.30645161290323,9.6127323720113,31,4.522580645161292,3.8147703886708006,31,121.85806451612902,269.9771617182876,31,0.0241379310344827,0.0145202423679374,29,,,0,10.172807763276722,4.620160047619048,0.2721164641637604,Proteobacteria,Bacteria,0.3810195196816772,0.4459156940527257,0.06430932106520386,0.5493650986646911,0.7189982966099503,0.43192158601484965,0.4834264979495244,-0.04646685397845567
nitrobacter,15.015887850467289,13.383227489562566,321,37.5463190184049,28.065407702109127,326,18.839051987767583,20.490182416925528,327,16.72676923076923,14.384213859543213,325,8.412538226299693,5.293130921173936,327,8.196594427244582,25.483223457935026,323,55.56085626911315,91.0011120231429,327,0.0267857142857142,0.0189422006019805,280,,,0,7.702945725974081,3.7647935,0.4249141397527427,Proteobacteria,Bacteria,0.3014430107762135,0.5095567753105179,0.24768330943814024,0.18776337370281287,0.29430086563573915,0.3081494669726847,-0.129184936789757,-0.48333519362064425
nitrosomonas,19.82413793103448,13.510688560697048,58,51.46551724137931,28.10217917331628,58,16.970000000000002,23.064328195022707,58,23.09827586206897,13.102276370845017,58,12.517241379310349,6.374762133327276,58,7.793103448275862,29.66355707378689,58,61.14137931034483,25.476725081358936,58,0.0452941176470588,0.0186925590732216,51,,,0,18.368120012279498,2.885434108910891,0.2389025110981861,Proteobacteria,Bacteria,0.3054360854903039,0.5105755956296099,0.2805926200962143,0.16488041283524987,0.40064539817912836,0.3324260224461012,2.5161481314545986,-0.9324575940736479
nitrosospira,20.7375,7.778592417655009,16,43.94210526315789,29.55646791011465,19,11.407368421052633,4.654525685472705,19,23.15,17.37795256335215,18,12.036842105263156,8.214905864498576,19,4.531578947368422,2.0666808148921483,19,60.43157894736842,36.6017615336806,19,0.0471428571428571,0.0172887564301513,14,,,0,10.715111042548724,3.266415052631579,0.2600816195809464,Proteobacteria,Bacteria,0.12586213429255702,0.5508693033937021,0.04523147035261972,0.2412024892688425,0.5815658659922537,0.308946252659995,0.6179365171170159,-0.7378760865528542
nocardia,15.91906300484653,14.707469815582924,619,38.394568690095845,29.20463200339416,626,17.59611374407583,21.767013105997385,633,19.546496815286623,21.194910853347075,628,9.104265402843602,7.135552199744086,633,8.334664536741213,27.42292231778525,626,68.14233807266983,135.48840686392606,633,0.0288593155893536,0.0200340467040539,526,,,0,6.488347152576545,7.397877898832684,0.4622578458033106,Actinobacteria,Bacteria,0.34292860712571394,0.5411210513117117,0.26400702278878413,0.3093363163494211,0.47544525885962796,0.38656765128705184,-0.43044750265111237,1.3722196600452623
nocardioides,16.93449920508744,15.491338311672855,629,40.48207547169812,30.567340289572904,636,18.07755832037325,24.32935570485454,643,20.384796238244515,21.449747870554987,638,9.524727838258164,7.38145322792407,643,9.391522762951336,31.11871906828962,637,69.56127527216174,134.5070270301501,643,0.029628252788104,0.0209337720670801,538,,,0,10.693574968769331,4.488676625,0.3916372147727358,Actinobacteria,Bacteria,0.3674854811818427,0.5788773565498826,0.2967654350417763,0.3138852319898373,0.499621918704418,0.4113270846935514,0.6125948239951389,-0.11362045577635743
nocardiopsis,16.606741573033705,14.17097544080224,89,37.86451612903226,32.143971796608305,93,14.16414893617021,8.841349992959763,94,24.668817204301074,30.5989093955076,93,10.332978723404254,8.733600771139587,94,5.986170212765956,8.78864860571875,94,101.53191489361704,224.0638768431252,94,0.031917808219178,0.0199065549119557,73,,,0,6.633510823277863,6.331488878048781,0.2105163313963832,Actinobacteria,Bacteria,0.32612141962037594,0.6225607927126372,0.09875815985802874,0.47720045366972447,0.6325632547136465,0.4314408161148826,-0.39444187835418815,0.8275740900036254
nodularia,36.03529411764706,32.52350959645327,17,72.6705882352941,38.34727442573139,17,45.62352941176471,66.20852597486751,17,34.57058823529411,42.97480024249506,17,13.705882352941178,7.967470629710168,17,45.49411764705882,87.88582415973178,17,191.3176470588235,353.13567547632124,17,0.0525,0.03,16,,,0,7.600914777625924,4.867835133333334,0.2922952748567264,Cyanobacteria,Bacteria,0.9010659059968479,0.7944345458301827,0.8321720294332632,0.698113741914716,0.5572383650079287,0.7566049176365877,-0.15449215019331874,0.08003026444161895
nonomuraea,16.36816143497758,13.20096590715033,446,40.00265486725663,29.025165196180048,452,15.44019607843137,15.835108213866912,459,21.573127753303968,24.15232895038432,454,9.778867102396514,7.834129927875919,459,6.540748898678414,19.1223512728354,454,75.8156862745098,156.71142217700594,459,0.0289839572192513,0.0184967139856316,374,,,0,3.826775748170179,10.19134712,0.3606127261635745,Actinobacteria,Bacteria,0.29573315670388645,0.5361485978365098,0.18817025295612347,0.3621270984118516,0.5441284857383202,0.3852615183293383,-1.0906095084994718,2.7989509998315825
nostoc,20.07051282051282,19.79750154100429,78,44.43012048192772,33.0637548770655,83,23.00488095238096,36.88368812067534,84,20.4525,14.977992082900933,80,9.770238095238094,6.751149473958941,84,16.59761904761905,48.54628142346124,84,60.41785714285714,50.400033851380606,84,0.0290410958904109,0.0234025392474147,73,,,0,5.635804330002904,8.69441114893617,0.2245883990106711,Cyanobacteria,Bacteria,0.5023880938207012,0.648045051589516,0.45726699990745434,0.19836248947007526,0.4376512975512791,0.4487427864678052,-0.6419076869956187,2.034408671107527
novosphingobium,16.950802139037435,15.127554219927706,561,40.70701754385965,29.60446019007206,570,18.14369982547993,23.54659254654682,573,20.54340949033392,21.22022926134884,569,9.75305410122164,7.319815422808899,573,9.254320987654324,30.15529789296389,567,70.34240837696335,134.20793398506376,573,0.0306092436974789,0.021112396923321,476,,,0,8.463956388901686,4.371478100775193,0.4489700042625262,Proteobacteria,Bacteria,0.35608892656946817,0.5521990165755518,0.2867581556686998,0.30978825737200694,0.49356177223460246,0.39967922568406583,0.059572097824661004,-0.17347821480273581
oceanicaulis,17.68,17.705918658899222,10,27.425,21.59528718427769,8,11.522,6.001690132324764,10,45.19,43.663802705063,10,9.96,10.844168940034086,10,8.577777777777776,14.254278110253232,9,194.75,337.03163798076883,10,0.02375,0.0140788595317335,8,,,0,9.966067216098464,2.8095335294117647,0.1217587296145015,Proteobacteria,Bacteria,0.4368634073841179,0.3302903485362164,0.0624543695629896,0.7104126383332984,0.8400714911625622,0.47601845099583684,0.4321476729330574,-0.9712229166548987
oceanicella,19.27391304347826,17.560111804030416,46,36.828888888888905,28.20728969467276,45,14.938913043478252,5.564843305475256,46,34.49347826086956,43.03539319714472,46,10.300000000000002,9.641069558001448,46,5.843478260869565,7.085780821834137,46,172.71086956521737,340.161350099404,46,0.022,0.0115809173668938,35,,,0,9.319871830717457,3.326226,0.2393295373043341,Proteobacteria,Bacteria,0.4322955996594881,0.5134878733109962,0.056869476874662,0.6991953439603089,0.7217843707948085,0.48472653292005274,0.27186880869637664,-0.7073283531372779
oceanobacillus,17.228327645051195,16.722930987831887,293,42.03234323432343,30.48605169257459,303,20.658163934426227,29.675211155846725,305,20.46146179401993,20.97049458618868,301,9.460983606557376,6.56535106111253,305,12.992052980132453,38.77708338402039,302,72.15672131147541,132.83698295974062,305,0.0296124031007751,0.0222263944041857,258,,,0,10.14705778936537,4.04058012195122,0.3157481764670918,Firmicutes,Bacteria,0.4060685679977441,0.5766251084995992,0.3651098230196427,0.30533042003645416,0.41938384637249954,0.4145035531851879,0.47703961146595364,-0.34248044081002066
ochrobactrum,18.496428571428574,17.217056188835645,28,51.31428571428571,29.288813618421,28,21.78964285714286,32.17765609424616,28,19.25,13.157999960592909,28,11.107142857142858,6.294908499404341,28,14.84642857142857,42.79920804167653,28,61.18928571428573,46.62536536872602,28,0.0342307692307692,0.0223021213202828,26,,,0,9.940775428605296,4.828597159722222,0.4490823481707068,Proteobacteria,Bacteria,0.4215484225773526,0.5434534556748702,0.3971024702827624,0.16587509528649486,0.3927942958107719,0.38415474792645044,0.425874432570113,0.059989933860389824
opitutus,16.578000000000003,15.047190489619693,700,40.547740112994354,29.81272727807663,708,18.14794117647059,23.446377647465265,714,19.98645980253879,20.52295015514994,709,9.54873949579832,7.23986198034567,714,8.900141242937853,29.56676117393746,708,67.49523809523811,127.99137924494435,714,0.0298336106489184,0.0210152072344802,601,,,0,6.743419460056134,3.8556106666666654,0.4208105596711765,Verrucomicrobia,Bacteria,0.3535713078442627,0.5579694340783438,0.28547695268691675,0.29734162043253975,0.48570085682420144,0.39601203437325283,-0.36718072503871463,-0.4369514007038981
orenia,20.68,26.823903104838752,10,42.266666666666666,45.30262133696018,9,26.053636363636368,52.72168553313281,11,14.890909090909089,13.884844582886371,11,5.263636363636365,3.937835122823892,11,24.80909090909091,67.97482555395717,11,45.36363636363637,34.40483316998566,11,0.03,0.0312249899919919,9,,,0,5.812291517066209,3.785082,0.2202871893931195,Firmicutes,Bacteria,0.7225097840424153,0.9871450501114173,0.6597487635601804,0.17884948537600695,0.16104999739699766,0.5418606160974035,-0.5981327444089359,-0.47297308239066665
orientia,17.449180327868852,15.98747033305373,61,46.25573770491803,30.16120314018305,61,22.350327868852457,30.83471263404353,61,21.38524590163934,18.67929188580743,61,10.544262295081964,7.376551240025471,61,15.188524590163931,41.1130356389984,61,68.41475409836066,63.75025708723476,61,0.03125,0.0232036439144607,56,,,0,2.9903106459295272,2.0064805,0.2776961907902944,Proteobacteria,Bacteria,0.3830282050252371,0.567624590028646,0.379933534512269,0.26443177857015243,0.4991399618176783,0.41883161399079655,-1.2980818606607338,-1.3813727460821712
ornithinimicrobium,17.83953488372093,7.795790669295093,43,48.483720930232565,24.00794442156257,43,15.130888888888885,6.992946713465914,45,20.997727272727275,8.891660284871687,44,9.555555555555555,5.093603633950916,45,4.277777777777779,1.4606799302331288,45,50.98222222222222,22.604387032859645,45,0.0293939393939393,0.0151944467527189,33,,,0,6.789944599031365,3.6819151666666654,0.2686339160414247,Actinobacteria,Bacteria,0.12640091764922698,0.397137394239189,0.07512714476018471,0.08971967842104411,0.27468360991034263,0.19261374899599745,-0.3556408771813873,-0.5256643213804677
oscillochloris,23.573809523809523,10.543893378282522,42,56.40476190476191,23.04822042102328,42,13.589523809523811,5.272417389923299,42,32.18333333333334,24.24833830531704,42,16.485714285714288,8.577894773523665,42,4.088095238095239,2.020046169594607,42,84.85952380952382,85.96520867308318,42,0.042,0.019523741203679,35,,,0,5.025251281574076,4.775880578947368,0.254509917191374,Chloroflexi,Bacteria,0.21249292473273154,0.3705464997122536,0.053130941403494995,0.3638408936095226,0.6172544495084952,0.32345314179329954,-0.7933460156687903,0.03306556420994053
owenweeksia,23.803225806451607,22.913191016980704,31,47.74137931034482,35.2147545907493,29,24.2434375,42.24046405913945,32,26.777419354838717,27.77876538746121,31,9.746875,8.347492742173854,32,18.38125,55.484304304853175,32,94.3625,191.52769487263663,32,0.0307142857142857,0.0260950643025147,28,,,0,6.430833635073407,3.887520875,0.3316010767743216,Bacteroidetes,Bacteria,0.5999957849592165,0.7076424009127525,0.525751001468129,0.4268600544334472,0.5946016302798749,0.570970174410684,-0.4447128494366272,-0.4206536395031306
paenibacillus,16.28312757201646,14.90456925611577,729,39.741224489795925,29.87740666484113,735,17.8478465679677,23.07549773884768,743,19.694850948509483,20.305188475224465,738,9.383176312247643,7.247323114317419,743,8.63383152173913,29.02889640789005,736,66.19394347240915,125.75120949055096,743,0.0296612903225806,0.0207776470144425,620,,,0,8.288189003971334,6.515295437172775,0.3837071658371461,Firmicutes,Bacteria,0.34910329862287454,0.55976149382735,0.28073541775389654,0.29345451045711524,0.4864344255263191,0.39389782923751104,0.015975691128135922,0.9214511144481282
paludibacter,27.689361702127663,33.080916829486014,47,61.16170212765957,43.27365175450544,47,47.80680851063831,67.05045673437745,47,27.21489361702127,22.24460832302871,47,12.455319148936168,5.958034710650905,47,58.01063829787235,85.88124063532142,47,113.31702127659578,94.21533688300327,47,0.0487234042553191,0.0339831813438069,47,,,0,4.970888478195894,3.621083047619048,0.1856745128022809,Bacteroidetes,Bacteria,0.9185282473051657,0.9309287669559506,0.842935740312832,0.32807372463435797,0.35967331595315116,0.6760279590322915,-0.8068298760913458,-0.5567336061440853
panacagrimonas,16.91893203883495,11.22489744970235,206,42.6837962962963,29.504217537461432,216,13.924285714285713,7.262669553794875,217,21.199065420560743,18.450082358313846,214,10.641935483870968,7.886377256799166,217,5.493981481481482,6.154885439368347,216,59.65806451612903,84.8963209839327,217,0.032191011235955,0.0192288486215531,178,,,0,3.8931230206481975,5.394127,0.4649797924573763,Proteobacteria,Bacteria,0.23382728285145477,0.5494216120288575,0.07857543149650366,0.26034032115171424,0.5492653731621973,0.33428600413814546,-1.074153084144618,0.34882760588295564
pandoraea,17.50909090909091,10.123004853931825,33,41.67272727272727,24.404562492586205,33,15.79060606060606,6.153529952085399,33,20.47272727272727,7.801653379543689,33,10.36969696969697,5.897535759137289,33,5.545454545454546,3.104944736735554,33,50.27575757575757,15.347720317343352,33,0.0259259259259259,0.0139392250251581,27,,,0,8.142476140435855,5.526574376623376,0.5571930021000934,Proteobacteria,Bacteria,0.1993074139797083,0.4081264174251672,0.06439557423029577,0.07026273486498728,0.35372514004458777,0.21916345610894927,-0.020166152036483313,0.41647353577871743
paracoccus,21.201136363636365,17.053064539492244,88,50.36896551724136,30.194953029476387,87,20.291978021978025,30.96283188382772,91,23.355555555555554,18.83009252551221,90,11.062637362637362,6.999280095547103,91,13.134444444444444,41.12442933209088,90,75.61208791208792,121.11092512895848,91,0.0398666666666666,0.0233361645643961,75,,,0,13.209087699075178,4.0880945929203545,0.2549444193895421,Proteobacteria,Bacteria,0.4164109252812236,0.5685596919391854,0.3815714822261487,0.2671236143012942,0.4620471680346771,0.4191425763565058,1.236529213666785,-0.31821298716802077
paracraurococcus,19.78196721311475,11.369835944238908,61,49.246875,33.20539241324307,64,14.04734375,9.208358046454665,64,31.86393442622951,29.543634581112315,61,12.853125,10.786440175825696,64,4.5734375,2.398362019584226,64,88.6953125,148.08397706501827,64,0.0261363636363636,0.0152827473925565,44,,,0,3.377849162990089,7.105113,0.4746397568898605,Proteobacteria,Bacteria,0.2383678867588362,0.6519693764823355,0.10345019484270117,0.45836348814275935,0.8343956763607437,0.4573093245174752,-1.201958869429822,1.2226934532809661
parapedobacter,22.47058823529412,12.72403064607882,17,55.46470588235295,22.972373113602963,17,14.735882352941177,5.541167587728611,17,30.847058823529416,31.08701733937857,17,13.876470588235293,7.038423954601335,17,4.729411764705882,2.943799565587464,17,125.06470588235295,258.7758850365903,17,0.0433333333333333,0.01988059594776,15,,,0,4.549390026315377,5.715051875,0.276063403601492,Bacteroidetes,Bacteria,0.2807918250934421,0.36844501246109346,0.056566793337075726,0.48591332389718656,0.46589573984574684,0.3315225389269089,-0.9113761088148983,0.5127361871588841
parvibaculum,17.793798449612403,19.737506934522152,129,49.41782945736434,29.823259194828758,129,24.801,35.927838677208285,130,20.82790697674419,23.199797873392757,129,9.652307692307692,5.713932589821623,130,18.04,47.50135632498486,130,83.82076923076923,169.07313114100157,130,0.0309677419354838,0.0244090931623039,124,,,0,10.541325059539762,3.6048599,0.526575046022981,Proteobacteria,Bacteria,0.5005085948961011,0.5582612399385337,0.4450468892419826,0.34512413878854725,0.3356735222704595,0.43692287702712485,0.5748315668077404,-0.5650193867650736
paucisalibacillus,18.5764705882353,23.32169452021267,51,43.630188679245286,38.8958203454861,53,26.32471698113208,45.76543533664873,53,14.80188679245283,8.142516398179982,53,8.784905660377362,4.688094422881429,53,20.494339622641515,60.30682897641137,53,48.68679245283019,27.043597548402133,53,0.033469387755102,0.0271991896637996,49,,,0,10.07589175665406,3.57288475,0.3723068176472497,Firmicutes,Bacteria,0.6127933002700038,0.8096330056865392,0.5708161938979424,0.07634723990943726,0.23481448722908113,0.46088084539860075,0.45938796746903204,-0.5813503161534078
pedobacter,16.968173258003766,15.620311651522185,531,41.71574074074074,29.778215948749505,540,18.302036697247708,24.82264170568175,545,20.965,22.642195840234496,540,9.723119266055049,7.453476870439455,545,10.011317254174395,32.34688613584634,539,73.6640366972477,145.05706391795837,545,0.029890590809628,0.0208742333371392,457,,,0,4.124834518922526,5.5759812653061225,0.3708238358177625,Bacteroidetes,Bacteria,0.3715259319450468,0.5570132350902949,0.3030718775061583,0.3351707786466332,0.5067031868014457,0.41469700199791576,-1.016680597317601,0.4417075193683245
pelomonas,15.438645418326692,14.855539251903288,502,38.51039215686274,30.5919200049704,510,17.641796874999997,23.689158210577737,512,18.92307692307692,20.42074141263968,507,8.940234375,6.948427742004737,512,9.44055118110236,30.31587435585357,508,65.3373046875,132.35903728288076,512,0.0292378752886836,0.0206855032238352,433,,,0,5.757982455591971,4.8628144,0.4523122872914463,Proteobacteria,Bacteria,0.3475672965454556,0.5795583821564837,0.28858079437342626,0.29551716434493425,0.4570474327224648,0.39365421402855294,-0.6116032749756598,0.07746598431957644
pelosinus,17.97787610619469,16.382725068889783,339,49.34840579710144,30.099595416773543,345,21.761797101449275,30.86702774796427,345,21.157558139534885,16.247933293006408,344,11.024057971014493,7.23413466941515,345,13.42069970845481,40.10246317528826,343,63.12434782608696,49.68736548843168,345,0.0336451612903225,0.0244009766729789,310,,,0,5.063873295657683,5.1344096666666665,0.6549004721939029,Firmicutes,Bacteria,0.39541066562472627,0.5659176362853757,0.38034666889339747,0.22103131323968012,0.48513775528201847,0.40956880786503963,-0.7837664168479108,0.21618005202963064
perlucidibaca,14.391525423728812,9.19370639558038,59,36.69830508474577,29.40117574194554,59,14.425999999999998,8.095579082311907,60,18.30169491525424,11.551944029938674,59,9.27,6.259401065191082,60,4.622033898305085,5.819825444609799,59,50.333333333333336,37.17626665306627,60,0.0283333333333333,0.0141921964373493,48,,,0,9.055990168548748,1.9876346666666669,0.2885417075658541,Proteobacteria,Bacteria,0.17019453941449186,0.5465666521498824,0.08922380994393522,0.1372065249885787,0.3893032524211245,0.26649895578360255,0.20641700563165727,-1.3909980323882865
phaeospirillum,22.64305555555556,16.342012102130077,72,52.39729729729731,29.18904829795827,74,18.003783783783785,28.335957634706784,74,26.19305555555556,22.1174415044122,72,12.764864864864863,7.627840722712909,74,10.56891891891892,36.81651626713384,74,78.00675675675674,134.3379630256661,74,0.0433870967741935,0.0217996501992613,62,,,0,8.44706841674907,4.735370666666667,0.1123246454305285,Proteobacteria,Bacteria,0.39413521801819973,0.54068927648129,0.34798806148145445,0.32580375955438423,0.5238464072948427,0.42649254456603425,0.05538329509236378,0.012375606008532831
phenylobacterium,16.222829131652663,15.021898829349317,714,39.47586685159501,29.923127902158114,721,17.884615384615383,23.29508635463763,728,19.630705394190876,20.434766771168068,723,9.356593406593406,7.269915808450929,728,8.719278779472955,29.321695656045968,721,66.3162087912088,126.99456870154825,728,0.0297034596375617,0.0208778714447608,607,,,0,10.245288281634032,3.318598663636364,0.4718250888169453,Proteobacteria,Bacteria,0.3527789758153215,0.5610282836528142,0.2835427606928616,0.2957675211159844,0.48865570896334265,0.3963546500480649,0.5014041799701812,-0.7112239249039661
phycicoccus,18.02357723577236,15.62664120754938,369,44.36447368421052,30.13569445354122,380,18.839843342036552,25.31413271590872,383,21.897089947089945,21.359588184800025,378,10.354308093994778,7.436395285838293,383,10.82981530343008,32.97928534906584,379,73.27075718015666,130.59961186411962,383,0.0308641975308641,0.0216042382531659,324,,,0,6.609452226728232,3.782461714285714,0.4007109708544655,Actinobacteria,Bacteria,0.3717242229989244,0.566917825588419,0.3093553718128274,0.3122758551059007,0.5050237482746167,0.41305940475613756,-0.40040924459873317,-0.47431136230420146
phyllobacterium,18.048863636363635,15.306054781915975,176,46.27712765957447,29.27058274386477,188,19.82478723404255,28.014986716098075,188,18.39513513513513,12.302020340795035,185,9.693617021276594,5.862612593322867,188,11.322872340425532,36.35411043769653,188,52.688297872340414,30.793520939422088,188,0.0324,0.0229583807861562,150,,,0,7.595442667161358,5.266315836065574,0.2839208690521469,Proteobacteria,Bacteria,0.36168095615294976,0.5429483362215836,0.34388459082234146,0.1505956075455153,0.3502915411416158,0.3498802063768012,-0.15584942334951918,0.28354956674149945
pigmentiphaga,18.756521739130434,14.389574191428595,46,45.99245283018868,32.66014890597151,53,18.58905660377358,25.361054126368263,53,20.076,12.748790418814528,50,9.971698113207545,6.016144221320424,53,10.735849056603772,31.654165446756355,53,58.6433962264151,47.265361806563696,53,0.0402380952380952,0.0231103498340921,42,,,0,5.165067023290632,6.195466555555556,0.4784819475899216,Proteobacteria,Bacteria,0.33296963716545586,0.6368624159549263,0.30995524120890705,0.15857058472049437,0.3653865652372325,0.3607488888574032,-0.7586668632147292,0.7581022988197189
pirellula,16.409630818619583,14.733469248667406,623,39.46576862123614,28.663640499249016,631,17.173437990580847,21.44282026307622,637,20.320727848101267,21.468628882483465,632,9.532967032967033,7.35377878435902,637,8.296835443037976,27.29373861283475,632,68.9574568288854,135.10842941804714,637,0.0290960451977401,0.0196654136433483,531,,,0,4.452790953709898,6.288191,0.455247813853673,Planctomycetes,Bacteria,0.34374311211854264,0.5261319002447298,0.2598623612581138,0.3142222636009014,0.4969010044674253,0.38817212833794257,-0.9353360286685413,0.8054602112859542
planifilum,28.26129032258064,23.87824222200837,31,53.7611111111111,37.73257234635634,36,25.462777777777777,39.60930046708808,36,28.97714285714286,38.28014449012535,35,12.261111111111113,8.738822339023484,36,17.552777777777774,52.24377740724514,36,144.78055555555557,301.32961147880616,36,0.0459259259259259,0.0213504205073449,27,,,0,8.426171188382453,3.204302333333333,0.4608259233496968,Firmicutes,Bacteria,0.6302287143571863,0.777403109553748,0.49211274337886113,0.6143127572214233,0.6330766322766433,0.6294267913575725,0.0502000577866359,-0.7695994227366432
planococcus,19.448275862068964,9.22611281285179,29,43.03939393939394,28.488703236918525,33,14.842121212121214,6.342340241176634,33,22.609375,14.814865232422424,32,10.606060606060606,6.744763681643126,33,7.2,9.96183341559173,33,63.5,57.67165139823898,33,0.0352173913043478,0.0162003269376076,23,,,0,10.575950492676943,3.5930576666666667,0.199052219660709,Firmicutes,Bacteria,0.17120976111496072,0.5212849460278435,0.06680942993031651,0.19545062725459456,0.4370234550009586,0.27835564386573475,0.5834198749610991,-0.571047237742827
pleomorphomonas,19.59512195121951,22.734422702363837,41,49.34878048780487,37.06147003257709,41,26.370975609756098,45.14680281065748,41,17.841463414634145,12.874917001863665,41,9.81219512195122,5.935831665485099,41,20.61951219512195,59.45969735674827,41,55.8609756097561,31.138415807879344,41,0.0364705882352941,0.027289952967655,34,,,0,8.482286245093594,4.8336025,0.2264476775526691,Proteobacteria,Bacteria,0.5943953672754202,0.7588090024641486,0.5629072517726506,0.1608219812899197,0.3574903422809171,0.4868847890166113,0.06411853780013141,0.06254635216150695
polaromonas,21.071052631578947,24.56665746615018,114,50.55901639344263,35.659229107092685,122,29.354344262295086,46.64309304608022,122,21.691666666666663,21.03884995152808,120,10.342622950819674,6.717953225693776,122,27.272131147540986,61.68121626596522,122,79.11311475409835,117.12531817314428,122,0.0350925925925925,0.0280685199783742,108,,,0,11.116891219209752,3.7780346296296297,0.2816091839454802,Proteobacteria,Bacteria,0.6517952481993244,0.7199573737355185,0.5820366579667975,0.30655058339382496,0.43438748686951706,0.5389454700329965,0.7175919337988806,-0.4765724433910672
pontibacillus,18.589473684210528,11.21843199267478,19,37.80526315789474,22.15329104430236,19,14.087894736842106,4.09552544308673,19,28.757894736842104,19.36994567162328,19,11.626315789473685,8.653120317438685,19,6.26842105263158,9.85060926663811,19,75.08421052631579,57.33160136102849,19,0.0305882352941176,0.0156007164239715,17,,,0,7.366423152667969,4.344035,0.4007653730656837,Firmicutes,Bacteria,0.23362473431846317,0.3457508577859602,0.038084900491989156,0.27676015159394746,0.6246505242639921,0.3037742336908704,-0.21265420484667183,-0.1874944536931437
pontibacter,19.642941176470583,13.68581015440146,170,47.65730337078652,28.116797913178114,178,16.685384615384613,22.352167991934284,182,23.836871508379883,18.549801877866948,179,11.665384615384612,7.221067980529647,182,8.849171270718232,29.41271572860307,181,70.95824175824174,93.7072413765034,182,0.0380136986301369,0.0212252245189765,146,,,0,5.945485046182533,4.877650818181818,0.2490263127528476,Bacteroidetes,Bacteria,0.31092225943728485,0.5109806343382015,0.2714879681525786,0.26212034387808214,0.48385305592626277,0.367872852346482,-0.5650961303237818,0.08504350929453564
promicromonospora,20.554237288135592,13.223996637061385,177,47.046276595744686,30.28201204414598,188,14.071315789473685,6.776282936009233,190,28.38387096774193,30.867172417354983,186,12.124736842105262,9.440354035835515,190,4.615263157894736,2.931353712274615,190,102.90894736842108,218.5412074129509,190,0.0337241379310344,0.0193629380943985,145,,,0,3.60752602078456,4.989569,0.5391894758426616,Actinobacteria,Bacteria,0.2964546587628001,0.570971819879507,0.07235719458046162,0.48198902743815497,0.7020502894007961,0.42476459801234395,-1.1449910439987532,0.14220439593755332
propionibacterium,15.38798586572438,15.08051431106792,283,35.34710144927536,29.744089569108095,276,16.15332155477032,21.313120478498394,283,17.80671378091873,18.35056159341383,283,8.569964664310955,6.99421612610056,283,7.692142857142856,27.14737046180111,280,58.157597173144886,116.05789780291948,283,0.028875,0.0200205177182587,240,,,0,10.91302829267148,2.6573742156862745,0.3005470105489847,Actinobacteria,Bacteria,0.35461526979764524,0.5560677018316487,0.2582042071087741,0.25856384625430745,0.46154928533902656,0.3778000620662804,0.6670268584908076,-1.0489364851050351
propionicimonas,21.83239436619718,25.066356363220564,71,49.36857142857144,36.76699269117335,70,28.584084507042256,47.89397664417474,71,23.70281690140845,25.277550581104204,71,10.583098591549296,7.525100586237899,71,26.48169014084508,63.08981196869647,71,95.28028169014084,146.87512540514362,71,0.0369491525423728,0.0287830312371797,59,,,0,10.169083712943507,2.9501183043478263,0.2095538845885627,Actinobacteria,Bacteria,0.6674497144045028,0.7506499734918199,0.5980286492817618,0.3822126351639174,0.5137451346391402,0.5824172213962285,0.4825028043248539,-0.899420906889325
propionivibrio,20.503571428571423,24.933523407269597,84,50.63214285714286,36.2545656807834,84,30.64190476190477,50.262560558715386,84,23.18095238095238,19.609737415163952,84,11.395238095238094,6.880965622238995,84,31.571428571428577,66.03818641819652,84,84.8607142857143,79.61299769442982,84,0.0392207792207792,0.0293242415330744,77,,,0,12.50354681576578,3.5190015,0.2815523833214434,Proteobacteria,Bacteria,0.6632883503669603,0.736452253544861,0.6283099427992389,0.2810405046783853,0.45041464743459264,0.5519011397648076,1.061530607969997,-0.608870548301309
prosthecobacter,19.946413502109703,17.496005530982092,237,49.44016064257028,31.813415104626085,249,21.33328,30.775598944670644,250,23.67317073170732,21.97218119896428,246,11.241599999999998,7.847591235071504,250,13.846184738955822,40.23555535618432,249,77.4664,127.66219886527284,250,0.0359813084112149,0.0240640699215826,214,,,0,5.284773074921943,6.055132272727272,0.3600710647625774,Verrucomicrobia,Bacteria,0.4302872912744617,0.6134021198788508,0.3791777922445738,0.3232108204177416,0.5454519834379543,0.4583060014507165,-0.7289756112624867,0.6864282249332405
pseudochrobactrum,10.9125,3.761006071075486,16,36.41875,13.726869939404734,16,16.214375,2.7012712285144564,16,26.18125,24.42188141128088,16,11.08125,7.176556161093798,16,15.425,17.737775132937802,16,98.83125,106.0018975852162,16,0.03125,0.0192786583212283,16,,,0,9.068267704926132,4.080161857142857,0.2992682587081297,Proteobacteria,Bacteria,0.0,0.11228157420654829,0.020259979512725273,0.3669386890462085,0.47947671343783044,0.1957913912406625,0.20946226041172883,-0.32226453807047567
pseudoclavibacter,18.672727272727272,9.583924130104627,22,51.452173913043474,24.725711122510397,23,15.15304347826087,6.05897488687995,23,20.97391304347826,8.914503881127672,23,11.978260869565217,5.468501250695089,23,5.173913043478263,2.2318393130706315,23,54.80869565217391,15.950802574378455,23,0.0427777777777777,0.0177583635823851,18,,,0,10.651231275719802,3.943206086956522,0.3906014684135453,Actinobacteria,Bacteria,0.18241920185338192,0.41702442283191477,0.06318672971122552,0.0901274433267502,0.3115430416245209,0.21286016786955866,0.6020921197309114,-0.39221307661487553
pseudofulvimonas,24.264705882352946,24.86835190499339,17,47.04444444444445,36.8013782066446,18,24.15833333333333,40.33942215019651,18,24.52777777777778,32.6645662590044,18,10.883333333333336,9.562380333737975,18,17.094444444444445,53.12235014537027,18,109.0,255.5560557824033,18,0.0353333333333333,0.0261497518881063,15,,,0,6.265603488688023,3.511234,0.3301198532741041,Proteobacteria,Bacteria,0.6612466706956525,0.7516026865787455,0.5014470248683005,0.514073035671528,0.7140477516250997,0.6284834338878653,-0.48569565556529537,-0.6128377069862218
pseudogulbenkiania,16.388571428571428,11.26374899435652,70,33.02352941176471,26.116210541136567,68,11.90157142857143,5.93099757860621,70,20.968571428571423,12.796303166977596,70,11.442857142857145,7.0899923637777285,70,3.844285714285714,5.414650970706751,70,54.11142857142856,37.75734708370242,70,0.0363829787234042,0.0196076218448995,47,,,0,6.307098218571789,4.280891,0.3459635149321091,Proteobacteria,Bacteria,0.23504441620190525,0.4555507318120764,0.06155059665652421,0.15941870123671387,0.47096587678914376,0.2765060645392727,-0.4754035236063887,-0.21974450428858996
pseudomonas,16.896564885496183,15.413658479366124,524,42.45420560747664,29.559801888890515,535,18.908826815642456,25.228024372372303,537,20.02251407129456,18.925657378315805,533,9.832029795158286,7.074951754426938,537,10.083707865168538,32.48391341693377,534,65.21657355679703,111.52432037231269,537,0.031216814159292,0.0220375990042531,452,,,0,9.759396394448476,6.660247967484395,0.2734325873134264,Proteobacteria,Bacteria,0.3650519430715947,0.5509616773240552,0.3082545148793142,0.26882947500534443,0.46948710421619516,0.3925169428993007,0.38088614226553236,0.9954839035727904
pseudonocardia,16.044018404907977,14.299591621454349,652,38.29013657056146,29.353960961775734,659,16.890795795795796,20.209878314107183,666,19.974583963691376,21.22871172566053,661,9.325525525525524,7.351186909032306,666,7.679666160849772,25.32479855345113,659,67.65885885885886,132.46081181150717,666,0.0290827338129496,0.0196102654788873,556,,,0,8.473620021261869,6.608745714285715,0.3774455221989812,Actinobacteria,Bacteria,0.33015068137232645,0.5452584810101566,0.24409974595977324,0.3099396718525227,0.49664617475565925,0.3852189509900876,0.061969013763913346,0.9691797373584722
pseudoxanthomonas,22.053846153846152,17.927666750107925,143,51.985333333333344,31.977572649791707,150,20.654671052631578,33.566783603444655,152,25.225333333333328,20.49101681279803,150,12.530921052631578,7.944928271467223,152,15.729139072847682,44.61836630716694,151,78.63947368421051,103.2249502399446,152,0.0399999999999999,0.0243997712532167,130,,,0,9.148657551779795,3.060558321428572,0.4508215042705094,Proteobacteria,Bacteria,0.44381028683540574,0.6179504024755629,0.41486184861046643,0.296771600888021,0.5550220305282689,0.465683233867545,0.22940173017793386,-0.8430149753896419
psychrobacter,26.114851485148517,24.25067168611465,101,58.83571428571429,33.072620033439875,98,28.765643564356434,46.026502809052126,101,29.546534653465358,32.56040713614138,101,13.294059405940592,7.300203035288515,101,25.453,61.16768384093553,100,132.63366336633666,256.6043313263545,101,0.0412371134020618,0.0260311404843139,97,,,0,13.112072582123783,3.126889341346154,0.1061653760551755,Proteobacteria,Bacteria,0.6418961094502021,0.6482906768296718,0.5741538255989692,0.512213764721511,0.4916335085533401,0.5736375770307388,1.2124661003878343,-0.8091371920944823
pullulanibacillus,14.703906249999998,15.19385819131942,384,36.52109375,29.855970146183125,384,19.462046632124352,26.6532916455112,386,15.97974025974026,11.667396030849924,385,8.232124352331606,5.4255149155432285,386,10.551181102362206,34.87036639538929,381,51.29585492227979,44.1556689413355,386,0.028803680981595,0.020383510347852,326,,,0,4.603766933641303,4.561482,0.462835386134077,Firmicutes,Bacteria,0.3581660840046875,0.5591675561886754,0.32647592404021497,0.139267377130142,0.30731668270836376,0.3380787248144167,-0.8978887501242078,-0.0764359722566181
pusillimonas,22.793333333333333,20.64874128982037,90,57.59782608695653,32.02699403425992,92,25.41239130434782,42.36657573221808,92,25.37717391304347,16.823780286673294,92,13.173913043478262,6.372845372845761,92,21.89673913043478,56.05919644209501,92,77.38260869565217,59.68349415406748,92,0.0477380952380952,0.0246102726360301,84,,,0,8.705563163183303,4.13528675,0.3224627271266965,Proteobacteria,Bacteria,0.5290555608863108,0.6193197115905074,0.5273632832053436,0.23131035128791166,0.4004569448550065,0.4615011703650159,0.11949895624831433,-0.29411015153000614
rahnella,24.321052631578947,29.085272189227997,38,58.281578947368416,38.01030340588078,38,38.72605263157895,57.909544726958806,38,19.14473684210526,13.496700244742929,38,10.507894736842106,5.739685535173007,38,37.06315789473685,76.47380198315092,38,68.30263157894738,56.00810021938722,38,0.0413157894736842,0.0327291136312857,38,,,0,9.168591687555962,5.453400228070175,0.3558496854281847,Proteobacteria,Bacteria,0.7933534983602806,0.7850981524061915,0.7260732395524331,0.17192099488485044,0.3382055173758486,0.5629302805159209,0.23434608712325605,0.3791007055316724
ralstonia,17.69367088607595,17.169350130129974,158,37.24025974025974,34.05598911650249,154,20.864088050314468,28.14301847489487,159,19.999371069182395,16.9745285606142,159,9.61006289308176,7.031774133486787,159,10.038216560509554,35.99462127737308,157,60.78679245283018,93.25693995501412,159,0.029763779527559,0.0219835640960173,127,,,0,7.858392782036095,5.4718568023598815,0.4481516939537776,Proteobacteria,Bacteria,0.42005389679759086,0.6755367012638567,0.3455214200027999,0.2340012522747807,0.46524193833745286,0.4280710417352962,-0.09062867631775587,0.3885271823887234
ramlibacter,16.066814814814816,14.748200949071771,675,38.79632892804699,29.810691943503603,681,17.4266908563135,22.045350728508588,689,19.7343567251462,20.91636075698141,684,9.310449927431058,7.285498973403065,689,8.226354319180087,27.62834899279764,683,67.08795355587809,130.37730437892216,689,0.0296153846153846,0.0206002475889846,572,,,0,7.494340828010042,4.536756571428572,0.4324390315023023,Proteobacteria,Bacteria,0.34420462385586487,0.5579130414415774,0.2675654456896899,0.30436411527800666,0.4901878248765681,0.39284701022834134,-0.18092618545276157,-0.08906419223670568
rathayibacter,15.645669291338583,14.761413426031002,127,33.77279411764706,32.36243470882907,136,19.580808823529413,26.742494331020477,136,17.31679389312977,13.74932251573904,131,7.865441176470587,6.260225752366143,136,10.670454545454549,34.487153795160424,132,53.725,49.66327766215344,136,0.0312037037037037,0.0207665075692006,108,,,0,8.430745057583309,3.321177405882353,0.4872805529200331,Actinobacteria,Bacteria,0.34461854166768635,0.6286137040221859,0.32761634076172996,0.17643037665458808,0.3893843345599727,0.3733326595332326,0.0513345359603667,-0.709906862825134
rheinheimera,34.65714285714285,22.212425984837136,14,55.12857142857144,19.311392754275648,14,16.36142857142857,2.3769141505575835,14,58.71428571428572,59.886917245278674,14,18.26428571428572,12.470803264663193,14,8.235714285714286,5.322319786717809,14,362.8785714285715,502.42599482384,14,0.0353846153846153,0.0145002210416396,13,,,0,7.860246032370113,4.1983418666666665,0.2830456611953502,Proteobacteria,Bacteria,0.5780423594508206,0.2670109100052288,0.016113218310056167,1.0,1.0,0.5722332975532212,-0.09016900596819508,-0.2619054970449915
rhizobium,13.658673469387752,10.032274905013022,196,34.760101010101,27.49084709683244,198,15.587164179104478,14.296588523767143,201,16.1,13.149616885766074,199,8.138308457711442,5.696215860058159,201,5.945,16.851243188112996,200,48.19203980099503,44.48869222980608,201,0.0286746987951807,0.0191498767675344,166,,,0,8.928634210093863,7.055950385869566,0.4331864249652429,Proteobacteria,Bacteria,0.19646504444982937,0.49363753139699756,0.16850096193699393,0.16572545493748914,0.33393163712169216,0.27165212596860044,0.17482831150489972,1.1975842300275945
rhodanobacter,17.450671140939598,17.740642230580054,298,48.22474916387959,30.926955340471213,299,23.25959866220736,34.04679519316959,299,19.03846153846154,14.750109508444323,299,10.048829431438127,6.483719179374075,299,15.407070707070703,44.67180149137539,297,60.04849498327758,49.15122079985996,299,0.034172932330827,0.0253331049808893,266,,,0,8.667369023284753,3.922759018181818,0.415126891677461,Proteobacteria,Bacteria,0.4379512204303094,0.5888411439339243,0.4209985836237456,0.19429471855326905,0.41135790905988207,0.4106887151202261,0.11002548506308282,-0.40265617496963246
rhodobacter,20.30833333333333,21.513638903693277,108,52.87962962962964,30.852327679221048,108,27.05935185185185,41.692483808452025,108,21.88518518518519,17.100214868928305,108,11.333333333333336,6.366970846250935,108,24.001851851851853,55.579141151317145,108,73.92962962962963,68.38356399136133,108,0.0348039215686274,0.0264286969802333,102,,,0,11.419846438254469,3.765374625,0.259864690990559,Proteobacteria,Bacteria,0.5561508987921813,0.5867734491925404,0.5187453173076568,0.236244789810812,0.39987936926582135,0.4595587648738023,0.7927353339555251,-0.4830383909053858
rhodobium,20.28048780487805,18.201280442762744,41,44.26410256410258,29.03866285869208,39,16.69317073170732,9.789016661295554,41,36.34390243902438,44.74078144590507,41,11.529268292682929,10.40690261082612,41,5.939024390243903,7.510821461357622,41,189.50243902439027,357.03363881279097,41,0.0256756756756756,0.0167565145773451,37,,,0,7.378338479724423,5.150211,0.3787869379769167,Proteobacteria,Bacteria,0.45238200138200724,0.5365225750633125,0.1108736573772167,0.7296370253249861,0.7970800511466904,0.5252990620588426,-0.20969879053882898,0.22425039599699892
rhodoblastus,17.985321100917428,18.2522106517326,218,45.02488479262672,31.033666427837016,217,23.75137614678899,34.55540010531649,218,20.45550458715596,16.351760907231366,218,10.358715596330274,6.489555039445004,218,15.90277777777778,45.60514548352678,216,69.20642201834862,90.43888052514448,218,0.0341711229946524,0.0243569473059625,187,,,0,9.511457426127755,4.731136142857142,0.5750626298841353,Proteobacteria,Bacteria,0.45397753269059243,0.5917977682002802,0.42750087156659766,0.22288466666309456,0.4119316830082096,0.4216185044257549,0.31938868013335,0.010212873094799135
rhodococcus,17.177443609022557,14.97832076522374,399,44.10048543689321,28.511166545208983,412,19.57428571428571,25.87657536662409,413,20.00245098039216,17.444154315313224,408,9.828571428571427,6.430623574442216,413,11.002689486552567,33.564221695773774,409,64.88014527845036,101.30336849735492,413,0.0307714285714285,0.0218677789087124,350,,,0,9.550870505165337,6.072744884210526,0.3891188124917095,Actinobacteria,Bacteria,0.3514137710167109,0.521907332736045,0.3165459513352603,0.24238420999457597,0.40613762027462597,0.36767777707144356,0.32916449049524144,0.6954236577764699
rhodoferax,18.02798353909465,18.68783465516809,243,47.49999999999999,30.11581511432157,251,24.280912698412696,35.142338246204886,252,18.6572,13.782514975001645,250,9.734920634920634,6.087467597175704,252,16.855776892430274,46.41065046402629,251,60.09880952380952,51.30276312785906,252,0.0327433628318584,0.024303553927975,226,,,0,15.182050594708103,3.688566287581699,0.2331905756009081,Proteobacteria,Bacteria,0.4676246735586757,0.5663670324310551,0.4350046150530474,0.17702287180595125,0.3723989840538512,0.4036836353805161,1.7258924298815015,-0.52226734009917
rhodomicrobium,15.71923774954628,14.618792145097151,551,38.81340579710145,28.662581157589926,552,18.909061371841155,24.093004518915592,554,18.276588021778583,17.04049871151775,551,9.145667870036103,6.22366925184798,554,9.428545454545455,30.64073094990654,550,61.61299638989169,109.14785570882108,554,0.0298739495798319,0.0212450582228972,476,,,0,10.77865158709357,3.711039333333333,0.370890448798847,Proteobacteria,Bacteria,0.34015053096042286,0.5261025492622504,0.2937437900873019,0.23517883885358193,0.3857901483758604,0.35619317150788354,0.6336967756131725,-0.5107894979839418
rhodopila,15.780851063829788,16.231735139253466,517,38.68798449612403,30.95426458703277,516,19.492658959537568,26.98659270761091,519,18.227659574468085,19.294368704309537,517,8.849518304431598,6.817391650631538,519,10.410546875,34.530302726068925,512,64.15510597302504,123.28786733332976,519,0.0283710407239819,0.0211798876338917,442,,,0,5.54062999170926,6.858425857142858,0.5203131196751969,Proteobacteria,Bacteria,0.39068048357975554,0.5895977961532295,0.33073703010834665,0.275411080519284,0.4441641396676595,0.406118106005655,-0.6655142233332139,1.096700914981383
rhodopirellula,21.24482758620689,17.934296477637005,29,50.31851851851852,29.863497618806974,27,20.75448275862069,31.898320106484658,29,27.210344827586205,19.30355897658672,29,11.865517241379314,7.851491025916624,29,16.985714285714284,43.61483534800816,28,81.08275862068965,72.22661791178768,29,0.0359259259259259,0.0217077191622029,27,,,0,4.492367075649042,7.345793307692308,0.0779419413538587,Planctomycetes,Bacteria,0.4440179816015179,0.5593761184737518,0.393531283725481,0.2755751295799715,0.5458354056522741,0.4436671838065992,-0.925519778013086,1.3456180716200714
rhodoplanes,16.305753424657535,14.890373789765157,730,39.79823369565217,29.84081275232733,736,17.856102150537634,23.05665592326238,744,19.75493910690122,20.321680969892387,739,9.391532258064515,7.237733545928943,744,8.635413839891454,29.009105244573338,737,66.2741935483871,125.67347950768884,744,0.0296302250803858,0.020751382848533,622,,,0,8.172577004802694,5.75094,0.467008279803082,Proteobacteria,Bacteria,0.348658585917773,0.5587475930939771,0.28049453350882586,0.2937489063332182,0.48549159200218744,0.3934282421711963,-0.012700093840455442,0.5310656222125025
rhodovastum,15.940934065934066,15.09606520918774,364,38.53188010899183,29.148748766495167,367,19.54051630434783,26.20557970422733,368,16.916621253405992,13.695163739961483,367,8.791032608695652,6.519240107088069,368,10.005248618784533,33.457559838186484,362,53.577173913043474,66.71866363323755,368,0.0291118421052631,0.0219405284802984,304,,,0,4.407278537868818,7.2607165,0.3924201519452251,Proteobacteria,Bacteria,0.3551024451956782,0.5395727048523444,0.3207521256887744,0.17546362659253048,0.4148502791124547,0.3611482362883564,-0.9466246860695452,1.302166099103665
rhodovibrio,12.42857142857143,8.182385261733193,14,25.145454545454548,21.43050926302796,11,10.7,6.082054308815782,14,27.0,23.18036304222241,14,6.85,6.936608570586816,14,6.116666666666667,12.29285330687072,12,74.09285714285716,70.67103056019178,14,0.019090909090909,0.0113618180363403,11,,,0,6.246091688301767,4.162603,0.2847810550040558,Proteobacteria,Bacteria,0.13851207502401405,0.3257248772946333,0.06348178987167089,0.34477722134127736,0.45588538761377495,0.26567627022907414,-0.4905352586882393,-0.2801587001715578
rickettsia,18.561261261261254,17.891124578223558,222,44.82731277533039,31.41658647241501,227,21.04449339207048,31.678804464285907,227,20.95973451327433,19.49048127609085,226,10.435682819383258,7.524591239056146,227,14.288444444444444,42.19672094760633,225,69.19162995594714,112.16777127113322,227,0.0313065326633165,0.0221861160410641,199,,,0,9.131726745776886,1.3140997682119204,0.4778088235430064,Proteobacteria,Bacteria,0.44266550104904234,0.6024072627131831,0.39072487372147363,0.27891174755279596,0.5136950563062137,0.4456808882685418,0.22520230316537815,-1.7349980094718451
rivularia,28.15357142857143,23.42038495022939,28,59.18214285714286,32.66171224981856,28,27.975357142857145,44.34625279439923,28,25.95357142857143,25.799949499560928,28,14.10357142857143,8.401211647307617,28,21.64074074074074,60.007212766846486,27,97.10714285714288,202.97277126012716,28,0.0410714285714285,0.0251424512954257,28,,,0,5.253346045634802,8.37561425,0.1514358661577481,Cyanobacteria,Bacteria,0.6158850541452453,0.6369057312323632,0.5526725753193831,0.39153760936405696,0.5998832011064228,0.5593768342334943,-0.7367706043472885,1.8715869284183906
roseivivax,13.66,7.45105510798452,10,28.077777777777776,20.090531213595234,9,13.254,4.606780509929539,10,26.97,22.51552797515528,10,6.489999999999999,3.5616631570720507,10,3.82,3.086817850869151,10,64.6,41.7023047591164,10,0.0211111111111111,0.0078173595997057,9,,,0,9.006187216760067,4.219321571428572,0.1551485433706518,Proteobacteria,Bacteria,0.11560111155419883,0.2885983545017759,0.0446210694857598,0.3329097200339165,0.12406527339465798,0.1811591057940618,0.19406414652911588,-0.25119036116432236
roseococcus,15.378853046594983,12.388824337439711,279,36.90699300699301,27.675353910730056,286,15.715689655172415,13.298348300289383,290,20.11578947368421,23.36853841905494,285,8.779310344827586,7.222397847294103,290,5.9811188811188805,14.650913155417042,286,73.72034482758622,159.1201227377867,290,0.0261674008810572,0.0159875004779757,227,,,0,6.768376838082659,4.1368855,0.3573804532953137,Proteobacteria,Bacteria,0.2702905495030451,0.4987496274007398,0.15573890397378923,0.3481362071126276,0.4839838066459369,0.35137981892722775,-0.36099042982009677,-0.2932936088911255
roseomonas,17.1120527306968,15.259981135929111,531,39.31561338289963,31.201971624173428,538,17.356660550458717,22.247886115801982,545,21.139814814814816,22.898073497785443,540,9.70788990825688,7.822943733935974,545,8.402411873840446,27.875748839344357,539,73.09266055045872,145.2737650817706,545,0.0302954545454545,0.0207194950130793,440,,,0,8.078429315604412,4.951457571428572,0.3788955606838244,Proteobacteria,Bacteria,0.36023757026941206,0.5964609689971779,0.2701547706752463,0.3397382700229623,0.5430286741277482,0.4219240508185094,-0.03605198560042431,0.12273943490098121
rubellimicrobium,18.86653543307087,13.47013759846812,254,42.89543726235741,30.538336220265258,263,15.109776119402984,13.858487466388848,268,25.76768060836502,27.913359361772127,263,10.884701492537316,8.73579044746497,268,5.294318181818182,14.39275027122538,264,90.53320895522388,188.7682709805593,268,0.0317788461538461,0.0191412026087586,208,,,0,5.049862451626983,4.5545795,0.2859560354470342,Proteobacteria,Bacteria,0.3041657131290241,0.578073746191719,0.16290003446832874,0.42926259642501824,0.6327785407581206,0.4214361261944422,-0.7872415920333756,-0.07996134243011141
rubrobacter,17.134622823984525,15.585674092621597,517,39.757743785850856,31.538035667275167,523,17.37414312617702,23.884939349049606,531,21.613878326996197,23.208419190261143,526,9.718267419962334,7.719142195722632,531,9.076,29.86848199681218,525,74.44896421845574,147.5257634482893,531,0.0306235565819861,0.0215451528300356,433,,,0,8.401713529474335,3.3326535,0.1917892200363266,Actinobacteria,Bacteria,0.3704408134898769,0.6057722329849414,0.2910837692871954,0.34527803182800154,0.5328230458742824,0.4290795786928595,0.04413371023856441,-0.7040455835914425
rudaea,15.221475054229934,14.81625410303063,461,40.01459694989107,29.681562955426283,459,19.819045553145337,26.014897662520195,461,17.59783080260304,15.697728846445504,461,8.97592190889371,6.28729960925175,461,10.463596491228069,33.53574427978989,456,57.70086767895877,83.00097982204433,461,0.0292462311557788,0.0215620403778551,398,,,0,5.549576953614374,4.6850418,0.5209430737168789,Proteobacteria,Bacteria,0.3463365793295523,0.5543352885663712,0.31831434046275875,0.21121000219229216,0.39204619991879003,0.3644484820939529,-0.6632950665194042,-0.013329266923360854
rudanella,15.515662650602412,14.692037680385951,83,34.72359550561798,28.28599084060032,89,14.991208791208797,19.72049147658709,91,18.145454545454545,19.455229531230223,88,8.198901098901096,8.04000407000304,91,6.715384615384616,23.789110128034647,91,57.97032967032968,117.4324112883714,91,0.0273846153846153,0.0188146321945284,65,,,0,1.8084605208547144,6.635478,0.449685653391952,Bacteroidetes,Bacteria,0.34244515230856093,0.5156684313353165,0.23784315256675012,0.2782824935483919,0.5643697557398519,0.3877217970997743,-1.5912216756925013,0.9828329358700904
ruminococcus,16.447222222222223,6.615587053579755,36,45.013888888888886,17.85842982663974,36,16.173055555555557,8.32666519405988,36,21.96111111111111,13.570688534543386,36,11.708333333333334,5.151497701778442,36,8.230555555555554,9.401666096858865,36,65.32222222222222,54.78394504707228,36,0.0354545454545454,0.0239910021011666,33,,,0,12.063026626696177,2.6527339274193547,0.1807840009650335,Firmicutes,Bacteria,0.0894277369482842,0.22675393618921133,0.09217814326296814,0.17324170759907262,0.28037567714266354,0.17239544022843994,0.9522663247907331,-1.0513064574125486
rummeliibacillus,15.16864406779661,15.725226780640094,236,36.6786610878661,30.013620239492177,239,19.6752719665272,29.367806071174723,239,17.332773109243696,14.408943596549904,238,8.701673640167364,6.1082666573183655,239,13.335344827586209,39.17238017674888,232,55.49874476987448,53.18895244581645,239,0.0275362318840579,0.0216148409844005,207,,,0,11.236460742003295,3.559839785714286,0.3034606164914669,Firmicutes,Bacteria,0.3748126919375487,0.5635355380261483,0.3611797855231569,0.18820480677515705,0.3744439197984566,0.37243534841209347,0.7472493218648314,-0.5880128772554931
runella,22.233333333333327,29.668156730904663,15,56.80666666666665,38.62239296179404,15,37.9,59.41899503886422,15,18.13333333333333,14.08858031307964,15,10.14,4.015825835722604,15,38.273333333333326,78.32926352142937,15,69.01333333333332,61.88467230798485,15,0.0386666666666666,0.0324844285041017,15,,,0,2.982900405058936,7.040127777777778,0.1931968370937106,Bacteroidetes,Bacteria,0.8116139876523212,0.8020572039805842,0.7453708914803444,0.18248622802721945,0.1687179398645856,0.5420492502010109,-1.2999198573678108,1.1895030202291645
saccharomonospora,18.109523809523807,12.909512649239812,42,38.03095238095239,26.04470348379211,42,16.455714285714286,5.660147435318893,42,18.147619047619045,12.290611886080468,42,10.1,8.059141151361041,42,4.297560975609756,3.5779524734740438,41,50.71904761904763,25.917290942584163,42,0.0310344827586206,0.0175956219364377,29,,,0,6.907611210283738,4.6325710909090905,0.3673162132090286,Actinobacteria,Bacteria,0.28660256785708593,0.45356949906317195,0.058087897852490265,0.15039196327651283,0.5662512879556336,0.3029806432009789,-0.32645547716651485,-0.04012806052149771
saccharopolyspora,15.946468401486989,13.486763708061872,269,32.138909090909095,27.27051920634582,275,13.146964285714288,7.448514013029991,280,22.29783393501805,26.824577653816952,277,9.374285714285715,8.240201057405207,280,4.748375451263538,7.188520379732533,277,84.11714285714287,186.85539420381195,280,0.0292233009708737,0.0168892703932494,206,,,0,5.6230683971105,7.469231571428572,0.3185551656770693,Actinobacteria,Bacteria,0.3046865725351282,0.4875329474812262,0.08095137037886609,0.40982752300208763,0.5840528554901762,0.37341025377749687,-0.6450666400076177,1.4086627037451906
salinibacter,13.877272727272723,11.282067756139504,44,23.880000000000003,20.6460716052055,45,11.4996,5.966051222012217,50,24.5265306122449,29.349664787340448,49,7.8900000000000015,8.033329804950252,50,6.625,11.863702913024694,48,95.752,172.18416841585997,50,0.0223333333333333,0.0143077826261849,30,,,0,7.615968512393629,3.8077888521739127,0.0256894818252204,Bacteroidetes,Bacteria,0.23561830267420628,0.30399060888997503,0.061998741921008176,0.45490107032636623,0.5637135509362791,0.32404445494956696,-0.15075830193987536,-0.4613758264127115
salinimicrobium,16.87323943661972,9.039373520430004,71,43.05211267605633,25.09289517632391,71,13.30527027027027,5.1356826447243815,74,21.28630136986301,13.321008001862792,73,10.166216216216217,6.466293575932382,74,4.834722222222222,5.291985961310791,72,56.79864864864865,34.3859380833919,74,0.0387931034482758,0.0206114928089566,58,,,0,3.9848996824494742,3.2623155,0.1850184128246214,Bacteroidetes,Bacteria,0.16535963024708325,0.4271979231730975,0.05138284840666787,0.1687848367226898,0.4096446470612715,0.244473977122162,-1.0513892894012224,-0.7399698845350395
saprospira,30.91818181818181,32.4341122333206,11,74.74545454545455,41.25640225798569,11,45.74909090909091,68.52201185816794,11,27.62727272727273,23.451485705988475,11,13.30909090909091,8.029004240309572,11,49.51818181818181,89.80696875167115,11,93.66363636363636,74.15040489069865,11,0.049,0.0338132124077753,10,,,0,2.588814601210215,5.4078805,0.149460386356701,Bacteroidetes,Bacteria,0.8982652834455529,0.8750372100434128,0.8617489190890162,0.34961684055825537,0.5632882672124638,0.7095913040697402,-1.3976668027679704,0.35585204321452263
sediminibacterium,16.734234234234233,16.35566183711659,444,40.78606194690266,30.106776063623222,452,19.08028571428571,25.77863439610173,455,20.57622222222222,22.704940720807063,450,9.4389010989011,7.281023771407463,455,10.570066518847009,33.71703973753082,451,73.470989010989,149.18900864970968,455,0.0285933503836317,0.0205143066220149,391,,,0,12.737431821628483,2.590789137254902,0.3759232042250492,Bacteroidetes,Bacteria,0.39456283416125854,0.5661165891331816,0.31529381952031077,0.3362907932022883,0.48974782900837177,0.4204023730050822,1.1195422000514859,-1.0829440257789473
serratia,15.583999999999998,8.067407679463502,25,43.728,28.912058038126585,25,15.0648,6.729247184244808,25,16.868,9.306615926318225,25,9.696,5.17707124411734,25,3.964,2.479227030077453,25,46.16400000000001,19.358242861031236,25,0.034,0.0178885438199983,20,,,0,11.569906954651248,5.272298233606557,0.2314100951591843,Proteobacteria,Bacteria,0.13491008052983672,0.5330147588282627,0.07175586338157523,0.09712675855459899,0.28289003358407433,0.22393949897566962,0.8299555457969706,0.2866050054748517
singulisphaera,15.824228028503564,13.267645292402946,421,41.9287037037037,28.93348737340832,432,18.12543981481481,21.392230950738483,432,19.06107226107226,17.142823619558946,429,9.565046296296297,6.801208129179195,432,8.844392523364485,27.226694975744653,428,60.0111111111111,85.74886884004509,432,0.0298918918918918,0.0205213667270482,370,,,0,2.976849299621781,9.7418435,0.449287259699033,Planctomycetes,Bacteria,0.29782207502877944,0.533608497438466,0.25921559936534655,0.2370053685300496,0.442572997507173,0.35404490757396295,-1.3014207413555101,2.5693723464704368
sinomonas,12.946496815286624,12.164658397632031,157,24.91168831168831,22.46892101348124,154,12.109426751592355,8.626034329807837,157,14.993630573248408,13.769106452623376,157,7.328025477707007,6.903082128378715,157,2.955844155844156,2.844832191496729,154,43.259235668789806,44.42449797043151,157,0.0243589743589743,0.013606832423241,117,,,0,4.721631352111836,4.447615333333333,0.4621842439266184,Actinobacteria,Bacteria,0.2632679241787849,0.3544959586850305,0.0960054447210275,0.17678352574143655,0.4525891127056522,0.2686283932063863,-0.8686542870597039,-0.1345920244727399
siphonobacter,16.734920634920638,15.77946970295589,63,46.16060606060606,27.85995128820016,66,20.358030303030304,29.432828099025077,66,25.38939393939394,21.68540188725252,66,11.943939393939392,7.205428056208283,66,18.97272727272727,40.07171473344162,66,86.70151515151517,85.25911725201051,66,0.0319672131147541,0.0240013660813398,61,,,0,3.4035244062480765,6.17007475,0.3815580033965267,Bacteroidetes,Bacteria,0.37651200326131,0.5038642326325545,0.3620110632745386,0.31809172543426395,0.482315359507852,0.40855887682210384,-1.1955905187397837,0.7451337346825658
skermanella,18.047814207650276,14.5695002548123,366,42.33796791443851,30.67666021891293,374,16.613763157894734,19.371291308589303,380,23.612266666666663,25.76979347111016,375,10.487368421052633,8.289510708086159,380,7.208488063660479,23.62457771986648,377,82.70026315789474,170.1093093394395,380,0.0319032258064516,0.0202873449461734,310,,,0,4.805673507816398,8.5315825,0.3945877479272145,Proteobacteria,Bacteria,0.338606324568979,0.5819062635159886,0.23337878349011387,0.3909993153949331,0.5889009143226354,0.42675832025853,-0.8478089180442826,1.951245865986223
smaragdicoccus,17.376744186046515,13.318112148193546,129,41.06058394160584,26.88119930596649,137,15.675693430656931,8.275324304611914,137,23.05037037037037,28.369162557082294,135,9.856934306569345,7.703950434492893,137,5.363703703703703,3.6052740680263407,135,88.85839416058396,207.3068224248129,137,0.0253846153846153,0.0145944286452093,117,,,0,3.950576036313695,5.3156805,0.6495025987605639,Actinobacteria,Bacteria,0.2994030905024723,0.4767461333529909,0.09152177279060356,0.437398817397996,0.5313294122509784,0.36727984525900825,-1.0599027439129112,0.3087619845406956
smithella,18.183333333333334,20.06633850946581,18,39.19473684210526,31.487519109150576,19,22.23894736842105,39.39567882321004,19,21.25,15.65425144282837,18,8.742105263157896,4.62364884641673,19,16.157894736842106,51.716903703286135,19,58.3842105263158,31.920600508795346,19,0.0327777777777777,0.0253923461269348,18,,,0,14.178096289761156,2.8212532333333336,0.213500812567025,Proteobacteria,Bacteria,0.5108101641157468,0.6043725800970279,0.48938168552600414,0.21043391776199408,0.22847828443960755,0.40869532638807604,1.4768769472847847,-0.9652372165973439
solibacillus,17.39828431372549,16.153295797086006,408,45.49519230769231,31.11170509145824,416,20.633365155131266,29.46583058631578,419,20.180963855421687,18.07461050652153,415,10.08400954653938,6.921740050051202,419,12.36722891566265,38.155841585967686,415,64.11050119331742,89.08884085059292,419,0.0323398328690807,0.0238380558376147,359,,,0,8.565398975505605,3.8527102,0.3751203111947084,Firmicutes,Bacteria,0.38822315169786437,0.5939599709504552,0.36243298541895635,0.25363803826570547,0.4544235345827185,0.41053553618314,0.08473337711253573,-0.4384327797224962
sorangium,16.731428571428573,12.50141473778759,350,41.47520891364902,27.80001252759512,359,15.271625344352618,14.575262830476762,363,21.945251396648043,23.201963534179267,358,10.25785123966942,7.805764466468741,363,6.378611111111112,17.478754736719498,360,73.14352617079889,144.96925805079147,363,0.0290301003344481,0.0186110605326771,299,,,0,1.6337113616626826,14.6904775,0.3792975304958861,Proteobacteria,Bacteria,0.2738177588437235,0.502203520531546,0.17206368919586326,0.3451627964699608,0.5413396315523185,0.3669174793186824,-1.6345655270960506,5.09682858741724
sphaerisporangium,15.587078651685394,14.219207458134171,356,35.474293785310735,29.875248458598985,354,16.154805555555555,19.67590778178468,360,18.4463687150838,20.625887997475324,358,8.474722222222221,6.759332756257175,360,7.098314606741573,24.22726313147213,356,63.82583333333333,133.98619341991463,360,0.0262629757785467,0.0175558645868488,289,,,0,2.571538947223644,8.555188333333334,0.3293810562032038,Actinobacteria,Bacteria,0.3276324225258396,0.559701696808082,0.23727316982722485,0.2991790911660895,0.4384558669099459,0.3724484494474364,-1.4019517640390584,1.9633022659505532
sphingobacterium,18.566304347826087,16.515163043939136,92,47.86774193548387,29.33322482342121,93,20.4686170212766,30.434351439272856,94,23.43617021276596,17.847820571529503,94,11.758510638297874,6.986013824478134,94,15.937234042553191,40.80658281294044,94,74.60957446808511,70.2249504861678,94,0.0386904761904761,0.0232731171202613,84,,,0,7.643869419778701,5.232951768707483,0.330081380285052,Bacteroidetes,Bacteria,0.39955965578029257,0.5446839486783912,0.37481509442769645,0.2495897712844116,0.4607428460258708,0.4058782632393325,-0.1438379093650887,0.26650926425245397
sphingobium,17.979037800687284,16.62558913973859,291,44.56101694915255,32.6625866028419,295,20.80057239057239,30.09366341460944,297,19.44222972972973,16.491164776613513,296,9.94814814814815,6.936010975211058,297,12.903716216216216,39.13535251727518,296,60.78383838383839,78.02802516335213,297,0.033671875,0.0242008294704711,256,,,0,10.021840160970756,4.4901933454545455,0.479771604083453,Proteobacteria,Bacteria,0.4030190622248476,0.6369299567690903,0.3704595493235564,0.22537306669506332,0.4558266328365727,0.4183216535698261,0.44598129734681763,-0.11284580875687437
sphingomonas,16.26342525399129,14.952467241986364,689,39.69956958393114,30.00468090567299,697,17.947539118065432,23.526551722643617,703,19.60487106017192,20.486321273206475,698,9.32873399715505,7.17705861284939,703,8.929597701149426,29.81541512088551,696,66.77752489331436,128.92345796118153,703,0.0297952218430034,0.0208771509100653,586,,,0,10.878673477846656,4.044610778106509,0.3480854860687105,Proteobacteria,Bacteria,0.35060383705812687,0.5632878575653143,0.2865019426347349,0.29668778412653857,0.47952611382168925,0.3953215070412808,0.6585056730633725,-0.3404218308876068
spirosoma,16.826966292134827,16.818295382083463,267,38.83079710144928,31.421701141648043,276,18.40064516129032,26.063453621693792,279,21.541970802919707,25.92800735367988,274,9.272043010752688,8.020989088321835,279,10.755395683453235,33.464442409810864,278,82.09569892473117,175.60653179825405,279,0.0289732142857142,0.0211617557662597,224,,,0,3.8949248864431176,7.1888421,0.2644446383044672,Bacteroidetes,Bacteria,0.40905612449574913,0.6025489739031079,0.31893510683828463,0.393823479689578,0.5625002282008092,0.4573727826255058,-1.0737061589426584,1.265457100045681
sporomusa,16.720454545454547,14.523220357854646,132,45.35725190839695,30.283138315505777,131,17.868636363636366,26.05486453745696,132,20.4969696969697,17.306509120060547,132,10.657575757575758,7.503679720334686,132,11.062121212121212,34.26353085441063,132,58.28863636363636,50.60586160377721,132,0.028,0.0209510708180048,115,,,0,8.68506123157964,5.066170384615385,0.27815969424214,Firmicutes,Bacteria,0.33715647729665105,0.5710030252707656,0.31882529921051805,0.2399272028126005,0.5116390637847158,0.3957102136750502,0.11441376624783836,0.18132764643684693
sporosarcina,17.055223880597016,15.643205271204344,469,43.98953974895397,30.133580580703,478,19.93118503118503,27.61696485045213,481,20.29014675052411,19.698048558048225,477,9.914760914760915,6.858319946955121,481,11.422105263157894,35.76281564558765,475,68.26340956340955,118.40370134283806,481,0.0313970588235294,0.0230320616438064,408,,,0,11.541482243999427,3.46575935,0.3925413689798017,Firmicutes,Bacteria,0.37224313864237946,0.5668592569065345,0.33879605802178997,0.28261688452889017,0.4481881549618037,0.4017406986122795,0.8229052318476626,-0.6360633462125965
staphylococcus,16.344736842105263,13.158510097394478,114,39.12702702702704,31.91413749406636,111,14.355,9.037236366856988,114,19.266666666666666,19.48555928499276,114,9.62017543859649,8.032788777514952,114,4.705309734513275,5.025094894412525,113,57.714035087719296,108.46385954695587,114,0.0282608695652173,0.0176416524887055,92,,,0,22.43177807876604,2.7639360456534345,0.1106901575534684,Firmicutes,Bacteria,0.29440310966369276,0.6161928164047294,0.10126248015997864,0.2788238885653796,0.5636603578432418,0.3708685305274044,3.5240762508401327,-0.9945112917694177
stella,17.666101694915252,15.663273650094853,59,37.60491803278688,27.36092363346864,61,16.544262295081968,22.815435086728485,61,17.89830508474576,17.511409989956636,59,9.118032786885244,7.4408222707960014,61,8.703278688524588,29.373207560706945,61,55.96721311475409,63.26026588971279,61,0.0306666666666666,0.019586637374403,45,,,0,3.945050252650452,5.8300905,0.7030506713709003,Proteobacteria,Bacteria,0.37287183676634167,0.4900377661426748,0.2774106322339872,0.24358474354988188,0.5054590035082068,0.3778727964402185,-1.0612733298836545,0.5714908032218599
stenotrophomonas,18.19184782608696,16.98979085475133,184,45.84947916666666,31.421888521559996,192,20.963108808290155,30.454851704914077,193,20.17864583333333,17.018013623376483,192,10.213471502590671,6.556368156741639,193,13.8860103626943,39.71995800208495,193,66.16373056994819,93.40450075349882,193,0.0351807228915662,0.0244632783938966,166,,,0,12.62153267052257,4.516091784409257,0.2831990316080918,Proteobacteria,Bacteria,0.41442870005467036,0.6025541656035055,0.37507718122025513,0.23477747342307034,0.41850065924229224,0.4090676359087587,1.0907951914446408,-0.09961848760787341
sterolibacterium,16.709302325581397,16.181933483741364,86,48.29651162790697,25.45237974624224,86,22.032209302325576,31.425506553123103,86,23.59186046511628,18.23289344993744,86,12.040697674418604,6.655689788921015,86,18.14651162790697,42.616002787338594,86,83.23720930232557,76.79289955919506,86,0.0352439024390243,0.0224007059939503,82,,,0,9.820988835354395,2.749214,0.2974654801749889,Proteobacteria,Bacteria,0.389120307366146,0.43715809534487565,0.3874865724106365,0.25646343531674815,0.4282658291328083,0.3796988479142429,0.3961632035032026,-1.0020304023292765
streptacidiphilus,16.43791348600509,13.534979728377811,393,44.41291139240506,29.07023981712438,395,19.57868686868687,22.688116374005904,396,20.193181818181817,18.13803134970297,396,9.992676767676768,6.8310921273408685,396,9.135641025641029,28.43238470882636,390,65.99343434343434,103.1586997003725,396,0.0305014749262536,0.0220418341668622,339,,,0,2.586637683218984,9.66505675,0.430151869159695,Actinobacteria,Bacteria,0.30619707428930304,0.5373974719823047,0.2757829190309414,0.254770118952559,0.44551115219365234,0.3639317472897521,-1.3982067539206162,2.53015442279503
streptococcus,21.935294117647064,24.71517610643284,85,48.80697674418605,38.59751528332506,86,27.963604651162782,47.35645502712359,86,20.974117647058826,22.469461566340048,85,10.247674418604651,7.073342279193905,86,22.829411764705885,62.34047799045522,85,78.68023255813954,165.30804956719436,86,0.0402597402597402,0.0281898650121871,77,,,0,34.55902591548734,2.0544560536407346,0.1044894937987895,Firmicutes,Bacteria,0.6564480101901449,0.8013679227665352,0.5911566741079071,0.3320874211000593,0.46932886276626845,0.570077778186183,6.53205426114482,-1.3568697999232608
streptomyces,16.33151260504202,14.99622303857548,714,39.56527777777778,29.92240618891029,720,17.86677197802198,23.23332981865444,728,19.71701244813278,20.44881390091216,723,9.341346153846152,7.223713954905472,728,8.736061026352289,29.31878953876665,721,66.4342032967033,126.98824766826584,728,0.0296217105263157,0.0207920984160352,608,,,0,8.328481635432647,8.404893360416667,0.3040047164998636,Actinobacteria,Bacteria,0.3519746098234878,0.5610082872779806,0.2827532308048769,0.29601826650963237,0.4841132045841021,0.3951735198000159,0.025969660992093635,1.8865408875012355
streptosporangium,16.951508120649653,14.098581201891532,431,44.52426303854875,28.22138093334908,441,18.3083595505618,22.544999980143416,445,20.96068181818182,20.830051545064787,440,10.130786516853933,7.169138724817206,445,9.01941309255079,28.54688106710233,443,69.66898876404494,130.2483621315027,445,0.0298677248677248,0.0209263826630826,378,,,0,4.094240098802063,9.525577166666666,0.5467040444797556,Actinobacteria,Bacteria,0.32385346751337407,0.513878296642272,0.27395323948988387,0.30282347048353714,0.4787474410345922,0.3786511830327318,-1.0242690744559768,2.458916876558939
subtercola,14.16153846153846,17.362098419789632,26,36.41538461538461,28.89933829426123,26,23.155,34.225081007939195,26,12.184615384615386,7.198593879790264,26,6.892307692307692,3.127800898640842,26,14.126923076923076,44.01622026201076,26,41.638461538461534,23.433686469236157,26,0.0225,0.0250651325463325,24,,,0,5.305334448825014,3.9582801428571432,0.4821242061154425,Actinobacteria,Bacteria,0.4260922763182846,0.5326623352488343,0.42327788859322485,0.059497945586780454,0.0814085170597224,0.3045877925613693,-0.7238756775104268,-0.3845141809878386
sulfitobacter,43.92857142857142,34.680595961772866,14,78.82857142857142,45.20189629397674,14,63.126428571428576,79.3359252804799,14,22.192857142857143,11.779477870478765,14,11.77857142857143,6.661390311272931,14,70.1,104.65730890717715,14,71.57857142857142,29.35412901296664,14,0.0553846153846153,0.0405412104356757,13,,,0,13.048630808410248,3.908456047904192,0.0324145576319462,Proteobacteria,Bacteria,0.968642672336579,0.9843542800643114,1.0,0.1412680709025004,0.42882629685781115,0.7046182640322404,1.1967303404830023,-0.40996124774168685
sulfobacillus,15.1,21.30856635252593,17,26.07647058823529,33.128566400686665,17,26.98823529411765,40.67504720883771,17,13.358823529411763,6.219230139608259,17,6.123529411764706,3.1381780963969974,17,15.958823529411765,55.053031919499325,17,45.61764705882353,22.396881348028057,17,0.0342857142857142,0.0244050075927952,14,,,0,8.22678375182003,3.6466255714285714,0.1749935952754952,Firmicutes,Bacteria,0.5497264272940847,0.6498407724298534,0.5057378422001854,0.04201601504081208,0.08242878924869859,0.36594996924272677,0.0007450591929122453,-0.5436880644426961
sulfuricurvum,24.8,28.65869352021677,29,52.126666666666665,39.71884754842104,30,37.255,58.62016116343922,30,33.027586206896544,24.14530265691629,29,13.053333333333336,6.784807233474088,30,47.74666666666669,74.57265715664354,30,126.15666666666668,102.66799750966062,30,0.0451724137931034,0.0306618294178809,29,,,0,13.397101053402892,2.015361375,0.1784902421134058,Proteobacteria,Bacteria,0.7799897279036376,0.8324364674461117,0.7351581551255342,0.3620016770087875,0.44096048340120503,0.6301093021770552,1.2831630454376612,-1.3768369442944823
sulfuritalea,18.25460526315789,20.60079995494224,152,46.766447368421055,31.32599357383481,152,25.47486842105263,40.252984192559104,152,19.31907894736842,14.86658876130296,152,9.959868421052631,5.757761934912613,152,21.738157894736844,53.35526679342369,152,65.49605263157896,62.35723815146087,152,0.032551724137931,0.0254345377157175,145,,,0,11.14475621956197,3.6788601914893615,0.154666885117198,Proteobacteria,Bacteria,0.5275536644220984,0.5998972221080907,0.5003419539648797,0.1963739074439488,0.3399827647950949,0.4328299025468225,0.7245034201843411,-0.5272246137920331
symbiobacterium,15.790277777777776,14.581453685075171,432,38.30974477958237,29.08763179468351,431,16.312374429223745,21.18969106951528,438,19.856682027649768,20.95166027815844,434,9.399771689497715,7.471650459469266,438,7.752073732718895,26.86072035947876,434,65.26506849315068,123.95740627751104,438,0.0275139664804469,0.0190890167555469,358,,,0,7.763543177592344,3.864215,0.3763325512671205,Firmicutes,Bacteria,0.3389807992199801,0.537879348272394,0.25662621692689314,0.30499422210369753,0.5084899897415747,0.38939411525290785,-0.11415466739950782,-0.4325568392991703
synechococcus,19.4,6.523955855154141,11,52.52727272727273,14.345876822912633,11,13.32,1.1165482524279908,11,22.263636363636365,7.491231237556712,11,12.954545454545457,4.110319607126345,11,4.799999999999999,2.572936066053721,11,55.16363636363636,15.019805107075973,11,0.047,0.018885620632287,10,,,0,9.098834250738465,2.747604727272727,0.0568117037404862,Cyanobacteria,Bacteria,0.08655713325573346,0.1294322828910829,0.0,0.06472160841370725,0.17800844094784032,0.09174389310167279,0.2170438237550673,-1.0028523193265595
syntrophus,17.363636363636363,24.981628477015597,33,47.97575757575757,36.81449298767258,33,29.07181818181818,49.96093045161298,33,14.330303030303032,3.865430510344615,33,8.803030303030305,2.2997941278086245,33,25.496969696969696,65.5782952129003,33,50.827272727272735,20.64820320159954,33,0.0325925925925926,0.03083362208227,27,,,0,7.818687017366371,2.8137716666666663,0.1585372943803732,Proteobacteria,Bacteria,0.6647953762840707,0.7519660553794245,0.6244537358264548,0.0,0.0,0.40824303349799,-0.100477082866125,-0.9690583382167095
tatlockia,18.081333333333333,17.31933707507717,375,45.65748031496063,31.31582797972189,381,21.186214099216706,30.36184225222188,383,20.95774278215223,21.39541943468967,381,10.021148825065277,7.0996605431934885,383,12.985789473684212,39.676857775165445,380,73.3953002610966,139.98086417034145,383,0.0312316715542521,0.0232557834645627,341,,,0,5.97441398823221,3.347608659090909,0.6580532877488096,Proteobacteria,Bacteria,0.4247526575406291,0.5996155658811876,0.3738880966707983,0.312915453445359,0.47191643924422283,0.43661764255643937,-0.5579207495021483,-0.696407413102643
telmatospirillum,15.97830687830688,15.897903880350547,378,39.654521276595744,30.139465702578065,376,20.83441798941799,28.4652333395813,378,17.364814814814814,12.116945851000011,378,9.122222222222222,5.956774743131279,378,11.549468085106382,36.83609171790142,376,54.74444444444445,45.07997353755626,378,0.0301515151515151,0.0219347210736493,330,,,0,3.8997295050122087,6.154273,0.2962304340507981,Proteobacteria,Bacteria,0.3802222852700006,0.5670223148846304,0.34964079396011066,0.14729197351897286,0.3595494376336381,0.36074536105347055,-1.072514446923715,0.7370631779076291
terracoccus,19.027272727272727,14.548259536512214,220,47.59737991266376,30.552626328372718,229,17.522008733624453,23.266608845626,229,25.75350877192982,23.20464855382496,228,12.162008733624456,8.23974627972909,229,10.445333333333332,30.90058061174348,225,83.02314410480349,133.66585412322885,229,0.0368715083798882,0.0220886931130464,179,,,0,5.17801906250732,4.055605,0.2439111755323169,Actinobacteria,Bacteria,0.3379408996325785,0.5784696795613653,0.28317868838631005,0.34521072485962306,0.5840081423579787,0.42576162695957115,-0.7554543083402067,-0.3348066621887177
terribacillus,19.360465116279077,8.747332757438524,86,47.58913043478263,29.950304834427104,92,12.051578947368418,5.5837999559877005,95,24.64782608695652,17.376354264628166,92,12.307368421052628,8.183328175161765,95,4.015789473684209,1.8762976099661304,95,59.59052631578947,36.80813414290036,95,0.0441791044776119,0.0178503249890917,67,,,0,7.706601320559165,3.6332488,0.4257345201148091,Firmicutes,Bacteria,0.15621063615966846,0.5617812698646045,0.05711182923328082,0.2411739591669631,0.5784611898571798,0.31894777685633935,-0.1282782225645206,-0.5505200921155572
thalassobacillus,23.0,23.56163548369821,16,56.64000000000001,29.027346712072337,15,23.856875,42.92629337500114,16,25.13125,33.2981825079588,16,10.3375,7.1662054115131255,16,19.9,56.015628771501504,16,117.825,270.36030650473333,16,0.0342857142857142,0.0244050075927952,14,,,0,6.905166741691852,4.054934666666666,0.2860407760343957,Firmicutes,Bacteria,0.6203101223525495,0.5362090406919224,0.5345190247114711,0.5253832719020006,0.47845904159805536,0.5389761002511998,-0.32706179014620085,-0.33514902700431104
thalassobaculum,22.495652173913044,19.60606432852107,46,49.30000000000001,30.38354069976944,45,20.121739130434776,25.31064750076956,46,30.817391304347822,38.28093406701929,46,11.528260869565216,9.379070388511698,46,9.986956521739128,33.312644304098725,46,148.9869565217391,306.6880924462332,46,0.0280952380952381,0.0197839668071106,42,,,0,6.317049256521588,5.223958,0.2259388017794622,Proteobacteria,Bacteria,0.4963907874612077,0.5737848554726859,0.30931081488497164,0.6143268514009954,0.6960249632508316,0.5379676544941384,-0.4729353211143058,0.26191580333993514
thermincola,18.161458333333336,19.386378124813454,96,42.14947368421053,32.517386098150865,95,23.511030927835048,38.32299039318457,97,21.61030927835052,17.519188792436058,97,10.445360824742268,6.458892781444767,97,19.218556701030927,50.599173103209125,97,71.28247422680413,67.59210230355639,97,0.0339999999999999,0.0261041868562989,85,,,0,6.31298883248058,3.1680715,0.3108298103865439,Firmicutes,Bacteria,0.4895085024054525,0.6329069133698135,0.4756678403027064,0.24372359745992228,0.4089170108564432,0.45014477287886756,-0.47394244708322353,-0.7881038920150413
thermoactinomyces,19.4206611570248,14.588242510982216,121,44.65227272727273,31.06114498243277,132,15.454999999999998,16.630947400866305,132,24.963846153846152,29.431971235866296,130,10.947727272727272,8.717810723049375,132,6.218181818181819,19.804347653531963,132,94.78484848484848,208.48436391654604,132,0.0333333333333333,0.0178689184231736,96,,,0,5.724654062335377,2.6202456666666665,0.4263530738764222,Firmicutes,Bacteria,0.3391934781879701,0.5925591114058244,0.19834470354927994,0.4563702646181079,0.6310107983272889,0.4434956712176943,-0.6198698722600876,-1.067899452044378
thermobacillus,20.92272727272727,12.795867332042045,22,48.18333333333334,28.90001755177241,24,16.674583333333334,7.957951986462382,24,26.53333333333333,27.137342580268257,24,12.116666666666667,7.232755603723135,24,4.641666666666667,2.8442033601033505,24,102.93333333333332,219.760060197414,24,0.0321052631578947,0.0139757517660732,19,,,0,7.795405312669307,3.9767015,0.420384950384876,Firmicutes,Bacteria,0.2830423102942227,0.5326811553104628,0.0874643086403111,0.41541046884447763,0.48500216738966095,0.360720082095827,-0.10625175299029967,-0.3751056908716928
thermomonas,20.75671641791045,17.591676076036048,201,50.97523809523809,30.93190323117619,210,20.789620853080564,33.043146855910635,211,24.723923444976077,20.035492591367117,209,11.990047393364929,7.5687481192718575,211,15.188571428571429,43.57981911748895,210,73.75829383886256,91.45598038155484,211,0.0390340909090909,0.0243000053444491,176,,,0,10.377280130032045,2.6018378285714285,0.4819630984230763,Proteobacteria,Bacteria,0.43328443880302064,0.5889782342221664,0.40816738532745883,0.28864035968076374,0.5180365016457631,0.4474213839358345,0.5341427355654984,-1.077301037466971
thioalkalivibrio,23.169411764705885,18.086202472823175,85,44.97204301075271,28.228140313583317,93,16.340510204081635,18.455434110055947,98,33.5031914893617,40.97608390354628,94,10.633673469387755,9.137562036711588,98,7.576530612244898,22.945982291093507,98,157.7683673469388,315.9085991385453,98,0.026,0.0154544679529948,70,,,0,8.792555921814047,2.8433143015873017,0.3265503095849045,Proteobacteria,Bacteria,0.4487768619631668,0.5140655775342525,0.221669955916546,0.6624360679464096,0.672280185466196,0.5038457297653143,0.14107617710997422,-0.9539697871126729
thiobacillus,17.577310924369748,17.001754374478278,238,41.19372384937238,29.25145263833631,239,17.18090163934426,25.33992115461239,244,24.24644351464435,29.42632835274351,239,9.84344262295082,7.974165980151082,244,10.912809917355371,32.86022771551631,242,97.81106557377048,210.9395045229964,244,0.031078431372549,0.0203131573146289,204,,,0,12.502906252700424,3.0392933636363644,0.2265832711661883,Proteobacteria,Bacteria,0.41480349078636597,0.5424183019428632,0.3096850655496418,0.45626953749621835,0.5578966428986302,0.456214607734744,1.061371726116443,-0.8538758008791377
treponema,24.045714285714283,30.92455090602765,35,53.23714285714284,42.20717868767242,35,39.41285714285713,59.98398200752424,35,17.802857142857142,23.49471136628144,35,9.39142857142857,6.0577792197826295,35,37.36857142857143,79.65385324097292,35,84.59428571428572,183.423598364482,35,0.038235294117647,0.0329803052557031,34,,,0,18.283508419152128,1.58612884,0.1421413579193795,Spirochaetes,Bacteria,0.8509740508226737,0.9013801958875611,0.7525939989778306,0.35038843129624286,0.36948006253941673,0.644963347904745,2.4951615222114594,-1.5960623809307677
trichococcus,21.881818181818183,24.66486643717408,11,60.17272727272728,31.308468212580788,11,30.658181818181824,51.01679915835211,11,22.59090909090909,15.242536176467128,11,11.845454545454544,3.8993239507288022,11,28.272727272727277,67.86010744036722,11,79.51818181818182,67.73568953191248,11,0.0472727272727272,0.0210194714923611,11,,,0,11.737547180989532,2.555900269230769,0.2291526066003906,Firmicutes,Bacteria,0.6548719190244002,0.599411650180755,0.6379525483567624,0.2030846792758883,0.15726363052062303,0.45051688547168584,0.8715361353303324,-1.1007631021598565
turicibacter,16.882180293501047,16.353053227400142,477,40.331622176591374,31.199680574314545,487,19.794673469387757,27.52316598511297,490,19.752371134020613,20.025903151969388,485,9.318163265306122,6.873071895004696,490,11.09958762886598,35.4627898315899,485,67.98204081632653,126.11092239922276,490,0.0291315136476426,0.0215330377759937,403,,,0,7.298550604292201,2.603256595744681,0.5104327277354656,Firmicutes,Bacteria,0.3944811121624949,0.5963974913045087,0.3375968811822005,0.2884691853696802,0.44963854674211595,0.4133166433522001,-0.22948895051744622,-1.0765764189264833
turneriella,18.629113924050635,19.033217601911844,79,53.57236842105263,31.4172037740862,76,23.220379746835444,37.666726302756445,79,27.02025316455696,22.334475935640427,79,12.42278481012658,7.661123124583153,79,22.803797468354432,49.96356734979428,79,88.5848101265823,82.97397350452825,79,0.0333783783783783,0.0251176424940241,74,,,0,4.690170427216517,4.0510255,0.5542307203605537,Spirochaetes,Bacteria,0.4784447608139083,0.6024243661758669,0.4672777953373423,0.3296778879268626,0.5271186884837018,0.48098869974753644,-0.8764576874307607,-0.33714558760842267
uliginosibacterium,17.114367816091953,17.961650554403285,174,46.75222222222222,29.824955722699,180,23.05038888888889,33.15842462047327,180,19.775977653631287,18.36744290887367,179,9.75,6.364413106480765,180,16.474444444444444,43.99623031365913,180,68.03833333333333,97.90230352914509,180,0.0307407407407407,0.0239190029590174,162,,,0,6.513346389531016,3.9918036666666654,0.2774637826884771,Proteobacteria,Bacteria,0.4448749245982347,0.5583082453209501,0.409641160355369,0.2588651826958003,0.39962789571626944,0.41426348173732475,-0.4242468249667868,-0.36739243800363214
ureibacillus,29.121428571428567,28.60234467450389,14,66.46875,45.04819225007814,16,39.3875,56.99924005341358,16,19.60625,8.192636429542487,16,9.95625,3.974077461080328,16,32.21875,77.03989632002369,16,58.28125,25.074933532647037,16,0.0516666666666666,0.0272474630456533,12,,,0,7.950653398893916,3.773274785714286,0.3862203809969345,Firmicutes,Bacteria,0.7782244426366804,0.9800956306845163,0.7144353985450985,0.0772418971969107,0.1646132955681803,0.5429221329262772,-0.06774484393781982,-0.4790034773308915
variovorax,17.516624040920718,15.246536550272824,391,45.65483870967742,28.87175012679987,403,19.51136476426799,25.964571582947777,403,20.92225,18.88154288164711,400,10.44937965260546,7.283657052743012,403,11.11075,33.92483079986545,400,66.58114143920595,103.00861429314725,403,0.032079772079772,0.0222955323123436,351,,,0,7.294387988166718,6.991676352112676,0.3888934819197614,Proteobacteria,Bacteria,0.35981638100317015,0.5318979550199934,0.3176709438840009,0.2680420182768677,0.4900067297034864,0.3934868055775037,-0.23052142366711495,1.164757028066472
veillonella,10.554545454545456,7.974003214993537,11,24.500000000000004,28.91466371545376,10,10.849090909090908,7.208687057357192,11,10.718181818181815,8.934855139488068,11,5.727272727272728,5.187502464402481,11,3.2818181818181817,2.562349773867019,11,32.554545454545455,20.8194795149333,11,0.0314285714285714,0.018644544714716,7,,,0,24.31785149325489,1.9327365336134448,0.1526102860278374,Firmicutes,Bacteria,0.13198392431650435,0.5330869538457251,0.0778852892518483,0.09049071926865242,0.28391561719576763,0.22347250077569955,3.9918878625913234,-1.4190366040429478
verrucomicrobium,17.05061295971979,14.840122669698234,571,42.694127806563046,29.403906009934744,579,18.35123076923077,23.374483083942568,585,20.8848275862069,20.952584289260045,580,10.04957264957265,7.2625355011937796,585,9.29948364888124,29.820480981027423,581,70.25350427350428,132.18853502989484,585,0.030910931174089,0.0209940627640795,494,,,0,2.3438458933661144,8.106335,0.4670630397911234,Verrucomicrobia,Bacteria,0.34708432896929464,0.5466422991776637,0.2845578126188884,0.3050107159733797,0.48793008703558255,0.3942450487549618,-1.4584275372997242,1.7340557388072828
virgibacillus,21.66170212765957,13.814163387019002,47,58.94255319148935,24.96600945529961,47,19.24,25.24418770813349,47,24.04893617021277,9.6380782934924,47,13.07872340425532,5.665607000375265,47,8.942553191489361,32.91569431851522,47,63.285106382978725,19.45015903280691,47,0.0464444444444444,0.0176010789384622,45,,,0,8.667290652460082,4.384299722222222,0.2694998058788598,Firmicutes,Bacteria,0.314943283606273,0.42368232408123835,0.3084611559492807,0.10304345920809095,0.3309222150209899,0.29621048757317453,0.1100060463808333,-0.16692972341190956
viridibacillus,16.150267379679146,16.703049667880823,187,51.16310160427808,27.86002217317174,187,25.014010695187164,33.35377916167037,187,18.34385026737968,12.041536631617154,187,9.725133689839572,4.777777788921384,187,15.706486486486488,43.25068058123832,185,59.70267379679143,47.51227734163792,187,0.0307182320441988,0.0248111343547222,181,,,0,7.531538316701186,4.51435,0.6399218751274653,Firmicutes,Bacteria,0.40544573001848705,0.5038661966292887,0.41213868141242166,0.14594589679416803,0.2436320356977958,0.3422057081104322,-0.17169991832868117,-0.1005080833782536
vogesella,17.637500000000003,12.363205718332232,72,38.00555555555556,28.7536838491745,72,13.57611111111111,6.618395311140208,72,20.073611111111116,10.884787071556072,72,11.066666666666666,5.929586832149437,72,4.198591549295774,2.7063677797661088,71,51.51527777777777,25.2211215961868,72,0.0309259259259259,0.0188608127757116,54,,,0,9.635552240421765,3.528599,0.165383384643666,Proteobacteria,Bacteria,0.2694879745736374,0.5286267146073748,0.07033867141052635,0.12529757723895438,0.3568763586287902,0.2701254592918566,0.3501684974187648,-0.6039687387772088
williamsia,20.247169811320752,21.39688543221796,106,49.25267857142857,33.011229211010594,112,26.055267857142866,41.47701990389119,112,21.578181818181815,19.24226703641189,110,10.19107142857143,5.633787287612056,112,22.70803571428571,54.626009609311126,112,76.64464285714287,117.83249971489398,112,0.0371578947368421,0.0271192464393022,95,,,0,7.011988576444463,5.84712875,0.4882551471419892,Actinobacteria,Bacteria,0.5524932695993552,0.6465897327215516,0.5159907069700731,0.27448105043735904,0.32779374346668655,0.4634697006390051,-0.3005662707767273,0.5801928877359527
wolbachia,20.621621621621625,23.147799693073,37,51.5054054054054,35.253643987741384,37,29.67891891891892,46.65737066839158,37,18.55945945945945,13.619868237644988,37,9.205405405405402,5.039066599301123,37,23.989189189189187,61.956121497322535,37,58.45405405405405,32.74089860467243,37,0.0347058823529411,0.0284163092433912,34,,,0,14.018902756425366,1.212648400190114,0.3191165613837702,Proteobacteria,Bacteria,0.6073455582183942,0.7087199022079703,0.582219191027707,0.17411957975077572,0.26932160168520225,0.46834516657800995,1.437391430529136,-1.7868130948589047
xanthobacter,15.324137931034484,12.927563442185235,29,30.255172413793108,28.55325333236248,29,12.799666666666663,6.572136839999465,30,18.2448275862069,29.169891353523315,29,7.696666666666667,8.837907512267954,30,3.916666666666667,3.239421333311343,30,75.83,201.055195972614,30,0.0269565217391304,0.0171715363342669,23,,,0,9.853336398430391,5.07442332,0.3276050748884244,Proteobacteria,Bacteria,0.2871680594557216,0.523073423526259,0.06974727739924252,0.45169206170673193,0.642818553841283,0.39489987518584757,0.4041865208897669,0.1855427354985911
xanthomonas,25.55294117647059,33.237781921464375,17,65.91176470588235,42.35345148793869,17,46.85941176470588,65.59199002837428,17,15.282352941176471,4.866368678763156,17,9.064705882352944,2.744071148966119,17,45.194117647058825,87.9707371131747,17,59.65294117647059,27.21507205683688,17,0.0476470588235294,0.0349158652629263,17,,,0,9.303308667642796,4.944477458862507,0.3065065602941069,Proteobacteria,Bacteria,0.9234424852503449,0.9054329491810647,0.824289891145814,0.017867040429585264,0.04368072186147787,0.5429426175736574,0.26776056987909025,0.11917442502803227
yeosuana,24.571428571428573,24.836387475982555,21,59.15714285714286,35.99579935809971,21,31.34333333333333,50.954047467628456,21,18.34285714285714,7.083754049130407,21,9.933333333333334,4.739760894109884,21,27.08095238095239,67.36254611464457,21,54.61428571428572,21.945347700920248,21,0.037,0.0281162998239361,20,,,0,5.91232576293861,3.0444871818181816,0.1289682867520158,Bacteroidetes,Bacteria,0.660245295514215,0.7292826631316396,0.6371502958573447,0.057448020864089275,0.23989426550213785,0.46480410817388523,-0.5733207824606966,-0.8512231197194527
zoogloea,15.504347826086958,6.844936965037441,23,45.00869565217391,23.586358018672158,23,15.020434782608698,5.35716044040028,23,17.74782608695652,10.661948890807798,23,9.852173913043478,5.99961131810882,23,6.256521739130436,2.490130717079385,23,51.06086956521739,26.337179719421798,23,0.0265,0.0198082917247457,20,,,0,8.365960579593748,4.303152,0.1652591270874301,Proteobacteria,Bacteria,0.09661276469023913,0.3854565781223161,0.05421434367153644,0.1213198502321251,0.3637610723299754,0.20427292180923842,0.03526573883299223,-0.2083749620311271
