genus_lower,phylum,kingdom,n_samples,median_temp_range_C,median_soil_ph,median_soil_moisture,median_cmmi_nearest_km,ko_per_mb_primary,mean_genome_mb,ko_per_mb_z,genome_mb_z,mean_levins_B_std
achromobacter,Proteobacteria,Bacteria,18180,90.0,70.0,260.2439880371094,44.57,8.800642198780132,6.476800068965517,-0.006926651459367798,1.6212604468252096,0.3824708127696951
actinotalea,Actinobacteria,Bacteria,11590,80.0,65.0,334.0929870605469,17.65,10.272412611997389,3.504532125,0.3712278293863998,-0.18505367256027505,0.3485850896289182
anaerofilum,Firmicutes,Bacteria,2332,84.0,63.0,280.3710021972656,53.45,6.078563149242783,2.632201,-0.7063335566089045,-0.7151889287258628,0.1420979685866183
anaeromassilibacillus,Firmicutes,Bacteria,555,122.0,55.0,356.5710144042969,44.96,8.189715642751134,2.6862959545454546,-0.16389720376516112,-0.6823142074607922,0.0975258220513013
anaerostipes,Firmicutes,Bacteria,269,68.0,59.0,309.7279968261719,18.36,9.86754108009875,2.93892873255814,0.26720074569222596,-0.5287835828512678,0.1165947155912339
blastomonas,Proteobacteria,Bacteria,34852,79.0,66.0,280.3710021972656,29.84,7.184933200034654,4.036224025,-0.42206449641904875,0.13806746060766983,0.3751100688324422
cryobacterium,Actinobacteria,Bacteria,2210,73.0,59.0,277.4840087890625,19.19,8.278106597741687,3.744817686746988,-0.1411861644646449,-0.039026729145145045,0.3421583880822563
desulfitobacterium,Firmicutes,Bacteria,3666,76.0,66.0,346.6440124511719,17.65,7.0475538254554495,4.966262176470588,-0.4573625467170924,0.7032725754356313,0.1901604521467534
hyphomonas,Proteobacteria,Bacteria,33734,61.0,69.0,353.89898681640625,32.86,11.35141818439583,3.435694057471264,0.6484659015719094,-0.22688811537382297,0.1262994839946554
klebsiella,Proteobacteria,Bacteria,1246,80.0,64.0,311.7690124511719,17.65,14.583650308706922,5.622734930159652,1.478950772014433,1.1022258415393493,0.1656085122783746
longimicrobium,Gemmatimonadetes,Bacteria,1288,101.0,70.0,159.05999755859375,41.21,3.079902045426502,6.818398666666667,-1.4768050396354164,1.8288576022036844,0.2892347361406029
marinomonas,Proteobacteria,Bacteria,6535,63.0,65.0,353.89898681640625,29.99,12.070173868643922,4.308140095238096,0.8331419082308767,0.30331697586623996,0.1199407273308305
niastella,Bacteroidetes,Bacteria,45883,99.0,66.0,245.48699951171875,17.65,2.051352825876699,8.77469725,-1.741078932254944,3.01774427710227,0.4595472315453532
ponticaulis,Proteobacteria,Bacteria,952,130.0,65.0,152.51199340820312,30.45,7.909414587901631,3.4136534,-0.23591733606652146,-0.24028271893630232,0.1266866915868326
pseudoleptotrichia,Fusobacteria,Bacteria,427,79.0,59.0,277.4840087890625,65.75,9.622148436218644,2.2863916666666664,0.20414992810784408,-0.92534504290913,0.2423209274644864
salinicoccus,Firmicutes,Bacteria,1159,122.0,55.0,356.5710144042969,64.77,13.719240188127674,2.4782713571428574,1.2568505331117368,-0.8087354368222565,0.132489251410708
streptobacillus,Fusobacteria,Bacteria,884,79.0,59.0,277.4840087890625,55.14,10.434821333211191,1.6291606206896552,0.41295688243970685,-1.324759140301333,0.2143370560716949
sulfurospirillum,Proteobacteria,Bacteria,1488,43.0,63.0,416.53900146484375,50.65,15.702665166873029,2.4836548181818183,1.7664687700311787,-0.8054637863959955,0.0845250200403809
tenacibaculum,Bacteroidetes,Bacteria,5710,57.0,55.0,416.53900146484375,29.39,11.14017938283696,3.0520154866071425,0.5941905209686541,-0.46005821743833164,0.0433838008318296
variibacter,Proteobacteria,Bacteria,78030,91.0,63.0,297.093994140625,17.65,5.887764382427306,4.585781333333333,-0.755357105365669,0.4720458044744698,0.473750621636708
acetanaerobacterium,Firmicutes,Bacteria,612,92.0,63.0,335.0920104980469,17.65,8.52387387905731,2.346351,-0.07803908809991142,-0.8889064066788973,0.2677484640548389
acetomicrobium,Synergistetes,Bacteria,2588,51.0,55.0,335.697998046875,53.45,11.203066075492751,1.963748125,0.6103485333867551,-1.1214227841586248,0.1924141178334138
agathobaculum,Firmicutes,Bacteria,553,122.0,55.0,356.5710144042969,57.35,9.83880696032343,2.439320142857143,0.25981784408704717,-0.8324069663269705,0.1018985336138848
alkalibacterium,Firmicutes,Bacteria,407,80.0,61.0,245.48699951171875,17.65,13.68870146381781,2.1185355,1.2490039591261626,-1.0273550129360582,0.1716860037954161
alkalihalobacillus,Firmicutes,Bacteria,14655,80.0,59.0,347.3320007324219,17.65,8.613427845140345,4.2956185,-0.055029226474971736,0.29570732064598154,0.3270195930873961
aurantimonas,Proteobacteria,Bacteria,1685,79.0,59.0,277.4840087890625,17.65,9.709228038697098,4.5317712000000006,0.22652403046224073,0.4392226309688771,0.4575655049774919
desulfocapsa,Proteobacteria,Bacteria,3986,57.0,61.0,416.53900146484375,20.39,7.51796687293329,4.389484625,-0.3364953243877638,0.35275187723238793,0.0564499466749194
desulfococcus,Proteobacteria,Bacteria,363,61.0,65.0,347.3320007324219,30.94,8.588111138746246,4.4247215,-0.0615340630155144,0.37416611916328335,0.1843376816836647
marinibacterium,Proteobacteria,Bacteria,3020,71.0,64.0,216.41900634765625,20.39,7.037583313529901,6.110052,-0.45992435508551194,1.3983793917794332,0.0432691276908657
microvirga,Proteobacteria,Bacteria,41620,99.0,69.0,245.48699951171875,17.65,6.99744030159861,6.716741833333333,-0.47023864031650736,1.7670784568359785,0.3478248247764948
pandoraea,Proteobacteria,Bacteria,801,78.0,59.0,560.7440185546875,40.63,8.142476140435855,5.526574376623376,-0.17603485058359164,1.0437869090961462,0.5571930021000934
parafilimonas,Bacteroidetes,Bacteria,28880,80.0,63.0,248.1009979248047,17.65,1.974128389413934,3.039316,-1.7609208630458661,-0.4677759812469416,0.5886047889730722
rhodobaculum,Proteobacteria,Bacteria,175,61.0,69.0,347.3320007324219,52.59,14.16391461222874,2.541670222222222,1.3711045121842913,-0.7702065197445167,0.2313281865008408
salmonella,Proteobacteria,Bacteria,10684,91.0,66.0,217.97999572753903,33.99,15.475139590594194,4.846482938711912,1.7080086899778126,0.6304800370603502,0.1836480408569124
sneathia,Fusobacteria,Bacteria,936,84.0,61.0,241.8249969482422,48.61,4.5595710811483965,1.31591325,-1.0966210985791336,-1.5151266169905973,0.224955254451604
streptacidiphilus,Actinobacteria,Bacteria,3945,90.0,53.0,523.5830078125,40.63,2.586637683218984,9.66505675,-1.6035436444715823,3.558835782477554,0.430151869159695
succinivibrio,Proteobacteria,Bacteria,1460,99.0,61.0,233.7469940185547,64.77,9.749961161311738,2.2564192447552447,0.23698993784646008,-0.9435599582234432,0.1811302977962852
syntrophorhabdus,Proteobacteria,Bacteria,8977,68.0,62.0,335.697998046875,53.45,10.140463550088404,3.2542891000000003,0.3373250354749471,-0.33713199048344483,0.1946224109312789
ureibacillus,Firmicutes,Bacteria,441,80.0,57.0,558.260986328125,17.65,7.950653398893916,3.773274785714286,-0.22532149786958786,-0.021732709685782135,0.3862203809969345
aeromicrobium,Actinobacteria,Bacteria,37982,99.0,65.0,248.1009979248047,17.65,13.953637444887937,3.51162915,1.317076212433614,-0.18074065075174026,0.3082644197935794
methylocystis,Proteobacteria,Bacteria,19864,91.0,63.0,291.7300109863281,17.99,12.701595929270406,3.1492105576923075,0.9953785447242113,-0.4009905853992175,0.4514719062383273
actinocatenispora,Actinobacteria,Bacteria,643,91.0,70.0,255.49099731445312,32.06,2.8588839174485834,6.995737,-1.5335931056900203,1.9366300983067497,0.3472025737891058
anoxybacillus,Firmicutes,Bacteria,4463,76.0,65.0,252.6439971923828,32.86,15.009065020834957,2.731682482758621,1.58825618960145,-0.6547317928579044,0.4084577184844581
chryseolinea,Bacteroidetes,Bacteria,61329,101.0,70.0,245.48699951171875,17.65,3.6102537286320486,5.262788,-1.3405372742100576,0.8834779916031176,0.533330016252208
limnoglobus,Planctomycetes,Bacteria,9197,63.0,60.0,356.302001953125,37.83,4.873636904678222,5.334825,-1.015925497293943,0.9272564976702957,0.561059696750274
pacificibacter,Proteobacteria,Bacteria,1722,66.0,60.0,342.3429870605469,27.55,9.248101120792787,3.892691,0.10804277232706126,0.05083921115526529,0.0172335978705343
planktosalinus,Bacteroidetes,Bacteria,548,61.0,79.0,235.2030029296875,30.19,5.699951918530588,2.807041222222222,-0.8036133579329257,-0.6089345909641259,0.3598703442711617
orientia,Proteobacteria,Bacteria,67,157.0,65.0,245.48699951171875,30.19,2.9903106459295272,2.0064805,-1.4998245193455464,-1.0954533581941563,0.2776961907902944
kordiimonas,Proteobacteria,Bacteria,3883,70.0,63.0,258.31201171875,23.45,5.907693580118616,4.062499125,-0.7502365272245742,0.1540354301894919,0.0480582054779071
nevskia,Proteobacteria,Bacteria,3366,79.0,56.0,374.0989990234375,32.04,6.68246153959976,4.19007275,-0.5511688106416088,0.23156479310125,0.3892325766727226
rhodopirellula,Planctomycetes,Bacteria,16386,63.0,70.0,347.3320007324219,25.0,4.492367075649042,7.345793307692308,-1.1138883948789764,2.1493671943846193,0.0779419413538587
acaryochloris,Cyanobacteria,Bacteria,1155,57.0,66.0,312.2059936523437,32.8,6.338244675839647,6.153123142857143,-0.6396113749468809,1.4245546945945382,0.0641151121326881
caldithrix,Calditrichaeota,Bacteria,96,76.0,61.0,186.56399536132807,55.74,6.8451919573021085,4.96699,-0.5093571013754011,0.7037148901738658,0.1063159948910675
draconibacterium,Bacteroidetes,Bacteria,3373,63.0,62.0,416.53900146484375,20.39,5.60520723752366,4.995355,-0.8279569140591513,0.7209529390181472,0.1019095613712213
morganella,Proteobacteria,Bacteria,491,81.0,59.0,277.4840087890625,21.64,16.56007434260241,3.985489354368932,1.986770196672563,0.10723485949937153,0.3109495119825685
parvibaculum,Proteobacteria,Bacteria,20252,99.0,66.0,280.3710021972656,47.54,10.541325059539762,3.6048599,0.4403217900205573,-0.12408222585172321,0.526575046022981
acidipropionibacterium,Actinobacteria,Bacteria,33,89.0,60.0,286.6839904785156,30.95,9.888963607583824,3.3370534375,0.27270501774904327,-0.2868342400025854,0.3729363105195635
amphiplicatus,Proteobacteria,Bacteria,4714,63.0,70.0,353.89898681640625,33.34,6.644200830778216,3.160651,-0.5609994597369217,-0.3940379711457295,0.2874962246189661
aneurinibacillus,Firmicutes,Bacteria,12339,101.0,60.0,379.58599853515625,17.65,8.576934336386966,5.013446333333333,-0.06440581383733598,0.7319474494238641,0.3761038924954203
brooklawnia,Actinobacteria,Bacteria,5616,78.0,63.0,280.3710021972656,53.45,11.111971945974828,2.879776888888889,0.5869429444806392,-0.5647314894403688,0.2220656696240108
enterococcus,Firmicutes,Bacteria,7758,79.0,59.0,335.697998046875,53.45,18.72240956977061,2.991067992146597,2.5423573642776236,-0.4970973814237873,0.1974481463991197
fournierella,Firmicutes,Bacteria,1205,122.0,55.0,356.5710144042969,64.77,7.367278478214958,2.7147066666666664,-0.3752129743435257,-0.6650483783317154,0.2220966143299848
lentibacter,Proteobacteria,Bacteria,82,72.0,64.0,16.95800018310547,29.53,9.384746262028491,2.7704531666666665,0.14315216981190956,-0.6311699757264718,0.0213994942059787
malikia,Proteobacteria,Bacteria,1480,66.0,57.0,457.7330017089844,17.65,8.832081861969108,3.849602,0.001151408409497187,0.024653056152577412,0.1336831675298473
mycoavidus,Proteobacteria,Bacteria,3650,80.0,63.0,260.2439880371094,40.63,4.3681283880295805,2.518241,-1.145810096793745,-0.7844449853553109,0.6396681272267872
owenweeksia,Bacteroidetes,Bacteria,2471,163.0,83.0,80.5999984741211,26.43,6.430833635073407,3.887520875,-0.6158217067373162,0.04769720984093268,0.3316010767743216
pseudogemmobacter,Proteobacteria,Bacteria,395,80.0,57.0,558.260986328125,17.65,6.648988416857724,4.963161,-0.559769344555816,0.7013879207035768,0.278781991890965
sphingomicrobium,Proteobacteria,Bacteria,331,57.0,62.0,120.12100219726562,51.11,8.79249683490097,2.5021334,-0.009019509028294728,-0.7942339363711456,0.3243699034869594
aminiphilus,Synergistetes,Bacteria,44,78.0,64.0,203.69900512695312,52.07,6.307323717397837,3.170917,-0.6475561595965843,-0.38779909191303447,0.1094130022217869
barnesiella,Bacteroidetes,Bacteria,536,71.0,65.0,353.89898681640625,50.76,6.2257360915259845,3.051847961538461,-0.6685191617251336,-0.46016002619266183,0.1448648689380496
brachybacterium,Actinobacteria,Bacteria,1381,79.0,59.0,277.4840087890625,17.65,11.156020798556622,3.5855078367346938,0.5982607905457109,-0.13584291020938138,0.239784231640659
chitinimonas,Proteobacteria,Bacteria,6829,78.0,62.0,283.8729858398437,47.61,5.104428959875615,4.8977075,-0.956626133050225,0.6616103557457353,0.3554628821976143
desulfatitalea,Proteobacteria,Bacteria,2249,61.0,69.0,347.3320007324219,53.23,7.588387642158956,4.6123105,-0.31840151764444224,0.48816817608730567,0.1105904928392305
desulfurispirillum,Chrysiogenetes,Bacteria,171,139.0,67.0,176.44400024414062,49.89,10.541761528351389,2.940685,0.4404339356618773,-0.5277162596026725,0.5282167383153002
euzebyella,Bacteroidetes,Bacteria,787,57.0,65.0,314.0660095214844,25.0,5.326499918165592,4.318032545454546,-0.8995675543555385,0.3093288404888658,0.0851622457612906
geofilum,Bacteroidetes,Bacteria,608,63.0,66.0,223.9250030517578,47.56,7.096141721304001,2.818433,-0.4448784456881605,-0.6020115512406448,0.2228025284558068
haloactinopolyspora,Actinobacteria,Bacteria,526,126.0,70.0,192.9320068359375,39.11,3.792363408099477,5.537444,-1.2937462865141875,1.050392623839146,0.3619277862819525
hydrogenobacter,Aquificae,Bacteria,707,79.0,61.0,335.0920104980469,18.28,15.110259564038792,1.654505,1.6142569636393107,-1.3093567906281542,0.1237806472662348
kaistia,Proteobacteria,Bacteria,7196,80.0,57.0,558.260986328125,17.65,6.1795900884782125,5.178337,-0.6803758464831126,0.8321552183632658,0.3519557071958934
kerstersia,Proteobacteria,Bacteria,2988,81.0,65.0,283.8729858398437,64.77,9.1296872067722,3.833647222222222,0.07761767899780667,0.014956978640397208,0.5031514466997647
kineococcus,Actinobacteria,Bacteria,17478,99.0,66.0,248.1009979248047,53.45,4.337780039849739,4.841186,-1.153607755822226,0.6272609681993916,0.410547249247016
marinilactibacillus,Firmicutes,Bacteria,73,63.0,65.0,560.7440185546875,29.45,10.940455917451656,2.559308333333333,0.5428738735573242,-0.7594874426828493,0.1339765270649861
methylovirgula,Proteobacteria,Bacteria,8566,62.0,58.0,295.1090087890625,20.39,6.978883718446342,3.295656,-0.4750065409382339,-0.3119923944060079,0.4369321780645275
novosphingobium,Proteobacteria,Bacteria,55569,79.0,63.0,277.4840087890625,19.5,8.463956388901686,4.371478100775193,-0.0934341980843904,0.34180890723052126,0.4489700042625262
pelosinus,Firmicutes,Bacteria,8553,80.0,57.0,558.260986328125,17.65,5.063873295657683,5.1344096666666665,-0.9670464445403592,0.8054595893275164,0.6549004721939029
psychroflexus,Bacteroidetes,Bacteria,34,156.0,81.0,148.3489990234375,55.05,7.884708103870408,2.7902110909090907,-0.24226538298909014,-0.6191626405192616,0.1349319738581857
reinekea,Proteobacteria,Bacteria,5341,63.0,67.0,353.89898681640625,20.39,8.388092521950993,3.099632,-0.11292654618709458,-0.4311205906567185,0.0630748183169263
rhodobium,Proteobacteria,Bacteria,707,101.0,65.0,162.90899658203125,30.83,7.378338479724423,5.150211,-0.37237123415673756,0.8150624151975946,0.3787869379769167
ruminobacter,Proteobacteria,Bacteria,517,99.0,61.0,233.7469940185547,64.77,6.959916612010851,2.442558,-0.4798799207961567,-0.8304392476744278,0.2249960362634488
saccharopolyspora,Actinobacteria,Bacteria,4394,90.0,63.0,262.1969909667969,17.65,5.6230683971105,7.469231571428572,-0.8233676945244958,2.2243834051915647,0.3185551656770693
shimwellia,Proteobacteria,Bacteria,153,91.0,64.0,213.19000244140625,67.54,11.394882061455387,4.12465875,0.6596334449043453,0.19181123318234242,0.3233798784500552
thermosipho,Thermotogae,Bacteria,49,99.0,81.0,189.96600341796875,68.16,10.581387367466382,1.8901113157894736,0.4506153392857292,-1.166173530286179,0.0577542624474705
winogradskyella,Bacteroidetes,Bacteria,10577,77.0,79.0,178.0070037841797,41.21,7.7409781201177985,3.487931315789474,-0.279195149275889,-0.19514235791284493,0.049956426792804
acinetobacter,Proteobacteria,Bacteria,34616,91.0,62.0,280.3710021972656,64.77,16.95406023088738,3.8928728045780656,2.0880003394359834,0.050949697888803346,0.2569934734607408
acuticoccus,Proteobacteria,Bacteria,1920,79.0,69.0,347.3320007324219,17.65,7.126323609335199,6.174291599999999,-0.43712355668041536,1.4374192423888845,0.2772545318797952
anaerovibrio,Firmicutes,Bacteria,790,99.0,61.0,233.7469940185547,64.77,11.16988271652855,2.148634914893617,0.6018224509426898,-1.0090629211285331,0.0782265219736035
arthrobacter,Actinobacteria,Bacteria,26384,91.0,63.0,291.7300109863281,17.65,9.31972602197083,4.50657024691358,0.12644596692682508,0.42390744463973357,0.3488958137948422
frederiksenia,Proteobacteria,Bacteria,18,79.0,59.0,277.4840087890625,,10.32565714594143,2.130615,0.3849084000179765,-1.020014028941188,0.2090867221750473
geobacter,Proteobacteria,Bacteria,30916,76.0,62.0,385.8169860839844,17.65,10.989146741991608,3.548956157894737,0.5553844209297286,-0.15805618802301305,0.1870235955227984
geodermatophilus,Actinobacteria,Bacteria,28948,71.0,63.0,353.89898681640625,17.65,5.6713214037087605,5.46609825,-0.8109696394368651,1.0070342059533046,0.4031428440500597
kitasatospora,Actinobacteria,Bacteria,1775,76.0,58.0,365.4580078125,17.65,3.4405919831594494,8.719429722222221,-1.384129908429636,2.9841569566955717,0.4074000448537305
leptospirillum,Nitrospirae,Bacteria,506,68.0,63.0,361.5750122070313,6.41,6.337062826829064,1.89362175,-0.6399150374577055,-1.1640401604153632,0.2194287408267406
psychromonas,Proteobacteria,Bacteria,6101,57.0,63.0,416.53900146484375,20.39,12.324440162305628,4.138119,0.8984727080708015,0.19999133002550235,0.0722609881292283
rickettsia,Proteobacteria,Bacteria,23284,91.0,61.0,283.8729858398437,40.63,9.131726745776886,1.3140997682119204,0.07814171508832421,-1.5162287106849788,0.4778088235430064
robiginitalea,Bacteroidetes,Bacteria,5411,69.0,65.0,258.31201171875,37.03,7.001507268925949,2.570875,-0.46919367983593574,-0.7524581190457781,0.0623584865856656
tabrizicola,Proteobacteria,Bacteria,8434,63.0,60.0,353.89898681640625,17.65,12.58978668757307,3.415466923076923,0.966650445988085,-0.23918060014976153,0.1131720422667886
thermoanaerobaculum,Acidobacteria,Bacteria,3980,64.0,64.0,371.6130065917969,34.31,5.590995143222326,2.5040265,-0.8316085482365935,-0.7930834568976003,0.1904313687283694
wenxinia,Proteobacteria,Bacteria,1292,79.0,67.0,192.9320068359375,40.14,8.1396015074542,4.177108666666666,-0.17677345446707612,0.22368622790747833,0.4716134067901192
acidothermus,Actinobacteria,Bacteria,19117,79.0,63.0,248.1009979248047,31.06,7.732568658102545,2.19849325,-0.28135586382349226,-0.9787628888402067,0.6100101558853356
alcanivorax,Proteobacteria,Bacteria,8742,82.0,69.0,181.5829925537109,47.54,13.067264850807476,3.5202470084745765,1.089332968555172,-0.17550338421488668,0.1729655386880221
blastococcus,Actinobacteria,Bacteria,21048,98.0,66.0,248.1009979248047,17.65,6.727636567177951,4.459218285714285,-0.5395616068633506,0.3951305921798018,0.3829855511309066
bordetella,Proteobacteria,Bacteria,2499,101.0,65.0,277.4840087890625,25.2,13.68364881650087,4.16555560321489,1.2477057395085676,0.2166651712502316,0.2960708447689271
crossiella,Actinobacteria,Bacteria,2292,126.0,70.0,192.9320068359375,35.45,3.209025544796016,9.9718745,-1.4436282415216881,3.7452958339773783,0.2423005817501391
dietzia,Actinobacteria,Bacteria,9702,79.0,59.0,309.7279968261719,17.65,13.81347180615256,3.5472617375,1.2810622636054636,-0.15908592542922567,0.1762396739684411
dolosigranulum,Firmicutes,Bacteria,803,79.0,59.0,277.4840087890625,51.22,12.979965197614858,1.926045225806452,1.066902326700574,-1.14433568448894,0.2079001024317492
edwardsiella,Proteobacteria,Bacteria,1471,79.0,59.0,277.4840087890625,21.64,10.925096637351873,3.8443595873015872,0.5389274831827536,0.021467123977110474,0.2755942073603751
filifactor,Firmicutes,Bacteria,94,99.0,61.0,233.7469940185547,64.77,7.523192929058441,1.860912,-0.33515254937127376,-1.183918611611705,0.1144553872612212
haemophilus,Proteobacteria,Bacteria,1434,79.0,59.0,277.4840087890625,64.77,20.38391117284727,1.8642153450226244,2.9692610922594946,-1.181911094500846,0.1146422288794734
ketogulonicigenium,Proteobacteria,Bacteria,1018,57.0,60.0,416.53900146484375,17.65,9.744122486762924,3.181405,0.2354897575717339,-0.3814252982843084,0.3290580311734318
neisseria,Proteobacteria,Bacteria,1896,79.0,59.0,277.4840087890625,64.77,20.88448119019456,2.154709977719144,3.097876801161491,-1.0053709687323225,0.1195360804717098
oceanisphaera,Proteobacteria,Bacteria,930,122.0,55.0,356.5710144042969,52.59,11.376209318236324,2.98869325,0.6548356982894126,-0.49854056566900556,0.1032413750220169
rivicola,Proteobacteria,Bacteria,1958,69.0,61.0,280.3710021972656,53.45,6.785838660442876,3.684143,-0.5246072483811587,-0.07590010174363072,0.1074171158162477
roseburia,Firmicutes,Bacteria,4627,57.0,57.0,335.697998046875,53.45,7.717489464104833,3.368971233576642,-0.28523028929540545,-0.26743707702811076,0.1178798646869575
saccharospirillum,Proteobacteria,Bacteria,746,61.0,69.0,347.3320007324219,39.31,5.67151630824259,3.7027135,-0.8109195609584944,-0.06461439097110376,0.1803257873413186
telmatospirillum,Proteobacteria,Bacteria,7378,83.0,56.0,457.7330017089844,40.63,3.8997295050122087,6.154273,-1.2661598027298602,1.4252534886573802,0.2962304340507981
vannielia,Proteobacteria,Bacteria,2543,61.0,69.0,347.3320007324219,53.45,7.750309151220587,4.257894666666667,-0.2767976481502092,0.27278169816780357,0.0842091653401154
aeromonas,Proteobacteria,Bacteria,5331,79.0,59.0,277.4840087890625,31.51,11.896951288536997,4.707088281848929,0.7886343585051648,0.5457667670573204,0.1644945576698541
caminicella,Firmicutes,Bacteria,226,98.0,61.0,314.4989929199219,40.63,7.269192536073873,2.4762035,-0.40041502909033133,-0.8099921201443637,0.1724265228058833
geminicoccus,Proteobacteria,Bacteria,1952,80.0,59.0,286.6839904785156,17.65,6.39355586400516,5.6306695,-0.6253998012816855,1.1070478581960135,0.3733987866426746
halorhodospira,Proteobacteria,Bacteria,646,57.0,65.0,353.89898681640625,33.34,11.902938676853466,2.7724246,0.7901727490721332,-0.629971891323396,0.1770635903633798
lacimicrobium,Proteobacteria,Bacteria,29,148.0,81.0,109.13999938964844,14.33,5.561458167986162,4.315415,-0.839197734318796,0.30773809920920436,0.1961494407048046
lewinella,Bacteroidetes,Bacteria,5366,57.0,70.0,335.7959899902344,30.88,3.0982454544866376,5.4869765,-1.4720919116449485,1.0197223883359283,0.071698489429352
macrococcus,Firmicutes,Bacteria,1514,122.0,55.0,356.5710144042969,34.31,15.278334286997104,2.029017,1.6574418306761878,-1.0817574199682036,0.0883508987411244
metabacillus,Firmicutes,Bacteria,3812,92.0,66.0,182.1959991455078,17.65,7.204557333788092,5.413240285714285,-0.41702230094825027,0.9749112315071059,0.3360929857246137
methylovorus,Proteobacteria,Bacteria,11565,87.0,68.0,248.1009979248047,40.51,6.778136127793172,2.9506636666666664,-0.5265863255586779,-0.5216519993029795,0.3972052465762758
nannocystis,Proteobacteria,Bacteria,26587,80.0,63.0,283.8729858398437,17.65,2.530713431720171,10.27378275,-1.6179127377094282,3.9287722718406433,0.4388854312861249
nitratiruptor,Proteobacteria,Bacteria,92,83.0,61.0,356.0469970703125,49.73,9.331632211342807,1.928923,0.12950512535287972,-1.1425867963482317,0.1181472426550937
ochrobactrum,Proteobacteria,Bacteria,2838,80.0,64.0,248.1009979248047,36.93,9.940775428605296,4.828597159722222,0.28601746927279625,0.6196104466551929,0.4490823481707068
paracnuella,Bacteroidetes,Bacteria,471,92.0,80.0,62.44300079345703,35.84,3.067017397145016,4.890745,-1.4801156018250143,0.657379087807138,0.2964073253894973
propionibacterium,Actinobacteria,Bacteria,622,57.0,56.0,309.7279968261719,53.45,10.91302829267148,2.6573742156862745,0.53582666081515,-0.6998905990390082,0.3005470105489847
proteiniphilum,Bacteroidetes,Bacteria,5700,107.0,63.0,280.3710021972656,53.45,8.96794704031176,3.0107225074626864,0.036060403399328415,-0.485152890148292,0.2255195592590325
pseudoalteromonas,Proteobacteria,Bacteria,8323,65.0,55.0,457.7330017089844,28.67,9.889508315843427,4.651394036072144,0.27284497427165916,0.5119201205194878,0.0536242390424967
pseudofulvimonas,Proteobacteria,Bacteria,2732,107.0,70.0,152.25900268554688,64.77,6.265603488688023,3.511234,-0.6582756925392523,-0.18098079229945116,0.3301198532741041
singulisphaera,Planctomycetes,Bacteria,50898,76.0,63.0,295.1090087890625,35.07,2.976849299621781,9.7418435,-1.503283257460388,3.6055008185111737,0.449287259699033
sporolactobacillus,Firmicutes,Bacteria,99,122.0,65.0,245.48699951171875,43.99,11.416677545985165,3.1532816666666665,0.6652335439844206,-0.3985164808566336,0.3420426404047709
sulfuricurvum,Proteobacteria,Bacteria,8285,71.0,66.0,353.89898681640625,44.43,13.397101053402892,2.015361375,1.1740805873661482,-1.090056250595709,0.1784902421134058
thalassobaculum,Proteobacteria,Bacteria,5916,57.0,55.0,457.7330017089844,39.33,6.317049256521588,5.223958,-0.6450572941721546,0.8598801267477169,0.2259388017794622
thermobrachium,Firmicutes,Bacteria,14,150.0,66.0,222.04299926757807,,8.379976883235198,2.5059735,-0.11501176621716339,-0.7919002211810547,0.0943547020262814
caenispirillum,Proteobacteria,Bacteria,1185,69.0,70.0,353.89898681640625,57.35,8.924340335073282,3.9218585,0.024856162008985418,0.06856495730952486,0.5110400565909022
mesobacillus,Firmicutes,Bacteria,13744,76.0,60.0,416.53900146484375,17.65,5.93001540771744,4.5531079000000005,-0.7445011903463787,0.4521894237337556,0.3172658735740261
rhizomicrobium,Proteobacteria,Bacteria,45392,91.0,63.0,283.8729858398437,17.65,12.431111067879035,3.459063294117647,0.9258805704358845,-0.21268610434741994,0.3909541094036116
cycloclasticus,Proteobacteria,Bacteria,4982,63.0,63.0,283.8729858398437,53.82,15.134403557918358,2.1804625384615384,1.6204604851866098,-0.9897205580169085,0.0398280044609892
neptunomonas,Proteobacteria,Bacteria,5014,69.0,66.0,277.7900085449219,20.39,12.068903225267391,3.977163384615385,0.8328154310289457,0.10217498030713987,0.0647475382747681
porticoccus,Proteobacteria,Bacteria,18339,63.0,64.0,353.89898681640625,17.65,17.122153532745525,1.8689237857142855,2.131189980107497,-1.179049669130733,0.1307887854962714
ralstonia,Proteobacteria,Bacteria,4579,81.0,65.0,353.89898681640625,17.65,7.858392782036095,5.4718568023598815,-0.24902680228192048,1.0105338078165866,0.4481516939537776
salinicola,Proteobacteria,Bacteria,294,69.0,74.0,176.44400024414062,40.08,9.227631350764469,4.226436722222222,0.10278330034109433,0.25366399737901346,0.1368885092102615
halobacteriovorax,Proteobacteria,Bacteria,44,88.0,62.0,257.9280090332031,25.35,6.303790242136148,3.965868,-0.6484640454265791,0.09531052087773922,0.0849148862855706
bombilactobacillus,Firmicutes,Bacteria,40,76.0,66.0,346.6440124511719,37.71,10.87520398162205,1.7470936666666668,0.5261081391083715,-1.2530885742196618,0.1141606386167138
alicyclobacillus,Firmicutes,Bacteria,8470,72.0,58.0,361.5750122070313,65.59,9.489053552615706,3.266922230769231,0.16995272849022452,-0.3294545526108486,0.3367781751044016
aquicella,Proteobacteria,Bacteria,20171,81.0,60.0,323.8489990234375,17.65,4.656340713762708,2.577131,-1.0717572544263576,-0.7486562070567132,0.4087249757380805
catonella,Firmicutes,Bacteria,26,78.0,52.0,410.9079895019531,57.35,9.8115894494577,2.4460868571428573,0.25282461769866954,-0.8282946817730329,0.3036275797414783
christensenella,Firmicutes,Bacteria,72,125.0,60.0,182.2830047607422,68.34,8.548887369961257,2.690408588235294,-0.07161215929228232,-0.6798148674141119,0.2395733144666246
cyclobacterium,Bacteroidetes,Bacteria,184,148.0,81.0,84.85700225830078,31.3,3.801339719615544,6.050498428571428,-1.2914399265066858,1.3621873461902525,0.1913557296984343
falcatimonas,Firmicutes,Bacteria,13,139.0,67.0,152.25900268554688,,3.7218941742973897,3.22416475,-1.3118525456730292,-0.3554392359162752,0.0936791252915897
halothiobacillus,Proteobacteria,Bacteria,886,65.0,58.0,338.34600830078125,53.45,10.703961812623684,2.3355838181818185,0.48210943324029704,-0.8954498653814205,0.1610268002108115
ileibacterium,Firmicutes,Bacteria,117,106.0,79.0,148.3489990234375,39.21,3.385322801343334,2.65853525,-1.3983306890464688,-0.6991850123578911,0.4393352450155696
jejuia,Bacteroidetes,Bacteria,94,42.0,62.0,216.41900634765625,29.84,6.325618285962395,3.9521828333333335,-0.6428555806097405,0.08699373711457593,0.0096172732742805
knoellia,Actinobacteria,Bacteria,673,79.0,59.0,277.4840087890625,54.16,7.857919829011664,3.563284,-0.2491483221221157,-0.1493488359326314,0.4222772773154172
lachnotalea,Firmicutes,Bacteria,99,87.0,64.0,273.79998779296875,34.04,6.236928553254765,4.48938925,-0.6656433874084172,0.41346616616309906,0.0919182536998234
magnetospirillum,Proteobacteria,Bacteria,11021,91.0,66.0,283.8729858398437,17.65,10.343752105673625,3.9637454166666655,0.38955769181104594,0.09402057921808551,0.2884017549600718
mailhella,Proteobacteria,Bacteria,610,68.0,61.0,242.20599365234372,34.31,11.706668537624322,2.733484756756757,0.7397433940999272,-0.6536365103896988,0.1142562075086601
marinicaulis,Proteobacteria,Bacteria,667,57.0,83.0,80.5999984741211,36.93,7.558133902236363,2.9107714,-0.32617486816931274,-0.5458954275176487,0.2639544972179574
pseudovibrio,Proteobacteria,Bacteria,290,61.0,69.0,347.3320007324219,17.65,7.87550058650603,5.7139225,-0.24463114868021685,1.1576425798752998,0.1017580412093309
ruania,Actinobacteria,Bacteria,98,122.0,55.0,356.5710144042969,57.35,7.493300228557365,4.2704815,-0.34283313496909945,0.28043100004669724,0.2520088255844055
schleiferilactobacillus,Firmicutes,Bacteria,12,122.0,55.0,356.5710144042969,25.48,9.630498926676744,3.011266625,0.20629549059206823,-0.4848222176756939,0.1061476517669997
syntrophomonas,Firmicutes,Bacteria,2632,53.0,57.0,388.6099853515625,53.45,7.634862206006906,2.7505408,-0.30646041296763515,-0.6432711690705663,0.187566567991044
thiogranum,Proteobacteria,Bacteria,8634,63.0,63.0,335.7959899902344,20.39,7.531685532044542,2.7882205,-0.3329704727074155,-0.6203723674122595,0.0550431819908224
yoonia,Proteobacteria,Bacteria,781,65.0,60.0,216.41900634765625,53.82,14.803794110809008,3.309962272727273,1.535514190090863,-0.3032981505120422,0.0542680697816614
aliarcobacter,Proteobacteria,Bacteria,8332,69.0,63.0,309.7279968261719,53.45,19.646030572168964,2.1887373045685283,2.7796711582794327,-0.9846917964330094,0.123852833779948
alteribacillus,Firmicutes,Bacteria,51,61.0,69.0,347.3320007324219,,6.84698852861961,4.6735875,-0.5088954930377345,0.525407588004493,0.1601763960400038
azoarcus,Proteobacteria,Bacteria,3320,57.0,66.0,310.7950134277344,17.65,9.791414316761228,4.902254,0.24764084938649725,0.664373366113108,0.3046582148263519
brevibacterium,Actinobacteria,Bacteria,977,122.0,55.0,356.5710144042969,53.45,11.640930325096262,3.607959057142857,0.7228527164459745,-0.12219879831057506,0.1404499860368636
cetia,Proteobacteria,Bacteria,55,72.0,56.0,193.77099609375,3.14,13.648474634606597,1.68517,1.2386681380090734,-1.290720980023187,0.0208987374585615
crenobacter,Proteobacteria,Bacteria,7909,91.0,63.0,283.8729858398437,40.63,10.373765082743326,2.9883075,0.3972691810898791,-0.49877499462517266,0.2892145227091043
crocosphaera,Cyanobacteria,Bacteria,2968,57.0,55.0,457.7330017089844,49.39,6.741724533135576,5.48821,-0.5359418660362247,1.0204720140454089,0.2112485332092188
cyanobacterium,Cyanobacteria,Bacteria,2243,63.0,70.0,353.89898681640625,38.55,8.051056820482604,3.353597,-0.19952399343205016,-0.27678034476431895,0.1265131744686696
dendrosporobacter,Firmicutes,Bacteria,1132,80.0,66.0,246.7969970703125,17.65,5.073400631590061,4.1392355,-0.9645985051464181,0.20066985220193964,0.2053124903431059
dinoroseobacter,Proteobacteria,Bacteria,168,91.0,66.0,312.2059936523437,41.21,9.906478282816268,3.83587375,0.2772052121137533,0.016310089678172282,0.181555022965304
dokdonia,Bacteroidetes,Bacteria,6456,63.0,63.0,312.2059936523437,29.99,6.436092917135712,3.573596636363636,-0.614470394698406,-0.14308161473222006,0.0419339659308085
dyadobacter,Bacteroidetes,Bacteria,5819,79.0,61.0,277.4840087890625,17.65,3.3759207846506447,6.516740588235295,-1.4007464291030682,1.6455331992326974,0.3684019229765555
flavisolibacter,Bacteroidetes,Bacteria,53183,99.0,66.0,245.48699951171875,17.65,3.7088270132366064,4.0444054,-1.3152100024221882,0.14303946631411701,0.3411065564374938
glycomyces,Actinobacteria,Bacteria,2784,150.0,83.0,80.5999984741211,52.59,5.685148672368779,5.45280375,-0.8074168817820796,0.9989548391152898,0.2391735157679187
haliea,Proteobacteria,Bacteria,3143,97.0,83.0,80.5999984741211,20.39,7.691219050136721,3.770533619047619,-0.2919801700285008,-0.023398578358100903,0.1206421653659983
kaistella,Bacteroidetes,Bacteria,1088,63.0,65.0,560.7440185546875,19.19,9.559269795379375,2.719873019230769,0.18799398451139449,-0.661908669611575,0.2141860820761683
kushneria,Proteobacteria,Bacteria,250,107.0,72.0,181.5829925537109,30.2,9.894922111502169,3.63822975,0.274235986802113,-0.10380261703006495,0.1732490129716987
maricaulis,Proteobacteria,Bacteria,7631,61.0,69.0,347.3320007324219,28.86,8.762569160494834,3.0812880909090907,-0.01670908076879051,-0.44226859703444293,0.0853602869010483
marvinbryantia,Firmicutes,Bacteria,752,118.0,56.0,309.7279968261719,64.77,4.317629217715058,3.242520210526316,-1.1587852778151422,-0.34428420947129335,0.1361794566410275
nereida,Proteobacteria,Bacteria,36,69.0,51.0,422.6489868164063,57.35,10.610029111724703,2.733263,0.45797450606422585,-0.6537712769613374,0.0247133089081926
paramuribaculum,Bacteroidetes,Bacteria,157,76.0,61.0,217.8350067138672,57.35,13.32590253137015,2.251254647058824,1.1557869459839833,-0.9466986004710004,0.2944451539354563
paraprevotella,Bacteroidetes,Bacteria,2843,108.0,55.0,356.5710144042969,64.77,7.360743110636237,3.260540361111111,-0.3768921618796204,-0.33333295842380506,0.2209531382196257
pararhodobacter,Proteobacteria,Bacteria,585,57.0,57.0,416.53900146484375,31.1,11.655294225014645,3.346118875,0.7265433553308008,-0.2813249696193742,0.0890798080798684
pedococcus,Actinobacteria,Bacteria,42,68.0,79.0,246.7969970703125,12.92,6.243726163274595,4.324340833333333,-0.6638968196931295,0.3131625289985898,0.3865477250820139
pelagibacterium,Proteobacteria,Bacteria,3324,80.0,65.0,277.4840087890625,17.65,11.302693155490898,3.715928533333333,0.6359465657813074,-0.05658331781479155,0.2721350678754114
photorhabdus,Proteobacteria,Bacteria,24,117.0,64.0,176.44400024414062,,8.300028988589387,5.3011863043478265,-0.1355534582657287,0.9068135052955351,0.1326942392329069
planifilum,Firmicutes,Bacteria,1969,150.0,78.0,141.58599853515625,17.65,8.426171188382453,3.204302333333333,-0.10314267079024472,-0.3675100735212627,0.4608259233496968
planktomarina,Proteobacteria,Bacteria,2931,65.0,60.0,216.41900634765625,32.22,18.13805480385984,2.315573552631579,2.3922141278405715,-0.9076105540802419,0.0189253523886207
thiothrix,Proteobacteria,Bacteria,4141,63.0,64.0,283.8729858398437,49.7,7.482556512824611,3.742036555555556,-0.345593609163164,-0.04071688515855102,0.0980191144655198
tyzzerella,Firmicutes,Bacteria,618,122.0,55.0,356.5710144042969,36.41,7.557111690804553,2.117211,-0.3264375136402633,-1.028159941393462,0.1895513178965087
allobranchiibius,Actinobacteria,Bacteria,31,122.0,55.0,356.5710144042969,64.77,4.69485512919827,3.620985,-1.0618614183344526,-0.11428263969205739,0.1454474784348472
arhodomonas,Proteobacteria,Bacteria,231,80.0,62.0,558.260986328125,17.65,6.02648111131325,3.9824235,-0.7197154372594194,0.10537167080340462,0.179074561572047
belnapia,Proteobacteria,Bacteria,4622,79.0,63.0,248.1009979248047,21.87,4.159602621514679,6.0101895,-1.1993883942450663,1.3376907031592309,0.4511508040502647
clostridium,Firmicutes,Bacteria,74504,76.0,60.0,355.3680114746094,17.65,11.236019983781532,4.538973771283355,0.6188156611186829,0.4435997956290879,0.237434472104235
cnuella,Bacteroidetes,Bacteria,3533,99.0,65.0,245.48699951171875,17.65,2.8180410282115846,5.677703,-1.544087216345429,1.1356311746182772,0.3461245957700058
croceibacterium,Proteobacteria,Bacteria,10822,100.0,70.0,192.9320068359375,41.21,9.225811624302985,3.034963333333333,0.10231574255548864,-0.4704211947354973,0.331279107298033
cypionkella,Proteobacteria,Bacteria,30523,62.0,59.0,353.89898681640625,53.45,6.382107797468579,4.543953333333333,-0.6283412503140555,0.44662598755014016,0.1974673797141172
edaphobacter,Acidobacteria,Bacteria,10930,80.0,52.0,559.1749877929688,40.63,4.355446827764746,5.0511465,-1.1490684778531792,0.7548586891360995,0.3870713410422929
lawsonia,Proteobacteria,Bacteria,14,90.0,77.0,317.1130065917969,,6.469775231921224,1.700213625,-0.6058161112945455,-1.2815786305592334,0.1107293371547572
mesoflavibacter,Bacteroidetes,Bacteria,2057,63.0,63.0,178.0070037841797,17.02,5.265380835593372,3.038716571428572,-0.915271399691948,-0.4681402674797261,0.0095080736431207
neobacillus,Firmicutes,Bacteria,27684,91.0,66.0,260.2439880371094,33.99,7.928400448350015,5.549669228571429,-0.23103913758067596,1.0578221703664437,0.3410633934212305
pelistega,Proteobacteria,Bacteria,86,82.0,68.0,176.44400024414062,55.37,11.458209998434045,2.356389,0.6759048299764562,-0.8828060881772615,0.3328275319880838
rubrobacter,Actinobacteria,Bacteria,17648,99.0,74.0,120.12100219726562,35.45,8.401713529474335,3.3326535,-0.10942678495916891,-0.2895081810403707,0.1917892200363266
thalassolituus,Proteobacteria,Bacteria,3544,57.0,55.0,457.7330017089844,41.21,8.213746507902856,3.6524136666666656,-0.15772274934338792,-0.09518273166770992,0.123672416810274
thermobispora,Actinobacteria,Bacteria,2999,80.0,70.0,333.43701171875,17.65,6.852697833715372,4.085982,-0.507428552756092,0.16830650180077827,0.3194509477130937
acidaminococcus,Firmicutes,Bacteria,2493,116.0,63.0,280.3710021972656,64.77,9.788965880954937,2.247428407407407,0.24701175196552894,-0.9490238924153351,0.1323136374070082
amphritea,Proteobacteria,Bacteria,6088,63.0,65.0,416.53900146484375,32.04,9.254230618521396,4.3223474375,0.10961767627307839,0.311951097490006,0.0810184851738755
butyricicoccus,Firmicutes,Bacteria,634,122.0,61.0,233.7469940185547,64.77,8.812620523463305,2.4964197586206898,-0.003848958694729409,-0.7977062448208285,0.0884340104570959
cardiobacterium,Proteobacteria,Bacteria,2275,57.0,59.0,416.53900146484375,64.77,11.21271096973453,2.5863504444444443,0.6128266780362589,-0.7430533431874917,0.2856660466454954
coprococcus,Firmicutes,Bacteria,3754,57.0,57.0,335.697998046875,53.45,7.256075831504806,2.7563107751937985,-0.40378521547414364,-0.6397646252940462,0.0910467856019756
diaphorobacter,Proteobacteria,Bacteria,19,170.0,81.0,176.44400024414062,68.34,10.44499378681662,3.542366875,0.4155705774002403,-0.16206064352762303,0.251843628177379
mucispirillum,Deferribacteres,Bacteria,120,79.0,71.0,244.56900024414065,42.56,9.17342490838224,2.289221333333333,0.08885557839923326,-0.9236253907951504,0.3789234300831258
nocardia,Actinobacteria,Bacteria,4294,113.0,70.0,190.4459991455078,33.1,6.488347152576545,7.397877898832684,-0.601044269877806,2.1810201725659075,0.4622578458033106
oceanispirochaeta,Spirochaetes,Bacteria,1153,43.0,62.0,416.53900146484375,20.39,4.59385240462652,5.87742,-1.0878129067809053,1.2570036900786452,0.0543644446372931
pelomonas,Proteobacteria,Bacteria,24923,68.0,70.0,353.89898681640625,21.64,5.757982455591971,4.8628144,-0.788703078844166,0.6404050336188752,0.4523122872914463
providencia,Proteobacteria,Bacteria,601,81.0,65.0,260.2439880371094,64.77,11.634820365068204,4.469342746031746,0.7212828324874108,0.4012834545621172,0.2794242134787442
pyramidobacter,Synergistetes,Bacteria,103,150.0,83.0,66.49600219726562,26.65,9.644155993117732,2.3848639545454544,0.20980451674416933,-0.8655012174812194,0.2808304008143888
trichodesmium,Cyanobacteria,Bacteria,821,80.0,79.0,216.41900634765625,42.56,4.068844446167982,6.635790666666667,-1.2227076635906944,1.7178826110753034,0.096557052311314
tropicimonas,Proteobacteria,Bacteria,644,93.0,68.0,64.48500061035156,51.22,7.042782121341576,5.395595,-0.45858858120978685,0.9641877942776278,0.0747815559638995
ulvibacter,Bacteroidetes,Bacteria,15088,57.0,63.0,416.53900146484375,17.65,4.445964208680484,3.8236925,-1.1258110778672097,0.00890726991845409,0.0407123597774942
agrobacterium,Proteobacteria,Bacteria,42843,79.0,63.0,277.4840087890625,17.65,11.042533959974376,5.433535474509804,0.5691016525840475,0.9872450744741802,0.3274516103789065
escherichia,Proteobacteria,Bacteria,8627,90.0,63.0,268.5400085449219,17.65,11.746572079235,4.767348263157895,0.7499961501861888,0.5823881138283212,0.2222797933689307
lichenihabitans,Proteobacteria,Bacteria,3290,80.0,59.0,287.0929870605469,37.83,6.550320361612619,4.5799286666666665,-0.585120966569817,0.4684890072289455,0.4992134709929916
lysobacter,Proteobacteria,Bacteria,49159,99.0,70.0,231.21099853515625,17.65,5.098670324812934,5.295498292682927,-0.9581057480995234,0.9033567726000872,0.40467431747409
proteus,Proteobacteria,Bacteria,523,122.0,55.0,356.5710144042969,64.77,14.229345608606254,4.005806139498433,1.3879162541816537,0.11958182704462486,0.2321384148660685
rhodovastum,Proteobacteria,Bacteria,22384,80.0,54.0,549.9719848632812,40.63,4.407278537868818,7.2607165,-1.1357509160583967,2.0976641037265717,0.3924201519452251
intestinibaculum,Firmicutes,Bacteria,89,99.0,61.0,233.7469940185547,64.77,6.547462930106364,2.4436946296296296,-0.5858551507320316,-0.8297484922690546,0.0824545938231895
lachnoanaerobaculum,Firmicutes,Bacteria,185,79.0,59.0,277.4840087890625,55.37,11.50708591967076,2.7808952,0.6884629358162973,-0.6248241170755424,0.1805595487839113
hydrogenobaculum,Aquificae,Bacteria,125,77.0,65.0,186.0319976806641,48.77,9.659900657581638,1.552811,0.21384992719879586,-1.3711585230156156,0.0848207125813329
actinoplanes,Actinobacteria,Bacteria,2462,99.0,74.0,120.12100219726562,17.65,4.713156367943342,9.759913826086954,-1.0571591255214394,3.616482562340506,0.4139140624490732
altibacter,Bacteroidetes,Bacteria,3348,163.0,83.0,80.5999984741211,25.0,6.497640245152546,2.9241385,-0.5986565166202533,-0.5377719400257962,0.0627406680630036
gracilimonas,Balneolaeota,Bacteria,536,69.0,69.0,90.27799987792967,40.14,4.751619984440125,3.788181727272727,-1.0472763416326152,-0.012673425825275924,0.1695252747786621
roseomonas,Proteobacteria,Bacteria,47224,91.0,65.0,283.8729858398437,17.65,8.078429315604412,4.951457571428572,-0.19249094562154717,0.6942754837792036,0.3788955606838244
salegentibacter,Bacteroidetes,Bacteria,856,163.0,83.0,80.5999984741211,36.84,4.401379455609197,3.862425444444445,-1.1372666173996655,0.03244615192854315,0.2345270879209376
nitratifractor,Proteobacteria,Bacteria,41,152.0,55.0,457.7330017089844,,11.796521185206831,1.6106443333333331,0.7628299985010211,-1.3360119048302606,0.0551270888370026
actinopolymorpha,Actinobacteria,Bacteria,332,72.0,59.0,172.7519989013672,35.45,3.654584464244496,6.840723,-1.329147001542196,1.8424246019715678,0.4860407248971539
aquimarina,Bacteroidetes,Bacteria,1628,72.0,79.0,216.41900634765625,19.5,4.947772620252457,5.861223266666666,-0.9968771778119523,1.2471605707302298,0.0325590330622679
azospira,Proteobacteria,Bacteria,18074,91.0,63.0,280.3710021972656,17.65,11.509810075467458,3.3015314545454544,0.6891628763177449,-0.30842174845371123,0.2407722308689873
chromobacterium,Proteobacteria,Bacteria,2400,81.0,63.0,283.8729858398437,50.65,8.388969898652741,4.887370022222222,-0.1127011143342892,0.6553280378589026,0.3468293530874908
dorea,Firmicutes,Bacteria,2159,90.0,61.0,233.7469940185547,64.77,5.800508265745605,3.103176338235294,-0.7777765610145002,-0.4289666165470535,0.1019597754853187
gemmatimonas,Gemmatimonadetes,Bacteria,39856,73.0,61.0,353.89898681640625,17.65,7.884868306929538,3.804756,-0.24222422065554206,-0.0026008672907733396,0.449854667449856
anaerobiospirillum,Proteobacteria,Bacteria,80,83.0,61.0,323.2969970703125,53.45,2.8343328899839992,3.880983789473684,-1.539901209835697,0.04372447585179534,0.2362772172412973
aggregatibacter,Proteobacteria,Bacteria,742,79.0,59.0,277.4840087890625,57.35,18.023249832786508,2.163871685840708,2.362716310895164,-0.9998031925258507,0.1315136868962124
aminicella,Firmicutes,Bacteria,782,53.0,57.0,388.6099853515625,53.45,6.053242810450016,1.9824085,-0.7128393264525087,-1.1100824543259926,0.0459359128286243
anaerofustis,Firmicutes,Bacteria,107,79.0,59.0,277.4840087890625,32.86,6.340569454306653,2.208003571428572,-0.639014049857059,-0.972983252481647,0.2541426233112153
campylobacter,Proteobacteria,Bacteria,1177,79.0,59.0,277.4840087890625,64.77,24.87135662544921,1.7288964429065743,4.122258591198815,-1.2641474366207472,0.1730175381992376
desulfofustis,Proteobacteria,Bacteria,611,61.0,69.0,347.3320007324219,53.19,6.684324085199609,4.936924,-0.5506902509708632,0.685443105349182,0.1323475015915336
emergencia,Firmicutes,Bacteria,522,69.0,63.0,245.48699951171875,67.54,5.064323811171152,3.3568153684210524,-0.9669306897605519,-0.27482446984660375,0.2030714114132678
geobacillus,Firmicutes,Bacteria,1116,80.0,57.0,558.260986328125,17.65,9.9962726412801,3.401267774509804,0.3002768397961864,-0.24780974228081032,0.1686315621910978
hoeflea,Proteobacteria,Bacteria,8229,75.0,66.0,282.9760131835937,17.65,9.045227990110824,4.864443444444444,0.05591685464205294,0.6413950405888322,0.3245662779862671
holdemanella,Firmicutes,Bacteria,748,68.0,57.0,309.7279968261719,53.45,8.107536928479453,2.2201564,-0.18501207925993896,-0.9655977050636865,0.2372737920544113
kineothrix,Firmicutes,Bacteria,424,107.0,63.0,269.4070129394531,17.65,7.048827091578715,4.11415965,-0.4570353956305522,0.18543069383381472,0.1674665429060294
leeuwenhoekiella,Bacteroidetes,Bacteria,618,57.0,59.0,400.43701171875,57.35,6.940716057904497,3.8900885405405408,-0.48481328234822596,0.0492576379743232,0.0943870186546941
planktothrix,Cyanobacteria,Bacteria,6898,91.0,70.0,283.8729858398437,44.82,7.34601755598945,5.308999019230769,-0.3806757237875196,0.9115614679522813,0.1996763653713347
prochlorococcus,Cyanobacteria,Bacteria,5672,80.0,57.0,558.260986328125,17.65,11.204556021468465,1.6064893571428571,0.6107313578693471,-1.3385369773674805,0.0135692907088173
pseudonocardia,Actinobacteria,Bacteria,39653,91.0,66.0,277.4840087890625,17.65,8.473620021261869,6.608745714285715,-0.09095123889086969,1.7014467848763217,0.3774455221989812
thermobifida,Actinobacteria,Bacteria,56,79.0,59.0,277.4840087890625,,8.839990886221967,3.9592801,0.0031835412295873706,0.09130690578938241,0.2310356537960948
vibrio,Proteobacteria,Bacteria,11710,78.0,59.0,277.4840087890625,29.45,14.965442515724588,4.811083930485029,1.5770478886157389,0.6089672631187274,0.0922855768876478
aliicoccus,Firmicutes,Bacteria,238,122.0,55.0,356.5710144042969,19.5,14.989810676192858,2.0013595,1.583309007189866,-1.098565505140448,0.0339773545066476
anaplasma,Proteobacteria,Bacteria,198,105.0,55.0,457.7330017089844,43.57,5.098590311129508,1.3729285102040816,-0.9581263066952425,-1.4804771602563342,0.3232511413609216
bellilinea,Chloroflexi,Bacteria,8560,63.0,57.0,388.6099853515625,53.45,10.375111486429835,2.9879197000000004,0.39761512403214,-0.4990106694124741,0.1133587402145014
desulfuromusa,Proteobacteria,Bacteria,1471,57.0,55.0,416.53900146484375,32.22,8.405023595654603,3.4503175,-0.10857630152321783,-0.21800112025371388,0.0202527074933907
dyella,Proteobacteria,Bacteria,5719,82.0,63.0,260.2439880371094,47.54,5.077243919683078,5.1208885,-0.9636110164725706,0.7972424720551152,0.5015963234970512
gillisia,Bacteroidetes,Bacteria,826,61.0,69.0,347.3320007324219,29.97,5.523606051060214,3.9829053333333335,-0.8489234004257502,0.10566449176356002,0.2611498726837526
gluconacetobacter,Proteobacteria,Bacteria,298,99.0,61.0,233.7469940185547,64.77,7.138917140492461,4.202318,-0.43388779368774916,0.2390065071012656,0.5471138474390468
halarcobacter,Proteobacteria,Bacteria,3045,69.0,66.0,220.2610015869141,30.83,12.46894894713543,2.9673712,0.9356025783373946,-0.5114984552991908,0.0600850761058054
hydrotalea,Bacteroidetes,Bacteria,2284,63.0,70.0,353.89898681640625,40.63,6.921868076902898,3.17833275,-0.48965605429597164,-0.38329237374920666,0.2609013609244455
marinococcus,Firmicutes,Bacteria,733,61.0,69.0,347.3320007324219,45.15,6.762085152479386,3.253434333333333,-0.5307104390633004,-0.3376514514229998,0.2105606842466973
natronospira,Proteobacteria,Bacteria,439,68.0,63.0,361.5750122070313,39.58,6.922803093982882,2.744553,-0.48941581241090054,-0.6469100898838851,0.2442499314697247
nesterenkonia,Actinobacteria,Bacteria,244,122.0,55.0,356.5710144042969,64.77,11.49274171721286,2.9583889411764703,0.6847773579674014,-0.5169571761288042,0.2316000953812377
opitutus,Verrucomicrobia,Bacteria,53658,99.0,70.0,245.48699951171875,40.63,6.743419460056134,3.8556106666666654,-0.5355063740573407,0.02830465810882575,0.4208105596711765
persephonella,Aquificae,Bacteria,61,50.0,61.0,186.0319976806641,,12.74505183319648,1.88308375,1.0065440394516982,-1.170444340169322,0.1364398824067861
pontibacter,Bacteroidetes,Bacteria,7574,99.0,75.0,237.7669982910156,35.45,5.945485046182533,4.877650818181818,-0.7405264446590734,0.6494214588363038,0.2490263127528476
pontimonas,Actinobacteria,Bacteria,2274,79.0,59.0,277.4840087890625,32.07,19.05495848484754,1.207034904761905,2.6278019833618207,-1.581294437660395,0.0844137830899894
propionispora,Firmicutes,Bacteria,14,71.0,55.0,788.0040283203125,30.51,5.836747111854825,3.76922275,-0.7684654062896777,-0.024195222978982668,0.2790759710218705
pseudoxanthomonas,Proteobacteria,Bacteria,6407,80.0,66.0,260.2439880371094,17.65,9.148657551779795,3.060558321428572,0.08249189096958473,-0.45486654446387614,0.4508215042705094
robinsoniella,Firmicutes,Bacteria,49,157.0,65.0,245.48699951171875,67.54,3.003090430310325,6.992796416666667,-1.496540900729191,1.9348430396382963,0.243921637308344
rummeliibacillus,Firmicutes,Bacteria,637,122.0,55.0,356.5710144042969,31.3,11.236460742003295,3.559839785714286,0.6189289088746052,-0.15144196246488278,0.3034606164914669
sorangium,Proteobacteria,Bacteria,6052,91.0,59.0,283.8729858398437,17.65,1.6337113616626826,14.6904775,-1.8483871031905723,6.612897067567101,0.3792975304958861
sporanaerobacter,Firmicutes,Bacteria,47,53.0,57.0,388.6099853515625,53.45,7.268568770351992,2.889152,-0.4005752985186395,-0.5590340234345904,0.250062072147161
stappia,Proteobacteria,Bacteria,84,70.0,61.0,323.3340148925781,57.35,10.74448914992558,4.839690307692308,0.4925224664551435,0.6263520023239811,0.3532657605806822
alkalispirochaeta,Spirochaetes,Bacteria,894,61.0,69.0,347.3320007324219,50.65,11.457997436682287,3.665562,0.6758502146790146,-0.08719219360245656,0.0691174595308211
alteromonas,Proteobacteria,Bacteria,8624,69.0,65.0,277.4840087890625,32.24,9.049666440701849,4.309551103960396,0.05705726347479979,0.30417447762103295,0.0423166373642454
cerasibacillus,Firmicutes,Bacteria,690,72.0,61.0,260.2439880371094,17.65,10.781256569828225,2.782607,0.5019694321370598,-0.6237838176920893,0.2164945028853807
desulfotomaculum,Firmicutes,Bacteria,115,71.0,66.0,361.5750122070313,21.83,14.607080095002289,3.080697833333333,1.4849707861370731,-0.44262730984676874,0.2592524515059032
ectothiorhodospira,Proteobacteria,Bacteria,580,107.0,67.0,152.25900268554688,50.65,14.422218239558148,3.2588606842105263,1.4374726584767605,-0.33435373587682427,0.2045803602969159
fannyhessea,Actinobacteria,Bacteria,76,126.0,70.0,192.9320068359375,,7.752401339350666,1.4189151875,-0.27626008447243955,-1.4525300215497157,0.3444944977493052
gracilibacillus,Firmicutes,Bacteria,820,163.0,83.0,80.5999984741211,36.84,8.04347607514237,4.60000125,-0.2014717787610766,0.48068756784699274,0.234818014647061
henriciella,Proteobacteria,Bacteria,825,57.0,55.0,457.7330017089844,57.35,8.271071510363688,3.3852929411764703,-0.14299374925588698,-0.257518008005445,0.0689605885535908
pseudoflavonifractor,Firmicutes,Bacteria,4461,116.0,56.0,356.5710144042969,64.77,6.681404974552925,3.44238975,-0.5514402828788394,-0.22281899233992072,0.1530706021696148
psychrosphaera,Proteobacteria,Bacteria,6186,69.0,65.0,312.2059936523437,25.2,5.993655116693469,4.1710775,-0.728149699045233,0.2200209521948749,0.0532362351384872
rahnella,Proteobacteria,Bacteria,974,91.0,66.0,334.0929870605469,40.63,9.168591687555962,5.453400228070175,0.08761373789479024,0.999317332262063,0.3558496854281847
snodgrassella,Proteobacteria,Bacteria,153,72.0,59.0,277.4840087890625,25.0,9.467321017362764,2.429409540229885,0.1643688035028524,-0.8384298625781581,0.0556179633886123
sulfuricella,Proteobacteria,Bacteria,19371,68.0,64.0,353.89898681640625,32.86,11.16452493136543,2.866221375,0.6004458296649091,-0.5729694802926868,0.2477549857285271
sulfurihydrogenibium,Aquificae,Bacteria,339,109.0,63.0,285.5360107421875,25.2,16.211183864159544,1.295402,1.8971268008257969,-1.5275917652140156,0.138992517488475
variovorax,Proteobacteria,Bacteria,57829,79.0,60.0,283.8729858398437,17.65,7.294387988166718,6.991676352112676,-0.39394134744795023,1.93416235120218,0.3888934819197614
faecalibacterium,Firmicutes,Bacteria,5500,122.0,55.0,356.5710144042969,50.76,14.381186445537605,2.572805807095344,1.4269300109098138,-0.7512847241218075,0.1314615833553869
galbibacter,Bacteroidetes,Bacteria,554,163.0,83.0,80.5999984741211,38.04,4.508943555851024,3.7702845,-1.1096292589371635,-0.02354997360967495,0.3067816189543053
niveibacterium,Proteobacteria,Bacteria,937,68.0,57.0,454.4330139160156,17.65,6.83264330537609,4.829756,-0.5125813331657554,0.6203146999712883,0.3446718630864656
serratia,Proteobacteria,Bacteria,5143,79.0,59.0,277.4840087890625,36.93,11.569906954651248,5.272298233606557,0.7046040782498578,0.8892575745902627,0.2314100951591843
verrucomicrobium,Verrucomicrobia,Bacteria,13466,78.0,64.0,353.89898681640625,17.65,2.3438458933661144,8.106335,-1.6659262025260861,2.611565496521492,0.4670630397911234
vogesella,Proteobacteria,Bacteria,778,79.0,59.0,277.4840087890625,17.65,9.635552240421765,3.528599,0.20759388144069388,-0.17042769100627497,0.165383384643666
wenzhouxiangella,Proteobacteria,Bacteria,5569,61.0,69.0,347.3320007324219,35.45,17.557157128156323,2.6769709729729727,2.2429591509722804,-0.6879812086177979,0.1844793825155404
dialister,Firmicutes,Bacteria,4429,116.0,63.0,280.3710021972656,64.77,18.71197623753635,2.030784964539007,2.5396766395537775,-1.0806829881304332,0.2076729638277942
globicatella,Firmicutes,Bacteria,2178,122.0,55.0,356.5710144042969,64.77,14.405735795346242,2.2213374210526315,1.4332376840010896,-0.9648799719915416,0.1051288428620097
planobacterium,Bacteroidetes,Bacteria,664,75.0,63.0,248.1009979248047,53.45,6.601492990511166,2.120732388888889,-0.5719727481107015,-1.0260199141180741,0.2220681368210311
sulfuricaulis,Proteobacteria,Bacteria,30944,68.0,64.0,353.89898681640625,17.65,9.633034645039109,1.7647606,0.20694701426198298,-1.2423519812449162,0.3040142654944191
tahibacter,Proteobacteria,Bacteria,1115,84.0,69.0,246.7969970703125,17.65,3.1314783818172445,5.74808375,-1.4635530931792209,1.178403140287135,0.4119417778999749
thermodesulfovibrio,Nitrospirae,Bacteria,384,105.0,65.0,292.1830139160156,18.28,15.809825998492318,1.8975540909090909,1.794002513259112,-1.161650388348969,0.0872428524509008
anaerophaga,Bacteroidetes,Bacteria,50,105.0,76.0,173.93499755859375,61.73,5.366284706446339,3.354276,-0.8893453105716203,-0.2763677011836645,0.1400701854424252
aridibacter,Acidobacteria,Bacteria,25042,99.0,65.0,246.7969970703125,17.65,4.360041047364216,4.1284015,-1.1478880459652114,0.1940857865866058,0.4244104880945013
desulfosarcina,Proteobacteria,Bacteria,3189,65.0,62.0,258.31201171875,21.93,9.974804267844693,4.8121245,0.2947607881497051,0.6095996406306242,0.0515474939641244
devosia,Proteobacteria,Bacteria,42277,91.0,63.0,277.4840087890625,17.65,13.795808732460523,3.914232289473684,1.2765239399632922,0.06393033754751502,0.4051508745165019
lacunisphaera,Verrucomicrobia,Bacteria,31048,84.0,66.0,291.7300109863281,17.65,8.49366692990633,2.70789992,-0.08580041627415638,-0.6691849914644721,0.5417390985352496
mediterranea,Bacteroidetes,Bacteria,1836,122.0,55.0,356.5710144042969,64.77,9.33870824619291,3.212435725490196,0.13132323112614222,-0.3625672280684265,0.1861925071746748
silvibacterium,Acidobacteria,Bacteria,14898,75.0,63.0,248.1009979248047,37.94,3.97526211668535,5.785782,-1.246752566860956,1.2013132151979031,0.4106494458509623
gleimia,Actinobacteria,Bacteria,22,118.0,70.0,136.38699340820312,67.54,19.335768373267555,1.9135520909090908,2.69995285459703,-1.1519280437196437,0.2181028552788677
kangiella,Proteobacteria,Bacteria,151,77.0,66.0,178.0070037841797,50.76,6.852018917396428,2.91884775,-0.5076029924960286,-0.5409872478672517,0.1662681049867299
acidiferrobacter,Proteobacteria,Bacteria,5255,72.0,63.0,353.89898681640625,17.65,6.997053758788951,2.7154286153846154,-0.47033795804582074,-0.6646096338486175,0.3584070104638033
albimonas,Proteobacteria,Bacteria,1136,79.0,59.0,277.4840087890625,35.14,6.658312008239596,5.106399333333333,-0.5573737549808613,0.7884370793982161,0.3358072036114179
anaerotruncus,Firmicutes,Bacteria,1813,80.0,62.0,296.5369873046875,18.36,11.778238277829455,3.1413866086956523,0.7581324157221082,-0.4057453752796867,0.223749071303812
aquitalea,Proteobacteria,Bacteria,152,79.0,59.0,277.4840087890625,68.34,7.784321721254565,4.367753700000001,-0.2680585094585207,0.339545505063116,0.3514062754198505
arenicella,Proteobacteria,Bacteria,5885,64.0,59.0,277.4840087890625,30.03,4.979601141729175,3.21310875,-0.988699205278311,-0.3621582159276404,0.0599214720507506
bhargavaea,Firmicutes,Bacteria,1103,80.0,59.0,277.4840087890625,17.65,9.149630109864184,3.060233,0.08274177858397855,-0.45506424961726283,0.3329510733770296
caulobacter,Proteobacteria,Bacteria,78039,91.0,63.0,283.8729858398437,17.65,7.452476644561845,4.562241738095238,-0.3533222853647397,0.4577402626980233,0.4873606274954304
cellulosimicrobium,Actinobacteria,Bacteria,6817,99.0,74.0,120.12100219726562,17.65,7.289727144231594,4.3897390625,-0.39513889769271776,0.35290650462716416,0.2954056204897443
conchiformibius,Proteobacteria,Bacteria,248,99.0,61.0,233.7469940185547,64.77,8.707149463337899,2.182114833333333,-0.030948534571370076,-0.9887164212390079,0.0877762962405517
desulfoluna,Proteobacteria,Bacteria,205,88.0,63.0,342.3429870605469,43.71,4.690752317988218,6.608748,-1.062915588488447,1.7014481739563323,0.0274023093019983
desulfotignum,Proteobacteria,Bacteria,3038,61.0,69.0,347.3320007324219,40.63,9.719476756386763,3.3952445,0.22915732060210572,-0.2514702217520784,0.0825924173301895
epilithonimonas,Bacteroidetes,Bacteria,52,139.0,67.0,152.25900268554688,29.16,5.9301862171257405,3.5412041428571426,-0.7444573028333948,-0.1627672620177126,0.4660236848752075
gulbenkiania,Proteobacteria,Bacteria,1475,74.0,62.0,323.8489990234375,32.86,7.878690920487158,3.046191333333333,-0.24381142905579467,-0.463597686453333,0.3153091046594568
holophaga,Acidobacteria,Bacteria,10354,71.0,62.0,371.6130065917969,52.01,5.981561000796505,3.3436088,-0.7312571430305399,-0.28285039868522327,0.2528632353202912
hymenobacter,Bacteroidetes,Bacteria,17740,79.0,59.0,277.4840087890625,17.65,5.054044378737548,5.144394875,-0.9695718717006219,0.8115278251452609,0.2769005284162079
listeria,Firmicutes,Bacteria,98,130.0,68.0,176.44400024414062,32.34,15.84707698918537,2.9658466373372536,1.803573726894076,-0.5124249663390847,0.2381140071187166
nitrobacter,Proteobacteria,Bacteria,254,75.0,63.0,268.5400085449219,14.25,7.702945725974081,3.7647935,-0.2889671355405811,-0.026886977882685476,0.4249141397527427
peptoanaerobacter,Firmicutes,Bacteria,67,89.0,77.0,122.29900360107422,54.0,8.734041219434133,2.5188798,-0.02403900712450932,-0.7840567722193432,0.2251529396261337
sphingomonas,Proteobacteria,Bacteria,93701,79.0,59.0,277.4840087890625,17.65,10.878673477846656,4.044610778106509,0.5269995862606104,0.1431642792114041,0.3480854860687105
tibeticola,Proteobacteria,Bacteria,10,118.0,60.0,304.4849853515625,,10.030384282180304,2.89121525,0.30904143360753755,-0.5577801399768798,0.0372607848222791
bacteriovorax,Proteobacteria,Bacteria,13440,80.0,60.0,416.53900146484375,17.65,5.742989723877054,3.8307573333333336,-0.792555288826918,0.013200728126693545,0.335008304355437
cellvibrio,Proteobacteria,Bacteria,18169,163.0,83.0,80.5999984741211,17.65,6.582986189904863,4.861015818181818,-0.5767278576797913,0.639311994971519,0.3789459246631995
chloroflexus,Chloroflexi,Bacteria,241,113.0,62.0,281.8599853515625,18.28,6.95694104200053,4.455981416666667,-0.4806444592882802,0.3931634740149724,0.2127410547443897
defluviitoga,Thermotogae,Bacteria,547,51.0,55.0,335.697998046875,43.12,7.516877558448782,1.7294415,-0.33677521121635284,-1.2638161931587555,0.2101483339557371
domibacillus,Firmicutes,Bacteria,5461,92.0,65.0,245.48699951171875,17.65,9.256900690008736,3.888990625,0.11030372043326042,0.04859040999213604,0.3453004403575407
eudoraea,Bacteroidetes,Bacteria,2262,87.0,74.0,195.32400512695312,42.29,5.459785096435328,3.1136756666666665,-0.8653214607118639,-0.4225859383756397,0.0636860836388278
flavobacterium,Bacteroidetes,Bacteria,83255,91.0,67.0,283.8729858398437,17.65,13.15393842296123,3.497051492935636,1.1116027460873916,-0.18959982101476466,0.3253050067581969
formosa,Bacteroidetes,Bacteria,336,64.0,65.0,314.0660095214844,63.36,4.571614919160514,4.374821666666667,-1.0935265729180919,0.34384086746853604,0.0476500629301401
granulicatella,Firmicutes,Bacteria,943,57.0,56.0,309.7279968261719,17.65,16.91303530226538,1.7737797777777775,2.0774594558542345,-1.2368708239359585,0.1137367798993118
haematospirillum,Proteobacteria,Bacteria,1774,57.0,59.0,216.41900634765625,53.82,6.262661760079933,2.3951477142857143,-0.6590315358722826,-0.8592515452546919,0.3896674967737522
loktanella,Proteobacteria,Bacteria,833,57.0,60.0,416.53900146484375,30.52,11.832329589387044,3.718625285714286,0.7720305561226973,-0.054944440703429014,0.1395954801283343
luteolibacter,Verrucomicrobia,Bacteria,49126,75.0,70.0,263.3580017089844,17.65,10.693230297078555,4.675855528301887,0.47935209374412846,0.5267859198447237,0.3374561911461971
megamonas,Firmicutes,Bacteria,408,122.0,55.0,356.5710144042969,67.54,9.13002415205384,2.3001034444444444,0.07770425321271673,-0.9170120869748706,0.1017220092526961
methyloceanibacter,Proteobacteria,Bacteria,90550,90.0,64.0,260.2439880371094,17.65,17.03253570765458,2.4658688947368423,2.1081637106449174,-0.8162726923394167,0.4670704309123386
nostoc,Cyanobacteria,Bacteria,1454,80.0,57.0,558.260986328125,17.65,5.635804330002904,8.69441114893617,-0.820095343043747,2.968952606675505,0.2245883990106711
paracraurococcus,Proteobacteria,Bacteria,16895,101.0,67.0,213.95399475097656,35.45,3.377849162990089,7.105113,-1.400250954467026,2.0031003549749014,0.4746397568898605
rhodomicrobium,Proteobacteria,Bacteria,41968,80.0,59.0,488.468994140625,17.65,10.77865158709357,3.711039333333333,0.5013001117832948,-0.05955459468450637,0.370890448798847
rhodovulum,Proteobacteria,Bacteria,6001,61.0,69.0,347.3320007324219,17.65,13.137010256399074,4.186645129032258,1.1072532483800765,0.22948175070175728,0.1489879946345859
roseivivax,Proteobacteria,Bacteria,15,58.0,61.0,,,9.006187216760067,4.219321571428572,0.04588577693748048,0.249339960117763,0.1551485433706518
sediminibacterium,Bacteroidetes,Bacteria,37177,91.0,61.0,283.8729858398437,19.5,12.737431821628483,2.590789137254902,1.0045861651170485,-0.7403558496753664,0.3759232042250492
stenotrophomonas,Proteobacteria,Bacteria,21301,80.0,63.0,280.3710021972656,53.45,12.62153267052257,4.516091784409257,0.9748072111964328,0.4296938972546862,0.2831990316080918
acidovorax,Proteobacteria,Bacteria,11749,79.0,59.0,277.4840087890625,17.65,10.429377269029322,4.794150092592592,0.41155809276035354,0.5986761887414682,0.2811818665887904
barrientosiimonas,Actinobacteria,Bacteria,184,79.0,59.0,277.4840087890625,30.19,6.328870104068638,3.63414,-0.6420200633464987,-0.1062880501434405,0.047386207167891
bergeyella,Bacteroidetes,Bacteria,486,99.0,61.0,233.7469940185547,64.77,4.149972365334019,2.4096546,-1.201862777813118,-0.8504353843337941,0.1567834683953276
buchnera,Proteobacteria,Bacteria,712,79.0,59.0,277.4840087890625,40.63,8.08079893889413,0.6187507,-0.1918820981702897,-1.9388079880219293,0.1533994200300694
chitinibacter,Proteobacteria,Bacteria,150,57.0,57.0,435.2879943847656,34.31,6.082880991474842,3.4523115,-0.7052241367068772,-0.21678932157945002,0.1856192556080785
frisingicoccus,Firmicutes,Bacteria,351,80.0,66.0,245.48699951171875,40.63,9.018476655288866,2.439436375,0.04904340682663242,-0.8323363294379931,0.1572448932748578
hansschlegelia,Proteobacteria,Bacteria,2476,99.0,63.0,334.0929870605469,17.65,12.63611557579032,3.4029445,0.9785541209869991,-0.24679075846630494,0.3976105514755437
limimaricola,Proteobacteria,Bacteria,1072,69.0,59.0,307.8970031738281,32.07,9.616452732412515,3.53560725,0.20268648252114435,-0.16616861976309014,0.1631128102184531
modestobacter,Actinobacteria,Bacteria,1857,79.0,64.0,304.5979919433594,40.23,6.948130908508307,4.893402333333333,-0.4829081217637683,0.6589940090761506,0.6657653356434647
nonomuraea,Actinobacteria,Bacteria,2623,99.0,72.0,192.9320068359375,29.59,3.826775748170179,10.19134712,-1.2849044315093174,3.878674284304979,0.3606127261635745
pullulanibacillus,Firmicutes,Bacteria,65,101.0,61.0,250.16700744628903,20.93,4.603766933641303,4.561482,-1.0852654825775474,0.4572785527599105,0.462835386134077
rhodospirillum,Proteobacteria,Bacteria,1475,72.0,66.0,283.8729858398437,57.35,9.759904717303543,4.61070075,0.23954482019772455,0.4871898947854519,0.2502794670607763
robbsia,Proteobacteria,Bacteria,4764,80.0,56.0,432.0610046386719,40.63,5.066974155993323,6.3154062,-0.9662497141401089,1.5231777605429913,0.4183331952201841
salinivibrio,Proteobacteria,Bacteria,102,79.0,59.0,277.4840087890625,45.83,13.119639399917483,3.4299723207547173,1.1027900065893388,-0.23036534354212726,0.0239318654117596
silicimonas,Proteobacteria,Bacteria,1283,57.0,55.0,416.53900146484375,32.6,4.8334791624685405,4.3446965,-1.0262435673005583,0.32553312572899407,0.0722382900628483
streptomonospora,Actinobacteria,Bacteria,83,72.0,59.0,213.19000244140625,25.2,5.559274386564515,6.295785666666667,-0.8397588318394197,1.5112539208831697,0.2180828444552701
thiobacillus,Proteobacteria,Bacteria,6617,65.0,63.0,361.5750122070313,17.65,12.502906252700424,3.0392933636363644,0.9443275174593739,-0.46778973787454625,0.2265832711661883
alysiella,Proteobacteria,Bacteria,96,79.0,59.0,277.4840087890625,64.77,10.67015902665285,2.624140833333333,0.4734241961509073,-0.720087273400393,0.1263280298420167
archangium,Proteobacteria,Bacteria,2633,99.0,64.0,334.0929870605469,47.67,2.460879409943036,12.59712275,-1.6358557864440315,5.34071827578468,0.5227566972561565
brucella,Proteobacteria,Bacteria,12732,80.0,65.0,280.3710021972656,17.65,10.884864897681307,3.3073446789099528,0.5285904003796094,-0.3048889211828496,0.381651413179403
celeribacter,Proteobacteria,Bacteria,679,69.0,63.0,342.3429870605469,41.21,10.908510804703653,4.125219363636364,0.5346659442374423,0.19215193070557224,0.0356710746338891
collinsella,Actinobacteria,Bacteria,2733,122.0,55.0,356.5710144042969,53.45,18.30888149969385,2.0754954364981506,2.436106082657421,-1.0535114281275215,0.1503454422525124
cutibacterium,Actinobacteria,Bacteria,2867,79.0,59.0,277.4840087890625,17.65,19.88907441586556,2.513943029953917,2.842118478670211,-0.7870569584766098,0.1473016513574838
dermatophilus,Actinobacteria,Bacteria,27,57.0,67.0,152.25900268554688,34.31,12.786617452707793,2.6590300465116283,1.0172238473389712,-0.6988843133825543,0.1790547106562237
finegoldia,Firmicutes,Bacteria,1226,79.0,59.0,277.4840087890625,17.65,12.295284491108864,1.870635853658537,0.8909814936761454,-1.1780092069115284,0.183557296043944
halodesulfovibrio,Proteobacteria,Bacteria,6476,69.0,65.0,245.48699951171875,25.2,9.542628549591187,3.5629596,0.1837182077970748,-0.1495459811131384,0.0854708035029945
janthinobacterium,Proteobacteria,Bacteria,9457,91.0,70.0,280.68798828125,17.65,5.735800862649313,6.2763685250000005,-0.7944023840402984,1.4994536869164385,0.4981256527621662
jiangella,Actinobacteria,Bacteria,17028,101.0,70.0,192.9320068359375,29.65,3.804052769610141,7.6234484,-1.29074283951336,2.3181044425095427,0.3509102108037946
lactonifactor,Firmicutes,Bacteria,28,83.0,61.0,246.9069976806641,,4.19203141263268,4.770956615384615,-1.191056189330798,0.5845809906811884,0.0780262170961505
shewanella,Proteobacteria,Bacteria,3687,57.0,55.0,416.53900146484375,32.86,13.32384991380779,4.803416461009174,1.1552595495084876,0.6043075693645652,0.1184840290549999
tatlockia,Proteobacteria,Bacteria,211,72.0,59.0,295.1090087890625,50.76,5.97441398823221,3.347608659090909,-0.7330934857111495,-0.28041959430026536,0.6580532877488096
terrabacter,Actinobacteria,Bacteria,11160,99.0,69.0,218.7169952392578,17.65,6.303520708923511,4.283320583333333,-0.6485332988856649,0.28823359992738834,0.4706370355084175
thermincola,Firmicutes,Bacteria,69,69.0,61.0,343.9530029296875,28.77,6.31298883248058,3.1680715,-0.6461005734305577,-0.3895283663000046,0.3108298103865439
thermocrispum,Actinobacteria,Bacteria,838,163.0,83.0,80.5999984741211,17.65,5.986767089496062,4.1758765,-0.7299194984144111,0.22293741249467078,0.4383201648411499
thermomicrobium,Chloroflexi,Bacteria,67,83.0,55.0,573.8049926757812,18.28,8.258477972832704,2.663929125,-0.14622951388620772,-0.6959070331331441,0.1220654822824223
woeseia,Proteobacteria,Bacteria,33493,97.0,79.0,80.5999984741211,28.86,7.445998740272395,2.954607,-0.35498670836954155,-0.5192555468929921,0.1158693712682779
georgenia,Actinobacteria,Bacteria,2752,163.0,83.0,80.5999984741211,17.65,7.503190561259117,4.398129,-0.340291927730093,0.3580052584584866,0.3387743406102823
glaciecola,Proteobacteria,Bacteria,2551,63.0,63.0,293.6549987792969,29.99,9.400284246690315,2.872253571428572,0.14714447626841548,-0.5693035787705987,0.0285397287064528
herbaspirillum,Proteobacteria,Bacteria,3771,101.0,58.0,361.5750122070313,21.64,8.237288786548458,5.46296253125,-0.15167383160512943,1.0051285591006893,0.5716711254106682
pigmentiphaga,Proteobacteria,Bacteria,8846,79.0,66.0,277.4840087890625,36.84,5.165067023290632,6.195466555555556,-0.9410458800540578,1.4502877394148734,0.4784819475899216
rhodanobacter,Proteobacteria,Bacteria,9259,80.0,64.0,280.3710021972656,17.65,8.667369023284753,3.922759018181818,-0.04116966112821512,0.06911222247445849,0.415126891677461
cognatishimia,Proteobacteria,Bacteria,10152,69.0,63.0,254.96600341796875,36.52,11.108259341607624,3.420878,0.5859890334871463,-0.23589216692923728,0.0401330959706151
syntrophaceticus,Firmicutes,Bacteria,3268,80.0,57.0,434.52099609375,17.65,9.046613808474897,2.652926333333333,0.05627292473240541,-0.7025936772429082,0.2952005073101229
marichromatium,Proteobacteria,Bacteria,25,54.0,65.0,114.02400207519533,,9.36704985582549,3.843259142857143,0.1386052817644028,0.020798359123109275,0.0812639285867935
bdellovibrio,Proteobacteria,Bacteria,48724,91.0,63.0,283.8729858398437,17.65,4.465823773077308,3.8066885,-1.1207083912002807,-0.0014264435505450413,0.4319680544367266
fretibacterium,Synergistetes,Bacteria,655,73.0,77.0,154.76699829101562,54.65,7.8285597602895,2.2992735,-0.2566920541101475,-0.9175164628913652,0.2891655218263073
imperialibacter,Bacteroidetes,Bacteria,3653,163.0,83.0,80.5999984741211,40.58,3.383193266680504,6.798311,-1.3988778484863065,1.8166498751045255,0.4814913712454913
kribbella,Actinobacteria,Bacteria,12677,97.0,69.0,248.1009979248047,35.45,4.346164427232663,8.743341545454545,-1.1514534839130164,2.998688709800969,0.4448471906863653
saccharicrinis,Bacteroidetes,Bacteria,2299,57.0,55.0,457.7330017089844,19.5,4.126695749554962,5.815791,-1.2078434365332062,1.219550359839822,0.0816344109767303
afipia,Proteobacteria,Bacteria,4525,80.0,57.0,558.260986328125,17.65,9.32736606932673,4.610090317073171,0.12840898922674496,0.4868189209582407,0.4845392569610092
alishewanella,Proteobacteria,Bacteria,422,57.0,55.0,457.7330017089844,29.45,8.751941087014375,3.542071375,-0.01943984201612956,-0.16224022552774592,0.2755045998204007
paludisphaera,Planctomycetes,Bacteria,49755,75.0,63.0,295.1090087890625,42.53,2.9827529766010485,8.046258,-1.5017663755587498,2.5750553516098798,0.5664710305633305
flexistipes,Deferribacteres,Bacteria,106,64.0,59.0,423.1799926757813,32.22,10.803980562229754,2.128845,0.5078081006360133,-1.0210896977744113,0.0896381252261702
oceanimonas,Proteobacteria,Bacteria,96,79.0,59.0,277.4840087890625,24.04,11.055701662255116,3.527591571428572,0.5724849422433496,-0.17103992802095483,0.2122153746677459
massilimicrobiota,Firmicutes,Bacteria,40,122.0,55.0,356.5710144042969,34.31,4.462723019511623,2.46486280952381,-1.121505094167219,-0.816884112964968,0.1570836815990104
acidiphilium,Proteobacteria,Bacteria,3897,79.0,59.0,361.5750122070313,40.63,8.78739868528743,3.755377578947369,-0.010329419937678889,-0.032609245008338714,0.1820723284815553
alloprevotella,Bacteroidetes,Bacteria,31,70.0,77.0,122.29900360107422,32.04,14.508142889455764,2.412438329749104,1.4595500090486195,-0.8487436491184114,0.1838827139964205
amaricoccus,Proteobacteria,Bacteria,25052,80.0,59.0,558.260986328125,17.65,12.176342665011768,3.695691,0.8604207594103483,-0.06888212225997978,0.3804202892607659
athalassotoga,Thermotogae,Bacteria,56,75.0,63.0,248.1009979248047,52.81,10.029742830893056,1.794662166666667,0.3088766200766101,-1.2241801262574126,0.2030862583244566
aureibaculum,Bacteroidetes,Bacteria,3373,63.0,62.0,304.0379943847656,20.39,4.4148675078193325,2.491581,-1.1338010175103495,-0.8006468673291711,0.0434075275846169
aureispira,Bacteroidetes,Bacteria,5596,63.0,63.0,365.4549865722656,25.2,2.0507813000679027,6.8266665,-1.7412257792383963,1.8338821505850127,0.0451082981368007
bradymonas,Proteobacteria,Bacteria,1050,78.0,59.0,164.38900756835938,57.35,5.571155897456508,5.025887,-0.8367060142649697,0.7395079225299962,0.2826491987258178
chiayiivirga,Proteobacteria,Bacteria,33512,84.0,70.0,279.6650085449219,53.45,4.84847635957001,3.7125065,-1.0223902099880882,-0.05866296448310649,0.5165303228564856
chromohalobacter,Proteobacteria,Bacteria,52,98.0,76.0,140.51699829101562,20.39,9.029480831658452,3.543946833333333,0.0518708033857733,-0.16110046729205366,0.2141548712021378
denitratisoma,Proteobacteria,Bacteria,34904,82.0,66.0,280.3710021972656,42.78,6.636551733046603,4.2190585,-0.5629648074267923,0.24918008569029054,0.2891089335243325
donghicola,Proteobacteria,Bacteria,45,79.0,68.0,313.35699462890625,,10.413061908197143,4.22546225,0.40736604843747776,0.25307178867941654,0.0124882943326548
erythrobacter,Proteobacteria,Bacteria,13275,91.0,69.0,315.66900634765625,17.65,9.589780001702058,3.024052688888889,0.1958332311281481,-0.47705183890457586,0.4127499753033588
facklamia,Firmicutes,Bacteria,1107,79.0,59.0,277.4840087890625,64.77,20.54182429547805,1.995927888888889,3.00983505296077,-1.101866417449155,0.0922561326319369
ferrovum,Proteobacteria,Bacteria,1166,68.0,60.0,361.5750122070313,40.63,9.31100425194214,2.2553958125,0.12420500842702387,-0.9441819210369358,0.3392885602246816
filimonas,Bacteroidetes,Bacteria,1503,84.0,63.0,248.1009979248047,36.88,2.0541685531316154,7.7890395,-1.74035546352047,2.418737880548615,0.4516950383508461
fructobacillus,Firmicutes,Bacteria,16,99.0,66.0,144.09300231933594,,13.03847508171564,1.457225625,1.0819357684981374,-1.4292479065181347,0.0377749582353092
hahella,Proteobacteria,Bacteria,4360,57.0,55.0,450.9219970703125,43.14,4.1732061886920935,6.9490935,-1.1958931141134455,1.908283793661298,0.2659837061057272
harryflintia,Firmicutes,Bacteria,31,122.0,55.0,356.5710144042969,50.76,4.606739972420511,2.8219522,-1.0845015944561465,-0.599872854202295,0.0175646511073588
isoptericola,Actinobacteria,Bacteria,122,79.0,59.0,277.4840087890625,17.65,5.757886467420398,3.6471716,-0.788727741900892,-0.09836845355189673,0.3872014443350777
methylocella,Proteobacteria,Bacteria,3288,75.0,63.0,353.89898681640625,40.63,7.754574972048695,4.12659625,-0.275701594549629,0.1929886955350941,0.4950405592109281
muriicola,Bacteroidetes,Bacteria,2375,57.0,62.0,416.53900146484375,20.39,7.462701005778619,2.411995333333333,-0.35069525334046003,-0.8490128680097528,0.0436614025137089
mycoplasma,Tenericutes,Bacteria,638,63.0,70.0,353.89898681640625,32.86,1.91123552127014,1.0464435061728397,-1.7770804621845855,-1.6788894446355318,0.1204306205530421
neorhizobium,Proteobacteria,Bacteria,4302,80.0,63.0,277.4840087890625,17.65,8.26785320790415,6.047519076923077,-0.1438206550591713,1.3603767271442955,0.3697240893656888
parabacteroides,Bacteroidetes,Bacteria,4568,122.0,55.0,356.5710144042969,53.45,8.32379987952937,4.805497558677686,-0.12944580122769897,0.605572299252086,0.2040863271850836
petrocella,Firmicutes,Bacteria,806,63.0,59.0,277.4840087890625,19.79,8.012742040453665,3.369633,-0.20936853550222995,-0.2670349066798173,0.1646203956321607
pseudomonas,Proteobacteria,Bacteria,60443,79.0,63.0,277.4840087890625,17.65,9.759396394448476,6.660247967484395,0.23941421248633582,1.7327458631851316,0.2734325873134264
pseudooceanicola,Proteobacteria,Bacteria,2874,57.0,69.0,318.0260009765625,53.82,11.349749983397036,4.49349105263158,0.6480372765112474,0.4159589239319257,0.0823141763627375
quasibacillus,Firmicutes,Bacteria,42,80.0,57.0,558.260986328125,17.65,6.527633867627419,3.8298716666666666,-0.5909500002819641,0.012662488561745273,0.3245352518940579
roseitalea,Proteobacteria,Bacteria,300,132.0,79.0,14.423999786376951,32.22,9.818613390870407,3.768352875,0.25462933866232,-0.02472386559271141,0.1268917988247765
ruminococcus,Firmicutes,Bacteria,11318,99.0,61.0,233.7469940185547,64.77,12.063026626696177,2.6527339274193547,0.8313055066128279,-0.7027106066468598,0.1807840009650335
saccharibacillus,Firmicutes,Bacteria,2286,79.0,59.0,277.4840087890625,64.77,6.126399503254201,5.386524333333333,-0.6940425556115419,0.9586753460121527,0.3469527715895031
sphingopyxis,Proteobacteria,Bacteria,3647,80.0,59.0,353.89898681640625,17.65,9.039254116978787,4.093258085365854,0.054381936646286426,0.17272834262333256,0.3587214452142629
staphylococcus,Firmicutes,Bacteria,4533,122.0,55.0,356.5710144042969,53.45,22.43177807876604,2.7639360456534345,3.49543694121959,-0.6351305768317137,0.1106901575534684
stigmatella,Proteobacteria,Bacteria,13546,91.0,60.0,334.0929870605469,17.65,2.4582759511549788,9.76293975,-1.6365247152372453,3.61832148439981,0.4785714079969944
sulfobacillus,Firmicutes,Bacteria,250,72.0,63.0,361.5750122070313,17.99,8.22678375182003,3.6466255714285714,-0.15437297946020265,-0.09870028740293361,0.1749935952754952
thalassobacillus,Firmicutes,Bacteria,49,95.0,79.0,162.90899658203125,45.15,6.905166741691852,4.054934666666666,-0.4939472702964063,0.14943833862486833,0.2860407760343957
xanthobacter,Proteobacteria,Bacteria,2380,57.0,57.0,335.697998046875,53.45,9.853336398430391,5.07442332,0.26355101610557435,0.7690045364866919,0.3276050748884244
acetobacterium,Firmicutes,Bacteria,2348,57.0,56.0,309.7279968261719,53.45,7.901859762209951,3.6700221052631576,-0.23785846163995414,-0.08448168726094597,0.2306819880934687
acidipila,Acidobacteria,Bacteria,22851,80.0,57.0,365.4580078125,17.65,6.372080755872842,3.609496,-0.6309175833310823,-0.12126476354793433,0.6073347278385826
algiphilus,Proteobacteria,Bacteria,93,105.0,79.0,148.3489990234375,38.05,6.930114987932937,2.885955,-0.4875371053545207,-0.5609769122819435,0.0898408298399888
alloiococcus,Firmicutes,Bacteria,549,122.0,55.0,356.5710144042969,64.77,13.081835984490631,1.758163,1.0930768537724613,-1.2463614912415681,0.1376655000968269
dethiosulfovibrio,Synergistetes,Bacteria,484,53.0,57.0,388.6099853515625,53.45,7.464118118176397,2.679486,-0.3503311426080598,-0.6864527700936808,0.1076668061645564
duncaniella,Bacteroidetes,Bacteria,1872,122.0,61.0,356.5710144042969,32.86,8.71990871602552,2.7523223902439025,-0.027670191337441342,-0.6421884565852891,0.2173323941870655
eisenbergiella,Firmicutes,Bacteria,621,122.0,55.0,356.5710144042969,64.77,6.909372313077944,4.631390313043478,-0.49286669709702324,0.4997634078582636,0.138702467210808
erysipelothrix,Firmicutes,Bacteria,1691,72.0,59.0,309.7279968261719,17.65,14.982000800294298,1.868909258064516,1.5813023493991076,-1.1790584979104377,0.1430459773705398
luminiphilus,Proteobacteria,Bacteria,21027,65.0,63.0,254.96600341796875,42.4,15.33609360800999,2.282197859154929,1.6722824239205418,-0.9278937141141659,0.0790861978810891
marinicella,Proteobacteria,Bacteria,1048,57.0,66.0,216.41900634765625,20.39,5.08136004693981,3.345561,-0.9625534249135298,-0.28166400281165366,0.0942762386962488
peptoclostridium,Firmicutes,Bacteria,2558,69.0,62.0,241.97300720214844,53.45,6.3614676814722255,3.301125,-0.63364449073736,-0.30866876002809956,0.2312414368861911
sandarakinorhabdus,Proteobacteria,Bacteria,11933,89.0,65.0,283.8729858398437,40.63,7.421661578911498,2.694814333333333,-0.36123986207954967,-0.6771373969683001,0.3304484993501911
traorella,Firmicutes,Bacteria,103,99.0,67.0,233.7469940185547,64.77,2.8903082596339136,2.421887,-1.5255189823768354,-0.8430014795679636,0.1223364827617742
trichormus,Cyanobacteria,Bacteria,5067,91.0,66.0,283.8729858398437,44.82,5.897716443151705,6.951843208333333,-0.7528000378211775,1.9099548532966768,0.1421829209963783
acetatifactor,Firmicutes,Bacteria,36,77.0,62.0,277.8420104980469,32.04,8.814370937038127,3.290081641350211,-0.0033992100581841283,-0.3153800576064524,0.1149463366264452
aquisediminimonas,Proteobacteria,Bacteria,5417,78.0,62.0,338.14801025390625,18.36,7.847186505716512,3.058421,-0.2519061260988618,-0.45616544279568133,0.2536235758541754
geothrix,Acidobacteria,Bacteria,27566,68.0,61.0,371.6130065917969,52.03,11.914263321221036,3.525186481751825,0.7930824861976539,-0.17250155514320578,0.2753563020226816
levilactobacillus,Firmicutes,Bacteria,385,80.0,64.0,260.2439880371094,64.77,13.244615084939646,2.5670810198675498,1.1349010715105248,-0.7547638061544475,0.1592930614319859
ligilactobacillus,Firmicutes,Bacteria,3980,122.0,55.0,356.5710144042969,21.64,22.267762151333603,2.0208586607929515,3.4532949350128823,-1.0867154263048622,0.2097919694967962
marinilabilia,Bacteroidetes,Bacteria,285,61.0,69.0,347.3320007324219,27.29,4.625447826305988,4.9724915,-1.0796948265592865,0.7070582755331755,0.1587770542072361
metallibacterium,Proteobacteria,Bacteria,2160,79.0,59.0,277.4840087890625,17.65,7.151222046331053,3.076397272727273,-0.43072618965123566,-0.44524085730966506,0.3630920552686733
mitsuokella,Firmicutes,Bacteria,517,93.0,63.0,280.3710021972656,64.77,10.978735956310622,2.2771291794871797,0.5527094892834377,-0.9309740648170982,0.1274172934499785
oleibacter,Proteobacteria,Bacteria,1843,63.0,62.0,360.6780090332031,29.99,11.343014095135882,3.2619196,0.6463065674919897,-0.33249476391174426,0.0284591890916847
paenarthrobacter,Actinobacteria,Bacteria,2896,80.0,57.0,558.260986328125,17.65,8.259691934734697,4.721725738461538,-0.14591760033726564,0.5546622788515814,0.2665827110834236
planktotalea,Proteobacteria,Bacteria,1575,79.0,69.0,347.3320007324219,47.92,8.180214647274209,3.667385428571429,-0.16633837528201523,-0.08608405502398486,0.0386673237963598
povalibacter,Proteobacteria,Bacteria,91876,80.0,65.0,283.8729858398437,32.04,4.4950512295369816,5.339205,-1.1131987324079222,0.9299183222406445,0.5192526317397278
propionimicrobium,Actinobacteria,Bacteria,60,78.0,61.0,334.3210144042969,,12.795464655451312,2.1101226666666664,1.0194970343322465,-1.0324676810805606,0.259915987111106
pseudobutyrivibrio,Firmicutes,Bacteria,24,58.0,56.0,560.8510131835938,,5.659252030743208,3.0039305384615385,-0.8140707260105143,-0.489280522561147,0.1450231667488225
rhizobium,Proteobacteria,Bacteria,31865,90.0,68.0,260.2439880371094,17.65,8.928634210093863,7.055950385869566,0.025959423811670344,1.973223127980613,0.4331864249652429
roseiflexus,Chloroflexi,Bacteria,284,72.0,55.0,573.8049926757812,18.28,6.8901384291448045,4.789453846153846,-0.49780862236475903,0.5958221740932786,0.101106942629679
viridibacillus,Firmicutes,Bacteria,1187,99.0,70.0,245.125,34.31,7.531538316701186,4.51435,-0.3330082979967674,0.42863537567093957,0.6399218751274653
aliiroseovarius,Proteobacteria,Bacteria,1650,65.0,69.0,273.6789855957031,29.53,11.266726141402184,3.372763260869565,0.6267052551678142,-0.26513257670397006,0.0424661196691209
endozoicomonas,Proteobacteria,Bacteria,3601,88.0,55.0,457.7330017089844,25.0,6.075123073450326,5.5965944375,-0.7072174445194672,1.0863396758675476,0.0622214133260804
frondihabitans,Actinobacteria,Bacteria,525,118.0,78.0,88.05599975585938,47.54,5.521108058781857,3.62246125,-0.8495652308122669,-0.1133854893445738,0.1520145496617582
idiomarina,Proteobacteria,Bacteria,5061,79.0,59.0,277.4840087890625,32.06,12.336206576404123,2.593990283950617,0.9014959528478903,-0.7384104407877076,0.1786640407306956
mariniphaga,Bacteroidetes,Bacteria,3208,61.0,69.0,347.3320007324219,57.35,5.19401372604694,4.620704,-0.9336083576968309,0.49326909493005083,0.2741105437292584
ohtaekwangia,Bacteroidetes,Bacteria,14207,80.0,63.0,353.89898681640625,17.65,4.899647312158112,4.89831175,-1.0092424222376624,0.6619775720691679,0.3781923340687406
psychrilyobacter,Fusobacteria,Bacteria,829,57.0,62.0,416.53900146484375,20.39,5.089495281738492,3.340213333333333,-0.9604631698953378,-0.2849139001923321,0.058100491623745
spiribacter,Proteobacteria,Bacteria,1167,61.0,69.0,347.3320007324219,14.33,14.14501728906886,1.9794956363636365,1.3662490623364596,-1.1118526671107756,0.15433232093703
aminivibrio,Synergistetes,Bacteria,2501,53.0,57.0,388.6099853515625,53.45,9.261032003718736,2.6994831666666665,0.11136521397680893,-0.6743000418811923,0.1483435825471376
anabaena,Cyanobacteria,Bacteria,6056,91.0,62.0,283.8729858398437,44.82,6.185297326991074,6.628622333333333,-0.6789094371861787,1.7135262535878333,0.1251106309504119
arenimonas,Proteobacteria,Bacteria,38485,63.0,70.0,353.89898681640625,17.65,12.611196760964248,2.2202492380952377,0.97215151810871,-0.965541285263922,0.4315760179143287
cellulomonas,Actinobacteria,Bacteria,4716,91.0,66.0,277.4840087890625,17.65,11.98476823203148,3.7547659770114943,0.8111979121534716,-0.03298092926865473,0.2990458512818353
coprothermobacter,Coprothermobacterota,Bacteria,1131,64.0,64.0,352.4700012207031,53.45,14.758150803704297,1.2874241666666668,1.5237866672739477,-1.5324400740689967,0.1727156427068278
coxiella,Proteobacteria,Bacteria,5878,61.0,69.0,347.3320007324219,40.63,4.079590472860126,1.9609811458333333,-1.2199465956221929,-1.1231043396680944,0.1864366538252503
duodenibacillus,Proteobacteria,Bacteria,3357,122.0,55.0,356.5710144042969,64.77,21.95256273899261,1.9587690289855075,3.372308071120067,-1.1244486928594246,0.2123438712733117
olsenella,Actinobacteria,Bacteria,9379,91.0,61.0,280.3710021972656,64.77,5.204463499299574,2.1135704,-0.9309234086424009,-1.0303724159438759,0.1879604770417558
thalassospira,Proteobacteria,Bacteria,9443,163.0,83.0,80.5999984741211,41.21,11.495750707137232,4.436421883116883,0.6855504833220777,0.3812767052963919,0.1622171770647713
thermomonospora,Actinobacteria,Bacteria,428,80.0,66.0,245.48699951171875,17.65,3.6395327631134937,6.3194925,-1.3330143630382039,1.5256610970137259,0.3314734685562764
dickeya,Proteobacteria,Bacteria,328,57.0,64.0,216.41900634765625,49.5,11.004798225185144,4.816081032608695,0.5594058895286116,0.6120041145372933,0.1129221596160301
aminobacter,Proteobacteria,Bacteria,3077,91.0,66.0,339.3699951171875,29.53,7.050365855234837,6.240810888888889,-0.45664002800643116,1.477844511239706,0.614039667581298
ancylomarina,Bacteroidetes,Bacteria,7139,57.0,60.0,416.53900146484375,21.83,5.254046272385521,4.3775785,-0.9181836853494024,0.34551625712676093,0.0343048747185671
blattabacterium,Bacteroidetes,Bacteria,29,170.0,81.0,176.44400024414062,,6.378978154041096,0.62705968,-0.6291453761987204,-1.9337584338852767,0.1514406130916948
brachymonas,Proteobacteria,Bacteria,3975,116.0,63.0,280.3710021972656,21.64,13.07410007700645,1.529742,1.0910892013150673,-1.3851780734752925,0.1769143033314449
cupriavidus,Proteobacteria,Bacteria,7071,91.0,60.0,283.8729858398437,48.73,7.344702933474352,6.807627272727273,-0.3810135009233015,1.822311583700308,0.430233832196798
fluviicola,Bacteroidetes,Bacteria,32739,91.0,70.0,283.8729858398437,32.6,5.680009927968868,3.8732326666666665,-0.8087372230549413,0.039013944085696736,0.2717919781590914
gallibacterium,Proteobacteria,Bacteria,364,99.0,62.0,233.7469940185547,64.77,12.857847326543649,2.488752525,1.0355255442063693,-0.8023657952404993,0.268601141786204
lacrimispora,Firmicutes,Bacteria,3841,122.0,55.0,356.5710144042969,64.77,8.263395670902863,4.84062504,-0.1449659679255222,0.626920060183185,0.1985569603431581
mogibacterium,Firmicutes,Bacteria,3202,53.0,57.0,353.89898681640625,53.45,8.280001366837148,1.57004805,-0.1406993253373041,-1.3606831798169088,0.205699154278129
moritella,Proteobacteria,Bacteria,475,43.0,58.0,416.53900146484375,20.39,10.572910682584295,4.918229384615385,0.4484373525956234,0.6740819668642516,0.0310589513209675
planococcus,Firmicutes,Bacteria,4103,80.0,57.0,558.260986328125,17.65,10.575950492676943,3.5930576666666667,0.4492183968380758,-0.13125470865347208,0.199052219660709
smithella,Proteobacteria,Bacteria,66,153.0,70.0,182.2830047607422,29.99,14.178096289761156,2.8212532333333336,1.3747483311227828,-0.6002976319756256,0.213500812567025
thermotoga,Thermotogae,Bacteria,432,80.0,66.0,232.61099243164065,28.69,8.737399395867081,1.7167579642857145,-0.02317616231244777,-1.271524263250807,0.2237344921163814
burkholderia,Proteobacteria,Bacteria,57256,80.0,63.0,248.1009979248047,35.12,7.729159597230047,7.374669817974451,-0.282231782807074,2.166916099538717,0.4346008483552928
comamonas,Proteobacteria,Bacteria,13673,80.0,59.0,283.8729858398437,17.65,9.322023706496989,5.363642227722773,0.12703633054015362,0.9447693754789306,0.2351354241730011
gimesia,Planctomycetes,Bacteria,3426,69.0,83.0,80.5999984741211,25.0,5.705286903620057,7.536869,-0.8022425948718461,2.2654881926908024,0.1366303083114989
hydrogenophaga,Proteobacteria,Bacteria,30247,63.0,59.0,334.0929870605469,53.45,9.593162463665085,4.690841020408163,0.19670231582785522,0.5358929406409013,0.2364599048893557
slackia,Actinobacteria,Bacteria,275,63.0,70.0,353.89898681640625,53.45,7.474613010809714,2.4081514285714287,-0.3476346006476812,-0.8513488954392776,0.1342323972650737
sterolibacterium,Proteobacteria,Bacteria,4541,91.0,61.0,283.8729858398437,40.63,9.820988835354395,2.749214,0.25523968180249557,-0.6440774952897306,0.2974654801749889
thermoflavifilum,Bacteroidetes,Bacteria,665,61.0,69.0,347.3320007324219,28.49,4.330086069481644,2.7713075,-1.1555846330199604,-0.630650778133336,0.5283508424873828
dysgonomonas,Bacteroidetes,Bacteria,5216,99.0,63.0,280.3710021972656,53.45,6.40097552148424,4.218107054054054,-0.623493405625911,0.24860187057698524,0.1451514158571757
synechocystis,Cyanobacteria,Bacteria,6354,91.0,66.0,283.8729858398437,34.31,10.311887328881747,3.782042875,0.38137040389114674,-0.01640414450410886,0.09938482869488
thiocapsa,Proteobacteria,Bacteria,188,72.0,59.0,297.5849914550781,19.19,7.597076162738536,4.738665142857143,-0.31616910220818784,0.5649567361180884,0.1597950805044697
aromatoleum,Proteobacteria,Bacteria,1563,57.0,55.0,457.7330017089844,57.35,7.158730698475728,5.028824454545454,-0.4287969278396641,0.741293079763643,0.217213665434828
desulfobulbus,Proteobacteria,Bacteria,11587,65.0,62.0,309.7279968261719,53.45,8.064488256376993,2.604009,-0.19607294045392076,-0.7323218415768403,0.1200072080591014
endobacter,Proteobacteria,Bacteria,1813,79.0,59.0,280.68798828125,40.63,6.547863745218637,3.512596,-0.5857521658987075,-0.18015307424812352,0.4497707120793388
limosilactobacillus,Firmicutes,Bacteria,1438,122.0,55.0,356.5710144042969,64.77,20.42532134797594,2.0073123600605145,2.979900960500414,-1.0949478181146655,0.1853013399678967
phaeobacter,Proteobacteria,Bacteria,3785,163.0,83.0,80.5999984741211,41.21,8.699061078250308,4.253332591549296,-0.03302675209511583,0.2700092224510921,0.0721078334245479
rhodoplanes,Proteobacteria,Bacteria,94922,92.0,63.0,280.3710021972656,17.65,8.172577004802694,5.75094,-0.16830077967455073,1.18013894769103,0.467008279803082
teredinibacter,Proteobacteria,Bacteria,522,54.0,63.0,314.0660095214844,48.74,7.3876381766701,5.1437278181818185,-0.3699817839823535,0.8111224397049747,0.0387019353112963
thioalkalivibrio,Proteobacteria,Bacteria,1275,61.0,69.0,347.3320007324219,49.39,8.792555921814047,2.8433143015873017,-0.009004327325537909,-0.5868906243211596,0.3265503095849045
agitococcus,Proteobacteria,Bacteria,5901,69.0,65.0,338.34600830078125,54.06,8.537706970665496,2.9281867000000004,-0.07448483430556414,-0.5353117577824884,0.068302523265273
albidovulum,Proteobacteria,Bacteria,513,91.0,75.0,134.43099975585938,5.66,11.036862978639505,2.899374583333333,0.5676445591520043,-0.5528215294873058,0.2683093797884506
clavibacter,Actinobacteria,Bacteria,530,99.0,70.0,216.41900634765625,17.65,7.939705034320315,3.274680846153846,-0.22813455422964207,-0.324739467436726,0.3810299166521557
cohnella,Firmicutes,Bacteria,7088,80.0,59.0,434.52099609375,17.65,6.235518203831545,6.4148638,-0.6660057604722859,1.5836203823210628,0.2895718120484886
desulfatibacillum,Proteobacteria,Bacteria,627,78.0,59.0,318.0260009765625,20.39,4.465993117904605,6.4935165,-1.1206648799945416,1.6314193981622265,0.1973064640162913
ferrimicrobium,Actinobacteria,Bacteria,52,79.0,59.0,277.4840087890625,2.91,5.314378483144397,2.446193857142857,-0.9026820176756194,-0.8282296554650359,0.3007924580842442
fundicoccus,Firmicutes,Bacteria,472,79.0,57.0,309.7279968261719,17.65,8.192465472616803,2.807457666666666,-0.16319066660696863,-0.6086815083033024,0.0699447653669924
fusobacterium,Fusobacteria,Bacteria,7033,79.0,59.0,277.4840087890625,17.65,11.937156221517464,2.3456172877697843,0.7989645536375921,-0.8893523001131333,0.150516485448025
gabonibacter,Bacteroidetes,Bacteria,14,79.0,56.0,263.66900634765625,,4.724092538730282,3.3868938571428573,-1.054349202214627,-0.25654509534462466,0.1496280370893741
longispora,Actinobacteria,Bacteria,14218,92.0,70.0,245.48699951171875,37.01,2.197159188808828,8.64753,-1.703615664218403,2.9404618774233375,0.5364544982507068
mesorhizobium,Proteobacteria,Bacteria,52127,99.0,67.0,246.9069976806641,29.45,10.1778345308466,6.6811854519650655,0.3469270791771441,1.7454700436947097,0.4080621840626654
methyloversatilis,Proteobacteria,Bacteria,156,168.0,81.0,162.49099731445312,21.64,9.66307403745611,3.932496,0.21466529066050186,0.07502960545269581,0.263375335817812
microbulbifer,Proteobacteria,Bacteria,765,74.0,65.0,273.9100036621094,28.67,7.390940431165881,4.194324157894737,-0.3691333076688889,0.23414846935531133,0.1617960429925835
parapedobacter,Bacteroidetes,Bacteria,1337,99.0,66.0,216.41900634765625,49.13,4.549390026315377,5.715051875,-1.099237003526174,1.1583289264789847,0.276063403601492
parashewanella,Proteobacteria,Bacteria,11,104.0,65.0,273.5329895019531,65.38,4.092503838671161,5.131333,-1.2166286547936578,0.803589829754889,0.0339544300868043
parolsenella,Actinobacteria,Bacteria,536,57.0,56.0,309.7279968261719,57.35,12.212759287912675,2.128921023255814,0.8697775918371841,-1.021043496730977,0.0904692498567057
pseudochrobactrum,Proteobacteria,Bacteria,336,72.0,59.0,558.260986328125,17.65,9.068267704926132,4.080161857142857,0.06183664438410373,0.16476947000623834,0.2992682587081297
ramlibacter,Proteobacteria,Bacteria,40743,87.0,64.0,277.4840087890625,17.65,7.494340828010042,4.536756571428572,-0.3425657649076675,0.4422523533800385,0.4324390315023023
schaedlerella,Firmicutes,Bacteria,126,69.0,63.0,347.7680053710937,34.59,7.065180264682416,4.104636953846154,-0.45283363587938746,0.17964353707621733,0.3099917369207449
thermobacillus,Firmicutes,Bacteria,2653,80.0,57.0,558.260986328125,17.65,7.795405312669307,3.9767015,-0.2652107081168792,0.1018942826318207,0.420384950384876
thioclava,Proteobacteria,Bacteria,49,80.0,65.0,278.1610107421875,38.17,11.555866498516515,4.06719825,0.7009965445253136,0.15689119420413566,0.1315537017691278
alcaligenes,Proteobacteria,Bacteria,338,91.0,57.0,283.8729858398437,17.65,11.069726990315056,4.065140905405405,0.5760885889830638,0.15564089959418903,0.1823858647093429
anaerocolumna,Firmicutes,Bacteria,4494,76.0,60.0,457.7330017089844,17.65,6.498573833817386,5.539677,-0.5984166417500252,1.0517496681920204,0.3423197852424266
daejeonella,Bacteroidetes,Bacteria,15134,91.0,60.0,353.89898681640625,21.64,4.147226050835986,3.3757504,-1.2025684117380266,-0.2633172250298964,0.2483465243598697
dermacoccus,Actinobacteria,Bacteria,6517,79.0,59.0,277.4840087890625,17.65,8.304637856778038,3.0103660666666667,-0.13436926259124438,-0.48536950724160705,0.3919903802055006
granulosicoccus,Proteobacteria,Bacteria,5831,57.0,63.0,309.1090087890625,29.99,9.137460618862637,4.26814425,0.07961496783243781,0.27901060062271354,0.0304843203571505
lactococcus,Firmicutes,Bacteria,3511,69.0,58.0,335.697998046875,53.45,18.444914762454754,2.439696825902336,2.4710582650053836,-0.8321780475632882,0.1586256583836592
moorella,Firmicutes,Bacteria,236,69.0,66.0,260.2439880371094,39.21,12.341177984105911,2.755004428571429,0.9027732988807086,-0.6405585215353283,0.2351583959789494
petrimonas,Bacteroidetes,Bacteria,1960,116.0,63.0,280.3710021972656,53.45,8.485647698484858,2.946151064516129,-0.08786086555872939,-0.5243944091843746,0.2714964330436625
pseudodesulfovibrio,Proteobacteria,Bacteria,1731,64.0,63.0,416.53900146484375,56.78,12.737086761043958,3.375968210526316,1.0044975057683962,-0.2631848566713054,0.0596016932916358
streptomyces,Actinobacteria,Bacteria,37186,91.0,66.0,248.1009979248047,17.65,8.328481635432647,8.404893360416667,-0.12824287789322292,2.7930061310968863,0.3040047164998636
actinobacillus,Proteobacteria,Bacteria,474,79.0,59.0,277.4840087890625,57.35,14.581524075419408,2.331717852272727,1.4784044608250138,-0.8977992998665693,0.1494761206643097
aestuariibaculum,Bacteroidetes,Bacteria,24,88.0,62.0,152.51199340820312,28.67,3.9853930363476566,4.0146605,-1.2441495435694259,0.12496282118567485,0.0893344490771789
bacillus,Firmicutes,Bacteria,61634,85.0,61.0,309.7279968261719,17.65,14.084513488511012,4.046998147752559,1.3507033066372847,0.14461513747221744,0.2386321330968183
butyrivibrio,Firmicutes,Bacteria,3918,99.0,61.0,233.7469940185547,64.77,6.891950152889572,3.6274203157894735,-0.4973431207851745,-0.1103717534622912,0.0911218689051827
caproiciproducens,Firmicutes,Bacteria,3512,99.0,63.0,280.3710021972656,64.77,12.668872454633334,2.446942307692308,0.9869706242688726,-0.82777480522252,0.2342336039177318
chelativorans,Proteobacteria,Bacteria,3518,61.0,69.0,347.3320007324219,36.84,6.445277617858658,4.809723,-0.6121104914808809,0.6081401950357169,0.4077297724526669
cysteiniphilum,Proteobacteria,Bacteria,370,57.0,61.0,312.2059936523437,17.02,5.80456866601572,3.2732837000000004,-0.7767332878637546,-0.3255885445966975,0.065617549724218
desulfobacter,Proteobacteria,Bacteria,2664,69.0,65.0,193.58799743652344,20.39,10.285832931601124,4.180507333333334,0.3746760261614941,0.22575167412660205,0.0551473842493284
labrys,Proteobacteria,Bacteria,21043,91.0,64.0,283.8729858398437,17.65,4.920020076756925,6.5040385,-1.0040078746811474,1.6378138543561107,0.5436890268034305
lysinibacillus,Firmicutes,Bacteria,11149,80.0,57.0,356.5710144042969,17.65,9.721070973977785,4.731988905660378,0.22956693647702342,0.5608994365272602,0.2632429483690517
macellibacteroides,Bacteroidetes,Bacteria,2998,116.0,63.0,280.3710021972656,27.93,7.715342511517031,3.629132466666667,-0.2857819240707411,-0.10933124084287156,0.2330530084844095
mucilaginibacter,Bacteroidetes,Bacteria,27673,90.0,63.0,277.4840087890625,40.63,6.806534400417924,5.142117550724637,-0.51928971601626,0.8101438439327467,0.3753880365366784
oharaeibacter,Proteobacteria,Bacteria,1279,78.0,70.0,239.19900512695312,34.31,5.24168925129122,4.960233,-0.9213586798014929,0.6996085092099732,0.2294571541793425
pararheinheimera,Proteobacteria,Bacteria,128,82.0,64.0,183.4409942626953,36.93,7.305370582066829,4.2434534500000005,-0.3911194962561207,0.2640054458050027,0.320836833564965
patiriisocius,Bacteroidetes,Bacteria,1212,63.0,58.0,338.22100830078125,29.99,9.65855790486562,1.86363225,0.21350492233141333,-1.182265454468442,0.0472956755977245
prosthecochloris,Chlorobi,Bacteria,479,78.0,65.0,114.02400207519533,10.11,10.968101927173851,2.3705104285714285,0.5499771977987055,-0.8742241782366547,0.0858418424775541
sanguibacter,Actinobacteria,Bacteria,895,122.0,55.0,356.5710144042969,17.65,6.703569431122384,4.3260535,-0.5457453806767152,0.31420335507488034,0.4248915230580129
shimia,Proteobacteria,Bacteria,1997,69.0,60.0,216.41900634765625,29.99,10.225968176849008,4.302771066666667,0.35929446593243686,0.3000540963752953,0.0288856632485175
tannerella,Bacteroidetes,Bacteria,1200,79.0,77.0,122.29900360107422,17.65,7.511411951713145,3.0620075357142857,-0.3381795360071361,-0.4539858243283936,0.2416859899382074
xenorhabdus,Proteobacteria,Bacteria,23,118.0,62.0,176.44400024414062,,10.345642148118664,4.446316559322034,0.390043316479922,0.38728992270244694,0.2276659175280985
oleispira,Proteobacteria,Bacteria,3873,69.0,60.0,338.22100830078125,20.39,10.145489489748458,3.154111,0.33861639286726986,-0.3980124763261139,0.087139204508043
sinorhizobium,Proteobacteria,Bacteria,873,80.0,57.0,558.260986328125,17.65,7.849521829079761,6.879399940000001,-0.25130609161922735,1.8659294488204081,0.2963866549752783
ferrithrix,Actinobacteria,Bacteria,195,65.0,65.0,372.87200927734375,6.41,7.408127642039273,1.88981625,-0.3647172515050702,-1.1663528484067933,0.2231754083599383
sinomonas,Actinobacteria,Bacteria,469,122.0,61.0,344.0379943847656,39.37,4.721631352111836,4.447615333333333,-1.0549815758101313,0.3880792168975625,0.4621842439266184
tissierella,Firmicutes,Bacteria,7159,72.0,57.0,356.5710144042969,53.45,9.709452949668744,3.501742083333333,0.22658181874970423,-0.18674924367000842,0.2805377878457533
elstera,Proteobacteria,Bacteria,14,63.0,70.0,353.89898681640625,,7.416622458197742,3.9101356666666662,-0.36253460619202565,0.0614407276746447,0.1951247352301501
apilactobacillus,Firmicutes,Bacteria,19,79.0,59.0,277.4840087890625,23.99,12.578012585391686,1.5105725066666666,0.9636252258465186,-1.3968278059766188,0.0680792000915322
rivularia,Cyanobacteria,Bacteria,28,57.0,66.0,229.8600006103516,7.22,5.253346045634802,8.37561425,-0.9183636005596922,2.7752125567806654,0.1514358661577481
mesotoga,Thermotogae,Bacteria,31,78.0,64.0,203.69900512695312,42.18,6.75123930682314,2.666177153846154,-0.5334971543666102,-0.6945408554122432,0.1312473955736906
coprobacter,Bacteroidetes,Bacteria,19,92.0,64.0,142.1790008544922,68.34,6.706161412096737,3.57879844,-0.5450794009757264,-0.13992036159765264,0.1291965283581119
acholeplasma,Tenericutes,Bacteria,91,139.0,67.0,176.44400024414062,,10.126890256401287,1.4812049523809525,0.3338375337684829,-1.4146751296224578,0.1590991255640901
actinomyces,Actinobacteria,Bacteria,5301,79.0,59.0,277.4840087890625,53.45,14.623089887968478,2.9405549941520466,1.4890843183111186,-0.5277952670822095,0.2403403045841251
amycolatopsis,Actinobacteria,Bacteria,12722,88.0,63.0,248.1009979248047,17.65,5.580340254721958,9.139227658536583,-0.8343461992948984,3.2392776099977216,0.4040973705765786
brevibacillus,Firmicutes,Bacteria,6410,78.0,59.0,334.0929870605469,17.65,8.162313624332864,5.758171293478261,-0.17093783724714254,1.1845335674754685,0.3189882444859792
corallincola,Proteobacteria,Bacteria,1242,57.0,62.0,308.3269958496094,20.39,6.06948155733559,4.283726666666667,-0.7086669672020762,0.288480385907817,0.0780070013168683
desulforhopalus,Proteobacteria,Bacteria,9897,61.0,67.0,393.3469848632813,20.39,7.894136449425622,4.9403757142857145,-0.23984287803407311,0.6875407898002183,0.0946481432694044
ehrlichia,Proteobacteria,Bacteria,88,57.0,59.0,416.53900146484375,43.69,5.070318235231619,1.3805839545454546,-0.9653904914400814,-1.4758247744470177,0.2650102702466416
eubacterium,Firmicutes,Bacteria,9128,99.0,61.0,309.7279968261719,64.77,5.336496105790917,4.309944117647059,-0.8969991489113575,0.30441332088305206,0.1477864053016989
flavitalea,Bacteroidetes,Bacteria,64022,99.0,64.0,280.3710021972656,17.65,3.033657980242089,3.2963505,-1.4886869203315927,-0.3115703311265314,0.4670311839899574
glycocaulis,Proteobacteria,Bacteria,1959,61.0,69.0,347.3320007324219,32.22,5.581489617600808,2.86661825,-0.8340508837219994,-0.5727282904236553,0.1113891782989489
gramella,Bacteroidetes,Bacteria,994,69.0,65.0,314.0660095214844,29.87,4.9805776494710265,3.614038625,-0.988448302844857,-0.11850410810526718,0.1018730333029849
ketobacter,Proteobacteria,Bacteria,1342,70.0,64.0,314.0660095214844,32.04,7.8121264318447805,5.120244833333333,-0.2609144088543202,0.7968513013362908,0.0473792402302025
laribacter,Proteobacteria,Bacteria,20,57.0,56.0,309.7279968261719,30.23,8.835476850128744,3.16904231372549,0.002023711571359411,-0.38893838095120503,0.2806664365655924
leptospira,Spirochaetes,Bacteria,17,91.0,74.0,182.1959991455078,,6.982325810937622,4.439781362170088,-0.4741221348601026,0.383318336320911,0.3841556389459667
maridesulfovibrio,Proteobacteria,Bacteria,219,83.0,74.0,64.48500061035156,55.42,9.99496649885328,3.701863333333333,0.29994124152155804,-0.06513105638713731,0.0434907931942123
methylobacillus,Proteobacteria,Bacteria,32567,91.0,66.0,283.8729858398437,39.37,7.481396402638552,2.9406275,-0.3458916861330455,-0.5277512036466897,0.3456417341122065
methylobacter,Proteobacteria,Bacteria,15671,84.0,62.0,371.6130065917969,39.37,5.082496370419925,4.918842666666667,-0.9622614596641699,0.6744546721685112,0.139305028910594
polymorphobacter,Proteobacteria,Bacteria,24206,78.0,60.0,291.7300109863281,40.63,7.92869754016916,3.153103,-0.23096280325459945,-0.3986250606107968,0.4162494579782052
rectinema,Spirochaetes,Bacteria,4491,53.0,57.0,388.6099853515625,53.45,12.30625605321604,2.1127465483870966,0.8938005103756569,-1.0308730891095261,0.1292341050565808
rhodocyclus,Proteobacteria,Bacteria,7560,76.0,70.0,192.9320068359375,42.56,9.80544025634392,3.3654786666666667,0.25124465324994916,-0.2695595885382845,0.1997636052849695
rhodothermus,Bacteroidetes,Bacteria,188,113.0,67.0,176.44400024414062,5.66,9.549838481425349,3.2461282,0.18557071686044202,-0.34209155307161,0.1227200482883658
roseiarcus,Proteobacteria,Bacteria,17235,80.0,54.0,558.260986328125,40.63,7.096894124412675,4.368108,-0.4446851243627743,0.33976082114651185,0.288645953505201
spiroplasma,Tenericutes,Bacteria,701,163.0,83.0,80.5999984741211,23.99,3.152940455661734,1.585821258064516,-1.4580386601401742,-1.3510974463056402,0.2096431403136377
spirosoma,Bacteroidetes,Bacteria,7823,79.0,59.0,277.4840087890625,17.65,3.8949248864431176,7.1888421,-1.2673942942132737,2.053984413338649,0.2644446383044672
tagaea,Proteobacteria,Bacteria,8210,118.0,79.0,80.5999984741211,53.45,7.803449916683828,4.35704725,-0.2631437396363327,0.3330389544532493,0.4493757576672298
thermomonas,Proteobacteria,Bacteria,22699,82.0,65.0,353.89898681640625,52.59,10.377280130032045,2.6018378285714285,0.3981723320641592,-0.7336413113154274,0.4819630984230763
yeosuana,Bacteroidetes,Bacteria,802,57.0,83.0,416.53900146484375,53.82,5.91232576293861,3.0444871818181816,-0.7490463411237079,-0.4646333376804168,0.1289682867520158
acetivibrio,Firmicutes,Bacteria,6296,80.0,57.0,558.260986328125,17.65,3.635392902216129,4.676248333333333,-1.3340780526832445,0.5270246363022714,0.2407723000954286
acidithiobacillus,Proteobacteria,Bacteria,1324,79.0,59.0,277.4840087890625,48.35,11.25905245343472,3.019792308510638,0.6247335892996536,-0.4796409679387906,0.2543910273276485
ancylobacter,Proteobacteria,Bacteria,23397,80.0,65.0,353.89898681640625,17.65,10.425739231827365,4.795823,0.4106233409423736,0.5996928522211389,0.5917050850705313
iodidimonas,Proteobacteria,Bacteria,1165,163.0,83.0,80.5999984741211,28.69,8.425608727762292,2.9671446666666665,-0.10328718857773594,-0.5116361247039101,0.2661697186833268
labilithrix,Proteobacteria,Bacteria,74653,91.0,63.0,296.0050048828125,17.65,3.4515007340910624,8.69187125,-1.3813270303392942,2.967409052932468,0.4620079702073633
nakamurella,Actinobacteria,Bacteria,27472,92.0,64.0,277.4840087890625,17.65,4.680840772619578,4.4863735,-1.0654622460782432,0.41163342701971295,0.4316802172124949
rhodoluna,Actinobacteria,Bacteria,7743,91.0,70.0,283.8729858398437,34.31,20.09208761869191,1.194500066666667,2.89428038628175,-1.5889121408629638,0.1345866693254966
schwartzia,Firmicutes,Bacteria,38,76.0,71.0,189.6820068359375,54.35,9.272405501524238,1.9412438333333333,0.11428750343134314,-1.1350991486555735,0.071448319199258
vagococcus,Firmicutes,Bacteria,867,122.0,55.0,356.5710144042969,53.45,11.765454618471097,2.7198269032258064,0.7548478014748345,-0.6619366953456152,0.2934428362668546
zobellella,Proteobacteria,Bacteria,1904,91.0,70.0,283.8729858398437,48.73,7.050882205165841,4.1129605,-0.45650735783019974,0.1847019433923682,0.1923946024103524
acetilactobacillus,Firmicutes,Bacteria,13,70.0,68.0,204.6080017089844,,6.784660130160621,1.6213045,-0.5249100581829084,-1.3295334816436508,0.1723200789498224
agarivorans,Proteobacteria,Bacteria,2078,63.0,55.0,457.7330017089844,20.39,5.415195726521925,4.801303833333333,-0.8767781864888032,0.6030236779820186,0.0748788797945281
amylibacter,Proteobacteria,Bacteria,8157,63.0,63.0,363.1029968261719,29.21,18.990764509874182,2.0009726296296297,2.6113080797872743,-1.0988006149709026,0.0504864335761149
asticcacaulis,Proteobacteria,Bacteria,20781,79.0,59.0,277.4840087890625,31.15,3.9483192875745576,4.3056295,-1.253675216931517,0.301791230639992,0.6676675192226199
aureimonas,Proteobacteria,Bacteria,2695,79.0,59.0,277.4840087890625,17.65,9.78231969058219,4.702361142857143,0.24530408978708207,0.5428939783094229,0.34961286424902
blastochloris,Proteobacteria,Bacteria,228,101.0,79.0,217.08399963378903,25.2,11.812405047727038,3.724897666666666,0.7669111742952975,-0.051132573640955095,0.4894314383656025
fermentimonas,Bacteroidetes,Bacteria,1905,80.0,66.0,260.2439880371094,53.45,7.425679500481575,2.5586884,-0.3602075033422313,-0.759864190120896,0.2983093594170452
gemmata,Planctomycetes,Bacteria,5910,91.0,66.0,260.2439880371094,32.06,3.717213074370636,7.263506142857143,-1.313055300461882,2.0993594324707816,0.3315550453812717
gryllotalpicola,Actinobacteria,Bacteria,339,79.0,59.0,277.4840087890625,47.54,5.0239552954103655,2.786649,-0.9773029156070169,-0.6213274033283106,0.2267792592542121
haematobacter,Proteobacteria,Bacteria,9799,63.0,63.0,353.89898681640625,53.45,8.649627173438072,4.1620291,-0.04572822539731818,0.21452203588383673,0.2005629972467938
ignavigranum,Firmicutes,Bacteria,204,84.0,68.0,178.0070037841797,25.48,15.098494246258872,1.9207213333333333,1.6112340005486712,-1.1475711337571695,0.0252391929436147
intestinibacter,Firmicutes,Bacteria,2409,57.0,56.0,335.697998046875,53.45,7.2046264773023205,3.053593419354838,-0.4170045353174887,-0.45909927219673924,0.1159693927526538
lacticaseibacillus,Firmicutes,Bacteria,3720,83.0,61.0,277.4840087890625,64.77,15.324064874743527,2.936557654109589,1.6691917792501763,-0.5302245405847333,0.1785199451155759
meiothermus,Deinococcus-Thermus,Bacteria,906,63.0,70.0,353.89898681640625,18.28,9.542306969607491,3.0390973684210527,0.1836355815187552,-0.46790884857769405,0.1951987873547681
methylomonas,Proteobacteria,Bacteria,14195,91.0,62.0,283.8729858398437,42.56,9.15447329445223,4.041739902439024,0.08398617916241455,0.14141958346023314,0.0646533198866627
parvimonas,Firmicutes,Bacteria,752,75.0,66.0,205.00799560546875,64.77,13.685404501960845,1.607552045454545,1.2481568426953709,-1.3378911577650436,0.1754955869939074
prevotella,Bacteroidetes,Bacteria,6180,99.0,61.0,233.7469940185547,64.77,19.482781996052854,2.925660206614641,2.7377263141681483,-0.5368471646706103,0.1831900228717883
rubellimicrobium,Proteobacteria,Bacteria,20397,92.0,65.0,248.1009979248047,17.65,5.049862451626983,4.5545795,-0.970646369775341,0.4530837481715922,0.2859560354470342
ruminiclostridium,Firmicutes,Bacteria,5863,81.0,60.0,434.52099609375,17.65,7.429673275894747,4.710839723404256,-0.3591813486822246,0.5480466025153564,0.2252638563094411
sharpea,Firmicutes,Bacteria,184,99.0,61.0,233.7469940185547,64.77,9.641386733795352,1.970670871794872,0.2090929874105333,-1.1172156751374156,0.1391876797062744
thiomicrorhabdus,Proteobacteria,Bacteria,2515,57.0,63.0,416.53900146484375,50.65,14.807857946872543,2.2285465,1.536558346029213,-0.9604988524774567,0.0806103766148898
victivallis,Lentisphaerae,Bacteria,1423,116.0,57.0,356.5710144042969,53.45,6.045993500324449,4.3003685,-0.714701953314963,0.2985940025430499,0.2029098798990133
aequorivita,Bacteroidetes,Bacteria,3568,163.0,83.0,80.5999984741211,57.35,8.344793350630235,3.115715261904762,-0.12405177027422674,-0.4213464304490803,0.3162774529269461
bartonella,Proteobacteria,Bacteria,1930,79.0,59.0,277.4840087890625,17.65,13.099217342660149,1.8321705314285717,1.0975427938511317,-1.2013854488791353,0.3641372698674635
chlorobaculum,Chlorobi,Bacteria,782,81.0,63.0,532.343994140625,29.99,12.040244517299072,2.242479375,0.8254519056202648,-0.9520315307855385,0.1625188521612019
cronobacter,Proteobacteria,Bacteria,216,122.0,55.0,356.5710144042969,34.31,11.357958645274495,4.49024350174216,0.6501463977728466,0.41398531417144263,0.2285854369213915
dehalobacter,Firmicutes,Bacteria,1790,76.0,66.0,346.6440124511719,17.65,8.426509962389947,3.085500416666666,-0.1030556267052588,-0.43970867187466467,0.1949582069797232
desulfurobacterium,Aquificae,Bacteria,16,116.0,52.0,318.26300048828125,,11.001719504042486,1.545213,0.558614847539375,-1.3757759986059155,0.0008309234292446
ferrovibrio,Proteobacteria,Bacteria,7487,101.0,70.0,192.9320068359375,17.65,6.861872451743596,4.3719845,-0.5050712401710148,0.34211665743577147,0.5391727206524924
flectobacillus,Bacteroidetes,Bacteria,6895,91.0,66.0,283.8729858398437,35.35,2.9625898960871595,6.75085,-1.5069470472012199,1.7878067573115255,0.2813904634939416
fusicatenibacter,Firmicutes,Bacteria,2032,122.0,55.0,356.5710144042969,64.77,7.719645658502658,3.2384906129032256,-0.2846762799432746,-0.3467330866315129,0.1261229170726467
lactiplantibacillus,Firmicutes,Bacteria,3931,99.0,61.0,309.7279968261719,64.77,12.377622546513695,3.312429333333333,0.912137310042504,-0.30179886226141417,0.212575765466479
lentilactobacillus,Firmicutes,Bacteria,76,79.0,59.0,277.4840087890625,63.61,16.586936848219484,2.6526899090909093,1.9936722085452137,-0.7027373575756729,0.2352400328297431
limnobacter,Proteobacteria,Bacteria,1916,78.0,62.0,239.19900512695312,21.64,8.649755062923333,3.2370858823529414,-0.04569536566493713,-0.3475867729998843,0.1507716944962384
loigolactobacillus,Firmicutes,Bacteria,816,122.0,55.0,356.5710144042969,64.77,10.823643768592984,2.864100173913044,0.5128603353645238,-0.5742585819301093,0.1809260926749271
luteibacter,Proteobacteria,Bacteria,225,75.0,63.0,248.1009979248047,50.18,6.0887978094941,4.598608933333334,-0.7037038783661486,0.47984142567506605,0.6710911864717002
meridianimaribacter,Bacteroidetes,Bacteria,330,95.0,72.0,117.16300201416016,32.06,6.693227964347001,3.286904333333333,-0.5484025016274483,-0.31731097919250084,0.0029371410441129
methylocaldum,Proteobacteria,Bacteria,2596,64.0,62.0,371.6130065917969,36.6,6.007506556133258,5.659586,-0.7245907309865736,1.1246210660016072,0.2911146873267851
methylomicrobium,Proteobacteria,Bacteria,4221,76.0,66.0,346.6440124511719,42.56,4.656569671429118,4.5097575,-1.0716984263872156,0.42584441006835305,0.1560746424274528
nonlabens,Bacteroidetes,Bacteria,4190,63.0,55.0,374.2590026855469,38.04,8.581435965733462,3.146326571428572,-0.06324917194998951,-0.4027432487547792,0.086108193867861
paenalcaligenes,Proteobacteria,Bacteria,294,122.0,55.0,356.5710144042969,49.69,11.446866792238794,2.6208045,0.6729903236027922,-0.7221148382500597,0.132146188560554
peptoniphilus,Firmicutes,Bacteria,2057,99.0,57.0,309.7279968261719,64.77,4.425451880125572,2.25965625,-1.1310814847771191,-0.9415927572885486,0.188500981208716
phascolarctobacterium,Firmicutes,Bacteria,4247,122.0,55.0,356.5710144042969,64.77,8.85823127792359,2.257787065217391,0.0078702000945882,-0.9427287029462817,0.1868778545393424
piscibacillus,Firmicutes,Bacteria,77,77.0,66.0,178.0070037841797,3.6,5.0113950771729785,2.9931785,-0.980530119228053,-0.4958147783050424,0.2496105261724099
polynucleobacter,Proteobacteria,Bacteria,11745,91.0,62.0,283.8729858398437,34.31,17.80694008106694,1.9655257916666669,2.3071380079691117,-1.1203424561195323,0.1023659418434681
pseudobacter,Bacteroidetes,Bacteria,31561,80.0,59.0,334.0929870605469,17.65,2.183761051838056,7.7847345,-1.7070581614210798,2.416121635166114,0.5021187690297275
pusillimonas,Proteobacteria,Bacteria,3784,163.0,83.0,80.5999984741211,64.77,8.705563163183303,4.13528675,-0.03135611615205663,0.19827010796171898,0.3224627271266965
salirhabdus,Firmicutes,Bacteria,196,91.0,66.0,334.0929870605469,27.59,7.406052570012655,3.7806915,-0.3652504173969079,-0.01722540550382476,0.1642573555085167
silvanigrella,Proteobacteria,Bacteria,1753,65.0,66.0,283.8729858398437,21.64,4.155028547123633,3.6100835,-1.2005636500534194,-0.12090772657645489,0.1753254471730236
syntrophus,Proteobacteria,Bacteria,16171,53.0,57.0,371.6130065917969,53.45,7.818687017366371,2.8137716666666663,-0.2592287418578366,-0.604844348408968,0.1585372943803732
thermoflexus,Chloroflexi,Bacteria,32,83.0,55.0,573.8049926757812,18.28,10.49859429997967,3.2385288,0.429342612798025,-0.34670987947341597,0.1315506583511158
bifidobacterium,Actinobacteria,Bacteria,1392,65.0,57.0,309.7279968261719,64.77,26.39955482499431,2.2348861710403,4.514911542765595,-0.9566460917142144,0.2320278387287608
centipeda,Firmicutes,Bacteria,90,70.0,77.0,122.29900360107422,65.75,13.313205267604385,2.1782883548387098,1.1525245300905906,-0.991041858333734,0.007291176513979
chelatococcus,Proteobacteria,Bacteria,28325,72.0,68.0,347.3320007324219,17.65,6.083942002671222,6.73905175,-0.7049515220826564,1.780636695271087,0.4902855983690348
corynebacterium,Actinobacteria,Bacteria,10397,122.0,55.0,356.5710144042969,53.45,24.0746616948328,2.5337843070539416,3.917556991564721,-0.7749989678620092,0.1360036418950682
flavihumibacter,Bacteroidetes,Bacteria,888,72.0,65.0,295.40399169921875,53.45,3.612725296844437,3.5983915,-1.3399022331833885,-0.12801321810077493,0.4021921590028121
hydrogenophilus,Proteobacteria,Bacteria,3131,75.0,69.0,277.4840087890625,18.28,10.208911602006715,2.0570263333333334,0.354911975194364,-1.064735517761408,0.3136468339911857
jeotgalicoccus,Firmicutes,Bacteria,773,122.0,55.0,356.5710144042969,17.65,15.730183958589723,2.1614496111111112,1.7735394070691808,-1.0012751418469608,0.0705972615046082
lebetimonas,Proteobacteria,Bacteria,12,,,,,12.865426855369993,1.7100093333333333,1.0374730169661432,-1.275625558156119,0.0844561715200348
leminorella,Proteobacteria,Bacteria,223,118.0,64.0,145.98300170898438,68.34,6.604734698421916,4.239383,-0.5711398285459145,0.26153174173596644,0.2164530471223081
methylotuvimicrobium,Proteobacteria,Bacteria,6977,71.0,66.0,347.3320007324219,39.37,4.172396675315118,5.0330785,-1.1961011092654468,0.7438783589221575,0.143373550166434
nocardiopsis,Actinobacteria,Bacteria,482,122.0,55.0,356.5710144042969,48.32,6.633510823277863,6.331488878048781,-0.5637461342183692,1.53295156592821,0.2105163313963832
oceanobacter,Proteobacteria,Bacteria,468,80.0,72.0,239.9969940185547,53.82,6.478196222310288,3.550371,-0.6036524346638795,-0.1571963566351239,0.016525138797163
oscillibacter,Firmicutes,Bacteria,11128,122.0,55.0,356.5710144042969,64.77,8.61413781832931,2.4378528,-0.05484680702946839,-0.8332987036032877,0.1517047370899953
romboutsia,Firmicutes,Bacteria,8535,71.0,57.0,388.6099853515625,17.65,9.848091666280393,2.4370203703703703,0.26220344249929267,-0.8338045898227477,0.1914733406695916
roseimaritima,Planctomycetes,Bacteria,420,61.0,69.0,347.3320007324219,31.67,5.536490083391285,5.960455,-0.8456129964975276,1.3074659282519183,0.2206280444735676
rubrivirga,Rhodothermaeota,Bacteria,7022,63.0,70.0,353.89898681640625,17.65,5.662306341258815,4.768375,-0.8132859560511521,0.5830120849136176,0.3184257512269591
sinomicrobium,Bacteroidetes,Bacteria,499,57.0,76.0,182.71299743652344,44.68,3.1699760750717463,5.3628165,-1.4536615536594175,0.9442675621590917,0.3027565015026778
actinoalloteichus,Actinobacteria,Bacteria,2408,75.0,63.0,248.1009979248047,17.65,4.280715894695612,6.540962,-1.1682697316248887,1.6602530962564044,0.4298603188883119
anaeromyxobacter,Proteobacteria,Bacteria,44206,78.0,64.0,353.89898681640625,36.12,7.515200732250328,5.189482142857143,-0.3372060524228689,0.8389283724950451,0.1752071643827183
desulfacinum,Proteobacteria,Bacteria,82,79.0,59.0,277.4840087890625,23.99,9.730595940617787,3.596902,0.23201426710853798,-0.12891842077144497,0.2444278436151969
desulfosalsimonas,Proteobacteria,Bacteria,521,61.0,69.0,347.3320007324219,57.35,10.842162241573677,2.76697575,0.5176184440159692,-0.633283280092836,0.0694736498402955
halioglobus,Proteobacteria,Bacteria,3443,85.0,66.0,310.7950134277344,25.0,9.819087486179328,4.0736983,0.2547511519993773,0.16084142087045966,0.0468193423019382
mobilitalea,Firmicutes,Bacteria,1800,76.0,64.0,527.198974609375,17.65,8.716014838923515,4.359790650000001,-0.028670678275323918,0.33470618037249544,0.2250031704373745
prochlorothrix,Cyanobacteria,Bacteria,1400,91.0,66.0,283.8729858398437,35.41,5.907725622307286,5.585906,-0.7502282943527128,1.079844071859296,0.1174995158994424
pseudoclavibacter,Actinobacteria,Bacteria,6906,63.0,65.0,334.0929870605469,42.15,10.651231275719802,3.943206086956522,0.46856092823670953,0.08153836632288888,0.3906014684135453
saccharofermentans,Firmicutes,Bacteria,4265,57.0,57.0,335.697998046875,53.45,11.939189662344608,2.3452177904761906,0.7994870228715255,-0.8895950836089953,0.1735227553335353
thermopolyspora,Actinobacteria,Bacteria,2020,80.0,57.0,380.5329895019531,17.65,4.126659916711967,5.8158415,-1.2078526433701002,1.2195810498263069,0.2766267612955284
alkalibaculum,Firmicutes,Bacteria,4263,81.0,57.0,603.760986328125,17.65,6.119113372678159,3.105025,-0.6959146430652737,-0.4278431431891632,0.4694021160585988
alkalimarinus,Proteobacteria,Bacteria,1867,63.0,59.0,416.53900146484375,20.39,5.391810420627573,4.822128,-0.8827867718839716,0.6156789927058496,0.0550930447903117
anaerobutyricum,Firmicutes,Bacteria,4077,99.0,61.0,233.7469940185547,64.77,8.993465781557097,3.1133714943820223,0.04261715047129405,-0.42277079071830753,0.1040638147659401
arcanobacterium,Actinobacteria,Bacteria,273,99.0,61.0,233.7469940185547,64.77,16.930907444678287,1.9490981276595745,2.082051497299734,-1.130325917235404,0.1175324174571517
blautia,Firmicutes,Bacteria,5051,122.0,55.0,356.5710144042969,64.77,7.697036243722306,4.15744437037037,-0.2904855090402237,0.21173579251019364,0.1020787283372555
calditerrivibrio,Deferribacteres,Bacteria,130,100.0,70.0,296.2569885253906,52.81,12.203160935060426,1.4750276666666668,0.8673114054624474,-1.4184292051686571,0.1036867100755602
chitinophaga,Bacteroidetes,Bacteria,18575,96.0,66.0,231.21099853515625,17.65,3.851783949084105,7.00973895652174,-1.2784788619037841,1.9451394023940844,0.400578205283389
enterocloster,Firmicutes,Bacteria,1232,122.0,56.0,356.5710144042969,40.14,7.683876204723824,4.945420642857143,-0.29386682970728506,0.6906067064274065,0.2172223340346623
lacibacter,Bacteroidetes,Bacteria,5621,79.0,59.0,309.7279968261719,17.65,3.880538724103814,3.6077465,-1.2710906531711157,-0.12232797406981227,0.3887696847044024
lentzea,Actinobacteria,Bacteria,3105,99.0,74.0,120.12100219726562,17.65,4.008889633639774,9.4789339375,-1.2381123631295639,3.445724760693313,0.3611272358367471
leucobacter,Actinobacteria,Bacteria,6823,72.0,57.0,335.697998046875,53.45,11.389151765947924,3.3365083529411765,0.6581611113778268,-0.2871655001559173,0.3407597598745197
marinicauda,Proteobacteria,Bacteria,3141,61.0,60.0,294.32598876953125,57.35,6.506315424777584,3.22763325,-0.5964275289888342,-0.35333135040891095,0.3706487538068413
marinobacter,Proteobacteria,Bacteria,3253,69.0,59.0,277.4840087890625,47.68,13.684572461370982,4.019124467005077,1.2479430594351038,0.1276756743946571,0.1025147739995352
niveispirillum,Proteobacteria,Bacteria,608,106.0,55.0,457.7330017089844,42.56,6.74052445636951,6.08261275,-0.5362502119591835,1.381703942043828,0.265524233571206
nodularia,Cyanobacteria,Bacteria,2235,42.0,62.0,371.6130065917969,38.28,7.600914777625924,4.867835133333334,-0.3151828142607804,0.643456246255368,0.2922952748567264
ornithinimicrobium,Actinobacteria,Bacteria,1649,79.0,59.0,277.4840087890625,17.65,6.789944599031365,3.6819151666666654,-0.5235522746832431,-0.07725400619689858,0.2686339160414247
phaeodactylibacter,Bacteroidetes,Bacteria,184,136.0,79.0,64.48500061035156,35.45,3.646355552221004,6.8561608,-1.3312613258459214,1.8518065004537905,0.0297945147618793
priestia,Firmicutes,Bacteria,17017,99.0,66.0,245.48699951171875,17.65,7.511172925704559,5.458534959259261,-0.3382409509910041,1.0024378239609775,0.3050944111160189
proteiniclasticum,Firmicutes,Bacteria,1957,63.0,57.0,335.697998046875,53.45,5.919398956765128,2.8719132000000003,-0.7472289653187811,-0.5695104301476803,0.3527512139613846
psychroserpens,Bacteroidetes,Bacteria,496,57.0,63.0,342.3429870605469,27.55,6.370057593283216,3.767626846153846,-0.6314374116900952,-0.025165089661541382,0.0212836802096112
qipengyuania,Proteobacteria,Bacteria,10333,91.0,66.0,334.0929870605469,47.54,14.72997278305676,2.9192178854166664,1.5165466489439576,-0.540762308244777,0.3614153398352179
rhodopila,Proteobacteria,Bacteria,16492,89.0,63.0,271.9849853515625,18.81,5.54062999170926,6.858425857142858,-0.8445492946683064,1.853183026653814,0.5203131196751969
roseinatronobacter,Proteobacteria,Bacteria,73,110.0,79.0,181.5829925537109,27.29,14.85427997476064,3.096750571428572,1.5484859521953518,-0.432871699645105,0.2985563865342542
salisediminibacterium,Firmicutes,Bacteria,54,61.0,69.0,347.3320007324219,29.45,9.395558220852456,2.873698333333333,0.14593017828339702,-0.5684255644472205,0.394941618999111
schlegelella,Proteobacteria,Bacteria,1278,57.0,57.0,416.53900146484375,17.65,5.912983253017453,3.8897455,-0.7488774066097422,0.04904916451783072,0.4022624745745935
sphaerisporangium,Actinobacteria,Bacteria,5571,118.0,78.0,190.4459991455078,17.65,2.571538947223644,8.555188333333334,-1.6074230910350338,2.884343768473493,0.3293810562032038
sporosarcina,Firmicutes,Bacteria,7939,91.0,63.0,269.4070129394531,17.65,11.541482243999427,3.46575935,0.6973006757604481,-0.20861676049534753,0.3925413689798017
syntrophotalea,Proteobacteria,Bacteria,14592,63.0,64.0,353.89898681640625,48.74,6.580584268141887,3.191206,-0.5773450038522876,-0.37546901001627353,0.1661529716982084
thermoactinomyces,Firmicutes,Bacteria,1481,150.0,80.0,134.43099975585938,17.65,5.724654062335377,2.6202456666666665,-0.7972664261816224,-0.7224544538430729,0.4263530738764222
thermodesulfobacterium,Thermodesulfobacteria,Bacteria,135,83.0,57.0,573.8049926757812,18.28,15.153064589816264,1.4518515294117649,1.6252552227122632,-1.4325138653492235,0.1138607425944511
thermodesulfobium,Firmicutes,Bacteria,26,51.0,55.0,335.697998046875,,7.712045089756958,1.5560075,-0.2866291586683467,-1.3692159380295152,0.0459774305154868
aminobacterium,Synergistetes,Bacteria,631,69.0,65.0,314.0660095214844,53.45,12.803815734070534,2.03064465625,1.0216427479377068,-1.0807682566352512,0.1901767110874188
emticicia,Bacteroidetes,Bacteria,4475,91.0,70.0,283.8729858398437,34.31,3.082371959713655,5.190807666666667,-1.4761704235658148,0.8397339231445371,0.2279346218022907
fimbriimonas,Armatimonadetes,Bacteria,19085,84.0,65.0,264.81500244140625,36.93,7.1022316022184135,4.78722772,-0.4433137208269179,0.5944693071314056,0.4410007835078773
longicatena,Firmicutes,Bacteria,145,65.0,60.0,216.41900634765625,67.54,3.170563771130808,3.1540132045454548,-1.4535105519161335,-0.39807190882469307,0.2213815047208354
muricauda,Bacteroidetes,Bacteria,3536,163.0,83.0,80.5999984741211,43.29,6.091124896255997,3.940158904761905,-0.7031059601865021,0.07968652512746369,0.0913079740441699
permianibacter,Proteobacteria,Bacteria,8229,63.0,70.0,353.89898681640625,17.65,6.380772605216281,4.2314625,-0.6286843126072383,0.2567182756379185,0.3898653143374013
prosthecobacter,Verrucomicrobia,Bacteria,19523,91.0,70.0,283.8729858398437,34.59,5.284773074921943,6.055132272727272,-0.9102887868266015,1.3650034375667808,0.3600710647625774
xanthomonas,Proteobacteria,Bacteria,13550,76.0,63.0,248.1009979248047,17.65,9.303308667642796,4.944477458862507,0.12222771654821639,0.6900335122878445,0.3065065602941069
bosea,Proteobacteria,Bacteria,77372,79.0,64.0,283.8729858398437,40.63,10.31681611074004,5.3311020967741936,0.3826367977037188,0.9249940055973541,0.4653771471694413
nocardioides,Actinobacteria,Bacteria,73699,91.0,65.0,277.4840087890625,17.65,10.693574968769331,4.488676625,0.47944065317100454,0.4130330879132256,0.3916372147727358
echinicola,Bacteroidetes,Bacteria,43,94.0,73.0,217.38400268554688,40.63,4.348427304296855,5.749205,-1.1508720636767196,1.1790845491454693,0.1989113777374757
neptuniibacter,Proteobacteria,Bacteria,978,79.0,68.0,313.35699462890625,7.37,10.65208713631532,3.567376,0.46878083177347585,-0.14686203544362034,0.0682075246950974
nitrincola,Proteobacteria,Bacteria,38,139.0,67.0,152.25900268554688,,6.001862828175295,3.9987585,-0.7260408219768613,0.11529881791679575,0.2818744963327554
microcoleus,Cyanobacteria,Bacteria,11280,92.0,77.0,245.48699951171875,17.65,7.297723948308741,6.98848029347826,-0.39308421085633233,1.9322200344438778,0.2260312237025557
agromyces,Actinobacteria,Bacteria,22214,80.0,64.0,319.7309875488281,17.65,10.298889073741902,3.68971835,0.3780306517258861,-0.07251183607735315,0.3398384380913924
bizionia,Bacteroidetes,Bacteria,1694,163.0,83.0,80.5999984741211,30.03,6.294720617817836,3.336129,-0.650794381085427,-0.2873960414754738,0.0732182790161925
effusibacillus,Firmicutes,Bacteria,4034,76.0,66.0,346.6440124511719,31.3,9.245927810877628,3.893606,0.10748436533959677,0.0513952772470163,0.281250609153348
pantoea,Proteobacteria,Bacteria,15061,79.0,59.0,277.4840087890625,32.86,13.43135917766406,4.839420876190476,1.1828828183923943,0.6261882627368573,0.2081690713865387
sulfuritortus,Proteobacteria,Bacteria,3060,68.0,57.0,371.6130065917969,53.45,9.06781090349854,2.5364446000000003,0.061719274510956705,-0.7733822479697385,0.1437769242629024
thermus,Deinococcus-Thermus,Bacteria,698,83.0,59.0,277.4840087890625,18.28,10.910631557046507,2.2913430693069303,0.5352108471611676,-0.9223359640950783,0.2260094808110313
trichococcus,Firmicutes,Bacteria,17109,75.0,60.0,353.89898681640625,53.45,11.737547180989532,2.555900269230769,0.7476773063773638,-0.7615585999352533,0.2291526066003906
thermosynechococcus,Cyanobacteria,Bacteria,473,57.0,59.0,400.6969909667969,18.28,12.542428303939612,2.4716107000000003,0.9544822539822021,-0.8127832680637013,0.2750722108945342
pisciglobus,Firmicutes,Bacteria,12,122.0,55.0,356.5710144042969,,8.986592645672133,2.3368145,0.04085117725358308,-0.8947019523444529,0.018840061686936
alicycliphilus,Proteobacteria,Bacteria,8673,79.0,63.0,280.3710021972656,49.7,9.525528961615873,4.094260818181818,0.17932466532916602,0.1733377259217409,0.4264273920319245
belliella,Bacteroidetes,Bacteria,322,113.0,67.0,152.25900268554688,32.16,3.0087336014616426,4.6531205,-1.4950909528039669,0.5129693315019052,0.2514540512028353
faecalimonas,Firmicutes,Bacteria,672,80.0,58.0,361.5750122070313,17.65,9.182638543395385,2.8314301904761905,0.0912229159498516,-0.5941128660910944,0.3220692146803998
ferruginibacter,Bacteroidetes,Bacteria,68901,80.0,63.0,333.87701416015625,17.65,10.110978215497145,3.0659743636363643,0.32974911786253386,-0.45157509372808863,0.3924858164496324
flavipsychrobacter,Bacteroidetes,Bacteria,34839,101.0,70.0,241.06900024414065,17.65,6.247166483885739,4.16188684375,-0.6630128688792211,0.21443558355928505,0.4205540794143049
mannheimia,Proteobacteria,Bacteria,136,79.0,59.0,277.4840087890625,57.35,13.879805239380014,2.5936963364485983,1.2981058763724926,-0.7385890792998688,0.1043949858748617
marinoscillum,Bacteroidetes,Bacteria,2709,163.0,83.0,80.5999984741211,50.65,3.256999270003611,5.8335905,-1.4313019445753739,1.2303675165612669,0.15078552366824
nitratireductor,Proteobacteria,Bacteria,455,163.0,83.0,80.5999984741211,25.2,10.172807763276722,4.620160047619048,0.3456355090629142,0.49293852282669043,0.2721164641637604
oceanicella,Proteobacteria,Bacteria,3334,90.0,63.0,248.1009979248047,17.65,9.319871830717457,3.326226,0.12648343080732458,-0.2934143174389823,0.2393295373043341
palleronia,Proteobacteria,Bacteria,502,72.0,65.0,274.7470092773437,34.04,9.198152453523548,3.587677,0.09520903673181455,-0.13452466087680368,0.2162213342313563
pannonibacter,Proteobacteria,Bacteria,4114,73.0,70.0,313.81201171875,53.65,8.473456942108843,5.074670266666667,-0.09099314020366651,0.7691546115334724,0.6437123104546557
paraburkholderia,Proteobacteria,Bacteria,16588,83.0,63.0,291.7300109863281,40.63,6.386063961670285,8.455912800766283,-0.6273247594222686,2.8240117931717883,0.4243076834507287
parachlamydia,Chlamydiae,Bacteria,104,80.0,57.0,558.260986328125,17.65,6.306064857877063,3.0129725,-0.6478796090723049,-0.48378551904808115,0.3518876494243865
pediococcus,Firmicutes,Bacteria,43,117.0,81.0,176.44400024414062,50.75,14.296283667482848,1.9585509529085872,1.4051152185554303,-1.1245812225990939,0.2036888336875234
phycicoccus,Actinobacteria,Bacteria,2732,57.0,56.0,309.7279968261719,53.45,6.609452226728232,3.782461714285714,-0.5699277139038962,-0.016149606444350602,0.4007109708544655
pontivivens,Proteobacteria,Bacteria,787,163.0,83.0,80.5999984741211,30.84,7.902277055244678,3.5432825,-0.23775124299396797,-0.1615041976093065,0.0726190088688812
sulfuritalea,Proteobacteria,Bacteria,10479,72.0,62.0,346.6440124511719,41.35,11.14475621956197,3.6788601914893615,0.5953664865269496,-0.0791105833632808,0.154666885117198
tateyamaria,Proteobacteria,Bacteria,241,132.0,79.0,14.423999786376951,32.86,9.690328364591414,3.199066,0.2216679765659227,-0.37069231112975665,0.0390711772257889
ureaplasma,Tenericutes,Bacteria,43,94.0,58.0,457.1759948730469,,5.221141149635124,0.7661160434782609,-0.9266382781983251,-1.8492507523853154,0.100196643221414
zooshikella,Proteobacteria,Bacteria,662,64.0,65.0,314.0660095214844,23.3,3.4231241900898355,6.13474675,-1.3886180569617985,1.4133869471010378,0.1515692819698273
acetobacter,Proteobacteria,Bacteria,3562,99.0,61.0,277.4840087890625,64.77,13.896777208159856,3.166201727272727,1.302466628555873,-0.39066466926494153,0.2654755705218656
acidibrevibacterium,Proteobacteria,Bacteria,39515,90.0,63.0,329.9129943847656,17.65,6.499940737496841,3.5384938,-0.5980654315703474,-0.1644143983673045,0.4913130498611209
alkalilimnicola,Proteobacteria,Bacteria,430,124.0,64.0,347.3320007324219,36.84,13.67762324745395,2.485812,1.2461575388420263,-0.8041528184584733,0.2238904316532788
bacteroides,Bacteroidetes,Bacteria,17560,81.0,59.0,353.89898681640625,50.76,9.755689950802866,5.432726979565217,0.23846188441940183,0.9867537339014624,0.1954701746990912
carnobacterium,Firmicutes,Bacteria,2139,80.0,57.0,521.8880004882812,17.65,10.685134697393313,3.088402807692308,0.4772720225124912,-0.43794482353109976,0.2737205588419377
desemzia,Firmicutes,Bacteria,239,107.0,65.0,416.53900146484375,38.0,10.560442693757723,2.556711,0.44523384626096585,-0.7610659006015829,0.2435117640343575
flavicella,Bacteroidetes,Bacteria,1044,57.0,57.0,363.1029968261719,27.55,9.445935177944552,1.482119,0.15887395802286583,-1.4141196423140447,0.0209720813286497
helicobacter,Proteobacteria,Bacteria,484,125.0,59.0,374.0989990234375,36.93,12.923867865231063,1.6249005498188405,1.0524887623199353,-1.3273480812409135,0.1731828093262166
limnochorda,Firmicutes,Bacteria,2881,109.0,75.0,141.58599853515625,17.65,12.258806098226334,2.202498333333333,0.881608790162948,-0.976328909565558,0.3198440805169696
oceanicaulis,Proteobacteria,Bacteria,2985,79.0,66.0,178.0070037841797,50.65,9.966067216098464,2.8095335294117647,0.29251590318833715,-0.60741995979655,0.1217587296145015
octadecabacter,Proteobacteria,Bacteria,35,57.0,65.0,365.4549865722656,,11.576029693406628,3.36903075,0.7061772455554389,-0.2674009075582403,0.0570574282041434
rheinheimera,Proteobacteria,Bacteria,257,163.0,83.0,80.5999984741211,45.15,7.860246032370113,4.1983418666666665,-0.24855063092282523,0.23659012139312607,0.2830456611953502
rhodococcus,Actinobacteria,Bacteria,59444,80.0,61.0,283.8729858398437,17.65,9.550870505165337,6.072744884210526,0.1858358834911277,1.3757070179307394,0.3891188124917095
selenomonas,Firmicutes,Bacteria,1819,99.0,61.0,233.7469940185547,64.77,7.645922173164241,2.48498475,-0.3036186816072318,-0.8046555569004417,0.1546325602890947
solibacillus,Firmicutes,Bacteria,833,80.0,57.0,558.260986328125,17.65,8.565398975505605,3.8527102,-0.06736969214762485,0.02654197924151798,0.3751203111947084
sphaerochaeta,Spirochaetes,Bacteria,904,83.0,63.0,280.3710021972656,53.45,10.552074999212453,2.558738447368421,0.4430838633844071,-0.7598337752088082,0.2250807035726925
telluria,Proteobacteria,Bacteria,8103,99.0,59.0,334.0929870605469,47.54,7.678229479908016,5.860726111111111,-0.29531769070572905,1.246858438110809,0.3748275683445277
acidocella,Proteobacteria,Bacteria,3008,70.0,51.0,619.0960083007812,40.63,10.874682563913618,3.126528043478261,0.5259741668250145,-0.41477525974904444,0.2324933956398548
agrococcus,Actinobacteria,Bacteria,17736,79.0,59.0,277.4840087890625,17.65,10.570609713679543,2.74345575,0.447846145098989,-0.6475769134021079,0.3523673775628717
aminipila,Firmicutes,Bacteria,171,57.0,57.0,390.9450073242188,17.65,9.743256784372488,2.9764175,0.23526732529895378,-0.5060008152054124,0.1298884381028451
basfia,Proteobacteria,Bacteria,494,99.0,61.0,233.7469940185547,64.77,13.648342959084028,2.271338,1.2386343054979494,-0.9344934949199011,0.2463931257336576
caloranaerobacter,Firmicutes,Bacteria,299,61.0,69.0,347.3320007324219,57.35,8.557884409470319,2.4538775,-0.06930047346537349,-0.8235601327830884,0.1238036914995547
cellulosilyticum,Firmicutes,Bacteria,6989,76.0,61.0,370.4159851074219,17.65,4.388876624547376,3.8734285454545456,-1.1404790760459498,0.039132984033273616,0.2657472959682583
ekhidna,Bacteroidetes,Bacteria,4439,69.0,66.0,264.9079895019531,20.39,3.697847326193052,2.974703666666666,-1.318031106730657,-0.5070423502912919,0.0271284026677349
glaciimonas,Proteobacteria,Bacteria,4628,79.0,59.0,291.7300109863281,17.65,7.12670570065189,4.911105,-0.4370253827110237,0.669752318001729,0.5204029355323295
helcococcus,Firmicutes,Bacteria,517,122.0,55.0,356.5710144042969,64.77,12.473215790213445,1.924122888888889,0.9366988945933312,-1.1455039318952547,0.055982554943914
paucilactobacillus,Firmicutes,Bacteria,1736,53.0,57.0,335.697998046875,53.45,9.391808122080388,2.2359911666666665,0.1449666335337973,-0.9559745610045363,0.1273622981947904
pectinatus,Firmicutes,Bacteria,209,89.0,60.0,312.2059936523437,68.16,8.137735556145369,2.9492233846153844,-0.17725288919557572,-0.5225272911185811,0.0754332164173636
promicromonospora,Actinobacteria,Bacteria,1414,150.0,83.0,66.49600219726562,30.97,3.60752602078456,4.989569,-1.341238127370104,0.7174366566062661,0.5391894758426616
salimicrobium,Firmicutes,Bacteria,75,107.0,65.0,470.0069885253906,2.91,9.021723989161472,2.6602454285714288,0.049877771917614125,-0.6981456983530706,0.1977411573938095
sphaerobacter,Chloroflexi,Bacteria,1121,150.0,83.0,80.5999984741211,17.99,7.47593586471959,3.879113,-0.3472947085496803,0.042587554987182884,0.4704701629620748
symbiobacterium,Firmicutes,Bacteria,2220,80.0,66.0,323.8489990234375,17.65,7.763543177592344,3.864215,-0.2733973172785135,0.03353370511296828,0.3763325512671205
wolbachia,Proteobacteria,Bacteria,388,63.0,65.0,532.1079711914062,40.76,14.018902756425366,1.212648400190114,1.3338453836168578,-1.5778829901589453,0.3191165613837702
azospirillum,Proteobacteria,Bacteria,5975,68.0,70.0,346.6440124511719,21.64,7.467844361088346,7.231002333333333,-0.3493737273473512,2.079606135936438,0.3232598734354993
bythopirellula,Planctomycetes,Bacteria,7869,69.0,67.0,335.7959899902344,20.39,7.544631778210359,3.313614333333333,-0.32964408364987613,-0.3010787110934085,0.1630537846913135
filomicrobium,Proteobacteria,Bacteria,1722,63.0,59.0,353.89898681640625,24.04,9.004699037873635,3.8868595,0.04550340648815624,0.04729527736942252,0.3511251407461873
gilliamella,Proteobacteria,Bacteria,1010,93.0,62.0,245.48699951171875,41.8,13.234150592861116,2.644672943262412,1.1322123406230622,-0.7076094481286279,0.1135255323086166
mangrovimonas,Bacteroidetes,Bacteria,1277,69.0,65.0,314.0660095214844,31.56,4.898254828339894,3.2664695,-1.009600204939798,-0.32972968728785595,0.1813032214765816
methylosinus,Proteobacteria,Bacteria,3992,71.0,61.0,388.6099853515625,53.45,6.807798123875275,4.700491909090909,-0.518965016807976,0.5417580028832385,0.727500666371657
rubinisphaera,Planctomycetes,Bacteria,1468,69.0,67.0,152.25900268554688,64.77,5.786097223937522,5.876154285714286,-0.7814793124657062,1.2562344870227649,0.1272708310588896
arsenophonus,Proteobacteria,Bacteria,290,79.0,59.0,277.4840087890625,32.34,8.95966408774228,3.459951142857143,0.03393219399883162,-0.21214653868770694,0.1867028940297011
bradyrhizobium,Proteobacteria,Bacteria,43102,80.0,58.0,454.4330139160156,17.65,7.567038597369472,8.58988614417745,-0.3238869091677522,2.90543040898541,0.3932810723201643
micromonospora,Actinobacteria,Bacteria,24628,92.0,66.0,248.1009979248047,17.65,6.997251297625287,6.716923260416667,-0.4702872027137181,1.7671887141574731,0.4442746620943624
arachnia,Actinobacteria,Bacteria,269,70.0,77.0,122.29900360107422,67.54,12.082257588469096,3.1451075862068967,0.8362466810651027,-0.40348405350682215,0.2207530404043989
extibacter,Firmicutes,Bacteria,22,107.0,64.0,299.6960144042969,67.54,4.021627234043104,3.9784890714285712,-1.234839583201061,0.10298063001762554,0.1047102767946898
acetoanaerobium,Firmicutes,Bacteria,52,67.0,56.0,309.7279968261719,68.34,12.792821009991089,1.8760522,1.0188177800358065,-1.174717571346865,0.2104672700967762
aeribacillus,Firmicutes,Bacteria,6990,75.0,59.0,487.947998046875,17.65,9.72473620910171,3.7018999,0.2305086764882497,-0.06510883400088385,0.3955498793536744
anaerococcus,Firmicutes,Bacteria,5481,122.0,55.0,356.5710144042969,53.45,14.807874874867585,1.8908857777777772,1.53656269548285,-1.1657028723068943,0.1590942410596186
aquaticitalea,Bacteroidetes,Bacteria,1299,57.0,83.0,80.5999984741211,32.86,6.952605369936239,2.7327885,-0.4817584603606386,-0.654059641289792,0.160554105554515
egicoccus,Actinobacteria,Bacteria,878,92.0,67.0,347.3320007324219,7.4,6.039548473290223,3.973807,-0.7163579288871563,0.10013522984212309,0.3174336473720647
entomomonas,Proteobacteria,Bacteria,177,79.0,59.0,277.4840087890625,39.72,9.94148532117098,3.3194235,0.2861998680030749,-0.29754834977683614,0.1706020186547678
francisella,Proteobacteria,Bacteria,1886,69.0,66.0,230.42100524902344,29.45,12.03011475660438,1.828743985,0.8228491801121337,-1.2034678382569923,0.1277272707866227
galbitalea,Actinobacteria,Bacteria,278,57.0,55.0,447.41400146484375,51.55,5.25833803981975,3.0427865,-0.9170809650667912,-0.4656668802945678,0.2857161970129192
helcobacillus,Actinobacteria,Bacteria,224,79.0,59.0,277.4840087890625,53.45,12.457611031962026,2.5687108,0.932689431430942,-0.7537733520903328,0.423305589346858
kingella,Proteobacteria,Bacteria,1445,79.0,59.0,277.4840087890625,64.77,8.000342708558067,1.9999143265306123,-0.212554401228097,-1.099443769580912,0.1927350544362803
komagataeibacter,Proteobacteria,Bacteria,1389,84.0,62.0,277.4840087890625,40.03,7.958031722211734,3.7697763777777777,-0.2234257225511654,-0.02385877091923,0.2494692701256077
methylovulum,Proteobacteria,Bacteria,209,57.0,55.0,457.7330017089844,44.43,8.483507897000319,3.182645708333333,-0.0884106629403264,-0.3806712919084402,0.204769669234265
microbispora,Actinobacteria,Bacteria,46,125.0,59.0,400.43701171875,30.19,4.589910982869195,8.4968968125,-1.0888256097711613,2.8489186994330398,0.4851957753528522
novibacillus,Firmicutes,Bacteria,2202,163.0,83.0,80.5999984741211,52.59,9.153645999785676,3.1681365,0.08377361531255896,-0.3894888643372025,0.405889407762758
oxalobacter,Proteobacteria,Bacteria,180,57.0,70.0,353.89898681640625,36.88,12.605056275920155,2.062664333333333,0.9705737910983444,-1.0613091782802144,0.4055758800918517
pedobacter,Bacteroidetes,Bacteria,17506,91.0,70.0,260.2439880371094,17.65,4.124834518922526,5.5759812653061225,-1.2083216583381984,1.0738125872331867,0.3708238358177625
pelolinea,Chloroflexi,Bacteria,8991,53.0,57.0,335.697998046875,53.45,5.114030812319758,3.5197285,-0.9541590474956002,-0.17581849348373654,0.1285114856757075
propionicimonas,Actinobacteria,Bacteria,7154,61.0,60.0,355.3680114746094,17.65,10.169083712943507,2.9501183043478263,0.34467865716009466,-0.5219834282573245,0.2095538845885627
rugosibacter,Proteobacteria,Bacteria,1314,91.0,62.0,283.8729858398437,34.31,12.08020882131363,2.3178407272727277,0.835720273907375,-0.9062327410288532,0.2833393113986013
sneathiella,Proteobacteria,Bacteria,3218,76.0,62.0,260.7820129394531,20.39,10.095950390102317,3.5657861428571427,0.32588789096234133,-0.1478282274085067,0.1267506269075358
sunxiuqinia,Bacteroidetes,Bacteria,21,78.0,51.0,422.6489868164063,57.35,4.557896682610864,5.265586666666667,-1.0970513160260962,0.8851788043194535,0.1621872370503151
virgibacillus,Firmicutes,Bacteria,4976,122.0,55.0,356.5710144042969,17.65,8.667290652460082,4.384299722222222,-0.041189797610271486,0.34960089512993126,0.2694998058788598
weizmannia,Firmicutes,Bacteria,252,99.0,61.0,233.7469940185547,64.77,8.050409653913798,3.353866593220339,-0.19969027543884255,-0.27661650689721906,0.4849134924390384
cetobacterium,Fusobacteria,Bacteria,1933,91.0,70.0,239.19900512695312,64.77,6.604164080845069,2.5741335,-0.571286442169613,-0.7504778552643895,0.2167886086346793
jannaschia,Proteobacteria,Bacteria,496,65.0,66.0,234.98199462890625,42.56,10.037845250400483,3.885296,0.31095844358312286,0.0463451032334086,0.1446297019864807
methylobacterium,Proteobacteria,Bacteria,52548,79.0,59.0,277.4840087890625,17.65,9.96118726097649,5.922988741626795,0.2912620548441062,1.2846968398736434,0.3934353509514121
nitrosomonas,Proteobacteria,Bacteria,9076,71.0,63.0,283.8729858398437,49.7,18.368120012279498,2.885434108910891,2.451326737164215,-0.5612934695192645,0.2389025110981861
saccharomonospora,Actinobacteria,Bacteria,2295,122.0,70.0,233.7469940185547,17.65,6.907611210283738,4.6325710909090905,-0.49331919220555265,0.5004809931401841,0.3673162132090286
actinophytocola,Actinobacteria,Bacteria,471,126.0,70.0,192.9320068359375,36.93,2.7715469296803112,9.741852,-1.5560333402344477,3.605505984152463,0.5467070425444538
cytobacillus,Firmicutes,Bacteria,19607,91.0,63.0,334.0929870605469,17.65,7.540568104900411,5.172024104477613,-0.3306881977705636,0.8283187296848327,0.459340743662353
halolactibacillus,Firmicutes,Bacteria,70,63.0,65.0,560.7440185546875,29.45,10.01455069816958,2.8957864285714288,0.30497317629801995,-0.5550021318862675,0.3720685619634
eremococcus,Firmicutes,Bacteria,494,79.0,59.0,277.4840087890625,57.35,9.880913040280092,1.821694,0.2706365170699178,-1.2077522727989085,0.1144238986365667
aeriscardovia,Actinobacteria,Bacteria,51,53.0,57.0,388.6099853515625,64.77,7.209093419364761,1.525850666666667,-0.41585680592884194,-1.3875429243150377,0.2563011942332186
avibacterium,Proteobacteria,Bacteria,19,122.0,55.0,356.5710144042969,,11.916917504539116,2.517429527272728,0.7937644480754743,-0.7849381355935806,0.1253833230064979
brenneria,Proteobacteria,Bacteria,276,122.0,55.0,356.5710144042969,32.86,10.338026264735566,5.029973678571428,0.38808650283490403,0.7419914890671074,0.12516819002438
halanaerobium,Firmicutes,Bacteria,177,70.0,77.0,122.29900360107422,68.16,10.807466156976194,2.868387423076923,0.5087036841182886,-0.5716531241301955,0.1947567225044838
hydrogenovibrio,Proteobacteria,Bacteria,1987,74.0,66.0,178.0070037841797,50.65,17.50864904622389,2.284585172413793,2.2304955572111558,-0.9264428901211147,0.1068119945867637
leptotrichia,Fusobacteria,Bacteria,1547,79.0,59.0,277.4840087890625,41.0,11.750025603450853,2.297867333333333,0.7508834935144729,-0.9183710220199817,0.2226605825055097
mageeibacillus,Firmicutes,Bacteria,142,57.0,62.0,371.6130065917969,49.0,7.89113391648813,1.774143,-0.2406143443402326,-1.2366500856173264,0.1261308465038574
neorickettsia,Proteobacteria,Bacteria,130,78.0,63.0,312.2059936523437,36.93,5.802830272437078,0.8616485,-0.7771799481005233,-1.791193528632947,0.1547319346108911
odoribacter,Bacteroidetes,Bacteria,1350,81.0,56.0,356.5710144042969,53.45,7.014457329655177,3.991755696,-0.4658663106701993,0.11104305633037113,0.1330317933438722
orenia,Firmicutes,Bacteria,304,125.0,71.0,64.48500061035156,57.35,5.812291517066209,3.785082,-0.7747489901068356,-0.014557199847176894,0.2202871893931195
paracoccus,Proteobacteria,Bacteria,6865,85.0,65.0,280.3710021972656,17.65,13.209087699075178,4.0880945929203545,1.125772718313088,0.1695903720616336,0.2549444193895421
porphyromonas,Bacteroidetes,Bacteria,1762,79.0,61.0,233.7469940185547,64.77,15.938071113261426,2.195999738693468,1.8269536205520664,-0.980278251776775,0.1650229166878916
pseudoramibacter,Firmicutes,Bacteria,239,99.0,61.0,233.7469940185547,64.77,13.11185601993282,1.9066713333333327,1.1007901566189267,-1.1561096349474447,0.1909910212488534
synechococcus,Cyanobacteria,Bacteria,3351,78.0,60.0,371.60400390625,50.65,9.098834250738465,2.747604727272727,0.06969036678476237,-0.6450554865422072,0.0568117037404862
uliginosibacterium,Proteobacteria,Bacteria,1185,60.0,60.0,360.8550109863281,34.55,6.513346389531016,3.9918036666666654,-0.5946210034585601,0.1110722091840667,0.2774637826884771
peptacetobacter,Firmicutes,Bacteria,522,57.0,60.0,488.468994140625,34.31,6.152062245089302,2.4382068,-0.6874488092441872,-0.833083569836643,0.095737929090267
pseudolabrys,Proteobacteria,Bacteria,94666,91.0,63.0,334.0929870605469,17.65,12.960894820178384,3.703448,1.0620024125466685,-0.06416801879144156,0.5411443070665071
streptococcus,Firmicutes,Bacteria,17877,79.0,59.0,277.4840087890625,64.77,34.55902591548734,2.0544560536407346,6.6113937973969525,-1.0662975345738346,0.1044894937987895
treponema,Spirochaetes,Bacteria,10347,99.0,61.0,233.7469940185547,64.77,18.283508419152128,1.58612884,2.4295867614280056,-1.3509105218414241,0.1421413579193795
vitreoscilla,Proteobacteria,Bacteria,649,57.0,57.0,309.7279968261719,53.45,6.5358413448042585,3.0600498,-0.5888411834155639,-0.4551755843801142,0.1456575308827448
pararhizobium,Proteobacteria,Bacteria,3678,75.0,63.0,260.2439880371094,17.65,8.15769777538323,6.006596634146341,-0.17212382654787559,1.3355072377237882,0.2802535738864616
thauera,Proteobacteria,Bacteria,6118,63.0,62.0,371.6130065917969,40.63,12.113636121562063,3.7148218378378375,0.8443090342588553,-0.0572558815731944,0.2829261910164308
chlorobium,Chlorobi,Bacteria,434,64.0,72.0,416.53900146484375,50.75,20.93918725536114,2.387867274418605,3.1119328954316297,-0.8636760324056554,0.125706446280673
actinotignum,Actinobacteria,Bacteria,24,61.0,63.0,317.9460144042969,,13.738601550116938,2.11084075,1.2618252123998686,-1.0320312856786826,0.1554295943381819
algibacter,Bacteroidetes,Bacteria,517,74.0,64.0,287.9289855957031,17.08,6.364528940604155,4.713624571428571,-0.6328579354109496,0.5497390173317518,0.0263222387134904
asaia,Proteobacteria,Bacteria,1933,79.0,59.0,277.4840087890625,32.86,8.543316850460089,3.3944661666666667,-0.07304344021156686,-0.2519432324348611,0.3298510166398868
azovibrio,Proteobacteria,Bacteria,3218,79.0,59.0,277.4840087890625,42.07,7.896304558712095,3.419321,-0.23928580728833704,-0.236838390868971,0.2088938604617131
caminibacter,Proteobacteria,Bacteria,35,116.0,52.0,318.26300048828125,,13.13626938905898,1.6747525,1.1070628910377538,-1.2970519292153357,0.0146188688595094
chthoniobacter,Verrucomicrobia,Bacteria,33191,78.0,60.0,382.3760070800781,17.65,8.169032544168882,4.774127142857143,-0.1692114880695696,0.5865077915778417,0.4510245177702734
dictyoglomus,Dictyoglomi,Bacteria,61,83.0,55.0,573.8049926757812,18.28,10.805506377995162,1.850908166666667,0.508200141448529,-1.1899981662610986,0.1092291552463322
erwinia,Proteobacteria,Bacteria,966,113.0,72.0,235.2030029296875,34.31,13.946764064156556,4.08696954632588,1.3153101763054322,0.16890665592739645,0.3536912887611509
frankia,Actinobacteria,Bacteria,24290,76.0,64.0,346.6440124511719,17.65,5.52706422154276,6.875259355932204,-0.8480348632926761,1.86341312270003,0.5942395363385558
geosporobacter,Firmicutes,Bacteria,40,78.0,66.0,191.22900390625,,3.845191203880427,5.721432,-1.2801727919607115,1.1622062720239383,0.1565158906945286
glutamicibacter,Actinobacteria,Bacteria,4848,79.0,59.0,277.4840087890625,17.65,11.085348855596894,3.698575528301887,0.5801024476001715,-0.06712912949563497,0.3327130394387907
herminiimonas,Proteobacteria,Bacteria,797,101.0,62.0,277.4840087890625,47.67,8.932241056636862,3.4705736000000003,0.02688616154855453,-0.2056910324273557,0.3037951735348898
hydrogenimonas,Proteobacteria,Bacteria,79,116.0,58.0,176.44400024414062,20.39,10.551724693284966,1.8006535,0.44299385630520755,-1.2205390581579108,0.059341857204479
hylemonella,Proteobacteria,Bacteria,1491,99.0,65.0,334.0929870605469,50.65,11.778591883379471,2.801693133333333,0.7582232706013676,-0.6121847449387504,0.6396194838178585
jonesia,Actinobacteria,Bacteria,528,57.0,56.0,309.7279968261719,64.77,11.94535299637981,2.678866,0.8010706206673706,-0.6868295580465611,0.2057291464099264
lamprocystis,Proteobacteria,Bacteria,1365,73.0,64.0,231.01600646972656,35.72,4.91821320164672,6.709753857142857,-1.0044721304598452,1.7628317064430967,0.1660161162767292
lautropia,Proteobacteria,Bacteria,23408,91.0,62.0,283.8729858398437,17.65,13.096353895888129,3.2833566000000003,1.0968070641355603,-0.31946701657964977,0.3135512945171012
leuconostoc,Firmicutes,Bacteria,1221,63.0,57.0,335.697998046875,53.45,17.34049830213647,1.903059498349835,2.187291157419473,-1.1583046283499838,0.1366239588258045
lutibacter,Bacteroidetes,Bacteria,5945,63.0,63.0,353.89898681640625,20.39,6.433583577160507,2.953253,-0.6151151407451176,-0.5200784031642828,0.0268978230451219
mariniflexile,Bacteroidetes,Bacteria,2394,163.0,83.0,80.5999984741211,35.35,5.724650212967892,3.6683464,-0.7972674152323261,-0.08550005106052054,0.2025170872214462
marinobacterium,Proteobacteria,Bacteria,7413,69.0,66.0,273.6789855957031,50.65,14.575055263946007,2.950246103448276,1.4767423741147192,-0.5219057618679076,0.118406696403228
parasutterella,Proteobacteria,Bacteria,3351,122.0,55.0,356.5710144042969,64.77,13.339050482948736,2.4739392089552243,1.1591651609275195,-0.811368180769342,0.2230774212918617
polycyclovorans,Proteobacteria,Bacteria,747,91.0,65.0,283.8729858398437,21.64,8.230613487742506,2.7944454,-0.1533889728607123,-0.6165893555930894,0.1354060142887634
pseudidiomarina,Proteobacteria,Bacteria,3649,57.0,55.0,416.53900146484375,41.21,10.311742151741234,2.618374238095238,0.38133310229457396,-0.7235917631017674,0.1763679391284404
roseovarius,Proteobacteria,Bacteria,8786,61.0,69.0,347.3320007324219,30.83,13.703572398000912,3.940578298245614,1.2528248746339075,0.07994139998581556,0.1039933091213772
ruegeria,Proteobacteria,Bacteria,1867,77.0,66.0,178.0070037841797,51.45,10.46185239656228,4.301341511450382,0.41990220328353,0.2991853234987253,0.0387840387466043
sphingobium,Proteobacteria,Bacteria,24992,99.0,65.0,248.1009979248047,17.65,10.021840160970756,4.4901933454545455,0.3068461199286758,0.41395483306670966,0.479771604083453
sulfurisoma,Proteobacteria,Bacteria,2664,79.0,63.0,283.8729858398437,40.63,8.109308285734397,3.082877,-0.18455694938565967,-0.44130298122206096,0.1936457737480075
turicibacter,Firmicutes,Bacteria,4950,53.0,57.0,388.6099853515625,53.45,7.298550604292201,2.603256595744681,-0.39287181110875224,-0.7327790945753889,0.5104327277354656
advenella,Proteobacteria,Bacteria,1709,64.0,70.0,353.89898681640625,34.31,9.749526758648186,3.6924869166666663,0.23687832307812498,-0.07082931580840761,0.4449243582286812
citricoccus,Actinobacteria,Bacteria,1108,72.0,66.0,277.4840087890625,17.65,9.071652446851456,3.307005,0.06270631489390127,-0.3050953517007814,0.4088685772922755
cocleimonas,Proteobacteria,Bacteria,4486,63.0,63.0,284.6809997558594,29.73,7.678440091987713,2.7349305,-0.29526357635410044,-0.6527578996848403,0.0473166534328528
cytophaga,Bacteroidetes,Bacteria,5521,116.0,63.0,280.3710021972656,40.63,5.221933300472993,4.404499,-0.9264347441510609,0.36187645081308134,0.5437912605697192
flexilinea,Chloroflexi,Bacteria,3102,53.0,57.0,388.6099853515625,53.45,11.249190008099818,3.111335125,0.622199547398827,-0.4240083382195343,0.0641127409424356
gemmobacter,Proteobacteria,Bacteria,1058,74.0,57.0,309.7279968261719,17.65,11.393593746831158,4.388431,0.659302427278555,0.3521115656084304,0.2604814386818739
lancefieldella,Actinobacteria,Bacteria,463,79.0,59.0,277.4840087890625,64.77,23.0336992269563,1.345854163265306,3.6500936575524086,-1.4969308501896192,0.241777305118985
litoribacter,Bacteroidetes,Bacteria,494,99.0,74.0,235.2030029296875,36.84,5.466194498370301,4.2076805,-0.8636746385991994,0.24226541903242954,0.4007630990827013
marinimicrobium,Proteobacteria,Bacteria,1690,152.0,69.0,237.27099609375,50.04,10.284968523776843,3.7919416,0.3744539265125988,-0.010388466554307873,0.3017373960898321
mediterraneibacter,Firmicutes,Bacteria,7614,122.0,55.0,356.5710144042969,53.45,10.349242442590612,2.8021374666666667,0.390968370737505,-0.6119147135725191,0.1217458088798027
micrococcus,Actinobacteria,Bacteria,17293,91.0,65.0,277.4840087890625,17.65,15.636982914837432,2.4940872681388013,1.749592470782163,-0.7991237517785446,0.2772391363815261
mycobacterium,Actinobacteria,Bacteria,9992,80.0,59.0,402.5469970703125,17.65,15.17575065399532,4.678516510898776,1.6310841459906649,0.5284030588533242,0.4555625266464975
nitrosospira,Proteobacteria,Bacteria,15999,79.0,59.0,277.4840087890625,17.65,10.715111042548724,3.266415052631579,0.48497409964225124,-0.32976277617896416,0.2600816195809464
rhodobacter,Proteobacteria,Bacteria,10845,57.0,60.0,353.89898681640625,53.45,11.419846438254469,3.765374625,0.6660477544075907,-0.026533815142173078,0.259864690990559
schnuerera,Firmicutes,Bacteria,1040,76.0,59.0,346.6440124511719,17.65,8.557930134643183,3.1549685,-0.06928872490809125,-0.39749135427838006,0.2606916816250539
sulfitobacter,Proteobacteria,Bacteria,4833,57.0,60.0,363.1029968261719,47.54,13.048630808410248,3.908456047904192,1.0845451656713119,0.060419985553463514,0.0324145576319462
undibacterium,Proteobacteria,Bacteria,5999,91.0,59.0,283.8729858398437,17.65,7.974801125181294,3.887244272727273,-0.2191170173230278,0.04752911241496043,0.3858622846581956
aerococcus,Firmicutes,Bacteria,10221,99.0,59.0,350.82598876953125,64.77,21.000211617517067,1.9999798461538465,3.127612403446452,-1.0994039518313767,0.1114528208175875
akkermansia,Verrucomicrobia,Bacteria,1449,76.0,61.0,346.6440124511719,64.77,18.680073567721983,2.8372479266666666,2.531479615457557,-0.5905772968820491,0.1720260721796463
caldicellulosiruptor,Firmicutes,Bacteria,16,170.0,81.0,176.44400024414062,,7.632029558156658,2.8825884166666667,-0.3071882292544756,-0.5630228607373761,0.1002029204028817
eggerthella,Actinobacteria,Bacteria,36,63.0,70.0,353.89898681640625,36.12,4.600296741593661,3.478036504761905,-1.0861571085135129,-0.201155657253517,0.2405084951195732
ethanoligenens,Firmicutes,Bacteria,2192,72.0,59.0,632.9990234375,32.86,6.621483429472858,3.0204712,-0.5668364347295182,-0.479228390302493,0.272793268175793
floricoccus,Firmicutes,Bacteria,355,61.0,56.0,309.7279968261719,29.39,8.553407356738148,2.1044245,-0.07045080067432455,-1.035930585199117,0.007182375408225
lentimicrobium,Bacteroidetes,Bacteria,11470,57.0,62.0,371.6130065917969,53.45,7.897228625558433,3.798801,-0.23904837893986267,-0.006219854805939581,0.201802736682595
leptolinea,Chloroflexi,Bacteria,3378,78.0,55.0,416.53900146484375,42.89,7.064955412006652,3.53859275,-0.4528914091883946,-0.16435426422546984,0.2129675117723479
maritalea,Proteobacteria,Bacteria,627,69.0,66.0,178.0070037841797,13.66,10.216935924348284,3.621438,0.356973732532305,-0.1140073413974529,0.1067665535518025
methylotenera,Proteobacteria,Bacteria,52919,75.0,63.0,283.8729858398437,17.65,20.35909164532104,1.5717793582089552,2.962884000110997,-1.3596310248558485,0.2497309122842347
paeniglutamicibacter,Actinobacteria,Bacteria,861,69.0,60.0,353.89898681640625,34.31,7.684869960214653,4.424277857142857,-0.29361149566309785,0.373896507414972,0.4665071623286808
polaromonas,Proteobacteria,Bacteria,14829,91.0,59.0,283.8729858398437,37.83,11.116891219209752,3.7780346296296297,0.5882068951617951,-0.018840045419825795,0.2816091839454802
propioniciclava,Actinobacteria,Bacteria,1269,78.0,62.0,280.3710021972656,53.45,6.712999791225707,2.979294,-0.5433223581067307,-0.5042527014207986,0.0956096118888646
rathayibacter,Actinobacteria,Bacteria,10618,79.0,59.0,277.4840087890625,17.65,8.430745057583309,3.321177405882353,-0.10196746770315102,-0.2964824617010994,0.4872805529200331
roseivirga,Bacteroidetes,Bacteria,4800,57.0,55.0,457.7330017089844,25.0,6.032091450366925,4.1444995,-0.7182739251640826,0.20386890346639594,0.0596422181929121
thalassococcus,Proteobacteria,Bacteria,1474,69.0,72.0,117.16300201416016,29.99,8.885259289505921,3.8265625,0.01481473682152747,0.010651433506787954,0.0236784611584742
cellulophaga,Bacteroidetes,Bacteria,639,57.0,55.0,457.7330017089844,27.7,5.252438473107001,4.3789185,-0.9185967908827197,0.34633060528298637,0.0620912475969461
extensimonas,Proteobacteria,Bacteria,132,91.0,63.0,283.8729858398437,24.92,8.474029245025719,3.1862056666666665,-0.09084609355123074,-0.37850782511367154,0.2480456175991592
fischerella,Cyanobacteria,Bacteria,247,57.0,57.0,365.4580078125,52.91,7.727468934273149,5.56456458974359,-0.28266617920953563,1.0668744165655946,0.1600367462588136
geoalkalibacter,Proteobacteria,Bacteria,961,97.0,67.0,152.25900268554688,57.35,7.051469722164258,3.828989,-0.4563564020944891,0.012126072164311195,0.3543103122419314
gulosibacter,Actinobacteria,Bacteria,5945,79.0,64.0,277.4840087890625,53.45,16.13527025623736,2.293113125,1.8776216723525385,-0.9212602614159232,0.3228445574843577
halobacillus,Firmicutes,Bacteria,928,91.0,74.0,162.90899658203125,32.86,9.735539929041364,3.9032247083333336,0.23328456807316889,0.057240782766808225,0.3271256113608173
peribacillus,Firmicutes,Bacteria,3675,91.0,66.0,277.65399169921875,28.59,8.793202906324318,5.572485989690722,-0.008838092096592306,1.0716884295817677,0.4400790400931588
rhodoblastus,Proteobacteria,Bacteria,714,80.0,57.0,558.260986328125,40.63,9.511457426127755,4.731136142857142,0.17570914612221325,0.5603811933806088,0.5750626298841353
rhodonellum,Bacteroidetes,Bacteria,694,116.0,83.0,80.5999984741211,17.65,3.280711999416419,5.181802,-1.4252092314728357,0.8342609768418641,0.3590460995653083
runella,Bacteroidetes,Bacteria,2953,82.0,63.0,283.8729858398437,21.64,2.982900405058936,7.040127777777778,-1.50172849551207,1.9636073729610413,0.1931968370937106
trueperella,Actinobacteria,Bacteria,1016,69.0,61.0,309.7279968261719,64.77,13.838095473335777,2.2401926666666667,1.2873890316914136,-0.9534212149012663,0.05858466969363
turneriella,Spirochaetes,Bacteria,2539,80.0,57.0,549.9719848632812,17.65,4.690170427216517,4.0510255,-1.0630650986299104,0.1470626500671235,0.5542307203605537
veillonella,Firmicutes,Bacteria,6503,79.0,65.0,277.4840087890625,17.65,24.31785149325489,1.9327365336134448,3.9800418133435898,-1.1402692261491176,0.1526102860278374
wenyingzhuangia,Bacteroidetes,Bacteria,799,65.0,63.0,216.41900634765625,29.53,6.779587893505001,3.245035,-0.52621331105578,-0.3427559153136887,0.0401430822651644
afifella,Proteobacteria,Bacteria,54,152.0,55.0,457.7330017089844,31.95,10.508646364104868,3.9967088571428566,0.43192537506621265,0.1140532038260229,0.3485948735089769
caecibacter,Firmicutes,Bacteria,479,122.0,55.0,356.5710144042969,64.77,8.535392366555477,2.343184606060606,-0.07507954521137342,-0.8908306955344414,0.1609930868061017
chroococcidiopsis,Cyanobacteria,Bacteria,495,74.0,65.0,267.57501220703125,34.31,5.743039532387714,7.13907675,-0.7925424911029515,2.0237408901920686,0.2490858263623661
commensalibacter,Proteobacteria,Bacteria,516,79.0,59.0,277.4840087890625,21.83,10.40950662709378,2.017386678571429,0.4064525598472538,-1.0888254280366119,0.1602229566998221
coraliomargarita,Verrucomicrobia,Bacteria,11812,61.0,69.0,347.3320007324219,50.65,9.748729073583409,1.948972,0.23667336707490588,-1.130402567852586,0.0845390396146673
crateriforma,Planctomycetes,Bacteria,1055,61.0,69.0,347.3320007324219,49.39,4.786464385519861,7.10336425,-1.0383234735206075,2.002037600244902,0.1553426079927388
desulfosporosinus,Firmicutes,Bacteria,1881,80.0,57.0,448.1780090332031,17.65,10.00347842040448,4.198539571428572,0.30212828186853563,0.23671027102621184,0.1519436066279177
desulfurivibrio,Proteobacteria,Bacteria,269,104.0,68.0,176.44400024414062,54.24,9.798971380198727,1.8369275,0.24958254992298176,-1.198494532024385,0.1403044897596554
glaesserella,Proteobacteria,Bacteria,112,90.0,72.0,323.8489990234375,32.86,9.72065079132786,2.2632229541284405,0.2294589753776454,-0.9394251909222817,0.0472108100376566
gordonibacter,Actinobacteria,Bacteria,163,56.0,57.0,365.6669921875,53.45,4.945796170374189,3.4372625588235297,-0.9973850038770247,-0.22593490180348355,0.1566413072036978
haloferula,Verrucomicrobia,Bacteria,5186,61.0,69.0,347.3320007324219,25.0,3.569342302441568,3.08180025,-1.3510489946474202,-0.4419573464289383,0.1916736466178843
hippea,Proteobacteria,Bacteria,36,83.0,58.0,437.25201416015625,14.33,10.884276956473975,1.6537616666666668,0.5284393356482968,-1.309808531023274,0.1309519938803399
laceyella,Firmicutes,Bacteria,208,67.0,55.0,486.0010070800781,,7.409952588900351,3.37384075,-0.36424835239782855,-0.2644777623108934,0.2958470878148797
lacinutrix,Bacteroidetes,Bacteria,1629,57.0,55.0,432.3789978027344,41.75,6.787487718889409,3.09392825,-0.5241835417791421,-0.4345868878925928,0.032600259119758
lederbergia,Firmicutes,Bacteria,1184,80.0,59.0,470.0069885253906,17.65,6.5744963529721785,5.1714988,-0.5789092236380365,0.8279994903319962,0.239060080756001
microbacterium,Actinobacteria,Bacteria,3378,80.0,60.0,277.4840087890625,17.65,16.144025088226364,3.406833159600997,1.8798711257427974,-0.2444275325138715,0.3231795495852764
nitrosococcus,Proteobacteria,Bacteria,896,163.0,83.0,80.5999984741211,36.84,6.520913846536813,3.527113,-0.5926766324142377,-0.17133076664817873,0.2545549669779844
ottowia,Proteobacteria,Bacteria,16759,91.0,63.0,280.3710021972656,53.45,15.512174188941408,3.1588092941176478,1.7175243040882417,-0.3951572172573738,0.3099448960471577
pleomorphomonas,Proteobacteria,Bacteria,2944,116.0,63.0,280.3710021972656,53.45,8.482286245093594,4.8336025,-0.08872455234754179,0.6226523045854088,0.2264476775526691
polaribacter,Bacteroidetes,Bacteria,6766,57.0,60.0,374.2590026855469,43.71,10.463088001580164,3.153944609375,0.42021967778218294,-0.39811359565348853,0.0326699440124849
pseudobacteriovorax,Proteobacteria,Bacteria,6526,84.0,64.0,274.7470092773437,20.39,3.849742355992825,7.273214,-1.2790034257682277,2.105259115728384,0.0811294217188896
quisquiliibacterium,Proteobacteria,Bacteria,23682,91.0,66.0,283.8729858398437,53.45,7.3979579965422895,4.1903455,-0.3673302249544349,0.23173054941439256,0.3238073296509128
rhodopseudomonas,Proteobacteria,Bacteria,51820,91.0,64.0,260.2439880371094,17.65,8.596189741139725,5.35120808,-0.05945835904251011,0.93721286408171,0.5161550741313182
roseibium,Proteobacteria,Bacteria,488,83.0,63.0,136.30599975585938,36.52,9.246333114853286,6.272756916666667,0.10758850353474131,1.4972588312543051,0.1051064633979658
rothia,Actinobacteria,Bacteria,2822,79.0,59.0,277.4840087890625,53.45,20.467399749115387,2.345192872,2.990712521729535,-0.8896102271277577,0.2038119406592938
streptosporangium,Actinobacteria,Bacteria,838,117.0,66.0,209.6739959716797,31.66,4.094240098802063,9.525577166666666,-1.216182542721749,3.474070900747252,0.5467040444797556
tindallia,Firmicutes,Bacteria,48,139.0,71.0,176.44400024414062,56.32,9.466723520154304,2.0070302,0.16421528346695352,-1.0951192931333524,0.1327539808960451
tropicibacter,Proteobacteria,Bacteria,209,91.0,68.0,230.42100524902344,23.99,8.081831235200147,4.454436,-0.1916168615068978,0.39222428952758426,0.0549588079434756
zoogloea,Proteobacteria,Bacteria,6665,75.0,63.0,280.3710021972656,53.45,8.365960579593748,4.303152,-0.1186130942363363,0.3002855981347316,0.1652591270874301
enterovibrio,Proteobacteria,Bacteria,1088,71.0,68.0,432.3789978027344,38.21,9.600914542929484,4.3745832558139535,0.19869412343818493,0.34369597982799044,0.0705242777632624
psychrobacillus,Firmicutes,Bacteria,3154,80.0,57.0,558.260986328125,17.65,8.699801987180361,4.023080071428572,-0.03283638406673165,0.1300795842222918,0.3639395059101648
rhodoferax,Proteobacteria,Bacteria,11783,63.0,60.0,295.0249938964844,29.99,15.182050594708103,3.688566287581699,1.632702843301201,-0.07321197033571146,0.2331905756009081
leadbetterella,Bacteroidetes,Bacteria,1247,63.0,65.0,353.89898681640625,64.77,4.838653990625276,4.960057083333333,-1.0249139547213797,0.6995016006926976,0.2058741160493059
raoultibacter,Actinobacteria,Bacteria,901,98.0,63.0,280.3710021972656,53.45,3.378569608227825,3.8477822,-1.4000658443490297,0.02354712273862289,0.2630849110508032
vicingus,Bacteroidetes,Bacteria,12129,69.0,83.0,114.02400207519533,25.2,6.298086715351014,2.6992324444444447,-0.6499295010377621,-0.6744524114180515,0.117701806446933
algoriphagus,Bacteroidetes,Bacteria,12758,91.0,70.0,283.8729858398437,44.82,6.204709052445152,4.351533612903226,-0.673921817584993,0.32968819310708913,0.2224078543907995
arenibacter,Bacteroidetes,Bacteria,6318,163.0,83.0,80.5999984741211,50.65,4.871850632177601,5.131520214285715,-1.0163844594690592,0.8037036040895092,0.1106855583178714
atopobium,Actinobacteria,Bacteria,672,57.0,59.0,348.76300048828125,51.22,10.001267807772102,1.6997845,0.3015602903769002,-1.2818394194790397,0.2452157488847923
azonexus,Proteobacteria,Bacteria,11739,79.0,63.0,280.3710021972656,53.45,15.677476428203311,3.380646129032258,1.7599968133256594,-0.26034198032034483,0.2248963446181064
capnocytophaga,Bacteroidetes,Bacteria,1212,70.0,77.0,122.29900360107422,32.04,7.049457597708973,2.695242823529412,-0.4568733943318327,-0.6768769938331227,0.1639363362128944
croceitalea,Bacteroidetes,Bacteria,536,65.0,68.0,230.42100524902344,53.82,6.32333958029689,2.6884528,-0.6434410678230996,-0.6810034439390218,0.0350781733907767
dokdonella,Proteobacteria,Bacteria,56628,90.0,63.0,248.1009979248047,17.65,7.624451880742842,3.5412381666666666,-0.30913522631509344,-0.1627465849829711,0.5239057813979295
gordonia,Actinobacteria,Bacteria,1346,80.0,57.0,558.260986328125,17.65,9.695841467304536,5.053712992857143,0.2230845049018693,0.7564184046033986,0.3411914262045533
janibacter,Actinobacteria,Bacteria,1865,79.0,60.0,277.4840087890625,35.45,9.576305255233056,3.237156625,0.1923710499959868,-0.3475437811012286,0.3017182672878343
noviherbaspirillum,Proteobacteria,Bacteria,42245,91.0,66.0,277.4840087890625,36.84,5.69997470636224,5.61406,-0.8036075028616656,1.0969538912550976,0.4064214901708094
photobacterium,Proteobacteria,Bacteria,5750,69.0,60.0,313.35699462890625,20.39,12.685682065680874,4.729741742647059,0.9912896605002142,0.5595337849924583,0.1201534899427817
poseidonibacter,Proteobacteria,Bacteria,10480,63.0,55.0,416.53900146484375,28.27,9.531244150348297,3.0426248181818183,0.18079311734358106,-0.465765137974069,0.0342585092221812
pseudaminobacter,Proteobacteria,Bacteria,8466,118.0,78.0,190.4459991455078,17.65,6.452148500929324,6.0444982000000005,-0.6103450970978944,1.3585408722543764,0.3194927922038352
pseudoclostridium,Firmicutes,Bacteria,1251,76.0,66.0,346.6440124511719,36.88,3.145056757042119,4.45143,-1.4600642858300725,0.3903974756786186,0.2244515785890212
sulfurovum,Proteobacteria,Bacteria,7312,78.0,63.0,280.3710021972656,34.04,22.6713411019067,1.72023348,3.5569899048014357,-1.2694121141359853,0.027727173366086
thalassobius,Proteobacteria,Bacteria,5646,85.0,63.0,310.7950134277344,41.21,12.661837136661848,3.7119416,0.9851629802292861,-0.05900626692598102,0.0498720046491256
aliikangiella,Proteobacteria,Bacteria,3575,57.0,63.0,313.35699462890625,20.39,5.969431003020532,4.355524,-0.7343738064519809,0.3321132411480474,0.0375606521019079
aquimonas,Proteobacteria,Bacteria,5044,63.0,70.0,309.7279968261719,49.7,5.946130385454455,3.868061833333333,-0.7403606321551995,0.03587151230125668,0.4103423250967428
caldanaerobacter,Firmicutes,Bacteria,270,107.0,72.0,199.1959991455078,29.45,10.085959529699466,2.577841,0.3233208542867066,-0.7482247240784147,0.1671996863536357
cephaloticoccus,Verrucomicrobia,Bacteria,1838,57.0,55.0,453.2210083007813,35.73,5.9807801648622,3.344045333333333,-0.7314577698434662,-0.2825851075545289,0.2391360778904633
chryseobacterium,Bacteroidetes,Bacteria,3147,79.0,59.0,277.4840087890625,17.65,7.2336177176451075,4.7002760343642604,-0.4095555695396428,0.5416268109536699,0.3325231485430568
collimonas,Proteobacteria,Bacteria,6340,79.0,59.0,277.4840087890625,40.63,7.700521958490619,4.545146444444444,-0.2895898947197087,0.44735106802290553,0.6215467514287653
deinococcus,Deinococcus-Thermus,Bacteria,11835,79.0,59.0,277.4840087890625,53.45,15.367704983663918,3.7090769285714287,1.680404603332411,-0.06074719222153988,0.2463872207437447
desulfovibrio,Proteobacteria,Bacteria,17506,91.0,62.0,346.6440124511719,53.45,15.63606112471281,2.81400793006993,1.749355627411149,-0.6047007658217803,0.1616850662643563
faecalibaculum,Firmicutes,Bacteria,134,90.0,66.0,319.7309875488281,32.04,2.9441884908727705,2.3775651666666664,-1.5116750766365097,-0.8699368551317957,0.2554597309371289
marinirhabdus,Bacteroidetes,Bacteria,1354,69.0,66.0,183.7429962158203,41.21,8.3102081863411,3.249016076923077,-0.13293803047437172,-0.3403365252748084,0.0541481329004318
maritimibacter,Proteobacteria,Bacteria,3141,57.0,62.0,416.53900146484375,20.39,11.166468815643896,4.298583625,0.6009452883736495,0.2975092938375699,0.1204595984202187
parasphingorhabdus,Proteobacteria,Bacteria,456,48.0,63.0,342.3429870605469,29.84,7.018746600554697,3.276938363636364,-0.46476423184346904,-0.32336752325796825,0.1787119047951312
pelagimonas,Proteobacteria,Bacteria,3740,69.0,55.0,416.53900146484375,20.39,6.920637226221626,4.912842400000001,-0.4899723072225119,0.6708081750813011,0.0551217865171799
salinibacter,Bacteroidetes,Bacteria,718,136.0,77.0,64.48500061035156,18.01,7.615968512393629,3.8077888521739127,-0.3113149302452106,-0.0007577347714221784,0.0256894818252204
sutterella,Proteobacteria,Bacteria,1161,65.0,70.0,240.4980010986328,54.14,17.589099921331442,2.558402658536585,2.2511664843045875,-0.7600378416387238,0.2453431630099448
terribacillus,Firmicutes,Bacteria,3387,79.0,59.0,277.4840087890625,35.45,7.706601320559165,3.6332488,-0.28802787255493423,-0.10682965243958087,0.4257345201148091
terrisporobacter,Firmicutes,Bacteria,310,53.0,57.0,388.6099853515625,53.45,9.60950758856869,3.434098958333333,0.2009020076865674,-0.22785749301708508,0.1638590207006765
thermoanaerobacter,Firmicutes,Bacteria,341,88.0,63.0,278.1610107421875,28.69,12.393538195670615,2.3399290454545456,0.9162266530475056,-0.892809172979983,0.2517530934065602
thermoanaerobacterium,Firmicutes,Bacteria,137,157.0,65.0,245.48699951171875,34.31,8.794743225623055,2.7289028666666666,-0.008442324767992894,-0.6564210281112609,0.3728820284648496
acidobacterium,Acidobacteria,Bacteria,25373,78.0,57.0,416.53900146484375,40.63,4.680242737094631,4.0596185,-1.0656159044283722,0.152284809549546,0.4013811468140469
alistipes,Bacteroidetes,Bacteria,14681,99.0,57.0,356.5710144042969,53.45,16.666660162625675,2.5800010068259382,2.0141561972841058,-0.7469120393201032,0.2009096287669859
brevundimonas,Proteobacteria,Bacteria,69642,91.0,66.0,283.8729858398437,17.65,14.230274645302538,3.09199935326087,1.3881549594759135,-0.43575912185010024,0.3779455716750405
cobetia,Proteobacteria,Bacteria,6457,57.0,59.0,342.3429870605469,40.08,7.206244794337756,4.0242873823529415,-0.41658872736749647,0.13081329424113614,0.1287588304551903
ensifer,Proteobacteria,Bacteria,2642,79.0,60.0,487.947998046875,17.65,7.16962633526343,7.392295988888889,-0.42599741927777446,2.177627920274156,0.3099592115144908
geovibrio,Deferribacteres,Bacteria,245,139.0,67.0,152.25900268554688,44.85,12.251793030766624,2.6118626000000003,0.8798068631364592,-0.7275490321143531,0.3779030318139847
megasphaera,Firmicutes,Bacteria,4149,116.0,63.0,280.3710021972656,64.77,12.759141674312223,2.272880162337662,1.0101642620791362,-0.9335562881614865,0.128204256427651
moraxella,Proteobacteria,Bacteria,7280,79.0,59.0,277.4840087890625,64.77,19.849146900238747,2.0151999580152675,2.8318595627362284,-1.090154347329963,0.1169747872078199
neochlamydia,Chlamydiae,Bacteria,2341,84.0,65.0,260.2439880371094,17.65,6.866239316381956,2.621522375,-0.5039492245254951,-0.7216785694570371,0.7028867876978135
phytoactinopolyspora,Actinobacteria,Bacteria,285,126.0,76.0,190.30099487304688,17.65,5.720577222022604,5.0694185,-0.7983139234122519,0.7659629947409899,0.4039238024490361
pyruvatibacter,Proteobacteria,Bacteria,593,80.0,63.0,309.7279968261719,17.65,5.711721022710704,3.326493,-0.8005894219703031,-0.2932520555302418,0.0561757512865159
rubripirellula,Planctomycetes,Bacteria,2195,61.0,69.0,347.3320007324219,25.0,4.702700941175788,6.80460025,-1.059845527181507,1.8204719938668699,0.0295711080845108
ruthenibacterium,Firmicutes,Bacteria,2060,122.0,55.0,356.5710144042969,53.45,11.738667316079354,3.1519762,0.7479651122060208,-0.39930984232903194,0.1825097296857698
simonsiella,Proteobacteria,Bacteria,36,79.0,59.0,277.4840087890625,,8.123260646895861,2.33896225,-0.18097205065131639,-0.8933967163350999,0.1017647586523518
sphingosinicella,Proteobacteria,Bacteria,10515,80.0,68.0,283.8729858398437,17.65,5.74977719613365,4.000155,-0.7908113258932989,0.11614750239453392,0.3738161429543976
sporosalibacterium,Firmicutes,Bacteria,984,61.0,69.0,347.3320007324219,57.35,6.09401232818694,4.1023875,-0.7023640677601988,0.178276493350747,0.2265821961960702
succinimonas,Proteobacteria,Bacteria,121,99.0,61.0,233.7469940185547,64.77,4.951140014550527,3.4335526666666665,-0.9960119645754625,-0.22818948675701872,0.1178125746794801
sulfuriferula,Proteobacteria,Bacteria,425,68.0,63.0,361.5750122070313,12.36,7.312798215911244,3.418664,-0.3892110511650094,-0.2372376645545233,0.2571438770725295
thermoleophilum,Actinobacteria,Bacteria,525,69.0,67.0,325.6449890136719,18.36,13.161787710783974,1.8234605,1.1136195303187923,-1.2066787309944516,0.5390323583664588
boseongicola,Proteobacteria,Bacteria,1788,57.0,68.0,216.41900634765625,25.2,12.735197047785398,3.062379,1.0040119656802,-0.4537600771222928,0.0428464412989334
cloacibacterium,Bacteroidetes,Bacteria,2187,81.0,61.0,233.7469940185547,64.77,6.392244563624293,2.503033142857143,-0.6257367248332846,-0.7936871423884655,0.1737004033876566
cyanobium,Cyanobacteria,Bacteria,10994,63.0,69.0,347.3320007324219,32.86,14.862258549606192,3.1623726530612246,1.5505359552403333,-0.39299168383523087,0.0480485555335117
desulfuromonas,Proteobacteria,Bacteria,20133,67.0,64.0,314.6789855957031,17.65,8.480931379653418,3.537347333333333,-0.0890726694400885,-0.1651111319614644,0.1939071326647002
endomicrobium,Elusimicrobia,Bacteria,395,75.0,67.0,335.0920104980469,64.77,6.324987942991734,1.73913375,-0.6430175399864778,-1.2579259947131014,0.1908783902206277
kutzneria,Actinobacteria,Bacteria,9618,91.0,66.0,334.0929870605469,17.65,2.484525382110065,10.062284,-1.6297802258480214,3.8002397217611628,0.5418225599974724
lachnoclostridium,Firmicutes,Bacteria,10431,99.0,61.0,346.6440124511719,64.77,2.7283131112864227,4.764849,-1.5671417726386447,0.5808692553622361,0.2184075433523553
lentibacillus,Firmicutes,Bacteria,65,122.0,55.0,356.5710144042969,52.59,7.57353184139992,3.5650474,-0.3222185447929232,-0.14827717806793866,0.1850545775068779
marivita,Proteobacteria,Bacteria,286,69.0,66.0,273.79998779296875,51.22,8.361739520373364,4.664101280000001,-0.11969764685661517,0.5196425986264712,0.0214638367606668
mycoplasmopsis,Tenericutes,Bacteria,203,128.0,52.0,220.8390045166016,,4.250899959609135,0.940977213768116,-1.175930593232312,-1.7429836840114488,0.0576220122822587
oribacterium,Firmicutes,Bacteria,361,99.0,61.0,233.7469940185547,64.77,11.373234446537156,2.54984632,0.6540713392203085,-0.7652377211247756,0.2543122903275828
ornithinicoccus,Actinobacteria,Bacteria,1662,99.0,74.0,120.12100219726562,32.86,6.476193714287333,4.014703875,-0.6041669560695346,0.12498918114931425,0.5044694452151776
paenibacillus,Firmicutes,Bacteria,62002,80.0,60.0,305.2229919433594,17.65,8.288189003971334,6.515295437172775,-0.13859560614168331,1.6446549484093915,0.3837071658371461
pseudobacteroides,Firmicutes,Bacteria,13094,76.0,62.0,371.6130065917969,17.65,3.4049767584428805,6.7548185,-1.3932808308098859,1.7902185040712129,0.1793046551816952
pseudoteredinibacter,Proteobacteria,Bacteria,172,63.0,65.0,335.7959899902344,23.99,4.296401511405856,4.887811333333333,-1.1642394928114574,0.6555962325526747,0.0020244026818252
soehngenia,Firmicutes,Bacteria,2887,53.0,55.0,335.697998046875,53.45,9.041875184447974,1.9907375,0.05505538978759907,-1.1050207335847968,0.1299117165638504
sphingobacterium,Bacteroidetes,Bacteria,9629,79.0,61.0,277.4840087890625,40.63,7.643869419778701,5.232951768707483,-0.3041461129809311,0.8653458423928349,0.330081380285052
tepidanaerobacter,Firmicutes,Bacteria,1672,69.0,65.0,353.89898681640625,17.65,11.903123831191104,2.4363352352941177,0.7902203223497294,-0.8342209618273088,0.253714743586603
thermacetogenium,Firmicutes,Bacteria,109,116.0,65.0,245.48699951171875,30.48,10.19045969163669,2.453275,0.3501709690401931,-0.8239262855921374,0.4236314452136953
thermoclostridium,Firmicutes,Bacteria,4111,80.0,57.0,558.260986328125,17.65,4.366351056256306,2.977314428571429,-1.1462667617517965,-0.5054557315274953,0.3812608119392822
tsukamurella,Actinobacteria,Bacteria,198,117.0,57.0,356.5710144042969,17.65,5.637986902716675,4.7889433703703705,-0.8195345560867107,0.595511946471584,0.599769447888668
anaeroplasma,Tenericutes,Bacteria,103,99.0,61.0,233.7469940185547,64.77,8.526270657935765,1.641984,-0.07742326333244466,-1.3169660841088258,0.1215087706387245
azotobacter,Proteobacteria,Bacteria,7722,134.0,81.0,80.5999984741211,28.25,6.557366103949275,5.0325084,-0.5833106441094905,0.7435318963222588,0.2579043008713961
curtobacterium,Actinobacteria,Bacteria,2315,79.0,59.0,277.4840087890625,17.99,10.781351157760888,3.710110116504855,0.5019937354185019,-0.060119300662868164,0.5446452701815985
fervidobacterium,Thermotogae,Bacteria,91,75.0,67.0,335.0920104980469,18.28,8.136127612232592,1.8436289,-0.1776660318910021,-1.1944219404317509,0.1151007116499567
gallionella,Proteobacteria,Bacteria,7165,68.0,57.0,416.53900146484375,17.65,13.336125464583084,2.474481819148936,1.1584136110990995,-0.8110384243433731,0.1934457832424694
halomonas,Proteobacteria,Bacteria,14002,72.0,69.0,347.3320007324219,47.54,15.974913515185738,4.194075913857678,1.836419852002082,0.2339976058673464,0.2238599560778277
hellea,Proteobacteria,Bacteria,4087,63.0,63.0,315.66900634765625,20.39,7.34449988764664,1.9061883333333327,-0.3810656712135022,-1.1564031649171889,0.067787744417017
hungatella,Firmicutes,Bacteria,134,80.0,69.0,269.4070129394531,30.51,3.5771405329918595,6.709269534883721,-1.3490453289949662,1.7625373729067186,0.2345743860630463
ignavibacterium,Ignavibacteriae,Bacteria,5996,72.0,62.0,371.6130065917969,48.93,6.960782246656026,3.304226333333333,-0.4796575059297422,-0.3067840099670246,0.3864807868484544
melaminivora,Proteobacteria,Bacteria,421,101.0,63.0,280.3710021972656,53.6,8.730515839170467,2.97806,-0.024944813037862477,-0.5050026309915315,0.4356817241907322
methylophaga,Proteobacteria,Bacteria,4808,78.0,66.0,173.93499755859375,50.65,13.79603434233976,2.9718685081967213,1.276581907827023,-0.5087653398977148,0.1800616389472372
microcystis,Cyanobacteria,Bacteria,2204,91.0,62.0,283.8729858398437,44.82,7.269636071730533,4.814546375451264,-0.4003010677044558,0.6110714688458065,0.0626134462759173
oceanicoccus,Proteobacteria,Bacteria,6292,57.0,63.0,416.53900146484375,25.0,5.594584442259893,3.75363,-0.8306863191294162,-0.03367128806330034,0.0328951253933145
panacagrimonas,Proteobacteria,Bacteria,10870,100.0,70.0,233.6269989013672,17.65,3.8931230206481975,5.394127,-1.2678572629060214,0.9632956576408076,0.4649797924573763
pontibacillus,Firmicutes,Bacteria,737,99.0,65.0,176.44400024414062,36.84,7.366423152667969,4.344035,-0.375432740405726,0.3251311172921705,0.4007653730656837
pseudophaeobacter,Proteobacteria,Bacteria,1112,69.0,60.0,429.3500061035156,53.82,8.846684095431334,4.182358,0.0049032843573400655,0.22687636590853302,0.0239725031785086
rudaea,Proteobacteria,Bacteria,43317,80.0,63.0,277.4840087890625,17.65,5.549576953614374,4.6850418,-0.8422504757057894,0.5323686238894585,0.5209430737168789
sporomusa,Firmicutes,Bacteria,6613,75.0,60.0,434.52099609375,17.65,8.68506123157964,5.066170384615385,-0.036623851684917996,0.7639890419240729,0.27815969424214
terrimonas,Bacteroidetes,Bacteria,65391,85.0,63.0,283.8729858398437,17.65,2.6623563117978657,4.5072855,-1.5840886136981287,0.42434212003686833,0.4258164039972078
thiopseudomonas,Proteobacteria,Bacteria,1011,122.0,55.0,356.5710144042969,64.77,14.1885141017799,2.4667840303030304,1.377425068105751,-0.8157165438610423,0.1726069907842492
ahrensia,Proteobacteria,Bacteria,2755,57.0,56.0,416.53900146484375,39.35,11.224794981335087,3.3853625,0.6159315258388137,-0.2574757355429894,0.0847919245139978
amylolactobacillus,Firmicutes,Bacteria,692,99.0,57.0,356.5710144042969,53.45,9.595357382284156,1.563256,0.19726627492326831,-1.364810861454589,0.0834707879438799
balneola,Balneolaeota,Bacteria,1039,65.0,79.0,216.41900634765625,51.28,6.636217860516802,3.315141314285714,-0.563050592133457,-0.30015073040448104,0.0654904500090408
brevilactibacter,Actinobacteria,Bacteria,4210,65.0,63.0,309.7279968261719,53.45,8.390993281418483,3.4560866666666663,-0.11218122940355542,-0.2144950678373278,0.1856387996717933
butyricimonas,Bacteroidetes,Bacteria,1195,122.0,55.0,356.5710144042969,32.04,5.577143411393134,4.661884782608696,-0.835167591421347,0.5182955832802864,0.2421676192648114
citrobacter,Proteobacteria,Bacteria,6977,88.0,65.0,260.2439880371094,17.65,12.629322746286462,5.225933434903047,0.9768087815703096,0.8610806429947618,0.2965129027456535
companilactobacillus,Firmicutes,Bacteria,66,107.0,55.0,356.5710144042969,63.61,16.007726860156584,2.498793260869565,1.8448508636060852,-0.7962638140893593,0.1217674354488549
curvibacter,Proteobacteria,Bacteria,27891,79.0,62.0,283.8729858398437,26.68,11.367159914800036,3.079045272727273,0.6525105581536403,-0.4436316081173626,0.2404111215723708
desulfomicrobium,Proteobacteria,Bacteria,1106,63.0,69.0,347.3320007324219,53.45,9.480050878912184,3.691963307692308,0.16763959502184797,-0.07114752476575972,0.2429391791280294
ferrimonas,Proteobacteria,Bacteria,3612,89.0,65.0,241.97300720214844,20.39,9.927805994038575,4.431996357142857,0.28268512222233455,0.3785872135670816,0.0876479553000594
franconibacter,Proteobacteria,Bacteria,640,126.0,70.0,192.9320068359375,28.96,8.724813184132316,4.584625384615385,-0.026410044663684143,0.47134330842435596,0.5580549010016508
kibdelosporangium,Actinobacteria,Bacteria,2190,91.0,66.0,304.5979919433594,35.45,2.636486662099024,11.758072,-1.5907355226614244,4.830808252469648,0.5077722231308878
lachnospira,Firmicutes,Bacteria,456,118.0,65.0,152.25900268554688,67.54,9.117490954749895,2.632303132420092,0.07448399230976074,-0.7151268605557188,0.1553245395870672
lactobacillus,Firmicutes,Bacteria,8671,122.0,55.0,356.5710144042969,57.35,23.283301158125173,1.8468171548343475,3.714226003094629,-1.1924843662183717,0.1837507558571185
mameliella,Proteobacteria,Bacteria,625,91.0,69.0,283.8729858398437,32.16,7.386186585470429,5.550902285714286,-0.3703547536463596,1.058571526941672,0.1105275828169934
mariprofundus,Proteobacteria,Bacteria,1153,57.0,61.0,416.53900146484375,34.17,10.693670990034674,2.8053977000000003,0.4794653247307938,-0.6099333964054556,0.0374075806604566
methylophilus,Proteobacteria,Bacteria,395,79.0,59.0,277.4840087890625,33.1,10.59079876151199,2.7382259500000004,0.4530334887453126,-0.6507551805569047,0.311239572278624
microvirgula,Proteobacteria,Bacteria,1891,71.0,61.0,323.8489990234375,53.45,7.08558519542716,4.0928165,-0.44759082360161867,0.17245998125878081,0.2569495353333033
oceanobacillus,Firmicutes,Bacteria,10484,99.0,57.0,356.5710144042969,17.65,10.14705778936537,4.04058012195122,0.33901934941682255,0.14071475875734568,0.3157481764670918
paludibacter,Bacteroidetes,Bacteria,11685,77.0,57.0,353.89898681640625,17.65,4.970888478195894,3.621083047619048,-0.9909378239688508,-0.11422305394743512,0.1856745128022809
peptostreptococcus,Firmicutes,Bacteria,56,118.0,64.0,241.8249969482422,67.54,13.49738667469085,1.926298818181818,1.1998478243712345,-1.1441815706954237,0.1590303483789741
perlucidibaca,Proteobacteria,Bacteria,1827,62.0,70.0,353.89898681640625,29.09,9.055990168548748,1.9876346666666669,0.05868207261587138,-1.106906395229629,0.2885417075658541
phocoenobacter,Proteobacteria,Bacteria,125,79.0,59.0,277.4840087890625,68.16,9.917157922851274,2.2183775,0.27994922279421613,-0.9666787826272012,0.1172100137367254
phyllobacterium,Proteobacteria,Bacteria,28449,65.0,69.0,347.3320007324219,17.65,7.595442667161358,5.266315836065574,-0.3165888101099122,0.8856219369728685,0.2839208690521469
psychrobacter,Proteobacteria,Bacteria,3216,79.0,59.0,335.697998046875,29.99,13.112072582123783,3.126889341346154,1.1008457997832133,-0.41455569090384536,0.1061653760551755
reichenbachiella,Bacteroidetes,Bacteria,2587,65.0,63.0,216.41900634765625,20.39,4.338952956743334,5.070347666666667,-1.153306388316133,0.76652767023489,0.035073498240457
skermanella,Proteobacteria,Bacteria,6321,80.0,59.0,277.4840087890625,17.65,4.805673507816398,8.5315825,-1.0333879104706132,2.869997972315906,0.3945877479272145
thiohalocapsa,Proteobacteria,Bacteria,4014,61.0,69.0,347.3320007324219,20.39,7.112035093401373,5.34305575,-0.44079482651740104,0.9322585096754101,0.0705795785240216
anaerotignum,Firmicutes,Bacteria,5028,122.0,55.0,356.5710144042969,64.77,10.024175998182832,2.3942117540983605,0.3074462864358567,-0.8598203493239994,0.2269449225506485
kyrpidia,Firmicutes,Bacteria,264,69.0,66.0,260.2439880371094,30.51,10.086776750525958,3.172470333333333,0.32353082977921777,-0.38685509628915143,0.4962698036684352
acutalibacter,Firmicutes,Bacteria,201,68.0,61.0,296.5369873046875,52.89,8.485093280452583,2.710636081395349,-0.08800331689576102,-0.667522164608175,0.1324778134365189
jeotgalibaca,Firmicutes,Bacteria,750,122.0,55.0,356.5710144042969,64.77,14.39515661869058,2.222969909090909,1.43051948623052,-0.963887872272115,0.1040630484515888
legionella,Proteobacteria,Bacteria,36555,91.0,63.0,283.8729858398437,17.65,7.695870262329039,3.5083751518218627,-0.2907850945492726,-0.1827181786746712,0.3536276545030659
longibaculum,Firmicutes,Bacteria,3495,69.0,61.0,309.7279968261719,53.45,1.6132399824250052,3.099352888888889,-1.8536469886443763,-0.43129021276023755,0.1933560731276893
mariniblastus,Planctomycetes,Bacteria,12526,63.0,65.0,365.4549865722656,20.39,4.689083115053259,6.39783925,-1.063344470985083,1.5732741801545929,0.0464500945588818
gelidibacter,Bacteroidetes,Bacteria,240,116.0,63.0,280.3710021972656,38.05,5.519776060477316,4.52916925,-0.8499074724573071,0.4376413673979132,0.1595548420826611
allosphingosinicella,Proteobacteria,Bacteria,44031,101.0,67.0,231.21099853515625,17.65,2.759648166935901,3.623650333333333,-1.5590905904739627,-0.1126628566430081,0.3697039789756817
aquisalimonas,Proteobacteria,Bacteria,1288,136.0,81.0,80.5999984741211,53.45,12.204213567404432,3.0317398,0.867581867236916,-0.4723802084866399,0.3089023146360526
desulfobacula,Proteobacteria,Bacteria,4416,43.0,59.0,416.53900146484375,20.39,9.926236618633643,4.634183303030302,0.2822818892614226,0.5014607707285075,0.0285491017468368
lawsonella,Actinobacteria,Bacteria,1583,79.0,59.0,277.4840087890625,17.65,11.59410304043758,1.8112656,0.7108209842134917,-1.2140898461663578,0.2200634650896218
malaciobacter,Proteobacteria,Bacteria,934,69.0,55.0,382.6610107421875,42.51,12.484291025095835,2.803523238095238,0.9395445488200935,-0.6110725490890812,0.0954354555050202
sulfurimonas,Proteobacteria,Bacteria,10735,57.0,66.0,416.53900146484375,35.35,16.36630779701609,2.138539763157895,1.9369841112930526,-1.0151979720261466,0.04519374144774
brochothrix,Firmicutes,Bacteria,4357,79.0,61.0,277.4840087890625,64.77,9.064640741356245,2.5373316666666663,0.06090473780852639,-0.7728431575932844,0.4020916041799996
halochromatium,Proteobacteria,Bacteria,161,61.0,69.0,347.3320007324219,52.91,9.969915069142074,3.5105615,0.29350456477373765,-0.18138948568382546,0.1550649596489746
methylococcus,Proteobacteria,Bacteria,245,42.0,62.0,371.6130065917969,47.56,8.212541263131431,3.287654714285714,-0.1580324231258864,-0.31685495580068146,0.08290515523544
terrimicrobium,Verrucomicrobia,Bacteria,36815,87.0,60.0,356.0469970703125,17.65,6.687197017116766,5.0843425,-0.5499520841563376,0.7750326454003255,0.4626070675858853
olleya,Bacteroidetes,Bacteria,50,69.0,64.0,416.53900146484375,,6.832511877073651,3.5126173846153845,-0.5126151021565102,-0.18014007833610104,0.0433098111252576
fibrella,Bacteroidetes,Bacteria,87,107.0,56.0,312.6369934082031,34.31,3.04723828793964,6.56332,-1.4851976164558154,1.6738405560152776,0.252270873798287
rodentibacter,Proteobacteria,Bacteria,16,132.0,54.0,261.8269958496094,49.05,12.04302482744318,2.4080329,0.8261662743354483,-0.8514209279195786,0.1144620374632469
adlercreutzia,Actinobacteria,Bacteria,616,75.0,61.0,245.48699951171875,57.35,7.977514979537674,2.6323986923076923,-0.2184197236581928,-0.7150687866614828,0.3782809259750745
anseongella,Bacteroidetes,Bacteria,102,157.0,65.0,245.48699951171875,38.17,3.2652318693627373,4.2875975,-1.4291866728531653,0.290832778436217,0.4152636283910956
brasilonema,Cyanobacteria,Bacteria,3051,101.0,55.0,447.95599365234375,32.86,4.4168004538017085,8.1506965,-1.1333043692709883,2.638524978411342,0.1626106539767284
castellaniella,Proteobacteria,Bacteria,2383,90.0,67.0,231.21099853515625,47.54,7.855309532377486,3.6917705,-0.249819007821248,-0.07126469833944409,0.3892259868780541
colwellia,Proteobacteria,Bacteria,10846,57.0,59.0,416.53900146484375,20.39,10.1627463027067,4.231139764705882,0.34305033248629757,0.2565221421366396,0.0344070596270671
convivina,Firmicutes,Bacteria,66,79.0,59.0,277.4840087890625,21.59,7.022355989490543,1.566425857142857,-0.4638368408679828,-1.3628844679323624,0.0110944900080863
corallococcus,Proteobacteria,Bacteria,54048,99.0,65.0,252.6439971923828,17.65,3.043606582265216,10.185284846153849,-1.4861307414606146,3.8749901040593464,0.6443550029257237
desulfobacca,Proteobacteria,Bacteria,5861,71.0,64.0,580.781005859375,36.6,8.936640812468317,3.133168333333333,0.02801662820785853,-0.41073980616674527,0.0865608864139256
fibrobacter,Fibrobacteres,Bacteria,2472,99.0,61.0,233.7469940185547,64.77,7.422573909013495,3.368103882352941,-0.3610054493525494,-0.26796418588618615,0.1184295603764403
flaviflexus,Actinobacteria,Bacteria,1373,122.0,55.0,356.5710144042969,53.45,6.741360945947768,2.373408,-0.536035285582516,-0.8724632588706928,0.0814920545091976
kozakia,Proteobacteria,Bacteria,12,170.0,67.0,176.44400024414062,,8.829791533950207,3.28433575,0.0005629349661013128,-0.31887196508922594,0.1469129080143854
liberibacter,Proteobacteria,Bacteria,60,126.0,60.0,241.97300720214844,20.93,19.364297129858787,1.2393943265306122,2.707282990493939,-1.5616288888142227,0.3318865418082511
oceanithermus,Deinococcus-Thermus,Bacteria,99,55.0,57.0,444.0069885253906,50.65,8.528053152675055,2.345201142857143,-0.07696527180965476,-0.8896052007417393,0.0981708798477661
propionivibrio,Proteobacteria,Bacteria,16679,71.0,62.0,309.7279968261719,53.45,12.50354681576578,3.5190015,0.944492102771902,-0.17626030774461407,0.2815523833214434
salinisphaera,Proteobacteria,Bacteria,113,69.0,66.0,232.61099243164065,40.08,12.990231624180725,2.69433225,1.0695401669325093,-0.6774303698590813,0.1106602512735535
schlesneria,Planctomycetes,Bacteria,16949,89.0,66.0,283.8729858398437,35.72,4.480778407994283,7.8111428,-1.116865969751609,2.4321705533855544,0.4654237184890522
senegalimassilia,Actinobacteria,Bacteria,744,63.0,64.0,309.7279968261719,53.45,8.561580715134568,2.1024155,-0.06835075023615331,-1.0371514997109503,0.1033688465267269
succiniclasticum,Firmicutes,Bacteria,1193,99.0,61.0,233.7469940185547,64.77,11.403482546692349,2.1046202247191013,0.6618432406718083,-1.0358116388826035,0.1220582914897736
tidjanibacter,Bacteroidetes,Bacteria,74,125.0,59.0,400.43701171875,,11.665980963387454,2.0572637719298243,0.7292891898475243,-1.064591220982849,0.1578970731306963
waddlia,Chlamydiae,Bacteria,329,61.0,69.0,347.3320007324219,50.65,6.579586363337293,2.127793333333333,-0.5776014040149258,-1.0217288192751308,0.3314051604908219
weissella,Firmicutes,Bacteria,5687,79.0,59.0,309.7279968261719,53.45,17.52129842207595,2.168789040892193,2.2337456688558803,-0.996814805197729,0.1952956069792188
aliidiomarina,Proteobacteria,Bacteria,1316,122.0,65.0,245.48699951171875,64.77,9.32686347467822,2.6804295,0.12827985331215075,-0.6858793839105474,0.2345263774613765
alkalicoccus,Firmicutes,Bacteria,133,139.0,64.0,235.2030029296875,27.29,9.759450755084462,2.35669,0.23942817982655068,-0.8826231637033631,0.1434734605631704
elizabethkingia,Bacteroidetes,Bacteria,10063,88.0,63.0,280.3710021972656,28.07,6.581106376709515,4.102653635193133,-0.5772108540606058,0.17843822969689221,0.5557888232446487
hyphobacterium,Proteobacteria,Bacteria,1814,61.0,69.0,347.3320007324219,53.82,5.951638768855908,3.360419,-0.7389453163921096,-0.27263446183762474,0.102420357532135
keratinibaculum,Firmicutes,Bacteria,826,51.0,55.0,335.697998046875,17.65,7.900610322147386,2.278305,-0.23817949089422114,-0.930259492230033,0.286566822951502
nitrospirillum,Proteobacteria,Bacteria,723,81.0,63.0,353.89898681640625,29.53,3.521466706095825,7.0993146,-1.3633500785112613,1.999576536803962,0.5030697098981634
pacificimonas,Proteobacteria,Bacteria,233,57.0,63.0,457.7330017089844,53.82,7.874132596153002,3.301951,-0.24498263806817142,-0.308166781239262,0.1641221855223133
paludibacterium,Proteobacteria,Bacteria,2954,116.0,63.0,280.3710021972656,26.23,9.36172255695048,4.1659,0.13723649358772944,0.21687446892707052,0.2519236793983143
phenylobacterium,Proteobacteria,Bacteria,31221,83.0,58.0,365.4580078125,17.65,10.245288281634032,3.318598663636364,0.36425854465643825,-0.2980496213976682,0.4718250888169453
rufibacter,Bacteroidetes,Bacteria,2821,126.0,70.0,192.9320068359375,35.45,5.0871004242307984,5.1109665294117645,-0.9610785009886853,0.7912126672382095,0.1951579052442096
sebaldella,Fusobacteria,Bacteria,187,79.0,59.0,299.2070007324219,17.65,5.79501149808291,4.4866175,-0.779188892247109,0.4117817113108468,0.2155717939628539
spelaeicoccus,Actinobacteria,Bacteria,1643,79.0,59.0,277.4840087890625,44.78,5.219237163752199,4.0235765,-0.9271274854732025,0.1303812750370979,0.3303077850920389
spongiibacter,Proteobacteria,Bacteria,409,69.0,68.0,318.26300048828125,39.37,9.772888680164751,3.479012307692308,0.24288090012636487,-0.20056263985261166,0.0577285755726906
desulfoprunum,Proteobacteria,Bacteria,2258,61.0,59.0,416.53900146484375,40.63,8.53571722095582,3.5146431428571425,-0.07499607760935541,-0.17890897946361276,0.1321714481589621
kocuria,Actinobacteria,Bacteria,1611,79.0,59.0,277.4840087890625,17.65,14.916153663563282,3.0168635303030302,1.5643836849239428,-0.4814208523666705,0.2277156251002115
maribacter,Bacteroidetes,Bacteria,6156,57.0,55.0,416.53900146484375,30.95,6.016691182194942,4.3213120322580645,-0.7222308469524014,0.3113218584230532,0.0395035678572158
puia,Bacteroidetes,Bacteria,21867,80.0,57.0,454.4330139160156,40.63,5.226278059986711,4.592178166666667,-0.9253184081630869,0.47593330404960577,0.416704207812002
roseobacter,Proteobacteria,Bacteria,3076,69.0,63.0,314.0660095214844,53.82,7.584591055580999,4.482773,-0.319377006901109,0.4094453221417353,0.0196602097868393
salinimicrobium,Bacteroidetes,Bacteria,1507,163.0,83.0,80.5999984741211,57.35,3.9848996824494742,3.2623155,-1.244276305179501,-0.33225416657215495,0.1850184128246214
simkania,Chlamydiae,Bacteria,4954,61.0,69.0,347.3320007324219,42.56,7.602169194511107,2.36774525,-0.31486050626918033,-0.8759046394838763,0.1539568355651288
