genus_lower,ko_per_mb_primary,mean_genome_mb,predictor_z,genome_mb_z,pH_sd,pH_n,temp_sd,temp_n,georoc_Cu_sd,georoc_Cu_n,georoc_Ni_sd,georoc_Ni_n,georoc_Zn_sd,georoc_Zn_n,georoc_Co_sd,georoc_Co_n,georoc_Cr_sd,georoc_Cr_n,georoc_Pb_sd,georoc_Pb_n,georoc_As_sd,georoc_As_n,georoc_Cd_sd,georoc_Cd_n,georoc_Hg_sd,georoc_Hg_n,total_n,PF1_As_sd,PF1_Cd_sd,PF1_Cr_sd,PF1_Cu_sd,PF1_Hg_sd,PF1_Pb_sd,PF1_As_n,PF1_Cd_n,PF1_Cr_n,PF1_Cu_n,PF1_Hg_n,PF1_Pb_n,Cu_ICP_MS_mg_kg_0_2_sd,Ni_ICP_MS_mg_kg_0_5_sd,Zn_ICP_MS_mg_kg_0_9_sd,Pb_ICP_MS_mg_kg_0_1_sd,As_ICP_MS_mg_kg_0_4_sd,Co_ICP_MS_mg_kg_0_1_sd,Cr_ICP_MS_mg_kg_0_5_sd,Hg_AR_mg_kg_0_01_sd,Cu_MMI_ME_mg_kg_0_01_sd,Ni_MMI_ME_mg_kg_0_005_sd,Zn_MMI_ME_mg_kg_0_02_sd,Pb_MMI_ME_mg_kg_0_01_sd,As_MMI_ME_mg_kg_0_01_sd,Co_MMI_ME_mg_kg_0_005_sd,Cr_MMI_ME_mg_kg_0_001_sd,Hg_MMI_ME_mg_kg_0_001_sd,Cu_ICP_MS_mg_kg_0_2_n,Ni_ICP_MS_mg_kg_0_5_n,Zn_ICP_MS_mg_kg_0_9_n,Pb_ICP_MS_mg_kg_0_1_n,As_ICP_MS_mg_kg_0_4_n,Co_ICP_MS_mg_kg_0_1_n,Cr_ICP_MS_mg_kg_0_5_n,Hg_AR_mg_kg_0_01_n,ko_per_mb_tier1_z,ko_per_mb_tier2_z
achromobacter,8.800642198780132,6.476800068965517,0.0509542996496222,1.680326135893138,1.0181193259453687,132262,5.909786996692748,177864,113.0849478631663,40290,201.5122953111365,63851,80.06518011784068,74767,32.220303880860115,64219,332.58558593322425,97008,14.560480729657558,71166,7.637828239239206,28782,0.1931297587787714,960,0.0625825620675771,98,196992,0.0337850760979814,0.0594812932726342,0.0407938634859672,0.0306032641806785,0.0522458482311648,0.0242004543176316,18561,18561,18561,18561,18561,18561,10.24756621204603,11.020135872404394,29.263314954940093,16.426343153635102,17.99288625112595,6.7364233731180345,33.90376473858556,0.1983281800121637,1.7764876536711467,0.9268899937529218,2.3215826530258235,0.8360869793380835,0.1671738107597974,0.2935897548836099,0.1029845513259868,0.0362843622660636,663.0,665.0,660.0,667.0,653.0,664.0,667.0,472.0,2.604987292693883,0.1491916117104496
actinotalea,10.272412611997389,3.504532125,0.4352524144720332,-0.1406663141788729,1.0643287790122482,113072,5.429084012351157,143420,148.58197451846684,14251,188.82691936454347,24162,47.58710407988686,55405,44.35603624965038,41828,261.00113443965535,47193,16.150978495615675,58526,4.878137616287927,26732,0.4358421082462487,867,0.1324699956253225,75,153866,0.0322975852004086,0.061608401636528,0.0395940595853557,0.0289745447025304,0.0533411127906284,0.024250522932467,11729,11729,11729,11729,11729,11729,10.45925456911026,11.96604132757415,35.754992104166845,13.79293297269802,3.7511061109423673,7.20619349339335,34.642706475819665,0.1704666854057447,1.7512145268066146,1.1273541886421057,2.289686621404257,0.7526278724568554,0.0132840917763199,0.3068264988748425,0.0962920801934015,0.0004879500364742,469.0,473.0,464.0,475.0,457.0,469.0,475.0,323.0,-1.0946610468568774,-0.0625548018893579
hyphomonas,11.35141818439583,3.435694057471264,0.7169945962904337,-0.1828407088197988,0.6285376143372707,292352,5.871703696745183,537950,51.89915459582325,181180,160.4753246824316,231537,104.78152283549898,240739,46.75459557915626,85379,316.1714667476075,220112,21.419688599266813,234860,20.304067536902345,4043,0.4693234531016196,1719,0.7370580949170401,208,570349,0.0378417929815898,0.0595148334317963,0.0483354441430348,0.0373912415131432,0.052953587874059,0.023987587851205,34305,34305,34305,34305,34305,34305,10.014419141821929,13.655739714206314,31.577564242328584,10.19468568175884,3.7484960022169433,6.828238097387724,44.30192450790377,0.0724994542318174,1.157240802245789,1.5026061024856694,2.6809034760013155,0.7994973608087785,0.1960529862330555,0.2790454337607185,0.115214907469234,0.0399451399753496,2664.0,2666.0,2483.0,2669.0,2641.0,2548.0,2669.0,1886.0,1.8751958702304448,2.112380830597646
anaerostipes,9.86754108009875,2.93892873255814,0.329535269286468,-0.4871894159950571,0.299728923660391,45613,3.448589226261323,47142,119.92587369188809,3989,118.18261247316237,5377,257.412204331148,4197,16.37984138720148,3867,480.0269328312255,5616,6.376688814045484,42737,3.4714197441994648,254,0.097690116811501,119,0.7048652526901862,2,49103,0.0403859933880865,0.0556462147527828,0.0436700310167986,0.036761869728937,0.0585950757083769,0.0203597870000241,1798,1798,1798,1798,1798,1798,10.000738621669852,10.53458103408373,34.00661211844082,9.241449155991097,3.3150598714381485,5.833271317499803,27.89425233627492,0.0121108788738379,1.2520679682512084,0.8439639785682258,2.3672025370330387,0.7186028901959751,0.0199088833530069,0.2381333867231589,0.0696117933389992,,43.0,43.0,43.0,43.0,41.0,43.0,43.0,32.0,-0.3843311372940071,-0.8308532326489966
leptonema,4.47689847636595,4.4673785,-1.0780305926793188,0.449232043744724,0.8337737808847248,30201,4.395726453601683,45043,254.60078469644483,7132,130.14572756902618,25187,38.16318620288988,9345,27.63668014502437,24168,253.66965265552489,26321,14.244176375939473,21925,1.875202655028752,2543,0.2300768407297522,481,0.210516032643597,3,48710,0.031881278127661,0.0496570096452282,0.035341165960291,0.0290948075028424,0.0505504641253625,0.0222740594099545,5207,5207,5207,5207,5207,5207,9.140390534897008,11.156005650011394,28.7857630003992,10.103951547353653,3.0513055980277373,10.146311992976738,32.86815254669642,0.4259154845741112,1.124377652999367,0.7906986731559661,1.9479298802611769,0.9107015650419616,0.0272824730061872,0.3649776016315424,0.0713868852295658,0.0,69.0,69.0,66.0,69.0,67.0,68.0,69.0,51.0,-0.7274822372142282,0.4007792339802012
aurantimonas,9.709228038697098,4.5317712000000006,0.2881977054816192,0.488682935370366,0.4862601003666361,242430,4.571213220257827,288945,158.90854883107886,25157,191.8064288624432,62133,72.30388502097021,46661,49.12483028404701,40454,352.1956167079462,60080,16.069083174904808,66375,6.495989246405313,3441,0.2280420749641051,777,0.6936091224303603,133,304593,0.0343955357750938,0.0576782663053209,0.0419174837903783,0.0306203944548718,0.0523514556233342,0.0238109047877063,14248,14248,14248,14248,14248,14248,11.501022558535135,13.372875275554168,34.42552809574399,17.311321240154182,17.291651773084723,6.604106580591691,44.802473082092,0.1850526684895963,1.7116190415870904,1.109652878986717,2.550696862418968,0.8436394901865792,0.0769289317943252,0.258692699986159,0.1111837545536239,0.0148978677885952,1612.0,1620.0,1576.0,1635.0,1602.0,1585.0,1635.0,1091.0,-0.1737546701961899,-0.1816286951649117
pandoraea,8.142476140435855,5.526574376623376,-0.1209012922214625,1.0981599771749917,0.758865363170511,184218,5.205786482712361,204001,104.28533983934275,42733,220.9966413364564,67109,177.00668873580875,59613,37.74814671411757,57781,432.21105606260943,73287,16.054738997475795,68975,6.035137384470082,16362,0.1469125781392122,909,2.3114508157458813,79,220818,0.032009031468367,0.0566791802105581,0.0384020105682639,0.0285873125483694,0.0524700345400649,0.0238600408103776,17426,17426,17426,17426,17426,17426,9.18961994953218,13.77934413023984,28.664585045808494,11.995804188124277,9.788751136989353,7.412957834611679,43.061530214119685,0.0189515873279258,1.5148584955155575,1.2709552814149991,1.7176356107052635,0.711996283153455,0.0146745614069249,0.3091626400904262,0.1044147277012314,0.0004830458915396,590.0,589.0,587.0,591.0,578.0,590.0,591.0,426.0,0.7582973697032155,0.3867794005833517
ureibacillus,7.950653398893916,3.773274785714286,-0.170988668141386,0.0239818149262251,1.1064787762869308,160595,5.052286872562824,178700,192.3938170048581,24670,195.96830385125853,56614,60.04301743037473,59723,35.624876881368884,69403,256.2383103553961,94101,16.123080034171394,68047,2.5607239484596622,37148,0.4324398140996094,903,0.1477891552576328,17,196935,0.0327543459311828,0.0549561716131811,0.0364378824740326,0.0299747245340228,0.0530016939125778,0.0238610384235056,14298,14298,14298,14298,14298,14298,10.95587436152078,13.408708122249497,31.792939275163825,14.830700966031875,16.162909539316225,8.6918829276992,36.31728581362846,0.233731991661838,1.456611616893928,1.3526985713121047,2.301023968598381,0.8862226172885419,0.0116634487196556,0.3397105481394816,0.095090574601332,0.0004082482904638,219.0,220.0,220.0,222.0,201.0,222.0,222.0,170.0,-0.3243613770548872,1.0571110394733385
desulfococcus,8.588111138746246,4.4247215,-0.0045402835943028,0.423097766348762,0.7888725089599284,33528,4.721566512317773,59388,80.6869103833434,17893,155.14431148616998,23399,106.27650471810482,30088,54.79375559663698,13113,320.7241961100506,22607,16.398025262076494,35942,8.202946583268956,296,0.4282635664328721,162,2.3145502494313788,8,64355,0.0425902609034135,0.0580578781364928,0.0509146019800953,0.0419749360245324,0.0510596357019009,0.0209781214453779,4843,4843,4843,4843,4843,4843,9.144813083182122,11.18468320641272,25.7168980854652,8.280796097145823,4.838947474969156,6.873017800161352,37.941691799595766,0.0168568169087504,0.8587733095782443,1.206281850307052,2.2687638826589027,1.1253767060169002,0.3343371156941644,0.2981701591138648,0.0870732551307017,0.05,310.0,310.0,308.0,310.0,308.0,309.0,310.0,196.0,-1.0669740764324365,-0.97556269740858
streptacidiphilus,2.586637683218984,9.66505675,-1.5716019084262836,3.633646447018762,0.8132739621470264,63879,7.332456207500368,65387,157.42447485634634,13173,218.7400295480149,20067,132.4065523760565,14048,33.83065332012751,13159,374.05993263283113,19808,15.333453475327072,20712,11.445925153282996,2159,0.1487562749074528,1015,2.086709986679497,97,73554,0.0314666139456425,0.0603995634108242,0.0377162162331547,0.0288422312547843,0.0535275248659533,0.0229750870758737,9674,9674,9674,9674,9674,9674,11.451041029213394,14.311353674652064,32.56391439450172,17.37868242923272,18.32934815902312,6.966024670801411,72.52285055003631,0.1513952606158796,1.942112268419028,0.9344680110523834,1.942388597036904,0.8476586714275843,0.0904862225012693,0.30689820497135,0.1006979935090044,0.0195907749090856,1142.0,1145.0,1136.0,1147.0,1105.0,1146.0,1147.0,822.0,-1.2304152069938397,-0.8777698661497426
calothrix,4.199198519486299,10.240049333333332,-1.1505416099933767,3.985921939281565,0.592118297332604,48850,3.80632636989025,80900,103.3413676570959,17092,129.7446586347832,24104,45.118541157712606,35452,81.4546001224919,14096,296.525727041025,20179,15.918114712784051,60701,2.1585964545251803,1679,0.3109041141144768,108,0.0303781719880135,13,84272,0.030281807318803,0.0574234202353773,0.0372334179980461,0.0271404364733687,0.0516254158151224,0.0222541591176302,3688,3688,3688,3688,3688,3688,16.43215195104532,14.116894232204762,35.38946669649016,30.158799555398595,38.42513980021776,6.6685141126416125,41.887513503976194,0.0232891812847141,1.7293049377612864,1.2349145899638136,2.407685089633296,1.506466424819654,0.0187529589501965,0.3283622870279041,0.1008369326999636,0.0,103.0,104.0,104.0,105.0,102.0,104.0,105.0,76.0,-1.0376323172413942,-1.208386518786731
aeromicrobium,13.953637444887937,3.51162915,1.396467391218854,-0.1363182442246781,1.0352896524705584,671161,4.851175067792942,689972,161.0480352326456,87160,196.8352787139804,193001,82.25159703632643,199798,32.16897953824523,193172,258.3411619234324,302215,15.076375402574277,195037,10.039431809997224,114422,0.2351613337601627,2350,1.3236691875897697,230,735857,0.0343347287675346,0.0576270477490464,0.040621782011771,0.0309108075005941,0.0522413123711653,0.0271413871908716,49264,49264,49264,49264,49264,49264,11.572128676681718,14.973770681019154,33.33602602974736,16.04147279255818,17.240380647330454,7.677278622058033,55.98432352181739,0.1928949761576865,1.896500030707274,1.1220539406343728,2.0670963918544825,0.8912233926282501,0.1153641048336863,0.3313789066346468,0.1407875341995678,0.0212572116614349,2018.0,2025.0,2047.0,2077.0,1970.0,2067.0,2077.0,1503.0,-0.6953555017595807,0.7545282480903981
anoxybacillus,15.009065020834957,2.731682482758621,1.6720530560246825,-0.6141610966461476,0.8680615913387479,150371,7.589131940052837,173118,194.7492330308916,33957,230.4655031711581,71773,107.03222577987528,57714,41.89892608863821,71886,373.9853594637999,90391,17.32237319715583,64422,8.77568171831266,24089,0.5238320400265332,1056,3.1165918742634755,41,193473,0.0361082593216793,0.0561422932283312,0.0441879589404907,0.034674582993426,0.0519162836721615,0.0245892318059405,19508,19508,19508,19508,19508,19508,9.987085445326638,12.972435260154077,33.817146155750514,12.0744261632194,3.221281436665706,7.021008579418428,57.29190594002456,0.2924355170343976,1.2561584785649502,1.0403692243628286,2.501229930762894,0.7376722618502329,0.1390329034480903,0.2796888086040365,0.1142751470472579,0.0375518688901478,485.0,484.0,465.0,488.0,457.0,485.0,488.0,323.0,-0.4619660583530457,2.829682742341824
actinocatenispora,2.8588839174485834,6.995737,-1.500514927982621,1.9982585199488527,1.0456800702673223,55312,5.331439797053728,57235,232.2917643907909,11940,267.91694483915484,21795,92.19307629267206,28943,46.37986267166024,26784,341.8537257556298,38141,15.67364553326477,17424,1.786516761647989,18659,0.0775053428263179,301,0.052403721841994,54,63132,0.0330373365640625,0.0570083030456268,0.0392886822950227,0.0315612768507032,0.0522380642330938,0.0247482306918491,6969,6969,6969,6969,6969,6969,10.76552654793694,13.853814899599389,32.385174922795066,14.239643685488176,13.976527464556517,7.572198895414781,57.13277665773537,0.1544292412966106,1.6481407608283218,1.0856554604734387,1.9754443431775333,0.8024271307692462,0.1364874970963255,0.3240356067627209,0.1854881743543351,0.0228420715767666,590.0,591.0,592.0,593.0,553.0,592.0,593.0,398.0,-1.3686896002950617,-1.0329992973690725
kordiimonas,5.907693580118616,4.062499125,-0.7044316562342502,0.2011782683232484,0.9064252150506348,6684,6.621167229861936,28927,39.57643979492335,15526,145.1830398705537,18419,90.04670623240321,19077,29.348255178093247,4319,167.09593928893864,18495,13.81916081630529,7736,1.2487094735819977,494,0.4471750538444673,131,2.556527755896006,6,32544,0.0352166760151702,0.0539162526189609,0.0432523024171731,0.0348715113694018,0.0528516014720139,0.0219157893911904,4035,4035,4035,4035,4035,4035,10.340097944291598,14.835736468534671,31.274646814468,9.38818360990776,3.609483238258616,6.888226898713557,48.223632192230205,0.0191729903679958,1.0149649023954832,1.570699772096298,2.230466843444395,0.7095032828145811,0.1189874132120839,0.2455666692556782,0.1118184570182052,0.0277132755376487,642.0,643.0,578.0,643.0,641.0,589.0,643.0,471.0,-0.010313881852371,-0.4689312882535212
rhodopirellula,4.492367075649042,7.345793307692308,-1.0739915431848794,2.21272434383326,0.6823486881351688,121340,6.138494514128215,237904,64.9901924305245,102085,143.37542416047904,117759,104.35427191464764,135099,29.62192623097996,56394,285.8195745047005,141632,12.676699192603644,87888,2.574899681507657,23322,0.3578661528810476,758,1.103892539758161,59,255218,0.0375418425561278,0.0597903293379717,0.0499755751183947,0.0391682958078376,0.0506013914503332,0.0224374312131194,14551,14551,14551,14551,14551,14551,10.733676970817095,14.261795224212776,33.88050533170516,11.639817150214578,6.073919845737842,7.057649140969852,44.63655420559243,0.0739509048972952,1.0982757241407757,1.569820345061239,2.829316505305482,0.8906090179657868,0.1737427951148707,0.2677053582715307,0.1224946026597833,0.0364796639268755,2552.0,2554.0,2382.0,2558.0,2525.0,2420.0,2558.0,1826.0,-0.2269607825533942,-0.5353529195831693
nevskia,6.68246153959976,4.19007275,-0.5021298137868585,0.2793376443730989,0.7706395824697465,201093,5.858389988394453,285250,167.9383791031296,83395,187.96589184552863,117568,115.8594723138818,113118,28.870266421094662,72986,361.3127742927859,118818,24.140832066511667,143220,15.968868375863298,8975,0.2744017390908669,2553,2.811490331796687,254,315269,0.0326094962078711,0.0615800998301886,0.0415081476834443,0.0296201682486498,0.05332179410958,0.0219142925785558,31153,31153,31153,31153,31153,31153,10.983520188940458,14.536655949695312,31.438365657370426,16.37962602971501,16.229797449568924,7.13824719295413,63.07062768013347,0.0221185085084908,1.722357074093812,1.2993049471150924,2.021745961442561,0.8505303175346837,0.0765768376080005,0.290048367999072,0.1242496072786934,0.0162112871835624,1853.0,1852.0,1822.0,1858.0,1822.0,1830.0,1858.0,1310.0,0.247689814447569,-0.3212886370385842
acaryochloris,6.338244675839647,6.153123142857143,-0.5920092478651189,1.482021928527672,0.8583356914301508,986,4.61262624189444,14813,9.39910543946101,10843,75.5608394253968,11827,102.09608905963358,11566,33.086179794068215,1136,167.4506127015271,11488,14.869577951031244,2233,2.82528564176099,59,0.0593691969144233,89,0.0020412414523193,6,16894,0.04006597491149,0.0573270968993045,0.0497511203897746,0.0375228793264196,0.0510844250002715,0.0241039719905508,1413,1413,1413,1413,1413,1413,9.79597748589108,11.146721416180997,32.60681486687805,12.379251778020164,3.436673180181693,5.8411706557391545,38.60928875366189,0.0134612031545503,1.526603311589045,1.0199811438156894,2.412650744936128,0.8710428587915547,0.0116526964372464,0.3891444641872166,0.0835047460261505,,211.0,211.0,186.0,211.0,208.0,186.0,211.0,171.0,-0.5465845467239592,-1.0217176706939066
parvibaculum,10.541325059539762,3.6048599,0.5054689004910115,-0.0791994059956975,1.142849911727749,240450,5.189897304091929,333710,151.11561770916092,56209,217.0213713137984,97998,67.83873977605133,179270,37.30081820859501,150699,296.8537210965384,176617,15.362826497353876,116689,3.6357108520426857,91782,0.1171650850253412,1599,0.0726119798699899,174,356822,0.0324296242304682,0.0596509170035622,0.0395764885826,0.030252303621614,0.053504574423111,0.0236181224520707,24696,24696,24696,24696,24696,24696,10.732222281181745,14.275357615430078,32.15146152910489,14.10751338861933,13.045107718475707,7.023268473180912,67.93656146141929,0.102488369306703,1.8702928927609408,1.0776540381941615,2.345788441344366,0.7957733495852242,0.0237370590869306,0.2913788895052556,0.1397830031966506,0.0005674074545793,1313.0,1312.0,1272.0,1322.0,1278.0,1284.0,1322.0,917.0,0.7592505519991426,0.1730696017787437
enterococcus,18.72240956977061,2.991067992146597,2.641654902227441,-0.4552457285977996,0.7227302530549943,110442,5.692098703175788,128021,107.6855159000234,23593,199.4545945564741,34362,127.24909586955572,26313,29.833088866817405,20252,433.6439953067171,34549,13.124091570497423,86410,85.12099027009185,1080,0.6036700122096254,738,0.1054175371693777,21,142968,0.0349514320149186,0.0573557007111577,0.0424964525529247,0.0329431565270201,0.0557756800347498,0.0219012161150443,12710,12710,12710,12710,12710,12710,9.78559743266506,13.00611832035652,33.3134661063744,10.821377350781228,4.016406488576315,7.563130380510268,36.73059816064679,0.1771169321549413,1.5208877728256789,1.232172353829268,2.227562417577404,0.6189647060733087,0.2081788051293825,0.2801506745663067,0.0920330810978524,0.0360744041858301,403.0,404.0,382.0,407.0,398.0,385.0,407.0,298.0,-0.3185034838297204,-0.3608893233708097
owenweeksia,6.430833635073407,3.887520875,-0.5678330841324059,0.0939759305179625,0.4236036984025267,58778,3.676994570748504,76098,66.46132472998892,18705,127.86148004371474,17126,47.135850801392365,69114,15.507792818186529,53066,142.28455088446307,69731,12.107452141046975,10194,0.8248825654941795,49267,0.4531591182455324,87,0.0018898223650461,7,79215,0.0441255956848806,0.0585172207331407,0.0501107847361733,0.040751228723768,0.0548951369030175,0.022558382397489,3068,3068,3068,3068,3068,3068,10.16165833974333,15.309819750999058,37.534913729470624,10.033890465175157,3.263401178984669,8.034608916113042,41.62332416458938,0.019257114142786,1.3613685877888404,1.520345327506173,2.1650801094260794,0.7432800772641303,0.0269253634778195,0.2549425877548157,0.1073965809160752,,144.0,144.0,131.0,144.0,143.0,132.0,144.0,104.0,0.984388413326236,1.7295365654045438
aneurinibacillus,8.576934336386966,5.013446333333333,-0.0074586899149087,0.7837864717013439,1.0207957551600388,194015,5.998974379177436,212972,148.73764465049672,32081,167.46056790387328,88912,76.34283354063366,54884,41.66637938793394,63569,282.20786465108944,114446,15.637445056160688,83273,3.2345955171544207,23390,0.3192706750993647,1947,2.1951400444700893,83,231866,0.0332425700780387,0.0552556585362847,0.0378631300540629,0.0294271225766378,0.0521286020377541,0.0241446560241995,17912,17912,17912,17912,17912,17912,12.282298452932167,14.787235099585462,34.043737630636016,19.479256520698755,21.576762703333465,7.647480857108512,64.95280506683427,0.1789031138961866,1.792807286139632,1.060690552390814,2.282556341237312,1.0550254753799315,0.1535038148079316,0.3148856380380973,0.0966263063756849,0.0300642169839352,816.0,816.0,821.0,832.0,784.0,825.0,832.0,584.0,-0.6371110668746396,0.277155669875218
novosphingobium,8.463956388901686,4.371478100775193,-0.0369586797538059,0.3904776157323313,0.8610112172240921,979843,5.55690927830438,1243247,146.64749951857576,226622,191.17063326979303,381034,85.48717274867839,359462,39.08880352858427,269164,327.58053461383435,428238,20.50304817136756,381968,7.782035432632571,89806,0.3014225387892587,6870,1.4587627965756549,599,1339849,0.0342755002237817,0.0592735139581509,0.0436437909401612,0.031729479361801,0.0531326614714323,0.024173176669005,100089,100089,100089,100089,100089,100089,10.482050394031544,14.234360491739965,31.691290064676863,13.92668064958869,13.136653038888449,7.211508238490636,51.091841377054806,0.1438398537160606,1.6694617423910298,1.3387767252329303,2.389373774944154,0.8215418062831251,0.1679496791065804,0.2970343697566908,0.1284717774854446,0.0318230642589337,5515.0,5522.0,5438.0,5567.0,5428.0,5475.0,5567.0,4080.0,1.4182593316756584,0.7390441775855546
saccharopolyspora,5.6230683971105,7.469231571428572,-0.7787509388334286,2.2883501455952096,0.84101214454948,66951,5.736053796587593,72232,233.33332498252383,11286,274.3536036420977,22391,71.00981810487043,14113,41.92053332481337,15810,468.4216232755012,24923,24.17653153932524,26016,2.9796253549402327,4044,0.2556810802118655,637,0.0284730271844274,86,78209,0.0346834233357057,0.0565408104964128,0.0434726762682025,0.0314897721310467,0.0520216432980396,0.0252255785904863,8245,8245,8245,8245,8245,8245,10.88307979822734,13.11327951403576,36.47484783807815,16.219526664230425,12.63854365577637,7.203803453112966,37.45058891409856,0.3042875488907548,1.951769430002436,0.946299582842724,2.254807719730654,0.7803107182439284,0.0108700129517777,0.3121043760310482,0.1233306021549341,0.0005773502691896,705.0,708.0,700.0,712.0,681.0,702.0,712.0,497.0,-0.8160495398222803,-0.2707848238891093
brachybacterium,11.156020798556622,3.5855078367346938,0.665973834937385,-0.0910556591208524,0.9277085144088476,260104,5.8969443733069165,285911,161.00635241332816,29446,219.548919907156,50917,109.3384843121156,64139,45.23056087319506,60144,346.4808629549138,80320,15.313181468573788,114900,4.041323240742157,29044,0.2079212729327647,1214,0.1696260198944612,39,301290,0.0369628891634877,0.0587377203107141,0.0453726388073994,0.0345943690559652,0.0530469080432239,0.0253666667289777,16721,16721,16721,16721,16721,16721,8.837210477202946,10.844049171108551,28.960309317113204,10.191361097898522,4.000287413312635,6.7161022331264055,34.71865992408509,0.0185882785310012,1.2192713980783294,0.8701547804811658,2.554438766296045,0.6101325200101773,0.1329708788709964,0.265899552365988,0.080411019537555,0.0287406111151577,471.0,472.0,471.0,475.0,440.0,474.0,475.0,320.0,-0.730269586131551,0.1219489890495042
rhodobium,7.378338479724423,5.150211,-0.3204274274386286,0.8675768399089766,1.2681877316300028,3241,6.9342894209557455,4321,216.8330537604313,374,149.0984122163474,1616,206.1857875129175,1557,28.167354008487266,1732,161.4371685958111,2703,23.54815260994108,786,0.3039222265187511,1130,0.5385255973825441,11,0.0,2,4827,0.0393364915009268,0.0568269227066946,0.0450344970227986,0.0368426660268331,0.0494177374444006,0.021359915193685,584,584,584,584,584,584,9.20077283597529,8.838709872362154,21.58294631019064,9.257484733612774,3.0622820622162537,5.983273944887289,25.18158641492419,0.0126881445053644,0.8226665807180349,0.735828697656168,1.868426196084943,1.2063179078239874,0.0182574185835055,0.3584835454814521,0.0697380534851389,,22.0,22.0,22.0,22.0,21.0,22.0,22.0,14.0,-0.3934581188192834,-0.6521225305174413
chitinimonas,5.104428959875615,4.8977075,-0.9141743419756556,0.7128778101494673,0.7949776938028374,78377,5.908824335453329,112470,273.19611030676305,26335,171.518160444395,44316,56.630046588136814,39670,28.12540352880423,35733,375.4351039319482,44316,17.085121323074997,49319,5.622043005203767,4255,0.2058820055213432,704,0.2683532145851333,28,122158,0.0344266223721859,0.0576633473303831,0.0393487913735581,0.0308472519514166,0.0533764299465778,0.0219169761033302,14164,14164,14164,14164,14164,14164,9.16791896082589,12.21343938187464,22.868174755103787,12.533526372991988,13.354984594376369,5.743672434228577,48.35166037366172,0.0163374645933028,1.0520981571038015,1.3672005521924004,1.7589767744519011,0.781884143349049,0.1314347617913794,0.26654619292417,0.1148329032967497,0.0248883339471863,608.0,608.0,607.0,610.0,603.0,609.0,610.0,536.0,-0.9602520016791452,-1.0837561679393375
methylovirgula,6.978883718446342,3.295656,-0.4247301844022192,-0.2686365556900837,0.7645323938733856,55105,5.449111501429042,118849,102.3752786656838,25401,178.20511945126276,38132,56.796344031738165,51831,69.62552642818137,21483,380.9208703811985,33270,15.45350172887614,62979,15.019140253351903,2525,0.0672772053015253,1912,1.6021515492481664,165,127904,0.0342236615995421,0.0612175183388249,0.0517418474020736,0.0331400662865724,0.0518842888400348,0.0229956598207647,10716,10716,10716,10716,10716,10716,12.49122770562347,13.82354298655364,32.43584728584074,20.82543660580064,24.741149002755616,6.918532772275515,69.4742871398582,0.1146960223900397,1.930388342928042,1.073731972869947,2.164591181720288,1.0839674426230097,0.0984860553982231,0.3302951419647451,0.1079595884924738,0.0208082721465123,1034.0,1039.0,1026.0,1040.0,1011.0,1033.0,1040.0,724.0,-0.8882468087400893,0.1603255778013778
kineococcus,4.337780039849739,4.841186,-1.114356199180235,0.6782492952554081,0.7469371929933424,532974,4.72326597074703,586967,194.34537440706865,62665,220.53448544772723,133940,105.44532052242631,89510,49.52609310501451,82955,371.63145269926656,133851,16.799444174325494,149004,7.860010221263412,8684,0.3458697271032454,1896,0.1625676685632058,233,621735,0.0347252703367147,0.0598929056559271,0.0422584310518941,0.0306234614226832,0.0512074305527998,0.0261217919114969,37520,37520,37520,37520,37520,37520,11.300781331349476,13.914974294359736,33.07874050624292,16.926586534310218,17.948425832547404,7.3438253305647425,43.540633573900834,0.1726078868859051,1.7185429458361992,1.107562342438739,2.104105516485134,0.8670854531312634,0.1978003144050831,0.3205207989106496,0.147207389454653,0.0323797628405185,2715.0,2722.0,2747.0,2773.0,2640.0,2764.0,2773.0,1888.0,-1.111852725099333,-0.0479869147846712
kaistia,6.1795900884782125,5.178337,-0.6334359936967913,0.8848085412953575,0.6275937809644813,54921,5.872125658394344,68060,156.027859337982,9153,174.68848843236617,20255,94.45976646204512,16519,28.553351379617364,11739,336.3989935424617,16270,14.864658594258964,43465,11.162871928679555,1460,0.0999972419479712,1301,0.0756494941493825,30,75173,0.029913100263977,0.0603800074913278,0.0342178417342277,0.0261452129195264,0.0524686091530099,0.0241924231179675,9067,9067,9067,9067,9067,9067,10.65706326453418,13.936791444990408,29.27192971892088,16.949423943125197,19.26884228447545,6.919857060643311,72.27673853227616,0.0206531592832314,1.8444235219774032,0.9896181940913232,2.1240139520423864,0.9321025555405832,0.1304571957135366,0.2693587238047465,0.1058853912771804,0.03329330930449,587.0,589.0,584.0,591.0,574.0,588.0,591.0,417.0,-0.8457181568547093,-0.8992855676238443
acinetobacter,16.95406023088738,3.8928728045780656,2.179916229417223,0.0972548486837226,0.731908134702161,508526,5.800508098573276,610018,159.8640137411038,110492,199.3560226289873,202311,104.98995398190742,149858,33.93507598374286,126546,385.91281342638473,197973,15.132961743006414,231441,7.608441594576493,22488,0.4160696886239876,2610,0.1274700266270268,155,661501,0.0353689814350535,0.0576166992316706,0.0425709209653197,0.0329195523478569,0.0531674636428684,0.0239028513201971,49405,49405,49405,49405,49405,49405,9.114978418540456,13.934502013572228,27.83686391206705,9.738590347480548,6.099938747048426,6.924751643150845,48.82529112647696,0.0779668084579381,1.094220175476894,1.5046833053027469,2.097569700557101,0.5171000192742027,0.2272557910973885,0.2608319298117756,0.1407856998163796,0.0368707778193907,2073.0,2077.0,2038.0,2084.0,2044.0,2054.0,2084.0,1622.0,2.1947681366779865,2.228562222944176
geobacter,10.989146741991608,3.548956157894737,0.622400880368664,-0.1134494447619327,0.7577538655822712,476867,5.925042040404677,591122,164.1630409741707,112576,161.37509250234405,228511,83.70249713224472,134227,33.26909302662824,116499,307.1269856706175,214174,14.744633095592585,191590,15.79804819013228,8992,0.3915270595177269,2777,1.4556800079353915,212,644584,0.03266075021164,0.0583354708534203,0.0402900382272014,0.0296947407060507,0.0531169385679286,0.0237717497795898,55670,55670,55670,55670,55670,55670,11.135935842833346,13.535960993619264,32.607822076692706,16.086952451234122,16.971257478465052,7.510698471448831,42.99688372358556,0.1104345332580734,1.94518240060327,1.269104479808385,2.077715347587935,0.8756894330873999,0.1734917500194301,0.3262643520100358,0.1248022085390074,0.0288429434110907,2086.0,2088.0,2080.0,2102.0,2022.0,2088.0,2102.0,1568.0,0.7420330225590838,0.959584933894916
arthrobacter,9.31972602197083,4.50657024691358,0.1864937376594745,0.4732432959535494,1.0092574449097471,562430,5.505417623016126,621193,134.45073116557091,76460,196.0461145921348,144282,92.31668167617352,180128,38.95425986798681,157131,297.99227282017847,220895,17.058094846455244,182999,4.809159868769359,83428,0.327922672714429,4536,0.0820641768354055,232,663240,0.0354214493734662,0.0598156433439941,0.0432681217311236,0.0319046172464077,0.0525158115899498,0.0266036782467747,50164,50164,50164,50164,50164,50164,11.334428350653564,13.435229020143025,32.993891458173785,17.09283382486646,17.990038694111856,7.085284615674033,53.52941600843118,0.2059515298803787,1.813146723457908,1.0015428399908337,2.322012486531823,0.8754394133876832,0.1461431521033816,0.2958170411206968,0.1247433023711574,0.0302155791685315,2201.0,2211.0,2223.0,2247.0,2128.0,2236.0,2247.0,1533.0,-0.6964176735780293,0.574224755003773
leifsonia,5.701142632921521,4.034279,-0.75836475538462,0.1838889002265995,0.8889823981953467,338041,5.7831590671168485,359352,191.94499307340288,62940,234.95381410729004,116182,124.33911512677184,78034,37.62669629034354,75925,403.21307541915024,128755,16.256790829078223,112495,7.421345044494238,17823,0.1910182024120156,1404,1.551499279832483,170,396417,0.0345141898112935,0.0575166918215424,0.0399322920451021,0.0310648958976398,0.0525694472290655,0.0256289628870028,44581,44581,44581,44581,44581,44581,10.557818467590865,14.83518388340948,32.55042292747538,14.68531517656761,13.859514370230016,7.546415947810713,54.98085414450311,0.1424046004223287,1.7987312977192809,1.1474006071455125,2.021356783628041,0.7259183431194521,0.1177782298448036,0.2955928826637686,0.1559531021722643,0.022050192464613,2001.0,2001.0,2032.0,2049.0,1955.0,2046.0,2049.0,1403.0,-0.8495979779962084,-0.2527579085973988
geodermatophilus,5.6713214037087605,5.46609825,-0.7661514604747837,1.0611086170463222,0.8707436858734262,663329,5.444278694537651,809656,152.40009417167028,170152,197.1112057153308,271063,104.49562769345924,249833,40.146467549085045,183057,319.3475678094159,309108,21.76341045085302,279773,5.603716382470988,58175,0.2972877821209441,2891,0.1254398101359058,347,869023,0.0357425953972114,0.0584390769289902,0.0429453862826042,0.0324227427970608,0.0517060429890647,0.0263775649139635,72858,72858,72858,72858,72858,72858,11.340245582201948,13.427867238914343,32.53180270065668,16.332877186653853,17.261111184178755,7.3640019122262705,48.30925883706096,0.1509710245442972,1.6104066713598029,1.1447882436031591,2.2133507206882754,0.9638215132016756,0.2042221960650586,0.3213387817512507,0.1398210288221252,0.037200828381938,3481.0,3479.0,3523.0,3562.0,3382.0,3541.0,3562.0,2478.0,-1.095980883390416,-0.2821138512909492
bordetella,13.68364881650087,4.16555560321489,1.3259699005906591,0.2643169463624655,1.1627712502051637,17040,6.17367239035131,22314,257.0627339695741,4982,282.5255449071969,9261,109.93577349645338,7288,49.38319078242802,5496,443.8487694025493,13606,15.967149775308782,8204,6.7177467893816605,2417,0.1273680059343794,145,0.1732411613907041,2,25009,0.0326485464455368,0.0541347528000891,0.0465857628333285,0.0298991845521613,0.0509771458243656,0.0245693076429731,2608,2608,2608,2608,2608,2608,7.063132082966351,12.605000956253152,25.605122904380146,8.053005841013457,2.903271633022857,9.318594735114388,31.26792688184004,0.0193806541710428,0.6347087000574133,0.9651993111878292,1.7925585819831025,0.484449812978203,0.4616243698327996,0.3309264772322295,0.0781871213337613,,64.0,64.0,64.0,64.0,63.0,64.0,64.0,41.0,3.0061535023431283,1.548581012065113
dietzia,13.81347180615256,3.5472617375,1.3598683467991914,-0.1144875499409521,0.6284069294455957,92368,5.876367315721022,106780,186.4414815430596,15796,218.87259933654545,32924,59.183294891372185,20493,53.99871449738978,18439,529.2580760603015,29934,11.400052704254868,54758,3.2016950809856275,3822,0.6369020913005261,592,1.1463072999701749,19,119481,0.03416998082532,0.0569842720423092,0.0413788572302376,0.033486132177387,0.0551465708624803,0.0210883398749358,9917,9917,9917,9917,9917,9917,11.146767377540868,14.703833510333585,34.253269254556336,11.158105112125376,8.593386151314323,7.294496877075053,54.1981513513481,0.1152219962257184,1.3155550265138525,1.637730750242101,2.7745655375952167,0.741127117957299,0.1295557729449175,0.272044956955717,0.1254445329630484,0.0219390764829123,938.0,941.0,928.0,942.0,918.0,933.0,942.0,721.0,0.3454730218808644,0.9610444433545996
chthonomonas,6.108163356720812,3.438022,-0.6520864286530775,-0.1814144693794292,0.9863788240879297,350,9.778022444553176,432,172.42639135963006,140,172.44264721362578,253,29.94906959316671,156,20.10011508695748,88,256.09714747987664,272,7.719870342273762,157,,1,0.2533333333333333,9,,1,534,0.0251188814388658,0.0595554786284648,0.0511996635651696,0.0302397661897646,0.0488906498830355,0.0253961568495024,222,222,222,222,222,222,11.205607570571129,9.040393683281604,34.906484756599,14.479420743635604,2.9476562785087217,7.02212620295708,40.84199384871485,0.0233809038890002,2.7745387440375096,0.8168300429638463,1.781430568895367,0.5140092785753371,0.0051639777949432,0.4767536798233142,0.1448901538930672,,27.0,27.0,27.0,27.0,24.0,27.0,27.0,16.0,-0.917250632073181,-1.014497264793634
blastococcus,6.727636567177951,4.459218285714285,-0.4903340351929682,0.4442325992513615,0.9476883487956844,688425,5.298441090016134,730301,173.95628084316178,94379,215.43247582352515,199985,110.80084277817032,173295,39.13753899103085,167731,315.5333765813604,258159,17.678740178603594,188424,3.887317225831114,66126,0.3970647519133298,3254,0.1637759574629606,328,785587,0.0352434864344616,0.0565449379800805,0.0423498347184808,0.0314495423226541,0.0524558223391584,0.0268973185128014,64762,64762,64762,64762,64762,64762,11.298683248067125,13.527062203761576,32.1757189209332,16.3133335706017,17.09256748211608,7.12495263059286,52.61256161217544,0.1417602388592737,1.6801573566436834,1.0601547012227737,2.1991583829982955,0.9160517353921316,0.1567776591869927,0.3107133250719396,0.1202911375635048,0.0330015089264084,3917.0,3922.0,3955.0,4012.0,3825.0,3979.0,4012.0,2820.0,-0.8984581070088448,0.3127095425987208
thalassobaculum,6.317049256521588,5.223958,-0.5975436434567485,0.9127587456951324,1.1514116918878503,186269,5.404760462086184,290070,90.29586944730802,64304,130.03310044757234,82341,53.55370318568964,193649,35.19797111637612,128423,178.51811162609388,173548,11.995377703306064,139715,2.0767987267219343,81409,0.519868233077228,542,0.5347064571481495,174,300344,0.041299834220985,0.0578238142417485,0.0496161739876759,0.0396058083731343,0.0525073760222437,0.0239781959317743,11921,11921,11921,11921,11921,11921,10.0654141163627,11.592347363317623,33.27592050112486,12.814309109812772,12.2508803930966,6.793018214967127,32.31127889526494,0.1333087232758525,1.2765151096661256,1.0748556866821168,2.6000822989871155,0.7938949538557036,0.1780063746031593,0.3168895025194672,0.0896046751395394,0.0337677221318082,767.0,771.0,725.0,771.0,755.0,738.0,771.0,529.0,0.0315444452728134,-0.1980418427842088
sulfuricurvum,13.397101053402892,2.015361375,1.2511486076932077,-1.0530230544665968,0.6349299943658065,133317,5.102536248550998,247951,195.61742571131416,76581,135.7860520253499,107751,90.83920330487786,97085,35.19445065545322,52228,262.0744901038704,97442,12.933276622667249,122088,12.621186111913888,5299,0.2818084331429066,587,0.0958043881503269,77,262348,0.0347395972589027,0.0599608355522895,0.0447221997457047,0.0330018930630306,0.0537429773496465,0.0219888551242582,19302,19302,19302,19302,19302,19302,8.953746747048443,11.722116787227057,24.993162744830304,9.713432652488146,9.50221650315126,6.635382832141599,45.67942034192332,0.0157978908514302,0.959643701940529,1.371981512186969,2.2154048816451497,0.8908488269947926,0.1877972284425313,0.2880044067336006,0.1082841863977094,0.0280045286192859,654.0,654.0,643.0,654.0,652.0,651.0,654.0,519.0,0.4475515639933685,-0.3536184066002181
singulisphaera,2.976849299621781,9.7418435,-1.469712655035466,3.680690688874365,0.8379716594949956,600061,6.126807237701859,639625,154.48670807080538,125612,207.4210483270301,235406,172.06690415062113,150805,36.65912890665258,140547,352.9385323963872,247005,15.047154950648784,195871,8.601424391188024,26547,0.1688828303764737,5746,2.433142137242618,541,704927,0.0340500069175718,0.0597998894284159,0.0410513836228954,0.0304243530031564,0.0523494627970295,0.025722872131881,70468,70468,70468,70468,70468,70468,11.786995811811517,14.781589550322686,35.26420477411137,17.873967646861985,18.353375955964925,7.549304474157303,60.90112879707063,0.172403847226664,1.9865923663451368,1.0966488156272227,2.191638642313748,0.8945278886378287,0.0681969344229186,0.3229646158120006,0.1240675954995633,0.0139871581838272,4021.0,4030.0,4058.0,4116.0,3923.0,4089.0,4116.0,2834.0,-0.7988290254697376,-1.4598283677636157
nannocystis,2.530713431720171,10.27378275,-1.5862044471312624,4.00658908579164,0.9530340318749796,303969,6.173882871006007,360590,147.46844625838358,65025,213.4010433246124,104607,78.8149930854243,105058,39.757029275783424,85285,321.47690124890323,130707,16.844660041392626,118595,13.127468087116032,32660,0.1873261507852132,1362,0.222979381111062,120,394139,0.0346717178464409,0.0588297929545538,0.0418557988749616,0.0308852783215087,0.0518478048466403,0.0263705645003894,34308,34308,34308,34308,34308,34308,10.33944136893629,14.304706770013391,32.0809176734051,14.272004820803376,13.875943722763452,7.341071210631155,41.54999496789657,0.2004647411300552,1.6029707886147688,1.2642377940046483,2.220668086583593,0.724926184688886,0.0129267398868151,0.3107248373508279,0.1104781723134772,0.0005256931389634,1167.0,1170.0,1179.0,1191.0,1127.0,1185.0,1191.0,923.0,-1.064406319311536,-1.6133874978004783
lewinella,3.0982454544866376,5.4869765,-1.4380145633750467,1.073899905159463,0.9377411583131549,16483,5.416908060860524,114179,31.500571646011466,36160,113.93157240936584,50153,70.8740208267913,71093,74.27431147350066,17943,255.9592133666132,44921,14.34663031743977,59142,4.218486300747906,649,0.4266784683559497,200,0.001,25,120362,0.0378136556458068,0.0581082676220911,0.0491263647452822,0.038454752356835,0.0516980795251355,0.0225850457552413,6124,6124,6124,6124,6124,6124,11.162158411931712,12.947758632494716,32.81184676915551,15.565198032236044,15.330477477386502,6.498969973343686,39.35616748310579,0.2345734837121167,1.745026850680344,1.219734632639188,2.5578611635866206,1.0338484686461515,0.1914451331268801,0.2944879503384559,0.1076805793253665,0.0440958551844098,475.0,477.0,442.0,478.0,475.0,457.0,478.0,336.0,-0.747277181104595,-1.418313129660914
methylovorus,6.778136127793172,2.9506636666666664,-0.4771479527921362,-0.4799998803217664,0.9872499899305262,134245,4.214913171707735,152072,108.9120266698678,31693,161.11461910979358,44555,48.84398118972148,58332,38.9294618695232,52559,233.2956080016843,75268,14.018101912623717,47593,4.1096372966076204,26327,0.1293529101323865,455,0.0794380257624586,27,168387,0.0328757007829137,0.0559436711303228,0.0424297113960372,0.0297572514897722,0.0519075631968764,0.0252969322203516,12434,12434,12434,12434,12434,12434,10.432590951522608,16.26117201748452,29.50716863904021,13.417061355895337,13.235030324867433,7.295496653900954,42.65993278671056,0.0195377699719609,1.3970606837542523,1.3857799098828776,2.186734232123728,0.7894242642707373,0.026406512862713,0.3307917526245499,0.0917405703475411,0.0,310.0,311.0,309.0,311.0,302.0,310.0,311.0,224.0,2.844433887102394,0.4241230752979333
pseudofulvimonas,6.265603488688023,3.511234,-0.6109767926874173,-0.1365603371921399,1.0655576300742298,26442,5.979017930413475,30888,107.29364488718518,7072,133.21165489807842,11926,39.43008395896393,16737,32.66502387958466,12889,202.06141511427552,19115,14.550369642033404,14247,5.120116286643507,7029,0.0457375987097627,176,0.1357445815808919,8,34008,0.0347978927856003,0.0549586783659215,0.0408105113411309,0.0323504384185036,0.0532226561369054,0.0262874140930283,3287,3287,3287,3287,3287,3287,10.044691616727397,11.022305525448576,31.906073457010663,10.781278295241917,2.77062253047022,9.01314186855566,26.474884187728247,0.0191862514550904,1.9717825400730031,0.9065497316900384,2.294772215604437,0.8504647677133159,0.0114287087903833,0.456243884916219,0.1294247618056797,0.0,68.0,69.0,69.0,69.0,64.0,69.0,69.0,49.0,0.0548725939419522,-0.1546730377580374
halorhodospira,11.902938676853466,2.7724246,0.8610036643040264,-0.5891999931066342,0.7779209645924483,2747,5.899423954688916,11896,156.85610078161986,2617,121.30577228268474,4465,35.41730543811661,7941,109.46287296608352,2567,244.17464602951327,3300,14.505574746204031,8810,77.40234565124334,27,0.0745670898889988,38,0.1732050807568877,3,12429,0.0452308030547367,0.0595402346940627,0.0536539567818403,0.0399547687973332,0.0505745307950094,0.0233333874184745,721,721,721,721,721,721,11.00986681748284,13.702901741201837,30.68353556614214,7.410817616291436,5.191512113975719,8.948368363616229,40.24486142314,0.0308760964717584,1.849756495526353,1.3212851454110393,1.1363238336137764,0.6516551982102938,0.01092906420717,0.4044579606528766,0.1089798322197513,,32.0,32.0,32.0,32.0,29.0,32.0,32.0,16.0,-0.5710352709827021,-0.605877052988271
propionibacterium,10.91302829267148,2.6573742156862745,0.6025253778349601,-0.6596868688402062,0.6860559604666522,17015,5.416779409562862,20047,105.40089933287996,5358,173.46056378820208,7518,39.56904728113409,6943,26.74586508478833,5448,384.6868094335481,6225,11.481228058428496,7973,20.57654408197564,513,0.1970341864412536,105,0.1175894243853278,11,23327,0.0301697752744501,0.0565952574143865,0.0381708101295275,0.0288754105153007,0.0558317680192902,0.018894631263413,2874,2874,2874,2874,2874,2874,11.481716270254994,16.284318256433565,35.32409799609147,9.369506891756142,4.039977975790987,8.142816581112358,48.29875699828789,0.0192672537791374,1.2170573727177636,1.3228509726664326,2.466814198613359,0.6407947716412763,0.0128577002819643,0.2926464066676917,0.0770676357978093,0.0004629100498862,141.0,142.0,136.0,142.0,132.0,136.0,142.0,108.0,-0.8647870719986455,-0.2304623076138037
caenispirillum,8.924340335073282,3.9218585,0.0832534681595996,0.1150132518689374,0.865896915341804,9818,5.346387871930338,23046,23.090241518363,15257,194.41184068700463,17901,67.93766695183785,17275,31.95363894673355,4394,316.8370178564001,18358,11.063578089344595,8303,2.331936920360773,1358,0.7672818989216871,331,,1,26742,0.0450762085998755,0.0552342514760625,0.0542884893542872,0.0447845004966525,0.051328916282083,0.024703481143929,1917,1917,1917,1917,1917,1917,12.602702129913643,15.967769953269956,40.59615493452039,19.811926371623283,25.53330655418024,9.886769021306822,39.94574243815696,0.0186404248285284,1.1830258763398356,1.417920600432779,2.677836348062144,1.040055835208321,0.0221067789924121,0.3411136597258171,0.0845127739669301,,84.0,84.0,84.0,85.0,79.0,85.0,85.0,63.0,0.3732773686314324,0.1160703083483188
actinoallomurus,2.7223218138285783,9.550671,-1.5361730432063327,3.563566766763582,0.7705916337374389,370199,6.007707455332475,408644,185.4060646229909,61204,224.9767270880252,107638,139.1977943714586,69907,43.032739028469,71699,424.9047338672625,108653,14.471812178937384,128544,8.288466224320908,9585,0.2046649191133777,1992,1.678259643285406,300,443106,0.0344687185903279,0.0603299020687227,0.0390655661703171,0.0308982401309828,0.052224055747221,0.026360247652097,41952,41952,41952,41952,41952,41952,11.365106054357389,13.739824470397783,33.419591324535865,16.75076265506601,17.529461258537776,7.418015593869347,52.65937522642274,0.1337144267982175,1.742499327931173,1.1060311631280335,2.167419203935469,0.8707303374156122,0.0790846274982182,0.3152669609744403,0.1269403544257179,0.015137563464223,3060.0,3063.0,3061.0,3098.0,2928.0,3078.0,3098.0,2125.0,-1.3469714716497698,-0.9280602838818212
williamsia,7.011988576444463,5.84712875,-0.4160860817582944,1.2945511184721674,0.829146320530326,364227,4.467766015746575,457087,93.81997591423804,83590,173.91481388256227,135396,66.02650898634614,138781,45.4644815284988,76664,317.9397614754633,132742,15.47489377491956,179932,4.484033355084,17820,0.2393034391272946,1784,0.0846096087040612,161,496616,0.0316420201810753,0.0598545227807976,0.0385421176672907,0.0295438137497276,0.0526136134228554,0.0249922453637533,37118,37118,37118,37118,37118,37118,11.417817913610737,14.90413717952286,33.06630113318765,16.7542404571017,17.522834027390136,7.30238459545658,54.048235229555424,0.1721943883935223,1.6941937921889758,1.1426628017692513,2.361661722008394,0.8913397086225441,0.1989101170114646,0.3141200240686252,0.1299737052157642,0.0303169695726303,1419.0,1425.0,1440.0,1455.0,1375.0,1451.0,1455.0,947.0,-0.4832770154116944,0.6594295547968311
alicyclobacillus,9.489053552615706,3.266922230769231,0.2307073257503736,-0.2862406135401081,0.7567922215602924,104229,8.16753864898047,128868,148.25143853788967,22298,176.86750237075046,60012,163.75456063323614,34673,45.86626499384235,46248,350.72143498968984,62717,13.662036182130828,62126,9.864804127177695,8854,0.1240747812399262,3900,1.8639325306231065,115,145690,0.0320581902038752,0.0588988573071992,0.0379515817236268,0.028972337227589,0.0539095328971387,0.0220665630355658,18133,18133,18133,18133,18133,18133,11.547880045048114,13.81120727550003,31.450330776542742,16.868587692744946,18.59470850648795,7.191244821909747,66.90584616662751,0.1361142988236747,1.6140346503599496,0.977966581136072,2.321689937942152,0.975050082772578,0.1406376866224528,0.3147872514136911,0.0932934437198375,0.0314729244517406,1439.0,1443.0,1421.0,1445.0,1395.0,1434.0,1445.0,1019.0,-1.0234021638071835,0.5595134319783505
knoellia,7.857919829011664,3.563284,-0.1952025915675264,-0.1046713356575772,0.7286413202637624,124563,3.8749841163874574,130385,151.44205863997257,9333,161.31300266506992,30207,80.93135842836823,16295,45.150895591418326,24323,250.84534102868253,32153,18.410357228146665,29901,1.3486246894163,4936,0.4914303259638831,706,2.989665206762811,47,140252,0.0324610985862068,0.0569710881639188,0.0361985696363142,0.0280775682638914,0.0511115315174007,0.024542789702154,11614,11614,11614,11614,11614,11614,9.515848642633063,12.410114733448234,30.04861551606116,11.66741732783607,11.296372075659896,7.447907889251929,38.11446389699064,0.1705386429473324,1.204490495988148,1.1516814730892009,2.0019043404520205,0.7191350809716994,0.0141026816775581,0.3356970017694693,0.0933872829167059,0.0004524139283588,448.0,452.0,450.0,456.0,439.0,453.0,456.0,321.0,-0.9408532266058371,-0.3569256391974729
magnetospirillum,10.343752105673625,3.9637454166666655,0.4538800704474192,0.1406757292918275,0.87828949533218,170746,4.929868532816985,307655,111.85233035311876,52583,169.75408680131926,98294,152.58128775852026,77481,44.55807196343387,61579,297.66893859353223,103335,17.281351554360963,96724,11.94061162220676,14701,0.4466043452775618,1155,0.0708499078902344,177,331543,0.0337877134529564,0.0578374819823396,0.0422802505526396,0.030408909945189,0.0527255483268629,0.0232910591430145,23393,23393,23393,23393,23393,23393,9.884504660593656,12.175070512104655,29.507716881434742,13.994623939023384,14.303083499807943,6.784830514490415,42.11431621423779,0.1093500322671098,1.774279981648413,1.250986957756493,1.8536139560929363,0.7882578604246996,0.1388336575227811,0.2911092332944539,0.1277774183350923,0.0280847578445748,1059.0,1059.0,1049.0,1068.0,1031.0,1059.0,1068.0,797.0,0.4301929147952598,0.1552264400351473
caldilinea,8.306759905841954,5.417274666666667,-0.0780046958674961,1.031196314955265,0.8793211792685813,930,6.064502255047772,1080,50.67503855623339,148,115.50062335538804,558,44.30689182796404,176,20.878399836141973,150,107.54563982009093,542,9.52655742833706,645,0.0,4,0.0718524723149995,36,0.0,4,1388,0.0356808970011354,0.0564261625607551,0.0432474142644394,0.0339981145862284,0.0503504943026005,0.0274939987717387,307,307,307,307,307,307,12.386515621060235,20.04376667239924,33.78825846734942,7.2033782138874045,3.279090711986464,10.329097560302952,44.51740985524405,0.008738628975053,0.7341291469459609,1.695139587107864,1.9381123987864248,0.7654331314934564,0.005,0.3726490753152802,0.0423418842853641,,14.0,14.0,13.0,14.0,13.0,13.0,14.0,11.0,-0.9596502764508698,-0.6252558327361482
aquicella,4.656340713762708,2.577131,-1.0311759250410788,-0.7088487521861786,1.0268685874506966,144454,6.248456913755051,170054,134.40180049638832,28457,223.9463573856642,45609,110.90602938021937,39870,33.9773295844074,33837,394.5087309570321,55150,14.47294904105076,67693,16.522561358765582,6070,0.1378088810010354,1138,0.1903881877603578,96,190760,0.0331113092760898,0.060173631745833,0.0415605145320775,0.0298316708421503,0.0525837397026721,0.0257447045627971,20939,20939,20939,20939,20939,20939,11.699298422387791,14.653043625460311,33.81355340797811,17.2667089866147,18.9695189448462,7.568089853182102,61.98792160716075,0.169560354516427,2.084294850378599,1.1354116952275677,2.3065654543668823,0.8992411995380682,0.1104764145457063,0.3222013306428178,0.1074401594702911,0.02,891.0,893.0,885.0,903.0,868.0,896.0,903.0,649.0,-0.6929644519281937,-0.6532572631396647
azoarcus,9.791414316761228,4.902254,0.3096575958562828,0.7156632730788984,0.9009207919839362,186628,5.3130055695554885,251071,111.44455122251624,75595,150.94195793204835,102725,60.92989478986198,119050,50.16101919152568,57177,297.9688076954925,114795,14.429230955222236,134544,6.797409937995895,10051,0.2756317722138202,1074,1.154125403477665,48,268526,0.035807512344501,0.0540960616427073,0.0395451772427524,0.0321675863468246,0.0511277825921593,0.0249741478999,20035,20035,20035,20035,20035,20035,10.326442274251326,14.355718377725196,28.007711293851173,14.473531955042231,16.87894633078531,7.261270905886142,45.8057209242622,0.1501794242584101,1.1686562657738448,1.385570050108374,2.118101280489781,0.8027184521397437,0.2142134703806012,0.3105040808558049,0.1002755489670931,0.0321800490297257,560.0,560.0,558.0,561.0,558.0,560.0,561.0,414.0,1.1580931772470684,0.6848997704037548
actinokineospora,3.929231771778946,7.3805776,-1.2210333872957095,2.2340353207934647,0.7592275200130056,51379,7.712732994528517,51939,140.03375096910852,6113,178.28063515592092,15498,120.4978510331035,6432,31.8410790700991,10975,312.2293048879397,15547,15.44518230824222,12901,4.236964102937855,743,0.2755957812256186,512,0.0047063482259963,28,56248,0.0357508791137665,0.0637451484270452,0.0462357851959872,0.0319450706713155,0.0511340765481306,0.0271613336722033,6200,6200,6200,6200,6200,6200,11.859427132463663,11.18462307336699,36.10129626335839,19.769535332203933,19.17820050472225,6.428660801928825,31.33841799974988,0.2140806167780121,1.975554013172248,0.9464252141425612,2.4668974955819016,0.9113871195700356,0.0127580110345438,0.3003419817194183,0.1491586597793714,0.0007559289460184,296.0,297.0,291.0,298.0,282.0,292.0,298.0,204.0,-1.2498436018502392,-0.3747958642369858
planifilum,8.426171188382453,3.204302333333333,-0.0468248798060177,-0.3246053782937587,1.0276927948628587,271136,4.950732166871604,287688,112.80393653907458,78421,179.67173825857313,116337,55.6139596900586,131947,34.474093799501205,109912,290.7224454501109,183299,15.442547881580431,124761,2.743961461608205,58398,0.2717286096661984,1243,0.1567889360114809,49,310836,0.0328570504383743,0.0547560158305547,0.035567944255783,0.0292207787530618,0.0526838954414553,0.0248674659877356,22505,22505,22505,22505,22505,22505,11.21210732034748,12.91801720949818,32.004198532868905,15.1327709968168,17.28122439823866,8.332500284407033,33.80294198928355,0.1756606886040432,1.2645580599848485,1.1682864696497883,2.50946860460623,0.8862178377775403,0.015927619108658,0.3347943927836174,0.0790933429266191,0.0004031128874149,384.0,384.0,394.0,398.0,352.0,396.0,398.0,302.0,-0.8682780938234402,0.2246496356176447
dyadobacter,3.3759207846506447,6.516740588235295,-1.365509976412021,1.704796131671912,0.9724084146871188,405975,5.548022053240537,431626,186.84556873035137,51574,245.6291635739281,102047,58.81380440318062,140250,38.36578594203154,145567,325.1747712580514,177601,16.213578824506055,114403,1.73110174219619,83526,0.2569926351854005,2088,0.1649678032253542,111,464911,0.0345720213766798,0.0584943105579233,0.0393989373156498,0.0305301657870745,0.0512364368836307,0.0259408620319754,35170,35170,35170,35170,35170,35170,10.795041375040974,14.889533991363658,30.680432199951568,15.691839435163,16.784452734194154,7.245206147245849,50.76136765465734,0.111236729176868,1.8438312285326743,1.175908800133373,2.1522839848762945,0.8373153554438632,0.0108864243974454,0.3002542231865822,0.1010843508656682,0.00025,1171.0,1175.0,1178.0,1183.0,1125.0,1183.0,1183.0,771.0,-0.4473003327400905,-1.0816538367417057
glycomyces,5.685148672368779,5.45280375,-0.7625409834387815,1.0529635962797277,1.025683508682451,193713,4.6273825449977615,196249,157.35399565854823,31734,275.56004885419816,32766,31.37484822328521,106702,25.902303911467,96368,275.38208201801774,122768,15.808757387503418,65608,0.9100148826456064,76399,0.3741011110030834,611,0.1438789691937378,94,203676,0.0373709030821747,0.0565522115970367,0.0446053961748884,0.0317158249057652,0.0486471270045748,0.0280542417188144,11013,11013,11013,11013,11013,11013,9.99257887259911,10.95507134231882,31.50504708802088,14.85738357225035,13.381299269214274,6.079196594702367,32.411497688871854,0.2123030392047695,1.7980451907350363,0.8406892868820367,2.0868844161460807,0.7032019836749847,0.0109187604999385,0.2590924676610333,0.1225881716430474,0.0007559289460184,642.0,646.0,647.0,655.0,611.0,649.0,655.0,413.0,-0.9536694794853384,-0.3913291797128088
flavisolibacter,3.7088270132366064,4.0444054,-1.278583894117324,0.1900929498930662,0.9994628019083974,682309,5.392277380342779,733019,212.31463862370148,103630,220.6219742828747,194200,73.77868162442023,237623,36.89191982699665,228597,309.9192223056967,310302,16.245257891879948,188305,6.399116892703395,122702,0.3083790759251122,3115,0.1843784232004078,310,790223,0.034973543748153,0.0560074958329333,0.041465400414689,0.0310178375591996,0.0508061652986615,0.0269818966475269,58433,58433,58433,58433,58433,58433,11.625972397451426,15.000204181031055,34.10777702965276,17.508972723022,18.19240955109221,7.63318450873928,50.68733626023815,0.1814853781729439,1.795509322499602,1.1707570507658518,2.22022753142488,0.945776259194867,0.0865113832456922,0.3257724855995057,0.1210848951762384,0.0186978365301735,2459.0,2467.0,2508.0,2539.0,2392.0,2525.0,2539.0,1701.0,-0.4471682398819185,-0.5637925929496733
clostridium,11.236019983781532,4.538973771283355,0.686862647345332,0.4930956694089383,0.7930963155058741,1069623,6.186493279106843,1386501,124.43850623692624,304283,166.66316025329016,553989,113.73169142119922,368699,34.096004775872395,314395,341.3752159776103,546448,18.5196186488834,537947,9.544292007729704,48667,0.2794181417307414,8844,2.130008591745225,550,1504611,0.0343590356393928,0.059613818864776,0.0433821286052483,0.0322300501005255,0.0533242325494677,0.0240896117395864,116084,116084,116084,116084,116084,116084,10.595857120672786,13.318253473323487,32.12317588928153,14.529562611621548,13.278205092679151,7.203646956760141,47.66157489764256,0.1167663070011773,1.7737739536393338,1.1883475185287022,2.382463531266456,0.89180929292751,0.2056727122339106,0.3130142525831205,0.1282987709699731,0.0373775738905985,4871.0,4872.0,4833.0,4903.0,4735.0,4865.0,4903.0,3499.0,-0.7676574141402623,-0.92345934422348
edaphobacter,4.355446827764746,5.0511465,-1.1097431744654205,0.8068838909652554,0.8953737039609926,408369,6.073657214521663,431154,150.67094333280014,73376,207.8753318916346,131762,197.39892136024204,94736,31.38187274156567,115338,368.34300452906064,139561,14.484858948163232,140310,9.723079429089005,22565,0.1214622974080272,5234,2.847515226100336,390,482752,0.0316116239548958,0.0622406486215812,0.0406723655337087,0.0292601709445491,0.053204531089135,0.0252965560545604,56081,56081,56081,56081,56081,56081,11.490892243548815,14.54307378401725,33.94916969843193,17.10296684077234,17.248012636130547,7.488976148543207,56.9369524487454,0.1324648716392788,1.897499413039152,1.0726190493279144,2.124409452380546,0.8761388149317554,0.1506677710850815,0.3247678364256586,0.1307996683310355,0.0317884670885375,3151.0,3152.0,3129.0,3179.0,3039.0,3147.0,3179.0,2172.0,-0.2176863869995729,-0.2557857091357812
rubrobacter,8.401713529474335,3.3326535,-0.0532110879584245,-0.2459696328413808,0.7493735716012928,198462,7.707721733925855,212190,234.07525992061085,50699,254.6381095893248,84953,168.5071477679828,55314,40.56385949627235,55296,453.2338351704125,87734,20.060313851834334,64826,42.5186880615951,7325,0.362247355083328,1232,0.1103117936813722,194,231128,0.0422170174640674,0.0554059247919425,0.0503639252337045,0.0371374734074906,0.0469444410820784,0.0292505724729077,21442,21442,21442,21442,21442,21442,11.484487311171891,13.616088776467144,35.472846271880165,17.34536966352814,16.83412703649825,7.520232175722582,44.84489978787004,0.1736987811273525,1.7941752613773554,1.0195095665991405,2.345132386245719,0.8510513745249734,0.0145680143763189,0.3153619271479531,0.1148932086165054,0.0005205235263972,1710.0,1718.0,1750.0,1788.0,1688.0,1763.0,1788.0,1240.0,-0.896022514828895,0.8790014589043255
nocardia,6.488347152576545,7.397877898832684,-0.5528155677081242,2.2446345380081403,0.975907438028738,568786,5.848311678617408,601886,140.5403043221777,99979,189.4167481406615,191595,110.96835749066932,175458,36.05514015406567,176816,304.1866422207178,261336,15.806010490996677,173916,3.407661429853886,75607,0.2222286056609229,4423,1.787111385961431,257,655627,0.0343135087395338,0.0578207043022665,0.0401042208638395,0.0307254024509781,0.0516786745857174,0.0252317913291169,57426,57426,57426,57426,57426,57426,11.346552115720558,14.124549782092378,33.64784391141688,16.576455308009233,16.678407845467277,7.492814735475335,47.53511127047142,0.1456456067758485,1.8605062440484847,1.076121081505464,2.205201733200144,0.8853284994666111,0.1254087965195671,0.3233094103112859,0.1517383557341121,0.0214861107061403,2540.0,2541.0,2568.0,2599.0,2477.0,2582.0,2599.0,1782.0,-0.8695683568569618,-0.4582479033218246
pelomonas,5.757982455591971,4.8628144,-0.7435231493141835,0.6915001709670342,0.7677613781559909,158057,5.787145074114847,192428,74.16679230250963,64615,157.29667842944076,84192,63.69895397863396,76806,28.5929383878386,25107,260.48239429744064,80154,11.969369876141236,95324,29.2360645196254,3741,0.4321461325599873,1873,0.3398328741232112,237,218641,0.0349852789209231,0.0594936699255137,0.0427619211983663,0.0323765255464995,0.0529110218399972,0.025037653645053,24827,24827,24827,24827,24827,24827,11.17305570253898,14.926210544756996,33.69239818333454,15.76629521514016,15.126142310246342,7.090872090743167,56.16688935580177,0.1254135462307177,1.794856911956226,1.4654594121007365,2.3054140157896,0.8169261705483293,0.0889290680526878,0.2928729458804555,0.1238508870393509,0.0220616269711774,2391.0,2398.0,2354.0,2408.0,2356.0,2371.0,2408.0,1807.0,0.7056787412836467,0.3251789135440874
coprococcus,7.256075831504806,2.7563107751937985,-0.3523517716176134,-0.5990723040379047,0.6775094866090017,47621,6.177884515554507,54835,94.01686240028886,17355,109.69011369648103,31726,39.67640334114986,19906,24.055927304168144,15592,390.87626503506334,24700,13.628810794639897,31291,16.961878100449308,691,0.4335085407278186,181,0.2987608286360056,11,64267,0.0333680613131232,0.0587027190484303,0.0398887813163324,0.0319075306062523,0.0562024259504885,0.0209508829094031,8022,8022,8022,8022,8022,8022,10.249754929559668,12.459557487365366,27.720771423680542,11.930075861739857,13.51535745406786,7.197728124806631,36.181817696707725,0.0198445753624193,1.282513925604766,1.3310162058150774,2.0270663466949843,0.5575869734277572,0.0123001454082961,0.2526913278014154,0.0842701444618867,0.0003415650255319,304.0,304.0,299.0,305.0,303.0,302.0,305.0,251.0,-0.7511913698780602,-1.0168093579714754
lysobacter,5.098670324812934,5.295498292682927,-0.9156779953842744,0.9565886881187432,0.9510830659654316,1144594,5.925153722588118,1296806,157.61233638748544,238970,189.4302024577954,439299,77.47320626526268,412201,36.35234012355642,369155,313.0888207712608,561042,19.979437382798203,424575,7.93093932100384,150459,0.3032058857480421,6022,1.400442283723328,421,1397487,0.0349332297643677,0.0576741767465679,0.0412022496482783,0.031736481611446,0.052662741976129,0.025558524317534,99645,99645,99645,99645,99645,99645,10.427798390146142,14.559509996170927,32.26436861349592,14.475052926813468,13.725004462466142,7.382560899160405,54.377394632720325,0.1577241620459848,1.625304320336921,1.2966286312099615,2.1584543795687505,0.7957734854731372,0.1379611275310431,0.3044160296807945,0.1335964025582548,0.0265528707497879,3527.0,3532.0,3575.0,3618.0,3477.0,3597.0,3618.0,2631.0,-0.5603746897771763,-0.4577074512317226
agrobacterium,11.042533959974376,5.433535474509804,0.6363409671119098,1.0411586766510006,0.8403238943734842,494561,5.291289235103606,558901,120.45412356449296,64972,184.63912304318828,130590,89.68084613628199,128650,34.84403517258894,116341,325.0379372474835,149591,16.22175215400415,159769,5.050315444397021,35908,0.3342280169487621,3944,0.3379174398258083,296,609704,0.0336045794537959,0.0612214440049685,0.0404534442362668,0.0304420750319479,0.052635907606561,0.0247701351862902,51955,51955,51955,51955,51955,51955,10.717771453532515,14.34824433308911,32.2112983983237,16.116083480760924,16.79391589577066,7.161717284797733,51.57095068937189,0.1278654956942187,1.7965387697776958,1.1544912790650543,2.2186401270963265,0.8027481314782283,0.1824170769315563,0.2871132787290326,0.1242940304697122,0.0364519423574847,2514.0,2522.0,2511.0,2541.0,2459.0,2525.0,2541.0,1743.0,1.0365771469681857,0.0182433715173734
rhodovastum,4.407278537868818,7.2607165,-1.0962092507622834,2.160601107501738,0.6958883357000254,101747,7.116393488888932,109449,151.52972290982623,22738,228.37582479259203,36752,302.7552845402331,26907,28.987129322802,29504,487.6015807739474,36604,16.101522611652182,47230,22.98431009380056,2549,0.1524704717167829,924,3.338798459186997,142,130039,0.0311790000146959,0.0619549164337908,0.0411282114150729,0.0291297223475394,0.0526373655441554,0.0240264058185565,23806,23806,23806,23806,23806,23806,12.090848425327348,14.316078949346029,33.782645735977106,18.94331690012379,20.815850803700133,7.458973354138849,64.2229705518753,0.0882485551854396,2.211014869103149,1.0978035978861858,2.0847916610693,0.9556653887447374,0.0122665680945737,0.3162514180335605,0.16566966367636,0.0007344991261521,1863.0,1865.0,1844.0,1873.0,1807.0,1858.0,1873.0,1287.0,-0.6349005745266717,-0.3890546583531883
actinoplanes,4.713156367943342,9.759913826086954,-1.016340629673039,3.691761671704661,0.986460075219129,297346,5.109409166922269,303249,158.60948603301196,38409,243.51111481968204,55596,67.9727245119734,93064,35.09450523210181,88803,323.4396936642501,115817,17.225339369995595,79552,2.500860452847881,54455,0.2023610933081482,1428,0.0192451725917088,139,327947,0.034760712881411,0.0572839708546492,0.0395015211966492,0.0303900089786287,0.0501131228329297,0.0282480380735993,24224,24224,24224,24224,24224,24224,11.719719803722846,13.769492827684708,34.30324835425424,18.079162365842866,19.756164036982096,7.535609322933809,53.568763595517936,0.1631391299548963,1.9688304835507024,1.0939773620874431,2.0669892186700696,0.8682676124838805,0.0820879345850588,0.3084721583077994,0.1404566194737978,0.0141272496853941,1537.0,1540.0,1540.0,1555.0,1472.0,1552.0,1555.0,1061.0,-1.2338970572900902,-1.0165860025893592
roseomonas,8.078429315604412,4.951457571428572,-0.137624738909918,0.745808379030708,0.839642316403236,1105645,5.076746432951911,1487008,154.86648331902526,273588,186.7009807412347,512310,119.57733100739505,370684,36.06000647777672,303548,349.7589490564009,544701,19.67507918715337,504992,9.023764548360724,72416,0.3129483710744274,6558,0.2407054467316705,499,1579818,0.0345464730830334,0.0575593485096477,0.0428971059216106,0.0315347702026356,0.0526911809514518,0.0248902929763194,100042,100042,100042,100042,100042,100042,10.48809679308335,14.41619886917882,31.258380868172075,14.222390201536808,13.88615483970893,7.247375576856966,56.60653738156222,0.136875046181444,1.68370482931325,1.3187214677348815,2.1174952022233064,0.8097676742714706,0.1849300479444876,0.2991497414691977,0.1330847262516597,0.0337404858354458,4000.0,4010.0,4024.0,4082.0,3941.0,4053.0,4082.0,3013.0,1.441593940126811,1.408127872633974
gemmatimonas,7.884868306929538,3.804756,-0.1881659986531916,0.0432691250254956,0.7373438610107345,326686,6.127973940755739,430522,131.27257262450544,100345,201.04119709424268,151200,85.95946197522426,129217,48.54903910013376,67281,357.3815814759613,143272,24.44013238508141,166647,15.484710133822524,8142,0.1972375446896735,3122,0.1327981314988467,333,471626,0.0326534651408897,0.0608329629338173,0.0398176099033477,0.0297028149542117,0.052861932787372,0.023966362344835,46440,46440,46440,46440,46440,46440,10.168459532054891,14.558693205883504,31.87797709935569,13.097794074031231,11.49545208253876,7.187250243246764,65.24766663084986,0.1647502333889912,1.647491713355408,1.3575189467963549,2.004390573458962,0.7676342211610255,0.0144290809111587,0.2922121981778682,0.124828489489337,0.0004787135538781,2157.0,2163.0,2197.0,2230.0,2132.0,2211.0,2230.0,1712.0,0.0291964518408798,1.1147791783174583
azospira,11.509810075467458,3.3015314545454544,0.7583527487545285,-0.2650368942296371,0.7465812897725262,221267,5.271204254133806,327278,186.1009152800953,75743,175.2793095462179,121975,65.85571757318843,101167,35.96873116287715,78106,354.87010962189,123960,16.141090640627034,124456,11.16176522963412,9324,0.2600878759302648,1415,0.0947386832838831,80,356708,0.0313685101787452,0.0569932953127218,0.0380268859343751,0.0290259789569119,0.0537880449397288,0.0219329719828916,32791,32791,32791,32791,32791,32791,8.990165758969434,12.519386238813508,24.253601900709835,10.90281640939736,11.103208053171087,6.617601793287464,47.39719675305591,0.088393689853986,0.9888367497220228,1.4210938021821204,1.5666430975248378,0.6768648592935724,0.0942302659407209,0.2803190141239021,0.1144829087092662,0.0175519677694737,1388.0,1390.0,1380.0,1391.0,1365.0,1383.0,1391.0,1217.0,2.373309581322438,2.4085125408672763
actinopolymorpha,3.654584464244496,6.840723,-1.292747318747707,1.9032874981644392,0.8552117811465728,71415,6.290196839532248,78827,193.3119933733022,14041,240.0533051337981,32418,150.7952280685776,22076,36.98743463166373,29013,388.9189087940797,38175,17.690779377450113,26760,2.247599288024668,8464,0.2006321405092657,783,2.3396534304360017,73,87006,0.038486600636077,0.0571223714918884,0.0438774321288401,0.0347072199349329,0.0505527380486301,0.02454784637094,11946,11946,11946,11946,11946,11946,10.63379235542979,13.095707011605912,33.38892326994018,14.676289520696876,12.606721182932606,7.032500271041698,52.20334464928597,0.2460556206207831,1.957963553281554,1.0328176702409766,2.020985293369676,0.7587289738211322,0.0103435068433003,0.3270382490771961,0.1291514097439564,0.0005773502691896,707.0,709.0,704.0,715.0,667.0,711.0,715.0,459.0,-1.138744367264821,-1.1900766751009886
duganella,6.43561398573005,6.8369545,-0.5665848733183821,1.9009786854404624,0.7559300104668162,57554,6.028620374033388,71042,109.13702860500784,11184,182.1213747515501,19785,72.95143577210044,15392,30.22552338377412,15096,371.2792889329337,18642,17.74190075904454,19753,14.471466363444708,1702,0.1091127157435724,1472,0.064121049684929,87,80311,0.0321686105298945,0.0687131945306545,0.0378381275685706,0.0284145444651909,0.0524285195977839,0.024059005970263,10873,10873,10873,10873,10873,10873,11.361475989370128,14.171050198602524,33.107488977681086,16.387455781030777,18.031343880903,7.197936030714831,61.141672184520566,0.1562951501346524,2.219355775857697,1.0768548371542712,2.348347499979036,0.8438245955931176,0.020898136767154,0.3111362366148945,0.1325584262651729,0.0006030226891555,514.0,514.0,511.0,516.0,491.0,515.0,516.0,384.0,0.5027446045090253,0.0037365499645193
geobacillus,9.9962726412801,3.401267774509804,0.3631487295353359,-0.203932347440112,0.8046051146157538,95186,6.444556399865699,113569,293.14154424476374,19062,242.16085946289064,34763,114.40593208342732,28473,38.36850647032431,23572,430.66404747012456,40083,16.500741548602726,46281,6.105179121811578,8778,0.6006108054993372,770,0.3629911357281902,29,126783,0.0325282759022868,0.0590382986654028,0.0410523706888639,0.0310128253918031,0.0528424531009342,0.0231993211876966,10149,10149,10149,10149,10149,10149,12.631433492729732,11.234133606991625,35.07896999647633,19.514471126986805,24.71537255155449,8.150997930215821,29.90433705754916,0.2612270254463144,1.6605545421644443,0.9292541374937108,2.747339789374554,1.0016895620326474,0.2155454234312365,0.2739444895108009,0.0907713147155862,0.05,184.0,184.0,168.0,184.0,168.0,169.0,184.0,136.0,0.4311859428146025,1.079245668534234
anaerofustis,6.340569454306653,2.208003571428572,-0.5914022184166213,-0.9349987067714522,0.4569518912384129,11338,4.015226077344027,11648,51.08128001227767,797,184.98776277246225,1515,61.17339883359735,962,25.035279671123213,824,651.6247288654578,1597,9.97198366030566,8522,6.236169147529836,90,0.2396458170865054,17,0.007778174593052,2,12791,0.0457096264270951,0.0572683778497662,0.0488962514528723,0.0420529052655294,0.0547163733134752,0.0229779617129065,822,822,822,822,822,822,8.778166410680356,10.62009244952056,26.03155276064866,8.641524189412742,2.622146482161712,11.751109610377176,34.277944371792934,0.0120909253653505,0.8127708426658444,1.236474594532739,1.9810097437274463,0.1812558403298488,0.005,0.413515134908529,0.0624004345277259,,23.0,23.0,23.0,23.0,23.0,23.0,23.0,21.0,-0.5432238605232613,-1.7217118170411512
leeuwenhoekiella,6.940716057904497,3.8900885405405408,-0.4346962496673507,0.0955490388822767,0.6796297018693422,4823,6.3109206901738135,46527,45.14598820346473,24209,104.0991059280309,28605,32.6562724783358,34537,101.27112955856624,5898,214.56435249183588,28123,14.23855771451068,17617,18.316413797814462,254,0.232091328502074,108,0.102761860629321,15,49416,0.0421372984127535,0.0596445817359901,0.0509510552037669,0.0408017140645687,0.053691188683362,0.0242293259501326,2650,2650,2650,2650,2650,2650,11.66132536132625,13.325927435170696,33.69076762118253,14.369191799844897,14.197096840385637,6.316636564137819,33.57414719463372,0.0217164796465607,0.6809363072093294,1.46295716233317,2.8831349023123867,0.73800645678072,0.037130474958215,0.2153668553051113,0.0903003100149341,0.0,269.0,270.0,249.0,271.0,268.0,255.0,271.0,184.0,0.0219638721731074,0.7257749846632716
sorangium,1.6337113616626826,14.6904775,-1.820423182213286,6.712525409719507,0.9391617059282926,438697,5.104028863688298,484674,194.1145293688295,60106,220.79866902441,135919,74.16800841968927,92547,37.75160148885886,95159,343.176770117729,168113,29.16052478124336,122640,6.824269086520582,33079,0.3008632181513909,1849,0.4356983702703986,154,528096,0.0340524804149685,0.0553019915181703,0.038182564542772,0.0297622116745956,0.0504057604544931,0.0274975400156618,44189,44189,44189,44189,44189,44189,11.638845526749222,14.694219420086595,33.31395729404492,16.98143914045702,18.901611219758884,7.583890979788581,48.35676989406682,0.1750888210815585,1.5506836068266066,1.1636212202388567,2.165883676951933,0.9033949817050098,0.1277358120495857,0.320764460305355,0.1280404180486265,0.0241666901243142,1652.0,1655.0,1695.0,1716.0,1617.0,1704.0,1716.0,1219.0,-1.3267792974474673,-1.5897328578122012
gillisia,5.523606051060214,3.9829053333333335,-0.8047218319426224,0.152414261702691,0.5056440087200629,55683,4.080176940391759,80311,69.06025684071916,18768,170.0794005920534,26727,151.58035209712895,34211,60.47817185587088,17978,379.9854356501216,26408,16.04252978578488,36887,8.733562153308501,1850,0.1774739969204434,149,0.0018708286933869,25,83972,0.0451796126507819,0.0583331687222566,0.0545121932411652,0.0417834197566016,0.0527989663531973,0.0244777875334256,4257,4257,4257,4257,4257,4257,11.521167367435986,13.776799862578162,41.9383101915597,20.47910720906066,17.780741674907823,6.7823468332502665,38.601163294419926,0.281043648648423,2.0894978662982973,1.3530987161116292,3.21931047090508,0.90171237558698,0.0239436646114518,0.2841257185229255,0.1064343210263639,0.0,338.0,342.0,339.0,343.0,340.0,341.0,343.0,234.0,0.2144148186079092,0.1858841865135939
pontibacter,5.945485046182533,4.877650818181818,-0.6945638201680319,0.7005898647646789,1.058936410487472,155560,5.4460906523279125,173322,156.06584303084404,39474,218.5916542850806,64494,52.98157383224623,70355,41.69842896338274,66221,341.7836183813364,98841,15.96567362719096,66873,6.774854351688733,26602,0.3709759041473484,1036,0.050477931107151,84,186456,0.0396821341096876,0.0505769374182055,0.0456255743171017,0.035266186570259,0.0485166323923665,0.0287900809125412,13710,13710,13710,13710,13710,13710,11.420464679545988,11.499148319079842,33.242953683082376,17.419667602519954,18.51774524752925,7.4640716670338385,32.651577043818875,0.2305920004785832,1.943647019296069,0.9628950584903624,2.476238671846009,0.9089034750632282,0.1363270899376382,0.2801295547769267,0.1045712302559316,0.0353553390593273,474.0,477.0,490.0,494.0,458.0,491.0,494.0,349.0,-0.2951207952934293,-0.1141117154028714
dyella,5.077243919683078,5.1208885,-0.921272704331321,0.8496120897169076,0.8828965522348132,166459,5.168099627621243,175804,110.0528077816397,27797,195.80458721836885,54624,219.94970520187763,43142,30.69456570364182,56235,389.5517623476045,63564,15.039875172221825,53062,5.90349764223473,13988,0.196814914161658,545,0.4479351563929905,125,196733,0.0320931188676025,0.0592793420079654,0.0361918474245826,0.0278902685037228,0.0522780375160798,0.0237644609621887,21282,21282,21282,21282,21282,21282,11.319728064623408,15.442183662377325,32.074059036618536,18.06330283523295,19.53369757087489,7.266808932091948,65.41064802158236,0.0227666466475508,1.942633922480548,1.1110277901188597,1.941580634375404,0.8783806375992229,0.1272012837186791,0.2877442628368525,0.1038879783817077,0.0271318149893328,1257.0,1256.0,1245.0,1259.0,1232.0,1252.0,1259.0,826.0,0.5449752560473924,-0.3050469422787436
rummeliibacillus,11.236460742003295,3.559839785714286,0.6869777349651102,-0.1067814711934561,0.5338277060411293,61843,6.646030253387792,71124,178.57133307573525,8027,175.24643839228682,19185,162.9861935025655,9222,25.937087874371866,15050,330.2796710021653,18324,12.762666265937588,44738,11.811112874840957,638,0.0617127809075036,712,0.9113579365462,30,78560,0.0330082060114949,0.0571596519795056,0.0365805163771846,0.0296079506671075,0.0520254704976015,0.0239666604445203,8084,8084,8084,8084,8084,8084,11.637983609155937,13.795480217474516,35.64134048498738,18.38753827317576,19.15335282112093,7.23022632025829,54.15375974301643,0.2347341910060774,2.1770953906692103,0.9557732656761732,2.254819329420487,0.9662040626361128,0.1709071138820138,0.3011986531181511,0.1163279207058337,0.0374869207960487,757.0,758.0,751.0,758.0,725.0,755.0,758.0,504.0,-0.3638363484668256,0.805189261518348
pseudoxanthomonas,9.148657551779795,3.060558321428572,0.1418255679438877,-0.4126717186629259,0.960098568338024,678615,5.409687127143621,771655,126.93485941843838,179605,190.6504467391412,326232,80.040513182337,270369,36.56184111170402,204414,342.46360124661567,379929,14.746748889111249,312216,8.847780828558502,72299,0.4015289762567366,2528,0.138253339844638,256,830277,0.0350869852122108,0.0570018075286114,0.0413104874095258,0.0319709871232691,0.0520628349206888,0.0258454114666069,54692,54692,54692,54692,54692,54692,10.483826253888909,14.407922597490002,34.48625322227829,14.958209583133144,12.810092167271971,7.723804799593208,38.92793736493069,0.1523448804804243,1.6992428195362344,1.1989643975012965,2.1596786058728115,0.8069563107477948,0.0719609075922481,0.3085705092814756,0.0945818211233181,0.012974371176383,1681.0,1688.0,1723.0,1751.0,1687.0,1735.0,1751.0,1211.0,1.2047471555635705,1.098489404338462
opitutus,6.743419460056134,3.8556106666666654,-0.4862129196133507,0.0744257925254574,1.0546003130900523,625488,5.573069662687783,710773,155.67147882885362,102074,219.2977662016611,170461,125.02267894604742,238834,33.692177388365735,207671,287.83104097125425,294456,15.465483363897802,160999,4.729100484952075,126115,0.2529074609735514,3493,1.3927680176849804,428,769179,0.0345779880712219,0.0592898933493586,0.0432713576258382,0.031168611230786,0.0524475986202822,0.0254259350723171,58840,58840,58840,58840,58840,58840,10.936017106811322,14.379953124970498,33.02075845970679,16.400835466064393,16.054231057676258,7.293467107501924,56.43029902523039,0.1356385240812871,1.888603779498765,1.279669656935798,2.1363348359685954,0.8685964448207527,0.013443319556026,0.3165590205750714,0.1137260256413668,0.0003081876818084,3427.0,3438.0,3403.0,3461.0,3336.0,3435.0,3461.0,2558.0,0.0078572066305272,-1.1316195920527448
rahnella,9.168591687555962,5.453400228070175,0.1470306262400713,1.0533290350903934,0.6482842504305735,7193,4.560163387041276,7438,51.67098166903621,685,122.31697442121596,1108,47.21389668479788,635,22.770781777447127,638,242.82928140054685,794,26.52451294526921,1080,73.9534477386365,30,0.1048889771334428,32,0.0,2,9077,0.036790401281333,0.0639560557895438,0.0403193149446755,0.0340022420607501,0.0532331193941492,0.025870531484849,958,958,958,958,958,958,7.102813829554177,10.768320788077254,24.31623604596398,6.347050765333576,3.117386229375003,6.0880687164488,38.08160591231362,0.0176254485471331,1.8706376721944071,1.23525664062016,1.5680119494275384,0.492110983290156,0.0143372087784043,0.3119979407490465,0.1156445886588557,,79.0,80.0,80.0,80.0,78.0,80.0,80.0,69.0,0.2298892803687731,-0.0253903706947068
variovorax,7.294387988166718,6.991676352112676,-0.3423479765638939,1.995770719627812,0.72509390611313,489204,5.813373186433225,645183,177.38291670315675,84187,204.95384139901603,157319,78.57441702606475,128519,42.911688102960646,107684,376.2519981045437,150108,24.10928494325333,190420,21.90270446570401,17633,0.3112643560440135,5039,1.0666280994763062,418,701421,0.0340517759937873,0.0615703385091295,0.0421620064736136,0.0313981958867545,0.0529955261356035,0.0245463295954246,60975,60975,60975,60975,60975,60975,10.507053037440356,14.033665960469753,31.679033765739145,15.543113028650271,15.43652478496901,6.899350464878233,57.50068663072162,0.1355466287987313,1.8103750245236323,1.2367437121938476,2.0785589926883605,0.7764401958654442,0.1271770743254389,0.279735489751753,0.1115473918722628,0.0262923203827868,3470.0,3481.0,3474.0,3521.0,3400.0,3493.0,3521.0,2565.0,0.6490534318405816,-0.2642915805510507
desulfotomaculum,14.607080095002289,3.080697833333333,1.5670896406732169,-0.400333026520058,0.8703064349125051,40737,5.890237372578769,48249,138.73021777476723,8669,132.51174363136963,25630,190.0695770180934,10814,26.22063178199172,17762,271.4893927679282,28313,13.152509201951547,22029,6.228882590160421,2592,0.659658959885453,554,0.1259851700674451,14,54806,0.0375506103853071,0.0543350596407704,0.0453993806933574,0.0356918568588199,0.0522152806403026,0.0240620931841385,5082,5082,5082,5082,5082,5082,9.874100836256506,11.44429682525586,32.995629298970066,11.33149704966638,3.0679704578512124,9.489460829704075,28.733848518555348,0.3401166730194548,1.580130974333492,0.8315947420933584,2.6622239745276555,0.72014458835986,0.0077242388328053,0.3906614486775192,0.0883294632167825,0.0,96.0,96.0,97.0,97.0,93.0,97.0,97.0,80.0,-0.4897055119692351,0.6395745219995815
gracilibacillus,8.04347607514237,4.60000125,-0.1467514779011808,0.5304848214251842,0.9444088133150164,105473,3.731588641101709,106748,93.88267457312,21593,250.02316155173605,21915,40.93618786167573,80375,26.63496277203196,75683,241.58998959409263,89655,16.61848534884859,35502,0.4079930918669539,59469,0.2703596412759426,266,0.0056809090181701,11,111220,0.0380694868734828,0.0510249662868047,0.042771406867642,0.0348596644638037,0.0485697781445787,0.0266992976500208,5576,5576,5576,5576,5576,5576,10.008317917647965,11.456609905810296,36.16513567944122,11.669431357198649,3.5826256912658443,8.850724528270252,28.04761654870302,0.4662702192761414,1.0237709144033706,1.0687072520958834,2.9796052513937425,0.7291598428743049,0.2859782050524696,0.3418111734384899,0.087658379794144,0.0577350269189625,99.0,99.0,98.0,99.0,89.0,99.0,99.0,84.0,-0.1389845427553846,0.688010899178901
serratia,11.569906954651248,5.272298233606557,0.7740448140179926,0.9423749182918786,0.7871370045101964,141475,5.878928998586042,198149,128.84400185624295,38088,196.3313432529513,58277,94.18345846596202,52981,62.16319204492386,31834,353.8933119195904,56603,18.1054335514936,53541,14.374591605127614,5171,0.5423219731189818,1107,0.6994337355681606,133,226664,0.0356776824869321,0.0602470667142593,0.0448197169045468,0.0329876094905973,0.052846321268938,0.0244191025867485,22739,22739,22739,22739,22739,22739,9.5087572628096,12.7828791867576,29.86662301484552,12.715149972543683,9.463672453689266,6.455942612941757,48.18023322347853,0.0234215801661577,1.6863732555928712,1.1267952654682445,2.1881231135447736,0.6250462239315191,0.2300533153304916,0.251068486523716,0.1458389695148005,0.0403625873989572,1391.0,1393.0,1366.0,1399.0,1366.0,1380.0,1399.0,995.0,2.205808993008621,1.0773660431909808
faecalibacterium,14.381186445537605,2.572805807095344,1.5081059140946491,-0.7114986289042161,0.5481956506578595,100564,4.360156110187348,107604,159.32312012406058,10152,213.24470265753845,16952,231.20929585063408,12032,30.39732572904673,11595,385.4782544875424,18011,9.369077910161268,73653,22.089716138681823,721,0.2006622286252211,311,0.1513445745818367,8,114437,0.0386827590396474,0.0569972295821634,0.0454229231194142,0.036411038596487,0.0555541294399185,0.022830044499306,6062,6062,6062,6062,6062,6062,8.735000652841839,11.031165057788366,24.065938841060696,7.350768604893099,3.8591288512691664,7.466245523774496,34.51199253227671,0.0216086784538093,0.8898085730008262,1.236508385932787,1.7726275716234183,0.3438611087311723,0.1888683954824006,0.2463810682290814,0.0783702390225975,0.0227669350887055,220.0,220.0,215.0,221.0,217.0,218.0,221.0,171.0,-0.2632464052250045,-1.2091505658172368
vogesella,9.635552240421765,3.528599,0.2689600104369455,-0.1259214800999655,0.808488974509446,145862,4.401467533225649,211408,163.98405095421904,65357,135.3476412833499,87307,46.53221817729533,85243,31.128869863074648,51730,261.2775033550878,102503,13.85960632265304,78433,4.099924485577256,17772,0.2789757722974043,936,0.0551982256086627,58,228744,0.0318209573733474,0.0552190275604383,0.0377735051554644,0.0286613424380125,0.0527722355340295,0.0228292555013914,20546,20546,20546,20546,20546,20546,7.954984550844506,12.467211840673338,20.88744719274283,7.885818604616872,8.165875755356092,5.801019260821168,48.86151201266143,0.1093658163040733,0.8576677557584254,1.361213009633178,1.1571111282322586,0.5322113196393465,0.0285908645261178,0.223195612837481,0.1160772633441717,0.0,876.0,878.0,873.0,878.0,875.0,874.0,878.0,776.0,0.155814368790014,0.889409578293854
verrucomicrobium,2.3438458933661144,8.106335,-1.6349979560006165,2.678678526217486,0.788410196192882,219683,5.780071696477228,259099,122.43454503478516,53365,182.79208858714665,85980,75.68263834352877,66437,35.00044719179459,38858,271.13957359993793,90830,13.442390647898224,97114,21.959441236303963,8679,0.254506058052338,981,0.283764762744784,75,282481,0.032675728087799,0.0577590228967684,0.0401498632403416,0.0296480988801287,0.0518355203994885,0.0256081537956311,25314,25314,25314,25314,25314,25314,11.480005062472726,14.707107549439462,33.36324168469055,16.625834253277496,16.492735591602223,7.429002767042693,41.08568703532324,0.1422480045872246,1.7842785427737309,1.1050346414818866,2.5126192311999933,0.9200652138470392,0.0156705378369649,0.3457820537567221,0.0962675099067087,0.0002236067977499,641.0,642.0,640.0,649.0,608.0,647.0,649.0,465.0,-0.9242315047243193,-0.7199833818486673
dialister,18.71197623753635,2.030784964539007,2.638930625483641,-1.0435736237177426,0.6650599996315796,72187,5.868447001128832,85564,97.76188982523212,24973,216.297698714494,37070,83.80897093849296,28650,32.341428585266435,18373,453.6518450927719,34809,15.713852463482638,35515,14.209205147353904,1089,0.3060696846054175,495,0.3651731229753768,13,99834,0.0329211028201371,0.0568830174244628,0.0399790272396585,0.0315762114131591,0.0556580809644174,0.0218112873282769,11642,11642,11642,11642,11642,11642,9.592892903507808,11.977952338864506,25.957600490483063,11.232427565867557,11.4787847928585,6.830389366455012,34.53484935606929,0.0210429896510379,1.1374514313702109,1.250580938074086,2.052103368915716,0.4954484436519038,0.0171398930454643,0.2576517340364775,0.117656002909172,0.0004396968652757,435.0,435.0,418.0,436.0,433.0,430.0,436.0,354.0,-0.0520517914733282,0.2773017468849782
nitrobacter,7.702945725974081,3.7647935,-0.2356683157788516,0.0187856625120479,0.8071576780718198,2135,4.376696345772632,2606,43.45413442425702,684,224.6730129293157,724,42.54311088052509,910,30.836657145361308,404,301.90539176758625,714,10.743309094770368,1080,4.458141202957676,48,0.0601691107956515,33,,1,2786,0.0317332861634932,0.0559432045675423,0.0443769767751931,0.0365025026382142,0.0501782964195879,0.0232532880776057,259,259,259,259,259,259,11.439580411885744,12.882145266478975,27.951440034459765,7.637642742801386,2.216002406737562,8.270187422301866,32.12859577800852,0.0083666002653407,0.7295318133341867,0.4923725215728432,2.9913369363324263,0.1258173279004128,,0.0817940503133734,0.0419030627361135,,6.0,6.0,6.0,6.0,6.0,6.0,6.0,5.0,2.090163523962869,-0.1208256118459445
sphingomonas,10.878673477846656,4.044610778106509,0.5935548954460712,0.1902187770353069,0.9063802396183924,1465714,5.892767269624627,1762760,142.59948134771983,279959,189.4004599822009,501354,107.86913591757616,460239,37.05758668992475,402324,308.41105927805825,614296,19.935567460296305,496954,9.725833705397893,145477,0.2822433381283907,8771,1.877359033192284,823,1901301,0.0345990027604125,0.0585475371657846,0.0439526681809937,0.0322423915425576,0.0529500265299976,0.0247166008368682,130924,130924,130924,130924,130924,130924,10.98168461905725,14.675801857663853,33.79134476807782,14.589634502378717,13.089491423250765,7.292891687546273,56.15057602169714,0.143695324765993,1.7562911271557995,1.3080937525784135,2.402044154092873,0.7685272126446668,0.1575985549678353,0.300138286983749,0.1358253825005297,0.029371855837137,7542.0,7553.0,7448.0,7638.0,7409.0,7496.0,7638.0,5479.0,1.4369301582696057,0.7372984624928415
caulobacter,7.452476644561845,4.562241738095238,-0.3010690025596194,0.5073510436523635,0.9872149646908328,970985,5.548589952000132,1251727,132.17241523811862,238457,192.93605629475928,368366,109.63988316242474,406513,34.853321367810075,313803,297.0322570435899,484389,19.92941881505204,388108,6.48447094487568,137658,0.2836792374411237,7210,1.9665125549009752,634,1367836,0.0337807690995191,0.0593417675689288,0.0437448210541932,0.0313470458448452,0.0529584755558409,0.0250550251454461,112960,112960,112960,112960,112960,112960,11.14883644888514,14.506820515525602,33.4645728790342,16.04654855811446,15.859205450142117,7.353849454178629,55.42478365594941,0.1427293044393313,1.7871375515506969,1.2659775293773163,2.2927302410045844,0.8539761785336707,0.1125830810625505,0.3073862335486472,0.138416851839452,0.0227060461697403,5649.0,5651.0,5605.0,5731.0,5535.0,5642.0,5731.0,4169.0,1.0375383389351371,0.1936429605974134
holophaga,5.981561000796505,3.3436088,-0.6851439261247332,-0.2392577485279978,0.5094477186252739,81208,5.25130459618649,144955,169.4573108405257,24693,131.14534838360186,37497,83.80340600874085,30803,43.15728424174142,25403,254.6162761938288,35503,18.00187167391985,40266,15.809009488720138,5316,0.2408841741095975,484,0.0902342099410094,30,155988,0.0327439927452966,0.0599641261258946,0.0420492858844986,0.0310065926352654,0.054650403197877,0.0218937866609514,11829,11829,11829,11829,11829,11829,9.031358751575484,11.04535286656102,23.51619730886441,10.435707071376646,10.64378350516791,5.431029436949952,39.83570635698198,0.0174212772190127,1.1114480823041009,1.1983456448513423,1.815390292318159,0.7067885648758827,0.0092232632409019,0.3061223702374656,0.0946062846325912,0.0005477225575051,520.0,521.0,515.0,521.0,516.0,518.0,521.0,487.0,0.1372681100161499,-0.98396201893442
hymenobacter,5.054044378737548,5.144394875,-0.927330401761604,0.8640135273431705,0.7501209105662762,393080,5.358368047062707,426516,199.3670819463184,54029,242.0192253839577,101900,108.21991988358047,66851,42.97960155716278,68551,411.86125903386034,98022,17.539234893985192,102678,27.95752299843754,8342,0.2030195504677798,2633,0.1814394001593598,102,459333,0.035545054596611,0.0573533083138408,0.0437496504157057,0.0313795300460081,0.0516233709934161,0.0273752101952485,32027,32027,32027,32027,32027,32027,11.465493552719614,14.24403883980616,33.09366801656754,16.515873924116054,16.95136399745826,7.284442812813487,49.69517237868143,0.1687081196653887,1.814021295035832,1.116358041946068,2.2684373908756643,0.922792461345035,0.1417661661661188,0.3028924184314329,0.1518272297461918,0.0295012301547776,1340.0,1345.0,1370.0,1393.0,1318.0,1384.0,1393.0,989.0,-0.3721642059316428,-0.8432104462701931
pseudogulbenkiania,6.307098218571789,4.280891,-0.6001419869825396,0.3349784381025187,0.6939856938220079,67351,5.91484271174513,78729,154.97606766553332,16685,207.83024393498428,35823,54.6178683725413,17282,29.755604887721223,28012,438.1889953397124,35986,17.46035172719047,28653,16.250741249228444,1304,0.1913893870115861,485,0.2700110858880854,29,86739,0.0338457208248123,0.056327140417175,0.0389298071293765,0.0287407466309792,0.0498563619924838,0.0224301363955264,11162,11162,11162,11162,11162,11162,10.755461851616708,18.70500694768503,27.030793194505414,14.664574218860588,17.00593347320863,8.398192262474245,48.989100401871006,0.0199903942235858,1.2502858203131562,1.4761748762799882,1.6038236501769465,0.8809946274250695,0.0164315405768013,0.3672219959017412,0.08015363334978,0.0,371.0,371.0,371.0,371.0,365.0,371.0,371.0,270.0,-0.150747540623141,0.2200486080024145
paracraurococcus,3.377849162990089,7.105113,-1.3650064521164806,2.0652689220976392,0.8041940081622354,159331,5.342341744590033,165339,260.48338388419484,32899,267.3367904137349,67454,115.23985001976236,37394,40.62041228142327,51534,461.6449110658036,68503,17.343166257163052,58583,5.316594799222696,7431,0.3616247990106556,879,0.0339608152633945,172,178284,0.0375892823459586,0.0516196586251246,0.0455416390531117,0.0326559727224645,0.0458460127318517,0.0309703571598353,19141,19141,19141,19141,19141,19141,12.143440142015631,14.643016518410526,34.16970109816691,18.72053033735092,21.149386323502835,7.440760663947425,55.31023926436007,0.1860814221056413,1.791741551730157,1.0708080435461584,2.093296831877226,0.9292316400906546,0.2341186550344506,0.3219237713914664,0.1742560324279721,0.0383426655307113,1401.0,1402.0,1442.0,1463.0,1394.0,1456.0,1463.0,1082.0,0.1440500598196815,-0.3516745589432066
nostoc,5.635804330002904,8.69441114893617,-0.7754254235512206,3.03896980798243,0.8343924037379578,217835,6.731570523333607,256560,202.23096584757545,39486,171.07050118114765,109849,114.29274230808754,58356,38.761657895198574,63657,317.07846204412465,108400,17.16605212978149,99254,5.126307000848244,8133,0.2264365504142133,1611,0.1399579660079562,105,283282,0.0347635471118457,0.0582409393802426,0.0441499730627602,0.0306828464434855,0.0515887912062635,0.0236099396689549,24448,24448,24448,24448,24448,24448,12.483643657767992,15.023891970620303,33.5901359809132,19.58065793887804,22.61818970605628,7.326929339836252,44.37729605410095,0.2163325442129594,1.80153186818322,1.23601160887839,2.155689034795919,1.113166952531509,0.1092631092656477,0.3137537106001764,0.101701226219398,0.022339250329032,822.0,827.0,825.0,841.0,811.0,838.0,841.0,595.0,-1.0032108057398033,-0.8349765984586838
sediminibacterium,12.737431821628483,2.590789137254902,1.0789005179771718,-0.7004809450799184,1.037618836463398,532668,5.605635068249704,875982,169.8843023928112,180616,193.26114533418328,276127,74.25629983711872,302989,34.359561135904265,209548,289.41597809630616,361590,20.272166029497377,308353,6.099306129420682,100848,0.2823135791839191,5534,1.7977599825773072,400,938158,0.032688030600968,0.059335330835735,0.0447416402766935,0.0311146185147354,0.0529416252433053,0.0231714518721298,67510,67510,67510,67510,67510,67510,10.400887844953644,14.899593547828212,31.06185458508447,14.363497908876898,14.215025835341278,7.100490341193488,60.059281178479424,0.1094605175093558,1.488647197172949,1.4330385812683613,2.095498966218255,0.7802694043402348,0.1460646464369173,0.2959007934523966,0.1254642736210653,0.0269091532577652,3003.0,3012.0,2962.0,3035.0,2960.0,2990.0,3035.0,2377.0,0.0819201363122646,-0.8641583596461626
loktanella,11.832329589387044,3.718625285714286,0.8425667267497784,-0.0094997987022684,0.913981340268014,27613,5.226857596084949,141918,33.53947115178528,61477,104.18997311395316,74693,34.23525786666264,95815,71.57646827869624,19096,203.6438200907505,69919,15.362981148278829,62184,18.80313122853649,532,0.6697255089113084,310,0.0399573334870542,142,153593,0.0376117864991512,0.0565170582566583,0.0487389205141864,0.0373667349735259,0.0514659346334375,0.0227646237381522,9615,9615,9615,9615,9615,9615,10.27216348720729,13.754187083244055,33.45673922346133,14.631140587956256,11.670891922577756,6.965344386752639,48.796209929260456,0.1436836347296541,1.5250249250633854,1.4009423776490717,2.3884293803562366,0.9610030524605244,0.2706675133112547,0.2851732089097584,0.1118483113693127,0.0509647191437625,1311.0,1317.0,1260.0,1319.0,1300.0,1293.0,1319.0,906.0,-0.4506227504725065,0.7368570392469209
cellvibrio,6.582986189904863,4.861015818181818,-0.5281041023142947,0.6903982501532004,1.0495686696910442,569525,5.388506713582317,784518,191.8897072049612,136322,217.00294972723776,198937,107.41702018475738,312653,36.19276530120106,243462,288.7637930908318,336135,23.192532481188053,240815,4.498159888300091,144071,0.1725101713736039,5020,0.0934525368437942,339,842623,0.033277146580687,0.0589527123054576,0.0411094773649916,0.0302677408552746,0.0529234447778302,0.0251699029116602,63076,63076,63076,63076,63076,63076,10.228024378027795,13.922902693065454,30.69126335323863,13.63264405234538,12.652236371011218,7.125440626811079,51.953469689248045,0.0775573952924563,1.658520408999149,1.339229042649274,2.1821335292525523,0.750831383609672,0.0994065523328257,0.2985879175597037,0.1183425250942638,0.0195540477731268,2076.0,2079.0,2111.0,2140.0,2053.0,2123.0,2140.0,1628.0,1.02310599318803,0.8359623956121067
rhodomicrobium,10.77865158709357,3.711039333333333,0.5674378980447178,-0.0141474153615828,0.9297102659166276,385561,5.939718218567343,425845,140.65974550671726,49928,157.22292164384825,138844,166.0073419771416,102153,38.72155631619847,120852,281.0545304028771,168944,16.928790151472153,132221,7.622927838954197,42775,0.1797317656923115,2216,2.8496002102473392,341,472415,0.0318771343991931,0.0623374198422621,0.0403748498065868,0.0300266584987069,0.053518172959213,0.0228192501844369,45019,45019,45019,45019,45019,45019,11.049283669872311,13.088870081339584,32.5915355811748,16.2700758451229,16.198201886480255,7.085599246485564,51.504884631634845,0.1568567636297194,1.826446590454148,0.9848534328980032,2.1504150465615823,0.8464979032825486,0.081463587948555,0.3091549080602244,0.1258742453728322,0.0191917601452967,2729.0,2732.0,2690.0,2740.0,2658.0,2705.0,2740.0,1915.0,-0.5519663125329991,0.9096205330120272
flavobacterium,13.15393842296123,3.497051492935636,1.187655728889022,-0.145249405194819,0.9538255745946328,960273,5.656041053636556,1403318,145.49343173525105,279239,186.71435687925543,425629,90.19330750207168,476905,36.8191790035628,346419,302.3618250125787,539061,19.623428949335267,444884,7.646871495847287,154608,0.2674019349086818,6756,0.803200389417493,772,1514044,0.0338809757812401,0.0595209863334016,0.043652262671908,0.0319229398352588,0.0531456533137726,0.0239051034287962,114485,114485,114485,114485,114485,114485,10.407327126889095,14.21799064893571,31.286773039033644,13.778862472901402,12.655347300458748,7.132501704230541,50.60333243737143,0.0982542050901077,1.606746347936718,1.4094786721087451,2.284228235346572,0.8054829922636774,0.1120493762495054,0.2889446382016655,0.1252115411801156,0.0223527051326833,5272.0,5278.0,5203.0,5334.0,5199.0,5236.0,5334.0,3986.0,-0.0942411370627719,-0.7605869305444118
stenotrophomonas,12.62153267052257,4.516091784409257,1.048637764439303,0.4790767699941072,0.98236494310364,557294,5.42862128262243,640598,149.64286844723318,115526,219.91189490672187,207250,94.28296342671884,207835,33.504359694991244,187149,351.9657984510445,270643,15.932872365404627,222025,12.557014946465785,80550,0.43186290702263,2588,1.5198692795220914,174,700928,0.0349468360726474,0.0579879078596871,0.0415141534769509,0.0320958835329228,0.0530137204692561,0.0251827706976997,60460,60460,60460,60460,60460,60460,10.426703792877156,14.16724836581257,31.82750068825077,14.165160256345526,13.396485944289864,7.228353224502706,46.61697325910387,0.1333540785419106,1.5241412711472344,1.27091944577764,2.391113814108706,0.7857539454137177,0.2331291926259915,0.2975202913856059,0.133114396661792,0.0347320246365445,2219.0,2226.0,2212.0,2248.0,2169.0,2228.0,2248.0,1597.0,2.2975932850177743,1.0446423315688729
luteolibacter,10.693230297078555,4.675855528301887,0.545133304594773,0.5769577743007274,0.9484439804323698,783230,6.341958020444852,1055957,137.6340425265678,243582,173.2489979888113,322813,94.8338509201804,417092,35.6288155719079,257569,263.0406725635504,452452,20.404625244528937,321724,5.766088598447677,149735,0.2527500925054584,4456,0.635821478413109,511,1131961,0.0349559525785585,0.0598663262596474,0.0446892260734291,0.0325547935713067,0.0526129761183698,0.0252331868213115,78587,78587,78587,78587,78587,78587,10.722309535086502,14.929203390238712,32.02876508543186,15.16341968251528,14.261778985471963,7.26784802979949,58.34043032964076,0.1305988534120008,1.82036815067466,1.3781201006946415,2.1774341554140992,0.9188308008901948,0.131770661690572,0.3111164482119659,0.1358396006661281,0.0261866862606446,2993.0,2994.0,2993.0,3030.0,2929.0,3011.0,3030.0,2205.0,-0.743937850312439,-1.1770884520204274
roseivivax,9.006187216760067,4.219321571428572,0.1046247377909597,0.2972572545828951,0.7020246926703628,11204,8.468224760393195,41464,36.0806781377034,5279,160.5793896744803,14312,85.21594712122318,20404,84.58971394529505,9190,310.58051501297484,12090,8.245850819804348,24805,4.503947643995468,354,0.3983439366694075,356,0.0927105069301106,7,45264,0.037989669907406,0.0597905362875023,0.0489865116542633,0.0390908506174232,0.0512140125436985,0.0238462092564766,4203,4203,4203,4203,4203,4203,9.243739045941137,13.741883672209848,27.656859084327632,7.507485539426538,3.794879816326727,7.276300101529919,49.761632582904,0.0178246985901614,0.8598238931619036,1.5690897963984036,1.944670487988141,0.8341733616669633,0.3222876514686736,0.2857482181696297,0.1083642165058404,0.0545912080833535,265.0,266.0,263.0,266.0,263.0,265.0,266.0,197.0,-0.1905525839845767,0.7433715717892266
pullulanibacillus,4.603766933641303,4.561482,-1.0449036127349618,0.5068855818025095,0.6110189592395611,83588,6.333405560623136,89803,203.1050233815804,16124,204.5141208857061,39476,195.16586750809435,16793,33.74671486354687,29872,351.5907535847393,38160,14.480856329845826,37440,8.631648308444152,2714,0.3991636893157064,1009,0.0398605484020136,109,101745,0.0353861363059195,0.0573018721349583,0.0386512951625663,0.0316726452866909,0.0520568795364889,0.024494957295491,14440,14440,14440,14440,14440,14440,11.848684855688076,15.205660905550245,34.78321343296549,17.719399540961486,19.43394578584907,7.734436847801549,63.65635898950276,0.1780510956237304,1.8209823825672096,1.067172167464106,2.2366875313871994,0.9513087698773248,0.1495741610048075,0.3066286491661004,0.1239360911986599,0.0314264910326358,1316.0,1317.0,1301.0,1322.0,1261.0,1309.0,1322.0,885.0,-0.913931839864694,-0.4657820325742179
modestobacter,6.948130908508307,4.893402333333333,-0.4327601371574486,0.7102402027250699,0.890688068345012,531146,5.479763009595956,575648,176.5617240358405,98014,214.0581419850904,184804,128.04537198918484,153445,41.66528105606569,142240,338.89256053270776,216207,16.95049043966837,167782,4.2365639018930485,43878,0.3882691567847572,2315,0.3200596566179682,256,619769,0.0358811860460826,0.0575732577315306,0.0435630690386383,0.0320076337739507,0.0511059897123439,0.0277280228255663,54030,54030,54030,54030,54030,54030,11.382131894105862,13.8674047015338,34.17081904953101,16.00153680177043,16.28743942077729,7.427673667742884,50.71477995399424,0.1711883700504129,1.6373899819555675,1.0919668195860557,2.371854770624957,0.9001259916837008,0.1816595623085048,0.3242311274213142,0.1532089266962125,0.0327945710506245,2694.0,2698.0,2737.0,2772.0,2613.0,2754.0,2772.0,1921.0,-1.0776302917601446,-0.5130385309936705
acidovorax,10.429377269029322,4.794150092592592,0.4762378978391421,0.6494322323640653,0.9350810603116811,646813,4.976684255864821,824913,157.80200540616264,122617,180.23803977480856,207506,51.5478820692963,269456,36.02870420976593,210507,306.90572535357273,284541,15.29295527948798,231660,5.709081953284695,101297,0.3536594477073717,3913,0.6650851919822001,225,871965,0.0334286768847602,0.0605767273087938,0.0414829769798578,0.0306620060633641,0.0532761836583679,0.0237864982369853,54199,54199,54199,54199,54199,54199,9.34475414498343,14.152981977885371,27.274365095527816,10.454710673493324,9.414283290436826,6.882000288934823,54.12209404512899,0.1335611219863481,1.2838107052563856,1.396289640328683,1.8748355735355084,0.5677323175315574,0.0194772261341935,0.262386475320208,0.1132651497158662,0.0005055250296034,2092.0,2096.0,2086.0,2115.0,2067.0,2097.0,2115.0,1572.0,2.026738223301996,1.48228736838564
thiobacillus,12.502906252700424,3.0392933636363644,1.017662886613398,-0.4256999275326302,0.6707295559685313,178679,5.358597720386123,250279,157.62234587987572,76483,114.2158269037201,114593,87.58962402726128,99727,43.58838505502326,51328,208.9408870198648,111657,12.113728936887998,116685,8.567752898912476,8528,0.248415256236243,942,0.0720766862734869,49,262503,0.035502847318509,0.0590016623483906,0.0423921660729467,0.0327385074309557,0.0537842640096707,0.0218884031229316,16342,16342,16342,16342,16342,16342,8.985264574582553,12.277532227837437,27.34636328301732,10.42189672616273,9.35843728930095,6.870500530848251,43.28247496361228,0.1265784558637478,1.075070451438897,1.292598865985573,2.247256597811156,0.9935826317676514,0.2173902342146228,0.2872761763362437,0.1045534457568036,0.0454425854395254,774.0,776.0,772.0,776.0,769.0,775.0,776.0,584.0,1.6491963349716614,1.7455863747469222
thermincola,6.31298883248058,3.1680715,-0.5986038722059648,-0.3468025944275753,0.7423896377881752,7717,4.6459926234578806,8439,154.01835836785827,2683,110.38472476226534,3518,67.13092904766906,3639,23.494740454628168,1524,165.48286469559693,4220,7.529629595711722,3531,0.9791214158100996,757,0.0703507388045376,12,,0,9188,0.0291878546018029,0.0609687739794255,0.0440032050458124,0.0259972586573089,0.052909115936591,0.0214084227783111,683,683,683,683,683,683,9.305319680643668,11.404979640756077,27.314568292866007,6.858120677763639,3.837257543421532,7.490789215891946,31.66855797321002,0.0176383420737639,0.2590960617816666,1.0283026966304407,1.3447871817141046,0.9153174643838392,0.0509434794182542,0.2393730861207549,0.0545151119956424,,13.0,12.0,13.0,13.0,11.0,13.0,13.0,10.0,-0.8600395708723164,-0.5311719873940924
jiangella,3.804052769610141,7.6234484,-1.2537192288623051,2.3828327715888635,0.923403318937696,366613,4.577502354369839,372892,121.7038928662823,100275,167.36924006977046,140022,44.04205148704078,195254,30.769925283994144,141616,236.0603114362348,240409,13.316507961624133,120559,1.7424882958899257,96619,0.4085932673013383,994,0.1095776423249713,195,391469,0.0376305262160391,0.0547861326107191,0.043639868949919,0.0336969218295707,0.0502671694587085,0.027266541006688,21694,21694,21694,21694,21694,21694,11.496301056503317,13.2695124443772,33.09415344268178,17.458994302517503,18.14692914980307,7.123780553428171,53.46234284974571,0.1793790488339305,1.5943208179986117,1.0196972697286648,2.080306948010384,0.936672126222817,0.1456755392239236,0.317359281609142,0.1278671786348072,0.0300218967707619,825.0,828.0,835.0,846.0,803.0,838.0,846.0,582.0,-1.3868023051805831,-1.2017985971976264
janthinobacterium,5.735800862649313,6.2763685250000005,-0.7493150474764707,1.5575295592727512,1.1292939862554587,147957,4.697005404725752,187284,95.88080346091988,40272,140.39957166411986,54268,32.41203142701635,100959,27.051584637161103,69680,206.10136084079863,97367,13.70461211920298,76904,6.8041281654989865,46535,0.1465880489523858,734,0.6434299677794248,120,205586,0.0353172208706318,0.0623358281520817,0.0426171711588796,0.0315128891053683,0.052268275651804,0.0237356765677801,17011,17011,17011,17011,17011,17011,11.331588146367102,13.723641062237231,34.504040604798824,16.697691629052933,16.02771699687989,6.950977078337187,65.5861683303171,0.2070908816968343,1.9311375052923363,1.1422232126153589,2.162770634273574,0.8500958164314536,0.0171534564564154,0.3190099936881529,0.0997594467912274,0.0,864.0,868.0,856.0,871.0,829.0,864.0,871.0,649.0,1.2105681258200212,0.087057750380437
tatlockia,5.97441398823221,3.347608659090909,-0.6870101026903205,-0.2368071911276512,0.8518521636567941,11640,6.558555176946504,15838,256.2435043852486,4019,273.89003970172104,8149,200.56498417559172,4949,46.00577887151137,6013,525.6911066103401,8055,13.21406857892075,6622,17.210007773538997,1230,0.4398302611411241,68,0.0946134344752016,35,18570,0.0352854839028194,0.0635443738783446,0.0437005570628911,0.0317023325836716,0.0525685243328485,0.0218965526341168,2739,2739,2739,2739,2739,2739,9.508514407805665,12.92830715890338,37.69466768971972,13.23992083380475,4.876341367070719,6.451533787887759,42.569532941962656,0.358719003066731,1.4319500104070355,1.1436604905989407,1.8958550226671649,0.5957368189529169,0.0070239681506547,0.249188070843441,0.0903570866258373,,102.0,102.0,102.0,107.0,105.0,103.0,107.0,72.0,0.2501306425596591,-0.5225401047858481
archangium,2.460879409943036,12.59712275,-1.6044390051019957,5.43000873661414,0.8225371212794328,11617,7.35192725708373,12244,199.77156148243972,1164,145.9998988032472,2780,51.43674443697982,1903,25.041368142874862,1428,270.965371778802,2569,16.08825587069705,1923,3.669100835061824,374,0.1390878107462216,277,1.7645901483989948,8,13263,0.0275529208171709,0.0568808525682931,0.0338602188591039,0.024410009095884,0.0506707076829996,0.0237957305330603,2569,2569,2569,2569,2569,2569,8.221713453738497,12.08842913895842,28.53467669412887,8.205600807703515,2.3720930413509067,6.323364413032036,34.25852210090888,0.0143649158177697,2.174461305968411,1.1260037455959702,1.8044776705355872,0.5251488624034292,0.0169491217257038,0.2067177504845305,0.1287617096990226,,65.0,64.0,65.0,65.0,63.0,65.0,65.0,32.0,-1.100016495315608,-1.4564315283647933
rhodanobacter,8.667369023284753,3.922759018181818,0.0161549657050621,0.1155649641779076,1.0967432305632203,290527,5.67032698119343,324970,98.71895444197176,55457,169.35295386382538,92855,68.207978813856,134359,33.79924450241522,135034,251.42773658679508,152654,13.883648797873214,100798,4.035521390497155,69928,0.1124484941128446,3160,3.476258978679415,193,351704,0.0324298287696025,0.0605761183588616,0.0399839597389803,0.0294648879970187,0.0537048073351709,0.0251103583800822,31639,31639,31639,31639,31639,31639,11.188714044926517,13.779817433098325,32.26234465981981,16.852113063299647,17.72131494469199,7.187337056489992,56.18122207327849,0.1126974472375186,1.8594679115832893,1.1170253674587516,2.09439484926872,0.9006817257426225,0.1457133235415652,0.3013101986081255,0.1298861360000877,0.0289418667302517,2091.0,2093.0,2073.0,2109.0,2031.0,2086.0,2109.0,1508.0,1.6189515045623106,1.0261613568691736
herbaspirillum,8.237288786548458,5.46296253125,-0.0961444953493548,1.0591874846730134,0.8939181314118473,700641,5.262931842816954,871631,195.4321360386826,131876,184.18363339934,256213,75.67422354172673,202820,37.93270178610915,197919,318.8933637876512,294078,15.551399473812182,245772,10.589999396589429,58042,0.3047086855403674,5819,0.5023119250827907,395,933809,0.0344501324597244,0.0601507118209189,0.0413276965852031,0.0309388441791808,0.0520229607113666,0.0259759609570184,65931,65931,65931,65931,65931,65931,11.139628928300688,14.916143164582596,31.978987327530568,16.164714233238914,17.020141676517163,7.422852281659099,58.4102291825763,0.0958198089985681,1.812339934039452,1.287938662604399,2.1876077585971982,0.8599474185390314,0.1848753768885716,0.2980889753151222,0.1331005398351817,0.0379362946318802,3003.0,3010.0,2982.0,3041.0,2938.0,3000.0,3041.0,2120.0,1.063967928293068,0.4940062113120914
georgenia,7.503190561259117,4.398129,-0.287826949038908,0.406805580502309,0.9432255084153855,219758,3.661857041460439,223002,170.6751126117775,31080,252.2272141824436,42143,49.738068698197736,153683,24.28804221783665,148376,237.9651578730524,172912,17.80751948907767,56593,1.3124775133117634,123108,0.7268459513657357,635,0.014499940546846,30,233094,0.0381565766584164,0.0516170371449289,0.0446605873127606,0.0334145032006504,0.04951469115521,0.0286558421942088,12010,12010,12010,12010,12010,12010,11.61906837203423,11.972080491236053,32.37605653471781,17.606427623512744,19.1397165277698,7.486151610317237,50.777601105391135,0.1332794282104263,1.825341885454536,0.9052445434372942,2.109161784528637,0.9101253017585018,0.1878593652291374,0.2945428989689032,0.1390142311995802,0.0382513189144219,759.0,759.0,777.0,783.0,710.0,780.0,783.0,536.0,-0.8888712426773939,-0.405237351464992
pigmentiphaga,5.165067023290632,6.195466555555556,-0.8983409665744388,1.5079640832350367,0.8564215433634914,112040,6.094496833436658,136593,171.072573311447,30141,210.42920090557945,54672,62.60873251412113,51527,47.47211868038068,36094,353.4809066836752,63647,12.957718728146432,54045,8.496614815105598,12803,0.1825535647036896,589,0.1693751390742447,81,147887,0.0325281382381436,0.0619829249375563,0.0413654329299199,0.0292889303519683,0.0524352565305955,0.0249015006764944,12984,12984,12984,12984,12984,12984,8.145946656913726,11.569627030799303,27.755065429254405,9.703574513382568,3.845720926979152,6.733936269468706,36.88572512310614,0.0196206915525905,1.860134025700688,1.0131960265105926,1.8569243279790209,0.5495027375474613,0.0159230729272799,0.2573960310023275,0.1120908298878637,0.0,494.0,496.0,485.0,498.0,479.0,495.0,498.0,341.0,2.344177335225233,-0.4956429089649678
glaciecola,9.400284246690315,2.872253571428572,0.20752852244324,-0.5280386823846447,0.8130637567944403,11632,6.3246395131316335,93800,38.805880444900026,39466,143.37701647426394,50141,124.17232676729904,51425,55.96177584988957,12663,352.7229376579397,49019,15.95845167264248,31315,24.59579299181641,476,0.2157698834408251,277,0.041340470360655,156,106314,0.0391503721388891,0.0554277409366628,0.0503702520182391,0.0376803745218322,0.0526932991842567,0.0232276398207917,8157,8157,8157,8157,8157,8157,8.241349555947057,14.258386001737753,25.979557991872987,6.741653955536882,2.523680916740394,6.41977851353532,51.07039540579774,0.0151058419168946,0.9410467883790944,1.5966055167634088,2.4646952983931683,0.3678911284966508,0.037709881380715,0.2345750430748795,0.1154660635843619,0.0,861.0,861.0,832.0,863.0,858.0,833.0,863.0,722.0,1.304539733438773,0.4929173512881012
pirellula,4.452790953709898,6.288191,-1.084325375769507,1.5647727278302406,0.5466860764844701,14181,3.38488599737629,14382,23.695746539329463,9881,124.3409725210651,10501,18.66800320656798,11233,27.29305669100802,2139,235.09166340944023,11785,6.679651673002428,10480,1.031579273059335,1198,0.0470463608882834,71,0.001585,4,16026,0.0331927256019603,0.0574428368282555,0.0361228588641466,0.0289048772667024,0.0501129980416475,0.0272852889114203,1306,1306,1306,1306,1306,1306,9.245534785048315,10.782594646899572,32.28301407348759,10.55976771063474,1.775920172910198,6.343270574796695,41.04777022640136,0.0194298948546062,1.6115329466779256,1.0836493803288865,1.6795824836391091,0.7267551278615212,0.0048334070138798,0.2309530250221888,0.0934318344693482,,65.0,66.0,66.0,66.0,59.0,66.0,66.0,47.0,-0.3650285706588194,-0.7163213574714659
bdellovibrio,4.465823773077308,3.8066885,-1.0809223396242371,0.0444530922774754,1.0267028206992492,558979,5.98816400796864,739184,134.53542287219557,116531,185.7096188229609,216044,74.10124767107905,228996,35.20538903259701,194867,269.8037457879708,304247,14.74387897388078,193915,4.056403218524202,106920,0.1751630855468479,4135,2.0133384554577773,203,793020,0.0343617945676354,0.0583836624382274,0.042705110547227,0.0314025155545862,0.0527974357656431,0.024141324867652,54283,54283,54283,54283,54283,54283,10.329216220548902,14.944478879691966,30.611543532810995,14.849655278462976,15.440126057042283,7.260658876272241,57.52426040167564,0.1384553495168875,1.6927079405273424,1.3667844800205868,2.0584551626855903,0.8043858266839425,0.1010438067953657,0.3122407294131117,0.1118446635552293,0.0184925474388182,1858.0,1859.0,1852.0,1879.0,1818.0,1870.0,1879.0,1465.0,-0.5780150414407366,-0.4681173440961958
kribbella,4.346164427232663,8.743341545454545,-1.1121669281932236,3.068947550339033,0.9060809315138464,759547,5.438568315188996,797710,147.83492315050006,147385,205.5758981528004,246124,103.50174359039916,219730,41.75697519299932,178918,313.9215857623646,304946,15.650526263355404,232187,10.23996049465199,61860,0.2460209751487491,4103,1.750293015488784,392,863913,0.0342332618812264,0.0584394790412161,0.0404866468814601,0.0307647101450267,0.0521959100787528,0.0264723580513664,73231,73231,73231,73231,73231,73231,11.230901704008764,14.256678755345591,33.360484802554105,16.311955239977603,16.611130000643033,7.542267885636098,49.44296492195996,0.1713219236156873,1.6637692707897402,1.0995749983090783,2.226166210631566,0.8824760498472323,0.1065582124121629,0.3218305027765166,0.1322166601094684,0.0213789672567188,3155.0,3164.0,3211.0,3250.0,3080.0,3231.0,3250.0,2233.0,-1.2586515556685944,-0.9619673752137874
afipia,9.32736606932673,4.610090317073171,0.1884886519271207,0.5366659986658883,0.6504039401089201,32692,8.73872571585976,33675,192.0326527679593,4302,267.4539242310013,13444,89.7211096374007,4577,29.04372436043984,11983,683.0236150303397,13742,11.25009522871422,23552,16.797026669245827,945,0.1772142276530933,414,0.1088900293765759,20,38012,0.0336869361764045,0.0546870431405722,0.0379113489503103,0.0315981221758063,0.0531267767125306,0.0227995625304715,4639,4639,4639,4639,4639,4639,9.962416868899023,13.494814433986711,30.96232879066917,14.116018182103463,13.558874439371428,8.08834541911919,43.62976973016684,0.2118215836124499,1.5665818493355284,1.3095494345401166,1.9950564593765483,1.070919466399238,0.3209697046338546,0.2995379613010118,0.113817333648112,0.0545909027830339,304.0,306.0,305.0,306.0,298.0,306.0,306.0,207.0,2.8621291156987394,0.4429669846925401
enterobacter,14.901264912810218,4.966021370198189,1.6439050664201087,0.7547310495650671,0.6900822514416678,168647,4.248863407158414,187078,184.03185849832292,14264,231.7299030197813,28589,38.62786048875226,28508,33.68351568711684,33004,364.80182288625406,39685,17.048925521611178,31996,3.912304375278127,13266,0.5239420099234804,574,0.2043763181041187,50,198359,0.0321926228969731,0.0575325858213279,0.0378024043040222,0.028487740151125,0.0524735640390306,0.0232186132946827,10440,10440,10440,10440,10440,10440,9.88732788008083,13.105723870084423,29.620260984197635,14.131553240012504,13.403562995303892,6.284075183129758,39.80478596502929,0.174374609660152,1.5226816660332467,1.2615497800231688,2.0784236793080675,0.6943628192458485,0.1938847754568095,0.2203308412547259,0.1364271421181724,0.0393503521769528,921.0,921.0,901.0,926.0,917.0,909.0,926.0,613.0,2.928867529995748,2.240093396054597
erythrobacter,9.589780001702058,3.024052688888889,0.2570082923610719,-0.435037293534744,0.9412651090218286,802566,5.368125180975662,1054282,147.06689996891586,202993,173.4527273485912,312397,89.5786843300747,388527,36.65764737055555,296998,281.4021969735915,434326,20.03407730696591,344519,4.460344869981581,137967,0.2371960482511397,2794,0.0645389229992663,266,1112594,0.0348344037914703,0.0571243466164846,0.0413964171318352,0.032176103472005,0.0527758918853918,0.0250629204407661,71223,71223,71223,71223,71223,71223,10.108429303289151,15.18747988378649,32.11261383480603,11.13208739500308,9.20981569643024,7.67362570185809,51.274235314510776,0.1309909647871444,1.3246281925511392,1.484257359935662,2.252218332556554,0.7249051013081544,0.1492233599621768,0.3068038382875194,0.1610667847068598,0.0286410782554771,2173.0,2177.0,2161.0,2210.0,2123.0,2173.0,2210.0,1652.0,0.2093918223268641,0.1717217473347899
pseudomonas,9.759396394448476,6.660247967484395,0.3012973060482931,1.7927174964576111,0.9256711391618796,1162487,5.323753233851977,1483427,151.3841599240294,267450,191.76560892671225,424545,80.6745965202871,454568,36.111794987193946,349708,305.87171958901763,538343,19.799153374427643,455489,7.814121175457373,140257,0.2719897722264466,7893,1.078293125855026,446,1596930,0.0342354997323607,0.0591419239821914,0.0425647541195138,0.0320921938298057,0.0529808122383824,0.0245042988616786,108839,108839,108839,108839,108839,108839,10.168101201122578,14.710721973534255,30.396388471721338,12.4830752341093,10.938695685007763,7.253677628297586,52.183484454499975,0.0543944424800782,1.3757978235685857,1.4743343054415188,2.5134300419723394,0.6975647967369881,0.1861063735427098,0.2783141090152879,0.1335109512029872,0.0318982995914036,4845.0,4850.0,4727.0,4873.0,4748.0,4759.0,4873.0,3658.0,3.882418042457276,4.1109404393024205
ruminococcus,12.063026626696177,2.6527339274193547,0.9028046794473148,-0.6625297921767023,0.4966637281809785,247242,5.0672191078999145,259118,90.42753701324692,61865,106.89869494544858,157671,47.57805858704713,65570,22.68734170694971,57575,436.34642573854256,122707,9.807661695654836,176804,12.653220173438918,2033,0.3440981703253865,375,0.404938966530466,21,276001,0.0338684935434504,0.0608761040890814,0.0404057979222429,0.0325241520277542,0.0551036718223475,0.0214838377042295,15770,15770,15770,15770,15770,15770,9.784362519224928,12.1116742446208,28.597133261612097,11.676385614525486,10.867913088233042,7.300357982466672,36.67761585218789,0.018126467723001,1.0224332697187066,1.3076993341287435,2.26397602830544,0.6994030512270198,0.0116630586051402,0.2966529446412004,0.0792857166457166,0.0002823298512866,494.0,495.0,479.0,495.0,491.0,488.0,495.0,393.0,-0.9856504292078886,-1.3828380368749895
sulfobacillus,8.22678375182003,3.6466255714285714,-0.0988874945332112,-0.0536112107934352,0.5461279428218475,5512,7.894165138736674,6762,146.90209436813808,1353,109.63764367869804,4669,149.5456310142059,2378,20.015582805835702,4143,239.84923729783097,4215,11.330502205661332,4568,0.8487678651344901,141,0.2495858110781277,28,,0,8870,0.045364622398695,0.0544643763499784,0.0507929651609999,0.043885679785093,0.0501296439084121,0.0226077340040613,1214,1214,1214,1214,1214,1214,15.858498898540509,8.752636570454692,29.42651438400869,25.854071441133915,34.50710633473776,7.255087850776115,22.26843133737909,0.01836942833721,1.4380942523461036,0.7405028031547962,2.499233777122591,1.3088769571235062,0.010712698295103,0.5006062651899754,0.0622165059853193,0.0,44.0,44.0,46.0,47.0,43.0,47.0,47.0,40.0,-0.5336541271587917,-0.6005754960910742
amaricoccus,12.176342665011768,3.695691,0.9323929491344544,-0.0235507395732955,0.8955937976080885,482877,5.14325262743048,606826,108.95241517777052,161732,142.47732279387347,253063,86.64329237792536,212923,38.35100072289743,111269,254.963687338474,266512,15.285226232041524,253351,7.501459798458303,21067,0.3166972666026389,1822,0.0984803918804697,274,653255,0.0342669683546713,0.0588376009196873,0.0429298319175221,0.0324990302125577,0.0528380533791446,0.0243738678419481,47482,47482,47482,47482,47482,47482,9.894009939261974,12.877504495244269,33.080924178434785,13.474350174726377,9.399864602346089,6.9969672641573935,40.36746948582872,0.1552364385850239,1.7743385428617495,1.212010415543055,2.3879742032393625,0.9078408077431076,0.1770537757418346,0.3145091399765665,0.1148426974814129,0.0368417243497264,2119.0,2125.0,2142.0,2176.0,2084.0,2157.0,2176.0,1551.0,0.5974440417335228,-0.0838955736002896
xanthobacter,9.853336398430391,5.07442332,0.325826244877648,0.821144689211168,0.6774499732791105,42831,5.7680843369580135,47186,144.51619676646789,11936,159.20936239454926,27828,42.90854967383254,12842,33.60898910385707,11145,495.8550856673049,19117,12.235683960526607,22072,13.772569373939035,1620,0.6268172042247719,330,0.6631227737056068,57,54451,0.030592277132312,0.061151069614404,0.0382606771902289,0.0294063850165717,0.0535117638074589,0.0204475781347848,5843,5843,5843,5843,5843,5843,10.060559001689256,11.845703897498275,27.58637155215895,13.369207195646824,14.582677580551753,6.568485723927508,36.66233421165126,0.0192024198077966,1.3576397821905024,1.1805205336337363,2.0124286371466305,0.7108890167259418,0.0171547396785155,0.3054526385318958,0.0955945059029206,0.000337831962346,256.0,256.0,253.0,256.0,251.0,253.0,256.0,186.0,0.6858182404609012,0.0206992851563843
hahella,4.1732061886920935,6.9490935,-1.1573285406412204,1.969681869745637,0.7616331790674822,23674,6.023822053317294,63988,225.72179843252133,13745,158.64371504089152,24288,78.64484289100122,35122,67.47127468057884,15018,339.00324541395247,19029,14.0651902529258,39433,3.631416435054132,732,0.5985279808903502,413,1.538205101477214,20,70771,0.0378051881917514,0.0573297261532252,0.0481329997981944,0.0379262499346967,0.0529774299328242,0.0209886090088605,4906,4906,4906,4906,4906,4906,8.807201783720974,13.479776043078925,28.6732148056936,8.601385564758369,4.199523870256223,6.873796933648832,48.211551507486256,0.0168338281148514,1.1933957662488517,1.4750712847487313,2.3125797856085843,0.8144182337458641,0.2683032439754741,0.282523324474475,0.1094497254130653,0.0544086390199203,331.0,331.0,325.0,333.0,330.0,326.0,333.0,247.0,-0.370678002126856,-1.2042027817601428
acidiphilium,8.78739868528743,3.755377578947369,0.0474962485683091,0.0130168955399695,0.8182700577255031,28014,6.574697548239215,38982,73.24098930435218,7434,187.49766185970407,12960,150.88876654632685,12168,55.92440881388166,11884,371.0730771970232,11348,14.617780751796984,16433,4.047702332730317,650,0.2715633684847282,242,0.0018261559996416,58,42754,0.0315095550586904,0.0609476403473577,0.0403411301305986,0.0294269975723882,0.0520149057557674,0.022621327959402,5137,5137,5137,5137,5137,5137,13.175182968718886,14.342697045753994,33.84730428984084,22.50223458783236,27.057086042930475,7.4158358455620625,72.3936555452871,0.1519229233046402,1.890421739374177,1.0187306670802343,2.236689275390526,1.103253232908846,0.0165007098483438,0.3362481767005724,0.099612272171253,0.0003321055820775,585.0,588.0,582.0,588.0,563.0,587.0,588.0,408.0,1.6896038642592357,0.7091341237425668
methylocella,7.754574972048695,4.12659625,-0.2221872580282717,0.240448072693778,0.780459899060709,54072,6.518865926885963,59292,98.06789932905642,14790,210.7849642951141,24775,130.5806182505727,15555,29.76504637070077,14056,503.1762705062051,19260,11.076630776813015,26286,25.98851462902788,1227,0.1839740108009385,351,4.607831728557082,72,68384,0.0345894068234247,0.0589955142254868,0.0426784612576389,0.0320188053184223,0.0530109617546561,0.0234298473092794,6374,6374,6374,6374,6374,6374,11.467195848122945,14.561348558122056,34.15273586526638,17.74515823239801,18.704725871782763,7.333175354412319,58.18934077884148,0.1445998476044886,2.154090421964116,1.0891989543414913,2.164724158064175,0.8146761218531124,0.0167214970333107,0.3128858953037784,0.1259084606758748,0.0004893604849295,639.0,641.0,636.0,642.0,622.0,640.0,642.0,452.0,0.6488576593052423,0.4568007415428891
staphylococcus,22.43177807876604,2.7639360456534345,3.610218553451034,-0.5944005987278415,0.4950759899477139,131442,5.271085744019112,149383,208.01187356917112,11953,252.4991607323005,24894,189.12384491061545,14887,38.28361254285412,16669,426.0832944399728,25745,12.244363755398226,74714,42.19019398645201,3121,0.5903261881034323,859,0.5556614206920024,11,163682,0.0352509540128981,0.057742280681518,0.0447860909633595,0.0347532200801394,0.0527395039518012,0.0247819136649575,8987,8987,8987,8987,8987,8987,9.09106286493082,10.927665820584936,29.52535972767665,10.276539738336176,3.2260852259181947,6.968770265206171,31.63043602923424,0.0206310024683136,0.9869145978898156,1.0099889020416828,2.579285827055239,0.5896294620355862,0.032277423884792,0.2507236393830188,0.1830211246662597,0.0005773502691896,363.0,364.0,350.0,368.0,361.0,357.0,368.0,259.0,-0.4347028616000363,1.9467353689947096
thalassobacillus,6.905166741691852,4.054934666666666,-0.4439786316754803,0.1965438202271901,0.9732350170918336,12778,6.629723177716886,14599,64.51912864438823,1317,205.7699887304569,10361,58.23696526168129,2228,22.73484984151865,10125,349.2276473703379,10578,16.001600545724667,6419,1.368433179202777,443,0.2777410640726997,120,0.0,6,15586,0.0438483300361005,0.0550055218711325,0.0483965100047997,0.0410379284495498,0.0516154121339338,0.025122670571524,2043,2043,2043,2043,2043,2043,11.970959216749652,10.99415669945393,31.890481364218807,20.40375953126228,24.73860867356209,7.029873717713861,31.6528859255282,0.4103729108090906,1.322453307174965,0.6889204108032659,2.015490070451759,1.2670022436190642,0.0201155308432357,0.3020488751546943,0.0859231077054158,0.0,86.0,86.0,86.0,86.0,85.0,86.0,86.0,55.0,0.6884006983651771,0.6547257580945932
rhizobium,8.928634210093863,7.055950385869566,0.0843746539511289,2.0351489090822974,0.9815055973873082,704683,5.371065915811808,782857,145.49556848235127,152766,199.45535288025363,247995,62.109434937689095,286010,32.62285400509357,233065,314.1388927756484,345346,22.39087880430174,255368,4.311078375249503,112532,0.3967720003911723,3091,0.6023405816065589,294,852079,0.0337834129182162,0.0575023710495351,0.0395712526000191,0.0306220294921064,0.052290664321072,0.0247550542704591,69515,69515,69515,69515,69515,69515,10.67662206032875,14.130300105294635,30.91956982171382,15.151732968048528,14.91509219369554,7.356987134364533,58.51730331199261,0.1197005964217301,1.7503913377504114,1.1904594159830726,2.0902281670281133,0.8383091811358113,0.1532234533650981,0.309681128314124,0.1408734011153747,0.0268369306914711,2695.0,2700.0,2738.0,2774.0,2651.0,2757.0,2774.0,1988.0,-0.2986621563244731,-1.0480573317086317
siphonobacter,3.4035244062480765,6.17007475,-1.3583023170876465,1.492407515966517,0.3378516211922686,278778,2.4662080795511754,280580,174.02149032545225,3800,155.6249211901466,34436,166.05009891709963,4007,20.837045909115403,27423,340.72768514313634,32690,15.104435869096893,30578,2.2806615739077127,344,0.2927678313068841,111,0.0123785297996167,6,284170,0.0335110124235195,0.0529485636329248,0.0328097214254064,0.0270483888721074,0.0482618404652023,0.0241259367060278,4518,4518,4518,4518,4518,4518,8.851469977919491,15.17308042145193,30.77602612704671,11.670284867367704,2.5574101871551336,6.8317021047839726,38.85224995082183,0.0407583809054664,1.930311346552724,1.1347915200697836,1.8176827159675173,0.4914710250993334,0.6285596069484416,0.2750119716164628,0.25448499775641,0.0540468932193763,141.0,140.0,140.0,141.0,140.0,140.0,141.0,76.0,-0.2792509280554808,-1.091620280259041
viridibacillus,7.531538316701186,4.51435,-0.2804249868320312,0.4780096467337871,0.8438357393560133,153144,5.575912075923039,172039,88.93656956943718,22885,184.78592828352708,49933,105.597368296814,37914,41.55857167535228,45380,338.2216823024132,60815,16.545958299504644,66747,5.9707895620346765,11725,0.2305808097801124,853,4.1616905245523474,68,186648,0.0353642312272608,0.0594755340512143,0.0419634673478909,0.033065005710113,0.053151978969919,0.023637079015185,14378,14378,14378,14378,14378,14378,11.253919719705149,14.763135081035248,35.1455581909011,17.45445465843938,16.706312679935817,7.437964084156627,64.34298118887898,0.1296160357174429,1.997046489145476,1.0547448070851042,2.281325129294282,0.8683134936022823,0.1057948825737377,0.3253314640187023,0.1213761200321701,0.0276943019224958,802.0,803.0,793.0,806.0,766.0,798.0,806.0,568.0,-0.565998280039348,0.5120622848009724
frondihabitans,5.521108058781857,3.62246125,-0.8053740897369037,-0.0684157464921359,1.043660901784203,4162,4.455289910094254,4277,329.5803906235748,418,202.9586208887315,863,69.33208086185302,2417,24.00614707336381,2432,162.77878194688668,2709,11.360831691806135,644,1.9134807510962184,1862,0.0323918313886785,89,,1,4999,0.0289876788512391,0.0603002019414043,0.0349744510347772,0.0232143682008867,0.0507006500854605,0.025218599246754,513,513,513,513,513,513,9.36873219049103,11.258698224674363,31.938396059557263,10.623780378180337,2.773548526449723,11.032268686945237,30.13800796020739,0.0177525072919718,0.8329162765905851,0.5185849519422564,1.613487202422428,1.1177123746210171,0.0053452248382484,0.3940732105054785,0.0346304297788327,,15.0,15.0,15.0,15.0,15.0,15.0,15.0,12.0,-1.376255555807908,-0.0432221283591055
cellulomonas,11.98476823203148,3.7547659770114943,0.8823704097619169,0.012642190927642,0.9153419377876146,239948,5.287549000924643,261104,190.0370041131652,26607,234.97633811151272,50315,56.19493088106789,57533,40.28387719080177,54486,355.9488152149954,68624,16.689636560783295,78193,5.646077718899188,23900,0.4073380597173292,1050,0.0585056405575789,76,277931,0.0323626687556001,0.0584168122336044,0.0403764747791887,0.0289651708717773,0.0514405732157283,0.0267217384892008,22313,22313,22313,22313,22313,22313,11.753124858263602,13.215120643994949,32.907115326783625,17.733811566099096,19.214606557958728,7.316260235028919,57.007163218741695,0.1595505602017508,1.888300966154,0.9819107160082722,2.1693791345754785,0.8716908680685184,0.0136387409458015,0.3239322569250558,0.100215825660037,0.0003974366179316,1000.0,1003.0,1050.0,1060.0,990.0,1059.0,1060.0,737.0,-1.054396058737202,-0.622423920567756
arenimonas,12.611196760964248,2.2202492380952377,1.0459389260046077,-0.9274962652128538,0.9251400973170518,698757,5.520251312709261,905766,100.32528571479315,189044,168.5368338798293,277486,69.9552563245397,313214,38.94024812645087,204665,269.26152529282933,349455,19.861539772425264,323075,6.426553691776374,81618,0.2068304631290322,4706,0.0871537256331841,306,965787,0.0341126309447292,0.0598315331368633,0.0408067222069229,0.0312796282837407,0.0529391679918273,0.0248460268180647,69893,69893,69893,69893,69893,69893,10.34861593802838,14.26768365200338,30.382669484581896,14.849444966060071,14.867782124429866,7.04660823600283,57.715825706922175,0.1008966486208237,1.7216965994734887,1.3908414020580877,2.117812356970478,0.8522394713408628,0.1742040232855619,0.2884112210501496,0.1248707081428895,0.0324928531457658,2480.0,2485.0,2497.0,2519.0,2434.0,2509.0,2519.0,1876.0,0.490685451799447,1.0139364159798612
smithella,14.178096289761156,2.8212532333333336,1.455076471932356,-0.5592845970778679,0.3501989677520813,37644,4.087846902166535,39759,41.97029089803802,11153,75.57320559680855,32515,36.68583490239078,12094,53.51861050916237,11928,172.07702000322467,23714,6.531897999630241,33288,18.256746475563748,321,0.1249604545727785,70,0.1494791364204382,4,41860,0.0297084642842987,0.0646732517301156,0.0380115986846094,0.0284855433032866,0.0511809832607594,0.0208942531605999,2268,2268,2268,2268,2268,2268,7.17865850187888,9.633831022590195,18.49320362529057,5.045411717880016,3.425024769770216,4.861681516198737,36.00031217051555,0.0169350682548532,1.040304886498594,1.1926000241718258,1.1736349459070718,0.3785504887179399,0.0106441134252967,0.261803205862068,0.0984640548783808,0.0,97.0,97.0,97.0,97.0,97.0,97.0,97.0,78.0,-0.2250051019486195,-1.154603376329135
aminobacter,7.050365855234837,6.240810888888889,-0.4060652824823291,1.535744784776831,1.1183451781388152,21952,4.977261223957286,25728,38.70479123270433,6655,184.2736210778372,10007,81.76494599221716,10965,29.61396162428897,6482,297.23030367269627,11559,11.10966411670393,10643,2.1833023645548906,2158,0.3343124109694909,77,0.0107494015337289,3,28261,0.0332045690499417,0.0551722143586134,0.0398167209750686,0.0302492408600072,0.0522984964041225,0.0234617322433316,3166,3166,3166,3166,3166,3166,8.255047281911745,14.326840176023602,21.457237012093422,8.972060981785042,4.037985135642432,7.706894549848498,40.41990305712024,0.0222759851004421,1.5152872893805247,1.0868814907561175,1.606635625500161,0.9565950980156752,0.0046004370622823,0.2735371960318344,0.0876709793553032,,69.0,68.0,68.0,70.0,69.0,70.0,70.0,41.0,0.4456635330786828,-0.7720402624240188
planococcus,10.575950492676943,3.5930576666666667,0.514510044789082,-0.0864301732748125,0.8684025175690328,44033,4.816989145265856,44724,153.7154694039535,2700,262.9519468994043,6896,150.8590533436205,3213,34.2324985091001,4145,474.75575617815,6749,11.537728155458158,24643,4.587289896523143,383,0.4923510280345649,232,0.6687899520776309,5,47157,0.0319434742241182,0.0499164064879299,0.0355415845203089,0.026495617548015,0.0444687227770514,0.0300324413060756,4274,4274,4274,4274,4274,4274,9.516355119277648,15.344391073580969,31.87322479376563,13.014178638094492,2.849250494669558,9.231943910928043,45.33592905950302,0.0213548998131985,1.1117157505876758,1.3867253081289592,2.315861678399099,0.6945542715971673,0.0105642606747279,0.3215312112997564,0.0604165940009974,0.0007071067811865,168.0,169.0,170.0,172.0,165.0,170.0,172.0,126.0,-0.0392414604306706,1.4140875090170046
fluviicola,5.680009927968868,3.8732326666666665,-0.7638827754517921,0.0852221034772744,0.9016278698150416,326716,4.598395597153878,632417,169.43016793193206,120500,193.0139172343489,173301,52.47393937094286,206776,41.149852606414974,135830,316.19338092135894,214474,23.9354064054356,190659,7.1129975022368725,56702,0.2323845235774556,2179,0.3720824045143346,362,672357,0.0326394635248235,0.0582980802515565,0.040099772799597,0.0303136225609438,0.0529008394701085,0.0248722201088299,43855,43855,43855,43855,43855,43855,9.148648265926711,14.171283981974932,27.18329243891174,10.523523384343928,10.046708712221076,6.912172132131111,51.63714913925549,0.0830061879718897,1.598386301765439,1.4990839289736435,1.718187104893392,0.7056482115201923,0.0891150968647512,0.2855916041374488,0.1364044240699488,0.0191883006853364,1696.0,1696.0,1692.0,1710.0,1672.0,1696.0,1710.0,1389.0,-0.4960498645238664,-0.976025887668735
cupriavidus,7.344702933474352,6.807627272727273,-0.3292100995856167,1.883011039033076,0.862764648698916,393752,6.137162076762151,506919,160.18104435927694,95751,197.68077668842344,199651,122.60832178426284,144063,39.78780725069301,154225,371.8227810760309,200793,15.77551587301877,191867,7.441231169133826,23837,0.3074784852945568,3244,1.4531009175254932,403,560392,0.0346495101212412,0.0573924704798941,0.0414281739602794,0.0308379025054739,0.0516865692094343,0.0244294018786887,54625,54625,54625,54625,54625,54625,11.310009963049062,15.34516216534275,33.38902990592595,15.995154371290669,16.081935901739467,7.519443316949226,57.53301169258148,0.1379197976185227,1.6261502830659622,1.390354154703402,2.4796141758296018,0.8004312593213573,0.0851877686012348,0.2823257188409487,0.1245589706887851,0.0183647341493166,2721.0,2725.0,2707.0,2766.0,2697.0,2727.0,2766.0,1986.0,1.5841659925792055,1.3759427304307412
anaerospora,7.2139077958955315,3.881391444444445,-0.3633623860754653,0.0902206678783452,0.7180965176158941,19903,7.08914542357269,21452,163.145195328388,5098,162.40193393931204,13668,164.60802898461696,5415,29.891479036468663,8178,262.1744954163601,12902,12.966301579861476,10723,5.19575858620982,655,0.0740638497765025,418,0.0098806882351382,5,24760,0.0330759690174189,0.0579474582037028,0.0371096477590531,0.0299851656134356,0.0497594109165142,0.0239111886610367,4060,4060,4060,4060,4060,4060,11.540465260834427,14.87628492387906,33.8255515342168,19.09292191379676,20.719321541111498,6.939419325646603,37.97226985592394,0.3469771818578375,1.6347739338912357,1.1761365862617412,2.018670420574271,0.8956095385051904,0.3185708886500865,0.2661424146072943,0.0805446992930179,0.0707106781186547,122.0,122.0,122.0,122.0,121.0,122.0,122.0,77.0,-0.9939460039089716,0.4584211528639823
burkholderia,7.729159597230047,7.374669817974451,-0.2288235380775226,2.23041585354892,1.1020409397746944,547507,5.772515041287708,609252,180.08410035351358,82210,210.61375790386407,154539,131.05887117599522,208973,37.633616187068526,210504,307.6581336357221,252739,15.45979622934045,178571,4.930942212284861,114669,0.2061555072523603,5654,2.69239786081994,329,670668,0.0325161448392638,0.0612729967150974,0.0413290781438346,0.0301902338913168,0.0530076270481778,0.0252964416047802,62615,62615,62615,62615,62615,62615,11.34956382981098,14.701573559275031,33.379337341203986,16.78345373405247,16.997596951142274,7.651739970939537,54.27639955220385,0.1354384031981002,1.7497427535540009,1.149429130862102,2.139820498834408,0.8872539345994307,0.1470949900143829,0.3071055219451356,0.1481670571531572,0.0290077666550837,3031.0,3028.0,3006.0,3058.0,2934.0,3027.0,3058.0,2078.0,1.5205580339499634,2.031325578168497
hydrogenophaga,9.593162463665085,4.690841020408163,0.2578914965240143,0.586138799867936,1.0682924040150223,338629,5.42720966246304,529333,120.5055486173918,120131,181.7095377579644,193107,54.95097124155123,222072,43.59415758099089,134422,293.2131950343356,237124,14.556652875446124,211543,4.308316666885569,49220,0.1987591922480669,1727,0.095824414486337,287,562438,0.0337029255090083,0.0580484737586894,0.0408920973712884,0.031005702917806,0.0537002544114472,0.0229458418857174,38530,38530,38530,38530,38530,38530,8.79954171892563,13.624438714564745,26.46504351561687,11.010310756976368,10.634391998806944,6.655625348011311,50.52230191559055,0.0170394996390886,1.2686144707356923,1.5261714466093816,1.833188863726609,0.7244908261722706,0.1106713705290667,0.2768630650587008,0.1247936863397813,0.0214313045101815,2022.0,2027.0,2011.0,2034.0,1992.0,2016.0,2034.0,1678.0,1.445919295672362,1.2065172130163389
comamonas,9.322023706496989,5.363642227722773,0.1870936925328223,0.9983378149017744,0.7255720457080563,159861,6.516972136297352,252806,92.19819270625118,51184,183.81583577992936,90999,46.192038319735886,93273,47.186056801013066,63327,380.12443915334944,80377,27.70831794317451,126964,16.05920259092043,6270,0.3006000989966644,1948,0.0756929357912397,133,276638,0.0332965892849107,0.0595766307743287,0.0394596205247563,0.0303380746374964,0.0545242707321831,0.0218014941652295,24927,24927,24927,24927,24927,24927,9.222966498507477,12.552432056341804,28.36077646822225,10.913584386076522,7.506178008172932,6.508807178282199,44.55814465284178,0.1012855821860602,1.3212664474432096,1.3874011070585897,1.848968340440304,0.6629155437287838,0.0948450980001158,0.23244617457865,0.1064231288847635,0.0181171475261079,1196.0,1198.0,1184.0,1199.0,1170.0,1189.0,1199.0,925.0,3.663414844335296,1.087506182590287
sterolibacterium,9.820988835354395,2.749214,0.3173798816422095,-0.6034202209455991,0.5733614166015586,112165,5.245386260646274,159552,84.77728404483545,42546,125.65590278136904,60273,55.34355614426796,46173,39.66237304280232,33155,304.77823751679927,55400,16.900911486086827,55684,14.43116673566452,6286,0.3130779382531001,211,0.1460776161041337,15,169426,0.0348228432239996,0.0627289871679213,0.0469707448404534,0.0334793601329381,0.0534067511212343,0.0213765941666305,11020,11020,11020,11020,11020,11020,9.061563783816164,9.96235195071861,23.88701670766212,13.473996512631206,14.128024037595132,5.223841541059286,33.552809061473205,0.0205280397832554,1.1623227999022456,1.0383310976021545,2.4455026407689484,0.6442995281432691,0.1741622064725462,0.2959208601284753,0.14405066302446,0.022152343347589,276.0,276.0,268.0,276.0,274.0,270.0,276.0,228.0,0.9302420673565528,0.1579997785017711
dysgonomonas,6.40097552148424,4.218107054054054,-0.5756294202059022,0.2965131672357338,0.6432860558165885,106847,5.3211471459617785,114402,89.17376616962895,22861,175.88087551070635,48586,112.98420539451422,26945,31.275634238577968,23467,387.4621711626807,41482,16.23838631404369,42700,14.82703382897933,2945,0.615729402773267,657,0.2186474522886276,27,127970,0.0334451989089173,0.062513297496644,0.0451105127100549,0.0320033000677697,0.0540666518245579,0.0219881448696972,10643,10643,10643,10643,10643,10643,9.393961067296626,12.10061534483564,28.92107673302275,11.623788924817568,11.299997065571375,6.76153507403594,38.88249519411434,0.0187768416400289,1.2971068213286927,1.3389433158998565,2.0820721356677887,0.5465410879458593,0.010301173224728,0.2651840559859341,0.0925272889305988,0.0003007926037591,449.0,449.0,446.0,451.0,440.0,447.0,451.0,380.0,-0.5605078329386476,-1.1610689274548096
thioalkalivibrio,8.792555921814047,2.8433143015873017,0.0488428691125691,-0.5457686424303198,0.3736057392256477,87359,3.9662838038147417,99200,71.21973924566404,28954,181.43933285818204,35341,123.26579583409084,32549,25.279507582441884,29628,404.0308184429439,36962,17.680923560925383,36848,2.075914332264256,2015,0.3385660834096227,203,1.889822365046136,7,101378,0.0463880156404556,0.0551187564986634,0.0540994886507429,0.0439015053091671,0.0498671031173358,0.0237146229744958,3668,3668,3668,3668,3668,3668,10.82303248978108,12.818249218359655,31.5593580189466,10.454706947211806,4.61916034733397,6.748596631287751,39.15879331442227,0.0192736650574743,0.8849838639984868,1.0622701232091385,2.868009345444605,1.0897794807715715,0.3034611059511227,0.3111005447628678,0.0836217734834505,0.0534522483824848,340.0,341.0,332.0,341.0,331.0,332.0,341.0,223.0,-0.0387740517017969,-0.3524530830916785
rhodoplanes,8.172577004802694,5.75094,-0.1130415708091979,1.2356200292049686,0.974926113684529,1098382,5.750298278161904,1175709,149.7138327707579,190874,181.84196417684245,398092,126.68429069418694,321508,35.03414820415362,347703,308.8419456726281,491078,15.853414309583394,359558,5.424390601777283,123687,0.1932273523707372,7292,2.022703335977233,690,1274729,0.0336667367503995,0.0593385218530045,0.0417439523267271,0.030646150119749,0.0530370210025285,0.0251791452193818,104463,104463,104463,104463,104463,104463,11.117859284250782,13.727146147100925,33.24511423266953,16.06543851679561,15.832459342321682,7.276338298095341,51.15346434331713,0.163734687384318,1.7910977111566848,1.0979957118403745,2.2556535024415405,0.8890453595921178,0.1044120292771876,0.3241974923549518,0.1264392766345306,0.0222763244287156,4825.0,4835.0,4828.0,4911.0,4711.0,4856.0,4911.0,3494.0,0.4851548724415309,-0.5874423238234326
desulfobulbus,8.064488256376993,2.604009,-0.1412649281212319,-0.6923816516435085,0.5821293482822621,80119,6.466435562326272,154024,64.11474572913014,59226,149.77944271341852,80540,59.95891539752664,73142,32.44141276845823,45407,316.1025519021449,75261,13.602764415167814,77157,20.77926823688148,1081,0.606662524885546,741,1.0426353719140755,23,169000,0.0331012049027457,0.0587886652247364,0.0403035195355268,0.0308069072770647,0.0543102510211002,0.0215159512820467,12330,12330,12330,12330,12330,12330,9.160563300416934,11.669781046941836,26.655831355503164,9.935604373726346,8.828339560461814,6.567495886918704,41.40958285420152,0.1174205801407081,1.1536269443969995,1.2885846377715888,2.125837848038341,0.997395748209278,0.2526188838679228,0.289567816988484,0.0997276071796435,0.0408859702291183,903.0,903.0,897.0,904.0,898.0,900.0,904.0,681.0,-1.29318010986626,0.2836814961685701
microbulbifer,7.390940431165881,4.194324157894737,-0.3171368964301614,0.2819423158981582,1.2590235813759278,25496,7.820791794823925,44140,89.10214352237696,11196,141.16852292321505,20465,33.89954198853478,25565,49.716181763188445,20709,249.6646930181299,27740,9.077463919170516,20499,0.4872820500625641,8661,0.7655511547652002,81,2.2109592563711646,21,46101,0.0391209741536951,0.0549212176535859,0.0487212135233096,0.0409975314283064,0.0534074002706058,0.0224185441535938,3834,3834,3834,3834,3834,3834,11.19152804693596,12.985960946935457,31.95689371285756,15.310454347256652,15.540149018192986,6.84848112311728,41.67225269073418,0.1724024782809373,1.4828681680432887,1.2373368789231889,2.6455794945793216,1.141304003544978,0.2719703070551189,0.3056630727243787,0.1532751960177696,0.0504524979109513,462.0,463.0,445.0,463.0,459.0,445.0,463.0,314.0,0.4980713635616353,0.2309139795194901
parapedobacter,4.549390026315377,5.715051875,-1.0591021200480326,1.2136327770782145,1.047077199893378,78797,5.824931897275399,82965,112.16479457214248,15491,190.78837474091168,27088,40.173397344659975,48060,31.83731872610605,52437,242.6738568278876,65509,12.725303064312508,35415,0.7565848112187847,30770,0.5985751085289109,424,0.0396461518852379,22,88069,0.0377099062349668,0.0542940773662756,0.0486057504923636,0.0341639938082608,0.0506154424975172,0.0248742696905605,4662,4662,4662,4662,4662,4662,7.095432708366543,10.92710256793167,25.48340758750804,8.878903973868553,2.568500102803452,7.796385116136893,28.11317449903688,0.0213137390814073,2.0868852904827864,0.8946759118483569,2.5869687595016218,0.5204206699490911,0.0113592366849412,0.2483749296480135,0.1198929445344739,,106.0,106.0,105.0,106.0,102.0,105.0,106.0,63.0,-0.4779263536977352,-0.577969894898927
ramlibacter,7.494340828010042,4.536756571428572,-0.2901377277947239,0.4917372776784557,0.958844974376026,425082,5.583980756955027,467585,208.04071698793777,45805,218.05223772106527,104679,77.75729309776017,120494,38.61346493908904,127406,322.72991583844225,155361,17.758669235239925,114421,3.372455448759536,61836,0.2612942561230031,2946,0.4434498321275039,258,502317,0.0336265492030103,0.058903519023349,0.0404538801568328,0.0299292506432271,0.0518876158741419,0.0255900114051154,45420,45420,45420,45420,45420,45420,10.661844072372366,13.882611142764636,32.662663150019554,16.155865843845852,15.987079426673168,7.149085676551858,57.22984177656805,0.1348403462225157,1.7581676358693106,1.175305996222211,2.1425003029885628,0.8121838505734751,0.1133402282602703,0.278998671979557,0.1033037798846846,0.0309476755296687,2128.0,2134.0,2175.0,2196.0,2094.0,2185.0,2196.0,1556.0,0.4465670729306968,0.3625990457104497
mesorhizobium,10.1778345308466,6.6811854519650655,0.4105568655172773,1.8055450752229136,0.9443181471748124,980073,5.673995802616593,1099303,136.84770014016698,210791,205.2736208245578,360100,99.54713417402358,365043,37.54723564426308,300071,324.23516599458605,466511,15.349514886630857,333731,5.806073249320662,129722,0.2485581200296967,6851,1.3310908587399983,480,1190585,0.0339276239109643,0.0590136501986718,0.0413774643848223,0.0311412784265698,0.0530983505338698,0.0252913855163287,91574,91574,91574,91574,91574,91574,11.022148862350774,14.367783878045351,33.22440278297112,15.73227659578034,15.424620773192942,7.185541943409169,51.406636583461406,0.1266960074282505,1.8583015422904097,1.1595684974708091,2.2813690115709706,0.8551421374507963,0.1266382351438196,0.3072732443631115,0.1180243318717702,0.0267072685365071,4148.0,4161.0,4143.0,4236.0,4090.0,4179.0,4236.0,2954.0,-0.1170983178700209,-0.7510969242916915
longispora,2.197159188808828,8.64753,-1.6732997342702656,3.0102475595603817,0.9775383597664048,243182,5.278314415794673,247496,170.50707678261162,43631,211.30307218526227,72395,88.86271372202303,83764,35.99274239166489,78912,300.3224521646385,108592,13.608665613811874,66744,1.56567569383398,41308,0.1941454201022655,1211,2.537771185199521,62,270968,0.0339202469651875,0.0577227727824047,0.0415732206545638,0.031367062728637,0.0511558096320951,0.0268492830554552,21460,21460,21460,21460,21460,21460,11.134974865896297,13.531499611691537,31.15951113407229,15.507879520232509,16.298090591095768,7.016496495064359,37.30513037633512,0.1419371459083393,1.6172510248747398,1.0083298451950813,2.18717612100903,0.897516638722081,0.0137578491401389,0.3205200637713231,0.1177440701950946,0.0005606119105813,621.0,621.0,653.0,661.0,611.0,660.0,661.0,468.0,-1.143771719016122,-0.6627819266473975
cohnella,6.235518203831545,6.4148638,-0.6188324460898837,1.6423802035956077,0.7919451069621858,74829,7.775927080757797,82515,270.70590650977874,12398,266.4486027814316,33339,94.11122379094512,15234,43.07237922022727,24543,449.9811750205605,33955,13.152305885151067,45981,5.591963523118764,4822,0.1130073116401013,1359,2.2930347102401707,151,91095,0.0376586038666619,0.0580582373541453,0.0437794916415022,0.0336430386330936,0.051262416838183,0.0244523027026757,12108,12108,12108,12108,12108,12108,11.801460495326994,13.804913887665206,34.60876846136496,19.63610080591466,20.820685081945854,7.111715443009149,62.278648778989975,0.1737336490212416,2.113662970247869,0.9233596449689518,2.236081371202264,0.9283666052143456,0.01089447536829,0.3058561227903267,0.1213686911276813,0.0004682006222337,1362.0,1368.0,1351.0,1376.0,1337.0,1361.0,1376.0,931.0,-0.7490336035801771,-0.0535999533240685
pseudochrobactrum,9.068267704926132,4.080161857142857,0.1208347487785582,0.2119995342676886,0.3159456622086856,3910,9.998387906448295,3968,128.75307148439634,1426,62.78220258780865,4284,38.43773282152102,2144,11.778359668323304,2692,131.505356745155,3647,11.75494079691518,4752,0.6645995709692354,356,0.0250501928222042,5,,0,6972,0.0460234786705179,0.0654608682732759,0.0682955175584573,0.0481988260072037,0.0522248892797702,0.0246773669830616,355,355,355,355,355,355,9.364331729953596,8.508929580946742,31.64173732953244,12.05809552848568,2.7763046926244965,5.8747738581862325,29.96885795951464,0.0185827930366867,1.489002356518859,0.8444390190661331,3.286116639624,0.5261135693031288,0.0219330938551907,0.2924230540243312,0.0901845652756251,,43.0,43.0,42.0,43.0,39.0,43.0,43.0,29.0,0.3914484533105197,-0.1975509655289592
oscillochloris,5.025251281574076,4.775880578947368,-0.9348486483987494,0.6382392150985846,0.6208375603900088,1567,6.941152608097108,3255,39.06448829681775,465,142.25977542397376,914,27.326236457069857,1732,21.89452858753532,542,278.97327931365453,676,9.99231299373294,2057,1.4295968906293242,11,0.305760810578937,16,,1,3888,0.0296239880905878,0.0583784857886586,0.0414636281702979,0.0286980381082535,0.0533172811074363,0.0212372274333085,614,614,614,614,614,614,8.95950604319299,14.306034795810731,26.57221980748082,5.430212859171033,2.004993765576342,7.779245893186992,55.448703969793776,0.0146680440124617,1.8398698466553487,1.4083779272499668,2.1806658406945183,0.5323686450844055,,0.3353831796512497,0.1332802306534654,,19.0,19.0,19.0,19.0,18.0,19.0,19.0,12.0,-1.051629171042166,-0.4524646696279675
thermobacillus,7.795405312669307,3.9767015,-0.2115259328737879,0.148613415387862,0.9738489700709104,96441,5.078647169417843,117878,188.1335075018392,25040,184.9919807144205,59692,66.68825028489607,31793,39.10365124202614,37544,294.86883415239674,69757,15.102267302885458,55425,5.539787603713518,10004,0.151954204605029,494,0.1097878336659059,19,128552,0.0324722223647469,0.0552735671055892,0.03392858889469,0.0282542043974194,0.0524279380220379,0.0238642516721628,10060,10060,10060,10060,10060,10060,9.554353430127396,13.439826575345014,29.315414564243262,8.4427937544128,2.20031907523894,8.883876819319065,34.263066482583206,0.3190848100350688,1.4085164732661752,1.360724681261157,2.3800605175555707,0.6240734961810847,0.0059125276484154,0.379534050607362,0.0936199166604959,0.0,120.0,120.0,118.0,120.0,104.0,119.0,120.0,91.0,-0.4277340921078086,0.085564966953667
lactococcus,18.444914762454754,2.439696825902336,2.56919745209337,-0.7930493014407757,0.7508669445858734,223823,5.881434902909264,250312,126.38376135475065,71023,148.76368258404125,156983,90.75333362390492,78391,28.43207220415116,68941,353.15304542153046,136456,15.8497393151017,165084,10.517345481649702,3694,0.5156498887431695,1189,0.2424392713591655,48,280427,0.0350557192481504,0.0596427812220158,0.0428118808018862,0.0323879636905055,0.0545256361680357,0.0229630200891086,24408,24408,24408,24408,24408,24408,10.29394962084676,12.839338038682962,29.37693351121093,12.11153346772293,12.535213038803168,6.715539983492416,38.10529587165987,0.1896251867605558,1.1967963015214045,1.266918521329941,2.3803525656991367,0.816844606257262,0.2684556738160945,0.2741503920199024,0.114689172323016,0.040238093912121,737.0,735.0,714.0,738.0,730.0,727.0,738.0,517.0,-0.1694284364256131,-1.6725857537504276
streptomyces,8.328481635432647,8.404893360416667,-0.0723328739193039,2.861593569704204,0.9594808980732108,697558,5.693728103687043,742548,163.3161196664727,117308,226.65092902201977,197239,108.1281875923266,210726,38.87680305067956,201619,325.195517646603,284926,16.417621510286857,206501,8.691011602522053,89339,0.2621680097511824,4028,2.0202602150022515,396,809401,0.0347606219282758,0.0579563476248205,0.0407854223675349,0.0312688293913865,0.0523990089437163,0.0257670606446037,71973,71973,71973,71973,71973,71973,11.40603575298283,14.483847401087314,33.12656886638399,16.6376904750752,17.248659111748324,7.53007999806503,54.70851121766997,0.1543590080565424,1.6934270015006252,1.137933037031397,2.2695063819433763,0.9242482732707252,0.0854322627893924,0.3232521670908713,0.1020332461423325,0.0183280568820712,3857.0,3864.0,3899.0,3942.0,3763.0,3921.0,3942.0,2756.0,-1.105126330986265,-0.2398031769840419
dermacoccus,8.304637856778038,3.0103660666666667,-0.0785587900709804,-0.4434225522676435,0.6122760874938497,67904,4.7623109949947136,81632,109.77227618736129,6489,174.28892485304388,16103,69.35730792348399,15400,74.47074734405514,11836,364.5353159442419,14862,17.58535619286345,22264,2.4639125641080315,2353,0.0763729447873682,411,0.4402279313668721,10,87663,0.0332551166888644,0.0613705696274474,0.0467145811464602,0.034538976128178,0.0527118681434366,0.0233976723737971,6402,6402,6402,6402,6402,6402,10.712865943151147,10.034310440851174,30.386615177601275,16.335831553321054,16.30179001485913,6.631580135477276,32.68065414854183,0.0199729925606372,1.9351487052639464,0.7739962112761636,2.28383283745978,0.9182134602480962,0.2174277162729572,0.2402197095315899,0.1077484445496326,0.0234225883936601,204.0,204.0,202.0,206.0,198.0,205.0,206.0,123.0,-0.4384704135815075,3.667528434601216
azohydromonas,4.819302656544203,6.224967,-0.9886244735128288,1.5260378530363656,0.7069624341054292,28074,7.360893094058361,29637,77.2273973921164,4362,161.1911018031144,8847,54.2849496380587,5814,30.09837264263284,6910,307.1348328390755,9460,12.63963521164306,7309,1.6839407430852913,1277,0.6367426772492166,282,0.0,4,31996,0.0358863289023264,0.0568559592892633,0.0369152463201419,0.0310890888552448,0.04828237501918,0.0286602327043272,3496,3496,3496,3496,3496,3496,11.050406452190826,12.439637248332412,26.26190993733929,15.52014408345748,19.08958876693917,6.956800399588635,42.7071404956486,0.0172440856691805,1.499167082558361,1.2440035543064447,1.684064612278229,0.8318800263329537,0.008998644884431,0.283251349879067,0.1079723221151519,0.0005773502691896,145.0,146.0,146.0,146.0,143.0,146.0,146.0,106.0,0.8834639668556583,-0.3041434209873088
bacillus,14.084513488511012,4.046998147752559,1.4306408033136244,0.1916814251487838,0.974347190654392,1002408,5.751251580954845,1096420,157.16687907567592,210224,193.37547529245307,370281,94.45112534792746,343862,35.708518945182384,316572,304.6136496833173,491190,15.89313410231416,350063,3.712032330492165,133030,0.3340924917952165,5799,2.03235996361831,498,1195542,0.0349163776604647,0.059479322718213,0.041406257455217,0.0317887772893111,0.0525220378454244,0.0252585578096226,100438,100438,100438,100438,100438,100438,11.236168840847188,13.8105182393983,33.24361798807417,15.816504817782334,15.834908694166572,7.491792695935877,49.3392182374461,0.1420915795274805,1.6141289427916707,1.1629389934211438,2.3647364753919886,0.9217614631624852,0.1702358218221608,0.3131804179764026,0.1160068870005585,0.0336427701298361,4626.0,4629.0,4594.0,4704.0,4489.0,4627.0,4704.0,3269.0,-0.2324215709624603,1.5073383851462807
terracoccus,5.17801906250732,4.055605,-0.8949590231616761,0.1969545072722497,0.4345821692759007,845,4.450654086659879,850,53.80694311079171,41,471.044388791815,93,28.37695146821537,59,25.925948917380047,47,694.6849662773254,83,17.7937344887678,81,0.0,2,,1,,0,919,0.0269750158255894,0.0551894969160748,0.0285112750642144,0.0234159829888896,0.048854729523885,0.0258492652604676,108,108,108,108,108,108,8.102383514659044,10.533989031934906,29.50263489021728,7.907223329385657,2.859510509948554,6.154919417265593,22.482480666886765,0.0170448325245358,2.5257549342697496,0.816009911505783,2.4302341735187043,0.5154494525539223,0.0052859413987092,0.2198019891047722,0.129822603611268,,37.0,37.0,37.0,37.0,34.0,37.0,37.0,20.0,-1.2092170501038062,0.0431238089673306
lysinibacillus,9.721070973977785,4.731988905660378,0.2912900476441327,0.6113485016153309,0.9817815946882988,206245,6.193650545222341,219495,141.9567112360085,41862,210.26190018505403,67383,103.60935706806131,58859,35.99500401272952,54110,353.28934191336964,89782,14.1202977266927,106605,3.887814181334441,17030,0.3894182620218443,1430,0.1669868510224257,159,242259,0.0362605014835362,0.0586930529672547,0.0438881581159271,0.0330858339438115,0.0526053906997401,0.0248219763495198,21354,21354,21354,21354,21354,21354,11.81852764769109,12.92721267997109,34.186472349025394,18.959637976049446,20.603592190406403,7.402594303311117,45.52044831482504,0.1536127714250044,1.937855008716304,1.0269729173775417,2.178819856930113,1.011478629549936,0.1818412041862351,0.3205685731024224,0.1206452287111322,0.0382128712531754,1680.0,1687.0,1675.0,1696.0,1614.0,1690.0,1696.0,1196.0,-0.5531267307012291,1.4052359685096405
mucilaginibacter,6.806534400417924,5.142117550724637,-0.4697327999015106,0.8626182997291123,0.8166013307691357,425379,5.700691176085334,461631,207.01696138717503,62552,249.33611844153444,124181,152.22468843852712,75993,38.16902770712789,79163,412.7917973538221,126688,14.288914646955767,113712,10.043191167473676,16151,0.1684648839429217,3523,2.452721180534492,267,505185,0.0326729031119195,0.0613736174118141,0.0414815993094245,0.0295653745119731,0.052845860727701,0.0256993679661654,48824,48824,48824,48824,48824,48824,11.340566248408548,14.178927994249964,32.74816257010958,17.34279501008963,17.959613045814944,7.1474975965524745,52.4046873284913,0.1054221454848877,1.900144828927945,1.0812013324945775,2.110784371321928,0.8787470686506207,0.1332015415009626,0.3147560357245882,0.1365146140076811,0.0257158752023832,2531.0,2531.0,2530.0,2567.0,2455.0,2545.0,2567.0,1749.0,-0.3229937293345577,-1.1921157343312854
stella,3.945050252650452,5.8300905,-1.2169029792349948,1.284112448339674,1.0102595971846269,255140,4.229954475807688,280922,83.50180076463988,87635,184.98916573788125,111714,44.259555064474135,165266,29.9743850615898,101070,279.23174872379207,184658,26.62221242243628,123763,3.70668281466416,70734,0.2066484134751341,795,0.0772438709030689,53,296770,0.0360416906672519,0.0569813414008567,0.0409432614609362,0.0341886554656096,0.0558471648879988,0.0225907194296138,16941,16941,16941,16941,16941,16941,11.044943203564484,13.638265529645963,31.142780393571165,16.853768576791904,20.057295725269185,6.981714398510194,57.25957397899973,0.2292975236159592,1.609705648875403,1.2233484815276856,2.100677815521272,0.7827508082645636,0.0136038993837338,0.3050177838749928,0.0982195869868554,0.0004945353550468,663.0,662.0,655.0,665.0,644.0,659.0,665.0,526.0,-0.1369026482166586,-1.033055753160371
chelativorans,6.445277617858658,4.809723,-0.5640615751354519,0.6589731443374068,0.930285500649251,86053,4.684010098173345,94936,172.27399910227135,23551,241.60133465053133,35677,79.19203186478555,35703,43.72018152022412,30097,383.92280824169774,51758,15.39283706456544,35346,2.9739786460282494,11801,0.2544174211757385,342,1.4393144749190026,12,100563,0.0390059839430192,0.0515013346879448,0.0535719992565933,0.0359694002271505,0.0506010735352714,0.023822280364591,5672,5672,5672,5672,5672,5672,11.175334792614327,11.37757871813846,34.767281047723046,18.33743541188148,16.379936422604477,7.246996720211603,31.591697656251725,0.0230447844750882,1.5907324061386627,0.7649833181089145,2.6549724674855746,0.9469140890801264,0.016906583940821,0.301875018903894,0.0751760879268128,0.0,198.0,200.0,197.0,200.0,195.0,197.0,200.0,136.0,-0.308847484955741,-0.2922531262314163
labrys,4.920020076756925,6.5040385,-0.9623258644567356,1.6970140584494824,0.8425711431544913,528790,5.299660914030174,671015,185.71798197652467,81545,219.07905626193343,181061,141.1456555116374,98213,34.9855339594273,111199,394.245617367101,177667,15.568111393105912,166019,9.91928497786207,15445,0.204517853207263,4025,2.637599186212744,343,725524,0.0330849091079181,0.0602874163923049,0.0404415696582311,0.0296103043832801,0.0524843476495703,0.0258377630436032,68174,68174,68174,68174,68174,68174,11.04898154212544,14.012097624014825,32.63998024404908,16.189646794454266,16.43720722261496,7.045222657362178,50.27670699561608,0.1159440583158709,1.71704230768531,1.0635883953482372,2.136662035903476,0.8548472189438009,0.1409719355479248,0.302681323368284,0.1262541835226591,0.0280234125887003,3030.0,3032.0,3071.0,3105.0,2952.0,3087.0,3105.0,2141.0,-0.2873341921753922,-0.3810227172172854
rivularia,5.253346045634802,8.37561425,-0.8752901825930773,2.8436554026147185,1.047734369951841,9179,5.591964305866668,53513,88.2018416920251,14344,132.42331642423218,21298,62.76835396135169,36677,65.43903785411717,8262,281.49306148227896,18122,12.78097020941732,33938,11.384733340306846,220,0.7573077114261543,45,0.6861967647839794,4,55423,0.0429481130769041,0.0557774712221684,0.0516015322629217,0.0422774609597793,0.0529682336047829,0.0217295090813688,2281,2281,2281,2281,2281,2281,11.963973513702175,13.438987961061512,37.15242026117464,19.51535044123352,21.051582560733547,6.796653059916753,32.735139960788466,0.3481288365313587,2.2846401077401417,1.0628044578477371,2.331048677040948,1.052994427573197,0.0151610878850624,0.3027638829093164,0.1207306648501946,0.0,230.0,234.0,231.0,235.0,233.0,235.0,235.0,152.0,-1.2211956028340163,-0.8382011716588057
catellatospora,3.022679356976895,8.601640111111111,-1.4577458397729737,2.982132617443212,0.8523954483664937,589428,5.363399125851547,606562,162.06793910898057,106595,198.43115464579128,198427,113.51501072373856,130147,39.35360188530731,119244,340.1146842813078,217601,15.059503921039193,176444,6.139432448416076,24283,0.2602096321896602,2802,0.1513511638627072,193,660713,0.033838201855361,0.0572490726625182,0.0392388167359787,0.0303526857768913,0.0517114411322821,0.026522665474473,58718,58718,58718,58718,58718,58718,11.237311036461165,15.10693570476051,32.36220229816985,14.904435287199028,15.739366243342284,8.059413815661868,45.85271803371288,0.1247013961647506,1.5857643165910096,1.210188363322538,2.194376337140211,0.8631969127177543,0.1269649081129669,0.333065367306343,0.1641746848371056,0.02123596058165,1764.0,1763.0,1811.0,1823.0,1700.0,1820.0,1823.0,1231.0,-1.081762588157253,-0.3189599746975153
sinomonas,4.721631352111836,4.447615333333333,-1.0141277027043671,0.4371239236263542,0.6438529436634014,33345,6.993323014941926,34988,174.54745325773962,8264,283.7872806464004,16728,105.3167339384275,8576,34.86015765782528,14335,570.7618182628671,15776,14.53420833565978,19221,3.144166995390154,1333,0.4847596193509701,583,0.0321405142455978,34,40221,0.0336016913419227,0.0572653632189338,0.036370030809744,0.0289412711992861,0.0512788977914159,0.0226047368139893,6070,6070,6070,6070,6070,6070,11.24606612431908,13.555345712373189,28.079919055924908,17.7249819512748,20.877006223085647,6.769957092696248,68.91986996736998,0.1549574006711422,1.4849591857833424,1.0538892960834516,1.7364485320191465,0.8677834986106253,0.1296506330696985,0.2759247841116303,0.1135313424481879,0.0235078209764074,621.0,621.0,620.0,622.0,596.0,620.0,622.0,392.0,-0.5506535752158749,0.4118732971328422
thermomonas,10.377280130032045,2.6018378285714285,0.462634667250663,-0.6937118435554684,0.9856714246531206,916987,5.503696678439379,1054147,121.3235385027638,216701,165.8429104660916,406494,91.23477661348772,383857,36.50087451415276,285822,291.23940628073126,509810,19.72563112407056,405648,5.7444997703837375,135391,0.1756050145763167,3520,0.1470281546568727,209,1122262,0.0330795408429247,0.0587875693887706,0.0389304704197109,0.030449035629195,0.0530344618466062,0.0250624166295691,68560,68560,68560,68560,68560,68560,9.792894530585816,14.710501788291522,30.51442322884863,12.299286238042088,10.838381212620057,7.421274073319342,47.974985517843656,0.1533960249210811,1.520571542587625,1.4362137271933724,2.042498948279366,0.6940936702809514,0.0728106661641967,0.2926992756696417,0.121206036427471,0.0153455929881499,2002.0,2007.0,2012.0,2034.0,1955.0,2025.0,2034.0,1583.0,1.0729208015255989,1.7146025778087497
acholeplasma,10.126890256401287,1.4812049523809525,0.3972546626366439,-1.3802798264280836,0.7581705168722835,22451,5.792440629819776,33978,133.83313725805226,10036,178.57648237667922,14679,104.42158407809906,15688,26.62225923813396,9205,347.5792480955416,14287,12.11780255910868,23531,11.213190439280645,713,0.7358034090589282,355,0.0903327183250897,10,39936,0.0370365898664124,0.0604781105027456,0.0464948482727698,0.0341917442600625,0.0549642612684612,0.0217101414054858,3496,3496,3496,3496,3496,3496,12.200778958328566,12.744448930234434,31.388235320152614,16.99891462095737,19.31175574171755,6.765684326989399,46.10563476001529,0.0267350275446378,1.2952970337318026,1.4213959870530417,2.098146738978922,0.9307381579571904,0.0295327918143498,0.3168850200656841,0.2484803287510375,0.0009511897312113,143.0,144.0,138.0,144.0,141.0,139.0,144.0,118.0,1.00870029230644,-0.9803261114711894
gramella,4.9805776494710265,3.614038625,-0.946513506208972,-0.0735759597784001,0.8144520182260895,14722,7.840477486392103,59180,27.957477400541435,23214,92.9710823464792,37244,213.811608701194,36965,53.93797931129661,13599,210.65412892975067,36382,15.595206923267265,27010,9.787590699517144,997,0.1642510135072801,216,0.0783435976851051,19,64598,0.047875549411224,0.0582581098085603,0.0577536892682776,0.0465118960716893,0.0533964601356285,0.0239601887062877,4930,4930,4930,4930,4930,4930,10.281437379474465,14.561046654090688,33.025588701733504,8.209444737631777,3.669407061224767,7.106130555781372,38.349478564604325,0.1597976417968258,0.861308309445131,1.7695014242333365,3.2674144683619253,0.6663320550397003,0.1339702146822549,0.2849779974689693,0.0939810299291208,0.0333333333333333,485.0,485.0,468.0,485.0,485.0,471.0,485.0,366.0,0.3984461218143553,0.7616824699455014
spirosoma,3.8949248864431176,7.1888421,-1.2299913546808314,2.116566470577708,0.5965766923009086,257343,4.7591965911591325,293475,210.8730068870292,31602,271.89883852810976,65408,116.73358318658138,41292,48.4115106513262,36908,399.8879371508826,63364,16.038606766684556,68321,16.77084115724934,5449,0.2020876864330216,1066,0.5781588107528272,80,320264,0.0324515405798758,0.0608523361051758,0.0403778054297444,0.0291001802722763,0.0531214863495686,0.0239557000522863,23255,23255,23255,23255,23255,23255,10.403469783586964,13.559179209329004,32.79400812595879,15.025900914980294,12.99904175159275,6.828650729746831,38.0017899602575,0.1644897684998157,1.9042171167186024,1.1584867315203262,2.1228363121525864,0.721560370812844,0.098185726166478,0.2862895833579229,0.155640378497469,0.0222461705752508,1018.0,1019.0,1021.0,1028.0,984.0,1025.0,1028.0,696.0,-0.2614512501398859,-1.0270724388796475
leptospira,6.982325810937622,4.439781362170088,-0.4238314099442168,0.4323243555486125,0.7376518914359137,81684,4.293438257691712,97340,151.28685173560896,41562,137.7697167917979,50565,42.2487287729469,45223,32.692622030702545,9438,248.521977194707,52199,9.685246785431058,51965,9.698562616109388,2022,0.2320750626430751,333,0.0216271699258132,25,106699,0.033367788176038,0.0592416681146955,0.0383678864962879,0.0303207784781474,0.0536404688472988,0.023460811214664,8529,8529,8529,8529,8529,8529,10.201138190939265,14.66550383574352,33.15269472357738,9.6782364880744,3.3769941191067576,6.606997260249861,39.178218146626776,0.0220017009359468,1.121064821015331,1.5271095913953467,2.455199002664912,0.4197245850472629,0.0376426444580186,0.2260496824206344,0.1046447542586671,0.0,389.0,389.0,372.0,389.0,388.0,374.0,389.0,260.0,-0.1716239426607359,-0.782328373769746
yeosuana,5.91232576293861,3.0444871818181816,-0.7032221339410651,-0.4225178780423284,0.8930711009728171,4019,4.522094011894893,19672,29.491083574731245,3141,116.96793016803672,4120,27.808239826920364,11484,71.35482525017122,5272,207.5853697093456,7028,15.302197113346258,6925,0.2120374455153256,3379,0.2595472794898964,33,0.0,2,20659,0.031353155783994,0.0649281279375209,0.0424111791879892,0.0319702096827774,0.0471264367138657,0.0232800043188855,991,991,991,991,991,991,8.697997506831378,12.60597835799623,30.34129997561948,8.058887201013569,4.287577630925961,6.5124026072793,43.11562452199989,0.4132762268659095,0.6850139572795622,1.2477644300089763,2.602740911597808,1.0699395212018918,0.4180052092717924,0.3034287693515159,0.0961498869051841,,77.0,77.0,76.0,77.0,77.0,76.0,77.0,54.0,0.1804743752362777,-0.467655599468642
amycolatopsis,5.580340254721958,9.139227658536583,-0.7899078043488087,3.3114915055279908,0.8464427535688017,357380,5.543747488543984,366421,173.72958821432283,38670,198.5946948949333,84729,106.7389893542634,69757,33.921934295482245,82636,310.81959127624754,104401,15.462239030356232,88827,2.2843311743213914,31892,0.272725017075293,1668,0.4586633385585533,245,388278,0.0356356270997202,0.0590693343081892,0.0426820464095658,0.0313490381776137,0.0508005756358908,0.027824133305519,30304,30304,30304,30304,30304,30304,11.641019961581405,14.989869381712708,34.93454456842122,17.63792742970402,18.308594813982005,7.754448994059374,54.5567025224718,0.1904744316343717,1.7830984813380184,1.1530045880524746,2.066941049564336,0.8681848311152366,0.1129038431100178,0.3299118764362025,0.1298244356693161,0.0200702551265565,2298.0,2302.0,2298.0,2328.0,2197.0,2310.0,2328.0,1543.0,-1.1038378594197469,-0.3097027051898631
brevibacillus,8.162313624332864,5.758171293478261,-0.1157214709694674,1.2400503602102548,0.7442048760462114,220564,6.906705672557134,244421,198.8445115967333,32386,199.45043953744528,106538,125.40606478133267,35407,34.739541607604174,65097,360.23114591444704,105594,15.08982526665545,94314,7.657115084592102,8241,0.2101215929790302,2478,0.4836675340648016,117,269945,0.0349374114700304,0.055654941461295,0.0407773593161489,0.0310362239012417,0.0507018084929419,0.0246167287895887,28454,28454,28454,28454,28454,28454,11.363432213229128,13.945489461296257,34.73319245212629,16.8240198607824,15.997207364471848,7.231020688266699,53.88763044518739,0.1662674276616421,1.8889946313329704,1.0702037380631653,2.1622389629888743,0.8368782749666382,0.0793631723628752,0.3064206079207136,0.1012635914333661,0.0195978020745655,1512.0,1516.0,1490.0,1537.0,1458.0,1517.0,1537.0,1017.0,-0.472488294786089,0.4108133413642933
methylobacter,5.082496370419925,4.918842666666667,-0.9199012221366524,0.7258265010671732,0.862822938500243,256569,5.334281868696423,426347,164.64151787026196,58766,136.0325974920939,132722,62.72148402854472,95103,40.5369744246246,81458,238.31113881222555,138538,29.40550145319347,109090,10.66077195248086,21249,0.1822168272464444,1793,0.5545707252257925,82,455642,0.0337825323210275,0.0580094841580133,0.0459499516203075,0.0314303434075536,0.0525645497979796,0.0224737965268772,31154,31154,31154,31154,31154,31154,9.079966732437772,12.320345172498849,27.405665868972136,11.027062135063227,10.021876101042595,6.579629101846824,44.89237279833221,0.0966557010659128,1.0967808647617328,1.3564220049923357,2.283295840309266,0.9051696626808752,0.1799398838135114,0.3093294426806715,0.1063167650849062,0.0417756469532498,1219.0,1220.0,1209.0,1220.0,1202.0,1217.0,1220.0,1012.0,0.9141873669044712,-0.8361584150148598
methylobacillus,7.481396402638552,2.9406275,-0.2935176831349382,-0.4861486475500938,1.0118897387896688,414048,4.589320990480688,642976,188.50618832378456,84451,189.06992789027635,141083,53.11614433393431,178258,33.24385699798739,177123,267.61068395704405,226559,15.6964171308188,138833,2.9825817160265795,88445,0.2108401363514711,2378,0.060395459898124,203,679178,0.0341427760779942,0.0563438407645172,0.0406357066175241,0.031132849336433,0.0520914913036379,0.0248438808884971,38921,38921,38921,38921,38921,38921,8.849316135281029,14.297657216729808,26.15082956413221,10.052501496290898,9.075702223341558,7.13776162016845,51.40902630672822,0.0924316002669897,1.3464167578049946,1.5213629157533146,1.9257994009272428,0.6945541588974244,0.1025074896194007,0.2816853605103561,0.1218136586403283,0.0163607510272045,1349.0,1353.0,1348.0,1356.0,1342.0,1351.0,1356.0,1105.0,1.0279400189376062,0.0112878022040185
ancylobacter,10.425739231827365,4.795823,0.4752879597062573,0.6504571573762078,0.8190102749583832,189581,5.741833712335847,217043,146.82489925807596,53225,226.31895175336308,91288,77.56371227991764,65810,44.60633823005546,41581,393.7180814893495,83187,13.130475486031854,87970,12.035673678996533,4883,0.5376642502917293,1025,1.5580349021944784,175,243214,0.0331680974295551,0.0569883596236455,0.0387624716285825,0.0285077996093064,0.0518649001102085,0.0253714269226787,24534,24534,24534,24534,24534,24534,10.429372176096011,14.322281928071964,31.008393148902112,13.860302472020642,12.11289265909218,7.052935689578371,55.22601451030693,0.1336959577915661,1.508351004708622,1.193069111692934,2.029453343212077,0.8607527446115533,0.0124845727774513,0.2925417454302116,0.0951644374182042,0.0005129891760425,756.0,756.0,762.0,772.0,736.0,766.0,772.0,527.0,0.914212730359482,-0.4420712180114035
nakamurella,4.680840772619578,4.4863735,-1.024778645718721,0.4608695381568091,1.015821021652045,516176,5.201355242164271,562918,127.81966813628084,77306,186.4852732644825,148160,108.22636605404008,170451,36.4657637064836,149762,262.25159563215027,209795,14.90520648052252,157293,3.7640642050752215,78669,0.1207169962598712,4690,2.5579369555747338,245,611259,0.0312096898942694,0.0613337689283633,0.0397824558620667,0.0293483958096382,0.0527823494720708,0.024648421670672,54045,54045,54045,54045,54045,54045,11.523373640369591,13.381556779061976,32.271019449406324,17.319063612998544,18.80254372251997,7.030383946634272,52.817440064902414,0.1069636168816434,1.8511388873384933,1.0469968541528567,2.2630491620088846,0.8879068038561846,0.1045954755156007,0.3167426495711621,0.1191592018241902,0.0203372242823691,2321.0,2327.0,2335.0,2358.0,2231.0,2348.0,2358.0,1688.0,-0.9026358075385864,-0.4384915945263061
gemmata,3.717213074370636,7.263506142857143,-1.2763941860924506,2.1623102126958265,0.8782256854279258,98256,10.2355165632703,112362,113.75614763148738,19900,207.5984165291105,35822,123.28303944097034,24595,29.900648799769986,21450,327.12482397416284,39413,16.88379598293439,32795,4.660255495525188,5255,0.2646972226683621,1761,1.7808718376289807,253,124821,0.0340749481018834,0.0592643295145528,0.0394978566938714,0.0295914419126219,0.0507622274689819,0.0258854498603813,15245,15245,15245,15245,15245,15245,11.65083290235592,15.024316386943855,35.41565877423779,17.62638879768239,16.964247685965546,7.241140376158099,64.69469285587857,0.2223612441334986,2.389421961432971,0.95662653233577,2.1852745406105254,0.8322238857409924,0.0125856523741566,0.3297708198866224,0.1228528284927608,0.0002549717059293,1930.0,1938.0,1938.0,1962.0,1886.0,1953.0,1962.0,1312.0,-1.0589995229753404,-1.3281100656964258
rubellimicrobium,5.049862451626983,4.5545795,-0.9284223565192768,0.5026566897162018,0.8346575243184877,314916,7.146473959216318,342516,224.1385367593969,47791,232.50746186814987,104804,107.4754482431821,56373,38.777661798312415,68919,409.4079137992073,106445,18.7115173174961,102170,6.928190154397745,10720,0.3353806809952299,1597,0.1168466636585251,180,369347,0.0376501527886486,0.0527312524316108,0.0459471688200785,0.033311258023238,0.0488575258832148,0.027945932287907,29348,29348,29348,29348,29348,29348,10.71688035480512,14.10804776585386,31.359204980985822,14.52972661202223,15.455069978314706,7.405425757274307,43.02990334160709,0.1631031547824127,1.6907428889654426,1.222755989002307,2.125689948184402,0.7936183732825857,0.2310999998712521,0.3072749692657023,0.1240798408624292,0.043366260799815,1358.0,1362.0,1409.0,1421.0,1359.0,1418.0,1421.0,1055.0,-0.4060922383058789,-1.0075049863015255
leptolyngbya,6.01940699811958,6.645172857142858,-0.6752618512479606,1.7834815652988218,1.073121972763477,2369,8.994860387029249,6107,17.126613974441806,1099,93.18722718097176,2512,387.7090389052644,3063,12.03399250586777,663,149.19420092019288,2231,16.562440555300114,2972,8.691974356104797,10,0.1554038879844812,11,,1,6894,0.0323954949003469,0.0448052868806053,0.0481538131849929,0.0371359622719877,0.0462201595389353,0.0226671714123809,916,916,916,916,916,916,6.252780434166445,3.493945891787227,11.37599812470683,5.9586620716575736,1.0687424976652653,1.6245557197430032,15.259794956199872,0.0141421356237309,3.5354868644107635,0.2624324023238625,1.739354420803762,0.7527946179683442,0.0081649658092772,0.2469514832668945,0.180639645645543,,20.0,20.0,19.0,20.0,20.0,19.0,20.0,9.0,-0.7781336427539224,-0.7904325390075974
methylomonas,9.15447329445223,4.041739902439024,0.1433441328812154,0.1884599036718879,0.5565827871857245,94055,4.947685594277781,255704,208.28676035544345,33586,121.59245838991733,62436,81.91111432572177,50418,36.59718787703883,41881,206.90933939691368,58798,15.478084379292357,67018,9.55100709277268,6490,0.189237479177069,1171,0.9109961355624157,30,267283,0.0330082482655603,0.057705533661895,0.0413466183011036,0.0302504786508326,0.0527511981310935,0.0223363052204115,16667,16667,16667,16667,16667,16667,8.942594184446651,12.223032769328531,24.52915564609641,10.125743330286252,10.624009542499843,6.785848066715943,45.875232120337216,0.0182176555655275,1.0517859469942863,1.407254616956034,1.8544671782241449,0.8261744966328659,0.2077800320966421,0.3058378251042375,0.1056811820051542,0.0287974389506875,498.0,498.0,495.0,498.0,492.0,497.0,498.0,411.0,1.024663979908165,-0.5627821848709064
asticcacaulis,3.9483192875745576,4.3056295,-1.2160493923254194,0.3501347505801903,1.0127233889436085,570115,5.69413256136408,636083,155.8725864204184,115458,220.4772873736171,182685,109.02855210453654,202551,35.71437011328653,178257,319.4236603464933,255861,15.652995076489375,199407,5.231688805046506,77603,0.3096814268180933,4922,2.4424986830775093,339,707928,0.0326498319301102,0.0602114010261337,0.0416714662028353,0.029875877357088,0.0529061155728349,0.0249912277788763,68908,68908,68908,68908,68908,68908,11.085027124520968,14.2201138752353,33.303859066053406,15.4125090963316,14.40852662186938,7.409700049407778,51.86377777146888,0.1012670465197649,1.833195425707788,1.1260793128921698,2.31673292331936,0.831656404863253,0.0994070253677356,0.3209881759456639,0.1460017818967023,0.0203385629496565,2675.0,2672.0,2657.0,2707.0,2573.0,2680.0,2707.0,1902.0,-0.3377162736965919,-0.5128309875720561
rhodovibrio,6.246091688301767,4.162603,-0.6160715738012991,0.2625080017236454,1.0618901125411433,3300,7.441081915807531,4396,158.59158916493988,1471,249.6091139890245,2157,218.4363132156249,1309,24.39733460847656,1181,490.1431200818348,1841,16.56118953475215,1394,8.820668741803626,209,0.594473810024597,145,0.2735820085177667,26,6030,0.0303954643744181,0.0505747001532052,0.0483371643907006,0.0347659736052391,0.0502751960826984,0.0214313479049756,1556,1556,1556,1556,1556,1556,13.202476650782312,13.683520975902566,36.24756738525452,19.25513838156357,21.880268346499584,7.629064393845852,64.35199897003673,0.2688011436744387,1.8243384886039653,0.9531560667625384,2.112094381902163,0.9974691363986562,0.1638349179567052,0.399558405971454,0.1608654371959341,0.0301511344577763,352.0,353.0,344.0,353.0,323.0,345.0,353.0,256.0,0.0749608881199091,-0.0118587080121964
luteibacter,6.0887978094941,4.598608933333334,-0.6571430211928485,0.5296318033979043,0.9331265767351904,142036,5.794925288744343,159953,128.24842162041747,26715,239.3772078734892,44424,80.21334711577626,43468,31.97414663514633,40941,338.5049822718077,50835,16.04063213905201,48643,8.834672380669247,11635,0.1867861870990083,664,2.1860707795472587,84,178348,0.0317203317727241,0.0630422334167893,0.0398905394124668,0.0287113000752176,0.0528598516578805,0.0256440152800524,19966,19966,19966,19966,19966,19966,10.739229791826716,14.687626582405288,32.86174151887715,15.91403390686555,15.487003161019151,7.390402660772004,62.382224838044046,0.1729222351952465,2.033563186938256,1.0266807547145098,2.060840478236341,0.8137427547964673,0.0103125164614435,0.2862291915720492,0.1081345987567401,0.0002672612419124,929.0,929.0,926.0,939.0,896.0,933.0,939.0,626.0,-0.054884872159498,0.0600402652890135
roseococcus,6.768376838082659,4.1368855,-0.479696228395501,0.2467518941930957,0.2408174926228787,77426,2.571932783760842,81611,54.60974340901645,24317,169.9233039785859,27811,89.80927758796207,24802,24.275825327065547,20921,402.59725283548215,26626,10.10648776351108,31834,3.5610320310268984,181,0.0622584431451982,58,0.0,3,82440,0.0525359684991937,0.0559261657473866,0.0604991492382393,0.04937678144017,0.048387842793359,0.0252179839364536,1267,1267,1267,1267,1267,1267,8.607867069958223,11.737759581794132,32.68048851700575,13.599919090765296,2.894660251396439,6.159027779479956,48.64835594582703,0.022426350047892,1.868184375889821,1.2482250673819124,1.7295027349342145,0.2955076342580034,0.0037796447300922,0.1855235248179312,0.1158294285651929,,23.0,24.0,24.0,24.0,24.0,24.0,24.0,17.0,-0.1006934432307889,-0.5980426794332818
methylocaldum,6.007506556133258,5.659586,-0.6783692091482324,1.1796510023809832,1.1320274709996585,126716,5.017818735949747,139554,138.187035919916,18161,136.7949398225483,55557,58.7797118998464,41189,33.726185832085726,45482,215.92593584250028,80548,15.055486696074498,38026,2.814955931019224,24365,0.16615453078795,561,0.0853929849637993,23,147727,0.0341796787758369,0.0530672339918384,0.0372106198810337,0.0303634139135351,0.0528345321352325,0.0234764073253607,8777,8777,8777,8777,8777,8777,10.392554805242332,11.906913461970165,29.1701061936269,16.69768662855006,16.791943574806204,7.677460147506006,42.73882614863216,0.2516902239337223,1.1150193439514058,1.3053932496541882,2.4062149939667314,1.1197206797018664,0.2575631533807413,0.3142693020224631,0.1091255950347754,0.0376734085833192,193.0,193.0,194.0,194.0,189.0,194.0,194.0,146.0,1.40233359073385,-1.0010360390755404
aequorivita,8.344793350630235,3.115715261904762,-0.0680736760555214,-0.3788792160791213,0.8423089106421718,152400,4.897811580594039,192572,56.91611245493194,31135,147.64237443891938,34209,29.843383659787825,155120,25.53613801062372,126759,153.6564279372164,150936,12.21329814397698,58372,1.5802240265019356,105931,0.136586887848756,367,0.0807447612945769,39,198821,0.0397213896302853,0.0575630763125392,0.04544601026937,0.0361404084545118,0.0540313145819308,0.0235072204811178,5552,5552,5552,5552,5552,5552,10.268187922688394,12.365746803138164,34.41326064439058,12.735520861259031,10.761204053092705,7.003457305244361,39.16461967410952,0.1635458448123939,1.1151497745936156,1.2476562910126572,3.289133787231245,0.9857027282515034,0.1883128339495305,0.2769455888468817,0.0992360146119154,0.0389249472080761,526.0,527.0,515.0,527.0,520.0,517.0,527.0,349.0,-0.0246074373442634,0.2243358373335769
pusillimonas,8.705563163183303,4.13528675,0.0261279450695478,0.2457724025273245,1.1380168848030037,112562,4.421570756642491,115235,145.2709026942212,12941,154.6603332032022,23041,31.658524859608463,72847,24.040090031353984,74232,175.95936789716572,83737,13.718368203921532,37624,1.270447362478983,59286,0.2003497262411647,412,0.3734339105775354,14,120911,0.0337349104096237,0.0542317385234995,0.0387754083208079,0.0317710691567777,0.0532984129028462,0.0233484024112721,5000,5000,5000,5000,5000,5000,11.390307485017216,12.390717222039315,32.14497478928206,13.813889380293752,13.341318743647935,7.788206750552825,34.13028307691303,0.0227189143297601,1.6886966771268823,1.1494326541692597,2.654289689949072,0.8553057663959784,0.0361796835630095,0.3429367586648991,0.2013618451884638,0.0005439056290693,322.0,323.0,304.0,324.0,313.0,308.0,324.0,231.0,1.5744973683900012,0.0019076815708163
corynebacterium,24.0746616948328,2.5337843070539416,4.039196518259384,-0.7354055775055846,0.7471261499288899,516403,5.615077800501461,607046,132.07474708007538,96557,197.7919589444052,182170,119.71861851977202,129151,33.74762858324779,104604,383.659383261422,182490,15.029240633102871,221430,16.397712627998875,23689,0.3856358658776284,2985,0.4167972506979144,214,659191,0.0352206196739725,0.0587929794571719,0.0447251821914223,0.0343159585507117,0.0538271911757198,0.0238007914262007,44465,44465,44465,44465,44465,44465,11.47456084411662,13.598967368057105,33.26921682420152,16.177681858038742,17.448200823075673,7.301350127755625,51.06517486552668,0.1219480787859168,1.6122982153787384,1.1916795549903758,2.5165967335171926,0.8335294195100326,0.1679107598833895,0.3049326540616666,0.121093225803996,0.0268107709261534,2686.0,2692.0,2627.0,2706.0,2596.0,2654.0,2706.0,1920.0,-0.3885429523013413,0.3887605613840754
nocardiopsis,6.633510823277863,6.331488878048781,-0.5149114730951129,1.5912996461691622,0.9149400518293777,83829,5.467142010900307,89497,125.24698906611066,8658,244.6578484207394,17458,75.59832620650232,14840,33.24110245880367,18395,389.8138806278213,22537,12.747564687176132,59843,2.487875474938292,6571,0.5210417172832552,298,0.0024198875709123,37,93351,0.0344455676270086,0.0569726827406196,0.046192608658216,0.0313550888070603,0.0523621483402878,0.0263719510372449,6356,6356,6356,6356,6356,6356,10.705744953436673,14.571851687120493,34.7165394553114,14.707138702603016,12.75757856579367,8.1393943465202,44.80568545572687,0.2677693650171233,1.5647985988812363,1.024186558079128,2.354155435288753,0.8713788583869385,0.0149906756999754,0.3524432857921924,0.0911636628296905,0.0,362.0,366.0,362.0,369.0,340.0,365.0,369.0,258.0,-0.8042644797230627,-0.5300218003084715
flavihumibacter,3.612725296844437,3.5983915,-1.3036772837581558,-0.0831623419712243,0.8547702402310281,446535,4.939328399006842,501752,135.3799033859497,139512,150.8876189914123,216107,78.46170795210084,163853,34.42900382890352,107058,287.4489506483776,231165,13.685427433902406,222333,5.634855089831985,17633,0.1714951238748583,1914,0.2399943759748813,119,546957,0.0344460896087254,0.0584455934298621,0.0410380217149853,0.0312284071355346,0.052797875602711,0.02422399358929,45986,45986,45986,45986,45986,45986,10.191124891973354,15.15957864913512,31.055360709134,13.16869114504991,12.415697813169384,7.544521023202406,54.23343882972794,0.1496318855498157,1.5052208869499204,1.2939368618398055,2.1350378790711373,0.8262594673194866,0.091596533443846,0.3285974369071765,0.099068461214709,0.016588483287443,1135.0,1134.0,1126.0,1138.0,1100.0,1131.0,1138.0,835.0,-0.0918512236524742,-1.0626917700089584
chelatococcus,6.083942002671222,6.73905175,-0.6584109345788056,1.8409974953350268,0.8212915951293076,382254,5.778152708160791,418980,167.3054225293352,88321,217.06812830538124,144335,131.98008962677827,107698,40.21675172659039,89980,401.3935654021061,154053,15.467576712883345,144512,7.198269264553444,15576,0.2559087393572027,2686,1.4275560013567317,209,452406,0.0373757342963462,0.0578682793083568,0.044219941101337,0.0345004958232224,0.0514988882433325,0.0258802627215071,35670,35670,35670,35670,35670,35670,11.063444341517624,13.457998977032334,31.643659772043566,16.12231085315186,16.928162731248438,6.847080668110504,47.02274168570365,0.1876475046242466,1.6192436472296947,0.94786714546596,2.2169462027010143,0.9033160367828796,0.1097015764905542,0.309636383410716,0.1170346572944947,0.0212226242137031,1548.0,1549.0,1554.0,1571.0,1499.0,1562.0,1571.0,1059.0,0.0859338333269753,-0.8699170773251452
actinoalloteichus,4.280715894695612,6.540962,-1.1292563787257297,1.7196356443891836,0.6803630062749854,78047,5.309373808368847,81958,159.51172184481862,11778,221.99078724155788,21070,171.35243117009415,15798,55.6114939061402,14295,438.3922596689755,20519,16.255190554781866,26253,7.923941646194777,1994,0.1798367437613565,393,1.8726842193575952,114,86918,0.0342995365690759,0.0572828848459548,0.0428171599815149,0.0308792713687089,0.0529716966212704,0.0248027463267496,6367,6367,6367,6367,6367,6367,12.238137389651364,14.226220424666176,34.91088582777276,18.96880210848248,21.03130248563679,7.272137325093883,53.074354061834015,0.1662033269208968,1.9786464939579145,1.021988044937906,2.278552330165403,0.9971977372794486,0.0138834073080225,0.3517515060383105,0.104637727985092,0.0002132007163556,991.0,996.0,987.0,1001.0,949.0,992.0,1001.0,678.0,-1.1181252661800791,-0.5328021500418817
anaeromyxobacter,7.515200732250328,5.189482142857143,-0.2846909394893427,0.8916367349106189,0.7971746625700867,444777,6.06413105020521,513029,173.82372058986283,98126,168.47784403513185,212533,146.33021743677787,112863,35.56028185862361,110861,284.4193590894822,210178,15.9463831980476,168380,12.6784419438349,11319,0.3054777606577779,2282,0.3988688693633064,178,559144,0.0331976464062858,0.0573642378419741,0.0398817353458522,0.0298982894576428,0.0519096730104073,0.025129734023124,52989,52989,52989,52989,52989,52989,11.195291449872784,13.901587613409545,32.025614473272725,16.42164809567863,17.522384557010444,7.523743374306888,52.62574622616107,0.1519983546655092,1.8072034726579496,1.238414966691549,2.1946323991152377,0.885081032323386,0.1954478444516842,0.3236152658458098,0.1128948723979271,0.0366797053466044,2135.0,2136.0,2137.0,2157.0,2059.0,2153.0,2157.0,1621.0,-0.4025027887315579,-0.5436445477303669
pseudoclavibacter,10.651231275719802,3.943206086956522,0.5341668219235568,0.1280920843994993,0.6276292733886242,122217,5.754110215369873,156945,161.85567271586245,18086,221.26478826019,41448,59.87512195185264,34220,47.60661877467715,29390,473.36189056160174,39239,15.708325733089977,48685,3.9285384050213534,4422,0.2005285528939404,577,0.1941406002938747,52,167830,0.0330985556282284,0.0613027845283321,0.0426352615459546,0.0303814841028593,0.053677792487077,0.0237146311883693,12537,12537,12537,12537,12537,12537,6.925276156157191,9.246387475209932,21.5943007574461,8.548757482449796,2.731277803762564,5.196457173257176,25.6186731634516,0.0175310245666383,1.294995354462628,0.8150643500605409,1.688780736075514,0.4595110905269743,0.0143258578304501,0.1818852436468969,0.0726094896223005,0.0004787135538781,478.0,478.0,477.0,478.0,454.0,478.0,478.0,247.0,-0.9057029063431687,-0.1578079523906004
ornithinimicrobium,6.789944599031365,3.6819151666666654,-0.4740646096327554,-0.0319906544687145,1.0311457301588105,179242,4.589307657264699,187875,133.19173450210377,42812,221.92866613202585,46974,31.369588076453912,116470,23.83930714104951,87900,250.39237888042737,127607,14.471443498525442,59387,4.390678716993648,73842,0.5090641940594913,768,0.0090949845293845,40,198219,0.0359239469409849,0.0558616052652681,0.0427346048106296,0.0316407428876536,0.0518235901671571,0.0250094855178058,10699,10699,10699,10699,10699,10699,10.500682534938454,13.282837914896144,36.06519076325362,14.776880980371038,11.336021566880325,7.367841149368176,40.51639684613555,0.3367877364700338,1.80752601638435,0.9876693069568252,2.116158111113428,0.813973262863585,0.0148598160185264,0.2801816118988239,0.1359711566788391,0.0006685579234215,462.0,467.0,478.0,485.0,465.0,483.0,485.0,324.0,-0.4741060044032945,1.2699816569471252
leucobacter,11.389151765947924,3.3365083529411765,0.7268473179688566,-0.243607915043942,0.683923157731904,136983,6.419925546368566,146131,130.62133860624252,21135,187.5947094275613,54637,86.38856843759618,29117,53.155356563278914,33756,463.59916676396,46936,14.007692677275834,73028,7.606519690634505,6303,0.2643430003479052,484,0.0893327269786761,39,159722,0.0355234404501553,0.058701071419806,0.0437848527231458,0.0336456693137338,0.0533895013224361,0.0232100706709016,11504,11504,11504,11504,11504,11504,8.362235273127835,12.39150713065012,27.39122219506258,8.194448254044968,3.7677178600142303,6.488381444271736,37.80242779366607,0.1778666835900616,1.2986454435553083,1.0008947321953374,2.461525741986698,0.4638660549996027,0.1514790866063071,0.2599133525639754,0.1222690410897413,0.0190712414570276,417.0,416.0,413.0,418.0,394.0,415.0,418.0,295.0,-0.5124657839491885,-0.114920993806408
marinobacter,13.684572461370982,4.019124467005077,1.326211076102248,0.1746043099109285,0.9056317032818342,53220,8.245118800566727,115383,54.92669178439741,32316,180.2135483828848,46190,176.70492112362248,53909,43.17097082979393,29224,307.8103370795018,50977,17.020879614282855,48625,5.549118948730337,6484,0.6479160119758112,692,0.7774684211863551,106,129898,0.0413759596006553,0.0546713856515366,0.0521644797391719,0.0415415185982353,0.054139043057401,0.0239701165245125,11089,11089,11089,11089,11089,11089,10.15207323256327,14.7877668675345,32.16953073068792,12.546166819378206,9.824934717669947,6.7331036298142655,48.67939442411669,0.1028067279333465,1.2941057012174926,1.6154774803466725,2.516175907558364,0.6583593588248596,0.0329393937348137,0.258952221206269,0.1115956816118872,0.0003258125936084,1211.0,1212.0,1129.0,1213.0,1205.0,1135.0,1213.0,903.0,1.0663913807421754,0.7603776416431668
chitinophaga,3.851783949084105,7.00973895652174,-1.241256006252743,2.0068369716877315,0.9859179171142032,586916,5.414556014196141,605186,182.8284149429852,83627,230.6840151916259,164319,93.72636828245425,154963,37.37290074290871,168343,341.7212906035457,237541,16.365841486197468,152720,3.791465174997264,74038,0.3129334710279692,2589,1.540905464784352,339,660987,0.0344084392241345,0.0580115556276356,0.0399991458353905,0.0302595476098551,0.0512364919479337,0.0267697233930552,55962,55962,55962,55962,55962,55962,11.495123103819,15.55031544722652,32.91499666159974,17.413979874495464,18.269164969938547,7.576515991058303,56.77554602964624,0.1618063031139569,1.8855278955383896,1.1507886600565598,2.1805123050215616,0.919822486141502,0.0956967920984106,0.3234797123950969,0.1344419383777848,0.0192058590479749,2112.0,2116.0,2116.0,2144.0,2050.0,2127.0,2144.0,1434.0,-0.4211312364694758,-1.420856736731291
lentzea,4.008889633639774,9.4789339375,-1.2002336987919964,3.5196162711603645,0.9016898217663072,287857,5.650346002462629,290319,206.2051887303072,42983,205.944519853548,82449,108.63478238204964,65360,39.395780017854406,83147,310.7209314920539,118717,18.39881821289597,76162,3.085531666261472,24635,0.2566596910525605,844,1.6438968831596903,149,319119,0.0366410688267523,0.0557789851127215,0.04227736669461,0.0322050180566915,0.0494029532446966,0.0275827240900419,32195,32195,32195,32195,32195,32195,11.07013242785074,13.843001020128456,33.047660187965654,16.47333941617273,18.247086708945645,7.197416076075943,55.84372569716622,0.1730854940329323,1.6944747627666408,1.0812848227275706,2.050015444090385,0.8040216256243692,0.1760921327074322,0.307582331246534,0.1622246580889974,0.0296015839893848,1309.0,1310.0,1310.0,1319.0,1262.0,1319.0,1319.0,940.0,-1.1711973154239,-0.5830307299379792
thermoactinomyces,5.724654062335377,2.6202456666666665,-0.7522256198785775,-0.6824340803034602,0.9439956988578784,293407,5.231111519086023,316838,125.39749770557592,83454,166.87854321001936,139798,91.4153614546512,102400,40.04812116933503,86740,303.0737109456052,168478,15.766472402934218,137828,4.232058003093533,23762,0.1984558141142337,1252,2.5747916120177416,60,344072,0.0327413221440774,0.0540945402434483,0.0372501532754545,0.029425951820577,0.0522518501687622,0.0241868336894292,27954,27954,27954,27954,27954,27954,9.511619160425548,11.282123495173805,31.35583856535952,10.393979602195348,3.578924851703495,7.061591188985374,32.32038987538654,0.2417635039199888,1.4364158141834509,0.9936201168110924,2.6275348676605192,0.7325436838109403,0.1672655183329439,0.2857358836127772,0.0801485358006121,0.0403640253871507,622.0,623.0,634.0,640.0,589.0,637.0,640.0,475.0,-0.707702705341854,1.6878329645173482
rhodopila,5.54062999170926,6.858425857142858,-0.8002766628866854,1.914133347128796,0.8608481224907705,171534,5.742903955406979,197034,208.6396738659171,30083,270.7152508776005,53431,172.43383799058313,34299,49.72506463011629,33205,491.6086803848811,52118,12.583858161299789,54743,9.742988975826938,5799,0.1052330681209496,1733,2.1828852606468616,167,219211,0.0337278846592708,0.0605781241567729,0.0400098213824398,0.0302008334639222,0.0525673904810464,0.0272577170285013,24554,24554,24554,24554,24554,24554,11.850861289080107,14.747912221228644,34.07391317201889,17.45292905502444,18.96633775613898,7.431462801371373,63.79856426365901,0.1964727402952564,2.1063781291265014,1.1151825069585326,2.134310298223687,0.8341936023932399,0.0966033366682399,0.3088762549507679,0.1550945425300206,0.0205644973370281,2128.0,2132.0,2117.0,2140.0,2047.0,2128.0,2140.0,1451.0,-0.2143389577881817,-0.6955023832595384
blautia,7.697036243722306,4.15744437037037,-0.2372113573215668,0.2593475108845386,0.5727221877642674,134168,5.080390916906328,141639,91.39008527172416,25799,128.85030402695315,37018,129.34374664526038,29406,24.98589669704131,22923,460.3405077287999,31791,11.742337933301952,94350,16.219528284869437,2262,0.290227874894124,341,0.2668576042618628,15,152251,0.0358746014220673,0.0576130860691405,0.0424728264306474,0.0345091767923061,0.0556711159890924,0.0211462155313844,9607,9607,9607,9607,9607,9607,9.066835481318789,10.967823780559709,29.23471072267195,8.029456257787757,4.187409929943981,7.438244086009579,30.85805202156717,0.192172420914189,1.00270656339504,1.120664948024929,2.5079534937322885,0.4470146096580146,0.0113008397178339,0.2858496017828678,0.1318279588095838,0.0002581988897471,304.0,303.0,297.0,304.0,299.0,301.0,304.0,252.0,-0.9156590755665948,-1.1609780833848011
nodularia,7.600914777625924,4.867835133333334,-0.2623099038632502,0.6945761781326693,0.5323286862743026,109638,5.581576606174863,168979,61.907044071537065,25374,143.1730845310352,45824,69.60813977534595,45427,56.05193441627835,24375,287.38050902073786,41352,18.121862952995944,63726,1.5073816028202014,5158,0.3497419185005077,200,0.4766740607761737,110,173133,0.042385515757526,0.0615448201898035,0.0484864979067178,0.039064637895738,0.0542657582530936,0.0229490431974333,6918,6918,6918,6918,6918,6918,11.613604664157752,13.15306897756396,36.67091459521701,17.272377874719098,18.426479554044544,6.599787919768304,40.28959183743731,0.3381585936211499,1.5937206272136537,1.0833318725620322,2.322375698094512,0.9152791695561772,0.0204446773530261,0.2814170495581967,0.1048067625180632,0.0,325.0,332.0,330.0,333.0,314.0,331.0,333.0,241.0,-0.9563956275941776,-0.3137849339317817
sporosarcina,11.541482243999427,3.46575935,0.766622757819711,-0.1644208786644494,0.9042743826139036,472896,5.785149736480656,517645,101.61309702117038,104727,170.5989334010733,170730,111.78077069638664,153467,38.32020176581795,136763,295.61200451118617,197788,15.790877252341923,182773,4.506283649023891,38855,0.2765951514590509,2758,1.8874907322613488,335,567540,0.0360613415500576,0.0604086711350685,0.0419839030848836,0.032595438915445,0.0527904711577466,0.0263799048588369,54026,54026,54026,54026,54026,54026,11.019085400401156,13.439156810787608,34.26152204377156,16.666753204834226,15.356702760970364,7.359959223292437,47.82203669735718,0.1918942162532529,1.8405134187628684,1.041801780676178,2.401334352249423,0.930922093052878,0.1033143413998649,0.3064348699083903,0.1256000195626585,0.0272570608910985,2636.0,2642.0,2627.0,2668.0,2537.0,2646.0,2668.0,1773.0,-0.4415943837570249,1.9268826271502704
sphaerisporangium,2.571538947223644,8.555188333333334,-1.575544381876695,2.9536734279554366,0.9214677440131268,286257,5.29475938493917,301120,129.7318355543298,51891,184.4256820197756,87493,103.9932396261948,76995,34.23148720515809,76651,312.14803661870127,121301,15.682734096599653,95405,2.9089432385091274,28531,0.3040084109343566,1571,0.1391963648248027,105,324984,0.0341542884902341,0.0573888946575454,0.0386685975490668,0.0302307680591694,0.0503892349998247,0.0271467295062706,24783,24783,24783,24783,24783,24783,11.267051028002816,15.259218729001097,32.75099237033396,16.203442517860285,17.573536868606784,7.766872639859131,40.51333745069475,0.1596136141150453,1.6688000386754964,1.195864199984486,2.001488253706984,0.8512172756511357,0.0138653787757473,0.3283136793014649,0.1243278395908858,0.0006119304490372,1082.0,1085.0,1083.0,1099.0,1028.0,1094.0,1099.0,737.0,-1.4087870740394,-0.5024556141005132
lacibacter,3.880538724103814,3.6077465,-1.233747766018411,-0.0774308989480573,0.8131075888745188,198144,4.105510934054848,451201,258.6072400665257,50184,170.1878445701626,89968,58.74284761267413,67422,29.368937635140345,72093,293.0127182233729,95311,30.81375188622297,97029,8.976500397593401,15649,0.1999363683051441,1379,0.141368019348492,102,477952,0.0312368355274431,0.0530007177498449,0.0374933141000333,0.0286454245759038,0.053137899202342,0.0232615435677743,26813,26813,26813,26813,26813,26813,8.206686239328207,13.49658114265744,24.76003753733277,6.88572270931998,3.440255307567021,6.462372147604333,51.45698056642957,0.1059556001038625,0.9637874238352114,1.4816647030854444,1.638538388211272,0.4972174501399186,0.0216110162902195,0.2408922896843011,0.1208140892157754,0.0004216370213557,970.0,972.0,967.0,973.0,940.0,967.0,973.0,833.0,-0.3090086263370809,-1.0653708900927974
xanthomonas,9.303308667642796,4.944477458862507,0.1822069560650255,0.7415319367573044,0.887069886740627,294887,5.081934008408457,324309,141.8939584422238,61290,218.8875322683541,95421,78.30186230921595,86125,33.516338403734515,78793,396.398365883573,111338,16.766047508032287,116367,10.458547078932416,20355,0.2131432756101846,1220,0.1848063532499798,130,359531,0.0330217651339718,0.0573979507548697,0.0382282346651048,0.0301975378522368,0.0520943123993013,0.0258620327700148,32739,32739,32739,32739,32739,32739,9.29258378412977,14.739017349399766,30.068202276474,9.73104697625441,3.5222989787717816,7.787726120411588,38.97135133339436,0.1100921653210879,1.3764032149739165,1.219580641226983,1.862515632115124,0.5211734442142136,0.2820174097630958,0.2977609974226956,0.1457462260921276,0.0369140410761464,1132.0,1130.0,1132.0,1140.0,1098.0,1138.0,1140.0,792.0,0.365704708290705,1.029742042636837
emticicia,3.082371959713655,5.190807666666667,-1.4421593362704102,0.8924488315637604,1.0484005618907974,152968,4.9826354701809175,221077,129.83634540546387,46502,180.9541249010649,83372,41.04493793395546,84655,31.73567832932868,67080,273.57173182286283,109724,11.393336012326468,70830,5.414342286480815,36244,0.15617679342202,1181,0.063816474767277,113,244430,0.0333204715996289,0.0601558060834524,0.0469553959324814,0.0318548492625007,0.0527611606761508,0.0233933849854296,26499,26499,26499,26499,26499,26499,9.066834241466424,14.651240223875428,27.494091994996364,10.68918026498496,7.94723462610666,6.729425131746475,53.34635754975375,0.1525426206994724,1.636487177257132,1.495097230290428,1.8439829851957648,0.6481078318429081,0.0140834134038624,0.2750897218390272,0.1203823461353807,0.0003015113445777,932.0,933.0,927.0,938.0,918.0,932.0,938.0,796.0,-0.1063407771258445,-0.6634140717921546
fimbriimonas,7.1022316022184135,4.78722772,-0.3925224713137896,0.6451911651166493,0.8626271367337603,157024,6.454739883048781,164809,195.19818053369053,39243,239.98332776584184,68545,148.13279286693597,42131,41.26007661394325,34861,424.6410293007671,68039,13.260613964567632,55515,17.607216750061124,6880,0.1065287402309645,2563,2.183009676198608,84,187567,0.0330982140334819,0.0603300847898425,0.0434964000416328,0.0299206473282783,0.0524602413900188,0.0256097545436806,22002,22002,22002,22002,22002,22002,11.962668853843471,14.470339246118836,35.045355517963074,19.39498303856148,20.22045492782692,7.474884539336011,53.09895071212304,0.0239054196034065,2.058072698742452,1.0539832574465862,2.174952119539457,0.9316571844705096,0.011066658624957,0.2926058962271327,0.1053170554270337,0.0,793.0,793.0,796.0,807.0,765.0,801.0,807.0,555.0,-0.7528747010353419,-0.7497499604274145
prosthecobacter,5.284773074921943,6.055132272727272,-0.8670841825260451,1.4219867506613015,1.037499563435028,329321,4.992863903194496,555900,165.4832984429237,109801,181.94945186995807,153754,53.81979990665802,241772,32.43398090048083,152182,264.12236728767795,230005,22.29594701706126,204359,5.487641180673537,90382,0.2005355213717932,2554,0.4648106643055076,232,586928,0.0322673459284706,0.061362780492099,0.0421692476653428,0.0301968902914146,0.0528881693684318,0.0233255733780064,37284,37284,37284,37284,37284,37284,9.257482916501242,13.374748412403484,28.37861851518231,12.096270121376698,10.23411548364408,6.599699877392083,54.95195485278438,0.1153502578442261,1.467003249595325,1.3781210455266095,1.90744854013827,0.6244586769192395,0.0808419738129828,0.2653756817082436,0.1162596404099531,0.0159363612953532,1744.0,1748.0,1729.0,1751.0,1709.0,1745.0,1751.0,1412.0,-0.8516396848739716,-1.1134899519819843
bosea,10.31681611074004,5.3311020967741936,0.4468467370002449,0.9784017479324352,0.9120333285359392,823767,4.862366088134385,1049651,119.88773512331714,209710,162.6941074078511,335130,100.73709060644634,309576,32.9382989749438,240967,296.58813783647355,386932,14.69826446969811,360052,4.252041687573464,79871,0.2804944545135081,4842,0.4885988023415337,347,1133811,0.0339916846212483,0.0585731087646756,0.040633618722857,0.0307946849315844,0.0524588616374691,0.024890202717051,82456,82456,82456,82456,82456,82456,9.998028507049469,15.497492841789544,30.61844125919274,12.031585472294632,10.694956046127912,7.556072670887618,58.95715752846877,0.1401701688049134,1.6003999433407243,1.4576020246917207,2.0999601281850846,0.7069786977626543,0.1164248265790645,0.2986078084241554,0.1156246651834107,0.0219960974379363,3084.0,3091.0,3057.0,3113.0,3031.0,3072.0,3113.0,2382.0,0.1772734883477612,-0.605391245596172
nocardioides,10.693574968769331,4.488676625,0.5452233027900131,0.4622805728668819,0.9544055421999798,1223260,5.4933128831989,1328177,134.59632591001866,230048,183.96461067430755,426848,91.618151531819,398122,35.766063532844974,358995,299.20877191880203,549630,15.893307172377122,409514,8.677412369239127,144082,0.2619471925413524,7713,1.2474455232534611,551,1438579,0.0343134753205804,0.0590971947022678,0.041631581108571,0.031340475717539,0.0528581704966986,0.0251496011274161,106806,106806,106806,106806,106806,106806,11.152363936088957,14.508656797676895,32.995911708533555,15.290908058798047,15.516761361151811,7.483822169747842,52.08895528106847,0.140201217754839,1.5348894423128492,1.296499446913589,2.314493216821899,0.8467323152414934,0.1668161469911813,0.30339706005579,0.1271951846462005,0.0315210368931243,5245.0,5250.0,5269.0,5346.0,5138.0,5300.0,5346.0,3846.0,-0.8156609530932925,0.1701432954782341
agromyces,10.298889073741902,3.68971835,0.4421657579148755,-0.0272099488915549,0.9706010306815246,449783,5.58559577184293,464983,145.51823868326505,56939,221.9212160809664,102595,65.29533861701773,128138,34.775860767132926,123843,279.7785482181606,178194,17.259483475467693,111405,2.858262438346166,69723,0.347947774092874,1459,0.1269651988354969,172,498280,0.0360928108883639,0.0555646870723299,0.0416030127301123,0.0325489775075336,0.0512969106721405,0.0253268705363579,38888,38888,38888,38888,38888,38888,10.449161096592348,13.91410489244348,31.56365138781553,14.36475843896415,13.235078538492296,7.376596652788585,43.60592260520203,0.203235890413395,1.6213543314308891,1.214121119691656,2.1321166978016746,0.8754827695305127,0.0846421947570912,0.3054241054186087,0.1032791056662818,0.0199468460330616,1301.0,1303.0,1314.0,1327.0,1249.0,1319.0,1327.0,898.0,-1.12524774251323,-0.0806386992239926
trichococcus,11.737547180989532,2.555900269230769,0.8178178253325603,-0.7218559914960709,0.8674480366555761,271120,4.967642432114594,309970,109.12914527866134,81226,162.0242822707919,134680,67.36298544380668,120314,40.82500430309384,79814,393.1490798771983,143573,12.816143724364425,183255,4.071755033435649,31743,0.5898697696787369,875,0.0528863427359452,32,332237,0.0355535806557515,0.0597909823029015,0.0426417720911767,0.0333250317980784,0.0549202805004599,0.0218372881360024,19110,19110,19110,19110,19110,19110,9.769261926399786,12.525855660834848,26.188341341664508,11.8941717161545,12.510409191331616,6.893669673276042,42.39607665574411,0.0203141389166196,0.9718067506721592,1.3652960506949932,1.9086195291342745,0.8218977088485186,0.1105237832590465,0.2762465997840372,0.1198554313703929,0.0184156310774378,722.0,724.0,709.0,724.0,722.0,716.0,724.0,578.0,0.8197108462525154,-0.6412739375686316
phycicoccus,6.609452226728232,3.782461714285714,-0.5211934809519534,0.0296102871512433,0.9748830218618426,362011,4.879178476046556,400757,142.8468704750523,48623,161.9508906109832,90183,79.69093960951837,125983,36.8948836098443,118544,246.61917832067627,142150,15.134714941064518,119201,2.9086987770236403,60392,0.2246151736946857,1141,1.9108748828398536,110,429899,0.0317834587011492,0.0595437362957108,0.0362545359678978,0.0280804089320891,0.0529335470182166,0.0261539954935646,35484,35484,35484,35484,35484,35484,11.008934172678012,15.31146873632487,30.4392950156706,15.875773375317577,18.54870160162628,7.694529042405255,54.89361812610473,0.1643187450598418,1.4714372994485998,1.3813247416501897,2.228877454424824,0.9181555965366228,0.1720845686999419,0.3182071040149326,0.1089390667541355,0.0299545387252733,1429.0,1433.0,1435.0,1449.0,1390.0,1443.0,1449.0,1035.0,-0.8766788542620619,1.3443290239189898
ferruginibacter,10.110978215497145,3.0659743636363643,0.3930998248524871,-0.4093535211936548,0.9107683148065108,633778,5.976356468918149,800581,134.50497898087966,132601,209.14463683727217,233013,111.09769982278355,223635,36.63408459468857,187332,324.83985078665665,283138,22.9373038007725,229188,6.852274540365085,76128,0.1854866880746007,4834,1.015450543979263,421,870931,0.032900616310185,0.0595662612581255,0.0433172650815503,0.0307558399036691,0.052706083292354,0.0245513109948246,73932,73932,73932,73932,73932,73932,10.811649201963052,14.007610188700692,31.6942700990535,15.467996314874126,15.690937094674911,7.01759420014046,50.76137849576074,0.1361727250305695,1.7484285116733589,1.2082192396115876,2.1445790446233777,0.8870637462703619,0.0805650606935711,0.3171055140842277,0.1181549340118768,0.0180377115939917,2682.0,2689.0,2689.0,2734.0,2623.0,2710.0,2734.0,2028.0,-0.3338502623864123,-0.6217277559713926
oceanicella,9.319871830717457,3.326226,0.1865318101916775,-0.2499075109847699,1.033429111824157,19417,6.890859355204652,33939,131.19101830333807,12496,106.06580396615104,17196,76.13917737772233,16237,69.44250025968182,7422,221.99505188897967,18979,14.444710922640986,11022,3.2731738446846523,2138,0.4902820389757092,244,2.0212524245220744,11,36552,0.0343123287800485,0.0557927338844813,0.0467682231911888,0.0356545220899331,0.0525658986155573,0.0239332635461482,3406,3406,3406,3406,3406,3406,8.46935089437191,13.40011954355306,26.381180493545312,7.968992094361748,4.248894558682514,6.976342304113777,41.11765610112872,0.0181616540824988,1.039500833800086,1.3133666640937012,1.4424799152103034,0.93271566449396,0.2489436699730927,0.3168643397854354,0.0953519802507585,0.0707106781186547,119.0,120.0,119.0,121.0,119.0,119.0,121.0,81.0,0.7246055202284932,0.5121698245439953
marinoscillum,3.256999270003611,5.8335905,-1.3965619078004086,1.2862567616032852,1.0091771894365829,30323,6.397403697508346,57997,126.6109555958474,9625,129.30072934154106,13727,50.93999536506462,40300,37.73243276667554,28696,155.91677355387543,36461,11.856054120516928,20199,1.1518581791131106,22443,0.5553353884926219,115,0.0258093975133089,8,60954,0.0413935440303509,0.0555070142158123,0.0504580023755714,0.041637209916788,0.0550061981469846,0.0218830819417306,3742,3742,3742,3742,3742,3742,10.092095279663951,13.624470026406073,32.64058220228607,9.447918243685116,4.320005112750477,6.991880259811723,37.07700695110006,0.0220597401434364,0.845925696479744,1.4732303441398955,2.753098488600593,0.7787124272062587,0.1428784931744088,0.2722724641735045,0.090147226475856,0.0377352935718324,383.0,386.0,356.0,386.0,382.0,359.0,386.0,277.0,0.7855210247323628,0.028504927961737
sulfuritalea,11.14475621956197,3.6788601914893615,0.6630325090124741,-0.0338623184094854,0.6271332845312333,133469,5.256939141594524,232937,172.84527017471183,35536,155.66984918633042,64842,44.88680918049877,53031,37.81530742775082,38692,315.163881420948,58231,15.834007635478574,68381,13.19843731614278,5005,0.192676338407744,836,0.6312800969586551,63,247134,0.0302388089779178,0.0596026083442488,0.0373877644937223,0.0283139709751924,0.0540049522067739,0.0214621399492515,19166,19166,19166,19166,19166,19166,8.675265157802455,11.739689457291313,23.44806232535082,10.073219736274618,9.806415575672162,5.843554118939012,45.96155799565987,0.1293520932530752,1.1633529206709583,1.3662594176797749,1.8015192890396448,0.755490040526638,0.1316354872727235,0.2769579386272525,0.1145284989540991,0.0247872235559552,1245.0,1246.0,1239.0,1247.0,1234.0,1242.0,1247.0,1110.0,0.2937153869309988,1.1979174235874972
nitratireductor,10.172807763276722,4.620160047619048,0.40924431208951,0.5428353291717499,0.8202843502458809,148988,6.226580976779208,188613,84.31576577193668,56505,178.8127129311098,89814,101.6772823829045,81660,30.341494370465742,45320,286.1440956937051,91606,29.45456986425886,96646,14.241589507232325,10669,0.2495704346082923,2232,1.0470539624962498,80,211353,0.0354288639817343,0.0587740172511276,0.0419364195059956,0.0317741425722264,0.052291493680159,0.0247507709970498,19870,19870,19870,19870,19870,19870,11.602161157549943,13.2899300784483,33.940640226162444,16.843266983390297,17.24297570621557,7.255526263320847,34.940002456570994,0.1381488128552696,1.5645120363424498,1.141911787268349,2.361677510943797,0.9526197803342528,0.0214186483091398,0.2929110422211736,0.1210000305547979,0.0005231483637805,692.0,693.0,703.0,736.0,708.0,711.0,736.0,496.0,0.3681916499743204,0.1841009643191003
solibacillus,8.565398975505605,3.8527102,-0.0104707204603608,0.0726487899128875,0.9284102540026667,102788,6.025641299794306,105510,156.92797735425637,17500,175.7269126818427,34963,88.05846099009976,22288,29.43378711279013,30857,305.15815581401347,39149,20.09307917616824,45230,4.325396637199117,5291,0.233796154249908,980,0.069080504279272,78,118746,0.0362996216637883,0.0566643449769964,0.0400784045181514,0.032821414647826,0.0514760489658229,0.0245663834982511,14548,14548,14548,14548,14548,14548,12.138670403004433,13.017629466075864,37.473977919756685,20.205388893269827,21.727116764326134,7.23858983382351,49.9205709133794,0.2233465608053307,2.146777996289176,1.0166709647143657,2.539403700804117,0.9829651000197978,0.1735586960127518,0.320093268630029,0.1626128811305671,0.0308823845400067,1032.0,1036.0,1029.0,1041.0,991.0,1038.0,1041.0,745.0,-0.6566593938611514,1.6568787242312228
rheinheimera,7.860246032370113,4.1983418666666665,-0.1945951900616141,0.2844038091007226,1.1253593049714552,154124,4.863805313040825,262057,98.27102618145904,48570,163.9229307306136,52606,73.79267161594026,191922,35.18309667400641,128575,178.67348868875172,153436,13.071123080727656,112459,0.407316922535954,94607,0.3260797031702482,397,0.0082375390915024,98,269813,0.0398899772789112,0.0610317156883183,0.0492101751818761,0.0384787416332755,0.0530828786719848,0.0235658114900752,9068,9068,9068,9068,9068,9068,9.050991055448929,13.470411516321825,28.072317637329167,7.291129522720279,3.2997883904518583,6.7118265722452986,47.8945027982952,0.0177970641478949,0.7955194309944142,1.5214847292496023,2.0937901384539392,0.5802924073566986,0.0353417827539605,0.2616837089058587,0.1058515805877801,0.0,292.0,292.0,278.0,292.0,289.0,284.0,292.0,215.0,1.2062604719966017,1.3725277768388775
oceanicaulis,9.966067216098464,2.8095335294117647,0.3552617059544386,-0.5664648018106159,0.953205864769651,6414,7.879960281923081,23952,118.41031501470776,5075,234.7277198215509,11820,380.769602392522,9457,31.302339188382987,4023,333.0248122123642,11493,21.350076296960605,9929,11.147126280878137,382,0.5565223236484235,225,3.5355339059327378,2,27740,0.043451817220637,0.0543488571308536,0.0573980378740489,0.0490458804455868,0.0523352673125128,0.0244453527320961,4745,4745,4745,4745,4745,4745,9.771173773720038,10.924572391505194,31.201932044098143,9.634382648439672,3.8168548607746113,6.207077260937653,28.831880134375982,0.0194926827274159,1.0809442718766271,1.1171696506538218,3.238592399603896,0.5618012706639025,0.1711935859076163,0.2044796812323913,0.0895314722974659,0.0406644808155717,285.0,285.0,240.0,285.0,284.0,273.0,285.0,151.0,0.6707598708769166,0.77126008414711
bacteroides,9.755689950802866,5.432726979565217,0.3003295061163799,1.0406633433843606,0.7026433986079432,336830,6.0221789510619645,394839,158.51568304267275,105602,160.86835782103336,176554,88.96239645070288,116019,26.488873212008613,91239,371.9189689072184,157885,14.015021457477324,242254,15.509739765123571,4611,0.4833449786960881,1711,0.2543323487548733,107,431331,0.0342141111197296,0.058527875947936,0.0423912603205912,0.0318420747767278,0.0544723092950573,0.0223912836008127,35888,35888,35888,35888,35888,35888,9.617814625626655,13.22324589250685,28.52139923847493,10.70907938496886,9.429147244430736,7.163719031223073,44.85860968628514,0.017966831272878,1.246690978254297,1.419212957562895,2.056243303533197,0.6580307521573446,0.0853664008090264,0.3063654886757115,0.1059875396386087,0.0155394462656782,1359.0,1361.0,1328.0,1365.0,1337.0,1343.0,1365.0,1117.0,-0.2635690779158345,-1.334219950780924
rhodococcus,9.550870505165337,6.072744884210526,0.2468485242114564,1.4327773096356944,0.903940250029744,798992,5.148888644860864,938629,113.73090660788972,167837,172.5549579084177,302365,91.4240449197794,262562,36.54075425426606,204648,289.7238624726727,346728,14.491404795890132,304598,4.749934153401519,75174,0.2826153658092799,6557,0.9755802835153242,429,1022057,0.0342565005736064,0.0591808089898418,0.0412026580689268,0.0314896404691427,0.0533388423341948,0.0248427265663032,77079,77079,77079,77079,77079,77079,11.367071625550413,14.294229213156695,33.78078310673447,14.949585906275535,15.003699122474488,7.519537227368023,51.17199503075326,0.1515295102902802,1.5071318890005307,1.2989256476696036,2.479841395956955,0.8290451718538883,0.1348414498335983,0.3010391784838821,0.1106424692332426,0.02488379328085,3916.0,3923.0,3926.0,3999.0,3828.0,3955.0,3999.0,2865.0,-0.6346524202350001,0.4650300405828873
wolbachia,14.018902756425366,1.212648400190114,1.413509000400482,-1.5448139341116671,0.6543951249730742,44709,4.474526131424845,49110,167.43884779744738,4629,279.4029376875336,11710,55.57689494491129,6579,29.71695785346583,8125,514.1009546173267,9801,19.45251803513943,10350,19.115577189255703,357,0.2973121832420692,276,0.3555142438493638,31,52747,0.0325566337021269,0.0569773872730676,0.0438568232470598,0.0281297692577589,0.0530127412585985,0.0259335849329348,4160,4160,4160,4160,4160,4160,9.841861163446902,10.720048794521908,29.92017328569233,14.336998137901164,14.24274774578526,8.4459985622346,28.911904910145065,0.0268551510268026,2.4081345297455674,0.9777407425731288,2.2297235438167067,0.7164680902693273,0.1963535257404538,0.270870673212342,0.2043584704625878,0.0331779712727854,283.0,283.0,281.0,284.0,263.0,281.0,284.0,178.0,-0.1213444997028549,-0.8184336512816541
promicromonospora,3.60752602078456,4.989569,-1.3050348813632635,0.7691577623966767,0.93002643289663,326206,5.421394632111448,330010,191.2762733410852,42401,225.68310803281,89980,77.40799994342805,60454,38.16855934638188,59277,317.355015265698,123801,19.59160416029973,74536,2.987297661054546,21339,0.2685504362903553,1028,0.0302281160901248,149,355211,0.0361358983364695,0.0543145494392245,0.0409337023673279,0.0310502171673224,0.0497692113899878,0.0268933687527015,25530,25530,25530,25530,25530,25530,10.942373047252069,14.70456617844792,32.17096070729498,15.540610738521412,14.564799833693156,7.186910448509508,60.86913073355341,0.160657557645849,1.7307861110239084,0.97124700866402,2.117856369192964,0.8245834786449328,0.0117341278477129,0.3167369210619207,0.092921776321917,0.000344350221575,1002.0,1007.0,1056.0,1067.0,1015.0,1059.0,1067.0,725.0,-1.2802434313486626,-0.6056395617514276
agrococcus,10.570609713679543,2.74345575,0.513115498953705,-0.606948075759939,0.9159727283843108,315166,3.94173821007202,397503,107.00216163812892,50748,149.55048768451996,87201,51.65260885919914,123873,39.16606000117213,88070,239.5637555842862,124555,16.114370475548192,98928,3.626808284011336,46475,0.4580743038756915,1096,0.0501981374063498,223,414621,0.0322109972213354,0.0606798317428255,0.0405934540560422,0.0288345165464001,0.0529608951355401,0.0251239171108811,20847,20847,20847,20847,20847,20847,10.366043361919235,13.446963552943313,27.76518846002451,15.228523894905212,18.36113851266051,7.125133202528283,49.59239165703072,0.0194144608179805,1.4189883621309718,1.344299767412678,1.843847663459541,0.8346426739387067,0.1122794040720116,0.2664510408185341,0.1142867480660953,0.0212830847616058,979.0,983.0,978.0,984.0,934.0,982.0,984.0,719.0,0.09413089911357,1.7437660634292107
acidocella,10.874682563913618,3.126528043478261,0.5925128166767798,-0.3722546472378111,0.6652392557819901,49033,7.321334175186196,56971,119.42713616113492,13183,285.9441675865687,18853,151.02630694162065,13772,53.9943330154908,14875,593.57836392917,18431,11.959944817422892,22212,34.5540850269671,1189,0.6067651488674993,701,2.3958508069659423,142,69610,0.0329263753057941,0.0606617161412336,0.0470982094694832,0.0310592438233344,0.0525794942469766,0.0225254638826438,10185,10185,10185,10185,10185,10185,12.204393776000764,14.465978339218491,34.25097442222911,19.46074139955716,21.142175011057294,7.326333077516837,74.72154619867126,0.1706340059957383,1.771196265001348,0.9290174464803652,2.285944556685267,0.9842837280119214,0.0121972233171597,0.3250802850905342,0.1408806728780006,0.0004396968652757,1332.0,1334.0,1309.0,1336.0,1291.0,1320.0,1336.0,968.0,1.2825297445782076,1.4274656978157927
symbiobacterium,7.763543177592344,3.864215,-0.2198455446381851,0.0796973314086576,1.0523197446959085,174865,4.964429861695116,189719,100.8879493371246,47291,127.96434370914734,78080,55.36744522795961,65836,39.40540630834639,56673,210.98360237584427,109807,16.181620328811896,91798,4.712117900005691,20875,0.1078004186005788,824,0.1800178053871623,13,204540,0.0333347121072231,0.0557516039681316,0.0363402690184256,0.0299408528083895,0.0526950396580409,0.0239395126535766,13878,13878,13878,13878,13878,13878,9.8614465630035,12.56555374343488,30.425302270180552,10.67091157892608,2.748175386848467,8.317482170460167,33.70124769174937,0.261188157872129,1.424940102226095,1.271171911703281,2.2575242904723365,0.6936080888340527,0.0054612717529138,0.350653071775774,0.0830454067884214,0.0,172.0,173.0,171.0,173.0,154.0,172.0,173.0,136.0,-0.3939396238133378,0.1490667220349696
azospirillum,7.467844361088346,7.231002333333333,-0.2970562948456836,2.1423963984444545,0.7619322799705054,211042,5.442072351845376,235796,190.63803814164217,48599,200.8640668195212,97337,63.88004250931299,61203,35.700749462069545,53624,346.43437085906805,96535,15.05845214569914,85942,8.727510354107004,10013,0.5147394475219654,1361,0.0704037074538341,154,260803,0.0330793243441924,0.0569594217212707,0.0402110050230072,0.0294047278112224,0.0521120306284237,0.0236508888037217,24008,24008,24008,24008,24008,24008,11.682993846224482,13.288794709071926,31.85177029239096,17.826671406823454,20.586106555859228,7.079157543325863,50.56972237646754,0.1514358173921822,1.7875501905342066,1.1983402462338073,2.0737387353072827,0.910163779378416,0.1601799078663802,0.3171597841426643,0.1413924007122249,0.0261376825900547,1657.0,1660.0,1640.0,1666.0,1592.0,1651.0,1666.0,1229.0,-0.2929751652154468,-0.785299852663274
methylosinus,6.807798123875275,4.700491909090909,-0.4694028255128725,0.5920515223273785,0.8233188351623121,14573,5.486391924505373,17019,206.28463145064643,4679,159.7104919950832,10022,84.79084097982879,4926,25.769034772516843,4862,392.9227826843328,7929,16.16109941874229,8930,20.95599567537164,454,0.3351470471594359,181,0.0010129940481808,71,20428,0.0316263900663111,0.0544949480475918,0.0356991855616584,0.0282679188264342,0.0557726897047009,0.0193688274151627,3949,3949,3949,3949,3949,3949,11.610188398593348,13.828737518594718,33.52667882462124,19.319888926839944,22.30786747311069,6.895606904761743,55.30027142846226,0.2260286462312099,1.95483837130086,1.103625124032436,2.096488314894805,0.882886053228456,0.109897250297522,0.2844398459179902,0.1055736777615499,0.0229415733870561,748.0,752.0,744.0,753.0,736.0,751.0,753.0,543.0,0.2119776620722235,-0.6897569113232702
filomicrobium,9.004699037873635,3.8868595,0.1042361552135156,0.0935707318937566,1.197374057861898,123787,6.162912373795616,140498,75.93713542742111,29345,142.5377672120688,56944,69.31827190322302,63854,38.86522943667022,62198,226.1313500466124,92319,14.09832339016517,54114,1.7457486886407794,28833,0.3231027646349925,820,1.3936979997877237,36,151367,0.0366494618245799,0.0554579652157235,0.0423393588592274,0.0343712996829208,0.0529532930591067,0.0236685529075197,11407,11407,11407,11407,11407,11407,10.760465544311856,14.0384217442482,31.98071270545105,14.247788186869451,12.687745454890772,7.4862043437854915,68.80126298617323,0.2002595298864571,1.6698551214208932,0.96996904771697,3.103650495282355,0.9347722924493972,0.2426166736396462,0.2984899964570806,0.1009270790507165,0.0487950036474266,347.0,347.0,342.0,349.0,333.0,345.0,349.0,232.0,0.7868653461469642,-0.1828521469032469
bradyrhizobium,7.567038597369472,8.58988614417745,-0.2711554086328973,2.974931421101527,0.7381420383010239,601824,6.250014155364171,682108,155.88936019975645,122024,234.9968917224137,210237,168.65966870078915,149734,37.94210333983929,130318,414.4192148495696,206071,13.739416452947342,227727,12.001486044248386,16745,0.2684346133417703,6235,1.2823904114928688,547,752058,0.034242285143543,0.0612978835352459,0.0422253083390577,0.0317798152215437,0.0531551669355772,0.0243735257119659,72337,72337,72337,72337,72337,72337,11.521338159809176,14.457776241222382,34.36677131967906,16.644852389632476,16.220172330356053,7.268045755624865,57.56174303876696,0.1596428158053097,1.920411930663392,1.1599643462548797,2.313406190195266,0.8904751120769413,0.0983729717742634,0.3163096542087324,0.1046819613348972,0.0222095850291358,5234.0,5248.0,5186.0,5298.0,5098.0,5225.0,5298.0,3681.0,-0.0466814307191338,-0.8386582735981505
micromonospora,6.997251297625287,6.716923260416667,-0.419934174108134,1.8274402342729623,0.89785854443373,318878,5.891838341796284,330187,178.3992006789464,58261,222.23406945261064,112224,100.9974605734927,87868,38.11130332872305,82221,355.7098830431147,138937,15.676932843318406,95433,3.339630945333373,32834,0.1470861488588475,1674,0.3447163689405367,235,358772,0.0346552512321976,0.0572160502390078,0.0402007649707137,0.0308169612916474,0.0516955297828949,0.0259954414659283,32387,32387,32387,32387,32387,32387,11.622920508715348,14.356858738939312,34.02330042971486,17.33450744679061,18.41571443478316,7.367815864874194,56.805513940502514,0.2037123913610439,1.8603958993119856,1.0488437171680398,2.136797172076377,0.9191433656329392,0.1017636647808187,0.3267052892124434,0.102729617397773,0.0197728323201099,1955.0,1956.0,1958.0,1978.0,1872.0,1971.0,1978.0,1343.0,-1.3137372499467437,-0.9962596210612568
virgibacillus,8.667290652460082,4.384299722222222,0.0161345020784613,0.3983329222837219,1.0247561724883694,165542,5.269807122532815,169342,108.797389772794,22728,239.88164698946252,36693,79.92277377010109,47586,32.04868871402946,48183,368.6946411969264,64043,12.78406330275099,101236,3.355804491769813,25484,0.3305258277505192,830,0.0841086959075738,12,180678,0.0342220459818252,0.0538846742016142,0.0394632125744812,0.0309231466148966,0.0512269021725377,0.0261339258242421,11526,11526,11526,11526,11526,11526,9.552751426829293,12.07917776912698,33.02276541412798,12.76138033767321,2.498774741836028,7.685703764519541,30.357945647581307,0.1921815888601366,1.6294512232424094,1.0253427474103536,2.16623728355704,0.573141874487297,0.009519702450307,0.2984100284169493,0.0836121764504062,0.0,377.0,379.0,386.0,388.0,352.0,388.0,388.0,253.0,-0.3162877430610221,0.4834221085975839
pedobacter,4.124834518922526,5.5759812653061225,-1.169959003474497,1.1284296476653293,0.9637122613083084,944751,4.939695726145581,1087527,176.57703431409328,156122,205.09360198826093,268659,100.54068420642712,306242,35.444308132730264,266109,297.04127883976184,382696,22.50631541667784,276948,5.062607431050033,131048,0.2810961011651336,5239,2.413602699870728,411,1164277,0.0342635086795448,0.0587844533304974,0.0423704069696875,0.0311338333621784,0.052748347639383,0.0256678818870292,82067,82067,82067,82067,82067,82067,10.666464331323612,14.243514780572726,31.539815561898383,14.63656525078476,14.305600845745367,7.391765312735164,46.55680903702326,0.1384983463791249,1.7725179009085184,1.2521260070583808,2.131090265895473,0.7881810500223863,0.1359175342044808,0.3061150358385589,0.1256996048811082,0.0264186624550879,2692.0,2696.0,2694.0,2741.0,2623.0,2713.0,2741.0,1965.0,-0.4584372675416896,-1.0692883928751111
microbispora,4.589910982869195,8.4968968125,-1.048521579037976,2.917960490447152,0.9130816833615556,330984,5.377892294994246,340811,152.58079280922777,49368,199.3428424737982,114726,124.76976445562356,67526,35.83232857687536,73683,297.61814431430736,128752,14.037107308389247,100557,3.7701115498415287,19811,0.2458017210996556,1716,1.7198392265623936,143,368600,0.0339034246647769,0.05443085890118,0.0373140351221468,0.0298051083522803,0.0500283326825342,0.0274243915906779,30611,30611,30611,30611,30611,30611,11.993265195520523,15.689559929219708,34.73909585302718,17.977760956664092,20.30329296846981,7.834483779993989,68.35020149881174,0.1873098950535246,1.8677668090989896,1.1509357126085096,2.1178223826498885,0.940675830408563,0.1644236886366613,0.3348402848743838,0.1515432446318362,0.0287029896728827,1471.0,1474.0,1482.0,1493.0,1401.0,1492.0,1493.0,1066.0,-1.2807744560357164,-0.5936202394749509
propionicimonas,10.169083712943507,2.9501183043478263,0.4082719148258432,-0.4803340025085557,0.7691200343375512,70405,5.462391202279576,109008,75.61468118466604,24679,168.81601383989593,40566,42.22130985312413,51399,60.26643327923246,29474,354.3933037398762,35465,16.613049407273408,62210,2.5006636532579054,5302,0.1158719382033709,454,0.0105390761607814,28,119066,0.030288399431306,0.0602453975441927,0.0392903868542134,0.0278005868146443,0.0549070861432117,0.0206897987772403,10828,10828,10828,10828,10828,10828,12.31092131562049,13.942056266284323,33.311445900867724,19.81864317182345,25.14139267005893,7.413802858563751,45.23197898488534,0.1438107906362322,1.3485043504778764,1.2747019610591543,2.047281147946291,0.9923646891147396,0.1735669219906653,0.2857708636025695,0.0958245438558041,0.0306463700950047,600.0,603.0,606.0,611.0,575.0,610.0,611.0,454.0,-1.0670278298762592,-0.1355178961388127
methylobacterium,9.96118726097649,5.922988741626795,0.3539874871381405,1.341027571678676,0.7289264219905396,876847,5.489629157128206,989035,188.34911216470107,116874,216.107357047682,265252,138.89985862096415,142977,33.42760412697928,166073,368.1659990536217,267270,17.110478005503634,280871,10.888042928609822,18770,0.3410972432330621,4365,1.1397995601278588,335,1071747,0.0340312637614912,0.0582125079795543,0.0422227518020408,0.0311869185820509,0.0523751199318234,0.0250587267299485,79797,79797,79797,79797,79797,79797,10.993562269384514,14.099173602441043,32.46690554910929,14.917540452031009,15.01386115862685,7.322889476079172,48.69921014834412,0.1191021815855004,1.6451576542431146,1.1961985604981502,2.256564975730566,0.7769296232470444,0.1827978962073423,0.2991295203502568,0.13507919250669,0.0305106584064618,3910.0,3916.0,3914.0,3987.0,3821.0,3942.0,3987.0,2701.0,0.7470352065128321,0.4874980586066221
saccharomonospora,6.907611210283738,4.6325710909090905,-0.4433403496016133,0.5504390905266338,1.1438254316510614,244410,4.555362760209039,249366,121.98036524335338,37419,186.56120089566545,70145,45.11358064544281,114707,29.34926604037884,112506,265.7767538868584,150100,16.335722996699015,83156,1.3653412568364385,78200,0.2155227343650844,916,0.2363996388201253,36,261051,0.0341205530448639,0.052317838692692,0.0406804026338895,0.0305821875870614,0.0519126561860354,0.0249977444273239,13846,13846,13846,13846,13846,13846,11.82801192269038,12.947155840074537,32.9750339166394,16.97691157926845,18.77295386217921,8.036245603623597,38.31849755853908,0.2675059066692874,1.4367826355637785,1.008278793145986,2.291633640865738,0.980634219676084,0.0151624870199259,0.3413273162042954,0.0802982810026402,0.0004045199174779,493.0,494.0,496.0,497.0,447.0,496.0,497.0,387.0,-0.7166674058529502,0.4455084923855034
nitrosomonas,18.368120012279498,2.885434108910891,2.549145358739967,-0.5199634820003979,1.0188273851304137,465888,5.063845836200423,595251,132.07265426080917,127427,151.5274193106861,208798,52.79496282075535,254009,37.75479860549433,212698,256.9442701052546,315775,15.10389567157002,203450,2.5383908603779584,106665,0.288623945736651,1858,0.0470377933366075,118,632440,0.0354132891081327,0.0556932809313802,0.0406136027448458,0.0324302423378996,0.0527263865619273,0.024056885019648,39886,39886,39886,39886,39886,39886,9.564709784719414,13.396345617571235,29.907883022472426,11.628428916485108,9.273016778962212,7.135518704203781,44.75715213370784,0.1595380750198705,1.3630885389036107,1.2956440965127018,2.182767376961602,0.9199982500710217,0.1947190217073074,0.2901527682947735,0.1019727036050059,0.0433158169725563,1471.0,1474.0,1457.0,1477.0,1435.0,1464.0,1477.0,1097.0,1.3132843992173562,-0.0494636560770792
jannaschia,10.037845250400483,3.885296,0.3740038705068749,0.0926128365258547,0.6931365684254163,6596,6.336133355472166,38804,59.8251478089611,14804,132.26119309810335,21062,40.492532221500674,25279,25.46963860688247,5367,262.997089157844,19564,18.006634774414756,17234,22.54520221227712,202,0.2913816413609252,109,1.936470599403188,17,44049,0.0377491478141044,0.0537212774010964,0.0494904412512406,0.0384970134005031,0.0528911238786961,0.0224977753849058,4093,4093,4093,4093,4093,4093,11.059790826809106,14.49894512915184,34.80881492112665,17.0349396153055,17.096949651206387,6.469548072834512,44.98747104556021,0.185664017815179,1.7692908277888035,1.3296627009460518,2.93810188232892,0.8188511505962923,0.1438901977515789,0.3106120534747881,0.1058135876749497,0.0407451428598141,372.0,376.0,354.0,377.0,376.0,358.0,377.0,271.0,-0.4004220160271899,-0.2884050600513557
actinophytocola,2.7715469296803112,9.741852,-1.5233197346645588,3.68069589649229,0.9286789428775428,418492,5.382022431435186,425051,181.0307786031483,78426,235.5808869123513,139137,111.96727029307598,118296,37.33031971422227,122606,342.765986976541,187935,16.747779394677973,115781,3.2362659505319766,43255,0.2702243792513801,2853,1.264427686409907,250,459960,0.0359442736615861,0.0568978458255675,0.0433662948744755,0.0314581822298064,0.050008728574335,0.0278976314918144,38367,38367,38367,38367,38367,38367,10.80425648733286,13.941524630635143,33.25153088193392,15.415368064923625,14.205896154037529,7.352242805064616,44.16297768206916,0.1467876286065887,1.6471844557158684,1.0520008033145418,2.0887615185283974,0.8558990395215996,0.1352198333763834,0.3087720292365102,0.1321325547108783,0.026846583858225,1888.0,1891.0,1939.0,1966.0,1850.0,1948.0,1966.0,1312.0,-1.3517146429553208,-0.3149157773588718
synechococcus,9.098834250738465,2.747604727272727,0.1288160655836933,-0.6044061594752732,0.6510506541960603,166085,5.923032615481554,616779,138.84391722659953,157843,157.83588304464226,203166,95.50095441814273,191770,38.51775978892106,86656,270.10179636975846,196849,23.33430675998753,187555,16.804181157879043,9561,0.2977870778722919,2009,0.5037439220650229,295,649976,0.0361330276902724,0.0590389414939198,0.052571784875859,0.0379056769903976,0.0527511950742135,0.0218866592537121,37561,37561,37561,37561,37561,37561,10.372146327489387,14.366544337633396,32.024717883521625,9.912304906065591,5.325237397357359,6.985979854140138,46.89915835770243,0.0200302764837735,0.9493228784356824,1.5747115369278444,2.6771074104633192,0.793682366775203,0.1522270133224448,0.2519411472948939,0.1170894607837219,0.0298535904200001,3464.0,3474.0,3236.0,3478.0,3446.0,3283.0,3478.0,2558.0,-0.1884527051218119,0.8358833826932499
paracoccus,13.209087699075178,4.0880945929203545,1.202055911590128,0.2168596115660923,1.0052559518680122,564946,5.052263718505687,640383,140.55844536507536,147590,191.00873088946813,239703,53.31229112033808,279162,35.364249395073976,217975,338.1507574244489,333253,14.38262830211545,239586,1.9327847727209817,120923,0.5207528333422552,1755,0.596574854706805,186,677700,0.0356905653525587,0.0562219174723658,0.0432729956481719,0.0331093228393782,0.0532336822896628,0.0237296971827994,37023,37023,37023,37023,37023,37023,9.974728807770042,14.087724356121562,31.03624475426132,10.74010443258946,8.434199701550336,7.225889339024092,45.11178330566499,0.1166841089004997,1.0730173664016796,1.4981157541121273,2.3365627505088056,0.718772854573788,0.1710151406687144,0.2856213164391508,0.1123789000663395,0.0305710323963484,1807.0,1810.0,1721.0,1815.0,1786.0,1751.0,1815.0,1387.0,1.2345796329384626,0.2314806560392772
orenia,5.812291517066209,3.785082,-0.7293423574223961,0.0312156338402703,0.7615046989940726,4911,9.020485045586502,6469,107.33687013993584,2007,210.69468564575573,3131,284.7159482189554,2187,29.73293675217387,2335,468.2017160050372,2736,14.44193312741942,2571,1.061502695117132,163,0.6152111084442247,100,,1,8591,0.0482683406618825,0.0510833385296591,0.0583859749894267,0.0523537213388162,0.0497436807855615,0.0225780848228027,1545,1545,1545,1545,1545,1545,8.904525094814385,9.427566989828602,25.25950320047428,8.017578864331249,5.448956058135405,6.32135613568326,29.82775969132492,0.0172246737723187,0.5432061119356293,0.9485187880696788,2.3354656520811554,1.1245965024101234,0.2692179449568554,0.2826615379787551,0.0743004619850273,,135.0,135.0,135.0,135.0,133.0,135.0,135.0,79.0,-0.5722459153333705,-0.4588254692101923
uliginosibacterium,6.513346389531016,3.9918036666666654,-0.5462879465877889,0.157865922900034,0.7494344425074821,169339,5.100542491658538,201107,132.2294896884856,40294,244.23888910945024,60869,89.69427940203026,54123,32.226234174419815,35149,397.0972947577386,56708,15.354253527622852,79745,15.858770751030828,3438,0.1689086845862252,1322,2.195387978698577,83,220764,0.030958582821563,0.0624149955847669,0.0408522017970361,0.0301070591467374,0.0521080841307929,0.0241455583487411,21954,21954,21954,21954,21954,21954,11.597258891019766,14.610703910357213,33.29160050584107,17.376901234719742,18.335637418939672,6.854699538739964,57.35783455223783,0.1225696228859579,1.912048038306532,1.2261424757242658,2.229772736347681,0.926355013732488,0.1050832532290206,0.337790194295905,0.0992307906615216,0.0184767861278893,822.0,821.0,821.0,833.0,788.0,825.0,833.0,631.0,0.9171693691280184,-0.8540611206489235
paucisalibacillus,10.07589175665406,3.57288475,0.383938300834813,-0.0987893312102581,0.9684861030663692,14813,5.285411210720365,15138,27.13017939307684,8815,210.2830188322557,3320,31.1198131904878,9328,31.065877874983965,3346,210.8444980025997,12272,11.282045889569051,11867,0.1812323793837589,757,0.0513738037159355,28,,0,15836,0.0315925445331864,0.0492755820825993,0.035894207753059,0.0283991191815293,0.0493334413316594,0.0250115653206069,787,787,787,787,787,787,11.091585573370516,13.195130854253382,48.938667767916925,17.311148037516507,2.6949989296415744,10.11486613397392,29.9896536909384,0.4932555075542235,2.0277357139439705,0.9952225192397588,2.668060143163237,0.4591761397031941,0.0128418176556807,0.3377790490695628,0.0885195275816868,,46.0,46.0,46.0,46.0,40.0,46.0,46.0,38.0,-0.404201176225008,1.0258362328007835
streptococcus,34.55902591548734,2.0544560536407346,6.776798367654842,-1.029071272196325,0.7681714548264258,235839,6.085017440214526,282195,138.14121078787,59025,205.96394614425887,97464,116.1016556391342,72165,33.6380942628834,63466,492.6411375367375,95935,16.672226029024795,119494,22.29256372068612,10067,0.4291306040168532,2038,0.2861175942249498,59,316806,0.0364096021935059,0.0580968374212869,0.0442369208920978,0.0347834471687788,0.0541225630020541,0.0235136860103289,30219,30219,30219,30219,30219,30219,10.661946347344278,13.251504181444608,31.889779773192902,12.72751685373925,12.37772548748525,7.442892774878193,38.1195449551304,0.1590082853124581,1.3048796340558442,1.2910650917598958,2.301905562304864,0.6962734654657136,0.1092363105934185,0.3163758269646122,0.1027706746254876,0.0191435642514563,1504.0,1504.0,1449.0,1519.0,1451.0,1473.0,1519.0,1110.0,0.5097274981546212,-0.912004865028142
treponema,18.283508419152128,1.58612884,2.5270521875232075,-1.3159970596020296,0.6354777179662101,132402,5.282968780715047,170106,227.4322865854208,36325,156.6315560515616,68119,79.11287637662679,50655,37.09850642073423,43716,314.0512440589632,59200,14.684515565999746,77951,11.001447352055065,2477,0.1861854622604163,1091,0.3269412693963136,27,186426,0.0342133333668373,0.0559033961991364,0.0392485304782278,0.0313222378000413,0.0542877037547001,0.0217998509860796,16457,16457,16457,16457,16457,16457,10.4123673395697,12.334503018518568,25.079961886878586,14.056699873206586,15.724830089592716,7.379389118720179,38.514037007405534,0.0182107556113878,1.229841178245736,1.2821991185859831,1.9613037125183763,0.8463810427141661,0.0139992789829748,0.3285846575304256,0.0843338644358533,0.0003679464844031,430.0,432.0,398.0,432.0,430.0,413.0,432.0,321.0,-0.2026381925972797,0.2480906523166728
chthoniobacter,8.169032544168882,4.774127142857143,-0.113967074901007,0.6371649533085376,0.7497620037198586,333152,6.729094045707057,360009,147.75661559249096,47472,230.7165908147201,83759,227.46858050112337,62467,44.60904527414817,59740,391.40525993567934,80540,15.198042439644304,110686,32.74583260294384,8089,0.1787357478381239,5027,0.3299757187333318,294,395005,0.0323121684353465,0.062638818227951,0.0410956262923489,0.0295158233609617,0.0524835288647014,0.0253745419385671,40007,40007,40007,40007,40007,40007,11.153448052169315,13.436647731919388,33.943595779131215,17.076910947206777,16.714112916103836,6.852173365730432,48.84282451872158,0.2049685054992188,2.009456580442774,0.9755033348076452,2.22420872813872,0.8765803211137971,0.0115954775846709,0.3014277700694557,0.1045387252657502,0.000303821810125,2399.0,2406.0,2390.0,2426.0,2308.0,2406.0,2426.0,1547.0,-0.5410602013534042,-0.5383890055383674
azovibrio,7.896304558712095,3.419321,-0.1851798467634658,-0.1928718414773708,0.6691860320826354,52132,4.637199585966084,60658,215.7878494173916,14659,179.8171154170584,19999,104.14351342451576,15465,30.622472241044964,10981,408.3043041433132,17998,13.386393393873783,18571,21.712464955147045,842,0.1579952768191602,329,0.1369996732790681,8,66766,0.0301154823178585,0.0570464894786728,0.0354656335121132,0.0280730830994853,0.0528778950767128,0.0229619825486738,5947,5947,5947,5947,5947,5947,7.685896622540075,11.69613479049126,21.20663205255428,6.952605767336076,3.8236800892766447,6.011296624839043,40.78143035412557,0.0163876722172082,0.8148079929895587,1.3390512597168784,2.2556663701241586,0.373494952335943,0.0074525485185321,0.317380089475777,0.0922825206737663,0.0,163.0,163.0,161.0,163.0,163.0,161.0,163.0,148.0,1.3367108303697572,1.709689351453248
acidisoma,3.606221044886869,6.3778675,-1.3053756272927015,1.6197140159400236,0.5164264044941168,17396,5.47868264115995,18022,109.75129691276918,1656,215.991584043081,2713,114.87623585249328,1760,34.45974205168724,2260,414.7248105386615,2699,10.010162625936296,6172,33.68689881006386,133,0.1023713316593272,80,0.0296122646597582,31,20555,0.0342584882054967,0.0568387659619193,0.0495633643847644,0.0313512382759238,0.0509750160609523,0.0226834983129353,1775,1775,1775,1775,1775,1775,12.971505126547363,14.555611885198852,36.27937792314911,21.804849294360302,22.753433357318062,7.116004984408335,71.88830267134355,0.2073492785895975,1.6648524464472465,0.9977775342691696,2.17454785480019,1.2252743593165871,0.009785478545873,0.3240903340765989,0.1614111773713165,0.0,306.0,310.0,298.0,310.0,299.0,303.0,310.0,217.0,-0.0203040951003939,0.0415227240214506
hylemonella,11.778591883379471,2.801693133333333,0.828535123091944,-0.5712683061828863,0.8597780815306357,94656,5.368027838370181,117018,165.02378372551314,22686,173.32891309004634,37725,79.2259109005916,37102,33.004891776255405,19685,329.8437770102607,36005,15.882757365616715,38584,6.954810767921422,4793,0.1877506420030593,544,0.0633799811702409,46,126219,0.032271474674514,0.0621707142279228,0.0379186874433742,0.0299292924486559,0.0525511836471103,0.0236562434487398,11030,11030,11030,11030,11030,11030,9.085634042476604,13.452933221300626,25.70634317759359,7.490622368407366,3.415511658755604,6.8749257193248665,39.33460166984261,0.0175709731078159,1.366288162294432,1.2272220357987496,1.7199868189060064,0.542645512799561,0.0162212267133329,0.3280307945812555,0.09657178367261,0.0003535533905932,235.0,235.0,234.0,235.0,224.0,234.0,235.0,195.0,2.14638606072382,1.4427856888101054
erwinia,13.946764064156556,4.08696954632588,1.3946726634312827,0.2161703394704598,0.6078334981207536,199946,3.955379951958001,221246,169.744923815807,26780,203.8979194224748,51084,108.52556168159056,35303,32.76034639941675,35134,331.5151605104706,52211,37.28314362584408,55972,25.03318836374876,4195,0.1879160388744915,532,0.9497950941112092,27,235952,0.031548944154103,0.0609412888324537,0.0375668329300056,0.0287994647766368,0.0521633358237435,0.0241281313398403,14018,14018,14018,14018,14018,14018,9.673431628861549,14.012297479590975,25.756784036600777,13.22744425631223,14.887914511685292,6.996252493702714,52.14210176267101,0.0198445730743296,1.8504100074841423,1.502525940299227,1.494085003961229,0.6985228604346084,0.2617736617097635,0.2502788067976097,0.1401555728599953,0.0373327092881791,970.0,969.0,963.0,972.0,955.0,969.0,972.0,772.0,-0.0406828243211343,0.4478592363560698
aliivibrio,8.142135354776034,4.298626647058823,-0.1209902757242233,0.3458443761673657,0.7592727223368747,6253,5.341659613694915,62612,28.384257857836747,34535,62.70858046046922,39461,67.49940716271206,37451,28.607902880816912,4543,128.0785850969471,39501,13.259983358520298,13265,20.097754896684595,215,0.1493645912211681,241,1.7928081086306973,14,68294,0.0349356120532957,0.0608262781076751,0.0459928664255023,0.0330644976179172,0.0523049431360798,0.0251317334030175,4838,4838,4838,4838,4838,4838,9.841399542695838,13.10008434545786,30.30147748637381,9.810411641753364,3.697752477338935,6.169174878550095,38.43002198916137,0.0169108847189619,0.8468732027744239,1.4963778605746536,2.705096348007617,0.7721676666135596,0.1277533355378084,0.3176995129499407,0.0853787178531373,0.0258027314906959,461.0,462.0,436.0,462.0,462.0,435.0,462.0,351.0,-0.1566802266748242,-0.6063514162537981
herminiimonas,8.932241056636862,3.4705736000000003,0.0853164478032679,-0.1614713757703518,1.0693383209324518,7904,6.164082708634613,8345,307.418539041191,740,246.2032651522919,1782,26.12876450535145,2327,28.688592340475807,2698,292.0258187635397,3272,14.857112383452227,2220,12.3326965398837,1530,0.3940738065199584,26,0.0,2,9319,0.035624618709909,0.0586876145121182,0.0415148381906633,0.0317263648855849,0.0461163662946368,0.0260499306651234,1302,1302,1302,1302,1302,1302,9.039679795811953,15.929967643792947,28.21547532911768,6.380325934677392,2.418231406887046,7.681923508529367,51.51909615713182,0.0158608622579906,0.7104618036146968,1.5500915783069016,2.022431954345393,0.7569043312510945,0.0054772255750516,0.2776523878996921,0.1144382656411689,,37.0,38.0,37.0,38.0,34.0,38.0,38.0,27.0,4.175684477883858,2.189115329232729
frankia,5.52706422154276,6.875259355932204,-0.8038188593150699,1.9244465741936467,0.7511778656478002,441909,6.338551921701628,481960,177.91973184875232,65042,202.04353606886212,157648,152.63139735166007,83145,37.87026410349293,114683,369.295198344157,159878,15.758615608487483,151427,7.237902606125984,16799,0.3412614693980818,2386,1.8504333565162352,240,511584,0.0327985742602218,0.0607850660467812,0.0413069453279792,0.0295573080947691,0.0528135286406189,0.0244357925893129,38971,38971,38971,38971,38971,38971,11.972635805893916,14.526854147610456,33.29120799565188,18.1706681191862,20.02475706706972,7.491486087470608,57.70494431029432,0.1650362276804826,1.911854886724784,1.0699496526186654,2.063800024792397,0.9426214376742856,0.106205979359293,0.3264663194258623,0.1194838097212307,0.022309142120251,2418.0,2425.0,2421.0,2454.0,2345.0,2441.0,2454.0,1723.0,-1.2609136107380172,-0.6152422322849055
sphingobium,10.021840160970756,4.4901933454545455,0.3698247365603216,0.4632098082348455,0.9194042273468443,804804,5.598495648951459,993752,156.6283881554232,182719,214.7743211377324,286301,102.95457012638389,306620,37.958721062269845,228849,333.71568885576147,353963,15.285600981811442,316559,5.255213849753497,80809,0.3045246527783562,3945,1.2529370799813029,289,1084621,0.0335341631707461,0.0586576463754398,0.0408799237261631,0.0310088158683223,0.0525475744707685,0.0249537385686054,85922,85922,85922,85922,85922,85922,10.8610735407474,14.770878601623949,31.94076504439044,13.960272629951902,14.212711511234682,7.453067900336426,44.02228011106052,0.1398825124521835,1.4817182931988315,1.4044451232281696,2.2403461089730494,0.7681130527705864,0.1287588787700825,0.283966249281661,0.1315417339176512,0.0229380854310004,3256.0,3260.0,3180.0,3290.0,3195.0,3202.0,3290.0,2406.0,2.855677495499521,2.1598250268349406
nitrosospira,10.715111042548724,3.266415052631579,0.5508466476267972,-0.2865513417708455,0.9698565861336352,873583,5.780806969904398,1112437,131.90766575999916,207696,179.55094481001993,342249,89.38134739347154,345348,36.311563497040176,292703,285.56806324845184,450543,21.6891697915014,295191,6.8165851662533,122067,0.255258416601917,4595,0.986875551214724,464,1186951,0.0339143855720652,0.0594782597519405,0.0406414505999106,0.030864220994368,0.0527426039168919,0.0261229887592637,80285,80285,80285,80285,80285,80285,10.80034096608458,13.89792650006948,33.844809707726,15.016042452159802,12.859980711835744,7.238043059070592,45.91888720496583,0.109942585798282,1.8305108138494333,1.268001419570862,2.483550389107286,0.8948656778273679,0.1871772750476729,0.318116996777694,0.1302644930644073,0.0393448287554587,3356.0,3358.0,3376.0,3444.0,3308.0,3394.0,3444.0,2384.0,0.6491821104835034,-0.1988792673204782
sulfitobacter,13.048630808410248,3.908456047904192,1.1601585612703835,0.1068020930706641,0.6933794257754445,15134,6.624297070694719,116509,41.83039997516697,36801,144.76843846159989,50510,154.77217388185957,65990,71.6555701109504,19278,258.9140994296906,46250,16.537437842544538,58607,18.024294215213967,799,0.7352257571965656,362,0.8169014739698623,169,132455,0.0369635965343774,0.0568490782297082,0.0490778424010789,0.0363479452034714,0.0514351104736229,0.0234808254168972,11571,11571,11571,11571,11571,11571,10.477176395988176,13.814598108959798,32.581991776393856,11.704098278562496,8.76798890348857,6.715456574640166,42.323281189955786,0.0208398373265823,1.034661206677234,1.5713424405574794,3.02803871208709,0.823840982765322,0.1627708154947368,0.2634174931418636,0.1008426948615395,0.0334840088124741,1643.0,1646.0,1568.0,1648.0,1635.0,1572.0,1648.0,1208.0,0.4018791642737251,0.5464262059642926
mycobacterium,15.17575065399532,4.678516510898776,1.7155768108279068,0.5785880543797981,0.9275274452122604,372951,5.84912862144413,541529,118.24584971072538,109986,171.67354623689485,181934,163.11171345359853,166542,40.30890748682653,130679,308.5855983744106,190817,22.266067768516383,225972,9.050017868364758,30487,0.1120377520747594,4202,2.3361647878196843,375,582574,0.0315144513309804,0.0621535464712448,0.0393890294602229,0.0295694525966925,0.053418664389744,0.023793837812299,49940,49940,49940,49940,49940,49940,11.384531670479726,13.412226070519488,33.253184040365326,16.721579521399086,17.307119716579752,7.178901120153998,55.0465159960779,0.179484311819036,1.7675295280129115,1.0475197983883675,2.221255233586971,0.899219995180071,0.1043741903558434,0.3084864869465609,0.1264383089733034,0.0209869806003148,3316.0,3321.0,3294.0,3351.0,3189.0,3317.0,3351.0,2323.0,-0.6469779781611085,0.8363973839110093
caldicoprobacter,5.626438258279773,2.665985,-0.7778710248992071,-0.6544113776933439,0.9019380346568736,42985,5.026317320674044,47106,131.21562991806317,8960,107.2357184769641,16871,55.30106485191493,13648,27.17910186309697,14031,162.48669924027965,20875,13.675701700690004,29552,4.724747401599262,4314,0.0654129176018999,109,,1,51907,0.0335336594956897,0.0570975274914217,0.0347483525941871,0.0295235442595932,0.0537853480018267,0.023541419236372,4466,4466,4466,4466,4466,4466,9.972216454234289,15.685133217171092,38.82601485055447,10.753256424794014,3.11573214102703,9.134714007564767,36.97404631643798,0.5292699732135335,2.1218075722688363,1.3174124017799578,2.852889196529856,0.4560461037882988,0.0051639777949432,0.3294191168488171,0.1171855474248105,0.0,45.0,45.0,44.0,45.0,39.0,45.0,45.0,33.0,-0.4342009712482707,-0.236487401847382
cytophaga,5.221933300472993,4.404499,-0.8834924528919422,0.4107082306420819,0.8638366689815221,249398,5.609618520143865,275238,175.10197679893477,51219,227.8252855789749,76260,113.51032197839864,73127,29.21137070973108,63269,376.5850837928314,87184,13.05660287990712,89686,7.244433543135438,20704,0.1400964806867821,2095,0.1847250528981958,129,303126,0.0320015711621368,0.0621616359152424,0.0423303466552569,0.0300138145566504,0.052686046955964,0.0244447116094729,30022,30022,30022,30022,30022,30022,10.318285894724784,14.57189004126181,31.583855057448776,12.632411250261034,10.938337906110997,7.196470364685927,62.85017344544468,0.0205868065986272,1.7675089115494045,1.2200464169690504,2.123856519268604,0.663687090753981,0.0109839843107339,0.3115803481565121,0.1139817041272928,0.0005810872031479,1005.0,1004.0,993.0,1010.0,968.0,1004.0,1010.0,781.0,0.3329851946950478,-0.6890506784407003
citricoccus,9.071652446851456,3.307005,0.1217185482688733,-0.2616834667675908,0.708614856139711,8238,7.095272541503376,8969,169.49215519884595,1878,246.87560695476287,4766,44.59768583376704,1964,36.57996168525788,3042,471.8173042324472,4720,11.883852790916292,4153,2.706070352701142,163,0.502455830757154,37,0.0,12,9652,0.0375428813641614,0.0541657542874477,0.0440026795351088,0.0336103100663328,0.0539147438187337,0.0224818579992971,1111,1111,1111,1111,1111,1111,11.989759634618478,9.956121685655177,32.27167523953297,19.47261063115244,22.318159694744384,6.128391654845852,34.861931340027006,0.0203715487874633,2.0866826596779813,0.6646237320441302,2.226103238067729,0.9912753289463924,0.008499504665488,0.2449010073877122,0.1094190193640224,0.0005773502691896,107.0,107.0,109.0,112.0,107.0,111.0,112.0,81.0,-0.4253072978092602,0.3399555488048221
micrococcus,15.636982914837432,2.4940872681388013,1.836010464572472,-0.7597264023832504,0.8874172642679432,274926,6.260918646059782,346337,164.09693970159046,51893,221.2894748825428,96400,67.9939168182122,99705,48.85972716270899,77679,380.4637677798103,109875,17.513669047239926,113803,4.173354316229084,24465,0.3415373402890181,3813,0.6101787717006041,69,376014,0.0358070284321645,0.0612485462029769,0.0442748658193385,0.0327008561472059,0.0533472257932053,0.0254919706436328,29744,29744,29744,29744,29744,29744,10.14590774303138,11.83282468203013,30.13772280520344,12.0265485770728,11.674979500817036,6.753681084368094,34.79672929119101,0.1432940201113789,1.5684892378090716,0.9600737180120305,2.482441677180966,0.7029721071203456,0.1671329405536798,0.2782329107283919,0.1113103913790575,0.0305908086007905,1311.0,1319.0,1303.0,1331.0,1262.0,1316.0,1331.0,916.0,1.1879077150153623,2.943988533099016
rhodobacter,11.419846438254469,3.765374625,0.7348620902435015,0.019141695096424,0.93452201273549,415156,4.7591183214492006,614526,138.65535937405923,171081,134.32015453847953,270875,69.77392269588907,257015,41.533140519145086,136829,306.6452300319737,285199,14.910790772972176,315847,6.0204224359782295,41035,0.3843397208873802,1688,0.0633372951834194,227,647169,0.033214755330446,0.0585803903672762,0.040708240078124,0.0307153373798727,0.0543258953143387,0.0217363871710868,39992,39992,39992,39992,39992,39992,8.949481912204915,12.74818931024325,25.83520267989801,10.548859162494496,10.99664989186585,6.461563136196601,47.98865708066521,0.0157427044200772,1.2825902401141516,1.4598631094010306,1.851858209086844,0.7739234234000805,0.0783971327673312,0.2798126397811349,0.1143055968247669,0.0145221767315122,1884.0,1888.0,1869.0,1892.0,1870.0,1873.0,1892.0,1617.0,-0.22634640710569,0.5371233517153234
marinimicrobium,10.284968523776843,3.7919416,0.4385309239347786,0.0354182427725754,1.0011861906943709,40872,5.05848162401212,48630,132.52748591045426,11968,195.54623083321675,16652,141.72290543749594,24293,31.03284305540693,21740,268.0109388676811,29082,14.863336550043666,17491,1.9729219884705167,12539,0.3482716985403069,107,1.8885771918361745,7,50762,0.0482289237449657,0.0540069657564186,0.0556924284616182,0.0467634007758569,0.0519870740304208,0.0254151635174487,2679,2679,2679,2679,2679,2679,9.415626208441024,13.970969540285076,29.55794389046727,9.265901780462777,3.195730078120939,6.987485605386427,43.68974112874602,0.0178366677982945,0.9187575499957114,1.51355209164765,2.564324595441614,0.471227590843396,0.0300390466284188,0.2613351848459768,0.1036268979093791,0.0005,217.0,218.0,197.0,218.0,217.0,204.0,218.0,148.0,1.6579929597800875,1.82595990376547
polaromonas,11.116891219209752,3.7780346296296297,0.6557566003457996,0.0268979853377655,0.801981284430115,281565,5.325857073466142,512858,199.23041533659267,67562,187.71631045117468,129402,77.12966273491368,111656,42.06567885482647,83447,355.80650404683087,124866,26.034390198129483,156220,18.9848240592858,13552,0.110835056510037,3451,0.3148644180648172,267,548288,0.0321706707865582,0.0612830735106342,0.0436119331366113,0.0302689321767385,0.0522970732275437,0.0231851901696589,39144,39144,39144,39144,39144,39144,9.56689310734444,13.419772516718789,28.381254919178254,11.497837070902586,11.298823801549378,6.955158614821082,50.11763668428605,0.1290028938404757,1.5478379548258776,1.4503035346805302,2.005565409898171,0.7243889280191766,0.099728197887656,0.288309218246944,0.1293865147216275,0.0266903283301953,1337.0,1341.0,1334.0,1348.0,1315.0,1345.0,1348.0,1125.0,0.787403923263565,0.7469829192879197
rathayibacter,8.430745057583309,3.321177405882353,-0.0456305839460467,-0.2530005873645015,0.4894058869461299,346650,2.567103350508864,351158,113.56464883348926,8342,167.90962183969904,36672,69.43495147938955,10122,24.378897512459908,32450,297.03638915622906,36101,20.97290276026929,56011,2.768197207856548,1551,0.3127819851510012,412,0.0648852324988403,36,360050,0.0309150237585612,0.060886897414257,0.0378651837128659,0.0279903236011919,0.0503997546570426,0.0256733586679967,12150,12150,12150,12150,12150,12150,8.804538820623657,11.317682265895192,30.617163970699107,9.58245830068118,3.0058906744900447,6.86751854760563,35.443772142797286,0.2871236110407111,1.4964902177631618,0.9225549775078172,2.0156475875409834,0.6996025452939344,0.1479366518252371,0.2585148409495422,0.0969275551029219,0.0447213595499958,503.0,505.0,505.0,509.0,472.0,507.0,509.0,336.0,-1.0756624243493131,-0.7632253644078135
methylotenera,20.35909164532104,1.5717793582089552,3.0690135653376327,-1.3247884264964545,0.9863957011602078,586264,5.108335122494283,946405,155.16552382283456,161159,167.62153869908352,225865,107.36055046352725,326238,38.39777157246047,225720,251.90299598820465,322261,21.96599837512936,263669,5.712021326699343,118078,0.3021391973394317,4974,0.435611474899267,398,1015244,0.033850968804677,0.0590105726073057,0.0440698238536546,0.031888942229044,0.0526826169307318,0.0239887197558326,68737,68737,68737,68737,68737,68737,10.166505839546948,14.494804824834608,30.148337947647125,10.416809541508414,7.335821549888053,7.0635099467588365,48.559075387592245,0.0193296008212648,1.062132411786572,1.548216508365421,2.491763937426235,0.7850396419901916,0.1573248572881578,0.2740965450529884,0.1141764686680103,0.02899733368475,3690.0,3702.0,3510.0,3713.0,3635.0,3556.0,3713.0,2836.0,2.854835984212968,1.846411060582259
ethanoligenens,6.621483429472858,3.0204712,-0.518051979742061,-0.4372315318570069,0.8361005642964153,11698,7.276281877012653,15625,149.2058643747529,2226,163.71435677241362,9278,66.51528804730593,2736,32.252445095412114,6229,290.16780575134675,9174,16.63669739427304,6187,31.856291754211018,854,0.1359093413205243,146,0.111499519537722,7,18319,0.0353936338156131,0.0605640430523287,0.0424042390834549,0.0327393608852563,0.053404957513382,0.0231320257498537,2852,2852,2852,2852,2852,2852,11.888108095654236,13.585889381522868,41.47760846561486,18.88461925242473,18.82135571040823,8.463608162873435,31.213637083106,0.2796419685873229,1.6149589624294256,1.107584075949999,1.968377624442572,0.9989776273567668,0.0169534378941037,0.295613153333611,0.0798815668603327,0.0005163977794943,150.0,151.0,150.0,151.0,148.0,151.0,151.0,118.0,-1.0791778243440582,-1.2753005794068717
rhodoblastus,9.511457426127755,4.731136142857142,0.2365572642177329,0.610826047161133,0.7237379555281769,194256,6.65374718422848,221804,158.85883358216327,31641,191.7075604118866,86272,217.82670019539225,45989,51.33177688408408,39838,370.981432716828,78316,16.241345595097293,84760,21.82888934133414,3798,0.1816096379393244,1383,0.1593480340556984,102,245814,0.0318306507537572,0.0635650412169047,0.042950832290841,0.0300471061252611,0.0539395138437414,0.0229226829713,25555,25555,25555,25555,25555,25555,10.42921372702531,12.09536802934332,29.96050327446578,15.65015449204627,16.120479820892204,6.863594462454415,46.32409077080946,0.1054810655943024,1.6735942762525218,0.9757180476335487,2.0096690758877576,0.9501599214941344,0.1237728951816746,0.2979928411857176,0.1118452678041594,0.0207652341545899,1244.0,1244.0,1233.0,1250.0,1218.0,1238.0,1250.0,863.0,0.0918916158136197,-0.2622936642665455
halobacillus,9.735539929041364,3.9032247083333336,0.2950680772229641,0.1035970556911651,0.745430910997367,58462,8.19060456765421,76046,227.76978402514845,12765,199.26038953858247,41330,48.81884276517229,18525,39.95588670182927,38449,400.99313462845896,41834,14.964086780082852,40916,24.636855719083147,1798,0.4570739392994896,392,1.0896910331002303,21,81281,0.0441175336854137,0.0552264529241562,0.0504488520530737,0.0424880350322017,0.0512643025019825,0.0253291536273261,7957,7957,7957,7957,7957,7957,10.418005461938806,12.499079153651053,31.12477813624557,14.096161642231207,16.431043461028292,7.288823472533995,40.266636767483874,0.2526808776166299,0.7765003657475477,1.1616249743877054,3.0179977640689617,1.1016974689492027,0.3144649655123462,0.2997748359606752,0.0909648166793932,0.0527046276694729,424.0,425.0,424.0,426.0,410.0,425.0,426.0,289.0,-0.5153971435537026,0.2677426006891606
turneriella,4.690170427216517,4.0510255,-1.0223425533490484,0.1941488265320473,0.8479255898562206,346091,5.172774610757821,442337,135.06105685175115,106279,150.10646443856783,154964,89.57151469240308,143306,35.351633558613514,102246,294.9412713277247,168615,15.192161529404345,185639,6.99112762501093,23895,0.1847386736302304,1438,0.5826811121497857,81,479232,0.0317148691586418,0.0599498108205293,0.0388669885729325,0.0291376576615437,0.0535108322905757,0.0237843838453196,39244,39244,39244,39244,39244,39244,9.927714107528942,14.0139334540866,25.972404663764785,12.791410142590378,12.38112858536654,6.782060212791147,42.99535630100427,0.0194315293494173,1.2700103884343417,1.254347775215029,2.00219419406904,0.8987108472297497,0.1485267390283831,0.3271883857988117,0.0911448582414266,0.0290125691152415,1126.0,1123.0,1112.0,1130.0,1107.0,1120.0,1130.0,890.0,-0.2590950375066715,-1.178134502696504
runella,2.982900405058936,7.040127777777778,-1.4681326338642244,2.025455015254828,0.6213715499033154,45710,4.351879972875199,56061,127.87437897109682,14825,166.09920131065817,26020,59.532485424477954,16009,26.23845797000224,11239,387.6737773034956,18568,57.58138863758652,20958,18.718746827062407,1257,0.2379934468838865,258,0.0080474781616295,21,64234,0.0301859852847346,0.0582888664647305,0.0369180091388356,0.0277993946904513,0.0550316114013545,0.0202515622275621,8049,8049,8049,8049,8049,8049,8.01244291944106,10.114279372072936,18.56295337045372,6.586023315089186,3.7844390872599294,4.627881211368209,40.99991986870796,0.0162219715257028,1.0324983533953715,1.205379859390818,1.5692250424488334,0.6121484961227666,0.0086773439543858,0.2681138154818893,0.1090785823993301,0.0003892494720807,422.0,423.0,422.0,423.0,423.0,422.0,423.0,393.0,-0.3317803437319104,-1.259740946400026
veillonella,24.31785149325489,1.9327365336134448,4.102696490971403,-1.1036440668348744,0.836227056955339,63869,5.492223773677078,75767,95.54121745907892,12098,214.4919561159656,20596,103.64615139034233,14668,31.12900506073773,14550,451.0017736373284,21843,11.59262603485214,41507,4.368906790147671,2083,0.3249701239058659,380,0.4846608194295366,14,87689,0.0354089795056869,0.0565116466706817,0.0429072115001366,0.0336704776671708,0.0549627000043103,0.02242292401569,9939,9939,9939,9939,9939,9939,9.108174505522392,13.027773319156385,28.61743605770507,7.730240444047093,3.4268951257292497,7.269030209474455,37.96042583010158,0.0207988793884401,1.1175489560102,1.3630126938311815,2.141905366686608,0.439852592296116,0.1527559817781462,0.249346450164946,0.131245242032153,0.0198298596397789,420.0,422.0,408.0,422.0,418.0,415.0,422.0,308.0,-0.8661652482542451,1.3713808806621288
haloferula,3.569342302441568,3.08180025,-1.3150051395260465,-0.3996576188970977,0.9110993651201996,162497,5.234827005359907,279242,113.08671239119866,76872,148.861525341039,86603,56.66074280487776,181659,31.701290458818328,114133,236.81483458207595,166301,13.888069051051716,93329,1.5565090524128549,77419,0.4397609590158401,544,0.8048406676795583,76,290547,0.0398204533336838,0.0595300034073525,0.0503498217216118,0.0395446316296259,0.0535104012427624,0.0241799936969556,10624,10624,10624,10624,10624,10624,9.3841545743564,12.159133433090084,27.51711815034592,10.176840675061127,4.196707937155593,6.373082862757202,40.58197360514391,0.017023187605081,1.3561470617864453,1.184446678667504,2.943557143707051,1.1040981789779185,0.2787400658666122,0.3054146121801809,0.0979801293266793,0.0531863301449321,513.0,513.0,496.0,513.0,512.0,497.0,513.0,328.0,-0.8396425789768999,-0.0852390043422324
zoogloea,8.365960579593748,4.303152,-0.0625466413267076,0.3486168831200195,0.7347993018140211,79207,5.847455943359303,102363,162.68375419594608,25892,205.68149065550529,48124,54.05787133772683,35780,46.39904799748806,26167,414.0750760394269,47273,15.904175158831316,49339,13.245825820507212,2866,0.2521621524637231,739,0.8213680461757253,37,117577,0.0300103031449812,0.0573289973807517,0.0356924315698634,0.0279166101177684,0.0547358424345967,0.0210839540791828,17335,17335,17335,17335,17335,17335,8.573690075152612,11.075295708522484,18.81943162468725,10.303953726473846,10.88367848845935,5.1039373925923615,44.618018598299415,0.0152866732765078,0.8225964241994617,1.3254360206004854,1.7630126675328597,0.7000256323556991,0.0988320415967961,0.2755787320147692,0.1111618029041193,0.019441747309888,954.0,956.0,942.0,956.0,955.0,946.0,956.0,875.0,1.3318963155785557,1.4560459383866815
afifella,10.508646364104868,3.9967088571428566,0.4969360743533849,0.1608711414710725,1.1043365954817284,17554,8.397714812802501,27837,81.32574229337246,5208,245.201379810706,12356,41.58289599397114,12015,76.61848599849894,11834,420.0079921364717,15046,10.41955387319166,11398,2.395929556457653,4355,0.2286902404646656,319,0.1513164223204657,85,30667,0.0376630226223299,0.0579520049347424,0.0498235683092522,0.0372557232843161,0.0522939373843236,0.0248707680631299,3659,3659,3659,3659,3659,3659,11.737877834901,15.301627045616012,39.41512484881461,18.1430985100912,11.447318455409905,6.799359861215833,82.05374496477206,0.1775376615499217,1.8324517302134216,0.8756465215046656,2.544267628278493,1.048866646009937,0.009964863644962,0.3388366401002736,0.1508708231846396,0.0005773502691896,433.0,435.0,421.0,436.0,415.0,423.0,436.0,298.0,-0.048505778148919,0.2296830049196644
chroococcidiopsis,5.743039532387714,7.13907675,-0.747424938048188,2.0860771848424906,0.8217401025043786,7169,4.658260952800796,8761,566.7557916810332,1570,242.3844550451873,6833,52.16483741238882,2310,43.84093926421312,2960,448.80123009448886,5670,16.250597358528918,4052,1.8729022374560256,336,0.5125359013858932,70,0.095,4,10464,0.0340720723531649,0.0540255307630044,0.0410688289111523,0.0296898555039533,0.0478088581790543,0.0209860054404023,1753,1753,1753,1753,1753,1753,10.369165412228403,11.71287437358012,28.612136427773763,8.531953674839977,4.195178638571164,7.827693073067815,33.23146533726038,0.0396762799183678,1.0077350365280318,1.2885426663035322,1.6944201413417554,0.7671261401366483,0.358351910772111,0.282549015489076,0.3473444117653476,0.0442854377871552,65.0,64.0,65.0,65.0,64.0,65.0,65.0,44.0,-0.2953112576519908,0.6815789523197958
pleomorphomonas,8.482286245093594,4.8336025,-0.0321725194150355,0.6736031810740942,0.6418839195906979,83649,4.903161568968726,94752,110.53179748173396,20765,210.56016509913871,36929,54.40321738269396,23293,28.19666310732078,26034,426.215066388679,35899,16.957314942016495,32452,9.085885531375126,2759,0.5394395157369963,966,0.0396796148238171,134,106763,0.0338838959139168,0.0549156469689934,0.0434675839875799,0.0306354937647529,0.0540321412730254,0.0237016022302137,10895,10895,10895,10895,10895,10895,11.791660936993,13.965910396834476,31.93460928930108,18.33725219957523,20.943395300520223,6.897944080543389,61.76636608430798,0.1168381299094413,1.7846276561000227,1.0822375630088854,2.059082631905772,0.9407744414727948,0.0156037927070938,0.317483829012587,0.125681263676398,0.0005008703226778,985.0,988.0,968.0,988.0,952.0,975.0,988.0,697.0,-0.1559832903091434,-0.0447739309790817
microbacterium,16.144025088226364,3.406833159600997,1.9684056735119395,-0.2005226534206401,0.9781832467375708,740211,4.10376227954584,798448,81.89723571711193,80720,166.4851431258442,142424,69.73456019896629,224741,31.23064687083286,205739,232.099374216728,259956,16.233484858534165,186222,3.773616057922408,120638,0.4171720921495138,2670,0.6911051989265368,189,841949,0.0340769395096355,0.0594175192980522,0.0409619123978968,0.0304260827511203,0.0528267489124305,0.025787071417514,45513,45513,45513,45513,45513,45513,10.183284195553789,13.524517340539743,31.580980109354822,14.419281168889146,13.859512759350942,7.037330757388852,46.12873845742328,0.139571395675335,1.6083763569572112,1.1964076648646296,2.210675584535758,0.7364749105781617,0.1904636172133637,0.2695457078726905,0.1150002374037307,0.0346072248540563,2048.0,2057.0,2046.0,2070.0,1982.0,2056.0,2070.0,1454.0,-0.6895521638603088,0.7553315107735291
streptosporangium,4.094240098802063,9.525577166666666,-1.1779475986186798,3.548192755434577,0.8424261494943676,460373,5.08531086764719,494245,161.1263074765605,87437,199.59054841934469,177610,114.03189474444429,95238,35.79343928680981,81778,335.628727713718,174765,15.518025703123005,145688,7.925725527961079,10288,0.267065279167863,2575,2.83655212649073,247,545054,0.0331515011828242,0.0585489408352851,0.038000069895781,0.0293674240254984,0.0521989152131244,0.0267240775835632,55771,55771,55771,55771,55771,55771,11.143530702737182,13.757006835669554,33.41574265465724,15.973816251735805,16.10093986797297,7.379970112595101,53.97583745664162,0.1568594781470433,1.84473143644182,1.028153422165981,2.218742810059388,0.8602837110976459,0.1122710290275495,0.307850448020819,0.1148588377648912,0.0249329923250337,2117.0,2119.0,2177.0,2191.0,2063.0,2187.0,2191.0,1527.0,-1.077078579544288,-0.7948829033520777
coraliomargarita,9.748729073583409,1.948972,0.2985119318745517,-1.0936972308595587,0.3363287469550935,83091,5.990163176148424,170715,48.53395912783041,56954,178.62270674239207,71310,162.6359073526195,66775,27.09013145191461,30518,389.2810115407985,70220,16.46935705053706,51196,9.921481663202924,629,0.5236799587720432,416,0.9859395840579483,75,182266,0.0443632082718564,0.059292549667975,0.0592019799832379,0.0489810293098759,0.0519922676563938,0.0236607754894479,10619,10619,10619,10619,10619,10619,11.442583136148722,13.672983095994589,34.30567804071184,11.401254649675428,8.698141682619735,6.776582136549127,35.403940658179046,0.0225031890011928,1.0275519817058367,1.4648817808301178,2.982189350920397,0.875488113241847,0.1603728929315241,0.2439435500504252,0.0970526437114813,0.029359228288807,1666.0,1671.0,1504.0,1672.0,1659.0,1531.0,1672.0,1125.0,-0.7990735175611724,2.355173869180639
desulfosporosinus,10.00347842040448,4.198539571428572,0.3650302508028231,0.2845249350845036,0.6386854608128174,15869,7.670451531987239,17821,176.08017032960848,2589,221.34527214865568,5820,56.13797991848002,3095,32.23791411295206,4064,385.8211552883926,5410,16.563569208871424,9296,22.03797537376381,353,0.7350295827906296,204,0.1304080135574497,9,21408,0.0328548201171028,0.0577528043041623,0.0380073410125787,0.0296918911357652,0.0520858723024466,0.0241227226855582,3099,3099,3099,3099,3099,3099,13.483081436872585,11.427666419515214,38.39786165040516,24.529593500048623,27.96875694807775,6.380937587376687,35.73788267640728,0.2200784952382163,2.021750600380879,0.9285329988010076,2.7413112699143043,1.2341739707857964,0.0097496125592222,0.3383309323046671,0.1015192115768942,0.0,266.0,266.0,264.0,266.0,264.0,265.0,266.0,192.0,-0.4585299716383947,0.6098400324230023
laceyella,7.409952588900351,3.37384075,-0.3121725784153077,-0.2207358138509021,0.9458262138332704,78658,5.909581239490895,87002,190.6581575771604,14384,194.7044384860404,31190,65.63814736143678,20451,37.25313495015416,28631,289.4853799140892,38575,15.3654913251926,45811,2.1385726313118973,9262,0.1084277573161447,575,0.1780444275505925,44,95025,0.0320057593066679,0.0538647867261971,0.0360538239574268,0.0284872704937442,0.0527419807014413,0.023671419572371,8559,8559,8559,8559,8559,8559,8.860379301821723,12.80964930526416,31.38346965516681,10.07324682865328,2.767520705301292,8.193006359670443,32.75259040586826,0.244859201353842,1.2895607480500029,1.0163587587701766,2.5189239115672564,0.5351538814625431,0.0171162797642195,0.3057410713952622,0.0865178861086523,0.0004082482904638,211.0,211.0,213.0,216.0,200.0,214.0,216.0,155.0,-0.2202910245354843,0.1080404217321864
rhodoferax,15.182050594708103,3.688566287581699,1.717221806078303,-0.0279157725270038,0.7787250309005983,133437,4.871701727908166,234661,89.5519705567383,55903,162.24102656343976,80411,42.64090150501059,99255,48.47895135930596,39648,314.3627101185933,73494,14.408424794305567,117701,21.8973893660781,6173,0.0759045360288212,2539,0.4118014541274429,150,254893,0.0303809454183333,0.0642704037956682,0.0408991667190026,0.028747848787271,0.052205405735833,0.0222675902778035,22200,22200,22200,22200,22200,22200,9.010754655945162,13.244297992067052,27.4413221978618,10.493709310567288,9.540124049740664,6.673934335691916,51.11077830485755,0.092695137155689,1.6340724068519854,1.4958876143658415,1.6366651110839443,0.6146189553658868,0.1090958588453733,0.2825527253874958,0.1183107165969341,0.0241674611093219,1256.0,1260.0,1253.0,1265.0,1243.0,1260.0,1265.0,1100.0,0.5832605070194962,0.4536066909022111
leadbetterella,4.838653990625276,4.960057083333333,-0.9835715922075182,0.7510769640129832,0.5851795799029498,19495,6.749137836175247,20266,64.95738021379927,6982,160.06451994351815,14230,26.12221716301552,7327,28.06346030728533,5042,409.12595846628017,12062,10.024191128376016,12660,35.45075929788339,68,0.0846449212708078,93,0.0632831657993899,22,22726,0.0396656416265994,0.0591093298914621,0.0458574792934975,0.0387109406680685,0.0548029941827584,0.0215181816554815,2028,2028,2028,2028,2028,2028,8.3001234195937,8.84684937717598,31.87538636781617,11.99815141757364,3.3868125612788447,8.063172830688984,30.41450131506191,0.0160643865780499,1.2326048661665916,1.0091507785769376,2.2818273860027616,0.7316304606180524,0.0152752523165194,0.3804901812777571,0.0804715447359818,,41.0,41.0,41.0,41.0,39.0,41.0,41.0,31.0,-0.4252016547014022,-0.8466258703232049
arenibacter,4.871850632177601,5.131520214285715,-0.9749035237014348,0.8561257257048456,0.7801963849372823,157258,4.716983878330739,244258,53.91963682817795,44380,117.78201513663991,49612,30.095549824137866,203200,29.298545417758355,149283,147.8134834304334,181208,13.049315115900235,70546,0.3330155478305358,126484,0.3814096668673549,204,1.568733225807224,26,251618,0.0373939340236747,0.0605491770476734,0.0461293570710673,0.0353094512977743,0.054055599900915,0.0224353730841754,6737,6737,6737,6737,6737,6737,9.35904137266204,13.03091868538819,31.238324810698213,8.90252440474944,3.8267164110201177,6.602521030929725,33.90873274785799,0.1666254151152554,0.5614826630181237,1.490168127250999,3.077149601965476,0.6886239325525275,0.0275062441839869,0.2573910444183266,0.0739070193261027,0.0005175491695067,440.0,441.0,416.0,441.0,440.0,419.0,441.0,336.0,-0.3291267290090567,-0.5502619554221281
algoriphagus,6.204709052445152,4.351533612903226,-0.6268771103192643,0.378258407195247,0.8505209419392304,359839,5.177522367984797,687196,149.4608539585765,171556,175.6275071144945,203395,92.40693101827716,287605,39.56150630181049,155096,284.8622939423307,277089,20.63885515593329,273587,6.373461558928247,70138,0.3702891063275308,1736,0.0337662911073747,275,713267,0.0360789140973696,0.0567648237592817,0.0449507077591006,0.033453133499038,0.0540123407002456,0.0226367035359036,31986,31986,31986,31986,31986,31986,8.268545405496107,13.760731075849652,29.189225548632585,10.35139268963739,6.903034782228139,6.880078159699582,51.943109927096735,0.1265730421088202,1.3613404329308634,1.5543706695296562,2.022293239919577,0.6927201247084126,0.2087064355871005,0.2586264648936884,0.1188730514903647,0.0427792631946498,1387.0,1392.0,1378.0,1395.0,1370.0,1389.0,1395.0,1162.0,-0.543809021936466,-0.2576828123360362
dokdonella,7.624451880742842,3.5412381666666666,-0.2561640646243438,-0.1181779564644433,1.0323621215616208,855830,5.254827050421543,945697,111.93956761272756,172841,174.5517036557383,306992,88.88475874120037,338936,34.10074105406324,301586,290.2796708366305,434276,14.786253343686427,306561,2.9491473793951406,147707,0.1988523106291491,4794,2.141687522957446,346,1021982,0.0327261093808377,0.0610756795765775,0.0381675599414181,0.0298854921591776,0.0534740020016288,0.0251117693224423,77926,77926,77926,77926,77926,77926,10.905823127330867,14.22346604249324,31.928709669995328,15.752927575324051,16.558728619597815,7.407745698524436,48.21176155845927,0.1139076540503837,1.7248324326057822,1.1835758134720074,2.147856180275657,0.8256666507747591,0.1200391240177444,0.3115463239215055,0.1225217292492978,0.023449479997968,3007.0,3009.0,3012.0,3047.0,2910.0,3027.0,3047.0,2216.0,0.5841514322968815,-0.1711205761545484
chryseobacterium,7.2336177176451075,4.7002760343642604,-0.3582158729348039,0.5919192643160555,0.8749078230681392,461361,4.413378079689844,499212,152.5059219475598,57181,180.2787283434851,118123,89.99377026663329,95018,33.25531891629231,109860,313.5261810159443,147005,17.80517796356057,113693,3.645551982717152,35464,0.3116185416027397,2525,2.3672340647757544,142,540173,0.0339294978135233,0.0573797119912559,0.0404036298080982,0.030934579592072,0.0527534986573659,0.0251313831426567,36749,36749,36749,36749,36749,36749,10.480864119171889,14.430794983415876,30.895016736257688,14.897242722198904,14.107022312696204,7.4967556880450115,54.18810108858604,0.0978110494802952,1.6220947042400429,1.2967762143710813,2.032990459748124,0.7743671822741197,0.1833993011395893,0.2945326003447385,0.1304305681887818,0.0317485532728758,1371.0,1375.0,1366.0,1385.0,1346.0,1375.0,1385.0,1011.0,0.3024631443761996,-0.6791983044724401
salinibacter,7.615968512393629,3.8077888521739127,-0.2583791808100401,0.0451272350663796,0.7169056158816667,949,6.952104967123869,1595,272.51424046319124,409,336.8729357127488,671,567.1962943319637,369,51.809673198991945,418,616.5576225413092,478,26.589727688257803,403,5.088752993820882,127,0.5799806702526753,77,,0,1877,0.0498944983056625,0.046087518332587,0.0579937182231524,0.0510971754372469,0.0434202577621967,0.0228019265977884,772,772,772,772,772,772,19.350802452496787,13.814515794308742,34.00335239782661,34.63787741181242,47.59310381405473,7.320671390653255,34.97047361450364,0.0362252523464368,1.50129016619725,0.6933394338119846,2.728216032800776,1.6088362283532267,0.0135570817804998,0.3951518942173327,0.0551940483994733,0.0,45.0,48.0,48.0,48.0,44.0,48.0,48.0,35.0,0.0279078468782348,-0.2516138549883753
deinococcus,15.367704983663918,3.7090769285714287,1.765698546093931,-0.015349704092876,0.6990625543256079,582890,4.947036144287013,643909,190.2624988947589,88694,193.07095666162496,175898,116.8612710733977,123120,35.57795907803968,130679,332.6847866937656,177315,17.676886076530653,190711,12.24538613864909,22762,0.3648861758963496,3033,0.1724914963276199,113,685123,0.0343567563361651,0.0588624136067996,0.0440683911432845,0.0308509485977504,0.0525914850085191,0.025043559798326,41159,41159,41159,41159,41159,41159,10.989480718811476,15.12075284002479,31.57329050755734,14.403048263048126,15.635455759333,7.545744127901384,58.22734781964968,0.1556484947138316,1.5046569569817558,1.2685150277377426,2.0488561026080254,0.7530421749557903,0.194777024008571,0.2963518212262583,0.1448908713930389,0.0368100831167381,1570.0,1576.0,1604.0,1623.0,1543.0,1620.0,1623.0,1164.0,-0.2341421043464824,0.675359520024959
subtercola,5.305334448825014,3.9582801428571432,-0.8617153443172134,0.1373273695435338,0.601945697649112,11870,5.2918009993865365,14531,36.299999821850406,2142,217.70124001510644,4305,57.12835789035507,2350,28.45406496746067,2126,479.9739433249553,4175,10.60345279073982,4649,22.390389943711742,366,0.0529374549813879,359,0.1643167672515498,5,15747,0.0310235306862649,0.0833548494567968,0.0398269408201861,0.0281019829849732,0.0521597973546257,0.0256413285442869,1100,1100,1100,1100,1100,1100,17.98243349601223,14.8964162626051,32.27458602717944,29.69755657888025,43.20783842761983,7.561175341771912,59.371760874213706,0.0247088307248536,1.3187468055904068,0.7774540124875406,2.426297693834937,1.5304374945521897,0.0134839972492648,0.2815291577557583,0.1116788630368247,,34.0,34.0,31.0,34.0,28.0,34.0,34.0,20.0,-1.0054982925259142,-0.9479061229188944
desulfovibrio,15.63606112471281,2.81400793006993,1.835769773358698,-0.5637235113311829,0.6900152872119465,295690,5.564907633534427,411781,135.86211372039455,96927,164.50182444762748,160891,147.42908321932245,113789,33.236482966685074,89013,345.4257721592466,146576,14.579686014956089,186126,22.901520725170315,3999,0.4552327990145878,1704,0.6512964729825071,61,447664,0.0348652826065516,0.0588313246045365,0.0434320930686925,0.0324355907389233,0.053777201033362,0.0222499222224619,35448,35448,35448,35448,35448,35448,8.894804279799484,12.287646787158511,27.01665326654654,9.807007391289163,7.896725206581842,6.660465252224211,39.680103661096425,0.1022358687957196,1.559088785461226,1.270158399835913,1.8465382280473,0.6742100351970326,0.1542552772827559,0.2847239004334512,0.0963391020576488,0.0298202139712364,1111.0,1113.0,1094.0,1113.0,1102.0,1102.0,1113.0,906.0,-0.9278658755446249,-0.6829452544333732
terribacillus,7.706601320559165,3.6332488,-0.2347137931882445,-0.0618066360501733,0.8661262968556805,88276,7.048631715432958,91903,171.36658631996528,13820,263.1275089807411,36893,163.03550036523015,17216,34.60340267603055,35733,474.1380550054321,40281,18.187535950847128,36324,4.447347612930496,5878,0.3010780527155393,575,0.1059182902549239,20,102633,0.0350063937655421,0.0545584121303682,0.0403728083090335,0.031349958139762,0.0483124241038084,0.0281836424869377,14245,14245,14245,14245,14245,14245,9.910468656013007,13.14963069672324,30.572184932802102,12.593069841721276,11.446048822065933,7.281499955914349,60.874349292026224,0.2435024482160544,1.4281907721440477,0.8794407331696977,2.2727044406368333,0.6311594403596307,0.2957793458435041,0.2973865711032467,0.125298887350223,0.0503117553586905,431.0,431.0,456.0,458.0,426.0,458.0,458.0,313.0,-0.6709558900785756,0.9739707657485202
smaragdicoccus,3.950576036313695,5.3156805,-1.2154601263106322,0.9689535380727298,0.820618645447084,155638,5.980739434556703,172538,173.91961114519742,27096,201.8688760547077,57859,139.02070988133983,38672,46.074049530478106,34400,386.70375080053697,57311,15.13776199430536,63393,3.421543308178401,4983,0.3189406241952577,868,0.0310803858145622,73,194151,0.0339753607552975,0.0565597592579991,0.0401176271555632,0.0304972676030134,0.0516289168857693,0.0244406720149276,20316,20316,20316,20316,20316,20316,11.91170265384496,13.660818758025313,33.034164165096875,18.7455554592863,20.32480007172491,6.95925790685161,40.0943646892123,0.1355594292072421,1.958806156991724,0.9982184342662284,2.089468677013145,1.057859197064443,0.1496827362126409,0.3109998774631362,0.1026542082732752,0.0237911478617056,797.0,795.0,788.0,803.0,757.0,796.0,803.0,516.0,-0.575413468206425,-0.4639271959610851
collimonas,7.700521958490619,4.545146444444444,-0.2363011925280357,0.4968774251035842,0.468506210769633,133552,3.773625085450489,142325,156.54523677214652,16295,137.42818991190907,31012,178.56938884983916,20384,24.774421072291364,19408,279.8547632789892,30380,14.409941711520627,30351,11.93549687389084,3661,0.0447827414278893,3360,0.5497603211563904,89,148783,0.0294225727629263,0.0641898339557862,0.0426776663761777,0.0279208351003302,0.0500322970101929,0.0240167850684673,6850,6850,6850,6850,6850,6850,10.9032007275367,14.43138978033342,31.370836862097818,16.42054631728264,18.528347255791456,6.819625009684868,69.96289869130649,0.1364281482896766,1.5668047823791618,0.9971515012687544,1.9341743983572384,0.8417220070841747,0.0156955305457366,0.2955117672820898,0.0839292914660723,0.0,647.0,646.0,637.0,648.0,623.0,642.0,648.0,507.0,0.2311982046677518,-0.1872618990717333
ensifer,7.16962633526343,7.392295988888889,-0.3749248428891608,2.241214719857065,0.5928450377094354,29186,3.641747144046558,29656,271.9269572856688,1855,190.12433811766348,4531,55.38682378413088,2714,26.333668586717167,2786,287.9596132945109,4586,13.796910327075487,7276,13.099581046218594,514,0.2180784903458362,54,0.0658726842197567,20,31304,0.0323221026903434,0.0558518859695886,0.0330913579203085,0.0271410448083793,0.0519611080237123,0.0238400376005134,2550,2550,2550,2550,2550,2550,11.462346352487456,14.218664815519118,33.21919248974332,18.550245255777654,20.454041402225364,7.029641671985438,51.745994346049685,0.2173840657111687,2.098625606731567,1.4571303994723892,2.081627678212905,0.8755871875598742,0.0148777283664812,0.2814884941713206,0.1326627336649007,0.0,251.0,253.0,253.0,253.0,248.0,253.0,253.0,196.0,0.1600059343509624,-0.9056078775125048
brevundimonas,14.230274645302538,3.09199935326087,1.468700909201246,-0.3934090267830336,0.9368737086568808,933549,5.287016998675694,1192351,137.75600242443133,230077,190.92502294324365,371624,88.95951099639323,347557,36.753672158999095,262458,305.6554397935017,439443,20.333290228841733,381399,7.684976224261024,89520,0.3175494764022787,5558,1.2550784126932637,528,1288683,0.0341749937947484,0.0580895331142232,0.0428521666099845,0.0311693642746362,0.0527985307230875,0.0250291887894354,97152,97152,97152,97152,97152,97152,10.733808386709244,13.90175613603746,32.063504499058574,14.190722825960396,13.873866935374084,7.377179910468342,48.32541037722216,0.1217128085066272,1.635626313292691,1.3073356200157331,2.1526062087634594,0.8059345574277768,0.1151043122302915,0.3079284282124339,0.1449432937521034,0.0206153457898302,4277.0,4283.0,4264.0,4376.0,4215.0,4294.0,4376.0,3206.0,3.388348415345765,2.7137575279536943
alistipes,16.666660162625675,2.5800010068259382,2.104872388719699,-0.7070904111280316,0.755492138182156,140931,5.980014637400815,161021,82.95035481534612,36312,157.8308862007,57851,89.91000348963192,42427,26.83682749321367,28708,326.14717591662424,60644,13.333318683192466,106505,21.497555642906647,1116,0.3857545842047811,577,0.2489540283457771,34,180034,0.0353237216214327,0.0563514290893255,0.0424276638231527,0.0331360730114075,0.0553073853641634,0.0221635604589338,17265,17265,17265,17265,17265,17265,9.13049443211712,12.287166018310923,26.81552943230514,10.581019511538583,9.67730659314549,7.059907012302859,43.44471252900961,0.0176856157165817,1.1379632600443983,1.358642778913738,1.9672047225908904,0.4933754748506616,0.0149741347905382,0.269401484937028,0.1007035595342865,0.0003153017676423,640.0,639.0,626.0,640.0,635.0,631.0,640.0,547.0,-0.4560830526862906,-0.9522173972835786
paenibacillus,8.288189003971334,6.515295437172775,-0.0828537963218464,1.7039107440744028,0.93444388879932,843611,6.040586227894705,925451,172.5217338267441,176432,198.4489370813767,328792,141.65049853260197,242112,34.54054164625189,235312,332.9819040387532,377384,15.844727014948134,293366,7.364136688382039,65536,0.2530657175419506,7299,2.5436788481598818,490,1023331,0.0346239644077339,0.0593866610730851,0.0416940701849769,0.0314455687225887,0.0524061558168878,0.0254161760581655,98983,98983,98983,98983,98983,98983,11.128775408483111,13.60128699539499,33.2994132445834,15.864928878837542,15.671472573333128,7.370989471034784,49.18280310407102,0.1467763863838904,1.6364660418301276,1.0887143660855336,2.2724907057935435,0.8934103430526176,0.1813955081901397,0.3194388246075947,0.1379825847478961,0.0341763317127175,4264.0,4267.0,4268.0,4346.0,4158.0,4301.0,4346.0,3065.0,-0.8175520468529955,-0.0902762271247056
sphingobacterium,7.643869419778701,5.232951768707483,-0.251093896356958,0.9182688764177924,0.9484106135730468,377709,5.714291200267151,422730,154.50541889674727,67975,205.7429181847658,120881,121.7523576781816,116681,34.90200270962961,105179,350.93147756617657,157839,15.62612209312717,173162,4.448817630724621,36196,0.2738528810262584,1445,0.205923615290067,165,460554,0.0354053234989667,0.0569812442642063,0.0428105968782881,0.0325588024460517,0.0525136693882594,0.0248703640404823,35108,35108,35108,35108,35108,35108,10.282802620684569,12.94472560939622,31.426147731144003,14.234844006798506,12.103690584339873,7.344645701693229,38.57321720696415,0.1538018294384345,1.6191752090128044,1.1395142870128336,2.217109264387743,0.7419240116262719,0.1656043202790024,0.2863095462557096,0.1553450832550633,0.0275003685478989,1151.0,1153.0,1142.0,1159.0,1121.0,1153.0,1159.0,793.0,0.2719391291603423,-0.2923896075816644
demequina,11.188551224729045,2.770689375,0.674467946070591,-0.5902630976731627,1.178078372108762,144454,4.96517907127076,174996,132.3745365272585,31538,152.85326394778994,43806,60.84241020701164,83257,27.706969467711613,62641,205.37865120610616,82693,14.564532379010934,78694,4.817108754257126,37880,0.1938460063763455,711,0.621385789764731,65,189348,0.033140932008686,0.0587983711848428,0.042684062458409,0.0313039015342222,0.0515911345651029,0.0235878243956344,15880,15880,15880,15880,15880,15880,10.994985413175662,13.727418950009511,32.37024895053971,14.490271019745933,14.79831564244146,7.391775123695395,56.8364814401744,0.2142848382404405,1.540820286494574,1.171738936316608,2.498492515488026,0.9354899900134304,0.1562215002159973,0.3349837980240844,0.1204538180039803,0.0331266509022569,791.0,793.0,789.0,796.0,763.0,793.0,796.0,605.0,-0.7952102283176552,-0.1150610085412175
granulibacter,6.615115047875874,2.721041111111111,-0.519714845784354,-0.6206806493223683,1.1000682543214026,14796,6.994777652680649,15306,70.56730315791789,2773,154.92097221258214,4801,138.3897463300681,4704,30.129944468175943,4904,377.9077997957911,6507,13.57348811267549,3341,16.134939766123093,2109,0.1123281557861242,182,0.0366766868313702,22,17223,0.0324717176613893,0.0618556016977562,0.0375584281612932,0.0293080617549416,0.0562010650234609,0.0261046728692449,2866,2866,2866,2866,2866,2866,9.943161702721357,12.180416887592788,22.83445761443557,4.464366741660054,1.908513884982091,7.686474412166405,34.347556189074304,0.0198016479909601,1.0124531165102475,1.6076854989818017,1.2693183965889692,0.5504720615861739,0.013168942730211,0.4630992574192083,0.0962214039902691,0.0,45.0,45.0,45.0,45.0,43.0,45.0,45.0,38.0,0.1079929718207041,1.547672561996444
desulfuromonas,8.480931379653418,3.537347333333333,-0.0325262921433236,-0.1205617180424914,0.7476899591780489,149000,6.498956509179353,303639,219.05552714526425,63891,150.06772426527522,100048,90.18160249537192,98231,37.977844637290026,68423,275.0554709418297,94985,14.643184615788543,122602,7.94939942058001,3947,0.5366122103310133,1033,0.9667158796610792,78,323245,0.034885219759352,0.0570556405248027,0.0418407670476482,0.0331405608168164,0.0530176069143082,0.0225215811562511,22836,22836,22836,22836,22836,22836,8.841421782602177,13.195441681051092,27.54149566397318,11.48270741684927,11.93155152995456,6.9899393892680015,50.51227146673123,0.0981051404313584,1.0435592592591465,1.5010793129419548,1.9519895458148229,0.9393337723489024,0.2977083834271919,0.2662193242538995,0.112773600554756,0.0481680589681783,1185.0,1187.0,1178.0,1190.0,1173.0,1185.0,1190.0,978.0,-0.8273429799612222,-0.5193467937390235
kutzneria,2.484525382110065,10.062284,-1.598264738759008,3.877012064402435,0.7855154255149667,55188,7.056604996593737,56164,127.91375022968232,7277,161.81576578014327,12190,127.49847184822583,7569,23.69662821526662,9764,365.4014501667618,12271,19.895326709622733,12356,7.075721219142802,871,0.0951925540550508,544,3.532996997541192,32,62244,0.0295390267309671,0.0637167160111325,0.0371094860955768,0.0265012458615047,0.0529278121672098,0.0249726729678459,9709,9709,9709,9709,9709,9709,9.486356880450748,10.436519418695116,27.263050718617222,15.986123373611,18.628064630896848,6.093512494019184,37.32472733102043,0.020429331970184,1.6694675003175288,0.8940240971090854,1.7423334793776482,0.7253270356134287,0.0118195458372159,0.2486356255481945,0.1024372933730359,0.0,313.0,313.0,315.0,317.0,307.0,316.0,317.0,213.0,-1.3592603037057338,-0.3716307043965294
rudaea,5.549576953614374,4.6850418,-0.7979404964828457,0.5825858440851275,0.8751278474127251,420756,5.598094131141902,442952,139.50839041302007,65977,182.3252337114833,119979,152.91378631684086,89737,38.03372134846356,104928,362.9333482541553,126475,13.304071734265898,141957,6.237460551595475,18479,0.1434902276505976,3075,2.1625767140074124,260,487014,0.0307179281704444,0.0624554554021863,0.0374006204617357,0.0279549425869784,0.0530994730414328,0.0255003396518483,50959,50959,50959,50959,50959,50959,11.328288099418424,14.933035923515922,32.79359766802727,16.99462617002817,18.184583779017203,7.364471888321278,54.6545298246957,0.1050320428128878,1.7594200770605963,1.1331199531990774,2.130321665809772,0.8865430356999155,0.1558862087461714,0.315281038023029,0.1350326163156197,0.0315614226532581,2495.0,2496.0,2493.0,2527.0,2411.0,2505.0,2527.0,1762.0,0.9569716270336528,-0.5087733319324386
curtobacterium,10.781351157760888,3.710110116504855,0.5681427905394733,-0.0147167102101763,0.6941979814148977,315602,4.55588816609825,331728,228.89143034896105,32324,219.29909953613048,71675,69.1968542947939,43792,35.21418431984408,61739,340.2370775130825,79391,16.13400858028559,81281,6.2163264271805945,13335,0.2061004401493275,1286,0.5752750267226271,76,357312,0.0338787794866895,0.059335345823909,0.040140495985276,0.0309784114443464,0.0527924836098435,0.0245027416192477,25884,25884,25884,25884,25884,25884,10.107493113015538,12.559744109297036,30.11252317305437,13.463412991880716,12.744566646885684,6.811166135417559,40.0006596427817,0.1254527664941663,1.595372394790782,1.118867685044556,1.998968615796867,0.7507529933103743,0.2976055352674893,0.275237933508751,0.1726287255346611,0.0438606905987473,1768.0,1773.0,1767.0,1783.0,1715.0,1774.0,1783.0,1215.0,-1.090925169352401,-0.2921327447745396
gallionella,13.336125464583084,2.474481819148936,1.2352271000835966,-0.7717378950426856,0.624704451815778,41629,5.154604485836851,73955,83.50775794184264,14209,131.4112177841309,26056,47.332047115380085,26800,53.65138770630073,12554,261.9680843714967,24253,14.475279951161417,36873,29.93459763694404,534,0.1562988113213166,376,0.1461471860830717,9,81479,0.0312094194180482,0.0609205651120138,0.0498567743381134,0.030393975355148,0.0502702474563059,0.0229445760413462,7322,7322,7322,7322,7322,7322,8.614388545349,9.73824463247952,30.853835252447045,10.34938319779538,3.525766994920068,5.32037483328266,32.26746392725549,0.2473919770060777,1.4086800579379404,0.9538165315609394,3.0392520547184945,0.6685314672664393,0.2103723738651194,0.3134590479402453,0.0838698059886994,0.0571576766497729,188.0,188.0,181.0,188.0,185.0,185.0,188.0,151.0,1.3342876252456228,0.9758440291972555
hellea,7.34449988764664,1.9061883333333327,-0.3292631174531534,-1.1199091119736329,0.6550914207879521,9803,3.7415806111932817,86754,20.71093148437678,54682,64.32373561709775,58607,50.03539702538123,57738,25.01955361074196,6405,112.04931952831484,59437,11.97667245135465,16636,31.968310878960096,250,0.1884507574362941,285,0.1532038791004606,8,96073,0.0357743931097987,0.0566200230562735,0.0455950506636432,0.0324853787640575,0.0518014730002055,0.0229527162253207,5834,5834,5834,5834,5834,5834,10.303226008356896,12.704464004871047,31.372490717177524,10.579923587369112,3.7799734952316015,5.946696715575747,33.23382662891877,0.0179228783542014,1.0395135082338531,1.4186381083541475,2.84234075401234,0.7913864525421261,0.1305270918275823,0.303820872979157,0.0864024918479017,0.0300642169839352,827.0,828.0,757.0,828.0,827.0,757.0,828.0,613.0,0.4296194098150804,3.1052146339010407
halomonas,15.974913515185738,4.194075913857678,1.9242484747188888,0.2817902264749359,1.018010632454429,146251,6.362219787813548,290619,54.1067425003261,90613,174.49313204692956,116244,117.5432882373529,162648,42.65059716498223,88142,339.18880258776124,137899,15.310501460520628,127499,4.190681449499813,29440,0.5240591792609574,1739,0.6997463338409093,131,312070,0.0418401732264424,0.057710048631416,0.0512105599362884,0.0398254779587145,0.0534022182790719,0.0250791616240991,22705,22705,22705,22705,22705,22705,11.08585562229441,14.709439111458837,36.86363926135685,11.203632625628842,3.738028066405368,7.202113479021815,51.58939328807217,0.0942867645078703,1.3211452630971745,1.503352560831151,2.9545375710682995,0.6130437811907874,0.0744995540618608,0.2198662812602133,0.1009843141785272,0.0150672032277998,1643.0,1648.0,1531.0,1654.0,1631.0,1566.0,1654.0,1103.0,1.3699950127320608,0.3711725106707856
methylophaga,13.79603434233976,2.9718685081967213,1.3553152015461252,-0.4670085023372883,1.2217501118722836,63631,6.759185438868695,109890,75.7100704260032,29529,218.5271503502088,35094,81.65683568211715,72321,30.636597587193204,39314,264.0942911402972,60492,13.269873787830678,54587,2.1347380436950973,22002,0.6759079115931771,587,1.3919403423518792,33,120490,0.0425873812677432,0.0553130334564976,0.0499000961300697,0.0405657060579256,0.05389502828631,0.0231494310744138,8618,8618,8618,8618,8618,8618,10.448566846354478,13.55159311729917,32.39822848840522,9.2836280068383,3.661960946843785,6.499681757942351,36.74615775273419,0.0218347644076357,0.5964749757227074,1.4729884815612653,2.626171166071783,0.6787309925565906,0.1522909646600479,0.2368089212056129,0.093642321502661,0.0307630588445571,620.0,621.0,559.0,622.0,621.0,569.0,622.0,425.0,2.94225783680346,4.419821958203719
sporomusa,8.68506123157964,5.066170384615385,0.020774628006812,0.8160884381228947,0.7635006982728164,62954,6.376722473136245,70556,176.32269607074383,9035,185.17138031535995,30000,91.9416045959975,10292,29.350298814785447,18313,315.8759794542793,27904,13.755008860678338,29232,2.556455731720698,1009,0.4660520317724219,812,0.0091526113277931,17,80709,0.029889463441328,0.0536909210624579,0.0346274028934561,0.0267837233043112,0.0500001771157603,0.0231801011494709,8802,8802,8802,8802,8802,8802,12.02200308645711,15.453329090697856,32.20111408850408,18.144079987626764,20.66916271615969,7.479474690538151,79.18311456743608,0.227825771722605,1.867036214118453,0.9746537457446696,1.87500366569032,0.9951031610664056,0.2129161274091851,0.309239384948469,0.1054015366065291,0.0332528194293356,256.0,257.0,257.0,257.0,245.0,257.0,257.0,179.0,-0.9431785096947384,0.105687235685174
pontibacillus,7.366423152667969,4.344035,-0.323538672021456,0.3736643000217972,0.8136106847554365,11670,9.46761506909367,12683,186.1264554468244,1402,177.35340122156697,7126,105.04515589644392,1419,22.15203025752919,6686,354.4571802423908,7066,16.723367397059626,6824,3.249303623089582,214,0.263006398876496,256,3.4011836175072934,2,13501,0.0414782619247773,0.0561951621682566,0.0476240656006471,0.0420892754808163,0.0517562400198457,0.0248962052448103,1454,1454,1454,1454,1454,1454,8.254493765624435,10.212318219143327,29.195358824609265,11.048177499610532,4.558660564092687,7.223627080384666,30.54421533560602,0.0165241197056198,1.2881782724074415,0.9425930681878,2.7036474336615264,0.9306481883639224,0.2986314298546119,0.3321236148114642,0.0964637028713701,0.05,101.0,102.0,102.0,102.0,101.0,102.0,102.0,68.0,-0.4373394133868865,-0.0988999700073778
psychrobacter,13.112072582123783,3.126889341346154,1.1767240213585546,-0.3720332941491719,0.6960932812368203,119336,6.203053054819084,217382,50.5962945285082,81019,108.45727164010164,99670,92.266274325492,91336,25.03709101127344,27176,240.6289652121594,96437,12.69466988211518,104186,23.014797163859683,1738,0.4448208015330496,955,1.1095266275584266,53,237601,0.0395764588138808,0.0593000805894566,0.0492087716778557,0.03807855803378,0.054558494099663,0.0241792354595647,14794,14794,14794,14794,14794,14794,11.313171403427878,14.508137717190264,36.79142065247016,13.684602078958031,11.33399282777242,7.079150723318411,49.27921526075743,0.1656686913033129,1.2451467730712786,1.4412257564804836,3.2046227131535234,0.697766967975049,0.0790868250496055,0.2482378833614042,0.0995273892805131,0.0164246390757535,1386.0,1393.0,1335.0,1396.0,1383.0,1347.0,1396.0,1023.0,0.1087430723038895,0.9615258622387352
citrobacter,12.629322746286462,5.225933434903047,1.0506718530468078,0.9139690174848484,1.2034824881632429,40631,6.388466035071412,47783,113.15360229430244,8173,148.22051705679536,13337,50.690969819837605,21938,27.93902366114168,20045,273.2020764642272,26059,16.478278660098734,20338,3.787404380759408,12297,0.103663667255937,324,1.9933610226616416,6,55319,0.0342491836265786,0.0560248702251561,0.0395322496288552,0.0298341386870058,0.0520974260114091,0.0243249353724605,6746,6746,6746,6746,6746,6746,8.368953043151421,10.989353954644097,26.87845064404969,9.015382838787785,2.812340034510312,6.768683879799084,35.34106777469947,0.0215806141142121,1.7615000814641515,1.2143540023449828,1.977159465299279,0.535931633225041,0.4598258835326064,0.2706809750237413,0.1526780834790025,0.0520174795796392,361.0,360.0,358.0,362.0,359.0,359.0,362.0,279.0,3.697111389844672,2.243798903011524
oceanobacillus,10.14705778936537,4.04058012195122,0.4025206639294499,0.1877493514767807,0.9439537965307788,233718,6.191655717441311,240755,153.0162821943384,38994,244.48728031192704,58467,111.49594603765472,54139,36.70187924087485,53008,401.90539808125806,81775,15.19720144075844,127885,4.723461899371194,19121,0.2670740582600251,1655,0.178484311326915,104,261145,0.0353320465866963,0.0581346572763425,0.0423697607300786,0.0318906991400023,0.0525264642393445,0.0255300100921522,20280,20280,20280,20280,20280,20280,11.834016724228295,13.3543341035519,36.73453255427261,18.81720936666736,18.92334320707742,6.925700700924479,57.588978836287765,0.225856435367111,2.1715698760599373,0.9471094557117036,2.4250257786494607,0.8957312098159799,0.0940793483146528,0.3003502891064833,0.1258900575480902,0.0229087945011752,1086.0,1090.0,1080.0,1100.0,1032.0,1085.0,1100.0,728.0,0.3156309386846102,2.412744188872071
kibdelosporangium,2.636486662099024,11.758072,-1.5585857012533553,4.915955121737559,0.8728453936155208,132961,7.227121633849941,137834,252.74284647557573,21728,255.23596059278253,55458,92.95630278441088,23744,40.55640849629284,45106,437.8041229152996,54632,18.55635173666501,58865,4.08470682339524,4498,0.3412290521647416,884,0.0183409903869604,167,150707,0.0383407226262795,0.0567959116723923,0.0466772076486135,0.0331450318845877,0.0488619413726061,0.0289489895303,14847,14847,14847,14847,14847,14847,11.09619699608388,12.74478942717745,32.55752599868116,16.499192599607937,15.10218326059571,6.577772166803594,56.281126727664365,0.153302967804208,1.7927385789600712,0.8275472899760198,2.0397615758413563,0.8555451729937812,0.0860180084815048,0.3054303857202406,0.1076346477879623,0.0199873293196798,1190.0,1194.0,1197.0,1221.0,1163.0,1204.0,1221.0,801.0,-1.1960263818675396,-0.9365055734622552
curvibacter,11.367159914800036,3.079045272727273,0.7211049638206211,-0.4013454858419139,0.7207740831578191,267560,6.547499096470331,486413,208.6389229388946,75851,202.615884574322,134499,73.40176756327362,109725,44.70749954152398,87220,402.0723715972963,126895,16.362781961485645,156599,14.51130967887826,5953,0.3032031587953325,2578,0.0541792440632538,256,526657,0.0330987527525233,0.0587669057012429,0.0429019922857433,0.0310496849286643,0.0529193414822524,0.0237529913308851,49028,49028,49028,49028,49028,49028,8.677097774228475,13.884080886942002,26.679110532834965,9.794605898931351,5.853246961742364,6.727536850325315,55.548338796755445,0.0729754462829816,1.4054348486625348,1.451169460927356,1.7517573415031915,0.6720044053530773,0.1227199151176196,0.2698202703452578,0.1222626848961111,0.0265349310174826,2315.0,2317.0,2296.0,2324.0,2270.0,2307.0,2324.0,1823.0,0.9727855382153808,0.3190503901214017
lactobacillus,23.283301158125173,1.8468171548343475,3.832562141273373,-1.1562835135540932,0.8493617882075204,251840,5.695099121024176,289215,119.61185858198752,67508,199.2779268133418,93549,157.30876919133703,75586,31.692679769303325,65443,433.5416256750416,99116,16.100128941300717,146282,28.441561024591003,7737,0.4938905727940698,1597,0.2816012132669275,62,325604,0.0357533608053349,0.0566162190151555,0.0433399528612339,0.0336393014604547,0.0542251959658229,0.0230525507211046,29876,29876,29876,29876,29876,29876,10.676341827728626,12.238729477282034,30.439819657946643,14.491398215347344,16.198295588041017,7.347823791646687,33.730624759498184,0.1230081923424659,0.9987305632755948,1.236256732778697,2.3866376146761725,0.7493153975078288,0.1408121978738754,0.2658145200039754,0.1349519311134453,0.0222374925042032,815.0,816.0,788.0,820.0,808.0,804.0,820.0,627.0,-0.8329112721335535,-1.3312196117806332
skermanella,4.805673507816398,8.5315825,-0.9921832188957316,2.9392110560939324,0.9168970851983416,845270,5.286240857877719,895464,171.5496849037918,138921,198.37774843892515,272361,116.03608042356606,228470,38.70047896008313,210351,303.89780314386246,340297,16.781700651070636,237667,3.623948069585075,76844,0.3663387914045188,3230,0.1384293404469448,364,964170,0.0354493273797473,0.0561883886321763,0.0412859504261177,0.0314826877084888,0.051319534239316,0.0267895524756999,72006,72006,72006,72006,72006,72006,11.235784137377896,14.62266061161133,33.56448160591354,16.131719661299318,16.41323180396687,7.526451000261357,52.7341821802946,0.1753410471412097,1.7577329838663265,1.159105291825229,2.2309867603367373,0.887076406562025,0.2202011238598186,0.3103043431856028,0.1496450664342332,0.0379040495898346,2621.0,2625.0,2660.0,2695.0,2557.0,2682.0,2695.0,1827.0,-0.5064096063692014,-0.2075294991791155
perlucidibaca,9.055990168548748,1.9876346666666669,0.117628926700522,-1.0700101254481538,0.7513144047157088,95200,4.89277962337473,173841,199.36798603547965,73953,137.1855507008167,87542,55.5129771058848,108877,40.42379871158985,30644,262.66378091067213,81717,11.27736499125739,125498,26.661695495564985,1106,0.2958807421609963,337,0.0707523034840294,103,182433,0.0330409201738527,0.0617160780587845,0.0437056980876706,0.0316847110426939,0.0544195121821703,0.0211156447136581,12168,12168,12168,12168,12168,12168,6.990937432585704,11.412840038361104,21.053456884655272,6.432717884574603,1.949106188118703,5.697312771803637,48.61532591715201,0.0124954740087855,0.7901134711923502,1.3554886293937711,1.540038714675208,0.3539980656244733,0.0115028743771214,0.1975944497667015,0.1073966168857021,0.0005,521.0,520.0,524.0,524.0,520.0,524.0,524.0,472.0,1.121150131610933,2.268593538075698
phyllobacterium,7.595442667161358,5.266315836065574,-0.2637387420276455,0.9387097370360707,0.7373300632572561,324821,5.717810200163483,448991,146.39473800106546,127761,141.94843174471194,191615,57.28808093384797,168233,40.41382463935852,87814,266.5481123854418,191602,12.810200228228236,190491,8.684412447157941,11270,0.3076241747466596,1830,1.4128044813040077,232,483880,0.0377617118211822,0.0575628904201099,0.0441546010878508,0.0345560652648598,0.0519897287884246,0.0252121685754711,36878,36878,36878,36878,36878,36878,9.589847873912648,14.029155520169738,30.16349069228136,12.136509835681697,9.791631043512533,7.19010050029716,54.69702880509813,0.1164755193481878,1.600257558542237,1.3921267978384235,2.299666854679964,0.9021802494347514,0.2128272032671951,0.2962729235505215,0.1156140868883421,0.0464839217983485,1917.0,1918.0,1907.0,1926.0,1848.0,1914.0,1926.0,1391.0,0.0022787113373901,-0.5793647966421371
paludibacter,4.970888478195894,3.621083047619048,-0.9490434729903298,-0.0692601172479693,0.6807228922832247,71085,5.747145249845068,117685,161.0410352406379,30996,166.9814854412243,47914,76.9072409745681,47567,25.70481469917837,23329,338.0031685439969,43620,15.65347274999302,66393,22.63644426328206,1840,0.2330831621244731,596,0.2472466187286958,35,131562,0.0321757740548172,0.0593591814861161,0.0417116848777762,0.0302014277475158,0.0547356968290586,0.0211958224910433,14463,14463,14463,14463,14463,14463,9.011726529310891,11.643211139750008,24.49547737025478,9.71987456594714,9.354485471747193,5.907544915799065,40.42478461094945,0.1212898427987771,0.9591817049452576,1.321475571323299,1.7762261970333937,0.5689744542615108,0.0112535725052016,0.2843062450737123,0.0955564371236669,0.0003892494720807,699.0,700.0,692.0,701.0,698.0,695.0,701.0,638.0,-0.5970424567882666,-1.3543678418207172
legionella,7.695870262329039,3.5083751518218627,-0.2375158100047616,-0.1383118417827202,0.9897716462434664,518251,5.933855183780303,694335,117.75017933304206,155885,192.39542870769995,242639,114.79236394590528,229856,32.810753943357405,184465,327.13113549390147,284760,14.941058926166344,252053,8.060004056029598,56849,0.1434543459480826,4892,2.009217014386871,497,759880,0.0340664647731367,0.0586751701552166,0.0440782312151255,0.0315981772514737,0.0528158826580344,0.0245349742108449,69984,69984,69984,69984,69984,69984,10.908464944425385,14.029620798394491,34.19752529615008,16.432285174639848,15.621533549372302,7.151224199706667,54.05901449116984,0.1576310062400609,1.9315630920127425,1.2674980279032837,2.290711437280759,0.8260351757161453,0.1040636501527807,0.2980311411648578,0.1443279523645851,0.0211131405973235,3584.0,3592.0,3568.0,3653.0,3547.0,3598.0,3653.0,2637.0,0.6191253774977046,0.2001452590124973
methylococcus,8.212541263131431,3.287654714285714,-0.1026063908394926,-0.2735386308566802,0.2462792671791177,51916,4.70718625692092,69662,110.57134218499752,20710,67.9852497026097,25434,45.48976944268389,21975,22.421998286371647,11609,103.79744006627467,25337,10.49067281365073,14252,0.6824895069420179,6162,0.268366037960418,199,0.0312516666222245,6,72679,0.0379560828614556,0.0589899244043164,0.0435796219314094,0.0351511729550766,0.0542127466914406,0.0213766612026502,3288,3288,3288,3288,3288,3288,8.60516531256066,14.712448608841312,31.299010894793504,11.687831781447422,4.254009740239965,7.0588744812568445,47.551149356085446,0.4526005664239415,1.5085124187470662,1.4666395634372982,2.2038690362209725,1.2195846492933484,0.0177281052085583,0.333195865965403,0.1163099052866805,0.0004472135954999,60.0,60.0,59.0,60.0,60.0,59.0,60.0,45.0,1.6879093827696556,-0.5880861826706495
corallococcus,3.043606582265216,10.185284846153849,-1.452281473079268,3.9523698775004665,0.9330094834575514,538608,5.81489232549258,570420,213.1284024589711,88205,215.33494244435207,204063,110.86083715316585,121277,37.10348999989525,130998,348.2033071804022,226264,17.003581483693836,168566,5.532866463162042,26816,0.2991503121398173,2745,1.2703198234937638,253,626119,0.0351390849348773,0.0552577708937227,0.0413916389313916,0.0309188990095682,0.0507368150946843,0.0267749076314961,57796,57796,57796,57796,57796,57796,11.291527466784403,15.4008115965297,32.76469586804989,16.148635873491344,16.87999149732101,7.586291266968042,62.13901945693457,0.1665931912501295,1.6248948826911929,1.1216397968859662,2.1639423252464822,0.8866287944053667,0.1956928391083097,0.3197883449514719,0.1181598040064786,0.0369657094273786,1884.0,1885.0,1939.0,1960.0,1848.0,1950.0,1960.0,1349.0,-1.1070666901869837,-1.1224984477896165
propionivibrio,12.50354681576578,3.5190015,1.0178301458382268,-0.131801493399254,0.7302746984392074,196532,5.812520729892932,295644,157.60735803485116,63625,162.6720001225707,113968,74.91139856967116,96292,34.161844457450336,69482,341.45584859431534,102264,28.14094208022393,126615,16.814643720283833,7373,0.2494179069952173,1181,0.1137406684638892,62,322432,0.0330820642737216,0.0587034492979165,0.0415738347453081,0.0306594299491353,0.0540228474936392,0.021735338206228,29424,29424,29424,29424,29424,29424,9.629598708590542,11.635218474674833,25.260390650126524,11.794818079265388,12.74935245232695,6.366818195236092,40.26084496437304,0.1038584397084054,1.4403590213328783,1.2720772608905355,1.9343923668591,0.7218262544301848,0.1303348356085376,0.2995874000113901,0.0957697379609814,0.0251746999434229,1018.0,1020.0,1003.0,1020.0,1009.0,1007.0,1020.0,877.0,0.4338905072389221,2.3062306891491224
desulfobacca,8.936640812468317,3.133168333333333,0.0864652804313211,-0.3681864010633955,0.6850439488466671,15345,5.670250698664615,36865,94.22452436881598,4380,115.11884902835746,23102,117.34453242450924,6823,46.80679760048069,19201,199.2685080060188,22110,14.56239597554876,20697,4.416076468721641,402,0.1794864088006853,327,0.0022415284963613,2,41096,0.0359722388487407,0.0508909528182414,0.0386833357220307,0.0314380455769318,0.0527629880605402,0.022322218694916,5953,5953,5953,5953,5953,5953,8.58518757276762,12.933206821497446,30.46258755217064,9.755034332602705,5.039681998780223,8.13793181057483,49.9007904879192,0.2444340422661893,0.9807282541088446,1.3837217676542664,2.022082361739794,1.0334757775288008,0.014479353199837,0.3036164611472969,0.1160916158549613,,210.0,210.0,210.0,210.0,208.0,210.0,210.0,154.0,-0.8519227563632813,0.2773341311789832
rudanella,1.8084605208547144,6.635478,-1.774793937433526,1.7775419050816086,1.075090365355799,3897,6.613408958414729,4407,205.96785015873544,1359,193.61343945731684,2158,36.24669002428355,2143,30.73747175913395,1933,275.3056018535866,3189,18.83160893114023,1807,2.917168750588902,832,0.2346336366287066,86,0.0367783738085304,5,5647,0.0295335278698217,0.0541068858257216,0.0366417200779491,0.0263515048977409,0.0545121364124577,0.0219848138378771,1192,1192,1192,1192,1192,1192,12.046700793163248,15.33613380223321,32.881985949756746,4.1003073055565,2.9300170647967225,9.94620530654782,39.62451261529913,0.0194935886896179,0.5068037095365423,1.6441263029341755,1.3049137902558927,0.1465264481245621,0.0070710678118654,0.2786822563422365,0.0763367539262706,,5.0,5.0,5.0,5.0,5.0,5.0,5.0,5.0,-1.1248276566248625,-1.7223584665453195
brasilonema,4.4168004538017085,8.1506965,-1.0937229564940705,2.705857084172828,0.9178776933238336,41607,6.779764345616343,47761,289.75776567340995,9533,238.75436986716423,27333,124.8818691335076,12592,50.37164350128709,12497,409.7113117704625,27075,19.55234411095033,16784,2.863233294005587,2400,0.3630621891504541,281,0.3181927876579604,19,53188,0.0387489880140187,0.0549684547546442,0.0541191896339096,0.0370677502922328,0.0498229444643621,0.0257393465884292,4113,4113,4113,4113,4113,4113,12.19101489137701,11.503735698265798,33.625623499722856,16.962822268113268,20.375331231902656,6.704854156522843,33.549092613790464,0.2215862302271695,1.2218418619996227,0.926620348168436,2.5546524885943445,0.8948375543747635,0.2484506408819041,0.2492884659531894,0.2228900941772263,0.0373582792114549,262.0,264.0,259.0,265.0,254.0,261.0,265.0,191.0,-0.5502377763082954,-0.2713320576412625
phaeospirillum,8.44706841674907,4.735370666666667,-0.041368345692963,0.6134203744668022,0.7405235954058934,1018,5.091548464247386,1279,334.73843241178497,382,334.41957730019755,990,47.86930414277858,431,50.70840759906784,590,529.6296439841375,958,9.962956030171108,641,0.8707610995712285,175,0.0251361332586218,37,,0,1615,0.0288658893587042,0.0576582106429256,0.0370333048123085,0.0256738326807071,0.0534060000815954,0.0224674494602058,467,467,467,467,467,467,5.92879021046316,3.9030139362499408,11.811972220888244,3.1620416679546497,2.307035124828765,1.6286103098967455,10.081856673852036,0.0166189793967763,0.4183597748180036,0.3899756199940238,1.0508906442846748,0.3130634051628742,0.0048304589153964,0.315454737957135,0.0694582366628768,,23.0,23.0,23.0,23.0,23.0,23.0,23.0,22.0,-0.3429154857757175,-0.3511694446900779
mycetocola,8.177879827691509,3.5461514,-0.1116569358001586,-0.1151678103490479,1.1790228332217052,54722,4.078980555859158,63390,208.9694505944179,5119,192.8431954885844,7756,36.20374405027438,29339,22.827644820279925,28162,226.3479805913861,31153,12.338868245371817,16731,1.0722997772380634,23568,0.3857226202589669,143,0.0433839111041185,19,66585,0.0396422244263792,0.0586122305059221,0.0439991702347716,0.0330896879550735,0.0509942604171103,0.0260795213702866,4771,4771,4771,4771,4771,4771,10.358182292901551,10.878097157972462,33.718071838852545,14.777973062433324,15.886854724673093,6.547587907890504,36.133738910124144,0.3273425343198188,1.8587225050150304,0.8406200949493721,2.382629715485892,0.6704703700784233,0.0124981712350857,0.2644482966639206,0.1042840130493083,0.0,226.0,229.0,231.0,232.0,214.0,232.0,232.0,172.0,-0.8292331228056564,-1.047471192593846
phenylobacterium,10.245288281634032,3.318598663636364,0.4281699042307304,-0.254580481993504,0.9782548336611456,1119242,6.208343773744371,1352420,147.48982012367043,238708,190.9168084056093,451260,127.52065515123827,405385,35.96590215647687,376148,316.8961848286696,551099,15.8886512044955,452033,7.996033286605865,133148,0.2854699699817962,8350,2.1326812214505133,620,1473929,0.0338430535842907,0.0593553757274186,0.0423186665160872,0.0309405093280082,0.0529399169395093,0.024874589099506,122660,122660,122660,122660,122660,122660,10.80764885893412,13.807521525385948,32.331595235302146,14.988632267754465,14.675355712214524,7.311579076468872,49.57488105735734,0.1324837061672883,1.6393133359603531,1.1697930610200946,2.2416790872433534,0.828784751794247,0.1361970466363322,0.3149323656365905,0.1348754201052447,0.0256772856739388,5129.0,5134.0,5094.0,5220.0,5015.0,5131.0,5220.0,3776.0,0.8844947559162178,0.5804035160601008
salinimicrobium,3.984899682449474,3.2623155,-1.2064977824658625,-0.289062977508779,0.7926734319169093,56979,5.123599696844452,73399,92.34675830088024,7355,159.88846271879473,14530,41.93794241855418,53807,21.7857040598026,49295,152.70832820026064,54761,9.616484473436108,20476,0.4670189128179268,39755,0.4032790387865534,122,0.0379334848829147,24,75711,0.0383409311108174,0.052433433092884,0.0455897942378728,0.0342976619618579,0.0526235724454671,0.0251798807093927,3633,3633,3633,3633,3633,3633,11.718803922382175,12.967039939504042,39.10833568950784,18.2779283487631,16.83548953766239,6.728900356287487,34.96707605493884,0.2222305093608439,1.7438301320778964,1.2769280060832993,2.624185906773516,0.9230805156711136,0.1652922332720414,0.2553306149569178,0.1004556019952448,0.0315301767642305,568.0,569.0,535.0,569.0,564.0,538.0,569.0,376.0,-0.6452297041270105,-0.9562539570531476
orientia,2.9903106459295272,2.0064805,-1.4661977250147369,-1.058464019625161,0.5695969179828373,21438,6.243471218606876,24500,192.22379588164307,1336,148.8247629662427,6804,106.6280339587698,2521,29.11983044619563,1431,449.1991122391922,2321,22.4031220041761,2822,4.414470855233182,236,0.3440469254939742,229,1.6654180739715512,9,26481,0.0324582891554692,0.0621387238843753,0.0489767950604004,0.0331412750012003,0.0535242022748185,0.0247214505311004,1957,1957,1957,1957,1957,1957,6.991950971811594,7.825107620205178,21.09727445485756,9.284627247412784,2.560912576415625,4.418728469856752,22.70980872192409,0.0139057977880167,2.470858521461178,0.5874887703603697,2.486196495829124,0.3684032076904146,0.0074960306956732,0.154778647322048,0.1301664832591527,,63.0,63.0,62.0,63.0,61.0,62.0,63.0,33.0,-1.5886653265272186,-1.4782500717743243
pelosinus,5.063873295657683,5.1344096666666665,-0.924763945601572,0.8578959802948595,0.7581317972036521,208591,6.528158570477851,240713,152.54367637292242,41931,175.2371032124818,92553,98.76906793068288,48243,31.69797395976052,52790,313.35960908432463,89479,14.33371080152801,96313,12.053972466454931,7672,0.2116194259751101,1696,2.8276099746304246,148,265463,0.0324406688255423,0.0584095224207234,0.0390874786458186,0.0292247163101745,0.052509838703733,0.0246692647063892,29441,29441,29441,29441,29441,29441,11.091708128973591,13.500239754258237,34.10514865448356,16.71731011227604,16.258450346666656,7.107339484031053,53.29555979236978,0.1642647445786188,1.9714081464419964,1.0554659567736242,2.378145349792949,0.934628377647373,0.1421052782406682,0.2981685064937776,0.1204195262471029,0.0350195987180363,1483.0,1485.0,1481.0,1501.0,1432.0,1490.0,1501.0,1042.0,-0.764431544207328,0.6798488502080694
kitasatospora,3.4405919831594494,8.719429722222221,-1.3486234977554,3.0542977104206908,0.8151774153072952,459568,6.085061690733182,500907,164.01315875992415,84890,218.65547688859016,143819,136.33815389951997,107850,42.620519369219565,101732,396.8551763496118,146616,14.255188473863903,186402,7.586984577014713,17682,0.2099736770661303,4274,2.4031882949929355,346,548117,0.0337087442071453,0.0603635171693828,0.0399714538580463,0.0303685763463029,0.0524861614823587,0.0254018116072481,58502,58502,58502,58502,58502,58502,11.403445788419836,14.473425178392734,33.73275127771389,16.831086675300664,16.879348226900788,7.411166767543295,54.58189799456757,0.1611485885709827,1.784898942289235,1.0608733696238588,2.18547249650291,0.8623682653660762,0.0764065343007717,0.3221522337768613,0.1126472391629667,0.0156863239636847,3097.0,3102.0,3103.0,3148.0,3005.0,3125.0,3148.0,2172.0,-1.182738280252736,-0.4045536526753288
rickettsia,9.131726745776886,1.3140997682119204,0.137404717537526,-1.4826586443800462,0.9420295894329396,165642,5.013469522578843,403834,131.9254771652723,58539,188.24906939683183,96966,165.0804886546825,85790,33.71989423963926,66882,321.74584231531924,102735,31.814218706555817,85618,20.599574245240994,16400,0.1713145018024887,2165,2.4008987623835534,138,432520,0.0334511687130147,0.0605113966075757,0.0457559858949329,0.0310429598452215,0.0528703137236612,0.023742301230476,29806,29806,29806,29806,29806,29806,10.532970417022952,13.705334576254677,30.41834251144745,15.456140134344103,15.688356545254935,6.951090674048507,51.40544293839614,0.0222852351151029,1.9372959632072115,1.149747264336373,2.1237500933230984,0.8720661691357506,0.1307151977084292,0.3080182428085655,0.1503272362303406,0.0340415799672498,1097.0,1096.0,1088.0,1105.0,1072.0,1096.0,1105.0,802.0,-0.5848978820780751,-1.9611677154209088
telmatospirillum,3.8997295050122087,6.154273,-1.2287368072038876,1.4827264010770111,0.7503779832750526,29169,8.087720467982676,36592,123.85972908033604,8205,162.47763719646272,15412,464.1434824114313,8843,25.834211859789125,12347,292.49540803992534,15043,17.608299456348096,16061,39.613396299255086,994,0.1896946823859354,437,0.1729662266334012,46,45922,0.0310422489385304,0.064250245725661,0.0437145747088403,0.0299285279916408,0.0525484628490478,0.0224688158717902,9243,9243,9243,9243,9243,9243,11.020633329746742,13.239158928397169,31.474481418849688,16.245567356833245,18.15146501707594,7.271625549553721,54.62436597540943,0.0232232036677555,1.7177108226273534,1.0493592138310657,1.954758095168732,0.7900313814251375,0.0135792742278894,0.2628715066928668,0.0948818123839767,0.0005070925528371,655.0,655.0,650.0,657.0,636.0,655.0,657.0,499.0,0.4117559444877956,-0.2835616465708412
aeromonas,11.896951288536997,4.707088281848929,0.8594402804894952,0.5960928622121633,0.9470684394081988,51553,6.275257358654375,78208,70.93235657261772,14197,164.3531205434769,22969,40.43998764745009,26339,47.48762931065124,20315,285.55822174357405,28657,17.222203043204708,23879,12.51055244551461,8324,0.2445832085057797,405,0.7455086248549585,45,87148,0.0328114706066572,0.0558926586219631,0.0382381997027357,0.0301336614801366,0.0531467940911951,0.0223911482373772,9926,9926,9926,9926,9926,9926,8.049995297006697,11.979276804167052,22.298962945737568,6.21287711181748,4.0867112956866976,5.722502202159102,46.06310508265644,0.1179078740666398,0.7861879418068405,1.3977817124053995,1.416864643005442,0.564544525750779,0.0152513922878493,0.2216478984204769,0.1138671433786006,0.0003321055820775,770.0,771.0,767.0,772.0,767.0,768.0,772.0,669.0,0.9764843431072482,0.0508594916224544
ochrobactrum,9.940775428605296,4.828597159722222,0.3486576961395747,0.6705366046322297,1.133184687182032,152703,5.666093814499273,170564,110.7560341842128,37849,166.61901712318476,47290,119.97757487844623,74067,31.83481896302117,61250,223.022566581697,97025,16.10732912600001,77226,1.223831181138706,36403,0.3947725772113274,421,0.2823773709220674,37,186407,0.0354876626707099,0.0556292507922098,0.0420150844058359,0.0331441892485466,0.0515744545336907,0.0253021369152452,13336,13336,13336,13336,13336,13336,9.71619274387182,12.763221614649492,31.15965185340509,12.922836684854838,11.81774233150228,8.005034507700664,34.98172905673691,0.0265969975226833,1.451549947255906,1.1099786388743027,2.084939161300949,0.747004046615175,0.4109576376106919,0.3007664636748521,0.1885909111402398,0.0503288450797236,426.0,424.0,420.0,426.0,406.0,425.0,426.0,302.0,1.7975626884895606,0.8235645967127453
ralstonia,7.858392782036095,5.4718568023598815,-0.1950790974722138,1.064636657104749,0.7835871604354259,135029,7.167972678474445,162171,124.36394698448308,47197,182.44236249306311,84089,81.46746070377952,53042,40.97975089798292,46467,338.1937469578158,84359,12.213367361896156,84540,14.00041101121702,6477,0.5515223850075376,1292,0.1121772771347938,249,186499,0.0357759498889915,0.0581519114140983,0.043692528228091,0.0314529259710861,0.0515227171643174,0.0245853496312573,21639,21639,21639,21639,21639,21639,11.07079016705581,14.32944441894876,34.4179420912091,14.475673446128155,14.012124157136087,7.076583555893025,47.858434758144696,0.116986618583093,1.5650870368818997,1.3705264453528938,2.8335050737240257,0.7269659658020315,0.0226870792041006,0.2659722218586798,0.1048729719464502,0.0,1932.0,1940.0,1913.0,1985.0,1956.0,1926.0,1985.0,1392.0,2.8029692570079705,2.189875560163662
brevibacterium,11.640930325096262,3.607959057142857,0.7925899261667606,-0.0773006734907137,0.6162860792578139,153302,5.7411893337606985,171741,173.95289185426745,16355,194.4891919744792,39513,72.80340427718217,24268,32.10015796048744,27892,423.6356385019088,39236,14.521841232823016,92395,3.5828168077565525,5246,0.1908878185261113,766,0.2670493072679936,29,185506,0.0356964225343048,0.057594863653754,0.0447080053681854,0.0348576736091371,0.0545334025693486,0.0237384589438318,12796,12796,12796,12796,12796,12796,9.890471623964814,11.68883956255238,27.596956600797363,12.575697945308496,12.532823870584837,7.248181897699642,37.098874015502936,0.1967271368928076,1.3872938815281683,0.9990291924010306,2.548614325980333,0.7689449364782356,0.1576819632932459,0.2602303751089584,0.1396778837790749,0.0275806509657097,356.0,355.0,347.0,358.0,350.0,351.0,358.0,241.0,-0.2064015643632583,1.0972626027392165
belnapia,4.159602621514679,6.0101895,-1.1608806063535024,1.394452069614856,0.8096221583738783,351714,5.633359641919671,374908,225.6714997018935,50686,231.50757188960984,106575,126.12907885425926,59831,38.49254866723373,69652,385.1083649381951,104768,17.913386376036446,85091,6.004114047408468,10738,0.3691247785173855,1577,0.0321024579354704,106,405397,0.0339834391232037,0.0563084994368783,0.0423713711854844,0.0295490054016858,0.04962353135488,0.0282038354146943,33745,33745,33745,33745,33745,33745,11.166306013834967,14.40749880758051,32.86534442981019,15.442706995261345,16.34855220364476,7.703562304633085,45.30489347189827,0.1535732074612756,1.765623838547247,1.141965414633798,2.127295219907724,0.8187365170722224,0.1800539590658219,0.3300981433621738,0.1498735893268358,0.0345842339643461,1622.0,1626.0,1673.0,1688.0,1582.0,1684.0,1688.0,1198.0,1.3558777301763991,-0.6525092851270502
pseudonocardia,8.473620021261869,6.608745714285715,-0.0344353815104085,1.7611640779890974,0.989868064628182,608938,5.850422918962851,654238,174.18067565242157,102870,225.64823928845087,181635,109.90426379722612,188375,42.049892377540864,180477,341.2458499576953,257282,17.515334428549373,195367,3.210832404575671,74664,0.2789543407630191,5219,1.0764483253308936,373,711757,0.034823895102348,0.0595452525133264,0.04254565541675,0.0314708121674384,0.0522565113506662,0.0262438549195339,60203,60203,60203,60203,60203,60203,11.4149068984814,13.002060470795982,33.32163026426732,16.772023167255977,17.24395551319421,7.227977364932917,43.22706553709418,0.181488763896461,1.6684620707657944,1.073602093419656,2.2782503490783155,0.9215912482825924,0.1094424890196581,0.3099995911261074,0.1189808134411258,0.0217521092638333,3656.0,3665.0,3675.0,3753.0,3563.0,3703.0,3753.0,2551.0,-0.8054192439945902,1.3136014175994526
devosia,13.795808732460523,3.914232289473684,1.35525629191559,0.1103409706167454,0.9776980094075096,855040,5.318820967406255,960138,141.0368937171779,156034,198.0391667043522,293990,75.3206596491381,306994,37.39475787739685,244421,298.35971938101017,401952,22.00344179687253,283059,4.427824310617464,121574,0.2180676339299347,4357,1.0471935963970878,388,1036617,0.033839064593634,0.0590741222632607,0.0406414625619716,0.0304990895112457,0.0528022023219477,0.0252567194888024,76596,76596,76596,76596,76596,76596,10.558283209801688,14.03281402185318,32.09733088294091,15.570076896902702,15.27018394961823,7.174409533713815,52.99837373441978,0.1532199686457944,1.804954986137269,1.2239971653697104,2.1714066629889954,0.7959653984380156,0.1481961358331176,0.3091679853304375,0.120620347696071,0.0297663515067515,3268.0,3275.0,3307.0,3338.0,3239.0,3322.0,3338.0,2392.0,-0.0441355232839468,-0.6259156414478135
nonomuraea,3.826775748170179,10.19134712,-1.24778596797776,3.9560839958478806,0.9585344851633808,148564,5.854036546434134,150147,229.4404845689264,32346,291.4179213469272,39367,85.99177550853808,43931,43.934329377296585,35154,413.181298966938,59770,18.872745552110658,60270,4.115574859126525,13940,0.3769696139120806,870,0.2006074742585792,99,167779,0.0361986478361008,0.0540278717930242,0.0425949969624472,0.0314399646880351,0.0485174588331289,0.0280683874620566,16115,16115,16115,16115,16115,16115,11.679864460494375,12.670121381114392,33.84844542190922,18.5314432728291,20.22777324103371,7.207888829986731,47.67174525511678,0.2234373953557373,1.889729397554823,0.948026787330732,2.0588064159317243,0.8389636978927133,0.0138476572843446,0.2852005298146087,0.1168652273955352,0.0005117663157191,1003.0,1008.0,1055.0,1065.0,1014.0,1063.0,1065.0,743.0,-1.2386201194680362,-0.9572568442334192
saprospira,2.588814601210215,5.4078805,-1.5710334872427616,1.0254408760455769,0.7649911545255099,374,6.376014172960439,8159,25.56809514106636,3490,77.39004526429812,5223,159.31085515006998,4945,21.43769505775648,839,171.5484427006977,4932,16.802886312006606,2464,0.4767878473285573,26,0.0728531515540352,25,0.0,3,8748,0.0494342706893509,0.0600974324348319,0.0587445627469126,0.0521591298819158,0.0481089919804822,0.0254775289774451,565,565,565,565,565,565,6.554292521911997,13.8368917167332,22.33762379560759,5.80182504096752,1.9547680436322297,5.8390200591487575,51.03964071290261,0.013715223098177,0.4817040013424145,1.5614142971574336,1.1530824712425634,0.3655291905077585,0.0285164305828554,0.1897111679502639,0.1084380881237872,,74.0,74.0,73.0,74.0,74.0,73.0,74.0,60.0,-0.8772533754383525,-1.4084028217261535
filimonas,2.0541685531316154,7.7890395,-1.7106364215922296,2.484283969322004,0.7515730738523185,22188,5.889989655902681,26008,223.92540245130223,4850,302.3109263703821,8898,130.03607222653932,6026,44.01238325963393,5147,673.0424342035836,8678,14.094775533165746,7529,8.931752702946445,750,0.1336710579820584,313,0.327180268513514,18,30498,0.0325861116349139,0.0592683974924254,0.0350641752687418,0.0276340513061366,0.050729567924943,0.0240001466181685,4545,4545,4545,4545,4545,4545,9.91912009361264,15.755412554989908,33.83798824310253,14.96595485968353,2.422954109497142,6.742020026267766,43.71152360036391,0.0252821737927796,1.6783664195407897,1.274398333228059,2.3798686128241937,0.7263153735131124,0.010380462932605,0.2845915213680752,0.0920504249781766,0.0,93.0,93.0,93.0,93.0,90.0,93.0,93.0,56.0,-0.9959507843410454,-1.459466175216252
geothrix,11.914263321221036,3.525186481751825,0.8639606740675114,-0.1280121967119305,0.7141504770644824,286756,5.738175528117676,424337,132.22613683050523,113319,134.79247125730066,203927,106.58204299493585,139515,29.881907495975007,111133,280.0723085040623,187032,14.456448372639356,198000,15.810909159841346,9879,0.4178043110088614,2154,0.5056689599365176,106,466311,0.0322416686771034,0.0603338577319934,0.0424737896379904,0.0297621018404333,0.0537975610390236,0.021839783119415,44925,44925,44925,44925,44925,44925,8.940181841186059,12.846415822833556,25.70143949092353,10.319327913318311,9.466763482439475,6.778046330368762,43.07910912603993,0.0936470504619763,1.2119072698404687,1.2975424417489536,2.0539352157738304,0.64404178692533,0.1457003978471761,0.2951224761139042,0.1013118027153753,0.0274807057622104,1336.0,1336.0,1325.0,1341.0,1327.0,1331.0,1341.0,1089.0,0.7441065468280645,-1.0632080411942648
coxiella,4.079590472860126,1.9609811458333333,-1.181772803679049,-1.086339696375256,0.6630268250816139,67017,6.388480367322567,91642,51.3765495506983,21386,180.3339300160476,31318,43.68005469091095,31634,56.71705843174986,24382,374.7607501856161,32675,16.029938252680154,33616,13.133640033579583,3208,0.3369152363089274,218,0.2358784335461703,41,97120,0.0356325386414734,0.059600044589011,0.045495518411209,0.0346527599853184,0.0539180442322632,0.0225999252591553,4615,4615,4615,4615,4615,4615,11.187016411098528,14.001889970351916,33.35195936998171,14.259597014760798,13.362469031315078,6.988453410492437,57.551247059469134,0.1461736709503644,1.6340679353602878,1.3742557533046615,2.604408667264789,0.935444323289078,0.2004444514558623,0.2975304719682559,0.14444344345642,0.0451773441477298,620.0,623.0,607.0,623.0,615.0,608.0,623.0,440.0,-1.0000980943636186,-0.0419813403418215
syntrophus,7.818687017366371,2.8137716666666663,-0.205446781435096,-0.5638682606881328,0.4735486737994699,313590,5.20302101809596,361313,117.79880171041154,88718,124.82555425786089,223058,61.18028788565978,96067,28.000357003820493,107239,420.2027066296653,176029,11.552926261000296,215029,12.965769275144186,6963,0.4567027978237277,1082,0.1310992820221479,35,379677,0.0327253777115821,0.0624760245789225,0.0399252721342427,0.0302876877721744,0.05354870652232,0.0211857432299615,20808,20808,20808,20808,20808,20808,8.857944611939779,11.892200216708062,26.409847130682586,8.074523414646736,3.800281887249518,6.725646526182054,42.38492786442301,0.1385205951470768,1.253946344391675,1.355312043780171,2.007739401743113,0.735435862483219,0.1239450895979442,0.2916685251979359,0.1057888677550786,0.019441747309888,597.0,599.0,593.0,600.0,588.0,595.0,600.0,488.0,-1.0417508965702131,0.1062877004594435
belliella,3.0087336014616426,4.6531205,-1.4613872552452212,0.5630289106617802,1.1690679913203763,6763,5.023779006190382,12649,33.015759976855335,3226,196.70371260516248,6864,540.5397003168481,5720,24.831833268122708,6251,478.7623392321783,7014,20.384642859629047,9253,1.7899118288476743,769,0.1365705500886452,12,0.0,6,13568,0.0655440112712197,0.0591892256182616,0.0810342431263328,0.0611707403944655,0.0470681546695029,0.0320751186242562,1065,1065,1065,1065,1065,1065,9.618380412431282,12.446962204966647,26.25398033663626,9.058628362075453,3.725329102653472,5.898109214629067,67.17082413804833,0.0103279555898864,0.9554355775546264,1.4323081675439775,2.009898034699798,0.126465765104987,0.0,0.195046120215166,0.1199029827599183,,14.0,14.0,14.0,14.0,14.0,14.0,14.0,10.0,-0.9272200331572432,-1.0305541901992374
marmoricola,7.69072778714237,2.210454,-0.2388585761740025,-0.9334974249179536,0.880903365163009,591292,5.550324427924173,649505,145.3742594284808,103078,191.22582463918863,191010,117.66846782350176,169162,39.884475704379724,149514,299.6326655054635,226173,15.43416965244612,206927,3.890534914235487,49788,0.3508679689882928,3868,0.3541656003438385,267,699581,0.0337476943980897,0.0600002483793091,0.0412214456375,0.0307015756395189,0.0527608121234086,0.0254507475529097,59698,59698,59698,59698,59698,59698,11.148565490881964,14.215519737244689,33.8083519918474,15.88220654735847,15.689877243920144,7.261119789643126,52.23975782039158,0.1833187213564315,1.6956039015332576,1.0966372580256938,2.226223581247877,0.8624956338771219,0.1146843536423837,0.3132464721708239,0.1412910577864193,0.0234629090031848,2702.0,2705.0,2738.0,2770.0,2630.0,2758.0,2770.0,1948.0,-0.8924769746754393,0.7073469337713693
turicibacter,7.298550604292201,2.603256595744681,-0.3412610641518856,-0.6928426203361593,0.7893223156765558,547566,5.346342362218101,621708,157.3938172101806,154778,155.60822908614026,303021,94.57209374747649,168460,31.94320610730041,145457,379.2750537903277,290911,14.71817741086039,320042,8.612482377687549,17038,0.2588117793392335,2846,0.2121156322568671,141,677378,0.0335903806092821,0.0591339727186063,0.0395711071100869,0.0309414803205911,0.053479325301714,0.023297037020575,53408,53408,53408,53408,53408,53408,10.561753157970754,12.967422941037478,32.709627925123,13.964909155190377,13.249948769018737,7.49057182462697,44.34731602111604,0.1284993349366531,1.6602087705597883,1.1711223484779392,2.20950185555488,0.8562022674125079,0.13984365944884,0.3137586130262355,0.1331274962674196,0.0269002972486084,2280.0,2277.0,2295.0,2322.0,2218.0,2307.0,2322.0,1722.0,-0.1847048860363695,-1.1437873685657327
acidobacterium,4.680242737094631,4.0596185,-1.0249348004577816,0.1994134219246795,0.8817020617774041,148809,7.056932883735456,161531,124.38496716408568,35817,209.3241750469465,58227,275.127036746408,43919,38.985696393333946,51078,435.9773451946815,62211,14.471419788826012,62582,14.75119762581816,9355,0.1087218876823233,3220,3.4052935920993623,270,185683,0.0311013589170629,0.0617124669690745,0.0429132771428414,0.0296957744011141,0.0530159016706824,0.0232578590480135,27114,27114,27114,27114,27114,27114,11.935683277826683,13.693329417610045,33.457313047200124,18.616392779164684,19.74692829156963,7.249998430337608,58.84670244067359,0.0808793808659798,1.950278893928807,1.0103382688993536,2.1172184359931285,0.9480626621598118,0.0933294330884236,0.3225194623182179,0.1251206472545425,0.0203806741274875,2223.0,2226.0,2189.0,2236.0,2155.0,2205.0,2236.0,1535.0,-0.261909340745647,0.3462806467494225
cloacibacterium,6.392244563624293,2.503033142857143,-0.5779091851855752,-0.7542456144366375,0.9456585618171484,202653,4.860168246144313,252076,183.41882695487985,44313,191.1315375719104,85189,71.92798855802425,86798,30.62215449123177,65936,454.37765892225553,110026,16.89012071371533,76052,3.037998246759683,33960,0.4744474814571132,760,0.0638292249254856,51,268454,0.0312429095379359,0.0564543317277959,0.0385633911025832,0.0292811538293365,0.0550152858864232,0.0228749666434902,17873,17873,17873,17873,17873,17873,8.653420927035702,12.350308932590158,22.639904139592023,9.44774645469746,10.24402811784226,5.740806705532595,47.89173475384496,0.0162817433544859,0.8545031708900707,1.4262869102796747,1.636519950349234,0.5455167817168142,0.0203409405631237,0.2442870104318286,0.1150538077046006,0.0004751909633114,1099.0,1100.0,1088.0,1101.0,1098.0,1093.0,1101.0,970.0,-0.2053405607863891,0.6272336687981337
panacagrimonas,3.8931230206481975,5.394127,-1.230461844929808,1.017014643910983,1.0274267740664724,200959,5.481736886950911,217905,161.2872532996816,42485,197.43050223508035,69978,88.98481118512623,86925,33.874234087621105,77944,278.8319455300048,109652,16.811199871507714,70208,1.6533329122384277,40657,0.2006257487152573,1490,0.609367954965672,69,238791,0.0342326868682466,0.0554652498517094,0.0384729428915426,0.030048051738324,0.0514089619056018,0.0265464444557738,20870,20870,20870,20870,20870,20870,9.613747412337505,13.910749283427435,31.682664691221262,10.641579728867194,3.31535446669103,7.500010863049185,39.32842024525374,0.018824222629994,1.864488282868047,1.16377660372861,1.991153115193581,0.8589487928567615,0.0205409550295266,0.2622533793941503,0.1158404505291158,0.0003535533905932,435.0,434.0,430.0,438.0,417.0,433.0,438.0,279.0,-0.4475039655847173,-0.717408056900458
niastella,2.051352825876699,8.77469725,-1.7113716440604902,3.088157965523804,1.019054018196231,627189,5.316945155140172,635830,205.8609010096624,72065,220.39967439628933,150963,84.22577588883091,184194,32.619776771230825,193915,301.4829325719637,269649,16.550809889796327,134058,1.8308991550303129,114957,0.2792649786697592,2526,0.1940777034171493,290,686849,0.0345687833464246,0.0580667616539929,0.039626154290665,0.0307403389398424,0.05107182061086,0.0266231357812674,54543,54543,54543,54543,54543,54543,11.155713944677792,15.34157213928174,32.93401201481704,16.39792685140901,16.905480181895083,7.538085435092622,56.4352212283056,0.1424334372579654,1.8156936974096407,1.115561886407008,2.162385587797775,0.8765617574038448,0.095479934680991,0.3148917567436619,0.1298821323195015,0.0205800898107456,2096.0,2096.0,2119.0,2139.0,2033.0,2129.0,2139.0,1397.0,-0.7994625455459399,-1.7428066517354208
methylomicrobium,4.656569671429118,4.5097575,-1.0311161412604122,0.4751960014014627,0.958748656881302,49892,4.966379262856774,61034,497.96227740518793,6254,126.06801853455224,40205,44.98740677522824,8723,22.679345676787108,29693,209.32686757015503,40235,16.772397181076663,15747,2.4705262262014887,1655,0.1434512178356272,669,0.0014176670977348,5,65483,0.0319613298462231,0.0522018421773899,0.0363923899377312,0.0292224998063564,0.0508741043780665,0.0228705767793426,6919,6919,6919,6919,6919,6919,7.142078917383642,12.314157235495378,23.553926939400668,6.361965507981952,3.765628496125416,6.4711395311498885,51.14029107697296,0.0127002406262926,0.8500706411819421,1.4644150432673444,1.4958939351216738,0.7355753220985762,0.0236321499943733,0.2332697283075785,0.1151996861982595,0.0005773502691896,310.0,310.0,310.0,310.0,309.0,310.0,310.0,258.0,0.2881335477078042,-0.1722845090752896
