genus,n_habitats,count_breadth_raw,count_breadth_std,weighted_breadth,shannon_breadth_std,cooccurrence_mean,cooccurrence_max,genus_lower_clean,mean_levins_B_std,gtdb_genus_lower,kingdom,count_breadth_ses,shannon_breadth_ses
acaryochloris,3,810,0.9342560553633218,0.5699588477366254,0.9779814439339557,2.050749711649366,3,acaryochloris,0.0641151121326881,acaryochloris,Bacteria,,
acetobacter,4,867,1.0,0.7179930795847751,0.9861742293388294,2.8719723183391004,4,acetobacter,0.2654755705218656,acetobacter,Bacteria,,
acetobacterium,3,860,0.9919261822376009,0.6227713178294573,0.9882456584935019,2.2549019607843137,3,acetobacterium,0.2306819880934687,acetobacterium,Bacteria,,
acholeplasma,3,860,0.9919261822376009,0.6227713178294573,0.9882456584935019,2.2549019607843137,3,acholeplasma,0.1590991255640901,acholeplasma,Bacteria,,
achromobacter,4,867,1.0,0.7179930795847751,0.9861742293388294,2.8719723183391004,4,achromobacter,0.3824708127696951,achromobacter,Bacteria,,
acidaminobacter,4,867,1.0,0.7179930795847751,0.9861742293388294,2.8719723183391004,4,acidaminobacter,0.3167899375675269,acidaminobacter,Bacteria,,
acidaminococcus,3,860,0.9919261822376009,0.6227713178294573,0.9882456584935019,2.2549019607843137,3,acidaminococcus,0.1323136374070082,acidaminococcus,Bacteria,,
acidicapsa,3,803,0.9261822376009228,0.6447696139476962,0.9793386826591985,2.1891580161476356,3,acidicapsa,0.4226973755800177,,Bacteria,,
acidiphilium,4,867,1.0,0.7179930795847751,0.9861742293388294,2.8719723183391004,4,acidiphilium,0.1820723284815553,acidiphilium,Bacteria,,
acidisoma,4,867,1.0,0.7179930795847751,0.9861742293388294,2.8719723183391004,4,acidisoma,0.3242780853835226,acidisoma,Bacteria,0.0,1.0
acidobacterium,2,787,0.9077277970011534,0.5419313850063533,0.9802751059369579,1.572087658592849,2,acidobacterium,0.4013811468140469,acidobacterium,Bacteria,,
acidocella,4,867,1.0,0.7179930795847751,0.9861742293388294,2.8719723183391004,4,acidocella,0.2324933956398548,acidocella,Bacteria,,
acinetobacter,4,867,1.0,0.7179930795847751,0.9861742293388294,2.8719723183391004,4,acinetobacter,0.2569934734607408,acinetobacter,Bacteria,,
actinoallomurus,3,827,0.9538638985005767,0.5894800483675937,0.9813914120752875,2.121107266435986,3,actinoallomurus,0.6691342654168633,actinoallomurus,Bacteria,,
actinoalloteichus,4,867,1.0,0.7179930795847751,0.9861742293388294,2.8719723183391004,4,actinoalloteichus,0.4298603188883119,actinoalloteichus,Bacteria,,
actinobacillus,2,787,0.9077277970011534,0.5419313850063533,0.9802751059369579,1.572087658592849,2,actinobacillus,0.1494761206643097,actinobacillus,Bacteria,,
actinobaculum,2,787,0.9077277970011534,0.5419313850063533,0.9802751059369579,1.572087658592849,2,actinobaculum,0.084068289012504,actinobaculum,Bacteria,0.6849260902350721,0.8621155742383375
actinocatenispora,3,803,0.9261822376009228,0.6447696139476962,0.9793386826591985,2.1891580161476356,3,actinocatenispora,0.3472025737891058,actinocatenispora,Bacteria,,
actinocorallia,2,749,0.8638985005767013,0.4857587894971072,0.9718890883941397,1.4382929642445212,2,actinocorallia,0.6184941672232452,actinocorallia,Bacteria,,
actinomadura,3,803,0.9261822376009228,0.6447696139476962,0.9793386826591985,2.1891580161476356,3,actinomadura,0.425508012095051,,Bacteria,,
actinomyces,4,867,1.0,0.7179930795847751,0.9861742293388294,2.8719723183391004,4,actinomyces,0.2403403045841251,actinomyces,Bacteria,,
actinomycetospora,4,867,1.0,0.7179930795847751,0.9861742293388294,2.8719723183391004,4,actinomycetospora,0.7320932877752121,actinomycetospora,Bacteria,,
actinoplanes,4,867,1.0,0.7179930795847751,0.9861742293388294,2.8719723183391004,4,actinoplanes,0.4139140624490732,actinoplanes,Bacteria,0.0,1.0
actinopolymorpha,2,749,0.8638985005767013,0.4857587894971073,0.9718890883941397,1.4382929642445212,2,actinopolymorpha,0.4860407248971539,actinopolymorpha,Bacteria,-0.3597664335445692,-0.29053041612339825
adhaeribacter,4,867,1.0,0.7179930795847751,0.9861742293388294,2.8719723183391004,4,adhaeribacter,0.2234463088649664,adhaeribacter,Bacteria,,
adlercreutzia,3,803,0.9261822376009228,0.6447696139476962,0.9793386826591985,2.1891580161476356,3,adlercreutzia,0.3782809259750745,adlercreutzia,Bacteria,,
aequorivita,4,867,1.0,0.7179930795847751,0.9861742293388294,2.8719723183391004,4,aequorivita,0.3162774529269461,aequorivita,Bacteria,,
aeriscardovia,2,787,0.9077277970011534,0.5419313850063533,0.9802751059369579,1.572087658592849,2,aeriscardovia,0.2563011942332186,aeriscardovia,Bacteria,,
aeromicrobium,4,867,1.0,0.7179930795847751,0.9861742293388294,2.8719723183391004,4,aeromicrobium,0.3082644197935794,aeromicrobium,Bacteria,,
aetherobacter,3,803,0.9261822376009228,0.6447696139476962,0.9793386826591985,2.1891580161476356,3,aetherobacter,0.7756088611507659,,Bacteria,,
afifella,4,867,1.0,0.7179930795847751,0.9861742293388294,2.8719723183391004,4,afifella,0.3485948735089769,afifella,Bacteria,,
aggregatibacter,4,867,1.0,0.7179930795847751,0.9861742293388294,2.8719723183391004,4,aggregatibacter,0.1315136868962124,aggregatibacter,Bacteria,,
agrobacterium,4,867,1.0,0.7179930795847751,0.9861742293388294,2.8719723183391004,4,agrobacterium,0.3274516103789065,agrobacterium,Bacteria,,
agromyces,4,867,1.0,0.7179930795847751,0.9861742293388294,2.8719723183391004,4,agromyces,0.3398384380913924,agromyces,Bacteria,0.0,1.0
akkermansia,4,867,1.0,0.7179930795847751,0.9861742293388294,2.8719723183391004,4,akkermansia,0.1720260721796463,akkermansia,Bacteria,,
alcaligenes,4,867,1.0,0.7179930795847751,0.9861742293388294,2.8719723183391004,4,alcaligenes,0.1823858647093429,alcaligenes,Bacteria,,
alcanivorax,4,867,1.0,0.7179930795847751,0.9861742293388294,2.8719723183391004,4,alcanivorax,0.1729655386880221,alcanivorax,Bacteria,,
algoriphagus,4,867,1.0,0.7179930795847751,0.9861742293388294,2.8719723183391004,4,algoriphagus,0.2224078543907995,algoriphagus,Bacteria,,
alicyclobacillus,4,867,1.0,0.7179930795847751,0.9861742293388294,2.8719723183391004,4,alicyclobacillus,0.3367781751044016,alicyclobacillus,Bacteria,,
aliivibrio,3,810,0.9342560553633218,0.5699588477366254,0.9779814439339557,2.050749711649366,3,aliivibrio,0.1904029111948505,aliivibrio,Bacteria,,
alishewanella,3,860,0.9919261822376009,0.6227713178294573,0.9882456584935019,2.2549019607843137,3,alishewanella,0.2755045998204007,alishewanella,Bacteria,,
alistipes,3,803,0.9261822376009228,0.6447696139476962,0.9793386826591985,2.1891580161476356,3,alistipes,0.2009096287669859,alistipes,Bacteria,,
alkalibacillus,2,785,0.9054209919261822,0.4647558386411889,0.9777451966543141,1.433679354094579,2,alkalibacillus,0.3861672348879039,alkalibacillus,Bacteria,,
alkalibacter,3,860,0.9919261822376009,0.6227713178294573,0.9882456584935019,2.2549019607843137,3,alkalibacter,0.426162098368636,alkalibacter,Bacteria,,
alkalibacterium,3,860,0.9919261822376009,0.6227713178294573,0.9882456584935019,2.2549019607843137,3,alkalibacterium,0.1716860037954161,alkalibacterium,Bacteria,,
alkaliphilus,4,867,1.0,0.7179930795847751,0.9861742293388294,2.8719723183391004,4,alkaliphilus,0.3914194776164726,alkaliphilus,Bacteria,,
alkanindiges,4,867,1.0,0.7179930795847751,0.9861742293388294,2.8719723183391004,4,alkanindiges,0.3551671087990227,alkanindiges,Bacteria,0.0,1.0
allobaculum,4,867,1.0,0.7179930795847751,0.9861742293388294,2.8719723183391004,4,allobaculum,0.4120347353542858,allobaculum,Bacteria,,
allochromatium,2,785,0.9054209919261822,0.4647558386411889,0.9777451966543141,1.433679354094579,2,allochromatium,0.1624602890705094,,Bacteria,,
alloiococcus,4,867,1.0,0.7179930795847751,0.9861742293388294,2.8719723183391004,4,alloiococcus,0.1376655000968269,alloiococcus,Bacteria,,
altererythrobacter,4,867,1.0,0.7179930795847751,0.9861742293388294,2.8719723183391004,4,altererythrobacter,0.3136235072662166,,Bacteria,,
alteromonas,4,867,1.0,0.7179930795847751,0.9861742293388294,2.8719723183391004,4,alteromonas,0.0423166373642454,alteromonas,Bacteria,,
amaricoccus,3,860,0.9919261822376009,0.6227713178294573,0.9882456584935019,2.2549019607843137,3,amaricoccus,0.3804202892607659,amaricoccus,Bacteria,,
aminobacter,4,867,1.0,0.7179930795847751,0.9861742293388294,2.8719723183391004,4,aminobacter,0.614039667581298,aminobacter,Bacteria,,
ammoniphilus,3,803,0.9261822376009228,0.6447696139476962,0.9793386826591985,2.1891580161476356,3,ammoniphilus,0.509633159091554,ammoniphilus,Bacteria,,
amycolatopsis,4,867,1.0,0.7179930795847751,0.9861742293388294,2.8719723183391004,4,amycolatopsis,0.4040973705765786,amycolatopsis,Bacteria,0.0,1.0
anabaena,4,867,1.0,0.7179930795847751,0.9861742293388294,2.8719723183391004,4,anabaena,0.1251106309504119,anabaena,Bacteria,,
anaerobiospirillum,2,787,0.9077277970011534,0.5419313850063533,0.9802751059369579,1.572087658592849,2,anaerobiospirillum,0.2362772172412973,anaerobiospirillum,Bacteria,,
anaerococcus,4,867,1.0,0.7179930795847751,0.9861742293388294,2.8719723183391004,4,anaerococcus,0.1590942410596186,anaerococcus,Bacteria,,
anaerofilum,2,787,0.9077277970011534,0.5419313850063533,0.9802751059369579,1.572087658592849,2,anaerofilum,0.1420979685866183,anaerofilum,Bacteria,0.7042872697765479,0.8669412185597518
anaerofustis,2,787,0.9077277970011534,0.5419313850063533,0.9802751059369579,1.572087658592849,2,anaerofustis,0.2541426233112153,anaerofustis,Bacteria,,
anaerolinea,4,867,1.0,0.7179930795847751,0.9861742293388294,2.8719723183391004,4,anaerolinea,0.2402775245800793,anaerolinea,Bacteria,,
anaeromyxobacter,4,867,1.0,0.7179930795847751,0.9861742293388294,2.8719723183391004,4,anaeromyxobacter,0.1752071643827183,anaeromyxobacter,Bacteria,,
anaeroplasma,2,787,0.9077277970011534,0.5419313850063533,0.9802751059369579,1.572087658592849,2,anaeroplasma,0.1215087706387245,anaeroplasma,Bacteria,0.8385172234881939,1.0214593171070754
anaerorhabdus,2,787,0.9077277970011534,0.5419313850063533,0.9802751059369579,1.572087658592849,2,anaerorhabdus,0.1994754853957969,anaerorhabdus,Bacteria,,
anaerospora,4,867,1.0,0.7179930795847751,0.9861742293388294,2.8719723183391004,4,anaerospora,0.5661244700610545,anaerospora,Bacteria,,
anaerostipes,4,867,1.0,0.7179930795847751,0.9861742293388294,2.8719723183391004,4,anaerostipes,0.1165947155912339,anaerostipes,Bacteria,,
anaerotruncus,2,787,0.9077277970011534,0.5419313850063533,0.9802751059369579,1.572087658592849,2,anaerotruncus,0.223749071303812,anaerotruncus,Bacteria,,
anaerovibrio,2,787,0.9077277970011534,0.5419313850063533,0.9802751059369579,1.572087658592849,2,anaerovibrio,0.0782265219736035,anaerovibrio,Bacteria,,
anaerovorax,4,867,1.0,0.7179930795847751,0.9861742293388294,2.8719723183391004,4,anaerovorax,0.3291649015503199,anaerovorax,Bacteria,,
aneurinibacillus,2,785,0.9054209919261822,0.4647558386411889,0.9777451966543141,1.433679354094579,2,aneurinibacillus,0.3761038924954203,aneurinibacillus,Bacteria,,
aquaspirillum,3,860,0.9919261822376009,0.6227713178294573,0.9882456584935019,2.2549019607843137,3,aquaspirillum,0.1896266700833478,aquaspirillum,Bacteria,1.6288018055869253,1.6781682325447773
aquicella,4,867,1.0,0.7179930795847751,0.9861742293388294,2.8719723183391004,4,aquicella,0.4087249757380805,aquicella,Bacteria,0.0,1.0
aquimarina,4,867,1.0,0.7179930795847751,0.9861742293388294,2.8719723183391004,4,aquimarina,0.0325590330622679,aquimarina,Bacteria,,
aquitalea,2,717,0.8269896193771626,0.46931659693165967,0.9652768922293549,1.3679354094579008,2,aquitalea,0.3514062754198505,aquitalea,Bacteria,,
arcanobacterium,2,787,0.9077277970011534,0.5419313850063533,0.9802751059369579,1.572087658592849,2,arcanobacterium,0.1175324174571517,arcanobacterium,Bacteria,,
arcobacter,4,867,1.0,0.7179930795847751,0.9861742293388294,2.8719723183391004,4,arcobacter,0.0713717431409853,arcobacter,Bacteria,,
arenibacter,4,867,1.0,0.7179930795847751,0.9861742293388294,2.8719723183391004,4,arenibacter,0.1106855583178714,arenibacter,Bacteria,,
arenimonas,4,867,1.0,0.7179930795847751,0.9861742293388294,2.8719723183391004,4,arenimonas,0.4315760179143287,arenimonas,Bacteria,,
armatimonas,4,867,1.0,0.7179930795847751,0.9861742293388294,2.8719723183391004,4,armatimonas,0.4272728589305385,armatimonas,Bacteria,,
arsenicicoccus,4,867,1.0,0.7179930795847751,0.9861742293388294,2.8719723183391004,4,arsenicicoccus,0.3273165012955201,arsenicicoccus,Bacteria,,
arthrobacter,4,867,1.0,0.7179930795847751,0.9861742293388294,2.8719723183391004,4,arthrobacter,0.3488958137948422,arthrobacter,Bacteria,,
arthrospira,4,867,1.0,0.7179930795847751,0.9861742293388294,2.8719723183391004,4,arthrospira,0.2660688992049468,,Bacteria,,
asticcacaulis,4,867,1.0,0.7179930795847751,0.9861742293388294,2.8719723183391004,4,asticcacaulis,0.6676675192226199,asticcacaulis,Bacteria,,
atopobium,4,867,1.0,0.7179930795847751,0.9861742293388294,2.8719723183391004,4,atopobium,0.2452157488847923,atopobium,Bacteria,,
azoarcus,4,867,1.0,0.7179930795847751,0.9861742293388294,2.8719723183391004,4,azoarcus,0.3046582148263519,azoarcus,Bacteria,,
azorhizobium,2,717,0.8269896193771626,0.46931659693165967,0.9652768922293549,1.3679354094579008,2,azorhizobium,0.3408479150124246,azorhizobium,Bacteria,-0.9289263584670778,-0.8880585422732964
azospira,4,867,1.0,0.7179930795847751,0.9861742293388294,2.8719723183391004,4,azospira,0.2407722308689873,azospira,Bacteria,,
azospirillum,4,867,1.0,0.7179930795847751,0.9861742293388294,2.8719723183391004,4,azospirillum,0.3232598734354993,azospirillum,Bacteria,,
bacillus,4,867,1.0,0.7179930795847751,0.9861742293388294,2.8719723183391004,4,bacillus,0.2386321330968183,bacillus,Bacteria,,
bacteriovorax,4,867,1.0,0.7179930795847751,0.9861742293388294,2.8719723183391004,4,bacteriovorax,0.335008304355437,bacteriovorax,Bacteria,,
bacteroides,4,867,1.0,0.7179930795847751,0.9861742293388294,2.8719723183391004,4,bacteroides,0.1954701746990912,bacteroides,Bacteria,,
balneola,4,867,1.0,0.7179930795847751,0.9861742293388294,2.8719723183391004,4,balneola,0.0654904500090408,balneola,Bacteria,0.0,1.0
bdellovibrio,4,867,1.0,0.7179930795847751,0.9861742293388294,2.8719723183391004,4,bdellovibrio,0.4319680544367266,bdellovibrio,Bacteria,,
beijerinckia,4,867,1.0,0.7179930795847751,0.9861742293388294,2.8719723183391004,4,beijerinckia,0.536128633642459,beijerinckia,Bacteria,,
belnapia,2,787,0.9077277970011534,0.5419313850063533,0.9802751059369579,1.572087658592849,2,belnapia,0.4511508040502647,belnapia,Bacteria,,
bifidobacterium,4,867,1.0,0.7179930795847751,0.9861742293388294,2.8719723183391004,4,bifidobacterium,0.2320278387287608,bifidobacterium,Bacteria,,
bilophila,3,803,0.9261822376009228,0.6447696139476962,0.9793386826591985,2.1891580161476356,3,bilophila,0.3302116863742891,bilophila,Bacteria,,
blastomonas,4,867,1.0,0.7179930795847751,0.9861742293388294,2.8719723183391004,4,blastomonas,0.3751100688324422,blastomonas,Bacteria,,
blautia,4,867,1.0,0.7179930795847751,0.9861742293388294,2.8719723183391004,4,blautia,0.1020787283372555,blautia,Bacteria,,
bosea,4,867,1.0,0.7179930795847751,0.9861742293388294,2.8719723183391004,4,bosea,0.4653771471694413,bosea,Bacteria,0.0,1.0
brachybacterium,4,867,1.0,0.7179930795847751,0.9861742293388294,2.8719723183391004,4,brachybacterium,0.239784231640659,brachybacterium,Bacteria,,
bradyrhizobium,4,867,1.0,0.7179930795847751,0.9861742293388294,2.8719723183391004,4,bradyrhizobium,0.3932810723201643,bradyrhizobium,Bacteria,,
brevibacillus,4,867,1.0,0.7179930795847751,0.9861742293388294,2.8719723183391004,4,brevibacillus,0.3189882444859792,brevibacillus,Bacteria,,
brevibacterium,4,867,1.0,0.7179930795847751,0.9861742293388294,2.8719723183391004,4,brevibacterium,0.1404499860368636,brevibacterium,Bacteria,,
brevundimonas,4,867,1.0,0.7179930795847751,0.9861742293388294,2.8719723183391004,4,brevundimonas,0.3779455716750405,brevundimonas,Bacteria,,
brumimicrobium,3,827,0.9538638985005767,0.5894800483675937,0.9813914120752875,2.121107266435986,3,brumimicrobium,0.1907807116721445,brumimicrobium,Bacteria,0.11900200904962294,-0.06830836434922595
bryobacter,4,867,1.0,0.7179930795847751,0.9861742293388294,2.8719723183391004,4,bryobacter,0.4026730784764937,bryobacter,Bacteria,,
buchnera,4,867,1.0,0.7179930795847751,0.9861742293388294,2.8719723183391004,4,buchnera,0.1533994200300694,buchnera,Bacteria,,
bulleidia,3,860,0.9919261822376009,0.6227713178294573,0.9882456584935019,2.2549019607843137,3,bulleidia,0.345119966149381,bulleidia,Bacteria,,
burkholderia,4,867,1.0,0.7179930795847751,0.9861742293388294,2.8719723183391004,4,burkholderia,0.4346008483552928,burkholderia,Bacteria,,
butyricicoccus,3,860,0.9919261822376009,0.6227713178294573,0.9882456584935019,2.2549019607843137,3,butyricicoccus,0.0884340104570959,butyricicoccus,Bacteria,,
butyricimonas,4,867,1.0,0.7179930795847751,0.9861742293388294,2.8719723183391004,4,butyricimonas,0.2421676192648114,butyricimonas,Bacteria,,
butyrivibrio,3,860,0.9919261822376009,0.6227713178294573,0.9882456584935019,2.2549019607843137,3,butyrivibrio,0.0911218689051827,butyrivibrio,Bacteria,1.582063989554876,1.645974946067451
byssovorax,2,749,0.8638985005767013,0.4857587894971073,0.9718890883941397,1.4382929642445212,2,byssovorax,0.5290336534170996,byssovorax,Bacteria,,
caldicellulosiruptor,2,717,0.8269896193771626,0.46931659693165967,0.9652768922293549,1.3679354094579008,2,caldicellulosiruptor,0.1002029204028817,caldicellulosiruptor,Bacteria,,
caldicoprobacter,4,867,1.0,0.7179930795847751,0.9861742293388294,2.8719723183391004,4,caldicoprobacter,0.378439165086481,caldicoprobacter,Bacteria,,
caldilinea,4,867,1.0,0.7179930795847751,0.9861742293388294,2.8719723183391004,4,caldilinea,0.1938718476351453,caldilinea,Bacteria,,
caloramator,4,867,1.0,0.7179930795847751,0.9861742293388294,2.8719723183391004,4,caloramator,0.1727455526099809,caloramator,Bacteria,,
calothrix,4,867,1.0,0.7179930795847751,0.9861742293388294,2.8719723183391004,4,calothrix,0.2836548860838593,calothrix,Bacteria,0.0,1.0
campylobacter,4,867,1.0,0.7179930795847751,0.9861742293388294,2.8719723183391004,4,campylobacter,0.1730175381992376,campylobacter,Bacteria,,
candidatus amoebophilus,3,827,0.9538638985005767,0.5894800483675937,0.9813914120752875,2.121107266435986,3,candidatus amoebophilus,0.5556999940775363,,Bacteria,,
candidatus aquiluna,4,867,1.0,0.7179930795847751,0.9861742293388294,2.8719723183391004,4,candidatus aquiluna,0.2387552989526155,,Bacteria,,
candidatus arthromitus,3,803,0.9261822376009228,0.6447696139476962,0.9793386826591985,2.1891580161476356,3,candidatus arthromitus,0.2854570241522557,,Bacteria,,
candidatus cardinium,3,827,0.9538638985005767,0.5894800483675937,0.9813914120752875,2.121107266435986,3,candidatus cardinium,0.3878872618415288,,Bacteria,,
candidatus hamiltonella,2,809,0.9331026528258363,0.488051091882983,0.9825446275838123,1.5040369088811996,2,candidatus hamiltonella,0.5037541741514774,,Bacteria,,
candidatus koribacter,4,867,1.0,0.7179930795847751,0.9861742293388294,2.8719723183391004,4,candidatus koribacter,0.4159943758693514,,Bacteria,,
candidatus portiera,3,860,0.9919261822376009,0.6227713178294573,0.9882456584935019,2.2549019607843137,3,candidatus portiera,0.1884612759548429,,Bacteria,,
candidatus protochlamydia,4,867,1.0,0.7179930795847751,0.9861742293388294,2.8719723183391004,4,candidatus protochlamydia,0.5083113749007849,,Bacteria,0.0,1.0
candidatus solibacter,4,867,1.0,0.7179930795847751,0.9861742293388294,2.8719723183391004,4,candidatus solibacter,0.4003921274392025,,Bacteria,,
capnocytophaga,4,867,1.0,0.7179930795847751,0.9861742293388294,2.8719723183391004,4,capnocytophaga,0.1639363362128944,capnocytophaga,Bacteria,,
cardiobacterium,4,867,1.0,0.7179930795847751,0.9861742293388294,2.8719723183391004,4,cardiobacterium,0.2856660466454954,cardiobacterium,Bacteria,,
carnobacterium,3,803,0.9261822376009228,0.6447696139476962,0.9793386826591985,2.1891580161476356,3,carnobacterium,0.2737205588419377,carnobacterium,Bacteria,,
catellatospora,4,867,1.0,0.7179930795847751,0.9861742293388294,2.8719723183391004,4,catellatospora,0.6690573938955718,catellatospora,Bacteria,0.0,1.0
catenibacterium,3,803,0.9261822376009228,0.6447696139476962,0.9793386826591985,2.1891580161476356,3,catenibacterium,0.173909732265225,catenibacterium,Bacteria,,
catonella,3,803,0.9261822376009228,0.6447696139476962,0.9793386826591985,2.1891580161476356,3,catonella,0.3036275797414783,catonella,Bacteria,,
caulobacter,4,867,1.0,0.7179930795847751,0.9861742293388294,2.8719723183391004,4,caulobacter,0.4873606274954304,caulobacter,Bacteria,,
celeribacter,3,810,0.9342560553633218,0.5699588477366254,0.9779814439339557,2.050749711649366,3,celeribacter,0.0356710746338891,celeribacter,Bacteria,,
cellulomonas,4,867,1.0,0.7179930795847751,0.9861742293388294,2.8719723183391004,4,cellulomonas,0.2990458512818353,cellulomonas,Bacteria,,
cellulophaga,2,704,0.81199538638985,0.44957386363636365,0.9618559291207517,1.2998846597462514,2,cellulophaga,0.0620912475969461,cellulophaga,Bacteria,,
cellulosimicrobium,4,867,1.0,0.7179930795847751,0.9861742293388294,2.8719723183391004,4,cellulosimicrobium,0.2954056204897443,cellulosimicrobium,Bacteria,0.0,1.0
cellvibrio,4,867,1.0,0.7179930795847751,0.9861742293388294,2.8719723183391004,4,cellvibrio,0.3789459246631995,cellvibrio,Bacteria,,
cetobacterium,4,867,1.0,0.7179930795847751,0.9861742293388294,2.8719723183391004,4,cetobacterium,0.2167886086346793,cetobacterium,Bacteria,0.0,1.0
chelativorans,3,860,0.9919261822376009,0.6227713178294573,0.9882456584935019,2.2549019607843137,3,chelativorans,0.4077297724526669,chelativorans,Bacteria,,
chelatococcus,2,787,0.9077277970011534,0.5419313850063533,0.9802751059369579,1.572087658592849,2,chelatococcus,0.4902855983690348,chelatococcus,Bacteria,,
chitinibacter,4,867,1.0,0.7179930795847751,0.9861742293388294,2.8719723183391004,4,chitinibacter,0.1856192556080785,chitinibacter,Bacteria,,
chitinimonas,2,717,0.8269896193771626,0.46931659693165967,0.9652768922293549,1.3679354094579008,2,chitinimonas,0.3554628821976143,chitinimonas,Bacteria,,
chitinophaga,4,867,1.0,0.7179930795847751,0.9861742293388294,2.8719723183391004,4,chitinophaga,0.400578205283389,chitinophaga,Bacteria,,
chondromyces,4,867,1.0,0.7179930795847751,0.9861742293388294,2.8719723183391004,4,chondromyces,0.3615238289394227,chondromyces,Bacteria,0.0,1.0
chromobacterium,2,749,0.8638985005767013,0.4857587894971072,0.9718890883941397,1.4382929642445212,2,chromobacterium,0.3468293530874908,chromobacterium,Bacteria,-0.1631451626332955,-0.09312840115006056
chromohalobacter,4,867,1.0,0.7179930795847751,0.9861742293388294,2.8719723183391004,4,chromohalobacter,0.2141548712021378,chromohalobacter,Bacteria,,
chroococcidiopsis,4,867,1.0,0.7179930795847751,0.9861742293388294,2.8719723183391004,4,chroococcidiopsis,0.2490858263623661,chroococcidiopsis,Bacteria,,
chryseobacterium,4,867,1.0,0.7179930795847751,0.9861742293388294,2.8719723183391004,4,chryseobacterium,0.3325231485430568,chryseobacterium,Bacteria,,
chthoniobacter,4,867,1.0,0.7179930795847751,0.9861742293388294,2.8719723183391004,4,chthoniobacter,0.4510245177702734,chthoniobacter,Bacteria,,
chthonomonas,3,827,0.9538638985005767,0.5894800483675937,0.9813914120752875,2.121107266435986,3,chthonomonas,0.3829604918420683,chthonomonas,Bacteria,,
clavibacter,3,860,0.9919261822376009,0.6227713178294573,0.9882456584935019,2.2549019607843137,3,clavibacter,0.3810299166521557,clavibacter,Bacteria,,
cloacibacterium,4,867,1.0,0.7179930795847751,0.9861742293388294,2.8719723183391004,4,cloacibacterium,0.1737004033876566,cloacibacterium,Bacteria,,
clostridiisalibacter,2,809,0.9331026528258363,0.488051091882983,0.9825446275838123,1.5040369088811996,2,clostridiisalibacter,0.2730595078283002,clostridiisalibacter,Bacteria,,
clostridium,4,867,1.0,0.7179930795847751,0.9861742293388294,2.8719723183391004,4,clostridium,0.237434472104235,clostridium,Bacteria,0.0,1.0
cobetia,4,867,1.0,0.7179930795847751,0.9861742293388294,2.8719723183391004,4,cobetia,0.1287588304551903,cobetia,Bacteria,,
cocleimonas,4,867,1.0,0.7179930795847751,0.9861742293388294,2.8719723183391004,4,cocleimonas,0.0473166534328528,cocleimonas,Bacteria,,
cohnella,4,867,1.0,0.7179930795847751,0.9861742293388294,2.8719723183391004,4,cohnella,0.2895718120484886,cohnella,Bacteria,,
collinsella,3,803,0.9261822376009228,0.6447696139476962,0.9793386826591985,2.1891580161476356,3,collinsella,0.1503454422525124,collinsella,Bacteria,-0.988710777983643,-0.5546874833074671
colwellia,3,827,0.9538638985005767,0.5894800483675937,0.9813914120752875,2.121107266435986,3,colwellia,0.0344070596270671,colwellia,Bacteria,,
comamonas,4,867,1.0,0.7179930795847751,0.9861742293388294,2.8719723183391004,4,comamonas,0.2351354241730011,comamonas,Bacteria,0.0,1.0
commensalibacter,2,787,0.9077277970011534,0.5419313850063533,0.9802751059369579,1.572087658592849,2,commensalibacter,0.1602229566998221,commensalibacter,Bacteria,,
conchiformibius,2,787,0.9077277970011534,0.5419313850063533,0.9802751059369579,1.572087658592849,2,conchiformibius,0.0877762962405517,conchiformibius,Bacteria,0.8422347660750765,1.0189059191662928
conexibacter,4,867,1.0,0.7179930795847751,0.9861742293388294,2.8719723183391004,4,conexibacter,0.5008901742564265,conexibacter,Bacteria,,
coprobacillus,3,860,0.9919261822376009,0.6227713178294573,0.9882456584935019,2.2549019607843137,3,coprobacillus,0.2898327633171542,coprobacillus,Bacteria,,
coprococcus,4,867,1.0,0.7179930795847751,0.9861742293388294,2.8719723183391004,4,coprococcus,0.0910467856019756,coprococcus,Bacteria,,
coraliomargarita,4,867,1.0,0.7179930795847751,0.9861742293388294,2.8719723183391004,4,coraliomargarita,0.0845390396146673,coraliomargarita,Bacteria,,
corallococcus,4,867,1.0,0.7179930795847751,0.9861742293388294,2.8719723183391004,4,corallococcus,0.6443550029257237,corallococcus,Bacteria,,
corynebacterium,4,867,1.0,0.7179930795847751,0.9861742293388294,2.8719723183391004,4,corynebacterium,0.1360036418950682,corynebacterium,Bacteria,,
coxiella,4,867,1.0,0.7179930795847751,0.9861742293388294,2.8719723183391004,4,coxiella,0.1864366538252503,coxiella,Bacteria,0.0,1.0
crocinitomix,4,867,1.0,0.7179930795847751,0.9861742293388294,2.8719723183391004,4,crocinitomix,0.0555223886758229,crocinitomix,Bacteria,,
cryomorpha,3,860,0.9919261822376009,0.6227713178294573,0.9882456584935019,2.2549019607843137,3,cryomorpha,0.2407187701069456,cryomorpha,Bacteria,,
cryptosporangium,3,803,0.9261822376009228,0.6447696139476962,0.9793386826591985,2.1891580161476356,3,cryptosporangium,0.5676552464118516,cryptosporangium,Bacteria,,
cupriavidus,3,803,0.9261822376009228,0.6447696139476962,0.9793386826591985,2.1891580161476356,3,cupriavidus,0.430233832196798,cupriavidus,Bacteria,,
cyanobacterium,3,827,0.9538638985005767,0.5894800483675937,0.9813914120752875,2.121107266435986,3,cyanobacterium,0.1265131744686696,cyanobacterium,Bacteria,,
cystobacter,2,787,0.9077277970011534,0.5419313850063533,0.9802751059369579,1.572087658592849,2,cystobacter,0.455476868141115,cystobacter,Bacteria,,
cytophaga,4,867,1.0,0.7179930795847751,0.9861742293388294,2.8719723183391004,4,cytophaga,0.5437912605697192,cytophaga,Bacteria,,
dactylosporangium,4,867,1.0,0.7179930795847751,0.9861742293388294,2.8719723183391004,4,dactylosporangium,0.4520194041275413,dactylosporangium,Bacteria,,
dechloromonas,4,867,1.0,0.7179930795847751,0.9861742293388294,2.8719723183391004,4,dechloromonas,0.2013694261136148,,Bacteria,,
deefgea,3,860,0.9919261822376009,0.6227713178294573,0.9882456584935019,2.2549019607843137,3,deefgea,0.2348048639135684,deefgea,Bacteria,,
deinococcus,4,867,1.0,0.7179930795847751,0.9861742293388294,2.8719723183391004,4,deinococcus,0.2463872207437447,deinococcus,Bacteria,,
demequina,4,867,1.0,0.7179930795847751,0.9861742293388294,2.8719723183391004,4,demequina,0.4745632972094531,demequina,Bacteria,,
dendrosporobacter,3,860,0.9919261822376009,0.6227713178294573,0.9882456584935019,2.2549019607843137,3,dendrosporobacter,0.2053124903431059,dendrosporobacter,Bacteria,,
dermabacter,3,860,0.9919261822376009,0.6227713178294573,0.9882456584935019,2.2549019607843137,3,dermabacter,0.2757668496585916,dermabacter,Bacteria,,
dermacoccus,4,867,1.0,0.7179930795847751,0.9861742293388294,2.8719723183391004,4,dermacoccus,0.3919903802055006,dermacoccus,Bacteria,,
dermatophilus,2,717,0.8269896193771626,0.46931659693165967,0.9652768922293549,1.3679354094579008,2,dermatophilus,0.1790547106562237,dermatophilus,Bacteria,,
desemzia,4,867,1.0,0.7179930795847751,0.9861742293388294,2.8719723183391004,4,desemzia,0.2435117640343575,desemzia,Bacteria,,
desulfarculus,2,809,0.9331026528258363,0.488051091882983,0.9825446275838123,1.5040369088811996,2,desulfarculus,0.1800336519977086,desulfarculus,Bacteria,,
desulfobacca,4,867,1.0,0.7179930795847751,0.9861742293388294,2.8719723183391004,4,desulfobacca,0.0865608864139256,desulfobacca,Bacteria,,
desulfobacter,2,809,0.9331026528258363,0.488051091882983,0.9825446275838123,1.5040369088811996,2,desulfobacter,0.0551473842493284,desulfobacter,Bacteria,,
desulfobulbus,4,867,1.0,0.7179930795847751,0.9861742293388294,2.8719723183391004,4,desulfobulbus,0.1200072080591014,desulfobulbus,Bacteria,,
desulfocapsa,3,860,0.9919261822376009,0.6227713178294573,0.9882456584935019,2.2549019607843137,3,desulfocapsa,0.0564499466749194,desulfocapsa,Bacteria,,
desulfococcus,4,867,1.0,0.7179930795847751,0.9861742293388294,2.8719723183391004,4,desulfococcus,0.1843376816836647,desulfococcus,Bacteria,,
desulfofrigus,3,827,0.9538638985005767,0.5894800483675937,0.9813914120752875,2.121107266435986,3,desulfofrigus,0.0262265981839502,,Bacteria,,
desulfomicrobium,3,860,0.9919261822376009,0.6227713178294573,0.9882456584935019,2.2549019607843137,3,desulfomicrobium,0.2429391791280294,desulfomicrobium,Bacteria,,
desulfomonile,3,827,0.9538638985005767,0.5894800483675937,0.9813914120752875,2.121107266435986,3,desulfomonile,0.2019394313876103,desulfomonile,Bacteria,,
desulfonatronovibrio,2,809,0.9331026528258363,0.488051091882983,0.9825446275838123,1.5040369088811996,2,desulfonatronovibrio,0.0530401294159764,desulfonatronovibrio,Bacteria,,
desulfonatronum,2,809,0.9331026528258363,0.488051091882983,0.9825446275838123,1.5040369088811996,2,desulfonatronum,0.2220900516796972,desulfonatronum,Bacteria,,
desulforhopalus,3,860,0.9919261822376009,0.6227713178294573,0.9882456584935019,2.2549019607843137,3,desulforhopalus,0.0946481432694044,desulforhopalus,Bacteria,,
desulfosalsimonas,2,809,0.9331026528258363,0.488051091882983,0.9825446275838123,1.5040369088811996,2,desulfosalsimonas,0.0694736498402955,desulfosalsimonas,Bacteria,,
desulfosarcina,3,860,0.9919261822376009,0.6227713178294573,0.9882456584935019,2.2549019607843137,3,desulfosarcina,0.0515474939641244,desulfosarcina,Bacteria,,
desulfospira,2,809,0.9331026528258363,0.488051091882983,0.9825446275838123,1.5040369088811996,2,desulfospira,0.1170631354894707,desulfospira,Bacteria,,
desulfosporosinus,4,867,1.0,0.7179930795847751,0.9861742293388294,2.8719723183391004,4,desulfosporosinus,0.1519436066279177,desulfosporosinus,Bacteria,,
desulfotalea,4,867,1.0,0.7179930795847751,0.9861742293388294,2.8719723183391004,4,desulfotalea,0.0408524370194881,desulfotalea,Bacteria,,
desulfotignum,2,809,0.9331026528258363,0.488051091882983,0.9825446275838123,1.5040369088811996,2,desulfotignum,0.0825924173301895,desulfotignum,Bacteria,,
desulfotomaculum,3,803,0.9261822376009228,0.6447696139476962,0.9793386826591985,2.1891580161476356,3,desulfotomaculum,0.2592524515059032,desulfotomaculum,Bacteria,,
desulfovibrio,4,867,1.0,0.7179930795847751,0.9861742293388294,2.8719723183391004,4,desulfovibrio,0.1616850662643563,desulfovibrio,Bacteria,,
desulfurispora,2,749,0.8638985005767013,0.4857587894971073,0.9718890883941397,1.4382929642445212,2,desulfurispora,0.1952929067968146,desulfurispora,Bacteria,-0.3409556513955731,-0.2731216799583234
desulfuromonas,2,809,0.9331026528258363,0.488051091882983,0.9825446275838123,1.5040369088811996,2,desulfuromonas,0.1939071326647002,desulfuromonas,Bacteria,,
dethiobacter,3,860,0.9919261822376009,0.6227713178294573,0.9882456584935019,2.2549019607843137,3,dethiobacter,0.4019251176042969,dethiobacter,Bacteria,1.3385635239150735,1.376373411202024
devosia,4,867,1.0,0.7179930795847751,0.9861742293388294,2.8719723183391004,4,devosia,0.4051508745165019,devosia,Bacteria,,
dialister,4,867,1.0,0.7179930795847751,0.9861742293388294,2.8719723183391004,4,dialister,0.2076729638277942,dialister,Bacteria,,
dietzia,4,867,1.0,0.7179930795847751,0.9861742293388294,2.8719723183391004,4,dietzia,0.1762396739684411,dietzia,Bacteria,,
dokdonella,4,867,1.0,0.7179930795847751,0.9861742293388294,2.8719723183391004,4,dokdonella,0.5239057813979295,dokdonella,Bacteria,,
dorea,4,867,1.0,0.7179930795847751,0.9861742293388294,2.8719723183391004,4,dorea,0.1019597754853187,dorea,Bacteria,,
dyadobacter,4,867,1.0,0.7179930795847751,0.9861742293388294,2.8719723183391004,4,dyadobacter,0.3684019229765555,dyadobacter,Bacteria,,
dyella,4,867,1.0,0.7179930795847751,0.9861742293388294,2.8719723183391004,4,dyella,0.5015963234970512,dyella,Bacteria,,
dysgonomonas,4,867,1.0,0.7179930795847751,0.9861742293388294,2.8719723183391004,4,dysgonomonas,0.1451514158571757,dysgonomonas,Bacteria,,
edaphobacter,4,867,1.0,0.7179930795847751,0.9861742293388294,2.8719723183391004,4,edaphobacter,0.3870713410422929,edaphobacter,Bacteria,0.0,1.0
eggerthella,3,803,0.9261822376009228,0.6447696139476962,0.9793386826591985,2.1891580161476356,3,eggerthella,0.2405084951195732,eggerthella,Bacteria,,
elizabethkingia,3,803,0.9261822376009228,0.6447696139476962,0.9793386826591985,2.1891580161476356,3,elizabethkingia,0.5557888232446487,elizabethkingia,Bacteria,,
emticicia,4,867,1.0,0.7179930795847751,0.9861742293388294,2.8719723183391004,4,emticicia,0.2279346218022907,emticicia,Bacteria,0.0,1.0
enterococcus,2,787,0.9077277970011534,0.5419313850063533,0.9802751059369579,1.572087658592849,2,enterococcus,0.1974481463991197,enterococcus,Bacteria,,
enterovibrio,2,704,0.81199538638985,0.44957386363636365,0.9618559291207517,1.2998846597462514,2,enterovibrio,0.0705242777632624,enterovibrio,Bacteria,,
erysipelothrix,3,803,0.9261822376009228,0.6447696139476962,0.9793386826591985,2.1891580161476356,3,erysipelothrix,0.1430459773705398,erysipelothrix,Bacteria,,
erythrobacter,4,867,1.0,0.7179930795847751,0.9861742293388294,2.8719723183391004,4,erythrobacter,0.4127499753033588,erythrobacter,Bacteria,0.0,1.0
ethanoligenens,2,787,0.9077277970011534,0.5419313850063533,0.9802751059369579,1.572087658592849,2,ethanoligenens,0.272793268175793,ethanoligenens,Bacteria,,
euzebya,4,867,1.0,0.7179930795847751,0.9861742293388294,2.8719723183391004,4,euzebya,0.2805537790456283,euzebya,Bacteria,,
facklamia,3,860,0.9919261822376009,0.6227713178294573,0.9882456584935019,2.2549019607843137,3,facklamia,0.0922561326319369,facklamia,Bacteria,,
faecalibacterium,4,867,1.0,0.7179930795847751,0.9861742293388294,2.8719723183391004,4,faecalibacterium,0.1314615833553869,faecalibacterium,Bacteria,,
ferrimonas,2,704,0.81199538638985,0.44957386363636365,0.9618559291207517,1.2998846597462514,2,ferrimonas,0.0876479553000594,ferrimonas,Bacteria,,
ferruginibacter,3,827,0.9538638985005767,0.5894800483675937,0.9813914120752875,2.121107266435986,3,ferruginibacter,0.3924858164496324,ferruginibacter,Bacteria,,
fervidobacterium,2,787,0.9077277970011534,0.5419313850063533,0.9802751059369579,1.572087658592849,2,fervidobacterium,0.1151007116499567,fervidobacterium,Bacteria,,
fibrobacter,2,787,0.9077277970011534,0.5419313850063533,0.9802751059369579,1.572087658592849,2,fibrobacter,0.1184295603764403,fibrobacter,Bacteria,,
filifactor,2,787,0.9077277970011534,0.5419313850063533,0.9802751059369579,1.572087658592849,2,filifactor,0.1144553872612212,filifactor,Bacteria,0.7686944394491,0.9357864929341615
fimbriimonas,4,867,1.0,0.7179930795847751,0.9861742293388294,2.8719723183391004,4,fimbriimonas,0.4410007835078773,fimbriimonas,Bacteria,,
finegoldia,4,867,1.0,0.7179930795847751,0.9861742293388294,2.8719723183391004,4,finegoldia,0.183557296043944,finegoldia,Bacteria,,
flavihumibacter,4,867,1.0,0.7179930795847751,0.9861742293388294,2.8719723183391004,4,flavihumibacter,0.4021921590028121,flavihumibacter,Bacteria,,
flavisolibacter,4,867,1.0,0.7179930795847751,0.9861742293388294,2.8719723183391004,4,flavisolibacter,0.3411065564374938,flavisolibacter,Bacteria,,
flavobacterium,4,867,1.0,0.7179930795847751,0.9861742293388294,2.8719723183391004,4,flavobacterium,0.3253050067581969,flavobacterium,Bacteria,,
flectobacillus,4,867,1.0,0.7179930795847751,0.9861742293388294,2.8719723183391004,4,flectobacillus,0.2813904634939416,flectobacillus,Bacteria,0.0,1.0
flexibacter,4,867,1.0,0.7179930795847751,0.9861742293388294,2.8719723183391004,4,flexibacter,0.2786415055714671,flexibacter,Bacteria,,
flexithrix,2,704,0.81199538638985,0.44957386363636365,0.9618559291207517,1.2998846597462514,2,flexithrix,0.0328460544979157,flexithrix,Bacteria,,
fluviicola,4,867,1.0,0.7179930795847751,0.9861742293388294,2.8719723183391004,4,fluviicola,0.2717919781590914,fluviicola,Bacteria,,
fontibacter,2,809,0.9331026528258363,0.488051091882983,0.9825446275838123,1.5040369088811996,2,fontibacter,0.4079597699225731,,Bacteria,,
francisella,3,827,0.9538638985005767,0.5894800483675937,0.9813914120752875,2.121107266435986,3,francisella,0.1277272707866227,francisella,Bacteria,,
frankia,3,827,0.9538638985005767,0.5894800483675937,0.9813914120752875,2.121107266435986,3,frankia,0.5942395363385558,frankia,Bacteria,,
friedmanniella,3,803,0.9261822376009228,0.6447696139476962,0.9793386826591985,2.1891580161476356,3,friedmanniella,0.3521027510941983,friedmanniella,Bacteria,,
fulvivirga,3,827,0.9538638985005767,0.5894800483675937,0.9813914120752875,2.121107266435986,3,fulvivirga,0.2288010310763723,fulvivirga,Bacteria,,
fusibacter,4,867,1.0,0.7179930795847751,0.9861742293388294,2.8719723183391004,4,fusibacter,0.1098298285888765,fusibacter,Bacteria,,
fusobacterium,4,867,1.0,0.7179930795847751,0.9861742293388294,2.8719723183391004,4,fusobacterium,0.150516485448025,fusobacterium,Bacteria,,
gallionella,4,867,1.0,0.7179930795847751,0.9861742293388294,2.8719723183391004,4,gallionella,0.1934457832424694,gallionella,Bacteria,,
garciella,2,787,0.9077277970011534,0.5419313850063533,0.9802751059369579,1.572087658592849,2,garciella,0.307935346991488,garciella,Bacteria,,
gardnerella,3,860,0.9919261822376009,0.6227713178294573,0.9882456584935019,2.2549019607843137,3,gardnerella,0.5352709146826913,,Bacteria,1.6176820363703492,1.6821390770676892
gelidibacter,3,860,0.9919261822376009,0.6227713178294573,0.9882456584935019,2.2549019607843137,3,gelidibacter,0.1595548420826611,gelidibacter,Bacteria,,
gemmata,4,867,1.0,0.7179930795847751,0.9861742293388294,2.8719723183391004,4,gemmata,0.3315550453812717,gemmata,Bacteria,,
gemmatimonas,4,867,1.0,0.7179930795847751,0.9861742293388294,2.8719723183391004,4,gemmatimonas,0.449854667449856,gemmatimonas,Bacteria,,
geobacillus,4,867,1.0,0.7179930795847751,0.9861742293388294,2.8719723183391004,4,geobacillus,0.1686315621910978,geobacillus,Bacteria,,
geobacter,4,867,1.0,0.7179930795847751,0.9861742293388294,2.8719723183391004,4,geobacter,0.1870235955227984,geobacter,Bacteria,,
geodermatophilus,4,867,1.0,0.7179930795847751,0.9861742293388294,2.8719723183391004,4,geodermatophilus,0.4031428440500597,geodermatophilus,Bacteria,,
georgenia,3,803,0.9261822376009228,0.6447696139476962,0.9793386826591985,2.1891580161476356,3,georgenia,0.3387743406102823,georgenia,Bacteria,,
geothrix,4,867,1.0,0.7179930795847751,0.9861742293388294,2.8719723183391004,4,geothrix,0.2753563020226816,geothrix,Bacteria,,
giesbergeria,3,860,0.9919261822376009,0.6227713178294573,0.9882456584935019,2.2549019607843137,3,giesbergeria,0.2929068712900755,giesbergeria,Bacteria,,
gillisia,4,867,1.0,0.7179930795847751,0.9861742293388294,2.8719723183391004,4,gillisia,0.2611498726837526,gillisia,Bacteria,0.0,1.0
glaciecola,4,867,1.0,0.7179930795847751,0.9861742293388294,2.8719723183391004,4,glaciecola,0.0285397287064528,glaciecola,Bacteria,,
gloeobacter,3,827,0.9538638985005767,0.5894800483675937,0.9813914120752875,2.121107266435986,3,gloeobacter,0.2564158454827886,gloeobacter,Bacteria,,
gluconacetobacter,3,803,0.9261822376009228,0.6447696139476962,0.9793386826591985,2.1891580161476356,3,gluconacetobacter,0.5471138474390468,gluconacetobacter,Bacteria,,
gluconobacter,2,717,0.8269896193771626,0.46931659693165967,0.9652768922293549,1.3679354094579008,2,gluconobacter,0.1645444616045156,gluconobacter,Bacteria,,
glycomyces,3,803,0.9261822376009228,0.6447696139476962,0.9793386826591985,2.1891580161476356,3,glycomyces,0.2391735157679187,glycomyces,Bacteria,,
gordonia,4,867,1.0,0.7179930795847751,0.9861742293388294,2.8719723183391004,4,gordonia,0.3411914262045533,gordonia,Bacteria,,
gracilibacillus,3,860,0.9919261822376009,0.6227713178294573,0.9882456584935019,2.2549019607843137,3,gracilibacillus,0.234818014647061,gracilibacillus,Bacteria,,
gracilibacter,3,827,0.9538638985005767,0.5894800483675937,0.9813914120752875,2.121107266435986,3,gracilibacter,0.3020724073749973,gracilibacter,Bacteria,,
gramella,4,867,1.0,0.7179930795847751,0.9861742293388294,2.8719723183391004,4,gramella,0.1018730333029849,gramella,Bacteria,,
granulicatella,3,860,0.9919261822376009,0.6227713178294573,0.9882456584935019,2.2549019607843137,3,granulicatella,0.1137367798993118,granulicatella,Bacteria,,
guggenheimella,3,803,0.9261822376009228,0.6447696139476962,0.9793386826591985,2.1891580161476356,3,guggenheimella,0.1316985140627977,,Bacteria,,
haemophilus,4,867,1.0,0.7179930795847751,0.9861742293388294,2.8719723183391004,4,haemophilus,0.1146422288794734,haemophilus,Bacteria,0.0,1.0
hahella,3,860,0.9919261822376009,0.6227713178294573,0.9882456584935019,2.2549019607843137,3,hahella,0.2659837061057272,hahella,Bacteria,,
halanaerobium,2,809,0.9331026528258363,0.488051091882983,0.9825446275838123,1.5040369088811996,2,halanaerobium,0.1947567225044838,halanaerobium,Bacteria,,
haliangium,4,867,1.0,0.7179930795847751,0.9861742293388294,2.8719723183391004,4,haliangium,0.3993487987593254,haliangium,Bacteria,,
haliscomenobacter,4,867,1.0,0.7179930795847751,0.9861742293388294,2.8719723183391004,4,haliscomenobacter,0.1196103396305896,haliscomenobacter,Bacteria,,
halobacterium,2,787,0.9077277970011534,0.5419313850063533,0.9802751059369579,1.572087658592849,2,halobacterium,0.0579456561078271,halobacterium,Archaea,,
halobaculum,2,809,0.9331026528258363,0.488051091882983,0.9825446275838123,1.5040369088811996,2,halobaculum,0.1263917821372251,halobaculum,Archaea,,
halococcus,3,803,0.9261822376009228,0.6447696139476962,0.9793386826591985,2.1891580161476356,3,halococcus,0.0941667583536023,halococcus,Archaea,,
halomicronema,3,860,0.9919261822376009,0.6227713178294573,0.9882456584935019,2.2549019607843137,3,halomicronema,0.1650097502732447,halomicronema,Bacteria,,
halomonas,4,867,1.0,0.7179930795847751,0.9861742293388294,2.8719723183391004,4,halomonas,0.2238599560778277,halomonas,Bacteria,,
halorhodospira,4,867,1.0,0.7179930795847751,0.9861742293388294,2.8719723183391004,4,halorhodospira,0.1770635903633798,halorhodospira,Bacteria,,
halorubrum,2,809,0.9331026528258363,0.488051091882983,0.9825446275838123,1.5040369088811996,2,halorubrum,0.0446715731514739,halorubrum,Archaea,,
haloterrigena,2,785,0.9054209919261822,0.4647558386411889,0.9777451966543141,1.433679354094579,2,haloterrigena,0.0714408055386708,haloterrigena,Archaea,0.7509507059099985,0.6236828837585687
halothiobacillus,2,809,0.9331026528258363,0.488051091882983,0.9825446275838123,1.5040369088811996,2,halothiobacillus,0.1610268002108115,halothiobacillus,Bacteria,,
helcococcus,3,803,0.9261822376009228,0.6447696139476962,0.9793386826591985,2.1891580161476356,3,helcococcus,0.055982554943914,helcococcus,Bacteria,,
helicobacter,4,867,1.0,0.7179930795847751,0.9861742293388294,2.8719723183391004,4,helicobacter,0.1731828093262166,helicobacter,Bacteria,,
hellea,4,867,1.0,0.7179930795847751,0.9861742293388294,2.8719723183391004,4,hellea,0.067787744417017,hellea,Bacteria,,
herminiimonas,4,867,1.0,0.7179930795847751,0.9861742293388294,2.8719723183391004,4,herminiimonas,0.3037951735348898,herminiimonas,Bacteria,,
hirschia,2,704,0.81199538638985,0.44957386363636365,0.9618559291207517,1.2998846597462514,2,hirschia,0.101188601002398,hirschia,Bacteria,,
holdemania,2,787,0.9077277970011534,0.5419313850063533,0.9802751059369579,1.572087658592849,2,holdemania,0.2433484377296966,holdemania,Bacteria,,
hydrocarboniphaga,3,803,0.9261822376009228,0.6447696139476962,0.9793386826591985,2.1891580161476356,3,hydrocarboniphaga,0.3245975676205657,hydrocarboniphaga,Bacteria,,
hydrogenophaga,4,867,1.0,0.7179930795847751,0.9861742293388294,2.8719723183391004,4,hydrogenophaga,0.2364599048893557,hydrogenophaga,Bacteria,,
hydrogenophilus,3,803,0.9261822376009228,0.6447696139476962,0.9793386826591985,2.1891580161476356,3,hydrogenophilus,0.3136468339911857,hydrogenophilus,Bacteria,,
hylemonella,4,867,1.0,0.7179930795847751,0.9861742293388294,2.8719723183391004,4,hylemonella,0.6396194838178585,hylemonella,Bacteria,,
hymenobacter,4,867,1.0,0.7179930795847751,0.9861742293388294,2.8719723183391004,4,hymenobacter,0.2769005284162079,hymenobacter,Bacteria,,
hyphomicrobium,4,867,1.0,0.7179930795847751,0.9861742293388294,2.8719723183391004,4,hyphomicrobium,0.417017212866527,,Bacteria,,
hyphomonas,4,867,1.0,0.7179930795847751,0.9861742293388294,2.8719723183391004,4,hyphomonas,0.1262994839946554,hyphomonas,Bacteria,,
iamia,4,867,1.0,0.7179930795847751,0.9861742293388294,2.8719723183391004,4,iamia,0.4944149724488393,iamia,Bacteria,,
idiomarina,2,785,0.9054209919261822,0.4647558386411889,0.9777451966543141,1.433679354094579,2,idiomarina,0.1786640407306956,idiomarina,Bacteria,,
ignavibacterium,2,809,0.9331026528258363,0.488051091882983,0.9825446275838123,1.5040369088811996,2,ignavibacterium,0.3864807868484544,ignavibacterium,Bacteria,1.329765863661187,1.2342976756099044
inquilinus,4,867,1.0,0.7179930795847751,0.9861742293388294,2.8719723183391004,4,inquilinus,0.452025022188844,inquilinus,Bacteria,,
isosphaera,2,787,0.9077277970011534,0.5419313850063533,0.9802751059369579,1.572087658592849,2,isosphaera,0.4905827920563743,isosphaera,Bacteria,,
janibacter,2,787,0.9077277970011534,0.5419313850063533,0.9802751059369579,1.572087658592849,2,janibacter,0.3017182672878343,janibacter,Bacteria,,
jannaschia,4,867,1.0,0.7179930795847751,0.9861742293388294,2.8719723183391004,4,jannaschia,0.1446297019864807,jannaschia,Bacteria,,
janthinobacterium,4,867,1.0,0.7179930795847751,0.9861742293388294,2.8719723183391004,4,janthinobacterium,0.4981256527621662,janthinobacterium,Bacteria,,
jeotgalicoccus,4,867,1.0,0.7179930795847751,0.9861742293388294,2.8719723183391004,4,jeotgalicoccus,0.0705972615046082,jeotgalicoccus,Bacteria,,
kaistia,4,867,1.0,0.7179930795847751,0.9861742293388294,2.8719723183391004,4,kaistia,0.3519557071958934,kaistia,Bacteria,,
kibdelosporangium,2,749,0.8638985005767013,0.4857587894971072,0.9718890883941397,1.4382929642445212,2,kibdelosporangium,0.5077722231308878,kibdelosporangium,Bacteria,,
kineococcus,4,867,1.0,0.7179930795847751,0.9861742293388294,2.8719723183391004,4,kineococcus,0.410547249247016,kineococcus,Bacteria,,
kineosporia,3,803,0.9261822376009228,0.6447696139476962,0.9793386826591985,2.1891580161476356,3,kineosporia,0.5804942965565342,kineosporia,Bacteria,,
kingella,3,860,0.9919261822376009,0.6227713178294573,0.9882456584935019,2.2549019607843137,3,kingella,0.1927350544362803,kingella,Bacteria,,
kordia,3,810,0.9342560553633218,0.5699588477366254,0.9779814439339557,2.050749711649366,3,kordia,0.0203436469282863,kordia,Bacteria,,
kribbella,3,803,0.9261822376009228,0.6447696139476962,0.9793386826591985,2.1891580161476356,3,kribbella,0.4448471906863653,kribbella,Bacteria,,
kushneria,3,803,0.9261822376009228,0.6447696139476962,0.9793386826591985,2.1891580161476356,3,kushneria,0.1732490129716987,kushneria,Bacteria,-1.010674406774253,-0.6209399283300255
kytococcus,3,803,0.9261822376009228,0.6447696139476962,0.9793386826591985,2.1891580161476356,3,kytococcus,0.2201942134350551,kytococcus,Bacteria,,
labrys,4,867,1.0,0.7179930795847751,0.9861742293388294,2.8719723183391004,4,labrys,0.5436890268034305,labrys,Bacteria,,
laceyella,2,787,0.9077277970011534,0.5419313850063533,0.9802751059369579,1.572087658592849,2,laceyella,0.2958470878148797,laceyella,Bacteria,,
lachnobacterium,3,803,0.9261822376009228,0.6447696139476962,0.9793386826591985,2.1891580161476356,3,lachnobacterium,0.1105897457147205,lachnobacterium,Bacteria,-0.9138082111239165,-0.5926414266445705
lachnospira,3,803,0.9261822376009228,0.6447696139476962,0.9793386826591985,2.1891580161476356,3,lachnospira,0.1553245395870672,lachnospira,Bacteria,,
lacibacter,3,860,0.9919261822376009,0.6227713178294573,0.9882456584935019,2.2549019607843137,3,lacibacter,0.3887696847044024,lacibacter,Bacteria,,
lactobacillus,4,867,1.0,0.7179930795847751,0.9861742293388294,2.8719723183391004,4,lactobacillus,0.1837507558571185,lactobacillus,Bacteria,,
lactococcus,4,867,1.0,0.7179930795847751,0.9861742293388294,2.8719723183391004,4,lactococcus,0.1586256583836592,lactococcus,Bacteria,,
lampropedia,2,787,0.9077277970011534,0.5419313850063533,0.9802751059369579,1.572087658592849,2,lampropedia,0.4071221667733063,lampropedia,Bacteria,,
larkinella,3,803,0.9261822376009228,0.6447696139476962,0.9793386826591985,2.1891580161476356,3,larkinella,0.2788698285214993,larkinella,Bacteria,,
lautropia,3,860,0.9919261822376009,0.6227713178294573,0.9882456584935019,2.2549019607843137,3,lautropia,0.3135512945171012,lautropia,Bacteria,,
leadbetterella,4,867,1.0,0.7179930795847751,0.9861742293388294,2.8719723183391004,4,leadbetterella,0.2058741160493059,leadbetterella,Bacteria,,
leeuwenhoekiella,2,704,0.81199538638985,0.44957386363636365,0.9618559291207517,1.2998846597462514,2,leeuwenhoekiella,0.0943870186546941,leeuwenhoekiella,Bacteria,,
legionella,4,867,1.0,0.7179930795847751,0.9861742293388294,2.8719723183391004,4,legionella,0.3536276545030659,legionella,Bacteria,,
lentibacillus,2,787,0.9077277970011534,0.5419313850063533,0.9802751059369579,1.572087658592849,2,lentibacillus,0.1850545775068779,lentibacillus,Bacteria,0.7066074642287623,0.8626710029587904
lentisphaera,3,810,0.9342560553633218,0.5699588477366254,0.9779814439339557,2.050749711649366,3,lentisphaera,0.018716532355843,lentisphaera,Bacteria,-0.6905066099530728,-1.0079322071590542
leptolyngbya,4,867,1.0,0.7179930795847751,0.9861742293388294,2.8719723183391004,4,leptolyngbya,0.0732189487146811,leptolyngbya,Bacteria,,
leptonema,3,827,0.9538638985005767,0.5894800483675937,0.9813914120752875,2.121107266435986,3,leptonema,0.1944582871581282,leptonema,Bacteria,,
leptospira,2,809,0.9331026528258363,0.488051091882983,0.9825446275838123,1.5040369088811996,2,leptospira,0.3841556389459667,leptospira,Bacteria,,
leptotrichia,4,867,1.0,0.7179930795847751,0.9861742293388294,2.8719723183391004,4,leptotrichia,0.2226605825055097,leptotrichia,Bacteria,,
leucobacter,4,867,1.0,0.7179930795847751,0.9861742293388294,2.8719723183391004,4,leucobacter,0.3407597598745197,leucobacter,Bacteria,,
leuconostoc,3,803,0.9261822376009228,0.6447696139476962,0.9793386826591985,2.1891580161476356,3,leuconostoc,0.1366239588258045,leuconostoc,Bacteria,,
leucothrix,2,717,0.8269896193771626,0.46931659693165967,0.9652768922293549,1.3679354094579008,2,leucothrix,0.0507481383708101,leucothrix,Bacteria,,
lewinella,4,867,1.0,0.7179930795847751,0.9861742293388294,2.8719723183391004,4,lewinella,0.071698489429352,lewinella,Bacteria,,
lishizhenia,3,860,0.9919261822376009,0.6227713178294574,0.9882456584935019,2.2549019607843137,3,lishizhenia,0.1858843911670734,lishizhenia,Bacteria,,
litorilinea,4,867,1.0,0.7179930795847751,0.9861742293388294,2.8719723183391004,4,litorilinea,0.2572319770897822,litorilinea,Bacteria,,
loktanella,4,867,1.0,0.7179930795847751,0.9861742293388294,2.8719723183391004,4,loktanella,0.1395954801283343,loktanella,Bacteria,,
longilinea,2,749,0.8638985005767013,0.4857587894971073,0.9718890883941397,1.4382929642445212,2,longilinea,0.1648380813932189,longilinea,Bacteria,,
luteibacter,3,803,0.9261822376009228,0.6447696139476962,0.9793386826591985,2.1891580161476356,3,luteibacter,0.6710911864717002,luteibacter,Bacteria,,
luteimonas,4,867,1.0,0.7179930795847751,0.9861742293388294,2.8719723183391004,4,luteimonas,0.4033579825101395,luteimonas,Bacteria,,
luteolibacter,4,867,1.0,0.7179930795847751,0.9861742293388294,2.8719723183391004,4,luteolibacter,0.3374561911461971,luteolibacter,Bacteria,,
lutimonas,4,867,1.0,0.7179930795847751,0.9861742293388294,2.8719723183391004,4,lutimonas,0.1180587927046676,lutimonas,Bacteria,,
lutispora,2,787,0.9077277970011534,0.5419313850063533,0.9802751059369579,1.572087658592849,2,lutispora,0.301171581338692,lutispora,Bacteria,0.6669679696441493,0.8209196581016569
lysobacter,4,867,1.0,0.7179930795847751,0.9861742293388294,2.8719723183391004,4,lysobacter,0.40467431747409,lysobacter,Bacteria,,
magnetospirillum,4,867,1.0,0.7179930795847751,0.9861742293388294,2.8719723183391004,4,magnetospirillum,0.2884017549600718,magnetospirillum,Bacteria,,
maribacter,4,867,1.0,0.7179930795847751,0.9861742293388294,2.8719723183391004,4,maribacter,0.0395035678572158,maribacter,Bacteria,,
maricaulis,2,809,0.9331026528258363,0.48805109188298307,0.9825446275838123,1.5040369088811996,2,maricaulis,0.0853602869010483,maricaulis,Bacteria,,
marinicella,4,867,1.0,0.7179930795847751,0.9861742293388294,2.8719723183391004,4,marinicella,0.0942762386962488,marinicella,Bacteria,,
marinimicrobium,2,785,0.9054209919261822,0.4647558386411889,0.9777451966543141,1.433679354094579,2,marinimicrobium,0.3017373960898321,marinimicrobium,Bacteria,0.7130722616422216,0.6100624419229448
marinobacter,4,867,1.0,0.7179930795847751,0.9861742293388294,2.8719723183391004,4,marinobacter,0.1025147739995352,marinobacter,Bacteria,,
marinococcus,3,860,0.9919261822376009,0.6227713178294574,0.9882456584935019,2.2549019607843137,3,marinococcus,0.2105606842466973,marinococcus,Bacteria,1.7744056511363688,1.8330599761190054
marinomonas,4,867,1.0,0.7179930795847751,0.9861742293388294,2.8719723183391004,4,marinomonas,0.1199407273308305,marinomonas,Bacteria,,
mariprofundus,2,809,0.9331026528258363,0.48805109188298307,0.9825446275838123,1.5040369088811996,2,mariprofundus,0.0374075806604566,mariprofundus,Bacteria,,
marivirga,2,785,0.9054209919261822,0.4647558386411889,0.9777451966543141,1.433679354094579,2,marivirga,0.2713306165221039,marivirga,Bacteria,,
marivita,3,860,0.9919261822376009,0.6227713178294574,0.9882456584935019,2.2549019607843137,3,marivita,0.0214638367606668,marivita,Bacteria,1.4719439467475823,1.529349592863311
megamonas,3,860,0.9919261822376009,0.6227713178294574,0.9882456584935019,2.2549019607843137,3,megamonas,0.1017220092526961,megamonas,Bacteria,,
megasphaera,3,860,0.9919261822376009,0.6227713178294574,0.9882456584935019,2.2549019607843137,3,megasphaera,0.128204256427651,megasphaera,Bacteria,,
meiothermus,3,803,0.9261822376009228,0.6447696139476962,0.9793386826591985,2.1891580161476356,3,meiothermus,0.1951987873547681,meiothermus,Bacteria,,
mesorhizobium,4,867,1.0,0.7179930795847751,0.9861742293388294,2.8719723183391004,4,mesorhizobium,0.4080621840626654,mesorhizobium,Bacteria,,
methanobacterium,4,867,1.0,0.7179930795847751,0.9861742293388294,2.8719723183391004,4,methanobacterium,0.1436750551990653,methanobacterium,Archaea,,
methanobrevibacter,3,860,0.9919261822376009,0.6227713178294574,0.9882456584935019,2.2549019607843137,3,methanobrevibacter,0.1376920274769136,methanobrevibacter,Archaea,1.8425913465843153,1.9241615342349638
methanocalculus,2,809,0.9331026528258363,0.48805109188298307,0.9825446275838123,1.5040369088811996,2,methanocalculus,0.0771728789976025,methanocalculus,Archaea,,
methanocella,4,867,1.0,0.7179930795847751,0.9861742293388294,2.8719723183391004,4,methanocella,0.145396635508563,methanocella,Archaea,0.0,1.0
methanocorpusculum,2,785,0.9054209919261822,0.4647558386411889,0.9777451966543141,1.433679354094579,2,methanocorpusculum,0.1269516910711692,methanocorpusculum,Archaea,,
methanolobus,2,809,0.9331026528258363,0.48805109188298307,0.9825446275838123,1.5040369088811996,2,methanolobus,0.0766900157290014,methanolobus,Archaea,,
methanomassiliicoccus,4,867,1.0,0.7179930795847751,0.9861742293388294,2.8719723183391004,4,methanomassiliicoccus,0.2956266000404271,methanomassiliicoccus,Archaea,,
methanosarcina,4,867,1.0,0.7179930795847751,0.9861742293388294,2.8719723183391004,4,methanosarcina,0.1346504413110096,methanosarcina,Archaea,,
methanosphaera,3,803,0.9261822376009228,0.6447696139476962,0.9793386826591985,2.1891580161476356,3,methanosphaera,0.1326520048605711,methanosphaera,Archaea,,
methanospirillum,2,749,0.8638985005767013,0.4857587894971073,0.9718890883941397,1.4382929642445212,2,methanospirillum,0.0967158621507981,methanospirillum,Archaea,,
methylobacillus,3,860,0.9919261822376009,0.6227713178294574,0.9882456584935019,2.2549019607843137,3,methylobacillus,0.3456417341122065,methylobacillus,Bacteria,,
methylobacterium,4,867,1.0,0.7179930795847751,0.9861742293388294,2.8719723183391004,4,methylobacterium,0.3934353509514121,methylobacterium,Bacteria,,
methylocaldum,3,827,0.9538638985005767,0.5894800483675937,0.9813914120752875,2.121107266435986,3,methylocaldum,0.2911146873267851,methylocaldum,Bacteria,,
methylocella,2,749,0.8638985005767013,0.4857587894971073,0.9718890883941397,1.4382929642445212,2,methylocella,0.4950405592109281,methylocella,Bacteria,,
methylomonas,3,827,0.9538638985005767,0.5894800483675937,0.9813914120752875,2.121107266435986,3,methylomonas,0.0646533198866627,methylomonas,Bacteria,,
methylophaga,4,867,1.0,0.7179930795847751,0.9861742293388294,2.8719723183391004,4,methylophaga,0.1800616389472372,methylophaga,Bacteria,,
methylopila,3,803,0.9261822376009228,0.6447696139476962,0.9793386826591985,2.1891580161476356,3,methylopila,0.4301200931994031,methylopila,Bacteria,,
methylosinus,4,867,1.0,0.7179930795847751,0.9861742293388294,2.8719723183391004,4,methylosinus,0.727500666371657,methylosinus,Bacteria,,
methylotenera,4,867,1.0,0.7179930795847751,0.9861742293388294,2.8719723183391004,4,methylotenera,0.2497309122842347,methylotenera,Bacteria,,
methylovirgula,2,787,0.9077277970011534,0.5419313850063533,0.9802751059369579,1.572087658592849,2,methylovirgula,0.4369321780645275,methylovirgula,Bacteria,,
microbacterium,4,867,1.0,0.7179930795847751,0.9861742293388294,2.8719723183391004,4,microbacterium,0.3231795495852764,microbacterium,Bacteria,,
microbulbifer,4,867,1.0,0.7179930795847751,0.9861742293388294,2.8719723183391004,4,microbulbifer,0.1617960429925835,microbulbifer,Bacteria,,
micrococcus,4,867,1.0,0.7179930795847751,0.9861742293388294,2.8719723183391004,4,micrococcus,0.2772391363815261,micrococcus,Bacteria,,
microcoleus,2,785,0.9054209919261822,0.4647558386411889,0.9777451966543141,1.433679354094579,2,microcoleus,0.2260312237025557,microcoleus,Bacteria,,
microcystis,4,867,1.0,0.7179930795847751,0.9861742293388294,2.8719723183391004,4,microcystis,0.0626134462759173,microcystis,Bacteria,,
mitsuokella,2,787,0.9077277970011534,0.5419313850063533,0.9802751059369579,1.572087658592849,2,mitsuokella,0.1274172934499785,mitsuokella,Bacteria,,
mobiluncus,2,787,0.9077277970011534,0.5419313850063533,0.9802751059369579,1.572087658592849,2,mobiluncus,0.3556323531253256,mobiluncus,Bacteria,,
modestobacter,4,867,1.0,0.7179930795847751,0.9861742293388294,2.8719723183391004,4,modestobacter,0.6657653356434647,modestobacter,Bacteria,,
mogibacterium,3,860,0.9919261822376009,0.6227713178294574,0.9882456584935019,2.2549019607843137,3,mogibacterium,0.205699154278129,mogibacterium,Bacteria,,
moraxella,4,867,1.0,0.7179930795847751,0.9861742293388294,2.8719723183391004,4,moraxella,0.1169747872078199,moraxella,Bacteria,,
morganella,4,867,1.0,0.7179930795847751,0.9861742293388294,2.8719723183391004,4,morganella,0.3109495119825685,morganella,Bacteria,,
moritella,3,860,0.9919261822376009,0.6227713178294574,0.9882456584935019,2.2549019607843137,3,moritella,0.0310589513209675,moritella,Bacteria,,
moryella,3,860,0.9919261822376009,0.6227713178294574,0.9882456584935019,2.2549019607843137,3,moryella,0.1838895861914513,,Bacteria,,
mucilaginibacter,4,867,1.0,0.7179930795847751,0.9861742293388294,2.8719723183391004,4,mucilaginibacter,0.3753880365366784,mucilaginibacter,Bacteria,0.0,1.0
mucispirillum,4,867,1.0,0.7179930795847751,0.9861742293388294,2.8719723183391004,4,mucispirillum,0.3789234300831258,mucispirillum,Bacteria,,
muricauda,4,867,1.0,0.7179930795847751,0.9861742293388294,2.8719723183391004,4,muricauda,0.0913079740441699,muricauda,Bacteria,,
mycobacterium,4,867,1.0,0.7179930795847751,0.9861742293388294,2.8719723183391004,4,mycobacterium,0.4555625266464975,mycobacterium,Bacteria,,
mycoplasma,4,867,1.0,0.7179930795847751,0.9861742293388294,2.8719723183391004,4,mycoplasma,0.1204306205530421,mycoplasma,Bacteria,,
myroides,4,867,1.0,0.7179930795847751,0.9861742293388294,2.8719723183391004,4,myroides,0.227293968441058,,Bacteria,,
nannocystis,4,867,1.0,0.7179930795847751,0.9861742293388294,2.8719723183391004,4,nannocystis,0.4388854312861249,nannocystis,Bacteria,,
natronobacillus,2,809,0.9331026528258363,0.48805109188298307,0.9825446275838123,1.5040369088811996,2,natronobacillus,0.2621483640830324,,Bacteria,,
natronomonas,4,867,1.0,0.7179930795847751,0.9861742293388294,2.8719723183391004,4,natronomonas,0.0491845427093923,natronomonas,Archaea,,
necropsobacter,2,787,0.9077277970011534,0.5419313850063533,0.9802751059369579,1.572087658592849,2,necropsobacter,0.1015781210834707,necropsobacter,Bacteria,,
neisseria,4,867,1.0,0.7179930795847751,0.9861742293388294,2.8719723183391004,4,neisseria,0.1195360804717098,neisseria,Bacteria,,
neorickettsia,2,749,0.8638985005767013,0.4857587894971073,0.9718890883941397,1.4382929642445212,2,neorickettsia,0.1547319346108911,neorickettsia,Bacteria,,
neptunomonas,2,785,0.9054209919261822,0.4647558386411889,0.9777451966543141,1.433679354094579,2,neptunomonas,0.0647475382747681,neptunomonas,Bacteria,,
nesterenkonia,3,860,0.9919261822376009,0.6227713178294574,0.9882456584935019,2.2549019607843137,3,nesterenkonia,0.2316000953812377,nesterenkonia,Bacteria,,
nevskia,4,867,1.0,0.7179930795847751,0.9861742293388294,2.8719723183391004,4,nevskia,0.3892325766727226,nevskia,Bacteria,0.0,1.0
niabella,4,867,1.0,0.7179930795847751,0.9861742293388294,2.8719723183391004,4,niabella,0.3157455760138121,niabella,Bacteria,,
niastella,3,803,0.9261822376009228,0.6447696139476962,0.9793386826591985,2.1891580161476356,3,niastella,0.4595472315453532,niastella,Bacteria,,
nitratireductor,3,810,0.9342560553633218,0.5699588477366254,0.9779814439339557,2.050749711649366,3,nitratireductor,0.2721164641637604,nitratireductor,Bacteria,,
nitriliruptor,4,867,1.0,0.7179930795847751,0.9861742293388294,2.8719723183391004,4,nitriliruptor,0.2105165250823278,nitriliruptor,Bacteria,,
nitrosopumilus,4,867,1.0,0.7179930795847751,0.9861742293388294,2.8719723183391004,4,nitrosopumilus,0.0271676662816425,nitrosopumilus,Archaea,,
nitrospina,3,827,0.9538638985005767,0.5894800483675937,0.9813914120752875,2.121107266435986,3,nitrospina,0.3258089764810475,nitrospina,Bacteria,,
nitrospira,4,867,1.0,0.7179930795847751,0.9861742293388294,2.8719723183391004,4,nitrospira,0.4236685320020158,,Bacteria,,
nocardia,4,867,1.0,0.7179930795847751,0.9861742293388294,2.8719723183391004,4,nocardia,0.4622578458033106,nocardia,Bacteria,,
nocardioides,4,867,1.0,0.7179930795847751,0.9861742293388294,2.8719723183391004,4,nocardioides,0.3916372147727358,nocardioides,Bacteria,,
nocardiopsis,3,803,0.9261822376009228,0.6447696139476962,0.9793386826591985,2.1891580161476356,3,nocardiopsis,0.2105163313963832,nocardiopsis,Bacteria,,
nodularia,4,867,1.0,0.7179930795847751,0.9861742293388294,2.8719723183391004,4,nodularia,0.2922952748567264,nodularia,Bacteria,,
nonomuraea,4,867,1.0,0.7179930795847751,0.9861742293388294,2.8719723183391004,4,nonomuraea,0.3606127261635745,nonomuraea,Bacteria,,
nostoc,4,867,1.0,0.7179930795847751,0.9861742293388294,2.8719723183391004,4,nostoc,0.2245883990106711,nostoc,Bacteria,,
novispirillum,4,867,1.0,0.7179930795847751,0.9861742293388294,2.8719723183391004,4,novispirillum,0.1990008999708365,novispirillum,Bacteria,,
novosphingobium,4,867,1.0,0.7179930795847751,0.9861742293388294,2.8719723183391004,4,novosphingobium,0.4489700042625262,novosphingobium,Bacteria,,
oceanicaulis,3,860,0.9919261822376009,0.6227713178294574,0.9882456584935019,2.2549019607843137,3,oceanicaulis,0.1217587296145015,oceanicaulis,Bacteria,,
oceanimonas,3,803,0.9261822376009228,0.6447696139476962,0.9793386826591985,2.1891580161476356,3,oceanimonas,0.2122153746677459,oceanimonas,Bacteria,,
oceaniovalibus,2,717,0.8269896193771626,0.46931659693165967,0.9652768922293549,1.3679354094579008,2,oceaniovalibus,0.1046008114927717,,Bacteria,,
oceanobacillus,3,803,0.9261822376009228,0.6447696139476962,0.9793386826591985,2.1891580161476356,3,oceanobacillus,0.3157481764670918,oceanobacillus,Bacteria,,
ochrobactrum,3,803,0.9261822376009228,0.6447696139476962,0.9793386826591985,2.1891580161476356,3,ochrobactrum,0.4490823481707068,ochrobactrum,Bacteria,,
octadecabacter,4,867,1.0,0.7179930795847751,0.9861742293388294,2.8719723183391004,4,octadecabacter,0.0570574282041434,octadecabacter,Bacteria,,
odoribacter,3,803,0.9261822376009228,0.6447696139476962,0.9793386826591985,2.1891580161476356,3,odoribacter,0.1330317933438722,odoribacter,Bacteria,,
oleispira,2,785,0.9054209919261822,0.4647558386411889,0.9777451966543141,1.433679354094579,2,oleispira,0.087139204508043,oleispira,Bacteria,,
oligella,3,803,0.9261822376009228,0.6447696139476962,0.9793386826591985,2.1891580161476356,3,oligella,0.1353724343558924,oligella,Bacteria,,
olivibacter,3,803,0.9261822376009228,0.6447696139476962,0.9793386826591985,2.1891580161476356,3,olivibacter,0.3445847795298319,olivibacter,Bacteria,,
opitutus,4,867,1.0,0.7179930795847751,0.9861742293388294,2.8719723183391004,4,opitutus,0.4208105596711765,opitutus,Bacteria,0.0,1.0
oribacterium,3,860,0.9919261822376009,0.6227713178294574,0.9882456584935019,2.2549019607843137,3,oribacterium,0.2543122903275828,oribacterium,Bacteria,1.55197369986617,1.5841842101773846
ornithobacterium,2,787,0.9077277970011534,0.5419313850063533,0.9802751059369579,1.572087658592849,2,ornithobacterium,0.3554816019797671,ornithobacterium,Bacteria,,
oryzihumus,2,749,0.8638985005767013,0.4857587894971073,0.9718890883941397,1.4382929642445212,2,oryzihumus,0.5276745583317414,oryzihumus,Bacteria,,
oscillatoria,2,785,0.9054209919261822,0.4647558386411889,0.9777451966543141,1.433679354094579,2,oscillatoria,0.3695845921821766,oscillatoria,Bacteria,0.6866700773438275,0.5842622732477804
oscillochloris,3,860,0.9919261822376009,0.6227713178294574,0.9882456584935019,2.2549019607843137,3,oscillochloris,0.254509917191374,oscillochloris,Bacteria,,
owenweeksia,3,860,0.9919261822376009,0.6227713178294574,0.9882456584935019,2.2549019607843137,3,owenweeksia,0.3316010767743216,owenweeksia,Bacteria,,
oxobacter,2,749,0.8638985005767013,0.4857587894971073,0.9718890883941397,1.4382929642445212,2,oxobacter,0.0540618451960327,oxobacter,Bacteria,,
paenibacillus,4,867,1.0,0.7179930795847751,0.9861742293388294,2.8719723183391004,4,paenibacillus,0.3837071658371461,paenibacillus,Bacteria,,
paludibacter,4,867,1.0,0.7179930795847751,0.9861742293388294,2.8719723183391004,4,paludibacter,0.1856745128022809,paludibacter,Bacteria,,
pandoraea,2,787,0.9077277970011534,0.5419313850063533,0.9802751059369579,1.572087658592849,2,pandoraea,0.5571930021000934,pandoraea,Bacteria,,
papillibacter,2,787,0.9077277970011534,0.5419313850063533,0.9802751059369579,1.572087658592849,2,papillibacter,0.1740504208034692,papillibacter,Bacteria,,
parabacteroides,4,867,1.0,0.7179930795847751,0.9861742293388294,2.8719723183391004,4,parabacteroides,0.2040863271850836,parabacteroides,Bacteria,,
parachlamydia,3,827,0.9538638985005767,0.5894800483675937,0.9813914120752875,2.121107266435986,3,parachlamydia,0.3518876494243865,parachlamydia,Bacteria,-0.02079663763556344,-0.18394802647849567
paracoccus,4,867,1.0,0.7179930795847751,0.9861742293388294,2.8719723183391004,4,paracoccus,0.2549444193895421,paracoccus,Bacteria,,
parapedobacter,3,803,0.9261822376009228,0.6447696139476962,0.9793386826591985,2.1891580161476356,3,parapedobacter,0.276063403601492,parapedobacter,Bacteria,,
paraprevotella,3,860,0.9919261822376009,0.6227713178294574,0.9882456584935019,2.2549019607843137,3,paraprevotella,0.2209531382196257,paraprevotella,Bacteria,,
parvibaculum,4,867,1.0,0.7179930795847751,0.9861742293388294,2.8719723183391004,4,parvibaculum,0.526575046022981,parvibaculum,Bacteria,,
parvimonas,3,860,0.9919261822376009,0.6227713178294574,0.9882456584935019,2.2549019607843137,3,parvimonas,0.1754955869939074,parvimonas,Bacteria,,
patulibacter,4,867,1.0,0.7179930795847751,0.9861742293388294,2.8719723183391004,4,patulibacter,0.5350695622655967,patulibacter,Bacteria,,
pediococcus,2,787,0.9077277970011534,0.5419313850063533,0.9802751059369579,1.572087658592849,2,pediococcus,0.2036888336875234,pediococcus,Bacteria,,
pedobacter,4,867,1.0,0.7179930795847751,0.9861742293388294,2.8719723183391004,4,pedobacter,0.3708238358177625,pedobacter,Bacteria,,
pedomicrobium,4,867,1.0,0.7179930795847751,0.9861742293388294,2.8719723183391004,4,pedomicrobium,0.576932674703547,,Bacteria,,
pelagicoccus,4,867,1.0,0.7179930795847751,0.9861742293388294,2.8719723183391004,4,pelagicoccus,0.0627297465011315,pelagicoccus,Bacteria,,
pelobacter,3,827,0.9538638985005767,0.5894800483675937,0.9813914120752875,2.121107266435986,3,pelobacter,0.1516216502874214,,Bacteria,,
pelosinus,3,827,0.9538638985005767,0.5894800483675937,0.9813914120752875,2.121107266435986,3,pelosinus,0.6549004721939029,pelosinus,Bacteria,,
pelotomaculum,3,827,0.9538638985005767,0.5894800483675937,0.9813914120752875,2.121107266435986,3,pelotomaculum,0.2181378616896035,pelotomaculum,Bacteria,,
peptococcus,2,787,0.9077277970011534,0.5419313850063533,0.9802751059369579,1.572087658592849,2,peptococcus,0.2065168035030704,peptococcus,Bacteria,,
peptoniphilus,4,867,1.0,0.7179930795847751,0.9861742293388294,2.8719723183391004,4,peptoniphilus,0.188500981208716,peptoniphilus,Bacteria,,
peptostreptococcus,3,803,0.9261822376009228,0.6447696139476962,0.9793386826591985,2.1891580161476356,3,peptostreptococcus,0.1590303483789741,peptostreptococcus,Bacteria,,
peredibacter,4,867,1.0,0.7179930795847751,0.9861742293388294,2.8719723183391004,4,peredibacter,0.5419046638478379,,Bacteria,,
perlucidibaca,4,867,1.0,0.7179930795847751,0.9861742293388294,2.8719723183391004,4,perlucidibaca,0.2885417075658541,perlucidibaca,Bacteria,,
persicirhabdus,4,867,1.0,0.7179930795847751,0.9861742293388294,2.8719723183391004,4,persicirhabdus,0.0987579008748235,persicirhabdus,Bacteria,,
persicitalea,2,787,0.9077277970011534,0.5419313850063533,0.9802751059369579,1.572087658592849,2,persicitalea,0.1847987517104602,persicitalea,Bacteria,,
phaeobacter,4,867,1.0,0.7179930795847751,0.9861742293388294,2.8719723183391004,4,phaeobacter,0.0721078334245479,phaeobacter,Bacteria,,
phaeospirillum,4,867,1.0,0.7179930795847751,0.9861742293388294,2.8719723183391004,4,phaeospirillum,0.1123246454305285,phaeospirillum,Bacteria,,
phascolarctobacterium,4,867,1.0,0.7179930795847751,0.9861742293388294,2.8719723183391004,4,phascolarctobacterium,0.1868778545393424,phascolarctobacterium,Bacteria,,
phenylobacterium,4,867,1.0,0.7179930795847751,0.9861742293388294,2.8719723183391004,4,phenylobacterium,0.4718250888169453,phenylobacterium,Bacteria,,
photobacterium,4,867,1.0,0.7179930795847751,0.9861742293388294,2.8719723183391004,4,photobacterium,0.1201534899427817,photobacterium,Bacteria,,
phycicoccus,4,867,1.0,0.7179930795847751,0.9861742293388294,2.8719723183391004,4,phycicoccus,0.4007109708544655,phycicoccus,Bacteria,,
phycisphaera,2,704,0.81199538638985,0.44957386363636365,0.9618559291207517,1.2998846597462514,2,phycisphaera,0.0754915184274502,phycisphaera,Bacteria,,
phyllobacterium,4,867,1.0,0.7179930795847751,0.9861742293388294,2.8719723183391004,4,phyllobacterium,0.2839208690521469,phyllobacterium,Bacteria,,
pigmentiphaga,4,867,1.0,0.7179930795847751,0.9861742293388294,2.8719723183391004,4,pigmentiphaga,0.4784819475899216,pigmentiphaga,Bacteria,,
pirellula,4,867,1.0,0.7179930795847751,0.9861742293388294,2.8719723183391004,4,pirellula,0.455247813853673,pirellula,Bacteria,0.0,1.0
piscicoccus,3,803,0.9261822376009228,0.6447696139476962,0.9793386826591985,2.1891580161476356,3,piscicoccus,0.158089699309436,piscicoccus,Bacteria,,
planifilum,4,867,1.0,0.7179930795847751,0.9861742293388294,2.8719723183391004,4,planifilum,0.4608259233496968,planifilum,Bacteria,,
planktothrix,4,867,1.0,0.7179930795847751,0.9861742293388294,2.8719723183391004,4,planktothrix,0.1996763653713347,planktothrix,Bacteria,,
planomicrobium,4,867,1.0,0.7179930795847751,0.9861742293388294,2.8719723183391004,4,planomicrobium,0.3829187303887979,,Bacteria,,
plesiocystis,4,867,1.0,0.7179930795847751,0.9861742293388294,2.8719723183391004,4,plesiocystis,0.2605312400012197,plesiocystis,Bacteria,,
polaribacter,4,867,1.0,0.7179930795847751,0.9861742293388294,2.8719723183391004,4,polaribacter,0.0326699440124849,polaribacter,Bacteria,,
polaromonas,4,867,1.0,0.7179930795847751,0.9861742293388294,2.8719723183391004,4,polaromonas,0.2816091839454802,polaromonas,Bacteria,,
polynucleobacter,4,867,1.0,0.7179930795847751,0.9861742293388294,2.8719723183391004,4,polynucleobacter,0.1023659418434681,polynucleobacter,Bacteria,,
pontibacter,4,867,1.0,0.7179930795847751,0.9861742293388294,2.8719723183391004,4,pontibacter,0.2490263127528476,pontibacter,Bacteria,,
porphyromonas,4,867,1.0,0.7179930795847751,0.9861742293388294,2.8719723183391004,4,porphyromonas,0.1650229166878916,porphyromonas,Bacteria,,
portibacter,2,704,0.81199538638985,0.44957386363636365,0.9618559291207517,1.2998846597462514,2,portibacter,0.0558199812597538,portibacter,Bacteria,,
prevotella,4,867,1.0,0.7179930795847751,0.9861742293388294,2.8719723183391004,4,prevotella,0.1831900228717883,prevotella,Bacteria,,
prochlorococcus,4,867,1.0,0.7179930795847751,0.9861742293388294,2.8719723183391004,4,prochlorococcus,0.0135692907088173,prochlorococcus,Bacteria,,
promicromonospora,3,803,0.9261822376009228,0.6447696139476962,0.9793386826591985,2.1891580161476356,3,promicromonospora,0.5391894758426616,promicromonospora,Bacteria,,
propionibacterium,2,787,0.9077277970011534,0.5419313850063533,0.9802751059369579,1.572087658592849,2,propionibacterium,0.3005470105489847,propionibacterium,Bacteria,,
propionigenium,4,867,1.0,0.7179930795847751,0.9861742293388294,2.8719723183391004,4,propionigenium,0.0381216615241903,,Bacteria,,
propionispira,2,809,0.9331026528258363,0.48805109188298307,0.9825446275838123,1.5040369088811996,2,propionispira,0.173429751556987,propionispira,Bacteria,,
propionivibrio,3,827,0.9538638985005767,0.5894800483675937,0.9813914120752875,2.121107266435986,3,propionivibrio,0.2815523833214434,propionivibrio,Bacteria,,
prosthecobacter,4,867,1.0,0.7179930795847751,0.9861742293388294,2.8719723183391004,4,prosthecobacter,0.3600710647625774,prosthecobacter,Bacteria,,
prosthecochloris,2,809,0.9331026528258363,0.48805109188298307,0.9825446275838123,1.5040369088811996,2,prosthecochloris,0.0858418424775541,prosthecochloris,Bacteria,1.3920285270444923,1.276412249926673
proteiniclasticum,4,867,1.0,0.7179930795847751,0.9861742293388294,2.8719723183391004,4,proteiniclasticum,0.3527512139613846,proteiniclasticum,Bacteria,,
proteus,3,803,0.9261822376009228,0.6447696139476962,0.9793386826591985,2.1891580161476356,3,proteus,0.2321384148660685,proteus,Bacteria,,
providencia,4,867,1.0,0.7179930795847751,0.9861742293388294,2.8719723183391004,4,providencia,0.2794242134787442,providencia,Bacteria,,
pseudanabaena,3,860,0.9919261822376009,0.6227713178294574,0.9882456584935019,2.2549019607843137,3,pseudanabaena,0.2217969325302683,pseudanabaena,Bacteria,,
pseudidiomarina,4,867,1.0,0.7179930795847751,0.9861742293388294,2.8719723183391004,4,pseudidiomarina,0.1763679391284404,pseudidiomarina,Bacteria,,
pseudoalteromonas,4,867,1.0,0.7179930795847751,0.9861742293388294,2.8719723183391004,4,pseudoalteromonas,0.0536242390424967,pseudoalteromonas,Bacteria,,
pseudobutyrivibrio,2,787,0.9077277970011534,0.5419313850063533,0.9802751059369579,1.572087658592849,2,pseudobutyrivibrio,0.1450231667488225,pseudobutyrivibrio,Bacteria,,
pseudoclavibacter,2,787,0.9077277970011534,0.5419313850063533,0.9802751059369579,1.572087658592849,2,pseudoclavibacter,0.3906014684135453,pseudoclavibacter,Bacteria,,
pseudomonas,4,867,1.0,0.7179930795847751,0.9861742293388294,2.8719723183391004,4,pseudomonas,0.2734325873134264,pseudomonas,Bacteria,,
pseudonocardia,4,867,1.0,0.7179930795847751,0.9861742293388294,2.8719723183391004,4,pseudonocardia,0.3774455221989812,pseudonocardia,Bacteria,,
pseudoruegeria,4,867,1.0,0.7179930795847751,0.9861742293388294,2.8719723183391004,4,pseudoruegeria,0.0368248357373727,pseudoruegeria,Bacteria,,
pseudoxanthomonas,3,803,0.9261822376009228,0.6447696139476962,0.9793386826591985,2.1891580161476356,3,pseudoxanthomonas,0.4508215042705094,pseudoxanthomonas,Bacteria,-0.9828511802995191,-0.6179270654614729
psychrilyobacter,3,810,0.9342560553633218,0.5699588477366254,0.9779814439339557,2.050749711649366,3,psychrilyobacter,0.058100491623745,psychrilyobacter,Bacteria,,
psychrobacter,4,867,1.0,0.7179930795847751,0.9861742293388294,2.8719723183391004,4,psychrobacter,0.1061653760551755,psychrobacter,Bacteria,,
psychroflexus,3,860,0.9919261822376009,0.6227713178294574,0.9882456584935019,2.2549019607843137,3,psychroflexus,0.1349319738581857,psychroflexus,Bacteria,,
psychromonas,3,810,0.9342560553633218,0.5699588477366254,0.9779814439339557,2.050749711649366,3,psychromonas,0.0722609881292283,psychromonas,Bacteria,,
ralstonia,4,867,1.0,0.7179930795847751,0.9861742293388294,2.8719723183391004,4,ralstonia,0.4481516939537776,ralstonia,Bacteria,0.0,1.0
rathayibacter,3,803,0.9261822376009228,0.6447696139476962,0.9793386826591985,2.1891580161476356,3,rathayibacter,0.4872805529200331,rathayibacter,Bacteria,,
reichenbachiella,4,867,1.0,0.7179930795847751,0.9861742293388294,2.8719723183391004,4,reichenbachiella,0.035073498240457,reichenbachiella,Bacteria,,
rheinheimera,4,867,1.0,0.7179930795847751,0.9861742293388294,2.8719723183391004,4,rheinheimera,0.2830456611953502,rheinheimera,Bacteria,,
rhizobium,4,867,1.0,0.7179930795847751,0.9861742293388294,2.8719723183391004,4,rhizobium,0.4331864249652429,rhizobium,Bacteria,0.0,1.0
rhodanobacter,4,867,1.0,0.7179930795847751,0.9861742293388294,2.8719723183391004,4,rhodanobacter,0.415126891677461,rhodanobacter,Bacteria,,
rhodobaca,4,867,1.0,0.7179930795847751,0.9861742293388294,2.8719723183391004,4,rhodobaca,0.1490469132326413,,Bacteria,0.0,1.0
rhodobacter,4,867,1.0,0.7179930795847751,0.9861742293388294,2.8719723183391004,4,rhodobacter,0.259864690990559,rhodobacter,Bacteria,,
rhodoblastus,2,749,0.8638985005767013,0.4857587894971073,0.9718890883941397,1.4382929642445212,2,rhodoblastus,0.5750626298841353,rhodoblastus,Bacteria,,
rhodococcus,4,867,1.0,0.7179930795847751,0.9861742293388294,2.8719723183391004,4,rhodococcus,0.3891188124917095,rhodococcus,Bacteria,,
rhodocytophaga,4,867,1.0,0.7179930795847751,0.9861742293388294,2.8719723183391004,4,rhodocytophaga,0.3424853166222771,rhodocytophaga,Bacteria,,
rhodopila,3,827,0.9538638985005767,0.5894800483675937,0.9813914120752875,2.121107266435986,3,rhodopila,0.5203131196751969,rhodopila,Bacteria,,
rhodopirellula,4,867,1.0,0.7179930795847751,0.9861742293388294,2.8719723183391004,4,rhodopirellula,0.0779419413538587,rhodopirellula,Bacteria,,
rhodoplanes,4,867,1.0,0.7179930795847751,0.9861742293388294,2.8719723183391004,4,rhodoplanes,0.467008279803082,rhodoplanes,Bacteria,,
rhodovibrio,2,809,0.9331026528258363,0.48805109188298307,0.9825446275838122,1.5040369088811996,2,rhodovibrio,0.2847810550040558,rhodovibrio,Bacteria,,
rhodovulum,3,827,0.9538638985005767,0.5894800483675937,0.9813914120752875,2.121107266435986,3,rhodovulum,0.1489879946345859,rhodovulum,Bacteria,,
rickettsia,4,867,1.0,0.7179930795847751,0.9861742293388294,2.8719723183391004,4,rickettsia,0.4778088235430064,rickettsia,Bacteria,,
riemerella,3,803,0.9261822376009228,0.6447696139476962,0.9793386826591985,2.1891580161476356,3,riemerella,0.205125218776016,riemerella,Bacteria,,
rikenella,2,787,0.9077277970011534,0.5419313850063533,0.9802751059369579,1.572087658592849,2,rikenella,0.1476993410306273,rikenella,Bacteria,,
rivularia,3,827,0.9538638985005767,0.5894800483675937,0.9813914120752875,2.121107266435986,3,rivularia,0.1514358661577481,rivularia,Bacteria,,
robiginitalea,3,860,0.9919261822376009,0.6227713178294574,0.9882456584935019,2.2549019607843137,3,robiginitalea,0.0623584865856656,robiginitalea,Bacteria,,
robinsoniella,2,717,0.8269896193771626,0.46931659693165967,0.9652768922293549,1.3679354094579008,2,robinsoniella,0.243921637308344,robinsoniella,Bacteria,,
roseburia,4,867,1.0,0.7179930795847751,0.9861742293388294,2.8719723183391004,4,roseburia,0.1178798646869575,roseburia,Bacteria,,
roseivirga,4,867,1.0,0.7179930795847751,0.9861742293388294,2.8719723183391004,4,roseivirga,0.0596422181929121,roseivirga,Bacteria,,
roseivivax,3,860,0.9919261822376009,0.6227713178294574,0.9882456584935019,2.2549019607843137,3,roseivivax,0.1551485433706518,roseivivax,Bacteria,,
roseobacter,4,867,1.0,0.7179930795847751,0.9861742293388294,2.8719723183391004,4,roseobacter,0.0196602097868393,roseobacter,Bacteria,0.0,1.0
roseococcus,4,867,1.0,0.7179930795847751,0.9861742293388294,2.8719723183391004,4,roseococcus,0.3573804532953137,roseococcus,Bacteria,,
roseomonas,4,867,1.0,0.7179930795847751,0.9861742293388294,2.8719723183391004,4,roseomonas,0.3788955606838244,roseomonas,Bacteria,0.0,1.0
roseovarius,4,867,1.0,0.7179930795847751,0.9861742293388294,2.8719723183391004,4,roseovarius,0.1039933091213772,roseovarius,Bacteria,,
rothia,4,867,1.0,0.7179930795847751,0.9861742293388294,2.8719723183391004,4,rothia,0.2038119406592938,rothia,Bacteria,,
rubellimicrobium,4,867,1.0,0.7179930795847751,0.9861742293388294,2.8719723183391004,4,rubellimicrobium,0.2859560354470342,rubellimicrobium,Bacteria,0.0,1.0
rubidimonas,4,867,1.0,0.7179930795847751,0.9861742293388294,2.8719723183391004,4,rubidimonas,0.0976477200590855,,Bacteria,,
rubricoccus,4,867,1.0,0.7179930795847751,0.9861742293388294,2.8719723183391004,4,rubricoccus,0.0618510477355607,rubricoccus,Bacteria,,
rubritalea,4,867,1.0,0.7179930795847751,0.9861742293388294,2.8719723183391004,4,rubritalea,0.1135959637203219,rubritalea,Bacteria,,
rubrobacter,4,867,1.0,0.7179930795847751,0.9861742293388294,2.8719723183391004,4,rubrobacter,0.1917892200363266,rubrobacter,Bacteria,,
rudanella,4,867,1.0,0.7179930795847751,0.9861742293388294,2.8719723183391004,4,rudanella,0.449685653391952,rudanella,Bacteria,,
ruegeria,2,704,0.81199538638985,0.44957386363636365,0.9618559291207517,1.2998846597462514,2,ruegeria,0.0387840387466043,ruegeria,Bacteria,,
ruminobacter,2,787,0.9077277970011534,0.5419313850063533,0.9802751059369579,1.572087658592849,2,ruminobacter,0.2249960362634488,ruminobacter,Bacteria,,
ruminococcus,4,867,1.0,0.7179930795847751,0.9861742293388294,2.8719723183391004,4,ruminococcus,0.1807840009650335,ruminococcus,Bacteria,,
rummeliibacillus,4,867,1.0,0.7179930795847751,0.9861742293388294,2.8719723183391004,4,rummeliibacillus,0.3034606164914669,rummeliibacillus,Bacteria,,
runella,4,867,1.0,0.7179930795847751,0.9861742293388294,2.8719723183391004,4,runella,0.1931968370937106,runella,Bacteria,,
saccharibacillus,3,803,0.9261822376009228,0.6447696139476962,0.9793386826591985,2.1891580161476356,3,saccharibacillus,0.3469527715895031,saccharibacillus,Bacteria,,
saccharibacter,3,803,0.9261822376009228,0.6447696139476962,0.9793386826591985,2.1891580161476356,3,saccharibacter,0.2302163276673753,saccharibacter,Bacteria,,
saccharomonospora,3,803,0.9261822376009228,0.6447696139476962,0.9793386826591985,2.1891580161476356,3,saccharomonospora,0.3673162132090286,saccharomonospora,Bacteria,-1.0562572585642247,-0.731166197851928
saccharopolyspora,3,803,0.9261822376009228,0.6447696139476962,0.9793386826591985,2.1891580161476356,3,saccharopolyspora,0.3185551656770693,saccharopolyspora,Bacteria,,
saccharothrix,4,867,1.0,0.7179930795847751,0.9861742293388294,2.8719723183391004,4,saccharothrix,0.3052196023025015,,Bacteria,,
salegentibacter,4,867,1.0,0.7179930795847751,0.9861742293388294,2.8719723183391004,4,salegentibacter,0.2345270879209376,salegentibacter,Bacteria,,
salinibacterium,4,867,1.0,0.7179930795847751,0.9861742293388294,2.8719723183391004,4,salinibacterium,0.4382280371909137,,Bacteria,,
salinicoccus,4,867,1.0,0.7179930795847751,0.9861742293388294,2.8719723183391004,4,salinicoccus,0.132489251410708,salinicoccus,Bacteria,,
salinimicrobium,3,810,0.9342560553633218,0.5699588477366254,0.9779814439339557,2.050749711649366,3,salinimicrobium,0.1850184128246214,salinimicrobium,Bacteria,,
salinisphaera,4,867,1.0,0.7179930795847751,0.9861742293388294,2.8719723183391004,4,salinisphaera,0.1106602512735535,salinisphaera,Bacteria,,
sandaracinobacter,2,809,0.9331026528258363,0.48805109188298307,0.9825446275838122,1.5040369088811996,2,sandaracinobacter,0.2510342599246873,,Bacteria,,
sanguibacter,4,867,1.0,0.7179930795847751,0.9861742293388294,2.8719723183391004,4,sanguibacter,0.4248915230580129,sanguibacter,Bacteria,,
saprospira,4,867,1.0,0.7179930795847751,0.9861742293388294,2.8719723183391004,4,saprospira,0.149460386356701,saprospira,Bacteria,,
scardovia,2,787,0.9077277970011534,0.5419313850063533,0.9802751059369579,1.572087658592849,2,scardovia,0.3056098048965573,scardovia,Bacteria,,
sciscionella,3,803,0.9261822376009228,0.6447696139476962,0.9793386826591985,2.1891580161476356,3,sciscionella,0.5057085918207043,sciscionella,Bacteria,,
scytonema,2,785,0.9054209919261822,0.4647558386411889,0.9777451966543141,1.433679354094579,2,scytonema,0.3295365320886858,scytonema,Bacteria,,
sebaldella,2,787,0.9077277970011534,0.5419313850063533,0.9802751059369579,1.572087658592849,2,sebaldella,0.2155717939628539,sebaldella,Bacteria,,
sediminibacterium,4,867,1.0,0.7179930795847751,0.9861742293388294,2.8719723183391004,4,sediminibacterium,0.3759232042250492,sediminibacterium,Bacteria,,
sediminicola,3,860,0.9919261822376009,0.6227713178294574,0.9882456584935019,2.2549019607843137,3,sediminicola,0.1345931846024923,sediminicola,Bacteria,,
segetibacter,4,867,1.0,0.7179930795847751,0.9861742293388294,2.8719723183391004,4,segetibacter,0.3007658011263273,segetibacter,Bacteria,,
selenomonas,4,867,1.0,0.7179930795847751,0.9861742293388294,2.8719723183391004,4,selenomonas,0.1546325602890947,selenomonas,Bacteria,,
serratia,2,787,0.9077277970011534,0.5419313850063533,0.9802751059369579,1.572087658592849,2,serratia,0.2314100951591843,serratia,Bacteria,,
sharpea,2,787,0.9077277970011534,0.5419313850063533,0.9802751059369579,1.572087658592849,2,sharpea,0.1391876797062744,sharpea,Bacteria,,
shewanella,4,867,1.0,0.7179930795847751,0.9861742293388294,2.8719723183391004,4,shewanella,0.1184840290549999,shewanella,Bacteria,,
shimazuella,3,803,0.9261822376009228,0.6447696139476962,0.9793386826591985,2.1891580161476356,3,shimazuella,0.5405468490622726,shimazuella,Bacteria,,
shuttleworthia,2,787,0.9077277970011534,0.5419313850063533,0.9802751059369579,1.572087658592849,2,shuttleworthia,0.2215984776524909,shuttleworthia,Bacteria,,
simkania,4,867,1.0,0.7179930795847751,0.9861742293388294,2.8719723183391004,4,simkania,0.1539568355651288,simkania,Bacteria,,
simplicispira,3,860,0.9919261822376009,0.6227713178294574,0.9882456584935019,2.2549019607843137,3,simplicispira,0.400234257050234,,Bacteria,,
singulisphaera,3,827,0.9538638985005767,0.5894800483675937,0.9813914120752875,2.121107266435986,3,singulisphaera,0.449287259699033,singulisphaera,Bacteria,,
sinomonas,3,803,0.9261822376009228,0.6447696139476962,0.9793386826591985,2.1891580161476356,3,sinomonas,0.4621842439266184,sinomonas,Bacteria,,
sinorhizobium,4,867,1.0,0.7179930795847751,0.9861742293388294,2.8719723183391004,4,sinorhizobium,0.2963866549752783,sinorhizobium,Bacteria,0.0,1.0
siphonobacter,3,803,0.9261822376009228,0.6447696139476962,0.9793386826591985,2.1891580161476356,3,siphonobacter,0.3815580033965267,siphonobacter,Bacteria,,
skermanella,4,867,1.0,0.7179930795847751,0.9861742293388294,2.8719723183391004,4,skermanella,0.3945877479272145,skermanella,Bacteria,0.0,1.0
slackia,2,787,0.9077277970011534,0.5419313850063533,0.9802751059369579,1.572087658592849,2,slackia,0.1342323972650737,slackia,Bacteria,,
smaragdicoccus,3,803,0.9261822376009228,0.6447696139476962,0.9793386826591985,2.1891580161476356,3,smaragdicoccus,0.6495025987605639,smaragdicoccus,Bacteria,,
sneathia,2,787,0.9077277970011534,0.5419313850063533,0.9802751059369579,1.572087658592849,2,sneathia,0.224955254451604,sneathia,Bacteria,,
solibacillus,4,867,1.0,0.7179930795847751,0.9861742293388294,2.8719723183391004,4,solibacillus,0.3751203111947084,solibacillus,Bacteria,,
solitalea,2,749,0.8638985005767013,0.4857587894971073,0.9718890883941397,1.4382929642445212,2,solitalea,0.5792422240698991,solitalea,Bacteria,,
sorangium,4,867,1.0,0.7179930795847751,0.9861742293388294,2.8719723183391004,4,sorangium,0.3792975304958861,sorangium,Bacteria,,
sphaerisporangium,2,749,0.8638985005767013,0.4857587894971073,0.9718890883941397,1.4382929642445212,2,sphaerisporangium,0.3293810562032038,sphaerisporangium,Bacteria,,
sphingobacterium,4,867,1.0,0.7179930795847751,0.9861742293388294,2.8719723183391004,4,sphingobacterium,0.330081380285052,sphingobacterium,Bacteria,,
sphingobium,4,867,1.0,0.7179930795847751,0.9861742293388294,2.8719723183391004,4,sphingobium,0.479771604083453,sphingobium,Bacteria,,
sphingomonas,4,867,1.0,0.7179930795847751,0.9861742293388294,2.8719723183391004,4,sphingomonas,0.3480854860687105,sphingomonas,Bacteria,0.0,1.0
sphingopyxis,4,867,1.0,0.7179930795847751,0.9861742293388294,2.8719723183391004,4,sphingopyxis,0.3587214452142629,sphingopyxis,Bacteria,0.0,1.0
sphingosinicella,2,809,0.9331026528258363,0.48805109188298307,0.9825446275838122,1.5040369088811996,2,sphingosinicella,0.3738161429543976,sphingosinicella,Bacteria,,
spirochaeta,4,867,1.0,0.7179930795847751,0.9861742293388294,2.8719723183391004,4,spirochaeta,0.2409361209795222,,Bacteria,,
spirosoma,4,867,1.0,0.7179930795847751,0.9861742293388294,2.8719723183391004,4,spirosoma,0.2644446383044672,spirosoma,Bacteria,,
spirulina,2,785,0.9054209919261822,0.4647558386411889,0.9777451966543141,1.433679354094579,2,spirulina,0.2355980441018942,spirulina,Bacteria,0.7235757119736144,0.6016765993683071
sporanaerobacter,3,803,0.9261822376009228,0.6447696139476962,0.9793386826591985,2.1891580161476356,3,sporanaerobacter,0.250062072147161,sporanaerobacter,Bacteria,-0.9864144474623098,-0.6104988458737314
sporobacter,4,867,1.0,0.7179930795847751,0.9861742293388294,2.8719723183391004,4,sporobacter,0.1612329585426136,sporobacter,Bacteria,,
sporocytophaga,4,867,1.0,0.7179930795847751,0.9861742293388294,2.8719723183391004,4,sporocytophaga,0.3677175564831452,sporocytophaga,Bacteria,,
sporolactobacillus,3,803,0.9261822376009228,0.6447696139476962,0.9793386826591985,2.1891580161476356,3,sporolactobacillus,0.3420426404047709,sporolactobacillus,Bacteria,,
sporomusa,4,867,1.0,0.7179930795847751,0.9861742293388294,2.8719723183391004,4,sporomusa,0.27815969424214,sporomusa,Bacteria,,
sporosarcina,4,867,1.0,0.7179930795847751,0.9861742293388294,2.8719723183391004,4,sporosarcina,0.3925413689798017,sporosarcina,Bacteria,,
sporotomaculum,2,749,0.8638985005767013,0.4857587894971073,0.9718890883941399,1.4382929642445212,2,sporotomaculum,0.2232031413413912,sporotomaculum,Bacteria,,
stanieria,3,810,0.9342560553633218,0.5699588477366254,0.9779814439339557,2.050749711649366,3,stanieria,0.1056478829294883,stanieria,Bacteria,,
staphylococcus,4,867,1.0,0.7179930795847751,0.9861742293388294,2.8719723183391004,4,staphylococcus,0.1106901575534684,staphylococcus,Bacteria,,
stenotrophomonas,4,867,1.0,0.7179930795847751,0.9861742293388294,2.8719723183391004,4,stenotrophomonas,0.2831990316080918,stenotrophomonas,Bacteria,,
steroidobacter,4,867,1.0,0.7179930795847751,0.9861742293388294,2.8719723183391004,4,steroidobacter,0.6138022252674499,steroidobacter,Bacteria,,
streptacidiphilus,4,867,1.0,0.7179930795847751,0.9861742293388294,2.8719723183391004,4,streptacidiphilus,0.430151869159695,streptacidiphilus,Bacteria,,
streptobacillus,2,787,0.9077277970011534,0.5419313850063533,0.9802751059369579,1.572087658592849,2,streptobacillus,0.2143370560716949,streptobacillus,Bacteria,,
streptococcus,4,867,1.0,0.7179930795847751,0.9861742293388294,2.8719723183391004,4,streptococcus,0.1044894937987895,streptococcus,Bacteria,,
streptomyces,4,867,1.0,0.7179930795847751,0.9861742293388294,2.8719723183391004,4,streptomyces,0.3040047164998636,streptomyces,Bacteria,,
streptosporangium,4,867,1.0,0.7179930795847751,0.9861742293388294,2.8719723183391004,4,streptosporangium,0.5467040444797556,streptosporangium,Bacteria,,
succiniclasticum,2,787,0.9077277970011534,0.5419313850063533,0.9802751059369579,1.572087658592849,2,succiniclasticum,0.1220582914897736,succiniclasticum,Bacteria,,
succinivibrio,2,787,0.9077277970011534,0.5419313850063533,0.9802751059369579,1.572087658592849,2,succinivibrio,0.1811302977962852,succinivibrio,Bacteria,,
sulfuricurvum,4,867,1.0,0.7179930795847751,0.9861742293388294,2.8719723183391004,4,sulfuricurvum,0.1784902421134058,sulfuricurvum,Bacteria,,
sulfurimonas,3,860,0.9919261822376009,0.6227713178294574,0.9882456584935019,2.2549019607843137,3,sulfurimonas,0.04519374144774,sulfurimonas,Bacteria,1.6350326879870207,1.6968232158630077
sulfuritalea,3,827,0.9538638985005767,0.5894800483675937,0.9813914120752875,2.121107266435986,3,sulfuritalea,0.154666885117198,sulfuritalea,Bacteria,-0.017018500058917134,-0.17438915814008452
sulfurospirillum,4,867,1.0,0.7179930795847751,0.9861742293388294,2.8719723183391004,4,sulfurospirillum,0.0845250200403809,sulfurospirillum,Bacteria,,
sutterella,3,803,0.9261822376009228,0.6447696139476962,0.9793386826591985,2.1891580161476356,3,sutterella,0.2453431630099448,sutterella,Bacteria,,
symbiobacterium,3,803,0.9261822376009228,0.6447696139476962,0.9793386826591985,2.1891580161476356,3,symbiobacterium,0.3763325512671205,symbiobacterium,Bacteria,-0.9990395873640384,-0.577122670576934
synechococcus,4,867,1.0,0.7179930795847751,0.9861742293388294,2.8719723183391004,4,synechococcus,0.0568117037404862,synechococcus,Bacteria,,
syntrophobacter,3,827,0.9538638985005767,0.5894800483675937,0.9813914120752875,2.121107266435986,3,syntrophobacter,0.0992767506862262,syntrophobacter,Bacteria,,
syntrophomonas,3,827,0.9538638985005767,0.5894800483675937,0.9813914120752875,2.121107266435986,3,syntrophomonas,0.187566567991044,syntrophomonas,Bacteria,,
syntrophus,4,867,1.0,0.7179930795847751,0.9861742293388294,2.8719723183391004,4,syntrophus,0.1585372943803732,syntrophus,Bacteria,,
tannerella,4,867,1.0,0.7179930795847751,0.9861742293388294,2.8719723183391004,4,tannerella,0.2416859899382074,tannerella,Bacteria,,
tatlockia,4,867,1.0,0.7179930795847751,0.9861742293388294,2.8719723183391004,4,tatlockia,0.6580532877488096,tatlockia,Bacteria,,
telmatospirillum,4,867,1.0,0.7179930795847751,0.9861742293388294,2.8719723183391004,4,telmatospirillum,0.2962304340507981,telmatospirillum,Bacteria,,
tenacibaculum,4,867,1.0,0.7179930795847751,0.9861742293388294,2.8719723183391004,4,tenacibaculum,0.0433838008318296,tenacibaculum,Bacteria,,
tepidibacter,4,867,1.0,0.7179930795847751,0.9861742293388294,2.8719723183391004,4,tepidibacter,0.2218402862936423,tepidibacter,Bacteria,,
tepidimicrobium,3,803,0.9261822376009228,0.6447696139476962,0.9793386826591985,2.1891580161476356,3,tepidimicrobium,0.3686637035439388,tepidimicrobium,Bacteria,,
terracoccus,4,867,1.0,0.7179930795847751,0.9861742293388294,2.8719723183391004,4,terracoccus,0.2439111755323169,terracoccus,Bacteria,,
terribacillus,3,803,0.9261822376009228,0.6447696139476962,0.9793386826591985,2.1891580161476356,3,terribacillus,0.4257345201148091,terribacillus,Bacteria,,
terriglobus,4,867,1.0,0.7179930795847751,0.9861742293388294,2.8719723183391004,4,terriglobus,0.6154972197362371,terriglobus,Bacteria,,
tetragenococcus,2,787,0.9077277970011534,0.5419313850063533,0.9802751059369579,1.572087658592849,2,tetragenococcus,0.1582733796561703,tetragenococcus,Bacteria,,
thalassomonas,4,867,1.0,0.7179930795847751,0.9861742293388294,2.8719723183391004,4,thalassomonas,0.0213903466816256,thalassomonas,Bacteria,,
thalassospira,4,867,1.0,0.7179930795847751,0.9861742293388294,2.8719723183391004,4,thalassospira,0.1622171770647713,thalassospira,Bacteria,,
thermacetogenium,2,717,0.8269896193771626,0.46931659693165967,0.9652768922293549,1.3679354094579008,2,thermacetogenium,0.4236314452136953,thermacetogenium,Bacteria,,
thermoactinomyces,4,867,1.0,0.7179930795847751,0.9861742293388294,2.8719723183391004,4,thermoactinomyces,0.4263530738764222,thermoactinomyces,Bacteria,,
thermoanaerobacterium,2,787,0.9077277970011534,0.5419313850063533,0.9802751059369579,1.572087658592849,2,thermoanaerobacterium,0.3728820284648496,thermoanaerobacterium,Bacteria,0.8021607887674338,0.9545503542793257
thermobacillus,4,867,1.0,0.7179930795847751,0.9861742293388294,2.8719723183391004,4,thermobacillus,0.420384950384876,thermobacillus,Bacteria,,
thermoflavimicrobium,2,749,0.8638985005767013,0.4857587894971073,0.9718890883941399,1.4382929642445212,2,thermoflavimicrobium,0.3761154574120186,thermoflavimicrobium,Bacteria,,
thermomonas,3,803,0.9261822376009228,0.6447696139476962,0.9793386826591985,2.1891580161476356,3,thermomonas,0.4819630984230763,thermomonas,Bacteria,,
thermus,3,860,0.9919261822376009,0.6227713178294574,0.9882456584935019,2.2549019607843137,3,thermus,0.2260094808110313,thermus,Bacteria,,
thioalkalivibrio,3,827,0.9538638985005767,0.5894800483675937,0.9813914120752875,2.121107266435986,3,thioalkalivibrio,0.3265503095849045,thioalkalivibrio,Bacteria,,
thiobacillus,4,867,1.0,0.7179930795847751,0.9861742293388294,2.8719723183391004,4,thiobacillus,0.2265832711661883,thiobacillus,Bacteria,,
thiocapsa,2,809,0.9331026528258363,0.48805109188298307,0.9825446275838122,1.5040369088811996,2,thiocapsa,0.1597950805044697,thiocapsa,Bacteria,,
thiofaba,2,809,0.9331026528258363,0.48805109188298307,0.9825446275838122,1.5040369088811996,2,thiofaba,0.1685129909913097,,Bacteria,,
thiothrix,2,787,0.9077277970011534,0.5419313850063533,0.9802751059369579,1.572087658592849,2,thiothrix,0.0980191144655198,thiothrix,Bacteria,,
thiovirga,3,860,0.9919261822376009,0.6227713178294574,0.9882456584935019,2.2549019607843137,3,thiovirga,0.101690695030577,,Bacteria,,
tolumonas,2,749,0.8638985005767013,0.4857587894971073,0.9718890883941399,1.4382929642445212,2,tolumonas,0.2165548506609722,tolumonas,Bacteria,-0.2867458604033912,-0.22838801142046083
treponema,4,867,1.0,0.7179930795847751,0.9861742293388294,2.8719723183391004,4,treponema,0.1421413579193795,treponema,Bacteria,,
trichococcus,2,717,0.8269896193771626,0.46931659693165967,0.9652768922293549,1.3679354094579008,2,trichococcus,0.2291526066003906,trichococcus,Bacteria,,
truepera,4,867,1.0,0.7179930795847751,0.9861742293388294,2.8719723183391004,4,truepera,0.0856200521009528,truepera,Bacteria,,
tuberibacillus,2,787,0.9077277970011534,0.5419313850063533,0.9802751059369579,1.572087658592849,2,tuberibacillus,0.4800912622805174,tuberibacillus,Bacteria,,
turicibacter,4,867,1.0,0.7179930795847751,0.9861742293388294,2.8719723183391004,4,turicibacter,0.5104327277354656,turicibacter,Bacteria,,
turneriella,4,867,1.0,0.7179930795847751,0.9861742293388294,2.8719723183391004,4,turneriella,0.5542307203605537,turneriella,Bacteria,,
uliginosibacterium,4,867,1.0,0.7179930795847751,0.9861742293388294,2.8719723183391004,4,uliginosibacterium,0.2774637826884771,uliginosibacterium,Bacteria,,
ulvibacter,4,867,1.0,0.7179930795847751,0.9861742293388294,2.8719723183391004,4,ulvibacter,0.0407123597774942,ulvibacter,Bacteria,,
ureaplasma,2,787,0.9077277970011534,0.5419313850063533,0.9802751059369579,1.572087658592849,2,ureaplasma,0.100196643221414,ureaplasma,Bacteria,,
ureibacillus,2,787,0.9077277970011534,0.5419313850063533,0.9802751059369579,1.572087658592849,2,ureibacillus,0.3862203809969345,ureibacillus,Bacteria,,
vagococcus,4,867,1.0,0.7179930795847751,0.9861742293388294,2.8719723183391004,4,vagococcus,0.2934428362668546,vagococcus,Bacteria,,
varibaculum,4,867,1.0,0.7179930795847751,0.9861742293388294,2.8719723183391004,4,varibaculum,0.2190829240911056,varibaculum,Bacteria,,
variovorax,4,867,1.0,0.7179930795847751,0.9861742293388294,2.8719723183391004,4,variovorax,0.3888934819197614,variovorax,Bacteria,,
veillonella,4,867,1.0,0.7179930795847751,0.9861742293388294,2.8719723183391004,4,veillonella,0.1526102860278374,veillonella,Bacteria,,
verrucomicrobium,4,867,1.0,0.7179930795847751,0.9861742293388294,2.8719723183391004,4,verrucomicrobium,0.4670630397911234,verrucomicrobium,Bacteria,,
vibrio,4,867,1.0,0.7179930795847751,0.9861742293388294,2.8719723183391004,4,vibrio,0.0922855768876478,vibrio,Bacteria,,
victivallis,2,787,0.9077277970011534,0.5419313850063533,0.9802751059369579,1.572087658592849,2,victivallis,0.2029098798990133,victivallis,Bacteria,,
virgibacillus,3,803,0.9261822376009228,0.6447696139476962,0.9793386826591985,2.1891580161476356,3,virgibacillus,0.2694998058788598,virgibacillus,Bacteria,,
virgisporangium,3,803,0.9261822376009228,0.6447696139476962,0.9793386826591985,2.1891580161476356,3,virgisporangium,0.4965229196606636,virgisporangium,Bacteria,,
vogesella,4,867,1.0,0.7179930795847751,0.9861742293388294,2.8719723183391004,4,vogesella,0.165383384643666,vogesella,Bacteria,,
wautersiella,3,803,0.9261822376009228,0.6447696139476962,0.9793386826591985,2.1891580161476356,3,wautersiella,0.4606769052663724,,Bacteria,-1.0080650462542582,-0.5844924067838945
weeksella,3,860,0.9919261822376009,0.6227713178294574,0.9882456584935019,2.2549019607843137,3,weeksella,0.1868541015233377,weeksella,Bacteria,,
weissella,4,867,1.0,0.7179930795847751,0.9861742293388294,2.8719723183391004,4,weissella,0.1952956069792188,weissella,Bacteria,,
williamsia,4,867,1.0,0.7179930795847751,0.9861742293388294,2.8719723183391004,4,williamsia,0.4882551471419892,williamsia,Bacteria,,
winogradskyella,4,867,1.0,0.7179930795847751,0.9861742293388294,2.8719723183391004,4,winogradskyella,0.049956426792804,winogradskyella,Bacteria,,
wolbachia,3,803,0.9261822376009228,0.6447696139476962,0.9793386826591985,2.1891580161476356,3,wolbachia,0.3191165613837702,wolbachia,Bacteria,,
xanthobacter,2,787,0.9077277970011534,0.5419313850063533,0.9802751059369579,1.572087658592849,2,xanthobacter,0.3276050748884244,xanthobacter,Bacteria,,
xanthomonas,2,787,0.9077277970011534,0.5419313850063533,0.9802751059369579,1.572087658592849,2,xanthomonas,0.3065065602941069,xanthomonas,Bacteria,,
yaniella,2,787,0.9077277970011534,0.5419313850063533,0.9802751059369579,1.572087658592849,2,yaniella,0.1645107635478599,yaniella,Bacteria,0.6375453653276839,0.7971895654553643
yersinia,4,867,1.0,0.7179930795847751,0.9861742293388294,2.8719723183391004,4,yersinia,0.7474298611218776,yersinia,Bacteria,,
zoogloea,4,867,1.0,0.7179930795847751,0.9861742293388294,2.8719723183391004,4,zoogloea,0.1652591270874301,zoogloea,Bacteria,0.0,1.0
zymomonas,4,867,1.0,0.7179930795847751,0.9861742293388294,2.8719723183391004,4,zymomonas,0.2540970950572487,zymomonas,Bacteria,,
