orgId	locusId	sysName	geneName	desc	set1IT050 an_mag_3	set1IT053 carbonsource_all	set1IT055 carbonsource_succinate	set1IT057 150_initial_1	set1IT058 150_initial_2	set1IT059 150_initial_3	set1IT060 150_mag_1	set1IT061 150_mag_2	set1IT062 150_mag_3	set1IT063 150_nonmag_1	set1IT064 150_nonmag_2	set1IT065 150_nonmag_3	set1IT066 30_initial_1	set1IT067 30_initial_2	set1IT068 30_initial_3	set1IT069 30_mag_1	set1IT070 30_mag_2	set1IT071 30_mag_3	set1IT072 30_nonmag_1	set1IT073 30_nonmag_2	set1IT074 30_nonmag_3	set1IT075 without_iron1	set1IT076 without_iron2	set1IT077 without_iron3	set2IT046 30_an_initial_1	set2IT047 30_an_initial_2	set2IT048 30_an_initial_3	set2IT049 30_an_mag_1	set2IT050 30_an_mag_2	set2IT051 30_an_mag_3	set2IT052 30_an_nonmag_1	set2IT053 30_an_nonmag_2	set2IT054 30_an_nonmag_3	set2IT061 150_an_nonmag_1	set2IT062 150_an_nonmag_2	set2IT063 150_an_nonmag_3
Magneto	AMB_RS00010	AMB_RS00010		tRNA uridine-5-carboxymethylaminomethyl(34) synthesis enzyme MnmG	-0.396	-1.634	-2.211	-1.865	-3.461	-2.267	-2.963	-1.180	-1.406	-2.001	-1.460	-2.347	-2.585	-1.507	-2.423	-2.554	-3.266	-3.367	-2.165	-2.472	-3.328	-2.710	-1.954	-4.244	-1.571	-1.292	-1.397	-1.764	-1.868	-1.815	-0.895	-1.494	-1.265	-1.034	-1.174	-1.463
Magneto	AMB_RS00015	AMB_RS00015		16S rRNA (guanine(527)-N(7))-methyltransferase RsmG	0.644	-1.058	1.280	1.495	1.679	1.845	2.507	3.097	0.874	-0.723	-1.096	-0.168	2.648	1.281	1.687	1.011	1.408	0.891	-0.256	0.843	-0.376	1.929	0.443	0.610	-0.865	-0.268	-0.812	0.357	0.601	-0.240	-0.801	-2.902	-3.240	-1.298	-0.261	-0.537
Magneto	AMB_RS00035	AMB_RS00035		hypothetical protein	0.594	0.255	0.037	-1.009	-0.702	-1.221	-1.457	-0.953	-0.861	-1.584	-1.848	-1.100	-0.664	-0.191	-0.621	-0.737	-0.392	-1.179	-0.872	0.628	-0.503	-0.500	-1.405	-0.607	-0.541	0.606	0.311	1.535	1.201	0.266	-1.264	0.282	0.835	0.498	1.009	0.713
Magneto	AMB_RS00045	AMB_RS00045		thioredoxin	-0.257	-0.957	-1.403	0.216	-0.399	-1.417	-0.323	0.522	0.204	-1.794	-0.063	-1.813	0.591	0.682	-0.309	0.346	0.537	0.987	-2.119	-0.280	-1.504	0.304	0.148	0.008	-3.187	-2.094	-2.625	-2.185	-2.438	-1.426	-0.821	-4.503	-3.031	-1.190	-2.717	-1.954
Magneto	AMB_RS00050	AMB_RS00050		ATP-dependent protease	0.053	-0.254	0.342	1.219	1.016	0.733	-0.599	0.242	-0.046	-0.212	3.503	0.096	1.065	0.504	0.211	-0.741	-0.402	0.264	0.880	0.162	0.464	-1.690	0.396	0.153	-0.747	-1.715	-1.524	-2.411	-2.015	-0.895	0.818	0.369	-0.058	0.878	0.487	0.559
Magneto	AMB_RS00060	AMB_RS00060		DUF971 domain-containing protein	1.057	0.661	-0.542	-0.806	-0.196	-0.462	-0.280	-0.907	-0.691	-0.463	-0.940	0.965	-0.014	1.217	0.436	-0.460	0.326	0.255	0.012	-1.143	0.238	0.975	-0.432	0.841	-0.060	-1.430	-0.276	-0.886	-0.933	0.023	-0.947	1.048	0.527	1.103	0.156	-1.217
Magneto	AMB_RS00065	AMB_RS00065		Cys-tRNA(Pro) deacylase	-0.906	0.569	-0.636	-1.568	-0.409	0.449	-0.401	-0.071	0.413	0.269	-0.498	-0.990	-0.439	-1.459	-0.437	-1.117	-0.603	-0.126	-0.506	-1.355	-0.864	-0.584	0.076	-0.808	-0.907	-0.935	-0.284	-1.005	-1.154	-1.062	-0.300	-1.233	-0.279	-1.101	-1.231	-1.044
Magneto	AMB_RS00075	AMB_RS00075		P-II family nitrogen regulator	-0.641	-1.412	-0.492	1.019	0.393	-0.792	-0.916	0.848	0.931	-0.606	-0.208	-0.025	-1.342	-0.902	0.303	-0.531	-0.606	0.165	-0.291	-0.131	-1.107	-1.238	-0.855	-0.464	-1.829	-1.539	-2.079	-2.005	-1.206	-1.908	-0.937	-1.331	-1.152	-0.674	-1.221	-1.418
Magneto	AMB_RS00080	AMB_RS00080		ammonium transporter	0.394	-0.363	-0.100	-0.238	-0.758	-0.825	0.049	0.325	0.740	-1.323	-0.501	-0.110	-0.127	-1.624	-0.694	0.763	-0.182	-1.345	-1.699	-0.721	0.094	-0.335	0.072	-1.118	-1.937	-1.713	-1.651	-1.014	-1.299	-2.186	-0.322	0.325	-0.234	-0.142	0.147	1.405
Magneto	AMB_RS00085	AMB_RS00085		aspartate aminotransferase	1.777	-1.682	0.561	0.182	0.231	-0.068	-0.893	-0.804	0.047	-0.718	0.339	-0.042	-0.103	-0.764	0.657	0.031	-0.824	0.755	-0.087	-0.080	0.344	0.239	0.895	0.718	-1.191	-0.464	-0.209	-0.782	-0.634	-0.613	-0.328	-0.071	0.411	-0.065	-0.539	-0.636
Magneto	AMB_RS00100	AMB_RS00100		exodeoxyribonuclease III	-0.646	-1.870	0.007	2.029	1.462	1.708	1.417	1.202	1.882	0.755	1.015	2.093	1.546	1.556	1.000	1.892	0.257	0.353	0.293	0.694	0.225	1.702	0.857	1.976	-1.769	-1.289	-2.644	-1.785	-2.048	-1.460	-2.521	-2.105	-1.426	-2.627	-1.948	-1.641
Magneto	AMB_RS00115	AMB_RS00115		hypothetical protein	2.126	1.156	0.495	-0.315	-1.239	-0.983	-1.446	-0.873	-0.921	-0.356	-1.500	-1.615	-0.443	-0.216	-0.631	-0.045	0.791	-0.716	0.153	0.369	-1.875	0.427	-0.330	0.035	-1.141	-0.900	-1.284	-1.382	-1.484	-0.914	-0.801	-0.760	-2.498	-0.440	-0.971	-1.014
Magneto	AMB_RS00120	AMB_RS00120		YggS family pyridoxal phosphate-dependent enzyme	-0.462	-1.744	-1.231	-0.912	-0.603	-0.184	-1.030	-0.632	-1.169	0.810	-0.567	0.255	-0.631	-0.936	-0.969	-0.708	-0.456	-1.778	-0.920	-1.631	-1.279	-0.923	-0.933	-0.951	-1.644	0.594	-1.069	1.095	0.817	-1.625	-2.587	-3.605	-3.351	-2.885	-2.658	-3.146
Magneto	AMB_RS00130	AMB_RS00130		tetratricopeptide repeat protein	-0.181	-2.439	-0.471	-1.168	-0.614	-1.760	-1.394	-1.491	-3.041	-0.780	-1.012	-2.617	-1.492	-1.902	-1.176	-2.172	-1.470	-3.326	0.254	-1.354	-1.692	-1.711	-1.166	-1.602	-0.144	-0.437	1.554	1.582	0.988	1.113	0.098	-1.738	-1.309	0.768	-0.458	0.324
Magneto	AMB_RS00160	AMB_RS00160		hypothetical protein	-0.745	-0.888	-0.430	-1.098	0.022	-0.444	-1.114	-0.490	-0.262	-1.629	-1.705	-1.310	-0.585	-0.845	-1.144	0.552	-0.556	-2.361	-3.114	-1.372	-0.793	-0.503	-1.399	-1.400	-0.833	-1.068	-1.750	-0.932	-1.102	-1.138	-0.706	-1.535	-2.544	-1.166	-0.438	-1.376
Magneto	AMB_RS00165	AMB_RS00165		NAD-glutamate dehydrogenase	3.291	-1.621	0.206	0.472	1.074	1.043	1.146	0.916	1.229	-0.145	1.531	0.012	1.361	0.586	0.493	1.399	1.053	0.790	-0.314	0.229	0.711	0.258	-0.431	0.635	-0.984	-0.482	-0.705	-1.457	-1.848	-0.905	-2.186	-1.287	-1.780	0.582	-0.030	-1.773
Magneto	AMB_RS00175	AMB_RS00175		hypothetical protein	-0.582	2.364	-0.388	-0.504	0.341	-1.070	0.019	0.062	0.149	0.272	-0.350	-0.323	0.209	0.804	-1.378	0.897	1.453	-0.392	-0.203	-0.543	-0.488	-0.226	-0.400	-0.060	-1.722	-1.958	-1.821	-1.702	-1.491	-1.813	-0.835	-2.118	-1.903	-1.820	-2.056	-2.134
Magneto	AMB_RS00180	AMB_RS00180		hypothetical protein	-0.890	-3.959	0.570	-1.436	-0.657	-1.519	-1.582	-0.699	-0.502	-2.520	0.206	-2.025	0.540	-2.220	-2.725	-1.305	0.016	-1.497	-3.474	-1.780	-3.895	-3.463	-2.495	-1.792	-2.909	-4.593	-3.997	-2.722	-2.054	-1.842	-0.059	-6.058	-2.970	-2.538	-3.005	-3.384
Magneto	AMB_RS00240	AMB_RS00240		hypothetical protein	0.821	0.460	-0.028	-0.219	0.549	-0.763	-0.044	-0.939	-0.251	-1.245	-1.278	-1.652	-0.759	-0.951	0.331	-2.377	-0.055	0.599	-0.835	-1.422	-2.322	-0.252	0.074	0.309	-0.602	0.279	-0.930	-0.592	-0.095	-0.532	-0.994	-1.719	0.381	-1.227	0.251	-0.143
Magneto	AMB_RS00245	AMB_RS00245		transcriptional activator RfaH	-0.692	-0.232	-1.917	-0.464	-1.219	-0.214	-2.424	0.628	-0.884	-2.147	0.236	-1.827	-0.759	-0.486	0.132	-0.338	0.909	-0.241	-1.004	-1.243	-1.209	-1.021	-0.172	-0.801	-0.753	-0.585	-0.590	-0.243	0.042	-1.971	-1.891	-1.479	-1.780	-1.097	-1.859	-2.429
Magneto	AMB_RS00250	AMB_RS00250		dTDP-4-dehydrorhamnose 3,5-epimerase	0.080	1.073	-0.460	0.013	0.904	-0.432	0.248	0.327	0.054	0.316	0.425	-1.758	-0.189	0.437	0.412	0.562	-0.383	0.534	-0.810	-0.044	0.183	0.511	-0.329	-0.180	-1.668	-1.732	-1.396	-1.549	-1.569	-1.609	-1.733	-2.950	-3.042	-0.857	-0.154	-1.164
Magneto	AMB_RS00255	AMB_RS00255		methyltransferase, TIGR04325 family	-0.580	-0.321	-0.591	-1.829	-1.046	-1.415	-0.569	-0.288	-0.941	-1.484	-1.017	-2.352	-1.329	-0.851	-1.948	-0.921	-0.638	-0.739	-1.731	-1.343	-0.679	-0.564	-1.062	-1.142	-0.821	-0.402	-0.953	-0.306	0.348	-0.254	-0.063	-1.632	-1.620	-1.608	-0.017	-2.121
Magneto	AMB_RS00355	AMB_RS00355		radical SAM protein	-5.220	-11.342	-5.512	-10.241	-9.555	-9.955	-9.327	-9.585	-7.964	-9.808	-4.920	-7.111	-8.310	-8.693	-9.512	-7.256	-6.774	-8.881	-9.705	-7.275	-7.123	-6.575	-6.257	-6.059	-7.987	-6.861	-8.017	-8.164	-7.877	-7.998	-3.923	-4.576	-6.752	-4.771	-5.977	-7.328
Magneto	AMB_RS00410	AMB_RS00410		class I SAM-dependent methyltransferase	0.915	-1.311	-0.355	0.373	-0.297	-1.046	-0.137	0.014	-0.584	-0.053	0.362	0.403	-0.428	-0.025	-0.160	-0.893	0.591	1.143	0.294	0.255	-0.593	-0.343	-0.053	0.160	-1.268	0.115	-1.518	-1.020	-0.187	-1.302	-0.992	-3.092	-2.630	-0.698	-1.767	-1.993
Magneto	AMB_RS00435	AMB_RS00435		B12-binding domain-containing radical SAM protein	-1.407	-2.383	-0.340	-0.391	-0.606	0.446	-0.309	0.273	-0.140	-0.342	-0.144	-1.543	0.050	-0.603	-0.126	-0.084	0.191	1.223	-0.336	-0.296	-0.787	-0.244	-0.435	0.904	-4.058	-2.764	-3.596	-2.646	-1.998	-2.254	-5.423	-8.530	-9.954	-6.071	-4.971	-7.244
Magneto	AMB_RS00450	AMB_RS00450		radical SAM protein	1.866	-0.035	0.211	-0.249	0.060	-0.739	0.322	0.668	1.495	0.637	-1.286	-0.666	0.059	-0.193	0.316	-0.347	0.795	1.448	0.853	1.363	0.133	0.137	-0.615	-0.449	-0.669	-0.701	-0.653	-0.327	0.714	-0.237	-2.102	-1.012	-1.696	-1.012	0.414	-0.096
Magneto	AMB_RS00455	AMB_RS00455		KR domain-containing protein	-1.650	-2.385	-1.479	-2.324	-1.347	-2.319	-2.781	-3.175	-3.079	-0.304	1.126	-0.539	-1.076	-1.476	-1.411	-0.452	-0.923	-1.830	-0.236	0.028	-1.062	-0.562	-0.968	-2.061	-3.151	-2.425	-2.003	-0.818	-0.416	-1.842	-3.556	-6.689	-6.793	-4.900	-3.989	-7.098
Magneto	AMB_RS00470	AMB_RS00470		hypothetical protein	-0.782	-0.429	0.166	0.580	0.043	0.937	0.872	0.196	0.396	-0.318	-0.691	-1.863	0.795	0.646	0.663	0.732	2.208	0.520	0.266	0.535	-0.467	-0.476	0.724	0.627	-2.705	-1.805	-2.163	-1.234	-0.893	-0.704	-6.761	-8.982	-7.624	-3.119	-2.699	-3.656
Magneto	AMB_RS00475	AMB_RS00475		MBOAT family protein	-0.376	-0.086	-0.158	0.601	0.963	0.258	0.128	0.410	0.742	-0.277	-0.902	-1.404	0.797	0.731	0.675	0.815	1.257	-0.701	-0.620	1.419	0.083	-0.204	0.614	0.270	-3.330	-2.093	-2.589	-1.479	-0.902	-1.402	-3.525	-7.608	-7.519	-3.327	-2.135	-4.282
Magneto	AMB_RS00480	AMB_RS00480		methyltransferase domain-containing protein	0.139	1.122	-1.063	-2.114	-1.912	-0.786	-2.461	-1.880	-1.768	-5.616	-3.858	-6.086	-2.357	-2.985	-0.832	-0.995	-1.208	-1.137	-3.769	-2.360	-3.010	-1.312	-1.988	-1.828	-1.295	0.280	-0.012	0.130	1.610	0.438	-2.351	-2.057	-2.805	-2.688	-2.372	-2.716
Magneto	AMB_RS00485	AMB_RS00485		hypothetical protein	1.021	2.588	-0.720	0.135	-1.187	0.467	0.818	0.421	0.214	-1.180	-0.758	-1.365	-0.403	-0.155	0.196	0.095	1.067	0.488	-2.331	-1.671	-1.758	0.052	0.148	0.002	-1.570	0.082	-1.354	-0.432	0.134	-0.254	-1.399	-3.150	-5.360	-1.370	-1.343	-1.698
Magneto	AMB_RS00490	AMB_RS00490		hypothetical protein	3.483	2.657	-1.731	-1.137	-0.854	-0.073	0.654	0.221	0.879	-1.691	-1.102	-3.005	0.008	-1.056	0.491	0.626	1.522	0.598	-2.971	-1.508	-2.038	-0.050	-0.245	-0.703	-2.253	-0.727	-1.368	-0.641	0.447	0.468	-4.057	-5.039	-4.431	-2.799	-2.027	-2.737
Magneto	AMB_RS00580	AMB_RS00580		glycosyltransferase	-0.364	-1.864	-1.518	-0.757	-1.329	-0.582	-0.249	-0.161	-0.907	-0.936	-1.499	-2.397	-0.754	-0.389	-1.327	0.885	-0.347	1.461	0.397	0.325	-0.522	-1.084	0.228	-0.712	-0.240	-0.243	-0.371	-0.123	0.600	-0.540	0.803	2.097	2.829	-0.449	-0.291	-0.114
Magneto	AMB_RS00585	AMB_RS00585		hypothetical protein	0.572	0.728	-0.351	-0.278	0.401	-0.735	0.368	-0.169	-0.425	0.121	0.026	-0.580	0.102	-0.985	-0.500	-1.004	-0.519	-0.607	-0.542	0.684	-0.571	-0.414	-0.813	0.234	0.526	0.675	0.429	1.001	1.042	0.773	2.474	3.895	3.004	3.379	2.672	0.796
Magneto	AMB_RS00590	AMB_RS00590		radical SAM protein	-1.596	0.722	-0.112	-0.016	-0.484	0.067	-0.297	0.375	0.357	-0.160	0.399	0.663	0.470	0.260	0.041	-0.087	-0.092	-0.679	1.157	0.312	-0.451	0.164	-0.474	-0.543	0.007	0.674	0.917	0.786	0.355	0.606	-0.387	1.381	0.621	-0.264	-0.324	-0.059
Magneto	AMB_RS00595	AMB_RS00595		B12-binding domain-containing radical SAM protein	-1.977	0.315	-0.520	-1.021	-0.600	-0.044	-0.766	-0.925	-0.941	0.613	2.277	0.350	-1.470	-1.367	-0.480	-1.877	-0.356	-1.298	0.155	-0.554	-0.471	-3.401	-1.260	-1.044	-0.068	-0.521	0.966	0.016	-0.171	0.824	2.887	4.028	2.616	0.703	0.037	1.680
Magneto	AMB_RS00600	AMB_RS00600		asparagine synthase (glutamine-hydrolyzing)	-0.683	-0.828	-0.476	0.790	0.208	-0.852	0.017	-1.332	0.519	3.035	0.125	3.136	0.585	-0.201	-0.135	-0.511	1.275	-0.542	2.708	2.039	2.553	-1.092	0.691	-0.343	0.390	1.467	0.729	0.181	-0.214	0.160	4.971	5.915	3.948	2.885	3.647	2.147
Magneto	AMB_RS00605	AMB_RS00605		hypothetical protein	-2.389	0.192	-0.776	-1.676	-1.325	-0.673	-1.436	-0.790	-0.295	-0.515	0.508	1.581	-0.430	-0.481	-0.798	-0.878	-0.402	-0.457	-0.454	-1.338	0.591	-0.084	-0.511	-2.048	-2.479	-2.026	-2.089	-2.410	-2.200	-2.562	-1.326	0.052	0.225	0.301	0.919	-1.492
Magneto	AMB_RS00680	AMB_RS00680		3-dehydroquinate synthase	-0.464	0.723	-1.350	-1.283	-1.024	-0.629	-1.240	-0.757	-1.580	-0.770	-0.335	0.628	-0.772	-0.257	-0.041	-0.794	-1.185	-1.044	0.468	-0.959	0.204	-1.004	-0.586	0.342	-0.564	-1.160	0.462	0.145	-0.864	-0.473	0.969	-0.836	-0.636	0.340	-1.158	-0.606
Magneto	AMB_RS00695	AMB_RS00695		gfo/Idh/MocA family oxidoreductase	1.826	-2.096	-0.557	-0.515	-1.432	-2.000	-1.166	-1.919	-2.102	-2.555	-0.644	-1.339	-0.857	-0.414	0.868	-0.217	0.163	-0.779	0.038	1.009	-0.966	-1.023	0.083	-0.610	-1.938	-1.224	-1.745	-1.060	-1.344	-1.279	-1.087	-1.632	-1.690	-0.201	-1.405	-1.708
Magneto	AMB_RS00700	AMB_RS00700		nucleoside-diphosphate sugar epimerase	-0.187	-0.424	-0.819	-1.147	-0.079	-0.682	-0.418	-0.450	-0.378	-2.040	-1.931	-2.382	-0.628	0.350	0.488	0.194	0.579	0.508	-2.704	-0.658	-2.121	-0.490	-0.168	0.297	-0.584	-0.320	0.060	-0.161	-0.095	-0.602	-1.897	-1.474	-3.128	-0.935	0.328	-0.484
Magneto	AMB_RS00705	AMB_RS00705		class I SAM-dependent methyltransferase	0.490	-0.868	-1.937	-0.675	-0.112	-2.025	0.318	-1.018	-0.431	-1.513	-0.788	-2.545	-0.424	-0.951	-1.761	0.238	0.359	-0.572	-2.721	-3.217	-2.931	-0.758	-0.963	-0.793	0.319	1.376	0.592	0.320	1.223	0.973	-1.507	0.392	-1.701	0.841	0.936	0.690
Magneto	AMB_RS00710	AMB_RS00710		cupin domain-containing protein	1.357	-2.137	-2.127	-1.298	-1.312	-1.503	-0.744	-0.907	-0.211	-1.360	-0.685	-1.807	-0.306	-0.595	-0.076	-1.170	0.059	0.572	-2.436	-1.316	-2.733	-0.745	-0.061	-0.168	-1.247	-0.269	-0.944	-0.433	-0.099	-0.758	-2.581	-1.598	-2.897	-3.388	-2.674	-1.693
Magneto	AMB_RS00715	AMB_RS00715		glycosyltransferase family 2 protein	-0.120	-1.617	-0.312	-1.040	-1.159	-0.156	-0.282	-1.012	-1.009	-3.333	0.665	-1.165	-1.970	-1.439	0.421	-0.948	-0.872	-1.013	-1.515	-3.042	-1.789	-1.079	-0.029	-0.863	-1.541	-0.544	-1.263	-1.312	-0.189	-1.957	-0.622	-0.867	-2.081	0.282	-0.334	-0.716
Magneto	AMB_RS00720	AMB_RS00720		hypothetical protein	0.382	0.810	-1.326	0.736	0.458	1.209	0.815	0.954	1.054	0.619	-1.091	0.612	0.508	0.274	0.800	0.557	1.516	0.448	0.311	0.754	0.770	0.004	0.635	0.869	1.070	2.126	1.090	1.097	1.784	1.748	1.123	0.653	0.013	0.309	-0.091	1.071
Magneto	AMB_RS00745	AMB_RS00745		MFS transporter	-0.432	0.707	0.002	-1.926	0.226	-1.480	-0.468	-2.102	-1.482	-2.198	-0.725	-2.508	-2.027	-1.593	-1.259	-0.054	0.914	-0.261	-1.159	1.155	-0.858	1.421	-1.239	-1.166	-0.906	-0.169	-0.042	-0.688	0.538	-0.083	0.627	0.309	0.118	-1.074	-0.408	-0.303
Magneto	AMB_RS00775	AMB_RS00775		DUF2478 domain-containing protein	-1.623	-0.616	0.857	-0.456	0.115	-0.120	1.667	0.610	0.359	0.432	1.923	1.298	0.852	-0.154	0.455	0.113	0.028	0.400	1.260	1.444	1.871	1.288	0.245	-0.072	-0.691	-0.182	-0.826	-0.125	-0.341	-0.345	1.562	0.987	1.289	0.333	-1.453	-0.385
Magneto	AMB_RS00785	AMB_RS00785		hypothetical protein	-0.358	0.930	-0.578	-0.768	-0.233	-0.094	-0.616	0.378	-0.579	-1.453	-0.594	-1.498	0.514	-0.770	-0.710	-0.379	-0.530	1.190	-0.306	-0.087	-1.220	-0.627	-1.037	-0.282	-1.070	0.482	-0.883	-0.217	-0.488	-0.337	-1.944	-0.004	0.166	-0.403	-1.163	-0.083
Magneto	AMB_RS00790	AMB_RS00790		MBOAT family protein	1.451	0.586	-0.523	-0.214	-0.497	0.631	0.162	0.665	0.104	-1.682	-0.471	-2.490	-0.369	-0.891	-0.188	-0.016	-0.452	-0.253	-0.635	-1.451	-0.664	-0.453	-0.336	-0.067	-1.237	0.451	-0.505	-0.508	-0.136	0.392	-0.154	-1.340	-2.039	-1.481	0.744	-0.681
Magneto	AMB_RS00795	AMB_RS00795		LPS biosynthesis protein	0.396	-2.957	-2.571	-6.093	-4.799	-6.548	-5.710	-6.269	-5.157	-7.771	-3.398	-7.445	-4.900	-6.799	-5.537	-4.739	-6.458	-5.684	-6.530	-6.048	-7.722	-4.702	-6.935	-4.842	-4.357	-3.376	-3.705	-3.790	-2.794	-2.906	-5.561	-6.319	-7.424	-3.373	-4.563	-4.166
Magneto	AMB_RS00800	AMB_RS00800		nucleoside-diphosphate-sugar pyrophosphorylase	-0.287	-1.959	-0.981	-5.448	-2.608	-4.712	-2.949	-3.534	-2.812	-6.600	-0.231	-2.584	-2.388	-3.218	-2.277	-3.970	-3.180	-3.195	-4.357	-4.613	-5.118	-2.487	-2.587	-3.797	-1.992	-2.082	-1.535	-0.742	-0.745	-0.933	1.066	-1.475	-1.809	-1.491	-0.096	-0.954
Magneto	AMB_RS00805	AMB_RS00805		haloacid dehalogenase	-0.011	-1.960	-1.923	-5.259	-3.523	-4.362	-4.096	-4.678	-4.614	-7.323	-4.861	-6.209	-4.842	-4.346	-3.790	-4.166	-3.834	-4.268	-6.100	-4.416	-3.998	-3.824	-3.012	-4.379	-3.435	-3.487	-4.310	-3.585	-3.663	-3.255	-6.898	-6.989	-8.563	-3.451	-6.969	-5.446
Magneto	AMB_RS00810	AMB_RS00810		hypothetical protein	-0.876	-1.792	-1.815	-2.917	-4.002	-3.073	-2.682	-3.237	-4.061	-4.087	-0.723	-1.869	-2.628	-2.857	-2.165	-2.140	-2.782	-2.750	-3.530	-2.589	-2.572	-2.264	-2.700	-3.597	-0.899	-0.416	-0.533	-0.795	-0.619	-0.787	-1.546	-3.466	-3.568	-1.207	-2.288	-2.260
Magneto	AMB_RS00815	AMB_RS00815		hypothetical protein	-1.040	-2.344	-1.770	-5.109	-4.606	-5.334	-5.532	-6.698	-5.088	-6.114	-4.157	-6.929	-5.741	-5.447	-5.736	-5.182	-5.609	-5.068	-5.910	-3.893	-4.745	-4.173	-3.920	-4.974	-3.298	-2.592	-3.881	-3.902	-2.649	-4.255	-3.613	-5.144	-6.094	-3.099	-3.352	-5.021
Magneto	AMB_RS00820	AMB_RS00820		GDP-L-fucose synthase	-1.050	-1.867	-0.544	-1.577	-1.185	-0.824	-1.312	-1.876	-3.159	-2.752	-0.584	-2.266	-2.743	-3.360	0.203	-0.567	-2.234	-0.912	-0.923	-0.332	-0.950	-1.259	-2.234	-1.234	-3.841	-3.920	-3.497	-3.835	-3.528	-4.064	-1.733	-2.619	-3.458	-1.984	-2.968	-3.994
Magneto	AMB_RS00830	AMB_RS00830		ammonia monooxygenase	2.173	0.566	0.501	0.236	-0.273	-0.154	-0.505	-0.565	-0.919	-0.663	-0.937	-0.803	-0.276	-0.992	0.214	0.167	-0.468	-1.191	-0.357	0.646	-0.948	-0.639	-0.364	-0.191	0.928	0.805	0.884	1.368	0.472	-0.029	0.173	0.792	-0.240	-0.184	-0.104	-0.908
Magneto	AMB_RS00835	AMB_RS00835		cupin fold metalloprotein, WbuC family	-1.274	-0.737	1.441	-0.063	2.417	2.969	0.745	0.860	1.964	0.704	0.157	1.194	3.066	1.341	1.262	1.003	1.292	0.694	1.581	0.631	0.598	0.896	1.163	0.406	-0.398	-0.492	-1.570	0.868	0.209	-0.073	-0.814	-1.594	0.316	-0.106	-0.559	1.626
Magneto	AMB_RS00840	AMB_RS00840		DUF992 domain-containing protein	-1.402	-0.183	0.549	0.847	0.396	0.492	-0.355	0.479	1.068	0.919	0.482	1.112	0.594	-0.288	-0.614	0.195	1.088	0.167	0.364	0.701	0.481	0.765	0.518	0.628	0.645	0.465	0.212	0.152	-0.145	0.057	0.427	1.229	1.353	2.042	1.588	0.991
Magneto	AMB_RS00845	AMB_RS00845		UDP-N-acetylmuramate--alanine ligase	-0.457	0.996	1.113	1.243	0.078	0.472	-0.797	0.348	-0.734	0.210	0.725	-0.035	0.493	0.525	2.724	0.577	0.563	1.273	0.584	1.057	0.462	1.615	0.405	1.416	1.460	-0.309	0.394	0.193	-0.352	1.390	-0.747	-2.081	0.319	0.558	-1.501	1.920
Magneto	AMB_RS00850	AMB_RS00850		LD-carboxypeptidase	0.387	-1.856	-0.099	-2.291	-2.412	-0.657	-1.230	-1.491	-1.628	0.021	0.768	-0.799	-0.780	-2.550	-0.556	-1.100	-0.433	-1.246	0.763	1.354	0.549	-1.598	-2.565	-2.215	-1.067	-0.153	-1.541	0.172	-0.012	0.638	-0.385	-0.907	-0.458	-1.062	1.206	-1.704
Magneto	AMB_RS00855	AMB_RS00855		helix-turn-helix domain-containing protein	-0.043	-1.472	0.841	-1.982	-1.583	-0.925	-0.005	-0.828	-0.270	-3.904	-2.237	-4.073	-2.395	-2.518	-2.902	-1.094	-1.920	-1.660	-2.527	-2.824	-3.725	-2.627	-2.426	-2.502	1.996	2.599	1.757	2.055	3.049	2.496	-3.426	-0.663	0.236	-0.257	-1.304	-0.760
Magneto	AMB_RS00860	AMB_RS00860		NADH-quinone oxidoreductase subunit F	-0.035	-0.361	0.498	1.078	1.591	0.805	0.115	-0.291	-0.159	1.657	1.281	1.540	0.785	1.506	1.474	-0.807	-0.530	-1.190	1.640	1.690	1.421	1.095	0.714	0.311	0.058	0.365	0.526	-1.303	-0.419	-0.679	0.201	1.107	0.314	1.735	0.367	1.360
Magneto	AMB_RS00865	AMB_RS00865		formate dehydrogenase subunit alpha	0.695	0.385	-0.156	1.635	1.398	1.096	1.221	0.824	-0.490	0.685	1.122	-0.866	0.623	0.807	1.847	0.845	-0.141	0.822	0.561	3.430	0.753	0.376	0.827	0.412	0.637	0.323	1.144	0.543	1.019	0.815	0.569	-0.060	0.888	1.827	2.189	-0.432
Magneto	AMB_RS00875	AMB_RS00875		alpha/beta hydrolase	0.559	1.381	0.796	1.614	0.026	1.070	2.174	1.149	1.617	1.248	-1.341	1.012	2.155	0.083	0.091	0.924	0.074	0.978	-0.175	1.150	0.322	0.322	0.977	0.585	0.192	0.751	1.329	1.248	1.953	0.989	-0.633	0.238	0.481	0.347	1.837	2.320
Magneto	AMB_RS00880	AMB_RS00880		3,4-dehydroadipyl-CoA semialdehyde dehydrogenase	-1.191	1.001	-0.694	0.327	0.996	-0.034	0.616	0.733	0.056	0.715	0.102	-0.153	0.390	0.601	0.032	-0.089	0.301	0.021	1.099	0.618	-0.429	0.881	-0.093	0.589	-0.417	0.117	0.223	-0.430	0.413	0.418	0.166	0.078	-0.793	0.904	-0.425	-0.525
Magneto	AMB_RS00885	AMB_RS00885		2,3-epoxybenzoyl-CoA dihydrolase	1.147	1.030	1.486	1.371	1.394	1.169	1.171	1.889	2.362	0.053	1.177	0.347	-0.014	1.012	1.047	1.247	1.803	0.714	-0.029	0.605	0.571	0.711	1.154	1.191	2.025	2.728	2.792	1.965	2.895	2.770	2.413	1.216	0.048	1.798	1.811	0.157
Magneto	AMB_RS00890	AMB_RS00890		benzoyl-CoA 2,3-epoxidase subunit BoxB	0.146	1.014	1.004	1.057	1.187	1.210	-0.227	0.412	0.522	0.806	0.765	0.968	0.672	0.182	0.151	0.376	-0.854	-0.409	1.222	1.242	0.139	-0.194	0.742	0.737	2.462	2.464	2.183	1.842	2.631	2.126	-1.433	-1.283	-0.596	-0.368	-0.210	0.126
Magneto	AMB_RS00895	AMB_RS00895		benzoyl-CoA 2,3-epoxidase subunit BoxA	1.174	-1.962	-0.916	-0.852	-0.490	0.102	0.147	-0.347	-0.594	-0.708	0.481	-0.634	-1.416	-1.139	-1.291	-0.508	-1.491	-0.150	0.053	0.309	-0.285	-0.342	-1.065	-1.144	-0.120	0.726	0.288	0.252	0.476	0.495	1.333	-0.797	-2.234	-0.519	-0.018	0.054
Magneto	AMB_RS00900	AMB_RS00900		acyl-CoA thioesterase	0.149	-0.913	-0.020	0.539	1.277	0.399	0.930	1.425	1.621	0.910	0.731	-0.953	0.750	1.353	-0.074	-0.352	1.524	0.298	0.529	-0.415	0.806	-0.477	1.603	1.399	-0.147	-0.628	0.039	0.020	-0.361	0.630	-1.645	-0.242	-1.849	-1.524	0.885	0.175
Magneto	AMB_RS00905	AMB_RS00905		2-(1,2-epoxy-1,2-dihydrophenyl)acetyl-CoA isomerase	1.463	0.544	1.430	2.323	2.824	1.957	1.659	2.237	0.753	2.421	2.626	1.430	2.849	1.845	1.781	1.983	0.277	1.455	1.565	1.655	0.487	2.566	0.909	1.091	0.399	0.412	1.560	1.008	0.169	0.671	-0.173	1.240	0.177	1.109	-0.877	-0.752
Magneto	AMB_RS00910	AMB_RS00910		indolepyruvate ferredoxin subunit alpha	-0.405	1.117	0.000	-4.247	-3.786	-2.726	-6.090	-4.978	-4.774	6.554	3.549	6.723	-2.177	-2.083	-2.551	-3.372	-2.760	-3.084	4.461	5.274	4.447	-2.353	-2.459	-1.774	-1.097	-0.261	-0.639	-0.426	-0.536	-0.721	0.109	0.521	0.692	0.381	0.910	0.702
Magneto	AMB_RS00915	AMB_RS00915		indolepyruvate oxidoreductase subunit B	0.042	0.440	0.302	-3.897	-2.227	-2.941	-4.629	-4.373	-3.870	6.340	1.957	4.855	-1.843	-1.477	-0.995	-3.235	-2.422	-2.758	5.199	5.467	3.143	-1.565	-2.858	-2.064	-0.736	-0.112	-0.930	-0.246	-0.387	-0.453	-0.979	1.034	0.974	0.418	-0.662	-1.079
Magneto	AMB_RS00920	AMB_RS00920		secretion protein HlyD	0.422	-0.263	-0.240	0.965	-1.102	-1.019	1.215	-1.034	0.070	0.709	-1.123	0.525	0.485	-0.003	-0.430	0.195	-0.090	0.333	0.539	-1.347	0.823	-0.249	-0.526	0.729	-1.382	-0.849	-0.899	-1.483	-1.404	-2.303	-1.606	-7.089	-4.689	-1.150	-1.173	-1.492
Magneto	AMB_RS00925	AMB_RS00925		ABC transporter ATP-binding protein	-0.094	0.545	-0.985	-0.550	-1.122	-0.787	-0.080	0.365	0.031	-0.971	0.647	-0.213	-0.084	0.148	-0.055	-0.144	0.453	0.119	0.545	-1.433	-0.352	-0.148	-0.070	-0.034	-0.554	-1.690	-0.714	-0.859	-0.849	-0.897	-2.210	-5.876	-3.429	-0.521	-2.120	0.004
Magneto	AMB_RS00930	AMB_RS00930		ABC transporter permease	0.265	-0.134	-0.387	0.065	-0.704	-1.120	-0.260	-1.789	1.470	1.015	0.199	0.424	-0.506	-0.716	-0.675	-0.595	0.803	-0.482	-0.818	-2.127	-1.119	-0.350	-1.104	-0.509	1.200	0.688	0.864	0.052	0.011	-0.005	-2.153	-6.935	-3.355	-0.654	0.285	-0.225
Magneto	AMB_RS00935	AMB_RS00935		methyl-accepting chemotaxis protein	-0.724	0.428	0.048	0.717	1.088	0.805	-0.046	-0.873	0.791	-0.140	-0.155	0.167	0.017	0.836	0.685	0.545	1.538	0.028	0.416	0.293	0.149	-0.036	0.601	-0.373	0.459	0.694	-0.156	1.005	1.269	1.697	0.221	1.175	1.258	-0.137	0.913	-0.554
Magneto	AMB_RS00940	AMB_RS00940		PAS domain S-box protein	-0.007	0.038	0.483	0.210	-0.178	1.420	-0.280	0.142	-0.052	2.085	0.032	1.156	1.016	0.868	0.664	0.089	-0.066	1.455	1.118	0.426	0.810	0.699	0.422	-1.035	1.015	1.682	2.112	1.408	0.793	1.433	1.278	1.517	-0.579	0.245	0.680	0.481
Magneto	AMB_RS00945	AMB_RS00945		hypothetical protein	-0.837	-0.309	0.936	1.766	1.405	1.519	1.139	1.329	2.118	1.370	1.579	1.411	1.340	1.045	1.321	0.925	1.853	1.667	0.964	0.157	2.389	1.629	0.397	1.354	-0.306	0.610	0.589	0.236	0.049	0.047	-1.310	-0.318	-0.324	-0.367	-0.113	-0.239
Magneto	AMB_RS00950	AMB_RS00950		Serine phosphatase RsbU	2.134	0.686	1.457	0.181	0.639	0.982	1.456	1.963	1.010	1.311	1.997	0.716	-0.007	-0.118	0.792	0.671	0.402	1.002	0.174	-1.969	0.861	0.864	0.176	0.654	-0.498	0.253	0.820	1.138	0.510	1.425	-0.070	-0.543	-1.165	0.801	1.279	1.210
Magneto	AMB_RS00960	AMB_RS00960		DNA-binding response regulator	-1.199	-0.256	1.009	1.729	0.642	0.461	1.608	0.696	1.430	0.950	-0.117	0.765	-0.249	1.807	2.207	1.256	0.303	1.313	-0.300	1.130	2.396	-0.063	1.186	0.696	-5.468	-9.878	-8.498	-4.768	-10.410	-8.672	5.616	-6.605	-4.185	-7.394	-8.115	-9.406
Magneto	AMB_RS00965	AMB_RS00965		membrane protein	-0.294	0.218	0.778	-0.651	0.749	0.524	-1.010	0.656	1.099	1.968	1.280	0.642	1.026	0.619	1.232	0.525	-0.641	0.231	0.929	1.344	0.720	0.874	1.130	0.494	-2.942	-1.963	-1.808	-1.614	-1.544	-1.014	-1.038	-1.956	-1.785	-1.202	-1.577	-1.679
Magneto	AMB_RS00970	AMB_RS00970		DUF1924 domain-containing protein	1.323	-0.738	0.605	1.254	2.016	0.628	1.283	0.264	0.450	0.492	1.314	0.372	0.165	-0.561	1.430	1.046	0.125	0.683	0.693	-0.865	1.302	0.196	0.170	1.211	-1.292	-2.659	-1.511	-1.972	-3.573	-2.343	-0.334	-8.558	-6.489	-4.566	-3.711	-7.326
Magneto	AMB_RS00985	AMB_RS00985		D-glycerate dehydrogenase	2.068	2.155	1.747	-1.719	-0.759	-0.907	-0.795	-0.457	-0.475	1.425	1.564	1.325	-0.815	0.018	-0.324	-0.107	0.385	-0.060	1.016	0.595	0.225	0.157	0.649	0.006	2.216	3.659	2.657	2.388	3.145	2.731	-0.426	-2.509	-3.066	-3.302	-1.737	-2.688
Magneto	AMB_RS00990	AMB_RS00990		hypothetical protein	-0.410	-0.279	-1.033	0.115	-1.186	-0.636	0.381	-0.735	0.110	0.284	-0.715	-0.243	0.717	0.081	-0.853	0.485	-0.079	-0.348	-0.907	-1.306	-0.895	-0.235	0.198	-0.337	-1.589	-2.084	-3.532	-2.608	-2.243	-1.586	-0.844	-0.217	-1.360	-0.844	-1.623	-1.060
Magneto	AMB_RS01035	AMB_RS01035		DUF2076 domain-containing protein	-0.580	-0.475	-0.756	-0.350	0.354	0.990	-0.250	0.381	0.913	0.963	-1.401	0.299	0.249	-0.055	-0.443	-0.333	0.083	0.609	-0.400	-1.006	-0.625	-0.002	0.656	-0.331	1.225	0.341	0.732	0.658	0.074	0.373	1.465	0.568	0.214	-0.010	0.590	0.125
Magneto	AMB_RS01045	AMB_RS01045		NADH-quinone oxidoreductase subunit NuoB	3.469	0.489	-0.566	0.016	-0.191	1.808	0.268	1.528	0.611	0.459	-0.240	0.656	0.761	0.347	0.208	0.443	0.739	0.734	-0.041	0.261	0.204	0.056	1.428	0.138	0.944	2.640	0.277	0.841	1.451	1.767	1.528	1.999	1.263	1.581	0.559	1.994
Magneto	AMB_RS01050	AMB_RS01050		hydrogenase expression protein HypE	0.580	-0.079	-0.229	-0.160	-0.597	0.603	-1.121	0.946	0.160	0.800	0.306	0.496	-0.305	-0.071	-0.538	-0.223	0.158	-0.415	0.662	-1.239	0.418	0.273	0.719	0.142	-0.241	0.350	0.423	0.623	0.345	0.581	0.264	0.354	-0.595	0.738	1.431	0.629
Magneto	AMB_RS01055	AMB_RS01055		hydrogenase 4 subunit F	-2.152	0.962	0.027	-0.290	-0.297	-0.848	-1.021	0.045	-0.848	0.167	-0.993	0.039	-0.001	-1.823	-0.232	-0.289	-0.631	0.995	-0.577	-2.880	0.164	-0.076	-0.839	-0.229	0.174	0.368	0.715	0.915	1.253	1.169	0.079	-0.881	1.218	0.475	2.067	1.820
Magneto	AMB_RS01060	AMB_RS01060		hydrogenase-4 component E	-0.973	0.936	0.294	-0.585	-1.261	-0.922	-1.510	-0.753	-0.934	-0.960	-1.220	0.584	-0.694	-0.800	-1.331	-0.814	-2.510	-0.789	-0.364	1.128	-1.130	0.084	-2.301	-0.277	-0.803	-0.348	-0.459	-1.259	-0.556	-1.184	-1.986	-2.226	-0.824	0.701	-1.171	0.033
Magneto	AMB_RS01065	AMB_RS01065		formate hydrogenlyase	-1.142	-0.483	1.336	2.042	0.627	0.725	1.415	-0.046	1.579	-0.024	1.160	1.246	1.640	0.253	-0.054	0.169	1.901	0.892	0.574	-0.490	0.617	0.394	1.841	1.074	-0.271	0.847	-0.578	0.009	-0.105	-0.036	1.619	1.276	0.508	-0.584	-0.308	-0.621
Magneto	AMB_RS01070	AMB_RS01070		hydrogenase 4 subunit B	-1.585	-0.297	1.064	0.112	1.376	-0.257	-0.579	-0.406	-1.398	1.766	1.931	1.205	-0.192	0.042	-0.027	-0.904	-1.469	-0.463	1.513	0.998	1.103	0.781	0.660	0.994	-0.309	0.412	-0.274	-0.564	-0.270	-0.407	1.108	0.550	-0.411	0.772	0.514	0.354
Magneto	AMB_RS01080	AMB_RS01080		exodeoxyribonuclease VII large subunit	-0.421	-0.258	-0.338	-0.313	-0.028	-1.304	-1.249	-2.306	0.424	-0.930	-0.742	0.936	-0.960	-1.031	-0.903	-0.271	-0.613	-0.602	-0.963	-1.611	-1.372	-0.757	-0.665	-1.421	-1.827	-1.790	-1.627	-2.186	-1.815	-2.107	-0.870	-1.044	-0.801	-1.180	-0.182	-0.684
Magneto	AMB_RS01100	AMB_RS01100		potassium/proton antiporter	-0.028	0.975	0.961	-0.160	0.157	1.212	1.127	1.400	0.467	1.299	-1.546	0.594	0.494	-0.517	-0.139	0.742	-0.099	0.695	-0.099	-0.191	-0.803	-1.356	-0.200	-0.337	0.096	1.267	-0.250	0.855	0.262	0.489	0.319	1.130	0.524	0.226	0.854	1.314
Magneto	AMB_RS01105	AMB_RS01105		rhodanese-like domain-containing protein	1.449	-0.500	1.171	1.334	0.266	0.013	1.294	0.799	2.214	1.660	0.718	0.730	0.709	1.585	1.803	0.037	1.740	0.085	0.908	0.963	0.985	0.957	0.422	0.676	0.655	1.114	0.332	0.203	0.723	-0.003	1.412	1.042	0.875	0.222	-1.057	0.533
Magneto	AMB_RS01110	AMB_RS01110		hypothetical protein	-0.475	0.236	-0.606	-0.208	-1.094	-1.399	0.654	0.527	-0.353	-1.231	-0.766	0.204	-0.357	-0.154	-0.711	-0.191	-1.303	0.585	-1.471	-0.072	-0.578	-0.569	-0.614	-0.128	1.098	0.819	0.416	-0.122	-0.330	-0.033	0.519	0.334	-1.826	0.378	-1.186	0.645
Magneto	AMB_RS01115	AMB_RS01115		beta-glucosidase	-0.066	1.707	0.707	-0.461	0.607	-1.029	0.667	-0.166	-0.530	-0.724	1.475	-1.813	0.200	-0.669	-0.745	0.248	0.729	0.326	0.178	0.081	-0.499	-0.145	-0.677	1.036	-0.843	-1.351	-0.921	-1.501	-1.863	-0.934	3.170	-1.005	-0.836	1.522	-0.335	0.602
Magneto	AMB_RS01120	AMB_RS01120		HAMP domain-containing protein	-0.254	1.619	-0.267	0.504	-1.160	0.188	0.347	-0.808	1.512	-0.755	-1.052	-0.838	-0.461	-1.593	-0.570	-1.018	-0.132	-1.326	-0.592	-0.065	-1.114	0.897	-0.814	0.578	0.733	0.353	-0.088	1.548	1.508	1.687	0.447	1.470	-0.209	0.955	-0.846	0.353
Magneto	AMB_RS01130	AMB_RS01130		hypothetical protein	-0.642	-1.106	-1.896	1.049	1.056	0.328	0.451	1.253	0.905	0.978	0.555	0.123	-0.108	-1.087	-1.127	1.218	0.530	0.014	0.337	1.348	-0.017	0.010	0.714	-0.421	-1.261	-0.417	-0.728	-0.716	-0.175	-0.171	0.981	-0.053	-2.476	-1.412	-1.161	-1.005
Magneto	AMB_RS01140	AMB_RS01140		LysR family transcriptional regulator	-0.194	-0.983	0.023	-0.137	-0.629	0.065	0.398	-0.396	0.155	-0.595	0.456	-0.154	-1.018	-0.743	-0.230	0.332	-0.008	-0.666	-0.440	1.279	0.440	-0.584	0.652	-0.056	-1.841	-1.097	-1.590	-0.976	-1.412	-0.861	-0.467	-0.644	-2.779	-1.429	-0.521	-0.379
Magneto	AMB_RS01145	AMB_RS01145		dioxygenase	-1.448	-0.100	0.326	-0.222	-0.205	0.588	-0.699	-0.470	-0.008	-0.739	-1.890	-0.267	0.319	-0.255	0.050	0.571	-0.050	-0.273	-0.738	0.120	0.223	0.769	-0.103	-0.661	-0.168	-0.109	-0.535	-0.398	-0.009	0.265	-3.735	-0.925	0.607	-1.607	-1.245	-0.918
Magneto	AMB_RS01150	AMB_RS01150		hemerythrin	-0.295	-2.283	-0.117	-0.246	-0.532	1.427	-0.708	0.394	0.563	-0.657	1.357	-1.392	1.043	0.244	-0.091	-0.561	0.495	0.167	-0.228	0.420	-0.823	-0.312	0.232	0.134	1.216	0.168	0.130	1.293	0.784	0.638	1.805	0.268	-0.034	0.171	-0.126	0.187
Magneto	AMB_RS01155	AMB_RS01155		hypothetical protein	2.312	0.993	0.096	-0.145	1.560	0.543	-0.587	0.185	0.912	-0.107	-2.194	0.891	0.819	0.149	-0.043	-0.286	0.201	-0.215	-1.217	-0.050	-0.229	0.127	-0.217	0.482	1.779	1.184	0.721	1.345	0.810	1.030	2.810	-1.142	1.127	-1.202	1.772	-0.399
Magneto	AMB_RS01160	AMB_RS01160		glycosyltransferase	-1.710	1.113	0.578	-0.403	-0.109	-0.403	-1.175	-1.824	-1.469	0.595	-1.594	-1.034	-0.818	0.352	-0.608	-1.530	0.182	-1.422	-0.839	-0.890	-1.099	-0.466	-0.350	-0.336	-1.204	-1.307	-1.021	-0.629	-0.585	-0.957	-0.791	-1.976	-1.006	-3.037	-2.980	-3.469
Magneto	AMB_RS01165	AMB_RS01165		hypothetical protein	-0.694	-0.204	-1.162	-0.136	-0.739	-1.321	-0.984	-1.314	-0.090	-0.223	-1.816	-0.800	-1.087	-1.426	-0.260	-1.535	-1.042	-2.249	0.119	-0.543	0.165	0.127	-0.124	-0.239	-0.502	-0.520	-0.022	-0.445	-0.041	-0.426	0.809	-1.208	-0.031	-0.497	-1.095	-3.085
Magneto	AMB_RS01170	AMB_RS01170		copper export protein	-0.222	-0.276	0.607	0.951	-0.601	1.106	-0.859	1.314	2.001	0.477	-1.436	0.089	1.691	0.199	0.597	-0.076	0.527	0.908	0.845	-0.009	1.609	-0.879	-0.235	0.516	0.167	1.098	0.155	0.332	0.357	0.702	0.348	-0.188	-0.019	0.653	-3.067	0.528
Magneto	AMB_RS01175	AMB_RS01175		C4-dicarboxylate ABC transporter	-2.580	0.025	0.485	0.253	0.868	0.109	1.482	0.228	1.246	-1.197	1.262	-0.612	1.472	0.411	1.359	0.204	1.515	1.420	0.820	1.409	0.646	1.029	0.007	0.280	-0.943	-1.145	-1.118	-0.698	-1.300	-0.359	-1.679	-0.918	0.281	-4.153	-2.603	-4.655
Magneto	AMB_RS01180	AMB_RS01180		dihydrofolate reductase	-0.000	-1.533	1.602	1.010	0.856	1.963	0.645	1.198	0.135	1.104	-0.778	0.852	1.299	3.501	0.458	1.745	1.832	0.087	-0.487	0.026	0.459	0.711	-0.097	0.285	-0.061	-0.157	0.241	-0.850	0.242	-0.857	-0.768	0.968	-0.574	1.258	1.188	-2.430
Magneto	AMB_RS01185	AMB_RS01185		HD domain-containing protein	0.443	-0.380	-1.290	1.014	4.052	2.508	2.086	2.670	3.091	-6.366	-0.267	-1.355	-1.027	-3.109	-1.090	2.770	1.616	2.972	1.460	-1.724	-1.189	-0.654	-0.308	-2.057	-2.681	0.798	-2.016	1.025	0.823	-0.576	-2.516	-1.696	-0.934	0.564	0.652	1.946
Magneto	AMB_RS01190	AMB_RS01190		UbiD family decarboxylase	-1.868	-11.237	0.878	-6.663	-4.318	-6.970	-6.075	-8.407	-6.680	-2.247	-1.366	-1.640	-6.909	-6.881	-5.870	-5.456	-8.416	-7.519	-2.029	0.973	-4.539	-7.883	-6.253	-5.350	-5.315	-6.427	-4.476	-5.478	-5.811	-4.495	-2.493	-5.290	-3.930	-5.061	-5.929	-6.026
Magneto	AMB_RS01195	AMB_RS01195		DUF4237 domain-containing protein	-0.072	-0.169	-0.487	-0.070	0.156	-1.472	-1.702	0.774	-0.488	-1.267	-0.924	-0.207	-1.657	-0.531	1.253	1.076	0.929	0.334	-1.502	0.103	0.638	0.337	0.645	-0.062	-2.129	-1.807	-2.541	-1.705	-1.903	-1.757	0.258	-1.323	-2.855	-2.032	-1.898	-0.244
Magneto	AMB_RS01200	AMB_RS01200		DUF4237 domain-containing protein	2.545	2.104	0.026	0.236	0.460	-0.619	-0.172	-0.997	0.577	-0.673	-0.416	-0.172	0.227	-0.486	-0.554	0.472	-0.543	-1.061	0.043	-0.055	-0.451	0.699	-0.694	0.476	-0.060	0.914	-0.416	-0.347	-0.073	0.074	-0.169	-0.814	0.281	-1.232	0.949	-0.641
Magneto	AMB_RS01215	AMB_RS01215		pyruvate carboxylase	-0.318	-0.135	0.879	0.007	1.175	0.886	0.398	0.599	0.542	0.631	-0.595	0.804	1.229	0.334	0.526	0.779	0.688	0.208	0.789	0.874	0.621	0.736	-0.169	0.908	0.295	0.616	-0.307	-0.245	0.066	-0.291	0.383	-0.620	-0.786	0.285	-0.292	-0.054
Magneto	AMB_RS01220	AMB_RS01220		hypothetical protein	-0.935	0.365	-1.080	0.171	0.482	0.815	0.507	-0.668	0.423	0.139	1.063	-0.776	0.491	0.177	-0.019	0.206	0.000	0.196	-0.117	-0.498	-0.360	-0.145	0.476	-0.563	0.542	0.461	0.369	0.042	-0.233	0.091	-1.502	-0.782	-0.862	0.460	0.548	1.464
Magneto	AMB_RS01225	AMB_RS01225		tRNA pseudouridine(38-40) synthase TruA	-0.978	-0.254	2.353	0.737	0.885	-0.282	-0.172	-0.566	0.883	1.091	-1.053	0.718	0.911	-0.569	-0.212	-0.406	-0.421	-1.408	1.388	-0.420	-0.896	0.011	-0.618	-3.126	-1.103	-0.894	-1.307	-1.214	-1.378	-2.108	0.097	-1.209	0.169	-0.387	-0.092	0.271
Magneto	AMB_RS01240	AMB_RS01240		16S rRNA (uracil(1498)-N(3))-methyltransferase	3.677	0.025	-0.329	1.097	-1.126	-1.645	0.698	0.601	0.668	0.522	0.597	0.219	-0.064	-0.836	-0.727	-0.490	-0.174	0.112	0.779	-0.005	-0.582	-0.068	0.129	-0.496	2.057	2.960	1.049	2.681	2.459	2.260	0.887	2.960	1.562	0.898	1.069	3.344
Magneto	AMB_RS01245	AMB_RS01245		methyl-accepting chemotaxis protein	-1.971	1.027	1.374	0.737	1.719	0.856	0.962	1.478	1.668	2.178	0.843	2.265	1.325	0.876	-0.011	1.032	1.280	0.044	0.825	0.517	-0.171	1.013	0.287	0.934	-1.450	-0.175	-1.234	-1.307	-0.550	-1.540	-0.325	-0.127	0.048	0.320	-1.110	-1.372
Magneto	AMB_RS01250	AMB_RS01250		hypothetical protein	1.441	-1.566	-0.044	-0.275	0.042	0.666	0.491	0.533	0.759	-0.333	-0.038	0.374	-0.015	0.277	0.571	1.276	-0.226	1.118	0.310	0.662	0.224	0.042	0.036	0.189	1.191	0.961	0.514	0.741	0.740	0.750	0.539	0.247	0.205	-0.332	-0.194	1.265
Magneto	AMB_RS01255	AMB_RS01255		7-carboxy-7-deazaguanine synthase	-1.421	0.094	-0.132	-0.506	0.247	-0.310	-0.767	0.185	-1.806	0.619	-0.489	0.829	-0.835	-0.787	-0.184	-0.072	-0.536	-0.639	-0.731	-0.484	-0.970	0.058	0.614	-1.087	0.194	0.850	0.493	-0.825	0.160	-0.281	0.228	1.012	0.484	0.183	1.081	0.310
Magneto	AMB_RS01260	AMB_RS01260		6-carboxytetrahydropterin synthase	2.102	0.633	0.603	0.749	-0.497	-0.090	-0.331	1.934	-0.492	-0.865	0.789	-0.973	-0.722	0.139	0.729	0.959	0.675	0.162	-0.653	-1.363	-0.332	1.812	-0.671	0.465	-0.464	-0.971	-0.970	0.532	-0.145	0.326	0.942	0.446	-0.150	0.753	0.943	0.507
Magneto	AMB_RS01265	AMB_RS01265		LysR family transcriptional regulator	-0.264	-0.216	0.963	2.926	-1.493	-0.637	0.541	1.078	0.295	-0.053	2.029	2.094	2.190	0.038	0.954	0.029	-0.010	0.673	1.011	0.370	1.287	-0.225	0.748	1.114	-1.289	-1.200	-1.255	-1.181	-1.142	-1.173	-0.471	-0.800	-0.749	-0.396	-0.642	-0.865
Magneto	AMB_RS01270	AMB_RS01270		4-oxalomesaconate tautomerase	-1.041	0.065	-0.907	-0.679	-1.641	0.182	-0.423	-0.105	-1.081	-0.320	0.107	-0.413	0.960	-1.069	-0.470	0.344	0.065	0.406	0.069	0.777	-0.182	-0.329	-0.703	-1.635	0.134	0.085	-0.850	-0.762	-0.656	-0.599	-0.719	0.204	0.068	-0.633	0.740	0.228
Magneto	AMB_RS01275	AMB_RS01275		amidohydrolase	-0.447	0.527	0.837	-1.611	-0.767	-1.107	-1.326	-1.437	-0.436	0.680	0.152	0.357	0.091	0.122	-0.270	-0.963	-0.867	-0.637	0.499	0.057	-0.691	0.225	-0.546	-0.278	-0.061	0.617	0.557	0.116	-0.423	0.227	-0.488	-1.107	-0.247	-1.700	-1.590	-0.943
Magneto	AMB_RS01280	AMB_RS01280		4-carboxy-4-hydroxy-2-oxoadipate aldolase/oxaloacetate decarboxylase	0.412	1.137	0.755	-0.549	0.043	-0.522	-0.916	-0.800	-1.114	0.073	-2.615	-0.718	-0.105	-0.256	-0.398	-0.883	0.158	0.056	-0.337	0.415	-0.111	-0.477	0.408	-0.550	0.449	1.121	1.481	0.264	0.358	0.594	0.489	1.256	1.041	-1.654	-0.483	-0.001
Magneto	AMB_RS01285	AMB_RS01285		dehydrogenase	-0.369	-0.067	0.697	-5.008	-3.149	-3.838	-4.894	-4.459	-3.765	-2.708	-2.107	-2.170	-3.293	-2.651	-2.524	-3.433	-2.571	-3.219	-1.567	-1.511	-2.281	-2.168	-2.984	-2.915	2.230	3.956	2.995	2.887	2.758	3.261	-1.376	-0.325	0.089	-1.265	0.244	-1.639
Magneto	AMB_RS01290	AMB_RS01290		2-pyrone-4,6-dicarboxylate hydrolase	1.455	-0.284	1.176	-1.894	-2.248	-1.241	-1.717	-1.839	-1.858	-0.697	-0.712	-0.280	-1.199	-0.775	-1.046	-1.495	-0.279	-1.085	-0.264	-1.029	-1.354	-1.208	-1.386	-0.773	0.309	0.464	0.540	-0.234	0.141	0.009	-1.252	-0.258	0.797	-3.386	-0.182	-0.756
Magneto	AMB_RS01295	AMB_RS01295		gfo/Idh/MocA family oxidoreductase	1.991	-0.264	-0.159	-1.467	-0.349	-0.705	-0.612	-1.818	0.097	-0.891	0.184	-1.073	0.490	-0.480	0.082	-0.377	-0.557	-0.881	1.125	-0.016	-0.851	-0.759	-1.693	-0.244	-0.162	-1.285	-0.683	-0.400	-0.802	-0.748	-1.248	-0.643	-1.817	-1.758	-0.486	-0.959
Magneto	AMB_RS01300	AMB_RS01300		aldo/keto reductase	-1.875	0.012	0.210	-4.136	-2.655	-3.232	-3.204	-3.882	-4.143	-2.157	-0.801	-1.930	-2.528	-1.356	-1.736	-2.608	-2.426	-2.646	-1.664	-1.166	-1.110	-1.462	-1.716	-1.759	1.263	0.091	0.802	0.463	1.091	0.194	0.052	-1.951	-1.006	-0.726	0.355	-0.762
Magneto	AMB_RS01305	AMB_RS01305		protocatechuate 4,5-dioxygenase subunit alpha	-0.940	-0.214	3.676	-6.902	-5.158	-6.552	-5.697	-5.059	-5.261	-4.313	-3.069	-3.881	-4.282	-4.429	-3.179	-4.668	-4.153	-3.767	-2.901	-3.782	-2.161	-5.008	-4.442	-4.309	1.469	2.954	1.205	2.114	3.428	2.265	-1.058	-1.997	-2.692	-2.753	-1.508	-3.512
Magneto	AMB_RS01310	AMB_RS01310		protocatechuate 3,4-dioxygenase subunit beta	1.374	-0.032	1.106	-4.130	-2.262	-2.625	-3.356	-2.966	-2.317	-2.319	-1.567	-1.710	-1.683	-1.961	-1.828	-3.595	-0.823	-1.562	-2.612	-1.348	-0.747	-1.870	-2.369	-1.765	1.936	1.968	2.353	2.215	2.021	2.740	-0.184	-1.018	-0.297	-1.435	-0.332	-1.211
Magneto	AMB_RS01315	AMB_RS01315		4-hydroxybenzoate 3-monooxygenase	1.366	1.108	0.654	1.143	0.949	0.398	1.076	0.893	0.000	-0.072	-0.336	1.195	0.360	0.430	0.416	-0.495	0.738	0.699	-0.431	-0.238	-0.072	-0.318	0.185	0.931	-0.683	-2.117	-1.921	-1.087	-0.944	-1.403	1.182	-1.552	-0.625	-0.513	-1.217	-0.980
Magneto	AMB_RS01320	AMB_RS01320		MFS transporter	-1.940	-0.434	-0.446	-0.590	-0.129	-1.356	0.751	-0.211	-0.284	0.228	-0.494	0.004	-0.325	0.332	-0.448	-0.967	-0.644	-0.477	0.443	1.117	-0.174	-0.407	0.148	-0.787	-0.775	-0.357	-0.977	-1.500	-0.674	-0.386	-1.506	0.510	-0.443	0.274	0.049	-0.175
Magneto	AMB_RS01325	AMB_RS01325		phosphatase PAP2 family protein	-0.914	1.239	-1.357	-0.504	-1.476	-2.108	-2.217	-0.883	-0.865	1.209	1.144	-0.139	0.113	-1.168	0.468	-0.183	-0.742	-0.404	0.834	-0.243	1.984	-0.888	-0.916	-2.264	-2.238	-1.947	-2.181	-2.497	-2.304	-2.068	-1.399	-1.771	-1.507	-0.963	-3.040	-2.269
Magneto	AMB_RS01330	AMB_RS01330		glycosyltransferase family 39 protein	-1.158	4.699	-1.885	-1.626	-2.308	-1.641	-3.185	-3.353	-3.740	1.505	1.613	2.828	-0.896	-2.473	-1.487	-3.835	-3.042	-2.022	-0.785	1.050	1.452	-2.321	-1.385	-2.388	-6.899	-6.402	-5.968	-6.484	-5.031	-4.755	-2.521	-4.518	-2.497	-2.027	-2.900	-4.408
Magneto	AMB_RS01335	AMB_RS01335		methyl-accepting chemotaxis protein	-0.304	0.762	0.186	0.466	-0.967	-1.253	0.846	-0.315	-0.914	-1.060	-0.864	-1.698	-1.215	-1.299	0.080	-0.649	-0.148	-1.582	-1.624	-2.051	-0.054	-0.659	-1.240	-0.612	-1.934	-1.375	-1.317	-0.856	-0.921	-1.874	-0.950	-1.558	-1.012	0.158	-0.245	-0.903
Magneto	AMB_RS01340	AMB_RS01340		hypothetical protein	-0.517	-0.738	-0.228	0.461	0.101	0.385	-0.075	0.991	0.646	0.068	0.557	0.704	-0.352	0.227	0.100	-1.480	0.155	0.030	-0.274	-1.114	-0.273	1.146	0.401	0.598	-0.763	-0.473	-0.013	-0.799	0.486	0.520	-2.076	-1.181	-1.248	-0.475	-1.287	-0.873
Magneto	AMB_RS01345	AMB_RS01345		glycosyltransferase family 1 protein	-0.110	1.796	0.681	-0.138	0.893	-0.813	1.558	-0.120	0.583	1.961	-0.222	0.813	0.666	1.336	0.385	-0.017	-1.167	0.096	1.031	1.555	-0.293	0.021	0.917	0.446	-0.005	-0.699	-0.023	-1.239	-0.824	0.029	1.988	0.160	-0.936	0.685	0.872	0.391
Magneto	AMB_RS01350	AMB_RS01350		UDP-2,3-diacylglucosamine diphosphatase	-0.259	0.798	-0.893	-0.988	-0.418	-0.134	-1.033	0.623	-0.969	0.338	0.017	-0.902	-0.065	-0.725	-0.579	-0.919	-0.803	-0.566	-0.837	-0.481	0.615	0.309	-0.352	-0.589	0.359	0.405	-0.188	0.739	0.700	0.451	-0.349	-0.047	-0.649	1.715	0.042	0.003
Magneto	AMB_RS01355	AMB_RS01355		sphingosine kinase	-0.198	0.955	0.271	-0.133	0.751	0.085	-0.862	-1.610	-0.036	-0.333	-0.818	-0.548	-1.419	-0.581	-0.116	0.164	0.171	-1.373	-0.946	-0.253	0.290	-0.453	1.300	-1.086	0.563	1.480	1.895	1.312	1.148	1.940	0.699	1.186	1.209	0.705	0.633	2.250
Magneto	AMB_RS01360	AMB_RS01360		hypothetical protein	0.040	-1.025	-0.149	-0.729	-1.374	-0.854	-1.184	-0.398	-1.312	-1.065	-0.928	-0.584	-1.441	-0.739	-0.326	-0.436	-0.482	-1.276	-1.180	-0.839	-0.360	-0.250	-0.624	-0.760	0.818	0.531	2.714	0.409	2.374	1.469	0.337	2.410	0.518	-1.086	0.545	0.366
Magneto	AMB_RS01365	AMB_RS01365		nitroreductase	0.180	0.121	-0.392	-1.651	-0.894	-1.174	-0.562	-0.563	-1.007	-0.468	0.212	-0.743	-0.078	-1.017	-0.077	-0.340	-1.216	-0.702	-0.075	-0.576	-0.072	-1.205	-1.363	-1.231	0.225	1.511	0.841	1.150	-0.233	-0.051	1.572	1.372	0.987	1.622	1.862	1.973
Magneto	AMB_RS01370	AMB_RS01370		hypothetical protein	-1.488	-1.090	0.179	-0.898	-0.831	-0.314	0.348	1.535	0.528	-0.091	-0.201	-0.406	0.537	-0.782	-1.086	2.049	0.283	1.276	-0.182	-0.267	-0.758	0.237	1.165	0.556	0.237	0.435	-0.077	0.586	0.520	-0.171	1.490	0.880	0.931	-1.225	0.896	1.321
Magneto	AMB_RS01395	AMB_RS01395		energy-coupling factor ABC transporter permease	-1.611	0.475	0.733	-0.280	1.269	0.512	-0.374	1.021	0.788	-0.131	-0.186	0.451	0.456	0.388	0.120	-0.130	0.457	-0.134	0.609	0.239	-0.517	0.967	-0.107	-0.617	-0.329	1.007	-0.415	0.373	-0.198	0.812	-1.335	0.653	-0.901	0.705	-0.112	0.495
Magneto	AMB_RS01400	AMB_RS01400		energy-coupling factor ABC transporter substrate-binding protein	2.936	1.031	-0.280	1.011	1.157	-0.604	1.771	0.191	0.934	1.552	-0.233	1.727	1.288	0.826	-0.301	1.464	0.864	1.802	1.033	1.459	1.577	0.739	0.009	0.940	-0.818	-0.527	-0.431	-0.869	-1.012	-1.134	-1.966	0.196	-1.113	-0.305	0.578	-0.007
Magneto	AMB_RS01410	AMB_RS01410		cobalt ABC transporter	0.169	0.155	0.883	-0.102	0.152	1.755	1.368	0.075	-0.326	1.006	-1.740	0.531	0.342	-0.370	0.414	0.548	1.460	0.742	0.312	0.660	1.616	1.242	0.986	-0.522	-0.962	-1.059	-0.649	-1.432	-1.452	-0.932	0.257	-0.475	0.566	-1.097	-0.160	-1.189
Magneto	AMB_RS01415	AMB_RS01415		rhodanese-like domain-containing protein	-0.011	-1.186	0.369	0.253	-0.573	0.370	-0.242	0.380	0.489	-0.361	0.176	-0.137	0.323	0.551	-0.061	0.553	-0.009	-0.190	-0.174	0.653	-0.350	0.094	-1.197	0.824	-0.475	-0.872	-0.671	-0.744	-0.282	-0.377	-0.390	-0.694	-0.007	-0.362	-0.419	-0.135
Magneto	AMB_RS01420	AMB_RS01420		hypothetical protein	-0.265	1.071	-0.635	1.137	-0.276	-0.257	0.576	0.609	1.050	2.042	1.301	0.795	-0.487	1.732	0.626	0.699	0.162	0.487	1.090	0.957	0.252	-0.064	0.669	-0.185	-0.159	-0.661	-0.354	-1.214	-0.984	-1.303	0.246	-0.095	-0.564	0.793	-1.367	0.378
Magneto	AMB_RS01425	AMB_RS01425		bifunctional aldolase/short-chain dehydrogenase	-2.680	-2.495	0.407	-0.950	-0.714	-1.581	-0.527	-0.693	-1.530	1.273	2.211	1.807	0.242	-0.714	0.089	-0.829	-1.036	-0.698	0.683	1.623	-0.007	0.133	-0.195	0.527	-3.741	-2.517	-3.253	-3.092	-2.624	-3.112	-3.921	-5.459	-5.897	-2.071	-0.611	-2.889
Magneto	AMB_RS01430	AMB_RS01430		hypothetical protein	-1.087	-0.638	1.876	0.597	0.332	0.593	0.880	0.211	0.569	1.213	0.971	-0.224	1.397	0.089	0.303	0.786	0.964	0.480	0.134	-0.090	0.709	-0.549	0.870	0.409	-2.281	-1.905	-1.707	-1.790	-1.607	-1.708	-1.975	-1.054	-0.895	-1.843	-1.563	-1.551
Magneto	AMB_RS01435	AMB_RS01435		M23 family peptidase	-0.017	0.416	0.891	-0.073	-0.423	-1.139	-0.616	-0.835	-1.511	0.556	0.707	1.323	-0.074	-0.084	0.039	-0.828	-0.956	-1.026	0.895	0.664	1.552	-0.867	-0.255	-0.209	0.466	0.581	0.421	-0.539	-0.425	-0.751	2.154	1.331	1.023	1.548	2.055	1.548
Magneto	AMB_RS01440	AMB_RS01440		hypothetical protein	-0.516	0.142	0.788	0.162	-0.722	0.465	0.623	0.026	-0.169	-0.300	-0.396	-1.208	0.020	0.150	0.855	-0.328	0.340	0.490	-0.204	0.274	0.924	0.379	1.764	-0.051	-0.101	0.308	0.785	0.354	-0.050	-0.286	-0.645	-0.279	-0.763	-0.996	0.867	-0.014
Magneto	AMB_RS01450	AMB_RS01450		hypothetical protein	-0.913	0.395	1.923	0.618	0.458	0.533	0.461	1.058	0.153	0.198	0.053	0.104	0.513	0.158	0.876	-0.918	0.123	-0.274	-0.270	0.620	-0.185	0.878	0.489	-0.322	0.550	0.529	0.409	0.541	0.252	0.539	-0.390	1.213	-0.297	-0.729	-0.768	-0.321
Magneto	AMB_RS01455	AMB_RS01455		DNA mismatch repair protein MutS	0.305	0.206	0.632	0.931	1.738	0.791	0.597	1.211	0.530	1.105	1.166	0.618	0.690	-0.344	0.642	-1.153	-0.185	0.656	1.660	1.962	1.093	0.258	1.187	0.932	-0.042	0.345	0.279	-0.792	-0.088	0.213	1.758	2.338	1.646	2.390	2.006	2.525
Magneto	AMB_RS01460	AMB_RS01460		hypothetical protein	-0.071	-0.038	0.447	0.438	0.520	-0.205	0.954	1.006	1.442	-0.500	0.942	0.156	-0.410	0.123	0.503	0.450	1.063	2.295	0.886	1.785	0.461	0.365	1.361	0.787	-1.123	-0.225	0.198	0.410	-0.254	-0.769	-0.988	-1.313	-0.746	-1.212	-0.392	-1.664
Magneto	AMB_RS01465	AMB_RS01465		NADP-dependent malic enzyme	-1.085	-0.726	-2.659	-0.511	-0.379	-0.401	-0.063	-0.837	0.386	0.441	2.305	0.174	-0.533	-0.615	-0.718	0.234	-0.479	-0.529	0.135	-0.502	0.310	-0.495	-0.649	-0.333	0.286	0.849	0.823	0.429	0.673	1.143	0.950	1.969	0.105	1.251	1.336	0.552
Magneto	AMB_RS01475	AMB_RS01475		MFS transporter	1.390	0.780	-0.842	0.477	-0.451	0.095	-0.160	0.299	0.783	-0.202	-0.189	-0.654	0.121	0.261	-0.301	0.079	0.816	0.328	-0.953	-0.111	-0.072	-0.463	0.078	0.204	-0.420	-0.435	0.264	-0.561	0.455	0.251	-0.199	-1.216	-2.778	-0.881	-0.040	-0.678
Magneto	AMB_RS01480	AMB_RS01480		M48 family peptidase	1.721	-1.928	-0.342	-0.029	-1.202	-1.050	-0.330	-0.332	-0.714	-1.967	-0.817	0.641	-0.821	-0.058	-1.302	-1.695	-1.020	-1.059	-0.728	-1.014	-1.484	0.032	0.846	-0.196	-0.607	-0.370	-1.739	-0.456	-0.498	-0.649	-0.933	-1.048	-1.289	-0.909	-1.630	-0.820
Magneto	AMB_RS01520	AMB_RS01520		Zn-dependent protease	-1.018	0.303	1.488	0.231	0.625	1.807	0.236	0.785	1.332	1.472	1.209	-0.652	-0.280	0.032	-0.011	-0.030	1.676	0.365	1.201	0.245	0.289	-0.313	0.435	0.332	-0.533	-1.536	-0.791	-0.790	-1.089	-0.914	-0.730	-1.471	-0.499	-1.512	-1.128	-0.942
Magneto	AMB_RS01525	AMB_RS01525		RNA pyrophosphohydrolase	-0.241	1.662	-0.304	1.163	-0.353	0.141	-1.129	0.220	0.487	0.835	2.922	0.249	0.637	0.458	0.707	0.413	-0.995	-0.012	-0.189	1.066	1.733	0.491	0.718	1.431	-0.455	-0.588	-0.863	-1.007	-1.145	-0.872	0.682	-1.259	0.056	0.062	0.054	-0.882
Magneto	AMB_RS01530	AMB_RS01530		divergent polysaccharide deacetylase family protein	-0.295	4.149	-0.023	0.277	0.798	0.369	0.267	0.345	1.083	2.529	3.552	1.697	0.929	2.352	0.723	-0.596	0.525	0.653	0.898	3.002	2.337	0.520	1.641	0.623	0.853	0.311	-0.024	-0.832	-0.955	-0.631	3.652	0.252	3.350	2.856	1.065	0.457
Magneto	AMB_RS01540	AMB_RS01540		peptidase M23	-0.383	-0.431	0.079	0.801	-0.535	0.254	-0.997	-0.290	-0.644	1.476	0.311	-0.175	0.095	1.073	-0.290	-0.264	-0.271	-0.114	-1.315	0.382	1.032	-0.223	-0.025	0.416	-1.164	-1.398	-0.749	-0.665	-0.699	-0.801	0.407	-1.113	-1.050	0.903	-0.952	-1.297
Magneto	AMB_RS01550	AMB_RS01550		hypothetical protein	-1.315	1.846	0.450	0.206	0.605	0.600	0.401	1.122	1.132	0.599	1.304	1.518	0.934	0.720	0.019	0.612	0.215	0.852	0.663	0.583	1.945	0.913	1.027	1.240	-0.414	-0.022	-0.408	-0.330	-0.957	-0.392	2.293	0.415	0.356	0.764	-1.406	0.437
Magneto	AMB_RS01555	AMB_RS01555		hypothetical protein	-0.196	0.099	-1.439	-0.530	0.909	1.100	0.784	0.519	0.859	0.670	0.769	-0.030	0.148	1.867	1.267	0.914	1.336	0.767	0.461	1.283	-0.281	-0.138	0.346	0.123	-0.637	-0.584	-1.004	-0.511	-0.948	-1.105	-0.366	1.151	-0.000	0.288	-0.242	-0.145
Magneto	AMB_RS01560	AMB_RS01560		acyl-CoA dehydrogenase	-0.954	0.419	0.025	0.815	-0.310	-0.764	0.434	0.695	0.501	0.623	-2.173	-0.478	0.674	0.003	0.521	-0.026	0.468	0.085	-0.543	-0.015	0.044	1.017	0.294	0.229	0.314	-0.324	-0.121	0.590	0.406	0.366	-0.276	0.515	-1.148	-0.074	-0.603	-1.736
Magneto	AMB_RS01565	AMB_RS01565		crotonyl-CoA carboxylase/reductase	0.316	-0.169	-0.076	0.560	0.259	0.885	0.869	-1.097	-0.711	0.827	1.081	0.912	0.203	0.471	0.351	-0.918	-1.352	-1.124	1.129	-0.047	-0.183	1.043	-0.150	-0.624	0.269	1.215	0.262	-0.391	-0.269	-0.420	0.698	1.393	0.698	1.606	0.898	0.746
Magneto	AMB_RS01570	AMB_RS01570		protein meaA	1.311	0.253	0.731	-0.487	0.389	0.197	0.358	0.750	0.302	0.126	1.059	0.657	0.395	0.185	-0.120	1.003	0.388	0.327	0.049	0.649	0.179	0.156	0.355	1.134	0.207	-0.071	0.302	0.671	-0.189	0.525	-0.327	0.157	-0.515	0.098	0.464	1.048
Magneto	AMB_RS01575	AMB_RS01575		arsenate reductase (glutaredoxin)	0.989	-0.509	-0.751	-0.552	-0.776	-0.247	-0.308	0.733	-0.364	0.121	-1.613	-0.889	0.033	-0.446	-0.577	-1.154	0.466	-0.913	-0.810	-0.913	-2.359	-1.226	0.249	-0.346	0.104	-0.032	-0.594	1.080	0.804	0.502	-0.035	1.330	-0.243	-0.120	1.307	1.664
Magneto	AMB_RS01580	AMB_RS01580		small-conductance mechanosensitive channel	-0.008	-0.430	-1.483	0.018	0.274	0.789	0.393	0.309	0.824	-1.010	0.406	-0.951	0.228	0.187	-0.643	-0.974	-0.224	-0.013	0.239	0.068	0.127	-0.137	1.568	-0.774	0.108	1.000	-0.118	0.172	0.403	0.315	0.085	-0.054	-0.074	-0.375	0.973	-1.116
Magneto	AMB_RS01585	AMB_RS01585		regulatory protein RecX	-0.086	-0.240	-2.898	-1.482	-1.753	-1.306	-0.591	-0.676	-0.929	-2.086	-0.079	-1.903	-1.589	-1.677	-0.736	-0.381	-0.436	-0.219	-0.920	-0.335	-1.823	-2.145	-0.607	-0.947	0.253	0.651	-1.374	-0.051	-0.523	-0.350	-0.918	-0.547	-0.398	0.075	-0.856	-0.314
Magneto	AMB_RS01590	AMB_RS01590		multidrug ABC transporter permease	-0.627	-1.513	-0.516	0.324	-0.518	-0.334	-0.574	-1.185	-0.910	-0.036	0.303	0.011	-0.807	-0.500	-0.344	-0.043	-1.050	0.470	-0.463	-0.040	-1.181	-0.643	-0.512	-1.266	0.130	-0.295	-0.387	-1.059	-0.317	0.172	-1.179	0.584	-0.090	-0.011	0.708	1.002
Magneto	AMB_RS01595	AMB_RS01595		XRE family transcriptional regulator	1.380	1.418	0.287	-0.064	0.113	-1.412	-0.417	-0.783	-0.491	0.418	-1.366	-1.241	-0.813	0.208	-0.333	-0.297	0.145	-0.020	-0.628	-0.251	-0.176	-1.036	-0.448	-0.095	-0.199	-0.726	-0.999	-0.183	-0.078	-0.249	-1.172	0.244	-0.501	-1.425	1.695	0.029
Magneto	AMB_RS01600	AMB_RS01600		class I SAM-dependent methyltransferase	-1.903	-0.299	-0.574	-0.714	-0.247	-1.641	-1.304	-0.865	-1.406	-0.107	-2.244	-0.607	-0.686	-1.582	-1.374	0.190	-0.196	-0.580	-0.707	0.773	-0.656	-0.391	-1.126	-0.790	0.725	1.050	0.835	1.551	0.365	0.730	0.114	-0.026	1.806	0.496	-0.092	0.526
Magneto	AMB_RS01605	AMB_RS01605		aspartate aminotransferase family protein	-0.995	-2.334	-0.759	-0.931	-0.977	-1.495	-0.539	-0.863	-0.079	-1.991	-1.429	-1.081	-2.286	-2.615	-2.254	-0.969	-1.700	-1.683	-1.510	-1.575	-1.101	-2.503	-1.382	-2.053	-1.149	-0.438	-0.028	-1.013	-1.537	-1.273	-0.790	-1.227	-1.124	-0.922	-0.798	-1.011
Magneto	AMB_RS01615	AMB_RS01615		molecular chaperone	1.883	0.141	0.855	0.207	0.198	-0.339	1.052	-0.202	0.046	0.452	1.522	-1.002	0.165	0.268	0.829	0.218	0.264	1.477	-0.600	-0.136	-0.275	-0.781	-0.165	-0.384	2.166	2.235	-0.040	1.327	1.031	1.112	1.216	1.138	0.377	1.049	0.710	-0.594
Magneto	AMB_RS01630	AMB_RS01630		methyltransferase domain-containing protein	-0.873	1.301	-1.225	0.895	-0.314	-0.762	-0.007	0.086	-0.219	0.964	0.995	0.962	0.759	0.121	0.630	1.166	1.639	-0.127	1.350	0.877	0.161	1.214	1.417	0.095	-1.501	-0.353	-1.149	-1.894	-0.833	-1.445	-1.416	-3.319	-1.277	0.097	0.910	-0.774
Magneto	AMB_RS01635	AMB_RS01635		chemotaxis response regulator protein-glutamate methylesterase	-0.521	1.009	-1.750	-0.468	-1.096	-0.147	-0.833	-0.377	-0.688	0.315	0.334	0.692	0.114	-0.056	0.514	1.067	-0.192	-0.130	0.630	0.702	0.792	0.449	-0.139	0.176	2.001	2.063	1.874	1.855	2.084	1.886	0.967	0.273	0.206	1.687	1.773	1.940
Magneto	AMB_RS01640	AMB_RS01640		response regulator	3.443	-0.271	-4.304	-0.789	-0.410	-1.101	0.347	2.357	1.399	-5.538	1.215	-1.884	-1.487	-1.312	-1.611	0.166	1.112	0.501	0.321	-0.946	-2.127	1.446	2.359	0.803	6.890	6.564	6.685	7.459	7.624	7.035	2.642	1.299	-3.481	8.033	8.622	6.585
Magneto	AMB_RS01645	AMB_RS01645		chemotaxis protein CheW	0.837	-0.938	-0.148	0.481	0.805	1.446	1.462	0.771	1.693	0.421	-0.175	-0.205	1.117	0.617	0.920	0.634	1.600	1.545	0.964	-1.976	0.127	-0.200	0.369	0.707	1.582	-0.040	-0.321	0.484	-0.129	0.196	1.067	0.236	-0.032	1.989	0.495	-0.309
Magneto	AMB_RS01650	AMB_RS01650		ATPase	-1.762	-0.093	-2.101	-1.169	-2.442	-1.445	-0.909	-1.525	-0.297	0.231	0.002	1.100	-0.885	-0.813	-0.644	-1.211	-0.568	-1.004	1.020	0.327	0.235	-0.334	-0.203	-0.459	-0.534	-0.898	-1.873	-1.033	-1.103	0.135	-0.291	0.273	-0.800	-1.751	0.217	-1.636
Magneto	AMB_RS01655	AMB_RS01655		hypothetical protein	-0.065	-0.406	-0.548	-2.739	-1.342	-0.073	-1.240	-0.319	-1.510	-0.483	-0.299	-0.674	0.379	0.271	0.434	-1.289	-0.317	-0.095	-0.720	-0.851	0.295	0.348	-1.869	0.445	-0.999	-0.922	-0.977	-0.932	-0.889	-0.913	-0.278	-0.541	-0.524	-0.360	-0.396	-0.599
Magneto	AMB_RS01660	AMB_RS01660		class I SAM-dependent RNA methyltransferase	0.244	1.465	-0.350	-0.724	0.221	0.011	-0.053	1.025	1.259	0.451	-0.712	-1.499	-0.950	-0.905	0.473	-1.471	0.741	1.598	-1.038	-0.171	0.524	-0.249	0.354	-1.267	-0.533	-0.888	-0.734	-0.552	-0.302	-0.103	-0.650	-0.730	-0.122	0.204	0.494	-0.299
Magneto	AMB_RS01665	AMB_RS01665		ABC transporter	1.393	-0.286	0.002	-0.737	-0.138	-0.581	0.088	-0.710	-1.158	-0.308	-1.922	0.591	0.729	0.170	-0.614	0.410	-0.292	0.005	0.651	1.004	-0.477	-0.365	0.173	-0.267	-0.508	-0.739	-0.332	0.079	-0.382	-0.068	-0.138	-0.809	0.341	2.314	-0.631	0.571
Magneto	AMB_RS01670	AMB_RS01670		MCE family protein	-1.308	-0.742	-0.992	-1.449	-0.316	-0.151	0.583	-0.813	-0.311	0.921	1.360	-0.172	-0.004	-0.437	0.005	-0.455	-0.139	0.031	0.681	-0.797	1.047	-0.060	-0.125	-0.133	0.170	1.010	0.331	0.809	1.050	0.471	-1.224	0.297	0.214	0.489	0.953	0.183
Magneto	AMB_RS01680	AMB_RS01680		ABC transporter permease	-0.046	0.252	-0.551	-0.087	0.451	0.146	-0.057	-0.275	-0.093	-0.433	-0.714	0.228	-0.660	-0.353	0.764	-0.954	-1.126	-1.264	-0.912	0.312	0.180	0.197	-0.309	-0.870	-0.603	0.674	-0.103	-0.320	-0.490	-0.579	1.777	1.294	0.556	0.175	0.901	1.171
Magneto	AMB_RS01685	AMB_RS01685		anti-sigma factor antagonist	-1.041	1.789	-0.318	0.459	0.345	-0.576	1.716	0.097	1.284	0.944	0.236	0.947	-1.155	0.075	-0.005	-0.364	-0.226	0.363	-0.617	0.471	0.021	1.509	0.740	0.684	-0.359	-0.455	0.196	-0.714	-0.043	-0.052	-1.029	0.155	0.075	-1.481	0.867	-0.247
Magneto	AMB_RS01690	AMB_RS01690		serine phosphatase	0.348	-1.358	0.044	-0.202	0.628	0.916	0.953	1.997	0.134	0.704	0.175	1.132	-1.078	-0.457	0.597	0.772	1.783	1.173	0.789	-0.176	-0.332	-0.733	-1.518	0.160	1.256	1.759	1.730	1.853	1.668	1.682	1.821	2.841	0.651	-0.533	1.134	0.511
Magneto	AMB_RS01700	AMB_RS01700		hypothetical protein	-0.289	-1.311	-0.165	-0.939	-0.945	0.267	-0.080	-1.118	-2.052	-0.085	0.183	-0.031	-1.003	-0.804	-1.150	-1.090	-1.856	-0.504	0.504	0.511	0.945	-0.845	-1.490	-1.747	0.154	-1.469	-0.549	-1.791	-1.755	-1.582	0.587	0.606	1.804	1.717	0.479	0.654
Magneto	AMB_RS01705	AMB_RS01705		alpha/beta hydrolase	-1.008	0.131	0.365	0.159	0.258	-0.313	1.354	0.025	-0.336	1.183	1.988	-1.280	1.146	-0.299	1.096	0.385	0.247	0.807	0.106	-0.314	0.031	-0.282	1.396	1.267	-0.665	0.118	-0.184	-0.475	0.027	-0.477	1.256	-1.561	-0.878	-0.844	-1.142	0.684
Magneto	AMB_RS01735	AMB_RS01735		Uncharacterized protein, involved in the regulation of septum location	-0.520	-0.694	-0.415	-0.624	0.623	1.042	0.257	-0.433	0.588	-0.979	0.568	-1.927	-0.154	-0.662	0.632	-0.109	0.151	0.405	-0.539	-1.198	0.322	-0.540	0.092	-0.286	-0.041	0.664	1.015	1.650	0.646	-0.167	-0.454	0.330	-0.014	2.301	-0.204	1.141
Magneto	AMB_RS01740	AMB_RS01740		hypothetical protein	1.113	-0.301	-0.567	0.274	-0.759	-1.534	0.169	-0.820	-0.616	0.304	-0.270	0.745	0.506	-0.434	0.112	-0.348	-0.580	-0.459	0.465	0.828	-0.460	-0.824	0.477	0.820	0.618	1.431	1.185	1.204	2.033	0.692	1.153	2.079	1.028	2.555	2.396	1.607
Magneto	AMB_RS01745	AMB_RS01745		hypothetical protein	-0.092	-0.508	0.593	-0.060	-0.966	0.894	-1.365	-1.522	-0.347	0.571	1.068	0.902	-1.487	-0.479	-1.090	-0.538	-0.533	-1.382	0.655	0.663	-0.078	-1.171	-1.115	-1.555	0.015	1.039	0.092	-1.404	-0.546	-2.016	1.410	2.071	1.665	2.446	2.052	1.287
Magneto	AMB_RS01750	AMB_RS01750		recombinase family protein	0.765	0.392	0.813	-0.200	0.169	0.681	0.796	1.129	0.004	-0.561	0.894	-0.196	0.199	-0.306	0.396	-0.037	0.236	0.138	-0.238	0.392	0.711	0.286	0.544	-0.399	-1.062	-0.447	-0.273	-0.357	-0.607	-0.494	-1.148	-1.240	-0.768	-0.757	-0.682	-0.798
Magneto	AMB_RS01760	AMB_RS01760		hypothetical protein	0.106	-0.575	-1.455	-1.524	-1.201	0.102	0.300	-0.577	-0.041	-0.380	-0.105	0.765	-0.193	-0.704	-1.041	-1.081	-0.589	0.018	0.737	0.171	-0.137	0.906	-0.109	0.020	-0.271	-1.325	-0.480	-0.449	-0.856	-0.906	-1.342	-1.435	0.316	-0.890	-0.513	-1.047
Magneto	AMB_RS01770	AMB_RS01770		XRE family transcriptional regulator	-0.397	-0.069	-0.345	-0.865	-0.277	0.801	-0.236	-0.154	-0.563	-1.399	0.145	-0.715	-0.797	0.294	-0.030	-0.417	0.303	-0.338	-1.308	-1.200	-0.457	-0.620	-0.034	0.043	0.510	0.010	0.533	0.134	-0.081	0.082	-1.060	-0.184	0.225	-0.395	0.353	0.736
Magneto	AMB_RS01775	AMB_RS01775		hypothetical protein	-0.199	-1.115	0.001	0.191	0.067	-0.139	0.898	-0.692	-0.704	-1.151	0.190	-0.465	-0.027	0.304	-0.920	-0.549	0.680	-0.134	-0.118	-0.659	-0.595	-0.489	-0.230	0.352	-0.926	-0.008	-0.701	-0.972	-0.557	-1.169	-1.323	-1.814	-1.678	-1.220	-1.135	-0.310
Magneto	AMB_RS01780	AMB_RS01780		sigma-70 family RNA polymerase sigma factor	1.107	-0.497	0.994	1.536	0.938	2.046	0.674	0.874	1.319	1.483	0.946	0.161	0.768	1.499	1.508	1.144	1.883	-0.057	0.099	0.663	0.009	1.545	1.062	0.977	-0.153	-0.431	-0.508	-0.137	-0.338	0.055	1.237	-0.377	0.065	-0.420	-1.370	-0.652
Magneto	AMB_RS01785	AMB_RS01785		hypothetical protein	0.405	0.215	-0.076	-0.151	-0.159	-0.639	-0.562	-1.580	-0.831	0.277	-0.035	-0.153	0.417	0.595	0.254	1.534	0.662	-0.444	-0.502	0.126	-0.047	0.236	-0.810	0.387	0.455	0.014	-0.636	0.066	0.595	0.315	0.247	0.880	0.117	0.667	1.110	1.070
Magneto	AMB_RS01790	AMB_RS01790		oxidoreductase	0.511	1.197	0.674	0.338	0.844	0.339	0.308	-0.157	0.339	-0.204	-0.530	0.185	0.596	-0.234	0.173	-0.358	0.338	0.118	-0.034	0.396	-0.634	-0.636	-0.230	0.890	-0.641	0.794	-0.560	-0.316	-0.596	-1.467	0.509	0.647	0.583	1.149	1.204	0.464
Magneto	AMB_RS01795	AMB_RS01795		DUF669 domain-containing protein	-0.458	-1.636	-1.244	-1.741	-2.166	-1.777	-0.654	-1.979	-0.978	-1.721	1.150	-0.407	-0.491	-2.049	-0.957	-1.149	-1.385	-2.056	-1.741	-0.375	-2.372	-1.443	-0.458	-0.761	-2.036	-2.144	-3.243	-1.801	-1.994	-2.548	-2.369	-1.447	-0.995	-1.136	-1.475	-2.101
Magneto	AMB_RS01800	AMB_RS01800		hypothetical protein	-0.260	-0.616	0.606	0.789	0.678	0.260	1.170	0.641	1.300	0.585	0.515	0.623	0.800	0.312	0.341	1.592	1.273	0.990	0.376	-0.427	0.553	0.481	0.420	0.346	0.374	0.808	0.823	0.817	0.920	1.343	0.192	0.443	-0.672	0.123	1.048	0.168
Magneto	AMB_RS01805	AMB_RS01805		hypothetical protein	0.436	1.005	-0.187	-0.026	-0.697	-1.111	-0.768	-0.786	-0.029	-0.255	0.270	-0.670	-0.292	-1.376	-0.109	0.422	-0.177	-1.262	-0.856	-0.412	0.067	0.121	-1.608	-0.497	-2.542	-2.068	-1.807	-1.857	-2.526	-1.817	-2.817	-1.206	-1.585	-2.481	-1.637	-2.890
Magneto	AMB_RS01810	AMB_RS01810		DNA helicase	0.703	0.456	0.068	-0.405	-0.179	0.169	-0.100	-0.117	-0.125	-0.364	0.304	-0.483	0.246	-1.128	0.249	0.023	-0.097	-0.391	-0.421	-0.956	0.503	0.355	-0.047	-0.844	-0.338	-0.925	-0.124	0.086	-0.737	-1.165	0.783	-0.234	0.697	-0.185	-0.550	-0.121
Magneto	AMB_RS01815	AMB_RS01815		hypothetical protein	0.997	1.352	-0.783	1.217	1.976	-0.443	0.500	0.595	-0.032	0.787	1.352	-0.734	-0.014	-0.595	0.611	0.168	0.566	0.237	-0.199	-1.100	-0.130	0.159	0.248	0.530	-0.280	-0.587	-0.015	0.045	0.583	-0.876	-0.730	-1.025	-1.062	0.020	-0.593	0.211
Magneto	AMB_RS01820	AMB_RS01820		DUF3987 domain-containing protein	-0.141	1.682	0.486	-0.601	-0.197	-0.269	-0.004	-0.626	-0.794	0.047	0.391	1.076	0.095	-0.590	-0.113	-0.511	-0.816	-0.364	-0.279	0.630	-0.766	0.079	0.229	0.084	0.266	-0.033	-0.011	-0.115	0.541	-0.080	0.762	0.248	0.330	-0.580	1.680	1.090
Magneto	AMB_RS01825	AMB_RS01825		hypothetical protein	-0.159	0.652	0.615	0.724	1.272	1.149	1.312	0.924	0.680	1.708	0.448	0.681	2.343	0.930	1.073	1.016	1.438	1.176	0.455	0.590	1.464	1.937	1.562	0.647	-0.225	-1.301	-0.554	-0.976	-0.242	-0.799	-1.786	1.056	-0.689	0.199	-2.358	0.101
Magneto	AMB_RS01830	AMB_RS01830		hypothetical protein	-2.425	-0.120	0.431	0.572	-0.691	-0.611	-0.475	-0.787	-0.561	1.552	-0.313	0.340	-0.001	0.562	0.151	-0.333	-0.228	-0.542	1.307	0.806	1.007	-0.193	-0.524	-0.583	-0.492	-0.467	-0.480	-0.446	-0.445	-0.448	-0.228	-0.335	-0.315	-0.251	-0.275	-0.349
Magneto	AMB_RS01835	AMB_RS01835		hypothetical protein	0.147	0.126	-0.561	-0.678	-0.340	0.487	-1.136	-0.494	-0.583	0.863	-0.653	0.243	0.119	0.300	-0.113	-0.071	-1.282	-0.814	1.194	1.985	1.299	-0.069	-0.618	-0.542	1.323	0.984	0.898	0.783	0.618	1.161	1.492	1.175	2.197	2.270	2.240	0.849
Magneto	AMB_RS01840	AMB_RS01840		DNA methyltransferase	-1.200	1.539	0.745	0.718	0.808	0.644	1.017	1.247	-0.068	0.038	0.709	1.141	0.824	0.131	0.327	0.620	0.809	1.455	0.661	0.757	0.551	0.138	1.012	0.877	-0.387	-0.543	-0.767	-0.760	-0.152	-0.331	0.840	-0.469	-1.516	0.375	0.534	0.494
Magneto	AMB_RS01845	AMB_RS01845		DNA methylase	-0.104	0.884	-1.186	-0.721	-0.982	-0.192	-0.310	-1.441	-1.159	-0.520	0.056	-0.157	-1.043	-1.543	-1.880	-1.451	-1.904	-1.433	-0.386	-1.001	-0.759	-0.628	-0.374	-1.470	-1.186	-2.246	-2.122	-1.387	-1.237	-1.542	-2.857	-1.219	-0.549	-1.649	-1.761	-0.350
Magneto	AMB_RS01850	AMB_RS01850		hypothetical protein	0.410	1.369	-0.470	0.012	0.293	-0.370	0.478	-0.761	-0.421	-1.099	1.046	0.913	0.907	0.362	-0.008	0.772	0.094	-0.896	-0.489	-0.543	-0.087	-0.093	-0.060	0.589	0.428	0.911	0.508	-0.111	1.864	0.519	1.737	-0.712	-0.808	0.621	1.081	1.229
Magneto	AMB_RS01855	AMB_RS01855		hypothetical protein	1.649	0.608	-1.159	-1.290	-1.433	-1.607	-2.094	-1.844	-2.945	-1.243	-1.597	-1.260	-1.282	-2.444	-0.787	-2.277	-1.780	-2.447	-1.513	0.461	-1.470	-1.843	-1.059	-1.513	-0.717	-1.343	-0.394	-1.743	-0.448	-1.314	-0.109	-2.135	-1.450	0.541	-2.495	-1.687
Magneto	AMB_RS01865	AMB_RS01865		hypothetical protein	0.035	-0.320	-1.287	-0.684	-0.723	-0.908	-1.078	-1.582	-2.174	-0.711	-0.664	-0.100	-0.889	-1.291	-0.767	-0.842	-1.108	-1.668	-0.005	-0.456	-0.355	-0.326	-0.517	-0.801	0.591	-0.267	0.273	0.056	0.341	0.079	-0.210	-0.533	0.300	0.162	-1.110	0.380
Magneto	AMB_RS01870	AMB_RS01870		DUF3489 domain-containing protein	-1.742	1.157	0.179	0.070	-0.123	0.758	-0.451	0.442	1.005	0.040	-0.920	1.719	-0.463	0.798	0.024	-0.813	0.923	-0.342	-0.696	-0.489	1.526	0.306	0.427	1.056	-1.088	-0.772	-0.798	0.092	-0.855	-0.501	-0.200	-1.231	-0.569	-0.162	-0.510	-0.752
Magneto	AMB_RS01875	AMB_RS01875		hypothetical protein	1.371	1.770	-2.107	-0.678	-0.346	-0.925	-1.053	-2.328	-2.143	-1.152	0.011	-2.004	-3.136	-0.884	-1.471	-2.143	-1.273	-2.154	-1.248	-0.904	-1.504	-0.333	-2.805	-1.451	-0.333	-1.086	-0.393	-0.638	-0.835	-0.534	1.052	-1.589	1.027	-0.107	0.099	0.339
Magneto	AMB_RS01885	AMB_RS01885		hypothetical protein	0.174	-1.307	0.302	0.318	-0.704	-0.020	-0.783	-0.099	-0.928	0.220	-0.630	1.549	0.467	-0.287	0.503	-0.686	-1.257	0.084	0.357	1.547	0.272	0.187	0.219	-0.042	0.704	1.179	0.325	1.331	1.199	1.542	0.520	1.469	2.355	0.314	1.673	1.640
Magneto	AMB_RS01890	AMB_RS01890		phage terminase large subunit family protein	-0.557	0.370	0.268	-0.188	-0.311	0.962	-0.063	-0.967	0.072	1.586	-0.721	0.408	-0.306	0.116	-0.253	0.010	-0.686	-0.465	0.333	0.874	0.936	-0.645	-0.720	0.530	-1.098	-0.754	-0.035	-0.445	-0.752	-0.544	0.133	-0.694	-0.547	0.570	-0.924	-0.023
Magneto	AMB_RS01895	AMB_RS01895		hypothetical protein	0.709	-1.424	-0.578	-0.694	-0.005	-0.510	-0.320	-2.368	-0.431	-0.087	-1.137	-0.219	0.088	-0.817	-0.486	0.232	-1.771	-0.380	0.135	-0.523	-0.990	-0.163	-0.804	-1.961	-0.720	-0.931	-0.496	-0.317	-0.315	-0.220	-0.150	-0.614	-0.131	-0.564	0.215	-0.533
Magneto	AMB_RS01900	AMB_RS01900		phage portal protein	-0.790	-0.187	1.010	1.065	0.513	0.264	-0.417	0.552	0.338	1.054	0.141	0.550	-0.715	0.358	0.010	1.081	0.611	1.331	0.529	0.510	0.549	0.591	0.035	0.788	0.170	-0.172	0.249	-0.603	0.205	0.277	-0.260	0.220	0.968	0.681	1.379	0.019
Magneto	AMB_RS01905	AMB_RS01905		S49 family peptidase	-0.388	0.858	0.382	0.496	1.328	0.154	-0.103	0.409	-0.031	0.765	1.674	0.646	0.243	0.301	0.292	-0.463	0.029	-0.491	0.034	0.756	0.679	0.263	-0.171	-0.161	-0.953	-1.709	-0.342	-0.611	-0.651	-0.832	1.076	-0.810	-0.745	0.999	-0.065	-1.117
Magneto	AMB_RS01910	AMB_RS01910		head decoration protein	-0.254	-0.745	0.042	-0.146	-0.907	-0.479	-0.473	0.077	-0.586	0.113	-1.355	0.161	0.145	-0.732	-0.614	-0.211	0.742	-1.095	0.046	-0.311	-0.376	-0.210	-0.720	0.601	-0.999	-0.921	-0.971	-0.925	-0.891	-0.912	-0.317	-0.574	-0.547	-0.401	-0.436	-0.628
Magneto	AMB_RS01915	AMB_RS01915		minor capsid protein E	0.238	0.537	0.120	-0.277	-0.642	-0.076	0.140	0.355	-0.787	0.270	0.255	0.193	-0.884	-0.141	-0.588	0.506	-0.265	0.024	0.304	-0.143	0.274	-0.962	-1.927	-1.226	0.054	-0.059	-0.656	-0.055	0.490	0.091	-0.002	0.044	0.350	0.706	-0.142	1.143
Magneto	AMB_RS01920	AMB_RS01920		hypothetical protein	0.352	0.991	-0.165	-1.040	0.205	-1.282	-0.700	-0.343	-0.063	0.338	1.241	0.403	-1.179	-1.217	-0.852	-0.298	0.069	-0.669	-0.981	-0.252	-1.418	-1.737	0.491	0.107	-0.819	0.389	0.261	-0.906	-0.637	0.788	-0.332	-0.550	-0.343	0.207	0.518	0.675
Magneto	AMB_RS01925	AMB_RS01925		hypothetical protein	-1.939	-0.733	1.522	-0.769	0.310	1.279	-0.262	-0.069	0.290	0.610	-0.462	1.674	-0.139	-0.214	0.153	-0.201	-1.590	0.413	-0.032	1.213	0.936	-0.198	1.591	1.021	-0.704	-0.496	-0.447	-1.323	0.182	-0.617	-0.580	-0.844	-0.370	0.615	-0.343	-0.634
Magneto	AMB_RS01930	AMB_RS01930		DUF4172 domain-containing protein	0.272	1.042	-0.528	0.125	0.046	-0.428	1.327	-0.182	1.545	-0.669	0.034	-1.256	-0.278	-0.145	-0.824	-0.018	-0.088	-0.082	-0.356	1.078	-1.200	-0.972	-1.444	-0.982	-0.604	0.535	0.953	0.382	0.830	0.689	0.398	-0.861	0.444	-0.113	-0.119	-0.963
Magneto	AMB_RS01935	AMB_RS01935		hypothetical protein	-0.273	0.873	-0.036	-0.283	1.427	-1.163	-0.350	-0.236	-0.598	0.868	0.092	0.998	-1.599	-0.117	0.770	1.168	0.293	0.919	-0.118	1.916	0.436	-0.252	0.839	0.442	0.109	-0.581	-0.657	0.839	0.425	-0.381	0.016	-0.122	0.289	0.996	0.466	0.083
Magneto	AMB_RS01955	AMB_RS01955		replication protein	0.398	0.739	0.113	0.500	-0.054	-0.119	0.763	-0.162	-0.007	0.138	1.288	0.207	-0.139	-0.389	0.061	0.388	0.139	0.366	0.325	-0.272	0.866	0.697	0.197	-0.103	-0.834	-0.240	0.034	-0.540	0.250	-0.330	0.454	0.493	-0.209	0.104	-0.367	-0.506
Magneto	AMB_RS01960	AMB_RS01960		hypothetical protein	-0.740	0.474	-0.643	-0.289	0.068	0.394	0.696	-0.120	-1.210	-1.587	1.069	0.591	-1.636	-0.637	-0.461	-0.074	-0.275	-1.166	-0.351	-0.548	-2.509	-1.478	-1.170	-0.226	-0.565	-0.625	0.560	0.663	-0.509	0.785	-0.489	-0.385	0.441	-0.435	0.809	-0.825
Magneto	AMB_RS01970	AMB_RS01970		hypothetical protein	-0.135	-0.466	-0.172	-0.204	0.604	-0.010	0.182	-0.426	-0.074	1.494	-1.056	-0.149	-0.584	-0.391	-0.281	-0.444	1.130	1.009	-0.409	-0.861	-0.602	-0.602	0.378	0.420	0.109	-0.518	0.135	-1.235	-0.141	-0.408	-0.107	0.547	-0.806	-0.692	-0.188	0.546
Magneto	AMB_RS01975	AMB_RS01975		hypothetical protein	0.177	-0.071	0.051	-0.433	-0.379	-0.552	1.088	-0.085	-0.155	0.516	-0.153	0.011	0.073	-0.110	-0.284	0.057	-0.829	-0.974	0.113	-1.250	-0.574	1.114	0.381	0.326	0.350	1.615	0.743	0.285	0.652	0.053	0.185	0.250	0.073	-0.177	1.268	-0.160
Magneto	AMB_RS01980	AMB_RS01980		hypothetical protein	0.810	-1.052	-0.410	-0.500	-0.773	0.152	-0.349	-1.299	-0.336	-0.247	-0.827	0.767	-0.042	0.180	-0.260	-0.338	-0.256	-0.572	0.469	0.634	0.713	-0.668	-0.091	-0.117	0.185	0.184	-0.522	0.145	0.075	0.243	0.370	-0.769	-1.093	-0.392	-0.550	0.312
Magneto	AMB_RS01985	AMB_RS01985		hypothetical protein	-0.103	-0.477	-0.683	-0.314	-0.290	0.995	-0.719	-0.881	-1.136	0.295	-0.382	0.989	-1.895	0.685	-0.917	-0.983	-1.030	-1.628	-1.391	-0.068	0.146	-0.407	-1.467	-0.985	-1.516	-1.492	-0.657	-1.221	-0.877	-0.617	0.836	-0.795	-1.722	-0.367	-2.028	0.810
Magneto	AMB_RS01990	AMB_RS01990		hypothetical protein	0.446	0.704	0.370	-0.236	-0.708	-0.115	0.284	-0.734	-0.998	0.513	0.466	0.227	-1.288	0.156	0.326	0.027	-0.662	-0.734	0.306	0.031	1.410	-0.086	1.312	-0.896	-0.289	-0.811	0.210	0.557	-0.345	0.187	-0.785	-1.193	-0.595	2.016	-0.841	0.978
Magneto	AMB_RS01995	AMB_RS01995		DUF1833 domain-containing protein	1.082	1.003	-1.770	0.465	-0.704	0.628	0.121	-0.394	0.523	-1.694	-0.764	-1.131	-1.167	-0.899	-0.680	-0.387	-0.136	0.626	-0.109	-0.750	-0.457	-0.711	0.042	0.031	-0.024	0.289	0.251	-0.200	0.311	0.219	0.073	0.121	0.464	-0.571	0.695	0.345
Magneto	AMB_RS02005	AMB_RS02005		hypothetical protein	-0.205	-0.308	0.515	0.348	0.862	0.217	0.384	0.162	1.128	1.095	0.719	1.435	0.936	1.298	-0.426	0.299	0.102	0.145	0.576	0.729	1.580	0.904	0.490	0.516	-0.048	0.075	0.466	0.585	0.462	0.465	1.335	1.111	1.533	0.944	2.028	0.917
Magneto	AMB_RS02010	AMB_RS02010		structural protein	0.202	0.501	0.092	0.579	-0.111	0.791	-0.543	-0.283	0.219	-0.619	0.627	-0.112	0.851	0.275	-0.126	-0.142	0.394	0.338	0.210	-0.813	-0.421	-0.060	0.059	-0.013	0.207	0.012	0.146	-0.359	-0.181	-0.328	1.132	0.126	0.480	0.164	1.123	2.492
Magneto	AMB_RS02015	AMB_RS02015		hypothetical protein	-1.483	-1.137	-1.726	0.294	-1.141	-1.548	-1.553	-1.054	-1.546	-1.194	-0.829	0.568	-1.425	-1.370	-1.366	-2.281	-1.566	-1.272	-0.913	-1.489	-1.370	0.193	0.827	0.433	1.517	0.800	1.447	1.134	0.786	1.493	2.025	1.602	-1.270	-0.095	2.010	2.060
Magneto	AMB_RS02025	AMB_RS02025		hypothetical protein	0.066	1.070	-1.115	-1.423	-1.297	-1.028	0.130	-0.272	-0.333	-1.623	-0.626	-0.950	-0.408	-2.115	-1.325	-1.006	0.135	0.272	-0.234	-1.324	-1.483	0.013	-0.958	-0.449	-0.241	-0.581	-0.781	0.042	1.297	0.811	2.747	1.292	0.566	1.651	0.715	0.615
Magneto	AMB_RS02040	AMB_RS02040		hypothetical protein	1.362	-1.367	-1.063	0.169	-1.096	0.625	-0.193	0.014	0.491	0.610	1.213	0.395	-0.716	-0.394	-0.013	1.839	0.534	1.815	0.440	0.205	0.874	-0.461	0.814	0.497	-1.326	-1.084	-0.534	-0.321	-0.368	-0.481	-1.765	-1.574	-0.520	-0.463	-0.219	-0.626
Magneto	AMB_RS02045	AMB_RS02045		hypothetical protein	-0.650	-0.982	-0.351	-0.012	1.138	0.333	-0.168	1.058	0.868	-3.401	-2.287	-3.134	-0.799	-0.667	0.424	0.142	-0.395	-0.124	-2.855	-3.377	-2.266	0.938	-0.209	0.380	0.074	0.752	0.306	1.924	0.904	1.300	0.572	0.832	-0.273	0.330	1.989	1.580
Magneto	AMB_RS02050	AMB_RS02050		transposase	0.089	-0.592	0.199	1.236	-0.185	1.292	3.629	1.938	0.587	0.752	-0.438	2.053	2.802	1.677	0.549	1.451	1.792	1.450	1.222	0.609	0.950	0.879	1.055	0.904	2.545	1.644	2.292	2.019	2.777	1.499	0.089	2.902	0.832	1.669	0.465	1.384
Magneto	AMB_RS02060	AMB_RS02060		transposase	0.723	-0.136	-0.307	0.387	-1.405	-0.670	-1.272	-0.583	0.010	-0.152	-0.822	0.468	0.642	-0.266	0.120	-0.216	-0.010	-0.139	-0.620	-0.266	-0.799	0.145	-0.051	0.232	1.088	0.168	1.299	0.874	1.184	0.614	-0.335	-0.249	1.408	-1.402	-1.015	0.780
Magneto	AMB_RS02085	AMB_RS02085		hypothetical protein	-0.537	1.317	-2.474	-1.968	-2.156	-1.798	-1.154	-1.097	-1.951	-0.687	0.480	-1.858	-0.825	-0.925	-0.639	-0.115	-0.512	0.145	-1.149	-0.365	-1.114	-1.446	-1.181	0.223	0.634	-0.221	1.139	1.167	1.533	2.198	0.116	0.396	-0.963	-0.758	-0.713	-0.675
Magneto	AMB_RS02090	AMB_RS02090		DDE transposase	0.513	0.106	-1.070	-1.647	-0.424	-2.580	-0.514	-0.969	-0.775	-1.149	-1.661	0.617	-1.382	-0.929	-0.576	-1.190	-1.408	0.369	-1.234	-2.359	-1.743	-0.400	-0.248	-0.423	1.272	0.183	1.593	1.270	1.423	1.971	0.041	-0.446	1.560	0.153	0.117	2.265
Magneto	AMB_RS02095	AMB_RS02095		IS630 family transposase	1.600	1.497	-0.696	-1.069	-0.937	-2.808	-0.433	-1.170	-0.113	-0.045	-1.483	-0.409	-0.336	-1.256	0.124	-0.313	-1.024	0.064	-0.235	-0.828	-0.177	-1.549	-0.252	-0.846	-0.446	-0.589	-0.574	0.150	0.538	-0.138	0.169	0.128	-0.130	-0.896	-0.650	0.337
Magneto	AMB_RS02100	AMB_RS02100		transposase	-0.704	0.687	-0.938	-1.179	0.383	0.074	0.043	0.476	1.438	-0.806	-2.165	0.686	-0.130	-2.576	-0.451	0.722	1.396	2.302	0.027	-0.512	0.169	0.187	0.083	-0.248	-0.849	-0.695	-1.068	-0.075	-0.290	-0.246	-0.806	-1.174	-0.846	-1.715	-0.896	-0.326
Magneto	AMB_RS02110	AMB_RS02110		IS701 family transposase ISMmg4	-1.247	-0.390	0.418	0.713	0.918	0.380	-0.304	-0.278	0.592	1.113	0.964	0.792	0.660	0.863	0.054	0.009	-0.294	-0.218	1.274	0.933	1.156	-0.186	-0.132	0.854	-0.019	-1.540	-0.447	-1.195	-0.692	-0.902	0.372	-0.954	1.454	-0.075	0.505	0.126
Magneto	AMB_RS02120	AMB_RS02120		hypothetical protein	-0.803	0.177	-0.692	0.696	0.715	0.705	0.464	0.855	0.132	-0.111	-0.355	-1.217	0.847	1.107	0.703	0.911	1.298	0.573	0.740	0.455	0.443	0.667	1.402	1.127	2.081	-0.409	1.396	0.345	1.522	0.404	0.375	0.821	-0.103	0.010	0.591	1.008
Magneto	AMB_RS02125	AMB_RS02125		LemA family protein	0.161	-2.905	-0.711	-0.186	-0.798	-0.312	-0.183	0.353	0.663	-0.081	2.036	-1.434	-1.622	-1.118	-0.361	0.051	0.628	1.366	-0.849	-0.698	0.086	-0.682	-0.557	0.051	0.499	0.799	-0.002	2.190	0.752	2.293	0.448	0.989	-0.099	0.411	0.695	-0.146
Magneto	AMB_RS02135	AMB_RS02135		acyltransferase	-0.142	0.549	0.014	-0.497	-0.001	0.532	0.769	0.398	0.027	-0.187	-0.450	-0.179	-0.828	-0.420	-0.203	0.224	-0.425	-0.578	0.384	-0.420	-0.075	-0.266	-0.151	-0.750	0.221	0.319	0.674	0.176	0.490	-0.211	0.778	1.180	-0.227	-1.281	0.512	0.596
Magneto	AMB_RS02140	AMB_RS02140		PIG-L family deacetylase	-0.293	-1.514	0.933	-3.085	-2.199	-3.089	-2.303	-2.401	-2.136	-2.416	-0.522	-2.910	-1.894	-1.989	-1.797	-1.561	-0.805	-1.278	-2.390	-0.383	-1.942	-1.211	-0.485	-0.692	-0.834	0.853	0.373	-0.251	0.877	-0.563	-1.553	-1.913	-4.021	-1.674	1.142	-0.638
Magneto	AMB_RS02145	AMB_RS02145		hypothetical protein	1.833	-0.363	1.243	-0.093	0.393	0.211	0.100	0.128	-0.556	0.745	-0.241	1.484	-0.563	0.366	0.144	1.048	0.235	0.438	1.887	1.948	0.581	0.462	0.404	0.101	0.008	2.194	0.075	0.537	1.323	0.732	-0.502	-0.181	0.800	0.905	1.883	2.382
Magneto	AMB_RS02150	AMB_RS02150		hypothetical protein	0.788	-0.501	0.959	0.043	-0.865	0.616	-0.437	-0.613	-0.652	1.020	1.635	1.069	0.196	-0.747	0.509	0.119	-0.092	0.512	1.720	2.251	1.001	1.195	0.754	1.548	0.718	0.830	0.895	0.909	0.883	0.808	-1.427	-0.825	-2.517	0.626	2.191	0.360
Magneto	AMB_RS02165	AMB_RS02165		hypothetical protein	0.656	0.102	0.531	-0.798	1.182	-1.684	0.312	0.511	0.165	-0.380	-0.269	-0.651	0.086	-0.582	-0.246	-0.002	-1.672	-0.990	0.767	0.811	-0.433	0.774	0.406	-1.185	-2.002	-0.633	-0.739	-0.831	0.191	-0.720	-0.442	-1.424	-2.194	-1.549	-0.888	-0.668
Magneto	AMB_RS02170	AMB_RS02170		hypothetical protein	0.195	-0.382	-0.346	0.484	0.232	0.497	0.416	-0.072	-0.498	-0.273	-0.033	-1.599	0.059	-0.612	-0.250	-1.148	0.699	-0.388	0.771	-1.216	-0.170	0.156	-0.010	-0.560	1.060	-0.018	0.715	0.101	0.067	0.443	-0.271	-1.315	-1.445	-0.143	-0.904	0.100
Magneto	AMB_RS02175	AMB_RS02175		hypothetical protein	-0.761	0.738	-0.142	0.419	0.599	0.313	0.301	-0.239	0.201	0.079	0.504	-0.295	0.198	0.691	-0.736	-0.047	0.352	0.582	0.830	-0.584	-0.372	-0.641	-0.327	0.405	0.444	0.485	0.712	0.285	0.097	0.120	1.456	-0.608	0.368	1.130	-0.354	0.265
Magneto	AMB_RS02180	AMB_RS02180		double-strand break repair protein AddB	-0.060	-0.432	1.877	0.297	-0.214	0.660	-0.049	0.802	0.119	-0.902	0.370	-0.556	0.828	0.959	-0.034	0.896	0.846	0.649	0.703	0.653	-0.368	1.026	0.320	0.543	-0.113	0.245	0.516	0.149	0.113	0.122	0.024	-0.455	0.357	-0.691	-0.517	-0.631
Magneto	AMB_RS02185	AMB_RS02185		C4-dicarboxylate ABC transporter	0.751	0.878	1.142	-0.214	0.096	-0.009	0.691	0.834	-0.163	-0.077	0.272	0.337	1.259	-0.484	-0.365	0.199	0.450	0.216	0.192	-1.041	0.718	-0.557	-0.153	-0.497	0.067	0.525	-0.361	0.170	1.028	0.158	0.081	0.581	-0.567	0.586	-0.464	0.615
Magneto	AMB_RS02190	AMB_RS02190		C4-dicarboxylate ABC transporter	1.984	-0.103	1.256	0.209	0.228	-0.766	0.638	-0.223	0.358	0.381	0.168	0.614	0.574	-0.200	0.105	-0.072	0.310	-0.054	-0.123	0.774	-0.482	0.576	0.164	-0.183	-0.611	-0.193	-0.246	-0.445	0.284	-0.050	-0.250	0.457	-0.639	-0.352	0.216	-0.653
Magneto	AMB_RS02195	AMB_RS02195		branched-chain amino acid ABC transporter	0.077	0.561	1.099	0.540	0.353	0.243	0.905	1.309	0.558	-0.394	0.452	-0.084	0.780	0.352	0.339	1.054	0.768	1.109	0.501	1.194	0.642	0.364	1.466	0.465	0.724	0.850	0.563	0.275	0.394	-0.281	-0.218	0.878	0.731	0.235	0.631	0.048
Magneto	AMB_RS02200	AMB_RS02200		hypothetical protein	-1.376	0.399	1.093	0.422	0.155	0.691	0.790	0.776	-0.103	0.147	0.360	1.126	1.444	0.331	0.929	0.805	0.754	0.328	-0.028	0.454	0.938	0.441	0.058	1.239	-0.441	-0.674	0.215	-0.569	-0.010	-0.198	-0.042	-1.749	0.119	0.053	-0.973	-0.498
Magneto	AMB_RS02205	AMB_RS02205		membrane protein	-1.202	2.139	-0.070	-0.740	0.392	-0.458	0.060	0.185	0.144	-0.556	-0.884	0.802	1.146	0.208	0.856	-0.231	0.265	0.130	0.596	-0.869	0.593	0.190	-0.059	1.308	-0.024	0.467	0.518	0.335	-0.154	0.292	-0.542	-0.411	0.734	-1.916	0.676	0.418
Magneto	AMB_RS02210	AMB_RS02210		DUF2786 domain-containing protein	1.624	-0.269	-0.592	-0.638	0.111	-0.367	-0.109	0.749	0.368	0.054	-1.256	-0.404	-0.584	-0.185	-0.537	0.494	0.512	0.225	-0.373	0.268	-0.408	0.490	-0.825	0.509	0.368	0.824	-0.103	0.572	1.242	-0.041	0.889	1.138	-0.619	0.241	2.263	0.397
Magneto	AMB_RS02215	AMB_RS02215		hypothetical protein	1.281	2.275	-0.209	-0.308	0.896	-0.181	1.070	1.452	0.090	0.559	-2.271	0.372	0.665	0.686	-0.843	0.537	0.451	-0.097	-0.300	0.802	0.645	-0.554	0.911	0.587	-1.458	-0.118	-0.338	-0.008	-0.485	0.419	-2.918	0.113	0.645	1.713	-0.872	-0.375
Magneto	AMB_RS02235	AMB_RS02235		methyltransferase domain-containing protein	-0.176	-0.017	0.980	-0.257	0.084	-0.458	0.948	0.048	-0.710	0.137	-1.889	-0.051	1.211	1.007	0.837	0.759	-0.019	-0.505	-0.532	2.549	-1.118	1.090	0.510	0.035	-1.730	-1.446	-2.175	-1.468	-1.509	-1.985	-2.672	-1.458	-2.165	-1.607	-2.158	-1.590
Magneto	AMB_RS02240	AMB_RS02240		surface lipoprotein	-0.441	-1.224	-0.270	-0.830	-0.802	-1.284	-1.033	-1.253	-1.180	-0.838	0.304	-0.306	-0.615	-2.245	-0.569	0.304	-0.449	-0.241	-0.341	-0.208	-0.767	-0.684	-1.362	-1.353	-0.491	-0.187	-0.320	-0.584	-0.421	-0.506	0.659	-0.247	0.291	-0.435	-0.620	-0.952
Magneto	AMB_RS02250	AMB_RS02250		hypothetical protein	2.359	-0.127	1.262	1.736	0.423	1.663	1.171	0.182	1.221	1.522	1.218	0.836	1.602	1.463	1.776	0.680	1.396	-0.062	1.684	1.211	-0.259	0.289	0.997	1.033	0.345	-0.331	1.286	-0.026	0.125	0.146	0.986	-0.101	1.058	-0.427	1.908	1.445
Magneto	AMB_RS02255	AMB_RS02255		hypothetical protein	-0.059	0.482	0.452	0.526	1.553	-0.417	0.597	1.282	1.017	1.007	0.523	-0.833	0.984	1.763	0.793	0.874	0.299	2.181	1.136	-0.170	0.926	-0.530	1.968	1.401	-0.244	-0.136	-0.307	-0.072	-0.893	-0.390	-0.169	-0.670	1.248	-0.465	-0.077	-0.295
Magneto	AMB_RS02260	AMB_RS02260		hypothetical protein	-0.666	0.036	0.631	-0.221	0.324	0.154	0.493	0.279	0.718	0.829	-1.351	-0.980	0.581	0.174	-0.402	-0.280	-0.269	0.441	0.019	1.079	1.355	0.041	0.114	0.278	0.116	-0.422	-1.118	0.225	-0.093	1.003	-1.409	0.858	-0.214	-0.195	0.382	-0.074
Magneto	AMB_RS02270	AMB_RS02270		hypothetical protein	0.405	-0.695	0.364	0.518	-1.032	-1.199	-0.550	-0.832	0.063	-0.449	-0.366	-1.211	-1.848	-0.204	0.663	0.331	-0.726	-0.707	0.382	0.435	-1.561	-0.636	0.101	0.173	-0.324	1.042	-0.475	-0.082	0.307	0.542	-0.406	1.891	0.517	-0.087	0.806	-0.401
Magneto	AMB_RS02275	AMB_RS02275		hypothetical protein	-0.492	-0.306	-0.700	-1.232	-0.700	-1.934	-0.437	-0.740	-0.859	-0.673	0.468	0.329	-1.983	-0.942	-1.426	-0.197	-1.101	-1.695	-0.919	0.137	-0.923	-2.103	-1.860	-1.918	0.042	0.957	1.029	0.851	0.598	-0.043	-0.051	-0.300	-0.299	-1.772	-2.994	-2.335
Magneto	AMB_RS02280	AMB_RS02280		hybrid sensor histidine kinase/response regulator	0.808	0.462	1.449	0.968	0.509	1.693	1.460	2.807	0.830	1.068	1.179	0.505	1.221	-0.023	1.052	0.462	0.508	1.114	0.740	-0.518	0.411	0.724	1.337	0.307	0.284	-0.678	-0.202	-0.997	-1.951	-0.512	0.146	-0.777	0.554	-0.572	-0.193	-0.381
Magneto	AMB_RS02295	AMB_RS02295		XRE family transcriptional regulator	-1.344	0.067	-0.098	-0.797	1.692	-0.155	-0.132	-0.065	0.951	-1.900	-0.722	1.050	-0.258	-0.517	1.376	-0.142	1.250	0.243	-0.662	-0.106	-0.142	1.266	-0.068	0.281	1.967	1.896	1.055	1.402	2.394	2.000	0.427	0.256	1.002	1.516	0.678	2.517
Magneto	AMB_RS02305	AMB_RS02305		transposase	-0.239	-0.951	1.507	-0.053	-0.119	1.156	-0.396	-0.244	-1.074	-0.492	-0.950	-0.059	0.323	-0.521	-1.486	0.196	-1.045	-1.418	-0.669	-2.085	0.001	-0.309	1.326	-0.709	-2.562	-1.277	-1.860	-1.103	-1.567	-1.165	-1.655	-0.486	-2.937	-1.672	-1.042	-1.738
Magneto	AMB_RS02310	AMB_RS02310		ATP-binding protein	-0.156	0.968	0.140	0.402	0.279	0.202	0.256	-0.103	0.053	0.472	0.508	1.090	-0.880	-0.402	0.784	0.777	0.436	0.372	0.334	0.363	0.419	-0.017	0.579	0.826	-0.244	-0.629	0.239	-1.017	-0.147	-0.083	-0.215	0.083	-0.852	-0.449	0.931	-0.090
Magneto	AMB_RS02315	AMB_RS02315		hypothetical protein	-0.270	-0.225	-0.575	-0.339	-1.326	-0.904	-0.186	0.189	0.092	0.951	0.971	0.179	-0.023	-0.223	1.261	-0.182	0.122	0.155	0.002	0.104	-0.040	0.908	0.371	-0.205	-0.055	-0.823	0.110	-0.852	-0.466	-0.150	-0.250	-1.220	-0.669	-0.190	-0.464	-0.537
Magneto	AMB_RS02320	AMB_RS02320		hypothetical protein	-0.296	-0.483	0.604	0.908	0.759	0.766	1.441	1.016	1.755	2.583	0.793	0.945	1.132	0.745	1.357	1.471	1.734	0.757	1.024	0.492	0.688	1.919	0.363	1.570	1.120	1.226	1.340	0.801	0.900	0.502	0.504	1.383	1.295	0.381	0.552	0.084
Magneto	AMB_RS02340	AMB_RS02340		nuclease inhibitor protein	-0.092	-1.211	1.577	0.406	0.117	0.047	0.209	-0.262	0.401	0.015	-0.010	0.048	0.988	1.597	0.283	0.304	0.054	0.866	0.490	1.310	0.830	1.915	0.887	0.638	-0.090	-0.048	0.051	-0.295	-0.238	0.061	0.416	0.659	-0.059	-0.841	-0.918	-0.379
Magneto	AMB_RS02345	AMB_RS02345		hypothetical protein	0.274	0.013	0.484	0.129	1.869	0.558	-0.718	1.198	1.537	0.728	-0.979	-0.009	0.355	1.092	0.651	-0.245	1.192	1.083	1.028	-1.231	0.373	0.206	0.354	1.034	0.701	0.624	0.708	0.303	1.034	0.302	-0.306	0.462	0.068	1.473	-0.432	-0.866
Magneto	AMB_RS02355	AMB_RS02355		DUF1566 domain-containing protein	1.058	-0.077	-0.033	0.827	0.286	-0.446	1.235	-0.080	0.216	0.598	1.590	-0.075	0.691	0.441	0.489	0.876	0.755	0.665	-0.057	0.227	0.679	0.313	0.229	0.472	-0.860	-0.244	-0.178	-0.163	-0.536	-0.901	1.526	-1.385	-2.226	0.608	-0.293	-0.551
Magneto	AMB_RS02360	AMB_RS02360		DUF1566 domain-containing protein	-1.220	-1.399	0.005	0.788	-1.141	0.034	-0.121	-0.507	-0.288	0.286	-1.324	-0.251	0.508	-0.977	-0.842	-0.313	1.139	-0.333	-0.035	1.261	0.754	0.223	0.474	-0.456	-0.522	-0.083	0.586	-1.312	0.051	0.132	-1.060	-1.648	-0.569	0.771	-0.746	-1.501
Magneto	AMB_RS02365	AMB_RS02365		hypothetical protein	1.912	0.105	-0.407	0.859	-1.614	0.063	-1.706	-0.503	-0.893	-0.307	-1.041	-0.470	-2.127	0.197	-1.488	0.826	-0.491	-0.225	0.158	0.610	-0.237	-0.371	0.637	-0.074	0.012	-0.521	0.038	-0.098	0.160	0.085	0.031	-0.290	-1.388	-1.137	-0.446	-1.340
Magneto	AMB_RS02370	AMB_RS02370		reverse transcriptase	0.945	-0.154	0.114	-0.362	-0.007	-0.823	0.637	-0.768	-0.168	-0.697	-0.169	-0.014	-0.830	0.544	-0.252	-0.693	0.125	-0.664	-1.474	-0.450	-1.489	0.463	-0.058	-0.201	-0.642	-0.735	-0.844	-1.390	-1.001	-0.365	-2.487	-3.227	-0.866	-1.013	-1.631	-1.072
Magneto	AMB_RS02375	AMB_RS02375		class I SAM-dependent methyltransferase	-0.817	1.189	-1.724	0.891	-0.227	-0.694	-0.279	-1.118	0.409	-1.569	-1.699	0.594	0.266	-0.192	0.226	-0.349	-0.786	0.191	-1.066	-0.216	0.190	-0.167	-0.730	-0.030	-0.903	-1.295	-0.974	-1.428	-1.245	-1.479	-0.910	-0.701	-3.450	0.493	-1.653	-2.636
Magneto	AMB_RS02385	AMB_RS02385		zinc ribbon domain-containing protein	1.241	1.657	-0.683	-0.622	0.569	0.102	-0.127	0.534	-0.610	0.289	1.312	-0.070	0.007	-0.780	-0.867	0.168	0.876	-0.955	-0.408	1.555	-1.696	0.347	0.801	0.143	-0.291	0.188	-1.468	-1.170	0.223	-1.242	-0.128	-0.302	-1.714	-0.406	-0.488	-0.738
Magneto	AMB_RS02390	AMB_RS02390		hypothetical protein	0.612	-0.540	-0.111	-0.403	-1.237	-1.805	0.194	-1.161	0.013	-1.590	-0.136	-1.196	-0.189	-1.396	-0.151	0.015	-0.373	0.063	-0.785	-2.551	-1.276	-0.119	-0.180	0.349	-1.740	-0.848	-1.795	-0.958	-1.342	-1.177	0.621	-0.237	-2.289	-2.771	-0.116	-0.672
Magneto	AMB_RS02395	AMB_RS02395		hypothetical protein	-0.954	0.775	-0.273	-1.171	-0.805	-0.892	0.611	-0.998	-0.659	-0.610	1.407	0.533	-0.239	-1.145	-0.105	-0.941	0.205	-0.361	0.491	-0.608	1.114	-1.290	0.551	0.027	-0.208	0.554	0.183	1.251	0.262	0.931	-1.696	0.284	0.750	-0.452	0.042	-0.095
Magneto	AMB_RS02425	AMB_RS02425		hypothetical protein	1.671	1.240	-1.230	-0.423	0.403	0.073	-0.203	0.384	0.824	-0.763	-0.202	0.651	-0.247	0.117	0.164	1.901	-0.473	-0.091	-0.411	-0.248	1.153	-0.291	0.542	-0.584	1.373	1.915	0.591	1.516	1.392	1.724	0.080	0.684	1.368	0.926	0.062	0.224
Magneto	AMB_RS02430	AMB_RS02430		DUF3486 domain-containing protein	-0.826	1.353	1.410	1.939	1.608	1.064	-0.224	-0.601	-0.428	1.318	1.528	1.344	0.071	1.046	1.194	-0.237	-0.009	-0.081	1.524	2.219	1.435	-0.372	1.747	1.343	1.536	1.703	0.360	0.953	0.728	0.445	0.837	0.122	0.882	-0.501	0.216	1.060
Magneto	AMB_RS02435	AMB_RS02435		hypothetical protein	-1.162	2.261	-1.553	-0.006	0.261	-0.547	0.387	-0.541	-0.674	-0.580	2.034	-1.040	-0.419	-1.090	-0.900	-0.173	0.214	-0.213	-0.563	-0.616	-0.324	-0.650	-0.301	-0.813	0.163	0.053	-0.721	-1.420	-1.176	-0.971	0.002	2.187	1.756	0.350	0.886	-0.570
Magneto	AMB_RS02445	AMB_RS02445		hydrolase	-2.220	-1.298	0.983	-0.970	0.776	0.489	-0.459	-1.134	0.073	0.416	2.499	0.638	0.410	-1.123	0.101	-1.290	-0.514	0.136	-1.022	1.278	0.634	-0.533	0.315	-2.065	0.643	0.319	-0.068	1.106	0.976	-0.427	-1.794	0.286	-0.079	0.244	-0.098	1.013
Magneto	AMB_RS02455	AMB_RS02455		hypothetical protein	0.116	2.932	-0.088	-0.050	-0.559	0.162	-0.304	0.202	-0.070	0.496	-0.688	-0.462	-0.340	-0.186	-0.639	0.331	-0.671	-0.370	-0.261	0.407	0.244	-0.376	-0.500	-0.298	-0.227	-0.051	0.469	-0.507	-0.213	-0.613	-0.736	-0.572	-0.030	-0.192	-0.107	-0.229
Magneto	AMB_RS02460	AMB_RS02460		hypothetical protein	-0.959	-0.141	-0.915	-1.361	-1.626	0.075	-0.608	-0.612	0.100	-0.955	-0.210	0.783	-0.546	-2.182	-1.571	-2.003	-0.138	-0.827	-1.195	-0.180	-0.131	-2.236	-1.067	-1.306	1.150	1.590	1.878	1.479	1.710	1.222	1.507	1.283	-0.253	2.337	2.103	1.347
Magneto	AMB_RS02465	AMB_RS02465		hypothetical protein	0.235	-0.753	0.360	0.417	-0.516	-0.133	-0.453	-0.597	-0.629	-0.410	1.292	1.090	0.690	0.338	-0.523	0.148	-0.405	-0.955	-0.525	0.939	0.140	-0.480	0.177	-0.889	-0.528	-0.141	0.229	-0.331	-0.963	-0.158	0.415	0.881	-0.013	0.170	-0.177	0.365
Magneto	AMB_RS02470	AMB_RS02470		DNA methyltransferase	0.136	-1.512	0.857	1.742	1.522	1.497	1.382	1.273	2.258	1.613	-0.859	1.657	1.861	1.334	0.764	0.823	1.189	0.382	1.068	1.160	-1.170	1.446	0.583	0.588	0.907	0.716	0.718	0.374	-0.271	-0.013	0.522	0.513	0.894	-0.141	0.099	0.553
Magneto	AMB_RS02475	AMB_RS02475		XRE family transcriptional regulator	0.951	1.749	0.334	-0.379	-0.419	0.072	0.447	-0.517	-0.321	0.527	-0.337	-2.084	-0.046	-0.763	0.865	-0.629	0.274	-1.126	-1.159	-0.547	0.217	-1.176	0.953	-0.708	-0.143	-0.974	-0.690	0.493	0.466	0.104	2.110	0.350	-0.398	-0.917	-0.509	-1.247
Magneto	AMB_RS02485	AMB_RS02485		hypothetical protein	-0.618	1.291	-1.340	-2.268	-2.055	-0.977	1.196	0.667	0.210	-1.633	-0.358	-0.044	-1.899	-1.863	-1.456	-1.503	-0.410	-0.873	-2.126	-1.088	-0.143	-0.834	-1.095	-2.117	-0.550	-0.692	-0.660	0.108	-0.789	-1.138	-1.026	0.576	-0.135	0.438	-0.543	-1.434
Magneto	AMB_RS02500	AMB_RS02500		hypothetical protein	-0.036	-0.563	2.306	2.090	-0.023	1.067	0.842	0.570	1.139	2.018	-1.020	1.017	1.993	-0.224	0.710	1.663	1.802	-0.286	-0.171	1.628	1.795	2.881	0.794	1.010	-1.206	-1.619	-1.215	-0.881	-2.005	-1.007	-0.016	-1.258	-0.931	0.339	-1.091	-1.083
Magneto	AMB_RS02505	AMB_RS02505		hypothetical protein	1.780	-0.957	-1.109	-2.325	0.196	-0.608	-0.869	0.239	-0.812	-1.748	-0.395	-0.209	-0.865	-0.449	-0.770	-0.459	0.313	0.563	-1.241	-0.175	-1.014	0.112	-0.545	0.570	-0.368	-0.022	-0.120	0.696	0.714	0.290	-0.485	-1.649	0.057	-0.826	1.194	-1.464
Magneto	AMB_RS02510	AMB_RS02510		DUF4102 domain-containing protein	-1.299	0.479	-0.384	-0.553	-0.220	-0.341	-0.771	-1.441	-0.386	-0.438	-0.173	-0.946	-0.550	-1.361	-0.364	-0.464	-1.249	0.134	-0.917	-0.308	-0.331	0.352	-0.226	-0.053	0.012	-0.188	-0.488	0.392	0.831	0.487	-1.665	0.292	-0.703	1.481	1.365	-0.191
Magneto	AMB_RS02520	AMB_RS02520		hypothetical protein	-0.084	0.654	-1.681	-1.032	-0.879	-0.281	-0.241	-0.945	-1.405	-0.714	-0.070	-1.406	-0.923	-1.853	-1.172	-2.209	-1.788	-0.459	-1.635	-1.165	-2.620	-1.176	-1.104	-0.831	-2.378	-3.268	-2.865	-2.746	-2.537	-2.797	-2.009	-1.773	-1.304	-2.543	-0.191	-0.530
Magneto	AMB_RS02525	AMB_RS02525		U32 family peptidase	-6.088	-1.246	1.462	-0.781	0.847	-0.793	-2.114	-2.518	-2.154	8.378	4.909	9.579	0.619	0.153	0.524	-2.062	0.160	-1.683	6.058	4.306	4.789	0.311	0.086	1.299	-16.380	-12.837	-13.716	-14.237	-16.864	-16.054	-5.157	-6.685	-8.156	-9.085	-6.579	-11.583
Magneto	AMB_RS02530	AMB_RS02530		U32 family peptidase	-4.605	-0.028	0.180	-2.048	-0.494	-0.784	-1.782	-1.708	-3.301	7.553	3.934	7.708	-1.081	-0.670	-0.008	-1.546	-0.430	-1.347	3.800	3.738	3.142	-1.030	-0.114	-0.409	-11.002	-11.845	-13.001	-13.742	-11.170	-12.253	-3.702	-8.175	-5.864	-6.162	-5.549	-10.182
Magneto	AMB_RS02540	AMB_RS02540		two-component system response regulator	-2.238	0.924	0.056	0.025	0.542	0.995	1.702	0.606	0.163	-0.409	-0.272	-0.711	1.127	-0.071	0.700	0.915	0.508	1.522	1.147	2.470	-0.319	0.522	1.508	0.295	-0.038	1.607	1.619	0.120	0.766	-0.284	-0.321	-0.997	-2.290	0.180	-1.428	0.427
Magneto	AMB_RS02545	AMB_RS02545		hypothetical protein	1.953	0.999	-0.285	1.465	-0.599	0.477	0.217	0.992	0.747	-0.054	0.553	0.313	0.403	0.223	1.434	0.350	0.075	-0.106	0.609	0.991	-0.411	-0.052	0.129	0.349	0.947	1.685	0.496	1.261	1.973	1.062	-0.257	1.143	0.261	2.181	0.108	2.288
Magneto	AMB_RS02550	AMB_RS02550		DNA polymerase III	0.653	-0.585	1.214	0.813	1.820	1.374	1.930	0.441	1.157	1.112	-0.064	1.031	0.977	1.920	1.392	0.889	0.559	2.117	1.675	1.394	1.353	1.115	0.964	1.328	-0.857	-1.935	-0.883	-1.651	-1.543	-1.392	-1.095	0.093	-0.017	-0.022	-0.211	0.143
Magneto	AMB_RS02555	AMB_RS02555		cobyrinic acid a,c-diamide synthase	0.455	1.429	-0.683	-1.150	-0.152	-0.352	0.948	0.180	-0.855	0.550	0.251	0.521	-0.573	0.160	0.580	-0.752	-1.077	0.352	1.477	1.357	0.656	0.477	-0.459	-0.641	1.579	1.087	1.316	0.798	1.296	0.839	1.525	0.181	-0.541	1.583	1.284	-0.126
Magneto	AMB_RS02560	AMB_RS02560		GTP-binding protein	-1.025	-1.132	-1.826	-0.755	-1.437	-0.464	-1.145	-0.900	-0.911	-0.258	2.124	0.461	-1.632	-2.083	-1.097	-0.914	-1.204	0.537	-0.994	0.055	-1.908	-1.008	-1.407	-2.225	0.231	0.528	0.343	0.095	0.516	-0.038	1.574	-0.504	0.017	-1.514	0.698	-0.079
Magneto	AMB_RS02565	AMB_RS02565		flagellar biosynthesis protein FlhA	-1.555	0.800	0.221	1.109	1.508	0.687	-0.137	0.921	1.666	1.005	1.160	0.538	0.205	1.131	1.221	0.305	1.038	0.431	0.770	-0.583	0.806	1.068	0.209	1.031	-1.182	-0.430	-1.351	-1.178	-1.082	-1.139	-0.170	-0.428	-1.065	-1.491	-1.606	-1.051
Magneto	AMB_RS02570	AMB_RS02570		sigma-54-dependent Fis family transcriptional regulator	0.552	1.467	-0.217	0.381	0.261	-0.089	-0.618	0.252	-1.331	0.197	-3.064	-0.080	0.695	-0.934	-0.163	-0.158	-0.988	-0.783	-0.929	-0.877	-0.776	0.074	-1.607	-0.232	-0.548	-0.683	-0.795	-0.884	-0.351	-0.911	0.246	-1.261	-1.875	0.394	-1.397	-0.807
Magneto	AMB_RS02575	AMB_RS02575		flagellar motor switch protein FliN	0.031	-1.071	-0.825	0.376	-0.090	-0.517	0.656	0.079	-0.813	-0.533	0.590	-0.341	-0.490	-1.310	-1.228	-2.405	-0.969	-0.272	-0.650	0.651	-2.264	-1.266	-0.577	-0.789	-0.031	0.155	-0.614	-0.308	-0.604	-0.474	-0.555	0.286	-0.042	0.407	0.661	0.493
Magneto	AMB_RS02580	AMB_RS02580		flagellar assembly protein H	-0.387	1.087	0.598	0.514	-2.052	0.320	-0.717	-0.042	1.179	-0.366	-0.675	-0.314	0.093	-1.545	0.057	-0.096	0.942	0.686	0.696	-2.250	-0.922	-0.085	0.012	-0.095	1.156	1.155	0.128	0.461	0.274	0.174	-1.373	-0.439	-0.523	-0.193	-0.694	0.538
Magneto	AMB_RS02585	AMB_RS02585		flagellar motor switch protein FliG	-0.743	-0.736	0.566	-1.151	-0.177	0.027	-0.685	0.567	-1.589	-1.542	0.305	-0.007	-0.469	-0.459	0.586	0.717	-0.916	1.244	0.401	0.244	-1.695	-0.297	-1.413	-0.735	-0.346	-0.147	0.733	-0.172	-0.285	0.484	-0.245	-0.725	-0.497	1.252	-0.246	0.968
Magneto	AMB_RS02590	AMB_RS02590		flagellar M-ring protein FliF	-0.166	0.427	0.406	-0.769	0.506	-0.022	-0.819	0.482	0.248	0.250	0.308	0.566	0.328	-0.035	-0.370	0.930	1.035	-0.539	-0.155	1.077	0.469	0.490	0.656	0.275	0.492	-0.845	-1.027	-0.131	0.488	0.089	0.847	-0.251	-1.319	0.470	0.329	-0.156
Magneto	AMB_RS02595	AMB_RS02595		flagellar hook protein FlgE	-0.059	0.107	-0.095	-0.139	0.335	0.085	-0.675	0.145	0.209	0.456	0.667	-0.435	0.413	-0.436	0.214	-0.540	-0.063	0.172	-0.524	0.591	-0.050	-0.121	0.363	-0.334	-0.882	-0.004	0.066	-0.699	-0.077	-0.737	-0.630	0.784	1.248	-0.520	0.233	-1.205
Magneto	AMB_RS02600	AMB_RS02600		flagellar hook capping protein	-0.952	0.557	0.832	0.136	-0.650	-0.331	0.417	0.135	0.498	0.117	0.128	0.491	0.082	1.686	-1.272	-0.132	-0.265	0.427	0.841	-0.757	0.519	0.668	0.591	0.215	-1.050	-0.527	-1.228	-0.520	-0.460	-1.117	-0.340	-1.033	-1.319	0.695	-1.638	-1.171
Magneto	AMB_RS02605	AMB_RS02605		flagellar hook-length control protein FliK	-1.211	-1.234	0.205	-0.090	0.233	-0.821	-0.750	-1.938	0.403	-0.993	0.356	-0.811	-0.215	-0.325	0.851	1.356	-0.589	-0.673	-0.026	2.163	-1.021	-0.145	-0.378	1.127	0.042	2.170	0.616	0.506	1.239	0.754	0.827	2.137	1.390	0.538	-0.817	2.143
Magneto	AMB_RS02610	AMB_RS02610		hypothetical protein	-0.412	0.185	0.360	-0.412	-0.574	1.027	-0.331	-0.502	0.241	0.412	2.824	0.140	-0.354	1.350	-0.276	-0.788	-0.242	-0.266	-0.037	0.302	-0.386	0.767	0.302	-0.164	-1.013	-0.939	-0.982	-0.927	-0.904	-0.916	-0.360	-0.614	-0.571	-0.444	-0.490	-0.667
Magneto	AMB_RS02615	AMB_RS02615		competence/damage-inducible protein A	1.776	-0.155	0.684	-0.132	0.614	0.699	-0.028	0.913	-0.685	0.657	0.035	1.655	1.137	0.382	0.833	-0.205	0.268	-0.374	0.888	0.544	-0.265	0.688	0.650	0.553	1.371	0.507	-0.067	0.519	-0.533	-1.011	1.428	-0.025	-0.430	0.672	-0.928	0.301
Magneto	AMB_RS02620	AMB_RS02620		GNAT family N-acetyltransferase	0.077	-0.680	-0.021	0.024	0.251	-0.174	-0.009	-2.163	-1.255	0.754	-0.837	-0.242	-0.145	0.449	0.355	-0.580	-0.196	-0.578	0.892	0.824	1.321	-0.161	-0.731	-0.294	-0.074	0.052	-0.894	-0.188	-0.438	0.027	-0.030	-1.312	0.510	-0.441	-0.586	-0.423
Magneto	AMB_RS02650	AMB_RS02650		uroporphyrinogen-III C-methyltransferase	-4.091	-1.473	2.214	-2.010	-2.243	-2.587	-1.209	-3.827	-2.585	-2.821	-3.097	-0.883	-2.031	-3.006	-3.067	-2.172	-3.178	-2.438	-1.199	-0.672	-2.539	-3.496	-1.765	-2.067	-5.059	-3.034	-3.419	-3.916	-3.004	-3.352	-2.322	-2.929	-2.430	-0.377	-3.283	-2.115
Magneto	AMB_RS02655	AMB_RS02655		sulfite exporter TauE/SafE family protein	0.131	-1.385	2.882	-4.663	-1.686	-2.379	-3.802	-3.820	-2.870	-2.967	-0.293	-0.781	-2.541	-1.987	-2.025	-2.653	-2.699	-2.448	-2.168	-0.850	-1.613	-2.835	-3.538	-3.921	-3.879	-3.976	-2.805	-3.478	-3.536	-3.254	-2.772	-2.955	-3.758	-2.281	-2.474	-4.416
Magneto	AMB_RS02660	AMB_RS02660		SCO family protein	-0.986	-1.397	-1.973	-2.530	-2.702	-2.959	-4.883	-4.811	-4.525	-2.092	-0.381	-2.757	-2.659	-2.838	-4.114	-2.590	-2.692	-1.940	-1.054	-1.100	0.246	-4.358	-3.285	-3.586	-2.870	-1.297	-2.605	-2.390	-2.573	-2.352	-0.809	-0.849	-1.529	1.154	0.700	-0.081
Magneto	AMB_RS02670	AMB_RS02670		polyhydroxyalkanoate depolymerase	-1.133	-0.416	-0.057	-0.114	0.451	-0.098	-0.131	-0.418	-0.114	0.051	-2.429	0.610	0.662	0.082	0.758	0.985	1.131	-0.275	0.619	1.225	-0.931	-0.182	-0.174	-0.300	0.242	1.452	1.122	0.970	0.543	0.987	0.435	0.048	0.879	-0.028	-0.040	-0.073
Magneto	AMB_RS02675	AMB_RS02675		YcgN family cysteine cluster protein	-0.033	1.832	-0.729	-0.112	0.839	-0.645	-0.654	0.123	0.041	0.236	-0.583	1.239	-0.192	-2.298	-1.839	-0.388	-1.962	0.807	-0.968	0.370	-0.361	-1.017	-1.074	-1.579	-0.290	-0.702	-0.341	-0.810	-0.773	-0.758	-0.296	-1.149	0.411	0.749	-1.046	-1.082
Magneto	AMB_RS02685	AMB_RS02685		glutamate synthase large subunit	-0.737	-6.220	-0.505	-2.532	-2.972	-1.672	-1.130	-1.614	-1.913	-1.565	-1.042	-1.208	-3.502	-4.370	-3.111	-3.882	-2.385	-2.827	-3.287	-1.524	-2.864	-2.986	-2.909	-3.590	-1.974	-1.356	-1.991	-1.193	-1.432	-1.211	-1.874	-0.976	-1.232	-1.288	-1.399	-1.033
Magneto	AMB_RS02690	AMB_RS02690		dihydropyrimidine dehydrogenase subunit A	-0.472	-2.305	-2.055	-1.921	-1.260	-1.815	-1.293	0.128	0.648	-0.661	-2.009	-1.875	-1.608	-0.963	-0.999	-0.932	-1.732	-0.499	-1.387	-0.468	-0.875	-1.608	-2.368	-2.612	0.258	1.734	-0.437	0.880	0.049	0.263	1.200	-0.593	0.317	0.228	0.289	-0.566
Magneto	AMB_RS02695	AMB_RS02695		undecaprenyl-diphosphatase 1	1.068	-1.976	-1.167	-1.611	0.158	0.428	-0.855	-0.258	0.127	-1.117	1.127	-0.357	-0.601	-1.376	0.047	-0.070	-0.551	-1.320	-0.337	-0.272	0.402	-1.052	0.101	-0.926	-0.693	-0.810	-0.446	-0.593	-0.545	-0.611	-0.162	-1.002	-0.282	-0.565	-0.420	-0.236
Magneto	AMB_RS02700	AMB_RS02700		carboxypeptidase	-1.271	-1.896	0.024	-0.139	-1.659	-0.184	-0.745	-1.348	-2.558	0.021	-1.485	-0.503	-1.043	-2.533	-1.393	-2.163	-2.630	-1.367	0.077	-0.718	0.066	-0.578	-1.039	0.583	-2.211	-1.079	-1.625	-1.757	-2.880	-2.402	0.753	-0.160	-0.658	0.677	0.564	0.380
Magneto	AMB_RS02705	AMB_RS02705		ribbon-helix-helix protein, CopG family	0.866	-1.115	0.728	-0.029	1.225	1.188	0.995	1.546	-0.812	-1.851	1.533	1.752	0.463	0.463	-1.361	-0.487	-0.867	-1.381	-0.146	0.263	-0.685	-0.518	1.197	-0.158	-1.533	-1.794	-1.483	-1.543	-1.732	-1.398	-0.600	-1.177	-1.258	-0.616	-0.976	-1.124
Magneto	AMB_RS02715	AMB_RS02715		glycerophosphodiester phosphodiesterase	-0.595	-0.075	-0.776	-0.723	-1.086	-0.781	-0.366	-1.028	-1.250	0.089	-0.161	-1.446	-2.401	-0.036	-1.129	-1.523	0.132	-0.703	-0.249	0.201	-0.015	-0.844	-1.395	-0.827	-0.549	-1.932	-2.133	-1.249	-0.562	-1.726	-0.823	-2.577	-1.873	1.344	-0.293	-0.740
Magneto	AMB_RS02725	AMB_RS02725		phospholipid carrier-dependent glycosyltransferase	-1.269	-3.289	-0.381	-2.181	-0.576	-1.067	-2.050	-2.864	-3.271	0.019	-1.283	-0.495	-1.198	-0.289	-1.178	-2.123	-1.066	-1.371	0.351	0.296	-0.485	-2.502	-2.057	-0.113	-1.780	-0.877	-2.234	-1.504	-0.995	-1.001	-0.970	-1.480	-1.339	-1.122	-1.269	-1.270
Magneto	AMB_RS02730	AMB_RS02730		hypothetical protein	-1.179	-0.447	-0.165	-0.050	-0.299	0.272	0.275	-0.140	-1.204	2.526	0.849	1.344	0.053	-0.149	-0.040	-0.310	0.631	0.233	0.340	0.635	-1.085	0.753	0.025	-0.021	-1.546	-1.367	-1.569	-1.239	-0.765	-1.214	-0.821	-1.279	0.135	-1.368	-1.258	-1.054
Magneto	AMB_RS02780	AMB_RS02780		hypothetical protein	3.272	0.896	0.665	-0.894	0.340	-0.887	-1.007	0.211	-0.303	-0.094	0.375	0.949	-0.638	-1.377	0.414	-0.624	-1.135	1.169	0.505	-1.205	1.838	-1.362	-0.590	-0.146	0.028	1.081	-0.193	-0.111	1.199	-0.079	-0.193	-0.317	-0.257	-0.561	0.446	-0.402
Magneto	AMB_RS02790	AMB_RS02790		outer membrane receptor protein	-0.711	0.379	0.170	0.304	0.452	0.997	1.023	1.178	1.154	1.572	-0.295	0.806	0.595	0.981	1.342	0.539	0.637	1.030	0.868	1.803	1.418	0.965	1.259	1.375	-1.147	-0.175	-0.670	-1.537	-1.073	-0.819	-0.620	-0.517	-0.038	-0.585	-1.322	-0.429
Magneto	AMB_RS02815	AMB_RS02815		hypothetical protein	-1.537	-0.783	-0.742	-3.120	-2.779	-2.524	-3.679	-2.792	-3.526	-1.423	-1.700	-2.380	-1.351	-4.273	-2.384	-0.468	-2.157	-1.850	-1.908	-2.110	-2.212	-5.998	-2.868	-1.988	-1.081	0.209	-0.738	-1.049	-0.195	-0.751	1.722	1.154	0.281	1.734	1.377	1.161
Magneto	AMB_RS02825	AMB_RS02825		phasin	2.007	-0.597	0.714	-0.243	-1.136	-0.170	-0.747	0.470	0.684	0.294	-3.317	0.003	0.519	0.954	0.188	0.815	0.737	0.106	0.115	-0.555	-2.112	0.003	0.754	-0.272	-0.540	-0.774	-0.971	-0.974	-0.345	-0.905	-1.300	-0.401	-0.612	-1.390	-1.155	-2.366
Magneto	AMB_RS02830	AMB_RS02830		chromosome partitioning protein ParA	-0.885	-1.416	0.614	1.352	0.212	1.905	-0.020	-0.283	0.920	-0.063	1.986	0.085	0.811	-0.326	0.151	1.453	0.744	1.041	0.669	1.364	0.752	1.053	1.204	-0.148	0.378	0.759	1.047	0.650	1.229	0.969	-1.423	0.882	0.995	2.015	0.507	-0.060
Magneto	AMB_RS02835	AMB_RS02835		two-component sensor histidine kinase	-1.047	-2.921	-1.840	0.232	-0.429	-0.326	-1.552	-1.228	-1.226	-0.244	0.212	0.041	0.160	-0.568	-1.091	-0.058	-0.144	-0.567	0.164	0.353	-0.205	-0.522	-0.777	-1.140	-1.715	-2.893	-2.363	-1.676	-2.546	-1.879	-1.654	-2.188	-1.941	-1.175	-2.172	-2.335
Magneto	AMB_RS02855	AMB_RS02855		methyl-accepting chemotaxis protein	-0.990	0.810	1.761	0.133	1.256	1.400	-0.163	0.701	0.923	0.530	2.016	0.181	0.635	-0.564	-0.069	1.303	0.604	1.027	-0.099	-0.235	-1.383	0.784	1.442	0.763	-0.873	-0.097	-0.409	-0.241	-0.133	-0.341	0.267	-0.276	0.028	-1.010	-0.268	-0.653
Magneto	AMB_RS02860	AMB_RS02860		hypothetical protein	1.991	-0.174	-0.711	-1.299	-0.536	-1.182	-0.800	-0.377	-0.258	-0.002	-0.737	-1.859	-0.812	-0.999	-1.289	0.379	-0.723	0.051	-0.966	-0.686	-2.041	-0.690	-0.343	-0.638	-0.619	0.190	-0.737	-1.627	-0.202	0.164	-0.888	-0.882	0.262	-0.391	-0.786	-0.158
Magneto	AMB_RS02865	AMB_RS02865		response regulator	1.735	0.919	-1.014	-0.880	-1.326	0.843	-0.470	-1.568	-0.084	-0.676	-1.172	-0.612	-1.098	-1.351	-1.178	-1.133	-0.534	0.030	-0.962	-0.622	0.225	-1.374	-1.008	-1.707	0.309	0.274	1.055	0.395	0.044	0.210	-0.999	-1.492	-0.569	-0.535	-0.748	-0.574
Magneto	AMB_RS02870	AMB_RS02870		methyl-accepting chemotaxis protein	1.743	0.242	-0.560	0.123	-0.143	-0.855	0.151	-0.864	0.346	0.144	0.139	0.188	-0.172	-0.009	-0.312	0.747	-1.082	-0.376	-0.122	-0.155	1.277	-0.562	0.375	0.256	-2.094	-0.638	-1.264	-0.670	-1.513	-1.255	1.547	-0.269	-0.375	0.584	-0.622	0.361
Magneto	AMB_RS02880	AMB_RS02880		hypothetical protein	-0.274	0.685	-0.050	-1.108	-1.119	-0.561	1.435	1.621	0.032	-0.256	-1.551	-1.140	-0.454	-0.221	0.678	-0.293	0.322	1.206	-1.273	-0.416	-0.774	0.872	0.225	0.043	-0.355	-2.000	-1.843	-1.252	-0.869	-0.911	-0.472	-1.568	-0.809	-1.124	0.203	-0.519
Magneto	AMB_RS02895	AMB_RS02895		response regulator	-0.760	1.086	-0.338	0.605	-0.130	0.084	0.531	0.428	0.795	0.417	-1.167	0.475	0.282	0.749	-0.010	0.637	1.250	-0.233	-0.301	-0.342	0.844	0.262	0.083	0.049	0.297	-0.271	0.456	-0.063	0.045	0.532	0.271	0.857	-1.439	0.333	0.408	0.251
Magneto	AMB_RS02900	AMB_RS02900		hypothetical protein	-0.755	0.564	-0.613	0.302	-0.451	-0.807	-0.028	0.754	-0.511	0.822	0.667	1.481	0.137	1.049	-0.980	0.716	-0.170	-0.120	0.406	1.256	0.052	-0.392	0.196	-0.567	-0.361	-0.294	-0.886	-0.689	-0.365	-0.052	-0.001	-0.852	-0.082	0.148	-0.024	0.149
Magneto	AMB_RS02915	AMB_RS02915		hypothetical protein	-0.086	-0.367	-0.571	-1.074	-1.267	-0.340	0.165	-0.191	0.541	0.139	0.317	-0.818	0.481	-0.013	0.276	0.277	0.109	1.096	0.950	-0.879	1.270	0.756	-0.039	-0.165	0.247	0.350	0.365	0.705	-0.048	0.467	0.115	0.370	0.400	0.838	0.495	0.877
Magneto	AMB_RS02920	AMB_RS02920		ATP-dependent protease	-0.390	1.919	0.205	-0.046	0.650	0.805	-0.300	0.271	0.028	0.390	2.169	0.610	0.233	0.193	0.240	0.115	-0.040	-0.133	0.076	-0.144	0.866	-0.337	-0.874	0.040	-1.139	-1.330	-1.201	-2.104	-2.093	-1.719	-0.119	-0.941	-1.044	-0.669	-0.704	-0.833
Magneto	AMB_RS02925	AMB_RS02925		spermidine/putrescine ABC transporter substrate-binding protein	-0.153	-0.702	1.324	0.898	1.378	0.888	1.176	0.202	1.114	1.105	1.644	0.350	0.054	0.320	0.207	1.262	1.045	0.472	-0.085	1.761	0.192	0.525	0.077	0.929	-1.182	-1.355	-1.052	-0.997	-1.614	-1.119	0.996	-1.009	-0.658	-3.150	-0.759	-1.511
Magneto	AMB_RS02930	AMB_RS02930		hypothetical protein	1.683	0.647	0.249	0.206	0.300	0.188	1.295	0.703	-0.007	0.645	0.245	0.288	-0.378	-0.272	0.164	-0.481	-0.289	0.022	0.136	-0.442	-0.280	-0.607	-0.051	-0.473	0.388	0.432	0.368	-0.348	-0.072	-0.093	-1.734	-0.322	-2.007	-0.958	-1.100	0.017
Magneto	AMB_RS02935	AMB_RS02935		PAS domain-containing sensor histidine kinase	0.302	0.679	0.602	-1.095	0.790	0.110	0.242	-0.076	-0.250	0.352	1.411	0.403	0.530	-0.111	0.403	-0.152	-0.388	-0.496	0.353	0.333	0.815	-0.067	-0.256	0.615	0.458	0.547	0.849	0.961	0.696	1.103	0.590	1.829	1.077	1.406	1.263	1.563
Magneto	AMB_RS02940	AMB_RS02940		VWA domain-containing protein	0.711	-0.867	-0.398	-0.114	-1.319	-0.464	0.823	-0.193	-0.886	0.321	-0.025	-0.211	-1.051	-0.545	-1.488	-0.107	0.390	0.693	-0.374	0.240	-0.527	-1.157	0.331	-0.317	-0.295	0.382	-0.686	-1.040	-0.364	0.230	0.031	0.864	-0.514	-1.256	-0.612	-1.965
Magneto	AMB_RS02945	AMB_RS02945		hemerythrin	1.768	-0.906	-0.756	-0.130	-1.515	-0.563	0.198	-0.693	-1.234	0.183	-0.139	1.048	-0.978	-1.449	-0.171	-0.793	-0.274	-0.853	-0.986	-0.886	0.013	0.528	-1.178	-1.337	-0.442	-0.030	-0.207	-0.087	-0.098	0.685	-1.375	0.136	-0.663	-0.045	-0.582	-0.611
Magneto	AMB_RS02950	AMB_RS02950		MoxR family ATPase	-1.362	-0.295	-1.237	-0.240	-0.500	-1.050	0.624	0.411	-0.117	0.503	-0.250	1.077	-0.049	-0.794	-0.167	1.546	1.088	0.992	0.091	1.019	0.241	-0.552	-0.255	0.747	-1.562	-1.451	-1.691	-1.329	-1.660	-0.943	-1.407	-1.427	-1.175	-0.903	-2.373	-1.934
Magneto	AMB_RS02970	AMB_RS02970		alpha-D-glucose phosphate-specific phosphoglucomutase	-0.733	-0.795	0.567	-0.683	1.333	0.999	0.155	-0.963	1.330	0.001	0.724	-0.078	0.563	0.457	0.784	-1.034	0.222	1.235	0.486	-0.216	1.098	0.194	1.098	0.141	-0.133	0.170	0.137	0.226	0.102	-0.049	-0.634	-1.131	-0.539	0.703	0.503	-0.434
Magneto	AMB_RS02975	AMB_RS02975		hypothetical protein	-0.188	-0.887	-0.032	-0.137	-0.938	0.770	-0.147	-0.138	-0.025	1.209	-0.774	-0.155	0.474	-0.568	0.459	-1.141	-0.009	0.226	0.686	0.393	0.608	-0.306	-0.020	-0.616	-0.412	-1.197	-1.065	-1.419	-0.672	-0.750	1.120	0.574	0.245	-0.869	-0.768	1.082
Magneto	AMB_RS02985	AMB_RS02985		UTP--glucose-1-phosphate uridylyltransferase	-0.269	0.298	-1.876	-0.290	-0.381	0.363	0.337	-1.149	0.097	-0.009	0.570	-0.408	-0.403	-0.520	-0.967	-0.994	-1.599	-0.881	0.376	0.775	-0.146	-0.848	0.049	-0.160	-0.255	-0.665	-0.842	-0.380	-0.127	-0.360	-0.850	-0.116	-0.805	-0.070	-1.143	-0.590
Magneto	AMB_RS02995	AMB_RS02995		anti-sigma factor antagonist	0.799	0.045	-0.954	0.091	-0.395	-0.273	0.576	-0.093	0.609	0.385	0.761	-0.142	0.098	-0.723	0.101	0.181	0.683	0.861	-1.196	-1.213	0.281	0.091	-1.366	-0.701	-0.152	-0.012	-0.661	0.195	-0.581	-1.120	0.243	-2.105	-1.675	-0.804	1.398	0.948
Magneto	AMB_RS03000	AMB_RS03000		acetoacetate--CoA ligase	-1.639	-0.255	0.827	0.625	1.168	0.910	0.759	1.241	1.245	1.046	1.290	1.365	1.173	1.077	0.764	0.417	0.803	0.317	1.292	0.609	0.603	-0.169	1.308	0.747	1.035	1.184	0.900	0.535	0.687	0.415	1.318	1.038	0.804	0.391	1.218	0.891
Magneto	AMB_RS03005	AMB_RS03005		carbonate dehydratase	2.489	0.087	0.326	0.607	-0.091	-0.356	0.515	0.066	-1.100	0.989	0.497	1.214	1.061	0.394	-0.943	0.444	-0.179	1.098	1.143	1.068	-0.272	0.511	0.655	-0.678	-1.792	-0.261	-0.278	-1.241	-1.736	-1.938	-0.893	-0.340	-1.519	-1.201	-1.737	-0.061
Magneto	AMB_RS03010	AMB_RS03010		hypothetical protein	-0.286	-0.512	-0.680	-0.506	0.209	-0.137	-0.154	0.073	0.403	0.143	0.550	0.999	0.699	0.118	0.270	0.278	0.821	1.152	1.204	1.060	1.282	0.453	-0.151	0.690	-1.382	-0.635	-0.451	-1.249	-0.958	-0.398	-1.041	-0.215	0.080	-0.931	-0.859	-0.451
Magneto	AMB_RS03015	AMB_RS03015		hypothetical protein	-0.525	2.018	-1.980	-1.192	-1.331	-0.074	-0.760	-1.712	-0.746	-1.122	-1.845	-1.074	-1.925	-1.416	-2.351	-0.643	-0.671	-0.986	0.285	-0.178	-1.879	-2.464	-1.699	-2.115	1.004	0.334	-0.402	0.336	-1.194	-0.344	-0.263	-0.312	0.345	-0.783	1.632	0.426
Magneto	AMB_RS03020	AMB_RS03020		23S rRNA (adenine(2030)-N(6))-methyltransferase RlmJ	0.292	0.084	-0.676	0.072	-0.597	-0.375	-1.265	-1.000	-0.886	-0.857	-0.362	-1.755	-0.076	0.078	0.700	-0.300	-0.233	-0.867	0.575	-0.706	-0.388	-0.196	-0.359	-0.219	-0.831	-0.550	-0.970	-1.265	0.062	-1.213	0.102	-0.467	-1.214	0.444	1.196	-0.367
Magneto	AMB_RS03025	AMB_RS03025		PAS domain-containing protein	-0.029	0.672	-1.183	-0.407	-1.255	-1.040	-1.033	0.354	-0.035	-0.659	-0.711	-1.449	-0.580	0.314	-0.074	0.677	-0.150	1.335	-0.051	0.317	-1.315	-0.261	-0.805	0.297	-1.183	-0.640	-0.446	-0.278	0.298	-0.481	0.818	-2.782	0.051	-1.107	0.051	-0.846
Magneto	AMB_RS03030	AMB_RS03030		sensory rhodopsin II transducer	-0.556	1.871	0.247	0.622	0.104	0.301	-1.530	-0.261	-0.705	1.306	1.378	0.796	0.286	-0.056	0.052	-1.158	-0.153	-0.900	0.680	1.880	-0.027	0.143	-0.521	0.056	-0.272	-1.717	-0.419	-0.616	-1.228	-1.231	-1.312	-0.127	0.668	0.049	0.742	-0.993
Magneto	AMB_RS03040	AMB_RS03040		ABC-type transport system	-0.853	-0.929	-0.530	0.222	0.908	0.653	1.158	0.181	0.886	0.522	0.739	0.758	0.674	1.463	0.869	-0.398	1.280	0.585	0.814	1.639	0.729	-1.530	-0.090	-0.828	-1.248	-1.574	-1.816	-1.353	-2.118	-1.851	-2.214	-1.923	-3.486	-0.751	-2.707	-1.561
Magneto	AMB_RS03045	AMB_RS03045		hydrogen peroxide-inducible genes activator	-0.719	0.056	-0.346	0.540	-0.675	-0.789	-0.153	0.614	-0.710	-0.611	-0.161	-0.403	1.193	0.737	0.011	-0.311	-0.372	0.139	-0.061	0.403	-0.505	0.286	-0.712	-0.320	-2.142	-2.075	-2.087	-1.907	-1.945	-1.924	-1.024	-1.542	-1.383	-1.180	-1.328	-1.604
Magneto	AMB_RS03060	AMB_RS03060		peptidoglycan editing factor PgeF	-0.353	-0.645	0.029	-0.201	-1.054	-0.067	0.429	-0.279	0.326	0.296	-0.525	2.017	0.682	0.451	-0.672	-0.149	-0.512	0.420	-0.436	0.456	-0.579	0.026	-0.729	-0.361	-2.252	-1.944	-1.171	-1.386	-1.869	-1.218	-0.918	-1.437	-1.297	-1.079	-0.822	-1.635
Magneto	AMB_RS03080	AMB_RS03080		prolyl aminopeptidase	3.492	0.706	0.755	0.821	1.218	0.392	1.054	0.711	0.534	0.187	0.093	0.590	0.373	0.907	0.277	0.677	0.628	-0.026	-0.268	-0.253	0.350	0.219	1.133	0.483	0.081	-0.532	-0.570	0.075	0.279	-0.041	-1.992	-0.159	-0.137	-0.628	0.101	-0.329
Magneto	AMB_RS03085	AMB_RS03085		S-adenosylmethionine:tRNA ribosyltransferase-isomerase	2.600	-0.471	-0.367	0.047	0.278	0.636	-0.517	0.103	-1.036	0.607	-1.567	-0.631	-0.020	-0.873	0.848	-0.336	-0.023	-0.257	0.076	-2.410	-0.902	0.010	0.098	0.380	1.171	1.027	2.000	2.172	2.191	1.298	1.196	0.626	-0.103	1.292	2.306	1.312
Magneto	AMB_RS03090	AMB_RS03090		tRNA guanosine(34) transglycosylase Tgt	1.996	-0.238	1.244	-0.555	0.495	-0.206	-1.835	0.000	0.301	-0.650	-0.804	-1.252	-0.041	0.149	0.733	0.624	-1.185	-0.396	-0.646	-0.238	0.716	-0.385	1.036	-1.666	-0.438	0.187	0.079	1.149	1.678	0.404	1.205	-0.319	-1.422	-0.523	0.799	-1.707
Magneto	AMB_RS03095	AMB_RS03095		tetratricopeptide repeat protein	-0.190	0.164	0.639	-0.867	0.452	0.235	-0.026	0.723	-0.483	-0.222	-0.774	-1.608	-1.366	-0.984	-2.189	0.931	0.591	-1.183	-0.434	-0.404	-0.917	-1.460	-1.400	-0.556	0.442	1.054	-0.059	0.944	0.613	0.465	0.736	2.085	1.243	0.657	2.537	0.903
Magneto	AMB_RS03100	AMB_RS03100		isoprenylcysteine carboxylmethyltransferase family protein	-0.901	1.201	-0.351	-0.194	-0.321	-0.893	-0.690	0.285	-0.064	0.959	-0.036	0.382	0.491	-0.398	0.129	0.259	0.248	0.955	-1.030	0.506	0.599	-0.357	0.442	-0.133	-1.950	-0.944	-1.663	-2.037	-1.335	-1.665	-0.705	-0.608	-1.506	0.347	-0.286	-1.806
Magneto	AMB_RS03105	AMB_RS03105		hypothetical protein	-0.644	-1.355	-0.894	0.321	-1.270	-2.484	-1.180	-0.925	-0.779	-0.955	-0.458	-1.603	-1.005	-1.391	-0.844	-0.518	-2.403	-1.241	-1.156	-2.828	-2.184	-0.682	-1.819	-0.922	0.007	0.978	-0.014	-0.429	0.273	-0.039	-0.611	0.641	-0.828	0.780	0.114	0.353
Magneto	AMB_RS03110	AMB_RS03110		membrane protein	-0.585	-2.205	-0.920	-1.503	-0.617	-0.236	-1.223	-0.494	-0.192	0.378	-0.504	-0.833	-0.248	-0.477	-0.334	-0.984	-0.976	-0.068	-1.695	-1.447	-1.412	0.001	-0.929	-0.110	-1.727	-1.351	-2.415	-1.073	-1.301	-1.222	-0.869	-1.840	-1.223	-1.087	-0.769	-0.657
Magneto	AMB_RS03125	AMB_RS03125		hypothetical protein	1.234	0.430	0.840	0.007	0.666	1.223	0.783	1.614	0.518	1.185	0.571	0.701	0.598	1.551	0.406	0.419	1.083	0.295	0.726	-0.016	0.570	1.003	2.121	1.634	0.558	1.196	-0.057	1.625	0.896	0.948	0.710	1.064	0.030	0.547	-0.322	0.825
Magneto	AMB_RS03130	AMB_RS03130		LysM peptidoglycan-binding domain-containing protein	-0.755	-0.967	-1.012	1.394	1.549	1.563	1.475	2.093	1.969	1.916	1.217	1.639	1.059	2.074	0.498	1.882	2.092	1.541	1.663	1.693	1.710	1.865	2.001	1.704	0.684	1.508	1.467	1.552	1.653	1.337	0.133	1.705	0.509	0.053	0.422	0.846
Magneto	AMB_RS03135	AMB_RS03135		NADP-dependent isocitrate dehydrogenase	0.260	-1.460	-0.828	-1.111	-1.572	-2.134	-0.517	-1.802	-0.861	-0.368	-0.164	-1.295	-1.115	-2.631	-1.796	-1.175	-1.388	-0.922	-1.636	-1.742	-0.446	-0.142	0.009	-0.088	0.365	0.017	1.283	0.148	0.257	0.947	1.151	1.059	0.185	0.294	-1.209	1.064
Magneto	AMB_RS03145	AMB_RS03145		flagellar biosynthetic protein FliP	-0.007	0.912	1.378	1.412	1.246	1.086	1.000	1.656	0.724	1.197	-0.128	0.435	0.359	1.118	1.393	0.370	1.242	1.323	1.400	0.688	0.959	0.701	0.327	1.030	0.419	1.041	0.479	0.696	0.207	0.463	0.070	0.992	0.201	0.118	-0.245	-0.036
Magneto	AMB_RS03160	AMB_RS03160		flagellar protein FhlB	-1.113	1.926	-1.186	-0.723	-0.490	-0.697	-2.401	-1.481	-0.536	-0.714	-0.824	0.201	0.220	-1.324	-0.844	-0.290	-0.171	-0.196	0.523	0.122	0.107	-0.589	-1.068	-0.179	-0.345	0.380	-0.201	-0.421	-0.734	0.626	-0.834	1.004	0.371	-0.157	0.724	0.409
Magneto	AMB_RS03165	AMB_RS03165		flagellar basal body rod protein FlgB	0.564	-0.327	-0.089	-0.273	-0.999	-0.630	-1.488	0.085	0.071	-1.147	-0.895	-0.286	0.198	-1.029	-0.290	0.948	0.653	0.320	-0.458	-0.445	0.246	-0.257	-0.017	-0.330	0.732	0.893	1.283	0.462	1.736	0.940	0.305	0.863	1.020	2.038	2.033	1.177
Magneto	AMB_RS03170	AMB_RS03170		flagellar basal body rod protein FlgC	-1.804	-0.045	0.922	0.476	0.515	1.435	1.323	1.011	1.455	0.678	-0.775	-0.087	0.547	1.238	2.210	0.573	1.282	1.265	0.538	-0.231	-1.059	2.115	1.495	1.168	0.569	0.216	0.131	-0.504	-0.332	0.710	-0.526	-0.320	-0.422	-0.610	-1.711	0.378
Magneto	AMB_RS03175	AMB_RS03175		flagellar hook-basal body protein FliE	-0.069	-0.214	-0.821	-0.730	0.748	-1.304	-0.991	0.363	0.401	-0.159	-0.677	0.934	-0.778	-1.423	-0.263	0.919	0.686	0.958	-1.439	-0.503	-0.697	0.100	1.404	0.031	0.067	0.183	0.105	-0.615	-0.940	0.116	0.286	-1.477	-0.259	0.429	0.990	0.721
Magneto	AMB_RS03180	AMB_RS03180		flagellar biosynthetic protein FliQ	0.433	-1.092	0.219	1.568	1.161	0.332	2.114	2.606	1.227	2.314	0.873	-0.917	1.372	0.676	1.244	1.222	0.914	0.633	0.162	-1.600	1.207	-0.079	-0.002	0.971	0.490	1.072	0.886	1.332	1.053	0.628	0.902	0.311	-0.403	0.304	-0.195	0.565
Magneto	AMB_RS03185	AMB_RS03185		flagellar type III secretion system protein FliR	-0.289	1.060	0.355	0.511	-0.036	-0.469	-0.326	-1.161	-1.175	1.697	-0.197	-0.308	0.338	-0.386	-0.196	-0.742	-0.905	0.419	-0.040	0.765	0.316	-0.814	0.123	0.705	-1.731	-1.489	-1.106	-1.393	-1.321	-0.935	-1.378	0.396	-0.844	0.580	-0.077	-0.572
Magneto	AMB_RS03190	AMB_RS03190		flagellar biosynthesis protein FlhB	1.566	-0.650	-0.698	-0.483	-0.171	-0.499	-0.360	-0.290	-0.804	-0.364	-1.118	-0.316	-1.314	0.178	0.330	-0.002	0.086	-0.024	-1.359	0.551	-0.089	-0.630	-1.000	-1.409	-1.620	-0.721	0.185	0.132	0.635	-0.816	0.447	0.459	-0.200	0.849	1.048	0.218
Magneto	AMB_RS03195	AMB_RS03195		PAS domain-containing sensor histidine kinase	-0.162	-0.080	0.267	0.812	-0.633	1.011	1.788	1.019	0.669	0.664	0.664	1.718	0.926	0.386	0.719	0.910	1.281	1.371	0.286	1.289	1.194	1.261	0.631	0.953	-0.070	0.886	-0.274	0.019	-0.125	0.390	-0.163	-0.365	-0.978	-2.340	-0.694	-0.360
Magneto	AMB_RS03200	AMB_RS03200		hypothetical protein	1.757	1.520	-0.541	-0.284	-0.032	-0.224	-0.151	-1.183	-1.019	0.549	0.875	0.715	0.060	-0.489	-0.241	-0.364	-0.277	-0.690	-0.186	0.134	0.286	-0.002	-0.509	0.073	0.318	0.378	0.871	0.091	0.069	0.834	2.038	0.854	1.826	3.556	0.162	2.811
Magneto	AMB_RS03205	AMB_RS03205		DNA recombination/repair protein RecA	-0.135	-0.628	-3.252	-3.484	-2.825	-2.707	-1.764	-2.563	-1.273	-2.694	0.913	-2.241	-1.219	-1.707	-1.953	-1.076	-2.901	-1.925	-2.485	0.656	-2.678	-2.824	-2.775	-4.172	-2.448	-2.121	-1.066	-0.850	-2.236	-1.657	-1.098	-1.608	-1.478	-0.671	-1.441	-1.216
Magneto	AMB_RS03210	AMB_RS03210		DNA polymerase IV	0.721	1.290	-1.229	-0.149	0.522	0.663	0.189	0.197	0.212	-0.584	-0.427	0.375	1.108	1.185	0.680	0.901	0.527	0.310	0.352	-0.096	0.275	0.953	-0.670	0.587	-1.876	-2.447	-0.914	-2.835	-1.693	-2.326	-0.554	-0.106	-0.465	-1.426	-2.330	-1.479
Magneto	AMB_RS03215	AMB_RS03215		alpha/beta hydrolase	-1.380	-1.899	0.624	-0.309	0.093	0.021	-0.614	-0.345	0.105	-1.288	-0.847	-2.754	-1.140	-0.194	0.201	-0.228	-0.396	0.227	-1.703	-1.266	-0.661	-1.461	0.558	-1.242	-0.695	-0.498	-1.651	-1.653	-0.567	-1.518	-2.518	-2.671	-2.358	-2.734	-1.494	-1.408
Magneto	AMB_RS03220	AMB_RS03220		two-component sensor histidine kinase	-0.915	-2.119	-0.994	-1.290	-0.042	-1.113	-0.769	-0.219	-1.614	-0.053	0.216	0.470	-0.302	0.114	0.068	-0.849	-0.119	-0.236	0.234	-0.096	-0.468	-0.759	-0.671	-0.759	-0.900	-0.244	-0.913	-0.527	0.153	-0.767	0.116	-0.979	0.159	-0.420	0.285	-1.146
Magneto	AMB_RS03230	AMB_RS03230		hypothetical protein	-0.202	0.508	1.127	0.535	-0.478	0.120	0.077	0.004	0.487	-0.280	-0.537	-1.167	0.641	0.354	-0.075	-0.266	0.025	0.133	-0.224	-1.176	0.806	0.313	-1.609	0.210	-2.373	-2.623	-2.159	-1.235	-2.510	-2.541	0.327	-1.814	-0.249	-1.152	-1.278	-1.854
Magneto	AMB_RS03235	AMB_RS03235		flagellum-specific ATP synthase FliI	-2.640	-0.137	-0.400	-0.909	-0.783	0.115	-0.368	-0.718	0.182	0.099	-0.020	-0.149	-0.067	0.357	-0.070	0.093	-0.153	-0.179	-0.304	-0.224	0.358	-0.634	0.232	-0.087	-0.734	-1.583	-1.029	-0.089	-0.426	-0.760	0.029	0.363	-0.535	0.068	1.018	0.472
Magneto	AMB_RS03240	AMB_RS03240		DNA-binding response regulator	1.364	2.152	1.974	-0.428	-0.426	-1.451	-1.546	-1.266	-1.032	4.150	3.105	4.283	-0.351	-0.850	-0.831	-0.832	-1.478	-0.476	2.393	3.215	2.192	0.335	1.048	1.199	-1.663	-1.761	-0.537	0.564	-2.750	-1.035	-0.030	0.704	0.377	3.524	2.968	2.771
Magneto	AMB_RS03255	AMB_RS03255		bifunctional DNA-formamidopyrimidine glycosylase/DNA-(apurinic or apyrimidinic site) lyase	0.586	0.572	-0.271	-1.337	0.298	-0.153	0.063	-0.222	-0.623	-0.401	0.205	-0.127	-0.296	-1.283	-1.471	-1.114	-1.024	0.641	-0.747	-1.615	-0.444	0.035	-0.236	-0.099	-0.445	-1.099	-0.236	-0.222	0.161	-0.807	0.773	-0.560	-0.247	0.951	0.915	-0.442
Magneto	AMB_RS03260	AMB_RS03260		hypothetical protein	0.716	-0.653	1.793	0.675	0.247	0.290	-0.215	-0.124	-0.348	-0.293	-1.746	-1.864	-0.317	-0.717	-0.957	-0.473	-0.493	-1.076	-0.826	-0.002	-1.184	0.745	1.673	1.261	-0.894	-1.334	-1.023	-0.440	-0.677	-0.782	-1.062	-0.198	0.117	-0.586	-1.586	-0.547
Magneto	AMB_RS03265	AMB_RS03265		enoyl-CoA hydratase	0.233	-0.145	3.001	-0.832	-0.316	-1.304	0.521	-1.626	-1.920	-3.682	-1.376	-5.481	-0.066	-0.517	-1.179	0.065	0.075	-0.849	-1.893	-2.466	-1.856	0.091	0.942	0.936	2.385	2.727	2.022	2.549	2.738	1.944	1.604	1.596	1.032	-0.845	0.977	-0.063
Magneto	AMB_RS03295	AMB_RS03295		hypothetical protein	-0.240	1.840	0.033	-0.715	-0.625	-0.271	-0.198	-0.109	-0.836	-0.511	0.685	0.354	-0.424	-1.105	-1.071	-0.775	-0.024	-0.260	-0.483	-0.292	0.270	-0.101	-0.962	-0.509	-0.185	-1.073	-0.539	-0.611	-0.207	-0.244	0.403	-0.883	1.305	-0.664	-0.136	-0.180
Magneto	AMB_RS03310	AMB_RS03310		hypothetical protein	1.646	0.393	-1.216	0.368	-0.964	-0.045	0.937	0.092	-0.754	-0.588	0.622	-0.690	-0.735	-0.275	-1.107	0.310	-0.032	-0.712	-0.503	0.014	-0.771	-0.536	-0.946	0.603	-1.416	-1.011	-0.690	-0.382	-0.442	-1.328	0.490	-1.411	-1.270	-2.450	-1.908	-0.300
Magneto	AMB_RS03320	AMB_RS03320		hypothetical protein	0.831	-0.448	-1.271	-1.066	-1.313	-0.305	-0.390	-0.663	0.084	0.035	1.034	0.104	0.186	-0.826	-0.369	-0.211	-0.360	-0.807	-0.909	-1.741	-1.497	-0.488	-0.082	-0.590	-0.707	-0.237	0.507	0.438	0.665	0.018	-1.461	1.754	-0.048	-1.420	0.887	0.462
Magneto	AMB_RS03345	AMB_RS03345		hypothetical protein	-0.048	0.920	-0.381	-0.447	-0.056	-0.590	0.266	-0.689	0.632	0.295	-1.522	-1.214	-0.374	-0.992	-0.121	0.421	0.676	-0.638	-0.150	-0.289	-0.556	-0.121	0.088	-0.129	0.350	0.328	0.087	-0.169	0.340	-0.054	-0.976	-0.015	0.396	-1.375	-0.713	-0.837
Magneto	AMB_RS03350	AMB_RS03350		DNA-binding response regulator	2.250	-0.119	-0.450	-0.756	0.243	0.563	0.238	0.185	0.734	-0.010	0.402	0.103	-0.501	-0.194	-0.443	0.126	0.466	1.015	-1.539	-0.386	-0.364	0.947	1.782	0.293	-0.401	-0.333	-0.655	0.486	0.308	0.021	0.674	-1.115	0.464	-0.714	-0.127	0.146
Magneto	AMB_RS03355	AMB_RS03355		two-component system response regulator	0.142	1.345	-0.289	-0.102	-0.136	0.471	0.501	-0.033	0.389	-0.490	-0.054	0.307	0.821	-0.980	-0.556	0.292	0.954	0.836	0.062	-0.065	-0.536	0.324	0.222	0.775	-0.044	-0.035	0.399	-0.625	0.094	-0.318	1.033	0.807	1.247	0.939	0.390	0.884
Magneto	AMB_RS03360	AMB_RS03360		hypothetical protein	-0.015	0.907	0.164	-0.500	-0.572	0.655	-0.788	-0.307	-0.408	-0.031	0.081	0.123	-0.563	-0.798	0.970	-0.879	-1.940	0.156	0.087	-0.528	-0.456	-0.051	0.465	-0.724	0.652	1.014	2.249	0.597	1.601	1.530	0.767	0.209	-0.272	0.884	1.140	2.247
Magneto	AMB_RS03365	AMB_RS03365		site-specific integrase	0.559	1.075	-1.007	0.202	-2.120	-1.459	-0.809	-1.201	-0.939	-0.322	-0.388	-0.185	-0.403	-0.255	-0.582	0.064	0.283	-0.755	0.410	-0.767	-1.070	-0.364	0.328	-0.728	-0.264	-1.215	-0.224	-0.396	-0.326	-1.252	0.243	1.156	0.985	0.291	0.609	-0.122
Magneto	AMB_RS03370	AMB_RS03370		hypothetical protein	1.204	-0.436	-1.657	-0.994	-0.814	-0.915	0.301	-0.955	-0.746	-0.731	-0.541	-1.382	-0.685	-1.434	-0.353	-0.376	-0.018	-0.234	-0.871	-1.274	-2.569	-0.389	-0.165	0.745	0.315	-0.674	-0.262	0.237	1.249	0.530	-1.053	-0.051	-0.630	-1.590	-1.228	0.156
Magneto	AMB_RS03380	AMB_RS03380		hypothetical protein	-0.629	0.869	-0.139	0.687	0.144	0.161	1.106	-0.509	0.434	0.134	0.250	0.397	0.873	-0.200	0.659	0.001	0.321	0.433	-0.129	0.478	-0.196	0.726	0.610	0.910	0.055	-0.087	0.818	0.458	0.844	1.121	0.656	-0.231	1.368	0.884	-0.410	1.301
Magneto	AMB_RS03385	AMB_RS03385		hypothetical protein	-1.723	0.883	-0.919	-1.168	-0.631	-1.009	-0.525	-0.971	-0.518	-0.993	0.175	-0.656	-1.002	-1.500	-0.443	-0.790	-0.482	-0.944	-0.558	-0.553	-1.864	-0.406	-0.177	-1.289	-0.788	-0.855	-0.008	-0.254	-0.185	-0.637	0.039	1.306	0.277	0.927	-0.284	0.586
Magneto	AMB_RS03390	AMB_RS03390		XRE family transcriptional regulator	-1.117	-1.871	0.219	0.239	0.697	-0.754	-0.580	-0.675	-0.118	-1.182	1.717	-1.175	-1.759	0.856	-0.531	1.219	0.381	-0.184	-0.448	0.183	0.161	0.460	0.998	0.616	1.835	-0.417	1.365	0.737	2.199	0.322	1.042	-0.068	-1.160	0.621	-0.049	0.497
Magneto	AMB_RS03400	AMB_RS03400		plasmid maintenance system killer protein	-1.079	-0.539	-1.014	-0.965	-0.920	-0.921	0.802	0.558	0.165	-0.581	-0.187	-0.934	-0.127	0.039	-1.694	-1.084	0.256	-0.984	-0.299	-0.415	-0.160	-0.165	-0.504	-0.003	-0.182	-1.080	-0.713	-0.563	-0.195	-1.297	-1.368	-1.397	-0.446	-1.097	-0.171	-1.394
Magneto	AMB_RS03405	AMB_RS03405		LysR family transcriptional regulator	-0.666	-1.473	0.172	-0.060	-0.418	-0.465	-0.271	-0.730	-0.614	-0.483	0.235	-0.400	-0.382	0.771	1.555	-0.564	-0.691	0.827	-0.271	-0.188	1.145	-0.224	-0.765	-0.467	-1.361	-0.719	-1.253	-0.611	-0.522	-0.435	0.564	-0.678	-0.173	-0.267	-0.048	-0.524
Magneto	AMB_RS03425	AMB_RS03425		hypothetical protein	-0.916	-1.389	1.047	-0.092	-0.585	2.060	2.150	0.950	-0.511	1.461	-0.758	0.944	1.131	1.233	1.590	2.015	1.040	0.862	-0.614	1.181	0.052	1.530	0.847	1.314	1.578	2.712	1.718	1.924	0.230	0.854	0.279	1.120	-0.284	1.914	4.207	1.885
Magneto	AMB_RS03435	AMB_RS03435		PAS domain-containing sensor histidine kinase	0.881	1.498	-0.887	-0.879	0.152	-0.668	-0.564	0.265	-0.130	0.125	0.084	0.233	-0.232	0.077	-0.020	0.379	0.623	-0.911	-0.538	-0.279	0.726	-0.510	-0.004	0.575	0.484	0.969	1.403	1.006	0.051	1.277	1.386	1.596	1.131	0.208	1.077	1.475
Magneto	AMB_RS03450	AMB_RS03450		DUF4239 domain-containing protein	-2.383	0.305	0.785	0.928	0.953	-0.036	-0.611	0.475	0.401	0.477	-0.924	0.694	-0.016	0.814	0.766	0.109	1.129	1.228	0.641	0.705	0.178	0.076	1.255	1.225	-1.010	-0.204	-0.150	-0.625	-0.689	-0.779	-2.194	-0.068	-0.141	-1.181	-0.352	-0.886
Magneto	AMB_RS03455	AMB_RS03455		hypothetical protein	-2.095	0.700	-0.382	-1.120	-1.463	-1.158	-2.117	-0.376	-0.065	-0.129	-1.388	-0.894	-0.162	-1.224	-1.646	0.493	0.215	0.362	-0.590	-0.668	-0.493	-1.082	-0.737	-0.723	-0.305	0.665	0.454	0.439	0.897	1.239	0.605	-1.080	-0.646	1.280	0.740	-0.198
Magneto	AMB_RS03460	AMB_RS03460		hydroxymethylglutaryl-CoA lyase	-0.313	-0.152	5.045	0.235	0.547	0.212	-0.193	-0.772	-0.175	0.990	0.428	0.024	0.147	0.157	0.614	0.009	-0.026	-0.031	-0.215	1.099	-0.053	-0.142	0.114	0.032	-0.775	-0.425	-0.414	-0.490	-0.409	-0.725	0.134	-0.594	-0.138	-2.229	0.050	0.250
Magneto	AMB_RS03465	AMB_RS03465		acetyl/propionyl/methylcrotonyl-CoA carboxylase subunit alpha	-2.630	0.832	2.080	2.092	0.137	0.744	0.764	-0.053	0.346	0.972	1.331	0.370	-0.519	1.240	0.985	0.590	0.425	0.516	1.097	0.449	1.078	0.392	0.967	0.983	0.451	0.008	-0.165	-0.148	-1.002	-0.117	-1.313	-0.631	-1.360	-0.172	-0.046	0.110
Magneto	AMB_RS03470	AMB_RS03470		enoyl-CoA hydratase	-1.432	-2.085	0.483	-1.309	-0.361	0.056	-1.077	-2.182	-1.598	-0.431	-1.896	-0.880	-0.513	-2.128	-0.242	-0.570	-1.357	-1.072	-1.028	-2.729	-0.662	-1.315	-0.843	-2.713	0.474	1.247	0.806	0.181	0.255	-0.023	0.749	0.427	1.377	0.167	1.173	1.069
Magneto	AMB_RS03475	AMB_RS03475		methylcrotonoyl-CoA carboxylase	-1.053	0.670	2.343	0.601	0.877	0.777	-0.298	-0.924	0.219	0.747	0.687	1.551	0.201	0.572	0.719	0.384	0.636	-0.387	1.216	1.168	0.148	0.284	0.192	0.002	-0.795	-0.339	-0.598	-1.390	-0.614	-1.352	-0.489	0.690	0.813	-0.138	0.541	-0.154
Magneto	AMB_RS03480	AMB_RS03480		isovaleryl-CoA dehydrogenase	0.301	1.040	0.714	0.663	0.172	0.177	0.203	0.488	0.730	0.660	0.275	0.370	-0.143	0.207	1.075	0.060	-0.149	-0.654	0.204	-0.335	0.431	-0.090	-0.218	-0.300	0.204	0.278	0.614	-0.318	-0.527	0.351	0.706	0.212	-0.542	0.568	0.903	-0.544
Magneto	AMB_RS03485	AMB_RS03485		AEC family transporter	-0.326	1.615	1.350	1.238	1.153	0.588	-0.257	0.498	-0.019	2.201	2.085	0.592	0.928	1.722	0.471	0.571	-0.294	-1.192	1.164	0.214	0.087	0.360	0.760	0.033	1.109	0.766	1.442	-0.178	-0.845	-0.301	0.618	1.519	1.468	1.365	0.999	2.276
Magneto	AMB_RS03490	AMB_RS03490		cAMP-binding protein	0.625	-0.511	0.118	0.156	0.456	0.334	1.769	0.379	1.764	0.478	0.454	-0.723	0.053	0.624	1.501	0.651	0.048	0.373	0.453	1.912	0.992	0.478	0.062	-0.070	-0.279	-0.858	0.118	0.024	-0.806	-0.014	0.971	0.575	0.175	1.082	1.266	0.428
Magneto	AMB_RS03495	AMB_RS03495		alpha/beta hydrolase	-0.670	-0.326	0.073	-2.400	-2.262	-1.578	-2.262	-2.910	-3.198	-1.470	-1.012	-0.675	-2.527	-2.112	-2.365	-2.572	-2.107	-2.834	-1.463	-0.388	-1.228	-2.777	-2.553	-2.528	-1.160	0.739	-0.485	-0.777	-0.666	-0.170	-0.826	-1.643	-1.164	0.447	-0.492	-0.044
Magneto	AMB_RS03500	AMB_RS03500		DNA-protecting protein DprA	0.839	-0.018	0.571	0.323	0.817	-0.492	0.181	-0.163	-0.066	0.718	-2.317	0.103	1.398	-0.083	-0.411	-0.239	0.565	-0.536	0.077	-0.396	-0.265	1.343	0.613	0.596	0.737	1.445	1.043	1.002	1.844	1.273	0.704	1.477	0.538	0.315	2.214	0.495
Magneto	AMB_RS03510	AMB_RS03510		flagellin-like protein	0.645	-6.178	-2.944	-4.023	-3.532	-5.378	-3.482	-2.115	-2.377	-2.935	-1.982	-1.765	-3.421	-4.598	-3.266	-1.635	-1.823	-2.313	-3.681	-2.749	-3.468	-3.704	-2.301	-3.411	-1.876	-2.301	-1.041	-1.247	-0.139	-0.262	-1.069	-3.907	-2.617	-0.597	-1.867	-0.817
Magneto	AMB_RS03515	AMB_RS03515		DUF115 domain-containing protein	0.001	-0.023	-0.488	0.436	-1.011	-0.849	0.185	0.390	0.361	-1.196	0.377	-2.105	-0.298	-0.096	0.140	0.344	0.513	0.088	-1.351	0.254	-1.558	0.448	0.282	0.878	0.802	-0.014	-0.319	0.537	1.410	0.706	-1.089	-0.704	-2.149	1.011	-0.253	-0.021
Magneto	AMB_RS03520	AMB_RS03520		hypothetical protein	0.732	0.548	-0.768	-1.076	-0.348	-0.080	0.826	1.892	0.791	-1.704	-1.672	-0.769	-0.608	-1.546	0.369	1.433	1.206	0.302	-0.110	-1.529	-0.486	0.735	1.106	0.134	0.096	1.047	0.764	1.218	-0.202	1.398	-0.110	-0.061	0.435	-0.357	1.348	1.420
Magneto	AMB_RS03525	AMB_RS03525		O-linked N-acetylglucosamine transferase	0.612	0.416	0.435	0.728	1.080	0.488	1.641	0.788	0.733	0.573	0.387	1.017	0.059	0.972	0.350	1.095	-0.183	-1.196	-0.162	-0.665	0.107	-0.252	0.909	0.303	0.853	0.553	0.675	0.538	0.697	0.537	0.094	-0.516	-0.584	2.391	1.007	1.898
Magneto	AMB_RS03530	AMB_RS03530		hypothetical protein	-1.088	0.188	0.996	0.235	1.425	0.960	1.544	0.473	1.416	0.806	0.631	1.160	0.999	0.252	0.430	-0.781	0.679	0.868	0.592	1.834	1.697	0.525	1.628	1.365	1.975	0.385	0.857	1.008	1.025	1.481	-0.772	1.164	0.613	2.857	1.119	0.788
Magneto	AMB_RS03540	AMB_RS03540		hypothetical protein	1.323	-0.025	-1.542	-1.751	-0.563	-0.651	0.590	-0.295	-0.559	-1.283	-0.074	-0.524	-0.696	-1.510	-1.311	-0.191	-0.136	0.485	-1.657	-1.301	-0.650	-0.068	-0.346	-0.172	1.655	1.896	0.340	1.807	1.697	1.482	-2.312	0.487	-1.748	-1.138	0.568	0.496
Magneto	AMB_RS03545	AMB_RS03545		hypothetical protein	-0.207	-1.498	-0.005	-0.825	0.562	0.006	0.765	-0.172	0.474	-0.774	-0.431	0.585	-0.214	0.341	-0.085	0.818	-0.446	0.721	0.610	-0.990	0.138	-0.012	0.576	0.772	0.019	0.378	0.043	0.429	-0.168	0.390	0.733	-0.604	0.503	-0.203	-0.161	-0.198
Magneto	AMB_RS03550	AMB_RS03550		hypothetical protein	-0.894	1.090	0.042	-0.605	-0.814	-1.173	0.095	-0.576	-0.410	-1.131	-1.387	-0.292	-0.829	-0.093	-0.930	-0.423	-1.335	-0.689	0.723	0.992	-0.906	-0.414	-0.603	1.276	-0.759	-0.904	-0.984	-0.959	-0.796	-2.122	-2.114	-1.157	-1.827	0.528	-0.173	-0.515
Magneto	AMB_RS03555	AMB_RS03555		tetratricopeptide repeat protein	1.397	-0.014	-0.341	0.593	0.312	0.597	0.511	0.126	0.375	0.475	0.380	1.023	0.384	0.380	0.454	-0.125	1.050	0.243	0.468	-0.007	1.519	1.145	0.627	0.317	-0.291	0.359	0.861	0.392	0.994	0.755	0.437	0.509	1.222	0.138	0.155	0.707
Magneto	AMB_RS03565	AMB_RS03565		pyridoxal phosphate-dependent aminotransferase	0.246	1.560	0.331	-0.217	-0.269	-0.083	-0.660	-0.087	-0.283	-0.668	-0.681	0.074	-0.595	0.210	0.453	0.361	0.020	0.838	0.705	0.281	0.353	-0.591	-0.077	-0.134	1.603	2.140	2.046	1.940	0.782	0.556	2.949	1.401	0.650	1.204	2.243	2.344
Magneto	AMB_RS03595	AMB_RS03595		aspartyl-tRNA amidotransferase subunit B	-0.707	-0.708	-0.442	-0.390	-0.750	-0.769	-1.197	0.387	-0.467	0.944	0.391	1.583	0.139	-1.194	-0.784	-0.288	-0.351	-0.249	1.230	1.320	1.471	-0.549	0.108	0.229	-0.164	-0.616	-0.439	-0.346	-0.093	-0.433	-1.380	-1.776	-2.488	-0.426	-1.997	-1.698
Magneto	AMB_RS03610	AMB_RS03610		transcription elongation factor GreA	-5.506	-4.045	4.003	0.425	-0.620	-0.015	-0.793	0.169	-0.553	-4.239	-2.514	-5.928	-0.482	-2.417	-0.530	-0.334	-0.827	0.128	-3.368	-2.039	-3.332	-1.621	-2.635	-1.958	-1.455	-1.413	-1.666	-2.079	-0.084	-1.952	-5.297	-7.941	-7.880	-6.210	-6.002	-7.615
Magneto	AMB_RS03615	AMB_RS03615		hypothetical protein	0.514	0.719	-1.225	-1.322	-1.189	-1.493	-1.847	-1.051	-1.556	-1.359	-1.362	-1.453	-1.681	-1.690	-0.776	-2.122	-0.995	-0.317	-3.260	-0.633	-1.283	-1.497	-1.583	-1.231	0.121	0.338	0.323	-0.743	-1.269	0.063	-0.702	-0.158	0.412	0.592	-0.251	-1.951
Magneto	AMB_RS03620	AMB_RS03620		iron-dependent peroxidase	-0.482	0.691	-0.334	0.547	0.389	0.411	-0.825	-0.272	0.562	1.178	-0.694	-0.040	0.077	-0.484	-1.005	-0.069	0.281	-0.146	-0.219	-0.442	0.195	-0.046	0.073	0.111	-0.844	-0.905	-0.215	-0.801	-0.565	-0.763	-0.587	-1.288	-1.429	-0.057	-1.297	0.103
Magneto	AMB_RS03625	AMB_RS03625		hypothetical protein	-0.313	-1.019	1.260	-0.778	-0.203	-0.258	-0.937	-1.704	-0.893	2.084	1.649	2.075	-0.720	-0.394	0.141	-0.337	-1.255	-0.989	2.097	0.538	1.139	-2.021	-0.943	0.110	0.266	0.262	0.317	-1.096	0.067	-0.058	1.346	1.453	0.835	1.991	1.542	0.949
Magneto	AMB_RS03630	AMB_RS03630		hypothetical protein	-0.672	-0.109	1.689	1.077	0.888	0.388	-0.476	-0.249	0.262	1.746	1.681	0.619	0.488	1.069	-0.772	0.302	-0.421	0.160	1.666	1.003	-0.641	-0.274	0.396	1.941	0.750	0.639	1.415	0.713	1.440	-0.037	-1.429	0.368	0.678	2.868	-0.689	0.651
Magneto	AMB_RS03635	AMB_RS03635		tetratricopeptide repeat protein	0.722	1.114	0.400	1.282	0.655	0.360	1.198	1.164	0.309	0.692	1.174	1.050	0.365	1.029	0.831	-0.105	0.961	0.373	0.499	0.856	-0.578	0.468	-0.200	0.968	0.298	0.555	0.153	-0.197	-0.786	0.189	-1.425	0.577	1.781	0.089	0.285	1.197
Magneto	AMB_RS03640	AMB_RS03640		CoA transferase	-0.784	-1.083	0.683	1.235	1.007	-0.211	1.392	1.978	0.473	0.414	-0.105	-0.684	0.818	0.492	1.294	1.362	0.972	1.006	1.440	1.055	-0.261	0.128	1.260	1.652	-0.025	0.829	1.183	0.281	-0.037	0.266	0.009	1.582	-0.131	0.853	-0.864	1.168
Magneto	AMB_RS03645	AMB_RS03645		enoyl-CoA hydratase	-0.287	-0.020	0.245	-0.582	-0.541	-0.427	-1.335	-0.603	-0.460	-0.500	-0.597	0.948	-0.552	-1.380	-0.873	-0.193	-0.058	-0.103	-0.043	-1.645	-0.200	-0.282	-2.099	-1.060	0.074	-0.071	0.882	1.178	1.228	-0.119	0.505	1.100	0.489	-0.442	0.386	-0.255
Magneto	AMB_RS03650	AMB_RS03650		elongation factor G	-0.106	-0.416	0.360	0.873	1.058	0.679	0.331	0.138	0.433	0.568	-0.925	0.585	0.347	0.502	0.788	0.421	-0.068	0.670	0.395	0.163	0.172	0.630	1.568	0.780	1.072	-0.233	-0.236	-0.175	0.566	-0.336	-0.451	-0.374	-0.148	-0.756	-0.433	-0.211
Magneto	AMB_RS03655	AMB_RS03655		hypothetical protein	1.294	-2.157	2.394	-2.223	-0.995	-1.105	-0.584	-0.579	-1.456	-2.113	-1.389	-2.089	-1.563	-2.391	-2.331	-1.283	-2.876	-1.578	-3.728	-3.501	-2.887	-2.493	-1.050	-3.046	2.187	1.518	1.650	2.414	1.795	1.720	0.090	-2.545	-2.954	-1.757	-0.078	-1.382
Magneto	AMB_RS03660	AMB_RS03660		pseudaminic acid synthase	-0.615	2.375	-0.187	-0.159	-0.197	-0.853	-0.587	-1.696	-0.716	-0.351	-0.330	-0.141	-0.557	0.309	-0.692	-1.715	-0.813	-0.823	-0.439	-0.421	-1.244	-0.631	-0.336	-0.626	0.805	0.629	0.779	0.422	0.514	0.654	0.571	-1.659	-1.852	-0.119	-0.403	0.615
Magneto	AMB_RS03675	AMB_RS03675		UDP-N-acetylglucosamine 4,6-dehydratase (inverting)	0.153	0.149	-0.271	0.204	0.215	-0.479	0.936	-0.039	0.230	-0.382	-1.025	-0.603	0.616	0.251	-0.278	0.098	0.355	-0.167	-0.206	0.292	0.020	0.843	0.360	0.523	-0.245	-0.745	-0.321	-0.175	0.124	-0.072	-2.957	-1.782	-1.976	0.002	-1.103	-1.626
Magneto	AMB_RS03680	AMB_RS03680		UDP-4-amino-4, 6-dideoxy-N-acetyl-beta-L-altrosamine transaminase	-1.369	0.378	-0.806	-0.937	-0.330	-0.469	-0.237	0.099	-1.031	1.478	1.179	0.281	-1.578	0.083	-0.742	-1.538	-0.269	-0.922	0.173	0.858	0.890	-0.968	-1.060	-0.660	-1.822	-1.678	-1.623	-0.244	-1.354	-2.554	2.019	-3.116	-2.382	-2.718	-1.808	-4.995
Magneto	AMB_RS03685	AMB_RS03685		spore coat polysaccharide biosynthesis protein F	3.990	1.484	2.026	-0.618	0.177	-0.828	-0.703	-0.669	-0.566	4.310	2.643	4.300	1.090	-0.181	1.680	0.968	0.313	1.182	3.565	3.884	3.025	0.716	0.214	0.286	-0.390	0.405	-0.254	1.021	0.182	0.815	3.991	5.293	5.855	6.236	7.509	6.886
Magneto	AMB_RS03690	AMB_RS03690		hypothetical protein	-0.051	-1.667	-0.843	-0.293	1.102	-0.216	-0.605	0.680	-0.550	-0.728	-0.150	-1.257	-0.191	-0.369	0.155	-0.239	0.435	1.049	0.773	1.232	-0.604	-1.052	-0.379	-0.065	-0.268	0.275	-0.715	-0.580	-0.752	0.036	-0.607	-0.801	-1.029	-0.380	0.398	-0.238
Magneto	AMB_RS03695	AMB_RS03695		NADP-dependent malic enzyme	-0.893	0.620	-0.096	-0.188	0.212	0.358	0.409	0.398	0.331	0.103	-0.197	0.418	0.209	-0.036	-0.209	1.275	0.065	0.758	-0.333	-1.024	-0.455	0.121	0.369	-0.147	-1.294	0.024	-0.188	-0.578	0.133	-0.373	-1.140	-0.839	-2.281	-1.311	-0.368	-0.952
Magneto	AMB_RS03710	AMB_RS03710		acyl-CoA transferase/carnitine dehydratase	0.643	0.824	0.530	-0.435	-0.055	0.162	-0.637	-1.546	-0.315	-0.485	0.997	-0.299	0.039	-0.391	0.253	-1.685	-1.024	-0.988	-0.646	0.992	-0.118	-1.145	-0.064	-0.179	0.243	-0.511	0.832	-0.041	0.224	-0.639	-1.671	-0.944	0.992	-1.722	-1.629	0.228
Magneto	AMB_RS03715	AMB_RS03715		hemerythrin	0.351	0.675	0.736	-0.281	0.653	0.724	0.712	0.428	0.563	0.192	0.513	0.992	0.390	0.130	0.659	0.331	0.698	0.188	0.087	0.022	0.182	1.220	0.672	0.696	-0.665	-0.148	-0.528	-0.695	-0.421	0.349	-0.006	-0.326	1.325	0.622	-1.894	-0.404
Magneto	AMB_RS03720	AMB_RS03720		hypothetical protein	-1.519	1.926	0.214	1.023	0.369	-0.430	1.009	-0.219	0.662	1.456	0.691	0.332	0.839	0.064	-0.423	0.056	-0.131	0.549	-0.092	0.905	-0.209	0.727	-0.022	0.060	0.974	1.361	0.653	1.419	1.109	1.311	-0.215	1.832	1.276	-0.556	0.523	1.761
Magneto	AMB_RS03725	AMB_RS03725		DNA helicase II	-1.503	-3.346	-1.823	-2.893	-4.985	-3.917	-3.365	-2.000	-3.009	-3.457	-5.177	-1.800	-3.362	-2.236	-3.626	-3.223	-3.167	-2.768	-3.802	-4.192	-3.340	-3.523	-3.907	-2.529	-5.473	-4.033	-6.006	-6.295	-7.594	-7.488	-3.653	-3.657	-7.998	-4.645	-5.137	-4.498
Magneto	AMB_RS03730	AMB_RS03730		50S ribosomal protein L11 methyltransferase	2.323	-0.219	-0.588	-0.468	0.372	-1.370	-0.597	-1.017	-1.240	-0.983	-0.658	-1.344	-0.432	-0.949	-0.394	0.008	0.798	-0.901	-0.955	-0.977	-0.637	-0.515	-0.840	-0.514	-1.833	-0.912	-2.168	-1.554	-1.885	-0.827	-1.238	-1.676	-0.931	-2.623	-1.698	-1.300
Magneto	AMB_RS03735	AMB_RS03735		methyl-accepting chemotaxis protein	1.191	2.588	0.198	0.028	-0.996	-0.180	0.329	0.473	-0.340	-0.001	-0.616	-0.394	0.529	0.402	0.455	0.741	0.575	-0.667	-0.783	0.029	-0.397	0.219	-0.159	0.128	0.389	0.420	0.386	-0.146	0.274	-0.419	-0.823	-0.580	-1.902	0.083	0.842	-0.993
Magneto	AMB_RS03740	AMB_RS03740		signal transduction protein	0.390	2.190	-0.065	0.840	0.415	0.967	1.086	0.779	0.767	1.033	0.360	1.881	1.683	1.123	0.951	1.022	-0.038	1.578	0.849	1.574	1.175	1.158	0.884	1.643	-1.124	-0.002	0.988	0.185	0.141	1.918	0.703	0.317	1.083	1.188	1.016	0.371
Magneto	AMB_RS03745	AMB_RS03745		prolyl-tRNA synthetase associated domain-containing protein	0.065	2.748	0.056	-0.162	0.984	-0.572	-1.083	-0.697	0.419	1.380	1.534	1.158	0.025	-0.098	0.829	-0.747	-0.225	-0.445	0.845	0.749	1.057	0.544	-0.319	-1.671	0.395	0.427	0.733	-0.470	-0.631	0.388	-1.665	0.993	-0.984	-0.346	0.372	1.069
Magneto	AMB_RS03750	AMB_RS03750		hypothetical protein	-1.343	0.811	-1.237	0.924	0.092	-0.086	-0.282	-0.550	-0.286	-0.016	0.118	0.589	0.154	1.297	-0.003	-0.191	-1.981	0.038	0.968	0.224	-0.592	0.179	-0.180	-0.097	-0.466	-1.688	-0.370	-0.760	-0.925	-0.129	-1.692	-0.538	-1.143	-1.856	-1.290	-0.442
Magneto	AMB_RS03755	AMB_RS03755		hypothetical protein	-0.542	0.346	0.430	0.137	0.298	0.408	-1.580	-0.849	0.241	-0.083	1.011	0.639	-1.464	0.429	-1.357	-1.648	-0.593	-0.290	0.301	0.203	0.368	0.520	-0.211	-0.808	-2.775	-0.105	-1.395	-1.381	-1.857	-1.683	-3.543	-2.548	-2.760	-2.006	-2.232	-2.629
Magneto	AMB_RS03765	AMB_RS03765		hypothetical protein	-0.674	1.450	0.760	-0.471	-0.334	-0.676	0.162	-0.518	0.064	-0.252	-0.281	-0.046	0.491	-0.255	-0.521	-0.073	-0.484	-0.132	-0.242	-1.294	0.157	-0.875	0.759	-0.084	0.977	0.189	0.956	1.003	0.607	0.325	0.387	0.882	0.251	-1.165	0.449	0.394
Magneto	AMB_RS03775	AMB_RS03775		hypothetical protein	0.243	0.011	-1.108	0.419	2.048	0.810	0.698	0.083	0.260	-1.150	-0.356	0.051	-0.307	1.643	0.650	1.151	0.913	-0.280	0.181	1.301	0.352	-0.332	0.412	0.587	-0.837	-0.000	-0.371	-0.088	-0.846	-0.440	1.628	0.096	-1.878	0.754	0.859	0.614
Magneto	AMB_RS03780	AMB_RS03780		hypothetical protein	-0.436	2.223	0.060	1.655	1.164	1.805	3.483	1.260	0.466	-0.204	0.166	-0.383	1.261	1.897	0.149	2.414	3.827	2.573	1.074	1.151	1.592	0.548	2.601	1.980	-1.064	-1.009	-0.878	-0.961	-0.941	-0.943	-0.354	-0.638	-0.583	-0.451	-0.508	-0.690
Magneto	AMB_RS03785	AMB_RS03785		hemerythrin	0.644	0.243	-1.726	-2.219	-1.765	0.038	-0.723	-0.860	0.427	-0.080	1.025	-0.494	-2.208	-0.003	-0.756	-0.135	-0.724	0.632	-0.550	-0.551	-0.417	-0.019	0.201	-0.996	-1.478	-0.652	0.038	-0.803	-0.448	-0.951	0.966	1.111	1.831	1.021	1.671	1.186
Magneto	AMB_RS03790	AMB_RS03790		aminopeptidase P family protein	1.664	-2.157	0.250	-2.341	-0.744	-1.556	-2.006	-1.473	-0.935	-1.630	-1.012	-2.078	0.217	-0.743	-0.630	-0.885	-1.167	-0.038	0.849	-0.804	-1.926	-1.624	-0.363	-1.698	0.426	1.404	1.642	0.740	1.045	0.701	-0.367	3.797	1.587	-0.196	-0.044	-0.260
Magneto	AMB_RS03795	AMB_RS03795		hypothetical protein	-0.403	-0.336	0.393	-0.443	-1.947	-0.725	0.022	0.486	-0.773	-0.704	-0.506	-0.947	0.074	-0.353	-1.394	0.054	-0.507	-0.181	-1.284	-0.629	1.274	-1.355	0.260	0.582	1.591	-0.608	-0.332	0.627	0.182	-1.305	1.986	-1.166	0.133	-0.086	-0.461	-0.294
Magneto	AMB_RS03800	AMB_RS03800		protoheme IX farnesyltransferase 1	1.226	3.020	-0.313	-0.251	-0.576	-0.602	-0.602	0.165	0.861	1.715	0.402	1.071	0.943	0.230	1.579	1.179	0.704	0.425	1.460	0.932	1.231	0.177	0.037	0.084	-0.491	-0.413	-0.016	-0.476	-0.626	-0.421	0.234	2.168	1.053	2.433	0.575	1.179
Magneto	AMB_RS03805	AMB_RS03805		DUF420 domain-containing protein	-1.624	-1.015	0.266	-0.202	0.356	0.127	0.061	0.297	0.346	1.290	0.735	0.633	0.211	0.334	0.786	0.781	0.828	0.254	0.592	0.291	1.677	0.338	-0.367	0.154	-0.168	1.188	0.846	-0.269	0.635	0.825	2.000	1.368	1.422	2.172	0.277	1.806
Magneto	AMB_RS03810	AMB_RS03810		anion transporter	1.501	-0.657	-0.426	0.787	-1.263	0.421	0.099	1.101	1.490	2.938	2.540	1.732	0.125	-0.123	0.648	0.140	0.448	0.427	1.299	1.910	2.929	0.589	1.010	1.436	0.123	-0.851	0.797	0.342	0.565	0.362	0.707	2.661	1.584	1.904	2.842	2.877
Magneto	AMB_RS03815	AMB_RS03815		hypothetical protein	-1.138	-0.366	1.885	1.211	0.845	1.391	1.023	0.202	0.092	-0.329	-0.215	-0.195	0.049	-0.253	0.546	-0.474	1.287	-0.465	0.226	-0.018	1.120	-0.444	-0.144	0.175	-0.241	0.471	1.345	0.904	0.739	0.254	0.867	1.190	0.306	0.987	0.037	0.330
Magneto	AMB_RS03825	AMB_RS03825		DUF86 domain-containing protein	-0.697	0.610	0.316	-0.558	-0.607	-0.519	0.279	0.984	0.712	-1.024	-0.038	0.184	-0.284	-0.549	-0.202	0.704	0.342	0.307	0.079	-0.279	-0.639	0.941	-1.526	-1.620	-0.301	0.650	-0.812	0.136	0.655	-0.141	-0.768	0.619	1.568	-0.840	-1.224	-0.409
Magneto	AMB_RS03835	AMB_RS03835		YicC family protein	-0.253	-1.974	-0.142	-0.868	-1.265	-1.350	-1.147	-2.057	-1.994	-2.352	-1.258	-0.734	-2.207	-1.487	-0.608	-1.409	-1.528	-1.755	-0.997	-0.556	-1.967	-1.635	-1.243	-2.033	0.081	-0.446	0.180	0.294	-0.115	-0.326	-1.092	-1.237	-0.213	-1.178	-1.503	-1.612
Magneto	AMB_RS03845	AMB_RS03845		MFS transporter	2.135	0.735	0.356	-0.285	0.105	1.522	0.807	0.003	0.824	0.838	1.288	-0.656	-0.874	0.151	0.407	-0.528	0.054	0.033	0.320	-0.598	-0.444	-1.196	1.274	-0.637	0.898	1.195	1.352	0.040	0.476	0.762	-0.078	2.060	0.997	1.205	1.552	1.619
Magneto	AMB_RS03850	AMB_RS03850		cytochrome b561	1.077	-0.028	-1.810	-0.471	-0.554	1.607	0.670	0.609	-0.245	0.338	0.885	0.623	1.878	-1.477	-0.373	1.004	-0.605	0.182	0.591	-0.026	-0.597	0.331	-0.177	0.287	1.977	0.706	1.775	0.768	1.517	1.927	2.348	-0.141	-0.034	1.959	0.449	1.405
Magneto	AMB_RS03855	AMB_RS03855		cytochrome c	-0.609	-2.737	0.429	-0.450	-0.286	1.083	2.217	1.105	0.894	0.714	0.611	0.144	-0.463	-0.006	-0.430	-0.369	0.552	0.652	-0.432	-0.465	0.311	1.477	0.815	0.974	0.624	0.990	0.236	-0.143	-0.753	0.566	-0.232	-1.077	-0.883	-0.362	0.001	-0.425
Magneto	AMB_RS03860	AMB_RS03860		NADPH:quinone oxidoreductase family protein	-1.497	-0.333	-0.631	-0.143	-0.180	-1.061	-0.827	-1.181	-0.632	1.091	-0.191	0.525	0.301	0.285	-0.771	-1.191	-0.661	-0.420	-0.515	-0.097	-0.420	0.134	-0.225	-0.076	-0.797	-0.281	0.198	-0.390	-0.464	-0.293	-1.131	0.286	-0.215	-0.092	0.785	0.438
Magneto	AMB_RS03865	AMB_RS03865		hypothetical protein	-0.521	-1.212	-0.473	-0.306	0.879	0.142	0.225	0.855	0.740	1.242	0.015	-0.332	0.315	-0.550	0.167	-0.208	0.767	0.855	-0.558	1.353	0.003	-1.259	-0.242	0.455	-0.159	-0.454	1.035	0.847	0.452	1.421	0.785	0.332	0.604	-0.231	-0.883	-0.003
Magneto	AMB_RS03875	AMB_RS03875		NUDIX domain-containing protein	1.074	-1.856	-2.078	-0.721	-1.054	0.204	-1.044	-1.178	-1.384	-1.893	-0.954	-0.725	-0.761	-1.592	-1.432	-1.955	-1.577	-2.650	-1.353	-0.402	-2.003	-0.430	-2.068	-1.298	-0.334	0.644	0.255	0.536	-0.214	-0.374	-0.803	1.189	0.608	1.214	0.665	0.807
Magneto	AMB_RS03880	AMB_RS03880		tetratricopeptide repeat-containing protein	0.574	-0.547	-0.476	0.215	0.100	-0.696	0.044	-0.034	0.954	0.452	0.698	0.529	0.308	0.154	-0.239	-0.106	-0.620	-0.173	-0.764	-0.401	0.579	0.193	0.169	0.136	0.520	-0.013	0.596	0.760	-0.012	0.746	-0.421	0.511	1.361	-0.094	-0.817	0.111
Magneto	AMB_RS03885	AMB_RS03885		pentapeptide repeat-containing protein	1.550	2.398	-0.499	0.185	-0.030	1.379	-1.637	0.297	-0.175	0.852	0.378	-0.248	0.597	-0.465	0.897	0.544	-0.146	-0.679	0.527	0.759	-0.836	-0.713	-0.111	1.005	-0.726	-0.634	0.389	-0.278	-0.876	-0.788	0.575	-1.403	0.374	-0.133	0.111	0.729
Magneto	AMB_RS03890	AMB_RS03890		GGDEF domain-containing protein	-1.094	-0.774	0.204	-0.505	0.370	0.053	1.244	-0.079	-0.086	-1.254	0.865	-0.383	-0.053	-0.657	-0.364	0.139	0.834	0.478	-0.395	0.881	0.431	-0.028	-0.100	0.120	-1.106	-0.693	-0.521	-0.961	-0.694	0.209	-0.957	-0.504	0.707	-0.055	-0.169	-1.455
Magneto	AMB_RS03900	AMB_RS03900		hypothetical protein	-0.345	-0.365	0.018	0.548	0.173	-1.042	-0.044	0.823	0.416	0.716	1.065	-0.703	0.273	0.566	-0.787	-0.383	0.219	-0.188	1.662	0.341	1.179	-0.406	0.186	-0.466	-1.214	-0.656	-0.360	-0.998	-0.748	-0.326	2.305	-0.448	-0.630	-0.321	-1.999	-0.103
Magneto	AMB_RS03905	AMB_RS03905		ribonuclease H	0.316	-0.258	0.417	0.394	1.163	-0.577	1.227	0.173	-0.246	-0.604	-0.979	-2.773	-0.421	0.122	0.408	-0.125	0.397	0.758	-0.513	-0.471	0.244	-0.236	-0.955	-0.074	-0.406	-0.709	-0.793	-0.218	-0.727	-0.803	-2.368	-0.204	-1.125	-0.489	-0.631	-0.483
Magneto	AMB_RS03920	AMB_RS03920		hypothetical protein	5.357	-1.912	0.565	0.069	-0.725	0.919	0.815	0.346	0.073	-2.006	-0.776	-1.374	0.638	-1.999	-1.556	-1.017	0.721	-0.249	-1.066	-1.591	0.870	0.147	0.589	-1.131	0.157	0.865	0.660	0.006	0.652	0.196	-0.356	0.657	0.015	0.654	0.099	0.511
Magneto	AMB_RS03925	AMB_RS03925		glycine cleavage system protein T	-0.846	1.433	-1.031	-0.674	-0.426	-0.589	-0.538	-0.787	0.075	0.624	-0.235	0.529	-0.805	-0.622	0.184	-0.986	-1.387	-1.033	-0.356	0.390	-0.723	-1.215	-1.596	0.179	-0.421	-0.118	-0.382	-0.232	0.053	-0.178	-0.066	-1.102	-0.771	-0.776	-2.982	-2.836
Magneto	AMB_RS03930	AMB_RS03930		glycine cleavage system protein H	1.051	0.113	-0.397	-1.422	0.662	0.388	0.094	0.190	-0.363	0.519	-0.738	0.459	0.198	-0.953	-1.214	-0.959	-0.881	-1.134	0.586	-0.107	0.123	0.046	-0.268	-0.067	-0.884	-1.107	-0.752	-0.508	-0.625	-0.461	-2.195	-1.630	-1.360	-0.676	-0.906	-1.844
Magneto	AMB_RS03935	AMB_RS03935		glycine dehydrogenase	-1.715	-1.410	-0.833	0.027	-0.525	0.253	-0.197	-0.175	-0.136	-0.214	0.058	0.009	-0.458	-0.193	0.301	-1.006	-1.203	0.141	0.083	-0.024	0.011	-1.893	-0.900	-0.282	-1.606	-0.702	-1.134	-0.913	-0.527	-0.623	-2.129	-2.242	-2.733	-3.125	-3.664	-2.629
Magneto	AMB_RS03940	AMB_RS03940		glycine dehydrogenase (aminomethyl-transferring)	2.443	-1.503	-2.070	0.080	0.506	-0.341	0.486	-0.165	-0.256	0.049	-0.371	-0.015	-0.191	-0.147	-0.013	-0.628	-1.155	-0.203	0.176	-0.505	-0.116	-0.767	-1.264	-1.242	0.397	0.334	0.425	0.546	0.932	0.802	-1.480	-1.776	-0.954	-2.004	-2.490	-1.264
Magneto	AMB_RS03945	AMB_RS03945		hypothetical protein	0.740	0.005	-2.736	-1.124	-1.687	-0.203	-0.300	-0.816	0.345	0.119	-0.441	0.236	-0.302	-1.371	-0.411	0.534	-0.641	-0.972	-0.826	-1.008	-1.781	-0.993	-0.636	0.318	-0.058	-1.272	-1.126	-0.426	-0.094	-0.117	-0.107	0.079	-1.379	-0.621	1.209	-2.354
Magneto	AMB_RS03955	AMB_RS03955		methyltransferase	-0.657	1.966	0.363	-0.416	-0.476	0.522	0.278	-1.237	-0.050	1.372	0.609	-0.025	0.646	-0.383	0.149	-0.463	-0.318	-0.827	1.028	2.174	0.772	-0.054	-0.311	-0.968	-1.143	-1.035	-0.323	-0.670	-0.788	-1.138	-0.515	-1.968	0.327	-0.077	-0.855	-1.917
Magneto	AMB_RS03960	AMB_RS03960		ABC transporter permease	-1.082	-0.110	0.124	-0.118	0.159	-0.471	-0.383	0.254	-0.583	0.058	1.488	0.801	0.903	0.324	-0.122	-1.463	-0.428	-0.012	0.263	-0.692	0.171	-0.353	-1.070	-0.390	0.454	0.294	-0.502	-0.339	0.507	0.009	-0.318	0.341	0.366	0.365	0.026	0.401
Magneto	AMB_RS03965	AMB_RS03965		ABC transporter ATP-binding protein	-0.376	-1.609	-0.271	1.282	0.419	0.054	-0.690	-0.551	-0.157	-0.732	1.644	-0.243	-0.454	-0.802	0.357	0.070	-0.157	-0.231	0.041	0.819	0.970	-0.184	0.452	0.698	-0.910	-1.190	-1.197	-0.945	-0.792	-1.012	0.005	-0.597	-0.244	-0.174	-0.208	-0.661
Magneto	AMB_RS03970	AMB_RS03970		hypothetical protein	0.196	0.630	-0.479	1.118	-0.636	-0.437	-1.013	-0.441	-0.425	-0.635	0.340	0.008	0.276	-0.905	0.212	0.179	-1.000	-0.697	-0.237	-0.837	-0.091	-1.030	0.032	-0.597	1.590	0.962	0.671	0.917	1.107	0.667	0.962	0.865	0.903	-0.241	0.430	1.086
Magneto	AMB_RS03975	AMB_RS03975		hypothetical protein	-0.687	0.832	0.287	0.962	0.592	0.086	1.067	1.727	2.596	1.457	1.351	0.564	0.152	0.504	0.361	0.116	1.983	1.736	0.767	0.349	0.458	0.756	1.258	1.052	0.144	0.059	-0.349	-0.331	-0.158	0.025	0.476	0.628	0.043	-1.473	-1.352	-1.227
Magneto	AMB_RS03980	AMB_RS03980		serine/threonine protein phosphatase	-0.162	0.650	1.030	0.545	-0.216	1.085	0.904	0.589	0.614	1.661	-0.439	1.900	1.972	0.280	0.952	1.668	0.606	-0.315	0.822	0.507	1.441	0.369	1.171	0.236	-0.353	0.263	-0.735	-0.584	-0.659	-0.374	2.177	0.753	-0.267	-0.624	0.342	-0.450
Magneto	AMB_RS03990	AMB_RS03990		NADPH-dependent 7-cyano-7-deazaguanine reductase QueF	0.406	0.467	-1.130	-1.576	-0.732	-1.677	-1.934	-0.523	-1.901	0.190	0.404	-0.414	-1.212	-0.784	-1.576	-1.177	-1.762	-1.579	0.282	-1.640	-0.988	-0.711	-1.503	-0.711	0.149	0.162	1.063	-0.154	0.751	-0.343	-0.272	-0.794	-1.856	-0.655	0.403	0.072
Magneto	AMB_RS03995	AMB_RS03995		tRNA epoxyqueuosine(34) reductase QueG	-0.952	0.769	0.425	0.030	-0.590	-0.480	-1.197	-0.787	-0.840	1.442	0.588	1.096	1.396	-0.610	0.287	-1.119	-1.622	-0.566	1.458	2.268	0.808	0.162	-0.608	0.611	-1.177	-1.725	-0.346	-1.057	-2.123	-0.518	-0.964	-0.273	-0.045	0.610	0.187	1.262
Magneto	AMB_RS04000	AMB_RS04000		XRE family transcriptional regulator	-0.284	-2.061	1.389	-1.062	-0.717	-0.784	-0.699	-1.020	0.048	-0.916	0.266	-0.146	0.156	-2.196	0.105	-0.076	0.184	-0.334	-1.421	-2.204	0.007	-2.382	-0.433	-0.390	1.545	0.689	1.016	0.736	0.007	0.831	1.631	1.124	-0.687	0.244	-0.943	0.345
Magneto	AMB_RS04005	AMB_RS04005		hypothetical protein	0.677	-0.524	1.160	-0.446	1.225	0.715	1.081	1.363	1.224	-1.110	0.715	-0.119	1.428	-0.073	1.599	0.367	1.557	1.607	1.716	-0.916	0.179	-0.579	0.833	0.743	-0.204	0.267	0.573	0.062	0.280	0.137	-2.582	1.232	1.045	-0.042	-0.802	0.426
Magneto	AMB_RS04010	AMB_RS04010		putative heme iron utilization protein	-0.707	0.930	0.378	0.746	1.312	1.113	1.205	0.119	1.735	1.330	0.847	0.605	2.347	0.185	1.533	1.553	0.272	1.467	1.281	1.122	0.911	2.325	0.217	1.136	-2.155	-0.957	-0.975	-1.370	-2.025	-1.818	-1.520	-1.086	-0.997	-1.114	-1.304	-0.546
Magneto	AMB_RS04020	AMB_RS04020		hypothetical protein	-0.628	2.976	-1.048	-0.158	-0.421	0.437	0.742	-0.015	-0.442	0.710	2.546	3.233	1.283	0.555	-0.231	-0.403	-0.155	-0.747	1.018	3.535	4.043	1.028	0.023	0.352	-0.439	-0.105	-1.017	-0.773	-0.649	-2.300	2.336	1.876	2.888	1.930	0.088	-1.601
Magneto	AMB_RS04025	AMB_RS04025		glutathione S-transferase	0.030	-1.304	0.339	-0.358	-0.656	1.453	-0.088	-0.027	0.273	1.207	-1.684	-0.421	-0.776	0.061	-0.456	-0.448	-0.556	-1.684	1.483	0.084	-1.026	0.370	-0.264	-0.949	-0.961	-0.702	-0.463	-1.251	-1.366	-0.930	-1.413	-1.598	-0.639	0.135	-0.074	-1.107
Magneto	AMB_RS04030	AMB_RS04030		cupin	0.819	0.819	0.003	0.090	0.552	0.502	-0.089	0.452	-0.235	1.486	0.455	0.184	-0.544	0.254	0.279	0.815	1.002	-1.001	0.168	1.489	1.418	0.169	0.008	1.037	0.873	0.974	0.513	1.542	0.633	1.383	0.643	1.991	0.885	0.402	0.942	0.439
Magneto	AMB_RS04035	AMB_RS04035		hypothetical protein	-0.948	-2.456	0.860	-0.581	-0.450	-0.326	0.639	-0.008	0.394	0.338	-1.677	-1.898	-0.464	-1.549	-0.562	0.246	1.551	1.982	-0.478	-0.748	0.067	-1.192	0.340	-0.278	0.613	1.750	0.525	1.135	1.569	1.787	0.429	-0.114	-0.401	0.214	0.322	0.334
Magneto	AMB_RS04040	AMB_RS04040		phosphatase	0.090	-0.976	0.162	-0.537	-1.629	-1.474	0.615	-1.172	-2.104	-2.669	-1.927	-1.392	-1.444	-0.919	-0.989	-1.746	-0.058	0.319	-2.041	-1.328	-1.118	-1.298	-0.143	-1.109	-2.174	-1.285	-1.164	-1.099	-1.491	-1.555	-2.327	-1.651	-1.416	-2.614	-1.300	-2.645
Magneto	AMB_RS04045	AMB_RS04045		B12-binding domain-containing radical SAM protein	-1.698	-5.043	1.903	-0.509	-2.651	-3.240	-2.794	-4.423	-2.827	1.448	1.218	-0.202	-7.058	-7.571	-7.300	-2.103	-1.649	-2.294	1.386	0.438	0.937	1.311	1.119	1.455	-2.118	-0.249	-2.489	-0.614	-0.482	-0.168	-0.802	-0.551	-0.505	-3.956	-0.917	-1.871
Magneto	AMB_RS04050	AMB_RS04050		thiamine pyrophosphate-binding protein	-0.321	-6.065	0.828	-1.700	-3.204	-4.651	-3.063	-5.198	-3.559	0.252	-0.465	1.378	-7.975	-8.955	-7.735	-2.278	-2.983	-3.676	0.828	0.692	1.262	0.513	0.235	0.865	-0.929	0.257	-0.209	0.568	1.612	1.238	1.175	0.541	-0.217	-0.331	0.906	0.053
Magneto	AMB_RS04055	AMB_RS04055		DegT/DnrJ/EryC1/StrS family aminotransferase	1.757	-0.092	-0.178	0.538	0.804	0.065	1.300	0.304	-0.314	-0.207	0.994	-0.131	-0.024	0.280	-0.046	0.027	0.842	0.084	0.165	-0.573	-1.024	-0.150	-0.077	0.361	0.344	0.585	0.280	1.033	0.514	1.025	0.412	-0.048	-0.822	-0.290	0.742	1.492
Magneto	AMB_RS04060	AMB_RS04060		pyridoxal phosphate-dependent aminotransferase	0.949	-4.660	-0.214	-0.198	-2.172	-3.540	-1.128	-4.972	-3.186	0.084	0.073	0.055	-6.423	-7.694	-6.216	-1.687	-2.770	-2.514	-0.006	1.154	0.777	1.040	1.085	0.321	-1.081	0.621	-0.703	0.978	0.575	0.867	-1.480	0.041	-0.140	-1.475	1.075	0.089
Magneto	AMB_RS04065	AMB_RS04065		class I SAM-dependent methyltransferase	1.345	-0.663	0.774	0.221	0.965	-0.321	-0.140	-0.212	-0.732	0.626	-0.593	0.897	-0.425	0.791	-0.610	0.384	0.401	0.493	0.369	0.213	0.107	0.113	0.091	0.847	0.446	-0.247	-0.912	-0.100	0.496	0.591	-0.634	-1.754	-0.130	0.990	0.654	0.724
Magneto	AMB_RS04070	AMB_RS04070		hypothetical protein	-1.452	0.338	-0.443	0.061	0.636	0.246	-0.440	-1.078	-0.655	0.556	0.071	0.817	0.321	0.023	-0.095	-0.218	-0.285	-0.318	0.226	1.118	0.181	0.024	-0.225	-0.517	-0.552	-0.335	-0.040	-0.814	-1.267	-0.846	-0.464	1.160	1.160	1.861	0.434	1.034
Magneto	AMB_RS04085	AMB_RS04085		GDP-L-fucose synthase	-1.885	0.628	-1.117	1.465	0.074	0.243	0.928	-0.037	1.077	-0.242	-2.270	0.925	-0.140	0.862	-0.031	-0.245	1.125	0.368	-0.197	0.809	-0.221	-0.058	0.278	-0.038	0.255	1.402	2.094	0.933	1.810	1.537	1.376	1.656	3.356	0.292	1.127	0.910
Magneto	AMB_RS04090	AMB_RS04090		MFS transporter	1.672	0.798	1.182	1.699	1.209	-0.582	0.834	1.115	0.518	2.742	1.692	0.438	1.111	-0.293	-0.160	2.788	0.112	1.699	0.304	2.183	-0.553	-0.418	1.825	2.112	1.061	-0.059	0.592	0.584	0.494	-0.087	-0.425	0.625	-0.031	0.024	-0.327	0.654
Magneto	AMB_RS04095	AMB_RS04095		4-hydroxy-2-oxoheptanedioate aldolase	0.135	-0.574	-0.621	0.614	1.381	0.469	0.856	-0.265	-0.389	1.585	1.880	1.648	0.933	1.061	0.779	-0.005	0.169	-0.498	2.256	2.187	0.991	-0.209	1.369	1.183	0.755	0.156	-0.172	0.053	0.022	1.593	0.495	1.187	-0.199	0.198	0.605	2.263
Magneto	AMB_RS04100	AMB_RS04100		2-oxo-hepta-3-ene-1,7-dioic acid hydratase	-0.417	-0.388	-1.136	-1.057	-0.173	-2.532	-0.550	-0.853	-0.668	-0.424	0.854	-0.238	-0.339	-1.388	-0.968	-0.119	-0.202	0.097	-0.970	-0.514	0.692	-1.152	0.336	-1.288	-0.982	1.191	-0.533	0.304	0.105	-0.094	-0.545	0.360	0.452	0.921	-1.555	1.375
Magneto	AMB_RS04105	AMB_RS04105		5-carboxymethyl-2-hydroxymuconate isomerase	-0.692	-0.099	-0.163	-0.710	-0.151	0.989	1.203	0.919	0.391	-0.049	0.108	0.188	0.128	-0.357	-0.386	0.343	-0.676	1.141	-0.103	0.292	-0.424	0.100	0.894	0.168	-0.756	-2.023	-1.817	-0.803	-1.165	-1.496	0.187	-0.838	-1.786	0.037	-1.348	-2.088
Magneto	AMB_RS04110	AMB_RS04110		3,4-dihydroxyphenylacetate 2,3-dioxygenase	-2.826	-1.634	-1.051	-0.229	-0.424	0.238	-0.628	-0.286	-0.060	-0.126	0.030	-0.425	-0.250	-0.779	-0.117	1.102	0.002	0.999	-0.930	-0.269	-0.312	-0.896	1.167	-0.347	0.284	-0.462	-0.370	0.052	-0.033	0.087	0.596	0.482	-0.680	2.226	0.747	0.884
Magneto	AMB_RS04115	AMB_RS04115		5-carboxymethyl-2-hydroxymuconate semialdehyde dehydrogenase	0.905	1.003	-1.497	0.293	0.381	0.587	-0.420	-1.397	-0.602	-0.643	-0.905	-1.172	-1.070	-0.643	-0.194	-0.388	-0.574	-0.666	0.335	-0.602	-0.762	-0.895	-0.256	-0.681	2.078	0.847	0.932	0.336	0.606	0.609	0.677	1.707	1.654	1.503	1.344	1.396
Magneto	AMB_RS04120	AMB_RS04120		2-hydroxyhepta-2,4-diene-1,7-dioate isomerase	-0.700	2.527	-0.183	0.679	0.720	0.131	-0.831	-0.636	-0.803	0.960	0.744	0.436	-0.212	-1.003	0.235	-1.010	-1.539	-0.072	0.801	1.156	1.099	-0.683	0.061	-0.079	0.554	0.670	0.298	0.096	0.458	-0.418	1.021	2.169	1.547	0.712	1.500	1.309
Magneto	AMB_RS04125	AMB_RS04125		2-keto-4-pentenoate hydratase/2-oxohepta-3-ene-1,7-dioic acid hydratase	-1.000	0.756	-0.245	-0.469	-0.063	0.412	-0.274	0.042	0.192	0.734	0.850	-0.111	0.224	-0.155	0.773	0.043	0.402	0.327	-0.065	0.575	0.824	0.489	-0.179	-0.279	0.878	0.367	0.521	0.882	-0.078	-0.588	1.061	0.846	0.647	1.574	1.286	1.161
Magneto	AMB_RS04130	AMB_RS04130		TRAP transporter large permease	-0.149	0.572	-0.010	0.534	0.330	0.140	0.052	-0.005	0.314	-0.182	-0.952	0.459	0.541	0.583	0.516	-0.100	0.184	0.362	0.611	0.722	-0.419	0.204	0.319	1.268	-0.844	-0.816	-0.689	-1.343	-0.953	-0.293	-0.176	-0.733	-0.621	-0.052	-0.769	-1.038
Magneto	AMB_RS04140	AMB_RS04140		TRAP-type C4-dicarboxylate transport system	-0.209	-0.728	-1.288	-1.160	-0.269	0.168	-1.546	-0.424	0.068	-0.635	-0.250	-1.187	-0.105	-1.332	0.575	-0.087	-0.735	-0.841	-0.502	0.384	-1.395	-1.311	0.021	-0.835	0.594	0.151	0.415	-0.334	0.556	0.612	0.602	-0.368	-0.918	-1.536	0.944	-1.607
Magneto	AMB_RS04145	AMB_RS04145		homoprotocatechuate degradation operon regulator HpaR	-0.066	-0.101	0.274	0.194	0.691	-1.503	-1.061	-0.656	0.332	0.430	-0.361	0.077	0.299	-0.271	0.230	0.042	-0.624	0.444	-0.101	0.466	0.982	0.783	0.185	0.118	-2.037	-0.918	-1.325	-1.006	-1.330	-0.236	-0.034	-0.653	-0.350	0.660	0.794	0.089
Magneto	AMB_RS04150	AMB_RS04150		acetylornithine transaminase	1.572	0.211	0.167	-0.201	0.289	-0.249	0.376	0.006	-1.358	0.325	1.023	0.657	-1.012	0.358	-0.336	0.832	0.585	0.984	0.063	-0.120	0.142	-0.482	-0.418	0.880	0.340	0.562	0.497	1.040	0.033	0.371	1.655	-1.163	-0.167	1.461	-0.049	-0.078
Magneto	AMB_RS04160	AMB_RS04160		NAD-dependent succinate-semialdehyde dehydrogenase	0.471	-0.781	-1.078	0.273	-0.771	-0.673	0.032	-0.149	-1.234	0.344	0.181	0.039	-0.792	-0.878	-1.723	-1.809	-1.100	-0.603	0.411	-0.942	-0.612	-0.746	0.066	-0.414	-0.345	-0.160	-0.450	-0.603	-0.617	-0.230	-1.326	-0.756	-2.189	-0.547	-0.119	-1.043
Magneto	AMB_RS04175	AMB_RS04175		alpha-E domain-containing protein	-0.007	-1.511	-0.684	-0.990	-1.188	-0.988	-0.688	-0.795	-0.978	-1.837	-1.282	-2.477	-1.384	-0.976	-0.254	-0.556	-0.488	0.046	-1.480	-2.999	-1.551	-1.490	-2.365	-1.701	0.211	-0.036	0.104	0.471	-0.198	-0.639	-2.172	-0.548	-1.299	-0.436	0.333	0.985
Magneto	AMB_RS04180	AMB_RS04180		circularly permuted type 2 ATP-grasp protein	0.468	-2.084	-0.035	-2.498	-2.460	-2.055	-1.675	-2.168	-2.591	-2.613	-0.936	-2.205	-1.766	-1.373	-1.453	-1.923	-1.745	-0.968	-1.691	-1.693	-1.951	-2.375	-2.400	-2.197	-0.401	-0.129	0.177	-0.614	0.032	0.009	-0.491	-0.436	-0.245	0.248	-0.194	-0.947
Magneto	AMB_RS04185	AMB_RS04185		IMP dehydrogenase	-3.263	-5.700	-0.346	-1.735	-0.264	-1.981	-1.211	-1.913	-2.951	-0.875	1.005	-1.798	-1.847	-2.060	-3.071	-1.911	-3.244	-3.701	-1.724	-0.738	-1.449	-2.879	-2.306	-1.945	-3.267	-2.189	-2.518	-1.998	-2.383	-2.437	-1.755	-2.185	-2.078	-2.328	-3.042	-1.562
Magneto	AMB_RS04200	AMB_RS04200		hypothetical protein	-0.764	-0.979	0.408	-0.260	-0.028	0.622	0.019	-0.095	0.022	-0.770	-0.713	0.580	-0.426	-0.927	-0.047	-0.905	0.038	1.128	-0.106	0.053	-0.761	0.115	-0.233	-0.866	-2.169	-1.889	-2.418	-1.850	-1.700	-1.135	-1.684	-2.297	-0.808	-2.167	-1.692	-2.193
Magneto	AMB_RS04205	AMB_RS04205		PAS domain-containing sensor histidine kinase	0.840	1.092	-1.253	-0.241	-1.158	-0.005	0.257	0.177	-0.720	0.054	-1.196	-0.106	-0.740	-0.806	-0.549	-0.124	-0.049	-0.138	-0.971	0.241	-0.214	-0.983	-0.385	0.378	0.874	0.513	0.517	0.819	0.213	0.541	2.099	0.792	1.018	0.053	0.733	0.413
Magneto	AMB_RS04210	AMB_RS04210		bacterioferritin	-0.337	-0.589	0.504	-0.124	0.818	0.888	-0.530	1.159	1.963	0.656	-0.488	-0.255	1.356	0.642	0.799	0.637	1.204	1.564	0.500	0.803	0.106	0.946	1.068	1.445	-0.252	-0.723	-0.468	0.062	-0.023	-0.129	-1.169	1.026	-1.676	-0.456	-0.004	-0.700
Magneto	AMB_RS04215	AMB_RS04215		bacterioferritin	-0.251	0.953	0.055	-1.082	-0.256	-1.157	-0.506	-1.330	-0.211	-0.586	-0.621	-0.871	-0.878	0.162	0.009	0.132	0.190	-0.695	0.412	0.030	0.848	-0.575	-0.304	-2.265	-0.268	-0.351	-0.398	-0.036	-0.422	-0.904	-1.656	-1.724	-1.043	-0.024	-0.690	0.089
Magneto	AMB_RS04220	AMB_RS04220		transcriptional regulator GcvA	3.894	-0.649	0.524	-0.588	1.183	1.060	1.599	-0.144	1.587	-0.507	-0.073	-1.290	0.787	0.502	0.148	1.501	3.097	2.306	-0.581	0.553	-0.425	0.040	1.980	0.556	-0.714	-0.314	-0.249	2.519	0.531	0.383	-0.213	0.792	1.185	-0.318	1.698	-0.211
Magneto	AMB_RS04225	AMB_RS04225		EamA/RhaT family transporter	-1.254	0.694	0.461	-1.029	0.211	-0.304	0.426	-0.270	0.737	-0.097	0.547	1.357	-0.634	0.137	0.182	0.366	0.301	0.170	0.176	-0.480	0.776	0.071	-0.299	1.557	0.114	0.607	0.774	-0.019	0.416	-0.039	0.476	0.725	0.849	0.554	0.099	-1.632
Magneto	AMB_RS04230	AMB_RS04230		acyl-CoA thioesterase	-0.665	-0.031	-0.880	0.199	-0.610	-0.956	-0.916	-2.042	0.203	-1.233	-1.504	-0.020	-0.979	-0.259	-0.815	0.793	-0.573	0.306	-0.729	0.399	0.128	-0.755	-0.691	-1.047	1.589	0.237	0.702	0.546	0.243	0.547	1.496	1.822	0.282	-0.120	0.638	-0.312
Magneto	AMB_RS04235	AMB_RS04235		hypothetical protein	0.800	2.000	0.618	0.551	0.105	1.444	-0.314	-0.033	-0.234	0.676	1.487	0.702	0.610	0.621	-1.208	-0.803	0.118	-0.189	1.761	0.535	0.712	0.210	0.148	0.718	-0.174	-0.179	-0.572	-1.105	-0.538	-0.884	2.284	2.352	1.360	2.047	1.307	1.941
Magneto	AMB_RS04240	AMB_RS04240		hypothetical protein	0.013	-0.081	-0.067	0.790	0.062	-0.109	1.468	0.588	-0.068	-0.547	0.494	0.575	0.818	0.223	1.255	0.261	0.727	-0.480	0.520	-0.738	0.174	0.479	-0.392	0.435	-0.564	-0.505	-1.706	-0.634	-0.427	-1.404	-0.616	-1.439	-0.371	-0.046	0.165	-0.708
Magneto	AMB_RS04245	AMB_RS04245		(R)-hydratase	0.681	-0.293	-0.125	-1.271	-1.579	-2.408	0.170	-0.819	-1.279	-6.308	-4.866	-5.203	-0.735	-1.765	-1.479	-1.499	0.238	0.367	-2.636	-1.723	-2.556	-2.037	-1.919	-1.364	0.166	0.080	0.825	0.890	1.493	1.179	0.774	1.302	-0.504	-0.235	-1.329	-0.718
Magneto	AMB_RS04270	AMB_RS04270		insulinase family protein	-0.615	0.224	1.431	1.890	0.050	0.188	0.994	1.135	0.890	2.576	3.748	3.016	1.578	1.272	1.911	0.886	0.707	1.105	4.117	3.044	3.514	3.496	1.848	2.114	-2.101	-0.790	-0.909	-1.570	-1.355	-1.267	-1.701	-2.886	-2.111	-0.944	0.664	0.098
Magneto	AMB_RS04275	AMB_RS04275		insulinase family protein	0.107	1.999	0.289	-0.255	-0.280	0.625	0.124	0.481	0.481	3.239	3.121	1.804	0.743	1.206	1.819	2.043	1.819	1.108	4.431	3.509	2.491	1.679	2.825	2.302	-1.742	-1.855	-1.714	-0.920	-1.987	-1.062	-0.718	-2.398	-2.392	0.515	-0.440	0.646
Magneto	AMB_RS04280	AMB_RS04280		polyhydroxyalkanoate synthesis repressor PhaR	0.792	-3.836	2.556	-8.353	-5.804	-5.387	-6.041	-5.763	-3.982	-18.264	-8.449	-13.458	-3.943	-4.778	-2.779	-3.786	-2.861	-1.670	-9.988	-10.734	-9.749	-3.688	-2.802	-3.867	-4.740	-2.667	-3.561	-1.085	0.544	-2.342	-9.647	-16.103	-11.352	-13.310	-11.826	-16.501
Magneto	AMB_RS04305	AMB_RS04305		HD domain-containing protein	-1.057	-0.691	0.364	-0.010	1.384	0.611	0.388	-0.342	0.012	1.705	0.934	1.763	0.286	1.633	0.788	-0.860	0.343	-0.359	1.627	0.761	0.508	1.029	0.272	1.326	-0.645	-0.892	-0.393	-1.337	-0.996	-1.121	1.610	1.168	0.026	0.369	0.862	0.118
Magneto	AMB_RS04310	AMB_RS04310		receptor protein	0.302	1.006	0.360	1.458	0.715	1.238	0.573	0.872	1.938	1.021	-1.459	0.519	1.304	0.921	1.505	1.292	1.347	1.547	1.173	-0.181	1.071	0.907	0.410	1.261	0.820	1.341	0.620	-0.305	0.627	0.524	2.052	1.927	1.283	0.852	1.813	1.620
Magneto	AMB_RS04315	AMB_RS04315		PAS domain S-box protein	-0.540	-1.498	-1.036	-0.582	0.616	-0.007	-0.460	-0.180	0.043	0.442	-1.758	0.104	0.420	0.456	-0.859	1.150	-0.164	0.094	-0.348	-0.390	0.481	-0.460	-0.289	-0.529	-0.663	-0.513	0.028	-0.695	-0.925	-0.240	0.023	-0.373	-0.380	-0.298	-0.105	-0.789
Magneto	AMB_RS04320	AMB_RS04320		DNA-binding response regulator	-0.204	-0.741	1.056	0.352	-0.646	-1.232	-2.075	-1.153	-0.788	-0.520	-1.443	0.188	-0.920	-0.574	-1.142	0.021	-0.010	-0.729	-0.519	-0.825	-1.062	-1.062	-0.919	-0.441	-0.724	0.883	-0.238	0.075	-0.640	-0.545	-0.009	0.139	-0.910	-0.848	-1.165	-2.076
Magneto	AMB_RS04325	AMB_RS04325		TetR/AcrR family transcriptional regulator	-2.329	-4.552	2.853	-1.969	-1.343	-1.717	-3.001	-2.629	-0.275	-3.092	-2.519	-2.711	-3.430	-2.172	-2.047	-1.023	-2.196	-1.557	-1.152	-3.124	-3.589	-2.695	-3.810	-2.051	-1.591	-3.024	-1.765	-1.705	-1.892	-2.753	-3.467	-4.765	-3.749	-4.220	-4.722	-5.089
Magneto	AMB_RS04330	AMB_RS04330		xanthine and CO dehydrogenase maturation factor	1.111	-0.635	-0.604	0.626	0.208	0.437	-0.135	0.604	0.057	0.622	-0.009	-0.634	0.259	-0.720	0.794	-0.353	0.316	0.187	-0.098	-0.782	-1.098	-0.855	-1.085	0.521	-0.923	1.045	0.193	0.248	-0.651	0.172	0.339	-0.381	1.385	0.037	1.190	-0.694
Magneto	AMB_RS04340	AMB_RS04340		enoyl-CoA hydratase	-0.400	0.724	-0.161	0.307	0.868	-0.097	0.971	0.021	-0.486	1.260	-0.863	-0.457	-0.359	1.026	-0.969	-0.075	0.323	0.737	0.897	0.578	0.460	-0.691	0.139	0.125	-0.709	0.257	-1.104	0.105	0.418	-0.092	-0.906	-1.194	-0.070	0.128	-2.593	-2.172
Magneto	AMB_RS04345	AMB_RS04345		anti-sigma factor antagonist	1.929	0.139	0.213	-1.146	-0.114	-0.606	1.986	0.823	1.022	0.133	0.247	0.198	-0.715	-1.446	0.727	0.967	-0.237	0.985	-2.101	-1.540	0.325	-0.419	-0.434	0.274	-1.374	-0.833	-0.958	-0.925	-0.806	-1.164	-1.622	-1.344	-2.506	-0.200	-1.008	-0.043
Magneto	AMB_RS04350	AMB_RS04350		HAMP domain-containing protein	-1.672	0.460	0.246	-0.250	-0.582	0.064	-0.556	0.597	0.369	-1.149	0.540	-0.834	0.054	0.372	-0.707	0.385	0.529	-0.342	-0.156	0.510	0.383	-0.363	0.291	-0.662	0.470	0.325	0.877	0.872	0.480	0.746	-0.424	-0.623	0.012	0.845	1.082	-0.491
Magneto	AMB_RS04360	AMB_RS04360		thiosulfate oxidation carrier protein SoxY	-0.112	-0.054	-0.464	0.059	-0.394	-0.389	1.484	-1.013	-0.362	-2.183	-0.784	-1.115	-0.185	-0.773	0.866	1.434	-0.200	0.996	-1.224	-1.230	0.276	0.842	-0.266	0.544	0.706	0.325	0.629	0.855	0.111	0.750	-0.725	-0.743	0.020	-0.071	0.185	0.601
Magneto	AMB_RS04365	AMB_RS04365		YeeE/YedE family protein	-1.026	1.014	-0.612	0.513	0.861	-0.067	-2.212	-1.679	-2.765	9.842	6.075	9.503	0.406	-0.401	-0.500	-0.595	-0.742	-1.539	4.825	5.867	5.464	0.654	-0.480	-0.577	-0.882	-0.806	-0.284	-1.876	-2.743	-1.763	0.209	0.969	1.408	0.725	1.281	1.585
Magneto	AMB_RS04380	AMB_RS04380		EamA/RhaT family transporter	0.528	0.808	0.012	0.157	0.583	0.844	-0.597	0.474	0.419	0.462	0.012	1.080	-0.027	0.035	0.476	1.175	0.228	0.497	-0.213	-0.268	0.193	0.112	1.284	-0.976	0.049	0.043	0.608	0.512	0.699	0.605	-2.162	-0.036	-0.688	0.761	-2.776	0.154
Magneto	AMB_RS04385	AMB_RS04385		elongation factor 3	0.230	-0.992	-0.343	0.746	0.376	-0.580	-0.582	0.566	-0.064	-0.667	0.150	-0.618	0.614	0.508	0.751	0.335	0.140	-0.259	-0.402	1.022	0.403	0.917	-0.088	1.186	-0.888	0.817	-0.864	-0.267	-0.080	-0.922	-0.002	-1.187	-0.585	-1.619	-0.361	-1.831
Magneto	AMB_RS04390	AMB_RS04390		hypothetical protein	1.545	1.346	-0.146	0.053	-0.374	0.231	-0.773	-0.876	0.124	-0.202	1.467	-1.201	-0.816	-0.221	0.383	1.330	0.424	-0.308	0.332	-1.514	-2.119	-0.011	-0.749	-0.153	0.192	-0.434	-0.881	-0.209	0.446	-0.106	-0.568	-0.366	1.078	-1.833	2.210	0.015
Magneto	AMB_RS04395	AMB_RS04395		hypothetical protein	0.364	-1.020	0.979	-0.000	-0.709	1.562	-0.623	-0.305	-0.661	-0.521	-0.708	0.133	-0.489	-0.177	-0.226	1.088	-0.453	-0.020	-0.235	0.250	-0.081	1.359	0.340	-0.779	-0.909	-1.482	-1.192	-1.311	-1.401	-1.427	-1.708	-1.790	-0.745	-1.404	0.227	-1.916
Magneto	AMB_RS04400	AMB_RS04400		hypothetical protein	0.108	-0.288	-0.342	0.080	0.475	-0.030	1.301	-0.970	-0.190	0.008	1.207	-1.414	-0.241	-0.669	-0.192	0.589	-0.128	0.169	-0.612	-0.595	-0.140	-0.271	-0.180	0.003	-0.481	-1.805	-1.412	-1.234	-1.400	-1.862	0.893	-1.594	-1.855	-1.283	0.257	-0.978
Magneto	AMB_RS04415	AMB_RS04415		NAD-dependent protein deacylase	1.357	0.902	0.389	-0.976	-1.550	-0.274	-1.236	-1.125	0.276	0.806	-0.969	0.377	-0.886	1.019	0.984	-0.081	-0.832	-0.409	-0.067	1.438	0.210	0.664	2.824	-0.060	0.045	0.740	0.438	0.180	0.102	-0.111	2.876	-0.061	1.206	3.020	1.529	1.541
Magneto	AMB_RS04420	AMB_RS04420		hypothetical protein	0.950	-0.038	-0.092	0.907	-0.308	0.134	1.530	0.817	0.299	0.994	0.693	-0.760	0.194	0.411	-0.224	-1.160	0.314	-0.558	1.307	0.049	-0.198	0.980	0.651	1.308	-1.101	1.163	-0.048	-0.819	-0.295	-0.618	0.685	1.909	0.176	2.160	-0.719	0.484
Magneto	AMB_RS04425	AMB_RS04425		low molecular weight phosphotyrosine protein phosphatase	-1.256	0.858	0.403	-0.221	0.363	0.386	-0.153	1.558	0.116	-0.695	-0.692	0.164	0.551	-0.019	0.641	0.092	-0.563	-1.098	-0.103	0.616	0.218	-0.528	1.175	1.000	-0.880	0.255	-0.044	-0.748	-0.082	0.648	-2.203	-1.211	1.573	1.653	-0.027	-1.480
Magneto	AMB_RS04430	AMB_RS04430		hypothetical protein	0.361	-0.011	-0.883	-0.943	0.148	-0.854	-0.337	0.269	-0.665	-0.056	-0.366	-0.607	0.591	-0.437	-0.648	-1.167	-0.038	-0.603	0.542	0.585	-0.589	-0.104	-1.095	-0.756	0.215	-0.461	-0.252	-0.059	-0.985	-0.392	0.901	-1.880	-0.741	-0.113	-0.232	-0.864
Magneto	AMB_RS04435	AMB_RS04435		hypothetical protein	0.464	0.846	0.471	0.776	-0.165	-0.449	-0.676	-0.283	0.228	1.523	0.178	0.556	-0.276	-0.087	-0.214	0.027	0.066	-0.244	0.225	-0.077	1.235	0.587	1.109	0.315	-0.628	-0.681	-0.707	-0.448	-0.804	-0.190	0.833	-0.487	-1.045	0.501	-1.072	-0.713
Magneto	AMB_RS04450	AMB_RS04450		ankyrin repeat domain-containing protein	1.561	0.118	-0.046	0.810	0.578	-0.089	0.869	0.666	1.438	1.222	-0.278	0.562	0.856	0.143	0.224	1.223	0.867	0.808	-0.607	0.089	-0.290	0.718	0.976	-0.182	-0.489	0.646	0.456	-0.656	-0.245	0.312	0.268	-0.343	-0.328	-2.041	-1.118	-0.512
Magneto	AMB_RS04455	AMB_RS04455		energy-dependent translational throttle protein EttA	-1.853	-2.546	0.117	-1.528	0.181	-1.296	-2.504	-2.572	-2.565	-0.071	-0.786	1.773	-2.984	-3.141	-2.615	-2.069	-2.940	-1.968	-0.076	-0.515	-1.287	-2.776	-1.887	-2.382	0.872	1.094	-0.593	0.033	0.317	0.384	0.715	-0.333	-0.588	-1.731	-3.101	-0.609
Magneto	AMB_RS04460	AMB_RS04460		hypothetical protein	-0.372	0.147	-0.374	1.174	-1.361	-0.084	0.026	-0.047	-0.231	1.159	-1.741	-0.549	-1.007	-1.325	-0.176	-0.419	0.392	-0.325	-0.402	-1.098	-0.645	-0.141	-0.114	-0.583	0.401	1.357	0.858	0.715	0.348	0.695	0.450	2.087	-0.217	0.360	0.586	1.214
Magneto	AMB_RS04465	AMB_RS04465		ribonuclease R	0.643	1.480	0.129	-0.340	-0.847	-1.232	-0.443	-1.077	-0.568	-1.217	0.220	-2.301	0.422	-0.571	0.370	-0.406	-0.442	0.021	-1.924	-0.243	-1.219	-0.274	0.128	0.353	-1.764	-1.470	-1.828	-2.001	-2.202	-2.111	-0.420	-2.966	-2.622	-1.804	-2.768	-2.295
Magneto	AMB_RS04470	AMB_RS04470		antibiotic acetyltransferase	-2.080	-0.751	0.044	-0.317	0.799	0.277	-0.724	0.473	0.842	0.499	-0.246	1.080	0.380	0.056	0.334	-0.496	0.538	-0.651	0.180	-0.744	0.602	0.420	0.553	0.338	0.188	0.128	0.388	-0.725	-0.065	0.002	-0.105	1.199	-0.601	-0.220	-0.282	-1.148
Magneto	AMB_RS04475	AMB_RS04475		S41 family peptidase	-0.172	0.014	0.643	-0.368	-1.453	0.247	-1.866	-1.735	-0.471	0.493	1.183	0.422	-0.492	-0.535	0.206	-0.405	-0.569	-0.198	1.683	1.192	0.534	-1.480	1.784	-0.810	-0.381	-1.112	-0.717	-0.714	-0.043	-1.035	0.331	-0.453	-2.047	-1.472	0.471	-0.580
Magneto	AMB_RS04480	AMB_RS04480		acyl-CoA dehydrogenase	-0.829	0.758	0.657	-1.126	-0.802	-0.066	-0.985	-0.869	-0.483	1.084	0.868	1.053	-0.322	-0.615	1.376	0.376	-0.371	-0.929	0.635	0.727	0.424	-1.496	0.299	-0.827	0.970	-0.263	1.117	0.084	-0.764	-0.362	0.980	-1.967	-1.987	0.003	-0.837	0.469
Magneto	AMB_RS04485	AMB_RS04485		NAD(P)-dependent oxidoreductase	-0.141	-0.393	0.493	0.702	-0.388	0.958	1.554	0.820	0.772	0.682	1.032	0.512	0.642	0.464	-1.220	1.119	-0.163	-0.594	1.751	0.301	-0.783	0.652	-1.153	-0.320	-0.105	-0.537	-0.804	-0.460	-0.390	-0.230	0.168	0.492	-0.943	-0.048	-0.478	0.217
Magneto	AMB_RS04490	AMB_RS04490		CBS domain-containing protein	-0.033	-0.842	0.090	0.994	0.668	1.055	1.507	2.423	0.355	0.899	0.802	-0.772	2.051	0.859	0.482	1.457	1.132	0.935	0.546	1.257	0.233	3.246	1.077	-0.136	-0.370	0.473	0.988	0.210	-0.203	0.092	0.325	0.272	0.410	-1.002	-0.168	0.538
Magneto	AMB_RS04495	AMB_RS04495		cytochrome c-552 precursor	-0.602	-0.897	-1.579	1.237	0.034	-1.050	0.456	-0.171	0.413	0.990	-0.145	-0.092	0.362	0.668	0.725	-0.302	-0.778	-0.242	0.395	-0.319	0.059	1.165	0.477	-1.027	-0.190	-0.016	-0.319	-0.261	-0.011	0.171	0.661	-2.069	-0.894	-0.297	0.885	-1.032
Magneto	AMB_RS04500	AMB_RS04500		cytochrome c-552 precursor	2.887	1.393	-0.673	0.096	-0.637	-1.249	1.301	0.912	-0.191	-0.437	-1.213	-0.249	-1.358	-1.119	0.403	-0.661	0.983	-0.263	-1.051	-1.481	0.394	-0.805	-0.948	-0.224	0.365	1.626	0.523	0.969	0.298	0.395	1.227	-0.904	0.534	0.367	-0.161	0.433
Magneto	AMB_RS04505	AMB_RS04505		YqgE/AlgH family protein	-0.986	-1.159	-0.767	0.104	0.030	-0.375	0.551	-1.379	-0.769	-0.611	-1.323	-0.356	0.023	0.075	-0.951	0.402	-0.590	-1.454	-1.293	-1.952	-2.156	-0.679	-1.338	-0.621	0.227	-1.051	-0.925	-1.596	-0.218	-0.928	-0.151	-1.182	-1.104	-1.069	-0.820	-2.069
Magneto	AMB_RS04510	AMB_RS04510		ferrous iron transporter	2.838	-0.235	-0.671	-0.493	-0.743	-1.431	0.451	-0.559	-0.718	-4.394	1.109	-4.590	-0.880	-0.572	-2.308	-0.454	-0.518	-0.887	-2.233	-1.165	-2.063	-0.646	-0.268	-1.117	-0.382	-1.269	-0.777	-0.519	-0.043	0.393	-3.037	-2.515	-1.241	-2.593	-3.821	-2.656
Magneto	AMB_RS04520	AMB_RS04520		glycine zipper 2TM domain-containing protein	-0.317	-2.463	2.591	2.435	2.571	1.985	2.094	1.901	2.049	2.200	-0.405	1.920	2.226	0.765	2.155	1.738	2.434	1.396	1.289	1.456	-0.281	0.674	1.647	1.308	-0.642	-1.404	-0.411	-1.174	-0.885	-0.995	-0.723	-0.415	0.462	-0.526	-0.485	-1.154
Magneto	AMB_RS04535	AMB_RS04535		C4-dicarboxylate ABC transporter	0.287	1.276	-0.061	0.298	-0.283	-0.816	-0.311	0.129	-0.266	0.038	-0.199	-0.023	0.270	-0.411	-0.648	-0.158	0.381	0.087	-0.484	-0.160	-0.347	-0.510	-0.779	-0.690	-0.003	0.516	-0.190	-0.383	-0.345	0.254	-0.915	0.696	0.183	0.352	-0.312	0.521
Magneto	AMB_RS04540	AMB_RS04540		C4-dicarboxylate ABC transporter	1.331	0.174	-0.267	-0.696	0.150	-0.372	0.016	0.616	-0.169	0.166	1.268	0.033	0.342	0.027	-0.139	0.198	0.199	0.036	0.571	0.174	-0.621	-0.245	-0.008	-0.055	0.063	0.722	0.402	0.292	-0.105	0.143	0.029	1.604	-0.049	0.769	-0.660	0.617
Magneto	AMB_RS04550	AMB_RS04550		C4-dicarboxylate ABC transporter permease	-0.674	-0.217	0.126	0.218	0.934	0.471	0.126	0.707	0.388	1.834	1.891	1.210	0.672	0.568	-0.499	0.831	0.712	0.168	0.699	-0.920	0.091	0.332	0.270	0.721	-0.236	-0.339	-0.554	0.071	-0.963	-0.306	-0.469	2.121	0.859	1.339	-0.262	0.882
Magneto	AMB_RS04555	AMB_RS04555		TRAP transporter small permease	-0.891	-1.008	0.631	0.044	-0.209	-0.851	-1.516	-0.571	-0.170	0.790	1.987	0.757	-0.416	-0.780	-0.433	0.028	-0.208	-0.381	0.697	1.068	-1.191	-0.885	-1.011	-0.080	-0.962	-1.045	-1.452	-0.912	-0.808	-1.350	-0.215	-0.354	-1.435	-2.213	-1.681	-1.275
Magneto	AMB_RS04560	AMB_RS04560		C4-dicarboxylate ABC transporter	0.603	4.359	9.091	1.653	2.436	1.860	2.224	2.803	2.342	-2.112	-0.511	-2.225	3.425	3.593	3.591	2.304	2.928	3.055	-0.834	0.457	-0.459	4.803	3.582	4.427	1.235	1.193	1.785	1.012	0.453	1.148	-3.205	-2.061	-1.904	-2.155	-0.748	-2.859
Magneto	AMB_RS04565	AMB_RS04565		PAS domain-containing sensor histidine kinase	-0.662	5.172	-10.892	1.844	3.794	2.269	3.185	2.522	2.126	-0.221	-0.083	-1.683	3.969	4.185	3.658	3.431	2.315	3.615	0.174	0.638	-0.291	5.143	4.523	5.281	0.220	1.406	0.663	-0.905	-0.782	-0.478	-2.028	-1.505	-1.005	0.707	-0.479	-0.663
Magneto	AMB_RS04575	AMB_RS04575		DNA-binding response regulator	-0.121	-0.884	1.379	0.476	0.287	-0.880	-1.159	0.251	0.747	-0.817	-0.298	0.054	-0.158	-0.675	0.225	0.601	0.087	0.362	-0.687	-1.020	-1.270	-1.134	-0.278	0.564	0.941	0.632	0.543	0.287	0.373	1.257	-0.964	-0.421	0.559	0.279	0.197	0.493
Magneto	AMB_RS04580	AMB_RS04580		DUF192 domain-containing protein	-1.500	0.037	1.405	-0.583	1.299	0.530	0.542	0.236	-0.004	2.294	1.594	1.615	-0.706	-0.647	0.726	0.690	-0.295	0.143	0.842	0.622	0.781	0.414	0.016	0.835	1.817	1.908	1.104	1.612	2.453	1.448	4.711	5.418	2.949	0.747	1.038	0.428
Magneto	AMB_RS04590	AMB_RS04590		hypothetical protein	-0.910	0.192	0.485	0.951	0.039	0.168	-1.121	1.052	-0.766	0.576	0.646	0.094	-0.325	0.383	0.023	0.077	-0.832	0.243	0.285	-1.048	-0.411	-0.226	-0.099	-0.012	-0.425	-0.521	-0.016	-0.407	-0.108	-0.188	-0.475	-0.315	-1.324	0.342	-0.485	-0.265
Magneto	AMB_RS04595	AMB_RS04595		peptidase	0.896	1.125	0.108	-0.083	0.294	0.619	1.678	0.896	1.897	-0.610	1.569	0.026	0.687	-0.455	1.576	0.770	1.530	1.124	1.221	1.097	1.026	0.170	0.709	0.804	-0.745	0.080	0.243	0.538	0.841	0.341	-1.939	-0.155	0.255	-0.942	0.515	0.663
Magneto	AMB_RS04630	AMB_RS04630		tRNA-Met	1.419	-0.120	0.242	-0.791	-0.421	-0.302	-0.284	0.303	0.284	0.257	1.092	0.955	0.558	-0.686	0.388	0.538	0.607	0.410	-0.051	-0.494	-0.070	0.064	-0.824	-0.498	-0.571	-0.554	-0.555	-0.507	-0.522	-0.506	-0.280	-0.413	0.018	-0.310	-0.351	-0.431
Magneto	AMB_RS04635	AMB_RS04635		site-specific integrase	-0.694	-1.033	-0.893	-1.769	-0.837	-1.500	-0.405	-0.726	-0.504	-1.417	-1.962	-0.222	-1.606	-2.077	-1.672	-1.143	-1.085	-0.425	-1.130	0.933	-0.501	-1.426	-0.331	-0.323	-1.476	-0.992	-0.749	-0.919	-1.006	-1.083	-1.041	-1.906	-1.964	-0.718	-1.849	-2.961
Magneto	AMB_RS04640	AMB_RS04640		hypothetical protein	1.087	0.531	-0.020	-1.481	-0.489	0.333	0.359	0.050	0.502	-0.869	-0.113	1.659	-0.494	-1.781	0.163	0.560	0.292	0.933	-0.933	-0.471	-0.080	-0.622	1.552	-0.043	0.258	0.779	0.941	0.562	0.479	1.039	-0.602	-0.519	0.124	0.002	0.203	0.681
Magneto	AMB_RS04645	AMB_RS04645		ATP-dependent helicase	0.736	0.496	-1.034	-0.905	-1.057	-0.929	-0.441	-0.060	-0.756	-0.737	0.440	-0.070	-0.803	-1.678	-1.400	-1.077	-0.080	-0.242	-0.477	-0.047	-0.668	-1.105	-0.330	-0.343	0.093	0.560	0.208	1.370	0.403	0.982	0.549	0.776	-0.222	-0.187	-0.093	0.440
Magneto	AMB_RS04650	AMB_RS04650		hypothetical protein	-0.721	0.292	-0.111	-0.217	-1.261	-1.276	-1.157	-0.999	-0.809	-0.398	-0.095	-0.232	-1.091	-0.653	-0.186	-1.813	-1.292	-2.468	-0.234	-0.225	-1.309	-0.953	-0.581	-0.693	-0.337	-0.668	-0.568	-0.392	-0.478	-0.547	-0.915	-1.009	-0.379	-0.031	-0.580	-0.483
Magneto	AMB_RS04655	AMB_RS04655		hypothetical protein	2.801	3.250	0.325	-0.785	-0.787	-0.390	-0.093	-0.328	0.397	-0.473	-0.921	-1.417	-0.849	-0.344	0.267	0.727	0.239	0.465	0.150	-0.491	-0.911	0.721	-0.280	-1.355	0.182	0.795	-0.274	1.141	0.753	1.546	-1.000	0.149	0.779	-0.134	-0.912	-1.024
Magneto	AMB_RS04660	AMB_RS04660		VWA domain-containing protein	-1.956	0.784	-0.839	-0.764	0.009	-0.282	1.005	0.030	0.130	-0.639	-2.048	-1.176	-0.692	-0.700	-0.191	-0.109	0.428	0.477	-1.093	-0.586	-0.801	0.319	0.595	0.912	-1.547	-0.803	-0.127	0.062	-0.175	-0.914	-1.441	-1.243	-1.853	-0.986	-0.816	-0.789
Magneto	AMB_RS04665	AMB_RS04665		hypothetical protein	1.683	-1.386	-1.280	0.857	-1.252	-0.966	-1.166	-1.285	-1.473	-0.179	-2.800	-0.961	-1.658	-1.325	-1.679	-2.761	-1.250	-1.801	-1.437	-0.972	0.628	-1.322	-1.500	-1.595	-0.753	-1.621	-0.521	-0.353	-0.564	-0.552	-1.396	-0.652	-3.999	-1.325	-1.009	0.253
Magneto	AMB_RS04670	AMB_RS04670		signal transduction histidine kinase	-0.432	-1.008	-1.513	-1.099	-0.133	-0.451	0.475	0.349	0.210	-1.753	-1.371	-1.771	-1.186	-1.093	-1.367	-0.358	-0.030	0.126	-1.139	-1.728	-1.773	-0.226	0.361	-0.366	1.194	0.491	1.044	1.402	1.393	2.452	-0.678	1.070	-0.201	0.250	0.367	0.384
Magneto	AMB_RS04680	AMB_RS04680		transposase	-0.034	1.337	-1.108	-0.719	0.080	-0.804	-0.734	-0.017	-0.372	-0.826	-0.852	0.068	-2.918	-2.081	-0.564	-1.041	-0.708	-0.841	-1.416	-1.434	-1.308	-0.640	-0.133	0.067	0.348	-0.143	-0.031	-0.299	-0.020	-0.551	-0.690	1.692	-1.543	0.716	0.211	-1.469
Magneto	AMB_RS04685	AMB_RS04685		DNA-binding response regulator	0.006	-1.904	-2.142	-1.755	-1.907	-0.806	-2.006	-0.050	0.189	-1.142	-2.096	0.436	-0.409	-1.697	0.201	0.308	0.593	-0.064	-2.346	-2.957	-0.326	-1.150	-0.323	-1.334	-2.004	-2.157	-2.112	-0.353	-0.853	0.384	-2.179	-2.885	-1.190	-1.500	-3.825	-2.187
Magneto	AMB_RS04690	AMB_RS04690		hypothetical protein	-0.287	1.520	0.296	-0.412	-0.818	-1.038	0.171	0.620	0.148	-0.375	-1.011	-0.886	0.489	-0.724	0.329	-1.021	1.930	1.188	-1.688	-0.984	-0.690	-0.020	-0.024	0.557	0.005	1.049	0.475	1.200	1.456	0.605	-0.057	-0.618	-0.527	-0.968	-0.929	0.075
Magneto	AMB_RS04700	AMB_RS04700		transposase	-1.095	3.223	-0.315	1.359	-0.135	-0.199	0.101	-0.918	-0.280	-0.454	1.638	0.377	-1.206	-1.518	-0.174	-1.234	0.892	-0.458	-0.365	-1.652	-0.950	-1.111	0.198	0.885	-0.422	0.889	1.073	0.609	0.407	0.282	1.458	0.507	0.681	-0.634	-0.124	0.284
Magneto	AMB_RS04710	AMB_RS04710		type II toxin-antitoxin system RelE/ParE family toxin	1.787	0.691	-0.244	-0.264	0.606	0.319	0.518	1.317	0.288	-1.060	-1.151	-0.554	-0.167	-0.340	-0.880	0.796	-0.056	0.112	-1.003	-0.959	-0.109	0.002	1.589	0.752	0.633	1.556	0.753	1.507	2.086	1.129	0.244	1.974	1.304	0.935	1.009	-0.030
Magneto	AMB_RS04720	AMB_RS04720		response regulator	1.514	-1.451	0.149	0.230	-0.957	0.896	1.085	0.247	0.609	1.078	-1.866	0.673	0.338	-0.463	0.300	1.309	2.620	1.657	0.692	-1.167	-0.584	0.315	0.245	1.026	-0.244	-0.466	-0.455	0.390	-0.054	-0.092	-0.409	0.168	-0.296	-0.074	-0.593	-0.322
Magneto	AMB_RS04725	AMB_RS04725		transcriptional regulator NrdR	0.440	-0.649	0.694	0.691	0.831	-0.280	0.591	1.273	0.318	0.216	-0.728	-0.384	0.009	0.152	0.696	0.826	1.178	1.407	-0.066	0.623	-1.466	1.200	1.985	1.503	1.236	0.626	1.084	0.960	1.833	1.290	1.199	1.393	0.072	0.510	-0.256	0.384
Magneto	AMB_RS04735	AMB_RS04735		diguanylate cyclase	-0.223	0.459	-0.728	-0.006	1.086	0.610	1.405	0.401	0.774	-1.087	0.210	0.112	0.584	-0.213	-0.597	0.656	0.733	0.848	-0.712	0.428	-0.142	0.786	1.189	1.264	-0.464	-0.481	-1.039	-0.648	1.052	0.999	-1.330	-1.341	-1.887	-0.861	-0.909	-0.395
Magneto	AMB_RS04740	AMB_RS04740		hypothetical protein	-0.101	-0.794	-0.875	-0.811	-2.914	-2.351	0.051	-2.303	-2.229	-2.333	-2.264	-1.671	-1.994	-1.716	-1.329	-1.729	-0.583	-0.476	-1.385	-1.201	-0.110	-0.658	-1.483	-1.225	0.041	-0.151	0.259	0.381	0.072	-0.217	-0.355	-0.968	0.630	0.216	0.553	-0.372
Magneto	AMB_RS04770	AMB_RS04770		IS3 family transposase	-0.952	0.697	-0.966	-0.799	-0.255	-1.080	0.153	-0.282	0.278	-0.025	1.272	-0.809	0.425	-0.747	-0.083	0.114	-0.165	0.460	-1.338	-0.112	-0.126	-0.601	-0.338	-0.071	0.908	1.876	0.920	0.684	1.640	1.687	2.366	1.422	0.124	0.819	-0.747	0.411
Magneto	AMB_RS04775	AMB_RS04775		integrase	1.286	0.733	-0.461	-0.694	-0.413	-0.482	0.377	-0.436	1.158	-0.341	-0.357	-0.544	-0.213	-1.779	-0.600	-0.205	-0.435	-0.646	-1.201	-0.819	-0.441	1.196	-0.771	-0.015	0.600	-0.070	0.561	0.566	0.596	0.508	-0.790	-0.243	-0.951	0.811	0.392	-0.524
Magneto	AMB_RS04780	AMB_RS04780		IS91 family transposase	-0.519	0.850	-0.503	-0.224	-0.450	0.306	0.194	-0.500	0.238	-0.541	-1.053	0.167	0.517	0.365	-0.175	-0.587	-0.486	0.260	-0.623	-0.525	-0.953	-0.101	-0.009	0.475	0.973	0.989	0.184	0.580	0.965	1.222	-0.088	0.280	-0.509	0.524	-0.617	0.714
Magneto	AMB_RS04785	AMB_RS04785		IS5/IS1182 family transposase	0.496	0.354	0.964	1.476	-0.483	1.231	0.096	0.819	1.128	1.351	-0.445	0.471	1.051	0.404	2.206	1.293	1.244	1.688	0.958	-0.613	-1.351	0.598	1.127	1.034	-0.840	-0.529	-0.293	-0.279	-0.193	-0.997	-0.530	0.433	-0.535	-1.503	-1.819	-0.836
Magneto	AMB_RS04800	AMB_RS04800		DUF2384 domain-containing protein	3.651	0.212	-0.142	-0.218	0.023	-1.003	-0.112	-0.478	-0.322	0.015	-0.793	0.034	-0.562	-0.622	-0.218	0.218	0.003	0.399	-0.277	-1.419	-0.501	-0.178	-0.898	-1.515	-0.370	0.061	-0.450	0.072	0.231	-0.573	1.112	-0.536	0.417	-0.738	-0.679	0.275
Magneto	AMB_RS04805	AMB_RS04805		hemerythrin	-0.548	0.372	-0.705	0.006	-0.226	0.158	1.285	1.073	1.052	0.361	-0.474	-1.593	0.327	-0.284	0.471	1.375	2.087	0.857	0.165	-0.552	0.161	0.314	0.292	1.002	-0.080	-0.282	0.029	0.617	0.340	0.560	-0.047	-0.244	-0.153	-1.070	-0.271	0.152
Magneto	AMB_RS04810	AMB_RS04810		hypothetical protein	-0.748	-2.146	-0.693	-0.247	-0.729	-0.567	0.324	-0.766	-0.055	0.041	-0.449	-0.604	0.602	-0.735	-0.747	-0.415	0.122	0.726	-0.059	-0.264	1.552	-0.855	-0.209	-0.515	-0.408	0.414	-0.505	-0.693	0.091	0.241	-1.597	-0.929	-1.309	-1.820	-0.979	-1.061
Magneto	AMB_RS04815	AMB_RS04815		iron permease	0.245	-0.347	-0.163	-0.320	0.174	-0.070	0.120	-0.571	-0.890	2.923	1.789	2.716	0.434	-0.259	-0.086	-1.773	-0.913	-2.113	6.255	5.488	4.042	-0.649	0.193	-0.986	-0.423	-0.358	0.125	-0.230	-0.611	-0.529	-0.552	0.859	-0.458	0.481	-1.150	-1.044
Magneto	AMB_RS04820	AMB_RS04820		4Fe-4S binding protein	0.240	-0.339	-0.304	-0.136	-0.001	-0.621	0.595	0.066	0.403	1.014	0.716	1.130	-0.272	-1.500	-1.624	0.204	-0.600	-0.280	3.877	2.836	3.679	-0.173	-0.527	0.244	-1.180	-1.586	-1.064	-1.836	-1.512	-0.683	-0.713	-1.320	-0.343	-0.766	-1.834	-1.418
Magneto	AMB_RS04825	AMB_RS04825		membrane protein	-0.604	0.957	-0.684	0.059	-0.171	0.215	0.211	0.032	-0.511	1.696	0.760	2.219	0.387	0.105	-0.301	-0.238	-0.373	0.203	6.258	4.581	4.779	0.075	0.808	1.045	-0.225	0.442	0.218	0.121	0.649	0.062	1.114	0.989	2.649	0.774	0.592	0.345
Magneto	AMB_RS04830	AMB_RS04830		membrane protein	3.852	-0.628	-0.430	-0.774	-0.079	0.061	0.288	-0.422	-0.817	1.176	0.541	0.745	-0.994	0.179	0.105	-0.816	-0.408	-0.003	3.704	3.714	3.037	-0.188	-0.404	0.632	0.956	0.628	0.711	0.579	0.140	0.671	0.356	0.730	-0.022	-0.034	-0.430	0.874
Magneto	AMB_RS04835	AMB_RS04835		carbohydrate porin	0.681	-0.375	0.851	0.365	0.146	0.324	0.677	-0.314	0.129	3.232	1.613	2.754	-0.108	-0.204	-0.595	-1.861	-0.595	-1.021	8.005	7.077	5.727	-1.098	1.035	-0.779	-0.116	0.222	0.593	0.746	-0.061	-0.164	-0.522	0.205	-0.624	0.016	0.028	-0.664
Magneto	AMB_RS04840	AMB_RS04840		membrane-fusion protein	-0.120	-0.528	0.440	-0.554	1.236	-1.553	-0.503	0.312	-0.668	-0.280	0.799	0.631	-0.233	-1.055	0.427	-0.636	0.245	-1.105	1.133	0.076	0.599	-0.346	0.922	-0.080	1.181	0.289	0.540	0.597	0.202	-0.896	-0.748	1.227	-0.359	-0.874	0.310	0.518
Magneto	AMB_RS04845	AMB_RS04845		hypothetical protein	-0.145	-0.487	-0.559	0.243	-0.237	-0.064	0.308	0.125	0.578	0.820	-0.228	0.456	0.441	0.481	0.233	0.783	0.427	0.437	0.159	-1.275	1.010	0.109	0.061	-0.066	0.913	-0.258	0.427	-0.226	0.352	0.298	-1.404	-0.636	1.014	0.619	-0.552	0.100
Magneto	AMB_RS04850	AMB_RS04850		hypothetical protein	-0.524	-0.724	1.121	1.640	0.815	1.073	1.043	2.080	0.877	1.179	1.982	-1.485	2.977	2.171	0.216	1.594	1.530	-0.039	1.572	0.907	2.844	1.446	0.814	2.402	-2.220	-1.581	-1.485	-1.354	-2.125	-1.334	-2.322	-1.097	-1.030	-0.733	-0.905	-2.160
Magneto	AMB_RS04855	AMB_RS04855		response regulator	1.595	1.013	-0.030	0.759	-0.199	-0.146	0.331	1.152	0.044	1.021	-0.113	-0.095	0.318	0.278	1.334	-0.232	0.817	0.334	0.687	1.293	-2.014	1.209	-1.169	1.083	-0.796	-0.590	-0.535	-0.699	-1.203	-0.159	-2.118	-0.026	-0.790	-0.049	-0.895	0.542
Magneto	AMB_RS04860	AMB_RS04860		IS110 family transposase	0.018	-0.858	-0.777	-1.556	0.262	-1.035	-0.336	-1.197	-0.772	-0.246	0.111	0.032	-0.439	-0.675	-0.896	-1.281	-0.218	-0.214	-0.642	1.057	-0.478	0.299	0.159	-1.092	-1.297	-0.548	-0.542	-1.139	-0.588	-1.154	0.961	-0.746	-1.482	-1.952	0.203	-0.789
Magneto	AMB_RS04865	AMB_RS04865		hypothetical protein	0.421	0.393	-1.324	-1.754	-1.744	-1.217	-0.650	-0.462	-0.120	-0.171	-0.796	-1.934	0.304	0.688	-0.767	-0.541	0.396	-1.463	-1.207	0.128	-1.537	-0.825	1.345	-1.199	-0.022	0.003	0.698	0.455	1.108	0.965	-0.818	-2.651	-1.290	-1.112	-1.589	-1.997
Magneto	AMB_RS04870	AMB_RS04870		magnetic particle protein	0.412	0.508	-0.167	-0.816	1.059	0.787	-0.052	0.327	-1.075	0.075	-0.834	-0.173	0.560	-0.859	0.535	0.429	-0.197	-0.993	-0.387	1.090	-0.927	-0.622	-0.222	-0.721	1.473	1.392	0.680	1.684	0.885	0.155	0.124	0.052	1.450	3.303	0.187	1.217
Magneto	AMB_RS04880	AMB_RS04880		hypothetical protein	0.918	-0.071	0.163	0.026	-0.566	0.387	-0.017	-0.626	0.019	3.846	0.570	3.207	0.717	-0.197	-0.108	-0.405	0.741	0.518	1.193	0.280	0.903	-0.472	-0.567	-0.813	-1.404	-0.088	-0.059	-1.991	-1.830	-0.205	5.138	3.988	5.099	4.289	2.796	1.054
Magneto	AMB_RS04885	AMB_RS04885		hypothetical protein	-0.056	-0.432	0.203	-0.729	-0.863	-1.019	0.228	-0.875	-1.173	-0.854	0.302	-1.638	-1.078	-0.804	-0.576	-1.607	0.291	-1.859	-0.565	-0.743	-1.152	-0.563	-0.087	-1.635	-0.787	-1.301	0.407	-0.182	-0.911	-0.311	-0.597	-1.145	0.157	0.243	-0.694	-1.185
Magneto	AMB_RS04895	AMB_RS04895		hypothetical protein	-3.031	-1.439	0.347	-0.017	-0.613	-0.325	-5.472	-5.855	-5.971	12.323	11.542	11.860	0.487	1.306	1.127	-5.723	-5.034	-4.565	12.193	12.690	14.542	0.688	-0.794	-0.381	-0.106	-0.238	-1.368	-3.288	-4.044	-3.860	9.276	8.212	8.259	6.222	6.204	6.692
Magneto	AMB_RS04900	AMB_RS04900		hypothetical protein	-1.232	1.078	0.109	0.834	0.374	0.193	-6.038	-7.092	-4.990	16.774	13.714	14.829	-0.060	0.033	1.890	-3.488	-6.100	-3.755	13.320	9.866	12.293	0.686	-0.498	0.115	0.731	0.471	1.103	-5.801	-4.595	-4.356	12.658	18.591	15.284	12.844	19.225	14.931
Magneto	AMB_RS04905	AMB_RS04905		hypothetical protein	-0.325	0.689	-0.143	0.727	-0.899	1.639	-1.126	-1.749	-1.656	6.235	2.895	5.970	0.487	0.770	0.372	0.132	-0.346	-0.735	6.449	5.302	3.511	0.175	-0.217	0.319	0.154	0.067	-0.080	-0.901	-1.183	-0.779	3.233	5.845	4.725	5.348	7.548	5.802
Magneto	AMB_RS04910	AMB_RS04910		hypothetical protein	0.014	-0.766	0.143	-0.316	-0.109	0.010	-1.612	-0.381	-1.353	3.643	1.882	2.681	-0.225	-0.803	0.873	-0.613	-0.763	-0.841	1.461	2.687	2.551	0.337	0.065	-1.243	0.009	-0.626	0.131	-0.171	-0.150	0.127	0.161	1.423	0.953	1.464	1.357	1.628
Magneto	AMB_RS04915	AMB_RS04915		DUF445 domain-containing protein	0.318	0.183	-0.427	-1.002	-0.776	-0.225	-0.851	-0.483	-0.720	-0.680	-0.070	-0.397	0.172	-0.870	-1.018	-0.074	-0.976	-0.549	-0.608	-1.745	-2.061	-1.778	-0.526	-1.536	1.296	1.782	2.469	1.542	1.149	-0.223	1.241	4.481	2.197	4.127	2.011	2.626
Magneto	AMB_RS04920	AMB_RS04920		MFS transporter	-1.651	0.304	0.750	-0.158	0.184	1.560	-3.588	-3.286	-2.817	9.117	10.238	10.947	1.468	0.568	1.568	-2.116	-2.273	-2.735	9.918	8.045	10.309	1.000	1.574	0.679	0.638	0.723	0.654	-3.004	-3.741	-3.584	9.246	11.852	9.958	12.279	11.907	10.735
Magneto	AMB_RS04930	AMB_RS04930		PDZ domain-containing protein	-16.602	1.152	0.382	1.837	2.035	1.458	-23.422	-27.714	-27.270	28.795	25.379	32.048	2.208	2.074	2.002	-24.891	-25.184	-23.359	30.652	28.834	27.351	0.706	1.146	0.835	-0.509	0.021	-1.093	-27.428	-26.546	-25.561	31.865	31.079	27.993	36.383	34.260	32.322
Magneto	AMB_RS04945	AMB_RS04945		hypothetical protein	-4.363	1.612	-0.211	0.435	0.646	0.175	-16.157	-16.986	-19.286	22.527	16.879	24.415	1.364	0.684	0.851	-14.939	-15.289	-15.750	23.701	22.984	21.632	0.475	0.927	0.352	-3.146	-2.369	-2.492	-14.223	-13.326	-13.832	14.742	15.239	14.114	16.206	16.055	14.786
Magneto	AMB_RS04950	AMB_RS04950		hypothetical protein	-1.515	0.787	-0.686	-0.421	-0.567	-1.283	-10.894	-10.874	-12.290	16.829	15.938	17.775	0.760	0.233	1.126	-12.604	-13.431	-10.854	18.424	17.170	17.411	-0.230	-0.175	-0.651	-1.119	-0.018	-0.298	-11.085	-7.695	-10.844	18.089	17.297	13.531	17.134	20.138	15.734
Magneto	AMB_RS04955	AMB_RS04955		cation transporter	-7.350	2.445	0.154	1.314	1.319	0.948	-21.648	-24.872	-24.102	26.647	23.365	29.214	1.376	0.797	1.956	-19.811	-21.117	-21.427	28.877	26.317	26.151	0.054	0.361	0.184	-2.098	-1.400	-1.657	-23.040	-23.219	-21.818	28.320	24.962	22.377	29.715	30.107	26.325
Magneto	AMB_RS04960	AMB_RS04960		Na+/H+ antiporter NhaD	-7.368	1.080	-1.085	0.198	-0.452	0.536	-18.874	-19.982	-16.234	22.008	15.794	23.665	0.261	0.580	0.351	-19.691	-19.924	-13.017	23.595	23.016	19.861	-0.513	-0.121	0.234	-1.785	-0.437	-0.874	-12.039	-10.791	-11.701	17.244	16.671	18.092	19.511	17.944	17.695
Magneto	AMB_RS04965	AMB_RS04965		trypsin-like serine protease	-7.013	0.935	-1.405	0.179	-1.298	-0.042	-9.678	-14.044	-15.152	21.342	15.271	22.019	0.903	0.009	-0.252	-13.593	-13.061	-12.369	21.746	18.447	20.020	-0.186	0.421	-0.747	-2.106	-2.672	-2.937	-14.735	-15.434	-15.492	9.983	8.867	8.965	9.828	8.883	9.859
Magneto	AMB_RS04970	AMB_RS04970		PDZ domain-containing protein	-6.076	-0.162	0.297	1.022	0.405	0.042	-11.073	-9.408	-18.565	21.931	12.313	21.259	0.503	0.387	0.334	-9.874	-11.998	-10.334	25.716	19.939	21.980	-0.255	-0.091	0.905	-2.846	-0.410	-0.716	-13.630	-12.380	-8.642	15.405	13.002	12.994	14.867	16.533	14.204
Magneto	AMB_RS04975	AMB_RS04975		tetratricopeptide repeat protein	-5.864	1.239	-0.162	-1.545	-0.511	0.127	-10.595	-11.994	-11.757	17.089	12.921	19.849	0.191	-0.354	0.311	-8.716	-9.627	-10.004	19.792	16.629	15.729	-0.056	-0.185	-0.207	-1.172	-0.085	-1.482	-7.797	-7.619	-6.761	9.607	8.906	8.434	9.902	10.075	9.858
Magneto	AMB_RS04995	AMB_RS04995		hypothetical protein	-2.139	1.386	-0.282	-0.163	0.166	-0.121	-8.845	-8.114	-9.512	16.917	14.840	17.841	0.675	1.400	0.631	-4.747	-5.635	-5.911	14.074	15.769	13.111	-0.422	-0.060	1.109	-2.301	-1.689	-1.051	-5.324	-6.001	-6.673	9.427	6.824	5.958	11.622	10.196	10.449
Magneto	AMB_RS05000	AMB_RS05000		hypothetical protein	-3.845	-1.510	-1.441	-0.809	-0.980	-0.821	-9.637	-10.618	-9.507	13.571	11.116	13.428	-0.600	-0.120	-1.914	-6.006	-5.689	-5.805	12.948	10.877	11.958	-1.133	-0.811	-0.615	-0.387	-0.874	-1.269	-11.567	-13.333	-10.891	15.283	14.237	14.446	15.190	15.019	13.941
Magneto	AMB_RS05005	AMB_RS05005		sphingosine kinase and enzyme	2.465	0.445	-0.347	-1.093	-0.273	-0.762	-0.304	-0.895	0.237	-0.918	-2.685	-1.686	-0.873	-0.872	-0.721	-0.645	-0.239	-0.514	-0.268	-0.986	0.108	-1.223	-0.674	-0.824	0.292	0.766	0.142	0.844	-0.394	0.761	0.193	-1.064	-1.378	0.571	1.346	-1.138
Magneto	AMB_RS05010	AMB_RS05010		cation transporter	0.726	-0.021	1.263	0.619	0.749	-0.010	0.911	0.221	0.062	-0.304	0.659	1.085	-0.651	0.356	-1.287	0.559	-1.468	0.576	-0.162	1.668	0.607	-1.304	-0.350	-0.409	-1.211	-0.991	-1.911	-1.058	-0.963	-1.504	-1.439	-0.307	0.041	-0.434	-0.559	-0.405
Magneto	AMB_RS05015	AMB_RS05015		hypothetical protein	-0.859	-0.110	0.210	0.331	0.513	-0.169	0.574	-0.195	0.176	0.029	1.538	0.162	-0.256	-0.088	-0.042	0.447	1.078	0.302	0.085	-0.026	-0.855	1.293	0.548	0.134	-0.115	-0.056	-0.619	0.462	0.586	-0.424	-1.890	-0.334	-0.014	-0.135	1.819	-0.339
Magneto	AMB_RS05020	AMB_RS05020		hypothetical protein	-0.090	-0.892	-0.479	-1.837	-0.350	-0.853	-0.010	0.558	-0.550	-1.633	-1.123	-0.888	-0.656	-0.855	0.151	0.257	0.518	-0.271	-1.738	-0.665	-0.535	-0.576	-0.922	-0.911	-1.316	-1.109	-1.681	-1.195	-1.147	-0.709	-3.196	-1.882	-0.107	0.068	-1.434	-0.523
Magneto	AMB_RS05025	AMB_RS05025		hypothetical protein	3.338	-0.354	-0.943	-0.657	-0.313	0.512	0.431	-0.350	0.644	2.326	0.393	0.624	0.148	0.176	-0.147	0.090	-0.159	0.326	-0.132	1.105	0.032	-0.200	-0.392	0.036	-0.362	-0.153	-0.322	-0.251	-0.445	-0.528	1.366	-0.656	-0.622	1.078	1.704	1.038
Magneto	AMB_RS05035	AMB_RS05035		hypothetical protein	0.507	-0.360	-0.280	-0.197	-0.053	0.934	0.022	0.412	-1.280	0.061	-0.913	0.772	-0.168	-0.806	-1.552	-0.082	-0.239	0.399	0.301	-0.716	0.050	-0.582	-0.148	-0.568	-1.242	-0.604	-1.092	-0.238	-0.735	-0.336	-1.523	-1.568	-2.159	-0.813	-1.060	-0.614
Magneto	AMB_RS05040	AMB_RS05040		hypothetical protein	1.713	-0.462	-1.050	-1.393	-0.827	-0.176	-0.488	-1.741	-0.379	-0.992	-0.117	-0.578	-1.565	-1.638	-0.766	-0.896	0.361	-0.325	-2.095	-0.551	-0.361	-0.440	-0.062	-1.194	0.376	0.063	-0.608	0.318	1.009	-0.363	0.872	-0.527	-1.076	-1.141	-0.152	1.029
Magneto	AMB_RS05045	AMB_RS05045		hemerythrin	0.942	-0.516	-0.920	0.069	-0.144	-0.559	-0.881	-0.522	-0.349	-0.516	1.661	1.382	0.518	-0.738	0.366	0.026	-0.268	-0.304	-0.659	-1.764	-0.800	-0.988	-0.030	-0.441	0.628	-0.339	-0.117	-0.237	-0.409	0.155	1.345	-0.149	0.349	-1.063	1.092	0.161
Magneto	AMB_RS05075	AMB_RS05075		transcriptional regulator	-0.033	0.222	0.274	-0.081	-0.232	-0.502	-0.075	-0.365	-0.482	-1.017	0.003	-0.197	-0.945	-0.432	-0.195	0.100	0.520	-0.774	0.347	0.072	-0.219	-0.370	-0.735	0.372	0.301	0.627	1.064	0.043	0.159	0.145	0.504	-0.041	-0.250	-0.134	-0.749	-0.508
Magneto	AMB_RS05080	AMB_RS05080		response regulator	0.438	-1.410	-2.150	0.239	-0.191	-0.985	-0.962	-1.034	0.158	-1.351	-1.250	-1.270	-0.857	-1.304	-1.453	0.199	0.024	0.405	-1.586	-0.156	-0.351	-0.547	0.796	-0.978	0.293	-0.013	-0.132	1.641	2.214	0.570	0.417	-0.533	-0.869	-0.798	-0.816	0.783
Magneto	AMB_RS05085	AMB_RS05085		hemerythrin	0.055	0.330	-1.059	-0.865	-1.201	-1.240	-0.331	-1.098	-0.313	-1.593	-0.186	1.494	-0.696	0.015	-1.272	0.198	0.195	0.321	-2.365	-1.073	-0.472	0.397	-0.052	0.108	-1.402	-1.024	-0.848	-0.595	-0.156	-0.835	-0.750	-1.570	-1.291	-0.347	-0.678	-0.222
Magneto	AMB_RS05090	AMB_RS05090		hypothetical protein	1.008	-0.606	-1.956	-2.847	-1.137	-1.324	-0.018	-2.347	0.172	-1.901	-1.316	-0.891	-1.795	-2.392	-1.730	0.380	1.251	0.879	-2.473	-2.220	-3.197	-1.747	-0.154	-1.147	-1.492	-0.195	-1.233	0.586	1.355	1.232	-0.202	0.241	0.463	-1.500	-1.615	-1.377
Magneto	AMB_RS05095	AMB_RS05095		hemerythrin	2.148	-0.457	-2.141	-2.074	-2.696	-2.055	-0.106	-1.584	-0.203	-2.995	-2.657	-1.904	-1.240	-2.965	-1.992	0.692	1.385	0.738	-2.668	-1.490	-3.116	-1.494	-0.778	-0.988	-1.443	-1.018	-1.162	0.065	0.743	0.618	-1.277	-2.079	-0.446	-0.660	-1.697	-1.022
Magneto	AMB_RS05100	AMB_RS05100		chemotaxis protein	-0.536	0.285	0.100	-1.568	-1.830	-1.650	-0.453	0.283	-0.548	-0.383	-1.684	-0.473	1.260	-0.722	0.082	0.054	0.558	-0.129	0.777	0.984	0.238	0.781	0.944	1.030	1.114	1.981	0.692	2.367	0.570	0.634	-0.034	0.004	1.442	0.560	1.916	2.736
Magneto	AMB_RS05105	AMB_RS05105		PAS domain S-box protein	0.285	-0.012	-1.049	-1.538	-0.451	-0.286	-0.606	-0.859	-1.267	-0.497	0.951	0.234	-0.361	-0.003	-1.688	-1.099	-1.903	-0.386	-1.287	-0.105	-1.700	-0.302	-0.175	0.963	-0.760	-0.050	0.712	0.552	-0.139	-0.579	-1.025	-0.616	0.787	-1.651	0.467	-0.173
Magneto	AMB_RS05110	AMB_RS05110		chemotaxis protein CheY	-0.105	-1.342	-1.277	-1.325	-0.831	-0.010	-0.155	0.968	-0.088	-1.441	-0.358	-1.739	-1.007	-1.073	-0.455	0.020	1.198	1.140	-1.193	-1.107	-0.300	0.734	1.037	0.581	-1.511	-0.443	-1.499	0.584	0.921	0.073	-1.235	-1.717	-1.078	-1.462	-2.308	-1.595
Magneto	AMB_RS05115	AMB_RS05115		hypothetical protein	2.825	-0.324	-1.725	-0.177	1.183	0.635	0.164	0.733	-0.156	-0.649	-1.883	0.529	0.278	0.068	-0.245	1.561	2.251	2.289	-1.598	-0.970	-1.364	2.423	0.763	-0.191	-2.662	-0.258	-1.211	-0.332	-1.195	-0.145	0.373	-0.280	-2.532	-1.745	0.357	0.170
Magneto	AMB_RS05120	AMB_RS05120		hypothetical protein	1.417	0.626	-1.072	-0.397	-0.480	-1.039	1.026	0.672	1.217	-0.250	-2.134	-0.094	-0.462	-0.832	-0.448	1.176	0.395	0.709	-1.106	-2.063	0.099	0.160	-0.090	-0.630	0.470	0.663	0.268	0.934	0.355	1.103	-0.466	-0.940	-1.781	-0.268	0.010	0.729
Magneto	AMB_RS05135	AMB_RS05135		hypothetical protein	1.174	-2.386	-0.454	-0.523	1.188	-0.878	0.770	1.040	0.046	-0.145	-1.312	-0.851	-0.954	-1.352	0.247	-0.213	0.772	-0.356	0.390	-0.041	-1.747	-1.112	-1.099	-0.413	-1.074	0.181	-1.348	-0.461	-0.696	-1.754	-1.059	-0.887	-0.002	-1.738	-1.359	-0.026
Magneto	AMB_RS05140	AMB_RS05140		PDZ domain-containing protein	-0.416	1.285	0.910	0.252	1.131	-0.508	0.092	1.109	1.531	2.902	2.577	2.646	-0.038	-0.554	0.686	0.480	0.632	0.362	3.637	1.118	2.804	0.670	-0.323	1.021	1.026	-0.338	0.057	0.307	0.229	0.781	-0.957	-2.565	-3.091	-1.068	-1.219	-3.181
Magneto	AMB_RS05145	AMB_RS05145		hypothetical protein	-0.828	-1.869	0.303	0.104	0.977	0.928	1.698	0.864	0.443	2.872	1.117	0.256	-0.038	0.597	1.077	0.534	0.268	0.018	1.203	1.000	1.323	-0.661	-0.205	1.276	0.729	0.587	0.509	1.148	0.812	0.858	-0.904	-1.094	-0.638	1.276	0.485	-0.500
Magneto	AMB_RS05170	AMB_RS05170		hypothetical protein	-0.148	0.325	0.124	0.949	0.549	0.086	1.849	0.394	1.158	0.854	0.406	0.189	0.380	0.939	0.445	1.161	2.502	0.434	-0.347	-0.837	0.919	0.272	1.318	1.336	-0.848	-0.173	-0.321	-0.252	-0.466	-0.465	0.618	1.296	0.103	0.385	1.000	1.209
Magneto	AMB_RS05175	AMB_RS05175		transcriptional repressor	-0.270	0.703	-0.007	0.393	-0.053	-0.088	-0.943	-0.053	0.225	-1.819	0.157	-0.232	-0.431	-1.077	-1.096	-0.528	-0.026	-0.461	-0.222	-0.747	-0.970	0.277	-1.221	-0.123	0.327	0.687	-0.191	-0.367	0.869	0.259	1.610	0.707	-0.307	-1.139	1.044	1.144
Magneto	AMB_RS05180	AMB_RS05180		MerR family DNA-binding transcriptional regulator	0.572	1.254	0.633	0.169	2.244	0.168	0.590	1.139	1.332	0.532	0.114	-0.228	1.063	0.075	1.706	0.983	0.537	1.864	-2.058	0.448	0.542	0.546	1.481	1.328	1.770	0.681	0.710	1.564	1.389	1.469	0.105	-0.357	-0.094	0.621	1.242	0.887
Magneto	AMB_RS05185	AMB_RS05185		heavy metal translocating P-type ATPase	0.885	-0.929	0.815	0.036	-0.376	-1.150	0.003	0.067	0.260	0.582	0.456	-0.933	-0.312	0.085	0.345	0.111	1.589	0.357	0.951	0.730	0.621	-1.455	-0.669	-1.773	0.569	0.648	0.634	0.822	0.320	1.395	1.221	0.911	1.091	2.759	2.918	3.081
Magneto	AMB_RS05190	AMB_RS05190		cation transporter	-2.158	-0.165	0.709	0.396	-0.894	-0.022	1.347	0.562	0.800	-0.248	-0.010	-0.343	0.423	-0.425	-0.393	0.417	0.149	0.832	-0.058	-0.761	0.295	-0.876	-0.307	-1.270	-0.726	-0.852	-1.134	0.103	-0.372	0.201	-0.331	-0.508	-1.322	0.403	0.437	-1.091
Magneto	AMB_RS05195	AMB_RS05195		YnfA family protein	-0.602	0.858	1.477	1.059	1.634	1.756	1.090	-0.498	0.463	1.462	0.745	-0.652	-0.076	1.046	0.296	0.232	0.615	1.621	0.131	0.433	0.622	0.021	1.225	0.389	0.194	-0.171	0.221	0.883	1.111	0.943	-0.967	-1.234	0.579	0.600	0.223	1.763
Magneto	AMB_RS05200	AMB_RS05200		cell division protein FtsZ	0.330	2.119	-0.526	-0.562	0.410	0.308	-0.241	0.704	1.530	-0.837	-0.638	0.692	-0.181	0.571	0.440	0.140	-0.179	0.597	-0.595	-1.166	0.544	0.214	-1.360	0.592	-0.297	-0.030	0.041	-0.541	-0.350	-0.652	-0.244	-0.742	-1.442	-1.559	-0.640	-1.490
Magneto	AMB_RS05205	AMB_RS05205		MFS transporter	0.268	-0.081	-0.194	-0.444	-0.417	-0.014	-1.236	-2.347	-2.695	9.447	8.400	10.227	0.131	-0.171	0.503	-2.400	-2.340	-2.167	10.764	8.496	9.080	-1.058	-0.372	-1.426	-0.878	-1.453	-1.693	-1.784	-1.593	-1.462	-2.270	-5.715	-2.928	-5.043	-3.130	-7.194
Magneto	AMB_RS05210	AMB_RS05210		hypothetical protein	-0.764	-0.997	1.326	0.083	0.650	0.667	-0.270	-1.094	-0.471	6.653	6.514	6.890	0.667	0.563	0.474	-0.884	-2.120	-0.959	7.189	7.557	5.771	0.174	-0.001	0.568	-1.662	-1.674	-2.047	-1.400	-1.384	-1.078	-0.463	-1.998	-1.931	-5.509	-2.713	-4.801
Magneto	AMB_RS05215	AMB_RS05215		methyl-accepting chemotaxis protein	-0.262	0.195	1.709	2.348	2.447	0.444	1.080	1.933	0.910	1.765	0.640	0.526	1.084	1.919	0.879	2.646	0.748	0.441	0.999	2.133	0.949	2.348	1.912	1.815	-0.061	-0.275	-0.096	-0.488	-0.299	0.246	0.240	0.149	0.591	-0.505	-0.109	-0.588
Magneto	AMB_RS05220	AMB_RS05220		hypothetical protein	-0.029	0.315	0.276	0.669	0.844	0.684	0.169	0.717	0.259	1.020	0.816	0.365	1.617	0.450	0.908	1.567	1.103	1.381	0.138	0.770	0.010	1.076	0.973	0.842	-0.664	-0.623	-0.477	-0.362	-0.618	-0.705	-0.389	-0.581	-0.522	-0.422	0.328	-0.592
Magneto	AMB_RS05225	AMB_RS05225		hypothetical protein	0.058	-0.159	0.575	1.869	0.969	-0.170	1.861	-0.091	1.414	0.306	0.502	-0.891	1.125	0.267	0.649	0.315	0.269	0.323	0.670	0.676	1.219	0.349	1.143	0.865	1.565	2.398	1.053	0.660	1.189	1.230	1.389	1.724	0.452	-0.442	-0.220	-0.664
Magneto	AMB_RS05230	AMB_RS05230		protein kinase family protein	2.140	-0.450	-0.756	-0.997	-0.595	0.405	-0.713	-0.923	-1.870	0.343	0.369	-0.217	1.288	0.232	-0.976	-0.394	0.018	-1.153	0.337	0.791	0.112	-1.141	0.415	-0.669	-0.176	-0.528	-0.435	-1.018	-0.885	-0.813	0.307	0.051	1.292	0.331	1.932	0.315
Magneto	AMB_RS05235	AMB_RS05235		hypothetical protein	-0.285	0.962	1.539	0.016	0.576	0.411	-0.884	-0.644	-1.893	1.276	2.015	1.748	-1.656	-0.680	1.232	-1.781	-0.733	0.337	0.418	0.739	0.506	0.296	1.002	0.788	-0.122	-0.607	0.132	-0.769	-1.291	-0.414	3.025	2.889	2.442	2.506	0.964	2.242
Magneto	AMB_RS05240	AMB_RS05240		ferrous iron transport protein A	0.035	0.977	0.663	1.017	1.495	1.460	-1.774	-2.919	-2.443	14.829	10.912	14.068	0.919	1.368	1.274	1.464	1.157	0.015	5.866	6.506	6.369	1.713	1.622	3.145	-0.443	1.179	0.314	-0.979	-1.219	-0.919	7.279	8.972	7.153	6.922	7.912	8.404
Magneto	AMB_RS05245	AMB_RS05245		ferrous iron transport protein B	-0.676	-0.056	-0.424	-0.224	-0.453	0.427	-3.298	-4.268	-5.063	14.513	12.426	15.956	-0.191	0.685	-0.045	-0.043	0.930	-1.037	7.096	6.943	7.029	1.410	1.112	1.383	0.342	1.349	1.406	-1.765	-2.394	-0.950	12.888	15.828	14.360	13.742	13.903	12.077
Magneto	AMB_RS05250	AMB_RS05250		hypothetical protein	1.358	-0.972	-0.476	-1.520	-1.131	-1.095	0.145	0.204	0.585	-0.817	-1.698	-0.363	-1.453	-1.303	-0.221	0.258	0.071	-0.049	-1.383	-1.310	-1.029	-1.784	-0.097	-0.688	-0.823	-0.241	0.328	-0.005	0.090	2.039	1.165	0.454	1.550	0.664	3.171	0.370
Magneto	AMB_RS05260	AMB_RS05260		hypothetical protein	-1.540	1.471	0.292	-0.473	-0.389	-0.510	-0.662	-1.417	-0.899	0.479	1.024	-0.152	-0.116	-0.866	-1.466	0.069	-0.589	-0.201	-0.528	-0.528	-0.302	0.109	-0.278	0.511	0.911	1.783	1.531	-0.216	0.408	0.145	0.225	1.765	0.144	1.128	0.878	0.997
Magneto	AMB_RS05265	AMB_RS05265		serine/threonine protein kinase	-3.499	-1.930	-0.753	1.058	0.530	0.225	0.858	0.005	-0.237	0.103	0.510	-0.092	0.737	0.614	0.507	1.019	-0.127	0.637	0.531	1.611	0.170	0.711	1.077	0.548	0.919	0.385	0.406	0.334	0.256	0.426	1.058	1.087	1.226	1.574	1.412	1.288
Magneto	AMB_RS05270	AMB_RS05270		HEAT repeat domain-containing protein	1.495	-0.412	0.351	-0.522	0.266	0.789	-1.037	-0.244	-0.099	-0.346	-0.538	0.013	-0.352	-1.162	-0.225	0.625	-0.286	-0.416	-0.670	0.073	0.736	0.285	0.342	0.001	0.132	-0.117	-0.469	0.636	0.417	-0.671	-0.064	-1.077	0.113	0.276	-0.798	-1.019
Magneto	AMB_RS05275	AMB_RS05275		IS3 family transposase	0.458	-0.791	0.342	1.163	-0.449	0.426	0.467	-0.043	0.142	0.590	-0.582	1.439	1.572	0.584	0.077	0.199	-0.257	0.016	0.848	-0.596	0.653	0.410	0.536	0.703	-1.352	-1.399	-1.139	-3.166	-1.539	-1.381	-1.727	-1.867	-0.212	0.445	-1.642	-0.980
Magneto	AMB_RS05290	AMB_RS05290		ATP-dependent Zn protease	-0.770	-0.321	0.403	-0.231	-0.802	0.066	1.011	0.444	0.781	-0.849	0.464	-1.221	-0.755	0.006	0.400	0.190	0.098	-0.389	-0.166	0.670	0.151	0.841	1.023	0.117	0.374	0.187	-0.109	0.940	0.394	0.255	1.157	1.039	0.510	1.455	0.840	1.594
Magneto	AMB_RS05295	AMB_RS05295		hypothetical protein	-0.305	2.144	0.211	-0.330	-0.050	1.107	0.360	1.864	0.104	-1.071	-1.493	-0.786	1.080	0.106	1.112	1.025	0.888	0.981	-0.798	0.668	0.297	1.050	1.034	0.073	-1.747	-1.687	-1.460	-1.124	-0.660	-1.258	-2.425	-2.095	-1.278	-4.609	-0.716	-1.125
Magneto	AMB_RS05300	AMB_RS05300		hypothetical protein	2.701	-1.329	-1.179	-1.290	-1.226	-0.256	0.246	0.327	0.188	0.052	-1.508	-0.665	-0.945	-1.108	0.571	0.820	1.258	0.688	-1.253	-0.659	-0.178	-0.852	0.510	-0.621	-1.548	-1.228	-1.435	-1.147	-0.752	-0.013	-1.144	-0.183	-0.013	-1.546	-1.178	-0.114
Magneto	AMB_RS05320	AMB_RS05320		IS3 family transposase	0.486	-0.744	-0.091	-0.064	-1.039	-0.793	0.724	-1.008	-0.273	0.514	-0.651	0.101	-1.742	-0.506	-1.223	-0.220	-0.357	-0.340	0.589	-0.241	-0.523	0.767	0.291	-0.818	0.512	0.629	0.240	1.289	1.773	1.786	1.807	-0.026	1.774	-1.054	0.557	0.813
Magneto	AMB_RS05325	AMB_RS05325		chemotaxis protein CheY	-0.887	-0.459	0.134	-0.067	0.460	-0.096	0.349	0.321	0.391	0.146	-0.723	-0.863	-0.203	-0.103	-0.363	0.502	0.220	0.549	-0.645	-0.614	-0.069	0.354	-0.528	0.311	-0.431	0.368	0.434	0.346	0.006	0.186	0.532	-1.172	-0.573	0.370	-1.410	-0.845
Magneto	AMB_RS05335	AMB_RS05335		response regulator	-0.120	0.720	-0.245	0.301	0.343	0.412	0.313	1.247	0.284	0.386	-1.214	0.031	-0.326	0.400	0.274	1.826	0.675	1.237	0.358	-0.168	-0.092	0.081	-0.045	0.604	-1.166	-1.142	-0.404	-0.636	-0.904	-0.333	0.214	-2.475	-1.005	-1.115	-0.697	-0.444
Magneto	AMB_RS05350	AMB_RS05350		hypothetical protein	-0.312	0.349	-0.934	-1.391	0.794	-1.550	-0.470	-1.137	-1.688	-0.458	-0.653	-0.238	-1.982	0.048	-0.108	-0.980	-0.321	-0.361	0.505	0.543	-0.428	-1.080	0.854	-0.535	-0.599	-0.548	-0.585	-0.556	-0.528	-0.529	-0.133	-0.330	-0.300	-0.187	-0.219	-0.351
Magneto	AMB_RS05355	AMB_RS05355		response regulator receiver modulated metal-depenent phosphohydrolase	-0.101	0.461	-1.670	-1.133	0.370	-0.215	-0.928	-0.614	-0.123	0.199	0.170	0.119	-0.190	-1.658	-1.041	-1.208	-2.528	-0.278	-0.384	-0.439	-0.665	-0.945	0.402	-1.569	-0.687	-0.752	-1.398	-0.615	-1.288	-1.822	0.723	-1.304	-1.308	-0.509	-0.557	-1.352
Magneto	AMB_RS05360	AMB_RS05360		ABC-type phosphate/phosphonate transport system	-0.363	0.073	-0.095	0.044	0.163	-0.304	-0.801	-0.743	-1.374	-1.023	-0.675	-0.882	0.386	-0.358	-0.258	0.486	-1.051	-0.815	-0.421	0.164	-0.077	-1.403	0.285	-0.322	-0.119	-0.555	-0.667	-0.020	-0.778	-0.140	0.287	-0.274	0.107	-0.415	0.024	-0.228
Magneto	AMB_RS05370	AMB_RS05370		hypothetical protein	2.498	2.255	-0.838	-1.425	0.501	-0.659	-0.433	-0.683	-0.614	0.731	0.253	0.802	0.146	-1.640	-1.408	-0.474	-0.456	-0.239	0.613	0.709	0.145	-0.768	-1.058	-0.695	-0.315	-0.291	0.176	-0.055	0.100	-0.344	0.802	-1.328	1.625	0.904	0.085	1.460
Magneto	AMB_RS05375	AMB_RS05375		helix-turn-helix domain-containing protein	0.817	-0.303	-0.392	-0.123	-0.387	-1.004	-0.163	-0.881	-0.305	-1.527	-3.682	-1.324	-0.313	-0.839	-0.249	-0.629	-0.139	-0.066	-1.674	-0.599	-0.711	-1.567	-0.202	-1.934	1.190	1.576	1.564	1.705	0.919	1.472	-0.246	0.095	-0.049	0.416	1.219	0.269
Magneto	AMB_RS05400	AMB_RS05400		fumarate reductase/succinate dehydrogenase flavoprotein subunit	0.797	-0.128	-0.721	0.468	0.650	-0.548	1.003	0.156	-0.009	-0.518	-0.306	0.105	-0.258	-0.251	0.508	-0.377	-0.390	0.081	0.032	0.845	0.066	0.191	0.068	-0.556	-1.516	-0.273	0.614	0.363	0.080	0.040	-1.478	-1.067	-0.706	0.508	-0.213	-1.244
Magneto	AMB_RS05405	AMB_RS05405		4Fe-4S dicluster domain-containing protein	0.144	-1.211	0.654	-0.668	-0.259	0.397	-0.339	-0.018	-0.652	-0.852	-0.576	-1.114	0.755	0.566	-0.445	-0.028	-0.359	-0.549	0.366	0.486	0.326	-1.375	-0.646	-0.359	-0.785	0.604	0.019	-0.005	-0.032	0.092	-0.127	-0.854	-0.272	0.466	0.254	-0.540
Magneto	AMB_RS05410	AMB_RS05410		HEAT repeat-containing protein	1.607	-1.406	1.115	0.184	1.146	0.357	-0.134	1.134	1.312	1.158	1.648	1.083	1.490	1.077	1.347	-0.560	0.685	1.206	1.326	-0.562	-0.235	-1.337	1.189	1.060	-0.350	-0.182	-0.691	0.033	0.447	-0.308	-0.179	-0.078	-0.225	-0.165	-0.126	0.653
Magneto	AMB_RS05415	AMB_RS05415		4Fe-4S binding protein	-1.079	-0.321	0.798	0.717	-0.049	0.612	0.354	1.174	-0.130	0.115	0.167	0.674	0.277	0.799	1.036	1.506	0.481	0.277	0.117	1.431	0.835	0.971	0.868	-0.015	-0.092	1.010	0.489	-0.289	-0.513	-0.273	0.534	-0.808	0.265	-0.410	1.057	0.013
Magneto	AMB_RS05420	AMB_RS05420		ferredoxin	-0.281	-0.968	0.061	0.299	-0.438	0.112	-0.610	-0.527	0.502	2.099	-0.130	1.020	1.046	-0.126	0.757	0.581	0.095	-0.363	0.705	0.902	0.569	1.368	0.893	0.268	-1.046	-0.815	-0.954	-1.062	-0.834	-0.327	-1.183	-0.261	-0.875	-0.732	-1.399	-0.657
Magneto	AMB_RS05435	AMB_RS05435		ABC transporter permease	-2.462	-4.563	-3.198	-3.541	-1.993	-2.989	-1.929	-1.983	-1.199	-1.911	0.845	-3.493	-1.816	-2.145	-1.647	-2.124	-3.317	-2.404	-0.781	-0.787	-1.065	-1.943	-1.684	-2.687	-4.222	-4.347	-3.993	-3.856	-3.486	-4.461	-1.300	-3.169	-1.801	-1.489	-1.707	-2.801
Magneto	AMB_RS05440	AMB_RS05440		hypothetical protein	0.294	-0.042	0.138	-0.652	-0.325	0.267	-0.821	0.934	-0.096	-0.203	-1.385	-0.643	-0.058	-0.394	-0.160	-0.767	-0.863	-0.089	-0.832	-1.345	-0.696	-0.601	-0.694	-0.153	-0.664	0.469	-0.307	-0.545	-0.187	-1.135	0.156	-1.375	-0.783	-0.308	-1.235	-0.673
Magneto	AMB_RS05445	AMB_RS05445		MBOAT family protein	-0.793	1.383	-0.090	1.122	0.497	0.946	-0.535	0.452	0.074	0.612	-0.190	1.129	0.261	-0.533	0.117	0.027	-0.711	0.107	1.105	0.388	0.361	-0.378	0.147	0.295	0.350	0.240	-0.780	-1.190	-0.665	-0.507	1.203	1.145	0.645	0.941	0.629	1.447
Magneto	AMB_RS05455	AMB_RS05455		glycosyltransferase family 2 protein	2.196	-1.164	-0.524	0.024	1.065	1.915	0.458	1.276	1.119	-0.241	-0.452	-0.492	0.772	-0.922	0.500	0.037	-0.353	-0.433	-0.478	-1.494	-0.557	0.379	-0.085	0.292	-0.282	-0.824	-0.973	-0.504	-0.595	-1.913	-3.314	-2.925	-2.773	-1.273	-3.387	-1.274
Magneto	AMB_RS05460	AMB_RS05460		UDP-N-acetylmuramyl pentapeptide phosphotransferase	0.560	-0.230	0.876	1.298	2.469	2.141	1.112	1.300	0.937	1.673	0.189	1.218	1.033	1.064	1.300	0.858	1.212	1.259	2.479	1.337	0.834	1.194	0.892	0.079	0.420	0.611	0.218	0.970	-0.281	0.044	0.934	0.745	0.634	-0.941	-0.667	-0.272
Magneto	AMB_RS05465	AMB_RS05465		nucleoside-diphosphate sugar epimerase	0.439	0.915	0.501	1.707	1.527	1.488	2.132	1.910	2.431	2.300	1.903	0.868	1.078	1.303	1.561	1.109	-0.173	1.188	0.207	1.652	1.523	1.428	-0.283	1.220	0.409	0.311	-1.220	-0.412	0.133	-0.830	-0.424	-0.323	-1.960	-0.612	-0.478	-2.768
Magneto	AMB_RS05470	AMB_RS05470		polysaccharide ABC transporter	-0.706	-0.750	-1.249	-0.412	-0.261	-0.982	-1.201	-0.086	-0.542	0.197	-0.370	-0.769	-0.210	0.022	0.901	-0.366	0.976	-0.115	-0.516	-0.480	0.270	-1.772	-0.437	0.898	-0.783	-0.058	-0.690	0.057	0.080	-0.154	-0.681	-2.395	0.537	-0.313	0.260	-0.088
Magneto	AMB_RS05475	AMB_RS05475		hypothetical protein	-2.051	0.507	0.775	1.865	2.512	1.852	-0.404	1.906	0.552	0.702	-0.650	-0.601	0.440	1.384	0.872	0.719	1.509	0.019	-0.648	0.562	0.777	0.349	0.263	0.770	-1.694	-0.981	-0.357	-0.484	-0.993	-0.837	-2.432	-0.913	-1.525	-0.553	-0.344	-1.858
Magneto	AMB_RS05480	AMB_RS05480		DegT/DnrJ/EryC1/StrS family aminotransferase	1.882	0.364	-0.575	-0.354	-0.164	-0.498	-0.092	-0.699	-0.819	1.234	-0.303	-0.095	-1.871	-1.125	-1.707	0.299	-0.678	-0.506	0.116	-0.596	0.127	1.030	0.118	-0.426	-0.348	0.116	0.793	0.705	1.010	0.657	1.942	0.856	-1.392	0.570	0.476	1.399
Magneto	AMB_RS05485	AMB_RS05485		kinase	-1.798	-1.719	1.209	-0.381	-0.110	-1.196	-0.976	-2.917	-1.187	0.891	2.018	0.740	-4.055	-2.869	-2.990	0.485	-1.094	-1.109	0.740	0.449	1.085	1.221	2.708	2.178	-0.732	0.693	-0.055	0.892	-0.051	0.428	-0.290	0.671	0.013	0.523	0.576	0.176
Magneto	AMB_RS05490	AMB_RS05490		glycosyltransferase family 2 protein	1.228	1.123	-0.122	1.862	0.858	0.729	0.496	0.942	0.904	0.308	0.698	0.108	0.859	-0.143	1.438	-0.334	0.801	0.960	0.387	-0.635	-0.688	0.938	0.336	1.366	-0.290	-0.393	-0.126	-0.091	-0.265	1.418	-3.365	-3.753	-3.154	-1.233	-0.810	-1.632
Magneto	AMB_RS05495	AMB_RS05495		hypothetical protein	-0.554	-3.914	-2.965	-1.968	-2.417	-3.650	-3.153	-3.731	-3.204	-2.348	-1.455	-3.275	-4.714	-5.127	-3.950	-2.649	-2.004	-2.124	-0.954	-1.194	-2.214	-0.572	-1.236	-0.842	-3.727	-2.828	-3.647	-3.084	-1.459	-2.764	-4.248	-6.595	-5.755	-4.887	-5.584	-7.081
Magneto	AMB_RS05500	AMB_RS05500		GDP-mannose 4,6 dehydratase	0.731	-0.411	-2.049	-2.259	-0.788	-1.297	-1.935	-0.553	-0.705	-2.836	-1.276	-0.325	-2.025	-0.801	-0.783	-0.219	-0.043	-0.057	-1.341	-1.770	-1.496	-0.391	0.396	-1.023	-3.062	-2.454	-2.839	-2.168	-1.349	-1.998	-4.472	-7.901	-9.785	-6.573	-6.307	-7.201
Magneto	AMB_RS05505	AMB_RS05505		GDP-mannose 4,6-dehydratase	-0.791	-0.731	-2.415	-0.894	-0.006	-1.261	-1.999	-0.736	-1.231	-4.054	-3.170	-3.599	-1.920	-2.285	-1.204	-0.566	-1.420	-1.659	-1.659	0.515	-2.131	-0.810	-0.379	-1.223	-4.428	-3.581	-3.862	-2.910	-1.729	-4.610	-1.528	-5.214	-6.446	-5.828	-4.895	-5.210
Magneto	AMB_RS05510	AMB_RS05510		glycosyltransferase	-0.538	0.646	-1.704	-1.183	0.322	0.142	0.458	-0.734	-0.449	-2.332	-2.664	-3.567	-0.822	-1.614	-0.750	0.492	-0.170	1.224	-3.349	-0.516	-0.759	-0.123	1.952	0.361	-3.245	-2.852	-3.445	-2.697	-2.239	-2.779	-6.053	-6.589	-5.322	-4.020	-4.169	-7.686
Magneto	AMB_RS05530	AMB_RS05530		glycosyltransferase	-3.584	-3.726	-1.223	-1.527	-5.510	-3.987	-1.323	-3.463	-3.380	-0.665	-2.234	-0.583	-5.312	-6.043	-5.426	-2.577	-1.696	-1.687	-0.554	-1.259	0.666	0.009	-0.882	-0.860	-2.272	-0.402	-2.197	-0.559	0.251	-0.892	-0.589	-1.688	-2.259	-0.568	-1.897	-2.023
Magneto	AMB_RS05540	AMB_RS05540		autotransporter domain-containing protein	-0.386	-0.933	-0.358	0.078	1.276	1.329	0.781	1.969	1.711	-1.073	1.253	-1.579	0.607	-0.081	1.099	1.497	1.570	1.612	-0.168	0.407	0.541	1.140	-0.066	0.105	-0.464	0.598	-0.295	0.939	0.511	0.763	-0.802	-1.185	-0.255	0.453	1.420	1.591
Magneto	AMB_RS05545	AMB_RS05545		hypothetical protein	1.181	-1.798	-0.831	-0.097	1.442	0.852	0.731	1.684	0.509	-1.824	-0.371	-1.001	0.051	-0.259	0.083	-0.036	0.761	1.078	-0.713	-0.865	-0.146	0.337	0.198	-0.104	-2.437	-1.298	-2.497	-1.291	-0.926	-1.275	-3.569	-5.290	-6.014	-2.126	-3.410	-2.410
Magneto	AMB_RS05550	AMB_RS05550		hypothetical protein	0.240	1.539	-0.528	-0.514	-0.751	-0.422	-0.704	-1.381	-0.918	0.426	2.512	0.953	0.623	-0.844	-0.250	-0.838	-0.942	-0.578	1.100	0.997	0.681	-0.449	-0.003	-0.476	0.038	2.139	-0.183	-1.090	-0.976	-0.644	0.456	0.611	0.964	1.494	0.207	0.738
Magneto	AMB_RS05555	AMB_RS05555		ABC transporter ATP-binding protein	0.729	0.502	-0.809	-1.289	-0.207	-0.484	0.874	-0.731	-0.956	-1.136	1.997	-0.411	-0.979	-0.708	0.312	-0.838	-0.877	-0.534	-0.747	0.263	-1.369	-0.640	-0.768	-0.345	0.821	0.732	0.408	0.766	-0.095	0.808	2.112	-0.084	-0.697	-0.462	-0.977	-0.028
Magneto	AMB_RS05560	AMB_RS05560		hypothetical protein	-0.651	-1.297	0.114	0.078	-0.427	0.310	-0.341	-1.687	0.510	1.087	-1.191	2.724	-0.479	-0.694	0.035	-0.341	-0.383	-0.668	-1.028	0.070	-0.320	-0.432	0.258	0.374	-0.267	-0.953	-0.342	-0.508	-0.334	-0.919	0.274	-0.611	-0.304	-1.644	-1.290	0.720
Magneto	AMB_RS05565	AMB_RS05565		DUF839 domain-containing protein	1.834	-0.808	0.902	1.565	0.659	0.726	0.523	1.479	0.626	1.535	0.718	0.840	0.340	0.574	0.340	0.218	0.313	0.002	-0.047	0.077	0.630	0.246	0.568	0.126	0.146	1.315	1.128	0.334	1.097	0.695	0.894	0.986	1.114	0.988	0.240	1.236
Magneto	AMB_RS05570	AMB_RS05570		magnesium and cobalt transport protein CorA	1.393	-0.769	-0.485	0.006	0.320	0.067	0.279	-0.846	0.101	-0.066	0.451	0.408	-0.676	-0.837	0.708	-0.807	-0.018	0.084	-0.046	-0.421	-0.358	-0.489	-0.327	0.188	1.163	1.343	1.438	1.052	1.222	0.994	1.578	1.312	0.311	0.681	0.256	-0.511
Magneto	AMB_RS05585	AMB_RS05585		hypothetical protein	-1.393	-0.608	0.121	0.331	0.966	0.150	1.313	1.738	1.120	1.940	1.375	-0.862	1.087	0.980	-0.843	0.371	0.750	1.421	0.336	0.108	0.962	0.364	1.270	0.323	0.964	1.465	0.258	0.461	0.371	1.010	1.851	0.261	-0.176	1.694	1.114	-0.140
Magneto	AMB_RS05590	AMB_RS05590		hypothetical protein	-0.426	0.108	1.313	-1.778	-0.194	-0.868	1.116	0.504	-0.111	0.295	0.126	-0.724	-0.381	-0.301	1.398	-0.521	1.427	-0.131	0.261	-3.432	-0.275	-1.371	-1.348	0.146	-0.822	0.559	-1.070	-0.321	-0.544	0.215	-0.368	-0.115	-0.339	-1.255	0.141	1.450
Magneto	AMB_RS05595	AMB_RS05595		agmatinase	-0.764	-0.235	0.525	-0.183	0.028	-0.801	0.253	-0.089	-1.561	-0.379	1.019	-0.259	-0.334	-0.152	-0.807	-0.892	-1.732	-0.885	-0.673	-0.268	-1.066	0.757	-0.700	-0.451	1.587	1.091	-0.189	0.518	1.306	0.661	-1.119	0.520	0.127	0.875	0.352	0.875
Magneto	AMB_RS05600	AMB_RS05600		type III PLP-dependent enzyme	0.693	-1.473	-0.893	0.486	-0.576	-0.955	-0.439	0.880	-0.570	-0.227	0.095	-0.675	0.500	0.742	0.263	-0.611	0.704	-0.246	-0.631	-0.114	-0.970	-0.379	-0.252	-0.406	0.674	1.037	1.005	1.372	0.942	1.221	-0.838	0.758	-0.815	1.482	-0.361	1.244
Magneto	AMB_RS05605	AMB_RS05605		hypothetical protein	-0.165	-0.040	-0.431	0.105	-1.153	-1.823	-0.490	-0.350	0.532	-0.645	-0.846	-2.141	-0.626	-0.697	-0.719	0.226	0.546	-0.018	-0.679	-3.009	-0.583	-0.468	-0.451	-0.547	0.330	0.947	2.070	0.924	1.476	0.606	0.577	1.584	-0.748	1.681	0.946	-0.236
Magneto	AMB_RS05615	AMB_RS05615		phosphate/phosphite/phosphonate ABC transporter substrate-binding protein	-1.606	0.432	0.054	0.472	0.369	-0.144	0.409	-0.791	-0.073	-0.420	-0.227	-1.099	-0.089	0.365	0.063	-1.069	-0.780	-1.102	-0.670	-2.626	0.316	-0.862	0.108	-0.411	0.634	-0.216	0.639	0.473	0.422	-0.307	0.294	-0.390	-0.499	-0.645	-0.051	-0.190
Magneto	AMB_RS05620	AMB_RS05620		GGDEF domain-containing protein	0.633	0.164	0.225	0.647	0.533	-1.218	0.447	0.520	0.455	0.696	0.923	0.145	0.122	0.072	0.403	-0.012	0.225	0.475	-0.060	-0.043	0.238	-0.153	1.436	0.067	-0.955	-1.786	-1.298	-1.351	-1.442	-1.353	-0.883	-1.279	-1.380	-2.660	-2.216	-1.253
Magneto	AMB_RS05625	AMB_RS05625		phosphate ABC transporter ATP-binding protein	-0.161	-0.992	0.222	0.445	-1.086	-0.453	0.185	0.048	0.575	0.797	-1.029	-0.095	-0.663	0.308	-0.128	-0.048	0.312	-1.113	-1.051	-0.036	0.451	-0.512	0.904	-1.624	-1.301	-0.178	-1.865	-1.884	-1.392	-1.174	0.523	-0.237	-0.939	-0.306	-0.882	-0.101
Magneto	AMB_RS05630	AMB_RS05630		amino acid decarboxylase	-0.133	-0.227	0.141	-1.066	-0.658	-1.542	-1.084	-0.940	-0.314	-0.911	-0.342	-0.897	-1.061	-1.747	-0.187	-0.680	-0.901	-1.125	-0.831	-0.646	-0.860	-0.191	-0.845	-0.272	-1.709	-0.441	0.130	-0.403	-0.167	-0.625	-1.057	0.254	-1.858	-0.291	-1.049	-0.372
Magneto	AMB_RS05650	AMB_RS05650		hybrid sensor histidine kinase/response regulator	-1.022	0.647	0.325	1.206	0.689	0.816	0.056	1.024	0.603	-0.258	-0.345	0.132	1.901	0.623	-0.546	1.116	-0.129	-0.588	0.955	0.215	0.644	0.424	0.320	0.692	0.656	0.370	0.914	0.495	0.901	1.322	-0.029	1.638	0.998	1.634	1.824	2.719
Magneto	AMB_RS05660	AMB_RS05660		Ni,Fe-hydrogenase I large subunit	-2.005	0.447	0.332	0.191	1.205	0.352	1.115	1.719	1.910	0.662	0.125	1.022	0.907	0.324	1.082	1.328	0.364	1.083	0.821	1.004	-0.580	0.896	0.826	1.437	-1.190	-0.431	0.157	-1.135	-1.010	0.501	-0.954	-0.253	-0.007	0.714	0.127	-1.276
Magneto	AMB_RS05665	AMB_RS05665		NADH ubiquinone oxidoreductase	0.092	1.270	0.178	0.332	-0.322	-0.194	0.586	1.024	1.587	1.273	0.587	0.840	1.006	0.600	1.082	0.112	1.086	0.517	0.707	0.912	0.039	-0.052	-0.284	1.074	0.561	-0.361	0.160	-0.163	-0.049	-0.476	0.347	1.110	1.027	0.322	0.998	1.012
Magneto	AMB_RS05670	AMB_RS05670		response regulator	-0.437	-0.147	-0.253	-0.533	0.276	-1.277	0.057	0.031	-1.519	-0.786	0.078	-1.131	0.518	-0.583	-0.435	-1.240	-0.260	-1.740	-0.719	-0.863	-0.285	-0.761	0.221	-0.460	0.589	1.074	1.520	0.650	1.195	1.897	0.455	1.174	0.773	0.491	-0.110	0.826
Magneto	AMB_RS05675	AMB_RS05675		Serine phosphatase RsbU regulator sigma subunit	1.119	0.279	-0.653	0.562	-0.176	0.098	-0.366	-0.470	0.555	-0.261	-0.474	-0.567	0.027	-0.610	0.183	-0.943	0.005	0.140	0.389	0.094	0.635	0.229	-0.267	0.123	-0.189	-0.353	0.539	0.916	-0.036	0.509	-0.347	2.450	-0.181	1.804	-0.024	-0.050
Magneto	AMB_RS05680	AMB_RS05680		anti-sigma factor antagonist	-0.225	-0.011	-1.839	-0.848	-0.693	-0.303	-0.238	-0.967	-0.901	-1.600	1.325	-0.751	-0.929	-1.385	-1.738	-1.313	-0.946	-0.034	-1.175	-1.296	-0.079	-1.262	-0.228	-1.283	0.138	-0.278	0.632	0.798	0.459	0.337	0.748	-1.759	0.273	-0.050	0.326	0.042
Magneto	AMB_RS05690	AMB_RS05690		hypothetical protein	-0.533	0.052	-0.484	0.768	1.406	1.191	1.195	0.556	0.596	1.498	1.420	-0.626	1.219	0.563	1.001	0.005	0.312	1.250	-0.484	1.575	1.789	0.817	-0.016	1.767	1.334	2.132	0.952	0.457	1.170	0.773	0.571	1.208	1.368	0.745	1.002	1.622
Magneto	AMB_RS05700	AMB_RS05700		ATP-dependent Clp protease adapter ClpS	-1.434	0.189	0.027	-0.081	0.690	0.451	0.161	1.109	0.675	0.676	-0.075	-0.104	-0.500	-0.171	-0.550	0.057	-0.227	-0.805	0.965	0.117	-0.349	-1.457	-0.661	-0.330	0.749	0.036	-0.262	0.021	0.351	0.427	-1.925	-3.675	-2.766	-2.672	-2.197	-3.016
Magneto	AMB_RS05705	AMB_RS05705		ATP-dependent Clp protease ATP-binding subunit ClpA	2.193	1.831	0.454	0.573	-0.204	-0.359	1.022	0.451	0.255	-0.368	-1.695	0.401	0.639	0.456	0.634	0.405	0.129	0.666	0.864	0.630	0.201	0.008	-0.478	-0.780	1.404	1.521	1.137	1.335	1.349	2.462	0.989	-2.152	-1.386	0.001	-2.776	-1.996
Magneto	AMB_RS05710	AMB_RS05710		TetR family transcriptional regulator	0.168	-0.166	-1.308	-1.264	-0.434	-0.549	0.771	0.027	0.762	-0.154	0.802	-0.179	-1.228	-0.595	-0.437	0.477	0.396	-0.638	-0.430	-1.090	-1.476	-2.119	-0.002	-0.630	0.886	2.313	1.228	1.168	0.956	1.455	1.793	1.727	1.207	2.452	2.134	1.043
Magneto	AMB_RS05715	AMB_RS05715		23S rRNA (adenine(2503)-C(2))-methyltransferase RlmN	0.442	0.013	0.322	0.619	1.117	1.292	0.661	1.081	1.689	0.490	-0.258	0.390	1.051	0.804	1.423	0.382	1.168	1.003	0.632	1.397	1.448	1.431	1.414	1.300	0.892	2.315	1.858	0.724	0.740	0.612	0.413	0.179	0.885	1.324	0.421	1.798
Magneto	AMB_RS05725	AMB_RS05725		PAS domain S-box protein	1.052	0.685	-1.557	-0.086	-0.591	-0.922	-0.421	0.096	-0.117	-0.792	-0.842	-1.188	-0.267	-0.954	-0.471	-0.360	-0.776	-0.442	-0.800	-0.806	-0.291	-1.255	-0.604	-0.900	-1.134	-1.670	-2.108	-1.003	-1.122	0.283	1.006	-1.253	-0.255	-0.262	-0.730	-0.172
Magneto	AMB_RS05730	AMB_RS05730		ATP-binding protein	1.191	1.187	0.990	0.721	0.668	0.689	0.441	1.098	0.539	0.778	-0.969	0.051	0.964	-0.510	0.937	1.212	0.652	1.098	0.183	-0.382	0.502	1.045	0.174	0.137	2.081	1.641	1.744	0.624	1.698	0.608	0.190	1.003	0.139	2.347	0.656	0.970
Magneto	AMB_RS05735	AMB_RS05735		hypothetical protein	-0.810	0.018	-0.008	-0.843	-0.764	-1.643	-0.129	-0.597	-0.076	-0.823	1.017	0.105	-0.425	-1.234	-0.006	-0.317	0.350	0.917	0.210	-1.227	-0.447	-0.158	0.365	-0.273	0.276	0.714	-0.013	0.828	2.061	1.223	-0.251	1.590	0.341	0.050	0.885	0.226
Magneto	AMB_RS05740	AMB_RS05740		helix-turn-helix domain-containing protein	-0.713	0.733	0.149	-0.782	-0.320	0.177	-0.638	0.318	0.550	0.956	0.425	-0.293	-0.084	-0.084	-0.281	-0.231	0.363	0.739	-0.654	0.647	-0.467	-0.563	0.258	-0.283	-0.905	0.752	0.556	-0.206	0.674	0.228	-0.605	-0.118	-2.607	-0.588	-0.353	0.160
Magneto	AMB_RS05745	AMB_RS05745		hypothetical protein	-0.286	0.686	-0.218	-0.565	0.310	0.011	0.145	-0.469	-0.684	0.753	-0.258	-0.093	-0.198	-1.189	0.355	0.483	-0.483	-0.090	-1.079	-0.764	0.246	-0.382	0.477	-1.129	-0.021	0.518	-0.462	0.353	0.203	0.309	2.125	0.577	1.021	0.201	0.465	-0.285
Magneto	AMB_RS05750	AMB_RS05750		DUF3732 domain-containing protein	-0.052	-1.577	-0.552	-0.157	-0.525	-0.832	-0.158	0.068	0.581	-0.336	0.379	-0.491	0.014	-1.310	-0.770	-0.241	0.537	0.295	-0.345	-0.209	-0.445	0.061	-0.388	-0.305	-1.158	-0.974	-1.079	0.030	-0.015	-0.527	-1.096	-1.575	-1.185	-0.420	-1.349	-1.302
Magneto	AMB_RS05755	AMB_RS05755		hypothetical protein	0.643	-2.082	-0.073	-0.852	0.844	0.647	0.789	-0.184	0.490	-1.893	0.415	-0.267	-1.219	-0.063	1.226	-1.038	0.164	0.190	-0.485	1.119	0.004	0.559	-0.180	2.041	-0.604	-1.240	-0.040	-0.302	0.505	0.681	-1.149	-0.204	-0.199	-0.935	0.898	-0.391
Magneto	AMB_RS05760	AMB_RS05760		hypothetical protein	-0.319	0.486	0.063	0.804	-0.218	1.311	0.161	0.900	1.436	-1.125	-1.528	1.527	0.554	0.243	0.030	0.901	0.219	0.974	1.184	1.382	0.110	0.687	1.648	0.610	-1.759	-0.677	-0.891	-1.331	-1.381	-1.071	-0.633	0.636	0.524	-1.252	-0.084	-2.143
Magneto	AMB_RS05765	AMB_RS05765		hypothetical protein	-0.194	-0.387	0.167	-0.374	-0.188	0.021	-0.065	0.124	-0.167	-0.477	0.010	0.123	-0.258	0.130	0.232	-0.287	0.078	-0.211	-0.564	-0.392	0.156	0.462	-0.491	-0.155	0.255	0.831	0.194	0.278	0.575	0.859	-0.437	0.844	0.075	0.159	0.879	-0.026
Magneto	AMB_RS05770	AMB_RS05770		AraC family transcriptional regulator	-1.253	0.528	-1.164	-0.992	-1.444	-0.191	1.177	-0.150	-0.301	-0.164	-0.350	-0.558	-0.613	0.153	-0.930	0.353	0.023	0.261	-0.931	-2.266	-0.606	0.143	-0.045	-0.927	-1.225	-0.020	-0.708	0.023	-0.099	-0.704	-0.025	0.881	-0.842	0.667	-1.105	-0.410
Magneto	AMB_RS05775	AMB_RS05775		AraC family transcriptional regulator	-1.163	1.702	0.244	-0.955	-0.056	-0.786	0.940	0.536	-0.368	-0.222	-0.981	-0.799	0.337	0.473	-0.166	0.670	0.388	-0.084	-0.327	0.777	-0.198	-1.238	0.948	1.256	-0.572	0.100	0.427	0.367	-0.059	0.175	-0.583	-0.251	0.108	-0.451	-0.956	0.052
Magneto	AMB_RS05780	AMB_RS05780		DUF4347 domain-containing protein	0.157	-0.397	-0.642	-0.531	-0.251	-0.072	0.058	-0.284	-0.407	-0.458	0.213	-0.716	0.258	-0.554	0.014	-0.289	-0.849	-0.355	-0.356	-0.530	0.338	-0.689	0.180	-0.104	-0.491	0.108	-0.232	0.637	0.395	-0.104	0.842	-0.297	-0.234	0.625	0.621	0.334
Magneto	AMB_RS05785	AMB_RS05785		TolC family protein	1.962	0.002	0.907	0.239	-0.622	-0.613	1.177	-1.349	0.174	-0.057	-0.255	0.424	1.346	0.276	-0.359	0.206	-0.401	0.562	-0.152	-0.063	0.358	0.358	0.903	-0.220	0.878	1.720	1.347	1.830	1.528	0.971	1.264	0.378	-0.129	2.242	0.928	1.119
Magneto	AMB_RS05790	AMB_RS05790		efflux RND transporter periplasmic adaptor subunit	2.596	1.086	-0.990	-0.745	-0.004	0.053	0.900	0.061	-0.734	0.361	0.935	-1.585	-0.642	-0.040	0.168	-0.794	0.090	0.357	-1.000	-0.328	-0.304	-0.134	0.148	-0.448	0.739	0.715	-0.240	-0.163	0.697	0.847	0.987	0.837	-0.535	-1.125	0.476	0.573
Magneto	AMB_RS05795	AMB_RS05795		membrane protein	-0.130	0.958	0.865	1.049	-0.065	-0.326	-0.002	-0.051	-0.149	-0.322	0.164	0.906	0.154	-0.262	-0.103	-0.070	-1.373	-0.050	-0.886	0.583	0.175	0.130	0.244	0.237	-0.847	-0.337	-0.777	-0.583	-1.215	-1.476	-0.146	-1.286	-1.319	-1.218	-2.052	-0.714
Magneto	AMB_RS05800	AMB_RS05800		hypothetical protein	-0.824	0.536	0.454	0.055	0.375	-0.153	-0.611	-0.700	-0.228	0.530	-0.120	0.231	0.695	0.100	0.458	-0.564	-1.061	-0.040	-0.107	0.093	0.127	-0.751	1.112	0.085	0.207	-0.132	0.035	-0.647	-0.148	-1.546	-0.038	0.991	-1.608	-0.167	-0.337	-0.517
Magneto	AMB_RS05805	AMB_RS05805		hypothetical protein	0.032	-0.162	-1.969	-1.894	-1.211	-1.297	-0.341	-0.499	-0.091	-2.414	-0.302	-1.777	-1.358	-2.474	-2.627	-0.335	0.596	0.531	-2.401	-1.721	-2.374	-2.207	-1.517	-0.441	-0.782	-0.454	-0.736	0.255	-0.087	1.175	-1.354	-1.660	-0.697	-1.314	-1.631	-1.378
Magneto	AMB_RS05810	AMB_RS05810		hypothetical protein	-0.451	-0.630	-2.022	-0.844	-1.207	-0.622	0.371	-0.819	-0.021	-1.347	-0.110	-1.502	-1.234	-1.052	-1.901	-1.300	-1.357	-0.182	-2.057	-1.196	-0.008	-0.761	-0.993	-1.923	-2.011	-1.796	-1.274	-1.627	-1.944	-1.373	-0.507	-2.548	-0.216	-0.232	-2.304	-1.915
Magneto	AMB_RS05815	AMB_RS05815		DNA-binding protein	-0.486	-0.296	0.064	-2.405	-0.374	-1.397	-1.574	-0.576	-0.350	-1.461	-1.001	-0.488	-0.408	-1.318	-0.264	-0.307	-0.793	-0.083	-0.130	-0.054	-0.892	-0.889	-0.278	-0.592	1.241	2.397	1.533	1.349	1.228	0.975	0.891	0.331	-0.610	0.906	-0.450	1.032
Magneto	AMB_RS05820	AMB_RS05820		hypothetical protein	0.211	-0.137	-0.303	0.452	-0.206	0.314	0.983	0.176	-0.411	-0.131	-0.504	0.303	1.816	-0.709	-0.131	0.109	-1.492	-0.126	0.445	-0.421	-0.500	0.017	0.078	-0.431	-0.750	-0.587	-0.389	-0.547	-0.542	-0.634	-0.316	0.148	-1.180	0.399	-1.527	-1.031
Magneto	AMB_RS05825	AMB_RS05825		hypothetical protein	-0.091	-0.495	-0.278	-1.111	-1.174	0.399	-0.950	-0.271	-0.223	-0.374	-0.631	0.783	-1.130	-1.367	-2.607	-2.076	-1.613	-0.128	0.575	-0.102	-0.677	-0.646	-0.374	-1.075	-1.034	-1.199	-1.098	-1.573	-1.011	-0.505	0.241	-0.642	-2.484	-1.761	0.876	-0.423
Magneto	AMB_RS05830	AMB_RS05830		ATPase AAA	-1.936	-1.072	0.043	-0.793	-0.579	0.365	0.248	0.319	0.094	0.422	1.794	-0.104	-0.268	0.179	-0.682	-0.102	-0.052	-1.075	0.245	-0.015	-0.491	1.031	0.750	-0.170	-0.312	-0.468	-1.162	-0.658	-0.648	-0.144	0.871	0.051	-0.625	0.672	0.559	-0.259
Magneto	AMB_RS05835	AMB_RS05835		hypothetical protein	0.203	0.200	0.010	-1.660	-1.614	-0.607	-0.548	-0.493	0.538	-1.881	0.106	0.346	0.407	0.119	-0.988	-0.173	-0.788	-0.693	-0.696	-0.365	-1.035	0.820	-0.940	-0.002	-0.615	0.763	0.440	0.621	-0.062	-0.067	-1.805	0.636	-0.313	1.248	0.606	-0.048
Magneto	AMB_RS05845	AMB_RS05845		hypothetical protein	-0.441	0.843	0.992	0.991	1.008	0.794	-0.358	0.772	0.934	0.420	-0.710	0.972	0.406	0.617	1.185	1.308	1.631	1.259	-0.024	0.950	-0.581	0.386	1.111	1.175	-0.457	0.044	-0.532	-0.247	-0.363	-0.094	-0.045	-0.263	-0.697	-0.721	-0.260	-0.204
Magneto	AMB_RS05850	AMB_RS05850		hypothetical protein	-0.487	0.409	0.040	-0.968	0.390	-0.759	-0.460	0.177	0.499	0.601	-1.599	0.715	-0.269	-0.264	-0.399	-0.705	0.083	-0.278	-0.153	-1.271	-1.032	-0.531	-0.118	0.217	-0.134	1.253	0.706	-0.372	0.029	-0.817	0.256	-0.144	-1.201	-1.495	0.745	-0.764
Magneto	AMB_RS05855	AMB_RS05855		P-loop ATPase and inactivated derivative	-4.586	0.553	-1.023	0.163	-0.330	-0.302	-0.450	-0.753	-0.095	-0.206	-1.355	-0.320	-1.402	-0.008	-0.111	-0.032	-0.819	-0.223	0.669	-0.361	-0.966	-0.815	-0.244	0.358	0.600	0.064	0.714	0.078	0.486	0.005	0.699	0.459	-0.190	0.943	0.803	-0.425
Magneto	AMB_RS05860	AMB_RS05860		hypothetical protein	-2.031	1.089	-0.989	-0.669	-0.976	-1.217	-0.635	0.653	-0.237	-0.208	0.573	-0.539	-1.151	-1.256	-0.916	0.676	-0.616	0.138	-0.673	-0.185	-0.078	0.067	0.170	-0.286	-1.262	-0.463	-1.044	-0.605	-0.763	-0.715	-2.048	-0.491	-0.048	0.001	-0.711	-0.819
Magneto	AMB_RS05865	AMB_RS05865		hypothetical protein	1.836	-0.147	-0.566	0.983	-0.513	0.269	1.082	-0.077	0.348	0.202	0.074	1.398	-0.591	-0.288	0.309	1.169	0.496	-0.086	-0.140	-1.788	-0.347	0.120	1.542	-0.769	-0.372	-0.379	-0.453	0.032	-0.755	-0.569	-0.433	-0.759	-0.207	-0.142	0.429	0.286
Magneto	AMB_RS05870	AMB_RS05870		hypothetical protein	-0.140	0.955	-1.634	-0.645	-0.570	-0.397	-0.415	-0.490	-0.546	-0.673	-2.513	-0.761	0.042	-0.536	-0.515	-0.738	-0.893	0.244	-0.923	-0.424	-0.282	0.063	0.768	0.387	-0.715	-0.266	-1.111	0.189	-0.018	-0.553	1.061	-0.742	-0.638	1.559	-0.248	-0.245
Magneto	AMB_RS05875	AMB_RS05875		hypothetical protein	-0.511	0.970	-0.351	-0.587	0.188	0.099	0.603	1.369	-0.276	0.473	-0.189	0.878	0.251	0.140	-0.582	0.323	-0.267	0.519	-0.309	-1.566	-0.217	0.563	0.432	0.616	0.161	-0.662	0.325	0.389	-0.654	-0.127	-1.524	-1.725	-0.478	0.388	0.842	1.580
Magneto	AMB_RS05880	AMB_RS05880		DNA cytosine methyltransferase	1.428	0.014	-0.447	-1.017	-0.309	-0.529	-0.626	0.208	-0.632	-0.856	-0.111	-0.289	-0.297	-0.517	-0.760	0.219	-0.708	0.531	-1.007	-1.045	-1.769	0.183	0.225	-0.474	-0.468	-0.174	-0.478	-0.704	-0.231	-0.487	0.166	-0.500	-1.121	-1.213	0.292	-0.255
Magneto	AMB_RS05885	AMB_RS05885		3'-phosphoadenosine 5'-phosphosulfate sulfotransferase/FAD synthetase	0.526	1.073	-0.750	-0.864	-0.229	-0.147	-0.752	0.090	-1.141	-1.505	-0.975	-1.760	0.160	-1.007	-0.368	-0.903	-1.413	-0.410	-0.876	-0.521	-1.422	-0.151	-1.122	-0.662	-0.297	-0.320	-0.723	-0.261	0.430	-0.399	-0.468	-0.237	-1.493	0.515	-0.195	-0.004
Magneto	AMB_RS05890	AMB_RS05890		DNA methylase	-0.937	-0.725	-0.280	0.650	0.845	-1.346	1.089	0.583	-0.313	-0.201	0.993	-0.496	0.244	0.095	-0.851	-0.012	0.091	-0.940	-0.004	-0.503	-0.620	0.203	0.961	-0.023	-2.653	-2.758	-3.019	-2.485	-2.815	-2.386	-1.330	-2.350	-2.678	-1.032	-1.637	-2.864
Magneto	AMB_RS05895	AMB_RS05895		hypothetical protein	-0.596	0.523	0.479	1.671	0.221	0.800	1.824	-0.422	1.215	1.020	-1.200	0.683	0.669	-0.473	0.767	1.870	1.164	1.412	0.489	0.894	-0.663	1.253	0.238	-0.776	-0.805	0.007	-0.020	0.100	0.505	0.451	2.754	-0.454	-0.783	-0.147	-0.254	0.895
Magneto	AMB_RS05900	AMB_RS05900		hypothetical protein	-0.098	-0.811	0.318	0.027	1.195	0.008	1.607	-0.355	0.560	1.128	-1.059	2.592	-0.532	0.443	-0.548	-0.333	2.268	0.635	0.695	0.528	-0.390	-0.262	-0.329	0.453	0.041	1.305	0.544	1.057	0.976	0.368	0.010	-1.464	-1.105	0.593	1.622	1.191
Magneto	AMB_RS05910	AMB_RS05910		hypothetical protein	1.728	-2.003	-0.229	0.585	0.548	-1.010	0.022	-0.081	0.031	-1.003	-1.064	0.301	-0.154	-0.316	-0.801	-0.182	0.421	-0.120	-0.250	-0.079	-0.174	-0.433	0.097	-0.204	-1.277	-1.219	-1.252	-1.149	-1.150	-1.139	-0.536	-0.877	-0.790	-0.619	-0.716	-0.907
Magneto	AMB_RS05930	AMB_RS05930		hypothetical protein	-0.474	-1.064	0.160	-1.439	-1.221	0.522	-1.289	-3.204	-0.984	0.714	-0.762	0.606	-0.071	0.940	-0.322	-0.555	0.328	-0.530	0.519	1.297	-0.113	-1.642	-0.672	0.878	-0.878	-0.798	-0.634	-0.254	-1.581	-0.577	-1.888	-2.526	-0.774	0.304	-1.008	0.105
Magneto	AMB_RS05935	AMB_RS05935		phage terminase large subunit family protein	-2.266	-0.073	0.708	0.831	-0.506	1.214	1.668	1.315	0.045	0.694	-0.656	1.791	0.300	0.649	1.040	0.187	0.752	0.101	-0.079	-0.020	0.010	1.029	1.022	1.195	-0.135	-0.604	-0.925	-0.675	-0.844	-0.862	-0.649	-0.412	-1.322	0.932	-1.340	-1.647
Magneto	AMB_RS05940	AMB_RS05940		hypothetical protein	-0.322	0.196	-0.684	-1.082	-0.361	0.121	-0.799	-1.526	-0.363	0.105	-1.081	-0.628	-0.953	-0.452	-0.886	-1.334	-0.214	0.013	-0.943	-0.634	-1.492	-0.774	-0.740	-0.619	0.387	0.597	0.641	0.240	1.130	0.540	-1.517	-1.407	1.011	0.925	-0.915	-0.147
Magneto	AMB_RS05945	AMB_RS05945		phage portal protein	-1.558	-1.327	-0.517	-0.124	0.510	-0.227	0.109	0.170	0.336	1.351	0.032	0.648	0.818	-0.050	0.190	0.359	-0.203	0.633	-0.181	0.168	0.636	0.098	0.209	0.941	0.582	0.399	0.357	0.123	0.002	0.668	-1.113	-0.374	-0.433	0.076	-1.212	0.435
Magneto	AMB_RS05950	AMB_RS05950		S49 family peptidase	1.072	0.524	-0.090	-0.311	-0.744	-1.383	-0.191	0.165	0.319	-0.147	-0.036	0.676	0.046	-0.418	-0.919	-1.358	-0.567	0.076	-0.098	-1.598	-1.701	-1.136	-0.379	0.316	-0.401	-0.178	-0.906	-0.820	-0.202	-1.011	-0.715	-0.443	-1.412	-0.635	-0.691	-1.219
Magneto	AMB_RS05955	AMB_RS05955		head decoration protein	-1.404	-1.044	0.247	0.118	0.463	0.528	0.887	0.730	0.203	0.830	1.299	1.751	0.609	1.100	-0.783	-0.579	-0.234	1.438	0.958	0.712	1.286	-0.283	-0.676	0.858	0.147	1.312	0.968	0.685	0.567	0.439	-1.887	1.876	-0.394	0.309	0.736	0.805
Magneto	AMB_RS05960	AMB_RS05960		minor capsid protein E	-1.447	0.018	0.787	0.505	0.848	-0.300	-0.020	-0.507	-0.153	0.957	-1.409	1.065	0.129	0.701	-0.102	0.431	-0.454	0.292	1.072	0.269	0.604	0.842	0.193	-0.284	1.044	0.711	0.183	0.987	0.799	0.982	-0.206	0.795	0.982	0.718	1.631	-0.579
Magneto	AMB_RS05965	AMB_RS05965		hypothetical protein	-0.521	1.447	0.385	-0.096	-0.506	-1.085	0.428	0.546	-0.403	-0.796	-0.501	1.634	0.189	0.577	-0.602	-0.076	0.371	0.032	0.364	0.940	-1.284	0.065	-0.091	1.013	0.321	0.538	0.080	-0.981	0.299	0.482	0.618	-0.498	0.676	-0.520	1.293	-0.647
Magneto	AMB_RS05970	AMB_RS05970		hypothetical protein	0.078	-1.210	0.327	1.192	1.805	1.365	0.053	-0.093	1.249	0.980	-1.498	0.404	1.658	2.166	0.049	-0.306	0.206	-0.950	0.651	0.726	1.003	1.082	1.501	1.858	0.071	-0.950	-0.356	-0.960	-0.625	-0.567	0.355	0.088	-0.570	0.356	0.002	0.884
Magneto	AMB_RS05975	AMB_RS05975		hypothetical protein	2.540	0.568	-0.132	-0.647	1.006	0.391	-0.388	-0.895	-0.542	-1.192	-1.739	-0.851	-1.843	-0.023	0.580	0.618	-0.455	-0.849	0.229	-0.895	-0.094	-0.019	1.550	-0.357	-0.211	1.090	0.621	-0.388	0.438	0.969	-1.611	2.848	-1.410	0.919	0.798	1.180
Magneto	AMB_RS05990	AMB_RS05990		hypothetical protein	-0.326	-0.513	-0.251	-0.399	-1.164	-1.987	-0.815	-0.380	-1.882	-0.911	-1.328	-0.763	-1.996	0.050	-0.215	0.529	-0.565	-0.385	-2.381	-0.271	-0.971	-0.511	-0.146	-0.343	-0.746	-0.621	-0.848	-0.770	-0.377	-0.339	0.105	-1.025	-0.133	-0.738	0.147	-0.383
Magneto	AMB_RS05995	AMB_RS05995		hypothetical protein	0.901	1.736	-0.138	0.045	0.335	-0.992	-0.287	0.684	-0.767	-0.962	1.021	0.507	0.465	-0.120	-0.476	-0.919	-1.214	-0.308	-0.255	-0.910	-0.401	-1.037	-0.309	-0.571	0.480	-0.250	-0.464	0.435	-0.227	0.436	-0.975	0.548	0.551	-2.012	-1.097	-0.272
Magneto	AMB_RS06000	AMB_RS06000		replication protein	-0.331	-0.968	-1.727	-0.966	-1.178	-0.007	-1.053	-0.003	0.100	-1.170	-2.057	-0.603	-1.804	-1.874	-0.813	-0.395	-1.034	-1.346	-2.478	-1.629	-1.192	-1.542	-1.916	-1.711	-0.150	0.749	-0.269	0.872	0.856	0.652	0.129	-0.014	-1.245	-1.398	-0.253	-0.129
Magneto	AMB_RS06005	AMB_RS06005		hypothetical protein	0.937	-3.058	-1.119	-0.702	-1.299	0.873	-1.212	-1.535	-0.660	-0.927	0.061	-1.691	-1.588	-2.343	-1.444	-2.219	-1.274	-2.100	-1.047	-0.637	-0.759	-1.654	-1.831	-1.026	-1.223	-1.054	-1.157	-1.209	-0.935	-1.214	-1.027	-1.371	-0.626	-0.643	-1.082	-1.467
Magneto	AMB_RS06015	AMB_RS06015		hypothetical protein	-1.431	-0.661	0.858	0.886	0.234	1.208	1.480	-0.303	0.997	0.530	0.918	1.053	0.425	1.024	1.305	0.453	0.297	1.094	1.084	1.049	1.105	1.736	1.991	1.183	-0.954	-0.412	-0.357	0.110	-0.444	-0.132	2.589	-0.327	1.156	1.476	-1.238	0.330
Magneto	AMB_RS06020	AMB_RS06020		hypothetical protein	-0.206	-0.723	-0.165	1.701	-0.126	0.576	0.122	-0.971	0.665	0.282	0.269	2.081	1.023	1.059	-0.217	-1.953	0.730	-0.273	1.565	-1.286	0.839	-0.158	0.327	0.696	1.710	1.549	0.815	1.451	0.828	1.746	-0.229	1.634	0.919	0.520	0.590	-0.540
Magneto	AMB_RS06025	AMB_RS06025		hypothetical protein	0.585	-0.357	0.075	-0.248	-0.464	-0.231	-0.082	-0.253	0.231	-0.521	-1.623	-0.573	-0.105	-0.520	0.136	-0.231	0.615	-0.482	-1.330	-0.599	-0.133	-0.537	0.017	-0.569	0.128	0.608	0.295	0.770	0.057	0.287	-0.469	0.077	-0.061	1.352	-0.278	0.047
Magneto	AMB_RS06030	AMB_RS06030		hypothetical protein	1.255	1.199	0.585	1.252	0.483	0.893	0.764	0.421	0.874	0.841	1.395	1.466	1.106	2.389	2.491	-0.280	0.875	0.666	2.047	1.257	1.216	0.891	1.217	1.544	-0.303	-0.247	-0.846	-0.820	-0.156	-1.084	-0.759	-0.758	-1.111	1.053	-1.045	-0.047
Magneto	AMB_RS06035	AMB_RS06035		hypothetical protein	-0.739	0.476	0.813	0.602	1.801	-0.823	0.021	0.782	-0.343	0.755	0.423	0.732	0.235	0.034	0.339	-2.183	0.203	-0.861	0.225	0.115	-0.060	1.711	0.964	0.042	0.040	-0.125	-0.050	-0.419	-0.238	-0.920	-2.027	-0.503	0.069	-0.171	0.790	0.533
Magneto	AMB_RS06045	AMB_RS06045		hypothetical protein	-0.036	0.323	0.862	-0.118	0.463	-0.092	-0.245	0.170	0.622	-0.127	-0.499	-0.450	0.215	0.042	0.118	0.096	0.474	0.528	0.048	-0.124	0.460	-0.541	0.363	0.450	0.498	0.228	0.799	0.750	0.673	0.481	-0.747	0.759	0.615	1.017	1.334	0.776
Magneto	AMB_RS06050	AMB_RS06050		hypothetical protein	-0.482	-0.172	0.248	0.281	0.275	-0.207	-0.200	-0.188	1.036	0.814	-0.372	-0.060	0.184	-0.288	0.239	0.491	0.059	0.283	0.053	0.268	-0.201	-0.188	0.097	0.038	0.359	0.428	1.142	1.295	1.137	0.996	-0.312	0.296	0.175	-0.074	-0.709	0.205
Magneto	AMB_RS06055	AMB_RS06055		hypothetical protein	1.172	-2.792	1.760	1.029	-0.062	1.715	0.239	1.888	-0.235	0.542	-0.017	1.277	0.708	-0.595	1.180	0.637	1.102	0.382	1.084	0.257	0.927	0.415	0.185	0.672	-0.112	-0.540	-0.184	-0.191	-0.202	-0.590	-0.876	-0.411	-1.495	0.315	-1.259	-0.377
Magneto	AMB_RS06065	AMB_RS06065		chromosome partitioning protein ParB	2.952	-0.445	-2.261	-1.011	-1.264	-0.675	0.325	-0.249	-0.108	-0.972	-0.498	-0.338	-0.400	-1.603	-1.162	-0.315	-0.502	0.363	-1.147	-0.594	-1.767	-1.163	-0.360	-0.989	-0.097	1.366	0.563	0.944	1.037	1.311	-1.451	0.455	0.244	-0.398	-2.304	1.214
Magneto	AMB_RS06070	AMB_RS06070		chromosome partitioning protein ParB	1.609	0.851	-0.523	-1.045	-0.088	0.096	-0.839	-1.011	-0.329	-0.354	-0.809	-1.005	-0.956	-0.311	-0.713	-0.615	-0.051	-0.904	-0.371	0.139	-0.733	0.254	-0.133	-0.194	-1.265	-0.306	-0.682	-0.724	-1.176	-0.934	-2.400	-1.050	-2.647	-2.277	-2.284	-1.521
Magneto	AMB_RS06075	AMB_RS06075		recombinase family protein	2.520	-0.555	-0.867	-0.595	-1.593	-1.239	0.566	-0.877	-0.091	-0.379	0.311	-1.620	-0.094	-1.114	-0.429	0.009	0.267	-0.138	-1.026	-1.454	0.052	-0.804	-0.408	-0.223	-0.926	-0.374	-1.490	-0.839	0.261	0.043	-0.007	-1.633	-2.632	-0.903	-2.020	-1.483
Magneto	AMB_RS06080	AMB_RS06080		hypothetical protein	-0.223	0.833	-0.334	-0.220	0.182	0.123	1.998	0.068	1.454	-0.718	-0.749	0.546	-0.295	-0.763	-0.847	0.882	0.897	1.173	-0.006	0.481	-0.848	0.369	0.564	1.418	-0.409	-0.060	-0.102	-0.482	-0.123	0.631	-0.482	-0.783	-1.435	0.339	-0.740	0.075
Magneto	AMB_RS06085	AMB_RS06085		hypothetical protein	-0.873	0.127	0.004	-1.119	0.362	-0.858	-1.146	-0.225	-0.430	0.805	-1.200	0.392	-0.638	0.332	-2.106	0.718	-1.574	0.171	0.445	0.704	0.769	-0.900	1.350	1.311	-0.446	0.304	-0.356	-0.139	-0.912	-0.636	0.879	-0.781	-0.783	0.517	0.678	1.052
Magneto	AMB_RS06090	AMB_RS06090		DUF2924 domain-containing protein	-1.743	-0.273	-0.258	-0.382	-0.804	0.562	1.177	1.416	0.125	0.980	-0.520	0.951	0.182	0.454	-0.096	0.299	0.749	1.031	0.566	0.281	0.419	-0.552	1.641	-0.471	-0.658	0.619	-0.049	-0.899	-0.414	0.266	-1.391	-1.186	0.248	-0.236	-1.532	-0.168
Magneto	AMB_RS06095	AMB_RS06095		recombinase family protein	-0.345	0.347	-0.070	0.619	-0.389	-0.257	-1.443	-0.402	0.544	0.109	-0.538	0.409	-0.063	0.155	-0.187	-0.727	-0.198	-0.084	0.577	0.329	0.925	-0.514	-0.198	0.089	0.094	0.086	0.193	0.403	0.397	0.135	-0.115	-0.000	0.148	0.959	0.047	0.386
Magneto	AMB_RS06100	AMB_RS06100		hypothetical protein	0.860	-1.823	-0.443	0.018	-0.289	-0.885	0.358	-0.666	-1.066	-0.843	0.413	-1.234	-0.290	-1.241	0.155	-0.746	0.736	-0.937	-0.619	0.620	-0.193	-0.902	-1.000	-0.070	1.718	2.228	1.885	2.786	2.499	2.362	-0.752	1.260	1.465	1.233	2.064	2.386
Magneto	AMB_RS06110	AMB_RS06110		MFS transporter	1.841	0.757	1.042	0.510	0.545	1.060	0.103	0.631	1.361	0.722	1.715	1.230	1.061	0.856	0.694	0.817	0.572	0.339	1.332	0.854	1.233	0.879	1.286	0.605	-0.744	-1.088	-0.523	-1.871	-0.445	-0.676	-0.662	-1.156	-0.031	-1.699	0.491	-1.354
Magneto	AMB_RS06115	AMB_RS06115		cation transporter	0.106	-0.114	-0.688	-0.515	-0.760	0.219	0.778	-0.109	-0.225	-1.266	-0.539	-0.426	0.621	0.121	0.165	0.651	-0.149	1.247	-0.328	-0.109	0.315	-0.267	0.975	1.118	-0.261	0.050	0.026	0.163	-0.312	-0.308	-1.286	0.210	0.437	-0.728	0.365	-0.701
Magneto	AMB_RS06120	AMB_RS06120		MucR family transcriptional regulator	-1.764	-0.390	-0.731	-1.511	-1.186	-0.436	-1.329	-0.261	-0.987	-1.678	0.298	-1.636	0.163	-0.901	-0.219	-0.195	-0.119	-1.120	-0.294	-0.246	-0.228	-1.155	-0.232	-0.671	-0.955	-0.719	-1.416	-1.317	-0.138	-0.590	-1.943	-1.581	-1.719	-1.762	-0.438	-1.507
Magneto	AMB_RS06130	AMB_RS06130		hypothetical protein	-0.623	1.378	-0.048	-1.530	-0.214	-0.627	-0.807	-1.959	-1.306	-0.953	-0.226	-1.600	-0.181	-0.607	-0.671	-0.470	-0.973	-0.822	-1.324	-0.443	-0.472	-0.492	-0.237	-1.572	0.059	0.252	0.813	0.040	0.346	-0.212	-0.813	-0.790	0.402	-1.739	0.136	0.032
Magneto	AMB_RS06135	AMB_RS06135		MBL fold metallo-hydrolase	-0.047	0.622	1.477	0.782	0.457	0.795	0.684	0.192	-0.909	0.663	-1.170	-0.029	0.952	1.121	0.055	0.376	0.144	0.883	-0.250	0.601	-0.525	0.311	1.516	1.158	-0.642	-1.338	-1.822	-1.081	-1.441	-1.663	0.547	-0.544	-0.570	-0.233	-1.692	-0.405
Magneto	AMB_RS06140	AMB_RS06140		LOG family protein	1.732	-0.865	0.181	-0.036	0.297	0.396	-0.045	0.546	0.301	0.209	0.020	0.030	0.213	0.012	1.113	0.662	0.353	0.877	0.170	-1.096	-0.049	0.977	-0.003	0.231	-2.831	-0.474	-0.426	-0.485	-0.523	0.101	-0.534	-1.106	0.442	-1.410	-2.163	-1.558
Magneto	AMB_RS06145	AMB_RS06145		FUSC family protein	0.278	0.579	-2.185	-1.369	-1.033	0.277	0.553	-1.374	0.587	-0.828	-0.865	-0.011	-1.429	0.584	-0.694	0.104	-0.218	-0.721	-0.307	-0.382	0.195	-1.497	1.068	-1.056	-0.426	-0.568	-0.496	0.154	0.115	-0.157	-0.361	0.838	0.408	-0.433	-0.635	-0.428
Magneto	AMB_RS06150	AMB_RS06150		HD-GYP domain-containing protein	-1.761	-0.671	-0.417	0.237	1.324	0.137	0.756	0.902	-0.209	0.627	0.905	1.976	1.787	1.246	0.683	0.913	0.451	-0.269	1.761	1.485	1.591	0.799	0.474	0.252	1.290	0.725	0.314	0.186	0.563	-0.597	0.393	2.128	1.258	0.425	1.591	1.679
Magneto	AMB_RS06155	AMB_RS06155		hypothetical protein	-0.422	0.046	-1.907	-0.711	-0.467	-1.372	-0.509	-1.127	-1.407	-0.779	-2.245	-1.914	-1.598	-0.358	-0.598	-1.143	-0.765	-0.138	-0.649	-0.343	-0.385	-0.782	-1.036	-1.605	-3.133	-1.536	-2.016	-1.202	-1.364	-1.295	0.126	-2.495	-2.355	-3.113	-2.096	-3.441
Magneto	AMB_RS06160	AMB_RS06160		MFS transporter	-2.262	0.150	0.987	0.570	1.400	0.595	-0.448	0.145	-0.421	1.241	1.805	0.875	0.473	0.898	0.742	-0.044	0.333	1.173	1.951	0.341	0.850	0.740	0.071	0.687	-0.417	-0.675	0.265	-1.545	-1.385	-1.024	2.202	1.516	-0.006	1.313	0.820	0.099
Magneto	AMB_RS06165	AMB_RS06165		CBS domain-containing protein	0.985	1.452	0.646	1.058	1.712	1.815	0.569	1.351	1.289	1.748	1.876	1.387	2.303	1.221	2.336	2.688	2.797	2.330	2.156	3.057	1.842	1.749	3.117	2.173	0.144	1.933	1.546	1.319	1.841	1.957	0.377	0.231	0.275	1.162	0.861	0.598
Magneto	AMB_RS06170	AMB_RS06170		hypothetical protein	0.126	1.129	0.013	1.043	-0.646	-0.396	0.306	0.695	-0.225	-0.620	-0.375	0.149	1.347	0.482	0.146	1.030	0.941	0.644	0.597	0.039	-0.127	0.170	0.021	0.854	-0.377	-0.043	-0.972	-0.087	-0.080	0.223	-1.772	-1.840	-1.783	-0.555	-0.239	-0.740
Magneto	AMB_RS06175	AMB_RS06175		prolyl oligopeptidase	0.277	1.191	-0.573	0.504	0.068	0.565	-0.452	-0.014	-1.702	0.472	0.925	-0.301	1.084	-0.063	0.631	-1.396	-0.162	-1.022	0.328	1.092	0.765	0.263	0.524	0.433	-0.276	0.192	-0.213	-0.895	0.147	-0.520	1.966	0.811	-0.179	-0.739	1.259	0.861
Magneto	AMB_RS06180	AMB_RS06180		methyl-accepting chemotaxis protein	-0.583	0.628	1.145	-0.226	-1.062	-1.083	0.103	0.027	0.482	-0.036	-0.784	-0.948	-0.542	-0.252	-0.709	-0.283	-0.327	0.245	0.903	0.376	-0.033	0.034	-0.208	0.589	0.203	-0.177	0.316	0.354	0.422	0.868	0.674	0.015	0.539	-0.612	0.322	0.262
Magneto	AMB_RS06185	AMB_RS06185		MaoC family dehydratase	0.082	-0.188	0.437	2.074	-0.002	1.895	1.526	0.568	0.402	-0.519	0.032	-0.375	-0.478	0.225	1.492	0.687	0.202	0.859	-0.418	1.503	0.207	-0.841	0.280	0.544	-0.523	-0.493	0.528	-0.488	0.055	0.045	0.972	-0.808	0.944	0.108	-1.282	-0.088
Magneto	AMB_RS06200	AMB_RS06200		Crp/Fnr family transcriptional regulator	-0.057	-0.361	-0.251	0.199	0.500	0.077	-0.264	1.058	-0.354	0.786	0.219	0.337	0.177	-0.563	-0.196	0.454	0.227	0.697	-0.861	0.435	-0.411	-0.043	0.079	0.624	-0.716	-0.737	-0.204	-0.517	-0.779	-0.980	-0.491	-1.296	0.096	-1.214	-0.008	-0.522
Magneto	AMB_RS06205	AMB_RS06205		cytochrome-c peroxidase	0.097	-0.907	0.372	0.523	0.663	0.220	-0.121	0.720	1.793	0.168	-0.383	0.416	1.096	-0.795	0.120	0.232	0.039	2.180	0.286	-1.059	0.553	0.144	-0.444	-0.677	1.223	2.189	0.468	1.159	1.407	1.018	-0.285	2.474	1.153	0.432	1.071	0.172
Magneto	AMB_RS06215	AMB_RS06215		two-component sensor histidine kinase	0.113	-0.124	0.358	-0.217	1.010	0.468	0.842	0.789	0.749	0.472	0.643	1.246	0.742	0.441	0.817	0.570	0.252	0.298	-0.215	-0.108	0.317	1.077	1.238	0.637	0.370	0.755	0.773	0.399	0.136	0.362	-0.088	0.727	0.308	-0.240	-0.203	1.107
Magneto	AMB_RS06220	AMB_RS06220		TRAP-type C4-dicarboxylate transport system	-0.187	0.110	0.158	-0.842	-1.287	-0.294	-0.245	-1.286	-0.105	-0.046	-0.559	-0.197	-0.274	-0.924	0.656	0.003	-0.335	0.359	-1.097	-0.395	-0.547	-0.440	-0.820	-0.647	-1.792	-1.055	-0.807	-1.155	-0.647	-0.555	0.069	0.873	-0.033	-1.065	-1.267	-2.001
Magneto	AMB_RS06230	AMB_RS06230		5,6-dimethylbenzimidazole synthase	-1.208	-0.631	0.762	0.650	0.551	1.241	0.492	0.984	1.275	-0.728	1.420	0.549	0.351	1.217	-0.518	-0.409	0.091	0.884	-0.006	1.274	0.728	1.239	0.399	1.125	-0.191	0.344	-0.041	0.248	0.587	0.361	-1.571	-1.708	-0.150	-0.678	-0.423	-0.011
Magneto	AMB_RS06235	AMB_RS06235		gamma-glutamylcyclotransferase	-0.253	1.354	0.115	-0.041	-0.444	0.934	0.851	1.191	0.758	0.580	0.927	0.254	0.388	0.180	2.419	-0.187	1.473	0.697	0.228	-0.600	0.749	0.881	0.965	0.671	0.894	0.617	0.113	0.822	0.802	0.594	1.830	0.609	0.979	2.544	0.495	2.274
Magneto	AMB_RS06245	AMB_RS06245		hypothetical protein	0.332	1.627	0.860	0.150	0.882	0.579	-1.077	0.099	0.299	1.029	-1.068	-0.085	0.307	0.672	1.192	-0.965	-0.291	-0.263	1.027	0.577	-0.395	-0.631	0.243	0.389	-1.088	-0.336	-0.058	-0.516	-1.806	-0.682	-1.084	-1.467	-1.133	-0.619	-1.662	-1.044
Magneto	AMB_RS06250	AMB_RS06250		hypothetical protein	-0.493	1.177	0.682	0.734	-0.812	-0.172	-1.336	-0.094	0.645	1.166	-1.578	-0.954	0.585	0.545	1.639	0.075	0.258	1.288	-0.687	0.590	0.364	0.075	-0.347	0.947	0.327	1.154	0.935	0.555	-0.381	-0.331	-0.198	1.832	1.185	1.341	0.292	-0.010
Magneto	AMB_RS06255	AMB_RS06255		DUF3095 domain-containing protein	0.108	1.444	0.551	-0.467	1.406	0.495	0.636	1.206	-0.217	-1.033	-1.402	1.104	0.272	0.678	0.349	0.638	1.403	0.474	1.580	0.021	-0.995	2.533	-0.089	-0.188	1.113	1.293	1.108	1.054	0.981	0.949	1.271	0.723	1.713	0.957	1.094	0.402
Magneto	AMB_RS06265	AMB_RS06265		cation transporter	0.533	-2.146	-2.376	-0.816	-1.107	-1.264	0.442	-1.184	-0.191	-0.966	0.330	-0.076	-0.076	-0.434	-1.088	-0.913	-0.076	-0.855	0.226	-0.550	-0.741	-1.773	-0.761	-1.227	0.764	2.461	2.789	2.927	2.200	1.659	2.741	2.179	2.109	0.064	1.402	2.145
Magneto	AMB_RS06280	AMB_RS06280		hypothetical protein	2.396	-0.443	-1.607	-2.255	-2.931	-2.396	-2.287	-1.546	-3.054	-2.533	-1.538	-2.037	-0.931	-2.445	-1.930	-1.356	-1.453	-1.193	-1.521	-0.929	-0.987	-2.378	-2.407	-0.754	-0.325	-0.971	-0.239	-0.237	-0.206	-0.607	-2.654	-1.202	-1.512	-3.416	-7.419	-6.018
Magneto	AMB_RS06285	AMB_RS06285		GNAT family N-acetyltransferase	1.314	0.642	-1.281	0.869	1.195	0.966	0.829	0.245	1.476	0.130	-0.963	1.660	0.235	0.314	0.467	1.321	0.701	1.312	1.838	-0.574	0.552	1.276	0.047	0.409	0.743	2.626	1.039	2.208	1.045	2.849	0.443	3.678	0.432	-0.328	0.479	1.029
Magneto	AMB_RS06290	AMB_RS06290		hypothetical protein	0.472	0.494	-2.177	-2.253	-0.718	-1.347	-0.578	-0.370	-1.703	-1.234	0.104	-1.904	-0.477	-1.481	-1.055	-0.557	-0.657	-1.301	-1.351	-0.852	-1.585	-0.768	-0.262	-1.965	-0.930	0.874	0.026	-0.319	0.661	0.162	-0.282	-0.962	0.732	1.055	0.749	1.042
Magneto	AMB_RS06295	AMB_RS06295		LysR family transcriptional regulator	-0.959	-0.349	0.348	-2.456	-0.920	-2.259	-3.616	-2.187	-3.266	4.418	0.030	2.811	-0.215	-1.351	-1.798	-3.696	-1.928	-1.756	3.114	1.762	0.847	-1.149	-1.289	-1.175	-2.569	-3.534	-3.120	-2.846	-3.563	-3.924	0.027	-1.939	-0.992	-0.592	-1.594	-0.963
Magneto	AMB_RS06300	AMB_RS06300		phenylacetyl CoA	-2.928	-0.573	0.455	-3.721	-2.790	-2.089	-5.403	-5.844	-6.551	7.648	5.413	8.668	-2.128	-1.636	-1.894	-2.936	-3.677	-3.634	5.457	5.720	5.377	-1.047	-1.696	-1.011	-4.483	-5.211	-4.340	-4.645	-5.759	-5.840	0.041	-0.570	-1.083	-0.375	-1.685	0.016
Magneto	AMB_RS06305	AMB_RS06305		4Fe-4S dicluster domain-containing protein	-3.973	-0.168	-0.741	-2.733	-2.103	-1.767	-4.747	-3.789	-3.683	5.855	0.539	5.221	-2.151	-1.832	-0.697	-1.831	-0.985	-2.854	4.705	4.649	4.081	-1.352	-1.800	-1.320	-3.205	-3.232	-3.659	-2.475	-3.900	-3.211	-0.668	-1.117	-0.684	-1.028	-1.476	-1.822
Magneto	AMB_RS06310	AMB_RS06310		phenylacetyl CoA	-0.701	-0.815	0.516	-1.591	-1.685	-0.090	-3.181	-2.602	-2.376	2.968	2.081	3.560	0.440	-0.783	-0.035	-0.743	-0.936	-1.163	2.656	4.182	2.290	-0.579	-0.285	-1.128	-0.464	-2.321	-1.066	-0.799	-1.994	-0.869	0.844	-0.807	0.398	-0.678	-0.848	-0.817
Magneto	AMB_RS06315	AMB_RS06315		acyl-CoA synthetase	0.215	0.851	-0.948	0.445	0.692	-0.213	0.320	-0.378	-0.511	-0.666	-0.150	-0.621	-0.165	-0.655	-0.139	0.210	-0.115	0.310	-0.075	0.360	0.201	-1.304	-0.100	-0.124	0.815	1.542	-0.163	1.111	1.448	0.719	1.048	0.956	-0.354	0.346	-0.101	0.248
Magneto	AMB_RS06320	AMB_RS06320		phenylacetate--CoA ligase	0.933	-0.157	0.521	-0.787	-1.738	-0.707	-1.318	-1.666	-1.413	1.644	2.501	2.596	-1.195	-0.846	0.488	0.027	-0.178	0.332	2.615	1.989	1.886	-0.374	0.244	-0.640	1.539	1.469	0.325	0.583	1.426	0.285	0.250	0.225	-0.046	-0.211	0.275	0.366
Magneto	AMB_RS06325	AMB_RS06325		metal-binding protein	0.361	0.142	-0.130	-1.295	-0.258	0.092	-0.878	0.407	-0.623	2.375	0.269	0.948	-0.681	-0.934	0.964	-0.188	-1.480	-1.303	0.840	1.216	2.695	0.326	-0.271	0.481	-0.488	0.321	-0.129	-0.942	-0.249	-0.273	-1.277	0.506	0.224	2.369	0.254	0.124
Magneto	AMB_RS06330	AMB_RS06330		cytochrome c	4.616	1.314	0.086	0.597	-0.384	-0.270	-0.624	-0.482	-0.064	0.758	1.477	2.688	0.924	-0.568	0.118	-0.464	-0.755	-0.704	1.229	0.242	1.055	-0.117	-0.489	0.995	-0.044	-0.219	-0.730	-0.892	-0.877	-1.110	0.453	0.146	-1.185	-0.208	-1.608	-1.043
Magneto	AMB_RS06335	AMB_RS06335		CusA/CzcA family heavy metal efflux RND transporter	0.475	1.654	-0.007	-0.158	-0.180	-1.841	-1.018	-1.043	-1.559	1.822	2.720	0.457	-0.551	-0.329	-0.582	-0.713	-1.226	-1.504	1.607	0.404	1.717	-0.889	-0.423	-0.716	1.111	0.827	0.836	0.478	0.496	0.180	1.183	0.796	0.507	2.100	-1.568	0.820
Magneto	AMB_RS06340	AMB_RS06340		efflux RND transporter periplasmic adaptor subunit	0.525	-0.631	0.204	-0.638	-1.487	-0.868	0.052	-0.652	-1.044	0.346	1.321	0.194	-0.691	-1.460	0.257	0.457	1.005	-0.561	1.124	0.415	0.612	-0.050	-0.728	-0.387	0.027	0.752	0.840	-0.019	-0.015	-0.150	0.077	-1.846	-0.755	0.705	0.909	-1.012
Magneto	AMB_RS06350	AMB_RS06350		PilZ domain-containing protein	0.056	0.669	0.023	-0.865	-1.225	0.852	-1.416	0.186	2.040	0.463	1.123	0.094	-0.030	0.140	0.468	-0.867	1.045	0.515	0.812	0.012	1.072	-0.038	1.427	-0.130	-0.268	-0.427	-0.777	-1.210	-0.312	-1.250	0.008	-1.278	-0.219	-0.104	0.366	-0.483
Magneto	AMB_RS06355	AMB_RS06355		PAS domain-containing sensor histidine kinase	1.233	1.830	-0.504	-0.971	0.581	0.460	0.371	-0.194	0.257	-1.052	0.978	0.689	-0.956	-0.895	-0.698	0.346	-0.414	0.326	-0.604	-0.698	-0.664	-0.097	-0.095	-0.692	-1.162	-0.348	-1.682	-1.457	-0.497	-0.957	0.568	-0.910	-1.036	0.648	0.757	0.889
Magneto	AMB_RS06360	AMB_RS06360		EamA family transporter RarD	-2.125	-0.414	0.755	1.686	0.719	1.725	1.258	2.589	0.393	1.926	1.216	1.793	2.518	1.949	1.511	1.352	1.581	2.312	1.922	0.424	2.350	1.157	0.681	2.493	-0.337	0.897	-0.427	0.386	0.496	1.002	0.219	-0.128	0.150	-0.175	0.815	-0.019
Magneto	AMB_RS06365	AMB_RS06365		hypothetical protein	-0.206	1.933	-0.161	-0.086	-0.410	-1.430	0.337	-0.713	0.387	-0.724	0.277	-0.451	-0.468	-0.838	-0.283	0.609	-0.315	0.578	-0.539	-1.029	-0.751	-0.078	0.328	-0.651	-0.259	-0.755	-0.810	0.368	-0.681	-0.472	0.834	0.017	-0.170	0.408	-0.351	0.544
Magneto	AMB_RS06370	AMB_RS06370		DNA-binding response regulator	-0.892	-1.570	-2.147	-1.683	-1.521	-2.515	-0.877	-0.417	-0.784	0.075	1.059	0.320	-0.902	-1.776	-1.212	-1.746	-1.834	-1.185	-0.023	-0.818	-0.496	-1.175	-2.182	-0.219	-3.788	-3.447	-3.781	-3.393	-2.855	-3.467	0.254	-2.642	-2.210	-0.998	-0.837	-2.669
Magneto	AMB_RS06380	AMB_RS06380		C4-dicarboxylate ABC transporter	0.060	0.083	-0.653	-0.601	-0.015	0.156	1.269	0.268	0.187	0.014	0.366	-0.672	-0.804	-0.810	0.036	-0.806	0.826	0.716	-0.366	-1.874	-0.219	-0.936	-0.782	-1.341	-0.358	-1.001	-0.742	-0.737	-0.959	-1.158	0.698	-0.063	-1.417	-1.383	-0.128	-0.313
Magneto	AMB_RS06385	AMB_RS06385		hypothetical protein	-0.891	-0.781	-0.750	-1.169	-0.147	-0.943	-1.099	-1.197	0.240	-1.528	-1.168	0.590	-0.170	-0.219	-0.715	-1.459	-1.350	-0.783	0.980	-0.081	-0.806	-1.357	-2.109	-0.282	-0.299	-1.187	-0.218	-0.619	-0.412	-0.204	0.247	-0.283	0.119	-0.254	-0.386	0.447
Magneto	AMB_RS06400	AMB_RS06400		EF-hand domain-containing protein	0.561	-0.191	-0.753	0.164	0.162	0.231	-0.288	-0.318	0.217	0.687	-0.523	0.196	2.178	1.741	0.344	-0.466	-0.108	-0.052	0.172	-1.792	-1.051	0.337	-0.430	1.150	-0.139	1.855	0.999	1.007	0.848	0.349	0.588	-1.379	1.215	0.805	-0.408	0.662
Magneto	AMB_RS06405	AMB_RS06405		hypothetical protein	0.116	1.348	0.646	0.934	-0.006	-0.202	0.087	0.812	0.483	0.961	0.444	1.638	1.219	-0.407	2.128	0.954	-0.578	0.521	1.041	1.553	1.124	0.346	0.025	0.726	-0.427	-1.245	-1.227	-2.279	-1.182	-2.131	0.539	0.869	0.313	0.848	0.081	0.946
Magneto	AMB_RS06410	AMB_RS06410		metal-sulfur cluster assembly factor	-1.254	-0.904	-0.465	-0.559	-1.542	-0.874	1.081	-1.592	0.335	-1.203	-0.908	-2.757	-0.910	0.617	0.842	1.045	-0.513	-0.638	-0.357	-0.403	-0.290	0.217	-0.380	0.174	-1.451	-0.736	-0.599	-0.876	-0.666	0.015	-4.136	-1.002	-0.800	-1.803	-1.073	-1.859
Magneto	AMB_RS06415	AMB_RS06415		PAS domain S-box protein	-1.449	0.865	0.469	0.377	0.644	0.999	0.269	-0.247	-0.533	0.984	0.950	0.969	0.545	0.856	0.262	0.342	-0.008	0.078	0.804	0.879	0.789	1.219	0.243	0.637	0.442	-0.267	-0.616	-0.646	-0.389	-0.887	2.000	0.603	1.384	0.459	1.083	1.435
Magneto	AMB_RS06435	AMB_RS06435		glycosyltransferase	0.147	2.183	1.654	0.586	-1.054	-0.784	0.085	0.339	1.521	-1.684	-1.039	-2.630	2.536	-0.337	0.370	1.415	0.750	1.022	-0.985	-1.070	-0.881	0.226	1.766	-0.062	0.947	-0.354	0.152	0.127	0.475	-0.252	-2.535	-0.441	-2.241	-1.092	-1.565	-1.887
Magneto	AMB_RS06465	AMB_RS06465		transcriptional regulator	0.075	2.400	-1.000	1.413	-0.361	1.781	-0.979	-0.827	-0.963	1.405	-0.281	1.825	0.855	0.403	0.297	-1.992	-0.306	-0.253	1.307	1.656	0.890	-1.378	0.879	-0.496	-1.557	-1.038	-0.327	-0.851	-0.538	-1.417	-1.240	-1.600	-0.537	-0.403	-0.282	-0.761
Magneto	AMB_RS06470	AMB_RS06470		glutathione S-transferase	-0.347	1.645	0.032	-0.326	1.158	0.228	0.008	0.053	0.660	0.610	0.636	0.994	0.882	0.161	0.996	0.538	0.494	-0.716	1.125	1.425	0.407	-0.293	0.570	0.515	0.649	0.223	-0.415	0.319	0.122	-0.010	0.077	-1.300	-1.788	-0.472	-0.497	-0.797
Magneto	AMB_RS06475	AMB_RS06475		hypothetical protein	-0.710	-0.962	-0.404	-0.005	0.477	0.471	-0.319	1.013	-0.056	0.547	0.887	0.067	0.011	0.354	-0.628	0.782	0.668	0.029	-0.299	-0.656	-0.832	0.645	0.825	-0.534	-0.167	-0.426	-0.466	-0.218	-0.036	-0.152	-0.458	-0.823	-0.218	0.485	0.108	0.190
Magneto	AMB_RS06490	AMB_RS06490		tandem-95 repeat protein	-1.893	-0.102	0.019	-0.029	0.018	-0.458	-0.042	-0.417	-0.467	1.608	2.370	2.992	0.041	-0.687	-0.080	-0.561	-0.232	-0.140	0.643	2.556	2.054	-0.762	-0.092	0.102	0.177	-0.031	-0.150	-0.485	0.084	-0.614	1.619	5.661	1.273	1.728	0.397	0.914
Magneto	AMB_RS06495	AMB_RS06495		serine/threonine protein kinase	-0.328	-0.669	0.570	0.551	-0.482	0.180	0.304	0.762	0.900	0.555	1.342	-0.280	0.248	0.298	1.128	0.286	0.943	-0.129	-0.260	0.001	0.884	-0.311	-0.492	0.049	-0.086	0.342	-0.499	-0.599	-0.705	-0.667	1.420	-1.521	0.673	-0.120	-0.461	0.393
Magneto	AMB_RS06510	AMB_RS06510		phosphoglycolate phosphatase	-0.574	-0.543	4.646	0.219	0.240	-0.587	-0.142	0.862	1.001	1.140	-0.087	-0.318	-0.465	0.238	0.012	0.400	-0.792	0.089	0.006	-0.102	-1.078	-1.797	-0.534	0.242	-0.324	-0.780	-0.213	-0.530	-0.480	-0.319	-0.390	1.061	1.130	0.952	1.879	0.706
Magneto	AMB_RS06515	AMB_RS06515		PAS domain S-box protein	1.198	0.320	0.019	-0.793	-0.725	-0.566	-0.207	-0.394	1.069	0.250	0.804	0.027	0.211	-0.525	-0.343	0.169	-0.548	-0.257	-0.463	-1.158	-2.256	-0.804	0.487	-0.634	0.538	1.183	0.594	-0.157	0.585	-0.169	-1.513	0.776	0.320	0.290	-0.433	-0.560
Magneto	AMB_RS06520	AMB_RS06520		transcriptional regulator	0.226	-0.698	0.135	0.499	0.555	0.543	-0.650	-0.918	0.383	2.196	0.066	-0.727	-0.917	-0.165	-0.240	0.043	-0.317	0.282	0.196	1.298	1.250	-0.183	0.661	1.415	-0.697	-1.000	-1.277	-0.896	-0.914	-0.788	-0.676	-0.335	-0.715	-0.517	-1.125	-1.085
Magneto	AMB_RS06535	AMB_RS06535		methyltransferase domain-containing protein	-2.472	0.269	0.593	-0.230	0.661	0.174	1.116	0.229	0.694	-0.565	-1.002	0.042	-0.338	-0.448	0.383	0.455	0.408	0.533	-0.493	-0.125	-0.334	0.004	0.986	0.803	-1.025	0.485	-0.421	-0.114	-0.003	0.696	-0.383	-2.474	-0.924	2.156	-0.699	-0.755
Magneto	AMB_RS06550	AMB_RS06550		lysophospholipase	0.110	-1.004	0.911	1.728	-0.892	0.239	-0.590	-0.296	0.654	1.539	-1.086	0.692	1.442	1.904	0.377	-0.565	1.301	1.103	1.351	0.891	2.205	0.633	0.301	1.335	-0.292	-0.374	-1.725	-0.891	-0.123	-0.880	-0.604	-0.413	-0.921	-1.308	0.254	0.167
Magneto	AMB_RS06565	AMB_RS06565		QacE family quaternary ammonium compound efflux SMR transporter	-0.832	0.087	1.233	-0.184	-0.637	-1.191	-0.474	1.294	1.272	-0.192	0.724	1.055	0.679	1.209	0.062	1.170	0.483	2.418	-0.240	0.126	1.441	1.181	0.680	2.325	-0.010	1.205	1.356	0.469	0.200	0.164	-1.485	0.772	1.579	0.120	0.465	-0.327
Magneto	AMB_RS06570	AMB_RS06570		hypothetical protein	-1.359	1.302	-0.029	0.467	-0.080	0.123	0.112	1.315	-0.639	0.772	1.204	-0.204	0.414	0.968	1.807	0.535	0.111	0.155	-0.193	-0.525	-0.603	0.296	-0.774	0.746	0.002	-0.339	-0.653	0.157	-0.352	-0.072	-1.725	-0.009	-0.267	0.739	-0.729	0.183
Magneto	AMB_RS06580	AMB_RS06580		DUF1007 domain-containing protein	0.229	-1.168	0.531	-1.447	-0.302	-2.242	0.215	-1.118	0.156	-0.039	-0.864	0.832	0.415	-1.150	0.376	-0.180	0.800	-0.580	-1.229	-0.951	-1.082	-1.417	0.217	-0.665	0.898	1.356	1.138	0.837	2.124	1.239	0.492	1.483	0.088	-1.478	-0.457	0.564
Magneto	AMB_RS06585	AMB_RS06585		cystathionine beta-lyase	0.604	0.550	-0.167	-0.574	0.386	1.008	-0.212	-0.219	0.485	-0.264	0.858	-0.110	-0.204	0.176	0.605	0.096	0.858	0.846	-0.214	1.229	0.241	-0.094	-0.004	-0.671	1.148	1.106	0.525	1.116	0.143	0.560	1.910	4.284	1.298	2.679	2.315	3.393
Magneto	AMB_RS06590	AMB_RS06590		hypothetical protein	-0.490	0.737	-0.625	-0.514	0.072	-0.533	-0.597	-0.077	-1.584	-0.797	1.241	-0.304	-0.317	-0.666	-1.827	-0.044	-1.149	-1.359	-0.031	0.365	-1.011	0.336	-0.877	-0.640	-0.499	-1.038	-0.556	-0.663	-0.476	-1.385	-0.002	-2.038	-0.561	-0.041	-1.981	-1.631
Magneto	AMB_RS06605	AMB_RS06605		PAS domain S-box protein	-2.433	-0.329	-0.510	-1.133	-0.614	0.671	0.599	0.440	-0.258	-0.798	-0.282	-0.188	0.073	-0.284	-0.043	-0.564	-0.167	-0.412	-0.313	-1.780	-1.118	-0.750	-0.496	-0.645	-1.535	-0.760	-0.671	-1.231	-0.637	-0.657	-0.537	-0.072	0.217	-0.652	-0.652	-0.160
Magneto	AMB_RS06610	AMB_RS06610		3-mercaptopyruvate sulfurtransferase	-0.662	0.146	0.577	-0.525	0.516	-0.122	0.972	0.304	0.617	1.303	-0.660	-0.204	0.141	-0.801	-0.011	0.487	2.077	0.155	-0.543	-1.865	-0.898	-1.243	0.555	0.481	0.266	1.230	1.530	0.425	0.876	1.381	0.292	0.589	0.377	1.016	0.189	-0.388
Magneto	AMB_RS06615	AMB_RS06615		cysteine synthase A	0.643	-0.264	-0.034	0.513	0.027	0.179	-1.209	-0.521	-0.126	2.294	2.402	3.180	-0.272	-0.258	0.165	-1.866	-0.774	-0.016	2.115	3.437	1.881	-0.485	-0.353	1.173	1.665	1.474	1.650	0.960	1.331	1.428	1.391	4.129	5.615	4.108	4.471	4.330
Magneto	AMB_RS06620	AMB_RS06620		xanthine dehydrogenase family protein molybdopterin-binding subunit	0.069	1.171	0.564	0.691	-0.010	-0.087	-0.097	0.825	-0.250	0.653	-0.307	0.820	0.111	0.109	0.176	0.016	0.172	-0.642	-0.503	0.924	0.074	0.270	-1.402	-0.018	0.600	0.419	-0.570	-0.001	-1.694	-0.520	1.352	-0.537	-0.478	0.662	-0.009	-1.012
Magneto	AMB_RS06630	AMB_RS06630		hypothetical protein	-0.538	-1.086	-0.352	-3.864	-1.013	-2.173	-1.904	-2.587	-2.004	-1.623	1.538	-1.162	-0.685	-2.202	-1.233	-2.425	-1.157	-1.567	0.025	-0.215	0.150	-0.334	-1.555	-2.030	-3.596	-3.944	-2.300	-3.870	-3.193	-2.496	-4.000	-2.868	-1.497	-0.981	-1.651	-3.098
Magneto	AMB_RS06640	AMB_RS06640		integral membrane protein	0.118	0.578	0.310	0.244	-0.089	1.000	1.076	0.597	0.398	-0.926	-0.430	1.163	0.548	-0.293	0.491	2.095	0.681	1.438	0.406	0.668	0.157	0.077	1.320	-0.170	-0.287	0.594	-0.474	0.027	0.834	0.774	0.413	0.223	-0.277	0.097	-1.696	-0.656
Magneto	AMB_RS06645	AMB_RS06645		NUDIX domain-containing protein	-0.003	0.782	-1.065	-0.225	-1.509	-0.784	-0.551	-0.703	-1.575	-0.718	-0.795	-1.309	-1.207	-1.780	-1.086	-0.656	0.072	-2.244	-1.730	-3.412	-1.686	-0.215	-0.035	0.649	1.109	1.446	1.102	1.204	1.188	1.557	0.477	1.821	1.039	-0.360	0.575	0.195
Magneto	AMB_RS06655	AMB_RS06655		spore maturation protein	1.452	-1.013	1.635	1.891	0.945	0.768	0.402	-0.202	0.472	1.786	1.991	1.130	0.787	-0.187	1.106	0.422	1.703	-0.082	0.969	1.127	1.229	1.020	0.325	0.503	-0.363	-0.636	-0.717	-0.589	-1.000	-0.679	0.971	0.310	-0.234	1.378	0.318	1.445
Magneto	AMB_RS06660	AMB_RS06660		hypothetical protein	0.092	-1.517	-0.422	-0.477	0.532	-0.693	0.430	-1.441	-0.232	-2.317	1.567	-1.058	-0.338	0.042	0.117	-0.203	-1.873	0.428	-0.290	-0.130	-0.605	-2.219	0.135	-2.243	-0.846	-1.369	-1.358	-0.607	-0.450	-0.985	-2.291	-0.829	0.062	-0.838	-1.154	-0.626
Magneto	AMB_RS06665	AMB_RS06665		LrgB family protein	0.733	-1.067	-1.827	-0.582	-0.055	-0.374	-0.993	-1.235	-0.823	-3.104	-1.498	-0.286	-0.503	-0.307	-0.639	-0.931	-1.262	-1.554	0.335	-1.547	-1.815	-1.798	-1.734	-0.932	-0.288	-0.530	-0.288	-0.504	-0.622	-0.010	0.691	-0.250	-0.403	-0.404	-1.386	0.540
Magneto	AMB_RS06670	AMB_RS06670		CidA/LrgA family protein	-0.514	1.560	0.254	2.182	0.003	1.040	-2.104	1.089	1.456	0.151	-1.541	-1.965	1.600	1.353	0.711	0.212	-0.394	0.535	0.471	1.228	-0.039	-0.019	0.582	-0.565	-0.496	-0.389	-0.332	-0.396	-0.325	-0.569	0.043	-0.402	-0.163	-0.319	-0.689	-0.965
Magneto	AMB_RS06675	AMB_RS06675		membrane protein	-1.058	-0.091	0.476	0.594	1.019	-0.256	0.453	1.365	1.486	0.863	-0.208	0.457	0.902	1.211	0.296	-0.209	1.456	0.339	0.164	1.323	1.041	0.062	0.519	0.420	1.781	1.870	0.846	0.565	0.338	0.619	2.152	1.750	-1.158	2.269	0.289	1.151
Magneto	AMB_RS06690	AMB_RS06690		hypothetical protein	-1.137	2.608	-1.124	-0.484	-0.546	-0.565	0.617	-0.182	-1.311	0.195	0.168	0.423	-0.864	0.428	-0.625	0.318	-0.605	-1.202	0.431	0.529	0.713	-0.239	-0.686	-0.438	0.489	0.068	1.347	0.956	0.933	0.782	2.311	-0.026	0.863	0.914	0.409	0.142
Magneto	AMB_RS06700	AMB_RS06700		Rrf2 family transcriptional regulator	-1.071	2.533	-0.683	0.225	1.027	0.227	0.081	-0.222	-0.491	0.730	0.695	1.266	0.409	0.835	-0.699	-0.277	-0.626	-0.712	0.714	0.907	0.725	0.886	1.176	0.401	0.036	0.562	-0.178	-1.022	-0.220	-0.609	0.498	1.248	0.754	1.945	0.681	1.146
Magneto	AMB_RS06705	AMB_RS06705		DNA-binding response regulator	1.316	-0.177	-0.017	0.200	-0.340	-0.265	0.395	0.032	0.358	0.266	-0.501	-0.036	-0.799	-0.766	-0.329	-0.626	-0.129	0.197	0.344	-0.282	-0.006	0.137	-0.151	0.740	-0.361	-0.867	-0.786	0.071	-0.014	-0.033	-0.723	-0.597	-2.083	-0.389	-1.954	-1.610
Magneto	AMB_RS06710	AMB_RS06710		NAD-dependent succinate-semialdehyde dehydrogenase	2.358	-0.123	-1.006	-1.275	-1.154	-0.566	-1.184	-0.273	-1.056	-1.886	0.203	0.297	-1.097	-1.252	-0.966	-0.494	-0.282	-1.202	-0.750	0.476	1.358	-2.185	-0.475	-0.497	1.639	1.326	2.957	0.709	1.687	2.189	1.320	0.474	1.105	1.326	0.009	0.682
Magneto	AMB_RS06715	AMB_RS06715		alpha/beta hydrolase	-0.586	1.414	-0.155	1.092	0.517	0.836	-0.087	-0.341	0.513	0.516	-0.017	0.871	0.779	0.869	0.763	0.305	0.299	0.556	0.704	0.721	1.224	-0.307	0.378	-0.854	0.282	1.429	0.949	-0.064	-0.140	0.332	1.589	1.236	2.271	1.736	1.778	1.475
Magneto	AMB_RS06720	AMB_RS06720		class I SAM-dependent methyltransferase	1.609	-0.696	0.747	0.587	0.405	-0.544	-0.727	0.267	-1.061	0.342	2.624	0.760	-0.367	-0.053	-0.423	0.042	0.396	-0.060	-1.424	-0.005	-0.708	0.566	0.548	1.021	0.710	1.181	0.633	0.571	1.218	1.330	0.565	1.279	1.908	1.653	0.546	0.024
Magneto	AMB_RS06725	AMB_RS06725		TRAP-type C4-dicarboxylate transport system	0.270	0.195	-0.720	-0.583	-1.105	-0.250	-0.782	-0.472	-1.450	-0.127	1.592	0.219	-0.689	-1.214	-0.436	-0.211	-0.042	-0.467	-2.550	0.625	-0.311	-1.528	0.168	-0.373	-0.341	-0.529	-0.191	0.120	0.216	0.047	-0.377	-0.182	-0.870	0.368	0.623	-0.924
Magneto	AMB_RS06730	AMB_RS06730		nitrate ABC transporter ATP-binding protein	-1.765	-0.023	-0.525	-0.056	-0.012	-0.891	-0.828	-0.137	-1.643	0.762	-0.416	1.083	0.103	-1.721	0.143	-0.226	-1.010	-0.805	0.961	-0.111	-1.322	-0.481	-0.079	-1.146	0.041	-0.480	-0.183	-1.360	-0.265	-0.051	2.609	6.106	2.617	6.639	4.955	5.301
Magneto	AMB_RS06735	AMB_RS06735		sulfonate ABC transporter permease	-2.287	-1.652	-1.551	-0.292	-0.110	0.291	-0.845	-0.546	-0.725	2.675	0.369	3.438	-0.692	-1.133	0.133	-1.257	-0.689	0.116	0.308	0.080	0.220	-1.542	0.169	-0.847	-2.508	-1.158	-2.771	-2.056	-2.050	-2.347	4.485	5.930	3.689	7.398	6.260	5.146
Magneto	AMB_RS06755	AMB_RS06755		hypothetical protein	-0.390	0.830	-1.199	-1.908	-1.239	-0.602	-0.169	-0.934	-1.232	-1.462	0.932	-0.164	-0.750	-0.135	-1.170	-0.544	-0.386	-1.443	-1.880	-1.353	-0.991	-0.581	-0.854	-0.881	-1.413	-1.496	-0.841	-0.587	-0.714	-0.551	0.051	-0.566	0.404	-1.248	-0.256	-0.045
Magneto	AMB_RS06765	AMB_RS06765		hypothetical protein	-0.365	0.025	0.272	0.088	0.513	-0.908	1.096	0.451	0.167	-1.227	-0.272	0.394	-0.556	1.541	0.357	0.112	-0.213	-0.182	0.968	-0.191	-0.722	0.050	-0.542	-0.754	-0.358	0.631	0.144	-0.672	0.161	0.307	0.086	-1.374	0.070	0.234	-0.374	0.376
Magneto	AMB_RS06770	AMB_RS06770		DUF983 domain-containing protein	-0.266	0.415	0.737	0.891	0.286	1.098	0.149	0.686	-0.307	1.229	0.467	0.273	-0.284	0.034	1.124	-0.055	-0.250	-0.294	-0.480	-0.257	-0.691	0.649	-0.724	-0.540	-0.439	0.662	0.107	-1.467	-1.498	-1.118	0.920	0.604	1.690	1.696	1.216	1.726
Magneto	AMB_RS06775	AMB_RS06775		two-component system response regulator	-0.398	-0.234	0.418	-0.478	-1.522	-0.753	0.706	-0.052	0.684	-0.666	0.767	-0.824	-0.809	-0.501	0.160	-0.596	0.764	-1.064	-1.611	-1.128	-0.825	-0.343	-0.029	-1.168	-0.750	-0.446	-1.073	-0.210	-1.153	-0.772	-1.728	-0.443	-2.974	0.743	-0.643	-2.017
Magneto	AMB_RS06780	AMB_RS06780		two-component sensor histidine kinase	-0.610	-0.013	-0.319	0.166	0.141	0.522	-0.881	0.422	0.179	0.558	-1.493	-0.399	-0.584	-0.702	-1.354	0.746	-0.873	-0.212	-0.397	0.748	-1.350	0.511	-0.940	-0.412	0.776	1.514	-0.209	0.742	-0.081	1.474	-0.242	-0.426	0.297	1.010	0.339	0.754
Magneto	AMB_RS06785	AMB_RS06785		hypothetical protein	0.240	0.612	0.750	0.431	0.690	0.624	-0.183	1.927	0.417	-0.116	-0.150	-0.167	0.936	0.335	-0.046	0.380	0.012	0.421	0.866	0.350	0.132	0.595	-0.312	0.619	0.157	-0.551	0.368	-0.171	-0.733	-0.013	-0.690	-0.875	0.335	-0.644	0.418	-0.442
Magneto	AMB_RS06790	AMB_RS06790		DUF2794 domain-containing protein	0.113	0.645	-0.681	-0.848	-1.004	-0.209	-0.843	-0.177	0.346	-0.119	-2.726	0.578	-1.034	-0.974	-0.608	-0.373	-1.844	-0.915	0.090	-1.177	-0.067	-0.434	-0.226	-0.140	0.512	-0.391	0.098	-0.515	-0.406	0.118	0.402	-1.144	-0.776	-1.293	-0.473	-0.639
Magneto	AMB_RS06795	AMB_RS06795		hypothetical protein	2.541	0.788	-1.157	0.764	0.217	0.367	0.392	-1.189	-0.726	0.888	0.168	0.691	-0.144	-0.102	-0.819	-0.080	0.049	-1.350	1.049	-0.548	-0.588	0.732	1.000	1.021	-0.583	0.573	0.355	0.394	0.136	0.375	0.804	1.226	1.101	1.205	0.135	0.135
Magneto	AMB_RS06800	AMB_RS06800		thioredoxin family protein	0.520	-0.805	0.462	0.090	-0.762	-0.738	0.461	0.572	0.133	1.111	-1.549	-1.680	-0.154	0.243	1.128	-0.027	0.549	0.428	-0.630	-1.039	0.618	-0.060	0.878	0.011	-0.241	-1.351	-0.705	-0.369	-0.625	-0.162	-0.320	0.771	-1.422	-0.625	-1.238	-1.096
Magneto	AMB_RS06820	AMB_RS06820		GGDEF domain-containing protein	-2.636	0.127	0.022	-0.048	0.073	-0.474	0.283	0.129	-0.460	0.027	-0.149	0.459	-1.227	0.282	-0.194	0.158	2.040	-0.162	0.142	0.265	-0.217	0.908	0.289	-0.386	-0.940	-0.449	-0.324	0.369	0.814	0.531	0.725	-0.181	-1.909	0.468	0.587	-0.151
Magneto	AMB_RS06825	AMB_RS06825		hypothetical protein	1.887	-1.728	0.855	0.517	0.197	-2.316	0.496	-1.170	0.399	-0.059	0.041	-0.526	-1.076	-0.418	-0.814	0.479	0.193	-0.216	0.928	-0.540	-0.815	-0.366	0.970	0.251	2.010	1.193	0.104	0.606	-0.052	-0.739	-0.003	0.486	0.520	1.266	0.560	1.920
Magneto	AMB_RS06830	AMB_RS06830		DNA-binding response regulator	0.139	0.357	-0.778	-0.557	-0.054	-0.748	0.091	-0.955	-0.486	-0.900	-1.060	-0.759	-0.439	-0.495	-0.439	-0.508	-0.056	0.196	-0.233	-1.582	-0.280	0.183	-0.138	-0.751	-0.974	-0.917	-0.577	-0.162	-0.635	0.263	1.060	-1.008	-0.973	-0.260	0.202	-0.683
Magneto	AMB_RS06835	AMB_RS06835		hypothetical protein	-0.668	0.871	-1.135	0.190	-0.308	-0.537	0.076	-0.134	-0.739	-0.338	-1.708	0.797	-0.058	-0.830	-0.594	-0.145	-0.524	-0.415	-0.375	0.001	1.020	-0.345	-0.557	-0.340	0.571	1.726	0.201	0.546	1.117	1.161	1.333	0.630	1.673	-0.733	0.914	-0.529
Magneto	AMB_RS06840	AMB_RS06840		hypothetical protein	-0.450	0.644	-0.630	-0.941	0.178	-1.278	0.073	0.571	1.188	-1.148	-1.356	-1.907	-0.316	0.104	-0.218	0.122	0.544	0.408	-0.362	-1.235	0.735	0.098	-0.145	0.064	0.545	2.763	0.684	1.466	1.078	1.552	0.715	0.181	1.120	1.143	0.839	0.252
Magneto	AMB_RS06845	AMB_RS06845		hypothetical protein	-1.083	-1.904	-0.447	-0.117	1.439	0.665	-0.781	0.865	-0.421	0.821	-0.205	-0.891	0.570	0.513	1.426	-0.143	1.346	0.644	0.567	0.774	0.906	0.280	-0.173	0.935	0.609	0.560	0.891	-0.154	0.843	1.317	-0.312	0.229	0.977	0.284	1.027	-0.440
Magneto	AMB_RS06850	AMB_RS06850		hypothetical protein	0.835	-0.790	-1.413	-0.424	0.319	0.315	0.141	-1.037	0.277	-1.324	-0.220	-0.340	0.625	-0.098	-1.805	-0.298	-0.300	-0.622	-1.003	0.579	0.190	-0.618	1.373	0.248	-1.005	-0.803	-1.567	-1.044	-0.539	-1.780	-0.790	-0.824	-0.553	-1.132	-0.018	-0.701
Magneto	AMB_RS06865	AMB_RS06865		ABC transporter	-0.430	1.061	0.049	0.410	-0.406	-0.096	-0.079	0.078	0.249	-0.019	-0.851	-0.946	-0.064	0.210	0.579	-0.096	0.186	-0.471	-0.756	1.138	0.326	-0.318	0.095	0.284	-0.254	-0.212	0.268	0.534	-0.111	-0.261	-1.710	-0.061	-1.001	0.466	-0.734	-1.166
Magneto	AMB_RS06870	AMB_RS06870		sensor domain-containing diguanylate cyclase	-1.399	-0.414	-0.291	-0.059	-0.997	-0.359	-1.045	0.121	-0.387	-0.219	-1.025	-0.062	0.236	-0.308	-0.809	-0.869	1.084	-0.705	-1.228	-0.117	-1.500	-1.132	-0.206	-0.935	0.380	0.258	0.465	0.150	-0.212	0.236	-1.702	0.381	-0.077	1.536	0.024	-0.612
Magneto	AMB_RS06875	AMB_RS06875		DUF2934 domain-containing protein	0.406	-0.388	0.694	-0.131	1.076	-0.011	0.759	0.444	0.542	0.969	-0.995	-0.316	1.559	1.213	0.246	-0.247	1.279	0.429	0.772	0.045	-0.046	0.681	-0.094	1.527	1.081	0.903	0.516	0.573	0.903	0.890	0.200	0.654	1.388	1.341	-0.085	1.545
Magneto	AMB_RS06885	AMB_RS06885		peptide synthetase	-1.142	-2.148	-3.884	-3.199	-3.925	-3.315	-7.264	-6.114	-6.270	8.564	8.462	9.799	-0.161	-0.228	-0.393	-2.579	-2.339	-2.661	10.741	10.609	8.996	1.196	1.700	1.906	-0.155	-1.517	-0.422	0.534	-1.140	-0.095	2.504	0.282	0.149	5.953	6.694	6.827
Magneto	AMB_RS06890	AMB_RS06890		4'-phosphopantetheinyl transferase	-0.006	-0.144	-2.727	-1.177	0.303	-0.403	-1.675	-2.706	-2.692	4.863	2.302	4.763	0.444	0.578	0.103	-0.478	-0.528	-0.652	4.212	3.238	4.438	0.217	1.888	1.728	0.314	-0.940	-0.970	-0.381	-0.789	-1.045	1.219	-0.359	0.123	2.089	1.520	1.100
Magneto	AMB_RS06895	AMB_RS06895		hypothetical protein	0.939	0.113	-1.126	-0.183	-0.780	-0.977	0.643	-0.407	-1.693	-0.640	-0.701	-0.550	-0.501	-0.085	-1.182	-1.097	-0.554	0.330	-0.305	0.389	-0.324	-0.690	-0.402	-0.394	-0.654	-0.011	-0.100	-0.441	-0.825	-0.621	0.406	-0.494	0.346	-0.733	-1.530	0.241
Magneto	AMB_RS06900	AMB_RS06900		hypothetical protein	1.438	0.094	-0.697	-0.250	-0.440	1.516	0.085	-0.461	-0.785	0.440	1.066	0.908	0.320	-0.512	0.116	0.133	-0.612	-0.021	0.499	1.117	1.095	0.059	1.153	0.565	0.277	0.561	-0.181	-0.424	0.017	-0.221	2.440	1.199	1.914	1.951	1.562	1.148
Magneto	AMB_RS06910	AMB_RS06910		glycosyl transferase	0.298	-1.233	0.013	-0.117	-0.902	0.239	-0.570	-1.589	-0.617	3.538	-0.341	3.602	0.545	-0.198	-0.511	-0.939	-1.362	-0.785	1.455	2.460	2.313	-0.265	-0.430	-0.400	-0.225	0.330	0.332	0.000	0.060	0.664	1.118	-0.164	-0.131	-0.348	-0.262	-0.968
Magneto	AMB_RS06935	AMB_RS06935		phosphate regulon transcriptional regulatory protein PhoB	-0.031	0.271	-0.010	0.660	1.144	0.214	0.248	-0.137	0.946	-0.767	0.044	0.718	0.925	1.558	0.596	-0.420	1.372	0.026	0.657	0.990	-1.253	1.217	1.073	1.586	0.589	0.306	1.014	0.209	0.620	1.000	0.073	0.872	-0.641	-0.415	-1.792	0.458
Magneto	AMB_RS06940	AMB_RS06940		phosphate transport system regulatory protein PhoU	-0.727	1.024	-0.989	-0.072	0.249	0.033	-0.335	-0.201	-0.441	-1.593	0.026	-0.617	0.058	-0.274	0.621	-0.325	0.315	-0.630	-0.063	-0.140	0.347	-0.066	0.784	0.111	-0.480	-0.098	0.714	0.582	1.542	0.748	-0.263	0.593	-0.614	-0.299	0.660	-0.379
Magneto	AMB_RS06945	AMB_RS06945		phosphate ABC transporter ATP-binding protein	-1.066	-0.810	-1.039	-0.635	-1.180	-1.279	-0.716	-0.840	-1.914	0.246	0.187	-0.859	-0.585	-0.388	0.809	-0.746	-0.024	-0.770	-0.710	-0.448	-0.024	0.422	-1.025	-0.379	-0.572	-1.570	-2.048	-1.297	-1.527	-1.911	-0.694	-1.242	0.832	-0.002	0.096	-0.380
Magneto	AMB_RS06950	AMB_RS06950		phosphate ABC transporter, permease protein PstA	-0.699	-0.476	0.256	0.106	-0.033	0.986	-0.329	0.899	0.126	-0.176	0.218	-0.798	-0.113	0.546	1.182	0.600	0.446	1.600	-0.243	-0.842	0.118	0.818	0.722	0.583	0.160	0.584	0.412	-0.172	0.209	-0.051	-0.721	1.467	-0.904	-0.097	-0.562	0.107
Magneto	AMB_RS06955	AMB_RS06955		phosphate ABC transporter permease subunit PstC	0.863	-1.903	0.370	0.502	0.698	1.207	1.570	1.393	1.712	0.993	0.449	0.549	1.059	0.876	0.714	0.676	1.627	1.461	0.780	0.946	0.511	0.543	1.697	0.457	-1.329	0.758	-0.890	0.387	0.208	0.431	-1.024	-0.534	-1.315	-0.364	-1.901	-0.570
Magneto	AMB_RS06960	AMB_RS06960		phosphate ABC transporter substrate-binding protein	-1.123	0.149	-0.574	-0.931	-0.835	-1.324	-1.868	-1.288	-0.010	-1.342	-0.076	0.479	-0.832	-1.751	-0.966	-1.316	-1.835	-0.715	-0.218	-1.198	-0.517	-0.777	-0.273	-0.743	-0.110	0.069	0.533	0.127	-0.156	0.746	-0.976	-0.400	-0.260	0.889	0.117	-0.088
Magneto	AMB_RS06965	AMB_RS06965		PLP-dependent aminotransferase family protein	0.154	-0.344	0.197	0.181	-0.313	-0.401	0.540	0.957	-0.391	-0.800	0.005	-0.430	-0.781	-0.921	-1.869	-0.684	-0.361	0.687	-1.387	-1.359	-0.167	-1.114	-0.714	-0.502	0.159	0.360	-0.207	-0.419	0.549	-0.013	-1.522	-1.929	-1.593	0.702	-0.924	-0.639
Magneto	AMB_RS06970	AMB_RS06970		pyridoxamine 5'-phosphate oxidase family protein	0.189	0.845	0.567	0.569	0.161	-0.340	0.387	0.015	0.115	0.270	0.724	0.692	0.238	0.273	1.838	0.444	1.193	0.578	0.353	-1.016	1.288	-0.022	0.511	0.565	-0.340	0.097	-0.741	0.185	0.046	-0.345	-0.786	1.676	-0.383	1.437	0.164	1.455
Magneto	AMB_RS06975	AMB_RS06975		hemerythrin	-0.978	-1.030	-0.161	-0.265	-1.495	-1.067	-1.258	-2.220	-0.797	-1.040	0.742	-0.495	-1.941	-0.816	-1.772	-2.052	-0.046	-0.234	-0.912	-0.183	-0.959	-1.966	-0.297	-1.563	-1.482	-0.988	-1.330	-0.592	-1.268	-0.449	-2.385	-1.095	-2.073	-0.266	-0.059	-2.062
Magneto	AMB_RS06995	AMB_RS06995		fructose-bisphosphatase class II	-0.625	-2.792	-0.912	0.254	-0.205	0.247	0.105	-0.146	0.405	0.348	0.562	1.127	0.922	0.410	0.194	0.520	0.259	0.910	0.752	0.273	1.594	0.493	0.905	0.041	-0.571	-1.020	-0.531	-2.220	-0.974	-1.636	1.343	0.698	0.617	1.280	1.072	0.876
Magneto	AMB_RS07000	AMB_RS07000		acetyl-CoA hydrolase	-0.364	-0.807	-2.134	-0.950	-0.535	-1.270	-1.838	-0.917	-1.896	-2.071	-0.365	-1.486	-1.834	-1.734	-1.111	-1.106	-0.876	-0.699	-1.476	-1.423	-1.502	-1.149	-0.330	-1.875	-0.951	-0.678	-0.654	0.234	-0.154	-1.112	-0.150	-0.755	-1.243	-0.580	-2.525	-1.593
Magneto	AMB_RS07005	AMB_RS07005		AsnC family transcriptional regulator	0.057	-0.943	0.118	-1.170	0.439	0.957	0.914	0.619	0.789	-0.132	2.299	-1.331	0.346	0.232	0.639	0.185	0.652	1.269	-0.374	-0.270	0.019	-0.207	0.587	0.052	-0.732	-0.726	-0.581	-0.576	-0.318	-0.115	-1.245	-0.952	-0.347	-0.035	-1.594	-0.670
Magneto	AMB_RS07010	AMB_RS07010		ATP-dependent helicase	-3.726	-9.076	-1.655	-7.023	-5.589	-5.362	-7.076	-5.999	-7.238	-9.549	-3.757	-6.401	-5.527	-5.826	-5.001	-5.783	-4.582	-3.570	-7.321	-6.601	-6.895	-6.744	-5.477	-6.070	-5.423	-3.535	-5.936	-6.017	-3.911	-3.914	-7.088	-7.786	-7.279	-6.932	-5.527	-8.621
Magneto	AMB_RS07015	AMB_RS07015		hydrolase	1.487	0.288	0.151	1.917	0.405	0.263	1.792	-0.433	0.512	-0.586	-0.685	-0.891	-0.878	-0.423	-0.751	-0.175	-0.982	-0.567	-0.549	2.763	-0.189	-1.897	-0.077	0.065	-0.697	1.199	1.547	1.319	0.930	0.472	-0.044	1.513	-0.158	-0.533	1.263	-0.107
Magneto	AMB_RS07020	AMB_RS07020		type III PLP-dependent enzyme	-0.125	-0.583	-1.581	-1.057	0.893	-1.598	-1.104	-1.205	-0.575	-1.502	-0.642	-1.147	-0.190	-0.611	-2.064	-0.617	-2.636	-0.178	-1.612	-2.349	-1.197	0.183	-0.144	0.476	-0.949	-0.987	-1.480	-1.425	-1.074	-1.432	-1.135	-1.971	-1.584	-1.099	-1.154	-0.806
Magneto	AMB_RS07025	AMB_RS07025		flagellar hook protein FlgE	1.224	-0.315	-0.092	-0.660	-0.073	-0.422	0.274	-0.973	-0.670	0.056	-2.065	-1.083	-0.446	-0.181	-0.526	-1.096	-0.446	-0.062	-1.198	-0.950	0.086	-0.831	-0.270	-0.518	-0.221	-0.084	1.404	0.559	1.425	0.983	-0.145	0.075	-0.886	-0.854	0.167	-0.630
Magneto	AMB_RS07030	AMB_RS07030		1-aminocyclopropane-1-carboxylate deaminase	-0.467	-1.063	-0.334	-0.128	-0.347	0.421	0.974	-0.354	0.399	-0.219	-0.673	0.370	0.194	-0.048	0.462	-0.010	-0.224	-0.000	-0.244	-0.066	-0.666	0.294	0.201	-0.085	-0.398	-0.305	-0.746	-0.287	-0.402	-0.519	-1.020	-1.162	-0.030	-0.640	0.530	-0.363
Magneto	AMB_RS07035	AMB_RS07035		gamma-glutamyltransferase	0.255	-0.728	0.566	1.172	1.065	1.947	1.111	-0.442	0.299	1.481	0.674	1.099	0.768	0.288	1.071	0.442	0.005	0.763	1.560	1.736	1.149	0.852	1.002	0.548	-2.353	-1.198	-1.109	-1.669	-1.907	-1.510	0.117	-0.197	0.189	0.845	0.458	0.841
Magneto	AMB_RS07050	AMB_RS07050		hypothetical protein	-0.935	1.083	0.162	-0.069	-0.646	0.146	0.702	0.243	0.463	-0.802	-1.374	-0.573	1.073	0.613	0.328	0.214	1.104	0.521	0.206	-0.360	-0.028	0.252	0.091	0.627	0.407	0.397	0.706	0.176	0.401	-0.352	0.411	0.408	0.691	0.222	0.947	1.669
Magneto	AMB_RS07055	AMB_RS07055		hypothetical protein	-1.300	0.456	-0.684	-0.387	0.068	-0.667	1.000	0.160	0.366	0.391	0.003	-0.095	-0.338	-0.580	0.233	-0.065	-0.467	0.018	-0.072	0.842	0.624	-0.827	-0.261	-0.565	-0.084	0.325	0.004	0.532	0.742	0.411	0.526	1.226	-0.066	2.616	0.515	-0.198
Magneto	AMB_RS07060	AMB_RS07060		nitrite reductase	-2.556	-0.925	1.814	-1.211	-1.449	-1.917	-1.028	-0.917	-1.891	-1.120	1.123	-0.698	-0.584	-1.597	-1.280	0.215	-0.708	0.767	-0.856	-0.283	-2.439	-0.678	-0.247	-1.590	-6.226	-5.393	-5.817	-4.918	-5.118	-4.781	-4.858	-4.598	-4.656	-4.444	-5.875	-5.797
Magneto	AMB_RS07065	AMB_RS07065		Crp/Fnr family transcriptional regulator	-4.132	-4.484	1.322	-0.661	-1.987	-2.022	-2.680	-2.369	-2.296	0.163	-1.693	0.343	-0.684	-1.483	-1.117	-0.357	-1.776	0.306	-2.460	-0.399	-0.547	-0.472	-0.968	-0.798	-5.027	-3.764	-4.917	-4.942	-5.058	-4.864	-3.583	-3.415	-2.626	-3.859	-2.493	-3.630
Magneto	AMB_RS07070	AMB_RS07070		Crp/Fnr family transcriptional regulator	-0.267	-0.073	-0.162	-0.913	-0.504	-0.686	-0.787	-0.166	-1.101	0.374	1.557	0.240	0.004	-0.872	-0.151	-2.224	-1.557	0.204	-0.687	0.254	-1.063	0.098	-0.671	-0.697	-1.455	-1.567	-2.323	-2.124	-1.679	-1.869	-1.236	-0.912	-1.948	-1.607	-0.473	-2.219
Magneto	AMB_RS07075	AMB_RS07075		cytochrome c-552 precursor	-5.083	-1.936	-0.296	-1.662	-3.717	-2.642	-2.148	-2.661	-1.968	-2.526	-1.417	-3.046	-3.505	-3.981	-2.470	-2.185	-2.668	-2.127	-2.933	-2.963	-3.120	-2.548	-1.776	-2.022	-5.940	-5.102	-6.353	-6.191	-6.267	-4.895	-4.597	-8.507	-7.511	-6.764	-5.059	-8.283
Magneto	AMB_RS07080	AMB_RS07080		plastocyanin precursor	-1.037	-0.385	-0.166	-0.642	-0.066	1.114	1.308	0.257	0.208	0.832	0.292	-0.191	-0.192	-0.983	0.871	1.062	1.102	0.971	-1.283	1.477	0.719	0.658	-0.078	1.043	-0.676	0.391	-1.530	0.186	-0.811	0.044	-1.318	-0.215	-2.822	-0.583	-1.515	-1.416
Magneto	AMB_RS07085	AMB_RS07085		uroporphyrinogen-III C-methyltransferase	-1.370	-0.651	0.444	-0.210	-0.048	-0.376	0.435	-0.503	0.462	-0.231	-0.465	-0.840	-0.346	0.105	-0.017	0.118	0.388	0.422	-0.249	-0.374	-0.980	-0.705	-0.166	-1.396	-0.225	0.517	0.031	0.054	0.469	-0.265	1.082	0.584	-0.205	0.398	0.312	0.588
Magneto	AMB_RS07095	AMB_RS07095		protein nirF	-2.968	-2.120	0.433	-2.124	-1.123	-1.193	-3.078	-2.517	-2.492	-0.926	1.443	-2.915	-1.915	-2.554	-2.314	-3.001	-1.872	-1.870	0.633	-0.589	-0.055	-1.357	-0.780	-1.292	-5.255	-4.927	-5.608	-4.289	-5.343	-4.591	-5.288	-3.852	-3.586	-5.035	-4.367	-5.471
Magneto	AMB_RS07100	AMB_RS07100		Lrp/AsnC family transcriptional regulator	0.519	-2.227	0.760	-0.593	-1.521	-0.708	-1.742	-1.648	-2.475	0.290	0.220	-1.259	-0.279	-1.143	-0.813	-1.520	-0.982	-0.330	-1.579	-1.552	-0.157	-0.529	0.027	-1.002	-1.646	-1.608	-1.880	-0.290	-0.017	-0.843	-0.514	0.461	-1.366	-1.029	0.017	-2.133
Magneto	AMB_RS07105	AMB_RS07105		Lrp/AsnC family transcriptional regulator	-0.032	-0.477	0.224	-0.641	-1.643	-0.091	-0.119	-0.835	-0.238	0.762	-1.899	-0.138	0.453	-0.713	0.144	-0.602	0.515	-0.091	0.460	0.850	1.266	0.207	-1.141	-1.609	-1.901	-2.792	-1.866	-1.984	-1.660	-1.515	-0.833	-0.657	-0.476	-0.596	-0.061	-1.635
Magneto	AMB_RS07110	AMB_RS07110		Lrp/AsnC family transcriptional regulator	-0.390	-0.543	0.360	-1.786	-1.042	0.033	-0.723	-1.827	-1.002	-1.131	1.207	0.317	-0.295	-1.967	-1.747	-1.030	-1.280	-0.434	-1.155	-0.847	0.312	0.044	1.386	-0.676	-0.979	-1.189	-0.668	-1.480	-1.527	-1.371	-1.174	-1.267	-1.659	-1.080	-1.250	-0.523
Magneto	AMB_RS07115	AMB_RS07115		Lrp/AsnC family transcriptional regulator	-0.027	-0.700	-2.092	-3.873	-1.764	-1.862	-3.302	-3.242	-2.462	-3.177	-1.686	-2.039	-1.817	-2.184	-2.948	-1.750	-0.878	-1.367	-1.539	-1.864	-2.191	-3.008	-1.917	-2.199	-1.295	-1.915	-1.682	-1.716	-2.045	-2.080	-1.369	-1.401	-0.211	-0.574	-1.206	-2.540
Magneto	AMB_RS07120	AMB_RS07120		heme d1 biosynthesis radical SAM protein NirJ	-1.037	-2.262	0.806	-1.616	-0.079	-2.064	-1.905	-1.266	-2.007	-1.043	-0.531	-0.100	-2.396	-1.407	-1.758	-1.239	-0.885	-1.222	-0.382	-0.506	-1.723	-0.714	-1.025	-1.270	-2.036	-2.536	-3.804	-3.210	-3.585	-3.306	-1.864	-1.682	-2.970	-3.566	-1.827	-3.113
Magneto	AMB_RS07125	AMB_RS07125		cytochrome CBB3	0.325	0.382	0.628	-0.711	-0.016	-0.090	0.187	0.411	-0.562	-1.532	1.317	-0.628	-0.123	-0.163	-0.508	0.424	0.679	0.131	-1.236	-1.384	-0.006	0.732	-0.073	0.395	-2.041	-0.921	-0.753	-1.040	-0.501	0.002	-1.425	-2.451	-1.125	-1.072	-2.271	-0.368
Magneto	AMB_RS07130	AMB_RS07130		alpha/beta hydrolase	0.293	-0.232	-0.116	0.273	-0.719	-0.032	-1.307	-0.693	-0.192	0.136	-1.945	1.547	0.208	-0.840	-0.524	-0.269	-0.719	-0.964	0.858	0.581	0.061	0.662	0.910	0.473	1.105	-0.156	1.260	-0.146	-0.811	-0.520	-2.018	1.432	0.829	-0.387	1.622	-0.149
Magneto	AMB_RS07145	AMB_RS07145		two-component sensor histidine kinase	-0.431	0.810	0.256	-0.284	-0.732	0.085	0.846	0.742	0.180	-1.043	-0.045	-1.163	0.265	-1.192	-0.323	0.578	1.199	0.981	-0.108	0.454	-0.887	-0.147	0.472	-0.348	0.721	0.207	1.095	0.395	1.313	1.015	-0.418	-0.803	0.688	-1.318	-0.197	0.741
Magneto	AMB_RS07150	AMB_RS07150		amino acid ABC transporter	-0.903	-0.378	-0.454	1.089	-0.537	1.098	0.690	1.385	1.512	0.447	-0.201	0.593	0.006	1.507	-0.227	1.857	1.506	0.107	-0.066	0.460	0.349	0.548	0.806	0.937	-1.609	-1.291	-1.078	-1.374	-1.514	-2.321	-0.747	-1.066	-1.897	-1.745	-1.812	-1.361
Magneto	AMB_RS07155	AMB_RS07155		zinc transporter ZntB	-1.200	0.264	0.696	-0.274	-0.607	-0.992	-1.231	-0.462	-0.947	1.116	0.536	1.115	0.344	-1.552	0.595	-0.459	-0.704	-0.965	1.352	0.623	0.633	0.783	0.391	0.638	0.196	2.189	1.126	-0.027	-0.100	-0.172	1.382	1.643	1.638	2.395	1.433	2.106
Magneto	AMB_RS07160	AMB_RS07160		signal transduction protein	-1.658	-0.285	-0.937	-0.571	-1.615	-1.932	0.853	-0.175	-0.956	-0.105	-0.291	-1.535	0.069	-0.808	-0.394	-0.058	-0.165	0.563	-1.029	0.387	-0.324	-0.838	-1.020	0.138	0.248	1.279	0.279	0.634	0.992	0.042	0.353	0.624	0.225	0.461	0.809	2.095
Magneto	AMB_RS07165	AMB_RS07165		hemerythrin	-0.380	-0.486	-0.585	2.115	0.692	-0.588	0.957	0.142	0.757	1.671	1.115	0.502	0.102	1.295	1.149	0.662	2.362	-0.200	0.120	-0.132	0.957	-1.240	-1.295	1.505	-0.757	0.186	1.008	0.844	1.024	1.145	1.199	0.087	0.533	2.652	0.597	0.220
Magneto	AMB_RS07170	AMB_RS07170		hypothetical protein	0.418	-1.273	0.190	0.290	0.562	0.555	0.153	0.952	1.459	0.154	-1.109	1.776	-0.216	0.395	-0.387	0.358	1.312	0.246	1.251	0.238	-1.162	2.562	-0.265	1.082	-0.691	0.956	0.375	0.717	1.516	0.992	-0.454	-0.834	1.995	-0.178	0.366	0.149
Magneto	AMB_RS07175	AMB_RS07175		ATP-dependent helicase	0.422	1.536	-0.162	0.446	-0.710	1.293	0.579	1.100	-0.993	1.302	1.397	0.418	2.338	0.753	0.600	0.412	1.563	1.586	1.661	0.102	1.157	1.150	0.778	1.315	1.910	0.435	1.539	1.283	0.550	0.812	-0.622	0.314	-0.270	-0.177	0.831	1.216
Magneto	AMB_RS07180	AMB_RS07180		membrane protein	-0.681	-0.324	-0.886	-1.465	-1.282	-1.104	-1.217	-0.993	-1.775	-0.808	-1.045	-0.848	-0.337	-0.759	0.019	-1.962	-0.267	-0.776	0.535	1.008	0.359	-0.955	0.099	-0.717	-1.811	-1.244	-0.766	-1.322	-0.944	-0.957	-1.175	-0.634	-0.854	-0.943	-0.370	-1.689
Magneto	AMB_RS07185	AMB_RS07185		HIT family protein	1.240	0.173	-1.089	0.085	0.562	-0.918	-0.557	0.449	-0.178	1.384	0.941	1.001	0.950	-1.242	0.156	0.120	0.733	0.740	1.045	0.467	0.577	-0.193	-0.734	0.831	0.040	-0.691	-0.238	-0.636	-0.345	-0.421	0.036	-1.184	0.547	-1.576	0.453	0.530
Magneto	AMB_RS07190	AMB_RS07190		SGNH/GDSL hydrolase family protein	-2.687	0.315	0.051	-0.091	-0.195	-0.658	-0.241	0.242	-0.382	-0.313	-0.514	-2.436	-0.255	-0.414	-0.210	-0.095	-0.533	-0.762	0.076	-0.649	-0.498	0.431	0.617	0.661	-0.894	-0.383	0.180	1.082	-0.381	1.175	-0.755	-0.016	-0.633	-0.268	-1.064	0.595
Magneto	AMB_RS07195	AMB_RS07195		acetate--CoA ligase	1.900	1.382	-1.330	0.553	0.594	-0.445	-0.230	0.624	-0.041	-0.655	-0.438	1.507	-0.117	0.123	-0.777	0.640	1.278	-0.154	-0.435	0.787	-0.623	0.157	1.079	0.240	0.338	-0.600	0.033	0.811	-0.792	0.380	0.830	2.287	0.448	2.141	2.387	-0.117
Magneto	AMB_RS07205	AMB_RS07205		hypothetical protein	1.369	2.374	-1.201	0.235	0.526	0.794	-0.676	-0.360	0.351	0.457	-0.882	-1.303	0.512	-0.588	1.326	0.666	0.070	0.452	-1.149	-1.772	0.447	0.274	1.167	0.975	-0.230	-0.867	-0.606	-0.044	-0.749	0.447	-0.751	0.226	0.104	0.252	1.126	0.167
Magneto	AMB_RS07210	AMB_RS07210		permease	-0.140	0.641	0.079	-1.004	-0.270	-0.329	-0.494	0.090	0.489	0.900	0.547	0.210	-0.353	-1.311	-1.172	-0.134	-0.835	-1.016	-0.120	-0.645	1.530	-1.188	-1.254	-0.460	-1.118	0.043	0.116	-1.080	-0.675	-1.602	1.003	1.392	-0.730	0.742	2.738	0.051
Magneto	AMB_RS07215	AMB_RS07215		ATP-dependent helicase	1.351	0.244	-0.341	-0.988	-1.297	-0.501	-1.905	0.316	-0.350	-1.378	-0.660	-0.056	-2.185	0.139	-1.744	-0.606	-0.060	-0.518	-0.980	-0.049	-1.429	-2.521	-1.504	-0.786	-0.462	-1.398	-0.547	-1.229	-0.026	-0.563	-0.341	-0.615	-0.430	0.192	0.068	-0.752
Magneto	AMB_RS07220	AMB_RS07220		NUDIX domain-containing protein	-0.112	0.160	-0.840	-0.296	-0.621	-0.800	0.140	-0.928	-0.993	-0.201	-0.241	0.813	1.702	-0.583	-0.306	-0.845	0.960	-1.303	0.694	1.024	0.110	0.717	-0.241	-0.555	-1.386	-1.454	-1.281	-1.613	-1.550	-1.330	-1.045	-1.449	-0.751	-0.922	-1.039	-2.083
Magneto	AMB_RS07225	AMB_RS07225		PAS domain S-box protein	-1.117	-0.736	-0.539	-0.714	0.107	0.450	-1.253	-0.156	-0.467	-1.781	-0.168	-0.908	-0.592	-1.640	-1.132	0.199	-0.325	0.094	-0.272	-0.676	-0.271	-0.754	-1.162	-0.604	-0.191	0.602	-0.576	-0.631	-0.446	-0.667	-0.411	0.203	-0.065	0.316	0.156	-1.127
Magneto	AMB_RS07230	AMB_RS07230		response regulator	-0.639	0.200	-1.742	-1.344	2.411	-1.077	-2.061	-0.076	-0.984	-1.621	-2.564	-0.802	-0.444	-0.435	-1.404	0.675	-0.381	-0.454	-1.350	-2.831	-1.028	-0.180	-1.403	-0.874	-1.053	-0.337	-0.637	-0.209	0.387	-0.345	-1.592	1.550	-1.381	0.253	-2.047	-0.552
Magneto	AMB_RS07235	AMB_RS07235		signal transduction histidine kinase	0.840	-0.935	-1.052	0.515	0.947	0.029	0.574	0.377	-0.426	0.005	0.267	0.380	0.352	0.222	0.647	1.150	0.342	1.195	0.551	-0.246	1.244	1.425	0.191	-0.056	-1.113	0.459	-0.496	0.269	-0.016	-0.011	-1.831	-0.307	0.686	0.135	-0.509	-0.577
Magneto	AMB_RS07240	AMB_RS07240		PAS domain-containing sensor histidine kinase	-0.983	-6.533	-0.070	-1.954	-0.687	-0.419	-0.660	-1.615	-0.477	-5.654	-2.612	-2.046	-1.744	-4.170	-3.437	-1.718	-0.959	-0.921	-2.324	-5.813	-4.134	-3.791	-2.036	-3.666	-1.557	-0.661	-0.733	-0.427	0.658	-0.262	-1.822	-1.275	-1.327	-0.897	-1.771	0.436
Magneto	AMB_RS07245	AMB_RS07245		surface lipoprotein	-2.527	-0.503	0.717	-0.801	0.277	0.069	-0.930	-1.593	-0.223	2.789	0.763	1.403	-0.060	-1.691	-0.488	-1.353	-1.351	-0.902	-0.589	0.820	0.728	-1.684	-1.424	-0.814	-1.182	-0.949	-1.072	-1.592	-1.166	-1.509	-0.303	-0.734	-1.343	-0.084	-0.880	0.302
Magneto	AMB_RS07255	AMB_RS07255		nucleoside-diphosphate sugar epimerase	-0.099	1.763	-0.209	0.312	1.049	0.592	0.621	0.927	0.653	-0.970	-0.138	-0.167	0.282	0.171	-0.889	0.659	-0.028	0.185	-0.367	-1.211	1.293	-0.092	1.170	-0.320	-0.194	0.241	0.608	1.423	-0.416	0.316	0.818	-1.258	0.496	0.322	-0.269	0.145
Magneto	AMB_RS07265	AMB_RS07265		glycosyltransferase	0.056	0.633	-0.266	0.354	1.645	0.325	-0.916	0.011	0.344	1.232	1.381	1.833	0.701	0.473	0.030	-0.039	-0.404	-0.200	1.396	0.974	1.770	-0.468	0.373	0.452	-0.827	-0.767	-0.970	-2.633	-2.376	-2.650	0.267	-0.682	-0.216	0.365	0.042	0.750
Magneto	AMB_RS07275	AMB_RS07275		xylanase/chitin deacetylase	1.961	0.323	-0.985	-0.814	-1.059	-1.234	-0.930	-0.605	-1.782	0.300	-0.893	0.099	-1.479	-1.020	-1.810	-0.358	-1.379	-0.845	-0.349	-0.552	-1.581	-1.760	-1.086	-1.225	0.526	0.511	-0.042	0.831	0.912	-0.303	-0.858	0.334	-1.620	0.605	0.171	0.331
Magneto	AMB_RS07285	AMB_RS07285		Lipid A core - O-antigen ligase	1.004	0.988	0.339	0.231	-0.010	0.794	1.216	1.281	0.820	0.676	1.333	0.608	2.290	-0.026	-0.005	0.694	0.988	1.301	0.827	0.269	0.115	-0.028	1.174	0.636	-1.009	-0.070	-0.670	-0.326	0.285	0.168	-0.210	-0.098	-1.803	-0.163	0.694	1.168
Magneto	AMB_RS07290	AMB_RS07290		hypothetical protein	-0.043	0.841	0.690	0.256	0.537	0.273	-1.547	0.953	0.008	0.068	0.174	0.103	0.367	0.896	0.030	0.067	1.248	-0.783	1.325	-0.588	0.235	0.761	1.601	1.099	0.456	-0.348	0.059	1.613	0.998	0.798	0.091	-1.156	0.043	0.265	0.730	0.493
Magneto	AMB_RS07295	AMB_RS07295		hypothetical protein	0.304	0.315	-2.887	-1.152	-1.922	-0.796	-1.012	-0.849	-0.225	-1.603	-0.448	-2.208	-0.163	-0.940	-0.496	-0.277	-0.842	-1.001	0.100	-0.499	-1.069	-1.618	-1.179	-0.768	-2.095	-2.942	-2.471	-2.097	-2.326	-2.248	-1.856	-5.247	-5.854	-3.583	-2.805	-3.010
Magneto	AMB_RS07300	AMB_RS07300		sugar transferase	-2.013	0.218	0.146	-0.445	-1.051	-0.122	0.007	-0.056	-0.405	0.591	0.037	0.160	-0.042	0.098	-0.491	-0.796	0.079	-0.060	-0.059	-0.585	-0.166	-0.378	0.975	1.105	-0.130	-0.376	0.428	-0.130	0.262	-0.273	0.428	2.423	1.430	-0.378	-1.064	-0.091
Magneto	AMB_RS07305	AMB_RS07305		hypothetical protein	-0.315	-0.135	0.374	-0.380	0.222	-0.294	0.654	0.658	0.045	-0.280	-0.663	-0.019	1.831	0.294	-0.629	0.334	-1.041	-0.031	-0.101	-0.337	-0.230	0.253	-0.850	0.172	0.678	-0.680	0.042	-0.528	-0.225	-0.245	0.244	-0.195	0.081	-0.115	0.504	-0.103
Magneto	AMB_RS07310	AMB_RS07310		hypothetical protein	-0.953	-0.344	-0.889	-0.226	-1.365	-0.649	-0.373	-0.196	0.238	-1.443	-1.244	-1.172	-0.270	-0.433	-0.186	0.131	0.511	1.034	-0.773	-1.012	-0.046	-0.446	-0.235	-0.541	-0.434	-0.314	-0.331	0.509	0.748	0.702	-1.821	-1.357	-0.468	-1.451	-0.159	-0.865
Magneto	AMB_RS07315	AMB_RS07315		hypothetical protein	0.383	0.606	-0.577	0.584	-0.149	0.603	0.044	0.619	1.289	-0.223	-0.916	-0.333	0.371	0.153	0.509	0.775	0.568	2.368	0.847	0.570	-0.270	0.154	0.367	-0.032	0.793	0.847	1.100	1.024	0.698	0.507	1.617	0.209	-1.811	0.209	0.105	1.154
Magneto	AMB_RS07320	AMB_RS07320		serine/threonine protein phosphatase	0.616	-0.972	-0.146	1.618	0.626	0.433	0.120	0.882	0.339	0.925	-0.075	-0.740	0.914	-0.303	1.528	0.954	1.540	2.067	0.837	0.444	0.061	0.608	1.174	1.795	1.616	0.641	0.376	0.340	0.232	0.393	0.188	-0.267	-0.877	0.406	-0.248	0.552
Magneto	AMB_RS07325	AMB_RS07325		succinoglycan biosynthesis transport protein exoP	-0.826	0.134	-1.426	-0.776	-0.889	0.706	0.106	-0.188	-0.724	-0.570	0.279	-0.722	-0.224	-0.400	-0.093	-0.287	0.783	0.224	-0.737	-0.342	-1.660	0.740	0.518	-0.280	-0.168	-0.597	-0.691	-0.269	0.468	0.092	-0.651	-0.758	-1.841	-1.629	-0.639	-0.229
Magneto	AMB_RS07330	AMB_RS07330		hypothetical protein	-0.041	0.997	-0.521	-0.222	-1.258	-0.440	-0.794	-0.408	0.623	-0.243	0.203	0.178	-0.090	-1.770	0.027	-0.833	-0.919	-0.199	-0.264	-0.446	-1.590	-0.375	-0.419	-0.730	-0.302	-0.490	0.543	-0.400	0.765	-0.059	0.331	0.421	0.877	-0.312	0.263	0.586
Magneto	AMB_RS07335	AMB_RS07335		hypothetical protein	-2.032	-0.484	-0.630	-0.528	-1.562	-0.864	-0.435	-0.929	-0.896	0.468	-0.970	0.134	-1.591	-1.704	-0.678	-1.619	-0.889	-0.343	-1.309	-1.767	-1.649	-1.425	-0.018	-0.308	-1.458	-0.266	-1.240	-1.313	-0.978	-0.790	-1.239	-0.856	-0.292	0.931	0.165	0.847
Magneto	AMB_RS07340	AMB_RS07340		hypothetical protein	2.118	1.537	-0.422	-0.934	0.414	0.212	-0.234	-0.154	0.976	0.234	-0.891	-0.744	0.236	1.381	0.689	0.241	0.652	0.412	-0.651	-1.343	0.011	0.346	1.400	-0.582	-1.511	-1.425	-2.184	-1.405	-2.104	-0.911	-0.545	-2.278	0.492	-1.566	0.099	-1.333
Magneto	AMB_RS07345	AMB_RS07345		hypothetical protein	-0.278	1.731	0.289	-0.036	1.399	0.995	-0.985	1.064	-0.162	0.471	2.185	-0.396	0.389	-0.884	-0.456	-0.703	-0.838	0.516	0.232	1.541	0.740	-0.102	-0.821	0.672	0.251	1.018	0.818	0.087	1.613	-0.018	-0.016	-0.233	1.601	-0.359	-0.086	-0.177
Magneto	AMB_RS07350	AMB_RS07350		flavonol 3-sulfotransferase	3.664	1.471	0.637	0.704	-0.243	-0.022	0.036	0.628	0.731	-0.650	-0.341	-0.327	0.354	-1.719	-0.974	0.180	-0.408	-0.273	0.071	-0.173	0.156	0.101	-0.778	0.476	0.851	1.525	1.517	1.461	0.084	1.760	0.500	-0.033	0.486	0.106	1.094	1.111
Magneto	AMB_RS07355	AMB_RS07355		hypothetical protein	-2.180	-0.112	0.011	-0.914	-1.190	-0.597	0.013	-0.692	0.403	-0.104	0.095	0.789	-0.855	-1.185	-1.133	0.615	0.166	-0.174	-0.511	0.737	-1.003	-0.659	0.116	1.237	-1.678	-0.780	-0.109	-0.943	-0.293	-0.401	-1.280	-0.697	0.034	-1.057	-0.628	0.209
Magneto	AMB_RS07360	AMB_RS07360		N-acetyltransferase	1.602	0.753	-0.357	1.339	-0.361	-0.615	0.314	0.561	0.249	0.670	0.463	-1.132	-0.163	-0.926	-0.276	0.889	0.443	0.818	-0.435	-0.464	-0.874	-0.939	0.780	-0.041	-0.182	0.040	-0.475	-0.568	-0.801	-0.369	-0.313	-1.236	-1.751	-1.196	-2.104	-0.775
Magneto	AMB_RS07365	AMB_RS07365		microcystin-dependent protein	0.241	0.788	-0.538	-0.779	-0.453	-0.468	-0.344	-0.029	0.128	-0.504	-1.389	-0.646	-0.838	-0.130	-0.184	-1.273	0.882	0.673	0.132	-0.003	0.540	-0.239	-0.487	-0.397	-0.130	0.856	-0.456	0.529	-0.129	0.977	-0.169	-0.813	1.565	-0.590	-0.787	-0.083
Magneto	AMB_RS07370	AMB_RS07370		hypothetical protein	1.239	-0.291	-0.191	0.325	0.741	-0.421	-0.531	-0.987	0.114	-0.167	0.466	-1.334	-1.142	-1.096	-0.549	0.331	0.467	-0.659	-0.375	-0.136	-0.470	-0.915	-0.047	-0.460	-1.211	-1.392	-1.468	-0.771	-1.421	-0.756	-1.089	-1.399	-0.330	-0.704	0.049	0.728
Magneto	AMB_RS07375	AMB_RS07375		phage tail protein	-0.324	0.402	0.771	1.064	-0.171	2.398	1.515	1.000	-0.220	1.798	0.410	0.645	1.118	-0.394	1.262	1.532	0.536	-0.049	0.315	0.007	0.643	0.157	0.538	0.800	-0.270	-0.632	0.124	-0.376	-0.602	-1.122	-0.359	-0.715	-0.550	0.481	-1.013	0.003
Magneto	AMB_RS07380	AMB_RS07380		asparagine synthase	-2.536	1.724	0.153	0.266	0.258	-0.817	-0.581	-0.118	-0.632	0.154	-1.082	-1.241	0.568	-0.517	-0.259	-0.124	-0.488	-0.302	-0.612	-0.616	0.486	-0.670	0.064	-0.494	-0.832	-0.189	0.084	-0.812	-1.296	-0.597	-0.795	-1.098	-0.505	0.041	-0.382	-1.327
Magneto	AMB_RS07385	AMB_RS07385		PqqD family protein	0.816	1.408	2.089	-0.259	0.505	0.276	-1.008	0.150	-0.434	0.223	1.380	0.947	0.311	-0.061	0.771	0.793	0.164	0.346	0.107	0.157	1.571	-0.166	-0.137	1.122	0.218	0.612	-0.243	1.031	0.806	0.800	1.386	-0.451	1.839	1.402	-0.918	0.527
Magneto	AMB_RS07400	AMB_RS07400		ABC transporter ATP-binding protein	0.042	-0.508	0.317	0.004	0.216	0.305	0.817	-0.748	-0.407	0.627	0.259	0.735	-0.099	0.408	-0.576	-0.112	-1.229	-0.545	1.124	1.382	0.579	-0.237	-0.616	0.587	-0.615	0.408	0.008	-0.685	-0.837	-0.358	1.116	0.937	-0.153	1.679	0.355	0.843
Magneto	AMB_RS07405	AMB_RS07405		PAS domain S-box protein	0.193	0.598	0.561	0.436	0.248	0.639	-0.164	-0.178	0.275	0.658	0.449	0.404	0.550	0.324	0.201	-0.024	0.983	0.389	0.592	0.063	0.102	0.606	0.527	0.310	-0.288	-0.138	0.082	-0.126	-0.054	0.388	0.781	0.820	-0.120	0.588	1.450	0.741
Magneto	AMB_RS07410	AMB_RS07410		diguanylate cyclase	0.110	0.421	0.697	-0.876	-0.142	0.089	0.538	0.156	0.439	0.227	1.967	0.385	-0.176	0.310	0.871	0.728	1.029	1.332	0.832	0.298	0.227	0.029	0.178	0.212	-0.040	-1.083	-0.521	-0.202	-0.496	-0.257	0.130	-0.414	-0.933	-1.121	-1.057	-0.827
Magneto	AMB_RS07415	AMB_RS07415		DUF2946 domain-containing protein	-0.143	-0.555	-0.613	0.050	0.490	-0.554	-0.084	1.287	0.863	-0.962	0.497	-0.385	0.400	0.113	0.785	0.871	0.758	-0.531	0.769	0.443	-0.134	-0.037	0.683	0.384	0.421	1.279	0.359	0.913	0.780	0.637	-1.115	-0.056	0.280	0.469	0.025	1.427
Magneto	AMB_RS07420	AMB_RS07420		hypothetical protein	-2.238	-0.504	-0.073	-0.850	-1.393	-0.453	-0.185	-1.549	-0.854	-2.436	0.218	-0.491	-0.736	-1.074	-0.654	-1.365	-0.851	-0.810	-1.267	-1.476	-1.017	-0.692	-1.055	-1.431	-1.082	-0.222	-1.263	-0.133	-0.972	-0.470	-0.921	-0.309	-1.058	-0.344	-1.865	-1.347
Magneto	AMB_RS07425	AMB_RS07425		hypothetical protein	1.162	2.724	0.488	0.629	0.008	-0.119	0.909	-0.100	-0.351	-0.057	0.217	1.410	-0.017	-0.001	0.394	-1.369	0.695	-1.021	0.056	0.747	1.153	0.414	-0.538	-0.227	-0.075	-0.610	-0.838	-0.175	-0.639	-0.332	-1.337	-1.875	0.422	-0.267	-0.098	-1.369
Magneto	AMB_RS07435	AMB_RS07435		hypothetical protein	0.463	0.841	-0.127	-0.099	-0.513	-0.617	0.058	-1.194	-0.726	-0.582	-0.526	-0.788	-0.405	-0.318	0.008	0.021	-0.949	0.554	-0.835	1.311	-0.421	-1.121	0.527	-0.373	-0.378	0.521	0.712	0.408	1.331	0.747	0.143	-0.577	0.768	0.895	-0.200	0.078
Magneto	AMB_RS07440	AMB_RS07440		dTDP-4-dehydrorhamnose reductase	1.098	-1.034	0.141	0.904	-0.594	-0.032	0.345	0.938	1.039	-0.424	-1.001	-0.775	0.476	0.616	0.127	0.841	0.246	-0.271	0.248	-1.193	-0.331	-0.087	0.943	0.575	0.362	-0.298	0.103	-0.065	0.680	0.167	0.568	-0.124	0.427	0.020	-1.061	-0.138
Magneto	AMB_RS07445	AMB_RS07445		dTDP-4-dehydrorhamnose 3,5-epimerase	0.070	-0.192	-1.689	0.372	-0.179	1.663	0.361	0.704	0.743	-0.953	1.166	0.222	0.675	0.125	-0.064	-0.354	-0.667	-0.513	-1.523	-0.998	-1.694	0.177	-0.031	1.244	0.462	0.773	-0.120	-0.133	-0.090	0.411	-2.256	-1.940	-2.690	-0.428	-3.682	-0.820
Magneto	AMB_RS07450	AMB_RS07450		ABC transporter ATP-binding protein	-0.742	-0.103	-0.828	-0.801	0.035	-1.139	-0.690	0.483	0.433	-0.422	-1.935	-0.853	-0.043	-0.697	-0.299	0.510	0.100	0.477	-0.027	-0.058	-0.889	-0.600	-0.205	-1.225	-1.637	-0.875	-0.875	-1.122	-1.440	-1.153	-0.017	-0.942	-1.095	-0.547	-1.336	0.955
Magneto	AMB_RS07455	AMB_RS07455		ABC transporter ATP-binding protein	-0.881	-0.067	1.489	0.665	-0.313	0.544	0.590	1.052	1.591	1.687	0.484	1.557	-0.293	1.493	-0.160	-0.625	-0.526	1.522	0.162	1.379	0.306	1.544	1.156	1.765	0.091	0.050	0.111	0.059	0.059	0.043	-0.089	-0.019	0.334	0.319	0.491	0.065
Magneto	AMB_RS07460	AMB_RS07460		ABC transporter permease	0.152	0.109	0.102	-0.112	0.667	0.018	-0.344	-0.691	0.634	0.081	-0.150	0.729	0.669	1.054	-0.445	-0.175	0.200	-0.476	-0.252	0.198	-0.188	0.718	0.437	-0.175	0.336	0.821	1.231	0.926	0.915	0.595	0.592	1.038	0.244	0.767	0.523	1.082
Magneto	AMB_RS07465	AMB_RS07465		ABC transporter substrate-binding protein	-0.718	-1.387	-0.789	-1.041	-0.893	-0.915	-1.182	-0.605	-0.698	0.319	-0.459	-0.308	-1.319	-1.139	-0.635	-1.642	-0.300	-1.093	-1.309	-1.758	-1.263	-0.318	0.490	-1.077	-0.362	0.291	-0.152	0.005	-0.469	-0.632	0.158	-0.122	1.021	0.042	-0.047	-0.206
Magneto	AMB_RS07470	AMB_RS07470		amino acid synthesis family protein	-0.799	-0.264	0.792	2.501	0.606	0.719	1.508	0.222	1.373	1.160	1.437	0.025	0.922	1.135	1.343	0.817	1.036	0.514	0.693	0.874	1.767	-0.028	-0.044	-0.206	-0.172	0.786	0.020	0.185	-0.584	0.063	0.747	1.368	-0.680	-0.284	1.631	0.605
Magneto	AMB_RS07475	AMB_RS07475		amino acid synthesis family protein	0.761	-0.153	0.043	0.164	0.128	0.573	-1.347	1.263	0.279	1.056	0.722	1.881	0.222	-1.118	0.627	0.027	-0.263	-0.215	0.595	1.950	0.916	-0.886	0.838	0.142	0.334	0.298	1.289	0.876	0.719	0.675	1.554	-0.425	2.049	2.059	-0.319	1.203
Magneto	AMB_RS07480	AMB_RS07480		UPF0280 family protein	2.298	0.933	0.308	0.074	-0.229	0.169	0.259	0.092	0.251	-1.010	-2.353	0.211	0.356	0.495	-0.500	0.379	0.843	-0.453	0.147	-0.733	-0.006	-0.541	-0.346	0.149	0.687	1.193	0.197	-0.410	0.767	0.617	-1.177	-0.792	-0.257	0.300	-1.070	-1.455
Magneto	AMB_RS07485	AMB_RS07485		hypothetical protein	-1.260	0.183	0.499	-0.738	-1.394	0.492	0.243	0.592	0.743	-1.001	0.677	-1.048	-1.160	-0.264	-0.018	-0.205	-0.265	-0.158	-1.370	-0.799	-0.424	-0.447	0.022	-1.440	1.017	1.682	1.365	1.210	2.175	1.771	-1.150	-1.378	-0.471	-2.415	-1.142	-1.376
Magneto	AMB_RS07490	AMB_RS07490		aldehyde oxidase	2.000	-0.079	0.648	1.258	0.787	-0.537	0.376	0.544	-0.118	0.819	0.085	-0.299	0.794	1.449	1.184	0.100	0.749	0.967	-0.695	-1.216	0.683	-0.141	0.190	0.792	0.271	0.621	0.520	-0.624	-0.023	0.219	-0.143	0.398	0.098	0.985	1.122	0.030
Magneto	AMB_RS07495	AMB_RS07495		xanthine dehydrogenase	-0.197	-1.202	-0.392	0.240	0.217	-0.303	1.133	0.031	0.291	0.190	-0.036	0.310	0.416	0.688	-0.163	-0.026	0.613	0.165	-0.258	0.355	0.288	1.182	-0.048	0.483	0.080	0.020	0.353	0.124	0.255	0.381	0.836	0.056	-0.064	0.309	1.069	0.198
Magneto	AMB_RS07505	AMB_RS07505		adenine deaminase	-1.818	-0.350	0.227	0.867	-0.222	0.657	0.901	-0.254	0.536	-0.636	0.455	0.192	-0.260	-1.444	0.006	-0.391	-0.181	-0.866	-0.355	-0.047	1.327	-0.215	-0.028	1.492	1.128	2.233	1.133	1.093	2.875	1.855	-2.117	-0.794	-1.643	-1.767	-0.823	-2.005
Magneto	AMB_RS07510	AMB_RS07510		CoA transferase	0.249	1.832	0.412	0.239	0.296	1.581	0.285	0.387	0.451	0.543	0.650	-0.747	0.585	0.375	0.231	0.230	-0.269	0.734	0.996	0.141	0.146	0.602	-0.390	0.781	-0.781	-0.312	-0.805	-1.408	-1.039	-1.059	-0.640	0.971	-1.450	0.060	-1.426	-0.627
Magneto	AMB_RS07515	AMB_RS07515		aldehyde ferredoxin oxidoreductase	0.472	1.414	1.042	0.578	0.585	1.170	-0.596	1.727	1.179	0.403	0.392	2.052	1.638	0.881	0.216	-0.208	0.267	0.405	0.971	0.921	-0.220	0.124	0.313	0.161	-0.895	0.229	-0.293	-0.578	0.036	0.495	-1.376	1.396	-0.671	-0.200	-2.008	-0.088
Magneto	AMB_RS07520	AMB_RS07520		hypothetical protein	-0.642	-0.389	1.768	1.626	0.506	1.015	-0.389	0.724	0.839	1.187	-0.053	2.151	1.305	0.671	1.624	0.487	0.189	-0.161	0.947	1.257	2.143	1.427	0.643	2.243	-0.682	-0.391	-1.202	-0.966	-0.841	-1.008	-1.074	-0.925	-0.791	-0.543	-0.563	-1.359
Magneto	AMB_RS07525	AMB_RS07525		sigma-70 family RNA polymerase sigma factor	-0.973	1.359	0.906	0.119	-0.411	0.153	0.911	0.834	0.481	0.970	-1.069	0.012	0.145	0.479	0.765	0.818	0.160	1.027	0.636	-0.863	0.289	-0.173	0.516	-0.296	-0.432	-0.910	-0.503	-0.841	-1.400	-1.486	-0.641	-0.224	1.075	-0.749	1.439	0.170
Magneto	AMB_RS07530	AMB_RS07530		site-specific integrase	0.388	-0.781	-1.279	-0.049	-1.277	-0.554	-0.249	-0.666	-0.882	-1.534	-0.641	-1.120	-0.680	-1.936	-0.245	-1.736	-0.260	-0.370	-1.045	-0.791	-1.142	0.468	-1.487	-1.513	-0.519	1.169	-0.324	0.364	0.759	1.321	0.064	-0.927	0.296	-0.396	0.660	0.097
Magneto	AMB_RS07540	AMB_RS07540		reverse transcriptase	-1.530	-1.272	-0.805	-0.822	-1.342	-1.774	0.080	-1.642	-2.152	-1.289	-0.128	-1.058	-0.829	-1.162	-1.780	-2.628	-0.357	-2.425	-0.759	0.380	-2.963	-1.453	-1.747	-1.345	-0.544	-1.306	-1.293	-0.915	-1.452	-1.101	1.103	0.038	-1.490	-0.414	0.256	0.349
Magneto	AMB_RS07545	AMB_RS07545		four helix bundle protein	-0.172	0.480	-0.710	0.234	-0.685	0.100	-0.218	-0.065	0.514	0.474	-0.579	1.274	0.250	0.823	0.714	-0.001	-0.130	0.323	-0.142	-0.293	-0.202	1.072	0.167	0.394	-0.130	-0.317	-0.430	-0.228	0.121	-0.551	-0.204	-0.246	-0.801	0.531	-0.127	-0.381
Magneto	AMB_RS07550	AMB_RS07550		DUF1566 domain-containing protein	-1.588	-0.289	-0.588	-0.708	0.445	-0.271	-0.974	0.460	1.486	-0.782	-0.200	1.033	-0.901	-0.276	0.250	1.091	-1.184	0.529	0.483	0.854	-1.371	1.318	-0.137	0.045	0.280	0.356	-0.689	0.392	0.014	-0.419	-0.810	0.703	-0.514	-0.439	-0.324	0.973
Magneto	AMB_RS07555	AMB_RS07555		DUF1566 domain-containing protein	-0.023	0.109	-1.676	-0.624	-1.035	0.445	-0.359	-0.515	-0.443	-0.140	-0.336	-1.868	-0.346	-0.624	0.198	-1.556	-0.490	0.172	-0.715	0.375	-0.451	-0.833	-1.503	-0.801	-0.039	-0.670	-0.951	-0.175	-0.387	-0.720	-0.511	0.195	-0.237	0.213	0.316	-0.617
Magneto	AMB_RS07565	AMB_RS07565		single-stranded DNA-binding protein	-0.643	1.326	-2.520	-0.326	-0.230	-0.291	-0.443	-0.977	-0.638	-0.622	-2.335	-0.248	-0.337	0.691	-0.188	-2.077	-0.256	-0.939	-0.706	1.426	-1.057	-0.074	-0.060	0.051	0.132	1.029	0.117	-0.350	-0.525	-0.436	1.251	0.501	0.305	-0.849	1.259	-0.647
Magneto	AMB_RS07570	AMB_RS07570		hypothetical protein	-0.287	0.429	-1.141	-1.088	-1.151	-0.409	-0.279	0.065	0.018	1.388	0.941	2.656	0.647	-0.746	-0.372	-0.942	-0.195	0.788	1.047	1.146	1.317	-0.683	-0.565	-0.939	1.562	0.667	0.462	0.499	0.027	0.085	0.673	-0.228	0.080	-0.524	-0.921	-0.450
Magneto	AMB_RS07585	AMB_RS07585		hypothetical protein	-0.885	-0.143	0.390	0.272	0.494	-0.336	-0.229	-0.131	-0.263	0.453	-1.069	-1.593	-0.289	-0.027	-0.417	-0.850	-0.999	-0.506	-0.354	1.431	-1.164	0.091	-0.071	0.066	0.939	1.212	0.797	0.453	0.320	1.135	0.960	1.143	1.122	1.356	2.106	0.800
Magneto	AMB_RS07600	AMB_RS07600		hypothetical protein	-0.583	1.618	-0.589	-0.739	-2.758	-1.052	-0.589	-0.955	-1.012	-1.009	-1.796	-1.399	-1.453	-0.069	-0.387	-0.412	-0.121	-0.404	-1.620	-1.708	-1.591	-1.554	-0.385	-1.999	0.374	0.902	1.111	1.446	1.041	1.489	0.291	-0.825	0.670	0.583	-0.935	1.130
Magneto	AMB_RS07605	AMB_RS07605		hypothetical protein	-0.196	0.550	-0.658	0.203	0.528	0.503	0.276	0.970	-0.087	1.459	-1.179	-0.670	-0.353	0.601	0.248	-0.173	0.027	-0.667	0.712	-0.484	-0.005	1.065	0.850	-0.085	2.082	1.529	1.871	1.659	2.680	1.549	0.357	0.278	0.960	0.470	2.467	1.290
Magneto	AMB_RS07625	AMB_RS07625		hypothetical protein	-0.024	0.530	-0.499	-0.104	0.133	-1.235	-0.029	0.501	-0.618	-0.486	-0.922	-1.460	-0.851	-0.267	-1.475	0.549	-1.480	-0.084	0.894	-1.032	-1.460	-1.273	-0.581	-0.317	-0.022	-0.718	-0.397	-1.248	-0.141	-0.206	0.018	-0.545	-0.408	0.744	0.151	-0.743
Magneto	AMB_RS07630	AMB_RS07630		hypothetical protein	1.682	-0.434	0.412	-0.147	0.429	0.574	1.455	0.455	0.828	0.509	0.416	0.308	0.859	0.540	0.682	0.144	0.526	-0.000	0.307	-0.001	0.455	-0.095	0.763	0.249	-0.627	-0.289	-0.513	-0.431	-1.005	-0.851	1.449	0.524	-0.581	-0.719	-0.140	0.391
Magneto	AMB_RS07645	AMB_RS07645		hypothetical protein	-0.486	-0.894	-0.659	-2.896	-1.492	-0.965	-1.566	-0.582	-0.371	-1.246	0.225	-0.637	-0.882	-0.809	-0.360	-0.674	-0.280	-1.426	-0.771	-0.378	-0.065	-0.671	-1.408	-1.022	-0.816	-1.243	-1.205	-0.504	-1.002	-0.753	-0.109	-0.397	-0.764	-1.111	-1.407	-0.948
Magneto	AMB_RS07660	AMB_RS07660		hypothetical protein	1.122	1.235	-1.129	-0.125	-0.648	0.672	0.790	0.491	-1.004	-0.570	0.905	-0.434	-0.098	-0.324	-0.798	0.593	0.463	0.068	-1.045	0.046	0.616	0.309	-0.095	-0.342	-1.664	-1.604	-1.633	-1.498	-1.504	-1.491	-0.713	-1.156	-1.033	-0.839	-0.969	-1.205
Magneto	AMB_RS07665	AMB_RS07665		bacteriophage tail assembly protein	1.716	-1.213	-0.756	-0.287	0.676	0.142	0.035	0.696	0.227	-0.614	0.184	0.180	0.473	-0.346	0.714	0.351	1.185	0.172	-0.104	-0.781	-0.239	0.485	0.252	-0.696	-1.458	0.484	-0.073	-0.237	0.020	-0.258	-0.736	-0.328	-0.343	0.353	-0.957	0.826
Magneto	AMB_RS07680	AMB_RS07680		hypothetical protein	-1.379	1.039	0.041	0.146	0.285	0.620	0.843	0.415	0.756	1.152	-0.535	0.587	0.778	0.125	1.260	-0.119	1.274	1.241	0.464	1.419	0.742	0.183	0.303	0.624	0.408	0.011	0.135	0.618	0.414	0.524	1.418	0.465	0.401	1.359	-0.417	0.978
Magneto	AMB_RS07685	AMB_RS07685		hypothetical protein	-0.560	-0.671	-0.088	-0.987	-1.381	-0.939	-0.169	-1.070	-1.026	-0.394	0.438	-0.298	0.626	-0.487	-0.823	-0.980	-1.531	-1.246	-0.315	-1.168	-0.310	-1.089	0.205	-0.933	-0.336	-0.631	0.548	-0.296	0.004	-0.526	0.719	0.654	0.150	-0.878	0.547	-0.695
Magneto	AMB_RS07690	AMB_RS07690		lysozyme	-0.313	0.932	0.534	0.886	0.643	-0.124	0.348	0.122	0.041	0.381	-0.788	0.728	0.764	0.819	1.050	0.505	0.289	-0.241	0.091	0.117	-0.509	-0.469	-0.220	0.783	-0.489	0.208	0.729	0.805	-0.087	-0.681	0.850	-0.705	-0.146	-0.121	-0.855	0.622
Magneto	AMB_RS07695	AMB_RS07695		hypothetical protein	2.359	2.588	-0.163	-0.327	-0.039	0.097	2.212	1.118	-0.568	0.200	1.657	0.136	-0.300	0.568	1.385	-0.163	0.962	-0.456	-0.651	0.632	0.816	-0.434	0.848	0.063	0.477	0.736	0.963	1.318	2.226	0.571	1.051	1.628	2.726	-0.720	0.663	0.661
Magneto	AMB_RS07700	AMB_RS07700		hypothetical protein	0.085	0.086	0.093	-0.304	0.926	0.386	-0.838	0.251	0.438	1.166	-1.036	-0.999	-0.659	0.602	-1.478	-0.399	0.137	0.076	-1.153	0.454	-1.625	-0.990	-1.083	-0.013	-1.305	-1.241	-1.281	-1.188	-1.164	-1.164	-0.467	-0.832	-0.751	-0.571	-0.668	-0.884
Magneto	AMB_RS07715	AMB_RS07715		deoxycytidine triphosphate deaminase	-0.123	0.690	0.606	0.739	0.324	0.400	1.559	-1.109	0.710	-0.336	1.417	0.786	-0.791	0.553	1.059	0.458	0.267	0.348	0.086	-0.198	0.720	-1.219	-0.359	0.276	-0.613	1.661	0.770	1.366	0.018	0.991	-0.433	1.637	0.466	0.862	0.814	0.135
Magneto	AMB_RS07720	AMB_RS07720		hypothetical protein	0.805	1.320	-0.225	0.272	0.738	0.651	-0.080	0.180	-0.170	1.164	1.803	0.832	0.678	0.305	0.481	-1.199	-0.649	0.163	1.162	1.514	1.545	0.818	0.167	0.629	-0.712	0.580	-0.375	-0.359	-0.439	-0.673	1.618	1.402	0.987	1.592	1.411	1.093
Magneto	AMB_RS07725	AMB_RS07725		universal stress protein UspA	-1.458	-0.719	1.654	0.512	-0.391	-0.143	0.550	0.132	1.457	0.504	0.013	0.694	1.104	0.377	0.490	0.009	0.755	1.116	0.172	0.813	0.385	-0.515	1.050	0.097	1.302	1.690	0.658	2.172	2.288	1.995	1.986	1.324	1.179	1.891	2.221	1.553
Magneto	AMB_RS07730	AMB_RS07730		NUDIX hydrolase	-0.846	0.091	-0.265	0.039	-0.367	0.405	-0.692	-0.539	0.440	0.092	-0.941	-0.099	-0.623	-0.050	0.046	-0.636	0.465	-0.341	-0.141	0.179	-0.875	0.232	0.762	-0.227	-0.862	-1.524	0.167	-1.080	-1.205	-0.172	-0.908	0.522	-1.078	-0.163	-0.227	0.223
Magneto	AMB_RS07735	AMB_RS07735		histidine phosphatase family protein	-0.461	1.319	0.312	-0.531	0.943	-0.048	0.291	-0.492	0.026	0.576	0.901	-0.174	0.516	0.211	0.018	0.222	0.014	0.128	-0.516	0.753	0.478	-0.523	-0.034	-0.043	-0.953	-0.324	-1.282	-0.608	-0.717	-0.892	0.028	-0.970	-0.394	-0.006	-0.476	-0.579
Magneto	AMB_RS07745	AMB_RS07745		disulfide bond formation protein B	-0.238	-0.998	1.156	-2.501	-2.631	-1.927	-2.186	-2.701	-2.103	-1.342	0.419	-1.175	-2.925	-4.084	-3.267	-2.921	-3.731	-3.411	-1.683	-0.601	-2.497	-2.221	-2.465	-4.306	-3.104	-2.478	-2.438	-2.361	-3.137	-2.362	-0.592	-2.313	-1.682	-1.146	-1.604	-2.399
Magneto	AMB_RS07750	AMB_RS07750		periplasmic protein kinase ArgK	0.063	-0.120	1.110	-1.059	-0.607	-1.065	-0.165	0.611	-0.494	0.320	0.825	-0.836	-0.326	0.229	0.011	0.416	0.014	-0.365	0.340	-0.821	0.400	0.889	0.079	-0.534	2.202	0.952	2.457	1.102	1.089	1.045	1.208	1.992	3.022	1.460	1.213	1.986
Magneto	AMB_RS07755	AMB_RS07755		PAS domain S-box protein	0.179	0.575	-0.442	-0.393	1.041	-0.395	-1.055	-0.716	-0.463	0.472	2.003	1.706	0.562	0.127	1.567	1.115	0.263	-0.225	0.955	1.029	1.335	0.083	1.297	0.611	-0.462	-0.139	0.675	0.057	-0.199	-0.349	0.795	-0.895	-0.568	0.913	-0.285	1.875
Magneto	AMB_RS07760	AMB_RS07760		DUF1476 domain-containing protein	-0.548	-1.340	-0.450	-0.396	-0.274	-0.317	-0.279	0.617	0.495	-0.639	-0.180	-0.020	0.025	-1.505	0.155	-0.429	-0.193	-0.745	-2.196	-2.305	-0.396	-0.243	-0.367	-0.337	-0.662	-0.655	0.287	-0.211	0.373	-0.649	0.273	-0.292	-1.283	-0.392	0.111	-0.462
Magneto	AMB_RS07765	AMB_RS07765		hypothetical protein	-0.361	1.496	-0.287	-0.920	-0.428	-2.152	-0.758	-1.673	-0.116	-0.012	-0.572	-0.439	-1.132	-0.742	-1.223	0.163	-1.592	-1.112	-0.905	0.134	-1.297	-1.756	-1.392	-1.283	-1.161	0.261	-0.817	-1.099	-0.256	-0.490	-0.238	0.089	-0.549	-0.168	-0.352	-1.237
Magneto	AMB_RS07770	AMB_RS07770		methyl-accepting chemotaxis protein	3.289	0.951	0.162	1.256	-1.153	-1.164	0.801	-0.900	-0.215	-0.349	1.279	0.401	-0.623	0.086	0.402	0.767	-0.300	0.601	0.569	-1.128	-0.258	-0.172	-0.534	0.168	-0.401	0.346	-0.443	-0.712	-0.413	-0.059	-0.995	-0.136	0.198	-0.172	0.231	-0.376
Magneto	AMB_RS07775	AMB_RS07775		phosphoribosylaminoimidazolesuccinocarboxamide synthase	0.926	-0.717	-0.079	-0.187	-1.655	-1.665	-1.911	-1.120	-0.987	-1.577	-2.314	0.362	-1.362	-1.789	-2.070	-2.358	-1.948	-0.924	-1.790	-0.426	-0.079	-1.163	-2.240	-0.861	-0.361	0.333	0.866	-0.110	0.879	1.478	0.611	-0.140	-0.391	-0.533	0.040	-1.248
Magneto	AMB_RS07785	AMB_RS07785		hypothetical protein	1.126	-1.103	0.902	-1.141	0.284	1.091	-0.958	-1.484	0.642	-0.983	1.190	0.109	-0.234	-0.242	-0.411	-0.339	0.202	-0.043	-0.161	-0.337	0.531	-0.418	0.789	-0.767	-0.640	-1.471	-2.317	-0.699	-1.737	-1.384	0.854	-2.374	-1.867	-1.507	-1.397	0.100
Magneto	AMB_RS07790	AMB_RS07790		hypothetical protein	-1.100	-1.977	0.566	0.721	0.933	0.814	1.691	-0.099	1.477	0.001	0.774	1.918	1.834	1.106	0.388	1.288	0.859	0.576	-1.024	0.208	0.001	0.429	0.237	1.006	0.159	-0.391	-0.007	0.151	0.068	0.360	0.574	0.444	-0.632	-0.387	-0.263	0.028
Magneto	AMB_RS07795	AMB_RS07795		DNA polymerase III subunit epsilon	-0.764	-0.115	-0.257	-0.192	-1.066	-0.449	-0.007	-1.269	-0.799	-0.228	0.427	-0.530	-0.366	-0.598	-1.782	-0.019	-0.811	-0.187	-0.182	0.789	-0.800	-1.014	-1.557	-1.645	-1.135	-0.441	-0.483	-0.382	-0.637	0.213	0.622	-2.585	1.627	-1.367	-2.254	0.829
Magneto	AMB_RS07800	AMB_RS07800		CBS domain-containing protein	-0.218	-2.016	5.468	0.226	0.784	0.519	0.727	0.715	0.238	-1.098	-0.211	-2.703	0.607	0.762	-0.401	0.945	1.476	0.751	0.029	-0.016	-0.482	1.473	1.869	0.697	1.186	3.347	1.868	2.313	4.068	2.958	0.458	0.729	-0.225	-0.330	-0.328	-1.182
Magneto	AMB_RS07805	AMB_RS07805		hypothetical protein	3.320	-0.348	0.802	-0.491	0.018	-0.349	0.112	-0.655	1.242	0.546	-1.345	-1.466	0.073	-1.511	0.460	-0.085	0.651	0.422	0.497	-0.517	-0.367	-0.079	0.202	0.479	0.326	0.463	0.461	0.325	0.594	0.434	-0.025	-0.316	-0.234	-1.474	-0.142	-1.704
Magneto	AMB_RS07815	AMB_RS07815		cation acetate symporter	0.711	-0.465	2.461	-0.147	0.244	1.501	1.770	1.668	1.264	-2.738	-0.849	-1.784	0.374	0.382	1.497	1.307	1.569	2.059	-0.603	-1.622	-0.069	1.553	1.018	0.619	3.004	4.623	3.090	2.447	4.279	3.425	0.760	4.037	3.212	1.488	1.067	0.492
Magneto	AMB_RS07825	AMB_RS07825		hemerythrin	-0.556	1.805	-0.209	-0.447	0.187	-1.088	-0.610	-1.138	-2.477	-1.105	1.973	-0.837	0.249	-1.252	-1.255	-0.507	-0.373	-0.031	-0.703	1.898	-1.784	-1.981	0.311	-0.877	0.994	-0.047	0.410	0.206	-0.125	0.181	-0.262	0.421	-1.947	-0.366	0.904	0.658
Magneto	AMB_RS07830	AMB_RS07830		NADP-dependent oxidoreductase	1.250	-0.416	2.008	1.286	-0.625	0.280	2.546	1.098	0.848	0.787	-0.763	0.701	1.190	1.166	0.240	0.689	2.070	0.874	1.937	0.305	-0.149	0.550	1.406	0.717	0.862	-0.165	0.442	0.333	0.060	0.214	0.506	-0.128	0.964	-0.860	0.707	-1.427
Magneto	AMB_RS07835	AMB_RS07835		acyl-CoA synthetase AMP-fatty acid ligase	0.992	1.208	0.367	0.795	0.436	-0.356	1.384	0.562	0.405	0.894	-0.428	0.528	0.341	1.379	0.945	0.207	1.522	0.797	1.012	0.508	0.912	-0.269	0.523	0.210	-0.184	1.302	0.967	0.658	1.199	0.958	-0.673	0.802	0.348	0.894	0.664	-0.200
Magneto	AMB_RS07840	AMB_RS07840		ABC transporter substrate-binding protein	-5.048	0.372	2.557	-6.061	-3.928	-3.933	-5.608	-4.461	-4.375	0.510	1.905	2.158	-1.147	-2.136	-1.670	-2.346	-1.675	-1.032	-0.071	0.215	0.883	-1.211	-2.022	-0.523	-9.411	-8.657	-8.906	-10.741	-10.067	-9.308	-0.624	-2.712	-0.270	-1.634	-3.660	-2.021
Magneto	AMB_RS07845	AMB_RS07845		FadR family transcriptional regulator	0.658	-0.325	0.523	-0.181	-1.972	-1.032	-0.507	-0.400	-0.266	-2.820	-0.876	-1.747	-2.258	-0.441	-1.665	-0.868	0.079	-1.479	-1.316	-2.470	-2.450	-0.447	-1.050	-0.777	1.382	1.357	1.016	1.578	1.733	1.770	-1.549	-1.201	-1.455	-1.069	0.557	-1.004
Magneto	AMB_RS07850	AMB_RS07850		pyruvate kinase	0.430	-2.851	-9.621	0.947	0.986	0.856	0.221	0.520	-0.501	1.614	1.307	1.828	0.195	-0.127	-1.283	0.481	-0.364	0.552	0.904	1.237	0.619	0.066	-0.592	-0.117	-0.166	0.123	-0.207	-0.810	-0.556	-0.172	-1.386	-0.352	-0.188	0.513	-0.350	-1.317
Magneto	AMB_RS07855	AMB_RS07855		chemotaxis protein	-0.411	1.003	-0.388	-0.145	-0.133	0.259	0.951	0.082	-0.374	0.114	0.432	-1.301	-0.433	0.214	-0.553	-1.129	-0.676	0.462	0.244	-1.378	-1.481	0.016	-0.931	-0.157	-0.983	-0.843	-1.042	-2.675	-1.635	-1.906	0.752	-2.980	-0.638	-0.371	-0.253	-1.568
Magneto	AMB_RS07860	AMB_RS07860		Crp/Fnr family transcriptional regulator	-0.128	0.220	0.084	0.179	0.232	0.400	0.184	0.772	0.075	0.645	-1.138	1.383	0.027	-1.038	0.562	-0.664	-0.072	0.635	0.384	-0.811	1.503	-0.558	1.371	0.216	0.155	-1.369	-1.331	-0.505	0.064	-0.394	0.181	0.437	-0.983	-0.661	0.518	-0.504
Magneto	AMB_RS07865	AMB_RS07865		ATP-dependent chaperone ClpB	-2.375	-7.767	-2.756	-4.474	-3.828	-4.927	-2.425	-3.156	-4.197	-2.588	-1.458	-2.665	-4.495	-4.902	-5.013	-4.730	-4.682	-5.914	-3.499	-2.482	-3.113	-5.363	-6.006	-5.078	-3.778	-5.839	-4.898	-4.546	-5.864	-5.130	-0.700	-5.331	-4.355	-1.899	-1.631	-3.375
Magneto	AMB_RS07870	AMB_RS07870		nitrogenase stabilizing/protective protein nifW	-0.338	0.975	0.444	-0.666	-2.301	-0.915	-0.758	-1.941	-1.337	-1.205	1.024	-0.843	-0.611	-1.008	-0.701	-0.030	-2.923	-1.976	-2.137	0.257	-1.179	-1.473	-1.368	-0.764	0.586	0.229	0.605	0.959	0.008	-0.385	-1.620	-0.461	2.302	2.969	0.004	0.096
Magneto	AMB_RS07875	AMB_RS07875		homocitrate synthase	0.499	-0.053	-2.017	-1.260	-1.496	-1.277	-1.120	-1.616	-1.054	-0.719	1.356	-0.178	-1.833	-2.183	-2.037	-2.180	-1.427	-1.399	-1.513	-0.608	-1.024	-2.113	-0.783	-2.463	-0.718	-1.250	0.032	-0.624	-0.721	-1.332	0.686	0.151	-0.507	-0.636	-0.990	0.442
Magneto	AMB_RS07880	AMB_RS07880		iron-sulfur cluster assembly accessory protein	1.046	0.309	-0.231	-0.298	1.923	-0.027	1.707	-0.111	-0.272	1.930	0.638	0.639	0.851	0.656	1.389	0.477	1.429	0.984	1.350	-0.992	0.274	0.835	0.407	-0.631	-0.474	-0.016	-0.410	-0.412	0.500	0.341	-1.474	-1.312	-0.275	0.106	-0.060	-0.573
Magneto	AMB_RS07890	AMB_RS07890		ferredoxin III, nif-specific	1.552	-1.496	-1.249	-0.882	-2.151	0.203	0.206	-0.487	0.002	-1.026	-1.867	-0.301	-0.489	1.172	0.139	-0.717	0.517	-0.138	0.488	0.749	-0.361	-0.848	-0.142	-0.513	-0.115	-0.193	-0.352	-0.030	0.115	-0.363	0.779	-0.261	0.939	1.046	0.176	-0.824
Magneto	AMB_RS07895	AMB_RS07895		DUF269 domain-containing protein	-1.916	0.679	1.343	1.369	0.202	1.037	0.529	-0.450	0.769	1.203	-1.226	0.659	0.862	0.281	0.942	0.515	0.469	1.949	-0.098	-0.217	0.665	0.395	0.457	0.392	0.305	-0.991	0.439	-0.340	0.721	-0.563	-0.480	0.557	-0.899	-0.412	0.622	-0.600
Magneto	AMB_RS07900	AMB_RS07900		nitrogen fixation protein NifX	-0.236	0.775	0.092	-0.937	-0.209	-0.310	-0.252	-0.696	0.678	-0.273	-0.935	0.024	-0.215	-0.573	0.761	-1.368	-1.137	-0.234	-0.554	-0.636	0.569	-0.975	-0.055	-0.858	1.243	0.837	-0.261	0.107	-0.137	0.293	0.844	-0.190	-0.193	-0.629	0.318	-0.159
Magneto	AMB_RS07905	AMB_RS07905		nitrogenase iron-molybdenum cofactor biosynthesis protein NifN	-0.756	-0.884	0.224	1.169	0.826	0.721	0.422	0.440	0.712	0.569	0.935	-0.707	0.831	1.381	0.397	-0.919	-0.597	-0.253	1.609	2.064	-0.945	0.172	0.826	1.345	-0.457	0.101	-0.459	-0.061	-0.557	0.536	-1.568	-0.492	0.378	-0.017	2.047	1.457
Magneto	AMB_RS07910	AMB_RS07910		nitrogenase iron-molybdenum cofactor biosynthesis protein NifE	0.859	-0.100	-0.229	0.032	0.282	0.476	-0.341	-1.529	-0.092	0.980	1.011	1.337	0.756	0.045	0.473	-0.053	-0.214	-0.822	1.106	0.022	-0.042	0.336	-0.337	0.803	0.601	1.544	1.433	0.082	0.272	0.216	2.320	1.010	1.745	2.704	1.361	1.398
Magneto	AMB_RS07915	AMB_RS07915		hypothetical protein	0.372	0.392	-0.013	-0.332	-1.158	-2.238	0.068	-0.941	0.101	0.088	-0.872	-1.007	-0.520	-0.385	-0.186	0.059	-1.119	-0.348	-0.276	-0.593	0.393	-0.994	-0.671	-1.476	-1.623	-0.876	-1.190	-1.335	-1.388	-0.591	-1.417	-1.382	-1.830	-0.110	-0.968	-0.360
Magneto	AMB_RS07920	AMB_RS07920		N-acetyltransferase	-1.169	-1.737	0.792	1.115	1.026	1.374	1.680	-0.154	0.686	0.657	0.725	1.158	0.431	0.480	2.161	0.215	-0.114	0.351	0.835	-0.933	1.743	1.656	-0.588	1.650	1.310	1.662	1.355	0.953	0.635	0.457	0.684	1.993	3.770	0.449	-0.244	2.338
Magneto	AMB_RS07925	AMB_RS07925		nitrogenase molybdenum-iron protein subunit beta	-0.117	0.902	-0.042	0.040	0.300	0.303	-0.257	0.124	0.432	-0.341	0.848	-0.404	0.472	-0.068	0.319	-0.138	0.403	0.701	-0.190	-1.124	-0.721	0.269	0.533	0.164	-0.074	0.002	0.099	-0.459	-1.464	-1.321	-1.364	0.110	-0.581	-0.143	0.594	-0.962
Magneto	AMB_RS07930	AMB_RS07930		nitrogenase molybdenum-iron protein alpha chain	0.719	0.096	-0.888	-0.606	-0.535	-0.740	0.081	-0.137	-0.165	-1.337	0.334	-0.786	-0.784	-0.155	-0.256	-0.242	-0.047	-0.982	-1.050	0.035	-0.747	0.287	-0.276	-1.013	0.590	1.440	0.682	0.806	1.113	1.141	1.449	0.196	0.562	0.843	-1.025	2.135
Magneto	AMB_RS07935	AMB_RS07935		nitrogenase iron protein	-1.100	0.387	0.376	-0.100	0.421	0.289	0.452	0.642	-0.066	0.916	0.569	0.686	-0.440	0.651	0.291	0.084	1.089	0.186	1.315	-0.245	0.608	0.703	0.595	0.985	0.391	1.259	0.173	1.768	2.020	1.450	1.913	-0.040	1.488	1.428	-0.341	1.356
Magneto	AMB_RS07940	AMB_RS07940		NAD(+)--dinitrogen-reductase ADP-D-ribosyltransferase	0.142	-1.441	-1.124	-0.202	-0.715	-0.002	-0.582	-0.114	-0.191	-0.944	0.454	0.038	-0.741	-0.378	-0.007	-0.090	-0.078	0.273	-0.320	-0.332	-0.266	-0.230	0.305	-0.028	-0.399	-0.063	-0.102	-0.115	-0.348	-0.364	-1.392	-1.066	-1.115	-1.591	-0.959	-1.392
Magneto	AMB_RS07945	AMB_RS07945		ADP-ribosyl-[dinitrogen reductase] hydrolase	-0.181	-1.331	0.267	0.067	0.296	-1.257	-0.843	-0.003	-0.339	-0.055	-0.514	0.159	0.416	-0.222	0.325	-0.779	-0.501	-0.220	0.611	0.742	0.270	-0.145	0.729	0.127	-0.239	0.112	0.788	-0.650	0.221	0.693	2.365	-0.689	-0.360	-0.930	-0.631	-0.445
Magneto	AMB_RS07950	AMB_RS07950		arsenate reductase	1.424	1.186	-0.547	0.417	0.559	1.503	1.673	0.809	-0.154	0.733	-0.393	0.881	0.113	1.143	0.948	0.496	-0.743	-0.421	0.115	-0.005	0.673	0.130	0.325	0.190	0.753	0.817	0.095	0.932	0.097	0.429	0.439	0.940	0.688	-0.445	0.151	0.219
Magneto	AMB_RS07965	AMB_RS07965		SIR2 family protein	-0.881	-1.809	0.957	1.389	0.020	0.165	1.622	0.410	-0.149	0.016	-0.434	0.126	-0.342	0.113	1.502	0.346	0.130	-0.065	0.601	0.315	0.126	0.627	0.710	-0.410	-1.285	-2.055	-1.381	-2.265	-1.953	-2.466	-0.924	-1.436	-2.228	0.856	-1.955	-0.883
Magneto	AMB_RS07970	AMB_RS07970		putative nitrogen fixation protein NifT	0.216	2.183	0.924	0.973	0.980	1.278	0.054	-0.148	0.897	-0.147	-0.671	0.568	0.509	-0.415	0.240	1.402	-0.110	0.937	1.304	0.722	0.075	0.927	-0.091	1.216	0.462	1.150	-0.367	0.875	0.308	0.752	0.178	0.155	1.100	1.773	0.789	-0.118
Magneto	AMB_RS07975	AMB_RS07975		nitrogen fixation protein NifZ	-0.824	-1.396	0.439	-0.886	-0.475	0.134	-1.435	-1.079	-1.524	-1.118	-0.362	0.153	0.437	-0.514	-0.528	-0.915	-1.112	-0.069	0.179	-0.252	-0.548	-0.582	-1.130	1.278	-0.973	-0.686	-0.341	-0.275	-0.623	-1.535	-0.209	-0.552	-0.009	-0.988	0.644	-0.118
Magneto	AMB_RS07980	AMB_RS07980		4Fe-4S ferredoxin	0.071	0.520	0.919	0.759	-0.278	-0.063	1.480	0.345	-2.254	0.695	-0.449	-1.114	-0.008	-1.042	-0.315	-0.720	-0.352	-0.719	-0.001	-0.752	0.402	-0.277	-1.262	-0.412	0.063	-1.261	-0.364	-0.266	-0.756	-0.001	-0.227	0.818	-0.500	0.079	-0.047	0.545
Magneto	AMB_RS07985	AMB_RS07985		nitrogenase cofactor biosynthesis protein NifB	-0.977	-1.027	-0.374	0.045	0.002	-0.145	-0.073	-0.123	-1.083	-0.067	0.650	-1.584	-0.276	-0.516	-1.160	-0.090	0.446	-0.513	-0.548	-0.353	-0.349	-0.942	-1.114	-0.915	0.691	1.510	0.629	1.166	1.520	1.153	1.172	0.649	0.755	0.320	1.893	0.592
Magneto	AMB_RS08005	AMB_RS08005		hypothetical protein	1.733	0.500	0.096	-2.180	0.750	0.009	0.230	0.016	0.658	1.974	0.726	0.383	1.335	-0.334	0.059	-0.635	0.222	-0.860	1.122	-0.075	-0.672	-0.293	0.179	0.106	0.153	0.237	1.116	-0.175	0.522	0.598	-0.868	0.615	0.602	0.772	1.883	-0.380
Magneto	AMB_RS08010	AMB_RS08010		N(2)-fixation sustaining protein CowN	-0.803	-0.341	-1.021	-0.601	-0.057	-1.653	-0.428	-0.014	-0.507	-0.601	1.473	-1.159	0.405	0.160	-1.337	0.413	0.471	-0.282	-0.383	0.553	0.026	-0.507	-0.978	-0.326	-0.623	-0.076	-0.370	-0.316	-0.148	-0.728	-0.507	-0.023	-1.429	-0.386	-1.124	-0.476
Magneto	AMB_RS08020	AMB_RS08020		hypothetical protein	-2.329	0.408	1.791	1.229	1.450	0.429	0.610	1.748	0.876	1.446	1.099	0.932	1.495	1.863	1.519	0.523	0.735	0.897	1.577	0.071	0.390	0.981	0.785	1.391	-0.654	-0.564	-1.350	-0.561	-0.062	-0.215	-1.034	0.108	0.913	-1.336	0.213	-0.021
Magneto	AMB_RS08035	AMB_RS08035		CBS domain-containing protein	0.182	-0.484	0.446	-0.782	-0.254	-0.375	-0.594	0.355	0.016	-0.451	0.535	-0.366	0.857	0.678	0.406	0.840	-0.998	0.190	-0.383	-0.108	-0.255	0.162	-1.313	-0.188	0.238	0.457	0.268	0.124	0.041	0.024	-0.161	0.414	0.080	0.359	-0.012	-0.068
Magneto	AMB_RS08040	AMB_RS08040		cold-shock protein	-0.956	-0.441	0.051	-0.750	-1.434	0.631	-0.277	-1.042	0.724	0.702	0.498	1.868	-0.997	-0.468	-0.252	1.071	-0.528	0.053	0.365	2.121	-0.150	-0.412	0.207	-0.696	-1.295	-0.230	-0.779	-0.080	0.203	-0.059	0.850	0.884	0.367	0.613	-0.489	-0.145
Magneto	AMB_RS08045	AMB_RS08045		hypothetical protein	0.260	-0.689	-0.192	-1.830	-0.857	-3.150	-1.379	-2.208	-0.937	-1.494	-0.652	-0.308	-1.037	-1.775	-0.691	-2.242	-1.888	-1.894	-2.098	-2.305	-0.345	-0.671	-1.815	-1.544	-1.247	-0.925	-1.159	-0.181	-1.133	-1.476	-0.294	1.406	0.763	1.073	1.591	0.498
Magneto	AMB_RS08060	AMB_RS08060		RNA polymerase sigma factor	-0.412	-0.403	0.651	0.149	-0.186	-0.043	0.805	0.144	0.359	0.760	0.344	0.590	-0.066	1.305	0.058	-0.006	-0.171	0.189	-0.732	-0.077	-0.274	1.106	0.230	-0.178	-0.806	-0.166	0.156	-0.101	-0.044	-0.887	0.786	-0.740	-0.914	-0.220	0.239	-0.070
Magneto	AMB_RS08065	AMB_RS08065		serine protease	-0.872	-0.071	-1.214	0.509	-1.055	-0.199	0.611	-0.631	1.387	-0.523	-1.526	-0.729	-0.575	-1.164	-1.620	-1.911	-0.445	1.108	-0.079	0.920	-1.215	0.375	-0.684	-0.634	-2.156	-1.148	-1.339	-1.447	-0.745	-0.757	-0.807	-1.300	-0.954	-0.850	-1.107	-1.239
Magneto	AMB_RS08080	AMB_RS08080		hypothetical protein	-0.169	-0.776	-0.738	-0.990	-0.319	0.081	1.118	0.481	-0.275	-0.145	0.134	1.730	0.701	0.650	0.530	0.066	0.853	0.366	0.170	-0.068	0.668	0.591	1.583	0.563	1.055	-0.060	0.227	0.244	0.565	0.284	0.641	-0.191	-2.050	-0.719	1.071	0.230
Magneto	AMB_RS08095	AMB_RS08095		DNA/RNA nuclease SfsA	0.826	-1.147	-1.259	0.561	-1.197	-1.120	-1.226	0.230	-0.393	-0.372	-1.253	1.370	-0.779	-1.163	0.103	-1.280	0.423	0.195	-0.607	-0.144	0.945	-1.233	0.440	0.651	-1.123	-1.658	-1.465	-1.797	-1.579	-0.454	-0.935	-1.740	-1.192	-3.233	-1.246	-0.802
Magneto	AMB_RS08105	AMB_RS08105		amidophosphoribosyltransferase	0.960	0.055	-0.687	-0.408	0.680	-0.271	0.292	0.274	0.523	0.079	-0.836	0.048	0.363	0.610	0.142	0.940	0.885	0.419	1.210	0.287	0.440	0.177	1.117	0.487	0.808	-0.089	-0.588	0.246	0.308	0.062	1.243	0.264	-0.059	0.598	0.491	0.272
Magneto	AMB_RS08115	AMB_RS08115		carbon-nitrogen hydrolase family protein	-1.376	-1.033	-1.300	-2.506	-3.285	-2.003	-1.560	-3.481	-2.863	0.125	-1.736	0.006	-2.795	-3.049	-3.791	-2.359	-1.826	-1.925	-1.151	-0.935	-2.023	-3.290	-2.059	-3.213	2.223	1.535	0.556	1.943	1.381	0.975	-0.128	-0.815	-0.471	0.632	-1.339	1.915
Magneto	AMB_RS08120	AMB_RS08120		class I SAM-dependent methyltransferase	-0.172	-1.007	1.545	-0.224	0.162	0.096	-0.546	0.237	0.587	0.318	0.617	-0.236	-0.705	-0.304	0.599	0.898	0.200	0.723	0.059	0.940	-0.576	-1.369	0.238	0.078	0.409	0.948	1.219	0.892	1.114	0.785	-1.903	0.455	-1.088	0.064	0.788	-0.328
Magneto	AMB_RS08125	AMB_RS08125		DUF1178 domain-containing protein	0.379	-1.401	-0.936	-1.005	-0.754	-0.866	-0.230	1.128	0.886	-0.937	0.279	-1.571	-0.121	-0.320	0.281	-0.771	-0.470	-1.629	-0.375	-1.346	-1.998	-1.099	0.030	-0.644	-0.652	-0.544	-0.843	-0.517	0.012	-0.395	-0.413	0.949	-0.792	-0.079	-0.672	-0.869
Magneto	AMB_RS08130	AMB_RS08130		DUF1275 domain-containing protein	-0.780	-0.150	-0.813	0.061	0.035	0.286	-0.304	-0.722	-0.727	-0.529	-2.342	-0.797	-0.527	0.205	-0.088	-1.011	-0.775	-0.213	-1.060	-0.013	0.645	-0.530	-0.606	-1.546	-0.003	0.415	0.661	-0.271	0.110	0.457	-0.532	0.475	0.196	0.465	0.587	-0.652
Magneto	AMB_RS08150	AMB_RS08150		phosphoenolpyruvate--protein phosphotransferase	0.714	9.271	0.905	2.057	0.496	1.580	0.251	1.768	2.264	-0.260	-0.458	-0.294	1.749	2.509	3.192	2.983	3.275	4.645	0.846	2.316	1.739	6.282	7.279	6.468	-0.239	-0.184	-0.232	-0.226	-0.176	-0.200	0.128	0.002	0.005	0.089	0.109	-0.005
Magneto	AMB_RS08155	AMB_RS08155		DUF4115 domain-containing protein	-0.115	-0.132	-1.605	-0.000	-0.221	-0.362	-0.001	-0.711	0.549	-0.793	-0.489	-0.640	-0.658	1.033	-1.209	-0.294	0.466	-0.577	-1.205	-0.038	-0.722	0.467	0.291	0.805	-0.700	-0.649	-0.077	-0.481	-0.372	-1.109	0.437	-0.761	-0.591	-0.063	-0.079	-0.822
Magneto	AMB_RS08190	AMB_RS08190		hypothetical protein	0.530	0.262	-0.067	-0.187	0.403	0.393	-0.797	-0.511	-0.769	-0.227	-1.310	-0.352	0.338	-0.558	0.098	0.212	-0.428	-0.124	-0.387	0.186	-0.800	-1.538	-0.964	0.012	0.005	-0.222	-0.273	0.094	0.349	0.058	-0.774	-0.539	-0.775	-1.198	1.637	-0.229
Magneto	AMB_RS08195	AMB_RS08195		glycosyltransferase	0.278	1.175	-0.221	0.327	-0.595	-0.012	0.084	-0.538	-0.644	1.574	0.388	1.231	0.028	-0.256	0.316	-0.441	-1.170	-0.924	-0.912	0.767	1.652	-0.403	-1.255	-0.909	-1.293	-0.145	-1.113	-0.354	0.471	-1.193	-2.045	-4.962	-4.320	-1.233	-1.870	-1.912
Magneto	AMB_RS08205	AMB_RS08205		hypothetical protein	0.034	-0.940	-1.224	-2.361	-1.792	-0.258	-1.138	-0.631	-0.375	-0.498	0.621	-2.609	-1.278	-1.177	-0.392	-0.474	-0.131	-0.611	-1.392	-0.317	-0.434	-0.030	-0.202	0.082	-0.489	-0.365	-1.159	-0.139	-0.739	-0.227	0.039	0.330	-0.559	-0.859	-2.302	-0.446
Magneto	AMB_RS08220	AMB_RS08220		hypothetical protein	-1.129	-1.342	-0.842	0.305	0.411	0.252	0.348	-1.066	-0.518	0.794	-0.558	-2.216	-0.070	-0.827	-0.325	0.734	1.193	1.757	0.601	0.506	-1.576	1.970	1.666	-0.816	0.171	0.963	0.465	1.590	1.345	1.334	-1.517	-0.616	0.205	-0.146	0.561	-0.211
Magneto	AMB_RS08225	AMB_RS08225		WYL domain-containing transcriptional regulator	-0.627	-1.171	-0.845	-0.701	-1.037	-1.534	-0.639	-1.471	-0.853	-1.877	-1.001	-1.467	-0.925	-1.683	-1.310	0.715	-0.276	-0.934	-1.517	-0.059	-0.411	0.322	-0.004	-0.257	0.438	0.723	0.916	1.466	1.236	0.849	1.474	-0.192	1.007	-1.393	-0.290	1.186
Magneto	AMB_RS08230	AMB_RS08230		crystallin	-0.343	0.367	-1.007	-0.730	-1.801	-0.613	-0.300	-1.316	-0.075	-0.614	-1.496	-0.982	-1.379	-1.013	-0.955	-0.066	0.578	-0.133	-1.198	-1.025	-1.387	-0.283	-0.272	0.303	-0.724	-0.556	-0.501	0.135	-1.097	0.434	2.215	-0.997	-1.202	-0.081	-1.229	-0.572
Magneto	AMB_RS08235	AMB_RS08235		hypothetical protein	-0.533	-0.575	-0.842	-0.952	-0.501	-0.404	0.621	-1.636	-1.087	-1.216	-0.540	-1.723	-0.488	-1.723	-1.454	0.240	0.524	1.197	-1.118	-2.871	-1.438	0.266	-0.480	-1.171	-0.511	0.298	-0.761	0.957	1.421	1.192	-2.065	-0.912	-1.052	-1.104	-0.194	0.544
Magneto	AMB_RS08240	AMB_RS08240		hypothetical protein	0.315	0.649	-1.009	-2.492	-1.599	-0.994	-0.957	-0.427	-0.274	-1.837	-1.402	-0.987	-0.771	-1.372	-1.063	-0.879	-0.728	-0.145	-2.101	-1.001	-2.268	0.588	-0.108	0.531	-0.877	0.926	-0.244	0.606	1.307	0.457	-0.601	-0.693	0.251	1.089	-0.938	0.159
Magneto	AMB_RS08245	AMB_RS08245		site-specific integrase	-0.522	-1.503	0.357	0.830	-0.057	0.052	0.863	-1.593	-0.557	0.603	0.462	-0.193	-0.219	0.708	0.739	0.673	-0.046	0.049	0.116	-0.114	-0.175	0.899	0.823	1.082	0.321	0.822	-0.391	-0.326	0.506	-0.578	-0.625	-0.058	1.688	0.242	-1.906	0.182
Magneto	AMB_RS08250	AMB_RS08250		site-specific DNA methylase	0.985	0.952	-1.918	-1.350	-1.359	-2.006	-0.230	-0.668	-0.259	-0.457	-0.333	-0.491	-0.286	-1.007	-0.915	-1.461	-0.820	-0.865	-1.033	0.011	-1.311	0.214	0.258	-0.105	0.163	0.100	0.544	1.028	1.327	0.084	0.195	0.458	0.342	1.745	0.503	1.199
Magneto	AMB_RS08255	AMB_RS08255		hypothetical protein	-0.611	-0.124	-0.927	-0.129	0.266	-1.775	-1.204	-0.775	-1.220	-1.913	-1.232	0.906	-0.108	-1.424	-0.900	-0.722	-0.595	0.387	0.029	-0.667	-0.920	0.954	-0.656	-0.508	-0.778	-0.735	-0.536	-0.460	-0.389	-0.436	-0.155	-0.981	-2.049	-0.675	-0.029	-0.444
Magneto	AMB_RS08260	AMB_RS08260		hypothetical protein	-0.266	0.822	-1.729	-0.621	-0.858	-1.617	-0.462	-1.767	-0.653	-0.344	-0.328	0.514	0.053	-0.756	-1.218	0.137	-0.336	0.417	-0.880	2.109	-0.937	0.132	0.512	-0.031	3.125	3.083	1.593	4.385	4.246	3.145	6.741	6.541	7.010	5.416	4.237	3.309
Magneto	AMB_RS08265	AMB_RS08265		hypothetical protein	-0.120	0.675	0.030	0.772	-0.099	0.833	-0.591	-0.283	0.672	-1.260	0.700	0.395	0.485	-0.778	-1.572	0.975	1.113	1.471	-0.318	0.159	0.241	0.751	0.713	-0.274	-0.243	0.208	0.639	0.741	1.355	1.207	-0.762	1.155	-0.635	-1.286	-0.341	-0.793
Magneto	AMB_RS08270	AMB_RS08270		hypothetical protein	2.891	0.288	-2.688	-1.669	-3.534	-2.288	-0.845	-1.694	-0.623	-2.358	-2.202	-2.312	-0.595	-0.821	-0.938	0.889	1.384	0.999	-0.688	-2.324	-3.081	-0.841	-0.563	-1.741	1.716	1.547	1.229	3.530	3.696	2.562	-1.349	0.888	0.426	0.594	1.123	1.114
Magneto	AMB_RS08275	AMB_RS08275		hydrogenase maturation protein	0.077	1.516	1.074	0.313	0.763	0.784	1.971	-0.110	1.022	-0.037	1.724	1.011	-0.227	0.398	-0.612	0.549	0.821	0.214	0.114	0.396	0.109	0.511	1.108	0.332	-0.109	-0.670	0.095	-0.568	-0.702	-0.544	-2.628	-1.138	0.205	-0.432	0.410	0.321
Magneto	AMB_RS08280	AMB_RS08280		hydrogenase expression/formation protein HypE	-0.356	-0.177	1.420	-0.983	0.557	0.641	1.700	1.502	0.689	1.517	0.233	0.981	1.701	1.755	2.233	0.846	1.659	1.937	0.296	1.532	0.462	0.963	0.416	1.257	0.227	-0.531	0.381	0.444	-0.894	0.163	0.639	-0.930	-0.131	0.406	0.830	-0.759
Magneto	AMB_RS08290	AMB_RS08290		DUF4160 domain-containing protein	-1.190	0.640	-0.610	0.702	0.153	-0.407	0.386	-0.398	-0.985	-0.882	-0.809	-1.107	0.599	0.428	-0.831	-0.039	0.349	-0.096	-0.057	-1.125	-0.932	-0.248	-0.722	0.244	-0.607	-0.167	-1.005	-0.647	-0.348	-0.020	0.504	-1.469	-1.655	-0.387	-0.696	-2.645
Magneto	AMB_RS08295	AMB_RS08295		hydrogenase formation protein HypD	0.307	-0.123	1.260	0.856	0.433	-0.306	-0.133	-0.513	-0.491	1.766	1.389	0.904	0.821	0.267	0.351	-0.165	-0.135	-0.527	0.124	-0.176	0.954	0.038	-1.106	0.021	-0.546	-1.404	0.047	-0.614	-1.880	-0.813	2.096	-0.577	0.352	1.150	0.535	1.148
Magneto	AMB_RS08300	AMB_RS08300		HypC/HybG/HupF family hydrogenase formation chaperone	-0.659	-0.537	0.018	-1.570	0.655	0.137	1.593	0.603	0.777	0.206	-1.056	-0.575	-1.312	0.267	0.645	-0.873	0.061	0.130	0.182	0.319	0.478	1.189	-0.372	1.339	-1.183	0.248	-0.401	-0.871	0.254	-0.167	-1.158	-0.819	-0.477	-0.816	-1.632	0.779
Magneto	AMB_RS08305	AMB_RS08305		hypothetical protein	0.620	-0.059	0.437	1.060	1.816	-0.137	1.255	1.216	0.225	1.354	0.597	0.241	1.306	1.001	0.262	-0.588	0.749	0.851	0.969	0.808	1.833	0.339	0.632	1.171	1.068	-0.087	0.245	0.061	-2.208	-1.261	3.767	0.159	0.385	1.703	0.976	-0.471
Magneto	AMB_RS08310	AMB_RS08310		hydrogenase accessory protein HypB	-0.166	-0.842	1.214	0.799	0.465	-0.026	1.316	0.335	1.643	1.357	0.314	-0.190	1.547	2.571	1.491	1.281	1.802	0.992	1.234	0.667	0.414	1.575	2.124	2.086	-0.136	-1.129	0.229	-0.688	-0.875	0.091	0.325	-1.841	0.061	0.382	0.439	-0.980
Magneto	AMB_RS08320	AMB_RS08320		Ni,Fe-hydrogenase I large subunit	1.199	-0.168	-0.917	-0.883	-1.442	0.751	-2.234	0.830	1.643	0.385	0.664	-1.296	0.290	-0.697	0.625	0.338	0.603	0.935	-0.873	-1.062	0.693	-0.174	0.339	-1.618	-0.227	0.215	-0.654	-0.329	0.525	0.733	1.604	1.215	0.774	-0.590	-0.721	0.133
Magneto	AMB_RS08325	AMB_RS08325		hydrogenase maturation factor	-0.776	0.855	-1.932	-0.491	-0.004	0.070	-0.116	-0.701	-0.307	-1.192	1.676	0.053	-1.655	-0.102	-0.442	0.217	-0.935	-1.439	-0.539	-0.617	0.614	-1.951	-2.154	-0.358	0.586	0.344	0.035	0.185	-0.766	0.609	2.984	-0.991	0.469	1.309	-0.654	1.152
Magneto	AMB_RS08330	AMB_RS08330		HyaD/HybD family hydrogenase maturation endopeptidase	0.171	0.256	-0.040	-0.677	-0.429	-0.952	1.325	0.571	-0.199	0.851	0.613	0.059	-1.106	-0.604	0.884	-1.035	0.408	-0.206	-0.756	-0.420	-0.564	0.213	-0.649	-0.312	-2.004	-2.116	-1.534	-1.982	-1.735	-1.659	-1.058	-1.360	-1.766	-1.641	-1.258	-2.217
Magneto	AMB_RS08335	AMB_RS08335		nickel-dependent hydrogenase large subunit	-0.527	0.163	-0.413	0.367	0.399	0.257	0.153	0.207	-0.355	0.325	-0.422	-0.026	0.684	-0.172	-0.479	0.261	0.327	-0.261	0.894	1.163	0.863	0.076	0.972	0.350	0.062	0.733	0.438	-0.517	0.093	0.274	0.456	-0.141	0.132	0.063	0.961	0.431
Magneto	AMB_RS08340	AMB_RS08340		Ni/Fe-hydrogenase cytochrome b subunit	-3.503	-0.580	-0.380	0.064	0.410	0.356	0.249	-0.281	-0.239	1.197	0.855	0.729	0.031	-0.963	-0.177	-0.202	-0.014	0.748	0.442	0.966	0.170	0.221	-0.615	-0.352	1.170	1.966	1.092	1.437	1.130	1.373	2.440	2.116	2.029	1.095	2.554	1.150
Magneto	AMB_RS08345	AMB_RS08345		4Fe-4S dicluster domain-containing protein	0.388	0.356	-0.293	0.326	0.587	0.591	0.030	-0.066	0.301	1.225	0.787	0.738	0.424	0.221	-0.181	0.061	0.971	-0.641	0.721	2.048	1.489	-0.387	-0.334	-0.009	-0.694	-0.131	-1.630	-1.077	-1.227	-1.385	0.389	-1.452	-0.234	1.291	0.203	1.077
Magneto	AMB_RS08350	AMB_RS08350		hydrogenase 2 small subunit	-0.214	-0.187	-0.017	-0.960	-1.201	-0.901	-0.431	-0.355	0.847	-1.081	-0.611	-1.953	-1.175	-0.388	-1.371	-0.726	-0.846	-0.178	-0.555	0.024	0.415	-0.733	-0.349	-0.856	1.420	1.681	1.137	0.844	0.989	1.095	1.282	1.174	-0.225	0.416	0.479	-0.249
Magneto	AMB_RS08355	AMB_RS08355		hypothetical protein	1.091	0.408	0.222	0.785	1.371	1.210	0.592	1.036	1.033	0.118	2.298	0.019	0.641	0.506	0.037	0.102	0.598	-1.775	1.220	-1.240	0.418	0.057	0.056	-0.888	0.898	-0.286	-0.321	0.076	-0.508	0.188	-0.174	1.089	0.611	2.613	-0.488	-0.102
Magneto	AMB_RS08360	AMB_RS08360		hypothetical protein	-0.343	-1.473	0.211	0.222	1.864	2.393	-0.009	-0.109	0.783	2.706	1.718	0.979	-0.542	-0.041	0.914	0.568	-0.573	0.909	1.339	0.898	1.851	1.489	0.928	0.939	-1.171	-2.335	-1.639	-2.086	-2.550	-1.925	0.270	-2.019	-1.121	-1.535	-1.574	-1.272
Magneto	AMB_RS08370	AMB_RS08370		MFS transporter	0.274	-0.248	-1.124	0.678	0.067	0.315	0.233	-0.596	-0.769	0.408	1.217	-0.809	0.185	-0.003	0.334	0.076	0.308	0.512	0.368	-0.123	0.464	-0.173	0.074	0.111	-0.674	-0.413	-0.649	-0.645	-0.183	-0.259	-0.195	-1.594	0.398	-0.716	-0.200	-0.281
Magneto	AMB_RS08375	AMB_RS08375		hypothetical protein	0.363	-0.466	-0.230	-0.387	0.241	-0.046	1.088	0.320	-0.056	0.555	-0.490	0.343	-0.272	-0.115	-0.583	-0.152	0.185	-0.406	-0.508	0.781	-0.646	-0.063	-0.541	0.665	0.896	0.593	0.554	0.385	-0.008	0.749	1.395	1.463	2.628	2.614	1.751	2.253
Magneto	AMB_RS08380	AMB_RS08380		sigma-54-dependent Fis family transcriptional regulator	1.675	0.099	-1.432	-0.504	0.127	-1.656	-1.029	-1.034	0.411	-0.180	-0.776	-0.758	-1.359	-2.297	0.174	-1.174	-1.104	-1.056	-1.208	-0.670	0.720	-0.444	-0.121	0.702	0.831	0.653	0.256	0.505	0.644	0.061	-0.975	-0.053	0.591	1.084	0.960	-0.656
Magneto	AMB_RS08385	AMB_RS08385		sensor histidine kinase	0.067	-0.182	1.483	0.608	0.513	0.539	1.151	0.976	0.359	0.505	0.406	0.029	0.045	0.566	0.604	0.357	0.403	-0.072	0.744	1.367	0.272	0.678	-0.284	0.421	-0.680	-0.018	-0.160	-0.612	-0.164	-0.131	0.472	0.412	-0.434	1.605	0.630	1.490
Magneto	AMB_RS08395	AMB_RS08395		hypothetical protein	-0.247	-0.020	0.815	1.604	0.396	0.392	2.019	0.707	0.220	0.665	3.058	1.608	1.198	1.151	0.607	0.548	0.557	-0.449	1.222	1.183	2.008	0.647	0.971	1.252	0.614	-0.491	1.262	0.566	1.497	1.740	0.623	0.716	2.832	-0.668	0.691	1.104
Magneto	AMB_RS08400	AMB_RS08400		ATP-sensitive inward rectifier potassium channel 10	0.075	-1.213	0.868	1.135	-1.348	0.919	0.796	0.806	-0.307	0.320	-1.185	-0.836	1.425	0.803	-0.434	1.106	1.669	-0.981	0.327	0.989	-0.045	1.272	0.144	0.770	-2.605	-1.800	-1.652	-1.856	-1.643	-2.354	0.467	-1.423	-1.731	0.295	0.359	-1.751
Magneto	AMB_RS08405	AMB_RS08405		bile acid:sodium symporter	0.759	1.318	-0.572	-1.389	-1.839	-0.662	-0.453	-2.254	-0.292	-1.075	-1.424	-0.242	0.010	0.141	-0.875	-0.476	-0.641	-0.715	-1.424	-1.557	0.228	-0.271	-0.851	-0.540	-0.941	-1.108	-1.284	-1.881	-0.539	-0.171	-0.543	-0.947	-0.599	-2.462	-1.263	-1.810
Magneto	AMB_RS08410	AMB_RS08410		transcriptional repressor	-0.726	-1.815	-0.370	-0.517	0.047	-0.595	-0.645	-1.042	-0.684	-0.238	-0.120	1.588	-0.903	-0.792	-1.152	-1.021	-0.761	-0.942	0.360	0.252	0.857	-0.237	-0.243	-0.367	-0.749	0.673	0.325	0.361	-0.337	0.816	-0.155	0.119	-0.388	-0.276	0.252	0.144
Magneto	AMB_RS08415	AMB_RS08415		bacterioferritin	0.177	1.819	-1.149	0.716	-0.725	-0.932	-0.468	-0.723	-0.536	-0.108	-1.483	-1.554	-0.682	-0.904	-0.122	0.126	-0.800	0.601	-0.220	-0.799	-0.826	-0.123	-0.169	-1.217	-0.536	0.179	0.139	-0.772	0.057	0.011	0.947	0.713	0.817	0.243	0.886	-0.685
Magneto	AMB_RS08420	AMB_RS08420		bacterioferritin	0.108	0.456	0.361	-0.325	0.355	0.389	-0.387	1.179	0.493	1.840	-1.206	0.289	0.552	1.558	-0.635	0.844	0.553	0.490	0.851	0.652	-0.322	-0.189	-0.321	-0.334	0.950	0.089	0.503	-0.424	-0.646	0.310	0.403	-0.052	-0.674	-0.721	-1.569	-0.666
Magneto	AMB_RS08425	AMB_RS08425		MFS transporter	1.694	1.281	1.014	1.243	0.767	0.876	0.875	1.428	1.451	0.937	1.660	1.438	0.823	0.867	0.958	0.116	0.727	1.155	0.912	0.345	1.681	0.983	0.187	0.213	0.206	0.324	0.658	0.191	0.141	1.554	-0.624	0.801	-0.079	0.122	1.281	0.702
Magneto	AMB_RS08430	AMB_RS08430		glutathione-disulfide reductase	-1.366	-0.870	2.360	1.675	1.813	0.511	-0.082	-0.180	-0.426	1.770	0.977	2.682	1.252	1.991	0.989	0.258	0.487	-0.006	2.453	1.190	2.059	0.427	1.572	0.796	-3.235	-2.599	-3.291	-3.397	-4.334	-3.111	-1.005	-0.555	-0.484	-0.535	-0.290	-1.708
Magneto	AMB_RS08435	AMB_RS08435		radical SAM protein	-2.320	-0.885	0.453	1.749	0.827	0.917	-0.572	1.081	0.760	-0.180	0.482	0.350	1.085	0.779	-0.575	-0.063	-0.520	0.525	0.579	0.342	1.201	0.849	1.040	0.717	-0.629	-0.198	-0.360	-0.195	-0.452	-1.183	-0.347	-0.124	0.663	0.246	-0.380	0.229
Magneto	AMB_RS08445	AMB_RS08445		signal transduction protein	-0.773	1.204	-0.747	-0.626	-1.636	-0.917	-0.323	-1.092	-0.688	-1.101	-0.227	0.546	-1.094	-1.417	-0.759	0.107	-0.744	-1.539	-1.027	-0.099	-0.633	-0.441	-1.097	-0.408	0.443	0.336	1.953	0.754	0.387	1.670	-1.262	1.203	1.009	1.241	0.445	-0.047
Magneto	AMB_RS08450	AMB_RS08450		ABC transporter substrate-binding protein	-4.473	0.171	0.812	-7.599	-5.564	-4.196	-6.113	-7.254	-6.624	0.222	1.034	2.541	-3.714	-3.975	-3.323	-3.309	-3.466	-2.508	0.131	0.856	-0.676	-2.417	-1.971	-2.224	-9.066	-8.833	-8.514	-8.689	-8.530	-8.857	-2.049	-2.270	-2.739	-1.507	-2.752	-4.671
Magneto	AMB_RS08455	AMB_RS08455		branched-chain amino acid ABC transporter permease	-3.793	0.708	1.456	-8.397	-5.848	-6.705	-10.970	-8.834	-7.368	1.452	2.342	1.781	-3.310	-4.575	-2.558	-5.257	-4.169	-4.297	-0.458	1.728	0.853	-2.822	-2.633	-2.480	-11.559	-9.263	-11.472	-12.722	-11.101	-12.064	-1.060	-2.157	-2.610	-1.569	-4.599	-6.973
Magneto	AMB_RS08460	AMB_RS08460		branched-chain amino acid ABC transporter permease	-3.601	0.474	2.113	-8.298	-6.323	-5.671	-8.066	-7.753	-6.194	0.459	0.707	2.629	-3.512	-3.854	-2.984	-4.144	-4.856	-3.926	0.873	0.502	1.891	-2.630	-3.441	-1.633	-10.884	-9.051	-9.421	-11.224	-10.345	-12.230	-1.404	-2.391	-2.868	-1.940	-3.731	-5.671
Magneto	AMB_RS08465	AMB_RS08465		ABC transporter ATP-binding protein	-3.026	1.000	3.124	-9.078	-6.262	-4.071	-7.460	-7.616	-7.592	1.139	-0.303	3.378	-4.493	-3.168	-3.563	-4.282	-4.314	-3.849	0.241	-0.037	0.644	-1.800	-3.807	-2.319	-8.138	-7.768	-8.455	-9.856	-8.586	-8.205	-0.838	-3.208	-2.974	-1.386	-2.393	-4.274
Magneto	AMB_RS08470	AMB_RS08470		ABC transporter ATP-binding protein	-0.398	-0.196	2.112	-1.895	-1.915	-3.546	-4.627	-6.149	-3.031	1.565	-1.710	1.910	-1.966	-1.649	-0.688	-1.306	-2.688	-1.549	1.368	0.417	1.000	-0.491	-2.206	-1.117	-5.032	-4.373	-4.918	-5.337	-5.806	-5.704	-0.078	-2.304	-1.719	-2.246	-1.057	-3.740
Magneto	AMB_RS08475	AMB_RS08475		hypothetical protein	-0.342	-1.240	0.416	-0.785	-0.178	-0.096	-0.714	-0.571	0.483	0.194	-0.135	0.703	-1.044	-0.784	-0.358	-0.898	0.022	-0.521	0.142	1.096	-0.099	-0.211	0.202	0.003	-0.566	0.250	-1.958	-0.138	-1.504	-1.567	-0.746	-0.497	0.641	1.159	0.175	1.416
Magneto	AMB_RS08480	AMB_RS08480		ferredoxin oxidoreductase	-0.651	-0.196	-0.848	0.111	0.569	-1.147	-0.245	0.770	-0.580	-0.445	-1.425	0.386	0.605	-0.447	-0.238	1.266	0.010	0.891	-0.022	0.043	-1.041	-0.904	-0.033	-0.969	-1.615	-0.486	-1.382	-0.638	-1.539	-2.289	-2.708	-1.537	1.606	0.036	0.887	0.662
Magneto	AMB_RS08485	AMB_RS08485		hypothetical protein	-2.232	-0.153	-1.294	-1.497	-0.449	-1.286	-1.793	-0.576	-0.512	-0.427	0.065	-0.100	-0.509	-1.650	-0.969	-0.430	-0.679	-0.775	-0.951	-0.986	-0.452	-0.718	-1.156	0.310	-3.132	-2.812	-2.302	-2.795	-2.650	-2.769	1.333	0.495	0.481	2.316	1.414	1.980
Magneto	AMB_RS08490	AMB_RS08490		FAD-dependent oxidoreductase	-1.153	0.112	0.862	-0.190	-0.119	0.468	0.406	0.451	-0.754	0.729	1.473	1.068	-0.277	0.956	-0.007	-0.561	0.655	-0.633	0.341	1.054	-0.330	1.395	0.482	1.235	-2.145	-2.678	-3.950	-3.423	-4.264	-3.265	0.223	-1.016	0.239	1.416	0.297	0.611
Magneto	AMB_RS08495	AMB_RS08495		hypothetical protein	-3.415	0.583	-0.509	-1.279	-1.013	-0.995	-0.484	-0.567	-0.028	-0.590	1.553	0.705	-0.545	-0.889	0.178	-0.301	0.168	-0.841	-0.427	-0.650	0.161	-0.168	-0.538	-0.503	-3.698	-3.649	-3.813	-2.974	-3.541	-4.352	-2.511	-0.253	-1.848	0.262	0.686	0.836
Magneto	AMB_RS08500	AMB_RS08500		iron permease	-0.448	0.851	-0.425	-0.610	-1.681	-1.269	-0.463	0.365	-0.827	-1.365	-1.257	-1.662	0.052	-2.051	0.089	-0.236	-0.148	0.326	-2.305	-0.863	-0.429	-0.781	-0.147	-1.094	-0.119	0.687	-0.388	0.216	0.234	-0.599	-0.018	-1.388	1.001	-0.096	1.633	0.760
Magneto	AMB_RS08505	AMB_RS08505		cyclic nucleotide-binding protein	-0.562	1.453	0.467	-0.424	-1.151	-0.240	0.081	-0.505	-0.893	2.634	1.517	2.956	0.258	-0.479	0.170	-0.595	-1.043	-0.420	0.806	1.949	3.115	-0.097	0.186	-0.131	1.111	1.312	0.543	0.151	0.274	1.120	5.181	2.418	3.957	2.182	-0.018	-0.257
Magneto	AMB_RS08515	AMB_RS08515		aspartate aminotransferase family protein	-0.755	-0.471	0.139	-0.448	0.283	-0.176	-2.250	0.336	-1.066	2.384	1.880	0.750	-0.074	-0.166	-0.295	-0.899	-0.718	-0.029	2.087	1.755	1.929	-0.420	-1.957	-0.403	2.088	2.539	1.949	2.654	2.421	2.355	1.745	1.856	1.959	1.963	1.529	2.794
Magneto	AMB_RS08520	AMB_RS08520		hypothetical protein	1.507	0.209	0.103	0.037	-1.299	-0.060	0.242	-0.376	0.814	0.158	1.456	1.000	-0.490	0.131	0.080	-0.943	0.612	0.392	-0.404	2.140	-0.025	-0.711	-0.749	-0.035	0.880	-0.167	-0.556	-1.159	-0.199	-0.022	0.106	0.346	0.213	0.518	-0.549	-0.241
Magneto	AMB_RS08555	AMB_RS08555		ATP-dependent Zn protease	-0.200	-0.691	-0.027	-0.208	0.539	-0.047	-0.864	-0.543	-0.539	-0.429	-1.477	-0.613	0.088	-0.601	-1.784	-0.796	0.047	0.003	-0.010	-0.088	-1.130	-0.337	0.161	0.153	-1.147	-0.311	-1.118	-0.921	-0.365	-1.004	-0.375	0.166	-2.174	0.788	0.429	-0.026
Magneto	AMB_RS08560	AMB_RS08560		hypothetical protein	-1.900	-0.792	-3.034	-0.230	-1.414	-0.330	-0.152	-0.334	-1.054	-0.288	1.104	-0.329	-0.427	-0.722	-0.647	-1.072	-0.787	-1.024	-1.333	-0.881	-1.526	-0.904	-0.679	-0.704	-2.103	-3.063	-3.374	-3.468	-3.464	-3.540	-2.473	-3.815	-3.845	-1.443	-3.264	-1.498
Magneto	AMB_RS08570	AMB_RS08570		hypothetical protein	-0.323	-1.392	-1.421	-1.493	-1.016	-1.400	-1.573	0.097	-0.310	-1.470	0.243	-1.593	-0.681	-2.072	-1.093	-0.897	-0.115	-0.113	-1.895	-1.342	-0.242	-0.399	-1.566	-0.703	0.158	0.013	0.563	0.515	0.266	0.613	-1.612	-0.571	0.903	0.919	-0.548	1.244
Magneto	AMB_RS08580	AMB_RS08580		hypothetical protein	-0.258	0.348	-1.566	-1.449	-1.117	-0.482	-0.767	-0.949	-0.859	-1.592	-0.696	-0.862	-1.567	-0.766	-0.000	-0.896	-1.219	-1.177	-1.289	-2.245	-1.988	-2.170	-1.999	-0.618	-0.123	-0.284	0.131	0.358	0.074	0.086	-0.423	0.110	-1.000	-1.115	-0.633	-0.831
Magneto	AMB_RS08595	AMB_RS08595		ankyrin repeat-containing protein	0.450	-0.825	-0.824	-0.599	-0.214	-0.264	-0.061	0.437	0.194	-0.296	-0.454	-0.267	-0.769	-0.904	0.002	0.320	-0.263	0.185	-0.978	-1.339	-0.878	-0.180	0.202	-0.328	-0.521	-0.320	-0.482	-0.352	0.135	-0.185	-0.819	-2.431	-1.630	0.220	-0.876	-1.270
Magneto	AMB_RS08600	AMB_RS08600		hypothetical protein	0.070	0.631	-0.545	-0.193	-0.697	0.134	-0.066	-0.883	0.368	-0.003	1.368	0.056	-0.507	-0.772	-0.659	0.278	0.525	0.516	-0.758	-0.388	-0.552	-0.186	0.106	0.183	-0.855	0.245	-0.248	0.455	1.111	0.899	0.413	-1.930	-1.088	0.194	0.492	-0.099
Magneto	AMB_RS08605	AMB_RS08605		bifunctional (p)ppGpp synthetase/guanosine-3',5'-bis(diphosphate) 3'-pyrophosphohydrolase	-0.298	-0.088	1.110	0.242	1.045	1.325	1.197	0.436	1.860	1.496	0.902	0.205	0.971	0.871	0.116	1.236	0.753	0.580	1.288	1.341	0.208	0.656	1.053	1.270	0.112	0.105	0.070	0.008	0.838	-0.366	-0.625	1.332	0.777	0.917	-0.024	0.852
Magneto	AMB_RS08610	AMB_RS08610		hypothetical protein	-0.121	0.267	0.707	-0.420	0.939	-0.683	0.880	0.288	0.906	-0.382	1.899	-0.442	0.192	-0.528	0.501	0.050	0.590	-0.195	-2.063	0.359	-0.287	0.571	0.199	-0.608	0.328	0.708	0.241	1.094	1.316	1.012	0.029	0.837	0.157	-0.273	-1.060	-0.223
Magneto	AMB_RS08615	AMB_RS08615		flagellar motor protein	-1.095	-0.265	-0.068	0.015	-1.240	-0.475	0.966	-0.328	0.245	-0.740	0.385	-1.951	0.027	-0.251	-0.090	0.671	-0.169	0.309	-0.464	0.115	0.698	0.483	0.527	0.009	-0.977	-0.215	-0.538	-0.691	-1.502	0.315	-1.090	-1.530	-1.686	-1.711	-2.216	-0.474
Magneto	AMB_RS08620	AMB_RS08620		hypothetical protein	-0.236	-0.107	0.804	0.391	-0.475	0.158	-0.393	0.406	1.147	0.103	2.152	0.174	0.909	0.092	0.431	0.877	0.256	0.137	0.567	0.501	1.364	1.624	0.756	1.448	0.219	0.244	1.870	-0.217	-0.265	0.900	0.206	1.418	0.910	0.280	0.266	1.087
Magneto	AMB_RS08625	AMB_RS08625		hypothetical protein	-1.826	-0.701	0.746	0.122	0.712	0.102	0.337	-0.488	-0.441	1.162	2.515	0.627	0.636	-0.177	0.826	0.919	-0.252	0.793	1.105	1.710	1.386	1.223	0.672	1.207	-0.651	-1.344	-1.581	-0.269	0.261	-0.676	-1.604	-1.471	-1.974	-1.615	-1.332	-1.076
Magneto	AMB_RS08630	AMB_RS08630		hypothetical protein	-0.566	1.169	0.230	0.874	0.812	0.439	0.774	0.544	0.011	0.572	1.372	-1.386	-0.068	-0.161	0.878	1.552	0.711	0.575	0.454	0.079	0.101	-0.762	0.082	-0.138	1.315	2.402	0.983	1.780	-0.238	0.942	-0.154	2.324	0.253	1.515	1.408	1.850
Magneto	AMB_RS08635	AMB_RS08635		hypothetical protein	1.029	-0.264	-0.299	1.350	0.876	0.404	0.540	0.675	0.346	0.712	0.579	-0.232	0.748	0.316	-0.317	0.193	0.133	-0.698	1.310	-0.044	0.020	1.614	0.191	1.100	0.414	1.233	0.282	-0.092	0.436	0.338	-0.143	0.784	1.495	1.470	1.433	0.123
Magneto	AMB_RS08640	AMB_RS08640		hypothetical protein	0.809	0.046	-0.283	-0.232	0.089	0.183	-0.664	-0.063	-0.074	-1.297	0.326	-0.356	-0.817	-1.232	-0.411	0.211	-0.184	1.008	-0.119	-1.784	-0.926	-1.482	-0.176	-0.916	-0.482	-0.123	-0.244	0.205	-0.122	0.202	-0.577	0.407	0.201	0.531	-1.519	-1.259
Magneto	AMB_RS08645	AMB_RS08645		hypothetical protein	-0.220	-0.142	-0.055	1.029	-1.421	0.249	-0.293	-1.050	-1.083	0.079	-1.118	-1.375	-0.700	-1.063	-0.577	-0.452	-0.994	-0.560	-0.970	-1.479	-1.137	-0.200	0.060	0.278	0.024	-0.577	-0.481	-0.174	0.728	-0.443	-0.694	-0.762	-2.038	-0.176	-1.645	-1.159
Magneto	AMB_RS08650	AMB_RS08650		PIN domain nuclease	-0.835	0.128	-0.927	-0.992	0.499	-1.265	-0.788	-0.827	-0.867	-2.031	0.073	-1.212	-0.907	-0.715	-1.368	-1.341	0.524	-1.009	-2.014	-0.643	-0.188	-0.461	-2.415	0.064	-1.083	-0.016	0.082	-0.340	-0.737	-0.461	-0.955	-0.724	-1.463	1.585	-0.417	0.550
Magneto	AMB_RS08660	AMB_RS08660		serine protease	-0.658	1.049	-0.076	0.087	-0.031	-0.120	-0.407	-0.359	0.133	1.470	-0.092	0.434	-0.176	-0.634	-0.190	-0.148	-0.469	0.361	0.371	-0.115	1.090	0.379	-0.441	-0.471	-1.453	-0.243	-0.101	-1.426	-0.999	-1.587	0.972	1.094	-0.109	-0.256	0.082	0.630
Magneto	AMB_RS08665	AMB_RS08665		hypothetical protein	-0.603	-1.090	0.895	0.387	1.094	0.967	0.752	0.784	1.207	1.632	0.404	1.033	0.159	1.296	0.168	0.280	0.970	0.580	0.853	-0.235	1.124	-0.918	1.458	1.576	0.783	1.597	0.989	1.077	0.905	1.850	1.108	0.709	0.384	-0.088	1.466	1.247
Magneto	AMB_RS08670	AMB_RS08670		hypothetical protein	-0.208	-0.607	0.768	-1.004	0.253	-1.590	-2.085	-1.070	-0.502	1.805	0.720	0.482	-0.763	-0.764	0.959	-1.623	-1.468	-1.090	1.201	1.668	0.947	-1.292	-0.252	-0.161	0.322	-0.475	-0.576	-0.007	0.240	-0.481	-0.181	-0.839	-1.560	-1.155	-0.897	-2.464
Magneto	AMB_RS08675	AMB_RS08675		hypothetical protein	-0.259	0.108	0.248	-0.220	-0.421	-0.614	-1.225	-0.743	-0.285	-0.162	-2.281	0.874	0.201	-0.476	-0.128	-0.630	0.841	-0.135	1.041	-0.033	-0.322	-0.618	-0.144	-0.059	1.871	-0.266	-0.011	-0.175	0.531	1.129	0.011	1.149	0.078	-0.216	1.523	0.836
Magneto	AMB_RS08680	AMB_RS08680		hypothetical protein	-0.237	1.182	-1.517	-0.683	-2.757	-0.843	-0.561	0.110	0.427	-1.199	-0.844	0.393	-0.474	-0.188	0.482	-0.167	-0.297	-1.051	0.258	-0.652	-1.096	-0.890	0.298	0.213	-0.630	-0.012	0.335	0.426	0.398	0.275	0.455	-0.170	0.050	-0.322	0.148	-0.472
Magneto	AMB_RS08690	AMB_RS08690		formylglycine-generating enzyme family protein	-0.988	0.732	-0.579	-0.081	-0.195	0.854	0.715	1.279	0.028	0.013	-0.053	0.284	0.524	0.182	0.285	0.639	1.116	0.462	0.848	0.311	0.006	0.232	0.674	-0.114	-0.430	-0.226	-0.821	0.862	-0.625	-0.096	-1.021	0.491	1.609	0.139	-0.130	-0.251
Magneto	AMB_RS08695	AMB_RS08695		hypothetical protein	-0.165	0.541	-0.134	1.628	0.348	1.076	0.657	0.300	-0.338	0.188	-0.964	-1.124	-1.128	-0.320	0.259	-1.191	-0.628	-0.178	-1.345	-0.391	0.558	0.130	-0.782	-0.104	0.081	0.787	-0.123	0.359	0.014	1.130	0.349	-0.740	0.060	-0.915	-0.655	-0.186
Magneto	AMB_RS08700	AMB_RS08700		DUF4384 domain-containing protein	0.226	0.198	-0.282	0.689	0.129	-0.101	-0.188	-0.107	1.108	-0.988	0.043	-1.321	0.172	0.316	-0.052	0.094	-0.808	0.322	-0.058	-0.137	-0.149	0.111	-0.383	-0.157	-1.659	-0.630	-1.569	-1.608	-1.062	-1.428	-1.557	-1.361	-0.812	-1.368	-0.692	-1.049
Magneto	AMB_RS08705	AMB_RS08705		hypothetical protein	1.610	-1.383	0.118	-1.009	-0.614	-0.412	-0.836	-0.261	0.386	-1.656	-1.173	-0.510	-0.394	-0.465	-1.205	-1.588	-0.074	-0.046	0.255	-1.004	-0.775	0.217	-0.631	-0.084	-0.249	0.568	-0.278	0.324	-0.172	-1.075	-0.574	0.097	-0.705	-0.074	1.111	-0.037
Magneto	AMB_RS08710	AMB_RS08710		hypothetical protein	-1.201	0.812	0.352	-0.154	-1.619	-1.054	-0.329	0.182	-0.682	0.879	-0.131	-0.486	0.306	-1.753	0.021	0.353	-1.491	0.188	0.063	0.657	-0.006	-0.490	0.158	0.091	-0.199	0.681	-0.346	0.673	-0.251	0.407	-0.698	-0.098	-0.008	-0.612	-0.588	-0.538
Magneto	AMB_RS08715	AMB_RS08715		hypothetical protein	-0.853	0.777	-0.120	0.062	1.611	0.311	0.350	0.013	0.810	0.222	-0.485	0.823	-0.148	0.458	-0.567	-0.671	-0.594	0.828	0.429	0.220	1.905	-0.581	0.316	0.182	-0.586	-0.846	-0.358	-0.157	-1.017	-0.754	-1.979	-0.021	0.142	-0.661	-0.270	-0.214
Magneto	AMB_RS08720	AMB_RS08720		hypothetical protein	3.755	0.944	0.210	0.103	-0.723	0.278	0.421	-0.054	-0.468	-0.231	0.769	0.566	0.778	0.090	-0.169	0.181	0.452	-1.047	-0.112	0.197	0.522	0.620	1.056	1.053	0.068	-0.077	-0.020	-0.395	-0.248	-0.403	0.435	0.162	2.024	-0.800	0.887	-0.183
Magneto	AMB_RS08745	AMB_RS08745		hypothetical protein	0.422	-1.743	-1.116	-0.144	-0.821	-0.541	0.591	-0.644	-0.286	-1.464	-1.184	0.688	-0.957	0.251	-0.081	-0.575	1.496	1.415	-1.228	-0.499	-1.174	0.716	-0.113	-0.161	-0.354	-0.838	-0.917	0.371	-0.652	-0.869	0.065	-0.975	-0.343	0.263	0.250	-0.384
Magneto	AMB_RS08750	AMB_RS08750		site-specific integrase	-0.993	0.357	0.220	-1.259	-0.692	-0.818	-0.270	0.289	0.667	-0.555	-0.642	-0.101	0.460	0.016	-0.054	0.517	0.935	0.512	-0.165	0.611	-1.397	0.187	1.019	0.772	-0.533	-0.285	-0.008	-0.708	-0.209	-0.469	-1.536	-0.892	-0.786	1.533	-0.164	-0.571
Magneto	AMB_RS08765	AMB_RS08765		hypothetical protein	1.473	-0.474	-1.255	-0.254	-1.718	-1.780	-0.869	-1.201	-0.840	-0.225	1.305	-0.024	-1.069	-1.328	-1.540	-0.325	-1.267	0.211	-0.156	-0.269	-0.687	-0.321	-0.084	-0.655	-0.978	-0.228	0.285	0.493	0.686	0.470	-0.741	-0.052	-0.734	0.235	1.712	0.788
Magneto	AMB_RS08770	AMB_RS08770		hypothetical protein	0.220	-0.097	-0.089	0.385	-0.145	0.580	0.962	0.447	0.666	-0.200	0.039	-0.335	0.004	0.747	0.169	1.223	0.550	0.242	0.010	1.607	0.666	-0.320	-0.139	0.655	-0.766	-0.810	-1.615	-0.969	-1.087	-1.267	-0.421	0.469	-0.636	-1.085	-0.757	-1.182
Magneto	AMB_RS08790	AMB_RS08790		hypothetical protein	-0.477	0.001	0.189	-0.417	-0.323	1.004	-1.179	-0.404	0.139	-0.206	-0.064	0.151	-0.046	-0.349	0.061	-0.357	-0.130	-0.915	0.723	-0.914	0.129	-0.969	0.547	-0.049	0.116	-0.694	-1.317	-1.226	-0.333	-0.431	-0.079	-1.735	-0.648	-2.329	0.127	-2.128
Magneto	AMB_RS08795	AMB_RS08795		hypothetical protein	0.322	0.236	0.918	1.114	1.421	1.163	0.362	-0.836	0.831	0.240	-0.050	0.886	0.861	1.263	0.801	0.497	1.504	-0.252	-0.658	1.068	0.203	0.674	0.267	1.036	-0.083	-1.070	-0.367	-0.664	-1.485	-0.951	-0.422	-0.141	-1.029	1.404	0.052	-0.609
Magneto	AMB_RS08800	AMB_RS08800		hypothetical protein	1.396	1.231	-0.815	1.282	-1.070	0.873	-0.330	-0.186	-0.297	0.411	0.399	0.989	-0.521	-0.798	-0.883	-1.266	0.017	0.162	0.712	-0.098	1.221	-0.235	-1.210	-0.684	-1.453	-0.972	-1.592	-1.014	-1.210	-1.002	1.351	0.527	0.979	1.152	1.283	1.312
Magneto	AMB_RS08810	AMB_RS08810		phage head protein	-1.446	1.870	-0.445	1.085	0.582	0.519	1.111	1.889	1.214	-0.494	-0.547	0.343	0.799	1.334	1.323	1.346	1.050	1.290	0.288	-0.372	-0.855	1.485	1.582	1.353	0.219	-0.228	0.592	-0.575	0.047	0.219	-1.648	-2.933	-2.401	-0.668	-0.693	-1.211
Magneto	AMB_RS08815	AMB_RS08815		phage tail protein	-0.279	1.925	-1.279	-0.120	-0.753	0.143	-0.330	0.317	-1.075	-1.954	-0.269	-1.031	-0.861	-0.183	-0.051	-0.906	-0.089	-0.831	-0.537	-0.293	-2.289	0.112	0.030	0.987	-0.552	-0.430	0.189	0.314	-0.978	0.087	-1.608	-2.779	-1.915	0.372	-0.274	-1.238
Magneto	AMB_RS08825	AMB_RS08825		hypothetical protein	-0.817	-0.606	-0.164	-0.865	0.132	-0.082	0.165	0.494	-0.049	0.110	-1.471	-1.901	-0.251	-0.393	0.506	0.925	0.186	0.116	-0.205	2.596	-1.548	1.037	-0.550	0.743	-0.746	-0.377	1.826	-0.407	0.782	1.320	0.132	-0.391	2.698	0.915	0.696	1.839
Magneto	AMB_RS08835	AMB_RS08835		hypothetical protein	-0.386	-0.779	-0.686	-0.095	-0.743	-0.419	-0.816	0.265	-0.151	-0.671	0.611	0.087	-0.912	-0.928	0.227	-0.533	-0.423	0.688	0.253	-0.297	0.791	-0.175	0.146	-0.670	0.786	1.164	1.242	1.429	0.642	0.884	1.173	0.832	1.153	0.590	0.773	1.171
Magneto	AMB_RS08840	AMB_RS08840		transcriptional regulator	-1.024	1.305	-1.290	-1.784	0.186	0.796	-0.448	-1.258	-0.696	-1.469	-0.631	-0.915	-0.845	-0.449	-0.847	-1.015	-0.430	-0.385	-1.471	-0.326	-1.653	-0.447	-1.398	-1.063	0.826	0.793	0.773	0.781	0.475	0.808	0.115	1.635	-1.363	0.239	-0.103	0.454
Magneto	AMB_RS08855	AMB_RS08855		hypothetical protein	0.599	-0.542	-0.164	-0.664	-0.479	0.984	-0.169	-0.925	-1.225	-1.111	-0.044	-0.915	0.357	-0.522	-0.253	-0.640	-1.138	0.199	-0.575	-0.774	-0.231	-0.827	0.288	0.905	0.767	1.595	0.767	0.751	1.379	1.486	1.168	0.802	0.476	-0.079	2.319	0.318
Magneto	AMB_RS09020	AMB_RS09020		hypothetical protein	1.965	-0.318	-0.194	0.211	-1.182	0.786	-0.243	0.495	0.446	-0.066	0.324	0.723	0.366	-0.133	-0.303	-0.052	0.407	0.563	0.043	-0.166	-0.404	-0.270	0.145	0.420	-1.148	-0.550	-0.881	-0.252	-0.593	-0.900	-2.014	-0.492	-1.493	-0.545	0.682	0.896
Magneto	AMB_RS09025	AMB_RS09025		hypothetical protein	1.229	0.040	1.234	-0.972	0.248	1.184	0.346	1.963	1.520	2.499	0.946	-0.362	0.456	0.604	1.971	0.641	1.243	2.328	1.247	0.305	0.305	0.126	-0.645	0.683	-0.187	0.820	0.103	0.408	-0.274	1.085	1.152	0.202	-0.494	-0.649	-0.660	0.545
Magneto	AMB_RS09030	AMB_RS09030		DNA methyltransferase	-2.061	-1.984	-0.212	0.775	-0.257	-0.186	-0.094	0.733	-0.034	0.872	-1.494	-0.285	0.598	-0.244	0.032	0.477	0.069	-0.313	0.125	0.446	-0.075	0.193	0.633	0.066	-2.053	-1.687	-1.914	-1.743	-1.443	-1.956	-0.302	-0.517	-1.889	0.155	-1.604	-1.719
Magneto	AMB_RS09035	AMB_RS09035		hypothetical protein	-0.993	-0.136	1.640	0.274	-0.384	0.154	0.153	0.470	0.468	-0.021	0.530	-0.042	0.337	0.585	-0.029	-0.057	0.617	-0.986	-0.987	-0.414	0.146	-0.855	-0.647	1.064	0.748	0.373	0.506	-0.005	0.962	-1.287	1.779	-1.427	-0.988	-0.071	0.008	0.440
Magneto	AMB_RS09040	AMB_RS09040		hypothetical protein	1.722	0.176	0.174	-0.207	-1.094	0.422	0.194	-0.954	-0.510	-1.118	0.924	1.065	1.043	-0.183	-0.014	-1.043	0.405	-0.918	-0.364	-0.048	-0.350	0.820	0.498	-0.798	-0.617	-0.739	0.961	-0.467	-0.013	0.011	0.429	0.218	-1.324	0.806	1.099	1.144
Magneto	AMB_RS09050	AMB_RS09050		TrpB-like pyridoxal phosphate-dependent enzyme	-2.997	0.658	0.027	0.160	0.131	0.001	0.153	-0.714	-0.359	-0.108	0.680	-0.893	-0.668	0.058	-0.477	-0.280	-0.975	-1.052	0.305	-0.378	-0.573	0.036	-0.531	-0.514	0.104	-0.828	0.073	0.195	-0.595	-0.169	-0.976	-1.038	0.530	-1.477	-1.104	-0.280
Magneto	AMB_RS09055	AMB_RS09055		AsmA family protein	-0.851	0.036	1.398	-1.471	0.678	-0.491	-0.818	-0.001	-0.004	-0.462	0.317	-1.530	0.551	0.841	-0.690	2.154	0.538	0.357	0.465	0.410	-0.854	0.024	1.323	0.142	-0.254	-0.210	-0.454	-0.181	0.127	-0.377	0.241	0.033	-0.421	-0.378	-1.161	-0.759
Magneto	AMB_RS09060	AMB_RS09060		hypothetical protein	-0.558	0.174	2.177	0.778	1.773	0.124	-1.470	0.339	0.689	1.245	-0.040	-0.634	-0.110	-0.309	-0.541	-1.246	-1.982	0.045	-0.813	0.486	-1.705	0.546	0.806	-0.524	-0.085	-0.229	0.849	0.121	0.506	-0.162	-0.809	-0.947	0.503	0.118	0.421	0.210
Magneto	AMB_RS09065	AMB_RS09065		hypothetical protein	-1.218	-0.835	1.372	0.284	0.849	1.140	0.335	2.126	0.316	1.386	0.703	1.607	1.837	1.342	1.511	1.221	0.360	-0.350	1.895	1.505	1.467	0.656	1.135	1.954	-0.014	0.100	0.406	-0.337	-0.103	0.506	-0.037	-0.214	-0.787	1.219	-1.524	-0.179
Magneto	AMB_RS09070	AMB_RS09070		gamma carbonic anhydrase family protein	-1.223	0.395	-0.012	-0.421	0.168	-0.874	-1.035	0.613	-0.684	-1.980	-1.302	-3.524	-0.443	-0.162	-1.350	-1.033	0.587	-0.461	-0.517	0.429	-1.488	-0.172	-1.472	-0.922	-1.991	-1.579	-0.814	-0.802	-0.440	-0.815	-0.434	0.076	1.260	-0.569	-0.490	-1.509
Magneto	AMB_RS09080	AMB_RS09080		peptide-modifying radical SAM enzyme CbpB	1.197	0.021	-0.906	-0.001	-0.022	-1.057	-0.149	-0.377	-0.902	-0.930	-0.443	0.863	-0.591	-1.009	-0.416	-0.122	-0.360	-0.104	-0.523	0.536	-1.917	-0.240	-1.066	-0.571	-1.267	-0.675	-0.557	-1.129	-0.964	-0.442	-0.306	-1.377	-0.820	-0.498	-0.385	-0.879
Magneto	AMB_RS09085	AMB_RS09085		DUF4189 domain-containing protein	-0.144	-0.934	1.710	1.525	0.610	0.813	1.688	1.118	0.969	0.120	0.946	0.407	1.408	0.679	0.356	-0.489	0.302	0.429	1.227	-0.360	0.443	1.156	1.053	-0.247	1.492	0.722	1.399	1.218	1.015	1.210	-0.152	1.071	0.904	1.585	-0.119	1.991
Magneto	AMB_RS09090	AMB_RS09090		hypothetical protein	0.068	-1.507	-0.010	0.152	-0.162	-0.388	-1.535	-1.302	-1.858	0.441	0.578	0.861	-0.564	-1.008	-0.081	-1.491	-1.148	-0.665	0.751	0.439	0.549	-0.762	-0.276	0.677	-1.069	-0.469	-0.484	-1.807	-2.364	-1.572	1.638	0.469	0.865	0.962	0.720	1.448
Magneto	AMB_RS09095	AMB_RS09095		hypothetical protein	-0.487	-2.662	-0.322	-3.100	-4.856	-2.094	-4.512	-3.713	-2.482	-2.859	1.005	0.360	-0.749	-2.391	-2.195	-2.554	-2.547	-3.268	-1.385	-1.228	-1.497	-2.915	-3.554	-4.068	-2.809	-4.400	-3.657	-4.771	-3.849	-2.933	-1.471	-1.464	-1.381	-0.890	-1.695	-2.534
Magneto	AMB_RS09100	AMB_RS09100		hypothetical protein	-1.382	-0.862	1.303	-0.007	0.129	0.110	1.029	0.868	0.919	0.210	1.216	0.777	-0.490	-0.179	0.326	1.725	-1.115	-0.144	0.199	0.635	0.313	0.465	0.313	0.020	-0.126	0.191	-0.398	0.240	0.272	0.047	0.133	0.588	0.529	1.786	0.202	-0.160
Magneto	AMB_RS09110	AMB_RS09110		diguanylate cyclase response regulator	-0.349	1.577	-0.688	-1.521	-0.787	-1.264	0.119	-0.189	0.222	-1.386	-0.196	-1.448	-0.814	-1.589	-0.183	-0.046	-0.607	-0.062	-0.721	-1.755	-0.769	-0.862	-0.443	-0.432	-0.914	-0.085	0.033	0.297	0.474	0.772	-1.429	-1.220	0.198	-0.625	0.707	0.496
Magneto	AMB_RS09115	AMB_RS09115		hypothetical protein	1.852	0.726	0.205	1.883	0.768	-0.325	0.634	1.089	0.362	1.470	3.841	-0.449	1.523	0.605	1.045	0.012	0.148	0.948	-0.163	0.302	0.918	1.512	0.132	1.671	0.093	-1.788	-0.237	0.312	-0.959	-0.895	-0.277	-1.363	-1.347	-1.631	-1.306	-1.454
Magneto	AMB_RS09120	AMB_RS09120		ABC transporter ATP-binding protein	0.424	0.410	0.168	-1.362	0.094	-0.931	-1.041	-1.405	-0.048	0.410	-0.591	-0.405	0.259	-2.072	-1.121	-0.766	0.277	0.415	-1.414	-1.375	0.905	-0.678	0.526	-1.854	-2.215	-1.523	-2.719	-2.289	-2.699	-1.771	-1.022	-1.656	-1.528	-0.518	-2.011	-2.594
Magneto	AMB_RS09125	AMB_RS09125		ABC transporter ATP-binding protein	-2.400	-0.476	-1.470	-0.674	-0.029	-0.339	-2.296	-1.008	-2.296	1.590	0.075	0.010	0.070	-0.689	0.119	-0.626	-1.792	-2.626	1.191	-0.791	0.224	0.768	-1.187	-0.162	-2.095	-1.176	-2.119	-2.006	-1.564	-1.931	-1.392	-2.091	-2.629	-1.964	-2.514	-4.240
Magneto	AMB_RS09130	AMB_RS09130		high-affinity branched-chain amino acid ABC transporter permease LivM	0.312	-0.287	-0.491	-1.529	-0.807	0.012	-1.798	-0.385	-0.040	1.088	-0.077	0.422	0.393	-0.553	-0.024	-0.618	-0.212	-1.297	1.251	-0.649	0.711	-0.125	-0.099	-0.723	-1.484	-2.684	-2.893	-2.349	-2.794	-2.465	-2.388	-3.000	-5.138	-3.627	-2.930	-4.497
Magneto	AMB_RS09135	AMB_RS09135		branched-chain amino acid ABC transporter permease	0.086	-0.626	-0.234	0.207	-1.241	-0.580	1.126	-0.040	-0.312	-0.045	-0.814	0.117	0.381	-0.025	-0.527	0.039	-0.077	-0.056	-0.225	-0.715	-0.091	-0.379	1.506	-1.661	-1.563	-0.472	-1.560	-1.465	-1.615	-1.358	-2.581	-2.791	-3.158	-1.029	-2.203	-1.873
Magneto	AMB_RS09140	AMB_RS09140		methyl-accepting chemotaxis protein	-0.360	-1.098	-0.496	0.361	0.055	0.816	-1.863	0.057	0.577	0.204	0.162	-0.408	-0.522	-0.649	0.745	-0.885	0.137	-0.031	-1.022	-1.214	-1.265	-0.109	-0.318	0.551	-0.883	-0.012	-0.279	-0.121	0.716	0.112	-0.463	-0.947	-1.052	-0.926	-0.185	0.569
Magneto	AMB_RS09150	AMB_RS09150		Cu(I)-responsive transcriptional regulator	-0.161	-0.144	-1.240	-0.110	-0.469	0.719	-1.247	0.127	-0.520	-0.443	-0.076	-0.818	0.324	-1.594	0.669	-0.657	-0.149	0.019	-1.061	0.965	0.052	0.050	1.123	-0.349	1.042	0.262	0.671	0.593	0.151	0.721	1.834	0.954	-0.346	-1.245	0.066	0.907
Magneto	AMB_RS09155	AMB_RS09155		divergent polysaccharide deacetylase family protein	-0.324	-0.037	-1.008	-0.240	-0.987	1.426	-1.155	-0.359	-0.459	-0.361	-1.308	-0.790	0.154	-0.239	-2.121	-0.083	-1.057	-1.499	0.064	-0.492	-1.202	0.527	0.153	-0.239	-0.707	0.280	-0.093	-0.652	0.140	-0.208	0.451	0.049	-0.547	-0.118	-2.621	-0.790
Magneto	AMB_RS09165	AMB_RS09165		hypothetical protein	0.550	-0.229	-0.261	-0.463	-1.031	-0.440	0.140	0.385	-0.657	-0.735	0.755	1.466	-0.056	-0.000	1.111	-0.813	-1.223	-0.248	-0.425	-0.186	-0.860	-1.420	-0.003	-0.879	-0.180	-0.018	-0.540	0.065	0.181	-0.568	-1.228	-0.570	-0.381	-0.653	-0.375	-0.000
Magneto	AMB_RS09170	AMB_RS09170		hypothetical protein	-1.065	-0.240	-0.870	0.323	-1.234	-0.206	-0.925	-0.496	-1.465	0.500	-0.124	0.888	-0.556	0.251	-0.744	0.777	-0.919	-0.126	0.955	0.901	0.572	0.661	0.141	-0.478	0.470	0.411	-0.168	-1.347	-0.377	-0.749	1.092	0.214	0.595	1.561	1.580	1.521
Magneto	AMB_RS09195	AMB_RS09195		NAD(P)/FAD-dependent oxidoreductase	0.823	-0.213	-1.414	-1.592	-1.081	-0.989	-0.442	-0.497	-0.564	0.322	0.701	-1.666	-0.670	-1.118	0.221	0.211	0.103	-0.113	0.164	-0.797	0.186	-1.215	-0.250	-0.406	0.329	1.180	0.718	0.700	1.631	0.715	-1.214	-1.582	-0.139	0.754	-0.353	0.693
Magneto	AMB_RS09230	AMB_RS09230		class I SAM-dependent methyltransferase	1.160	0.811	-0.736	-0.163	-0.873	0.345	-0.133	1.043	-0.502	-0.517	-0.479	-0.290	0.436	-0.952	-0.226	0.097	-0.027	1.039	-0.062	-0.384	0.424	-0.552	-0.597	-0.052	0.605	0.546	0.238	-0.139	0.149	0.213	-0.641	-0.336	0.254	1.815	0.524	0.580
Magneto	AMB_RS09235	AMB_RS09235		hypothetical protein	-0.354	0.188	-1.201	-1.195	-0.097	-0.475	-1.000	-1.125	-0.349	-0.925	-1.546	-0.327	-1.129	-1.741	-1.509	-0.876	-0.545	-1.141	-0.817	-1.556	-1.297	-1.137	-1.660	-0.681	-0.528	-0.247	-1.145	-0.535	-0.334	-0.738	-0.460	0.671	-0.722	-0.674	-0.786	-1.488
Magneto	AMB_RS09245	AMB_RS09245		transcriptional regulator	1.406	-0.847	0.142	-0.957	-0.905	-1.415	0.253	-0.473	0.083	0.171	-0.492	-0.392	-0.908	-0.092	0.110	-0.399	0.086	-0.639	0.106	-0.081	0.473	0.641	1.591	-0.581	-0.222	-0.084	-0.193	0.137	0.305	0.145	0.486	0.320	0.705	-0.535	-1.196	0.506
Magneto	AMB_RS09255	AMB_RS09255		arsenate reductase ArsC	-0.068	0.918	-0.066	-0.585	0.463	-1.251	-0.339	-0.491	-1.474	0.153	-0.438	-0.354	0.118	-1.815	-0.243	-0.343	-1.447	-0.608	0.513	1.375	-0.763	-0.998	0.104	-0.276	-2.256	-2.756	-1.694	-1.724	-1.473	-2.306	-0.893	-2.503	-0.996	-1.129	-0.815	-0.788
Magneto	AMB_RS09260	AMB_RS09260		arsenical-resistance protein	0.838	-0.620	-0.722	-1.173	-0.788	-2.066	-0.623	-0.603	-0.226	-0.310	-0.191	-1.279	-1.996	-1.382	-1.226	-1.609	-1.703	-1.714	-1.024	-1.059	-1.979	-1.053	-0.108	-1.028	-1.398	-1.052	-0.523	-1.147	-0.530	-0.322	-2.195	-1.420	-1.638	0.585	-0.746	-1.514
Magneto	AMB_RS09265	AMB_RS09265		arsenate reductase (glutaredoxin)	1.438	-0.517	0.384	1.568	1.436	2.192	0.983	1.616	-0.148	0.499	0.847	0.418	0.734	-0.600	0.947	0.390	0.795	1.599	-0.350	1.296	0.926	-0.271	1.234	1.334	0.338	0.684	-0.190	-0.843	0.586	0.768	1.107	-1.073	-0.323	0.532	0.372	1.168
Magneto	AMB_RS09270	AMB_RS09270		arsenical resistance operon transcriptional repressor ArsD	-0.892	-0.431	0.227	0.316	-0.518	-0.060	0.563	-1.343	0.113	-0.239	-1.427	0.683	0.428	-0.747	-1.570	0.531	-1.016	0.512	-0.010	-1.719	-0.095	-0.282	-0.975	-0.899	-2.369	-2.183	-1.664	-1.177	-2.228	-1.359	-1.248	-2.304	-0.842	-2.063	-2.362	-1.092
Magneto	AMB_RS09275	AMB_RS09275		arsenical pump-driving ATPase	1.894	0.786	0.424	-0.379	-0.953	0.321	-1.614	-1.894	-0.132	-0.006	-0.345	-1.613	-0.575	-0.626	-1.370	-1.116	-1.229	-0.578	-0.065	-0.370	0.271	-1.267	-0.360	-0.583	0.232	0.548	0.158	0.081	-0.336	-0.659	2.072	1.409	1.382	1.102	1.266	-0.122
Magneto	AMB_RS09280	AMB_RS09280		ArsR family transcriptional regulator	0.119	-0.012	-1.410	-0.690	-0.854	-1.198	-0.794	-0.943	0.465	-1.653	-1.008	-1.856	-1.000	-1.830	-1.331	-0.245	-0.145	0.085	-0.943	-0.094	-0.428	-0.972	-0.749	-0.294	-0.109	0.169	-0.570	-0.006	-0.157	-0.180	-0.437	-1.441	-1.351	-1.753	-0.469	-2.127
Magneto	AMB_RS09290	AMB_RS09290		MFS transporter	-1.865	0.371	1.493	1.212	0.939	0.559	0.416	0.871	0.170	1.525	1.028	1.727	1.817	1.704	1.535	1.300	0.336	1.098	1.922	1.433	2.304	0.437	0.440	1.385	0.334	0.816	0.378	0.468	0.661	0.866	-0.388	-0.137	-0.274	0.979	0.097	0.938
Magneto	AMB_RS09295	AMB_RS09295		carboxymuconolactone decarboxylase family protein	2.329	0.507	1.209	1.162	0.274	-0.559	0.539	0.223	-0.885	-0.788	-0.119	-0.231	0.802	1.447	0.297	-0.777	0.060	0.768	0.560	-1.185	-0.284	0.667	0.429	0.546	-1.929	-1.829	-2.483	-1.880	-1.848	-1.842	-0.796	-1.361	-1.226	-0.959	-1.060	-1.417
Magneto	AMB_RS09300	AMB_RS09300		rubrerythrin	1.289	-1.592	-1.157	-2.004	-0.851	-2.251	-1.719	-1.452	-1.879	-1.725	-0.279	-0.779	-1.956	-1.177	-1.770	-2.057	-0.795	-2.861	-1.000	0.201	-2.585	-1.067	-1.222	-1.466	0.256	-0.711	-1.019	0.319	-0.040	0.127	-0.478	-1.294	1.052	-0.828	-1.607	-1.948
Magneto	AMB_RS09305	AMB_RS09305		two-component system response regulator	0.557	-1.026	-0.206	0.195	0.904	-0.005	0.273	0.250	-0.398	0.310	-1.919	-0.524	-0.369	-0.050	1.448	0.250	-0.347	0.451	-0.286	0.009	-1.002	-0.659	-0.388	-0.356	-0.555	0.257	-0.104	-0.268	0.150	0.405	0.172	-1.002	-0.058	-0.380	0.604	0.195
Magneto	AMB_RS09310	AMB_RS09310		two-component system response regulator	-1.230	0.696	0.173	0.412	-0.028	0.022	0.638	0.847	0.499	0.552	-2.237	-0.960	0.270	1.171	0.137	1.387	0.010	0.719	0.110	-1.759	0.140	0.518	1.122	-0.945	0.025	0.855	0.735	-0.441	0.065	0.111	1.212	-0.177	0.088	-0.584	0.483	-0.159
Magneto	AMB_RS09315	AMB_RS09315		PAS domain S-box protein	-0.084	-0.526	-0.555	-0.687	0.397	-0.884	0.119	-1.000	-0.309	0.883	-0.009	0.738	0.543	-0.132	-1.381	-0.575	-0.847	-1.423	0.585	0.895	0.463	0.371	-0.545	-0.512	-0.272	-0.389	-0.915	-0.267	-0.497	-0.861	0.661	0.408	1.801	1.082	2.111	1.050
Magneto	AMB_RS09320	AMB_RS09320		glycoside hydrolase family 3 protein	0.235	-0.927	-0.016	0.094	-0.861	-0.737	-0.301	-0.274	0.715	1.014	0.340	-1.189	0.906	0.239	0.016	0.281	0.253	-0.079	-0.949	-1.276	1.163	-0.570	0.755	0.665	0.247	0.444	-0.024	-0.264	1.361	0.855	0.364	-0.303	-1.916	0.564	0.254	0.095
Magneto	AMB_RS09325	AMB_RS09325		cell envelope integrity protein CreD	-0.794	1.981	-0.070	-0.148	-0.608	-0.521	-0.228	-1.086	-0.945	-1.453	-0.264	-0.270	-1.451	-0.356	0.386	0.194	-1.034	0.398	-0.374	-1.080	-0.577	-0.105	0.206	0.195	-0.397	-0.414	-0.374	-0.534	-0.276	-0.800	-0.140	-0.388	0.254	-1.827	-0.085	-0.223
Magneto	AMB_RS09330	AMB_RS09330		DNA-binding response regulator	0.422	0.043	0.384	-0.280	-0.113	0.401	0.859	-0.443	-0.153	0.039	-1.564	0.599	0.106	0.330	-0.506	-0.048	0.667	-0.112	-0.482	-0.740	-0.778	-0.002	1.437	-0.319	0.166	0.647	0.134	0.036	0.690	-0.327	0.327	-0.148	-1.954	-0.830	1.517	0.136
Magneto	AMB_RS09335	AMB_RS09335		HAMP domain-containing protein	2.058	-0.043	0.937	-0.217	0.524	-0.743	-0.050	0.960	0.474	3.142	1.680	-0.149	1.655	0.093	-0.542	0.009	0.839	0.385	0.747	0.806	0.544	1.341	-0.843	0.150	0.468	0.685	0.385	0.136	0.732	0.781	1.995	1.276	0.514	0.417	0.259	0.686
Magneto	AMB_RS09350	AMB_RS09350		SufS family cysteine desulfurase	-2.213	-0.339	-0.358	-1.023	-0.089	0.880	0.807	0.213	-0.796	0.040	2.000	-0.677	-0.862	0.327	0.371	-0.403	0.426	0.096	-0.407	-0.749	0.652	0.314	-0.517	0.616	0.018	-1.080	-0.237	-0.650	-0.287	-0.381	-1.711	0.342	-0.068	0.102	-0.078	-0.321
Magneto	AMB_RS09355	AMB_RS09355		hypothetical protein	0.160	0.406	-0.684	0.188	1.360	0.899	1.676	-0.612	0.770	0.352	1.945	3.536	0.971	0.993	1.041	-0.093	-0.180	0.562	1.101	0.200	0.025	-0.092	1.189	1.212	-0.313	0.596	0.523	-0.058	0.658	-0.352	-0.721	2.177	0.408	-1.700	0.120	0.685
Magneto	AMB_RS09360	AMB_RS09360		DUF2325 domain-containing protein	-0.154	-1.125	-1.409	-0.494	1.328	2.811	0.862	-0.587	0.914	1.326	0.450	-1.307	-0.343	0.662	0.042	-0.576	0.017	0.478	0.246	0.044	0.341	-0.091	0.491	-0.457	0.775	-0.342	0.426	-0.356	0.485	-0.360	1.502	1.626	0.144	0.614	-0.953	0.092
Magneto	AMB_RS09365	AMB_RS09365		serine O-acetyltransferase	-0.782	-0.099	-0.007	0.439	1.038	0.277	-0.237	0.669	0.709	0.073	-1.417	0.557	1.134	-0.233	0.777	0.446	1.216	0.788	0.436	-0.667	-1.324	0.878	1.751	0.907	-1.560	-0.985	-0.864	-1.138	-1.328	-1.043	-1.376	-1.992	-2.708	-1.785	-0.780	-1.562
Magneto	AMB_RS09370	AMB_RS09370		EAL domain-containing protein	1.116	-0.289	0.572	1.757	1.829	0.872	-0.770	0.451	1.797	0.340	0.049	0.576	1.120	0.074	0.732	1.413	1.078	1.091	-0.032	-0.146	0.375	-0.426	0.285	0.494	-0.012	0.432	-0.134	-0.031	-0.507	-0.173	1.030	-0.350	0.479	-0.183	-0.124	0.698
Magneto	AMB_RS09375	AMB_RS09375		nitrate ABC transporter substrate-binding proteins	1.542	0.471	0.493	0.699	0.494	-0.029	1.257	0.033	1.185	0.474	0.275	0.335	-0.009	0.133	0.635	0.569	0.261	0.527	-0.164	-0.031	-0.696	0.840	0.234	0.050	-1.272	-0.913	-0.616	-1.046	-1.173	-0.696	-1.437	-0.007	-1.114	-1.495	-1.308	0.898
Magneto	AMB_RS09380	AMB_RS09380		ABC transporter permease	-1.317	1.310	-0.573	0.074	-2.191	0.573	-1.142	-1.617	-0.710	-1.049	-0.405	-0.593	-0.732	-0.912	-0.844	-0.287	-0.611	-1.127	-1.213	0.461	-0.723	0.164	-0.529	-0.931	-0.390	-0.740	0.072	-0.148	-0.279	-0.450	1.193	0.319	-0.508	-0.651	-1.070	-0.378
Magneto	AMB_RS09385	AMB_RS09385		sulfotransferase	-1.359	0.144	0.356	0.164	-0.136	-0.258	1.378	0.136	0.213	1.485	1.025	1.177	0.588	0.411	0.266	0.583	0.426	-0.303	0.037	0.823	-0.262	0.352	-0.074	0.405	0.163	-0.726	0.222	-0.238	-0.310	0.556	1.311	-0.322	-1.468	-1.126	-0.765	-0.525
Magneto	AMB_RS09390	AMB_RS09390		Crp/Fnr family transcriptional regulator	1.568	-0.528	0.920	0.699	0.266	0.482	-0.286	-0.094	-0.750	0.965	-0.026	0.419	1.879	0.016	1.566	-0.847	-0.127	-0.251	2.322	0.776	1.030	0.107	-0.424	0.541	-1.662	-1.235	-0.418	-1.563	-1.518	-1.517	-0.663	0.222	0.447	1.096	1.513	0.939
Magneto	AMB_RS09395	AMB_RS09395		ABC transporter ATP-binding protein	-0.180	0.245	-0.061	0.107	0.772	-0.379	0.226	-0.085	0.465	0.185	0.540	-0.465	-0.526	0.295	0.421	0.210	1.265	0.282	0.165	1.622	0.867	-0.155	0.444	0.662	-0.509	-0.238	-0.585	-0.365	-0.693	-0.425	1.211	-0.203	-1.422	0.125	-1.459	-0.806
Magneto	AMB_RS09400	AMB_RS09400		ABC transporter permease	0.671	0.055	1.209	0.849	1.478	-0.308	0.373	1.425	1.818	0.077	-0.550	0.446	0.643	0.139	0.058	0.643	-0.190	0.642	1.078	2.038	-0.069	0.482	0.781	0.816	0.007	-0.677	0.200	0.204	0.353	0.450	1.375	0.193	1.035	-0.266	1.902	-0.530
Magneto	AMB_RS09405	AMB_RS09405		ABC transporter substrate-binding protein	-1.636	0.332	0.777	0.435	0.478	0.904	-0.109	-0.039	0.435	0.191	-0.485	0.041	0.151	0.683	0.004	0.419	0.569	-0.657	1.324	1.366	0.577	-0.361	0.892	0.191	-0.830	0.798	-0.215	-0.127	0.097	0.405	0.324	0.592	0.753	1.087	0.912	0.545
Magneto	AMB_RS09415	AMB_RS09415		hypothetical protein	0.492	0.670	0.386	0.715	0.508	0.376	0.284	1.401	1.231	0.339	0.508	0.833	-0.394	0.388	1.154	0.262	0.036	0.567	-0.266	1.274	1.502	0.813	0.811	1.009	-0.422	-0.349	-0.911	-0.650	-0.413	-0.709	-1.076	-1.066	-0.481	0.196	-1.355	-0.628
Magneto	AMB_RS09420	AMB_RS09420		nitrate ABC transporter	0.320	-0.691	-0.258	0.009	0.208	-0.049	0.319	-0.695	-0.320	0.339	-0.493	-1.206	-0.233	0.377	-1.242	0.049	-0.634	0.498	-0.383	-1.044	-0.457	-0.418	0.009	-0.143	-0.390	-0.696	-0.525	0.569	0.383	-0.009	0.762	-0.201	-0.274	0.822	0.369	-0.869
Magneto	AMB_RS09425	AMB_RS09425		ABC transporter permease	-0.875	-1.545	2.015	0.622	0.591	1.420	0.620	0.739	0.534	0.857	-0.420	0.498	1.377	0.658	0.125	-0.091	0.471	1.216	0.209	0.933	0.065	0.708	0.986	0.151	1.241	1.857	0.528	1.591	1.068	0.919	2.778	1.177	0.964	2.398	3.649	1.571
Magneto	AMB_RS09430	AMB_RS09430		ABC transporter ATP-binding protein	3.243	0.048	-1.393	-1.541	-1.286	-0.170	-0.365	-0.779	0.181	-1.848	-0.000	-0.040	-1.130	-1.367	-1.242	-0.312	0.760	-0.614	-0.743	-0.061	-1.773	-0.874	-1.140	-0.646	0.435	-0.697	0.160	-0.395	-0.781	0.530	0.832	-0.182	-0.556	0.422	-0.070	0.478
Magneto	AMB_RS09435	AMB_RS09435		DJ-1/PfpI family protein	0.852	-0.713	-0.032	0.457	-1.134	-0.691	-0.907	0.673	-0.900	0.224	-1.770	0.485	0.026	-0.031	-1.337	-0.495	-1.029	-0.692	-0.573	-1.186	-0.780	-1.180	-0.926	-0.651	-1.640	-1.483	-1.437	-1.179	-1.219	-1.953	-3.253	-1.447	-0.973	-1.843	-1.628	-1.030
Magneto	AMB_RS09460	AMB_RS09460		DNA-binding response regulator	-0.498	0.388	-0.266	0.014	-0.397	-0.248	0.358	-1.026	0.068	-0.423	0.289	0.215	0.853	0.108	0.420	-0.230	-1.365	-1.454	-0.525	-0.395	-1.403	-0.170	-0.406	1.027	-1.859	-2.113	-2.077	-1.836	-1.714	-2.144	-1.555	-2.197	-1.777	-2.615	-2.406	-1.782
Magneto	AMB_RS09465	AMB_RS09465		hybrid sensor histidine kinase/response regulator	1.135	0.416	-0.576	-1.482	0.056	0.133	0.070	-0.956	-1.084	-0.784	0.257	0.219	-0.029	-0.234	-0.646	-0.663	-0.038	-0.243	-0.132	-0.431	0.184	-0.683	-0.349	-0.661	0.981	1.781	-0.096	0.666	0.957	0.492	-0.435	0.251	0.345	1.735	-0.561	0.667
Magneto	AMB_RS09475	AMB_RS09475		outer membrane protein	-0.862	0.783	-0.618	-0.316	0.057	-1.086	0.248	0.375	1.850	0.823	1.739	1.405	0.791	0.930	-0.316	1.220	1.075	1.566	-0.489	0.438	-0.201	0.120	0.170	-0.027	-0.912	0.342	-0.488	0.671	0.657	-0.054	-1.640	0.071	-0.149	-0.036	-0.536	-0.699
Magneto	AMB_RS09480	AMB_RS09480		multidrug efflux RND transporter permease subunit	0.059	0.337	-0.146	0.098	-0.142	-0.352	-0.936	-1.048	-0.253	1.777	2.633	0.928	-0.005	0.009	-0.373	-0.827	-0.341	-0.847	1.802	0.942	0.912	0.050	0.137	-0.047	-0.498	0.939	1.457	-0.177	-0.196	-0.572	2.923	2.286	1.532	1.639	1.569	2.530
Magneto	AMB_RS09485	AMB_RS09485		efflux RND transporter periplasmic adaptor subunit	2.199	0.848	1.954	1.932	1.987	2.511	2.084	1.348	1.950	2.137	0.800	2.461	1.857	1.245	2.183	2.048	1.810	0.730	2.529	1.863	1.943	1.499	1.678	1.614	-0.185	-0.236	-0.260	0.015	-0.337	0.119	0.503	0.247	2.016	0.237	1.512	-0.096
Magneto	AMB_RS09490	AMB_RS09490		TetR/AcrR family transcriptional regulator	1.127	-0.819	-0.554	-0.950	-1.432	-0.000	1.941	0.060	1.391	-1.617	-0.898	-1.171	-1.297	-1.259	-0.132	0.733	0.336	1.635	-1.512	-1.345	0.182	-1.405	-0.515	-0.490	-1.294	-0.136	-1.428	0.204	-0.284	1.111	-1.677	-1.151	-2.142	-0.772	-2.233	-2.205
Magneto	AMB_RS09495	AMB_RS09495		hypothetical protein	0.089	-0.415	-1.097	0.176	-0.950	-1.240	0.043	0.221	0.199	-2.322	1.993	-0.251	0.317	-1.677	0.879	-0.246	-0.246	-0.035	-0.100	-2.329	-0.566	0.904	-0.536	-0.384	0.733	0.648	0.181	1.863	1.640	0.711	0.170	0.637	0.041	-0.409	-0.556	-0.259
Magneto	AMB_RS09500	AMB_RS09500		hypothetical protein	1.147	1.146	-0.418	-0.028	0.277	0.031	-1.340	-0.589	-0.513	-1.494	0.084	-0.213	0.885	-0.254	-0.108	-0.009	0.464	-0.336	-0.393	-0.404	-0.751	-0.701	-0.162	-0.088	-1.699	-1.508	-1.462	-1.605	-1.248	-1.928	-0.760	-0.735	-1.045	-0.582	0.061	-0.946
Magneto	AMB_RS09510	AMB_RS09510		hypothetical protein	1.085	-1.419	0.713	-0.138	0.249	-0.431	-0.141	0.284	-0.037	-1.053	0.016	0.514	0.173	0.138	0.910	0.244	0.630	0.162	-0.624	-0.696	-1.015	-0.767	-0.517	0.111	1.035	0.658	0.678	1.035	0.599	0.224	0.227	1.342	0.878	0.589	1.172	1.575
Magneto	AMB_RS09515	AMB_RS09515		DUF4255 domain-containing protein	-2.714	0.651	-0.044	-1.822	-1.520	-0.582	-0.965	0.266	-1.507	-0.622	-1.796	-1.259	-0.026	-0.097	-0.933	-0.264	-1.435	-0.444	-0.261	-0.741	-0.511	-0.999	-1.115	-0.413	-0.208	-0.205	-0.874	-0.383	0.299	-0.967	-1.511	-0.047	-0.655	-1.105	-0.047	-0.993
Magneto	AMB_RS09520	AMB_RS09520		hypothetical protein	1.470	-1.102	0.724	-0.185	-0.088	-0.074	0.917	0.009	0.865	0.269	-0.512	0.015	0.889	0.410	-0.265	-0.178	2.146	1.007	-0.648	-0.412	0.879	-0.244	0.640	0.310	-0.337	-0.196	-0.497	-0.238	-0.781	-0.273	-0.032	0.468	-0.345	-1.353	-0.840	-0.206
Magneto	AMB_RS09525	AMB_RS09525		phage tail sheath family protein	-1.142	0.657	-0.273	-0.083	-0.459	-0.392	-0.394	-0.672	-0.650	0.285	-0.153	-0.968	-0.189	0.003	0.170	-0.659	-0.296	-0.354	-0.543	-0.741	-0.690	-0.119	-0.951	-0.149	-1.593	-1.405	-1.634	-1.510	-2.038	-1.256	-1.060	-1.712	-1.100	-0.658	-0.442	-1.577
Magneto	AMB_RS09530	AMB_RS09530		phage tail protein	-0.392	-0.577	-1.105	0.673	0.078	0.683	-0.312	-0.199	0.293	0.083	-0.360	1.787	-0.471	0.783	-0.695	0.647	-0.558	0.994	1.312	1.357	0.821	0.541	-0.296	1.175	0.286	-0.226	0.574	0.012	0.406	-0.318	-0.026	-0.318	-1.100	1.219	-1.081	0.709
Magneto	AMB_RS09535	AMB_RS09535		hypothetical protein	-0.276	0.630	-0.459	-0.225	0.377	-0.728	-0.895	0.615	-0.079	-0.109	-0.140	-1.255	0.278	-1.420	-0.464	0.310	-1.272	0.153	0.864	1.075	-0.022	-0.171	-2.444	0.634	1.678	1.452	1.242	1.091	1.017	1.515	0.142	0.617	0.105	-1.342	-0.175	-0.494
Magneto	AMB_RS09540	AMB_RS09540		hypothetical protein	1.465	1.089	-0.446	-0.815	0.640	0.072	0.949	0.243	0.727	0.790	-0.274	-0.413	-0.224	0.885	0.003	-0.190	0.063	-0.007	0.022	0.367	-0.063	0.247	0.090	0.030	-0.082	0.438	-0.123	0.488	0.568	-0.116	0.174	-0.745	0.231	-0.203	0.754	0.557
Magneto	AMB_RS09545	AMB_RS09545		hypothetical protein	0.127	0.993	-2.222	-1.228	-1.695	-2.317	-3.124	-1.439	-1.004	-0.389	-2.559	-0.818	-0.304	-1.581	-1.830	-1.753	-1.494	-1.936	-0.779	-1.036	-1.637	-1.855	-1.278	-1.208	-0.335	-0.303	0.262	-0.803	-0.833	-0.164	-1.582	0.219	-0.943	0.477	-1.004	-0.704
Magneto	AMB_RS09550	AMB_RS09550		hypothetical protein	1.796	-0.592	0.520	-1.198	-1.671	-0.703	0.618	-1.384	-0.829	-1.100	-1.170	0.822	1.145	-0.724	-1.866	0.575	-0.846	-0.821	-0.823	0.390	-0.282	-0.738	0.436	-0.217	0.765	-0.216	0.650	0.153	-0.969	0.634	0.357	-0.547	1.267	-0.479	1.615	0.424
Magneto	AMB_RS09555	AMB_RS09555		hypothetical protein	0.413	-1.163	-1.493	-0.830	-0.081	0.862	0.106	-1.230	-0.700	0.635	-1.064	-0.001	-0.100	-2.038	-0.389	-0.676	0.103	-0.088	-1.022	-0.574	-0.355	-2.192	-0.453	-1.582	0.828	0.369	-0.174	0.228	0.403	-0.043	1.111	0.494	1.214	0.366	2.100	1.353
Magneto	AMB_RS09560	AMB_RS09560		hypothetical protein	0.318	0.202	-1.385	-0.614	-0.429	-0.738	-0.710	-1.410	0.257	-0.165	0.897	1.043	-1.037	-0.962	-0.141	-0.538	-1.072	-0.731	-0.495	-1.211	0.536	-0.606	0.427	-0.304	0.694	0.670	0.451	1.053	1.018	0.660	0.048	0.166	0.931	1.716	1.839	1.552
Magneto	AMB_RS09565	AMB_RS09565		hypothetical protein	-0.998	1.505	-0.594	-0.980	-0.647	-1.690	-1.335	-1.589	-0.906	-0.743	-0.439	-0.367	-1.632	-1.565	-1.072	-0.763	-1.469	-1.273	-1.133	-2.338	-0.955	-1.382	-1.834	-2.478	-1.286	-1.071	-0.779	-0.649	-0.992	-0.962	-0.219	-1.239	-1.226	-0.150	-0.777	-0.704
Magneto	AMB_RS09570	AMB_RS09570		baseplate assembly protein	0.856	1.533	-1.372	-1.193	-0.461	-0.999	-0.892	-0.972	0.419	-1.448	-0.337	-1.538	0.306	-0.164	0.050	-0.757	0.358	-0.713	0.049	-1.257	0.319	-0.700	-0.129	-1.786	-0.448	-0.286	0.066	0.134	0.191	0.070	0.551	-0.498	0.482	-0.651	0.090	0.447
Magneto	AMB_RS09575	AMB_RS09575		hypothetical protein	0.873	0.181	0.121	-0.104	0.759	0.992	0.171	1.430	1.371	0.136	0.293	0.424	-0.127	-0.192	0.632	1.806	0.811	1.120	-0.713	0.549	1.286	0.385	0.876	0.355	0.052	0.597	-0.001	0.332	0.304	0.169	-0.062	0.821	0.313	0.467	-0.597	0.556
Magneto	AMB_RS09580	AMB_RS09580		putative baseplate assembly protein	-1.470	-0.039	0.213	0.016	0.430	-0.154	-0.392	-0.263	-0.063	0.847	0.741	0.597	-0.121	0.064	0.201	-0.050	-0.764	-0.682	0.603	0.194	-0.366	-0.130	0.078	-0.431	1.023	1.585	1.148	-0.004	0.438	0.038	0.796	1.363	1.549	1.654	1.731	0.782
Magneto	AMB_RS09585	AMB_RS09585		hypothetical protein	-4.301	-0.551	0.883	0.435	-0.200	-0.328	-0.078	1.059	0.893	0.714	0.546	0.413	0.688	1.160	0.900	0.554	0.174	0.720	0.685	-0.249	1.553	0.314	0.795	0.534	0.547	0.215	-0.644	0.161	0.292	-0.216	1.782	-0.132	-0.533	-0.354	-0.415	0.453
Magneto	AMB_RS09590	AMB_RS09590		hypothetical protein	-1.304	-0.038	0.377	0.879	0.687	0.759	0.739	0.304	0.050	0.764	-0.343	0.256	0.401	1.284	1.437	0.157	-0.221	-0.421	1.231	1.193	0.562	1.387	0.692	0.693	-0.281	0.598	0.150	-0.503	-0.333	-0.048	0.667	0.476	-0.668	-0.561	-0.244	0.217
Magneto	AMB_RS09595	AMB_RS09595		hypothetical protein	-0.289	-0.515	-0.109	-2.424	-0.640	-1.245	-0.949	-1.445	-0.456	-1.089	0.658	0.007	-0.967	-0.876	-0.293	-1.314	-1.946	-1.715	-1.787	-2.454	-0.219	-1.096	-0.420	-1.109	-0.784	-0.606	-0.661	-1.054	-0.202	-0.888	0.014	-0.383	-0.435	0.017	-1.866	-0.657
Magneto	AMB_RS09605	AMB_RS09605		hypothetical protein	-0.074	0.874	-1.111	-1.173	-1.025	-1.438	-1.611	-0.785	-2.245	-1.251	1.792	-0.399	-0.001	-1.731	-1.809	-0.111	-2.397	-2.117	-0.353	-1.479	-0.959	-0.338	-1.193	-0.933	-0.824	-0.334	-0.937	-0.825	-1.432	-0.483	-0.242	-0.270	-0.304	-1.848	-1.508	-1.003
Magneto	AMB_RS09610	AMB_RS09610		aspartyl/asparaginyl beta-hydroxylase domain-containing protein	1.628	1.032	0.424	0.230	0.275	1.438	-0.075	0.668	1.656	0.683	1.384	-0.317	0.710	1.083	0.312	0.662	0.773	0.964	0.521	0.333	0.427	0.391	0.921	0.193	0.254	1.381	0.592	-0.340	1.069	0.536	0.954	0.691	-0.478	1.002	1.431	0.021
Magneto	AMB_RS09615	AMB_RS09615		ATP-binding protein	1.585	1.004	0.947	0.090	-0.745	0.634	1.480	1.105	0.178	-0.166	-0.416	0.611	-0.206	0.326	0.730	0.057	0.604	-0.889	1.749	-0.331	0.433	0.767	0.679	-0.337	-0.124	-1.020	0.104	-1.074	0.379	-0.098	-2.078	-0.078	-1.363	-1.954	0.515	-0.409
Magneto	AMB_RS09620	AMB_RS09620		hypothetical protein	-0.573	0.369	0.712	0.752	0.349	-0.221	0.010	-0.583	0.719	0.421	1.299	-0.964	1.282	0.281	0.967	1.247	0.960	-0.026	1.333	1.747	0.257	1.045	-1.138	0.811	-0.431	-0.555	-0.188	-0.224	-0.871	-0.172	-1.395	-1.007	-0.413	-0.978	-0.386	-2.330
Magneto	AMB_RS09625	AMB_RS09625		hypothetical protein	2.669	-0.371	0.379	-0.939	-0.461	-1.157	0.424	-0.665	0.235	-0.226	-0.186	-1.686	-0.776	-0.575	-0.796	-0.345	-1.674	-1.966	-1.278	0.105	-1.250	-0.903	-1.257	-0.218	-0.079	-0.508	0.421	-0.681	-0.146	0.179	-0.156	-0.717	0.611	-0.009	-0.094	0.523
Magneto	AMB_RS09630	AMB_RS09630		hypothetical protein	-1.150	1.471	-0.078	-0.121	-0.828	0.640	-0.853	-0.408	0.733	1.103	0.750	0.687	0.895	-0.266	0.275	0.188	0.146	0.070	-0.288	-0.029	0.146	-0.065	0.664	-0.297	-0.805	-0.407	-0.858	-1.084	-0.477	-1.037	0.670	-0.905	-1.171	-0.102	0.535	-0.388
Magneto	AMB_RS09635	AMB_RS09635		hypothetical protein	-0.107	-0.819	0.639	-0.012	1.099	0.433	0.848	-0.230	0.820	0.771	1.847	1.535	0.996	0.455	-0.042	-0.611	0.611	-0.150	-0.235	0.001	0.323	0.347	0.204	0.175	0.402	0.259	-0.272	0.420	-0.129	-0.002	-0.861	-0.913	-0.680	-1.403	-0.490	0.711
Magneto	AMB_RS09640	AMB_RS09640		potassium-transporting ATPase A chain	-0.041	-0.851	-0.338	-2.173	-0.439	-0.230	0.113	-0.989	-0.089	-0.067	0.856	0.058	-0.906	-0.660	-0.573	-1.177	-1.153	0.155	-0.148	-0.954	0.235	-0.648	-0.846	-0.105	-1.566	-0.922	-0.971	-1.426	-0.771	-1.370	-2.156	-1.488	-0.684	-0.671	0.027	-1.578
Magneto	AMB_RS09645	AMB_RS09645		K(+)-transporting ATPase subunit B	0.293	-0.196	-1.375	-0.567	0.399	-0.990	0.244	0.075	-0.548	0.089	-1.238	-0.579	0.271	-1.336	0.070	-0.408	0.219	-1.580	0.294	-0.701	-0.750	-0.620	0.171	-0.347	0.588	0.903	1.102	0.569	1.496	0.739	-1.612	0.877	-0.039	-0.673	0.402	-0.356
Magneto	AMB_RS09655	AMB_RS09655		sensor histidine kinase KdpD	0.138	0.676	0.945	1.699	0.809	1.348	0.438	1.122	0.901	0.013	2.133	0.771	0.873	-0.114	1.140	1.852	0.480	1.442	0.331	1.226	0.439	1.668	0.295	0.611	-0.407	-0.013	-0.559	-0.073	0.325	-0.381	-0.867	-1.433	-1.322	-0.014	0.861	-0.387
Magneto	AMB_RS09660	AMB_RS09660		DNA-binding response regulator	-1.162	0.429	-0.619	-0.187	-1.350	0.479	0.072	-0.717	-0.284	0.691	0.766	0.723	-1.025	-0.991	-0.964	-1.261	-0.868	-1.055	0.087	1.482	0.983	-0.117	-0.432	-0.030	0.428	-0.220	-0.046	-0.184	-0.627	-0.580	1.435	1.771	1.040	1.221	0.712	1.099
Magneto	AMB_RS09665	AMB_RS09665		sigma-54-dependent Fis family transcriptional regulator	-1.702	-0.575	0.973	1.206	1.132	-0.146	0.231	0.995	-0.590	0.740	1.558	0.837	1.095	0.812	1.039	1.396	1.123	-0.103	1.083	0.446	0.627	0.630	1.029	1.242	0.265	0.190	-0.064	0.035	0.259	-0.433	-2.798	0.993	0.752	0.749	0.850	0.417
Magneto	AMB_RS09670	AMB_RS09670		ATP-binding protein	0.040	0.044	-1.799	-0.004	-1.313	0.932	-1.444	-0.989	-1.385	-0.076	-0.124	-1.089	-0.814	-0.646	0.560	0.057	-0.393	0.414	0.414	-1.064	-0.933	-0.879	-0.811	-0.304	1.750	1.261	1.120	1.028	0.527	1.200	-0.999	1.901	-0.217	-0.512	-0.189	0.047
Magneto	AMB_RS09675	AMB_RS09675		complex I NDUFA9 subunit family protein	-1.416	0.274	0.455	0.236	0.114	1.890	-0.229	0.995	1.301	-0.218	-0.087	0.510	0.106	1.247	0.751	0.836	0.208	0.145	0.533	-0.332	0.249	0.535	-0.032	0.242	0.261	0.235	1.316	0.388	0.050	0.597	0.707	-0.906	1.984	1.188	0.710	0.388
Magneto	AMB_RS09685	AMB_RS09685		YkgJ family cysteine cluster protein	1.194	0.925	0.520	0.213	0.837	0.164	0.173	1.090	-0.974	0.316	0.767	-1.205	-0.734	0.079	0.287	-0.537	0.013	1.028	1.564	0.843	-0.261	0.256	0.748	0.055	-0.384	0.729	0.852	-0.031	-0.094	0.268	1.302	-0.001	0.827	1.253	0.960	-0.638
Magneto	AMB_RS09690	AMB_RS09690		hypothetical protein	-0.287	0.077	0.743	0.034	1.789	0.389	0.030	0.020	0.470	0.367	0.633	0.211	0.707	1.148	-0.576	0.345	-0.422	0.439	0.226	-0.931	-0.723	0.367	1.279	0.930	-0.313	0.917	0.168	-0.121	0.560	0.630	0.273	1.205	-0.438	-1.026	0.121	-2.299
Magneto	AMB_RS09695	AMB_RS09695		hypothetical protein	1.183	0.432	0.253	-0.277	0.141	0.311	-0.260	0.151	0.610	0.436	0.086	0.679	1.117	0.286	0.282	-0.288	0.026	1.215	-0.500	0.173	1.403	-0.327	0.460	-0.279	-0.879	0.061	-0.863	-0.707	0.393	0.360	-0.078	0.515	0.185	0.327	0.141	1.474
Magneto	AMB_RS09700	AMB_RS09700		hypothetical protein	0.423	-1.716	0.912	0.381	0.108	1.210	1.148	-0.513	-0.106	0.432	1.057	0.333	0.803	0.391	0.199	1.202	0.867	0.384	1.265	0.422	-0.225	-0.356	-0.186	1.453	-0.348	-0.261	-0.006	-0.310	-0.184	-0.227	0.328	0.959	0.646	0.592	2.421	0.833
Magneto	AMB_RS09715	AMB_RS09715		hypothetical protein	-1.633	-0.650	-0.416	-1.832	-0.524	-0.208	0.773	-1.223	-0.093	-1.365	0.703	0.314	-1.438	-0.149	-2.368	-0.444	0.180	-0.245	-1.001	-1.194	-0.592	0.306	-0.368	0.061	0.130	0.232	1.284	0.908	1.247	0.385	-0.610	-0.416	0.780	0.856	0.929	0.289
Magneto	AMB_RS09720	AMB_RS09720		hypothetical protein	-2.885	1.033	-0.028	-0.180	-1.040	-0.488	0.064	-1.156	-0.349	-0.854	0.695	-0.624	-0.419	-1.189	-0.998	0.205	-0.063	-0.120	-0.601	-0.496	0.151	0.293	-0.903	0.014	-1.120	-1.195	-1.199	-1.135	-0.222	-0.701	-1.033	-1.552	0.188	-1.238	-0.846	-0.356
Magneto	AMB_RS09725	AMB_RS09725		phage tail assembly chaperone	-0.219	-1.445	-0.423	1.013	0.591	0.714	1.377	-0.085	0.626	-0.400	0.304	-0.710	1.040	-0.769	-0.755	0.761	0.088	-0.947	-0.362	0.390	0.514	-0.480	-2.081	-0.343	-0.741	-1.261	-0.479	-1.308	-1.589	-0.842	0.063	-0.734	-1.179	-1.130	-1.027	-2.453
Magneto	AMB_RS09735	AMB_RS09735		hypothetical protein	-0.630	-1.043	-0.638	-0.292	0.402	0.613	-0.361	-0.122	1.048	0.759	1.272	1.289	-0.062	0.837	0.643	-0.070	0.088	0.691	-0.343	1.196	-0.126	1.071	0.327	-0.192	-1.803	-1.698	-2.029	-1.876	-2.557	-2.258	-0.678	-0.973	-0.302	0.324	-0.707	-1.101
Magneto	AMB_RS09740	AMB_RS09740		hypothetical protein	-1.020	-0.445	-0.847	0.177	0.295	0.065	0.967	0.038	-0.221	-0.813	-1.273	0.073	-0.329	-1.789	0.176	-0.145	-0.541	-1.202	0.099	-2.567	-0.653	0.456	0.519	0.399	-0.064	-0.246	0.191	0.387	-0.144	-0.000	-1.979	-1.085	-0.130	-1.093	1.067	0.465
Magneto	AMB_RS09765	AMB_RS09765		hypothetical protein	-1.158	-1.072	-0.614	-0.366	-0.973	-0.244	-1.547	-1.606	-0.966	-1.698	0.042	-1.017	0.069	0.052	-1.040	-1.389	-0.764	-0.418	-0.813	-1.036	-0.573	0.730	-0.447	0.323	-0.281	-0.604	-0.981	-0.390	-0.574	-0.565	0.382	-0.973	-0.556	-0.042	-0.361	-0.394
Magneto	AMB_RS09770	AMB_RS09770		DUF2800 domain-containing protein	-1.209	-0.331	0.408	-0.642	-0.864	-0.507	-0.740	-1.032	-1.311	-0.071	-1.709	-1.239	-1.150	-0.585	0.081	0.235	-0.455	-0.065	0.127	0.114	-0.044	0.671	0.117	0.532	-1.113	-0.952	-1.644	-1.094	-1.185	-1.102	-0.704	-1.065	-0.886	-0.441	-0.991	-1.140
Magneto	AMB_RS09775	AMB_RS09775		DUF2815 domain-containing protein	-0.397	-0.198	-0.267	-0.694	-1.228	-0.588	-0.754	0.078	1.318	0.916	-0.396	-0.489	1.446	0.743	0.677	-0.824	0.628	-0.336	0.754	0.534	-0.056	0.750	-0.204	-1.183	0.673	0.185	0.175	1.256	1.142	1.266	0.269	-0.593	2.015	0.243	-0.226	-0.581
Magneto	AMB_RS09780	AMB_RS09780		DUF2312 domain-containing protein	0.021	-0.652	-0.376	-0.244	-1.005	-0.039	0.476	0.483	0.248	0.239	-1.437	0.557	-0.260	-0.472	-0.231	1.001	0.270	0.415	0.206	-0.157	-0.062	-1.351	0.831	-0.390	-0.317	0.077	1.009	0.424	1.144	0.955	0.374	0.923	1.027	-0.691	0.849	-0.125
Magneto	AMB_RS09795	AMB_RS09795		integrase	0.669	-0.998	-0.066	0.413	0.041	0.802	1.042	-0.314	0.095	-0.167	-0.204	-1.319	0.917	-0.056	-0.133	0.251	0.653	1.913	-0.754	-0.148	0.838	0.342	1.088	0.214	-0.007	-0.737	-0.731	0.352	-1.235	0.284	-0.578	1.396	-0.402	-0.571	0.853	0.689
Magneto	AMB_RS09800	AMB_RS09800		uptake hydrogenase	0.732	-1.650	1.829	0.724	-0.052	-1.104	-0.779	0.115	-0.313	0.675	-0.988	1.611	1.826	-0.026	-0.283	0.786	0.580	1.015	-0.090	0.664	-0.219	-0.457	-1.218	0.167	0.103	0.821	-0.159	-0.048	0.222	0.056	-1.728	0.517	0.190	0.567	-2.156	-0.396
Magneto	AMB_RS09805	AMB_RS09805		uptake hydrogenase	-0.565	-1.108	-0.270	1.375	-0.166	2.204	0.935	1.173	1.232	0.478	2.191	-0.340	1.017	1.707	0.774	0.369	-0.322	-0.154	1.100	2.333	1.099	0.145	0.182	0.375	1.717	0.915	1.867	0.227	0.836	1.288	0.375	0.678	1.951	1.719	0.682	0.476
Magneto	AMB_RS09810	AMB_RS09810		hypothetical protein	-0.743	-1.420	0.266	0.377	0.169	-0.612	-1.563	-0.108	0.249	-0.276	0.679	-0.673	0.441	-0.233	-0.637	-0.775	-0.705	-0.636	-0.115	-1.154	-0.916	0.430	-0.294	-0.059	-0.255	0.686	-0.227	-0.145	0.061	0.604	0.645	0.098	-0.657	-0.967	1.490	0.412
Magneto	AMB_RS09815	AMB_RS09815		GGDEF domain-containing protein	1.495	-0.419	0.748	0.047	0.288	0.214	-0.603	0.383	0.269	-0.122	-0.319	-0.587	0.774	-0.315	-0.193	0.165	1.013	-0.035	-0.424	0.022	0.297	0.111	-1.252	0.123	-0.591	-0.021	-1.393	-0.666	-0.396	-0.488	0.995	-1.438	-0.092	-0.585	-0.805	-1.123
Magneto	AMB_RS09825	AMB_RS09825		ATPase	-0.488	-0.281	0.396	0.400	-0.026	0.618	-0.678	0.388	0.365	0.466	1.987	0.432	0.050	0.085	0.227	0.911	0.986	0.639	1.179	-0.075	0.440	0.237	0.666	0.304	0.103	0.827	-0.371	-0.255	0.331	0.231	-0.264	1.094	0.004	1.513	1.758	1.180
Magneto	AMB_RS09835	AMB_RS09835		KR domain-containing protein	-2.823	-0.080	0.245	0.488	0.152	0.267	0.336	0.637	0.424	0.771	0.647	1.063	0.282	0.345	-0.324	-0.571	0.272	-0.321	0.408	0.877	0.591	-0.105	-0.275	0.157	-0.415	0.546	-0.340	-0.610	-0.252	-1.041	-0.369	0.504	-0.573	0.474	-1.160	-0.198
Magneto	AMB_RS09840	AMB_RS09840		hypothetical protein	-1.749	0.677	1.087	0.765	1.081	2.035	-0.170	2.477	0.202	0.757	1.277	1.275	1.678	1.164	1.487	0.403	1.673	0.961	1.250	1.220	1.553	1.597	1.969	1.659	-0.490	0.404	0.632	-0.455	-0.038	0.120	-0.108	1.106	-0.559	0.175	-0.472	1.754
Magneto	AMB_RS09845	AMB_RS09845		hypothetical protein	-0.344	0.092	-1.813	-0.905	-0.337	-0.898	-0.753	0.085	-0.635	-1.469	-2.028	-0.834	0.230	-1.267	-0.189	-1.128	-0.006	-1.398	-0.883	0.322	0.033	-0.618	-1.549	-0.382	0.886	0.617	1.623	0.878	-0.007	0.287	0.559	1.796	1.987	0.844	-0.317	0.298
Magneto	AMB_RS09850	AMB_RS09850		hypothetical protein	-1.278	2.315	0.650	0.133	-0.331	-0.664	0.514	0.358	1.316	-0.134	1.667	0.359	-0.160	0.309	0.724	1.683	0.254	2.135	-0.482	-1.905	0.681	0.142	1.197	0.913	-1.435	-0.555	-1.178	-1.015	-1.288	-0.967	-2.916	-0.841	-0.247	-2.477	-1.386	-1.668
Magneto	AMB_RS09855	AMB_RS09855		peptide-methionine (S)-S-oxide reductase	1.003	-0.679	-0.138	0.401	1.502	0.763	0.759	0.545	1.003	0.057	0.456	-0.406	0.572	0.304	0.732	-1.359	0.408	-0.299	0.465	0.916	0.844	0.625	1.695	0.695	-1.523	-0.499	-0.971	-1.094	-0.398	-0.303	0.361	-0.520	-1.560	-0.652	0.175	-0.738
Magneto	AMB_RS09860	AMB_RS09860		hypothetical protein	-0.121	2.021	-1.917	-0.956	-0.857	-0.575	-0.914	-0.583	-0.924	-1.052	-0.425	-1.509	-1.817	-1.005	-0.537	-1.273	-1.527	-0.322	-1.031	-0.557	-0.504	-0.199	-1.097	-0.866	0.553	-0.197	0.933	0.595	1.240	1.411	1.914	0.673	-0.873	0.604	0.255	-0.924
Magneto	AMB_RS09865	AMB_RS09865		GNAT family N-acetyltransferase	-0.101	1.280	0.147	0.310	0.091	-0.793	0.352	-0.164	0.209	0.704	2.656	0.875	-0.716	0.784	1.377	-0.630	-0.605	-0.496	0.588	1.709	0.924	-0.340	1.061	-0.034	-1.085	-0.664	-0.739	-0.810	-0.586	-1.847	-0.883	-0.857	-0.968	0.141	-1.094	-0.596
Magneto	AMB_RS09870	AMB_RS09870		hybrid sensor histidine kinase/response regulator	-1.223	0.533	0.863	-0.318	1.233	0.809	1.678	-0.216	0.232	0.123	-1.313	-0.050	0.142	0.284	-1.338	0.547	-0.125	0.016	0.571	-0.058	0.357	0.092	0.126	1.044	-0.824	-0.257	-0.654	-0.750	0.169	-1.247	1.882	0.405	-1.181	-0.655	-0.091	-0.451
Magneto	AMB_RS09875	AMB_RS09875		hypothetical protein	-3.622	-0.053	0.759	1.022	0.611	-0.440	0.076	-0.031	1.094	0.538	-0.422	0.289	0.307	0.454	0.360	1.439	0.396	1.114	0.865	0.385	0.152	1.202	0.906	1.251	-1.511	-1.443	-1.875	-1.022	-1.459	-1.858	-0.476	-1.279	-2.369	-0.166	0.120	-0.763
Magneto	AMB_RS09880	AMB_RS09880		methyl-accepting chemotaxis protein	0.252	-0.004	-1.061	0.009	1.438	-0.200	-1.669	-1.870	-2.001	0.636	1.269	0.707	-0.406	-0.799	-0.215	0.366	-0.834	-1.499	0.851	0.400	0.208	-0.307	-0.858	-0.732	0.223	0.625	0.532	-1.653	-0.594	-0.794	0.996	1.331	0.453	1.232	1.246	0.904
Magneto	AMB_RS09885	AMB_RS09885		hypothetical protein	-0.673	0.419	-0.073	-1.087	-0.711	-0.693	-0.489	0.092	-0.226	0.527	0.800	0.551	-0.567	-0.198	0.090	-0.593	-0.495	-0.038	-0.199	1.047	-0.342	-0.610	0.011	-0.926	1.840	0.166	-0.069	0.519	0.266	0.549	-1.419	-0.806	2.149	1.070	0.256	-0.064
Magneto	AMB_RS09890	AMB_RS09890		ParA family protein	0.783	0.932	0.124	-0.266	0.166	0.468	1.366	0.959	0.177	0.489	-1.454	0.238	0.747	0.135	0.331	1.386	1.296	1.520	0.475	0.854	-0.153	0.175	-0.453	-0.262	-0.090	0.909	-0.339	-0.674	0.122	-1.030	0.299	1.025	1.093	2.350	1.396	2.191
Magneto	AMB_RS09895	AMB_RS09895		chemotaxis signal transduction protein	-0.725	-0.086	-0.366	-0.401	-0.904	-0.927	0.098	-0.231	-1.735	-0.239	0.630	-0.607	-1.216	-0.628	-0.492	-1.636	-1.871	-0.485	-0.849	-1.518	0.049	-0.927	-0.342	-0.622	-0.206	0.712	-0.453	-0.416	0.090	0.276	1.279	1.259	1.834	0.055	1.529	1.213
Magneto	AMB_RS09900	AMB_RS09900		protein-glutamate O-methyltransferase CheR	-1.113	1.436	0.045	-0.058	-1.093	-0.356	0.490	0.111	0.271	0.509	-0.302	0.231	0.189	0.511	-0.251	1.176	0.615	0.812	0.119	-0.971	0.030	-0.233	0.071	0.506	-2.080	-1.618	-1.809	-1.763	-1.003	-1.567	-1.262	-2.707	-0.425	0.385	-1.367	-0.142
Magneto	AMB_RS09905	AMB_RS09905		chemotaxis signal transduction protein	-0.452	-0.654	0.553	0.950	0.020	1.038	-0.012	0.201	-0.055	-0.377	-0.208	-1.039	-0.265	0.869	-0.160	0.828	-0.109	0.187	0.931	0.499	-0.611	0.967	-0.485	0.744	-0.178	1.024	0.288	0.146	0.277	0.395	0.444	1.001	0.959	0.448	-0.010	1.026
Magneto	AMB_RS09915	AMB_RS09915		hybrid sensor histidine kinase/response regulator	-0.113	-1.016	-0.771	-0.320	-0.468	-0.063	1.107	-0.561	1.294	0.826	-0.134	-0.291	-1.178	-1.010	-0.450	0.688	0.905	-0.527	1.001	0.970	0.720	-0.013	-0.303	-0.280	0.830	0.009	0.660	0.846	1.051	0.595	0.287	0.609	1.783	-0.171	1.676	1.099
Magneto	AMB_RS09920	AMB_RS09920		chemotaxis response regulator protein-glutamate methylesterase	-2.289	0.355	-0.293	-0.023	0.783	1.113	0.625	1.292	-0.040	-0.407	0.859	0.451	1.236	0.195	1.118	0.864	0.676	1.671	0.954	0.989	1.384	0.728	-0.516	1.409	-0.454	1.236	0.179	0.158	0.657	0.492	-1.161	-1.242	-0.100	1.555	-0.437	0.732
Magneto	AMB_RS09925	AMB_RS09925		hybrid sensor histidine kinase/response regulator	0.426	0.262	0.324	0.266	-0.357	1.901	1.520	-0.168	0.403	0.616	-0.603	0.215	-0.502	0.157	0.552	0.792	0.071	0.088	-1.402	0.439	0.402	0.320	0.721	0.357	-0.974	-0.976	-1.329	-0.086	-0.462	-0.599	0.032	-0.487	-2.085	-2.454	-0.196	0.241
Magneto	AMB_RS09930	AMB_RS09930		hybrid sensor histidine kinase/response regulator	-0.935	-0.857	-0.935	-0.605	-1.215	-0.169	-0.432	-0.965	-0.824	-0.283	-1.687	-0.457	-1.440	-0.472	-1.092	-0.719	-0.754	-0.455	-0.744	-0.973	-0.486	-1.437	-1.204	-0.807	-0.572	0.304	-0.235	-0.419	-0.438	0.168	1.920	0.115	0.240	0.718	-0.164	-0.163
Magneto	AMB_RS09935	AMB_RS09935		ammonium transporter	-1.481	0.584	0.671	0.274	-0.568	-0.576	-0.497	-1.942	-0.744	-0.929	-0.624	-0.853	-1.213	-0.556	-0.235	-0.213	-1.405	0.223	-0.685	0.627	-0.716	-0.354	-0.806	0.063	0.213	-0.088	0.621	-0.320	-0.206	-0.256	-0.395	-0.570	0.150	0.717	-0.597	0.986
Magneto	AMB_RS09950	AMB_RS09950		GGDEF domain-containing protein	-0.954	1.201	-0.023	-0.144	0.119	0.610	0.656	0.052	-0.710	-0.503	0.026	0.673	0.607	0.272	-0.295	-0.252	-0.155	-0.273	0.475	0.751	-0.191	0.388	0.090	0.544	-1.713	-0.637	-1.044	-0.804	-0.696	-1.379	-2.320	-1.621	-0.863	-0.846	-0.600	-0.382
Magneto	AMB_RS09955	AMB_RS09955		inorganic triphosphatase	-0.608	0.883	0.928	-1.033	-0.597	-0.603	-0.057	1.290	0.436	1.147	-0.601	0.098	0.602	-0.171	1.175	0.805	0.194	0.218	0.014	0.252	1.155	-0.917	-1.256	1.672	0.210	-1.820	-0.269	-0.202	-0.031	-0.704	-0.650	-0.797	0.109	-1.278	-0.085	-1.247
Magneto	AMB_RS09960	AMB_RS09960		hypothetical protein	1.709	-0.411	-0.492	-0.190	0.038	0.117	-0.953	-0.203	-0.490	-0.378	0.385	-0.288	-0.234	-1.832	-0.310	-0.059	-1.262	-0.065	-0.249	0.429	-0.118	-1.361	-0.449	-0.299	0.113	0.311	-0.573	0.503	-0.530	-0.387	0.682	-0.734	0.241	2.017	0.143	0.082
Magneto	AMB_RS09970	AMB_RS09970		NAD synthetase	2.733	-0.628	-1.020	0.725	0.498	-0.327	0.070	0.685	0.415	-0.132	-0.464	0.098	0.378	-0.235	-0.523	-0.130	-0.174	0.463	0.045	0.406	-0.289	0.459	-0.258	0.391	-0.294	-0.276	-0.285	-0.271	-0.266	-0.270	-0.127	-0.197	-0.182	-0.138	-0.148	-0.199
Magneto	AMB_RS09975	AMB_RS09975		ABC transporter permease	0.671	-0.339	0.267	-0.276	-0.873	-1.579	-1.449	-0.480	-1.063	-0.360	-1.332	-1.713	-1.429	-1.279	-0.889	-1.345	-0.697	-0.840	-0.455	0.033	-0.675	-1.134	-2.431	-0.894	0.016	0.463	-0.117	0.104	-0.020	-0.190	-0.071	0.246	-1.601	1.075	-0.085	-1.305
Magneto	AMB_RS09980	AMB_RS09980		peptide ABC transporter	-1.275	-0.918	1.282	0.513	0.342	-0.774	0.978	0.308	0.298	0.576	0.057	1.261	-0.470	-0.142	1.375	-1.149	-0.088	0.288	0.842	-0.059	0.731	0.353	-0.683	-0.385	0.235	1.083	0.862	0.603	0.352	0.757	0.451	1.335	-0.621	0.778	-0.623	0.542
Magneto	AMB_RS09985	AMB_RS09985		hypothetical protein	0.927	-0.698	2.804	2.025	0.854	1.582	0.793	0.753	1.035	0.792	1.399	1.923	0.974	2.332	1.091	-0.580	0.092	0.732	3.131	0.813	-0.061	1.587	0.304	1.290	-0.644	-1.196	0.327	0.129	-0.627	-0.478	0.247	-0.828	1.824	0.341	-1.939	-0.448
Magneto	AMB_RS09990	AMB_RS09990		hypothetical protein	-6.317	-6.739	-0.988	-1.153	-3.193	-2.006	-0.221	-2.325	-2.935	-0.451	-0.305	0.239	-1.215	-0.595	-2.350	-2.326	-1.719	-1.102	-0.934	-1.529	0.387	-1.969	-1.499	-1.811	-2.779	-2.971	-2.510	-3.472	-2.836	-3.286	-1.512	-1.748	-1.048	-1.414	-3.016	-1.595
Magneto	AMB_RS10000	AMB_RS10000		methyl-accepting chemotaxis protein	1.519	1.412	-0.037	-0.459	-0.500	1.296	-0.320	-1.191	-1.777	2.057	1.879	1.877	0.256	-0.153	-0.622	-1.638	0.507	-0.971	2.298	1.615	1.803	-0.122	-0.204	-0.188	-0.934	-0.493	-0.485	-1.244	-1.753	-1.784	0.830	1.015	0.717	0.775	1.301	1.365
Magneto	AMB_RS10005	AMB_RS10005		methyl-accepting chemotaxis protein	-0.028	0.092	0.580	0.373	0.496	0.135	-0.411	1.316	0.708	0.487	-0.366	-0.834	0.296	0.794	0.094	-0.313	0.286	0.463	0.757	0.575	-0.932	-0.226	0.186	1.057	-0.262	-1.174	-0.489	-1.315	-0.469	-1.128	0.116	0.575	0.529	-0.197	-0.882	-1.080
Magneto	AMB_RS10010	AMB_RS10010		hypothetical protein	-0.993	-0.774	-1.258	-0.209	-0.101	0.289	-0.013	-0.612	0.333	1.107	-0.668	-0.295	-0.279	0.144	-0.097	0.952	-1.671	-0.064	1.202	-0.196	0.049	-0.255	0.721	-0.178	0.087	0.268	-0.073	0.368	-0.322	-0.489	0.234	0.658	-0.075	0.683	1.168	0.690
Magneto	AMB_RS10015	AMB_RS10015		2-dehydropantoate 2-reductase	-1.028	-0.691	0.358	0.284	-0.118	0.598	0.436	0.850	0.703	0.991	-0.671	1.376	1.142	0.566	-0.078	0.237	-0.070	1.315	0.327	0.378	0.208	0.465	-0.316	0.270	-0.083	0.398	0.709	0.339	0.091	-0.481	0.039	1.160	0.486	1.287	-0.386	1.407
Magneto	AMB_RS10020	AMB_RS10020		hypothetical protein	-0.474	-0.130	0.987	-0.726	0.944	1.692	0.917	1.903	1.529	1.645	0.371	-1.259	0.016	0.616	1.209	0.173	1.098	0.049	0.832	0.472	2.389	0.354	1.155	0.959	-1.005	-1.778	-0.517	-0.211	-0.126	0.835	-0.138	-0.426	0.041	0.164	-0.899	-1.815
Magneto	AMB_RS10025	AMB_RS10025		hypothetical protein	-0.793	-0.263	-1.211	-0.238	-0.493	-1.599	-0.365	0.795	0.151	0.432	0.362	-0.201	-0.234	-0.694	-0.718	-1.776	-1.094	-0.273	-1.252	-0.922	-1.032	-0.989	-0.331	0.238	0.574	-0.209	0.064	1.197	-0.103	0.444	-1.078	-0.803	1.057	-0.491	0.055	0.188
Magneto	AMB_RS10030	AMB_RS10030		hypothetical protein	-0.408	-0.461	-0.977	-0.607	-0.333	-0.273	0.025	-0.004	-0.265	-0.732	-1.187	-2.120	-0.488	-0.380	-0.542	0.187	0.619	-0.562	0.012	-0.825	-0.736	-1.211	-1.090	-0.332	0.351	2.192	0.903	0.858	0.360	0.895	-0.857	-0.912	1.252	-0.894	1.005	1.094
Magneto	AMB_RS10035	AMB_RS10035		pyruvate:ferredoxin (flavodoxin) oxidoreductase	-2.103	-0.416	0.089	-0.699	-0.530	0.333	-0.882	-0.135	-1.049	0.604	1.403	1.037	0.119	-0.258	-0.212	-0.229	-1.154	-1.338	0.323	0.134	0.687	-0.710	0.295	-0.226	-0.235	-0.206	-0.481	-0.821	-0.617	-1.385	0.055	-0.767	-0.213	0.546	0.880	0.970
Magneto	AMB_RS10040	AMB_RS10040		PAS domain S-box protein	0.933	-1.010	-0.646	-0.133	-1.508	-0.603	0.300	0.618	-0.145	-0.469	-0.423	-0.148	-1.302	-0.904	-0.321	1.157	-1.655	0.076	-0.318	0.176	-1.156	-0.447	-0.416	-1.755	0.751	1.426	1.912	1.193	2.237	1.840	2.299	1.985	2.397	2.048	0.740	1.728
Magneto	AMB_RS10090	AMB_RS10090		serine/threonine protein kinase	-2.458	-1.173	0.290	-0.298	0.158	0.367	-0.299	-0.163	-0.563	-0.151	0.288	-0.256	0.235	0.110	-0.410	0.123	0.415	0.414	-0.068	-1.039	0.280	0.497	-0.269	-0.170	-0.668	0.145	0.309	-1.001	-0.735	-0.354	-1.872	-0.758	-1.593	-1.187	0.065	-0.011
Magneto	AMB_RS10095	AMB_RS10095		hypothetical protein	-0.452	-0.630	1.047	0.637	1.310	0.822	1.231	-0.087	0.401	1.151	0.563	0.814	0.386	0.480	0.035	-0.251	0.905	0.993	-0.263	0.271	0.123	1.223	0.513	0.183	-0.576	-0.385	-0.652	0.062	-0.304	-0.789	-1.816	0.010	-1.067	-0.576	-0.680	-0.795
Magneto	AMB_RS10100	AMB_RS10100		nucleoside 2-deoxyribosyltransferase	0.100	0.113	-0.260	0.458	0.032	-0.392	0.002	-0.677	-0.315	0.176	-1.416	0.441	0.772	0.662	0.396	-0.776	-0.361	-0.049	-0.062	0.217	-0.346	0.159	0.268	0.248	-0.735	0.008	0.213	-0.052	-0.226	-0.444	-0.548	-0.958	-2.017	-2.139	-0.535	-1.598
Magneto	AMB_RS10105	AMB_RS10105		PAS domain-containing sensor histidine kinase	-1.753	0.782	-1.302	-1.190	-0.819	-0.810	-0.039	-0.685	-0.483	-0.937	0.718	0.462	-0.952	-1.406	-1.493	-1.085	-0.296	-0.953	-1.613	-2.027	-1.253	-0.872	-1.690	-0.737	-0.946	-0.096	-0.537	-0.974	-0.947	-0.728	-0.994	-1.591	-1.282	-2.031	-1.893	-0.349
Magneto	AMB_RS10110	AMB_RS10110		PAS domain S-box protein	0.360	1.272	-0.320	0.226	-0.267	0.277	-0.215	0.353	-0.671	0.788	-0.540	0.801	-0.651	-0.460	0.477	-0.040	-0.088	0.129	-0.168	-0.794	-0.939	-0.414	0.365	-0.063	-0.952	0.262	0.560	-0.375	-0.022	0.559	-0.157	0.092	0.948	0.913	-0.101	0.354
Magneto	AMB_RS10115	AMB_RS10115		aminoacyl-tRNA hydrolase	2.396	-0.072	0.343	-0.083	-1.495	-0.947	0.979	-0.294	-0.462	0.014	-0.243	0.573	-0.264	-1.796	-0.763	-0.345	-0.129	0.303	-0.009	-0.394	-1.147	-0.497	-0.982	-0.480	1.894	2.356	1.714	2.085	1.538	1.993	3.254	2.866	0.896	0.949	1.376	0.234
Magneto	AMB_RS10120	AMB_RS10120		DUF1476 domain-containing protein	-0.297	-0.136	0.589	-0.461	-0.534	0.235	0.236	-0.382	0.347	-1.763	-1.825	-3.193	-1.757	-0.189	-0.126	2.243	-1.269	0.181	-0.890	-2.784	-1.920	-1.017	0.101	-0.818	-1.515	-1.192	-1.425	-1.322	-1.248	-1.053	-3.627	-5.338	-3.132	-2.306	-3.013	-2.637
Magneto	AMB_RS10125	AMB_RS10125		sulfate ABC transporter substrate-binding protein	0.786	-0.521	0.834	-0.476	0.556	0.501	-0.710	-0.907	-0.128	2.899	1.848	3.314	0.201	0.302	-0.784	-0.637	0.408	-0.087	3.992	4.081	3.278	-0.634	0.280	0.379	-0.455	-0.048	-0.763	-0.504	-0.467	-1.440	4.195	5.515	4.746	1.221	2.186	0.880
Magneto	AMB_RS10130	AMB_RS10130		sulfate ABC transporter permease subunit CysT	-0.674	1.309	1.176	1.438	0.358	-0.813	-0.143	0.284	-0.654	3.834	1.875	5.198	0.732	0.307	1.603	-0.169	-1.297	0.580	3.441	4.123	4.742	0.077	1.673	1.380	-0.996	-1.124	-0.696	-0.934	-1.404	-1.544	2.521	1.856	3.454	-0.712	1.108	0.067
Magneto	AMB_RS10135	AMB_RS10135		sulfate ABC transporter permease subunit CysW	-0.977	0.061	-0.881	-1.237	-1.416	0.242	-2.390	-1.177	-1.012	2.458	0.517	0.596	-0.495	-0.478	-0.610	-1.640	-0.988	-0.821	2.793	1.223	2.433	-0.696	-0.604	-0.543	-1.209	-0.572	-0.887	-1.560	-1.501	-1.244	2.950	3.605	2.325	-1.158	1.132	1.060
Magneto	AMB_RS10140	AMB_RS10140		sulfate ABC transporter ATP-binding protein	0.003	-0.907	0.810	0.486	0.961	-0.508	-2.820	-1.100	-0.842	7.060	7.004	9.281	-0.301	0.144	0.723	-3.286	-2.266	-3.651	9.222	8.808	8.474	-0.006	-0.367	-0.814	0.592	-0.078	-0.098	-0.824	-1.156	-0.305	8.649	9.408	8.191	9.776	12.408	10.153
Magneto	AMB_RS10150	AMB_RS10150		chemotaxis protein	-0.828	1.402	-0.167	1.133	-0.245	0.642	-0.468	0.503	2.110	1.362	1.219	0.431	0.157	-0.070	0.744	-0.028	-0.633	0.462	0.978	1.408	0.254	0.599	1.064	-0.030	-1.312	0.345	-0.492	-0.962	-0.901	-0.443	-1.620	0.335	-0.771	-0.692	0.125	-0.488
Magneto	AMB_RS10160	AMB_RS10160		two-component sensor histidine kinase	-2.645	-0.761	0.365	-0.963	-0.139	-0.371	-0.988	-0.741	-1.068	0.475	0.221	0.580	-0.103	-1.037	-0.308	-0.727	-0.664	-0.154	0.491	0.839	-0.014	-0.494	0.230	-0.413	-1.120	-1.388	-1.609	-1.375	-0.879	-1.265	-1.018	0.191	1.154	-0.597	-0.207	0.585
Magneto	AMB_RS10170	AMB_RS10170		phenylacetyl CoA	-1.972	-0.961	-0.318	-0.429	-0.052	-0.995	-0.168	1.640	0.444	0.174	0.458	0.854	0.757	0.275	0.605	0.951	0.502	-0.032	0.121	1.000	0.265	-0.380	0.296	0.168	-0.771	-0.369	-0.426	-1.136	-1.099	-0.929	-0.716	-0.275	0.213	-1.710	0.816	0.904
Magneto	AMB_RS10175	AMB_RS10175		4Fe-4S dicluster domain-containing protein	-0.214	0.292	1.143	-1.672	-1.738	0.509	-1.070	-1.554	-1.647	-0.824	-2.809	0.027	-0.041	-0.789	0.200	0.431	-1.590	-0.814	-0.238	-1.706	0.013	-0.426	-0.832	-0.158	-1.106	-0.662	-0.569	-0.564	-1.161	-0.676	-0.344	-0.014	1.119	0.276	0.254	1.017
Magneto	AMB_RS10180	AMB_RS10180		hypothetical protein	-0.882	-0.841	-0.553	-0.658	-1.396	-0.639	-0.065	-0.912	-0.969	-0.056	-1.089	-0.474	-0.315	-0.545	-1.178	-0.172	-1.110	-0.960	-0.899	-0.470	-0.484	-0.891	-1.239	-0.194	-1.462	-0.123	-0.702	-0.389	-2.379	-2.076	-0.162	1.731	1.238	0.224	-0.892	1.603
Magneto	AMB_RS10185	AMB_RS10185		sulfurtransferase FdhD	-1.473	0.497	0.014	-0.773	-0.633	0.088	-0.297	-0.219	-0.988	0.309	-0.671	0.258	0.146	-0.465	-0.738	-0.645	0.025	-0.834	0.483	0.212	-0.016	-1.504	-0.937	0.201	-1.793	-1.807	-1.514	-1.540	-1.651	-1.217	-0.094	-2.736	-1.406	-0.356	0.043	-0.093
Magneto	AMB_RS10195	AMB_RS10195		4-hydroxybenzoyl-CoA reductase subunit gamma	2.565	-0.467	-0.896	1.837	0.988	0.861	1.475	1.347	1.476	-5.251	-2.830	-1.905	0.654	-0.027	0.760	1.797	0.896	0.395	-0.344	-0.850	-0.736	-0.256	-0.191	0.385	7.325	11.279	9.784	8.879	11.452	10.211	-4.644	-7.138	-5.360	-4.391	-2.651	-5.576
Magneto	AMB_RS10200	AMB_RS10200		4-hydroxybenzoyl-CoA reductase subunit alpha	3.316	-0.605	-1.179	-0.163	0.550	0.407	0.166	0.687	0.214	-3.944	-1.281	-5.026	-0.513	-1.239	-0.556	-0.644	-0.043	1.265	-2.041	-1.797	-1.436	-1.570	-1.148	-1.475	7.015	9.516	8.044	8.201	10.319	8.342	-8.932	-9.787	-14.820	-7.984	-7.221	-9.911
Magneto	AMB_RS10205	AMB_RS10205		4-hydroxybenzoyl-CoA reductase subunit beta	4.855	0.087	-1.241	1.838	0.327	0.466	1.146	1.354	1.123	-5.430	-0.263	-3.863	0.512	0.478	-0.369	0.320	0.737	1.257	-0.875	-0.494	-1.131	-1.353	-1.150	-0.398	8.856	10.868	9.259	8.939	11.693	10.195	-13.033	-7.889	-7.303	-2.638	-2.638	-3.860
Magneto	AMB_RS10210	AMB_RS10210		xanthine and CO dehydrogenase maturation factor	6.613	0.260	-1.093	0.758	0.153	0.270	0.819	1.352	1.604	-6.268	-0.999	-4.968	-1.440	-0.084	0.156	0.978	-0.302	0.572	-1.552	-3.345	-2.156	-2.030	-0.947	-1.096	10.200	13.084	9.776	11.641	14.507	11.754	-7.048	-13.474	-16.900	-6.525	-5.645	-6.276
Magneto	AMB_RS10220	AMB_RS10220		acyl-CoA dehydrogenase	1.318	2.041	0.780	0.685	-1.720	0.482	-1.065	-0.106	0.017	-0.016	-0.700	0.712	0.012	0.150	-0.031	-0.346	0.606	-0.417	0.072	0.461	-0.419	-0.185	0.982	1.037	-0.658	0.401	0.382	0.508	0.775	0.238	-0.624	1.493	0.504	0.403	0.487	0.735
Magneto	AMB_RS10225	AMB_RS10225		feruloyl-CoA synthase	-2.370	-0.482	0.290	0.630	-0.045	-0.467	-0.593	-0.484	-0.231	-0.565	-0.508	0.447	-0.817	-0.577	-0.056	-0.452	0.923	-0.623	0.379	0.122	0.054	-0.208	-0.723	-0.534	-1.606	-2.202	-1.703	-1.477	-1.165	-1.414	-0.243	-0.777	-0.920	-2.611	-1.200	-1.336
Magneto	AMB_RS10230	AMB_RS10230		ABC transporter ATP-binding protein	-0.286	-1.367	1.862	0.337	2.000	1.363	0.512	1.947	1.028	0.352	-0.105	0.428	1.816	1.636	0.230	3.717	2.535	-0.150	0.375	0.690	0.630	2.367	0.365	0.029	0.308	0.993	0.042	0.295	0.513	-0.242	1.241	-0.175	-0.707	-1.356	-0.382	0.425
Magneto	AMB_RS10240	AMB_RS10240		branched-chain amino acid ABC transporter permease	-0.166	-0.297	-0.083	-0.012	-0.037	0.580	-0.559	0.636	-0.652	0.302	0.749	1.824	-0.191	0.423	0.515	0.056	-1.152	0.081	1.379	0.198	0.963	-0.150	-0.130	0.841	-0.334	0.478	-0.154	-0.234	-0.651	-0.778	0.586	0.117	0.805	0.375	-0.351	-0.100
Magneto	AMB_RS10245	AMB_RS10245		branched-chain amino acid ABC transporter permease	0.297	0.242	-0.326	0.329	0.686	-0.218	0.116	-0.150	0.315	-0.551	1.555	-0.122	0.842	0.013	1.403	-0.287	0.346	-1.100	1.060	1.099	0.725	0.430	0.544	1.408	-0.223	-0.902	-0.175	0.113	-1.668	0.178	-1.014	-1.107	-0.209	1.266	-1.375	0.509
Magneto	AMB_RS10250	AMB_RS10250		branched-chain amino acid ABC transporter	-0.478	1.453	-0.115	-0.580	-0.767	-1.041	0.025	0.203	0.789	-0.088	-0.936	2.264	0.938	0.031	-1.115	-0.703	-1.388	0.443	0.890	0.306	1.125	0.040	0.069	-0.101	0.058	0.806	0.113	0.330	0.444	0.111	-0.801	-0.226	-0.815	1.085	0.231	0.748
Magneto	AMB_RS10260	AMB_RS10260		CBS domain-containing protein	0.038	-0.939	-2.311	0.973	0.334	2.235	0.554	2.357	1.044	1.363	-0.700	0.895	-1.204	-0.888	0.866	2.262	0.888	2.039	0.471	0.857	0.923	0.105	1.601	1.075	0.099	0.708	-0.383	0.528	-0.011	0.542	0.526	-0.388	0.537	1.140	-0.456	0.214
Magneto	AMB_RS10265	AMB_RS10265		hypothetical protein	1.316	0.589	-0.730	0.250	-1.262	0.073	-0.890	-2.088	-0.635	-1.609	-1.337	-1.454	-0.870	-1.463	-0.219	-1.163	-1.079	-0.818	-1.964	-2.604	-1.399	-0.895	0.645	-0.786	2.853	1.682	0.781	1.942	0.900	1.359	1.007	0.359	0.144	0.440	-0.361	-0.532
Magneto	AMB_RS10270	AMB_RS10270		hypothetical protein	-0.351	-1.276	-0.358	-0.676	-0.667	0.188	0.354	0.558	-0.012	-0.887	-0.752	-1.034	0.071	-0.932	-0.602	1.269	1.150	1.466	-0.710	0.974	-0.266	-0.209	-0.326	0.095	-0.280	0.131	-0.611	0.902	0.515	0.182	-0.547	-0.880	0.451	-0.406	-1.871	-0.292
Magneto	AMB_RS10275	AMB_RS10275		hypothetical protein	0.221	-0.700	-0.013	-0.209	-0.081	0.672	0.728	0.666	0.256	-0.135	0.721	0.341	-1.174	-0.202	0.325	-0.178	0.603	-0.005	-0.258	-0.674	-0.397	0.370	0.337	0.203	0.898	-0.241	-0.598	0.059	-0.011	0.472	1.153	-0.194	1.167	0.047	-0.428	-0.942
Magneto	AMB_RS10280	AMB_RS10280		hypothetical protein	-1.589	1.084	-0.967	-0.810	-0.436	1.156	-1.142	-1.715	-0.372	-0.755	-1.744	-0.456	-1.411	-1.134	0.878	0.605	-1.502	-1.446	-0.764	0.658	-0.275	0.978	-0.045	0.090	0.859	-0.237	0.197	0.599	0.269	0.202	-0.005	1.068	-0.346	-1.428	-0.326	-0.997
Magneto	AMB_RS10285	AMB_RS10285		hypothetical protein	1.231	0.096	-0.893	0.104	1.160	-0.917	1.033	-0.915	-0.607	1.695	2.064	-0.928	-0.082	-1.116	-0.619	0.589	-1.513	0.947	-0.299	-0.129	1.230	0.980	0.905	1.206	-0.778	-0.785	-0.681	-0.709	-0.724	-0.548	-0.488	-1.189	-1.220	-1.696	-1.284	-0.759
Magneto	AMB_RS10290	AMB_RS10290		DUF1819 domain-containing protein	-0.727	1.069	0.992	0.251	0.918	-0.098	-1.290	0.331	0.329	-0.600	-0.831	-0.834	1.897	0.018	-0.091	0.655	1.139	0.550	-0.348	-0.567	0.511	-0.009	0.585	0.633	-1.007	-0.757	-0.804	-0.778	-0.482	-0.636	-0.041	-1.251	-1.069	-1.892	-2.117	-1.233
Magneto	AMB_RS10295	AMB_RS10295		DUF1788 domain-containing protein	1.039	-1.159	-0.187	-1.817	1.041	0.172	-0.316	0.752	-0.314	-0.377	1.203	0.531	-0.892	0.122	0.568	-0.824	0.616	1.711	0.081	-0.382	-0.511	0.636	-0.167	0.505	-0.021	-0.970	-0.746	0.833	0.712	0.276	-0.706	-0.285	-0.824	-0.738	0.248	-1.434
Magneto	AMB_RS10300	AMB_RS10300		hypothetical protein	-1.952	-1.638	0.608	-0.532	0.654	0.540	1.152	0.913	0.083	0.575	-0.716	0.075	0.900	0.040	-0.142	0.974	1.701	1.263	0.407	-0.452	0.704	0.427	0.777	0.641	-0.497	-0.355	0.804	0.667	-0.488	0.631	1.108	-1.508	-0.444	-0.946	-0.607	0.122
Magneto	AMB_RS10315	AMB_RS10315		hypothetical protein	0.822	-0.378	-0.524	-1.259	-0.527	-0.816	-0.455	-0.258	-0.290	0.450	-0.273	-0.025	0.481	-0.621	-0.238	0.135	-0.556	-0.486	-0.993	0.762	-0.455	-0.957	-0.515	0.625	-0.589	0.191	-0.211	0.400	0.454	0.297	-1.203	0.439	1.473	-0.998	-0.483	-0.612
Magneto	AMB_RS10320	AMB_RS10320		BREX-1 system adenine-specific DNA-methyltransferase PglX	0.252	0.207	-0.620	-2.425	-1.674	-1.030	-0.227	0.041	-0.199	-0.244	-0.077	-0.608	-1.130	-2.087	-1.098	1.417	1.750	1.298	-1.011	-1.279	-1.095	-0.710	0.120	-0.522	-1.076	-0.213	0.208	1.130	2.262	2.027	-0.296	-0.737	-0.185	-1.053	-0.561	0.186
Magneto	AMB_RS10335	AMB_RS10335		BREX-1 system phosphatase PglZ type A	-1.349	0.893	0.091	0.030	-0.649	0.157	0.388	0.517	0.766	0.908	2.940	-0.082	-0.022	-0.254	0.462	0.251	1.007	0.666	0.357	0.794	-0.062	-0.208	1.073	0.366	-0.048	0.556	-0.151	-0.431	-0.472	0.016	2.609	1.000	0.830	1.436	0.690	0.875
Magneto	AMB_RS10340	AMB_RS10340		BREX system Lon protease-like protein BrxL	0.016	-0.478	-0.518	-0.283	-0.635	-0.711	0.618	0.619	-0.450	-0.078	0.894	0.194	0.550	-0.177	0.171	1.471	0.683	-0.253	-0.422	-0.962	-0.162	0.132	0.044	0.521	-0.897	0.223	-0.618	0.054	0.150	-0.407	-1.163	-0.588	-0.112	0.185	0.998	0.254
Magneto	AMB_RS10345	AMB_RS10345		hypothetical protein	0.686	-1.152	-1.527	-0.839	-0.304	-1.017	-0.871	-0.435	-1.505	-1.387	-0.510	0.172	-0.849	-1.188	-0.432	-0.946	-0.938	-1.273	0.668	-1.259	0.051	0.466	-0.387	-1.283	1.024	0.461	0.772	0.273	0.455	-0.097	1.965	1.095	2.263	2.401	0.693	0.009
Magneto	AMB_RS10350	AMB_RS10350		DNA polymerase III subunit epsilon	1.161	-0.044	-1.282	-1.031	-0.393	-0.794	0.321	-0.356	-1.287	-0.226	-1.670	-0.230	-1.751	-1.407	-0.595	-0.952	-0.849	-0.279	-1.558	-0.850	-1.060	-0.749	-1.128	-1.164	-0.366	-0.313	-0.172	-0.359	-0.321	0.395	-1.114	-0.104	-1.256	-0.219	0.217	-0.178
Magneto	AMB_RS10355	AMB_RS10355		hypothetical protein	0.190	-0.003	0.674	-0.123	0.570	0.008	0.761	0.663	-0.051	0.482	-0.160	1.096	0.509	-1.648	0.707	0.413	-0.049	-0.461	0.453	-0.147	-0.935	-0.288	-0.624	-0.291	0.668	0.699	1.154	0.488	1.080	1.005	1.432	1.057	0.456	-0.221	1.263	1.236
Magneto	AMB_RS10360	AMB_RS10360		phospholipase D family protein	-1.945	-1.897	1.701	0.476	1.079	2.093	-0.098	0.990	1.067	1.442	-1.004	0.865	1.269	-0.064	0.844	1.285	0.352	1.035	1.850	0.899	0.874	1.584	1.771	1.331	-1.777	-1.453	-1.432	-0.795	-0.826	-0.641	-1.808	-2.217	-1.043	-2.983	-1.550	-0.276
Magneto	AMB_RS10365	AMB_RS10365		DUF2786 domain-containing protein	1.383	0.833	0.708	1.181	-0.641	0.452	0.258	0.415	-0.518	1.322	1.238	0.823	-0.087	0.298	1.413	-0.502	0.919	-0.773	1.167	0.772	1.114	0.222	0.403	2.149	-0.726	-0.394	-0.474	-0.090	-0.169	-0.376	0.512	1.316	0.957	1.634	1.694	0.898
Magneto	AMB_RS10370	AMB_RS10370		hypothetical protein	0.199	-0.154	-0.843	-0.737	0.032	-0.213	0.981	-0.174	-0.491	-1.166	0.586	-1.339	0.192	-0.333	-0.554	1.455	0.327	0.367	-0.913	-0.733	-1.828	-0.156	0.128	-0.058	1.553	0.300	0.851	1.945	0.976	1.158	0.722	-0.122	1.318	-0.444	-0.207	1.101
Magneto	AMB_RS10380	AMB_RS10380		hypothetical protein	0.874	1.896	-0.859	-0.863	-0.860	-0.951	-0.545	-1.253	-0.693	-0.642	0.775	-0.925	-1.110	-1.105	-0.706	-0.146	-0.424	-0.487	-0.114	-0.631	-0.579	0.067	-0.137	-0.826	-0.045	-0.111	-0.000	0.940	0.343	-0.185	-0.196	-0.758	-0.115	-0.164	0.084	-0.391
Magneto	AMB_RS10385	AMB_RS10385		hypothetical protein	-0.528	0.546	0.181	0.262	-0.824	-0.488	-0.799	-0.385	-1.362	0.758	2.000	0.401	-0.662	0.485	-0.618	-0.188	0.473	0.138	0.490	-0.119	0.354	0.022	1.264	0.838	0.126	0.142	0.313	-0.918	-0.528	-0.281	1.196	1.428	1.795	1.447	0.850	1.042
Magneto	AMB_RS10390	AMB_RS10390		hypothetical protein	2.541	0.374	-1.855	-0.484	-0.307	-0.228	-1.543	-0.224	-0.716	-0.211	-0.058	0.933	-0.244	-0.727	0.136	-0.882	-0.558	-0.080	0.458	-0.403	-0.409	0.742	0.294	-0.136	-0.001	0.033	-0.527	-0.228	0.842	-0.780	0.639	0.135	-0.979	0.657	-0.743	0.272
Magneto	AMB_RS10395	AMB_RS10395		site-specific DNA methylase	0.267	-0.342	0.528	-0.756	-0.094	-0.394	-0.301	-0.588	-1.258	0.103	-0.442	0.673	-0.321	-0.733	-0.455	-0.061	-0.729	-0.661	0.769	-0.944	-0.254	0.001	-0.129	-0.369	-1.239	-0.858	-0.693	-0.313	-1.092	-1.293	-0.289	0.168	-0.267	0.185	-0.494	-0.551
Magneto	AMB_RS10400	AMB_RS10400		hypothetical protein	-0.606	-0.285	-0.121	0.150	-0.495	-0.666	-0.213	0.414	0.796	-0.014	1.948	0.313	-0.121	-0.969	-0.779	0.106	1.211	1.386	-1.273	-0.950	0.407	0.179	-1.400	-0.601	0.322	0.370	0.828	0.819	1.362	1.026	0.687	2.518	0.219	-0.960	-0.805	-0.601
Magneto	AMB_RS10405	AMB_RS10405		hypothetical protein	0.150	-0.533	-0.618	-0.740	0.609	-0.183	1.548	-0.410	0.136	1.514	-0.165	0.320	0.391	-0.716	0.518	-0.191	0.447	-0.217	1.084	-0.489	0.598	0.389	1.045	0.192	-0.350	-1.365	0.754	0.215	0.779	-0.310	-0.128	-1.547	0.413	0.607	-0.493	0.954
Magneto	AMB_RS10415	AMB_RS10415		recombinase family protein	-2.364	-0.736	-0.592	-1.590	-0.126	-0.965	-0.809	-0.984	-1.095	-2.069	-2.191	-0.166	-1.180	-0.833	-0.348	0.335	-0.573	-1.399	0.140	-1.017	0.925	0.399	0.409	-0.693	-1.075	-0.257	-1.251	-0.436	-0.054	-0.787	0.165	-1.923	1.427	-1.118	-3.939	-1.083
Magneto	AMB_RS10420	AMB_RS10420		type II toxin-antitoxin system RelE/ParE family toxin	0.228	-0.639	0.909	-1.148	1.023	1.710	0.254	-0.722	0.001	-0.207	-0.352	-1.297	0.184	-0.006	1.076	0.268	0.965	0.381	0.055	-0.209	1.477	0.853	0.482	-0.033	-0.248	-0.021	-0.658	-0.240	0.677	0.308	0.753	-0.909	0.240	1.200	1.036	-0.406
Magneto	AMB_RS10425	AMB_RS10425		XRE family transcriptional regulator	-0.531	-0.477	0.002	-0.309	0.623	0.999	-0.467	-0.264	0.300	-0.594	-0.962	2.359	0.647	0.235	0.364	-0.010	-0.054	-0.704	-0.444	0.186	-1.478	-0.343	1.284	0.234	1.095	1.368	0.526	0.905	0.299	-0.041	1.827	1.006	-0.425	0.020	-0.934	0.696
Magneto	AMB_RS10430	AMB_RS10430		hypothetical protein	0.164	0.572	-1.719	-1.270	-1.087	-0.760	-0.649	-0.487	-1.769	-0.952	-0.102	-1.322	-1.306	-1.194	-1.684	-1.859	-0.455	-1.735	-0.953	-0.973	-1.066	-2.274	-1.187	-2.226	-0.653	-0.091	1.018	1.092	0.855	0.007	2.183	0.411	1.981	1.438	0.445	0.771
Magneto	AMB_RS10435	AMB_RS10435		DUF4113 domain-containing protein	-0.286	1.050	-0.488	0.543	-0.315	0.157	0.502	-0.187	-0.634	0.137	1.170	0.468	-0.203	-0.320	0.019	-0.213	-0.720	-0.102	-0.260	0.297	-0.546	-0.089	0.368	0.896	0.380	-0.083	0.247	-0.140	0.450	-0.403	0.168	-0.566	-1.648	0.089	-0.270	-0.960
Magneto	AMB_RS10440	AMB_RS10440		SOS-response transcriptional regulators	1.018	-1.264	-0.107	-0.393	-0.809	-0.248	0.261	0.108	0.851	0.829	-0.300	-0.708	0.317	0.350	-0.266	0.742	0.235	-0.430	-0.681	-1.231	-0.155	0.156	-0.628	0.872	0.658	0.386	0.924	0.364	0.710	0.842	0.388	1.179	0.534	0.739	2.003	1.498
Magneto	AMB_RS10445	AMB_RS10445		phage Gp37/Gp68 family protein	1.113	-0.691	2.255	0.005	-0.147	1.381	0.666	1.574	0.641	0.818	-1.176	0.813	0.892	-0.750	1.337	1.117	1.583	0.872	-0.072	-0.482	0.527	1.418	0.482	0.410	-0.422	-0.233	-0.356	-0.081	-0.733	0.120	-0.828	-0.525	-0.856	-0.423	-0.692	-1.045
Magneto	AMB_RS10450	AMB_RS10450		hypothetical protein	-0.175	-1.073	0.532	0.353	-1.324	1.770	-0.183	1.126	0.121	0.081	0.705	-0.499	0.585	0.417	0.641	0.939	1.712	1.320	-0.537	-1.223	0.900	0.313	1.032	0.538	0.187	-0.287	0.860	0.298	0.396	1.162	-0.565	-0.555	-1.219	0.173	0.223	0.892
Magneto	AMB_RS10455	AMB_RS10455		WYL domain-containing protein	0.036	0.270	1.201	0.204	0.606	-0.553	-1.338	-0.074	-0.385	0.278	0.256	-0.699	0.213	-0.349	-0.926	-0.632	-0.187	-0.232	-0.862	-2.283	0.947	0.600	-0.103	-0.611	-0.245	0.391	0.290	-0.871	0.595	-0.222	0.250	-0.621	-0.702	0.121	0.617	-1.262
Magneto	AMB_RS10460	AMB_RS10460		phosphohydrolase	-0.880	-0.198	-0.003	-1.373	-0.284	-0.282	0.010	0.055	-0.617	0.006	-0.207	-0.442	-0.801	-0.229	0.278	0.229	1.179	-0.318	0.182	-0.513	-0.117	0.127	-0.745	-0.374	-0.668	-0.250	-0.574	-0.397	-0.672	-0.107	-1.129	-1.094	-0.770	0.801	0.337	0.515
Magneto	AMB_RS10465	AMB_RS10465		DUF3572 domain-containing protein	-0.461	-0.347	-0.978	-1.495	-1.430	1.059	-1.324	-1.252	-0.458	-1.167	-0.113	-1.083	-0.806	-1.309	0.563	-0.727	-0.064	-1.877	-1.274	-1.749	-0.357	-0.694	-0.934	0.363	-0.369	-1.304	-1.496	-1.344	-1.672	-1.055	-0.372	-2.684	-0.185	-2.623	-2.068	-0.907
Magneto	AMB_RS10470	AMB_RS10470		3'-5' exonuclease	-0.310	0.264	0.185	0.233	0.765	-0.001	0.934	-0.030	0.301	-1.838	-0.646	1.953	-0.813	-0.418	1.262	1.263	0.829	0.089	0.129	1.059	-0.700	1.159	1.155	1.765	0.967	-0.204	1.344	0.094	0.421	0.678	-1.098	-0.315	-1.072	-0.143	-0.419	0.875
Magneto	AMB_RS10475	AMB_RS10475		transcriptional regulator NrdR	-0.329	-0.506	0.160	-0.257	-0.465	-0.193	-0.922	-0.743	-0.761	-1.562	-1.260	-1.099	0.283	-0.380	-1.661	-1.536	-0.508	-0.569	-1.336	0.323	-0.158	0.018	0.039	0.506	-0.377	-0.319	-0.674	-0.495	-0.255	-0.472	-0.195	-0.345	-0.814	0.313	-0.439	-1.183
Magneto	AMB_RS10495	AMB_RS10495		transcriptional regulator	0.950	-0.083	-0.119	-0.023	-0.772	-1.305	-0.524	-1.579	-0.911	-0.923	0.428	-0.795	0.903	-0.427	-0.248	-0.043	-0.285	-0.833	0.139	1.655	0.165	-0.181	0.121	-0.351	0.532	1.263	1.484	-0.401	0.560	0.410	0.098	1.013	-0.253	0.314	0.617	-0.699
Magneto	AMB_RS10500	AMB_RS10500		XRE family transcriptional regulator	-0.357	0.951	1.565	1.342	0.809	1.439	0.693	0.811	1.436	1.145	0.339	0.989	0.893	0.974	0.631	-0.484	0.133	0.077	1.378	0.285	1.528	0.421	0.411	0.703	-0.278	-1.185	-0.487	-1.545	-1.367	-0.793	0.067	-1.151	-1.016	-1.707	-0.510	-0.438
Magneto	AMB_RS10505	AMB_RS10505		hypothetical protein	0.204	0.623	-1.559	-0.497	-0.535	-0.138	-0.384	-0.823	-0.289	0.271	-1.622	-0.570	-1.358	0.199	-0.428	-1.676	-0.455	-1.239	-0.629	-1.848	-0.475	-0.031	-0.249	0.346	1.224	0.582	1.791	1.875	0.627	1.475	1.696	2.019	1.455	0.479	1.554	0.348
Magneto	AMB_RS10520	AMB_RS10520		protease ydgD precursor	-0.085	0.391	0.194	0.485	0.576	0.511	1.019	0.955	0.679	-1.125	-0.927	0.653	-0.149	-0.071	0.706	0.122	-0.856	0.539	-1.191	0.481	1.482	1.060	0.526	0.789	0.463	0.992	0.252	0.134	-0.380	0.023	1.363	1.336	-0.135	0.442	1.369	-0.272
Magneto	AMB_RS10525	AMB_RS10525		O-acetyl-ADP-ribose deacetylase	2.004	-0.275	-1.209	-1.392	-0.804	-0.851	-1.135	-0.921	-0.531	-0.825	-0.462	-1.197	-0.751	0.015	-0.898	-0.293	-0.306	-0.588	-0.489	-1.213	-1.191	-1.062	-0.722	-0.909	-0.224	0.925	0.744	-0.186	-0.413	0.100	0.214	0.725	1.275	-0.576	0.975	1.928
Magneto	AMB_RS10530	AMB_RS10530		lactoylglutathione lyase and related lyase	-1.716	-1.185	1.091	-0.189	1.063	-0.209	0.929	0.211	0.810	2.489	0.449	0.737	-0.270	0.964	1.465	0.151	0.331	0.829	0.391	1.492	0.302	0.758	-0.508	0.523	0.372	-0.573	-0.015	-0.241	-1.669	-0.024	0.124	2.129	1.974	0.588	0.703	1.075
Magneto	AMB_RS10535	AMB_RS10535		hypothetical protein	-0.421	-0.792	-0.265	-0.695	0.398	0.748	-0.763	-0.468	-0.672	0.015	-0.262	0.215	-0.804	-0.685	0.244	-0.615	-0.374	-0.233	0.071	0.437	0.276	-0.839	-0.759	-0.054	-0.199	-0.618	-0.573	-1.028	-1.470	-1.120	1.440	1.652	1.274	0.419	1.148	0.834
Magneto	AMB_RS10540	AMB_RS10540		KR domain-containing protein	0.522	0.332	1.117	-2.411	-4.346	-2.734	-2.258	-3.341	-3.386	2.271	1.333	1.720	-0.925	-1.046	-1.519	-1.693	-1.351	-1.473	0.607	-0.630	-0.241	-2.173	-0.737	-2.329	-0.461	0.109	-0.336	-1.051	-0.993	-0.291	-1.273	-1.160	-0.618	0.095	-1.501	-2.538
Magneto	AMB_RS10555	AMB_RS10555		DNA repair protein RadA	0.015	0.297	-2.922	-1.412	-1.014	-0.379	-2.746	-2.280	-2.588	-1.790	-0.948	-0.313	-2.659	-0.798	-0.510	-0.816	-2.709	-2.119	-0.766	0.051	-0.577	-1.475	-1.210	-1.414	-2.483	-1.905	-1.431	-1.845	-2.343	-1.783	-0.710	-1.488	-1.102	-1.324	-0.734	-2.553
Magneto	AMB_RS10560	AMB_RS10560		hypothetical protein	-1.306	-0.505	0.110	-0.159	-0.409	0.559	-2.272	-1.010	-0.962	-0.678	-0.927	-0.983	-0.256	-0.263	-0.920	0.519	-1.105	-1.101	-0.457	0.117	0.737	0.554	0.223	-1.263	-1.933	-1.495	-1.489	-1.460	-1.971	-2.076	-1.338	-1.339	-0.082	-1.495	-1.454	-2.932
Magneto	AMB_RS10580	AMB_RS10580		hypothetical protein	2.098	0.447	-1.051	-0.782	-1.096	-0.666	-0.594	-0.891	-1.255	-1.629	0.106	0.037	0.261	-0.019	-1.545	-0.946	-0.868	-0.277	-1.298	-0.473	-0.730	-1.211	-0.572	-1.377	0.057	0.298	0.080	-0.431	-0.025	0.032	-0.650	-0.779	1.189	0.929	0.229	-0.529
Magneto	AMB_RS10600	AMB_RS10600		hypothetical protein	-0.473	-3.776	1.317	-0.518	0.161	-0.443	0.694	0.036	-0.403	-0.612	0.774	-0.177	-0.907	0.105	-1.615	-0.063	-0.826	0.420	0.302	-0.937	-0.097	0.768	0.383	-0.136	-1.131	-0.651	-0.089	-0.830	-0.932	0.149	-1.506	0.394	-1.787	0.417	-1.851	-1.164
Magneto	AMB_RS10615	AMB_RS10615		HAMP domain-containing protein	-0.250	0.915	-0.325	-0.233	-0.821	-0.282	-0.568	-0.011	-0.995	-0.633	-0.944	-1.220	-0.828	-0.235	0.338	-0.806	-0.464	-0.701	0.119	0.008	-0.413	0.100	-0.426	-0.743	-0.223	-0.278	0.574	-0.286	0.756	0.229	-0.073	-0.048	-1.753	-0.012	-2.344	-0.398
Magneto	AMB_RS10640	AMB_RS10640		endolytic transglycosylase MltG	-0.334	0.763	-0.810	1.944	1.005	0.934	-0.149	-0.165	1.167	-0.682	-0.711	-3.394	1.718	2.269	1.757	1.785	-0.128	-0.276	0.586	-0.293	0.258	0.912	0.963	-0.004	-0.529	-3.384	-0.100	-1.529	-1.736	-1.792	-1.008	-0.876	-1.792	-1.159	-0.172	-1.919
Magneto	AMB_RS10645	AMB_RS10645		glucose-1-phosphate adenylyltransferase	2.551	1.244	-0.561	-0.321	0.949	0.608	0.896	0.057	0.800	0.297	0.366	0.080	1.469	-0.117	0.561	0.232	0.062	0.611	0.584	1.429	0.517	0.654	-0.004	0.416	2.548	2.806	2.375	1.964	2.680	2.316	0.989	1.973	2.659	0.930	0.958	1.970
Magneto	AMB_RS10655	AMB_RS10655		glucokinase	-0.328	0.464	-0.374	-0.137	1.088	0.338	-0.506	0.291	0.314	0.611	0.656	0.771	-0.774	-0.313	-0.453	0.037	-1.000	-0.406	-0.573	1.622	0.476	0.011	-1.177	-0.158	2.866	-0.473	1.864	0.286	1.155	-0.748	2.679	0.018	0.904	-0.569	1.336	1.907
Magneto	AMB_RS10660	AMB_RS10660		hypothetical protein	0.073	-0.312	0.001	0.723	1.115	0.429	0.457	-0.137	0.662	0.546	1.605	-0.319	1.062	0.834	1.144	0.068	0.603	0.649	1.220	-0.146	-0.549	-0.124	0.339	0.892	1.158	-0.321	0.710	0.030	0.043	0.392	0.778	1.432	-0.195	1.912	0.918	1.556
Magneto	AMB_RS10685	AMB_RS10685		hypothetical protein	-0.765	0.332	-1.982	-0.467	-0.707	-0.332	-0.742	-0.324	0.034	-1.316	-0.223	-0.863	-2.181	-2.930	0.531	-1.081	1.776	-0.580	-0.517	-0.169	-1.112	-1.139	-0.091	-1.137	-0.473	-0.635	0.147	1.495	0.831	-0.261	1.863	0.180	-0.601	-0.652	1.129	-0.673
Magneto	AMB_RS10690	AMB_RS10690		hypothetical protein	-0.259	0.214	-0.523	-0.155	-1.307	-0.914	0.235	0.842	-0.662	-1.115	-0.372	0.306	-0.450	-0.964	-0.518	0.328	0.663	-0.038	-0.925	-1.356	0.095	-0.971	1.413	-0.521	-0.020	-0.661	-0.896	0.017	-1.115	-0.076	-1.132	-0.705	0.370	-0.097	-1.994	0.079
Magneto	AMB_RS10695	AMB_RS10695		hypothetical protein	-0.050	0.202	-1.492	-1.090	-0.440	-0.800	-0.630	-1.245	-1.214	-1.966	-1.034	-1.753	-1.151	-0.912	-1.579	0.060	0.800	-0.223	-1.620	-1.310	-1.900	0.003	0.267	-0.706	-1.180	-1.075	-1.285	-1.052	0.333	-0.222	0.030	-1.532	-1.115	-2.168	-0.709	-1.065
Magneto	AMB_RS10700	AMB_RS10700		hypothetical protein	0.580	0.095	-2.709	-1.264	-0.870	-1.516	-1.001	-1.844	-1.397	-2.990	-0.133	-1.993	-2.532	-2.447	-1.876	-1.432	-1.070	-1.308	-1.284	-1.128	-2.102	-0.883	-0.830	-0.866	-0.837	0.098	0.036	0.608	1.154	0.333	0.009	1.127	-1.306	-0.459	1.336	0.877
Magneto	AMB_RS10705	AMB_RS10705		hypothetical protein	-0.085	0.803	-0.323	0.020	-0.990	-0.823	-0.953	-0.195	-0.416	-0.908	-0.760	0.249	0.952	-0.262	-0.674	-0.188	-0.167	-0.303	-1.097	-1.127	-0.156	0.154	-1.346	-0.383	-0.438	0.024	0.169	-0.421	0.020	0.041	-0.206	0.016	-1.235	-0.289	-0.578	-0.108
Magneto	AMB_RS10710	AMB_RS10710		integrase	1.991	-0.738	-0.710	-1.157	0.103	-1.013	-0.568	-1.112	-0.292	0.341	-1.185	-0.044	-0.075	-1.588	-0.616	-0.584	0.213	-0.002	-0.511	1.211	-0.538	0.376	0.502	0.738	-1.450	-0.873	-1.558	-0.501	-0.340	-1.340	-0.654	-1.482	-2.154	-1.130	-1.411	-1.466
Magneto	AMB_RS10715	AMB_RS10715		response regulator	-1.438	-1.166	-0.143	0.538	-1.270	-0.481	0.321	-0.069	-0.442	-1.567	-0.682	-1.416	-0.389	-0.038	0.435	-0.272	-0.677	-0.145	-0.647	0.235	-1.754	0.478	-0.143	0.734	0.910	0.991	1.225	1.496	2.222	1.499	0.545	0.925	1.816	0.570	-0.277	0.597
Magneto	AMB_RS10720	AMB_RS10720		hypothetical protein	-0.143	0.536	-1.161	-1.155	-1.134	-0.698	1.225	0.475	1.508	-1.548	1.739	-1.137	-1.315	-1.004	0.249	-0.250	0.358	1.354	-0.070	-0.117	0.486	-1.848	-0.442	-0.440	-0.638	0.218	0.121	0.911	1.790	0.939	-0.429	0.494	-0.706	-0.786	-0.807	-0.614
Magneto	AMB_RS10725	AMB_RS10725		hypothetical protein	0.106	-0.149	0.552	-0.545	0.449	-0.849	0.672	0.516	0.454	0.637	0.316	0.023	-0.853	-0.824	-0.296	0.137	1.578	0.187	0.699	-0.600	-1.196	-0.112	0.909	0.333	-1.541	-2.083	-1.835	-0.657	-0.851	-1.012	-0.458	-0.530	-1.138	-1.859	-0.016	-2.727
Magneto	AMB_RS10730	AMB_RS10730		hypothetical protein	-0.308	-2.750	0.504	-0.780	-0.117	0.037	0.473	-0.556	0.019	0.598	0.379	1.858	0.032	0.069	-1.684	-0.260	0.473	0.403	-0.135	-0.607	-0.342	-0.311	0.378	0.000	0.106	-0.202	-0.169	-0.136	-0.224	-0.051	-0.395	-0.580	-0.526	-0.830	0.232	-0.526
Magneto	AMB_RS10735	AMB_RS10735		integrase	-1.495	0.992	-0.352	-0.755	-1.428	-0.592	-0.550	-0.615	-0.663	-0.973	-1.752	-1.296	-0.929	-1.014	-0.200	-0.684	-0.329	0.320	-1.242	-0.928	-0.948	-0.153	0.987	0.013	0.357	-0.453	0.152	0.540	1.309	0.101	-0.449	-0.563	-0.691	-1.444	-1.421	0.519
Magneto	AMB_RS10740	AMB_RS10740		response regulator	4.433	0.361	-0.740	-0.708	-0.553	-1.097	-0.652	-1.218	-0.290	-0.414	0.656	-0.284	-0.242	-1.671	-0.275	-0.604	-0.204	-0.681	-0.904	-0.214	-0.285	-1.234	-0.165	-0.665	-0.694	-1.714	-1.488	0.648	0.800	0.269	-0.713	-0.226	-0.277	0.452	0.150	0.936
Magneto	AMB_RS10750	AMB_RS10750		RNA methyltransferase	0.138	-1.337	0.051	-1.264	0.675	-0.970	-1.130	-0.842	-0.679	-3.657	-1.287	-1.457	0.041	-0.385	-0.039	-0.716	-0.499	-1.102	-1.470	0.555	-0.976	-1.271	-1.701	-0.016	-0.558	-0.041	-0.555	-0.682	1.188	-0.236	-0.941	-2.957	-2.878	-2.533	-2.531	-1.717
Magneto	AMB_RS10760	AMB_RS10760		hypothetical protein	1.942	0.462	0.137	0.705	2.065	0.876	0.945	0.261	1.267	0.377	-1.394	0.743	0.300	0.449	1.735	0.057	0.961	1.200	0.080	-0.901	0.716	-0.787	1.071	0.343	-0.063	0.547	-1.541	-0.019	0.193	1.430	-0.140	0.105	-0.460	0.330	0.017	0.324
Magneto	AMB_RS10765	AMB_RS10765		septal ring lytic transglycosylase RlpA family protein	1.558	-0.844	0.678	0.602	-1.785	0.689	0.556	-0.523	0.268	0.376	1.905	-0.201	-0.332	0.526	-0.477	-0.247	-0.235	0.591	-0.074	1.076	0.002	-0.388	-1.199	-0.131	-1.334	-0.965	-1.591	-1.440	-0.833	-0.989	0.680	-1.485	-2.534	-1.511	-2.403	0.051
Magneto	AMB_RS10770	AMB_RS10770		hypothetical protein	4.474	-0.227	-0.660	-0.672	0.062	-0.872	-0.189	-0.730	0.055	0.389	-0.149	-0.382	-0.050	-0.844	-0.779	0.121	0.422	-0.003	-0.353	-1.084	-0.812	-0.567	-0.382	-0.005	-1.185	0.513	0.331	0.599	0.151	0.831	-0.206	1.084	2.302	-0.838	1.280	-0.400
Magneto	AMB_RS10775	AMB_RS10775		CoA transferase	-0.138	-1.060	0.765	0.459	0.114	-0.612	-0.047	0.289	-0.188	0.095	0.991	-0.162	-0.163	0.480	-0.050	-0.873	-0.135	0.841	-0.674	-0.544	0.085	-0.907	-0.488	0.742	-0.027	0.560	-0.527	0.137	0.302	-0.224	-0.182	1.252	0.476	-0.913	0.512	-0.467
Magneto	AMB_RS10780	AMB_RS10780		methyl-accepting chemotaxis protein	-0.710	-0.023	0.665	-0.374	0.060	-0.697	-0.306	-0.133	0.050	0.827	1.170	0.413	0.767	-0.375	0.244	-0.347	0.197	-0.293	1.552	0.690	0.689	0.917	0.709	0.270	-0.722	-1.553	-1.048	-1.209	-1.671	-1.353	0.888	-0.458	0.251	1.010	0.675	0.521
Magneto	AMB_RS10790	AMB_RS10790		class I SAM-dependent methyltransferase	0.197	-0.851	0.549	-0.555	-0.193	-0.347	-1.437	-1.369	-0.615	-0.892	0.003	-1.011	-1.458	-1.254	-0.351	-0.526	-1.134	-0.237	-1.790	0.278	0.658	-0.697	-0.738	-1.330	-0.759	-1.724	-0.820	-1.518	-0.602	-0.074	-0.357	-2.436	-0.035	0.280	-1.661	-0.631
Magneto	AMB_RS10795	AMB_RS10795		tetratricopeptide repeat protein	0.604	-0.398	0.278	0.858	0.915	0.697	1.237	0.315	0.921	1.416	0.700	0.205	0.687	1.178	1.395	0.970	0.784	1.693	0.680	0.594	1.594	0.448	-0.485	-0.166	-0.015	-0.551	0.501	-0.317	0.427	0.129	1.386	-0.259	-0.230	-0.348	0.074	0.703
Magneto	AMB_RS10800	AMB_RS10800		ferredoxin	-1.731	-0.530	0.243	0.399	0.407	0.297	-0.417	-0.434	-0.147	1.106	0.672	1.749	0.877	0.582	1.042	-0.392	-0.272	0.349	0.575	1.287	0.994	-1.586	-0.659	-0.448	-0.875	-1.407	-1.940	-1.219	-3.006	-1.996	2.115	1.780	0.870	2.496	4.397	3.152
Magneto	AMB_RS10805	AMB_RS10805		benzoyl-CoA reductase subunit D	-0.284	-1.316	-0.585	1.211	-0.209	0.721	1.194	0.426	0.450	-1.493	0.429	0.004	-0.728	-0.816	-0.227	0.321	0.777	1.814	-1.238	-1.998	-1.433	-0.542	-1.047	-1.250	8.966	12.985	9.954	8.459	13.291	10.389	-5.329	-6.699	-8.469	-1.479	3.894	-0.039
Magneto	AMB_RS10810	AMB_RS10810		benzoyl-CoA reductase subunit A	-0.118	0.627	-1.530	-0.699	0.052	-0.378	1.266	-0.986	-0.945	-0.609	0.778	-0.612	-0.545	-1.366	-1.713	-1.826	-0.298	0.170	-0.964	-1.619	-0.892	-0.549	-1.119	-1.369	7.489	9.421	7.533	6.673	10.195	7.696	-2.838	-8.372	-7.503	-0.246	2.840	0.562
Magneto	AMB_RS10815	AMB_RS10815		benzoyl-CoA reductase subunit B	4.527	-2.025	0.159	0.769	-0.353	0.406	1.162	0.565	1.481	0.004	0.059	-0.219	0.152	-0.144	-0.912	0.892	1.232	0.999	-0.257	-0.307	-0.101	0.037	-0.127	-1.314	11.739	16.386	12.480	11.098	16.565	13.669	-9.420	-10.865	-11.239	-0.961	4.138	-1.785
Magneto	AMB_RS10820	AMB_RS10820		benzoyl-CoA reductase subunit C	2.031	-0.903	0.214	0.126	-0.323	0.474	0.934	0.145	0.474	-1.197	-0.235	-1.597	-0.847	-1.484	0.222	-0.315	0.640	0.135	-0.262	-0.532	-0.857	-1.286	-1.096	-1.313	14.963	21.769	16.682	15.375	22.681	17.843	-10.744	-18.175	-19.360	0.617	4.410	-0.111
Magneto	AMB_RS10825	AMB_RS10825		cyclohexa-1,5-dienecarbonyl-CoA hydratase	2.168	0.283	1.838	0.301	0.883	-0.000	0.532	1.771	0.958	0.231	2.082	1.665	0.173	0.651	0.458	1.408	0.406	0.551	1.165	0.990	0.430	0.711	0.087	1.117	2.548	2.690	1.751	1.521	2.145	2.487	-0.056	0.585	0.206	1.390	0.373	2.501
Magneto	AMB_RS10830	AMB_RS10830		6-oxocyclohex-1-ene-1-carbonyl-CoA hydratase	3.528	1.438	0.357	0.037	0.370	-0.588	0.306	0.614	-0.769	-0.159	0.395	0.012	-0.014	-0.883	-0.287	0.857	0.141	-0.294	-0.666	-1.350	-0.620	-0.261	-0.005	-0.013	2.687	3.833	3.076	2.942	3.859	3.087	-6.418	-5.874	-5.196	-1.047	-0.280	-1.655
Magneto	AMB_RS10835	AMB_RS10835		6-hydroxycyclohex-1-ene-1-carbonyl-CoA dehydrogenase	0.439	0.412	0.050	-0.763	1.078	-1.005	0.107	-0.769	-0.830	-0.979	-0.126	-0.047	-0.140	-0.242	-0.558	-0.918	-1.039	-0.563	1.218	-0.901	-0.599	-0.085	-0.614	-0.132	6.105	5.896	5.561	5.190	5.745	5.375	-2.793	-2.821	-3.486	3.093	3.313	3.400
Magneto	AMB_RS10840	AMB_RS10840		2-oxoacid:acceptor oxidoreductase subunit alpha	0.676	0.839	0.987	0.400	1.000	1.329	1.009	1.003	0.892	0.949	1.061	1.722	-0.185	0.929	0.202	0.518	0.565	0.319	2.272	1.251	0.937	0.294	0.942	0.577	6.032	6.475	4.940	3.801	5.358	4.204	0.287	0.176	0.934	1.423	3.249	1.832
Magneto	AMB_RS10845	AMB_RS10845		2-oxoglutarate synthase	-0.218	0.978	-0.796	0.818	-0.151	0.019	-0.425	-0.586	-0.440	-0.887	0.023	-0.993	-0.117	-1.185	0.367	0.287	-0.290	-1.221	-0.791	-0.429	0.204	-0.126	0.367	-1.873	3.291	4.609	3.508	3.004	4.904	3.503	1.078	0.754	0.657	1.715	4.234	1.469
Magneto	AMB_RS10850	AMB_RS10850		hypothetical protein	-0.018	1.521	-0.777	0.614	0.620	0.013	0.518	0.640	0.673	-0.063	-0.203	-1.019	-0.096	0.963	0.194	0.044	0.799	0.547	-0.367	0.315	-0.268	0.677	-0.145	-0.534	1.559	1.962	1.120	1.119	1.834	2.171	0.911	1.012	-0.419	1.514	1.593	0.633
Magneto	AMB_RS10855	AMB_RS10855		RidA family protein	0.396	0.960	-0.791	-1.088	-0.499	-0.784	-0.335	-0.853	-0.848	0.259	-0.561	1.485	-0.425	-0.404	-0.493	-0.515	-0.275	-0.435	-0.091	1.234	-0.385	-0.478	-0.670	-0.735	-0.145	0.113	0.028	0.141	0.080	0.031	-0.224	0.086	-0.322	0.384	0.319	-0.319
Magneto	AMB_RS10870	AMB_RS10870		KR domain-containing protein	-0.920	1.558	1.117	0.496	1.320	1.753	1.621	1.974	1.489	1.722	1.038	0.463	0.928	0.788	1.409	0.836	1.068	1.556	1.659	1.084	0.497	1.487	2.050	1.697	-0.980	-0.999	-1.213	-1.099	-0.905	-1.960	-0.902	-2.110	-0.948	-1.547	-0.644	-0.747
Magneto	AMB_RS10875	AMB_RS10875		HlyC/CorC family transporter	-1.133	0.080	0.707	1.145	0.406	1.163	0.025	0.518	0.366	2.214	1.366	0.957	1.546	0.330	1.168	0.170	-0.090	0.749	0.781	0.196	1.773	0.295	0.155	1.055	1.258	0.515	0.734	0.168	0.475	0.069	1.215	-0.114	1.169	1.277	0.816	0.087
Magneto	AMB_RS10880	AMB_RS10880		hypothetical protein	0.958	0.469	-0.064	1.408	-0.440	0.708	-0.798	0.114	1.112	1.486	-0.537	0.044	0.264	1.188	1.247	0.039	-0.030	-0.002	0.807	0.539	0.360	-0.856	0.682	0.804	-1.077	-0.104	-0.892	-0.038	0.699	-0.304	-1.129	0.676	-1.813	0.461	-0.128	-0.849
Magneto	AMB_RS10885	AMB_RS10885		PrkA family serine protein kinase	0.223	-0.670	-0.360	0.474	1.061	0.120	0.459	0.843	0.589	0.817	0.877	-1.001	0.268	0.668	0.695	1.110	0.318	0.720	0.095	0.616	0.872	0.228	-0.451	0.401	0.751	1.054	0.167	-0.278	0.920	-0.164	2.093	1.639	0.918	0.806	-0.469	0.505
Magneto	AMB_RS10890	AMB_RS10890		hypothetical protein	-3.489	-0.034	0.015	0.111	-0.259	0.267	0.259	-0.381	0.312	0.500	0.301	0.429	0.588	0.253	0.364	-0.135	0.068	0.779	0.778	-0.145	-0.434	0.055	-0.020	0.931	-0.523	0.461	-0.273	-1.237	-0.534	-0.896	-2.028	0.844	-0.696	-2.269	0.053	1.280
Magneto	AMB_RS10895	AMB_RS10895		SpoVR family protein	0.146	0.483	-0.116	-0.943	-0.081	-0.211	-0.953	0.454	-0.054	-0.032	0.681	-1.500	0.184	0.098	0.668	0.190	-0.241	-0.446	-0.135	0.368	-0.018	-0.578	0.143	-0.310	0.341	0.116	0.543	-0.324	1.198	-0.013	1.513	0.928	0.312	-0.543	-0.879	0.020
Magneto	AMB_RS10900	AMB_RS10900		hypothetical protein	-0.114	0.230	0.746	0.955	0.639	0.884	0.865	1.046	0.863	0.640	0.925	0.146	1.213	0.150	1.013	1.839	0.740	1.490	0.708	1.539	-0.069	-1.085	-0.358	-0.020	0.541	0.385	-0.630	0.250	-0.274	0.197	0.945	1.227	1.313	2.179	1.359	1.515
Magneto	AMB_RS10905	AMB_RS10905		indolepyruvate ferredoxin oxidoreductase	-1.951	0.416	0.023	0.026	0.888	0.828	0.360	0.301	0.903	1.115	1.503	0.702	0.589	0.559	0.053	0.039	-0.162	0.070	1.549	1.421	0.594	0.469	-0.004	0.056	-0.085	-0.126	-0.350	-0.735	-0.830	-0.593	-0.346	1.293	1.002	-0.306	0.512	0.058
Magneto	AMB_RS10915	AMB_RS10915		hypothetical protein	0.155	0.696	0.084	0.180	-0.088	-0.337	-0.354	0.779	1.585	0.652	0.026	-0.373	0.300	-0.931	0.977	-0.557	-0.347	-1.422	-0.962	-0.632	0.106	-1.331	0.697	-0.929	-1.068	0.079	1.365	0.469	0.596	1.090	0.369	1.916	0.804	1.287	1.935	0.315
Magneto	AMB_RS10920	AMB_RS10920		hypothetical protein	-1.111	1.049	0.492	0.682	0.468	0.337	0.443	1.567	0.306	1.460	-0.484	1.699	0.242	1.031	0.586	-0.024	0.064	0.324	0.508	1.463	0.114	0.981	0.294	-0.485	1.375	0.594	1.131	1.058	0.957	1.431	2.885	1.797	-0.079	1.049	0.622	1.060
Magneto	AMB_RS10930	AMB_RS10930		methyltransferase domain-containing protein	0.331	-0.769	0.189	0.109	1.187	-0.139	-1.027	0.071	0.781	-1.348	0.185	-0.966	0.009	0.079	0.007	-0.616	-0.658	-2.335	-0.306	1.995	0.855	-1.310	-1.127	-0.226	0.607	-0.946	-0.050	-1.706	-0.307	-2.271	-0.224	0.269	0.794	-1.909	0.265	-1.827
Magneto	AMB_RS10940	AMB_RS10940		PAS domain S-box protein	0.069	0.345	-0.068	-0.541	-1.113	-0.858	-0.285	-0.576	0.633	0.230	0.944	0.699	-0.115	-0.230	0.580	-0.881	-0.528	-0.500	-0.019	1.278	0.409	-0.268	0.615	-0.386	0.411	-0.584	-0.620	-0.416	-0.889	0.088	-0.889	1.669	1.227	3.189	0.709	0.668
Magneto	AMB_RS10945	AMB_RS10945		diguanylate phosphodiesterase	1.213	-0.203	0.545	-0.221	-0.041	-0.340	-0.367	-0.945	-0.238	-1.498	0.362	1.670	0.409	-0.272	-0.528	-0.930	-0.634	-0.361	0.055	-0.110	-0.275	-0.575	0.157	-0.159	0.489	0.527	-0.251	0.693	0.876	0.085	0.258	0.474	0.366	0.127	0.630	0.661
Magneto	AMB_RS10950	AMB_RS10950		cytochrome c oxidase subunit 3	-0.152	-0.230	-0.757	-0.040	-1.682	-0.975	-0.596	-0.709	0.115	-0.655	1.080	0.395	-0.255	-0.561	0.408	-1.338	-1.850	-0.476	-0.762	0.045	-0.137	-1.797	-2.141	-1.455	-1.315	-1.457	-0.783	-0.629	-1.195	-1.658	-0.166	-0.316	-0.730	-1.458	-0.763	-1.103
Magneto	AMB_RS10955	AMB_RS10955		cytochrome c oxidase assembly protein	-0.007	0.399	-1.483	-0.323	0.222	-1.011	-0.572	0.332	-0.158	-0.423	-0.009	-0.204	-1.074	-0.700	-0.437	-0.408	-0.307	-0.062	-0.285	-0.105	-1.174	-0.411	-1.377	-1.045	0.391	-0.447	0.700	-0.219	-0.356	-0.345	2.267	1.042	0.498	-1.363	-0.383	0.491
Magneto	AMB_RS10960	AMB_RS10960		cytochrome c oxidase subunit I	1.219	-0.699	0.645	0.466	1.074	0.609	0.988	0.208	1.204	0.872	1.499	0.934	1.371	0.419	1.675	0.133	0.579	0.934	0.625	-0.113	0.180	0.510	0.219	0.479	1.193	0.844	0.867	-0.099	0.033	0.550	1.314	0.951	0.874	0.437	0.427	1.345
Magneto	AMB_RS10965	AMB_RS10965		cytochrome c oxidase subunit II	0.153	1.554	0.284	-0.813	-0.834	0.386	-0.151	-0.397	-0.068	0.476	-0.448	0.590	0.908	0.053	0.438	0.511	0.289	0.580	-0.421	-0.579	-0.684	-0.337	-0.644	0.008	-0.459	0.936	0.180	0.701	-0.068	-0.763	1.348	1.264	0.291	0.988	1.948	-0.428
Magneto	AMB_RS10980	AMB_RS10980		cytochrome c	0.324	1.155	-0.083	0.419	-0.738	0.524	-0.154	-0.526	-0.247	-1.455	-1.254	-2.307	0.855	0.028	-0.065	-0.044	-0.012	0.208	-1.021	-1.838	-0.468	-0.937	0.423	-0.127	1.493	0.965	1.914	1.661	1.556	1.215	-3.595	-1.726	-4.105	-0.477	0.736	0.085
Magneto	AMB_RS10985	AMB_RS10985		hypothetical protein	1.304	-0.350	1.457	-0.100	-1.118	0.921	1.780	0.922	0.283	-0.003	-0.824	0.782	0.505	-0.678	0.320	2.272	1.430	3.018	-0.429	0.013	1.501	0.299	0.129	-2.030	0.865	1.163	0.154	1.360	0.549	0.756	1.307	0.985	0.032	0.581	1.488	0.867
Magneto	AMB_RS10990	AMB_RS10990		hypothetical protein	-0.212	-1.851	0.573	1.040	-0.255	1.054	0.829	1.103	1.192	1.944	1.791	0.944	0.804	1.227	1.667	0.209	1.668	0.696	0.215	0.902	0.812	0.677	1.120	0.041	1.007	0.224	0.244	0.640	1.154	1.232	2.173	0.209	-0.800	0.244	0.104	1.223
Magneto	AMB_RS11000	AMB_RS11000		N-formylglutamate amidohydrolase	-2.071	-0.358	-0.451	-0.054	-0.313	0.081	-0.684	-0.069	0.188	1.306	0.759	0.496	-0.532	0.229	-0.951	-1.233	-0.160	-0.952	1.490	-0.397	0.912	-1.356	-0.195	0.235	-2.717	-1.849	-2.481	-3.020	-2.376	-2.159	-2.362	-1.538	-1.220	-0.543	-0.744	-2.981
Magneto	AMB_RS11010	AMB_RS11010		two-component sensor histidine kinase	-0.371	0.074	-0.288	-0.122	0.155	0.088	-1.001	-0.051	0.079	-0.155	-0.689	-0.570	0.232	-0.198	-0.883	-0.569	-0.863	-0.267	-0.759	-0.183	0.646	-0.320	-0.317	-0.892	-1.514	-0.543	-0.116	-0.815	-0.780	-0.953	-0.951	-0.594	0.303	-0.189	-0.739	0.222
Magneto	AMB_RS11015	AMB_RS11015		XRE family transcriptional regulator	-0.560	1.060	-0.460	-1.886	-2.877	-1.186	-0.603	-0.484	-2.032	-0.511	-0.928	-1.265	-1.604	-1.515	-1.062	-1.236	-1.191	-1.008	-1.663	-1.114	-1.472	-1.193	0.207	-0.389	-0.060	-0.272	0.935	-0.169	0.695	0.595	1.328	-0.985	-1.451	-1.026	0.423	-0.316
Magneto	AMB_RS11020	AMB_RS11020		HU family DNA-binding protein	-0.780	-1.481	-0.190	-0.181	0.735	0.437	1.709	0.737	0.869	-1.109	0.584	-0.631	-0.938	-0.325	0.677	1.696	0.894	2.233	-0.194	-0.528	-0.850	0.064	0.291	0.190	-0.640	-0.750	-0.095	-0.192	1.265	0.535	-0.390	-0.486	-0.661	0.236	0.589	0.478
Magneto	AMB_RS11025	AMB_RS11025		PAS domain S-box protein	2.398	0.632	-1.147	-0.247	-1.152	-0.249	-0.152	-0.264	0.195	-0.183	0.452	-1.036	0.016	-0.718	-0.226	0.424	0.975	1.218	-0.448	-0.015	-0.235	0.276	0.847	0.412	0.152	0.365	0.012	0.866	0.317	1.029	-0.144	-1.508	-0.131	0.362	0.305	-0.517
Magneto	AMB_RS11035	AMB_RS11035		hypothetical protein	-0.300	0.601	-1.020	-1.039	-1.110	0.505	-0.777	0.076	0.268	-0.712	-0.314	-0.349	-0.587	0.179	-0.396	0.656	0.124	0.487	-2.413	0.540	-1.807	-0.218	-0.679	0.547	-0.147	0.216	0.323	0.834	1.280	0.283	1.527	-0.760	0.766	1.328	0.081	0.579
Magneto	AMB_RS11050	AMB_RS11050		Crp/Fnr family transcriptional regulator	-0.734	0.420	-0.986	-0.840	-0.879	-0.616	-0.018	-1.351	-0.733	-1.440	-0.167	-0.393	0.606	-1.812	-0.167	0.888	0.781	-0.230	-1.348	-2.669	-1.408	-0.937	0.152	-0.717	0.152	0.309	1.051	2.417	2.200	1.798	1.205	2.217	1.490	1.441	1.598	0.784
Magneto	AMB_RS11055	AMB_RS11055		DUF3365 domain-containing protein	-0.288	0.408	-1.235	-1.970	-1.197	0.222	-1.022	-0.507	-0.034	-0.613	-1.025	-0.137	-1.051	-1.153	-0.829	-0.478	0.570	-0.319	-1.172	-0.881	-1.347	0.383	0.679	-0.069	-1.326	-1.050	-1.389	-0.588	-0.342	-0.954	-0.662	-1.245	-0.484	-1.145	-0.052	-1.473
Magneto	AMB_RS11065	AMB_RS11065		hypothetical protein	-0.038	-0.245	-1.961	-3.103	-0.484	-1.336	-0.643	-2.128	-0.971	-0.718	-2.360	-2.208	-2.128	-1.857	-1.712	-0.824	-0.463	-1.160	-1.787	-1.579	-1.870	-0.967	0.005	-2.169	-0.751	-0.647	0.906	1.738	1.678	1.611	0.762	-1.159	-1.394	0.275	1.357	-0.075
Magneto	AMB_RS11070	AMB_RS11070		hypothetical protein	0.146	0.322	-2.839	-2.477	-3.007	-2.236	-0.986	-1.444	-0.778	-2.370	-1.325	-1.252	-1.927	-2.372	-1.742	-0.520	-0.580	0.088	-1.786	-2.396	-1.510	-1.035	-0.379	-0.910	-0.825	-1.378	-0.602	0.517	1.337	0.728	-0.159	-0.893	0.211	-0.947	-1.237	-0.590
Magneto	AMB_RS11075	AMB_RS11075		hypothetical protein	-0.380	-0.151	-1.022	-1.038	-0.130	0.129	-0.577	0.249	-0.511	-0.857	0.265	0.497	-0.150	-1.326	-1.215	-0.351	1.429	0.736	-0.377	-0.467	-0.387	0.649	-0.304	-0.169	-1.783	-1.949	-2.362	-1.142	-1.530	-1.295	-2.484	-1.440	-3.407	-2.277	-2.925	-0.996
Magneto	AMB_RS11080	AMB_RS11080		site-specific DNA methylase	-0.261	0.177	-1.208	-1.014	-0.668	-1.384	0.482	-0.645	0.210	-0.820	-1.623	-0.691	-0.458	-0.866	-1.331	-0.638	-0.798	-1.009	-2.062	-1.373	-0.856	-0.109	0.361	-0.189	-0.067	0.142	0.436	0.736	0.408	0.467	2.334	0.167	-0.816	-0.163	1.550	0.528
Magneto	AMB_RS11085	AMB_RS11085		integrase	-0.529	0.592	2.565	1.019	0.233	0.788	0.049	0.169	0.710	1.511	1.730	1.697	1.719	-0.281	0.970	0.202	0.639	0.874	-0.280	0.238	0.665	0.924	0.986	0.745	0.241	-1.260	0.366	0.078	0.098	-0.548	0.068	-0.618	-0.146	0.842	-0.044	0.319
Magneto	AMB_RS11095	AMB_RS11095		hypothetical protein	-0.516	1.117	-0.860	-1.015	-0.483	-0.901	-0.154	-0.981	0.173	-0.078	0.311	-0.220	-2.641	-0.562	0.422	-1.191	-0.672	0.772	-0.054	0.241	-1.471	0.264	0.671	0.486	-1.655	-1.256	-1.259	-1.495	-1.324	-0.712	-0.818	-1.677	-1.315	-1.383	-1.314	-1.059
Magneto	AMB_RS11100	AMB_RS11100		membrane protein	0.957	-0.092	-3.058	-1.585	-1.619	-2.208	-0.081	-2.113	-1.090	-1.189	-1.878	-2.526	-1.760	-2.818	-1.387	0.191	2.497	1.205	-4.009	-2.277	-1.558	-1.528	-1.074	-1.045	-1.043	-0.340	-0.707	1.844	1.562	1.617	-2.076	-3.242	-0.789	-2.313	-1.543	-0.998
Magneto	AMB_RS11110	AMB_RS11110		chemotaxis protein	-0.230	-1.153	-0.833	-0.361	-1.290	-0.892	-0.856	-0.140	-0.749	-0.438	0.452	-0.624	1.131	-0.412	-0.661	0.933	-0.867	1.060	1.003	0.543	0.127	1.384	-0.408	0.991	-0.787	-0.987	-0.427	-0.644	-0.411	-1.195	-1.821	-0.605	-0.083	0.026	-0.630	0.062
Magneto	AMB_RS11115	AMB_RS11115		PAS domain S-box protein	1.173	-0.696	0.149	0.322	-0.679	-0.308	0.096	-0.388	0.611	-0.058	0.127	-0.074	-0.638	0.011	0.381	0.741	0.467	0.928	-0.239	0.272	-0.498	-0.556	0.544	-0.139	-0.052	-0.379	-0.228	0.413	-0.081	0.011	-0.425	0.241	0.314	0.606	1.244	0.432
Magneto	AMB_RS11130	AMB_RS11130		murein transglycosylase	-2.926	0.812	0.515	-0.061	-0.112	0.149	-0.136	-1.518	-0.329	1.061	0.494	1.370	0.007	-0.500	-0.080	-0.411	-0.981	-1.571	0.335	0.620	-0.441	0.087	-0.557	0.065	-0.337	-0.432	-0.374	-1.161	-1.190	-1.042	0.207	0.982	1.227	1.576	0.258	0.434
Magneto	AMB_RS11150	AMB_RS11150		GGDEF domain-containing protein	0.344	-0.030	1.613	0.749	1.982	1.315	1.356	1.938	1.283	1.039	0.872	0.517	1.368	1.527	1.406	1.947	2.028	-0.604	1.528	1.450	1.596	-0.303	-0.079	0.675	0.742	0.817	0.919	0.831	0.279	0.356	1.014	0.288	-0.459	2.137	0.586	0.436
Magneto	AMB_RS11155	AMB_RS11155		DNA-binding response regulator	0.490	0.150	0.616	1.047	1.741	-1.633	1.247	-1.294	-0.088	0.946	0.357	-0.585	1.203	-0.193	0.562	-0.201	0.226	-0.143	1.082	-0.728	0.742	1.222	0.120	0.190	-1.088	-1.892	-1.208	-1.341	-1.555	-2.482	-1.873	-1.222	-0.266	-2.341	-1.981	-0.298
Magneto	AMB_RS11160	AMB_RS11160		hybrid sensor histidine kinase/response regulator	-2.186	-0.138	0.524	0.074	-0.063	-0.522	-0.741	-0.130	0.438	0.006	0.123	1.864	0.927	-0.162	-0.072	-0.123	-0.476	0.306	-0.536	0.387	0.362	0.136	0.064	0.320	0.068	-0.409	0.881	0.588	0.172	-0.369	-0.399	0.778	0.860	-0.701	-0.059	-0.167
Magneto	AMB_RS11165	AMB_RS11165		hypothetical protein	-0.456	-0.264	-0.894	-0.123	-0.693	0.116	-1.751	-0.812	-0.090	0.614	1.233	1.154	-0.309	-0.384	-0.564	-1.625	-1.147	-0.903	-0.316	-0.038	-1.293	-1.664	0.173	-0.404	0.496	-0.011	-0.793	0.291	0.066	-0.358	0.069	1.321	1.680	1.585	0.856	3.136
Magneto	AMB_RS11175	AMB_RS11175		murein L,D-transpeptidase	1.668	0.957	-0.557	0.376	-0.245	0.764	0.163	-0.193	-0.311	5.694	5.283	6.482	0.818	1.712	1.373	-0.379	-0.270	-0.266	6.264	5.217	5.722	0.901	1.845	2.164	0.342	-0.329	-0.361	-0.783	-1.760	-1.062	3.457	3.274	3.393	2.930	2.315	3.043
Magneto	AMB_RS11180	AMB_RS11180		rhodanese-like domain-containing protein	-1.526	-1.716	-0.618	-1.798	-1.184	-1.693	-0.457	-2.649	-1.612	-1.809	-0.879	-1.942	-1.674	-1.445	-0.800	-0.879	-1.452	-1.666	-2.409	-3.268	-2.644	-0.945	-1.023	-0.368	-2.282	-2.322	-2.100	-1.573	-1.757	-2.219	0.342	-0.873	-0.618	-4.159	-1.480	-1.822
Magneto	AMB_RS11185	AMB_RS11185		nitrite/sulfite reductase	-1.072	-3.109	0.692	-3.271	-2.645	-2.023	-1.849	-1.837	-1.600	-4.604	-5.109	-5.151	-2.290	-2.553	-2.138	-1.679	-2.493	-1.746	-6.533	-5.038	-6.181	-2.035	-1.599	-1.529	-0.320	0.546	0.333	-0.419	0.327	0.139	0.167	-1.666	-1.270	-0.111	-1.542	-0.871
Magneto	AMB_RS11190	AMB_RS11190		phosphoadenylyl-sulfate reductase	0.607	-1.718	-1.516	-0.260	-0.761	-1.033	-1.836	0.421	-0.612	-0.499	1.052	-1.173	0.179	-0.073	-0.471	-1.695	-0.133	-0.874	-2.294	-2.656	-2.282	-0.326	0.687	-0.442	-2.028	-0.794	-1.874	-1.333	-0.661	-1.603	-2.375	-3.341	-2.896	-2.675	-1.988	-1.636
Magneto	AMB_RS11195	AMB_RS11195		sulfate adenylyltransferase subunit 2	-0.260	-1.176	-1.964	-1.914	-0.944	-1.078	-1.991	-1.371	-1.623	-1.041	0.690	-0.479	-1.911	-1.407	-0.449	-0.975	-1.341	-1.757	-1.726	0.268	-1.566	-1.544	-1.708	-0.860	-0.941	-0.922	-0.931	-0.872	-0.890	-0.886	-0.487	-0.711	-0.641	-0.562	-0.623	-0.730
Magneto	AMB_RS11205	AMB_RS11205		two-component sensor histidine kinase	2.219	-1.109	0.046	0.617	-0.160	-1.371	-0.966	0.195	-0.131	-0.001	-0.464	-0.122	0.315	-0.916	0.603	-0.696	-0.315	-0.425	0.343	-0.605	-0.195	0.390	0.237	0.641	1.272	0.553	0.966	0.560	0.735	1.227	1.927	1.730	1.990	0.275	0.602	0.461
Magneto	AMB_RS11210	AMB_RS11210		hypothetical protein	0.713	-0.647	0.082	0.007	0.952	1.607	1.046	1.027	0.935	1.846	-0.036	-0.191	2.095	1.134	1.016	0.847	0.143	0.757	0.784	0.082	-0.082	1.388	1.243	0.966	-0.073	0.857	0.718	-0.007	0.387	0.326	-0.320	2.143	-0.231	-0.278	-1.119	-0.125
Magneto	AMB_RS11215	AMB_RS11215		molecular chaperone Hsp20	0.102	0.545	1.242	1.043	0.432	1.518	1.472	-0.231	-0.213	1.606	1.033	1.350	0.939	1.323	2.579	0.108	-0.362	0.645	0.993	0.819	1.148	0.532	0.997	0.811	2.173	1.355	2.412	0.975	-0.168	0.753	1.186	2.002	2.622	1.275	-0.184	0.798
Magneto	AMB_RS11220	AMB_RS11220		hypothetical protein	0.015	1.366	-0.991	0.280	0.800	0.827	-0.118	-1.895	0.383	0.661	0.597	0.948	0.944	-0.105	0.170	0.680	-0.502	-0.354	-0.425	0.753	-0.590	0.241	0.749	-1.079	-0.563	-0.273	-0.512	-0.907	-1.025	-0.706	-0.149	-0.165	-0.765	-0.274	-1.164	-0.197
Magneto	AMB_RS11225	AMB_RS11225		TlpA family protein disulfide reductase	-0.532	1.442	0.072	-0.436	-0.282	0.551	0.060	0.267	0.318	-0.252	0.824	0.292	-0.284	0.167	-0.556	0.540	-1.412	0.143	1.039	0.559	0.807	-0.288	0.009	-1.031	0.327	-0.457	0.479	0.445	1.269	-0.464	1.036	0.082	1.364	-0.817	-0.226	0.348
Magneto	AMB_RS11230	AMB_RS11230		heme A synthase	-0.972	0.640	1.492	1.102	1.083	0.074	-0.983	1.000	0.508	2.172	0.941	3.329	1.089	-0.082	-0.420	-0.404	0.632	0.475	1.891	1.564	2.735	0.168	0.458	0.045	-1.604	-1.780	-2.262	-2.459	-2.202	-2.630	-1.550	-2.518	-2.742	-6.116	-5.013	-3.612
Magneto	AMB_RS11235	AMB_RS11235		cytochrome c oxidase subunit II	-2.243	-1.110	0.209	-1.709	0.247	-0.370	0.450	0.060	0.312	0.212	1.383	0.006	-0.342	0.100	-0.524	-0.586	0.306	-0.393	0.031	0.508	-0.535	-0.708	-0.361	-0.606	-0.608	-0.112	-0.874	-0.809	-0.162	-0.594	0.588	-0.963	-1.543	-0.645	-0.689	-1.141
Magneto	AMB_RS11240	AMB_RS11240		cytochrome c oxidase subunit I	-1.463	0.437	0.875	-0.319	0.210	0.735	1.287	0.161	0.453	2.312	1.464	1.185	0.319	-0.050	0.179	0.480	0.064	0.086	0.966	1.329	1.865	-0.081	0.300	0.627	-1.117	0.463	-0.425	-0.797	-0.257	-1.215	0.466	0.014	-0.369	0.323	-0.701	-0.893
Magneto	AMB_RS11245	AMB_RS11245		protoheme IX farnesyltransferase 2	-2.333	-0.719	0.783	1.655	2.501	0.680	0.872	0.801	0.900	1.419	0.448	2.476	1.780	2.069	2.051	-0.504	1.533	1.372	1.701	1.528	1.379	1.732	1.876	0.986	0.019	0.479	-0.613	-0.473	0.383	-1.003	1.036	1.777	2.376	-0.194	1.110	0.882
Magneto	AMB_RS11250	AMB_RS11250		SCO family protein	-2.198	-1.541	0.152	0.523	0.140	0.149	0.331	-0.297	0.533	1.273	-0.907	0.859	0.949	-0.041	-0.810	0.101	-0.893	1.045	-0.461	-0.483	0.982	-0.386	-0.520	-0.454	2.104	1.628	1.794	2.316	1.771	1.339	0.793	1.756	0.734	1.182	0.647	0.258
Magneto	AMB_RS11255	AMB_RS11255		hydrogenase iron-sulfur subunit	-1.150	-0.281	0.076	-0.123	0.461	1.029	0.361	0.504	-1.209	0.552	-0.282	1.511	0.228	-0.212	-0.877	-0.015	-0.274	-0.695	0.167	1.422	-0.593	-0.502	0.684	0.330	0.051	-0.416	-0.494	-0.010	-0.338	0.212	0.660	2.172	-0.305	0.468	0.989	1.370
Magneto	AMB_RS11260	AMB_RS11260		hypothetical protein	0.368	1.710	0.873	-0.626	0.987	0.499	1.228	-0.695	-0.845	-1.200	-0.110	-1.733	-0.359	0.246	0.162	1.243	0.400	0.483	0.041	1.060	-0.019	0.674	1.247	0.087	-0.277	0.965	0.540	0.569	1.617	0.559	-0.733	-0.819	1.269	1.338	1.491	0.966
Magneto	AMB_RS11265	AMB_RS11265		hypothetical protein	-2.915	0.253	2.980	-0.249	0.901	0.351	-0.048	0.380	-0.508	1.624	1.677	1.925	0.639	0.444	0.492	-0.189	0.431	0.613	1.749	1.123	1.109	1.240	0.204	0.711	-0.977	-1.620	-0.754	-0.409	-1.799	-1.506	0.382	-0.087	0.282	-2.795	-1.378	-0.976
Magneto	AMB_RS11275	AMB_RS11275		Heme/copper-type cytochrome/quinol oxidase	0.395	-1.950	0.307	0.198	0.193	0.440	-0.356	0.809	0.023	0.873	-0.636	0.277	0.146	-0.195	1.851	-0.605	-1.876	0.410	0.471	1.699	1.350	-0.597	0.398	0.521	-0.563	-0.896	-0.806	-0.223	-0.752	-0.463	-0.365	-0.643	-0.135	-0.682	-0.811	-1.023
Magneto	AMB_RS11280	AMB_RS11280		beta-glucosidase	-1.517	-0.743	-0.061	0.277	-0.168	-0.484	0.053	-0.310	-1.306	0.596	-0.150	1.413	0.426	-0.102	0.247	-0.209	-0.062	-0.020	1.041	-0.846	-0.593	-0.681	-0.158	0.341	-1.277	-1.088	-0.298	-0.474	-0.925	-1.562	3.003	-2.243	-1.500	-0.021	0.830	-0.714
Magneto	AMB_RS11285	AMB_RS11285		ABC transporter ATP-binding protein/permease	0.128	0.669	0.138	0.513	0.728	0.155	-0.739	-0.256	-0.942	0.224	-0.493	0.654	-0.001	0.793	0.810	-0.561	-0.066	-0.003	0.361	1.148	0.039	-0.245	0.165	0.491	-1.953	-2.131	-1.296	-1.677	-2.369	-1.526	2.876	-0.988	-0.731	-1.703	-0.742	-0.237
Magneto	AMB_RS11290	AMB_RS11290		D-alanyl-D-alanine carboxypeptidase	-2.194	-0.005	-2.661	0.160	2.016	-1.019	-1.067	-1.036	-0.658	0.152	-0.051	-0.197	-0.052	1.232	-0.449	-0.697	-0.473	-0.553	-0.723	1.302	-1.148	0.812	-0.508	0.480	-0.821	-1.076	-0.771	-1.134	-1.162	-0.919	-1.806	0.362	-0.712	0.890	0.233	-0.112
Magneto	AMB_RS11295	AMB_RS11295		hypothetical protein	-1.000	0.281	-1.299	0.226	0.924	-0.225	0.065	0.481	1.961	-3.626	-0.280	-0.831	-1.156	-2.666	-0.081	0.790	0.792	1.342	-1.119	-1.355	-0.486	-2.180	-0.902	-2.522	-1.947	0.232	-1.711	0.150	-0.940	-0.863	-1.065	-1.464	-0.539	0.000	-0.021	-0.380
Magneto	AMB_RS11300	AMB_RS11300		adenylate/guanylate cyclase domain-containing protein	1.506	-0.491	-1.286	-1.040	3.945	3.153	1.198	2.689	2.809	-5.208	-0.478	-2.077	-2.741	-4.927	-1.064	0.659	0.939	1.702	1.757	-0.154	-0.214	-1.230	-3.167	-2.150	-5.264	-3.081	-4.815	-3.187	-3.144	-3.924	-2.142	-2.638	-3.858	-1.747	-1.174	-1.066
Magneto	AMB_RS11305	AMB_RS11305		CHAT domain-containing protein	0.726	-0.693	0.061	0.025	3.208	3.097	1.207	2.223	3.347	-8.089	-0.010	-1.114	-2.063	-4.452	-1.420	0.890	1.008	1.845	1.022	-0.543	-1.063	-2.475	-2.860	-2.515	-4.045	-0.876	-3.161	-1.332	-1.664	-2.802	-1.124	-2.438	-3.563	1.521	-0.456	0.894
Magneto	AMB_RS11310	AMB_RS11310		cyclic nucleotide-binding protein	-2.642	1.161	0.374	-0.869	-0.303	-0.042	-0.118	0.378	0.057	2.394	1.802	1.558	0.607	0.498	-0.443	0.942	0.527	0.590	0.774	0.930	0.307	0.333	0.649	1.125	-0.184	-0.291	-0.560	-0.557	-0.058	-0.690	2.353	0.412	0.809	1.360	-0.142	0.555
Magneto	AMB_RS11315	AMB_RS11315		hypothetical protein	0.323	0.369	1.370	-0.087	0.878	1.557	1.942	0.612	0.216	-0.981	0.069	-1.423	-0.719	-0.101	-0.862	-0.120	0.756	0.223	0.404	-1.238	0.426	-0.032	0.365	0.073	1.158	0.695	0.051	0.494	0.807	0.762	-0.402	0.042	0.118	1.167	-0.588	0.052
Magneto	AMB_RS11320	AMB_RS11320		hemerythrin	-0.296	0.196	-0.843	-0.413	-1.015	0.350	-0.124	0.769	0.365	-0.569	-1.054	0.718	-0.235	-0.847	-0.049	-0.127	0.426	-0.152	-0.234	0.138	-1.571	0.054	0.960	0.047	-0.796	0.267	-0.129	-0.011	-0.961	-0.277	-0.504	1.047	0.878	-0.295	0.416	-0.458
Magneto	AMB_RS11325	AMB_RS11325		hypothetical protein	0.572	-0.531	0.788	0.035	-0.346	0.573	0.660	0.373	-0.377	-0.127	1.050	0.643	0.416	-0.525	-0.939	1.165	-0.324	0.032	0.738	0.637	-1.180	0.462	-0.727	0.322	0.872	0.753	0.355	0.130	-0.452	-0.077	-0.005	-1.455	0.061	-0.775	0.242	-0.295
Magneto	AMB_RS11330	AMB_RS11330		methyl-accepting chemotaxis protein	-0.467	1.020	0.088	-0.702	0.323	-0.232	0.217	0.745	0.805	0.385	0.343	-0.188	1.144	0.526	-0.090	1.528	1.240	0.585	-0.136	-0.181	0.357	0.561	0.590	0.026	2.017	1.991	1.712	1.846	1.095	1.808	1.959	1.482	1.068	0.056	-0.174	1.197
Magneto	AMB_RS11335	AMB_RS11335		methylmalonyl-CoA decarboxylase	0.375	-0.073	-0.095	0.793	-0.279	1.725	1.422	0.335	0.897	0.908	0.782	0.855	1.799	0.456	0.989	0.024	0.282	0.027	1.569	2.359	0.591	1.488	-0.031	-0.183	-0.667	-1.301	-1.548	-1.213	-1.267	-0.679	0.074	-0.896	-0.919	-0.420	-0.594	-0.168
Magneto	AMB_RS11340	AMB_RS11340		hypothetical protein	0.183	1.698	0.030	-0.312	-0.310	-0.032	-0.081	-0.607	-0.938	-0.349	0.416	-1.546	0.119	0.302	0.097	-0.819	-0.075	-1.747	0.401	-0.335	-1.451	-1.261	-1.535	-0.240	-0.738	0.201	-0.430	-0.557	-1.252	-1.053	-0.659	0.321	0.258	0.338	-0.523	0.004
Magneto	AMB_RS11355	AMB_RS11355		protein-L-isoaspartate O-methyltransferase	-1.606	0.373	-0.763	0.065	-0.837	-0.898	-0.325	-1.418	-0.549	-0.198	-1.017	-1.207	-1.374	-1.276	0.304	-0.996	0.026	-1.316	0.337	-0.174	0.399	-1.323	-1.093	-0.262	-0.324	0.012	-0.939	-1.606	-0.193	-1.396	-1.982	-4.063	-1.209	-3.465	-1.964	-3.363
Magneto	AMB_RS11360	AMB_RS11360		membrane protein	-1.632	-1.703	1.246	0.532	0.395	1.005	1.190	0.614	-0.100	1.736	0.030	1.571	0.051	1.358	0.899	-0.429	0.055	0.830	1.063	1.171	1.457	0.677	1.242	0.450	-2.045	-2.292	-1.684	-0.436	-0.680	-1.551	-2.170	-6.227	-4.533	-3.059	-3.005	-1.946
Magneto	AMB_RS11375	AMB_RS11375		GGDEF domain-containing protein	-0.088	0.767	-0.547	-0.513	-0.025	0.835	0.447	1.001	0.767	0.444	-0.473	0.947	0.169	-1.530	-0.101	0.071	0.003	-0.798	0.590	0.580	0.294	-0.790	0.261	-0.720	0.180	0.312	-0.621	0.385	0.980	0.807	0.138	-0.631	1.151	-0.304	0.387	-0.386
Magneto	AMB_RS11380	AMB_RS11380		hemerythrin	-0.265	-1.763	-0.784	0.742	-1.218	0.361	0.142	0.094	0.305	0.402	-1.085	0.546	-0.107	-0.761	-0.265	-0.815	1.178	-0.956	-0.099	-0.339	-0.585	-0.282	-0.874	-0.910	-1.551	0.071	-0.604	-0.100	-0.476	-0.526	-0.132	-0.395	-0.957	0.311	-1.096	0.064
Magneto	AMB_RS11385	AMB_RS11385		uracil-DNA glycosylase	-0.262	-1.380	-0.675	-0.145	-0.991	0.244	-1.100	-1.159	-0.353	-1.411	0.269	0.162	-0.241	0.128	-0.415	-0.710	-0.166	-0.708	0.049	0.509	-1.294	0.254	0.405	0.692	-1.262	-2.784	-1.665	-2.456	-2.163	-2.818	-0.410	-1.934	-1.877	-0.597	-0.208	-1.942
Magneto	AMB_RS11390	AMB_RS11390		NYN domain-containing protein	0.800	0.361	0.601	-0.203	-1.247	-0.043	-0.998	-1.435	-1.196	-1.131	-0.514	-0.813	-1.348	-1.757	-0.343	-0.611	-0.037	-0.140	1.126	-1.675	-0.091	-1.653	-2.713	-2.755	-2.381	-2.200	-2.399	-2.060	-2.590	-2.490	-0.904	-1.551	-1.448	-1.686	-1.961	-0.895
Magneto	AMB_RS11410	AMB_RS11410		nuclear transport factor 2 family protein	1.550	0.262	-0.882	-1.202	-0.749	-0.968	0.304	-0.198	-0.160	0.278	1.051	-0.648	-0.428	-0.288	-0.467	-0.303	-0.019	-0.314	-0.192	-0.912	1.068	0.073	-0.353	0.373	1.746	2.300	1.262	1.083	1.482	0.813	3.299	0.807	1.413	0.472	0.537	2.378
Magneto	AMB_RS11425	AMB_RS11425		ribonuclease III	-0.625	-0.490	1.558	1.052	2.061	1.098	1.737	-0.430	0.203	0.220	1.584	1.894	1.412	0.062	-0.968	-2.183	-0.897	-1.314	0.747	0.248	0.813	0.788	0.283	1.721	-0.732	0.030	0.320	-0.703	-0.412	0.295	0.054	-0.070	-1.296	-1.684	0.425	-0.079
Magneto	AMB_RS11440	AMB_RS11440		DNA repair protein RecO	0.479	-0.420	-1.154	-1.169	1.439	0.367	-0.684	-0.047	0.310	0.103	-0.698	0.006	-0.977	-0.708	-0.602	0.680	0.277	-1.650	-0.493	1.051	-0.275	0.302	-0.587	0.590	-0.851	0.011	-1.941	-0.284	-0.106	-1.571	-0.109	-2.815	-2.238	-0.700	-0.910	-1.767
Magneto	AMB_RS11445	AMB_RS11445		2-aminobenzoate-CoA ligase	1.033	1.226	1.291	0.578	-0.557	0.314	0.932	-0.013	0.434	0.191	0.968	0.030	0.233	-0.338	0.802	0.012	-0.872	-1.041	0.417	0.771	0.205	0.076	-0.681	0.948	-0.517	-1.286	-0.106	-1.371	-0.177	-1.014	0.167	-0.730	0.235	-1.497	0.588	0.634
Magneto	AMB_RS11455	AMB_RS11455		GIY-YIG nuclease family protein	-0.140	-1.200	0.975	1.815	0.695	1.116	-1.915	-0.719	-0.554	2.525	2.089	2.072	0.581	0.877	1.375	-0.618	-1.095	-0.539	1.714	2.265	1.986	0.263	0.121	0.174	0.544	0.575	0.110	0.615	-0.578	0.475	-0.656	0.174	-0.208	-1.253	-0.764	-0.564
Magneto	AMB_RS11460	AMB_RS11460		MFS transporter	1.037	2.395	-0.883	-0.248	-1.730	-0.960	-0.228	-0.113	-1.397	0.331	-0.167	-0.494	0.111	0.787	-0.047	-0.017	-1.294	-0.667	0.086	-0.065	1.171	0.059	-0.143	0.738	-2.205	-1.159	-2.845	-1.646	-1.341	-1.517	-2.596	-2.367	-1.476	-0.970	-0.654	-2.632
Magneto	AMB_RS11470	AMB_RS11470		homospermidine synthase	-3.553	-5.403	-5.251	-1.997	-2.803	-3.413	-5.560	-4.178	-3.636	7.002	5.201	7.658	-1.541	-0.280	-0.747	-2.481	-0.945	-2.097	7.810	7.311	6.195	1.143	0.928	0.971	-1.299	-2.983	-2.243	-0.866	-2.696	-2.440	-1.514	-2.728	-0.011	3.374	2.932	0.414
Magneto	AMB_RS11485	AMB_RS11485		hypothetical protein	2.112	-0.363	0.297	0.482	0.131	0.574	1.448	2.370	2.977	-0.722	-1.541	-0.368	0.714	0.415	1.251	1.969	2.728	3.287	-1.528	-0.585	-0.032	1.468	1.553	0.795	-0.256	-0.209	0.164	2.015	1.220	2.325	-0.304	-2.482	-1.766	-1.378	-1.147	-1.325
Magneto	AMB_RS11490	AMB_RS11490		N-acetyltransferase	-0.659	-0.187	-1.855	-0.053	-1.409	0.417	0.583	0.790	2.006	-2.070	-1.245	-2.534	-0.517	-0.975	0.776	2.440	2.752	3.099	-1.230	0.815	0.627	-0.160	1.351	0.465	-1.181	-0.418	-1.959	0.681	0.173	1.564	-1.070	-2.375	-2.041	-1.770	-3.393	-2.830
Magneto	AMB_RS11495	AMB_RS11495		hypothetical protein	4.933	2.619	-0.409	0.506	0.905	0.047	1.015	1.570	0.990	-0.601	-1.118	-1.102	1.113	0.641	1.572	1.620	1.893	2.326	-0.883	-0.015	-0.017	1.702	1.677	2.360	1.070	1.728	0.593	1.597	1.068	0.331	-0.212	-0.712	-0.247	-0.638	-2.421	-0.589
Magneto	AMB_RS11500	AMB_RS11500		XRE family transcriptional regulator	-0.416	0.352	0.086	0.969	0.346	0.058	0.237	0.708	-0.506	0.751	0.554	0.747	-0.023	-0.470	0.222	-0.133	0.193	-0.735	0.503	0.069	1.230	0.626	0.627	0.216	-1.191	-1.397	-0.458	-0.773	-1.001	-1.928	-0.037	-0.457	-0.647	-1.227	-1.367	-0.140
Magneto	AMB_RS11505	AMB_RS11505		helix-turn-helix domain-containing protein	-0.634	0.538	0.336	0.125	0.946	0.141	0.514	1.242	0.063	1.233	1.814	1.986	0.208	1.752	0.276	1.127	0.734	0.009	0.231	0.351	0.445	1.622	0.707	0.766	0.269	-0.152	-0.530	0.114	0.068	-0.731	0.749	1.331	1.177	0.972	0.267	0.719
Magneto	AMB_RS11510	AMB_RS11510		DUF2478 domain-containing protein	0.855	0.926	1.404	-0.496	0.648	0.192	0.947	0.346	0.055	1.560	0.161	-1.653	0.557	1.290	1.332	1.872	1.440	1.868	0.849	1.175	0.194	0.503	0.698	1.614	0.522	0.599	0.127	0.117	0.257	0.289	-1.906	0.628	-0.050	0.702	0.955	-0.302
Magneto	AMB_RS11515	AMB_RS11515		DUF3365 domain-containing protein	-0.047	0.210	-0.046	-1.269	-0.327	-1.311	-0.699	-1.016	-1.281	0.528	0.759	-0.345	-0.084	-0.272	-0.416	-0.233	0.247	-0.336	-0.933	-0.203	-0.112	-0.179	-0.544	0.097	-1.112	-0.273	-0.506	-1.126	-0.351	-0.322	0.093	0.206	1.511	0.132	-0.397	-0.095
Magneto	AMB_RS11520	AMB_RS11520		chromate transporter	-1.328	0.886	0.470	0.350	1.309	-0.428	0.531	0.288	-0.369	0.421	-0.438	0.130	0.203	-0.025	-0.308	0.475	0.690	-0.135	0.558	-1.298	0.703	0.533	-0.143	-0.163	-0.169	-0.221	0.488	0.539	-0.619	0.051	-0.688	1.957	2.442	3.144	0.970	1.623
Magneto	AMB_RS11525	AMB_RS11525		hypothetical protein	-0.126	1.122	0.566	-0.951	0.157	-0.109	-0.394	0.821	0.287	0.507	-1.259	0.026	-0.279	0.455	-0.075	0.314	-0.172	1.797	0.304	0.178	-0.057	-0.085	0.329	-0.188	0.438	0.865	-0.457	0.414	-0.042	-0.122	0.997	-0.144	-0.810	-0.692	-0.708	0.171
Magneto	AMB_RS11530	AMB_RS11530		3-phenylpropionate MFS transporter	-0.710	-0.298	-0.701	0.101	-0.098	-0.258	-0.815	-1.359	-0.177	-0.428	-0.362	-0.238	-0.091	-0.277	0.660	0.064	0.152	0.537	-0.119	0.621	-0.582	-0.071	-1.097	0.340	0.414	0.610	-0.107	0.330	-0.038	0.216	-1.222	2.068	0.198	0.591	0.484	-0.223
Magneto	AMB_RS11535	AMB_RS11535		ChbG/HpnK family deacetylase	0.547	-0.395	-0.685	-1.060	-0.380	-0.565	-1.268	-1.312	-1.349	-0.119	-0.485	-1.114	-0.590	-1.391	-0.751	-1.298	-1.006	-0.704	-0.630	0.172	-0.584	-0.237	0.066	-0.437	-0.355	0.325	0.109	0.009	-0.592	-0.548	-0.277	-0.557	-0.498	-0.381	-0.434	-0.597
Magneto	AMB_RS11540	AMB_RS11540		PAS domain-containing sensor histidine kinase	2.049	-0.440	-1.179	-1.751	-1.570	-2.012	-0.532	-0.174	-1.107	-3.515	-1.975	-1.112	-0.569	-1.595	-0.079	-0.336	-1.459	-1.098	-2.068	0.352	-2.297	-2.484	-1.612	-2.208	-0.789	0.341	-1.038	-0.582	-0.277	0.064	-1.038	-1.778	-1.921	-1.215	-1.201	-1.259
Magneto	AMB_RS11545	AMB_RS11545		hypothetical protein	2.365	-0.356	0.532	-0.322	1.510	-0.872	0.401	2.067	0.252	0.631	-1.455	0.819	0.392	0.639	0.361	-1.315	-0.055	-0.307	1.424	0.178	0.277	0.080	0.814	0.277	-0.771	0.853	0.141	-0.473	-1.198	0.497	2.972	-0.242	0.934	1.477	1.358	1.145
Magneto	AMB_RS11550	AMB_RS11550		sigma-54-dependent Fis family transcriptional regulator	0.692	-0.230	-1.286	-1.305	0.185	-0.982	-1.138	-1.454	-1.257	-0.787	-0.159	-0.773	-1.864	-0.135	0.083	-0.917	-0.445	-0.667	-0.689	-0.364	-2.569	-0.214	-1.005	-0.250	-0.920	-0.512	0.051	-0.280	0.493	0.094	-0.587	-1.338	-0.331	-1.677	-0.865	-0.953
Magneto	AMB_RS11555	AMB_RS11555		MBL fold metallo-hydrolase	1.535	-2.972	-0.656	0.075	0.200	1.045	0.473	0.375	-0.146	-1.003	1.095	0.570	0.250	-0.175	-1.125	-0.698	0.499	-0.147	0.770	-1.573	0.194	0.361	-0.225	0.220	-0.484	-0.580	0.046	-0.904	-0.571	-0.554	-1.076	1.833	0.448	0.117	2.122	-0.047
Magneto	AMB_RS11560	AMB_RS11560		chemotaxis sensory transducer	-0.262	-0.593	0.273	0.538	1.497	-0.593	-1.029	-0.025	-0.196	0.776	-2.498	-0.263	0.453	0.528	-0.313	-0.527	0.193	-1.234	0.252	0.457	0.137	0.251	-0.258	-0.035	0.223	0.395	0.138	-0.220	0.315	-0.342	-0.090	-0.436	-0.157	-0.300	1.566	0.775
Magneto	AMB_RS11565	AMB_RS11565		AEC family transporter	1.291	-0.755	0.939	-0.418	0.610	1.330	1.121	0.457	0.696	0.700	0.168	-0.617	0.232	0.363	1.309	1.628	0.943	2.214	0.641	-1.154	0.682	-0.238	1.278	0.655	1.476	1.440	2.573	0.517	1.542	1.362	1.583	0.609	0.522	-0.307	1.920	-1.016
Magneto	AMB_RS11575	AMB_RS11575		dihydrodipicolinate synthase family protein	0.582	0.638	-0.087	-0.564	-0.382	-1.041	0.571	-0.139	-0.495	-0.831	1.590	-1.134	-0.602	-1.495	0.225	0.048	-0.753	1.028	0.251	1.631	-0.762	-0.119	-0.967	0.327	-1.312	0.273	-1.115	-0.896	-0.302	-0.343	-0.441	-1.076	-0.467	-0.800	-1.825	-1.767
Magneto	AMB_RS11580	AMB_RS11580		amino acid ABC transporter substrate-binding protein	1.553	2.291	-0.993	-0.335	-1.070	-1.141	0.142	-0.892	0.311	-0.724	-0.021	-0.427	-0.944	-0.152	0.121	-0.667	-0.733	-0.603	-0.495	0.031	-1.706	-1.319	-1.117	-1.449	0.000	-0.126	0.576	-0.308	0.966	0.043	-0.007	-0.016	0.618	-2.076	-0.480	-0.003
Magneto	AMB_RS11585	AMB_RS11585		PAS domain-containing protein	0.436	-1.199	-0.712	-2.265	-1.611	-0.640	-0.138	-0.667	-0.790	-0.627	-0.123	-1.452	-0.983	-1.238	-1.162	-0.173	-1.528	-1.840	-0.744	-1.571	-0.848	-0.891	-1.002	-0.696	-0.208	0.057	0.394	-0.589	-0.116	0.121	0.612	0.731	-1.402	0.687	-0.256	0.230
Magneto	AMB_RS11590	AMB_RS11590		radical SAM protein	-1.056	-0.865	-0.299	-1.117	0.658	0.247	-2.057	-0.521	0.339	0.098	1.222	-0.233	-1.058	-0.413	-0.345	-0.096	-0.902	0.411	-0.201	-0.580	-0.150	0.705	-0.691	-0.550	-0.541	0.119	0.056	-0.297	0.102	-0.341	1.473	0.834	0.255	0.278	0.850	0.238
Magneto	AMB_RS11595	AMB_RS11595		PAS domain S-box protein	-0.436	0.499	-0.044	-0.968	-0.886	-0.406	-0.002	-0.041	-0.770	1.634	0.577	2.386	-0.543	-0.630	-0.521	0.034	0.178	-0.326	-0.300	0.390	1.000	-1.551	-1.292	0.011	0.032	-0.715	-1.558	-0.670	-0.779	-1.553	-0.368	0.972	0.626	0.919	-0.298	-0.958
Magneto	AMB_RS11605	AMB_RS11605		N-formylglutamate amidohydrolase	0.580	-1.615	-0.596	-1.416	-1.644	-0.681	-1.282	-0.266	-0.133	0.509	-1.496	0.458	-1.455	-1.676	-1.483	-0.931	-0.041	-1.052	-0.100	-1.280	0.400	-0.965	-1.290	-0.974	-0.212	-0.237	-0.200	-0.201	0.221	-0.067	-0.063	0.444	-0.595	1.091	0.343	0.760
Magneto	AMB_RS11620	AMB_RS11620		hypothetical protein	0.010	-1.415	0.683	1.586	0.786	1.136	1.087	0.435	-0.047	0.480	1.243	0.021	3.125	-0.911	-0.741	0.676	0.381	0.073	0.071	0.201	-2.300	0.524	1.149	1.754	-1.291	-0.853	-0.970	-1.064	-0.684	-1.026	0.292	-0.158	-0.943	-1.367	-0.932	-1.826
Magneto	AMB_RS11635	AMB_RS11635		ATP-dependent 6-phosphofructokinase	-0.323	-1.055	-2.208	0.578	-0.668	-0.220	1.180	0.270	-0.742	0.114	-0.646	-0.708	-1.185	0.936	0.376	0.066	1.816	0.974	-0.346	-0.034	0.221	-0.328	0.241	-0.258	0.851	1.077	2.532	1.152	-0.272	0.810	5.846	0.499	2.123	2.146	2.612	1.776
Magneto	AMB_RS11640	AMB_RS11640		UbiX family flavin prenyltransferase	-1.022	-6.698	2.128	-1.846	-3.476	-2.516	-1.788	-1.962	-1.980	-1.118	-1.445	-0.390	-2.896	-2.476	-3.218	-3.366	-1.949	-2.450	-0.948	-0.730	0.056	-2.767	-1.859	-3.379	-3.316	-3.229	-3.270	-3.762	-3.090	-3.060	-2.997	-2.422	-2.652	-1.855	-2.087	-2.529
Magneto	AMB_RS11645	AMB_RS11645		propionyl-CoA synthetase	0.962	0.665	0.849	0.101	-0.043	-0.467	-0.021	-0.007	-0.291	-0.164	1.146	0.386	-0.698	0.845	0.765	-0.449	0.060	0.077	0.665	0.362	0.500	0.239	0.035	-0.770	0.434	0.144	-0.226	-0.043	0.511	0.174	-0.788	0.158	-0.468	-0.140	-0.647	0.739
Magneto	AMB_RS11655	AMB_RS11655		GTP-binding protein	-0.584	-0.500	0.290	1.007	-0.044	0.423	-0.640	0.726	-0.866	0.852	-0.718	-0.307	-0.167	-0.182	-0.013	0.051	-1.069	-0.523	-0.142	-0.247	-0.109	-1.094	-1.012	0.284	-0.657	-1.081	-1.603	-0.896	-0.624	-1.863	-1.292	-0.948	-0.512	1.921	1.133	-1.032
Magneto	AMB_RS11675	AMB_RS11675		Mn2+/Zn2+ABC transporter ATP-binding protein	-2.759	0.006	-0.988	-1.182	-0.505	-0.714	-1.727	-0.660	-0.402	-1.428	-1.305	-1.346	-1.578	-1.226	-1.583	-0.869	-1.156	-1.357	-1.437	-1.608	-2.790	0.220	-0.983	-0.988	-1.433	-1.858	-1.654	-2.026	-1.691	-1.856	-1.275	-0.600	-0.612	-2.723	-1.729	-1.875
Magneto	AMB_RS11685	AMB_RS11685		hypothetical protein	0.209	-0.191	-1.392	-0.503	-1.354	-0.229	-0.780	-0.879	-1.177	0.703	1.472	0.546	0.248	-1.282	-0.198	-1.263	-0.267	0.468	0.625	-0.703	0.781	-0.747	-1.253	-1.116	-0.560	-0.529	-1.338	-1.028	-1.321	-1.492	1.460	0.931	0.155	0.661	1.863	0.802
Magneto	AMB_RS11690	AMB_RS11690		PAS domain S-box protein	0.190	1.228	-0.999	-0.522	-1.091	-0.643	-0.038	-0.051	-0.513	-0.321	-0.459	-0.266	0.193	-0.980	-0.060	0.439	-0.155	-0.575	0.357	-0.137	0.220	-1.272	0.837	0.052	0.248	0.626	0.062	0.811	0.997	0.410	-0.809	0.047	0.164	0.327	0.640	1.196
Magneto	AMB_RS11695	AMB_RS11695		MgtC/SapB family protein	-1.480	-0.692	0.188	0.669	0.526	0.194	0.190	-0.243	0.383	2.749	2.857	2.048	1.072	-0.636	1.071	-0.281	-0.793	0.081	1.091	2.061	1.390	0.087	0.955	1.071	-0.728	-0.210	0.566	-0.327	-0.635	-0.040	0.786	1.066	2.290	1.500	1.104	1.166
Magneto	AMB_RS11700	AMB_RS11700		outer membrane protein	-3.689	6.735	1.135	0.281	-1.089	-0.062	0.087	-1.223	-0.872	5.303	10.905	8.205	2.167	2.203	2.124	0.040	-0.482	-0.948	4.193	7.698	6.050	0.573	0.744	1.148	3.165	3.161	1.924	-1.095	-0.926	-0.770	13.043	7.076	11.942	7.822	6.521	1.038
Magneto	AMB_RS11725	AMB_RS11725		hypothetical protein	0.604	3.023	-1.095	-1.788	0.188	-0.170	-0.226	-0.538	-0.334	-1.207	0.859	0.999	-0.547	-0.542	-0.959	-0.991	-1.040	-0.929	0.248	-0.465	0.413	0.870	-1.508	-2.940	2.455	1.659	0.825	1.177	1.682	1.028	0.471	1.583	2.462	0.082	0.825	0.684
Magneto	AMB_RS11740	AMB_RS11740		ubiquinone-binding protein	-14.809	-13.084	5.393	-14.318	-11.980	-13.185	-16.875	-20.098	-19.644	3.453	3.758	5.967	-11.837	-12.715	-13.637	-16.542	-16.582	-18.888	7.060	6.607	3.540	-11.955	-11.982	-11.119	-16.979	-16.913	-17.526	-18.768	-17.487	-17.437	-2.877	-1.759	-1.746	-4.517	-5.275	-7.323
Magneto	AMB_RS11745	AMB_RS11745		Crp/Fnr family transcriptional regulator	-1.088	0.115	1.207	1.203	0.773	0.593	1.657	2.015	0.864	1.743	0.967	0.914	1.996	1.992	2.312	1.778	1.738	2.374	1.433	1.125	0.222	2.694	0.896	2.081	-0.434	0.386	-0.022	-0.474	0.072	0.156	0.481	0.190	-0.072	0.172	-0.032	-0.830
Magneto	AMB_RS11750	AMB_RS11750		branched-chain amino acid ABC transporter permease	-1.835	0.536	0.899	0.466	1.048	0.593	1.974	1.068	0.957	1.599	-0.391	0.419	0.078	0.765	0.031	0.112	0.231	0.327	1.649	0.894	0.051	0.899	-0.609	-0.179	0.489	0.758	0.472	0.340	0.172	0.101	0.057	1.045	0.530	0.648	1.247	1.092
Magneto	AMB_RS11755	AMB_RS11755		branched-chain amino acid ABC transporter permease	-0.237	0.344	-0.713	0.568	0.113	0.965	-0.878	1.059	1.475	0.665	-1.192	0.675	0.393	0.305	0.917	0.909	0.201	1.074	1.081	0.451	0.082	0.681	1.309	0.486	0.906	0.863	1.271	-0.023	0.183	0.311	0.407	1.431	1.409	-0.902	0.714	0.915
Magneto	AMB_RS11760	AMB_RS11760		ABC transporter permease	-1.553	-1.096	-0.198	0.621	-0.188	0.442	0.683	0.346	0.108	2.171	0.552	0.621	1.170	0.692	0.364	0.693	0.458	-0.124	1.987	1.329	0.379	0.861	0.418	1.512	-0.749	-0.844	0.271	-0.544	-0.294	0.247	1.849	1.168	1.369	1.180	1.803	1.497
Magneto	AMB_RS11765	AMB_RS11765		ABC transporter ATP-binding protein	2.302	-1.004	-0.778	0.531	-1.323	-1.023	-0.885	-0.653	-1.326	0.690	0.132	0.237	0.432	-0.900	-0.754	-1.423	-0.104	-0.137	-0.729	-0.862	0.129	-0.861	0.469	-0.537	1.145	0.712	0.140	0.806	0.661	0.746	-1.513	0.890	-0.156	-0.413	-0.517	0.148
Magneto	AMB_RS11770	AMB_RS11770		ABC transporter ATP-binding protein	0.223	-0.531	-0.377	0.722	0.431	0.419	0.636	0.815	0.746	1.418	0.249	0.389	1.612	1.009	0.478	0.500	0.635	0.135	1.022	0.072	0.282	1.208	0.198	0.970	0.210	-0.642	0.242	-0.725	0.362	-0.071	0.018	-0.489	-0.358	0.524	-0.345	-0.578
Magneto	AMB_RS11775	AMB_RS11775		glutamate synthase large subunit	5.055	-3.002	-4.464	-2.598	-2.194	-2.218	-1.214	-2.015	-1.665	-4.853	-2.016	-5.072	-3.459	-3.007	-2.629	-2.855	-2.612	-2.050	-5.077	-4.593	-5.400	-3.398	-3.320	-3.367	4.355	6.967	5.094	4.354	8.028	5.748	-8.659	-11.668	-11.751	-9.102	-6.853	-10.288
Magneto	AMB_RS11780	AMB_RS11780		glutamate synthase subunit beta	0.662	-0.704	-4.220	-2.268	-1.770	-1.916	-0.034	-1.585	-2.340	-1.904	-2.109	-0.865	-2.918	-1.685	-1.935	-1.921	-1.103	-1.320	-5.780	-1.986	-0.721	-0.911	-1.688	-1.689	0.693	3.896	2.711	1.003	4.600	6.030	-2.075	-5.887	-3.278	-4.652	-2.936	-4.077
Magneto	AMB_RS11785	AMB_RS11785		HAMP domain-containing protein	-0.158	-0.334	-0.268	0.267	0.940	-0.067	-0.969	-1.374	-0.074	0.746	-1.773	0.718	-0.160	-0.835	-0.646	-0.691	-0.213	-0.767	1.295	-0.046	-0.580	0.528	1.284	0.779	0.538	-0.229	-0.175	0.456	-0.074	1.309	1.140	-0.029	1.499	1.230	1.033	0.737
Magneto	AMB_RS11790	AMB_RS11790		NnrS family protein	-0.724	0.692	-0.323	-0.504	-2.644	-1.088	-1.220	-2.413	-2.143	1.790	1.134	1.711	-1.609	-0.753	-1.000	-1.973	-3.015	0.044	0.240	0.697	0.373	-0.384	-0.018	-1.019	-0.141	0.169	-1.144	-0.229	-0.980	1.133	1.374	-0.013	0.245	0.735	0.000	-0.178
Magneto	AMB_RS11795	AMB_RS11795		hypothetical protein	0.749	-0.746	0.181	-0.079	-0.234	-0.790	-0.351	-0.284	-0.073	0.206	-0.676	-0.104	-0.655	-0.797	-0.150	0.740	0.026	0.570	-1.482	-0.737	-0.574	0.040	-0.711	-0.416	0.369	-0.102	-0.062	0.584	-0.496	0.583	1.254	0.679	-0.277	-1.597	0.452	-0.660
Magneto	AMB_RS11800	AMB_RS11800		MBL fold metallo-hydrolase	-1.162	-0.466	-0.100	-0.414	0.483	1.061	0.761	0.618	0.656	1.194	-0.220	0.446	1.387	0.491	0.153	0.700	0.778	2.231	0.501	0.161	0.560	0.781	1.020	0.346	0.073	0.851	-0.395	0.665	0.726	1.067	-1.632	-0.323	-0.017	0.692	-2.511	0.750
Magneto	AMB_RS11805	AMB_RS11805		MucR family transcriptional regulator	1.187	-1.016	0.069	-1.100	-0.472	-0.070	-1.362	-1.050	0.254	-1.934	-0.236	-1.423	-0.513	-0.649	-0.659	-0.099	-0.048	-0.387	-1.780	-0.056	-1.206	-0.622	0.253	-0.431	-0.766	0.239	-0.626	0.173	0.750	0.948	-3.116	-5.323	-4.387	-7.572	-7.311	-10.449
Magneto	AMB_RS11820	AMB_RS11820		transcriptional regulator NrdR	-1.031	0.500	-2.597	-1.063	-0.551	-0.957	-1.493	-0.993	-1.394	-1.217	-1.862	-1.070	-1.652	-1.475	-0.968	-1.101	-1.053	-0.520	-1.296	-1.568	-1.322	-0.769	-1.747	-1.200	-0.609	-0.651	-0.992	-1.019	-0.563	-1.529	-1.083	-2.758	-1.848	-2.666	-1.856	-1.219
Magneto	AMB_RS11855	AMB_RS11855		hypothetical protein	1.682	-0.530	-0.870	0.144	1.310	0.301	1.308	0.552	1.325	-0.357	1.198	0.124	0.105	-0.054	-0.227	0.548	1.822	1.695	-0.482	-0.554	-1.407	0.507	0.944	1.060	-0.889	-0.966	-1.119	-0.780	-1.226	-0.144	-0.252	-3.188	-2.451	0.271	-0.231	-1.315
Magneto	AMB_RS11860	AMB_RS11860		sodium-translocating pyrophosphatase	2.571	1.184	2.053	-0.510	-0.657	-0.859	0.279	-0.111	0.355	-1.490	-0.456	-2.369	0.014	0.259	0.011	0.310	1.635	0.823	-1.029	0.430	-1.506	-0.468	-1.736	-0.366	-0.585	0.106	-0.004	0.699	0.937	0.480	-1.600	-3.664	-1.203	-1.571	-1.188	-1.734
Magneto	AMB_RS11870	AMB_RS11870		hypothetical protein	2.706	0.898	1.202	-0.366	-0.310	0.102	0.500	-0.466	-0.498	-0.877	1.472	0.065	-0.232	-0.145	-0.553	0.410	-0.172	-0.026	-0.014	-0.116	-1.400	0.084	0.828	-0.176	0.420	1.933	0.845	1.817	1.792	1.183	1.250	0.961	0.539	-0.061	0.575	0.071
Magneto	AMB_RS11910	AMB_RS11910		tetratricopeptide repeat protein	-0.932	-0.096	-0.124	-2.196	-0.927	-1.750	-2.570	-3.046	-1.278	-1.942	-1.217	-1.146	-1.624	-3.052	-0.089	-1.058	-1.580	-0.898	-1.240	-1.120	-1.226	-0.946	-0.391	-1.522	-1.325	-1.989	-3.090	-2.282	-1.987	-2.054	-2.194	-1.730	-2.778	-0.349	-2.478	-2.228
Magneto	AMB_RS11915	AMB_RS11915		diguanylate cyclase	-0.260	-0.220	-0.703	-1.143	-1.104	-0.477	0.118	-0.890	-0.718	-0.589	-0.602	0.293	-1.842	-0.997	-0.806	0.123	-0.446	0.060	-2.032	-1.462	-1.387	-0.662	-0.819	-1.875	1.160	0.658	0.533	1.121	2.463	1.432	-0.508	1.093	1.600	1.069	0.743	0.253
Magneto	AMB_RS11920	AMB_RS11920		hypothetical protein	0.287	-0.507	-0.189	0.932	-1.506	-0.450	0.009	1.755	0.461	0.155	-1.065	0.527	0.059	0.084	-0.049	2.179	-0.794	0.080	0.889	0.553	-0.941	2.409	0.160	0.324	-0.124	0.335	-0.199	0.366	0.617	-0.513	0.337	-1.586	-0.034	0.164	-0.719	0.233
Magneto	AMB_RS11925	AMB_RS11925		divalent-cation tolerance protein CutA	0.386	-0.293	0.039	0.768	0.670	1.165	0.954	0.127	0.935	2.283	0.305	1.556	0.502	1.462	1.078	2.267	0.326	0.080	1.109	1.624	3.072	1.172	0.102	1.175	-1.537	-2.035	-1.155	-0.984	-1.488	-0.916	-0.218	-0.778	-0.364	-1.431	0.195	-2.334
Magneto	AMB_RS11940	AMB_RS11940		tRNA dihydrouridine synthase DusB	0.461	1.496	-0.687	0.090	0.904	2.427	1.425	0.874	1.473	0.830	0.702	1.564	0.976	0.293	1.404	1.155	0.201	1.743	-0.821	-0.298	0.642	1.333	-0.044	0.870	1.125	0.327	0.837	0.659	1.352	1.092	-0.047	-0.225	-0.767	0.361	0.446	0.833
Magneto	AMB_RS11985	AMB_RS11985		inositol monophosphatase	-0.526	0.080	1.162	0.047	-0.117	-0.647	0.106	-1.092	-1.001	2.969	1.541	0.824	-1.499	-0.404	-1.627	-0.845	-0.179	-0.408	1.463	0.669	0.201	-1.920	-1.028	-0.461	-1.148	-0.894	-0.993	-1.313	-1.023	-1.328	-0.061	0.179	-0.251	-1.003	-1.036	-0.899
Magneto	AMB_RS11990	AMB_RS11990		acetylornithine deacetylase	-0.250	0.040	0.047	0.520	2.090	1.926	0.091	0.921	-0.385	1.507	1.079	2.323	1.172	0.077	-0.394	0.906	0.472	0.918	1.664	1.592	1.194	0.243	0.990	0.871	0.178	0.132	0.073	-0.576	0.276	0.145	0.551	0.412	0.806	-2.530	0.241	1.473
Magneto	AMB_RS11995	AMB_RS11995		ABC protease/lipase transporter ATPase/permease	-1.613	6.282	0.843	-0.651	-0.871	-0.670	-1.727	-0.908	0.559	4.639	10.760	7.307	2.437	1.702	1.130	-0.466	-1.214	-0.912	1.634	5.170	4.705	1.384	-0.153	1.149	2.271	2.452	1.891	-0.583	-0.547	-0.056	14.809	6.091	11.962	8.981	7.760	-0.265
Magneto	AMB_RS12000	AMB_RS12000		lantibiotic ABC transporter	-0.177	5.976	0.907	0.558	-0.790	-0.828	-2.310	-2.957	-0.938	4.093	9.903	6.625	0.348	0.407	1.287	-0.924	-2.067	-1.165	1.530	5.049	4.503	1.290	0.986	-0.172	2.658	3.588	2.651	0.633	-0.263	0.550	11.747	5.584	9.593	7.228	7.060	0.690
Magneto	AMB_RS12005	AMB_RS12005		HlyD family type I secretion periplasmic adaptor subunit	0.389	3.193	0.860	0.204	-0.205	-1.418	-0.347	-0.621	-0.647	4.577	5.536	5.493	1.883	1.315	2.546	-0.517	-0.360	-1.044	1.613	5.077	3.630	1.109	0.190	0.785	2.951	2.145	0.587	-0.422	-0.600	-0.481	10.435	4.419	8.936	5.163	4.484	1.381
Magneto	AMB_RS12015	AMB_RS12015		hypothetical protein	-0.544	1.407	0.372	0.796	0.683	1.449	0.607	1.483	1.443	1.130	-0.803	1.632	-0.432	0.904	0.937	-0.473	0.234	1.399	0.697	1.027	1.178	0.111	1.003	1.010	-0.226	-0.313	-0.434	-0.113	0.303	-0.759	-0.045	-0.991	-1.133	-0.836	-0.312	0.542
Magneto	AMB_RS12030	AMB_RS12030		peptidylprolyl isomerase	-0.500	0.557	1.459	0.294	0.660	0.553	-1.127	0.809	0.657	-0.627	0.166	0.736	1.235	0.588	1.349	0.360	-0.433	0.310	0.050	2.507	-0.067	0.305	0.037	0.599	1.340	0.242	0.578	1.189	1.275	0.178	-1.599	1.111	-0.569	1.503	-0.167	-2.526
Magneto	AMB_RS12035	AMB_RS12035		peptidylprolyl isomerase	-0.279	0.302	0.048	-0.163	-0.454	0.804	-0.153	-0.152	-1.578	-1.443	-0.406	-1.025	0.101	-0.555	-0.433	0.143	-0.070	-0.181	-1.009	-0.762	-0.614	-1.032	-0.080	-0.787	0.237	0.020	-0.387	-0.721	-1.019	0.134	0.086	-1.988	-0.261	-1.233	-0.911	-2.761
Magneto	AMB_RS12050	AMB_RS12050		HTH domain-containing protein	-0.210	1.217	-0.187	0.523	1.165	0.766	0.904	-0.652	1.516	0.767	-0.009	1.312	-1.136	0.681	-1.138	0.734	0.498	-0.814	0.179	1.827	0.400	0.215	1.682	-0.124	-1.419	-1.020	0.049	-0.040	-0.648	-0.168	1.406	-1.222	-1.263	-0.915	0.179	-0.357
Magneto	AMB_RS12055	AMB_RS12055		BON domain-containing protein	-0.239	-0.741	-0.438	0.162	-0.414	-0.536	0.375	0.585	0.589	-0.211	0.298	0.129	-0.523	1.154	-0.446	0.400	0.518	-0.519	0.182	-0.097	-0.711	-0.195	0.606	-0.292	-0.384	-0.335	-1.010	-1.473	-0.946	-1.198	-2.378	-1.833	-1.387	-0.248	-1.174	-1.586
Magneto	AMB_RS12060	AMB_RS12060		hypothetical protein	-0.341	-0.467	-0.380	-0.912	-0.189	-0.753	-0.087	-0.079	0.108	-0.546	0.588	1.130	-0.711	1.594	0.515	1.536	0.170	0.287	-0.329	-0.054	-0.558	-0.128	0.274	0.296	-1.017	0.182	-0.635	-0.976	-0.459	-1.010	-0.706	-0.609	0.088	0.305	-0.649	-0.681
Magneto	AMB_RS12065	AMB_RS12065		EamA/RhaT family transporter	0.918	0.034	-1.523	-0.074	0.696	0.058	-0.430	-0.453	0.888	-0.914	-1.103	0.037	1.094	0.813	1.198	0.729	-0.306	0.681	-0.594	0.060	0.282	-0.413	-0.075	0.933	-0.746	0.496	0.033	-0.407	-0.405	0.083	-2.077	0.776	0.069	-0.378	-0.228	-1.472
Magneto	AMB_RS12070	AMB_RS12070		NADP-dependent 3-hydroxy acid dehydrogenase	-1.480	0.946	-1.360	-1.427	-0.275	-0.086	-0.367	0.077	0.668	-0.546	0.367	0.330	-0.495	0.013	0.319	-1.247	-0.133	0.534	-1.593	-1.355	1.187	-0.172	-0.322	0.255	-0.776	-0.687	-1.197	-0.343	-0.282	-0.577	-2.521	-0.646	-1.741	0.153	-0.869	-0.884
Magneto	AMB_RS12075	AMB_RS12075		hypothetical protein	1.495	-0.312	0.408	-0.639	-0.184	0.172	-0.443	-0.912	-0.342	0.653	1.410	0.761	-0.177	-0.444	-0.685	-0.533	0.371	-0.551	0.179	1.209	-0.220	-1.453	-0.041	0.207	-2.028	-2.531	-2.045	-1.598	-2.259	-2.056	-1.001	-3.418	-0.800	-1.089	-2.066	-1.913
Magneto	AMB_RS12080	AMB_RS12080		nucleoside triphosphate pyrophosphohydrolase	-1.495	1.211	-0.272	0.272	-0.058	-0.180	-0.915	-0.857	-0.567	0.531	-0.047	1.048	0.099	-0.608	-0.417	-0.416	-0.193	-1.008	0.854	1.012	-0.001	-0.153	-0.944	-0.034	1.463	1.415	1.279	0.335	0.028	0.347	0.491	0.463	1.894	1.317	1.641	0.978
Magneto	AMB_RS12085	AMB_RS12085		transglutaminase domain-containing protein	-0.118	0.912	1.096	0.034	0.018	-0.330	-0.125	0.168	0.757	0.615	-0.508	0.059	-0.066	-0.213	0.588	0.672	1.215	0.568	0.023	-0.342	0.581	0.437	-0.055	-0.189	-3.197	-2.832	-3.616	-3.052	-4.575	-3.423	0.275	-1.384	-0.084	0.610	0.599	1.214
Magneto	AMB_RS12090	AMB_RS12090		hypothetical protein	1.397	0.386	-0.033	-0.102	-0.058	-0.727	0.814	-0.475	-0.195	-0.427	-0.741	-1.203	-0.974	-2.021	-1.135	-0.404	0.527	-1.341	-1.537	-1.646	0.757	-0.588	-0.850	0.078	-0.129	-0.088	-0.587	-0.226	-0.133	0.073	-1.533	-0.005	-0.576	0.483	0.455	0.914
Magneto	AMB_RS12175	AMB_RS12175		hypothetical protein	0.132	-1.264	0.125	-0.197	1.816	0.538	0.898	0.921	1.070	1.378	0.818	1.781	1.265	0.021	1.367	0.926	0.956	0.380	0.981	1.409	2.478	1.067	0.861	1.957	1.266	1.344	1.478	0.001	1.284	0.311	2.707	2.626	1.508	2.119	1.981	1.982
Magneto	AMB_RS12180	AMB_RS12180		hypothetical protein	-0.293	0.150	0.408	-0.085	-0.105	2.046	0.824	0.459	0.649	1.209	0.659	0.974	-1.059	-0.550	0.006	-0.183	-1.373	-0.037	-0.002	-0.978	-0.028	0.356	0.443	0.670	0.713	-0.346	-0.122	0.178	-0.635	-0.170	0.753	0.047	-0.160	-2.139	-0.595	0.596
Magneto	AMB_RS12185	AMB_RS12185		hypothetical protein	-0.036	-1.314	-0.611	-0.588	-0.117	0.181	0.339	-0.703	0.129	1.099	-0.659	-0.640	-0.224	0.534	-0.015	0.267	-1.329	-0.020	-0.910	-0.056	-0.442	-0.104	0.090	-1.207	-0.770	-0.064	0.440	0.264	0.746	0.172	-0.891	-0.482	1.918	0.887	-0.015	-0.291
Magneto	AMB_RS12190	AMB_RS12190		hypothetical protein	-0.360	-1.417	-0.517	-1.172	-2.458	0.199	0.224	-1.874	-0.260	-0.303	-0.520	-0.424	0.034	-0.499	-0.796	-2.360	-1.091	-0.308	-1.285	-0.155	0.287	-0.724	-1.365	-0.506	-1.963	-1.217	-1.360	-2.342	-1.295	-1.669	-0.633	-0.369	-0.375	-1.110	-0.714	-0.133
Magneto	AMB_RS12200	AMB_RS12200		hypothetical protein	1.126	0.711	0.023	1.180	0.729	0.741	0.960	1.034	1.768	0.568	0.079	-0.657	2.339	-0.434	-0.027	1.332	1.486	1.020	0.456	0.267	0.573	1.512	1.912	0.676	0.013	1.782	1.168	0.575	1.959	0.899	-0.545	-0.171	0.776	0.012	1.129	1.193
Magneto	AMB_RS12290	AMB_RS12290		MBL fold metallo-hydrolase	0.257	-1.104	-1.714	-1.239	-1.045	-2.462	-0.921	-1.182	-2.382	-4.113	-0.892	-1.136	-0.948	-1.865	-1.525	-0.999	-0.276	-1.136	-1.561	-0.693	-1.021	-1.935	-0.885	-1.346	-0.612	-1.105	-0.593	-0.467	-0.348	-0.979	0.445	-1.216	-0.749	0.189	2.120	-0.741
Magneto	AMB_RS12295	AMB_RS12295		TatD family deoxyribonuclease	1.356	-0.062	-0.588	-1.211	-0.593	-1.287	-0.314	0.182	-1.620	0.576	-0.864	0.640	-0.684	-0.458	0.235	0.314	-1.330	-0.473	-1.367	-1.701	-0.168	0.055	-1.534	0.449	0.961	0.711	0.654	-0.356	0.653	0.872	1.335	0.294	0.974	1.459	0.022	1.313
Magneto	AMB_RS12315	AMB_RS12315		D-alanyl-D-alanine carboxypeptidase	1.448	-0.293	0.739	0.098	0.617	1.177	0.505	1.131	1.817	2.838	-0.671	-0.109	0.725	0.387	1.105	2.205	0.382	0.310	-0.420	2.508	-0.177	0.160	-0.184	-1.309	0.709	1.495	-0.299	-0.116	0.002	1.638	1.133	-0.194	-0.604	0.368	1.027	0.440
Magneto	AMB_RS12320	AMB_RS12320		septal ring lytic transglycosylase RlpA family protein	-0.348	0.245	-1.532	-1.827	-1.538	-1.495	-1.235	-3.685	-1.079	-2.017	-1.353	-0.558	-1.522	-1.946	-0.794	-1.358	-1.608	-1.741	-1.511	-0.484	-0.981	-2.076	-1.445	-3.243	-0.008	0.847	-0.918	0.111	-0.204	0.569	0.990	0.155	-0.378	0.812	1.492	1.142
Magneto	AMB_RS12325	AMB_RS12325		lytic murein transglycosylase	-0.917	-0.677	-0.932	-1.349	-1.608	-2.102	-0.563	-1.233	-2.708	-0.512	-0.282	-1.416	-1.357	-2.338	0.064	-0.477	-0.279	-1.125	-0.321	-1.024	-1.928	-1.480	-1.515	-0.962	-0.676	-0.739	-0.205	-0.446	-0.106	0.141	-0.073	1.403	1.279	1.052	-0.864	0.344
Magneto	AMB_RS12330	AMB_RS12330		YdcF family protein	-0.891	-1.119	1.349	0.910	1.572	1.778	1.367	0.700	1.069	0.325	-0.131	0.702	0.953	0.940	0.877	1.213	1.558	1.067	0.892	-0.243	0.806	0.816	0.792	1.745	-0.452	-0.934	-0.895	-0.309	0.494	-0.461	0.199	-0.610	-0.972	-0.708	-0.008	-0.625
Magneto	AMB_RS12335	AMB_RS12335		ABC transporter permease	-0.510	-0.220	0.079	-1.279	1.251	-0.952	0.098	-0.451	-0.112	-0.507	-0.617	-1.824	-0.728	-0.535	-0.119	-0.768	-0.572	0.172	-1.286	-0.364	-1.325	-0.992	-1.832	0.405	-1.657	-1.077	-0.593	-1.518	-0.448	-1.854	-0.426	-0.786	-1.645	-2.446	-0.954	-0.498
Magneto	AMB_RS12345	AMB_RS12345		aldo/keto reductase	1.856	-0.492	0.858	0.022	0.333	0.558	-0.944	-0.068	0.401	-0.560	1.394	1.428	0.776	-0.631	-0.582	-1.161	-0.690	-0.610	-0.873	0.178	-0.116	0.548	1.254	-0.291	-0.680	-0.977	-0.848	-1.171	-1.195	0.066	0.687	-1.279	-1.603	0.561	0.883	-1.009
Magneto	AMB_RS12350	AMB_RS12350		ABC transporter ATP-binding protein	0.284	0.222	-1.266	-1.353	-0.322	-0.366	-1.669	-0.910	-0.803	-0.796	-0.695	-0.899	-1.408	-0.509	0.550	-0.844	-0.995	-0.317	-1.495	-0.750	1.736	-1.659	-0.424	0.503	-0.780	0.094	-0.287	-0.315	-0.332	-1.389	-1.513	-0.782	0.222	1.098	-1.354	-0.115
Magneto	AMB_RS12355	AMB_RS12355		ABC transporter ATP-binding protein	1.257	-0.478	0.369	0.678	0.773	-0.431	-0.131	0.929	-0.265	0.508	-0.669	0.424	0.407	0.359	0.709	0.584	0.411	0.120	-0.260	0.749	0.056	0.718	0.800	-0.747	0.254	0.152	0.551	-0.132	0.493	0.156	-0.374	0.539	-0.834	-0.630	0.275	0.158
Magneto	AMB_RS12360	AMB_RS12360		branched-chain amino acid ABC transporter permease	-0.942	1.170	0.076	0.164	1.209	0.905	1.179	0.386	0.456	0.643	-0.200	0.815	1.348	0.813	1.407	0.385	-0.149	1.286	0.718	0.470	-0.509	1.082	1.409	0.700	0.629	1.030	0.996	1.046	0.628	0.703	0.402	-0.432	1.419	-0.478	1.752	0.741
Magneto	AMB_RS12365	AMB_RS12365		branched-chain amino acid ABC transporter permease	-3.066	0.926	-0.641	1.194	0.693	1.067	1.006	0.641	-0.398	0.442	0.126	-1.332	-0.242	0.595	0.453	0.397	0.041	0.647	0.728	-0.544	0.245	0.086	0.632	0.142	-1.671	-1.551	-1.604	-1.132	-0.465	-1.578	-2.422	-1.401	-1.158	-0.961	-2.316	0.409
Magneto	AMB_RS12370	AMB_RS12370		branched-chain amino acid ABC transporter	1.344	-0.477	-0.006	0.275	-0.080	0.061	0.262	-0.176	0.401	-0.760	0.515	-0.144	0.266	-0.243	-0.230	1.234	1.138	0.718	-0.208	0.130	0.045	0.461	0.905	-0.054	0.654	0.436	0.539	1.057	1.177	0.807	-0.553	0.112	0.077	-0.426	0.721	0.002
Magneto	AMB_RS12375	AMB_RS12375		response regulator	2.321	0.037	-0.001	-0.488	1.277	1.467	0.479	0.930	1.661	-0.235	-0.746	-0.123	-0.828	0.034	0.884	0.109	0.765	0.532	0.051	-2.166	-0.708	0.057	0.760	-0.370	1.134	1.090	0.833	1.179	2.233	2.163	0.179	0.816	-0.287	0.659	0.821	0.964
Magneto	AMB_RS12380	AMB_RS12380		DsbA family oxidoreductase	-1.096	-0.867	0.425	-1.108	0.006	1.496	1.098	1.501	0.377	1.344	0.711	3.318	0.592	0.875	0.205	0.978	0.376	0.796	1.275	1.867	1.012	0.686	1.966	1.875	1.320	2.228	2.130	1.821	2.683	1.533	3.472	2.958	0.873	1.272	0.150	2.220
Magneto	AMB_RS12385	AMB_RS12385		alanine--glyoxylate aminotransferase family protein	-0.835	-4.663	4.058	0.632	2.019	-0.163	0.010	-0.109	0.226	-1.415	0.748	0.448	0.098	0.670	0.247	0.593	-0.547	1.089	-0.709	-0.862	0.749	-1.024	0.294	-0.491	-2.538	-3.425	-2.598	-3.205	-2.320	-3.652	-3.055	-3.861	-3.949	-3.522	-2.549	-4.361
Magneto	AMB_RS12390	AMB_RS12390		transcription-repair coupling factor	-0.238	-1.964	-0.534	-3.164	-2.011	-3.018	-1.943	-2.455	-2.127	-2.562	-1.342	-2.792	-3.983	-2.726	-3.274	-2.509	-3.651	-2.714	-3.711	-4.322	-2.854	-3.984	-2.497	-2.774	-2.240	-2.506	-1.527	-0.924	-0.942	-1.227	-1.748	-4.175	-3.589	-1.869	-2.142	-2.148
Magneto	AMB_RS12395	AMB_RS12395		succinate dehydrogenase assembly factor 2	-0.030	-0.222	-1.321	-0.716	-1.869	-1.015	-1.084	-0.851	-0.549	-1.198	-0.754	-1.626	-1.487	-2.079	-2.053	-0.600	0.054	-0.499	-1.253	-0.524	-0.993	-1.960	0.106	-1.929	-0.609	-0.278	-0.483	-0.028	0.535	0.007	-1.153	-1.270	-0.999	-0.096	0.180	-0.175
Magneto	AMB_RS12405	AMB_RS12405		UPF0016 domain-containing protein	-0.603	1.393	-0.252	1.162	0.325	-0.810	-0.298	-0.682	1.052	2.744	0.068	3.243	0.620	1.145	1.219	0.451	1.427	1.546	2.710	0.442	1.950	-0.502	-2.678	-3.448	-0.745	-0.779	-0.417	-0.587	-0.512	-0.934	-1.186	-0.274	0.230	-0.188	0.227	-0.191
Magneto	AMB_RS12410	AMB_RS12410		excinuclease ABC subunit UvrA	-3.718	-2.742	-2.853	-1.929	-3.696	-2.254	-3.129	-2.093	-2.628	-3.442	-3.320	-2.944	-2.609	-2.162	-1.943	-3.701	-1.856	-3.315	-3.133	-1.313	-3.431	-2.459	-2.428	-2.882	-5.705	-4.132	-4.135	-3.865	-3.341	-3.681	-3.930	-4.810	-3.086	-4.594	-3.870	-4.246
Magneto	AMB_RS12415	AMB_RS12415		OmpA family protein	0.658	-1.103	-0.980	-1.498	-0.854	-0.358	0.988	-0.241	-0.912	-1.095	-0.962	0.835	-2.073	-1.194	-0.557	-0.874	-0.933	0.032	-0.389	-0.511	0.197	-0.594	0.055	-1.206	1.882	1.545	0.947	1.581	0.326	1.579	-0.655	0.275	1.971	-0.728	0.685	0.290
Magneto	AMB_RS12420	AMB_RS12420		pseudouridine synthase	-0.050	2.690	0.278	-0.064	0.091	0.521	1.248	-0.165	-0.019	0.938	0.314	1.492	-1.011	1.544	0.599	0.293	0.820	1.635	-0.381	1.084	1.230	1.252	0.725	0.184	-0.399	-0.917	-0.530	-0.176	-0.266	-0.433	0.308	-1.529	-0.191	-0.153	-1.141	0.466
Magneto	AMB_RS12425	AMB_RS12425		RNA methyltransferase	-0.331	0.307	0.099	-1.008	-0.243	-0.382	-0.149	0.885	0.723	-0.673	0.127	-1.197	-0.653	-0.191	0.873	-0.069	-0.692	-0.467	-0.004	-0.642	0.115	-0.444	-0.314	-0.037	0.282	-0.506	0.156	-0.229	-0.082	-0.201	0.189	-0.095	0.018	0.037	-1.064	0.167
Magneto	AMB_RS12430	AMB_RS12430		peptidylprolyl isomerase	-0.499	0.411	-0.054	-0.237	-0.330	0.549	-1.471	-0.839	0.310	-0.578	-0.033	0.928	-0.269	-1.297	-0.152	-0.714	-1.003	-0.639	-1.969	-1.207	-0.469	-0.034	0.110	0.257	-0.664	-0.271	0.775	0.822	0.128	0.858	-1.458	-0.189	-0.637	0.437	0.008	-0.751
Magneto	AMB_RS12435	AMB_RS12435		polyphosphate kinase 2	0.910	-0.500	0.010	-0.195	-1.228	0.113	-0.228	0.524	0.373	-0.225	0.367	0.975	-0.142	-0.323	-0.717	1.561	0.580	0.624	-0.503	-0.197	-0.177	0.510	1.097	-0.630	0.194	0.701	-0.028	-0.133	0.407	1.072	1.488	-1.019	-0.358	-0.350	0.280	0.106
Magneto	AMB_RS12440	AMB_RS12440		hypothetical protein	-0.331	-0.879	-0.384	0.065	1.373	-0.832	1.281	1.231	0.550	0.067	-0.909	0.538	0.669	1.077	0.110	-0.362	0.421	0.157	0.428	1.646	0.087	0.898	0.083	1.149	1.062	1.201	0.328	1.054	1.489	1.550	2.134	0.758	0.595	0.800	0.285	2.101
Magneto	AMB_RS12445	AMB_RS12445		rRNA pseudouridine synthase	1.631	0.003	0.391	-0.212	-0.127	-1.556	-0.876	-0.765	-0.748	-0.359	-0.362	0.552	0.299	-1.194	-0.284	-0.924	0.299	0.240	-1.119	-0.435	-1.445	-1.557	-0.820	0.747	-1.168	-1.309	-0.509	-1.530	-0.313	-0.105	-0.334	-1.800	-1.176	-1.280	-1.342	-1.922
Magneto	AMB_RS12450	AMB_RS12450		class I SAM-dependent methyltransferase	0.567	-0.445	1.638	0.818	0.412	0.731	-0.128	1.367	1.466	-0.246	-0.027	-0.697	1.285	0.062	1.685	1.450	0.740	1.916	0.416	-0.567	-0.573	-0.598	1.074	0.551	0.256	-0.784	-0.043	0.223	0.972	-0.475	0.306	-1.326	0.618	-0.002	1.513	-2.349
Magneto	AMB_RS12455	AMB_RS12455		hypothetical protein	-0.336	-0.149	1.515	1.184	1.800	1.159	1.615	1.185	1.705	0.031	1.303	1.604	1.507	1.216	1.730	0.684	0.225	1.551	1.017	0.459	0.686	1.568	0.162	-0.221	-0.157	-0.625	-0.237	0.578	0.335	-0.076	-0.521	1.127	0.785	-0.090	0.167	-0.871
Magneto	AMB_RS12470	AMB_RS12470		hypothetical protein	0.218	-0.588	-0.083	0.937	0.745	-1.304	-0.402	0.678	0.109	-1.431	0.832	-0.059	-0.106	0.397	-0.913	0.731	-1.078	-0.724	1.140	1.979	-0.316	0.084	-0.632	-0.356	-0.464	-1.366	-0.704	-0.504	-1.298	-0.795	-0.105	-1.131	-0.762	-0.347	-1.313	0.001
Magneto	AMB_RS12475	AMB_RS12475		FADH(2)-oxidizing methylenetetrahydrofolate--tRNA-(uracil(54)-C(5))- methyltransferase TrmFO	-0.647	-0.183	-0.010	-0.629	0.034	0.310	-0.808	-1.195	2.458	1.967	-0.488	0.513	-0.004	0.158	-0.912	-0.524	-0.429	0.750	0.822	0.345	-0.204	-1.419	-0.039	-0.431	-0.988	-0.386	-0.835	-0.860	-0.703	-0.155	-1.623	0.424	-0.789	-1.225	-0.787	-0.188
Magneto	AMB_RS12480	AMB_RS12480		lactoylglutathione lyase	-1.349	-0.559	0.794	-1.492	-1.898	-0.477	1.055	-2.089	-0.768	-0.975	-2.807	-0.404	-1.168	-0.569	-0.810	-0.626	-0.359	-1.994	-1.288	-1.630	-1.989	-0.168	0.290	-1.109	-0.127	-0.993	0.427	0.533	-0.275	0.712	0.782	-0.962	0.088	0.004	-0.132	-0.121
Magneto	AMB_RS12560	AMB_RS12560		penicillin-insensitive murein endopeptidase	0.488	-1.988	-0.867	-0.364	-0.340	0.074	-0.124	-0.610	0.285	0.317	-0.125	0.019	1.316	-0.212	-0.599	-1.531	-1.066	-0.671	0.403	0.545	-0.071	-1.284	0.035	-0.344	-2.642	-0.809	-1.141	-1.426	-1.248	-1.102	0.027	-0.797	-0.971	-0.129	-0.779	-1.865
Magneto	AMB_RS12565	AMB_RS12565		HD domain-containing protein	1.407	0.734	-0.473	-0.056	0.096	0.175	0.249	0.600	0.033	-1.121	0.231	-0.439	-0.199	-0.697	0.037	-0.509	-0.623	0.172	-0.838	0.363	-0.646	0.317	-0.331	0.139	0.499	0.049	-0.055	0.609	0.363	-0.795	0.844	0.974	-0.730	-0.290	-0.408	-0.444
Magneto	AMB_RS12570	AMB_RS12570		acyl-CoA synthetase	0.717	0.525	0.271	-0.390	0.279	-0.137	-0.739	-0.036	0.583	-0.209	-0.033	0.087	0.027	-0.482	-0.267	-0.386	0.026	0.303	-0.131	0.393	0.314	-0.378	0.145	0.450	0.466	1.280	1.466	0.261	0.344	0.902	2.280	1.421	1.723	2.095	0.939	1.399
Magneto	AMB_RS12575	AMB_RS12575		GGDEF domain-containing protein	0.862	1.047	0.171	1.045	0.637	0.108	0.346	0.516	1.036	-0.119	-1.832	0.123	0.816	0.290	0.555	0.592	1.021	-0.391	0.208	-0.013	-0.698	0.822	0.857	0.284	-0.189	-0.540	-0.673	-0.261	-0.415	-0.236	0.109	-1.187	0.356	2.150	-0.104	-0.130
Magneto	AMB_RS12580	AMB_RS12580		sphingosine kinase	-0.644	-0.719	-1.517	-0.239	-0.046	-0.923	1.495	-0.056	-0.093	0.772	0.360	-0.962	0.262	0.724	1.605	-0.004	1.779	1.426	0.455	-0.295	-1.632	0.419	-0.009	1.109	-0.288	0.226	0.078	0.017	-1.138	-0.755	-0.539	-0.922	-0.395	-2.127	-0.702	0.117
Magneto	AMB_RS12590	AMB_RS12590		tetratricopeptide repeat protein	-3.617	0.304	-1.534	-2.455	-2.258	-2.440	-2.424	-4.213	-2.760	0.484	-2.387	-1.854	-1.770	-2.415	-2.431	-1.905	-2.218	-1.328	-2.551	-1.383	-1.429	-3.468	-2.686	-2.743	-8.878	-8.585	-7.642	-7.244	-9.933	-7.142	-5.878	-8.331	-8.530	-5.470	-7.355	-7.346
Magneto	AMB_RS12595	AMB_RS12595		cytochrome c	-1.492	-0.289	-0.931	-2.095	-1.653	-2.260	-2.756	-2.541	-1.153	-1.235	-0.694	-0.676	-0.084	-1.933	-0.547	-0.759	-1.630	-0.631	-0.502	-0.087	0.275	-2.129	-2.307	-1.337	-0.186	-1.623	-0.651	0.522	0.315	-0.353	-2.300	-4.593	-2.608	-1.606	-1.209	-1.087
Magneto	AMB_RS12600	AMB_RS12600		amino acid-binding protein	-0.064	0.025	0.222	-0.027	0.034	-0.388	0.436	0.413	0.295	-0.473	0.286	-0.434	-0.047	-0.248	-0.429	0.127	0.357	-0.435	-0.140	-0.443	0.005	0.395	-0.229	-0.066	-0.308	-0.508	-0.365	-0.640	-0.247	-0.588	0.245	-0.771	-0.632	-0.248	-0.038	-0.250
Magneto	AMB_RS12605	AMB_RS12605		DUF2892 domain-containing protein	1.666	0.946	-0.308	0.683	-0.271	1.072	-1.228	-1.063	0.990	-0.503	0.341	1.369	0.494	0.364	0.573	0.353	0.338	-0.583	0.739	0.635	0.887	0.113	-0.945	0.584	1.044	0.333	0.962	0.950	1.164	0.943	-0.421	0.634	0.787	-1.038	0.515	1.979
Magneto	AMB_RS12610	AMB_RS12610		bifunctional proline dehydrogenase/L-glutamate gamma-semialdehyde dehydrogenase PutA	-1.795	0.537	-0.549	0.017	1.352	0.954	0.386	-0.145	-0.421	0.117	1.736	0.432	-0.206	-0.809	0.284	-0.220	-0.359	-0.631	1.209	0.147	0.800	-0.686	-1.438	-0.998	-0.731	-0.049	-1.210	-1.054	-1.231	-1.300	1.887	0.249	0.413	1.250	0.752	0.722
Magneto	AMB_RS12615	AMB_RS12615		phytoene/squalene synthetase	-2.080	0.799	9.593	-6.183	-2.891	-2.608	-5.518	-4.760	-3.106	-1.786	-0.530	-0.533	-3.739	-2.732	-1.387	-3.318	-2.991	-3.054	-0.865	-0.355	0.049	-5.752	-3.609	-4.117	-1.825	-2.978	-3.135	-1.405	-2.592	-2.021	0.364	-0.701	-0.001	-0.186	0.281	0.048
Magneto	AMB_RS12655	AMB_RS12655		DUF815 domain-containing protein	-0.593	-0.726	0.788	-3.076	-0.717	-2.603	-2.111	-1.244	-3.254	-0.186	-0.816	-0.212	-2.851	-2.385	-2.144	-3.502	-1.981	-1.630	-2.443	-1.953	-2.819	-2.603	-1.376	-2.345	-1.934	-2.057	-0.968	-1.904	-1.144	-1.767	-1.516	-0.119	-0.880	-0.664	-2.040	-1.391
Magneto	AMB_RS12660	AMB_RS12660		methyl-accepting chemotaxis protein	1.998	0.747	-0.991	-0.092	0.891	-0.365	0.283	-0.439	-0.471	0.898	-0.654	0.899	-0.213	0.058	-0.078	-0.745	-0.261	-0.764	-0.863	-0.674	-1.154	-0.647	0.273	0.394	-0.274	-0.547	0.017	0.615	0.115	-0.030	0.237	-0.840	-1.692	-1.596	2.197	0.696
Magneto	AMB_RS12665	AMB_RS12665		M23 family peptidase	0.233	-0.862	-1.813	-0.573	-2.886	-0.689	-1.177	-1.621	-1.228	-1.164	0.194	-2.498	-1.066	-1.358	-1.497	-2.053	-1.266	-0.952	-0.294	-0.500	-1.390	-0.703	-1.038	-1.533	-1.165	-2.053	-0.739	-0.976	-0.425	-0.635	-0.911	-1.435	-0.415	0.735	0.735	-1.026
Magneto	AMB_RS12670	AMB_RS12670		protein-L-isoaspartate O-methyltransferase	0.530	-1.773	-0.401	-1.567	1.028	-1.182	-0.908	-2.151	-1.322	-0.478	-0.654	-1.224	0.183	0.557	-0.234	0.210	-1.462	0.022	-0.915	-0.472	0.512	-1.344	-0.334	-1.219	-1.152	-0.352	-1.110	-0.506	-0.907	0.485	0.145	-0.833	-0.369	0.240	1.715	0.275
Magneto	AMB_RS12700	AMB_RS12700		DUF454 domain-containing protein	1.060	0.907	-0.055	0.600	1.028	-1.285	-0.582	0.707	0.806	0.719	0.830	1.094	0.378	0.849	1.166	0.154	0.513	1.194	0.720	0.491	-0.313	0.690	0.893	0.756	0.203	0.531	0.871	1.059	-0.250	-1.141	-2.284	-0.014	-0.702	-1.773	0.935	-0.398
Magneto	AMB_RS12710	AMB_RS12710		segregation/condensation protein A	-0.982	0.507	-1.525	-1.492	-0.452	-0.173	-1.053	-2.064	-1.565	-0.329	0.382	-0.881	-0.501	0.114	0.026	-0.513	0.257	-0.406	-0.411	-0.515	0.505	-0.164	0.519	-0.421	-1.661	-3.443	-1.376	-2.432	-2.243	-2.047	-2.388	-4.178	-1.716	-1.250	-1.349	-1.634
Magneto	AMB_RS12750	AMB_RS12750		hypothetical protein	-0.033	0.223	-0.763	0.591	0.676	0.713	0.271	0.006	0.683	-0.581	0.505	-1.281	0.276	2.273	-0.114	-0.601	0.554	-0.438	-0.486	0.226	1.871	-0.061	-0.583	0.688	-0.556	-0.025	-0.214	-0.551	-0.426	-0.151	-0.225	0.411	0.539	0.150	-0.029	-0.217
Magneto	AMB_RS12755	AMB_RS12755		exodeoxyribonuclease III	-1.796	-0.026	-1.129	-2.066	-0.732	-1.480	-1.230	-1.174	-2.145	0.899	0.743	0.731	-0.009	0.010	-0.455	-0.959	-1.293	-1.876	0.768	1.635	0.771	-0.236	-0.580	0.361	-1.621	-2.136	-1.834	-1.584	-1.454	-2.035	0.424	-0.798	-0.265	-1.085	-1.078	0.077
Magneto	AMB_RS12760	AMB_RS12760		hypothetical protein	-0.384	-2.801	-0.939	-0.608	-0.487	-0.931	0.106	0.347	-1.148	1.501	0.822	-0.808	-0.891	-0.669	0.288	-0.107	0.604	-0.037	1.282	-0.041	0.525	0.728	1.072	-0.001	0.460	0.526	0.526	0.225	0.466	-0.001	-0.733	0.708	1.897	0.851	-0.264	1.265
Magneto	AMB_RS12765	AMB_RS12765		hemerythrin	0.362	1.572	0.439	0.016	-1.677	-0.086	0.457	1.538	-0.653	0.834	0.036	-0.113	0.705	-0.477	0.471	0.727	0.151	-0.951	-0.514	0.145	-0.763	-1.074	-0.286	0.059	-0.244	-0.062	0.191	0.769	0.097	-0.079	-0.519	1.158	-0.069	0.016	-1.158	-0.314
Magneto	AMB_RS12775	AMB_RS12775		hypothetical protein	1.490	-0.058	-0.227	0.539	0.277	1.186	-0.830	0.163	0.428	0.668	-1.731	0.765	0.904	0.202	-0.076	0.325	-0.237	0.908	0.719	-1.032	-0.139	-0.618	-0.536	0.320	0.165	0.546	-0.100	-0.869	-0.046	-0.491	-0.864	1.204	1.161	-0.667	-0.272	-0.190
Magneto	AMB_RS12780	AMB_RS12780		haloacid dehalogenase type II	0.563	-1.123	0.831	0.125	-0.161	0.662	-0.375	-0.312	-0.128	-0.064	0.352	-0.024	-0.553	0.072	0.440	1.055	0.420	0.997	0.717	-2.096	-0.210	0.793	0.649	1.167	0.096	0.423	-0.009	0.192	0.277	0.256	-0.554	0.319	0.127	0.213	-0.800	0.176
Magneto	AMB_RS12785	AMB_RS12785		murein transglycosylase	-1.675	-0.593	0.094	-0.842	-2.575	-0.316	-1.202	-0.889	-2.265	-2.047	-0.777	-2.636	-1.204	-1.728	-0.589	-0.057	-1.769	-0.303	-2.487	-2.854	-1.519	-1.701	-2.087	-2.532	-4.053	-3.972	-4.516	-4.042	-3.088	-4.846	-2.280	-3.741	-3.165	-2.501	-2.673	-2.873
Magneto	AMB_RS12790	AMB_RS12790		ABC transporter ATP-binding protein	0.333	-0.936	-1.918	-0.107	-1.284	-0.975	-1.027	-0.596	-0.199	0.916	-0.073	-0.072	-0.451	-0.913	0.275	-0.218	-0.224	0.871	-1.221	0.428	-0.549	-0.526	0.147	-0.845	-0.037	-0.406	0.912	1.067	0.073	-0.100	-2.074	-1.711	0.553	-0.005	-0.502	-1.504
Magneto	AMB_RS12795	AMB_RS12795		ABC transporter permease	-1.529	0.971	0.054	0.430	-0.361	-0.074	-0.856	0.390	-0.085	0.518	0.402	0.249	-0.009	-0.801	0.698	-0.841	0.355	0.342	0.805	1.088	0.477	-0.521	-0.211	-1.205	0.588	-0.135	0.530	-0.602	-0.795	-0.373	1.388	1.715	0.366	0.641	0.961	1.793
Magneto	AMB_RS12800	AMB_RS12800		efflux RND transporter periplasmic adaptor subunit	1.322	0.495	-0.752	-2.324	0.481	-0.911	0.211	-2.266	-0.794	0.627	0.187	0.272	-0.331	-0.836	-1.805	-0.547	-0.435	-1.757	0.197	0.777	-0.131	0.332	-1.582	-1.182	-1.128	-0.133	-0.471	-0.593	-0.349	-0.596	0.844	2.157	-0.253	0.006	-1.115	-1.462
Magneto	AMB_RS12815	AMB_RS12815		sulfite oxidase-like oxidoreductase	2.476	0.986	-0.931	-1.097	-0.787	0.434	0.717	0.308	-0.303	0.086	0.423	0.343	-1.559	-1.723	-1.427	0.148	0.708	0.444	-0.910	0.989	0.211	-0.480	-0.151	-0.559	-0.126	0.351	-0.591	0.134	-0.104	0.421	0.195	-0.304	0.157	-0.149	1.164	-0.032
Magneto	AMB_RS12820	AMB_RS12820		two-component sensor histidine kinase	-2.133	0.081	-0.047	1.153	-0.473	0.914	-0.018	-0.547	0.149	1.459	0.277	0.511	0.631	0.637	-0.551	0.300	-0.366	-0.057	-0.811	1.249	0.796	0.188	0.616	0.400	0.284	-0.866	-0.410	0.213	-0.691	-0.757	0.830	1.976	-0.477	0.632	1.264	0.448
Magneto	AMB_RS12825	AMB_RS12825		phosphatidylglycerophosphatase A	-0.653	0.748	-1.867	-1.896	-2.063	-2.189	-1.902	-0.116	-0.233	-2.075	-1.809	-0.406	0.115	-0.622	-0.994	-0.766	-1.912	-1.111	-1.360	-0.252	-1.802	-0.024	-0.046	-0.962	-0.024	-1.019	-0.887	-2.249	-1.460	-0.300	0.513	-0.676	0.147	-1.799	1.097	-1.380
Magneto	AMB_RS12840	AMB_RS12840		thiamine pyrophosphate protein	1.074	1.886	0.571	0.023	0.734	-0.598	0.592	0.247	-0.243	-0.023	0.275	-1.623	0.003	0.661	-0.355	-0.621	0.091	-0.256	-1.046	-0.000	-0.575	-0.189	0.001	-0.088	-0.426	0.514	0.754	0.720	0.097	0.416	0.046	-0.402	2.772	0.882	1.942	0.348
Magneto	AMB_RS12845	AMB_RS12845		cyclic nucleotide-binding domain-containing protein	1.063	-0.754	0.230	-1.832	-0.377	-0.071	-0.126	0.225	-0.480	-1.037	-0.768	-1.927	-0.093	0.184	-0.440	-1.163	0.751	0.091	-1.017	0.744	-0.353	-0.278	0.299	-0.119	-1.643	-0.674	-0.441	-1.118	-0.023	-0.714	-1.597	-0.747	-0.363	1.118	-1.447	-0.537
Magneto	AMB_RS12855	AMB_RS12855		hypothetical protein	-0.331	-0.603	-0.193	-2.336	0.084	0.064	-0.540	0.692	-0.510	-1.561	-2.481	-1.727	0.450	-1.808	-1.265	-0.215	-0.305	-0.267	-1.089	-2.046	-1.127	-0.394	-0.557	-0.232	1.234	1.183	0.554	0.602	0.181	0.923	1.557	0.232	1.260	0.488	-2.095	-1.379
Magneto	AMB_RS12860	AMB_RS12860		acetate/propionate family kinase	2.460	1.325	0.380	0.304	0.791	-0.994	-0.948	0.037	-0.335	-0.230	1.684	-0.957	0.764	-0.738	-0.106	0.725	-0.125	-0.528	-0.222	0.045	-1.592	-0.548	-0.997	-0.052	1.753	1.781	2.504	1.956	1.823	1.791	2.306	1.730	2.923	0.899	3.046	2.431
Magneto	AMB_RS12865	AMB_RS12865		bifunctional enoyl-CoA hydratase/phosphate acetyltransferase	1.846	0.683	-1.087	-1.349	-0.250	0.129	-1.250	-0.459	-0.250	-0.538	0.036	-1.116	-1.050	-0.538	-1.014	-0.677	0.122	0.126	-0.983	-1.088	-1.573	-1.621	-0.649	-0.120	-0.161	1.492	0.754	0.566	1.314	0.008	1.665	1.239	-0.025	0.522	-0.914	1.408
Magneto	AMB_RS12870	AMB_RS12870		GNAT family N-acetyltransferase	-3.872	0.196	-3.490	-1.061	-1.609	-2.550	-1.647	-0.389	-0.403	2.380	-0.364	-0.643	0.304	0.122	1.101	-0.518	-0.821	-0.004	1.042	2.694	1.339	0.854	-0.004	0.527	-7.463	-8.513	-8.170	-7.682	-8.068	-8.619	-4.375	-6.622	-6.162	-3.694	-5.057	-8.007
Magneto	AMB_RS12875	AMB_RS12875		flagellar motor protein MotA	0.103	-0.447	-0.123	0.075	0.604	0.605	0.203	0.784	0.795	1.090	-0.203	0.136	0.068	0.166	0.750	0.766	1.130	1.227	-0.304	1.429	0.844	0.005	0.523	1.154	1.117	1.423	0.442	1.514	1.888	1.220	1.197	0.101	1.086	1.669	1.261	0.539
Magneto	AMB_RS12880	AMB_RS12880		membrane protein	-1.049	0.231	-1.104	-1.246	-1.096	-0.335	-0.196	0.103	-0.468	-0.230	-0.833	-0.755	-0.196	-1.116	-0.285	0.255	0.507	-0.445	0.337	0.681	-0.325	-1.065	-0.881	-0.857	0.659	0.422	-0.457	0.441	0.336	0.324	-0.695	0.293	-0.478	-0.242	0.197	0.245
Magneto	AMB_RS12885	AMB_RS12885		hypothetical protein	-0.235	-0.554	-0.025	0.506	-0.040	0.194	-1.317	-0.249	-0.231	-0.825	-0.636	-1.112	-0.691	-1.650	-0.300	0.227	-0.856	-0.548	-0.597	-1.065	0.402	0.643	-1.136	-0.383	0.342	-0.298	1.455	-0.162	0.830	0.792	-0.585	0.020	0.932	1.386	0.169	0.520
Magneto	AMB_RS12890	AMB_RS12890		enoyl-CoA hydratase/isomerase family protein	3.195	-0.273	-0.640	1.140	-0.301	-0.269	0.168	-0.359	-0.616	1.279	0.332	1.013	1.125	-0.356	-0.119	-0.458	0.549	-0.481	-0.262	0.842	0.418	0.056	0.572	0.674	-0.511	0.491	1.167	0.146	0.254	0.736	-0.224	0.642	0.497	-0.659	-1.412	-0.083
Magneto	AMB_RS12895	AMB_RS12895		O-acetylhomoserine aminocarboxypropyltransferase	0.253	1.116	0.335	-0.027	-0.178	0.137	-0.244	-0.179	0.949	-1.437	-0.577	-1.340	0.452	-0.363	0.007	0.989	1.240	-0.160	-0.852	-1.028	-0.745	-0.224	0.057	0.677	0.282	-0.174	0.529	0.105	1.059	1.123	-2.496	-4.149	-3.934	-2.091	-2.633	-2.804
Magneto	AMB_RS12905	AMB_RS12905		pentapeptide repeat-containing protein	-0.839	-0.295	-0.050	-0.849	-0.217	-1.513	0.611	-0.572	-0.779	-0.030	0.371	-1.596	-2.752	-0.880	-0.203	-0.294	0.333	0.846	-1.086	0.124	-0.026	-0.713	-2.010	-0.416	0.428	0.847	1.154	0.573	1.628	0.639	2.154	1.255	-0.125	-1.045	0.887	0.279
Magneto	AMB_RS12910	AMB_RS12910		formylglycine-generating enzyme family protein	-1.476	1.541	1.982	-0.294	1.668	1.364	1.915	1.117	1.340	0.922	1.976	1.977	2.116	1.271	0.628	0.844	2.034	2.295	-0.069	0.491	1.343	0.634	0.566	1.605	-1.043	-0.456	0.203	-0.298	0.297	-0.675	-0.980	-1.530	-0.912	0.623	-1.163	-0.002
Magneto	AMB_RS12915	AMB_RS12915		FkbM family methyltransferase	-1.030	0.552	-0.019	0.068	-0.712	-0.330	0.365	-0.334	0.616	-0.593	-1.509	-0.415	0.160	-0.946	-0.180	1.206	-0.314	-0.243	-0.972	0.878	-0.975	0.162	-0.856	0.452	-2.016	-1.468	-1.145	-2.134	-1.612	-2.204	0.304	-1.881	-0.558	0.582	-0.660	-1.442
Magneto	AMB_RS12920	AMB_RS12920		exo-beta-1,3-glucanase	-0.446	-0.688	-0.021	-1.905	-2.476	-2.148	-3.095	-2.181	-1.543	2.015	-2.584	-1.559	-1.755	-1.867	1.396	-0.839	-1.390	-2.999	0.472	-0.161	0.182	-0.684	-1.744	-2.375	-2.075	-3.120	-2.214	-1.778	-2.234	-2.149	-0.346	-3.556	-3.820	-1.840	-1.863	-3.117
Magneto	AMB_RS12925	AMB_RS12925		secreted protein	0.943	-1.202	0.512	-0.715	-0.056	-0.043	-0.214	-0.704	-0.192	-0.419	0.223	-0.051	0.541	-1.391	-0.391	-0.872	-0.289	0.002	-0.114	-0.243	-1.538	-1.786	-0.133	-0.896	-0.281	0.021	0.634	-0.123	0.386	0.208	-1.451	0.187	-0.252	-0.509	-0.263	0.213
Magneto	AMB_RS12935	AMB_RS12935		hypothetical protein	0.032	0.946	0.718	-0.242	-0.182	0.437	-0.172	0.334	0.126	0.259	-0.714	-0.425	-0.422	-0.363	-0.178	-0.513	0.012	-0.689	-0.742	-0.480	-0.110	-0.322	0.217	-0.424	0.281	0.165	0.078	0.489	0.988	0.296	-0.084	-0.066	-0.076	-0.137	0.279	-0.244
Magneto	AMB_RS12950	AMB_RS12950		hypothetical protein	-0.964	-0.645	0.092	0.220	0.803	1.191	1.105	-0.038	-0.251	0.766	0.789	0.659	-0.053	0.167	-0.138	-0.470	0.980	0.752	0.196	0.441	0.045	-0.584	-0.044	0.585	-0.402	0.180	0.533	-0.586	-1.073	0.103	-0.055	-0.860	-1.184	-2.427	-0.652	1.474
Magneto	AMB_RS12955	AMB_RS12955		DNA-3-methyladenine glycosylase I	0.761	-0.259	-0.337	-0.589	0.840	0.149	-0.651	-0.399	-0.403	-0.192	-0.098	-0.680	0.064	0.293	-0.295	0.229	-1.056	-0.517	0.214	-0.482	-0.413	0.396	-0.544	-0.337	0.345	0.302	-0.067	0.157	0.069	-0.015	-0.062	-0.138	-0.088	0.918	1.680	-1.040
Magneto	AMB_RS12960	AMB_RS12960		methylmalonyl-CoA epimerase	-0.205	0.315	3.117	0.006	-0.375	-0.334	-0.118	-0.300	-0.237	-0.695	0.713	0.262	-1.369	1.047	1.356	0.307	0.907	-0.279	-0.578	-0.261	0.064	1.041	1.757	1.122	1.316	1.884	1.490	0.857	1.222	1.778	-0.700	0.194	-1.032	0.443	0.524	0.477
Magneto	AMB_RS12965	AMB_RS12965		penicillin acylase family protein	0.978	-1.290	0.790	0.219	-0.030	0.290	0.775	0.620	1.229	-0.021	-0.171	0.549	0.899	0.761	0.537	0.982	0.185	0.412	1.056	-0.537	-0.694	-0.047	-0.095	0.741	-0.764	0.837	-0.274	0.833	0.734	0.095	1.360	-0.981	-1.098	-0.754	-0.797	-1.222
Magneto	AMB_RS12970	AMB_RS12970		flavin reductase	1.533	-1.464	0.080	-0.376	-0.342	-0.787	-0.757	0.269	-0.598	-1.395	-0.629	0.169	-0.910	-0.763	-0.679	-2.313	-0.226	-1.008	0.058	-1.309	-1.122	-1.632	0.784	0.724	-1.492	-0.083	-0.166	-0.068	-0.879	-0.539	-0.244	-0.198	0.118	1.957	0.193	-0.205
Magneto	AMB_RS12975	AMB_RS12975		flagellar motor stator protein MotA	1.111	0.206	-0.029	-0.614	-0.719	-0.037	-0.305	0.209	0.411	0.395	-0.900	-0.307	-1.162	0.666	0.306	-0.285	0.145	0.991	0.121	-0.832	0.553	-0.123	0.419	-0.514	0.124	0.178	0.207	0.337	-0.194	0.203	0.625	-0.236	0.376	1.666	-1.269	-0.275
Magneto	AMB_RS12980	AMB_RS12980		membrane protein	-0.418	0.424	-0.793	-0.862	-1.234	-0.373	0.626	1.079	0.219	-0.572	0.390	-0.342	-0.662	0.139	0.108	-0.826	0.559	0.148	0.138	0.385	0.182	-0.421	0.364	-0.655	0.162	-0.847	-1.058	-0.913	-0.521	0.027	-1.391	0.741	-0.900	0.907	-0.612	-0.978
Magneto	AMB_RS12985	AMB_RS12985		RDD family protein	-0.222	-1.068	0.868	-0.391	0.441	1.375	1.541	0.812	1.865	1.275	-0.959	0.231	0.177	-0.180	0.257	-0.053	0.647	0.988	1.392	0.843	0.857	0.483	1.102	1.255	0.319	0.202	-0.037	-0.186	-0.121	0.391	0.699	-0.969	0.786	1.204	0.128	0.689
Magneto	AMB_RS12990	AMB_RS12990		arginyl-tRNA-protein transferase	0.115	-0.036	-0.131	0.790	1.215	-0.217	0.717	1.516	1.847	1.211	0.739	0.642	1.028	1.640	1.989	0.124	1.103	0.051	1.831	1.651	1.652	1.050	-0.070	0.984	5.022	4.374	3.528	3.847	4.113	3.697	0.957	0.331	2.158	-0.811	-2.661	0.715
Magneto	AMB_RS12995	AMB_RS12995		C4-dicarboxylate ABC transporter substrate-binding protein	-0.557	-0.501	0.291	0.042	-0.746	0.346	0.430	-0.695	-0.842	-0.075	-0.300	-0.108	-0.965	-0.324	0.006	0.336	0.618	0.206	-1.189	-0.755	-0.501	-0.456	-1.076	-0.529	-0.702	-0.403	-0.745	-0.187	-0.275	-0.245	0.175	0.369	-1.131	0.427	-1.586	-1.171
Magneto	AMB_RS13000	AMB_RS13000		C4-dicarboxylate ABC transporter	0.748	-0.490	0.211	-0.076	-0.786	0.636	1.001	0.044	-0.043	0.136	-1.312	-0.392	-0.108	-0.169	0.974	0.353	-0.065	-0.257	-0.192	0.123	0.858	0.284	0.144	0.364	0.264	1.387	-0.448	0.038	0.619	-0.060	0.600	-0.614	-0.395	-0.219	-0.136	1.304
Magneto	AMB_RS13005	AMB_RS13005		ABC transporter substrate-binding protein	0.271	0.511	-1.841	-1.127	-0.147	-2.158	-0.393	-0.695	-0.687	0.538	-0.816	0.040	-1.688	-0.842	-0.410	-1.730	-0.989	-1.442	-0.387	-0.398	0.197	-1.251	-1.049	-0.516	-0.154	-0.026	-0.417	-0.912	-0.527	-0.635	1.142	-0.160	1.865	0.889	0.667	0.919
Magneto	AMB_RS13015	AMB_RS13015		TetR/AcrR family transcriptional regulator	-1.202	-2.174	-1.690	-0.648	-1.502	-1.006	-0.362	1.012	0.157	-0.232	0.676	-0.529	0.042	-0.960	-0.112	-0.693	0.084	0.022	0.280	-0.050	-0.914	-2.028	-1.918	0.626	-0.081	0.234	-0.753	-0.525	-0.997	-0.360	-1.218	0.802	1.173	0.653	0.497	-3.951
Magneto	AMB_RS13020	AMB_RS13020		KR domain-containing protein	-0.863	1.041	1.088	1.123	0.538	1.197	0.004	1.578	2.026	0.034	-0.031	-0.199	0.521	0.830	0.739	1.028	0.122	-0.016	1.075	0.473	0.126	2.530	-0.110	0.348	0.434	0.027	-0.180	0.153	0.665	1.090	0.229	0.340	-0.296	0.042	-0.413	-0.375
Magneto	AMB_RS13025	AMB_RS13025		acyl-CoA dehydrogenase	-0.081	0.178	0.867	-0.624	0.452	1.155	1.131	0.648	0.236	0.067	0.440	-0.268	0.461	0.382	0.273	0.081	-0.732	0.090	1.045	0.933	0.651	0.412	0.507	-0.408	-0.258	0.661	0.069	0.335	-0.024	-1.050	-0.648	-0.113	-0.735	-1.484	0.527	0.410
Magneto	AMB_RS13030	AMB_RS13030		enoyl-CoA hydratase	0.494	0.800	0.751	-0.158	0.250	0.590	0.069	-0.049	0.526	0.880	-0.685	0.413	0.006	0.938	-0.372	-0.331	0.272	-0.513	-0.110	-0.913	0.896	0.355	1.043	0.063	-0.526	-0.102	-0.136	-0.324	0.275	0.399	0.554	-0.688	-0.616	-0.708	-1.016	0.707
Magneto	AMB_RS13045	AMB_RS13045		alpha/beta hydrolase	0.143	0.097	0.381	0.464	-0.732	0.370	0.401	0.039	0.902	0.416	-0.492	-0.644	0.736	-0.065	-0.119	0.208	0.379	0.092	-1.247	0.680	-0.090	0.593	0.029	0.765	-0.669	-0.389	-1.331	-0.478	-0.391	-0.716	-1.051	0.250	1.203	-0.469	-0.700	-0.209
Magneto	AMB_RS13050	AMB_RS13050		aldehyde dehydrogenase family protein	0.188	-0.298	0.165	0.667	0.078	0.361	0.078	1.213	1.363	0.430	0.906	-1.619	0.175	-0.033	0.089	-0.074	1.949	0.618	0.277	1.837	-0.636	-0.035	0.814	1.419	0.755	0.873	0.968	0.468	-0.424	0.352	-0.541	0.649	0.447	-1.265	-1.847	0.937
Magneto	AMB_RS13060	AMB_RS13060		acetyl-CoA C-acyltransferase	0.221	0.151	0.162	0.387	0.903	1.364	-0.152	0.117	1.989	-0.117	0.864	-0.183	1.145	0.557	1.608	-0.043	0.622	0.883	0.957	0.134	1.216	0.281	0.098	1.299	0.382	0.551	0.415	-1.467	0.614	-0.007	-0.018	1.463	0.887	0.963	0.989	0.409
Magneto	AMB_RS13065	AMB_RS13065		3-hydroxyacyl-CoA dehydrogenase	2.686	-0.223	1.331	-0.589	0.522	-0.021	-0.010	-0.161	0.418	1.031	0.747	1.087	-0.602	-0.618	-0.228	-0.906	-0.898	0.035	0.296	-0.069	0.113	-0.673	0.037	-0.290	-0.199	0.358	0.751	0.003	0.038	-0.179	1.238	0.232	0.577	0.174	2.033	-0.874
Magneto	AMB_RS13075	AMB_RS13075		IclR family transcriptional regulator	-1.032	-0.995	-0.773	-0.045	-0.837	-0.406	-1.022	-1.127	-0.100	-1.902	-0.519	-1.728	-1.579	-0.790	-0.313	-0.745	-0.833	-0.287	-0.815	-1.320	-1.559	-0.637	-1.485	-0.536	0.046	-0.249	0.492	-0.589	0.391	-0.149	-0.479	-1.959	-2.708	-1.526	-0.686	-0.162
Magneto	AMB_RS13080	AMB_RS13080		acyl-CoA dehydrogenase	0.525	1.017	0.098	-0.990	-0.030	-0.564	0.285	-0.509	0.117	-1.041	-0.538	-0.932	-0.387	-0.416	-0.628	-0.383	-1.266	-0.497	0.095	0.436	0.789	-0.323	0.112	0.777	0.055	-0.203	0.771	0.247	-0.004	-0.539	-0.981	-0.367	0.101	-0.363	-0.566	0.517
Magneto	AMB_RS13085	AMB_RS13085		AMP-binding protein	1.172	1.449	0.013	0.312	0.101	-0.136	1.081	-0.739	1.022	0.487	0.600	-0.854	-0.154	-0.473	0.178	-0.431	1.252	0.543	-0.030	-0.691	-0.861	1.227	-0.121	1.274	0.200	0.684	0.516	0.028	-0.581	-0.579	-0.172	0.181	0.211	-0.651	0.528	-0.724
Magneto	AMB_RS13090	AMB_RS13090		amino acid ABC transporter substrate-binding protein	-2.110	-0.477	-0.542	0.085	-0.510	-0.549	0.309	-0.546	0.265	-0.445	0.714	0.160	-0.634	-0.332	-0.459	-1.126	-0.560	0.392	-0.547	-2.062	-0.212	0.042	0.307	0.015	-0.369	-0.148	0.316	0.038	1.150	0.637	1.278	0.309	1.695	-0.202	0.460	-0.378
Magneto	AMB_RS13095	AMB_RS13095		branched-chain amino acid ABC transporter permease	0.032	0.020	0.620	0.708	0.654	-0.117	-0.250	1.181	0.632	0.696	1.414	0.520	1.243	1.361	1.254	1.132	0.466	0.689	0.545	1.114	0.619	0.536	0.493	-0.192	1.434	1.107	1.102	0.413	1.431	-0.269	1.555	0.646	0.125	0.561	0.145	1.085
Magneto	AMB_RS13100	AMB_RS13100		branched-chain amino acid ABC transporter permease	-1.580	-1.109	-0.001	-0.183	0.644	0.985	0.374	0.235	-0.327	1.109	1.338	0.561	0.466	0.148	0.266	0.796	-1.314	-0.769	-1.175	0.972	-1.350	0.437	0.398	0.524	1.047	0.593	0.238	-0.078	0.523	-0.342	-1.492	-0.079	0.077	0.143	0.432	-0.052
Magneto	AMB_RS13110	AMB_RS13110		ABC transporter ATP-binding protein	-0.295	-0.222	1.029	-0.783	-0.986	0.359	-1.004	0.634	0.529	-0.590	-0.660	0.164	0.832	0.665	0.057	0.960	-0.705	0.996	0.005	0.534	0.220	-0.487	0.353	-0.454	1.787	1.243	1.601	1.319	2.157	1.113	2.764	-0.390	0.914	2.032	0.134	1.782
Magneto	AMB_RS13120	AMB_RS13120		nitronate monooxygenase	-1.346	0.253	1.059	0.828	1.266	0.880	0.069	0.820	0.800	0.931	0.251	0.910	1.224	0.885	0.759	1.563	0.645	0.660	2.061	1.413	0.445	1.265	2.056	2.785	0.691	1.205	1.067	1.238	1.158	1.295	1.043	1.681	0.919	0.906	0.012	0.690
Magneto	AMB_RS13125	AMB_RS13125		hypothetical protein	1.883	-1.796	-0.221	1.593	0.429	-0.732	-0.944	0.043	-0.445	0.046	-2.761	-0.109	-0.648	-0.596	0.653	0.172	-0.881	0.394	0.253	0.303	1.616	0.036	0.355	0.385	-0.025	-0.253	-1.331	-0.504	0.398	-0.487	0.526	0.350	-0.527	-0.887	0.672	-0.801
Magneto	AMB_RS13130	AMB_RS13130		CoA transferase	-1.173	0.239	0.521	0.329	0.209	0.472	-0.116	0.285	-0.610	0.756	0.651	0.345	1.338	0.741	-0.087	-0.284	0.364	-0.105	1.625	1.009	0.479	-0.480	0.007	1.302	0.249	0.278	-0.318	-0.025	-0.094	-0.626	0.005	0.042	-0.572	0.550	-1.416	0.466
Magneto	AMB_RS13135	AMB_RS13135		tetratricopeptide repeat protein	-0.455	-0.917	-0.187	1.582	0.485	0.412	-0.299	0.189	1.412	2.554	-0.001	1.705	1.666	1.270	1.935	1.174	0.712	1.215	2.824	1.714	1.022	0.251	0.246	0.349	0.573	1.057	0.464	-0.111	-0.875	0.704	1.194	0.815	0.003	1.278	0.408	1.583
Magneto	AMB_RS13140	AMB_RS13140		FAD:protein FMN transferase	-0.795	0.954	0.025	-0.224	0.313	1.061	1.285	0.050	1.308	1.038	1.911	0.329	0.310	-0.873	-0.021	0.254	0.431	0.109	0.290	1.004	-0.195	0.639	0.478	0.923	-1.069	-1.834	-0.742	-1.110	-2.233	-1.882	-1.302	-4.069	-0.815	-3.079	-4.349	-4.087
Magneto	AMB_RS13145	AMB_RS13145		positive regulator of sigma E activity	-0.335	-0.456	-0.623	-0.950	-1.091	-0.661	0.309	-0.153	0.140	-1.077	-0.666	-0.779	0.303	0.262	-1.272	-0.421	-0.362	0.885	0.092	-0.227	-0.160	-1.243	0.052	0.481	-0.652	-1.848	-1.903	0.059	-1.456	-1.224	0.296	-2.911	-2.933	-2.271	-2.717	-1.955
Magneto	AMB_RS13150	AMB_RS13150		electron transport complex subunit RsxA	-0.113	1.595	-1.020	-0.559	-0.922	-1.436	-1.106	-0.750	-1.345	0.267	-0.032	-0.814	-0.503	-1.404	-1.088	-0.359	-2.007	-2.162	-1.801	-0.546	-1.697	0.057	-2.127	-0.313	-2.170	-2.640	-2.137	-1.953	-1.904	-2.006	-0.935	-0.960	-2.425	-0.897	-3.145	-3.421
Magneto	AMB_RS13155	AMB_RS13155		electron transporter RnfB	-0.829	-0.245	0.537	-0.447	0.413	0.868	-0.748	0.241	0.804	-0.078	0.065	0.429	0.574	1.020	-0.843	0.918	-0.834	0.297	0.364	-0.970	-1.540	-0.376	0.275	-0.502	-2.091	-0.821	-1.824	-1.347	-1.630	-1.981	0.591	-1.824	-0.335	-1.171	-2.797	-3.020
Magneto	AMB_RS13160	AMB_RS13160		electron transport complex subunit RsxC	-2.830	0.285	-0.476	0.819	0.338	-0.051	0.111	-0.114	0.780	1.258	0.503	0.621	-0.126	0.093	0.347	0.002	0.474	-0.014	-0.612	-0.901	0.209	0.480	0.201	0.357	-3.760	-3.950	-5.079	-3.424	-4.715	-4.088	-2.692	-6.961	-6.037	-7.575	-10.550	-10.450
Magneto	AMB_RS13165	AMB_RS13165		electron transporter RnfD	-0.344	-0.559	-0.552	-0.101	0.510	0.533	-0.196	0.334	-0.317	0.694	1.042	1.341	0.044	-0.135	1.000	0.471	0.214	0.302	0.256	0.171	-0.577	-0.092	-0.035	0.421	-2.054	-1.478	-1.030	-0.794	-1.204	-1.924	-1.254	-3.095	-1.267	-3.357	-6.418	-6.413
Magneto	AMB_RS13170	AMB_RS13170		electron transport complex subunit RsxG	-0.154	0.183	0.726	0.343	-0.297	0.220	-0.620	-1.530	-0.473	-0.125	0.505	-1.285	0.438	-0.093	-0.015	-0.842	-1.128	0.807	0.209	0.376	-0.173	0.507	-0.165	0.388	-0.865	-0.699	0.312	-0.156	-0.110	-0.574	-0.430	-0.578	-0.047	-0.488	-0.170	-0.717
Magneto	AMB_RS13175	AMB_RS13175		electron transport complex subunit E	-2.086	1.162	0.881	1.191	0.615	-1.133	1.116	0.789	0.599	0.732	-1.838	0.163	1.354	0.204	1.722	-0.270	0.097	1.366	1.423	0.001	1.449	0.904	1.028	2.067	-3.716	-3.082	-2.634	-2.608	-4.620	-2.393	-2.453	-2.837	-4.724	-5.548	-3.427	-6.435
Magneto	AMB_RS13180	AMB_RS13180		protein rnfH	-0.845	0.028	0.848	0.770	0.553	0.269	1.216	0.078	-0.091	-0.190	-1.046	0.821	0.047	0.720	-0.562	0.195	0.067	0.264	0.175	-0.009	-0.702	-0.612	1.488	1.634	-1.073	-1.600	-1.830	-1.484	-1.671	-0.515	-0.350	-2.301	-0.361	-1.552	-1.749	-1.266
Magneto	AMB_RS13185	AMB_RS13185		hypothetical protein	-0.339	-0.255	1.226	0.758	1.226	-1.206	0.938	1.113	-0.109	1.448	-1.723	1.088	1.509	1.106	1.095	1.389	1.565	0.469	1.088	0.344	-0.170	-0.419	1.323	1.589	1.206	-0.555	0.240	-0.686	0.595	0.232	0.380	-0.405	1.335	0.649	0.038	0.381
Magneto	AMB_RS13200	AMB_RS13200		putrescine ABC transporter permease PotH	-0.691	-0.153	-0.938	-1.059	-1.030	-0.818	-1.235	-1.076	0.044	0.545	-1.988	0.348	0.089	-0.014	0.377	0.093	0.091	-0.261	0.105	-1.365	0.086	0.117	-0.988	-0.937	-1.691	-1.547	-2.218	-1.684	-2.090	-1.747	-1.866	-0.206	-0.397	-1.101	-2.441	-2.364
Magneto	AMB_RS13205	AMB_RS13205		polyamine ABC transporter ATP-binding protein	0.139	-1.162	-1.244	-1.925	-1.608	-1.440	-0.859	-2.606	-2.335	-0.491	0.569	0.973	-0.930	-1.071	-0.624	-1.613	-0.879	-1.339	-0.507	-1.176	-0.685	-1.936	-0.677	-2.724	-2.014	-2.298	-2.127	-2.480	-2.741	-2.495	-2.652	-1.646	-3.160	-2.469	-1.038	-2.790
Magneto	AMB_RS13210	AMB_RS13210		polyamine ABC transporter substrate-binding protein	-0.744	1.040	-1.000	-1.338	-1.512	-1.439	-0.243	-1.193	0.023	-0.888	-2.175	0.160	-0.929	-1.296	0.400	-0.832	-0.109	-1.632	-0.364	-2.605	0.409	-1.487	-0.358	-1.342	-2.485	-0.648	-0.879	-2.050	-1.268	-1.338	-1.504	-1.156	-2.068	-0.650	-0.788	-0.179
Magneto	AMB_RS13215	AMB_RS13215		cation acetate symporter	1.379	-0.601	-0.822	-0.736	-0.952	-1.327	-0.966	-1.342	-0.408	-0.529	0.062	-0.042	-0.745	-1.350	-0.704	-0.794	-0.671	-1.743	0.092	-0.593	-1.193	-0.054	-0.402	-0.372	0.460	0.536	1.461	0.951	1.388	0.945	0.414	1.228	0.731	0.523	1.051	0.982
Magneto	AMB_RS13220	AMB_RS13220		DUF485 domain-containing protein	-0.127	0.226	0.207	-0.138	-0.047	-0.639	0.810	0.401	0.249	0.033	-0.154	-0.178	0.628	-0.360	0.041	0.693	2.140	1.015	-0.123	-0.769	-0.500	-0.338	-0.817	-0.002	-0.443	0.671	-0.226	0.143	0.209	-0.203	-0.747	-0.342	-0.731	-1.268	-0.010	-1.028
Magneto	AMB_RS13225	AMB_RS13225		HAMP domain-containing protein	0.265	0.509	-0.179	-0.188	0.164	1.023	-0.191	-0.275	-0.432	0.907	1.393	-0.123	0.493	0.198	0.136	-0.092	0.196	0.472	0.271	-0.374	-0.082	-0.171	-0.006	0.580	-0.654	-0.500	-0.932	-0.961	-1.029	-0.554	-0.170	-0.844	-1.967	-0.072	0.068	-0.486
Magneto	AMB_RS13230	AMB_RS13230		DNA-binding response regulator	1.899	-0.207	1.161	0.416	-0.065	0.600	0.093	-0.637	1.114	1.131	0.708	0.926	0.826	1.371	1.753	0.256	0.598	0.106	0.773	1.341	-0.135	0.528	0.908	0.911	0.333	1.244	0.883	0.299	0.796	0.643	1.169	0.868	1.914	0.695	0.483	0.396
Magneto	AMB_RS13235	AMB_RS13235		cytochrome c553	2.144	0.681	-0.970	0.123	-1.216	-1.638	-0.058	-1.024	-0.214	0.220	-0.399	-1.377	-0.951	-1.305	-0.251	-0.337	-0.706	0.043	-1.066	-1.677	0.270	-1.137	-0.932	-1.074	0.452	1.658	0.211	-0.167	0.805	1.242	-1.069	0.924	0.840	-1.807	1.393	0.031
Magneto	AMB_RS13240	AMB_RS13240		acyl-CoA synthetase	0.708	-0.383	0.595	0.528	-0.059	-0.277	0.480	0.439	1.125	1.094	-1.376	0.909	0.084	0.639	0.432	0.576	0.665	-0.094	0.775	-0.345	0.444	0.625	1.371	-0.316	1.118	0.223	1.347	1.137	-0.016	0.472	1.547	0.912	0.377	1.502	-0.377	1.990
Magneto	AMB_RS13250	AMB_RS13250		electron transfer flavoprotein subunit alpha	-0.124	0.630	0.388	0.362	-0.435	0.005	1.147	0.201	0.187	0.630	0.052	0.582	0.522	1.593	0.303	-0.590	-0.811	-0.168	1.383	0.346	1.114	-0.152	0.873	1.028	1.230	-0.319	1.669	1.009	1.281	0.959	-0.955	0.425	1.529	0.026	-0.209	0.316
Magneto	AMB_RS13255	AMB_RS13255		acyl-CoA dehydrogenase	0.735	0.865	0.204	0.096	0.333	-0.045	0.358	0.861	-0.059	1.183	0.183	1.083	0.196	-0.281	1.166	0.816	1.636	0.202	0.645	0.472	-0.128	0.894	0.593	1.042	0.800	2.215	1.562	1.038	1.820	2.164	-1.133	0.574	1.124	1.448	0.863	0.461
Magneto	AMB_RS13260	AMB_RS13260		response regulator	-1.168	0.173	-0.164	0.039	-0.995	0.226	0.034	-0.231	-0.809	-0.345	0.475	-0.118	0.644	0.116	-1.889	-0.557	0.930	-0.138	-0.042	-0.684	-0.088	0.408	-0.480	-0.350	-0.155	-0.196	-0.222	0.025	-0.336	-0.044	-1.356	-0.046	0.116	-0.142	-0.280	0.040
Magneto	AMB_RS13265	AMB_RS13265		sensor histidine kinase	0.587	-0.684	0.362	0.504	0.229	0.600	0.063	-0.001	0.901	0.397	-1.348	-0.052	1.732	-0.325	0.453	1.646	-0.099	0.573	-0.431	-0.823	-0.751	0.956	0.882	0.176	-0.509	1.074	0.217	0.954	0.626	0.153	-0.411	0.053	-1.776	-1.415	0.698	0.973
Magneto	AMB_RS13270	AMB_RS13270		chemotaxis protein CheX	-0.735	-1.501	0.278	-0.251	0.666	1.259	0.991	0.936	-0.859	-0.762	0.432	1.337	0.941	-0.460	0.281	1.077	-0.533	-0.119	0.866	-0.997	0.524	1.232	-0.124	-0.223	-2.719	-2.211	-2.309	-1.636	-1.770	-2.489	-0.661	-2.287	-1.248	-1.801	0.138	-2.615
Magneto	AMB_RS13275	AMB_RS13275		response regulator	0.293	1.362	-0.076	1.325	0.273	2.114	1.804	0.886	1.288	1.852	0.225	0.731	-0.099	0.539	1.292	0.179	-0.138	-0.964	0.687	1.466	-0.199	0.151	0.761	0.191	-1.023	-0.913	-0.717	-0.688	-0.921	-0.670	-0.475	-0.907	-0.943	-0.546	-1.444	-0.646
Magneto	AMB_RS13280	AMB_RS13280		hybrid sensor histidine kinase/response regulator	-0.177	-0.951	0.239	-0.780	-0.360	0.293	-0.092	-0.607	-0.534	-0.250	-1.574	1.027	0.079	-0.011	-0.115	-0.078	-0.144	-0.800	-1.965	-1.164	-0.053	-0.372	0.876	0.003	-0.140	-1.148	-1.528	-0.571	0.396	-0.249	1.106	-2.042	-0.424	0.441	-0.049	-0.973
Magneto	AMB_RS13285	AMB_RS13285		response regulator	1.028	-0.793	0.400	-1.046	-0.507	-0.031	-0.083	-0.201	0.041	-0.871	0.679	-0.005	-1.356	-0.431	-0.881	-0.600	1.007	0.146	-0.234	0.443	0.181	-0.527	-0.191	0.208	-0.058	-0.067	-0.211	-0.074	0.743	-0.045	1.165	1.079	0.944	0.490	-0.081	-0.824
Magneto	AMB_RS13300	AMB_RS13300		response regulator	-1.242	-0.208	-0.721	-1.461	-0.477	-0.077	-1.265	-0.067	-0.705	-0.270	-0.597	-1.149	0.406	-0.801	-0.404	-0.389	-0.112	-1.475	-1.300	-1.931	-0.602	-0.820	-0.978	-0.906	0.231	-0.095	0.432	0.713	1.171	0.514	1.146	0.105	-0.539	0.146	-0.645	0.183
Magneto	AMB_RS13305	AMB_RS13305		PAS domain S-box protein	-1.112	-0.502	-0.693	-0.516	-1.012	-0.092	-0.110	-0.193	-0.262	-0.395	-0.947	-0.202	-0.053	-0.131	-0.083	0.185	-0.513	0.245	-1.124	-0.771	-0.894	-0.332	-0.007	-0.077	0.573	0.942	0.877	1.162	1.281	1.339	-0.871	0.312	-0.929	-1.272	1.088	0.523
Magneto	AMB_RS13310	AMB_RS13310		transcriptional regulator (anti-sigma factor)	0.557	1.795	-0.629	0.195	-1.011	0.299	0.009	0.387	0.236	0.059	-1.337	0.115	-0.208	-0.295	-0.032	1.070	0.727	1.162	-0.676	-0.582	-1.005	-0.099	-0.315	0.317	-1.470	0.075	-1.340	-0.898	-1.043	-2.051	0.265	1.201	-0.382	0.873	0.638	-0.922
Magneto	AMB_RS13315	AMB_RS13315		hypothetical protein	1.292	0.983	-0.855	-0.001	-0.450	-0.599	-0.006	-0.353	-0.171	-1.605	0.503	-0.175	-0.066	-0.050	-1.770	-0.065	-1.260	-0.001	0.170	-1.670	0.096	0.375	-0.160	1.178	-1.903	-1.171	-0.484	-1.189	-1.324	-1.443	-0.051	-1.737	0.346	-0.153	0.334	-0.269
Magneto	AMB_RS13320	AMB_RS13320		hypothetical protein	0.653	-0.082	0.853	-0.599	0.410	0.504	0.021	-0.746	0.103	0.854	-0.234	1.625	-0.223	1.062	0.604	-0.392	0.507	-0.188	0.280	-0.523	0.731	0.733	-0.253	0.158	-0.473	0.286	0.219	0.094	0.235	0.562	1.181	0.066	2.087	1.540	0.694	0.382
Magneto	AMB_RS13325	AMB_RS13325		response regulator	0.938	0.636	-0.577	-0.346	0.209	-0.089	0.654	0.233	-0.423	-0.577	-0.388	1.061	0.891	-1.224	0.125	-0.148	1.217	0.976	-0.667	-0.575	0.171	0.885	0.667	-0.021	-0.207	-0.590	-0.799	-0.111	0.486	0.185	-1.761	0.413	-0.024	0.142	-2.051	0.102
Magneto	AMB_RS13330	AMB_RS13330		pyruvate, phosphate dikinase	-1.423	-0.475	1.164	0.497	0.401	0.866	0.335	0.225	0.809	1.295	1.367	0.604	1.028	-0.340	0.410	0.960	0.549	0.231	0.058	0.237	0.810	0.780	-0.173	0.574	-0.559	-0.055	-0.504	-0.247	0.034	-0.190	0.354	0.313	-0.614	-1.373	0.143	0.248
Magneto	AMB_RS13345	AMB_RS13345		HAMP domain-containing protein	0.129	1.446	0.388	-0.649	0.333	0.133	0.134	-0.041	-0.248	0.271	-1.031	1.363	-1.177	-0.449	-0.184	0.433	-0.049	0.482	-0.604	-1.592	0.327	-0.556	-0.255	-0.391	-0.215	-0.533	-0.339	0.868	0.613	0.482	-0.847	0.263	0.217	0.377	-0.023	-0.785
Magneto	AMB_RS13350	AMB_RS13350		methyltransferase domain-containing protein	-1.440	0.489	-0.343	1.130	2.056	-0.334	-0.500	0.918	1.083	0.655	-0.532	-1.307	0.804	0.144	0.247	0.459	0.886	-0.399	-0.647	0.255	-0.269	-0.074	-0.375	0.719	-0.219	-0.345	0.530	-1.024	-0.443	-0.705	0.800	0.904	0.324	1.067	0.768	0.573
Magneto	AMB_RS13355	AMB_RS13355		hemerythrin	-0.848	-0.178	0.834	0.249	-0.130	0.889	0.392	1.379	1.350	0.207	-1.737	1.383	0.801	1.396	1.570	0.705	0.752	0.824	-0.248	-0.282	0.970	0.605	-0.197	0.457	-0.646	0.189	0.119	0.126	0.465	0.468	0.219	0.158	0.106	0.446	0.977	-0.397
Magneto	AMB_RS13360	AMB_RS13360		thiol:disulfide oxidoreductase	-1.085	-0.368	-1.525	-1.513	-1.433	-0.806	-0.965	-0.599	-0.351	-0.731	-1.015	-0.255	-0.674	-1.262	0.095	-1.946	-1.386	-0.602	-0.483	0.547	-1.111	-1.724	-0.017	-0.185	-3.616	-2.917	-2.151	-2.344	-1.917	-2.445	-2.060	-2.500	-3.038	-2.165	-1.238	-3.512
Magneto	AMB_RS13370	AMB_RS13370		anti-sigma factor antagonist	-1.893	0.497	-0.422	-0.661	-0.898	0.072	-0.590	-1.051	-1.294	-1.161	-0.210	0.103	-1.389	-0.604	-1.066	-0.657	-0.889	-0.668	0.107	-1.298	-0.684	-0.656	-0.430	-0.574	-0.438	-1.103	0.217	-1.626	-2.211	-1.740	0.691	-0.216	-2.865	-1.901	-2.202	-0.499
Magneto	AMB_RS13380	AMB_RS13380		fused response regulator/phosphatase	-0.846	0.511	1.145	0.073	0.418	-0.259	2.120	0.739	-0.205	1.065	0.269	0.734	2.063	0.494	0.014	0.357	0.330	0.483	-0.385	1.442	0.424	1.093	1.327	0.806	-0.326	0.243	-0.934	-0.144	0.162	-0.617	-0.480	1.832	-0.028	1.539	1.158	0.914
Magneto	AMB_RS13385	AMB_RS13385		methyl-accepting chemotaxis protein	-0.088	0.813	-1.207	-1.074	-1.156	-1.631	0.140	-0.398	-0.607	-0.612	0.252	-0.120	-1.226	-1.183	-0.957	-0.786	-0.680	-0.795	-1.272	0.515	-0.688	-1.450	-0.733	-0.692	0.163	0.790	-0.289	0.750	0.855	0.818	0.695	0.689	0.969	0.734	0.475	-0.158
Magneto	AMB_RS13395	AMB_RS13395		[NiFe]-hydrogenase assembly, chaperone, HybE	0.625	-0.650	-1.063	0.268	0.163	-0.370	-0.119	-0.089	-0.442	0.118	-0.978	-1.349	-0.376	0.031	0.620	0.035	-0.131	0.499	0.031	-0.505	-0.827	-0.347	1.029	0.565	-0.237	1.121	0.863	-0.657	-0.359	0.468	-0.041	0.174	-0.690	0.639	-0.162	0.336
Magneto	AMB_RS13400	AMB_RS13400		formylglycine-generating enzyme family protein	1.770	-0.214	-0.661	0.022	1.670	2.047	0.351	1.291	2.782	-4.229	-0.950	-1.399	-2.978	-3.758	-1.270	0.604	0.673	2.759	1.904	1.304	-1.128	-2.688	-2.062	-0.869	-1.922	-0.612	-0.888	-1.161	0.428	-0.647	-2.713	-1.332	-2.040	-1.763	-0.543	0.685
Magneto	AMB_RS13405	AMB_RS13405		cupin domain-containing protein	-0.296	1.649	1.145	0.596	1.722	1.180	0.618	0.778	-0.493	1.104	1.483	0.738	1.650	1.246	0.596	0.897	-0.632	-0.074	0.888	1.396	0.930	1.121	0.273	0.198	0.684	0.190	-0.538	-0.502	0.159	-0.008	-0.655	1.820	0.151	-0.327	1.226	-1.069
Magneto	AMB_RS13410	AMB_RS13410		ferredoxin	0.205	1.314	0.580	1.366	0.317	1.524	0.102	0.356	1.768	-0.231	2.201	-0.186	0.338	-0.052	-0.553	1.150	-0.844	1.992	0.603	-0.365	1.261	-0.033	0.977	-0.325	-0.078	-0.219	0.314	-0.521	-0.607	-0.382	1.948	0.014	0.948	0.845	0.482	-0.222
Magneto	AMB_RS13415	AMB_RS13415		sulfurtransferase FdhD	-3.787	-1.312	-0.552	-5.103	-4.354	-5.342	-6.187	-6.735	-6.431	5.045	1.063	4.412	-3.373	-3.995	-3.923	-4.200	-3.542	-4.566	2.211	1.931	1.983	-3.305	-4.059	-3.189	-3.217	-4.462	-4.786	-4.028	-3.773	-4.331	0.663	-1.010	0.481	-1.431	-1.663	-2.521
Magneto	AMB_RS13420	AMB_RS13420		molybdenum cofactor guanylyltransferase MobA	-0.777	-1.408	0.712	0.949	-0.972	-0.416	-1.232	-0.668	-0.507	1.190	-0.393	1.160	-1.901	0.425	0.160	-0.053	0.683	-0.206	1.629	1.660	1.567	0.275	0.196	-0.059	0.035	0.252	-0.124	-0.099	-0.301	0.593	-0.769	0.348	-0.176	1.468	-1.271	0.486
Magneto	AMB_RS13425	AMB_RS13425		DUF3306 domain-containing protein	1.473	-0.838	0.268	-1.238	-0.184	0.305	0.102	-0.407	0.563	1.070	0.028	0.654	0.381	-1.082	0.792	-0.964	0.393	-0.992	0.034	-0.489	0.899	0.753	0.285	0.479	0.921	0.730	0.195	0.415	1.578	0.276	-0.042	1.785	0.530	0.845	0.224	0.873
Magneto	AMB_RS13430	AMB_RS13430		molecular chaperone TorD	0.099	-2.178	-0.513	-0.526	-0.808	0.902	-0.266	-1.750	-0.886	-0.574	-0.729	-1.250	-0.952	-1.495	-0.806	0.185	-1.076	-0.539	-0.260	-0.154	0.292	-0.823	-0.691	-1.256	0.989	-0.324	0.541	-0.184	0.108	-0.103	2.565	-0.846	0.893	0.405	1.055	0.685
Magneto	AMB_RS13440	AMB_RS13440		formate dehydrogenase	0.312	-0.978	-0.711	-0.318	0.038	0.333	-0.549	-0.094	0.040	-0.425	1.162	0.338	0.196	-0.001	0.014	0.134	-0.179	-0.521	-0.233	-0.891	-0.136	0.136	-0.006	-0.203	0.559	2.060	1.102	0.733	1.554	0.544	1.415	1.041	0.514	0.268	1.154	-0.138
Magneto	AMB_RS13445	AMB_RS13445		4Fe-4S dicluster domain-containing protein	-1.904	2.084	-1.024	-1.349	-0.972	-0.738	-0.294	-0.389	-0.555	-1.173	-0.154	-0.318	-1.159	0.437	-0.472	-1.536	-0.558	-2.151	-0.802	-0.816	-0.686	-1.206	0.063	-0.643	-0.261	-0.479	-0.527	-0.183	-0.252	-0.381	-1.827	-2.038	-0.389	0.575	-0.092	-0.321
Magneto	AMB_RS13450	AMB_RS13450		hypothetical protein	-0.557	3.000	-1.041	-0.421	-1.271	0.247	-0.448	-0.206	0.379	-0.153	-1.408	0.727	-0.998	0.006	-0.551	-0.477	-0.671	-1.226	0.264	-0.219	-0.032	-1.104	0.016	-0.360	0.240	-0.729	0.129	0.478	0.350	-0.478	-1.499	0.806	-0.141	-0.277	-0.049	-1.441
Magneto	AMB_RS13455	AMB_RS13455		formate dehydrogenase subunit gamma	0.222	0.167	-0.664	-0.568	0.104	-1.193	-0.440	-0.607	-0.337	-0.052	0.145	-1.495	-0.372	-0.368	0.202	-0.410	0.555	0.242	-0.774	-0.531	-0.550	-0.719	-0.718	-0.891	1.449	0.949	0.262	0.920	1.704	0.141	0.957	0.054	0.305	-0.458	0.186	-0.180
Magneto	AMB_RS13460	AMB_RS13460		transferase hexapeptide repeat family protein	3.468	0.126	-0.270	-0.298	0.182	2.050	0.429	-0.502	0.267	-1.246	-0.476	-0.195	0.600	1.754	0.411	0.679	1.174	1.109	0.533	1.936	0.217	-0.271	-0.383	0.266	-0.557	2.734	1.173	0.685	0.810	1.860	-2.170	0.717	0.113	-0.083	0.139	-0.101
Magneto	AMB_RS13465	AMB_RS13465		acyl-CoA thioesterase	-0.428	1.442	0.126	-1.041	-0.722	-0.823	-0.977	0.177	-0.153	-0.424	0.460	0.584	0.245	-1.048	0.537	-0.314	-1.633	-0.810	-1.132	-1.569	-1.280	-0.449	-0.650	-0.392	0.617	0.472	0.512	0.720	0.916	0.724	0.627	0.656	0.040	0.594	0.641	1.099
Magneto	AMB_RS13470	AMB_RS13470		3-hydroxybutyrate dehydrogenase	1.216	0.409	0.569	0.422	-0.385	1.817	0.394	-0.487	0.338	1.613	0.737	-0.451	2.603	0.573	-0.164	1.095	0.962	0.324	-0.279	0.613	-0.177	2.274	0.799	1.675	0.244	-0.585	-0.449	0.178	1.149	0.094	0.244	0.378	1.027	0.533	0.040	1.171
Magneto	AMB_RS13475	AMB_RS13475		DUF1192 domain-containing protein	0.977	0.060	-0.995	0.320	0.336	0.202	-0.615	-0.291	0.809	-0.219	-0.004	-0.388	-0.909	-0.323	-0.476	0.020	0.419	-0.701	-1.564	0.628	0.179	0.030	-0.005	0.062	-0.929	-0.418	-0.432	-0.590	-0.360	-0.327	0.827	-0.805	-0.520	0.073	0.008	-0.903
Magneto	AMB_RS13480	AMB_RS13480		NAD(P)H quinone oxidoreductase	-0.162	-0.697	-0.123	0.596	0.542	0.830	0.389	0.471	-0.142	0.931	1.092	-0.387	0.788	0.202	0.797	0.330	-0.319	0.784	0.413	0.592	0.400	0.684	0.386	0.481	1.501	-0.344	1.589	1.126	1.865	1.607	-0.818	1.050	0.602	-0.209	0.744	0.082
Magneto	AMB_RS13495	AMB_RS13495		glutamine-synthetase adenylyltransferase	-0.327	0.434	-0.403	-0.589	-0.063	-0.350	0.214	-0.280	0.635	-0.937	-0.246	-0.791	-0.901	-0.288	-0.625	0.785	-0.058	-0.794	-0.550	0.185	-0.971	-0.460	0.064	-0.248	-0.557	-0.003	-0.290	-0.307	-0.207	0.684	0.641	-0.549	-1.827	-1.357	-0.582	-1.304
Magneto	AMB_RS13500	AMB_RS13500		peroxiredoxin	-0.358	0.990	-1.194	0.069	1.021	0.707	-0.231	-0.190	-0.669	-0.272	-0.295	-1.420	-1.020	-0.154	-0.493	0.896	0.685	-0.089	-1.019	-0.166	-1.007	-0.385	-0.314	-0.359	0.734	2.010	0.431	0.317	0.744	1.634	0.503	0.303	0.787	1.622	-0.641	0.042
Magneto	AMB_RS13505	AMB_RS13505		DUF455 domain-containing protein	-0.128	0.025	-0.249	1.080	1.039	-0.639	-0.739	-0.440	-0.085	1.155	0.665	0.665	-0.148	0.080	0.402	0.492	-0.391	-0.173	0.120	-0.050	1.094	0.319	0.807	-0.749	-0.751	-0.435	0.266	-0.956	-1.843	-0.589	-1.511	-0.543	0.317	-1.691	-1.144	-0.011
Magneto	AMB_RS13510	AMB_RS13510		cytochrome C protein NapC	-0.814	-1.023	0.624	-2.293	-1.700	0.167	-2.043	-1.590	-1.179	2.815	0.542	-0.820	-1.088	-2.789	-2.861	-2.858	-2.248	-1.042	0.803	1.091	-1.521	-1.594	0.542	-2.389	-5.029	-4.920	-4.510	-4.909	-3.877	-3.791	-3.070	-3.569	-3.245	-1.663	-2.959	-3.048
Magneto	AMB_RS13515	AMB_RS13515		nitrate reductase cytochrome c-type subunit	-0.406	0.201	0.235	0.640	0.300	0.234	-0.316	-0.565	0.228	0.959	-0.026	1.093	-0.580	0.292	-0.546	0.305	0.547	0.648	0.144	0.681	-1.531	1.458	0.015	0.427	-1.559	-1.526	-1.769	-1.720	-1.995	-1.825	-0.357	-1.144	-1.282	-0.911	-1.023	-1.704
Magneto	AMB_RS13520	AMB_RS13520		quinol dehydrogenase ferredoxin subunit NapH	-3.231	-1.725	0.384	-1.820	-2.108	-1.888	-1.819	-2.847	-2.261	0.894	0.433	0.272	-1.406	-2.530	-2.418	-1.179	-2.474	-1.596	1.102	0.485	0.347	-1.547	-1.747	-1.467	-7.607	-5.777	-6.939	-6.140	-6.103	-6.138	-0.279	-1.536	-3.041	-0.633	-0.906	-1.336
Magneto	AMB_RS13525	AMB_RS13525		ferredoxin-type protein NapG	-0.491	-0.554	-0.554	0.230	-0.589	-0.739	-2.057	-2.420	-0.915	0.225	-1.528	0.914	-1.635	-1.363	-0.848	-1.936	-0.460	-1.735	0.030	0.644	-1.071	-0.761	-0.522	-0.681	-2.277	-2.017	-1.477	-1.745	-1.731	-2.324	-0.815	-1.293	-0.811	-0.638	-0.146	-0.525
Magneto	AMB_RS13530	AMB_RS13530		periplasmic nitrate reductase subunit alpha	-4.430	-1.636	0.455	-3.124	-2.338	-3.143	-2.872	-3.173	-3.930	2.077	1.035	1.012	-2.678	-2.435	-2.355	-1.984	-2.486	-2.314	0.690	-0.206	-0.330	-0.663	-0.386	-1.031	-8.587	-8.484	-9.721	-7.570	-9.567	-9.077	-3.081	-6.017	-6.455	-2.921	-3.255	-3.672
Magneto	AMB_RS13535	AMB_RS13535		hypothetical protein	-2.046	-2.704	-0.743	-0.441	-2.380	-2.838	-2.399	-2.360	-1.176	1.750	0.532	1.248	-1.463	-1.599	-0.401	-1.256	-0.883	-1.124	1.527	0.347	0.900	-0.671	-0.149	0.243	-3.549	-2.636	-4.791	-3.942	-3.100	-3.373	0.699	-0.167	-0.457	-0.042	1.030	0.264
Magneto	AMB_RS13540	AMB_RS13540		4Fe-4S dicluster domain-containing protein	-0.214	0.377	-1.002	0.388	1.120	-0.568	-0.066	-0.286	-0.258	0.423	0.482	0.705	0.373	-0.393	-0.347	-0.394	-0.092	-0.362	0.792	-0.127	0.448	-0.309	0.202	-0.275	-1.595	-1.360	-1.053	-0.848	-0.656	-1.050	-0.658	-0.790	-0.044	-0.159	-0.601	-1.000
Magneto	AMB_RS13545	AMB_RS13545		bifunctional diguanylate cyclase/phosphodiesterase	-0.204	1.881	0.973	0.059	1.428	0.775	0.596	0.301	0.768	0.318	-1.168	-0.426	1.007	0.988	-0.094	0.645	0.012	-0.226	0.726	0.738	-0.345	0.224	1.880	1.217	-1.621	-0.585	-0.439	-0.794	-0.201	0.094	-0.729	-1.795	-0.868	-0.039	-0.517	1.083
Magneto	AMB_RS13550	AMB_RS13550		NAD(+) diphosphatase	-0.871	1.361	0.573	0.418	0.005	-0.193	0.151	-0.095	-0.762	0.668	1.832	0.300	0.693	0.499	-0.529	-0.077	0.262	-0.431	0.243	0.963	0.146	0.751	0.457	0.919	0.095	1.514	0.400	-1.022	0.180	0.162	1.481	1.941	1.585	1.168	1.953	2.103
Magneto	AMB_RS13555	AMB_RS13555		phosphoribulokinase	-2.615	0.289	-11.197	0.398	0.350	1.279	0.150	-0.551	0.736	2.327	-0.543	2.388	0.326	1.503	0.735	0.388	1.402	0.644	2.437	1.469	1.947	0.237	0.916	-0.197	-2.929	-2.899	-2.783	-3.248	-2.707	-2.764	0.520	1.790	0.939	2.350	0.757	0.606
Magneto	AMB_RS13560	AMB_RS13560		ribulose-bisphosphate carboxylase	-1.648	1.436	-0.819	-0.008	-1.342	-0.709	-0.648	-0.276	-0.592	-0.677	-1.517	0.030	-0.088	-1.430	-0.883	-0.318	0.266	-0.001	0.221	-0.481	0.212	-0.464	-0.283	-0.349	-1.623	-1.212	-1.295	-1.662	-0.633	-0.504	-0.721	-1.343	-0.795	-1.834	-2.576	-0.852
Magneto	AMB_RS13565	AMB_RS13565		deoxycytidylate deaminase	-0.357	-0.554	0.437	-0.440	0.073	1.374	-0.088	1.121	1.449	-0.701	0.760	1.003	-0.632	0.448	0.507	0.078	0.422	0.054	0.580	0.725	0.107	-0.225	1.842	1.202	0.090	1.177	0.661	-0.383	-0.042	0.490	1.403	-0.486	-0.523	0.054	0.203	-1.073
Magneto	AMB_RS13575	AMB_RS13575		hypothetical protein	0.883	-0.054	-0.334	-0.514	-1.676	-1.449	0.250	-0.571	-0.276	-2.498	1.318	-2.494	-1.569	-0.854	-0.052	-0.643	-1.171	-0.739	-0.512	0.485	-1.140	-1.797	-0.939	-1.677	-0.800	0.045	-0.255	-0.183	0.152	0.568	-0.088	-0.076	-1.651	-1.203	0.157	-0.831
Magneto	AMB_RS13580	AMB_RS13580		ribonuclease I	0.168	-1.681	-0.021	0.250	0.049	1.060	0.974	1.106	0.192	0.633	0.427	0.788	0.498	-0.030	1.307	1.352	0.353	0.481	-0.132	1.021	0.090	-0.534	-0.135	1.018	0.046	-0.589	-0.536	-0.690	-0.276	0.232	0.521	-0.898	-1.066	0.462	-0.441	0.760
Magneto	AMB_RS13585	AMB_RS13585		alpha/beta hydrolase	-1.566	-0.518	-2.707	-1.733	-0.347	-1.066	-2.117	-0.127	0.106	-0.256	-0.806	0.273	0.639	0.197	0.027	0.303	-1.102	-0.271	-1.222	0.188	-1.697	-1.925	-1.995	-0.452	-2.502	-2.108	-1.938	-2.553	-2.203	-2.053	-0.841	-2.408	-1.363	-1.710	-2.321	-2.300
Magneto	AMB_RS13595	AMB_RS13595		hypothetical protein	-1.221	0.602	-1.613	-1.326	-2.227	-2.324	-1.136	-1.226	-0.906	-1.277	-2.393	-0.063	-2.522	-1.686	-0.275	-2.083	-1.539	-0.993	-0.292	-1.766	-0.462	0.020	-0.226	-1.165	-0.094	-1.061	-0.954	-1.029	-1.080	-0.670	-1.409	-0.674	-1.212	0.672	-0.755	0.211
Magneto	AMB_RS13600	AMB_RS13600		signal transduction histidine kinase	1.447	1.178	-1.253	-0.626	-0.231	-0.298	0.819	0.043	0.239	-0.172	0.511	1.065	0.396	-0.424	-0.129	0.408	-0.026	0.542	0.241	-1.127	0.777	-0.538	0.064	0.286	-0.182	1.140	-0.254	-0.274	-0.862	-0.185	-0.078	-0.310	0.143	0.655	0.879	0.661
Magneto	AMB_RS13605	AMB_RS13605		ABC-type phosphate transport system	-0.792	2.035	-0.644	-0.637	0.032	-1.525	-0.457	0.057	-0.548	-0.305	-1.195	0.309	-0.941	-0.581	-1.090	-0.748	-0.700	-0.554	-0.992	1.262	-2.057	-1.147	0.614	0.306	1.236	0.274	-0.162	0.544	0.747	0.790	-0.388	1.054	-0.129	1.852	0.991	0.885
Magneto	AMB_RS13625	AMB_RS13625		integrase	-0.983	0.814	-1.875	-1.268	-0.008	-1.291	-0.812	-0.985	-0.113	-1.642	-0.876	-2.239	-0.462	-1.626	-0.303	0.051	-0.253	-0.771	-0.454	-0.972	-0.878	-0.147	-0.235	-0.949	-2.095	-1.489	-0.990	-0.752	-0.565	-1.394	-0.258	-0.441	-0.178	-1.252	-1.550	-0.766
Magneto	AMB_RS13630	AMB_RS13630		hypothetical protein	-0.425	1.299	0.208	-0.592	0.537	-0.409	-1.594	0.317	-0.637	0.337	-1.073	-0.105	-0.302	0.387	-0.552	0.925	0.333	0.661	-0.961	-1.421	0.181	1.229	-0.185	0.598	-0.263	0.933	0.846	1.524	-0.174	-0.077	1.326	0.772	0.844	1.808	-0.090	1.528
Magneto	AMB_RS13635	AMB_RS13635		XRE family transcriptional regulator	0.143	0.626	0.066	0.643	0.893	-1.196	0.822	-0.034	0.093	1.150	-0.010	0.759	0.982	2.040	0.999	-0.117	0.938	0.659	0.680	1.300	0.002	1.192	0.050	-0.280	-1.053	-1.436	-0.479	-0.826	-0.991	0.030	-0.504	-0.542	-0.249	-2.300	-1.621	-1.152
Magneto	AMB_RS13640	AMB_RS13640		hypothetical protein	1.038	-0.511	0.906	-0.270	0.117	-0.300	-0.080	0.892	-0.661	0.130	0.081	1.136	1.072	0.311	0.894	1.057	0.210	0.043	-0.084	-0.267	-0.938	0.868	0.664	-0.118	-1.483	-1.121	-1.028	-1.319	-0.837	-0.771	-2.341	-1.141	0.053	-0.919	-0.686	-1.531
Magneto	AMB_RS13645	AMB_RS13645		hypothetical protein	-0.128	1.220	-0.572	-0.195	-0.346	-0.032	0.320	-0.053	-0.401	-0.619	-0.707	-0.499	-1.161	-0.612	-0.420	-0.741	0.045	-0.101	-0.766	0.460	0.236	-0.637	-0.256	-0.041	-0.175	-0.411	0.990	1.195	0.462	1.252	-0.483	-0.542	-0.482	0.717	-1.176	1.184
Magneto	AMB_RS13660	AMB_RS13660		hypothetical protein	-0.822	-1.389	1.031	1.390	0.901	0.749	1.373	0.171	-0.088	1.734	0.499	0.389	0.940	-0.043	-0.188	0.683	-0.871	-0.216	1.064	-0.229	0.238	0.472	1.209	0.902	-0.876	-0.810	-0.481	-0.776	-0.594	-0.138	-0.190	0.239	0.437	0.973	-0.311	-0.334
Magneto	AMB_RS13675	AMB_RS13675		DUF2800 domain-containing protein	-0.000	0.132	0.771	0.100	-0.170	0.945	0.277	1.613	0.509	0.027	-0.290	1.170	0.586	0.370	0.731	0.146	-0.534	-0.268	0.400	0.683	1.116	-0.387	1.084	1.229	-1.131	-1.547	-2.093	-2.372	-1.682	-1.477	-1.346	-0.874	-1.203	-0.431	-1.257	-1.217
Magneto	AMB_RS13685	AMB_RS13685		hypothetical protein	0.539	0.446	-1.235	-1.943	-1.023	-0.511	-1.785	-1.900	-0.747	-1.555	-0.301	-1.710	-1.316	-1.937	-1.085	-0.667	-0.521	-0.258	-0.738	-1.506	-1.154	-0.959	-0.138	-0.797	0.011	1.100	0.376	1.141	-0.232	0.493	0.314	0.029	-1.073	-0.624	2.156	-0.586
Magneto	AMB_RS13690	AMB_RS13690		hypothetical protein	0.458	-1.021	-1.710	-0.924	-0.530	-0.403	-0.444	0.683	-0.284	-0.384	0.135	0.405	-0.150	-0.284	0.125	0.276	-0.543	-0.969	-0.539	-0.277	-0.487	-0.021	-1.091	-0.333	-0.177	-0.775	-0.980	0.032	-0.475	-0.319	-0.827	-0.012	-0.660	-1.581	-2.371	-0.812
Magneto	AMB_RS13695	AMB_RS13695		hypothetical protein	-1.132	2.111	0.102	0.489	-0.787	-0.296	0.396	0.522	-0.151	-0.511	0.087	-0.663	0.593	-0.102	-0.303	1.287	0.275	0.645	-1.593	-2.416	-1.379	0.251	0.012	0.392	0.267	0.386	0.656	0.315	0.351	0.996	0.740	-0.084	-0.101	-0.553	0.517	-0.526
Magneto	AMB_RS13700	AMB_RS13700		hypothetical protein	1.478	0.916	-0.598	-0.292	-0.552	-0.356	-0.270	-0.305	-0.133	-0.741	0.395	-0.304	-0.056	-0.600	-0.652	-1.026	-0.405	-0.312	-0.284	-0.755	0.269	-0.078	-0.205	0.045	0.128	0.128	-0.058	-0.225	0.299	-0.348	-0.418	-0.347	-0.806	-1.652	-0.239	-0.614
Magneto	AMB_RS13705	AMB_RS13705		hypothetical protein	-0.115	-0.902	-0.443	-0.697	-0.188	-0.869	0.694	-0.292	0.571	-0.636	-1.835	-1.086	-0.171	-0.599	0.717	0.361	0.691	0.175	-0.575	-1.161	-0.456	0.131	0.315	0.363	0.737	1.340	1.454	0.856	0.758	1.759	-0.484	-0.218	-1.124	0.165	0.624	0.969
Magneto	AMB_RS13710	AMB_RS13710		hypothetical protein	-0.438	0.988	-2.079	-0.447	-0.728	-0.407	-0.348	-0.458	-0.369	0.575	0.203	0.784	-0.522	-0.625	-1.738	-1.504	-1.466	-1.042	-0.334	0.230	0.295	0.074	-0.940	-0.878	-0.811	-0.889	-0.690	0.078	-0.274	-0.334	0.143	0.104	-0.462	-0.099	0.579	0.009
Magneto	AMB_RS13715	AMB_RS13715		hypothetical protein	0.001	1.936	0.451	-0.838	-0.696	0.232	-0.655	-1.691	-0.091	-0.253	0.399	-1.149	-2.284	0.021	-0.347	-1.143	-0.370	-0.377	-0.198	1.039	-1.636	-1.605	0.010	0.400	-2.235	-1.324	-0.530	-1.473	-2.160	-0.479	-0.280	-1.202	-1.841	-0.158	-1.580	-1.854
Magneto	AMB_RS13720	AMB_RS13720		cation acetate symporter	-0.454	2.543	-1.143	0.090	0.699	-0.451	-0.130	0.370	-0.324	-0.336	0.644	-0.667	-0.627	-0.343	0.300	-1.236	-1.159	-0.342	-0.074	0.310	-0.511	0.194	0.531	-0.181	-0.125	-0.078	0.984	0.072	0.638	0.918	-0.572	-0.048	-0.135	-0.200	-1.144	0.014
Magneto	AMB_RS13725	AMB_RS13725		DUF485 domain-containing protein	-1.620	-1.275	0.008	0.912	0.345	0.375	0.333	0.746	-0.463	0.574	-0.057	-0.882	1.757	0.656	-0.620	1.262	0.466	0.918	0.234	0.356	-0.402	1.172	-0.375	1.361	-0.977	-0.139	-0.306	-0.837	-0.155	-0.230	0.219	0.254	-1.159	0.958	-1.576	0.451
Magneto	AMB_RS13730	AMB_RS13730		hypothetical protein	-1.092	0.323	0.164	1.862	0.386	0.093	0.899	2.152	1.423	1.815	0.329	-0.293	2.032	1.991	1.752	3.352	3.157	2.754	0.963	0.357	2.121	0.925	1.335	2.838	1.489	1.064	1.540	1.467	1.669	1.471	-0.191	0.910	1.237	0.562	-0.513	-0.979
Magneto	AMB_RS13735	AMB_RS13735		Fe(2+) transporter permease subunit FeoB	0.390	2.638	0.280	-0.525	-0.806	-0.150	-0.110	-0.511	0.109	-0.628	1.455	-1.135	-0.249	-0.432	-1.641	0.511	0.761	0.302	-0.757	0.045	-0.676	0.718	-0.577	0.592	-0.174	0.481	0.751	0.938	0.355	0.977	-0.352	-0.303	0.331	-0.544	0.337	1.064
Magneto	AMB_RS13745	AMB_RS13745		class I SAM-dependent methyltransferase	0.793	0.218	1.031	0.283	0.640	0.875	0.066	0.499	0.130	-0.167	1.064	1.699	0.668	-0.184	0.769	0.889	0.992	0.334	1.626	0.972	0.212	0.048	1.164	-0.347	0.185	0.138	0.364	0.716	0.491	-0.189	-0.852	-1.356	1.537	-1.524	2.413	-0.243
Magneto	AMB_RS13750	AMB_RS13750		glucosamine-6-phosphate deaminase	0.041	0.301	0.290	-0.057	-0.434	1.984	0.339	0.836	1.286	-0.272	-3.655	0.723	0.681	0.260	-0.377	0.076	-0.747	1.162	-0.978	1.198	1.718	0.446	-0.861	0.269	-1.653	-0.803	-0.624	-0.988	-1.468	-0.619	-1.417	-1.071	-0.801	0.568	-1.026	-2.298
Magneto	AMB_RS13755	AMB_RS13755		alpha-glucosidase/alpha-galactosidase	1.333	1.358	2.250	0.839	0.095	1.669	1.300	0.286	0.016	1.220	3.264	1.088	0.629	0.867	0.067	0.260	1.721	0.110	1.372	1.967	1.689	0.918	1.015	1.086	0.553	0.636	0.596	0.623	0.826	0.644	0.797	-1.033	0.099	0.761	0.140	-0.031
Magneto	AMB_RS13765	AMB_RS13765		hypothetical protein	1.335	-0.488	-0.424	0.428	-0.884	-0.352	0.448	0.173	-0.064	-0.301	-1.350	0.134	0.063	-2.223	-0.050	-0.492	-0.538	-0.297	0.657	-0.162	0.024	-0.310	-0.582	-0.614	-3.691	-2.662	-3.616	-3.581	-3.096	-3.069	-2.394	-3.801	-3.864	-2.250	-4.881	-3.742
Magneto	AMB_RS13770	AMB_RS13770		nicotinate phosphoribosyltransferase	-0.276	-0.784	-1.051	-0.861	-1.397	-0.797	-1.629	-0.163	-0.751	-1.406	-0.847	-1.257	-2.164	-1.080	-2.007	-1.288	0.226	-0.900	-1.472	0.469	-0.789	-1.754	-0.960	-0.890	-1.161	-0.806	-0.365	-0.389	-0.501	0.040	-0.039	-1.737	-1.126	0.110	-1.092	-0.940
Magneto	AMB_RS13780	AMB_RS13780		leucyl/phenylalanyl-tRNA--protein transferase	0.047	-1.859	-0.549	1.155	0.254	0.334	1.386	-0.228	-0.498	-0.403	-0.255	-0.091	0.240	-0.984	0.253	-1.660	-1.107	-0.102	-0.241	0.531	-1.192	0.161	-0.633	0.692	-0.488	-0.113	-0.997	-0.002	-0.500	-0.091	-0.407	-1.045	-0.809	0.035	0.191	0.738
Magneto	AMB_RS13790	AMB_RS13790		EamA/RhaT family transporter	-1.330	0.039	-0.413	-0.156	-0.332	-0.437	-0.121	-0.926	0.361	0.854	0.212	-0.888	0.765	-0.612	-0.426	0.200	-0.426	-0.781	0.696	0.297	0.036	-0.132	-0.032	0.474	-0.285	0.041	-0.317	-0.281	-1.155	-0.423	2.308	-0.406	-0.454	0.168	2.253	-0.086
Magneto	AMB_RS13815	AMB_RS13815		hypothetical protein	-0.434	1.282	0.168	0.215	0.300	-0.480	-1.582	-1.247	-1.552	-0.974	-0.506	-1.039	-0.155	-0.702	-1.712	-1.123	-0.917	-1.322	-0.910	-0.704	-1.271	-0.990	-2.373	-1.487	-0.369	-0.554	-0.318	-0.254	0.028	-0.096	0.216	-0.217	0.192	-0.082	-0.174	-0.316
Magneto	AMB_RS13820	AMB_RS13820		hypothetical protein	0.131	-0.005	0.395	0.186	0.220	-0.902	-0.219	-0.127	0.362	0.584	-1.422	1.151	0.393	0.021	0.386	-0.802	0.585	0.033	0.320	-0.305	-0.854	-0.765	-0.072	0.535	-0.435	0.101	-0.346	-1.056	0.200	-0.105	0.589	0.142	-1.111	0.486	-0.145	-0.011
Magneto	AMB_RS13825	AMB_RS13825		thiol-disulfide isomerase	2.558	1.247	-0.159	0.269	-0.302	-0.813	0.257	-0.699	-0.743	-1.511	-0.494	-0.513	0.155	-1.137	-0.769	0.446	-0.702	-0.831	-0.261	-0.065	0.633	-1.133	-0.918	0.236	0.701	0.601	-0.202	0.537	-0.626	-0.314	-0.503	-0.296	2.399	0.581	0.908	0.915
Magneto	AMB_RS13830	AMB_RS13830		DUF1127 domain-containing protein	-0.005	-0.680	-0.390	-0.704	-0.293	-0.762	0.387	-0.028	0.119	-0.975	1.223	-1.033	-0.603	-0.894	-0.683	0.462	-0.005	0.239	0.105	-1.066	-0.874	-0.907	-1.089	-1.251	0.251	0.269	0.814	0.751	1.262	0.627	-0.095	0.878	0.327	2.086	-0.029	0.592
Magneto	AMB_RS13835	AMB_RS13835		RidA family protein	-0.141	0.165	-1.702	-0.415	-0.107	-0.727	-0.636	0.390	-0.201	0.086	0.053	-0.098	-1.393	0.688	-0.969	-1.051	0.255	0.502	-0.023	-0.218	0.818	-0.752	-1.767	-0.907	-1.212	-1.294	-0.845	-0.555	-0.818	0.061	0.194	-1.852	-1.682	-0.349	-1.934	-1.533
Magneto	AMB_RS13840	AMB_RS13840		sensor domain-containing diguanylate cyclase	-0.694	-1.205	-0.711	0.046	-0.274	-0.717	-1.345	-1.041	-0.529	0.524	1.262	0.288	1.247	-0.595	0.359	-1.213	-0.310	-0.394	0.828	0.824	0.743	-0.159	-0.943	0.476	0.392	0.261	-0.077	-1.561	-0.801	-1.169	1.868	0.870	1.436	1.114	0.772	1.213
Magneto	AMB_RS13845	AMB_RS13845		phenylacetic acid degradation protein PaaD	0.335	-0.805	1.066	-1.084	-0.062	-1.326	-0.465	0.339	-0.141	0.578	0.256	0.264	0.260	-0.796	0.978	0.013	0.093	0.782	0.008	0.115	-0.136	-0.190	0.694	-0.034	-0.515	-0.912	0.434	-0.118	-0.056	-0.334	-2.227	-0.012	0.377	-0.432	-0.581	-0.357
Magneto	AMB_RS13850	AMB_RS13850		3-oxoadipyl-CoA thiolase	-0.054	-0.119	1.788	0.825	2.181	2.796	1.294	1.272	1.651	2.319	1.223	0.516	1.649	0.814	2.135	1.049	1.800	1.761	0.799	0.594	1.811	0.376	1.959	1.265	1.275	2.137	2.413	1.994	1.520	1.959	1.184	1.080	1.589	1.392	1.783	2.512
Magneto	AMB_RS13855	AMB_RS13855		phenylacetate--CoA ligase	1.952	1.293	-0.511	-1.722	-1.987	-0.728	-0.399	-1.390	-0.603	-0.885	0.235	-1.229	-1.203	-0.601	-1.194	-0.457	-0.063	-1.613	-0.736	-1.032	-2.416	-0.983	-1.041	-0.958	-0.758	0.230	0.328	-0.117	0.820	0.393	-1.296	0.319	-1.145	0.153	0.818	0.625
Magneto	AMB_RS13860	AMB_RS13860		MgtC/SapB family protein	-1.063	1.003	-0.003	0.310	-0.397	-0.389	0.346	0.958	0.143	0.979	2.322	1.499	0.640	-0.466	1.305	0.697	1.000	0.933	0.753	1.006	0.022	1.200	0.705	-0.910	0.972	0.391	0.218	0.511	-0.145	0.562	0.544	0.184	-0.458	0.187	0.922	0.806
Magneto	AMB_RS13870	AMB_RS13870		DNA gyrase inhibitor	1.745	-0.475	0.638	0.822	0.483	1.343	1.090	0.689	0.814	0.941	-1.723	0.032	-0.310	-0.945	1.157	0.373	0.454	0.915	0.662	0.318	-1.102	0.410	0.670	0.974	0.453	0.048	-0.277	0.827	-0.133	-0.394	1.782	-0.778	-0.824	-1.807	0.093	-0.664
Magneto	AMB_RS13900	AMB_RS13900		efflux RND transporter periplasmic adaptor subunit	-0.538	0.052	-0.071	0.147	0.204	-0.650	-0.359	-0.948	0.202	-1.121	0.747	-0.434	-0.414	0.624	0.134	-0.101	-0.390	-0.315	-0.299	-1.129	-0.975	-0.824	-1.186	-1.124	-0.627	-2.093	-1.584	-1.640	-0.610	-0.526	0.202	-1.028	-0.903	-1.704	0.384	-1.210
Magneto	AMB_RS13905	AMB_RS13905		ABC transporter permease	0.536	-1.023	0.619	1.114	-0.655	-0.564	0.283	0.087	1.746	0.587	0.275	0.035	-0.154	-0.341	-0.079	1.381	-0.058	1.904	0.061	1.741	0.624	0.545	1.646	0.228	-1.361	-1.145	-0.528	-1.306	-0.939	-0.755	1.038	-0.720	-1.028	-1.504	-1.276	-0.627
Magneto	AMB_RS13910	AMB_RS13910		ABC transporter ATP-binding protein	-0.116	0.926	0.485	0.349	0.083	-0.790	-0.411	-0.442	-0.191	-0.091	-0.872	0.017	-0.455	-0.605	-0.200	-0.766	-0.431	-0.807	0.030	0.024	0.452	-0.286	0.201	-0.125	0.550	0.995	0.231	0.047	0.584	0.527	0.912	-0.277	-0.635	0.824	-1.169	0.372
Magneto	AMB_RS13915	AMB_RS13915		DNA-binding response regulator	-0.548	-2.775	-0.948	-1.352	-1.309	-0.532	1.126	0.001	0.329	-4.289	-1.068	-3.469	-2.360	-2.757	-0.922	0.731	1.228	0.559	-3.734	-3.394	-3.115	-1.189	-0.187	-1.299	-1.655	-2.246	-1.468	0.113	-0.077	-0.328	-4.608	-4.181	-5.099	0.016	-0.417	1.425
Magneto	AMB_RS13920	AMB_RS13920		molybdopterin-guanine dinucleotide biosynthesis protein B	-0.330	-1.316	-0.348	-1.226	-1.300	-2.101	-2.297	-2.547	-2.416	3.561	1.963	4.038	-2.163	-2.166	-1.197	-1.907	-2.481	-0.654	1.830	2.147	2.236	-0.383	-1.160	-1.725	-1.767	-1.937	-1.785	-1.300	-1.884	-1.106	2.540	1.660	0.207	0.472	0.663	-0.796
Magneto	AMB_RS13925	AMB_RS13925		methyl-accepting chemotaxis protein	0.331	1.552	0.290	1.008	-0.390	1.926	2.298	1.995	0.481	1.946	2.552	0.618	1.390	1.870	1.243	0.824	1.016	1.101	0.311	1.187	0.863	1.144	0.423	0.569	-0.676	-0.144	0.218	-0.008	-0.678	-0.273	0.247	-0.800	0.353	0.080	-0.432	0.656
Magneto	AMB_RS13930	AMB_RS13930		RNase J family beta-CASP ribonuclease	2.198	-0.943	0.650	-0.337	-1.058	1.052	0.943	-0.676	0.650	-0.424	0.152	0.702	0.334	-1.205	0.484	1.648	0.910	0.917	-0.916	1.114	0.455	0.344	0.305	-0.704	-1.243	0.082	-1.432	-1.123	-0.976	-0.609	0.829	-0.405	-1.380	-0.090	0.693	-0.621
Magneto	AMB_RS14025	AMB_RS14025		tRNA-Val	0.760	-0.711	-1.382	-1.738	-0.378	-1.165	-0.705	-0.661	-1.283	-1.292	-1.627	-0.211	-0.998	-1.735	-0.817	-0.815	-0.984	-0.697	-1.132	0.584	-1.790	-0.689	0.492	-1.523	0.652	1.239	0.499	0.656	0.483	0.537	0.319	-0.459	0.083	0.296	-0.050	-0.854
Magneto	AMB_RS14035	AMB_RS14035		endopeptidase La	-2.207	-5.351	-4.841	-4.172	-3.870	-5.595	-3.112	-5.152	-4.519	-6.816	-2.073	-6.555	-4.965	-5.761	-4.564	-4.622	-5.104	-4.112	-4.472	-5.835	-4.497	-4.042	-4.807	-6.728	-4.910	-6.867	-6.456	-5.749	-6.784	-5.319	-4.973	-6.066	-6.217	-4.487	-5.931	-5.737
Magneto	AMB_RS14060	AMB_RS14060		methyl-accepting chemotaxis protein	0.160	-1.497	-0.931	0.180	0.314	-0.883	-0.371	-0.714	-1.265	-0.068	-1.831	-0.267	-1.021	-0.819	-0.471	-0.880	-1.412	-1.027	-0.588	-1.027	-1.208	-0.486	-0.990	-0.864	-0.627	-0.439	-0.489	-0.535	-0.596	-0.461	0.472	-1.087	-0.901	-1.501	-1.209	-0.872
Magneto	AMB_RS14065	AMB_RS14065		HTH domain-containing protein	1.351	1.387	0.375	-0.077	-0.115	1.035	-0.689	0.610	0.688	0.536	0.291	-0.305	0.802	-0.714	0.149	-0.402	0.762	0.365	-1.264	0.720	0.353	0.672	0.700	-0.132	-0.602	-0.414	-0.871	-0.246	0.076	-0.128	-0.891	-0.614	0.611	-0.378	-0.673	-1.050
Magneto	AMB_RS14070	AMB_RS14070		malonyl-CoA decarboxylase	-2.054	-1.035	-0.070	0.618	0.475	-0.033	-0.650	0.141	0.724	0.833	-0.672	0.544	1.083	1.158	0.754	0.567	0.414	3.091	0.079	0.731	0.921	0.087	1.001	0.591	-0.484	-0.587	-1.093	-0.410	-0.948	-0.989	1.331	-1.356	-0.051	-0.122	-0.641	0.146
Magneto	AMB_RS14075	AMB_RS14075		bifunctional ADP-dependent NAD(P)H-hydrate dehydratase/NAD(P)H-hydrate epimerase	-1.397	-0.496	0.697	-1.666	-0.686	-1.278	0.027	0.591	0.168	-0.413	-0.709	0.001	1.205	-1.410	0.849	-1.162	0.211	1.223	-0.237	-1.849	-2.269	-1.608	-0.437	-0.854	0.290	0.245	0.554	0.721	-0.592	0.264	0.407	1.678	0.250	0.624	2.687	0.079
Magneto	AMB_RS14085	AMB_RS14085		hemerythrin-like protein	1.265	0.614	-0.408	0.077	1.136	1.062	0.248	-0.122	1.295	-0.793	1.191	0.214	-0.130	-0.537	-0.621	-0.399	-0.891	-1.771	-0.502	-0.505	1.117	1.052	-0.571	-0.033	-0.460	-1.554	-0.529	-0.841	-0.955	-0.858	0.538	-0.362	-0.998	-1.111	0.584	-1.162
Magneto	AMB_RS14090	AMB_RS14090		two-component sensor histidine kinase	-2.185	-1.382	0.331	-0.995	0.079	-0.059	-0.212	1.222	0.882	0.037	-1.846	1.864	-0.263	0.011	-0.148	0.155	0.232	0.902	0.747	-0.044	-0.539	0.597	-0.611	0.868	-1.769	-0.209	-1.250	-0.988	-1.270	-0.709	-1.394	-0.727	-1.366	-1.256	0.602	-1.439
Magneto	AMB_RS14095	AMB_RS14095		DUF4131 domain-containing protein	-0.799	-0.060	-0.262	-0.818	0.146	0.433	-1.601	-2.049	-0.061	0.235	-2.162	0.640	0.606	-0.948	0.561	0.221	-0.576	0.150	0.362	-0.341	-0.309	-0.510	-0.168	0.208	-2.996	-1.071	-1.200	-1.665	-1.191	-2.009	-0.717	-0.498	-2.265	-2.357	-0.147	-1.121
Magneto	AMB_RS14110	AMB_RS14110		cyclic nucleotide-binding domain-containing protein	-0.374	-0.255	-0.176	-0.269	-0.185	-0.280	-0.024	0.009	0.126	0.086	-0.644	-0.229	-0.447	0.448	-0.862	0.382	0.038	-0.041	-0.362	-0.328	-1.319	-0.099	-0.120	-1.105	-0.277	-0.551	-0.572	0.281	0.210	0.179	-0.752	0.304	0.547	-0.338	-0.088	-0.686
Magneto	AMB_RS14120	AMB_RS14120		EamA family transporter	0.014	0.198	1.280	-0.385	0.591	-0.010	1.449	1.526	0.223	0.634	0.667	-0.420	0.567	1.704	1.815	0.183	1.517	-0.344	0.798	0.302	0.222	-0.121	0.257	0.477	-1.419	-1.636	-1.246	-0.847	-2.094	-0.638	-0.945	-0.262	0.158	0.559	-1.551	-0.723
Magneto	AMB_RS14125	AMB_RS14125		carbon monoxide dehydrogenase	-0.637	-0.627	0.898	0.669	0.725	1.028	0.880	-0.690	0.995	0.335	0.230	0.114	0.006	0.987	0.311	-0.984	-0.351	0.527	1.067	-0.794	0.116	0.758	0.373	0.750	0.921	-0.289	0.941	-1.001	-0.254	0.143	0.543	2.402	0.774	0.377	0.860	0.632
Magneto	AMB_RS14130	AMB_RS14130		TetR/AcrR family transcriptional regulator	1.323	-0.110	-0.073	-1.050	-0.037	0.376	-0.135	-0.697	-0.365	-0.091	-1.078	-1.253	-0.556	0.366	-0.575	-0.073	0.407	-0.994	0.905	-0.937	0.961	-0.329	-0.082	0.914	0.276	0.872	0.261	-0.823	-0.291	-0.351	-0.591	-0.907	-0.264	0.864	0.808	-0.660
Magneto	AMB_RS14135	AMB_RS14135		hypothetical protein	1.257	-0.865	-0.305	-0.048	-0.360	0.482	0.410	0.616	0.609	0.297	0.524	0.305	1.155	0.949	0.422	1.112	0.382	1.496	0.177	1.173	-0.902	0.858	0.502	0.638	1.022	1.362	0.677	0.458	0.198	1.226	0.890	0.580	-0.199	-0.122	0.124	-0.726
Magneto	AMB_RS14140	AMB_RS14140		hypothetical protein	2.844	-1.238	-1.301	-3.059	-1.679	-0.996	-0.121	0.088	-0.666	-1.163	0.024	0.464	-1.020	0.027	-0.752	-0.565	-0.293	0.370	-1.246	-0.186	-2.462	-1.147	-0.544	-0.710	2.163	1.156	1.346	1.250	1.079	1.338	0.198	0.829	0.076	0.280	-0.944	-0.722
Magneto	AMB_RS14150	AMB_RS14150		hypothetical protein	-0.092	-1.684	-0.612	-0.788	-0.104	-0.062	-1.999	-2.904	-2.256	-0.861	-0.932	-1.179	-0.582	-0.982	-1.551	-0.805	-0.914	-0.821	-0.651	-0.525	-1.604	-0.696	-0.397	-0.742	0.566	0.643	0.236	0.554	-0.169	0.899	0.265	-0.097	0.061	-1.209	0.276	0.466
Magneto	AMB_RS14160	AMB_RS14160		RNA polymerase sigma factor	1.322	1.885	2.033	2.096	1.702	1.904	1.424	2.150	0.882	1.907	0.730	1.633	2.325	1.433	1.943	1.887	1.693	2.523	1.295	1.247	1.441	2.314	1.951	0.941	-1.300	0.142	-0.287	0.057	-0.325	-0.422	-1.294	0.812	-0.005	-0.324	-0.415	0.252
Magneto	AMB_RS14170	AMB_RS14170		suppressor protein SRP40	0.566	-1.620	0.249	0.139	0.203	0.388	0.223	-0.242	-0.359	0.686	0.668	-0.756	-0.683	0.215	0.555	-0.819	0.161	-0.445	-0.916	1.396	-0.217	-0.844	0.081	-0.127	0.859	0.868	1.854	1.222	1.034	0.842	-0.125	1.407	3.314	1.166	1.852	0.653
Magneto	AMB_RS14175	AMB_RS14175		COQ9 family protein	-0.432	0.028	-0.988	-2.798	-2.380	-1.938	-1.865	-2.398	-0.424	-1.628	-0.976	-0.301	-1.370	-1.414	-1.758	-2.598	-1.413	-2.334	-0.836	-2.092	-2.053	-0.930	-3.194	-1.735	-1.259	-1.933	-2.414	-2.705	-2.233	-2.625	-1.291	-1.941	-1.402	-1.239	-1.036	-2.185
Magneto	AMB_RS14185	AMB_RS14185		HAMP domain-containing protein	-0.169	0.572	-1.257	-1.224	-0.997	-0.271	-0.790	-0.496	-0.775	-0.759	-0.994	-1.821	-0.704	-1.362	-0.909	-1.131	-0.319	-0.226	-1.941	-0.534	-1.510	-1.202	-1.076	-0.328	-1.947	-2.496	-2.010	-2.447	-2.022	-1.733	-3.701	-0.771	-0.068	-1.703	-1.273	-2.275
Magneto	AMB_RS14190	AMB_RS14190		cytochrome C biogenesis protein CcsA	-0.520	1.262	-1.637	-1.705	0.110	-0.122	-0.561	-1.464	0.031	-0.609	-0.011	0.972	0.375	-1.352	-0.386	-0.181	-0.878	-0.703	-0.593	0.639	0.682	-0.625	-0.266	-0.200	-1.790	-1.724	-1.891	-2.679	-3.468	-2.432	-1.929	-3.443	-2.752	-1.243	-1.803	-2.338
Magneto	AMB_RS14195	AMB_RS14195		NAD(P)(+) transhydrogenase (Re/Si-specific) subunit beta	-3.115	-1.160	-2.016	-0.531	-1.524	0.230	-0.546	-0.559	0.211	-1.405	-1.417	-0.534	1.403	-0.161	-0.082	0.777	-0.072	0.005	-0.982	0.568	0.051	-0.473	-2.342	-0.489	-2.151	-1.183	-2.529	-1.614	-3.512	-1.614	-2.067	0.184	-0.523	-1.728	-2.930	-1.717
Magneto	AMB_RS14200	AMB_RS14200		NAD(P)(+) transhydrogenase (Re/Si-specific) subunit alpha	-0.843	-4.796	0.182	-0.048	0.386	0.813	-1.960	0.806	0.599	-0.015	-1.577	0.306	0.646	1.052	1.332	1.340	1.835	0.403	0.403	-1.012	0.312	0.476	0.181	1.303	0.103	-1.528	-0.326	-0.426	-0.605	0.161	-0.639	-0.755	0.024	-1.942	-0.042	-1.357
Magneto	AMB_RS14205	AMB_RS14205		DUF3108 domain-containing protein	-1.868	1.221	-1.308	-0.698	-0.239	-0.741	-1.321	-0.889	-0.286	0.932	-0.695	-0.847	-0.772	0.184	-0.348	-2.258	-0.099	0.819	-0.426	-0.853	-1.988	-0.165	-2.165	0.420	-0.118	-0.612	-0.412	-0.213	0.487	0.447	0.541	-1.199	0.411	2.354	0.680	0.872
Magneto	AMB_RS14210	AMB_RS14210		methyl-accepting chemotaxis protein	-0.724	-0.632	-0.961	-0.507	0.197	-0.197	0.838	-0.164	-0.738	-0.576	-0.418	0.329	-0.612	-0.730	-1.043	-0.308	-0.224	-0.310	-0.686	-1.276	-1.430	-0.775	-0.520	0.152	0.371	-0.217	0.735	-0.090	0.015	-0.554	2.041	0.351	1.244	-0.284	1.951	0.931
Magneto	AMB_RS14215	AMB_RS14215		FAA hydrolase family protein	-0.587	0.109	-0.129	-0.033	0.560	0.351	0.316	-0.013	0.198	0.353	0.366	-0.714	-0.051	-0.045	0.402	-0.705	1.241	-0.414	-0.262	-0.700	-0.741	-0.415	-0.489	0.506	-0.541	-0.411	-1.551	-0.371	-0.723	-1.160	-0.205	-0.335	-0.020	-1.538	-1.028	-1.079
Magneto	AMB_RS14220	AMB_RS14220		oligoendopeptidase F	0.176	-0.370	-0.077	0.038	-0.269	-0.057	-0.450	-0.196	-0.063	0.051	-1.264	-0.865	0.110	0.773	0.281	-0.164	0.341	-0.395	0.121	1.493	-0.618	-0.929	-1.483	-0.226	0.934	-0.240	0.471	0.147	0.353	-0.124	-0.544	-0.138	-0.190	0.157	-0.431	0.235
Magneto	AMB_RS14225	AMB_RS14225		AMP-dependent synthetase	0.605	0.307	-0.360	0.155	-0.373	1.612	0.268	-0.130	-0.296	0.006	0.092	0.949	-0.272	-0.719	0.060	-0.678	0.535	0.731	0.054	0.029	1.630	-0.649	-0.315	0.008	0.444	2.028	0.717	1.096	0.809	0.351	0.615	1.836	1.210	1.247	2.279	0.593
Magneto	AMB_RS14230	AMB_RS14230		response regulator	-0.548	-0.765	1.689	0.367	1.272	-0.654	0.455	-0.680	0.128	1.106	0.723	0.724	1.548	1.339	0.441	-0.512	-0.384	-0.490	1.121	1.390	0.666	1.314	0.225	0.652	-1.036	-1.131	-1.252	-1.414	-1.426	-1.273	-1.912	-1.577	0.718	-0.581	-2.132	-2.403
Magneto	AMB_RS14235	AMB_RS14235		GGDEF domain-containing response regulator	3.034	-1.043	-1.172	-0.446	-1.153	-0.855	0.223	-0.406	0.191	-1.304	-0.150	0.030	-1.330	-1.700	-0.259	0.714	-0.400	-0.055	0.260	-1.154	-0.124	0.287	-0.143	-0.442	0.392	0.423	0.191	0.919	1.166	0.634	-0.703	0.173	0.543	-0.315	1.647	-0.236
Magneto	AMB_RS14240	AMB_RS14240		hypothetical protein	-0.042	-1.966	-1.005	0.760	-0.206	-0.825	-1.210	-0.423	-1.927	-0.489	-0.268	-1.225	-0.194	-1.097	-1.260	-0.891	-1.020	-1.098	-0.253	-0.585	-1.179	-2.057	-1.835	-2.399	-0.525	-1.194	-0.249	-0.187	0.283	-0.925	0.148	-0.791	-1.114	0.783	-0.017	0.506
Magneto	AMB_RS14245	AMB_RS14245		DUF1849 domain-containing protein	0.870	-0.171	-1.049	-0.787	-0.301	-0.956	0.536	-1.000	-0.180	0.368	0.358	-0.122	-0.213	-0.971	-0.490	-0.054	-0.757	-0.852	-0.077	-0.013	0.266	0.449	0.280	-0.012	0.015	0.017	0.016	0.014	0.025	0.017	0.040	0.038	0.029	0.046	0.060	0.044
Magneto	AMB_RS14255	AMB_RS14255		hypothetical protein	0.968	0.591	1.807	-0.295	-0.263	0.665	-0.712	0.234	0.094	-1.499	-0.928	-0.489	-0.204	0.045	-1.229	0.324	-0.556	-0.800	-0.544	-0.616	-1.551	-0.169	-0.456	-0.998	-1.041	0.034	-0.159	-1.148	-1.146	-1.362	-0.416	-0.684	-1.571	-0.127	-0.783	-1.690
Magneto	AMB_RS14260	AMB_RS14260		hypothetical protein	0.398	-0.404	0.201	0.683	0.192	1.386	0.334	0.843	0.857	-0.238	-0.640	0.711	0.423	0.089	1.599	1.050	0.163	0.645	0.540	1.386	0.173	0.535	0.473	0.641	-0.516	0.725	-0.705	0.211	-0.087	0.060	0.789	-0.881	-0.039	-0.948	-0.050	0.170
Magneto	AMB_RS14270	AMB_RS14270		response regulator	0.525	0.630	-2.495	-1.358	-1.226	-2.520	-1.246	-1.115	-1.589	-0.785	-0.564	-2.659	-0.718	-2.077	-0.566	-1.560	-0.546	-0.512	-1.587	-1.115	-0.088	-1.749	-1.454	-1.420	-0.508	0.057	-0.022	-0.686	0.050	-0.502	0.654	1.408	0.366	0.367	0.557	0.506
Magneto	AMB_RS14290	AMB_RS14290		exopolyphosphatase	-0.293	-4.079	-1.390	-1.785	-2.470	-2.182	-1.849	-1.795	-1.991	-3.301	-3.303	-3.006	-2.565	-2.460	-2.373	-0.475	-1.873	-2.341	-5.174	-1.751	-3.404	-1.955	-0.961	-1.258	-0.416	-1.141	-1.859	-0.570	-1.702	-1.279	-0.238	-2.132	-2.888	-1.464	-2.013	-0.914
Magneto	AMB_RS14295	AMB_RS14295		RNA degradosome polyphosphate kinase	-0.911	-1.131	0.797	-2.130	-0.577	0.640	0.363	1.089	-0.019	-2.109	-1.594	-2.154	0.448	-0.185	0.754	-0.461	0.738	1.355	-1.320	-1.206	-1.695	1.214	1.953	1.484	1.520	-0.191	-1.050	0.961	0.471	0.894	0.842	0.445	-0.836	-0.529	-0.330	-0.020
Magneto	AMB_RS14300	AMB_RS14300		histidine phosphatase family protein	-0.235	-0.063	0.094	0.860	0.781	1.150	-0.624	-0.114	0.055	1.721	0.670	1.274	1.890	-0.286	1.665	0.261	0.292	-0.035	0.937	0.883	1.112	0.557	0.171	-0.147	-0.127	0.781	1.262	0.618	1.124	0.100	0.911	2.487	2.744	2.566	2.158	2.288
Magneto	AMB_RS14305	AMB_RS14305		tetratricopeptide repeat protein	2.359	-0.311	0.630	1.109	0.912	0.363	0.686	0.722	1.834	1.279	0.024	1.078	0.994	1.082	1.008	0.443	1.451	0.581	0.655	0.050	0.515	0.956	0.773	0.968	1.262	1.547	0.922	0.789	0.985	0.616	1.484	-0.231	1.655	-0.153	1.027	1.877
Magneto	AMB_RS14310	AMB_RS14310		KR domain-containing protein	-0.776	-0.732	0.217	1.102	-0.068	-0.173	1.171	-0.332	0.947	-0.357	-0.224	0.438	0.034	1.239	-0.660	0.492	-0.479	-0.413	0.135	1.105	0.103	0.916	1.616	0.180	-0.063	-0.389	0.163	0.688	-0.201	0.330	-0.194	-0.112	-0.228	0.610	0.464	-0.146
Magneto	AMB_RS14325	AMB_RS14325		DUF2066 domain-containing protein	0.031	-0.872	-0.717	1.248	0.049	-0.254	0.028	0.375	-0.943	0.902	0.901	0.298	1.037	-0.970	-0.094	0.898	0.379	-0.492	-0.052	1.061	0.340	0.309	0.313	-0.086	-0.248	-0.575	-0.650	-0.397	-0.329	-0.435	-0.357	-0.243	-1.744	0.070	-0.690	-0.087
Magneto	AMB_RS14345	AMB_RS14345		adenine phosphoribosyltransferase	-0.147	-2.371	-0.438	-2.070	-0.285	-1.738	-0.826	-0.268	-0.142	-1.980	-2.873	-1.541	-0.891	-0.576	-1.125	-0.251	-0.484	0.205	-1.907	0.278	-0.704	-0.248	-0.640	-1.069	1.134	2.161	0.785	1.056	1.831	2.120	-1.189	-1.291	-2.835	-0.188	-0.519	-1.584
Magneto	AMB_RS14350	AMB_RS14350		PAS domain S-box protein	0.162	-0.773	0.527	-0.305	-0.357	-0.614	0.370	-0.482	-0.499	0.037	-0.143	0.434	0.354	-0.878	-0.429	-0.386	-0.341	-0.756	-0.578	1.093	0.034	-0.070	0.177	0.222	-0.128	1.706	1.708	1.845	1.754	1.600	1.235	0.435	1.072	1.185	0.748	-0.161
Magneto	AMB_RS14355	AMB_RS14355		CoA-binding protein	-0.098	-1.051	0.244	0.033	0.272	-0.387	1.248	-0.219	-0.065	0.522	0.617	-0.455	0.426	0.192	-1.034	-0.252	-0.548	-0.479	1.240	-1.425	0.271	-0.113	0.068	0.630	0.648	0.307	-0.269	0.797	-0.209	1.189	-0.167	-0.838	0.839	1.156	0.856	0.464
Magneto	AMB_RS14360	AMB_RS14360		glutamate decarboxylase-like PLP-dependent protein	-0.707	0.007	0.400	0.019	-0.427	-0.035	0.113	0.704	-0.159	-0.430	-0.074	-0.096	-0.069	0.306	0.357	0.890	-0.827	1.417	0.030	-0.746	0.410	-0.308	-0.404	-0.291	1.332	0.952	0.347	0.014	0.039	0.619	0.275	0.205	1.325	0.447	1.230	-0.024
Magneto	AMB_RS14365	AMB_RS14365		hypothetical protein	2.347	0.950	0.076	0.009	0.422	0.182	0.284	0.440	0.526	0.825	-0.030	-0.155	-0.057	-0.707	0.150	-0.339	-0.249	0.475	-0.314	-0.352	-0.134	-0.615	-0.645	-0.128	0.202	0.217	0.412	0.280	1.216	0.335	0.956	0.639	-0.300	0.834	0.627	-0.417
Magneto	AMB_RS14370	AMB_RS14370		hypothetical protein	0.208	0.211	0.570	0.286	0.573	1.366	1.150	0.362	0.386	0.201	-0.209	1.652	0.970	1.216	0.740	1.197	1.862	1.383	1.526	0.299	0.944	0.223	0.561	1.056	0.943	1.605	2.059	0.245	1.518	2.058	1.025	2.859	0.403	1.703	0.365	0.971
Magneto	AMB_RS14375	AMB_RS14375		flagellar capping protein	-0.056	-0.606	1.495	0.843	0.038	0.559	0.369	-0.116	-0.080	0.820	0.775	-0.568	0.127	0.148	0.495	0.375	1.002	-0.431	1.377	0.926	-0.326	1.438	0.715	0.045	0.374	-0.240	1.042	0.273	0.427	-0.547	2.116	0.234	-0.520	1.264	0.742	1.049
Magneto	AMB_RS14400	AMB_RS14400		hypothetical protein	-0.668	-0.408	-0.060	-0.314	0.141	0.049	-0.131	-0.069	-0.276	0.966	-0.310	-1.180	0.562	-0.352	-0.039	0.532	-0.356	0.461	-0.412	1.317	0.884	-0.018	0.099	0.584	-0.207	-0.153	0.236	-0.831	-0.128	-0.268	0.392	-1.036	-0.368	-1.334	-1.053	-0.895
Magneto	AMB_RS14425	AMB_RS14425		molybdopterin molybdenumtransferase MoeA	-0.465	-0.217	-0.470	-0.806	-0.911	-0.538	-1.336	-0.977	-1.011	2.330	0.794	2.621	-0.984	-0.453	-0.297	-0.129	-0.256	-0.849	2.238	2.927	0.672	-2.310	-1.326	-1.199	0.280	0.892	0.999	0.833	1.332	0.789	2.409	1.738	3.341	1.022	-0.025	-0.210
Magneto	AMB_RS14430	AMB_RS14430		LexA repressor	-0.086	-0.128	-0.010	-1.830	-0.331	-0.517	0.525	0.668	0.063	-2.999	-1.209	-2.017	-0.540	-0.025	0.787	0.611	0.922	1.338	-0.595	-1.023	-0.608	0.245	0.460	1.605	-0.203	-0.168	-0.769	0.015	-0.295	-0.304	-0.743	-1.423	-1.223	-0.350	-1.109	-1.302
Magneto	AMB_RS14440	AMB_RS14440		hypothetical protein	-0.977	-0.350	0.506	-0.584	0.824	0.682	-0.102	0.758	0.494	0.143	0.874	0.048	0.540	1.333	0.431	0.364	0.872	0.497	-0.371	0.384	-0.222	0.544	0.110	1.383	-1.240	-1.634	-1.091	-0.805	-0.806	-1.077	-0.954	-1.471	-0.670	-0.158	0.371	-1.271
Magneto	AMB_RS14445	AMB_RS14445		benzoate-CoA ligase family protein	-0.342	0.160	-0.521	0.434	-0.334	0.637	0.762	0.939	0.222	0.782	-0.348	1.251	1.062	0.207	-0.070	-0.720	1.258	0.880	0.068	1.082	-0.205	0.739	0.086	-0.129	-0.314	0.182	0.018	-0.121	-0.392	-0.380	0.067	-1.086	-0.467	1.438	0.357	-2.034
Magneto	AMB_RS14450	AMB_RS14450		ABC transporter ATP-binding protein	-0.827	-0.857	1.999	-0.111	0.173	-0.511	-1.710	-0.272	0.201	-0.824	-0.227	0.504	0.405	0.707	-0.253	-1.021	0.340	-0.401	0.103	-0.144	-1.368	1.098	0.807	1.250	0.642	1.703	0.270	0.233	0.655	-0.606	-0.092	-0.988	1.179	-0.083	-0.184	0.226
Magneto	AMB_RS14455	AMB_RS14455		ABC transporter ATP-binding protein	-0.072	-0.645	0.062	-1.544	0.055	0.491	-0.952	0.377	1.109	0.021	0.826	0.161	-0.193	-1.089	0.347	0.760	0.085	-0.787	-0.680	-0.638	-0.499	1.197	1.149	-0.784	-2.031	0.104	-1.727	-1.436	-1.413	-0.876	-0.032	-1.031	-1.404	-0.198	-0.490	-0.554
Magneto	AMB_RS14460	AMB_RS14460		branched-chain amino acid ABC transporter permease	-0.091	0.335	0.172	0.902	1.142	0.035	1.228	1.464	0.641	0.827	-0.385	1.544	1.303	1.101	0.772	1.631	0.897	0.480	-0.101	0.096	0.920	0.814	0.350	-0.170	0.921	0.527	0.738	0.725	0.460	-0.192	1.655	1.467	0.132	-0.346	0.913	-0.405
Magneto	AMB_RS14465	AMB_RS14465		branched-chain amino acid ABC transporter permease	-0.348	1.286	0.565	-0.111	-0.280	-0.497	-0.531	-0.949	-1.495	0.200	0.270	1.111	-0.249	0.461	-0.207	-0.905	-0.869	-0.484	0.743	1.152	0.281	-0.177	0.279	0.448	-0.053	-1.327	-0.711	-1.772	-1.364	-1.396	-0.607	0.615	0.277	0.354	0.054	0.866
Magneto	AMB_RS14470	AMB_RS14470		ABC transporter permease	-0.200	-0.555	0.013	-0.752	0.231	1.274	0.807	-1.014	0.371	1.072	-1.551	0.478	0.686	0.609	0.402	-0.516	0.789	0.624	-0.484	-0.679	0.729	0.190	-0.623	0.596	0.462	1.493	2.294	0.853	0.551	1.462	0.455	0.491	-0.147	-1.124	2.708	1.901
Magneto	AMB_RS14475	AMB_RS14475		FAA hydrolase family protein	-2.804	1.567	-0.727	-1.651	-1.709	0.051	-0.593	-0.760	-1.167	0.354	0.074	-0.005	-1.712	-1.095	-0.762	-0.946	-0.286	-0.572	0.438	0.767	0.382	-0.351	0.154	-0.439	-1.448	-1.225	-0.150	-0.021	-0.780	-0.613	-1.697	-1.719	-0.774	-1.859	-0.692	-0.909
Magneto	AMB_RS14480	AMB_RS14480		two-component sensor histidine kinase	-0.667	-0.993	-0.814	0.142	0.581	-0.405	-0.383	0.616	-0.645	-0.222	-0.675	0.716	-0.487	-0.512	0.427	-0.426	0.155	0.775	-0.068	-0.624	-0.194	0.585	0.012	-0.040	0.723	1.260	1.441	0.941	1.619	1.054	2.213	0.334	2.082	1.225	1.057	1.394
Magneto	AMB_RS14485	AMB_RS14485		hypothetical protein	0.618	-0.745	0.074	-0.324	-0.158	-0.113	-0.620	0.051	0.141	0.797	2.080	1.966	-0.568	0.110	0.547	0.596	0.075	0.342	1.143	0.930	0.728	1.600	0.460	0.427	0.110	-0.352	0.008	-1.362	0.037	-0.994	1.274	1.613	0.439	0.853	1.833	1.480
Magneto	AMB_RS14495	AMB_RS14495		aminotransferase class V-fold PLP-dependent enzyme	0.279	-0.741	-1.312	-0.994	0.314	0.108	-0.732	-0.344	-0.441	-1.585	0.375	-1.143	-1.217	-0.422	-0.738	-1.089	-0.410	-0.988	0.020	-1.998	-1.520	-0.846	-1.557	-2.178	12.372	10.205	12.446	12.594	12.735	11.329	-4.683	-8.072	-10.559	-6.688	-4.572	-3.027
Magneto	AMB_RS14505	AMB_RS14505		carbon monoxide dehydrogenase	0.410	0.044	-0.995	-1.337	-0.609	-0.230	-0.579	-0.419	-0.460	-1.533	-0.138	-2.409	-0.782	-2.280	-0.634	-0.634	-0.341	-0.586	-1.224	-1.632	-0.308	-1.534	0.049	-1.148	1.260	2.727	1.999	2.233	3.668	2.817	-2.186	-3.815	-1.392	-0.640	-0.700	-2.403
Magneto	AMB_RS14515	AMB_RS14515		DUF4065 domain-containing protein	2.569	-0.862	-1.355	-0.941	-0.277	-0.605	0.512	-0.744	-0.101	-1.476	-0.419	-0.080	-0.432	-1.167	-1.857	-0.397	-0.118	-1.600	-0.822	0.024	0.312	-0.759	0.627	-0.642	-1.420	-0.668	-1.106	-0.208	-1.120	-0.949	0.969	0.949	-0.312	-0.848	-1.323	0.124
Magneto	AMB_RS14520	AMB_RS14520		1,4-beta-N-acetylmuramidase	0.901	-1.861	0.181	1.147	0.032	0.503	0.919	-0.678	-1.296	0.372	-1.960	0.070	0.216	0.865	0.753	-0.714	-0.141	0.517	0.190	1.045	-0.051	0.404	-0.186	-0.548	-2.054	-1.024	-2.962	-1.066	-1.136	-1.530	-1.023	-0.371	-0.616	-1.792	-1.630	-0.834
Magneto	AMB_RS14525	AMB_RS14525		xylanase/chitin deacetylase	-0.167	-0.607	-0.866	-0.590	-1.283	-0.445	-1.339	-0.558	-0.236	-0.592	1.115	-0.047	0.109	-0.772	-0.930	-0.804	-0.186	-0.647	-1.212	-0.647	-0.485	-0.566	-0.535	-0.733	0.776	0.558	0.137	1.225	0.265	0.629	-0.253	-0.131	0.120	0.161	0.102	1.198
Magneto	AMB_RS14530	AMB_RS14530		acyl dehydratase	-0.317	-1.993	-0.509	0.544	-0.659	0.516	-1.324	-0.053	0.433	1.225	-0.318	-1.078	-0.904	0.521	0.220	-0.582	0.178	-0.241	0.954	-1.467	-0.244	0.014	-0.100	0.648	2.175	-0.051	-0.505	0.986	0.658	1.856	1.883	0.850	-0.515	1.610	0.226	-0.540
Magneto	AMB_RS14535	AMB_RS14535		MFS transporter	1.122	1.065	-1.882	0.069	-0.399	0.020	-0.482	-1.138	0.111	0.903	-0.034	-0.497	0.896	-0.060	0.212	-1.889	-0.922	-0.829	0.227	-0.607	0.172	-0.112	-0.765	0.132	0.487	0.790	0.788	0.521	-0.158	0.170	-0.964	-0.493	-1.985	0.160	-0.172	1.110
Magneto	AMB_RS14540	AMB_RS14540		TetR/AcrR family transcriptional regulator	1.815	-1.247	-0.007	0.116	0.453	-1.614	0.159	0.265	-1.061	-0.086	0.561	-0.545	-0.680	-0.319	0.243	1.133	2.199	0.624	-0.807	-1.057	0.588	-0.916	0.508	-0.712	-0.800	0.588	-1.065	0.647	0.737	1.263	-0.797	0.357	-0.446	-0.651	-1.159	0.460
Magneto	AMB_RS14545	AMB_RS14545		NADH:flavin oxidoreductase/NADH oxidase	0.663	0.204	0.880	1.082	0.489	0.602	-0.512	0.138	-0.301	0.756	1.388	2.112	0.018	0.318	0.297	0.186	0.295	-0.240	-0.028	2.392	0.962	-0.149	0.823	-1.087	0.841	0.456	-0.450	0.014	0.108	-0.692	0.612	-1.699	1.325	0.142	-0.056	0.949
Magneto	AMB_RS14550	AMB_RS14550		C4-dicarboxylate transporter DctA	-0.399	4.932	5.889	2.542	3.448	3.151	2.598	4.299	4.322	-0.415	0.074	-1.000	5.078	4.346	3.127	4.475	5.091	4.267	-0.264	-0.739	-0.505	6.673	5.643	6.562	-0.915	-0.567	-0.583	-0.578	-0.483	-0.685	-1.082	-0.892	-1.032	0.385	1.225	0.200
Magneto	AMB_RS14555	AMB_RS14555		MFS transporter	-2.395	-1.560	0.509	-1.154	-0.818	0.785	0.392	0.429	0.448	-0.325	-1.094	-1.102	-0.498	0.742	-0.653	-0.382	-0.131	0.200	-0.943	-1.565	-0.832	-1.860	-0.386	-0.797	0.353	-0.619	-0.839	-0.206	0.064	-0.125	-1.060	0.053	0.103	0.017	-0.444	-0.110
Magneto	AMB_RS14560	AMB_RS14560		hypothetical protein	0.420	-0.676	0.468	1.446	1.117	1.089	0.754	-0.160	-0.198	0.466	2.435	0.847	0.155	0.291	1.295	-0.502	-0.661	-1.227	0.738	0.144	1.283	1.492	0.301	0.151	-0.749	-0.684	-0.675	-0.641	-0.033	-0.233	-0.623	-0.538	0.192	0.161	-0.055	1.128
Magneto	AMB_RS14565	AMB_RS14565		sensor histidine kinase	-0.585	-0.492	-1.270	-2.658	-0.201	-2.100	-0.246	-1.457	-0.541	-1.994	0.649	0.030	-2.115	-0.344	-1.211	-2.229	-2.217	-0.906	-0.359	-2.327	0.589	-1.599	-1.077	-1.361	-1.999	-1.925	-1.799	-1.710	-2.152	-1.776	-1.626	-2.263	-2.141	-0.782	-1.956	-3.003
Magneto	AMB_RS14575	AMB_RS14575		Hsp20/alpha crystallin family protein	-0.157	0.351	-0.939	-0.283	-1.074	-0.520	0.033	-0.868	0.197	-0.846	-0.106	-1.845	-0.301	-1.008	-0.662	-0.517	-0.450	-0.493	-0.766	-1.643	-0.499	-0.406	-0.921	-0.734	-1.458	-0.241	-1.127	-0.313	-0.878	-0.008	-0.897	-0.214	-1.151	-1.075	-1.830	-0.722
Magneto	AMB_RS14590	AMB_RS14590		TlyA family rRNA (cytidine-2'-O)-methyltransferase	0.589	0.823	1.443	0.563	0.512	1.064	0.463	1.103	2.155	1.476	2.669	1.852	1.052	1.478	1.352	0.751	0.892	1.772	1.511	1.222	1.848	1.877	1.361	1.399	1.888	1.264	1.054	0.513	0.946	0.454	2.256	2.516	1.488	3.004	2.159	2.775
Magneto	AMB_RS14595	AMB_RS14595		acetoin utilization protein	-0.359	-3.804	-1.501	-3.164	-3.211	-1.630	-3.211	-2.042	-2.010	-0.510	-2.235	-1.006	-1.599	-3.126	-2.821	-2.623	-2.737	-2.583	-0.682	-0.071	-0.729	-3.034	-3.981	-2.901	-1.359	-0.501	-0.698	-0.543	-1.254	-0.250	-0.695	-0.717	-0.280	-0.891	0.801	-1.831
Magneto	AMB_RS14620	AMB_RS14620		ArsR family transcriptional regulator	-0.280	0.003	-1.489	-2.911	-2.049	-1.442	-2.385	-1.530	-2.401	0.361	0.344	0.463	-2.030	-1.990	-0.624	-2.081	-0.756	-1.533	-1.781	-1.583	-1.915	-1.691	-3.506	-1.025	-2.381	0.012	-1.173	-0.980	-1.611	-0.839	-0.907	-1.988	-1.309	-0.245	-1.623	-1.250
Magneto	AMB_RS14625	AMB_RS14625		MBL fold metallo-hydrolase	0.387	0.794	0.068	1.384	0.084	1.602	0.956	1.508	1.127	0.723	1.882	0.602	1.323	0.640	0.551	2.017	1.260	0.658	0.570	-0.081	0.549	1.290	1.073	2.198	1.237	1.761	0.504	1.431	2.193	0.010	1.129	1.196	0.059	1.617	0.434	1.009
Magneto	AMB_RS14630	AMB_RS14630		hypothetical protein	-0.545	-0.147	-0.324	1.126	0.444	0.970	1.475	0.008	-0.401	0.800	1.514	0.172	0.308	1.167	0.067	0.108	0.158	0.548	0.048	0.280	-0.704	-0.671	0.798	1.050	-0.756	-0.994	-0.813	-1.142	-1.393	-1.210	-1.515	-1.020	-1.389	-0.566	-1.661	-1.193
Magneto	AMB_RS14635	AMB_RS14635		hypothetical protein	0.169	0.882	-0.344	-1.171	0.064	-0.145	0.289	-1.701	-0.511	-0.452	-2.440	-1.548	-1.326	-1.382	-1.012	-0.713	-2.353	-0.629	-1.290	-0.706	0.123	-1.185	-0.888	-0.884	0.063	0.068	-1.162	-0.392	-0.884	-2.161	-0.112	-1.153	-0.792	-0.174	-0.258	0.645
Magneto	AMB_RS14640	AMB_RS14640		nitrous oxide reductase accessory protein NosL	-0.232	0.465	-0.891	-1.051	-1.539	-0.688	0.607	0.141	0.312	-0.458	0.646	-1.379	0.371	0.037	-0.235	-0.180	0.510	-0.792	-0.648	-0.402	-0.464	-0.108	-1.356	0.022	0.434	-0.518	-0.077	-0.295	-0.539	0.483	-0.695	-0.936	-1.313	0.730	-0.170	0.502
Magneto	AMB_RS14645	AMB_RS14645		sulfite exporter TauE/SafE family protein	-0.664	0.224	0.945	-0.190	0.729	1.237	1.062	1.737	1.785	0.264	-0.225	0.861	0.004	0.314	1.685	1.060	0.863	1.452	0.171	0.586	0.253	-0.243	0.780	1.603	-0.404	0.794	-0.096	-0.291	-0.079	0.030	-0.414	-0.986	-0.056	-0.779	-0.534	0.444
Magneto	AMB_RS14650	AMB_RS14650		cadmium-translocating P-type ATPase	-2.122	-0.046	-0.714	0.674	0.021	-1.135	0.820	1.301	0.891	-1.099	0.150	0.084	0.303	0.005	0.017	-0.446	-0.264	-0.222	-0.325	-0.742	0.306	0.191	-0.163	0.058	-1.341	-1.546	-2.004	-2.065	-1.645	-1.791	0.276	-1.339	-1.137	-0.470	-1.766	-0.685
Magneto	AMB_RS14655	AMB_RS14655		hypothetical protein	-0.078	-3.768	1.764	-0.162	2.048	0.703	0.207	0.096	-0.800	0.186	1.685	0.973	1.233	0.522	0.020	1.663	0.473	-0.525	-0.972	1.512	1.206	0.416	0.626	-0.393	0.516	0.683	0.162	0.472	0.941	0.362	1.548	-0.689	0.392	0.624	-0.729	0.765
Magneto	AMB_RS14660	AMB_RS14660		hypothetical protein	1.203	-0.373	-0.831	-0.827	-0.804	-0.376	0.131	0.702	-0.071	0.377	-1.124	-0.954	0.369	-1.886	-0.033	1.223	0.331	0.456	-1.040	-1.798	-1.486	-0.017	1.140	0.632	0.038	-0.162	0.064	1.086	0.975	0.107	-0.786	-0.978	-0.566	0.092	-2.116	-0.526
Magneto	AMB_RS14665	AMB_RS14665		TRASH domain-containing protein	-1.484	0.443	-2.749	-0.512	-1.220	-0.044	-1.762	-0.465	-0.752	-1.752	-0.986	-0.640	-1.396	-0.855	-0.622	-2.602	-0.561	-1.286	-1.667	0.475	-0.638	-0.682	-0.150	-1.470	0.500	-0.686	-0.818	0.196	0.355	-0.180	0.639	-0.838	-1.928	-1.799	0.366	0.836
Magneto	AMB_RS14670	AMB_RS14670		TlpA family protein disulfide reductase	-0.264	0.617	0.424	1.396	0.005	-0.773	-0.039	0.818	0.905	-0.784	1.468	0.006	0.153	0.525	0.390	1.159	0.664	0.486	-0.329	-0.164	-1.006	0.679	0.492	1.637	-0.400	0.128	1.512	0.491	0.905	0.917	0.815	0.025	0.991	2.020	-0.540	0.426
Magneto	AMB_RS14675	AMB_RS14675		hypothetical protein	-0.446	0.796	-0.975	-0.099	-0.073	0.397	0.640	-1.208	0.491	0.392	-0.523	0.667	-0.279	-0.738	-1.253	-0.991	-0.753	-0.023	0.663	0.483	-0.112	-0.906	0.264	-0.005	1.382	0.268	0.398	1.047	0.518	-0.474	2.268	0.102	1.889	0.774	0.974	1.553
Magneto	AMB_RS14685	AMB_RS14685		ABC transporter permease	0.793	1.092	1.119	1.107	0.255	0.204	-0.787	-0.172	-0.105	-0.108	0.320	1.286	0.238	-0.294	0.286	0.356	0.419	-0.170	-0.441	0.302	0.167	0.428	0.537	0.580	0.823	0.028	0.536	1.125	0.745	0.770	0.480	-1.270	-0.640	-1.622	1.956	1.242
Magneto	AMB_RS14705	AMB_RS14705		4Fe-4S dicluster domain-containing protein	3.916	0.470	-1.336	-2.029	-0.894	-1.168	-1.453	-0.731	-0.720	-0.783	-0.344	-0.414	-0.472	-0.933	-1.132	-0.098	-0.098	0.008	-1.057	-0.791	0.027	-1.203	-0.425	-1.177	0.087	0.081	0.838	-0.130	1.215	0.208	1.761	-1.545	-0.968	0.615	0.579	1.003
Magneto	AMB_RS14710	AMB_RS14710		aldehyde ferredoxin oxidoreductase	-1.168	2.361	0.978	0.491	1.941	0.413	2.008	0.546	0.133	0.152	0.741	1.183	0.321	-0.209	1.004	0.512	-0.244	1.015	0.228	1.136	0.899	0.485	0.759	0.260	-0.728	-0.220	-0.147	-0.543	0.247	0.675	0.890	-0.226	-0.003	-1.736	-0.033	0.954
Magneto	AMB_RS14715	AMB_RS14715		NAD(P)/FAD-dependent oxidoreductase	-0.084	0.076	-0.584	-1.802	-0.526	0.294	-1.191	-1.062	-0.254	-0.885	0.303	-0.519	-0.491	-1.445	-0.555	-0.216	-0.259	0.293	-0.964	-0.797	-0.937	-1.705	-1.016	-1.402	0.308	-0.869	0.436	0.261	0.266	0.413	-0.860	-0.146	-1.035	-1.009	-0.996	-0.055
Magneto	AMB_RS14720	AMB_RS14720		NAD(P)/FAD-dependent oxidoreductase	0.576	-0.162	0.846	0.619	0.891	1.675	-0.996	0.675	1.150	2.539	0.124	2.258	1.157	1.386	-0.061	-0.913	1.711	0.466	0.920	0.352	-1.308	0.919	1.062	1.302	-0.407	0.625	-0.359	-0.101	0.877	0.380	1.171	-0.836	-0.544	1.468	-0.224	3.128
Magneto	AMB_RS14725	AMB_RS14725		hypothetical protein	-0.750	0.077	-0.583	-0.514	-0.685	-0.561	0.283	-0.858	-0.236	-0.240	-1.741	1.836	-1.316	0.750	0.226	-0.783	-0.756	-0.773	0.210	0.287	0.414	-0.128	0.784	-0.344	0.799	0.550	0.925	0.434	1.317	0.472	-0.146	0.881	2.779	-0.803	2.184	2.159
Magneto	AMB_RS14730	AMB_RS14730		hypothetical protein	0.218	2.191	-0.496	-0.024	-0.148	-0.555	-0.063	-0.132	0.234	0.237	0.104	0.429	0.008	0.332	0.028	-0.810	-1.191	-0.916	-0.636	-1.093	0.057	0.325	-0.170	0.389	0.010	-0.784	-0.690	-0.751	-0.683	-0.762	-0.714	0.020	-0.259	-0.600	0.408	0.154
Magneto	AMB_RS14735	AMB_RS14735		hypothetical protein	0.791	1.805	-0.171	-0.217	0.540	-0.026	0.058	-0.042	0.730	0.692	0.021	-0.111	-0.040	1.183	-0.313	0.191	0.009	-0.047	0.030	-0.005	-0.470	0.431	0.146	0.170	0.444	0.270	0.308	0.010	-0.193	0.331	0.289	0.495	1.429	-1.180	-0.842	-0.074
Magneto	AMB_RS14745	AMB_RS14745		ABC transporter substrate-binding protein	0.676	0.308	-1.446	-0.637	-0.988	-0.527	-0.394	-0.491	-0.986	-0.972	0.300	-2.029	-0.553	-0.998	-1.550	-1.358	-0.021	0.012	-1.062	-1.918	-0.757	-0.050	-0.824	-1.559	-0.572	-0.580	-0.033	-0.247	-0.691	-0.068	1.882	-0.711	-0.006	0.293	0.824	-1.315
Magneto	AMB_RS14750	AMB_RS14750		PAS domain S-box protein	-0.137	0.096	0.366	0.421	0.308	0.564	1.162	1.102	0.710	-0.000	0.580	0.692	0.838	0.675	0.964	0.887	0.694	0.881	0.910	-0.021	1.089	0.929	0.668	1.647	0.648	0.581	0.118	0.158	0.157	1.079	1.526	1.603	0.967	2.019	1.248	-0.087
Magneto	AMB_RS14755	AMB_RS14755		PAS domain S-box protein	0.613	-0.135	-0.938	-0.778	0.703	0.529	0.530	-0.047	0.404	-0.521	0.412	1.755	-0.204	-0.088	0.485	-0.903	-0.324	-0.227	-0.226	-0.446	-0.841	0.708	0.159	0.482	1.313	1.516	1.009	0.575	0.674	0.007	0.460	2.669	1.658	2.094	1.476	1.523
Magneto	AMB_RS14760	AMB_RS14760		methylase of chemotaxis methyl-accepting protein	0.175	0.654	0.252	0.606	-0.232	0.527	0.854	0.282	-0.304	0.038	1.184	0.354	0.120	-0.476	0.292	0.051	0.523	0.874	0.267	0.945	1.238	1.091	0.216	0.456	-1.713	-2.140	-1.078	-2.662	-1.890	-1.613	-1.051	-0.575	-1.275	-1.131	-0.915	-2.543
Magneto	AMB_RS14765	AMB_RS14765		PAS domain S-box protein	-1.343	0.109	-0.638	-0.204	0.750	-0.510	0.861	-0.067	0.219	1.046	0.028	1.219	-0.102	0.053	-0.993	-0.813	-0.322	-0.926	0.353	1.939	0.428	0.661	-0.033	0.266	-0.691	-0.177	-0.993	-1.374	-1.150	-1.107	-0.264	1.058	-1.262	0.567	0.379	-0.121
Magneto	AMB_RS14770	AMB_RS14770		C4-dicarboxylate transport sensor protein dctB	-0.808	0.531	-0.140	-1.028	-0.425	0.555	-1.122	-1.465	-0.237	-0.809	0.430	1.321	0.412	0.148	0.354	-0.593	-0.794	0.161	0.229	0.711	0.199	1.480	-0.362	0.039	0.529	0.337	0.787	-0.324	-0.064	0.506	0.790	1.655	0.526	1.418	-0.486	0.573
Magneto	AMB_RS14775	AMB_RS14775		hypothetical protein	-0.212	0.252	0.541	0.057	-1.388	-0.606	1.419	0.401	0.581	0.223	-0.855	-0.860	0.602	-0.265	0.054	0.362	1.082	0.437	0.230	-0.388	0.391	0.043	0.434	-0.105	-0.095	0.585	0.023	0.060	0.104	-0.368	1.208	-0.715	0.214	0.078	-0.239	0.469
Magneto	AMB_RS14780	AMB_RS14780		ATPase	-0.358	1.412	0.303	-0.281	-0.095	0.118	-0.079	0.193	0.007	0.449	1.276	0.819	0.051	0.142	0.020	0.045	0.245	-0.176	0.221	0.006	-0.340	0.025	0.263	0.164	0.458	0.729	0.666	0.613	0.708	0.154	1.082	1.374	0.678	0.644	1.514	0.577
Magneto	AMB_RS14785	AMB_RS14785		chemotaxis protein CheX	1.095	-0.812	-0.957	-1.533	-0.641	-1.533	-1.555	-0.736	-1.404	-1.934	-0.599	-1.181	-1.641	-1.243	-1.212	-0.112	-0.514	-0.382	-1.068	-0.719	-1.747	-1.021	-0.213	-1.437	-0.542	1.699	0.446	0.390	0.676	0.539	1.355	1.896	1.305	1.453	2.202	1.439
Magneto	AMB_RS14790	AMB_RS14790		response regulator	0.472	-0.488	0.127	0.296	0.699	-0.616	-0.790	-0.057	-0.021	-0.971	0.049	-0.125	-0.136	-0.175	0.242	-0.185	-0.026	-0.403	0.349	0.039	0.128	0.343	0.359	0.589	-1.261	0.941	-0.041	-0.173	-0.058	0.161	1.078	0.375	-0.527	-0.804	0.227	0.575
Magneto	AMB_RS14795	AMB_RS14795		hypothetical protein	-0.229	0.289	0.520	0.669	0.516	0.781	-0.287	1.245	1.921	0.073	0.758	-0.106	1.726	-0.438	0.873	1.465	0.562	1.516	-0.870	0.910	-0.803	0.222	1.437	0.458	0.793	0.967	-0.108	1.328	-0.490	-0.032	0.234	-1.128	0.450	0.014	-0.851	1.577
Magneto	AMB_RS14800	AMB_RS14800		hypothetical protein	-0.166	-0.132	-0.008	0.309	-0.611	0.223	-0.205	-0.387	-0.108	-0.243	0.003	-0.683	-0.078	-0.495	0.161	-0.618	0.173	1.002	-0.245	-0.798	0.007	-0.842	-0.069	0.444	-0.805	0.067	-0.030	-0.244	-0.272	0.405	0.231	0.103	-0.101	-0.699	-0.399	0.577
Magneto	AMB_RS14805	AMB_RS14805		hypothetical protein	-0.907	0.876	-0.014	-0.997	0.103	-0.338	0.568	0.405	-0.514	-0.239	-1.442	-0.783	-3.189	-0.917	-1.631	-0.080	0.097	0.230	0.352	-0.228	0.100	-0.998	0.148	-2.599	-0.003	-0.250	0.821	0.004	-0.470	-0.037	1.233	0.064	0.093	1.074	-0.640	0.348
Magneto	AMB_RS14810	AMB_RS14810		VWA domain-containing protein	-6.035	-1.261	-0.975	-2.275	-1.836	-3.730	-2.938	-3.769	-4.060	3.083	0.236	2.695	-2.483	-1.925	-2.334	-3.166	-3.119	-3.298	2.327	3.085	1.915	-2.441	-2.569	-2.026	-7.710	-7.000	-6.129	-6.783	-5.783	-7.290	-4.454	-8.547	-4.673	-3.858	-4.395	-5.833
Magneto	AMB_RS14815	AMB_RS14815		CbbQ/NirQ/NorQ/GpvN family protein	-3.896	0.008	0.675	-1.030	-1.986	-0.914	-2.206	-3.250	-1.649	2.161	0.730	3.265	-0.777	-1.636	-1.388	-1.090	-2.250	-1.762	0.402	3.398	0.657	-0.174	-0.952	-2.516	-4.555	-4.269	-4.400	-4.688	-3.972	-4.207	-3.959	-4.191	-4.284	-1.831	-2.200	-1.231
Magneto	AMB_RS14820	AMB_RS14820		nitric oxide reductase	-0.874	-2.204	-0.857	-2.030	-1.662	-2.056	-1.417	-1.899	-1.426	2.117	0.492	2.538	-1.455	-1.271	-1.555	-0.911	-0.524	-0.370	1.932	0.952	1.328	-1.969	-1.764	-0.383	-3.692	-2.475	-4.166	-3.086	-2.212	-3.115	-2.134	-3.050	-4.305	-1.826	-0.707	-3.081
Magneto	AMB_RS14825	AMB_RS14825		cytochrome c	0.785	-0.304	-0.511	-1.439	-0.745	-1.360	-0.169	-0.753	0.027	0.802	-1.112	-0.650	-0.056	-0.449	-1.668	-0.516	-1.056	-0.340	0.970	0.025	0.265	0.044	-1.551	-0.985	1.793	0.374	2.026	1.381	1.986	1.899	-1.222	-2.090	-0.454	-0.624	0.823	0.731
Magneto	AMB_RS14830	AMB_RS14830		Crp/Fnr family transcriptional regulator	1.493	-0.073	0.506	0.061	0.875	-0.522	0.279	-0.112	1.109	-3.867	-0.538	-2.898	1.133	0.349	0.226	0.049	-0.133	0.600	-1.366	-1.769	0.159	-0.983	-0.236	0.776	2.115	2.606	2.276	1.497	2.903	2.749	-1.402	-2.979	-2.746	-1.495	-1.891	-2.070
Magneto	AMB_RS14840	AMB_RS14840		DUF2478 domain-containing protein	0.020	-0.348	1.438	0.151	0.969	-0.010	0.333	1.080	1.226	0.904	-0.802	-0.348	0.864	0.472	0.651	0.203	0.846	1.292	1.289	-0.013	1.363	1.115	0.650	1.507	-0.343	-0.183	-0.155	0.920	0.299	0.176	-0.069	-0.476	-0.272	-0.494	0.061	-0.659
Magneto	AMB_RS14845	AMB_RS14845		molybdenum-dependent transcriptional regulator	-1.049	0.060	-0.592	-0.058	-0.937	0.633	1.102	-0.053	1.532	0.472	-0.430	-0.894	1.367	0.967	0.318	0.383	-0.167	0.454	0.318	-0.199	-0.145	0.384	1.004	0.711	-1.534	-2.133	-0.599	-0.667	-0.087	-0.908	-1.198	-1.793	-0.272	0.591	0.204	-1.273
Magneto	AMB_RS14855	AMB_RS14855		molybdate ABC transporter substrate-binding protein	0.189	0.038	0.682	-0.968	-1.101	-0.615	-1.166	-0.779	-2.046	1.857	0.519	0.921	-2.583	-1.435	-2.057	-1.747	-0.580	-2.066	0.416	-0.568	-0.078	-1.217	-2.516	-0.761	-2.041	-1.554	-1.333	-1.301	-0.472	-0.855	-0.967	-1.801	-1.076	-1.374	-1.577	-0.955
Magneto	AMB_RS14860	AMB_RS14860		NifX protein	-0.507	0.646	1.257	-0.356	0.676	0.629	-0.423	0.780	-0.294	0.432	0.660	0.475	1.266	-0.871	0.444	0.697	0.248	0.309	1.246	0.127	-0.163	1.019	0.802	0.115	0.602	0.016	0.560	-0.172	1.076	-0.423	-0.007	1.617	0.158	0.747	1.097	0.484
Magneto	AMB_RS14865	AMB_RS14865		ModD protein	1.860	-0.716	-0.394	-0.079	0.328	2.009	0.747	-0.028	-0.832	-0.727	-2.011	-0.982	-0.899	0.094	-0.155	0.645	0.666	-0.160	0.571	-0.032	0.993	-1.442	0.184	0.259	-0.330	-1.646	-0.264	0.083	-0.129	-0.964	-0.161	0.049	-0.207	-1.010	-0.436	0.343
Magneto	AMB_RS14870	AMB_RS14870		PAS domain S-box protein	0.808	1.235	-1.875	-0.743	-1.138	-0.961	-0.829	-0.252	-0.636	-0.725	-1.455	-0.900	0.010	-1.060	-0.501	-0.106	-0.853	-0.621	-0.734	-1.030	-0.496	0.305	-0.233	-0.668	0.066	-0.950	-0.380	-0.257	-0.386	-0.557	0.364	-0.499	-0.552	0.420	-0.027	-0.354
Magneto	AMB_RS14875	AMB_RS14875		response regulator	2.295	-0.152	0.448	0.337	0.245	0.152	-1.386	-0.608	0.404	-1.651	0.375	-0.099	-0.816	-0.126	0.228	0.400	-0.200	-0.601	-1.478	0.301	0.034	0.334	-0.428	0.194	0.086	0.177	-0.426	0.184	0.932	0.550	0.823	0.488	-0.310	-0.858	-0.527	1.070
Magneto	AMB_RS14880	AMB_RS14880		response regulator receiver modulated metal-depenent phosphohydrolase	1.034	-0.948	-0.935	1.259	0.524	0.624	1.298	-0.028	0.458	0.195	-0.968	1.213	0.543	-0.947	0.140	-0.365	1.408	0.338	0.206	1.275	-0.699	-0.372	-0.209	-0.037	-0.017	-0.780	0.434	-0.278	0.005	0.192	1.204	0.738	0.763	-1.547	-0.085	-0.463
Magneto	AMB_RS14885	AMB_RS14885		VWA domain-containing protein	-0.261	0.646	-0.549	-0.284	-0.429	-0.908	-0.089	0.167	-0.331	0.139	1.521	-0.634	-0.325	-0.026	1.176	1.243	-1.008	-1.055	-0.873	0.515	-0.400	-0.537	0.130	0.323	-0.816	-1.079	-1.159	-1.455	-0.602	-0.698	-2.131	-0.809	-1.464	-0.501	-0.031	-1.870
Magneto	AMB_RS14890	AMB_RS14890		hypothetical protein	-1.815	-0.186	-1.199	-0.393	-0.074	-0.160	0.462	-0.320	-0.029	-0.029	-0.406	-0.395	0.029	-0.341	-0.097	-0.330	0.022	0.105	-0.239	-0.112	-1.606	-0.389	0.427	-0.399	-0.735	0.380	0.200	-0.580	0.245	-0.194	-1.069	-0.430	0.779	-0.315	-0.423	-0.174
Magneto	AMB_RS14895	AMB_RS14895		VWA domain-containing protein	1.444	0.168	0.379	1.132	-0.288	0.499	-0.724	0.710	0.625	0.521	0.647	-0.257	-1.125	-0.520	-0.697	-0.164	-0.045	-0.095	-0.287	-0.744	0.568	-0.324	0.346	0.142	-0.225	0.016	-0.107	0.335	-0.346	-0.654	0.219	-0.619	-0.346	0.356	-0.620	-0.941
Magneto	AMB_RS14900	AMB_RS14900		VWA domain-containing protein	-0.410	1.534	-1.030	-0.684	-0.402	-0.487	-0.662	-1.488	-0.199	-0.533	-0.316	-1.864	-0.872	-0.772	-1.500	-1.156	-0.187	-0.044	-0.235	-0.331	-0.471	-1.144	-0.571	-0.961	-1.756	-1.238	-1.939	-1.687	-1.541	-1.233	-0.572	-1.510	-2.588	-0.427	-1.809	-1.350
Magneto	AMB_RS14905	AMB_RS14905		hypothetical protein	-0.396	1.034	0.664	0.429	-0.899	-0.370	0.073	0.697	-0.185	-0.251	-0.207	0.751	0.307	0.376	0.338	0.438	0.244	0.817	-0.045	0.873	0.285	-0.158	0.314	0.226	-0.762	0.052	0.230	-0.006	0.204	0.040	0.277	-0.462	0.301	0.947	0.508	-0.535
Magneto	AMB_RS14910	AMB_RS14910		hypothetical protein	-1.374	-0.163	0.141	-0.302	0.366	-0.096	0.654	-0.059	0.618	-1.458	-0.253	-0.193	-0.272	-0.080	-0.251	-0.071	0.598	0.131	0.132	0.589	0.671	0.050	-0.365	-0.478	-0.261	0.583	0.025	-0.589	0.196	-1.169	0.735	-0.279	-0.356	-0.362	-1.173	1.565
Magneto	AMB_RS14915	AMB_RS14915		CAP domain-containing protein	-0.848	-0.677	0.932	0.306	0.651	0.979	1.553	1.998	1.280	1.741	-0.184	0.244	1.626	1.334	1.076	2.449	1.839	1.017	0.077	-0.474	-0.043	1.238	1.051	0.555	0.537	1.392	0.603	1.497	1.449	2.258	1.558	0.047	0.496	3.686	1.507	-1.515
Magneto	AMB_RS14920	AMB_RS14920		hypothetical protein	-0.517	-0.312	-1.168	-0.375	-0.175	-0.666	0.289	-0.877	-0.405	0.614	-1.213	0.616	0.162	-0.154	0.653	-0.498	-0.031	1.271	1.042	-1.562	1.354	0.492	0.309	0.416	-1.699	-0.631	-0.630	0.425	-1.142	0.140	-1.160	-1.481	-0.975	0.755	-0.255	0.963
Magneto	AMB_RS14925	AMB_RS14925		penicillin-binding protein	-0.235	0.115	0.237	-0.236	0.567	-0.626	-0.699	-0.614	0.779	-0.267	-0.132	-1.311	0.402	-0.431	-0.131	-1.015	-0.890	-0.486	-1.248	-1.152	-0.566	-1.222	-0.221	0.293	-1.173	0.464	-0.865	-1.340	-0.207	-0.084	0.405	0.607	0.232	1.301	-1.220	-0.539
Magneto	AMB_RS14930	AMB_RS14930		hypothetical protein	-0.436	1.205	0.757	0.398	0.125	0.358	1.258	1.085	1.000	0.055	-0.881	0.507	0.714	0.550	0.315	0.838	0.478	0.533	0.421	-0.379	0.572	0.309	0.740	0.207	0.299	0.311	0.435	0.247	0.286	-0.131	2.156	0.096	0.591	0.695	-0.836	0.188
Magneto	AMB_RS14935	AMB_RS14935		hypothetical protein	0.855	0.457	-0.896	0.304	0.240	-0.296	-0.662	0.132	-0.441	1.092	0.806	-0.291	-0.173	-0.838	0.376	0.761	0.011	0.242	0.504	0.078	-0.119	0.634	0.346	0.002	-0.328	0.196	0.594	0.869	0.585	0.796	-1.702	1.677	-0.048	-1.027	1.674	0.199
Magneto	AMB_RS14940	AMB_RS14940		hypothetical protein	1.461	-0.753	-0.726	-0.086	-0.510	-1.471	-0.133	-0.165	-0.644	-0.547	0.549	-0.234	-0.832	-0.610	-0.088	-0.525	-0.903	-1.056	-1.885	-0.808	-0.666	-0.584	-0.134	-0.299	-1.270	0.455	-0.197	-0.026	-0.464	-0.703	0.750	-0.425	1.169	1.284	-1.121	0.770
Magneto	AMB_RS14945	AMB_RS14945		AEC family transporter	-0.365	0.667	-0.836	-0.937	0.181	-0.536	-0.434	-1.031	-1.916	0.997	1.080	0.259	-0.454	-0.960	-0.766	-0.253	-0.714	-0.336	-0.277	0.113	-0.885	-0.910	-0.346	-0.782	-1.045	-1.444	-0.808	-1.737	-1.227	-1.244	0.257	0.678	0.160	1.320	-0.117	0.964
Magneto	AMB_RS14950	AMB_RS14950		TetR/AcrR family transcriptional regulator	-0.474	-0.377	-0.655	-0.366	-0.312	-0.719	1.262	0.069	1.144	0.464	-0.751	-0.839	-0.109	-1.054	-0.313	0.789	1.348	0.533	-1.417	0.191	-0.674	-0.161	0.332	-0.250	0.525	0.359	0.800	0.685	-0.071	0.683	-0.932	0.418	0.129	-1.753	-0.718	0.470
Magneto	AMB_RS14955	AMB_RS14955		acyl-[ACP]--phospholipid O-acyltransferase	1.827	0.650	0.265	0.370	0.285	0.157	0.202	0.108	-0.264	-0.105	-1.360	-0.196	0.645	0.120	0.416	0.580	0.063	-1.052	-0.211	0.606	-0.334	-0.536	1.038	0.107	0.754	0.420	0.415	0.616	0.619	-0.294	0.713	0.876	1.386	0.282	-0.206	1.116
Magneto	AMB_RS14960	AMB_RS14960		hypothetical protein	-1.280	-0.043	0.383	-0.747	-0.482	0.283	0.773	0.731	-0.443	0.209	-0.704	0.386	0.525	0.701	-0.098	0.584	0.316	0.056	1.267	1.085	0.878	-0.034	-1.021	0.365	-0.824	-0.323	-0.588	-0.718	-1.337	-1.845	0.994	-1.135	-1.101	-0.489	-0.614	-0.507
Magneto	AMB_RS14965	AMB_RS14965		DUF2339 domain-containing protein	-0.198	1.062	-0.748	-0.031	-0.032	-0.331	-0.761	-1.492	-0.682	0.405	0.408	-0.327	-0.134	-0.839	-0.900	-1.592	-1.360	-0.911	-0.104	0.619	0.409	-0.608	0.186	-0.549	1.108	1.186	-0.082	0.228	0.228	-0.156	1.024	1.331	1.223	0.964	1.237	0.649
Magneto	AMB_RS14980	AMB_RS14980		citrate transporter	-0.372	0.173	0.622	0.011	0.180	0.243	0.074	0.473	0.504	0.383	0.131	-1.225	0.155	0.350	-0.025	-0.158	0.039	0.158	-1.253	0.090	-0.416	-0.452	0.594	-0.353	-1.630	-0.583	-0.935	-0.651	-0.770	-0.896	1.324	0.822	-1.570	1.022	-0.107	-0.713
Magneto	AMB_RS14985	AMB_RS14985		transcriptional regulator	0.490	1.057	0.467	0.639	0.248	-0.793	0.297	0.739	0.237	0.170	0.626	1.153	0.504	-0.193	0.458	0.843	-0.179	-0.760	0.288	0.951	0.304	-0.271	0.090	0.521	-0.580	-0.054	-0.402	-0.687	-0.038	-0.377	-2.084	0.278	0.552	-1.010	-0.604	-0.185
Magneto	AMB_RS14990	AMB_RS14990		cAMP-binding protein	-1.708	0.261	0.656	0.067	-0.668	0.742	-0.428	-1.040	-0.588	-0.025	-0.018	-0.948	-0.319	0.204	-0.228	-0.998	0.306	-0.045	0.074	0.215	-0.646	-0.654	-0.268	-0.139	1.811	1.349	2.357	0.616	1.178	0.455	2.314	2.282	1.492	0.613	0.822	0.311
Magneto	AMB_RS14995	AMB_RS14995		superoxide dismutase	-0.787	0.237	0.472	-1.921	0.168	0.079	-0.573	-1.009	0.155	0.117	0.102	0.486	-0.467	-0.293	1.048	0.291	-0.778	0.402	-0.919	-1.040	0.578	-0.590	0.100	-0.602	0.230	-0.347	-0.717	-0.738	-0.852	-1.282	-0.558	0.245	-0.312	0.315	0.439	-0.109
Magneto	AMB_RS15000	AMB_RS15000		response regulator	-1.068	-0.418	0.292	0.006	-0.895	-0.984	-1.126	0.193	-0.196	-0.559	-1.473	-0.826	-0.260	-0.581	0.322	0.784	-0.033	0.140	-0.095	-2.537	-0.403	0.103	0.058	0.768	-0.479	-0.155	-1.642	-0.583	-1.118	-0.504	-0.192	-0.075	-0.327	-0.012	-1.032	-0.134
Magneto	AMB_RS15005	AMB_RS15005		two-component system response regulator	-0.198	0.079	0.387	-0.212	-0.227	0.187	0.405	0.862	0.060	0.586	-0.474	-0.444	-0.168	-0.779	-0.666	0.989	0.266	0.388	-0.976	0.165	0.505	0.088	0.555	0.040	-0.127	-0.219	0.013	0.120	-0.226	-0.165	-1.450	-0.927	0.043	-0.257	0.034	0.095
Magneto	AMB_RS15010	AMB_RS15010		branched-chain amino acid ABC transporter substrate-binding protein	-0.189	-0.162	0.293	-0.998	-1.108	-0.501	-0.340	-0.115	-0.198	1.922	0.046	-0.648	-0.908	0.173	0.126	-0.294	-0.375	-0.482	-0.154	0.670	1.271	-0.316	-0.214	-0.021	-1.186	-2.025	-1.270	-1.440	-1.878	-1.238	-1.388	-3.948	-3.164	0.117	-1.606	-2.800
Magneto	AMB_RS15015	AMB_RS15015		ferredoxin	-1.199	0.343	-0.381	1.292	0.032	0.688	1.879	-0.308	0.728	-0.244	-0.363	-0.705	0.010	0.632	-0.134	-0.048	0.456	1.543	0.450	-0.977	-0.336	0.770	-0.722	-0.735	-0.872	-1.753	-0.931	-0.451	-1.340	-0.716	-1.523	-0.672	-0.732	-1.594	-1.404	-0.272
Magneto	AMB_RS15020	AMB_RS15020		hypothetical protein	0.019	-0.184	-0.157	0.477	1.018	0.006	-0.163	0.336	1.170	-0.061	-0.006	-0.147	0.009	-0.106	1.074	0.820	0.104	-0.289	0.259	0.859	0.760	0.354	-0.465	0.574	0.827	0.520	0.726	0.859	0.932	0.720	0.954	1.639	1.258	-0.899	0.873	-0.923
Magneto	AMB_RS15025	AMB_RS15025		MFS transporter	0.369	0.266	-0.080	0.345	0.278	2.521	0.187	-0.535	0.776	0.070	0.238	1.343	0.517	1.034	1.629	-0.190	0.846	0.479	0.600	0.555	1.317	0.417	0.349	0.957	0.563	-0.221	0.372	-0.506	0.076	-0.304	-1.069	1.048	0.329	-1.229	0.427	-1.756
Magneto	AMB_RS15030	AMB_RS15030		FAD-binding protein	1.520	-0.579	0.246	-0.521	-1.351	-0.217	-0.749	0.210	-0.121	1.176	-0.815	-0.826	0.552	-1.147	-0.284	-0.869	-1.566	-0.349	-1.265	0.425	-0.950	-0.373	-1.163	0.330	-0.646	0.031	0.241	-1.300	-0.446	0.653	-0.549	1.381	-0.098	-0.460	-1.369	-0.272
Magneto	AMB_RS15035	AMB_RS15035		DUF2189 domain-containing protein	-0.701	0.985	-0.625	-0.791	-0.803	-0.313	-0.004	-0.895	-1.652	-0.036	1.202	0.502	-1.635	-0.420	-2.443	-2.669	-0.780	-0.497	-0.585	-1.060	-1.343	-0.554	-0.580	0.161	0.745	-0.024	0.516	0.654	-0.448	0.314	3.050	1.458	0.048	0.216	0.528	0.737
Magneto	AMB_RS15045	AMB_RS15045		thiolase family protein	-0.093	-0.116	-0.800	-0.478	0.602	0.289	-0.067	0.630	-0.785	1.640	0.302	1.523	0.570	0.382	0.944	0.104	0.366	-0.004	0.679	0.098	1.297	-1.136	0.106	-0.298	1.095	0.275	0.474	0.895	-0.309	0.136	0.805	-0.315	-0.909	1.436	1.714	-0.434
Magneto	AMB_RS15050	AMB_RS15050		multifunctional fatty acid oxidation complex subunit alpha	2.148	0.999	1.674	-0.150	1.129	0.141	1.147	0.659	0.475	-0.021	-0.432	0.386	-0.321	0.931	1.202	0.684	0.617	-0.039	-0.184	0.454	0.469	1.398	0.219	0.872	-1.228	-1.235	-0.118	-0.657	-0.232	0.067	-0.908	0.538	1.025	0.184	0.217	0.337
Magneto	AMB_RS15055	AMB_RS15055		hypothetical protein	-0.358	0.198	0.266	-0.470	-0.509	-0.276	-0.729	0.165	0.657	-0.749	-2.339	-0.359	0.158	-0.886	-0.720	0.047	0.151	0.282	-0.372	-0.365	-0.564	0.298	-0.544	-0.198	0.200	1.028	-0.401	0.167	-0.121	0.181	-0.337	0.099	2.350	-0.764	0.284	-0.227
Magneto	AMB_RS15065	AMB_RS15065		radical SAM protein	0.752	1.748	2.240	0.832	0.315	1.514	1.576	1.736	1.319	0.522	2.898	-0.557	0.222	0.875	0.736	0.771	0.747	0.511	0.347	1.532	0.111	0.596	0.669	0.842	-0.248	-0.753	-0.824	0.008	0.137	-0.071	0.750	-0.849	-0.309	-1.238	0.912	0.204
Magneto	AMB_RS15085	AMB_RS15085		allophanate hydrolase subunit 1	0.428	0.174	0.440	0.548	0.077	-0.081	-0.288	-0.854	-0.362	-0.353	-1.549	0.411	0.147	-1.529	-0.204	-0.270	-1.626	-1.004	-0.441	0.587	-0.569	-0.649	-1.106	-0.696	-0.561	0.275	-0.078	0.551	0.010	0.015	-1.798	-0.989	-0.641	-1.300	0.664	0.211
Magneto	AMB_RS15090	AMB_RS15090		allophanate hydrolase	-1.418	-0.658	0.233	-0.898	-0.571	0.004	0.552	-0.709	0.276	0.147	0.542	-1.320	-0.894	1.514	0.070	-0.628	0.149	-1.221	0.438	0.233	0.054	-0.270	-0.257	-0.254	-0.311	-0.911	0.848	-0.205	0.029	-0.360	-1.461	1.226	0.028	0.332	1.086	-0.499
Magneto	AMB_RS15095	AMB_RS15095		LamB/YcsF family protein	0.060	-0.351	-2.213	-1.162	0.062	-0.023	-1.042	-1.632	-1.063	1.091	-0.318	0.387	-0.525	0.133	-0.619	-0.974	-1.911	-1.181	0.921	1.376	0.411	0.179	-0.967	-1.420	-0.807	-0.267	-1.080	-1.302	-1.714	-1.057	-0.720	0.589	0.385	0.546	-0.390	-0.459
Magneto	AMB_RS15110	AMB_RS15110		error-prone DNA polymerase	-3.918	0.728	0.525	1.501	-0.181	-0.147	0.182	-0.346	0.016	1.161	0.032	-0.075	0.188	0.302	0.778	-0.098	0.012	-0.096	0.377	0.364	1.058	0.056	0.246	0.653	-1.161	-0.649	-1.055	-1.244	-0.773	-0.998	-0.305	-2.151	-1.872	-0.746	-0.440	0.258
Magneto	AMB_RS15115	AMB_RS15115		methyl-accepting chemotaxis protein	-1.111	0.192	0.015	0.557	-0.623	0.780	0.076	-0.810	-0.063	-0.095	0.230	0.707	0.711	-0.182	-0.386	-0.385	-0.268	1.278	-0.406	0.085	0.135	-0.551	0.543	-0.930	1.600	0.417	0.434	1.656	1.688	0.438	0.246	1.161	0.453	0.214	0.501	0.394
Magneto	AMB_RS15120	AMB_RS15120		chemotaxis response regulator protein-glutamate methylesterase	-0.475	2.293	0.844	1.260	0.232	1.259	1.950	0.320	0.991	1.064	1.974	0.728	0.936	1.082	1.401	1.104	1.156	0.162	0.511	-0.092	1.626	1.788	1.807	0.634	0.273	-0.776	-0.267	0.599	-0.033	0.600	-1.124	0.088	0.452	-0.717	-1.177	1.108
Magneto	AMB_RS15125	AMB_RS15125		protein-glutamate O-methyltransferase CheR	-0.647	-0.500	1.494	1.027	0.148	0.268	0.954	0.786	1.214	0.574	-0.754	0.156	1.171	-0.461	0.714	0.702	0.223	0.182	-0.308	0.253	0.212	0.542	0.878	1.543	1.192	-0.080	0.390	0.211	-0.644	0.756	0.311	0.378	0.794	0.014	0.087	0.463
Magneto	AMB_RS15130	AMB_RS15130		hybrid sensor histidine kinase/response regulator	-0.631	1.052	-0.014	-0.617	-0.737	-0.196	-1.567	0.669	-0.132	0.548	0.604	0.743	-0.954	-1.693	-0.895	0.507	0.117	0.305	-1.371	-0.556	-0.368	-0.879	-0.901	-1.564	0.331	-0.621	-0.578	-0.275	0.046	0.602	-1.795	0.084	-1.134	-1.602	0.240	0.121
Magneto	AMB_RS15140	AMB_RS15140		transcriptional regulator	0.194	0.490	0.573	-0.044	0.588	0.406	0.403	0.299	0.472	0.187	0.675	0.166	0.669	1.262	0.337	0.613	0.959	0.688	0.216	0.308	-0.024	0.809	-0.397	0.073	0.321	0.296	-0.190	0.116	0.197	0.493	-0.467	-0.090	0.094	0.349	-0.435	-0.363
Magneto	AMB_RS15145	AMB_RS15145		chemotaxis protein CheW	-0.428	-1.565	-0.062	-1.130	-0.386	-0.088	1.392	0.526	0.569	0.121	0.419	-0.841	-0.611	-0.982	0.963	0.547	0.788	0.990	0.416	-2.017	-0.127	0.223	-0.444	-1.499	0.982	1.814	0.278	1.557	1.565	1.788	1.665	0.672	0.730	0.612	0.183	-0.041
Magneto	AMB_RS15160	AMB_RS15160		paraquat-inducible protein A	-0.262	0.106	1.529	1.396	0.416	1.319	2.159	1.400	0.243	0.815	2.124	1.674	0.639	2.103	2.315	0.051	-0.167	0.221	1.807	3.014	0.210	1.377	0.571	0.674	-0.162	-0.429	-0.899	-1.136	0.211	0.103	-0.096	-1.088	-0.552	-0.333	-0.237	-0.196
Magneto	AMB_RS15165	AMB_RS15165		MCE family protein	-1.259	-0.343	-0.354	-0.128	-0.677	-0.502	0.394	-0.443	0.184	0.042	-0.867	-0.140	-0.121	0.061	-0.082	-0.280	-0.311	0.673	0.128	-0.496	-0.469	-0.313	0.271	-0.173	-1.409	-0.317	-0.026	-0.966	-1.279	-1.117	-0.777	-1.040	-1.576	-0.544	0.570	-0.999
Magneto	AMB_RS15170	AMB_RS15170		hypothetical protein	0.820	0.420	-1.045	-0.178	-0.427	-0.089	0.119	0.564	0.391	-0.150	0.330	-0.182	-0.384	-0.991	-0.279	-0.350	0.001	-0.757	-1.149	-0.155	-0.002	-0.383	-0.049	0.144	-1.116	-2.023	-0.771	-1.068	-0.816	-0.856	-0.060	-0.685	-1.131	-2.262	-0.865	-1.610
Magneto	AMB_RS15180	AMB_RS15180		hypothetical protein	0.505	-0.163	0.599	0.983	0.135	-0.043	0.272	0.964	-0.101	0.108	-2.674	0.715	0.283	0.418	-0.808	0.480	0.103	-1.486	-0.167	0.801	0.268	-4.075	-4.795	-5.060	-0.140	0.825	0.985	1.565	1.630	0.605	2.365	0.840	-0.973	0.790	0.107	0.351
Magneto	AMB_RS15185	AMB_RS15185		cytochrome c-552 precursor	-0.642	0.252	0.973	1.329	1.343	-0.048	1.198	-0.332	0.362	0.607	-0.492	1.688	0.032	-0.077	0.278	0.053	0.543	0.562	0.129	0.212	-0.413	-2.444	-2.702	-2.720	0.133	0.600	-0.302	0.071	0.054	-0.899	0.083	-0.915	-0.259	0.490	0.451	0.336
Magneto	AMB_RS15200	AMB_RS15200		hypothetical protein	-0.596	-1.966	-0.550	-1.400	-0.613	-0.360	-0.994	-0.587	-0.230	0.252	-0.291	-0.771	-0.206	-0.183	-0.530	-0.133	-0.550	-0.875	0.413	0.056	-0.883	-6.329	-5.414	-5.156	0.142	-0.197	0.511	-0.003	0.077	-0.177	0.118	0.241	-1.667	-0.760	-1.402	-0.074
Magneto	AMB_RS15215	AMB_RS15215		methyltransferase domain-containing protein	-0.861	-1.481	1.386	0.333	0.560	0.180	-1.007	1.246	0.369	1.083	-2.492	-0.030	0.341	0.421	0.833	0.912	0.666	0.899	0.845	-2.736	1.444	0.868	0.941	1.120	-1.575	-3.108	-2.158	-1.546	-2.122	-1.313	-2.904	-2.638	-4.135	-1.409	-0.297	-3.244
Magneto	AMB_RS15220	AMB_RS15220		DUF599 domain-containing protein	0.534	-1.136	-0.070	0.055	1.771	2.582	1.507	1.127	2.034	1.951	-0.810	0.447	0.949	0.984	0.198	0.252	1.543	0.383	1.661	0.636	1.328	0.737	0.529	0.806	-0.208	-0.280	-0.610	-0.404	-0.169	-0.379	0.459	0.095	-0.163	-0.779	-1.077	-0.088
Magneto	AMB_RS15280	AMB_RS15280		hypothetical protein	1.103	0.213	0.412	0.107	0.218	0.400	0.100	0.191	0.348	1.252	-1.380	-1.226	1.002	0.841	1.819	0.929	0.784	0.373	0.915	0.803	-0.425	-0.135	0.655	0.363	0.924	1.506	0.972	0.932	1.438	1.012	0.395	1.700	1.453	-0.570	1.276	0.779
Magneto	AMB_RS15285	AMB_RS15285		anhydro-N-acetylmuramic acid kinase	-0.168	0.421	0.590	1.796	1.083	1.836	0.584	1.781	1.247	-0.463	-0.309	0.419	1.216	1.385	0.927	1.048	2.256	0.930	1.353	-0.171	0.658	0.852	0.016	1.347	1.320	2.106	1.675	0.965	0.615	1.223	0.011	0.774	0.405	0.030	0.261	-0.446
Magneto	AMB_RS15295	AMB_RS15295		iron donor protein CyaY	0.020	-2.174	-0.993	-2.158	-3.554	-2.339	-2.540	-1.333	-1.924	-2.803	-0.839	-1.450	-1.688	-2.177	-1.777	-1.048	-1.845	-1.597	-3.124	-2.334	-2.469	-2.905	-2.959	-2.156	-2.171	-2.351	-2.116	-2.267	-1.974	-1.962	-0.957	-1.768	-1.579	-1.121	-1.266	-1.603
Magneto	AMB_RS15305	AMB_RS15305		adenylate/guanylate cyclase domain-containing protein	-0.291	-0.173	0.965	0.157	-0.265	0.204	-0.212	-0.619	-1.163	0.659	1.347	1.398	-0.028	-0.273	-0.021	-1.081	-1.151	-1.217	0.579	1.015	1.929	0.197	0.496	-0.084	-0.040	-0.143	0.054	-1.126	-0.504	-1.017	1.467	1.741	0.942	1.066	0.796	1.828
Magneto	AMB_RS15310	AMB_RS15310		adenylate/guanylate cyclase domain-containing protein	0.561	-0.412	-1.229	-0.104	-1.703	-0.030	0.755	-1.380	-1.481	-0.533	2.224	-0.268	-2.521	-0.276	-0.793	0.511	-1.696	-1.622	-2.088	-0.046	1.336	-0.249	-0.837	-0.397	0.028	-0.744	-1.113	-0.547	-1.109	-0.808	0.024	-0.542	-0.974	1.198	-0.020	-0.358
Magneto	AMB_RS15315	AMB_RS15315		DUF1465 domain-containing protein	-0.474	0.211	-2.226	-0.875	-0.366	-0.286	0.775	-0.180	0.186	-0.425	-0.763	-0.082	0.261	0.315	0.034	0.118	-0.385	-0.177	0.409	0.051	-0.181	-0.005	-0.365	-0.568	-1.270	-0.842	-0.612	-1.445	-0.991	-0.435	-1.640	0.090	-1.481	-0.273	-0.037	-0.968
Magneto	AMB_RS15320	AMB_RS15320		hypothetical protein	-0.495	-1.308	-0.701	-0.568	-0.716	0.627	-0.239	-0.890	-0.268	-0.117	-0.139	-0.880	-0.952	-0.334	0.348	-1.722	-1.117	-1.936	-0.763	-0.604	0.163	-1.004	-0.850	0.468	-0.049	-1.231	-1.432	-0.064	-0.862	-1.277	1.272	-1.175	0.494	-1.452	0.612	-0.612
Magneto	AMB_RS15325	AMB_RS15325		tungsten ABC transporter permease	1.441	-0.187	0.738	1.146	0.695	0.504	0.293	-0.030	-0.242	0.729	-0.394	-0.623	-0.074	2.373	1.143	-0.687	0.593	-0.081	0.501	0.902	0.407	0.191	-0.009	0.210	0.186	0.832	1.208	0.088	0.614	0.967	1.734	1.828	1.479	2.172	0.080	-1.122
Magneto	AMB_RS15330	AMB_RS15330		tungsten ABC transporter substrate-binding protein	-1.730	0.134	-0.814	-2.416	-0.750	-1.918	-0.457	-1.858	-1.026	0.096	3.072	1.733	0.401	-1.211	-1.245	-1.967	-1.103	-0.336	-0.295	-0.533	0.494	-1.446	-0.809	-0.901	-0.183	-0.448	0.439	0.882	0.183	0.211	0.716	-0.113	0.496	0.671	0.849	-1.027
Magneto	AMB_RS15335	AMB_RS15335		ABC transporter ATP-binding protein	1.348	0.233	0.318	0.131	-0.738	0.395	-0.297	-0.624	0.145	-0.022	0.183	0.644	0.034	0.391	0.139	-0.094	-0.417	-0.489	-0.070	0.014	0.587	-0.646	-0.117	-0.042	0.434	0.962	0.975	0.777	0.546	0.789	0.091	1.073	0.063	0.288	0.906	1.291
Magneto	AMB_RS15340	AMB_RS15340		ABC transporter permease	1.757	-0.282	-0.399	0.148	-0.309	0.685	0.011	-0.414	-0.163	-0.066	-1.019	-0.645	-0.665	-0.140	-0.360	-0.045	0.213	0.586	0.103	-1.283	1.191	-0.626	-0.530	0.407	0.635	0.768	0.583	0.455	0.732	1.045	0.758	0.748	0.516	0.266	0.119	0.562
Magneto	AMB_RS15345	AMB_RS15345		30S ribosomal protein S12 methylthiotransferase RimO	0.806	1.092	-0.020	0.691	2.030	0.568	2.329	1.397	0.736	0.464	0.347	-0.146	1.754	1.945	1.118	1.269	1.324	1.658	-0.404	-0.922	-0.254	2.126	0.913	1.525	1.981	1.810	1.650	1.541	1.376	0.446	2.496	3.872	3.632	2.447	3.719	2.316
Magneto	AMB_RS15350	AMB_RS15350		PAS domain-containing sensor histidine kinase	-0.074	-0.685	0.224	0.787	-0.570	0.334	1.232	0.540	0.888	0.598	-1.421	-2.186	-0.216	0.313	-0.798	0.068	0.999	-1.235	-1.065	0.024	-0.669	0.239	-0.185	-0.041	0.512	0.609	0.295	0.395	0.394	0.467	0.834	0.645	-0.151	1.017	2.272	0.208
Magneto	AMB_RS15355	AMB_RS15355		chromosome partitioning ATPase	-2.875	5.300	1.640	0.927	-0.515	-0.477	-0.400	-0.542	-1.529	4.269	8.528	6.639	1.696	1.332	1.898	-1.434	-0.693	-1.698	2.155	4.949	6.747	1.423	-0.183	1.410	1.233	0.673	0.480	-1.159	-2.134	-1.518	9.232	3.507	5.977	5.211	5.333	2.014
Magneto	AMB_RS15360	AMB_RS15360		MarR family transcriptional regulator	0.901	1.838	-0.548	0.766	-0.732	-0.098	0.930	1.160	1.139	-0.594	0.278	0.102	0.747	-0.199	0.334	1.789	1.896	1.539	0.318	-0.336	0.010	0.265	-0.361	0.522	0.478	0.192	-0.389	1.391	0.473	0.473	-1.057	-1.091	0.194	-0.873	0.341	0.009
Magneto	AMB_RS15375	AMB_RS15375		methyl-accepting chemotaxis protein	0.698	-0.927	0.168	-0.543	-0.035	0.433	-0.217	0.177	0.989	-0.113	-0.061	1.061	-0.661	-0.204	0.237	0.334	-0.036	0.555	-0.186	0.149	-0.901	0.088	-1.696	0.277	-1.712	-1.090	-2.121	-2.113	-1.098	-1.595	-2.125	-0.787	-1.270	0.103	-1.559	-1.223
Magneto	AMB_RS15380	AMB_RS15380		serine protease	-0.869	-1.530	1.290	0.813	0.064	0.529	-1.077	0.457	0.608	0.300	0.725	-0.599	0.927	0.456	0.708	0.314	1.453	0.558	0.449	-0.606	0.185	-0.318	-0.788	-0.021	-0.210	1.224	0.684	-0.268	0.249	-0.779	0.305	-0.487	-0.455	0.305	0.307	-1.602
Magneto	AMB_RS15385	AMB_RS15385		DUF4384 domain-containing protein	0.053	0.442	1.289	0.909	1.340	-0.216	-0.382	-0.577	-0.556	1.137	1.457	0.729	-0.365	1.238	0.124	-0.005	-1.304	-0.370	0.826	0.682	0.620	-0.269	0.005	0.565	-0.012	0.332	0.014	-1.687	-0.961	-2.003	0.530	1.540	1.573	1.046	0.923	1.396
Magneto	AMB_RS15390	AMB_RS15390		hypothetical protein	0.812	0.456	-0.393	-0.219	-0.554	0.894	0.072	0.185	0.320	-0.194	-0.002	-0.057	0.792	0.434	0.545	0.670	0.165	0.280	-0.473	-0.208	0.100	0.337	0.214	0.056	-0.179	-0.905	-0.813	-1.285	-0.165	-0.827	-0.370	-0.423	0.874	0.813	0.272	-0.502
Magneto	AMB_RS15395	AMB_RS15395		hypothetical protein	-0.392	0.902	0.333	-0.080	0.655	0.914	0.908	0.135	0.403	-0.661	0.495	0.826	-0.800	0.498	-0.358	0.174	0.017	0.899	-1.512	1.796	0.619	-0.437	0.240	0.611	0.442	0.165	-0.453	0.718	0.313	-0.116	-1.418	0.604	-0.845	0.795	2.251	-0.061
Magneto	AMB_RS15400	AMB_RS15400		GntR family transcriptional regulator	-0.579	0.972	1.258	0.934	0.888	1.404	1.086	1.698	1.051	-0.831	-1.307	0.394	1.196	1.236	1.127	0.921	1.132	0.998	1.210	1.596	1.844	0.564	1.030	1.199	-1.889	-1.190	-1.320	-1.410	-1.573	-1.677	-1.187	0.217	-0.132	-1.230	0.247	-0.375
Magneto	AMB_RS15405	AMB_RS15405		tetratricopeptide repeat protein	-1.049	0.636	-0.209	0.073	0.124	0.898	-0.179	-0.172	-0.763	0.030	1.473	0.529	-0.000	-0.045	-0.173	-0.372	-1.483	-0.657	-0.818	-0.202	0.180	-0.504	-0.758	0.245	-0.955	-1.187	-0.822	-1.188	0.249	-0.712	-1.314	-0.368	-1.340	-0.495	-0.771	-1.286
Magneto	AMB_RS15410	AMB_RS15410		outer membrane protein	1.137	-1.055	-1.490	-1.659	2.257	1.797	-0.746	2.250	2.018	-6.093	-1.442	-0.296	-1.087	-4.935	-1.649	1.011	0.216	2.082	1.260	0.355	0.643	-2.013	-2.486	-2.168	-3.952	-0.477	-2.434	-0.247	-0.743	-1.909	-2.674	-2.470	-3.765	1.827	-0.477	0.337
Magneto	AMB_RS15415	AMB_RS15415		glycogen/starch/alpha-glucan phosphorylase	-1.023	-1.701	0.070	-0.183	-0.026	1.245	0.093	1.454	1.097	0.448	1.045	1.564	1.156	0.424	0.148	0.219	0.431	0.424	-0.591	-0.211	-0.908	1.044	0.486	1.473	-1.585	-1.193	-1.502	-1.197	-1.384	-1.307	0.184	-2.201	-2.189	-0.504	-2.080	-1.557
Magneto	AMB_RS15420	AMB_RS15420		4-alpha-glucanotransferase	0.460	-1.138	0.788	-0.633	0.167	0.570	-0.256	-1.150	0.354	-0.868	1.161	-0.330	0.265	-0.730	-0.558	-1.137	-1.223	-0.050	-1.897	0.185	-0.322	-2.178	-0.667	-0.557	1.227	1.365	1.549	2.016	1.703	0.966	2.304	0.374	0.510	1.316	0.492	-0.449
Magneto	AMB_RS15425	AMB_RS15425		glycogen debranching enzyme GlgX	-2.309	-2.595	0.572	-1.133	-1.354	-1.041	-1.011	-0.483	-0.531	-0.209	0.068	-0.732	-1.241	-1.216	-1.586	-0.530	-0.335	-1.327	-1.213	-0.278	-0.383	-1.224	-1.121	-1.361	-1.614	-1.399	-1.537	-1.704	-0.468	-0.984	-0.135	-0.485	-0.346	1.488	-1.472	-1.715
Magneto	AMB_RS15435	AMB_RS15435		hypothetical protein	0.694	-0.166	0.888	-0.755	0.861	-0.763	0.227	1.371	1.102	0.332	0.837	0.556	0.845	-0.360	1.259	0.940	1.735	1.964	-0.012	-1.107	1.934	0.528	0.998	0.562	-1.676	-0.654	-2.091	-0.329	-1.501	-1.075	-3.451	-1.131	-3.174	-1.190	-0.193	-1.889
Magneto	AMB_RS15440	AMB_RS15440		methyl-accepting chemotaxis protein	0.373	-0.893	-0.510	-0.820	-1.035	-0.765	-0.018	-0.684	0.736	-0.944	0.601	-0.501	0.624	-0.468	-1.000	-0.089	-0.167	-0.298	-0.957	-1.385	-0.777	0.471	-0.050	-0.536	-0.390	-0.347	-1.440	-1.096	-1.618	-1.806	-0.532	-0.439	-1.946	-0.060	-1.874	0.436
Magneto	AMB_RS15445	AMB_RS15445		hypothetical protein	0.143	0.317	-0.634	-0.043	1.288	-0.141	-0.051	-0.255	0.084	0.590	-1.764	1.331	0.542	0.892	0.448	-0.058	0.781	1.259	0.217	-0.837	0.717	-0.010	0.706	0.244	-0.223	0.412	-0.334	0.705	0.250	0.405	1.526	0.852	-0.054	1.199	-0.798	0.012
Magneto	AMB_RS15450	AMB_RS15450		sulfoxide reductase heme-binding subunit YedZ	-2.757	-0.943	0.832	-0.047	0.402	1.256	-0.816	-1.187	-0.409	-0.202	0.617	0.338	-0.534	0.830	0.086	0.000	-0.070	-0.578	-0.107	-0.521	1.902	0.338	1.027	0.398	-2.274	-1.671	-1.111	-1.926	-1.285	-1.531	-0.216	-1.225	-1.063	-1.793	-0.312	-0.530
Magneto	AMB_RS15455	AMB_RS15455		mononuclear molybdenum enzyme YedY	0.581	-1.222	-0.850	0.667	-0.402	0.324	-0.266	0.168	0.047	0.095	-1.257	-0.166	0.945	-0.456	-1.198	-0.854	-0.321	-0.113	-0.230	-0.718	-0.291	0.541	0.946	-0.246	0.323	0.703	0.076	0.676	1.654	0.625	-2.686	1.076	1.457	1.302	0.567	1.349
Magneto	AMB_RS15465	AMB_RS15465		DUF898 domain-containing protein	-0.040	1.441	1.367	0.928	-0.662	1.168	0.750	0.620	0.501	-0.928	1.127	-0.181	0.024	0.642	0.621	0.037	0.960	-0.282	0.743	0.320	-0.102	0.347	0.660	0.458	-0.024	-0.065	-0.808	0.348	-0.590	-0.201	-0.350	0.233	0.377	0.181	0.707	0.317
Magneto	AMB_RS15470	AMB_RS15470		oxidoreductase	0.076	-1.167	-0.538	0.407	-0.476	0.404	0.147	0.204	-0.006	0.831	-0.872	0.194	0.345	0.300	0.192	0.708	-0.581	0.787	-0.358	-1.399	-1.196	-0.187	-1.542	-1.181	0.846	1.756	2.036	1.146	0.531	1.055	1.139	1.420	0.282	-0.169	1.542	1.657
Magneto	AMB_RS15480	AMB_RS15480		1,4-dihydroxy-2-naphthoate octaprenyltransferase	-2.425	0.267	-0.150	-0.720	-0.107	-0.624	-0.213	-0.156	-1.012	0.230	-0.241	-0.176	-0.277	-0.209	-0.112	-0.199	-0.890	-0.015	0.025	1.051	-0.672	-0.701	-1.402	-0.001	-2.709	-2.138	-1.724	-3.381	-2.472	-2.474	-4.295	-5.389	-3.257	-1.703	-1.913	-4.902
Magneto	AMB_RS15485	AMB_RS15485		bifunctional demethylmenaquinone methyltransferase/2-methoxy-6-polyprenyl-1,4-benzoquinol methylase UbiE	-1.270	-1.109	0.546	0.555	0.210	-0.371	-0.365	0.176	-0.020	0.541	-0.697	0.127	0.171	0.088	0.114	1.297	0.672	0.573	0.178	-0.640	0.697	0.061	-0.142	-0.697	-2.101	-1.525	-1.342	-0.957	-2.063	-0.779	-2.171	-3.003	-2.202	-2.133	-2.357	-2.134
Magneto	AMB_RS15490	AMB_RS15490		ABC transporter permease	-0.072	-1.488	-0.062	-0.490	1.194	-1.122	-1.158	-0.749	-0.638	1.643	0.059	1.577	-1.305	-0.697	0.245	0.719	-0.119	0.239	0.051	0.165	0.600	-0.247	0.685	0.459	-3.199	-3.333	-2.702	-4.048	-4.236	-4.554	-2.226	-6.369	-2.675	-2.426	-2.449	-4.387
Magneto	AMB_RS15495	AMB_RS15495		hypothetical protein	0.137	-1.462	0.853	1.896	-0.073	0.104	0.540	0.681	0.317	3.136	1.117	1.673	0.670	0.679	-0.851	0.409	0.929	0.794	1.450	0.531	-1.111	-0.154	0.987	0.344	-0.725	-0.454	-0.667	-0.546	-0.126	-0.219	-0.353	-0.824	0.196	-0.037	-0.529	-1.028
Magneto	AMB_RS15500	AMB_RS15500		ABC transporter ATP-binding protein	-0.248	-0.957	-0.030	0.047	0.442	0.255	-0.666	-0.079	-0.277	1.024	-0.025	1.107	0.197	-0.412	-0.099	0.191	-0.610	-0.020	0.692	0.586	0.074	0.481	-0.009	0.208	-2.111	-2.471	-2.144	-2.180	-1.421	-1.913	0.119	-0.781	-2.024	-1.548	-0.242	-1.964
Magneto	AMB_RS15505	AMB_RS15505		NapH/MauN family ferredoxin-type protein	-0.294	-1.005	1.735	-0.201	-0.075	0.103	-0.395	-0.901	-0.410	0.292	0.073	1.425	0.786	-0.842	-2.297	-0.638	-0.578	0.669	0.755	1.543	-0.994	0.033	0.482	-0.086	-2.307	-2.039	-2.035	-2.309	-2.081	-1.526	-2.075	-3.624	-3.624	-1.471	-2.956	-3.798
Magneto	AMB_RS15510	AMB_RS15510		4Fe-4S dicluster domain-containing protein	-1.449	-0.003	-0.031	-1.452	-0.460	-0.709	-0.018	-1.216	-1.042	0.492	-1.108	-0.996	-1.242	-0.742	-1.282	0.403	-0.914	-0.613	-0.520	-0.240	-1.229	-0.950	-0.013	-1.397	-1.461	-1.360	-1.460	-1.334	-0.537	-1.264	0.207	-1.317	-1.307	-1.140	-1.825	-3.223
Magneto	AMB_RS15515	AMB_RS15515		nitrous oxide reductase family maturation protein NosD	-0.161	-1.529	-0.902	-1.552	-1.722	-1.469	-1.642	-1.249	-0.455	0.467	0.547	0.889	-1.512	-2.531	-3.054	-0.825	-1.159	-0.884	-1.427	-0.715	-1.281	-0.647	-1.224	-0.995	-4.135	-2.919	-3.915	-3.348	-3.460	-3.366	-3.476	-5.689	-5.166	-3.742	-5.232	-6.153
Magneto	AMB_RS15520	AMB_RS15520		hypothetical protein	-0.941	-1.837	-0.707	-1.023	-1.314	-1.325	-1.524	-1.091	-1.811	1.056	-0.125	1.021	-1.474	-1.704	-1.128	-1.461	-0.869	-1.932	-0.812	-1.884	0.544	-0.714	-1.248	-0.834	-2.052	-3.065	-3.279	-2.607	-2.710	-3.030	-1.701	-3.876	-3.392	-3.482	-6.035	-4.274
Magneto	AMB_RS15525	AMB_RS15525		cytochrome c553	-1.030	-1.885	-0.990	-3.108	0.253	-2.480	-1.675	-0.046	-1.442	0.094	-1.025	0.881	-1.609	-1.015	-0.889	0.084	-0.245	-1.067	-2.202	-2.365	-2.256	-1.181	-1.149	-0.690	-2.815	-2.036	-2.097	-1.907	-1.641	-1.035	-1.963	-3.999	-4.548	-3.734	-3.833	-4.798
Magneto	AMB_RS15530	AMB_RS15530		cytochrome c4	0.646	-0.936	0.600	0.001	-0.027	-0.669	0.020	-0.286	-0.084	1.818	-1.136	1.954	-0.885	-1.052	-1.604	-0.673	0.173	-0.194	0.455	0.109	1.472	-0.760	-0.037	0.338	-2.748	-2.509	-3.504	-3.112	-2.727	-2.101	-2.472	-2.502	-3.510	-2.926	-1.153	-2.766
Magneto	AMB_RS15535	AMB_RS15535		cytochrome c	0.104	-1.224	1.043	-1.685	-0.924	-1.002	-1.612	-1.036	-1.024	1.410	1.463	2.862	-1.111	-1.437	-0.188	0.405	0.637	-0.434	0.312	0.695	0.301	-0.801	0.680	-0.483	-5.025	-4.764	-4.382	-3.832	-3.812	-3.746	-2.988	-7.267	-7.028	-5.238	-4.881	-5.953
Magneto	AMB_RS15540	AMB_RS15540		SCO family protein	-4.400	-1.349	0.484	-1.482	-1.812	-1.714	-2.377	-2.649	-2.249	-1.783	-1.029	-1.450	-2.323	-2.826	-3.079	-2.248	-2.362	-1.523	-1.858	-1.681	-0.951	-1.474	-1.919	-2.058	-3.268	-3.449	-3.918	-3.375	-2.320	-3.388	-1.832	-5.304	-3.158	-3.840	-4.212	-4.436
Magneto	AMB_RS15550	AMB_RS15550		copper chaperone PCu(A)C	-0.942	-0.549	0.022	-4.559	-2.652	-1.680	-3.293	-4.136	-2.034	-4.807	-1.800	-4.448	-2.693	-4.966	-3.271	-2.154	-2.157	-3.629	-2.870	-2.434	-2.552	-2.474	-2.041	-4.682	-2.796	-1.738	-2.268	-2.873	-2.658	-2.364	-3.865	-1.849	-3.292	-4.459	-1.919	-2.479
Magneto	AMB_RS15555	AMB_RS15555		hypothetical protein	0.310	1.352	-0.120	-1.064	0.598	-0.787	-1.623	-0.769	-0.266	0.054	-0.687	-1.078	0.321	-0.856	0.691	-0.034	0.579	0.505	-0.021	0.016	0.003	-0.169	-0.463	0.853	-0.316	-0.310	-0.220	-0.283	0.054	-0.037	-0.044	-0.452	0.124	-0.700	-0.168	-0.716
Magneto	AMB_RS15560	AMB_RS15560		hemerythrin	-0.112	-0.270	-0.329	-0.284	0.280	-1.056	-0.778	-0.485	-1.002	0.349	0.051	0.174	0.140	-0.302	-0.726	0.689	-0.546	0.065	0.632	-0.773	-0.422	-0.113	-0.891	-0.956	-0.170	-0.186	0.490	-0.345	0.518	-0.500	0.565	-0.148	0.332	0.243	0.573	0.419
Magneto	AMB_RS15570	AMB_RS15570		signal transduction protein	0.531	0.213	-0.798	-1.149	0.028	-0.388	-0.150	-0.585	-0.886	-0.207	-1.285	-0.415	0.215	-1.016	-0.169	0.236	0.149	-0.491	-0.502	-0.123	-0.426	-0.449	-0.962	-0.570	-0.570	0.250	-0.049	-0.080	-0.348	-0.568	0.272	-0.328	0.449	0.428	-0.710	-0.161
Magneto	AMB_RS15575	AMB_RS15575		diguanylate cyclase	-0.235	2.083	-0.282	-0.358	-1.199	-0.799	-1.150	0.725	0.036	-0.357	-1.238	1.586	-0.511	0.390	0.991	-0.588	0.860	0.500	-0.039	-0.364	-0.487	-0.610	-0.659	-0.366	1.582	2.050	1.072	1.568	-0.275	0.870	0.718	0.243	-0.215	-0.457	-0.203	0.468
Magneto	AMB_RS15580	AMB_RS15580		cyclic nucleotide-binding protein	-2.654	1.153	0.661	-0.558	0.555	0.631	-1.141	-0.751	-1.083	0.990	1.207	0.670	-0.264	1.044	-0.222	-1.372	-0.270	-0.968	0.783	0.698	0.921	0.820	0.736	0.326	-0.478	-0.610	0.032	-0.719	-1.471	-0.653	1.507	0.662	0.823	0.709	1.186	0.461
Magneto	AMB_RS15585	AMB_RS15585		PAS domain-containing sensor histidine kinase	1.641	-0.453	0.103	0.688	1.198	1.242	0.337	-0.700	0.631	0.684	0.272	1.072	1.692	-0.226	0.899	-0.552	1.607	1.386	1.481	-1.537	-0.201	-0.359	0.498	0.572	-1.126	-0.998	-0.713	-0.799	-0.691	-0.080	-0.724	-1.296	0.421	0.546	0.583	-0.308
Magneto	AMB_RS15590	AMB_RS15590		YgiQ family radical SAM protein	0.076	0.726	0.440	-0.233	-0.549	-0.114	-1.290	-0.411	0.093	0.130	-0.431	0.443	0.245	-0.073	-0.460	-0.567	-0.023	-0.553	0.230	-0.186	0.159	-0.396	0.609	-0.027	0.051	0.046	0.386	0.603	0.227	0.480	0.779	0.002	0.107	0.727	0.482	0.375
Magneto	AMB_RS15595	AMB_RS15595		hypothetical protein	-0.388	-0.448	0.554	0.503	0.066	0.269	0.832	1.276	1.227	-0.286	-0.719	0.725	0.470	0.613	-0.118	0.667	0.432	0.027	-0.592	0.908	0.514	1.131	-0.573	0.491	0.497	1.208	1.415	1.253	0.989	0.921	1.287	0.123	0.324	0.025	0.928	0.996
Magneto	AMB_RS15605	AMB_RS15605		ChbG/HpnK family deacetylase	-0.432	-0.572	2.301	-3.401	-3.204	-2.969	-3.193	-3.564	-3.394	-0.594	0.654	1.207	-2.613	-2.773	-2.140	-3.698	-1.189	-2.429	-1.949	-0.343	0.988	-2.111	-1.494	-1.932	-3.606	-3.803	-3.994	-3.144	-3.922	-4.260	-2.129	-3.372	-3.807	-2.766	-2.144	-5.031
Magneto	AMB_RS15610	AMB_RS15610		hypothetical protein	-6.233	-2.395	9.107	-4.681	-3.620	-6.929	-7.784	-4.299	-5.009	1.317	3.125	2.776	-3.025	-2.970	-3.830	-4.882	-4.436	-3.614	-0.047	1.277	0.096	-1.396	-3.249	-2.725	-9.042	-8.007	-7.741	-9.921	-8.651	-10.741	-3.993	-8.188	-3.620	-4.323	-4.902	-6.749
Magneto	AMB_RS15615	AMB_RS15615		PAS domain-containing protein	-0.635	-0.222	-0.338	-0.013	0.268	-0.418	0.334	-0.467	-0.412	0.289	1.998	0.421	-0.298	0.078	-0.463	-0.935	-0.722	-0.137	-0.053	-0.353	-0.324	-0.632	0.252	0.103	-0.704	-0.465	-1.360	-0.414	-0.060	-0.456	0.028	-0.549	0.594	0.884	-0.997	-1.459
Magneto	AMB_RS15620	AMB_RS15620		RluA family pseudouridine synthase	1.103	-2.022	-0.281	-0.810	-1.605	-1.683	-2.209	-0.527	-0.356	-3.765	-0.846	-2.168	-0.763	-0.277	-0.089	-0.426	-1.033	-1.683	-1.595	-1.147	-1.673	-0.476	-1.334	-2.334	-0.843	-0.079	-0.299	-0.469	-0.212	-0.408	-1.812	-4.323	-2.182	-4.165	-1.630	-3.901
Magneto	AMB_RS15625	AMB_RS15625		phosphatase	0.186	1.168	2.058	0.531	0.784	0.530	0.821	1.681	1.843	1.423	1.164	0.633	1.033	1.939	-0.360	1.342	1.376	1.994	1.426	-0.261	1.129	0.839	0.763	2.183	0.261	0.036	0.438	-0.039	-0.158	-0.087	0.206	1.904	1.970	-0.531	1.180	0.945
Magneto	AMB_RS15630	AMB_RS15630		AsmA family protein	1.025	1.062	2.269	0.532	-0.139	1.028	0.987	1.047	0.469	2.164	1.127	2.620	0.947	0.728	0.870	1.651	0.864	1.199	1.799	0.960	1.302	1.296	1.903	1.647	-2.310	-1.506	-3.194	-2.679	-2.873	-2.848	-1.622	-0.128	-0.677	-2.382	-1.538	-1.995
Magneto	AMB_RS15640	AMB_RS15640		methyltransferase domain-containing protein	0.853	0.949	0.150	0.315	0.312	-0.351	1.060	0.268	0.913	0.766	0.130	-0.553	0.434	0.969	0.400	0.773	0.930	0.912	0.241	0.606	0.497	1.617	0.456	0.370	-1.738	-1.712	-1.261	-0.726	-1.935	-1.670	-1.440	-2.542	-2.140	-1.786	-1.769	-2.088
Magneto	AMB_RS15800	AMB_RS15800		lytic transglycosylase domain-containing protein	-2.294	0.445	-0.238	-0.532	-1.017	-0.539	-0.567	-0.762	-0.366	-0.368	-1.788	-0.776	0.008	-1.337	0.534	-0.192	0.004	-0.492	0.136	0.064	0.129	-0.627	-0.284	0.698	-1.399	-1.266	-1.697	-1.361	-1.112	-1.517	-1.518	0.206	-1.065	-1.747	-0.085	-0.420
Magneto	AMB_RS15805	AMB_RS15805		hypothetical protein	2.483	-1.036	-0.178	1.405	0.432	0.285	0.127	0.252	0.917	-0.042	0.182	0.973	0.439	0.547	-0.421	-0.025	0.409	-0.419	-0.109	-0.600	0.529	0.048	-0.694	0.116	-0.042	0.563	1.474	0.094	-0.736	0.523	-0.387	0.806	0.787	0.586	2.030	1.414
Magneto	AMB_RS15810	AMB_RS15810		trypsin-like serine protease	0.280	-0.419	0.796	-0.536	0.553	0.449	-1.085	0.975	0.076	0.612	0.024	-0.998	0.700	1.212	0.097	-0.087	-0.224	-0.200	0.693	1.637	-0.054	0.778	0.160	0.330	-0.341	-0.915	-0.541	-0.796	-1.002	-0.892	-1.413	-0.757	-0.602	0.232	1.193	-0.614
Magneto	AMB_RS15895	AMB_RS15895		hypothetical protein	0.239	0.224	0.647	-0.132	-1.149	0.601	-0.244	-0.448	-0.862	-0.097	-0.257	0.099	0.589	-0.067	0.302	-0.081	0.535	0.571	0.700	0.433	-1.138	0.415	0.339	1.225	0.071	0.338	0.220	0.741	1.593	0.656	0.279	-1.144	-0.169	2.838	-0.552	0.663
Magneto	AMB_RS15905	AMB_RS15905		hypothetical protein	1.510	-0.469	-1.591	-1.062	-1.403	-1.211	0.749	-0.892	0.463	-1.879	-2.111	-1.463	-0.236	-1.256	-1.991	0.187	1.100	0.806	-2.295	-0.559	-1.247	-0.781	0.259	-0.447	-0.896	-1.047	-0.172	1.490	1.756	1.050	-0.613	-2.005	-2.376	-0.670	0.303	0.116
Magneto	AMB_RS15910	AMB_RS15910		hypothetical protein	-0.236	-0.299	0.199	-0.518	-0.410	0.551	-0.887	-0.072	-0.790	-0.277	2.291	0.811	0.067	-0.856	-0.212	0.273	-0.777	-0.886	0.514	-0.080	0.146	-0.156	0.378	0.004	0.086	0.639	0.421	-0.652	-0.468	-0.461	0.273	1.313	0.316	0.083	0.673	0.750
Magneto	AMB_RS15915	AMB_RS15915		protease secretion ATP-binding protein prtD	-0.855	1.242	-0.300	-1.184	0.634	-0.470	0.124	-1.210	-0.302	0.401	0.374	0.894	0.540	-0.726	-0.192	-0.780	0.175	-0.698	1.344	1.750	-0.721	-0.369	-0.451	-0.604	1.029	0.813	0.730	-0.044	0.787	0.474	1.074	-0.287	0.144	0.467	0.739	0.563
Magneto	AMB_RS15920	AMB_RS15920		HlyD family type I secretion periplasmic adaptor subunit	-0.123	0.602	-0.480	-0.784	-0.289	0.487	-0.615	0.332	-0.604	-0.640	0.641	-0.178	-0.275	0.101	-1.648	-0.997	-0.703	-0.269	0.616	0.258	0.507	0.399	1.036	0.327	0.630	0.568	0.077	0.134	-0.150	-0.044	-0.272	-0.854	-0.584	1.722	1.098	1.051
Magneto	AMB_RS15930	AMB_RS15930		hypothetical protein	-0.391	0.502	-1.319	-1.389	-0.874	-1.913	-0.261	-0.271	0.382	-1.809	0.221	-1.351	-1.867	-1.164	-1.568	-0.617	-0.236	-0.558	-0.123	-0.061	-0.085	0.270	-0.210	-1.563	0.250	-0.060	0.127	-0.365	0.108	-0.244	-1.160	-0.501	0.009	-0.130	-0.434	0.333
Magneto	AMB_RS15935	AMB_RS15935		hypothetical protein	-1.066	-0.670	0.848	1.564	1.285	1.232	1.172	0.773	-0.387	1.677	1.621	0.168	0.463	0.384	-0.557	-0.003	0.114	-0.179	1.082	1.405	1.522	1.050	0.522	0.854	0.495	1.384	1.105	1.001	1.318	-0.120	-0.386	-0.188	0.788	-0.801	0.938	0.335
Magneto	AMB_RS15940	AMB_RS15940		hypothetical protein	0.519	0.062	0.040	0.485	-1.455	-0.677	-0.041	-0.446	0.180	0.185	-0.161	0.199	-1.339	0.149	-0.610	-0.527	-0.122	-0.098	0.185	0.858	0.185	-0.096	0.152	-0.627	0.639	1.322	1.171	1.042	2.474	0.291	1.348	0.572	-0.065	-1.027	1.300	0.506
Magneto	AMB_RS15945	AMB_RS15945		hypothetical protein	-1.213	1.037	-0.496	-0.772	-0.515	-1.056	-0.888	-1.687	-1.327	-0.604	0.009	0.364	-1.163	-1.287	-0.734	-1.612	-0.380	-1.691	-0.225	-0.797	-0.066	-1.069	-0.136	-0.174	-0.998	-0.372	-0.700	-0.878	-0.236	-1.000	0.087	0.121	0.835	-1.155	-0.196	0.691
Magneto	AMB_RS15950	AMB_RS15950		flagellar motor protein	0.783	0.543	-0.841	-0.881	0.577	-0.044	0.594	0.242	1.008	0.119	-0.491	0.126	-0.703	0.422	0.071	0.138	0.225	0.495	-0.284	-0.277	-0.057	-0.168	-0.017	0.983	0.424	0.653	1.304	0.966	0.747	1.447	-1.175	-0.208	-1.541	-0.810	0.068	0.349
Magneto	AMB_RS15955	AMB_RS15955		flagellar motor component	0.368	0.150	-1.074	-0.900	-0.516	-1.225	0.363	-0.462	-0.594	-0.700	1.120	-0.470	-1.014	-0.200	-0.188	-0.878	-0.362	-0.899	-1.060	-1.151	-1.531	-0.629	-0.927	-0.044	0.778	0.743	1.194	0.867	1.219	1.126	0.318	-0.733	0.596	-0.194	-0.985	-0.181
Magneto	AMB_RS15960	AMB_RS15960		hypothetical protein	0.984	0.495	-1.000	-0.250	-0.670	-0.441	0.213	0.449	-0.022	0.317	1.017	1.157	0.200	-0.387	0.823	0.885	0.228	0.031	-0.335	-0.415	0.486	0.127	0.190	-0.157	-0.339	-0.223	-1.004	-0.056	0.329	0.117	0.083	-0.942	-0.419	-1.028	-0.373	0.306
Magneto	AMB_RS15965	AMB_RS15965		bifunctional (p)ppGpp synthetase/guanosine-3',5'-bis(diphosphate) 3'-pyrophosphohydrolase	1.343	-0.720	0.532	0.579	1.152	-0.349	0.711	0.815	0.769	1.201	-0.860	0.328	-0.184	0.181	0.056	0.707	0.344	1.067	1.523	-1.224	-0.878	1.508	0.605	-0.114	-0.517	-0.580	0.034	-1.116	-0.240	-0.601	-0.674	-1.315	0.047	-1.730	0.408	0.605
Magneto	AMB_RS15975	AMB_RS15975		hypothetical protein	-0.718	0.233	-2.437	-0.608	-0.323	-1.065	-1.366	-1.504	-1.872	-0.887	0.201	-0.406	-1.389	-1.133	-0.979	-1.538	-0.941	0.124	-2.903	-1.641	-0.796	-0.973	0.034	-0.586	0.166	0.504	0.273	0.391	0.462	0.539	-1.117	-0.180	-0.533	1.094	-0.702	-1.239
Magneto	AMB_RS15980	AMB_RS15980		hypothetical protein	-1.058	0.087	-0.771	0.110	-1.719	-0.139	-0.646	-1.644	-0.695	-1.390	1.219	-0.359	-1.481	-1.332	-0.729	-1.277	-0.512	-0.938	-0.788	-1.963	-1.055	-0.422	0.501	-0.431	0.200	-0.335	-0.389	-0.575	-0.184	-0.558	0.976	-0.844	0.108	0.019	0.383	0.724
Magneto	AMB_RS15985	AMB_RS15985		recombinase family protein	-0.909	0.412	-0.124	-0.426	-0.239	0.458	1.760	0.531	0.344	-1.178	0.102	0.686	-0.337	0.207	-0.727	0.822	1.015	1.377	0.478	-0.500	-0.246	-1.275	0.449	0.738	-2.141	-0.995	-1.427	-1.361	-1.103	-0.523	-0.823	-1.225	-1.580	-0.610	-0.712	-1.159
Magneto	AMB_RS16000	AMB_RS16000		isochorismatase hydrolase	-0.965	0.314	0.180	0.544	-0.078	-0.212	0.788	0.673	-0.952	0.699	0.936	-1.092	-0.872	-0.062	1.222	1.513	1.138	0.022	0.105	0.449	-0.133	1.462	1.048	0.348	-0.159	-0.663	-0.634	-0.733	-1.349	0.294	0.354	-0.007	-0.324	0.071	0.622	-0.806
Magneto	AMB_RS16005	AMB_RS16005		alkene reductase	-0.300	-0.856	-0.551	-0.329	0.737	0.168	-0.966	-0.066	-0.390	1.131	1.648	2.681	0.913	-0.112	0.903	-0.370	-0.276	-0.154	1.675	1.257	0.660	0.524	0.775	-0.494	0.033	0.635	0.017	-0.809	-0.065	0.293	0.360	2.085	1.973	0.302	1.073	1.384
Magneto	AMB_RS16025	AMB_RS16025		MFS transporter	-1.702	-1.638	12.498	-0.891	0.503	0.280	0.953	1.604	0.261	-6.308	-3.270	-4.818	-0.529	-2.137	-1.097	0.131	0.315	0.674	-5.819	-3.360	-3.370	0.839	0.700	-0.323	0.246	0.359	0.487	1.306	-0.068	0.277	-2.066	-4.257	-4.995	-3.991	-4.967	-4.994
Magneto	AMB_RS16035	AMB_RS16035		L(+)-tartrate dehydratase subunit alpha	-0.211	2.159	0.898	-0.374	0.277	-0.406	-1.424	-0.638	-0.307	-0.017	-0.052	-1.235	0.838	0.589	-0.082	1.071	-0.056	0.031	0.962	0.217	-0.177	0.319	0.079	1.320	-0.675	-1.413	-0.396	-0.523	-0.713	-0.807	-0.124	-0.173	0.046	0.108	-0.539	-0.412
Magneto	AMB_RS16045	AMB_RS16045		hypothetical protein	1.138	-1.093	-0.162	-0.450	-1.126	-0.076	-0.543	-0.338	0.042	-0.470	-1.572	-0.497	-1.011	-1.073	-0.664	0.323	1.225	0.231	-1.258	-1.159	-1.190	-0.581	-0.056	-0.010	-1.543	-0.507	-0.840	0.842	0.600	1.204	0.355	-0.928	-2.238	-1.446	-1.546	-0.277
Magneto	AMB_RS16050	AMB_RS16050		hypothetical protein	-0.490	0.876	0.188	-0.840	-1.010	0.364	-0.153	0.541	-0.354	-1.159	-0.414	-1.336	-0.497	-0.346	-0.466	0.407	0.578	-0.067	-1.086	-1.576	-1.306	0.916	0.811	0.568	-0.508	0.469	0.400	0.672	1.102	0.053	-1.751	-1.432	-1.475	-0.202	-1.392	-0.518
Magneto	AMB_RS16060	AMB_RS16060		hypothetical protein	2.321	-1.139	-1.524	-0.352	-0.967	-0.041	1.911	0.844	1.907	-0.270	-0.160	-0.351	-0.208	-0.965	-0.059	2.159	3.120	3.520	-1.239	0.140	-0.032	-0.030	0.711	-0.396	-1.033	-0.271	-0.131	1.747	1.590	1.850	0.558	-0.319	-0.042	1.056	0.649	0.322
Magneto	AMB_RS16065	AMB_RS16065		MucR family transcriptional regulator	-0.331	-1.099	-0.405	-0.129	-0.167	0.504	1.490	-0.028	0.092	-0.091	-1.041	0.120	0.944	-0.409	0.562	0.334	0.463	0.477	0.099	0.432	-0.430	0.833	1.562	1.278	-0.531	0.306	0.353	-0.016	0.036	-0.789	-0.050	-1.390	-0.646	1.399	-0.673	-0.026
Magneto	AMB_RS16070	AMB_RS16070		transcriptional regulator	-0.355	1.350	-0.398	0.152	-0.657	0.476	0.237	-0.188	0.582	0.024	-0.992	0.703	-1.429	-0.710	0.688	-0.080	0.852	0.794	2.394	-0.436	-0.879	0.394	1.321	1.353	-0.367	0.208	-0.156	-0.027	-0.115	-0.053	0.210	-0.609	-0.029	-1.748	-0.635	-0.034
Magneto	AMB_RS16075	AMB_RS16075		hypothetical protein	0.343	0.095	0.016	-0.998	0.432	-0.338	-0.908	-1.951	-0.635	0.481	-1.609	-0.407	-1.067	-0.544	-1.004	-0.413	0.119	-0.976	-1.182	-0.841	-2.120	0.231	-0.151	-0.055	0.681	-0.294	0.387	0.259	-0.625	-0.181	-2.474	-1.217	-1.928	-0.447	-0.175	0.159
Magneto	AMB_RS16080	AMB_RS16080		tRNA-Glu	-0.454	0.136	-0.345	-2.229	-1.386	-1.021	-1.557	-1.882	-0.975	-1.146	-1.768	-0.971	-0.959	-2.440	-1.687	-0.397	-1.300	-1.726	-0.443	-1.483	-3.074	-0.901	-0.999	-2.424	-1.341	-1.402	-2.239	-1.107	-2.458	-1.004	-0.738	-1.627	-1.444	-0.677	-0.245	-1.558
Magneto	AMB_RS16095	AMB_RS16095		RluA family pseudouridine synthase	1.375	0.978	1.088	0.610	1.257	0.407	0.461	0.467	0.050	0.630	0.542	-0.362	1.015	0.645	0.073	-0.015	-0.314	-0.241	0.103	0.201	0.272	0.337	0.695	0.622	1.238	0.824	1.219	0.363	0.127	0.961	2.303	0.093	2.016	-0.734	-1.994	-1.380
Magneto	AMB_RS16100	AMB_RS16100		RNA polymerase sigma factor RpoH	-1.761	-0.984	-2.015	-5.287	-5.531	-4.686	-5.719	-6.138	-3.767	-1.546	-2.468	0.078	-3.751	-4.929	-4.326	-3.827	-4.286	-4.457	-2.497	-2.068	-0.969	-5.919	-5.667	-4.717	-5.356	-6.558	-5.705	-5.853	-4.647	-4.609	-1.356	-3.664	-2.159	-3.003	-3.158	-6.185
Magneto	AMB_RS16105	AMB_RS16105		acyl-CoA synthetase	-0.647	0.792	-0.639	0.595	-0.313	0.404	-0.655	-0.606	-0.561	-0.652	0.607	-0.669	-0.027	-0.929	-0.228	-0.368	-1.290	-1.299	-0.152	-0.139	-0.540	-0.828	-1.220	-0.499	-0.704	-1.377	-0.705	-1.127	-1.202	-1.253	-1.494	-0.424	-0.332	-0.244	-1.652	-0.603
Magneto	AMB_RS16110	AMB_RS16110		hypothetical protein	1.843	1.469	0.053	-0.308	0.550	-0.656	-0.917	0.292	-0.445	-1.061	-0.013	-0.506	-0.053	-1.423	0.090	0.200	0.109	-0.699	-1.165	-0.022	-0.276	-0.444	0.241	-0.012	-0.948	-0.092	-0.424	-0.716	-0.247	-0.322	-0.721	-1.170	-1.331	-0.417	-0.350	-0.259
Magneto	AMB_RS16125	AMB_RS16125		chemotaxis protein	-0.583	-0.069	0.533	0.052	1.390	1.164	0.164	0.690	-0.016	1.216	-0.203	0.002	0.320	0.412	1.569	-0.689	0.039	1.061	0.751	0.530	-0.745	0.474	0.457	1.476	-0.873	0.201	0.001	0.322	0.326	0.067	-0.373	-0.002	-0.124	2.096	1.517	0.382
Magneto	AMB_RS16130	AMB_RS16130		phosphoglycerate dehydrogenase	-0.870	-6.167	-0.672	-2.526	-2.227	-1.971	-2.289	-2.570	-1.160	-0.406	-0.960	0.635	-2.416	-1.430	-2.402	-2.539	-2.640	-0.954	-0.974	-0.587	-0.984	-1.685	-1.793	-2.424	-5.046	-4.519	-4.351	-5.749	-5.210	-5.239	-2.666	-3.586	-2.552	-3.490	-2.386	-4.213
Magneto	AMB_RS16145	AMB_RS16145		hybrid sensor histidine kinase/response regulator	-2.543	0.309	-0.079	1.645	1.412	-0.113	1.262	0.714	0.099	0.965	-0.861	-0.437	0.504	0.491	1.143	1.208	0.661	0.472	1.176	1.588	0.730	0.410	0.553	0.955	-0.143	0.888	1.249	0.505	1.144	-0.303	-0.108	-0.014	-0.321	-1.067	-0.830	0.046
Magneto	AMB_RS16150	AMB_RS16150		PhzF family phenazine biosynthesis protein	-0.574	-0.970	0.084	-0.177	-0.373	-1.404	-0.422	-0.418	-0.280	0.079	0.804	0.261	-0.450	0.544	-1.018	-0.737	-0.831	-0.684	-0.238	0.262	0.639	-0.134	0.019	-0.377	-1.260	0.171	-1.206	-0.891	-0.259	-0.847	-0.572	-0.074	-1.303	-0.981	-0.501	0.181
Magneto	AMB_RS16160	AMB_RS16160		hypothetical protein	-0.233	-0.107	0.213	0.514	0.557	0.084	1.017	0.468	0.967	-0.729	0.252	0.132	1.101	-0.354	0.468	-0.047	-0.161	0.123	0.590	0.459	0.159	0.606	0.979	-1.513	0.802	-0.756	1.015	0.851	-0.439	0.056	-0.149	-0.545	0.674	0.666	-0.154	-0.388
Magneto	AMB_RS16170	AMB_RS16170		hypothetical protein	-0.974	-1.035	-0.087	-0.465	-0.241	0.156	0.690	1.373	-0.047	-0.060	-0.046	-0.489	0.228	0.974	0.325	0.839	0.278	0.881	0.419	0.802	0.492	-1.047	1.442	1.699	-0.818	0.675	-1.176	-0.396	0.075	0.629	-0.619	0.968	-0.258	0.151	-0.035	1.560
Magneto	AMB_RS16175	AMB_RS16175		hypothetical protein	0.554	1.508	-0.504	-1.865	-1.689	-1.155	-0.955	-1.153	-1.292	-1.307	-0.110	-0.971	-0.550	-0.940	-1.591	-1.325	-1.221	-1.180	-2.390	-1.270	-1.427	-2.243	-2.817	-1.657	0.101	0.271	-0.393	0.545	0.389	0.375	0.129	-0.293	-0.489	-0.912	-0.092	-0.443
Magneto	AMB_RS16180	AMB_RS16180		DUF4405 domain-containing protein	0.499	0.802	0.036	-1.699	-0.659	-0.711	-0.211	-0.829	0.128	-0.290	0.351	0.009	-0.458	-0.350	-0.891	-0.672	0.059	-0.726	-1.447	-0.678	-1.393	-0.738	-0.071	-0.589	-0.076	-1.037	-0.352	-0.091	-0.121	-0.086	0.189	0.136	-0.071	-0.034	-0.045	-0.694
Magneto	AMB_RS16185	AMB_RS16185		hypothetical protein	1.176	0.971	0.019	0.830	0.079	-0.873	-0.983	-1.604	-1.055	0.195	-1.093	-1.123	-0.787	-1.339	-0.139	-1.263	-0.226	-1.012	-0.047	-0.053	-0.451	0.630	-0.486	-0.839	-0.959	-0.962	-0.489	-0.059	-0.536	-0.143	-0.840	0.152	0.029	0.042	-0.342	-1.034
Magneto	AMB_RS16210	AMB_RS16210		peptidoglycan-associated lipoprotein Pal	-0.434	-0.886	-0.538	-1.751	-1.845	-0.868	-0.618	-1.010	0.367	-0.598	0.253	-0.344	-1.378	-0.035	-0.072	-0.077	-0.310	-1.388	-0.951	0.540	-0.191	-0.611	-0.614	-0.107	-0.750	-0.418	-1.166	-0.498	-0.678	-0.582	-1.372	-0.872	0.152	0.989	-0.685	-0.548
Magneto	AMB_RS16240	AMB_RS16240		tol-pal system-associated acyl-CoA thioesterase	-1.026	0.025	-0.285	0.187	0.989	-0.076	-0.195	0.270	-0.623	-0.532	-0.914	-2.946	-1.308	-0.327	0.115	-0.116	-1.426	0.189	-0.398	0.419	-0.387	-0.243	-0.440	-0.234	-1.175	-0.318	-1.140	-1.149	-1.514	-0.774	-1.606	-2.371	-1.999	-1.953	-2.732	-2.582
Magneto	AMB_RS16250	AMB_RS16250		hypothetical protein	0.081	-0.597	-0.325	-0.521	0.095	0.560	0.292	0.483	0.644	-0.002	-1.187	0.166	-0.539	-0.180	-0.662	-0.183	0.486	0.769	-0.132	0.725	-0.561	-0.259	0.179	-0.041	0.362	1.101	-0.095	0.662	0.971	1.158	0.597	-1.121	0.026	-0.933	0.233	-0.130
Magneto	AMB_RS16270	AMB_RS16270		organic solvent ABC transporter	2.032	1.371	0.159	0.501	0.281	-0.629	0.213	0.438	0.295	0.100	-1.499	0.543	1.151	-0.047	-0.704	1.186	-0.660	1.232	0.209	0.838	-0.116	0.170	-0.578	0.232	1.099	0.436	1.659	1.396	0.238	1.612	0.797	0.845	1.093	0.575	1.012	-0.702
Magneto	AMB_RS16280	AMB_RS16280		5-formyltetrahydrofolate cyclo-ligase	-0.237	-3.253	-0.531	-0.626	0.107	-0.822	-0.517	-0.410	-0.073	-0.912	0.353	0.519	-0.596	-0.076	0.206	-1.244	-0.812	-0.124	-0.393	-1.187	0.783	0.699	-0.376	0.579	-1.811	-0.966	-2.345	-1.091	-0.983	-1.211	-0.773	-1.694	0.081	-0.173	-1.935	-1.054
Magneto	AMB_RS16315	AMB_RS16315		acyl-CoA dehydrogenase	0.059	-1.021	1.003	-0.126	-0.465	1.155	-0.176	0.579	0.116	-0.509	0.946	-0.467	1.577	-0.178	0.473	1.198	-0.004	0.259	-0.060	2.151	-0.170	0.461	-0.039	0.054	0.089	0.817	0.311	0.700	1.143	0.459	-1.248	-1.425	0.534	-0.358	0.674	1.297
Magneto	AMB_RS16320	AMB_RS16320		transcriptional regulator	0.719	-1.321	-1.509	-1.574	-1.032	-0.429	-0.653	0.481	-1.572	-0.812	-0.814	-0.051	-0.911	-1.212	-0.354	-1.087	-1.453	-1.476	-0.403	0.754	-0.201	0.001	-1.230	-0.912	0.209	0.002	-0.267	-0.140	0.051	-0.219	0.291	-0.084	-1.245	-0.045	0.569	-0.404
Magneto	AMB_RS16325	AMB_RS16325		4Fe-4S dicluster domain-containing protein	-5.282	0.714	1.129	-2.699	-1.605	-1.669	-3.240	-2.725	-2.642	4.451	2.021	4.158	-0.817	-0.776	0.092	-1.572	-0.813	-0.940	1.181	2.435	1.813	-0.605	-0.205	-0.080	-5.299	-6.847	-7.126	-5.495	-7.051	-6.671	-3.370	-4.559	-2.687	-0.987	-2.155	-1.678
Magneto	AMB_RS16330	AMB_RS16330		indolepyruvate oxidoreductase	-1.153	1.226	1.751	-1.025	-0.031	-0.929	-1.554	-1.951	-0.573	2.850	1.674	2.322	-0.350	-0.230	-1.268	-0.567	-0.772	-0.672	1.739	0.664	1.016	0.427	0.190	0.319	-2.538	-2.905	-4.218	-3.131	-3.892	-4.084	-2.773	-1.380	-2.763	-1.600	-2.327	-2.224
Magneto	AMB_RS16340	AMB_RS16340		penicillin-binding protein 1A	-0.094	-2.210	-4.200	-0.007	-1.258	-0.578	0.075	-1.029	0.631	2.614	1.348	0.834	-0.959	0.459	0.679	-0.173	-0.650	-1.424	0.460	1.973	1.149	0.186	-0.663	-1.006	0.149	-0.480	-0.342	-0.312	-0.173	0.366	1.509	0.088	-0.077	-0.276	0.233	1.454
Magneto	AMB_RS16345	AMB_RS16345		hypothetical protein	-0.216	0.151	1.060	1.288	2.147	0.896	0.366	1.211	1.417	1.266	-0.503	0.635	2.430	2.402	0.140	-0.882	1.645	1.720	1.057	0.636	-0.054	0.327	2.159	1.003	-1.035	0.603	0.663	0.474	0.222	0.729	-0.597	-0.014	0.431	0.592	-0.268	0.196
Magneto	AMB_RS16360	AMB_RS16360		hypothetical protein	0.211	-2.141	-1.235	-0.774	0.275	0.316	-1.358	-1.000	-0.076	0.437	0.826	-1.289	-0.513	-0.267	-0.454	-1.473	-1.770	0.043	0.072	0.452	-0.180	-0.973	0.451	-1.082	0.006	1.816	-0.508	0.307	0.823	-0.029	0.568	-1.061	0.184	1.038	0.107	1.005
Magneto	AMB_RS16365	AMB_RS16365		DNA-binding response regulator	-0.908	-0.532	-0.675	-0.001	0.157	-0.486	0.944	0.244	0.135	-0.494	-0.993	-1.367	-0.187	0.391	0.258	-0.040	-1.393	-1.585	-0.261	-1.103	-1.640	1.349	-0.170	0.523	0.591	0.218	0.521	0.094	1.207	1.314	-0.934	-0.547	-0.375	0.465	1.585	0.940
Magneto	AMB_RS16370	AMB_RS16370		two-component sensor histidine kinase	-0.611	0.673	-0.603	-0.067	-0.499	0.251	0.977	1.543	1.241	0.464	0.012	-0.276	-0.389	0.442	0.990	1.546	1.319	0.456	0.732	0.788	0.420	0.852	0.055	-0.698	0.344	1.774	0.236	0.461	1.567	1.476	-0.322	-0.708	-0.054	0.231	0.998	2.014
Magneto	AMB_RS16375	AMB_RS16375		MFS transporter	0.516	0.457	-2.648	0.200	-0.433	-0.060	-0.476	0.001	-1.450	-0.799	0.626	-0.771	-0.056	-2.327	-1.674	-0.256	-1.161	-0.410	-0.504	-1.587	0.477	-0.853	-0.762	-0.607	-1.549	-0.421	-0.137	-1.360	-0.809	-0.487	0.540	-0.390	-0.889	0.243	-1.914	-0.787
Magneto	AMB_RS16380	AMB_RS16380		carbohydrate kinase family protein	-0.847	3.645	1.879	1.887	1.571	0.667	2.724	1.845	0.141	2.100	1.260	1.153	1.096	0.270	1.864	1.972	3.401	1.473	0.033	0.158	-0.165	1.189	1.432	0.521	0.455	-0.209	0.188	0.559	-1.332	-0.049	1.810	-0.204	0.037	-0.245	-1.275	-0.259
Magneto	AMB_RS16385	AMB_RS16385		fructose-6-phosphate aldolase	-0.478	-0.176	0.725	-0.366	0.164	-0.271	-0.021	-1.213	-1.349	0.408	-0.589	-1.385	-0.482	0.822	0.115	-0.667	0.180	0.167	-0.065	-0.508	0.164	-0.828	-0.509	-0.453	-0.257	-0.871	-0.456	-1.789	-0.941	-0.665	-0.771	0.017	-0.553	0.174	-1.866	-1.149
Magneto	AMB_RS16390	AMB_RS16390		flagellar motor switch protein FliN	-0.861	1.342	0.407	-0.818	0.473	-0.104	-0.272	-1.062	0.348	-0.637	-1.430	-1.090	-0.185	-0.919	-0.607	0.354	-1.111	1.216	-0.097	-0.542	-0.389	0.703	-1.397	-0.272	-0.949	0.094	-0.518	-0.888	-0.522	0.216	-0.134	-0.795	-1.349	-0.662	-1.626	-1.428
Magneto	AMB_RS16395	AMB_RS16395		hypothetical protein	-0.255	-0.467	0.228	0.404	-0.443	-0.394	1.458	-0.047	-0.449	0.336	0.167	0.761	-0.120	-1.992	-1.329	1.171	-0.171	-1.077	1.187	-0.804	0.639	0.882	0.138	-0.687	-0.820	-1.801	-1.675	-1.344	-1.482	-2.715	-2.315	-4.007	-1.444	-0.302	-0.353	-1.308
Magneto	AMB_RS16400	AMB_RS16400		alpha/beta hydrolase	-0.852	0.991	-0.467	0.608	0.535	0.312	0.376	0.526	0.487	-1.876	0.479	0.298	-0.012	-0.234	0.029	-0.127	0.487	0.247	-0.857	-1.517	-0.441	-0.649	-1.046	-0.356	-0.334	0.645	-0.311	-0.225	-0.310	0.587	-1.111	-2.509	-0.127	-0.078	-0.336	-0.514
Magneto	AMB_RS16405	AMB_RS16405		hypothetical protein	-0.816	-0.139	2.314	0.150	0.644	0.431	0.281	1.467	-0.214	0.045	0.677	-0.234	1.040	0.835	1.213	1.673	1.303	1.042	0.768	-0.771	0.174	-0.120	0.770	-0.222	-0.022	-0.613	-0.388	0.929	1.033	-0.060	-2.161	0.382	-1.656	-0.599	-0.091	0.470
Magneto	AMB_RS16410	AMB_RS16410		OmpA family protein	-2.261	0.350	-0.264	0.346	-1.841	-0.296	-0.029	-0.897	-0.528	0.320	-0.953	0.026	-0.017	-1.094	-0.161	-0.144	-0.328	-0.768	0.024	-0.626	-0.869	-0.835	-0.004	-1.117	-0.288	-0.317	-0.082	-0.296	-0.383	-0.230	2.000	0.322	0.084	0.077	-1.031	-1.130
Magneto	AMB_RS16415	AMB_RS16415		hypothetical protein	-0.929	-0.332	1.718	0.450	1.154	1.495	-0.124	-0.181	0.279	1.922	1.107	1.205	0.664	0.513	0.656	-0.772	0.178	-0.822	1.328	0.529	1.701	1.185	0.214	0.283	-0.462	-0.804	-0.743	-1.229	-1.439	-1.128	0.116	-0.935	-1.200	0.615	0.715	1.188
Magneto	AMB_RS16420	AMB_RS16420		hypothetical protein	0.711	1.668	-0.196	-0.242	0.647	-0.361	1.345	0.558	0.667	0.857	0.306	-0.378	0.728	-0.394	0.283	0.308	0.105	0.834	-0.015	0.544	0.431	0.058	1.160	0.397	-1.241	-0.762	-1.207	-1.502	-2.070	-1.277	-2.202	-1.283	-1.777	-1.811	-0.585	-0.467
Magneto	AMB_RS16425	AMB_RS16425		hypothetical protein	0.612	-0.441	-0.195	-0.495	0.381	1.892	0.464	0.972	-0.477	0.227	-0.729	-1.521	2.038	-0.159	-0.390	0.935	-0.385	-0.343	-0.337	-0.734	1.024	-0.415	-0.443	1.278	1.166	0.622	0.326	-0.301	1.717	0.992	-1.102	0.869	0.372	-0.865	-0.195	0.332
Magneto	AMB_RS16430	AMB_RS16430		hypothetical protein	-0.399	0.309	-0.953	0.166	0.445	-0.631	-0.707	-0.289	-1.183	-1.045	0.969	-0.715	-0.478	-0.021	-0.696	0.036	-0.500	-0.339	-0.462	0.804	-1.022	-1.783	-1.649	-1.461	0.744	0.905	0.046	0.512	0.184	1.050	-1.251	0.417	1.054	0.771	-1.976	1.101
Magneto	AMB_RS16445	AMB_RS16445		hypothetical protein	-0.555	-1.386	0.862	-0.252	0.431	-0.119	0.406	0.540	-0.259	0.891	0.933	0.279	0.615	-0.388	0.444	0.024	-0.535	-0.893	0.256	-0.065	-0.021	-0.438	-0.263	-0.533	-0.025	0.824	2.083	1.080	0.039	0.601	1.029	0.737	1.609	-0.147	1.811	0.895
Magneto	AMB_RS16450	AMB_RS16450		radical SAM/SPASM domain-containing protein	-0.827	1.474	0.795	-0.431	-0.142	0.231	-1.569	-1.230	-1.065	1.125	0.439	0.920	-0.399	-0.768	0.333	-0.562	0.389	0.354	0.409	1.409	0.910	-0.988	-0.136	-1.047	-1.068	1.145	-0.004	0.032	0.121	-0.137	1.495	0.983	0.562	1.577	1.927	0.322
Magneto	AMB_RS16455	AMB_RS16455		hypothetical protein	-0.270	-0.839	0.573	0.643	-0.383	0.008	0.239	1.437	1.246	0.440	-0.026	1.701	1.037	1.549	1.300	0.948	2.139	1.492	1.353	-0.425	0.872	0.699	1.089	-0.054	-0.901	-2.263	-1.731	-0.372	-0.710	-1.347	-0.879	-1.039	0.273	-0.840	-0.658	-0.271
Magneto	AMB_RS16460	AMB_RS16460		B12-binding domain-containing radical SAM protein	0.352	-1.079	-0.233	-0.368	0.426	0.277	0.150	0.392	0.028	-0.351	-0.443	0.451	0.671	-0.155	-0.647	-0.562	-0.209	0.328	-0.520	-1.016	-0.861	0.171	0.071	0.080	0.571	0.045	0.537	0.753	1.546	0.450	0.601	-0.659	-0.575	-0.129	0.952	-0.406
Magneto	AMB_RS16465	AMB_RS16465		hypothetical protein	-0.242	-0.093	-0.228	-1.190	0.171	-0.476	-0.170	-0.668	-0.165	-0.536	-1.924	-0.144	0.325	0.108	0.098	-0.077	-1.123	-0.583	-0.470	-1.056	0.119	-0.248	-0.155	-0.682	-1.216	-0.773	-1.116	-0.934	-0.986	-1.541	-1.810	0.150	-2.226	-0.839	-1.068	-0.941
Magneto	AMB_RS16470	AMB_RS16470		GGDEF domain-containing protein	1.055	1.320	-0.748	-1.017	-0.696	-0.318	-0.163	-0.830	0.085	-0.202	-0.027	-0.747	0.085	0.266	0.261	0.090	-0.414	0.386	-2.374	-1.715	-0.056	-0.046	-0.707	-1.036	-1.009	0.158	-0.417	-0.726	0.290	-0.825	-0.376	-0.124	-2.003	-1.096	1.020	0.156
Magneto	AMB_RS16490	AMB_RS16490		HAMP domain-containing protein	0.298	0.889	0.024	-0.186	0.129	0.564	0.020	0.475	0.698	0.520	-0.491	0.312	0.627	0.328	0.672	0.975	0.583	0.890	0.082	-0.070	0.348	0.857	1.398	0.366	0.529	0.668	0.866	1.320	0.969	0.959	-0.073	-0.900	1.264	0.719	0.610	1.311
Magneto	AMB_RS16500	AMB_RS16500		hypothetical protein	1.063	0.213	-0.303	-0.488	-0.800	0.352	1.133	-0.455	-0.058	-0.577	-0.580	-0.812	-0.511	-0.853	-0.951	0.482	1.088	0.987	-0.552	-1.054	-0.325	0.481	0.330	-0.194	0.754	0.690	1.354	1.414	1.174	0.895	-0.157	0.767	1.344	2.591	0.339	0.607
Magneto	AMB_RS16505	AMB_RS16505		YnfA family protein	0.941	0.161	-1.532	0.273	-0.120	0.806	-1.276	-0.900	-0.236	-0.001	0.766	1.246	0.190	-0.599	-0.988	-1.876	-1.746	-0.712	0.639	1.139	-0.238	1.255	0.828	-0.046	-1.229	-0.477	-0.279	-0.660	-0.497	-0.815	0.713	0.871	0.328	1.360	0.692	1.097
Magneto	AMB_RS16510	AMB_RS16510		recombinase family protein	-2.494	0.800	-0.128	-0.855	-1.366	-1.838	-0.699	-1.288	-0.435	-0.678	-0.536	-0.698	-2.046	-1.757	-0.426	-0.915	-0.433	0.116	-1.418	-0.381	-1.108	-0.621	0.195	-0.103	-0.515	-0.692	-0.753	0.114	0.885	0.532	0.155	-0.527	1.298	0.153	-0.549	0.921
Magneto	AMB_RS16515	AMB_RS16515		hypothetical protein	0.136	-0.411	-1.038	-1.992	-1.379	-0.155	-0.728	-0.162	-1.270	-1.451	-0.571	-1.423	-0.525	-1.367	-0.289	-0.200	-0.699	-0.411	-0.495	-1.444	-0.561	0.662	-0.343	0.047	1.078	1.166	1.139	1.527	1.455	1.515	-1.525	1.086	0.309	-0.976	0.588	0.336
Magneto	AMB_RS16520	AMB_RS16520		hypothetical protein	-0.408	0.401	-0.648	0.242	0.757	0.580	0.575	0.415	0.285	0.470	-0.151	-1.149	0.099	0.475	-0.215	-0.051	0.858	-0.021	-0.396	-1.552	0.226	0.900	0.061	0.343	0.969	0.648	1.323	-0.239	0.858	0.466	-0.219	0.208	0.662	2.145	0.439	-0.176
Magneto	AMB_RS16525	AMB_RS16525		membrane protein	0.302	1.117	-0.384	-0.277	-0.127	-0.581	-0.258	-0.865	-0.584	-0.004	-1.930	0.570	0.141	-0.174	-0.103	-1.017	-0.791	0.256	-0.699	-0.438	-0.960	-0.423	-0.449	0.096	0.066	-0.206	-0.179	-0.307	-0.671	0.025	0.784	-1.302	0.276	0.829	0.578	-0.213
Magneto	AMB_RS16530	AMB_RS16530		efflux RND transporter periplasmic adaptor subunit	0.289	0.568	-1.473	0.407	0.328	-0.453	-0.474	0.085	0.064	-0.561	-0.779	-2.755	-1.380	0.149	0.725	-0.193	-0.581	-0.256	-0.621	0.694	-0.189	-0.983	-0.123	-0.816	0.191	1.074	0.402	0.582	0.869	1.672	-0.112	1.353	0.239	0.502	0.596	1.131
Magneto	AMB_RS16540	AMB_RS16540		TolC family protein	0.661	1.350	1.160	1.027	-1.061	0.338	0.538	0.516	-0.197	0.192	1.302	0.831	0.939	0.036	0.841	-0.066	0.424	-0.160	-0.640	2.041	-0.246	0.683	0.712	0.588	-0.210	-0.651	-0.192	-0.251	-0.091	0.195	-1.271	-0.635	-0.909	1.150	-0.372	-0.092
Magneto	AMB_RS16550	AMB_RS16550		AraC family transcriptional regulator	0.121	-0.614	1.105	0.274	1.346	0.661	0.262	0.250	0.346	0.050	0.283	-0.261	0.398	-0.229	1.240	0.354	1.012	-0.184	-0.576	-0.026	-0.091	-0.647	-0.968	0.600	1.346	1.189	2.011	0.893	1.397	1.394	1.522	0.762	0.775	0.876	1.138	0.531
Magneto	AMB_RS16555	AMB_RS16555		site-specific integrase	-0.569	-0.068	-1.556	-1.508	-0.717	-0.227	0.247	-1.203	-0.682	-0.774	0.540	-1.196	-1.203	-1.498	-0.860	0.016	0.422	0.602	-0.827	0.086	-0.220	-0.475	-0.782	-0.014	-0.802	-0.802	-0.830	-0.145	0.492	-0.079	0.757	0.430	-0.789	0.217	-0.156	0.585
Magneto	AMB_RS16575	AMB_RS16575		DNA polymerase III subunit epsilon	-0.219	-1.021	0.534	1.419	0.716	0.913	1.393	1.115	0.114	1.145	0.707	0.660	0.036	0.605	-0.010	1.290	1.687	1.845	0.338	1.025	0.225	-0.285	0.647	0.257	0.377	-0.738	0.255	0.290	0.257	0.023	-0.983	-0.156	0.525	0.788	0.166	-1.036
Magneto	AMB_RS16585	AMB_RS16585		tetrathionate reductase subunit TtrA	1.463	0.647	1.101	0.018	-0.270	-0.475	0.091	0.583	-0.361	-0.356	-0.095	-0.427	0.352	0.269	-0.026	0.455	-0.279	0.384	0.109	0.200	0.231	-0.132	-0.472	-0.643	2.910	3.605	2.793	2.405	3.400	4.091	2.679	4.067	2.499	-0.981	-1.299	-2.653
Magneto	AMB_RS16590	AMB_RS16590		tetrathionate reductase	-1.215	-0.413	-0.875	0.305	-1.426	0.202	-0.852	0.079	-1.009	-0.628	0.159	0.614	0.571	0.612	-0.873	-0.483	-1.338	0.118	1.082	0.045	-0.369	-0.177	0.177	-0.488	2.052	2.513	2.144	1.813	2.101	2.729	2.717	3.087	1.909	-1.254	0.475	-1.481
Magneto	AMB_RS16595	AMB_RS16595		4Fe-4S dicluster domain-containing protein	3.021	-0.398	-0.080	0.170	-0.093	0.237	0.167	0.336	0.112	-0.755	-0.164	-1.301	-0.034	-0.367	-0.526	-0.402	-0.543	-0.123	0.009	-1.867	0.220	-0.342	0.631	-0.455	0.819	1.862	1.618	1.570	0.958	2.155	1.875	3.374	3.465	0.434	1.066	-0.452
Magneto	AMB_RS16605	AMB_RS16605		sensor histidine kinase	-0.148	0.059	0.491	0.167	-1.727	0.124	0.385	0.162	-0.230	0.021	1.669	-1.537	-0.677	-0.049	0.728	0.036	0.889	-0.093	0.981	0.329	0.061	0.507	-1.504	-1.022	2.552	3.323	2.447	2.901	3.157	3.364	3.229	3.058	5.007	1.004	0.356	0.684
Magneto	AMB_RS16615	AMB_RS16615		hypothetical protein	1.859	0.840	-0.205	1.529	-1.058	-0.664	0.304	-0.194	-0.604	-0.415	1.070	-1.114	-0.477	-1.376	0.028	0.309	0.217	0.552	-2.023	1.207	-1.835	-0.514	1.424	0.569	-0.919	-2.373	-0.564	-2.244	-1.014	-1.541	0.044	-0.000	-0.520	-1.191	-1.079	-0.045
Magneto	AMB_RS16620	AMB_RS16620		hypothetical protein	-0.317	-0.048	-0.089	-0.418	0.159	-0.193	0.008	0.935	0.680	-0.558	-0.547	0.230	1.246	-0.017	0.017	-0.457	0.957	0.577	0.587	0.738	-0.341	-0.287	0.743	0.331	0.522	0.964	0.093	1.650	0.042	0.892	-1.198	-0.816	-1.345	0.000	-0.085	-0.206
Magneto	AMB_RS16625	AMB_RS16625		hypothetical protein	-0.059	-0.870	-1.249	-0.046	-0.500	0.513	0.700	-0.428	0.051	-0.277	1.470	-1.224	-1.916	-0.957	0.254	0.216	-0.901	-0.501	-0.662	-2.856	-1.204	-0.442	0.455	-0.245	-1.456	-1.718	-1.191	-1.369	-0.694	-1.368	-0.861	-1.640	-1.253	-2.900	-2.261	-0.871
Magneto	AMB_RS16630	AMB_RS16630		hypothetical protein	-0.521	0.524	-0.252	-1.409	-0.149	-0.830	-1.111	0.479	-0.679	-1.202	-0.417	-0.781	-0.846	-0.785	-1.494	-0.130	1.303	0.678	0.547	-2.056	0.204	0.085	-0.143	-0.329	-0.485	0.425	-0.715	0.049	-0.057	-0.238	0.282	0.006	0.019	-0.885	-0.409	-0.990
Magneto	AMB_RS16640	AMB_RS16640		MucR family transcriptional regulator	-1.175	1.531	-0.540	-0.301	-0.069	-0.317	-1.149	-0.106	-1.303	-0.585	-0.719	0.436	-0.344	-1.135	-0.822	-1.239	-1.429	-2.250	-0.306	-2.116	-0.691	0.072	0.161	-0.291	0.247	0.020	0.726	-0.678	-0.712	-0.088	-0.395	-0.081	-0.317	-0.540	-0.675	-0.485
Magneto	AMB_RS16655	AMB_RS16655		RTX toxins and related Ca2+-binding protein	-0.213	-0.319	0.741	0.614	-0.020	0.158	1.075	0.125	-0.093	0.875	0.004	0.053	0.294	0.346	-0.190	0.455	0.077	-0.095	0.738	-0.018	0.012	0.461	0.972	0.698	0.619	-0.063	0.753	0.306	0.450	0.300	0.133	-0.253	-0.413	0.137	0.836	1.052
Magneto	AMB_RS16665	AMB_RS16665		EAL domain-containing protein	-2.645	0.104	-1.539	-1.264	-1.339	-0.873	0.247	-0.306	-0.831	-0.598	-1.380	-1.373	-0.653	-0.614	-0.745	-0.435	-1.305	-0.711	-0.520	0.348	-0.268	-1.455	-0.773	-0.797	-0.995	0.496	-0.943	-0.761	-0.638	-1.314	1.311	1.256	-1.228	0.384	0.506	-0.457
Magneto	AMB_RS16670	AMB_RS16670		diguanylate cyclase	-1.224	1.222	0.009	-1.204	0.889	-0.041	-0.574	-0.459	-0.206	-0.014	0.025	0.218	0.123	-0.379	0.023	0.021	-0.085	0.366	-1.358	-0.776	-1.525	-0.635	0.699	0.364	-0.348	0.887	-0.990	0.683	-0.276	-0.085	-1.389	0.478	0.268	0.562	-0.594	-0.156
Magneto	AMB_RS16675	AMB_RS16675		hypothetical protein	1.785	-0.789	-0.760	-0.756	-0.106	0.632	0.041	-0.182	0.437	-0.004	-0.168	-0.374	0.552	-0.398	0.481	0.101	0.488	0.556	-0.738	-0.100	-0.162	-0.467	0.289	0.033	0.807	0.803	0.293	0.715	0.963	0.811	0.235	0.815	-0.189	0.627	0.142	0.553
Magneto	AMB_RS16680	AMB_RS16680		organic hydroperoxide resistance protein	-0.225	-0.584	-0.412	-1.635	0.125	-0.741	-1.342	-0.972	0.460	-0.640	0.301	1.091	-0.963	-1.931	-0.339	-0.677	-0.565	-0.064	-0.227	-1.887	-0.199	-0.135	0.595	-0.223	0.029	-0.183	-0.179	-0.444	0.947	-0.023	-0.226	-0.001	-0.832	1.880	0.532	-0.162
Magneto	AMB_RS16685	AMB_RS16685		IS5/IS1182 family transposase	-1.554	-0.114	-1.902	-1.010	-0.107	0.676	-0.011	0.030	0.377	-0.095	1.126	1.539	-0.150	-0.572	0.282	-0.056	0.600	1.000	0.633	-0.336	0.508	0.383	0.426	0.213	-0.354	-1.034	-0.052	0.403	0.070	0.472	0.543	0.536	0.048	0.678	-1.958	-1.398
Magneto	AMB_RS16690	AMB_RS16690		alkene reductase	-1.262	-0.212	-0.557	0.679	-0.405	-0.613	0.025	-0.320	-0.143	-0.026	0.450	0.467	0.331	0.131	-0.023	-0.750	-1.535	-2.195	0.234	0.141	0.565	0.098	-0.169	-0.571	0.152	-0.708	0.904	0.131	-0.763	-0.898	0.222	0.033	1.130	1.062	-0.752	-0.220
Magneto	AMB_RS16695	AMB_RS16695		isochorismatase	1.634	-0.093	0.255	-0.385	0.789	0.998	0.167	0.016	1.630	1.453	-0.719	0.598	0.118	1.803	0.529	0.095	1.147	-0.036	0.890	0.879	0.573	1.537	0.213	0.169	-0.288	-0.005	-0.015	-0.360	-0.193	-0.092	1.886	-1.138	-1.053	-0.540	0.903	-0.619
Magneto	AMB_RS16700	AMB_RS16700		nuclease PIN	-0.064	-0.074	-1.114	0.074	-0.556	-0.071	-0.056	-0.532	0.485	-0.256	-0.720	0.192	-0.495	-0.306	-0.809	-0.313	-0.125	-0.979	0.349	-0.007	-1.179	-0.255	-0.584	-0.047	-0.308	0.474	0.521	0.566	-0.301	0.383	-0.196	-0.047	0.738	-0.040	0.299	0.208
Magneto	AMB_RS16705	AMB_RS16705		LysR family transcriptional regulator	-0.043	-0.498	0.406	-0.196	-0.233	-0.543	-1.178	-0.117	0.069	-0.015	-0.861	-0.764	0.003	-0.297	-1.003	-0.595	-0.267	-0.069	-1.486	0.327	-0.819	-0.433	-0.902	-0.139	0.657	0.257	0.023	0.567	0.055	0.335	-0.327	0.007	0.991	-0.667	-0.867	-0.325
Magneto	AMB_RS16710	AMB_RS16710		recombinase family protein	0.823	0.761	0.340	-0.459	-0.363	0.954	-1.827	0.458	0.634	-2.347	-0.697	0.506	0.223	-1.511	0.320	-0.036	-0.117	0.780	0.216	0.293	-0.410	0.542	-0.558	0.988	0.298	-0.563	0.374	0.429	0.610	1.038	-0.189	0.606	-0.015	-0.136	1.464	-0.663
Magneto	AMB_RS16715	AMB_RS16715		hypothetical protein	-0.108	1.518	0.464	-0.071	-0.900	0.367	-0.036	0.037	1.668	-0.439	-1.004	-1.106	1.505	-1.314	0.847	1.250	1.557	1.634	0.762	-1.172	-1.246	0.250	1.426	0.678	-0.509	-0.036	-0.354	-0.580	-0.313	-0.434	-1.423	-1.638	-0.870	-0.479	-0.452	-0.588
Magneto	AMB_RS16720	AMB_RS16720		hypothetical protein	0.305	-2.742	-1.017	-0.047	-1.579	-0.211	-0.218	0.514	0.570	-0.546	0.711	-0.733	-0.493	0.460	-1.263	0.263	1.102	-0.816	-0.837	-0.064	-1.116	0.441	0.570	0.874	0.197	0.033	0.269	0.785	0.787	0.562	0.012	0.161	-0.691	1.181	0.216	0.283
Magneto	AMB_RS16730	AMB_RS16730		hypothetical protein	1.027	-0.095	-0.999	-0.864	-1.179	-0.073	-0.218	-0.428	-0.941	0.635	-0.029	0.637	-1.494	-1.226	-0.053	0.987	-0.013	0.550	0.702	0.586	0.765	0.168	0.393	-0.715	0.961	1.957	1.059	0.663	2.336	1.221	1.095	0.985	0.459	-0.545	0.353	1.408
Magneto	AMB_RS16735	AMB_RS16735		hypothetical protein	3.168	-0.978	-0.596	-1.400	-1.103	-0.155	-0.476	-1.372	-1.167	0.250	-0.413	-1.519	-2.261	-0.888	-0.258	-1.053	0.671	-0.411	0.119	0.379	-0.141	0.024	0.241	-0.564	0.059	0.227	-1.002	-0.496	0.736	-0.795	-0.109	-0.308	-0.881	0.212	-0.955	-0.657
Magneto	AMB_RS16740	AMB_RS16740		diguanylate phosphodiesterase	-1.118	1.061	0.947	-0.061	0.184	0.573	0.149	0.750	-0.182	0.592	0.608	0.930	0.920	0.750	0.516	0.277	0.080	0.403	0.599	-0.475	1.054	-0.113	0.058	0.560	0.802	0.314	0.761	0.910	0.766	0.554	-0.279	-0.482	-1.292	-0.717	1.214	1.259
Magneto	AMB_RS16745	AMB_RS16745		PAS domain S-box protein	0.507	-0.200	-0.257	-0.489	-0.374	-0.141	-0.551	-0.541	-0.395	-0.023	-0.511	0.353	-0.312	0.188	0.139	-0.094	0.787	0.099	0.500	0.042	0.485	0.582	0.825	1.102	-0.658	0.536	-0.199	0.828	0.821	0.408	-1.296	0.594	0.235	-2.466	0.453	0.017
Magneto	AMB_RS16750	AMB_RS16750		methyl-accepting chemotaxis protein	1.407	-0.401	-0.311	-0.709	-0.038	-1.348	-0.201	-0.554	-0.041	0.007	-0.234	-1.021	0.087	-0.821	-0.531	-0.465	-0.113	0.195	-0.678	-0.873	0.007	-0.363	-0.443	0.700	-1.037	-0.642	-0.697	-0.077	-0.575	-0.883	-0.210	-1.816	-1.288	-2.509	-0.813	-0.375
Magneto	AMB_RS16775	AMB_RS16775		IS66 family transposase	-2.314	0.436	-0.394	0.167	-0.256	0.168	0.534	-0.043	0.204	-0.256	-0.435	-0.429	-0.409	-0.806	-0.781	-0.691	-0.374	-0.357	0.341	-0.855	0.245	-0.484	-0.041	0.173	0.321	0.907	0.979	0.755	0.655	0.246	0.939	0.618	1.321	0.936	1.776	-0.166
Magneto	AMB_RS16780	AMB_RS16780		plasmid pRiA4b ORF-3 family protein	1.739	0.033	0.311	0.357	-0.205	-0.406	0.663	0.281	0.800	0.914	-0.649	0.443	-0.379	-0.492	0.086	0.003	0.566	-0.291	-0.060	-0.465	-0.573	-0.446	0.596	-0.545	0.419	0.813	0.934	0.429	1.101	1.558	0.428	-0.061	0.309	-0.780	1.252	0.272
Magneto	AMB_RS16785	AMB_RS16785		IS3 family transposase	-0.558	-0.173	-1.087	-1.047	-0.304	-0.654	0.086	-0.046	-0.657	-0.396	-0.081	-1.710	-0.348	-0.478	-0.413	-0.365	0.450	-1.225	-1.522	-0.873	-0.318	-0.752	-0.452	-0.539	-0.535	0.666	0.859	0.133	0.060	-0.664	-0.437	0.758	0.488	0.514	0.433	-0.236
Magneto	AMB_RS16800	AMB_RS16800		IS66 family transposase	-0.002	0.812	0.042	-0.634	-0.297	-0.698	-0.001	-1.097	-0.148	0.330	-0.181	-0.969	-0.011	-0.308	-0.239	-1.054	-1.241	-0.144	-0.590	0.652	0.205	-0.636	-0.858	-0.318	-0.255	-0.577	-0.226	-0.289	-0.853	-0.562	-1.593	-0.880	-0.711	-0.460	0.323	0.322
Magneto	AMB_RS16805	AMB_RS16805		IS66 family insertion sequence hypothetical protein	-0.799	1.315	0.226	0.620	0.216	-0.793	-0.113	0.622	-0.961	0.043	-0.782	-1.573	0.167	-0.399	-0.477	-0.206	-0.429	-0.305	0.360	-0.713	0.691	0.655	-0.286	0.213	-0.479	-0.576	-0.298	0.359	0.306	-0.543	0.515	1.792	-1.185	-0.193	-0.167	0.829
Magneto	AMB_RS16810	AMB_RS16810		IS66 family insertion sequence hypothetical protein	-0.106	0.707	-0.118	-1.251	-0.118	-0.299	-0.289	-1.067	-0.470	-0.123	0.221	-1.058	-0.544	-0.787	-0.042	-1.021	-1.188	-0.666	0.204	-0.965	-0.675	-1.122	-0.998	-0.667	0.636	0.209	0.592	0.862	1.741	-0.348	1.203	-0.836	0.499	0.066	-0.116	-0.492
Magneto	AMB_RS16815	AMB_RS16815		IS3 family transposase	0.269	-0.389	-0.599	-0.746	-0.782	-0.368	-1.467	-0.575	-0.455	0.117	1.721	-0.267	0.152	-0.000	-0.634	0.150	-0.297	0.715	-0.794	-0.396	1.312	0.012	0.441	0.598	1.344	1.421	1.180	1.002	1.310	1.146	-0.056	2.151	1.960	-0.398	1.064	0.873
Magneto	AMB_RS16825	AMB_RS16825		hypothetical protein	1.219	-0.666	-0.315	-0.950	-0.786	0.221	-0.277	-0.260	0.411	-0.595	-0.718	-0.125	-0.078	-0.680	-0.358	0.836	0.885	1.493	-0.207	-0.636	0.589	0.311	1.322	1.146	0.315	-0.125	0.101	0.978	0.536	0.337	0.543	1.799	-0.498	1.332	1.364	1.065
Magneto	AMB_RS16835	AMB_RS16835		hypothetical protein	2.175	-1.699	-0.814	-1.978	-1.557	0.178	-0.220	-0.639	0.701	-1.085	-0.031	-0.437	-0.418	-1.801	-1.529	-0.216	1.046	-0.596	-1.498	-0.688	-2.517	-0.702	-0.351	-0.751	-0.116	-0.522	0.110	0.557	0.574	0.857	-0.238	-0.557	0.597	-0.042	0.590	0.618
Magneto	AMB_RS16840	AMB_RS16840		response regulator	-1.588	-0.171	-0.459	-0.589	-1.351	-0.019	0.071	0.206	-0.562	-0.070	2.201	-0.254	-0.447	-0.794	0.016	0.203	0.721	-0.016	-0.193	0.312	0.787	0.859	0.261	0.742	0.701	0.623	0.374	0.947	0.697	1.379	0.396	-0.440	0.005	-0.001	0.534	1.245
Magneto	AMB_RS16845	AMB_RS16845		GGDEF domain-containing protein	0.660	0.187	-0.892	-0.531	-1.399	-0.789	-0.575	-0.326	-0.616	-1.091	-0.256	-2.459	-1.739	-0.874	-1.286	-2.141	0.099	-0.487	-1.621	-1.634	-0.001	-0.105	-0.865	-0.450	0.192	1.086	0.238	0.970	1.116	1.018	0.308	0.341	-1.008	-0.299	0.413	0.547
Magneto	AMB_RS16855	AMB_RS16855		hypothetical protein	-1.713	-1.039	-0.758	-1.288	-0.866	-1.048	-0.676	-0.925	-1.057	0.270	0.099	0.247	-0.157	-0.576	0.030	-1.212	0.048	-1.367	-1.427	-0.705	-0.127	-0.504	-0.199	-0.270	-1.417	-0.991	-1.255	-0.310	-0.841	-1.155	1.400	-2.161	-1.557	-1.411	-0.329	-0.990
Magneto	AMB_RS16860	AMB_RS16860		DUF4113 domain-containing protein	2.074	0.676	-0.760	0.040	-1.364	0.679	0.466	-1.136	0.484	-1.038	-0.332	-0.817	-0.625	-0.552	-1.278	-0.189	0.621	-0.223	-0.991	-1.390	1.494	-0.783	-0.731	0.175	-1.259	-0.069	-1.409	-0.761	-0.774	-0.498	-1.392	0.052	-1.350	-0.356	-0.977	0.047
Magneto	AMB_RS16865	AMB_RS16865		hypothetical protein	2.220	-0.152	-0.388	-0.274	-0.738	-0.423	-0.509	0.546	0.697	-0.820	-0.400	-1.234	-0.936	-1.808	0.298	1.026	0.806	0.582	-2.160	-0.494	-0.834	-0.932	0.086	-0.432	-1.625	-1.092	-0.260	-1.281	-1.312	-0.764	0.545	-1.511	-2.735	-0.945	-0.604	-1.328
Magneto	AMB_RS16870	AMB_RS16870		ferric reductase	-2.416	-1.202	0.232	0.291	0.807	0.354	0.029	0.293	1.149	-0.341	-1.051	0.132	0.535	0.313	0.150	0.255	0.402	-0.026	-0.162	1.268	0.926	0.513	0.563	0.308	1.089	0.551	1.041	0.606	0.743	0.197	1.563	-0.002	0.734	-1.951	-1.242	0.260
Magneto	AMB_RS16895	AMB_RS16895		arsenate reductase ArsC	0.755	0.371	0.585	0.544	0.423	0.677	-0.675	-0.710	-0.647	0.478	0.224	1.047	0.300	-0.072	0.809	-0.216	-0.151	-0.089	0.866	-0.012	0.885	0.161	-0.487	-0.573	-0.162	-0.300	-0.256	0.252	0.151	-0.213	-0.610	0.032	-0.506	1.484	0.939	0.027
Magneto	AMB_RS16900	AMB_RS16900		UPF0262 family protein	-0.773	-0.482	0.499	1.173	0.773	1.442	1.220	1.445	1.642	0.153	1.104	0.143	2.199	1.215	1.823	1.517	2.938	1.633	-0.637	-0.076	0.608	0.889	0.563	0.269	1.001	0.222	1.125	0.426	1.388	1.004	0.305	0.385	0.804	-0.325	2.805	0.858
Magneto	AMB_RS16915	AMB_RS16915		DNA-binding response regulator	1.409	0.526	2.404	2.828	1.656	1.131	1.277	0.953	2.078	1.847	2.253	0.414	0.556	1.986	0.469	2.261	0.467	1.319	-0.436	0.177	2.084	0.958	0.854	0.912	-0.262	-0.681	0.048	0.308	-0.672	-0.122	-0.239	0.540	-0.821	-0.819	1.374	-0.454
Magneto	AMB_RS16925	AMB_RS16925		two-component sensor histidine kinase	-0.487	0.638	0.054	-0.804	0.130	-0.291	-0.032	0.249	0.145	0.978	0.204	0.058	0.658	0.381	-0.715	0.193	0.502	-0.441	1.855	0.653	-0.634	-0.237	-0.213	-1.191	-1.355	0.190	-0.843	-0.447	-0.372	-0.242	-0.170	-0.144	-0.220	-0.574	0.076	-0.870
Magneto	AMB_RS16930	AMB_RS16930		hypothetical protein	-0.531	0.368	-0.303	-0.683	-0.131	0.884	-0.926	-0.709	0.484	-0.153	-0.118	-0.631	-0.793	-0.309	-0.638	0.287	0.317	0.448	-0.758	-0.405	0.356	-0.553	-0.643	-0.558	-0.836	-2.031	-1.419	-1.553	-1.169	-1.199	-0.176	-1.416	-2.180	-2.064	-1.688	-1.720
Magneto	AMB_RS16935	AMB_RS16935		hypothetical protein	-0.182	2.591	1.088	0.874	0.163	-0.295	-0.136	0.944	0.420	0.897	-0.193	0.727	0.060	0.392	0.368	-0.475	1.050	1.095	0.779	0.204	-0.085	1.105	0.938	0.494	-0.474	-0.011	-0.474	-0.943	-0.268	-0.032	0.895	0.694	0.244	0.352	0.537	1.278
Magneto	AMB_RS16940	AMB_RS16940		hypothetical protein	-0.997	-1.849	-0.370	0.026	-0.056	-0.384	-0.820	-0.380	0.337	-0.052	-0.766	-0.242	-0.456	-1.602	-1.294	-1.497	-0.529	-1.358	-0.263	0.736	0.191	0.417	-0.587	-0.147	-0.974	-0.998	-1.598	-0.697	-1.554	-0.710	-1.442	-0.275	-1.010	-0.679	-0.571	-1.336
Magneto	AMB_RS16945	AMB_RS16945		acyl-CoA thioesterase	-0.751	1.724	1.593	-1.272	-0.690	-0.812	-1.719	-1.534	-0.719	4.037	2.490	4.180	-0.252	0.782	0.551	-1.016	0.161	-0.697	1.267	2.275	2.991	0.113	1.158	1.189	1.832	1.282	2.094	1.854	1.630	0.745	1.906	0.847	0.746	1.855	1.276	1.601
Magneto	AMB_RS16955	AMB_RS16955		Crp/Fnr family transcriptional regulator	-0.624	0.289	-1.142	-0.053	-0.694	-1.035	-0.490	-1.225	-1.701	-0.652	1.583	-0.098	-0.316	-0.460	0.073	-0.570	-1.020	-1.415	-1.585	-1.557	-0.890	-1.185	-0.943	-0.171	0.497	-0.344	0.695	-0.029	-0.592	-0.887	0.818	-1.071	0.794	0.866	-0.289	0.996
Magneto	AMB_RS16960	AMB_RS16960		DUF2892 domain-containing protein	0.118	-0.146	0.433	-1.579	0.296	-2.137	-0.259	0.102	-0.032	-0.826	0.640	-1.847	0.940	0.246	-0.111	-0.356	-0.474	-0.385	-0.087	-1.218	-0.491	-0.526	-0.266	0.495	2.135	1.360	1.227	0.259	1.236	0.710	0.176	0.539	0.515	0.589	0.304	0.858
Magneto	AMB_RS16965	AMB_RS16965		anti-sigma factor antagonist	0.229	0.881	-0.707	1.218	-0.224	0.971	0.284	0.553	0.218	0.782	2.408	1.237	0.916	1.105	-0.290	1.248	-1.148	0.115	0.773	-0.281	0.615	0.232	1.436	0.403	-0.717	-0.437	-0.221	-0.444	0.316	-0.059	1.065	1.181	0.471	0.133	0.840	1.182
Magneto	AMB_RS16975	AMB_RS16975		cytochrome c oxidase accessory protein CcoG	-0.506	0.533	0.686	0.286	0.514	1.198	0.602	0.148	0.616	0.668	0.065	0.655	0.698	0.776	0.541	0.076	-0.006	-0.153	0.886	0.051	0.601	-0.167	-0.179	-0.239	-0.295	-0.774	-0.204	-0.772	-0.918	-1.149	2.310	2.193	2.722	2.184	3.219	2.044
Magneto	AMB_RS16980	AMB_RS16980		Crp/Fnr family transcriptional regulator	-0.200	1.404	0.171	0.448	-1.340	-0.383	-1.327	-1.446	-0.388	-0.087	-0.609	1.166	1.049	-0.046	0.203	0.148	-1.372	-1.107	0.252	0.246	-0.130	-0.872	-0.164	-0.247	1.028	1.931	1.300	1.120	1.143	-0.243	2.573	3.788	3.508	3.797	4.556	3.406
Magneto	AMB_RS16990	AMB_RS16990		transporter component	1.186	-0.554	1.228	0.814	0.926	1.091	1.033	0.210	1.947	3.748	1.009	3.233	1.919	2.211	0.268	0.798	0.728	0.894	1.685	0.310	2.054	2.123	1.528	0.542	-0.481	0.131	-0.259	0.231	0.145	-0.036	0.357	-0.547	0.424	0.089	-0.637	-0.430
Magneto	AMB_RS16995	AMB_RS16995		carboxymuconolactone decarboxylase family protein	-2.287	0.991	-0.483	0.240	-0.260	-0.421	-2.113	-2.105	-3.030	10.250	2.095	7.099	0.326	0.519	-0.350	1.162	-0.052	-0.737	4.308	1.734	3.395	0.741	0.553	0.516	2.488	1.812	1.356	2.033	1.729	1.160	0.824	1.406	-0.461	1.703	0.748	1.818
Magneto	AMB_RS17000	AMB_RS17000		hypothetical protein	-3.019	0.429	-0.705	-1.056	-0.631	-0.510	-1.188	0.437	-0.303	-0.678	-1.545	-1.284	-0.173	-0.314	0.211	0.920	-0.048	-0.062	0.429	-0.312	0.553	0.319	-0.251	0.295	-0.203	0.557	0.612	0.126	0.882	-0.299	-1.593	-0.340	0.422	0.058	-0.144	0.862
Magneto	AMB_RS17005	AMB_RS17005		hypothetical protein	-0.105	0.972	0.434	0.179	-0.201	0.201	0.225	0.027	0.260	0.588	0.456	-0.602	-0.226	-1.067	0.850	-0.048	0.323	0.925	-0.475	-0.654	-0.451	-0.273	0.022	0.208	-0.501	-0.182	-0.096	-0.751	-0.471	-0.684	-0.262	-1.337	0.118	0.204	-1.690	-0.133
Magneto	AMB_RS17010	AMB_RS17010		ion transporter	-0.999	-0.127	0.753	0.088	-1.256	0.455	0.353	-0.240	0.123	0.136	-0.828	-0.732	-0.580	0.499	0.032	-0.312	0.559	1.095	-0.273	-0.216	-1.216	-0.326	-0.322	-0.100	-2.077	-1.598	-1.596	-1.728	-1.295	-2.053	-1.507	-2.429	-1.230	-0.322	-3.270	-3.195
Magneto	AMB_RS17030	AMB_RS17030		taurine catabolism dioxygenase	3.115	-0.037	-0.197	-0.232	-0.768	-0.420	0.133	-0.357	-1.086	-0.040	0.181	0.064	-0.684	-0.489	0.218	-0.033	0.105	-0.300	-0.646	-0.502	-0.790	-0.898	-0.517	-0.876	0.023	0.638	0.097	-0.261	-0.010	-0.095	0.831	0.397	0.234	0.204	0.144	0.244
Magneto	AMB_RS17035	AMB_RS17035		dissimilatory-type sulfite reductase subunit alpha	-0.839	-0.081	0.647	0.908	-0.455	0.735	0.041	-0.752	1.008	3.172	1.427	2.705	1.248	0.650	1.572	0.036	0.146	-0.494	2.859	2.456	3.057	0.168	0.742	0.948	-2.789	-2.174	-2.077	-2.850	-2.368	-2.017	0.029	-0.320	-0.967	0.386	0.658	-0.858
Magneto	AMB_RS17040	AMB_RS17040		dissimilatory-type sulfite reductase subunit beta	1.517	-1.035	-0.342	-1.455	-1.922	-0.440	-1.273	-2.042	-0.652	0.105	0.536	-0.154	-1.066	-1.646	-0.945	-2.089	-2.415	-2.560	-0.709	0.096	-0.295	-1.365	-0.875	-0.955	-0.232	0.132	-0.475	-0.314	0.494	-0.436	1.195	-0.684	-0.684	-0.234	-0.387	2.120
Magneto	AMB_RS17045	AMB_RS17045		sulfurtransferase TusD	-0.820	0.688	0.158	-0.484	-0.490	-1.236	-3.005	-1.631	-2.905	9.019	3.819	6.931	1.370	0.391	-0.872	0.229	-0.215	-0.981	3.133	3.697	3.426	0.658	0.315	0.321	-1.176	-1.524	-0.866	-1.359	-1.220	-1.762	1.805	1.822	1.459	1.561	1.660	1.434
Magneto	AMB_RS17050	AMB_RS17050		sulfurtransferase TusC	-1.426	-0.136	0.045	-0.029	0.775	-0.586	-4.179	-2.533	-2.583	6.970	2.827	6.402	-0.649	0.637	0.361	-1.801	-1.124	-1.351	4.627	3.961	5.959	0.063	-0.583	0.911	-0.921	-1.259	-1.805	-2.219	-2.973	-2.521	3.374	3.070	3.005	3.213	3.187	2.788
Magneto	AMB_RS17060	AMB_RS17060		sulfurtransferase TusE	0.069	1.285	0.452	0.854	-0.060	1.244	-3.789	-2.287	-2.712	14.527	8.078	14.004	1.453	0.440	1.665	-1.116	-0.897	-1.054	8.008	8.111	7.620	0.569	-0.624	0.588	-0.510	-0.221	-1.828	-3.868	-4.298	-5.082	15.071	13.171	12.997	9.391	11.392	11.550
Magneto	AMB_RS17065	AMB_RS17065		nitrate reductase	-0.714	0.229	0.673	0.483	0.367	0.763	0.442	-0.501	0.390	5.481	1.031	4.175	0.699	1.164	3.159	-0.545	-0.135	0.027	5.070	2.235	2.955	0.107	0.224	0.164	-0.564	0.057	-0.065	-0.123	-1.445	-0.762	0.327	-0.318	0.557	1.861	2.031	0.660
Magneto	AMB_RS17070	AMB_RS17070		(Fe-S)-binding protein	0.208	-0.432	-0.122	-0.090	-0.695	0.447	-0.731	-0.917	-1.604	4.521	4.548	4.930	0.135	-0.383	-1.175	-0.196	-0.833	-0.079	3.461	3.291	1.827	0.257	-0.269	-0.573	0.560	0.680	-0.816	0.179	0.432	-0.027	4.942	5.077	3.373	2.659	3.368	2.100
Magneto	AMB_RS17075	AMB_RS17075		FAD-dependent oxidoreductase	-0.878	0.534	-0.048	0.763	-0.245	0.188	0.459	-0.447	-0.138	1.343	1.683	1.094	0.485	0.596	-0.825	0.318	-0.256	-0.330	1.221	1.868	0.258	0.312	-0.770	1.215	0.172	0.594	0.565	-0.311	0.310	0.317	0.870	-0.244	0.530	1.211	0.475	0.054
Magneto	AMB_RS17085	AMB_RS17085		4Fe-4S dicluster domain-containing protein	0.918	-1.165	0.076	-0.046	-0.243	-0.674	0.055	-1.324	0.296	3.590	2.139	2.906	-0.056	0.717	1.103	-1.098	0.901	-0.178	2.544	0.692	1.423	0.445	0.762	1.216	-1.532	-0.550	-1.201	-1.552	-1.027	-1.141	0.153	-0.226	0.614	-0.989	-0.945	-0.082
Magneto	AMB_RS17090	AMB_RS17090		molybdopterin oxidoreductase	-2.029	-0.532	-0.755	0.429	0.210	-1.101	-0.654	-0.468	-0.871	2.893	1.905	2.690	-0.013	1.206	0.434	-1.409	-0.321	-0.321	2.212	1.665	1.311	0.077	-0.515	-0.144	-1.472	-0.295	-0.600	-1.979	-1.686	-1.599	0.336	-0.021	-1.079	-0.066	-0.402	-0.992
Magneto	AMB_RS17095	AMB_RS17095		hypothetical protein	1.101	0.449	0.086	0.532	0.071	-0.843	1.068	-0.079	0.278	0.879	0.222	1.316	-0.290	0.533	-0.114	-0.153	-0.047	0.549	-0.062	-1.156	0.737	-0.296	0.358	-0.719	-1.193	-1.738	-2.003	-1.964	-0.733	-1.583	0.416	-2.445	0.783	-0.975	-0.580	-0.777
Magneto	AMB_RS17100	AMB_RS17100		sulfate permease and related transporter	-2.293	-0.746	0.008	-0.481	-2.047	0.214	-1.425	-0.798	0.025	-0.525	-1.584	0.675	-0.976	-0.480	0.102	-0.695	-1.141	-1.712	-0.646	0.754	1.372	-1.086	-0.852	-1.888	-0.383	-0.313	-0.241	-0.578	-1.112	-0.476	-1.536	-1.650	-0.819	-1.009	-0.842	-0.631
Magneto	AMB_RS17110	AMB_RS17110		methyl-accepting chemotaxis protein	-0.215	-1.488	-0.725	-0.532	-1.549	-1.050	-0.251	-0.516	-1.185	-0.947	-3.305	-1.698	-0.819	-1.420	-0.910	0.011	-1.237	-0.572	-1.072	-2.144	-1.360	-1.348	-1.242	-1.451	1.060	-0.552	-0.410	-0.358	0.908	0.719	0.070	0.301	1.892	-1.091	0.068	-0.827
Magneto	AMB_RS17120	AMB_RS17120		hypothetical protein	1.297	1.054	1.944	1.903	1.820	0.015	2.387	0.892	-0.112	2.336	1.487	1.423	1.266	0.199	1.371	-0.172	1.013	0.161	0.616	-0.125	0.258	1.916	2.805	1.244	-0.777	0.596	-0.145	-1.337	0.237	1.224	-1.290	-0.436	0.188	0.886	0.244	-0.359
Magneto	AMB_RS17125	AMB_RS17125		ABC transporter ATP-binding protein/permease	0.894	-1.475	-0.287	0.886	0.008	0.184	0.779	1.245	0.879	0.833	1.931	-0.486	0.124	-0.193	0.355	-0.109	0.472	1.213	0.278	0.463	0.224	1.141	0.020	0.329	-0.850	-0.087	-0.360	0.343	-0.095	0.047	0.628	-0.099	-1.482	-0.393	-0.366	-0.209
Magneto	AMB_RS17130	AMB_RS17130		hypothetical protein	0.595	-0.909	1.361	0.151	0.831	0.115	0.331	1.376	0.797	0.204	0.453	2.493	0.702	1.141	0.206	0.873	0.348	-0.777	-0.060	-1.004	1.333	0.586	0.298	1.065	0.483	1.758	1.121	0.535	0.540	0.347	-0.134	2.104	-1.108	1.953	0.215	0.951
Magneto	AMB_RS17135	AMB_RS17135		PAS domain-containing sensor histidine kinase	0.277	0.737	0.296	0.203	0.591	0.938	1.131	0.633	-0.488	0.382	-0.126	0.009	0.519	0.697	0.076	0.523	0.958	0.407	-0.407	-0.300	-0.086	0.582	0.879	0.083	-0.456	-0.441	-0.510	-0.800	-0.465	-0.476	-2.957	-0.966	-0.507	0.179	-0.662	-0.305
Magneto	AMB_RS17145	AMB_RS17145		insulinase family protein	0.068	-0.460	-1.238	-1.086	-0.385	-1.130	-1.781	-1.210	0.520	1.789	0.480	-0.210	0.203	0.382	-0.187	-1.081	-1.085	-1.241	2.048	-0.057	1.665	-0.739	-1.816	0.494	-1.174	0.896	0.017	-0.288	0.174	-0.030	1.202	1.205	1.192	0.338	1.070	1.224
Magneto	AMB_RS17165	AMB_RS17165		NADP oxidoreductase	0.380	-0.203	1.162	0.392	0.038	0.398	0.892	0.624	0.369	0.370	0.342	0.389	1.306	0.020	0.566	0.240	0.749	0.891	0.092	-0.117	0.156	0.320	0.593	0.348	-0.028	-1.158	0.701	-0.440	-0.678	0.115	4.110	-1.348	0.199	0.483	-0.152	0.199
Magneto	AMB_RS17170	AMB_RS17170		NADP oxidoreductase	-0.270	0.611	0.158	0.364	-0.723	-0.331	-0.242	-0.356	-0.332	-0.107	-0.353	-0.220	0.100	0.693	0.095	-1.495	-0.201	0.440	0.277	0.752	-0.148	-0.327	0.349	0.212	-0.153	-0.381	0.812	-0.135	-0.176	0.180	1.510	-0.500	-1.825	1.324	1.332	1.251
Magneto	AMB_RS17175	AMB_RS17175		NADP oxidoreductase	1.696	-0.821	-0.598	-0.478	-0.016	1.033	0.148	-0.194	-0.908	0.757	-0.768	-0.277	-0.359	-0.756	-0.440	0.475	-0.445	-0.198	-0.799	-0.047	-0.164	-1.483	-0.957	-0.419	0.787	-0.298	0.119	0.110	-1.117	-0.401	0.752	-2.173	1.193	0.683	0.940	-0.122
Magneto	AMB_RS17180	AMB_RS17180		Ni/Fe hydrogenase subunit alpha	1.469	1.278	0.823	0.131	0.700	1.051	0.099	0.323	0.610	1.204	0.435	1.480	0.111	0.491	0.651	0.011	0.816	0.792	0.319	1.396	0.597	-0.296	0.169	0.227	-0.122	-1.881	1.361	-0.484	-1.370	0.118	2.616	-2.438	-0.171	1.566	0.005	0.735
Magneto	AMB_RS17185	AMB_RS17185		HybD peptidase	-0.427	-0.910	0.748	0.523	0.627	-0.416	-0.605	-0.255	0.235	0.463	-0.890	1.410	0.820	0.120	0.320	0.595	-0.540	-0.755	0.237	0.580	-0.091	0.169	0.059	0.465	0.788	-0.860	1.468	0.408	0.113	1.095	2.742	-0.136	-0.578	1.289	1.607	-0.448
Magneto	AMB_RS17190	AMB_RS17190		hypothetical protein	0.595	0.276	-0.355	0.652	-0.732	0.014	0.767	-0.499	0.041	-0.257	-0.357	0.072	0.130	-0.296	-0.423	0.132	-0.222	0.572	0.033	-0.666	0.544	-0.363	-0.551	-0.091	0.283	0.392	-0.313	-0.237	0.716	0.273	-1.522	0.158	-0.187	-1.151	-1.461	-0.230
Magneto	AMB_RS17195	AMB_RS17195		hypothetical protein	-0.821	-1.541	0.447	0.924	0.742	1.347	2.349	1.771	0.849	-0.341	0.480	2.428	1.709	1.163	1.037	0.756	0.877	-0.374	0.564	1.229	2.125	-0.031	1.046	0.945	-0.415	-0.495	-0.814	-0.216	-0.361	-0.732	-0.240	-1.222	-0.324	0.413	-0.691	-0.325
Magneto	AMB_RS17200	AMB_RS17200		DNA-binding response regulator	-0.648	0.683	-0.183	-0.929	0.074	0.215	-0.000	-0.784	0.439	-0.045	-0.162	0.375	-0.148	-0.911	-0.752	-0.391	-0.861	0.076	-0.242	0.253	-0.530	-1.883	-1.013	-1.757	0.225	0.515	0.589	-0.035	-0.252	-0.005	0.339	0.108	1.685	1.221	0.686	-0.361
Magneto	AMB_RS17205	AMB_RS17205		hypothetical protein	-0.073	0.832	-0.476	-0.662	0.076	-0.466	0.588	0.573	0.682	-0.108	-0.310	-0.935	-0.663	-0.161	-0.326	1.111	-0.261	0.902	0.147	-0.138	-0.527	0.582	0.524	0.089	0.812	0.277	0.376	0.374	1.174	1.710	-1.311	0.067	1.085	-0.604	-1.680	0.079
Magneto	AMB_RS17220	AMB_RS17220		GGDEF domain-containing protein	0.107	0.271	0.783	-1.505	0.020	-0.870	0.556	-0.897	-0.983	0.472	0.145	0.632	0.340	-0.049	0.227	0.714	-0.612	-0.556	1.434	1.534	1.320	-0.003	1.075	1.028	1.060	0.743	-0.243	0.237	0.440	0.676	0.607	0.993	0.126	1.180	1.175	1.300
Magneto	AMB_RS17230	AMB_RS17230		hypothetical protein	-0.477	1.627	0.488	-0.056	-0.060	0.300	-0.355	0.397	0.762	0.695	0.373	-0.082	-0.180	0.277	-0.327	-0.428	0.199	0.611	0.166	-0.192	0.151	-0.608	0.235	0.680	-0.056	0.333	0.348	0.119	0.847	-0.081	0.627	-0.441	-0.401	-0.323	0.663	0.631
Magneto	AMB_RS17235	AMB_RS17235		AsmA family protein	-0.564	-0.193	1.346	0.149	1.191	-0.688	0.682	0.536	0.105	-0.269	0.552	1.499	0.189	0.667	-0.400	0.112	0.797	-0.701	0.657	1.550	0.682	0.399	1.234	0.588	-2.097	-1.826	-2.056	-1.872	-1.924	-1.936	-1.006	-1.520	-1.346	-1.131	-1.286	-1.563
Magneto	AMB_RS17240	AMB_RS17240		OmpA family protein	0.117	-1.603	1.433	-0.134	0.103	-1.226	-0.392	0.132	-1.487	-1.158	0.070	-0.952	-0.054	0.645	-0.780	0.933	0.533	0.535	-0.531	-0.598	-0.411	-0.714	-0.000	0.233	-2.591	-2.425	-1.570	-1.440	-1.630	-2.349	-0.284	-1.860	-1.447	-1.382	-1.994	-1.610
Magneto	AMB_RS17245	AMB_RS17245		TIR domain-containing protein	1.703	0.757	-0.406	-1.309	-0.624	-0.321	-0.664	-1.036	0.057	-0.669	-1.582	-0.035	-1.081	-0.431	-0.543	-0.148	-0.112	-0.221	-0.412	-0.020	-1.765	-1.336	-1.142	-1.319	-1.152	-1.566	-1.857	-1.824	-0.979	-1.407	-2.200	-1.407	-2.869	-1.695	-1.494	-1.311
Magneto	AMB_RS17250	AMB_RS17250		universal stress protein	1.666	-0.248	0.618	-0.028	1.010	0.366	0.984	0.246	1.009	-2.410	-0.941	-1.183	0.916	-0.080	1.247	0.646	1.198	0.445	-0.961	1.744	-1.106	-0.019	0.287	0.489	2.249	3.707	2.711	3.023	3.595	3.773	-1.414	-0.962	-0.474	-2.705	-0.718	-2.639
Magneto	AMB_RS17255	AMB_RS17255		RNA pseudouridine synthase	1.474	-0.021	-0.206	-0.593	0.478	-1.041	0.467	-0.275	-0.087	0.249	0.189	-1.068	-0.219	0.306	-0.640	-0.178	-0.349	0.455	0.129	1.057	0.431	-0.561	0.044	0.232	0.816	1.164	0.082	0.516	0.414	-0.521	0.480	1.102	-0.219	0.431	-0.292	-0.445
Magneto	AMB_RS17260	AMB_RS17260		acriflavine resistance protein B	-1.136	0.028	0.195	0.142	-0.357	0.711	0.242	1.032	0.793	0.833	-0.162	0.388	0.449	-0.237	0.460	0.004	0.243	0.597	0.375	0.031	-0.441	0.063	0.459	0.083	0.070	0.292	0.139	1.186	1.043	0.770	-1.934	-1.439	-1.090	-1.679	-0.566	-0.589
Magneto	AMB_RS17265	AMB_RS17265		MexH family multidrug efflux RND transporter periplasmic adaptor subunit	0.114	-1.183	0.045	0.177	-0.715	-0.001	-0.192	0.465	0.967	1.148	0.062	0.530	-0.564	0.443	-0.156	-0.355	0.813	0.048	1.858	0.734	1.241	-0.123	-0.031	0.994	1.222	1.900	1.234	1.463	1.656	-0.196	-1.538	-0.601	0.645	-0.733	-0.156	0.502
Magneto	AMB_RS17270	AMB_RS17270		TetR/AcrR family transcriptional regulator	-0.758	-0.605	0.727	0.248	-1.121	0.404	-1.136	0.534	0.322	0.510	0.014	-0.625	1.322	-0.132	0.034	0.034	0.735	1.224	-0.906	-0.955	0.420	0.651	1.204	0.748	-0.978	0.062	-0.606	0.199	-0.417	0.058	-0.936	0.237	0.341	1.002	-0.384	0.092
Magneto	AMB_RS17275	AMB_RS17275		DUF1398 domain-containing protein	-2.079	0.077	-0.040	0.747	0.152	-0.210	0.131	-0.027	0.341	1.164	0.912	-0.433	-0.007	-0.423	-0.013	0.925	0.038	0.946	-0.096	1.468	0.653	-0.375	0.699	0.156	-0.166	-0.191	-0.061	0.270	-0.470	-0.204	-0.692	-0.687	-1.224	-0.654	0.536	-1.085
Magneto	AMB_RS17280	AMB_RS17280		MarR family transcriptional regulator	1.236	0.658	1.436	1.871	1.120	0.685	1.573	1.148	1.879	0.407	0.147	1.240	0.424	0.103	0.402	1.414	1.717	1.104	1.534	-0.312	-0.182	0.883	0.596	0.783	-0.292	-0.392	0.440	-0.176	-0.114	0.040	1.101	-0.731	-0.236	-1.273	-0.312	-0.143
Magneto	AMB_RS17285	AMB_RS17285		RNA-binding transcriptional accessory protein	0.896	1.045	-0.083	-0.111	-0.611	0.305	0.165	0.582	-0.211	0.615	0.414	-0.090	0.505	-0.512	-0.255	0.192	-1.221	0.066	0.368	0.762	1.208	-0.367	0.269	0.979	-2.861	-2.634	-2.146	-1.825	-1.790	-2.041	-1.450	-2.840	-2.456	-1.085	-0.550	-2.383
Magneto	AMB_RS17290	AMB_RS17290		hypothetical protein	0.313	-1.075	1.503	1.355	-1.295	1.121	1.111	0.940	0.863	0.923	-0.844	0.412	-0.079	0.954	1.093	1.496	1.146	0.033	-0.461	-1.005	-0.448	0.582	0.251	0.421	0.083	0.501	0.027	1.156	0.169	1.538	-0.129	0.641	0.113	0.428	-0.380	0.695
Magneto	AMB_RS17295	AMB_RS17295		PilZ domain-containing protein	1.300	0.147	-0.126	0.147	0.954	0.126	0.172	0.966	-0.191	0.193	0.048	0.846	-0.406	-0.289	-0.029	0.137	-0.114	-0.093	-0.138	0.178	0.348	-0.414	0.531	-0.546	0.857	0.078	0.066	-0.010	0.010	0.501	1.505	0.312	0.075	-0.126	-0.274	1.036
Magneto	AMB_RS17300	AMB_RS17300		hypothetical protein	-0.171	1.285	0.766	-0.828	0.501	0.161	0.817	0.565	0.734	0.201	-0.847	-0.242	-0.406	-0.078	0.915	0.323	0.396	1.105	0.206	0.138	-0.025	0.110	0.822	0.298	-0.042	-0.257	0.247	-0.457	-0.293	-0.368	-0.949	0.207	-0.664	-0.005	0.057	-0.893
Magneto	AMB_RS17305	AMB_RS17305		hypothetical protein	0.650	-0.221	-0.404	-0.859	-0.655	-0.796	0.350	0.458	0.267	-0.189	0.943	-0.891	-0.308	-0.762	-0.312	1.024	0.901	-0.278	-0.404	-0.668	-0.742	-0.419	0.110	-0.590	2.657	2.655	2.930	1.888	2.346	2.050	0.707	1.876	1.038	0.318	0.576	2.999
Magneto	AMB_RS17310	AMB_RS17310		tandem-95 repeat protein	0.361	-0.882	-2.065	-0.522	4.211	3.782	0.964	3.057	3.849	-8.351	0.110	-1.451	-2.395	-5.332	-1.740	0.742	0.118	3.046	3.240	-0.308	-0.587	-3.002	-3.354	-3.008	-4.252	-0.583	-3.752	-0.803	-1.402	-2.750	-0.926	-1.931	-2.396	1.113	1.784	1.832
Magneto	AMB_RS17315	AMB_RS17315		PAS domain-containing sensor histidine kinase	-1.005	0.104	0.585	0.922	0.118	0.653	1.002	0.288	1.029	0.129	-1.411	-0.046	0.300	-0.472	0.899	0.556	-0.713	0.186	-0.412	-0.754	0.402	-0.555	0.747	0.244	-0.219	0.017	-0.088	-0.658	-0.277	-0.163	-0.688	-0.728	-0.874	0.273	-1.079	-1.310
Magneto	AMB_RS17320	AMB_RS17320		MexE family multidrug efflux RND transporter periplasmic adaptor subunit	-1.074	0.142	0.322	0.272	0.153	0.508	0.705	0.648	-0.739	0.969	-1.651	1.137	-0.165	0.560	0.053	-0.132	-0.471	0.866	0.446	0.425	-0.181	-0.005	0.880	0.284	-0.646	-0.627	-0.962	-0.608	0.235	-0.548	1.051	-0.426	-0.765	-2.263	0.714	-0.434
Magneto	AMB_RS17325	AMB_RS17325		multidrug efflux RND transporter permease subunit	-0.827	0.299	1.008	-0.197	1.144	1.914	0.471	0.869	0.542	1.227	2.581	0.775	1.169	0.953	1.318	0.147	1.229	2.384	0.398	1.173	0.445	0.658	0.409	1.684	-0.140	0.208	0.769	-0.165	-0.553	-0.067	0.398	0.367	0.771	-0.021	-0.803	0.882
Magneto	AMB_RS17330	AMB_RS17330		cytochrome c	-0.264	-1.096	1.315	-0.956	-0.407	0.347	0.252	0.674	0.909	0.607	-0.313	0.737	1.269	1.064	-0.166	1.622	0.697	-1.242	0.008	0.717	0.219	-0.166	0.392	0.053	-0.294	-0.423	-0.298	-0.703	-0.562	-0.863	-0.827	-0.551	0.168	-0.341	-0.334	0.132
Magneto	AMB_RS17335	AMB_RS17335		N-acyl-L-homoserine lactone synthetase	-1.149	-1.890	-1.054	-1.526	-0.967	-1.740	-0.629	-0.885	-1.376	-0.991	-0.527	0.445	-1.499	-0.590	-1.840	-0.838	-0.493	-1.047	-0.519	-0.290	-0.996	-1.662	-1.018	-0.675	-4.047	-3.930	-3.927	-3.661	-2.570	-3.667	-1.433	-2.713	-1.996	-1.622	-2.746	-2.793
Magneto	AMB_RS17345	AMB_RS17345		rubredoxin	-0.959	0.534	-0.290	-0.354	0.223	-1.376	-0.941	-1.312	-1.407	-0.227	1.018	-1.109	-1.291	-0.964	-0.226	-3.052	-3.465	-2.341	-0.752	-1.060	-0.424	-0.847	-0.433	-1.849	-0.938	-0.587	-0.942	-1.557	-1.222	-1.361	-0.174	-1.043	-0.185	-0.863	-1.038	-0.311
Magneto	AMB_RS17350	AMB_RS17350		rubrerythrin	-0.836	-1.425	-0.692	-0.084	-0.237	0.384	-1.130	-1.534	-0.221	-0.443	0.553	0.123	0.019	-2.272	-1.910	0.185	-1.352	-0.261	-0.096	-1.461	0.003	-0.700	-0.751	-0.887	-4.151	-3.368	-4.071	-3.809	-3.141	-3.125	-1.693	-3.322	-2.264	-1.927	-2.655	-2.619
Magneto	AMB_RS17355	AMB_RS17355		membrane protein	-0.458	0.585	-0.504	-0.784	-1.699	0.874	-1.632	-0.283	-1.183	1.115	-1.005	-0.108	-1.765	-1.754	-0.492	-1.124	-0.185	-1.667	-0.302	0.029	-1.086	-1.146	-0.807	-1.161	-0.417	-1.580	-0.557	-1.006	-1.307	-1.174	0.483	0.263	0.198	0.693	0.700	0.690
Magneto	AMB_RS17365	AMB_RS17365		acriflavine resistance protein B	-3.029	-1.841	0.307	-1.926	-0.085	-1.282	-0.916	-2.070	-1.602	-0.206	-0.328	1.694	-1.631	-0.879	-0.644	-1.471	-2.154	-2.113	0.552	-1.436	0.114	-1.028	-1.024	-0.507	-3.887	-5.596	-3.946	-3.305	-3.785	-3.737	-3.642	-9.579	-5.888	-5.083	-5.418	-6.749
Magneto	AMB_RS17370	AMB_RS17370		acriflavine resistance protein B	-1.856	0.111	-0.749	0.035	0.005	-0.144	-1.529	-0.074	-0.286	0.346	-1.216	0.341	-0.375	-1.762	0.150	-0.542	-0.857	-0.786	0.685	0.758	1.270	-0.714	-0.350	0.636	-3.805	-4.008	-2.602	-3.732	-3.326	-2.312	-3.135	-8.132	-4.423	-3.470	-3.312	-4.385
Magneto	AMB_RS17375	AMB_RS17375		efflux RND transporter periplasmic adaptor subunit	-0.449	-1.409	0.621	-1.323	-0.693	-1.085	-2.054	-1.228	-1.662	0.252	-0.216	0.494	-1.748	-1.770	-1.938	-2.713	-1.813	-1.826	0.026	0.157	-0.305	-0.738	-1.686	-0.849	-1.400	-1.928	-2.060	-0.504	-0.292	-1.363	-4.351	-4.317	-2.683	-3.320	-4.683	-4.155
Magneto	AMB_RS17380	AMB_RS17380		hypothetical protein	1.703	0.864	0.501	0.128	0.044	0.312	-0.377	-0.013	0.599	0.720	0.763	-0.614	0.653	0.250	-0.287	0.741	-0.446	-0.551	-0.629	0.037	-0.302	-0.233	0.114	-0.495	0.272	0.464	0.434	-0.392	0.642	0.325	-0.911	-0.195	0.876	-1.705	-0.058	-0.090
Magneto	AMB_RS17385	AMB_RS17385		PAS domain S-box protein	0.032	1.206	0.307	0.354	-0.212	-0.486	1.009	-0.392	-0.514	1.190	0.490	0.807	0.077	0.279	0.940	-0.407	0.133	0.727	-0.961	-1.254	0.173	0.873	0.061	1.000	0.559	0.422	0.027	0.585	0.266	0.014	-0.106	0.641	0.188	-0.185	1.372	0.456
Magneto	AMB_RS17390	AMB_RS17390		two-component system response regulator	1.953	-0.069	0.898	0.341	0.060	-0.036	0.919	0.235	0.904	0.587	1.492	0.444	0.298	0.646	1.247	0.125	-0.047	0.177	1.292	0.503	1.347	0.212	-0.036	-0.536	0.026	-0.638	0.406	0.074	0.396	0.056	0.615	-1.418	-0.682	-0.705	-0.218	0.831
Magneto	AMB_RS17400	AMB_RS17400		esterase	-0.719	-2.918	-0.466	-2.337	-0.332	-1.411	-0.550	-1.415	0.440	-0.745	-0.090	-2.141	-1.482	-1.039	-1.514	-1.880	-0.886	-1.051	-1.551	-1.520	-2.531	-2.154	-1.385	-3.308	-0.614	-1.102	-0.249	-1.024	-0.563	-0.916	0.003	-0.065	-0.496	-0.157	-1.137	-1.924
Magneto	AMB_RS17405	AMB_RS17405		hypothetical protein	0.517	-0.024	-1.407	-1.433	-1.837	-0.538	-0.779	-1.311	-0.941	-0.635	-0.524	-0.422	-1.774	-1.448	-1.018	-1.236	-0.677	-0.461	-1.009	-1.349	-1.647	-2.200	-1.647	-1.066	-0.364	0.085	0.012	-0.082	-0.092	-0.746	-0.072	-0.890	-0.318	-0.003	-0.614	-0.764
Magneto	AMB_RS17420	AMB_RS17420		oxidoreductase	0.706	1.513	-1.998	-0.231	0.298	-0.250	1.132	-0.099	0.663	-1.819	-1.455	-1.557	-0.243	0.295	0.139	1.195	1.094	1.416	-0.698	0.369	-0.649	-0.152	0.698	0.494	1.056	1.026	0.387	0.797	1.197	0.787	-1.337	-2.719	-1.942	-3.086	-3.607	-3.889
Magneto	AMB_RS17425	AMB_RS17425		carbohydrate porin	0.477	0.938	0.846	0.421	1.233	1.213	0.577	1.112	0.447	0.986	0.767	0.687	1.404	2.247	1.907	1.002	1.028	1.259	1.479	1.363	1.632	0.460	1.583	1.264	1.015	1.429	1.355	0.757	1.119	0.930	0.355	1.054	0.918	1.497	-0.275	0.467
Magneto	AMB_RS17430	AMB_RS17430		helix-turn-helix domain-containing protein	-1.620	1.888	0.453	0.467	0.096	-0.498	1.119	0.285	0.491	3.119	2.452	0.650	1.724	0.327	0.430	0.180	-0.699	0.141	0.571	1.028	3.145	1.409	0.738	-0.058	-0.362	-0.205	-0.008	-0.379	-1.630	-1.021	2.092	2.786	1.196	2.179	2.288	0.527
Magneto	AMB_RS17435	AMB_RS17435		DNA-binding response regulator	-0.623	1.119	-1.251	0.077	-1.037	-0.592	-0.352	-0.259	-0.129	0.372	-1.189	0.394	-0.173	-0.950	-0.750	-0.365	-1.081	-0.367	-0.026	0.320	-0.069	-0.973	-0.827	-0.045	2.077	2.481	1.224	1.520	1.743	1.089	-1.541	1.830	2.173	0.624	2.063	0.315
Magneto	AMB_RS17440	AMB_RS17440		signal transduction histidine kinase	-0.130	2.335	-1.389	-1.128	-0.263	-0.885	-1.029	-0.667	-0.962	-0.205	0.139	0.292	-1.024	-0.129	-0.419	-0.228	-0.790	-1.274	-1.186	0.045	-1.661	-0.570	-1.009	-0.330	1.580	0.965	1.231	0.573	0.671	1.042	1.679	2.415	0.236	1.596	0.026	0.529
Magneto	AMB_RS17445	AMB_RS17445		hypothetical protein	-0.747	-1.280	-1.504	-2.281	-0.798	-0.441	-0.051	-0.555	0.446	-2.714	-1.079	-1.540	-1.616	-0.157	0.031	-1.030	0.348	1.234	-0.771	0.984	-0.128	-0.784	-1.128	-1.345	-2.033	-0.701	-0.980	-0.355	-0.559	0.013	0.022	-1.750	-0.833	-1.531	-1.545	0.564
Magneto	AMB_RS17450	AMB_RS17450		DUF1987 domain-containing protein	-0.242	-1.909	-1.500	-2.081	-0.069	1.013	-1.075	-0.896	-0.823	-1.995	-0.309	-0.986	-0.976	-1.311	-0.965	-1.775	0.178	-0.507	-0.276	-0.748	-0.846	-1.031	0.425	-2.191	-0.876	-0.827	-0.618	-0.800	-0.770	-0.786	0.357	-0.563	-0.505	-0.387	-0.435	-0.585
Magneto	AMB_RS17455	AMB_RS17455		histidine kinase	-0.484	-2.121	-2.299	-0.944	0.938	-0.470	-1.473	-0.495	-0.316	-5.345	-2.624	-3.455	0.223	-0.920	-1.366	-1.670	-0.410	-1.215	0.105	-3.448	-3.272	-2.217	-2.747	-2.700	-2.916	-2.327	-2.440	-2.143	-2.156	-3.007	-0.862	-2.564	-3.336	-2.137	-1.280	-0.510
Magneto	AMB_RS17460	AMB_RS17460		PAS domain S-box protein	-1.088	1.070	-0.196	-0.867	-0.834	-0.733	-0.835	-1.213	-1.702	0.307	0.306	1.310	0.562	-0.357	1.373	-0.465	-1.191	-0.255	1.253	0.360	1.619	0.778	-0.098	-0.976	-1.583	-2.200	-1.459	-2.636	-2.669	-2.580	1.369	0.833	0.020	1.714	1.427	0.784
Magneto	AMB_RS17465	AMB_RS17465		amino acid ABC transporter substrate-binding protein	1.331	0.412	-0.249	-0.744	0.097	-0.427	0.051	0.576	-0.003	0.145	-0.268	-0.109	-0.407	-1.168	-0.115	0.076	-1.383	-0.660	-0.528	-0.866	0.035	-0.832	-0.087	-0.482	-1.070	-0.097	-1.152	-0.161	-0.431	-0.502	1.755	-0.048	-1.043	0.198	-0.584	-1.958
Magneto	AMB_RS17470	AMB_RS17470		HAMP domain-containing protein	0.815	0.220	1.839	2.210	1.171	1.475	2.628	1.273	0.240	1.712	3.498	1.025	2.269	2.367	1.251	1.001	0.269	1.368	1.928	1.045	0.855	1.287	0.846	0.926	0.673	0.554	0.490	0.071	0.033	0.311	0.062	0.170	-0.211	0.511	-0.250	-0.108
Magneto	AMB_RS17475	AMB_RS17475		NADPH-dependent 2,4-dienoyl-CoA reductase	-0.486	1.311	1.583	0.027	0.158	0.988	1.330	-0.022	-0.418	0.809	0.578	1.497	0.115	0.882	0.295	0.306	-0.488	1.437	0.652	0.728	1.706	-0.220	0.109	-0.012	2.431	1.454	1.230	0.903	1.280	0.901	-2.462	-0.279	0.074	0.456	0.854	0.880
Magneto	AMB_RS17480	AMB_RS17480		NAD(P)/FAD-dependent oxidoreductase	1.118	-1.238	-1.969	0.004	0.633	-0.663	0.232	-0.589	0.844	-0.782	1.806	0.099	-0.223	-0.095	-0.555	-0.221	0.101	0.401	-0.632	-1.160	-1.419	0.677	0.069	-0.881	-0.763	-0.556	-1.816	-0.186	-1.254	-0.669	-2.142	-0.658	-0.893	-0.329	0.028	-0.746
Magneto	AMB_RS17485	AMB_RS17485		hypothetical protein	1.362	0.062	0.648	1.446	0.824	-0.085	1.976	0.666	1.073	1.702	1.607	-0.303	-0.428	-0.170	1.756	-0.454	1.179	0.144	0.208	0.005	1.151	1.406	0.495	0.219	1.289	1.403	0.494	-0.290	1.207	0.706	1.718	1.990	1.035	0.112	1.696	1.217
Magneto	AMB_RS17490	AMB_RS17490		hypothetical protein	-0.394	0.160	-0.990	0.380	-0.636	-0.158	-0.091	-0.708	-0.171	-0.473	-1.273	-0.513	0.153	-1.261	-0.486	-1.302	-1.264	0.024	-1.072	-2.304	-0.428	-0.574	-0.236	-0.131	-0.546	0.431	-0.300	0.059	0.784	0.523	-0.229	0.728	0.473	1.615	0.950	1.163
Magneto	AMB_RS17495	AMB_RS17495		N-acetyltransferase	0.575	0.283	-1.098	-0.792	-0.842	-1.128	-0.964	-0.293	-1.276	-1.036	-1.325	-0.013	-0.394	-1.356	-0.135	-1.134	0.150	-1.219	-0.957	0.312	-0.356	-0.741	-0.746	-1.007	0.707	0.532	0.469	-0.175	0.388	-0.285	-1.610	-1.126	0.806	-0.510	1.430	-0.524
Magneto	AMB_RS17500	AMB_RS17500		FAD-binding oxidoreductase	1.076	0.371	0.278	-1.680	-0.213	-0.120	-0.476	-0.178	-0.179	-0.522	-1.605	-0.232	1.266	0.148	1.070	0.033	-0.585	0.215	-0.126	0.222	1.263	-0.734	0.315	-0.637	-1.054	-0.948	-0.542	-0.603	-0.120	-1.398	-1.578	-1.325	0.767	-1.282	0.303	-0.788
Magneto	AMB_RS17505	AMB_RS17505		PAS domain-containing sensor histidine kinase	-1.334	-0.243	1.081	1.275	0.464	1.209	-0.215	0.551	0.880	1.481	1.262	1.466	1.653	0.206	0.125	-0.716	0.417	2.122	0.803	0.573	1.189	1.052	0.501	0.303	0.821	1.202	0.942	0.232	-0.121	0.348	-0.656	0.438	0.601	0.974	-0.670	0.815
Magneto	AMB_RS17510	AMB_RS17510		phosphate ABC transporter substrate-binding protein	0.865	0.278	-0.939	0.244	-0.489	0.005	-0.407	0.732	-0.299	-1.322	1.050	-0.536	0.325	-1.858	-0.610	-0.533	0.094	-0.063	-0.312	-0.745	-1.406	0.030	-0.210	-0.006	-0.428	-0.711	-0.145	-0.402	-0.456	-0.587	0.445	-1.065	0.319	-2.574	-1.274	-0.135
Magneto	AMB_RS17515	AMB_RS17515		hypothetical protein	-0.781	1.028	0.413	0.893	0.839	-0.785	1.162	0.176	-0.484	1.931	1.513	1.295	1.444	1.760	-0.120	0.260	0.987	-0.064	0.426	2.287	1.556	1.085	-0.171	0.390	-1.118	-0.463	-0.602	-1.169	-0.292	-1.665	0.647	1.546	-0.190	1.609	-1.493	-0.461
Magneto	AMB_RS17525	AMB_RS17525		hypothetical protein	-0.641	-0.620	0.470	-0.496	-0.369	0.474	-0.149	-0.080	-0.820	-0.146	-1.626	0.045	0.195	0.018	-0.235	-0.309	-0.332	-0.226	0.184	-0.625	-0.266	0.109	-1.857	-0.554	-0.556	-0.979	-1.133	-1.084	-0.388	-0.796	0.503	-0.550	0.639	1.226	-0.545	0.576
Magneto	AMB_RS17530	AMB_RS17530		nif-specific transcriptional activator NifA	0.558	0.072	-0.625	-1.173	-2.089	-0.243	-0.591	0.258	-0.043	-0.400	0.653	-1.403	-0.733	-1.200	-0.782	-0.551	0.332	0.319	-1.147	-1.703	-0.681	-0.896	-1.365	-0.084	-2.269	-0.635	-1.331	-0.140	-0.830	-0.662	-0.204	-0.227	-1.009	-0.765	-1.114	-2.233
Magneto	AMB_RS17540	AMB_RS17540		potassium transporter KefB	0.180	1.654	2.056	0.723	1.188	-1.499	-0.167	-0.280	-1.501	-0.632	0.372	0.549	-0.668	1.048	0.244	0.521	-0.162	-0.413	-0.906	-0.842	0.596	0.027	-0.477	1.094	-1.749	-1.751	-1.802	-1.691	-1.658	-1.402	-0.755	-0.530	-0.117	0.269	-0.940	-1.349
Magneto	AMB_RS17545	AMB_RS17545		methyl-accepting chemotaxis protein	-0.407	-0.559	-1.530	-0.408	-0.312	-0.260	-0.987	-0.424	-0.979	-0.998	-0.559	-0.581	-0.577	-0.625	0.216	-0.703	-0.852	-1.212	-0.285	-1.591	0.541	-1.207	1.089	-0.353	-0.984	-1.645	-0.608	-0.405	-0.784	-0.939	-0.360	-0.323	-0.537	-1.756	-0.192	-0.554
Magneto	AMB_RS17550	AMB_RS17550		2-isopropylmalate synthase	-5.019	-1.395	-0.160	-0.940	-1.209	0.632	-2.341	0.010	-0.117	0.003	-0.518	0.725	-1.081	-1.227	-0.366	-1.177	-0.213	-1.435	-1.515	-0.969	0.321	0.232	-0.441	-0.905	-7.097	-7.184	-5.978	-8.020	-8.498	-7.578	-6.043	-5.958	-6.082	-4.356	-5.558	-6.150
Magneto	AMB_RS17555	AMB_RS17555		Signal transduction histidine kinase regulating C4-dicarboxylate transport system	2.490	1.585	0.424	0.349	-0.191	-0.218	-0.452	0.398	0.497	-0.569	1.210	-1.049	-0.145	0.288	0.705	0.097	1.051	0.892	-0.262	0.339	-0.673	0.199	1.021	-0.907	-1.856	-0.985	-0.657	-1.390	-1.450	-1.167	-0.602	-2.056	-0.689	-2.385	-0.406	-0.945
Magneto	AMB_RS17565	AMB_RS17565		hypothetical protein	0.055	-0.086	0.176	-0.537	0.124	-0.069	0.691	0.532	-0.064	0.421	-2.599	-0.722	-0.027	-0.063	-0.244	-0.803	1.152	0.517	-0.482	0.136	-0.645	0.525	0.188	0.053	-1.086	-1.543	-0.387	-0.453	-0.145	-0.296	-0.884	1.350	0.845	-0.955	0.307	-0.113
Magneto	AMB_RS17570	AMB_RS17570		DUF2336 domain-containing protein	0.616	0.741	-0.524	0.536	-0.494	0.754	1.307	1.609	2.488	-2.339	1.359	-1.098	0.512	-0.879	0.638	0.228	1.563	-0.206	-2.085	-0.746	-1.305	-1.266	0.075	0.758	4.338	4.646	2.906	3.869	3.047	3.113	-1.207	0.817	-0.556	2.189	3.738	2.532
Magneto	AMB_RS17575	AMB_RS17575		GMP synthase	0.323	-0.589	0.376	0.048	1.235	-1.066	-0.501	0.165	-0.587	0.268	0.368	0.890	-0.054	0.551	-0.842	-0.139	0.360	-0.428	-0.544	-0.289	-0.739	-1.281	0.013	-0.589	-0.256	-1.653	0.100	0.137	-0.366	-1.561	1.192	-0.364	0.244	0.247	-0.303	0.891
Magneto	AMB_RS17580	AMB_RS17580		methyl-accepting chemotaxis protein	-1.238	0.682	-1.004	-0.478	0.515	0.212	-0.351	0.629	0.426	-0.310	0.606	-0.892	-0.107	-0.612	1.232	0.683	0.226	0.891	0.162	0.456	-0.032	-0.792	0.544	0.026	0.411	0.817	0.478	0.003	0.692	-0.963	1.243	-0.828	-0.590	0.276	-1.369	-0.215
Magneto	AMB_RS17585	AMB_RS17585		type I secretion system ATPase	1.200	-0.769	-2.573	-2.185	1.715	1.310	-0.295	1.168	1.431	-6.607	-0.017	-1.286	-2.497	-5.258	-2.582	0.855	-1.327	0.485	-0.071	-2.076	-1.350	-2.761	-3.245	-2.835	-0.649	1.185	-0.702	0.871	1.207	-1.193	-0.377	0.040	-1.002	1.123	1.219	1.776
Magneto	AMB_RS17590	AMB_RS17590		HlyD family type I secretion periplasmic adaptor subunit	2.337	-0.264	-2.136	0.291	3.234	2.490	0.753	2.008	1.628	-3.456	0.094	-0.321	-0.700	-3.406	-0.376	-0.133	0.046	1.162	2.399	1.312	0.993	-1.084	-1.623	-2.440	-1.064	0.714	-0.754	0.377	0.720	-0.572	0.711	0.236	-2.305	0.218	1.860	1.741
Magneto	AMB_RS17595	AMB_RS17595		carboxymuconolactone decarboxylase family protein	-0.752	-0.125	0.300	0.919	0.646	1.648	1.124	0.662	0.664	0.617	0.144	0.398	0.082	0.330	0.892	-0.211	0.113	0.326	0.369	-0.436	0.262	0.970	0.926	0.987	0.090	0.085	-0.179	-0.265	-0.540	-1.127	-0.526	-0.095	0.714	1.057	0.696	-0.223
Magneto	AMB_RS17600	AMB_RS17600		DNA-directed RNA polymerase specialized sigma subunit	1.732	0.325	0.461	-1.562	-0.425	-0.991	-1.217	-0.855	-0.605	-1.306	-2.423	-0.123	-0.820	-0.816	-0.341	0.263	-1.896	-1.681	-0.634	-1.492	-1.080	-0.708	-1.526	0.121	0.237	-0.623	0.128	-0.724	0.767	-0.018	-0.509	0.509	-0.253	-0.779	-0.459	0.374
Magneto	AMB_RS17610	AMB_RS17610		DUF1015 domain-containing protein	-0.545	0.322	-0.117	-0.993	-0.298	-0.889	0.227	-0.375	-0.913	-0.311	0.333	-1.022	-0.370	-0.470	-1.072	-0.206	-0.187	-1.008	0.073	-0.072	0.081	-0.582	-1.436	-0.490	0.178	-0.278	0.258	0.385	0.526	-0.285	0.156	0.063	-0.163	-0.569	0.369	0.034
Magneto	AMB_RS17615	AMB_RS17615		PDZ domain-containing protein	1.847	0.319	-1.050	-1.238	-1.116	-0.186	0.285	-1.031	-0.986	-1.067	0.613	-0.762	-0.380	-0.304	-1.244	-0.779	-0.047	-1.965	-1.789	-0.785	-1.941	-0.802	-0.240	0.374	-0.285	0.016	0.364	0.181	-0.709	1.214	-2.220	-0.475	0.144	-2.756	-0.137	-1.887
Magneto	AMB_RS17620	AMB_RS17620		replication-associated recombination protein A	-0.090	-2.038	-0.839	-1.590	-0.383	-1.821	-1.382	-2.340	-1.608	-1.989	-1.165	-3.428	-0.388	-0.932	-1.322	-2.176	-1.362	-1.287	-1.011	-1.401	-2.202	-1.408	-0.749	-1.013	-1.080	-0.389	-1.562	-1.005	-0.950	-0.600	-3.021	-1.371	-1.079	-0.201	0.221	-1.214
Magneto	AMB_RS17625	AMB_RS17625		hopanoid biosynthesis associated radical SAM protein HpnJ	-12.013	-4.730	2.185	-6.450	-6.125	-6.369	-7.674	-8.705	-7.707	2.134	1.632	2.523	-3.278	-4.680	-3.779	-5.953	-5.667	-4.515	-1.015	-1.093	-0.733	-2.018	-2.560	-2.044	-16.512	-15.534	-16.929	-14.191	-14.769	-15.501	-5.465	-12.704	-11.463	-7.911	-8.880	-10.974
Magneto	AMB_RS17640	AMB_RS17640		hypothetical protein	-1.399	-0.196	-1.374	1.018	-0.443	-0.427	-0.600	-0.502	-0.691	0.013	-0.304	-0.502	-0.040	0.247	-0.027	-0.535	0.843	-0.781	0.046	-0.833	-0.673	0.748	-1.087	0.296	-0.405	-0.927	-0.398	-0.083	0.361	-1.082	0.038	-0.029	-1.089	-0.987	0.199	-0.316
Magneto	AMB_RS17645	AMB_RS17645		iron-sulfur cluster carrier protein ApbC	-2.579	-0.146	4.392	-5.103	-5.166	-5.055	-6.836	-6.192	-6.306	2.268	0.271	3.180	-3.667	-3.425	-3.473	-5.179	-4.484	-5.637	4.723	3.041	2.815	-3.143	-2.673	-2.755	-5.313	-4.824	-5.215	-7.804	-8.075	-8.042	7.937	9.536	8.679	2.146	5.569	3.657
Magneto	AMB_RS17670	AMB_RS17670		flagellar basal body L-ring protein FlgH	1.332	0.045	-0.116	-0.647	-0.011	-1.026	-0.652	-0.805	-0.087	-0.772	-0.228	0.330	-0.086	-1.008	0.204	-0.266	-1.270	-0.446	-0.805	-1.644	-1.123	-1.766	-0.784	-0.582	1.115	1.665	1.435	0.743	1.114	1.237	-0.921	0.754	0.400	1.481	1.673	0.127
Magneto	AMB_RS17675	AMB_RS17675		flagella basal body P-ring formation protein FlgA	-1.001	-1.777	1.741	0.374	0.297	0.496	-0.433	0.301	0.089	-0.429	1.140	2.787	1.321	0.111	1.337	0.478	1.063	-1.293	0.366	0.734	0.695	-1.636	-0.229	0.272	0.206	1.702	0.303	0.519	1.037	0.015	-0.154	0.794	-0.800	1.942	0.787	0.904
Magneto	AMB_RS17680	AMB_RS17680		flagellar basal-body rod protein FlgG	-1.298	-0.430	0.149	1.238	-0.259	0.007	0.887	-0.045	0.536	1.670	0.767	1.001	0.650	-0.098	-0.150	0.063	0.193	-0.143	0.836	0.733	0.616	0.527	0.821	0.412	0.776	-0.311	-0.228	0.902	1.012	0.415	2.145	0.849	2.457	-0.698	-1.044	-0.551
Magneto	AMB_RS17685	AMB_RS17685		flagellar basal-body rod protein FlgF	-0.896	-0.685	-0.868	-0.304	0.359	-0.205	-0.115	-0.235	0.256	-1.623	-1.403	-0.192	0.623	-0.549	-0.186	-0.086	-1.028	-0.138	-0.813	-0.992	0.221	-1.071	0.889	-0.446	-0.239	-0.066	-0.075	-0.214	0.098	0.396	-1.343	-1.323	-0.973	-0.533	-0.362	-0.165
Magneto	AMB_RS17690	AMB_RS17690		flagellar basal body protein FliL	2.459	-1.314	0.361	-0.340	-0.210	-0.251	-0.383	0.778	0.455	-0.240	0.295	1.504	0.664	-0.432	0.843	0.465	-0.718	0.077	1.131	-0.013	-0.775	-0.256	-0.026	-0.967	-0.442	-0.814	-0.067	-1.034	-0.782	-0.742	-0.041	-0.745	-1.777	-0.246	-1.153	-0.763
Magneto	AMB_RS17695	AMB_RS17695		flagellar motor switch protein FliM	-0.226	0.136	-0.183	-1.206	-0.194	-1.482	-1.046	-0.737	-0.366	-0.067	-1.398	1.005	-0.436	-0.640	0.513	0.202	-0.966	-0.613	0.532	0.251	0.395	0.260	-1.159	-0.021	1.183	0.457	-0.425	0.398	0.396	-0.286	3.750	-0.319	1.302	1.834	1.244	1.386
Magneto	AMB_RS17705	AMB_RS17705		FlaA	-0.724	0.426	0.478	0.454	0.788	0.563	0.793	1.445	0.592	0.848	0.622	-0.626	-0.794	0.109	0.939	1.055	1.233	1.086	-0.240	0.137	0.361	0.757	0.563	0.540	-0.552	-0.189	0.529	1.761	0.349	0.751	-0.652	-0.373	-0.142	0.354	-0.031	-0.490
Magneto	AMB_RS17710	AMB_RS17710		response regulator	0.743	1.112	-1.334	-0.108	-1.488	-0.926	0.743	0.309	-0.341	0.736	0.162	1.105	-0.787	-0.782	-0.087	0.998	1.083	0.239	-0.701	-1.285	1.039	-0.538	1.030	-0.485	3.522	2.924	2.638	3.008	3.484	3.408	2.384	2.808	3.276	5.335	2.379	2.095
Magneto	AMB_RS17715	AMB_RS17715		chemotaxis protein	-0.900	0.097	-0.292	-0.778	-0.278	0.970	0.276	-1.146	0.783	-1.959	-0.919	-2.168	0.082	-1.809	-1.007	-0.849	-0.716	-0.835	-2.333	-1.667	-0.730	-0.213	0.416	-0.524	-0.661	0.976	0.451	1.793	0.366	1.317	-0.488	-1.478	0.345	0.258	0.421	1.535
Magneto	AMB_RS17720	AMB_RS17720		hypothetical protein	-1.406	1.267	1.150	1.691	-0.158	0.643	1.044	1.011	0.669	0.497	0.630	0.507	1.203	0.229	-0.055	0.128	1.478	1.184	0.614	0.179	0.744	0.114	1.168	1.463	0.382	1.120	-0.182	0.128	1.170	-0.060	0.618	-1.081	-0.755	-1.465	0.104	1.681
Magneto	AMB_RS17725	AMB_RS17725		hypothetical protein	-0.383	-0.631	0.593	1.179	0.645	0.728	1.769	0.170	1.063	1.570	-0.239	2.022	0.829	0.358	1.251	1.347	0.996	1.653	-0.428	-0.374	0.662	0.460	0.976	0.982	-0.805	-0.455	0.004	-0.663	-0.082	-0.294	-0.858	0.102	-1.148	-0.631	-1.401	-0.540
Magneto	AMB_RS17730	AMB_RS17730		NnrS family protein	0.393	-0.745	2.084	-0.013	0.567	0.912	0.412	1.457	1.143	0.427	-0.878	0.906	-0.014	0.980	0.595	0.154	1.603	0.488	0.323	0.318	0.052	0.791	-0.003	0.115	0.716	1.016	-0.027	0.698	0.312	0.195	0.225	0.402	0.142	0.690	-0.180	0.022
Magneto	AMB_RS17735	AMB_RS17735		tRNA (adenosine(37)-N6)-dimethylallyltransferase MiaA	0.625	0.641	-1.081	-3.074	-1.035	-2.210	-1.740	-0.102	-0.376	-4.008	-0.045	-2.619	-0.706	-1.292	-0.568	-1.629	-1.252	-0.448	-0.957	1.386	-0.738	-0.051	-0.370	-0.592	-0.184	-0.790	-0.422	-0.702	-0.888	-0.655	-2.219	-2.942	-3.709	-1.910	-3.634	-4.916
Magneto	AMB_RS17755	AMB_RS17755		TIGR02453 family protein	0.236	-1.663	0.426	-0.439	-0.940	1.415	-1.539	-1.141	-0.816	-0.166	-0.225	0.253	-0.490	-0.599	0.139	-0.927	1.258	-0.431	-0.127	-1.277	-0.334	-0.040	-0.082	0.419	0.647	0.042	0.503	0.175	-0.158	0.690	-0.963	0.237	-0.740	0.757	0.662	-0.974
Magneto	AMB_RS17760	AMB_RS17760		hypothetical protein	-0.849	-1.440	0.063	-1.130	-0.624	-0.379	-0.079	-0.742	-0.520	1.371	0.594	1.638	-1.007	0.744	-0.586	-0.470	0.397	0.713	0.225	0.031	-0.929	0.023	-0.255	-0.507	0.062	0.983	-0.812	-0.752	-0.174	0.196	-0.405	0.877	0.547	0.050	1.250	0.118
Magneto	AMB_RS17765	AMB_RS17765		2-isopropylmalate synthase	-0.122	0.493	-0.709	-0.521	-0.505	0.633	0.806	-0.027	-0.125	-2.612	0.242	-1.570	0.680	0.396	-0.355	1.216	0.155	-0.696	-0.108	-0.785	-0.540	1.451	-0.184	-0.066	-0.377	-0.215	-0.281	-0.416	-0.163	-0.467	-0.504	-0.126	-0.619	-0.200	0.125	-0.244
Magneto	AMB_RS17795	AMB_RS17795		hypothetical protein	-0.097	0.652	-0.233	0.709	0.340	-0.969	-0.197	0.144	-0.588	0.372	0.837	-0.566	-0.520	0.125	-0.237	0.084	-0.515	-0.211	-0.695	0.538	-0.385	0.296	-0.169	-0.569	1.324	0.466	0.305	0.456	0.589	0.420	-0.443	-0.017	-0.576	-0.624	0.552	0.337
Magneto	AMB_RS17800	AMB_RS17800		anti-sigma factor antagonist	-0.057	-0.002	-0.617	-1.175	-0.747	-0.384	-1.649	-0.004	-0.374	-0.899	0.191	0.242	-0.864	-1.560	-1.469	-0.524	-0.456	-0.646	-1.656	-0.430	-0.271	-2.132	-0.538	-0.485	-1.120	-1.109	-1.055	-1.168	-0.709	-0.812	0.932	1.223	0.347	0.503	-1.398	-1.132
Magneto	AMB_RS17805	AMB_RS17805		HAMP domain-containing protein	-2.883	-0.458	0.552	-0.226	-0.934	-0.138	-0.348	0.893	0.834	0.364	0.007	0.122	0.529	0.089	0.749	0.450	0.694	1.293	0.374	1.613	0.898	0.607	0.759	0.778	-1.198	-0.560	-0.576	-0.252	-0.752	-0.831	1.863	-0.980	-0.454	-0.453	1.114	-0.218
Magneto	AMB_RS17810	AMB_RS17810		methionyl-tRNA formyltransferase	-2.426	1.008	0.154	0.098	0.598	-1.170	1.646	0.380	0.190	-0.028	0.926	-0.688	-0.334	-1.045	-0.759	-0.193	-0.403	-0.166	0.505	-0.624	-0.361	0.501	0.202	-0.038	0.694	0.221	1.136	0.066	0.039	1.018	0.976	0.044	-0.352	0.045	0.370	0.594
Magneto	AMB_RS17815	AMB_RS17815		ABC transporter substrate-binding protein	-0.464	-0.795	-0.699	-0.838	-0.230	-0.478	-0.581	-0.247	-0.825	-0.598	-0.133	-1.291	-0.186	-1.635	0.149	-0.547	0.243	-0.732	-0.606	-0.524	0.323	-0.769	-0.672	-0.874	-2.016	-1.750	-0.955	-1.203	-0.412	-1.495	-0.936	-0.627	-2.248	-0.606	-1.760	-1.340
Magneto	AMB_RS17820	AMB_RS17820		MFS transporter	-1.663	-0.861	-0.492	0.671	1.110	0.240	0.934	0.458	-0.002	-0.046	-0.043	-0.729	0.422	0.516	0.886	0.855	0.771	0.371	0.467	0.931	-0.284	0.192	0.041	0.630	-0.421	-0.732	-0.352	-0.739	-0.013	0.447	-1.251	-0.128	0.240	-0.434	0.052	-0.559
Magneto	AMB_RS17825	AMB_RS17825		hypothetical protein	-1.444	0.587	-0.995	-0.443	-0.555	-1.005	-0.294	-1.090	0.080	-0.531	0.328	1.106	-0.746	0.082	0.336	-0.998	-1.213	-0.535	-0.754	0.338	-0.481	0.111	0.265	-0.154	0.842	-0.885	0.632	0.584	0.901	1.355	-1.216	-0.723	-1.621	-1.607	0.669	1.249
Magneto	AMB_RS17830	AMB_RS17830		hypothetical protein	0.195	-0.198	-0.700	-0.943	0.753	-0.905	-0.504	-0.513	0.614	-0.197	-1.535	0.039	-0.011	-1.460	-0.694	0.790	0.105	0.994	-1.258	-1.083	0.138	0.574	0.371	-0.122	-0.825	-1.182	-2.826	-0.513	-0.815	-0.187	-0.247	-1.765	-1.817	-0.688	-0.942	-2.366
Magneto	AMB_RS17840	AMB_RS17840		glycosyltransferase family 1 protein	1.427	0.470	1.978	1.023	1.361	0.378	0.778	0.960	0.396	0.888	-0.756	1.255	0.713	1.275	-0.239	0.278	1.700	1.100	0.864	1.227	0.478	0.502	1.061	1.336	0.191	0.260	0.428	0.015	0.720	0.416	0.271	-0.493	0.192	0.669	1.536	0.699
Magneto	AMB_RS17845	AMB_RS17845		hypothetical protein	-2.501	-1.841	-0.563	-1.688	-0.247	0.449	0.325	-0.073	0.267	-0.323	0.253	-0.928	0.040	0.367	-1.125	-0.740	1.127	-0.624	-0.725	-0.175	-0.366	-1.020	-0.692	-0.890	-2.716	-1.964	-2.127	-2.170	-2.031	-2.079	-2.088	-3.537	-3.983	-1.502	-4.357	-1.080
Magneto	AMB_RS17850	AMB_RS17850		nuclease	-0.167	0.566	-0.627	-1.583	-1.221	-0.006	-1.238	0.070	0.977	-0.992	0.810	0.251	-1.044	-1.492	-0.562	-0.292	0.178	-0.262	0.349	-0.148	-0.671	-1.221	-0.780	0.309	0.100	0.162	0.998	0.721	0.407	0.524	2.100	-0.249	0.181	-0.696	0.510	0.905
Magneto	AMB_RS17860	AMB_RS17860		DUF2249 domain-containing protein	0.526	-0.261	-0.102	0.080	1.208	1.717	0.097	0.878	1.390	0.635	-0.701	0.236	0.230	0.102	0.215	-0.521	-0.940	1.132	0.018	1.778	0.808	0.696	0.633	0.171	-0.187	-0.212	-0.144	-0.629	0.753	0.428	0.421	-1.333	0.676	-0.230	0.521	-0.730
Magneto	AMB_RS17880	AMB_RS17880		STAS domain-containing protein	-1.669	-0.706	0.032	-0.017	0.645	0.673	0.310	1.330	0.645	-0.060	0.252	-0.034	1.290	0.327	0.654	0.350	1.213	0.307	-0.081	0.018	-0.137	1.024	-0.012	-0.330	1.280	0.616	0.256	1.730	0.796	0.898	2.421	0.349	0.173	1.664	1.467	1.575
Magneto	AMB_RS17885	AMB_RS17885		PAS domain S-box protein	-0.286	1.129	0.369	0.186	-1.859	-0.842	0.162	-0.466	0.668	-0.700	-0.331	-0.547	-0.246	-0.355	-0.378	-0.586	-1.183	-0.122	-0.256	-1.002	-0.108	-0.361	0.291	-0.173	-0.097	0.505	-0.329	-0.480	-0.083	0.630	-1.034	-1.640	-0.033	0.200	-0.747	0.119
Magneto	AMB_RS17895	AMB_RS17895		hypothetical protein	-1.306	-0.318	0.353	0.295	1.039	-0.998	0.817	-0.594	0.417	0.708	1.249	0.855	0.322	-1.043	0.822	1.781	-0.245	-0.094	1.080	-1.135	0.522	0.596	0.279	0.598	-0.377	-0.708	-1.042	-0.653	-0.788	-1.432	-0.042	-1.382	0.283	-0.319	-0.833	-0.597
Magneto	AMB_RS17900	AMB_RS17900		serine phosphatase	-1.010	-2.004	-0.004	0.161	0.049	0.239	0.519	0.177	-0.185	0.426	-0.148	1.467	0.433	0.919	1.013	0.744	0.449	0.088	1.146	0.352	0.337	-0.118	-0.299	-1.098	0.309	0.137	-0.173	-0.099	0.428	0.280	1.632	-0.198	0.721	-0.440	-0.882	-0.059
Magneto	AMB_RS17905	AMB_RS17905		ATP-binding protein	-0.526	0.674	0.540	-1.424	-1.431	-1.394	-0.780	-0.173	-0.587	-2.325	-1.670	-0.847	0.170	-0.338	-0.506	0.111	0.062	-0.899	-1.071	-1.143	-0.918	-0.456	-1.436	0.044	-1.150	-0.533	-1.082	-1.160	-0.997	-0.570	-0.870	-1.284	-1.185	0.892	-1.205	-1.353
Magneto	AMB_RS17910	AMB_RS17910		anti-sigma factor antagonist	2.268	-0.709	0.059	-0.927	-0.065	0.271	-0.906	-0.779	-0.689	-0.944	0.725	0.518	0.528	-0.533	-0.745	-2.004	-0.264	-0.759	-0.195	0.474	-1.078	-0.482	-0.548	-1.795	-0.156	0.292	-0.248	0.342	-0.185	0.072	1.153	1.175	0.233	0.227	0.014	-0.050
Magneto	AMB_RS17915	AMB_RS17915		methyl-accepting chemotaxis protein	3.326	1.425	-0.029	0.106	-0.510	0.457	-0.094	-0.283	-0.787	-0.531	-0.226	-0.287	0.364	-1.578	0.017	-0.586	-0.569	-1.831	0.626	0.429	0.696	-0.261	-0.394	1.037	0.255	0.494	-0.059	-1.198	-0.394	-0.620	-0.216	-0.999	-1.914	-0.070	-0.266	0.063
Magneto	AMB_RS17925	AMB_RS17925		formate dehydrogenase	-0.493	-0.039	0.092	-0.506	0.024	-0.530	-7.860	-8.179	-8.181	18.691	14.963	18.853	-0.619	-0.105	-0.492	-3.311	-2.592	-3.246	13.254	12.022	11.518	1.148	-0.248	-0.554	-1.890	-1.478	-1.563	-8.888	-9.695	-8.809	24.568	21.311	20.464	24.130	24.184	23.309
Magneto	AMB_RS17930	AMB_RS17930		4Fe-4S dicluster domain-containing protein	-1.956	-1.281	-0.159	0.538	-0.123	-0.612	-8.193	-6.011	-6.890	16.336	10.705	16.526	0.169	0.510	0.166	-3.104	-3.107	-3.036	11.052	9.529	10.144	0.220	-0.966	0.086	-1.605	-0.012	-0.649	-6.791	-6.884	-7.418	14.661	14.243	12.049	16.293	15.864	14.339
Magneto	AMB_RS17935	AMB_RS17935		DMSO reductase	-2.131	-1.096	-0.631	-0.264	-1.069	-0.326	-7.600	-6.912	-6.104	15.894	9.284	15.894	-0.942	0.005	0.124	-3.393	-2.833	-2.559	10.505	8.712	8.263	-0.925	-0.475	-0.631	-1.004	-0.776	-0.927	-5.509	-5.739	-6.676	15.126	13.539	12.333	15.283	14.793	14.365
Magneto	AMB_RS17940	AMB_RS17940		hypothetical protein	-0.850	-0.474	-0.791	-0.523	-1.234	0.184	-0.133	-1.799	-2.217	0.549	0.918	0.578	-0.276	-1.650	-0.112	-0.150	-0.278	0.663	-1.153	0.724	0.527	0.021	-0.359	0.116	-0.875	-1.251	-1.376	-1.175	-1.330	-1.190	0.789	-0.653	-1.096	-0.195	0.711	-1.072
Magneto	AMB_RS17945	AMB_RS17945		hypothetical protein	0.308	-0.738	-0.263	0.412	0.013	0.862	0.086	0.886	-0.749	-0.567	-0.338	-0.718	-0.552	0.323	-0.200	0.390	0.297	0.387	-0.189	1.622	0.514	0.051	0.131	-0.169	-2.138	-1.825	-1.979	-2.028	-1.907	-1.691	-0.788	-1.289	-0.500	-0.976	-0.555	-1.425
Magneto	AMB_RS17950	AMB_RS17950		hypothetical protein	1.291	1.441	0.917	0.163	0.867	0.673	1.118	1.535	1.704	1.798	-0.217	1.071	1.343	0.381	1.513	0.830	1.494	0.955	0.047	0.061	0.626	0.841	1.505	1.110	-0.006	-0.454	-0.501	0.091	-0.612	0.085	0.518	0.960	-0.167	-0.875	-0.231	0.111
Magneto	AMB_RS17955	AMB_RS17955		TonB-dependent receptor	-0.537	1.474	-0.371	-0.121	-0.121	-0.100	-0.224	0.196	0.005	1.008	0.084	0.742	0.142	0.126	0.478	0.274	0.122	0.405	0.664	0.241	-0.100	0.319	-0.421	0.742	-0.274	1.028	0.370	0.404	0.190	0.268	1.452	1.323	-0.335	1.021	1.216	0.729
Magneto	AMB_RS17960	AMB_RS17960		exo-alpha-sialidase	-1.441	1.137	0.496	0.179	0.789	0.468	1.091	1.066	-0.007	0.489	-0.615	-0.099	1.220	0.205	0.388	0.159	0.010	0.036	0.368	0.625	-0.204	0.347	-0.100	0.783	0.769	0.368	0.616	0.811	0.258	0.873	-0.549	0.337	1.732	0.475	2.626	1.302
Magneto	AMB_RS17965	AMB_RS17965		energy transducer TonB	1.642	0.362	0.489	1.041	1.420	1.552	2.007	0.933	2.049	1.470	0.332	1.424	2.260	2.568	0.880	1.640	1.893	2.069	1.624	1.544	2.913	1.202	2.085	1.514	0.120	0.484	-0.048	0.468	-0.438	-0.283	2.100	0.372	-0.023	1.642	0.520	0.047
Magneto	AMB_RS17970	AMB_RS17970		MotA/TolQ/ExbB proton channel family protein	-0.028	-0.331	1.303	-0.560	-0.225	-0.764	0.776	-0.608	-0.210	-0.715	1.889	-0.608	0.307	-0.879	0.336	-0.312	-0.046	0.326	-0.007	-0.356	-0.357	-0.739	-0.307	0.515	0.469	-1.365	-0.875	-0.651	-1.649	-1.237	0.317	-1.139	-1.148	-1.810	0.340	-0.825
Magneto	AMB_RS17975	AMB_RS17975		biopolymer transporter ExbD	-0.035	2.713	-1.972	-1.258	-1.025	-0.593	-2.174	-0.668	-0.594	-1.248	0.616	0.254	-0.288	-0.862	-0.501	-1.442	-0.976	-0.731	-0.867	-0.946	-0.835	-1.212	-1.329	-0.992	-0.771	-0.672	-1.715	-0.604	-0.265	-1.448	1.383	-0.519	-1.176	0.647	-1.497	-0.715
Magneto	AMB_RS17980	AMB_RS17980		biopolymer transporter ExbD	-0.160	0.788	-1.236	-0.850	-2.114	-1.759	-0.340	-2.815	-1.472	-2.052	-0.791	-0.866	-1.318	-2.388	-2.537	-0.658	-0.976	-0.784	-0.625	-1.655	-1.745	-1.954	-2.012	-2.719	-1.100	-1.741	-1.280	-1.244	-1.478	-0.885	-0.974	-0.804	-0.531	-0.440	-0.750	-1.160
Magneto	AMB_RS17985	AMB_RS17985		sulfite exporter TauE/SafE family protein	-0.495	1.045	-0.423	-0.454	-0.509	-1.229	0.382	0.649	0.575	-4.069	-4.952	-6.198	-0.693	-0.398	0.294	0.937	0.693	-0.035	-1.430	-2.807	-2.070	-0.355	0.047	0.145	0.278	0.479	0.042	-0.514	0.800	0.363	1.036	1.114	-1.241	1.679	1.839	0.165
Magneto	AMB_RS17990	AMB_RS17990		PAS domain-containing protein	0.405	0.627	0.945	1.052	0.319	0.169	0.795	0.022	-0.413	0.997	0.189	0.536	0.110	-0.076	-0.196	-0.627	0.054	-0.169	0.572	-0.933	0.774	0.723	0.544	0.389	-1.748	-0.581	-1.370	-1.646	-0.946	-1.036	-0.555	-0.304	-0.202	-1.168	-0.703	-0.180
Magneto	AMB_RS17995	AMB_RS17995		hypothetical protein	-0.831	-1.772	-1.191	-1.335	-1.816	-1.466	-2.219	-1.366	-2.377	-1.122	-1.943	-3.319	-1.962	-1.197	-0.573	-1.647	-0.636	-0.485	-1.584	-0.397	-2.159	-1.597	-2.510	-2.882	0.191	1.729	0.847	0.587	-0.596	-0.148	0.750	0.648	0.805	0.370	-0.061	1.468
Magneto	AMB_RS18010	AMB_RS18010		sensor histidine kinase	1.694	8.823	0.027	1.825	0.658	1.425	2.467	2.011	1.976	-1.703	5.185	1.943	3.115	2.602	2.799	3.221	3.242	4.022	0.558	2.138	0.866	2.775	2.057	2.922	-3.462	-2.018	-3.601	-2.919	-2.090	-3.466	-6.900	-9.972	-9.235	-6.143	-8.245	-9.687
Magneto	AMB_RS18015	AMB_RS18015		ABC transporter ATP-binding protein	-0.689	-0.476	-1.760	-2.323	-1.392	-2.305	-1.855	-3.099	-3.287	-2.160	1.068	0.016	-2.737	-0.602	-1.612	-2.365	-3.931	-1.205	-2.199	-1.136	-0.883	-3.573	-1.616	-1.836	-0.999	-1.386	-1.667	-0.314	-1.457	-0.722	-1.692	-2.118	0.253	-1.629	-1.102	0.883
Magneto	AMB_RS18025	AMB_RS18025		helix-turn-helix domain-containing protein	1.681	-0.256	-0.357	-1.858	-0.899	-1.387	-0.566	-1.075	-0.315	-1.073	-1.409	-0.029	-1.254	-1.745	-0.743	-1.100	-0.433	-0.581	-0.839	-1.019	-1.037	-2.596	-1.096	-0.396	-0.253	0.193	0.416	0.526	0.774	0.174	0.797	-0.677	-0.850	-0.261	-0.293	-0.125
Magneto	AMB_RS18030	AMB_RS18030		sensor domain-containing diguanylate cyclase	0.788	1.201	1.035	0.413	0.749	1.018	1.037	0.885	0.821	1.059	1.978	0.594	2.055	0.384	1.089	0.796	0.824	1.311	1.329	1.940	0.699	0.968	0.487	0.721	-0.474	-0.040	0.064	0.296	1.125	0.892	1.696	-0.207	1.576	1.774	0.169	-0.680
Magneto	AMB_RS18035	AMB_RS18035		PAS domain-containing sensor histidine kinase	1.679	-1.363	-0.330	0.634	-0.308	-0.682	0.643	-1.190	-0.541	0.215	0.315	0.210	-1.395	-0.160	-0.528	-0.280	-0.745	0.563	0.596	0.264	-0.379	0.104	-1.077	-0.450	0.796	0.376	1.327	0.825	0.143	0.373	0.537	0.304	0.215	0.400	-0.791	1.284
Magneto	AMB_RS18040	AMB_RS18040		sulfate ABC transporter permease subunit CysW	-0.581	1.689	0.386	0.517	0.191	0.368	1.070	-0.107	-0.196	0.491	1.095	-0.910	-0.292	0.130	-0.083	-0.220	-0.073	-0.665	0.137	-1.269	-0.280	-0.513	0.925	0.232	-0.502	-1.100	-0.412	-0.437	0.073	-0.200	-1.144	-0.767	-0.064	2.033	1.745	2.663
Magneto	AMB_RS18045	AMB_RS18045		sulfate ABC transporter permease subunit CysT	-0.169	-0.304	0.667	0.068	0.833	-0.023	1.216	0.658	0.774	1.759	-0.401	-0.399	-0.314	-0.132	0.308	0.878	1.513	0.121	-0.042	0.140	0.824	0.823	1.358	0.389	-0.629	0.218	-0.305	-0.236	-0.565	-0.004	-0.852	-1.005	-0.126	0.087	1.156	0.176
Magneto	AMB_RS18050	AMB_RS18050		sulfate ABC transporter substrate-binding protein	-1.075	0.731	-0.550	0.325	-0.347	-0.853	-0.091	-0.477	-0.406	-0.407	-0.423	-0.556	-0.796	-0.858	-1.016	-0.998	-0.485	-1.106	-2.253	-0.384	-0.079	0.264	-0.759	-1.373	-0.000	-1.341	0.334	-0.069	1.247	0.204	2.084	-0.154	-0.901	2.840	2.346	2.612
Magneto	AMB_RS18055	AMB_RS18055		GGDEF domain-containing protein	-0.395	-0.907	-1.794	-1.129	-1.009	-1.210	0.077	-0.807	-0.091	0.356	-0.469	-0.390	-1.092	-1.127	-0.868	-0.382	-1.782	-0.624	-0.505	-1.247	-2.090	-1.560	0.121	-0.571	1.124	0.247	0.884	0.847	1.134	1.666	-0.406	0.510	0.573	0.010	-1.686	-0.830
Magneto	AMB_RS18065	AMB_RS18065		response regulator	0.290	-1.256	-0.819	-1.079	-1.232	0.485	-0.067	-0.534	0.734	-2.399	-2.714	-2.326	-0.834	-1.686	-0.377	-0.336	1.005	0.918	-0.601	-1.262	-3.076	-1.564	-1.009	-2.729	0.254	0.294	-0.362	-0.137	0.326	0.296	-1.788	-0.364	-0.475	-0.229	0.020	-0.350
Magneto	AMB_RS18080	AMB_RS18080		formyltetrahydrofolate deformylase	-0.971	-1.769	0.342	0.375	0.341	0.710	-0.417	-0.693	1.176	-0.008	-0.797	0.008	-0.700	-0.523	0.395	-0.355	-0.258	-0.455	0.476	-0.201	-0.064	-1.521	1.370	0.148	0.156	-0.809	-1.273	-0.499	-1.078	-0.792	-1.942	-0.818	-0.411	-0.839	-1.631	-1.427
Magneto	AMB_RS18085	AMB_RS18085		hypothetical protein	4.266	-1.081	1.073	1.179	0.891	1.199	2.104	1.010	2.139	1.654	-0.481	0.314	1.596	1.163	0.839	1.375	1.776	1.209	0.587	2.358	2.984	1.634	1.632	1.567	-0.497	0.802	-0.277	1.064	1.144	0.359	0.837	1.791	1.833	1.286	1.704	1.101
Magneto	AMB_RS18095	AMB_RS18095		hypothetical protein	0.169	-0.185	0.072	-0.917	-0.703	0.161	-0.397	0.426	-0.585	-0.881	0.861	-0.859	0.065	-0.645	0.675	0.478	-1.104	0.373	-0.687	0.239	-0.677	-1.084	-2.559	-0.579	-0.865	0.879	-0.646	0.293	-0.002	0.576	1.028	-1.618	-1.316	-0.777	-0.825	-0.841
Magneto	AMB_RS18100	AMB_RS18100		DUF2249 domain-containing protein	0.231	1.376	0.705	1.168	1.703	-1.056	0.895	-1.946	0.747	0.867	0.851	-0.930	0.165	0.184	0.178	-0.267	-0.256	0.524	0.448	1.593	2.020	2.269	-0.036	0.929	-0.715	-1.781	-1.466	-1.087	-1.278	-0.743	-0.083	-2.632	-2.528	-0.655	-2.411	-1.702
Magneto	AMB_RS18110	AMB_RS18110		cAMP-binding protein	-0.595	-0.497	1.274	0.291	-2.441	-2.253	-2.714	-1.638	0.010	0.397	-1.172	1.489	-0.017	-0.958	-0.357	-2.075	-1.250	-1.259	1.570	2.410	1.422	-0.743	-0.271	-1.877	-1.571	-0.443	-1.385	-2.158	-1.183	-1.166	-1.308	-1.896	-0.304	-1.296	-1.770	-2.300
Magneto	AMB_RS18120	AMB_RS18120		hypothetical protein	4.217	0.133	0.419	-0.108	-0.335	0.328	-1.393	-0.578	-0.205	0.262	0.120	-0.892	-1.362	0.564	0.513	-0.519	-0.826	0.163	-0.297	-0.220	-1.177	-0.560	-1.000	1.309	1.305	-0.139	-1.014	-0.552	-0.927	-1.690	-0.428	-1.874	0.064	0.237	-0.609	0.446
Magneto	AMB_RS18130	AMB_RS18130		KR domain-containing protein	-1.742	-0.490	1.105	0.698	0.709	-0.515	0.197	1.076	-0.206	1.808	0.234	1.335	1.202	0.159	0.812	0.481	0.608	0.305	0.682	1.626	0.685	-0.287	-0.108	0.067	-0.192	-0.105	-0.505	-0.528	0.046	-0.699	0.545	0.187	-1.208	0.619	-0.283	-1.070
Magneto	AMB_RS18135	AMB_RS18135		enoyl-CoA hydratase/isomerase family protein	0.470	0.446	1.716	0.654	0.203	0.571	0.894	0.558	0.916	1.078	-0.718	0.178	0.603	-0.261	-0.007	0.195	0.440	0.403	0.557	-0.022	0.045	1.002	0.823	-0.019	1.355	1.416	1.535	0.935	1.456	1.156	1.972	0.521	1.303	0.332	1.079	1.452
Magneto	AMB_RS18140	AMB_RS18140		malonyl-CoA synthase	0.362	-0.144	-1.027	-0.349	-1.094	-0.526	-1.884	-1.005	-1.443	0.312	-2.062	0.510	-0.541	-0.810	-0.729	-1.477	-0.986	-0.638	0.396	0.071	0.863	-2.311	-0.290	0.752	-0.415	-0.669	-0.158	-1.373	-0.698	-1.446	0.646	1.054	0.024	0.803	0.437	0.333
Magneto	AMB_RS18145	AMB_RS18145		GntR family transcriptional regulator	-0.493	-3.043	0.061	-1.203	-1.726	-1.166	-0.057	-1.030	-2.057	-2.851	-3.528	-2.616	-2.203	-1.693	-1.107	-0.952	-0.357	-0.478	-3.561	-1.366	-1.983	-1.062	-1.689	-1.483	-1.820	-0.030	-1.683	-1.188	-1.704	-2.022	-0.467	-3.615	-3.093	-2.851	-3.658	-2.238
Magneto	AMB_RS18150	AMB_RS18150		acyl-CoA dehydrogenase	2.361	0.342	-0.639	0.072	0.581	0.378	0.755	-0.255	-0.141	0.402	-0.638	-0.121	0.140	0.417	0.295	0.361	-0.185	-0.733	0.241	0.286	-0.742	-0.070	0.096	-0.029	0.437	0.346	0.579	0.311	0.832	0.425	2.692	0.243	-0.314	0.455	0.608	0.040
Magneto	AMB_RS18155	AMB_RS18155		3-hydroxyisobutyrate dehydrogenase	-0.932	0.366	-1.582	-2.227	-1.522	0.206	-2.877	-1.128	-0.535	-1.288	-0.916	-0.126	-1.118	-1.799	-0.332	-1.438	-1.854	-0.991	-1.657	-0.421	-1.260	-1.739	-0.782	-1.378	-0.272	0.798	-0.327	-0.602	-0.157	0.082	-0.929	-1.391	1.679	-0.039	-0.749	-0.973
Magneto	AMB_RS18160	AMB_RS18160		ABC transporter ATP-binding protein	-0.567	-1.604	-0.432	-0.008	-1.014	0.184	-0.894	-0.838	0.545	0.420	0.661	-0.667	-0.428	0.033	-0.258	-0.330	0.451	0.200	-0.502	-0.240	1.230	-0.512	-0.201	-0.826	0.603	0.563	0.922	0.821	1.597	0.521	-2.190	0.970	-0.484	0.931	-0.453	-1.449
Magneto	AMB_RS18165	AMB_RS18165		long-chain fatty acid--CoA ligase	0.112	-0.258	-0.619	-0.677	0.279	-0.026	-0.508	-0.764	-0.083	-0.098	-1.037	0.169	-0.267	-1.764	-0.146	-0.487	-0.977	-0.028	0.555	1.260	-0.045	-0.013	0.328	-0.695	-0.255	0.435	0.323	-0.222	0.607	-0.146	0.022	0.189	-0.714	1.148	0.280	-0.155
Magneto	AMB_RS18170	AMB_RS18170		branched-chain amino acid ABC transporter permease	1.443	-0.485	1.535	0.732	0.571	0.399	-0.321	-0.072	-0.032	0.371	-2.458	-0.763	0.580	0.269	-0.515	0.636	-0.851	-0.007	0.482	1.238	0.427	0.551	0.521	0.580	1.019	0.836	0.228	0.291	-0.058	0.090	-1.092	0.266	0.363	-0.367	0.875	1.685
Magneto	AMB_RS18175	AMB_RS18175		branched-chain amino acid ABC transporter permease	-1.995	-0.871	-0.097	0.437	0.183	0.085	1.083	0.997	0.968	-0.060	0.219	-0.340	0.288	0.865	0.144	0.579	0.435	0.299	1.151	0.836	0.746	-0.189	1.221	0.571	-0.422	-0.426	-0.186	0.264	-0.263	-0.578	-0.533	-0.246	0.199	-0.284	-0.812	-0.381
Magneto	AMB_RS18180	AMB_RS18180		branched-chain amino acid ABC transporter substrate-binding protein	-3.748	0.382	0.438	0.644	0.294	0.053	-0.871	-0.640	-0.583	1.772	1.659	1.857	0.185	0.430	0.714	-1.050	-1.084	-0.091	1.810	1.109	0.739	-0.658	-0.732	-0.065	-0.243	-0.421	-0.409	-1.628	-1.596	-1.693	1.054	1.166	1.238	1.741	1.390	1.105
Magneto	AMB_RS18185	AMB_RS18185		ABC transporter ATP-binding protein	-0.369	-0.348	-0.024	0.793	1.673	0.995	1.081	1.697	2.383	1.307	0.720	0.293	1.612	0.887	0.495	1.466	0.651	-0.112	1.160	2.685	-0.141	1.400	0.399	2.583	-0.226	0.235	0.880	-0.088	-0.064	-0.492	0.830	1.521	0.462	-0.641	0.124	-0.170
Magneto	AMB_RS18190	AMB_RS18190		phenylacetate--CoA ligase family protein	0.114	-0.008	-0.192	0.544	0.177	0.111	0.130	0.868	0.474	0.573	-0.245	-0.567	0.583	-0.187	0.569	0.961	0.443	0.192	0.289	0.632	-0.092	0.610	-0.107	-0.087	-1.335	-1.228	-0.283	-0.948	-0.964	-1.117	-0.397	-0.971	-1.556	-2.436	-2.389	-1.688
Magneto	AMB_RS18195	AMB_RS18195		DUF1487 domain-containing protein	0.512	0.418	0.285	-0.499	-0.875	-0.727	0.080	-0.515	1.232	0.139	1.385	-0.291	-0.262	-0.640	0.056	-0.392	0.725	-0.727	-0.839	-0.229	-0.516	-0.194	-0.023	0.082	-0.263	0.431	0.277	0.742	1.159	1.048	-0.414	0.032	-0.861	-1.558	-0.548	1.047
Magneto	AMB_RS18200	AMB_RS18200		DUF86 domain-containing protein	-0.274	0.365	0.026	-0.304	0.946	-0.014	-0.044	-0.992	-0.976	0.068	1.022	-1.547	0.809	0.286	-0.606	0.139	-0.643	-0.272	-0.317	0.190	0.329	0.834	-0.101	0.902	-0.089	-1.388	-0.104	-0.108	-0.981	-0.586	-0.197	0.296	0.093	-0.952	0.212	-0.095
Magneto	AMB_RS18210	AMB_RS18210		acetyl-CoA C-acyltransferase	-0.504	-0.131	1.501	0.705	0.392	-0.518	-0.308	1.557	-0.126	-0.177	-0.045	1.055	1.066	0.258	1.154	0.323	0.561	0.188	1.062	0.830	1.294	0.207	1.354	1.576	0.274	-0.583	-0.450	-0.399	-0.712	0.079	-0.545	0.167	-0.245	-0.113	-1.267	-1.299
Magneto	AMB_RS18215	AMB_RS18215		acyl-CoA dehydrogenase	-0.881	-0.265	-0.631	0.086	0.648	-2.213	0.030	-0.806	-0.795	-1.063	-0.322	-0.467	-1.002	-0.822	-1.379	-0.622	0.398	-1.025	0.091	0.171	-0.873	-0.203	-0.412	-0.188	1.400	1.746	2.049	0.802	0.936	1.724	0.681	0.628	0.443	0.380	0.086	1.931
Magneto	AMB_RS18220	AMB_RS18220		universal stress protein	-0.262	-0.791	0.794	-0.369	-0.498	0.180	-0.638	-0.969	-1.010	0.538	-0.134	-0.182	-0.372	0.083	0.036	0.002	-0.876	-0.195	-0.244	-0.236	-0.923	-0.059	-0.499	-0.184	0.269	0.998	-0.087	-0.306	-0.452	-0.186	-0.657	-0.823	-0.457	0.363	0.320	-0.347
Magneto	AMB_RS18225	AMB_RS18225		PaaI family thioesterase	0.504	0.786	2.136	-1.365	1.012	1.464	0.022	1.299	0.688	0.471	-0.655	1.383	1.076	1.260	0.213	-0.304	1.240	0.138	0.764	0.792	0.709	0.313	1.785	0.658	-0.027	-0.989	-0.558	-0.661	-0.009	-0.088	-0.085	-0.875	0.281	0.366	0.655	-0.468
Magneto	AMB_RS18240	AMB_RS18240		alkylhydroperoxidase	0.198	1.567	0.430	-0.398	-0.421	0.260	0.211	1.185	0.398	0.186	0.788	0.039	1.484	1.254	1.400	0.909	1.412	1.250	0.993	1.218	0.920	0.325	1.102	0.621	-1.470	-1.276	-0.409	-1.111	-1.383	0.054	-1.257	-0.152	-1.497	-0.583	-2.492	-0.631
Magneto	AMB_RS18245	AMB_RS18245		hypothetical protein	-2.742	0.863	0.048	-0.122	1.316	-0.028	-0.174	-0.250	-0.406	1.319	-0.257	0.541	0.633	0.805	0.944	0.333	-0.263	-0.421	1.036	2.374	1.687	0.057	2.052	1.130	1.032	2.004	0.729	0.712	-0.056	-0.272	0.281	1.221	0.741	1.943	1.629	1.723
Magneto	AMB_RS18250	AMB_RS18250		hypothetical protein	2.144	-1.728	-1.157	-1.655	0.124	1.404	-1.024	-1.449	-1.484	1.372	1.857	1.698	-1.120	-1.175	-0.146	-0.754	-0.978	-1.193	1.067	2.288	0.461	-1.141	0.291	0.068	-1.067	-0.030	0.093	-1.836	-1.740	-2.227	1.453	1.187	1.163	1.035	1.769	1.231
Magneto	AMB_RS18255	AMB_RS18255		bifunctional metallophosphatase/5'-nucleotidase	-4.143	-0.157	0.593	0.705	-0.707	-0.132	-0.605	-1.194	-0.018	1.151	1.103	1.527	-0.715	-0.681	-1.234	-0.503	-1.252	-1.009	0.964	-0.060	1.758	-0.444	-0.295	-0.351	-2.680	-2.653	-2.360	-2.084	-2.135	-1.467	-1.513	-2.425	-2.749	-2.221	-2.286	-2.653
Magneto	AMB_RS18265	AMB_RS18265		ATP-dependent DNA helicase	0.448	-0.473	0.330	-0.175	0.588	-0.014	1.395	-0.082	-0.373	0.360	-1.797	-1.546	0.732	0.077	-1.038	0.130	-0.105	-0.607	-0.436	1.753	-0.116	0.002	-0.193	-0.894	-1.431	-1.064	-1.539	-0.819	-0.578	-0.934	-0.465	-1.123	0.107	-2.036	-1.001	-1.419
Magneto	AMB_RS18270	AMB_RS18270		hypothetical protein	0.914	0.606	0.258	2.157	2.224	1.664	0.417	1.218	0.837	1.658	3.042	1.465	2.306	1.754	2.332	0.824	1.717	0.543	1.484	-0.286	1.167	-0.192	2.643	0.767	-0.002	0.140	0.082	0.146	0.350	0.389	0.348	0.872	0.057	-1.563	-0.595	-1.862
Magneto	AMB_RS18275	AMB_RS18275		hypothetical protein	-3.231	-1.530	0.081	1.783	0.340	0.951	1.135	0.055	0.862	2.265	2.144	0.996	1.518	1.970	0.471	0.284	1.543	1.208	1.305	1.950	1.077	0.484	0.386	1.302	0.354	0.500	-0.494	0.716	0.237	-0.207	0.441	0.518	0.048	0.633	-0.197	-0.202
Magneto	AMB_RS18305	AMB_RS18305		PAS domain S-box protein	-0.024	1.172	-0.705	1.408	0.879	0.107	0.227	0.998	0.094	1.458	-0.034	0.624	-0.031	-0.670	0.856	0.168	0.249	0.824	0.469	-0.436	1.242	-0.166	0.040	0.908	-0.863	-1.286	-0.623	-1.317	-1.546	-1.412	-0.905	0.035	-1.128	-0.459	-0.662	-0.359
Magneto	AMB_RS18310	AMB_RS18310		bifunctional diguanylate cyclase/phosphodiesterase	-1.383	-1.603	0.901	1.161	1.186	0.790	1.297	0.281	1.474	0.131	0.974	0.820	0.875	0.637	1.712	1.170	0.892	1.045	1.693	1.459	1.688	0.889	2.026	0.844	-0.393	0.833	-0.023	0.138	0.993	0.753	0.713	-0.923	-0.067	-0.263	0.272	-0.621
Magneto	AMB_RS18315	AMB_RS18315		adenylate/guanylate cyclase domain-containing protein	-1.478	-0.632	-0.278	0.204	0.434	-0.027	0.011	-1.210	0.154	1.607	1.566	1.572	-0.292	0.189	-0.048	-0.757	-0.377	-0.125	0.771	2.036	1.312	0.845	0.410	0.917	-0.277	0.515	-0.168	-1.102	-0.651	-1.169	0.849	1.135	0.365	0.469	2.391	1.274
Magneto	AMB_RS18320	AMB_RS18320		hypothetical protein	0.873	-0.677	-1.648	0.292	-0.244	-0.018	-0.104	-2.417	0.529	0.949	-0.391	-1.152	-0.530	-1.166	-0.504	-0.814	-0.872	0.291	0.077	-1.226	-1.113	0.174	0.236	0.548	0.091	-0.598	-0.104	-0.729	-0.644	-0.760	0.591	-0.331	-0.247	1.091	-1.291	-0.543
Magneto	AMB_RS18325	AMB_RS18325		class I SAM-dependent methyltransferase	2.257	0.029	0.119	0.991	-0.001	0.901	0.687	0.276	0.303	-0.150	1.037	-0.340	1.827	0.435	0.075	0.368	0.218	1.576	1.297	0.599	-1.139	0.128	-0.556	-0.057	-1.063	-0.103	-0.805	-0.306	-0.215	-0.373	-1.832	0.124	-0.440	-2.440	-0.135	-1.185
Magneto	AMB_RS18330	AMB_RS18330		glycosyl transferase family protein	-0.072	-0.862	-2.862	-2.202	-1.769	-4.663	-2.689	-3.262	-2.225	-3.314	-1.977	-2.487	-1.589	-2.671	-3.207	-2.316	-3.680	-2.961	-2.365	-2.278	-2.863	-2.253	-3.550	-2.990	-1.316	-1.849	-1.750	-2.505	-2.486	-2.521	0.806	-0.980	-1.964	-1.967	-2.017	-1.663
Magneto	AMB_RS18335	AMB_RS18335		cobyrinate a,c-diamide synthase	-0.248	0.038	-0.347	-1.069	1.066	-0.377	-0.221	-0.255	0.049	-1.879	-1.862	-1.231	0.413	0.373	-0.100	-1.127	-0.772	0.129	-0.679	-0.362	-1.029	0.150	0.110	0.410	0.750	0.709	-0.415	0.606	0.036	0.378	-2.163	0.948	0.841	-0.186	0.276	-0.629
Magneto	AMB_RS18355	AMB_RS18355		PAS domain S-box protein	0.564	-0.607	-0.392	0.899	-0.040	0.850	0.056	0.366	0.232	1.070	0.216	0.322	0.453	0.278	0.616	0.404	0.898	0.308	1.768	1.893	1.255	0.830	0.951	0.440	-1.568	-2.142	-1.938	-1.823	-2.488	-2.224	-2.105	-2.789	-1.918	-0.354	-0.733	-1.786
Magneto	AMB_RS18360	AMB_RS18360		glutathione peroxidase	0.433	0.566	0.135	-0.063	0.443	-0.053	0.440	0.217	-0.536	-1.058	0.051	-0.581	-0.529	-0.150	-0.402	-0.190	-1.085	-0.094	0.551	-0.331	-0.059	-0.340	0.326	-0.701	-1.207	-1.118	-1.371	-1.632	-0.562	-1.373	-1.551	-1.682	-0.291	-0.110	-0.296	-0.889
Magneto	AMB_RS18365	AMB_RS18365		hypothetical protein	0.171	2.115	0.717	0.756	1.170	-0.360	0.491	-0.039	0.469	0.087	0.217	-0.334	0.272	-0.351	0.636	-0.461	0.972	-0.447	-0.798	1.247	-0.213	-0.131	-0.431	-0.422	-0.096	-0.349	0.105	0.074	-0.758	-0.048	0.641	-0.040	-0.732	-0.601	-0.092	0.939
Magneto	AMB_RS18370	AMB_RS18370		hypothetical protein	-0.098	-0.562	0.839	-0.084	0.703	0.809	1.130	0.123	0.120	-0.001	-0.280	-0.305	0.411	-0.104	0.248	-0.073	-0.289	0.235	0.145	0.153	0.637	0.052	-0.233	0.601	-0.520	-0.220	0.127	-0.351	-0.101	-0.357	-0.245	-0.721	-0.245	0.893	-0.036	-0.769
Magneto	AMB_RS18375	AMB_RS18375		nucleotide-binding protein	0.473	0.285	0.486	0.037	0.250	1.003	1.507	0.941	1.213	1.153	-1.330	-1.105	0.628	1.453	-0.286	1.174	2.010	1.083	-0.543	0.140	1.328	1.740	0.464	1.996	1.552	1.854	1.427	2.577	1.991	2.116	0.856	0.238	0.427	-0.861	0.577	0.814
Magneto	AMB_RS18380	AMB_RS18380		methyl-accepting chemotaxis protein	-0.423	0.288	-1.783	-1.038	-1.483	-0.877	-1.147	-1.613	-1.003	0.170	-2.706	-0.068	-1.197	-0.814	-1.212	-0.137	-1.166	-0.762	0.244	-0.122	-0.159	-0.982	-0.325	-0.439	0.023	-1.196	-0.323	-0.108	-0.392	0.219	-0.987	-0.507	-1.836	-0.208	-1.142	-0.166
Magneto	AMB_RS18385	AMB_RS18385		transcriptional regulator	1.284	0.560	-2.262	-1.626	-0.409	-0.785	-0.407	-1.322	-1.178	-0.875	0.857	-1.272	-0.706	-1.276	-2.202	-0.860	-0.305	-1.395	-1.023	-0.440	-0.911	-0.792	-1.786	-0.089	-0.187	-1.329	-0.485	-0.526	-2.425	-1.070	-0.306	-1.519	-0.461	-0.024	-1.048	-1.093
Magneto	AMB_RS18390	AMB_RS18390		anti-sigma factor antagonist	0.292	-0.209	0.443	0.911	-1.269	-0.545	-0.312	1.182	0.752	0.896	1.763	1.276	0.188	0.639	0.262	1.257	1.414	0.110	-1.145	-0.856	0.397	1.007	0.007	-0.444	-0.280	-0.187	-0.291	-0.645	0.064	-0.111	-0.814	0.902	-0.409	-0.640	-0.403	0.516
Magneto	AMB_RS18395	AMB_RS18395		glycosyltransferase family 1 protein	-0.739	0.416	0.615	-0.329	-0.166	0.868	-0.011	0.533	-0.041	0.254	-2.134	0.183	-0.134	-0.582	0.093	0.704	0.696	1.053	-0.386	-0.551	-0.679	0.132	-0.294	-0.916	-0.450	-1.272	-0.222	-0.645	-0.015	-0.196	-1.574	-1.116	-1.148	-0.251	-0.603	-0.175
Magneto	AMB_RS18400	AMB_RS18400		hypothetical protein	-2.547	-0.768	1.030	0.535	-0.974	1.260	0.076	0.166	0.033	1.846	2.021	0.547	-0.001	-0.496	0.536	-0.426	0.156	-0.127	0.600	1.101	1.830	-0.263	0.327	0.049	0.145	0.662	-0.140	-0.255	0.494	0.417	1.022	0.540	2.602	0.884	1.438	0.332
Magneto	AMB_RS18420	AMB_RS18420		hypothetical protein	0.751	0.111	-0.708	-1.504	-0.083	-0.239	-0.099	-0.391	0.009	-0.362	-1.569	0.583	-1.342	0.022	-0.770	-0.570	-0.426	-0.607	-1.546	0.065	-1.164	-1.300	-0.319	-0.893	0.140	-0.353	0.505	-0.482	0.341	-0.491	-0.623	0.128	-0.388	0.631	1.248	-1.306
Magneto	AMB_RS18425	AMB_RS18425		hypothetical protein	-1.128	-1.320	1.498	0.588	1.085	0.770	1.917	1.071	1.851	1.499	0.894	0.840	1.861	1.011	0.176	1.161	0.788	1.307	1.018	0.952	0.887	1.944	0.994	1.228	-0.029	0.129	0.092	-0.119	-0.174	-0.899	-0.286	-0.407	-2.062	0.095	-1.028	0.445
Magneto	AMB_RS18435	AMB_RS18435		hypothetical protein	0.830	-1.360	1.229	0.625	-0.065	0.215	1.370	1.329	1.569	0.241	0.152	2.521	0.876	0.094	1.659	1.427	1.146	1.732	0.331	1.444	0.526	-0.197	0.375	-0.375	0.245	0.117	-0.034	-0.017	0.924	0.781	-0.618	1.035	0.820	-0.340	-0.477	-0.431
Magneto	AMB_RS18440	AMB_RS18440		hypothetical protein	-0.593	1.454	0.997	0.727	-0.036	1.003	-0.581	-0.372	0.938	0.775	1.989	2.526	0.184	0.320	0.629	-0.143	-0.593	0.812	1.727	1.330	1.988	0.850	0.194	0.538	-0.140	0.148	-0.375	-0.189	-0.025	0.066	0.116	-1.485	-0.269	0.225	0.352	0.968
Magneto	AMB_RS18445	AMB_RS18445		hypothetical protein	-1.039	0.216	-0.429	-0.563	0.308	0.083	-0.765	-0.841	-0.462	0.466	0.083	-0.277	-0.574	-0.362	-1.439	-1.675	-1.269	-1.454	-0.358	0.400	0.311	-0.449	-0.784	-0.547	-0.009	-0.979	-0.174	-0.972	-0.528	-0.617	0.352	-1.513	1.667	-0.414	0.438	0.366
Magneto	AMB_RS18450	AMB_RS18450		DNA-binding protein	-0.891	-0.921	0.189	0.307	0.177	0.188	-0.583	-0.688	-0.312	-0.778	-0.944	1.312	0.215	0.712	-0.020	-0.125	0.431	0.122	1.980	-0.094	-0.915	-0.802	-0.192	-0.735	0.133	0.928	0.440	0.597	-0.235	0.127	-0.121	-1.682	0.879	-0.028	0.575	-0.621
Magneto	AMB_RS18455	AMB_RS18455		site-specific integrase	1.376	-0.960	-0.176	0.223	-0.069	-0.119	-0.180	-0.456	-1.072	-0.400	-0.459	-0.943	-0.358	-0.677	-0.607	-0.453	-0.434	-0.451	-0.990	0.067	0.786	0.120	0.690	-0.210	-0.492	-0.306	-0.904	-0.290	-0.697	-0.994	-0.222	-0.921	-0.518	-0.885	0.149	-0.069
Magneto	AMB_RS18465	AMB_RS18465		hypothetical protein	-0.607	-1.040	-1.780	-2.028	0.108	-1.325	-0.438	-0.915	-1.389	-1.152	-0.089	-1.744	-0.688	-0.709	-1.254	-1.168	0.531	-0.745	-0.392	-0.827	-0.704	-0.333	-0.003	-0.444	-0.253	0.103	-0.075	0.773	0.903	-0.198	0.292	-1.689	-1.548	-1.892	-0.435	-0.272
Magneto	AMB_RS18470	AMB_RS18470		site-specific integrase	0.444	0.358	-0.112	1.394	0.881	0.594	0.084	0.610	0.062	-0.699	0.435	1.431	-0.389	1.414	-0.179	-0.580	0.645	-0.245	0.192	-0.690	1.214	0.453	1.146	0.473	-0.557	-0.009	-0.354	0.061	-0.980	-0.070	-1.194	-0.175	-0.306	0.586	0.892	-1.403
Magneto	AMB_RS18475	AMB_RS18475		integrase	-0.923	0.533	-0.263	0.445	-1.186	0.024	-0.402	-1.311	-0.545	-0.854	-1.046	-0.777	-0.104	0.354	-0.425	0.513	-1.268	-0.129	0.099	0.236	-2.274	-0.397	0.330	-0.687	0.264	-0.045	-0.163	-0.323	0.514	0.047	-0.123	-0.538	0.944	1.440	0.203	-0.013
Magneto	AMB_RS18480	AMB_RS18480		class II fumarate hydratase	0.079	1.696	0.702	1.453	0.319	-0.171	0.109	0.699	-0.426	1.022	-0.562	0.427	0.645	-0.319	0.073	1.691	0.219	0.498	0.278	0.042	0.056	1.881	0.264	0.877	0.315	0.283	0.905	0.615	1.204	0.770	0.710	1.140	0.580	0.325	0.354	0.626
Magneto	AMB_RS18485	AMB_RS18485		aconitate hydratase AcnA	1.146	0.358	0.503	0.367	0.078	0.201	0.044	0.765	0.144	-0.265	0.959	-0.045	0.861	0.566	0.047	1.284	0.412	0.408	0.212	-0.083	0.482	0.616	0.434	-0.121	-0.673	-0.400	-0.597	0.169	0.011	-0.857	0.676	-0.523	0.701	0.347	0.757	-1.001
Magneto	AMB_RS18495	AMB_RS18495		SAM-dependent methyltransferase	-1.728	0.748	-1.100	-0.950	0.163	-0.499	-0.581	-0.399	-0.701	0.432	0.084	-0.053	-0.488	-1.168	-0.656	-0.991	-0.188	0.117	-1.323	-1.068	-0.176	0.133	-0.591	-0.313	-0.887	-0.104	-1.038	-0.796	-0.367	-1.276	0.090	-0.975	-1.025	-0.717	-0.718	-0.939
Magneto	AMB_RS18500	AMB_RS18500		two-component sensor histidine kinase	-0.574	0.968	0.587	0.327	0.635	0.471	0.800	-0.036	0.748	0.962	0.063	1.565	0.902	0.564	1.451	-0.069	0.579	0.488	0.698	1.225	1.440	0.882	1.050	0.360	-0.381	0.181	-0.118	-0.573	-1.679	-0.675	0.596	0.150	-0.712	-0.057	0.874	0.354
Magneto	AMB_RS18505	AMB_RS18505		hypothetical protein	-0.300	1.205	-1.692	-0.526	-0.810	-1.414	-0.544	0.237	-0.856	-0.168	0.961	-1.538	-1.018	0.447	0.568	-1.127	-1.079	0.753	-0.328	0.496	-0.663	-1.281	0.717	-0.126	-0.624	-0.134	-0.583	-1.745	-0.261	-0.494	-0.823	0.019	-0.592	-0.994	-0.994	-1.349
Magneto	AMB_RS18510	AMB_RS18510		hypothetical protein	-0.133	-0.710	0.765	1.790	0.032	1.680	1.621	-0.209	-0.066	1.869	1.072	1.574	0.630	0.221	1.045	0.293	0.286	-0.387	1.676	1.355	1.779	0.382	-0.450	1.062	1.272	1.082	-0.005	0.363	0.707	0.048	1.584	1.825	1.018	1.531	2.487	1.349
Magneto	AMB_RS18515	AMB_RS18515		hypothetical protein	0.704	1.227	-0.317	-1.188	-1.316	-1.595	-0.692	-0.759	-1.855	-0.294	-2.174	-0.833	-0.285	-2.000	-1.040	-1.041	-0.667	-1.348	-0.805	-1.096	0.032	-1.013	-1.534	-1.756	-0.043	-0.532	-0.034	0.124	-0.252	-0.316	1.340	0.738	0.589	2.263	0.320	2.745
Magneto	AMB_RS18520	AMB_RS18520		B12-binding domain-containing radical SAM protein	0.930	0.448	-0.611	-0.724	-0.613	0.049	-0.214	-0.301	0.078	-0.603	0.063	0.244	-0.216	-0.782	-0.101	-0.084	-0.004	-0.038	-1.171	-0.785	-1.207	-0.401	-0.350	0.627	1.227	0.449	0.926	1.341	1.849	0.479	-0.859	0.068	0.359	0.643	-0.330	0.374
Magneto	AMB_RS18525	AMB_RS18525		hypothetical protein	-1.345	0.872	0.080	-0.373	0.067	0.427	0.202	0.274	0.058	-0.036	-2.108	0.017	0.406	0.189	0.290	0.387	0.888	-0.993	-0.253	-0.647	0.503	0.698	0.083	-0.583	-0.181	0.092	-0.844	-0.181	0.139	-0.311	-1.564	0.655	0.248	-0.741	0.298	0.997
Magneto	AMB_RS18530	AMB_RS18530		hypothetical protein	-1.673	0.796	0.107	0.316	-0.165	-0.068	-1.122	-1.087	-0.992	0.843	0.598	0.009	0.942	0.352	-0.998	0.130	0.031	-0.328	1.451	-0.291	0.096	0.013	0.295	0.839	-1.556	-1.567	-1.733	-0.441	-0.405	-0.786	-1.699	-0.494	-1.185	-0.099	0.056	-1.166
Magneto	AMB_RS18540	AMB_RS18540		DNA-binding response regulator	2.756	0.514	-0.387	-1.050	-0.766	-1.591	-0.021	-1.408	-1.116	-0.272	-1.623	-0.617	-0.833	-0.554	-0.598	-0.105	-0.476	-0.991	-0.744	-0.714	-0.363	-0.167	-1.099	-0.876	-0.382	-0.043	0.720	0.555	-0.069	0.747	-1.548	0.420	-0.618	-0.992	-0.973	0.652
Magneto	AMB_RS18545	AMB_RS18545		PAS domain S-box protein	1.212	0.432	-0.172	0.108	-0.188	0.328	-0.069	-0.506	0.592	0.122	-0.479	-0.296	0.969	-0.715	1.066	0.263	0.907	0.613	-0.701	0.558	-0.309	0.628	-0.039	-0.571	-1.665	-1.185	-1.430	-1.241	-1.026	-1.407	-0.899	-2.132	-1.002	-1.350	-2.167	-1.668
Magneto	AMB_RS18550	AMB_RS18550		hypothetical protein	-0.537	-1.163	0.867	-0.461	0.045	-0.355	-1.180	-0.102	0.492	0.664	0.282	0.832	-0.060	-0.599	-1.008	0.204	-0.826	0.001	-1.168	0.100	-0.559	0.351	0.180	0.019	-0.439	0.593	0.555	0.241	0.262	0.841	-0.936	-0.031	-0.073	1.740	1.038	0.667
Magneto	AMB_RS18565	AMB_RS18565		hypothetical protein	2.030	-0.839	0.514	0.288	-0.275	-0.148	0.278	0.367	0.925	1.238	1.069	1.094	-0.111	0.184	1.122	0.014	0.586	-0.211	1.413	2.056	0.805	0.543	0.662	0.098	1.132	1.336	1.715	1.164	1.942	1.610	-0.051	1.678	2.903	-0.231	1.975	1.000
Magneto	AMB_RS18570	AMB_RS18570		hypothetical protein	-0.733	-0.961	0.938	-0.228	-0.731	-1.016	0.372	0.475	0.740	0.034	-0.566	-0.403	-0.384	0.094	0.129	0.314	0.384	0.335	-0.766	-0.508	-0.744	0.910	-0.765	0.452	1.336	0.328	1.331	1.260	1.034	1.299	-1.991	-0.018	0.778	-0.584	-0.223	1.040
Magneto	AMB_RS18580	AMB_RS18580		hypothetical protein	-0.377	0.302	-1.361	-1.184	-0.585	-1.147	-0.446	-2.033	-0.473	-0.034	-0.141	-0.033	-0.049	-0.713	-1.096	-0.224	-0.465	-0.855	-0.498	-0.988	-0.504	-0.380	-0.548	-0.395	0.790	0.744	1.025	0.628	0.987	1.393	-0.003	-1.011	-0.793	-0.176	0.128	0.111
Magneto	AMB_RS18590	AMB_RS18590		glycosyltransferase family 2 protein	-0.367	-2.531	-0.491	-1.099	-0.319	-0.602	-0.523	-0.526	-0.771	-0.710	-1.348	-1.113	-1.088	-1.672	-1.277	-0.096	-0.739	-0.745	-0.931	-0.810	-1.144	-2.380	-1.406	-2.070	-0.749	-0.445	-0.340	-1.486	-0.989	-1.353	-0.077	-1.828	-1.281	-1.073	-0.752	-1.686
Magneto	AMB_RS18595	AMB_RS18595		leucyl aminopeptidase	-0.006	-3.178	-0.004	-1.275	-0.695	-0.272	-0.681	-0.345	-0.231	-2.592	0.687	-1.299	-1.371	0.041	-1.931	-0.362	-0.294	-1.071	-0.543	-0.655	-1.566	-1.747	-0.651	-1.148	0.184	0.014	-0.337	-0.145	0.187	-0.483	0.314	-0.646	0.072	-0.565	-0.823	-1.979
Magneto	AMB_RS18610	AMB_RS18610		NACHT domain-containing protein	-0.561	2.913	-0.131	0.761	0.797	0.560	0.423	0.738	-0.080	0.857	-0.799	-0.314	0.057	0.059	0.511	-0.064	-1.043	-0.283	-0.422	-0.625	0.813	-0.454	0.425	0.405	-0.042	-0.620	0.050	-0.552	-0.710	-0.046	-0.411	-0.378	-1.128	1.106	-0.096	-0.789
Magneto	AMB_RS18615	AMB_RS18615		hypothetical protein	1.404	-1.130	-0.256	-1.178	-0.379	-1.355	-1.386	-0.880	-0.161	-1.870	-0.238	-0.870	-1.407	-0.993	-0.575	-1.345	-0.990	-1.132	-0.588	-0.754	-1.332	0.025	-1.217	-0.075	-0.443	-0.591	-0.194	-0.048	-0.766	-0.605	-0.305	-0.885	-2.469	0.574	-0.800	-0.740
Magneto	AMB_RS18620	AMB_RS18620		AmmeMemoRadiSam system radical SAM enzyme	-2.194	-0.138	0.048	-0.764	-0.437	-0.539	-0.225	0.020	-0.538	-0.420	0.235	-0.123	0.310	-0.618	0.417	-0.230	-0.125	0.338	-0.193	-0.333	-0.679	0.397	-0.254	0.763	0.593	0.196	0.779	0.757	1.427	0.536	1.240	0.692	0.220	0.267	0.807	1.394
Magneto	AMB_RS18625	AMB_RS18625		hypothetical protein	0.288	0.864	0.635	-1.065	-0.883	-0.658	-0.177	-0.972	-0.919	-0.648	0.184	0.325	-0.675	-0.893	-0.986	-0.784	-0.241	-0.726	-0.532	-0.352	-0.354	-0.357	0.111	-0.776	-0.577	-0.204	-0.775	0.225	0.316	-0.065	-0.757	-0.490	-0.502	0.850	0.894	0.674
Magneto	AMB_RS18630	AMB_RS18630		hypothetical protein	-0.809	-0.486	-0.556	-0.612	-0.492	-1.113	-0.340	-0.393	0.664	-0.564	-0.245	-0.233	-0.188	-0.782	-0.521	0.423	0.654	0.772	-0.706	-0.766	-0.493	-0.047	0.287	0.793	-0.081	0.070	-0.103	0.226	-0.026	0.384	-0.272	-0.415	-0.220	-0.302	-0.986	0.476
Magneto	AMB_RS18635	AMB_RS18635		hypothetical protein	0.153	-0.732	-0.833	-1.757	-1.251	-0.781	-1.075	-0.732	-0.310	-0.695	-1.001	-0.707	-0.394	-1.153	-1.126	-0.373	-0.021	-0.239	-0.624	-0.758	-1.409	-0.228	0.236	-0.391	-1.940	-1.288	-0.884	-0.992	-0.449	-0.785	0.968	0.235	-0.034	0.765	-0.403	-0.735
Magneto	AMB_RS18640	AMB_RS18640		6-carboxytetrahydropterin synthase	-0.832	-0.965	-1.408	-1.088	-0.904	-1.785	0.157	-1.470	-1.424	-1.520	0.119	-1.270	-0.697	-1.971	-2.509	0.027	-0.448	-1.514	-1.058	-1.712	-1.486	-1.161	-0.477	-1.381	-1.165	-1.297	-0.635	-0.629	-0.172	-1.112	-2.121	-1.199	-0.641	-1.196	0.109	-0.616
Magneto	AMB_RS18645	AMB_RS18645		7-carboxy-7-deazaguanine synthase	-0.461	1.159	1.668	0.379	0.099	1.294	-0.869	0.959	1.027	0.183	1.126	0.788	0.987	0.850	0.884	1.197	0.491	1.762	-0.459	-1.160	0.051	0.396	1.946	0.330	-1.476	-0.398	-1.663	-1.008	-1.147	-0.741	0.379	-0.551	-0.825	0.511	-1.985	-0.750
Magneto	AMB_RS18650	AMB_RS18650		GTP cyclohydrolase I FolE	0.413	0.235	-1.078	-1.629	-2.421	-0.259	-0.947	-0.933	-1.493	-0.994	-2.140	-2.084	-0.791	-0.877	-0.850	-1.004	-0.273	-0.222	-2.416	-1.733	-1.591	-0.787	0.467	-1.115	0.157	0.203	1.022	1.114	1.404	1.151	0.118	-0.949	-0.428	-0.034	0.513	0.168
Magneto	AMB_RS18655	AMB_RS18655		site-specific integrase	1.497	0.247	-1.489	-1.909	-1.071	-2.230	-1.642	-0.885	-1.785	-0.310	-0.546	0.439	-1.661	-1.641	-1.593	-0.012	-0.657	-0.900	-0.621	-1.263	-2.229	-1.497	0.644	-1.587	-1.331	-1.406	-0.941	-1.063	0.385	-0.641	-0.837	-1.726	-1.303	0.172	-0.305	-0.872
Magneto	AMB_RS18660	AMB_RS18660		DUF3365 domain-containing protein	-1.827	0.957	0.622	-0.394	-0.511	0.059	0.746	0.608	0.085	-0.881	0.755	-0.104	-0.043	0.068	0.247	0.676	0.440	0.911	-0.403	-0.573	-0.067	0.188	0.827	0.575	0.230	0.038	0.218	0.590	0.368	0.150	1.156	-0.271	-0.314	-1.208	-0.092	0.626
Magneto	AMB_RS18665	AMB_RS18665		methyl-accepting chemotaxis protein	0.116	-2.419	-0.425	-0.785	1.013	-0.287	-0.513	-0.164	-0.285	1.317	2.241	0.790	0.445	-0.112	-0.522	-0.602	-2.039	-1.110	0.858	-0.442	0.308	0.516	-0.966	-0.067	-0.371	0.266	-0.548	-0.081	-0.076	-0.266	-1.216	-1.272	-1.914	-1.663	-1.003	-1.187
Magneto	AMB_RS18670	AMB_RS18670		response regulator	-1.305	-0.448	-1.735	-1.607	-0.955	-1.030	0.481	-0.312	-0.100	-1.615	-0.078	-0.824	-0.611	-1.922	-0.120	0.302	0.504	-0.031	-0.580	-0.175	-1.153	0.213	-0.170	-0.667	-1.545	-2.015	-1.988	-0.608	-0.078	-0.327	-1.939	-1.903	-2.017	-1.518	-1.452	-2.868
Magneto	AMB_RS18675	AMB_RS18675		Crp/Fnr family transcriptional regulator	0.951	0.029	-0.026	-0.175	-0.749	0.063	0.406	-0.917	0.083	-0.257	-0.168	-0.180	-0.547	-0.378	-0.834	-0.459	0.237	0.543	0.042	-0.625	-0.202	0.071	-0.240	-0.011	-0.089	0.059	-0.180	0.159	0.960	-0.044	-0.989	2.033	0.444	-0.571	0.338	0.093
Magneto	AMB_RS18680	AMB_RS18680		hypothetical protein	-0.155	-1.126	-0.373	-0.873	-0.125	-0.417	-0.953	-0.563	0.642	-0.455	-0.923	0.737	-0.806	0.263	-0.253	-0.011	1.090	-0.516	0.418	-1.530	-0.516	0.180	0.524	0.301	-1.306	0.264	0.353	-0.933	-0.399	-0.337	-0.536	-0.264	-0.630	-0.814	-0.723	0.046
Magneto	AMB_RS18685	AMB_RS18685		ArsR family transcriptional regulator	-0.482	2.125	-0.659	-0.119	0.518	0.675	1.233	1.743	1.336	0.232	0.379	-1.019	1.330	1.129	0.547	0.394	-0.151	-0.203	0.528	-1.020	-0.734	0.700	2.320	1.188	0.853	2.651	1.120	1.926	2.202	1.835	0.264	-0.276	0.419	0.074	0.631	0.337
Magneto	AMB_RS18690	AMB_RS18690		hypothetical protein	1.073	-1.938	0.674	2.014	0.809	-0.051	1.276	0.054	0.774	-0.636	-1.597	0.317	0.908	-0.080	0.827	2.143	1.031	1.629	-0.316	0.827	0.117	-0.135	0.421	0.618	1.118	1.780	0.976	1.564	2.555	0.690	-0.076	1.510	0.993	-0.079	-0.877	0.015
Magneto	AMB_RS18695	AMB_RS18695		sodium-independent anion transporter	-3.949	-0.373	0.895	-0.882	-0.811	-0.228	0.278	0.205	-0.613	-0.343	0.663	-0.536	0.401	-0.017	0.077	0.563	0.405	0.485	-1.357	0.879	0.224	-0.917	0.323	-0.218	0.181	1.062	0.388	1.288	1.226	1.514	-0.602	-0.346	-0.188	0.456	1.218	-0.941
Magneto	AMB_RS18700	AMB_RS18700		hypothetical protein	1.826	0.871	1.085	-0.323	1.221	1.026	1.652	0.291	0.002	0.308	0.587	-0.360	0.281	-0.514	1.198	-0.606	0.628	0.510	-1.071	1.034	1.288	1.047	-0.397	-0.153	-2.355	-0.982	-0.338	-0.320	-0.344	-1.673	1.206	0.331	-1.159	-0.285	-1.425	0.378
Magneto	AMB_RS18705	AMB_RS18705		response regulator	2.361	1.825	-0.958	0.513	0.870	-0.273	-2.067	0.107	0.777	-0.300	0.887	0.067	-0.181	1.042	0.388	0.216	0.070	0.279	-0.249	0.765	1.195	0.975	-0.462	0.421	2.958	4.028	3.922	3.059	4.075	3.715	1.919	2.326	2.747	1.511	2.530	2.569
Magneto	AMB_RS18710	AMB_RS18710		hypothetical protein	2.385	-0.686	0.949	0.201	-0.323	1.546	0.197	0.717	0.477	-0.364	0.170	0.261	0.765	0.864	1.419	-0.566	0.825	0.435	-0.348	-0.066	0.491	0.886	0.990	0.876	-1.756	-0.513	-0.427	-0.746	-0.976	-0.119	-1.435	-0.501	-1.461	-0.330	-1.911	-1.462
Magneto	AMB_RS18715	AMB_RS18715		GGDEF domain-containing protein	0.685	0.985	-0.763	-0.556	1.174	0.816	-0.171	0.399	0.057	-0.763	-0.460	0.978	-0.473	0.315	0.382	0.055	-0.634	0.580	-0.090	0.668	0.430	1.580	0.067	0.171	0.247	0.010	0.329	0.950	-0.300	0.213	0.114	0.668	-0.389	-0.701	-0.386	0.128
Magneto	AMB_RS18720	AMB_RS18720		PAS domain S-box protein	1.199	0.418	0.787	0.482	-0.226	-0.153	0.675	0.515	0.856	-0.346	0.792	-0.435	0.864	-0.250	0.666	1.310	0.320	0.794	-0.118	-0.896	0.153	-0.122	0.420	-0.086	0.193	1.608	1.085	1.412	2.403	1.326	0.813	1.322	0.317	1.277	1.490	1.340
Magneto	AMB_RS18725	AMB_RS18725		chemotaxis protein	-1.202	1.257	-0.877	-0.847	-1.419	0.198	0.481	-1.031	-0.694	-1.266	-0.962	-0.213	-0.487	-0.292	-0.432	-0.167	-0.154	0.132	-0.161	-0.259	-0.876	-0.144	0.871	-0.564	-1.227	-0.166	-0.682	-0.504	-0.371	0.088	-0.199	-1.361	-0.290	-1.515	-0.813	-1.708
Magneto	AMB_RS18730	AMB_RS18730		hypothetical protein	-0.609	-1.452	1.213	-1.682	0.464	0.119	0.471	0.329	-0.542	-0.934	-0.459	0.087	0.527	-1.102	-1.282	-0.671	-0.758	0.914	-0.365	-0.807	-0.177	0.430	0.905	0.543	-0.016	0.373	0.700	1.373	0.934	-0.383	1.293	-0.317	-0.210	-0.203	-1.072	2.002
Magneto	AMB_RS18735	AMB_RS18735		hypothetical protein	-0.822	-0.066	-0.656	-0.528	-0.855	-2.851	-0.655	0.559	-0.541	-0.558	-0.657	-0.831	-0.644	-1.191	0.069	0.034	1.513	0.963	-1.795	-0.914	-1.052	-0.528	-0.976	-0.029	-1.292	-0.041	-0.674	0.176	0.488	-0.768	-1.147	-0.508	-0.986	1.263	0.949	-0.561
Magneto	AMB_RS18740	AMB_RS18740		hypothetical protein	2.596	0.172	-0.803	-1.814	-1.669	-2.594	0.369	-1.577	-1.068	-0.809	-1.933	0.200	-1.542	-2.211	-0.316	-0.810	-0.440	0.369	-1.944	-1.384	-2.042	-0.651	0.556	-1.709	-0.309	0.087	0.374	0.867	1.807	0.343	0.788	0.815	0.015	0.713	-2.342	-0.246
Magneto	AMB_RS18745	AMB_RS18745		hypothetical protein	1.831	-0.345	-0.688	-0.767	-0.726	-0.919	-1.026	-1.018	-0.568	-0.448	-1.624	-0.701	0.205	-1.196	0.425	0.463	-0.296	0.422	-1.259	0.038	0.110	-0.600	0.204	0.261	-0.115	0.098	0.170	0.325	1.450	-0.060	0.110	-0.074	0.029	1.170	0.704	-0.629
Magneto	AMB_RS18750	AMB_RS18750		DUF3768 domain-containing protein	-0.166	0.523	-2.280	-0.157	-0.914	-1.000	-0.565	-0.480	-0.525	-1.638	-0.334	-0.626	-1.667	-2.045	-0.677	-0.242	-0.790	-0.476	-0.553	-1.470	-0.058	0.026	0.448	-1.052	-1.014	-1.009	-0.556	0.468	0.840	1.224	-2.242	-0.959	-0.891	-0.197	-1.952	0.181
Magneto	AMB_RS18755	AMB_RS18755		hypothetical protein	4.993	-1.039	-1.834	-3.718	-1.860	-1.240	1.235	-0.370	0.982	-1.801	-3.222	-1.394	-1.248	-2.713	-1.479	2.126	1.504	1.023	-2.801	-1.631	-1.601	-1.466	0.193	-0.446	-1.456	-0.876	-0.787	1.868	1.698	0.964	-0.085	-0.362	-3.637	-0.561	-0.927	-0.327
Magneto	AMB_RS18760	AMB_RS18760		radical SAM protein	-0.642	0.711	-0.135	0.388	-1.176	0.237	-1.265	-0.986	-0.043	0.299	0.509	0.222	-0.784	0.294	-0.799	0.248	1.482	-0.970	0.691	0.454	-0.419	0.868	-0.188	0.512	-0.312	-0.093	-0.468	0.021	-0.040	-0.496	-0.727	-0.378	-1.121	-0.774	0.226	-0.983
Magneto	AMB_RS18765	AMB_RS18765		AmmeMemoRadiSam system protein B	0.561	0.896	0.826	-1.951	-0.779	-0.666	-1.175	-0.741	-0.817	-0.185	0.030	0.186	-0.580	-0.147	-0.871	0.121	0.738	-0.581	-0.083	-0.947	0.693	-1.038	-0.216	-0.997	-0.581	-1.221	-1.508	-1.033	-0.802	-1.270	0.065	0.069	0.529	0.215	-0.528	-0.692
Magneto	AMB_RS18770	AMB_RS18770		xanthine dehydrogenase family protein molybdopterin-binding subunit	0.446	1.440	0.942	0.494	0.751	0.678	1.507	1.154	1.230	1.081	1.704	1.315	1.885	0.297	0.872	1.581	0.005	0.108	0.671	1.359	-0.781	0.805	0.899	0.364	-1.789	-0.659	-0.499	-1.599	-0.832	-1.553	0.896	0.965	0.518	1.104	-0.705	0.878
Magneto	AMB_RS18780	AMB_RS18780		N-acetyltransferase	-0.346	-0.198	-0.019	-0.164	-0.252	0.620	0.590	0.143	0.032	0.702	0.889	0.359	0.202	-0.549	-0.306	0.298	0.167	0.112	-0.159	-0.811	-0.059	-0.199	1.049	0.009	1.067	0.286	1.463	1.511	1.641	1.188	-0.283	1.562	-0.755	1.787	0.507	0.275
Magneto	AMB_RS18785	AMB_RS18785		DUF2325 domain-containing protein	0.020	-0.103	0.822	-0.363	-0.851	-1.008	-0.366	-0.042	-0.788	-0.423	-1.267	-1.762	-0.163	-0.030	0.201	-0.072	-0.217	-0.373	-0.292	-0.169	0.651	-0.424	0.560	0.470	-0.284	-0.367	-0.114	-0.448	-0.332	-0.235	-1.527	-0.607	-1.098	-0.884	-0.398	-1.415
Magneto	AMB_RS18825	AMB_RS18825		methyl-accepting chemotaxis protein	0.322	-1.809	0.983	0.086	0.098	0.451	0.157	0.802	0.333	0.634	1.232	0.141	1.274	-0.188	0.631	0.375	0.539	0.957	1.424	0.096	0.628	0.392	0.525	0.241	-0.457	-0.591	-0.870	-0.487	-1.596	-1.148	1.028	-1.151	-0.049	-1.790	-1.069	-1.372
Magneto	AMB_RS18830	AMB_RS18830		cytidylate kinase-like family protein	0.636	-0.428	0.499	1.435	0.140	-0.289	-0.219	0.654	0.147	-0.933	0.168	-0.825	-0.288	0.593	0.672	-0.309	0.072	0.293	-2.273	0.324	-0.390	0.379	-0.375	0.195	-0.164	-0.852	-0.269	-1.092	-0.633	-0.027	-1.568	-0.447	-1.237	-0.942	-0.184	0.762
Magneto	AMB_RS18835	AMB_RS18835		cytochrome b	2.987	2.871	0.462	-0.095	-0.226	-0.038	-0.315	0.187	-0.225	0.672	-0.595	0.217	-0.241	-0.474	0.344	0.191	-0.115	-0.117	0.189	-1.478	-0.313	-0.994	-0.637	0.635	-0.066	-0.039	0.352	-0.343	0.015	0.263	0.346	0.368	0.528	-0.740	0.238	-0.994
Magneto	AMB_RS18840	AMB_RS18840		SPOR domain-containing protein	-1.100	0.354	-1.741	-0.157	-0.390	-0.871	0.340	-0.582	-0.285	-0.216	-0.668	0.706	-0.470	-0.509	-0.060	-0.540	-0.382	-1.425	-1.152	0.135	0.459	-0.393	-1.314	-0.422	-0.286	-0.025	-0.034	0.088	-0.132	0.003	-0.786	-0.585	0.442	0.108	-0.808	0.403
Magneto	AMB_RS18845	AMB_RS18845		PAS domain S-box protein	-0.105	-0.584	0.038	0.045	-0.133	0.067	-0.385	0.016	0.265	-0.113	0.910	1.153	0.073	-0.143	0.018	-0.182	0.049	0.195	0.285	-0.062	0.234	0.174	0.105	0.031	-1.095	-1.401	-1.449	-1.614	-2.012	-1.429	0.871	-0.653	-0.666	-1.443	-0.900	-0.065
Magneto	AMB_RS18850	AMB_RS18850		class I poly(R)-hydroxyalkanoic acid synthase	-0.723	-2.555	0.785	-0.415	-1.573	-0.967	-1.077	-0.473	-1.940	1.756	-0.449	-0.035	0.112	-1.355	-1.648	-1.708	-1.805	-0.843	-0.018	-1.118	-0.942	-0.715	-0.974	-0.742	-2.772	-2.316	-2.396	-2.321	-1.557	-1.693	-1.749	-1.447	-1.298	-2.684	-1.908	-2.724
Magneto	AMB_RS18860	AMB_RS18860		pyridoxal phosphate-dependent aminotransferase	1.300	-1.024	-1.111	-0.722	-0.117	-1.076	-0.622	0.303	-0.106	-0.704	-0.259	0.540	-0.632	-1.019	-0.455	-0.818	-1.164	-0.923	-0.613	-1.187	-1.312	-0.393	-0.688	-0.671	0.192	0.709	0.872	-0.540	0.045	-0.834	2.124	1.043	2.875	2.566	3.119	0.488
Magneto	AMB_RS18870	AMB_RS18870		fructose-bisphosphatase class II	-3.112	0.889	-1.554	-0.382	-0.606	-0.134	0.564	-0.535	0.171	1.431	1.757	0.351	-0.471	-0.356	0.218	-0.596	0.055	0.735	1.137	-0.809	0.546	0.022	0.029	0.744	-0.630	-1.855	-1.225	-1.067	-1.302	-1.618	-0.393	2.026	2.640	1.616	3.968	1.789
Magneto	AMB_RS18885	AMB_RS18885		hypothetical protein	0.737	-0.085	-0.958	-1.150	0.398	-1.333	-0.013	-0.244	-1.068	-0.863	2.057	-0.246	0.201	-1.097	0.446	0.812	-0.774	-1.142	-0.654	-0.806	-0.392	-0.665	0.660	-0.280	-1.279	-1.472	-2.041	-0.863	-1.276	-1.760	-1.325	-0.848	-2.542	-1.900	-1.896	-1.272
Magneto	AMB_RS18890	AMB_RS18890		hypothetical protein	-0.595	-0.037	-0.370	-0.012	0.989	0.165	0.097	-0.080	0.653	-0.042	-0.490	-1.424	0.839	-0.630	-0.934	0.503	0.269	-0.482	-0.554	-0.584	-0.104	-0.592	-0.339	0.111	-0.620	0.829	0.153	1.505	0.251	1.008	-1.264	-0.711	0.491	0.905	-0.763	0.849
Magneto	AMB_RS18895	AMB_RS18895		hypothetical protein	1.438	1.211	1.120	-0.920	0.025	-0.535	0.184	-0.705	-0.685	-0.158	0.093	0.481	0.222	-0.860	0.491	-0.248	-0.273	-0.705	0.597	-0.506	0.265	0.268	-0.282	0.255	0.654	0.760	0.436	0.441	0.265	0.027	1.699	0.242	-0.332	0.610	0.992	-0.334
Magneto	AMB_RS18900	AMB_RS18900		dienelactone hydrolase	-0.320	0.201	0.767	-1.329	-0.250	0.775	-0.865	-0.085	-0.889	-0.118	1.102	0.272	0.235	0.345	-0.468	0.065	-0.636	-0.047	-0.147	-0.057	-0.688	-0.319	-0.098	-0.655	0.481	0.829	0.667	0.114	0.062	0.337	1.121	1.559	0.209	0.157	0.906	0.974
Magneto	AMB_RS18910	AMB_RS18910		Crp/Fnr family transcriptional regulator	-0.706	1.913	-0.425	0.449	0.309	0.808	0.727	0.782	-0.673	0.291	0.639	-0.182	1.053	0.534	-0.110	0.081	0.628	0.524	-0.057	-0.270	-0.584	0.176	0.316	-0.031	-1.124	-0.900	-1.312	-1.526	-0.516	-1.823	-0.553	-1.837	-2.580	-1.385	-1.535	-1.337
Magneto	AMB_RS18915	AMB_RS18915		Flp family type IVb pilin	-0.223	-1.216	-1.838	-2.966	-1.848	-2.460	-0.621	-0.465	-0.838	-1.160	-0.120	-1.815	-0.987	-1.355	-1.110	-0.091	-0.443	-0.233	-2.295	0.648	-2.440	-3.437	-2.483	-0.699	-0.543	-0.466	-0.679	0.338	1.019	1.214	0.973	-0.909	-0.461	-1.645	-0.618	-0.740
Magneto	AMB_RS18930	AMB_RS18930		Flp pilus assembly protein CpaB	-0.099	-1.255	0.625	0.686	0.169	-0.583	-0.229	0.034	0.641	-0.125	-0.660	0.497	-0.334	0.340	-0.186	-0.420	0.836	0.611	-0.659	-0.084	0.681	-0.475	-0.001	0.802	0.126	-0.457	0.535	0.514	-0.155	0.496	0.090	0.144	0.666	-0.805	-0.438	0.395
Magneto	AMB_RS18935	AMB_RS18935		Flp pilus assembly protein, secretin CpaC	-1.506	0.145	-0.559	-0.784	-0.066	0.958	-0.214	0.508	0.468	-0.134	-0.937	0.027	0.192	0.728	-0.194	1.302	-0.074	1.311	-0.569	-0.647	0.233	0.144	-0.041	-0.345	-0.495	0.436	-0.069	1.173	0.293	0.516	-0.700	-0.299	0.460	0.736	-0.057	1.197
Magneto	AMB_RS18940	AMB_RS18940		type IV pili component	-0.327	-1.015	-0.630	-0.739	-0.507	-0.886	-0.478	-1.687	-0.039	-0.542	0.304	-1.741	-0.255	0.764	-0.692	-0.667	0.121	-0.609	-0.627	-0.445	0.332	-1.925	-1.048	-1.579	-0.495	0.072	0.089	0.007	-0.585	-0.404	1.144	-0.538	0.674	0.356	0.555	-0.458
Magneto	AMB_RS18945	AMB_RS18945		Flp pilus assembly protein, ATPase CpaE	-0.094	0.218	-0.253	0.713	-0.445	0.945	1.054	1.948	1.547	0.453	0.289	0.642	1.076	-0.320	1.086	0.865	0.708	1.587	-0.132	-0.190	0.056	-0.312	-0.316	0.047	2.011	2.575	1.655	1.279	0.982	1.628	0.837	2.475	0.337	0.781	1.420	0.863
Magneto	AMB_RS18950	AMB_RS18950		CpaF family protein	-0.551	0.383	-0.220	0.903	-1.126	0.732	0.601	0.869	0.774	-0.356	-1.069	-0.420	0.341	-0.083	-0.376	1.879	0.467	-0.610	0.156	0.262	-1.035	-0.586	-0.334	0.706	0.784	-0.559	-0.440	0.124	0.844	0.298	-0.429	-1.058	-0.652	-1.244	0.886	0.705
Magneto	AMB_RS18955	AMB_RS18955		Flp pilus assembly protein TadB	-0.052	1.005	-0.580	-1.878	-0.679	-1.189	0.264	-1.044	-1.868	-0.781	-0.331	-0.362	0.016	0.369	-1.004	-0.738	-0.821	-1.354	0.471	-0.583	-0.225	-1.719	0.408	-0.740	0.142	-0.331	0.623	-0.045	-0.960	-0.361	0.014	-1.386	-0.519	1.460	-0.803	-0.396
Magneto	AMB_RS18960	AMB_RS18960		type II secretion system F family protein	-1.001	1.505	0.139	-0.394	0.407	0.829	-0.832	-1.137	-0.809	0.607	2.089	0.769	-0.820	-0.264	0.836	-1.034	-1.369	-0.674	1.037	1.112	1.104	-0.691	0.167	0.423	-0.412	-0.179	0.305	0.238	0.172	0.601	0.246	0.233	1.146	-0.108	1.357	0.463
Magneto	AMB_RS18965	AMB_RS18965		hypothetical protein	0.906	-1.788	0.151	-0.234	-0.010	0.643	0.119	0.114	-0.632	0.327	1.915	0.495	-0.599	-0.135	0.564	-0.392	-0.341	0.806	0.390	1.496	0.036	-1.052	-0.046	-1.037	-0.330	-0.700	-0.180	-0.623	-0.716	-0.445	-0.408	-1.936	-1.302	0.163	0.280	-0.471
Magneto	AMB_RS18970	AMB_RS18970		tetratricopeptide repeat protein	2.066	0.095	-0.066	0.521	-0.596	-0.794	0.788	0.280	-0.498	0.663	0.343	-1.629	-0.415	-0.749	-0.188	-0.013	0.086	-1.170	-0.082	0.749	-1.033	-0.256	-0.759	-0.255	0.474	0.403	-0.349	-0.438	0.086	-0.924	1.960	-1.316	-0.139	0.093	0.846	-0.940
Magneto	AMB_RS18975	AMB_RS18975		hypothetical protein	-0.580	-0.368	-0.402	-0.471	0.442	-0.694	-0.002	0.299	1.008	0.643	-0.723	-0.773	-0.229	-0.010	0.049	0.564	0.407	1.034	-0.371	0.353	-0.595	0.622	-1.162	0.035	1.350	0.829	0.892	1.204	0.568	0.971	0.580	0.735	0.597	-0.862	0.067	0.244
Magneto	AMB_RS18980	AMB_RS18980		pilus assembly protein	0.245	0.071	-0.875	-0.716	-1.284	-1.163	0.296	-0.641	-0.800	-0.594	-1.948	-0.819	1.311	0.011	-0.272	-0.734	-0.900	-0.349	1.303	2.103	-1.198	-1.142	-0.369	-0.737	0.694	0.395	0.453	1.083	0.767	0.869	-0.351	-0.201	1.770	1.247	0.968	0.240
Magneto	AMB_RS18985	AMB_RS18985		pilus assembly protein	1.123	-0.411	-0.274	-0.293	0.458	-0.660	-1.110	-0.875	-1.265	-0.116	-0.712	0.748	-0.442	-0.287	-0.396	-1.229	-0.720	-0.601	0.439	-0.351	0.621	-0.027	-0.150	-0.347	1.436	0.633	0.212	-0.130	0.355	0.317	-0.132	0.396	-0.528	-0.570	0.015	0.101
Magneto	AMB_RS18990	AMB_RS18990		Flp pilus assembly protein TadG	0.632	-1.220	0.865	0.093	0.290	0.390	-0.182	0.927	0.560	0.779	1.121	0.031	0.078	0.515	0.657	0.500	0.816	0.526	-0.098	0.761	0.962	-0.918	0.761	-0.301	-1.678	-0.398	-1.327	-1.477	-1.637	-2.240	-0.257	-0.678	-1.098	-0.101	-0.770	-0.522
Magneto	AMB_RS18995	AMB_RS18995		ImmA/IrrE family metallo-endopeptidase	-1.915	1.732	-1.704	-0.601	-0.484	-0.790	-1.234	-1.161	-1.365	0.600	-0.386	1.217	-0.027	-0.162	-0.455	-0.206	-1.059	-0.901	-0.076	0.079	-0.592	-1.058	0.689	0.004	-1.178	-0.942	-0.559	-1.178	-1.251	-1.476	0.573	1.100	0.778	1.506	0.589	1.106
Magneto	AMB_RS19015	AMB_RS19015		hypothetical protein	-1.048	-0.201	0.703	0.542	-0.343	-0.061	-0.256	0.895	0.654	0.487	-0.202	0.196	0.247	0.996	0.660	0.191	-0.382	0.382	0.689	0.054	0.742	0.404	-0.138	0.486	0.165	0.236	0.415	0.144	0.144	-0.151	-0.751	-0.285	0.265	-0.510	-0.964	0.950
Magneto	AMB_RS19020	AMB_RS19020		transposase	-1.238	0.646	0.242	0.213	-0.074	0.108	0.789	0.277	0.232	0.782	0.344	0.460	-0.304	0.559	0.301	-0.275	1.152	0.063	0.266	-0.366	0.251	-1.220	-0.004	0.291	-1.105	0.022	0.139	-0.254	-0.618	0.003	-0.421	-0.053	-1.957	-0.490	-1.327	0.265
Magneto	AMB_RS19025	AMB_RS19025		heteromeric transposase endonuclease subunit TnsA	-0.626	0.540	0.197	0.487	1.232	0.443	0.405	1.661	0.726	0.043	0.437	0.101	0.792	1.354	1.039	2.468	0.981	0.675	-0.209	0.063	1.727	0.238	1.596	1.147	-0.512	-0.412	0.080	0.267	-0.451	0.290	1.185	-0.543	0.254	-1.003	-0.016	-1.254
Magneto	AMB_RS19035	AMB_RS19035		hypothetical protein	1.391	-0.251	-0.146	0.014	0.253	-0.224	-0.557	-0.204	-0.702	0.373	2.184	0.361	0.518	-0.060	-0.197	-0.391	-0.894	-0.446	0.438	0.816	-0.113	0.957	-0.280	0.213	-0.035	-0.289	-0.003	0.177	-0.138	0.241	-0.703	0.717	-0.913	-1.020	0.227	0.253
Magneto	AMB_RS19040	AMB_RS19040		hypothetical protein	-1.287	-0.346	0.561	0.205	0.752	0.060	-0.286	0.570	1.453	-0.027	-0.330	0.724	0.074	1.358	0.815	0.834	0.028	0.078	0.555	1.444	0.313	-0.180	0.071	1.309	-1.285	-0.762	-1.429	-1.513	-1.303	-1.114	-2.408	-0.287	-0.618	-0.031	-0.512	-1.163
Magneto	AMB_RS19055	AMB_RS19055		heteromeric transposase endonuclease subunit TnsA	0.362	-0.357	-0.958	0.683	0.680	-0.290	0.653	0.525	0.808	0.891	-0.038	-0.463	-0.147	-0.058	0.460	0.186	0.783	0.388	0.608	0.697	-0.765	1.093	1.436	0.525	-1.937	-0.261	-0.718	-1.528	-0.434	-1.097	0.274	-1.056	-1.024	0.063	-0.989	-1.602
Magneto	AMB_RS19065	AMB_RS19065		hypothetical protein	-1.779	0.429	0.167	-0.195	-0.684	0.382	-0.152	0.258	0.034	0.906	-1.092	-0.198	0.491	-0.282	-0.112	-0.083	-0.347	-0.615	0.297	-0.591	0.422	-0.071	-0.251	0.326	-0.742	-0.158	-0.123	-1.247	-0.961	-1.191	0.103	0.743	0.261	-0.199	0.851	0.330
Magneto	AMB_RS19070	AMB_RS19070		hypothetical protein	-0.124	-0.015	-0.952	-1.259	-0.830	-0.672	-0.214	0.269	-0.353	-2.236	-0.411	-1.186	-0.652	-1.573	-0.858	0.846	1.613	1.407	-1.647	-1.047	-0.932	0.202	1.242	0.312	-1.311	-0.381	-1.497	-0.334	0.967	0.135	-1.241	-2.585	-2.911	-3.311	-1.876	-0.971
Magneto	AMB_RS19075	AMB_RS19075		site-specific integrase	0.756	-0.186	-2.811	-1.638	-2.861	-2.218	-1.131	-1.925	-2.594	-2.234	-1.530	-1.219	-2.601	-1.685	-0.582	-0.510	1.398	1.309	-1.875	-2.807	-1.011	0.201	0.755	-0.275	-0.157	0.864	0.133	1.088	1.785	0.812	-1.973	-1.617	-0.527	-0.694	1.299	-0.131
Magneto	AMB_RS19080	AMB_RS19080		hypothetical protein	1.897	0.757	-1.566	-2.242	-2.131	-0.351	0.625	-1.818	-0.465	-0.277	-1.120	-0.775	-0.901	-1.519	-1.344	-0.547	0.062	0.166	0.550	0.112	-1.647	-0.194	0.551	-1.147	1.207	1.657	0.597	2.045	2.936	1.517	-0.160	0.158	-0.703	0.132	-1.590	0.958
Magneto	AMB_RS19085	AMB_RS19085		hypothetical protein	-0.377	-0.202	-1.162	0.050	-0.521	-0.505	-0.077	-0.211	0.048	0.536	-0.207	0.552	0.086	-0.977	0.156	0.655	0.821	0.246	-0.114	-0.822	-0.265	0.615	1.338	1.292	0.805	0.869	0.894	1.615	1.348	0.896	0.969	1.833	2.156	2.318	1.468	1.809
Magneto	AMB_RS19090	AMB_RS19090		ShlB/FhaC/HecB family hemolysin secretion/activation protein	-1.524	0.584	-1.021	-0.623	-0.524	0.011	0.242	-0.067	-0.061	-0.501	-0.515	-0.147	-0.562	-1.273	-0.514	0.610	0.817	0.514	-0.482	-0.629	-0.616	0.167	1.316	0.444	-0.665	0.481	0.052	1.201	1.473	0.138	0.205	0.122	-0.229	1.550	0.803	1.557
Magneto	AMB_RS19095	AMB_RS19095		filamentous hemagglutinin N-terminal domain-containing protein	0.706	-0.992	-0.692	-0.408	-1.978	-0.536	0.418	0.184	-0.142	-1.758	-1.166	-1.965	-0.698	-1.279	-0.625	0.934	1.820	2.211	-1.438	-2.109	-0.614	-0.406	1.162	0.563	-1.032	-1.054	-0.985	0.833	1.490	0.823	-0.344	-1.865	-2.627	-0.578	-0.265	-0.298
Magneto	AMB_RS19100	AMB_RS19100		flagellar motor component	1.427	-1.026	-1.460	-1.669	-1.346	-2.676	-0.877	-1.581	-1.166	-2.915	-1.640	-2.019	-1.621	-2.280	-1.718	0.180	2.334	-0.373	-2.514	-2.539	-2.105	-1.920	0.386	0.137	-0.128	0.351	-0.006	1.155	1.547	0.763	-2.003	-1.235	-0.672	-0.925	-1.007	-0.589
Magneto	AMB_RS19110	AMB_RS19110		hypothetical protein	-0.701	-0.511	-0.447	-1.240	-1.289	-0.316	0.959	-1.019	0.310	-0.410	1.306	0.417	-1.284	-1.726	0.363	-0.077	0.814	-0.424	0.046	-0.539	-0.140	0.125	0.839	-0.484	-0.250	0.038	0.362	-0.173	-0.046	-0.331	0.431	0.741	-0.512	2.198	1.031	1.357
Magneto	AMB_RS19115	AMB_RS19115		hypothetical protein	-0.377	0.903	-0.666	-0.918	-0.605	0.407	0.053	-0.834	0.406	-0.781	0.396	0.254	0.684	0.309	-0.789	-0.313	-0.178	-0.532	-1.788	0.423	-1.408	-0.520	0.249	0.394	-2.099	-0.488	-1.154	-0.689	-0.183	-1.157	-0.160	-0.994	-0.413	-0.897	-0.906	-1.195
Magneto	AMB_RS19120	AMB_RS19120		hypothetical protein	0.745	1.165	0.470	-0.061	-0.219	0.141	0.183	0.960	0.391	0.568	-0.835	-0.239	0.276	0.834	-0.707	0.834	0.287	0.044	0.887	0.962	0.695	0.879	0.362	-0.158	0.244	0.950	1.056	0.608	0.210	0.842	2.061	0.501	0.496	0.508	0.569	0.726
Magneto	AMB_RS19125	AMB_RS19125		hypothetical protein	0.897	0.079	-0.942	-0.340	-0.930	-1.247	-0.138	-0.803	-0.360	-1.135	-1.994	-1.449	-1.208	-1.304	-1.425	-0.537	-0.613	0.004	-0.793	-1.022	-1.116	-1.382	0.748	0.176	-0.535	1.077	0.223	0.456	1.625	0.298	-0.762	-0.225	-0.413	0.129	0.227	-0.461
Magneto	AMB_RS19155	AMB_RS19155		amino acid ABC transporter substrate-binding protein	0.715	-0.685	0.550	0.190	0.199	-0.143	0.399	-0.081	0.236	0.841	-0.007	0.613	0.638	-0.338	-0.164	0.059	-0.036	0.509	0.370	1.098	0.148	0.082	0.481	0.148	-1.310	-0.837	-1.382	-1.308	-1.641	-1.278	-0.302	0.305	-0.972	-0.718	-1.856	-0.978
Magneto	AMB_RS19160	AMB_RS19160		methyltransferase domain-containing protein	0.109	-2.668	-1.623	-0.401	-1.867	-0.946	-1.964	-0.903	-1.675	0.475	-0.770	-0.628	-1.156	-0.386	-2.218	-1.434	-0.917	-0.620	-0.835	0.668	-0.057	-0.668	-1.048	-2.063	-0.791	-0.680	-1.329	-1.443	-1.258	-1.233	-2.268	-2.055	-0.888	-1.025	-1.391	-1.196
Magneto	AMB_RS19170	AMB_RS19170		3-beta hydroxysteroid dehydrogenase	-0.502	-0.097	0.444	0.485	0.570	0.043	0.705	0.336	0.085	1.028	1.345	0.214	-0.333	-0.403	0.225	0.003	-0.613	-0.368	0.671	0.289	0.352	-0.300	0.226	0.657	0.444	-0.322	0.209	-1.486	-1.067	-0.600	0.400	-0.851	1.331	0.593	0.488	0.517
Magneto	AMB_RS19175	AMB_RS19175		NAD-dependent epimerase	-1.442	0.110	0.371	-0.533	-0.583	-0.384	-0.671	0.173	0.016	0.003	-0.710	-1.613	-0.436	-0.957	0.283	-0.622	0.219	-0.381	-0.736	0.408	-1.864	-0.254	0.050	-0.562	0.157	-0.312	-0.297	-0.231	0.194	-0.137	-0.461	0.607	0.394	-0.577	0.107	-0.270
Magneto	AMB_RS19180	AMB_RS19180		glycosyltransferase family 1 protein	-1.557	0.366	-0.682	0.703	0.080	-0.195	0.221	0.205	-0.138	0.100	0.211	0.340	-0.112	0.318	-0.392	-0.454	-0.673	0.164	0.080	0.437	-0.353	-1.082	-0.182	-0.651	-1.686	-0.753	-0.667	-1.019	0.105	-0.857	-0.303	-0.973	-1.527	-0.923	-0.606	-0.318
Magneto	AMB_RS19185	AMB_RS19185		radical SAM protein	0.419	0.857	0.305	-0.224	0.287	1.243	0.427	0.194	0.274	0.819	0.731	0.088	0.415	0.065	0.921	-0.463	0.592	-0.360	0.959	1.400	1.379	0.542	0.819	1.164	-1.111	0.304	-0.277	-0.533	-0.096	0.494	0.353	-0.787	0.035	-0.232	-1.084	-0.498
Magneto	AMB_RS19190	AMB_RS19190		S-layer family protein	0.281	0.052	0.903	1.350	0.731	0.875	2.016	1.469	1.486	1.106	-0.163	-0.031	1.333	1.412	1.669	1.358	0.675	0.313	0.539	2.460	1.802	0.422	1.281	1.256	0.279	-0.337	-0.291	-0.048	-0.233	-0.220	0.003	1.458	-0.583	-0.937	-1.234	-1.327
Magneto	AMB_RS19195	AMB_RS19195		tetratricopeptide repeat protein	-0.345	0.369	0.297	0.301	-0.014	0.988	0.414	-0.061	0.580	0.969	1.893	1.189	0.771	0.856	-0.563	-0.010	-0.215	-0.071	1.102	0.483	-0.174	0.778	1.089	1.225	-1.101	-0.864	-0.710	-1.524	-1.265	-1.247	-1.910	-0.977	-2.394	0.064	0.207	-0.611
Magneto	AMB_RS19200	AMB_RS19200		glycosyl transferase	-1.065	-2.251	-0.180	0.348	-0.405	-0.370	-0.482	0.262	-0.030	0.878	1.856	-0.008	-0.047	-0.144	-0.519	-0.823	-0.939	-0.837	0.077	0.014	-0.427	-0.477	-0.224	-0.561	-1.093	-0.948	-1.198	-1.278	-1.017	-1.146	-2.617	-3.850	-3.982	-2.116	-0.042	-1.326
Magneto	AMB_RS19205	AMB_RS19205		HAMP domain-containing protein	-2.476	0.382	-0.024	0.392	-0.900	0.079	0.158	-1.011	0.494	-0.011	-1.407	0.104	-0.286	-0.451	-0.620	0.560	0.261	-1.795	0.046	0.463	-0.792	0.393	0.114	-0.355	0.083	-1.210	-1.078	-0.729	-1.191	-0.069	-0.178	-0.347	0.287	0.838	0.179	-1.831
Magneto	AMB_RS19210	AMB_RS19210		hypothetical protein	-0.374	-1.554	-1.482	-0.196	-0.507	-0.650	0.390	-0.461	-0.963	-0.924	-0.114	-0.131	-0.614	-1.752	-0.709	-0.010	0.334	-0.313	-1.362	0.421	-1.229	-1.219	-0.143	-2.089	-0.703	0.148	-0.412	-0.162	-0.227	-0.227	-1.218	-0.105	-0.739	-0.951	-0.786	-0.109
Magneto	AMB_RS19230	AMB_RS19230		molybdopterin-guanine dinucleotide biosynthesis protein B	-0.856	-0.493	0.688	-3.247	-0.611	-2.963	-5.092	-5.252	-3.519	5.504	2.676	4.273	-2.067	-0.637	-1.640	-3.695	-2.773	-2.430	4.118	2.894	2.950	-0.651	-1.797	-1.472	-2.735	-3.383	-4.995	-4.028	-4.988	-4.450	4.442	3.173	3.880	2.499	1.587	0.513
Magneto	AMB_RS19240	AMB_RS19240		UvrABC system protein C	0.097	-2.432	-1.474	-0.974	-0.452	-1.883	-0.706	-0.893	-0.923	-1.087	-1.390	-1.351	-1.430	-0.829	-2.640	-0.468	-1.409	-2.555	-2.569	0.135	-1.423	-1.615	-2.302	-1.060	-1.355	-0.902	-1.828	-1.223	-0.743	-1.204	-2.108	-1.635	-3.133	-3.809	-0.757	-2.059
Magneto	AMB_RS19245	AMB_RS19245		short chain dehydrogenase	0.283	0.469	0.603	0.894	0.081	1.096	0.194	-0.056	-0.240	0.274	1.679	0.051	0.175	-0.195	0.312	-0.381	-0.172	-0.455	0.157	0.403	0.086	-0.612	0.051	-0.221	-0.951	-0.671	-1.171	-1.481	-1.767	-1.621	-0.223	-0.248	-0.521	-2.382	-0.318	-1.474
Magneto	AMB_RS19250	AMB_RS19250		serine/threonine protein kinase	0.815	0.094	0.233	-0.148	0.771	0.651	-0.955	-0.139	-0.284	0.493	1.124	1.632	0.370	0.449	-0.339	-1.395	-0.836	-0.892	0.341	0.536	0.725	-0.067	-1.419	-0.386	-0.279	-0.288	-0.254	-0.109	0.128	-0.550	2.809	0.581	1.792	4.305	1.488	0.780
Magneto	AMB_RS19255	AMB_RS19255		excinuclease ABC subunit UvrB	-3.098	-5.278	-1.649	-1.866	-2.208	-2.462	-2.924	-2.045	-1.897	-3.075	-1.604	-2.376	-3.115	-3.543	-3.080	-2.681	-2.369	-2.481	-3.456	-2.522	-3.578	-4.143	-3.953	-3.447	-4.339	-4.628	-5.266	-4.997	-4.567	-4.587	-3.498	-4.189	-2.674	-4.428	-3.086	-3.629
Magneto	AMB_RS19260	AMB_RS19260		HAMP domain-containing protein	-0.094	-0.365	-0.542	0.054	-0.037	-0.859	-0.116	-0.494	-0.255	0.124	1.239	-0.420	-0.169	0.100	0.318	0.279	-0.151	-0.235	0.548	-0.369	0.013	-0.975	-0.113	-0.857	-0.004	0.586	0.241	-0.139	0.118	-0.418	1.364	0.008	0.580	0.798	0.309	0.396
Magneto	AMB_RS19265	AMB_RS19265		RNA pseudouridine synthase	-2.549	-0.358	-0.441	-1.239	0.570	-0.111	0.523	-0.496	0.305	0.676	0.322	-0.673	0.666	-1.018	-0.062	-0.339	-0.777	-0.918	-0.171	0.007	-0.782	-1.051	-0.868	-0.355	-0.501	-0.433	-1.625	-0.493	-0.388	-0.329	-2.557	-1.522	-0.028	1.436	-1.592	0.778
Magneto	AMB_RS19270	AMB_RS19270		spore coat polysaccharide biosynthesis protein F	1.396	-0.031	-0.026	-1.398	-0.438	-0.715	-1.035	-1.489	-1.225	1.186	0.946	2.260	0.116	-0.275	0.421	-0.182	-0.860	-0.720	0.287	1.757	1.287	-0.702	0.552	-0.022	0.185	-0.052	0.457	0.194	-1.387	-0.129	1.125	2.636	2.394	2.240	3.636	3.711
Magneto	AMB_RS19275	AMB_RS19275		gfo/Idh/MocA family oxidoreductase	0.426	-0.267	1.523	0.568	0.985	0.697	-0.000	-0.622	-0.159	3.213	1.515	1.764	1.846	0.307	0.800	1.007	0.835	0.815	3.362	1.823	2.001	1.282	1.102	0.327	0.974	0.555	-0.020	0.292	-0.841	-0.713	2.502	3.645	4.470	3.882	5.536	4.595
Magneto	AMB_RS19280	AMB_RS19280		DegT/DnrJ/EryC1/StrS family aminotransferase	0.072	0.549	0.687	-0.775	0.049	-0.914	-2.461	-1.058	-0.719	2.828	2.643	3.022	0.564	0.560	-0.004	-0.128	0.150	0.213	2.541	2.826	2.273	-0.596	0.277	-0.285	-0.262	-0.954	-1.063	-0.176	-0.365	-0.860	2.931	2.821	3.925	4.730	4.650	4.287
Magneto	AMB_RS19285	AMB_RS19285		GNAT family N-acetyltransferase	0.402	-1.266	0.792	0.625	0.144	0.165	0.035	0.059	0.653	0.998	1.189	0.453	0.689	0.361	0.348	0.743	-0.818	0.763	1.258	1.742	1.018	0.288	-0.082	0.884	0.189	0.001	-0.759	-1.448	-1.415	-0.732	0.149	-0.809	0.389	-0.290	-0.325	0.053
Magneto	AMB_RS19290	AMB_RS19290		tetratricopeptide repeat protein	-1.104	-1.081	-0.717	-0.376	-0.235	-0.024	0.124	0.804	0.452	-0.323	-1.214	-0.442	0.051	0.039	0.000	0.272	1.289	-0.345	0.648	-0.551	-0.393	-0.696	1.116	-0.605	0.301	0.837	0.425	0.739	0.753	0.805	0.459	-0.554	0.058	-0.174	1.465	-0.375
Magneto	AMB_RS19305	AMB_RS19305		hypothetical protein	0.609	-0.493	-0.017	0.704	0.489	0.311	0.692	-0.157	3.420	0.170	0.568	0.073	0.981	0.751	-0.999	2.774	0.974	0.558	1.323	0.789	-0.419	0.895	1.377	0.469	-0.399	0.431	0.870	1.610	0.152	1.464	0.224	0.171	0.057	1.026	1.112	1.274
Magneto	AMB_RS19310	AMB_RS19310		hypothetical protein	-0.352	0.655	-0.997	0.077	-1.077	0.358	-1.014	0.257	-0.941	0.211	0.339	-0.336	-1.720	-0.361	-0.099	-0.094	-0.474	-1.128	-0.208	-0.249	0.035	-0.904	-0.986	-1.343	0.228	-0.706	-0.450	-0.857	0.238	-0.292	0.766	0.351	-0.437	-0.138	-0.261	1.148
Magneto	AMB_RS19315	AMB_RS19315		acyl-CoA synthetase	-2.417	1.303	1.026	1.369	0.662	1.578	1.660	1.060	1.584	1.727	-1.233	0.846	1.488	2.399	1.347	1.705	1.248	1.358	2.315	1.899	1.685	0.281	1.543	1.130	0.089	1.162	0.147	-0.311	-0.657	-0.423	1.948	0.326	0.772	2.103	1.656	1.027
Magneto	AMB_RS19320	AMB_RS19320		hypothetical protein	-1.110	1.120	-0.390	0.555	0.156	0.425	0.548	0.729	-0.258	0.610	1.461	-0.194	0.318	-0.089	0.892	-0.024	0.999	0.235	1.015	1.188	0.678	0.396	0.060	0.625	-0.403	0.149	-0.097	0.422	0.196	0.315	1.384	1.972	1.696	0.780	1.320	1.900
Magneto	AMB_RS19325	AMB_RS19325		NAD(P)/FAD-dependent oxidoreductase	-2.989	-1.295	-2.453	-2.607	-0.905	-1.736	-1.752	-1.054	-1.028	-2.843	-4.160	-2.168	-1.129	-1.872	-1.891	-0.388	-1.684	-2.072	-1.150	-1.631	-1.750	-2.800	-0.862	-1.978	-5.142	-4.134	-4.318	-2.547	-2.197	-2.677	-8.035	-6.478	-12.293	-12.152	-12.039	-11.606
Magneto	AMB_RS19330	AMB_RS19330		molybdopterin oxidoreductase family protein	-0.907	-0.189	1.486	-0.088	0.695	0.704	0.463	0.533	0.072	-0.366	0.960	-1.022	1.539	0.336	-0.014	0.960	1.024	-0.818	1.130	0.474	-0.304	-0.421	0.794	0.708	-0.708	0.451	-0.930	-0.690	0.340	-0.704	0.320	-0.764	-0.949	-1.564	0.357	-1.080
Magneto	AMB_RS19340	AMB_RS19340		EamA family transporter	-0.397	-0.360	-0.778	-0.526	-0.503	-0.448	-0.452	-0.486	-0.940	-0.294	0.157	-0.243	-0.470	-1.002	-0.938	-0.856	0.563	0.463	-0.616	-0.361	-0.722	0.598	-0.412	-0.782	-0.760	-0.734	-0.867	-0.675	-0.686	-0.679	-0.396	-0.567	-0.510	-0.428	-0.469	-0.561
Magneto	AMB_RS19345	AMB_RS19345		chemotaxis sensory transducer	1.275	0.066	-0.836	0.472	-0.063	0.419	0.300	-1.371	0.344	0.285	1.025	1.252	-0.654	-0.974	-0.080	-0.059	0.680	0.063	0.274	-0.431	0.211	0.122	0.875	-0.579	-0.138	0.403	-0.348	-0.564	-0.238	-0.318	0.743	-0.478	0.510	1.003	-0.887	0.118
Magneto	AMB_RS19360	AMB_RS19360		flagellar basal body P-ring protein	-0.085	-0.926	-0.339	1.193	-0.409	-0.623	0.897	-0.903	-0.055	0.767	0.134	0.252	-0.478	-0.239	0.129	-0.657	-0.212	-0.307	0.230	0.010	0.871	0.620	0.364	-0.435	0.035	-0.124	0.609	-0.118	0.159	0.039	-0.819	0.751	1.326	-0.383	-0.248	0.913
Magneto	AMB_RS19365	AMB_RS19365		chemotactic signal-response protein cheL	-0.595	-1.013	-0.285	0.059	0.731	-1.054	0.473	-0.638	0.434	-0.830	1.713	0.299	1.245	0.116	0.505	0.200	0.652	0.583	0.217	0.355	1.277	-0.082	-0.259	-0.423	-0.541	-1.050	-1.004	-0.790	-0.176	-0.493	-1.456	-2.489	-1.238	0.344	-0.600	-0.646
Magneto	AMB_RS19370	AMB_RS19370		flagellar protein FlgN	-1.526	1.459	0.246	-0.095	-1.805	0.074	-1.822	-0.710	-0.419	0.273	1.384	-0.507	-1.487	-0.320	-0.584	-0.331	1.031	-0.539	-1.888	0.235	-0.425	-0.613	-0.853	0.770	1.370	1.121	0.948	1.707	2.076	1.347	1.396	-0.047	-0.086	0.681	0.854	0.864
Magneto	AMB_RS19375	AMB_RS19375		flagellar hook-associated protein FlgK	-0.220	-1.483	0.197	0.551	0.645	0.413	-0.590	0.099	-0.603	1.826	1.050	0.635	0.649	1.030	-0.224	-0.806	-0.058	-0.511	1.620	1.057	0.707	0.388	0.899	0.263	0.569	-0.130	0.216	0.236	0.713	0.275	0.153	1.892	1.678	0.844	1.508	1.383
Magneto	AMB_RS19380	AMB_RS19380		hypothetical protein	-1.183	-0.078	1.719	1.318	1.254	0.822	0.150	0.277	0.295	1.499	0.850	1.522	0.441	0.966	0.010	0.669	0.548	0.102	1.543	1.428	0.764	0.635	0.891	0.536	0.167	0.089	0.982	0.065	0.318	1.133	2.340	1.770	1.428	0.894	2.063	1.491
Magneto	AMB_RS19390	AMB_RS19390		2-hydroxychromene-2-carboxylate isomerase	-0.177	0.683	1.025	0.521	0.576	-0.607	-0.689	0.427	-0.453	-1.129	1.328	1.016	0.690	0.504	-0.396	-0.060	-0.782	-0.845	1.042	0.591	-0.482	0.706	-0.384	-0.013	1.607	0.797	0.697	0.568	0.006	1.001	-1.472	1.795	1.013	0.754	0.351	-0.422
Magneto	AMB_RS19395	AMB_RS19395		dehydrogenase	0.145	0.655	-0.282	0.292	1.724	0.427	0.857	0.491	0.536	1.475	-0.227	0.125	0.377	0.870	0.268	0.369	1.138	0.541	0.651	2.521	0.781	1.187	0.769	0.756	0.781	-0.034	0.189	0.146	1.340	-0.013	-0.526	0.011	0.074	-1.054	-0.600	0.966
Magneto	AMB_RS19400	AMB_RS19400		RidA family protein	-1.104	1.192	-1.232	1.036	1.407	-0.812	0.303	-0.016	0.082	0.122	-1.079	1.524	0.026	0.206	0.081	0.919	0.805	0.277	-0.096	-0.124	0.325	0.020	-1.229	-0.192	1.578	2.093	0.073	0.905	1.736	0.483	-2.354	1.957	0.217	-1.931	-0.885	0.956
Magneto	AMB_RS19405	AMB_RS19405		DUF1491 domain-containing protein	-0.176	0.863	0.339	0.000	-0.173	-0.252	0.233	-0.455	-0.656	-1.026	-1.887	-1.112	-1.304	-0.183	-1.175	-0.801	0.134	-0.790	-1.269	-1.511	-1.224	-0.998	-0.669	0.693	-0.308	0.008	0.058	-0.247	0.741	1.344	2.570	-0.397	-0.525	-0.400	-0.136	-0.709
Magneto	AMB_RS19410	AMB_RS19410		Kef-type K+ transporter NAD-binding protein	-0.780	-0.005	0.263	-1.184	0.554	-0.738	0.441	-0.454	-0.111	-0.304	-0.487	0.877	0.223	0.008	0.442	0.033	0.296	-0.317	0.211	-0.736	0.413	-0.422	-0.210	0.456	0.349	0.219	0.787	0.332	1.256	1.030	0.047	-0.467	0.267	-0.442	1.736	0.449
Magneto	AMB_RS19415	AMB_RS19415		hypothetical protein	-2.046	-0.070	-1.711	-0.014	-1.660	0.583	-1.870	0.018	0.984	0.181	-0.772	0.882	-0.175	-0.878	0.408	-0.867	-1.798	-0.155	-0.996	0.551	0.376	-0.075	-1.415	-0.319	0.375	0.130	-0.516	-0.276	0.263	-0.559	0.045	0.379	-0.368	-0.893	-0.505	-0.575
Magneto	AMB_RS19420	AMB_RS19420		hemerythrin	-0.294	0.214	-0.301	-0.942	-0.411	-0.395	-0.460	0.500	-1.266	-2.027	0.243	-0.463	-0.054	0.079	-0.078	-0.736	0.350	-0.662	-1.222	-0.779	-1.382	-1.342	-0.969	-0.498	0.077	-0.086	-0.415	-0.200	0.828	0.775	-0.473	-0.795	-1.509	-0.128	0.119	0.086
Magneto	AMB_RS19425	AMB_RS19425		hypothetical protein	0.200	-0.229	-1.148	-0.820	-0.508	0.057	-0.507	-0.286	-0.470	-1.151	-0.333	-0.561	-0.313	-0.682	-0.074	-0.301	-0.062	-0.373	-0.670	-0.693	-0.387	-0.504	-0.478	0.409	-1.183	-0.663	-0.356	-0.491	0.185	0.046	-1.719	-0.917	-0.622	-0.344	-0.168	0.744
Magneto	AMB_RS19530	AMB_RS19530		hypothetical protein	0.752	-1.256	1.567	-0.462	0.812	0.922	0.567	0.439	-0.209	-0.255	0.837	-0.604	0.875	-0.499	0.323	0.898	1.804	0.528	-0.257	-0.147	-0.637	-1.312	0.089	0.241	-0.023	0.525	-0.329	-0.357	0.973	0.802	0.241	-0.156	-0.540	-0.166	0.929	-0.871
Magneto	AMB_RS19535	AMB_RS19535		DNA-binding response regulator	0.264	-0.402	-0.587	-0.741	-0.034	0.096	-1.703	-1.334	-0.642	-0.199	-0.213	-0.808	-0.037	-0.876	0.818	-0.724	0.318	-0.831	0.345	-0.046	-0.096	-0.554	-0.428	-0.611	-0.601	-0.603	-0.198	-0.881	0.253	-0.835	-0.116	0.124	-0.141	0.657	0.333	0.170
Magneto	AMB_RS19540	AMB_RS19540		hypothetical protein	0.067	-1.486	-0.077	-1.673	-1.306	-1.371	-1.709	-1.290	-1.901	-0.789	-1.277	0.482	-1.209	-1.563	-1.227	-1.392	-1.380	-1.074	-1.223	-1.836	-1.727	-1.230	-1.888	-1.729	0.285	0.815	0.370	-0.507	0.564	0.062	2.446	-0.762	0.061	-0.846	-0.291	0.820
Magneto	AMB_RS19545	AMB_RS19545		elongation factor 4	-0.578	-3.830	-0.317	-2.645	-2.758	-2.599	-3.160	-3.466	-1.210	-4.385	-0.463	-1.776	-2.164	-4.434	-3.463	-3.582	-2.490	-2.580	-3.276	-2.050	-3.619	-1.694	-1.779	-3.189	-3.029	-1.148	-2.795	-2.379	-0.646	-1.867	-1.114	-1.665	-1.737	-1.280	0.509	-1.410
Magneto	AMB_RS19550	AMB_RS19550		DUF58 domain-containing protein	-0.961	0.637	1.031	1.068	0.026	1.530	0.350	1.212	0.578	2.524	0.981	0.809	0.849	1.027	0.415	0.607	1.218	0.407	2.655	1.038	1.441	0.658	1.636	1.328	0.664	0.015	1.570	1.285	-0.090	1.449	-0.267	0.800	1.488	2.243	2.157	2.037
Magneto	AMB_RS19560	AMB_RS19560		membrane protein	0.580	-0.445	-0.524	-0.182	-1.255	-0.149	-0.134	-0.793	-1.374	-0.105	-0.463	0.457	-0.442	-0.822	1.377	-0.859	-0.279	-0.654	-0.445	0.259	-0.701	-1.227	-0.658	-0.916	0.567	0.107	0.132	0.087	0.497	0.325	-0.464	-0.036	0.187	0.126	0.764	1.507
Magneto	AMB_RS19565	AMB_RS19565		peptidase M23	-0.047	0.049	-2.588	-3.216	-2.638	-1.240	0.128	-0.918	-1.453	-4.289	-0.991	-1.694	-2.752	-1.510	-1.145	0.144	-0.855	-0.409	-2.234	-1.371	-4.218	-1.312	-1.821	-2.126	0.294	0.181	0.380	-0.128	0.340	-0.442	1.281	-0.981	-1.194	-3.601	-0.889	-1.992
Magneto	AMB_RS19580	AMB_RS19580		hypothetical protein	2.979	1.011	-0.456	-0.249	-0.308	0.091	1.314	-0.014	-1.084	1.082	-0.300	0.321	0.968	1.433	1.417	1.353	1.074	0.263	0.567	-0.900	-1.520	-0.007	-0.702	1.346	1.286	-0.073	-0.001	0.078	-0.621	-0.443	-0.307	1.537	1.429	2.197	0.016	1.323
Magneto	AMB_RS19585	AMB_RS19585		tetratricopeptide repeat protein	-0.668	1.130	0.064	0.269	0.220	0.563	0.124	0.340	0.323	0.951	0.425	0.084	0.715	0.285	0.203	0.042	-0.973	-0.025	1.151	-0.770	1.101	0.787	-0.442	0.696	-1.002	-0.900	-0.164	-1.674	-1.323	-1.229	-2.532	-0.320	0.757	-0.281	-1.005	-0.987
Magneto	AMB_RS19590	AMB_RS19590		peptidylprolyl isomerase	-1.110	1.246	-0.787	-0.715	2.015	0.964	0.478	-0.179	-0.217	-1.668	0.914	0.175	0.554	1.075	0.451	0.751	0.604	1.265	-0.645	0.029	-3.302	0.557	-1.214	0.086	0.244	0.089	0.371	-0.030	0.460	0.258	-0.356	-0.590	-0.686	0.561	-1.107	-0.137
Magneto	AMB_RS19605	AMB_RS19605		hypothetical protein	-3.521	-0.546	1.258	0.518	-0.341	0.742	1.013	0.860	1.414	0.716	-1.488	1.039	2.075	1.098	-0.001	1.254	0.639	1.761	-0.249	1.182	-0.027	0.578	1.721	0.078	-0.075	-0.445	-0.243	0.315	-0.294	0.485	0.962	-0.097	0.021	0.334	-0.755	-0.815
Magneto	AMB_RS19610	AMB_RS19610		thiol peroxidase	0.692	0.191	-1.608	-0.376	-0.979	-0.855	-0.629	1.213	-0.070	-0.354	0.474	-1.870	-0.395	-1.594	-0.681	-1.003	-1.124	-1.550	-1.695	0.366	1.604	0.259	0.217	-0.591	-0.767	-0.650	-0.037	-0.947	-0.213	-0.737	-0.571	-0.082	-0.273	-2.001	-0.073	-1.173
Magneto	AMB_RS19615	AMB_RS19615		hypothetical protein	-0.910	0.660	-0.356	-1.485	0.103	-0.986	0.443	-1.210	0.225	0.122	-0.724	-0.674	-2.053	-1.393	0.385	-0.686	0.056	-0.981	-0.214	1.090	-0.760	-0.391	-0.918	-1.701	-0.117	0.239	-0.269	0.246	0.262	0.025	0.826	-1.685	0.112	0.147	0.062	0.348
Magneto	AMB_RS19620	AMB_RS19620		HAMP domain-containing protein	-0.186	0.393	0.110	0.293	-0.147	0.857	1.312	0.383	0.610	-0.121	-0.983	0.334	0.726	0.752	0.305	0.541	1.244	0.857	0.297	0.562	0.077	0.690	0.273	-0.440	-0.847	-0.113	0.339	0.771	-0.231	0.125	0.900	-0.348	-0.046	0.168	0.686	0.396
Magneto	AMB_RS19625	AMB_RS19625		protein-glutamate O-methyltransferase CheR	0.534	-0.147	1.097	0.700	0.684	0.678	1.831	0.985	1.243	2.055	0.433	-0.232	0.881	1.032	0.201	1.996	1.174	1.924	0.917	-1.276	2.068	0.907	1.357	0.905	-0.665	-0.731	-1.386	-1.631	-1.746	-1.743	0.948	0.248	0.324	0.256	0.397	0.906
Magneto	AMB_RS19630	AMB_RS19630		chemotaxis protein CheB	0.836	1.473	-0.320	0.581	0.533	-0.165	-0.471	-0.866	-1.304	1.529	0.687	0.937	-0.743	-0.240	-0.002	-0.789	-0.564	-0.946	1.208	1.093	0.346	0.273	0.571	0.057	0.868	1.282	1.716	0.411	0.366	0.472	1.763	2.610	1.583	1.707	1.731	1.659
Magneto	AMB_RS19635	AMB_RS19635		hybrid sensor histidine kinase/response regulator	-0.441	-0.167	0.136	0.211	-0.575	-0.346	0.032	0.901	0.856	-0.536	1.758	-0.088	0.271	-0.064	-1.413	0.278	0.529	0.347	0.542	-0.808	0.052	0.235	-0.223	0.711	0.547	0.733	0.594	0.482	1.249	0.615	0.208	-0.824	-0.359	-0.762	-0.737	0.470
Magneto	AMB_RS19640	AMB_RS19640		hypothetical protein	-1.221	0.208	0.477	-0.161	-0.805	1.281	0.523	-0.317	1.019	-0.058	0.701	0.239	-0.018	-0.573	0.578	0.640	0.920	0.494	-0.210	-2.210	0.031	0.121	-0.033	-0.123	0.067	-0.312	-0.243	0.374	0.545	1.046	-0.743	-0.345	-0.882	-2.091	1.265	-0.885
Magneto	AMB_RS19645	AMB_RS19645		cAMP-binding protein	1.373	0.927	-0.934	-1.544	-2.878	-1.211	0.459	-0.824	-1.075	-1.108	0.194	-1.016	-1.787	-1.188	-2.163	-1.498	-1.112	-1.551	-0.926	-1.114	-1.391	-0.169	-2.057	-0.985	-0.022	-0.539	-0.568	-0.423	-0.613	0.025	-0.733	-0.300	-0.443	-0.873	-0.365	0.336
Magneto	AMB_RS19670	AMB_RS19670		metal-transporting ATPase	-0.109	-1.061	-0.285	-0.795	-0.106	-0.377	-0.266	0.056	-0.538	1.298	-0.744	1.630	0.072	0.933	-2.251	0.271	0.792	-0.454	1.773	1.980	1.213	0.026	-1.026	0.055	-0.535	-0.518	-0.727	-1.010	-0.746	-1.083	-0.622	-2.115	0.091	-1.821	0.172	-0.446
Magneto	AMB_RS19675	AMB_RS19675		DNA-binding response regulator	4.533	6.575	0.062	2.040	0.809	1.937	2.082	3.275	1.590	-0.545	3.480	1.905	2.445	1.853	3.407	3.337	2.754	4.914	-0.709	3.103	1.713	2.020	2.648	2.153	-0.780	0.066	-0.523	-0.029	0.165	-0.551	-0.692	-2.143	-1.207	-0.321	-0.126	-1.420
Magneto	AMB_RS19680	AMB_RS19680		DUF952 domain-containing protein	-1.890	3.171	0.025	0.160	0.071	0.439	0.526	0.858	0.334	0.766	-0.205	0.875	0.279	-0.207	0.964	1.610	0.003	1.100	-0.974	1.166	0.138	0.246	0.296	0.380	0.551	1.040	1.519	0.680	-0.176	0.973	1.241	1.258	2.185	-1.063	-1.288	-1.633
Magneto	AMB_RS19690	AMB_RS19690		TIGR01459 family HAD-type hydrolase	1.251	1.103	-0.377	0.732	-0.781	-0.566	-0.022	-1.064	0.725	0.640	-0.327	0.047	0.640	-0.961	-1.413	1.142	-0.212	-0.803	-0.131	-1.192	-0.195	-1.006	-0.898	-1.664	0.015	0.706	0.359	0.075	2.214	1.035	0.131	2.560	-0.634	-1.066	0.746	1.019
Magneto	AMB_RS19700	AMB_RS19700		DUF2336 domain-containing protein	0.530	-0.964	-0.125	0.225	-0.499	-0.194	-0.360	-0.015	0.746	0.275	2.020	-0.523	-2.285	-0.424	0.538	0.057	-0.176	-0.713	0.541	0.317	0.637	-1.209	-0.843	-0.844	0.257	0.222	0.364	0.809	-0.955	-0.083	-1.909	-0.259	0.033	1.449	-0.579	1.157
Magneto	AMB_RS19705	AMB_RS19705		GGDEF domain-containing protein	0.737	-0.384	0.117	0.851	-0.188	0.052	0.340	-0.035	0.300	0.988	0.704	0.951	0.744	0.985	0.683	0.995	0.719	-0.223	0.505	0.973	1.300	-0.129	-0.228	0.361	1.046	0.916	0.819	0.339	1.083	0.273	-0.435	-0.019	1.011	1.154	-0.509	-0.732
Magneto	AMB_RS19710	AMB_RS19710		pyrimidine 5'-nucleotidase	0.026	1.337	0.924	1.151	0.791	0.012	-0.292	0.197	0.346	0.899	-0.365	1.767	-0.488	1.008	1.673	0.742	0.762	0.251	0.459	1.024	-0.727	-0.073	1.194	0.622	-0.450	-0.823	-1.189	-1.155	-0.154	0.062	0.092	-0.562	-0.822	0.702	1.444	-0.404
Magneto	AMB_RS19715	AMB_RS19715		LysM domain-containing protein	-1.019	-0.093	-0.413	-1.268	0.538	-0.524	-0.648	-1.235	-0.390	-0.434	0.457	0.029	0.631	-0.305	0.197	-0.000	-0.346	-0.066	-0.254	0.212	-0.350	-0.217	-0.768	0.269	-0.374	-0.124	0.577	0.356	0.348	0.568	-0.848	-0.411	1.012	0.302	-0.302	0.424
Magneto	AMB_RS19720	AMB_RS19720		HAMP domain-containing protein	-1.570	0.288	0.383	0.093	-0.599	0.248	-0.176	-0.751	0.059	0.037	-0.694	0.348	-0.406	0.718	-1.158	0.099	-0.407	-1.033	0.290	0.350	-0.073	0.493	0.707	0.206	0.350	-0.076	-0.526	0.447	0.289	0.503	0.673	0.786	-0.556	1.290	-0.503	0.396
Magneto	AMB_RS19735	AMB_RS19735		HAMP domain-containing protein	-0.374	0.285	-0.061	-0.661	-0.296	-2.087	-0.164	-0.248	-0.678	-0.798	-0.926	-0.938	-0.459	-0.771	-0.954	-0.020	-1.270	0.164	-0.581	0.268	-1.263	-0.911	-0.441	0.192	0.317	0.479	0.524	-0.261	1.129	0.725	-1.133	1.027	0.320	0.069	-1.312	0.188
Magneto	AMB_RS19745	AMB_RS19745		methyl-accepting chemotaxis protein	-1.077	1.928	0.592	1.211	1.266	0.185	0.092	0.363	-0.265	0.767	1.430	0.439	1.829	0.587	0.190	-1.058	0.587	-0.032	1.571	-0.139	1.102	0.685	0.061	0.786	0.426	1.090	0.230	1.102	0.320	0.887	-0.023	-0.497	0.632	2.336	0.852	0.175
Magneto	AMB_RS19750	AMB_RS19750		3-hydroxybutyryl-CoA dehydrogenase	0.669	-0.376	0.951	-3.306	-0.007	-0.869	-0.469	-0.716	-0.356	-4.489	-2.764	-2.922	0.228	-0.170	-0.745	1.048	-0.636	-1.161	-3.051	-1.771	-2.738	-1.475	0.480	-0.638	-0.019	-0.189	1.082	1.301	0.732	0.834	-1.178	-0.043	1.118	0.160	0.754	-0.804
Magneto	AMB_RS19790	AMB_RS19790		NAD(P)-dependent oxidoreductase	-2.212	-4.450	-2.688	-5.753	-6.538	-4.843	-5.002	-5.580	-4.737	-2.941	-2.317	-2.905	-2.778	-5.393	-2.755	-5.170	-4.985	-3.977	-3.554	-2.981	-2.855	-6.686	-4.861	-5.453	-4.165	-2.977	-2.734	-4.305	-3.745	-3.879	-1.875	-2.361	-3.153	-1.383	-1.754	-3.484
Magneto	AMB_RS19795	AMB_RS19795		hypothetical protein	-0.354	0.671	-0.710	0.067	0.076	0.646	-0.108	-0.360	-1.219	-0.225	-1.260	0.297	0.255	-1.002	-0.215	0.338	-0.001	-0.640	-0.106	1.716	-0.798	0.297	-0.626	-0.256	-0.040	-0.598	-0.089	0.315	-1.067	-0.469	-0.647	-0.449	0.212	-0.179	1.020	0.081
Magneto	AMB_RS19800	AMB_RS19800		Hcp1 family type VI secretion system effector	2.583	0.402	-1.395	0.260	-0.488	-0.211	-0.025	-0.434	-0.408	0.672	0.863	0.764	0.550	-0.972	-1.180	-0.468	-0.160	-0.224	0.410	0.898	1.078	0.040	-0.108	-1.128	-0.664	0.049	-0.955	-0.593	-0.942	-0.680	0.527	-0.629	-0.644	0.734	0.450	-1.603
Magneto	AMB_RS19810	AMB_RS19810		J domain-containing protein	-1.031	-0.289	0.152	-0.752	-1.643	-1.224	0.612	0.600	0.691	-1.901	-1.344	-1.043	-0.459	-0.692	-1.163	0.484	0.390	-0.838	-2.291	-1.724	-2.068	0.082	-0.226	-0.593	1.703	1.217	0.662	0.594	1.495	1.113	-2.283	0.671	-0.176	-0.595	0.223	-0.980
Magneto	AMB_RS19825	AMB_RS19825		signal transduction histidine kinase	-1.537	-1.106	0.636	-0.026	0.112	0.667	0.416	0.529	0.624	0.083	0.099	0.467	-0.177	-0.859	0.147	-0.819	-0.135	-0.310	0.135	0.018	0.441	-0.707	-1.432	-0.093	0.054	1.153	0.528	0.303	0.764	0.873	-0.230	0.913	0.982	1.969	1.314	0.818
Magneto	AMB_RS19835	AMB_RS19835		YbjQ family protein	-0.253	-0.458	0.039	0.141	0.712	1.116	-0.572	0.268	-0.184	0.804	2.029	1.370	-0.226	0.319	-0.837	-0.511	-0.017	-0.919	0.560	2.172	1.054	0.734	0.393	-0.585	0.243	0.105	0.322	0.909	1.008	0.705	1.271	-0.062	0.490	1.761	1.307	-0.393
Magneto	AMB_RS19840	AMB_RS19840		hypothetical protein	-0.061	-1.167	-1.254	-1.025	0.091	-2.715	-1.598	-1.124	-1.009	-1.864	-2.093	0.112	-2.143	-0.473	-1.217	-1.448	-2.129	-1.466	-1.580	-1.813	-1.323	-1.866	-0.934	-1.687	-0.045	0.016	-0.140	-0.017	-0.172	-0.372	0.668	-1.806	-0.685	-1.083	0.658	0.344
Magneto	AMB_RS19845	AMB_RS19845		hypothetical protein	0.710	-0.238	0.977	-0.953	1.055	-1.227	-0.183	-0.662	0.636	-0.820	-0.588	1.030	-0.149	0.376	-0.813	-0.842	-0.018	-0.084	-0.745	0.298	-0.239	0.848	-1.411	0.319	0.312	0.177	-0.848	0.268	-0.774	0.753	-0.826	-1.449	1.292	0.702	0.986	-0.426
Magneto	AMB_RS19850	AMB_RS19850		hypothetical protein	-0.495	2.067	-0.492	0.612	-0.424	-1.553	0.155	-1.418	-1.154	-0.838	1.253	-0.440	0.140	0.179	-0.305	-1.187	-0.851	-0.282	-0.022	-0.621	-0.573	0.210	-2.348	-0.794	-0.860	-0.685	-1.097	-1.256	-1.265	-0.686	-0.146	-1.201	0.331	-0.590	-1.635	-1.023
Magneto	AMB_RS19855	AMB_RS19855		PhoH family protein	-3.778	-0.770	-1.058	0.729	-0.132	-0.294	-0.891	-0.508	-0.548	0.710	-1.414	0.909	0.538	-0.908	-0.670	-0.255	-1.095	-0.094	0.379	0.851	0.331	-1.021	-0.166	0.338	-0.995	-0.047	-0.674	-0.898	-0.561	-0.597	-0.217	0.451	0.068	0.522	0.623	0.148
Magneto	AMB_RS19860	AMB_RS19860		HlyC/CorC family transporter	-3.386	-2.386	1.030	-2.931	-2.113	-1.414	-1.977	-1.432	-2.028	-1.563	-2.192	-1.265	-1.336	-0.996	-0.806	-0.853	-1.494	-0.556	-1.814	-2.691	0.246	-2.947	-1.177	-1.230	-8.510	-8.324	-8.767	-8.499	-6.826	-7.934	-4.106	-7.302	-11.309	-8.858	-7.648	-7.442
Magneto	AMB_RS19875	AMB_RS19875		hypothetical protein	-0.341	1.419	0.101	-0.615	-0.209	-0.693	-0.755	-0.167	-0.754	-0.561	-0.715	-0.474	0.118	-0.475	-0.687	-0.074	-0.346	-1.636	-0.450	-0.509	-0.190	-1.016	-0.722	-1.300	-0.143	-0.369	0.771	0.759	0.771	0.236	0.485	-0.225	-0.769	0.730	0.364	-0.251
Magneto	AMB_RS19880	AMB_RS19880		site-specific tyrosine recombinase XerD	-1.935	-3.423	-4.761	-2.312	-2.529	-4.613	-2.290	-4.006	-3.245	-2.507	-1.140	-2.357	-3.882	-3.916	-4.674	-4.764	-2.848	-4.070	-3.986	-1.857	-3.570	-4.545	-1.927	-3.843	-4.393	-4.004	-4.638	-3.684	-3.840	-3.132	-1.920	-2.924	-2.373	-1.327	-2.011	-2.987
Magneto	AMB_RS19890	AMB_RS19890		complex I NDUFA9 subunit family protein	0.529	-1.216	0.485	0.754	0.030	1.727	1.421	0.978	0.308	0.365	0.429	-1.260	0.968	0.718	0.395	0.857	1.591	1.544	0.883	-0.110	-0.616	-0.297	0.513	1.589	-0.351	0.258	0.111	1.471	0.198	0.740	-1.454	-3.281	-2.667	-1.228	-0.944	-1.108
Magneto	AMB_RS19945	AMB_RS19945		DUF4743 domain-containing protein	2.565	0.633	0.443	0.705	-0.194	0.293	-0.148	1.041	-1.065	1.312	-0.076	-0.432	-0.583	-0.296	1.188	-1.222	0.382	0.601	-0.633	-1.124	0.331	0.072	0.474	-0.257	0.863	1.694	0.875	0.868	1.989	0.129	2.283	2.837	1.247	1.914	0.024	1.244
Magneto	AMB_RS19960	AMB_RS19960		GNAT family N-acetyltransferase	0.276	-1.481	1.142	-0.456	-0.921	1.300	-0.280	1.045	-0.004	0.146	0.349	-0.149	-0.253	0.686	1.094	1.283	0.303	0.269	0.802	-1.006	1.024	0.125	-0.340	-0.751	0.023	0.040	0.064	0.111	-0.115	0.513	1.643	0.385	-0.774	-1.311	1.277	-0.293
Magneto	AMB_RS19965	AMB_RS19965		lysine transporter LysE	-0.294	0.220	-1.699	-1.170	-0.953	-0.949	-1.602	-0.585	0.427	0.253	-0.241	0.341	-3.155	-0.777	-0.685	-1.874	-0.120	-0.072	-1.186	-1.328	-0.920	-0.232	0.017	0.168	0.168	0.265	0.209	0.670	1.573	0.794	0.270	-0.009	-1.256	-0.908	0.160	-0.458
Magneto	AMB_RS19975	AMB_RS19975		pyridoxal kinase PdxY	0.981	-1.596	0.526	0.532	0.401	1.317	0.674	0.969	-0.088	0.291	0.844	-0.610	0.330	1.115	0.613	0.941	0.266	0.893	1.245	0.712	0.221	0.543	0.331	1.072	0.988	-0.719	0.794	0.540	0.447	-0.304	0.708	1.155	2.049	0.927	-0.349	-0.324
Magneto	AMB_RS19980	AMB_RS19980		CoA ester lyase	-0.503	0.599	-1.114	-0.658	0.532	-0.565	-0.495	-0.146	-1.797	-0.571	-0.079	1.534	-0.427	-0.477	-0.455	0.286	-0.502	-0.341	0.244	0.274	1.119	0.534	0.432	-0.223	-1.654	0.162	-0.841	-0.708	-0.315	-0.226	0.668	-0.932	-1.025	0.664	-1.019	-1.413
Magneto	AMB_RS19985	AMB_RS19985		MaoC family dehydratase	-0.598	-0.109	-0.892	-0.437	1.271	0.630	0.034	0.079	0.689	-0.232	-0.720	0.416	0.464	0.291	0.296	-0.302	-0.362	0.885	0.191	0.966	0.808	0.038	0.025	-0.258	-0.239	-0.211	0.829	-0.586	0.327	-0.121	1.062	0.169	-0.919	1.092	-0.210	1.087
Magneto	AMB_RS20015	AMB_RS20015		exopolyphosphatase	-0.222	-5.362	3.515	-1.861	-2.965	-3.830	-2.429	-2.441	-2.466	-1.940	0.118	-1.389	-3.379	-3.737	-3.140	-4.427	-3.228	-3.811	-3.857	-3.207	-4.706	-4.985	-3.020	-3.792	1.824	2.379	2.961	2.301	3.055	2.057	-1.132	-3.977	-2.486	-3.501	-0.960	-3.244
Magneto	AMB_RS20020	AMB_RS20020		cell division protein ZapE	1.042	0.076	-0.853	-0.567	-0.742	-0.660	-1.880	-1.570	-1.182	-2.526	0.375	-0.881	-1.415	-1.256	-1.644	-1.993	-1.202	-1.964	-1.568	-1.594	-0.527	-1.719	-1.002	-1.136	-1.002	-0.191	-1.092	0.001	-0.624	-0.560	0.022	-1.061	-0.718	-0.050	-1.006	-0.729
Magneto	AMB_RS20055	AMB_RS20055		MerR family transcriptional regulator	-0.991	-0.014	-0.583	-2.084	-0.222	-0.482	-0.151	-1.014	-1.184	-1.108	-0.314	-0.653	-0.984	-1.650	-2.142	-1.878	-0.552	-0.170	-1.064	-0.764	-1.257	-1.630	-1.878	-2.086	0.036	1.418	-0.012	0.432	1.880	1.231	0.725	0.069	2.267	1.182	0.668	1.021
Magneto	AMB_RS20060	AMB_RS20060		4-carboxymuconolactone decarboxylase	-0.701	-0.367	-0.366	1.056	0.256	0.878	0.504	0.768	0.250	0.439	0.668	0.060	0.352	-0.646	0.178	0.580	1.527	0.243	0.156	1.231	0.041	0.692	-0.529	0.834	0.335	-0.155	0.366	-0.445	-0.052	-0.264	-0.189	-1.849	0.687	-0.670	-0.911	-1.607
Magneto	AMB_RS20065	AMB_RS20065		hemerythrin	2.658	-2.881	0.200	0.956	0.180	-0.265	-0.318	-0.352	0.028	-0.718	0.207	-0.326	0.428	0.090	0.060	-0.840	-0.062	0.496	-0.302	-0.901	-0.397	1.299	-0.457	-0.453	0.019	-0.080	-0.245	-0.100	-0.668	0.393	-0.139	1.793	-1.219	-0.616	-0.844	0.610
Magneto	AMB_RS20070	AMB_RS20070		MFS transporter	-0.217	0.751	-0.279	-0.427	-0.204	0.700	-0.423	-1.362	-1.771	0.306	0.486	0.342	-0.136	-0.389	-0.038	-0.943	-1.095	-1.631	-0.057	-0.251	0.280	0.057	-1.357	-0.357	0.096	-0.371	0.241	-0.246	-0.470	0.201	0.398	0.005	0.291	-0.336	0.477	-1.017
Magneto	AMB_RS20085	AMB_RS20085		polyphosphate:AMP phosphotransferase	0.788	0.189	0.594	-0.680	0.470	0.470	-0.001	0.321	0.202	0.460	-1.136	0.327	1.951	-0.581	0.751	-0.145	0.889	0.266	0.190	-0.957	1.086	0.237	0.308	-0.340	-1.025	-1.263	-0.660	-1.009	-0.978	-1.641	0.105	0.349	-1.012	-0.830	-0.322	-0.512
Magneto	AMB_RS20090	AMB_RS20090		methyl-accepting chemotaxis protein	2.480	0.720	0.588	-0.242	0.316	-0.149	0.630	1.266	1.269	0.122	2.257	-0.801	0.115	-0.103	0.301	0.545	-0.101	0.782	0.639	0.758	-0.037	0.044	-0.459	0.687	-0.673	-0.940	-0.166	-0.625	-1.289	-0.996	1.080	0.828	1.233	1.856	0.532	0.590
Magneto	AMB_RS20120	AMB_RS20120		VOC family protein	1.732	-1.297	-2.702	-2.769	-2.825	-2.214	-2.377	-2.598	-2.783	-1.748	-1.339	-1.840	-1.900	-4.732	-3.578	-3.566	-2.962	-2.687	-2.896	-1.574	-1.905	-3.743	-2.877	-4.285	-2.371	-0.864	-1.638	-1.463	-1.500	-1.646	-0.666	-1.495	-1.036	0.475	-0.897	-0.601
Magneto	AMB_RS20125	AMB_RS20125		CoA ester lyase	0.499	-0.349	0.291	-0.239	0.623	0.398	0.333	0.506	-0.003	0.499	0.641	-0.554	0.051	0.992	-0.388	0.608	0.052	0.726	-0.512	0.158	0.397	0.132	0.566	0.465	-1.632	-0.629	-1.188	-0.514	-0.568	-1.006	-1.750	-0.784	-0.517	0.185	-0.321	-0.078
Magneto	AMB_RS20130	AMB_RS20130		hypothetical protein	1.946	0.930	-1.134	-0.439	0.653	0.293	-0.311	-0.731	-0.679	0.089	-0.247	-0.458	0.735	-0.512	-0.913	-0.324	0.128	0.340	-0.752	-0.990	1.040	-0.213	-0.969	0.066	-0.345	-0.337	-0.309	0.537	0.492	-0.094	0.535	0.094	-1.203	-1.457	-0.598	1.053
Magneto	AMB_RS20135	AMB_RS20135		GAF domain-containing protein	-1.928	-1.584	-1.738	0.002	0.149	-0.836	-0.449	0.731	0.055	-0.764	0.005	0.006	-1.709	-0.110	-0.335	-0.996	0.579	0.758	0.274	1.172	0.309	-1.278	0.441	-0.042	-1.737	-0.389	-0.950	-0.566	-0.976	-0.615	0.484	-1.103	-1.330	-0.143	0.883	-0.620
Magneto	AMB_RS20140	AMB_RS20140		gamma-glutamylcyclotransferase	1.902	0.281	-0.856	-1.137	-0.407	-0.758	-0.548	0.316	-0.794	-0.595	-0.425	0.937	1.071	-0.368	0.083	-0.271	-0.591	0.298	-0.004	-1.144	0.173	-0.537	-0.012	0.621	0.376	0.779	0.347	1.151	2.418	1.497	-0.345	0.398	0.020	1.208	1.907	1.529
Magneto	AMB_RS20145	AMB_RS20145		chromosome segregation ATPase	0.524	-0.729	-0.114	0.188	0.488	-0.417	0.748	-0.355	-2.271	-2.116	-0.697	0.262	-0.438	0.655	-1.580	-1.412	-0.425	0.904	-1.052	-0.536	-0.011	-0.726	-1.224	-1.417	-1.299	-1.196	-1.253	-1.146	-1.262	-1.256	-0.553	-0.929	-0.831	-0.667	-0.741	-0.963
Magneto	AMB_RS20165	AMB_RS20165		A/G-specific adenine glycosylase	-0.178	-0.564	0.187	-0.224	2.121	0.835	0.093	0.375	0.699	0.654	0.865	-0.145	-1.272	0.270	0.911	0.066	1.730	0.014	0.826	1.341	1.314	1.004	0.808	-1.097	-0.488	0.744	0.390	0.970	1.215	1.841	-0.279	-0.808	0.213	-0.445	0.860	0.456
Magneto	AMB_RS20170	AMB_RS20170		hypothetical protein	-0.614	0.261	-0.181	-1.157	-0.730	-0.256	-0.616	-0.009	-0.414	-0.110	0.253	-0.396	-0.085	0.122	0.257	-1.281	0.405	-0.007	0.709	-0.676	-0.267	-1.099	-0.573	0.198	0.624	-1.157	-0.345	-0.317	0.160	-0.102	1.281	-0.854	0.101	-0.068	-0.660	0.236
Magneto	AMB_RS20175	AMB_RS20175		lysozyme	3.539	1.144	-1.212	-1.318	0.005	-1.396	-0.493	-0.404	-1.205	-0.210	-1.166	-0.639	-2.191	-1.443	-1.728	0.352	0.295	0.497	-1.022	-1.401	-0.783	-0.702	-0.748	-2.000	-0.456	0.249	-0.323	1.149	1.976	1.135	2.231	0.575	2.135	0.355	0.105	2.393
Magneto	AMB_RS20180	AMB_RS20180		hypothetical protein	-0.146	1.685	0.076	-0.570	0.061	0.404	-0.511	-0.994	-0.183	0.228	-0.347	-0.672	0.025	-0.129	0.420	0.757	0.273	0.288	0.053	0.366	0.144	0.123	-0.262	0.286	-0.043	-0.396	-0.197	-0.470	-0.093	-0.212	0.596	-0.693	0.038	0.361	-0.685	-0.034
Magneto	AMB_RS20190	AMB_RS20190		ribonuclease HII	1.119	-0.428	-0.639	-1.188	-1.354	-0.881	-0.466	-1.854	-0.759	-2.188	-0.345	-0.980	-1.586	-0.885	-0.866	-0.597	-1.033	0.577	0.048	2.013	-1.254	-0.595	-0.702	-1.794	-0.385	-1.056	-0.985	-0.819	-0.571	-0.682	2.002	-0.952	-0.510	-0.718	1.400	-0.971
Magneto	AMB_RS20195	AMB_RS20195		iron transporter MagA	-0.011	-1.473	-0.072	0.298	0.083	-1.151	0.850	0.891	-0.025	-0.544	0.425	0.445	1.521	-0.080	0.432	-0.425	-0.051	1.034	0.087	1.262	-0.754	1.053	0.654	-0.182	-1.234	-0.602	-1.441	-1.128	-0.221	-0.240	0.514	-0.742	-0.758	-0.241	-0.528	-1.016
Magneto	AMB_RS20200	AMB_RS20200		methyl-accepting chemotaxis protein	0.305	0.791	-0.589	-0.301	-1.033	-0.123	0.113	0.772	0.542	-0.842	-0.858	-2.345	-0.123	0.040	-0.078	-0.472	-0.769	0.283	0.056	-1.116	0.092	-0.037	-0.613	-0.112	0.352	-0.367	-0.568	-0.326	-0.316	-0.596	-1.918	0.816	-0.627	0.691	-0.409	-0.559
Magneto	AMB_RS20230	AMB_RS20230		pirin family protein	0.198	0.579	0.591	-0.905	0.012	0.301	0.271	-0.803	-0.674	1.042	0.099	0.597	0.348	-0.678	0.268	-0.442	0.079	0.715	1.448	0.592	0.593	0.897	-0.214	-0.153	-0.360	-0.275	0.491	-0.795	-0.258	-0.551	1.600	-0.202	0.176	0.407	1.756	1.410
Magneto	AMB_RS20235	AMB_RS20235		HlyD family secretion protein	-0.556	0.578	-0.217	-0.107	-1.151	-0.263	-0.634	0.316	0.051	1.395	1.676	1.200	0.240	-0.994	-0.336	0.122	0.238	0.477	0.997	0.513	0.286	-1.214	0.200	-0.170	-0.221	0.679	1.264	-0.480	-0.371	-0.278	0.878	1.427	1.418	0.676	1.143	0.294
Magneto	AMB_RS20240	AMB_RS20240		MFS transporter	-2.591	-1.036	0.042	-0.789	-0.015	0.286	0.556	0.472	0.500	-0.342	-0.301	1.479	0.706	-0.075	-0.604	0.297	0.444	0.246	0.137	-0.486	0.001	-0.157	0.029	0.459	-0.588	0.379	-0.234	-0.822	-1.192	-0.273	-0.973	-0.209	0.988	-0.523	0.987	-0.159
Magneto	AMB_RS20245	AMB_RS20245		sensor domain-containing diguanylate cyclase	-0.208	0.126	0.028	-0.546	-0.613	-0.328	-1.059	-0.397	-0.053	0.063	0.720	0.104	-0.622	-1.868	-0.952	-0.250	0.408	0.683	-0.898	0.343	-1.323	-1.074	-0.528	0.289	-1.155	0.418	-1.121	-0.080	-0.369	-0.710	-0.061	-0.490	-0.297	-2.129	-0.615	-0.780
Magneto	AMB_RS20280	AMB_RS20280		glutamate synthase	-0.599	0.186	-1.014	-0.098	-0.453	-0.938	-0.680	-0.633	-0.184	-1.149	-1.595	-1.231	-1.053	-0.570	-0.441	0.106	1.082	-0.795	-0.798	-0.761	-0.244	-0.599	-0.506	-1.082	-0.361	-0.601	-0.486	-0.266	-0.805	-0.646	1.157	-0.901	-1.415	0.215	-0.778	-0.187
Magneto	AMB_RS20285	AMB_RS20285		methyl-accepting chemotaxis protein	-2.333	0.846	0.748	0.861	0.813	0.531	0.322	0.790	-0.777	0.647	1.516	0.042	1.692	0.562	1.792	0.440	0.710	-0.140	0.950	0.733	0.535	0.839	1.297	-0.521	0.405	-0.033	-0.334	0.068	-0.910	-0.053	0.878	0.668	0.467	-1.748	1.332	-0.597
Magneto	AMB_RS20290	AMB_RS20290		PAS domain S-box protein	0.302	-1.365	-0.519	-1.313	-1.477	-0.698	-0.977	-1.137	-1.616	-0.681	-0.483	-1.425	-0.601	-1.096	-0.928	-0.385	-0.167	-0.086	-1.405	-2.229	-1.525	-1.673	0.279	-0.544	-2.539	-0.689	-1.193	-0.989	-0.862	-1.744	-1.713	-1.808	-1.135	-2.319	-2.594	-1.412
Magneto	AMB_RS20310	AMB_RS20310		PAS domain S-box protein	-0.778	1.867	-0.625	-1.117	-0.112	-0.482	-0.408	-0.073	-0.965	-1.264	-0.469	-0.248	0.112	-0.809	-0.227	0.481	-1.228	-0.442	-0.613	0.479	-0.615	0.056	-0.684	-0.020	0.632	1.134	0.444	0.009	1.302	0.946	1.074	0.176	-0.625	-0.312	0.271	0.845
Magneto	AMB_RS20320	AMB_RS20320		hybrid sensor histidine kinase/response regulator	-0.889	0.937	0.582	-0.355	0.374	1.516	1.984	0.951	0.534	0.923	0.439	-0.687	1.894	0.439	0.154	0.783	0.706	0.614	0.718	1.508	0.604	-0.075	1.458	0.310	0.126	0.546	-0.688	0.632	0.517	-1.083	-1.385	-0.081	-0.068	-0.467	-0.028	-0.710
Magneto	AMB_RS20325	AMB_RS20325		flavodoxin family protein	-1.516	2.263	0.480	-0.460	1.097	-1.203	-0.685	0.519	0.770	-0.717	0.440	-0.099	-0.481	1.227	1.017	-0.670	-0.824	0.338	0.982	-1.441	0.098	0.149	0.894	0.675	0.095	-0.593	0.589	0.377	-0.073	0.127	1.107	-0.621	-0.605	-0.602	0.399	0.690
Magneto	AMB_RS20335	AMB_RS20335		SAM-dependent methyltransferase	0.434	0.002	0.380	0.509	0.551	1.091	-0.639	1.393	-0.139	0.026	0.606	-1.220	1.077	0.292	0.780	0.260	0.260	0.854	0.366	0.811	1.039	0.264	0.859	-0.382	-0.237	0.994	0.338	1.539	1.064	0.396	0.186	-0.153	0.132	0.214	1.879	-0.157
Magneto	AMB_RS20345	AMB_RS20345		7-cyano-7-deazaguanine synthase	-0.159	-1.641	0.826	-0.414	0.771	-0.656	-0.529	-0.218	0.975	-0.920	-0.359	-1.545	-0.273	-0.543	-0.325	-0.261	-0.318	0.817	-1.180	-1.286	-0.733	-0.386	0.409	1.708	0.645	1.055	0.676	1.200	1.988	-0.193	0.103	1.104	-0.491	0.756	0.283	0.919
Magneto	AMB_RS20350	AMB_RS20350		aspartate 1-decarboxylase	-3.200	-10.742	-4.522	-4.565	-4.693	-4.817	-4.204	-5.258	-4.956	-3.874	-2.388	-3.742	-4.594	-5.711	-4.658	-4.436	-4.955	-4.243	-4.060	-3.077	-3.977	-4.756	-3.548	-4.224	-13.412	-13.132	-12.970	-13.766	-12.539	-14.280	-9.806	-12.190	-8.628	-10.607	-8.954	-11.775
Magneto	AMB_RS20375	AMB_RS20375		hypothetical protein	-1.033	-0.327	-0.056	0.030	-0.089	-0.854	-0.331	0.378	-0.854	0.167	1.094	-0.411	0.175	-1.495	0.917	0.424	1.008	-1.226	-1.558	0.230	-0.971	0.154	-0.480	-0.196	-0.913	-0.450	-0.615	-0.903	-0.021	0.562	-1.922	-0.883	-2.379	1.393	-1.209	-0.013
Magneto	AMB_RS20385	AMB_RS20385		hypothetical protein	-1.559	0.684	0.012	0.829	1.133	0.074	2.183	0.547	0.697	1.129	0.243	2.439	0.735	0.594	-0.043	0.742	-0.021	0.710	1.547	-0.147	0.974	0.339	0.268	0.430	-1.537	-1.450	-1.386	-1.504	-1.983	-1.659	-2.335	-1.237	-1.622	-1.750	-2.310	-1.924
Magneto	AMB_RS20395	AMB_RS20395		hypothetical protein	-3.710	0.190	-0.328	-0.459	-0.721	0.200	0.294	0.162	-0.526	0.071	0.070	0.807	0.387	-0.040	0.597	0.603	0.405	0.229	-0.347	0.805	-0.731	0.132	-0.301	0.459	-0.656	-0.182	-0.131	-0.580	-0.173	-0.471	-0.647	-1.633	-0.569	-1.717	-0.318	-0.788
Magneto	AMB_RS20400	AMB_RS20400		hypothetical protein	-0.243	1.495	1.211	0.983	0.141	1.201	1.035	0.556	0.675	0.568	0.314	2.413	0.310	1.375	0.819	0.621	0.299	0.586	1.570	2.567	1.006	0.804	1.422	1.339	-0.850	-0.401	-0.845	-1.585	-1.164	-0.764	-0.245	-1.037	-0.551	-0.393	0.260	-0.777
Magneto	AMB_RS20405	AMB_RS20405		ATPase	-0.271	3.041	0.448	0.916	-0.009	0.332	0.230	-0.698	0.590	0.253	0.244	-0.502	0.817	0.435	1.088	-0.037	-0.001	0.284	0.127	-0.091	0.730	0.244	0.082	0.048	-0.314	-0.709	-0.546	-0.172	-0.036	-0.687	0.077	-0.346	-1.350	0.673	-0.176	-0.319
Magneto	AMB_RS20410	AMB_RS20410		DNA polymerase beta	-1.845	1.343	-0.516	1.269	-0.532	0.379	-0.335	-0.624	0.191	0.596	0.470	0.601	1.063	1.043	0.500	-0.717	1.241	-0.049	0.788	1.399	1.553	1.509	0.866	-0.120	-0.811	-1.317	-0.468	-1.094	-0.789	-0.506	-0.802	0.284	-1.015	-0.427	-0.089	0.032
Magneto	AMB_RS20425	AMB_RS20425		hypothetical protein	0.622	0.155	-1.438	-1.473	-0.996	-0.006	-1.176	-0.769	-1.488	-0.372	-1.296	-0.930	-0.150	-0.519	-0.811	-0.525	-1.638	-0.513	-1.105	-0.303	-0.051	-1.104	-2.332	-2.433	-0.472	-0.402	-1.000	-0.767	-0.950	-0.602	-0.398	-0.454	-2.123	-0.747	-0.672	-1.315
Magneto	AMB_RS20430	AMB_RS20430		helix-turn-helix domain-containing protein	2.539	-0.451	0.447	1.071	0.967	0.813	1.627	0.969	0.788	1.045	1.383	0.640	1.810	0.291	0.117	0.733	0.390	0.574	0.255	0.846	-1.527	0.508	0.577	1.327	-0.002	-1.519	-0.539	-0.167	0.293	-0.349	-0.443	0.150	-1.273	1.082	2.132	1.695
Magneto	AMB_RS20435	AMB_RS20435		DUF4102 domain-containing protein	3.670	0.361	0.222	0.142	-0.229	0.145	0.506	0.859	0.751	0.459	0.988	-0.054	1.089	0.917	0.215	0.673	-0.249	-0.625	-0.001	-0.000	-0.839	-0.636	0.056	0.217	-0.432	0.028	-0.389	-0.627	-0.788	-0.203	1.082	0.633	0.538	1.199	1.619	1.211
Magneto	AMB_RS20440	AMB_RS20440		hypothetical protein	-0.717	-1.606	2.312	1.214	1.187	0.786	1.385	0.682	1.185	0.830	0.766	1.055	2.216	2.457	1.178	1.039	2.642	1.850	0.619	2.539	0.212	2.180	0.812	0.525	0.341	-0.488	-0.671	-1.002	-0.818	-0.485	0.832	0.186	-2.010	-0.041	-0.419	-0.079
Magneto	AMB_RS20445	AMB_RS20445		resolvase	1.080	-0.945	-0.185	0.130	-0.096	-1.005	-0.431	-0.351	0.131	-0.927	1.123	0.260	-2.126	-0.766	0.124	-0.936	-0.408	0.528	0.736	0.131	-1.328	-2.144	-1.699	0.331	-0.951	0.228	0.408	0.497	-0.520	0.297	1.289	1.120	1.194	-0.215	0.074	1.039
Magneto	AMB_RS20450	AMB_RS20450		hypothetical protein	-0.798	0.745	0.058	0.737	1.021	0.794	-0.065	1.513	0.593	1.342	0.326	0.918	1.503	0.076	1.671	-0.478	0.995	0.933	1.260	-0.522	1.380	0.917	0.701	0.824	1.143	0.844	1.171	0.624	0.514	1.188	0.125	0.515	-0.292	1.787	0.952	0.886
Magneto	AMB_RS20455	AMB_RS20455		hypothetical protein	-1.098	0.159	-0.740	0.131	0.625	-0.092	-1.141	-0.461	0.535	0.197	0.783	-1.515	-0.031	-1.258	-0.795	-0.750	-0.605	-1.065	-0.862	-0.171	-0.314	-0.733	-0.559	0.103	0.074	0.432	0.711	-0.379	0.462	0.966	0.991	1.147	-0.613	-0.057	-1.777	-0.366
Magneto	AMB_RS20460	AMB_RS20460		hypothetical protein	1.361	-0.665	1.350	1.139	0.541	-0.705	0.436	0.491	0.461	0.026	1.030	-0.244	-0.492	0.082	0.053	0.636	0.200	0.172	-0.277	-0.578	0.706	-0.715	0.248	-0.499	-0.602	-1.024	-1.313	-0.358	-1.181	-0.561	0.981	0.282	-0.241	-2.338	-0.765	-0.591
Magneto	AMB_RS20465	AMB_RS20465		hypothetical protein	0.570	-1.423	-0.425	-0.327	0.426	0.171	0.390	0.205	0.515	0.199	-0.636	0.767	0.708	0.809	0.179	-0.360	-0.043	-0.401	0.674	-0.063	0.293	-0.950	0.013	-0.036	0.212	0.661	0.307	0.092	1.213	0.331	0.330	0.520	-0.692	1.245	2.664	-0.111
Magneto	AMB_RS20470	AMB_RS20470		hypothetical protein	1.085	0.409	0.090	1.109	0.173	0.677	0.270	-0.206	-0.059	0.970	1.342	0.936	-0.053	0.079	0.785	-0.757	0.435	-1.525	1.808	-0.367	1.919	0.068	-0.658	-0.605	-1.600	-1.474	-1.078	-1.171	-1.806	-2.057	-1.282	-0.964	-1.365	-0.990	-1.115	-0.724
Magneto	AMB_RS20480	AMB_RS20480		hypothetical protein	-0.533	0.654	0.487	0.262	1.361	1.364	-0.022	-0.559	0.371	1.512	2.545	1.426	0.030	0.251	1.234	-1.184	-0.553	-0.289	1.910	1.974	1.797	1.262	0.539	-0.628	-0.506	-0.507	-0.717	-0.095	-0.606	-0.877	0.351	-0.481	-1.395	-1.653	-0.360	0.927
Magneto	AMB_RS20495	AMB_RS20495		helix-turn-helix domain-containing protein	-0.379	-0.281	0.434	0.895	0.358	0.857	1.160	1.172	1.269	1.877	0.663	1.650	0.928	1.325	0.811	1.173	1.498	0.789	1.005	0.729	-1.144	1.909	0.775	0.261	-0.626	-0.236	0.811	-0.364	-0.268	0.909	-1.129	0.360	0.182	-0.000	0.488	0.017
Magneto	AMB_RS20510	AMB_RS20510		HlyD family type I secretion periplasmic adaptor subunit	0.126	0.749	-0.181	-0.424	0.257	-0.335	-0.035	0.240	-0.153	-0.790	0.876	-0.167	-0.135	-0.253	0.051	-0.168	0.001	0.076	-1.326	0.104	-0.154	-0.143	0.313	-0.358	0.087	1.556	1.521	1.630	1.243	1.440	3.658	1.031	-0.041	2.037	1.216	0.523
Magneto	AMB_RS20515	AMB_RS20515		ABC protease/lipase transporter ATPase/permease	-0.972	-0.520	0.852	0.266	-0.996	0.299	0.953	0.611	0.807	0.467	-0.372	1.445	0.455	1.035	-0.230	0.580	-0.016	1.310	0.612	0.698	0.066	0.654	0.649	0.484	0.674	0.622	0.620	0.553	0.612	0.877	-0.927	0.840	-0.011	0.526	2.059	1.433
Magneto	AMB_RS20520	AMB_RS20520		outer membrane protein	2.473	-2.344	0.361	0.704	-0.267	0.807	-0.139	1.234	0.508	-0.274	1.358	-0.115	-0.610	0.636	-0.344	0.322	0.271	0.605	-0.303	-0.942	0.227	0.942	0.781	1.142	-0.809	-0.846	-0.849	-0.194	0.023	-0.308	-0.009	-0.884	-1.134	-0.127	0.712	0.135
Magneto	AMB_RS20525	AMB_RS20525		adenylate/guanylate cyclase domain-containing protein	1.237	-0.100	-0.157	-1.084	-1.185	-0.090	-0.164	0.280	0.217	-1.329	-0.207	-0.484	0.548	-0.470	-0.829	-0.886	-0.862	-0.018	-1.252	0.380	-1.029	-0.496	-0.314	0.140	-0.643	-0.429	-0.417	0.098	-0.336	-0.321	-0.560	-1.436	-0.056	-0.008	-0.871	-0.157
Magneto	AMB_RS20530	AMB_RS20530		ATP-dependent helicase	0.382	-0.286	-0.418	-0.131	-0.720	0.239	-0.064	-0.296	-0.047	0.313	-0.776	-2.013	0.102	0.536	-0.002	0.285	-0.114	0.098	-1.205	-1.302	-0.665	-0.283	0.439	0.834	-0.690	0.065	0.130	-0.345	-0.401	-0.688	-0.422	0.343	0.033	1.151	-1.859	-0.296
Magneto	AMB_RS20585	AMB_RS20585		DNA-binding protein	-0.421	-3.614	0.882	-1.524	-2.416	-0.483	-1.019	-1.395	-0.660	0.715	0.875	-0.129	-0.895	-0.588	-0.857	-0.776	-1.324	-0.640	-0.613	1.371	1.630	-0.727	1.100	-0.078	-1.092	-0.801	-1.701	-1.089	-0.329	-1.237	-0.517	-0.112	0.223	-0.947	-0.885	0.133
Magneto	AMB_RS20595	AMB_RS20595		ribosome maturation factor	-0.788	-0.819	-0.734	-1.292	-0.710	-1.481	-0.262	-0.485	1.179	-2.269	-0.549	-2.925	-0.502	-0.943	-0.993	0.896	-0.435	-0.239	-1.802	-0.354	-2.411	0.073	-1.087	0.356	1.052	-0.029	0.460	1.778	0.348	0.385	0.012	-0.260	-1.201	-1.792	-1.292	-1.266
Magneto	AMB_RS20600	AMB_RS20600		6-phosphofructokinase	-0.518	1.250	-0.110	-0.650	-0.943	-0.222	-0.883	-0.549	-0.978	0.417	-0.414	-0.387	0.079	0.142	0.154	-0.368	-0.086	-0.195	-0.593	-0.135	-0.122	-0.248	-0.482	-0.922	0.010	1.000	-0.015	0.089	0.162	0.199	-0.965	-0.021	-0.031	0.548	1.125	-0.003
Magneto	AMB_RS20610	AMB_RS20610		methyl-accepting chemotaxis protein	0.640	0.989	-0.097	-0.758	0.136	-0.077	-0.878	-0.525	-0.759	-0.939	-0.051	-1.245	0.290	-0.590	-1.053	-0.699	-1.078	-0.886	-0.162	-0.481	-1.505	0.682	-0.179	0.458	-0.909	-0.673	-1.120	-0.797	-0.571	-0.002	1.129	0.298	0.243	-0.199	0.220	-1.165
Magneto	AMB_RS20635	AMB_RS20635		N-acetylmuramoyl-L-alanine amidase	2.784	1.292	0.514	0.955	0.357	0.780	1.878	0.942	0.534	1.130	1.027	1.218	-0.079	0.561	0.914	2.208	-0.762	-0.038	1.025	0.437	1.482	0.204	1.160	0.192	0.616	0.335	-0.029	0.066	-0.094	0.997	-0.515	0.982	0.953	1.123	1.469	0.731
Magneto	AMB_RS20655	AMB_RS20655		23S rRNA (pseudouridine(1915)-N(3))-methyltransferase RlmH	0.043	1.042	0.642	3.753	1.884	1.673	1.371	1.091	-0.125	2.067	-0.535	1.485	2.245	1.461	0.836	1.003	0.265	0.997	2.027	2.177	1.007	2.195	1.247	2.159	1.264	0.387	0.375	0.272	-0.057	-0.460	0.666	-0.010	-0.436	-0.160	-0.092	0.914
Magneto	AMB_RS20660	AMB_RS20660		hypothetical protein	0.074	1.557	0.320	1.481	0.776	0.755	0.927	0.920	-0.983	-0.298	-1.082	0.966	0.362	0.502	-0.415	-0.553	0.240	0.698	0.412	1.409	-0.020	-0.200	0.835	1.098	-0.031	-0.344	0.238	0.398	0.371	1.256	-0.215	-0.586	0.509	-0.433	-0.358	0.054
Magneto	AMB_RS20665	AMB_RS20665		class I SAM-dependent methyltransferase	1.120	-0.943	-1.753	0.477	-2.015	-0.461	-0.461	-1.424	-1.027	-0.249	1.657	-1.017	-1.093	-0.480	-0.852	-0.012	-1.109	-0.269	-0.747	-0.619	-1.035	0.243	-1.013	-0.274	-0.608	-1.220	0.341	-0.649	-0.880	-0.336	-0.474	-0.812	-0.765	-0.585	-0.566	-0.667
Magneto	AMB_RS20670	AMB_RS20670		tRNA (cytidine(34)-2'-O)-methyltransferase	-1.288	0.502	0.948	-0.600	1.545	0.407	-0.436	1.013	0.151	-0.244	-1.192	0.542	-0.028	-0.064	0.128	-0.309	0.003	0.438	0.235	0.136	0.943	0.275	0.298	0.522	0.213	0.658	0.272	-0.030	-0.086	0.090	-0.488	-0.523	0.931	-0.963	-0.228	0.343
Magneto	AMB_RS20710	AMB_RS20710		hypothetical protein	-1.178	1.034	-0.962	-0.378	-0.958	-1.643	0.075	0.560	-0.598	0.509	0.627	-1.787	-0.736	1.526	-0.380	0.488	-0.426	0.717	-1.088	-0.420	-1.315	-0.908	1.129	-0.608	0.710	1.595	0.587	0.485	1.374	0.361	1.060	2.090	1.135	2.478	0.710	1.006
Magneto	AMB_RS20715	AMB_RS20715		hypothetical protein	0.693	-0.379	0.575	0.525	-0.239	0.434	0.145	0.549	-0.068	-0.147	-0.720	1.161	-0.040	0.635	-0.358	0.583	1.403	1.434	0.117	-0.856	0.615	-0.594	0.955	0.387	0.227	0.397	0.003	1.036	1.550	1.295	-1.605	-1.145	1.379	0.884	-0.110	-0.243
Magneto	AMB_RS20720	AMB_RS20720		nucleoside:proton symporter	0.562	-0.428	0.222	0.512	0.565	-0.228	0.355	0.328	-0.537	0.247	-0.204	-0.002	-0.085	0.315	-0.042	-0.233	0.121	0.650	0.173	0.744	1.414	1.149	1.067	0.033	-0.052	0.138	-0.019	-0.069	0.421	-1.397	1.887	-0.187	-1.445	-0.273	-0.162	0.007
Magneto	AMB_RS20725	AMB_RS20725		diguanylate cyclase	-0.339	0.725	-0.105	-0.194	-0.862	-0.583	-0.661	-0.171	-0.543	0.747	-1.087	0.873	-0.286	-0.923	-0.378	-0.973	-0.039	-0.758	-0.195	0.628	-0.111	0.289	-0.295	0.111	-0.203	-0.595	-0.491	-1.094	-0.483	-0.409	0.945	0.548	0.398	0.596	1.568	1.329
Magneto	AMB_RS20730	AMB_RS20730		response regulator	-0.963	-0.589	-1.428	-1.601	-0.847	-0.407	-0.047	-0.203	0.254	-0.355	-0.843	-0.339	-0.853	-2.066	-0.171	-0.499	0.519	-0.724	-1.157	-0.175	-0.561	0.347	0.676	0.030	-0.670	-0.109	-0.308	-0.285	0.304	-0.028	0.921	-0.848	-0.733	0.127	-0.778	-0.519
Magneto	AMB_RS20735	AMB_RS20735		hypothetical protein	-2.378	0.646	-1.828	-0.705	-0.972	-1.396	-0.478	-0.587	-1.127	-1.035	-2.152	-1.768	-0.847	-0.680	-2.046	-1.185	-0.018	1.196	-1.250	0.049	-1.562	-0.246	-0.068	-0.236	-1.807	-1.135	-0.166	-0.567	-0.001	0.596	-1.389	1.259	-0.835	0.048	-0.756	-0.382
Magneto	AMB_RS20740	AMB_RS20740		hypothetical protein	-1.232	-0.772	0.454	0.508	0.542	0.586	0.878	1.665	0.900	-9.567	-5.000	-9.482	0.915	0.310	0.090	1.436	1.049	1.378	-6.713	-3.788	-3.574	0.470	1.091	0.684	-0.781	0.279	0.645	0.848	0.358	0.813	-3.968	-5.192	-5.771	0.261	-0.935	-1.638
Magneto	AMB_RS20750	AMB_RS20750		YbaB/EbfC family nucleoid-associated protein	-1.555	-2.128	0.699	-5.648	-3.731	-4.676	-8.136	-8.423	-9.441	6.195	3.884	6.897	-3.675	-4.571	-6.094	-5.635	-5.525	-7.133	5.310	4.876	4.448	-3.183	-4.705	-2.808	-5.916	-7.098	-4.890	-7.617	-6.154	-4.605	2.616	4.329	4.111	4.540	5.979	2.625
Magneto	AMB_RS20755	AMB_RS20755		recombination protein RecR	0.372	-0.339	-0.620	0.573	-1.046	0.751	0.571	-0.099	-0.758	0.607	-1.661	1.533	-0.887	-1.536	-0.268	-0.890	-1.043	-0.318	0.357	-0.389	-0.484	-0.330	-0.585	0.238	-1.016	-0.349	-0.637	-1.276	-0.568	-0.754	-0.297	-0.906	0.271	0.022	-0.135	-1.152
Magneto	AMB_RS20760	AMB_RS20760		glutathione S-transferase	-0.984	-0.572	-1.718	0.678	0.626	-0.546	-0.543	-0.704	0.099	-1.024	0.752	0.566	-0.901	-0.901	-0.169	-0.915	0.326	-1.040	-0.783	-1.864	-2.032	-1.675	-0.817	-0.948	-2.490	-0.840	-0.303	-1.040	-0.952	-1.572	-1.059	-1.500	-1.089	-1.030	-1.064	-0.502
Magneto	AMB_RS20765	AMB_RS20765		leucyl aminopeptidase family protein	-0.872	-0.886	0.234	0.614	-0.213	1.498	1.765	-0.873	0.733	1.203	0.060	0.958	2.105	0.857	0.426	-0.360	-0.427	-0.164	0.351	-0.115	-0.446	0.835	-0.368	1.262	-0.080	0.207	-0.270	0.761	0.357	0.375	1.162	0.277	0.237	-0.060	0.098	0.048
Magneto	AMB_RS20770	AMB_RS20770		TrkH family potassium uptake protein	-1.784	-2.256	-2.617	-2.659	-1.508	-1.430	-1.707	-1.444	-2.165	-1.824	-0.776	-3.018	-3.151	-1.998	-1.076	-0.299	-2.664	-1.764	-1.060	-0.899	-2.425	-0.568	-2.384	-0.984	-0.820	-0.925	-0.352	-0.279	-0.028	-0.616	0.448	0.211	-0.975	-0.285	-1.317	-1.055
Magneto	AMB_RS20775	AMB_RS20775		TrkH family potassium uptake protein	-0.244	-0.955	-1.675	-0.236	-1.006	-0.333	-2.064	-0.868	-0.755	-0.159	1.720	0.339	0.542	-1.045	0.428	-0.234	-0.801	0.041	0.218	0.378	-0.859	-0.178	-0.454	-0.375	-1.734	-1.275	-1.429	-1.543	-1.048	-2.239	-2.761	-2.119	-1.782	-0.942	-0.297	-1.940
Magneto	AMB_RS20785	AMB_RS20785		methylmalonyl Co-A mutase-associated GTPase MeaB	-0.138	-1.938	1.574	0.923	-0.546	0.559	0.400	0.825	0.209	0.592	1.098	0.260	1.953	1.637	0.409	0.842	3.022	1.747	1.011	0.272	-0.771	0.654	0.724	1.405	-1.755	-1.444	-1.964	-1.286	-1.271	-1.725	-2.408	-2.723	-1.244	-1.183	-0.159	-2.188
Magneto	AMB_RS20800	AMB_RS20800		carboxypeptidase M32	1.228	0.198	0.190	0.612	-0.767	-0.395	0.061	0.531	-0.515	0.268	0.774	-0.265	-0.107	-0.738	-0.107	-0.623	0.193	0.209	-0.162	0.205	-0.086	-1.295	0.344	-0.172	-0.835	-0.689	-1.020	-1.846	-1.063	-0.785	-3.570	-1.877	-0.611	0.121	-1.540	-0.676
Magneto	AMB_RS20805	AMB_RS20805		isoprenoid biosynthesis protein ElbB	-0.502	-0.498	-1.286	-0.431	0.029	-1.070	-1.608	-1.851	0.164	-1.641	-1.269	0.743	-0.281	-1.681	-0.077	-1.861	-1.268	-1.821	-1.210	-1.055	-0.444	-0.778	-0.108	-1.137	-1.760	-1.366	-1.410	-1.201	-1.132	-1.387	-1.477	-1.832	-1.555	-0.391	-0.588	-1.767
Magneto	AMB_RS20810	AMB_RS20810		tRNA pseudouridine(55) synthase TruB	0.199	0.164	-0.492	-0.528	-1.416	-0.325	-0.681	-0.547	-0.405	-0.546	1.370	-0.648	-1.070	-0.030	-0.702	-0.816	-0.072	-0.323	-0.583	0.765	-1.087	-0.829	-0.484	-1.246	-0.349	-0.202	-0.071	0.715	0.087	0.777	-2.188	0.408	-1.439	-1.250	-1.290	-0.075
Magneto	AMB_RS20825	AMB_RS20825		excinuclease ABC subunit C	2.788	-0.098	0.450	0.558	0.360	0.706	1.394	1.008	0.844	-0.025	-0.922	0.159	0.761	-0.179	0.382	1.237	0.975	1.254	0.354	-1.294	0.563	0.836	0.732	1.026	-0.542	0.339	-0.166	-0.788	-0.371	-0.100	0.233	-2.633	-0.873	0.358	-0.121	0.049
Magneto	AMB_RS20830	AMB_RS20830		peptide-methionine (R)-S-oxide reductase	2.070	-0.379	-1.897	-1.126	-1.652	-0.871	-1.518	-1.299	-2.207	-1.209	-1.525	-0.150	-2.637	-0.851	-0.215	-0.456	-1.225	-1.804	-0.099	-1.459	-1.318	-0.540	0.086	-1.607	-1.565	-0.810	-0.741	-1.236	-0.560	-1.212	-0.578	-1.545	-0.362	-0.802	-0.388	-0.725
Magneto	AMB_RS20835	AMB_RS20835		DUF2132 domain-containing protein	-0.287	0.481	-0.418	0.166	0.153	0.537	-1.207	-0.800	-1.029	-0.655	-0.277	-0.835	-1.154	-0.585	-0.569	0.176	-0.021	-1.891	-0.600	-0.421	-0.709	0.009	-0.698	0.164	0.750	-0.425	0.334	0.586	0.184	0.060	-0.674	-0.177	0.803	-0.043	0.330	1.172
Magneto	AMB_RS20840	AMB_RS20840		S-methyl-5'-thioadenosine phosphorylase	-0.509	0.331	0.120	0.366	0.531	-0.017	1.523	0.030	0.265	0.144	0.782	0.146	0.582	0.009	1.525	1.174	0.684	1.047	-1.014	0.024	-0.080	0.726	0.660	0.781	0.982	1.033	0.632	1.516	2.090	2.029	-1.600	-2.379	-0.835	-2.590	-1.246	-1.739
Magneto	AMB_RS20845	AMB_RS20845		hypothetical protein	-0.288	-0.781	0.856	-0.479	-0.828	0.480	0.638	1.321	1.667	-0.855	-0.048	-1.024	0.628	-0.197	0.045	0.613	1.074	1.177	-0.416	-0.157	0.041	-0.176	0.214	0.264	-0.425	0.840	-1.055	0.646	-0.118	0.310	0.935	-0.632	0.401	-0.549	-0.713	-0.746
Magneto	AMB_RS20850	AMB_RS20850		S-methyl-5-thioribose-1-phosphate isomerase	-1.580	-1.452	1.366	0.982	-0.168	-0.169	-0.536	-0.535	-0.820	1.951	0.092	2.700	0.792	0.245	0.831	0.371	0.644	0.118	1.382	1.104	1.666	0.167	0.627	0.066	-1.526	-1.344	-0.919	-1.967	-0.969	-0.560	-1.330	-2.546	-2.271	-2.345	0.623	0.181
Magneto	AMB_RS20855	AMB_RS20855		DNA recombination protein RmuC	1.712	-0.721	-0.210	-0.888	0.016	0.275	0.090	-0.666	-1.198	-0.688	1.251	0.495	-0.646	-1.426	-0.658	0.664	-0.505	-0.053	-0.461	-1.659	-0.678	-0.815	-0.684	-1.529	-1.167	-1.887	-1.604	-1.287	-1.392	-1.315	0.960	-1.034	-0.272	-1.063	-2.177	-0.794
Magneto	AMB_RS20860	AMB_RS20860		16S rRNA (guanine(966)-N(2))-methyltransferase RsmD	-0.414	1.434	0.006	0.132	-0.276	0.332	0.486	1.514	0.046	1.350	0.033	0.226	0.780	0.087	0.702	0.899	0.301	0.927	0.562	-0.096	0.449	0.536	0.371	-0.288	0.054	-0.223	-0.155	0.328	-0.046	-0.832	-0.061	-0.058	-0.628	-0.758	0.122	-0.052
Magneto	AMB_RS20865	AMB_RS20865		rRNA pseudouridine synthase	-1.058	0.405	-1.054	-0.246	0.534	0.469	-0.093	-0.129	0.184	0.681	1.771	1.083	-0.001	-0.780	1.141	-0.830	-1.389	-0.559	0.195	0.222	1.178	0.311	-0.057	0.333	0.054	-0.576	-0.376	-0.371	-0.038	-0.182	1.952	1.019	1.462	0.519	0.198	0.707
Magneto	AMB_RS20870	AMB_RS20870		gamma-glutamyl-gamma-aminobutyrate hydrolase	-0.215	0.733	-0.760	0.255	-0.334	-0.258	0.263	0.410	-0.015	-0.478	-0.208	-0.161	0.269	-0.866	-0.896	-1.147	-0.085	-0.895	-0.480	-0.266	0.480	-0.010	0.222	-0.495	-0.644	-0.457	-0.705	0.051	-0.440	-0.602	-0.117	-0.244	-0.094	0.085	0.052	-0.603
Magneto	AMB_RS20875	AMB_RS20875		L-lactate permease	0.388	0.352	-0.196	-0.421	0.610	0.440	0.838	0.440	0.286	0.686	-0.383	0.522	0.610	0.432	0.691	0.776	1.038	0.492	0.781	1.192	-0.302	0.911	0.212	0.832	0.122	-0.608	-0.906	-0.737	-0.010	-0.636	-0.481	0.085	0.276	-1.537	-0.244	-1.600
Magneto	AMB_RS20880	AMB_RS20880		FCD domain-containing protein	1.216	0.452	-0.016	-1.055	-1.310	1.063	0.279	0.217	-0.032	-0.207	0.475	-1.079	-0.278	-0.145	1.044	0.472	0.251	0.777	-1.091	0.270	-0.218	0.484	0.761	0.293	-2.148	-0.996	-1.919	-1.684	-1.085	-1.450	-1.037	-1.531	-2.225	-1.564	-1.602	-2.057
Magneto	AMB_RS20885	AMB_RS20885		(Fe-S)-binding protein	0.472	-0.360	0.997	1.607	0.715	1.987	1.227	1.391	1.976	1.046	-0.263	0.898	0.783	0.635	-0.299	1.411	1.131	1.659	-0.529	-1.059	0.892	1.482	1.389	-0.201	-0.321	1.016	0.162	0.766	1.357	1.239	-1.078	1.041	0.541	-0.295	0.973	0.674
Magneto	AMB_RS20890	AMB_RS20890		iron-sulfur cluster-binding protein	-4.042	0.280	-0.271	0.012	0.752	0.461	0.180	0.637	-0.549	-0.039	0.410	-0.510	-0.516	-0.760	-0.126	0.461	0.328	0.552	-0.527	-1.066	0.277	-1.058	-0.730	0.700	-0.470	0.623	-0.269	-0.579	0.409	-0.245	-0.049	-0.034	-0.397	0.948	0.381	0.717
Magneto	AMB_RS20895	AMB_RS20895		lactate utilization protein	0.323	0.238	1.740	0.175	1.397	1.767	1.430	1.515	1.142	0.530	1.277	1.041	1.094	0.272	1.214	0.798	0.039	1.769	0.459	0.497	1.336	0.900	1.692	1.326	0.081	0.963	2.002	0.263	0.771	-0.253	0.495	0.168	-0.594	1.542	1.948	0.748
Magneto	AMB_RS20900	AMB_RS20900		FAD-binding oxidoreductase	0.880	-0.605	0.350	-0.136	-0.800	-0.222	0.045	0.110	0.502	0.213	0.856	0.129	-0.038	-0.903	-0.081	0.261	0.401	-0.512	0.168	0.956	0.544	-0.455	-0.040	-0.098	-0.343	0.852	0.634	0.553	0.754	0.615	-1.048	-0.818	0.936	0.076	-0.857	-0.619
Magneto	AMB_RS20905	AMB_RS20905		enoyl-CoA hydratase/carnithine racemase	0.043	-0.701	0.001	0.033	0.065	-0.859	-0.035	0.154	-1.701	-0.691	-1.248	-1.092	-0.395	-0.877	-0.900	0.243	-0.348	-0.156	-0.397	-0.003	0.188	-0.101	-0.450	-1.013	-0.029	0.808	0.193	0.775	0.603	0.928	0.318	0.725	0.955	-1.734	-1.610	-1.333
Magneto	AMB_RS20910	AMB_RS20910		hypothetical protein	1.697	0.482	-0.210	0.475	0.299	0.852	-0.772	-0.323	0.073	1.622	1.176	0.692	0.421	0.027	-0.007	0.340	-0.152	-0.891	1.292	0.994	0.722	0.329	0.489	0.215	0.574	0.492	1.541	-0.340	-0.525	1.022	0.572	0.720	2.299	-0.087	0.944	1.521
Magneto	AMB_RS20915	AMB_RS20915		hypothetical protein	1.654	1.026	0.693	0.096	1.364	0.312	0.313	1.533	0.940	1.762	-0.318	0.035	0.693	0.969	1.050	0.215	1.304	1.182	1.021	1.660	0.515	0.748	2.024	0.335	-0.073	-0.690	-1.107	-1.188	-0.998	0.264	0.203	-0.067	-0.019	0.662	-1.989	-1.367
Magneto	AMB_RS20920	AMB_RS20920		hemerythrin	-0.131	1.631	-0.647	0.173	-1.126	-0.514	0.289	1.071	-0.558	1.984	-0.558	-0.333	-0.086	1.240	-0.734	0.476	-0.463	-1.676	0.392	-0.895	1.204	-0.579	0.276	0.976	-0.549	-0.985	-0.887	-0.689	-1.135	-0.585	-0.377	-1.862	-1.203	-0.949	-1.764	-1.197
Magneto	AMB_RS20925	AMB_RS20925		hypothetical protein	0.313	-0.623	-0.336	0.050	-0.185	-0.325	-0.113	0.709	0.535	-0.037	0.270	-0.263	-0.350	-0.778	0.307	0.604	0.486	0.673	-0.840	-1.555	0.962	-1.328	0.883	0.138	-0.705	0.025	-0.436	-0.426	0.366	-0.306	-0.928	-0.084	-1.079	0.830	0.046	-0.289
Magneto	AMB_RS20955	AMB_RS20955		zinc ribbon domain-containing protein	0.756	-0.693	0.137	-0.139	0.382	0.072	0.476	-0.190	0.609	0.776	0.126	-0.093	-0.821	-0.185	-0.432	0.481	-0.110	-1.332	-0.161	-0.076	-0.882	-0.556	-0.265	1.075	-0.236	-0.386	-0.567	-0.238	-0.067	-0.355	-0.802	-0.901	-0.480	-0.675	-0.426	-0.187
Magneto	AMB_RS20960	AMB_RS20960		two-component system response regulator	1.330	3.268	-0.107	1.323	0.626	1.120	0.167	-0.375	-0.003	1.557	2.554	2.478	1.335	0.490	1.027	0.027	-0.081	-0.454	1.681	2.999	0.739	0.497	1.378	0.724	0.936	0.844	1.348	-0.400	-0.097	-0.251	0.451	1.197	0.021	2.505	0.986	0.416
Magneto	AMB_RS20965	AMB_RS20965		response regulator	0.581	1.723	0.858	0.329	1.177	0.547	-0.197	0.930	0.435	0.489	-0.038	0.006	1.338	1.266	1.451	1.299	1.217	1.130	1.125	-0.582	0.792	1.308	-1.169	0.961	-0.000	0.062	-0.007	-0.143	-0.501	0.633	-0.441	-0.793	0.302	0.754	-1.354	1.390
Magneto	AMB_RS20970	AMB_RS20970		PAS domain S-box protein	-2.456	0.708	0.705	0.555	0.297	0.173	0.667	0.227	0.026	0.804	-0.603	2.825	0.979	-0.221	0.390	0.551	0.364	-0.219	0.975	0.712	1.369	-0.436	1.124	0.436	0.030	-0.046	0.726	-0.040	0.289	0.316	2.257	0.573	0.793	2.247	1.024	2.301
Magneto	AMB_RS20975	AMB_RS20975		C4-dicarboxylate transport sensor protein dctB	-0.039	1.085	0.770	-0.176	0.800	0.099	0.678	1.300	0.265	1.291	-0.180	0.880	0.919	0.088	-0.070	0.322	0.667	1.117	0.508	0.408	0.843	-0.196	0.898	0.416	0.404	1.542	0.256	-0.164	0.732	0.227	0.468	0.738	1.819	0.775	0.206	-0.173
Magneto	AMB_RS20980	AMB_RS20980		alpha/beta hydrolase	0.127	-1.513	0.401	-0.192	-0.610	-0.411	0.136	-0.178	0.236	0.362	-0.489	0.206	-0.489	0.107	-0.249	0.412	0.637	-0.368	0.386	1.384	0.106	-0.417	-0.810	-0.278	-1.305	-1.891	-1.888	-1.887	-0.987	-1.276	-1.520	-2.034	-1.680	0.099	-2.774	-2.460
Magneto	AMB_RS20985	AMB_RS20985		MFS transporter	-0.526	-0.679	-0.280	-0.395	-0.090	-0.025	-1.324	-1.460	-0.415	0.536	0.833	1.426	-0.291	-0.254	-0.553	-0.489	0.260	-0.909	0.376	0.073	-0.414	0.824	-0.580	-0.761	2.378	0.838	0.372	1.023	1.011	1.284	-0.043	-0.372	0.933	1.286	1.033	0.871
Magneto	AMB_RS20990	AMB_RS20990		transcriptional regulator	1.191	0.278	-0.688	-1.638	-1.045	-1.014	-1.192	-1.161	-1.559	-1.080	-0.333	-0.239	-1.874	-1.139	-0.340	-1.513	-0.994	-0.244	-0.025	-0.476	-0.655	-0.868	-0.084	-1.260	-1.463	-1.378	-1.940	-1.930	-1.938	-2.195	-1.766	-2.297	-2.383	-1.215	-1.652	-0.432
Magneto	AMB_RS20995	AMB_RS20995		carboxypeptidase regulatory-like domain-containing protein	2.144	-0.744	-1.613	-1.752	-2.208	-2.048	-1.494	-0.806	-1.780	-1.612	-2.058	-1.240	-1.300	-1.979	-1.890	0.177	0.040	0.287	-0.989	-1.273	-1.227	-1.306	-1.254	-1.563	0.156	0.957	0.476	0.904	2.986	1.665	-0.111	0.028	2.519	0.393	1.215	1.116
Magneto	AMB_RS21005	AMB_RS21005		hypothetical protein	-0.506	-0.083	0.732	-1.254	1.010	0.243	0.427	0.006	-0.457	-0.355	-0.023	-1.847	-0.240	0.147	0.726	-0.069	-0.476	0.148	0.474	0.044	-0.461	0.353	0.394	0.162	-0.782	-1.280	-0.252	0.633	0.091	0.353	-0.863	-1.326	0.390	1.604	-1.124	-1.151
Magneto	AMB_RS21010	AMB_RS21010		response regulator	-0.036	0.864	-0.410	-0.568	0.652	0.820	-1.552	-0.200	-0.271	-0.259	-0.104	-0.410	-0.324	0.471	-0.723	-1.734	-0.583	-0.692	-0.688	0.450	-0.466	-0.387	-0.311	-0.657	-0.323	-0.093	-0.075	-0.143	-0.232	-0.001	0.434	-0.062	1.292	-0.337	-0.550	1.182
Magneto	AMB_RS21015	AMB_RS21015		chemotaxis protein CheC	0.932	-0.063	-0.409	-0.292	-0.668	-0.012	-0.051	-0.108	-0.546	-1.059	-0.262	-0.655	-0.335	0.152	0.450	-0.932	-1.089	-1.280	-0.481	-0.777	-0.400	-1.062	0.570	-0.559	1.146	1.080	0.748	1.042	0.934	0.744	1.389	0.636	1.160	1.204	0.998	0.683
Magneto	AMB_RS21020	AMB_RS21020		bifunctional diguanylate cyclase/phosphodiesterase	-0.447	0.918	0.478	-0.305	-1.162	-0.417	0.571	-0.536	0.209	-0.133	-1.266	1.350	-0.340	0.248	0.389	-0.157	0.146	0.125	-0.559	0.064	-1.452	-0.792	-0.279	0.098	0.116	-0.456	-0.144	0.521	0.812	0.571	0.082	0.060	-0.804	0.104	-0.343	0.610
Magneto	AMB_RS21025	AMB_RS21025		DUF3422 domain-containing protein	-4.650	-2.357	-10.603	-1.115	-1.323	-1.209	-1.329	-0.745	-1.638	-4.174	0.530	-1.945	-1.922	-2.343	-1.734	-1.127	-2.418	-2.215	-3.784	-1.819	-2.795	-4.204	-3.451	-3.542	-6.772	-1.752	-2.303	-6.741	-0.968	-2.683	-3.743	0.139	-3.755	-0.172	1.440	1.490
Magneto	AMB_RS21030	AMB_RS21030		metalloprotease TldD	-0.306	-0.084	0.433	0.055	-0.374	-0.024	0.625	0.247	0.532	0.662	-0.689	0.785	-0.538	-0.592	-0.509	-0.890	0.652	0.110	-0.419	-0.329	0.595	0.351	0.794	-0.852	0.786	1.370	0.948	0.123	0.072	0.259	1.154	1.448	-0.047	2.508	1.352	1.060
Magneto	AMB_RS21035	AMB_RS21035		HAMP domain-containing protein	-1.049	0.901	-0.477	-0.627	-0.137	-0.270	-0.077	-0.886	-0.703	0.126	-0.210	1.210	0.092	-0.447	-0.309	-0.841	-0.345	-0.387	-0.822	-0.019	0.284	-0.266	-0.073	0.166	-0.529	-0.421	-0.531	-0.590	-0.423	-0.052	-0.208	0.388	0.793	-0.203	0.190	-0.049
Magneto	AMB_RS21040	AMB_RS21040		hypothetical protein	-0.452	0.724	-1.342	-0.641	0.046	0.372	0.475	-0.676	0.715	0.084	-1.040	0.277	0.486	1.008	-0.348	-1.324	-0.372	-0.330	0.199	-0.094	-0.126	-0.604	-0.670	1.214	-0.318	-0.454	-0.681	-0.593	-0.187	-0.754	-0.548	-0.687	-0.472	-0.826	0.702	-0.956
Magneto	AMB_RS21050	AMB_RS21050		CoA pyrophosphatase	0.181	-0.082	-1.931	-1.009	-0.672	-0.684	-0.997	-0.417	-0.760	-0.686	-0.483	-0.500	-1.048	-1.043	-0.926	-1.728	-0.783	-0.735	-0.762	-0.547	-0.355	-0.191	-1.449	-0.987	0.782	0.679	-0.234	0.099	0.755	0.451	-0.305	0.444	1.690	1.193	0.403	1.873
Magneto	AMB_RS21055	AMB_RS21055		DUF1285 domain-containing protein	-0.027	-1.043	-1.504	0.573	-0.089	1.434	0.749	0.112	1.074	-0.600	0.151	-1.160	-0.495	-0.802	0.528	0.758	0.049	-0.042	0.307	0.322	-0.184	-0.106	0.342	0.516	1.517	2.909	1.696	2.633	2.181	2.059	0.410	1.470	1.781	0.750	-0.234	0.101
Magneto	AMB_RS21060	AMB_RS21060		MoxR family ATPase	-0.331	-0.092	0.903	0.431	0.134	0.471	-0.222	0.574	-0.605	0.710	-0.282	0.489	0.903	1.606	-0.143	0.882	0.529	-0.298	-0.042	0.073	0.523	1.430	1.148	1.179	0.366	-0.018	0.546	0.789	0.593	0.859	0.836	0.790	-0.456	-0.670	-0.125	0.371
Magneto	AMB_RS21070	AMB_RS21070		TetR family transcriptional regulator	-0.202	-0.972	-0.670	-0.602	-0.730	-0.596	-0.013	-0.956	-1.583	-2.785	-2.121	-0.105	-0.631	-1.196	0.203	-0.168	-1.054	0.368	-2.024	-0.123	-0.940	-0.550	0.723	-0.494	-1.407	-1.623	-0.813	-0.967	-0.204	-0.673	-1.022	-3.137	-1.253	0.397	-2.456	-3.326
Magneto	AMB_RS21075	AMB_RS21075		methyl-accepting chemotaxis protein	-0.093	0.125	0.868	-0.272	0.936	-0.707	-0.056	0.191	0.016	-0.041	-0.099	-1.844	-0.795	-0.145	0.234	-0.200	-0.455	0.167	0.296	-0.924	0.816	0.270	-0.038	0.269	0.378	-0.382	0.079	-0.417	0.269	-0.114	-0.308	1.264	-0.651	0.158	0.324	0.488
Magneto	AMB_RS21080	AMB_RS21080		nitrite reductase	1.544	0.599	-0.592	-1.637	-0.565	-0.899	-0.052	-0.506	-0.236	-0.131	-0.146	-0.537	0.252	-0.916	-1.085	0.329	-0.320	-0.153	-0.993	1.021	-0.681	-0.204	0.543	-0.767	-0.669	-0.158	-0.011	0.139	-0.610	0.105	-0.197	0.224	0.175	-0.098	-1.105	-0.054
Magneto	AMB_RS21085	AMB_RS21085		DUF1330 domain-containing protein	-0.615	0.966	0.070	-0.592	-0.001	-0.056	-0.354	-0.054	1.375	-0.671	-0.090	-0.894	-1.173	-0.843	-0.365	-0.920	-0.608	0.026	-0.388	0.531	0.060	0.320	-0.913	-1.396	1.320	2.968	1.741	1.722	2.063	0.377	0.320	1.541	2.097	1.101	3.551	1.872
Magneto	AMB_RS21105	AMB_RS21105		endonuclease III	-1.281	-0.388	0.679	1.234	1.185	0.713	0.584	1.280	-0.356	1.409	0.500	1.332	1.163	0.560	1.356	1.363	0.620	0.388	0.796	2.528	1.112	0.203	1.642	1.014	-0.214	-0.160	0.407	-0.159	-0.172	-0.275	-1.374	-0.200	-0.466	-0.259	0.477	-0.799
Magneto	AMB_RS21115	AMB_RS21115		membrane-bound metal-dependent hydrolase	-0.314	0.723	-0.488	-0.845	-1.898	0.507	0.272	-0.570	-0.506	0.559	1.404	1.680	0.732	-0.295	-0.422	-0.663	-0.112	-0.442	0.462	1.878	0.853	-0.306	-1.251	-0.093	0.801	0.850	-0.405	-0.017	-0.584	-0.705	1.088	0.790	0.615	1.991	1.897	1.512
Magneto	AMB_RS21120	AMB_RS21120		DUF4337 domain-containing protein	0.788	-0.500	-0.528	-0.526	-0.098	-0.526	-0.022	0.410	0.694	-0.421	-0.806	0.786	-0.008	-0.679	1.499	0.267	0.896	-0.271	-0.434	-0.614	-1.672	-0.090	0.426	-0.499	-1.818	-1.814	-0.981	-1.223	-1.090	-1.045	-1.111	-1.269	-1.446	-1.363	-1.904	-1.273
Magneto	AMB_RS21125	AMB_RS21125		YciI family protein	0.038	-0.055	-0.093	-0.865	-1.952	-2.527	-0.579	-1.223	-3.293	-2.110	-0.860	-1.040	-1.878	-0.078	-1.222	-2.557	-0.452	-3.330	-1.117	-1.608	0.500	-0.463	-1.416	-1.000	-0.681	-0.788	-0.563	-0.817	-0.657	-0.773	0.057	-0.569	-0.472	-0.841	-1.305	-0.526
Magneto	AMB_RS21130	AMB_RS21130		EVE domain-containing protein	-2.251	-0.006	-1.262	-1.201	-1.390	-1.614	-0.780	-2.025	-0.739	0.316	-0.749	0.903	-0.738	-0.723	-0.233	-0.435	-1.226	-0.397	0.199	-1.589	0.002	-0.044	-1.178	-0.506	1.238	1.247	0.971	0.703	0.237	0.862	0.512	-0.410	0.926	-0.212	0.674	0.630
Magneto	AMB_RS21135	AMB_RS21135		Rieske (2Fe-2S) protein	-0.153	0.420	0.959	1.439	1.498	1.813	0.564	0.933	1.007	0.818	0.286	-0.031	1.410	0.828	1.090	1.704	0.746	0.669	1.879	0.349	0.946	0.927	0.187	0.387	1.867	1.404	2.124	1.501	1.431	2.056	0.681	1.360	0.724	0.494	1.272	1.091
Magneto	AMB_RS21140	AMB_RS21140		acetate--CoA ligase	-1.100	-2.543	1.803	-1.285	-0.871	-1.452	-1.496	-1.427	-0.213	2.762	1.728	3.382	-1.666	-2.122	-1.883	-1.666	-1.081	-1.532	2.233	2.708	2.018	-1.902	-1.611	-1.036	-1.708	-1.574	-1.224	-1.982	-1.509	-0.952	0.571	-1.073	-1.340	-0.308	-0.487	-0.606
Magneto	AMB_RS21145	AMB_RS21145		alpha/beta hydrolase	-0.835	-1.152	0.645	0.155	-0.237	0.479	-0.096	-0.273	0.107	-0.118	1.186	-1.001	-0.249	-0.757	-0.138	-0.274	-0.233	1.518	0.214	0.792	-0.105	-0.474	-0.507	-0.655	-1.613	-1.902	-2.074	-1.794	-0.999	-0.644	-0.605	-0.774	-0.806	-0.439	-0.269	-1.364
Magneto	AMB_RS21160	AMB_RS21160		DUF748 domain-containing protein	-1.061	-0.413	0.950	0.841	-0.088	-0.048	-0.137	0.211	-0.874	1.901	0.747	0.743	0.855	0.106	0.443	1.771	-0.446	-0.454	1.475	-0.595	0.264	0.551	-1.503	-1.037	0.312	2.290	0.200	1.193	0.783	1.047	-1.159	-0.080	0.045	0.392	1.236	1.451
Magneto	AMB_RS21170	AMB_RS21170		adenosine kinase	-1.144	-3.720	0.810	-1.407	-1.616	-1.832	-2.315	-2.015	-2.546	-0.167	0.111	-0.702	-1.726	-1.899	-2.681	-0.848	-1.339	-1.584	-0.476	-0.197	0.070	-1.013	-0.229	0.586	-1.365	-0.422	-0.795	0.105	-0.504	-0.555	1.305	1.328	0.603	-1.933	-1.066	-0.860
Magneto	AMB_RS21175	AMB_RS21175		hypothetical protein	-1.430	-1.111	0.035	0.982	-0.285	1.456	-0.075	0.346	0.451	0.907	-0.608	0.491	0.752	0.920	0.207	-0.131	0.171	2.614	0.889	0.791	0.659	0.360	0.928	0.478	-1.098	-0.481	-1.167	-1.353	-1.120	-1.102	0.994	0.811	0.027	1.116	0.756	0.644
Magneto	AMB_RS21185	AMB_RS21185		GntR family transcriptional regulator	-0.825	0.199	0.469	-1.883	-1.501	-0.750	-2.475	-2.481	-2.303	1.047	1.625	-0.607	-0.967	-2.146	-0.856	-1.682	-0.853	-1.068	-0.731	1.763	-1.284	-1.771	-0.528	-1.369	-3.205	-2.554	-2.174	-2.323	-2.633	-2.348	-1.736	-2.283	-2.000	1.366	-0.776	0.013
Magneto	AMB_RS21190	AMB_RS21190		carboxylate transporter	-3.229	-0.911	1.372	0.564	0.810	0.857	0.841	1.835	1.016	0.543	1.037	-0.571	1.438	0.514	1.295	0.050	0.111	0.759	0.827	1.170	1.927	0.911	1.220	0.890	0.150	1.377	1.040	0.497	0.923	0.877	-0.092	-0.347	-0.791	-1.706	0.341	0.771
Magneto	AMB_RS21200	AMB_RS21200		cytochrome c oxidase accessory protein CcoG	-1.489	0.897	-0.793	-0.901	-0.521	-0.570	0.292	0.011	-0.005	0.834	0.188	0.117	-0.265	-0.099	-0.887	0.057	-0.122	-0.179	-0.168	0.153	0.436	-0.403	-0.071	-0.145	0.131	-0.003	0.292	-0.459	0.248	0.641	0.567	0.867	-0.821	1.010	0.792	-0.557
Magneto	AMB_RS21205	AMB_RS21205		response regulator	0.891	1.634	0.467	0.475	0.105	-0.365	1.364	-0.344	-0.946	0.340	0.290	0.781	0.222	-0.729	0.082	-0.715	-0.812	0.370	-0.611	0.553	-0.071	-0.673	0.047	-0.161	0.285	-0.244	0.004	0.186	0.242	0.792	0.948	-0.008	-0.375	0.372	0.422	-0.670
Magneto	AMB_RS21210	AMB_RS21210		hydroxyacylglutathione hydrolase	-1.205	-4.779	-0.347	-1.660	-1.078	-2.462	-2.142	-2.155	-2.174	-0.820	-1.382	-0.446	-2.802	-2.369	-1.810	-2.850	-1.422	-1.376	-0.357	-0.422	-0.685	-2.718	-2.237	-3.255	-1.403	-1.605	-3.183	-2.024	-1.712	-1.508	-1.874	-1.826	-1.373	-2.095	-2.819	-1.931
Magneto	AMB_RS21215	AMB_RS21215		methyltransferase domain-containing protein	-2.984	-0.527	-1.095	0.220	-1.344	-0.591	-0.459	-0.348	0.453	1.391	1.389	0.892	0.897	-0.179	-0.855	-0.133	-1.338	-0.423	0.550	0.896	-0.019	0.576	-0.665	0.033	-2.506	-3.094	-2.169	-1.743	-2.980	-2.324	-2.298	-1.969	-3.251	-2.000	-2.056	-1.367
Magneto	AMB_RS21220	AMB_RS21220		hypothetical protein	-0.557	-0.615	-0.665	0.335	-0.115	-0.312	0.158	-0.388	0.757	0.219	-0.883	1.360	0.185	0.285	1.011	0.801	-0.028	-0.674	0.486	1.514	-0.044	-0.619	0.801	0.350	0.497	0.031	0.375	1.066	0.007	0.187	1.504	0.442	0.711	1.051	0.103	0.516
Magneto	AMB_RS21225	AMB_RS21225		(2Fe-2S)-binding protein	0.831	1.167	-0.433	-1.022	0.432	-0.469	-0.752	-0.794	0.288	0.140	0.677	1.109	-1.000	-1.886	0.091	0.569	-0.648	0.254	0.428	-0.592	-0.715	0.212	-0.113	-0.879	-0.814	-0.151	-0.257	-0.548	0.012	-0.406	0.649	-0.220	0.478	0.212	-0.129	0.587
Magneto	AMB_RS21230	AMB_RS21230		xanthine dehydrogenase family protein molybdopterin-binding subunit	2.213	-0.408	0.428	-1.390	-0.845	0.153	0.262	-0.146	0.721	-0.300	-0.012	0.538	-0.280	-0.664	0.021	-0.974	-1.116	-0.692	-0.402	0.015	-0.478	0.069	-0.472	-0.254	-0.811	0.170	-0.341	-0.840	-1.149	-0.423	0.496	1.145	-1.142	0.498	-0.457	-0.111
Magneto	AMB_RS21265	AMB_RS21265		c-type cytochrome biogenesis protein CcmI	-1.461	-4.148	1.672	-3.724	-3.666	-1.614	-5.900	-4.378	-4.651	4.275	-0.049	7.726	-3.405	-2.035	-2.636	-3.919	-4.006	-5.177	7.841	4.156	4.572	-2.522	-3.182	-3.487	-6.646	-7.765	-5.064	-7.537	-8.522	-7.068	0.608	0.677	0.323	1.375	1.305	-0.573
Magneto	AMB_RS21280	AMB_RS21280		TVP38/TMEM64 family protein	0.406	-3.642	-0.225	-0.479	-1.506	-1.767	-0.862	-0.550	-1.041	-0.313	-0.398	0.925	-1.713	-1.694	-0.917	0.469	-0.328	-1.038	-0.583	0.780	-0.129	-0.763	-0.973	-0.693	-2.889	-2.541	-2.645	-2.168	-1.669	-2.423	-1.509	-2.176	-2.060	-1.599	-1.270	-2.033
Magneto	AMB_RS21285	AMB_RS21285		BON domain-containing protein	1.240	2.258	-0.463	0.132	-0.572	-0.191	-0.905	-0.916	-0.690	-0.105	0.655	-0.610	-0.143	-0.269	-0.632	0.263	-0.919	-0.609	-0.767	1.906	0.145	-0.302	-1.718	-0.086	-0.550	-0.782	-0.822	-0.698	-0.171	-1.207	-2.048	-0.978	-0.612	-1.117	-1.547	-2.118
Magneto	AMB_RS21290	AMB_RS21290		DUF4139 domain-containing protein	-1.104	-1.657	-0.443	-2.723	-1.435	-1.844	-2.723	-3.089	-2.325	-2.946	-0.948	-2.109	-2.685	-2.245	-2.133	-0.977	-2.547	-1.841	-1.924	-0.776	-1.313	-1.843	-2.280	-2.941	-2.916	-2.890	-3.199	-2.781	-2.904	-2.028	-1.081	-1.654	-2.092	-1.254	-1.421	-1.294
Magneto	AMB_RS21295	AMB_RS21295		hypothetical protein	-0.155	0.446	-0.460	-0.886	1.315	-0.387	0.176	0.808	-0.268	-0.208	0.677	-0.045	-0.419	0.740	0.068	1.889	0.256	0.955	-0.938	0.100	-0.271	0.215	0.555	0.720	0.549	1.277	1.062	1.205	1.942	1.460	1.991	-0.054	1.672	-0.653	-0.025	0.961
Magneto	AMB_RS21310	AMB_RS21310		zinc-finger domain-containing protein	-0.204	-0.189	0.938	0.719	-1.857	-0.791	-1.497	-1.371	-0.417	-0.980	0.790	-2.003	0.604	-1.026	-0.776	-1.476	0.376	-0.647	-1.101	-0.299	-1.627	-1.038	-0.368	-0.551	-0.602	0.187	0.919	0.555	0.806	0.071	0.696	-0.415	0.162	1.173	0.087	0.965
Magneto	AMB_RS21315	AMB_RS21315		ABC transporter ATP-binding protein	-0.223	-0.429	0.420	-0.058	1.086	0.159	-0.070	1.852	1.080	1.076	0.147	-0.425	0.216	0.255	0.409	0.575	0.704	-0.469	0.592	1.518	0.795	0.309	1.084	0.590	-0.992	0.230	-0.681	-1.325	-1.113	-1.021	-1.038	-1.112	-0.227	-1.255	-0.204	-2.649
Magneto	AMB_RS21320	AMB_RS21320		alpha/beta hydrolase	-1.432	0.838	-0.499	-0.410	0.221	0.118	-0.724	-0.393	-0.289	-0.826	0.429	-0.337	-1.200	-1.174	-0.210	-1.038	-0.878	-0.674	-0.317	-1.732	-0.108	-1.358	-1.310	0.599	-2.000	-2.135	-2.241	-2.530	-3.092	-2.322	-1.252	-1.286	-0.934	-1.312	-1.938	-2.260
Magneto	AMB_RS21330	AMB_RS21330		hypothetical protein	1.360	0.816	-0.287	0.974	0.057	-0.204	0.193	-0.052	0.443	-1.000	-0.102	0.098	-0.173	-0.447	-0.061	-0.251	1.207	-0.046	-0.044	-0.715	1.298	-0.161	-0.464	-0.189	-0.081	0.541	-0.408	-0.287	-0.382	-0.191	-1.152	-1.708	0.935	-0.123	-0.240	0.014
Magneto	AMB_RS21335	AMB_RS21335		hypothetical protein	0.430	-0.976	-0.367	0.432	-1.414	-1.505	-0.032	-0.459	-0.761	0.730	-0.869	-1.221	-1.493	-0.426	0.573	0.760	-0.235	-1.012	-0.373	-0.056	1.429	-0.093	-1.282	-0.124	1.234	1.299	0.465	0.869	0.736	0.936	-0.993	-0.561	0.272	3.006	-0.825	0.553
Magneto	AMB_RS21345	AMB_RS21345		DUF1501 domain-containing protein	-0.385	-0.175	0.687	0.455	-0.319	-0.588	1.306	1.317	1.387	1.562	-0.659	0.307	0.869	0.554	1.168	0.811	0.735	-1.043	0.675	-0.367	0.854	0.187	1.281	-0.954	-0.351	-0.201	-1.329	0.041	-0.095	-0.269	-0.929	-0.172	0.667	0.109	0.267	-0.263
Magneto	AMB_RS21360	AMB_RS21360		Co2+/Mg2+ efflux protein ApaG	0.354	1.123	-0.408	-0.108	0.633	-0.770	-0.951	-0.632	-1.313	-0.463	0.459	0.425	-0.075	0.132	0.129	-0.451	-0.186	0.061	1.255	-1.072	-1.096	-1.583	-1.580	-1.225	0.450	-0.249	-1.465	-0.733	-1.639	-1.222	-1.527	-2.552	-0.081	0.604	-1.843	-2.159
Magneto	AMB_RS21370	AMB_RS21370		enoyl-[acyl-carrier-protein] reductase FabI	1.331	1.012	0.061	-0.173	-0.040	0.862	-1.115	0.141	-1.193	1.719	-0.015	1.303	-0.082	-0.569	0.458	-0.693	-0.795	-0.896	0.311	0.036	0.627	-0.206	0.959	-0.489	0.122	0.442	-1.018	-1.745	-0.966	-1.075	1.031	0.563	0.843	0.083	0.786	0.696
Magneto	AMB_RS21375	AMB_RS21375		HD domain-containing protein	-2.077	1.118	-0.283	0.060	-0.640	-0.649	-0.156	-0.446	-0.352	0.000	-0.243	-1.064	-0.024	-1.073	-0.205	-0.088	-0.248	-0.357	-1.211	-0.063	-1.441	-0.929	-1.163	-0.093	0.389	1.252	0.679	0.909	0.229	0.906	-0.011	0.212	1.220	0.558	0.511	-0.946
Magneto	AMB_RS21385	AMB_RS21385		helix-turn-helix transcriptional regulator	-3.884	-5.069	-7.708	-4.324	-4.347	-4.314	-3.921	-4.552	-3.856	-5.748	-5.918	-2.378	-4.392	-4.151	-6.378	-5.285	-4.380	-4.017	-3.483	-3.073	-3.475	-5.474	-4.863	-4.916	-4.773	-4.207	-2.909	-4.439	-3.040	-3.305	-2.220	-5.377	-7.822	-2.900	-3.395	-4.458
Magneto	AMB_RS21390	AMB_RS21390		hypothetical protein	-0.237	-1.756	-1.202	0.460	0.066	0.206	0.431	-0.913	0.157	-0.782	0.046	-0.122	-1.402	-0.908	-0.035	0.029	0.575	-0.356	-0.350	-1.334	-0.735	-1.074	-0.716	-0.671	0.603	1.411	-0.410	0.097	0.725	-0.007	1.543	1.171	0.489	0.418	1.953	0.622
Magneto	AMB_RS21395	AMB_RS21395		hypothetical protein	-0.397	1.227	1.144	0.883	0.809	0.339	1.192	0.614	0.565	0.339	-0.376	0.907	0.603	1.514	0.784	0.785	0.812	0.811	0.271	1.120	0.777	0.028	1.247	1.667	-0.570	-0.607	0.077	-0.350	-0.264	-0.071	-0.472	0.369	0.555	-0.221	0.124	-0.255
Magneto	AMB_RS21405	AMB_RS21405		hypothetical protein	-0.712	0.206	0.699	-0.459	-0.160	-0.282	0.079	0.698	0.191	-0.386	0.837	-0.481	0.516	0.138	0.485	0.461	0.592	0.389	0.694	-1.668	-0.009	0.443	0.951	0.756	0.436	1.231	1.096	1.219	0.873	1.616	-1.255	0.308	1.039	0.338	2.783	0.861
Magneto	AMB_RS21415	AMB_RS21415		hypothetical protein	2.514	-0.376	0.355	1.010	2.149	1.576	0.388	0.840	1.413	2.223	0.822	-0.160	-1.508	2.211	0.566	0.296	1.697	-0.132	1.555	-0.926	1.296	0.975	1.747	-0.167	-0.565	-0.729	0.383	-0.165	-0.052	0.249	-0.527	0.273	0.953	0.945	-0.259	0.307
Magneto	AMB_RS21420	AMB_RS21420		MBL fold metallo-hydrolase	0.680	0.592	-0.853	-1.542	-0.164	-0.591	-0.281	1.394	0.549	-1.129	1.806	-1.550	0.091	-0.533	0.452	1.420	-0.239	0.583	-0.067	0.326	-1.439	0.683	0.533	0.454	-0.178	0.649	0.230	0.888	0.785	0.225	0.422	-0.369	-1.276	0.563	-1.188	1.181
Magneto	AMB_RS21425	AMB_RS21425		methyl-accepting chemotaxis protein	0.231	-0.728	-1.888	-0.054	-0.567	-1.234	-0.757	-0.531	-0.089	-0.609	-1.651	-0.232	-0.134	-1.479	-1.738	-0.223	-0.789	0.476	-1.246	-1.889	-2.063	-1.948	-0.881	-0.613	0.180	-0.013	-0.016	1.355	0.519	1.786	-1.568	-0.236	0.978	0.706	0.650	0.166
Magneto	AMB_RS21430	AMB_RS21430		hypothetical protein	0.735	0.567	-0.145	-0.666	-0.555	-0.214	-0.391	-0.138	0.627	-0.940	0.013	-0.469	0.156	1.023	0.047	0.256	0.888	-0.300	-0.197	-0.745	-0.630	-0.539	-0.966	-0.656	0.172	-0.232	0.132	0.179	0.787	0.630	0.219	0.753	-0.449	0.530	0.134	-0.130
Magneto	AMB_RS21435	AMB_RS21435		methylmalonyl-CoA mutase	4.875	-3.512	-1.065	-3.673	-3.093	-3.454	-3.507	-2.828	-2.167	-8.945	-4.876	-8.501	-3.698	-4.387	-3.569	-3.376	-2.824	-2.639	-3.396	-3.904	-4.698	1.201	1.235	1.716	2.366	7.766	4.130	4.374	10.073	6.645	-10.623	-16.981	-16.322	-13.508	-10.168	-16.599
Magneto	AMB_RS21445	AMB_RS21445		acetyl/propionyl/methylcrotonyl-CoA carboxylase subunit alpha	-6.932	-2.807	-1.775	-2.579	-2.644	-3.394	-0.908	-1.847	-2.130	-1.846	-1.990	-1.327	-2.227	-3.117	-2.914	-2.514	-2.545	-2.857	-2.165	-1.867	-2.374	-3.506	-3.612	-3.340	-3.560	-2.716	-4.058	-3.800	-3.238	-4.315	-3.857	-3.016	-2.564	-3.242	-3.367	-3.054
Magneto	AMB_RS21450	AMB_RS21450		acyl-CoA carboxylase subunit beta	0.158	1.680	3.284	0.508	0.117	0.423	0.104	0.963	-0.366	0.719	1.375	2.423	1.260	0.265	0.827	1.352	1.010	1.130	0.467	-0.045	-0.253	0.434	1.517	1.721	-1.537	-1.574	-1.158	-1.097	-1.071	-1.179	-0.310	-0.907	-2.169	-0.689	-0.768	-0.913
Magneto	AMB_RS21455	AMB_RS21455		XRE family transcriptional regulator	-1.610	-6.124	-4.815	-3.195	-4.872	-3.622	-3.102	-3.410	-2.180	-2.614	-0.447	-2.326	-2.814	-4.396	-2.343	-3.395	-4.736	-5.034	-1.562	-3.008	-3.869	-3.609	-2.695	-4.051	-6.869	-4.375	-5.744	-7.122	-5.413	-7.021	-3.044	-4.289	-3.918	-2.889	-2.505	-3.237
Magneto	AMB_RS21460	AMB_RS21460		ATP-dependent helicase	-0.403	-0.204	-1.290	-0.060	0.462	-0.215	0.144	0.258	1.021	1.111	0.814	1.618	-0.258	0.707	-0.432	-0.540	0.683	0.032	0.957	0.657	0.676	-0.035	0.022	-0.102	-0.421	0.005	-1.011	-0.263	-0.059	0.253	-0.313	0.053	-1.762	-0.819	-1.319	-0.150
Magneto	AMB_RS21490	AMB_RS21490		DUF805 domain-containing protein	-0.914	-2.495	0.855	-0.598	-1.118	-1.809	-0.058	1.362	0.741	0.078	-0.579	0.117	0.224	1.112	-0.748	-0.381	0.058	0.128	0.051	-0.530	-0.781	-0.812	0.501	0.405	0.504	-0.735	-0.136	0.016	0.325	-0.422	-1.496	-1.266	-1.068	-0.369	0.391	-0.383
Magneto	AMB_RS21495	AMB_RS21495		DUF484 domain-containing protein	-0.163	0.750	-1.310	-0.268	0.163	0.166	1.400	0.728	0.619	-0.344	-0.419	0.258	0.921	1.022	0.416	0.820	-0.821	-0.264	-0.370	1.065	-0.087	-0.444	0.982	0.665	0.496	0.152	-0.036	-0.129	-0.259	-0.352	-0.495	-0.568	0.453	-0.640	0.717	-0.067
Magneto	AMB_RS21505	AMB_RS21505		DNA helicase RecQ	1.420	-0.088	0.088	-0.550	-0.404	0.345	-1.164	-0.467	-0.296	0.329	1.932	-0.419	0.186	-1.001	0.005	0.395	-0.609	-0.609	-0.682	0.159	-0.457	-0.432	0.100	0.054	-0.809	-0.771	-1.423	-0.839	0.320	-0.661	-0.981	-1.240	-0.582	-2.671	-0.016	-1.255
Magneto	AMB_RS21510	AMB_RS21510		hypothetical protein	0.297	-0.020	-1.562	-0.131	-0.170	0.704	0.345	-0.627	-0.182	0.131	1.626	0.869	0.811	0.770	0.521	0.230	-0.360	0.176	0.184	1.051	0.451	-0.214	1.189	-0.061	0.947	1.240	1.493	0.676	1.848	0.654	0.413	0.296	0.697	1.836	0.362	1.615
Magneto	AMB_RS21515	AMB_RS21515		hypothetical protein	-0.031	0.419	0.609	0.242	-0.159	0.527	0.952	-0.880	0.337	-1.902	-2.454	-0.686	0.770	-0.533	-0.202	0.897	1.166	-1.094	-0.929	-0.233	0.864	0.735	-0.104	0.977	1.352	1.146	0.659	0.644	1.740	0.359	0.904	0.003	0.004	-0.158	0.998	-0.283
Magneto	AMB_RS21530	AMB_RS21530		hypothetical protein	0.815	-0.515	0.743	-1.472	0.745	-0.824	0.208	1.086	1.094	-0.573	-0.294	-1.815	-0.088	-0.619	0.261	0.907	0.851	1.140	-0.620	0.863	-0.625	0.399	-0.791	-0.550	1.625	2.122	2.080	2.870	3.354	3.663	1.008	-0.225	-1.146	0.619	2.029	0.445
Magneto	AMB_RS21535	AMB_RS21535		cyclic nucleotide-binding domain-containing protein	1.292	-3.214	-0.414	0.063	0.045	-1.175	0.444	-0.562	0.742	0.230	0.472	1.594	-0.421	-1.097	0.605	-0.169	0.469	-1.515	0.896	-0.857	0.396	-0.905	-0.181	0.612	-1.585	-1.316	-1.697	-1.564	-0.662	-0.857	-0.775	-1.214	-1.096	-0.914	-1.037	-0.720
Magneto	AMB_RS21540	AMB_RS21540		ubiquinone-binding protein	-0.719	1.953	0.140	2.561	0.432	1.598	1.408	1.134	0.978	0.409	-0.804	0.916	0.632	1.696	0.931	1.701	0.722	0.144	0.913	0.509	0.879	1.002	0.155	0.678	0.050	-0.659	-0.760	-1.463	-0.923	-0.472	1.057	-3.022	-1.032	-0.791	-0.877	-2.637
Magneto	AMB_RS21570	AMB_RS21570		hypothetical protein	-0.160	-0.640	0.207	-0.341	0.550	0.228	-0.825	-0.337	-0.071	-0.338	0.064	-0.753	-0.188	-0.274	-0.424	1.546	0.147	-0.538	-0.957	0.741	-0.924	-0.500	-1.036	-0.926	-0.316	0.338	0.380	0.292	-0.215	0.064	1.601	-0.204	-0.673	-0.332	-0.176	1.112
Magneto	AMB_RS21575	AMB_RS21575		hypothetical protein	-0.731	2.612	0.263	-0.419	-0.279	-0.359	0.590	0.571	-0.176	0.248	-1.381	0.448	-0.426	-0.046	0.607	0.851	0.455	0.930	0.376	0.437	0.574	-0.632	-0.221	-0.111	0.235	-0.524	0.873	-0.448	-0.179	0.312	-0.537	0.096	0.094	-0.969	0.701	-0.255
Magneto	AMB_RS21580	AMB_RS21580		hypothetical protein	0.955	-0.359	0.724	1.880	0.594	0.504	0.189	-0.092	0.758	1.226	0.283	-0.400	-1.060	0.519	0.039	-0.530	1.132	-0.991	0.444	-0.343	-0.281	-0.367	0.012	0.916	-0.365	0.079	0.709	0.263	0.354	0.905	-1.268	-0.467	-0.968	-0.082	1.137	-0.296
Magneto	AMB_RS21585	AMB_RS21585		hypothetical protein	2.285	2.040	0.844	0.147	-0.489	0.726	-1.083	1.037	0.661	1.563	1.073	0.871	0.753	0.667	0.731	-0.148	-0.065	1.113	-0.018	-0.130	0.870	-0.757	1.000	0.826	-0.398	0.140	-0.070	-0.278	0.496	-0.568	0.821	1.137	0.257	2.399	1.025	0.741
Magneto	AMB_RS21590	AMB_RS21590		hypothetical protein	-0.880	0.980	0.437	0.464	0.314	0.218	-0.418	-0.764	-0.207	-0.104	0.172	1.167	0.223	-0.467	-0.235	-0.417	0.249	-0.065	0.156	1.558	-0.240	-0.434	1.270	0.030	-0.166	0.640	-0.804	-0.522	-0.140	-0.440	-0.370	-0.123	0.331	0.225	-1.013	-0.412
Magneto	AMB_RS21595	AMB_RS21595		hypothetical protein	-0.824	-0.922	-0.779	0.686	0.940	-0.377	-0.284	0.968	0.477	-0.404	-1.178	-0.090	0.093	0.230	0.898	1.134	-0.095	-0.158	-0.318	-0.135	0.322	-0.884	0.155	-0.911	0.052	1.682	0.516	0.568	1.895	1.167	1.424	1.394	1.547	1.262	-0.455	1.132
Magneto	AMB_RS21600	AMB_RS21600		hypothetical protein	-0.833	1.528	-0.780	0.915	-0.227	0.226	0.087	0.840	0.903	1.513	1.061	0.932	0.381	0.286	0.105	-0.168	0.911	0.004	1.337	1.423	1.316	0.555	-0.085	0.577	0.231	-0.002	0.360	0.215	0.174	0.089	0.459	0.820	-0.280	-0.152	0.738	-0.103
Magneto	AMB_RS21605	AMB_RS21605		hypothetical protein	-1.428	1.294	0.120	1.018	1.128	1.044	0.730	0.608	1.031	0.762	1.098	-1.152	0.976	-0.010	-0.487	-0.636	1.149	0.197	0.520	0.485	-0.161	-0.603	0.685	1.040	-0.103	0.211	1.232	0.339	0.954	0.729	-0.899	0.674	-0.422	1.817	0.555	-0.414
Magneto	AMB_RS21615	AMB_RS21615		hypothetical protein	0.920	-2.023	1.381	-0.188	0.170	-0.284	0.180	-0.587	0.226	-0.838	0.476	-1.226	-0.006	0.085	0.755	-0.042	0.556	0.955	0.184	-0.171	-0.017	-0.407	0.058	-1.042	0.686	1.088	0.824	1.198	0.619	0.091	-0.183	2.338	1.515	-1.764	0.780	1.419
Magneto	AMB_RS21625	AMB_RS21625		hypothetical protein	0.047	-0.246	0.655	0.308	0.001	0.763	0.737	0.453	-0.004	0.321	0.017	0.250	0.304	0.257	-0.001	-0.000	0.696	0.434	0.299	0.378	0.244	0.637	0.021	0.028	0.523	-0.303	0.701	0.456	0.283	0.598	1.186	0.279	0.075	0.218	0.385	0.580
Magneto	AMB_RS21645	AMB_RS21645		hypothetical protein	-0.324	0.706	-0.779	0.309	-0.573	-0.397	-0.351	0.556	0.731	-0.780	1.688	-0.097	0.625	0.096	-0.202	0.204	-0.461	0.279	0.367	0.929	-0.032	-0.003	0.342	-0.154	-1.113	-1.126	-0.891	-0.190	-0.920	-0.798	0.463	-1.653	1.813	-0.229	0.523	0.009
Magneto	AMB_RS21650	AMB_RS21650		hypothetical protein	-0.031	-0.569	-0.529	0.346	0.104	-0.053	-0.592	-0.139	0.346	-1.076	-0.458	0.254	0.033	-0.730	-0.547	0.933	-0.753	0.709	-0.384	0.925	-0.138	0.302	0.062	0.332	-1.235	-1.393	-1.093	0.062	-0.375	-1.837	0.609	0.189	-1.373	3.186	0.251	-2.266
Magneto	AMB_RS21655	AMB_RS21655		hypothetical protein	0.922	-0.704	1.121	0.148	0.316	0.068	0.463	-0.581	-0.147	-1.034	-0.280	-0.751	-0.239	1.034	-0.742	-1.098	-0.883	0.317	0.412	-0.009	-0.382	0.344	0.328	0.628	0.595	2.045	1.279	0.217	-0.729	0.336	1.075	2.805	-0.562	1.238	0.716	0.885
Magneto	AMB_RS21660	AMB_RS21660		hypothetical protein	1.303	-0.201	-0.063	-1.421	-1.197	-1.271	0.534	-0.064	-1.398	-0.610	-0.846	-0.401	0.339	-1.399	-0.778	-0.794	-0.633	-0.851	-0.947	-0.722	-0.916	-1.822	-1.940	-0.943	1.602	1.335	0.957	1.318	1.078	1.364	-0.450	-0.405	1.001	-1.836	-0.286	0.616
Magneto	AMB_RS21665	AMB_RS21665		hypothetical protein	1.019	-0.211	0.319	-1.208	-0.386	-0.869	-0.418	-0.075	-0.832	-0.358	-1.239	0.330	-0.587	-0.640	-0.551	-1.276	0.825	0.203	-1.266	-1.282	0.338	0.064	-1.226	-0.485	0.050	0.247	1.405	0.467	0.073	0.491	-0.574	0.668	0.439	0.926	-0.568	0.750
Magneto	AMB_RS21680	AMB_RS21680		hypothetical protein	0.900	-0.768	-1.917	-1.893	-1.677	-0.579	-0.972	-0.954	-0.551	-2.553	-1.105	-0.091	-0.799	-1.332	-1.034	-1.240	-0.680	-0.513	-0.947	-1.528	-1.768	0.169	-0.219	-1.472	-1.524	-0.241	-0.531	0.628	0.510	-0.060	-1.735	-1.197	-2.965	-1.449	-1.477	-0.017
Magneto	AMB_RS21690	AMB_RS21690		hypothetical protein	1.241	0.554	-1.102	-0.943	-1.311	-1.645	-0.183	-1.315	-1.466	-1.263	-0.294	0.114	-1.748	-1.715	-1.980	-1.557	0.260	-0.360	-2.119	-1.157	-1.755	-1.037	-0.980	-1.309	-0.479	-0.150	0.122	0.595	0.852	0.464	1.172	0.304	0.158	0.174	-0.114	0.388
Magneto	AMB_RS21695	AMB_RS21695		ATP-binding protein	0.078	2.832	0.232	-0.101	-0.725	-0.506	0.747	0.701	0.388	0.691	0.895	1.395	1.478	0.679	0.310	1.028	0.983	0.550	0.825	1.997	2.145	1.246	2.330	1.917	0.922	0.695	0.471	0.363	0.692	1.345	0.979	0.830	1.118	-0.406	0.078	0.402
Magneto	AMB_RS21700	AMB_RS21700		hypothetical protein	-0.022	2.138	-0.769	0.650	-0.180	2.337	-0.148	0.058	-0.361	1.876	1.334	0.491	2.056	0.396	-0.045	1.021	1.137	0.152	-0.333	-0.440	0.365	-0.085	0.314	0.429	0.211	0.159	0.181	-0.006	-0.026	-0.153	1.191	0.281	0.413	0.941	0.157	0.184
Magneto	AMB_RS21705	AMB_RS21705		site-specific integrase	0.102	-0.218	-2.109	-1.642	-1.646	-1.057	-1.264	-1.147	-1.633	-3.289	-1.148	-2.965	-2.513	-2.431	-2.068	-0.421	-0.695	-0.300	-1.366	-2.492	-2.141	-1.406	-0.499	-1.065	-0.420	-0.854	-0.128	1.304	0.506	-0.017	0.719	-1.118	-1.239	0.440	0.602	0.385
Magneto	AMB_RS21710	AMB_RS21710		hypothetical protein	1.050	-2.580	-0.673	-2.959	-1.401	-1.597	1.666	-1.109	-0.771	-1.716	0.024	-1.058	-0.236	-0.675	-1.420	0.289	0.952	-0.910	-2.036	-0.233	-1.165	0.370	0.484	-1.841	-0.157	0.665	-0.150	2.107	2.207	2.352	-0.384	-0.180	-0.447	-0.994	-0.905	1.089
Magneto	AMB_RS21715	AMB_RS21715		hypothetical protein	-0.092	0.873	-0.107	-0.839	-1.638	-0.397	-0.375	0.325	-0.561	-1.559	-0.828	-1.986	-1.083	-0.826	-0.789	-0.809	0.004	0.090	-1.240	-1.938	-1.449	-0.057	0.979	-0.645	-0.604	-0.875	-0.566	0.071	0.641	-0.907	-1.958	0.780	-1.121	-1.777	-0.554	-0.194
Magneto	AMB_RS21720	AMB_RS21720		hypothetical protein	3.075	1.951	-0.755	-1.498	-1.466	-0.080	-0.745	-1.066	-0.960	-0.341	-0.765	-1.656	-0.691	-1.003	-0.526	-0.515	0.802	-0.374	-0.825	-0.885	-1.467	-0.163	0.845	-0.660	-0.278	-0.395	-0.406	0.325	1.195	0.149	0.367	-0.909	-0.520	1.272	1.533	-0.839
Magneto	AMB_RS21725	AMB_RS21725		hemerythrin	0.994	0.526	-2.865	-1.776	-2.533	-1.753	-0.548	-1.887	-1.221	-1.246	-0.539	-1.380	-1.173	-1.416	-1.967	-0.777	-0.607	-0.399	-2.862	-0.970	-2.306	-1.854	-0.857	-2.001	-2.167	-1.426	-0.435	0.568	1.024	0.699	-1.211	-0.126	-0.927	-0.382	1.451	-0.749
Magneto	AMB_RS21735	AMB_RS21735		hypothetical protein	2.253	-1.152	1.602	1.874	1.563	0.339	1.066	0.530	0.696	1.031	-0.734	-0.954	1.003	0.022	1.065	-0.304	-1.489	0.313	0.432	0.090	0.794	1.181	1.122	1.333	-1.022	-0.379	-0.603	-1.354	-1.063	-1.688	-0.247	-0.853	-2.151	-0.703	-1.751	-0.699
Magneto	AMB_RS21745	AMB_RS21745		signal transduction histidine kinase	-2.616	0.004	-0.758	-0.322	0.388	0.298	-0.035	0.638	-0.263	0.683	2.264	-0.157	-0.118	-1.503	-0.846	-1.430	-0.312	-0.091	-0.649	0.104	1.151	-0.104	0.727	0.705	0.031	-0.194	-0.245	-0.484	-0.449	-1.153	-0.780	-0.425	-0.186	0.484	0.273	0.169
Magneto	AMB_RS21750	AMB_RS21750		DNA-binding response regulator	-0.471	0.179	0.680	-0.973	-0.818	-0.372	-1.095	-0.826	-0.062	-0.176	1.201	-0.912	-0.274	-1.003	-0.688	-0.921	-0.105	-0.445	-1.136	-0.182	0.793	-0.506	-1.704	0.252	-1.527	-1.515	-1.664	-1.731	-1.226	-1.619	-0.532	-1.103	-1.076	-0.638	-0.892	-0.918
Magneto	AMB_RS21755	AMB_RS21755		hypothetical protein	-0.664	0.786	-0.968	0.831	0.713	-0.674	0.376	0.364	0.934	0.738	-0.991	0.058	0.455	-0.051	-1.366	0.821	-0.096	-1.169	0.198	-0.940	0.689	0.536	0.207	-0.024	-0.035	0.608	0.164	0.338	-0.778	-0.587	-0.964	-1.084	0.046	0.007	-0.538	-0.317
Magneto	AMB_RS21760	AMB_RS21760		methyl-accepting chemotaxis protein	0.156	0.397	1.011	-0.092	0.960	-0.121	-0.295	0.369	0.544	-0.087	0.231	-0.608	1.211	-1.021	-1.365	-0.155	0.900	0.057	1.008	-1.188	-0.668	-1.185	-0.071	-0.575	0.821	0.234	0.269	0.922	0.784	-0.109	-0.143	0.447	1.405	-0.646	-0.116	0.318
Magneto	AMB_RS21765	AMB_RS21765		Hsp70 family protein	0.342	0.884	0.396	0.532	0.167	0.817	0.225	0.857	0.609	0.012	0.212	0.921	0.251	0.850	0.596	0.207	0.737	0.595	1.210	0.073	0.788	0.804	0.505	0.097	0.545	0.786	-0.122	0.066	0.301	0.600	0.761	1.258	-0.096	-1.516	0.641	-0.505
Magneto	AMB_RS21770	AMB_RS21770		membrane protein	0.245	-0.393	0.728	-0.356	0.282	-0.800	-0.403	-0.213	-0.523	0.977	-0.132	0.685	0.327	0.074	-0.515	0.800	0.744	-0.199	0.134	0.591	0.096	-0.013	-0.267	0.068	-1.104	-1.284	-1.012	-0.754	-0.979	-0.132	-1.383	-0.350	1.412	-0.683	-2.077	-0.582
Magneto	AMB_RS21775	AMB_RS21775		transcriptional repressor	-0.669	4.890	0.548	3.125	1.581	2.501	2.582	3.466	3.239	0.201	-0.311	-1.651	3.758	2.989	3.331	3.481	3.146	4.560	0.265	1.773	1.129	2.866	3.290	1.928	2.641	3.493	2.770	1.704	2.006	2.487	2.225	3.555	1.137	3.674	-0.685	2.209
Magneto	AMB_RS21790	AMB_RS21790		xanthine phosphoribosyltransferase	-0.400	0.196	1.373	0.470	-0.898	0.704	0.181	2.276	0.663	-0.521	0.729	0.407	0.390	0.553	-0.454	-0.567	-0.195	-0.008	0.592	0.410	1.554	-0.442	-0.261	0.653	0.474	-0.265	1.011	0.300	0.082	0.497	0.545	1.626	1.147	-0.492	1.034	0.103
Magneto	AMB_RS21795	AMB_RS21795		gamma-glutamyltransferase family protein	-3.699	-0.118	0.347	0.728	0.327	0.629	-0.390	-0.402	-0.670	0.482	0.458	1.143	1.258	0.829	-0.356	-0.347	-0.155	0.070	1.535	1.222	0.658	1.113	-0.139	0.457	-1.129	-1.082	-0.676	-1.743	-2.163	-2.092	0.153	0.383	-0.081	1.367	0.945	-0.277
Magneto	AMB_RS21800	AMB_RS21800		hypothetical protein	1.389	0.541	-0.419	0.535	-0.510	0.607	1.131	0.704	0.888	-0.904	0.049	-0.551	0.247	0.368	-0.641	0.781	1.282	0.538	-0.701	-1.496	-0.810	-0.017	0.375	1.504	-0.209	-0.125	0.148	-0.027	-0.174	-0.084	-0.838	-0.976	-1.220	-1.266	-1.055	-1.621
Magneto	AMB_RS21805	AMB_RS21805		glutathione transferase GstA	0.195	0.517	-1.095	-0.941	0.456	-0.187	-0.300	-0.446	-0.197	-0.268	-1.921	0.894	-0.376	-1.164	-0.150	-1.122	-1.346	-0.637	0.169	0.151	-0.908	-0.172	-1.262	-0.135	-0.356	0.303	-0.152	0.734	0.060	-0.198	0.626	1.458	-0.306	0.248	1.618	-0.009
Magneto	AMB_RS21810	AMB_RS21810		tRNA glutamyl-Q(34) synthetase GluQRS	-1.124	-0.315	1.385	1.622	1.412	2.070	1.479	-0.119	1.883	1.528	1.972	1.326	2.322	1.346	0.583	0.895	0.087	0.556	1.050	1.440	1.639	0.260	0.433	0.718	-0.812	0.593	0.061	0.072	0.624	-0.416	1.441	0.762	0.545	1.169	0.402	0.120
Magneto	AMB_RS21815	AMB_RS21815		esterase	-0.760	0.220	-0.881	-0.668	-0.683	0.964	-1.434	0.326	0.205	-1.063	0.348	-0.440	-0.033	0.349	0.932	-1.370	0.577	-0.471	0.580	-1.040	-1.705	0.327	0.267	-0.088	1.412	0.861	0.316	1.249	1.441	0.224	0.086	-1.177	-0.650	1.357	-1.030	0.979
Magneto	AMB_RS21825	AMB_RS21825		chitin deacetylase	1.106	-0.529	0.203	-0.688	-1.057	-0.313	0.114	0.238	-1.240	2.100	-0.106	2.030	-0.492	-1.937	0.864	-0.802	-0.193	-0.551	1.522	2.194	0.969	-1.389	-1.409	0.880	-0.011	0.899	0.707	-0.424	-0.586	-0.254	1.176	2.706	3.256	0.860	2.973	1.201
Magneto	AMB_RS21830	AMB_RS21830		malonic semialdehyde reductase	-0.259	0.670	1.061	2.072	2.052	1.492	1.708	1.261	0.954	1.232	0.152	-0.277	0.950	0.649	0.618	0.222	0.772	0.173	1.019	-0.764	0.285	0.761	0.991	1.574	0.280	0.706	0.297	0.718	1.016	-0.668	0.979	-0.259	0.515	-0.735	1.578	-1.180
Magneto	AMB_RS21835	AMB_RS21835		DUF4197 domain-containing protein	0.102	-0.437	-0.133	1.057	0.176	0.845	1.257	0.700	1.595	0.017	0.473	0.434	-0.446	-0.483	1.023	0.387	0.120	-0.272	-0.754	-0.353	0.732	1.254	0.100	0.591	0.883	0.582	1.475	-0.426	-0.067	-0.238	0.576	0.579	0.253	-1.812	-0.032	0.611
Magneto	AMB_RS21840	AMB_RS21840		hypothetical protein	-1.095	0.044	-2.028	-0.711	-1.724	-0.761	-0.757	0.279	-0.982	-1.613	-2.167	-0.845	-1.505	-2.095	-2.144	-0.236	-0.958	-1.365	-1.686	-0.658	-1.782	-1.092	-1.887	-0.468	-2.229	-1.600	-1.281	-0.890	-0.497	-1.054	-1.498	-0.568	-1.040	-0.032	-0.541	-1.726
Magneto	AMB_RS21855	AMB_RS21855		TerC family protein	2.476	-1.139	2.469	1.445	0.272	0.808	1.077	1.403	0.369	-0.232	0.772	-0.369	1.034	1.220	1.138	1.731	-0.045	0.769	0.388	-0.053	-0.525	-0.188	0.228	0.448	0.764	1.089	-0.474	-0.247	0.612	0.104	-1.032	-0.522	1.029	-0.258	0.634	0.009
Magneto	AMB_RS21860	AMB_RS21860		GGDEF domain-containing protein	-1.901	0.629	-0.088	0.537	0.075	0.969	0.565	0.216	0.537	0.076	-0.138	1.196	-0.137	-1.116	-1.032	0.139	0.194	0.007	1.000	-0.256	-0.037	-0.206	-0.055	-0.201	-0.640	-0.420	-0.792	-0.594	-0.461	-1.202	-0.336	-1.889	-1.496	-0.853	-0.434	-0.874
Magneto	AMB_RS21865	AMB_RS21865		J domain-containing protein	-0.336	-0.803	-0.161	0.271	0.238	0.910	-1.353	1.348	-0.381	0.985	0.730	0.080	0.507	0.159	1.098	0.452	1.011	0.625	1.135	-0.468	1.386	1.072	2.138	-0.245	0.983	0.199	0.819	1.103	0.686	0.926	0.412	0.400	0.262	0.147	-0.359	1.150
Magneto	AMB_RS21870	AMB_RS21870		DUF2189 domain-containing protein	-1.284	-3.270	-0.451	1.811	0.959	0.747	-0.456	0.009	0.845	0.916	0.074	1.038	-0.139	-0.343	0.304	1.129	0.264	0.433	1.202	-0.557	-1.453	-0.919	-0.144	-0.229	-0.840	-0.468	-0.339	0.113	-0.529	0.381	0.664	0.241	0.899	-0.005	-0.206	0.823
Magneto	AMB_RS21880	AMB_RS21880		glycosyl transferase family 1	-2.445	0.178	-0.528	-0.029	0.001	0.279	0.248	-1.149	-0.131	-0.306	-0.350	1.523	-0.561	-0.558	1.502	0.114	-0.634	-0.612	-0.644	0.386	0.120	0.347	0.225	-0.801	0.936	0.508	1.193	1.250	1.865	0.108	-1.060	0.341	-1.410	0.382	0.084	1.864
Magneto	AMB_RS21890	AMB_RS21890		arylesterase	0.398	-0.890	0.869	0.970	1.338	0.066	1.116	1.920	0.683	0.752	1.840	0.654	2.487	0.890	0.821	0.533	0.124	1.042	1.050	1.141	1.155	0.803	1.767	2.772	1.280	0.297	1.468	0.330	0.238	1.142	0.067	-0.534	-0.291	0.074	0.689	-0.076
Magneto	AMB_RS21895	AMB_RS21895		hypothetical protein	-1.162	0.012	0.779	0.290	0.022	1.238	0.084	-0.098	0.900	0.408	1.175	1.050	1.468	0.286	-0.361	0.465	0.428	0.274	0.021	-0.432	-0.265	-0.294	0.682	-0.325	-0.534	0.158	-0.572	-0.676	0.584	0.456	-0.147	1.773	0.709	-1.174	-0.410	0.540
Magneto	AMB_RS21905	AMB_RS21905		hypothetical protein	-0.354	-0.479	-0.142	-0.685	-1.249	-0.922	-1.440	-0.970	-1.282	-1.652	-3.079	-0.088	-0.687	-1.585	-1.858	-0.685	-1.551	-0.728	-1.515	-0.422	-2.971	0.248	-1.123	-0.685	-0.844	-1.055	-0.726	-0.712	-0.872	-0.193	0.882	-0.377	-2.077	-0.288	-0.285	-0.888
Magneto	AMB_RS21910	AMB_RS21910		hypothetical protein	0.436	1.800	-1.012	-1.243	-0.950	-0.098	-0.365	-0.746	0.075	0.606	0.175	1.430	0.711	0.378	0.771	-1.176	-0.596	0.557	0.455	1.440	0.389	0.732	1.171	0.632	1.141	0.476	1.697	-0.097	0.020	-0.044	0.783	1.211	0.767	1.086	1.149	1.450
Magneto	AMB_RS21915	AMB_RS21915		EamA/RhaT family transporter	-0.240	0.561	-1.009	-1.528	2.228	1.237	0.666	-0.660	1.093	-0.460	-0.873	-0.032	0.145	-0.747	-1.658	0.541	0.443	-0.631	-0.481	0.290	1.536	0.757	-0.508	0.177	-0.137	-0.564	-0.426	-0.582	0.253	0.300	2.659	0.906	0.168	0.612	1.675	0.100
Magneto	AMB_RS21920	AMB_RS21920		cation acetate symporter	0.660	0.125	-0.029	-0.023	-0.884	-0.293	0.116	-0.238	-0.017	-0.678	0.692	-0.412	0.331	0.253	-0.212	-0.405	0.597	-0.995	0.010	-0.491	-0.693	-0.264	-1.033	0.076	-0.924	-0.682	-0.139	-0.249	-0.757	-0.435	-0.550	-1.078	-1.115	0.602	-0.220	0.253
Magneto	AMB_RS21950	AMB_RS21950		hypothetical protein	2.327	-1.872	-0.520	1.472	1.031	0.189	-0.139	-0.825	0.529	-0.464	-0.189	1.103	-1.267	-0.186	-0.807	0.190	-0.679	0.723	0.676	-0.281	0.738	-0.053	0.118	-0.226	-1.596	-1.412	-1.392	-1.646	-1.564	-1.258	-0.999	-2.226	-1.266	-0.206	0.144	-0.695
Magneto	AMB_RS21955	AMB_RS21955		hypothetical protein	0.981	0.839	-0.357	-1.472	-0.592	-0.700	0.181	-0.456	-0.512	-1.142	1.925	-0.399	-0.337	-0.786	-0.980	-1.024	-0.048	-0.525	-1.064	-1.415	-1.542	-0.452	-1.885	-1.841	-1.496	-1.367	-1.369	-1.446	-1.136	-1.418	-0.362	-0.802	-0.675	-0.393	-0.561	0.177
Magneto	AMB_RS21960	AMB_RS21960		LysR family transcriptional regulator	1.183	-0.286	-0.401	-0.659	-0.447	-0.135	-2.478	-0.456	-0.122	0.719	1.104	0.475	-0.137	-0.592	0.068	-0.755	-1.404	0.468	0.472	0.410	-0.440	0.290	0.309	-0.282	-0.408	-1.105	0.663	-0.817	-0.445	0.033	0.696	-0.386	-0.177	-1.233	-0.592	0.435
Magneto	AMB_RS21965	AMB_RS21965		ribose ABC transporter permease	2.466	-0.570	4.402	0.183	-0.560	0.797	0.488	0.104	0.768	0.306	2.484	0.052	-0.453	0.200	0.676	-0.795	0.228	1.650	1.038	0.531	2.089	-0.509	1.086	0.014	-1.177	-0.445	0.459	0.772	1.233	0.738	0.071	-1.434	-2.272	-2.762	-3.066	-2.623
Magneto	AMB_RS21970	AMB_RS21970		molecular chaperone HtpG	0.533	-0.025	0.140	0.025	-0.393	0.341	0.644	0.803	0.921	-0.821	0.431	-1.703	-0.127	-0.139	0.287	0.224	0.199	0.510	-1.156	0.379	-1.387	0.267	0.792	0.568	0.874	1.211	0.840	1.508	1.847	1.123	-2.374	-3.803	-3.684	-0.250	-2.095	-1.534
Magneto	AMB_RS21975	AMB_RS21975		GGDEF domain-containing protein	-1.258	-0.180	-0.151	0.666	0.658	1.095	-0.220	-0.950	-0.793	0.761	0.767	1.535	0.118	-0.375	-0.912	-0.567	0.061	0.926	-0.953	-1.994	-0.231	0.293	-0.615	0.220	2.086	2.655	2.932	1.330	2.016	2.496	0.265	1.023	2.413	-1.057	1.914	1.252
Magneto	AMB_RS21980	AMB_RS21980		prenyltransferase	-1.367	0.739	0.890	-0.226	-0.114	0.994	0.142	-0.589	0.732	0.677	1.215	1.065	1.072	1.060	0.873	-0.483	-0.287	0.361	1.560	1.286	2.256	1.253	-0.032	0.680	-1.259	-0.695	-0.301	-0.685	-0.437	-0.417	-1.342	-0.059	0.212	-0.903	-0.561	-1.339
Magneto	AMB_RS22000	AMB_RS22000		MFS transporter	0.891	0.276	-0.535	-0.529	0.459	-0.460	-0.040	-0.604	-0.651	1.142	-0.165	-0.878	-1.618	-0.934	-0.850	-1.970	-0.733	-1.567	0.808	-0.606	-1.295	-1.373	0.265	-0.451	0.106	0.761	-0.641	-0.667	-0.435	-0.854	0.628	1.142	0.018	1.267	0.893	0.132
Magneto	AMB_RS22005	AMB_RS22005		HD domain-containing protein	-0.348	0.024	1.078	0.179	0.067	-0.129	-0.379	0.756	2.011	-0.939	0.828	-0.192	1.576	0.404	1.720	0.779	0.393	0.931	1.511	2.293	0.665	-0.622	1.155	1.244	-1.294	-1.193	-1.262	-1.212	-1.169	-1.333	-0.417	-0.791	-0.722	-0.527	-0.620	-0.852
Magneto	AMB_RS22010	AMB_RS22010		hypothetical protein	1.180	0.078	0.438	0.272	0.111	-0.060	-0.748	0.146	-0.335	0.869	0.640	-0.959	0.578	-0.861	0.045	0.056	-0.328	0.471	-0.974	0.090	-1.085	-0.239	-1.599	-0.316	-0.680	-1.774	-1.647	-0.871	-1.332	-1.341	-0.710	0.390	-1.272	-0.214	0.334	-0.562
Magneto	AMB_RS22015	AMB_RS22015		methyltransferase domain-containing protein	0.309	0.733	0.076	0.666	0.231	0.430	-0.041	1.143	1.054	0.000	-0.073	0.717	0.002	0.049	0.879	0.446	1.154	0.084	1.043	0.050	1.514	0.880	-0.464	0.502	-0.122	0.161	0.684	0.502	0.499	1.439	-0.860	0.101	0.833	0.651	-0.870	0.988
Magneto	AMB_RS22030	AMB_RS22030		membrane protein insertion efficiency factor YidD	0.614	-1.459	0.146	0.234	0.454	1.303	0.117	0.573	0.317	0.509	1.748	0.210	0.919	0.480	0.786	-0.066	-0.230	0.355	1.009	0.721	1.381	1.060	0.425	0.851	0.297	0.600	0.129	0.586	-0.107	0.653	0.067	0.330	-0.484	-0.544	-0.009	0.420
Magneto	AMB_RS22050	AMB_RS22050		NCS2 family permease	-1.569	1.271	0.108	-0.764	-0.166	-0.199	0.410	0.229	0.136	0.239	-0.558	0.307	-0.016	-0.029	-0.374	-0.057	-0.352	-0.963	1.389	0.328	1.479	0.429	1.005	-0.304	0.194	-0.124	-0.407	-0.401	-0.692	-0.310	0.980	-0.486	0.288	0.769	0.536	0.471
Magneto	AMB_RS22060	AMB_RS22060		XRE family transcriptional regulator	-2.476	1.300	1.214	0.216	0.343	-1.082	0.098	1.915	0.492	0.781	0.477	2.596	1.452	0.776	1.257	0.583	1.576	0.837	-0.501	1.379	-0.544	0.292	1.540	0.654	-0.623	0.099	0.100	0.061	-0.007	0.010	-1.810	-0.318	1.233	0.153	-0.409	1.343
Magneto	AMB_RS22065	AMB_RS22065		class I SAM-dependent rRNA methyltransferase	2.251	1.771	-0.720	0.021	-1.114	0.113	-1.459	-0.237	-0.746	-0.008	-0.572	0.170	-0.275	-0.535	0.114	-0.305	-1.172	0.464	-0.688	-1.226	-0.642	-0.559	-0.612	0.114	-1.155	0.447	0.474	0.352	0.035	0.046	0.797	0.256	1.155	-0.585	0.692	1.667
Magneto	AMB_RS22085	AMB_RS22085		cytochrome c oxidase accessory protein CcoG	-1.064	-3.821	7.113	-8.436	-6.993	-5.830	-7.990	-6.738	-6.281	-8.054	-8.407	-5.785	-6.065	-6.476	-5.751	-5.379	-4.749	-4.138	-5.995	-7.627	-5.789	-4.659	-5.009	-4.735	-3.924	-3.026	-3.465	-3.244	-2.658	-3.195	-1.581	-1.973	-2.357	-3.243	-3.602	-3.458
Magneto	AMB_RS22105	AMB_RS22105		transcriptional regulator	0.823	1.356	2.934	-1.307	-0.292	-0.839	-1.244	0.148	-0.101	0.387	-0.564	1.024	0.542	-0.185	0.824	0.344	0.337	0.189	1.583	-0.559	0.566	1.424	1.351	1.004	0.696	1.034	0.921	0.732	1.400	1.256	1.287	-0.144	0.039	0.378	0.091	-0.185
Magneto	AMB_RS22120	AMB_RS22120		TldD/PmbA family protein	0.202	-1.704	2.236	-0.163	1.790	0.325	0.010	0.812	1.133	0.946	0.327	-0.232	0.815	0.115	1.406	1.653	-0.881	1.148	-0.413	1.311	0.717	-0.232	0.690	-0.601	-0.284	-0.768	-0.380	-0.059	-0.370	0.004	-1.714	-1.593	-1.125	-0.926	-0.392	-0.908
Magneto	AMB_RS22125	AMB_RS22125		hypothetical protein	-1.003	-0.515	1.177	-2.138	-0.456	-1.413	-3.453	-2.179	-1.897	1.129	0.492	2.424	-0.220	-1.841	-0.799	-1.907	-2.936	-3.153	4.140	2.394	2.720	-1.972	-1.202	-1.317	-1.788	-0.427	-1.112	-2.026	-0.814	-1.826	-2.787	-4.528	-4.028	-2.366	-2.256	-1.892
Magneto	AMB_RS22145	AMB_RS22145		dienelactone hydrolase family protein	0.669	-0.696	-0.674	-1.687	-1.267	-1.138	-0.182	-0.423	-1.154	-0.611	0.221	0.509	-0.156	-0.653	-0.148	-0.769	-0.969	-0.431	0.036	1.175	-0.211	-1.168	0.163	-1.790	-0.415	-0.475	-0.165	-0.674	-0.577	-0.155	0.730	-1.165	-0.612	-0.459	0.723	-1.261
Magneto	AMB_RS22150	AMB_RS22150		MarR family transcriptional regulator	0.121	-2.112	-1.016	-2.304	-1.873	-1.516	-0.734	-1.013	-1.668	-1.131	-0.847	-0.308	-0.877	-1.235	-0.914	-1.401	-1.026	-0.957	-0.847	-0.786	-0.889	-0.910	-1.316	-0.839	-0.231	0.373	0.211	-0.091	-0.565	-0.552	0.889	0.309	0.330	-0.514	0.229	-0.024
Magneto	AMB_RS22180	AMB_RS22180		EamA/RhaT family transporter	-1.040	0.801	0.025	-1.175	-0.683	-0.093	-0.104	-0.984	-1.650	-0.187	0.120	1.080	-0.726	-1.245	-1.496	-0.236	-0.518	-0.966	-0.597	-0.326	0.327	-0.258	-1.032	-1.204	-1.216	-0.361	-0.887	-0.899	-0.286	-0.863	-0.883	-1.187	-0.096	-0.457	-0.212	-0.905
Magneto	AMB_RS22205	AMB_RS22205		hypothetical protein	-0.697	-0.554	0.545	0.181	-0.464	0.864	-0.320	1.279	0.746	0.701	-0.613	2.006	0.830	1.830	1.241	0.501	0.774	0.686	-0.098	0.668	-0.502	0.258	0.904	-0.406	-0.353	-0.495	-1.263	-0.516	-2.123	-1.807	-0.454	-1.297	-0.887	-1.638	-1.350	-1.434
Magneto	AMB_RS22215	AMB_RS22215		cupin domain-containing protein	1.912	0.021	0.629	0.837	1.378	0.760	0.036	0.125	0.183	0.984	1.151	0.087	0.770	-0.027	0.771	-0.606	-0.635	0.493	1.815	0.487	0.530	0.299	-0.414	0.601	1.624	0.915	1.658	0.563	0.297	0.476	1.397	1.229	0.225	0.860	0.679	0.221
Magneto	AMB_RS22220	AMB_RS22220		phosphoenolpyruvate--protein phosphotransferase	-2.900	2.222	2.212	1.525	1.095	2.134	1.917	1.973	1.566	1.259	1.971	1.853	1.380	2.313	2.942	1.585	0.569	1.558	2.583	2.629	2.111	2.415	2.012	3.050	1.146	0.656	0.422	0.581	0.742	0.163	0.038	1.807	0.772	1.327	0.056	1.376
Magneto	AMB_RS22235	AMB_RS22235		RNase adaptor protein RapZ	0.329	-1.248	-3.346	-2.393	-2.274	-1.505	-0.679	-1.850	-1.397	-3.134	0.099	-0.267	-1.329	-1.449	-1.106	-1.492	-1.608	-2.130	-0.506	0.806	-0.677	-2.344	-3.400	-0.648	-1.642	-1.572	0.028	-0.939	-0.010	-1.155	-0.880	-1.775	-1.368	-1.111	-1.285	-1.599
Magneto	AMB_RS22250	AMB_RS22250		DUF1848 domain-containing protein	-1.735	-0.443	0.210	-1.183	-1.400	-0.981	-0.753	-0.929	-0.467	-1.176	-0.377	-0.404	-1.034	-0.777	-1.234	-1.101	-0.436	-0.749	-0.778	1.120	-0.512	-1.258	-1.412	-1.428	-0.882	0.357	0.148	0.942	-0.692	-0.196	0.324	0.488	1.155	-0.177	1.272	0.738
Magneto	AMB_RS22260	AMB_RS22260		hemerythrin-like protein	-0.284	0.545	-0.501	0.309	-0.953	0.634	-0.507	0.799	-0.681	-0.608	-0.022	-0.183	1.452	-1.444	0.508	-0.379	-0.684	-0.227	0.742	0.635	0.757	-0.613	0.248	-0.214	-0.046	0.484	-0.371	0.014	-0.156	-0.040	-2.449	1.994	0.570	-0.576	0.094	-0.396
Magneto	AMB_RS22265	AMB_RS22265		hypothetical protein	0.195	0.057	-0.350	-2.474	-2.395	-2.301	-2.067	-2.085	-2.103	-2.452	1.165	-1.259	-2.496	-0.976	-1.288	-3.089	-1.069	-1.120	-0.687	-0.655	-2.959	-1.680	-1.133	-1.115	-2.422	-1.042	-2.930	-1.000	-2.324	-1.378	0.165	-0.245	-0.040	-0.332	0.021	-0.901
Magneto	AMB_RS22275	AMB_RS22275		universal stress protein	2.540	0.980	-1.485	-0.477	1.224	0.048	-1.558	-1.576	-1.215	6.323	4.179	5.194	-0.179	0.023	0.936	0.910	-0.118	0.566	1.782	2.296	1.543	-0.891	0.681	0.552	-0.566	-0.417	-0.683	-2.365	-2.501	-1.747	8.190	6.901	3.955	9.893	7.403	8.433
Magneto	AMB_RS22280	AMB_RS22280		hypothetical protein	-11.456	-4.240	0.615	-0.436	-1.121	-0.825	-0.720	0.665	0.302	-7.930	-3.951	-8.091	-0.527	0.797	-0.010	1.326	1.214	1.359	-4.798	-3.463	-6.529	0.658	-0.101	-0.330	-17.280	-13.166	-14.454	-17.256	-10.089	-10.527	-9.946	-11.635	-8.976	-8.569	-11.482	-11.074
Magneto	AMB_RS22285	AMB_RS22285		sulfite exporter TauE/SafE family protein	-1.953	-0.840	-0.048	-0.564	0.056	0.718	1.202	1.114	0.537	-5.230	-1.121	-2.106	-0.308	0.152	0.142	1.009	1.327	1.478	-2.088	-1.205	-2.338	0.183	0.331	-0.095	-0.814	0.435	-0.074	-0.374	0.756	1.015	-5.487	-5.532	-6.579	-1.250	-1.225	-2.078
Magneto	AMB_RS22290	AMB_RS22290		DUF2333 domain-containing protein	-0.323	-0.648	-1.056	0.561	1.294	1.349	0.347	2.196	0.211	2.542	2.659	2.347	0.969	0.965	-0.152	0.704	0.884	1.627	1.996	3.034	1.675	2.645	1.107	1.405	-1.383	-1.872	-0.952	-0.647	-1.364	-0.875	-0.453	-1.262	-1.589	-0.090	-0.774	-0.033
Magneto	AMB_RS22305	AMB_RS22305		N-acetyltransferase	-1.326	-0.774	-1.223	-1.249	-1.005	-0.195	-1.725	-1.801	-1.360	-0.914	-1.469	-1.296	-0.895	-1.323	-1.769	-0.429	-0.879	-0.589	-0.839	0.515	-1.411	-0.776	-0.074	-0.766	-1.732	-0.144	0.749	1.346	1.909	0.961	-1.044	-0.749	-1.436	-0.054	-0.604	0.025
Magneto	AMB_RS22315	AMB_RS22315		membrane protein	-1.031	0.069	-0.814	-3.742	-2.509	-3.271	-2.128	-2.924	-1.114	-5.904	-2.378	-3.360	-2.774	-2.843	-1.540	-2.149	-1.796	-1.073	-4.581	-1.893	-1.915	-6.774	-7.996	-5.382	-4.239	-3.484	-4.432	-3.762	-4.402	-4.115	-1.173	-1.787	-2.542	-1.414	-2.706	-2.975
Magneto	AMB_RS22320	AMB_RS22320		carbohydrate porin	0.884	0.445	-0.554	-0.848	-0.670	0.710	0.143	0.613	0.245	-0.178	-0.631	0.202	-0.069	-0.732	-0.032	0.720	0.177	0.153	-0.296	-1.089	0.012	-5.055	-3.868	-5.055	-0.747	0.144	-0.748	-0.525	0.480	0.134	-0.897	-0.048	-0.798	-1.409	-2.559	-0.539
Magneto	AMB_RS22325	AMB_RS22325		4Fe-4S binding domain-containing protein	-1.099	-0.477	0.193	-3.700	-2.345	-2.494	-3.600	-2.228	-2.842	-2.878	-2.176	-1.061	-2.816	-2.065	-1.821	-4.117	-2.465	-1.903	-5.657	-3.603	-1.887	-6.882	-10.120	-7.755	-4.457	-4.750	-5.100	-7.056	-7.301	-6.005	-1.429	-3.037	-4.572	-3.367	-2.188	-3.027
Magneto	AMB_RS22340	AMB_RS22340		DNA mismatch repair protein MutL	-1.595	-1.635	-1.029	-0.318	-0.507	-1.153	-1.576	-1.258	-1.122	-0.295	1.541	0.163	-0.817	-0.747	-0.930	-0.169	-1.280	-1.479	0.637	0.147	-0.029	-0.904	-0.771	-0.234	0.493	1.152	0.753	-0.369	0.532	0.193	2.078	1.208	2.027	2.175	1.994	1.373
Magneto	AMB_RS22345	AMB_RS22345		hemerythrin domain-containing protein	-1.359	-1.858	1.182	0.341	0.407	0.472	-0.637	-0.832	0.170	0.618	0.034	-1.018	-0.846	0.042	0.982	-0.003	-0.314	0.607	0.596	-1.325	-0.368	-0.214	0.432	-1.604	-0.295	-0.460	-0.727	-0.428	-0.191	0.176	0.763	-0.760	-1.302	1.569	-0.116	0.890
Magneto	AMB_RS22350	AMB_RS22350		transcription elongation factor GreB	0.611	-0.120	-0.881	-2.181	0.152	0.712	-0.583	-0.343	-0.702	-0.706	-1.485	-1.924	0.726	-0.860	-1.249	0.782	0.168	-0.041	-0.486	-1.119	0.089	-0.851	0.551	-0.437	-0.967	-1.067	-0.878	-1.048	-1.080	-1.196	-0.263	-1.030	-1.029	-0.001	-2.323	-1.379
Magneto	AMB_RS22375	AMB_RS22375		hypothetical protein	-0.372	0.543	-1.141	-2.250	-0.743	-0.909	-2.383	-2.133	-2.104	-0.565	-0.831	-0.144	-1.433	-1.216	-2.310	-2.138	-1.632	-2.736	-0.278	0.785	-0.969	-1.542	-1.749	-1.894	-0.815	-1.038	-0.772	-0.844	-1.139	-0.973	-1.079	-0.525	-0.314	-0.345	0.912	-0.896
Magneto	AMB_RS22380	AMB_RS22380		cytochrome C4 precursor	-0.444	0.637	0.632	-0.958	-1.517	-0.821	-0.277	0.057	-0.032	0.430	-1.356	-0.239	-1.709	1.137	0.089	0.653	-0.252	-0.156	-0.842	-1.246	-0.397	-0.300	-0.284	-0.317	-1.480	0.745	-2.035	-0.785	-0.615	-1.378	-0.880	-0.500	0.950	0.615	-0.100	0.370
Magneto	AMB_RS22410	AMB_RS22410		hypothetical protein	2.224	-0.751	-0.873	-0.673	-0.375	-0.815	-0.447	-1.457	-0.313	-0.859	0.818	-0.504	-1.397	-1.242	-0.853	-0.134	-1.748	-0.850	-1.207	-0.342	-0.529	-1.182	0.050	-0.699	-0.513	-0.097	-1.005	0.342	-0.376	-0.121	-1.099	-0.315	-1.532	-1.973	-2.454	-1.231
Magneto	AMB_RS22415	AMB_RS22415		hypothetical protein	3.388	-1.463	-0.243	0.504	0.723	-0.058	-0.890	-0.315	-0.497	0.744	1.222	1.680	0.163	-0.642	0.474	-0.482	-0.178	0.047	1.317	1.546	1.060	-0.686	0.150	0.161	0.220	0.123	0.502	0.069	-0.494	-0.005	0.804	0.995	0.353	0.355	1.782	0.125
Magneto	AMB_RS22420	AMB_RS22420		hypothetical protein	0.941	0.366	-0.963	0.845	0.387	1.291	-0.077	-0.082	-0.108	0.104	-1.781	-0.218	0.030	1.829	-0.222	0.623	0.255	0.261	-0.022	-0.819	-0.893	0.289	0.073	0.097	-0.111	0.029	-0.958	0.268	0.145	0.383	-0.765	0.072	0.959	0.714	-0.831	0.709
Magneto	AMB_RS22430	AMB_RS22430		integrase	1.307	-0.017	-0.387	-0.638	-0.516	-0.304	-0.786	0.305	0.158	-0.621	1.249	0.122	-0.033	-0.949	-0.085	-0.638	0.157	0.399	-0.009	-0.166	-0.600	0.259	-0.658	0.037	-0.205	0.104	0.216	-0.369	0.399	0.498	0.872	-1.057	-0.786	-0.974	-0.119	0.437
Magneto	AMB_RS22445	AMB_RS22445		tetratricopeptide repeat protein	2.785	0.022	2.822	1.123	2.317	0.867	1.419	1.471	1.615	3.757	2.184	4.039	3.600	2.291	2.053	1.629	2.545	1.306	3.486	5.255	3.142	1.719	2.595	2.651	-1.476	-0.517	-0.518	-0.783	-0.608	-1.559	1.667	1.174	1.387	2.034	0.268	0.650
Magneto	AMB_RS22450	AMB_RS22450		electron transfer flavoprotein-ubiquinone oxidoreductase	-9.986	-4.940	1.320	-5.363	-5.896	-6.069	-5.693	-6.079	-7.436	0.723	1.354	0.875	-4.180	-4.824	-4.414	-3.471	-2.969	-5.066	-1.453	-0.835	-1.152	-3.222	-0.680	-1.311	-16.329	-10.065	-13.984	-15.938	-15.705	-13.295	-5.893	-4.449	-8.460	-6.808	-10.340	-11.834
Magneto	AMB_RS22475	AMB_RS22475		hypothetical protein	0.633	-0.150	-0.526	-0.651	-0.908	0.321	0.093	-0.056	-0.030	0.049	-1.291	0.783	0.398	-0.426	-1.100	0.072	0.274	0.552	-0.067	-0.218	-1.191	0.462	0.412	0.396	0.414	-0.625	0.349	0.613	0.746	-0.698	-0.401	-1.485	-0.675	-0.370	-0.168	0.562
Magneto	AMB_RS22480	AMB_RS22480		cell division ATP-binding protein FtsE	-0.162	-1.901	-0.006	-0.243	0.164	-0.408	-0.615	-0.059	-0.373	-0.418	0.057	-0.063	0.255	-0.799	-0.571	-0.762	-0.143	0.209	-0.044	0.867	-0.041	-0.020	-1.086	-1.302	-0.942	-0.945	-0.923	-0.853	-0.765	-0.868	-0.454	-0.584	-0.618	0.162	-0.583	-0.315
Magneto	AMB_RS22485	AMB_RS22485		cell division protein	-0.199	-0.437	0.502	0.085	-0.697	-0.624	0.666	-0.161	-0.845	0.443	-0.175	-0.200	-0.648	-0.751	-0.607	0.699	-0.981	-0.543	0.885	-0.473	-0.095	-0.314	-0.245	-0.091	-0.689	0.600	0.555	0.726	0.829	0.611	1.789	0.408	-0.393	0.207	0.550	0.597
Magneto	AMB_RS22490	AMB_RS22490		YdcF family protein	-0.822	-2.224	-0.820	-1.665	-0.883	-0.988	-0.565	-2.064	-1.583	-2.007	-1.080	-0.673	-1.410	-0.662	-0.974	-2.062	-0.528	-2.823	0.363	-0.243	-0.810	-1.602	-2.069	-2.845	-1.701	-1.141	-1.155	-1.107	-1.589	-1.321	-0.152	-1.859	-0.715	-0.724	-1.060	-0.963
Magneto	AMB_RS22500	AMB_RS22500		ribonucleoside-diphosphate reductase, adenosylcobalamin-dependent	2.203	0.215	1.339	0.994	-0.506	-0.448	0.542	1.130	1.404	0.119	-0.067	0.097	-0.432	0.085	-0.901	1.041	1.226	0.276	-1.203	0.925	-1.577	-0.932	-0.551	-1.047	1.003	1.101	0.884	1.336	0.680	0.982	-0.836	-0.581	-0.480	1.864	0.693	-0.240
Magneto	AMB_RS22510	AMB_RS22510		alanine--glyoxylate aminotransferase family protein	1.057	1.586	0.814	0.888	1.601	0.515	1.506	1.025	1.004	0.589	-0.140	0.544	1.900	1.329	-0.550	-1.310	1.682	0.331	1.483	1.274	0.047	0.203	1.811	0.201	-0.694	0.054	1.260	0.090	0.084	0.846	0.118	-1.364	0.058	-0.684	-0.466	-0.652
Magneto	AMB_RS22515	AMB_RS22515		DUF2125 domain-containing protein	-0.711	1.711	-1.399	-1.025	0.261	-0.627	-1.347	-0.460	-0.876	-0.509	0.376	0.992	-0.849	-0.832	0.959	-0.720	-1.114	-1.975	-0.107	0.291	0.562	-1.191	-1.527	-0.839	-0.972	-1.248	-0.882	-0.576	-1.101	-0.840	1.183	-1.651	-1.379	0.899	-0.541	-0.779
Magneto	AMB_RS22520	AMB_RS22520		gamma-glutamylcyclotransferase	1.083	0.276	0.179	0.241	0.134	-0.097	-0.055	-0.350	-0.212	0.314	0.270	-0.377	1.008	0.120	0.657	0.381	-0.156	-0.244	1.305	0.629	0.276	-0.468	-0.444	-0.624	0.696	0.904	-0.496	-0.554	0.532	-1.044	0.736	0.816	0.142	1.145	-0.282	-0.899
Magneto	AMB_RS22525	AMB_RS22525		UTP--glucose-1-phosphate uridylyltransferase	-0.557	0.735	0.246	0.666	-0.594	0.543	0.462	0.798	1.558	1.434	0.406	-0.307	1.662	0.704	0.301	2.010	1.397	0.510	0.554	0.104	0.952	0.945	0.833	0.484	-0.924	0.290	-1.152	-0.802	-0.086	-0.118	-0.554	-0.969	-0.864	0.036	-1.560	-2.053
Magneto	AMB_RS22530	AMB_RS22530		DNA/RNA non-specific endonuclease	1.018	0.166	0.061	-0.201	-0.733	-0.005	-0.373	1.100	0.713	-0.896	-0.671	-0.683	0.749	-0.951	-0.125	0.126	1.225	0.785	-1.050	0.339	-0.365	-1.145	0.217	-0.490	-0.413	0.038	-1.270	-0.081	0.626	-0.114	-0.083	-2.376	-1.091	-0.444	-1.051	-1.246
Magneto	AMB_RS22535	AMB_RS22535		hypothetical protein	-0.792	-0.313	0.140	-1.504	0.425	-0.272	-0.304	-0.292	-0.551	-0.251	-1.729	0.072	-0.002	0.291	0.488	-0.357	0.828	1.618	0.297	-0.349	0.424	0.333	0.035	1.036	0.157	-0.487	0.993	-0.359	-1.181	-0.199	0.742	-1.146	-0.127	-0.500	0.768	-0.095
Magneto	AMB_RS22540	AMB_RS22540		alpha-hydroxy-acid oxidizing protein	2.719	-0.863	-0.359	-0.556	0.161	0.300	-0.432	0.999	0.696	0.041	-0.647	0.878	0.057	-0.364	0.272	0.909	0.874	0.502	-0.112	-0.141	-0.303	-0.812	-0.329	-0.717	0.304	0.658	0.163	0.896	0.328	1.129	0.365	0.622	-1.007	-0.265	0.650	0.679
Magneto	AMB_RS22545	AMB_RS22545		D-alanyl-D-alanine dipeptidase	-1.865	-1.514	-1.160	0.195	-0.627	-0.710	-0.471	-0.583	-0.610	-0.182	0.366	-0.396	0.500	0.091	0.878	0.611	0.479	-0.869	0.154	0.158	-0.211	-0.154	-0.418	-0.323	1.159	0.666	-0.122	0.268	-0.361	0.212	0.234	-1.515	-0.166	1.093	-0.689	0.345
Magneto	AMB_RS22555	AMB_RS22555		N-acetyltransferase	-0.656	0.093	-1.812	-1.907	-0.835	-1.079	-1.619	-0.250	-1.634	-0.995	0.268	0.102	-1.061	-1.060	-0.575	-1.056	-0.298	-0.174	-0.946	-0.134	-1.188	-1.214	-0.913	-0.118	0.422	-0.991	0.268	0.322	-0.406	-0.640	0.869	-0.501	1.207	0.543	0.281	0.802
Magneto	AMB_RS22565	AMB_RS22565		MucR family transcriptional regulator	1.402	-4.108	2.563	-1.728	-0.397	-0.495	-1.529	-0.421	0.613	-13.325	-3.708	-7.837	-1.247	-1.634	-1.184	-1.039	-0.974	-0.901	-5.963	-7.905	-5.247	-2.242	-2.608	-2.762	-3.234	-1.944	-1.326	-1.969	-0.790	-0.102	-3.102	-10.090	-9.138	-7.842	-8.378	-9.894
Magneto	AMB_RS22570	AMB_RS22570		transcriptional repressor	-0.133	0.117	-0.501	0.222	-0.624	-0.463	-0.290	0.977	-1.126	-1.717	-0.974	-2.069	0.788	-0.925	0.162	0.159	0.390	-0.258	-0.535	0.104	-0.285	-0.468	-1.246	-0.545	-0.709	-0.638	-0.294	-0.155	-1.552	-0.576	1.147	0.912	0.303	0.956	0.819	-0.010
Magneto	AMB_RS22575	AMB_RS22575		GNAT family N-acetyltransferase	1.721	0.106	-0.743	-2.495	-3.411	-3.125	-2.977	-2.734	-3.794	-3.311	-1.499	-2.664	-2.545	-2.348	-1.532	-3.162	-2.397	-2.222	-1.990	-0.968	-0.778	-2.032	-1.574	-1.767	-5.882	-4.750	-5.740	-4.088	-2.867	-3.624	-4.217	-11.998	-8.338	-6.968	-8.123	-10.075
Magneto	AMB_RS22580	AMB_RS22580		1-acyl-sn-glycerol-3-phosphate acyltransferase	-5.482	-1.177	-2.135	-3.662	-3.138	-2.958	-3.357	-4.340	-4.793	-1.884	-1.728	-2.350	-2.899	-2.796	-2.310	-2.849	-3.508	-3.915	0.151	0.656	-1.915	-2.556	-2.828	-3.432	-6.338	-6.812	-6.988	-5.626	-4.022	-6.696	-5.259	-7.291	-8.819	-8.097	-8.067	-8.327
Magneto	AMB_RS22585	AMB_RS22585		tRNA-2-methylthio-N(6)-dimethylallyladenosine synthase	1.565	1.606	1.762	-1.047	-0.087	-0.143	-0.027	0.518	0.331	-1.892	-3.156	-1.799	-0.070	-0.219	0.685	0.866	0.111	-0.015	-1.823	-0.255	-0.349	-0.023	0.080	-0.119	-0.801	-1.103	0.350	-0.975	-0.827	0.103	0.227	-1.263	0.436	-2.071	-2.682	-2.591
Magneto	AMB_RS22590	AMB_RS22590		PhoH family protein	-0.292	1.768	-0.178	-1.432	-0.626	0.455	-0.844	0.074	-0.069	-2.083	-1.188	-0.857	-0.197	-0.128	-1.510	0.478	0.633	-0.989	-1.342	-1.485	-2.161	-1.376	-0.656	0.261	-1.331	-0.932	-0.845	-1.436	-0.557	-1.301	-1.196	-2.941	-3.292	-3.520	-4.168	-2.913
Magneto	AMB_RS22610	AMB_RS22610		XRE family transcriptional regulator	-0.525	1.726	3.359	3.251	3.443	2.095	0.951	1.925	2.320	2.419	3.916	2.288	2.433	3.098	1.590	0.927	0.747	0.106	3.199	2.093	1.947	4.487	2.836	3.325	-4.686	-1.563	-1.607	-1.471	-1.185	0.658	2.303	0.727	1.880	0.117	-1.152	-0.999
Magneto	AMB_RS22620	AMB_RS22620		tRNA (guanosine(46)-N7)-methyltransferase TrmB	1.701	0.206	0.063	-0.627	0.573	-1.385	-0.636	-1.184	-1.871	-0.343	-0.032	0.718	-1.054	-1.060	-0.650	-0.612	-0.979	-1.044	-1.057	-0.987	-0.176	-1.395	-1.021	-0.144	0.496	0.601	0.391	1.383	1.705	0.892	0.383	-0.409	0.694	0.666	-0.221	-1.716
Magneto	AMB_RS22635	AMB_RS22635		phosphate transport system regulatory protein PhoU	-0.531	-2.309	0.726	0.439	0.198	-0.157	0.627	1.081	-0.045	0.311	0.498	1.204	-0.378	-0.231	-0.505	0.253	0.914	-0.241	-0.485	1.273	-0.480	-0.111	-0.004	0.710	-2.439	-0.828	-3.139	-2.183	-0.310	-2.180	-0.089	-1.581	-2.438	-2.032	-1.864	-2.643
Magneto	AMB_RS22640	AMB_RS22640		phosphate ABC transporter ATP-binding protein	0.331	0.413	2.015	1.082	1.727	-0.037	2.184	1.344	0.254	2.029	1.272	1.757	1.590	1.843	1.496	3.086	1.400	1.529	0.438	0.125	1.812	1.992	1.108	0.871	-0.486	-0.232	-2.290	-1.018	-2.551	-0.744	-0.266	-0.462	-0.001	-2.726	1.836	-1.022
Magneto	AMB_RS22655	AMB_RS22655		MFS transporter	-2.128	0.402	0.044	-0.602	0.273	1.247	-0.236	-0.252	1.328	0.649	-0.669	0.865	0.399	-0.110	0.022	1.206	0.369	-0.078	0.914	1.765	0.332	-0.432	0.387	0.923	-1.776	-0.201	-1.286	-0.779	-0.887	-0.159	-2.230	0.281	-0.719	-0.118	0.060	0.053
Magneto	AMB_RS22665	AMB_RS22665		lipopolysaccharide heptosyltransferase family protein	2.431	-0.396	-0.035	0.399	0.817	1.067	-0.263	1.311	-0.182	1.536	-0.590	0.629	0.084	0.668	0.613	0.185	-0.180	0.276	-0.190	2.393	0.361	0.405	0.673	0.776	-2.203	-1.978	-1.013	-1.373	-1.084	-2.266	-0.403	0.116	0.643	-0.897	-0.222	-0.597
Magneto	AMB_RS22680	AMB_RS22680		hypothetical protein	-0.438	-0.792	0.103	1.271	-1.399	0.382	0.100	-0.609	0.616	0.647	-1.510	0.635	-0.523	-0.282	1.168	0.565	0.357	0.586	-0.758	0.351	-0.221	1.181	0.597	0.378	0.618	-0.549	0.186	-0.384	-0.202	-0.205	-0.574	-0.622	-0.307	-1.377	-0.045	-0.178
Magneto	AMB_RS22685	AMB_RS22685		hypothetical protein	-0.357	0.830	0.303	1.865	0.838	0.133	-1.734	1.396	0.409	0.134	-0.359	-0.875	0.093	0.089	0.793	0.410	-1.710	0.884	0.286	-0.067	0.662	-0.042	-0.748	-0.032	1.064	0.770	0.639	0.990	0.947	-0.203	0.139	-1.076	-0.607	-2.236	1.217	-1.678
Magneto	AMB_RS22690	AMB_RS22690		hypothetical protein	-0.870	-0.752	0.686	0.412	1.314	0.443	2.122	0.726	0.732	0.588	-0.125	0.514	-0.588	0.178	0.985	0.579	1.714	1.198	0.459	-0.901	1.426	-0.606	1.124	-0.188	-0.868	-0.811	-0.016	-0.382	-0.564	-0.781	0.673	0.356	-0.144	0.824	0.286	0.682
Magneto	AMB_RS22695	AMB_RS22695		hypothetical protein	-0.050	-1.461	0.356	0.813	-0.878	-0.259	0.113	-3.071	0.208	0.762	-2.499	0.398	-0.555	-0.472	-0.831	-0.590	0.427	-0.333	-0.533	-0.140	0.321	-0.375	-0.268	2.152	0.228	-0.397	0.034	-0.574	1.103	-0.601	-0.613	-1.024	-1.000	-0.478	-0.048	-0.197
Magneto	AMB_RS22705	AMB_RS22705		alanine dehydrogenase	-0.506	-0.295	-1.078	-0.100	-0.729	-0.955	0.025	-0.361	0.091	0.278	-0.915	-0.855	-0.486	-1.313	-0.560	0.577	-0.063	0.728	-0.990	-0.262	-1.477	-0.559	-0.982	-0.188	-0.752	-0.327	0.844	0.477	0.167	0.694	-1.782	-1.909	-0.012	-0.859	-0.185	-1.208
Magneto	AMB_RS22710	AMB_RS22710		MFS transporter	-0.474	-1.881	0.075	0.251	-0.043	-0.046	0.796	-0.765	0.366	2.045	-1.368	1.716	0.266	0.586	0.840	-1.139	0.663	-0.140	2.250	3.124	4.145	-0.277	-0.178	0.828	-0.333	-0.734	-0.430	0.149	-0.589	-0.460	-0.016	1.740	0.433	-0.485	0.392	0.823
Magneto	AMB_RS22720	AMB_RS22720		hypothetical protein	-0.266	-0.894	1.245	0.901	0.750	0.051	1.534	0.977	2.089	1.148	-1.155	0.115	0.817	1.570	1.633	1.154	1.272	1.043	1.937	-1.122	0.060	1.700	0.738	0.719	-1.428	-1.502	-0.207	-1.121	0.071	-0.711	-0.958	-1.322	0.577	-0.868	-1.921	-1.614
Magneto	AMB_RS22740	AMB_RS22740		GGDEF domain-containing protein	-1.093	-0.225	0.774	1.180	0.026	-0.358	0.625	0.170	0.184	-0.571	-0.670	-0.028	-0.090	-0.413	0.924	0.571	1.784	0.112	-0.770	0.516	0.478	-0.249	0.925	1.853	-0.171	-0.651	-0.480	-1.032	-0.113	0.208	-0.189	-1.083	-0.530	0.210	-1.813	-0.475
Magneto	AMB_RS22760	AMB_RS22760		ribonuclease PH	-0.236	-0.119	-0.861	-0.953	-0.619	-0.908	0.643	-1.670	-0.126	-0.494	-0.202	-1.771	0.151	0.474	-0.499	-0.308	-0.596	-0.257	-0.415	-1.374	-0.571	0.700	-0.168	-0.607	-1.168	-0.713	-0.449	-1.293	-0.484	-0.689	-0.244	0.207	-0.676	0.279	-0.768	-0.827
Magneto	AMB_RS22765	AMB_RS22765		non-canonical purine NTP pyrophosphatase, RdgB/HAM1 family	-0.038	-0.733	0.586	0.057	0.968	0.628	-0.786	-0.196	-0.904	0.425	0.134	-1.843	0.720	0.145	0.755	-0.199	0.257	0.805	0.473	-0.068	-0.405	0.627	0.170	-0.492	-0.315	-0.824	-0.879	-0.391	-0.645	-0.682	-0.217	-1.468	-1.331	0.485	-1.140	-0.740
Magneto	AMB_RS22770	AMB_RS22770		radical SAM protein	-0.331	0.531	-0.089	-1.138	0.083	-0.095	-1.182	-0.277	0.987	-1.224	-1.543	-0.328	-0.134	-2.353	-0.863	-1.590	-1.213	-0.688	-1.397	-1.601	-0.798	0.127	-1.500	-1.237	-0.980	-0.742	-0.730	-0.661	-0.746	-0.662	-1.163	-0.411	-0.867	-0.722	-0.046	-0.969
Magneto	AMB_RS22775	AMB_RS22775		penicillin-binding protein activator	-1.709	0.087	0.622	1.164	1.435	1.693	0.137	1.606	0.661	2.885	1.190	2.581	1.690	1.246	2.034	0.582	1.171	1.048	1.853	-0.134	1.028	2.911	0.547	1.509	0.285	-0.363	-1.170	-0.445	-0.059	-0.533	-0.106	-0.445	0.469	0.023	-0.262	0.344
Magneto	AMB_RS22780	AMB_RS22780		16S rRNA (cytidine(1402)-2'-O)-methyltransferase	0.636	-1.603	1.097	1.574	0.957	0.904	-0.196	0.806	0.715	1.628	0.495	0.948	1.639	0.944	1.307	1.144	1.470	1.888	0.825	0.923	0.421	1.119	1.363	1.115	-0.154	-0.555	-0.121	-0.126	-0.055	0.477	0.296	-0.728	0.190	0.742	-0.108	0.353
Magneto	AMB_RS22795	AMB_RS22795		hypothetical protein	4.777	1.839	-0.142	0.743	-0.113	0.111	0.802	0.066	0.153	-0.454	-1.088	0.306	0.258	-0.050	-0.210	0.248	0.200	0.566	0.135	-0.050	0.641	0.253	0.028	-0.362	0.143	-0.614	0.175	0.246	-0.137	-0.239	0.280	-1.010	-1.692	-0.892	-0.841	-0.868
Magneto	AMB_RS22800	AMB_RS22800		glutathione synthase	-1.124	-3.215	-0.911	-1.578	-1.987	-3.450	-3.406	-2.338	-3.332	-0.987	-1.793	0.774	-1.732	-3.477	-2.138	-1.819	-4.138	-2.199	-2.322	-0.923	-2.373	-3.244	-3.563	-2.610	-3.139	-3.031	-3.992	-3.022	-4.062	-4.086	-1.489	-2.324	-2.111	-1.308	-2.005	-3.330
Magneto	AMB_RS22805	AMB_RS22805		ATP-binding protein	1.758	0.168	-0.251	0.448	-0.820	0.590	-0.110	-0.564	1.086	0.152	-0.967	-2.054	-0.728	-0.099	0.532	0.363	0.575	0.927	-0.415	-0.097	-0.158	-0.352	0.051	-0.262	-0.700	-0.171	-0.756	-0.461	0.098	-0.367	0.419	-0.346	-1.425	-0.501	-0.596	-1.317
Magneto	AMB_RS22810	AMB_RS22810		hypothetical protein	-0.236	1.090	-0.963	-0.836	-0.139	-1.264	-0.785	-0.728	-1.121	-0.561	0.992	0.469	-0.140	-0.482	-0.872	0.125	0.479	-0.427	-0.588	0.279	-0.045	-0.335	-1.260	-1.244	0.077	-0.398	0.394	-0.200	0.504	0.204	0.221	-0.063	0.106	-0.434	1.040	-0.592
Magneto	AMB_RS22815	AMB_RS22815		hypothetical protein	2.882	-0.034	0.176	-0.039	1.201	0.524	1.093	0.241	-0.296	0.048	0.948	-0.046	1.236	1.299	0.917	0.955	0.433	0.667	1.314	0.385	0.634	-0.014	0.356	0.572	0.361	-0.718	-0.144	-0.217	0.506	0.613	-0.172	0.183	0.669	1.570	-0.830	-1.350
Magneto	AMB_RS22825	AMB_RS22825		tape measure domain-containing protein	0.662	-0.157	-0.841	0.411	-0.377	-0.370	0.508	0.054	-0.081	-0.406	-1.560	0.637	-0.407	-0.941	0.174	0.109	0.608	-0.304	-0.129	1.655	0.011	-0.649	-1.179	-0.738	-1.349	-0.148	-1.080	-0.249	0.623	0.295	1.582	-0.978	-1.007	-1.645	-0.293	-1.086
Magneto	AMB_RS22830	AMB_RS22830		hypothetical protein	1.050	0.175	0.493	1.177	0.274	-0.441	0.027	0.745	0.191	1.009	0.330	-0.795	1.001	0.398	-0.955	0.395	-0.165	0.857	0.991	0.497	0.149	1.256	1.079	0.537	-0.289	-1.075	-1.836	-0.346	-0.359	-0.419	0.647	-0.849	-0.926	-0.907	-0.780	-1.813
Magneto	AMB_RS22835	AMB_RS22835		hypothetical protein	-0.220	0.030	0.180	0.087	-0.209	1.101	0.064	-0.164	-0.414	-0.240	-1.609	-0.768	-0.009	0.273	-0.607	-0.341	-0.546	0.084	-0.214	0.005	-0.004	0.066	-0.380	0.578	-1.137	0.380	-1.126	-0.142	0.027	-0.356	-1.460	0.336	0.206	1.913	0.134	-0.259
Magneto	AMB_RS22840	AMB_RS22840		resolvase	2.193	0.004	-0.255	-0.565	-0.383	-0.742	-0.067	0.543	-0.730	0.149	-1.358	-0.619	0.127	-0.472	-2.521	0.769	0.242	-0.730	-0.586	-0.762	-0.290	0.137	0.397	0.234	-0.715	-0.686	-1.041	-1.272	-0.682	-0.551	0.755	-1.214	-1.180	-1.341	-0.646	-1.710
Magneto	AMB_RS22850	AMB_RS22850		hypothetical protein	4.313	-0.078	-1.073	-0.187	-0.410	-1.767	-1.310	-0.686	-0.536	-1.061	-1.819	0.105	-0.735	-0.787	-0.872	0.078	-0.993	0.609	-0.575	-0.624	-0.262	-1.158	-0.123	-0.042	0.533	0.427	0.771	0.811	0.839	1.653	-0.369	0.500	0.047	-2.644	-1.457	0.264
Magneto	AMB_RS22855	AMB_RS22855		phospholipase	-0.105	1.185	0.250	-0.635	1.265	-1.873	-1.565	-1.447	0.049	-0.572	0.758	0.322	-0.035	-0.412	-0.870	-1.620	0.562	-1.461	0.438	-0.894	-1.660	-1.110	-0.974	-0.282	-1.874	-1.100	0.478	-1.256	-0.385	-0.110	1.350	-0.752	-0.900	-1.056	0.300	0.209
Magneto	AMB_RS22860	AMB_RS22860		hypothetical protein	0.517	-0.011	-0.791	-0.686	-1.773	-0.692	-1.102	-0.918	-0.525	-0.798	-0.929	-1.243	-1.041	-2.673	1.027	-0.180	-0.270	-1.133	0.693	-1.014	0.839	-0.685	-1.274	-0.931	-0.259	-0.428	-0.064	0.421	0.264	-0.119	-1.342	-0.336	-0.348	-0.100	-0.695	-1.430
Magneto	AMB_RS22875	AMB_RS22875		glycoside hydrolase	-0.318	1.350	-0.207	0.086	0.154	0.089	0.709	0.671	0.492	0.638	-0.411	-0.222	0.345	0.602	0.024	0.987	1.454	1.348	0.117	0.038	-0.121	0.724	0.969	-0.504	0.487	0.043	0.418	0.460	-0.190	0.536	-0.716	0.255	-0.299	-0.842	-0.291	-0.118
Magneto	AMB_RS22880	AMB_RS22880		hypothetical protein	-0.050	0.442	-0.581	-0.447	-0.019	0.073	-0.944	0.407	-0.077	0.073	-0.374	-0.430	0.108	-0.188	0.429	0.223	0.786	0.698	-0.362	-0.400	-0.564	0.384	0.191	-0.465	-1.804	-1.279	-1.187	-1.458	-1.484	-0.522	-3.675	-1.360	-2.413	-2.503	-0.183	-0.717
Magneto	AMB_RS22885	AMB_RS22885		carbamoyltransferase	3.846	0.670	-0.198	-0.699	0.192	0.792	-0.625	-0.825	-0.217	0.101	0.287	-0.362	-0.842	0.192	-0.214	-0.105	0.469	-0.824	-0.172	-0.638	-0.107	-0.513	-0.236	-0.729	0.800	0.593	0.705	0.204	0.653	0.134	1.293	0.328	0.082	1.624	0.102	1.428
Magneto	AMB_RS22890	AMB_RS22890		hypothetical protein	1.683	1.280	-1.117	-0.850	-1.174	0.172	0.490	0.684	-0.350	-0.525	1.634	0.918	0.538	-0.227	-1.003	-0.273	0.788	-0.390	-0.843	-0.223	-0.045	0.559	0.211	-0.364	-0.776	-0.947	-0.498	-0.838	-0.812	-0.110	-2.294	-0.132	-2.461	-2.301	-2.218	-1.918
Magneto	AMB_RS22895	AMB_RS22895		hypothetical protein	1.564	-0.074	-1.463	-0.725	0.094	-0.212	-0.150	-0.945	-0.453	-0.830	-2.056	-0.398	-0.398	0.244	-0.530	1.228	0.219	0.562	-0.241	-0.503	-1.487	-0.793	-0.562	-0.344	-0.168	-0.865	-1.243	-0.806	0.431	-0.367	-0.336	-0.049	-2.089	-1.642	0.298	-2.073
Magneto	AMB_RS22910	AMB_RS22910		hypothetical protein	0.187	-0.279	0.572	-0.174	0.064	0.895	-0.069	0.372	0.657	-0.151	-0.586	-0.219	2.277	0.918	0.489	1.272	0.236	1.928	1.144	-0.300	-0.327	0.095	0.408	0.294	0.542	0.456	0.635	0.708	0.614	0.867	0.772	0.707	-1.797	-0.011	-0.017	1.031
Magneto	AMB_RS22915	AMB_RS22915		histidine triad nucleotide-binding protein	0.133	-0.570	-0.249	0.436	0.002	0.024	0.113	-0.737	-1.811	0.398	-1.275	0.502	-0.247	0.220	-0.712	-0.089	0.278	0.927	-0.380	0.484	0.321	-2.168	0.163	0.301	-1.519	-1.075	-1.906	-1.646	-0.482	-0.570	-1.044	-0.928	-0.749	-1.176	-2.670	-1.038
Magneto	AMB_RS22950	AMB_RS22950		HslU--HslV peptidase proteolytic subunit	-0.095	0.401	1.789	2.096	1.458	1.634	0.734	1.558	1.733	2.404	0.008	1.597	0.860	1.386	1.981	2.473	1.614	2.780	0.966	0.342	1.317	2.287	1.762	2.669	1.267	0.280	0.098	0.790	1.402	1.536	-1.836	-0.135	0.370	-0.266	1.077	-0.850
Magneto	AMB_RS22955	AMB_RS22955		ATP-dependent protease ATPase subunit HslU	1.447	-1.660	-0.377	-0.143	0.287	-0.312	-1.079	0.466	0.315	0.394	-1.552	-0.758	1.138	-0.299	0.265	0.206	0.246	-0.183	0.138	0.336	1.397	-0.295	-1.168	0.194	0.353	1.323	-1.621	0.257	-0.219	0.114	-0.931	-0.303	-2.082	-2.157	-0.989	1.660
Magneto	AMB_RS22960	AMB_RS22960		Crp/Fnr family transcriptional regulator	-0.157	-0.333	0.738	0.802	1.171	0.271	0.862	1.364	0.241	1.351	0.209	-0.768	0.465	1.038	0.488	-0.546	-0.150	0.321	0.514	0.422	1.165	0.295	1.007	0.479	0.146	0.856	-1.633	0.652	0.843	0.499	0.442	0.318	-0.065	0.143	0.541	0.613
Magneto	AMB_RS22965	AMB_RS22965		XRE family transcriptional regulator	0.517	1.390	-0.769	-2.509	-1.466	-0.609	-2.339	-2.000	-0.569	-1.853	-0.996	-0.044	-0.318	0.075	-0.305	-0.081	-1.448	-1.175	-0.592	-0.965	-0.744	0.151	-0.765	0.574	-3.063	-2.152	-1.657	-2.187	-1.997	-1.835	-1.359	-1.691	-1.822	-2.315	-2.344	-1.962
Magneto	AMB_RS22970	AMB_RS22970		hypothetical protein	-0.243	-0.218	-0.149	-0.844	-1.411	0.370	-1.395	-0.072	-1.128	-0.174	-0.508	-0.762	0.684	1.082	-0.184	-0.726	1.929	-0.313	-0.580	-0.300	1.275	-0.374	-0.051	-1.153	0.900	0.262	0.639	1.630	1.494	0.757	0.424	0.188	-1.437	-0.041	0.538	-0.797
Magneto	AMB_RS22975	AMB_RS22975		hypothetical protein	2.535	0.849	-0.640	-0.940	-0.586	-0.633	-0.882	-0.270	-0.554	-0.437	-0.971	-0.091	-0.394	-0.411	0.674	-1.147	-0.876	-0.313	-0.581	0.330	0.199	-0.001	-0.156	-0.389	-0.926	0.342	-0.700	-1.980	-0.351	-1.230	1.126	0.296	-0.540	-0.038	0.445	-0.675
Magneto	AMB_RS22980	AMB_RS22980		murein transglycosylase	-0.631	-0.965	0.290	-1.253	-1.002	-1.109	-1.979	-1.316	-1.243	0.620	0.021	0.655	-1.519	-0.447	-1.343	-1.128	-0.388	-0.934	0.958	1.885	0.844	-1.179	-0.286	-1.225	-1.336	-0.604	-0.443	-1.031	-0.620	-1.133	-0.485	2.226	0.276	0.770	0.493	0.863
Magneto	AMB_RS22995	AMB_RS22995		protein-export protein SecB	-0.231	0.050	0.864	-0.996	-0.231	-0.934	-0.159	-0.714	0.530	-0.387	0.078	0.623	0.723	0.552	-0.685	-0.314	0.770	-0.155	-1.252	0.655	0.584	-0.608	-0.002	0.675	0.264	0.323	-0.500	0.421	-0.007	0.854	0.342	-1.419	-0.533	0.343	0.391	-0.646
Magneto	AMB_RS23015	AMB_RS23015		septum formation protein Maf	1.474	2.793	-1.975	-0.968	-1.527	-0.624	-0.392	-1.717	-0.985	-1.199	0.226	-2.223	-0.855	-2.155	-0.924	-2.253	-2.612	-1.697	-1.646	-0.501	-2.548	-2.378	-0.738	-2.119	0.295	0.469	0.337	0.160	2.416	0.994	-1.762	2.168	0.555	0.443	-0.305	1.762
Magneto	AMB_RS23020	AMB_RS23020		kinase/pyrophosphorylase	2.168	-0.468	0.363	0.528	0.277	1.060	0.424	0.924	1.704	0.108	0.316	-0.312	-0.720	0.307	1.358	1.296	0.691	0.652	0.503	0.552	0.052	0.151	1.581	0.684	-0.006	-0.908	-1.223	-0.613	-0.969	-0.299	0.453	-0.928	1.131	-0.796	-0.707	-0.468
Magneto	AMB_RS23045	AMB_RS23045		hypothetical protein	-0.890	-0.506	-1.753	0.162	0.007	-0.838	0.293	-1.572	0.117	-0.014	0.046	-0.166	-0.849	-0.285	-0.622	1.049	-0.457	-0.618	-0.236	0.368	0.327	0.056	-0.691	0.411	-0.002	0.216	-0.664	0.989	0.353	0.340	-0.264	0.415	-0.622	-0.061	-0.878	-0.111
Magneto	AMB_RS23050	AMB_RS23050		quinone oxidoreductase	1.299	0.915	-0.001	-0.069	-0.126	-0.575	0.089	0.116	1.578	0.283	1.936	1.383	0.052	-0.051	0.409	1.409	0.074	0.687	0.820	0.852	0.317	-0.925	0.472	-0.181	-0.564	-0.334	-0.441	-0.296	-0.176	0.045	-0.593	-1.185	-0.074	-0.165	-1.114	0.144
Magneto	AMB_RS23055	AMB_RS23055		methylated-DNA--protein-cysteine methyltransferase	-0.582	-0.591	-0.340	0.445	-0.785	-1.399	-0.393	-0.372	-0.485	1.605	-0.972	-0.388	0.537	-1.784	-0.651	-0.138	0.197	-0.619	-0.577	1.456	-0.146	-0.053	-0.017	-0.502	-1.566	-1.234	-1.219	-1.441	-1.219	-1.175	-0.957	-0.547	-1.477	-1.243	-1.803	-0.711
Magneto	AMB_RS23060	AMB_RS23060		thioredoxin domain-containing protein	-0.823	0.127	3.527	0.416	0.198	0.949	0.411	-0.739	-0.899	0.543	1.156	1.955	0.926	1.921	0.096	0.910	0.555	0.408	1.526	-0.195	0.111	-0.181	0.454	-0.743	-0.317	-0.809	-0.216	-1.000	-0.764	-0.289	-1.406	0.462	-1.564	-1.002	0.285	-0.528
Magneto	AMB_RS23065	AMB_RS23065		hypothetical protein	4.185	1.657	-3.003	-2.191	-2.147	-1.446	-2.166	-2.171	-2.799	-2.076	-0.409	-1.428	-3.140	-2.414	-1.429	-2.610	-2.764	-2.156	-1.287	-1.895	-1.170	-2.297	-1.748	-1.231	-0.799	-0.558	-0.526	-0.717	-0.649	-0.643	-0.501	-1.013	-0.714	-0.525	-0.511	-1.217
Magneto	AMB_RS23070	AMB_RS23070		ferredoxin	0.146	-0.785	-3.786	-1.063	-1.690	-1.119	-1.986	-0.720	-1.811	-1.376	-0.515	-1.346	-2.441	-1.393	-1.960	-1.047	-0.680	-0.496	-0.784	-0.505	-1.736	-1.019	-1.320	-1.090	-1.185	-0.140	-0.966	-0.811	-1.080	-0.655	-0.121	-0.730	-0.740	-0.587	0.139	-1.072
Magneto	AMB_RS23080	AMB_RS23080		hypothetical protein	-2.243	0.226	1.185	0.533	0.083	0.409	-0.815	0.883	0.083	0.673	0.123	-0.921	0.175	-0.472	-0.238	-0.388	-0.719	0.606	0.393	1.156	0.842	0.022	0.470	0.056	-0.276	-0.154	0.919	0.401	-0.483	0.332	1.032	-0.093	1.059	0.326	0.971	0.227
Magneto	AMB_RS23090	AMB_RS23090		NAD(P)-dependent oxidoreductase	-0.045	-6.111	0.056	-2.750	-2.910	-3.551	-0.637	-3.852	-5.456	-4.488	-1.584	-2.675	-2.229	-3.527	-3.835	-1.553	-3.698	-3.173	-1.113	-1.554	-2.647	-4.440	-3.136	-2.569	-1.357	-0.242	-0.756	0.239	0.569	0.043	-1.381	-1.558	-1.499	-3.096	-2.565	-2.040
Magneto	AMB_RS23095	AMB_RS23095		class I SAM-dependent methyltransferase	-0.072	-0.181	-1.247	-2.807	-2.597	-2.373	-2.375	-2.442	-1.560	-3.805	-2.862	-3.529	-1.936	-0.405	-2.139	-0.813	-0.907	-0.448	-2.913	-0.930	-2.390	1.417	0.659	-0.118	-4.932	-6.723	-5.401	-3.003	-2.306	-3.557	-5.234	-7.576	-6.187	-5.067	-7.627	-7.176
Magneto	AMB_RS23100	AMB_RS23100		hypothetical protein	-1.417	1.038	-0.180	1.242	1.289	1.116	1.188	0.400	-0.668	1.652	1.647	1.853	-1.325	0.689	1.603	0.134	-0.626	-0.518	0.369	0.231	0.634	0.916	0.144	0.226	-1.521	-0.520	-0.845	-0.606	-1.424	-1.580	-0.743	0.302	-0.820	-1.044	0.372	-2.304
Magneto	AMB_RS23105	AMB_RS23105		YecA family protein	-1.826	0.043	1.094	-0.172	-0.124	0.635	0.699	0.166	0.169	-0.028	0.643	1.960	0.995	0.220	0.421	0.961	1.003	0.312	0.821	0.791	0.167	0.445	-0.503	0.251	-0.222	-0.668	-0.688	-0.601	0.460	-0.237	-0.705	0.255	0.954	0.285	0.693	0.844
Magneto	AMB_RS23115	AMB_RS23115		HAMP domain-containing protein	-0.269	1.075	0.781	0.333	-0.418	0.354	0.285	-0.689	-0.491	0.421	0.504	-0.577	0.265	-0.220	-0.368	-0.056	-0.327	-0.544	-0.229	0.075	-0.738	0.399	0.107	0.304	0.258	0.567	0.551	0.723	1.072	-0.263	0.481	-0.210	0.229	-0.459	-0.989	0.393
Magneto	AMB_RS23120	AMB_RS23120		helix-turn-helix domain-containing protein	-0.599	-0.109	0.531	1.234	1.954	2.505	2.819	1.899	1.335	2.956	1.062	1.526	1.728	2.994	2.375	0.061	1.055	1.430	0.277	0.715	0.648	1.674	-0.182	1.294	0.952	0.241	-0.556	0.436	0.704	0.926	-1.315	0.621	0.145	-0.144	-0.822	-0.873
Magneto	AMB_RS23130	AMB_RS23130		regulatory protein GemA	0.095	0.810	-0.350	-0.033	0.910	0.121	1.105	-0.356	0.071	-0.994	-0.341	-0.042	-0.507	0.716	-0.690	0.400	0.161	1.100	0.131	0.267	-1.326	-0.390	-0.135	0.264	0.064	0.448	0.167	0.122	-0.281	1.470	-1.341	-0.885	-1.673	-0.744	-0.256	-0.306
Magneto	AMB_RS23135	AMB_RS23135		DUF2163 domain-containing protein	-1.727	0.535	1.516	1.437	1.105	1.427	0.311	-0.304	-0.067	0.691	0.891	-0.576	0.015	0.430	0.906	0.796	-0.465	0.207	0.387	-0.199	-0.427	0.302	0.348	0.072	0.698	1.747	-0.094	1.126	0.207	0.834	2.567	0.277	0.327	0.936	-0.134	1.221
Magneto	AMB_RS23140	AMB_RS23140		hypothetical protein	-0.758	0.606	0.903	1.063	0.606	0.473	0.790	0.037	0.475	0.425	1.354	-0.519	-0.204	0.180	0.063	-0.191	0.018	0.006	0.638	-0.081	0.186	-0.512	0.456	0.106	-0.558	-0.668	-0.532	-0.799	-0.546	-1.229	-0.042	-1.348	-0.564	-1.228	0.650	-1.278
Magneto	AMB_RS23150	AMB_RS23150		nucleotidyltransferase	-1.094	0.509	-0.078	0.035	-0.942	0.578	-0.258	-0.528	-1.272	-0.311	-1.277	-0.577	-0.679	-0.489	0.717	-0.647	-0.465	-0.370	-0.568	-0.723	-1.722	-0.233	-0.775	-0.076	-0.893	-0.341	-0.598	-0.025	-0.247	-0.249	0.869	-0.413	-1.518	2.139	-0.295	-0.312
Magneto	AMB_RS23155	AMB_RS23155		two-component sensor histidine kinase	-0.354	-0.006	-0.717	-0.469	-0.423	0.062	-0.091	-0.194	0.416	-0.395	0.222	-0.303	0.817	0.267	-0.529	0.194	0.765	0.556	-1.043	-0.786	-0.285	-0.440	1.122	-0.302	-1.483	-1.435	-1.447	-1.331	-1.353	-1.324	-0.647	-1.026	-0.932	-0.761	-0.868	-1.089
Magneto	AMB_RS23160	AMB_RS23160		PAS domain S-box protein	0.060	1.200	-0.580	-1.584	-1.069	0.060	-0.075	-0.148	0.610	-1.017	-1.528	-1.845	-0.932	-1.516	-0.620	-0.513	0.346	-0.509	-0.999	-2.765	-1.073	0.198	0.058	-0.688	-0.311	0.077	-0.887	0.362	-1.460	-0.879	-0.989	1.236	-0.171	-2.090	-1.823	0.214
Magneto	AMB_RS23165	AMB_RS23165		hypothetical protein	-2.338	0.345	0.799	0.912	-0.616	-0.092	-3.439	-1.951	-1.533	5.940	4.971	5.440	0.826	1.069	0.950	-1.610	-1.701	-3.092	4.612	6.670	4.274	-0.925	-0.119	1.304	-0.416	-0.452	-1.050	-5.055	-4.474	-5.591	5.935	5.988	5.906	6.563	7.038	6.486
Magneto	AMB_RS23170	AMB_RS23170		hypothetical protein	-0.189	-0.859	-1.162	-0.820	-0.279	-0.316	-1.030	0.380	-1.271	0.367	-1.272	0.451	-0.341	-0.486	-1.780	-0.838	-1.226	-0.383	-1.076	-0.449	-0.369	0.013	-2.047	-0.804	-1.634	-1.832	-0.940	-0.434	-1.528	-1.278	-1.211	-0.673	-0.325	-1.349	-1.446	-1.588
Magneto	AMB_RS23185	AMB_RS23185		HAMP domain-containing protein	-0.863	-0.385	0.141	0.974	-0.334	0.085	-0.880	0.206	-0.698	0.848	0.878	1.977	0.434	0.112	0.672	-0.653	0.252	-0.928	0.272	0.474	0.223	0.360	0.333	0.686	-0.037	0.137	-0.102	-0.545	-0.274	-0.617	0.754	-0.115	1.583	0.579	1.011	1.077
Magneto	AMB_RS23195	AMB_RS23195		ABC transporter ATP-binding protein	-2.772	-4.288	-3.225	-2.165	-3.188	-1.991	-3.061	-3.252	-1.395	-0.649	0.813	-1.486	-2.437	-2.497	-3.196	-3.169	-1.642	-3.243	0.246	0.956	-0.203	-3.118	-3.522	-2.333	-5.120	-4.264	-4.020	-3.961	-3.128	-4.020	-3.141	-4.281	-3.939	-3.533	-2.861	-4.482
Magneto	AMB_RS23200	AMB_RS23200		NUDIX hydrolase	-0.678	1.504	0.807	-0.026	-1.499	0.901	0.513	0.987	1.241	0.636	-0.855	-0.246	-0.378	-0.315	-0.256	0.875	-0.525	-0.492	-0.171	0.219	-0.908	0.331	-0.080	-0.582	0.522	0.069	-0.695	0.290	0.962	0.799	-0.299	0.149	1.289	-0.590	0.210	0.859
Magneto	AMB_RS23205	AMB_RS23205		glycosyl transferase	0.697	1.409	-2.081	-0.446	0.698	0.070	-0.190	0.929	-0.872	-1.966	-1.459	-0.690	-0.851	0.272	-0.329	-0.616	0.509	1.133	0.575	0.190	-0.934	-0.138	-0.878	0.543	-3.095	-2.187	-2.936	-2.170	-1.670	-2.187	-4.792	-7.926	-8.029	-6.286	-4.239	-5.385
Magneto	AMB_RS23210	AMB_RS23210		glycosyl transferase	1.018	0.117	-3.176	-1.757	-0.951	-0.492	-0.503	-1.211	-0.675	-4.487	0.251	-3.842	-1.287	-2.285	-1.915	-0.966	-0.284	-0.591	-2.239	-1.531	-2.881	-0.816	0.090	0.027	-2.588	-2.310	-2.902	-0.949	-0.807	-1.298	-8.826	-9.310	-10.927	-8.509	-7.049	-7.873
Magneto	AMB_RS23225	AMB_RS23225		GGDEF domain-containing protein	-0.497	0.522	-0.863	-0.958	-0.516	-1.234	-0.614	-0.702	0.661	0.084	0.423	0.749	0.637	-0.949	-0.474	0.879	0.361	0.038	-1.063	-0.197	-1.004	-0.566	-0.634	0.622	0.701	0.773	0.429	1.255	1.137	0.758	1.599	0.748	2.153	-1.806	-1.482	0.544
Magneto	AMB_RS23235	AMB_RS23235		DUF3369 domain-containing protein	-0.831	0.466	0.606	0.098	-0.605	0.155	-1.171	-0.274	0.027	0.135	0.792	0.731	0.284	-0.306	-0.873	0.099	-0.919	-0.811	0.517	0.133	0.315	-0.046	-0.197	0.768	0.059	-0.609	-0.710	-1.043	-0.632	-1.002	-1.886	0.839	-0.848	-0.851	-1.982	-1.224
Magneto	AMB_RS23245	AMB_RS23245		Ni,Fe-hydrogenase maturation factor	-0.127	0.371	0.123	-0.342	0.173	-0.523	-0.710	-0.413	-0.354	-0.062	-1.069	-0.148	-0.417	-0.160	-0.342	-0.542	-0.423	-1.565	-0.747	-1.286	-1.268	-0.289	0.216	-0.537	-0.123	-0.297	0.026	0.048	0.583	-0.080	-0.666	-0.221	-0.838	-0.559	0.702	0.221
Magneto	AMB_RS23250	AMB_RS23250		hypothetical protein	-1.365	0.921	1.723	1.022	0.370	-0.889	-0.982	-0.563	0.831	0.802	0.482	1.755	-0.426	1.030	1.355	0.625	0.289	-0.112	0.855	0.114	0.903	1.087	1.533	0.617	-0.012	-0.148	0.117	-0.175	-0.763	0.348	1.938	0.089	-0.714	0.700	-1.228	0.238
Magneto	AMB_RS23255	AMB_RS23255		adenylate/guanylate cyclase domain-containing protein	-0.557	1.138	0.265	0.805	-0.164	0.946	-0.314	0.016	0.267	0.382	-1.024	0.363	0.605	0.702	-0.017	0.190	0.430	0.049	1.026	0.144	-0.442	-0.049	0.167	0.661	1.169	1.456	1.345	1.603	1.283	0.640	-2.011	1.308	-0.008	1.546	1.732	0.916
Magneto	AMB_RS23260	AMB_RS23260		hypothetical protein	0.324	0.102	-0.406	-0.439	-0.483	0.853	-0.946	-0.735	-0.114	0.326	0.929	-0.566	0.505	-0.529	-0.140	-0.234	-0.454	-0.744	0.406	0.813	-0.344	-0.189	-1.146	0.261	0.098	0.131	0.399	0.474	-0.570	-0.237	-1.186	-1.098	-0.520	0.586	-0.384	-0.161
Magneto	AMB_RS23265	AMB_RS23265		HAMP domain-containing protein	2.131	-1.049	-0.276	-0.651	-0.247	0.112	0.559	-0.349	0.583	1.138	0.508	-0.086	0.456	-0.344	1.085	0.265	0.661	0.636	-0.656	-1.623	1.308	0.293	0.436	-0.368	1.292	2.747	2.540	2.064	2.131	2.225	0.073	1.404	3.100	1.397	-0.315	1.280
Magneto	AMB_RS23275	AMB_RS23275		class I SAM-dependent methyltransferase	-1.059	-0.211	0.273	0.749	0.204	1.443	1.395	0.909	0.975	-0.082	1.216	-0.150	0.147	-0.204	0.300	1.028	0.015	0.794	0.793	0.482	-0.055	0.350	0.986	0.684	0.576	-0.879	-0.323	-0.510	-0.152	-0.385	0.235	-1.622	-1.737	-2.263	0.273	-0.408
Magneto	AMB_RS23280	AMB_RS23280		glycosyltransferase family 1 protein	-3.530	-2.238	0.175	-0.365	0.203	-0.013	-0.932	-0.992	-1.612	0.354	0.113	0.345	-0.553	-0.310	0.410	-0.918	-1.888	-1.586	0.473	0.882	0.254	0.361	0.405	-0.297	0.890	1.077	0.758	-0.347	-0.027	-0.155	0.681	1.199	0.791	1.379	1.305	1.509
Magneto	AMB_RS23285	AMB_RS23285		hypothetical protein	0.451	-0.549	0.297	-0.264	-0.825	-0.246	-0.451	0.865	-0.587	-0.564	1.785	0.141	-0.228	0.963	-0.262	-0.332	0.869	-0.365	0.301	-0.259	-1.363	0.012	-0.465	-0.700	-0.544	-0.209	-0.300	-0.323	-0.207	-0.400	-1.066	-1.504	-0.393	-2.052	-1.013	-2.027
Magneto	AMB_RS23290	AMB_RS23290		methyltransferase domain-containing protein	0.618	2.224	0.850	0.415	1.636	1.283	0.629	0.133	1.602	1.785	1.724	2.387	1.414	0.756	1.988	1.593	1.221	0.778	1.928	2.108	1.302	1.111	1.294	1.005	-0.157	-0.694	0.244	-0.400	-1.292	-0.328	0.228	0.165	0.913	0.354	1.755	1.253
Magneto	AMB_RS23295	AMB_RS23295		cytochrome c	-0.230	-0.481	0.343	0.759	1.227	0.709	0.761	-0.829	0.762	0.528	0.525	0.581	0.897	0.705	0.873	0.665	1.019	0.741	1.903	0.463	0.354	0.615	0.824	1.830	-0.029	-0.464	-0.861	-0.542	-0.874	-0.804	-0.841	-1.037	-0.011	-1.886	-0.999	-0.985
Magneto	AMB_RS23300	AMB_RS23300		transcriptional regulator	1.385	-0.329	0.555	0.645	0.306	0.831	0.779	-0.098	0.301	1.095	0.120	-0.656	0.881	1.099	0.483	0.539	0.330	0.507	0.429	0.437	0.800	0.608	1.158	0.361	-0.361	-0.150	-0.510	-0.999	0.011	-0.203	1.307	-0.640	-0.594	0.057	-0.544	-0.348
Magneto	AMB_RS23305	AMB_RS23305		hypothetical protein	-0.195	0.495	-0.589	0.584	0.187	0.123	0.694	0.550	1.109	0.992	-2.147	0.319	0.661	-0.708	0.557	0.666	1.861	0.537	-0.701	1.459	-0.821	-0.187	-0.184	0.512	-1.018	-0.572	0.191	0.389	1.005	1.383	1.205	0.263	-0.231	0.601	0.759	-0.108
Magneto	AMB_RS23315	AMB_RS23315		hypothetical protein	1.893	-0.833	-0.096	0.464	-0.696	0.516	0.085	-1.010	0.008	0.102	-0.654	0.223	-0.623	-0.651	0.067	0.311	-1.036	-0.266	-0.403	0.105	-0.688	-0.086	0.287	0.047	-1.210	-0.451	-0.955	0.119	-0.315	0.068	-0.558	1.871	-0.237	1.643	-0.494	-0.896
Magneto	AMB_RS23320	AMB_RS23320		hypothetical protein	2.035	-0.581	0.122	0.579	0.060	-0.722	0.547	0.287	-0.038	-0.265	-0.467	0.321	1.039	-0.048	-0.154	-0.061	0.343	-0.138	-0.554	0.947	0.055	1.190	-0.128	0.480	-1.323	-0.134	-0.551	-1.288	-0.725	-1.113	-0.668	-0.248	0.337	0.789	-0.341	0.254
Magneto	AMB_RS23325	AMB_RS23325		hypothetical protein	0.947	-1.050	0.011	0.410	-0.310	-1.246	0.324	0.301	-0.156	-0.164	-1.030	-0.188	-1.017	-0.300	0.727	1.426	0.075	0.533	-0.385	-1.621	-0.532	0.392	-0.002	0.558	-1.508	-0.510	-0.565	-1.340	-1.195	-1.876	-0.695	-1.378	-1.966	-2.451	-0.847	-0.987
Magneto	AMB_RS23330	AMB_RS23330		hypothetical protein	-1.201	2.507	0.201	-1.445	-0.352	-0.964	-1.199	-1.040	-1.056	-1.065	-0.602	-0.097	-0.468	-2.309	-0.872	-1.568	-0.527	-2.501	-1.792	-0.695	-1.615	-1.130	-0.484	-0.907	0.178	-0.551	0.329	0.408	0.308	0.000	0.968	-1.545	0.329	1.128	0.840	0.357
Magneto	AMB_RS23355	AMB_RS23355		two-component sensor histidine kinase	-0.347	-0.707	-1.247	-0.596	-1.727	-1.042	-2.036	-0.935	-0.714	0.312	1.135	-0.265	-2.441	-1.052	-0.157	-0.109	-0.070	0.334	-0.089	0.868	0.293	-1.203	-0.270	-0.321	0.381	-0.413	-0.513	-1.416	-0.831	-0.745	1.250	1.613	0.392	0.988	1.507	1.264
Magneto	AMB_RS23360	AMB_RS23360		methyl-accepting chemotaxis protein	-0.487	0.189	0.242	-1.002	-1.201	-0.152	-0.072	-1.122	0.239	-1.028	-0.097	0.251	-0.324	-0.295	-0.502	-0.699	-0.904	-0.688	-0.594	-0.017	-0.582	0.600	-0.210	0.478	0.060	-0.705	-0.408	0.282	-0.557	-1.401	0.437	-1.200	0.004	1.317	-0.603	-1.269
Magneto	AMB_RS23365	AMB_RS23365		PAS domain S-box protein	0.472	-0.010	0.366	0.210	0.659	-0.677	0.171	0.147	-0.276	0.410	0.209	0.168	0.316	0.006	0.639	-0.701	0.296	0.498	1.030	0.121	0.793	-0.562	0.238	0.369	-1.371	-0.954	-1.172	-1.472	-0.906	-1.355	0.143	-0.533	-0.438	-0.621	-1.348	-1.610
Magneto	AMB_RS23370	AMB_RS23370		hypothetical protein	0.904	1.307	0.508	-0.981	-1.246	-0.862	-0.421	-1.281	0.055	-0.518	-0.790	-0.811	-1.947	-1.614	-1.612	-1.295	-1.646	-0.884	-0.799	-2.525	-0.206	-1.195	-0.880	-0.768	-1.261	-0.119	-0.037	-0.219	-0.930	0.479	0.726	-1.602	-0.362	-0.664	0.056	-0.424
Magneto	AMB_RS23380	AMB_RS23380		PAS domain S-box protein	-0.542	0.339	-0.131	-0.255	-1.060	-0.382	-0.633	0.122	-0.910	-0.313	0.477	-0.840	-1.014	-0.838	-1.079	0.446	-0.737	-1.199	0.320	-0.869	-0.397	-0.353	-0.315	0.640	0.241	-0.257	-0.392	-0.724	0.546	-0.616	-0.027	-0.049	-0.823	-1.738	-0.031	-0.973
Magneto	AMB_RS23410	AMB_RS23410		hypothetical protein	-0.598	0.513	0.364	1.397	0.169	-0.422	0.570	0.721	1.188	0.349	-0.698	0.023	-0.151	-0.138	0.135	1.193	1.295	0.284	-0.211	-1.019	-0.215	0.598	0.499	0.198	-2.293	-0.920	-1.192	-2.159	-1.946	-2.051	-2.837	-0.248	-2.075	-0.314	-2.542	-1.821
Magneto	AMB_RS23415	AMB_RS23415		PAS domain S-box protein	-0.462	-0.326	-0.917	-0.555	-0.532	-0.752	-0.218	-0.422	-0.707	-0.975	-0.819	-1.061	-1.053	-1.017	-0.156	1.569	1.426	0.980	-1.298	-0.933	-0.775	-0.903	0.019	0.507	-1.872	-0.396	-0.719	1.393	1.023	1.068	-0.268	-1.105	-0.461	-0.507	-1.735	-1.381
Magneto	AMB_RS23425	AMB_RS23425		PAS domain S-box protein	1.544	-0.863	-1.963	-1.206	-0.391	-0.262	-0.364	-0.904	-0.121	-0.674	-0.447	-0.641	-0.869	-0.925	-1.137	0.700	0.163	0.388	-1.137	-0.017	-0.814	0.128	1.297	0.395	-0.365	-0.140	-0.577	1.052	-0.345	0.964	-0.399	0.047	-0.527	0.225	-0.078	0.012
Magneto	AMB_RS23435	AMB_RS23435		GGDEF domain-containing protein	-0.862	0.058	-1.800	-1.253	-0.626	-1.373	-1.582	-0.832	-0.476	-1.481	0.886	-0.199	-0.540	-1.655	-1.484	-0.904	-0.806	-1.407	-1.746	0.282	-1.702	-0.981	-2.535	-0.819	-0.822	-0.631	-0.342	-0.091	-0.062	-0.390	0.988	-1.333	-0.205	0.719	-0.806	0.280
Magneto	AMB_RS23450	AMB_RS23450		cell wall hydrolase	0.946	-0.482	-0.637	1.001	-0.853	0.178	2.123	0.725	0.335	1.306	0.892	0.418	1.557	0.226	-0.519	-0.352	0.812	0.321	-0.001	1.262	0.367	1.648	0.589	0.111	-1.230	-0.980	-1.588	-0.033	-1.223	0.156	0.655	0.423	1.622	-0.934	0.845	-0.076
Magneto	AMB_RS23455	AMB_RS23455		PAS domain S-box protein	-0.312	-0.238	-0.084	0.042	0.374	-0.004	-0.279	0.126	0.412	-0.435	-1.198	-0.841	0.266	-0.164	0.253	1.063	0.344	0.633	-0.094	-0.020	0.159	0.610	0.274	0.484	0.516	0.246	-0.237	0.516	1.078	1.394	-0.326	1.261	0.762	0.358	0.922	0.841
Magneto	AMB_RS23460	AMB_RS23460		hemerythrin	-0.416	-1.278	-0.242	-2.359	-1.436	-0.201	-1.531	-1.988	-2.378	-1.170	0.230	-1.853	-1.311	-0.624	-1.108	-2.040	-1.405	-2.005	-1.688	-0.844	-1.187	-1.377	-0.935	-0.521	-0.893	-0.422	-0.007	-0.985	0.559	-0.890	1.201	-0.410	-0.486	0.451	0.558	-0.668
Magneto	AMB_RS23465	AMB_RS23465		methyl-accepting chemotaxis protein	1.082	1.540	-1.276	-0.901	-1.988	-0.206	-0.068	-0.596	0.052	-0.275	-0.185	0.138	-0.420	-1.067	-1.592	0.065	0.533	-0.061	-0.525	0.730	0.062	0.060	0.181	-0.784	-0.745	-0.183	-1.241	-0.546	-0.365	-0.528	0.707	-0.331	-0.868	0.157	-1.203	-1.281
Magneto	AMB_RS23470	AMB_RS23470		hypothetical protein	0.178	-0.352	1.018	0.670	0.372	0.906	0.736	0.141	-0.447	0.587	0.818	0.285	0.687	1.472	1.635	0.707	0.576	0.047	0.261	-0.204	-0.298	0.466	-0.124	1.150	-0.711	-1.073	-1.052	-0.194	-0.329	-0.853	0.660	-0.485	-0.970	-0.696	0.530	-0.994
Magneto	AMB_RS23480	AMB_RS23480		tetratricopeptide repeat protein	-0.631	0.793	0.239	-0.744	-1.266	-0.273	-1.523	-0.936	-1.033	-0.067	1.221	0.576	-0.581	-0.874	-0.718	-1.603	-1.612	-1.078	-0.288	0.600	-0.475	-1.137	-0.684	-0.206	0.172	0.940	0.923	0.680	0.722	1.009	2.556	0.205	-0.494	0.531	0.412	1.325
Magneto	AMB_RS23490	AMB_RS23490		hypothetical protein	-1.024	-0.351	0.004	-0.065	-0.990	-1.082	-0.697	-0.458	-1.154	-0.892	-2.387	-0.712	-0.407	-1.370	-0.662	-0.658	-1.091	-0.795	-0.722	-0.966	-1.092	-0.079	-0.315	-1.146	-0.576	-1.487	-0.431	-0.182	0.237	-0.016	0.656	-1.151	-0.436	1.019	0.032	0.026
Magneto	AMB_RS23500	AMB_RS23500		hypothetical protein	-0.467	0.004	0.278	-0.660	-0.213	-0.217	-0.729	-0.798	-1.640	-0.819	0.051	-1.861	-0.944	-0.679	-0.658	-1.239	-0.618	-1.015	-2.717	1.007	-0.112	-0.377	-1.409	-0.523	0.801	0.528	0.319	-0.442	0.272	1.023	0.579	0.607	1.169	2.174	1.406	1.523
Magneto	AMB_RS23510	AMB_RS23510		integrase	0.015	-0.427	0.747	-0.190	-0.373	0.830	0.836	0.616	1.061	-0.803	-1.239	-0.277	0.747	-0.174	0.490	0.021	0.125	0.760	-0.178	0.033	0.049	0.607	1.436	0.113	-1.047	-0.443	-1.599	-0.476	-0.740	-1.334	0.840	-0.868	-1.376	-1.153	-1.545	0.259
Magneto	AMB_RS23515	AMB_RS23515		zinc/iron-chelating domain-containing protein	1.409	1.816	-0.366	0.561	1.276	-0.377	0.486	0.003	-0.896	-0.146	0.171	0.850	0.614	0.490	-0.390	-0.989	-0.524	0.217	-0.727	0.499	1.194	0.708	-0.704	-0.144	-1.340	-1.039	-1.378	-1.146	-2.451	-0.862	0.575	-0.544	-2.244	-0.922	-0.544	-1.928
Magneto	AMB_RS23520	AMB_RS23520		DUF4347 domain-containing protein	-0.618	0.351	0.210	0.049	-0.198	0.497	-0.107	-0.339	0.007	0.005	-0.905	-0.022	0.222	-0.176	-0.044	-0.195	0.313	0.280	-0.047	0.625	-0.517	-0.300	-0.501	-0.226	0.173	0.345	-0.316	-0.238	0.203	-0.008	-0.024	0.228	-0.052	0.769	0.589	0.254
Magneto	AMB_RS23525	AMB_RS23525		DUF4347 domain-containing protein	0.060	0.304	-0.080	-0.422	-0.238	-0.007	0.491	0.631	0.037	-0.656	-0.484	-0.128	0.215	0.301	0.669	-0.287	0.345	-0.007	-0.513	-0.249	-0.152	0.070	0.597	0.117	0.350	0.564	0.702	0.887	1.302	-0.033	-1.813	0.993	-1.099	-1.829	0.065	0.450
Magneto	AMB_RS23530	AMB_RS23530		HD domain-containing protein	1.784	-0.193	-0.591	0.070	0.545	-0.375	0.919	-0.196	0.761	0.720	-0.034	-0.613	0.391	-0.295	0.204	0.134	-0.272	-0.276	0.925	1.701	-0.629	0.080	-0.141	-0.130	0.652	0.868	1.557	1.091	0.414	0.436	1.866	1.079	0.649	1.822	1.513	0.879
Magneto	AMB_RS23535	AMB_RS23535		PAS domain S-box protein	1.637	-1.040	-1.486	-2.705	-2.226	-1.185	-0.396	-0.804	0.274	-0.412	-2.056	-0.617	-0.927	-1.872	-0.875	0.349	2.167	0.905	-0.938	-1.259	-0.691	-0.164	0.517	0.250	-1.576	-0.639	-0.339	0.751	1.534	1.159	-1.018	-0.468	-1.445	0.146	-0.051	0.037
Magneto	AMB_RS23545	AMB_RS23545		methyl-accepting chemotaxis protein	0.350	-1.101	-0.090	0.709	-0.319	-0.155	-0.166	-0.606	-0.060	0.272	-1.515	-0.085	-0.391	-1.277	0.041	0.517	0.925	0.741	-0.453	-0.007	0.371	-0.264	0.894	-1.056	-1.591	0.467	0.451	-0.157	0.264	-0.471	-1.020	0.374	1.576	0.552	-0.607	0.681
Magneto	AMB_RS23555	AMB_RS23555		HD domain-containing protein	0.311	-0.913	-0.937	-0.948	0.227	-1.688	0.491	0.352	0.825	-0.455	-0.124	-1.033	0.015	0.908	-0.008	0.029	-0.133	-0.566	0.309	0.935	0.361	0.002	0.154	-1.370	-1.278	-0.046	-0.530	-0.832	-1.196	-1.475	1.391	-0.754	-1.987	-0.065	-0.620	-1.358
Magneto	AMB_RS23565	AMB_RS23565		hypothetical protein	-0.588	-0.562	-1.039	-0.978	-0.993	-0.389	-0.320	0.259	-0.121	0.560	0.035	0.710	-0.022	-0.337	-0.505	-0.195	-0.025	0.488	-0.640	0.033	-0.211	0.212	-0.423	-0.598	-0.171	-0.133	-0.095	0.261	1.128	0.337	-0.201	-0.266	1.240	-0.828	1.251	0.535
Magneto	AMB_RS23575	AMB_RS23575		HD domain-containing protein	-3.129	0.032	-0.468	0.737	0.616	-0.334	-0.220	0.693	0.717	-0.133	1.293	-0.601	0.853	-0.283	0.462	0.666	-0.136	0.331	-0.020	-0.064	-0.720	-0.475	-0.187	0.426	-1.147	-1.466	-1.227	-0.876	-0.984	-1.444	-0.858	-0.392	-0.706	2.795	-0.069	-0.985
Magneto	AMB_RS23580	AMB_RS23580		ImmA/IrrE family metallo-endopeptidase	1.679	-0.687	-1.735	-0.600	-0.545	-2.083	-1.223	0.114	-0.325	-1.493	-2.551	-1.813	-0.998	-1.368	-0.083	-0.220	-1.597	0.127	-0.571	-1.418	-1.478	-1.499	0.254	-0.553	-1.249	-0.532	-0.690	-0.615	-0.680	-0.684	0.788	0.550	0.205	-0.014	-1.011	-1.012
Magneto	AMB_RS23590	AMB_RS23590		hypothetical protein	0.544	-1.362	0.847	-1.043	-0.355	-0.983	-0.599	-1.068	-0.908	-1.904	-1.039	-0.786	-0.104	-0.544	-0.787	-0.438	-1.013	-0.740	-0.840	-0.709	-1.042	-0.709	-0.198	-0.609	-1.502	-2.215	-1.114	-0.516	-1.525	-1.457	-0.245	-1.276	-2.161	-0.949	-1.294	-1.199
Magneto	AMB_RS23595	AMB_RS23595		hypothetical protein	-0.434	-1.875	1.020	0.559	0.223	0.888	-0.021	1.050	1.337	0.639	-0.010	0.406	0.608	0.061	0.153	0.694	0.284	0.794	0.357	0.762	0.742	1.130	1.220	1.250	-0.642	-0.353	0.310	-0.751	-0.518	-0.463	0.681	-1.263	-1.197	-0.694	-0.866	0.059
Magneto	AMB_RS23600	AMB_RS23600		hypothetical protein	-0.301	-0.906	-0.010	0.260	1.064	-0.346	-0.577	0.482	1.047	0.492	-0.590	-0.413	-0.478	-0.830	-0.168	-0.179	-0.980	-0.335	-0.210	0.326	1.389	-0.227	-0.265	-0.605	0.480	1.245	-0.445	-0.563	-0.607	0.611	-1.052	0.938	-0.514	1.781	-1.186	-0.772
Magneto	AMB_RS23605	AMB_RS23605		transposase	0.233	0.013	-0.550	0.037	0.277	0.431	-0.781	-0.533	-0.556	1.136	-0.211	-0.088	0.446	-0.084	-0.161	-0.293	-0.284	-0.450	0.941	-0.019	0.838	0.035	0.076	-0.208	-0.783	-0.256	-1.132	-0.579	-0.437	-0.180	-0.121	0.518	-0.032	-0.207	0.665	1.344
Magneto	AMB_RS23610	AMB_RS23610		hypothetical protein	-0.227	1.044	0.754	1.002	0.947	1.649	0.144	0.635	0.615	0.484	1.522	0.715	0.771	1.513	0.808	0.646	0.970	0.175	0.148	0.503	0.847	0.411	1.397	0.767	1.117	0.898	1.700	1.150	0.933	0.597	-0.096	1.601	-1.039	0.536	0.547	0.602
Magneto	AMB_RS23615	AMB_RS23615		host attachment protein	-0.541	0.242	0.559	0.427	0.999	0.334	0.039	0.398	0.356	0.483	0.708	0.684	-0.339	-0.333	0.340	-0.461	-0.766	-0.441	0.477	0.849	-0.792	0.106	-0.059	-0.294	-1.497	-1.773	-2.315	-2.299	-2.137	-1.187	-2.711	-1.560	-2.916	-1.475	-1.286	-1.627
Magneto	AMB_RS23635	AMB_RS23635		hypothetical protein	-0.832	-0.735	0.029	0.873	0.296	0.076	0.055	0.254	1.339	1.502	-0.239	-1.709	-0.138	0.847	0.489	-0.548	0.028	0.123	0.056	2.126	-1.080	-0.181	0.811	0.661	-0.056	1.118	-0.116	-0.026	0.722	-0.091	-0.054	0.369	-0.193	1.005	-0.909	-0.183
Magneto	AMB_RS23640	AMB_RS23640		hypothetical protein	0.784	1.238	-0.059	0.132	0.027	0.235	-0.432	-0.060	0.128	0.182	1.357	1.020	0.139	0.206	0.054	-0.896	-0.011	0.540	0.365	0.963	0.902	-0.064	-0.128	-0.067	-1.008	-0.501	-0.662	-1.943	-1.213	-1.855	-0.006	-0.463	0.939	-0.310	-0.161	0.043
Magneto	AMB_RS23650	AMB_RS23650		hypothetical protein	-0.659	-0.907	-0.194	1.002	0.167	0.837	1.264	1.482	1.372	0.932	-1.615	0.378	0.655	1.172	0.261	2.212	1.509	1.531	0.291	0.554	-0.498	1.109	1.061	0.561	-0.361	0.346	-0.260	-0.998	-0.133	-0.025	-0.966	-0.863	0.497	-0.607	1.126	0.030
Magneto	AMB_RS23655	AMB_RS23655		hypothetical protein	0.767	-0.521	-0.460	-0.853	-0.256	0.116	-0.127	-0.223	-0.089	0.061	-0.456	0.126	-0.081	-0.501	-0.509	-0.327	-0.095	0.283	-0.597	-0.572	-0.417	-0.294	-0.808	0.101	0.233	0.398	-0.597	-0.356	0.627	0.098	0.841	-0.300	0.407	-0.177	0.184	0.018
Magneto	AMB_RS23660	AMB_RS23660		hypothetical protein	0.892	-0.469	0.650	0.362	0.957	-0.102	1.551	1.521	-0.255	1.339	0.450	1.891	1.021	0.258	-0.085	0.137	-0.685	0.290	1.749	0.646	0.356	0.351	1.056	0.771	-1.565	-1.352	-0.717	-0.957	-1.355	-0.853	1.065	0.278	-3.055	-0.039	-0.772	-0.195
Magneto	AMB_RS23665	AMB_RS23665		GGDEF domain-containing protein	0.732	1.195	0.311	1.844	-0.465	0.117	-0.029	0.780	0.828	1.668	0.168	0.468	0.575	0.408	0.319	0.165	0.739	0.508	0.289	0.062	-0.476	0.266	0.331	0.533	0.673	-0.425	0.454	-0.053	0.722	-0.198	0.440	-1.208	-0.345	-0.576	0.215	0.473
Magneto	AMB_RS23670	AMB_RS23670		two-component sensor histidine kinase	0.348	1.713	-1.239	-0.215	-0.334	-0.293	0.329	0.128	0.553	0.076	-0.675	-0.557	1.021	-0.562	0.772	0.277	-0.520	-0.500	-0.298	-0.559	0.906	-0.646	-0.660	0.259	0.043	0.576	-0.202	0.412	1.228	0.803	0.675	-0.720	0.660	0.122	-0.020	0.138
Magneto	AMB_RS23675	AMB_RS23675		Zn-dependent protease with chaperone function	-0.293	0.949	-0.909	-2.181	-0.669	-0.850	-1.091	-0.728	-1.521	-0.390	-0.232	-1.493	-1.128	-1.018	-0.880	-0.807	0.417	-0.495	0.058	0.383	0.472	-1.315	-1.202	0.008	-1.776	-0.857	-1.682	-1.251	-1.586	-0.650	-0.931	-0.872	-1.943	-0.675	-1.035	-1.207
Magneto	AMB_RS23720	AMB_RS23720		HAMP domain-containing protein	0.227	-0.924	0.460	0.678	0.297	-0.142	0.672	-0.173	0.563	-0.474	0.659	-0.209	0.141	-0.513	-0.174	-0.212	0.042	-0.283	-0.224	-0.371	0.780	-0.168	0.010	0.015	0.515	1.063	0.286	0.257	-0.056	0.309	0.108	-0.023	0.997	-0.755	-0.267	-0.538
Magneto	AMB_RS23730	AMB_RS23730		PAS domain S-box protein	-0.992	0.776	0.011	0.137	0.581	0.456	0.354	0.399	0.369	0.296	-0.859	0.541	0.636	-0.134	0.050	-0.179	0.784	0.784	0.443	0.423	1.085	0.136	0.219	0.629	0.231	0.326	0.056	0.278	0.216	0.588	-0.456	0.168	0.487	-0.453	-0.847	-0.519
Magneto	AMB_RS23735	AMB_RS23735		DNA-binding protein	0.796	-0.887	0.164	0.788	-1.216	-0.619	-0.282	-0.541	0.757	0.419	-0.108	0.487	0.191	0.144	-0.673	0.505	1.792	-0.280	-0.022	1.333	0.423	0.287	1.748	1.201	-1.211	-1.351	-1.019	-0.903	-0.927	-0.954	-0.698	-1.248	-0.721	-1.340	-0.593	-0.996
Magneto	AMB_RS23745	AMB_RS23745		XRE family transcriptional regulator	-0.071	0.604	1.090	-0.475	-0.127	-0.277	-0.039	-0.257	0.422	-0.619	2.061	-0.180	-0.143	-0.124	0.143	0.316	-0.858	0.077	0.280	0.330	-1.921	-0.816	0.197	-0.997	-0.348	-1.511	0.235	-1.197	0.250	-1.128	2.396	-0.102	0.099	0.685	1.038	0.079
Magneto	AMB_RS23750	AMB_RS23750		modified peptide precursor CbpA	2.476	-0.057	1.046	1.741	1.311	1.111	0.158	0.662	0.088	1.393	0.517	1.597	1.311	0.183	1.108	0.161	0.276	0.884	1.237	1.346	0.895	0.950	1.776	0.938	-1.357	-1.336	-0.434	-1.612	-1.190	-1.138	0.106	-1.025	-1.711	-1.841	-0.845	-0.459
Magneto	AMB_RS23785	AMB_RS23785		DNA gyrase inhibitor YacG	-1.483	-0.203	1.237	-1.324	2.275	0.539	0.363	0.524	1.076	1.676	-0.248	-0.289	1.200	-0.159	0.217	-0.656	-0.056	0.403	1.605	0.184	1.486	1.668	-0.386	0.750	-0.076	-0.981	-1.195	-1.421	-1.752	-1.558	0.323	-0.566	-1.047	-0.052	-0.190	-0.219
Magneto	AMB_RS23795	AMB_RS23795		hypothetical protein	0.362	1.137	1.002	0.633	-0.638	0.511	0.511	-0.030	0.074	1.726	1.087	1.439	0.986	-0.056	-0.063	0.102	-1.107	-0.259	1.542	0.453	1.576	0.162	0.003	0.302	-0.795	-0.644	-0.581	-0.872	-0.928	-0.801	0.798	-0.062	-1.736	0.682	0.288	0.638
Magneto	AMB_RS23800	AMB_RS23800		ribosome silencing factor	-0.711	-0.077	0.295	-0.303	-1.119	-0.393	-0.269	-1.226	-1.446	-2.625	-1.903	-0.444	-0.059	-1.529	0.235	-1.942	-1.385	-0.200	-0.982	-1.367	-2.018	0.005	-1.076	0.372	-0.388	-0.162	-0.245	-0.314	-0.558	-0.059	-0.903	-0.852	-0.164	-2.152	-1.480	-0.841
Magneto	AMB_RS23820	AMB_RS23820		hypothetical protein	1.821	1.276	1.430	1.085	1.149	0.287	0.388	0.562	-0.574	1.889	0.827	0.918	-0.558	0.893	-0.374	0.580	0.361	0.451	1.948	1.182	0.493	1.300	-0.208	-0.059	0.155	0.147	-0.857	-0.315	0.133	-0.461	1.683	0.708	-0.132	-0.136	0.201	-0.971
Magneto	AMB_RS23830	AMB_RS23830		hypothetical protein	-3.200	-0.436	-1.705	-1.398	-1.417	-0.477	1.298	0.722	0.353	-0.474	0.698	-0.559	-0.901	-1.307	-0.463	1.273	1.025	1.403	-2.037	-0.753	-2.225	-0.517	0.485	-0.370	-0.942	-1.101	-0.708	0.393	0.677	0.392	3.592	0.925	2.507	0.475	2.168	0.957
Magneto	AMB_RS23835	AMB_RS23835		VWA domain-containing protein	0.848	-0.769	-1.785	-1.361	-1.818	-2.017	-0.410	-0.788	-0.108	-1.386	-0.750	-0.809	-1.318	-2.328	-1.306	-0.047	0.671	-0.042	-0.640	-1.706	-0.465	-0.887	0.329	-0.882	-2.793	-2.028	-2.292	-1.185	-2.023	-1.414	2.366	2.316	1.759	2.427	2.916	1.594
Magneto	AMB_RS23845	AMB_RS23845		hypothetical protein	-0.761	0.307	-0.830	-1.184	0.159	-0.474	-0.881	0.038	-0.087	-0.389	-2.069	0.656	-1.314	-0.369	-1.920	0.247	0.427	-0.550	-1.293	0.049	0.500	-0.528	-0.587	-0.357	-1.005	0.409	1.094	0.018	0.111	0.106	-0.705	1.068	0.627	0.446	0.678	0.951
Magneto	AMB_RS23855	AMB_RS23855		PDZ domain-containing protein	1.299	0.454	-0.212	-0.858	-0.480	-0.564	0.620	0.610	-0.110	-1.204	-0.503	-1.314	-0.023	-1.643	0.011	0.186	0.046	0.033	-1.448	-0.652	-1.549	-0.292	0.084	-0.293	-0.528	0.018	-0.452	0.620	0.318	0.143	0.164	-0.224	0.077	-0.317	0.674	0.968
Magneto	AMB_RS23860	AMB_RS23860		IS256 family transposase	0.230	1.020	-0.122	-0.388	-1.117	-1.616	-0.026	-0.999	-0.152	1.097	-0.759	-0.393	-0.216	0.285	-0.690	-1.206	-0.012	-0.377	-0.044	-0.554	0.114	0.462	-0.443	-0.188	-0.008	0.920	0.955	0.584	0.394	0.109	-0.963	-0.359	0.300	0.121	0.327	0.277
Magneto	AMB_RS23865	AMB_RS23865		DUF2786 domain-containing protein	3.268	-1.510	-1.288	-0.612	-1.239	0.239	0.300	1.790	1.377	-0.970	-1.195	-0.517	0.021	-2.044	-1.413	0.546	0.012	2.504	-0.532	-1.691	-0.129	0.062	-1.340	-0.076	-0.899	-1.022	0.134	1.203	1.798	0.977	-0.828	-1.664	-1.286	-0.655	0.119	0.965
Magneto	AMB_RS23870	AMB_RS23870		ParA family protein	-1.624	0.360	-0.769	0.267	-0.911	-0.227	0.516	-1.311	-0.008	-1.902	-0.935	0.981	-0.447	-1.262	0.453	-0.539	0.888	-0.172	-0.331	-1.884	-0.150	0.521	1.333	0.179	-1.357	-1.061	-1.096	-1.195	-0.526	-1.137	1.126	1.063	0.954	0.339	0.447	-0.292
Magneto	AMB_RS23885	AMB_RS23885		hypothetical protein	-1.116	-0.604	-0.440	-0.996	-0.417	-1.622	0.046	-0.263	-0.683	-1.231	1.351	-0.433	-1.067	-1.258	-0.516	0.590	0.635	-0.363	-1.308	-0.096	-0.469	0.155	-0.089	-0.594	-0.505	0.181	-0.867	-0.384	0.689	0.865	-0.131	-0.485	-1.306	0.959	-1.520	-0.904
Magneto	AMB_RS23890	AMB_RS23890		hypothetical protein	-0.582	-1.207	-0.862	-1.332	-2.038	-0.921	-0.375	-1.288	0.346	-1.705	-0.524	-2.807	-1.932	-1.300	0.705	0.086	-0.517	-0.509	-0.871	-0.473	-1.680	-0.836	-0.410	-2.384	-0.203	-0.267	-0.563	-0.027	-1.241	1.452	-1.305	-1.248	1.219	0.090	-1.245	-0.165
Magneto	AMB_RS23895	AMB_RS23895		FRG domain-containing protein	1.104	-0.378	-0.259	0.814	1.728	1.322	0.758	0.376	0.302	1.219	-0.176	1.376	-0.340	-0.420	0.817	0.858	0.802	2.422	-0.462	1.695	1.361	0.091	0.982	0.115	1.052	0.765	1.753	3.458	2.453	1.534	0.002	0.586	-0.979	0.044	0.122	0.545
Magneto	AMB_RS23900	AMB_RS23900		PilZ domain-containing protein	0.649	-0.711	-0.490	0.460	-1.428	-0.976	1.577	0.564	-0.014	-0.036	0.021	-0.713	0.931	0.062	-1.419	0.097	0.264	0.690	-0.725	0.859	-0.586	-0.944	0.980	-0.381	-1.203	-1.310	-1.295	-1.285	-1.262	-1.970	-0.017	-0.855	-0.871	-1.354	-1.432	-2.600
Magneto	AMB_RS23905	AMB_RS23905		EAL domain-containing protein	-1.629	-0.709	-0.072	-0.870	-1.433	-0.764	1.367	0.036	-0.500	-0.640	-1.451	-1.543	-0.197	-2.003	-1.534	0.281	0.059	0.453	-2.138	-1.651	0.161	0.845	0.013	0.748	-0.245	-0.671	-0.632	0.477	0.742	-0.286	-0.987	-0.406	-1.361	-2.528	-0.412	-0.805
Magneto	AMB_RS23910	AMB_RS23910		DUF1465 domain-containing protein	-0.971	-0.951	-0.006	-3.216	-0.580	-1.386	0.902	-0.438	0.138	-0.587	-0.213	-1.172	-0.842	0.084	-0.263	0.569	1.914	1.461	-2.333	-2.145	-1.678	-0.405	0.782	0.033	0.452	0.462	0.436	1.425	1.328	1.201	0.811	-0.673	0.282	-0.959	0.092	-0.959
Magneto	AMB_RS23915	AMB_RS23915		XRE family transcriptional regulator	0.977	1.466	-0.937	-0.477	-0.757	-1.140	-1.307	-1.641	0.078	-0.344	0.811	-1.950	-1.170	-0.223	-1.349	-0.614	0.295	-1.269	-1.135	-1.278	-2.238	-0.398	-0.319	-0.568	-0.173	-0.378	-0.796	-0.242	-0.664	-0.375	-0.941	0.141	-0.046	-0.416	-0.145	-0.976
Magneto	AMB_RS23920	AMB_RS23920		transcriptional repressor	-0.593	-1.399	-0.417	-1.281	0.788	-1.643	0.998	1.125	-0.605	-1.202	-1.322	-2.530	0.496	-1.606	0.339	-0.590	1.456	0.268	-1.298	-0.295	-1.432	0.786	0.863	1.263	-0.404	-0.331	-0.572	0.820	0.623	0.557	-3.183	-0.317	-1.070	-0.690	-2.613	-1.533
Magneto	AMB_RS23930	AMB_RS23930		hypothetical protein	-0.249	-0.192	0.764	-0.531	0.333	0.068	2.174	0.216	-0.133	-0.249	-1.704	0.235	0.370	-0.021	-0.399	-0.259	0.402	0.809	-0.408	-0.527	-0.129	-1.107	-0.115	-0.712	0.240	0.192	0.983	0.920	0.749	1.681	-0.776	0.840	0.530	-0.391	0.906	0.642
Magneto	AMB_RS23935	AMB_RS23935		hypothetical protein	0.070	-1.470	0.015	-0.858	-0.259	1.055	-1.091	0.629	2.316	-2.565	-0.040	-0.517	0.695	-0.235	0.167	2.883	1.277	1.809	-1.022	-0.999	-1.619	-0.514	0.195	-0.331	-1.418	-0.516	-1.160	-0.494	-0.795	-0.387	0.007	-2.205	-0.361	-0.385	-1.572	0.058
Magneto	AMB_RS23945	AMB_RS23945		DUF3365 domain-containing protein	0.328	-1.550	-2.194	-1.957	-1.212	-1.228	-0.609	-1.316	-0.255	-1.205	0.218	-1.211	-0.797	-2.187	-1.089	-0.121	0.797	0.679	-1.134	-0.528	-1.960	-0.535	-0.511	0.133	-3.081	-2.046	-2.476	-1.042	-0.394	-0.125	0.091	-2.838	-1.717	-1.245	-1.302	-1.389
Magneto	AMB_RS23950	AMB_RS23950		hemerythrin	-1.970	-0.662	-4.148	-2.344	-4.367	-2.121	-1.394	-0.239	-1.639	-3.131	-1.837	-3.850	-3.085	-2.072	-3.307	0.829	1.170	0.871	-2.098	-3.548	-5.021	-2.042	-0.489	-2.369	-0.499	-1.066	-1.173	1.225	0.681	0.564	0.354	-2.418	-0.273	-0.362	-0.120	-1.181
Magneto	AMB_RS23955	AMB_RS23955		hypothetical protein	1.075	0.723	-2.080	-0.469	-1.099	-1.886	0.584	-0.872	0.530	-3.072	-0.080	-1.470	-1.819	-0.687	-0.489	-1.206	2.065	2.674	-3.675	-1.351	-1.843	-0.577	-0.691	-1.912	-1.614	-1.458	-1.309	1.985	1.723	1.482	-1.505	-1.286	-2.023	-2.104	0.373	-1.328
Magneto	AMB_RS23965	AMB_RS23965		hypothetical protein	0.732	-1.453	1.294	1.778	1.112	1.653	1.211	0.829	1.350	1.300	1.404	3.337	1.549	1.535	1.255	1.766	1.373	0.511	1.681	0.364	2.010	3.016	0.289	1.867	-1.167	-0.439	-1.097	-0.396	-0.010	-0.003	-0.058	0.165	0.792	-0.352	0.765	1.112
Magneto	AMB_RS23970	AMB_RS23970		HEAT repeat domain-containing protein	-1.186	0.045	-0.918	-0.140	-0.427	-1.021	-1.159	-1.473	-0.852	-1.354	-1.730	-1.784	-0.817	-1.296	-0.633	-1.061	-0.195	-0.489	-1.407	0.158	-0.689	0.263	-0.262	-0.244	0.456	1.594	0.472	0.514	0.138	0.616	-0.630	0.695	0.473	-0.266	0.933	1.055
Magneto	AMB_RS23975	AMB_RS23975		IS3 family transposase	-0.380	1.724	0.019	0.144	0.492	0.221	-0.914	-0.452	-0.720	0.994	0.779	0.694	-0.417	-0.263	0.179	-0.224	0.016	-0.438	-0.022	-0.453	0.304	-0.348	-0.795	-0.399	0.667	-0.357	0.045	-0.812	1.463	-0.105	0.611	-0.264	0.938	1.067	1.067	-0.055
Magneto	AMB_RS23980	AMB_RS23980		helix-turn-helix domain-containing protein	0.219	0.391	-1.251	-1.188	-0.134	-0.468	-0.432	0.147	0.405	-0.221	0.639	-0.041	-0.080	0.487	1.114	0.400	0.074	0.114	0.744	-0.733	-2.448	-0.397	0.313	0.515	0.575	-0.925	-0.558	0.935	0.651	0.056	0.460	-0.892	-1.128	0.776	-0.752	-0.619
Magneto	AMB_RS23985	AMB_RS23985		signal transduction histidine kinase	1.408	-0.277	-0.793	-0.567	0.015	0.033	-0.168	-0.740	-0.833	0.491	-0.661	1.035	-0.724	0.059	1.108	-0.604	-0.185	-0.813	0.061	0.941	-0.136	0.218	-0.109	0.494	-0.298	0.828	0.634	-0.365	-0.115	0.025	-0.019	1.624	1.483	1.525	0.476	1.711
Magneto	AMB_RS23990	AMB_RS23990		aminotransferase class V-fold PLP-dependent enzyme	-0.378	-0.138	2.146	0.142	-0.017	0.231	-1.189	-0.575	0.631	0.526	1.859	0.289	-0.067	0.504	0.719	0.514	-0.026	-0.503	0.256	1.771	0.062	0.460	0.236	-0.043	-0.076	0.057	0.562	-0.001	-0.229	0.318	0.672	0.123	0.402	1.328	1.749	-1.526
Magneto	AMB_RS24000	AMB_RS24000		glycosyltransferase family 1 protein	-0.890	-1.838	-1.234	-1.656	-1.877	-1.219	-0.319	-1.279	-2.966	-1.412	-0.821	-1.277	-1.459	-1.520	-1.567	-0.276	-0.808	0.166	-0.810	-0.065	-0.685	-0.702	-0.593	-1.853	-1.501	-1.374	-1.028	-0.971	-1.549	-1.137	-1.728	-1.967	-1.430	-1.670	-1.971	-1.810
Magneto	AMB_RS24005	AMB_RS24005		PAS domain-containing sensor histidine kinase	0.173	0.662	-0.598	0.405	-0.094	0.610	1.012	0.026	0.665	0.513	0.839	0.132	-0.128	-0.403	0.293	-0.297	-0.534	-0.185	-0.068	-0.696	-0.117	-0.209	0.591	0.085	0.649	0.721	0.247	0.620	0.248	-0.005	-1.868	-1.130	0.148	1.522	-1.589	-0.802
Magneto	AMB_RS24010	AMB_RS24010		hypothetical protein	1.580	-0.162	0.583	1.109	-0.102	2.952	-0.664	-0.726	0.875	-0.641	-1.083	-0.109	0.944	0.272	-1.164	-0.716	1.190	-0.978	1.136	0.732	-1.030	0.323	-0.632	0.877	0.981	0.545	-0.193	-0.957	-0.950	0.586	-0.235	0.329	0.579	1.796	0.928	1.015
Magneto	AMB_RS24015	AMB_RS24015		tetrahydromethanopterin S-methyltransferase subunit A	0.511	1.491	0.342	-0.953	-0.513	-0.394	-0.898	-0.605	0.100	-0.393	-0.196	-0.233	-0.724	-0.581	0.305	-0.546	0.406	-0.233	-0.604	-0.162	1.612	-0.156	-0.958	-0.664	-0.989	-1.288	-1.588	-1.214	-1.081	-1.323	-0.663	-1.223	-0.046	-1.259	-0.552	-1.059
Magneto	AMB_RS24140	AMB_RS24140		hypothetical protein	-1.501	-0.960	0.465	0.780	0.687	0.311	1.110	0.601	0.227	0.171	1.421	0.100	1.177	0.351	0.747	0.946	0.650	1.342	0.477	0.095	1.405	0.053	-0.924	2.031	-0.998	-1.230	-1.260	-1.199	-1.093	-0.533	0.056	-0.198	-1.789	-1.115	-1.420	-1.379
Magneto	AMB_RS24145	AMB_RS24145		hypothetical protein	0.643	0.120	0.776	-0.062	0.335	0.646	-0.237	0.625	0.438	-0.688	0.186	-0.056	0.093	-0.050	-0.235	0.744	0.289	0.094	0.611	0.543	0.132	-0.738	1.274	0.672	-0.017	-0.070	0.936	0.625	1.211	0.777	0.498	0.919	0.126	-0.697	0.169	-0.586
Magneto	AMB_RS24240	AMB_RS24240		hypothetical protein	-0.280	0.624	0.232	-0.447	-0.722	-0.825	0.073	0.248	-0.085	-1.019	-0.204	0.685	0.041	0.811	-1.058	0.357	1.443	-0.375	0.558	-1.218	-0.399	0.102	0.075	-0.046	-1.498	-1.527	-1.321	-0.716	-1.020	-0.746	-0.742	-1.166	-0.233	-0.858	0.046	-1.215
Magneto	AMB_RS24245	AMB_RS24245		hypothetical protein	-0.297	-0.774	0.871	-1.955	0.438	-1.364	0.143	-1.035	-0.939	-0.146	-1.470	-1.835	-0.348	-1.222	-0.622	-0.736	-1.832	-0.569	0.332	0.033	0.272	-1.743	0.520	-0.495	-1.639	-1.143	-0.475	-0.933	-0.710	-0.482	-1.187	-0.728	-0.093	0.057	-1.010	-1.315
Magneto	AMB_RS24250	AMB_RS24250		hypothetical protein	0.194	1.092	-0.275	0.347	0.758	-0.164	-0.057	-0.212	-0.021	0.165	0.227	-0.237	0.471	-0.677	-0.319	-1.726	-0.498	-1.087	0.780	-0.209	-0.458	0.216	-0.348	0.735	0.149	-0.338	-0.061	-0.122	0.025	0.171	-1.112	1.406	0.359	1.321	0.755	0.155
Magneto	AMB_RS24260	AMB_RS24260		DNA primase	-0.110	-0.733	-1.176	0.202	-0.043	0.150	-0.445	0.144	-0.520	0.230	-0.898	1.277	0.286	0.308	0.636	-0.607	-0.345	0.150	-0.731	0.111	-0.967	-0.869	-0.800	0.183	0.033	1.394	0.357	0.580	0.474	-0.234	0.563	1.064	0.091	-0.360	-0.230	1.635
Magneto	AMB_RS24265	AMB_RS24265		hypothetical protein	0.007	0.332	0.984	0.623	-0.243	0.367	-0.412	1.086	1.506	0.064	0.591	1.237	1.104	0.122	1.404	-0.569	0.077	1.670	1.262	-1.494	-0.225	0.183	0.188	0.489	0.467	-0.827	-0.603	-0.833	0.297	-0.202	1.508	-0.596	-0.854	0.247	-1.187	0.961
Magneto	AMB_RS24270	AMB_RS24270		phage portal protein	-2.411	-1.687	-1.089	-1.234	-0.489	-0.803	-1.018	-0.416	0.078	0.056	2.740	0.730	-0.346	-1.446	-0.092	0.154	0.497	2.600	-0.507	-0.931	-0.152	-0.089	-0.631	0.184	-1.516	-1.030	-1.449	-1.178	-0.917	-1.010	-2.010	-0.298	-1.856	0.430	-2.012	0.182
Magneto	AMB_RS24275	AMB_RS24275		methyl-accepting chemotaxis protein	-0.019	-1.233	-0.356	0.123	-0.440	0.328	0.894	-0.696	-0.588	-0.189	-0.614	-0.589	0.361	0.217	-0.091	0.101	0.282	0.893	0.764	-1.224	0.079	0.345	0.655	0.156	0.749	0.362	0.527	0.704	0.277	0.536	2.532	-0.681	0.457	1.101	0.671	1.698
Magneto	AMB_RS24280	AMB_RS24280		sel1 repeat family protein	0.028	0.927	-2.139	-1.434	-1.424	-0.994	-1.229	-0.936	-1.599	-3.026	-1.043	-2.928	-1.678	-1.490	-2.059	-0.989	0.213	0.004	-1.284	-3.273	-2.656	0.129	0.628	-0.385	-1.123	-1.461	-1.196	0.374	1.775	0.378	-1.554	-2.983	-1.298	-1.091	-1.977	-2.238
Magneto	AMB_RS24285	AMB_RS24285		hypothetical protein	-0.382	0.631	-1.608	-1.040	0.579	-0.956	-0.417	0.707	0.877	-0.211	0.703	-0.786	0.340	-1.352	-2.608	-0.448	-0.071	0.450	-0.290	-0.195	-2.146	-0.185	0.115	1.999	0.369	0.320	1.105	1.346	0.835	1.292	1.781	1.075	-1.230	0.485	-0.477	-0.452
Magneto	AMB_RS24300	AMB_RS24300		DUF4102 domain-containing protein	0.781	-0.034	-0.747	-1.793	-0.946	-1.459	-0.107	0.115	0.311	-2.231	-0.730	-3.125	-1.514	-1.949	-1.768	0.157	1.776	3.004	-3.093	-2.759	-0.037	-1.077	0.177	-0.258	-1.353	-0.523	-0.797	1.036	1.776	1.540	-0.833	-1.220	-1.023	-1.034	-1.309	-0.481
Magneto	AMB_RS24305	AMB_RS24305		hypothetical protein	-0.140	-0.020	-1.396	-0.798	-0.830	0.036	0.289	-0.963	-0.881	-0.887	-1.558	0.194	-0.594	-1.399	-1.695	-1.099	-1.702	-0.850	-1.077	0.245	-0.098	-1.277	0.319	0.690	-1.895	-2.942	-2.225	-2.927	-3.050	-2.077	-0.454	-2.982	-0.726	-0.593	-1.179	-2.163
Magneto	AMB_RS24310	AMB_RS24310		sulfatase	-0.373	0.647	-1.782	-0.621	-1.503	-0.636	0.806	-0.281	-0.297	0.280	-0.259	-0.594	0.115	-0.269	-0.275	0.094	0.526	1.549	-0.338	1.120	-0.197	-0.283	-0.199	-0.035	0.428	0.056	-0.014	-0.034	0.334	0.116	-0.083	-1.631	0.374	-0.831	-0.422	0.871
Magneto	AMB_RS24315	AMB_RS24315		formylglycine-generating enzyme family protein	0.996	-1.773	-0.299	-0.249	-0.673	-0.318	0.008	-0.812	-0.286	-0.339	1.593	-1.193	-1.074	-0.504	0.150	-0.333	1.669	0.035	-0.109	0.874	-0.593	-0.111	0.569	0.601	0.634	0.135	-0.333	0.136	1.257	0.777	0.164	-0.269	-0.427	1.317	-0.570	0.381
Magneto	AMB_RS24320	AMB_RS24320		formylglycine-generating enzyme family protein	-0.409	-0.622	-0.041	0.948	-1.078	0.169	0.222	0.877	0.437	-0.185	-0.584	0.516	-0.233	0.262	-0.006	0.041	-0.123	1.007	-0.211	-0.387	-0.456	0.890	0.387	0.314	0.504	0.876	1.350	0.653	1.602	1.309	0.174	0.650	0.464	0.794	0.792	0.726
Magneto	AMB_RS24330	AMB_RS24330		DNA-binding protein	4.337	-0.795	-0.080	-2.078	-0.963	0.184	-0.798	-0.011	0.330	-2.174	0.599	-2.069	-2.141	0.593	-0.108	-0.792	-0.475	-0.845	-1.556	-2.402	-1.490	-2.493	0.009	-1.226	-1.334	-1.763	-1.981	0.325	-0.145	-0.671	-0.898	-2.987	-2.724	-0.530	-2.187	-2.043
Magneto	AMB_RS24340	AMB_RS24340		DNA cytosine methyltransferase	0.211	0.584	0.900	0.133	0.957	-0.654	0.950	-0.316	0.708	0.199	1.067	0.310	0.620	-0.571	0.581	0.468	0.076	-0.356	-0.049	0.563	0.423	-0.309	-0.997	0.035	0.405	0.536	0.096	-0.147	-1.457	-0.344	0.218	-1.323	-0.364	-0.037	-0.526	-0.049
Magneto	AMB_RS24350	AMB_RS24350		hypothetical protein	-0.377	0.272	0.343	-1.257	-0.900	-1.587	-2.603	-0.525	-0.594	0.983	1.940	1.381	-1.157	0.773	0.347	-0.573	-0.069	-0.218	0.979	0.799	1.915	-1.311	-0.497	-0.773	-1.788	-1.708	-1.749	-1.616	-1.617	-1.608	-0.763	-1.236	-1.105	-0.893	-1.000	-1.280
Magneto	AMB_RS24355	AMB_RS24355		hypothetical protein	-1.256	0.085	0.038	0.878	0.312	0.143	0.160	0.076	0.209	0.366	0.495	-0.185	-0.026	0.421	-0.219	0.342	0.236	-0.233	0.568	0.871	-0.016	0.057	0.632	0.171	-0.312	-0.231	0.296	0.097	-0.459	0.460	0.537	-0.092	-0.336	0.398	0.225	-0.392
Magneto	AMB_RS24360	AMB_RS24360		K(+)-transporting ATPase subunit F	-2.826	1.520	-0.246	1.459	-0.271	0.766	0.192	0.228	0.214	0.018	1.476	0.551	0.123	0.137	0.535	0.997	0.816	1.329	0.795	0.043	0.464	0.261	0.553	0.889	-1.313	0.642	-0.156	1.241	0.091	0.123	-1.069	-1.063	-1.116	-0.585	1.612	0.301
Magneto	AMB_RS24365	AMB_RS24365		hypothetical protein	0.331	-0.966	0.230	0.579	0.695	-0.050	-1.464	-0.070	-0.482	1.802	0.371	0.224	-0.275	0.653	0.524	-0.157	-0.160	-0.803	2.723	0.918	-0.562	-0.117	0.605	-0.016	-2.855	-2.020	-2.761	-3.448	-3.144	-3.296	-2.047	-2.842	-2.876	-2.649	-2.946	-2.132
Magneto	AMB_RS24370	AMB_RS24370		hypothetical protein	-1.274	0.255	-0.640	-1.226	-1.068	-0.152	-1.608	-0.512	-0.844	-0.933	0.785	0.760	-0.445	-0.550	-0.651	-0.363	-0.494	-0.783	-0.318	0.008	0.206	-0.493	-0.488	-0.237	-0.271	0.546	-0.214	-0.346	0.027	0.112	1.469	-0.290	0.791	-0.101	-0.059	-0.324
Magneto	AMB_RS24375	AMB_RS24375		response regulator	-3.089	1.264	-0.321	-0.453	-0.710	-0.843	-2.219	-1.309	-1.266	-0.105	-1.131	0.627	-1.317	-0.802	-1.030	-0.882	-0.122	-1.156	0.306	0.753	0.149	-0.468	-0.129	-0.425	-0.425	-0.250	-0.436	-0.943	-0.169	-0.842	0.844	0.013	-0.215	0.810	-0.205	1.030
Magneto	AMB_RS24430	AMB_RS24430		hypothetical protein	-0.197	0.827	-0.256	-0.162	0.735	-0.768	-1.038	-0.995	-0.953	0.750	-0.003	0.859	0.096	-0.113	0.053	-0.287	-0.937	-0.763	0.795	1.450	0.554	1.784	-0.910	-0.422	1.152	1.681	1.881	1.209	0.993	0.849	-0.370	-0.237	0.918	1.734	0.888	1.998
Magneto	AMB_RS24435	AMB_RS24435		hypothetical protein	0.246	1.028	-0.332	0.063	1.854	0.229	0.285	0.840	0.405	0.493	0.088	-1.021	0.880	-0.390	0.457	0.967	0.785	0.739	-0.040	-0.174	-1.590	0.798	1.299	0.742	0.892	0.779	1.295	0.833	1.154	0.929	-0.071	-1.087	-0.856	0.063	1.012	1.404
Magneto	AMB_RS24445	AMB_RS24445		hypothetical protein	-0.212	-0.484	-1.258	-3.387	-2.963	-2.533	-1.339	-1.330	-0.807	-3.065	-1.269	-1.071	-1.560	-2.452	-2.091	0.648	0.393	0.114	-3.028	-1.889	0.481	-1.539	0.023	-2.314	-0.539	-1.347	-0.418	-0.286	-0.024	0.171	-0.044	-0.405	-0.938	0.224	-2.418	-0.423
Magneto	AMB_RS24455	AMB_RS24455		hypothetical protein	-1.646	0.984	0.408	1.087	-0.899	0.050	-0.932	-1.456	-1.069	0.744	0.698	-0.024	-1.100	-0.760	0.900	-0.945	-0.519	-0.905	0.750	1.119	0.439	1.054	-0.278	-0.364	-1.260	-0.604	-1.564	-0.583	-1.222	-1.172	-1.264	-0.733	-0.564	0.072	-0.189	-1.758
Magneto	AMB_RS24460	AMB_RS24460		hypothetical protein	-0.617	0.508	-1.779	-1.211	-0.047	-1.110	0.034	-0.629	0.163	-1.405	-0.052	-0.763	-0.700	-0.725	-0.216	-0.249	0.516	-0.246	-0.610	-0.294	-0.618	-0.999	-0.420	-0.601	0.139	0.694	-0.156	0.011	-0.432	1.076	-1.423	1.348	0.922	-0.326	-0.246	-0.121
Magneto	AMB_RS24465	AMB_RS24465		YdcF family protein	0.861	-0.952	-0.281	-0.167	0.427	-0.819	-0.349	-0.249	0.520	-0.757	-0.157	0.713	1.280	0.564	-1.156	-0.381	1.380	-0.168	0.646	0.260	-0.483	-1.192	0.842	-0.953	-0.452	-0.629	0.636	0.467	0.245	0.076	-0.609	-2.026	0.091	1.475	0.566	0.189
Magneto	AMB_RS24470	AMB_RS24470		N-acetyltransferase	-0.970	2.091	0.740	-0.071	0.319	-0.423	-0.370	-0.175	0.498	1.244	0.898	0.796	1.287	-0.247	-0.570	0.048	-0.183	-0.069	0.114	-0.147	-0.159	0.132	0.545	0.630	0.565	-0.575	0.917	-1.033	-0.307	-1.493	-0.794	0.270	0.449	1.516	0.538	-0.354
Magneto	AMB_RS24475	AMB_RS24475		hypothetical protein	1.468	0.622	-2.517	-1.875	-1.500	-0.702	0.312	0.112	0.090	-1.456	-4.623	-2.213	-2.441	-2.768	-1.464	1.185	1.667	1.581	-1.117	-3.228	-1.498	-2.807	-0.454	-1.368	-0.922	-1.490	-0.950	1.202	1.114	0.792	0.399	-1.957	0.064	-2.361	-2.432	-2.042
Magneto	AMB_RS24480	AMB_RS24480		transcriptional regulator	1.445	-0.441	-1.458	-0.166	-0.696	-0.502	-0.253	0.013	0.033	-1.700	-1.333	-0.105	-0.642	-1.795	-0.526	0.682	0.642	0.755	-0.988	0.510	-0.783	-1.311	-0.188	0.630	-0.697	-0.839	-0.296	-0.202	-1.393	-0.910	-1.141	-2.239	0.906	1.081	-0.428	-1.096
Magneto	AMB_RS24485	AMB_RS24485		DUF1465 domain-containing protein	-0.220	-0.865	0.431	-0.440	0.092	-0.224	0.461	0.922	1.887	0.010	1.135	-0.122	0.518	0.187	-0.249	0.856	0.426	0.982	0.257	-0.309	-0.651	0.921	0.302	0.493	0.351	-0.637	-0.138	0.025	0.997	0.448	0.005	0.040	-0.546	-0.132	1.218	0.011
Magneto	AMB_RS24510	AMB_RS24510		hypothetical protein	-1.061	0.360	-1.890	-1.053	-1.066	-1.325	-0.361	-2.757	-0.678	-2.853	-0.832	-2.036	-1.026	-2.142	-2.127	-0.653	0.316	0.635	-2.100	-1.326	-0.812	-0.634	0.452	-0.387	-1.549	-1.618	-1.614	-1.840	-1.167	-1.409	-0.530	-2.030	-2.530	-1.524	-1.769	-0.870
Magneto	AMB_RS24515	AMB_RS24515		hypothetical protein	-0.414	-1.314	-1.850	-3.485	-1.145	-0.518	0.214	-0.603	0.935	-1.454	-1.268	-1.485	-0.926	-2.234	-3.469	1.902	2.408	1.218	-2.183	-0.296	-1.919	-2.179	0.245	-0.738	-2.391	-1.964	-1.413	1.517	1.594	0.719	-0.844	-1.762	-0.855	-2.248	-1.042	-1.417
Magneto	AMB_RS24520	AMB_RS24520		phosphodiesterase	-2.025	-1.134	-2.591	-1.631	-1.288	-1.189	1.345	-1.632	0.617	-1.845	-1.782	-4.602	-3.064	-2.716	-1.935	0.879	1.761	1.529	-2.573	-2.053	-2.881	-1.010	-0.920	-0.673	-1.052	-1.899	-1.360	0.749	1.850	0.021	-0.982	-3.138	-0.157	-0.729	-0.543	-2.059
Magneto	AMB_RS24525	AMB_RS24525		methyl-accepting chemotaxis protein	-0.975	1.417	-2.006	-3.972	-2.830	-1.483	0.271	-1.601	-0.239	-3.183	-2.432	-2.073	-1.340	-2.056	-1.709	1.065	1.725	1.488	-2.771	-0.838	-1.863	-0.559	0.838	-1.228	-1.233	-0.531	-0.668	0.981	1.721	0.764	-0.646	-0.698	-0.819	-0.714	-1.440	-0.151
Magneto	AMB_RS24535	AMB_RS24535		hypothetical protein	-0.967	-0.863	-2.216	-1.380	-2.488	-0.786	-0.536	-2.373	-0.718	-1.920	-1.695	-1.621	-1.378	-1.546	-1.559	0.245	0.089	-0.524	-1.603	-1.458	-0.179	-0.848	-0.628	-0.957	-2.057	-1.699	-0.655	-0.063	0.549	-1.472	-0.339	-0.634	-1.338	-0.738	-0.725	-0.492
Magneto	AMB_RS24540	AMB_RS24540		DUF465 domain-containing protein	-0.657	-0.974	1.053	-1.000	-0.652	-0.465	-0.820	-0.281	0.412	-1.121	0.429	-1.870	-0.627	-0.974	0.172	0.381	-0.088	-0.178	-0.830	-0.603	-0.068	-0.980	0.148	-0.892	1.151	1.647	0.345	1.122	2.008	1.801	0.912	0.348	0.426	-0.447	0.685	0.648
Magneto	AMB_RS24545	AMB_RS24545		hypothetical protein	0.025	0.615	0.212	1.533	0.041	1.616	1.416	0.355	-0.465	-0.146	0.283	-0.588	-0.315	-0.081	0.440	0.480	0.953	1.636	1.075	-0.127	-1.497	0.089	0.631	-0.765	-1.302	-1.264	-1.284	-1.203	-1.202	-1.201	-0.547	-0.902	-0.804	-0.659	-0.742	-0.945
Magneto	AMB_RS24550	AMB_RS24550		hypothetical protein	2.006	-0.034	-0.177	-0.134	-0.376	-0.326	-0.542	0.226	0.238	-0.767	-0.426	-0.850	-0.215	-0.099	0.934	-0.369	-0.890	-0.118	-0.499	-1.573	-0.454	0.863	0.466	-1.040	0.327	1.224	0.493	1.136	1.490	2.379	1.020	-1.015	0.727	0.404	0.304	2.021
Magneto	AMB_RS24555	AMB_RS24555		chemotaxis protein	-0.642	1.306	0.177	-0.405	1.009	0.609	1.341	2.802	0.133	0.634	1.186	-1.234	0.583	-1.348	-1.045	-0.222	0.606	-0.618	-0.201	1.434	-0.728	0.285	0.438	-0.707	-0.664	-1.137	-0.363	-0.767	-1.117	-0.857	0.629	-0.199	-0.268	-0.483	-0.889	-0.248
Magneto	AMB_RS24560	AMB_RS24560		hypothetical protein	0.071	0.381	0.528	0.625	-1.273	0.283	-0.144	2.070	2.175	0.490	0.103	0.598	0.930	0.103	0.497	1.152	1.975	1.243	-0.202	1.295	0.310	0.561	0.452	1.675	-1.054	0.157	-0.181	-0.650	0.445	-1.836	-0.534	-0.229	-0.361	-0.381	2.211	-0.396
Magneto	AMB_RS24565	AMB_RS24565		hypothetical protein	-0.585	0.380	-1.200	-0.053	0.277	-1.226	-1.644	-1.679	-1.091	-1.537	-0.152	-0.982	-0.976	-1.243	-1.268	-1.328	-0.764	-0.868	-0.770	-0.976	-1.904	-1.571	0.100	-1.220	-0.195	0.530	-0.090	-0.307	0.649	0.847	-1.132	-1.583	0.053	-1.581	-0.898	-0.330
Magneto	AMB_RS24570	AMB_RS24570		MarR family transcriptional regulator	-1.740	-0.083	1.776	1.021	0.394	1.371	0.815	1.320	0.546	0.520	1.335	-0.114	1.720	1.315	-0.069	1.504	0.145	0.872	0.426	1.013	-0.227	1.462	0.778	1.086	-2.419	-2.350	-0.818	-1.524	-1.347	-1.854	0.379	-0.157	-1.057	-2.700	-0.936	-0.435
Magneto	AMB_RS24575	AMB_RS24575		chemotaxis protein	0.556	0.475	-1.077	-0.395	-0.259	-1.169	-0.579	0.282	-0.419	-0.521	-1.646	-0.749	-0.163	-0.291	-0.947	-0.074	-0.315	0.023	-0.976	-0.785	-0.551	-0.909	-0.635	-0.639	-0.359	-0.114	0.451	0.145	-0.222	-0.348	0.805	0.187	-0.258	1.487	0.445	-0.331
Magneto	AMB_RS24580	AMB_RS24580		hypothetical protein	-0.268	-1.137	-1.331	0.050	-0.787	-1.135	-1.597	-0.697	-0.873	-0.388	-2.913	0.008	-0.123	0.159	-1.677	-1.198	0.388	-2.443	-0.084	-1.602	-0.738	-3.283	-3.896	-3.832	0.345	0.404	1.695	1.638	1.803	0.945	-0.869	0.966	0.791	1.427	-0.368	1.859
Magneto	AMB_RS24585	AMB_RS24585		hypothetical protein	-0.328	0.093	-1.727	-0.049	-0.508	-0.245	-0.518	0.500	-0.101	-1.147	-0.853	0.502	-0.812	-0.324	0.260	0.190	0.560	0.323	1.327	-0.618	0.036	-3.543	-1.023	-2.255	-0.404	1.559	0.072	0.677	0.825	1.913	0.869	1.699	1.554	1.093	1.586	1.142
Magneto	AMB_RS24590	AMB_RS24590		tetratricopeptide repeat protein	0.476	-0.703	-1.780	-1.501	-1.544	-1.773	-0.722	-1.401	-0.830	-0.980	-0.093	-1.648	-1.790	-0.540	-1.782	-0.152	-0.506	-0.408	-1.212	-2.028	-1.400	-1.356	0.421	-0.552	-2.011	-0.949	-1.423	-0.031	-0.023	-0.925	-1.149	-1.859	-2.916	-1.659	-1.444	-1.431
Magneto	AMB_RS24595	AMB_RS24595		hypothetical protein	-0.180	0.799	1.243	-0.025	0.409	1.311	1.111	1.115	0.780	0.375	2.387	-1.016	0.299	0.527	0.188	0.466	-0.012	0.174	-0.326	0.007	1.457	0.655	0.621	0.712	0.198	-0.219	-0.738	0.085	-0.477	-0.723	0.740	0.573	-1.701	-0.593	0.057	-1.049
Magneto	AMB_RS24615	AMB_RS24615		IS3 family transposase	-0.742	-1.579	0.473	0.527	0.298	1.385	-0.259	0.540	-1.017	-0.760	0.187	-0.470	-0.526	-0.598	0.897	-0.010	0.132	1.266	1.461	1.234	-0.728	1.537	0.591	-0.029	-1.852	-1.614	-1.630	-1.984	-1.528	-2.760	-0.978	-2.179	-1.701	-2.079	-1.925	-2.597
Magneto	AMB_RS24620	AMB_RS24620		hypothetical protein	-0.074	-1.181	-1.350	-2.106	-2.365	-1.272	-0.189	-0.214	-0.282	-2.645	-0.712	-1.601	-0.775	-3.026	-1.146	0.384	1.339	1.140	-1.965	-2.071	-1.180	-1.366	0.336	-1.550	-2.027	-1.262	-1.981	0.341	-0.059	-0.046	-0.241	-2.340	-2.550	-1.233	-1.358	-1.065
Magneto	AMB_RS24625	AMB_RS24625		response regulator	1.866	-0.224	-1.464	-0.361	-0.374	-0.254	0.085	-0.303	-0.125	-0.732	-0.894	0.728	-0.924	-1.231	-0.866	-0.229	0.865	0.334	-1.537	-0.197	-0.249	-0.028	0.177	-0.047	-1.275	-0.596	-1.553	-0.445	-0.721	-0.199	-3.215	-2.097	-3.512	-1.277	-0.903	-1.596
Magneto	AMB_RS24630	AMB_RS24630		IS3 family transposase	1.227	-0.378	0.454	-0.893	-1.197	-0.363	-0.625	0.075	-0.122	-0.436	-2.088	0.059	0.226	-1.117	-0.442	-0.621	0.650	-0.406	-0.795	0.641	-0.636	-0.368	-0.165	0.251	-0.771	0.950	0.317	0.105	0.433	0.447	0.353	-0.103	-0.688	-1.091	0.607	1.280
Magneto	AMB_RS24635	AMB_RS24635		PAS domain S-box protein	2.187	-0.653	-0.918	-2.315	-0.788	-1.122	-1.484	-0.967	-0.414	-1.308	-2.031	-2.100	-1.559	-2.552	-1.255	-0.420	0.883	0.733	-2.630	-1.787	-1.163	-0.891	-0.479	-0.997	-1.154	-1.405	-0.502	0.219	1.664	0.721	-2.099	-1.289	-1.076	-0.339	-0.620	-1.356
Magneto	AMB_RS24640	AMB_RS24640		hypothetical protein	-0.490	0.136	-0.442	0.388	-1.231	-0.440	0.794	-0.990	0.362	0.585	2.004	0.035	0.420	-0.058	0.406	-0.941	-0.711	-1.177	-0.595	0.070	-1.068	0.001	-0.098	-0.281	0.179	-0.355	-0.175	-0.151	-0.297	-0.176	0.310	0.060	-0.002	0.765	0.900	-0.319
Magneto	AMB_RS24645	AMB_RS24645		DUF423 domain-containing protein	1.387	0.379	-0.828	1.282	-0.490	-1.276	-1.079	-0.932	0.199	-1.452	-2.056	0.642	-0.220	0.376	-0.927	-1.380	0.709	-1.408	-0.261	-0.174	-0.363	0.393	0.454	-0.294	-0.394	0.311	-0.762	-0.306	0.086	0.028	1.857	0.183	0.080	2.176	0.698	-0.703
Magneto	AMB_RS24650	AMB_RS24650		GGDEF domain-containing protein	0.465	0.875	-0.070	0.587	0.706	0.556	0.413	0.306	0.315	0.028	-1.215	0.978	0.893	-0.310	-0.098	0.327	-0.004	1.134	0.870	-0.082	0.619	-0.406	0.798	0.089	0.866	1.498	1.312	0.932	1.075	1.569	0.075	1.354	0.524	1.442	1.800	2.214
Magneto	AMB_RS24655	AMB_RS24655		LuxR family transcriptional regulator	0.345	0.185	-1.379	0.602	-0.847	-0.415	0.465	-1.233	-0.307	0.604	-2.314	-1.132	-0.070	-0.356	-0.914	0.731	1.272	0.390	0.068	1.265	1.383	-0.694	0.637	0.237	-0.926	-0.546	-1.121	-0.079	0.208	0.436	0.625	-1.410	-0.543	0.601	-0.042	0.363
Magneto	AMB_RS24660	AMB_RS24660		DNA-binding protein	-0.580	-0.124	-1.541	-1.534	-1.047	0.262	-0.037	0.104	0.373	0.627	-0.280	1.206	-0.673	-1.321	0.170	0.625	0.620	0.900	-0.887	0.822	0.847	-2.236	0.600	-0.197	-0.398	0.263	1.096	0.764	1.823	1.646	1.200	0.945	-0.099	-0.261	-1.318	-0.883
Magneto	AMB_RS24670	AMB_RS24670		DUF2813 domain-containing protein	0.471	-1.387	-2.561	-3.125	-3.570	-1.393	-1.820	-1.728	-0.889	-2.936	-0.521	-1.492	-2.473	-3.416	-1.533	-0.026	0.777	0.120	-1.651	-2.254	-1.905	-1.735	-0.613	-2.738	-2.821	-1.218	-0.910	1.522	2.302	1.716	-3.217	-1.523	-2.584	-1.428	-1.992	-1.657
Magneto	AMB_RS24675	AMB_RS24675		hypothetical protein	-0.186	-0.840	1.114	1.663	-0.223	-0.556	-0.655	-0.817	-1.607	2.157	1.503	1.948	1.718	0.763	-0.240	-0.812	-0.473	-1.045	1.687	1.974	3.110	-0.476	0.336	0.769	-0.701	-0.775	-0.566	-0.188	-1.039	-0.722	1.632	1.423	2.179	1.685	1.149	1.399
Magneto	AMB_RS24680	AMB_RS24680		hypothetical protein	-0.312	-1.207	-3.033	-1.127	-0.328	-0.653	-1.412	-0.159	0.194	-0.759	-0.377	-0.276	-0.913	-1.338	-2.446	1.389	1.510	1.227	-2.202	-1.002	-2.358	-0.590	-0.228	-0.100	-1.738	-0.580	-1.030	0.281	0.338	-0.563	-1.009	-1.436	-0.979	-1.493	-0.594	-0.245
Magneto	AMB_RS24685	AMB_RS24685		IS630 family transposase	-0.159	0.880	0.757	0.459	-0.192	0.302	0.511	0.070	1.406	-0.111	-0.949	0.713	1.224	0.649	-0.079	0.104	0.965	1.315	-0.005	-0.811	0.361	-0.226	0.286	1.061	0.127	-0.107	0.044	-0.028	-0.283	0.409	-1.806	-0.832	0.326	-0.052	-0.201	-0.173
Magneto	AMB_RS24690	AMB_RS24690		hypothetical protein	0.552	-0.223	-0.445	-0.047	-0.391	0.041	-0.511	-0.134	1.303	0.572	-0.652	-0.571	-0.454	-0.179	-0.897	0.522	0.199	-0.427	-0.198	-0.172	-0.071	-0.153	0.464	0.120	-0.774	0.606	1.178	-0.095	0.480	1.257	-0.149	-0.883	0.428	0.831	-0.127	-0.594
Magneto	AMB_RS24695	AMB_RS24695		hypothetical protein	0.536	-0.917	-1.364	-1.280	-0.131	-1.055	-0.130	-0.231	0.266	-0.161	0.104	-1.225	-1.463	-0.675	-0.469	-1.463	-1.425	0.819	0.351	0.284	-1.692	-1.192	-0.348	-0.898	-0.877	-1.200	-0.601	-0.489	-0.637	-0.380	-0.380	-1.142	-0.976	-1.629	-2.146	-1.023
Magneto	AMB_RS24700	AMB_RS24700		hypothetical protein	-0.552	1.524	0.625	-0.153	-1.107	-0.202	-0.249	-0.942	0.551	0.223	-0.723	-2.279	-1.157	-0.135	-1.038	1.838	0.184	-0.820	-1.954	-0.272	-2.155	-0.001	-0.960	1.363	0.965	0.976	-0.009	0.369	0.776	-0.123	-0.014	0.641	1.496	-0.976	0.231	-0.206
Magneto	AMB_RS24715	AMB_RS24715		hypothetical protein	2.742	5.931	-5.397	-1.690	-1.739	-0.617	0.300	-0.885	0.440	1.895	6.849	1.920	0.264	-0.113	-0.009	0.366	0.888	1.705	-1.070	3.405	1.647	1.336	0.797	1.032	4.258	4.846	4.759	4.404	5.799	4.465	14.942	4.656	10.995	8.651	4.011	0.495
Magneto	AMB_RS24720	AMB_RS24720		GGDEF domain-containing protein	4.541	7.466	-3.816	0.407	0.195	-0.420	-0.014	-0.052	-0.242	2.913	8.920	3.878	1.690	1.328	0.137	0.836	1.857	1.168	-0.262	4.621	3.115	1.283	0.940	0.916	3.234	2.634	2.317	2.745	3.353	2.623	8.412	3.853	7.125	3.975	2.528	0.495
Magneto	AMB_RS24730	AMB_RS24730		hypothetical protein	0.701	-1.901	-0.325	-0.579	0.233	-0.310	-0.416	1.449	-0.336	-0.006	1.250	0.692	-0.851	-0.364	0.436	-0.655	1.139	0.596	1.050	-0.341	-2.013	0.298	-0.528	1.135	-1.186	0.252	-1.044	-0.017	-0.228	-0.327	-0.047	0.241	-1.229	-1.241	-1.435	-0.469
