{"lambda_neg": 7.33137435857406e-05, "p_neg": 1, "lambda_pos": 0.999926686256414, "p_pos": 0}