{"Cu": {"slope": 1.18043217257576e-07, "p_value": 0.615374906931023}, "Zclusters": {"slope": -1.9351099883743401e-10, "p_value": 0.989072116514961}, "Pb": {"slope": -1.4838425255981e-08, "p_value": 0.811007965258686}, "As": {"slope": -2.87739936495003e-07, "p_value": 0.136823364991954}, "Ni": {"slope": -6.974338750696811e-09, "p_value": 0.878173527746506}, "Co": {"slope": -1.91198715655241e-10, "p_value": 0.984071434981927}, "Cd": {"slope": -8.54374181182772e-09, "p_value": 0.825742426210084}, "Cr": {"slope": -2.1404454503006803e-09, "p_value": 0.897271759986265}, "Hg": {"slope": 2.95370404759235e-08, "p_value": 0.898432917866822}, "Ag": {"slope": -1.16582561780608e-08, "p_value": 0.870775086485167}}