orgId	locusId	sysName	geneName	desc	set1IT002 L-tyrosine (C)	set1IT003 L-Tryptophan (C)	set1IT006 casaminos (C)	set1IT009 Glucuronamide (C)	set1IT010 D-Maltose (C)	set1IT011 D-Galactose (C)	set1IT014 D-Glucuronic Acid (C)	set1IT016 D-Glucose-6-Phosphate (C)	set1IT017 acetate (C)	set1IT018 Fumarate (C)	set1IT019 D-Cellobiose (C)	set1IT023 pyruvate (C)	set1IT024 succinate (C)	set1IT031 L-Asparagine (C)	set1IT032 L-Glutamine (C)	set1IT054 casaminos (C)	set1IT058 D-Maltose (C)	set1IT059 D-Galactose (C)	set1IT064 D-Glucose-6-Phosphate (C)	set1IT065 acetate (C)	set1IT066 Fumarate (C)	set1IT068 2-Deoxy-D-Ribose (C)	set1IT071 pyruvate (C)	set1IT073 propionate (C)	set1IT076 L-Malic (C)
Lysobacter_OAE881	ABIE51_RS00035	ABIE51_RS00035		peptidoglycan DD-metalloendopeptidase family protein	-1.631	2.582	-9.118	2.317	-0.509	-0.135	-0.844	-7.609	-0.052	0.523	5.592	-1.487	-1.022	-1.433	1.151	-9.377	-0.327	-0.740	0.738	2.150	-1.760	-0.606	1.352	2.700	2.716
Lysobacter_OAE881	ABIE51_RS00040	ABIE51_RS00040		anhydro-N-acetylmuramic acid kinase	-0.076	1.176	-0.508	1.386	-0.167	0.154	0.300	0.952	0.894	0.636	-1.171	1.599	-0.982	0.043	-0.502	0.154	1.442	-0.720	1.168	1.358	-0.917	1.915	1.329	1.632	2.722
Lysobacter_OAE881	ABIE51_RS00050	ABIE51_RS00050		MFS transporter	-0.358	0.368	-0.011	2.039	0.932	1.349	0.685	-0.330	1.197	0.767	-3.751	0.866	-0.171	-0.736	0.151	-0.291	1.282	1.030	0.649	0.474	-1.563	2.289	0.545	2.576	2.524
Lysobacter_OAE881	ABIE51_RS00055	ABIE51_RS00055		exodeoxyribonuclease III	0.084	0.510	1.262	0.177	0.232	0.262	-1.055	0.778	0.075	0.415	-0.069	0.913	-0.904	0.471	-0.667	0.791	1.042	0.840	1.195	0.655	-0.736	0.053	0.336	0.251	0.622
Lysobacter_OAE881	ABIE51_RS00060	ABIE51_RS00060		GNAT family N-acetyltransferase	0.311	0.932	1.654	1.412	0.514	-0.377	1.032	-0.381	0.706	0.072	1.471	0.935	-0.978	0.323	-0.295	0.334	-1.485	-0.314	1.177	0.045	-1.169	-0.403	0.262	0.379	1.056
Lysobacter_OAE881	ABIE51_RS00065	ABIE51_RS00065		orotate phosphoribosyltransferase	0.568	-0.080	-1.478	1.254	-1.614	-1.978	-0.796	-0.677	-1.428	-0.579	1.563	2.006	-0.595	1.278	0.329	-1.468	-1.706	-1.540	-1.594	1.247	-0.135	0.396	-0.912	0.057	-1.146
Lysobacter_OAE881	ABIE51_RS00070	ABIE51_RS00070		hypothetical protein	-0.544	0.878	-0.576	-2.676	1.490	0.588	1.018	0.916	0.715	-0.167	0.657	1.190	-1.897	0.038	-0.055	1.359	1.848	0.387	-0.101	1.062	1.565	0.675	-0.373	-1.006	1.950
Lysobacter_OAE881	ABIE51_RS00080	ABIE51_RS00080		phosphomannomutase/phosphoglucomutase	-0.987	1.119	-0.004	1.418	0.367	-0.385	0.826	-0.618	0.491	0.221	0.778	0.220	1.129	0.319	0.057	0.372	-1.862	0.082	-0.620	-0.544	-0.522	0.667	-0.301	-0.464	0.148
Lysobacter_OAE881	ABIE51_RS00085	ABIE51_RS00085		dUTP diphosphatase	-1.934	0.352	-2.706	-1.204	0.727	0.519	-0.597	-0.097	0.323	4.096	-0.093	0.642	-1.578	-0.472	-0.917	-0.884	-0.469	0.123	0.021	-0.525	1.146	-1.222	2.223	0.797	-0.939
Lysobacter_OAE881	ABIE51_RS00095	ABIE51_RS00095		DNA repair protein RadC	-1.515	0.519	-1.200	-1.737	-0.195	0.100	-1.314	0.157	0.223	0.353	-0.198	-0.494	1.012	-0.718	-0.769	0.076	0.523	-2.098	0.112	-0.360	-0.236	-1.285	0.356	-0.218	-2.089
Lysobacter_OAE881	ABIE51_RS00105	ABIE51_RS00105		SPOR domain-containing protein	-2.266	-0.986	-2.053	-0.830	-1.110	-2.461	1.053	-0.341	-0.354	0.280	-1.556	-1.252	1.494	-3.020	-0.356	-1.969	-3.168	1.124	-1.692	0.408	-1.244	0.558	-1.123	-0.818	-2.872
Lysobacter_OAE881	ABIE51_RS00110	ABIE51_RS00110		hypothetical protein	0.643	-0.020	0.759	0.336	0.749	1.685	0.203	0.183	-0.092	0.024	2.449	1.593	0.897	0.598	0.259	1.104	-0.711	-0.503	0.630	0.273	-0.430	1.035	0.579	-0.184	-0.169
Lysobacter_OAE881	ABIE51_RS00120	ABIE51_RS00120		YciI family protein	-1.203	-2.059	-0.783	-0.319	0.315	-1.083	0.121	-1.874	0.011	-0.683	-1.857	-0.250	-1.911	-1.402	-2.303	-1.149	0.644	0.413	-1.619	-0.686	-1.438	-0.755	-2.223	-1.124	0.382
Lysobacter_OAE881	ABIE51_RS00135	ABIE51_RS00135		phosphotransferase	-0.881	-0.740	0.236	0.325	0.861	-0.044	0.529	0.065	-0.525	-0.780	0.748	-0.610	0.018	-0.064	-0.539	-0.177	-0.687	0.450	0.237	-0.441	0.091	-2.420	-0.483	-1.027	1.048
Lysobacter_OAE881	ABIE51_RS00140	ABIE51_RS00140		acyltransferase	0.363	-0.167	0.659	0.160	-0.485	0.135	0.678	0.073	0.373	-0.325	-0.469	-0.044	0.053	0.400	0.127	0.549	0.663	-0.357	-0.558	-0.127	-0.291	0.346	0.107	0.001	0.688
Lysobacter_OAE881	ABIE51_RS00145	ABIE51_RS00145		P-II family nitrogen regulator	0.246	0.268	0.215	0.213	0.581	-0.009	0.157	-1.071	-0.219	-0.130	-0.425	-0.767	-0.633	0.755	-0.329	1.186	-0.538	-1.727	0.349	-0.624	-0.730	-0.135	0.141	0.065	0.189
Lysobacter_OAE881	ABIE51_RS00155	ABIE51_RS00155		YifB family Mg chelatase-like AAA ATPase	-0.654	0.475	0.495	-0.624	-1.094	-0.425	0.262	-0.031	-0.286	-0.503	1.341	0.887	0.088	-0.332	0.049	0.694	0.022	-0.079	0.168	0.736	0.294	-0.058	0.001	1.588	0.140
Lysobacter_OAE881	ABIE51_RS00160	ABIE51_RS00160		hypothetical protein	0.538	0.326	0.187	-0.743	0.323	0.829	0.042	-0.733	-0.226	1.534	1.788	-0.184	0.486	-0.864	-0.157	0.129	-0.346	1.313	-0.171	0.360	-0.638	-1.060	0.529	-0.715	-0.016
Lysobacter_OAE881	ABIE51_RS00165	ABIE51_RS00165		hypothetical protein	0.088	0.776	0.718	0.004	-0.008	0.401	-0.055	0.814	0.359	0.661	-0.056	-0.149	-0.340	0.754	0.754	1.675	0.276	1.315	0.662	1.263	-0.574	2.300	-0.256	0.304	0.500
Lysobacter_OAE881	ABIE51_RS00170	ABIE51_RS00170		putative peptide maturation dehydrogenase	-0.029	0.515	-0.182	-0.614	-0.432	0.193	-0.758	0.716	-0.431	-0.905	-0.205	0.065	-1.271	-0.978	-0.602	-0.074	0.134	0.848	-0.158	0.677	-1.630	-0.405	-0.488	-0.260	-0.843
Lysobacter_OAE881	ABIE51_RS00175	ABIE51_RS00175		NHLP-related RiPP peptide	0.737	-1.185	0.774	-0.870	-0.680	-0.329	-2.661	1.188	-0.827	-0.089	0.220	-0.593	1.557	-3.196	1.376	-0.831	1.157	0.004	0.186	0.750	-0.209	0.005	-0.164	-0.097	-0.712
Lysobacter_OAE881	ABIE51_RS00180	ABIE51_RS00180		putative peptide modification system cyclase	0.123	-0.445	0.135	-0.514	0.473	-0.031	0.772	-0.568	-0.710	1.149	-0.460	0.646	0.496	-0.530	0.165	0.054	0.287	0.080	-0.549	0.179	-0.585	-0.641	-0.542	-0.046	0.309
Lysobacter_OAE881	ABIE51_RS00185	ABIE51_RS00185		GGDEF domain-containing protein	2.202	1.347	0.861	-2.077	1.489	0.846	0.041	0.415	-0.472	-0.093	1.233	0.278	1.138	1.520	0.240	-0.671	0.299	1.270	0.064	-0.274	-1.773	0.437	1.455	0.559	-1.558
Lysobacter_OAE881	ABIE51_RS00190	ABIE51_RS00190		isocitrate lyase	-0.470	1.267	0.054	0.267	0.142	0.929	-0.271	-0.347	-10.514	-1.185	0.290	0.179	-0.064	0.758	0.084	0.604	-0.194	0.215	0.606	-5.297	0.469	-0.053	0.112	0.043	1.590
Lysobacter_OAE881	ABIE51_RS00195	ABIE51_RS00195		malate synthase A	-0.970	0.322	0.172	2.385	0.002	0.520	-0.202	0.615	-10.217	-0.227	-0.117	0.454	-1.749	0.434	-0.468	-0.138	0.984	-0.471	0.082	-4.436	-1.202	0.217	-0.423	0.399	0.567
Lysobacter_OAE881	ABIE51_RS00200	ABIE51_RS00200		LysR family transcriptional regulator	-0.550	0.997	1.376	1.233	-0.857	0.415	0.614	-0.042	-12.889	-1.129	0.957	-0.242	-0.200	-0.323	-0.677	0.731	-0.167	-0.059	0.035	-6.624	-0.322	0.061	-0.101	0.541	-0.868
Lysobacter_OAE881	ABIE51_RS00205	ABIE51_RS00205		lysophospholipid acyltransferase family protein	2.328	-0.064	2.219	1.044	1.482	0.387	-0.033	1.714	1.493	0.537	-0.007	0.858	-2.593	1.607	0.470	1.193	1.335	-0.104	1.089	1.183	-0.478	1.296	1.015	0.554	-2.130
Lysobacter_OAE881	ABIE51_RS00215	ABIE51_RS00215		pseudouridine synthase	-0.457	2.221	1.076	0.912	1.150	1.565	-0.886	2.899	1.732	0.752	0.588	2.854	1.720	-0.127	1.701	1.455	1.905	-0.881	0.466	0.251	0.428	2.536	1.588	2.810	2.841
Lysobacter_OAE881	ABIE51_RS00225	ABIE51_RS00225		SCP2 sterol-binding domain-containing protein	-0.454	-1.512	-0.937	0.268	0.433	-0.938	-0.809	0.804	-0.419	0.140	3.322	1.572	0.144	-1.288	0.330	-1.810	1.541	-0.287	0.405	0.128	0.292	0.578	0.934	-0.171	-1.384
Lysobacter_OAE881	ABIE51_RS00235	ABIE51_RS00235		2-alkyl-3-oxoalkanoate reductase	-0.194	2.426	-4.374	1.623	-2.114	-0.004	-0.068	-1.533	-0.221	-0.439	2.195	2.017	0.344	0.198	1.349	-4.754	-1.893	-0.912	-1.179	-0.379	0.454	-1.413	0.412	1.053	-4.240
Lysobacter_OAE881	ABIE51_RS00240	ABIE51_RS00240		serine hydrolase	-0.232	0.005	0.608	-0.457	-0.294	0.460	0.262	-0.703	0.600	0.076	-0.236	0.839	0.351	-0.678	0.673	-0.016	-0.888	1.347	0.260	-1.127	0.505	-0.873	0.881	-1.205	1.291
Lysobacter_OAE881	ABIE51_RS00245	ABIE51_RS00245		tetratricopeptide repeat protein	-0.570	-1.082	-1.740	0.898	1.382	-0.027	0.383	-2.339	-1.276	0.149	-2.389	0.506	1.545	-1.896	1.251	-0.992	-0.210	-1.748	-0.780	-0.731	-0.128	-0.581	0.331	-0.584	-0.201
Lysobacter_OAE881	ABIE51_RS00250	ABIE51_RS00250		olefin beta-lactone synthetase	0.205	0.479	-2.823	-0.757	0.912	0.848	-0.996	-0.798	0.671	-0.357	0.665	-0.817	0.158	2.680	1.493	-4.495	-0.982	-0.329	0.736	2.174	-0.940	0.313	0.970	0.702	-1.738
Lysobacter_OAE881	ABIE51_RS00255	ABIE51_RS00255		YkgJ family cysteine cluster protein	0.240	0.253	-0.269	-0.062	-0.702	-0.483	0.526	-0.166	0.281	0.645	-0.584	-0.972	1.279	-0.773	0.415	-0.985	0.681	-0.683	-0.717	-1.490	-0.098	-0.434	-0.968	2.654	0.383
Lysobacter_OAE881	ABIE51_RS00260	ABIE51_RS00260		alpha/beta fold hydrolase	-0.870	-0.264	-4.216	-0.723	0.721	0.068	-0.594	-1.173	-1.227	0.124	2.176	1.143	-0.421	0.597	0.167	-3.344	0.804	1.153	-1.600	-1.070	-1.618	1.002	-0.038	-0.560	-1.460
Lysobacter_OAE881	ABIE51_RS00265	ABIE51_RS00265		3-oxoacyl-ACP synthase III	-0.433	0.487	-4.505	2.086	-0.791	-0.684	0.536	-3.002	-1.526	-0.407	0.135	-0.051	-0.807	0.740	0.239	-4.862	-2.053	-2.790	-1.318	0.208	0.198	0.386	-0.754	1.463	0.634
Lysobacter_OAE881	ABIE51_RS00270	ABIE51_RS00270		DUF4156 domain-containing protein	-0.729	0.639	-0.084	-1.284	-1.353	0.241	-0.711	-1.455	-0.329	0.163	0.723	-0.088	-2.823	0.962	-0.520	-2.731	-0.955	0.632	0.427	0.533	-0.381	0.367	0.636	0.630	1.476
Lysobacter_OAE881	ABIE51_RS00275	ABIE51_RS00275		pitrilysin family protein	0.175	-0.849	-0.144	-0.717	-1.489	0.023	0.521	0.757	0.571	-0.789	-5.337	-2.332	-0.377	-0.678	-0.691	-0.775	-0.600	-0.322	0.322	0.242	-0.214	-0.524	0.237	-0.278	-0.199
Lysobacter_OAE881	ABIE51_RS00280	ABIE51_RS00280		SDR family oxidoreductase	-1.308	-0.589	0.715	-0.750	0.287	-0.262	0.581	0.385	-1.082	-0.337	-1.042	-2.338	-1.435	1.392	-1.067	-0.205	-0.001	-1.172	-0.823	0.282	0.383	-0.379	-0.023	0.218	-1.452
Lysobacter_OAE881	ABIE51_RS00285	ABIE51_RS00285		tRNA (cytidine(34)-2'-O)-methyltransferase	-0.951	-0.681	-0.905	-0.511	-0.144	-0.607	-0.893	0.026	-0.074	0.611	-0.153	-1.788	-3.122	0.118	0.064	-1.199	-1.374	-0.978	-1.332	0.805	-1.657	-0.130	-2.724	0.962	-1.194
Lysobacter_OAE881	ABIE51_RS00290	ABIE51_RS00290		M20 family metallopeptidase	-0.663	-0.713	0.136	1.066	-0.229	-0.453	0.554	0.266	-0.473	-0.461	-0.210	1.220	-0.371	-0.879	0.687	0.631	-0.066	0.923	0.872	-0.604	0.633	-0.758	0.237	-0.913	-0.249
Lysobacter_OAE881	ABIE51_RS00295	ABIE51_RS00295		M20 family metallopeptidase	0.199	0.153	1.719	1.295	0.767	1.567	0.072	0.845	0.861	1.836	1.206	-0.013	0.042	-0.443	0.309	0.231	0.395	-0.331	0.847	0.682	1.152	0.480	0.089	0.574	-0.280
Lysobacter_OAE881	ABIE51_RS00300	ABIE51_RS00300		Tex family protein	0.197	-0.279	0.551	-0.634	-0.711	0.333	0.327	-0.051	-0.533	-0.271	0.124	-0.718	0.778	0.949	-0.147	2.084	0.794	-0.231	0.618	0.769	-1.610	-0.018	-0.356	1.899	0.111
Lysobacter_OAE881	ABIE51_RS00305	ABIE51_RS00305		cupin domain-containing protein	0.024	-0.325	-0.135	0.169	-0.639	0.443	-0.774	0.188	0.838	0.272	0.573	0.193	1.109	0.243	1.319	-0.014	1.805	-0.098	-0.334	0.129	-1.073	-0.855	0.495	-0.506	1.037
Lysobacter_OAE881	ABIE51_RS00310	ABIE51_RS00310		PLP-dependent aminotransferase family protein	-0.452	-0.626	0.603	-1.005	0.974	0.236	-1.095	-1.457	-0.729	-1.111	1.431	0.258	1.078	-1.334	-0.227	0.018	0.530	0.111	-0.151	-0.593	0.500	0.685	-1.136	-0.053	-0.944
Lysobacter_OAE881	ABIE51_RS00315	ABIE51_RS00315		MBL fold metallo-hydrolase	0.179	0.132	-0.443	0.112	-0.583	-0.772	-1.012	-0.497	-0.668	-0.293	-0.202	-0.413	0.485	-0.469	-0.302	-0.455	-1.098	0.419	-0.104	-0.507	0.163	0.015	-0.573	0.175	0.357
Lysobacter_OAE881	ABIE51_RS00320	ABIE51_RS00320		calcium-dependent protein kinase 21	-1.500	-2.428	-0.859	-2.010	-1.240	-2.156	-0.646	-0.895	-1.232	-0.522	-1.949	-0.664	0.204	-1.896	-0.229	-0.575	-0.534	-1.515	-1.350	-1.038	0.929	-1.355	-0.824	-0.544	-0.577
Lysobacter_OAE881	ABIE51_RS00325	ABIE51_RS00325		fatty acid desaturase	0.185	-2.057	-3.980	-0.345	-0.160	-2.596	0.739	-1.263	-1.599	-0.655	-3.926	-3.677	-0.956	-0.903	-1.020	-3.444	-1.127	-0.284	-1.094	0.658	0.047	-2.067	-0.302	-1.044	-1.235
Lysobacter_OAE881	ABIE51_RS00330	ABIE51_RS00330		CHAD domain-containing protein	-0.345	-0.695	-0.275	-1.078	-0.218	-1.816	-1.589	-1.492	-1.942	0.544	0.730	-1.653	0.036	0.014	-1.083	-0.123	-1.463	0.298	0.361	-1.370	-0.092	-0.459	-0.066	-1.054	0.020
Lysobacter_OAE881	ABIE51_RS00335	ABIE51_RS00335		bifunctional DNA-formamidopyrimidine glycosylase/DNA-(apurinic or apyrimidinic site) lyase	0.394	0.361	-0.419	1.681	0.159	0.320	0.526	0.208	0.285	0.805	1.121	-0.322	-0.178	0.118	1.251	0.073	-0.536	0.507	0.619	0.515	-0.330	-0.680	0.345	0.394	0.279
Lysobacter_OAE881	ABIE51_RS00340	ABIE51_RS00340		ECF-type sigma factor	0.469	-0.322	0.184	-0.571	-0.258	0.152	0.665	0.334	-0.159	-0.753	0.371	-0.146	0.793	0.109	-1.478	-0.212	-0.276	-0.208	-0.171	-1.614	0.036	-0.571	0.066	-0.630	-0.570
Lysobacter_OAE881	ABIE51_RS00345	ABIE51_RS00345		serine/threonine-protein kinase	-0.616	0.040	0.725	-0.239	-1.076	0.573	-0.751	0.514	-0.557	-0.056	0.560	-0.958	-0.755	-1.181	-0.966	0.089	-0.009	-0.684	0.413	0.556	0.717	-0.794	-0.634	-0.439	-0.072
Lysobacter_OAE881	ABIE51_RS00350	ABIE51_RS00350		thymidine kinase	-1.791	-1.418	0.139	-0.771	1.077	-1.194	-0.143	-0.976	-0.627	-1.343	-1.357	-0.740	-0.115	-0.906	-1.757	-0.629	-1.384	1.080	-0.707	-1.427	0.107	0.010	-1.059	-1.626	-0.883
Lysobacter_OAE881	ABIE51_RS00355	ABIE51_RS00355		methylglyoxal synthase	-1.521	0.411	-0.013	0.538	-1.602	0.288	-0.367	0.501	1.076	0.402	0.038	0.423	0.874	0.364	-0.844	-0.902	0.038	-3.065	1.597	0.129	-0.472	0.881	1.537	-1.298	0.466
Lysobacter_OAE881	ABIE51_RS00360	ABIE51_RS00360		SEL1-like repeat protein	-0.330	-0.618	-0.116	0.026	-0.963	-0.108	0.106	-0.339	-0.687	0.282	-0.211	-0.796	0.769	0.712	-0.508	-0.458	0.464	-1.100	0.087	-0.582	1.087	-1.038	-0.815	0.102	-0.138
Lysobacter_OAE881	ABIE51_RS00365	ABIE51_RS00365		SEL1-like repeat protein	0.434	-0.233	-0.247	-0.993	-0.838	-0.269	0.443	-0.944	-1.155	-0.450	-0.066	-1.420	-1.137	-0.130	-1.413	0.528	0.043	1.099	-0.633	-0.070	0.892	-0.818	-0.156	-0.375	-0.608
Lysobacter_OAE881	ABIE51_RS00375	ABIE51_RS00375		VOC family protein	-1.019	-0.740	0.524	-0.501	-1.545	0.103	0.579	-1.420	0.411	-0.418	-2.143	-1.250	-1.034	-1.049	0.974	-0.565	0.150	0.047	-2.138	-0.665	0.325	0.890	0.198	-0.316	0.518
Lysobacter_OAE881	ABIE51_RS00380	ABIE51_RS00380		GNAT family N-acetyltransferase	0.650	0.127	-0.749	-1.984	1.032	1.357	1.322	-0.195	1.055	-0.304	0.053	0.306	1.253	-0.913	0.357	-0.710	1.111	1.841	-0.336	-1.603	-0.029	0.838	-0.016	-1.581	-1.212
Lysobacter_OAE881	ABIE51_RS00385	ABIE51_RS00385		outer membrane beta-barrel protein	-0.453	0.026	1.234	-0.071	0.204	0.691	-0.795	0.238	-1.523	-0.175	0.014	0.146	1.865	0.355	0.256	1.192	0.777	1.169	-0.073	-1.313	0.716	0.993	-0.983	0.757	0.424
Lysobacter_OAE881	ABIE51_RS00390	ABIE51_RS00390		'5'-nucleotidase, lipoprotein e(P4) family' pseudo=_no_value transl_table=11	-0.234	1.602	-0.069	0.705	0.463	0.193	0.372	1.148	0.374	0.257	0.053	0.985	0.274	0.338	1.519	-0.119	-0.134	-0.586	1.275	0.847	0.148	0.118	0.746	1.741	-0.583
Lysobacter_OAE881	ABIE51_RS00395	ABIE51_RS00395		hypothetical protein	-0.120	-0.535	3.392	-0.330	-0.457	-1.118	-0.234	-0.598	0.190	-0.581	0.504	-0.010	0.187	-0.014	0.268	3.270	0.563	-0.163	0.018	-1.565	0.403	0.155	-0.784	-0.459	-0.910
Lysobacter_OAE881	ABIE51_RS00400	ABIE51_RS00400		fimbrial protein	-1.659	0.415	-0.266	0.272	-0.671	-1.626	0.732	-0.842	-1.200	-0.458	-1.864	0.361	0.685	-0.557	-0.807	0.072	-0.493	-0.591	0.596	0.136	0.099	-1.174	0.671	-1.216	0.951
Lysobacter_OAE881	ABIE51_RS00405	ABIE51_RS00405		fimbria/pilus outer membrane usher protein	0.420	-0.180	0.410	0.204	-0.619	0.438	0.181	-0.138	0.644	0.247	0.138	-0.070	0.828	0.593	-0.645	0.471	1.209	0.267	0.055	-0.222	0.477	-0.114	0.282	0.759	-0.465
Lysobacter_OAE881	ABIE51_RS00410	ABIE51_RS00410		molecular chaperone	0.343	-0.335	0.495	0.970	-0.073	0.456	0.186	1.091	1.036	-0.092	0.333	-0.406	0.438	0.024	-1.361	1.580	1.430	1.579	-0.696	0.331	0.679	0.720	0.065	-0.129	0.087
Lysobacter_OAE881	ABIE51_RS00415	ABIE51_RS00415		fimbrial protein	0.024	-0.252	-0.705	-0.928	-0.706	0.273	0.673	-0.281	0.315	0.350	-0.490	-0.170	0.555	-0.223	0.883	0.534	1.248	-0.754	-0.579	0.644	0.385	0.873	-0.318	-0.559	0.715
Lysobacter_OAE881	ABIE51_RS00420	ABIE51_RS00420		hypothetical protein	-1.976	-1.828	0.442	0.317	-1.013	-0.939	-1.947	-0.204	-2.826	-0.882	-0.896	-0.549	-0.717	-2.548	0.149	-0.318	0.106	-0.879	-0.884	0.941	-0.186	0.354	-0.557	-0.595	-0.351
Lysobacter_OAE881	ABIE51_RS00425	ABIE51_RS00425		hypothetical protein	-1.576	0.272	-1.193	-1.870	-1.339	-1.191	-1.441	-0.148	-0.448	0.012	-0.146	-0.227	0.807	-0.867	-0.471	-1.719	-0.407	-1.862	-0.047	-1.701	1.283	-1.084	-0.895	0.195	-1.780
Lysobacter_OAE881	ABIE51_RS00440	ABIE51_RS00440		hypothetical protein	-0.533	0.568	-0.750	-0.524	-0.045	-0.895	-0.229	-0.480	-1.695	0.775	-0.652	0.314	-2.573	0.194	1.535	-0.914	-0.109	-0.045	-0.949	-0.312	0.351	-0.107	0.314	-0.114	-0.493
Lysobacter_OAE881	ABIE51_RS00445	ABIE51_RS00445		acetyl-CoA C-acetyltransferase	0.339	1.196	-0.085	0.595	-0.153	-0.028	-0.537	-0.087	0.785	-1.243	0.026	0.954	-0.850	0.775	0.323	-1.016	1.498	0.169	-0.311	0.779	-0.395	-0.148	0.047	-0.234	-1.164
Lysobacter_OAE881	ABIE51_RS00450	ABIE51_RS00450		hypothetical protein	0.708	0.009	0.225	-0.042	0.384	0.874	-0.288	0.610	0.790	-0.045	-1.144	0.348	0.289	0.668	-0.283	0.585	0.339	-0.407	-0.027	0.472	0.523	1.103	0.541	-0.121	0.364
Lysobacter_OAE881	ABIE51_RS00455	ABIE51_RS00455		hypothetical protein	0.236	0.030	-0.057	-1.979	-0.082	0.253	-0.193	-0.631	-0.140	0.215	0.321	-0.484	1.012	1.565	-0.855	-1.457	0.484	-1.392	-0.175	0.386	-0.328	0.212	0.288	-0.835	0.271
Lysobacter_OAE881	ABIE51_RS00460	ABIE51_RS00460		heme biosynthesis HemY N-terminal domain-containing protein	-0.022	-0.561	-0.172	-0.201	0.563	-2.043	-1.669	0.186	-1.614	0.121	1.389	-0.886	-0.736	0.468	-0.146	-0.357	0.836	-0.028	-0.353	0.534	0.613	-0.478	-0.702	-0.663	-0.764
Lysobacter_OAE881	ABIE51_RS00465	ABIE51_RS00465		uroporphyrinogen-III C-methyltransferase	0.374	0.485	1.501	0.202	1.893	1.452	1.887	-0.119	-0.625	-0.195	0.980	-0.495	-0.487	0.280	0.412	0.842	0.338	0.636	0.372	0.087	0.844	0.754	0.623	-0.092	0.869
Lysobacter_OAE881	ABIE51_RS00475	ABIE51_RS00475		YiiD C-terminal domain-containing protein	0.160	-0.032	0.974	0.456	0.270	0.045	-1.317	-0.018	0.029	-0.086	-1.556	1.561	-1.171	0.416	0.443	0.605	0.319	1.324	2.258	0.245	0.106	-1.207	0.273	0.063	-1.352
Lysobacter_OAE881	ABIE51_RS00480	ABIE51_RS00480		hypothetical protein	1.160	0.648	0.184	2.034	-1.571	-0.238	0.576	0.992	0.704	-0.019	-1.018	1.251	-1.106	-0.075	1.292	-0.007	0.959	-0.718	1.681	1.085	0.638	1.286	0.412	1.038	2.102
Lysobacter_OAE881	ABIE51_RS00485	ABIE51_RS00485		rhodanese-like domain-containing protein	-0.455	-0.986	0.154	0.462	0.035	0.343	0.109	-0.350	0.569	1.824	1.194	-0.391	-0.154	-0.923	1.191	0.148	-2.072	1.666	-0.352	0.055	0.534	1.348	-0.703	-0.521	0.820
Lysobacter_OAE881	ABIE51_RS00490	ABIE51_RS00490		protein-export chaperone SecB	0.684	1.078	-0.359	0.055	0.735	1.470	1.113	1.845	-0.080	-0.857	1.669	0.578	1.149	1.097	0.616	-0.038	0.265	0.807	1.281	0.637	-0.737	0.210	1.349	-0.461	-1.094
Lysobacter_OAE881	ABIE51_RS00500	ABIE51_RS00500		outer membrane beta-barrel protein	0.462	0.497	1.576	0.457	-0.284	-0.576	1.116	-0.184	0.066	0.152	-0.706	0.033	0.553	0.193	0.082	-0.152	0.509	-0.102	0.109	0.399	0.716	0.033	0.446	0.623	0.145
Lysobacter_OAE881	ABIE51_RS00505	ABIE51_RS00505		hypothetical protein	-0.086	0.796	-0.063	1.186	0.284	0.832	0.816	-0.675	-0.174	0.191	0.152	-0.302	0.399	1.203	-0.745	0.159	0.732	2.374	-0.063	-0.448	1.261	0.275	1.136	-0.059	-0.009
Lysobacter_OAE881	ABIE51_RS00510	ABIE51_RS00510		diffusible signal factor-reguated Ax21 faimly protein	0.217	0.802	-0.740	1.216	0.118	0.038	-0.054	-2.049	0.208	-0.133	-1.400	0.067	-0.755	0.975	1.289	-0.405	0.169	1.090	0.689	1.344	0.022	1.086	-0.318	1.175	-0.027
Lysobacter_OAE881	ABIE51_RS00515	ABIE51_RS00515		NADPH-dependent 7-cyano-7-deazaguanine reductase QueF	0.080	0.148	-2.428	-0.816	-1.074	-0.122	-0.883	-0.996	-0.746	0.629	0.856	1.218	-1.300	0.309	1.443	-2.954	-0.520	-2.573	-1.298	0.707	0.814	2.285	1.532	0.134	-2.286
Lysobacter_OAE881	ABIE51_RS00520	ABIE51_RS00520		LysM peptidoglycan-binding domain-containing protein	-0.609	0.247	0.318	-0.023	0.338	-2.065	-0.425	-1.047	0.082	-0.090	0.533	-0.195	0.448	0.134	1.914	-0.298	-0.129	-1.357	-1.508	-0.556	1.169	-1.004	-0.555	1.011	-0.937
Lysobacter_OAE881	ABIE51_RS00525	ABIE51_RS00525		hypothetical protein	1.495	-0.050	1.485	0.726	0.498	0.046	-0.024	-0.161	0.187	0.727	0.732	-0.081	-1.139	1.719	1.339	0.323	2.084	-0.501	0.736	0.974	0.096	0.945	0.289	1.062	1.135
Lysobacter_OAE881	ABIE51_RS00530	ABIE51_RS00530		YchJ family protein	0.047	0.812	0.878	1.136	1.173	1.161	0.465	0.779	0.820	0.043	-0.021	0.434	0.603	1.004	-1.112	1.536	-1.410	-0.361	0.323	-1.573	1.285	1.124	0.024	1.138	0.658
Lysobacter_OAE881	ABIE51_RS00535	ABIE51_RS00535		UPF0149 family protein	-0.603	-1.574	-2.171	0.418	-0.680	-0.471	-0.972	-1.171	-0.143	0.875	-0.724	0.537	-0.735	-1.952	-1.594	0.880	-1.580	-1.213	-0.928	0.124	0.193	0.003	-0.474	-0.016	-1.350
Lysobacter_OAE881	ABIE51_RS00540	ABIE51_RS00540		NADP-dependent isocitrate dehydrogenase	0.822	-0.369	-6.725	-1.801	0.610	-3.783	0.092	1.110	-2.387	1.402	4.749	-0.862	0.819	-1.463	0.022	-7.079	0.717	-3.030	2.118	-1.717	0.452	-0.836	-2.638	1.051	1.007
Lysobacter_OAE881	ABIE51_RS00545	ABIE51_RS00545		hypothetical protein	-1.146	0.227	0.244	-0.454	-0.720	0.335	-0.816	-0.172	-1.479	-0.753	-0.281	0.494	0.202	-1.028	0.444	0.203	0.295	0.636	-0.014	-0.405	1.756	-0.343	0.027	0.180	-0.396
Lysobacter_OAE881	ABIE51_RS00550	ABIE51_RS00550		LytTR family DNA-binding domain-containing protein	0.172	-1.522	-0.506	-1.370	0.840	-0.200	0.893	0.628	1.654	-0.714	-0.808	-0.885	-0.441	-0.543	0.459	-1.162	-0.043	0.084	-1.618	-0.044	-1.863	-1.839	-1.265	1.219	0.907
Lysobacter_OAE881	ABIE51_RS00555	ABIE51_RS00555		histidine kinase	-0.444	-0.841	-3.989	0.401	-2.415	-3.319	-0.101	-5.454	-0.978	0.699	0.113	-4.839	-2.424	0.783	0.314	-1.671	-3.286	-1.562	-4.062	-1.140	-0.143	-0.166	-3.967	-0.429	1.185
Lysobacter_OAE881	ABIE51_RS00560	ABIE51_RS00560		DUF4344 domain-containing metallopeptidase	-0.534	-0.074	-0.517	-0.397	0.660	-0.035	0.211	-0.970	-0.188	-0.855	-0.607	-0.149	-0.483	-0.258	-0.078	0.009	0.379	-0.797	-0.853	-2.147	-0.837	-0.725	-0.575	-0.784	-0.542
Lysobacter_OAE881	ABIE51_RS00565	ABIE51_RS00565		DMT family transporter	-0.528	-0.622	0.390	-0.167	-0.127	-0.013	-0.344	-0.035	-0.856	-0.804	-0.544	-0.791	0.490	1.305	-0.958	-0.004	-0.451	-0.255	-1.169	-0.075	-0.531	-0.308	-1.402	-0.369	0.058
Lysobacter_OAE881	ABIE51_RS00570	ABIE51_RS00570		AraC family transcriptional regulator	-0.256	0.517	0.619	0.025	-1.500	-1.005	-2.016	-0.622	-0.575	-1.067	0.196	-0.893	0.242	1.554	-0.458	0.596	0.166	-0.163	0.225	-0.288	0.875	-0.147	-0.355	0.775	0.329
Lysobacter_OAE881	ABIE51_RS00575	ABIE51_RS00575		hypothetical protein	-0.487	-0.003	-0.477	-2.110	1.334	-0.165	-0.016	0.695	0.620	0.750	-0.086	0.169	-0.852	-0.765	0.022	0.701	0.540	0.008	0.627	-0.007	0.773	0.503	-0.652	1.156	0.387
Lysobacter_OAE881	ABIE51_RS00580	ABIE51_RS00580		PepSY-associated TM helix domain-containing protein	0.120	0.578	-0.655	0.062	-0.475	-0.555	-0.390	1.015	0.412	-0.295	1.048	0.348	0.021	0.412	-0.575	1.373	-1.201	-1.314	-0.171	-0.552	-0.772	-0.481	-0.613	-1.314	1.080
Lysobacter_OAE881	ABIE51_RS00590	ABIE51_RS00590		hypothetical protein	-0.783	-1.668	-0.570	-1.848	-0.127	-0.930	-1.554	-1.113	-0.289	0.111	-0.475	-0.831	-0.956	0.150	0.142	-0.072	-1.675	0.380	-0.770	-0.102	-1.279	0.309	0.475	-2.339	-0.500
Lysobacter_OAE881	ABIE51_RS00595	ABIE51_RS00595		TonB-dependent siderophore receptor	0.006	-0.017	0.337	-0.476	-0.551	0.153	0.036	0.264	0.525	-0.872	-0.955	-0.109	-0.367	0.617	0.175	-0.084	-0.883	-0.584	-0.273	-0.078	-1.430	-0.551	-1.647	0.025	-0.363
Lysobacter_OAE881	ABIE51_RS00605	ABIE51_RS00605		LysR substrate-binding domain-containing protein	-0.521	1.238	0.465	-0.509	-0.325	-1.776	0.321	-0.303	1.004	0.682	0.116	0.927	1.147	0.296	-0.600	0.790	-0.986	0.403	0.135	-1.282	-0.344	-0.647	-0.261	0.636	0.324
Lysobacter_OAE881	ABIE51_RS00610	ABIE51_RS00610		class I SAM-dependent methyltransferase	-0.140	-0.369	-0.039	-0.281	-0.140	-0.463	-1.299	-1.356	1.281	-0.973	-0.350	-0.292	-0.541	0.318	-0.866	0.093	-0.391	-0.442	0.363	-0.769	1.079	-1.831	0.879	-0.285	-1.375
Lysobacter_OAE881	ABIE51_RS00615	ABIE51_RS00615		pseudouridine synthase	-1.291	-1.921	-0.653	-0.746	0.309	0.325	-1.454	-0.771	-1.454	-0.416	-0.913	-1.009	1.473	0.036	0.342	0.409	-0.398	-0.782	-0.713	-0.552	-0.018	-2.341	-0.660	0.092	-1.736
Lysobacter_OAE881	ABIE51_RS00620	ABIE51_RS00620		nicotinate phosphoribosyltransferase	-2.921	0.169	-0.471	0.016	0.072	-0.092	-0.770	-0.685	0.492	0.365	0.744	-0.636	-0.264	0.195	1.324	-0.457	-0.357	0.479	-0.625	-0.032	0.211	-0.461	-0.613	0.384	-1.790
Lysobacter_OAE881	ABIE51_RS00625	ABIE51_RS00625		DMT family transporter	-0.449	1.642	0.829	1.818	0.258	-0.650	-0.156	-1.416	-0.871	-0.471	1.728	0.663	0.088	-0.448	-0.791	-0.687	0.447	-0.064	-0.654	-0.470	0.246	-0.528	-0.939	0.422	0.208
Lysobacter_OAE881	ABIE51_RS00630	ABIE51_RS00630		aldo/keto reductase	-1.055	-0.607	-2.187	-0.845	-1.415	-0.707	-0.945	-3.334	-0.465	0.507	1.548	-0.011	-0.725	0.096	-2.217	-2.605	-1.073	-1.103	-0.670	-1.226	1.542	-2.042	-0.013	-0.856	-0.140
Lysobacter_OAE881	ABIE51_RS00635	ABIE51_RS00635		hybrid sensor histidine kinase/response regulator	-3.582	-1.304	3.243	-0.069	3.738	0.182	-1.385	-4.517	5.298	-1.206	8.418	-1.789	-2.019	0.091	-0.429	-0.688	6.056	8.705	-3.191	7.736	0.447	3.374	11.182	2.678	-2.578
Lysobacter_OAE881	ABIE51_RS00640	ABIE51_RS00640		hypothetical protein	-0.402	-0.625	-1.501	-1.774	-0.823	-2.033	-3.335	-0.554	-1.602	-0.649	0.341	-0.037	-0.386	-0.744	-2.194	-1.471	0.485	-1.364	-1.905	-1.920	-1.550	0.083	-0.319	0.560	-2.196
Lysobacter_OAE881	ABIE51_RS00645	ABIE51_RS00645		Fe2+-dependent dioxygenase	-1.811	0.272	-0.171	-1.767	-1.669	0.209	0.046	-0.661	-0.995	1.000	0.350	1.519	-0.941	-0.277	-1.125	-1.989	-1.163	-0.069	-0.715	-0.290	0.601	0.247	-0.831	-0.752	-0.511
Lysobacter_OAE881	ABIE51_RS00650	ABIE51_RS00650		saccharopine dehydrogenase NADP-binding domain-containing protein	1.100	-1.194	-0.817	0.145	0.022	-1.002	-0.198	-1.491	-0.380	-0.497	-0.583	-0.428	0.283	0.430	-0.942	-2.347	0.095	0.386	-1.812	-1.031	-0.284	0.495	-0.592	-0.991	0.213
Lysobacter_OAE881	ABIE51_RS00655	ABIE51_RS00655		alpha/beta hydrolase	-0.055	-0.861	0.471	0.071	0.296	-0.511	-0.215	-1.442	-1.007	-0.479	-0.061	0.294	-0.297	1.204	0.537	1.319	1.182	-1.491	0.145	-0.116	1.051	0.570	-0.503	-0.459	0.960
Lysobacter_OAE881	ABIE51_RS00665	ABIE51_RS00665		AraC family transcriptional regulator	0.112	-0.128	0.357	1.226	0.159	-0.539	0.738	1.542	-0.122	1.005	0.721	-0.425	1.158	-1.632	-0.580	1.229	0.866	-0.064	-0.569	-1.487	1.059	-2.536	-0.434	0.842	-0.249
Lysobacter_OAE881	ABIE51_RS00670	ABIE51_RS00670		hypothetical protein	0.897	-0.568	1.772	0.316	1.881	0.494	-0.224	0.796	1.115	-0.070	1.215	0.307	-0.585	0.219	-0.588	0.556	0.302	0.836	-0.419	0.513	0.425	0.229	0.237	1.078	1.032
Lysobacter_OAE881	ABIE51_RS00675	ABIE51_RS00675		ATP-dependent helicase HrpB	-0.437	-0.181	0.102	-2.762	-0.156	0.954	-0.508	-1.356	1.141	-0.981	1.038	-0.568	1.053	-0.256	0.855	0.126	-0.481	-0.457	0.452	0.498	1.427	1.280	0.715	-0.741	-1.242
Lysobacter_OAE881	ABIE51_RS00680	ABIE51_RS00680		TatD family hydrolase	-0.305	-0.099	1.400	0.344	1.114	0.473	0.057	0.752	1.499	0.816	-0.512	1.507	0.308	-0.465	1.211	-0.061	0.862	-0.387	1.476	-0.450	0.412	-1.855	0.258	0.107	-1.289
Lysobacter_OAE881	ABIE51_RS00685	ABIE51_RS00685		winged helix-turn-helix domain-containing protein	0.157	-0.799	-0.321	-1.092	-0.996	-3.753	0.310	-0.304	0.303	-0.379	-2.377	-0.074	1.004	0.262	-0.371	-0.238	-0.014	-0.913	-1.240	-0.419	0.535	-0.850	0.111	0.703	-0.562
Lysobacter_OAE881	ABIE51_RS00690	ABIE51_RS00690		2-dehydropantoate 2-reductase	-0.106	-1.347	1.169	0.783	0.373	0.326	0.696	0.607	0.151	0.555	0.434	-0.935	0.547	1.167	0.671	-0.622	-0.356	2.674	-0.082	0.409	-1.427	-0.291	-0.083	0.911	-0.616
Lysobacter_OAE881	ABIE51_RS00695	ABIE51_RS00695		ABC transporter permease	1.225	0.170	-1.212	-1.448	-0.645	-0.093	-1.192	0.313	0.584	0.158	0.482	-0.912	1.975	3.291	0.605	-0.117	0.492	1.139	1.115	1.018	1.069	0.172	0.280	0.017	-2.209
Lysobacter_OAE881	ABIE51_RS00700	ABIE51_RS00700		ABC transporter ATP-binding protein	-0.608	-0.005	0.588	-1.728	0.966	0.210	-0.772	-0.489	0.328	0.988	-0.584	0.755	-0.362	-0.795	-1.176	0.063	-0.744	0.420	0.994	0.261	0.521	2.201	0.587	-0.005	0.056
Lysobacter_OAE881	ABIE51_RS00705	ABIE51_RS00705		ferredoxin--NADP reductase	-1.326	0.171	-2.586	-1.646	2.048	1.045	-1.104	0.258	0.647	1.227	-1.290	1.230	1.300	-0.652	0.044	-2.632	1.468	1.638	-0.401	-0.070	0.587	-1.469	1.714	-0.853	-2.335
Lysobacter_OAE881	ABIE51_RS00710	ABIE51_RS00710		alpha/beta hydrolase	0.850	-0.242	0.367	0.057	-0.688	-0.754	0.727	-0.379	-0.007	-0.252	1.416	-1.084	-1.511	0.802	-0.263	1.063	-0.058	-0.326	-0.453	1.196	-0.075	0.632	1.018	1.002	0.318
Lysobacter_OAE881	ABIE51_RS00715	ABIE51_RS00715		ATP-binding cassette domain-containing protein	-0.182	0.068	0.461	-0.400	0.344	0.451	0.719	-2.093	2.130	1.119	0.257	0.953	-0.354	-0.926	2.038	-0.194	-0.439	0.288	0.065	1.272	1.346	1.061	-0.433	0.613	-0.035
Lysobacter_OAE881	ABIE51_RS00720	ABIE51_RS00720		ABC transporter permease	-0.821	-2.243	-0.856	-0.223	0.389	-0.861	-0.659	-0.575	-0.333	-1.053	0.023	0.187	-2.463	0.278	-0.937	-0.405	-2.005	0.904	-1.697	-1.025	0.408	-1.170	-0.837	-0.351	-0.025
Lysobacter_OAE881	ABIE51_RS00725	ABIE51_RS00725		energy transducer TonB	-1.618	-2.461	1.492	-0.288	-1.743	-2.191	-0.782	-1.340	-0.991	-0.630	-0.779	-1.937	-2.354	-1.054	0.466	1.904	-1.236	-1.328	0.528	-1.422	-1.715	-0.060	-4.182	-2.502	-2.538
Lysobacter_OAE881	ABIE51_RS00730	ABIE51_RS00730		5-demethoxyubiquinol-8 5-hydroxylase UbiM	-1.029	0.603	-0.063	1.275	-0.457	0.052	-0.356	-1.051	-0.525	-0.765	-0.528	0.142	0.440	0.197	-0.482	-0.650	0.925	0.531	-1.345	-1.241	-0.129	0.746	0.042	-1.246	-0.326
Lysobacter_OAE881	ABIE51_RS00735	ABIE51_RS00735		tRNA uridine-5-carboxymethylaminomethyl(34) synthesis GTPase MnmE	0.331	-1.482	0.920	1.138	-1.067	-0.572	1.211	0.977	-1.335	2.835	4.763	-0.070	-0.305	4.028	1.455	0.782	-0.779	-1.948	-0.385	-0.934	1.306	-0.818	-0.273	0.577	-0.693
Lysobacter_OAE881	ABIE51_RS00765	ABIE51_RS00765		DNA replication/repair protein RecF	-0.353	0.887	-0.827	0.932	-0.972	-1.044	-0.308	-0.594	-0.155	0.003	0.345	-0.470	0.101	0.609	0.675	-0.211	-1.248	-2.129	0.241	0.092	-0.574	1.436	-0.032	0.295	0.262
Lysobacter_OAE881	ABIE51_RS00775	ABIE51_RS00775		M48 family metallopeptidase	-0.872	-0.207	-0.388	-0.544	0.116	-0.223	0.424	-1.545	-0.012	-0.563	-0.381	-0.573	-1.111	-0.145	-0.275	0.176	0.332	-1.487	1.792	-0.518	-0.120	-0.422	-0.386	-0.032	-0.766
Lysobacter_OAE881	ABIE51_RS00780	ABIE51_RS00780		tetratricopeptide repeat protein	-0.679	0.035	2.529	-0.156	-0.134	-0.264	-0.998	0.617	0.185	0.981	-1.198	0.835	1.333	0.178	-0.198	2.366	0.033	-0.293	0.518	-0.269	1.188	-0.091	0.124	-0.173	-0.829
Lysobacter_OAE881	ABIE51_RS00785	ABIE51_RS00785		energy transducer TonB	-2.899	0.690	-3.420	1.527	-3.179	-3.751	-0.034	-4.337	-0.409	0.056	-5.202	-2.895	-0.450	-0.382	-0.497	-1.612	-1.270	-1.043	-3.463	-2.927	-0.192	-0.230	-2.917	-0.452	0.176
Lysobacter_OAE881	ABIE51_RS00800	ABIE51_RS00800		biopolymer transporter ExbD	-0.824	-0.175	-0.558	0.251	0.174	0.550	-0.301	-1.652	0.577	-0.458	-0.456	-1.619	1.151	-0.819	-0.375	-0.352	-0.493	-1.582	-1.197	-1.670	-1.687	-0.217	-2.347	-1.566	0.411
Lysobacter_OAE881	ABIE51_RS00805	ABIE51_RS00805		biopolymer transporter ExbD	0.613	0.630	-0.673	-1.828	-0.405	-0.337	0.026	0.626	-0.898	0.952	0.243	-0.263	0.385	-1.174	0.307	1.113	-0.137	1.545	0.343	0.631	0.033	0.693	-0.089	1.080	-2.421
Lysobacter_OAE881	ABIE51_RS00815	ABIE51_RS00815		hypothetical protein	0.443	-0.681	-0.164	-1.399	-2.074	-0.872	-0.737	-0.343	-0.213	-0.057	0.024	0.211	0.022	-0.212	0.394	-0.236	0.490	-0.150	-0.275	0.049	1.012	0.419	-0.740	-0.532	-0.353
Lysobacter_OAE881	ABIE51_RS00825	ABIE51_RS00825		cardiolipin synthase	0.326	-0.642	0.430	0.910	0.529	0.326	0.274	1.082	0.307	-0.080	0.830	0.912	-0.048	0.180	0.551	0.746	0.713	0.683	0.832	0.387	-0.090	0.871	0.514	0.367	-0.139
Lysobacter_OAE881	ABIE51_RS00830	ABIE51_RS00830		PA0069 family radical SAM protein	-0.657	-0.065	0.428	-0.522	0.178	-0.972	-0.416	0.260	0.442	-0.161	0.114	-0.083	0.401	0.376	-0.749	-0.482	0.267	0.215	-0.139	-0.177	-1.386	-1.021	-0.391	0.696	-0.081
Lysobacter_OAE881	ABIE51_RS00835	ABIE51_RS00835		SLC13 family permease	-0.847	0.115	0.962	0.314	0.286	0.306	-0.558	0.644	1.580	1.541	-0.342	0.207	0.694	-0.556	-0.671	-0.432	0.731	1.943	0.325	0.577	-0.046	-0.461	1.061	-1.367	-1.243
Lysobacter_OAE881	ABIE51_RS00840	ABIE51_RS00840		ATP-binding protein	-0.289	-2.539	-0.321	-0.764	-1.651	-0.407	0.222	-0.588	-0.106	2.098	0.640	-0.635	-0.729	1.553	0.029	0.194	1.045	0.277	-1.243	0.385	-2.896	0.724	3.691	1.355	-1.467
Lysobacter_OAE881	ABIE51_RS00845	ABIE51_RS00845		response regulator	-1.453	-1.396	-1.655	-2.210	-1.349	0.015	0.097	-0.757	-0.660	0.303	-1.904	-1.366	-0.566	0.603	0.244	-2.149	0.838	1.163	-3.659	-1.257	-1.737	1.582	3.547	0.963	-3.574
Lysobacter_OAE881	ABIE51_RS00850	ABIE51_RS00850		2OG-Fe(II) oxygenase	0.393	-0.394	1.025	-0.185	1.653	0.321	-1.030	0.411	0.639	3.011	1.490	0.739	1.198	1.239	0.648	0.932	0.745	1.007	1.006	0.793	0.473	0.490	0.746	0.710	-1.591
Lysobacter_OAE881	ABIE51_RS00855	ABIE51_RS00855		sigma-54 dependent transcriptional regulator	0.473	-0.395	0.724	-0.504	1.673	0.206	1.688	-0.295	0.944	0.123	-0.390	0.115	-0.167	-1.229	0.765	0.171	0.941	0.765	0.588	-0.179	-1.818	0.514	1.021	-0.621	1.093
Lysobacter_OAE881	ABIE51_RS00860	ABIE51_RS00860		class 1 fructose-bisphosphatase	1.398	-0.349	-4.972	-0.333	-4.151	-2.942	-0.613	0.466	-0.437	0.911	1.832	1.415	1.597	0.296	0.145	-3.554	-2.432	-2.547	0.452	0.186	-0.166	-1.657	0.450	-1.782	-2.594
Lysobacter_OAE881	ABIE51_RS00865	ABIE51_RS00865		MBL fold metallo-hydrolase	0.426	0.594	1.043	0.429	0.909	0.937	0.543	0.892	1.105	-0.289	2.675	0.341	-0.559	1.014	-0.355	-0.403	-0.326	-0.605	0.478	-1.049	1.381	1.664	-1.367	0.860	-0.428
Lysobacter_OAE881	ABIE51_RS00870	ABIE51_RS00870		hypothetical protein	-0.762	0.531	-0.813	-0.482	-0.826	-0.112	-0.086	-0.332	0.105	-0.631	-1.322	-0.501	-0.064	-0.327	0.602	-1.390	-0.778	-0.501	-0.147	0.537	1.007	-1.764	-0.330	0.028	-1.262
Lysobacter_OAE881	ABIE51_RS00875	ABIE51_RS00875		response regulator transcription factor	0.856	1.446	-0.289	1.144	0.343	0.134	0.623	1.245	0.831	0.684	0.516	1.708	0.500	0.873	0.067	0.497	0.759	0.750	0.235	1.668	0.546	1.401	0.101	0.752	-0.359
Lysobacter_OAE881	ABIE51_RS00880	ABIE51_RS00880		ATP-binding protein	-0.818	0.391	0.125	0.741	-0.349	0.033	-0.425	0.797	0.622	-0.319	1.495	0.094	0.741	0.599	1.769	-0.307	0.566	1.697	0.806	0.239	-0.301	1.156	0.376	1.874	0.909
Lysobacter_OAE881	ABIE51_RS00885	ABIE51_RS00885		NIPSNAP family protein	-0.711	-1.230	-1.469	-0.564	-1.477	-1.412	0.700	-1.735	0.756	-1.576	-1.560	-1.143	-0.625	-0.131	-0.722	-0.287	-1.685	-0.547	-0.205	-1.387	-0.916	0.196	-0.883	0.245	-1.919
Lysobacter_OAE881	ABIE51_RS00890	ABIE51_RS00890		YafY family protein	-0.301	-1.605	1.007	-0.076	-0.055	0.549	0.170	0.609	0.422	0.024	0.383	0.806	-0.019	0.595	0.804	-0.172	1.153	-0.964	0.188	1.806	-0.331	0.450	-0.329	0.116	1.968
Lysobacter_OAE881	ABIE51_RS00895	ABIE51_RS00895		acetyl-CoA hydrolase/transferase family protein	-0.438	0.865	-0.726	0.679	-0.035	-0.950	-0.569	0.203	-3.249	0.854	1.061	-0.197	0.485	0.302	-0.605	1.083	0.721	0.210	0.412	-3.506	-0.249	0.096	0.969	-0.375	0.368
Lysobacter_OAE881	ABIE51_RS00900	ABIE51_RS00900		fluoride efflux transporter CrcB	0.481	1.849	-0.101	3.475	2.186	0.391	0.978	0.937	0.203	1.153	0.764	-0.440	0.519	0.598	-0.688	-0.568	-2.106	0.140	1.880	1.419	1.423	0.601	1.841	0.533	2.096
Lysobacter_OAE881	ABIE51_RS00905	ABIE51_RS00905		response regulator transcription factor	0.557	0.323	0.236	-0.369	-1.211	-1.618	-1.116	0.145	-0.263	-0.336	0.777	-0.755	0.110	-0.271	-0.352	0.316	-0.950	-0.124	-0.756	0.497	0.264	-0.296	0.348	-0.612	0.938
Lysobacter_OAE881	ABIE51_RS00910	ABIE51_RS00910		histidine kinase	-0.968	-0.815	-0.445	-0.500	-0.472	-1.699	0.593	-0.577	-0.084	-0.664	-0.428	-1.117	-0.957	-1.156	-0.750	-1.776	-0.348	-2.287	-0.120	-0.088	-0.567	-1.097	-0.639	-0.021	-0.516
Lysobacter_OAE881	ABIE51_RS00915	ABIE51_RS00915		hypothetical protein	-0.055	-1.259	-0.327	-1.288	-0.707	-0.743	0.001	0.120	-0.115	0.204	-1.419	-0.634	-1.140	0.161	-0.200	-0.090	0.747	-0.223	0.146	-0.255	-1.823	0.121	0.036	-0.334	-0.955
Lysobacter_OAE881	ABIE51_RS00920	ABIE51_RS00920		FAD/NAD(P)-binding protein	0.032	-0.114	0.246	0.371	0.236	0.205	-1.022	0.083	1.232	0.060	-2.950	-0.393	-0.049	0.966	0.995	1.574	2.579	3.215	-0.261	0.549	-1.124	1.006	6.854	0.025	1.317
Lysobacter_OAE881	ABIE51_RS00925	ABIE51_RS00925		phenylalanine 4-monooxygenase	0.714	0.070	-3.273	1.038	-12.812	-16.001	0.361	-14.553	-11.232	-0.748	-2.743	-9.954	-2.431	-0.104	-1.565	-3.567	-12.247	-12.577	-12.268	-6.378	-1.599	0.100	-8.539	-0.549	-0.336
Lysobacter_OAE881	ABIE51_RS00930	ABIE51_RS00930		Lrp/AsnC family transcriptional regulator	0.853	0.850	0.293	0.671	0.879	-0.703	0.566	-0.155	-1.592	0.150	-0.512	0.187	0.120	0.344	-0.650	0.491	-1.695	0.988	-1.332	-1.278	0.109	0.098	-0.508	-0.215	0.061
Lysobacter_OAE881	ABIE51_RS00935	ABIE51_RS00935		HTH-type transcriptional repressor FabR	-1.367	0.209	-1.411	0.358	-2.326	-3.539	0.000	-3.386	-2.546	0.476	1.088	-1.683	-1.997	0.555	-0.731	-0.976	-1.181	-2.456	-0.629	-1.971	-0.068	-0.131	-2.540	0.560	2.520
Lysobacter_OAE881	ABIE51_RS00940	ABIE51_RS00940		ferredoxin reductase	-1.621	-2.006	-3.243	-2.555	-2.537	-3.276	-0.878	-1.301	-1.900	-1.386	-3.433	-3.501	0.257	-0.875	0.030	-3.051	-1.651	-2.430	-0.978	-2.399	-1.345	-0.968	-3.189	-1.873	-0.782
Lysobacter_OAE881	ABIE51_RS00945	ABIE51_RS00945		acyl-CoA desaturase	-1.010	-2.619	-3.376	-1.158	-2.646	-2.752	-1.224	-0.270	-2.860	-1.162	-5.553	-3.678	-0.329	0.051	-0.857	-3.127	-1.800	-2.010	-1.849	-2.112	-1.734	-0.661	-2.273	-1.757	-1.533
Lysobacter_OAE881	ABIE51_RS00950	ABIE51_RS00950		patatin-like phospholipase family protein	-0.951	0.779	0.730	-0.007	-0.781	0.703	-0.189	0.233	-1.129	-0.059	0.140	-0.156	0.043	-0.168	0.693	0.552	1.233	0.328	-0.581	-0.833	-1.391	-0.027	1.121	-0.554	-0.130
Lysobacter_OAE881	ABIE51_RS00955	ABIE51_RS00955		DUF3052 family protein	1.122	-0.298	0.358	-1.183	0.047	-0.012	0.698	0.126	-0.426	-0.432	0.677	0.612	-0.275	-0.499	0.554	0.213	1.392	0.958	-0.794	0.249	0.257	0.642	0.575	1.148	-0.582
Lysobacter_OAE881	ABIE51_RS00960	ABIE51_RS00960		TIGR00266 family protein	0.237	-0.411	-1.819	-1.025	-0.898	-0.759	0.424	-1.144	-0.570	-1.161	-0.123	-0.591	-0.339	-1.493	-2.167	-0.560	-1.556	-2.212	-1.322	-0.127	-1.562	-0.935	-0.338	-1.298	-2.235
Lysobacter_OAE881	ABIE51_RS00965	ABIE51_RS00965		aspartate/glutamate racemase family protein	1.107	0.087	0.270	1.073	-0.456	0.193	-0.404	-0.795	0.269	-1.005	-0.044	1.607	-1.148	-1.046	-0.506	1.030	-0.448	0.479	0.233	0.336	-0.614	-1.246	0.652	0.791	-0.798
Lysobacter_OAE881	ABIE51_RS00970	ABIE51_RS00970		M28 family metallopeptidase	0.101	0.421	0.499	0.236	0.227	0.127	-0.626	0.535	0.415	0.556	-0.375	0.089	0.963	0.765	1.015	0.448	0.011	0.037	0.074	1.313	-1.357	1.673	0.460	1.418	0.155
Lysobacter_OAE881	ABIE51_RS00975	ABIE51_RS00975		rhomboid family intramembrane serine protease	-2.214	0.953	-0.105	1.219	-0.503	-0.438	-0.369	-0.324	-1.915	0.316	-1.092	0.115	0.335	-0.818	-0.341	1.012	0.605	0.450	0.270	0.566	-0.248	0.300	0.201	-0.065	-0.038
Lysobacter_OAE881	ABIE51_RS00980	ABIE51_RS00980		class I SAM-dependent rRNA methyltransferase	0.069	0.644	-1.209	0.935	-0.330	-0.111	1.387	-0.484	-0.943	-0.388	-1.464	-1.014	0.608	1.109	0.010	-1.101	0.237	-0.167	-0.080	-0.756	-0.401	-0.580	-0.316	0.986	-0.533
Lysobacter_OAE881	ABIE51_RS00985	ABIE51_RS00985		DNA recombination protein RmuC	-0.233	0.712	-0.836	1.023	-0.270	-0.173	2.504	0.551	0.234	-0.671	-0.847	-0.720	0.844	-1.334	0.758	0.114	0.944	-0.709	-0.656	1.318	0.535	1.122	-0.962	-0.508	-0.083
Lysobacter_OAE881	ABIE51_RS00990	ABIE51_RS00990		VacJ family lipoprotein	-0.929	-1.091	-5.482	-0.851	-7.277	-5.617	-3.066	-7.369	-2.227	-0.701	-5.174	-2.919	-0.774	-4.385	-2.615	-5.498	-5.720	-8.903	-6.742	-3.472	-1.370	-1.691	-3.393	-3.062	-3.244
Lysobacter_OAE881	ABIE51_RS00995	ABIE51_RS00995		STAS domain-containing protein	-0.804	-0.986	-2.229	-1.241	-2.802	-2.403	-2.002	-4.796	-1.033	0.102	-1.591	-1.003	-1.200	0.000	-1.023	-1.619	-2.069	-3.376	-2.377	-0.544	-0.002	-0.489	-2.031	-1.581	-0.623
Lysobacter_OAE881	ABIE51_RS01000	ABIE51_RS01000		ABC transporter substrate-binding protein	-2.294	-0.691	-4.280	-1.404	-5.647	-3.516	-2.240	-7.216	-1.624	-0.156	-4.592	-3.922	-1.018	-3.521	-0.962	-2.924	-5.347	-6.471	-4.442	-1.395	-0.957	-0.981	-3.538	-0.048	-1.220
Lysobacter_OAE881	ABIE51_RS01005	ABIE51_RS01005		outer membrane lipid asymmetry maintenance protein MlaD	-2.636	-2.853	-3.861	-2.683	-9.411	-7.304	-3.528	-10.458	-4.133	-1.177	-10.195	-5.211	-1.379	-5.405	-1.937	-3.136	-7.963	-9.923	-5.759	-4.475	-3.266	0.433	-5.647	-4.069	-3.248
Lysobacter_OAE881	ABIE51_RS01010	ABIE51_RS01010		MlaE family lipid ABC transporter permease subunit	-4.025	-3.432	-3.570	-1.989	-6.868	-8.232	-3.375	-7.975	-2.939	-2.975	-6.712	-2.938	-2.636	-4.603	-1.403	-4.878	-5.128	-6.053	-6.119	-3.717	-1.902	-0.813	-6.106	-3.010	-1.980
Lysobacter_OAE881	ABIE51_RS01015	ABIE51_RS01015		ABC transporter ATP-binding protein	-3.031	-0.789	-2.112	-1.932	-6.351	-4.732	-1.697	-6.401	-2.125	-0.294	-2.964	-1.041	-0.936	-1.911	-1.115	-3.522	-4.028	-3.148	-4.719	-2.157	-2.497	0.910	-4.385	-0.000	-1.664
Lysobacter_OAE881	ABIE51_RS01020	ABIE51_RS01020		exodeoxyribonuclease V subunit gamma	-0.601	-0.068	-3.852	-1.306	0.528	-1.571	-1.276	-1.850	-1.517	-0.063	-2.296	-0.669	-0.980	-0.298	0.087	-3.556	1.833	0.186	-2.873	-0.175	-1.699	-1.418	-1.741	0.499	-1.179
Lysobacter_OAE881	ABIE51_RS01025	ABIE51_RS01025		exodeoxyribonuclease V subunit beta	-0.298	-0.980	-4.321	-1.054	-0.526	-3.415	0.173	-5.290	-2.729	-0.034	-4.028	-1.258	-1.989	-2.903	-1.915	-4.516	2.995	1.673	-3.338	-0.219	-2.656	-0.798	-1.543	-0.527	-1.144
Lysobacter_OAE881	ABIE51_RS01030	ABIE51_RS01030		exodeoxyribonuclease V subunit alpha	1.387	0.815	-0.476	-0.184	0.959	0.520	-0.128	-1.385	-1.533	0.161	0.412	-0.261	-0.126	-0.853	0.243	-2.388	1.996	1.414	0.070	-0.160	0.472	0.146	0.996	0.060	0.161
Lysobacter_OAE881	ABIE51_RS01035	ABIE51_RS01035		phytochelatin synthase family protein	1.059	0.490	-1.314	0.655	0.118	-1.622	-0.996	0.017	0.245	-0.569	-0.004	0.147	0.979	2.072	0.670	-1.438	-0.107	-1.377	1.536	-0.023	2.193	0.596	-1.134	0.011	-0.226
Lysobacter_OAE881	ABIE51_RS01040	ABIE51_RS01040		LysR family transcriptional regulator	-0.303	-0.681	-1.426	0.312	0.300	0.617	-1.222	0.737	-0.543	-0.763	0.765	-0.172	-0.399	-0.223	0.490	-0.365	0.392	-0.798	1.000	-1.626	1.112	-1.417	0.707	0.761	-0.097
Lysobacter_OAE881	ABIE51_RS01045	ABIE51_RS01045		hypothetical protein	0.084	-0.641	-1.501	-0.391	-1.502	0.513	0.651	0.701	-0.504	-0.252	-0.381	0.221	0.981	0.964	1.708	-0.700	-1.399	0.540	-1.521	0.191	1.376	-0.799	-0.152	0.357	-2.409
Lysobacter_OAE881	ABIE51_RS01050	ABIE51_RS01050		SDR family oxidoreductase	-1.692	-0.612	-0.032	-0.794	2.199	0.660	-1.472	1.504	0.259	0.966	1.867	-0.643	1.822	2.128	1.738	0.258	0.710	1.466	1.376	0.882	1.622	-3.188	2.070	1.078	1.255
Lysobacter_OAE881	ABIE51_RS01055	ABIE51_RS01055		efflux RND transporter periplasmic adaptor subunit	-0.446	0.321	-1.587	-0.290	0.884	1.425	1.051	-0.039	-0.201	0.790	1.336	1.437	-0.446	0.455	0.610	-0.030	-0.332	-0.429	0.036	0.018	-1.274	-0.748	0.244	-0.525	1.075
Lysobacter_OAE881	ABIE51_RS01060	ABIE51_RS01060		multidrug efflux RND transporter permease subunit	1.470	1.159	0.566	1.135	1.744	1.376	0.901	1.284	0.666	0.140	2.080	1.326	1.012	2.156	0.405	0.798	1.718	0.487	1.529	1.426	1.078	0.768	1.035	2.023	1.634
Lysobacter_OAE881	ABIE51_RS01065	ABIE51_RS01065		SDR family oxidoreductase	0.008	1.076	0.134	-0.924	0.822	1.360	1.226	-0.097	-0.297	0.276	2.968	0.849	-0.284	0.398	1.190	0.512	0.953	0.565	0.567	-0.329	0.246	-0.265	1.129	-1.605	0.460
Lysobacter_OAE881	ABIE51_RS01070	ABIE51_RS01070		efflux transporter outer membrane subunit	0.612	0.667	0.071	-0.922	-0.664	0.517	0.578	-0.488	-0.175	0.034	0.816	-0.219	-1.466	-0.177	0.120	-0.369	0.525	-0.884	0.206	1.202	0.961	0.548	-0.160	0.454	-0.976
Lysobacter_OAE881	ABIE51_RS01080	ABIE51_RS01080		DUF938 domain-containing protein	0.694	0.668	-1.007	-0.109	-1.379	-1.772	1.144	-0.258	-2.094	-0.419	-0.926	-1.329	-1.794	1.534	-0.626	1.723	0.719	-0.791	0.266	-0.259	-0.637	-1.145	0.316	-1.409	-0.231
Lysobacter_OAE881	ABIE51_RS01085	ABIE51_RS01085		HAD family hydrolase	-0.248	0.850	0.638	-0.942	0.416	0.706	-1.492	-1.029	-0.072	-0.166	-1.665	-1.119	-0.472	-0.114	0.961	-0.283	0.696	2.134	-0.312	-0.096	0.453	-1.263	-0.053	-0.918	1.259
Lysobacter_OAE881	ABIE51_RS01090	ABIE51_RS01090		APC family permease	-0.496	-0.095	0.170	-0.832	-0.238	0.429	0.397	0.278	-0.034	-1.083	-0.309	-0.309	-0.283	0.005	-1.275	0.221	-0.615	-0.108	0.117	-0.915	0.147	0.151	0.212	-1.442	-0.472
Lysobacter_OAE881	ABIE51_RS01095	ABIE51_RS01095		cell division protein ZapE	-0.824	0.927	-6.148	-0.677	-0.874	-1.904	-0.900	-1.802	-3.439	-0.367	-0.052	-2.624	-1.387	1.151	-1.183	-4.277	-2.346	-2.242	-0.502	-1.509	0.191	-0.897	-2.692	-0.438	2.363
Lysobacter_OAE881	ABIE51_RS01100	ABIE51_RS01100		alpha/beta family hydrolase	-0.948	-1.636	-0.371	0.325	-0.242	-0.726	-2.102	0.097	-0.369	0.689	0.628	-1.089	1.921	2.577	-0.133	-0.113	-1.178	-1.026	1.117	-0.139	-0.399	-1.487	0.931	0.735	0.753
Lysobacter_OAE881	ABIE51_RS01105	ABIE51_RS01105		ExeM/NucH family extracellular endonuclease	-0.015	-0.149	-0.899	-0.121	0.566	0.783	-0.398	0.103	0.407	0.511	-0.652	0.135	0.671	0.785	-0.062	0.157	0.501	0.230	-0.469	-0.308	0.196	-1.023	0.715	0.176	-1.112
Lysobacter_OAE881	ABIE51_RS01110	ABIE51_RS01110		c-type cytochrome	0.978	2.137	-1.769	-0.788	2.214	2.762	-0.744	0.745	1.570	2.214	0.289	0.966	-0.565	1.852	2.921	-2.620	1.222	2.020	-0.734	-1.033	1.699	1.980	-0.729	0.259	1.416
Lysobacter_OAE881	ABIE51_RS01125	ABIE51_RS01125		DUF308 domain-containing protein	0.034	0.185	-0.539	-0.638	0.757	0.192	0.335	0.522	-0.109	0.765	-0.187	0.488	1.609	1.005	-0.512	0.055	-0.119	-0.509	0.302	0.763	1.180	-0.201	-0.888	-0.525	-0.679
Lysobacter_OAE881	ABIE51_RS01130	ABIE51_RS01130		Rid family hydrolase	-0.544	-0.728	0.631	-0.439	0.701	0.094	-0.098	1.984	-0.235	-0.861	-0.929	-0.459	-0.677	-1.448	0.281	-0.923	-0.908	0.840	0.456	-0.696	-0.211	0.658	-0.431	-1.169	-0.581
Lysobacter_OAE881	ABIE51_RS01135	ABIE51_RS01135		ComF family protein	-0.840	0.495	-1.020	0.840	-0.961	1.080	-1.267	0.158	0.052	-0.413	-0.741	-0.017	-0.527	0.846	-0.611	-0.272	-0.042	-1.288	-0.007	-0.097	-0.969	0.168	-1.771	-0.654	0.659
Lysobacter_OAE881	ABIE51_RS01140	ABIE51_RS01140		biotin synthase BioB	-0.226	0.591	0.204	-0.145	-0.941	1.138	0.222	-0.093	-0.186	-0.842	-0.577	0.772	-0.445	-0.217	-0.031	-0.213	-0.587	-0.938	0.466	-0.072	-0.763	1.100	0.183	-0.358	0.158
Lysobacter_OAE881	ABIE51_RS01145	ABIE51_RS01145		8-amino-7-oxononanoate synthase	-0.388	0.220	-1.020	-0.522	-0.276	-0.246	0.454	-0.407	-0.844	0.507	0.822	0.067	-0.096	0.959	-0.639	-1.001	-0.597	-0.800	0.251	-1.755	0.410	0.601	0.586	-0.666	0.562
Lysobacter_OAE881	ABIE51_RS01150	ABIE51_RS01150		ACT domain-containing protein	-2.210	-1.129	-2.680	-0.095	-0.786	-1.538	-0.888	-1.111	-2.564	-0.283	-0.900	-0.582	-1.238	-1.107	-2.919	-3.282	-1.629	-1.529	-1.859	-2.976	-0.941	-1.596	-2.951	-1.924	-1.058
Lysobacter_OAE881	ABIE51_RS01155	ABIE51_RS01155		pimeloyl-ACP methyl ester esterase BioH	-0.112	0.866	0.006	0.333	0.896	0.068	0.833	1.193	-0.644	-0.259	-0.249	0.370	-0.031	-0.224	0.668	-1.459	0.854	0.107	0.121	-1.051	0.635	0.236	-0.496	0.633	0.077
Lysobacter_OAE881	ABIE51_RS01165	ABIE51_RS01165		multidrug resistance efflux transporter family protein	-0.603	0.880	0.369	-0.032	-0.521	0.387	-0.861	0.953	0.066	0.549	-0.529	-0.319	1.910	1.227	0.724	0.544	0.424	-0.509	-0.669	1.479	0.784	1.428	0.559	-0.495	0.561
Lysobacter_OAE881	ABIE51_RS01170	ABIE51_RS01170		hypothetical protein	1.579	2.204	1.304	2.073	-0.747	2.245	0.053	2.135	1.664	2.544	1.346	0.564	0.306	1.698	1.013	1.900	2.041	1.428	1.149	0.450	1.396	-0.636	0.348	-0.089	1.763
Lysobacter_OAE881	ABIE51_RS01175	ABIE51_RS01175		glycosyltransferase family 39 protein	-0.839	1.080	0.028	0.603	-0.341	0.393	0.819	-0.990	0.010	-0.500	0.410	-0.423	-0.830	0.067	0.554	-0.545	-0.580	-0.324	0.048	0.788	-0.513	0.141	0.832	0.967	0.004
Lysobacter_OAE881	ABIE51_RS01180	ABIE51_RS01180		ketosteroid isomerase-related protein	-1.517	-2.095	-3.111	-0.479	-1.529	-3.501	-1.368	0.531	-1.581	-1.385	-1.353	-2.781	-1.113	-0.376	-1.921	-2.092	-1.201	-2.493	-0.751	-1.683	-1.607	-0.657	-2.965	-0.931	-0.999
Lysobacter_OAE881	ABIE51_RS01185	ABIE51_RS01185		V4R domain-containing protein	-0.419	-0.609	1.240	-0.817	1.217	-0.243	1.450	0.403	0.223	0.508	-1.408	0.470	-0.072	-0.385	0.356	0.004	-0.592	-0.352	0.261	1.384	-1.117	0.010	0.743	-0.556	-0.758
Lysobacter_OAE881	ABIE51_RS01190	ABIE51_RS01190		pyridoxal-phosphate dependent enzyme	-1.695	0.805	1.221	0.612	0.193	0.354	-0.387	1.013	0.871	-0.085	-1.221	1.145	0.792	0.884	-0.002	1.666	0.341	-0.448	1.210	1.174	0.404	0.930	-0.302	1.928	0.310
Lysobacter_OAE881	ABIE51_RS01195	ABIE51_RS01195		DMT family transporter	0.261	-0.612	0.935	-0.040	0.488	-3.159	-0.858	0.437	-0.169	-0.336	-0.975	-0.693	-0.582	0.354	-0.782	0.477	-0.022	-2.114	-0.441	-0.571	-0.056	-1.154	0.765	-0.529	-0.011
Lysobacter_OAE881	ABIE51_RS01200	ABIE51_RS01200		hypothetical protein	-0.322	0.317	-0.153	0.489	0.325	1.349	-0.409	-0.083	0.266	0.632	-2.973	-0.445	-0.250	-0.760	-0.450	0.181	0.048	-0.597	1.396	1.068	-1.049	0.391	-0.284	0.133	-0.029
Lysobacter_OAE881	ABIE51_RS01205	ABIE51_RS01205		tRNA uridine-5-carboxymethylaminomethyl(34) synthesis enzyme MnmG	0.181	-1.862	1.366	-0.099	-3.490	-0.529	0.653	-0.412	-1.946	1.540	3.988	-2.054	-0.491	2.419	1.099	0.446	-1.383	-4.763	-0.649	-1.832	-0.006	-0.094	-2.684	2.321	-3.093
Lysobacter_OAE881	ABIE51_RS01210	ABIE51_RS01210		DUF2007 domain-containing protein	-0.035	0.511	1.151	0.643	1.145	-0.075	-0.448	0.305	0.575	0.014	-0.210	1.960	0.954	0.570	1.160	-0.198	0.230	-0.304	0.587	-0.703	-0.661	-1.707	1.458	-0.394	-1.249
Lysobacter_OAE881	ABIE51_RS01215	ABIE51_RS01215		sialidase family protein	-0.068	0.645	-1.799	-3.057	-2.322	-1.934	0.389	-1.690	-1.361	-0.462	-2.372	-1.596	-1.149	-1.605	-0.503	-1.339	-1.577	0.229	-2.267	-0.263	-0.921	-0.137	-0.131	-0.954	-1.310
Lysobacter_OAE881	ABIE51_RS01220	ABIE51_RS01220		aldehyde-activating protein	0.512	0.058	0.346	-0.165	0.200	-0.248	1.060	1.888	1.328	-0.170	-0.463	-1.511	-0.417	0.489	1.389	-0.480	0.052	-0.446	0.450	0.397	-0.197	-0.086	0.208	1.954	-1.463
Lysobacter_OAE881	ABIE51_RS01225	ABIE51_RS01225		GNAT family N-acetyltransferase	-1.562	0.474	-0.445	0.996	0.368	-2.019	-2.126	-0.773	0.746	0.945	-1.224	-1.344	0.157	-1.084	-1.003	0.030	0.278	0.729	0.376	-0.740	-0.920	-0.148	0.287	-0.374	-0.620
Lysobacter_OAE881	ABIE51_RS01230	ABIE51_RS01230		translocation/assembly module TamB domain-containing protein	-3.469	-0.947	-7.327	1.015	-4.125	-1.894	-2.907	-4.359	-0.546	0.515	2.671	-2.987	-1.493	-3.847	-0.294	-6.927	-3.215	-2.119	4.811	-0.570	2.308	2.504	-1.612	-0.670	-2.254
Lysobacter_OAE881	ABIE51_RS01235	ABIE51_RS01235		autotransporter assembly complex family protein	-5.199	-0.697	-7.195	-2.265	-5.534	-2.686	-2.632	-4.448	-1.821	2.019	2.412	-3.502	-2.633	-5.651	0.054	-7.333	-4.851	-3.191	5.311	-0.324	-1.569	1.114	-2.543	-0.307	-3.689
Lysobacter_OAE881	ABIE51_RS01250	ABIE51_RS01250		glutamine amidotransferase	-1.021	-0.976	-1.122	-1.370	-1.179	-0.352	0.729	-0.110	-0.123	-0.365	0.094	0.502	0.030	0.810	-1.426	-1.525	-0.093	-0.675	-0.427	-1.233	-1.236	-1.712	0.108	-0.650	0.521
Lysobacter_OAE881	ABIE51_RS01255	ABIE51_RS01255		hypothetical protein	0.002	-0.184	0.381	-0.656	0.593	0.102	-0.853	0.286	-0.201	0.333	0.746	0.227	-0.412	-0.120	-0.165	-0.557	1.254	-0.338	1.177	0.676	0.261	1.077	0.911	-0.079	-0.199
Lysobacter_OAE881	ABIE51_RS01260	ABIE51_RS01260		RDD family protein	0.329	-1.502	-0.147	-2.148	-0.918	-1.423	-1.607	-0.944	-1.616	-0.759	-1.450	-0.618	-0.343	-0.645	0.404	-0.928	-2.299	2.013	-0.009	0.218	-0.434	-0.104	-0.062	-0.661	-1.062
Lysobacter_OAE881	ABIE51_RS01265	ABIE51_RS01265		twin-arginine translocase subunit TatC	-0.007	1.367	-2.387	-2.556	0.591	1.313	0.495	-2.027	-1.334	0.738	1.632	-1.101	-0.527	0.543	4.176	-2.775	-0.320	-1.186	-3.634	-1.345	1.468	-1.603	-2.698	0.410	1.049
Lysobacter_OAE881	ABIE51_RS01270	ABIE51_RS01270		Sec-independent protein translocase protein TatB	-0.356	0.136	0.797	0.462	2.897	1.276	0.578	-0.188	0.846	1.572	2.572	1.037	-0.124	2.383	2.442	-1.275	1.412	0.685	2.361	1.081	0.153	-0.469	0.975	0.849	0.871
Lysobacter_OAE881	ABIE51_RS01280	ABIE51_RS01280		lipid-binding SYLF domain-containing protein	-1.897	0.813	-4.762	-2.576	-2.865	-1.802	-1.456	-2.029	-1.218	1.052	-0.430	-3.323	0.594	-0.556	0.077	-2.995	-0.790	-2.198	0.941	-1.887	-1.264	0.026	-0.732	-0.507	0.248
Lysobacter_OAE881	ABIE51_RS01290	ABIE51_RS01290		alpha/beta hydrolase	-0.000	-1.421	0.483	-0.748	0.237	0.977	-1.809	0.092	1.172	1.910	0.476	0.864	2.295	1.970	0.239	0.061	-0.507	0.954	0.030	-0.073	-0.345	-1.489	0.232	0.568	1.147
Lysobacter_OAE881	ABIE51_RS01295	ABIE51_RS01295		SprT family zinc-dependent metalloprotease	-0.876	-1.587	-0.635	0.827	-0.351	-0.495	-0.276	-0.891	-1.409	0.540	1.807	2.223	0.767	0.647	-1.510	-1.482	-1.613	-2.339	-2.117	1.771	-0.077	-0.423	0.786	2.478	-0.664
Lysobacter_OAE881	ABIE51_RS01305	ABIE51_RS01305		tRNA 2-thiocytidine(32) synthetase TtcA	0.883	0.451	-1.332	1.553	-2.007	-0.524	0.781	0.455	-0.373	0.095	-2.578	-0.376	-1.351	-0.574	-0.392	-1.811	-0.096	-0.133	0.746	-0.658	-0.213	-0.673	0.095	-0.377	-1.421
Lysobacter_OAE881	ABIE51_RS01315	ABIE51_RS01315		FAD-dependent oxidoreductase	0.566	0.150	-0.385	1.636	-6.448	-11.691	-0.432	-13.692	-9.115	-1.842	0.936	-6.248	-4.168	-0.071	0.581	-0.973	-6.429	-9.315	-11.485	-4.047	-1.473	-0.109	-5.300	1.289	-0.778
Lysobacter_OAE881	ABIE51_RS01320	ABIE51_RS01320		glutamate synthase large subunit	-0.274	0.167	-0.290	0.494	-12.058	-15.712	-1.899	-17.829	-12.227	-2.748	-0.285	-10.380	-3.046	-0.494	-0.956	-0.348	-12.924	-15.220	-15.466	-6.243	-3.764	-1.376	-7.911	0.938	-0.721
Lysobacter_OAE881	ABIE51_RS01325	ABIE51_RS01325		TCR/Tet family MFS transporter	0.913	-0.381	0.791	-0.119	0.195	0.564	-0.457	-0.052	-0.448	0.489	-0.026	0.224	0.431	-1.100	0.965	-0.428	1.020	0.895	1.251	-1.024	-0.043	0.909	1.541	-0.053	-1.182
Lysobacter_OAE881	ABIE51_RS01330	ABIE51_RS01330		hypothetical protein	0.631	2.640	1.996	1.298	-0.534	0.865	-0.034	1.156	-0.664	-2.590	-0.214	1.019	1.753	0.336	-0.008	0.952	1.105	1.431	0.551	1.086	-0.429	1.839	-0.316	1.100	1.392
Lysobacter_OAE881	ABIE51_RS01335	ABIE51_RS01335		barstar family protein	0.238	1.000	0.414	3.171	-0.028	-1.287	0.264	-1.260	-0.907	-0.009	2.311	0.304	0.613	-0.186	-0.212	-0.552	0.158	-2.495	-0.488	0.142	1.506	-0.012	0.374	0.402	2.539
Lysobacter_OAE881	ABIE51_RS01340	ABIE51_RS01340		ribonuclease domain-containing protein	-0.527	-0.397	-0.849	-0.075	-1.611	0.284	0.332	0.806	1.330	1.229	-1.336	-2.499	-0.799	-1.075	-0.976	0.301	0.328	-1.017	-0.361	-0.708	-1.060	0.963	-1.360	0.484	-0.825
Lysobacter_OAE881	ABIE51_RS01350	ABIE51_RS01350		GNAT family N-acetyltransferase	-0.428	0.555	0.364	0.006	1.065	0.376	-0.267	-0.395	-0.312	0.427	0.277	1.078	0.035	-0.231	-0.151	0.943	-0.320	-0.701	-0.011	0.148	-0.402	-0.119	0.213	-0.514	-1.252
Lysobacter_OAE881	ABIE51_RS01355	ABIE51_RS01355		superoxide dismutase family protein	-0.339	-0.156	0.464	-1.817	0.725	-0.975	-0.699	0.214	0.456	-0.353	0.202	-1.164	0.232	-1.065	-0.610	-1.618	-0.083	-0.828	-1.044	-0.035	-0.923	-0.857	-0.287	0.400	0.758
Lysobacter_OAE881	ABIE51_RS01360	ABIE51_RS01360		nitrogen regulation protein NR(I)	0.412	-0.278	-0.921	0.232	-1.470	-1.062	-1.964	0.203	-1.715	-0.022	-1.931	-1.368	0.877	-2.368	-0.873	-2.662	-3.497	-2.243	-0.100	0.704	-2.236	-1.354	0.574	-0.326	0.324
Lysobacter_OAE881	ABIE51_RS01370	ABIE51_RS01370		glycoside hydrolase family 3 N-terminal domain-containing protein	-0.258	-0.855	4.505	-0.257	-1.529	-1.983	-0.142	0.639	1.171	0.697	-8.115	-1.001	0.102	0.822	-0.842	4.095	-2.539	-1.942	-2.239	1.061	0.075	0.796	-0.443	-0.193	-0.622
Lysobacter_OAE881	ABIE51_RS01375	ABIE51_RS01375		nuclear transport factor 2 family protein	1.043	1.764	0.690	-0.669	-0.063	1.492	-0.105	-0.642	0.867	-0.581	0.063	1.831	-0.051	-0.605	0.179	0.219	0.029	-0.095	2.083	0.804	-1.088	0.768	-0.705	1.084	0.204
Lysobacter_OAE881	ABIE51_RS01380	ABIE51_RS01380		hypothetical protein	1.069	-0.754	0.283	0.103	-0.740	-0.316	0.107	0.207	0.329	0.258	0.245	0.621	-0.182	0.847	0.263	0.239	0.912	1.331	0.644	0.150	0.558	-0.392	-0.823	-0.246	0.330
Lysobacter_OAE881	ABIE51_RS01385	ABIE51_RS01385		alpha/beta hydrolase	-1.171	-1.294	0.914	1.596	-0.055	-0.923	-0.052	-0.476	-0.145	-1.005	-0.683	-1.230	-0.184	0.447	-2.039	1.000	-0.090	-0.448	0.177	0.056	0.537	-0.608	0.630	-0.673	-1.408
Lysobacter_OAE881	ABIE51_RS01390	ABIE51_RS01390		HAMP domain-containing sensor histidine kinase	0.647	0.152	-0.619	0.742	-0.383	1.656	0.618	-0.268	0.060	0.996	1.884	0.583	-0.625	-0.787	-1.479	-1.376	-0.034	-1.034	0.857	-2.150	-0.242	1.127	0.495	0.182	0.165
Lysobacter_OAE881	ABIE51_RS01395	ABIE51_RS01395		response regulator	0.470	2.603	0.500	-0.067	-0.958	0.566	0.227	0.531	-0.134	1.545	-0.305	1.094	0.909	0.553	0.731	0.952	0.219	1.195	1.760	2.180	1.012	0.818	0.806	1.226	1.871
Lysobacter_OAE881	ABIE51_RS01400	ABIE51_RS01400		HAMP domain-containing protein	0.346	0.622	-0.927	-0.077	0.153	0.735	-0.014	-1.130	0.191	0.969	-0.387	-1.125	-0.345	0.427	1.129	-1.179	-0.017	-0.507	-0.539	0.026	-0.040	-1.467	0.890	-0.174	-1.281
Lysobacter_OAE881	ABIE51_RS01405	ABIE51_RS01405		YbhN family protein	0.148	0.587	-0.013	0.938	-0.348	1.323	-1.519	-1.373	-0.390	0.155	-0.070	0.112	-0.348	-0.837	-0.019	0.025	-0.006	-0.079	0.374	-2.318	-1.216	-0.260	-0.109	0.050	-0.620
Lysobacter_OAE881	ABIE51_RS01410	ABIE51_RS01410		cardiolipin synthase ClsB	0.669	-0.071	0.879	1.239	0.871	-0.960	-0.119	-0.085	-1.146	0.840	-0.399	-0.634	0.012	-1.094	-0.755	-0.190	1.926	-1.029	0.121	-1.076	-1.184	0.514	0.220	-0.078	-2.145
Lysobacter_OAE881	ABIE51_RS01415	ABIE51_RS01415		endonuclease/exonuclease/phosphatase family protein	0.290	0.831	-1.175	-0.692	0.265	-0.944	0.334	-1.706	-0.496	-0.724	-1.674	-0.350	-0.407	-0.481	0.462	0.855	-0.754	-0.849	-2.488	-2.039	-2.165	-0.047	-2.748	-0.516	-0.673
Lysobacter_OAE881	ABIE51_RS01420	ABIE51_RS01420		nitronate monooxygenase	1.340	1.832	-0.309	1.177	0.177	0.050	-0.458	0.124	1.673	-0.805	-0.321	0.653	0.153	-0.016	1.232	1.979	0.946	0.677	1.228	0.797	-0.351	0.025	0.738	0.596	-1.250
Lysobacter_OAE881	ABIE51_RS01425	ABIE51_RS01425		hypothetical protein	0.630	-0.475	-0.104	1.050	0.695	0.257	-0.616	-0.475	-0.639	-0.999	-0.022	-0.594	0.386	1.527	-0.206	0.465	-0.881	-0.415	0.911	0.046	1.518	0.257	0.509	-0.135	-0.052
Lysobacter_OAE881	ABIE51_RS01430	ABIE51_RS01430		amino acid permease	1.185	-0.440	0.192	0.564	-1.036	0.173	0.605	-0.727	0.108	0.243	-0.589	-0.493	-2.131	0.283	-0.190	-1.638	-0.414	0.680	-0.644	0.622	-1.079	-0.088	-1.085	0.349	0.714
Lysobacter_OAE881	ABIE51_RS01435	ABIE51_RS01435		ammonium transporter	0.988	1.182	-0.468	1.688	0.581	-0.603	-0.399	-0.007	0.335	-0.139	2.768	0.190	-0.459	0.990	-2.043	-0.297	-0.222	0.325	-0.034	-0.256	0.595	-0.510	-0.073	0.213	-0.936
Lysobacter_OAE881	ABIE51_RS01440	ABIE51_RS01440		P-II family nitrogen regulator	0.210	1.576	0.572	0.691	1.638	0.145	0.603	-0.628	-0.928	0.931	1.136	1.219	2.388	0.182	-0.166	2.396	1.574	-0.184	1.221	0.759	0.082	1.121	-0.664	-0.448	0.673
Lysobacter_OAE881	ABIE51_RS01445	ABIE51_RS01445		TorF family putative porin	1.058	0.631	-0.493	-0.884	1.406	-0.164	0.854	-1.882	0.597	-0.311	-1.109	-0.326	-3.089	-0.402	-0.541	-0.436	1.861	1.169	-0.139	0.368	-0.001	-0.632	0.078	-0.190	0.100
Lysobacter_OAE881	ABIE51_RS01450	ABIE51_RS01450		GNAT family N-acetyltransferase	0.761	0.005	-1.164	-0.932	-0.876	-0.693	-0.831	-0.946	0.697	-1.596	-1.145	-0.180	-0.561	0.541	-1.449	-0.679	-0.226	-0.249	0.167	-1.457	-0.608	0.114	-0.988	-1.083	0.553
Lysobacter_OAE881	ABIE51_RS01465	ABIE51_RS01465		META and DUF4377 domain-containing protein	-0.990	-0.629	-0.082	-0.369	0.612	-0.070	-0.845	-0.083	-0.895	-0.789	0.719	-0.009	-0.605	-0.329	0.141	0.175	-0.089	-1.112	0.379	1.529	-0.373	0.093	-0.320	0.653	0.545
Lysobacter_OAE881	ABIE51_RS01470	ABIE51_RS01470		YbhB/YbcL family Raf kinase inhibitor-like protein	0.784	0.405	-0.254	0.862	1.593	0.661	0.505	0.945	-0.377	-0.039	-0.067	1.176	1.777	0.627	1.019	-0.881	0.527	0.807	2.158	0.819	1.190	-1.394	-0.021	0.114	1.289
Lysobacter_OAE881	ABIE51_RS01475	ABIE51_RS01475		hypothetical protein	-0.608	-0.825	-0.100	-0.276	-0.819	-0.404	-0.303	-0.107	-1.024	0.701	-1.111	1.252	-0.216	-0.551	-0.033	-0.465	0.052	0.141	0.316	0.850	-1.125	-0.401	-0.462	0.744	-0.414
Lysobacter_OAE881	ABIE51_RS01480	ABIE51_RS01480		tetratricopeptide repeat protein	-1.404	-0.091	-1.787	-1.491	-0.994	-0.186	-0.613	-0.336	0.292	0.374	-0.562	-0.719	-0.603	0.222	0.087	-0.513	-1.448	0.763	-0.749	-0.942	0.092	0.202	0.111	-0.179	-0.280
Lysobacter_OAE881	ABIE51_RS01485	ABIE51_RS01485		hypothetical protein	-0.261	-0.075	-0.407	0.711	-0.002	-0.165	-0.944	-0.621	-1.298	-0.198	0.939	-0.688	-0.083	-0.542	0.447	-0.371	1.858	-1.185	-0.732	-0.442	-0.659	-0.153	0.133	-1.666	-1.166
Lysobacter_OAE881	ABIE51_RS01490	ABIE51_RS01490		alpha/beta fold hydrolase	1.044	-0.691	-0.643	-0.855	0.979	1.209	-0.878	-0.141	-0.090	0.625	1.866	0.168	-0.240	1.583	-0.732	0.129	1.092	0.151	0.512	1.185	0.197	0.199	0.298	-1.178	-0.786
Lysobacter_OAE881	ABIE51_RS01505	ABIE51_RS01505		hypothetical protein	-0.825	1.462	2.658	-0.882	1.271	0.278	0.542	0.307	0.709	-0.198	-1.145	-0.248	0.538	-0.508	-1.483	0.005	-0.254	-0.998	0.602	0.509	-0.387	0.620	0.294	0.481	-2.647
Lysobacter_OAE881	ABIE51_RS01510	ABIE51_RS01510		hypothetical protein	0.070	-0.035	2.026	-1.143	0.256	-0.403	1.130	0.349	0.248	1.850	0.820	1.307	0.487	1.889	0.937	1.447	-0.268	0.702	0.769	1.095	0.588	-1.290	0.049	0.100	0.550
Lysobacter_OAE881	ABIE51_RS01515	ABIE51_RS01515		phospholipase D family protein	-3.636	-7.898	-4.846	-3.879	-6.550	-5.477	-2.062	-1.445	-7.152	-3.141	0.881	-6.081	-4.219	-2.956	-1.386	-7.155	-4.988	-6.389	-2.996	-2.565	-2.424	-3.278	-4.162	-3.906	-4.471
Lysobacter_OAE881	ABIE51_RS01520	ABIE51_RS01520		YceI family protein	-0.901	-0.258	-0.430	0.432	0.585	-0.504	-0.671	0.021	0.238	2.010	-0.593	-0.814	-0.649	-0.084	-0.330	-0.742	0.237	1.160	1.792	-0.134	-0.450	3.138	0.393	0.446	1.639
Lysobacter_OAE881	ABIE51_RS01525	ABIE51_RS01525		histidine phosphatase family protein	0.052	-0.264	-1.032	-0.797	-1.285	-0.035	0.853	-1.328	-0.082	0.439	-3.865	0.321	0.317	-1.893	0.447	-0.534	1.033	0.732	1.147	1.126	-0.865	2.438	1.463	0.565	-0.316
Lysobacter_OAE881	ABIE51_RS01530	ABIE51_RS01530		ParA family protein	-1.069	-0.456	-1.025	-0.286	-0.326	-1.413	-1.442	-0.291	-1.214	-1.093	-3.147	-1.378	-0.436	-1.415	-0.127	-0.316	-0.509	-0.155	-1.086	-1.521	0.041	-1.411	0.025	-1.173	-0.031
Lysobacter_OAE881	ABIE51_RS01535	ABIE51_RS01535		hypothetical protein	-1.169	-0.751	0.081	0.284	-0.084	-0.813	1.386	-1.276	-0.348	-0.589	0.428	0.379	0.045	0.369	-2.719	-0.066	-0.962	0.161	-0.300	-0.396	-2.636	0.008	0.874	-0.503	-1.680
Lysobacter_OAE881	ABIE51_RS01540	ABIE51_RS01540		AEC family transporter	0.425	0.235	0.179	0.188	-1.334	-0.830	1.017	-0.035	0.310	-0.924	0.165	-0.054	-0.306	-0.804	0.105	0.262	-0.638	-0.265	0.256	0.490	0.737	-0.505	1.020	-0.054	1.916
Lysobacter_OAE881	ABIE51_RS01545	ABIE51_RS01545		AAA family ATPase	0.418	-0.402	0.487	-0.099	-0.353	0.071	0.808	-0.275	0.997	-2.008	0.555	0.142	0.775	2.395	0.895	0.764	-0.212	-0.041	0.103	0.056	-1.042	-1.060	-0.789	-0.182	-0.373
Lysobacter_OAE881	ABIE51_RS01550	ABIE51_RS01550		MBL fold metallo-hydrolase	-1.129	-1.051	-1.482	0.278	-1.008	-1.028	0.422	1.340	-0.401	-1.289	-0.557	-0.749	-0.740	0.817	0.216	-1.691	-0.965	0.582	1.098	-0.354	-0.149	0.334	0.201	0.627	0.458
Lysobacter_OAE881	ABIE51_RS01555	ABIE51_RS01555		tetratricopeptide repeat protein	-0.858	2.898	-0.281	-1.322	-0.674	1.279	-0.942	0.419	0.587	1.520	0.234	-0.180	0.911	0.675	0.386	0.978	1.732	0.908	0.863	-0.509	1.094	0.566	0.133	1.237	0.446
Lysobacter_OAE881	ABIE51_RS01560	ABIE51_RS01560		gamma-glutamyltransferase	-1.046	-1.350	0.208	-0.036	-1.935	-0.740	0.107	-1.557	-0.796	-0.756	-1.660	-1.440	1.097	-1.275	-0.348	-2.127	-1.208	-0.222	-1.337	-1.034	0.013	-0.105	-1.292	-1.070	-0.502
Lysobacter_OAE881	ABIE51_RS01565	ABIE51_RS01565		hypothetical protein	0.333	0.589	-0.137	0.481	-0.317	0.072	-0.711	0.010	1.674	0.250	0.369	1.976	0.838	1.936	0.930	2.058	0.359	1.457	-0.054	0.144	-1.240	0.412	-1.143	1.377	1.864
Lysobacter_OAE881	ABIE51_RS01570	ABIE51_RS01570		family 20 glycosylhydrolase	-0.256	-0.267	-0.280	-0.299	-0.009	-0.652	-0.149	-0.311	0.248	-1.063	0.105	-1.360	0.743	-0.526	0.087	-0.468	-0.170	0.168	-0.280	0.048	0.068	-0.169	0.002	-0.977	-0.582
Lysobacter_OAE881	ABIE51_RS01575	ABIE51_RS01575		TonB-dependent receptor	-0.216	-0.468	0.216	-0.829	0.412	-0.742	0.072	-0.014	-0.185	-0.526	0.320	-0.309	0.674	0.450	0.647	0.511	1.312	0.112	-0.308	0.058	-0.285	0.498	-0.271	-0.827	-1.052
Lysobacter_OAE881	ABIE51_RS01580	ABIE51_RS01580		glucokinase	-0.175	1.702	-0.199	-0.484	0.694	-0.192	-0.185	0.316	0.568	0.760	0.540	1.354	-0.976	1.614	-0.426	0.658	-0.173	-0.639	1.537	2.073	0.839	1.435	-1.019	1.215	0.047
Lysobacter_OAE881	ABIE51_RS01585	ABIE51_RS01585		sugar MFS transporter	0.447	0.377	0.410	-1.030	-0.391	0.405	1.049	0.388	-0.503	0.076	0.171	-1.049	1.358	-0.099	0.765	0.404	0.220	0.676	-0.559	0.451	1.316	-0.882	0.001	0.445	0.095
Lysobacter_OAE881	ABIE51_RS01590	ABIE51_RS01590		LacI family DNA-binding transcriptional regulator	-0.211	0.163	2.053	-0.643	-0.340	0.647	0.074	2.262	1.241	-2.035	3.162	4.458	0.522	-0.563	-0.116	1.223	-0.352	-1.530	2.860	1.481	1.512	0.359	3.916	-0.105	0.353
Lysobacter_OAE881	ABIE51_RS01595	ABIE51_RS01595		flavohemoglobin expression-modulating QEGLA motif protein	-0.006	-0.168	0.954	1.196	-0.440	1.013	0.120	-0.246	1.925	0.088	-0.465	1.356	0.536	1.368	0.166	-0.460	0.576	0.162	-1.131	0.025	0.223	0.417	-0.868	0.179	-0.548
Lysobacter_OAE881	ABIE51_RS01610	ABIE51_RS01610		phosphogluconate dehydratase	0.346	-0.393	0.773	-0.517	-4.387	-9.421	1.243	-11.203	0.190	0.430	-1.648	0.623	0.630	0.719	2.251	0.514	-5.792	-8.657	-10.084	0.433	1.038	-0.056	0.851	0.640	0.213
Lysobacter_OAE881	ABIE51_RS01625	ABIE51_RS01625		GntR family transcriptional regulator	0.542	0.079	3.453	1.880	2.244	3.746	0.596	-0.067	1.496	1.191	0.908	2.191	0.863	1.197	1.575	2.023	1.579	4.889	0.422	3.117	0.456	0.618	2.131	1.476	1.030
Lysobacter_OAE881	ABIE51_RS01630	ABIE51_RS01630		SIS domain-containing protein	-0.563	-1.584	0.304	-0.258	-0.088	1.226	-0.422	0.102	0.839	-0.811	0.921	0.431	-0.138	-1.623	-0.572	0.542	-0.486	0.556	-1.712	1.432	1.062	0.347	0.189	-0.327	-0.913
Lysobacter_OAE881	ABIE51_RS01635	ABIE51_RS01635		N-acetylglucosamine-6-phosphate deacetylase	-0.047	0.424	-6.806	0.249	-1.126	-2.247	0.979	-2.751	-2.075	1.925	1.107	1.908	-0.685	1.086	-0.582	-5.503	-0.067	-0.333	-3.913	-2.163	-0.803	-0.871	3.837	-0.037	-0.024
Lysobacter_OAE881	ABIE51_RS01640	ABIE51_RS01640		indolepyruvate ferredoxin oxidoreductase family protein	-0.980	0.568	-5.989	0.061	-0.775	-0.610	0.002	0.076	0.258	-1.008	0.475	1.289	0.911	1.224	0.189	-6.288	-0.137	-1.105	0.963	-0.646	-0.041	0.221	1.067	-0.097	-0.048
Lysobacter_OAE881	ABIE51_RS01645	ABIE51_RS01645		MmcQ/YjbR family DNA-binding protein	-0.631	0.080	-0.216	0.457	1.385	-0.114	-1.600	-0.260	-0.193	1.252	0.267	0.330	1.536	0.675	-1.076	1.263	1.420	0.882	1.134	0.195	0.364	-1.133	0.496	0.086	-1.209
Lysobacter_OAE881	ABIE51_RS01650	ABIE51_RS01650		MFS transporter	-0.554	0.496	0.001	-0.248	-0.828	-0.559	-0.280	0.444	0.163	-0.209	1.939	0.248	0.271	-1.377	-0.422	0.021	-0.895	2.916	0.486	-0.012	-1.775	-0.082	0.165	-0.099	0.622
Lysobacter_OAE881	ABIE51_RS01655	ABIE51_RS01655		DcaP family trimeric outer membrane transporter	-0.192	-1.426	-0.412	0.832	0.255	-0.001	0.673	-0.595	-1.421	1.777	0.410	-0.850	-0.743	-1.123	-1.422	-0.249	-1.064	-0.750	0.910	0.458	0.069	-1.626	-1.029	-0.740	-0.849
Lysobacter_OAE881	ABIE51_RS01660	ABIE51_RS01660		acetate--CoA ligase	-0.241	-0.013	-0.921	0.083	-0.393	-0.259	-0.789	-0.769	-6.079	-0.401	0.168	-1.682	-0.481	-0.403	0.743	-1.109	-0.056	-1.312	-0.165	-5.607	0.675	-0.780	-1.208	1.239	-1.658
Lysobacter_OAE881	ABIE51_RS01670	ABIE51_RS01670		sorbosone dehydrogenase family protein	-0.913	-0.537	0.640	0.535	0.702	-0.177	1.217	-0.474	-0.794	-0.095	-0.651	-0.349	-0.146	0.362	0.575	-0.109	0.793	-0.797	-0.498	0.781	-0.521	-0.010	-0.555	-0.153	0.287
Lysobacter_OAE881	ABIE51_RS01675	ABIE51_RS01675		PAS domain-containing hybrid sensor histidine kinase/response regulator	0.325	0.696	0.634	1.097	1.686	0.350	-0.789	0.956	-4.750	1.209	1.589	-2.155	-1.632	0.704	-0.057	-0.611	1.140	0.511	0.432	-3.770	-1.881	1.006	-4.159	1.592	2.003
Lysobacter_OAE881	ABIE51_RS01680	ABIE51_RS01680		cardiolipin synthase	0.161	0.616	1.917	0.281	0.987	1.334	1.758	0.301	0.676	-0.294	1.417	0.642	1.890	1.426	1.542	0.150	1.730	0.426	0.944	0.383	3.046	1.485	1.078	1.109	0.229
Lysobacter_OAE881	ABIE51_RS01685	ABIE51_RS01685		helix-turn-helix transcriptional regulator	0.083	-0.707	-0.148	0.077	-1.041	-1.036	-0.649	-0.166	-0.072	-1.626	-1.126	-1.666	0.655	-1.169	-0.607	0.394	0.320	1.660	-0.770	0.382	0.097	-2.098	-0.266	0.345	1.206
Lysobacter_OAE881	ABIE51_RS01690	ABIE51_RS01690		TonB-dependent receptor	-0.899	0.685	0.246	-0.388	0.274	-0.008	-0.091	-0.171	0.174	-0.837	0.673	-0.608	-0.013	0.696	0.385	-0.337	0.618	1.113	0.010	-0.384	1.064	-0.796	0.231	-0.303	-0.277
Lysobacter_OAE881	ABIE51_RS01695	ABIE51_RS01695		50S ribosomal protein L33	0.919	0.006	0.715	-1.708	1.314	2.921	-0.707	0.444	1.703	1.211	3.940	1.182	0.480	0.657	1.275	0.652	1.100	-0.541	4.153	0.385	2.034	-0.212	1.697	-0.306	-1.102
Lysobacter_OAE881	ABIE51_RS01705	ABIE51_RS01705		DUF885 family protein	-0.371	-0.474	0.099	-0.107	0.111	0.143	-0.465	-0.169	-0.678	-1.063	0.006	-0.633	-0.858	0.292	0.027	-0.083	0.763	0.649	0.365	-0.898	0.911	-0.469	0.633	-0.090	-1.058
Lysobacter_OAE881	ABIE51_RS01710	ABIE51_RS01710		lipid-A-disaccharide synthase N-terminal domain-containing protein	-0.553	1.317	1.301	0.119	0.794	1.718	0.185	0.635	-0.002	0.658	3.557	-0.732	-0.343	-0.106	-0.364	0.674	3.257	2.527	0.995	0.390	-0.196	-1.623	-0.556	2.026	-0.004
Lysobacter_OAE881	ABIE51_RS01715	ABIE51_RS01715		glycosyltransferase family 2 protein	1.598	0.064	-1.208	-1.582	1.166	0.790	-0.579	-0.311	0.777	0.173	3.826	1.079	0.839	1.727	0.460	0.514	1.660	1.558	-1.309	-0.370	1.107	-2.035	0.306	0.450	0.846
Lysobacter_OAE881	ABIE51_RS01720	ABIE51_RS01720		NAD-dependent epimerase/dehydratase family protein	-0.037	-1.413	0.096	1.027	-1.190	-1.293	-0.969	-0.555	-1.159	-1.744	5.993	-1.826	0.695	2.498	-1.421	-0.936	-1.676	1.466	-1.806	-1.932	0.289	-0.609	-2.776	-0.004	-1.612
Lysobacter_OAE881	ABIE51_RS01725	ABIE51_RS01725		hypothetical protein	0.562	-0.324	0.654	0.276	-0.312	0.050	0.663	-1.275	0.015	0.387	-1.650	-0.387	1.021	0.083	-0.934	0.119	0.685	1.234	0.668	0.117	0.144	0.529	1.366	-0.080	0.887
Lysobacter_OAE881	ABIE51_RS01740	ABIE51_RS01740		16S rRNA (guanine(527)-N(7))-methyltransferase RsmG	-0.544	-0.465	3.549	-0.912	0.865	1.182	1.871	-0.477	0.746	-0.471	1.784	0.073	-1.463	1.346	1.604	3.457	0.525	-0.298	1.568	1.319	-0.339	0.739	0.770	1.250	-0.691
Lysobacter_OAE881	ABIE51_RS01750	ABIE51_RS01750		AMP-binding protein	0.130	-0.638	1.330	0.087	-0.254	1.019	0.744	0.875	-0.015	1.768	0.455	1.369	0.032	2.349	-0.036	1.892	-0.498	0.203	0.151	2.219	0.572	-0.730	0.950	0.279	-0.397
Lysobacter_OAE881	ABIE51_RS01755	ABIE51_RS01755		exodeoxyribonuclease III	0.085	-0.544	0.758	-0.197	0.247	-0.884	0.056	0.297	-0.039	-0.445	-0.204	2.193	-0.945	-0.351	-1.811	-0.264	1.421	0.622	-0.358	1.141	0.281	-0.467	-0.225	-0.623	-0.329
Lysobacter_OAE881	ABIE51_RS01760	ABIE51_RS01760		low-specificity L-threonine aldolase	-1.095	-0.384	0.690	0.380	-0.163	-0.149	-1.462	0.323	0.170	-0.899	0.036	-1.182	-1.769	-0.276	-1.173	-0.866	-0.545	0.737	0.751	0.267	-1.002	0.553	-0.174	1.177	-0.414
Lysobacter_OAE881	ABIE51_RS01765	ABIE51_RS01765		coniferyl aldehyde dehydrogenase	-1.278	0.958	0.675	1.264	1.073	-0.069	0.413	1.422	-0.127	0.561	-0.067	1.103	0.961	0.653	0.751	0.303	0.263	-0.326	0.256	0.866	-0.094	0.397	0.963	1.063	1.316
Lysobacter_OAE881	ABIE51_RS01770	ABIE51_RS01770		gamma carbonic anhydrase family protein	-1.723	0.144	-0.917	0.093	-3.142	0.848	-0.128	-0.740	-1.600	-0.156	-1.586	-1.981	0.187	0.421	-3.212	-0.356	-0.815	-1.033	-0.129	0.006	-1.163	0.173	0.912	0.223	-0.883
Lysobacter_OAE881	ABIE51_RS01775	ABIE51_RS01775		RDD family protein	-0.712	-1.244	-2.041	0.345	0.496	-1.287	-1.541	-1.025	-0.825	-1.057	-1.312	-0.710	0.306	-0.592	-0.059	-1.133	-2.783	-0.020	-1.176	-1.223	-1.602	-1.766	-1.151	0.541	0.739
Lysobacter_OAE881	ABIE51_RS01785	ABIE51_RS01785		RDD family protein	0.127	-0.607	0.231	0.530	0.301	0.590	0.237	1.117	0.766	-0.383	0.194	0.442	-0.270	0.974	-0.096	0.174	0.418	0.185	0.878	-0.283	0.802	1.959	0.153	-0.116	-0.946
Lysobacter_OAE881	ABIE51_RS01790	ABIE51_RS01790		stage II sporulation protein M	0.127	-1.208	2.521	-0.340	-1.187	0.769	-0.750	1.466	0.915	-0.813	2.491	1.044	-0.887	1.216	0.044	-0.445	1.444	1.731	1.422	0.902	-1.743	0.091	2.103	0.055	-0.116
Lysobacter_OAE881	ABIE51_RS01795	ABIE51_RS01795		DUF4129 domain-containing protein	-1.049	-0.622	-0.879	0.297	-0.876	-0.232	-1.441	-1.257	-1.004	-0.990	0.803	0.570	0.486	1.401	-0.263	-0.774	0.044	-1.380	-0.968	0.183	0.180	-1.501	-0.040	0.701	-0.771
Lysobacter_OAE881	ABIE51_RS01800	ABIE51_RS01800		DUF4350 domain-containing protein	0.590	2.667	1.989	0.715	1.062	0.607	2.816	2.005	-0.184	1.283	0.631	-0.413	0.272	1.145	1.970	1.690	1.506	1.564	1.570	0.021	1.978	0.682	1.437	1.718	-0.102
Lysobacter_OAE881	ABIE51_RS01805	ABIE51_RS01805		MoxR family ATPase	0.299	0.672	0.026	0.066	0.169	0.993	0.255	1.032	2.287	0.804	-0.082	1.097	-2.132	1.331	-0.473	-0.482	1.641	-0.449	0.232	-0.017	-0.678	1.617	-0.614	-0.173	0.111
Lysobacter_OAE881	ABIE51_RS01810	ABIE51_RS01810		DUF58 domain-containing protein	0.996	0.927	0.894	0.450	-2.455	1.044	0.697	0.270	0.577	-0.332	-0.031	0.878	0.285	0.181	-0.422	-0.226	-0.336	0.128	-0.146	0.583	0.909	0.429	0.076	0.104	0.874
Lysobacter_OAE881	ABIE51_RS01815	ABIE51_RS01815		shikimate dehydrogenase	0.346	0.733	-3.775	-1.907	-2.463	-4.110	-0.075	-3.827	-3.286	0.107	-0.642	-2.652	-1.291	-1.350	-2.189	-2.704	-1.742	-2.714	-2.167	-2.443	-0.267	-1.212	-2.083	-0.744	0.122
Lysobacter_OAE881	ABIE51_RS01820	ABIE51_RS01820		PD40 domain-containing protein	-0.834	-0.476	0.045	0.460	-0.278	-1.215	-0.975	0.164	-1.149	0.152	0.541	-1.040	1.002	0.358	-0.918	-1.426	-0.966	-0.019	0.109	-0.042	-0.190	0.144	0.500	-2.055	-0.592
Lysobacter_OAE881	ABIE51_RS01825	ABIE51_RS01825		SDR family oxidoreductase	-0.678	-1.262	-0.162	-1.265	0.171	0.263	1.785	-0.244	0.576	-1.309	-0.469	0.990	-0.607	-0.464	-0.187	-0.140	0.634	-0.919	0.670	-0.811	-1.320	0.064	0.763	-1.103	-1.449
Lysobacter_OAE881	ABIE51_RS01830	ABIE51_RS01830		GNAT family N-acetyltransferase	0.264	-0.135	0.598	0.598	0.581	1.384	-1.126	0.219	0.294	0.997	0.828	0.153	0.899	-0.714	0.027	0.766	-0.779	-0.597	-0.833	0.953	0.772	0.525	0.894	1.375	0.859
Lysobacter_OAE881	ABIE51_RS01840	ABIE51_RS01840		sulfate/molybdate ABC transporter ATP-binding protein	-1.521	1.802	-0.727	0.619	-5.136	-7.455	0.799	-8.332	-5.288	1.253	-1.861	-4.573	-2.268	-0.262	0.470	-0.010	-4.931	-6.839	-5.651	-3.850	-0.192	-0.034	-7.084	0.603	0.704
Lysobacter_OAE881	ABIE51_RS01845	ABIE51_RS01845		sulfate ABC transporter permease subunit CysW	0.325	0.521	1.603	2.723	-3.570	-7.063	0.213	-4.645	-4.741	0.448	-1.424	-2.627	-0.375	1.532	1.185	0.875	-4.482	-2.894	-4.516	-4.701	-0.050	-0.189	-3.667	1.758	-0.100
Lysobacter_OAE881	ABIE51_RS01850	ABIE51_RS01850		sulfate ABC transporter permease subunit CysT	0.252	1.391	-0.472	-0.103	-5.979	-7.986	-1.112	-6.109	-4.529	0.965	-1.907	-3.835	-1.334	-0.424	-0.550	-1.308	-4.743	-5.015	-6.478	-5.504	-1.089	0.726	-4.892	3.018	0.123
Lysobacter_OAE881	ABIE51_RS01855	ABIE51_RS01855		sulfate ABC transporter substrate-binding protein	-0.144	-0.087	-0.293	0.428	-6.119	-8.304	1.287	-9.606	-5.160	-0.958	-2.215	-6.148	-1.787	-0.456	-1.025	-0.398	-4.088	-5.598	-6.955	-4.122	-2.548	0.057	-5.737	-1.030	-0.520
Lysobacter_OAE881	ABIE51_RS01860	ABIE51_RS01860		porin	0.844	0.582	-0.924	-0.470	-2.454	-0.927	-1.108	-0.678	-3.993	-0.742	-2.284	-0.185	0.385	0.209	0.130	-0.524	-2.073	-2.674	-0.092	-2.732	0.793	-1.407	-2.279	0.991	-0.075
Lysobacter_OAE881	ABIE51_RS01865	ABIE51_RS01865		PA domain-containing protein	-0.615	-0.138	0.868	-0.996	0.837	0.499	-1.185	0.249	-0.058	-0.416	1.678	-0.517	0.284	1.598	-0.411	0.410	0.712	0.203	0.874	1.039	0.068	-1.602	0.797	0.629	-1.384
Lysobacter_OAE881	ABIE51_RS01880	ABIE51_RS01880		pteridine-dependent deoxygenase	-0.352	0.312	0.762	-0.473	-3.196	-2.784	-2.455	-0.674	-0.308	-0.140	2.182	-1.135	-0.918	-1.354	-1.462	0.632	-0.276	0.530	0.570	0.850	-1.022	-1.736	-1.319	-0.126	0.252
Lysobacter_OAE881	ABIE51_RS01885	ABIE51_RS01885		NAD(P)/FAD-dependent oxidoreductase	2.156	0.802	-0.544	1.042	-0.190	1.121	0.015	-0.670	0.289	1.039	0.205	0.725	-0.125	0.928	-0.061	0.829	0.377	1.406	-0.273	-0.689	0.284	-0.034	-0.248	1.356	0.085
Lysobacter_OAE881	ABIE51_RS01890	ABIE51_RS01890		phosphopantetheine-binding protein	1.193	-0.462	-0.016	-0.864	-0.576	0.511	0.654	0.556	0.038	1.243	-0.755	0.464	-0.882	0.239	0.316	0.870	-1.400	-1.073	1.267	0.468	-0.524	0.214	-0.893	1.005	-0.834
Lysobacter_OAE881	ABIE51_RS01895	ABIE51_RS01895		ketosynthase	0.103	-1.835	-1.348	0.760	-1.472	0.379	0.763	-1.358	-0.112	-0.322	0.053	-0.176	0.148	1.570	1.055	0.003	0.075	1.596	0.336	0.293	0.104	-0.837	-0.332	-0.703	0.468
Lysobacter_OAE881	ABIE51_RS01905	ABIE51_RS01905		acyltransferase	-0.574	-0.601	-0.765	0.257	0.383	1.080	-0.615	-1.895	0.696	0.381	0.268	0.096	0.337	-0.754	0.356	0.259	-0.044	0.627	0.820	0.617	-0.063	0.364	0.400	-0.103	-1.022
Lysobacter_OAE881	ABIE51_RS01910	ABIE51_RS01910		LolA-related protein	0.265	0.154	-0.248	-0.137	-0.937	-0.917	1.094	-0.461	-2.223	-0.300	1.388	-0.205	0.220	0.519	-0.623	-0.345	0.255	-1.171	0.199	-0.237	1.691	-0.797	-1.682	-0.583	0.203
Lysobacter_OAE881	ABIE51_RS01915	ABIE51_RS01915		MMPL family transporter	0.340	2.038	0.310	-1.938	-0.167	-1.435	1.645	-2.570	-0.453	1.948	2.560	-0.060	1.874	0.666	1.642	0.807	-0.425	1.758	0.804	0.216	2.706	0.073	1.263	1.745	0.239
Lysobacter_OAE881	ABIE51_RS01920	ABIE51_RS01920		phosphotransferase	1.914	-0.307	0.694	-0.925	0.416	-0.744	-0.259	-0.123	0.065	-0.269	0.115	0.387	-1.484	0.427	1.882	-0.187	0.327	-1.164	1.854	0.042	1.485	-1.091	1.550	1.889	0.008
Lysobacter_OAE881	ABIE51_RS01925	ABIE51_RS01925		3-oxoacyl-ACP reductase FabG	0.974	-0.445	0.082	-0.422	0.312	0.449	-1.107	-0.412	0.897	1.805	2.685	-2.507	-0.617	1.224	-0.752	0.893	0.476	-0.122	-0.835	-0.344	-1.312	0.486	0.655	-0.835	0.993
Lysobacter_OAE881	ABIE51_RS01930	ABIE51_RS01930		lipoprotein	0.104	-0.807	-0.436	0.895	0.214	-0.480	-0.506	-0.085	-0.529	-0.690	-0.725	-1.148	-0.182	-1.018	-0.313	-0.492	-0.777	-0.665	-2.850	-0.781	-0.864	-1.665	-0.948	-0.288	-1.764
Lysobacter_OAE881	ABIE51_RS01935	ABIE51_RS01935		glycosyltransferase family 2 protein	-0.340	1.680	0.732	-0.557	1.493	0.079	0.283	-0.025	0.108	-0.592	0.456	0.068	-1.583	-0.316	-0.956	0.270	-1.440	-1.732	0.444	-0.358	-0.189	0.633	1.141	0.349	-1.879
Lysobacter_OAE881	ABIE51_RS01940	ABIE51_RS01940		beta-ketoacyl synthase chain length factor	-1.279	-0.877	-1.473	-1.520	0.256	-0.214	-0.012	-0.038	1.167	0.986	0.288	0.931	0.506	-0.502	1.505	-0.679	-0.244	-2.174	0.577	-0.630	0.743	-0.637	0.733	-0.571	-1.775
Lysobacter_OAE881	ABIE51_RS01945	ABIE51_RS01945		beta-ketoacyl-[acyl-carrier-protein] synthase family protein	-0.147	0.908	0.113	1.447	1.941	-0.079	0.074	-1.506	0.303	-0.049	0.217	0.489	-0.317	0.657	-0.271	-1.057	-0.311	0.770	1.824	-0.215	-0.234	0.257	2.068	0.508	-0.269
Lysobacter_OAE881	ABIE51_RS01950	ABIE51_RS01950		DUF885 domain-containing protein	-0.469	0.057	-0.699	-0.714	-0.752	-0.491	0.369	-1.479	-0.174	0.784	0.111	0.079	0.302	1.001	-0.399	0.445	1.178	0.999	0.789	-0.302	1.314	-0.412	0.083	-0.190	-1.610
Lysobacter_OAE881	ABIE51_RS01955	ABIE51_RS01955		hypothetical protein	-0.815	-0.199	1.445	-0.787	-1.130	0.552	-1.711	-0.094	0.974	0.801	-0.588	0.638	-0.450	-1.582	1.543	-0.809	-1.049	-0.616	-1.177	-0.995	0.097	-2.600	1.283	-1.242	-0.646
Lysobacter_OAE881	ABIE51_RS01960	ABIE51_RS01960		transglutaminase-like domain-containing protein	-1.129	0.059	-1.648	-0.927	-0.558	-1.192	0.608	-0.465	-1.165	1.350	-0.240	0.390	-1.301	-0.738	-0.327	-0.104	-0.369	-0.350	-1.001	-0.214	-1.297	-1.084	-0.340	-0.951	-1.135
Lysobacter_OAE881	ABIE51_RS01965	ABIE51_RS01965		DPP IV N-terminal domain-containing protein	-1.631	1.036	0.771	-0.669	-0.405	0.016	0.086	-0.438	0.013	-1.089	0.894	0.452	-0.750	0.117	0.053	0.300	0.182	0.197	-1.268	0.230	0.141	0.268	0.084	0.084	0.672
Lysobacter_OAE881	ABIE51_RS01970	ABIE51_RS01970		glutathione S-transferase N-terminal domain-containing protein	0.373	-1.224	-0.066	-0.668	-1.719	-0.830	-0.310	-1.688	-0.363	-0.426	0.337	-0.450	-0.935	0.898	0.442	-1.025	0.739	-1.834	-0.744	-0.640	2.011	-1.129	-0.926	-1.185	-2.354
Lysobacter_OAE881	ABIE51_RS01975	ABIE51_RS01975		TIGR00645 family protein	1.505	0.319	-0.702	0.412	-0.681	0.967	-0.179	0.104	0.373	0.632	-0.282	-1.276	0.034	-0.125	0.233	-0.047	0.786	-1.002	0.350	0.467	0.627	0.134	-0.635	1.425	-0.012
Lysobacter_OAE881	ABIE51_RS01980	ABIE51_RS01980		hypothetical protein	0.576	-0.340	-0.015	-0.772	-0.314	-0.493	1.130	-0.110	-0.072	1.452	1.179	-0.801	0.706	-1.019	1.031	-0.552	-0.008	-0.055	0.375	-0.550	0.204	0.174	-0.620	0.051	-0.703
Lysobacter_OAE881	ABIE51_RS01985	ABIE51_RS01985		DNA helicase II	-0.386	0.774	-1.333	0.769	0.283	-1.834	0.859	-0.637	-0.200	0.479	0.091	1.529	0.211	0.477	0.106	-0.426	1.086	0.277	0.701	-0.491	0.138	0.872	0.993	2.131	0.733
Lysobacter_OAE881	ABIE51_RS01995	ABIE51_RS01995		2OG-Fe(II) oxygenase	0.520	0.195	-1.176	0.031	-1.216	-0.808	-0.178	-0.692	-0.277	-0.782	-1.762	-0.018	-0.633	-0.158	0.213	0.407	0.104	-1.217	0.005	-0.827	-0.891	1.386	-1.112	-1.270	-0.940
Lysobacter_OAE881	ABIE51_RS02000	ABIE51_RS02000		methylated-DNA--[protein]-cysteine S-methyltransferase	-0.726	-0.943	1.222	0.156	-0.895	-1.569	-0.210	0.031	-0.902	0.318	-0.517	-0.622	-0.574	-0.665	-0.644	-0.059	-1.024	-0.571	-0.453	-0.736	-0.321	-0.266	0.904	-0.487	-0.133
Lysobacter_OAE881	ABIE51_RS02005	ABIE51_RS02005		DUF2782 domain-containing protein	0.089	-0.029	-0.809	-1.289	-1.610	-0.205	-0.041	-0.369	-0.266	0.152	-0.409	0.542	-1.820	-0.164	1.858	-0.556	-0.685	-0.491	1.561	0.581	-0.773	0.227	-0.710	-0.007	-1.425
Lysobacter_OAE881	ABIE51_RS02010	ABIE51_RS02010		DNA polymerase I	-0.631	-0.146	-1.262	0.823	0.888	-2.841	-0.969	-1.925	-1.322	-0.990	-1.600	-3.224	-1.612	-0.730	-0.359	-3.407	2.640	1.729	-2.261	-0.692	-0.953	-2.427	-1.391	-0.621	-0.465
Lysobacter_OAE881	ABIE51_RS02015	ABIE51_RS02015		YetF domain-containing protein	-1.616	-0.437	-2.982	-0.950	-0.724	0.959	-0.285	-0.577	0.301	-0.490	-2.680	-0.670	0.630	-0.247	-0.576	-2.220	1.126	0.662	0.406	-0.145	-0.218	-0.114	-0.770	0.533	1.893
Lysobacter_OAE881	ABIE51_RS02025	ABIE51_RS02025		DUF3300 domain-containing protein	-0.321	-1.255	-0.313	0.152	-0.804	-1.032	-1.065	-1.746	-0.666	-0.038	-0.369	-0.934	-1.478	-0.156	0.939	-0.412	-0.217	-0.918	0.120	-0.175	-0.268	-1.818	-1.444	-0.444	-0.528
Lysobacter_OAE881	ABIE51_RS02030	ABIE51_RS02030		DUF2950 domain-containing protein	-0.061	0.595	-0.342	0.060	0.121	-0.207	-0.240	0.381	0.543	0.298	-0.855	-0.266	0.130	1.234	-0.933	0.260	0.931	-0.943	1.912	0.664	0.435	0.344	0.499	-0.049	1.922
Lysobacter_OAE881	ABIE51_RS02035	ABIE51_RS02035		S9 family peptidase	-0.090	0.007	0.715	-1.527	0.581	0.911	-0.701	0.753	0.814	0.139	-0.517	-0.238	0.795	1.147	0.346	0.246	1.164	1.180	1.953	1.406	1.440	0.479	0.858	-0.555	-3.162
Lysobacter_OAE881	ABIE51_RS02040	ABIE51_RS02040		cytochrome ubiquinol oxidase subunit I	-0.624	-0.141	-0.379	0.670	0.345	0.201	-0.171	-0.201	0.171	-0.754	-0.430	-0.586	-0.268	0.266	0.116	0.230	0.536	-0.260	0.694	-0.638	-0.862	-0.056	-0.515	-0.128	-0.552
Lysobacter_OAE881	ABIE51_RS02045	ABIE51_RS02045		cytochrome d ubiquinol oxidase subunit II	1.029	-1.182	-0.960	-0.224	-0.737	0.723	-0.842	0.203	0.590	-0.917	-1.668	-0.017	-0.804	-1.738	0.134	-0.402	-0.626	-0.472	-1.100	-0.094	-0.859	-0.988	0.132	0.282	-0.960
Lysobacter_OAE881	ABIE51_RS02050	ABIE51_RS02050		YcgL domain-containing protein	-0.317	1.569	0.052	2.688	-2.194	0.955	1.526	-0.074	0.835	1.306	-0.242	-0.340	-0.091	0.765	-0.299	0.136	0.700	1.186	0.431	0.757	0.281	2.056	1.142	1.655	-0.443
Lysobacter_OAE881	ABIE51_RS02055	ABIE51_RS02055		ankyrin repeat domain-containing protein	-3.667	0.385	-5.053	-0.924	-2.049	-1.793	2.417	-2.721	-3.793	-0.223	-1.674	-1.814	-3.689	-2.831	-0.162	-6.465	-2.271	-0.590	-1.218	-0.535	-4.419	-0.357	-2.383	-0.816	0.176
Lysobacter_OAE881	ABIE51_RS02060	ABIE51_RS02060		monovalent cation:proton antiporter-2 (CPA2) family protein	-0.190	0.482	-1.059	0.010	-0.218	-0.685	-0.268	0.147	-2.393	0.354	-1.132	-1.133	-0.509	0.453	-0.077	-0.686	1.286	0.720	0.653	-0.083	-0.260	-2.230	1.116	0.448	-1.384
Lysobacter_OAE881	ABIE51_RS02065	ABIE51_RS02065		energy transducer TonB	-0.305	0.713	-0.005	0.175	0.873	-0.854	0.849	-0.565	-0.659	0.087	0.593	1.144	-0.801	-0.805	0.136	-0.201	-0.263	0.880	-0.694	0.446	0.799	0.254	1.190	0.256	0.071
Lysobacter_OAE881	ABIE51_RS02080	ABIE51_RS02080		ATP-dependent RNA helicase RhlB	-1.913	-0.480	-1.351	-0.426	-1.843	-0.644	0.651	-2.027	-2.132	0.683	-2.677	0.220	-2.651	0.900	-1.550	-1.723	-0.370	-2.360	-2.464	-0.594	-1.222	0.588	-2.807	1.635	0.317
Lysobacter_OAE881	ABIE51_RS02085	ABIE51_RS02085		cell division ATP-binding protein FtsE	-2.253	-0.152	-2.532	-1.474	-0.709	1.029	-0.345	0.063	-0.322	-0.296	-0.194	0.211	0.531	-0.422	-0.061	0.805	-0.632	0.114	-0.283	0.478	0.636	-0.572	-0.669	-0.264	-1.568
Lysobacter_OAE881	ABIE51_RS02090	ABIE51_RS02090		permease-like cell division protein FtsX	0.827	0.653	-0.160	0.599	-0.499	0.139	-1.240	-0.456	-0.361	0.411	0.945	0.635	-2.145	-1.384	0.323	1.256	-0.852	0.401	-0.007	0.374	-0.333	0.215	0.774	0.326	-1.131
Lysobacter_OAE881	ABIE51_RS02095	ABIE51_RS02095		response regulator	0.375	-0.106	-0.346	-1.733	0.751	1.653	1.364	0.485	0.578	0.190	0.208	2.390	1.152	0.304	0.645	0.801	1.446	0.315	0.766	-0.080	0.415	0.194	0.392	0.790	-0.374
Lysobacter_OAE881	ABIE51_RS02100	ABIE51_RS02100		uracil-DNA glycosylase	-0.531	0.671	-0.444	0.418	-0.535	-1.122	-0.067	-0.782	-0.887	-0.313	0.502	-1.025	0.010	-1.362	-0.627	0.269	-0.106	0.106	0.159	-0.080	2.205	-0.051	-0.414	0.087	-2.063
Lysobacter_OAE881	ABIE51_RS02110	ABIE51_RS02110		DUF1203 domain-containing protein	-0.253	-0.120	-1.739	0.322	-0.199	-1.692	-2.325	-0.564	-0.273	-0.784	-0.645	0.157	1.655	-0.087	0.709	-0.412	-0.936	-0.002	-0.058	-3.587	0.193	-1.315	-0.108	0.499	-2.618
Lysobacter_OAE881	ABIE51_RS02115	ABIE51_RS02115		NAD(P)/FAD-dependent oxidoreductase	-1.268	-0.425	-0.121	0.025	-0.432	-0.640	-0.826	-0.351	-0.111	-0.730	-0.652	0.201	-0.082	-0.815	-0.462	-0.369	-0.231	0.450	-1.448	-2.218	0.559	-0.997	-0.173	-0.514	-1.320
Lysobacter_OAE881	ABIE51_RS02120	ABIE51_RS02120		MFS transporter	1.395	0.472	-0.214	-1.471	0.680	0.233	0.023	0.462	0.071	-0.259	-0.059	0.697	-1.735	0.891	0.303	0.459	0.979	-0.074	0.140	-0.475	0.182	0.866	0.589	0.806	0.049
Lysobacter_OAE881	ABIE51_RS02125	ABIE51_RS02125		transaldolase	-0.300	-0.395	0.869	0.016	-0.888	-0.461	-0.568	0.257	-0.267	-0.362	-0.169	0.149	1.145	-0.387	1.275	-0.403	-0.194	-0.543	0.194	-0.580	1.031	0.028	-0.205	0.336	-0.572
Lysobacter_OAE881	ABIE51_RS02130	ABIE51_RS02130		NYN domain-containing protein	-0.782	0.865	0.069	-0.062	-1.142	0.501	0.367	-0.959	-2.549	0.677	0.076	-1.054	-1.106	-1.558	-0.596	-1.071	-1.010	-0.475	-0.263	-0.125	-0.278	-0.328	0.576	0.184	0.059
Lysobacter_OAE881	ABIE51_RS02135	ABIE51_RS02135		protein-L-isoaspartate(D-aspartate) O-methyltransferase	0.152	-0.637	-0.182	1.094	-0.415	0.773	-0.020	0.637	1.060	0.895	-0.293	-0.655	-0.507	0.653	0.853	-0.132	0.280	-0.108	0.375	0.285	-0.089	-0.605	0.651	-0.402	-1.540
Lysobacter_OAE881	ABIE51_RS02140	ABIE51_RS02140		SAM-dependent methyltransferase	-0.873	-0.229	-0.166	-1.877	-0.518	-0.863	-1.320	-1.607	-0.198	0.239	-1.038	-0.656	-0.248	0.130	-1.848	-0.142	-0.986	0.854	-0.186	-0.649	0.841	-0.653	-0.535	-0.718	-1.284
Lysobacter_OAE881	ABIE51_RS02150	ABIE51_RS02150		sigma-70 region 4 domain-containing protein	-1.337	1.183	0.769	0.822	0.470	-1.030	0.727	0.715	0.592	-0.962	-1.038	1.154	-0.306	-0.102	-0.100	0.417	-0.905	-0.836	0.162	-0.069	-0.826	0.610	-0.245	-0.742	0.677
Lysobacter_OAE881	ABIE51_RS02155	ABIE51_RS02155		DUF3106 domain-containing protein	-1.504	-0.827	0.255	0.881	-0.892	0.025	0.111	-0.309	0.677	-0.032	-1.326	0.471	-1.953	-0.057	-0.515	0.355	0.519	-1.225	0.355	1.460	-0.089	-0.928	1.251	0.257	1.053
Lysobacter_OAE881	ABIE51_RS02160	ABIE51_RS02160		hypothetical protein	-0.817	1.156	1.310	-1.615	0.983	-0.133	0.360	0.302	0.010	0.330	0.458	0.642	0.080	-0.039	-0.378	1.278	1.255	1.423	0.637	0.657	-0.677	2.266	1.044	0.314	-0.168
Lysobacter_OAE881	ABIE51_RS02165	ABIE51_RS02165		DUF3667 domain-containing protein	0.069	-1.427	-1.693	-1.028	-0.182	-0.433	-1.872	-0.178	-1.991	0.081	-1.343	-0.718	-0.196	-0.873	-0.954	-0.652	-1.874	0.210	-0.206	-0.707	0.267	1.052	0.161	-1.598	0.666
Lysobacter_OAE881	ABIE51_RS02170	ABIE51_RS02170		MATE family efflux transporter	-0.120	0.776	-1.283	-0.299	0.795	1.027	0.801	-1.524	-0.810	1.537	0.064	0.176	0.136	0.173	0.562	-1.136	0.882	-0.394	0.550	-0.814	0.196	0.358	0.002	-0.294	-0.887
Lysobacter_OAE881	ABIE51_RS02175	ABIE51_RS02175		signal peptide peptidase SppA	-1.616	0.358	-0.967	0.160	-0.569	-1.244	-0.448	-0.989	-0.343	-0.101	-5.516	-0.965	-2.470	0.603	-0.462	-1.995	-1.810	-1.181	-4.772	0.160	-0.317	1.574	-2.796	-0.100	-2.274
Lysobacter_OAE881	ABIE51_RS02190	ABIE51_RS02190		protein-L-isoaspartate(D-aspartate) O-methyltransferase	1.048	-0.178	0.522	-0.292	-0.037	1.166	0.373	-0.151	2.111	1.142	0.491	-0.665	0.096	-1.300	1.080	-0.759	-0.452	0.005	1.048	0.313	0.248	-0.658	-1.302	0.868	0.654
Lysobacter_OAE881	ABIE51_RS02195	ABIE51_RS02195		erythromycin esterase family protein	-0.104	-0.060	-0.942	-1.448	-0.963	-0.617	-1.796	-0.083	-0.888	-0.610	-1.101	0.087	-1.214	-1.149	-0.027	-0.664	0.125	0.059	0.311	-0.162	-0.096	-0.580	-0.501	1.295	-1.430
Lysobacter_OAE881	ABIE51_RS02200	ABIE51_RS02200		CocE/NonD family hydrolase	-1.120	-0.902	-0.799	0.473	-0.250	-0.253	-0.196	-0.377	-0.559	-0.979	0.872	-0.636	-0.395	-0.560	-0.075	-1.267	-0.730	-0.780	-0.453	-0.114	-0.918	-0.776	-1.345	-1.166	-0.277
Lysobacter_OAE881	ABIE51_RS02205	ABIE51_RS02205		DUF4124 domain-containing protein	0.113	0.757	1.436	-0.148	1.208	1.162	1.045	1.064	0.227	0.712	0.904	1.465	0.167	1.390	1.410	0.748	1.956	0.488	0.829	0.536	0.232	0.783	-0.464	2.110	0.848
Lysobacter_OAE881	ABIE51_RS02210	ABIE51_RS02210		DUF4124 domain-containing protein	-0.177	-0.311	0.167	-0.757	0.683	-0.485	-0.895	0.245	0.573	0.370	-0.135	0.152	0.032	-0.365	0.023	-0.391	-0.456	0.090	-0.221	-0.031	-1.606	0.964	-0.141	0.934	-1.147
Lysobacter_OAE881	ABIE51_RS02220	ABIE51_RS02220		DNA topoisomerase I	0.088	-1.681	-2.272	-1.469	-0.524	-1.235	0.421	-0.068	-0.257	-0.907	3.985	0.218	1.369	-0.126	-1.208	-1.343	-1.313	-2.634	4.188	-0.652	0.727	0.642	1.030	1.232	0.327
Lysobacter_OAE881	ABIE51_RS02225	ABIE51_RS02225		RDD family protein	-0.286	0.724	-0.276	0.457	0.203	0.377	0.832	-1.795	0.105	1.235	0.821	-0.480	-0.604	1.252	1.001	1.025	-0.953	-1.056	-1.797	-0.059	-1.253	0.642	0.596	0.683	-0.194
Lysobacter_OAE881	ABIE51_RS02230	ABIE51_RS02230		DUF494 family protein	-1.122	0.010	-1.060	0.376	-1.434	-1.806	-1.251	-0.056	-0.446	0.904	-0.991	-1.539	0.341	-0.022	0.640	0.137	-1.090	0.477	-1.343	-0.314	-0.581	0.973	-0.456	-0.157	-0.069
Lysobacter_OAE881	ABIE51_RS02235	ABIE51_RS02235		DNA-processing protein DprA	0.158	0.903	0.035	0.171	0.479	0.069	-0.635	1.878	-0.097	1.212	0.470	0.129	-0.134	-0.560	0.470	-0.324	0.309	-0.650	-0.663	0.765	-1.600	0.416	-0.709	-0.073	-0.766
Lysobacter_OAE881	ABIE51_RS02240	ABIE51_RS02240		LysM peptidoglycan-binding domain-containing protein	-0.183	0.318	-0.185	1.015	-0.077	0.631	-0.928	-0.360	-0.154	-0.120	-0.754	-0.196	0.021	-0.613	0.090	-0.346	-0.053	-0.287	-0.129	-1.101	-0.740	-0.883	-0.259	-0.504	-0.219
Lysobacter_OAE881	ABIE51_RS02245	ABIE51_RS02245		peptide deformylase	-1.056	0.552	-0.085	0.063	-2.125	-2.667	-0.117	-4.482	-1.371	-0.157	0.426	0.470	-1.433	-0.579	-0.907	0.283	-2.283	-4.576	-3.665	-1.770	-3.474	-1.644	-0.989	0.059	-3.590
Lysobacter_OAE881	ABIE51_RS02255	ABIE51_RS02255		16S rRNA (cytosine(967)-C(5))-methyltransferase RsmB	0.408	0.195	0.844	0.811	-0.707	-0.035	0.207	0.734	0.922	-0.652	-0.124	-0.676	-0.668	0.766	-0.185	-0.466	-1.249	0.608	0.762	-0.695	0.094	-1.006	-1.273	0.926	-0.655
Lysobacter_OAE881	ABIE51_RS02260	ABIE51_RS02260		glycosyltransferase family 39 protein	-0.217	1.991	0.868	0.213	1.563	1.924	0.701	1.341	0.959	2.099	4.177	-1.171	-0.042	-0.359	-0.138	0.177	2.834	3.177	-0.586	1.446	0.489	-2.859	-0.090	2.060	0.884
Lysobacter_OAE881	ABIE51_RS02265	ABIE51_RS02265		glycosyltransferase family 2 protein	-0.275	-2.432	-1.118	-2.503	-3.407	-1.938	-1.536	-1.031	-3.185	-0.590	-0.929	-2.201	-1.012	-1.529	-1.263	-1.982	-1.584	-3.345	-2.737	-2.162	-2.607	-0.786	-0.991	-0.984	-2.726
Lysobacter_OAE881	ABIE51_RS02275	ABIE51_RS02275		glycosyltransferase	1.237	-1.311	-0.137	0.405	-0.086	0.763	-0.105	-0.306	-0.312	0.067	0.923	0.956	-0.053	1.443	-0.921	0.053	-0.882	-0.707	-0.196	0.844	0.447	-0.425	-0.075	0.118	-2.248
Lysobacter_OAE881	ABIE51_RS02280	ABIE51_RS02280		CDP-glycerol glycerophosphotransferase family protein	-4.060	-5.997	-6.436	-2.199	-3.711	-7.817	-4.022	-7.110	-3.645	-1.780	-3.187	-5.143	-3.689	-3.189	-2.892	-6.675	-5.926	-4.321	-6.479	-5.245	-3.649	-3.564	-7.309	-3.462	-4.180
Lysobacter_OAE881	ABIE51_RS02285	ABIE51_RS02285		CDP-glycerol glycerophosphotransferase family protein	-0.127	0.185	0.606	1.431	1.316	1.575	-0.094	1.051	0.405	0.384	-0.289	0.638	-1.149	-0.646	0.437	0.286	0.653	-0.870	1.177	0.483	-0.935	0.376	0.405	-1.076	0.233
Lysobacter_OAE881	ABIE51_RS02290	ABIE51_RS02290		PH domain-containing protein	0.550	-0.390	0.951	1.293	0.067	0.997	0.530	0.194	1.755	0.711	0.412	0.090	-0.824	-0.620	0.336	-0.593	0.732	-0.644	1.763	0.796	-0.186	-0.057	-0.254	0.142	-0.484
Lysobacter_OAE881	ABIE51_RS02300	ABIE51_RS02300		lauroyl acyltransferase	-3.255	-2.431	-6.130	-2.371	-6.721	-8.133	-1.948	-7.542	-6.029	-3.915	-5.306	-5.883	-4.672	-4.332	-1.308	-7.782	-4.299	-6.022	-5.747	-5.641	-3.640	-3.262	-3.479	-1.978	-3.739
Lysobacter_OAE881	ABIE51_RS02305	ABIE51_RS02305		D-aminoacyl-tRNA deacylase	-1.007	-0.424	0.832	1.060	-0.147	-0.122	-1.147	-0.084	-0.292	-1.003	1.211	-0.155	-1.163	0.052	-0.062	1.347	0.885	-0.156	0.916	-0.167	-0.209	-0.957	0.742	-0.030	-0.139
Lysobacter_OAE881	ABIE51_RS02315	ABIE51_RS02315		SnoaL-like domain-containing protein	-0.737	-0.635	-2.120	0.304	-1.093	-1.263	0.339	-1.571	-0.018	-0.298	-0.695	-0.942	0.176	-2.520	-0.716	-1.605	-0.495	-1.116	-0.729	-0.629	0.907	-1.098	0.776	-0.449	-1.903
Lysobacter_OAE881	ABIE51_RS02320	ABIE51_RS02320		hypothetical protein	-0.848	0.067	-1.402	-0.739	-0.556	-1.221	-1.309	1.237	0.165	-0.159	-0.111	-0.499	0.084	0.156	-0.891	-0.137	-0.168	-0.279	0.277	-0.617	0.600	-0.412	-0.899	0.110	0.108
Lysobacter_OAE881	ABIE51_RS02325	ABIE51_RS02325		glycoside hydrolase family 47 protein	0.451	0.569	0.301	0.301	0.388	1.361	0.263	0.744	-0.492	0.535	-0.636	-0.883	-0.976	1.349	0.912	0.002	-0.269	-0.534	0.802	0.364	0.481	-0.099	1.162	0.564	0.318
Lysobacter_OAE881	ABIE51_RS02330	ABIE51_RS02330		AGE family epimerase/isomerase	0.463	-0.669	-0.961	-0.951	0.599	2.011	-1.674	0.299	-0.174	-0.136	-0.147	1.653	-1.130	-1.606	0.084	0.655	0.598	-0.367	0.066	-0.246	-1.946	0.461	-0.940	-1.096	-0.598
Lysobacter_OAE881	ABIE51_RS02335	ABIE51_RS02335		carbohydrate kinase	-1.581	-1.386	-1.288	-1.046	-1.345	-0.134	0.954	-0.131	-1.512	0.386	-0.695	-0.511	0.582	0.196	-0.847	1.121	-0.892	-0.730	-1.760	-0.641	-0.876	-1.558	-1.155	-0.207	0.139
Lysobacter_OAE881	ABIE51_RS02340	ABIE51_RS02340		LacI family DNA-binding transcriptional regulator	0.227	-0.414	0.653	0.218	-0.592	0.036	0.203	0.089	-0.404	-0.772	-1.393	1.062	-0.710	0.573	0.732	-0.217	0.123	1.043	0.630	-0.284	2.303	-2.056	0.478	0.309	0.307
Lysobacter_OAE881	ABIE51_RS02345	ABIE51_RS02345		GH92 family glycosyl hydrolase	-0.518	0.698	-0.808	-0.681	-0.177	-0.540	0.717	0.050	0.215	-0.345	0.162	-0.829	-0.050	0.817	0.132	0.441	-0.412	0.076	-0.057	0.216	-0.149	-0.665	-0.665	0.598	0.170
Lysobacter_OAE881	ABIE51_RS02355	ABIE51_RS02355		hypothetical protein	0.008	0.940	-0.176	-0.127	1.353	-0.397	-0.634	-0.630	0.288	0.631	-0.312	-0.256	-0.367	-0.356	0.932	1.230	-0.035	0.533	0.807	0.123	0.258	-1.038	0.609	-0.374	-0.334
Lysobacter_OAE881	ABIE51_RS02360	ABIE51_RS02360		hypothetical protein	-0.130	-0.049	-0.119	0.168	0.384	-0.208	-1.682	-0.793	-1.720	-0.256	-1.087	-0.617	-0.171	0.999	-0.181	-0.595	0.597	0.424	-0.381	-1.151	-0.043	-0.723	0.680	-0.088	-2.021
Lysobacter_OAE881	ABIE51_RS02365	ABIE51_RS02365		hypothetical protein	0.195	-0.201	-0.687	-1.716	0.038	1.200	0.929	-0.041	-0.951	0.020	-0.192	-0.051	-1.384	-0.288	-0.252	0.596	1.085	-0.026	1.475	-0.531	-0.294	0.493	-0.786	-0.383	0.108
Lysobacter_OAE881	ABIE51_RS02370	ABIE51_RS02370		hypothetical protein	0.496	0.066	0.483	-0.400	0.962	0.886	2.963	-0.237	-0.230	-0.004	-0.793	1.083	1.465	-1.205	-0.447	0.537	0.886	-0.651	0.346	0.361	1.200	1.545	-0.012	1.033	1.578
Lysobacter_OAE881	ABIE51_RS02375	ABIE51_RS02375		hypothetical protein	0.805	-1.779	0.158	-1.459	-0.158	-1.298	0.549	-0.386	0.345	-1.316	-0.869	-0.585	-1.332	0.234	-0.354	-2.040	-0.261	-0.359	-0.269	-0.589	-1.180	-0.294	-0.643	-0.414	1.469
Lysobacter_OAE881	ABIE51_RS02380	ABIE51_RS02380		hypothetical protein	1.047	1.044	-0.008	1.193	0.156	0.481	-0.205	0.424	0.360	-0.797	-0.766	-0.472	1.359	-0.861	1.123	1.542	0.637	0.166	-0.399	1.154	-0.662	-0.214	0.290	0.290	0.132
Lysobacter_OAE881	ABIE51_RS02385	ABIE51_RS02385		hypothetical protein	-0.650	0.198	0.571	-0.394	-0.280	1.214	-1.230	0.467	-1.438	0.262	-1.251	0.976	-0.302	0.767	0.028	0.925	-0.783	-0.502	1.190	2.574	-1.081	1.558	0.683	0.285	-0.218
Lysobacter_OAE881	ABIE51_RS02390	ABIE51_RS02390		DUF4304 domain-containing protein	-0.059	0.929	-0.987	0.108	0.095	-0.419	-1.218	0.147	-1.541	0.643	-0.055	-0.158	0.141	0.589	-0.105	1.530	0.174	-0.743	0.092	-0.443	0.330	0.228	0.087	-0.346	-0.969
Lysobacter_OAE881	ABIE51_RS02395	ABIE51_RS02395		hypothetical protein	0.037	1.255	0.298	0.475	0.315	0.642	0.279	-0.341	-0.352	-0.053	-1.297	0.072	1.948	0.978	0.231	-0.322	-0.529	0.136	0.443	0.640	-0.208	0.526	1.611	-0.424	0.382
Lysobacter_OAE881	ABIE51_RS02400	ABIE51_RS02400		hypothetical protein	2.650	-0.155	1.779	-0.283	0.571	0.764	1.045	0.365	-0.436	1.195	0.959	-0.500	1.311	-0.726	0.544	1.197	0.472	1.205	-0.683	0.807	0.904	-0.491	-0.847	0.658	0.743
Lysobacter_OAE881	ABIE51_RS02405	ABIE51_RS02405		hypothetical protein	0.136	-0.019	0.779	1.410	1.294	0.763	1.057	0.845	-0.146	0.633	0.607	0.344	2.343	0.792	1.412	0.689	0.286	1.027	-0.160	0.552	1.260	2.731	-0.164	0.610	0.923
Lysobacter_OAE881	ABIE51_RS02410	ABIE51_RS02410		DUF1254 domain-containing protein	0.837	0.943	0.414	0.355	1.499	1.016	0.468	1.339	1.602	0.457	0.838	1.576	2.540	0.215	2.464	-1.139	-0.431	0.811	-0.454	0.815	-1.702	-0.618	0.930	-0.266	0.203
Lysobacter_OAE881	ABIE51_RS02415	ABIE51_RS02415		M20/M25/M40 family metallo-hydrolase	0.501	1.135	-0.038	0.231	0.102	0.776	0.037	-0.039	0.731	0.055	0.225	0.618	0.370	-0.002	0.523	0.614	0.186	1.459	0.279	0.197	1.035	0.352	0.083	1.117	-1.392
Lysobacter_OAE881	ABIE51_RS02420	ABIE51_RS02420		hypothetical protein	1.127	0.074	-0.005	-1.125	-0.120	-0.212	-0.121	-0.745	-1.295	-1.321	-3.230	-0.748	-0.323	-0.272	-0.628	-0.458	0.126	0.395	-0.662	-0.726	0.197	2.674	0.405	-1.011	-0.494
Lysobacter_OAE881	ABIE51_RS02425	ABIE51_RS02425		VOC family protein	0.543	0.267	0.677	0.350	1.692	1.866	-1.190	1.185	1.252	1.045	-0.899	0.689	0.987	0.243	1.523	1.033	0.145	1.732	1.116	1.284	4.222	3.518	0.720	0.792	0.901
Lysobacter_OAE881	ABIE51_RS02430	ABIE51_RS02430		LysR family transcriptional regulator	-0.094	-0.662	-1.480	-1.096	-1.056	-0.618	0.147	-1.690	-1.388	-0.471	-0.893	-1.221	0.005	-0.119	-0.317	-1.091	-1.025	0.018	-1.963	-0.140	-0.590	-0.074	1.844	-0.816	-1.990
Lysobacter_OAE881	ABIE51_RS02435	ABIE51_RS02435		nuclear transport factor 2 family protein	-2.115	-2.187	-1.112	-0.516	1.296	-0.279	-0.800	-0.249	-0.596	-0.990	-2.324	-1.665	0.106	-0.163	-0.009	-0.079	-1.728	-0.478	0.829	1.302	0.347	0.128	0.443	-0.684	0.141
Lysobacter_OAE881	ABIE51_RS02440	ABIE51_RS02440		SDR family oxidoreductase	-2.235	-0.496	0.671	0.610	0.091	0.552	0.874	0.343	-0.401	0.235	-0.168	1.112	0.688	0.870	0.131	-0.352	-1.478	-1.230	0.645	0.240	-0.549	0.860	1.387	-0.028	1.869
Lysobacter_OAE881	ABIE51_RS02445	ABIE51_RS02445		alpha/beta hydrolase	-0.403	-0.064	0.396	-0.058	0.652	-1.203	0.026	-0.090	0.372	-0.919	-1.119	-0.439	-0.705	0.501	-0.686	0.448	-0.118	0.756	-1.703	1.162	-0.324	0.434	-0.125	-0.425	1.316
Lysobacter_OAE881	ABIE51_RS02450	ABIE51_RS02450		MarR family transcriptional regulator	-2.207	0.649	-2.537	-1.207	-4.906	-2.245	-1.619	-6.041	-2.270	-0.504	-3.481	-2.051	-0.322	-1.618	-1.516	-3.794	-4.117	-2.616	-2.142	-2.809	-3.587	0.527	-2.149	0.133	-0.781
Lysobacter_OAE881	ABIE51_RS02455	ABIE51_RS02455		benzoate/H(+) symporter BenE family transporter	0.021	-1.517	0.231	-0.010	-0.594	0.974	-0.641	-0.914	-0.358	0.549	0.519	-0.895	1.355	-0.273	0.777	0.021	-1.053	-0.583	-0.456	-0.431	-0.064	-0.511	-1.173	0.988	1.920
Lysobacter_OAE881	ABIE51_RS02460	ABIE51_RS02460		ATP-binding protein	-0.432	1.617	1.345	1.588	2.670	0.486	-0.135	1.276	0.515	0.080	1.142	2.833	1.353	-0.064	2.072	0.590	0.013	0.253	0.739	1.081	-0.166	0.650	-1.412	0.203	1.068
Lysobacter_OAE881	ABIE51_RS02465	ABIE51_RS02465		hypothetical protein	-0.950	-0.129	-0.607	-0.209	0.186	0.539	-0.172	-0.554	-1.027	-0.944	0.242	0.233	-0.081	-0.525	1.796	0.021	-0.597	-0.497	-0.580	-0.270	-0.891	-1.881	0.320	0.700	0.319
Lysobacter_OAE881	ABIE51_RS02470	ABIE51_RS02470		sel1 repeat family protein	0.503	0.482	0.270	0.648	-0.348	-0.834	-0.398	-1.098	0.476	-0.745	-0.369	-1.427	-0.224	-1.007	-0.922	-0.083	1.124	-0.705	-0.074	-0.340	-0.849	0.241	0.836	0.886	0.395
Lysobacter_OAE881	ABIE51_RS02480	ABIE51_RS02480		TMEM175 family protein	-1.258	0.714	-0.299	0.066	-0.124	1.116	-0.464	-0.599	-2.178	0.463	-0.496	0.479	0.071	0.109	-1.804	-1.705	-0.103	-0.439	-1.685	-0.747	1.284	0.304	-0.983	-0.564	0.316
Lysobacter_OAE881	ABIE51_RS02485	ABIE51_RS02485		glutathione-independent formaldehyde dehydrogenase	0.117	-0.898	-1.340	-0.916	-0.295	-0.817	-0.348	-0.663	0.177	-0.031	-0.609	-2.087	-0.450	0.139	0.318	-0.968	-0.354	0.655	0.760	-1.517	-1.163	-0.207	-0.930	-0.438	0.774
Lysobacter_OAE881	ABIE51_RS02490	ABIE51_RS02490		L-dopachrome tautomerase-related protein	1.365	1.029	1.963	0.605	-0.544	0.259	0.551	1.029	2.344	0.783	0.681	0.990	1.083	1.803	-0.919	0.710	0.598	1.016	-0.210	-0.034	1.894	-0.570	1.336	-0.190	-1.426
Lysobacter_OAE881	ABIE51_RS02495	ABIE51_RS02495		hypothetical protein	0.666	-1.586	0.774	0.594	0.993	0.916	0.176	0.363	0.682	-0.689	-0.704	-0.552	-0.977	1.415	-0.573	0.937	0.598	-0.004	0.179	0.764	0.246	0.942	0.277	-0.149	0.170
Lysobacter_OAE881	ABIE51_RS02500	ABIE51_RS02500		lipocalin family protein	1.539	0.328	0.178	-0.051	0.929	0.703	1.136	0.867	0.711	0.945	-0.181	-0.604	1.107	0.178	-0.631	1.187	1.113	0.801	-0.177	1.620	-0.184	0.204	1.050	1.185	1.961
Lysobacter_OAE881	ABIE51_RS02505	ABIE51_RS02505		cyclopropane-fatty-acyl-phospholipid synthase family protein	-0.086	0.939	0.540	-1.547	-0.041	-0.380	-0.274	-0.446	-1.009	-0.265	0.144	0.632	-1.115	-0.006	-0.039	-0.134	-0.672	-0.018	0.106	-0.481	1.084	-1.314	-0.432	0.354	-1.014
Lysobacter_OAE881	ABIE51_RS02510	ABIE51_RS02510		DUF1295 domain-containing protein	0.495	-1.798	1.581	0.444	1.683	0.644	0.540	0.783	-0.054	1.116	-0.365	0.227	0.395	0.040	0.503	1.349	1.416	0.517	0.176	-1.015	-1.108	0.121	1.525	0.848	0.190
Lysobacter_OAE881	ABIE51_RS02515	ABIE51_RS02515		DUF2878 domain-containing protein	-1.207	-0.265	2.254	0.790	0.701	-1.011	0.052	0.047	1.143	-0.797	-0.483	-0.880	-0.363	0.786	-0.925	-0.331	-1.683	-0.217	-0.928	-0.063	1.602	-0.439	-1.663	-1.177	-1.685
Lysobacter_OAE881	ABIE51_RS02520	ABIE51_RS02520		cyclopropane-fatty-acyl-phospholipid synthase family protein	-0.489	-0.309	0.801	-1.017	1.190	-0.714	-0.669	-1.338	-1.008	-1.302	0.285	-1.303	-0.070	-0.354	-0.371	0.553	-0.084	-1.420	-1.140	-0.023	-0.168	-1.595	-0.286	0.287	-1.384
Lysobacter_OAE881	ABIE51_RS02525	ABIE51_RS02525		DUF1365 domain-containing protein	-0.706	-1.272	-0.289	-1.240	-0.948	-0.521	-1.688	-0.325	-0.177	-2.045	-1.016	-0.423	-1.241	0.381	-1.662	-1.261	-1.584	-0.724	-0.059	-2.293	-1.532	-1.242	-0.567	-0.723	-2.777
Lysobacter_OAE881	ABIE51_RS02530	ABIE51_RS02530		FAD-dependent oxidoreductase	0.440	-0.298	1.711	0.916	0.525	1.047	0.697	0.873	1.203	-0.587	0.034	-0.557	0.640	0.939	-0.371	0.891	-0.694	0.069	-0.080	1.423	-0.364	-0.534	0.472	-1.008	0.809
Lysobacter_OAE881	ABIE51_RS02535	ABIE51_RS02535		acyl-CoA desaturase	-0.452	0.072	-0.640	0.460	-0.029	-0.561	-0.113	-0.737	-1.120	-1.310	-0.900	-0.616	-0.573	0.185	-0.478	-0.527	0.275	0.508	-0.354	0.629	1.747	-0.520	0.463	-1.706	-0.138
Lysobacter_OAE881	ABIE51_RS02540	ABIE51_RS02540		hypothetical protein	3.791	1.865	0.999	1.791	-0.145	1.516	0.180	-0.133	1.992	-0.121	0.402	1.450	0.923	1.077	-0.062	0.611	0.778	0.565	0.680	0.661	-0.031	1.162	0.362	0.014	-0.371
Lysobacter_OAE881	ABIE51_RS02545	ABIE51_RS02545		response regulator transcription factor	-0.294	0.539	0.506	-0.023	-0.135	-0.310	0.392	0.468	0.079	0.216	0.268	-0.999	0.704	-0.784	1.334	-1.816	-0.434	0.503	-0.108	1.101	0.226	0.606	0.473	-0.857	-0.491
Lysobacter_OAE881	ABIE51_RS02550	ABIE51_RS02550		MASE1 domain-containing protein	-0.458	-1.488	-0.684	-0.135	-0.775	-0.933	0.406	-1.240	-0.121	0.651	-0.251	0.208	0.022	-0.733	-0.576	-0.160	-1.170	-0.251	-1.006	-0.964	0.352	-0.437	-1.029	-0.538	0.212
Lysobacter_OAE881	ABIE51_RS02555	ABIE51_RS02555		tryptophan-rich sensory protein	0.777	0.345	-0.135	-0.068	0.091	1.034	-0.301	0.345	1.481	0.402	0.731	0.371	0.965	0.880	0.786	-0.098	0.213	-1.624	-1.191	0.789	0.972	0.382	0.308	-0.807	-1.435
Lysobacter_OAE881	ABIE51_RS02560	ABIE51_RS02560		PAS domain-containing protein	0.507	-0.135	0.788	1.234	-0.625	-0.281	-0.470	-0.903	-0.058	-1.160	-0.171	-0.060	1.581	1.307	-0.954	-0.168	-0.323	0.063	-0.827	-0.051	0.447	-1.249	-0.014	-0.229	-1.604
Lysobacter_OAE881	ABIE51_RS02565	ABIE51_RS02565		zinc-dependent alcohol dehydrogenase	-1.556	-0.130	-0.105	-1.003	-1.139	0.228	-1.243	-0.011	-1.763	-1.581	0.322	0.849	0.078	-1.702	-1.310	-0.113	0.273	0.501	0.005	-2.479	-0.505	0.677	-0.295	-0.483	0.153
Lysobacter_OAE881	ABIE51_RS02575	ABIE51_RS02575		HlyD family secretion protein	0.908	0.520	0.301	0.142	0.887	0.730	-0.617	0.640	0.139	-0.338	1.135	-0.066	0.114	1.202	1.264	0.577	-0.535	-0.302	-0.038	-0.284	-0.057	-0.615	1.580	1.784	-1.435
Lysobacter_OAE881	ABIE51_RS02580	ABIE51_RS02580		MFS transporter	0.431	0.583	0.837	-0.100	-0.732	0.121	1.106	1.952	0.821	-0.529	-0.262	1.175	-0.588	-0.331	0.998	1.570	0.393	-0.766	2.414	-1.466	0.806	0.808	-0.467	-0.320	-2.142
Lysobacter_OAE881	ABIE51_RS02585	ABIE51_RS02585		SDR family oxidoreductase	-0.550	-1.394	-0.117	-1.419	-0.946	-1.707	-0.741	-2.015	-0.205	-0.302	0.121	-0.871	-1.237	-0.816	-0.995	-0.617	-0.643	-0.439	-0.067	-1.177	-1.559	-0.341	-1.573	-0.765	-2.020
Lysobacter_OAE881	ABIE51_RS02590	ABIE51_RS02590		GlxA family transcriptional regulator	0.303	0.032	0.956	-0.541	0.688	0.980	-0.912	-0.903	-1.004	-1.109	-0.176	-1.808	0.702	0.741	0.171	0.370	-0.104	-2.695	0.398	0.063	-0.867	-0.736	0.927	0.563	1.079
Lysobacter_OAE881	ABIE51_RS02595	ABIE51_RS02595		putative DNA-binding domain-containing protein	0.685	1.799	0.702	1.401	1.350	-0.031	0.448	-0.885	0.566	-0.081	1.621	-0.597	0.770	1.883	0.950	0.574	0.078	-0.608	0.035	0.895	1.616	-0.334	-0.559	0.586	0.076
Lysobacter_OAE881	ABIE51_RS02600	ABIE51_RS02600		DUF692 domain-containing protein	0.396	-1.051	0.577	0.247	-0.512	1.484	-0.667	-0.798	-0.269	0.441	-2.089	-1.259	0.172	-1.042	0.139	-0.487	0.154	0.084	-0.470	-0.637	-0.328	1.888	-0.312	-1.890	-1.050
Lysobacter_OAE881	ABIE51_RS02605	ABIE51_RS02605		EF-hand domain-containing protein	-1.032	0.462	0.999	0.125	0.483	0.697	-1.206	-0.211	0.150	-0.316	0.579	-0.522	-0.011	-1.417	-0.142	-0.415	1.084	-0.657	0.102	-2.106	-0.511	-0.591	-0.386	1.578	-0.566
Lysobacter_OAE881	ABIE51_RS02610	ABIE51_RS02610		DoxX family protein	-0.654	-0.096	0.906	-0.454	-1.017	0.228	0.053	1.051	1.145	-0.213	0.321	0.027	-0.551	-2.899	-0.442	0.784	0.373	-1.880	-0.914	-0.716	0.187	-0.388	-0.681	-0.849	-0.630
Lysobacter_OAE881	ABIE51_RS02615	ABIE51_RS02615		alpha/beta hydrolase	0.800	-0.184	-1.250	0.096	-0.074	-0.138	-0.023	-0.669	-0.041	-0.676	-0.221	-1.569	0.108	0.454	-0.505	-0.538	1.551	-0.147	-0.679	-1.336	-0.040	-0.595	0.199	-0.784	0.377
Lysobacter_OAE881	ABIE51_RS02620	ABIE51_RS02620		hypothetical protein	0.257	-1.579	0.260	-0.924	-1.048	0.790	-0.527	0.653	-0.494	0.123	0.617	0.682	2.305	0.950	-0.581	-0.982	-0.533	-0.166	-0.456	1.016	1.789	0.317	-1.032	-2.337	-0.891
Lysobacter_OAE881	ABIE51_RS02625	ABIE51_RS02625		hypothetical protein	0.469	-1.056	-0.929	-0.453	-1.713	-0.816	-0.235	-0.492	-0.884	-0.933	0.840	-1.470	0.046	0.203	0.115	-1.747	0.321	0.750	-1.590	-0.500	0.866	-0.090	-0.172	-0.365	-1.482
Lysobacter_OAE881	ABIE51_RS02630	ABIE51_RS02630		alpha/beta hydrolase	-0.493	-0.967	1.302	-1.278	1.952	0.647	0.752	0.076	1.096	0.308	1.829	0.060	-0.893	0.999	2.140	0.753	-0.554	-0.938	0.343	0.275	1.400	-0.029	1.261	-0.037	-0.254
Lysobacter_OAE881	ABIE51_RS02635	ABIE51_RS02635		hydrolase	-0.151	0.757	0.323	-2.028	0.759	0.591	0.111	-0.678	1.112	1.165	0.799	-0.125	0.163	0.561	-0.278	-0.204	0.392	-0.155	0.357	1.250	0.381	-0.131	0.585	1.539	0.570
Lysobacter_OAE881	ABIE51_RS02640	ABIE51_RS02640		DUF1427 family protein	-0.167	-0.223	-0.877	-1.003	0.165	-0.993	-0.265	-0.895	-1.221	-0.203	-0.449	-1.036	-0.746	-0.399	-0.814	-0.053	-1.086	-0.170	-0.460	1.343	-1.932	0.707	0.071	-1.680	0.351
Lysobacter_OAE881	ABIE51_RS02645	ABIE51_RS02645		amidohydrolase	0.921	0.434	0.910	-1.143	-1.007	0.508	1.091	-0.016	0.067	0.113	0.397	0.006	0.081	0.369	-0.773	0.142	-1.355	0.613	1.198	0.361	1.671	-0.403	-0.126	1.483	-0.251
Lysobacter_OAE881	ABIE51_RS02650	ABIE51_RS02650		response regulator transcription factor	3.659	-0.338	0.618	-0.051	1.281	0.862	0.090	1.903	0.699	0.436	1.114	-0.635	-0.064	0.849	0.277	1.303	-0.289	0.175	1.167	0.079	1.458	1.918	1.933	2.341	2.693
Lysobacter_OAE881	ABIE51_RS02655	ABIE51_RS02655		hypothetical protein	-0.148	-0.631	1.131	-0.355	-0.388	-0.046	-0.626	0.139	-0.251	-0.569	-1.812	-1.148	-1.770	0.968	-0.294	0.335	-0.569	0.752	-0.216	-0.688	-0.280	-0.580	0.286	-0.219	0.202
Lysobacter_OAE881	ABIE51_RS02660	ABIE51_RS02660		sensor histidine kinase	-0.015	-0.429	0.594	-0.566	0.722	1.349	0.757	0.893	0.597	0.892	-0.967	0.186	1.031	1.665	0.640	0.133	-0.088	0.771	1.156	1.487	0.078	0.128	0.842	-0.286	0.787
Lysobacter_OAE881	ABIE51_RS02665	ABIE51_RS02665		hypothetical protein	0.143	-0.234	0.028	-1.751	0.450	0.229	0.252	0.306	0.701	0.009	0.478	-0.932	-0.269	0.679	0.259	1.135	2.165	0.715	1.214	0.419	0.228	-1.595	0.850	0.930	0.432
Lysobacter_OAE881	ABIE51_RS02670	ABIE51_RS02670		helix-turn-helix transcriptional regulator	-1.502	0.183	-0.698	-1.872	-0.530	-0.598	-1.430	-0.848	0.379	0.735	0.291	-0.145	-0.940	-1.861	-0.687	-1.715	-1.479	-0.451	-0.476	1.051	1.452	-0.179	0.155	0.548	0.942
Lysobacter_OAE881	ABIE51_RS02675	ABIE51_RS02675		LysR substrate-binding domain-containing protein	1.762	-0.036	1.502	0.180	-0.129	0.332	0.129	1.028	-1.595	-0.292	0.607	0.089	0.038	1.126	1.383	0.910	0.791	-0.552	1.790	1.120	-1.737	0.888	0.442	-0.073	-1.642
Lysobacter_OAE881	ABIE51_RS02680	ABIE51_RS02680		hypothetical protein	-0.238	-0.288	0.350	-0.136	1.145	-1.534	0.575	-0.461	-0.596	-2.071	0.600	0.596	0.066	0.633	0.663	0.051	1.096	-0.891	-0.036	-3.106	1.665	-0.108	-1.069	-1.011	0.010
Lysobacter_OAE881	ABIE51_RS02685	ABIE51_RS02685		acyltransferase family protein	0.429	1.194	0.515	0.789	-0.439	0.376	-1.067	0.588	0.405	1.145	1.603	0.821	0.115	-0.176	0.849	0.400	1.227	1.366	0.286	0.021	2.126	0.046	1.125	0.412	-1.249
Lysobacter_OAE881	ABIE51_RS02690	ABIE51_RS02690		LytTR family DNA-binding domain-containing protein	-0.973	0.340	0.498	-0.260	0.906	-0.333	-0.075	0.237	0.412	0.815	-1.083	0.727	-1.076	2.256	0.421	0.235	0.708	0.297	-0.448	1.281	0.053	0.323	0.418	0.119	-0.314
Lysobacter_OAE881	ABIE51_RS02695	ABIE51_RS02695		hypothetical protein	-0.472	-0.730	-0.099	-0.799	-0.485	-0.390	-0.181	1.028	0.404	-0.909	-1.162	-1.096	-0.147	-0.772	-0.885	0.560	0.716	0.931	0.147	0.930	-0.015	-0.533	-0.674	-0.104	0.903
Lysobacter_OAE881	ABIE51_RS02700	ABIE51_RS02700		hypothetical protein	0.971	0.938	-0.456	1.438	1.106	3.033	2.261	0.058	0.439	-0.073	-0.538	0.093	1.226	-0.086	-0.108	0.444	1.745	-0.447	-0.461	0.304	0.481	0.102	0.576	1.261	0.736
Lysobacter_OAE881	ABIE51_RS02705	ABIE51_RS02705		hypothetical protein	0.478	0.079	0.248	-1.971	0.399	0.529	0.517	-0.602	-1.423	-1.904	0.473	0.289	-1.043	0.983	-1.215	-0.443	-1.003	0.137	-0.841	-0.328	-0.952	-0.953	0.758	0.958	-1.290
Lysobacter_OAE881	ABIE51_RS02710	ABIE51_RS02710		chemotaxis protein CheB	-1.644	-0.473	-0.112	-1.720	-1.020	-0.808	-0.457	-0.789	-1.162	0.111	1.040	0.286	0.962	-0.467	-0.619	-0.766	-1.161	-1.411	-0.505	-0.282	0.548	0.051	-0.499	-1.347	-0.047
Lysobacter_OAE881	ABIE51_RS02715	ABIE51_RS02715		chemotaxis protein CheB	-0.459	-0.413	-0.035	-0.429	-0.658	-0.864	-0.953	-1.373	-0.342	-1.445	0.951	-1.146	-0.863	-1.351	-1.335	0.533	0.695	-1.568	0.086	-0.907	0.456	-0.325	0.531	0.427	-0.980
Lysobacter_OAE881	ABIE51_RS02720	ABIE51_RS02720		response regulator	-0.059	0.413	-0.582	-0.265	-0.280	-1.769	-0.276	-2.844	-2.284	-1.893	0.124	-1.075	-0.805	-0.565	0.746	-1.501	-0.885	-0.177	-0.416	0.020	1.237	-0.036	-1.429	-0.573	0.963
Lysobacter_OAE881	ABIE51_RS02725	ABIE51_RS02725		NAD(P)H-binding protein	0.666	1.256	0.378	-0.581	-0.132	-0.759	-0.082	-1.535	-0.485	1.382	1.470	0.801	-0.679	-0.090	0.811	-1.389	-0.033	-0.748	1.411	-1.705	0.144	0.108	-0.519	0.001	-3.853
Lysobacter_OAE881	ABIE51_RS02730	ABIE51_RS02730		alpha/beta fold hydrolase	0.482	0.496	0.035	0.452	-0.827	-0.413	0.108	0.049	-0.794	0.602	0.130	0.321	-1.546	0.391	-0.367	1.103	0.696	0.540	0.063	-2.224	0.404	1.169	-0.497	-0.236	1.172
Lysobacter_OAE881	ABIE51_RS02735	ABIE51_RS02735		gamma-glutamylcyclotransferase family protein	-1.011	-0.555	0.287	1.758	-0.366	0.212	-1.243	0.186	0.267	0.192	-1.473	0.348	-2.041	-0.183	1.355	0.083	0.341	0.934	-2.513	-0.292	2.058	0.619	0.206	0.465	0.759
Lysobacter_OAE881	ABIE51_RS02740	ABIE51_RS02740		YbhB/YbcL family Raf kinase inhibitor-like protein	-1.559	-0.547	-0.643	0.263	-1.629	-0.172	0.166	-0.171	-0.278	-0.274	0.447	-0.386	0.334	-0.463	0.483	-0.290	-1.283	-2.655	-0.333	-0.308	1.766	-0.029	-0.559	0.549	0.295
Lysobacter_OAE881	ABIE51_RS02745	ABIE51_RS02745		hypothetical protein	-0.811	-0.130	-0.754	-0.537	-0.535	-0.869	-1.173	-1.189	-1.890	-0.660	0.976	0.012	-1.292	-1.081	-0.917	-0.922	-1.012	-0.996	-0.900	-0.908	-0.430	-1.833	-1.175	-0.810	-1.026
Lysobacter_OAE881	ABIE51_RS02750	ABIE51_RS02750		peptide-methionine (S)-S-oxide reductase MsrA	0.544	0.906	0.927	1.086	1.039	0.107	1.249	-0.100	1.048	-1.617	3.478	1.328	-0.376	0.799	0.153	0.169	0.234	0.440	1.099	0.902	0.069	-0.420	0.223	-0.494	0.493
Lysobacter_OAE881	ABIE51_RS02755	ABIE51_RS02755		M20/M25/M40 family metallo-hydrolase	-0.735	1.281	0.531	0.534	0.208	0.150	-0.039	0.207	0.518	0.423	1.375	0.730	-0.150	1.705	1.005	0.013	0.192	0.287	0.124	-0.697	0.414	-0.346	1.158	0.125	0.059
Lysobacter_OAE881	ABIE51_RS02760	ABIE51_RS02760		M13 family metallopeptidase	0.084	0.837	0.145	0.086	0.697	-0.756	0.052	-0.325	0.497	0.276	0.846	0.298	0.533	1.017	1.359	0.487	0.171	-0.595	0.114	-0.304	1.220	0.084	0.621	-0.421	-0.411
Lysobacter_OAE881	ABIE51_RS02765	ABIE51_RS02765		hypothetical protein	-0.533	0.264	0.667	-0.844	1.479	1.041	0.945	-1.183	0.265	0.169	-0.529	-0.239	0.338	-1.037	0.151	-0.706	0.142	-0.140	1.101	-0.395	2.162	-0.257	0.288	1.307	-0.626
Lysobacter_OAE881	ABIE51_RS02770	ABIE51_RS02770		iron-containing redox enzyme family protein	-0.726	0.358	0.680	-0.644	-0.570	0.007	-0.691	-1.259	-0.674	-0.662	-0.329	-1.224	-1.160	0.211	-1.554	-1.023	0.039	-0.322	-1.066	-2.067	0.780	0.558	-1.328	-0.753	-1.289
Lysobacter_OAE881	ABIE51_RS02775	ABIE51_RS02775		VOC family protein	0.086	0.697	1.291	-0.274	-0.341	0.603	0.416	0.674	1.306	0.583	-0.651	-1.099	0.720	-0.228	1.755	0.567	-0.042	0.611	0.859	0.727	-0.321	0.554	0.771	0.671	0.468
Lysobacter_OAE881	ABIE51_RS02780	ABIE51_RS02780		aspartate aminotransferase family protein	-0.472	-0.730	0.632	0.637	-0.886	-0.072	-0.046	-1.276	0.464	-0.189	0.208	-2.628	1.401	-0.106	0.074	0.213	0.065	0.178	-0.612	-1.439	1.197	0.871	-1.623	-0.243	-0.018
Lysobacter_OAE881	ABIE51_RS02785	ABIE51_RS02785		DUF2946 family protein	-1.515	-0.725	1.253	-0.914	0.306	0.741	0.714	0.411	0.511	-0.954	0.438	-0.507	0.086	0.717	-1.158	-0.827	0.058	-0.010	-0.923	0.145	-0.358	-0.800	-0.697	0.513	-1.087
Lysobacter_OAE881	ABIE51_RS02790	ABIE51_RS02790		TonB-dependent receptor	-1.308	-0.107	1.104	-0.653	2.710	1.487	-2.362	-0.130	-0.171	-0.929	2.819	1.746	0.261	2.884	3.849	-0.465	2.547	3.611	1.635	0.032	2.645	-1.235	0.951	1.417	-2.562
Lysobacter_OAE881	ABIE51_RS02795	ABIE51_RS02795		DUF885 domain-containing protein	-0.492	-0.844	0.149	-0.370	0.345	0.086	-1.461	-0.566	0.536	-1.111	-0.118	-1.497	-1.820	-0.154	-0.291	-0.967	0.006	0.539	-0.105	0.366	0.864	-1.497	-0.854	-0.796	-0.320
Lysobacter_OAE881	ABIE51_RS02800	ABIE51_RS02800		mechanosensitive ion channel domain-containing protein	-0.452	0.163	-0.594	-0.402	1.137	0.222	-0.000	-0.172	0.055	-1.277	1.326	0.359	0.749	-0.377	-0.067	0.240	0.492	-2.589	0.522	0.115	1.074	-1.108	-1.101	-0.283	-0.939
Lysobacter_OAE881	ABIE51_RS02805	ABIE51_RS02805		potassium transporter Kup	-0.743	-0.872	-1.351	1.310	-0.905	-0.517	-0.284	-1.307	0.043	-1.468	1.092	-0.803	-1.047	0.915	-0.709	-0.680	-0.190	0.976	1.452	0.175	0.642	-1.949	-2.548	-0.202	0.022
Lysobacter_OAE881	ABIE51_RS02810	ABIE51_RS02810		hypothetical protein	0.199	-0.060	-0.565	0.214	0.610	0.893	0.222	1.778	1.064	-0.018	-0.434	0.902	1.798	1.305	-1.009	0.929	-0.400	0.094	1.607	1.633	0.649	0.506	0.496	-1.702	-2.983
Lysobacter_OAE881	ABIE51_RS02820	ABIE51_RS02820		cupin domain-containing protein	0.633	1.793	0.184	0.280	-0.812	0.744	-0.792	-1.056	-0.021	-0.249	1.514	-0.801	-1.107	-0.001	-0.118	0.344	0.218	-0.296	0.574	-0.783	1.316	0.231	-1.457	-1.562	-1.146
Lysobacter_OAE881	ABIE51_RS02825	ABIE51_RS02825		2-dehydro-3-deoxy-D-gluconate 5-dehydrogenase KduD	-1.036	-0.366	0.671	1.936	-0.285	-0.624	-1.044	2.096	0.867	-0.589	1.009	-0.743	0.018	1.920	1.022	0.470	-0.470	-0.193	-1.008	-0.519	0.419	-0.880	1.154	0.119	0.028
Lysobacter_OAE881	ABIE51_RS02830	ABIE51_RS02830		5-dehydro-4-deoxy-D-glucuronate isomerase	0.090	0.489	-0.001	-0.335	0.618	-0.122	0.696	-0.290	-0.801	1.016	-0.643	-1.875	0.869	-0.085	-0.729	-0.936	0.627	0.520	-0.286	0.953	0.301	0.116	0.792	0.360	0.952
Lysobacter_OAE881	ABIE51_RS02835	ABIE51_RS02835		LacI family DNA-binding transcriptional regulator	-0.312	0.216	0.794	-0.766	-1.769	-0.894	-0.284	0.661	-1.112	0.241	6.736	1.073	-1.656	0.132	-0.188	0.544	-0.025	0.094	2.433	-1.453	0.594	-1.847	1.407	0.253	-0.305
Lysobacter_OAE881	ABIE51_RS02840	ABIE51_RS02840		TRAP transporter large permease	1.619	1.143	1.285	1.795	-1.275	-0.382	-0.243	0.649	0.787	-0.083	1.370	-0.681	0.258	0.390	-0.523	-0.757	1.361	-0.036	1.523	1.404	1.681	0.152	1.517	1.060	-0.761
Lysobacter_OAE881	ABIE51_RS02845	ABIE51_RS02845		TRAP transporter small permease	-1.567	-0.139	0.728	0.869	0.857	-1.898	-1.080	0.735	-1.156	-0.940	0.946	0.014	-0.094	-0.592	-1.337	0.011	0.439	-0.566	-1.791	-0.650	1.333	0.266	-0.285	0.606	-2.434
Lysobacter_OAE881	ABIE51_RS02850	ABIE51_RS02850		TRAP transporter substrate-binding protein	1.660	1.810	-0.383	0.678	1.835	-0.434	0.966	0.682	-0.693	-0.423	1.284	1.446	0.785	0.068	-0.203	-0.320	0.664	-0.177	0.252	-0.325	-0.318	-0.369	-0.175	0.705	0.413
Lysobacter_OAE881	ABIE51_RS02855	ABIE51_RS02855		2-keto-4-pentenoate hydratase	-1.101	-1.436	-0.873	-0.443	-1.881	-0.160	-0.598	-1.539	-0.651	-1.938	-0.326	-0.535	-0.608	-1.223	-1.300	-0.811	0.276	-1.441	0.594	-0.467	0.483	-0.931	-1.078	-1.825	-1.068
Lysobacter_OAE881	ABIE51_RS02860	ABIE51_RS02860		hypothetical protein	-1.163	-0.178	-0.829	1.383	-0.175	-0.757	1.845	-0.011	0.436	0.460	0.484	0.076	-1.878	0.970	-0.941	0.248	1.059	0.034	-0.305	0.371	0.208	-0.594	0.839	0.334	-0.397
Lysobacter_OAE881	ABIE51_RS02865	ABIE51_RS02865		rhamnogalacturonan acetylesterase	1.146	0.634	0.363	1.031	0.470	0.482	0.916	0.323	2.993	-0.041	0.849	0.375	0.919	0.731	1.604	0.013	0.750	0.559	2.153	0.404	1.640	0.146	0.248	1.115	-1.693
Lysobacter_OAE881	ABIE51_RS02870	ABIE51_RS02870		pectinesterase family protein	1.764	-0.692	-0.978	-0.522	-0.838	0.266	-0.618	-0.072	0.238	0.438	1.313	-0.374	-0.240	-1.434	-0.623	-0.383	-0.644	0.445	-1.609	0.119	-1.294	0.283	-0.555	-0.849	0.100
Lysobacter_OAE881	ABIE51_RS02875	ABIE51_RS02875		pectate lyase	1.259	0.139	0.373	-1.855	-0.597	-1.331	-0.655	-0.795	0.219	0.066	-0.469	1.037	0.726	-0.959	0.052	0.271	-0.808	-0.726	0.525	0.641	0.391	-0.810	-0.428	0.036	-0.095
Lysobacter_OAE881	ABIE51_RS02880	ABIE51_RS02880		TonB-dependent receptor	0.531	0.009	-0.651	-1.573	1.092	1.135	0.753	1.948	0.764	1.266	0.767	1.100	-0.164	0.569	1.055	0.708	-0.236	1.679	1.936	-0.192	2.046	-0.154	1.318	1.596	-1.130
Lysobacter_OAE881	ABIE51_RS02885	ABIE51_RS02885		sugar kinase	2.667	0.783	0.342	0.681	0.672	1.185	1.131	-0.502	0.473	1.750	1.458	1.228	-0.986	1.307	0.181	-0.527	1.390	-0.496	1.071	1.163	-1.078	0.576	0.821	-0.298	-1.124
Lysobacter_OAE881	ABIE51_RS02890	ABIE51_RS02890		bifunctional 4-hydroxy-2-oxoglutarate aldolase/2-dehydro-3-deoxy-phosphogluconate aldolase	-0.635	0.982	-0.962	-1.067	0.870	-0.371	-0.856	0.528	0.242	-0.442	0.182	-0.532	0.029	-0.433	-1.203	0.339	-0.257	0.347	0.325	-0.312	0.000	-0.062	-0.423	-0.542	0.649
Lysobacter_OAE881	ABIE51_RS02905	ABIE51_RS02905		XdhC family protein	-0.326	1.304	0.599	-0.138	0.187	-0.443	-0.425	1.452	-1.088	1.753	2.023	-0.504	0.190	2.969	-1.191	-0.956	0.360	0.302	0.761	1.005	0.631	0.635	1.734	-0.554	-0.088
Lysobacter_OAE881	ABIE51_RS02910	ABIE51_RS02910		(2Fe-2S)-binding protein	-0.193	0.249	-1.093	-1.411	0.766	0.063	0.426	-0.051	0.350	0.437	0.254	0.346	0.032	-0.118	-1.619	-0.753	0.145	0.146	-0.247	-1.225	-0.748	-0.391	-0.022	0.623	-0.521
Lysobacter_OAE881	ABIE51_RS02915	ABIE51_RS02915		xanthine dehydrogenase family protein molybdopterin-binding subunit	-0.676	-1.745	-1.962	-0.464	-0.521	-1.213	-0.514	-1.158	-0.617	-0.972	0.237	-0.494	-0.638	-0.027	-0.726	-1.297	-0.452	-1.288	-1.015	-1.599	-0.186	-1.213	-0.575	-1.295	-1.447
Lysobacter_OAE881	ABIE51_RS02920	ABIE51_RS02920		hypothetical protein	-2.798	0.214	1.863	0.010	0.835	0.358	-1.924	0.117	1.125	-1.074	0.444	0.856	0.907	0.837	-0.525	-0.122	-0.086	0.506	0.912	-1.102	-1.083	-0.177	0.976	-1.386	-1.597
Lysobacter_OAE881	ABIE51_RS02925	ABIE51_RS02925		CusA/CzcA family heavy metal efflux RND transporter	-1.874	0.380	0.165	-0.391	0.049	-0.373	0.758	0.506	0.309	0.100	0.963	-0.526	0.016	0.453	0.877	-0.523	-0.168	-0.749	0.085	0.276	0.607	-0.336	0.053	-1.510	0.300
Lysobacter_OAE881	ABIE51_RS02930	ABIE51_RS02930		efflux RND transporter periplasmic adaptor subunit	-0.226	-0.084	-0.122	-0.470	-0.243	0.930	-0.366	0.396	-0.697	0.752	0.769	0.012	-1.210	0.007	0.397	-0.157	-0.266	-0.486	-0.386	0.602	0.036	-1.288	-0.910	-1.138	-0.632
Lysobacter_OAE881	ABIE51_RS02935	ABIE51_RS02935		TolC family protein	1.206	1.918	0.686	-0.604	-0.401	0.618	0.479	0.239	0.184	0.786	-0.755	-0.269	-0.619	0.589	-0.769	-0.945	-1.607	-0.164	-0.037	-1.007	0.613	-0.751	-0.677	0.579	-0.812
Lysobacter_OAE881	ABIE51_RS02945	ABIE51_RS02945		TonB family protein	-0.219	-0.890	-0.688	-0.737	0.763	0.362	-0.771	0.832	0.911	-0.737	0.430	-0.441	-1.700	0.634	-1.201	0.275	0.297	-0.715	-0.310	0.309	1.181	0.246	-0.197	0.378	-1.377
Lysobacter_OAE881	ABIE51_RS02950	ABIE51_RS02950		alpha/beta hydrolase	-0.783	-1.728	0.025	-1.395	-1.756	-0.393	-0.859	-0.295	0.072	-0.148	-0.547	-0.298	-0.058	0.377	1.203	-0.550	-0.263	-0.813	-0.675	-0.807	-0.020	-1.640	-1.224	-0.798	0.871
Lysobacter_OAE881	ABIE51_RS02955	ABIE51_RS02955		LytTR family DNA-binding domain-containing protein	-0.929	-0.127	-1.773	0.284	-1.228	-1.140	-0.644	-2.984	-0.948	1.009	-4.300	-2.083	-0.058	-0.031	-1.144	-1.321	0.516	-1.167	-0.285	-1.066	-0.333	1.317	-0.806	-0.124	-1.068
Lysobacter_OAE881	ABIE51_RS02965	ABIE51_RS02965		hypothetical protein	0.005	-0.908	-0.448	-1.623	-0.472	-1.090	0.424	-1.150	0.550	0.138	-0.649	-0.145	-0.579	-1.082	-0.682	-1.453	1.124	0.416	-0.437	0.256	-1.351	0.064	0.145	-0.552	-0.426
Lysobacter_OAE881	ABIE51_RS02970	ABIE51_RS02970		DUF481 domain-containing protein	0.228	-1.207	-1.342	-0.111	-0.873	0.260	-1.086	-0.140	-1.210	-0.962	-1.696	1.083	-0.253	-0.177	-0.192	-0.588	0.375	0.435	0.951	0.276	-2.047	-1.093	-0.843	-0.251	-0.588
Lysobacter_OAE881	ABIE51_RS02975	ABIE51_RS02975		DmsC/YnfH family molybdoenzyme membrane anchor subunit	-0.616	-2.171	-2.274	-0.944	-1.436	-2.561	-0.317	0.677	-0.533	0.069	2.031	-0.551	-0.113	-2.569	0.507	-2.197	-0.366	-2.110	2.426	-0.012	0.052	-2.691	-0.687	0.709	-1.578
Lysobacter_OAE881	ABIE51_RS02980	ABIE51_RS02980		4Fe-4S dicluster domain-containing protein	-0.169	-2.132	-1.744	-0.557	-0.935	-1.843	-0.516	0.588	0.417	0.880	1.226	0.123	0.840	-1.053	0.181	-1.575	-0.032	-0.773	1.790	-0.445	-1.166	-1.008	-0.273	-0.749	-0.369
Lysobacter_OAE881	ABIE51_RS02990	ABIE51_RS02990		molybdopterin oxidoreductase family protein	-1.575	-1.437	-1.939	-1.970	-1.018	-1.710	-0.272	1.275	0.064	2.031	3.071	-0.180	-0.982	-1.200	1.331	-0.945	0.040	-0.299	3.927	0.130	-1.010	-2.046	0.638	-0.609	-2.242
Lysobacter_OAE881	ABIE51_RS02995	ABIE51_RS02995		YafY family protein	0.340	-0.071	-2.421	-0.647	-1.342	-1.104	-1.054	-3.204	-1.403	-1.234	-2.382	-2.186	-2.697	-2.160	-1.360	-2.179	-1.757	-4.055	-2.739	-0.797	-1.566	-1.662	-2.325	-1.288	-1.233
Lysobacter_OAE881	ABIE51_RS03000	ABIE51_RS03000		hypothetical protein	-1.310	0.133	-1.014	0.558	0.219	0.030	-1.385	-0.288	0.193	0.042	-1.336	-0.333	0.140	-0.604	-0.279	-0.079	-0.221	-0.873	-0.486	-0.788	-0.784	-0.245	-0.300	-0.592	-0.317
Lysobacter_OAE881	ABIE51_RS03005	ABIE51_RS03005		prolyl oligopeptidase family serine peptidase	0.854	0.460	-0.663	0.683	-0.062	0.233	0.200	-0.251	0.052	-0.028	0.455	1.360	-0.184	0.751	0.376	-0.398	0.506	0.773	-0.360	0.690	-0.649	0.536	0.525	0.323	-0.273
Lysobacter_OAE881	ABIE51_RS03010	ABIE51_RS03010		S9 family peptidase	0.063	0.185	-1.320	0.701	0.586	-0.184	-0.287	-1.148	-0.155	-0.518	2.019	1.701	0.032	2.072	0.915	-0.738	0.037	0.066	-0.681	0.630	-0.962	-0.015	0.912	-0.023	-1.883
Lysobacter_OAE881	ABIE51_RS03015	ABIE51_RS03015		YbaN family protein	-1.285	0.691	-1.141	-1.785	-1.402	-0.515	0.070	-1.195	-1.045	1.702	-1.637	-0.954	-1.535	-1.572	-0.913	0.193	-0.648	0.467	-0.635	1.100	0.042	0.269	1.741	-0.861	0.141
Lysobacter_OAE881	ABIE51_RS03030	ABIE51_RS03030		DUF484 family protein	-0.539	-0.802	-4.660	1.309	-1.467	-2.039	1.784	-0.796	-1.390	-0.999	-0.297	-0.097	1.083	0.891	3.518	-4.541	-0.989	-2.278	0.020	-1.325	-1.307	1.283	-1.038	0.767	-0.728
Lysobacter_OAE881	ABIE51_RS03035	ABIE51_RS03035		tyrosine recombinase XerC	1.411	-0.589	-2.008	-2.224	-1.837	-3.639	1.351	-2.606	-0.421	0.631	-1.103	-0.933	0.497	-0.397	0.639	-0.927	0.287	-1.168	-0.373	0.447	0.523	0.633	2.127	-2.478	-3.148
Lysobacter_OAE881	ABIE51_RS03040	ABIE51_RS03040		ATP-dependent protease subunit HslV	1.437	0.760	-0.586	0.765	-0.490	-0.332	-0.406	0.648	-0.211	-0.184	-1.759	0.199	0.363	-0.485	0.707	-0.489	-0.953	-0.434	-0.416	-1.563	-1.951	0.195	-0.646	-2.615	1.069
Lysobacter_OAE881	ABIE51_RS03045	ABIE51_RS03045		ATP-dependent protease ATPase subunit HslU	0.294	0.618	-0.421	-0.947	0.137	-0.088	0.432	0.562	0.034	-1.413	0.650	-0.717	0.507	0.759	-1.312	-0.151	-0.778	1.273	-0.694	-1.307	-0.047	0.131	-0.160	-0.246	1.126
Lysobacter_OAE881	ABIE51_RS03050	ABIE51_RS03050		OsmC family protein	-1.759	0.049	-0.941	-0.082	0.107	-0.915	-0.531	-0.331	0.914	0.606	-0.044	0.565	0.069	0.105	-0.349	-0.292	-0.794	-0.275	0.841	-0.253	-0.919	1.322	0.966	0.493	-0.911
Lysobacter_OAE881	ABIE51_RS03055	ABIE51_RS03055		hypothetical protein	-0.164	-0.111	-1.154	0.430	-1.136	-1.231	-1.238	-1.405	-0.471	-0.940	-1.039	-1.312	-0.665	-1.077	-1.616	-0.738	-0.402	-1.748	-0.602	-0.685	-1.643	-0.354	-1.016	-0.588	-1.497
Lysobacter_OAE881	ABIE51_RS03065	ABIE51_RS03065		GNAT family N-acetyltransferase	-0.380	1.327	2.321	0.213	-0.848	0.961	0.980	0.574	1.193	0.462	3.041	3.112	-0.273	-0.434	1.136	0.633	0.865	1.071	1.049	1.319	1.519	2.500	2.034	1.454	0.840
Lysobacter_OAE881	ABIE51_RS03070	ABIE51_RS03070		NAD(+)--rifampin ADP-ribosyltransferase	0.318	0.345	0.865	0.245	-0.106	1.388	0.929	1.675	0.837	0.804	1.566	-1.425	1.285	2.647	0.264	1.253	1.182	0.925	1.216	0.176	-0.905	0.416	0.727	0.684	0.316
Lysobacter_OAE881	ABIE51_RS03075	ABIE51_RS03075		nucleoside deaminase	0.218	0.641	-0.604	-1.144	-0.222	-0.054	0.118	-0.521	-0.677	-0.386	1.483	-0.868	0.876	-0.188	1.554	-0.807	-2.047	-0.369	0.223	-0.500	-1.350	-0.032	-0.713	-0.135	-0.981
Lysobacter_OAE881	ABIE51_RS03080	ABIE51_RS03080		GNAT family N-acetyltransferase	1.652	0.760	0.173	0.848	0.052	1.333	1.240	0.423	-0.846	1.608	0.674	0.588	-1.496	-0.078	0.253	1.598	1.225	0.281	2.191	0.731	0.042	1.622	0.783	0.484	0.301
Lysobacter_OAE881	ABIE51_RS03085	ABIE51_RS03085		HlyD family secretion protein	-0.225	-0.493	0.036	-0.033	0.165	0.088	2.043	-0.282	-0.336	-0.046	-0.484	1.490	-1.134	1.888	0.595	-0.420	1.553	-1.070	1.635	-0.779	0.094	0.190	2.990	0.952	0.040
Lysobacter_OAE881	ABIE51_RS03090	ABIE51_RS03090		MFS transporter	0.044	0.452	-0.893	-0.776	-0.757	-0.633	0.111	0.221	-0.110	-0.561	1.119	0.023	-0.468	0.536	-0.131	0.376	0.520	-0.205	2.314	-0.145	-1.120	-0.456	-0.283	-0.474	0.265
Lysobacter_OAE881	ABIE51_RS03100	ABIE51_RS03100		alpha,alpha-trehalase TreA	-0.143	-0.345	-0.139	1.221	0.770	0.197	-0.104	-0.198	-0.026	1.136	-0.388	0.666	0.289	-0.358	0.784	0.111	-0.338	0.001	-0.514	0.215	-1.436	-0.993	-0.145	0.041	-0.826
Lysobacter_OAE881	ABIE51_RS03105	ABIE51_RS03105		M1 family metallopeptidase	0.802	-0.327	-2.259	0.478	-1.464	-0.905	0.640	-0.987	-1.107	-0.720	0.541	-0.391	-1.097	-0.972	-0.951	-2.867	-2.226	-2.143	-0.184	-0.184	-1.427	0.852	-0.769	0.952	0.710
Lysobacter_OAE881	ABIE51_RS03110	ABIE51_RS03110		alpha/beta hydrolase	-1.427	-1.061	-0.990	-0.154	0.118	-0.917	0.503	-0.164	0.339	0.396	-2.422	-0.874	-1.901	-0.273	-0.147	-1.302	-1.146	0.480	-0.300	0.094	-1.030	-0.780	-0.257	0.883	-0.922
Lysobacter_OAE881	ABIE51_RS03115	ABIE51_RS03115		hypothetical protein	0.909	-0.539	-0.530	1.865	-0.337	1.283	-0.598	-1.654	-0.508	-1.774	0.064	-0.082	-0.547	-0.089	0.246	0.222	0.741	0.166	-0.402	0.919	1.023	-0.555	0.759	1.193	-0.597
Lysobacter_OAE881	ABIE51_RS03120	ABIE51_RS03120		YbaK/EbsC family protein	-0.654	-0.062	-1.118	-0.907	2.073	0.373	-0.633	-1.453	-1.089	-1.018	-1.083	-0.800	0.293	-0.953	-0.316	-0.882	-0.387	0.770	-1.076	0.562	-1.868	-0.853	0.414	0.974	-1.428
Lysobacter_OAE881	ABIE51_RS03125	ABIE51_RS03125		carbohydrate kinase family protein	0.458	0.960	-2.679	-0.791	-3.004	-1.048	0.746	-2.043	-0.585	-0.693	-0.359	-3.559	-2.652	2.017	-0.381	-3.366	-0.522	-3.445	-1.150	-1.506	-0.270	-0.710	-2.963	0.471	1.769
Lysobacter_OAE881	ABIE51_RS03135	ABIE51_RS03135		rod shape-determining protein MreC	-0.119	0.096	-0.537	-0.918	0.544	-1.822	-0.149	-0.989	0.338	-0.527	-0.824	-0.569	-1.208	-0.339	1.647	-1.008	2.366	-0.766	0.815	-1.505	-0.210	0.429	-1.464	-0.589	-0.422
Lysobacter_OAE881	ABIE51_RS03155	ABIE51_RS03155		lytic murein transglycosylase B	-1.039	-0.544	-2.654	0.580	-2.222	-2.065	-1.349	-2.346	-1.490	-0.042	1.228	-3.274	-3.573	-1.231	-1.484	-1.999	-1.573	-2.160	-1.443	0.330	-3.244	-0.644	-0.864	0.383	-0.034
Lysobacter_OAE881	ABIE51_RS03160	ABIE51_RS03160		septal ring lytic transglycosylase RlpA family protein	-4.381	-1.425	-6.043	0.084	-4.677	-3.555	-1.167	-6.690	-2.824	-0.558	-0.150	-5.034	-1.605	0.373	-0.922	-5.452	-2.859	-4.370	-2.634	-1.481	-2.962	-1.135	-3.429	-0.504	-1.384
Lysobacter_OAE881	ABIE51_RS03165	ABIE51_RS03165		D-alanyl-D-alanine carboxypeptidase family protein	-1.639	1.192	-10.101	1.834	-2.379	-1.861	-1.510	-11.576	-1.903	-0.295	4.966	-5.873	-3.404	-0.020	-1.083	-9.401	-2.587	-4.302	-0.329	0.799	-4.691	0.240	0.880	0.783	1.284
Lysobacter_OAE881	ABIE51_RS03185	ABIE51_RS03185		carboxy terminal-processing peptidase	-4.943	-5.608	-6.576	-2.640	-4.081	-5.057	-0.575	-5.685	-3.667	0.163	-8.954	-7.123	-4.786	-3.208	-0.633	-6.094	-3.625	-2.904	3.043	1.190	-0.913	0.307	1.904	-2.508	-6.678
Lysobacter_OAE881	ABIE51_RS03190	ABIE51_RS03190		methylated-DNA--[protein]-cysteine S-methyltransferase	0.014	-0.069	-0.589	1.976	-0.066	0.536	0.409	0.206	0.153	0.030	0.549	-0.830	0.383	1.674	1.435	-0.246	0.485	-1.034	0.068	1.947	-0.964	1.427	0.512	0.289	0.231
Lysobacter_OAE881	ABIE51_RS03195	ABIE51_RS03195		Lrp/AsnC family transcriptional regulator	-0.179	0.076	-1.399	1.086	-0.362	0.736	-1.150	0.308	0.075	0.215	-1.496	0.123	0.348	0.426	1.129	-0.869	1.490	1.008	0.207	-0.871	-0.032	0.067	-0.695	-1.299	0.147
Lysobacter_OAE881	ABIE51_RS03200	ABIE51_RS03200		drug/metabolite exporter YedA	-0.540	0.506	-0.194	1.406	0.142	-0.790	-0.775	-0.292	-0.186	-0.718	-1.124	0.122	-0.146	-1.387	-0.548	-0.440	0.173	-1.947	0.564	0.029	-0.255	-0.284	-0.073	-0.121	0.440
Lysobacter_OAE881	ABIE51_RS03205	ABIE51_RS03205		EamA family transporter RarD	0.189	0.223	-0.999	0.398	-0.790	-0.401	0.050	-0.583	-0.710	-0.071	-1.692	-0.007	0.750	-0.540	0.699	0.039	-0.541	-0.630	0.645	-0.130	-2.609	-0.293	0.320	0.083	0.408
Lysobacter_OAE881	ABIE51_RS03210	ABIE51_RS03210		DinB family protein	-0.609	0.525	-0.508	0.061	0.866	0.970	-0.427	0.661	-0.116	0.175	0.007	0.330	-0.556	0.780	0.814	-0.140	-0.135	-1.487	0.716	-0.245	-0.556	0.200	0.987	0.334	-0.249
Lysobacter_OAE881	ABIE51_RS03215	ABIE51_RS03215		ABC transporter permease	0.193	-0.617	-0.646	1.839	0.703	-0.123	0.361	0.934	0.312	0.315	-0.011	-0.967	-0.690	1.706	-0.532	-2.028	-1.208	-1.639	0.207	0.288	-1.047	-0.249	-0.134	0.172	-0.636
Lysobacter_OAE881	ABIE51_RS03220	ABIE51_RS03220		FtsX-like permease family protein	-0.318	-0.571	-0.079	1.382	0.395	0.606	0.428	0.523	0.138	0.511	-0.600	0.439	1.301	0.486	-1.114	-0.091	-0.329	-0.353	-0.748	0.380	0.089	0.537	0.548	0.544	0.334
Lysobacter_OAE881	ABIE51_RS03225	ABIE51_RS03225		ABC transporter ATP-binding protein	0.160	1.960	0.036	-0.013	2.051	1.820	0.864	0.124	1.201	1.141	1.860	-0.326	2.069	1.374	0.602	-0.165	0.700	-0.865	0.015	1.417	-0.316	1.594	2.928	1.483	1.497
Lysobacter_OAE881	ABIE51_RS03230	ABIE51_RS03230		efflux RND transporter periplasmic adaptor subunit	-0.600	-0.148	0.431	1.693	-1.864	-0.653	1.100	-0.906	0.061	0.842	-0.217	0.409	0.093	1.116	1.495	0.545	-0.229	1.054	0.624	0.623	-0.002	1.196	-0.470	0.690	1.383
Lysobacter_OAE881	ABIE51_RS03235	ABIE51_RS03235		leucyl aminopeptidase family protein	1.018	0.253	-2.844	0.055	-1.735	-0.229	-0.865	-0.720	-0.740	-0.032	0.320	0.147	-0.698	-0.844	-0.463	-3.054	-0.697	-0.152	-0.998	-0.267	0.525	0.304	-0.282	1.269	-0.834
Lysobacter_OAE881	ABIE51_RS03240	ABIE51_RS03240		HAD-IA family hydrolase	-0.195	-0.705	0.210	-0.280	-0.623	-0.185	0.988	0.019	0.062	0.038	-1.278	0.380	-0.987	0.438	-0.540	-0.107	-0.938	-2.215	-0.121	0.003	-0.782	-0.296	-0.756	-0.153	0.320
Lysobacter_OAE881	ABIE51_RS03245	ABIE51_RS03245		AI-2E family transporter	-0.330	0.515	-0.987	-0.239	-0.147	-0.848	-0.150	-0.516	-0.579	0.574	-1.413	0.115	-0.965	-0.206	-0.820	-1.156	-0.270	-0.897	0.589	0.025	-2.094	-0.512	-0.621	-0.294	0.820
Lysobacter_OAE881	ABIE51_RS03250	ABIE51_RS03250		hypothetical protein	-1.027	-0.268	-1.553	-2.821	0.566	0.366	-0.355	-0.959	-1.329	-1.660	-0.976	0.142	-1.150	0.524	-1.952	-0.516	-1.128	0.196	-0.653	-1.351	-0.136	-0.379	-1.336	0.336	1.219
Lysobacter_OAE881	ABIE51_RS03255	ABIE51_RS03255		phage holin family protein	1.170	-0.158	-1.101	0.372	0.697	0.281	0.353	0.552	-0.410	0.046	-3.043	-0.937	-0.246	-1.066	-1.668	-2.003	-1.046	-0.695	0.259	-0.269	-0.107	-0.232	0.956	-1.558	1.279
Lysobacter_OAE881	ABIE51_RS03265	ABIE51_RS03265		trypsin-like peptidase domain-containing protein	-1.354	-1.389	-6.766	-2.717	-0.914	-1.804	-0.867	-7.199	-2.676	-1.576	1.470	-4.063	0.001	0.430	-0.714	-7.233	-2.108	-0.860	-0.439	-1.654	-0.443	-1.329	-1.082	-1.834	-2.200
Lysobacter_OAE881	ABIE51_RS03270	ABIE51_RS03270		adenosylcobalamin-dependent ribonucleoside-diphosphate reductase	-0.933	-3.486	0.694	-2.977	-6.185	-8.195	-0.199	-8.407	-6.097	-5.841	-8.337	-5.779	-8.673	-5.433	-11.400	0.738	-4.605	-4.112	-6.595	-4.687	-9.201	-5.742	-3.549	-7.435	-3.011
Lysobacter_OAE881	ABIE51_RS03275	ABIE51_RS03275		hypothetical protein	-0.499	-0.203	1.119	-1.484	1.278	-1.100	-0.262	-0.305	-0.881	-0.298	-0.649	-0.286	-0.411	-1.211	-0.964	-0.035	-0.383	0.935	-1.433	-0.676	1.752	0.067	-0.684	-0.508	-0.723
Lysobacter_OAE881	ABIE51_RS03280	ABIE51_RS03280		NrdJb	-1.116	-2.864	0.981	-0.935	-6.033	-6.639	-1.637	-7.465	-4.193	-5.009	-7.395	-4.259	-5.982	-3.729	-6.119	0.651	-3.337	-2.210	-6.594	-3.362	-4.602	-3.611	-2.919	-5.623	-1.745
Lysobacter_OAE881	ABIE51_RS03285	ABIE51_RS03285		hypothetical protein	0.169	0.577	-0.066	-0.893	-0.350	-0.519	-2.232	-0.383	-0.607	0.429	-1.329	0.270	0.517	1.387	-0.213	-0.156	1.237	-0.881	0.732	-0.278	0.914	-0.644	-0.021	-1.063	0.840
Lysobacter_OAE881	ABIE51_RS03290	ABIE51_RS03290		DUF3037 domain-containing protein	0.155	-0.165	-0.606	0.470	-0.402	-0.063	0.136	-0.829	-0.843	-0.060	-0.217	0.065	-0.078	0.186	-0.696	-0.454	-1.239	0.252	0.296	-0.502	-1.470	0.627	-0.580	0.455	-0.092
Lysobacter_OAE881	ABIE51_RS03295	ABIE51_RS03295		hypothetical protein	0.420	1.142	0.100	-0.875	-1.089	-0.779	-0.832	-0.630	-1.499	-0.718	-1.218	0.296	-0.779	-0.645	-0.698	-0.044	-0.815	-0.753	-1.522	-0.533	0.177	-1.430	-0.171	1.146	-1.118
Lysobacter_OAE881	ABIE51_RS03300	ABIE51_RS03300		hypothetical protein	0.578	1.276	-0.176	0.046	-0.560	0.159	-0.104	-0.890	0.338	-0.101	-0.772	-0.790	0.401	-1.274	-0.889	0.426	-1.567	-0.573	-0.606	-0.194	-0.380	1.165	-0.617	-1.725	-1.482
Lysobacter_OAE881	ABIE51_RS03305	ABIE51_RS03305		hypothetical protein	1.412	-0.039	-0.093	0.745	0.444	-0.135	-0.269	0.569	0.003	0.505	-0.940	1.087	0.022	0.090	0.671	-0.060	1.183	-0.357	1.251	-0.285	-0.336	0.458	0.366	-0.438	-0.253
Lysobacter_OAE881	ABIE51_RS03310	ABIE51_RS03310		hypothetical protein	0.061	0.434	-1.192	-1.772	-0.102	-0.999	0.223	0.089	0.153	1.023	-0.803	0.011	-1.586	-1.720	0.511	0.071	-2.071	-0.213	0.505	-0.417	0.778	1.675	0.779	1.033	1.462
Lysobacter_OAE881	ABIE51_RS03315	ABIE51_RS03315		DDE-type integrase/transposase/recombinase	0.416	0.069	0.305	0.498	0.560	-0.049	0.407	0.289	0.018	-0.387	-0.174	0.680	0.277	0.540	-0.141	0.321	0.380	-0.828	0.421	0.999	0.704	-0.657	0.704	0.556	-0.432
Lysobacter_OAE881	ABIE51_RS03320	ABIE51_RS03320		TniB family NTP-binding protein	0.164	0.823	1.136	-0.239	-0.818	0.121	-0.481	0.454	0.453	0.875	-0.708	-0.669	-0.124	0.751	0.560	0.701	1.081	0.057	0.170	0.557	1.188	-0.176	0.455	-0.068	-0.683
Lysobacter_OAE881	ABIE51_RS03325	ABIE51_RS03325		TniQ family protein	-0.077	0.727	-0.372	1.621	0.439	0.507	0.224	-0.151	-0.256	-0.334	-0.238	0.230	1.188	0.431	-0.258	0.162	-0.117	0.307	0.463	0.159	0.220	0.534	-0.080	0.263	-0.086
Lysobacter_OAE881	ABIE51_RS03330	ABIE51_RS03330		antitoxin Xre/MbcA/ParS toxin-binding domain-containing protein	0.786	-0.158	-0.058	1.302	1.128	0.147	-0.053	0.468	0.410	1.200	0.154	0.706	-0.795	0.433	0.319	0.583	-0.141	-0.122	-0.285	-0.332	-0.961	0.714	-0.349	-0.672	0.028
Lysobacter_OAE881	ABIE51_RS03335	ABIE51_RS03335		hypothetical protein	1.273	1.191	0.367	0.651	1.528	0.618	0.036	0.956	1.822	0.882	-0.042	0.706	-1.054	1.539	0.889	0.176	0.535	0.145	1.614	0.191	-0.120	1.502	1.224	0.486	1.612
Lysobacter_OAE881	ABIE51_RS03340	ABIE51_RS03340		AraC family transcriptional regulator	0.003	0.059	0.345	0.151	-0.476	0.193	-0.603	-0.244	-0.444	-1.012	0.165	-0.662	-1.184	0.373	1.071	0.164	0.020	0.335	0.345	-0.722	-1.197	-0.584	0.249	-1.041	0.206
Lysobacter_OAE881	ABIE51_RS03345	ABIE51_RS03345		AraC family transcriptional regulator	0.761	-1.493	0.574	1.059	0.232	0.187	-0.273	-0.329	-0.800	0.560	-0.439	0.457	0.682	-0.877	0.616	0.580	0.200	-1.079	-1.630	0.597	-2.209	0.372	0.967	0.315	-1.117
Lysobacter_OAE881	ABIE51_RS03350	ABIE51_RS03350		patatin-like phospholipase family protein	-0.294	1.536	0.174	0.027	0.415	0.462	1.532	0.917	-1.002	-0.758	0.151	-0.276	-0.434	-0.522	0.253	0.527	0.398	0.213	-0.026	-0.314	-0.051	-0.091	0.084	-0.504	-1.148
Lysobacter_OAE881	ABIE51_RS03355	ABIE51_RS03355		MBL fold metallo-hydrolase	0.465	0.126	-0.512	1.501	0.631	0.706	-0.481	0.014	0.906	1.015	-1.814	0.113	-0.457	0.253	-0.843	-0.273	-0.805	0.372	-0.121	-0.077	-0.796	0.841	-0.264	0.751	-0.283
Lysobacter_OAE881	ABIE51_RS03360	ABIE51_RS03360		alpha/beta hydrolase	0.118	0.600	0.223	-0.173	0.490	-0.165	1.567	-0.110	-0.335	0.400	0.504	-0.339	0.846	-0.305	-0.270	-0.002	-0.665	-0.084	0.635	-0.379	-1.906	0.642	-0.822	-0.066	0.694
Lysobacter_OAE881	ABIE51_RS03365	ABIE51_RS03365		4-oxalocrotonate tautomerase family protein	0.348	0.964	-0.374	0.905	0.642	0.328	0.345	-0.917	-0.417	-0.514	-1.801	-0.362	0.028	0.169	0.245	1.229	0.641	-0.120	0.099	0.834	0.909	0.405	-0.911	0.860	-0.752
Lysobacter_OAE881	ABIE51_RS03370	ABIE51_RS03370		dicarboxylate transporter/tellurite-resistance protein TehA	0.861	-0.849	-0.145	0.949	0.259	1.054	-0.188	-0.201	0.107	0.224	-0.354	-0.494	0.401	0.400	0.502	-0.248	0.725	-0.228	0.095	-0.207	-2.180	0.574	-0.294	0.110	-0.554
Lysobacter_OAE881	ABIE51_RS03375	ABIE51_RS03375		AraC family transcriptional regulator	-0.456	-0.574	0.022	0.780	0.148	-0.179	1.708	-0.777	0.562	-0.727	-0.030	0.546	-0.164	-0.505	0.555	0.028	0.043	-0.902	0.300	0.847	-1.092	0.397	1.140	-0.113	-1.034
Lysobacter_OAE881	ABIE51_RS03380	ABIE51_RS03380		nuclear transport factor 2 family protein	-1.504	-1.208	-1.505	-0.498	-1.224	-0.591	0.521	-0.640	-0.774	-0.744	-0.487	-1.645	0.661	-1.273	-1.319	-2.016	-2.015	0.850	1.832	-0.892	-0.037	0.562	-0.537	-0.903	0.108
Lysobacter_OAE881	ABIE51_RS03385	ABIE51_RS03385		Gfo/Idh/MocA family oxidoreductase	-0.006	0.854	-1.168	-1.055	-0.046	-0.669	0.913	0.771	0.229	0.169	-1.141	0.603	-0.681	0.508	0.543	-0.170	-0.651	-0.280	1.057	0.233	-0.737	-0.644	0.742	0.167	0.972
Lysobacter_OAE881	ABIE51_RS03390	ABIE51_RS03390		quinone oxidoreductase	-0.103	0.284	0.179	0.890	-1.056	-0.031	0.896	-0.816	-0.279	-0.099	-0.537	-0.690	-0.659	0.102	-0.252	0.747	-0.255	-0.369	-0.140	-0.332	-0.430	-0.421	0.126	-0.166	0.743
Lysobacter_OAE881	ABIE51_RS03395	ABIE51_RS03395		zinc-dependent alcohol dehydrogenase family protein	-0.071	-0.894	-1.238	-0.074	-1.478	-0.977	0.161	-0.089	-0.332	-0.688	-1.400	-1.698	-1.080	-0.900	-0.666	-0.460	-0.590	0.698	-0.104	-0.432	-1.391	0.890	0.851	0.150	0.086
Lysobacter_OAE881	ABIE51_RS03400	ABIE51_RS03400		DsrE family protein	-1.090	-1.283	-0.627	-0.769	0.336	0.350	-0.804	0.428	-0.802	0.200	-0.190	0.016	-0.339	-0.321	0.273	0.442	-0.505	0.450	-0.034	-0.494	-0.530	0.373	-0.286	-0.398	0.013
Lysobacter_OAE881	ABIE51_RS03405	ABIE51_RS03405		SDR family NAD(P)-dependent oxidoreductase	0.601	-0.720	-0.498	-0.947	-0.581	0.235	-0.780	0.346	-0.047	1.081	-0.648	0.917	0.275	0.343	-1.592	-0.160	0.172	-0.725	0.913	0.763	1.343	0.144	1.288	-0.210	1.447
Lysobacter_OAE881	ABIE51_RS03410	ABIE51_RS03410		PAS domain-containing protein	0.105	-0.457	0.048	-0.335	-0.609	0.063	-0.388	-1.834	-0.344	0.147	-0.736	-0.932	0.162	0.243	-0.256	0.547	-0.971	-0.837	-0.973	-0.673	-0.873	-0.091	-0.664	-0.908	0.090
Lysobacter_OAE881	ABIE51_RS03415	ABIE51_RS03415		winged helix-turn-helix domain-containing protein	-0.785	-0.299	0.632	0.254	0.922	-0.345	-0.273	0.153	-1.006	-0.189	0.082	-1.504	-0.945	0.468	0.313	-0.172	-0.548	0.467	-1.121	-1.110	-0.003	-1.123	-0.445	0.315	-0.094
Lysobacter_OAE881	ABIE51_RS03420	ABIE51_RS03420		PLP-dependent aminotransferase family protein	0.682	0.037	0.819	0.213	-0.567	0.701	-0.594	0.164	0.196	0.583	-1.601	0.019	0.322	-0.436	0.506	-0.179	0.273	0.414	0.125	-0.047	-0.033	-0.216	0.359	0.116	-0.381
Lysobacter_OAE881	ABIE51_RS03425	ABIE51_RS03425		cupin domain-containing protein	0.687	-0.019	0.197	1.042	0.520	0.629	-0.128	0.519	-0.316	0.337	-0.814	0.424	1.418	1.290	0.141	0.734	0.677	-0.811	0.768	0.227	0.188	0.392	1.034	0.294	-0.328
Lysobacter_OAE881	ABIE51_RS03430	ABIE51_RS03430		carboxymuconolactone decarboxylase family protein	0.191	0.131	0.112	0.489	-0.402	0.775	-1.320	0.800	-0.498	-0.708	-0.450	-0.730	0.167	0.413	0.432	-0.442	0.654	-1.060	0.944	-0.918	0.398	-1.371	0.459	1.278	0.519
Lysobacter_OAE881	ABIE51_RS03435	ABIE51_RS03435		HD domain-containing protein	-0.662	0.755	-0.238	-0.068	1.062	-0.325	-0.607	0.059	-0.627	-0.515	-0.047	-0.088	1.774	0.261	-0.502	-0.514	-0.362	-0.633	0.205	0.156	-0.109	-0.196	0.347	-0.036	0.014
Lysobacter_OAE881	ABIE51_RS03440	ABIE51_RS03440		SDR family oxidoreductase	0.309	0.367	0.766	0.036	-0.850	0.217	-0.456	0.291	0.092	-0.193	0.536	-0.979	-0.089	-0.231	-0.311	-0.012	1.841	0.744	1.764	-0.127	-0.679	-0.447	0.444	1.033	-1.098
Lysobacter_OAE881	ABIE51_RS03445	ABIE51_RS03445		hypothetical protein	-0.333	-0.755	-0.480	0.863	-0.739	0.333	-0.175	0.818	0.178	1.073	-0.489	-0.401	-1.045	-1.831	-0.741	0.309	-0.412	-1.023	-1.073	0.194	1.750	-0.103	0.524	-0.388	0.603
Lysobacter_OAE881	ABIE51_RS03450	ABIE51_RS03450		response regulator	0.239	0.275	0.768	-0.056	-0.042	0.003	0.028	0.201	0.072	0.202	0.356	-0.430	0.180	-0.137	0.930	0.092	0.922	0.188	0.365	0.537	0.468	0.587	0.212	-0.501	0.450
Lysobacter_OAE881	ABIE51_RS03455	ABIE51_RS03455		hypothetical protein	0.645	0.388	-0.069	1.227	-1.104	0.637	0.407	0.065	-1.144	0.528	0.583	0.932	0.937	0.489	0.075	-0.395	0.884	1.563	0.668	0.387	0.969	0.968	-0.671	-0.212	-0.791
Lysobacter_OAE881	ABIE51_RS03460	ABIE51_RS03460		response regulator	-0.602	-0.837	0.512	0.995	-1.497	-0.359	-0.413	-1.152	-0.654	-1.095	-0.309	0.715	-1.027	-0.343	0.459	-0.477	0.018	-1.447	0.370	-0.551	-0.964	0.301	-0.224	-0.598	-0.315
Lysobacter_OAE881	ABIE51_RS03465	ABIE51_RS03465		fasciclin domain-containing protein	-0.282	-0.255	1.437	0.556	0.470	0.719	-0.197	-0.413	-0.038	0.212	0.454	-0.466	0.041	0.140	-0.031	0.261	0.709	0.061	0.764	-0.434	0.601	0.767	0.983	0.744	-0.068
Lysobacter_OAE881	ABIE51_RS03470	ABIE51_RS03470		heme-binding protein	-0.552	-0.126	-0.273	0.582	-1.201	-0.634	-0.574	-0.728	-0.320	-0.560	-0.187	-0.140	-0.787	0.423	0.721	-0.885	-0.911	-0.589	0.068	-0.163	1.052	-1.586	0.371	-0.165	-0.065
Lysobacter_OAE881	ABIE51_RS03475	ABIE51_RS03475		hypothetical protein	-1.235	-0.339	1.034	1.219	-0.221	0.324	-0.276	-0.293	-0.405	-0.155	-1.111	0.122	0.476	0.727	-0.087	0.424	-0.586	0.561	-0.623	-0.122	0.401	-1.161	0.679	0.484	0.093
Lysobacter_OAE881	ABIE51_RS03480	ABIE51_RS03480		hypothetical protein	1.722	1.362	0.601	0.702	0.725	0.625	-0.740	0.839	-0.524	-0.474	1.634	-0.033	-0.392	0.602	-0.773	0.179	0.089	-1.592	-0.207	0.557	0.008	-0.982	-0.029	-1.110	-0.197
Lysobacter_OAE881	ABIE51_RS03485	ABIE51_RS03485		tyrosine-type recombinase/integrase	-0.221	0.309	2.176	0.613	0.578	-0.057	0.419	0.734	0.353	-0.002	-0.381	-0.162	0.742	0.315	1.039	0.720	1.200	0.331	2.005	0.913	-1.260	0.747	0.331	0.878	-0.199
Lysobacter_OAE881	ABIE51_RS03490	ABIE51_RS03490		hypothetical protein	-0.466	-1.275	0.380	1.750	-0.348	1.365	0.459	-0.539	-0.569	0.661	0.767	-0.932	1.727	1.767	1.394	1.009	0.617	0.859	0.028	-0.508	0.058	0.268	0.641	0.312	-0.085
Lysobacter_OAE881	ABIE51_RS03495	ABIE51_RS03495		hypothetical protein	0.213	1.177	0.582	2.863	-0.314	0.823	-1.716	1.370	1.244	0.719	0.331	-0.549	0.616	-0.243	0.144	-0.533	0.309	2.326	0.887	-0.502	0.692	0.860	1.461	-0.433	0.304
Lysobacter_OAE881	ABIE51_RS03500	ABIE51_RS03500		hypothetical protein	1.079	0.137	0.450	0.609	1.307	0.661	-0.361	-0.454	0.487	1.279	-0.553	-0.221	0.038	0.269	1.229	0.039	1.506	0.635	0.232	1.830	1.673	0.684	0.493	-0.713	0.589
Lysobacter_OAE881	ABIE51_RS03505	ABIE51_RS03505		hypothetical protein	-0.904	0.893	0.050	-0.498	0.071	0.145	0.628	-0.125	0.675	1.024	-0.119	1.171	0.628	-0.307	-0.179	0.253	1.554	0.315	1.338	-0.018	1.067	0.569	-0.729	0.893	0.614
Lysobacter_OAE881	ABIE51_RS03510	ABIE51_RS03510		SMI1/KNR4 family protein	0.673	-0.029	0.528	-0.603	0.293	0.558	0.056	0.501	-1.316	-0.463	0.035	0.443	1.215	-0.915	0.682	0.237	0.463	-0.687	1.176	0.237	0.672	1.182	1.516	0.698	-0.834
Lysobacter_OAE881	ABIE51_RS03515	ABIE51_RS03515		hypothetical protein	0.818	0.284	0.925	0.141	0.227	0.552	0.621	-0.112	1.710	0.986	2.615	0.797	0.021	-0.411	-0.148	-0.197	1.117	0.057	-0.598	1.589	0.296	0.898	3.368	1.013	0.490
Lysobacter_OAE881	ABIE51_RS03520	ABIE51_RS03520		hypothetical protein	-0.654	1.735	0.464	1.384	0.063	0.092	1.246	-0.085	-2.201	-0.534	-0.316	-0.049	0.884	0.567	1.521	0.093	-0.759	1.165	0.662	0.387	-0.073	1.227	0.769	-0.304	1.544
Lysobacter_OAE881	ABIE51_RS03525	ABIE51_RS03525		PAAR domain-containing protein	-0.325	-1.043	-0.316	1.110	0.076	0.532	-0.476	0.339	-0.751	0.050	0.209	0.709	0.080	-0.140	-0.166	0.340	1.133	-0.275	-0.691	0.193	0.502	0.129	-0.448	0.248	-0.937
Lysobacter_OAE881	ABIE51_RS03530	ABIE51_RS03530		PAAR domain-containing protein	0.222	-0.431	-0.017	-0.540	0.029	0.772	-0.034	-0.470	-0.014	0.911	0.916	-0.623	-0.240	0.903	0.250	0.207	0.915	0.404	-0.278	-0.116	-2.510	-1.247	0.846	-0.949	0.793
Lysobacter_OAE881	ABIE51_RS03535	ABIE51_RS03535		hypothetical protein	-1.382	-0.254	-0.014	-0.340	-0.064	-0.267	0.050	-1.001	-1.214	-0.154	0.020	0.215	0.059	0.096	-1.196	0.503	-0.849	-1.256	0.675	0.301	-1.126	-0.551	-0.120	-0.620	-0.293
Lysobacter_OAE881	ABIE51_RS03540	ABIE51_RS03540		hypothetical protein	0.403	1.412	1.597	0.023	-0.132	-0.328	0.658	0.905	1.352	-0.918	0.687	1.336	-1.782	-0.300	0.827	1.553	-1.325	1.200	1.273	0.270	3.066	0.528	0.715	-0.767	0.843
Lysobacter_OAE881	ABIE51_RS03545	ABIE51_RS03545		hypothetical protein	-0.026	-0.109	0.360	0.553	1.303	0.131	-0.316	0.149	0.359	1.100	-0.284	-0.084	-0.694	-0.808	0.764	-0.583	1.586	-0.068	1.693	0.146	1.071	-0.019	1.381	0.719	0.406
Lysobacter_OAE881	ABIE51_RS03550	ABIE51_RS03550		HIT family protein	-1.048	-0.375	0.716	-0.418	-0.279	-1.221	-0.052	0.345	0.382	-1.445	-0.390	-1.510	0.776	-0.696	-0.638	-0.446	0.311	-0.497	-0.064	-0.716	-0.713	-1.276	-0.426	-0.711	-2.040
Lysobacter_OAE881	ABIE51_RS03555	ABIE51_RS03555		Xaa-Pro peptidase family protein	0.035	0.258	-2.438	-0.445	-0.250	-1.386	0.575	-1.878	-0.673	-0.901	-0.760	-1.132	-2.553	0.262	-0.515	-0.299	-0.344	0.203	-0.671	-2.897	-1.809	0.255	-0.630	-0.586	-0.132
Lysobacter_OAE881	ABIE51_RS03560	ABIE51_RS03560		hypothetical protein	0.596	1.091	-0.631	0.005	-0.443	0.413	0.624	-1.200	0.738	1.056	-0.806	-0.320	-2.494	-1.222	-0.432	0.418	0.141	-0.495	-0.280	-0.308	-0.185	0.828	0.966	-0.832	-0.241
Lysobacter_OAE881	ABIE51_RS03565	ABIE51_RS03565		lipocalin-like domain-containing protein	-0.558	-0.414	0.675	-0.504	0.302	-0.429	-0.168	0.225	0.232	0.918	0.255	0.554	1.142	-2.276	-1.340	-0.777	-0.834	-1.313	-0.666	-1.235	-0.784	0.753	0.018	-0.140	0.570
Lysobacter_OAE881	ABIE51_RS03575	ABIE51_RS03575		hypothetical protein	-0.501	0.081	2.252	-0.668	0.038	-1.650	0.785	2.484	0.835	-0.878	0.256	0.460	0.416	0.655	0.418	-0.074	0.413	0.680	0.571	-0.380	0.150	1.276	0.608	-0.639	0.047
Lysobacter_OAE881	ABIE51_RS03580	ABIE51_RS03580		YnfA family protein	-1.879	-0.383	1.365	-1.348	0.142	-0.178	-0.985	-0.914	-0.097	-1.001	-0.140	1.381	0.486	-0.085	0.004	0.548	-0.360	-0.691	0.499	-0.617	-0.030	0.197	-1.382	0.136	0.608
Lysobacter_OAE881	ABIE51_RS03595	ABIE51_RS03595		cupin domain-containing protein	0.791	0.927	1.559	1.309	0.990	0.502	0.967	2.366	1.083	1.453	1.876	1.712	0.694	0.742	0.276	2.290	1.030	0.866	2.036	0.243	0.221	0.870	0.467	1.190	-0.056
Lysobacter_OAE881	ABIE51_RS03600	ABIE51_RS03600		M23 family metallopeptidase	0.460	0.302	0.622	-0.966	-0.279	0.748	-0.844	0.713	-0.294	0.531	1.390	0.333	-1.370	1.645	1.001	1.019	0.668	0.560	0.489	0.641	0.358	-2.092	0.847	0.577	-0.559
Lysobacter_OAE881	ABIE51_RS03610	ABIE51_RS03610		xylulokinase	-0.216	-0.201	0.468	0.988	0.327	-0.073	-1.034	1.398	-0.513	0.758	1.930	-0.508	-0.025	-0.385	-0.393	-0.466	-0.363	-0.021	0.033	-0.448	1.353	-0.111	-0.044	-1.368	-0.119
Lysobacter_OAE881	ABIE51_RS03615	ABIE51_RS03615		xylose isomerase	-0.551	0.088	0.423	0.034	1.613	-0.304	0.994	1.361	-1.431	-0.202	4.052	-0.959	0.466	0.795	0.803	0.294	-1.211	-0.354	2.613	0.855	0.022	0.708	1.434	-0.290	-1.117
Lysobacter_OAE881	ABIE51_RS03620	ABIE51_RS03620		hypothetical protein	1.377	0.392	0.802	-0.164	-0.196	-0.107	1.246	0.772	-0.108	0.478	0.813	1.159	1.474	-0.024	0.490	0.294	0.241	-0.119	1.974	1.857	0.593	0.812	0.656	0.389	1.031
Lysobacter_OAE881	ABIE51_RS03625	ABIE51_RS03625		sugar porter family MFS transporter	0.102	0.911	0.700	0.662	-1.383	0.377	0.550	-0.932	-0.534	-0.128	-0.832	-0.248	-0.414	-0.467	-0.653	-0.429	-0.810	0.296	-1.708	-1.012	-0.103	0.728	-0.330	0.289	0.731
Lysobacter_OAE881	ABIE51_RS03630	ABIE51_RS03630		LacI family DNA-binding transcriptional regulator	-0.665	-0.828	-2.264	-1.308	-2.215	-2.703	0.249	-2.486	-2.608	-1.663	14.257	-2.960	1.263	-1.039	-0.438	-3.494	0.266	0.079	3.449	-1.388	-0.310	-1.302	-0.956	0.091	-0.329
Lysobacter_OAE881	ABIE51_RS03635	ABIE51_RS03635		alpha-glucuronidase family glycosyl hydrolase	-0.602	-0.374	-0.710	-0.083	0.221	-0.286	-1.064	-1.293	0.575	0.160	0.618	-0.147	0.475	-0.881	0.029	0.117	-0.197	-0.805	2.710	-1.711	0.560	-0.110	-0.014	0.602	0.141
Lysobacter_OAE881	ABIE51_RS03640	ABIE51_RS03640		sialate O-acetylesterase	-0.197	-0.713	-0.599	-2.233	0.806	-1.742	-1.515	-0.325	-0.650	0.165	-0.771	-1.504	-0.720	0.100	-0.149	0.167	-0.284	-1.478	-0.991	0.564	-0.558	-0.492	-1.238	-0.990	-1.167
Lysobacter_OAE881	ABIE51_RS03645	ABIE51_RS03645		D-mannonate dehydratase ManD	-1.017	0.383	0.435	0.772	0.083	0.441	0.035	-0.296	-0.206	-0.450	0.132	0.239	-1.065	1.025	0.139	0.362	-0.259	-1.476	-0.180	-0.020	-0.443	-1.108	0.042	-0.559	1.190
Lysobacter_OAE881	ABIE51_RS03650	ABIE51_RS03650		glycoside hydrolase family 43 protein	-0.260	-0.621	-0.219	-0.967	-2.047	-0.948	0.019	-0.158	-0.082	-0.778	0.698	-0.714	-0.566	-1.006	0.630	0.199	-1.025	-1.655	0.126	-1.280	-0.746	-0.722	0.682	-0.826	-1.291
Lysobacter_OAE881	ABIE51_RS03655	ABIE51_RS03655		glycoside hydrolase family 3 C-terminal domain-containing protein	-1.339	0.299	-0.039	-0.269	0.465	-0.877	1.042	-0.533	-1.104	-1.173	-1.103	-0.157	-0.749	-2.076	0.106	-0.923	-0.947	0.109	-0.306	-0.488	0.396	0.706	-0.242	0.435	-0.299
Lysobacter_OAE881	ABIE51_RS03660	ABIE51_RS03660		mannitol dehydrogenase family protein	0.132	-0.727	1.268	-0.166	0.436	-0.444	0.423	-0.370	0.167	1.056	0.507	3.216	1.873	-0.309	-0.038	-0.985	0.317	-0.023	0.678	-0.912	-0.124	1.417	-2.927	0.179	-0.347
Lysobacter_OAE881	ABIE51_RS03665	ABIE51_RS03665		SMP-30/gluconolactonase/LRE family protein	-2.290	0.402	0.370	-0.424	-0.310	-0.353	-0.505	0.110	-0.347	-0.797	0.963	1.127	-0.167	-1.122	0.020	0.482	-1.040	0.252	-0.044	-0.313	0.682	-0.879	0.158	0.262	-0.578
Lysobacter_OAE881	ABIE51_RS03670	ABIE51_RS03670		endo-1,4-beta-xylanase	-0.332	0.697	0.363	-0.282	0.033	-0.319	-1.408	-0.601	0.572	0.666	0.799	0.590	0.982	0.294	-0.172	1.337	1.391	-0.493	-0.408	0.277	1.432	0.784	-0.091	-0.271	-0.835
Lysobacter_OAE881	ABIE51_RS03675	ABIE51_RS03675		beta-galactosidase GalB	-1.223	-1.310	0.170	-0.666	-0.129	0.095	1.156	-0.783	-0.620	-0.287	-1.751	-0.377	-0.707	-1.469	-0.144	0.221	-0.328	-1.927	-0.145	0.368	-1.277	0.441	-0.587	0.776	-0.577
Lysobacter_OAE881	ABIE51_RS03680	ABIE51_RS03680		glucuronate isomerase	0.716	0.850	1.127	1.943	1.551	1.646	1.421	1.377	1.343	0.287	-0.990	-0.682	-0.176	0.895	0.700	-0.132	0.387	0.872	1.222	0.331	-0.544	0.900	1.041	0.355	1.883
Lysobacter_OAE881	ABIE51_RS03685	ABIE51_RS03685		glycosyl hydrolase 115 family protein	-1.062	0.134	-0.455	-0.662	-0.178	-0.882	-0.492	-0.577	-1.578	-1.147	-0.859	-0.061	-1.400	-1.203	-0.385	-0.359	0.681	-0.088	0.684	-1.099	-0.397	-0.318	-0.628	0.752	-0.749
Lysobacter_OAE881	ABIE51_RS03690	ABIE51_RS03690		endo-1,4-beta-xylanase	0.688	0.469	0.692	-1.382	-1.263	-0.826	-1.695	-0.859	-0.324	-0.570	0.952	0.903	-0.781	-2.552	0.970	-0.276	-0.868	-2.371	-0.265	-0.339	-0.284	-1.424	-0.297	0.341	-0.787
Lysobacter_OAE881	ABIE51_RS03695	ABIE51_RS03695		MFS transporter	-1.512	0.011	-0.323	0.688	0.208	0.089	0.221	0.362	-0.546	0.047	-0.946	0.365	-0.667	0.006	0.281	0.330	-0.541	0.261	-0.303	-1.161	-0.174	0.043	-0.908	0.893	0.760
Lysobacter_OAE881	ABIE51_RS03700	ABIE51_RS03700		TonB-dependent receptor	0.884	0.139	0.166	0.265	-0.270	0.916	0.156	0.814	0.698	0.881	-0.916	0.671	-0.394	-1.032	-0.222	0.463	-0.570	-0.197	0.826	-0.095	0.565	-0.460	0.663	-0.704	-0.865
Lysobacter_OAE881	ABIE51_RS03705	ABIE51_RS03705		MFS transporter	-0.210	0.625	-0.290	-0.552	-1.642	0.370	1.319	0.542	0.031	-0.428	1.209	-0.611	0.178	0.465	0.245	-1.228	-0.254	-0.545	-0.370	-0.338	0.760	1.610	0.120	0.396	-0.964
Lysobacter_OAE881	ABIE51_RS03710	ABIE51_RS03710		glycoside hydrolase family 43 protein	-0.689	0.234	-0.363	0.744	-0.477	-0.234	0.198	-0.263	-0.981	0.055	0.760	-2.110	-0.238	0.473	-0.034	-0.453	0.503	0.199	1.117	-0.143	0.023	0.074	-0.961	0.160	-2.083
Lysobacter_OAE881	ABIE51_RS03715	ABIE51_RS03715		aldose epimerase	1.374	-1.663	0.368	0.270	-0.270	-0.552	0.258	-0.128	0.193	0.351	0.164	0.787	1.922	0.763	-1.103	-1.782	-0.384	0.012	-1.381	-1.172	-0.410	-1.100	1.590	-0.238	-0.243
Lysobacter_OAE881	ABIE51_RS03720	ABIE51_RS03720		flagellar motor stator protein MotA	1.115	1.280	-0.199	-0.573	-0.217	-0.308	0.015	-0.198	-0.457	-1.987	0.502	-0.115	-0.561	-0.005	-0.355	-0.833	0.454	-0.190	0.246	0.173	0.527	-0.616	0.390	-1.625	1.105
Lysobacter_OAE881	ABIE51_RS03725	ABIE51_RS03725		flagellar motor protein MotB	0.464	0.048	0.909	-0.966	-0.115	-2.267	0.571	-1.494	-0.605	-0.178	0.708	2.099	0.929	1.084	-0.335	0.305	0.916	-1.456	-0.547	-0.870	-0.051	-0.922	-0.610	-0.305	-0.938
Lysobacter_OAE881	ABIE51_RS03730	ABIE51_RS03730		hypothetical protein	1.224	0.731	0.186	1.576	1.008	0.093	1.182	1.460	1.087	1.864	1.147	1.268	-0.230	0.165	2.107	1.532	-0.163	-0.806	1.636	0.320	0.817	0.639	-0.765	0.099	-0.531
Lysobacter_OAE881	ABIE51_RS03740	ABIE51_RS03740		response regulator transcription factor	1.109	0.007	-0.597	-0.282	-0.653	-1.876	0.263	-2.313	-0.603	-0.182	0.562	-0.619	0.463	0.077	-0.031	-1.032	-0.847	-2.754	0.275	1.490	-0.364	0.322	0.018	-0.424	-0.853
Lysobacter_OAE881	ABIE51_RS03745	ABIE51_RS03745		VOC family protein	-1.609	-1.515	-1.237	0.491	-1.565	-1.199	0.250	1.103	1.066	1.436	0.542	-0.960	-1.155	-2.277	-0.485	-1.749	0.209	0.018	-0.369	0.886	0.506	2.415	0.677	-1.538	2.078
Lysobacter_OAE881	ABIE51_RS03750	ABIE51_RS03750		ligase-associated DNA damage response exonuclease	-0.369	0.291	-0.658	-0.855	-0.040	0.214	1.465	0.644	1.712	1.401	0.856	0.338	0.239	1.273	-0.306	0.214	2.395	1.662	-0.163	2.006	0.292	-0.474	0.757	1.310	-2.067
Lysobacter_OAE881	ABIE51_RS03755	ABIE51_RS03755		ATP-dependent DNA ligase	-1.562	1.134	-0.270	-0.302	0.375	-0.993	-2.484	-0.294	-0.119	-0.751	-0.908	-0.616	-0.176	1.198	-0.274	0.367	0.075	-0.272	-0.189	0.367	-1.221	-0.846	0.333	-0.171	0.907
Lysobacter_OAE881	ABIE51_RS03760	ABIE51_RS03760		hypothetical protein	0.175	-0.739	-0.583	0.254	0.390	1.409	0.188	-0.687	0.903	1.313	2.120	-0.033	0.776	-0.670	0.574	0.094	0.023	0.588	0.542	-0.354	1.221	0.149	-1.401	0.749	-0.453
Lysobacter_OAE881	ABIE51_RS03765	ABIE51_RS03765		lipocalin family protein	-0.287	-0.131	1.269	-2.782	-0.485	-0.797	0.002	0.161	0.639	0.361	-1.558	0.430	-0.952	0.412	0.859	1.336	-1.983	-0.882	-0.191	0.219	-0.154	0.512	0.746	-0.438	0.675
Lysobacter_OAE881	ABIE51_RS03775	ABIE51_RS03775		hypothetical protein	1.099	0.921	0.643	0.777	0.788	0.783	-0.007	0.866	0.209	0.124	1.615	-0.671	-0.893	0.752	1.291	-0.076	0.435	-0.373	0.431	0.345	0.220	0.867	0.447	-0.599	0.211
Lysobacter_OAE881	ABIE51_RS03780	ABIE51_RS03780		phosphogluconate dehydrogenase (NAD(+)-dependent, decarboxylating)	0.434	0.514	-1.102	0.157	0.412	0.429	0.655	-0.242	0.308	-1.104	-0.639	-0.161	-1.593	0.273	-0.893	0.068	-0.963	-1.702	-0.539	-2.886	-0.317	-1.079	0.517	0.284	-0.635
Lysobacter_OAE881	ABIE51_RS03785	ABIE51_RS03785		N-acetylmuramoyl-L-alanine amidase	-0.573	-0.841	-0.660	0.897	-0.970	-0.201	0.617	-0.094	0.891	-0.995	-0.372	-0.013	0.296	-1.131	-1.443	-0.413	-1.556	-0.229	-0.895	0.307	0.152	-0.489	0.288	-0.053	0.597
Lysobacter_OAE881	ABIE51_RS03790	ABIE51_RS03790		APC family permease	-0.976	-0.635	-1.489	-0.367	0.181	-1.636	-0.389	-1.242	-1.000	-0.848	0.332	-0.711	-1.035	-0.329	-0.444	-0.240	-1.240	-0.085	-0.216	-0.079	-0.800	-1.721	0.481	-0.674	-0.229
Lysobacter_OAE881	ABIE51_RS03795	ABIE51_RS03795		porin	-0.716	-1.358	-0.741	-0.323	0.644	0.058	-1.453	-0.201	-1.172	-0.454	-0.571	-0.669	-0.829	-1.005	-0.363	-0.806	-0.539	0.041	-1.190	-0.367	0.232	-0.024	-0.490	-0.932	0.415
Lysobacter_OAE881	ABIE51_RS03800	ABIE51_RS03800		hypothetical protein	-0.920	-0.732	0.649	0.844	-0.016	-0.633	-1.820	-0.219	-0.691	2.019	-1.757	-0.651	-0.444	0.637	0.266	-0.609	-1.335	0.573	-0.338	0.728	0.671	-0.470	-0.571	-1.310	-0.731
Lysobacter_OAE881	ABIE51_RS03805	ABIE51_RS03805		fumarate/nitrate reduction transcriptional regulator Fnr	-1.403	0.884	-0.921	-2.251	-0.188	0.798	-2.177	-1.365	0.847	0.855	1.778	0.348	0.800	-0.671	-0.493	0.135	0.542	2.626	-0.088	-0.110	0.849	-1.494	1.658	-1.262	0.359
Lysobacter_OAE881	ABIE51_RS03810	ABIE51_RS03810		sulfite exporter TauE/SafE family protein	0.249	-1.713	-0.196	-0.530	0.942	2.317	-0.406	0.020	-1.400	1.176	0.936	0.397	2.701	1.012	0.889	-0.701	2.548	0.446	1.273	0.315	0.112	-1.220	0.874	2.257	-0.946
Lysobacter_OAE881	ABIE51_RS03815	ABIE51_RS03815		cbb3-type cytochrome oxidase assembly protein CcoS	-1.230	0.160	0.774	-0.790	-0.271	1.538	0.918	0.270	0.872	-0.638	1.695	0.736	1.179	1.424	0.414	-0.432	-0.686	1.750	-0.019	0.241	0.430	-0.373	0.728	-0.868	-0.016
Lysobacter_OAE881	ABIE51_RS03820	ABIE51_RS03820		heavy metal translocating P-type ATPase	-0.120	-1.839	-1.133	-1.493	-0.059	0.994	-1.365	0.335	-0.395	0.472	0.772	-0.365	-0.412	0.541	2.552	-0.254	1.713	0.431	0.405	-1.596	-0.686	-1.449	1.346	0.169	-3.051
Lysobacter_OAE881	ABIE51_RS03830	ABIE51_RS03830		4Fe-4S dicluster domain-containing protein	-0.868	0.313	0.904	-1.944	3.251	2.838	-2.123	2.642	2.754	0.505	2.048	1.440	3.025	3.676	3.976	1.210	2.846	1.935	2.624	1.293	2.734	-1.219	4.154	2.739	-1.641
Lysobacter_OAE881	ABIE51_RS03835	ABIE51_RS03835		hypothetical protein	0.109	0.871	-0.416	0.176	-2.063	0.969	0.289	-1.424	0.040	0.812	0.944	0.525	0.383	-1.473	-0.295	0.525	1.442	0.049	-0.404	-0.371	0.506	-1.945	-0.885	0.031	-0.081
Lysobacter_OAE881	ABIE51_RS03840	ABIE51_RS03840		cytochrome-c oxidase, cbb3-type subunit III	-0.551	0.888	0.983	-0.432	2.399	2.418	-1.009	1.072	0.914	0.799	2.456	2.731	2.840	2.396	4.424	2.643	3.692	1.767	3.525	1.106	3.054	-1.457	2.768	2.155	-0.846
Lysobacter_OAE881	ABIE51_RS03845	ABIE51_RS03845		cbb3-type cytochrome c oxidase subunit 3	-1.174	-0.775	1.304	-0.681	0.572	0.550	-0.335	0.219	-0.122	1.367	-0.866	0.261	-0.680	1.513	0.547	0.251	0.508	-1.515	0.647	-1.568	0.750	0.097	0.910	0.815	-0.748
Lysobacter_OAE881	ABIE51_RS03850	ABIE51_RS03850		cytochrome-c oxidase, cbb3-type subunit II	-0.822	0.686	-0.189	-0.293	1.317	1.308	-1.137	0.803	0.588	-0.805	1.620	2.108	2.222	2.034	2.288	-0.098	1.200	0.848	2.753	0.395	1.752	-0.645	3.504	1.208	-0.692
Lysobacter_OAE881	ABIE51_RS03855	ABIE51_RS03855		cytochrome-c oxidase, cbb3-type subunit I	-0.698	-0.611	1.280	-1.939	2.991	2.791	0.269	2.040	1.007	1.608	1.371	3.200	4.086	4.097	4.427	2.084	3.769	2.960	3.420	1.156	1.955	-1.370	4.003	1.912	-1.470
Lysobacter_OAE881	ABIE51_RS03860	ABIE51_RS03860		twin transmembrane helix small protein	0.810	0.068	1.414	-0.025	0.093	0.907	0.178	0.587	0.470	0.946	0.458	-1.048	1.211	0.658	0.726	1.999	2.093	-0.615	1.314	1.992	-0.155	0.641	-0.573	0.220	-0.142
Lysobacter_OAE881	ABIE51_RS03865	ABIE51_RS03865		hypothetical protein	-0.448	1.295	0.935	1.527	-1.117	0.117	1.331	1.050	0.226	0.240	-0.855	1.048	1.095	-0.593	0.433	1.161	0.839	0.866	0.459	0.670	0.416	-0.831	0.054	1.125	-0.465
Lysobacter_OAE881	ABIE51_RS03870	ABIE51_RS03870		PLP-dependent aminotransferase family protein	0.572	0.928	-0.363	0.412	-1.744	-0.860	0.677	-0.249	-0.112	-0.826	0.068	0.040	-0.197	-0.060	-1.237	0.164	-0.448	-1.191	0.567	0.354	0.600	-1.595	-0.090	0.143	0.596
Lysobacter_OAE881	ABIE51_RS03875	ABIE51_RS03875		oxygen-independent coproporphyrinogen III oxidase	-0.565	-0.384	-1.267	-0.689	-2.013	-1.771	-1.100	-0.077	-2.099	-0.451	-1.060	-3.925	-0.512	-0.142	0.034	-0.716	-2.498	-1.466	-0.383	-1.838	-1.175	-2.395	-1.763	3.276	2.196
Lysobacter_OAE881	ABIE51_RS03880	ABIE51_RS03880		lytic transglycosylase domain-containing protein	-0.142	0.428	-0.171	-0.282	-0.713	-0.621	0.062	-0.254	-0.149	0.394	0.671	-0.647	1.211	0.707	-0.959	0.199	0.208	0.412	-0.494	-0.467	0.576	0.099	0.733	0.418	-0.206
Lysobacter_OAE881	ABIE51_RS03885	ABIE51_RS03885		hypothetical protein	0.255	0.291	-0.712	0.029	0.069	-0.293	-0.169	0.541	1.508	0.166	0.290	-0.060	-0.273	-0.355	-0.300	0.536	-0.662	0.385	-0.320	1.587	0.505	1.505	0.516	-0.626	0.338
Lysobacter_OAE881	ABIE51_RS03890	ABIE51_RS03890		hypothetical protein	0.391	1.049	0.974	-1.137	-1.141	0.546	-0.588	-0.349	-0.468	0.132	1.551	-0.950	-0.256	0.798	-0.107	0.841	0.767	0.008	-1.061	0.428	-0.342	-0.153	-0.754	-0.943	0.533
Lysobacter_OAE881	ABIE51_RS03895	ABIE51_RS03895		CPXCG motif-containing cysteine-rich protein	-1.200	-0.649	-0.019	0.253	2.197	-1.038	-0.591	-0.344	-0.255	-1.034	0.366	-0.905	0.821	0.253	-1.638	-0.273	-0.061	-0.446	-2.029	-1.692	-0.221	0.529	-0.213	0.866	-0.704
Lysobacter_OAE881	ABIE51_RS03900	ABIE51_RS03900		EF-hand domain-containing protein	-0.014	-0.034	1.024	-0.265	-1.249	0.406	-0.082	0.324	0.439	1.266	-1.344	1.887	-1.322	0.616	0.158	1.366	0.372	-0.854	-0.838	-0.906	-1.354	-1.436	0.459	1.010	0.787
Lysobacter_OAE881	ABIE51_RS03905	ABIE51_RS03905		HAD family hydrolase	0.043	-0.131	0.049	-0.159	0.710	-0.652	0.214	-1.218	0.438	0.669	-0.261	0.311	-0.451	1.492	1.642	-0.467	0.907	-1.223	-0.109	-0.255	0.900	0.549	0.607	0.755	-0.172
Lysobacter_OAE881	ABIE51_RS03910	ABIE51_RS03910		hypothetical protein	0.022	-0.217	0.541	0.503	0.162	0.489	0.286	-0.113	0.236	0.865	0.125	1.025	0.427	0.110	-0.884	0.516	0.171	-0.377	-0.292	-0.110	0.693	1.072	-0.314	1.189	-0.550
Lysobacter_OAE881	ABIE51_RS03915	ABIE51_RS03915		hypothetical protein	1.133	1.518	0.637	-0.455	-0.430	0.625	-0.679	0.450	0.622	0.800	-0.250	-0.810	-0.761	-2.358	-0.939	0.432	0.561	0.069	0.789	0.757	0.606	0.776	-0.445	1.088	1.410
Lysobacter_OAE881	ABIE51_RS03920	ABIE51_RS03920		GNAT family N-acetyltransferase	-0.492	-1.626	-1.049	-0.477	0.373	-1.310	0.162	-1.220	0.742	-1.085	0.242	-1.377	-0.616	-0.963	-1.803	-0.782	-0.607	0.292	-0.864	-0.221	-1.381	-0.989	-0.872	-1.763	-0.756
Lysobacter_OAE881	ABIE51_RS03925	ABIE51_RS03925		tRNA dihydrouridine(20/20a) synthase DusA	-1.174	0.058	0.927	0.418	1.025	-1.655	0.357	-1.610	0.685	-1.407	-1.331	-0.786	-0.484	-0.315	-0.187	0.519	1.291	-0.334	0.122	1.333	-1.060	-0.174	0.002	-0.298	-1.183
Lysobacter_OAE881	ABIE51_RS03930	ABIE51_RS03930		arginine deiminase-related protein	-0.092	-0.113	0.080	1.319	-0.748	-0.194	-1.867	-0.932	0.322	-1.250	0.297	-0.809	-0.871	-1.381	-0.744	-0.407	0.343	-0.063	0.048	-0.758	-0.064	-1.218	-1.901	-0.780	-0.438
Lysobacter_OAE881	ABIE51_RS03935	ABIE51_RS03935		hypothetical protein	-1.474	-1.210	-5.750	0.678	-6.997	-9.289	-0.221	-12.345	-7.820	-0.151	-6.171	-7.797	-3.370	-2.299	-1.260	-8.961	-5.828	-7.068	-5.630	-6.263	-1.334	0.192	-7.948	0.298	0.210
Lysobacter_OAE881	ABIE51_RS03940	ABIE51_RS03940		response regulator transcription factor	-2.078	-1.446	-10.906	-1.733	-8.273	-5.602	-1.026	-0.210	-3.317	-0.649	6.397	-6.832	-0.052	4.159	0.678	-6.897	-4.292	-1.840	-1.790	-1.047	1.206	-2.690	-1.596	1.740	-2.776
Lysobacter_OAE881	ABIE51_RS03945	ABIE51_RS03945		ATP-binding protein	-1.410	0.176	-9.163	-0.288	-9.190	-10.499	-1.342	-15.968	-6.436	1.429	-10.483	-11.986	-2.532	0.242	-1.604	-8.719	-4.646	-10.191	-9.070	-4.098	-1.056	0.651	-8.592	0.643	-0.999
Lysobacter_OAE881	ABIE51_RS03950	ABIE51_RS03950		M90 family metallopeptidase	0.916	-0.147	-0.904	1.857	0.935	-0.630	1.102	-0.190	-0.948	1.057	-0.020	0.647	0.208	-1.860	-0.481	-0.634	-1.151	-1.558	-0.162	1.567	-0.071	-0.522	-1.305	-0.129	1.723
Lysobacter_OAE881	ABIE51_RS03960	ABIE51_RS03960		bifunctional biotin--[acetyl-CoA-carboxylase] ligase/biotin operon repressor BirA	-0.001	-0.140	0.408	-1.271	-0.124	-0.086	-0.556	0.385	1.274	-0.517	-0.374	-1.093	2.330	-0.006	0.069	-0.373	-0.237	-0.684	1.128	0.665	1.363	-0.835	0.150	-0.361	-0.799
Lysobacter_OAE881	ABIE51_RS03970	ABIE51_RS03970		SPOR domain-containing protein	0.312	1.089	-0.408	0.523	0.270	0.241	-0.199	-0.253	0.151	-0.088	0.074	-1.157	-0.775	-0.509	0.622	0.163	-1.515	-0.017	-0.210	0.832	-0.408	1.068	0.353	-0.473	-0.054
Lysobacter_OAE881	ABIE51_RS03980	ABIE51_RS03980		arginase	-1.325	0.237	-1.171	-0.062	0.063	-0.306	-0.399	-1.157	-1.358	-1.791	0.963	-2.254	-0.188	-1.765	-0.033	-0.515	-2.984	-2.815	-0.753	-0.000	-1.169	-1.166	-0.659	-1.267	-1.172
Lysobacter_OAE881	ABIE51_RS04000	ABIE51_RS04000		CsbD family protein	-0.585	1.004	0.907	-0.899	0.653	0.723	0.297	0.376	0.120	1.576	-0.222	1.183	1.051	0.708	0.334	0.948	0.960	2.427	0.784	1.352	-1.031	1.540	1.704	0.936	-0.426
Lysobacter_OAE881	ABIE51_RS04010	ABIE51_RS04010		hypothetical protein	-0.534	-0.309	-0.209	-0.303	-0.694	-0.976	-1.172	-1.562	-0.879	-0.587	-0.039	1.464	-0.829	0.377	-0.263	0.670	-1.914	0.466	0.027	-0.115	0.922	0.122	0.371	0.315	0.422
Lysobacter_OAE881	ABIE51_RS04015	ABIE51_RS04015		MBL fold metallo-hydrolase	-0.165	-0.620	0.787	0.124	0.289	-0.825	-0.379	0.083	-0.190	-0.412	-0.425	0.325	0.841	-0.401	0.207	-0.356	-0.093	0.915	0.734	-0.267	-0.283	0.072	-0.285	-1.043	-0.912
Lysobacter_OAE881	ABIE51_RS04020	ABIE51_RS04020		sensor domain-containing diguanylate cyclase	-0.162	-0.019	0.977	0.175	-0.040	0.186	-0.673	0.591	-0.563	0.669	-0.140	0.349	-2.083	-0.292	0.886	0.514	-0.205	0.303	0.789	-0.529	1.820	0.814	-0.931	-0.716	-1.270
Lysobacter_OAE881	ABIE51_RS04025	ABIE51_RS04025		VOC family protein	1.049	-0.421	-0.056	0.407	-1.111	-0.154	0.726	0.315	0.492	-0.682	0.454	1.394	-1.854	-0.682	0.306	-0.684	0.985	-0.074	-0.158	-1.043	-0.022	-1.175	0.320	-0.378	-0.865
Lysobacter_OAE881	ABIE51_RS04030	ABIE51_RS04030		dihydrolipoamide acetyltransferase family protein	-0.738	0.003	-2.959	-2.780	-0.647	-0.379	0.071	-0.049	-1.078	-0.242	1.788	0.577	-0.576	0.550	-0.010	-1.745	-0.352	0.218	-0.144	0.518	-1.339	-1.070	-0.271	0.079	0.019
Lysobacter_OAE881	ABIE51_RS04035	ABIE51_RS04035		SH3 domain-containing protein	-0.136	0.217	-0.318	-0.916	-0.344	-0.845	-0.559	-1.425	-1.310	-0.078	0.823	-0.476	-0.706	-1.628	0.039	-0.099	-0.110	1.083	-1.224	-1.451	0.621	-0.203	-0.383	-2.057	-0.293
Lysobacter_OAE881	ABIE51_RS04040	ABIE51_RS04040		alpha-ketoacid dehydrogenase subunit beta	0.656	0.645	-3.227	0.002	0.437	0.922	1.187	2.316	0.116	-0.636	1.540	1.675	-0.109	0.514	1.720	-3.128	0.506	2.012	2.012	0.719	0.567	-0.574	1.667	0.281	0.049
Lysobacter_OAE881	ABIE51_RS04045	ABIE51_RS04045		pyruvate dehydrogenase (acetyl-transferring) E1 component subunit alpha	-0.668	-1.656	-5.206	-0.734	0.326	0.496	0.152	0.889	0.098	-1.455	1.596	1.547	-0.115	0.654	-0.930	-4.384	-0.119	1.120	1.857	-0.584	-1.379	-0.609	1.548	1.936	1.651
Lysobacter_OAE881	ABIE51_RS04050	ABIE51_RS04050		lamin tail domain-containing protein	1.130	0.494	0.766	-0.873	0.142	1.003	-0.720	0.088	-0.447	-0.500	0.403	0.863	-0.477	0.857	0.585	1.169	-0.609	-0.740	0.243	-0.097	0.273	0.616	0.470	-0.906	-1.316
Lysobacter_OAE881	ABIE51_RS04055	ABIE51_RS04055		tryptophan 2,3-dioxygenase family protein	-0.526	0.975	-4.568	-0.109	-0.585	1.233	-0.199	-0.129	-0.246	0.744	-0.347	0.931	-0.940	0.761	0.991	-3.437	0.750	-0.964	2.179	1.592	0.926	-1.236	4.191	0.943	0.215
Lysobacter_OAE881	ABIE51_RS04060	ABIE51_RS04060		NUDIX domain-containing protein	0.162	-0.587	0.840	3.286	-0.426	1.541	-0.937	-0.119	1.103	-0.109	-0.619	-0.506	2.538	0.164	0.898	-0.218	0.108	0.891	0.438	0.831	0.353	-0.185	0.494	2.217	-0.083
Lysobacter_OAE881	ABIE51_RS04065	ABIE51_RS04065		oligopeptide:H+ symporter	-0.334	-1.301	-4.397	-1.622	-1.324	-1.301	-2.703	-2.159	-0.399	-0.478	0.958	1.432	1.804	-2.252	-1.709	-3.163	0.528	-0.187	-0.826	-1.484	0.579	-3.428	-0.681	0.136	-0.734
Lysobacter_OAE881	ABIE51_RS04070	ABIE51_RS04070		MarR family winged helix-turn-helix transcriptional regulator	-1.883	-0.625	0.294	1.099	-5.271	-8.909	0.322	-2.275	-4.575	-0.259	1.342	-2.820	-0.776	0.948	-0.352	0.622	-3.036	-4.982	-2.476	-3.613	-0.668	0.424	-4.013	0.460	-0.822
Lysobacter_OAE881	ABIE51_RS04075	ABIE51_RS04075		4-hydroxyphenylpyruvate dioxygenase	0.043	-0.450	-4.618	1.042	-1.631	-1.938	0.322	0.436	0.388	-0.969	-1.846	0.386	-1.044	0.439	0.351	-4.038	-0.538	-2.557	-0.758	-0.553	-0.336	0.186	-2.040	-0.094	0.856
Lysobacter_OAE881	ABIE51_RS04080	ABIE51_RS04080		DUF559 domain-containing protein	0.859	-0.562	-1.637	-1.106	0.598	-0.691	0.549	0.156	-0.380	0.460	0.089	-0.199	0.112	-1.234	-1.069	-0.337	-0.687	-1.880	0.040	-0.368	-0.222	-0.449	0.681	0.334	-0.384
Lysobacter_OAE881	ABIE51_RS04085	ABIE51_RS04085		homogentisate 1,2-dioxygenase	-0.058	1.373	-4.064	-0.260	-2.176	-6.955	0.567	0.822	2.060	0.220	0.791	-1.688	0.409	0.672	-0.136	-3.043	-2.433	-3.392	-1.856	1.456	-0.197	0.380	-4.269	-0.125	0.081
Lysobacter_OAE881	ABIE51_RS04090	ABIE51_RS04090		hypothetical protein	-0.412	0.396	1.446	0.674	1.147	0.821	-0.374	3.141	2.265	0.611	0.102	1.007	0.188	1.584	0.551	2.047	1.416	3.163	0.511	1.786	0.471	0.215	2.149	0.023	0.034
Lysobacter_OAE881	ABIE51_RS04095	ABIE51_RS04095		sodium:calcium antiporter	-0.820	-1.112	-0.823	0.536	-2.012	-2.402	-3.112	-3.154	-2.572	0.614	-2.672	-1.981	-0.324	-1.565	-0.707	-0.170	-0.722	-2.476	-1.645	-1.154	-0.827	0.442	-0.604	-1.099	-1.390
Lysobacter_OAE881	ABIE51_RS04105	ABIE51_RS04105		hypothetical protein	-0.601	-1.808	-1.105	-0.016	-0.766	-0.845	-0.932	-1.827	-0.109	-1.209	-0.277	-1.130	-0.592	-1.409	-2.052	-1.152	-0.465	-1.977	-1.471	-0.647	0.476	-0.041	-0.747	-1.596	-0.546
Lysobacter_OAE881	ABIE51_RS04110	ABIE51_RS04110		DMT family transporter	-0.197	0.483	0.159	-0.237	0.265	-0.518	-1.575	0.814	-1.645	-0.071	-0.765	0.545	0.714	1.329	-0.953	1.084	-0.975	-1.319	-0.078	-0.174	-0.118	-0.289	-0.267	-1.410	0.820
Lysobacter_OAE881	ABIE51_RS04115	ABIE51_RS04115		MBL fold metallo-hydrolase	0.362	0.065	-0.253	-0.466	-0.319	-1.105	-1.440	-0.001	-0.435	-0.211	1.096	-1.213	0.472	-0.560	-0.602	-1.200	-0.806	-1.200	0.027	-0.021	-0.837	-0.308	-1.167	-0.677	0.280
Lysobacter_OAE881	ABIE51_RS04120	ABIE51_RS04120		Mpo1-like protein	1.258	1.274	0.947	-0.262	0.428	0.177	0.297	1.266	0.119	0.447	0.022	0.064	-0.266	-0.500	-0.107	0.840	-0.716	1.376	1.775	1.127	-0.881	0.415	0.216	0.322	0.542
Lysobacter_OAE881	ABIE51_RS04125	ABIE51_RS04125		phosphoribosylaminoimidazolesuccinocarboxamide synthase	-1.047	1.999	-3.827	-1.536	-3.462	-5.623	-2.368	-5.479	-4.149	-0.900	-2.047	-2.804	-1.577	1.397	-2.909	-3.721	-4.133	-3.550	-5.185	-2.274	1.229	0.085	-3.225	-0.764	-1.718
Lysobacter_OAE881	ABIE51_RS04130	ABIE51_RS04130		DnaJ domain-containing protein	0.073	-1.410	1.279	-1.017	-0.585	-0.052	-1.776	0.313	-0.704	0.316	-0.156	0.199	-0.225	1.636	0.331	2.220	1.726	-0.198	0.310	-0.144	-0.894	-0.497	0.758	1.929	0.677
Lysobacter_OAE881	ABIE51_RS04145	ABIE51_RS04145		lipid kinase YegS	0.183	0.225	1.203	0.556	0.212	0.787	0.482	0.225	-0.251	0.685	-0.428	0.947	-0.743	1.774	-0.518	1.291	0.493	0.399	1.424	0.766	1.064	0.841	-0.452	0.279	-0.297
Lysobacter_OAE881	ABIE51_RS04150	ABIE51_RS04150		anthranilate synthase component I	0.547	1.291	-18.755	2.261	-9.269	-14.282	0.799	-13.955	-11.488	-0.394	-3.603	-9.141	-2.198	0.317	-0.917	-17.367	-9.487	-12.897	-11.521	-7.261	-0.123	0.493	-6.619	-0.220	-0.304
Lysobacter_OAE881	ABIE51_RS04155	ABIE51_RS04155		hypothetical protein	1.491	-0.128	0.411	-0.752	1.649	2.314	0.460	1.127	0.250	2.174	-1.062	-0.418	-0.350	0.374	0.053	1.028	0.519	1.927	0.133	0.449	0.429	0.359	1.040	0.130	0.116
Lysobacter_OAE881	ABIE51_RS04165	ABIE51_RS04165		response regulator transcription factor	0.068	0.219	0.734	-1.201	0.173	1.287	1.366	1.014	0.690	-0.642	-0.333	-0.333	0.392	1.522	1.560	2.107	2.067	-0.485	1.149	-0.206	0.181	-0.154	-0.339	1.842	1.091
Lysobacter_OAE881	ABIE51_RS04170	ABIE51_RS04170		HAMP domain-containing sensor histidine kinase	0.069	1.003	0.533	-1.301	0.609	0.567	-1.105	-0.557	0.519	0.745	-0.392	0.220	3.036	-0.530	1.389	1.253	0.790	-0.443	0.332	0.364	0.763	-0.664	-0.294	0.097	0.161
Lysobacter_OAE881	ABIE51_RS04175	ABIE51_RS04175		aminodeoxychorismate/anthranilate synthase component II	2.750	0.270	-4.459	0.045	-4.433	-2.888	-0.442	-5.795	-2.919	1.518	-0.565	-0.563	0.435	1.642	0.751	-6.538	-3.009	-2.518	-4.430	-1.611	-0.960	-0.111	-3.062	0.494	-0.649
Lysobacter_OAE881	ABIE51_RS04180	ABIE51_RS04180		anthranilate phosphoribosyltransferase	2.853	-0.645	-7.759	1.681	-3.235	-7.991	-0.270	-6.503	-5.723	-0.349	-1.165	-3.431	-0.864	-0.332	0.419	-7.538	-4.537	-4.678	-4.985	-2.207	-0.644	-1.409	-2.824	0.224	-1.093
Lysobacter_OAE881	ABIE51_RS04185	ABIE51_RS04185		antibiotic biosynthesis monooxygenase	-0.031	0.398	0.125	0.488	-0.133	1.249	0.580	0.030	-0.217	-0.460	1.441	0.807	1.848	-1.219	-0.242	0.167	1.514	0.500	-0.737	0.013	-0.099	0.486	-0.553	-0.509	-1.456
Lysobacter_OAE881	ABIE51_RS04190	ABIE51_RS04190		indole-3-glycerol phosphate synthase TrpC	0.020	-0.386	-5.004	-1.158	-2.225	-4.026	1.600	-4.965	-1.629	-0.064	0.183	-3.328	0.488	-1.322	-0.902	-5.258	-2.652	-2.716	-3.439	-1.858	0.362	-3.137	-1.551	2.023	-0.327
Lysobacter_OAE881	ABIE51_RS04200	ABIE51_RS04200		zf-TFIIB domain-containing protein	0.235	0.203	0.055	0.073	0.455	-0.118	0.792	0.694	-0.342	-0.689	-1.447	-0.775	-0.448	-0.144	-0.229	1.448	0.664	-0.175	0.268	-0.805	-0.400	0.942	0.218	-0.274	-1.511
Lysobacter_OAE881	ABIE51_RS04205	ABIE51_RS04205		GNAT family N-acetyltransferase	-1.341	-0.982	-0.037	0.207	-0.309	0.153	0.056	0.992	-0.048	-1.119	0.043	-0.730	0.324	0.721	-0.398	0.946	1.011	-0.004	0.836	0.429	1.652	-1.989	-0.387	-0.287	-2.345
Lysobacter_OAE881	ABIE51_RS04210	ABIE51_RS04210		cAMP-activated global transcriptional regulator CRP	-4.294	-13.048	9.637	-7.909	5.302	-0.210	-4.075	2.395	5.116	-1.586	5.656	8.538	-0.642	4.781	-1.257	11.393	3.428	1.446	1.289	5.362	-5.033	-3.248	4.288	-0.651	-4.978
Lysobacter_OAE881	ABIE51_RS04225	ABIE51_RS04225		(Fe-S)-binding protein	1.190	-0.402	0.796	-0.345	-0.341	0.494	0.222	-0.922	-0.562	-0.550	-0.467	-0.597	-1.996	-0.388	-0.433	0.006	-0.621	-0.605	-0.621	-0.817	2.146	-0.878	-0.526	0.797	-0.267
Lysobacter_OAE881	ABIE51_RS04245	ABIE51_RS04245		fumarylacetoacetate hydrolase family protein	-1.481	-1.913	-4.810	-1.714	-1.900	-2.890	-2.205	-2.181	-1.185	-2.357	-1.519	-1.920	-2.378	0.336	-2.777	-3.572	0.407	-2.350	0.211	-2.543	-2.273	-2.649	-3.173	1.808	-2.584
Lysobacter_OAE881	ABIE51_RS04250	ABIE51_RS04250		maleylacetoacetate isomerase	-0.606	0.231	-11.579	-0.407	1.226	-0.190	1.200	-0.951	-0.425	0.308	-0.248	0.834	-0.355	0.865	-1.326	-10.300	-0.504	-1.275	0.086	-0.128	0.951	-0.397	0.081	-0.053	0.491
Lysobacter_OAE881	ABIE51_RS04255	ABIE51_RS04255		PilT/PilU family type 4a pilus ATPase	0.459	-0.807	0.412	0.669	-1.241	-0.185	0.643	0.140	-0.787	0.753	0.296	1.243	-0.088	-0.054	0.681	-0.394	-0.563	1.384	0.737	0.532	1.027	0.348	0.355	0.290	0.943
Lysobacter_OAE881	ABIE51_RS04260	ABIE51_RS04260		DUF4398 domain-containing protein	-0.004	-1.417	-1.423	-1.049	-3.506	-1.684	0.082	-1.679	-0.674	-0.573	0.892	-1.455	-0.982	-1.298	-1.612	-1.736	-0.616	-0.998	-0.103	-1.135	0.690	1.169	-0.174	-0.026	-0.912
Lysobacter_OAE881	ABIE51_RS04265	ABIE51_RS04265		OmpA family protein	-1.075	-1.423	-3.650	-0.277	-2.671	-2.400	-1.529	-1.125	-1.651	-0.860	-1.014	-3.559	-1.109	-1.502	-1.477	-3.072	-2.484	-2.169	-2.002	-1.015	-0.695	1.123	-1.087	-1.390	-1.290
Lysobacter_OAE881	ABIE51_RS04270	ABIE51_RS04270		YdcH family protein	-0.260	1.221	-0.253	-1.869	0.606	-0.858	-0.747	-2.497	0.969	0.612	0.121	-2.089	0.099	-0.329	0.119	-1.304	-0.044	1.406	-0.443	0.932	-0.483	0.614	-0.069	-1.021	-1.934
Lysobacter_OAE881	ABIE51_RS04275	ABIE51_RS04275		pyridoxal-phosphate dependent enzyme	0.430	0.232	-1.977	1.313	1.477	2.211	0.699	-0.574	-1.415	0.326	0.247	1.243	2.007	3.269	2.984	-2.215	1.633	1.490	-0.010	-1.172	-0.375	1.082	0.668	1.014	0.829
Lysobacter_OAE881	ABIE51_RS04280	ABIE51_RS04280		2OG-Fe(II) oxygenase	-2.308	-1.777	-0.219	1.271	-1.232	-0.414	-1.483	-0.285	-0.933	0.210	-0.299	-0.339	0.161	0.518	0.288	-0.569	-0.162	-1.392	-0.380	-1.488	-1.713	-0.539	-1.828	-1.649	0.092
Lysobacter_OAE881	ABIE51_RS04285	ABIE51_RS04285		hypothetical protein	-0.224	-1.415	0.876	1.408	0.881	0.117	-1.807	0.690	0.618	0.817	-0.628	0.099	0.557	1.785	-1.479	0.113	0.730	0.149	0.306	0.079	-0.319	-0.909	0.379	2.234	-0.937
Lysobacter_OAE881	ABIE51_RS04290	ABIE51_RS04290		UDP-glucose 4-epimerase GalE	-1.681	-6.896	-0.608	-3.759	-5.587	-5.334	-2.688	-5.817	-3.528	-4.416	0.745	-4.946	-4.512	-1.472	-3.662	-0.612	-4.679	-5.940	-3.288	-3.474	-2.905	1.006	-1.847	-3.539	-3.969
Lysobacter_OAE881	ABIE51_RS04295	ABIE51_RS04295		cystathionine gamma-synthase	-0.136	-1.229	-0.821	-2.074	0.886	0.276	-0.230	-0.499	-1.396	-0.227	-0.812	0.623	-0.312	1.014	0.531	-0.855	0.150	0.595	-1.041	0.094	-1.384	0.047	1.842	-1.879	-1.323
Lysobacter_OAE881	ABIE51_RS04310	ABIE51_RS04310		glycosyltransferase	-0.949	-3.491	-1.752	-2.881	-2.428	-4.039	-1.817	-4.347	-0.784	0.221	-0.180	-2.021	-1.929	-0.547	-1.603	-1.334	-2.585	-1.630	-2.631	0.091	-2.304	-0.881	-1.218	-1.470	-3.450
Lysobacter_OAE881	ABIE51_RS04330	ABIE51_RS04330		methyltransferase domain-containing protein	3.420	1.638	2.183	1.424	0.543	1.711	7.536	1.234	1.577	5.929	0.750	1.036	1.248	0.924	0.685	1.680	0.186	0.617	1.684	1.741	0.505	1.086	-0.376	1.292	-0.227
Lysobacter_OAE881	ABIE51_RS04335	ABIE51_RS04335		hypothetical protein	-5.611	-2.822	3.202	2.183	-0.323	0.609	5.391	1.087	2.303	2.273	-4.558	-1.813	-0.292	5.682	-0.196	1.969	-0.082	-1.443	2.590	0.937	-1.056	-1.087	-1.956	1.924	-2.402
Lysobacter_OAE881	ABIE51_RS04345	ABIE51_RS04345		glycosyltransferase family A protein	0.325	0.825	2.536	2.036	0.244	1.797	8.321	0.436	2.326	5.421	0.222	0.685	0.548	-0.056	0.187	3.643	0.337	0.093	1.183	0.888	0.511	1.213	-0.276	1.163	0.369
Lysobacter_OAE881	ABIE51_RS04350	ABIE51_RS04350		glycosyltransferase family 2 protein	-3.515	-1.496	2.673	0.195	-1.272	1.103	7.901	-0.134	0.573	4.731	1.703	0.693	-0.806	-0.028	0.151	3.437	-1.187	-1.491	1.553	1.878	1.588	0.905	1.632	0.810	-0.128
Lysobacter_OAE881	ABIE51_RS04355	ABIE51_RS04355		NAD(P)-dependent oxidoreductase	-3.537	0.572	0.776	0.881	-0.200	1.336	4.327	0.248	0.714	5.237	1.037	0.002	0.497	1.451	0.848	1.463	-0.767	0.118	0.990	2.784	2.118	0.658	0.301	-0.002	0.040
Lysobacter_OAE881	ABIE51_RS04370	ABIE51_RS04370		mannose-1-phosphate guanylyltransferase/mannose-6-phosphate isomerase	-3.374	-9.192	3.341	-7.875	-8.003	-3.036	-5.358	-7.826	-1.452	-3.766	1.465	-4.924	-1.576	-6.779	-2.649	4.294	-7.053	-8.881	6.683	-0.394	-7.886	-6.779	-2.531	-5.058	-4.351
Lysobacter_OAE881	ABIE51_RS04375	ABIE51_RS04375		hypothetical protein	0.605	0.694	1.050	0.358	0.302	-0.285	0.659	-0.293	-0.011	-0.046	0.358	-0.447	1.291	0.632	-0.005	1.186	0.544	-0.648	0.212	-0.619	0.456	0.198	-0.504	0.176	-0.212
Lysobacter_OAE881	ABIE51_RS04380	ABIE51_RS04380		CoA transferase subunit A	0.175	-0.773	-2.363	1.154	1.653	0.669	0.359	0.460	1.053	-0.084	0.562	0.384	0.006	1.068	-0.457	-3.044	1.509	2.309	0.934	0.081	-0.693	1.106	0.728	0.009	-0.179
Lysobacter_OAE881	ABIE51_RS04385	ABIE51_RS04385		CoA transferase subunit B	1.108	0.356	-2.154	-1.170	-0.581	1.411	-1.835	-0.752	0.855	-0.382	1.558	-1.260	0.593	-0.848	1.904	-0.938	0.508	0.143	0.368	-0.580	2.621	-0.613	-0.381	-0.329	-0.607
Lysobacter_OAE881	ABIE51_RS04390	ABIE51_RS04390		glycoside hydrolase family 99-like domain-containing protein	-8.045	-9.757	-6.832	-5.342	-9.341	-11.250	-5.820	-10.476	-6.711	-4.881	-5.016	-8.822	-6.107	-8.151	-3.974	-8.711	-10.269	-8.805	-6.705	-7.304	-7.331	-6.736	-8.960	-6.263	-7.692
Lysobacter_OAE881	ABIE51_RS04405	ABIE51_RS04405		ABC-type transport auxiliary lipoprotein family protein	0.113	-0.095	-1.944	-0.734	-1.344	-0.885	-1.234	-1.619	-1.207	-0.791	-1.169	-0.005	-0.746	-2.069	-0.899	-1.399	0.526	-3.063	-3.258	-1.516	0.557	-3.672	-0.806	-1.113	-1.496
Lysobacter_OAE881	ABIE51_RS04410	ABIE51_RS04410		MlaD family protein	-0.448	1.158	1.251	1.636	1.245	-0.041	-0.453	1.631	0.277	0.293	0.545	1.087	0.690	-0.697	0.107	1.064	2.227	0.267	-1.080	0.602	0.995	-1.355	2.585	1.323	-0.444
Lysobacter_OAE881	ABIE51_RS04415	ABIE51_RS04415		ABC transporter ATP-binding protein	-0.688	-0.299	-0.750	-0.098	-0.149	-0.904	-1.205	-2.198	-2.403	0.901	-0.873	-1.697	-0.263	0.008	-0.402	-0.037	-0.544	0.999	-2.235	-0.803	1.658	-2.366	-0.478	-1.533	0.475
Lysobacter_OAE881	ABIE51_RS04420	ABIE51_RS04420		ABC transporter permease	-0.804	0.765	0.398	-1.045	-0.524	-1.081	-1.653	-1.790	0.102	0.238	-1.219	1.581	2.433	0.489	0.203	-0.973	0.548	0.026	-2.223	0.534	2.308	-1.453	0.287	-1.248	-1.136
Lysobacter_OAE881	ABIE51_RS04425	ABIE51_RS04425		threonine/serine exporter family protein	1.103	0.664	1.322	1.386	0.955	-0.120	1.123	-0.332	1.715	0.492	0.422	0.842	1.105	0.660	-0.443	1.285	1.202	-0.620	0.637	-0.440	1.011	1.633	1.522	-0.493	-0.728
Lysobacter_OAE881	ABIE51_RS04430	ABIE51_RS04430		H-NS histone family protein	-1.538	0.443	-1.609	-1.050	-2.173	-0.922	-0.486	0.058	-0.190	0.408	0.239	-0.056	-0.509	-1.037	0.842	-0.353	-1.359	0.250	0.335	0.135	-2.005	-1.667	-0.550	-0.432	1.614
Lysobacter_OAE881	ABIE51_RS04440	ABIE51_RS04440		DUF4124 domain-containing protein	-1.197	-1.344	0.845	-0.181	1.181	1.368	-0.642	-1.083	0.059	-1.259	0.765	-0.820	0.006	-2.353	-0.653	0.241	-0.275	-0.591	-0.850	-2.446	1.232	-0.308	1.098	-0.265	-1.654
Lysobacter_OAE881	ABIE51_RS04445	ABIE51_RS04445		CDP-diacylglycerol--serine O-phosphatidyltransferase	-0.724	-0.818	-0.017	2.596	-0.458	1.740	-0.149	0.527	1.696	2.412	0.921	2.150	0.191	0.508	0.784	-0.481	0.244	-0.118	1.342	0.920	0.449	1.086	1.882	2.597	-0.684
Lysobacter_OAE881	ABIE51_RS04455	ABIE51_RS04455		ribosomal protein S18-alanine N-acetyltransferase	-0.285	0.244	-1.924	0.411	-0.480	-1.678	-0.086	-0.185	-2.457	-0.275	0.989	-1.618	-0.603	-1.796	-0.050	-1.750	-1.163	-0.329	-2.099	-2.721	-0.499	-0.115	0.539	1.014	-0.022
Lysobacter_OAE881	ABIE51_RS04460	ABIE51_RS04460		hypothetical protein	0.222	0.576	-0.475	0.000	-0.598	-0.089	1.634	0.383	0.913	0.810	0.425	2.276	1.025	0.414	0.765	-0.749	0.526	0.597	-0.211	0.564	0.544	0.111	0.333	0.826	0.056
Lysobacter_OAE881	ABIE51_RS04475	ABIE51_RS04475		leucyl aminopeptidase	-0.795	1.185	-3.861	-0.339	-1.255	-0.864	-0.810	-2.243	-0.730	0.397	2.645	0.937	1.008	2.421	0.144	-2.962	-2.072	-5.205	1.661	0.391	2.196	-0.043	3.255	0.291	-0.323
Lysobacter_OAE881	ABIE51_RS04490	ABIE51_RS04490		RDD family protein	-0.038	-0.023	-2.369	-0.448	1.761	2.301	-0.972	0.035	-0.704	0.684	-0.296	-0.393	1.233	0.866	1.217	-1.718	1.571	3.544	0.823	0.133	1.448	0.892	-1.846	-0.268	-1.219
Lysobacter_OAE881	ABIE51_RS04495	ABIE51_RS04495		site-specific tyrosine recombinase XerD	0.223	-0.822	-3.269	1.439	0.932	-1.001	4.255	-0.463	-0.654	-0.724	2.623	-0.143	1.847	-2.257	0.421	-1.775	-0.403	-1.375	1.267	0.242	-0.002	0.382	1.251	0.936	-0.514
Lysobacter_OAE881	ABIE51_RS04500	ABIE51_RS04500		DsbC family protein	-1.377	-0.168	-0.653	-1.608	-0.928	0.064	-0.887	-7.334	-1.539	-1.362	-2.286	-0.353	0.752	-0.492	-0.755	-0.764	-0.874	0.201	-8.456	1.202	-0.273	1.174	0.674	1.224	-2.500
Lysobacter_OAE881	ABIE51_RS04505	ABIE51_RS04505		phosphoribosylformylglycinamidine synthase	-0.574	0.030	-8.323	2.186	-5.667	-10.357	0.071	-9.738	-6.457	0.166	-2.521	-2.062	-1.245	-0.237	-1.662	-9.098	-6.474	-7.214	-7.744	-5.625	-0.001	0.845	-5.397	-0.340	-0.519
Lysobacter_OAE881	ABIE51_RS04510	ABIE51_RS04510		YadA-like family protein	2.388	-0.475	1.254	-0.848	1.575	0.337	-0.385	0.547	0.480	0.376	-0.245	1.139	1.675	0.838	0.056	0.843	1.467	0.437	0.245	2.263	1.292	0.211	-0.333	-0.123	2.047
Lysobacter_OAE881	ABIE51_RS04515	ABIE51_RS04515		hypothetical protein	-1.185	-1.089	-0.472	-1.020	-0.310	-0.254	-1.303	0.423	-0.257	-1.099	-0.281	0.798	-1.311	-0.827	-1.049	0.415	0.206	-0.535	-1.442	-0.176	-0.081	-0.946	-0.651	-1.131	-1.040
Lysobacter_OAE881	ABIE51_RS04520	ABIE51_RS04520		type II secretion system ATPase GspE	-0.278	0.008	-2.505	-0.053	0.412	0.586	-0.911	-2.230	0.763	1.596	-1.687	-2.796	-1.848	0.384	0.296	-2.403	-0.538	1.542	0.327	1.942	-0.237	-0.065	0.759	-0.917	-0.109
Lysobacter_OAE881	ABIE51_RS04525	ABIE51_RS04525		GIY-YIG nuclease family protein	2.241	-0.115	0.757	0.309	-0.141	-0.386	-0.311	0.426	-0.416	-0.578	0.256	-0.695	1.140	0.541	-1.442	0.043	0.533	0.477	0.187	0.361	-1.180	0.701	1.423	1.241	1.001
Lysobacter_OAE881	ABIE51_RS04530	ABIE51_RS04530		type II secretion system F family protein	-0.979	-1.545	-1.801	1.841	-0.793	0.823	-0.062	-2.932	-0.628	-0.163	-2.359	-5.440	-2.107	-0.600	0.145	-3.786	-0.975	0.133	-1.265	0.266	0.973	0.389	-0.840	-0.279	-0.994
Lysobacter_OAE881	ABIE51_RS04535	ABIE51_RS04535		type II secretion system major pseudopilin GspG	-0.523	0.328	-2.771	-0.970	-0.522	-1.753	-0.459	-3.710	-1.818	-0.051	-0.559	-3.063	-1.906	-0.082	-1.894	-3.002	0.456	-0.363	0.477	0.696	-0.179	0.126	-0.556	-0.324	-1.815
Lysobacter_OAE881	ABIE51_RS04545	ABIE51_RS04545		prepilin-type N-terminal cleavage/methylation domain-containing protein	0.158	-2.155	-1.399	-0.186	0.001	0.787	0.081	-0.961	-0.088	0.041	-2.390	-3.511	0.172	-0.390	-0.803	-1.233	-1.901	-0.283	0.668	-0.560	-0.439	-0.801	0.262	1.663	-1.512
Lysobacter_OAE881	ABIE51_RS04550	ABIE51_RS04550		prepilin-type N-terminal cleavage/methylation domain-containing protein	-1.767	0.604	-0.878	1.064	-0.497	-0.054	0.555	-2.075	0.982	0.457	-2.355	-2.858	-0.376	0.337	-0.183	-0.334	0.876	0.320	0.898	0.942	-1.098	1.185	1.692	-0.455	-2.538
Lysobacter_OAE881	ABIE51_RS04555	ABIE51_RS04555		type II secretion system protein GspK	-1.131	-1.014	-3.307	-0.983	0.486	-1.254	0.048	-4.580	-0.367	0.115	-3.482	-5.489	-0.842	-2.818	-0.146	-3.520	-1.416	0.285	-0.023	0.659	-0.202	-0.150	0.023	-1.225	-2.497
Lysobacter_OAE881	ABIE51_RS04560	ABIE51_RS04560		PilN domain-containing protein	-1.403	-0.998	-3.465	1.653	-0.526	-1.225	0.413	-3.423	-0.180	-0.496	-0.871	-3.393	-0.681	-0.202	0.263	-2.595	-0.543	-0.884	0.177	-1.148	0.153	-0.139	-0.506	-0.476	-2.603
Lysobacter_OAE881	ABIE51_RS04565	ABIE51_RS04565		type II secretion system protein GspM	-0.187	0.053	-1.700	0.785	-1.022	-0.231	-1.223	-2.594	0.187	-0.146	-1.426	-1.570	-1.591	0.572	2.031	-2.565	0.033	0.932	-1.161	-0.328	-0.770	0.219	-0.310	0.158	1.499
Lysobacter_OAE881	ABIE51_RS04570	ABIE51_RS04570		general secretion pathway protein GspN	0.411	0.349	0.372	2.124	0.484	-0.447	-1.697	-0.003	0.182	0.719	-0.296	-0.741	-1.734	-0.442	-0.111	-1.406	0.477	-0.420	1.457	1.001	0.240	2.019	-0.371	0.270	-0.167
Lysobacter_OAE881	ABIE51_RS04575	ABIE51_RS04575		type II secretion system secretin GspD	-0.581	-0.822	-1.957	1.144	-0.219	-1.266	-0.555	-3.617	-0.714	0.019	-3.507	-4.073	-1.812	-0.190	-1.362	-2.109	-1.570	-0.242	-0.303	0.800	1.616	0.607	-2.023	-0.043	-0.963
Lysobacter_OAE881	ABIE51_RS04580	ABIE51_RS04580		glycosyltransferase	2.138	0.421	0.493	0.684	1.551	1.493	-1.430	-0.716	0.284	0.612	2.023	1.862	0.416	0.718	0.435	-0.118	1.956	-1.647	-1.152	1.332	0.550	0.581	1.629	-1.575	-0.652
Lysobacter_OAE881	ABIE51_RS04590	ABIE51_RS04590		NCS2 family permease	0.836	0.788	1.268	-1.057	1.396	-0.197	0.906	0.473	-0.074	-1.255	-0.373	1.043	0.900	-0.529	0.933	0.803	0.450	-0.363	1.508	0.820	0.009	-0.806	0.312	-0.066	1.692
Lysobacter_OAE881	ABIE51_RS04595	ABIE51_RS04595		DUF1800 domain-containing protein	-0.614	1.612	-0.734	1.912	0.392	0.505	-0.677	-0.991	0.145	0.832	-0.754	0.101	0.030	0.237	1.493	0.731	1.496	0.044	0.243	0.432	1.225	0.748	1.248	0.770	-0.324
Lysobacter_OAE881	ABIE51_RS04600	ABIE51_RS04600		DUF1501 domain-containing protein	-1.220	1.060	-1.732	1.056	-0.836	-0.173	-0.313	-1.993	-1.705	-1.218	-0.851	-0.912	1.073	-1.636	-0.542	-0.717	-1.342	-0.101	0.698	0.027	-0.134	-0.068	-0.607	1.669	0.085
Lysobacter_OAE881	ABIE51_RS04615	ABIE51_RS04615		lipid A hydroxylase LpxO	0.322	-0.515	1.153	1.306	-1.122	0.803	-0.373	-0.929	0.940	0.208	0.647	0.806	0.632	0.335	-1.501	1.100	0.468	0.124	0.618	-0.206	-0.259	1.154	-0.564	-2.148	0.396
Lysobacter_OAE881	ABIE51_RS04620	ABIE51_RS04620		serine hydroxymethyltransferase	0.218	0.287	-16.430	2.101	-12.918	-18.099	0.945	-19.252	-9.692	-1.062	-6.749	-9.944	-4.151	-2.881	-2.677	-17.287	-13.043	-15.182	-16.511	-6.250	-1.777	3.770	-10.759	-1.404	0.283
Lysobacter_OAE881	ABIE51_RS04635	ABIE51_RS04635		class I SAM-dependent methyltransferase	-0.874	1.450	0.582	1.231	-0.357	1.762	1.993	0.087	1.397	0.907	0.879	1.777	1.231	-1.339	1.613	1.116	-0.502	0.974	-0.304	1.419	1.193	0.049	0.208	-0.235	0.271
Lysobacter_OAE881	ABIE51_RS04645	ABIE51_RS04645		3,4-dihydroxy-2-butanone-4-phosphate synthase	-1.026	-0.963	-1.069	-0.306	-0.105	-0.036	-0.892	0.718	-0.439	-0.534	-1.017	-0.042	-0.282	-0.864	-1.011	-1.375	-0.580	1.093	-1.673	-0.052	-0.767	-0.410	-0.669	-0.213	-0.488
Lysobacter_OAE881	ABIE51_RS04670	ABIE51_RS04670		FAD-linked oxidase C-terminal domain-containing protein	0.190	0.278	-0.553	-1.107	-0.695	0.734	1.209	1.011	0.087	-0.568	-1.431	-0.321	0.469	-2.341	-0.380	0.707	0.060	0.123	-0.869	-0.777	-0.081	-0.237	0.088	-0.495	-0.612
Lysobacter_OAE881	ABIE51_RS04675	ABIE51_RS04675		metal-dependent hydrolase	-0.960	0.997	1.297	-0.222	0.636	1.099	0.260	0.459	0.461	-1.947	-0.067	-0.139	-0.309	0.003	1.110	0.029	0.816	0.675	1.238	0.535	-0.482	-0.253	0.556	-0.780	0.723
Lysobacter_OAE881	ABIE51_RS04680	ABIE51_RS04680		DUF4349 domain-containing protein	0.157	-0.582	0.263	0.478	0.810	0.939	0.697	-0.688	-1.890	0.178	0.886	-0.435	0.728	0.490	0.635	0.341	-0.314	0.935	1.261	-0.503	0.200	-1.196	0.560	1.577	-0.138
Lysobacter_OAE881	ABIE51_RS04685	ABIE51_RS04685		YraN family protein	0.282	-0.861	0.260	0.053	0.224	0.147	-0.396	-0.457	-0.063	-0.380	0.693	0.019	1.477	0.274	-0.441	1.055	0.183	-0.985	0.996	-0.384	0.978	0.541	1.017	-0.864	-1.591
Lysobacter_OAE881	ABIE51_RS04690	ABIE51_RS04690		penicillin-binding protein activator	-0.094	-1.566	0.495	-1.483	0.077	0.227	0.242	-0.981	-1.046	-0.631	-2.423	-0.927	-3.914	1.081	-0.690	-0.944	-1.384	0.419	1.490	-0.593	-0.546	1.529	1.887	0.186	-1.618
Lysobacter_OAE881	ABIE51_RS04695	ABIE51_RS04695		16S rRNA (cytidine(1402)-2'-O)-methyltransferase	1.489	0.371	1.276	-0.367	-0.434	0.218	0.279	-0.820	0.687	-1.521	-0.500	0.417	1.808	1.693	-0.280	-0.101	-0.074	0.550	1.956	1.606	0.145	0.896	-0.456	0.194	0.794
Lysobacter_OAE881	ABIE51_RS04705	ABIE51_RS04705		division/cell wall cluster transcriptional repressor MraZ	0.736	-0.136	-4.579	-0.072	-4.167	-2.599	0.624	-4.449	-3.578	-0.653	-2.799	-2.302	-2.755	1.045	-1.140	-4.134	-2.531	-2.711	-2.970	-1.032	-0.158	-0.919	-2.372	-0.764	-1.591
Lysobacter_OAE881	ABIE51_RS04710	ABIE51_RS04710		16S rRNA (cytosine(1402)-N(4))-methyltransferase RsmH	-0.005	-1.081	1.128	-0.393	-0.419	0.075	-0.017	0.361	-0.572	-0.243	-0.071	0.746	-0.027	1.932	0.605	-0.855	-0.294	-1.300	0.402	-0.669	0.810	-0.302	0.029	0.617	0.288
Lysobacter_OAE881	ABIE51_RS04780	ABIE51_RS04780		DUF721 domain-containing protein	-0.216	-0.187	0.106	-0.796	0.074	0.805	1.047	0.422	0.905	1.763	0.017	-1.288	0.434	0.394	0.253	-0.455	1.018	0.135	-0.267	0.990	0.399	-0.606	0.856	0.289	1.379
Lysobacter_OAE881	ABIE51_RS04785	ABIE51_RS04785		M23 family metallopeptidase	0.892	1.372	-0.196	0.977	0.092	1.357	0.871	-1.179	0.939	0.595	1.451	-1.051	1.212	-0.182	0.636	-0.760	-0.610	-0.841	-0.129	0.343	1.779	0.592	-0.276	1.842	0.599
Lysobacter_OAE881	ABIE51_RS04795	ABIE51_RS04795		Nudix family hydrolase	-0.092	-0.503	-0.657	-1.094	-0.876	1.050	0.895	-0.028	0.529	2.206	1.077	0.781	1.498	-1.295	-0.785	-1.686	0.251	0.207	0.838	0.198	0.363	1.243	1.197	0.267	-0.825
Lysobacter_OAE881	ABIE51_RS04805	ABIE51_RS04805		A24 family peptidase	-1.894	-1.071	-1.156	-1.057	-1.857	-2.068	-1.802	-0.948	-1.777	-1.304	-0.365	-2.248	-1.331	1.735	-2.318	-1.304	-2.101	-1.558	1.113	-2.274	-1.238	-1.104	-2.668	-0.357	-1.397
Lysobacter_OAE881	ABIE51_RS04810	ABIE51_RS04810		type II secretion system F family protein	0.852	0.071	-0.137	0.127	0.825	0.803	-0.411	-1.146	0.001	0.797	0.018	0.288	-0.685	0.076	1.455	0.364	0.473	0.567	0.988	0.395	0.208	-0.711	0.505	0.832	0.186
Lysobacter_OAE881	ABIE51_RS04815	ABIE51_RS04815		type IV-A pilus assembly ATPase PilB	1.440	0.175	0.322	0.789	-0.034	0.162	-0.260	-2.338	0.007	0.252	0.258	0.350	-0.369	0.361	0.678	0.106	0.680	0.284	0.749	0.837	-0.734	-0.975	-1.653	0.618	0.573
Lysobacter_OAE881	ABIE51_RS04820	ABIE51_RS04820		hypothetical protein	0.039	0.776	1.089	0.124	1.258	1.572	1.909	1.293	0.319	-0.302	-2.877	2.018	-0.100	-0.039	1.144	0.382	-0.429	1.582	-0.307	-0.405	-0.006	0.410	0.932	0.260	0.628
Lysobacter_OAE881	ABIE51_RS04825	ABIE51_RS04825		pilin	-0.514	-1.008	-1.800	-0.820	-2.311	-3.140	-0.223	-4.002	-1.378	-0.036	-8.705	-4.562	-1.992	-0.060	-1.365	-2.858	-3.281	-2.261	-3.857	-1.515	-0.331	-1.208	-2.846	-1.189	-2.118
Lysobacter_OAE881	ABIE51_RS04830	ABIE51_RS04830		hypothetical protein	1.209	-0.177	0.110	-0.384	-1.370	1.116	0.521	-0.401	0.873	-0.610	0.767	-0.735	-0.457	0.190	-0.096	1.471	-0.538	1.567	-0.319	-0.614	0.938	-0.834	0.740	0.719	-0.334
Lysobacter_OAE881	ABIE51_RS04835	ABIE51_RS04835		glycosyltransferase family 2 protein	1.358	1.481	3.813	-0.378	1.843	1.175	-0.483	1.376	1.147	1.299	-0.172	2.109	0.966	3.190	-0.350	2.349	-0.251	2.214	2.464	1.904	0.888	1.361	0.372	0.857	4.612
Lysobacter_OAE881	ABIE51_RS04840	ABIE51_RS04840		glycosyltransferase family 2 protein	0.721	0.934	2.482	0.635	0.838	1.003	0.779	0.930	1.095	0.707	-0.410	0.724	0.822	1.475	0.746	1.643	0.137	1.139	-0.211	0.487	1.637	2.015	-0.213	0.753	-0.101
Lysobacter_OAE881	ABIE51_RS04845	ABIE51_RS04845		methyltransferase domain-containing protein	0.150	0.323	-0.949	0.356	0.152	1.433	-0.407	-0.195	-0.931	0.586	-0.421	0.251	-0.818	1.044	0.446	-0.806	1.636	-0.307	0.486	0.278	0.361	0.467	-0.453	-1.661	-1.188
Lysobacter_OAE881	ABIE51_RS04850	ABIE51_RS04850		sigma-54 dependent transcriptional regulator	0.040	0.851	-1.361	1.224	-4.942	-4.962	1.169	-10.785	-2.216	0.705	3.521	-2.106	0.468	2.629	2.698	-2.721	-4.354	-10.192	3.323	-1.443	-0.256	0.606	-1.578	0.489	1.067
Lysobacter_OAE881	ABIE51_RS04855	ABIE51_RS04855		ATP-binding protein	-0.006	-0.015	-1.979	1.044	-1.014	-2.633	-0.813	-4.747	0.374	-0.910	-10.658	-7.713	0.114	-4.437	0.199	-2.470	0.266	0.031	-7.736	-0.106	-0.513	-1.903	-6.078	-0.461	0.444
Lysobacter_OAE881	ABIE51_RS04870	ABIE51_RS04870		endonuclease domain-containing protein	0.484	0.009	0.652	0.260	1.016	1.595	-0.283	0.747	0.359	-0.135	2.066	0.915	0.494	1.035	1.230	0.190	1.427	0.351	1.931	0.605	-0.356	0.986	-0.768	-0.954	0.072
Lysobacter_OAE881	ABIE51_RS04885	ABIE51_RS04885		23S rRNA pseudouridine(1911/1915/1917) synthase RluD	-0.047	0.401	2.472	1.507	0.761	0.368	0.318	-2.624	-0.494	2.328	-0.490	-1.380	0.335	1.156	-0.011	1.739	1.304	-1.521	1.466	1.576	-0.109	0.647	0.715	1.320	1.408
Lysobacter_OAE881	ABIE51_RS04890	ABIE51_RS04890		peptidoglycan editing factor PgeF	-0.479	-0.221	0.854	0.491	1.391	0.978	0.076	1.535	1.321	-1.072	-1.332	0.101	0.197	0.399	0.480	-0.133	1.057	-0.470	-0.387	-0.151	1.117	0.368	-0.445	0.763	0.586
Lysobacter_OAE881	ABIE51_RS04895	ABIE51_RS04895		DUF3574 domain-containing protein	-0.428	-0.001	1.241	0.050	-0.542	0.882	0.500	0.840	-1.302	-0.492	-0.131	-1.131	0.838	-0.144	-0.035	0.191	0.081	-0.147	0.300	1.094	0.092	0.153	-0.327	-0.778	-0.327
Lysobacter_OAE881	ABIE51_RS04900	ABIE51_RS04900		hypothetical protein	-0.570	0.234	0.546	-0.958	-0.444	-0.013	0.094	-0.448	-0.261	-1.363	-0.292	-0.841	-0.082	-1.742	-0.256	0.149	-1.676	-0.360	-0.555	-0.800	0.220	-0.190	-0.276	0.800	0.317
Lysobacter_OAE881	ABIE51_RS04905	ABIE51_RS04905		lactoylglutathione lyase	0.047	-0.648	-0.257	-0.903	-2.233	0.785	0.035	0.647	-0.071	-2.344	0.091	1.050	0.750	-0.580	-1.460	0.869	1.418	0.217	0.957	-2.091	-0.018	-0.975	-1.711	-0.740	-1.431
Lysobacter_OAE881	ABIE51_RS04910	ABIE51_RS04910		alpha,alpha-trehalose-phosphate synthase (UDP-forming)	-0.595	-0.452	0.172	0.109	-0.416	0.715	-0.738	-5.711	-0.495	-1.007	-0.063	0.725	-2.345	-1.399	-1.106	-0.875	-1.121	1.770	-2.530	-0.849	-1.197	-1.149	-0.334	0.495	2.335
Lysobacter_OAE881	ABIE51_RS04915	ABIE51_RS04915		glycoside hydrolase family 15 protein	-0.020	0.422	-0.135	-0.025	1.131	-0.174	1.063	-0.071	0.706	0.741	-1.999	-0.487	0.403	-0.871	0.598	0.499	-0.824	-0.274	-1.217	0.236	0.973	-0.634	0.279	0.043	0.089
Lysobacter_OAE881	ABIE51_RS04920	ABIE51_RS04920		trehalose-phosphatase	0.713	-0.099	-0.845	-0.515	-0.656	-0.816	-0.623	-0.876	-0.783	-0.314	0.724	-0.115	-0.538	-0.513	0.395	-0.220	-0.596	-0.534	0.241	-0.401	-0.473	-0.605	-0.638	-0.603	0.423
Lysobacter_OAE881	ABIE51_RS04925	ABIE51_RS04925		ATP-dependent chaperone ClpB	-2.647	-0.225	-1.325	2.423	-1.450	-1.365	1.105	-1.380	-1.188	-0.997	0.134	-0.109	-0.831	0.367	0.032	-0.898	-3.280	-1.508	-1.880	-2.247	0.497	-0.114	-0.905	-0.725	0.037
Lysobacter_OAE881	ABIE51_RS04930	ABIE51_RS04930		TonB-dependent vitamin B12 receptor	-1.030	-1.942	-0.215	0.572	-0.343	-1.446	-1.594	-0.283	-1.172	0.627	-1.060	0.236	-1.592	0.497	-0.525	0.229	-0.284	-0.677	-0.518	-2.389	-1.630	0.134	0.361	-1.117	0.355
Lysobacter_OAE881	ABIE51_RS04935	ABIE51_RS04935		hypothetical protein	-0.245	0.082	0.718	-1.088	-0.927	-0.394	0.828	0.531	-0.253	0.555	0.569	-0.719	-1.021	0.449	-1.130	0.448	-0.455	-0.495	0.281	0.368	-2.997	1.143	-0.521	0.998	-2.113
Lysobacter_OAE881	ABIE51_RS04940	ABIE51_RS04940		hypothetical protein	0.078	-0.088	-0.160	0.468	-0.726	0.495	-0.840	0.653	0.499	0.402	0.649	0.564	-0.202	-0.882	0.666	1.485	2.404	0.056	1.167	0.437	0.133	2.028	0.407	-0.874	-0.681
Lysobacter_OAE881	ABIE51_RS04945	ABIE51_RS04945		cob(I)yrinic acid a,c-diamide adenosyltransferase	-0.107	1.274	-0.421	1.143	-0.010	1.010	-1.197	0.254	0.158	-0.177	-0.680	-1.180	-0.438	-1.454	0.384	0.791	0.102	0.138	-1.389	0.827	0.002	-0.963	-1.427	-0.777	-0.291
Lysobacter_OAE881	ABIE51_RS04955	ABIE51_RS04955		adenosylcobinamide-phosphate synthase CbiB	1.465	0.209	0.342	-1.082	1.858	2.086	1.435	-0.952	-0.366	1.001	0.276	0.723	-1.739	-0.535	-0.736	-0.088	0.200	-0.088	0.547	-0.024	0.805	0.874	0.410	0.804	-1.051
Lysobacter_OAE881	ABIE51_RS04960	ABIE51_RS04960		threonine-phosphate decarboxylase CobD	-0.834	-0.187	0.057	1.081	0.247	0.170	-0.103	-0.214	-0.400	-0.719	-0.657	-0.505	0.044	1.390	0.162	-1.607	-0.676	-1.320	-1.393	-1.371	-0.606	-1.175	-1.192	-1.682	-1.473
Lysobacter_OAE881	ABIE51_RS04965	ABIE51_RS04965		cobyric acid synthase	0.315	-0.075	-0.329	-0.785	-0.531	-0.138	0.347	-0.560	0.905	-1.329	0.992	0.614	1.534	0.637	1.394	-1.163	-0.369	-2.588	-0.682	-0.215	0.922	-1.131	-1.760	1.513	-0.505
Lysobacter_OAE881	ABIE51_RS04970	ABIE51_RS04970		bifunctional adenosylcobinamide kinase/adenosylcobinamide-phosphate guanylyltransferase	-0.549	-0.375	0.336	0.284	-0.603	-1.350	1.430	0.097	1.507	-1.043	-0.016	-0.203	-0.832	0.968	-0.345	-0.934	-0.393	-1.488	-0.315	-0.044	-1.534	-0.081	-0.390	0.439	0.874
Lysobacter_OAE881	ABIE51_RS04975	ABIE51_RS04975		nicotinate-nucleotide--dimethylbenzimidazole phosphoribosyltransferase	-0.265	0.347	0.372	-2.862	-1.807	-0.124	-0.311	0.001	0.302	-1.586	-0.702	0.954	-1.499	-0.199	-0.156	0.402	1.824	-0.487	0.209	-0.384	-1.061	-0.641	1.527	-1.107	0.670
Lysobacter_OAE881	ABIE51_RS04985	ABIE51_RS04985		adenosylcobinamide-GDP ribazoletransferase	-0.024	-0.787	-0.563	0.626	0.132	-0.260	0.294	-0.740	1.084	1.103	0.278	-0.335	-0.685	-0.877	-1.933	0.626	-0.302	1.651	1.382	-0.820	0.248	1.177	1.146	-0.529	-0.600
Lysobacter_OAE881	ABIE51_RS04990	ABIE51_RS04990		YceH family protein	0.319	-1.453	-3.314	-1.981	-0.293	-1.272	-0.548	-1.642	-0.809	-0.716	-0.461	-1.206	-1.210	-0.253	0.262	-1.099	-0.709	-0.375	-2.311	-1.788	-0.139	-0.415	-1.095	0.153	-0.469
Lysobacter_OAE881	ABIE51_RS04995	ABIE51_RS04995		YbaL family putative K(+) efflux transporter	1.055	1.320	0.630	1.088	0.737	1.227	0.157	0.262	0.211	0.815	1.897	0.368	-0.039	-0.526	0.475	0.142	0.383	0.597	1.812	-1.239	1.193	0.629	0.375	-0.623	0.136
Lysobacter_OAE881	ABIE51_RS05000	ABIE51_RS05000		ABC-F family ATP-binding cassette domain-containing protein	-1.520	-1.843	-0.408	-0.380	-0.930	-0.839	0.621	-0.823	0.851	0.439	-1.637	-2.014	0.210	-1.544	-0.789	-0.574	0.048	-0.841	1.646	0.156	-0.537	-0.420	1.921	-2.359	2.454
Lysobacter_OAE881	ABIE51_RS05005	ABIE51_RS05005		PhzF family phenazine biosynthesis isomerase	-0.711	-0.315	-0.621	0.173	0.951	0.464	0.354	0.805	0.017	-1.040	0.788	1.030	1.256	0.106	0.013	0.688	-0.723	-0.487	1.433	-0.222	-1.351	-0.547	1.092	0.995	1.540
Lysobacter_OAE881	ABIE51_RS05010	ABIE51_RS05010		zinc ribbon domain-containing protein	1.334	-0.274	2.010	0.765	-0.191	0.761	0.031	0.163	-0.646	2.923	0.635	-0.405	1.316	-0.313	0.634	1.089	1.944	-0.622	1.498	-1.527	-0.731	-0.050	1.590	0.143	2.494
Lysobacter_OAE881	ABIE51_RS05025	ABIE51_RS05025		GNAT family N-acetyltransferase	0.076	-0.518	0.026	-0.088	-1.037	-0.524	-1.076	0.397	-0.028	0.276	-0.844	-0.760	-0.145	-0.089	1.481	-0.641	0.750	-0.685	0.893	-1.080	-0.432	-0.713	0.173	-0.244	0.462
Lysobacter_OAE881	ABIE51_RS05030	ABIE51_RS05030		alpha/beta hydrolase	-1.025	-0.528	-1.209	-0.544	-1.265	0.943	1.431	0.347	0.338	-0.467	-1.106	0.658	-0.491	-0.267	0.065	-0.806	0.815	-0.051	0.690	-1.726	-0.626	0.404	0.817	-0.554	-1.367
Lysobacter_OAE881	ABIE51_RS05035	ABIE51_RS05035		YebC/PmpR family DNA-binding transcriptional regulator	-0.068	1.355	1.177	1.300	1.197	1.012	0.108	1.321	0.470	1.510	0.693	1.969	-0.231	0.077	1.246	1.060	0.716	0.446	0.601	0.776	1.298	-0.012	1.532	1.345	-0.584
Lysobacter_OAE881	ABIE51_RS05045	ABIE51_RS05045		Holliday junction branch migration protein RuvA	-0.331	-1.104	-1.421	0.636	-1.315	-0.291	1.148	0.355	-1.179	-2.210	-0.719	-0.517	3.337	-0.777	0.285	-1.812	-1.769	-0.687	-1.189	0.399	-0.381	0.755	0.374	-0.799	-1.492
Lysobacter_OAE881	ABIE51_RS05060	ABIE51_RS05060		tol-pal system-associated acyl-CoA thioesterase	-0.267	-0.031	1.437	-0.263	-0.583	-0.017	1.321	-0.072	1.332	1.094	-0.113	1.332	0.138	0.745	0.119	0.292	0.573	-0.328	0.572	-0.034	-0.268	0.257	0.415	0.349	0.327
Lysobacter_OAE881	ABIE51_RS05095	ABIE51_RS05095		tol-pal system protein YbgF	-0.929	0.789	-0.044	0.911	0.339	0.174	1.873	0.126	0.622	0.850	0.939	-0.654	0.492	-0.232	0.368	-0.042	-0.657	-0.425	0.721	0.214	1.520	1.416	0.641	0.157	-0.805
Lysobacter_OAE881	ABIE51_RS05100	ABIE51_RS05100		7-carboxy-7-deazaguanine synthase QueE	-1.938	1.487	0.437	-0.099	-0.378	0.800	-2.270	-2.124	0.874	1.406	-1.025	1.661	-0.456	-0.544	-0.500	1.444	-0.516	-0.898	-0.832	0.964	1.318	1.646	-1.257	-0.742	-0.863
Lysobacter_OAE881	ABIE51_RS05105	ABIE51_RS05105		7-cyano-7-deazaguanine synthase QueC	-0.066	0.786	-0.443	0.409	-0.146	-0.942	0.425	-2.210	-1.416	0.341	0.956	-0.015	0.639	-2.115	0.060	0.872	-1.075	-0.488	-1.227	1.201	0.377	0.039	0.320	-0.205	-1.991
Lysobacter_OAE881	ABIE51_RS05115	ABIE51_RS05115		hypothetical protein	1.668	1.745	2.347	-0.511	1.942	1.763	0.486	0.453	0.768	1.486	2.741	1.953	1.968	1.210	0.085	1.798	0.816	2.370	1.243	0.601	1.431	1.999	1.352	0.614	0.158
Lysobacter_OAE881	ABIE51_RS05125	ABIE51_RS05125		hypothetical protein	1.377	2.146	-0.518	-0.433	1.273	0.838	2.133	1.798	0.252	-0.194	0.816	1.042	0.438	1.102	-0.201	0.724	1.316	0.766	-0.274	-0.289	0.019	0.637	0.465	0.862	0.852
Lysobacter_OAE881	ABIE51_RS05130	ABIE51_RS05130		hypothetical protein	-0.532	-0.083	0.860	-0.155	0.446	-0.657	0.611	0.378	0.416	0.715	0.846	-0.134	-0.049	0.917	0.026	1.080	0.714	0.158	-0.760	-0.546	-0.757	-0.163	0.212	0.883	-0.698
Lysobacter_OAE881	ABIE51_RS05140	ABIE51_RS05140		GFA family protein	0.277	0.565	-0.881	-0.456	-2.126	-0.064	1.171	0.560	-1.530	-1.569	-0.812	-1.260	-0.242	-0.974	-1.455	-0.581	0.235	0.842	-0.652	-1.238	-0.386	-1.160	-0.684	-1.020	-1.063
Lysobacter_OAE881	ABIE51_RS05145	ABIE51_RS05145		DNA helicase RecQ	-0.820	0.497	-0.528	-1.317	-1.459	0.236	0.325	0.010	0.203	-0.130	0.176	-0.049	-1.049	0.069	0.989	0.692	-2.007	0.854	0.727	-0.310	0.357	-0.496	-0.359	0.275	-1.401
Lysobacter_OAE881	ABIE51_RS05150	ABIE51_RS05150		Dps family protein	0.133	-0.635	-1.354	0.582	-3.226	-2.892	0.575	-1.199	-0.578	-0.355	-0.179	1.221	0.304	-1.338	-1.738	-1.624	-1.921	-2.356	-2.453	-0.194	-2.083	-0.226	1.351	-0.394	0.527
Lysobacter_OAE881	ABIE51_RS05155	ABIE51_RS05155		ATP-dependent RNA helicase HrpA	1.047	2.094	-0.510	0.965	-0.876	-0.004	0.623	1.277	-0.406	-0.127	1.126	0.084	1.869	0.083	0.316	-0.566	-1.017	-0.502	-0.259	0.472	-1.137	1.160	-0.308	0.646	-0.257
Lysobacter_OAE881	ABIE51_RS05160	ABIE51_RS05160		hypothetical protein	-1.033	-0.435	-0.818	-0.437	0.148	-1.164	0.865	0.991	-0.715	-0.052	-0.496	-1.095	-1.364	-0.077	0.449	-0.717	-0.011	0.380	-0.260	-0.585	1.054	0.767	0.963	0.542	1.092
Lysobacter_OAE881	ABIE51_RS05165	ABIE51_RS05165		hypothetical protein	0.575	0.734	-2.041	1.777	-0.977	0.004	-0.450	0.283	-1.420	-1.753	-0.149	-0.139	0.411	-0.934	-1.044	1.470	-1.726	-0.556	0.190	1.007	-0.364	1.347	-0.827	0.607	1.550
Lysobacter_OAE881	ABIE51_RS05170	ABIE51_RS05170		bifunctional (p)ppGpp synthetase/guanosine-3',5'-bis(diphosphate) 3'-pyrophosphohydrolase	-0.389	1.775	0.295	-1.120	-8.254	-6.310	-0.434	-1.449	-7.440	-0.534	0.922	-6.504	-1.696	-0.790	-1.198	1.261	-7.943	-4.991	-0.359	-3.388	-1.410	0.839	-4.111	-0.142	0.829
Lysobacter_OAE881	ABIE51_RS05175	ABIE51_RS05175		hypothetical protein	-2.733	1.741	-0.344	-1.338	0.978	-0.594	-0.362	-2.066	0.063	0.278	-3.231	-0.099	-1.659	-0.149	0.086	1.733	-0.464	1.123	-0.435	0.055	-0.772	-0.430	-0.516	-0.606	-0.939
Lysobacter_OAE881	ABIE51_RS05180	ABIE51_RS05180		glycosyltransferase	-6.079	-7.839	-9.124	-2.665	-5.098	-9.303	-3.529	-7.977	-5.391	-1.955	-4.440	-6.148	-4.690	-5.251	-2.700	-7.942	-5.588	-2.969	-4.768	-6.363	-4.074	-6.452	-8.379	-6.295	-5.465
Lysobacter_OAE881	ABIE51_RS05185	ABIE51_RS05185		penicillin-binding protein 1B	-0.746	-1.163	-0.916	0.093	0.139	-1.825	0.561	-0.276	-1.006	-0.398	-0.614	-0.759	-0.341	-0.395	-1.026	-0.287	-0.841	-1.492	-0.452	-1.764	-0.159	-1.536	0.160	-0.816	-0.079
Lysobacter_OAE881	ABIE51_RS05190	ABIE51_RS05190		tetratricopeptide repeat protein	0.350	-1.224	0.564	-1.187	0.484	-2.008	0.324	0.253	-0.475	-0.278	-0.641	-0.388	0.398	0.718	0.392	-0.386	1.222	0.034	0.001	0.043	-0.994	2.010	-0.078	0.500	1.889
Lysobacter_OAE881	ABIE51_RS05195	ABIE51_RS05195		ATP-dependent DNA helicase	0.281	0.877	-0.629	0.075	0.330	0.098	-0.347	1.146	0.626	0.378	1.072	1.308	-0.383	1.685	-0.349	0.807	1.634	1.499	-0.124	-1.093	0.954	1.043	0.819	0.491	0.936
Lysobacter_OAE881	ABIE51_RS05205	ABIE51_RS05205		energy transducer TonB	-0.614	1.026	0.177	-0.523	-1.187	-0.268	0.502	-0.928	-0.376	-1.242	-0.327	-0.085	-2.257	1.388	-0.334	-0.501	0.472	-0.493	-0.879	0.222	0.448	-0.114	1.066	-2.440	-0.282
Lysobacter_OAE881	ABIE51_RS05215	ABIE51_RS05215		twitching motility response regulator PilG	-0.072	0.258	-1.223	-0.590	-0.249	0.485	-1.222	-0.907	0.129	1.921	0.009	0.684	0.712	-0.163	-0.663	0.089	0.302	-0.228	1.246	-0.687	-1.084	1.001	0.190	1.573	1.164
Lysobacter_OAE881	ABIE51_RS05220	ABIE51_RS05220		response regulator	0.143	0.205	1.924	-0.082	0.743	-0.239	2.117	-0.062	-1.240	0.817	-0.158	-0.889	-0.741	-0.156	-0.745	-0.431	0.513	-0.100	-0.016	0.587	0.109	-0.175	0.064	-0.455	1.463
Lysobacter_OAE881	ABIE51_RS05225	ABIE51_RS05225		chemotaxis protein CheW	0.514	0.341	0.396	1.685	0.861	-0.452	0.157	0.420	-0.473	-0.188	0.699	0.446	-0.576	1.498	0.506	1.055	-0.293	-0.129	0.398	2.041	-1.048	0.746	0.325	0.067	0.710
Lysobacter_OAE881	ABIE51_RS05230	ABIE51_RS05230		methyl-accepting chemotaxis protein	0.047	0.206	0.840	-0.282	1.655	0.153	-0.917	0.728	0.335	0.345	-0.422	0.396	-1.122	2.284	1.641	1.003	1.241	0.458	0.979	1.048	-0.113	-1.025	-0.355	1.171	0.232
Lysobacter_OAE881	ABIE51_RS05235	ABIE51_RS05235		Hpt domain-containing protein	-0.426	0.318	1.206	-0.475	0.263	1.240	-0.551	-0.246	0.780	0.533	-0.058	0.713	0.106	0.932	0.692	1.280	0.920	0.828	0.343	-0.336	-0.756	-0.472	0.347	-0.476	0.002
Lysobacter_OAE881	ABIE51_RS05240	ABIE51_RS05240		chemotaxis protein CheB	-0.445	0.054	-1.464	-0.387	0.297	-0.322	-2.137	0.078	-0.186	0.298	-2.080	-1.237	1.050	-0.328	-0.632	-0.105	1.244	-0.657	0.240	0.801	-0.770	-0.453	-0.049	0.175	-2.162
Lysobacter_OAE881	ABIE51_RS05245	ABIE51_RS05245		chemotaxis protein CheW	3.281	0.624	-0.011	1.223	0.054	0.003	1.029	-0.509	-0.556	-0.967	-0.132	-0.900	-1.440	0.396	-0.648	-0.331	0.640	-1.031	-0.204	-1.078	-1.298	0.502	0.523	-0.464	2.415
Lysobacter_OAE881	ABIE51_RS05250	ABIE51_RS05250		heparan-alpha-glucosaminide N-acetyltransferase domain-containing protein	-1.012	-1.086	-0.030	0.603	0.202	2.164	0.082	-0.768	0.283	-0.112	0.067	0.946	0.189	0.717	0.523	-0.743	-0.046	-0.169	-1.558	-0.217	-1.231	3.669	0.785	1.184	0.273
Lysobacter_OAE881	ABIE51_RS05255	ABIE51_RS05255		hypothetical protein	1.421	-0.075	0.244	-0.725	-0.017	-0.476	-0.183	0.922	0.917	0.966	0.239	0.915	-1.493	0.022	0.494	0.574	0.928	0.955	0.747	0.998	-1.351	0.644	-1.169	-0.638	0.303
Lysobacter_OAE881	ABIE51_RS05260	ABIE51_RS05260		16S rRNA (uracil(1498)-N(3))-methyltransferase	-0.841	0.594	1.636	0.039	0.496	0.263	1.507	-0.995	-0.406	-1.340	1.769	1.063	0.493	-1.266	0.148	1.206	0.253	0.555	0.383	1.974	-1.415	-1.063	0.232	0.334	-1.513
Lysobacter_OAE881	ABIE51_RS05265	ABIE51_RS05265		adenosylmethionine--8-amino-7-oxononanoate transaminase	0.832	1.150	-0.112	-1.378	0.148	-0.698	-1.942	-0.684	-0.512	0.827	0.169	1.307	-1.442	0.578	1.642	0.714	-0.387	0.090	0.494	0.177	0.284	-0.024	0.481	0.472	-0.268
Lysobacter_OAE881	ABIE51_RS05270	ABIE51_RS05270		ADP compounds hydrolase NudE	0.443	0.805	0.847	-0.734	0.380	1.154	-0.342	-0.606	-0.187	1.234	1.314	1.494	0.407	0.768	-0.320	0.447	1.689	0.411	0.315	0.435	-1.480	1.283	-0.699	0.236	-1.114
Lysobacter_OAE881	ABIE51_RS05275	ABIE51_RS05275		3'(2'),5'-bisphosphate nucleotidase CysQ	0.390	-1.267	-0.128	-0.101	-4.615	-8.181	-0.166	-4.356	-6.462	-1.728	0.616	-1.508	-2.857	0.538	-0.592	0.131	-5.718	-4.867	-4.118	-4.842	-1.298	-0.763	-1.951	-1.556	0.701
Lysobacter_OAE881	ABIE51_RS05280	ABIE51_RS05280		nucleoside triphosphate pyrophosphohydrolase	0.159	-0.112	-0.759	-0.774	-0.723	-0.863	-1.638	-1.477	-1.187	0.106	0.188	-0.191	-0.328	-0.181	0.573	0.436	1.176	-1.725	-1.160	-0.761	0.405	-1.423	0.403	0.542	0.614
Lysobacter_OAE881	ABIE51_RS05285	ABIE51_RS05285		DUF962 domain-containing protein	-0.450	-0.111	0.113	-0.730	0.110	-0.344	1.755	-0.073	0.904	0.007	0.294	0.334	-2.938	-0.764	0.652	1.214	1.371	-0.940	1.018	0.514	-0.953	-0.457	0.248	-0.833	-1.259
Lysobacter_OAE881	ABIE51_RS05290	ABIE51_RS05290		DMT family protein	-2.471	-0.859	1.425	-0.517	0.802	-1.964	-1.396	-0.025	0.163	0.744	0.902	0.508	-0.620	0.730	-0.988	0.136	0.485	-0.698	0.905	-0.665	0.188	0.577	-1.332	0.160	-0.932
Lysobacter_OAE881	ABIE51_RS05295	ABIE51_RS05295		response regulator transcription factor	-1.345	-1.579	-0.291	0.823	3.645	0.983	-1.208	-5.806	5.031	-1.650	6.930	-1.370	-1.901	0.001	-0.273	-4.504	6.368	7.316	-3.243	9.059	-0.940	4.401	12.494	1.353	-2.653
Lysobacter_OAE881	ABIE51_RS05300	ABIE51_RS05300		HAMP domain-containing sensor histidine kinase	-0.118	-0.894	-6.918	-0.887	-5.620	-4.848	-0.970	-9.402	-5.944	-0.102	-3.234	-4.178	-2.756	-2.620	-1.199	-7.043	-2.780	-6.004	-6.727	-5.995	-3.204	-2.028	-4.576	-0.405	-0.374
Lysobacter_OAE881	ABIE51_RS05305	ABIE51_RS05305		efflux RND transporter periplasmic adaptor subunit	-1.677	0.311	-1.207	0.259	-0.874	-1.861	-3.160	-0.365	0.091	-0.320	0.263	1.499	-0.306	-0.177	-2.427	-0.133	0.067	-1.161	-0.925	-1.022	0.007	-2.543	0.726	-1.810	1.342
Lysobacter_OAE881	ABIE51_RS05310	ABIE51_RS05310		ABC transporter ATP-binding protein	0.683	-0.045	-0.703	-2.310	0.214	0.554	1.130	-1.775	0.091	-0.025	-0.270	-0.372	0.920	0.877	-1.316	-0.268	-1.216	-0.116	-2.087	-0.596	-0.277	0.818	0.667	1.523	0.425
Lysobacter_OAE881	ABIE51_RS05315	ABIE51_RS05315		ABC transporter permease	-0.682	0.020	0.787	-0.045	-0.828	0.870	0.658	-0.601	0.786	-0.322	-1.439	-0.124	-1.168	-0.166	-0.063	0.561	0.074	1.439	-0.239	-0.444	0.453	0.272	0.323	-1.746	1.509
Lysobacter_OAE881	ABIE51_RS05320	ABIE51_RS05320		isoaspartyl peptidase/L-asparaginase	1.137	-0.628	1.388	-1.013	0.833	0.063	-0.039	1.007	1.448	1.244	-0.278	-0.663	1.315	1.087	1.389	1.782	-0.081	-0.831	1.781	0.475	1.634	0.423	1.013	1.657	1.216
Lysobacter_OAE881	ABIE51_RS05325	ABIE51_RS05325		VOC family protein	0.517	0.638	-1.050	-0.390	0.869	-0.489	0.077	-0.212	-0.090	1.733	-0.576	-0.606	0.591	0.519	0.464	-0.308	-0.171	1.102	-0.027	-0.520	0.586	0.290	0.283	0.949	-0.275
Lysobacter_OAE881	ABIE51_RS05330	ABIE51_RS05330		antibiotic biosynthesis monooxygenase	-0.530	0.439	-0.283	-0.094	-1.088	0.048	-1.088	-0.261	-0.175	0.439	-1.033	-0.359	-0.396	2.003	0.670	-0.317	-0.145	0.072	-0.973	-0.240	-1.459	1.122	-0.284	-0.529	-0.277
Lysobacter_OAE881	ABIE51_RS05335	ABIE51_RS05335		diacylglycerol kinase	1.334	-0.338	-2.484	-0.338	-0.604	-0.264	-0.896	0.480	1.008	-0.416	-0.887	-0.608	1.748	-0.236	-0.481	-1.858	0.902	0.445	0.569	0.538	0.660	0.335	0.760	0.114	-0.291
Lysobacter_OAE881	ABIE51_RS05340	ABIE51_RS05340		TerC family protein	0.152	2.017	-1.625	2.337	-1.774	0.429	-0.715	-0.696	0.952	2.395	2.206	0.356	-2.193	2.325	5.138	-1.727	-0.806	-2.679	0.183	-0.705	0.368	-1.619	-0.028	0.894	0.423
Lysobacter_OAE881	ABIE51_RS05345	ABIE51_RS05345		LemA family protein	-0.046	-0.482	-0.655	0.140	0.344	-0.102	-0.259	-0.590	0.695	1.513	0.029	-0.219	0.289	-0.227	1.106	0.339	0.762	0.226	0.037	0.398	0.199	-0.787	-0.608	-0.676	-0.225
Lysobacter_OAE881	ABIE51_RS05350	ABIE51_RS05350		TPM domain-containing protein	1.024	0.544	0.707	1.858	0.600	0.031	2.155	0.659	1.464	0.791	-0.503	1.634	1.334	3.998	1.616	1.524	0.458	1.691	-0.230	1.191	2.796	0.176	-0.035	0.029	0.709
Lysobacter_OAE881	ABIE51_RS05355	ABIE51_RS05355		TPM domain-containing protein	0.887	-0.296	0.063	1.109	-0.157	-0.721	-0.683	0.158	-0.514	-0.073	-0.065	0.462	-1.669	-1.296	-0.388	-0.795	0.875	-0.680	0.100	0.266	-0.659	-0.927	0.419	-0.457	0.306
Lysobacter_OAE881	ABIE51_RS05375	ABIE51_RS05375		symmetrical bis(5'-nucleosyl)-tetraphosphatase	0.324	0.353	0.734	1.748	1.534	-1.308	1.658	1.162	1.962	-0.084	0.438	0.546	0.069	2.530	-0.933	-0.129	1.998	1.774	0.984	1.646	-0.000	0.349	-1.565	0.487	0.290
Lysobacter_OAE881	ABIE51_RS05380	ABIE51_RS05380		Co2+/Mg2+ efflux protein ApaG	0.157	0.163	-0.882	-0.545	-0.207	-0.665	0.104	0.526	-1.361	-1.666	1.241	-0.864	0.360	0.782	0.496	-0.538	0.085	-1.303	0.051	-0.483	-0.385	-1.193	0.781	0.021	2.202
Lysobacter_OAE881	ABIE51_RS05385	ABIE51_RS05385		16S rRNA (adenine(1518)-N(6)/adenine(1519)-N(6))- dimethyltransferase RsmA	1.925	-0.367	-2.480	-1.074	-3.135	-1.910	0.086	-1.736	-2.446	0.085	-0.575	-1.260	-1.472	-0.471	-0.703	-4.652	-3.411	-3.827	-1.984	-1.647	-1.010	-1.066	-2.934	-0.898	-0.726
Lysobacter_OAE881	ABIE51_RS05405	ABIE51_RS05405		peptide-methionine (R)-S-oxide reductase MsrB	-0.479	0.255	-0.641	1.130	0.113	-0.316	-0.364	0.378	-0.187	-0.268	0.508	-0.519	1.245	0.170	-0.147	-0.387	-0.185	-1.974	-0.889	-0.622	-0.844	-1.922	-1.202	0.666	-0.885
Lysobacter_OAE881	ABIE51_RS05410	ABIE51_RS05410		histone deacetylase family protein	0.687	1.241	0.369	0.654	0.560	0.153	-0.707	1.327	-4.229	0.811	0.569	-0.243	-0.849	1.186	0.227	-1.055	0.376	0.681	1.336	-4.181	0.956	-0.729	-0.024	1.877	0.306
Lysobacter_OAE881	ABIE51_RS05415	ABIE51_RS05415		cob(I)yrinic acid a,c-diamide adenosyltransferase	0.248	-0.366	-1.684	0.839	-3.196	-2.541	0.704	-1.647	-4.004	-0.047	-0.237	-0.348	-1.267	-0.904	-2.574	-1.072	-1.778	0.048	-2.682	-2.507	-1.194	-3.500	-0.788	-2.868	0.446
Lysobacter_OAE881	ABIE51_RS05420	ABIE51_RS05420		DUF6580 family putative transport protein	1.676	-1.205	-1.328	-1.181	-3.171	-3.749	-0.080	-2.894	-3.646	-1.044	-1.612	-1.658	0.081	-0.680	-2.132	-0.708	-1.659	-2.515	-3.164	-2.334	-0.315	-1.689	-3.828	-0.645	0.255
Lysobacter_OAE881	ABIE51_RS05435	ABIE51_RS05435		EF-hand domain-containing protein	-0.561	0.048	0.187	-1.170	-0.384	-0.425	-1.834	0.207	-0.795	0.574	0.830	-0.702	-2.100	-0.626	-0.537	-0.525	-0.044	-0.574	-0.972	0.238	-0.407	-0.629	0.067	-0.258	-0.737
Lysobacter_OAE881	ABIE51_RS05440	ABIE51_RS05440		23S rRNA (cytidine(2498)-2'-O)-methyltransferase RlmM	-1.303	0.599	-1.626	-1.244	-0.414	-1.754	-1.602	-0.618	-2.235	-2.041	-0.784	-1.108	-1.738	-0.652	-0.972	-1.108	-0.540	-1.810	-0.972	-0.732	0.416	-0.708	-0.646	-1.518	0.310
Lysobacter_OAE881	ABIE51_RS05445	ABIE51_RS05445		nucleoside deaminase	0.719	-0.107	-0.006	0.332	-0.379	0.228	-0.710	0.483	0.208	0.480	-0.851	1.064	-1.536	-0.552	0.938	0.045	0.450	-0.870	0.065	-0.869	0.816	-0.716	-0.117	1.069	1.496
Lysobacter_OAE881	ABIE51_RS05465	ABIE51_RS05465		adenine phosphoribosyltransferase	-0.330	0.796	-1.003	0.971	-0.161	-0.830	-0.378	0.182	0.934	0.003	-0.155	-0.507	-0.430	-1.052	-0.257	-1.247	0.875	-0.249	-1.713	-0.730	-0.915	-1.009	0.070	0.715	0.091
Lysobacter_OAE881	ABIE51_RS05470	ABIE51_RS05470		hypothetical protein	-0.578	0.145	0.168	1.267	0.446	-0.118	0.104	-1.088	1.828	-1.756	-0.206	0.115	-0.736	0.541	1.653	0.241	0.737	0.249	1.092	1.310	0.733	1.422	0.189	0.583	0.025
Lysobacter_OAE881	ABIE51_RS05475	ABIE51_RS05475		LysR substrate-binding domain-containing protein	-0.436	-0.410	-0.524	0.996	0.910	0.077	-1.403	-0.826	1.208	0.150	1.090	-1.217	0.571	0.406	0.800	-0.909	-0.367	0.354	-0.852	-1.310	0.069	-0.130	-0.703	0.151	-1.077
Lysobacter_OAE881	ABIE51_RS05480	ABIE51_RS05480		alkyl hydroperoxide reductase subunit F	-1.395	-0.973	0.314	-0.150	0.221	-0.278	0.353	1.491	-0.551	1.275	0.295	2.001	0.417	0.850	-0.353	0.780	0.004	0.490	-0.253	-0.447	-0.578	1.092	0.074	-1.190	0.063
Lysobacter_OAE881	ABIE51_RS05485	ABIE51_RS05485		alkyl hydroperoxide reductase subunit C	1.714	-0.774	0.899	0.017	0.410	2.386	2.244	-0.002	1.941	1.141	1.203	1.432	2.172	0.145	1.104	2.171	1.117	-1.017	0.909	1.247	1.618	0.144	2.493	1.150	-0.551
Lysobacter_OAE881	ABIE51_RS05495	ABIE51_RS05495		hypothetical protein	-0.027	0.788	-0.014	-0.343	0.328	0.255	0.134	-0.043	-0.563	0.430	-1.523	-0.085	-0.415	-0.124	0.868	-0.080	0.580	0.426	0.129	0.841	0.789	0.290	-0.096	-0.693	-0.336
Lysobacter_OAE881	ABIE51_RS05500	ABIE51_RS05500		prolyl aminopeptidase	-0.101	0.006	-0.057	-0.723	-0.736	-1.093	-0.870	-0.427	-0.184	-1.065	0.753	-0.596	0.354	1.091	-1.108	-1.765	-0.627	-1.131	-0.057	0.077	1.164	-0.553	0.754	-0.778	-0.864
Lysobacter_OAE881	ABIE51_RS05505	ABIE51_RS05505		sugar porter family MFS transporter	-1.955	-0.508	-0.676	-1.172	0.032	0.354	-1.003	-1.723	-0.392	0.658	-1.313	-1.515	-1.195	-0.551	-1.118	-0.991	0.280	0.512	-1.430	0.975	-0.128	-0.829	0.011	-0.636	-0.929
Lysobacter_OAE881	ABIE51_RS05510	ABIE51_RS05510		NUDIX hydrolase	-0.187	-1.133	0.682	1.220	-1.828	-0.177	0.533	0.101	0.025	0.316	0.914	-0.122	0.682	0.556	-0.449	1.262	-0.926	1.405	0.539	1.639	0.039	1.021	-0.757	0.317	0.194
Lysobacter_OAE881	ABIE51_RS05515	ABIE51_RS05515		5'-3' exonuclease H3TH domain-containing protein	-0.603	1.113	0.354	1.167	-1.613	0.901	-0.202	0.233	-0.573	-0.064	-0.409	-1.052	-0.557	0.469	0.101	-0.099	0.762	1.565	-0.204	-0.841	-0.056	-2.017	-1.820	0.165	0.055
Lysobacter_OAE881	ABIE51_RS05520	ABIE51_RS05520		nitroreductase	1.674	-0.833	-0.416	-0.341	-1.196	0.330	0.471	-0.420	-0.447	1.947	-2.028	-0.127	0.060	0.487	-1.263	1.125	-1.008	-0.685	1.885	-0.203	-0.495	0.267	-0.007	1.164	1.537
Lysobacter_OAE881	ABIE51_RS05525	ABIE51_RS05525		DUF1631 family protein	-0.688	-0.176	-0.275	0.271	-0.106	0.704	-1.636	0.137	-0.257	1.154	0.608	0.462	0.797	0.256	0.203	-0.075	-0.422	-0.556	-0.094	-0.386	-0.668	0.378	0.373	-0.279	1.432
Lysobacter_OAE881	ABIE51_RS05530	ABIE51_RS05530		NAD(P) transhydrogenase subunit alpha	-1.408	-0.310	0.219	1.052	-0.165	-1.808	0.976	0.531	-1.259	-0.641	-1.226	0.445	2.108	0.644	0.113	-0.537	-0.207	-1.937	0.132	-0.714	-0.037	-1.004	-0.492	0.844	1.456
Lysobacter_OAE881	ABIE51_RS05540	ABIE51_RS05540		hypothetical protein	-0.264	1.026	-2.142	-1.413	-0.838	-3.022	-0.848	-1.658	0.115	-1.109	-0.932	-1.366	-2.533	-0.670	-0.830	-2.870	-1.090	-1.546	-0.567	-0.294	0.262	1.229	-0.133	-0.798	-1.302
Lysobacter_OAE881	ABIE51_RS05545	ABIE51_RS05545		RNA polymerase sigma factor	-0.066	-0.527	0.725	0.933	0.199	1.857	-0.466	0.736	1.056	-0.392	-0.570	-0.649	-1.063	0.651	-0.335	0.013	-0.679	0.480	-0.523	0.202	0.546	-0.715	1.039	-2.015	0.647
Lysobacter_OAE881	ABIE51_RS05550	ABIE51_RS05550		hypothetical protein	0.377	-0.425	-0.063	0.747	0.804	-0.456	-1.313	-0.892	-0.188	0.354	-0.382	-1.084	0.973	1.057	-0.827	0.410	-0.066	0.932	1.047	-1.217	0.439	-0.950	-0.535	-0.461	-1.724
Lysobacter_OAE881	ABIE51_RS05555	ABIE51_RS05555		NAD(P) transhydrogenase subunit alpha	-0.263	-1.009	1.195	-0.053	1.335	-0.625	2.100	0.778	0.342	-0.271	-0.913	0.797	-0.031	-0.190	-0.125	0.130	0.126	-1.263	-0.407	0.159	-0.739	-0.231	-0.954	1.104	1.420
Lysobacter_OAE881	ABIE51_RS05560	ABIE51_RS05560		NAD(P)(+) transhydrogenase (Re/Si-specific) subunit beta	-1.296	0.054	0.053	0.349	-0.406	-1.174	0.010	2.410	-0.288	-0.583	-1.089	0.586	0.810	-0.649	-0.435	0.511	-0.294	-2.220	-0.247	0.402	-0.766	-1.071	-0.616	-0.099	-0.516
Lysobacter_OAE881	ABIE51_RS05565	ABIE51_RS05565		hypothetical protein	-1.466	0.801	0.798	1.038	1.839	0.454	0.854	0.004	0.257	-0.266	-0.813	0.618	-1.772	0.683	-0.435	-0.144	1.123	0.601	-0.059	0.038	0.653	-0.161	-0.358	-0.594	1.864
Lysobacter_OAE881	ABIE51_RS05570	ABIE51_RS05570		hypothetical protein	-0.062	-1.449	0.544	0.863	-0.540	-0.405	0.350	0.818	-0.641	0.765	-0.034	-0.527	1.003	-1.620	0.576	0.494	0.758	-1.334	-0.722	-1.324	-1.473	-0.169	-0.197	-0.791	-0.334
Lysobacter_OAE881	ABIE51_RS05575	ABIE51_RS05575		helix-turn-helix transcriptional regulator	-0.049	1.545	-1.011	-0.124	1.901	-0.604	-0.498	0.387	0.032	-0.276	-1.369	-0.716	1.251	0.119	0.111	-0.483	-0.894	1.123	0.137	0.011	1.371	1.084	1.096	0.268	-0.042
Lysobacter_OAE881	ABIE51_RS05580	ABIE51_RS05580		hypothetical protein	0.346	0.369	-0.088	0.191	-1.047	1.005	-0.836	0.775	-0.659	-1.456	-0.156	0.041	1.481	1.718	-0.351	-0.197	-0.111	-0.367	-1.013	0.541	-0.359	-0.333	0.848	-0.390	0.186
Lysobacter_OAE881	ABIE51_RS05585	ABIE51_RS05585		PLP-dependent aminotransferase family protein	0.108	-0.051	1.143	-1.082	0.681	0.419	-0.359	-0.036	-0.776	-0.336	1.223	1.161	-0.439	-0.143	-0.479	1.354	0.736	-1.036	-0.141	-0.453	-0.706	-0.880	-1.218	-0.237	-1.752
Lysobacter_OAE881	ABIE51_RS05590	ABIE51_RS05590		hypothetical protein	-0.764	-1.859	-0.176	0.099	-0.335	0.979	-0.034	-0.692	-0.405	-0.651	0.049	0.435	-0.491	0.002	-2.342	-1.324	0.146	1.145	-0.915	0.141	-2.131	-0.528	0.228	0.184	0.251
Lysobacter_OAE881	ABIE51_RS05600	ABIE51_RS05600		S8 family peptidase	0.754	-0.272	3.327	0.825	1.907	-0.139	1.286	0.052	1.136	0.022	0.934	2.784	0.537	-0.050	-0.251	3.926	0.357	0.742	-0.459	2.002	0.930	0.525	2.614	-0.388	-0.469
Lysobacter_OAE881	ABIE51_RS05605	ABIE51_RS05605		proprotein convertase P-domain-containing protein	-0.646	-0.992	0.690	1.586	-0.528	-0.321	-0.591	0.916	-0.361	-0.559	-0.742	4.054	-0.066	-0.200	0.185	0.835	-1.172	-1.272	-0.802	2.522	-0.203	0.645	0.627	-2.179	-0.359
Lysobacter_OAE881	ABIE51_RS05610	ABIE51_RS05610		M12 family metallo-peptidase	0.255	-0.012	0.463	-0.001	0.226	-0.374	-0.187	-0.084	1.285	-0.645	1.035	2.337	0.698	1.831	0.840	0.160	0.438	-0.897	0.778	0.823	-0.490	-2.128	0.962	0.802	0.231
Lysobacter_OAE881	ABIE51_RS05615	ABIE51_RS05615		proprotein convertase P-domain-containing protein	1.148	0.787	1.316	-2.023	0.556	0.643	0.736	1.597	-0.002	1.823	0.800	0.334	1.029	0.149	-0.067	0.095	2.597	1.636	0.422	1.542	0.830	0.593	-0.637	1.079	-0.804
Lysobacter_OAE881	ABIE51_RS05620	ABIE51_RS05620		asparaginase domain-containing protein	0.118	-0.764	0.025	0.463	0.138	-0.845	-0.328	-0.377	-1.326	0.891	0.106	-1.268	1.018	-2.950	1.193	0.424	1.088	1.301	-0.079	0.355	-0.432	-0.948	0.636	-0.230	-1.709
Lysobacter_OAE881	ABIE51_RS05630	ABIE51_RS05630		NAD(P)H:quinone oxidoreductase	0.245	-0.020	-0.146	1.309	0.826	1.622	-0.743	0.429	0.747	1.360	1.823	0.277	-0.293	1.394	-0.075	-0.324	1.428	-0.763	0.957	1.383	0.062	0.681	0.459	0.524	-0.511
Lysobacter_OAE881	ABIE51_RS05635	ABIE51_RS05635		YihY family inner membrane protein	-1.903	-1.362	-0.183	0.478	-2.143	-2.034	1.601	-1.080	-1.297	-0.822	0.833	-1.639	-0.743	0.413	-0.658	-0.905	-0.526	-2.122	-0.450	-1.662	0.410	-0.264	-2.453	-0.541	-1.982
Lysobacter_OAE881	ABIE51_RS05640	ABIE51_RS05640		TlpA disulfide reductase family protein	-0.937	-0.457	1.649	0.910	0.611	0.278	0.339	2.641	-0.161	2.408	1.166	0.221	1.051	0.582	0.424	1.268	0.918	0.637	0.198	1.308	-0.164	0.389	1.198	0.035	-0.121
Lysobacter_OAE881	ABIE51_RS05650	ABIE51_RS05650		autotransporter outer membrane beta-barrel domain-containing protein	0.586	0.543	0.137	-0.489	0.891	-0.304	0.226	-0.511	-0.185	-0.492	1.205	-0.691	0.520	-0.848	0.648	0.186	0.697	0.151	0.545	0.725	-0.324	-1.257	1.481	-1.003	-0.478
Lysobacter_OAE881	ABIE51_RS05655	ABIE51_RS05655		polyphosphate kinase 2	-0.144	1.289	0.526	0.675	0.632	0.448	0.662	0.309	0.363	0.591	1.529	-0.110	0.530	0.630	-0.219	0.131	1.415	0.479	1.438	0.086	0.417	0.668	0.995	0.941	1.862
Lysobacter_OAE881	ABIE51_RS05660	ABIE51_RS05660		helix-turn-helix domain-containing protein	-0.039	0.452	-0.535	-1.356	-1.599	0.719	0.183	-0.437	0.821	-0.142	1.954	-0.354	-0.588	-0.898	-0.749	0.968	-0.131	0.454	-1.171	0.038	-0.409	0.508	-0.110	0.254	0.503
Lysobacter_OAE881	ABIE51_RS05670	ABIE51_RS05670		PIG-L deacetylase family protein	-1.126	-0.861	-1.615	-0.943	-0.415	-0.746	-0.565	-0.953	-0.366	-0.830	-0.743	-0.449	0.538	-1.704	-0.410	-0.731	-1.301	-1.247	-1.785	-0.079	-1.041	-2.022	-0.926	-0.844	0.400
Lysobacter_OAE881	ABIE51_RS05675	ABIE51_RS05675		glycosyltransferase family 2 protein	-0.155	-0.709	1.506	1.484	-0.924	-0.992	-0.976	-1.631	-1.846	-0.174	0.079	-1.425	-0.219	-0.149	0.228	1.719	-1.310	0.020	-1.739	-0.677	-0.287	0.129	-1.550	-0.849	0.907
Lysobacter_OAE881	ABIE51_RS05680	ABIE51_RS05680		DapH/DapD/GlmU-related protein	0.286	0.717	2.810	0.777	1.156	1.320	0.014	-0.513	0.855	0.668	-0.373	0.945	-0.062	0.665	-0.542	0.286	0.188	0.009	-0.369	0.328	0.481	-0.549	1.248	2.265	-0.547
Lysobacter_OAE881	ABIE51_RS05685	ABIE51_RS05685		YaiO family outer membrane beta-barrel protein	-0.437	0.656	-0.782	-0.731	0.870	-1.578	-0.095	-0.780	-0.681	-0.052	1.186	-0.876	-0.156	1.408	-0.343	0.951	-0.834	0.299	-0.170	0.069	0.651	-1.062	-1.200	-0.449	-1.854
Lysobacter_OAE881	ABIE51_RS05690	ABIE51_RS05690		tetratricopeptide repeat protein	0.886	0.550	0.864	0.473	0.431	0.005	-0.994	-0.439	1.270	0.642	0.590	0.271	0.052	0.412	0.357	0.069	0.469	0.157	-0.913	0.331	0.041	-0.272	-0.742	-1.180	1.132
Lysobacter_OAE881	ABIE51_RS05695	ABIE51_RS05695		GNAT family N-acetyltransferase	0.734	0.810	-0.204	0.212	-0.373	-2.300	-1.173	-0.264	-1.208	-0.046	-1.015	-0.402	0.012	0.600	-0.274	0.051	0.005	-0.188	-0.725	-0.332	1.115	-0.535	-0.968	-0.513	0.673
Lysobacter_OAE881	ABIE51_RS05710	ABIE51_RS05710		tetratricopeptide repeat protein	-0.431	-1.117	-0.053	0.188	-0.833	-0.742	-0.994	-0.229	0.389	-0.654	-6.125	0.564	-1.861	-0.770	-0.741	-1.051	1.011	-0.502	-1.528	-0.591	-0.877	1.117	-0.538	-0.395	-2.055
Lysobacter_OAE881	ABIE51_RS05745	ABIE51_RS05745		redox-regulated ATPase YchF	0.338	0.568	-0.201	0.039	0.604	-1.905	-0.221	-0.287	-0.412	-0.862	2.171	-1.365	0.951	-1.547	0.498	-1.019	-1.195	0.641	0.151	-0.767	-0.342	-0.264	-0.114	0.953	-3.207
Lysobacter_OAE881	ABIE51_RS05975	ABIE51_RS05975		class II 3-deoxy-7-phosphoheptulonate synthase	-1.269	0.587	-8.977	1.261	-5.569	-9.455	-0.544	-8.724	-8.377	-3.124	-2.981	-4.406	-2.873	0.778	-2.203	-6.427	-6.116	-4.226	-6.344	-4.575	-1.353	-0.207	-4.681	0.216	-0.447
Lysobacter_OAE881	ABIE51_RS05980	ABIE51_RS05980		amidase	-0.226	-0.214	-0.484	-0.808	-0.273	-0.477	-1.019	0.167	0.352	-0.104	-0.180	-0.212	-0.541	-0.794	0.260	0.094	-0.635	-1.344	0.363	-0.369	1.480	-0.862	-0.695	0.428	0.161
Lysobacter_OAE881	ABIE51_RS05985	ABIE51_RS05985		DUF2127 domain-containing protein	0.197	0.112	-0.022	-1.774	-0.874	-0.423	-1.110	-2.661	-1.176	0.550	-0.600	-1.149	-1.522	-1.685	0.018	-1.144	-1.334	-0.814	-0.518	-0.271	-1.549	-2.002	-3.035	0.289	-0.030
Lysobacter_OAE881	ABIE51_RS05990	ABIE51_RS05990		translational GTPase TypA	0.554	-1.355	-0.133	-0.215	0.565	-1.062	-1.781	0.948	0.171	-0.317	-0.588	-0.466	0.692	-0.469	0.147	-1.417	-1.260	-0.079	1.551	-1.014	1.883	-1.669	-0.894	-0.728	0.540
Lysobacter_OAE881	ABIE51_RS05995	ABIE51_RS05995		peptidylprolyl isomerase	-0.412	1.060	0.642	0.588	-0.581	0.274	-0.786	0.445	0.022	0.084	0.192	0.769	1.310	0.817	-0.208	0.387	-1.307	-0.402	-0.222	-0.022	0.214	-0.165	-0.121	-0.489	0.604
Lysobacter_OAE881	ABIE51_RS06000	ABIE51_RS06000		pyridoxal phosphate-dependent aminotransferase	0.267	0.714	-15.822	1.410	-8.033	-14.897	0.176	-14.664	-10.693	-0.163	-0.858	-6.941	-1.517	4.660	-0.090	-15.563	-6.759	-10.652	-10.743	-7.069	0.053	1.200	-6.610	1.088	-2.364
Lysobacter_OAE881	ABIE51_RS06010	ABIE51_RS06010		propionate--CoA ligase	0.427	1.076	1.530	1.449	1.592	0.349	0.418	0.779	0.365	0.404	1.015	-0.335	0.002	-0.632	0.634	0.702	-0.547	0.125	1.027	-0.147	1.042	0.379	-0.375	0.255	-0.516
Lysobacter_OAE881	ABIE51_RS06015	ABIE51_RS06015		methylisocitrate lyase	-1.145	-0.939	-1.027	-0.394	-0.483	-0.984	-0.717	0.193	-0.200	-1.048	0.505	-0.277	-0.122	-0.395	-1.008	-0.933	-0.725	-0.296	0.356	-0.975	-0.396	-0.724	3.362	-0.924	-0.559
Lysobacter_OAE881	ABIE51_RS06020	ABIE51_RS06020		2-methylcitrate synthase	0.040	1.903	-3.066	0.143	0.151	-0.421	-1.352	0.476	-0.351	-1.303	-0.176	-0.072	-0.651	2.208	2.032	-2.501	-0.325	-0.812	1.178	1.596	0.129	1.237	1.019	3.777	-0.861
Lysobacter_OAE881	ABIE51_RS06025	ABIE51_RS06025		TonB-dependent receptor	0.689	1.518	0.822	0.106	0.898	-0.509	0.551	0.068	-0.529	0.975	1.309	0.632	-0.014	0.106	0.106	0.211	1.926	-0.062	0.471	-0.019	1.161	-0.297	0.806	0.437	-2.150
Lysobacter_OAE881	ABIE51_RS06030	ABIE51_RS06030		hypothetical protein	-0.094	-1.022	-0.934	-1.911	-0.766	0.167	0.396	-0.595	-0.845	-0.546	-0.139	0.329	-0.907	-0.639	-0.654	-0.748	-0.449	0.027	-0.074	-0.171	0.932	-0.654	-0.560	-0.885	0.544
Lysobacter_OAE881	ABIE51_RS06035	ABIE51_RS06035		glutathione S-transferase N-terminal domain-containing protein	0.623	0.923	0.410	0.130	-0.799	0.105	-0.812	-0.319	0.414	1.111	1.082	-0.266	0.985	-0.027	0.970	0.119	0.226	0.048	1.105	0.584	0.946	-0.063	0.160	-0.035	-0.102
Lysobacter_OAE881	ABIE51_RS06040	ABIE51_RS06040		cell wall hydrolase	-0.275	-1.297	-0.924	0.496	-1.715	-0.167	-1.507	-0.602	-1.906	-2.571	-0.385	-0.889	-0.077	-0.272	-0.925	-0.700	-3.457	-0.345	-0.057	-0.608	-0.428	-0.410	0.038	-1.469	-0.984
Lysobacter_OAE881	ABIE51_RS06045	ABIE51_RS06045		NADPH-dependent 2,4-dienoyl-CoA reductase	1.236	0.813	1.951	1.372	0.918	1.367	0.250	1.024	0.616	0.666	1.201	0.257	0.718	0.959	0.577	0.643	0.026	-0.227	0.709	-0.046	2.080	1.044	0.614	0.999	-1.848
Lysobacter_OAE881	ABIE51_RS06055	ABIE51_RS06055		hypothetical protein	-1.578	-0.633	-1.328	-0.873	-0.822	-0.451	1.313	-0.598	0.548	-0.694	-0.248	-0.668	-0.578	-0.627	-0.372	-1.230	-1.414	-1.240	-0.306	1.083	-1.426	-0.213	-1.155	-1.186	0.028
Lysobacter_OAE881	ABIE51_RS06065	ABIE51_RS06065		ATP-binding protein	0.185	-1.452	0.166	-1.400	0.089	-0.041	0.147	-1.686	-0.597	-2.038	-1.569	0.717	0.575	0.594	1.155	-1.011	-0.358	-0.865	-0.635	-0.427	-1.428	-0.023	-0.223	-0.236	-1.560
Lysobacter_OAE881	ABIE51_RS06070	ABIE51_RS06070		fructosamine kinase family protein	-1.800	-0.435	0.955	-1.485	0.324	0.485	0.208	-0.034	-0.083	1.651	-0.078	-0.589	-0.100	0.003	1.757	-1.396	0.063	1.799	-0.735	-0.672	0.221	-1.953	-0.263	-1.684	0.405
Lysobacter_OAE881	ABIE51_RS06075	ABIE51_RS06075		zinc-binding alcohol dehydrogenase family protein	-1.201	1.135	0.508	-0.159	0.083	0.232	-0.867	-0.671	-0.206	-0.168	1.407	-1.480	-0.396	-1.932	-0.090	0.915	-0.393	0.776	0.688	-0.376	0.783	0.051	-0.211	0.076	-1.275
Lysobacter_OAE881	ABIE51_RS06080	ABIE51_RS06080		aldo/keto reductase	0.403	-0.198	1.243	0.482	1.091	0.371	0.962	0.906	-0.787	0.290	0.165	-0.377	0.140	1.355	-0.572	-0.077	1.335	-0.082	0.846	-0.175	0.062	1.090	-0.398	-0.684	0.232
Lysobacter_OAE881	ABIE51_RS06085	ABIE51_RS06085		MFS transporter	-0.797	0.523	0.878	-0.161	-0.352	-0.006	-1.092	0.294	0.659	0.310	0.136	0.541	0.869	0.597	0.871	-0.371	0.731	-0.784	0.818	-0.753	2.194	-0.247	-0.879	-0.269	-1.306
Lysobacter_OAE881	ABIE51_RS06090	ABIE51_RS06090		LysR family transcriptional regulator	-0.394	-0.529	-0.076	0.186	-1.458	0.391	0.586	-0.486	-0.171	1.291	-0.990	0.273	-0.700	0.433	-0.937	0.075	0.764	0.056	0.489	-0.988	1.286	-1.735	0.921	-0.718	-2.631
Lysobacter_OAE881	ABIE51_RS06095	ABIE51_RS06095		class III extradiol ring-cleavage dioxygenase	-1.327	1.078	0.382	-0.320	3.328	0.697	1.059	2.248	0.605	1.038	1.442	-1.032	-0.159	0.155	-0.637	-0.594	0.128	2.046	-0.444	-0.009	-0.148	1.707	0.284	0.830	-0.189
Lysobacter_OAE881	ABIE51_RS06100	ABIE51_RS06100		bifunctional 2-methylcitrate dehydratase/aconitate hydratase	-0.243	-0.690	-0.074	-0.696	-0.054	0.959	-1.223	0.129	0.202	0.653	0.518	-1.005	-0.930	0.773	1.210	0.008	0.722	0.906	2.338	1.236	0.586	-0.310	2.873	-0.269	-1.586
Lysobacter_OAE881	ABIE51_RS06105	ABIE51_RS06105		OmpA family protein	-4.298	-2.717	-2.661	-1.794	-4.344	-1.906	-2.078	-5.282	0.014	-0.831	-0.848	-4.120	-2.885	-2.220	-0.620	-2.448	-1.521	-1.350	7.814	3.470	-2.056	1.747	2.710	-1.978	-4.347
Lysobacter_OAE881	ABIE51_RS06110	ABIE51_RS06110		OmpA family protein	-2.988	-2.950	-1.587	-0.737	-2.041	-0.547	-2.852	-1.356	0.022	-0.061	-1.377	-3.240	-0.626	-1.847	-0.432	-2.018	-0.807	-2.639	4.533	0.808	-0.463	0.249	4.420	-0.966	-3.863
Lysobacter_OAE881	ABIE51_RS06115	ABIE51_RS06115		OmpA family protein	0.734	0.520	0.356	0.292	-0.178	0.821	0.402	0.122	0.049	0.627	-0.520	1.415	-0.645	-0.369	0.134	0.874	0.274	0.170	0.593	0.812	0.449	0.031	0.320	0.498	0.669
Lysobacter_OAE881	ABIE51_RS06120	ABIE51_RS06120		hypothetical protein	-0.447	1.434	0.086	-0.594	-0.688	-0.260	0.544	-0.904	0.355	-1.151	-0.602	0.842	1.467	-1.418	0.244	1.098	0.364	-0.061	0.451	-1.825	0.948	-1.095	-0.484	-0.485	-0.792
Lysobacter_OAE881	ABIE51_RS06125	ABIE51_RS06125		pseudouridine synthase	0.799	0.435	2.007	0.199	-0.012	0.496	0.754	-0.293	0.774	-0.496	1.817	-0.236	-0.494	0.297	-0.743	0.813	-0.630	0.439	-0.399	0.405	0.270	0.538	0.824	-1.637	-0.829
Lysobacter_OAE881	ABIE51_RS06130	ABIE51_RS06130		hypothetical protein	-0.492	-0.164	0.602	-0.620	-0.451	1.002	-1.539	-0.876	1.304	-1.945	1.636	0.140	0.983	-0.229	0.212	-0.707	-0.710	-0.405	-0.156	1.378	-1.439	1.642	0.433	0.938	-0.224
Lysobacter_OAE881	ABIE51_RS06135	ABIE51_RS06135		glycine C-acetyltransferase	-1.013	-0.603	-2.030	-1.997	0.403	0.455	-0.452	0.139	1.509	-1.094	1.691	0.516	1.498	0.200	0.578	-1.943	0.969	0.648	0.310	0.372	0.903	0.286	0.658	0.119	1.137
Lysobacter_OAE881	ABIE51_RS06140	ABIE51_RS06140		L-threonine 3-dehydrogenase	1.556	-0.234	2.486	-0.014	1.919	0.519	1.401	1.112	1.563	1.654	1.029	1.119	-0.399	0.819	0.978	2.205	3.105	1.439	1.904	2.175	1.419	0.711	2.786	1.340	2.218
Lysobacter_OAE881	ABIE51_RS06145	ABIE51_RS06145		S46 family peptidase	0.644	0.815	1.486	0.147	0.375	0.322	0.138	0.880	0.929	0.509	-0.171	0.617	0.555	1.205	0.775	0.902	-0.414	1.066	0.964	0.270	0.366	0.408	0.312	0.212	0.150
Lysobacter_OAE881	ABIE51_RS06150	ABIE51_RS06150		S46 family peptidase	-0.093	0.571	-0.559	-0.807	-0.758	-0.313	-0.178	-1.969	-0.481	0.073	-0.689	-1.902	0.112	-1.479	-1.104	-1.455	-1.112	-2.801	-1.247	-1.504	-0.450	-2.243	-1.029	-1.515	-0.250
Lysobacter_OAE881	ABIE51_RS06155	ABIE51_RS06155		DUF3224 domain-containing protein	-0.087	-2.340	-1.388	-1.626	0.122	-2.089	-0.558	-0.864	-0.952	-0.927	1.280	0.366	-0.248	-1.045	-0.906	-0.112	-1.130	0.766	-0.794	-2.240	-0.710	-0.413	-1.130	0.492	-2.082
Lysobacter_OAE881	ABIE51_RS06170	ABIE51_RS06170		SPOR domain-containing protein	-3.127	-3.336	-4.446	-3.556	-2.810	-3.072	0.597	-3.398	-3.250	-3.192	-2.082	-4.316	-1.662	-3.859	-1.359	-1.748	-3.177	-2.661	-1.551	-1.246	-1.856	-2.506	-1.894	-2.223	-2.654
Lysobacter_OAE881	ABIE51_RS06180	ABIE51_RS06180		amidophosphoribosyltransferase	-1.601	-0.540	-6.975	-0.487	-5.846	-5.547	-0.044	-7.626	-8.039	0.261	-3.140	-2.073	0.292	-0.525	-0.626	-8.392	-3.652	-4.322	-8.242	-3.893	-0.965	-1.243	-4.166	0.623	-1.637
Lysobacter_OAE881	ABIE51_RS06190	ABIE51_RS06190		ferritin-like domain-containing protein	-0.300	-0.143	2.587	1.850	0.177	0.542	1.645	0.165	1.622	0.073	0.307	1.758	0.435	1.053	1.301	0.011	0.531	-0.237	-0.188	0.852	0.868	0.053	-0.415	0.842	0.762
Lysobacter_OAE881	ABIE51_RS06210	ABIE51_RS06210		hypothetical protein	-0.492	-2.027	0.112	0.678	-0.682	-0.555	-3.343	-1.036	-0.726	-0.578	-1.311	-0.006	-0.341	-1.133	-1.169	-0.890	-1.060	-0.987	-1.059	-1.580	-0.391	-0.961	-1.722	-1.226	1.714
Lysobacter_OAE881	ABIE51_RS06220	ABIE51_RS06220		MFS transporter	-0.993	-0.700	0.090	-0.731	-0.115	-0.484	-1.185	-0.129	-0.560	-0.898	-1.344	0.084	0.455	-0.997	-0.372	-0.255	-0.423	-1.178	-1.214	-1.182	-0.324	-0.159	-0.689	1.312	0.299
Lysobacter_OAE881	ABIE51_RS06225	ABIE51_RS06225		MarR family transcriptional regulator	-0.163	-0.070	1.648	-0.122	-0.280	1.555	0.011	0.577	0.392	0.541	0.607	0.219	0.992	0.518	-0.389	0.184	-0.759	0.172	0.384	-0.337	1.955	1.074	-0.611	0.421	-2.207
Lysobacter_OAE881	ABIE51_RS06230	ABIE51_RS06230		TonB-dependent receptor	0.372	0.055	0.960	0.237	0.578	0.567	-0.503	0.156	0.725	0.662	-0.416	0.117	0.532	0.391	0.145	-0.402	0.767	-0.313	0.372	0.621	1.269	0.803	2.387	0.528	1.199
Lysobacter_OAE881	ABIE51_RS06240	ABIE51_RS06240		30S ribosomal protein THX	-0.794	0.017	-1.580	-0.328	0.047	0.130	-0.722	-1.993	-0.043	-0.986	1.058	-0.120	-1.903	-0.036	-0.884	-3.736	-0.102	0.164	1.307	-0.361	-1.368	-0.133	1.026	0.650	0.747
Lysobacter_OAE881	ABIE51_RS06245	ABIE51_RS06245		dipeptidase	0.893	-0.205	-0.416	-0.510	0.839	-0.909	-1.076	-0.347	0.450	1.352	-1.613	-0.119	0.585	-0.371	-0.960	-0.773	-0.228	0.113	0.005	-1.337	-1.123	-0.649	0.183	-0.774	0.067
Lysobacter_OAE881	ABIE51_RS06250	ABIE51_RS06250		imidazolonepropionase	-0.752	-0.939	-5.365	-1.085	0.419	0.213	-2.306	-1.892	-0.446	-0.324	0.917	-0.002	-0.028	-1.377	-1.444	-5.996	0.600	-0.156	-0.608	-0.561	-1.150	-2.058	-0.006	-0.597	-3.272
Lysobacter_OAE881	ABIE51_RS06255	ABIE51_RS06255		formimidoylglutamate deiminase	-0.606	-0.567	-5.316	-0.689	-1.619	-1.336	-2.158	-1.571	-1.946	0.442	0.377	-0.831	-0.078	-0.488	-0.824	-5.662	-1.811	-2.504	-2.566	-1.595	-1.052	0.361	-0.833	-0.323	-0.939
Lysobacter_OAE881	ABIE51_RS06260	ABIE51_RS06260		methylated-DNA--[protein]-cysteine S-methyltransferase	-0.413	-1.291	-0.228	-0.314	0.413	0.256	0.649	-0.022	0.663	-0.423	0.187	-0.072	0.092	-1.169	-0.332	0.543	-0.320	3.345	0.636	-0.059	-0.679	2.956	1.461	-0.564	0.820
Lysobacter_OAE881	ABIE51_RS06265	ABIE51_RS06265		DNA-3-methyladenine glycosylase 2	-0.515	0.281	-1.176	-1.979	-1.492	-0.391	0.176	-0.977	-0.391	-1.099	-1.053	-0.923	-1.576	-0.736	-0.100	-1.315	0.206	0.129	0.121	-0.526	-0.762	0.252	-0.783	-0.357	-0.425
Lysobacter_OAE881	ABIE51_RS06270	ABIE51_RS06270		ectonucleotide pyrophosphatase/phosphodiesterase	-0.038	0.807	-0.226	-0.403	-1.352	-0.404	-0.353	0.184	-0.894	0.190	-1.184	-0.594	-0.169	-2.034	-1.485	-0.208	-0.952	-1.530	-0.860	-0.427	-0.065	0.121	-1.380	-0.636	-1.468
Lysobacter_OAE881	ABIE51_RS06280	ABIE51_RS06280		hypothetical protein	-1.783	-0.935	-2.068	0.141	-1.240	-0.664	-0.620	-1.093	-0.348	-1.332	-1.218	-0.278	-2.835	-0.594	0.166	-0.592	-0.713	-0.060	0.261	-0.597	-0.183	1.536	0.103	-1.623	-0.871
Lysobacter_OAE881	ABIE51_RS06290	ABIE51_RS06290		TetR/AcrR family transcriptional regulator	1.402	-0.155	1.577	0.976	1.259	0.647	2.294	1.083	2.631	0.781	2.020	1.423	0.986	-0.285	1.377	-0.975	0.030	0.771	1.083	0.519	0.574	1.713	1.281	0.767	-2.320
Lysobacter_OAE881	ABIE51_RS06295	ABIE51_RS06295		urocanate hydratase	0.232	1.057	-2.472	-0.339	-0.203	-0.254	1.231	-1.045	-0.456	-1.008	0.109	-0.322	-0.333	0.159	0.270	-1.266	0.551	-0.083	1.043	-0.008	-1.976	0.180	-0.008	0.487	1.415
Lysobacter_OAE881	ABIE51_RS06300	ABIE51_RS06300		MATE family efflux transporter	-0.115	0.545	-1.072	-0.809	-0.748	-0.553	-0.569	-0.276	-1.213	-1.589	-0.324	-0.170	0.050	-0.296	0.661	-1.286	-0.591	-0.835	-0.032	-1.044	-1.252	0.326	-0.851	-0.384	-1.721
Lysobacter_OAE881	ABIE51_RS06305	ABIE51_RS06305		GNAT family N-acetyltransferase	0.374	-0.039	0.699	0.746	0.036	0.464	-2.793	0.780	-0.321	1.109	-1.017	-0.857	1.510	-0.182	-0.111	0.237	0.172	-0.828	-0.295	-0.883	0.733	1.819	-0.820	0.546	0.186
Lysobacter_OAE881	ABIE51_RS06310	ABIE51_RS06310		hypothetical protein	-0.983	0.003	-0.812	0.131	-0.733	1.195	-0.151	0.766	-0.466	1.288	0.687	-0.617	-2.735	-0.542	0.364	0.508	1.100	-0.118	1.644	0.472	-0.588	-0.564	-2.841	0.472	-0.384
Lysobacter_OAE881	ABIE51_RS06315	ABIE51_RS06315		c-type cytochrome	-0.341	-1.599	-0.230	-0.244	-0.172	-0.998	-1.552	0.006	-1.141	-0.420	0.195	-0.195	-3.348	-0.484	-0.800	-0.857	0.444	-1.107	-1.580	-1.535	-0.326	0.316	0.093	-2.106	-1.519
Lysobacter_OAE881	ABIE51_RS06325	ABIE51_RS06325		alpha/beta hydrolase	-0.134	-1.853	-0.175	-0.460	1.270	-0.109	0.595	-1.685	-1.036	-2.008	-0.260	1.093	-0.313	0.621	0.279	-0.262	0.276	-1.817	0.790	-0.274	-0.308	-0.277	1.066	-0.978	0.994
Lysobacter_OAE881	ABIE51_RS06330	ABIE51_RS06330		PQQ-dependent sugar dehydrogenase	0.802	-0.124	0.233	-0.916	-0.389	0.109	-0.310	0.284	-0.826	-0.985	-1.429	-0.828	-0.504	-0.707	-0.638	0.499	-1.123	-0.679	0.565	-0.410	-0.532	-0.395	-0.827	-0.178	-0.130
Lysobacter_OAE881	ABIE51_RS06335	ABIE51_RS06335		DUF885 domain-containing protein	0.570	0.531	0.692	-0.563	0.309	2.002	0.616	0.281	-0.025	-1.692	-0.139	0.356	0.566	-0.261	-0.396	0.713	-0.366	0.320	0.982	0.116	0.720	0.274	0.903	-0.917	0.505
Lysobacter_OAE881	ABIE51_RS06340	ABIE51_RS06340		hypothetical protein	-1.365	-1.608	-1.690	0.466	-0.052	-0.079	-0.436	-2.386	0.178	-0.906	-0.173	0.563	-0.940	0.810	-1.387	-1.730	1.135	-0.038	-1.973	0.055	-0.585	2.837	2.237	1.116	-2.920
Lysobacter_OAE881	ABIE51_RS06345	ABIE51_RS06345		alkaline phosphatase	-1.217	-0.167	-0.979	-1.603	-1.312	-0.353	-2.247	-0.912	-0.707	-0.362	-0.718	-0.491	-0.650	-0.167	-0.811	-0.025	-2.880	-1.185	-1.296	-0.626	-0.708	-0.033	-0.783	-1.246	0.279
Lysobacter_OAE881	ABIE51_RS06350	ABIE51_RS06350		dicarboxylate/amino acid:cation symporter	-0.190	-0.686	-0.681	-0.098	-0.519	1.080	-0.432	-0.906	-0.074	0.337	0.459	0.307	-1.060	-0.191	-0.967	-0.809	0.361	-0.758	-0.441	-0.778	-0.837	0.450	-0.240	0.682	-0.908
Lysobacter_OAE881	ABIE51_RS06355	ABIE51_RS06355		GNAT family N-acetyltransferase	-1.341	-0.735	-1.479	-0.680	-1.249	-0.361	0.111	0.064	-0.337	-0.699	-1.132	-0.435	-0.045	-0.328	-1.298	-1.161	-0.768	-1.600	-1.842	0.435	0.077	0.306	1.382	-2.163	-0.317
Lysobacter_OAE881	ABIE51_RS06360	ABIE51_RS06360		8-oxo-dGTP diphosphatase	-0.116	0.298	0.709	1.014	-0.081	1.236	0.393	-0.609	0.755	-0.120	-0.996	-0.511	-0.028	0.284	0.528	0.339	-1.920	-0.233	-0.811	0.184	0.748	0.265	0.212	-1.196	0.612
Lysobacter_OAE881	ABIE51_RS06365	ABIE51_RS06365		subclass B3 metallo-beta-lactamase	0.231	-0.460	-2.112	0.742	-0.553	-0.713	-0.147	-1.300	-2.458	0.400	-0.379	-1.826	0.633	1.305	1.044	-0.291	-0.151	-0.248	1.257	-1.182	0.368	-0.746	-0.278	-0.793	-2.325
Lysobacter_OAE881	ABIE51_RS06370	ABIE51_RS06370		hypothetical protein	-0.890	-0.162	0.745	0.541	-0.151	1.052	-0.871	-0.853	-0.845	-0.293	-0.022	-0.033	0.453	1.869	0.834	0.129	1.360	1.065	1.823	0.321	-1.082	-0.843	0.544	0.590	0.186
Lysobacter_OAE881	ABIE51_RS06375	ABIE51_RS06375		NAD(P)H-dependent oxidoreductase	1.074	-0.890	0.369	-1.532	-1.223	1.425	-0.067	-0.989	-0.409	0.985	0.799	0.223	-0.216	-0.854	-1.111	0.035	-0.907	-0.472	-1.209	0.602	-0.055	-0.158	-0.786	-0.323	-1.704
Lysobacter_OAE881	ABIE51_RS06380	ABIE51_RS06380		acyl-CoA thioesterase	-0.435	-1.020	0.021	-1.513	-1.471	1.084	0.580	0.129	-0.765	1.062	-1.396	-0.263	-0.115	0.115	-0.248	0.327	-0.663	-0.668	-0.756	-1.248	-1.843	-0.257	0.221	0.307	0.653
Lysobacter_OAE881	ABIE51_RS06385	ABIE51_RS06385		C40 family peptidase	-0.855	0.007	-1.297	0.557	-2.388	0.329	0.527	-1.927	-0.822	-0.658	-1.469	-1.896	-1.353	-1.249	-1.609	-1.167	-1.096	-1.649	-0.229	-0.282	-2.547	-1.390	-1.013	-1.277	-1.200
Lysobacter_OAE881	ABIE51_RS06390	ABIE51_RS06390		C40 family peptidase	-0.948	-1.084	-1.049	-0.690	-2.142	-1.077	-0.662	-1.954	-0.875	-0.365	-1.471	-0.671	-0.964	-1.367	-1.104	-0.746	-1.546	-2.181	-1.951	-1.495	-1.499	-0.367	-1.005	-1.616	-0.720
Lysobacter_OAE881	ABIE51_RS06395	ABIE51_RS06395		peptidylprolyl isomerase	0.462	0.514	-0.763	0.416	-0.474	-0.618	-2.182	-0.424	-1.422	-0.199	0.177	1.517	0.026	0.685	-1.471	-0.071	-1.194	-1.411	0.168	-0.961	0.702	-0.278	-0.218	0.620	-1.289
Lysobacter_OAE881	ABIE51_RS06400	ABIE51_RS06400		DUF418 domain-containing protein	-0.071	-0.163	0.377	-0.179	-1.222	1.194	-0.659	0.329	0.463	-0.405	0.459	0.616	-0.026	-0.189	0.027	0.272	-0.317	-0.995	-0.099	-0.259	-0.259	-0.254	0.602	-0.808	-0.198
Lysobacter_OAE881	ABIE51_RS06410	ABIE51_RS06410		glutathione-disulfide reductase	0.984	-0.359	0.090	-0.688	-0.662	1.300	0.995	0.827	-0.042	1.707	-0.995	-1.227	0.883	-2.079	-0.719	0.700	1.033	-0.737	0.030	0.526	-0.537	-1.204	0.160	0.500	-1.353
Lysobacter_OAE881	ABIE51_RS06415	ABIE51_RS06415		N-formylglutamate deformylase	-0.166	0.586	-0.586	-2.161	0.162	0.614	-0.394	1.027	-0.155	1.220	-0.344	0.238	0.449	-0.238	1.090	-0.680	0.497	0.416	1.149	0.451	1.266	-0.251	0.758	-1.121	-0.740
Lysobacter_OAE881	ABIE51_RS06420	ABIE51_RS06420		PQQ-binding-like beta-propeller repeat protein	-0.582	0.521	-0.181	-0.675	-1.048	0.400	-0.097	-0.838	-0.410	-2.424	-0.609	-1.249	-0.228	0.417	-0.040	0.571	0.833	-1.112	-0.791	-0.017	-1.924	-0.247	-0.019	-0.582	-1.040
Lysobacter_OAE881	ABIE51_RS06430	ABIE51_RS06430		hypothetical protein	0.735	0.445	-0.667	0.323	-1.107	-0.146	-0.639	-0.999	-1.201	-0.377	-0.443	-0.689	-0.800	0.399	0.967	-0.737	0.102	0.101	-0.353	-1.913	0.127	0.825	-0.846	-1.298	0.635
Lysobacter_OAE881	ABIE51_RS06460	ABIE51_RS06460		hypothetical protein	0.977	-0.036	0.620	-0.057	1.148	0.785	1.212	0.854	1.068	1.275	0.800	0.170	0.579	0.017	0.795	-0.592	0.771	1.301	0.822	0.882	-0.405	1.091	1.568	0.032	0.056
Lysobacter_OAE881	ABIE51_RS06470	ABIE51_RS06470		tRNA pseudouridine(13) synthase TruD	-0.612	-0.979	0.297	-0.918	-0.780	0.744	0.172	-0.505	0.884	-0.408	-0.162	0.977	1.653	-0.079	-0.593	0.303	-0.272	-0.344	0.122	-0.146	-0.510	-1.076	-0.446	0.738	1.790
Lysobacter_OAE881	ABIE51_RS06475	ABIE51_RS06475		hypothetical protein	0.924	1.031	-0.232	-1.093	0.725	0.002	0.180	0.054	-0.544	-0.036	1.036	-1.772	-0.409	-0.724	-0.321	0.096	-1.692	-0.471	0.228	0.043	-0.225	-1.088	-0.817	-0.202	-0.973
Lysobacter_OAE881	ABIE51_RS06480	ABIE51_RS06480		Smr/MutS family protein	-0.030	0.139	1.244	0.607	0.836	0.973	0.415	-0.044	1.173	-0.863	0.760	-0.857	-0.459	-0.388	1.109	0.316	-0.765	-0.635	0.206	-0.916	-0.978	-0.580	0.652	-0.992	-0.662
Lysobacter_OAE881	ABIE51_RS06485	ABIE51_RS06485		5'/3'-nucleotidase SurE	-1.886	-0.048	-0.580	0.022	-1.106	-0.029	0.584	0.230	0.407	-0.940	-0.475	1.299	-1.383	-0.747	0.106	-1.157	-0.281	-1.032	1.700	0.607	-0.670	-1.509	0.605	-2.173	-1.196
Lysobacter_OAE881	ABIE51_RS06490	ABIE51_RS06490		protein-L-isoaspartate(D-aspartate) O-methyltransferase	-0.884	0.027	-3.046	-1.024	-3.497	-1.994	-0.277	-0.517	-0.796	-1.305	-0.849	-0.460	-1.000	1.109	0.068	-3.347	-3.222	-1.258	0.546	-1.762	-0.107	-1.253	-1.381	-0.128	0.019
Lysobacter_OAE881	ABIE51_RS06495	ABIE51_RS06495		YqaA family protein	-0.192	0.936	0.747	0.061	0.211	-0.697	-2.544	-0.470	-1.801	0.106	-0.036	-0.519	-0.507	1.553	0.543	0.638	0.861	-0.408	-0.668	0.316	-0.185	-1.285	-0.589	-1.296	0.468
Lysobacter_OAE881	ABIE51_RS06500	ABIE51_RS06500		peptidoglycan DD-metalloendopeptidase family protein	-2.212	-2.874	-5.469	-4.964	-4.675	-6.394	-0.635	-7.322	-6.373	-1.954	-3.330	-5.047	-3.878	-5.871	-0.805	-7.014	-4.442	-6.857	-2.683	-7.653	-6.041	-1.144	-3.889	-2.920	-5.470
Lysobacter_OAE881	ABIE51_RS06505	ABIE51_RS06505		endonuclease/exonuclease/phosphatase family protein	1.359	1.495	0.339	-0.662	0.461	-1.225	-0.830	0.162	-0.156	-0.482	1.776	1.190	-0.898	0.902	0.061	0.327	-0.889	-0.415	0.870	1.098	-0.096	-0.038	-0.795	0.180	-0.264
Lysobacter_OAE881	ABIE51_RS06515	ABIE51_RS06515		ribosome assembly RNA-binding protein YhbY	1.340	0.526	1.156	1.086	0.528	1.570	0.571	0.035	-0.905	-0.069	-0.002	1.870	1.780	1.478	0.737	-0.952	0.182	-2.178	-0.098	0.039	0.838	-0.521	0.331	1.062	0.339
Lysobacter_OAE881	ABIE51_RS06535	ABIE51_RS06535		tRNA (adenosine(37)-N6)-dimethylallyltransferase MiaA	-3.814	-3.562	-4.119	-1.245	-7.305	-8.610	-1.419	-4.183	-3.453	-0.434	-2.287	-4.621	-5.025	-4.249	-3.541	-3.367	-5.532	-7.478	-5.923	-5.114	-2.432	-1.208	-4.915	-1.626	-1.848
Lysobacter_OAE881	ABIE51_RS06540	ABIE51_RS06540		RNA chaperone Hfq	1.622	2.088	1.395	-0.013	2.091	0.722	0.668	-0.257	0.856	2.522	0.740	0.079	0.490	2.308	1.734	1.142	0.821	-0.666	5.125	2.575	-0.713	1.738	3.534	1.947	1.039
Lysobacter_OAE881	ABIE51_RS06545	ABIE51_RS06545		ribosome rescue GTPase HflX	0.480	0.140	0.384	-2.132	-0.163	-0.471	-1.201	0.090	-0.505	-3.702	-0.359	-0.169	-0.915	-0.696	0.360	-0.021	-0.723	-2.041	-1.913	1.299	-0.276	-1.321	-0.587	0.057	1.087
Lysobacter_OAE881	ABIE51_RS06550	ABIE51_RS06550		FtsH protease activity modulator HflK	-0.776	-1.649	-4.766	-0.714	-0.455	-0.130	-3.183	0.573	-0.377	-0.848	-1.076	-2.018	-1.573	-1.914	-0.300	-6.572	-0.471	2.270	2.299	0.383	-2.311	0.218	-3.003	-1.366	-3.900
Lysobacter_OAE881	ABIE51_RS06555	ABIE51_RS06555		protease modulator HflC	0.093	-1.197	-4.079	-0.110	-1.578	-0.925	-0.057	0.958	-1.690	0.414	-0.700	-2.181	-2.325	-1.361	1.878	-4.283	-0.075	-0.202	-1.104	0.007	-2.056	-0.886	-4.689	-0.345	1.019
Lysobacter_OAE881	ABIE51_RS06570	ABIE51_RS06570		exopolysaccharide biosynthesis protein	0.201	-0.911	-0.967	0.286	-0.497	-0.847	0.707	-1.508	0.774	0.149	-1.966	0.579	-0.755	-0.749	-0.987	-1.871	-0.310	-0.012	-0.820	-0.728	-1.192	0.916	-0.576	0.170	0.446
Lysobacter_OAE881	ABIE51_RS06575	ABIE51_RS06575		hemolysin family protein	0.393	-1.013	-4.063	-0.939	-2.499	-0.683	-0.089	-0.758	-0.365	-1.614	-0.387	-0.667	1.121	1.565	-1.140	-1.636	-2.189	-0.230	-1.154	-0.302	2.104	0.999	0.707	-0.068	1.280
Lysobacter_OAE881	ABIE51_RS06580	ABIE51_RS06580		DUF47 family protein	0.050	1.122	0.088	0.221	0.157	0.606	0.524	0.053	0.278	1.095	0.043	-0.803	-0.466	-1.003	1.424	-0.157	0.929	-0.987	-1.358	-0.485	1.521	0.290	-2.378	0.040	-1.728
Lysobacter_OAE881	ABIE51_RS06585	ABIE51_RS06585		inorganic phosphate transporter	-1.092	-0.519	-0.672	0.221	0.365	-0.510	-2.557	-0.538	-1.359	-0.867	-0.192	-1.682	0.727	-0.188	1.566	-0.328	0.346	-0.191	-1.086	-1.436	-0.747	-0.854	-1.925	-0.391	-1.805
Lysobacter_OAE881	ABIE51_RS06590	ABIE51_RS06590		hypothetical protein	0.515	0.853	0.307	0.123	0.110	-0.079	-0.253	-0.786	0.100	0.426	-1.732	-1.006	0.257	-0.155	0.615	0.197	-0.342	1.009	0.686	-0.414	1.279	-1.282	0.857	1.181	1.671
Lysobacter_OAE881	ABIE51_RS06595	ABIE51_RS06595		MGMT family protein	-0.711	-0.751	-0.512	-1.597	0.038	-1.491	-1.027	-1.458	-0.952	-1.408	-0.125	-0.994	-0.258	-1.263	-1.107	-0.917	1.390	-1.493	-0.760	-0.757	-1.053	-0.958	-0.847	-1.158	-0.451
Lysobacter_OAE881	ABIE51_RS06600	ABIE51_RS06600		rhomboid family intramembrane serine protease	-0.728	-0.987	0.709	-1.126	1.557	2.160	-0.457	2.268	1.332	-1.758	0.658	-0.215	-1.066	1.092	0.250	0.424	1.295	0.634	3.319	1.507	0.712	-0.501	4.816	0.415	0.199
Lysobacter_OAE881	ABIE51_RS06610	ABIE51_RS06610		M13 family metallopeptidase	0.272	-0.148	0.374	0.948	1.342	1.213	-1.299	0.259	-0.563	0.449	-0.866	-0.206	-0.408	1.588	-0.192	0.168	-0.028	0.157	0.324	0.601	-0.651	1.715	-0.768	0.128	1.340
Lysobacter_OAE881	ABIE51_RS06615	ABIE51_RS06615		M13-type metalloendopeptidase	0.072	0.172	-0.642	-1.298	-0.577	-0.222	-0.097	-0.808	-0.173	-0.864	-0.939	-0.925	0.729	-1.535	-1.043	-0.441	-1.210	-0.672	-0.779	-0.916	-0.340	-1.200	-0.739	0.137	-0.141
Lysobacter_OAE881	ABIE51_RS06620	ABIE51_RS06620		alpha/beta hydrolase	-1.065	-1.078	-1.252	-0.984	-0.767	-0.444	-1.648	-1.143	-0.471	-0.908	-0.951	-2.135	-0.494	0.008	-0.758	-0.136	-1.404	0.368	-0.444	-0.511	-0.007	-0.917	-0.445	0.861	-0.261
Lysobacter_OAE881	ABIE51_RS06625	ABIE51_RS06625		thioredoxin family protein	0.517	-1.152	-0.729	-1.268	0.339	0.107	-0.840	-1.085	-0.972	-0.831	-2.235	0.077	0.316	-0.244	-0.172	-0.279	-0.764	0.692	-0.070	-2.349	-0.317	-2.573	0.676	-1.918	-1.093
Lysobacter_OAE881	ABIE51_RS06630	ABIE51_RS06630		ROK family protein	-2.368	-0.501	-0.748	1.241	1.148	0.861	-1.405	0.051	-0.021	-1.664	-0.320	0.285	-0.386	1.055	-0.786	-0.674	-0.256	0.823	-0.907	-1.026	-1.119	2.189	-0.536	-1.482	0.093
Lysobacter_OAE881	ABIE51_RS06635	ABIE51_RS06635		hypothetical protein	0.272	-0.930	-0.726	0.245	-2.047	0.635	-1.012	-0.034	-0.226	0.583	1.560	0.507	-0.732	-1.200	-0.486	-0.318	-0.592	0.729	-0.928	0.014	-0.517	-0.295	-0.770	-0.629	-0.647
Lysobacter_OAE881	ABIE51_RS06640	ABIE51_RS06640		MBL fold metallo-hydrolase	0.146	0.397	0.792	0.941	0.208	0.863	0.291	0.660	1.394	0.186	-1.266	-1.091	-0.323	0.409	0.000	0.167	-0.827	0.307	-0.510	-0.640	-0.060	-0.073	0.008	0.607	-1.308
Lysobacter_OAE881	ABIE51_RS06645	ABIE51_RS06645		monovalent cation:proton antiporter-2 (CPA2) family protein	-1.376	-1.085	0.154	-0.694	-1.393	1.344	-0.454	-0.208	-1.248	-0.456	-0.898	-0.965	-0.039	-1.924	0.031	-0.271	1.342	0.072	-0.479	0.546	-0.348	0.799	-1.676	1.016	-0.622
Lysobacter_OAE881	ABIE51_RS06650	ABIE51_RS06650		DEAD/DEAH box helicase	0.451	1.044	-0.393	-0.914	-2.417	1.080	-1.134	0.533	0.979	1.259	1.226	-0.982	-1.368	0.334	0.759	0.750	-0.875	0.725	1.541	0.787	0.903	-1.966	-1.878	0.141	-0.536
Lysobacter_OAE881	ABIE51_RS06655	ABIE51_RS06655		nuclear transport factor 2 family protein	0.058	-0.973	-0.903	-0.537	-0.915	-0.835	0.666	-0.677	0.381	0.527	-0.403	1.052	-0.984	-1.015	-0.623	-0.004	-0.730	-0.994	-0.697	-0.696	-1.138	1.994	-1.530	0.779	0.908
Lysobacter_OAE881	ABIE51_RS06660	ABIE51_RS06660		L,D-transpeptidase	0.023	-0.414	-0.380	-0.483	0.362	-0.248	-2.174	-0.494	-1.206	1.184	-0.629	-0.242	-0.562	-1.130	-0.548	-0.549	0.983	0.010	0.846	1.355	1.071	1.612	0.318	0.038	-1.737
Lysobacter_OAE881	ABIE51_RS06665	ABIE51_RS06665		FkbM family methyltransferase	-0.746	-0.465	-0.781	-2.246	-1.607	0.714	-0.371	-0.594	-1.662	1.237	-0.584	-1.075	-0.152	-1.739	-0.034	-0.494	-0.037	-1.446	-0.489	0.162	0.131	-0.426	-1.473	-0.915	-0.056
Lysobacter_OAE881	ABIE51_RS06670	ABIE51_RS06670		hypothetical protein	-0.776	0.633	0.251	-0.378	-0.219	-0.063	0.647	0.058	-0.308	-0.774	0.078	-0.681	0.346	-0.193	-0.465	-0.394	0.895	0.114	-0.218	0.536	0.218	0.427	-0.359	0.299	0.172
Lysobacter_OAE881	ABIE51_RS06675	ABIE51_RS06675		murein L,D-transpeptidase catalytic domain family protein	-0.876	0.124	-1.932	-0.634	0.566	-0.474	0.766	0.090	-0.188	-1.034	-0.403	-0.644	0.405	0.078	0.371	-1.399	-0.238	-1.476	0.591	-0.391	-0.685	-0.443	1.014	-0.586	-0.644
Lysobacter_OAE881	ABIE51_RS06680	ABIE51_RS06680		DUF885 family protein	-0.442	0.126	0.128	0.372	0.520	0.496	-0.291	-0.919	-0.611	-1.401	-0.939	0.176	-1.400	-0.107	-0.706	-0.741	-0.488	0.720	0.177	-0.246	-1.979	-0.003	-0.228	-0.690	-0.974
Lysobacter_OAE881	ABIE51_RS06685	ABIE51_RS06685		DUF885 family protein	-0.199	-0.999	-0.084	-0.843	-1.571	0.260	-2.642	-1.232	-1.036	-0.567	-0.303	-0.273	-0.900	-1.169	-0.466	-0.699	-0.944	-1.127	-2.114	-1.094	-1.249	-0.047	-1.771	-1.177	-1.216
Lysobacter_OAE881	ABIE51_RS06690	ABIE51_RS06690		queuosine precursor transporter	0.270	-0.197	0.894	0.346	-0.183	0.941	-0.460	-0.058	1.096	1.913	-1.525	-0.410	0.183	0.017	-0.261	-0.905	-0.211	0.718	0.104	-0.623	-0.831	-1.306	-1.656	-0.918	-0.192
Lysobacter_OAE881	ABIE51_RS06695	ABIE51_RS06695		DUF502 domain-containing protein	0.956	1.218	-0.743	-0.713	-1.700	1.444	-0.622	-0.670	0.417	0.762	-0.362	-0.647	1.049	0.834	1.165	-0.863	0.049	-0.649	0.169	0.273	-1.575	0.879	-0.356	-1.876	0.132
Lysobacter_OAE881	ABIE51_RS06700	ABIE51_RS06700		bifunctional serine/threonine-protein kinase/formylglycine-generating enzyme family protein	-0.619	0.284	0.333	-0.079	-0.293	-0.611	-1.093	-0.267	0.352	-0.450	-3.415	0.017	-1.318	-1.119	-1.529	-1.151	-0.370	-0.239	-1.273	-0.305	-1.899	-0.450	-1.219	-0.375	-0.684
Lysobacter_OAE881	ABIE51_RS06705	ABIE51_RS06705		DUF4442 domain-containing protein	0.796	0.614	-0.110	-0.747	0.452	1.037	0.957	0.593	0.657	0.418	0.371	0.199	1.351	2.038	1.274	-0.038	0.981	1.144	0.873	-0.394	-0.191	-1.733	0.961	1.688	0.121
Lysobacter_OAE881	ABIE51_RS06710	ABIE51_RS06710		thioredoxin	-2.253	-0.344	-0.924	-0.292	0.683	-0.994	0.443	-0.948	0.154	0.118	-1.511	-1.091	-0.154	-1.099	0.651	0.037	-0.629	-0.716	-0.020	-1.803	0.469	0.104	0.210	-0.320	-1.792
Lysobacter_OAE881	ABIE51_RS06715	ABIE51_RS06715		DUF998 domain-containing protein	-0.264	0.432	-0.046	0.313	1.436	-0.696	0.278	0.496	0.570	1.334	-1.435	0.014	2.626	1.777	-0.048	0.514	0.751	2.078	-0.468	0.717	0.349	0.411	0.121	0.442	-1.036
Lysobacter_OAE881	ABIE51_RS06720	ABIE51_RS06720		amidohydrolase family protein	-0.644	-0.365	-0.637	0.695	-1.611	0.155	-1.738	-0.786	-0.290	0.054	-1.604	-0.236	0.386	0.011	-1.556	-0.381	0.262	-1.921	-0.477	-0.983	-2.062	-1.762	-0.656	-0.771	-0.921
Lysobacter_OAE881	ABIE51_RS06730	ABIE51_RS06730		LPS assembly lipoprotein LptE	-1.573	-0.374	-0.492	1.178	-1.981	-2.120	0.708	-3.985	-1.669	1.072	-2.439	-1.488	-1.068	0.984	-0.584	-1.717	-1.114	-2.853	-0.448	-1.624	-0.828	1.346	-1.845	-0.028	-0.460
Lysobacter_OAE881	ABIE51_RS06745	ABIE51_RS06745		ribosome silencing factor	0.459	-0.302	0.939	-0.134	-1.071	-0.038	0.671	0.577	0.694	-1.695	2.421	1.993	0.688	-1.082	0.317	0.525	0.426	-3.164	0.003	-0.190	0.212	-0.106	0.817	0.997	-2.981
Lysobacter_OAE881	ABIE51_RS06750	ABIE51_RS06750		alkaline phosphatase PhoX	-0.786	0.352	-0.374	0.840	-0.006	1.086	-1.163	-0.249	0.013	-1.243	-0.121	-0.852	-0.576	-0.721	0.321	-0.786	0.490	-0.308	-0.919	-0.345	-0.203	0.146	-0.985	0.697	-1.958
Lysobacter_OAE881	ABIE51_RS06755	ABIE51_RS06755		23S rRNA (pseudouridine(1915)-N(3))-methyltransferase RlmH	0.627	-0.197	0.138	-0.039	0.785	0.882	1.205	-0.258	0.713	-0.379	0.276	0.245	-1.429	0.232	0.214	0.995	1.341	-0.028	1.263	0.248	-0.351	0.020	0.465	0.740	-1.371
Lysobacter_OAE881	ABIE51_RS06760	ABIE51_RS06760		autotransporter outer membrane beta-barrel domain-containing protein	-0.649	0.235	-0.284	-0.130	0.010	0.666	-1.942	-0.563	0.005	-0.502	-1.240	-0.604	0.465	1.297	0.217	0.137	-0.458	-0.461	0.104	0.594	0.201	-0.119	-0.038	-0.647	-0.092
Lysobacter_OAE881	ABIE51_RS06765	ABIE51_RS06765		energy transducer TonB	0.573	1.340	-0.345	1.491	-0.462	-0.252	0.419	0.272	1.193	0.726	0.087	-0.592	0.554	-1.142	-0.743	-0.581	-0.505	-0.923	1.033	-1.013	-0.150	0.339	-0.322	0.659	-0.570
Lysobacter_OAE881	ABIE51_RS06770	ABIE51_RS06770		hypothetical protein	-0.574	1.134	-0.118	-0.523	-0.809	0.876	0.355	1.370	-0.320	0.272	-0.021	0.655	1.325	0.330	1.047	1.311	-0.956	-0.064	0.405	1.116	1.161	-0.491	-1.076	0.170	0.905
Lysobacter_OAE881	ABIE51_RS06775	ABIE51_RS06775		SIMPL domain-containing protein	0.420	0.171	-1.558	-0.162	-0.541	-0.045	-1.748	-0.256	-0.434	-0.981	-1.283	-0.634	-0.485	-0.349	-0.949	-2.270	0.646	-1.605	-0.536	0.198	-0.125	-1.270	-0.282	-0.185	-0.863
Lysobacter_OAE881	ABIE51_RS06780	ABIE51_RS06780		Maf family nucleotide pyrophosphatase	0.920	0.029	-0.627	-0.236	-1.166	-0.538	0.637	-0.567	-1.233	-0.794	-1.335	0.140	-1.051	-0.898	-0.679	0.203	0.834	-2.182	-0.291	-0.961	-0.806	-0.013	-1.305	-0.504	1.398
Lysobacter_OAE881	ABIE51_RS06785	ABIE51_RS06785		ribonuclease G	-3.281	0.075	-5.359	-0.396	-1.053	-4.397	-2.030	-3.902	-4.400	-1.380	2.828	-1.271	-1.759	-0.075	-0.621	-2.756	-0.886	-1.675	-3.879	-1.686	-0.556	-1.860	-2.157	-2.334	0.307
Lysobacter_OAE881	ABIE51_RS06790	ABIE51_RS06790		YhdP family protein	-1.290	-0.233	-1.952	-0.048	-0.946	-0.764	-1.674	-1.153	-0.125	-0.753	-1.213	0.264	-1.688	-2.091	-1.787	-1.064	-1.480	0.354	-0.111	0.186	0.389	-1.096	-1.835	-1.392	-1.265
Lysobacter_OAE881	ABIE51_RS06795	ABIE51_RS06795		metalloprotease TldD	-2.423	0.954	-0.584	-1.123	0.328	-0.162	-0.129	-0.378	-0.978	-0.940	0.760	0.496	0.632	1.069	-0.298	-1.270	0.796	-0.296	-0.884	-1.448	-0.152	0.224	-0.703	-0.198	-0.214
Lysobacter_OAE881	ABIE51_RS06800	ABIE51_RS06800		ribosome biogenesis factor YjgA	-0.019	-1.317	-1.203	-0.297	-0.696	-0.584	-0.367	-1.695	-1.666	-0.094	-1.048	-0.631	-0.528	-0.828	-0.954	-0.605	-1.541	-0.258	-0.605	-0.070	-0.862	-0.339	-1.094	-1.266	-1.199
Lysobacter_OAE881	ABIE51_RS06805	ABIE51_RS06805		metalloprotease PmbA	-1.493	0.846	0.431	-0.517	-0.741	-0.901	-0.195	-0.101	-0.818	-0.470	-0.089	-0.478	-0.564	-0.488	-0.051	-0.880	-1.107	-2.236	-0.280	-0.023	-0.417	-0.752	0.246	-0.746	-1.175
Lysobacter_OAE881	ABIE51_RS06810	ABIE51_RS06810		DUF4870 domain-containing protein	-0.715	-1.431	-1.636	-0.380	-0.065	0.760	-0.093	-1.127	0.120	-0.241	-0.758	-2.526	0.171	-0.767	-1.802	-0.873	-0.372	0.411	0.198	0.086	0.195	-0.033	0.701	-1.197	-1.094
Lysobacter_OAE881	ABIE51_RS06815	ABIE51_RS06815		(2E,6E)-farnesyl diphosphate synthase	-3.674	-2.533	-3.302	-0.583	0.075	-0.629	-0.789	-0.460	-0.953	-0.053	-0.404	2.178	1.580	-0.967	2.377	-2.479	0.568	0.201	-0.049	-2.330	2.510	-1.713	0.201	-0.304	-0.239
Lysobacter_OAE881	ABIE51_RS06820	ABIE51_RS06820		exodeoxyribonuclease VII small subunit	0.164	0.942	-0.005	-1.964	-0.074	0.233	0.743	0.772	-0.560	-1.183	0.252	1.269	-0.991	-0.995	-0.772	-1.319	-0.167	1.257	0.643	-0.297	1.135	-0.605	-0.046	0.005	-0.099
Lysobacter_OAE881	ABIE51_RS06830	ABIE51_RS06830		NADH:flavin oxidoreductase/NADH oxidase	-0.605	0.266	-0.475	0.054	0.595	-0.009	-0.813	-0.071	0.241	-0.671	0.654	-0.841	0.936	-0.802	1.021	-1.019	-0.538	-1.062	-0.019	-1.311	-1.158	-0.002	0.019	-0.171	0.358
Lysobacter_OAE881	ABIE51_RS06840	ABIE51_RS06840		glycoside hydrolase family 31 protein	-0.026	-0.952	-0.121	-0.054	-0.049	0.107	0.088	-0.779	-0.618	-1.212	-2.444	-1.261	-0.201	0.879	-0.423	-0.085	-1.056	-1.519	-0.643	-0.948	0.858	0.634	-0.487	-0.127	-1.035
Lysobacter_OAE881	ABIE51_RS06850	ABIE51_RS06850		YkvA family protein	-1.391	0.094	-0.473	0.716	-0.667	-1.178	-0.090	-2.218	0.391	-0.047	-1.186	-1.170	-0.980	-0.426	1.617	-2.261	-1.737	1.063	-1.111	-0.155	0.773	-0.626	-0.682	-1.560	-0.359
Lysobacter_OAE881	ABIE51_RS06855	ABIE51_RS06855		YkvA family protein	-0.078	-0.989	-1.294	-1.209	-0.042	0.059	-1.253	-1.088	-1.165	0.800	-1.499	0.096	-1.294	-2.488	-2.121	-0.700	-0.100	-0.456	-0.252	0.474	0.564	-1.206	-0.019	-0.798	0.025
Lysobacter_OAE881	ABIE51_RS06860	ABIE51_RS06860		winged helix-turn-helix domain-containing protein	-1.814	1.238	-0.025	0.036	0.841	-0.170	-0.311	-0.070	-0.310	-0.810	0.708	-0.422	0.006	0.511	0.178	-0.464	-0.648	-0.184	-0.087	-0.093	0.872	0.715	0.658	0.809	0.084
Lysobacter_OAE881	ABIE51_RS06865	ABIE51_RS06865		tetratricopeptide repeat protein	-1.820	-0.455	-1.037	-0.825	-1.627	-0.854	-0.830	-0.925	-0.125	-0.697	-2.728	-0.791	-0.662	-0.669	0.571	-1.445	-1.338	-0.844	-0.753	-0.814	1.162	-0.789	-2.417	-1.154	0.698
Lysobacter_OAE881	ABIE51_RS06870	ABIE51_RS06870		hypothetical protein	-1.078	0.227	0.046	1.618	0.267	0.531	-0.713	-0.102	0.370	-0.528	-0.992	1.526	-1.647	0.001	-0.101	-0.086	-0.208	0.425	0.127	0.630	1.559	-1.223	0.151	0.361	-0.263
Lysobacter_OAE881	ABIE51_RS06875	ABIE51_RS06875		ribonuclease HII	-1.117	0.116	0.146	0.025	-2.207	-0.158	-0.494	0.093	-1.343	0.603	-1.490	-1.404	0.560	0.515	0.490	-0.475	-0.062	0.152	0.630	-0.013	0.999	-0.198	-0.473	-0.994	0.216
Lysobacter_OAE881	ABIE51_RS06905	ABIE51_RS06905		RIP metalloprotease RseP	-3.028	-1.318	2.470	-2.520	-7.073	-4.516	-1.268	-2.418	-1.014	0.597	8.185	0.746	-4.260	-3.112	-1.523	2.861	-4.319	-7.536	-3.313	-0.260	1.140	-0.184	2.963	-2.165	-4.964
Lysobacter_OAE881	ABIE51_RS06930	ABIE51_RS06930		cation diffusion facilitator family transporter	-1.334	-1.927	-0.903	-0.225	-1.591	-0.863	-0.658	-0.483	-2.104	-0.517	-0.678	-0.029	0.070	-0.055	-0.622	-0.500	-2.849	-1.079	-1.150	-0.378	0.040	-1.092	-0.347	2.402	-0.083
Lysobacter_OAE881	ABIE51_RS06940	ABIE51_RS06940		TonB-dependent receptor	0.233	-0.114	-0.155	-0.370	-0.853	-0.283	-1.544	-1.580	-1.002	-0.135	-1.988	-0.828	-0.239	-0.511	0.079	-0.567	-0.255	-1.946	-0.950	-0.661	1.271	-0.351	-0.265	-1.004	0.830
Lysobacter_OAE881	ABIE51_RS06945	ABIE51_RS06945		sulfotransferase	-0.904	0.888	-1.739	-0.703	-1.588	-1.231	-1.340	-1.978	-1.117	-0.268	-1.203	0.164	-0.500	-0.617	0.630	-1.773	-2.400	-1.946	-1.084	-1.023	-0.318	-0.167	-1.365	-0.381	0.779
Lysobacter_OAE881	ABIE51_RS06950	ABIE51_RS06950		RNA polymerase sigma factor	-0.257	-0.009	6.065	-1.188	-2.208	0.961	1.103	-1.133	1.859	1.169	-3.675	4.211	-0.174	0.262	-0.969	6.396	-0.945	-1.020	-1.669	2.875	3.833	0.653	9.589	0.906	-2.574
Lysobacter_OAE881	ABIE51_RS06955	ABIE51_RS06955		FecR domain-containing protein	1.348	1.033	0.309	0.185	-1.193	-1.055	0.322	-1.969	0.694	-0.020	0.632	-0.647	-0.097	-0.539	-0.320	0.362	-1.295	-1.349	1.477	1.883	1.322	1.799	0.919	0.856	-0.067
Lysobacter_OAE881	ABIE51_RS06960	ABIE51_RS06960		TonB-dependent receptor	0.306	0.183	8.457	0.112	-1.151	1.995	1.084	-0.104	2.979	2.288	-4.069	5.734	1.245	1.177	0.873	9.685	0.896	-0.311	-0.347	5.549	6.659	1.500	15.174	0.584	-2.719
Lysobacter_OAE881	ABIE51_RS06980	ABIE51_RS06980		[protein-PII] uridylyltransferase	-0.544	0.260	-1.089	0.400	0.669	-1.370	0.609	0.111	-0.567	0.251	0.668	-0.736	-0.845	0.293	-0.120	0.957	-0.773	-0.718	-0.392	0.150	1.576	-0.094	-0.713	0.282	-1.546
Lysobacter_OAE881	ABIE51_RS06990	ABIE51_RS06990		Spx/MgsR family RNA polymerase-binding regulatory protein	3.050	0.844	0.962	1.217	1.167	1.875	0.636	0.733	-0.101	0.517	0.894	0.078	-2.023	1.928	0.361	2.141	2.218	0.567	0.902	-0.005	2.072	0.592	1.099	0.082	0.884
Lysobacter_OAE881	ABIE51_RS07000	ABIE51_RS07000		penicillin acylase family protein	0.662	1.323	-0.213	1.452	-0.266	-0.624	1.446	-0.590	-0.438	0.707	-0.680	0.664	-1.262	1.185	0.184	0.329	0.564	1.624	1.785	1.090	2.544	2.460	-0.493	2.100	-0.840
Lysobacter_OAE881	ABIE51_RS07005	ABIE51_RS07005		asparagine synthase B	-0.771	-1.198	-7.048	-2.252	-6.647	-9.518	0.486	-10.216	-6.201	0.585	-2.544	-6.123	-3.235	0.666	-0.419	-7.845	-7.880	-6.621	-8.329	-5.340	-0.489	0.963	-3.945	-1.168	-1.356
Lysobacter_OAE881	ABIE51_RS07010	ABIE51_RS07010		bacterioferritin	1.164	-0.871	0.708	0.709	-1.324	0.178	1.043	-0.387	-1.283	1.243	0.130	2.044	-1.286	0.846	1.122	0.485	-0.939	-0.923	-2.195	-1.069	1.804	-0.040	1.312	-1.052	-0.787
Lysobacter_OAE881	ABIE51_RS07015	ABIE51_RS07015		thiopurine S-methyltransferase	1.082	-0.060	-0.393	0.877	-0.573	-1.314	1.082	-1.034	-0.533	2.504	0.943	0.334	0.219	2.086	0.311	0.188	-1.161	-0.083	0.703	-0.235	4.227	0.066	0.618	0.084	-1.137
Lysobacter_OAE881	ABIE51_RS07035	ABIE51_RS07035		hypothetical protein	2.378	2.599	18.178	10.046	0.415	-0.456	4.664	3.934	4.047	4.973	25.211	17.690	1.190	19.740	7.576	16.610	2.505	3.810	12.765	5.861	26.490	3.614	15.774	1.491	2.774
Lysobacter_OAE881	ABIE51_RS07040	ABIE51_RS07040		hypothetical protein	1.936	2.018	11.328	6.743	1.476	-1.081	2.375	2.938	2.765	3.383	16.184	8.903	2.461	10.819	3.012	10.314	1.853	3.484	7.928	2.764	14.233	3.433	9.016	0.753	0.376
Lysobacter_OAE881	ABIE51_RS07045	ABIE51_RS07045		Lar family restriction alleviation protein	2.343	0.962	14.760	10.916	-0.134	-0.080	2.185	1.905	1.973	4.416	20.180	12.249	-0.476	17.021	5.473	13.036	1.687	5.288	9.127	2.957	21.099	2.704	11.910	1.572	1.566
Lysobacter_OAE881	ABIE51_RS07050	ABIE51_RS07050		hypothetical protein	1.676	-0.984	9.892	3.905	0.095	-2.056	3.420	0.181	-0.399	1.232	11.670	8.659	2.454	7.570	1.499	5.799	0.782	1.706	6.440	2.179	12.349	1.197	6.822	1.504	-1.080
Lysobacter_OAE881	ABIE51_RS07055	ABIE51_RS07055		hypothetical protein	-0.570	2.114	8.974	8.887	0.343	-1.983	0.447	2.325	1.431	2.928	13.088	10.580	0.533	7.705	4.533	11.831	1.959	2.141	7.281	0.596	7.801	3.111	7.022	0.759	-0.107
Lysobacter_OAE881	ABIE51_RS07060	ABIE51_RS07060		hypothetical protein	0.854	3.919	11.977	4.814	-0.280	-1.201	1.100	1.603	0.672	0.833	20.426	4.239	0.778	8.732	0.439	11.872	1.568	1.442	5.547	3.115	19.923	2.526	9.743	0.020	1.249
Lysobacter_OAE881	ABIE51_RS07065	ABIE51_RS07065		DUF551 domain-containing protein	1.193	0.290	15.585	5.169	1.435	-1.670	3.190	0.925	1.472	2.952	15.863	8.452	-0.175	11.577	1.807	9.361	1.176	2.664	5.359	1.817	12.183	3.093	9.219	1.731	0.587
Lysobacter_OAE881	ABIE51_RS07070	ABIE51_RS07070		hypothetical protein	2.188	2.159	14.947	8.371	0.287	-0.045	5.119	2.412	2.582	3.322	27.342	14.341	0.571	16.909	8.416	16.217	3.236	4.921	11.206	5.407	23.407	3.821	13.635	2.581	-0.496
Lysobacter_OAE881	ABIE51_RS07075	ABIE51_RS07075		single-stranded DNA-binding protein	3.391	1.520	13.395	8.056	0.934	2.046	4.824	2.396	2.787	4.741	18.014	8.395	-0.147	11.426	10.054	11.968	3.358	3.689	8.788	3.788	19.540	4.753	7.748	2.632	1.283
Lysobacter_OAE881	ABIE51_RS07080	ABIE51_RS07080		YqaJ viral recombinase family protein	1.591	0.197	14.225	5.617	2.012	-1.368	5.415	2.526	5.534	4.337	22.148	13.823	0.183	13.563	3.956	14.402	3.129	8.662	7.891	6.076	18.988	4.167	11.799	0.918	2.348
Lysobacter_OAE881	ABIE51_RS07085	ABIE51_RS07085		hypothetical protein	3.026	3.270	16.128	11.765	5.161	-0.414	6.024	2.153	3.545	6.344	21.293	11.367	1.755	17.253	4.597	17.302	4.670	11.046	9.864	7.694	25.473	5.401	7.547	3.150	0.247
Lysobacter_OAE881	ABIE51_RS07090	ABIE51_RS07090		recombination protein NinB	2.933	2.047	15.142	11.336	2.598	0.504	6.699	2.372	4.701	4.055	17.075	11.184	0.118	17.544	3.526	14.278	4.983	5.651	8.240	5.768	25.394	5.180	7.073	2.523	3.260
Lysobacter_OAE881	ABIE51_RS07100	ABIE51_RS07100		hypothetical protein	2.974	4.191	8.863	5.628	0.831	-0.122	5.008	0.730	2.656	1.300	7.854	6.427	2.028	11.462	1.703	6.351	1.273	4.463	2.803	2.515	9.198	2.772	4.862	0.740	1.923
Lysobacter_OAE881	ABIE51_RS07110	ABIE51_RS07110		hypothetical protein	1.803	0.536	8.972	3.103	1.742	0.251	2.676	3.640	1.653	1.797	16.555	7.831	0.123	7.344	4.764	10.462	1.286	4.189	4.936	5.900	12.125	3.224	8.598	2.089	1.327
Lysobacter_OAE881	ABIE51_RS07130	ABIE51_RS07130		hypothetical protein	3.606	0.978	0.583	2.260	1.763	1.322	4.433	3.238	0.882	2.765	5.236	4.714	0.301	7.852	6.022	3.493	3.692	5.384	5.725	2.438	2.853	4.144	5.064	2.205	1.344
Lysobacter_OAE881	ABIE51_RS07135	ABIE51_RS07135		YdaS family helix-turn-helix protein	0.727	1.283	3.453	5.388	0.554	1.088	0.639	1.542	2.080	1.066	11.289	6.193	1.426	2.218	1.049	1.657	1.159	3.068	2.740	1.756	1.631	1.942	2.574	0.889	0.691
Lysobacter_OAE881	ABIE51_RS07145	ABIE51_RS07145		helix-turn-helix transcriptional regulator	1.763	1.951	2.736	2.929	-0.157	-0.962	2.051	1.774	0.899	2.559	9.115	4.987	2.104	0.251	0.871	3.188	2.867	1.013	4.894	1.083	0.963	2.059	4.490	1.328	1.173
Lysobacter_OAE881	ABIE51_RS07155	ABIE51_RS07155		hypothetical protein	-0.037	-0.028	4.585	6.365	-2.225	-1.499	2.933	5.540	6.090	1.572	13.378	8.600	2.101	5.854	4.119	6.222	-0.276	1.091	11.870	11.279	0.740	0.884	13.375	-0.083	-0.418
Lysobacter_OAE881	ABIE51_RS07160	ABIE51_RS07160		hypothetical protein	3.350	2.195	-0.702	3.532	-0.824	0.052	4.060	1.229	0.995	4.170	2.597	4.020	1.597	2.680	3.211	0.151	2.369	1.305	3.411	2.025	-0.120	5.692	2.815	1.557	2.388
Lysobacter_OAE881	ABIE51_RS07165	ABIE51_RS07165		DnaB-like helicase C-terminal domain-containing protein	1.742	2.598	-2.159	-0.316	1.349	-0.109	4.435	0.592	-1.062	0.893	1.684	1.446	0.505	1.494	2.006	0.485	3.276	2.569	1.864	1.345	-0.595	1.583	2.081	1.737	1.087
Lysobacter_OAE881	ABIE51_RS07170	ABIE51_RS07170		hypothetical protein	1.833	-0.324	10.789	7.999	2.722	1.727	1.332	2.476	2.240	2.291	19.710	8.887	-0.842	11.666	5.501	10.837	1.574	2.707	6.824	1.407	11.499	3.837	9.282	0.926	-0.347
Lysobacter_OAE881	ABIE51_RS07175	ABIE51_RS07175		HNH endonuclease signature motif containing protein	1.934	-0.276	9.068	13.877	1.039	-1.291	3.805	2.197	0.837	2.835	19.607	11.373	1.220	16.950	7.075	11.526	1.356	3.556	11.384	2.195	7.793	2.128	8.780	1.476	2.102
Lysobacter_OAE881	ABIE51_RS07180	ABIE51_RS07180		DNA cytosine methyltransferase	2.078	0.744	10.125	9.227	2.285	0.897	5.627	2.674	1.818	3.046	18.134	12.277	1.661	13.468	3.907	14.330	2.384	4.328	8.345	2.797	9.124	2.547	10.672	0.788	1.464
Lysobacter_OAE881	ABIE51_RS07185	ABIE51_RS07185		DUF968 domain-containing protein	0.058	3.047	10.611	11.104	1.921	-2.037	4.745	3.223	1.032	2.724	19.991	13.083	1.213	11.785	3.467	14.264	0.543	3.325	8.176	4.016	11.400	2.006	9.961	1.590	-0.223
Lysobacter_OAE881	ABIE51_RS07190	ABIE51_RS07190		SANT/Myb-like DNA-binding domain-containing protein	2.223	1.837	5.407	11.522	1.280	1.408	3.445	1.363	2.249	0.214	9.873	7.090	-0.157	6.511	1.404	6.293	1.174	2.385	5.225	0.601	3.404	0.869	4.523	2.065	1.266
Lysobacter_OAE881	ABIE51_RS07195	ABIE51_RS07195		hypothetical protein	2.529	0.988	6.041	13.383	0.439	-0.047	3.271	2.235	0.966	1.794	19.129	12.383	0.791	11.888	4.166	6.550	2.609	1.513	7.020	1.570	10.196	2.911	7.082	-0.026	0.208
Lysobacter_OAE881	ABIE51_RS07200	ABIE51_RS07200		hypothetical protein	1.655	2.333	6.533	13.943	1.064	0.451	3.280	4.921	-0.247	3.017	13.437	17.373	1.308	12.532	2.509	9.312	1.464	3.622	6.789	-0.119	13.415	4.430	5.733	2.127	0.496
Lysobacter_OAE881	ABIE51_RS07205	ABIE51_RS07205		hypothetical protein	3.377	0.636	10.839	13.405	2.302	2.650	3.405	5.177	3.713	6.151	17.964	21.417	3.135	20.450	4.993	9.403	3.727	5.653	11.799	4.434	14.484	4.249	11.349	4.487	-1.482
Lysobacter_OAE881	ABIE51_RS07210	ABIE51_RS07210		hypothetical protein	-0.117	1.425	6.141	11.216	2.804	-0.884	2.673	3.372	2.860	2.557	12.521	14.264	3.087	15.142	3.456	5.976	-0.718	1.457	7.663	2.853	15.487	0.231	8.214	2.242	-0.103
Lysobacter_OAE881	ABIE51_RS07215	ABIE51_RS07215		metallophosphoesterase	-1.351	0.499	12.489	16.850	-0.729	-0.119	2.129	3.868	0.780	2.619	20.918	24.302	1.505	19.696	7.451	12.639	1.169	1.651	10.714	0.784	13.832	2.509	15.597	3.452	0.055
Lysobacter_OAE881	ABIE51_RS07220	ABIE51_RS07220		hypothetical protein	3.549	1.906	30.068	29.823	2.009	-0.073	0.281	12.391	4.843	3.750	33.578	37.571	4.899	21.782	9.582	28.601	6.606	5.319	18.192	4.962	32.773	4.341	19.843	8.866	0.664
Lysobacter_OAE881	ABIE51_RS07225	ABIE51_RS07225		hypothetical protein	-0.415	0.300	14.002	15.099	3.556	0.394	1.648	2.843	3.363	3.537	23.875	15.834	1.226	18.480	5.257	13.747	1.671	2.587	10.303	5.919	17.425	3.839	10.910	2.623	0.535
Lysobacter_OAE881	ABIE51_RS07230	ABIE51_RS07230		hypothetical protein	1.405	1.377	25.604	13.389	2.855	0.656	3.220	3.502	5.282	2.670	31.822	19.775	1.653	26.798	4.966	24.444	3.318	6.000	15.729	5.266	29.701	3.430	21.205	3.926	0.853
Lysobacter_OAE881	ABIE51_RS07235	ABIE51_RS07235		tRNA-Ser	1.997	2.762	23.727	11.623	3.040	0.177	3.422	9.733	6.040	6.805	33.523	24.760	0.051	20.330	9.580	23.025	6.541	6.566	13.317	7.434	24.939	2.352	20.860	1.942	1.187
Lysobacter_OAE881	ABIE51_RS07245	ABIE51_RS07245		lysozyme	2.803	4.040	23.296	24.560	5.107	0.089	2.342	12.760	4.542	4.631	45.046	17.447	1.613	16.012	8.813	18.476	6.136	7.822	20.054	4.146	24.989	2.908	20.094	7.744	0.640
Lysobacter_OAE881	ABIE51_RS07250	ABIE51_RS07250		hypothetical protein	2.492	4.003	21.014	10.650	2.243	1.052	2.987	4.867	1.977	1.488	34.968	16.400	0.434	15.795	4.636	14.684	1.750	3.460	10.617	3.947	19.255	1.558	17.359	2.549	2.144
Lysobacter_OAE881	ABIE51_RS07255	ABIE51_RS07255		serine protease	2.705	4.316	17.786	14.140	2.999	-0.047	3.631	3.722	5.579	3.664	25.739	16.799	2.291	19.279	5.710	17.559	2.952	4.816	13.403	7.082	22.226	3.011	14.751	2.345	0.121
Lysobacter_OAE881	ABIE51_RS07260	ABIE51_RS07260		hypothetical protein	0.481	3.558	22.381	6.818	2.485	0.120	3.909	1.403	5.459	3.139	25.847	18.535	0.370	7.972	2.062	22.475	2.290	3.072	12.587	3.238	26.822	3.262	13.592	1.160	1.624
Lysobacter_OAE881	ABIE51_RS07265	ABIE51_RS07265		DUF3307 domain-containing protein	1.529	1.266	21.492	11.071	2.098	-0.257	1.507	3.465	7.524	3.238	34.713	21.498	0.254	16.729	3.796	23.752	2.765	4.212	11.955	5.072	23.871	-0.666	14.765	1.027	1.615
Lysobacter_OAE881	ABIE51_RS07270	ABIE51_RS07270		hypothetical protein	-0.308	1.459	24.993	15.164	2.584	0.292	5.251	3.668	5.672	3.063	37.181	21.675	0.686	21.251	4.758	20.770	2.665	4.578	12.686	8.277	29.685	1.536	14.308	2.726	0.160
Lysobacter_OAE881	ABIE51_RS07275	ABIE51_RS07275		hypothetical protein	-0.276	0.020	9.725	6.543	0.262	-1.059	-0.274	1.512	3.254	-0.359	16.841	8.130	1.253	10.821	0.062	9.351	-0.023	-0.763	4.225	2.614	11.854	1.163	5.760	-0.289	0.280
Lysobacter_OAE881	ABIE51_RS07280	ABIE51_RS07280		hypothetical protein	0.071	2.885	8.976	4.974	2.277	0.000	0.125	1.306	0.847	3.315	14.524	7.139	1.301	11.138	2.350	7.550	1.874	1.157	5.075	1.922	10.698	3.746	7.673	0.266	4.574
Lysobacter_OAE881	ABIE51_RS07285	ABIE51_RS07285		hypothetical protein	-1.058	0.728	12.346	7.473	0.096	0.676	0.637	1.884	3.592	0.344	17.720	8.058	1.613	10.786	3.370	11.437	1.572	2.398	6.361	2.826	9.449	1.646	5.899	3.591	0.884
Lysobacter_OAE881	ABIE51_RS07290	ABIE51_RS07290		DUF5681 domain-containing protein	0.294	0.181	15.868	8.539	-0.637	0.309	-0.271	1.123	1.244	1.153	11.118	12.604	1.431	14.069	3.999	12.927	2.052	1.815	7.929	1.080	16.139	0.641	9.567	0.642	0.807
Lysobacter_OAE881	ABIE51_RS07295	ABIE51_RS07295		hypothetical protein	0.381	2.510	26.806	15.959	2.332	-0.147	3.766	2.497	2.372	3.572	17.773	22.413	0.907	27.409	5.563	21.409	2.262	-0.325	15.832	4.257	27.658	1.077	19.833	2.898	0.851
Lysobacter_OAE881	ABIE51_RS07300	ABIE51_RS07300		portal protein	1.645	2.026	31.019	16.438	1.021	-0.176	3.744	2.465	3.771	3.146	17.195	23.877	1.968	26.126	4.963	23.632	1.391	2.690	17.249	3.807	31.910	1.526	21.848	3.147	1.027
Lysobacter_OAE881	ABIE51_RS07305	ABIE51_RS07305		hypothetical protein	1.000	1.471	19.678	10.468	1.281	0.724	1.231	0.675	1.107	1.894	11.822	14.236	-1.208	13.438	3.612	11.289	1.507	-0.550	7.401	3.453	15.137	1.891	6.913	0.608	-2.270
Lysobacter_OAE881	ABIE51_RS07310	ABIE51_RS07310		hypothetical protein	-0.356	-1.011	23.081	6.368	0.661	-0.500	0.550	0.194	-0.273	2.474	12.740	18.703	-0.234	20.336	3.022	19.342	0.155	-0.168	12.886	0.481	16.082	-0.361	12.533	0.874	-0.658
Lysobacter_OAE881	ABIE51_RS07315	ABIE51_RS07315		P22 phage major capsid protein family protein	0.366	-0.783	21.408	12.759	-0.526	-1.154	2.329	0.161	0.758	2.540	15.259	13.324	-0.191	15.217	1.070	13.907	0.488	0.184	10.976	-0.405	21.130	0.787	9.510	2.744	0.020
Lysobacter_OAE881	ABIE51_RS07320	ABIE51_RS07320		packaged DNA stabilization gp4 family protein	-0.438	0.889	24.285	8.961	4.003	0.264	2.437	3.584	7.104	2.516	25.942	17.030	1.470	21.067	5.282	16.910	1.956	4.677	6.334	7.172	28.051	1.094	13.441	0.221	-1.348
Lysobacter_OAE881	ABIE51_RS07325	ABIE51_RS07325		hypothetical protein	0.674	1.649	26.476	15.293	3.302	0.626	1.033	4.921	8.035	5.085	38.199	19.647	1.251	23.626	5.570	26.384	2.437	2.964	13.340	9.546	34.494	1.293	18.544	1.925	2.322
Lysobacter_OAE881	ABIE51_RS07330	ABIE51_RS07330		hypothetical protein	1.495	0.176	17.596	8.249	1.741	0.270	0.885	2.648	9.314	2.951	26.123	14.398	1.992	15.320	3.316	15.342	0.965	1.846	9.759	7.544	17.805	1.084	14.777	0.026	0.546
Lysobacter_OAE881	ABIE51_RS07335	ABIE51_RS07335		hypothetical protein	1.157	2.023	22.120	11.172	2.863	-0.603	0.383	2.129	6.683	2.475	34.358	13.058	0.855	21.090	4.175	21.487	2.806	2.766	10.022	6.502	19.732	2.263	14.564	0.713	-0.431
Lysobacter_OAE881	ABIE51_RS07345	ABIE51_RS07345		hypothetical protein	-2.322	2.077	25.048	11.563	2.563	-0.760	1.847	2.564	8.007	2.722	35.776	20.848	2.123	22.567	6.461	23.386	2.949	3.011	13.820	8.562	25.501	1.170	18.631	3.990	0.178
Lysobacter_OAE881	ABIE51_RS07350	ABIE51_RS07350		hypothetical protein	0.662	2.955	27.265	12.945	4.988	-0.217	3.536	4.594	7.643	6.192	38.245	20.411	1.769	16.943	5.452	26.313	2.552	4.400	15.212	7.075	29.455	1.717	17.382	1.921	-1.040
Lysobacter_OAE881	ABIE51_RS07355	ABIE51_RS07355		hypothetical protein	0.037	0.491	27.897	16.192	3.854	-0.646	0.683	4.878	9.793	4.140	39.953	23.934	2.645	26.072	5.603	24.703	2.273	5.160	16.467	9.849	31.215	3.098	19.929	1.761	-0.390
Lysobacter_OAE881	ABIE51_RS07360	ABIE51_RS07360		hypothetical protein	-0.204	1.470	32.282	20.389	3.214	-0.233	2.487	5.839	8.988	3.416	49.091	26.423	2.049	29.350	7.609	29.468	2.277	5.562	17.443	11.936	38.793	3.607	22.452	3.426	0.429
Lysobacter_OAE881	ABIE51_RS07365	ABIE51_RS07365		glycosyl hydrolase family 28-related protein	-0.217	2.339	32.847	20.974	5.071	0.904	3.245	6.051	10.208	5.584	48.338	27.163	1.987	30.895	8.646	29.765	2.961	5.932	17.441	12.737	40.294	2.401	23.803	3.609	0.393
Lysobacter_OAE881	ABIE51_RS07370	ABIE51_RS07370		methyltransferase domain-containing protein	2.103	1.247	33.820	20.375	3.289	1.790	8.432	5.493	10.344	8.187	46.246	25.906	1.526	25.834	3.305	30.696	2.246	4.239	17.102	12.017	38.684	5.013	22.382	2.584	-0.539
Lysobacter_OAE881	ABIE51_RS07375	ABIE51_RS07375		hypothetical protein	0.131	-0.227	16.726	6.976	1.902	-0.196	0.732	1.226	4.311	1.654	25.504	12.244	0.060	15.743	1.379	15.939	-0.604	0.164	8.921	3.498	15.024	0.375	10.842	-0.359	-0.754
Lysobacter_OAE881	ABIE51_RS07380	ABIE51_RS07380		site-specific integrase	0.487	-0.635	21.995	8.761	0.957	-1.059	0.718	1.234	2.957	1.133	31.532	11.025	1.015	15.933	0.598	16.992	0.239	1.319	8.790	4.387	25.802	0.708	8.986	1.650	-0.320
Lysobacter_OAE881	ABIE51_RS07385	ABIE51_RS07385		inositol-3-phosphate synthase	-1.620	0.174	-0.137	-0.638	-0.335	-0.133	-0.208	-1.112	-0.575	-1.686	0.819	-0.967	0.171	-1.506	-2.258	-0.209	-0.008	0.132	0.177	-0.782	-0.416	0.108	-0.143	-0.999	-0.414
Lysobacter_OAE881	ABIE51_RS07390	ABIE51_RS07390		glycosyl hydrolase	0.583	-2.919	-0.309	-0.659	-0.864	-0.667	-0.201	0.184	-0.802	-1.489	2.690	-1.989	-2.332	-0.448	-0.036	-0.063	-0.790	0.139	-0.634	-0.692	-1.820	0.537	-0.129	-0.135	-0.908
Lysobacter_OAE881	ABIE51_RS07395	ABIE51_RS07395		glycosyltransferase family 9 protein	0.402	1.529	-1.033	-0.464	1.304	1.335	1.932	-0.403	-1.303	-0.347	1.752	0.164	1.326	1.323	-0.255	0.263	2.605	1.006	0.655	0.694	0.383	-0.719	1.097	-0.579	-0.044
Lysobacter_OAE881	ABIE51_RS07400	ABIE51_RS07400		Coenzyme F420 hydrogenase/dehydrogenase, beta subunit C-terminal domain	-0.862	-0.336	-0.866	-1.860	-2.103	-0.677	-2.039	-0.960	-2.439	-0.336	-0.137	-0.411	-1.017	-0.077	-1.737	-2.152	-3.219	-0.052	-2.388	-0.325	-0.580	-1.795	0.556	-1.893	1.126
Lysobacter_OAE881	ABIE51_RS07405	ABIE51_RS07405		polysaccharide pyruvyl transferase family protein	-0.553	0.500	-1.029	2.497	-0.383	0.763	0.147	0.978	0.324	-0.047	1.088	0.686	0.300	1.959	-0.937	0.173	1.622	1.075	0.267	-1.009	-0.806	0.410	0.462	-0.136	-1.067
Lysobacter_OAE881	ABIE51_RS07410	ABIE51_RS07410		polysaccharide pyruvyl transferase family protein	1.482	0.822	2.618	0.417	1.026	-0.687	1.620	1.917	0.755	-1.841	-1.249	0.727	0.910	0.882	1.485	0.272	0.615	2.058	1.245	0.931	1.551	-0.313	1.966	-0.427	-0.421
Lysobacter_OAE881	ABIE51_RS07415	ABIE51_RS07415		histidine phosphatase family protein	-0.758	-0.296	-0.684	0.940	0.230	-0.438	-1.967	0.293	-0.058	-1.214	0.381	0.120	-0.328	-0.124	-1.266	-1.459	-0.417	-0.282	0.015	-0.822	0.414	0.407	-1.040	0.088	-0.235
Lysobacter_OAE881	ABIE51_RS07420	ABIE51_RS07420		UDP-glucuronic acid decarboxylase family protein	0.080	0.032	0.398	0.758	1.623	-0.025	-0.320	-0.018	0.762	-0.812	1.394	-0.092	-0.478	0.278	-0.233	-0.130	-0.923	-0.651	0.203	-0.574	0.824	1.721	0.205	0.407	-1.339
Lysobacter_OAE881	ABIE51_RS07425	ABIE51_RS07425		SDR family NAD(P)-dependent oxidoreductase	-0.542	-0.921	-1.161	-1.282	-0.343	-0.314	-1.281	-0.505	-0.066	-0.945	-0.480	-0.702	-1.581	0.854	-0.926	-0.906	-1.489	1.373	-0.467	-0.338	0.877	0.417	0.408	0.237	-0.040
Lysobacter_OAE881	ABIE51_RS07430	ABIE51_RS07430		NAD-dependent epimerase/dehydratase family protein	-0.828	-0.507	-1.622	-2.331	-1.736	-0.274	-0.522	-0.435	-1.032	0.859	-1.247	-1.165	-0.639	-0.931	-1.279	0.193	-1.491	0.006	-1.138	-0.971	-0.175	-0.347	0.002	0.142	-0.595
Lysobacter_OAE881	ABIE51_RS07440	ABIE51_RS07440		Gfo/Idh/MocA family oxidoreductase	-0.423	0.250	1.704	-0.450	1.607	1.384	0.005	-0.175	0.514	1.427	3.069	-0.521	0.666	-0.586	1.062	0.353	0.421	-0.816	0.050	1.380	0.416	1.533	-0.826	-0.141	0.063
Lysobacter_OAE881	ABIE51_RS07445	ABIE51_RS07445		glycosyltransferase family 4 protein	1.061	0.324	0.569	0.288	0.468	0.474	1.070	0.540	0.278	-0.400	-0.619	-0.358	-0.897	1.035	0.853	-0.317	1.398	-0.390	1.737	-0.660	1.602	-1.590	0.261	-0.738	-0.103
Lysobacter_OAE881	ABIE51_RS07450	ABIE51_RS07450		glycosyltransferase	0.624	-0.907	-0.036	-0.945	0.276	0.739	0.124	-0.743	-0.345	0.866	1.797	-0.790	-1.480	-0.721	-0.154	-0.065	-0.233	-0.862	0.516	0.004	0.123	-0.651	-0.762	0.410	-1.422
Lysobacter_OAE881	ABIE51_RS07455	ABIE51_RS07455		glycosyltransferase	1.275	-0.268	0.663	-0.268	0.225	1.221	-1.567	-0.771	1.600	-0.734	0.973	0.166	-0.821	1.286	0.166	0.540	0.299	-0.968	0.259	-0.725	-0.140	-1.767	0.153	0.716	-0.090
Lysobacter_OAE881	ABIE51_RS07460	ABIE51_RS07460		glycosyltransferase	0.692	-0.097	-0.035	-0.108	-1.331	-0.702	-0.514	-0.574	-1.698	-0.317	1.581	0.130	-0.489	3.144	0.133	-0.333	0.179	0.126	-0.425	-0.661	-0.204	1.486	-0.002	0.000	-2.278
Lysobacter_OAE881	ABIE51_RS07465	ABIE51_RS07465		hypothetical protein	0.735	1.178	1.450	0.781	3.152	1.300	0.340	2.365	1.504	-0.277	2.739	1.189	1.769	1.528	0.386	1.577	0.473	0.988	2.768	0.962	1.444	0.258	3.468	0.080	-0.395
Lysobacter_OAE881	ABIE51_RS07470	ABIE51_RS07470		TIGR04290 family methyltransferase	0.557	-0.827	0.600	-0.595	-0.539	0.788	-1.751	0.759	-0.362	1.806	1.209	-0.133	1.153	0.190	-1.381	-0.690	-0.322	-0.366	-0.444	-1.004	-0.037	-1.191	0.518	-0.135	0.251
Lysobacter_OAE881	ABIE51_RS07475	ABIE51_RS07475		ribonuclease R	-0.079	-0.623	-1.126	1.127	-3.395	-3.399	-1.068	-3.018	-2.863	-1.356	-0.235	-4.274	-2.338	-3.059	-1.714	-1.913	-2.444	-3.766	-1.994	-2.979	0.471	-0.376	-2.973	-0.153	-1.142
Lysobacter_OAE881	ABIE51_RS07480	ABIE51_RS07480		23S rRNA (guanosine(2251)-2'-O)-methyltransferase RlmB	-1.609	-0.956	-0.565	0.138	-0.549	0.206	-0.780	-0.699	-2.082	-1.194	1.743	-0.878	-0.538	-0.700	-1.701	-1.102	-1.084	0.159	-0.763	-1.205	-0.705	-0.192	-1.447	0.091	0.446
Lysobacter_OAE881	ABIE51_RS07485	ABIE51_RS07485		ligand-binding sensor domain-containing diguanylate cyclase	-2.556	-0.894	-0.567	-1.569	-0.509	0.128	-0.702	-1.173	-0.985	-1.624	1.015	-0.362	-2.704	-0.186	-2.400	-1.206	-0.075	-1.524	-0.936	-1.026	1.284	-0.833	-0.527	-1.403	-1.895
Lysobacter_OAE881	ABIE51_RS07495	ABIE51_RS07495		lipid A deacylase LpxR family protein	-0.348	-0.914	1.300	-0.562	-0.552	1.655	-0.567	0.416	-1.390	-0.215	1.328	0.128	-1.385	-1.370	-0.343	-0.128	1.228	-0.909	0.783	-0.619	-0.369	-0.865	0.583	0.375	-0.077
Lysobacter_OAE881	ABIE51_RS07500	ABIE51_RS07500		sugar O-acetyltransferase	-0.978	-0.049	-1.518	0.488	-1.214	0.797	-0.812	0.559	-1.947	0.422	-0.014	-0.465	1.323	0.529	-0.063	1.375	0.383	-0.779	0.735	-0.235	-1.458	0.987	0.697	0.151	-1.244
Lysobacter_OAE881	ABIE51_RS07510	ABIE51_RS07510		putative DNA-binding domain-containing protein	-0.927	0.400	-0.387	-0.427	-1.402	-0.617	-0.819	0.272	-0.447	0.811	1.378	-0.534	1.275	-0.717	1.142	-0.695	1.538	0.295	-1.378	0.530	0.548	-1.734	-1.208	0.199	0.404
Lysobacter_OAE881	ABIE51_RS07515	ABIE51_RS07515		DUF692 domain-containing protein	-0.100	0.191	-1.100	-0.384	-1.558	1.051	-0.560	0.182	-0.291	-0.033	3.023	-1.757	-1.587	1.849	-1.839	-1.361	0.664	0.725	0.696	-0.397	-0.486	-0.711	0.338	-1.378	0.618
Lysobacter_OAE881	ABIE51_RS07520	ABIE51_RS07520		calcium-binding protein	-0.734	-0.794	-0.064	-0.571	1.854	-0.299	-0.573	0.197	-0.355	-0.633	0.128	-0.819	-1.060	-0.417	1.860	0.104	-1.067	0.112	-1.206	-0.205	-0.603	-0.714	-1.139	-0.719	-0.369
Lysobacter_OAE881	ABIE51_RS07525	ABIE51_RS07525		phosphate signaling complex protein PhoU	-0.142	0.257	1.451	0.410	-1.121	-0.721	-1.046	0.215	-1.202	0.476	0.746	-1.347	0.497	-0.571	-0.282	-0.566	-1.259	-1.279	-0.202	-0.917	0.757	-0.026	1.505	-0.497	-1.699
Lysobacter_OAE881	ABIE51_RS07530	ABIE51_RS07530		phosphate ABC transporter ATP-binding protein PstB	-2.454	0.338	-0.588	-2.185	-0.947	-1.242	-1.574	-2.033	-0.374	-0.672	-0.070	-0.063	-0.325	-3.275	-1.093	-0.765	0.526	-1.493	0.700	-1.067	0.832	-1.269	-0.112	-0.733	-0.825
Lysobacter_OAE881	ABIE51_RS07535	ABIE51_RS07535		phosphate ABC transporter permease PstA	2.939	1.194	1.380	0.423	2.202	1.656	-0.792	-0.756	0.283	-0.012	0.198	-0.374	0.967	2.814	2.096	0.230	-1.751	0.009	0.687	1.090	3.755	1.601	0.633	0.334	2.172
Lysobacter_OAE881	ABIE51_RS07540	ABIE51_RS07540		phosphate ABC transporter permease subunit PstC	-0.693	-0.293	-0.758	-0.901	0.465	-0.417	-0.685	-1.369	-1.492	-1.654	1.378	0.336	-0.354	-0.516	-2.123	-0.337	-0.938	-1.186	-1.234	-1.251	-0.774	-0.535	-1.244	-1.985	-0.416
Lysobacter_OAE881	ABIE51_RS07545	ABIE51_RS07545		phosphate ABC transporter substrate-binding protein PstS	-1.087	-2.011	0.335	-0.363	-1.718	-1.137	-0.627	-1.846	0.078	-0.202	-0.426	-0.287	0.776	-0.407	-0.786	-0.462	-1.605	-0.776	-0.259	-0.095	0.713	-1.413	-0.820	-0.242	-1.853
Lysobacter_OAE881	ABIE51_RS07550	ABIE51_RS07550		phosphate ABC transporter substrate-binding protein PstS	-0.150	-0.150	-0.454	-1.879	-0.741	-0.029	-0.411	-1.436	0.791	-1.099	-0.331	-0.487	-2.215	-0.939	0.281	-0.309	-0.885	-0.686	-0.232	0.065	-0.575	-0.510	-0.800	-0.588	0.816
Lysobacter_OAE881	ABIE51_RS07555	ABIE51_RS07555		OprO/OprP family phosphate-selective porin	-0.786	-1.506	-0.404	-0.079	0.965	0.921	0.121	-0.475	0.065	-1.033	0.695	0.282	-0.836	0.445	-0.890	-0.177	-0.121	0.204	-0.243	-0.309	-0.222	-0.660	-1.348	-0.746	-1.362
Lysobacter_OAE881	ABIE51_RS07560	ABIE51_RS07560		endonuclease III	-1.088	-1.968	0.679	-1.839	-0.643	-1.339	-1.427	-0.443	-1.926	-0.510	3.229	-0.012	-0.052	-1.308	-1.407	-1.582	-0.917	-2.030	-1.286	-0.889	-1.212	-1.547	-2.908	-0.515	-1.254
Lysobacter_OAE881	ABIE51_RS07575	ABIE51_RS07575		FKBP-type peptidyl-prolyl cis-trans isomerase N-terminal domain-containing protein	-1.666	-2.061	-4.254	-3.787	-3.874	-6.132	-2.450	-7.010	-4.533	-3.748	-2.627	-2.324	-2.240	-0.667	-1.109	-3.951	-3.579	-4.123	-1.163	-1.717	-2.522	-1.500	1.595	-2.663	-3.402
Lysobacter_OAE881	ABIE51_RS07580	ABIE51_RS07580		CoA pyrophosphatase	-2.704	-0.981	-1.086	-0.251	-1.020	-0.877	-0.405	-0.897	-2.817	-0.511	-0.671	-1.161	-0.301	-0.218	-0.657	-0.503	0.585	-0.385	-0.346	-1.718	-1.048	-1.212	-1.257	-1.026	-1.623
Lysobacter_OAE881	ABIE51_RS07585	ABIE51_RS07585		sulfurtransferase	-1.963	-1.497	-1.570	-1.945	-0.124	-0.860	-0.340	-0.909	-1.210	-0.856	-0.191	-2.704	-0.254	0.927	-1.659	-0.711	-0.673	0.187	-0.740	0.149	2.153	0.509	-1.303	-0.670	0.463
Lysobacter_OAE881	ABIE51_RS07590	ABIE51_RS07590		substrate-binding domain-containing protein	1.240	-0.538	0.384	-0.336	-0.071	0.212	-1.423	-0.650	-0.796	0.039	0.168	-0.453	-0.913	-1.014	-0.498	-0.455	-0.759	-1.065	-0.668	-0.927	0.533	-0.389	-0.387	-0.079	0.463
Lysobacter_OAE881	ABIE51_RS07595	ABIE51_RS07595		enoyl-CoA hydratase/isomerase family protein	-0.174	-0.416	-1.135	-0.409	0.045	-0.011	-0.053	-0.429	-1.769	-0.425	1.130	-0.305	-1.480	-0.925	-0.818	-1.880	-0.926	-0.209	-0.824	-0.590	-0.737	-0.658	-0.478	-1.036	-0.150
Lysobacter_OAE881	ABIE51_RS07605	ABIE51_RS07605		thioesterase family protein	-1.224	-0.407	-0.611	-2.287	-1.202	-2.110	-0.064	0.139	-1.911	-0.781	-0.151	-2.647	-1.860	0.171	-1.450	-0.984	-0.788	-0.033	-1.129	-1.273	0.933	-0.755	-1.475	-0.536	-1.576
Lysobacter_OAE881	ABIE51_RS07610	ABIE51_RS07610		excinuclease ABC subunit UvrA	-0.216	0.212	4.128	0.626	-1.378	2.103	-0.353	0.972	0.664	-0.144	5.068	2.255	-0.502	-1.692	-3.105	4.188	-0.929	-2.385	1.345	0.867	0.009	-0.574	2.699	0.462	-1.246
Lysobacter_OAE881	ABIE51_RS07615	ABIE51_RS07615		hypothetical protein	0.676	1.031	-0.914	-0.529	-0.941	0.346	1.092	-0.864	0.830	0.759	-0.844	-0.177	0.929	-0.029	0.008	-1.370	-0.177	-0.319	2.906	1.416	0.694	0.598	1.559	0.525	0.932
Lysobacter_OAE881	ABIE51_RS07620	ABIE51_RS07620		S8 family peptidase	-0.431	-0.205	2.703	-1.096	0.415	0.441	-1.145	2.958	2.137	-0.643	2.213	2.060	-0.208	0.419	-1.669	1.884	-0.441	1.407	2.263	2.392	-0.117	0.857	1.405	-0.725	0.073
Lysobacter_OAE881	ABIE51_RS07675	ABIE51_RS07675		'pyridoxamine 5'-phosphate oxidase family protein' pseudo=_no_value transl_table=11	-1.762	0.360	-1.395	-0.820	-0.537	-0.248	-0.829	-1.129	-1.475	-0.917	-0.368	0.480	0.691	-2.542	-1.367	-1.855	-1.504	-0.728	-1.816	-0.180	-1.293	-1.121	-0.687	-0.769	-0.761
Lysobacter_OAE881	ABIE51_RS07680	ABIE51_RS07680		hypothetical protein	-0.980	-0.543	-0.864	-1.104	0.024	-1.781	0.629	-0.394	-0.763	-0.964	0.863	-0.647	-1.044	-0.590	0.445	-0.997	-0.379	-1.260	-1.120	-1.043	-0.702	-1.131	-1.049	-0.526	0.472
Lysobacter_OAE881	ABIE51_RS07685	ABIE51_RS07685		DNA repair protein RadA	-0.497	0.793	0.133	-0.779	1.057	1.939	0.080	1.089	0.406	0.063	0.430	1.592	-1.650	2.295	-2.274	0.133	1.341	-0.142	0.413	-1.152	0.481	1.091	1.174	0.542	-0.236
Lysobacter_OAE881	ABIE51_RS07690	ABIE51_RS07690		hypothetical protein	0.255	-1.007	-0.496	-0.491	0.702	1.014	0.307	-0.560	-0.126	-1.072	-0.172	-0.116	0.185	-0.482	-0.133	0.313	1.013	0.258	-0.608	-0.461	-0.179	-0.304	-0.390	2.001	0.398
Lysobacter_OAE881	ABIE51_RS07695	ABIE51_RS07695		hypothetical protein	0.927	-0.500	0.641	-2.379	-0.217	-0.803	-0.018	0.330	0.245	-0.302	0.808	1.558	0.873	0.134	0.965	-1.354	-0.371	-0.442	0.107	0.571	-0.165	1.899	0.894	0.083	0.500
Lysobacter_OAE881	ABIE51_RS07700	ABIE51_RS07700		formyltetrahydrofolate deformylase	0.597	-0.339	-1.639	-0.064	0.308	0.330	-0.858	-0.675	0.294	0.495	-0.397	-1.525	-1.395	0.518	-0.909	-0.475	-0.021	-3.033	0.618	-0.109	0.921	-0.824	0.369	-1.503	0.442
Lysobacter_OAE881	ABIE51_RS07705	ABIE51_RS07705		DHA2 family efflux MFS transporter permease subunit	-0.064	-0.460	-0.139	-1.102	0.364	0.532	-1.442	-1.499	-0.364	-1.461	0.991	0.134	-0.613	0.565	0.112	-0.445	-0.281	-0.147	0.485	-0.136	-0.277	-0.543	-0.073	0.882	-1.149
Lysobacter_OAE881	ABIE51_RS07710	ABIE51_RS07710		efflux RND transporter periplasmic adaptor subunit	-0.594	-1.789	-0.077	-0.985	0.460	-0.729	-1.915	-1.699	-0.118	-0.577	0.228	-0.519	-0.764	-0.611	-1.729	-0.504	-0.308	-0.176	-0.752	-1.321	-0.234	-0.300	-0.433	-1.920	-0.470
Lysobacter_OAE881	ABIE51_RS07715	ABIE51_RS07715		efflux transporter outer membrane subunit	0.635	-0.282	-0.810	0.237	-0.872	0.200	-0.206	-0.890	-0.143	-1.440	-0.192	0.041	0.288	0.677	-1.053	-0.764	0.754	-0.097	-1.276	0.960	-0.394	-0.711	0.086	-0.163	0.112
Lysobacter_OAE881	ABIE51_RS07720	ABIE51_RS07720		MarR family transcriptional regulator	1.459	-0.396	-2.626	-1.396	-0.482	-0.059	0.092	-1.708	0.150	-0.225	-0.699	-1.534	-0.463	-0.071	-0.280	-1.284	-1.479	-2.118	-0.896	-0.392	-1.146	0.171	-1.605	1.082	0.641
Lysobacter_OAE881	ABIE51_RS07725	ABIE51_RS07725		acyltransferase	0.212	-0.451	-1.264	-0.316	-0.936	-0.343	-0.410	-0.222	-1.222	-0.324	0.004	-1.068	-1.209	0.453	-0.381	-1.288	-0.471	-0.887	-0.727	-0.750	-1.034	-1.108	-2.168	-0.358	0.002
Lysobacter_OAE881	ABIE51_RS07730	ABIE51_RS07730		cytochrome c biogenesis protein CcsA	-1.140	0.400	-2.944	-1.025	-2.301	-1.020	1.180	-0.389	0.561	-0.691	0.821	-1.536	-2.121	1.988	1.851	-1.019	-2.623	-0.183	0.333	-1.059	-1.410	-0.383	-1.491	1.714	2.564
Lysobacter_OAE881	ABIE51_RS07760	ABIE51_RS07760		Mut7-C RNAse domain-containing protein	-1.520	0.245	-0.590	-0.937	-2.123	0.933	-1.226	-0.615	-0.360	-1.939	0.175	-0.867	0.253	0.935	-1.207	-0.997	-1.219	-1.523	-0.828	0.017	-1.199	-0.271	0.064	-0.847	-0.964
Lysobacter_OAE881	ABIE51_RS07765	ABIE51_RS07765		MATE family efflux transporter	0.580	-0.281	-0.052	0.149	0.272	0.852	0.576	0.317	0.186	1.787	0.799	1.235	-0.166	0.434	-0.328	-0.298	0.172	-0.453	0.552	0.948	-0.268	0.468	-0.888	-0.629	-0.206
Lysobacter_OAE881	ABIE51_RS07770	ABIE51_RS07770		RNA-binding S4 domain-containing protein	0.695	0.529	-0.801	-0.714	-0.756	-0.266	0.333	-1.758	-0.371	1.158	0.943	-2.226	-1.882	0.936	-0.803	-1.535	1.464	-0.326	-0.305	-0.342	-0.852	-0.598	-0.195	-1.576	-2.135
Lysobacter_OAE881	ABIE51_RS07775	ABIE51_RS07775		DUF937 domain-containing protein	0.304	-0.380	0.539	-0.387	-2.053	0.569	0.253	0.456	0.331	-0.327	-0.608	0.678	0.288	-0.731	-1.536	0.351	-0.011	-0.178	0.077	1.611	0.684	-1.382	0.476	0.487	1.782
Lysobacter_OAE881	ABIE51_RS07780	ABIE51_RS07780		catalase/peroxidase HPI	-2.603	-2.044	-0.915	0.267	-0.098	-0.940	-1.467	-0.764	0.475	-1.034	-1.503	-1.667	-0.235	-0.641	-1.142	-1.184	-0.586	-1.204	-0.361	-1.271	1.375	-2.611	-0.115	-2.340	-1.269
Lysobacter_OAE881	ABIE51_RS07785	ABIE51_RS07785		DNA mismatch repair protein MutS	-0.294	-0.907	-1.451	-0.384	-1.285	-0.335	-0.796	-0.472	-0.462	-0.367	-0.170	-1.220	-1.272	-1.354	0.151	-0.148	0.009	-1.785	-0.464	0.114	1.808	-0.323	-0.615	-0.355	-0.717
Lysobacter_OAE881	ABIE51_RS07790	ABIE51_RS07790		CinA family protein	-1.528	0.517	-0.848	0.296	-1.313	0.020	-0.730	-1.284	-0.958	-0.653	-1.808	1.480	0.085	-0.169	0.524	-1.876	-0.660	-0.140	-1.208	0.873	1.230	-0.357	2.076	0.663	-1.102
Lysobacter_OAE881	ABIE51_RS07795	ABIE51_RS07795		transcriptional repressor LexA	-2.590	-0.877	-1.404	-0.800	-0.258	-0.335	-1.241	-2.650	0.022	-0.132	1.601	-1.457	-0.200	-0.932	-1.601	0.064	-0.833	-1.358	-1.489	0.423	0.552	-1.202	0.178	-0.008	-0.383
Lysobacter_OAE881	ABIE51_RS07800	ABIE51_RS07800		recombinase RecA	0.365	-1.503	-0.336	0.385	-1.606	2.594	0.137	-1.113	0.234	0.216	-0.371	0.359	-0.067	1.119	0.987	-0.174	0.674	-0.046	-1.571	-0.401	-0.808	-1.591	2.444	0.149	0.652
Lysobacter_OAE881	ABIE51_RS07815	ABIE51_RS07815		carbon storage regulator CsrA	-1.263	-0.533	-1.720	-0.191	-2.424	-0.926	-0.676	0.884	-0.034	-1.994	0.884	-2.113	-0.661	1.167	-1.493	-2.461	-0.847	-1.532	-1.030	0.662	-1.572	-1.529	-0.714	-0.782	-1.818
Lysobacter_OAE881	ABIE51_RS07830	ABIE51_RS07830		NAD-dependent epimerase	-0.635	-0.178	-0.532	-2.047	-1.903	-0.792	-0.969	-0.478	-1.031	-1.022	-0.061	-1.401	-2.481	-1.015	0.225	-0.648	-0.514	-0.472	-1.251	-0.295	0.064	-3.002	-0.251	-1.589	-1.601
Lysobacter_OAE881	ABIE51_RS07835	ABIE51_RS07835		Vi polysaccharide biosynthesis UDP-N-acetylglucosamine C-6 dehydrogenase TviB	-0.724	-0.061	-0.528	-1.059	0.032	-0.445	0.374	-0.907	-0.402	-0.982	0.347	0.300	-1.452	-0.105	1.359	0.295	1.820	0.427	0.365	0.416	0.214	0.151	-0.139	-0.925	0.601
Lysobacter_OAE881	ABIE51_RS07840	ABIE51_RS07840		4'-phosphopantetheinyl transferase superfamily protein	-1.034	0.479	-0.132	1.628	-1.296	-0.697	0.457	-1.362	-0.207	-0.972	0.162	0.779	0.968	1.244	1.125	-1.134	1.079	2.301	-0.479	-0.293	0.065	-0.420	0.746	0.445	-0.532
Lysobacter_OAE881	ABIE51_RS07845	ABIE51_RS07845		TIGR03013 family XrtA/PEP-CTERM system glycosyltransferase	-1.045	1.025	0.560	-1.227	0.378	-0.728	0.149	-0.721	-1.516	-1.033	0.138	-1.108	-2.941	-0.452	-0.252	0.072	0.205	0.078	-1.089	-0.793	-0.287	0.138	-0.056	-1.359	1.022
Lysobacter_OAE881	ABIE51_RS07850	ABIE51_RS07850		J domain-containing protein	-1.319	-1.727	-0.267	-2.461	-1.679	-0.252	-0.884	-1.168	-1.602	-2.538	-1.247	-0.654	-0.730	-1.108	-1.360	-0.961	-1.477	-0.609	-1.134	-1.505	-0.640	-2.507	-1.197	-0.720	-2.716
Lysobacter_OAE881	ABIE51_RS07855	ABIE51_RS07855		amino acid adenylation domain-containing protein	0.718	-3.236	-1.251	-0.604	-0.993	-0.723	0.065	-1.778	-0.194	0.046	-1.060	0.280	-0.058	0.167	-0.121	-0.020	-1.188	-0.606	0.376	-1.827	-0.723	-0.666	-0.130	0.158	-0.149
Lysobacter_OAE881	ABIE51_RS07860	ABIE51_RS07860		aminotransferase class III-fold pyridoxal phosphate-dependent enzyme	0.282	-1.485	-1.072	-0.451	-0.574	-0.306	-1.438	-0.345	-1.037	-0.398	-2.075	-0.298	-0.223	-0.417	0.018	0.020	-3.800	-0.157	0.933	-0.244	0.209	-2.325	0.169	-0.618	-0.275
Lysobacter_OAE881	ABIE51_RS07865	ABIE51_RS07865		non-ribosomal peptide synthetase	-1.846	-1.610	-1.002	-1.056	-0.585	-0.153	0.457	-1.565	-0.006	-0.406	-1.632	-0.699	0.055	-1.013	-1.647	-0.918	0.500	-1.332	-0.755	-0.653	-0.147	-0.534	-0.363	-1.915	-0.012
Lysobacter_OAE881	ABIE51_RS07870	ABIE51_RS07870		hypothetical protein	0.367	-1.072	-0.580	-0.400	1.350	1.153	-0.736	1.086	1.076	-0.338	-0.193	-0.665	-0.350	0.132	1.341	0.101	-0.119	0.354	1.348	0.928	-0.011	0.046	1.328	1.370	1.078
Lysobacter_OAE881	ABIE51_RS07875	ABIE51_RS07875		alpha/beta hydrolase	-0.014	0.609	0.112	0.310	-0.598	-0.551	1.907	0.294	-0.243	-0.632	0.404	1.137	-0.288	0.445	-0.422	-0.039	-0.186	0.588	1.122	-0.388	0.505	-1.425	-0.780	-0.179	-1.108
Lysobacter_OAE881	ABIE51_RS07880	ABIE51_RS07880		oligosaccharide flippase family protein	0.579	-1.015	0.463	0.038	-0.890	1.391	0.215	0.174	0.911	1.028	-1.152	0.434	0.840	-1.275	-0.012	1.429	-0.364	0.651	-0.226	1.970	-1.898	-0.747	1.586	-1.207	-0.203
Lysobacter_OAE881	ABIE51_RS07885	ABIE51_RS07885		choice-of-anchor Q domain-containing protein	0.670	-0.394	-1.015	-1.664	-1.142	-0.944	-0.368	-0.610	-0.710	0.211	-2.648	-0.532	-0.836	-0.862	0.557	0.377	-0.735	-1.094	0.038	0.965	-0.223	-1.691	-1.347	-0.184	0.216
Lysobacter_OAE881	ABIE51_RS07890	ABIE51_RS07890		YdcF family protein	-0.354	0.153	-2.692	-0.323	-1.689	-0.085	-1.739	-1.508	-0.281	-0.398	2.971	0.399	-0.841	-0.311	-1.000	-0.892	0.375	-1.177	-1.291	-1.183	-0.738	-0.332	-0.350	-1.334	-0.491
Lysobacter_OAE881	ABIE51_RS07895	ABIE51_RS07895		glycosyltransferase family 4 protein	-1.540	0.783	0.877	-1.131	-1.200	-0.756	-1.294	-1.797	0.158	-0.274	0.108	-0.801	-0.054	-0.787	-0.152	0.201	0.315	-0.555	-1.445	1.216	-0.937	-0.781	0.266	-0.851	-0.047
Lysobacter_OAE881	ABIE51_RS07905	ABIE51_RS07905		polysaccharide deacetylase family protein	-0.848	1.020	-1.736	0.336	-1.632	-0.763	-0.340	-0.777	-1.254	-0.018	-1.830	-0.861	-0.561	-0.292	-0.484	-1.608	-0.382	-1.755	-1.130	-0.046	-0.131	-1.430	-0.351	-0.604	1.571
Lysobacter_OAE881	ABIE51_RS07910	ABIE51_RS07910		polysaccharide deacetylase family protein	0.176	1.410	1.003	0.238	0.965	0.709	0.777	0.019	0.598	1.790	0.770	0.931	2.301	-1.805	0.491	0.780	0.398	0.262	0.316	0.018	1.814	1.350	1.307	1.540	-1.234
Lysobacter_OAE881	ABIE51_RS07915	ABIE51_RS07915		O-antigen ligase family protein	0.283	0.693	0.482	-0.315	0.619	0.746	-0.464	0.231	-1.220	-0.047	0.349	0.180	0.184	1.012	-0.750	0.083	1.347	0.618	0.826	-0.933	0.053	1.299	-0.070	0.291	-0.460
Lysobacter_OAE881	ABIE51_RS07920	ABIE51_RS07920		glycosyltransferase	-0.155	-1.206	0.242	-0.363	-0.124	-0.747	1.148	0.090	-0.295	-0.480	-0.459	-0.942	0.009	0.076	0.304	-1.623	-0.915	-1.830	0.390	0.925	0.809	0.568	-0.125	1.097	-0.029
Lysobacter_OAE881	ABIE51_RS07925	ABIE51_RS07925		glycosyltransferase	-2.024	-0.293	-1.165	-0.825	-1.471	-0.081	-1.022	-0.793	-0.789	-0.969	-0.100	-0.438	-2.085	-2.377	-0.190	-0.505	-0.280	-0.529	-0.566	0.160	-1.242	-0.158	-0.813	1.034	-0.415
Lysobacter_OAE881	ABIE51_RS07930	ABIE51_RS07930		outer membrane beta-barrel protein	-0.528	-0.853	0.142	1.662	-1.378	0.265	0.448	-0.492	0.982	0.243	1.605	0.169	0.041	-0.235	-1.835	0.421	-0.445	-2.335	-0.028	-0.387	-1.850	0.620	1.277	0.391	-2.271
Lysobacter_OAE881	ABIE51_RS07935	ABIE51_RS07935		CpsD/CapB family tyrosine-protein kinase	0.512	0.178	-1.591	-2.005	0.461	-0.056	-0.643	-1.322	-0.890	0.467	-0.496	0.257	0.466	0.669	-0.558	-0.354	-0.090	-0.514	-0.353	-0.685	0.740	1.577	-0.035	-1.104	-0.734
Lysobacter_OAE881	ABIE51_RS07945	ABIE51_RS07945		hypothetical protein	-0.848	-1.699	-1.538	-0.863	-0.415	-0.782	-1.955	-1.656	-1.944	-0.847	-2.473	-0.918	0.665	-2.447	0.562	-2.607	-0.874	-0.907	-0.898	-1.372	-1.400	-0.830	-0.796	-0.129	0.339
Lysobacter_OAE881	ABIE51_RS07950	ABIE51_RS07950		XrtA/PEP-CTERM system exopolysaccharide export protein	0.315	-1.235	0.248	0.889	0.225	0.546	-0.678	0.283	-0.143	-1.296	-1.020	-0.122	-2.564	-0.544	-1.423	0.088	0.460	-0.913	-0.036	-2.062	-0.548	-0.665	-0.233	-0.136	-0.341
Lysobacter_OAE881	ABIE51_RS07955	ABIE51_RS07955		UDP-glucose 4-epimerase GalE	0.670	1.675	0.690	0.416	0.542	0.395	-0.752	0.906	1.274	0.199	-0.912	1.808	0.938	1.539	0.038	-0.729	-0.789	0.313	-0.011	0.614	1.178	-0.248	0.030	-0.913	-1.350
Lysobacter_OAE881	ABIE51_RS07960	ABIE51_RS07960		sulfatase-like hydrolase/transferase	-0.454	-0.238	-0.934	1.799	0.092	1.161	-0.607	-0.232	-0.071	-1.186	-2.470	-1.207	-0.580	0.984	-0.443	0.313	-0.191	-1.670	-0.123	0.517	-1.283	-1.094	-0.522	0.145	-0.650
Lysobacter_OAE881	ABIE51_RS07965	ABIE51_RS07965		alpha/beta fold hydrolase	-0.425	-0.721	-1.285	-0.661	-0.178	-1.321	-1.626	0.279	0.402	-0.772	-1.100	-0.531	-0.811	-0.798	0.029	1.397	-1.601	1.189	-0.623	1.274	0.147	0.354	-0.107	-1.961	0.258
Lysobacter_OAE881	ABIE51_RS07975	ABIE51_RS07975		YoaK family protein	-0.572	-1.137	1.328	-0.123	0.618	0.735	-0.414	-1.136	-0.124	0.499	-0.885	1.785	0.463	-1.083	1.632	-0.019	-1.267	-1.398	0.398	-0.989	-1.222	0.400	-1.298	-0.821	-0.882
Lysobacter_OAE881	ABIE51_RS07980	ABIE51_RS07980		PhoH family protein	0.714	-0.099	-0.599	-0.440	0.069	-0.643	-2.513	-0.533	-0.254	0.036	-3.257	-0.087	-1.061	-1.483	-1.599	-0.724	0.368	0.310	-0.366	1.357	-0.116	0.056	0.745	1.744	-0.449
Lysobacter_OAE881	ABIE51_RS07985	ABIE51_RS07985		peroxiredoxin	-1.006	0.520	-0.019	-0.081	-1.020	0.656	-0.930	-1.052	-1.119	-0.144	0.445	-1.293	-0.836	0.193	0.510	-0.753	-1.476	-0.568	-0.019	0.537	0.095	-0.434	0.317	-0.078	-0.080
Lysobacter_OAE881	ABIE51_RS07990	ABIE51_RS07990		glycine cleavage system protein R	0.580	-0.106	0.676	-0.859	-1.535	-0.800	1.322	-0.157	-0.653	-1.120	1.536	-0.355	-0.247	-0.402	-1.592	1.349	-1.225	-0.171	-2.752	-1.116	0.481	1.807	-2.576	0.359	-2.373
Lysobacter_OAE881	ABIE51_RS08000	ABIE51_RS08000		hypothetical protein	0.377	-0.643	0.470	-0.294	-2.540	-0.785	-2.176	-2.940	0.123	0.722	-0.901	-3.187	-0.514	-1.246	-0.366	-0.395	-2.693	-1.637	3.499	-0.735	0.026	-0.044	1.617	-2.446	-0.162
Lysobacter_OAE881	ABIE51_RS08010	ABIE51_RS08010		tRNA-Glu	-0.547	-0.245	-1.255	0.443	-1.229	-0.064	1.208	-2.527	0.493	-1.631	-0.507	-0.353	1.383	-1.190	-1.293	-1.520	-1.189	0.811	0.112	-0.692	0.521	-0.901	-0.599	-1.325	1.704
Lysobacter_OAE881	ABIE51_RS08015	ABIE51_RS08015		polynucleotide adenylyltransferase PcnB	0.713	0.438	0.567	2.431	0.762	-0.653	1.732	-1.427	1.100	-0.269	0.983	1.432	-1.141	3.500	-0.371	1.222	-1.349	-0.381	-1.762	0.259	-0.390	-0.281	0.811	0.699	1.663
Lysobacter_OAE881	ABIE51_RS08040	ABIE51_RS08040		glucose-6-phosphate isomerase	-2.560	-3.073	4.665	-0.998	-3.494	-9.746	-2.578	-1.430	-2.622	-2.914	-0.684	-4.806	-3.486	1.313	-2.296	2.284	-3.542	-8.290	-2.053	-1.031	-1.680	0.294	-4.976	-4.050	-3.574
Lysobacter_OAE881	ABIE51_RS08045	ABIE51_RS08045		tRNA epoxyqueuosine(34) reductase QueG	1.156	-0.548	0.652	-1.890	0.434	0.907	0.487	0.047	-0.553	-0.353	-0.414	0.502	0.021	-0.059	-0.460	0.256	0.170	-0.172	-0.391	-0.139	1.233	-0.671	1.573	0.837	0.826
Lysobacter_OAE881	ABIE51_RS08050	ABIE51_RS08050		NAD(P)H-hydrate dehydratase	-1.123	-1.082	-1.777	-0.191	0.013	-0.553	-0.987	-0.993	-0.535	0.534	-0.067	-0.271	-1.289	0.012	-2.148	-0.865	-0.040	-0.896	0.932	-0.344	-0.994	-0.067	-0.615	0.172	-0.553
Lysobacter_OAE881	ABIE51_RS08065	ABIE51_RS08065		DNA mismatch repair endonuclease MutL	-0.235	-0.763	-0.859	-0.051	-0.557	0.715	-0.568	-0.513	-0.398	0.138	-0.944	-0.035	-0.160	-0.663	-0.383	-0.237	-1.075	-0.723	0.501	-0.192	-0.395	-0.472	-0.519	0.217	-0.025
Lysobacter_OAE881	ABIE51_RS08070	ABIE51_RS08070		DUF1684 domain-containing protein	-0.292	-1.363	-0.530	-0.769	-0.596	1.329	0.076	-1.973	-0.574	2.374	-0.523	0.736	0.725	-1.442	-0.071	-0.343	0.385	-0.814	-0.179	0.410	-0.013	-0.543	0.163	-0.936	0.878
Lysobacter_OAE881	ABIE51_RS08075	ABIE51_RS08075		TraB/GumN family protein	-0.179	-0.668	0.663	0.579	-0.876	0.806	-0.001	0.005	-0.633	-0.796	-2.692	0.029	-0.786	0.517	-1.046	-1.625	-0.641	0.410	-0.690	-0.736	-1.821	-0.312	-0.117	0.309	0.857
Lysobacter_OAE881	ABIE51_RS08090	ABIE51_RS08090		DUF2147 domain-containing protein	-0.794	1.506	-0.437	1.249	-0.008	0.489	-0.448	0.916	-0.092	1.322	0.538	0.463	-1.099	1.592	1.347	-0.676	0.270	0.248	-0.406	0.020	0.183	1.025	-2.392	0.828	1.241
Lysobacter_OAE881	ABIE51_RS08095	ABIE51_RS08095		TonB-dependent receptor	-0.331	0.387	0.566	-1.822	0.195	1.564	0.206	0.989	0.521	0.572	-1.690	-0.398	1.614	0.101	1.021	0.251	1.199	-0.179	0.849	0.560	0.336	-0.659	1.194	-0.455	0.027
Lysobacter_OAE881	ABIE51_RS08110	ABIE51_RS08110		M48 family metallopeptidase	-0.995	1.523	-0.068	-0.667	-0.908	0.323	-0.972	-0.070	1.313	-0.521	-0.765	0.903	-0.414	-0.456	-0.251	0.657	-0.502	-1.199	0.704	1.209	-1.113	0.850	-0.098	0.270	-0.159
Lysobacter_OAE881	ABIE51_RS08115	ABIE51_RS08115		pyroglutamyl-peptidase I	-0.430	-1.814	-1.316	-0.345	-2.523	-0.698	0.280	-1.870	-0.243	-0.048	-0.473	-0.051	1.166	-1.118	-0.550	-0.163	0.753	-1.285	-1.037	-0.578	0.123	-1.068	1.834	-0.227	0.992
Lysobacter_OAE881	ABIE51_RS08130	ABIE51_RS08130		5-oxoprolinase subunit PxpA	0.383	-0.392	-0.631	0.137	-0.206	0.164	-0.636	1.783	0.263	1.610	0.397	0.802	0.333	2.183	-0.492	1.344	-0.888	0.146	1.243	-0.215	0.130	0.060	0.271	-0.340	-2.043
Lysobacter_OAE881	ABIE51_RS08140	ABIE51_RS08140		biotin-dependent carboxyltransferase family protein	0.522	-3.449	-0.975	0.535	-1.571	-1.424	-2.313	-2.247	-2.135	0.641	-1.342	-1.335	-0.777	-1.741	-3.787	-2.588	-1.036	-1.695	-1.145	-0.810	-2.942	0.383	-1.963	-1.389	-1.216
Lysobacter_OAE881	ABIE51_RS08145	ABIE51_RS08145		5-oxoprolinase subunit PxpB	0.032	-0.044	-0.212	0.375	0.168	-0.319	0.340	0.645	0.294	-0.366	-1.733	-1.429	-0.364	-0.228	0.901	0.463	0.483	-1.357	-0.009	1.259	0.351	-0.575	-0.722	0.206	-1.065
Lysobacter_OAE881	ABIE51_RS08150	ABIE51_RS08150		HIT family protein	-0.931	-2.040	-0.415	-2.672	-2.511	-1.038	-0.691	0.297	-0.766	0.214	-0.494	-2.191	-0.542	-1.672	0.794	-0.450	-0.838	-0.583	-1.041	-1.597	-1.433	0.774	-0.397	-1.067	-0.186
Lysobacter_OAE881	ABIE51_RS08155	ABIE51_RS08155		dienelactone hydrolase family protein	-0.120	-1.310	0.570	1.501	0.596	0.541	2.282	0.977	0.535	0.458	1.313	-0.082	0.295	0.094	0.603	0.500	0.807	-0.688	1.006	0.343	-1.133	-0.061	0.549	-0.208	0.010
Lysobacter_OAE881	ABIE51_RS08160	ABIE51_RS08160		30S ribosomal protein S12 methylthiotransferase RimO	0.317	0.992	-0.993	0.817	-0.732	-0.487	-0.067	-0.659	-1.037	0.327	-0.017	-2.668	0.546	0.939	-0.113	-0.546	0.365	0.052	-0.297	0.718	0.453	-0.711	-0.710	0.619	0.572
Lysobacter_OAE881	ABIE51_RS08165	ABIE51_RS08165		DUF4010 domain-containing protein	0.041	0.336	0.551	0.118	0.591	0.525	0.504	-0.727	0.353	-1.136	0.205	0.225	0.715	0.967	-0.005	0.135	-0.069	0.087	0.590	-0.337	-1.629	0.177	-0.121	-0.373	0.104
Lysobacter_OAE881	ABIE51_RS08170	ABIE51_RS08170		GNAT family N-acetyltransferase	0.961	0.736	0.961	0.863	-0.655	-0.861	-0.289	-0.952	-0.207	-0.025	-2.285	-0.036	0.361	1.046	-0.227	0.327	0.049	-1.508	-0.608	0.756	-3.057	-0.852	-2.849	0.500	0.780
Lysobacter_OAE881	ABIE51_RS08175	ABIE51_RS08175		transcription elongation factor GreB	-0.153	-0.555	-0.939	0.601	-0.160	-1.328	0.622	-0.721	-0.142	-0.619	0.031	-1.293	0.381	-0.180	-2.665	-1.812	0.271	1.485	0.495	-0.325	0.309	-0.191	-1.796	0.567	0.158
Lysobacter_OAE881	ABIE51_RS08180	ABIE51_RS08180		copper resistance protein NlpE	0.723	0.028	0.578	-0.031	0.790	-0.247	1.321	-0.018	0.356	-1.772	0.646	0.097	1.021	1.231	-0.192	-0.789	-0.524	-0.063	-0.858	-0.595	1.274	0.486	0.570	-1.496	0.212
Lysobacter_OAE881	ABIE51_RS08185	ABIE51_RS08185		helicase HerA-like domain-containing protein	0.609	0.194	0.911	0.586	-1.024	0.245	-0.483	0.336	-1.555	-0.258	-1.144	-1.846	0.033	-1.135	0.040	0.451	0.147	-0.392	0.723	1.038	0.363	-0.102	-0.181	0.832	-0.620
Lysobacter_OAE881	ABIE51_RS08190	ABIE51_RS08190		transglycosylase SLT domain-containing protein	-0.319	0.642	-0.677	2.638	-1.113	-0.889	0.385	-1.308	-0.164	-0.244	-0.542	-0.236	1.308	0.059	0.027	-0.788	0.129	-0.928	0.285	0.468	-0.245	-2.087	0.094	0.490	1.335
Lysobacter_OAE881	ABIE51_RS08195	ABIE51_RS08195		hypothetical protein	0.781	0.618	1.188	1.439	1.344	1.181	1.054	1.375	0.841	1.561	0.619	0.340	0.177	-0.125	0.310	0.167	0.278	-0.395	0.998	0.576	0.523	1.267	-1.156	0.030	-0.105
Lysobacter_OAE881	ABIE51_RS08200	ABIE51_RS08200		lysoplasmalogenase	0.061	0.399	0.459	-0.533	-0.188	1.482	1.795	0.642	-0.439	0.556	-0.934	-1.008	-0.298	1.004	0.896	-1.949	-0.678	-0.540	0.484	1.137	-0.411	0.032	-0.434	-0.415	-0.521
Lysobacter_OAE881	ABIE51_RS08210	ABIE51_RS08210		SCO family protein	-1.195	0.236	-0.529	-0.886	-0.461	0.517	0.058	-1.143	0.671	0.660	-0.655	-0.555	-1.418	-0.474	1.960	0.750	-0.900	-0.746	-0.155	-0.059	0.343	-0.442	-0.344	-1.310	-1.768
Lysobacter_OAE881	ABIE51_RS08215	ABIE51_RS08215		50S ribosomal protein L3 N(5)-glutamine methyltransferase	1.557	0.172	1.645	0.585	-1.874	-0.304	-0.309	0.314	-0.646	1.877	5.942	0.053	-0.322	0.567	-0.211	0.691	0.236	-0.096	0.977	-1.139	0.607	1.844	-0.882	-0.359	-0.949
Lysobacter_OAE881	ABIE51_RS08225	ABIE51_RS08225		D-glycerate dehydrogenase	0.143	0.696	-0.265	-1.420	-0.038	0.365	1.863	0.182	-1.539	0.634	0.374	-1.025	-1.066	0.166	-0.726	-0.210	0.400	0.134	0.299	0.535	-0.471	-0.679	-0.662	-0.171	-0.916
Lysobacter_OAE881	ABIE51_RS08230	ABIE51_RS08230		NIPSNAP family protein	-1.737	-1.043	0.649	-0.428	0.214	-0.331	0.902	-0.071	0.097	-0.821	-1.444	0.022	1.219	0.703	-0.656	0.115	-1.008	-0.793	-0.394	-0.390	-0.749	-0.599	0.353	-1.988	0.032
Lysobacter_OAE881	ABIE51_RS08240	ABIE51_RS08240		FimV/HubP family polar landmark protein	-2.334	-2.427	-2.046	-1.193	-1.356	-2.359	-1.889	-1.651	-1.361	-1.311	-0.213	-0.047	0.567	-1.308	-0.891	-1.329	-1.250	-1.293	-1.239	-0.231	-2.079	0.020	-1.370	-0.726	-0.184
Lysobacter_OAE881	ABIE51_RS08245	ABIE51_RS08245		tRNA pseudouridine(38-40) synthase TruA	-0.843	-1.455	-2.002	-0.114	-1.516	-0.424	-0.334	-0.863	0.190	0.909	-3.734	-0.964	-1.498	-1.113	0.182	0.233	-0.607	0.809	-1.283	-1.022	-1.087	0.541	-1.006	0.389	2.786
Lysobacter_OAE881	ABIE51_RS08250	ABIE51_RS08250		phosphoribosylanthranilate isomerase	0.735	-0.073	-6.955	0.026	-4.384	-2.617	0.070	-4.925	-3.388	1.017	-1.657	-3.518	-2.272	0.430	-1.419	-6.498	-2.501	-2.661	-3.938	-3.824	-1.030	-0.535	-2.489	-0.834	1.282
Lysobacter_OAE881	ABIE51_RS08255	ABIE51_RS08255		LysR family transcriptional regulator	-0.330	-0.448	-7.361	0.768	-2.017	-3.258	0.131	-0.823	-0.111	-0.419	1.835	-0.394	1.401	-1.833	-0.774	-8.391	-2.877	-2.493	-0.622	-1.479	-0.623	2.495	-0.173	0.509	-0.325
Lysobacter_OAE881	ABIE51_RS08260	ABIE51_RS08260		tryptophan synthase subunit beta	1.903	1.597	-12.610	1.521	-7.909	-11.002	-0.784	-10.396	-8.778	-1.287	-3.145	-8.351	-2.891	0.092	-1.454	-11.323	-4.211	-9.165	-8.496	-5.848	-1.642	0.742	-5.362	0.155	0.094
Lysobacter_OAE881	ABIE51_RS08265	ABIE51_RS08265		tryptophan synthase subunit alpha	-0.118	0.367	-10.963	0.937	-6.462	-12.667	-0.773	-11.429	-10.120	-1.431	-4.422	-6.431	-2.842	-0.870	-1.848	-12.498	-4.830	-8.274	-8.829	-5.275	-3.126	-2.147	-5.157	0.739	0.063
Lysobacter_OAE881	ABIE51_RS08280	ABIE51_RS08280		sulfatase-like hydrolase/transferase	-0.895	0.319	0.155	-0.400	0.670	-0.489	0.803	0.443	-0.064	0.102	-0.675	0.518	1.548	1.235	0.536	0.010	0.057	-0.547	-0.113	0.014	-0.191	-1.175	-1.439	-0.158	-0.919
Lysobacter_OAE881	ABIE51_RS08285	ABIE51_RS08285		isopenicillin N synthase family oxygenase	0.110	0.525	0.004	0.958	-0.405	1.452	0.125	-0.728	-0.705	-0.104	-1.632	-0.226	0.118	0.171	0.025	-0.246	-0.902	0.954	0.904	-0.123	-0.936	-0.042	0.492	-0.092	-0.591
Lysobacter_OAE881	ABIE51_RS08290	ABIE51_RS08290		DNA-deoxyinosine glycosylase	-0.184	0.492	0.130	2.467	1.093	1.657	-1.029	0.130	1.720	1.342	0.820	1.436	0.333	-0.838	1.454	-0.089	1.213	1.317	-0.330	0.037	1.451	1.354	1.603	-0.205	-0.612
Lysobacter_OAE881	ABIE51_RS08405	ABIE51_RS08405		tRNA pseudouridine(55) synthase TruB	0.543	0.976	3.060	0.734	1.493	0.725	-0.106	1.415	0.773	-0.118	4.185	1.571	0.637	1.860	1.534	3.213	0.494	-0.498	1.110	1.080	0.942	-0.772	1.830	-0.123	0.091
Lysobacter_OAE881	ABIE51_RS08420	ABIE51_RS08420		DUF5671 domain-containing protein	0.389	0.236	0.313	1.405	1.060	-0.115	-1.218	-0.125	-1.053	-1.312	1.715	-0.775	-0.298	-0.965	-0.338	-0.151	0.233	0.763	-0.324	-0.769	-0.315	-0.295	-0.353	-0.117	0.072
Lysobacter_OAE881	ABIE51_RS08425	ABIE51_RS08425		RNA polymerase sigma-70 factor	-0.999	0.861	-0.198	0.112	0.462	-0.364	-1.430	-0.165	1.212	0.195	-0.622	-0.280	0.563	-2.118	-1.211	-1.713	0.618	0.175	0.275	0.141	-2.599	0.381	-0.047	0.157	0.901
Lysobacter_OAE881	ABIE51_RS08435	ABIE51_RS08435		hypothetical protein	0.463	0.463	-1.484	-0.751	0.249	-0.136	0.340	-1.047	0.683	-0.417	-0.322	-0.353	-0.516	-0.641	-0.603	-0.473	-1.111	-0.582	-0.803	-0.630	-1.466	-0.288	-0.267	-0.418	-0.642
Lysobacter_OAE881	ABIE51_RS08440	ABIE51_RS08440		HAMP domain-containing sensor histidine kinase	0.072	-0.249	0.553	0.049	-1.086	-0.682	1.249	0.979	-0.973	1.492	-0.705	-0.455	0.174	-0.405	-0.225	-0.061	0.051	-0.933	0.803	1.534	-0.502	0.882	1.290	-0.813	-0.705
Lysobacter_OAE881	ABIE51_RS08445	ABIE51_RS08445		response regulator transcription factor	-0.888	1.022	-0.374	-2.391	0.914	0.491	-1.477	0.387	-0.663	-0.680	0.622	-0.933	0.620	-0.542	0.463	-0.178	0.699	-0.210	0.823	-0.092	-0.785	1.090	0.274	0.250	-0.917
Lysobacter_OAE881	ABIE51_RS08450	ABIE51_RS08450		phosphatase PAP2 family protein	-0.281	0.619	0.573	0.142	-0.562	0.286	0.345	0.830	0.501	-1.392	0.046	-0.104	0.328	0.838	-0.008	-0.327	-0.586	-0.334	1.044	-0.517	1.119	1.248	0.779	1.145	-0.174
Lysobacter_OAE881	ABIE51_RS08455	ABIE51_RS08455		phosphoethanolamine--lipid A transferase	-0.058	1.064	0.061	0.035	0.398	0.464	-2.041	0.284	-0.092	0.025	0.017	1.750	0.424	0.074	0.463	0.046	0.711	1.261	0.006	-0.392	0.779	1.094	-0.407	1.113	0.229
Lysobacter_OAE881	ABIE51_RS08460	ABIE51_RS08460		helix-hairpin-helix domain-containing protein	-0.056	0.418	-0.083	-0.469	-1.833	-0.275	-0.354	-0.118	-0.856	-0.371	-0.193	-0.084	-0.736	1.478	1.082	-1.687	-0.105	0.203	-0.434	0.229	0.351	0.696	1.135	0.305	-1.110
Lysobacter_OAE881	ABIE51_RS08465	ABIE51_RS08465		DNA polymerase IV	-0.360	0.059	0.514	0.149	0.590	0.828	0.463	0.193	0.769	0.989	0.232	0.439	-0.252	0.432	0.548	0.045	-0.102	0.968	0.476	-0.106	1.682	0.060	-0.623	-0.396	0.116
Lysobacter_OAE881	ABIE51_RS08470	ABIE51_RS08470		HPF/RaiA family ribosome-associated protein	-0.432	-1.286	-1.135	-0.050	-0.127	-0.059	-0.573	0.154	-1.322	-0.371	1.046	-1.006	-0.708	-1.565	-1.107	-0.596	-0.581	-1.275	-1.200	-2.156	0.262	-0.953	-0.968	-0.403	-1.080
Lysobacter_OAE881	ABIE51_RS08475	ABIE51_RS08475		bifunctional acetate--CoA ligase family protein/GNAT family N-acetyltransferase	-1.502	-0.809	-0.243	-0.862	-0.182	-0.291	-0.836	1.197	1.216	-0.722	0.640	-0.167	1.339	0.203	0.322	0.440	0.095	-0.139	0.247	1.377	0.303	-0.547	1.206	0.267	0.102
Lysobacter_OAE881	ABIE51_RS08480	ABIE51_RS08480		type II CAAX endopeptidase family protein	-0.954	-0.478	0.829	0.581	-1.123	0.246	-0.562	0.281	-0.314	0.444	0.323	0.028	0.296	-0.095	0.736	0.339	0.096	0.451	0.411	0.047	-0.495	0.444	-1.114	0.420	0.513
Lysobacter_OAE881	ABIE51_RS08485	ABIE51_RS08485		GGDEF domain-containing protein	-0.470	-0.234	-0.047	-0.375	0.411	0.551	1.039	-0.143	0.325	-0.367	-0.322	0.955	0.830	-0.550	-1.071	-0.031	-0.457	0.013	-0.517	0.061	-0.340	-0.148	0.121	0.386	-1.378
Lysobacter_OAE881	ABIE51_RS08490	ABIE51_RS08490		hypothetical protein	0.286	0.183	0.111	-0.651	0.688	-0.195	1.253	-0.929	-1.456	0.578	-0.231	-1.247	-0.112	-0.786	-0.523	-0.543	0.235	0.780	0.444	-0.796	-0.119	-0.632	0.099	-0.162	-0.029
Lysobacter_OAE881	ABIE51_RS08495	ABIE51_RS08495		hypothetical protein	-1.316	-1.844	0.315	-0.730	0.611	0.298	0.508	-0.271	-0.156	-1.279	0.556	-0.094	-1.491	-0.279	0.658	-0.694	-1.392	-0.690	0.059	-0.174	-1.163	1.652	-0.580	-0.421	0.305
Lysobacter_OAE881	ABIE51_RS08500	ABIE51_RS08500		GntP family permease	1.180	0.300	1.414	1.088	1.155	0.111	-0.393	0.913	0.157	1.455	1.036	1.169	0.184	0.922	-1.209	0.518	-0.617	1.366	2.345	0.272	0.632	1.047	0.575	-0.481	-0.842
Lysobacter_OAE881	ABIE51_RS08505	ABIE51_RS08505		TonB-dependent receptor	0.183	0.795	-0.495	-1.229	-0.335	0.495	-0.478	0.050	-0.240	1.058	0.477	0.340	1.383	0.755	0.779	0.585	-0.103	1.306	0.032	-1.018	0.818	-0.330	0.637	-0.596	0.286
Lysobacter_OAE881	ABIE51_RS08510	ABIE51_RS08510		PAS domain-containing hybrid sensor histidine kinase/response regulator	0.092	0.619	0.609	2.605	1.339	0.979	-0.222	0.972	1.093	0.373	1.885	0.185	0.647	1.477	0.697	1.035	0.897	2.437	1.093	0.631	-0.457	1.231	0.445	0.803	-0.622
Lysobacter_OAE881	ABIE51_RS08520	ABIE51_RS08520		response regulator transcription factor	1.165	0.551	-0.151	2.221	1.564	1.390	-1.189	0.668	0.165	0.575	-0.515	-0.208	-0.766	1.798	0.425	1.189	-1.118	0.476	-0.793	0.513	-0.617	-0.463	0.098	-1.289	0.490
Lysobacter_OAE881	ABIE51_RS08525	ABIE51_RS08525		3-hydroxybutyrate oligomer hydrolase family protein	-0.162	-0.586	0.448	-0.888	-0.523	0.524	0.606	0.075	-0.352	-0.365	-0.192	-0.932	0.254	-0.366	-1.029	-0.635	-0.889	-0.258	0.315	0.244	0.191	-0.052	-0.784	0.590	0.379
Lysobacter_OAE881	ABIE51_RS08530	ABIE51_RS08530		CDP-diacylglycerol--serine O-phosphatidyltransferase	-0.869	0.241	0.521	0.819	-0.787	0.887	1.278	-0.130	-0.208	-0.023	0.168	-0.141	-1.068	-0.491	1.952	-0.098	-0.704	0.878	0.620	-0.410	-0.383	0.294	-0.825	1.154	-0.535
Lysobacter_OAE881	ABIE51_RS08535	ABIE51_RS08535		class III poly(R)-hydroxyalkanoic acid synthase subunit PhaE	0.134	0.312	-0.220	0.694	-1.889	-5.989	1.075	-1.844	-1.839	-0.481	0.302	-2.271	-1.483	-0.020	-0.215	-1.550	-3.366	-5.207	-1.620	-2.556	-0.999	-2.262	-4.362	-1.200	1.587
Lysobacter_OAE881	ABIE51_RS08540	ABIE51_RS08540		class III poly(R)-hydroxyalkanoic acid synthase subunit PhaC	0.903	1.374	0.032	0.203	-3.449	-6.141	-0.302	-1.125	-2.657	0.028	-0.589	-2.791	-0.908	1.159	0.329	-0.145	-3.399	-7.800	-0.425	-2.177	-0.221	0.453	-4.511	0.810	-0.942
Lysobacter_OAE881	ABIE51_RS08545	ABIE51_RS08545		SGNH/GDSL hydrolase family protein	0.266	0.011	0.536	-0.670	0.151	0.154	0.056	-0.298	-0.172	0.143	2.424	0.899	1.148	0.276	-0.619	0.179	-1.244	1.102	0.841	1.320	0.831	0.848	1.612	1.065	0.579
Lysobacter_OAE881	ABIE51_RS08550	ABIE51_RS08550		DUF5329 domain-containing protein	0.432	0.340	0.068	-1.080	-0.853	-1.406	1.203	0.517	-1.273	0.600	-0.955	-0.508	0.698	-0.349	0.567	0.221	-1.259	-0.527	0.319	-0.676	-0.673	-0.148	0.351	-1.467	-0.947
Lysobacter_OAE881	ABIE51_RS08555	ABIE51_RS08555		PspC domain-containing protein	-1.814	-1.175	-0.508	-1.384	-1.828	-0.006	-0.775	-2.308	-1.369	-1.171	-0.427	-1.942	-1.309	0.861	-1.240	-1.245	-1.339	0.518	-1.142	-2.171	-0.435	0.043	-1.374	-0.535	-0.629
Lysobacter_OAE881	ABIE51_RS08560	ABIE51_RS08560		nuclear transport factor 2 family protein	-1.574	-1.408	-0.295	-1.555	-0.881	-1.068	-1.791	-0.718	0.301	0.347	-1.311	0.073	-0.176	-1.465	-0.982	-0.709	-1.183	-0.430	0.059	-1.957	-1.717	-0.300	-1.340	-0.212	-1.772
Lysobacter_OAE881	ABIE51_RS08565	ABIE51_RS08565		hypothetical protein	0.325	-0.704	0.468	0.312	-0.460	-0.393	-0.412	-0.316	-0.346	0.551	-0.049	0.056	-0.122	-0.348	-1.701	-0.149	0.306	-1.449	-0.201	-1.107	-0.674	-0.546	-0.566	0.151	-2.215
Lysobacter_OAE881	ABIE51_RS08570	ABIE51_RS08570		rhodanese-like domain-containing protein	0.737	1.164	0.320	-0.217	0.880	-0.013	-0.742	0.585	1.280	0.689	0.641	0.909	1.024	-0.120	-0.048	0.015	1.785	-1.133	1.053	1.206	1.668	0.706	2.105	1.894	-0.513
Lysobacter_OAE881	ABIE51_RS08575	ABIE51_RS08575		NRDE family protein	-0.082	-1.391	0.341	0.353	-1.429	1.286	0.800	0.562	-1.515	-0.049	2.091	0.061	-0.585	-1.081	0.512	0.599	-0.137	0.224	1.047	-1.115	-0.062	-1.170	-2.835	0.155	1.135
Lysobacter_OAE881	ABIE51_RS08580	ABIE51_RS08580		hypothetical protein	0.477	-0.375	-0.026	0.615	-0.215	-0.836	-0.304	0.493	-0.531	-0.463	-1.592	-1.490	-1.297	-0.644	-1.014	-1.046	1.029	-0.179	-0.258	-0.978	0.195	0.269	0.273	-0.091	-0.314
Lysobacter_OAE881	ABIE51_RS08585	ABIE51_RS08585		DUF1579 domain-containing protein	0.679	-0.136	-1.136	0.253	0.274	0.527	0.028	1.001	-0.106	0.614	0.749	0.278	-0.016	-0.031	1.613	-0.056	0.343	-0.101	1.374	-0.817	-1.199	1.468	-0.367	-0.044	-0.436
Lysobacter_OAE881	ABIE51_RS08590	ABIE51_RS08590		hypothetical protein	-0.915	1.053	-0.053	0.071	0.026	-0.820	-0.029	-1.186	0.223	0.785	-2.254	-1.258	-0.269	-0.415	-0.087	-0.546	0.234	-0.801	0.291	0.775	-1.662	0.867	-1.094	-0.082	-3.331
Lysobacter_OAE881	ABIE51_RS08595	ABIE51_RS08595		helix-turn-helix transcriptional regulator	-0.970	0.526	-0.335	-0.633	-0.004	-1.214	0.210	-1.080	0.039	-0.363	0.699	-0.052	0.040	0.352	-0.043	-0.482	1.123	-0.814	-0.990	-0.869	-0.109	-0.586	0.323	-0.486	-1.503
Lysobacter_OAE881	ABIE51_RS08600	ABIE51_RS08600		hypothetical protein	0.230	-1.022	0.632	0.493	0.929	0.847	-0.483	0.930	0.429	-0.658	-1.024	1.063	-0.205	-1.472	0.632	0.880	-0.793	-0.751	0.762	-0.005	-0.152	0.784	0.302	-0.374	-0.952
Lysobacter_OAE881	ABIE51_RS08605	ABIE51_RS08605		hypothetical protein	0.544	-0.535	-0.089	-0.364	0.766	0.530	-0.513	0.265	-0.254	0.050	-0.616	1.146	-0.448	-0.521	0.472	0.967	1.341	0.492	0.507	-0.457	-0.768	0.429	-0.467	0.390	-0.975
Lysobacter_OAE881	ABIE51_RS08610	ABIE51_RS08610		SOS response-associated peptidase family protein	0.963	1.434	0.207	0.299	1.001	1.066	0.242	1.850	0.217	0.884	0.947	0.940	0.551	0.540	0.584	1.081	0.147	1.081	0.011	-0.015	-0.138	1.290	0.809	0.804	-0.536
Lysobacter_OAE881	ABIE51_RS08615	ABIE51_RS08615		hypothetical protein	0.655	0.247	0.192	-0.278	0.256	0.358	1.235	0.216	-0.823	0.591	0.342	0.923	-0.132	1.473	0.331	-0.086	0.511	0.117	-0.220	-0.022	0.520	0.954	-0.014	0.716	-0.581
Lysobacter_OAE881	ABIE51_RS08620	ABIE51_RS08620		DUF2971 domain-containing protein	0.843	0.693	0.400	0.956	0.453	0.965	0.771	0.359	0.548	0.939	0.716	0.885	1.572	1.083	-0.507	0.873	2.044	1.315	1.180	0.989	-0.055	0.891	0.504	1.196	-0.158
Lysobacter_OAE881	ABIE51_RS08625	ABIE51_RS08625		hypothetical protein	-0.980	-0.541	-0.645	-0.342	-0.035	-0.323	-1.269	0.292	0.404	-0.279	0.528	0.717	0.428	0.549	0.488	-0.114	-0.033	0.335	0.118	-0.034	-0.285	-0.902	1.071	1.017	-0.683
Lysobacter_OAE881	ABIE51_RS08630	ABIE51_RS08630		hypothetical protein	-0.559	0.151	0.660	0.556	-1.213	-1.427	-0.406	-0.690	-0.169	1.124	-0.340	-0.233	0.417	-0.907	0.220	0.030	0.423	0.600	0.908	0.473	-1.085	-0.162	-1.015	-0.517	1.113
Lysobacter_OAE881	ABIE51_RS08635	ABIE51_RS08635		hypothetical protein	1.830	0.499	0.404	1.117	-0.051	0.132	-0.390	0.966	0.384	-0.378	0.551	0.170	0.584	0.114	-0.968	0.877	0.987	0.317	1.064	0.893	0.303	1.572	-0.085	-0.571	0.562
Lysobacter_OAE881	ABIE51_RS08640	ABIE51_RS08640		hypothetical protein	-0.764	-0.343	0.238	-0.154	-0.794	-0.154	-0.777	0.359	0.650	0.923	-1.307	-0.559	-0.901	-0.046	-0.269	-0.104	-0.408	-0.218	-0.062	0.370	-1.560	0.196	0.951	0.889	-0.733
Lysobacter_OAE881	ABIE51_RS08645	ABIE51_RS08645		ERF family protein	-0.594	-0.315	-0.083	-1.314	-0.053	-0.039	-0.407	-0.414	0.715	0.509	-0.165	0.196	1.468	0.186	0.609	-0.452	-0.384	0.528	-0.862	-0.239	-0.312	-0.430	0.104	-0.234	-0.456
Lysobacter_OAE881	ABIE51_RS08650	ABIE51_RS08650		helicase RepA family protein	-0.046	0.403	0.161	0.413	0.659	-0.360	0.563	-0.411	0.066	-0.809	-0.415	-0.096	0.232	0.682	0.453	1.032	-0.152	-0.648	-0.546	0.368	0.431	1.029	0.220	1.457	0.300
Lysobacter_OAE881	ABIE51_RS08660	ABIE51_RS08660		site-specific integrase	0.342	0.426	0.218	-1.316	-0.762	0.348	0.238	-0.081	0.919	0.021	0.527	0.107	-0.226	0.318	0.268	0.039	-1.311	-0.033	0.592	-0.109	0.650	-0.471	0.440	-0.899	-0.653
Lysobacter_OAE881	ABIE51_RS08670	ABIE51_RS08670		DUF2214 family protein	0.730	0.387	1.227	1.601	0.809	1.763	0.519	0.658	-0.011	0.739	0.435	0.035	1.891	0.879	1.841	0.762	-0.881	1.490	0.994	2.426	0.704	-0.347	-2.010	0.817	0.036
Lysobacter_OAE881	ABIE51_RS08675	ABIE51_RS08675		cysteine dioxygenase family protein	-1.042	-1.574	0.784	0.158	-0.406	0.596	-1.076	0.955	-0.552	1.023	0.448	-0.546	0.633	-0.451	-0.062	0.987	0.905	-0.675	1.257	0.675	-0.337	-1.804	0.058	-0.031	-0.928
Lysobacter_OAE881	ABIE51_RS08685	ABIE51_RS08685		tetratricopeptide repeat protein	-0.012	0.118	-0.465	0.965	1.355	0.916	-1.142	-0.666	0.040	0.711	0.615	1.225	0.785	0.507	2.576	-0.802	1.543	1.563	0.824	-0.380	2.718	-0.395	-0.330	0.481	-2.841
Lysobacter_OAE881	ABIE51_RS08690	ABIE51_RS08690		cytochrome c-type biogenesis protein	-0.429	-1.417	-0.557	-1.449	-0.257	0.793	-0.372	-1.218	-0.542	-1.315	-0.191	-1.563	-0.216	0.221	2.546	-2.352	0.479	-1.350	-0.451	-1.064	0.429	0.028	-0.033	-0.589	0.825
Lysobacter_OAE881	ABIE51_RS08695	ABIE51_RS08695		DsbE family thiol:disulfide interchange protein	-2.156	0.604	-4.114	-0.457	0.767	-0.918	-0.402	-1.898	-2.897	-0.898	-2.292	-0.681	-3.275	-1.303	3.053	-3.004	-1.564	-1.632	-1.088	-1.525	-0.671	-0.134	-2.762	0.679	-3.112
Lysobacter_OAE881	ABIE51_RS08700	ABIE51_RS08700		heme lyase CcmF/NrfE family subunit	0.066	-1.093	-4.407	-3.857	-1.848	-0.854	0.381	-3.881	-2.175	-3.840	-3.139	-3.196	-2.938	-0.810	3.269	-5.514	-1.274	-2.451	-1.474	-1.803	-3.761	-1.620	-4.772	-1.411	-2.673
Lysobacter_OAE881	ABIE51_RS08705	ABIE51_RS08705		cytochrome c maturation protein CcmE	0.433	-2.071	-4.143	-2.677	-2.594	0.112	-1.171	-2.629	-0.948	-1.875	-2.307	-1.745	-2.833	-1.984	2.300	-4.574	-2.569	-1.298	1.211	-0.957	-0.083	-0.256	-2.615	1.034	-2.790
Lysobacter_OAE881	ABIE51_RS08715	ABIE51_RS08715		heme ABC transporter permease CcmC	-1.196	-2.834	-4.693	-3.751	-1.784	0.612	-1.755	-2.220	-2.153	-0.992	-5.716	-3.224	-1.758	-1.101	4.798	-4.804	-0.707	-2.155	-1.842	-0.790	-3.267	-0.840	-5.420	-1.393	-1.877
Lysobacter_OAE881	ABIE51_RS08720	ABIE51_RS08720		heme exporter protein CcmB	-0.345	-1.105	-3.870	-0.407	-1.258	1.971	0.346	-1.007	-0.683	0.257	-0.978	-1.712	-0.934	-0.057	2.851	-1.989	-1.492	-1.612	-0.227	-1.734	0.183	1.393	-1.449	-0.554	-1.296
Lysobacter_OAE881	ABIE51_RS08725	ABIE51_RS08725		heme ABC exporter ATP-binding protein CcmA	-2.251	-2.211	-1.751	-1.153	-0.792	-0.406	-0.867	-2.172	-0.211	-1.006	-1.276	-2.135	-1.874	-1.318	3.012	-0.978	-0.754	-1.337	-0.587	-0.388	-0.371	1.584	-2.337	-1.914	-1.120
Lysobacter_OAE881	ABIE51_RS08730	ABIE51_RS08730		DUF3293 domain-containing protein	-0.860	-2.083	-1.231	-2.254	-0.381	-0.335	0.878	-0.726	1.979	0.791	0.241	-0.380	-0.310	-0.117	-0.475	0.052	0.464	0.132	-1.117	0.425	-1.194	-0.081	0.177	-1.203	-1.070
Lysobacter_OAE881	ABIE51_RS08735	ABIE51_RS08735		pyridoxal phosphate-dependent aminotransferase	0.866	0.090	-0.531	-0.016	-2.629	-4.732	-0.100	-1.682	-1.774	0.063	-0.445	-2.304	-0.477	-2.294	-2.377	0.282	-1.284	-3.038	0.005	-1.115	-1.055	0.020	-4.307	-0.526	-0.095
Lysobacter_OAE881	ABIE51_RS08740	ABIE51_RS08740		amidohydrolase	-1.808	0.259	-0.742	-0.194	-7.453	-13.603	-0.314	-9.989	-9.593	-1.934	-0.129	-6.386	-2.248	0.032	-1.485	-0.508	-6.581	-8.082	-8.922	-6.716	-1.506	0.462	-6.939	0.499	-1.542
Lysobacter_OAE881	ABIE51_RS08745	ABIE51_RS08745		YbaK/EbsC family protein	0.435	0.629	0.947	0.849	0.084	-0.158	1.127	0.361	-0.707	0.157	-0.140	0.739	0.192	0.635	-1.676	1.146	0.862	0.074	1.399	0.445	0.617	1.750	-0.259	0.054	-0.642
Lysobacter_OAE881	ABIE51_RS08750	ABIE51_RS08750		hypothetical protein	-0.793	1.596	0.770	0.002	0.849	1.229	0.147	0.246	1.354	0.422	1.012	1.220	0.381	0.452	-0.966	0.526	0.657	0.393	-0.014	1.065	1.220	-1.201	1.168	1.375	0.243
Lysobacter_OAE881	ABIE51_RS08755	ABIE51_RS08755		spore coat protein U domain-containing protein	-0.857	-0.842	-0.020	-1.719	-0.476	-1.168	-0.843	-0.921	0.339	-1.459	0.560	-0.305	-1.307	0.800	-0.496	-1.250	-0.222	-0.128	-0.213	0.737	-1.764	-0.123	-0.521	-0.318	-0.389
Lysobacter_OAE881	ABIE51_RS08760	ABIE51_RS08760		fimbria/pilus outer membrane usher protein	-0.415	1.148	0.065	-0.053	0.190	-0.855	0.870	0.461	0.113	0.902	1.461	1.152	-0.262	0.940	-1.057	-0.813	0.064	0.344	0.044	-0.216	1.103	0.700	0.616	-1.373	0.293
Lysobacter_OAE881	ABIE51_RS08765	ABIE51_RS08765		fimbria/pilus periplasmic chaperone	1.088	0.986	-1.261	-0.670	0.492	-0.113	-0.703	-0.767	-1.247	0.023	-0.536	-1.288	0.338	-0.429	0.187	0.014	0.055	-0.795	-0.060	-0.285	0.906	-0.212	-0.108	1.054	0.978
Lysobacter_OAE881	ABIE51_RS08770	ABIE51_RS08770		spore coat U domain-containing protein	-1.090	-0.603	-0.306	2.579	0.010	0.088	1.367	-0.042	-0.336	-0.164	0.291	-0.566	1.461	-0.467	0.048	0.015	0.689	-0.604	-0.877	-2.823	-0.594	0.778	-0.280	-0.674	-0.475
Lysobacter_OAE881	ABIE51_RS08775	ABIE51_RS08775		pseudouridine synthase	0.299	-0.324	-0.985	0.122	0.315	0.480	-2.486	-0.776	0.952	1.487	1.959	0.748	0.681	0.034	-0.190	-0.593	-0.716	-0.217	-0.843	2.307	0.312	1.713	0.391	-0.832	-2.435
Lysobacter_OAE881	ABIE51_RS08780	ABIE51_RS08780		SMC-Scp complex subunit ScpB	1.137	0.026	-2.186	0.744	-0.442	-1.183	3.857	-2.531	-1.507	0.862	-1.562	-0.194	-0.678	0.708	-0.055	-2.836	-0.155	0.019	1.681	0.506	-0.691	2.089	1.397	1.013	0.041
Lysobacter_OAE881	ABIE51_RS08785	ABIE51_RS08785		ScpA family protein	-0.211	0.005	-2.764	0.360	-2.496	-2.083	1.290	-3.519	-1.333	-0.294	-1.241	-0.974	-0.461	1.041	-0.382	-3.335	-2.469	0.141	0.381	0.152	0.345	1.771	0.041	1.087	0.849
Lysobacter_OAE881	ABIE51_RS08790	ABIE51_RS08790		YciI family protein	-1.123	0.304	-0.080	0.410	0.098	0.266	0.750	-0.393	1.285	0.022	-0.300	0.264	2.183	0.018	0.515	-0.736	0.290	0.224	-0.036	0.205	-0.626	-0.960	0.962	-0.840	-0.349
Lysobacter_OAE881	ABIE51_RS08795	ABIE51_RS08795		BolA family protein	-0.667	-0.261	-0.540	-0.280	0.099	0.677	-0.384	-0.415	1.165	0.523	1.786	0.224	1.669	1.348	0.376	-0.299	0.836	0.859	0.457	-0.241	1.231	-0.806	0.214	0.194	0.229
Lysobacter_OAE881	ABIE51_RS08800	ABIE51_RS08800		LacI family DNA-binding transcriptional regulator	0.215	0.373	1.592	2.456	-1.370	0.340	-0.011	-0.395	1.804	1.250	6.023	2.265	2.324	2.889	0.352	1.955	0.894	-1.320	0.918	1.686	1.183	1.480	-0.087	0.218	0.959
Lysobacter_OAE881	ABIE51_RS08805	ABIE51_RS08805		TonB-dependent receptor	-0.333	0.040	-2.271	-0.183	0.051	0.681	0.168	-0.785	0.698	0.414	-0.053	-0.063	-0.176	-1.076	0.650	-1.929	0.413	0.209	-0.945	0.202	-0.160	-0.144	0.164	-0.560	-1.051
Lysobacter_OAE881	ABIE51_RS08810	ABIE51_RS08810		glucoamylase family protein	0.295	0.424	-7.898	1.024	-3.209	-0.399	0.273	-16.869	-2.810	-0.252	-14.075	-9.050	-2.650	-2.800	-0.433	-6.033	-2.287	-3.760	-4.528	-3.316	-1.755	1.746	-3.893	2.491	1.272
Lysobacter_OAE881	ABIE51_RS08815	ABIE51_RS08815		sugar ABC transporter substrate-binding protein	-0.240	0.970	-5.389	0.320	-2.176	-1.580	-0.673	-2.292	-0.619	-1.130	-4.585	-0.469	-3.575	-0.767	-0.009	-4.250	-2.217	-0.519	-3.800	0.143	-0.259	1.084	0.591	0.464	0.449
Lysobacter_OAE881	ABIE51_RS08820	ABIE51_RS08820		sugar ABC transporter permease	0.298	-0.681	-5.003	-0.727	0.107	-0.088	0.288	-2.524	-1.499	-0.532	-3.833	-1.814	-2.399	-1.809	0.070	-5.542	0.857	0.196	-3.755	-2.298	-1.401	-1.506	1.112	-0.424	-1.955
Lysobacter_OAE881	ABIE51_RS08825	ABIE51_RS08825		carbohydrate ABC transporter permease	0.782	2.385	-3.266	0.046	-0.199	1.213	-0.819	-1.040	0.892	-0.883	-1.809	-0.545	-0.154	-1.380	1.547	-3.626	0.027	-1.920	-1.650	-0.264	-0.025	-0.581	-0.256	0.920	-0.261
Lysobacter_OAE881	ABIE51_RS08830	ABIE51_RS08830		discoidin domain-containing protein	-0.507	0.702	-0.856	-0.703	1.497	1.063	-0.728	-0.240	0.403	-0.082	-2.877	0.332	-0.763	-0.487	0.570	0.053	1.009	0.870	0.776	1.160	0.536	0.645	1.302	-0.633	-0.331
Lysobacter_OAE881	ABIE51_RS08835	ABIE51_RS08835		GAF domain-containing protein	-0.683	0.535	0.174	0.300	1.468	0.237	0.472	-0.034	-0.733	1.161	-0.896	1.430	-1.203	0.071	0.590	-0.864	0.613	-1.464	0.502	-0.644	0.631	-1.027	-0.054	-1.229	-2.565
Lysobacter_OAE881	ABIE51_RS08840	ABIE51_RS08840		efflux RND transporter periplasmic adaptor subunit	0.768	1.816	2.938	0.038	1.194	-0.814	1.207	2.147	2.270	1.462	2.182	0.512	2.095	2.012	0.975	2.349	0.691	1.291	0.987	1.356	0.449	3.410	1.668	1.004	-0.919
Lysobacter_OAE881	ABIE51_RS08845	ABIE51_RS08845		efflux RND transporter permease subunit	-0.546	-0.330	1.702	-0.634	-0.793	-0.442	0.267	0.460	-0.016	-0.355	-1.652	-0.297	-0.982	0.264	-0.722	0.659	0.149	0.947	-0.687	0.835	0.074	-0.043	0.166	1.132	-1.651
Lysobacter_OAE881	ABIE51_RS08850	ABIE51_RS08850		AraC family transcriptional regulator	0.399	-0.020	-1.040	-0.085	0.057	0.704	0.503	0.032	0.181	-0.213	-0.553	-0.199	0.407	0.691	-0.674	0.342	0.716	0.179	0.566	-0.008	0.356	0.172	-0.278	0.424	-0.694
Lysobacter_OAE881	ABIE51_RS08855	ABIE51_RS08855		hypothetical protein	1.301	0.180	0.856	-0.193	0.555	-0.092	-0.948	0.683	0.420	1.406	-0.503	-0.501	-0.555	-0.423	0.254	0.653	0.079	0.523	-0.072	0.460	-1.127	0.487	0.362	1.254	-0.450
Lysobacter_OAE881	ABIE51_RS08860	ABIE51_RS08860		6-phosphogluconolactonase	-1.264	0.385	-0.599	0.135	0.442	0.118	1.063	-0.884	-1.236	-0.438	-0.323	0.959	1.065	-0.370	-0.018	-0.485	-2.450	-1.094	-1.804	1.598	-0.732	-1.584	0.165	-0.428	0.881
Lysobacter_OAE881	ABIE51_RS08865	ABIE51_RS08865		glucokinase	0.092	-0.068	0.593	1.168	-3.851	-0.157	1.016	-4.823	-0.010	-0.002	-3.696	0.171	-0.575	-0.379	-1.361	0.478	-3.098	-2.074	-6.816	-0.279	0.155	-0.222	-1.575	0.249	-0.442
Lysobacter_OAE881	ABIE51_RS08870	ABIE51_RS08870		sn-glycerol-3-phosphate ABC transporter ATP-binding protein UgpC	1.094	-0.334	-2.918	-0.179	-0.343	0.167	0.020	-1.837	0.097	-0.236	-2.881	-0.044	-1.123	-2.464	-0.898	-3.357	0.289	0.430	-2.732	-0.106	-0.193	0.518	0.755	1.533	0.248
Lysobacter_OAE881	ABIE51_RS08875	ABIE51_RS08875		mechanosensitive ion channel domain-containing protein	-0.559	-0.479	-0.081	-1.587	0.349	0.012	0.690	-1.008	-0.349	-0.723	-1.556	-0.990	-0.232	0.001	-1.439	-0.325	-0.886	-0.779	1.373	-1.068	0.311	-0.142	-0.434	-0.047	0.445
Lysobacter_OAE881	ABIE51_RS08880	ABIE51_RS08880		chromosome segregation protein SMC	-0.122	0.641	-4.554	-0.166	-3.451	-3.408	0.164	-5.034	-2.227	0.388	-1.294	-2.373	-0.598	0.240	-0.714	-5.231	-2.679	-0.288	-2.189	-0.507	-0.988	1.754	-0.607	0.436	-2.066
Lysobacter_OAE881	ABIE51_RS08885	ABIE51_RS08885		cell division protein ZipA	-1.161	-1.100	-0.475	-1.210	-1.495	-1.198	-0.605	-1.977	-1.539	-0.831	-0.930	-0.840	-0.113	-0.457	-0.316	-1.354	-1.479	-0.956	-1.518	0.297	-0.696	-1.537	0.266	-0.799	1.311
Lysobacter_OAE881	ABIE51_RS08900	ABIE51_RS08900		DUF3011 domain-containing protein	-0.628	-1.388	-0.858	-0.752	-1.254	-0.207	-0.656	-1.232	-0.129	-0.550	-0.403	-0.202	-0.800	0.156	-0.604	-0.579	-0.192	1.415	-1.409	-0.384	-1.621	-1.355	0.844	-0.821	0.596
Lysobacter_OAE881	ABIE51_RS08905	ABIE51_RS08905		DUF3011 domain-containing protein	-0.727	-0.369	-1.244	0.736	0.850	-1.165	0.198	-0.795	-0.997	-2.353	-1.390	-1.947	0.127	0.798	0.720	-0.666	-0.140	-0.015	-1.271	0.589	0.532	-0.857	-0.701	-0.793	0.087
Lysobacter_OAE881	ABIE51_RS08910	ABIE51_RS08910		S-methyl-5-thioribose-1-phosphate isomerase	-0.297	-0.070	-2.210	0.643	-3.745	-2.816	-0.422	-2.258	-1.331	-1.060	-1.496	-1.536	0.473	0.240	-1.974	-1.888	-1.417	-3.302	-1.318	-1.865	-0.346	-1.326	-2.367	-0.844	0.228
Lysobacter_OAE881	ABIE51_RS08920	ABIE51_RS08920		MOSC N-terminal beta barrel domain-containing protein	0.200	0.159	0.339	0.343	0.567	-0.300	0.421	-0.554	1.900	-0.659	0.590	0.462	-0.637	0.523	-0.239	-0.543	0.261	0.287	1.829	-0.109	-0.792	0.511	0.187	0.451	0.957
Lysobacter_OAE881	ABIE51_RS08925	ABIE51_RS08925		glycosyltransferase family 9 protein	0.395	-0.494	-0.345	-0.998	-0.873	-0.215	-0.523	0.765	0.322	1.237	-0.714	-1.358	-1.028	0.371	-0.002	0.664	0.022	-0.393	0.369	0.585	1.154	1.523	-1.842	-0.068	-0.291
Lysobacter_OAE881	ABIE51_RS08930	ABIE51_RS08930		alpha-2-macroglobulin	0.426	0.180	0.660	0.903	-0.037	0.133	0.626	0.697	0.699	0.387	0.102	0.735	0.549	1.707	0.223	1.058	-0.227	-0.466	0.740	0.421	0.245	0.913	1.426	-0.761	0.277
Lysobacter_OAE881	ABIE51_RS08935	ABIE51_RS08935		penicillin-binding protein 1C	1.278	1.470	1.535	2.827	0.100	0.088	2.221	1.543	1.293	1.612	1.815	2.101	0.973	2.247	1.184	1.791	3.246	1.984	2.508	2.979	-1.068	0.828	1.508	1.141	-0.832
Lysobacter_OAE881	ABIE51_RS08940	ABIE51_RS08940		peroxiredoxin	-0.386	0.802	0.586	-0.685	0.158	-0.814	0.103	-0.586	-0.646	-0.496	0.004	-1.671	-0.629	-0.762	-0.665	-0.489	-0.845	0.015	1.280	0.150	-0.062	1.432	1.042	0.520	-0.144
Lysobacter_OAE881	ABIE51_RS08945	ABIE51_RS08945		DnaJ C-terminal domain-containing protein	0.819	0.269	0.018	0.327	1.051	1.013	0.228	0.445	1.683	0.296	2.018	3.113	1.951	0.176	-0.203	0.490	0.548	0.373	-0.255	-0.502	-0.133	0.493	1.393	1.339	0.307
Lysobacter_OAE881	ABIE51_RS08955	ABIE51_RS08955		twitching motility response regulator PilH	-0.112	0.295	-0.788	-0.385	0.333	0.216	0.085	0.684	-0.058	1.976	1.503	-0.072	-1.082	-0.790	0.549	0.265	-1.422	0.473	-0.310	-0.597	1.117	-0.544	-0.421	0.182	-0.853
Lysobacter_OAE881	ABIE51_RS08960	ABIE51_RS08960		YhdH/YhfP family quinone oxidoreductase	-0.964	0.275	-5.115	-0.024	-0.307	-0.182	-0.338	1.104	-0.498	-1.232	-2.189	-0.460	-0.962	1.175	-0.261	-3.324	0.679	0.075	-0.003	-0.267	-0.349	0.096	0.681	0.325	-2.279
Lysobacter_OAE881	ABIE51_RS08965	ABIE51_RS08965		GIY-YIG nuclease family protein	1.602	-0.848	-1.484	-1.355	0.017	-1.392	0.250	0.505	1.019	-0.251	-0.190	-1.049	-0.091	0.193	-0.761	-1.181	0.366	0.126	0.076	-0.430	-0.629	0.584	0.151	-2.117	0.381
Lysobacter_OAE881	ABIE51_RS08970	ABIE51_RS08970		TIGR00730 family Rossman fold protein	-1.984	-0.904	-0.178	-1.974	-0.151	0.077	1.488	-1.638	-1.284	-0.052	0.270	-1.527	-0.901	-1.166	-3.285	-1.662	-1.376	-0.410	-1.090	2.373	0.652	-0.583	0.138	-0.673	0.076
Lysobacter_OAE881	ABIE51_RS08975	ABIE51_RS08975		SAM-dependent methyltransferase	0.070	-0.483	-1.013	-0.935	0.439	-1.593	-1.307	-0.510	1.522	-0.239	-0.645	-0.131	-0.060	-0.308	-0.749	-0.968	1.294	-0.105	-0.225	-0.026	-0.061	-0.896	-0.522	-0.856	-0.880
Lysobacter_OAE881	ABIE51_RS08995	ABIE51_RS08995		GNAT family N-acetyltransferase	0.732	0.685	0.777	-0.492	0.581	-0.595	-0.352	0.287	1.252	0.214	0.060	1.393	0.216	0.994	-0.000	1.452	0.650	-1.046	0.679	0.567	1.127	1.433	1.000	0.605	0.727
Lysobacter_OAE881	ABIE51_RS09000	ABIE51_RS09000		cupin domain-containing protein	-1.483	-2.128	1.792	1.899	-0.852	-0.202	-1.804	1.051	-0.418	0.106	5.465	-1.204	1.061	2.691	0.078	1.536	0.012	-0.892	-1.921	-0.970	0.344	-0.709	-0.394	-0.350	-1.516
Lysobacter_OAE881	ABIE51_RS09005	ABIE51_RS09005		VOC family protein	-1.824	0.487	0.234	-2.000	0.526	1.389	1.159	-0.004	-0.862	-1.085	-0.098	1.720	1.146	-1.400	-0.462	0.067	-0.549	-0.468	-0.978	0.845	-0.505	-2.372	1.434	-0.015	0.917
Lysobacter_OAE881	ABIE51_RS09015	ABIE51_RS09015		class II fumarate hydratase	1.072	1.602	0.952	-0.660	-0.028	0.601	0.565	-1.716	1.308	1.305	-0.270	-1.527	-0.425	2.349	-1.011	2.610	1.976	0.903	0.432	0.157	-1.353	-0.045	0.631	0.594	0.003
Lysobacter_OAE881	ABIE51_RS09020	ABIE51_RS09020		DUF2884 family protein	-1.187	-1.376	-0.549	-0.183	-0.503	-0.238	0.057	0.003	-1.415	0.150	1.676	-0.746	-0.213	-0.830	-0.416	-2.038	0.363	-2.297	0.198	-0.796	0.182	-0.173	0.433	-0.021	1.895
Lysobacter_OAE881	ABIE51_RS09025	ABIE51_RS09025		hypothetical protein	1.866	0.685	0.568	-1.311	0.413	0.913	0.453	0.222	0.957	1.477	0.773	-0.220	0.859	0.714	-0.492	0.434	0.126	-0.316	0.574	1.367	0.897	-0.121	-0.863	-0.090	0.677
Lysobacter_OAE881	ABIE51_RS09030	ABIE51_RS09030		GDSL-type esterase/lipase family protein	0.631	-0.810	0.477	3.844	0.168	1.627	-0.662	0.773	0.697	1.464	-0.831	0.920	0.787	0.577	0.999	0.465	0.827	-1.079	-0.377	0.872	0.508	-0.504	0.297	0.198	0.995
Lysobacter_OAE881	ABIE51_RS09035	ABIE51_RS09035		hypothetical protein	1.254	-0.280	1.109	-0.088	0.493	-0.902	2.435	0.848	0.343	1.998	0.829	-0.202	-0.283	-0.547	1.154	0.493	-0.781	0.002	1.734	1.000	-1.014	2.066	0.167	1.684	0.604
Lysobacter_OAE881	ABIE51_RS09040	ABIE51_RS09040		ABC transporter ATP-binding protein	1.010	-0.010	0.206	0.993	-1.303	-0.586	1.862	0.335	-0.428	-0.006	1.655	1.196	-0.995	-1.453	0.168	0.053	-1.531	-2.023	-0.684	-0.755	-0.849	0.128	-0.881	-0.636	0.482
Lysobacter_OAE881	ABIE51_RS09045	ABIE51_RS09045		GntR family transcriptional regulator	-1.048	-0.708	-3.055	-1.053	-2.489	-2.511	-2.458	-5.666	-1.113	-1.656	-1.377	-1.974	-1.006	0.353	-0.700	-4.579	-1.766	-0.912	-2.698	0.375	-3.494	-0.849	-1.288	-0.252	1.248
Lysobacter_OAE881	ABIE51_RS09055	ABIE51_RS09055		FKBP-type peptidyl-prolyl cis-trans isomerase	0.921	1.697	0.711	0.903	0.456	1.504	0.046	1.944	-0.079	1.429	1.432	1.528	0.682	1.771	0.675	1.193	0.050	-0.377	1.408	1.237	1.154	0.412	1.741	2.046	-0.003
Lysobacter_OAE881	ABIE51_RS09060	ABIE51_RS09060		FKBP-type peptidyl-prolyl cis-trans isomerase	0.071	-1.515	-0.138	-0.370	0.511	1.341	-0.864	0.113	-0.520	-0.622	-0.460	-1.487	-0.386	0.137	0.933	-0.871	-0.493	-1.385	-0.678	-0.630	-0.318	0.615	-0.739	-0.002	-0.613
Lysobacter_OAE881	ABIE51_RS09065	ABIE51_RS09065		UDP-glucose/GDP-mannose dehydrogenase family protein	-5.448	-8.754	-8.007	-10.003	-10.103	-10.957	-3.659	-7.433	-8.519	-5.302	-3.551	-8.185	-5.625	-2.675	-5.295	-8.372	-8.228	-10.081	-4.690	-5.635	-5.712	-5.549	-7.444	-5.566	-7.583
Lysobacter_OAE881	ABIE51_RS09070	ABIE51_RS09070		SlyX family protein	-1.404	0.694	0.856	0.074	0.256	0.956	0.631	-1.044	-0.182	-1.436	0.441	0.252	2.190	0.145	-1.712	0.064	-0.839	0.482	-0.691	0.556	0.511	-0.232	-0.507	-1.504	-0.247
Lysobacter_OAE881	ABIE51_RS09075	ABIE51_RS09075		DUF2058 family protein	0.729	0.451	-1.016	-2.479	1.843	-0.982	-0.213	0.963	0.423	0.793	-1.589	0.637	0.111	0.396	-0.234	-0.162	3.133	-0.167	0.449	0.135	-0.438	-0.715	1.618	-1.200	-0.660
Lysobacter_OAE881	ABIE51_RS09080	ABIE51_RS09080		SGNH hydrolase domain-containing protein	0.290	0.107	0.406	-0.488	1.222	0.765	1.172	-0.100	0.605	0.541	-0.169	1.342	1.027	1.009	1.496	0.586	0.704	1.825	-0.101	1.336	-0.287	0.606	0.258	0.877	0.065
Lysobacter_OAE881	ABIE51_RS09085	ABIE51_RS09085		methionine synthase	-1.388	-0.769	-1.330	-1.427	-8.058	-9.552	-1.379	-9.260	-10.229	-1.923	-3.747	-6.432	-2.969	-1.989	-4.097	-0.484	-8.012	-7.269	-9.513	-6.611	-2.623	-1.358	-5.810	-2.223	0.069
Lysobacter_OAE881	ABIE51_RS09090	ABIE51_RS09090		homocysteine S-methyltransferase family protein	-1.473	-2.700	-0.762	-1.169	-5.213	-5.761	-0.320	-7.902	-5.281	-1.402	-2.374	-5.402	-1.888	-2.133	-3.355	-0.477	-2.212	-5.191	-6.005	-2.889	-2.839	-1.999	-4.547	-1.399	0.631
Lysobacter_OAE881	ABIE51_RS09095	ABIE51_RS09095		metalloregulator ArsR/SmtB family transcription factor	-1.402	0.023	-5.065	0.163	-0.848	0.784	-0.032	-3.076	-1.561	-2.944	-2.013	-0.140	-1.582	0.719	12.917	-3.323	0.065	-0.984	-1.597	-0.272	-0.549	-0.882	0.940	-0.268	1.325
Lysobacter_OAE881	ABIE51_RS09100	ABIE51_RS09100		acyl-CoA dehydrogenase family protein	-0.887	-0.640	-7.262	-0.390	-0.881	-0.868	-0.139	-1.168	-1.053	-1.814	1.753	-1.003	-0.081	1.257	1.368	-6.111	0.739	1.087	-1.939	-1.026	0.303	-0.468	0.014	-1.163	-1.045
Lysobacter_OAE881	ABIE51_RS09105	ABIE51_RS09105		NAD-glutamate dehydrogenase domain-containing protein	0.975	-1.204	-3.073	-1.302	-1.325	-0.788	-1.689	-0.076	1.706	-1.477	1.062	-0.349	-1.264	-0.604	-1.988	-2.934	0.056	-0.957	-0.966	-2.390	-1.260	-1.576	-3.084	-0.853	1.054
Lysobacter_OAE881	ABIE51_RS09115	ABIE51_RS09115		5'-nucleotidase	0.419	-0.297	2.442	0.780	0.561	-0.245	1.062	0.417	0.459	0.516	-0.972	1.232	-0.657	0.077	0.523	2.750	0.330	-1.369	0.033	1.140	0.597	-0.018	-0.611	0.191	-0.686
Lysobacter_OAE881	ABIE51_RS09120	ABIE51_RS09120		DUF2939 domain-containing protein	0.699	0.048	2.836	0.076	1.108	0.237	-1.029	0.860	0.733	0.078	0.012	-1.021	-0.268	-0.270	0.915	0.888	0.103	-2.537	0.481	-0.210	-0.440	1.385	0.374	-0.084	0.384
Lysobacter_OAE881	ABIE51_RS09125	ABIE51_RS09125		amino acid permease	-0.447	0.118	-11.598	-0.891	0.762	0.537	-0.527	-0.644	-0.753	-0.875	1.050	-0.249	0.919	0.529	-2.391	-12.009	-0.738	-0.671	0.398	-0.153	-0.708	-0.884	-0.269	0.342	-0.411
Lysobacter_OAE881	ABIE51_RS09130	ABIE51_RS09130		NAD-dependent protein deacetylase	-0.359	0.626	1.093	0.725	-0.230	1.338	0.541	1.173	-0.811	0.861	-0.854	0.252	1.108	-0.107	-0.155	0.076	0.898	0.060	0.001	0.504	0.005	0.667	0.182	0.291	0.478
Lysobacter_OAE881	ABIE51_RS09135	ABIE51_RS09135		DEAD/DEAH box helicase	-0.359	-0.331	1.212	0.388	-0.851	0.390	0.061	0.073	-0.698	-0.088	-0.935	0.666	-0.364	-0.651	0.182	0.451	0.529	-0.861	0.668	0.079	-0.451	-0.463	0.346	0.116	-0.663
Lysobacter_OAE881	ABIE51_RS09140	ABIE51_RS09140		UdgX family uracil-DNA binding protein	-0.396	0.525	1.534	0.057	-0.171	-0.327	-0.038	-0.376	0.373	-0.438	-0.851	0.823	-1.234	0.891	-0.609	-0.507	0.545	-0.113	-0.083	0.054	0.645	0.324	-0.949	-0.759	-0.029
Lysobacter_OAE881	ABIE51_RS09145	ABIE51_RS09145		DUF72 domain-containing protein	-0.808	-0.621	0.583	0.694	-0.418	1.184	-0.309	-0.056	1.244	0.673	1.943	0.315	-0.333	0.082	1.069	0.174	-0.143	1.051	1.606	0.273	0.678	2.723	1.316	0.206	-0.386
Lysobacter_OAE881	ABIE51_RS09150	ABIE51_RS09150		glycerophosphodiester phosphodiesterase family protein	-0.578	-0.309	-0.712	-0.525	-0.073	0.169	-0.628	-0.292	-0.747	0.842	-0.673	-0.414	1.319	-0.081	0.426	0.152	0.637	-0.556	-0.667	0.498	-1.211	0.680	-0.265	-0.047	1.162
Lysobacter_OAE881	ABIE51_RS09155	ABIE51_RS09155		M3 family metallopeptidase	-0.428	-0.019	0.452	-0.123	-0.049	0.316	0.275	0.288	-0.270	0.494	0.187	-0.449	0.927	0.197	-0.059	0.378	-0.033	-0.003	-0.033	-0.330	-0.318	-0.114	1.129	0.217	-0.249
Lysobacter_OAE881	ABIE51_RS09160	ABIE51_RS09160		amidohydrolase family protein	0.532	0.267	-0.284	-0.108	0.523	-0.073	-0.007	-0.094	-0.290	-0.204	0.199	-0.750	0.372	0.706	0.381	-0.213	-0.916	-0.274	-0.170	0.749	0.833	0.566	0.302	-0.297	-0.206
Lysobacter_OAE881	ABIE51_RS09165	ABIE51_RS09165		TonB-dependent receptor	-0.237	0.467	0.200	0.148	-0.284	0.157	-0.385	-0.067	-0.181	0.140	-0.466	-0.377	1.359	0.601	0.577	0.354	0.397	-0.494	0.127	-0.009	-0.315	-0.373	0.244	0.138	-0.075
Lysobacter_OAE881	ABIE51_RS09170	ABIE51_RS09170		glutathione peroxidase	-0.842	-0.235	-0.007	-0.125	-0.925	-0.677	-0.929	-0.622	-0.336	0.343	-1.214	-0.656	-0.156	-1.325	-0.318	-1.367	0.276	-0.337	-1.331	-0.626	-1.207	-0.565	-2.282	-1.267	-3.801
Lysobacter_OAE881	ABIE51_RS09175	ABIE51_RS09175		hypothetical protein	-0.740	-0.167	0.490	-0.182	0.088	0.258	0.629	-0.074	-0.539	-0.267	0.570	0.517	0.886	0.402	0.406	0.539	-0.158	-0.234	0.234	1.048	0.389	-0.285	-0.580	-0.013	-1.201
Lysobacter_OAE881	ABIE51_RS09185	ABIE51_RS09185		DUF488 domain-containing protein	0.233	0.112	-0.868	1.190	-0.639	-1.039	1.156	-0.348	0.176	-0.542	-1.195	-0.391	1.006	-0.845	-2.167	-0.855	-0.659	-0.044	0.038	-0.477	-1.897	0.385	-1.855	-0.913	-0.560
Lysobacter_OAE881	ABIE51_RS09190	ABIE51_RS09190		nuclear transport factor 2 family protein	-0.179	0.280	-0.560	-2.164	-0.455	-0.564	-0.102	0.294	-0.498	-0.764	-0.424	0.151	0.850	0.088	-0.118	0.475	0.221	0.102	-1.045	-0.218	0.226	0.133	-0.430	0.966	-1.319
Lysobacter_OAE881	ABIE51_RS09195	ABIE51_RS09195		PQQ-dependent sugar dehydrogenase	-0.427	-0.441	0.063	0.303	-0.815	-0.570	-0.137	0.408	-0.199	0.278	0.309	1.923	0.298	0.012	-0.796	0.881	0.306	0.893	0.556	0.249	-0.043	-0.308	1.403	0.172	0.247
Lysobacter_OAE881	ABIE51_RS09200	ABIE51_RS09200		ABC transporter ATP-binding protein	-0.548	0.481	0.523	0.318	0.551	-0.271	-0.411	1.100	-0.096	-0.236	0.254	0.553	1.518	-0.180	0.951	0.198	0.932	-0.251	0.263	1.053	0.632	-0.845	0.083	-0.661	1.301
Lysobacter_OAE881	ABIE51_RS09205	ABIE51_RS09205		BON domain-containing protein	-0.965	-0.921	0.665	0.935	-0.247	0.509	-0.380	0.650	0.187	-2.562	-1.382	-0.713	0.070	0.293	-0.575	0.460	-0.025	-0.649	-0.329	-0.422	0.392	0.642	-0.824	0.592	0.518
Lysobacter_OAE881	ABIE51_RS09210	ABIE51_RS09210		exodeoxyribonuclease III	0.061	0.424	-0.441	0.731	0.217	-0.203	0.158	-0.201	-0.205	0.070	-1.126	-0.203	-1.398	0.544	0.121	-0.313	-0.368	0.583	0.706	-0.193	0.637	0.621	0.458	1.274	-0.238
Lysobacter_OAE881	ABIE51_RS09215	ABIE51_RS09215		DUF885 domain-containing protein	-0.008	-0.732	0.576	0.623	-0.210	-0.158	0.994	0.061	0.043	0.330	-0.359	0.336	0.631	-0.468	-0.240	0.297	0.794	0.030	0.405	0.333	0.182	0.010	0.351	1.057	0.421
Lysobacter_OAE881	ABIE51_RS09225	ABIE51_RS09225		30S ribosomal protein S18	0.894	-0.287	0.067	0.046	-1.203	-0.235	-1.231	0.941	-0.999	-0.409	1.096	0.218	-0.566	-0.202	-0.793	-0.135	-0.654	-1.394	-0.554	-1.265	-1.344	-0.311	0.003	0.389	0.598
Lysobacter_OAE881	ABIE51_RS09230	ABIE51_RS09230		50S ribosomal protein L9	-0.405	-1.405	-0.206	0.946	0.004	-1.422	-1.210	0.192	-1.180	0.599	-1.763	-1.749	-0.269	-0.415	-0.826	0.242	0.085	-2.285	-0.898	-0.447	-0.466	1.811	-0.800	-0.505	1.591
Lysobacter_OAE881	ABIE51_RS09235	ABIE51_RS09235		hypothetical protein	-0.697	-1.454	0.012	-1.011	-0.687	-1.220	-1.365	-1.213	-1.594	0.247	-0.177	-0.510	-0.337	-1.457	-0.457	-0.396	1.280	-0.442	-1.256	-0.860	-0.801	-0.589	-0.891	0.042	-1.095
Lysobacter_OAE881	ABIE51_RS09245	ABIE51_RS09245		KTSC domain-containing protein	-1.070	-0.696	-0.075	0.056	0.689	-0.948	1.927	-0.633	-0.025	0.672	-1.811	0.922	0.692	-0.165	0.293	-0.392	-3.295	1.028	0.746	0.204	-0.793	-1.137	-0.665	-1.007	-1.234
Lysobacter_OAE881	ABIE51_RS09250	ABIE51_RS09250		glycine zipper 2TM domain-containing protein	-0.400	1.326	1.174	1.712	1.044	-0.295	-1.249	1.114	0.593	0.094	-0.009	-0.064	-0.142	1.557	-0.063	0.971	1.739	0.262	0.843	1.603	1.133	0.959	1.031	-0.255	0.404
Lysobacter_OAE881	ABIE51_RS09260	ABIE51_RS09260		deoxyribodipyrimidine photo-lyase	-0.161	1.474	0.063	-0.271	0.206	0.722	-0.317	-0.824	-0.443	-0.155	0.463	0.760	1.199	-0.210	0.467	-0.315	0.495	0.488	0.043	0.879	0.863	-1.162	-0.183	0.854	-2.214
Lysobacter_OAE881	ABIE51_RS09265	ABIE51_RS09265		wax ester/triacylglycerol synthase family O-acyltransferase	-1.191	-0.429	0.039	-0.211	-0.532	-0.019	0.021	-1.786	-0.235	-0.629	-1.680	-0.351	0.227	-1.110	-0.372	-0.617	-0.678	1.068	-0.504	-0.974	-0.362	0.187	-0.673	-0.428	-0.579
Lysobacter_OAE881	ABIE51_RS09270	ABIE51_RS09270		OmpA family protein	0.303	-0.322	-0.154	0.490	-0.116	-0.077	0.656	0.804	0.912	0.020	0.620	0.227	0.020	-1.608	-0.589	-0.356	-0.668	0.161	0.336	-1.458	0.688	1.326	-0.654	0.642	-1.042
Lysobacter_OAE881	ABIE51_RS09275	ABIE51_RS09275		cytochrome c	-0.511	-0.928	-3.469	-0.259	1.371	-0.007	-0.447	-3.389	-0.458	-0.970	-0.662	-2.473	0.898	-1.099	0.562	-2.787	1.299	0.775	-2.063	-1.461	-0.036	0.722	-3.424	-1.770	-1.719
Lysobacter_OAE881	ABIE51_RS09280	ABIE51_RS09280		cytochrome c	1.191	0.749	-3.728	-0.072	-0.219	-0.014	-2.067	-3.570	-1.042	-0.729	-0.093	-2.019	-0.780	0.361	2.386	-2.526	-1.808	0.917	-1.947	-1.897	-1.376	-1.168	-2.795	-0.042	-0.400
Lysobacter_OAE881	ABIE51_RS09285	ABIE51_RS09285		efflux RND transporter periplasmic adaptor subunit	0.035	-0.421	1.093	0.378	1.172	0.001	-0.393	0.304	0.554	0.778	0.316	0.462	0.802	0.726	-0.378	0.897	-1.911	1.591	0.598	0.036	2.750	-0.295	0.671	0.359	1.689
Lysobacter_OAE881	ABIE51_RS09290	ABIE51_RS09290		efflux RND transporter permease subunit	2.167	-0.326	-0.202	-1.098	1.385	-0.147	-0.244	-0.101	-0.430	0.178	0.187	2.051	0.796	0.555	-0.964	0.001	0.813	0.112	1.242	-0.303	1.037	-0.806	0.505	0.234	0.032
Lysobacter_OAE881	ABIE51_RS09295	ABIE51_RS09295		efflux RND transporter permease subunit	0.792	0.478	-0.120	-0.235	0.517	-0.545	0.180	0.357	-0.960	0.211	0.360	-0.640	0.081	2.083	0.771	-0.404	-0.183	0.386	-0.445	0.409	-0.047	-0.305	-0.326	1.948	-0.374
Lysobacter_OAE881	ABIE51_RS09300	ABIE51_RS09300		TraB/GumN family protein	1.666	0.384	1.556	0.834	2.278	1.601	0.400	0.857	0.230	1.436	-0.343	1.519	0.720	0.307	0.439	0.025	0.924	0.522	1.385	1.582	-0.545	1.517	0.546	-0.706	-0.984
Lysobacter_OAE881	ABIE51_RS09305	ABIE51_RS09305		alpha/beta fold hydrolase	-0.314	0.286	-0.420	0.015	0.765	0.430	-0.545	-0.066	0.661	0.697	-0.191	-0.424	0.140	-1.080	0.571	-0.298	0.406	-0.654	0.041	-0.392	-0.005	-0.082	1.147	1.693	-0.439
Lysobacter_OAE881	ABIE51_RS09310	ABIE51_RS09310		TetR/AcrR family transcriptional regulator	-0.350	1.116	0.337	0.487	0.059	-0.405	0.680	1.052	0.571	1.393	-0.367	1.045	1.067	1.345	1.042	0.176	-0.654	1.531	-0.175	1.085	-0.968	-0.684	1.016	-0.281	-0.157
Lysobacter_OAE881	ABIE51_RS09315	ABIE51_RS09315		GNAT family N-acetyltransferase	-0.808	-0.808	0.065	-0.088	-1.118	-0.674	-0.369	-0.303	-0.728	-0.907	-1.225	1.511	1.401	-0.314	-0.536	-0.602	-0.334	-0.222	0.154	-1.027	0.085	-0.108	-0.761	-1.268	0.837
Lysobacter_OAE881	ABIE51_RS09330	ABIE51_RS09330		hypothetical protein	-0.423	1.705	1.746	-0.024	2.215	0.786	1.061	-0.205	0.570	-0.259	0.334	-0.883	1.589	-0.294	0.291	0.518	-1.354	0.052	-0.076	0.673	0.823	-0.372	-0.314	0.356	-1.023
Lysobacter_OAE881	ABIE51_RS09340	ABIE51_RS09340		(d)CMP kinase	-1.751	0.990	-2.723	-1.840	-3.841	-3.106	-0.036	-2.104	-3.898	-1.694	-2.266	-1.579	-2.746	-2.828	0.106	-4.689	-3.274	-2.522	-1.503	-2.137	-2.935	-4.135	-1.080	2.750	-1.867
Lysobacter_OAE881	ABIE51_RS09355	ABIE51_RS09355		lipopolysaccharide assembly protein LapA domain-containing protein	0.809	1.294	0.436	-0.940	-0.845	0.395	0.044	0.083	1.269	-1.530	-1.072	-0.374	-1.655	-1.600	0.712	0.614	0.181	-1.559	-0.498	-0.238	0.254	0.924	0.587	0.166	-0.026
Lysobacter_OAE881	ABIE51_RS09360	ABIE51_RS09360		lipopolysaccharide assembly protein LapB	-2.033	-4.264	-1.015	-2.772	-4.387	-1.419	-3.680	-8.086	-1.673	-2.070	-4.895	-1.605	-2.871	-2.354	-2.042	-1.166	-0.782	-7.182	-3.247	-1.833	-1.642	-0.538	-1.332	-2.225	-3.062
Lysobacter_OAE881	ABIE51_RS09365	ABIE51_RS09365		glycosyltransferase family 4 protein	-3.536	-4.804	-2.829	-4.099	-4.061	-3.967	-0.987	-9.456	-2.731	-3.064	-0.652	-4.595	-4.992	-5.468	-3.269	-0.846	-6.738	-5.804	0.043	-2.228	-5.524	-4.750	-2.363	-3.301	-4.433
Lysobacter_OAE881	ABIE51_RS09370	ABIE51_RS09370		nucleoside-diphosphate sugar epimerase/dehydratase	-6.385	-8.954	2.581	-8.597	-8.378	-3.143	-4.828	-11.105	-2.818	-2.262	-0.863	-5.924	-4.441	-7.395	-2.995	2.054	-8.553	-10.741	4.271	-1.954	-5.183	-5.570	-2.622	-7.196	-5.444
Lysobacter_OAE881	ABIE51_RS09375	ABIE51_RS09375		UTP--glucose-1-phosphate uridylyltransferase GalU	-3.704	-5.922	-0.384	-6.700	-4.637	-2.748	-1.899	-2.686	0.688	-1.775	2.594	-3.627	-5.559	0.037	-5.533	-1.150	-3.173	-3.330	-1.026	0.307	-5.317	-4.060	-0.490	-5.402	-5.057
Lysobacter_OAE881	ABIE51_RS09380	ABIE51_RS09380		FAD-binding oxidoreductase	-0.010	-0.241	0.119	0.767	-0.899	-0.039	0.849	0.422	-0.087	-1.031	0.979	1.647	1.051	0.617	-1.026	-0.015	-0.623	-0.060	0.863	0.126	-0.198	0.092	1.178	0.751	-1.447
Lysobacter_OAE881	ABIE51_RS09385	ABIE51_RS09385		tRNA-binding protein	0.004	-0.213	0.035	1.124	0.218	-0.051	0.033	0.263	-0.680	0.494	0.474	-0.101	-2.346	2.451	-0.332	1.493	0.187	-0.576	-0.458	-0.720	0.316	-0.913	-0.731	0.932	0.768
Lysobacter_OAE881	ABIE51_RS09390	ABIE51_RS09390		glycine zipper 2TM domain-containing protein	-2.663	0.660	-0.303	-1.766	-0.876	-1.084	-2.296	0.031	0.303	-0.596	0.209	-0.935	0.143	-2.089	0.665	1.272	-1.451	-2.075	0.349	0.254	-0.296	0.134	-0.360	-0.090	-1.842
Lysobacter_OAE881	ABIE51_RS09395	ABIE51_RS09395		acetyl-CoA C-acyltransferase	1.082	1.957	0.995	2.758	0.239	0.390	0.588	0.435	0.586	-0.012	0.550	-1.043	-0.495	0.670	0.306	0.059	-0.081	0.657	-0.463	-0.113	-0.628	1.132	0.351	0.726	-0.456
Lysobacter_OAE881	ABIE51_RS09400	ABIE51_RS09400		3-hydroxyacyl-CoA dehydrogenase/enoyl-CoA hydratase family protein	-0.483	-0.517	0.214	1.159	-1.198	-0.280	0.051	-0.475	-0.595	-1.084	0.370	0.516	-0.829	1.465	0.179	-0.182	-0.195	0.131	-0.606	-1.252	-0.712	0.056	0.471	-0.616	0.990
Lysobacter_OAE881	ABIE51_RS09405	ABIE51_RS09405		TetR family transcriptional regulator	0.278	-0.041	-0.774	0.604	-0.254	-1.459	-1.321	0.322	0.664	0.527	0.332	-0.248	0.899	1.347	0.053	-1.329	-0.079	1.172	-0.226	-0.349	0.761	0.044	1.413	0.644	-1.113
Lysobacter_OAE881	ABIE51_RS09415	ABIE51_RS09415		23S rRNA (adenine(2503)-C(2))-methyltransferase RlmN	-1.339	0.564	-2.068	-0.685	-0.070	0.005	-0.094	-2.000	-0.032	-0.682	-4.090	-0.631	-1.697	-0.168	-0.857	-1.722	-1.039	0.101	-1.825	-0.270	-0.915	-1.103	-0.793	0.190	0.872
Lysobacter_OAE881	ABIE51_RS09420	ABIE51_RS09420		type IV pilus biogenesis/stability protein PilW	-0.041	0.138	-0.003	1.409	0.730	0.078	0.817	-0.030	0.516	-0.008	-1.391	0.370	-0.558	1.539	0.018	0.323	1.109	-0.164	0.415	2.272	0.313	-0.413	1.189	0.001	1.791
Lysobacter_OAE881	ABIE51_RS09425	ABIE51_RS09425		helix-turn-helix domain-containing protein	-0.984	-0.902	-1.867	0.482	-1.728	-0.739	-1.840	-2.703	-0.762	-0.327	-3.305	-2.073	-1.791	1.145	-0.323	-1.916	-0.848	-1.205	0.017	-0.549	-3.444	-2.340	-0.473	0.387	2.089
Lysobacter_OAE881	ABIE51_RS09430	ABIE51_RS09430		tetratricopeptide repeat protein	-0.572	-1.422	-3.169	-0.952	-2.185	-2.381	0.090	-2.686	-2.290	-0.918	-1.307	-1.828	0.888	-2.106	-0.643	-2.792	0.040	-3.173	1.176	-2.030	-0.009	-0.522	-0.353	-2.187	-2.743
Lysobacter_OAE881	ABIE51_RS09445	ABIE51_RS09445		NTP transferase domain-containing protein	-1.252	-0.975	-2.065	-3.558	-3.585	-1.440	-1.414	0.024	-0.099	0.984	1.323	-1.811	-0.846	-3.716	0.116	-2.173	-0.884	-2.187	1.840	-1.086	-0.156	-0.896	-1.567	-0.556	-1.684
Lysobacter_OAE881	ABIE51_RS09450	ABIE51_RS09450		gephyrin-like molybdotransferase Glp	0.182	-3.236	-4.203	-1.377	-0.464	-1.175	-0.883	0.848	-0.749	-0.502	2.284	-0.405	-1.046	-1.396	0.068	-2.455	-0.524	-1.531	1.338	-1.322	1.456	-1.178	0.245	-0.158	-2.029
Lysobacter_OAE881	ABIE51_RS09460	ABIE51_RS09460		alpha/beta hydrolase	-0.200	1.608	1.419	0.352	1.314	0.243	-0.744	-0.003	0.977	0.252	1.560	0.761	0.167	1.633	0.654	0.541	0.099	-0.308	1.390	0.727	0.682	1.624	1.409	0.525	0.027
Lysobacter_OAE881	ABIE51_RS09465	ABIE51_RS09465		DUF1244 domain-containing protein	1.214	0.528	0.384	0.779	-0.281	0.999	-0.494	0.126	0.314	-0.692	0.086	0.571	0.218	0.049	-1.142	0.020	-0.359	0.190	0.245	-1.694	-2.085	-0.939	-0.258	0.620	-1.002
Lysobacter_OAE881	ABIE51_RS09490	ABIE51_RS09490		SRPBCC family protein	0.127	0.148	-0.496	0.657	1.321	0.163	0.164	0.664	-0.171	1.520	0.660	0.111	2.299	-1.338	-0.038	-0.709	0.253	-0.210	1.724	0.571	0.077	-0.643	1.066	0.483	0.327
Lysobacter_OAE881	ABIE51_RS09505	ABIE51_RS09505		DUF2721 domain-containing protein	-0.243	-1.152	-0.416	0.217	0.115	1.050	-0.482	-0.912	-0.105	0.781	0.023	0.023	-0.083	-0.572	-0.716	-0.433	0.390	1.027	-0.066	-0.528	-0.544	0.305	0.584	3.296	1.253
Lysobacter_OAE881	ABIE51_RS09515	ABIE51_RS09515		mechanosensitive ion channel family protein	-1.926	-0.585	0.533	1.330	-0.898	0.826	0.082	-1.593	-0.890	-0.026	0.058	0.691	0.298	-0.371	-0.590	0.481	-0.266	1.243	1.698	-0.599	-2.435	-0.457	0.625	0.545	0.195
Lysobacter_OAE881	ABIE51_RS09520	ABIE51_RS09520		phosphoenolpyruvate synthase	-1.062	-3.272	-13.961	-2.218	-3.547	-7.131	-0.655	-2.433	-8.855	-1.536	-1.671	-9.995	-4.079	-1.049	-1.524	-14.353	-2.980	-4.948	-0.731	-7.514	-0.911	-1.220	-9.143	-1.875	-1.713
Lysobacter_OAE881	ABIE51_RS09525	ABIE51_RS09525		hypothetical protein	0.297	0.031	-0.161	-0.306	-0.495	0.429	-0.386	0.452	-0.662	-0.629	-0.986	-1.239	0.106	0.676	1.003	-1.116	-1.034	0.174	1.029	-0.596	1.726	0.043	-1.467	0.885	0.551
Lysobacter_OAE881	ABIE51_RS09530	ABIE51_RS09530		pyruvate, water dikinase regulatory protein	-1.403	-0.123	-0.211	-1.192	-2.938	-6.127	-0.668	-3.611	-1.723	-0.126	-2.364	-2.876	-0.528	-1.486	-0.464	-1.415	-2.024	-4.936	-3.171	-1.459	-0.225	-0.948	-1.218	-1.945	1.107
Lysobacter_OAE881	ABIE51_RS09535	ABIE51_RS09535		DUF1249 domain-containing protein	0.633	2.082	1.603	0.502	-3.144	-3.364	-0.570	0.558	-2.846	-1.911	5.064	0.371	-0.468	1.436	0.084	1.130	-4.062	-3.996	-0.676	-3.654	0.322	-0.973	-0.206	0.687	-0.388
Lysobacter_OAE881	ABIE51_RS09550	ABIE51_RS09550		Cu(I)-responsive transcriptional regulator	0.023	-0.487	-1.375	0.072	0.409	-0.266	-0.154	-1.612	-0.239	0.093	-0.453	-0.743	-1.832	-1.215	-1.012	0.291	-0.636	-0.008	0.195	-1.463	0.740	0.283	0.184	-1.051	-1.333
Lysobacter_OAE881	ABIE51_RS09555	ABIE51_RS09555		heavy metal translocating P-type ATPase	0.646	0.366	1.355	0.979	0.853	1.139	0.619	-0.156	-0.194	1.243	-0.026	-1.143	0.765	0.449	0.446	0.744	0.480	-0.089	0.348	-0.342	0.190	1.070	-0.441	0.219	-0.405
Lysobacter_OAE881	ABIE51_RS09560	ABIE51_RS09560		copper resistance protein B	-0.286	-0.343	-0.849	-1.012	-0.517	-1.261	-0.939	-1.734	-0.619	-0.634	-0.025	-1.774	-0.800	-0.616	-0.277	-1.619	-1.059	-0.890	-2.331	-1.099	1.194	-0.422	-0.246	-1.635	-1.143
Lysobacter_OAE881	ABIE51_RS09565	ABIE51_RS09565		copper resistance system multicopper oxidase	0.116	-0.082	-0.297	0.988	-1.677	-1.424	-1.044	-4.652	-1.564	-0.878	0.584	-0.267	-0.841	0.447	0.643	-0.613	-0.678	-1.635	-5.414	-0.062	-0.098	-0.570	-0.071	0.038	-0.261
Lysobacter_OAE881	ABIE51_RS09570	ABIE51_RS09570		CopL family metal-binding regulatory protein	0.151	0.285	0.910	0.537	1.192	1.854	0.979	0.575	-0.388	0.883	-0.638	1.270	1.123	-0.516	-0.076	0.617	0.864	1.037	0.930	0.614	0.641	0.961	0.289	0.753	1.690
Lysobacter_OAE881	ABIE51_RS09575	ABIE51_RS09575		response regulator transcription factor	0.162	1.480	1.391	1.189	0.640	0.974	1.422	1.661	0.782	-1.310	-0.523	2.180	-0.094	1.862	1.765	0.775	0.228	-0.495	1.826	1.130	-0.565	1.402	0.929	2.751	2.494
Lysobacter_OAE881	ABIE51_RS09580	ABIE51_RS09580		DUF892 family protein	-1.162	-0.001	-0.506	-0.045	-0.443	-0.972	0.678	-0.054	-2.011	-0.321	-1.354	-0.704	-1.635	-0.645	0.416	-1.569	-1.250	0.306	-2.429	-0.744	0.149	0.159	0.452	-0.274	-1.588
Lysobacter_OAE881	ABIE51_RS09585	ABIE51_RS09585		hypothetical protein	1.642	1.346	0.476	-0.963	0.802	0.259	0.201	0.389	-0.773	0.758	-1.890	2.347	-0.120	2.399	2.069	1.334	2.784	-0.476	0.855	1.108	1.563	0.923	3.415	0.637	0.619
Lysobacter_OAE881	ABIE51_RS09590	ABIE51_RS09590		DUF4142 domain-containing protein	-1.759	0.734	-0.902	-2.286	-0.252	-0.213	1.014	-1.397	0.581	-0.748	0.896	1.009	0.400	0.866	-0.113	-0.856	-0.877	0.130	-0.054	-0.445	-0.482	0.162	1.167	0.802	-0.129
Lysobacter_OAE881	ABIE51_RS09595	ABIE51_RS09595		CorA family divalent cation transporter	-1.398	-0.121	0.428	-0.850	0.533	-1.613	-1.089	0.750	0.238	0.002	-0.218	-0.187	1.151	-0.245	0.967	0.374	1.689	-1.719	0.292	0.363	-0.114	0.638	-1.812	-0.466	-0.206
Lysobacter_OAE881	ABIE51_RS09600	ABIE51_RS09600		hypothetical protein	-0.267	-1.013	1.449	-0.189	-1.286	0.015	-0.425	0.764	0.504	0.550	1.586	-0.291	-0.451	-0.292	0.506	0.021	-0.014	-0.965	-0.315	0.458	-0.526	1.824	-1.667	-0.800	0.304
Lysobacter_OAE881	ABIE51_RS09605	ABIE51_RS09605		catalase	0.879	1.459	1.390	1.968	0.285	0.918	-1.030	0.610	1.921	3.055	0.761	1.034	-0.558	1.243	0.541	-0.489	1.405	0.550	2.532	0.246	0.443	1.632	1.470	0.837	0.658
Lysobacter_OAE881	ABIE51_RS09610	ABIE51_RS09610		alpha/beta hydrolase	-1.290	-0.642	-0.186	-0.638	-1.113	-0.509	-1.810	-1.580	0.780	0.958	0.171	0.379	-0.047	0.508	-0.426	-0.001	-2.518	-0.198	0.257	-0.732	1.013	0.812	1.037	-2.756	1.529
Lysobacter_OAE881	ABIE51_RS09615	ABIE51_RS09615		cation diffusion facilitator family transporter	-0.193	0.393	-0.051	-0.551	-0.590	0.065	-0.100	-0.772	-0.018	-0.115	0.710	-1.143	-0.496	0.374	0.285	0.371	-1.040	-1.752	-0.129	0.590	2.332	0.874	-1.342	-1.427	0.406
Lysobacter_OAE881	ABIE51_RS09620	ABIE51_RS09620		DUF2092 domain-containing protein	-1.170	-0.207	-0.125	0.994	-0.199	0.744	0.307	0.621	0.906	-0.697	1.875	-0.714	1.315	-0.584	0.365	-0.187	1.123	0.337	-0.322	0.257	0.646	1.049	-0.362	0.784	-0.315
Lysobacter_OAE881	ABIE51_RS09625	ABIE51_RS09625		DUF2950 domain-containing protein	0.073	1.408	0.115	0.580	-1.204	0.131	-1.324	-0.994	-0.203	-0.265	0.531	-0.539	0.507	1.557	-1.097	0.411	-0.367	-0.664	0.218	-0.283	0.259	1.144	-1.111	0.255	-1.442
Lysobacter_OAE881	ABIE51_RS09635	ABIE51_RS09635		DUF3300 domain-containing protein	0.589	0.360	0.630	0.557	0.911	-1.056	-0.871	0.595	-0.323	-0.180	0.246	0.915	-0.494	-0.599	0.592	0.051	0.371	1.252	-0.567	0.253	0.239	0.488	-0.805	0.823	-0.109
Lysobacter_OAE881	ABIE51_RS09640	ABIE51_RS09640		OmpA family protein	1.026	0.870	0.904	0.312	0.474	1.993	-0.925	-0.743	0.115	0.739	-0.952	0.879	-1.450	-1.271	-0.912	-0.953	-0.158	-0.017	0.468	0.109	-0.755	0.315	-1.625	1.600	-1.406
Lysobacter_OAE881	ABIE51_RS09645	ABIE51_RS09645		TrkA C-terminal domain-containing protein	0.612	0.177	-0.215	-0.590	0.771	0.098	-0.157	0.855	1.565	1.167	0.926	-0.628	0.806	0.736	-0.192	0.378	0.084	-0.691	0.560	-0.079	-1.622	0.717	0.445	0.942	0.070
Lysobacter_OAE881	ABIE51_RS09650	ABIE51_RS09650		OprD family outer membrane porin	1.585	-0.190	0.814	1.615	0.358	0.359	0.880	0.003	0.414	-1.139	0.994	0.199	0.545	1.509	-1.069	0.863	-0.004	-0.378	0.298	0.457	0.081	0.027	0.535	0.290	-1.009
Lysobacter_OAE881	ABIE51_RS09655	ABIE51_RS09655		transporter	0.379	1.647	1.117	-0.541	-0.385	0.493	-0.327	0.974	0.852	0.972	-1.446	0.730	1.159	2.367	1.317	-0.280	0.810	-0.597	1.119	1.360	2.101	0.796	0.554	-0.157	0.315
Lysobacter_OAE881	ABIE51_RS09660	ABIE51_RS09660		aminotransferase class I/II-fold pyridoxal phosphate-dependent enzyme	0.398	-0.065	-1.043	-1.570	-0.993	-0.935	-0.486	-1.210	-0.659	-0.392	-1.840	0.205	-1.337	-0.303	0.173	0.682	-0.164	-1.683	1.062	-0.732	-0.994	-0.572	1.096	1.045	-0.268
Lysobacter_OAE881	ABIE51_RS09665	ABIE51_RS09665		MFS transporter	0.304	0.702	-0.138	0.470	-0.277	0.058	0.360	-0.432	-0.936	-0.802	-1.056	1.526	0.711	0.624	0.496	-0.627	0.288	-0.821	0.594	0.389	-0.197	-0.121	0.551	0.607	-1.084
Lysobacter_OAE881	ABIE51_RS09670	ABIE51_RS09670		MFS transporter	-1.040	-1.676	0.374	-0.993	-0.203	-1.938	1.883	0.814	0.300	-0.323	0.134	0.126	-0.693	-0.476	0.969	0.781	0.892	-0.385	0.030	1.330	-0.564	-0.541	-0.519	-1.433	0.190
Lysobacter_OAE881	ABIE51_RS09675	ABIE51_RS09675		guanine deaminase	0.872	0.796	0.576	1.978	0.527	-0.179	0.011	0.634	0.122	1.510	-0.012	0.671	0.487	-0.312	1.277	-0.057	0.248	1.051	2.193	-0.675	0.317	0.123	-0.531	-0.594	-0.122
Lysobacter_OAE881	ABIE51_RS09680	ABIE51_RS09680		outer membrane protein OmpK	1.278	0.356	1.488	-0.643	-0.096	0.412	-0.250	1.090	1.925	0.701	0.441	0.821	-0.740	0.797	-0.802	-0.504	1.159	2.274	1.642	-0.605	0.885	-0.996	0.246	0.307	2.910
Lysobacter_OAE881	ABIE51_RS09685	ABIE51_RS09685		mechanosensitive ion channel family protein	-0.202	0.004	0.112	-0.418	-0.003	-0.110	0.069	-0.589	-1.694	-0.505	0.314	0.577	-0.869	-1.036	0.473	-1.015	-0.208	-0.143	0.856	0.361	-0.794	1.337	0.176	-0.327	-0.329
Lysobacter_OAE881	ABIE51_RS09690	ABIE51_RS09690		hypothetical protein	0.371	-0.039	-0.298	-0.668	0.282	-0.004	-0.140	-1.130	-0.115	-0.010	1.379	0.951	-0.246	-0.266	-0.754	-0.853	-0.600	0.304	0.087	-0.756	0.125	-1.568	-0.011	-0.413	0.665
Lysobacter_OAE881	ABIE51_RS09695	ABIE51_RS09695		potassium channel family protein	0.325	0.743	-0.825	0.588	-0.036	0.659	0.078	0.751	0.114	0.833	0.120	-1.328	1.906	1.072	0.969	1.181	-1.629	0.689	0.733	0.016	3.613	1.591	0.758	-1.060	1.345
Lysobacter_OAE881	ABIE51_RS09700	ABIE51_RS09700		calcium/proton exchanger	0.236	1.707	0.544	0.852	0.538	-0.147	1.270	0.516	0.209	-1.191	-0.807	0.493	0.751	0.295	1.151	0.919	0.566	-0.055	0.440	0.109	-0.677	-1.398	1.116	0.010	1.254
Lysobacter_OAE881	ABIE51_RS09705	ABIE51_RS09705		efflux transporter outer membrane subunit	-0.657	0.049	0.418	-2.472	0.425	1.509	-0.282	0.159	1.165	-0.069	-0.835	-0.392	-0.725	-1.118	-0.316	-0.627	-0.952	0.229	0.389	-0.677	0.435	-0.646	0.521	-1.586	0.364
Lysobacter_OAE881	ABIE51_RS09710	ABIE51_RS09710		HlyD family secretion protein	-0.685	-0.302	0.007	-0.414	-1.385	-1.873	-0.591	0.122	-0.045	0.607	-0.402	-0.268	-0.567	0.361	0.494	-0.124	0.675	-0.267	1.228	0.445	-0.808	0.012	0.966	0.697	-1.678
Lysobacter_OAE881	ABIE51_RS09720	ABIE51_RS09720		response regulator	-0.378	1.554	0.611	-0.402	-0.364	0.765	0.505	1.278	0.925	-1.847	-0.930	0.439	0.218	1.081	-1.266	0.718	-0.252	-0.897	0.389	-0.000	0.851	1.566	0.724	-0.581	-0.725
Lysobacter_OAE881	ABIE51_RS09730	ABIE51_RS09730		ATP-binding protein	-1.490	-1.586	-0.702	-0.345	-0.454	0.526	-0.774	-0.327	-0.018	-0.939	-0.428	-1.181	-0.312	-0.071	-1.388	-0.257	-0.471	-0.116	-0.018	-1.049	-0.162	-2.152	-0.613	-1.425	-1.456
Lysobacter_OAE881	ABIE51_RS09735	ABIE51_RS09735		hypothetical protein	-1.941	-0.168	-1.199	-0.688	-0.236	-0.587	-0.503	-1.267	-0.518	-0.287	-0.035	-0.446	-2.092	-0.311	-0.159	-0.526	-0.858	-1.000	-1.003	0.452	-1.332	-0.952	-1.059	-0.296	-1.106
Lysobacter_OAE881	ABIE51_RS09740	ABIE51_RS09740		amidohydrolase family protein	0.640	-0.295	0.564	1.543	-0.496	0.431	0.318	1.544	-0.015	0.158	0.656	1.288	0.860	1.706	-0.749	-0.167	0.679	-0.161	0.500	-0.105	0.925	-0.103	0.729	0.650	-1.461
Lysobacter_OAE881	ABIE51_RS09745	ABIE51_RS09745		DUF4410 domain-containing protein	0.183	-0.203	0.754	-0.361	0.843	-0.342	-0.466	-0.383	0.930	-0.464	0.150	-0.001	1.103	-0.190	1.353	-0.135	1.144	-0.956	-0.608	0.095	0.395	-0.709	0.566	0.709	-0.276
Lysobacter_OAE881	ABIE51_RS09755	ABIE51_RS09755		M48 family metallopeptidase	-0.676	0.225	0.589	-0.491	-0.918	0.430	-0.448	-1.484	-1.410	-1.269	0.522	-0.746	-1.376	0.208	0.194	-1.383	0.208	-0.714	-0.201	0.294	0.723	0.678	-0.090	1.344	-2.415
Lysobacter_OAE881	ABIE51_RS09760	ABIE51_RS09760		MFS transporter	-0.133	-0.089	-0.570	-0.713	-2.317	-0.469	-0.579	-1.381	-0.752	-0.153	-1.609	0.672	-0.258	-0.346	-0.181	-0.903	-1.624	-0.560	-1.569	-0.227	0.956	-0.923	-1.379	0.023	0.152
Lysobacter_OAE881	ABIE51_RS09765	ABIE51_RS09765		ubiquinol oxidase subunit II	-1.600	-0.890	-1.953	0.135	-2.802	-0.741	-1.056	-0.732	-0.414	-0.059	-0.489	0.733	-1.668	0.347	-0.592	-1.818	-0.554	-0.059	-2.189	-1.132	-1.813	-0.565	-1.107	-1.437	0.014
Lysobacter_OAE881	ABIE51_RS09770	ABIE51_RS09770		cytochrome o ubiquinol oxidase subunit I	-1.245	1.082	-3.721	0.839	-2.119	-0.541	0.066	-1.386	-1.330	0.097	0.176	-0.503	0.442	0.112	0.353	-2.824	-0.730	-1.639	-0.131	-0.917	1.912	0.717	-0.004	-0.232	-0.768
Lysobacter_OAE881	ABIE51_RS09775	ABIE51_RS09775		cytochrome o ubiquinol oxidase subunit III	0.512	-1.097	-1.505	-0.626	-1.171	-1.106	0.409	-0.690	-0.696	1.971	1.179	-0.852	0.355	-0.596	-0.493	-2.294	-0.576	-1.334	-2.357	-0.758	-1.669	-0.029	-1.441	-1.471	-1.021
Lysobacter_OAE881	ABIE51_RS09780	ABIE51_RS09780		cytochrome o ubiquinol oxidase subunit IV	0.099	-1.948	-1.261	-1.254	-0.729	0.492	-1.770	0.242	0.544	-0.682	-1.605	0.937	-0.216	0.382	-1.031	-1.995	-0.534	-0.409	-0.758	0.951	-0.486	-0.640	-0.040	-1.204	0.032
Lysobacter_OAE881	ABIE51_RS09785	ABIE51_RS09785		SURF1 family protein	2.110	0.146	-0.709	0.290	0.476	-1.145	0.280	1.078	2.499	-1.538	0.949	1.169	-0.891	-2.902	1.343	0.760	-0.245	0.905	1.360	1.331	1.865	-1.024	0.054	1.497	0.394
Lysobacter_OAE881	ABIE51_RS09790	ABIE51_RS09790		ATP-binding protein	1.197	0.978	0.759	0.407	2.246	0.020	-0.040	0.474	-0.947	0.650	-0.463	1.196	2.439	2.238	1.341	-1.171	-0.265	-0.703	-0.737	-0.220	0.890	0.262	-0.060	-0.411	-0.850
Lysobacter_OAE881	ABIE51_RS09800	ABIE51_RS09800		VOC family protein	-0.688	-0.534	-1.347	-1.232	-1.798	-1.061	-0.135	-0.307	-0.367	-0.428	0.164	-0.590	-0.669	-0.389	-0.447	-0.255	0.281	-0.790	-1.085	0.883	-0.713	0.401	-0.808	-0.823	-0.677
Lysobacter_OAE881	ABIE51_RS09805	ABIE51_RS09805		M13 family metallopeptidase	-0.212	-0.806	0.190	0.676	0.493	-0.485	0.230	1.435	0.843	-0.718	0.811	0.471	0.008	-0.128	-0.199	0.583	0.353	-0.001	0.375	0.947	0.220	-0.656	0.473	1.077	-0.446
Lysobacter_OAE881	ABIE51_RS09810	ABIE51_RS09810		NAD(P)/FAD-dependent oxidoreductase	2.800	0.330	1.780	0.065	1.149	1.597	0.838	1.572	2.266	1.364	0.474	1.555	0.394	2.188	-1.052	1.474	1.579	0.891	2.202	0.247	1.291	0.335	-0.263	-0.305	1.304
Lysobacter_OAE881	ABIE51_RS09815	ABIE51_RS09815		YaeQ family protein	0.221	-0.878	-0.326	0.488	-0.288	-1.231	2.124	-0.542	0.103	-0.005	-0.533	0.058	-1.479	-0.048	-1.496	-0.338	-0.536	0.403	-0.154	-1.115	0.292	-0.322	-1.610	-0.321	1.966
Lysobacter_OAE881	ABIE51_RS09835	ABIE51_RS09835		hypothetical protein	-0.154	0.888	0.992	-0.867	-0.545	-1.250	0.950	-0.820	1.346	1.236	-0.114	-0.322	-0.219	0.058	1.052	0.681	0.523	-0.551	-0.970	0.293	0.808	-1.003	-1.143	-0.045	0.509
Lysobacter_OAE881	ABIE51_RS09840	ABIE51_RS09840		DUF3606 domain-containing protein	0.659	0.676	1.504	0.167	0.281	0.780	-0.213	0.780	0.220	0.247	0.990	1.662	-1.373	0.668	-0.299	1.065	-0.129	0.955	0.739	0.936	0.926	0.698	1.160	-0.527	1.926
Lysobacter_OAE881	ABIE51_RS09845	ABIE51_RS09845		hypothetical protein	-0.199	-0.672	-0.809	-0.417	-0.791	0.251	0.539	-1.355	0.020	0.049	0.547	0.692	-0.248	1.621	-0.062	-0.288	0.725	0.270	0.998	-0.255	2.021	-0.579	-0.345	-0.421	0.688
Lysobacter_OAE881	ABIE51_RS09850	ABIE51_RS09850		YaiI/YqxD family protein	-0.582	-0.276	0.220	-1.631	-1.289	-0.987	-0.494	-1.716	-1.688	0.433	0.484	-0.556	-0.494	-1.792	1.573	0.516	1.112	-1.344	0.795	0.118	0.645	0.369	-0.704	2.340	1.191
Lysobacter_OAE881	ABIE51_RS09855	ABIE51_RS09855		HWE histidine kinase domain-containing protein	0.313	0.549	-0.026	-0.545	1.142	0.482	1.357	0.335	0.521	0.966	1.012	0.896	1.657	0.967	1.155	0.074	1.918	0.393	0.348	0.906	0.966	-1.351	0.476	-0.633	-0.754
Lysobacter_OAE881	ABIE51_RS09865	ABIE51_RS09865		excinuclease ABC subunit UvrA	1.056	1.568	0.857	0.699	0.542	-0.163	0.892	0.019	1.128	1.091	-0.318	0.063	0.590	1.245	0.485	1.037	1.189	0.513	1.080	0.686	1.367	1.409	0.701	0.972	1.147
Lysobacter_OAE881	ABIE51_RS09870	ABIE51_RS09870		Na+/H+ antiporter subunit G	-0.759	0.229	0.138	0.408	0.692	-1.161	1.282	0.115	-0.051	-1.201	-0.481	0.236	1.175	0.100	1.562	0.832	-0.436	2.418	0.683	0.333	-0.496	1.847	-0.326	-0.788	1.616
Lysobacter_OAE881	ABIE51_RS09875	ABIE51_RS09875		K+/H+ antiporter subunit F	-0.319	1.618	-0.466	-0.465	-1.273	0.509	-1.199	0.527	0.487	-0.814	-0.841	1.486	-1.448	0.469	0.359	0.621	0.068	0.985	-0.410	-0.135	0.172	0.178	2.273	0.686	0.889
Lysobacter_OAE881	ABIE51_RS09880	ABIE51_RS09880		Na+/H+ antiporter subunit E	0.879	-1.372	-0.081	-0.329	0.862	-0.235	0.050	-0.017	-0.025	-0.445	-1.848	-0.691	-0.686	-0.795	-1.337	-0.489	-0.548	0.229	-1.994	0.024	-0.306	0.097	-0.676	-0.502	0.161
Lysobacter_OAE881	ABIE51_RS09885	ABIE51_RS09885		monovalent cation/H+ antiporter subunit D	-1.432	-0.213	-1.329	-0.836	-0.109	-0.094	-0.764	-0.617	-0.334	-0.967	-1.562	-0.455	-1.137	0.729	-1.127	-0.918	0.006	-1.934	0.468	-0.715	0.348	-0.461	-0.853	-1.059	0.646
Lysobacter_OAE881	ABIE51_RS09890	ABIE51_RS09890		Na+/H+ antiporter subunit C	-0.817	0.536	-0.052	0.755	-1.144	-0.654	0.661	0.401	-0.005	2.257	-0.028	-0.925	-0.656	1.356	0.458	-0.500	-0.794	-0.168	-0.942	0.597	0.533	0.335	-0.722	-0.388	-1.400
Lysobacter_OAE881	ABIE51_RS09895	ABIE51_RS09895		monovalent cation/H+ antiporter subunit A	0.172	-0.466	-0.428	0.863	-0.043	-0.979	0.401	-0.645	0.175	0.012	-0.324	-1.064	-1.984	0.948	-1.032	-0.811	-0.351	0.250	0.360	-0.209	-1.037	-0.220	-1.128	-0.285	0.628
Lysobacter_OAE881	ABIE51_RS09900	ABIE51_RS09900		DUF202 domain-containing protein	-0.278	-1.144	1.414	0.441	0.961	0.511	-0.173	-1.629	0.040	0.886	1.086	1.047	-0.216	0.704	-0.959	-0.782	1.140	-0.107	-0.310	0.645	-0.449	-0.618	0.852	-0.438	1.716
Lysobacter_OAE881	ABIE51_RS09905	ABIE51_RS09905		ATP-binding protein	-0.246	0.390	-0.179	-1.261	-0.420	0.381	-2.219	0.499	-0.752	-0.234	1.000	0.814	0.759	-0.919	0.352	-0.675	-0.106	-0.115	0.007	-0.162	0.543	1.498	2.413	0.589	0.234
Lysobacter_OAE881	ABIE51_RS09910	ABIE51_RS09910		ATPase domain-containing protein	-0.144	0.335	1.462	0.288	1.130	1.324	0.493	0.658	0.937	1.094	1.636	0.617	0.470	1.060	-0.277	-0.371	1.180	0.839	0.912	0.295	1.267	-0.216	1.376	-1.540	-0.940
Lysobacter_OAE881	ABIE51_RS09915	ABIE51_RS09915		Hsp70 family protein	1.123	0.965	0.707	-0.049	0.347	0.472	1.256	0.465	-0.551	0.387	-0.002	0.311	-1.172	-0.188	2.054	1.315	-1.288	1.075	-0.207	0.443	0.782	-0.518	-0.410	0.289	-0.498
Lysobacter_OAE881	ABIE51_RS09925	ABIE51_RS09925		TonB-dependent siderophore receptor	0.279	1.175	0.566	1.035	0.181	0.507	0.299	1.270	1.084	1.001	-0.255	-0.226	0.863	0.222	-0.939	0.775	-0.218	-0.014	1.205	0.949	-0.049	0.084	0.482	0.950	-0.564
Lysobacter_OAE881	ABIE51_RS09930	ABIE51_RS09930		iron uptake protein	0.047	0.318	-1.041	-1.359	-0.675	-0.402	0.190	-0.827	-0.944	-0.087	-0.954	-1.141	-1.809	-0.882	-0.547	-1.855	-0.599	-0.575	-1.034	-1.164	-0.213	-1.008	0.245	-0.233	-0.577
Lysobacter_OAE881	ABIE51_RS09935	ABIE51_RS09935		PepSY-associated TM helix domain-containing protein	1.676	1.265	0.203	0.489	-0.562	0.923	0.408	0.561	0.732	-0.029	0.153	-0.100	1.152	1.732	0.019	0.077	0.542	0.674	0.731	-0.602	-0.293	0.568	0.222	0.988	0.289
Lysobacter_OAE881	ABIE51_RS09945	ABIE51_RS09945		hypothetical protein	-0.754	-0.223	1.257	-1.884	0.234	0.377	-0.600	-0.458	0.728	-0.003	-0.445	-0.331	0.755	-0.249	-1.162	0.749	-1.085	-1.605	-0.989	0.721	0.173	0.207	1.383	-0.670	1.075
Lysobacter_OAE881	ABIE51_RS09950	ABIE51_RS09950		hypothetical protein	-0.458	-0.101	-0.462	1.076	-0.058	0.195	-0.380	0.013	0.863	0.255	-0.480	-1.424	-0.429	0.761	-0.422	-0.014	-0.699	2.060	-0.316	-0.463	-0.088	0.173	0.020	0.604	-0.750
Lysobacter_OAE881	ABIE51_RS09955	ABIE51_RS09955		hypothetical protein	-0.946	0.240	-1.528	-0.697	0.659	0.395	-0.370	0.454	1.339	1.364	0.930	0.907	0.787	0.033	-0.536	0.514	1.688	1.047	-0.450	0.649	0.463	0.128	1.042	1.583	-0.154
Lysobacter_OAE881	ABIE51_RS09960	ABIE51_RS09960		carboxymuconolactone decarboxylase family protein	0.096	-0.639	0.253	0.260	-0.151	1.286	-0.243	-0.566	0.359	-0.759	-0.309	-0.927	1.019	0.971	-0.343	0.386	-0.134	-0.011	1.719	-1.543	-0.431	-0.087	-0.099	-0.447	-0.106
Lysobacter_OAE881	ABIE51_RS09965	ABIE51_RS09965		AraC family transcriptional regulator	-0.312	-0.496	2.027	-0.631	-1.466	0.268	-0.206	0.476	0.052	-0.890	0.529	-0.274	0.437	-0.807	-0.275	0.589	0.042	-0.380	-0.191	-0.774	0.159	0.528	-2.487	-0.715	1.186
Lysobacter_OAE881	ABIE51_RS09970	ABIE51_RS09970		YciI family protein	-0.542	-1.391	-0.481	-0.882	0.465	-0.064	2.576	-1.125	-1.349	0.889	-0.589	-0.987	0.213	-0.785	-2.222	-0.143	-0.135	0.856	-1.615	0.551	-0.749	-0.467	-0.469	0.067	0.390
Lysobacter_OAE881	ABIE51_RS09975	ABIE51_RS09975		g-type lysozyme inhibitor	-1.083	0.794	-0.553	1.347	-0.417	-0.351	-0.518	-0.840	-0.529	-0.036	0.315	-1.149	-0.435	0.865	0.863	-0.614	-1.236	0.274	-1.759	0.718	-0.333	-1.384	-0.500	-0.857	-0.218
Lysobacter_OAE881	ABIE51_RS09985	ABIE51_RS09985		nuclear transport factor 2 family protein	0.943	0.317	0.671	-0.843	0.535	0.960	-1.236	-0.097	-1.198	0.545	2.147	0.212	-0.047	0.340	1.377	1.333	1.652	-0.061	0.718	-1.732	2.229	1.204	0.819	0.373	-1.362
Lysobacter_OAE881	ABIE51_RS09990	ABIE51_RS09990		oxidoreductase	-0.810	-1.222	1.373	-0.955	-0.251	-1.010	-0.054	-0.379	-0.390	0.253	0.736	0.423	0.577	0.619	-0.296	0.841	0.911	-1.033	0.278	-0.165	0.172	0.349	-0.332	-0.421	-0.244
Lysobacter_OAE881	ABIE51_RS09995	ABIE51_RS09995		pseudouridine synthase	0.154	0.887	-0.532	-0.056	0.660	1.042	1.070	2.335	1.172	0.578	1.272	-0.532	0.036	1.343	0.372	2.153	0.043	1.481	0.316	1.033	0.970	0.577	0.138	1.780	1.008
Lysobacter_OAE881	ABIE51_RS10000	ABIE51_RS10000		response regulator transcription factor	0.881	-0.146	-0.843	-1.134	-0.820	-0.357	1.916	-0.357	1.113	1.487	0.779	-0.122	0.351	2.349	-0.550	0.057	0.268	2.078	1.248	-0.426	-0.283	-1.153	0.474	0.245	0.560
Lysobacter_OAE881	ABIE51_RS10005	ABIE51_RS10005		sensor histidine kinase KdpD	-0.816	-0.576	0.762	0.634	-0.927	0.389	0.166	-0.050	0.073	1.288	1.638	-0.130	1.464	0.364	0.751	-0.761	0.655	-0.464	1.464	0.058	-1.023	0.920	0.157	0.853	-0.685
Lysobacter_OAE881	ABIE51_RS10010	ABIE51_RS10010		potassium-transporting ATPase subunit KdpC	-1.127	-0.034	-1.803	0.945	-1.065	0.281	-0.479	-0.848	-0.452	0.841	1.058	-1.457	-0.898	-0.496	0.023	-0.042	-1.247	-1.131	-0.034	-1.277	0.229	-1.037	-0.551	-1.622	0.657
Lysobacter_OAE881	ABIE51_RS10015	ABIE51_RS10015		potassium-transporting ATPase subunit KdpB	0.865	2.211	0.719	0.508	0.235	0.928	1.815	1.063	1.378	0.868	-0.851	1.370	2.852	0.935	0.567	1.351	0.668	1.386	3.167	0.894	2.049	1.134	1.299	0.300	2.359
Lysobacter_OAE881	ABIE51_RS10020	ABIE51_RS10020		potassium-transporting ATPase subunit KdpA	0.721	0.901	0.632	-0.583	-0.523	0.019	0.275	-0.654	0.608	0.367	-0.317	1.155	1.068	0.649	-0.596	0.523	0.281	0.861	-0.471	1.093	0.294	-0.034	0.278	1.068	-0.201
Lysobacter_OAE881	ABIE51_RS10025	ABIE51_RS10025		potassium-transporting ATPase subunit F	0.004	-0.906	-0.645	0.226	-0.088	-0.852	-0.201	-1.377	0.397	1.178	1.063	-0.748	-0.039	0.707	0.346	-0.419	-0.386	-1.811	-0.282	-0.255	-0.288	-0.943	-0.270	0.163	0.079
Lysobacter_OAE881	ABIE51_RS10030	ABIE51_RS10030		TorF family putative porin	-0.132	-0.580	-0.432	0.315	-1.080	0.876	0.310	1.968	-0.690	-1.848	0.411	-0.008	-0.739	0.295	0.197	-0.777	0.121	0.283	-0.459	0.414	0.857	1.415	-0.002	0.041	-1.572
Lysobacter_OAE881	ABIE51_RS10035	ABIE51_RS10035		glyoxylate/hydroxypyruvate reductase A	-0.081	0.394	-0.630	-0.420	-1.366	-0.875	-1.259	-1.575	-0.435	-1.293	-0.393	-0.073	-0.319	-0.796	-0.946	-0.128	0.814	-1.016	0.965	1.351	-0.335	-0.405	-0.899	-0.753	-0.935
Lysobacter_OAE881	ABIE51_RS10040	ABIE51_RS10040		Ohr family peroxiredoxin	-0.163	-1.497	-0.423	-0.992	-1.812	-0.496	-0.536	-0.544	-0.681	-1.495	-1.362	1.054	-1.855	0.201	-1.339	-1.034	0.119	-1.061	-0.508	-0.415	0.771	-0.073	-0.930	-2.165	-2.422
Lysobacter_OAE881	ABIE51_RS10045	ABIE51_RS10045		ferritin-like domain-containing protein	-1.793	-1.893	0.142	-0.202	-0.197	0.541	-2.256	1.189	-0.976	0.435	-1.090	-0.917	0.674	-1.097	1.014	0.893	0.322	-0.543	-1.066	0.714	1.487	-3.160	-1.374	-0.947	-0.121
Lysobacter_OAE881	ABIE51_RS10050	ABIE51_RS10050		aldo/keto reductase	-0.242	1.239	1.633	-0.634	-0.803	0.644	-0.556	-0.497	0.916	-0.728	0.929	0.539	0.438	-0.012	0.084	-0.848	-0.148	0.429	0.006	1.451	0.140	-0.676	1.213	-0.339	0.339
Lysobacter_OAE881	ABIE51_RS10055	ABIE51_RS10055		glucose 1-dehydrogenase	-0.202	-0.342	0.287	-0.961	0.455	-0.293	-0.087	0.502	0.354	0.924	0.105	-0.152	0.177	-0.987	-0.324	-0.327	-1.323	0.755	0.828	-0.342	0.417	-0.597	-0.386	1.133	-0.412
Lysobacter_OAE881	ABIE51_RS10060	ABIE51_RS10060		alpha/beta hydrolase	-0.094	-0.447	-0.160	0.394	0.738	-1.158	1.015	0.488	-1.048	0.541	0.306	0.684	0.674	-0.642	0.419	-0.551	0.287	0.413	0.386	0.568	0.768	-0.007	0.402	0.489	-0.648
Lysobacter_OAE881	ABIE51_RS10065	ABIE51_RS10065		hypothetical protein	1.191	0.166	1.279	0.744	0.126	-0.150	-1.195	1.022	-0.016	0.954	2.219	0.423	0.678	-0.629	1.125	0.586	0.830	0.999	0.442	-0.063	-0.961	0.813	0.648	-0.199	-0.135
Lysobacter_OAE881	ABIE51_RS10070	ABIE51_RS10070		basic amino acid/polyamine antiporter	1.160	0.639	-0.391	0.668	0.793	-0.279	-1.408	1.196	0.739	-0.881	0.917	-0.073	0.054	0.389	-0.396	-0.532	0.096	1.191	0.341	-0.753	1.041	-1.737	1.171	-0.263	2.077
Lysobacter_OAE881	ABIE51_RS10075	ABIE51_RS10075		basic amino acid/polyamine antiporter	0.520	1.325	1.503	-0.001	1.487	0.998	0.663	1.931	0.764	1.927	0.666	1.006	0.751	0.834	0.921	1.664	0.950	1.255	1.379	2.258	1.403	2.402	0.936	1.464	-0.065
Lysobacter_OAE881	ABIE51_RS10080	ABIE51_RS10080		arginine deiminase	0.222	0.621	0.408	0.925	0.231	0.333	0.690	0.892	0.804	1.338	0.733	0.227	-1.205	0.214	0.613	0.226	0.482	0.323	2.357	1.396	0.882	0.575	0.394	1.061	-0.597
Lysobacter_OAE881	ABIE51_RS10090	ABIE51_RS10090		efflux RND transporter permease subunit	0.199	-0.802	0.360	-2.010	-0.966	0.091	-2.301	0.275	-0.228	0.948	1.945	0.734	0.418	0.216	-0.210	0.012	-1.238	0.813	-0.124	-1.837	-0.130	-0.189	-0.440	-0.140	-0.526
Lysobacter_OAE881	ABIE51_RS10095	ABIE51_RS10095		Na+/H+ antiporter subunit E	1.295	-1.819	-1.524	-0.494	-0.913	-1.066	-0.167	-0.620	-0.962	-0.018	0.085	-1.297	-0.617	-1.610	-0.049	-1.028	-1.050	-1.265	-0.118	1.372	-0.411	0.194	-1.314	-1.064	-0.267
Lysobacter_OAE881	ABIE51_RS10110	ABIE51_RS10110		hydrogenase subunit MbhD domain-containing protein	-0.250	-0.731	1.191	1.757	0.393	0.107	-0.205	0.831	1.227	0.072	0.441	1.324	-1.135	0.064	1.847	0.413	1.429	0.155	1.084	1.645	1.497	0.040	-0.184	-0.039	-0.316
Lysobacter_OAE881	ABIE51_RS10115	ABIE51_RS10115		NADH-quinone oxidoreductase subunit K	0.826	1.184	0.470	0.215	0.633	-1.616	-1.184	0.374	-0.806	1.525	1.229	-0.493	-0.265	0.086	0.093	-0.018	0.311	-0.519	-0.140	0.622	-1.612	-2.742	-0.994	-0.531	-0.920
Lysobacter_OAE881	ABIE51_RS10120	ABIE51_RS10120		proton-conducting transporter membrane subunit	-2.834	0.557	0.302	-0.417	-0.403	-0.790	1.271	-2.051	-1.060	-1.495	-0.274	0.029	-1.568	-0.577	0.452	0.486	-0.623	-1.365	-0.601	-0.500	-0.066	-0.460	0.538	-0.042	-1.188
Lysobacter_OAE881	ABIE51_RS10125	ABIE51_RS10125		proton-conducting transporter membrane subunit	-0.475	-0.398	0.155	1.336	0.496	-0.553	0.388	0.448	0.226	0.342	0.258	-0.914	-1.070	0.766	0.437	-0.063	-0.661	-0.597	0.620	1.160	1.590	-0.436	0.545	-0.184	0.182
Lysobacter_OAE881	ABIE51_RS10130	ABIE51_RS10130		efflux transporter outer membrane subunit	1.128	0.281	-0.445	-0.610	0.634	-1.493	0.188	0.584	0.327	-0.356	1.580	-0.523	-1.762	1.559	-0.542	0.138	-1.101	0.744	0.043	-0.651	-0.464	-0.437	-0.210	0.503	0.234
Lysobacter_OAE881	ABIE51_RS10135	ABIE51_RS10135		patatin-like phospholipase family protein	-1.035	-0.824	-0.617	0.325	-2.165	-0.977	-0.982	-2.289	-0.895	0.303	-0.553	-0.236	-0.514	-1.723	1.391	-0.073	-0.587	1.632	-0.734	-0.608	0.535	-0.537	-1.461	-0.329	-1.114
Lysobacter_OAE881	ABIE51_RS10140	ABIE51_RS10140		sugar MFS transporter	-1.052	-0.421	-0.823	-0.074	-0.422	0.658	-0.403	-7.025	-1.221	-1.718	-3.103	-1.717	-0.327	0.660	0.298	-0.996	-1.056	-0.562	-9.387	0.391	0.195	-1.813	-0.674	-1.156	-1.370
Lysobacter_OAE881	ABIE51_RS10145	ABIE51_RS10145		polysaccharide deacetylase family protein	0.960	0.562	0.611	1.279	1.600	-3.564	0.037	-0.276	0.840	0.058	5.919	-0.515	0.670	1.309	0.345	-0.129	0.695	-2.234	-0.366	-0.586	0.474	-1.079	0.660	2.211	0.230
Lysobacter_OAE881	ABIE51_RS10150	ABIE51_RS10150		glycoside hydrolase family 3 N-terminal domain-containing protein	0.586	-0.699	-0.095	0.189	-0.730	-3.706	-1.141	-1.726	-0.707	-2.406	4.297	-0.606	1.659	0.880	-0.987	-0.285	0.208	-1.535	-1.744	-0.853	0.234	-0.389	-0.207	-0.476	-1.411
Lysobacter_OAE881	ABIE51_RS10155	ABIE51_RS10155		LacI family DNA-binding transcriptional regulator	0.313	1.547	1.063	-0.201	0.823	-4.697	1.747	0.818	0.806	1.392	11.737	0.584	0.260	1.029	1.318	0.605	0.847	-3.475	2.065	0.452	0.467	1.756	0.169	0.974	0.203
Lysobacter_OAE881	ABIE51_RS10160	ABIE51_RS10160		TonB-dependent receptor	-0.009	0.710	0.098	1.013	0.303	-0.676	1.406	0.773	0.873	0.985	4.320	0.375	-0.601	0.446	0.699	0.632	-0.445	-0.056	1.240	0.439	0.290	-0.585	0.321	1.133	-0.165
Lysobacter_OAE881	ABIE51_RS10165	ABIE51_RS10165		SapC family protein	-1.186	0.521	-0.681	-1.296	1.622	-1.429	-0.542	-0.913	-0.872	0.770	3.028	-0.965	1.491	-1.294	1.292	0.348	0.050	0.754	-1.003	0.018	0.167	-0.469	0.439	0.402	-1.601
Lysobacter_OAE881	ABIE51_RS10170	ABIE51_RS10170		cupin-like domain-containing protein	-0.741	-1.838	0.173	0.271	0.104	0.199	0.495	0.309	0.294	1.852	3.952	-0.427	0.344	-0.151	0.391	-0.067	-0.413	-0.381	0.264	0.219	-0.812	-1.832	0.308	0.752	-0.169
Lysobacter_OAE881	ABIE51_RS10175	ABIE51_RS10175		tryptophan halogenase family protein	0.684	0.098	0.866	-0.217	-0.215	-0.790	-0.950	-0.319	0.491	0.207	0.802	0.240	-0.197	-0.447	-0.239	-0.479	0.565	-0.577	0.583	0.799	0.008	2.229	0.078	0.534	-1.711
Lysobacter_OAE881	ABIE51_RS10180	ABIE51_RS10180		cellulase family glycosylhydrolase	0.059	-0.018	0.255	-0.547	-0.419	-0.803	1.667	-1.312	-1.147	-0.837	-1.980	0.706	0.794	-0.296	0.198	-0.814	0.063	0.854	0.035	-0.701	-0.062	-0.231	-0.378	0.217	-1.325
Lysobacter_OAE881	ABIE51_RS10195	ABIE51_RS10195		anti-sigma regulatory factor	1.027	0.456	0.623	2.698	0.822	0.530	0.774	-0.078	-0.426	0.834	0.746	-0.306	0.472	1.363	1.581	-0.348	0.648	0.167	1.099	0.469	-1.117	1.574	0.981	0.090	-0.609
Lysobacter_OAE881	ABIE51_RS10200	ABIE51_RS10200		SpoIIE family protein phosphatase	0.626	-0.229	-0.675	-0.155	0.834	-0.362	0.340	-1.063	-0.077	1.526	1.021	0.155	-1.041	0.155	-0.693	0.804	0.488	-1.596	-0.257	-0.555	-0.051	0.210	0.265	0.543	0.393
Lysobacter_OAE881	ABIE51_RS10205	ABIE51_RS10205		HAMP domain-containing sensor histidine kinase	0.349	0.064	-1.079	-1.244	-1.178	0.751	0.843	-1.016	0.073	-1.882	1.179	-0.620	-0.768	-0.890	-0.417	-1.085	-0.096	-1.459	-0.145	-1.514	-0.297	0.828	-0.710	-0.344	1.199
Lysobacter_OAE881	ABIE51_RS10210	ABIE51_RS10210		response regulator	0.663	-1.572	-0.766	1.693	0.493	-0.960	0.345	0.799	-1.894	-0.584	0.784	-0.292	-1.344	-0.639	-1.073	1.158	-1.221	-0.328	0.689	0.095	0.072	-0.565	0.259	-0.090	0.132
Lysobacter_OAE881	ABIE51_RS10215	ABIE51_RS10215		gluconokinase, GntK/IdnK-type	-0.013	-0.203	-0.847	-1.030	-1.360	-0.747	-1.551	-0.328	-0.658	0.347	-0.804	0.881	-0.945	1.097	0.463	-0.731	-2.778	0.653	-0.473	-1.402	-0.582	-2.500	0.507	-0.668	-0.294
Lysobacter_OAE881	ABIE51_RS10220	ABIE51_RS10220		SDR family oxidoreductase	1.350	0.328	0.127	1.389	-0.146	0.340	-0.061	0.562	1.607	1.598	0.078	-0.617	0.147	0.891	-0.248	1.144	0.902	-0.508	1.730	-0.779	-0.015	0.828	1.701	0.046	-0.587
Lysobacter_OAE881	ABIE51_RS10225	ABIE51_RS10225		NAD(P)H-hydrate dehydratase	-0.395	1.378	-0.354	-3.421	0.036	0.153	0.034	-1.668	-0.245	-0.358	0.526	-0.050	-2.325	-0.128	0.400	0.064	1.014	-0.267	-0.695	0.567	0.480	-0.704	-1.877	-0.215	-1.707
Lysobacter_OAE881	ABIE51_RS10230	ABIE51_RS10230		histidine phosphatase family protein	-0.710	-0.200	-0.071	-1.301	0.204	0.414	0.123	0.784	0.588	1.518	0.006	0.243	0.084	-0.448	1.103	0.547	1.290	1.184	-0.297	-0.057	0.023	0.878	-0.640	-0.083	-0.180
Lysobacter_OAE881	ABIE51_RS10235	ABIE51_RS10235		pyridoxamine 5'-phosphate oxidase family protein	-0.786	-0.469	-0.511	-0.213	0.201	-0.023	-0.690	-0.139	-0.427	-1.079	-0.989	-0.409	0.412	-0.678	0.015	0.166	0.411	-1.225	0.541	-0.038	-0.220	0.153	-0.734	1.593	-0.203
Lysobacter_OAE881	ABIE51_RS10240	ABIE51_RS10240		hemerythrin domain-containing protein	-0.589	0.634	-0.540	0.268	-1.356	0.218	1.201	0.226	-0.882	-0.338	1.554	-0.567	0.323	-0.113	-1.083	-0.591	0.223	-0.404	0.153	0.741	0.492	0.070	0.320	0.188	-0.278
Lysobacter_OAE881	ABIE51_RS10245	ABIE51_RS10245		hypothetical protein	1.912	-0.161	-0.373	-0.145	-0.751	-0.058	-0.742	-0.394	-0.809	-0.687	-0.215	-0.611	-1.065	-1.995	-0.713	-1.199	-0.470	0.441	0.578	-0.640	-0.944	-1.750	0.308	-0.004	-1.327
Lysobacter_OAE881	ABIE51_RS10250	ABIE51_RS10250		YetF domain-containing protein	-1.315	-0.379	-0.423	-1.078	-1.380	0.344	-1.280	-0.163	0.827	0.450	-0.923	0.317	0.637	-0.574	-1.553	-0.489	-0.248	0.057	-1.549	0.384	0.572	-0.187	-1.044	-1.137	0.311
Lysobacter_OAE881	ABIE51_RS10255	ABIE51_RS10255		FAD-dependent oxidoreductase	0.704	-0.001	-1.408	-1.655	-0.806	-0.454	0.281	-1.551	0.741	-0.491	0.285	-0.042	-0.127	-1.009	0.140	-0.055	0.636	-1.089	-0.139	-0.380	1.301	0.170	-0.347	-1.078	-1.063
Lysobacter_OAE881	ABIE51_RS10260	ABIE51_RS10260		glycogen debranching N-terminal domain-containing protein	-1.258	-0.126	-0.552	-0.926	0.420	-0.319	-1.582	-0.570	0.697	-0.449	-0.088	-1.073	-0.960	-0.007	0.295	0.617	1.413	-0.798	-0.391	-0.171	-0.075	0.144	-1.194	0.783	-0.665
Lysobacter_OAE881	ABIE51_RS10265	ABIE51_RS10265		sensory rhodopsin transducer	-0.729	-0.328	-0.823	-0.289	-1.038	-0.690	0.632	1.303	0.429	-0.544	-1.557	-0.332	0.120	-0.762	0.510	0.766	1.705	0.967	0.605	0.909	0.382	-0.351	1.705	-0.518	0.507
Lysobacter_OAE881	ABIE51_RS10270	ABIE51_RS10270		TIGR03885 family FMN-dependent LLM class oxidoreductase	-0.209	-0.023	0.301	-0.041	0.911	-0.904	1.416	-1.301	-0.627	-0.358	-2.932	0.637	0.383	-1.160	-1.129	-1.798	-1.206	-1.700	-1.022	-1.071	-0.979	-0.164	1.287	-0.345	-3.100
Lysobacter_OAE881	ABIE51_RS10275	ABIE51_RS10275		PAS domain S-box protein	1.106	-0.851	0.902	-0.415	0.232	-0.095	0.709	-0.055	0.222	-0.699	0.147	-0.346	-0.733	-0.376	-0.838	0.234	0.558	-0.378	0.280	-0.896	0.105	0.470	0.221	0.662	0.804
Lysobacter_OAE881	ABIE51_RS10280	ABIE51_RS10280		LysR substrate-binding domain-containing protein	0.618	-0.890	-0.375	-0.331	0.504	-0.063	0.248	-1.655	-1.141	0.541	-0.960	-0.311	-0.817	0.626	-0.221	0.083	-0.223	-0.633	-1.832	0.299	2.022	0.700	-0.838	0.839	-0.507
Lysobacter_OAE881	ABIE51_RS10285	ABIE51_RS10285		SDR family oxidoreductase	0.159	-0.424	-1.521	-0.043	-0.854	0.692	-1.301	0.460	0.428	-0.229	-0.398	-0.752	-1.044	-0.202	-0.653	-0.473	-0.347	-0.939	-0.205	1.205	-0.072	0.119	0.023	1.187	0.597
Lysobacter_OAE881	ABIE51_RS10295	ABIE51_RS10295		LysR substrate-binding domain-containing protein	0.122	0.006	0.393	1.129	0.963	-0.131	0.208	0.162	-0.501	-0.778	-0.325	-0.766	0.700	0.188	-1.144	-0.096	0.351	0.266	-0.805	0.170	1.325	-0.108	-0.228	1.583	0.589
Lysobacter_OAE881	ABIE51_RS10300	ABIE51_RS10300		RidA family protein	-1.249	-3.093	0.068	0.389	-0.473	-0.950	-0.620	-0.013	-0.079	0.321	-0.003	-0.692	0.184	-0.197	-1.499	0.276	-1.401	-0.230	0.607	-0.321	-1.594	-0.773	-0.163	-0.851	1.222
Lysobacter_OAE881	ABIE51_RS10305	ABIE51_RS10305		alpha/beta hydrolase	0.145	-0.374	1.987	0.064	1.326	-0.023	0.651	1.171	0.788	-0.518	0.020	1.959	-0.898	1.324	0.790	0.705	-0.387	0.673	-0.656	-0.356	-0.623	1.052	-0.050	0.425	-0.380
Lysobacter_OAE881	ABIE51_RS10310	ABIE51_RS10310		DUF885 domain-containing protein	-0.864	0.760	0.434	-0.056	0.447	0.442	1.649	0.697	1.335	1.428	0.141	0.377	1.676	0.806	-0.496	0.073	0.672	-0.348	2.200	-0.119	0.838	1.764	1.306	0.385	-0.158
Lysobacter_OAE881	ABIE51_RS10315	ABIE51_RS10315		triple tyrosine motif-containing protein	0.181	0.990	0.783	1.381	0.168	0.122	0.609	0.716	0.883	0.540	-0.095	0.501	1.078	0.216	-0.023	0.295	-0.710	0.434	0.050	-0.187	0.924	0.257	0.303	-0.198	-0.715
Lysobacter_OAE881	ABIE51_RS10320	ABIE51_RS10320		response regulator transcription factor	-0.937	-1.214	-0.083	-0.230	-0.076	-0.427	0.232	-1.085	-1.511	-0.661	-0.921	-2.308	-1.353	1.220	-0.403	-0.448	-0.362	0.614	-0.161	-1.034	-0.863	-0.605	-0.527	-0.404	-3.438
Lysobacter_OAE881	ABIE51_RS10325	ABIE51_RS10325		response regulator transcription factor	-0.246	-1.148	0.352	-0.105	-0.823	-0.048	1.269	-0.023	1.003	-0.299	-0.133	0.526	0.466	0.361	-0.112	0.271	1.528	-0.201	0.577	1.071	-0.470	-0.616	0.172	0.174	-0.195
Lysobacter_OAE881	ABIE51_RS10330	ABIE51_RS10330		winged helix-turn-helix domain-containing protein	0.343	-0.181	0.021	0.340	0.064	-0.228	-0.203	-0.313	-0.763	1.108	0.916	0.674	-0.564	-0.554	0.146	-0.216	-0.264	-0.229	-0.167	0.372	-0.492	0.391	-0.202	0.523	-1.161
Lysobacter_OAE881	ABIE51_RS10335	ABIE51_RS10335		alpha/beta hydrolase	-0.118	1.343	-1.344	-0.392	0.785	-0.318	0.211	-0.862	-1.041	-0.525	0.612	-0.661	-0.564	-0.504	0.108	0.166	0.398	-1.426	-0.084	-0.300	-0.046	1.226	-0.059	-0.059	-1.226
Lysobacter_OAE881	ABIE51_RS10340	ABIE51_RS10340		oxidoreductase	-0.173	0.067	-0.359	-1.148	-0.647	-0.195	0.902	-0.589	0.263	0.222	-0.401	-0.347	-0.842	-0.409	-1.143	-0.193	-0.129	-0.538	-1.461	0.437	0.724	0.781	1.477	1.095	-0.608
Lysobacter_OAE881	ABIE51_RS10345	ABIE51_RS10345		type 1 glutamine amidotransferase domain-containing protein	-2.063	-0.415	-1.619	0.091	-2.174	-0.304	-1.089	-0.509	-1.593	-0.290	-1.196	-0.701	-1.409	-1.298	0.627	-1.352	0.152	0.022	-2.319	-0.488	0.720	-1.665	0.513	-0.310	0.380
Lysobacter_OAE881	ABIE51_RS10350	ABIE51_RS10350		NAD(P)-dependent alcohol dehydrogenase	1.480	0.544	1.226	-0.103	1.292	-0.217	0.543	0.173	0.195	-0.426	-0.189	-0.017	-0.345	1.002	0.036	-0.130	0.212	0.595	1.358	0.429	-1.130	0.077	-0.651	-1.394	-0.259
Lysobacter_OAE881	ABIE51_RS10355	ABIE51_RS10355		aldehyde dehydrogenase family protein	-0.629	-0.388	-1.717	0.090	-0.794	-1.610	-1.768	-0.493	-1.098	0.345	-1.485	-1.889	-1.249	-2.013	-2.194	-1.440	-0.829	-0.574	-0.988	1.170	-2.035	0.822	-0.767	-0.597	0.840
Lysobacter_OAE881	ABIE51_RS10360	ABIE51_RS10360		monovalent cation:proton antiporter-2 (CPA2) family protein	0.272	0.167	1.561	-0.381	-0.714	-2.521	0.112	-1.089	-0.117	-0.607	-0.329	-0.237	-1.587	0.467	-0.290	0.305	-1.042	1.664	1.318	-0.753	1.376	0.061	1.614	-0.371	-0.118
Lysobacter_OAE881	ABIE51_RS10365	ABIE51_RS10365		hypothetical protein	-0.276	0.521	1.544	-0.256	-0.747	2.245	0.420	0.630	0.239	1.169	1.162	0.166	-0.262	0.708	0.120	1.412	0.931	1.162	1.078	0.360	0.620	1.012	0.736	0.191	1.726
Lysobacter_OAE881	ABIE51_RS10370	ABIE51_RS10370		L-dopachrome tautomerase-related protein	0.442	-0.742	-0.605	0.976	-1.595	0.588	0.049	0.052	-0.020	-0.186	-0.232	-0.070	-2.112	1.185	0.546	0.006	-0.755	-0.459	-0.267	-1.144	1.243	-0.570	-0.396	-1.320	0.496
Lysobacter_OAE881	ABIE51_RS10375	ABIE51_RS10375		glycine betaine ABC transporter substrate-binding protein	0.202	0.769	0.439	0.488	-0.613	0.160	-0.388	-0.872	0.070	0.213	0.944	0.525	1.321	0.004	0.907	0.532	1.311	0.953	0.661	1.246	-0.130	0.565	0.920	0.683	0.359
Lysobacter_OAE881	ABIE51_RS10380	ABIE51_RS10380		putative quinol monooxygenase	-2.255	-0.467	0.993	-0.202	1.626	1.085	-0.847	-1.507	0.330	-0.085	-1.049	-1.339	-0.024	-0.165	-0.109	-0.586	0.488	-0.845	0.192	0.532	-0.337	0.542	0.488	0.542	-0.625
Lysobacter_OAE881	ABIE51_RS10385	ABIE51_RS10385		VOC family protein	1.464	2.161	-0.208	-0.839	1.654	0.906	0.420	1.589	0.558	1.101	1.019	1.297	0.821	1.658	-0.801	1.741	-0.798	1.731	1.579	1.023	0.484	-0.353	1.678	2.284	1.492
Lysobacter_OAE881	ABIE51_RS10390	ABIE51_RS10390		alpha/beta hydrolase	0.156	0.023	-0.531	0.138	-0.598	1.204	0.027	0.912	1.064	-1.294	-0.837	-0.473	0.202	0.098	-0.936	0.187	0.341	-0.885	-0.138	0.507	-1.065	1.799	0.760	0.402	0.346
Lysobacter_OAE881	ABIE51_RS10395	ABIE51_RS10395		pyridoxamine 5'-phosphate oxidase family protein	-0.061	-0.007	-2.629	-1.484	-1.707	-1.284	-0.771	0.348	-1.205	-0.435	-0.957	-0.697	-0.079	0.437	-2.148	-0.353	-1.873	-0.226	0.405	-1.526	-0.516	-1.963	0.715	0.323	-1.851
Lysobacter_OAE881	ABIE51_RS10400	ABIE51_RS10400		choice-of-anchor Q domain-containing protein	0.248	0.569	-0.005	-0.627	0.337	-0.932	-0.328	-0.267	-0.738	0.685	-0.035	-0.602	0.904	1.039	0.794	-0.353	1.516	1.031	0.811	-1.602	0.006	-1.122	0.601	0.840	-1.517
Lysobacter_OAE881	ABIE51_RS10405	ABIE51_RS10405		choice-of-anchor Q domain-containing protein	0.460	0.373	-0.204	-1.558	0.240	0.561	-2.440	-1.285	-2.176	-0.314	-0.048	0.713	-0.133	-0.402	-0.151	-2.271	-1.007	-1.041	-0.414	-0.823	-0.537	0.127	-0.646	-1.167	-0.248
Lysobacter_OAE881	ABIE51_RS10410	ABIE51_RS10410		hypothetical protein	0.636	0.228	-0.718	-0.515	-0.834	1.626	-0.209	0.919	-0.310	0.138	0.306	-0.385	-1.365	1.055	0.943	-0.307	0.795	-1.477	-0.503	-0.031	1.282	-0.111	0.811	0.324	-0.238
Lysobacter_OAE881	ABIE51_RS10415	ABIE51_RS10415		alpha/beta fold hydrolase	1.399	0.924	0.610	1.115	1.321	1.603	2.532	-0.087	-0.077	0.398	2.620	1.003	-0.100	0.696	1.643	0.759	-0.350	1.396	0.322	-0.111	-0.063	-0.099	1.967	0.309	-0.876
Lysobacter_OAE881	ABIE51_RS10420	ABIE51_RS10420		HXXEE domain-containing protein	-0.373	-1.317	-0.450	0.004	-0.425	0.311	-1.705	-0.397	1.218	-0.419	-1.371	-1.342	-0.654	0.604	0.447	-1.091	-0.522	-0.954	-0.990	-0.505	-0.372	0.595	-0.095	-0.144	0.242
Lysobacter_OAE881	ABIE51_RS10425	ABIE51_RS10425		DUF4136 domain-containing protein	-0.766	-0.766	-1.671	0.168	-0.793	-0.079	-1.052	-0.951	-1.521	0.493	-1.188	-0.433	-1.283	-0.512	-0.881	0.730	-0.425	-0.367	-1.227	-1.031	-0.389	0.668	0.294	-1.364	-0.714
Lysobacter_OAE881	ABIE51_RS10430	ABIE51_RS10430		hypothetical protein	0.120	0.538	0.268	-0.617	2.007	0.179	1.500	0.695	-0.328	-1.155	-1.826	-0.836	-0.249	0.829	1.063	0.485	0.953	1.969	0.790	0.675	1.236	-0.816	0.115	0.244	-0.165
Lysobacter_OAE881	ABIE51_RS10435	ABIE51_RS10435		multicopper oxidase domain-containing protein	0.717	0.377	-0.332	-0.712	-1.050	-0.117	-0.545	-1.432	-0.398	-0.152	-0.196	-0.652	-1.783	-0.710	-2.652	-1.513	0.820	-1.226	-0.354	0.064	-0.035	0.005	0.464	-0.578	-0.432
Lysobacter_OAE881	ABIE51_RS10440	ABIE51_RS10440		hypothetical protein	-0.356	-0.155	-0.617	-0.762	0.516	0.220	-0.256	-0.306	-0.923	-0.687	-0.270	-0.954	0.240	-1.387	1.295	0.532	2.610	-0.376	0.167	0.949	-0.129	-0.682	0.362	1.286	0.375
Lysobacter_OAE881	ABIE51_RS10445	ABIE51_RS10445		SCO family protein	-0.424	-0.159	0.441	0.166	-0.276	1.530	-0.940	0.729	-0.198	0.951	0.316	1.137	0.466	0.880	-0.372	0.119	1.318	0.474	0.535	1.489	-0.667	-0.751	-0.375	0.762	0.703
Lysobacter_OAE881	ABIE51_RS10450	ABIE51_RS10450		FAD-dependent oxidoreductase	0.783	0.027	1.289	-1.216	0.324	1.862	-0.307	0.192	0.466	1.894	0.199	1.441	0.104	-1.423	0.433	0.719	-0.350	0.576	0.967	-0.576	-1.692	1.329	1.824	0.473	0.560
Lysobacter_OAE881	ABIE51_RS10460	ABIE51_RS10460		Na+:solute symporter	0.802	-0.057	-0.607	0.138	1.265	-1.453	0.058	0.087	-1.005	0.544	-1.088	0.063	0.962	-1.167	-1.110	-1.216	0.282	0.033	0.152	0.751	0.774	0.187	0.244	-1.136	0.777
Lysobacter_OAE881	ABIE51_RS10465	ABIE51_RS10465		TonB-dependent receptor	-0.252	0.318	-0.008	-0.271	0.603	0.554	0.378	-0.474	-1.000	0.920	-0.318	-0.124	-0.894	0.797	-0.255	0.528	-0.229	2.076	1.018	-0.352	-0.030	-0.051	-0.563	0.170	-1.363
Lysobacter_OAE881	ABIE51_RS10470	ABIE51_RS10470		SMP-30/gluconolactonase/LRE family protein	0.611	-0.941	-4.783	-1.521	-3.805	-4.977	-0.665	-8.571	-2.590	-0.050	-0.279	-1.885	-1.914	-2.962	-1.507	-5.742	-4.490	-6.233	-7.341	-3.554	-2.990	-0.472	-5.840	1.414	1.184
Lysobacter_OAE881	ABIE51_RS10475	ABIE51_RS10475		SDR family oxidoreductase	-0.429	0.129	-1.176	-0.379	-1.345	-0.230	-1.051	-0.589	-1.238	0.557	0.029	-0.039	0.180	0.102	0.596	0.048	-1.307	-0.290	-0.910	-1.969	1.891	-0.261	0.633	0.460	-0.876
Lysobacter_OAE881	ABIE51_RS10480	ABIE51_RS10480		helix-turn-helix domain-containing protein	0.361	0.547	-0.250	0.505	1.627	-0.126	-0.965	-0.623	-0.273	1.182	-0.259	-0.334	-0.685	-0.444	-0.117	-0.404	-0.010	1.487	0.669	0.238	-0.566	-0.227	-1.212	-0.723	-1.455
Lysobacter_OAE881	ABIE51_RS10490	ABIE51_RS10490		serine/threonine protein phosphatase	1.907	0.132	-0.903	0.604	0.986	0.245	2.554	1.259	0.564	-0.123	1.210	0.052	-0.299	0.093	2.074	-0.992	-0.548	-0.934	-0.440	-0.219	0.513	1.755	-0.026	0.614	0.618
Lysobacter_OAE881	ABIE51_RS10495	ABIE51_RS10495		MarC family NAAT transporter	-0.003	0.403	-0.995	0.028	0.675	0.412	0.178	0.162	1.651	-0.692	0.837	0.399	0.705	-0.502	0.423	0.886	1.216	1.590	0.551	0.839	0.513	-0.726	1.477	0.769	-0.456
Lysobacter_OAE881	ABIE51_RS10500	ABIE51_RS10500		hypothetical protein	0.768	0.417	0.092	-0.759	0.637	1.309	-0.590	0.208	1.769	0.832	-0.497	0.329	1.283	0.245	-0.710	-0.382	1.323	0.553	0.668	1.047	0.963	-0.286	0.491	0.759	-0.162
Lysobacter_OAE881	ABIE51_RS10505	ABIE51_RS10505		MFS transporter	-0.150	-0.967	0.322	0.952	1.111	1.843	1.147	-1.194	-0.718	1.990	-0.026	1.453	1.534	-0.836	-0.631	-0.265	1.828	0.401	1.043	-0.317	-0.711	-0.929	-0.052	-0.277	-0.755
Lysobacter_OAE881	ABIE51_RS10510	ABIE51_RS10510		autotransporter outer membrane beta-barrel domain-containing protein	-0.142	0.256	-0.158	0.575	0.882	0.160	-0.651	-0.529	-0.417	-0.081	-0.626	-0.079	0.921	-0.305	-1.517	-0.740	0.006	0.175	-0.110	0.137	0.334	-0.242	0.321	0.508	0.103
Lysobacter_OAE881	ABIE51_RS10515	ABIE51_RS10515		helix-turn-helix domain-containing protein	-1.118	0.824	0.606	0.738	1.045	0.071	-0.111	1.175	1.736	1.634	4.843	-0.305	-0.051	-0.699	-1.393	-0.513	-0.129	0.775	1.257	0.517	-0.201	0.597	1.319	0.664	-0.699
Lysobacter_OAE881	ABIE51_RS10520	ABIE51_RS10520		MFS transporter	-0.162	0.222	-0.586	-1.287	-0.476	-0.398	-0.649	-0.733	-0.503	-0.040	-1.636	-1.000	-1.424	-1.151	-0.800	-0.686	-0.453	-0.471	-1.642	-0.540	-1.215	-0.515	-0.047	-0.511	-1.895
Lysobacter_OAE881	ABIE51_RS10525	ABIE51_RS10525		mandelate racemase/muconate lactonizing enzyme family protein	-0.294	0.560	-0.891	-0.329	-0.143	-0.431	0.639	-0.989	0.215	-1.801	-0.084	-0.577	-2.332	-1.332	-0.994	-1.199	-0.350	-0.720	-1.341	-1.555	-1.856	0.089	0.318	-0.177	0.707
Lysobacter_OAE881	ABIE51_RS10530	ABIE51_RS10530		dihydrodipicolinate synthase family protein	-0.004	0.301	0.395	2.358	0.541	1.343	3.413	0.706	1.791	-1.361	2.508	-0.243	-0.189	0.762	3.601	1.597	0.117	1.775	1.853	1.239	0.785	0.425	1.372	0.845	1.782
Lysobacter_OAE881	ABIE51_RS10535	ABIE51_RS10535		TonB-dependent receptor	0.243	0.826	0.205	1.000	0.003	-0.067	1.094	-0.782	-0.427	-0.228	-0.355	0.870	-0.243	0.170	-0.791	-0.472	0.216	0.778	-0.430	-0.361	-0.098	0.011	-1.118	0.792	-0.044
Lysobacter_OAE881	ABIE51_RS10545	ABIE51_RS10545		2-dehydro-3-deoxygalactonokinase	0.856	0.050	-1.339	0.852	0.188	0.123	-0.589	-0.420	-0.213	1.036	0.835	-0.947	1.140	-0.290	0.777	-0.894	0.466	0.221	0.020	-0.527	-0.338	0.765	-0.365	-0.595	-0.156
Lysobacter_OAE881	ABIE51_RS10550	ABIE51_RS10550		2-dehydro-3-deoxy-6-phosphogalactonate aldolase	-0.721	-0.418	-1.066	0.688	-0.640	-0.170	-0.199	-0.550	-0.706	-1.694	0.705	-1.382	-0.064	-1.082	-1.278	-2.154	-1.039	-0.887	-1.585	-0.753	-0.953	-1.710	-0.373	-0.847	-0.427
Lysobacter_OAE881	ABIE51_RS10555	ABIE51_RS10555		TetR/AcrR family transcriptional regulator	-0.324	0.461	-0.960	-0.221	-0.540	-1.041	-0.349	0.490	-0.553	-0.851	-1.824	-0.492	-1.926	0.532	-0.232	-1.236	-1.024	-0.555	-0.667	-0.807	-0.165	-1.024	-0.236	-0.608	0.203
Lysobacter_OAE881	ABIE51_RS10560	ABIE51_RS10560		alpha/beta fold hydrolase	-0.007	0.985	0.137	0.249	1.731	0.842	-0.208	-1.049	-0.769	-0.249	-1.230	0.499	-0.299	1.180	-0.032	-0.436	0.157	0.701	0.485	0.360	0.126	-0.530	0.589	-2.033	0.600
Lysobacter_OAE881	ABIE51_RS10565	ABIE51_RS10565		hypothetical protein	0.155	0.651	0.221	0.034	0.179	0.931	-0.211	0.915	0.576	-1.420	-0.273	1.384	-0.408	1.224	-0.229	0.285	0.262	-0.440	0.060	1.548	-0.516	0.617	0.466	0.520	0.080
Lysobacter_OAE881	ABIE51_RS10570	ABIE51_RS10570		SMR family transporter	-0.359	0.149	0.643	0.870	0.116	0.575	1.710	-0.802	0.042	0.222	-1.111	-0.399	-0.280	0.404	0.499	0.186	-0.425	0.668	-1.010	-0.930	-2.719	0.162	-0.038	-1.165	0.066
Lysobacter_OAE881	ABIE51_RS10580	ABIE51_RS10580		hypothetical protein	-0.401	0.120	-0.664	0.077	-0.426	0.765	-0.206	-0.097	-0.647	0.142	1.122	0.457	1.518	-0.762	-1.005	-0.803	1.100	2.343	-0.869	0.019	-1.577	-0.029	-0.072	0.227	0.716
Lysobacter_OAE881	ABIE51_RS10585	ABIE51_RS10585		hypothetical protein	-2.810	-0.915	0.894	-0.613	-0.808	0.003	-1.772	0.086	-0.723	-1.053	-0.976	-0.531	-2.282	-0.250	0.344	-0.700	-0.732	0.225	-2.166	-1.142	0.361	-1.231	0.697	-1.083	-0.163
Lysobacter_OAE881	ABIE51_RS10590	ABIE51_RS10590		hypothetical protein	-0.522	0.310	0.282	0.357	-1.351	-1.730	-0.644	-0.246	-0.920	-1.007	-0.021	-0.532	-2.189	-0.751	0.797	0.143	1.281	-1.327	-0.170	0.083	-0.420	0.314	-0.367	0.621	-0.187
Lysobacter_OAE881	ABIE51_RS10600	ABIE51_RS10600		cytochrome b N-terminal domain-containing protein	-1.006	1.326	0.840	1.239	0.112	0.732	1.038	-0.727	1.058	1.925	0.581	0.827	-0.374	0.570	0.855	-0.924	1.659	1.444	-0.141	1.122	-0.417	0.237	0.402	0.438	0.865
Lysobacter_OAE881	ABIE51_RS10605	ABIE51_RS10605		LysR family transcriptional regulator	-1.469	0.111	-0.661	0.259	-0.006	0.898	-0.398	-1.990	0.383	0.342	-1.106	0.781	0.313	-0.215	-0.143	-0.578	-0.182	-0.020	-0.951	-0.500	-0.830	1.154	-0.068	-0.046	1.733
Lysobacter_OAE881	ABIE51_RS10610	ABIE51_RS10610		hypothetical protein	-0.790	1.089	0.734	0.483	3.009	2.056	0.389	0.784	1.123	0.771	1.342	-0.322	0.710	1.456	0.650	0.614	-0.875	-0.249	0.487	-0.986	-0.316	0.160	-0.686	0.086	-0.394
Lysobacter_OAE881	ABIE51_RS10615	ABIE51_RS10615		sensor histidine kinase	-0.251	0.726	-1.111	-0.692	-1.269	-1.368	-0.200	-0.440	-1.088	-0.402	-1.236	0.225	0.287	0.948	0.376	-0.577	0.127	0.023	-0.632	-0.240	-0.984	-1.000	-1.175	0.049	-1.763
Lysobacter_OAE881	ABIE51_RS10620	ABIE51_RS10620		response regulator transcription factor	0.476	-0.015	-0.948	-1.065	-0.939	1.037	0.622	-0.070	-0.913	0.792	-0.506	0.567	0.048	0.561	0.941	-0.555	-0.657	-0.714	0.391	-0.725	-1.077	0.891	-0.327	-1.156	-1.327
Lysobacter_OAE881	ABIE51_RS10625	ABIE51_RS10625		alpha/beta hydrolase	-1.756	-0.119	-0.601	-1.070	0.297	-0.498	-0.284	-0.458	-0.004	-1.160	-0.371	1.359	-0.043	-0.337	-0.051	0.389	1.393	1.660	-0.133	0.091	1.304	-0.808	-1.359	0.311	-1.841
Lysobacter_OAE881	ABIE51_RS10630	ABIE51_RS10630		phospholipase D family protein	-0.150	0.390	0.035	0.670	-1.217	-0.599	-0.259	0.225	0.251	-0.366	-0.852	-0.868	-0.654	-1.699	0.554	-0.648	-0.178	-0.655	-0.082	-0.330	-0.676	-0.918	1.827	-0.648	-0.235
Lysobacter_OAE881	ABIE51_RS10635	ABIE51_RS10635		acyl-CoA dehydrogenase family protein	1.535	0.014	-0.380	0.001	-0.692	1.009	-1.221	-0.539	0.303	1.255	-0.198	1.408	-0.720	-0.288	0.098	0.031	-0.107	0.437	0.384	-0.414	-0.686	0.225	0.734	1.044	-1.259
Lysobacter_OAE881	ABIE51_RS10640	ABIE51_RS10640		TetR/AcrR family transcriptional regulator C-terminal domain-containing protein	-0.496	-1.138	0.120	0.489	-1.273	0.039	0.740	-1.032	-1.344	0.114	-0.088	0.174	1.886	0.786	-0.123	-0.985	-0.993	0.530	1.467	-1.293	0.944	-0.047	0.794	-0.086	-1.581
Lysobacter_OAE881	ABIE51_RS10645	ABIE51_RS10645		TetR/AcrR family transcriptional regulator C-terminal domain-containing protein	0.861	-0.415	-0.060	-1.561	-1.213	-1.160	-0.746	-0.642	-0.662	-1.366	-0.075	-0.627	-1.570	-0.436	-0.131	-1.924	-1.497	-1.161	-0.620	-0.233	-0.110	-1.182	-1.010	0.601	0.117
Lysobacter_OAE881	ABIE51_RS10650	ABIE51_RS10650		HlyD family secretion protein	-0.288	1.051	1.136	0.283	-0.600	-0.136	-0.444	0.903	-0.550	-0.555	0.613	-0.842	-0.271	0.137	0.304	1.102	0.282	1.687	1.114	0.922	-0.897	-0.237	-0.403	0.617	0.884
Lysobacter_OAE881	ABIE51_RS10655	ABIE51_RS10655		DUF2955 domain-containing protein	-0.515	1.447	0.726	0.436	0.555	1.073	-0.622	3.498	0.608	1.590	1.129	-0.136	-1.092	0.804	2.143	0.709	-0.206	1.123	0.021	2.543	0.007	-0.337	1.136	1.493	-0.200
Lysobacter_OAE881	ABIE51_RS10660	ABIE51_RS10660		alternative oxidase	0.115	-0.527	0.820	-0.007	-0.302	-0.499	-0.165	0.316	0.358	0.094	-1.938	-0.589	0.619	0.629	-0.030	0.132	-0.853	0.808	1.699	-0.258	-0.397	-0.370	1.940	-0.574	1.950
Lysobacter_OAE881	ABIE51_RS10665	ABIE51_RS10665		TetR/AcrR family transcriptional regulator	0.461	0.310	0.407	0.231	0.127	1.724	0.468	0.134	0.184	-0.616	0.416	0.482	1.887	0.360	1.448	1.242	-0.986	-0.529	0.018	1.028	-2.244	1.847	-1.399	0.646	-0.864
Lysobacter_OAE881	ABIE51_RS10670	ABIE51_RS10670		LysR family transcriptional regulator	-0.524	-0.128	0.788	0.088	0.788	0.998	-0.907	0.406	0.500	1.647	0.055	-0.676	-0.347	1.511	0.201	0.019	1.179	0.887	0.790	0.160	1.436	0.557	0.114	-0.971	0.004
Lysobacter_OAE881	ABIE51_RS10675	ABIE51_RS10675		cupin domain-containing protein	-0.151	-0.355	0.270	0.584	-0.943	1.278	-0.331	0.159	0.323	0.819	-0.907	-0.948	-0.061	-0.154	0.513	0.629	1.227	-0.740	-0.813	-0.711	0.627	0.788	0.447	-0.899	1.501
Lysobacter_OAE881	ABIE51_RS10680	ABIE51_RS10680		DoxX family protein	-0.339	1.401	2.099	0.759	0.825	0.990	0.231	0.065	1.097	0.415	-0.572	0.551	-0.086	-0.547	0.504	0.390	1.055	1.016	0.198	0.497	-0.942	1.490	-0.377	1.176	1.179
Lysobacter_OAE881	ABIE51_RS10690	ABIE51_RS10690		NAD(P)-binding oxidoreductase	0.899	-0.235	-0.609	-0.253	-2.174	0.681	0.565	0.793	1.295	0.359	-0.358	2.082	1.071	3.124	0.110	1.089	0.363	1.290	0.293	1.070	-1.355	-0.281	0.357	0.903	1.956
Lysobacter_OAE881	ABIE51_RS10695	ABIE51_RS10695		alpha/beta fold hydrolase	-0.350	0.459	1.072	0.309	0.476	-0.296	-0.343	0.298	-0.432	-1.565	0.343	0.689	0.878	1.128	1.292	0.430	-0.732	0.436	0.427	2.140	0.595	1.717	0.635	1.837	1.259
Lysobacter_OAE881	ABIE51_RS10700	ABIE51_RS10700		winged helix-turn-helix domain-containing protein	-0.323	0.859	-0.780	-0.894	0.221	-1.136	0.885	-0.169	0.015	-0.494	-0.410	-0.586	0.615	-1.661	0.844	0.331	1.070	-1.800	-0.152	0.052	-1.462	1.314	0.660	0.175	-0.143
Lysobacter_OAE881	ABIE51_RS10705	ABIE51_RS10705		hypothetical protein	-0.096	-1.407	-0.119	0.045	0.480	0.079	0.609	-0.785	0.708	0.147	0.170	0.336	-0.075	-0.331	-0.481	-0.070	0.564	-2.024	-1.029	-1.291	0.467	-0.354	-0.107	-0.961	0.717
Lysobacter_OAE881	ABIE51_RS10710	ABIE51_RS10710		hypothetical protein	1.956	1.276	-0.069	0.968	0.522	0.244	1.101	1.102	0.280	1.609	-0.099	0.282	1.024	0.344	0.917	-0.081	0.916	-0.459	2.747	-0.161	-0.192	1.217	0.387	0.589	-0.499
Lysobacter_OAE881	ABIE51_RS10715	ABIE51_RS10715		hypothetical protein	-1.059	-0.177	1.135	-0.418	-0.388	1.509	-1.345	0.721	-0.298	-0.295	-0.767	-0.264	0.574	-1.074	0.087	-0.425	0.247	-0.564	0.783	-0.183	-0.061	-0.321	0.816	-0.874	0.148
Lysobacter_OAE881	ABIE51_RS10720	ABIE51_RS10720		hypothetical protein	-1.547	0.435	-0.025	-0.078	-0.486	1.207	0.179	-1.438	0.604	0.355	-1.061	0.333	0.804	0.304	-1.147	-0.145	-0.278	-1.480	0.357	-0.715	0.168	-0.203	0.149	0.034	-0.132
Lysobacter_OAE881	ABIE51_RS10725	ABIE51_RS10725		penicillin-binding protein activator LpoB	0.328	-0.316	0.380	0.505	-0.754	0.738	-0.142	0.680	0.319	-2.865	-1.280	-0.133	0.890	-0.090	1.018	0.054	1.355	1.611	1.506	-0.774	0.185	0.213	-0.873	0.365	-0.042
Lysobacter_OAE881	ABIE51_RS10730	ABIE51_RS10730		zinc-dependent alcohol dehydrogenase	1.431	1.247	-0.204	-0.099	0.172	1.033	-0.097	-0.128	0.700	1.029	-0.084	-0.011	0.129	-0.329	-0.995	0.287	-0.384	0.164	-0.063	0.689	-0.380	0.374	-0.734	0.891	-1.006
Lysobacter_OAE881	ABIE51_RS10740	ABIE51_RS10740		SDR family oxidoreductase	-0.548	-0.712	0.409	0.983	1.205	2.351	0.340	2.128	0.697	-0.279	0.442	1.280	0.178	1.025	1.636	0.113	-1.780	-0.167	-0.271	-1.852	1.196	-0.987	-0.272	-0.305	0.620
Lysobacter_OAE881	ABIE51_RS10750	ABIE51_RS10750		SDR family oxidoreductase	0.888	0.083	0.266	0.315	0.030	0.479	-0.039	-0.124	-0.745	1.184	0.230	1.537	1.234	-0.316	-0.435	0.411	-1.873	0.167	1.003	-1.977	-0.189	-0.039	0.665	0.061	-1.121
Lysobacter_OAE881	ABIE51_RS10755	ABIE51_RS10755		DUF2269 domain-containing protein	-2.195	0.672	0.208	-0.020	-0.860	1.013	1.230	-1.651	0.501	0.730	-0.832	-0.645	-1.165	-0.731	0.940	-0.349	0.146	2.117	-0.938	-0.085	-0.129	0.572	-1.050	-0.546	-0.089
Lysobacter_OAE881	ABIE51_RS10760	ABIE51_RS10760		hypothetical protein	-1.080	-0.085	1.176	-1.125	-0.021	0.006	-0.083	0.455	-0.910	0.137	0.396	-0.382	0.036	-0.712	-0.279	-0.638	0.519	-0.490	-0.141	0.529	1.497	1.130	-0.984	-0.776	0.187
Lysobacter_OAE881	ABIE51_RS10770	ABIE51_RS10770		OBAP family protein	0.076	1.111	-0.250	0.169	1.888	0.722	0.911	0.768	-0.271	1.210	-0.316	0.091	0.228	-0.406	1.325	0.759	0.045	0.125	2.222	0.575	1.009	0.108	0.667	-0.038	2.383
Lysobacter_OAE881	ABIE51_RS10775	ABIE51_RS10775		methanol/ethanol family PQQ-dependent dehydrogenase	-1.349	0.558	0.690	-0.280	0.546	-0.462	-0.732	-0.053	0.627	-0.950	0.398	-0.462	0.308	2.047	-1.553	-0.233	0.493	-0.302	1.561	0.295	-2.632	-0.103	-2.332	-0.912	-1.403
Lysobacter_OAE881	ABIE51_RS10780	ABIE51_RS10780		cytochrome c	-0.949	0.406	-1.231	-1.295	0.357	-0.096	-0.297	-0.375	0.927	-0.570	-1.045	0.549	-0.964	-2.578	0.648	0.806	0.652	0.153	0.671	0.693	-0.157	-0.677	1.220	-0.104	-0.723
Lysobacter_OAE881	ABIE51_RS10785	ABIE51_RS10785		cytochrome c oxidase subunit II	0.747	1.358	3.521	-0.462	1.479	0.961	1.217	1.355	-0.433	2.137	1.099	0.161	1.105	-2.017	-0.871	1.284	-0.059	1.028	-1.044	0.028	1.765	0.225	0.661	3.219	-1.907
Lysobacter_OAE881	ABIE51_RS10790	ABIE51_RS10790		cytochrome c oxidase subunit I	-1.309	-0.145	-0.893	-0.759	-0.829	0.104	-0.579	-0.005	-1.003	-1.189	-0.147	-1.010	0.444	0.295	-1.071	-0.757	-0.932	-1.754	-0.648	-0.865	-1.469	-0.364	-1.066	-0.179	2.552
Lysobacter_OAE881	ABIE51_RS10795	ABIE51_RS10795		cytochrome C oxidase subunit III	-0.353	1.428	1.452	0.996	0.103	1.064	1.876	0.869	0.623	0.656	1.166	0.628	0.271	0.034	1.368	1.240	0.306	0.410	1.288	0.605	0.608	0.258	-0.629	0.221	-0.046
Lysobacter_OAE881	ABIE51_RS10805	ABIE51_RS10805		PQQ-dependent catabolism-associated beta-propeller protein	0.452	0.385	1.217	2.185	-0.753	0.189	1.013	1.773	0.502	-0.037	0.123	1.185	2.443	2.846	-0.165	1.012	-0.073	2.241	1.502	-0.752	0.850	1.511	1.413	-0.141	1.645
Lysobacter_OAE881	ABIE51_RS10810	ABIE51_RS10810		quinoprotein dehydrogenase-associated putative ABC transporter substrate-binding protein	-0.180	-0.326	0.502	-0.011	-0.286	1.748	-1.102	-0.625	1.287	0.803	-0.221	0.620	-1.119	1.185	0.302	0.179	1.587	-0.767	0.775	0.523	-1.213	-0.719	-0.615	-0.596	-0.845
Lysobacter_OAE881	ABIE51_RS10820	ABIE51_RS10820		PAS domain-containing sensor histidine kinase	-0.746	-1.358	-1.088	0.347	-0.843	1.161	-1.240	-2.160	-0.984	-0.715	-2.388	0.072	-2.777	-0.169	0.185	-0.689	-1.354	0.076	0.994	-1.325	-1.395	-0.858	0.109	-0.266	-0.730
Lysobacter_OAE881	ABIE51_RS10830	ABIE51_RS10830		MBL fold metallo-hydrolase	0.962	-0.503	-0.012	0.523	-0.352	-0.181	-1.080	0.532	-0.190	-0.935	0.203	1.268	0.581	-0.206	0.927	-0.742	0.650	-0.305	0.320	-0.541	-0.567	0.259	-0.113	0.191	-0.977
Lysobacter_OAE881	ABIE51_RS10835	ABIE51_RS10835		hypothetical protein	-0.872	-0.464	-0.577	-0.589	-1.649	-0.907	-1.365	0.474	0.926	1.595	-0.141	-1.143	-1.306	-1.698	-1.588	1.175	-1.907	-0.290	0.429	-2.006	-0.585	0.156	-0.006	-1.059	-2.727
Lysobacter_OAE881	ABIE51_RS10840	ABIE51_RS10840		ferritin-like domain-containing protein	-0.207	-0.336	0.116	-0.259	0.667	0.409	-0.536	0.035	-0.961	-0.205	-1.006	-1.103	0.212	0.204	0.335	-0.115	-1.599	0.727	-1.887	0.120	0.103	-0.451	-0.339	0.870	-0.362
Lysobacter_OAE881	ABIE51_RS10845	ABIE51_RS10845		hypothetical protein	0.857	-1.023	-0.338	1.899	0.975	-1.005	-0.014	-0.782	-1.111	-1.541	-0.721	0.660	0.670	0.443	0.654	0.017	-0.266	0.756	-0.170	0.296	-1.229	1.606	-0.801	-0.918	-1.138
Lysobacter_OAE881	ABIE51_RS10850	ABIE51_RS10850		hypothetical protein	1.290	0.714	1.244	1.076	0.216	1.901	0.895	0.942	1.393	0.959	1.099	-0.676	0.596	0.401	-0.485	0.151	-0.388	0.960	0.662	0.689	-1.695	1.138	1.599	1.492	0.212
Lysobacter_OAE881	ABIE51_RS10855	ABIE51_RS10855		DNA/RNA non-specific endonuclease	0.305	0.266	1.156	0.339	0.638	1.533	2.321	0.952	-0.417	2.349	0.323	1.861	-1.175	0.796	0.987	0.899	0.318	0.076	0.899	0.667	0.638	-0.761	0.627	1.492	0.699
Lysobacter_OAE881	ABIE51_RS10860	ABIE51_RS10860		trypsin-like peptidase domain-containing protein	0.799	-0.674	0.442	-3.092	-0.204	0.259	0.759	0.670	0.116	-0.928	0.327	-0.357	0.461	0.502	0.822	-0.004	0.870	-0.322	-0.219	0.771	0.779	3.130	-0.709	2.051	-1.467
Lysobacter_OAE881	ABIE51_RS10865	ABIE51_RS10865		DUF2235 domain-containing protein	-1.032	-0.000	-0.426	-0.558	0.589	-0.383	1.145	-0.675	-0.492	-0.582	0.635	0.481	-0.746	-2.292	-0.239	-0.209	-0.606	-0.603	0.693	-0.435	-1.460	-0.504	-0.100	-0.134	1.200
Lysobacter_OAE881	ABIE51_RS10870	ABIE51_RS10870		N-acetylmuramoyl-L-alanine amidase	0.483	0.482	0.435	-0.028	1.163	-0.183	-1.062	-0.441	-0.473	-1.109	0.061	-0.839	-0.774	-1.567	-0.308	0.783	-0.388	-0.314	-0.411	0.826	0.286	-1.345	0.008	0.536	0.380
Lysobacter_OAE881	ABIE51_RS10875	ABIE51_RS10875		M23 family metallopeptidase	0.169	-0.462	-1.519	0.305	-0.172	-0.637	1.321	-0.686	-0.813	-0.998	0.511	0.218	0.284	0.041	0.015	0.340	0.596	0.247	-0.177	-0.707	0.042	0.201	-0.195	0.562	-1.072
Lysobacter_OAE881	ABIE51_RS10880	ABIE51_RS10880		L,D-transpeptidase	-0.244	0.202	0.775	1.294	-1.469	1.088	-3.808	-0.502	0.006	2.640	0.061	0.710	0.048	-0.356	-0.393	-1.031	0.557	0.236	-0.371	-0.820	-0.701	-0.352	-1.405	-0.236	-0.486
Lysobacter_OAE881	ABIE51_RS10885	ABIE51_RS10885		MarC family NAAT transporter	2.552	0.853	0.939	-0.434	0.543	0.259	2.412	-0.806	-0.363	-0.802	0.453	1.222	0.965	1.345	0.641	1.529	-0.536	0.604	1.020	0.410	1.154	1.167	1.289	1.074	-0.227
Lysobacter_OAE881	ABIE51_RS10895	ABIE51_RS10895		glycoside hydrolase family 43 protein	-0.519	0.961	0.365	0.036	0.462	1.663	1.023	1.437	0.450	0.041	1.112	1.445	-0.959	0.918	0.956	0.187	0.836	-0.131	0.862	1.027	-0.946	1.009	-0.270	0.032	-0.206
Lysobacter_OAE881	ABIE51_RS10900	ABIE51_RS10900		2-dehydro-3-deoxygalactonokinase	-0.119	-1.734	-0.824	-0.414	-0.530	-2.591	-0.803	-0.270	-1.923	-1.484	0.150	-0.142	-0.321	-0.044	-1.477	-1.340	0.804	-0.995	-0.772	0.161	-1.217	-1.980	0.066	-0.906	0.576
Lysobacter_OAE881	ABIE51_RS10905	ABIE51_RS10905		aldose epimerase family protein	0.368	2.248	1.111	0.854	1.546	-3.859	0.879	1.159	1.463	-0.920	1.073	1.489	1.876	0.874	0.699	0.679	-1.484	-2.804	0.623	0.417	1.306	1.361	0.687	2.257	-0.247
Lysobacter_OAE881	ABIE51_RS10910	ABIE51_RS10910		cellulase family glycosylhydrolase	-0.224	0.055	-0.545	0.691	0.547	-5.428	0.224	0.335	1.596	-0.371	4.407	-0.702	-0.198	-1.515	-0.459	-1.008	0.504	-3.572	1.585	-0.125	-1.017	-0.566	-0.190	1.221	-0.494
Lysobacter_OAE881	ABIE51_RS10915	ABIE51_RS10915		TonB-dependent receptor	-0.812	-0.270	-0.166	0.668	-0.649	-4.944	-0.051	-0.274	-0.439	0.243	2.661	-0.620	-0.129	1.328	-0.035	-0.341	-0.356	-5.563	-0.237	-0.381	-0.066	0.041	-1.587	-0.263	-0.463
Lysobacter_OAE881	ABIE51_RS10920	ABIE51_RS10920		exo-alpha-sialidase	-1.652	-1.024	-0.542	0.074	-1.270	-2.311	0.172	-1.545	-0.897	-0.275	1.358	-0.208	0.034	-0.173	0.413	0.290	-2.363	-2.131	0.364	0.343	-0.166	-2.583	0.095	-0.584	0.690
Lysobacter_OAE881	ABIE51_RS10925	ABIE51_RS10925		FadR/GntR family transcriptional regulator	-0.979	-1.833	-0.615	0.605	0.418	-2.232	-0.070	-0.545	-0.802	1.384	3.737	-0.465	-1.504	-0.709	0.813	-1.272	1.789	-2.845	3.481	1.910	-2.051	0.766	2.579	0.680	0.583
Lysobacter_OAE881	ABIE51_RS10930	ABIE51_RS10930		2-dehydro-3-deoxy-6-phosphogalactonate aldolase	-0.247	0.702	-0.451	0.148	1.062	-3.487	-0.820	2.342	0.084	-0.215	4.623	0.260	0.796	1.438	1.252	-1.257	1.170	-3.248	2.257	1.030	-0.389	0.665	0.903	0.869	-2.282
Lysobacter_OAE881	ABIE51_RS10935	ABIE51_RS10935		galactonate dehydratase	-0.138	-0.131	1.458	0.334	-0.484	-8.043	0.824	0.381	1.757	2.358	3.672	0.886	1.357	-0.097	-0.246	0.705	-0.066	-3.895	1.098	-0.145	0.978	-0.472	-0.501	1.329	-0.856
Lysobacter_OAE881	ABIE51_RS10940	ABIE51_RS10940		SDR family oxidoreductase	-0.584	0.187	1.559	-0.293	-0.184	-3.332	-1.921	0.882	-0.387	-0.867	2.436	0.654	-0.552	1.504	-0.880	0.658	0.829	-3.798	1.440	0.661	-0.490	0.696	-0.655	0.700	-1.431
Lysobacter_OAE881	ABIE51_RS10945	ABIE51_RS10945		SMP-30/gluconolactonase/LRE family protein	1.258	-0.875	0.121	0.878	0.453	-4.623	1.427	0.132	1.043	-0.093	1.557	0.978	0.381	0.556	-0.027	-0.470	-0.176	-3.732	0.706	-0.967	1.146	-1.122	0.160	1.568	0.726
Lysobacter_OAE881	ABIE51_RS10950	ABIE51_RS10950		sodium/sugar symporter	-0.601	-0.027	0.561	-0.320	-0.960	-3.937	1.096	0.577	-0.940	-0.248	-0.689	0.067	0.413	0.557	-0.144	-0.028	0.587	-2.487	-1.353	1.329	0.958	-0.604	0.255	-0.300	0.164
Lysobacter_OAE881	ABIE51_RS10955	ABIE51_RS10955		sialidase family protein	-2.783	-0.040	0.390	-0.405	0.671	0.795	-0.482	-0.207	0.684	-0.604	-0.697	-0.784	-1.580	-0.172	-0.991	-0.558	-0.554	0.347	-0.555	-0.015	-0.038	0.952	-1.187	0.582	0.423
Lysobacter_OAE881	ABIE51_RS10960	ABIE51_RS10960		tetratricopeptide repeat protein	0.755	-0.920	1.401	2.405	0.132	0.688	1.277	-0.226	-0.429	-1.497	-1.765	0.081	-1.540	-0.185	0.408	0.455	-0.072	-0.522	1.138	0.341	-0.268	-0.639	-0.084	0.691	0.119
Lysobacter_OAE881	ABIE51_RS10965	ABIE51_RS10965		DUF6491 family protein	-1.922	-1.566	-0.880	-1.765	-0.708	-0.595	-0.384	-0.909	0.248	-1.040	-0.082	-0.295	-0.513	-0.173	-1.549	-0.359	-0.363	-0.179	-1.209	-0.744	-1.863	-0.431	-1.319	0.405	0.810
Lysobacter_OAE881	ABIE51_RS10970	ABIE51_RS10970		hypothetical protein	-0.051	1.249	-0.112	1.757	0.956	0.457	-1.134	0.180	0.952	-0.668	-0.044	-0.023	0.215	0.321	0.551	0.266	0.799	0.024	0.971	-0.913	0.748	-0.750	-0.722	-0.864	-0.244
Lysobacter_OAE881	ABIE51_RS10980	ABIE51_RS10980		AI-2E family transporter	-0.164	-0.407	-0.848	-0.454	-1.533	0.366	0.227	-0.969	0.302	0.281	-0.931	0.688	0.878	0.517	-0.437	-1.593	-0.096	-1.581	0.296	-1.354	-1.070	-0.692	-0.549	0.262	-0.412
Lysobacter_OAE881	ABIE51_RS10985	ABIE51_RS10985		MipA/OmpV family protein	-0.546	-0.297	0.278	-0.641	1.140	2.035	-0.223	1.110	0.319	0.339	3.638	1.913	-0.893	-0.853	0.654	1.124	0.802	2.835	3.495	1.376	-0.438	0.484	2.473	0.111	-1.198
Lysobacter_OAE881	ABIE51_RS11000	ABIE51_RS11000		alpha/beta-hydrolase family protein	-0.132	-0.995	-0.843	-0.280	-1.201	-1.249	-1.379	-0.718	-1.851	-2.250	-1.113	-2.159	-0.908	-1.816	-1.073	-1.861	-1.268	-1.969	-0.871	-0.188	-0.251	-0.195	-0.184	-0.664	-1.167
Lysobacter_OAE881	ABIE51_RS11005	ABIE51_RS11005		AraC family transcriptional regulator	0.172	1.962	2.129	1.481	1.700	2.543	1.611	0.242	1.253	0.372	0.619	0.145	0.490	1.043	0.381	1.181	1.983	0.605	0.463	0.585	0.805	0.829	0.764	1.559	0.338
Lysobacter_OAE881	ABIE51_RS11010	ABIE51_RS11010		MFS transporter	0.512	-0.644	-0.793	1.702	0.424	0.816	-0.535	0.713	0.262	-1.490	-1.127	-0.353	-0.407	1.420	1.135	-0.533	1.718	-3.704	0.482	-1.535	0.604	0.279	0.036	-1.680	0.962
Lysobacter_OAE881	ABIE51_RS11015	ABIE51_RS11015		NADP-dependent oxidoreductase	-1.087	-0.944	0.991	-1.508	-1.860	-0.669	0.902	-0.158	0.101	0.875	1.633	-1.066	0.068	-1.009	-1.321	-0.362	-1.606	-0.902	-0.052	-0.413	0.511	-1.260	-0.231	-0.111	-0.319
Lysobacter_OAE881	ABIE51_RS11020	ABIE51_RS11020		amidohydrolase family protein	-0.312	0.680	-2.493	-2.716	-0.398	-1.071	-0.476	-1.620	-1.218	-1.051	-1.549	0.981	-1.932	0.701	-0.809	-1.856	0.204	0.792	-0.390	-0.434	0.534	-1.000	-0.519	-0.226	1.632
Lysobacter_OAE881	ABIE51_RS11030	ABIE51_RS11030		xanthine dehydrogenase family protein subunit M	-0.666	0.947	0.362	-1.292	0.177	-1.150	-2.190	-0.084	0.455	0.799	-0.365	0.613	-0.630	0.524	-3.042	0.429	-0.913	-0.165	0.145	-0.516	1.033	-0.456	-0.517	-0.337	-0.221
Lysobacter_OAE881	ABIE51_RS11035	ABIE51_RS11035		aldehyde oxidoreductase molybdenum-binding subunit PaoC	-0.377	-0.128	-0.287	1.140	0.118	-0.409	0.755	-0.657	0.656	-0.422	0.066	0.258	0.084	1.550	-0.314	-0.881	1.509	-0.214	-1.091	1.048	0.267	0.005	-1.166	-1.365	0.205
Lysobacter_OAE881	ABIE51_RS11040	ABIE51_RS11040		hypothetical protein	1.054	-1.379	0.961	-1.883	-0.127	-0.123	-0.223	0.530	1.050	0.030	1.294	0.522	1.043	1.518	0.578	1.268	-1.068	-0.819	0.604	-0.078	-1.256	0.090	1.248	0.347	0.631
Lysobacter_OAE881	ABIE51_RS11045	ABIE51_RS11045		TetR/AcrR family transcriptional regulator	-1.199	-0.163	-0.291	2.081	0.931	-0.409	-1.248	0.813	0.816	1.040	0.326	-1.099	-0.230	-0.442	0.397	-0.269	-0.536	0.571	0.182	-0.817	-1.264	-0.037	-0.173	0.945	-1.518
Lysobacter_OAE881	ABIE51_RS11050	ABIE51_RS11050		hypothetical protein	0.404	0.038	2.043	0.662	1.309	0.701	0.690	1.285	1.243	0.549	0.733	0.137	0.899	0.933	2.607	0.748	1.349	-0.453	1.691	0.497	0.460	1.166	-0.181	2.028	0.447
Lysobacter_OAE881	ABIE51_RS11055	ABIE51_RS11055		CDF family Co(II)/Ni(II) efflux transporter DmeF	-0.982	-0.633	0.163	1.677	-0.394	-2.365	0.571	-0.080	-2.032	-1.627	-0.233	-1.020	0.267	-0.901	-0.387	-0.658	-0.480	0.574	0.467	-0.955	0.586	-1.295	-0.289	-1.139	-1.343
Lysobacter_OAE881	ABIE51_RS11065	ABIE51_RS11065		S1 family peptidase	-0.011	1.001	1.187	-0.305	-0.306	1.770	-0.448	1.604	1.240	-0.609	1.175	-0.815	0.083	1.463	2.598	1.203	4.330	-0.274	1.270	0.161	-0.074	1.465	1.053	0.991	-0.174
Lysobacter_OAE881	ABIE51_RS11070	ABIE51_RS11070		bestrophin family ion channel	1.104	0.161	3.219	1.399	2.301	0.761	1.222	2.179	1.131	1.147	0.013	1.754	1.825	1.923	0.744	0.949	2.137	1.146	1.364	0.472	0.642	0.748	0.975	1.517	0.189
Lysobacter_OAE881	ABIE51_RS11075	ABIE51_RS11075		SDR family oxidoreductase	-0.683	-0.797	-0.251	-0.923	-0.985	-0.603	-0.031	-1.970	0.364	0.929	-0.769	1.374	-0.629	-0.371	-0.770	-0.917	0.982	-0.583	-0.501	0.272	1.755	1.136	-0.921	0.057	-0.196
Lysobacter_OAE881	ABIE51_RS11080	ABIE51_RS11080		LysR family transcriptional regulator	3.060	1.485	0.709	-2.599	0.954	0.270	1.273	0.094	0.551	0.967	0.129	-0.497	0.734	2.591	2.094	-0.259	-0.448	-0.789	-0.787	0.451	-0.468	-1.838	0.825	0.883	0.010
Lysobacter_OAE881	ABIE51_RS11090	ABIE51_RS11090		cupin domain-containing protein	0.189	0.369	-0.567	-0.332	2.092	0.050	0.625	1.580	-0.428	-0.384	-0.282	-2.401	1.115	0.952	-0.612	0.499	0.353	-1.833	1.011	1.193	-0.041	1.423	-0.636	0.330	-0.817
Lysobacter_OAE881	ABIE51_RS11095	ABIE51_RS11095		RNA polymerase sigma-70 factor	0.841	-0.147	0.607	0.024	0.037	0.485	0.264	-0.051	-0.866	1.099	0.104	-0.389	1.152	0.518	-0.460	-0.921	-0.681	-0.682	-1.560	-0.637	1.018	0.317	-0.637	-1.744	-0.203
Lysobacter_OAE881	ABIE51_RS11100	ABIE51_RS11100		alpha/beta hydrolase	1.486	1.014	0.823	1.055	-0.919	1.749	0.655	0.625	-0.660	-0.561	1.483	-0.046	0.620	0.144	0.021	0.497	0.597	1.323	0.740	1.239	1.476	-0.380	0.602	0.823	0.083
Lysobacter_OAE881	ABIE51_RS11105	ABIE51_RS11105		hypothetical protein	-0.409	-0.770	-1.464	-0.232	-1.900	1.383	-0.595	-1.667	-0.654	0.180	-0.479	-1.430	-0.434	-1.572	-0.211	-0.298	-0.049	1.436	-0.592	-0.789	-0.533	0.574	-0.383	-0.077	-1.100
Lysobacter_OAE881	ABIE51_RS11110	ABIE51_RS11110		molybdate ABC transporter substrate-binding protein	-1.552	-1.329	0.431	-1.708	-0.280	-0.793	-1.091	-0.202	-0.346	-0.427	-0.537	-1.831	-0.323	-0.676	-0.349	0.101	0.050	-1.782	0.444	-0.895	0.068	-1.408	0.205	-1.662	-2.920
Lysobacter_OAE881	ABIE51_RS11115	ABIE51_RS11115		molybdate ABC transporter permease subunit	-0.601	-0.202	-0.809	-1.009	-1.361	-0.177	-1.369	0.587	-0.906	-0.293	0.871	-1.364	0.327	-1.089	-0.770	-1.511	0.580	-0.429	0.005	-0.541	-0.374	-1.136	0.812	-0.890	-2.630
Lysobacter_OAE881	ABIE51_RS11120	ABIE51_RS11120		ATP-binding cassette domain-containing protein	-0.779	-0.689	0.744	-2.633	-0.502	-0.369	-2.163	0.216	0.041	-0.215	2.232	-0.623	0.609	-1.091	-0.093	-0.041	0.979	-0.269	0.109	-0.659	0.108	-0.805	0.590	0.058	0.257
Lysobacter_OAE881	ABIE51_RS11125	ABIE51_RS11125		TOBE domain-containing protein	0.463	0.002	0.383	0.416	0.180	-0.197	0.695	-0.445	0.446	0.012	-0.507	-1.062	0.199	-0.443	0.529	-0.978	0.597	-0.054	-1.441	0.948	2.030	1.138	-0.677	-0.153	-0.328
Lysobacter_OAE881	ABIE51_RS11130	ABIE51_RS11130		NAD(P)H-binding protein	0.540	0.776	1.293	-0.377	-0.246	0.842	-0.800	-0.425	-1.720	0.810	0.299	0.108	-0.621	0.332	0.055	-1.071	-1.376	-0.457	-0.651	-0.043	1.137	-0.198	0.891	-0.406	-0.122
Lysobacter_OAE881	ABIE51_RS11135	ABIE51_RS11135		type 1 glutamine amidotransferase domain-containing protein	-0.961	-0.144	-0.069	1.797	0.102	0.341	0.533	-0.161	0.034	0.005	1.566	-0.679	-0.758	0.259	0.927	0.347	-0.664	0.345	-0.588	-0.693	2.012	0.412	-0.262	0.853	-0.802
Lysobacter_OAE881	ABIE51_RS11140	ABIE51_RS11140		autotransporter domain-containing protein	0.599	-0.183	1.038	-0.062	1.027	1.114	0.092	-0.049	0.095	0.041	0.241	-0.305	0.650	-0.645	0.051	0.653	0.078	0.480	0.246	1.364	0.137	0.636	1.239	0.452	-0.061
Lysobacter_OAE881	ABIE51_RS11150	ABIE51_RS11150		thioredoxin family protein	0.389	-0.191	1.699	0.134	1.104	0.684	0.195	-0.136	-0.380	0.173	2.081	-1.288	0.713	-0.952	0.193	0.208	0.250	0.575	0.593	1.168	-0.757	1.451	1.252	-0.090	0.653
Lysobacter_OAE881	ABIE51_RS11155	ABIE51_RS11155		response regulator	0.220	-0.625	-0.933	-1.541	0.784	-1.628	-0.200	-1.161	-1.854	-0.331	-0.793	-0.700	-0.145	-0.159	-0.152	0.021	-0.986	-0.854	-0.397	0.236	0.692	-0.422	-0.702	-0.629	-1.355
Lysobacter_OAE881	ABIE51_RS11160	ABIE51_RS11160		HAMP domain-containing sensor histidine kinase	-0.251	0.910	0.213	0.984	-0.264	0.601	-1.331	-1.613	2.305	-0.906	1.173	0.557	-0.149	-1.223	1.027	-0.697	1.320	-0.866	1.002	0.552	0.907	1.049	-0.419	0.000	-0.827
Lysobacter_OAE881	ABIE51_RS11165	ABIE51_RS11165		MFS transporter	-0.744	0.406	0.986	0.254	0.303	0.860	-0.625	0.048	1.005	0.659	0.903	-0.069	-0.764	-0.389	-0.768	-0.038	-0.064	1.284	-0.340	0.133	1.691	0.849	0.638	1.063	0.921
Lysobacter_OAE881	ABIE51_RS11170	ABIE51_RS11170		methyl-accepting chemotaxis protein	-1.462	-0.265	-0.368	-0.707	-0.236	0.459	0.488	-0.775	1.190	0.612	-0.487	1.638	1.323	0.891	0.309	0.220	1.022	0.380	0.141	-0.071	0.870	0.261	-0.476	-0.738	1.174
Lysobacter_OAE881	ABIE51_RS11175	ABIE51_RS11175		porin	0.856	-0.892	0.806	1.577	-0.252	0.194	-0.642	0.310	0.637	1.641	0.196	0.227	0.586	-0.113	-1.873	1.375	-0.479	-0.804	0.535	-0.273	0.106	0.923	0.599	-1.902	-1.192
Lysobacter_OAE881	ABIE51_RS11180	ABIE51_RS11180		DUF4124 domain-containing protein	0.409	-0.560	-0.673	-0.751	-2.236	-1.300	-0.343	-0.753	-1.124	-0.260	0.729	0.176	-2.022	-0.534	-1.150	0.261	-1.585	-0.393	-0.048	-0.521	-1.149	-1.081	-1.163	-0.118	-1.293
Lysobacter_OAE881	ABIE51_RS11185	ABIE51_RS11185		hypothetical protein	2.305	2.155	1.077	-0.209	-0.700	0.807	-0.091	1.668	0.799	1.524	1.523	1.653	1.112	2.013	1.167	0.412	1.071	2.357	1.523	1.218	0.546	0.332	2.254	0.148	-0.031
Lysobacter_OAE881	ABIE51_RS11190	ABIE51_RS11190		phage baseplate assembly protein V	0.080	0.401	0.328	-0.545	-0.826	-1.287	-0.123	0.338	0.695	1.198	-1.855	-1.599	-0.278	-3.566	0.807	0.040	-0.902	-0.302	-0.327	-0.311	0.100	-0.209	-0.506	0.604	0.368
Lysobacter_OAE881	ABIE51_RS11195	ABIE51_RS11195		metalloregulator ArsR/SmtB family transcription factor	0.659	0.020	-1.758	1.017	0.127	-0.818	0.266	-2.050	-0.405	-1.140	0.749	-0.005	-0.102	-1.020	-0.765	-0.941	-0.022	0.646	-0.548	-0.642	-0.817	0.194	-0.422	-0.532	-1.615
Lysobacter_OAE881	ABIE51_RS11200	ABIE51_RS11200		SRPBCC domain-containing protein	0.147	-0.822	-0.225	0.716	-1.277	-1.113	0.310	-1.534	-0.777	-0.396	0.964	-0.586	-1.891	-0.209	-0.087	-0.782	-2.016	-0.339	-0.675	-0.635	-0.712	0.107	-0.205	-0.169	-1.026
Lysobacter_OAE881	ABIE51_RS11205	ABIE51_RS11205		SRPBCC family protein	-1.103	-0.967	-0.285	0.654	-0.431	-0.228	-0.856	-0.333	-0.373	-0.440	-1.964	0.417	-0.533	0.069	-0.027	-0.079	-0.394	-0.248	0.350	-0.910	0.299	-0.268	0.766	0.133	-0.042
Lysobacter_OAE881	ABIE51_RS11210	ABIE51_RS11210		FKBP-type peptidyl-prolyl cis-trans isomerase	-1.571	0.013	-0.923	-0.828	-1.661	-0.526	-0.620	-0.613	-1.009	-1.183	-1.108	-0.431	-0.602	-0.335	-0.544	-0.919	-0.033	-1.371	-2.009	0.813	-0.401	-2.472	-1.854	-1.147	1.702
Lysobacter_OAE881	ABIE51_RS11215	ABIE51_RS11215		LLM class flavin-dependent oxidoreductase	-0.078	0.911	-1.332	-1.752	0.392	-0.737	0.785	-0.336	-0.141	-1.388	-0.763	-0.063	-0.886	-1.265	0.653	-0.670	-0.198	-0.490	-0.819	0.295	0.305	-0.914	-0.970	-0.792	-1.189
Lysobacter_OAE881	ABIE51_RS11220	ABIE51_RS11220		hypothetical protein	0.429	0.444	-1.739	-1.068	-0.081	-0.087	-0.883	-0.411	-0.819	-1.864	0.783	0.010	-0.564	-1.659	-1.494	-0.492	-1.350	-1.538	-0.450	1.045	1.829	-0.523	-0.790	-0.136	0.163
Lysobacter_OAE881	ABIE51_RS11225	ABIE51_RS11225		chromate efflux transporter	-0.138	-1.670	-1.434	-1.773	-0.603	-1.286	-2.018	-1.285	-0.891	-0.594	-1.581	0.073	-0.207	-1.632	-1.672	-0.437	-1.326	-0.572	-0.197	-0.873	-0.818	-1.521	-0.594	-1.256	-1.955
Lysobacter_OAE881	ABIE51_RS11230	ABIE51_RS11230		serine hydrolase	-0.123	-0.112	0.061	0.945	0.528	0.760	0.819	0.616	-0.156	0.387	0.127	-0.027	0.477	0.585	-0.253	-0.434	-0.399	0.064	0.165	0.490	0.611	-0.026	-0.079	0.188	-0.363
Lysobacter_OAE881	ABIE51_RS11235	ABIE51_RS11235		TIGR03862 family flavoprotein	1.016	0.533	0.944	-0.025	-0.237	-0.050	-0.415	0.225	-0.042	0.230	0.306	0.777	-0.480	-0.011	0.122	-0.421	-0.458	0.003	1.010	1.060	0.243	1.112	1.122	1.179	1.351
Lysobacter_OAE881	ABIE51_RS11240	ABIE51_RS11240		hypothetical protein	-1.117	-1.426	2.297	-0.682	-1.602	-0.563	1.494	0.150	2.025	-0.184	1.372	-0.669	1.870	1.505	-0.311	1.005	-0.378	-2.696	1.871	-0.073	-0.082	0.907	0.538	0.058	0.128
Lysobacter_OAE881	ABIE51_RS11245	ABIE51_RS11245		sulfurtransferase	-0.271	-1.902	-2.014	-0.191	0.318	-1.428	-0.076	-1.356	-0.678	-0.305	-1.423	-0.603	-0.827	0.802	-0.042	-2.037	1.371	-0.584	-0.572	-0.625	-2.327	-1.548	-0.084	-1.674	1.744
Lysobacter_OAE881	ABIE51_RS11250	ABIE51_RS11250		DUF998 domain-containing protein	-1.594	-1.088	-0.928	-0.647	0.760	0.530	-0.998	-0.306	-0.548	-0.528	-0.444	0.244	-0.316	-0.072	-0.867	1.202	-0.074	0.014	-0.813	-1.244	-0.249	-1.347	0.222	0.000	0.471
Lysobacter_OAE881	ABIE51_RS11255	ABIE51_RS11255		DUF1993 domain-containing protein	0.654	0.128	-0.777	-2.554	0.840	-0.045	-0.473	-0.825	-0.181	0.757	-0.997	0.345	-0.740	-0.648	-1.267	-0.618	-0.888	0.655	0.409	-0.235	0.817	-0.221	-0.937	0.062	-0.326
Lysobacter_OAE881	ABIE51_RS11260	ABIE51_RS11260		glycosyltransferase	-0.543	0.210	-0.972	-0.928	1.162	0.716	0.952	0.272	-0.239	0.026	-0.967	-1.695	0.335	0.529	-0.629	-0.208	0.468	-0.362	-0.076	0.517	-0.052	-0.295	0.794	-0.040	0.295
Lysobacter_OAE881	ABIE51_RS11265	ABIE51_RS11265		redox-sensitive transcriptional activator SoxR	-0.395	2.040	-0.072	0.203	-0.348	0.770	0.162	0.288	-0.891	-1.169	-1.206	-0.040	-0.206	0.012	0.206	-1.000	-0.383	0.103	-0.759	0.148	-0.651	0.914	0.657	-0.949	0.873
Lysobacter_OAE881	ABIE51_RS11270	ABIE51_RS11270		NADP-dependent oxidoreductase	0.117	0.165	-0.379	1.343	0.691	1.684	0.376	-0.161	0.063	1.183	0.431	-0.673	0.410	2.610	-0.662	-0.603	1.593	1.341	0.494	1.110	1.010	0.288	0.736	0.702	-1.633
Lysobacter_OAE881	ABIE51_RS11275	ABIE51_RS11275		MFS transporter	0.286	1.180	-0.383	-1.231	-0.564	0.063	-0.007	-2.065	-0.707	0.359	-1.509	1.157	-1.178	-0.222	0.797	0.281	-0.693	-0.645	-0.055	0.255	-0.833	0.119	0.078	-1.609	-0.760
Lysobacter_OAE881	ABIE51_RS11280	ABIE51_RS11280		hypothetical protein	0.086	-0.353	0.277	1.101	-0.067	1.494	0.827	-0.197	1.191	-1.182	-0.409	-0.461	-0.956	0.550	0.004	-1.445	-0.596	-0.320	0.293	0.623	-0.968	-1.305	-0.333	-0.278	0.153
Lysobacter_OAE881	ABIE51_RS11285	ABIE51_RS11285		AraC family transcriptional regulator	-1.944	-0.709	-0.491	-0.438	-0.173	-1.058	-1.471	-0.953	-0.639	-1.454	-0.525	-1.755	-1.915	-0.584	-0.846	-0.563	-1.422	-0.647	-0.328	-1.541	-0.644	-1.054	-0.778	-0.577	-0.212
Lysobacter_OAE881	ABIE51_RS11290	ABIE51_RS11290		aldo/keto reductase	-0.468	1.406	-0.257	0.427	1.269	0.913	1.646	0.086	0.466	-0.043	-0.591	-0.739	-1.744	0.345	0.591	-1.014	-0.365	0.511	0.762	1.134	-0.213	1.867	-0.176	0.065	-0.921
Lysobacter_OAE881	ABIE51_RS11295	ABIE51_RS11295		SDR family oxidoreductase	0.178	-0.076	-0.690	-1.014	1.118	1.352	-1.296	-1.354	-0.789	-1.528	-0.042	-1.106	-0.537	0.139	-0.890	0.051	-1.693	-0.110	-1.646	-0.874	0.575	-0.255	0.455	-1.145	-0.105
Lysobacter_OAE881	ABIE51_RS11300	ABIE51_RS11300		YbhB/YbcL family Raf kinase inhibitor-like protein	0.185	0.625	0.484	0.808	-0.881	0.341	0.626	1.336	-0.812	0.960	-1.178	0.561	1.453	-0.207	1.175	0.206	0.430	0.864	-0.626	1.698	1.278	0.064	-1.337	-1.437	0.396
Lysobacter_OAE881	ABIE51_RS11310	ABIE51_RS11310		hypothetical protein	-0.274	-0.368	-1.276	0.724	-0.373	-1.055	0.036	-0.111	-3.286	0.504	-1.634	-0.860	-1.915	-2.232	-0.385	-0.131	0.272	-0.690	-0.194	-3.856	-1.276	-0.443	-3.116	2.718	-1.578
Lysobacter_OAE881	ABIE51_RS11315	ABIE51_RS11315		NADPH-dependent FMN reductase	1.819	0.930	-0.629	0.863	0.441	0.118	-1.310	0.622	-0.146	0.981	-0.568	-1.740	2.682	-0.127	-1.018	-0.073	-0.898	1.685	0.591	0.745	1.606	1.312	0.497	-0.563	-0.582
Lysobacter_OAE881	ABIE51_RS11320	ABIE51_RS11320		zinc ribbon domain-containing protein YjdM	-0.974	-1.476	-0.278	-0.270	2.213	0.053	-0.379	-0.680	-0.922	-0.667	-1.506	-1.156	-0.346	-0.204	-0.566	1.052	0.843	-2.521	-1.130	-0.448	-0.054	-0.524	1.205	-1.270	-0.572
Lysobacter_OAE881	ABIE51_RS11325	ABIE51_RS11325		DUF1622 domain-containing protein	-0.199	1.498	0.105	0.477	-0.162	-0.182	-0.771	-0.419	1.117	-0.522	0.918	-0.618	0.075	0.439	-0.047	1.036	0.335	1.591	0.135	0.117	0.564	0.857	1.267	0.480	0.616
Lysobacter_OAE881	ABIE51_RS11330	ABIE51_RS11330		formylglycine-generating enzyme family protein	-0.944	-0.195	0.330	-0.383	-0.284	-0.370	-0.705	0.190	-0.235	0.787	-2.161	-0.908	0.044	0.118	-0.004	-0.256	0.670	0.485	-0.462	-0.254	-1.424	0.255	0.214	-0.333	0.552
Lysobacter_OAE881	ABIE51_RS11335	ABIE51_RS11335		haloacid dehalogenase-like hydrolase	0.619	-0.505	-0.102	-0.175	-0.715	0.113	1.226	-1.094	-0.091	-1.021	-0.308	-0.661	0.207	0.329	0.820	-0.685	0.389	0.777	-0.532	-0.171	1.087	-0.233	-0.325	-0.087	-0.350
Lysobacter_OAE881	ABIE51_RS11340	ABIE51_RS11340		hypothetical protein	-0.094	-0.672	-2.098	-1.150	-1.737	-1.209	1.131	-1.678	-0.719	-1.187	-1.009	0.162	0.443	1.117	0.093	-1.393	-2.050	0.580	-0.739	-1.507	-1.903	-1.745	-1.412	-0.185	-1.192
Lysobacter_OAE881	ABIE51_RS11345	ABIE51_RS11345		sulfatase-like hydrolase/transferase	-1.156	-0.028	-1.054	-0.790	-0.014	-0.490	1.530	-0.526	-1.052	-0.125	0.853	-0.970	-0.117	-0.211	-0.836	-1.174	-0.790	-0.475	-0.794	-0.896	0.551	-0.468	1.061	-0.138	-1.637
Lysobacter_OAE881	ABIE51_RS11350	ABIE51_RS11350		DUF202 domain-containing protein	-0.002	-0.757	0.922	-0.202	0.205	-0.561	-0.490	-1.087	0.181	0.217	-0.653	-0.139	-0.299	1.509	-1.245	1.219	0.814	0.652	-0.532	0.770	0.719	0.802	0.331	0.000	-0.858
Lysobacter_OAE881	ABIE51_RS11355	ABIE51_RS11355		hypothetical protein	-0.603	-1.164	-0.327	1.960	-0.589	-0.664	0.569	-0.994	0.314	0.532	-0.314	0.250	-0.024	0.553	-0.510	-0.279	0.386	0.429	0.870	0.517	1.126	1.106	-0.104	-0.226	-0.356
Lysobacter_OAE881	ABIE51_RS11360	ABIE51_RS11360		azurin	-0.739	0.095	-0.274	0.349	-0.913	0.594	-0.325	-0.437	0.431	-1.184	-0.938	-0.642	-0.756	-0.019	0.416	0.936	-1.149	-0.828	-0.058	-0.308	-0.633	0.682	-0.352	0.170	-1.408
Lysobacter_OAE881	ABIE51_RS11365	ABIE51_RS11365		DNA alkylation repair protein	-0.296	0.104	-1.121	-0.044	-1.446	-0.569	1.226	-0.269	-0.374	0.318	-2.428	1.186	-0.084	0.447	-0.682	-0.900	0.033	-0.208	-0.451	1.667	1.350	-0.201	-0.959	0.410	-1.233
Lysobacter_OAE881	ABIE51_RS11370	ABIE51_RS11370		VOC family protein	0.366	0.488	-0.867	0.283	-0.672	-0.942	-1.083	-1.167	0.559	0.677	-0.772	0.641	-0.276	1.248	-0.111	1.067	-0.588	-0.943	-1.003	-0.129	0.332	-0.792	-1.491	-0.081	1.016
Lysobacter_OAE881	ABIE51_RS11375	ABIE51_RS11375		hypothetical protein	-0.920	0.549	-0.435	-0.198	0.071	-0.237	-0.229	0.320	1.443	-1.160	-0.381	-0.461	-1.397	-0.555	-0.661	-0.559	-1.303	0.234	-0.811	-0.286	1.375	0.210	1.649	-0.128	-0.328
Lysobacter_OAE881	ABIE51_RS11380	ABIE51_RS11380		BlaI/MecI/CopY family transcriptional regulator	-0.408	-0.251	-0.020	1.152	0.426	-1.328	-0.880	-0.160	-0.081	1.169	1.259	0.492	0.369	0.582	-1.000	-2.328	0.162	-1.341	-1.083	-0.935	-0.093	-0.852	-1.184	-0.436	1.017
Lysobacter_OAE881	ABIE51_RS11385	ABIE51_RS11385		M56 family metallopeptidase	0.125	0.060	0.874	0.988	0.614	-0.106	0.993	-0.360	0.711	0.040	0.823	0.272	-1.367	-0.033	0.286	1.362	1.135	0.914	-0.004	1.315	1.630	0.384	0.260	0.775	0.608
Lysobacter_OAE881	ABIE51_RS11390	ABIE51_RS11390		FAD-dependent oxidoreductase	1.030	0.510	0.514	-0.153	0.621	-0.775	-0.882	-0.709	1.112	-0.193	0.917	-0.843	-0.767	0.303	0.591	0.045	1.523	0.949	1.249	-0.593	0.590	1.406	-0.446	-0.276	1.570
Lysobacter_OAE881	ABIE51_RS11395	ABIE51_RS11395		DksA/TraR family C4-type zinc finger protein	-0.007	1.227	-0.218	0.023	-0.440	-0.024	0.952	-0.965	-0.473	0.132	0.511	-0.507	-3.389	-0.511	-2.247	0.731	-1.074	-0.022	1.534	0.486	0.453	-0.565	0.729	0.218	-0.350
Lysobacter_OAE881	ABIE51_RS11400	ABIE51_RS11400		tetratricopeptide repeat protein	0.011	0.164	0.438	-0.128	-0.429	-0.245	-0.557	0.242	0.123	0.987	0.900	-0.616	0.194	0.630	0.999	0.356	-0.418	-0.015	0.865	0.748	0.272	-0.742	0.081	0.752	-0.221
Lysobacter_OAE881	ABIE51_RS11405	ABIE51_RS11405		TIGR04325 family methyltransferase	0.400	-0.035	-0.053	0.632	-0.612	-0.417	-0.065	0.646	1.139	-0.665	0.631	0.015	0.472	0.357	0.089	-0.096	0.589	0.330	0.154	-0.311	1.481	-1.175	1.715	0.073	-1.669
Lysobacter_OAE881	ABIE51_RS11410	ABIE51_RS11410		DUF4136 domain-containing protein	0.460	1.232	1.969	1.012	-1.353	0.097	-0.544	0.761	0.324	1.535	-0.480	0.868	0.381	0.256	-0.167	0.140	0.937	0.468	0.684	-0.168	1.145	1.742	-0.372	0.713	-0.709
Lysobacter_OAE881	ABIE51_RS11415	ABIE51_RS11415		transporter	0.909	0.926	0.440	0.954	-0.159	-1.094	0.754	0.588	0.306	1.129	1.515	1.113	1.603	0.999	1.034	1.257	0.512	0.049	0.434	0.612	1.821	1.087	1.069	0.685	-0.158
Lysobacter_OAE881	ABIE51_RS11425	ABIE51_RS11425		C39 family peptidase	-0.922	1.271	-0.242	0.454	-0.111	-0.756	0.111	0.595	-0.757	1.631	1.330	1.445	1.014	-0.460	0.359	1.727	0.829	-0.519	1.157	0.308	0.247	1.116	0.782	0.201	-0.927
Lysobacter_OAE881	ABIE51_RS11440	ABIE51_RS11440		hypothetical protein	0.170	-0.679	-0.661	0.452	-0.286	-0.527	-0.654	0.401	0.260	1.345	-0.669	0.227	0.153	-0.391	0.802	-0.101	1.464	-0.572	1.033	-0.331	-0.376	0.545	0.550	-0.083	0.214
Lysobacter_OAE881	ABIE51_RS11445	ABIE51_RS11445		replication-associated recombination protein A	0.258	-0.465	1.347	-0.126	0.460	-0.448	0.906	0.800	0.538	1.942	1.666	1.404	-0.641	0.384	-0.597	1.884	3.575	3.999	-0.048	0.782	2.481	0.026	1.385	0.200	1.851
Lysobacter_OAE881	ABIE51_RS11455	ABIE51_RS11455		DNA translocase FtsK	1.106	-3.372	-4.038	-1.615	-2.727	-1.706	-1.888	-2.858	-3.086	-1.987	-2.168	-3.165	-1.123	-2.393	-0.756	-4.191	-1.078	-2.909	-3.182	-1.761	-1.282	-1.562	-1.028	-1.033	-1.540
Lysobacter_OAE881	ABIE51_RS11460	ABIE51_RS11460		alanine dehydrogenase	1.589	-0.070	-1.361	-0.603	0.870	0.189	1.447	0.708	0.405	-0.165	1.090	-0.328	-0.626	1.894	1.798	-1.178	1.078	-0.375	1.560	0.667	2.271	0.474	1.001	-0.993	-0.573
Lysobacter_OAE881	ABIE51_RS11470	ABIE51_RS11470		GNAT family N-acetyltransferase	-0.324	-0.270	-0.273	1.371	-0.013	-0.380	0.877	0.125	-0.291	0.397	0.742	-0.471	-0.952	0.549	-0.116	-0.550	0.456	0.083	0.386	0.307	0.361	0.475	0.666	0.859	0.631
Lysobacter_OAE881	ABIE51_RS11475	ABIE51_RS11475		leucyl/phenylalanyl-tRNA--protein transferase	-1.693	-0.224	-0.017	-0.790	-0.941	-0.448	-2.008	0.072	-1.376	0.166	0.358	0.013	-0.695	2.111	-0.003	-3.119	-1.780	0.334	0.891	-0.661	0.838	-1.355	0.895	-1.127	-0.020
Lysobacter_OAE881	ABIE51_RS11485	ABIE51_RS11485		aminotransferase class V-fold PLP-dependent enzyme	0.709	-0.399	-0.553	0.455	0.292	-0.278	1.158	0.127	-0.471	1.021	-0.391	-0.392	0.873	0.443	0.532	-0.262	0.757	-0.550	0.038	-0.115	-0.040	1.387	0.351	-0.524	0.683
Lysobacter_OAE881	ABIE51_RS11490	ABIE51_RS11490		ATP-dependent Clp protease ATP-binding subunit ClpA	-1.996	-0.649	-24.576	1.770	-12.716	-14.716	-1.723	-17.443	-12.113	-3.388	-6.176	-9.734	-4.017	-0.995	-2.149	-24.826	-12.368	-15.137	-12.753	-10.350	-3.145	-3.702	-13.429	-1.801	0.525
Lysobacter_OAE881	ABIE51_RS11495	ABIE51_RS11495		ATP-dependent Clp protease adapter ClpS	-0.795	0.934	-6.433	1.274	-5.487	-5.336	-1.479	-6.710	-4.286	-0.591	-0.201	-3.340	-1.419	1.382	-1.150	-5.611	-3.499	-4.754	-3.502	-2.290	0.429	-1.075	-2.314	1.221	1.747
Lysobacter_OAE881	ABIE51_RS11500	ABIE51_RS11500		hypothetical protein	-0.804	0.546	1.068	-0.497	0.587	-0.767	0.591	0.201	0.020	0.872	2.108	0.967	0.020	-0.065	-0.008	1.014	-1.225	1.483	0.553	1.295	1.580	0.931	-0.187	1.868	-0.143
Lysobacter_OAE881	ABIE51_RS11505	ABIE51_RS11505		NUDIX hydrolase	0.198	1.663	0.415	0.304	-1.130	-0.670	1.152	0.980	0.886	1.110	1.057	1.202	0.567	0.203	-0.797	0.125	-0.432	0.346	-0.221	1.654	1.134	-0.542	0.999	-0.001	0.209
Lysobacter_OAE881	ABIE51_RS11510	ABIE51_RS11510		tRNA 2-thiouridine(34) synthase MnmA	0.600	0.193	0.694	-0.530	-5.660	-4.561	1.221	-1.782	-3.478	-0.291	6.176	-3.148	-0.460	2.032	2.425	-0.645	-4.763	-5.585	-2.378	-2.534	1.162	-0.794	-3.105	0.147	-2.152
Lysobacter_OAE881	ABIE51_RS11515	ABIE51_RS11515		high frequency lysogenization protein HflD	-0.025	-2.009	-3.354	-0.504	-1.299	-1.225	-1.183	-4.160	-2.080	-0.398	-2.247	-1.690	-1.069	-1.033	1.097	-1.673	-0.841	-1.233	-2.933	-0.458	-2.658	0.676	0.454	-1.936	-1.249
Lysobacter_OAE881	ABIE51_RS11520	ABIE51_RS11520		bifunctional aconitate hydratase 2/2-methylisocitrate dehydratase	-0.652	2.701	1.616	1.933	-1.139	-0.253	-0.873	2.125	0.091	1.322	1.790	-1.315	-1.067	-0.573	1.233	2.088	-1.172	1.865	1.785	0.851	-0.698	2.932	2.848	1.509	0.283
Lysobacter_OAE881	ABIE51_RS11525	ABIE51_RS11525		type II toxin-antitoxin system VapC family toxin	0.076	1.348	-1.943	-0.664	-0.401	-0.524	2.439	1.261	0.282	0.027	0.800	1.283	0.983	2.364	1.280	0.054	-0.087	-0.537	0.153	0.947	-0.465	-0.429	-0.519	1.270	-1.851
Lysobacter_OAE881	ABIE51_RS11530	ABIE51_RS11530		AbrB/MazE/SpoVT family DNA-binding domain-containing protein	-0.209	-0.607	0.006	0.096	0.543	0.530	1.253	0.420	-0.317	-0.565	1.573	2.149	-0.468	0.780	1.636	-0.791	0.631	0.122	-0.600	-0.208	-0.318	0.803	0.371	0.987	0.393
Lysobacter_OAE881	ABIE51_RS11535	ABIE51_RS11535		aconitate hydratase AcnA	0.857	2.010	0.505	0.239	1.209	2.623	-0.007	0.274	-1.987	-0.074	1.508	0.113	-1.107	8.118	2.847	1.306	1.262	1.062	1.586	-1.362	0.516	-3.880	1.502	2.192	1.987
Lysobacter_OAE881	ABIE51_RS11540	ABIE51_RS11540		nuclear transport factor 2 family protein	-0.098	1.218	0.796	0.976	-0.178	-0.282	0.586	-0.129	0.519	-0.024	1.045	0.971	1.627	1.351	-0.199	1.504	0.537	0.266	0.765	-0.558	-0.224	3.085	1.355	-0.142	1.247
Lysobacter_OAE881	ABIE51_RS11545	ABIE51_RS11545		long-chain fatty acid--CoA ligase	0.947	2.031	-1.920	2.173	-1.531	0.105	1.734	-2.726	-1.652	1.951	-1.356	0.024	-3.074	2.400	-0.188	-1.853	-0.850	-0.414	-1.131	-0.974	0.815	-0.492	-1.657	2.023	12.218
Lysobacter_OAE881	ABIE51_RS11550	ABIE51_RS11550		crotonase/enoyl-CoA hydratase family protein	-0.272	-0.624	-1.016	-0.436	-0.782	-0.298	-0.860	-1.519	0.467	-1.199	-0.708	-0.941	0.239	-0.832	-0.762	-1.495	-0.541	-0.644	-0.525	-0.086	0.726	-0.916	-1.294	-1.020	0.230
Lysobacter_OAE881	ABIE51_RS11555	ABIE51_RS11555		response regulator	-1.218	0.218	13.238	-0.981	5.140	0.015	-0.029	-12.600	2.364	2.143	-5.111	1.603	1.112	-0.227	0.144	14.183	3.884	0.942	-3.737	3.757	-0.557	-1.992	1.884	-0.258	-1.220
Lysobacter_OAE881	ABIE51_RS11560	ABIE51_RS11560		two-component system response regulator	-0.028	-2.019	13.412	-1.255	2.643	0.062	-1.269	-18.479	3.047	-0.153	-1.226	0.726	1.078	1.623	-1.127	14.490	2.262	-2.773	-4.402	4.527	-1.131	-2.065	3.327	-0.350	-1.435
Lysobacter_OAE881	ABIE51_RS11575	ABIE51_RS11575		YkvA family protein	-0.031	-0.020	-0.607	-1.269	-0.067	-0.208	-0.647	1.563	-1.081	-0.059	-0.540	-0.590	-0.081	0.711	-0.528	-0.047	-0.712	-0.528	0.355	0.201	2.055	-0.719	-1.537	1.379	-0.507
Lysobacter_OAE881	ABIE51_RS11580	ABIE51_RS11580		response regulator transcription factor	-1.000	0.812	-1.049	1.122	0.168	-0.099	0.823	0.737	-1.601	0.773	0.008	-0.476	-1.269	0.962	0.808	-0.595	0.300	0.050	0.920	0.365	-0.025	0.122	-0.220	0.041	0.402
Lysobacter_OAE881	ABIE51_RS11585	ABIE51_RS11585		response regulator transcription factor	0.170	0.754	-1.028	-0.258	-1.045	-0.285	1.036	-0.196	-0.646	0.319	0.986	-0.783	-0.467	0.826	-1.314	0.660	1.745	-0.104	-0.889	1.442	-0.903	0.412	0.024	0.190	0.153
Lysobacter_OAE881	ABIE51_RS11590	ABIE51_RS11590		transporter substrate-binding domain-containing protein	1.120	0.674	-0.054	0.341	0.206	0.119	1.165	0.145	-0.416	0.196	-1.189	-0.094	-0.325	0.411	0.087	0.107	-0.032	0.573	0.995	1.187	0.545	1.028	0.057	0.943	0.507
Lysobacter_OAE881	ABIE51_RS11595	ABIE51_RS11595		hybrid sensor histidine kinase/response regulator	-0.314	1.301	0.843	-0.650	-0.381	-1.081	1.077	-0.937	-0.718	0.275	-1.180	-0.883	0.166	-0.243	2.249	-1.397	1.148	0.905	-0.256	-2.037	-0.652	-1.998	0.281	0.465	-0.289
Lysobacter_OAE881	ABIE51_RS11600	ABIE51_RS11600		single-stranded-DNA-specific exonuclease RecJ	-0.173	-0.481	-0.777	0.131	-1.135	0.610	-1.059	-0.954	-0.646	0.781	0.803	-0.281	-1.451	-0.264	-0.459	0.231	-1.160	-2.976	0.125	-0.795	-0.739	-0.082	-0.141	-0.090	-1.910
Lysobacter_OAE881	ABIE51_RS11610	ABIE51_RS11610		transcription elongation factor GreA	0.734	1.743	0.732	-0.250	1.115	0.164	0.318	0.690	1.945	0.494	0.578	-0.937	0.621	0.346	0.356	-0.741	-0.391	0.029	1.954	-0.506	0.347	0.548	0.188	0.848	0.728
Lysobacter_OAE881	ABIE51_RS11615	ABIE51_RS11615		carbamoyl-phosphate synthase large subunit	-1.801	-0.460	-9.043	-1.482	-7.845	-11.528	-2.183	-11.680	-11.346	-2.522	-0.276	-7.147	-3.367	-0.610	-0.112	-8.333	-7.509	-7.571	-11.495	-6.663	-3.874	-2.509	-7.291	-0.317	-0.003
Lysobacter_OAE881	ABIE51_RS11620	ABIE51_RS11620		hypothetical protein	-0.974	1.184	-1.058	-0.552	0.489	-0.469	-0.228	0.939	0.370	-0.020	-0.092	-0.079	-1.382	-0.273	-0.047	-1.538	-0.196	1.073	0.558	0.521	0.649	-0.241	0.314	-0.122	-0.294
Lysobacter_OAE881	ABIE51_RS11625	ABIE51_RS11625		glutamine-hydrolyzing carbamoyl-phosphate synthase small subunit	0.221	-1.014	-8.079	-2.253	-4.691	-7.825	-0.510	-7.383	-4.475	0.003	0.437	-3.247	0.941	0.951	-1.208	-6.957	-2.911	-4.819	-7.080	-3.194	-1.724	-1.148	-3.559	-1.809	-3.522
Lysobacter_OAE881	ABIE51_RS11635	ABIE51_RS11635		molecular chaperone DnaJ	-0.510	0.577	-0.284	-1.073	-1.155	0.892	-1.776	-2.718	0.027	-0.052	2.672	1.022	2.042	1.413	-0.276	-0.650	-0.348	-2.834	-1.003	-0.060	0.020	-0.671	4.140	-0.017	-0.044
Lysobacter_OAE881	ABIE51_RS11650	ABIE51_RS11650		heat-inducible transcriptional repressor HrcA	-0.632	-1.380	-0.703	0.396	-1.587	-2.630	-0.890	-2.163	-1.467	-1.973	-0.725	-0.878	1.068	-1.167	-0.583	-1.134	-1.125	-1.616	-2.045	-2.119	-0.874	-1.086	-1.759	-1.578	-1.071
Lysobacter_OAE881	ABIE51_RS11655	ABIE51_RS11655		DNA repair protein RecN	1.186	0.972	0.526	0.178	1.755	0.168	0.962	1.277	0.563	-0.242	0.432	-1.415	0.814	0.474	-0.189	-0.755	2.125	1.526	1.256	-0.263	1.453	-0.161	1.532	0.927	-2.387
Lysobacter_OAE881	ABIE51_RS11665	ABIE51_RS11665		outer membrane protein assembly factor BamE	-4.482	-3.644	-4.203	-1.001	-5.576	-6.014	-3.483	-8.551	-4.511	-2.051	-2.993	-4.660	-2.489	-2.177	-1.774	-3.972	-2.697	-5.888	3.270	-2.013	-1.555	-3.708	1.246	-2.844	-3.463
Lysobacter_OAE881	ABIE51_RS11670	ABIE51_RS11670		RnfH family protein	-0.831	0.004	0.401	-0.298	-1.091	-0.877	-0.134	-1.890	-2.636	-1.147	-0.508	-0.723	-0.336	-1.223	-0.533	0.222	-0.517	-1.188	0.126	-0.374	-0.343	0.106	-1.589	0.447	-2.127
Lysobacter_OAE881	ABIE51_RS11675	ABIE51_RS11675		type II toxin-antitoxin system RatA family toxin	-0.506	-1.438	-0.007	-3.004	0.869	1.231	-0.923	0.488	0.492	2.075	-2.201	0.290	-0.709	-0.530	2.271	-2.951	1.441	-0.174	0.683	-0.706	0.219	-2.703	1.599	1.348	-4.589
Lysobacter_OAE881	ABIE51_RS11680	ABIE51_RS11680		SsrA-binding protein SmpB	0.903	2.027	0.549	-2.011	0.711	-2.966	0.775	0.442	-0.541	0.271	-0.037	0.192	-0.279	-2.627	-1.397	-0.019	0.427	0.384	-0.777	1.094	-0.600	-0.689	-0.185	-0.213	-2.070
Lysobacter_OAE881	ABIE51_RS11685	ABIE51_RS11685		CHASE domain-containing protein	-0.956	-2.093	-0.585	-1.328	-0.521	0.735	-1.028	-0.994	1.016	2.843	0.418	0.561	0.739	0.321	-1.530	-2.386	-0.335	1.435	-3.711	0.589	-0.673	2.452	4.706	-0.784	-4.389
Lysobacter_OAE881	ABIE51_RS11690	ABIE51_RS11690		hypothetical protein	-0.883	-0.839	1.053	-0.305	-0.976	-0.490	0.184	-0.809	-0.129	-0.129	0.841	-0.252	-0.030	-1.649	-0.179	0.714	-0.586	0.602	0.325	-0.387	-0.118	0.079	-0.000	0.348	-0.303
Lysobacter_OAE881	ABIE51_RS11695	ABIE51_RS11695		DNA-binding protein	0.304	0.418	-0.011	1.254	-0.569	-0.461	1.099	-1.308	-1.574	0.464	-0.003	-1.630	1.044	-0.761	1.107	-0.050	-0.154	-1.187	-0.972	-0.615	0.284	0.235	-0.418	-0.733	-0.638
Lysobacter_OAE881	ABIE51_RS11710	ABIE51_RS11710		DNA topoisomerase IB	-0.390	0.334	-0.095	-0.577	0.077	0.247	0.161	0.144	0.837	0.470	-0.088	0.015	0.671	0.720	0.137	0.038	0.775	-0.424	-0.776	0.068	-0.114	0.651	1.009	-0.018	0.424
Lysobacter_OAE881	ABIE51_RS11715	ABIE51_RS11715		GIY-YIG nuclease family protein	0.082	0.028	1.010	0.966	-1.373	1.758	0.504	-0.571	-0.306	-1.991	-0.686	0.116	-0.083	0.692	-1.312	-1.104	0.457	1.902	-0.362	-1.488	-0.794	1.022	-0.733	-1.084	0.171
Lysobacter_OAE881	ABIE51_RS11720	ABIE51_RS11720		cupin domain-containing protein	0.549	1.210	0.888	1.220	-0.601	-0.996	0.047	-0.787	-0.242	-0.274	-1.179	0.508	-3.214	-0.888	0.691	-0.346	-0.009	0.321	1.677	-0.910	0.307	0.732	0.424	0.427	1.782
Lysobacter_OAE881	ABIE51_RS11735	ABIE51_RS11735		AarF/UbiB family protein	-0.077	1.212	0.281	-0.328	1.034	1.496	1.200	0.216	2.650	-1.572	1.355	0.600	0.605	0.401	-0.526	0.221	0.875	0.110	0.015	0.299	-1.736	1.058	0.178	-0.968	-0.756
Lysobacter_OAE881	ABIE51_RS11740	ABIE51_RS11740		VOC family protein	-0.937	-0.199	-0.281	0.131	-0.293	-1.531	-0.186	-1.726	0.135	-1.241	0.016	0.654	0.203	0.348	-0.460	-0.711	0.306	-2.155	-0.749	-0.188	0.257	-0.073	0.565	0.148	1.205
Lysobacter_OAE881	ABIE51_RS11745	ABIE51_RS11745		helix-turn-helix transcriptional regulator	0.453	0.351	1.149	-2.070	1.231	0.494	0.113	-1.098	0.329	0.499	0.678	0.722	1.089	0.591	-0.668	0.686	-0.357	0.159	2.007	-0.088	-0.896	-0.874	-2.038	-0.316	3.108
Lysobacter_OAE881	ABIE51_RS11750	ABIE51_RS11750		CBS domain-containing protein	-1.814	-1.404	0.360	-0.413	-0.223	-0.032	0.080	-0.479	0.016	-0.471	0.349	0.224	0.979	-1.777	0.006	-0.724	-0.094	-0.867	-0.332	-1.940	-0.719	0.277	-0.599	1.741	1.118
Lysobacter_OAE881	ABIE51_RS11755	ABIE51_RS11755		DUF4142 domain-containing protein	0.890	1.406	0.660	0.625	0.442	1.797	1.542	-0.173	0.172	0.298	0.073	1.072	-0.380	-1.498	-0.705	0.864	-0.856	0.697	-0.699	-0.332	0.352	0.862	-0.308	1.139	-0.350
Lysobacter_OAE881	ABIE51_RS11760	ABIE51_RS11760		hypothetical protein	-0.409	-0.050	0.799	1.104	0.717	0.707	-0.549	1.532	0.529	-0.288	1.043	0.372	-0.688	-0.372	0.244	0.886	2.023	0.527	0.351	-0.258	-0.297	-0.100	-0.272	0.925	0.458
Lysobacter_OAE881	ABIE51_RS11765	ABIE51_RS11765		sigma-54 dependent transcriptional regulator	-0.134	-0.950	-0.089	0.179	0.249	1.852	-0.961	1.308	0.784	1.059	-1.118	1.275	0.048	0.593	1.873	0.700	0.020	-0.168	1.042	1.156	-0.142	0.786	1.386	0.382	-0.092
Lysobacter_OAE881	ABIE51_RS11775	ABIE51_RS11775		BON domain-containing protein	0.233	0.350	0.579	0.023	-0.243	-0.134	0.524	-0.808	-1.073	-0.938	1.034	-0.979	0.408	-0.013	0.188	0.497	-0.570	-0.405	-0.318	-0.296	-0.387	0.364	0.001	-0.535	0.766
Lysobacter_OAE881	ABIE51_RS11780	ABIE51_RS11780		transmembrane repetitive protein	-0.310	-0.890	0.027	-0.595	-0.385	0.713	-2.108	-3.813	1.088	-0.363	12.693	1.838	-0.329	-1.018	-0.462	-0.673	2.149	-0.042	8.802	3.247	0.896	0.335	5.328	-2.490	-1.167
Lysobacter_OAE881	ABIE51_RS11790	ABIE51_RS11790		4a-hydroxytetrahydrobiopterin dehydratase	0.461	0.639	-2.495	-0.112	-4.863	-1.484	-1.067	-0.222	-0.570	0.866	-2.003	-1.594	-1.228	0.473	0.201	-3.413	-4.071	-3.944	0.328	-1.615	0.028	-1.898	-0.879	0.081	-0.255
Lysobacter_OAE881	ABIE51_RS11800	ABIE51_RS11800		RluA family pseudouridine synthase	0.015	0.159	1.048	1.761	-0.627	0.944	-0.980	-0.110	-0.004	-0.007	2.449	0.984	0.376	0.246	0.359	0.867	1.159	-1.415	0.670	0.693	0.792	-0.313	1.434	-0.373	0.492
Lysobacter_OAE881	ABIE51_RS11805	ABIE51_RS11805		ribonuclease E	-1.083	-0.957	-0.726	-0.272	-0.283	0.580	0.968	1.148	-0.017	1.496	1.540	-1.525	-0.773	0.484	-0.745	-1.055	-2.223	-0.053	1.200	-0.061	-0.196	-0.532	-0.678	-0.107	0.307
Lysobacter_OAE881	ABIE51_RS11810	ABIE51_RS11810		response regulator	1.352	-0.842	-0.223	-1.129	0.112	-0.717	-0.360	-0.843	0.218	0.080	-0.155	-0.491	-0.945	0.565	0.614	0.214	-0.727	-0.371	-1.016	-0.631	0.937	1.015	3.187	0.014	0.290
Lysobacter_OAE881	ABIE51_RS11815	ABIE51_RS11815		M28 family peptidase	-0.561	0.856	-0.457	-0.167	1.039	0.029	-1.873	0.553	-0.497	1.445	-0.274	-0.640	-0.769	0.974	0.267	-0.961	-0.788	-0.810	-0.965	0.967	-1.414	0.358	-0.693	0.285	-0.975
Lysobacter_OAE881	ABIE51_RS11820	ABIE51_RS11820		isocitrate lyase/phosphoenolpyruvate mutase family protein	0.205	0.456	0.226	1.671	0.519	-0.078	-1.347	0.299	-1.044	-1.091	-0.045	0.261	-1.023	-1.076	0.315	0.084	0.240	-2.006	1.112	0.351	-0.316	1.004	-0.454	0.075	-1.062
Lysobacter_OAE881	ABIE51_RS11835	ABIE51_RS11835		transcriptional repressor LexA	0.869	-0.078	-0.417	0.615	-0.745	-0.039	-0.843	0.319	0.638	0.033	-1.000	-0.759	-0.803	0.299	-0.746	-1.084	-0.295	-1.439	-0.013	0.249	0.373	-0.473	1.939	-0.775	-0.163
Lysobacter_OAE881	ABIE51_RS11840	ABIE51_RS11840		translesion DNA synthesis-associated protein ImuA	-2.039	-1.404	-2.545	-2.391	-1.825	-0.653	-0.952	-0.736	-1.299	-1.006	-0.416	-1.631	-0.815	-0.634	0.145	-1.191	-0.665	-1.437	-0.693	-1.245	-0.822	-2.615	-1.890	-0.468	0.362
Lysobacter_OAE881	ABIE51_RS11845	ABIE51_RS11845		DNA polymerase Y family protein	0.791	0.338	-1.224	-1.553	-0.270	-0.730	-1.145	-1.022	-0.105	0.057	-1.438	-0.512	-0.752	-0.008	-0.245	-0.623	-0.688	-1.071	-0.614	-0.514	-0.140	-1.075	0.822	-0.617	-0.577
Lysobacter_OAE881	ABIE51_RS11850	ABIE51_RS11850		error-prone DNA polymerase	-1.002	-0.456	-0.756	-0.330	-0.544	-0.949	-0.947	-0.128	0.073	-1.250	-0.884	-2.610	-0.173	-1.365	0.256	-0.446	0.150	-0.579	-0.224	-0.190	-1.144	0.192	-0.866	-0.618	-2.138
Lysobacter_OAE881	ABIE51_RS11855	ABIE51_RS11855		hypothetical protein	0.467	0.813	-0.477	-1.862	0.849	-0.926	-0.961	-0.991	-0.830	-0.964	-0.265	0.245	0.229	-0.499	1.455	0.593	-0.022	-1.016	0.066	-0.655	-0.176	-0.731	-0.640	-0.103	-1.398
Lysobacter_OAE881	ABIE51_RS11860	ABIE51_RS11860		TSUP family transporter	1.360	-2.475	0.711	0.688	0.671	0.252	0.496	-0.377	1.016	1.199	1.368	-0.133	-0.054	-0.272	0.130	0.060	-0.780	-0.031	0.331	1.391	-1.034	-1.874	0.177	-0.750	-1.176
Lysobacter_OAE881	ABIE51_RS11865	ABIE51_RS11865		hypothetical protein	-0.839	-0.359	0.178	0.741	-1.308	-0.054	-0.402	-1.016	-1.364	-0.518	0.279	0.134	0.702	1.586	1.004	0.431	-0.675	-0.279	-0.293	1.061	-0.823	0.840	0.838	-0.678	-0.844
Lysobacter_OAE881	ABIE51_RS11870	ABIE51_RS11870		hypothetical protein	0.025	1.202	0.365	0.518	-0.682	-0.202	-0.074	0.579	0.474	1.583	0.424	0.718	0.374	-0.927	0.056	-0.004	-0.284	-0.076	0.768	-0.218	1.088	-0.211	0.052	0.012	0.949
Lysobacter_OAE881	ABIE51_RS11875	ABIE51_RS11875		hypothetical protein	0.135	-1.401	-0.980	-1.467	-0.089	1.150	-1.209	0.118	-0.068	0.259	1.568	0.595	0.097	-0.562	0.204	-0.697	1.546	0.293	-0.012	0.014	-1.513	0.210	-0.897	1.950	-0.605
Lysobacter_OAE881	ABIE51_RS11880	ABIE51_RS11880		SulP family inorganic anion transporter	0.382	1.314	0.565	0.398	1.146	-0.124	-0.155	-0.922	-0.248	-0.811	0.403	1.802	1.095	1.127	0.839	0.064	-2.088	-1.685	0.854	0.286	-0.296	0.439	0.212	0.702	0.719
Lysobacter_OAE881	ABIE51_RS11885	ABIE51_RS11885		polyphosphate kinase 2	0.821	-0.630	2.581	0.272	0.304	1.823	0.994	-0.093	1.424	0.759	0.005	2.133	1.725	1.780	-0.431	1.575	-0.050	1.729	0.420	0.753	0.721	-0.058	1.904	0.964	-0.155
Lysobacter_OAE881	ABIE51_RS11890	ABIE51_RS11890		hypothetical protein	1.283	1.377	0.569	0.326	-0.107	0.590	0.162	0.423	0.087	-0.272	2.402	-0.974	1.615	0.381	-0.082	-0.466	0.377	0.174	1.640	1.277	0.708	-0.843	-1.535	2.913	0.083
Lysobacter_OAE881	ABIE51_RS11895	ABIE51_RS11895		sulfatase-like hydrolase/transferase	0.630	0.035	0.610	1.195	1.424	1.127	0.765	-0.300	-0.371	0.168	-0.324	1.130	1.126	0.506	-0.046	1.877	1.760	-1.037	0.460	0.277	-1.457	1.673	-0.173	2.986	1.213
Lysobacter_OAE881	ABIE51_RS11900	ABIE51_RS11900		sulfatase-like hydrolase/transferase	-1.520	-0.063	0.771	-0.830	1.926	-0.471	-0.349	0.275	0.752	1.171	1.280	-0.559	-1.366	0.171	1.334	0.380	0.926	-0.428	0.297	-0.360	0.639	0.171	0.036	1.539	0.785
Lysobacter_OAE881	ABIE51_RS11910	ABIE51_RS11910		alpha/beta hydrolase	-1.626	-1.469	0.373	2.032	0.217	-0.529	0.100	-2.185	-0.081	-0.965	-1.795	-1.670	-1.860	0.430	-1.911	-1.169	-0.368	-0.106	-0.565	-0.113	-2.060	0.169	0.794	-0.371	-0.559
Lysobacter_OAE881	ABIE51_RS11915	ABIE51_RS11915		poly-beta-1,6 N-acetyl-D-glucosamine export porin PgaA	0.682	2.435	0.758	0.853	-0.035	0.277	-0.915	-0.683	0.167	-0.561	1.824	0.567	-0.480	-0.056	0.331	-0.590	0.575	-0.139	0.683	0.439	0.586	-0.455	0.105	0.048	0.575
Lysobacter_OAE881	ABIE51_RS11920	ABIE51_RS11920		poly-beta-1,6-N-acetyl-D-glucosamine N-deacetylase PgaB	-0.945	-0.564	-0.639	-0.483	-1.518	-1.356	-1.736	-1.692	-0.448	-2.135	-2.171	-0.965	-0.059	0.385	-0.140	0.393	-0.150	-1.365	1.083	0.444	0.279	0.260	-2.360	-0.668	-1.887
Lysobacter_OAE881	ABIE51_RS11925	ABIE51_RS11925		poly-beta-1,6-N-acetyl-D-glucosamine synthase	-0.387	0.081	0.770	-0.845	1.263	1.209	0.971	0.285	-0.410	0.791	1.485	0.385	-0.245	1.943	0.213	-1.047	0.943	0.393	0.532	0.367	0.923	1.919	1.344	0.568	-0.178
Lysobacter_OAE881	ABIE51_RS11930	ABIE51_RS11930		hypothetical protein	-0.719	-1.780	0.966	0.529	-0.786	-0.034	0.920	1.104	-0.036	2.026	0.339	-0.609	-0.935	1.987	-0.184	0.598	-0.298	0.976	-1.231	2.323	-0.504	0.466	1.411	0.605	1.237
Lysobacter_OAE881	ABIE51_RS11935	ABIE51_RS11935		alpha/beta fold hydrolase	-0.820	-1.444	0.302	-1.154	-1.505	0.634	1.128	-0.365	-1.048	-0.869	-0.976	-1.006	-1.791	-0.164	0.474	0.745	0.937	0.418	-1.456	-0.673	-0.422	-0.211	-0.304	-0.754	-0.914
Lysobacter_OAE881	ABIE51_RS11940	ABIE51_RS11940		methanethiol S-methyltransferase	0.490	-0.087	-0.623	0.281	-0.007	-1.108	-0.669	-0.345	-1.054	1.490	-0.382	0.332	0.355	-0.550	-0.466	0.501	2.101	-0.303	-0.269	-1.964	0.091	-1.117	-0.968	-0.325	-0.881
Lysobacter_OAE881	ABIE51_RS11945	ABIE51_RS11945		SDR family NAD(P)-dependent oxidoreductase	0.556	0.721	0.596	-0.158	0.607	1.079	-0.073	0.072	0.677	-0.679	1.784	-0.134	-0.137	-0.192	0.507	-0.569	-0.021	0.810	0.869	0.479	-0.765	0.051	0.995	1.346	-1.216
Lysobacter_OAE881	ABIE51_RS11950	ABIE51_RS11950		epoxide hydrolase	0.077	1.118	-1.319	0.514	0.821	0.052	0.520	-0.131	-0.021	-0.397	1.504	-1.615	-0.154	-0.740	-1.472	1.101	0.364	0.148	1.949	0.992	-1.077	-0.046	-0.724	1.478	0.398
Lysobacter_OAE881	ABIE51_RS11955	ABIE51_RS11955		DNA starvation/stationary phase protection protein	0.056	-0.910	0.662	2.045	0.236	0.482	-2.333	0.277	0.280	0.251	-0.167	1.111	0.899	-1.318	0.593	0.597	-0.387	0.541	0.171	-1.577	1.079	-0.708	-0.532	-0.220	-0.932
Lysobacter_OAE881	ABIE51_RS11960	ABIE51_RS11960		PAS domain S-box protein	-0.387	-0.205	-0.402	0.495	0.828	2.488	0.416	1.643	-0.076	1.837	0.219	1.113	-0.625	1.249	1.331	-1.105	0.137	-0.842	-1.349	1.972	-0.362	1.447	1.955	1.370	0.476
Lysobacter_OAE881	ABIE51_RS11970	ABIE51_RS11970		response regulator transcription factor	-0.668	-1.669	-0.448	-1.199	-0.355	-2.779	0.195	-0.670	-0.188	0.266	-0.417	0.458	-0.473	-0.383	0.025	-0.075	-0.087	-1.084	-0.548	-1.162	0.327	-0.833	0.448	-0.090	0.317
Lysobacter_OAE881	ABIE51_RS11975	ABIE51_RS11975		response regulator	0.722	0.830	0.660	0.080	-0.717	0.173	0.223	1.512	0.306	-0.068	0.731	-0.103	1.465	0.320	0.277	0.426	0.058	1.172	0.212	1.776	0.559	0.330	1.635	1.590	-0.620
Lysobacter_OAE881	ABIE51_RS11980	ABIE51_RS11980		alpha/beta hydrolase	0.033	-0.250	0.239	1.829	0.154	1.835	-0.017	0.860	-0.042	1.134	-0.297	-0.066	0.081	2.111	1.712	0.418	2.000	0.648	1.065	-0.153	1.430	1.989	-1.149	0.221	0.666
Lysobacter_OAE881	ABIE51_RS11985	ABIE51_RS11985		alpha/beta hydrolase	0.835	-0.930	-1.498	-0.741	0.935	0.489	1.629	0.225	-0.109	1.160	-0.321	1.294	2.298	0.044	1.474	0.401	-1.046	0.396	0.011	0.548	0.475	-0.764	1.256	-0.611	-1.476
Lysobacter_OAE881	ABIE51_RS11990	ABIE51_RS11990		oxidoreductase	1.552	0.854	1.431	-1.005	0.652	0.401	0.906	1.512	0.618	1.672	1.210	1.198	1.974	1.420	-0.647	1.099	0.010	1.449	0.777	-0.154	0.614	2.377	0.288	-1.344	0.485
Lysobacter_OAE881	ABIE51_RS12000	ABIE51_RS12000		alpha/beta hydrolase	0.364	0.832	1.224	1.320	-0.024	0.141	0.898	0.779	1.390	0.393	0.894	1.748	1.686	1.134	-0.297	1.612	1.276	-0.622	1.601	0.081	-0.952	0.078	1.430	-0.850	-0.223
Lysobacter_OAE881	ABIE51_RS12005	ABIE51_RS12005		SDR family oxidoreductase	-1.831	-0.934	-0.189	-1.620	0.956	0.285	0.605	0.751	0.997	0.597	1.839	0.564	-0.455	0.970	0.791	0.661	-0.116	-1.214	-0.053	1.022	0.474	-0.046	-0.415	0.486	0.460
Lysobacter_OAE881	ABIE51_RS12010	ABIE51_RS12010		low temperature requirement protein A	0.059	0.975	0.582	-0.173	-0.400	0.277	1.246	1.113	-0.409	-0.044	0.665	-1.281	0.552	0.103	1.854	0.324	0.558	-0.563	0.081	1.357	-0.791	-1.483	-0.703	0.096	1.028
Lysobacter_OAE881	ABIE51_RS12015	ABIE51_RS12015		carboxymuconolactone decarboxylase family protein	-0.079	-0.316	-0.138	-0.098	-1.399	1.026	0.563	0.130	-0.456	-1.350	0.979	-2.491	-0.137	0.291	-0.985	0.408	-0.621	-0.642	0.028	-0.531	-1.778	-0.202	-1.095	-0.137	-1.291
Lysobacter_OAE881	ABIE51_RS12020	ABIE51_RS12020		alpha/beta hydrolase	0.027	0.754	-0.340	-0.123	1.283	0.769	0.273	-0.027	-0.484	0.321	1.480	-0.220	0.456	-0.937	1.153	-0.189	0.343	0.341	-0.346	1.010	-1.121	0.059	0.298	-0.814	0.165
Lysobacter_OAE881	ABIE51_RS12025	ABIE51_RS12025		DUF1254 domain-containing protein	-0.363	0.832	-0.360	-0.824	-0.159	0.113	0.622	-0.828	-0.154	0.327	-1.384	0.148	-1.277	-1.402	0.563	-0.215	-0.318	0.075	-0.125	-0.909	-0.919	0.133	-0.945	-0.140	-0.862
Lysobacter_OAE881	ABIE51_RS12030	ABIE51_RS12030		alpha/beta hydrolase	1.205	0.459	0.128	-0.099	-0.543	-1.157	-0.576	0.054	0.245	0.328	-2.836	-0.233	-0.286	-2.332	0.050	-1.634	-0.944	-0.387	0.409	-0.556	-0.567	-0.400	-0.717	-0.368	-1.691
Lysobacter_OAE881	ABIE51_RS12040	ABIE51_RS12040		hypothetical protein	2.832	0.178	-0.253	0.351	0.581	-1.180	-1.101	0.078	0.441	0.386	0.992	0.017	0.481	-0.034	0.352	-1.400	1.142	0.129	0.354	2.008	0.335	0.594	1.116	-0.014	-0.493
Lysobacter_OAE881	ABIE51_RS12045	ABIE51_RS12045		YkgJ family cysteine cluster protein	0.187	0.711	0.165	0.915	0.084	-0.408	-0.976	-0.329	0.270	1.002	-1.099	-0.084	-0.082	0.183	-0.581	0.431	1.887	-0.167	0.535	0.150	-0.339	0.051	-0.933	-0.052	0.246
Lysobacter_OAE881	ABIE51_RS12050	ABIE51_RS12050		hypothetical protein	-0.778	0.295	-1.459	-0.524	-0.700	-0.924	-0.816	-0.321	-1.066	0.931	-0.557	0.480	0.361	-1.100	-0.499	0.358	0.495	-0.300	-0.312	-0.934	-1.300	-0.503	0.124	-0.151	-0.033
Lysobacter_OAE881	ABIE51_RS12055	ABIE51_RS12055		hypothetical protein	0.381	-0.469	0.079	-0.485	-0.182	0.822	-0.509	0.284	-0.418	-0.004	-0.601	0.394	0.125	-0.598	-0.829	-0.034	1.123	1.073	0.052	0.886	-1.234	0.007	0.125	0.296	0.707
Lysobacter_OAE881	ABIE51_RS12060	ABIE51_RS12060		hypothetical protein	-0.822	0.801	0.413	-0.301	0.599	1.195	0.156	-1.019	0.395	0.042	-0.086	-0.434	1.401	0.559	-0.576	0.211	0.542	-1.428	1.397	0.556	-0.338	0.710	1.193	0.360	-0.225
Lysobacter_OAE881	ABIE51_RS12065	ABIE51_RS12065		hypothetical protein	1.208	-0.744	-0.078	0.026	0.281	0.861	-0.082	-0.288	-0.428	1.382	0.079	0.908	-0.480	1.347	-0.659	-0.360	0.345	1.191	-0.159	0.544	-0.069	0.046	0.023	-0.116	1.314
Lysobacter_OAE881	ABIE51_RS12070	ABIE51_RS12070		hypothetical protein	0.760	0.707	0.245	-0.215	-0.187	0.791	-0.888	0.248	0.889	0.249	-0.505	0.310	1.398	-0.627	0.411	0.407	-0.210	0.281	0.787	0.830	-0.012	0.472	1.099	1.084	0.016
Lysobacter_OAE881	ABIE51_RS12075	ABIE51_RS12075		type VI secretion system tip protein TssI/VgrG	-0.771	0.234	-0.722	-0.733	-0.269	-1.002	-0.543	-1.032	-0.103	-1.441	-0.397	0.060	0.558	-0.778	-1.224	-0.728	-0.443	0.844	0.278	0.420	-1.047	-0.578	-0.343	0.493	-0.981
Lysobacter_OAE881	ABIE51_RS12080	ABIE51_RS12080		helix-turn-helix transcriptional regulator	0.732	0.077	-0.848	-0.865	-0.466	-0.326	0.274	0.125	-0.363	1.047	3.299	-0.349	0.476	1.781	0.963	0.067	-0.371	0.730	-0.043	0.130	0.384	1.194	-0.466	0.109	0.234
Lysobacter_OAE881	ABIE51_RS12085	ABIE51_RS12085		ArsI/CadI family heavy metal resistance metalloenzyme	-0.606	-1.084	-1.542	0.549	-0.936	-1.325	0.732	-1.353	-0.990	-1.745	0.463	-1.060	-2.022	-1.486	0.406	0.009	-0.557	-0.993	-1.218	-0.967	-0.549	-1.525	-0.879	-0.209	-1.748
Lysobacter_OAE881	ABIE51_RS12090	ABIE51_RS12090		arsenic resistance N-acetyltransferase ArsN2	2.409	1.358	1.268	-0.951	-0.451	0.436	0.511	0.833	0.849	-1.204	1.702	0.345	0.844	1.767	1.464	1.282	1.418	1.036	1.493	1.265	2.386	0.282	1.487	0.568	-1.032
Lysobacter_OAE881	ABIE51_RS12095	ABIE51_RS12095		MIP/aquaporin family protein	-1.277	-0.562	-0.065	0.216	-0.324	2.109	0.314	-0.744	-0.253	-0.554	-0.252	-0.163	-0.672	0.624	0.019	-0.843	-0.114	-1.067	-1.082	0.710	-0.575	0.907	-0.020	0.310	-1.064
Lysobacter_OAE881	ABIE51_RS12100	ABIE51_RS12100		AprI/Inh family metalloprotease inhibitor	0.401	0.122	-0.995	-1.198	0.421	0.060	1.668	-0.504	-0.840	-1.511	0.610	-0.613	-1.337	-0.208	-0.277	0.411	-0.298	0.790	0.734	0.276	0.249	-0.052	-0.248	1.821	0.073
Lysobacter_OAE881	ABIE51_RS12110	ABIE51_RS12110		LysR family transcriptional regulator	-0.374	-1.106	-0.529	-1.273	0.333	-0.137	1.024	-0.364	-0.201	-0.229	0.550	-0.229	0.959	0.019	-0.650	-1.557	1.011	0.181	0.937	0.989	1.009	0.178	-0.820	0.486	-0.434
Lysobacter_OAE881	ABIE51_RS12115	ABIE51_RS12115		NAD(P)H-dependent oxidoreductase	0.068	0.104	1.024	-2.067	1.181	-0.235	-0.534	-0.304	0.729	0.062	1.103	0.109	0.936	1.317	0.910	0.769	-0.338	0.312	0.038	0.109	0.375	0.755	1.508	0.139	0.309
Lysobacter_OAE881	ABIE51_RS12125	ABIE51_RS12125		TonB family protein	0.054	-0.144	-0.830	0.464	-1.576	0.004	0.143	-0.791	0.425	0.255	0.328	0.500	-0.322	-0.035	0.030	-0.378	0.493	0.017	0.515	0.543	-1.268	-0.135	-0.580	0.191	1.024
Lysobacter_OAE881	ABIE51_RS12140	ABIE51_RS12140		histidinol-phosphate transaminase	-0.028	-0.014	-2.330	0.909	-1.350	-2.342	0.627	-0.029	0.255	1.187	-2.111	-1.916	0.006	-0.110	0.601	-2.668	-1.112	-1.237	-2.962	0.349	0.603	-0.563	-0.986	0.090	-0.486
Lysobacter_OAE881	ABIE51_RS12145	ABIE51_RS12145		prephenate dehydratase	0.223	1.020	-2.249	-0.065	-7.354	-9.583	0.283	-12.480	-8.609	-1.286	-2.327	-7.043	-1.204	1.446	-0.583	-3.048	-7.233	-7.289	-10.659	-5.286	-2.273	-0.575	-6.869	-0.269	0.457
Lysobacter_OAE881	ABIE51_RS12150	ABIE51_RS12150		3-phosphoserine/phosphohydroxythreonine transaminase	0.343	0.940	-3.601	0.043	-8.279	-18.005	-1.616	-15.813	-7.243	-0.652	-2.202	-6.620	-2.882	1.194	0.876	-4.082	-5.172	-10.272	-10.732	0.877	-1.658	1.424	-4.019	3.197	-0.765
Lysobacter_OAE881	ABIE51_RS12155	ABIE51_RS12155		protein-methionine-sulfoxide reductase catalytic subunit MsrP	-0.754	-0.142	-0.844	-1.030	-0.001	0.320	-0.163	0.048	0.233	-0.931	0.441	-0.489	0.107	-0.720	-0.722	-0.914	0.716	-0.778	-1.087	0.474	-1.842	-0.287	-0.475	-0.444	-0.548
Lysobacter_OAE881	ABIE51_RS12160	ABIE51_RS12160		protein-methionine-sulfoxide reductase heme-binding subunit MsrQ	-0.106	-0.485	-1.172	0.012	-0.114	0.363	-0.779	-0.627	0.000	-1.306	0.593	-1.483	0.182	-0.632	0.200	-0.138	-0.099	-1.342	-0.304	0.376	-0.891	-0.842	0.353	-0.195	-0.451
Lysobacter_OAE881	ABIE51_RS12170	ABIE51_RS12170		polyhydroxyalkanoic acid system family protein	1.361	-0.745	-0.497	-0.384	1.095	0.200	1.808	0.276	0.925	-0.593	1.589	-0.025	-0.384	-0.925	3.713	-0.321	-2.474	0.563	2.067	1.203	-2.053	-0.131	0.156	0.389	-0.918
Lysobacter_OAE881	ABIE51_RS12175	ABIE51_RS12175		hypothetical protein	-0.415	-2.695	-0.648	-0.180	-2.103	0.094	0.829	-0.809	0.065	-0.973	-0.347	-0.805	-0.123	-0.488	-1.718	-0.180	-1.550	-2.024	0.002	-0.419	-1.329	-0.651	-1.683	-2.588	-0.165
Lysobacter_OAE881	ABIE51_RS12180	ABIE51_RS12180		patatin-like phospholipase family protein	-2.562	-1.147	-1.838	-0.664	0.030	1.305	-2.199	-0.219	-1.483	-0.539	0.319	-0.594	-0.788	2.387	0.714	-1.000	0.185	0.139	-1.993	-0.735	-1.053	0.538	-1.131	0.471	0.942
Lysobacter_OAE881	ABIE51_RS12185	ABIE51_RS12185		DUF72 domain-containing protein	0.462	-1.150	-0.429	0.391	0.098	0.029	1.388	0.586	-0.169	-0.177	-2.243	0.479	-0.355	0.210	0.260	-0.035	0.508	-0.237	-0.495	-0.297	0.668	-0.079	0.427	-0.015	0.093
Lysobacter_OAE881	ABIE51_RS12190	ABIE51_RS12190		NAD(P)/FAD-dependent oxidoreductase	-2.430	-0.229	0.342	0.011	-0.175	-0.463	-0.149	-0.861	-0.270	0.307	-0.504	-0.081	0.460	0.345	1.165	-1.880	0.048	0.548	-0.453	-0.067	-1.461	1.427	0.055	-0.176	-0.018
Lysobacter_OAE881	ABIE51_RS12195	ABIE51_RS12195		M14 family metallopeptidase	-1.110	-0.829	-0.145	-0.264	-0.609	1.009	-1.378	-0.539	-0.359	-0.121	-0.237	-0.109	-0.594	-1.058	-0.727	-0.688	-0.329	-0.617	0.138	-0.469	-1.050	-1.091	0.678	-0.660	0.329
Lysobacter_OAE881	ABIE51_RS12200	ABIE51_RS12200		YbaY family lipoprotein	-0.525	1.194	-0.920	-0.323	-0.731	-0.362	0.858	-1.119	0.204	-0.779	-1.656	0.590	0.041	-0.825	-0.303	0.573	-0.615	-1.138	0.525	1.260	-1.112	-0.902	-0.665	-0.669	-0.594
Lysobacter_OAE881	ABIE51_RS12205	ABIE51_RS12205		STAS/SEC14 domain-containing protein	0.596	1.754	1.110	1.174	-0.680	-0.112	1.905	0.133	0.250	0.862	0.578	1.445	2.316	0.472	0.275	0.034	1.630	1.103	1.003	0.897	1.522	0.255	1.230	0.142	0.904
Lysobacter_OAE881	ABIE51_RS12210	ABIE51_RS12210		YdeI/OmpD-associated family protein	-1.958	0.062	-0.430	-0.247	-0.737	0.220	-0.697	-1.046	0.525	0.361	-0.948	-0.656	-0.628	-1.001	-1.371	-0.923	0.654	-0.312	0.439	0.025	-1.322	0.125	0.304	0.057	-1.645
Lysobacter_OAE881	ABIE51_RS12220	ABIE51_RS12220		RNA 2',3'-cyclic phosphodiesterase	-0.506	-0.724	-0.297	0.953	0.482	1.489	0.530	1.929	1.077	-0.055	-0.218	-0.421	-0.907	0.384	0.335	0.867	1.612	-1.289	-0.529	-0.958	-1.413	-0.390	0.367	2.348	0.282
Lysobacter_OAE881	ABIE51_RS12230	ABIE51_RS12230		NHL repeat-containing protein	0.118	0.100	-0.087	0.364	0.368	-0.268	-1.272	0.592	0.732	-1.037	0.900	0.218	1.483	0.812	0.008	0.411	0.861	-0.575	0.259	0.817	-0.813	0.727	1.190	0.368	0.842
Lysobacter_OAE881	ABIE51_RS12235	ABIE51_RS12235		alpha-ketoglutarate-dependent dioxygenase AlkB	0.402	0.900	0.752	-0.290	-0.787	-0.840	0.163	-1.368	-0.537	0.788	-1.088	1.370	0.093	0.074	1.299	-0.868	0.162	-0.166	0.221	0.347	-0.358	1.308	0.039	1.150	-0.672
Lysobacter_OAE881	ABIE51_RS12240	ABIE51_RS12240		ribosomal protection-like ABC-F family protein	-0.730	1.674	0.278	2.257	1.060	2.058	1.686	1.433	1.291	0.671	1.615	1.170	0.766	0.276	0.902	0.274	2.353	0.645	0.803	1.879	-0.601	1.786	0.932	0.434	0.460
Lysobacter_OAE881	ABIE51_RS12245	ABIE51_RS12245		oxygenase MpaB family protein	0.014	-0.206	-0.751	-0.583	0.551	0.946	-1.337	0.361	0.070	-0.951	0.555	-0.287	-0.141	0.531	-0.086	0.171	0.468	0.459	0.000	1.531	-0.030	-0.299	-0.289	-0.800	0.086
Lysobacter_OAE881	ABIE51_RS12250	ABIE51_RS12250		hypothetical protein	-0.410	-0.682	-0.472	-0.900	0.281	-0.039	0.404	0.198	-0.236	0.206	-0.452	-0.238	0.370	-0.041	1.128	-0.828	0.206	-0.508	-0.144	-1.450	-0.043	0.641	-0.077	-0.104	-0.078
Lysobacter_OAE881	ABIE51_RS12255	ABIE51_RS12255		protein adenylyltransferase SelO	-0.461	0.456	-1.361	0.303	-2.743	-1.171	-0.408	-6.329	-1.329	0.043	0.203	-1.346	-0.429	-0.888	-1.041	-1.121	-1.820	-3.311	-2.304	-1.986	-1.450	0.526	-3.312	-1.097	1.099
Lysobacter_OAE881	ABIE51_RS12260	ABIE51_RS12260		amidohydrolase family protein	0.309	-0.612	0.132	-0.520	-0.362	0.814	-0.982	1.228	0.377	0.792	-2.019	0.151	0.872	-0.012	-1.433	0.584	1.421	0.454	-0.510	0.826	-1.985	0.104	0.703	-0.842	-0.533
Lysobacter_OAE881	ABIE51_RS12265	ABIE51_RS12265		DEAD/DEAH box helicase	-0.377	0.035	-0.893	0.167	-0.814	-0.745	-1.397	-0.287	-1.349	-0.204	-2.648	-0.715	0.115	-0.025	-0.530	-0.703	-0.020	-0.612	-0.926	-1.031	-0.623	-0.532	-0.586	-1.452	-0.458
Lysobacter_OAE881	ABIE51_RS12270	ABIE51_RS12270		EamA family transporter	-0.481	-0.919	-0.576	0.601	-0.467	-0.305	-0.051	-0.373	-1.097	-1.770	-0.998	-1.967	-0.761	-0.367	-0.789	-0.791	-0.140	-1.740	-1.642	-0.876	-0.963	-0.100	0.370	-0.764	-0.534
Lysobacter_OAE881	ABIE51_RS12275	ABIE51_RS12275		gamma-glutamyl-gamma-aminobutyrate hydrolase family protein	-0.390	0.313	0.857	0.586	-0.056	1.002	0.989	0.712	-0.282	0.462	0.953	0.148	-0.693	0.571	-1.128	-0.322	1.114	0.683	-0.915	-0.512	-0.582	0.262	0.609	0.952	-0.485
Lysobacter_OAE881	ABIE51_RS12280	ABIE51_RS12280		phasin family protein	-0.080	-0.197	0.485	1.616	-0.635	0.661	-2.170	0.656	0.793	-0.231	-0.171	-0.342	-0.452	-0.635	-0.797	-1.272	-0.775	0.142	0.479	0.020	-0.235	-0.357	-1.533	0.103	0.108
Lysobacter_OAE881	ABIE51_RS12285	ABIE51_RS12285		restriction endonuclease	0.489	0.553	-0.090	0.085	-0.783	-0.792	-0.957	0.795	0.556	0.190	2.100	0.333	-0.546	0.848	-0.231	-0.520	-0.525	1.340	-0.937	-0.399	-0.354	1.803	-1.036	1.748	-0.267
Lysobacter_OAE881	ABIE51_RS12290	ABIE51_RS12290		SDR family oxidoreductase	-0.217	-0.875	-0.443	0.609	-0.512	0.417	-0.040	0.020	-0.321	0.061	0.011	0.277	0.835	-0.730	0.423	0.673	0.980	1.084	0.444	0.041	-0.015	-0.120	0.277	1.305	1.313
Lysobacter_OAE881	ABIE51_RS12295	ABIE51_RS12295		acyl-CoA-binding protein	0.940	-0.579	0.173	0.395	-0.095	-1.323	-0.099	-0.586	0.337	-0.145	-0.599	-0.503	0.280	0.384	-0.277	-0.029	0.928	0.389	-0.923	0.658	1.397	0.133	1.840	0.797	0.234
Lysobacter_OAE881	ABIE51_RS12300	ABIE51_RS12300		TetR/AcrR family transcriptional regulator	0.653	-0.108	0.667	0.937	-0.414	0.531	1.267	0.788	-1.150	0.005	-0.044	0.350	0.996	0.530	0.411	1.224	0.494	2.315	-0.286	-0.170	-0.422	0.365	0.195	-0.439	1.190
Lysobacter_OAE881	ABIE51_RS12305	ABIE51_RS12305		hypothetical protein	-1.309	-0.320	0.098	0.526	0.896	-0.374	-0.694	0.645	-1.315	-0.298	0.198	0.992	1.157	-0.899	-0.303	0.530	0.315	-0.940	0.969	0.627	-1.112	-0.312	0.746	1.299	0.649
Lysobacter_OAE881	ABIE51_RS12310	ABIE51_RS12310		response regulator transcription factor	-1.900	-0.835	-0.705	-0.821	-0.224	-1.484	-2.584	-0.369	-0.620	0.882	-0.265	-0.145	-0.577	-0.285	0.491	-0.563	-0.714	-1.765	-0.757	-1.957	-1.020	-0.382	-0.808	-2.226	-1.716
Lysobacter_OAE881	ABIE51_RS12320	ABIE51_RS12320		site-specific integrase	-0.179	0.595	1.021	1.793	1.287	1.642	0.057	0.446	0.244	0.381	-0.838	0.539	0.353	1.546	1.129	0.669	1.024	-0.109	0.564	1.269	0.183	0.219	0.739	0.967	-0.297
Lysobacter_OAE881	ABIE51_RS12325	ABIE51_RS12325		hypothetical protein	-1.621	1.411	-0.889	-1.869	0.785	0.157	-0.657	0.083	0.546	-0.540	-0.940	-0.302	-0.068	-1.012	-0.229	0.070	0.277	0.482	-1.313	-0.277	1.440	0.372	2.681	-0.136	0.138
Lysobacter_OAE881	ABIE51_RS12335	ABIE51_RS12335		CHC2 zinc finger domain-containing protein	-0.242	0.499	0.546	1.703	0.640	-0.006	-1.171	-0.728	-1.207	0.096	-1.178	1.437	1.394	-1.165	-0.831	1.294	-0.774	0.652	1.405	-0.690	-0.267	0.104	-0.287	0.353	-1.380
Lysobacter_OAE881	ABIE51_RS12340	ABIE51_RS12340		DUF3987 domain-containing protein	-0.225	0.499	0.386	-0.241	-0.189	-0.243	0.022	-0.011	1.408	-1.550	-0.104	0.943	1.203	0.958	0.490	1.068	-0.179	0.533	1.515	-1.846	-0.483	0.859	-0.572	-0.541	0.496
Lysobacter_OAE881	ABIE51_RS12345	ABIE51_RS12345		helix-turn-helix transcriptional regulator	-2.176	-1.130	-0.612	-0.168	0.360	-0.516	0.479	0.150	0.188	0.935	1.835	-0.429	0.754	-1.800	1.141	-2.001	-0.546	0.638	-0.423	-1.126	1.177	0.522	1.231	-0.441	-0.630
Lysobacter_OAE881	ABIE51_RS12350	ABIE51_RS12350		hypothetical protein	-1.476	0.542	-0.408	0.419	0.537	0.476	-0.213	-0.470	-0.368	0.930	-0.737	0.043	0.703	-0.213	0.354	0.011	1.240	0.435	-0.788	-0.669	0.138	0.008	0.008	0.550	0.072
Lysobacter_OAE881	ABIE51_RS12355	ABIE51_RS12355		PIN domain-containing protein	-0.375	-0.048	0.516	-0.270	-0.466	-0.033	0.133	-0.881	0.405	0.968	-0.379	0.205	0.743	0.457	0.933	0.397	-0.286	0.901	-0.231	-0.594	0.789	-0.064	0.637	0.638	-1.207
Lysobacter_OAE881	ABIE51_RS12360	ABIE51_RS12360		hypothetical protein	0.187	-1.151	1.639	-0.898	-1.788	-4.719	-1.927	-4.588	-1.883	-2.746	-0.796	-3.105	-1.152	0.567	-1.372	0.714	-1.873	-4.916	-2.796	-2.321	-0.630	-0.273	-2.821	-0.524	-0.392
Lysobacter_OAE881	ABIE51_RS12365	ABIE51_RS12365		hypothetical protein	1.708	0.311	-0.140	0.119	0.497	-0.012	2.975	0.419	0.679	0.048	-0.435	0.582	1.822	0.287	-0.019	1.122	1.914	0.705	0.708	-0.406	1.863	-1.293	-0.765	2.129	0.559
Lysobacter_OAE881	ABIE51_RS12370	ABIE51_RS12370		hypothetical protein	-0.984	0.440	-0.069	0.325	-0.080	0.082	-1.081	-0.554	-0.018	-0.289	-1.028	0.305	-0.570	0.255	0.125	-0.134	-0.654	-0.478	-0.470	-0.974	-0.015	-1.052	-0.247	-1.057	-0.379
Lysobacter_OAE881	ABIE51_RS12375	ABIE51_RS12375		NERD domain-containing protein	-0.819	0.396	-0.019	0.794	-0.007	0.529	0.104	-0.114	-1.060	-0.187	0.329	0.766	-0.061	-0.141	0.330	-0.402	0.368	-0.097	-0.380	0.447	-0.012	0.327	-0.025	0.527	-1.276
Lysobacter_OAE881	ABIE51_RS12380	ABIE51_RS12380		DEAD/DEAH box helicase	-0.665	0.028	0.009	0.837	0.408	0.413	1.389	-0.107	-0.193	0.122	-0.560	-0.225	0.847	0.521	0.308	-0.196	0.119	0.033	-0.044	0.029	-0.371	-0.876	-0.627	0.461	0.171
Lysobacter_OAE881	ABIE51_RS12385	ABIE51_RS12385		hypothetical protein	-0.430	-0.225	-0.249	0.320	-0.630	0.029	-0.103	-0.164	-1.009	0.095	-0.336	-0.765	0.028	-0.348	-0.411	-0.185	-0.495	-0.335	0.040	0.113	0.074	-0.780	-0.407	-0.015	-0.086
Lysobacter_OAE881	ABIE51_RS12390	ABIE51_RS12390		hypothetical protein	-0.375	-0.435	-0.163	-0.136	-0.075	-0.698	-0.070	-1.191	0.317	0.665	0.592	0.353	-0.079	0.768	0.132	-0.331	-0.149	0.585	0.977	-0.411	1.088	0.273	0.171	-0.471	0.446
Lysobacter_OAE881	ABIE51_RS12395	ABIE51_RS12395		MvaI/BcnI family restriction endonuclease	-0.324	0.905	0.756	0.932	1.119	1.335	0.660	0.614	0.331	0.542	0.477	1.408	0.243	0.943	0.502	0.973	0.977	0.294	1.017	1.439	0.069	0.705	0.559	1.536	0.962
Lysobacter_OAE881	ABIE51_RS12400	ABIE51_RS12400		DNA cytosine methyltransferase	-0.035	0.207	0.680	0.489	-0.080	-0.134	-0.509	-0.063	0.147	0.522	-0.079	0.016	0.364	0.817	0.602	0.491	0.396	0.146	-0.155	0.463	0.496	-0.652	0.031	0.301	0.804
Lysobacter_OAE881	ABIE51_RS12405	ABIE51_RS12405		very short patch repair endonuclease	0.146	0.874	0.552	-0.030	-0.597	0.221	-0.514	0.119	-0.679	0.597	0.066	-0.119	0.134	0.529	0.567	0.350	-0.288	-0.027	0.486	-0.330	-0.084	1.102	0.726	0.347	3.193
Lysobacter_OAE881	ABIE51_RS12410	ABIE51_RS12410		patatin-like phospholipase family protein	-0.841	-0.375	0.232	0.439	-0.281	-0.455	-0.637	-0.474	-0.063	-0.002	-0.516	-0.411	0.562	-0.186	-0.434	0.035	-0.033	0.412	0.058	0.432	1.102	-0.293	-0.237	-0.116	0.203
Lysobacter_OAE881	ABIE51_RS12415	ABIE51_RS12415		hypothetical protein	-0.047	0.405	0.268	0.480	0.367	0.174	0.499	-0.036	0.113	0.560	-0.733	0.456	0.752	0.503	0.721	0.090	0.420	0.912	0.404	0.318	-0.365	-0.499	0.802	0.612	0.249
Lysobacter_OAE881	ABIE51_RS12420	ABIE51_RS12420		arsenate reductase (glutaredoxin)	0.062	0.316	0.155	-0.238	0.583	0.234	2.141	-1.205	-0.503	-1.406	0.201	1.165	0.347	-0.001	-0.447	-0.046	0.164	-0.651	0.281	0.673	0.589	0.014	-0.023	-1.228	0.202
Lysobacter_OAE881	ABIE51_RS12425	ABIE51_RS12425		nucleotide sugar dehydrogenase	-3.375	-5.659	0.728	-3.810	-1.656	-2.479	-2.879	1.019	-2.981	-2.505	0.659	-3.580	-2.123	-1.171	-1.613	-0.366	-0.463	-2.061	0.121	-1.133	-4.268	2.106	-0.185	-5.689	-4.053
Lysobacter_OAE881	ABIE51_RS12430	ABIE51_RS12430		hypothetical protein	-1.419	0.012	-1.133	-1.139	-0.081	-0.641	-0.551	-0.604	-1.862	-0.988	-2.396	-1.448	-1.065	-0.662	-0.735	-0.783	-0.370	-1.169	-1.128	-0.086	0.479	0.201	-1.437	0.724	-0.635
Lysobacter_OAE881	ABIE51_RS12455	ABIE51_RS12455		excinuclease ABC subunit UvrC	-0.292	0.697	0.818	0.487	-1.262	2.795	-1.229	-0.582	0.079	0.236	0.723	0.100	0.289	-1.371	-3.030	0.909	-0.920	-2.280	-0.552	-0.696	0.328	0.104	0.361	-0.025	-1.540
Lysobacter_OAE881	ABIE51_RS12460	ABIE51_RS12460		low molecular weight protein-tyrosine-phosphatase	-1.032	-0.752	-0.708	-0.643	-0.130	-1.181	0.329	-1.143	-0.729	0.670	0.003	-0.223	-0.936	-0.944	0.614	-0.551	-0.676	-1.742	-0.369	-0.472	-0.525	-0.145	0.307	-1.254	-1.822
Lysobacter_OAE881	ABIE51_RS12485	ABIE51_RS12485		MotA/TolQ/ExbB proton channel family protein	0.143	-0.327	0.243	0.521	0.341	-0.158	0.686	-0.032	0.802	0.063	1.467	0.376	-0.119	1.656	1.206	-1.975	-0.672	1.514	0.259	0.223	1.372	-1.463	0.139	-1.123	0.746
Lysobacter_OAE881	ABIE51_RS12490	ABIE51_RS12490		DNA internalization-related competence protein ComEC/Rec2	0.775	1.153	-0.690	0.503	0.387	0.178	0.875	-0.077	0.184	0.358	1.008	0.715	-0.364	0.956	-0.144	0.590	-0.062	0.804	0.227	-0.165	0.820	-0.689	0.531	-0.763	0.149
Lysobacter_OAE881	ABIE51_RS12510	ABIE51_RS12510		MAPEG family protein	-0.596	-0.669	-1.395	-0.117	-0.774	-0.532	-2.628	-0.237	-0.828	-0.123	-0.038	-1.055	-0.023	0.087	-1.503	-2.051	-0.365	-0.587	-1.115	0.327	-1.318	-0.535	-1.131	-0.332	-1.597
Lysobacter_OAE881	ABIE51_RS12540	ABIE51_RS12540		folate-binding protein YgfZ	0.296	-0.008	-0.290	-0.318	-1.726	-2.811	-1.927	-2.303	-1.276	-0.466	-0.791	-1.489	-0.872	-0.517	1.018	-0.389	-2.142	-2.378	-1.398	-1.191	0.525	-0.830	-1.585	-0.497	0.068
Lysobacter_OAE881	ABIE51_RS12545	ABIE51_RS12545		asparagine synthase (glutamine-hydrolyzing)	-1.256	-1.975	-1.133	-0.083	-1.975	-2.015	-1.404	-1.968	-1.774	-0.878	-2.721	-1.388	-1.717	-0.533	-1.556	-0.852	-2.062	-2.850	-2.677	-1.007	-1.745	0.689	-3.145	-2.041	-2.964
Lysobacter_OAE881	ABIE51_RS12550	ABIE51_RS12550		thiamine pyrophosphate-dependent enzyme	0.330	-1.558	-0.478	-0.303	-0.587	-0.742	-1.569	0.987	0.052	1.168	-0.611	-1.687	1.095	-0.713	-0.264	-0.208	-1.243	-3.545	1.387	0.068	0.397	0.162	-1.346	-0.851	-2.594
Lysobacter_OAE881	ABIE51_RS12555	ABIE51_RS12555		glutathione S-transferase family protein	-0.579	0.256	-1.043	-0.882	-1.080	-0.570	-0.350	-0.704	-0.662	-0.246	0.527	-2.261	-0.151	-1.171	-1.609	-0.809	-1.961	0.146	0.616	-2.370	-0.044	-1.909	-1.122	0.871	-0.246
Lysobacter_OAE881	ABIE51_RS12565	ABIE51_RS12565		acyl-CoA dehydrogenase family protein	0.398	-1.174	-12.286	-2.021	-2.094	-0.756	-0.966	-0.112	-3.064	-1.434	-0.651	-1.219	-1.191	5.341	-0.484	-12.472	-1.179	-1.846	2.176	-1.900	-0.537	-1.027	-1.626	-1.083	-1.359
Lysobacter_OAE881	ABIE51_RS12570	ABIE51_RS12570		glycine zipper 2TM domain-containing protein	-1.717	0.252	0.054	-1.057	-0.464	-0.950	-0.187	-3.229	-1.975	0.591	-1.078	-0.200	-0.432	-1.362	-0.831	-0.789	-1.744	-2.057	-0.915	-1.304	-0.407	0.645	-1.002	0.570	-0.942
Lysobacter_OAE881	ABIE51_RS12580	ABIE51_RS12580		TatD family hydrolase	-0.898	-0.304	1.153	-0.147	0.493	0.274	0.012	-0.259	0.240	-0.430	-1.316	-0.767	0.859	-0.440	-0.275	0.770	1.582	-0.173	1.191	0.533	0.888	-0.506	0.849	-0.101	0.526
Lysobacter_OAE881	ABIE51_RS12585	ABIE51_RS12585		tRNA threonylcarbamoyladenosine dehydratase	0.886	-0.996	-0.369	-1.036	0.880	-0.770	0.377	-1.230	-0.112	0.938	-0.769	0.206	-0.546	-0.230	-0.406	0.473	0.006	-0.539	1.330	-0.783	0.713	0.743	-0.052	-1.746	0.402
Lysobacter_OAE881	ABIE51_RS12590	ABIE51_RS12590		cytochrome c	2.364	-0.852	0.750	0.572	0.828	0.555	1.404	0.271	0.108	0.801	1.221	1.836	0.298	-0.290	-0.031	2.195	1.753	0.680	1.657	0.066	-1.319	1.283	1.623	0.608	-0.360
Lysobacter_OAE881	ABIE51_RS12595	ABIE51_RS12595		glycine zipper 2TM domain-containing protein	0.281	-0.177	0.268	-1.797	0.167	-0.668	-0.869	-1.592	0.202	-0.913	-0.719	-1.104	-0.969	-0.421	-0.500	-0.070	0.337	0.679	-0.872	-1.492	-1.886	-0.158	0.194	-0.711	-1.267
Lysobacter_OAE881	ABIE51_RS12600	ABIE51_RS12600		cold-shock protein	1.517	0.499	-0.397	-1.938	-0.415	-0.198	-0.944	-0.827	1.024	-1.104	-1.048	-0.822	-0.416	-0.618	-0.163	0.203	-0.527	0.200	0.419	-0.480	-0.759	-0.686	0.158	-0.779	0.442
Lysobacter_OAE881	ABIE51_RS12610	ABIE51_RS12610		phospholipase A	-1.399	0.728	0.440	1.441	1.462	0.758	-0.147	-0.141	0.260	0.668	1.003	0.136	-0.432	-0.137	-0.205	0.574	1.716	0.206	0.983	0.650	0.954	0.484	0.630	0.682	-0.322
Lysobacter_OAE881	ABIE51_RS12615	ABIE51_RS12615		patatin-like phospholipase family protein	0.082	0.272	1.033	0.212	0.614	0.070	0.985	-0.001	0.551	-0.167	-0.410	0.941	-0.025	-0.795	0.742	1.281	-0.794	-4.280	1.267	1.249	0.413	-1.828	-0.241	0.856	1.060
Lysobacter_OAE881	ABIE51_RS12620	ABIE51_RS12620		fumarate hydratase	-0.572	-2.366	-3.436	1.387	-1.005	-0.491	-0.492	0.237	-1.040	-1.258	-1.061	-0.185	-2.359	-1.640	0.304	-4.143	-0.806	-1.648	-1.776	-2.452	-2.194	-2.895	-0.347	0.424	-1.744
Lysobacter_OAE881	ABIE51_RS12635	ABIE51_RS12635		hypothetical protein	-1.253	-0.112	-1.145	-0.590	0.473	-0.891	1.241	-2.056	-0.397	-0.251	-0.466	-0.858	-1.339	1.699	-0.017	-1.991	-1.001	1.059	-1.363	-0.317	-0.093	0.484	-1.966	-0.633	-0.812
Lysobacter_OAE881	ABIE51_RS12640	ABIE51_RS12640		hypothetical protein	-0.727	-1.077	-0.473	-0.040	-0.480	-0.049	-0.473	-0.285	-1.315	0.612	-0.113	0.024	-0.762	0.119	-0.713	0.567	1.192	-0.750	-0.754	2.561	-0.855	-0.162	-0.041	0.219	-1.060
Lysobacter_OAE881	ABIE51_RS12645	ABIE51_RS12645		FMN-binding negative transcriptional regulator	-0.437	1.072	-0.057	1.528	1.097	0.923	0.443	1.149	0.012	-0.161	-0.248	-0.125	1.884	-0.418	0.676	0.627	1.333	2.919	1.810	1.043	0.806	0.248	0.910	1.252	0.823
Lysobacter_OAE881	ABIE51_RS12655	ABIE51_RS12655		aldehyde dehydrogenase	-1.260	-0.916	-0.345	-1.186	-0.218	-0.705	-1.007	-0.313	-0.464	0.483	-0.943	-1.374	-0.324	-0.184	-1.073	-0.137	0.341	-0.557	-0.518	-0.521	0.711	-1.630	0.970	-0.822	-0.661
Lysobacter_OAE881	ABIE51_RS12665	ABIE51_RS12665		RidA family protein	-1.146	-2.111	-0.914	-0.574	0.207	-0.700	-1.539	-1.354	-0.306	-0.313	-0.789	-1.129	-0.940	0.326	-1.828	-2.237	0.082	0.596	-1.549	-0.232	0.520	-0.337	-0.802	-1.758	0.300
Lysobacter_OAE881	ABIE51_RS12670	ABIE51_RS12670		3-hydroxyanthranilate 3,4-dioxygenase	-1.810	-0.702	-7.782	-1.649	-1.371	-0.313	-1.933	0.003	0.215	-0.397	0.980	-0.318	-0.237	1.044	1.381	-8.377	-0.734	-0.504	0.404	-1.498	-0.063	-1.387	3.675	-2.109	-2.599
Lysobacter_OAE881	ABIE51_RS12675	ABIE51_RS12675		amidohydrolase family protein	0.609	1.929	1.107	0.601	-1.443	-0.159	1.802	-0.288	1.001	-1.428	0.863	0.399	0.906	-1.716	-1.299	1.947	-0.790	-0.378	0.454	-0.670	0.347	-0.467	-0.249	1.437	0.868
Lysobacter_OAE881	ABIE51_RS12685	ABIE51_RS12685		kynureninase	-1.487	-0.095	-4.560	-0.927	-0.650	-0.030	-1.194	-0.287	-0.787	-0.026	0.115	-0.052	-0.211	0.224	-0.189	-3.043	-0.645	-0.619	-1.156	-0.898	-1.097	-0.458	-0.598	-3.278	0.749
Lysobacter_OAE881	ABIE51_RS12690	ABIE51_RS12690		GIY-YIG nuclease family protein	0.613	2.277	1.385	0.363	-0.718	-1.603	0.313	0.687	0.805	-0.522	-0.087	-1.352	-0.832	2.663	0.846	0.876	-0.133	-0.915	1.228	1.203	1.045	-1.018	-0.326	0.783	0.417
Lysobacter_OAE881	ABIE51_RS12695	ABIE51_RS12695		NAD(P)/FAD-dependent oxidoreductase	0.248	-2.120	-5.786	-1.058	-0.684	0.934	-1.281	-1.037	-0.772	0.747	-0.779	-0.101	-1.622	0.637	0.474	-5.261	-0.656	0.537	-1.227	0.755	0.265	1.572	2.837	-0.496	-0.549
Lysobacter_OAE881	ABIE51_RS12700	ABIE51_RS12700		exodeoxyribonuclease I	0.484	0.849	1.094	1.451	-0.216	-1.040	0.522	0.266	0.278	-0.514	0.846	0.230	-1.356	0.063	2.010	0.865	-1.329	-1.081	-0.006	-0.684	0.672	1.093	1.480	-0.548	1.418
Lysobacter_OAE881	ABIE51_RS12705	ABIE51_RS12705		DUF2461 domain-containing protein	-0.654	-0.148	-1.334	0.381	-0.546	-1.518	-0.802	0.022	-1.369	0.474	-0.423	0.125	-0.594	0.499	-0.141	-0.757	-0.548	0.475	1.184	0.615	0.215	0.114	0.114	0.221	-0.308
Lysobacter_OAE881	ABIE51_RS12710	ABIE51_RS12710		cyclopropane fatty acyl phospholipid synthase	-0.750	0.340	-0.365	-0.129	0.173	0.411	0.414	0.066	-0.064	0.221	1.018	0.629	0.099	0.922	0.232	-0.441	0.080	0.581	0.744	-0.022	0.625	0.534	-0.536	0.585	-0.475
Lysobacter_OAE881	ABIE51_RS12715	ABIE51_RS12715		DUF3298 and DUF4163 domain-containing protein	0.632	1.417	1.886	0.930	1.272	0.837	1.628	1.546	2.299	-0.809	-2.579	0.635	1.422	-0.458	0.269	1.409	0.268	1.197	1.992	2.572	0.357	-0.414	2.618	2.728	0.322
Lysobacter_OAE881	ABIE51_RS12720	ABIE51_RS12720		pseudouridine synthase	0.515	1.055	0.056	0.386	-0.360	0.302	-0.498	0.713	0.502	1.466	1.876	-0.960	1.308	0.486	0.416	-0.961	-1.105	-0.648	0.438	1.387	-0.042	-0.215	-0.155	1.595	-0.592
Lysobacter_OAE881	ABIE51_RS12725	ABIE51_RS12725		GNAT family N-acetyltransferase	0.210	0.215	0.051	-2.120	-1.003	0.584	-0.425	-0.157	-0.983	-1.525	-0.169	-0.137	0.180	0.440	-0.727	-0.349	-0.887	-0.746	0.628	0.590	-0.042	-0.972	-0.551	-0.886	-0.671
Lysobacter_OAE881	ABIE51_RS12735	ABIE51_RS12735		hypothetical protein	-0.956	-0.065	-0.979	0.986	-0.098	-0.593	-0.212	-1.072	0.364	-0.700	0.263	-0.448	-0.331	-1.211	-0.562	-0.922	-0.044	0.036	-0.692	-0.906	-0.548	0.383	-2.710	0.930	-0.598
Lysobacter_OAE881	ABIE51_RS12740	ABIE51_RS12740		rhomboid family intramembrane serine protease	-0.645	-0.044	-1.503	-0.839	0.301	-0.242	0.174	-0.115	-0.379	-0.367	1.424	-1.512	0.166	-0.314	-0.454	-0.583	0.281	-0.495	0.189	-0.238	0.111	-0.391	0.534	0.127	0.778
Lysobacter_OAE881	ABIE51_RS12745	ABIE51_RS12745		oligopeptide:H+ symporter	-1.980	-0.386	-0.902	-0.554	-0.070	-0.277	-0.493	-1.219	-0.299	-0.343	-2.382	-1.059	-0.340	-1.196	0.213	-0.722	-0.144	-1.039	-0.359	-0.369	0.601	-1.537	1.151	-0.709	-0.910
Lysobacter_OAE881	ABIE51_RS12750	ABIE51_RS12750		hypothetical protein	0.021	-1.413	-0.834	-1.160	-1.579	-0.184	-1.483	-2.180	-1.120	0.598	0.597	-0.890	0.244	-0.558	-1.311	-0.920	-0.032	-0.200	-1.084	-1.843	-0.026	-1.049	-1.113	-0.434	-1.669
Lysobacter_OAE881	ABIE51_RS12755	ABIE51_RS12755		glutathione S-transferase family protein	-0.685	0.701	0.182	-0.063	0.058	-1.159	0.596	0.512	-0.525	0.420	0.864	-2.272	0.040	-0.055	0.028	-1.659	0.312	-0.177	-1.924	-1.416	0.676	0.904	-1.273	1.281	-0.373
Lysobacter_OAE881	ABIE51_RS12760	ABIE51_RS12760		DNA ligase D	0.424	0.731	0.801	-0.583	0.329	1.060	-0.206	-0.180	-1.299	-0.321	1.290	0.165	0.676	0.323	-0.160	0.834	0.741	-0.394	1.281	0.095	0.317	-0.421	0.538	0.607	-1.310
Lysobacter_OAE881	ABIE51_RS12765	ABIE51_RS12765		S8 family serine peptidase	-1.992	1.012	-0.069	1.296	0.103	-1.352	-0.924	-1.130	0.044	-1.403	-0.673	-0.832	0.101	-0.321	-1.006	0.436	-0.445	-0.137	-0.471	-0.795	-1.489	-1.482	0.120	0.424	-0.518
Lysobacter_OAE881	ABIE51_RS12770	ABIE51_RS12770		LysR family transcriptional regulator	0.819	-0.148	0.513	-0.191	0.840	1.443	-0.492	-0.491	1.279	1.887	2.247	-0.278	-0.256	-0.421	0.000	0.684	1.204	0.804	1.527	-0.041	-0.766	-0.010	0.225	2.831	0.453
Lysobacter_OAE881	ABIE51_RS12775	ABIE51_RS12775		pirin family protein	-0.098	0.044	0.727	0.007	0.034	-0.923	-0.364	-0.798	0.188	1.101	-1.305	-0.774	-0.367	0.085	-1.935	-0.144	0.231	-0.736	1.079	-1.896	-0.175	0.114	0.552	0.155	-0.725
Lysobacter_OAE881	ABIE51_RS12780	ABIE51_RS12780		hypothetical protein	0.331	-0.258	0.611	0.703	-0.221	-0.639	0.026	0.318	0.174	1.244	0.250	-1.421	-0.467	0.581	-1.594	-0.505	-0.893	-2.201	0.637	-1.056	0.314	0.431	0.990	0.883	0.726
Lysobacter_OAE881	ABIE51_RS12785	ABIE51_RS12785		Ku protein	0.857	-0.026	-0.491	-0.607	0.684	0.509	1.194	0.393	0.123	-0.257	-2.798	0.475	0.701	-1.912	1.216	-0.872	-0.614	-2.079	-0.189	0.068	-2.439	-0.328	0.413	-0.298	-0.197
Lysobacter_OAE881	ABIE51_RS12790	ABIE51_RS12790		non-homologous end-joining DNA ligase	0.543	-0.070	0.293	0.833	0.543	-0.459	-0.177	0.241	-0.514	-1.251	-0.287	0.325	0.294	-0.098	-0.833	0.383	0.947	-0.023	-0.281	-0.202	1.468	-0.380	-0.235	0.908	1.014
Lysobacter_OAE881	ABIE51_RS12795	ABIE51_RS12795		low molecular weight protein-tyrosine-phosphatase	-0.107	0.325	-0.316	1.867	-0.542	-0.044	0.892	-0.008	-0.751	-0.255	-0.904	-1.250	0.015	-0.965	-0.711	0.668	-0.040	0.098	0.616	0.963	-0.355	-1.748	0.074	-0.868	-0.250
Lysobacter_OAE881	ABIE51_RS12800	ABIE51_RS12800		UDP-N-acetylglucosamine 2-epimerase	-0.484	0.128	2.168	-0.161	-0.435	-0.202	0.263	1.724	0.594	-1.905	2.083	1.774	-0.144	0.988	-1.532	0.854	0.677	1.498	0.455	0.643	0.101	0.035	1.385	-1.046	0.895
Lysobacter_OAE881	ABIE51_RS12805	ABIE51_RS12805		polysaccharide biosynthesis tyrosine autokinase	-0.134	-0.096	2.651	-0.885	2.623	0.195	-0.193	2.527	2.238	-0.345	2.237	0.772	0.529	2.265	0.123	0.725	2.141	4.334	-0.132	0.608	-1.510	-0.416	1.746	-0.108	-0.600
Lysobacter_OAE881	ABIE51_RS12810	ABIE51_RS12810		asparagine synthase-related protein	-0.999	-0.581	2.946	-0.572	-1.100	-0.135	-0.976	-1.448	2.412	0.085	4.221	0.480	0.404	1.131	-0.392	1.779	0.296	1.198	-0.137	-0.415	-1.474	-0.835	0.243	-0.590	-0.930
Lysobacter_OAE881	ABIE51_RS12815	ABIE51_RS12815		right-handed parallel beta-helix repeat-containing protein	0.340	-2.104	-1.126	-2.605	-0.140	-0.833	-0.730	-0.697	0.028	-0.082	-0.211	-0.506	-0.167	-1.512	-0.467	-0.787	-0.278	0.717	1.572	0.004	0.534	-0.064	-2.805	0.209	-1.009
Lysobacter_OAE881	ABIE51_RS12820	ABIE51_RS12820		right-handed parallel beta-helix repeat-containing protein	0.190	1.150	-0.128	-0.727	-1.095	0.053	-0.956	-0.145	-1.409	1.035	-0.026	0.386	0.073	1.680	-1.110	0.124	0.027	-0.348	0.449	0.867	-0.387	0.343	1.578	-0.834	-0.432
Lysobacter_OAE881	ABIE51_RS12825	ABIE51_RS12825		glycosyltransferase family 4 protein	-0.301	-1.399	1.734	0.247	1.372	0.537	0.181	3.851	1.481	0.047	1.225	3.191	0.083	2.239	0.031	1.661	3.905	2.032	0.453	0.123	-0.768	0.233	0.550	-0.241	-0.325
Lysobacter_OAE881	ABIE51_RS12830	ABIE51_RS12830		polysaccharide biosynthesis C-terminal domain-containing protein	-0.395	0.631	0.568	1.358	1.734	-1.117	-0.647	1.734	-0.147	-0.077	2.147	-1.663	-0.698	1.807	0.618	-0.822	2.260	2.782	2.144	-0.106	0.938	0.597	-0.556	0.254	-1.809
Lysobacter_OAE881	ABIE51_RS12835	ABIE51_RS12835		glycosyltransferase family 2 protein	1.793	0.804	2.446	-0.342	3.015	0.064	1.105	2.865	1.762	0.117	3.101	0.157	0.528	1.368	-1.422	1.511	-0.459	2.767	1.899	0.913	-0.361	0.387	0.570	0.302	-1.524
Lysobacter_OAE881	ABIE51_RS12840	ABIE51_RS12840		EpsG family protein	-0.044	-0.299	1.413	-2.459	1.464	-0.796	-1.003	2.636	1.027	-2.026	1.911	0.377	-0.307	1.859	-0.566	0.657	1.215	3.228	-0.847	1.081	-0.371	-0.205	0.482	-1.059	-0.075
Lysobacter_OAE881	ABIE51_RS12845	ABIE51_RS12845		YdcF family protein	-0.026	-1.276	-0.812	-0.096	0.385	-0.093	-0.198	-2.788	-1.197	0.189	-0.295	-0.858	-0.429	-0.540	2.240	-1.730	0.755	0.172	-1.325	-0.693	0.664	-0.315	0.615	-0.269	-0.043
Lysobacter_OAE881	ABIE51_RS12850	ABIE51_RS12850		polysaccharide biosynthesis/export family protein	-0.090	-0.251	3.102	1.148	2.786	0.476	-0.656	3.324	2.598	-0.378	2.785	2.046	0.636	1.590	-0.507	1.313	0.737	3.690	0.378	0.483	0.215	0.356	2.078	0.218	0.608
Lysobacter_OAE881	ABIE51_RS12855	ABIE51_RS12855		glutathione S-transferase family protein	1.254	-1.577	0.286	0.125	-0.615	0.351	-1.117	0.408	-0.958	0.684	1.165	1.147	0.229	0.899	1.075	0.802	-0.755	-0.374	1.616	1.386	0.277	-0.632	-0.579	-0.391	1.457
Lysobacter_OAE881	ABIE51_RS12860	ABIE51_RS12860		hypothetical protein	0.307	-0.224	0.222	-0.137	-0.378	0.572	-1.612	-0.524	0.764	0.458	0.089	0.934	-0.993	-0.306	0.243	-0.344	0.788	1.450	0.459	1.103	-0.158	-0.007	-0.982	0.271	-0.836
Lysobacter_OAE881	ABIE51_RS12865	ABIE51_RS12865		VOC family protein	1.229	1.564	0.235	-2.496	1.217	0.514	0.889	1.276	0.018	-1.672	-0.527	-0.490	0.945	0.206	-0.664	1.834	1.458	-0.108	1.429	0.210	0.191	1.370	-0.681	-0.584	0.558
Lysobacter_OAE881	ABIE51_RS12870	ABIE51_RS12870		mechanosensitive ion channel family protein	0.127	0.478	0.309	0.989	0.131	-1.342	1.851	0.580	0.059	0.057	1.220	0.618	1.557	2.738	-0.653	-0.002	0.180	2.107	-0.212	-0.259	0.531	-2.582	0.157	1.019	0.991
Lysobacter_OAE881	ABIE51_RS12875	ABIE51_RS12875		TerC family protein	-0.872	-0.015	-1.067	0.390	1.412	-0.071	-0.174	-0.807	-1.533	1.561	1.260	-1.230	0.137	0.040	1.703	0.028	0.012	-0.862	0.285	-0.335	-0.497	0.594	-0.720	1.336	0.481
Lysobacter_OAE881	ABIE51_RS12885	ABIE51_RS12885		PAS domain-containing protein	-0.357	1.182	1.092	1.624	-0.211	1.540	0.981	0.585	0.013	1.758	-0.037	0.003	-0.479	0.886	-0.570	0.487	-0.274	-0.426	0.247	1.244	0.352	0.625	0.020	0.103	0.340
Lysobacter_OAE881	ABIE51_RS12890	ABIE51_RS12890		response regulator	-0.552	1.122	-0.095	0.372	-0.645	0.201	-0.695	-0.583	-2.535	0.368	-2.387	0.673	-0.686	0.850	-0.011	0.286	-0.141	-0.749	-0.152	-0.647	0.678	0.460	-0.033	0.174	0.254
Lysobacter_OAE881	ABIE51_RS12895	ABIE51_RS12895		aminotransferase class V-fold PLP-dependent enzyme	0.483	-1.238	0.957	-0.276	0.468	0.150	0.744	0.068	-0.606	-0.292	0.859	0.151	-0.189	-0.696	0.159	-0.999	0.441	0.295	-0.010	0.353	0.934	0.373	0.048	0.072	-1.349
Lysobacter_OAE881	ABIE51_RS12910	ABIE51_RS12910		serine hydrolase	1.085	1.114	1.006	0.849	0.579	0.547	0.188	0.433	0.155	0.939	-0.630	0.367	1.227	1.467	-0.541	0.686	0.188	0.997	0.250	0.990	0.881	0.991	0.577	0.321	0.647
Lysobacter_OAE881	ABIE51_RS12915	ABIE51_RS12915		VOC family protein	-0.241	-1.047	-0.093	-1.083	-0.678	0.952	1.006	0.642	0.204	1.433	0.280	-0.737	-0.245	0.459	0.565	-0.499	0.577	0.519	0.197	0.117	-0.585	1.288	0.688	0.854	-0.645
Lysobacter_OAE881	ABIE51_RS12920	ABIE51_RS12920		BON domain-containing protein	-1.054	0.674	-0.515	0.108	-0.580	0.295	0.781	1.283	0.897	1.293	1.026	-0.095	0.443	0.922	-0.482	0.330	-0.443	-0.687	0.277	1.196	0.056	0.664	-1.522	2.380	0.286
Lysobacter_OAE881	ABIE51_RS12925	ABIE51_RS12925		hypothetical protein	0.682	-1.099	1.058	-0.141	0.620	0.733	-2.915	-0.063	-1.049	-1.162	0.315	0.426	-1.136	0.618	-0.392	-1.054	0.819	-0.158	0.559	0.549	-0.801	-0.215	0.474	0.140	-0.485
Lysobacter_OAE881	ABIE51_RS12930	ABIE51_RS12930		dienelactone hydrolase family protein	0.230	0.774	0.684	1.487	0.620	0.288	-1.401	0.225	0.665	-0.871	0.079	-0.129	0.990	1.206	0.253	0.205	0.793	0.463	0.888	-0.786	0.977	0.171	2.070	-0.314	0.058
Lysobacter_OAE881	ABIE51_RS12940	ABIE51_RS12940		extensin family protein	1.438	-1.084	0.411	0.604	0.130	-0.223	0.648	0.178	-0.437	1.154	-2.158	-1.247	-0.965	1.023	-0.026	-0.271	-0.611	-0.308	0.704	-0.684	-1.092	1.243	-0.882	0.277	-0.445
Lysobacter_OAE881	ABIE51_RS12945	ABIE51_RS12945		sensor domain-containing diguanylate cyclase	1.330	0.567	-1.033	-1.372	0.216	0.171	0.532	0.211	0.149	1.526	0.186	-0.272	-0.357	0.175	-0.266	-0.498	0.240	0.131	1.280	0.083	-0.246	0.982	-1.435	0.355	-0.660
Lysobacter_OAE881	ABIE51_RS12950	ABIE51_RS12950		peroxiredoxin	-0.996	0.511	-0.463	-0.189	-1.198	0.047	-0.315	-0.043	-0.434	-1.143	-0.682	0.697	0.242	-0.711	0.011	0.589	-1.074	-1.442	-0.106	0.365	0.925	-0.787	-1.110	-1.732	-0.221
Lysobacter_OAE881	ABIE51_RS12955	ABIE51_RS12955		hypothetical protein	-1.067	-1.061	-0.795	0.147	-0.251	-1.197	-0.969	-0.664	-1.946	-1.331	-0.954	-0.617	1.199	-0.197	-0.246	-1.183	0.639	0.044	-0.625	-1.171	0.277	-0.645	0.632	-0.994	-0.197
Lysobacter_OAE881	ABIE51_RS12960	ABIE51_RS12960		DUF4136 domain-containing protein	0.962	0.191	0.224	1.017	-0.405	-0.094	-1.805	0.137	0.228	-0.616	0.261	-0.174	-0.646	-0.611	0.600	0.958	-0.160	-1.269	1.617	-1.225	1.833	0.567	0.213	0.373	0.753
Lysobacter_OAE881	ABIE51_RS12965	ABIE51_RS12965		hypothetical protein	0.751	0.528	-0.356	1.511	-0.828	-0.350	-0.204	0.517	-0.222	-0.359	-0.307	-1.031	0.802	0.294	1.019	0.469	1.263	0.971	-0.262	-0.021	0.893	-0.316	-0.006	-1.046	-0.284
Lysobacter_OAE881	ABIE51_RS12970	ABIE51_RS12970		glycoside hydrolase family 18 protein	0.698	-1.203	0.029	0.123	0.598	1.055	1.270	0.849	-1.127	-0.481	0.984	-0.914	-0.438	-1.300	0.520	-0.281	1.468	-0.798	0.130	-0.729	1.394	0.420	0.185	0.557	0.941
Lysobacter_OAE881	ABIE51_RS12975	ABIE51_RS12975		tetratricopeptide repeat protein	-0.773	0.939	0.917	0.790	1.221	0.539	-0.007	-0.509	-0.059	0.277	-1.398	-0.261	0.350	0.074	0.278	-0.013	0.566	-1.170	1.052	-0.041	-0.157	-1.275	0.223	-0.543	1.636
Lysobacter_OAE881	ABIE51_RS12980	ABIE51_RS12980		Gfo/Idh/MocA family oxidoreductase	-0.854	0.481	-0.313	-0.463	-0.847	-0.391	-0.938	0.190	-0.347	-0.220	-1.057	0.180	-0.371	-0.711	-0.134	-0.984	-0.539	-0.764	0.376	-0.591	1.621	-0.224	0.101	2.352	-0.616
Lysobacter_OAE881	ABIE51_RS12985	ABIE51_RS12985		M14 family metallocarboxypeptidase	0.426	0.125	-1.477	0.092	0.362	-0.344	0.368	-1.020	-0.204	-0.980	0.340	0.678	-0.299	0.114	-0.192	-0.003	0.135	0.834	-0.592	1.812	-0.847	0.180	0.500	0.948	-1.221
Lysobacter_OAE881	ABIE51_RS12990	ABIE51_RS12990		hypothetical protein	1.051	0.808	-1.405	0.496	-0.339	0.819	-0.046	-0.352	1.361	1.014	-1.033	-0.047	-1.666	0.071	-1.664	-0.589	-0.688	-0.249	-1.746	0.081	-0.011	-1.764	-1.200	0.757	-1.591
Lysobacter_OAE881	ABIE51_RS12995	ABIE51_RS12995		DUF3228 family protein	2.523	0.151	0.744	-0.550	0.268	0.644	1.363	0.779	0.364	1.454	1.700	-0.554	0.079	-1.707	0.935	1.573	0.743	2.120	-0.086	-0.418	0.975	-1.529	-0.518	0.987	0.327
Lysobacter_OAE881	ABIE51_RS13000	ABIE51_RS13000		hypothetical protein	0.041	-0.262	-0.162	-1.459	0.212	-0.325	1.828	0.449	-0.339	1.269	1.321	-0.182	-0.985	-0.035	-0.539	-0.426	-0.552	-1.238	0.307	-0.500	-0.822	0.757	0.624	0.079	0.764
Lysobacter_OAE881	ABIE51_RS13005	ABIE51_RS13005		restriction endonuclease	-0.289	1.028	0.188	1.444	-0.855	-1.284	-1.248	0.630	-0.442	-0.561	0.132	-0.308	0.935	0.252	0.812	0.002	0.066	-0.347	0.856	-0.137	0.117	0.542	0.453	-0.086	-1.719
Lysobacter_OAE881	ABIE51_RS13010	ABIE51_RS13010		hypothetical protein	-0.549	-0.537	-0.312	-1.316	-1.338	-0.700	-0.038	0.333	-0.477	0.471	0.547	-0.164	-1.411	0.013	0.874	-1.200	-0.928	1.041	-0.111	0.607	-0.417	-0.887	0.492	-0.961	-0.079
Lysobacter_OAE881	ABIE51_RS13015	ABIE51_RS13015		DUF4034 domain-containing protein	0.315	-0.236	-0.774	-0.100	-0.915	-0.030	-0.453	-0.114	-0.242	-0.656	-1.986	-0.521	-0.360	-0.548	-0.301	-0.835	-1.674	0.001	-0.139	-0.094	-0.079	-0.659	-1.393	-0.539	-1.653
Lysobacter_OAE881	ABIE51_RS13020	ABIE51_RS13020		rRNA pseudouridine synthase	-1.486	-1.109	-1.472	-0.318	-0.990	-1.082	-0.485	-0.714	-0.684	-1.538	-1.165	0.354	-1.386	-0.574	1.258	0.629	-0.645	-1.298	-1.293	-1.077	-0.902	-1.619	-0.697	-0.065	0.501
Lysobacter_OAE881	ABIE51_RS13025	ABIE51_RS13025		DUF1456 family protein	-1.469	0.739	0.988	-1.025	1.087	0.437	0.838	-0.761	0.161	1.154	2.322	-0.476	-0.713	0.363	1.673	1.111	-1.441	0.065	0.282	0.551	1.035	0.593	-0.126	-0.161	-0.549
Lysobacter_OAE881	ABIE51_RS13030	ABIE51_RS13030		SDR family oxidoreductase	-1.404	1.206	-0.149	1.188	-0.403	0.716	-0.056	0.034	0.357	0.261	0.839	-0.245	-0.526	0.784	0.152	0.506	0.714	-0.334	-0.443	0.815	0.978	-0.811	-0.187	0.221	-0.562
Lysobacter_OAE881	ABIE51_RS13035	ABIE51_RS13035		integron	-0.844	-1.090	-0.036	-0.351	-0.053	0.251	0.280	0.011	1.299	-0.071	1.956	-0.662	0.015	-0.805	-0.965	0.111	0.337	-1.058	-0.445	0.662	-0.284	-0.516	-0.577	-0.714	-1.349
Lysobacter_OAE881	ABIE51_RS13040	ABIE51_RS13040		hypothetical protein	0.616	0.720	1.893	1.011	0.870	1.646	0.784	-1.481	0.049	0.356	0.586	-0.833	-1.463	-0.312	0.052	0.019	2.478	1.594	0.677	-0.737	0.929	-1.020	1.551	0.471	-0.967
Lysobacter_OAE881	ABIE51_RS13045	ABIE51_RS13045		PAAR domain-containing protein	-0.175	0.833	0.745	-0.630	1.135	-0.187	0.405	0.872	-0.607	-1.015	0.082	1.049	-0.254	-1.288	1.585	0.110	0.750	-0.035	-0.845	0.507	1.207	-0.034	1.124	0.877	-0.044
Lysobacter_OAE881	ABIE51_RS13050	ABIE51_RS13050		hypothetical protein	0.553	0.571	-0.435	-0.177	0.021	0.039	0.870	0.936	0.557	-0.378	0.522	0.164	-0.122	0.244	0.140	-0.409	0.784	0.934	1.945	-1.157	-0.837	-0.648	0.462	-1.128	1.148
Lysobacter_OAE881	ABIE51_RS13055	ABIE51_RS13055		hypothetical protein	0.112	1.176	1.610	1.697	1.226	0.824	0.446	0.444	1.623	-0.307	2.701	-0.037	1.974	1.436	-0.277	0.918	2.543	0.522	0.922	-0.650	0.895	0.652	0.890	0.581	-0.140
Lysobacter_OAE881	ABIE51_RS13060	ABIE51_RS13060		hypothetical protein	0.964	-0.378	-1.066	-0.236	-0.369	-0.689	1.299	1.356	0.205	-0.725	1.115	0.654	-0.623	-0.194	1.245	-1.031	0.201	-0.047	-0.176	-0.397	-0.510	0.261	0.166	-0.566	-0.067
Lysobacter_OAE881	ABIE51_RS13065	ABIE51_RS13065		hypothetical protein	1.164	0.009	0.810	1.885	-2.376	0.698	-0.571	0.062	-0.736	-1.124	-0.423	0.275	0.717	0.058	1.842	-0.048	-0.595	0.362	0.778	0.434	0.070	0.801	-0.253	-1.724	0.365
Lysobacter_OAE881	ABIE51_RS13070	ABIE51_RS13070		PAAR domain-containing protein	-1.266	1.212	0.012	0.025	-0.496	-0.263	1.011	-0.280	-0.778	-1.385	1.081	0.639	1.033	0.272	0.402	-0.088	1.919	-2.282	-0.149	-1.363	1.444	-0.039	-0.341	-0.793	0.170
Lysobacter_OAE881	ABIE51_RS13075	ABIE51_RS13075		DUF6402 family protein	-0.735	1.686	0.090	-0.517	0.358	-0.181	2.022	-0.514	-1.159	-1.853	-0.387	-0.683	0.380	2.052	0.595	1.037	-0.716	1.055	0.252	-0.573	0.332	-0.395	0.916	-1.833	0.707
Lysobacter_OAE881	ABIE51_RS13080	ABIE51_RS13080		hypothetical protein	0.383	0.783	0.131	0.127	-0.646	1.072	-0.794	-0.065	-0.341	0.254	0.345	-0.073	-0.761	0.644	0.844	-0.843	0.221	-0.471	-0.886	1.304	-1.575	1.357	1.256	0.168	-1.902
Lysobacter_OAE881	ABIE51_RS13090	ABIE51_RS13090		DUF2188 domain-containing protein	0.178	0.036	-0.275	-0.816	0.350	2.643	-0.388	-0.086	0.152	1.259	0.934	0.227	-0.952	0.641	0.933	0.571	-0.146	0.236	0.427	-0.512	0.701	1.312	-1.257	-1.324	0.602
Lysobacter_OAE881	ABIE51_RS13100	ABIE51_RS13100		AAA family ATPase	-0.051	0.390	0.394	0.210	-0.442	0.996	-0.278	0.400	0.137	0.894	0.363	0.400	-0.392	0.712	0.405	0.298	0.143	1.315	0.719	-0.255	0.731	0.010	0.628	0.122	0.583
Lysobacter_OAE881	ABIE51_RS13105	ABIE51_RS13105		methylmalonyl-CoA mutase family protein	0.258	1.511	-1.512	1.122	0.156	-0.592	1.034	-0.400	0.926	0.513	-1.329	-0.292	-0.569	0.197	-0.103	-2.215	0.095	0.258	-1.323	0.640	0.128	0.240	-0.849	1.608	0.492
Lysobacter_OAE881	ABIE51_RS13110	ABIE51_RS13110		2OG-Fe(II) oxygenase	-0.811	-1.062	-0.422	0.395	0.715	-0.469	-0.117	-1.280	-0.428	-0.400	-1.377	-1.510	-1.666	-0.132	-0.835	0.140	-0.557	-1.437	0.247	-0.970	-1.230	-1.203	-1.440	-1.169	-0.081
Lysobacter_OAE881	ABIE51_RS13115	ABIE51_RS13115		Glu/Leu/Phe/Val dehydrogenase dimerization domain-containing protein	-1.781	-2.375	-4.425	-1.872	-0.125	1.903	1.204	-0.164	1.369	0.262	-0.168	0.229	-0.975	7.505	3.342	-2.848	3.039	-0.073	0.237	1.152	1.724	-1.892	1.454	2.444	-1.234
Lysobacter_OAE881	ABIE51_RS13120	ABIE51_RS13120		carbonic anhydrase family protein	-1.475	-1.606	0.073	-0.856	-0.865	-0.156	-0.344	-0.425	0.402	-0.455	-0.896	-1.063	-0.923	-0.333	0.799	-0.730	0.013	0.724	-0.133	0.260	0.679	2.068	0.514	0.534	0.316
Lysobacter_OAE881	ABIE51_RS13125	ABIE51_RS13125		isovaleryl-CoA dehydrogenase	-1.502	-0.218	-4.297	-0.320	0.151	-0.370	-1.361	-0.827	-0.801	-1.564	-1.018	-1.154	0.622	-1.269	-0.569	-3.605	-0.219	-0.199	-2.256	-0.534	-0.431	-0.741	-1.350	-1.055	-0.107
Lysobacter_OAE881	ABIE51_RS13130	ABIE51_RS13130		autotransporter serine protease	0.834	0.207	0.970	0.461	0.244	0.684	-0.008	0.474	0.445	-0.002	0.492	0.367	0.577	-0.332	0.445	0.667	-0.497	-0.539	0.243	-0.424	0.805	-0.295	-0.103	-0.348	0.075
Lysobacter_OAE881	ABIE51_RS13135	ABIE51_RS13135		S8 family serine peptidase	-2.191	-0.440	0.155	-0.683	-0.826	-0.106	-2.213	-0.684	-0.236	0.711	-0.281	-0.144	-0.003	-0.004	-0.239	-0.388	-0.691	-0.335	-0.024	0.160	-0.054	0.293	-0.874	-0.384	-0.704
Lysobacter_OAE881	ABIE51_RS13140	ABIE51_RS13140		GNAT family N-acetyltransferase	0.010	0.305	0.198	0.405	-0.286	0.408	-0.137	0.538	-0.362	-1.276	1.524	0.627	-0.216	-0.429	1.919	-1.073	0.668	-0.513	-0.057	-0.652	0.097	1.669	0.274	0.699	-0.692
Lysobacter_OAE881	ABIE51_RS13145	ABIE51_RS13145		acetyl-CoA C-acyltransferase	0.072	-1.047	-11.051	-0.488	0.202	0.083	-0.717	-0.338	-1.393	-1.621	0.392	-0.434	-0.722	0.061	-0.522	-9.374	0.023	0.435	-0.159	-0.658	-0.049	-0.887	-0.415	-1.775	-0.507
Lysobacter_OAE881	ABIE51_RS13160	ABIE51_RS13160		carboxyl transferase domain-containing protein	-0.340	-0.902	-12.874	-1.972	0.094	0.185	-1.062	-0.287	-1.569	-0.321	0.081	-0.213	0.711	2.027	1.231	-12.881	0.421	-0.086	-0.230	-0.462	1.196	-1.950	1.176	-0.470	-1.342
Lysobacter_OAE881	ABIE51_RS13170	ABIE51_RS13170		hypothetical protein	-0.711	0.719	-0.398	0.161	-0.352	0.911	0.153	-0.450	0.350	-0.470	-1.823	0.359	-0.738	0.381	0.162	-0.429	0.135	-0.299	-0.957	-0.007	-0.448	-0.331	-0.156	-0.623	0.425
Lysobacter_OAE881	ABIE51_RS13195	ABIE51_RS13195		VOC family protein	-0.372	1.414	-1.020	0.134	0.076	-0.839	0.329	-1.114	-0.672	1.233	0.872	0.387	1.109	-0.455	-0.511	-0.155	0.547	-0.366	0.423	-0.418	0.357	-0.160	-0.073	0.042	0.128
Lysobacter_OAE881	ABIE51_RS13200	ABIE51_RS13200		acetyl/propionyl/methylcrotonyl-CoA carboxylase subunit alpha	-1.143	-0.708	-11.210	-0.094	0.526	0.117	-1.465	-0.367	-0.417	-0.927	-1.661	-0.429	0.624	0.939	1.507	-10.503	-0.206	-0.608	-0.622	-0.004	0.335	-0.358	-0.280	-0.359	0.317
Lysobacter_OAE881	ABIE51_RS13205	ABIE51_RS13205		hydroxymethylglutaryl-CoA lyase	-0.667	-1.448	-2.104	-1.042	-1.568	0.580	-1.030	-2.123	-2.073	-1.878	0.208	-1.094	-1.098	-1.063	-1.485	-1.658	-0.712	-1.242	-1.800	-0.975	-0.960	-1.364	-0.123	-1.281	-1.131
Lysobacter_OAE881	ABIE51_RS13210	ABIE51_RS13210		EAL domain-containing protein	1.016	2.109	0.437	0.690	0.699	0.128	-0.360	0.568	0.652	0.109	1.189	-0.766	0.981	0.451	0.560	0.747	0.978	0.075	0.286	0.482	0.712	0.338	-0.744	1.209	0.069
Lysobacter_OAE881	ABIE51_RS13220	ABIE51_RS13220		elongation factor P-like protein YeiP	-0.671	1.056	1.231	-0.720	0.323	-0.792	-1.073	-1.032	-1.149	-0.123	0.775	0.723	-1.334	-2.475	0.066	0.197	-1.182	-0.097	-0.580	-0.040	-0.574	0.251	0.804	0.234	0.359
Lysobacter_OAE881	ABIE51_RS13225	ABIE51_RS13225		GNAT family N-acetyltransferase	1.388	-0.104	1.894	-0.098	-0.212	0.989	-0.273	1.259	1.209	-0.512	1.019	0.405	1.257	-0.412	0.643	1.425	-0.642	0.553	1.321	1.535	-0.893	-0.471	1.653	0.314	-0.985
Lysobacter_OAE881	ABIE51_RS13230	ABIE51_RS13230		DUF4105 domain-containing protein	1.197	0.182	-1.056	1.617	-0.390	-0.432	-0.145	-0.960	-0.347	0.078	0.509	-0.145	-1.137	0.240	1.407	-1.191	-0.689	1.031	-0.361	-0.256	0.991	-1.888	0.626	0.926	0.239
Lysobacter_OAE881	ABIE51_RS13240	ABIE51_RS13240		FAD-binding oxidoreductase	-0.059	0.011	-0.759	-0.808	-7.680	-8.688	-1.038	-10.918	-3.381	-0.619	-0.661	-5.363	-2.021	0.627	-0.788	-0.118	-5.412	-7.302	-8.241	-4.344	0.083	1.063	-2.942	1.497	-0.643
Lysobacter_OAE881	ABIE51_RS13245	ABIE51_RS13245		phosphoglycerate dehydrogenase	1.168	0.777	-1.453	1.813	-1.855	-4.399	1.035	-4.668	-0.293	-0.120	-1.104	-2.134	-0.175	1.398	2.014	-1.481	-2.460	-2.609	-2.873	1.129	0.539	0.897	-0.512	2.738	1.280
Lysobacter_OAE881	ABIE51_RS13250	ABIE51_RS13250		NUDIX hydrolase	1.140	0.245	2.720	1.077	0.351	2.123	-0.974	2.443	1.081	0.111	1.236	0.508	0.769	0.623	1.427	2.526	0.624	0.157	0.557	0.420	2.033	0.504	1.536	1.642	0.363
Lysobacter_OAE881	ABIE51_RS13255	ABIE51_RS13255		hypothetical protein	-1.130	0.676	3.361	-0.947	-1.595	1.353	0.190	0.701	0.792	-0.777	-0.117	-0.142	1.406	-0.731	0.897	3.560	0.909	-0.032	-0.725	0.811	-0.515	0.282	-0.743	1.491	-0.898
Lysobacter_OAE881	ABIE51_RS13260	ABIE51_RS13260		amino acid permease	1.516	-0.635	-11.720	-0.831	0.006	-1.474	0.846	-1.536	-2.085	0.769	-0.017	-1.169	-0.065	18.578	9.744	-11.143	-0.056	-3.227	-1.428	-1.196	1.028	-0.221	-1.655	0.190	-0.831
Lysobacter_OAE881	ABIE51_RS13265	ABIE51_RS13265		amino acid permease	-0.208	1.050	-4.906	0.064	-0.288	-0.487	-0.834	-0.353	0.246	-0.073	0.643	-0.973	0.694	2.973	2.495	-5.991	0.138	-0.842	1.403	0.235	0.334	-1.787	-1.445	-0.691	-0.730
Lysobacter_OAE881	ABIE51_RS13270	ABIE51_RS13270		methylthioribulose 1-phosphate dehydratase	1.925	0.671	0.917	0.670	-2.241	-1.664	1.827	-1.292	-1.555	0.751	-0.739	-1.494	-2.031	-0.566	-0.610	0.590	-1.414	-2.047	-1.230	-1.004	-0.245	-1.070	-2.043	-0.672	-1.865
Lysobacter_OAE881	ABIE51_RS13275	ABIE51_RS13275		acireductone dioxygenase	-1.416	-0.481	1.054	0.835	-1.743	-2.918	0.731	0.651	0.060	-0.404	-2.041	-1.478	-0.562	-2.534	0.984	0.226	-0.439	-1.313	-1.525	0.491	0.661	-0.540	-1.020	0.941	1.787
Lysobacter_OAE881	ABIE51_RS13285	ABIE51_RS13285		YdeI/OmpD-associated family protein	-0.590	-0.914	0.585	-1.557	-0.037	0.255	1.310	-1.589	0.355	-0.382	0.543	-0.038	0.778	-0.321	-0.151	-0.646	-0.571	0.839	0.069	-0.600	-0.269	0.975	-0.791	-0.891	-0.704
Lysobacter_OAE881	ABIE51_RS13290	ABIE51_RS13290		calcineurin-like phosphoesterase family protein	-0.519	-0.127	0.587	0.066	0.529	0.497	-1.203	-0.455	-0.518	-0.365	1.174	-0.429	0.689	0.047	0.027	-0.388	0.753	0.280	0.094	-0.018	-0.563	-0.916	-0.822	-0.438	-1.639
Lysobacter_OAE881	ABIE51_RS13295	ABIE51_RS13295		bifunctional phosphoribosyl-AMP cyclohydrolase/phosphoribosyl-ATP diphosphatase HisIE	-0.235	0.340	2.140	0.453	-3.594	-6.381	0.856	-7.777	-4.876	0.160	-0.725	-3.837	-0.180	-0.499	-0.240	0.554	-2.394	-4.143	-5.068	-2.892	-0.592	-0.427	-2.586	-1.004	0.118
Lysobacter_OAE881	ABIE51_RS13300	ABIE51_RS13300		imidazole glycerol phosphate synthase subunit HisF	-1.673	-0.544	0.017	-1.895	-3.610	-6.240	-0.846	-6.900	-6.953	-0.317	-3.815	-3.704	-3.423	1.528	-0.915	-0.520	-5.122	-4.370	-7.605	-6.697	-2.414	-0.289	-3.370	-0.085	0.479
Lysobacter_OAE881	ABIE51_RS13305	ABIE51_RS13305		1-(5-phosphoribosyl)-5-[(5- phosphoribosylamino)methylideneamino]imidazole-4- carboxamide isomerase	-0.752	-0.886	-1.193	0.089	-2.627	-3.615	0.088	-3.831	-3.386	0.084	-1.630	-2.471	-0.820	-1.026	-0.183	-1.088	-2.274	-2.162	-3.447	-2.550	-2.209	-0.705	-2.335	0.024	-1.152
Lysobacter_OAE881	ABIE51_RS13310	ABIE51_RS13310		imidazole glycerol phosphate synthase subunit HisH	-0.712	0.504	-1.064	0.714	-3.528	-3.410	0.517	-3.642	-3.124	0.674	-0.824	-1.268	0.068	-1.268	0.538	0.043	-2.384	-2.104	-4.345	-1.534	-1.526	-0.465	-1.420	0.140	0.209
Lysobacter_OAE881	ABIE51_RS13315	ABIE51_RS13315		bifunctional histidinol-phosphatase/imidazoleglycerol-phosphate dehydratase HisB	-0.204	-0.149	-1.658	1.005	-1.063	-4.199	0.456	-4.589	-4.272	-1.042	-0.776	-1.392	-1.474	0.307	-0.405	-0.935	-1.527	-2.720	-2.366	-0.961	0.952	0.175	-2.645	0.849	1.358
Lysobacter_OAE881	ABIE51_RS13320	ABIE51_RS13320		histidinol-phosphate transaminase	1.269	0.669	0.716	0.699	-6.987	-10.317	0.053	-5.997	-7.595	0.402	-3.988	-3.004	-1.991	-0.013	-3.005	-0.198	-4.653	-5.532	-9.977	-5.157	-0.956	0.609	-7.602	-0.891	0.017
Lysobacter_OAE881	ABIE51_RS13325	ABIE51_RS13325		histidinol dehydrogenase	-0.671	0.539	0.654	0.513	-5.129	-11.265	1.222	-11.048	-7.926	1.354	-1.707	-5.839	-0.999	-0.108	-1.136	-0.963	-7.485	-6.225	-10.942	-2.995	1.430	1.018	-5.888	0.141	0.778
Lysobacter_OAE881	ABIE51_RS13330	ABIE51_RS13330		ATP phosphoribosyltransferase	0.478	0.018	0.652	0.345	-1.339	-2.999	0.144	-1.958	-2.431	0.438	0.216	-1.486	-0.951	-1.195	-0.170	-0.264	-2.079	-1.878	-2.854	-1.641	-0.087	1.209	-1.781	-0.008	1.280
Lysobacter_OAE881	ABIE51_RS13340	ABIE51_RS13340		diguanylate cyclase	-0.514	-0.786	-1.032	-0.773	0.822	-0.538	0.150	-0.781	-0.598	-1.141	-1.518	-0.568	-0.695	-0.003	0.007	-1.426	-0.479	0.555	-0.919	-1.010	-0.711	-0.809	-1.661	-0.429	-0.400
Lysobacter_OAE881	ABIE51_RS13345	ABIE51_RS13345		aromatic amino acid lyase	-0.780	0.164	-0.850	-0.555	-0.465	0.106	0.453	-1.048	0.423	-0.533	1.272	0.545	-0.923	-0.460	-0.804	-1.414	-0.487	-0.913	-0.635	-0.155	0.272	-0.388	1.234	-0.148	-0.409
Lysobacter_OAE881	ABIE51_RS13360	ABIE51_RS13360		D-hexose-6-phosphate mutarotase	0.433	-0.463	0.536	0.224	0.056	-0.169	0.243	0.341	0.608	-0.335	1.495	-0.782	0.110	0.687	-0.766	0.286	0.213	1.304	-0.806	-0.501	0.208	-0.262	-0.015	-0.205	-2.176
Lysobacter_OAE881	ABIE51_RS13365	ABIE51_RS13365		glutamate-5-semialdehyde dehydrogenase	-1.097	0.067	1.027	-0.275	-2.767	-4.727	0.098	-4.268	-3.762	-0.904	2.543	-4.307	1.143	1.099	-0.737	0.710	-2.331	-5.129	-4.968	-2.925	0.510	1.535	-1.672	-1.117	-0.287
Lysobacter_OAE881	ABIE51_RS13370	ABIE51_RS13370		glutamate 5-kinase	0.911	-0.045	3.079	-0.436	-1.803	-1.059	1.058	-1.924	-1.480	-0.282	0.207	-0.824	0.356	1.122	-1.044	0.124	-1.172	-1.361	-1.332	0.243	0.431	0.993	-1.897	0.395	0.619
Lysobacter_OAE881	ABIE51_RS13375	ABIE51_RS13375		serine hydrolase domain-containing protein	0.133	0.115	0.109	0.560	0.885	-0.062	1.013	0.040	0.575	2.356	-0.792	0.201	0.176	-0.744	-0.455	0.452	-0.485	-1.199	-0.217	0.103	0.663	1.420	-0.679	-0.212	-0.335
Lysobacter_OAE881	ABIE51_RS13380	ABIE51_RS13380		argininosuccinate lyase	0.225	1.711	0.700	-0.014	-3.240	-6.995	-0.540	-3.574	-4.265	0.998	0.523	-3.457	-0.204	1.812	0.407	-0.624	-3.071	-2.911	-3.875	-3.606	0.690	3.786	-4.807	0.483	-1.170
Lysobacter_OAE881	ABIE51_RS13385	ABIE51_RS13385		N-acetyl-gamma-glutamyl-phosphate reductase	0.651	0.007	-0.090	0.816	-4.297	-4.106	-0.223	-6.669	-6.592	-1.360	-0.577	-3.843	-2.374	1.439	-0.105	-1.828	-3.800	-4.071	-4.864	-4.268	0.264	-0.549	-4.415	-1.945	-1.830
Lysobacter_OAE881	ABIE51_RS13390	ABIE51_RS13390		GNAT family N-acetyltransferase	-0.411	-0.740	0.789	0.438	0.864	0.884	-0.285	0.841	0.367	-0.273	-0.127	0.192	-1.169	-0.157	0.849	-0.100	0.712	-0.336	-0.322	1.697	0.539	0.876	-0.359	-0.878	-0.688
Lysobacter_OAE881	ABIE51_RS13395	ABIE51_RS13395		acetylglutamate kinase	0.145	-1.008	-0.717	-0.288	-2.878	-2.581	-0.789	-6.386	-4.287	-1.813	-1.186	-3.310	-0.521	-0.054	-0.906	-2.934	-3.397	-3.879	-4.130	-4.158	0.863	-1.934	-4.731	-3.564	-3.378
Lysobacter_OAE881	ABIE51_RS13405	ABIE51_RS13405		argininosuccinate synthase	-2.183	-1.126	-1.470	0.701	-6.859	-10.605	-0.414	-12.786	-7.563	-0.736	-2.456	-7.895	-3.823	-1.691	-1.428	-2.328	-4.696	-6.956	-8.328	-5.579	-2.555	0.434	-6.241	-0.598	-0.853
Lysobacter_OAE881	ABIE51_RS13410	ABIE51_RS13410		N-acetylornithine carbamoyltransferase	-1.156	0.671	-1.449	-1.042	-6.961	-12.878	0.285	-16.177	-9.544	-0.282	-4.627	-6.431	-1.502	0.165	-0.119	-1.772	-9.774	-9.301	-12.090	-7.209	-0.727	1.651	-6.723	-0.416	-0.398
Lysobacter_OAE881	ABIE51_RS13415	ABIE51_RS13415		hypothetical protein	0.950	0.812	-0.121	0.038	-2.951	-0.649	-1.887	0.491	0.117	-1.250	0.341	-1.289	-0.839	0.342	-0.172	-0.336	-2.972	-2.080	-2.248	-0.283	0.785	-0.528	-0.273	-0.075	-0.151
Lysobacter_OAE881	ABIE51_RS13420	ABIE51_RS13420		hypothetical protein	-3.865	-0.961	-8.127	0.455	-6.794	-7.742	-1.842	-14.665	-4.327	-0.055	-9.069	-8.308	-4.220	-2.400	-1.484	-8.034	-8.361	-7.729	-3.679	-4.348	-1.157	-0.395	-4.170	0.917	-1.960
Lysobacter_OAE881	ABIE51_RS13435	ABIE51_RS13435		MFS transporter	0.724	0.618	-0.294	-1.405	0.799	0.035	-0.344	0.221	-0.471	1.678	-0.729	1.221	0.086	0.780	0.016	0.827	-0.676	-0.282	-0.996	0.171	-0.187	0.224	-0.624	0.867	-0.341
Lysobacter_OAE881	ABIE51_RS13440	ABIE51_RS13440		GNAT family N-acetyltransferase	-0.327	-0.392	0.130	-0.754	0.125	0.031	-1.287	-0.914	0.487	-1.121	-0.929	-1.313	0.892	-1.688	0.640	-0.465	0.198	0.040	0.304	-0.498	-1.636	-0.627	-2.157	-1.536	0.499
Lysobacter_OAE881	ABIE51_RS13445	ABIE51_RS13445		nucleoside deaminase	-1.798	1.195	1.975	0.952	0.631	2.068	-0.203	0.566	1.229	0.460	0.965	1.053	1.135	0.890	1.346	1.032	1.001	-0.035	2.381	0.700	0.465	0.442	0.449	1.204	-1.874
Lysobacter_OAE881	ABIE51_RS13455	ABIE51_RS13455		membrane protein insertion efficiency factor YidD	-0.960	0.550	0.175	-2.325	-0.336	0.303	-1.180	-0.465	-0.197	1.232	-0.529	0.066	1.156	-1.180	0.026	-0.657	-0.473	0.084	-1.768	-0.433	3.068	-0.140	0.606	-0.884	0.380
Lysobacter_OAE881	ABIE51_RS13465	ABIE51_RS13465		M23 family metallopeptidase	-0.128	-1.383	-0.957	0.065	-0.073	-0.252	-1.049	-1.765	-1.799	-0.376	-0.509	0.086	-0.825	0.461	-0.865	-1.126	-1.729	1.000	-0.875	-1.288	-0.794	-1.546	-1.702	0.117	-0.351
Lysobacter_OAE881	ABIE51_RS13470	ABIE51_RS13470		GGDEF domain-containing protein	0.232	-0.826	0.350	0.462	0.189	1.162	0.267	0.335	0.287	-0.524	-0.370	-0.857	-0.609	0.984	-0.860	-0.367	0.361	0.637	-0.165	0.454	0.994	0.145	-0.079	0.405	0.952
Lysobacter_OAE881	ABIE51_RS13480	ABIE51_RS13480		phytoene/squalene synthase family protein	0.810	-0.460	2.534	0.724	1.213	0.421	-0.554	-0.383	-1.428	-1.785	-0.288	-1.383	0.206	-0.210	0.664	0.097	0.081	-0.755	1.197	-0.466	-0.996	-0.183	-0.091	-0.500	-1.710
Lysobacter_OAE881	ABIE51_RS13485	ABIE51_RS13485		phosphoglycolate phosphatase	1.156	-0.657	-0.234	0.700	-2.963	-1.202	-2.129	-0.680	0.051	1.477	0.651	1.997	3.330	1.255	-2.035	-0.437	-1.700	-0.306	-0.356	-1.122	0.397	1.445	-1.057	-0.116	0.917
Lysobacter_OAE881	ABIE51_RS13495	ABIE51_RS13495		TRZ/ATZ family hydrolase	-0.403	1.858	-0.173	0.432	-2.987	-2.204	0.352	0.363	-0.818	2.219	-1.519	-0.432	-0.249	-1.935	0.157	-0.981	-0.375	-0.682	0.777	-1.141	2.274	1.227	-0.276	0.099	1.914
Lysobacter_OAE881	ABIE51_RS13510	ABIE51_RS13510		EAL domain-containing protein	0.967	0.569	-0.036	0.063	-0.364	1.384	-0.126	-0.868	-0.009	-0.334	0.746	-0.328	-0.097	0.089	0.606	0.227	0.426	0.667	0.820	0.433	0.173	-0.530	0.238	0.424	0.196
Lysobacter_OAE881	ABIE51_RS13515	ABIE51_RS13515		protease HtpX	0.081	-0.953	-0.532	-0.002	1.582	0.032	-1.332	-0.772	0.040	-1.219	1.323	0.035	0.117	0.830	-1.151	-0.889	-1.078	-0.328	-0.087	2.453	3.199	-3.235	0.308	-0.604	-0.700
Lysobacter_OAE881	ABIE51_RS13520	ABIE51_RS13520		tRNA glutamyl-Q(34) synthetase GluQRS	2.136	0.105	-2.001	-0.058	-1.104	2.058	-0.952	0.000	-0.068	1.994	0.266	-2.100	0.777	-1.097	0.611	-2.105	1.034	-0.057	0.676	0.956	1.584	-0.018	1.167	-0.331	-1.645
Lysobacter_OAE881	ABIE51_RS13525	ABIE51_RS13525		acetoacetyl-CoA reductase	0.272	-0.023	-0.024	-1.248	0.799	-0.912	1.431	-0.628	0.066	-0.907	0.642	-0.753	-2.108	0.899	-0.602	0.672	-1.135	-1.453	0.979	0.585	-0.883	1.718	-0.079	0.022	0.135
Lysobacter_OAE881	ABIE51_RS13530	ABIE51_RS13530		polyhydroxyalkanoate synthesis repressor PhaR	0.566	0.229	-6.831	2.451	-5.001	-5.947	0.417	-4.060	0.293	0.032	0.450	0.581	-2.164	0.018	-0.990	-9.781	-2.947	-5.741	-4.845	0.125	-0.089	-2.254	1.488	-0.346	0.530
Lysobacter_OAE881	ABIE51_RS13535	ABIE51_RS13535		M48 family metallopeptidase	0.426	-1.420	1.184	-0.245	-0.358	0.253	-0.868	0.967	0.535	-2.902	0.988	0.645	0.657	0.401	-0.155	0.470	0.264	1.708	0.362	0.379	-0.076	-0.659	0.568	-0.104	-1.287
Lysobacter_OAE881	ABIE51_RS13540	ABIE51_RS13540		SUMF1/EgtB/PvdO family nonheme iron enzyme	-2.728	-2.694	-2.856	-1.257	-4.425	-5.342	-3.167	-3.868	-5.265	-1.242	-3.140	-2.755	-5.104	-3.713	-2.173	-1.661	-2.536	-4.352	-2.092	-3.630	-3.418	-0.112	-5.080	-1.332	-3.805
Lysobacter_OAE881	ABIE51_RS13550	ABIE51_RS13550		tRNA-Ala	-0.520	-0.154	0.171	0.061	0.653	-0.477	-1.281	-0.654	0.071	-0.263	-0.128	-0.003	-1.661	-0.699	-0.907	1.747	-0.692	0.290	-1.307	-0.804	-1.308	-1.213	0.255	-0.234	-0.515
Lysobacter_OAE881	ABIE51_RS13555	ABIE51_RS13555		rhodanese-like domain-containing protein	-1.300	0.810	0.181	0.273	0.953	0.411	-0.196	-0.018	0.663	1.275	-1.014	0.309	-0.005	0.546	0.854	0.726	-0.722	0.448	-0.160	0.084	-0.565	0.096	0.187	0.163	0.624
Lysobacter_OAE881	ABIE51_RS13560	ABIE51_RS13560		type II secretion system protein	1.111	1.333	0.176	-0.523	-0.002	0.957	-0.756	0.949	-0.830	0.393	0.186	0.581	-0.586	-1.282	-0.293	-0.327	-0.498	0.335	-0.979	1.064	-0.597	1.195	1.077	-0.087	0.235
Lysobacter_OAE881	ABIE51_RS13565	ABIE51_RS13565		type II secretion system protein	-0.081	1.271	1.091	-1.401	-0.781	0.665	0.808	0.968	0.658	0.650	0.838	0.101	-1.854	0.448	0.818	1.250	0.704	0.506	1.391	0.245	0.193	0.417	-0.140	1.351	0.321
Lysobacter_OAE881	ABIE51_RS13570	ABIE51_RS13570		type II secretion system protein	-0.002	-0.580	-1.215	0.479	-0.764	1.175	0.645	0.365	0.466	0.627	-0.280	0.603	-0.039	0.919	0.169	0.321	2.003	1.246	0.463	-0.322	-0.358	-0.519	-0.453	0.538	0.302
Lysobacter_OAE881	ABIE51_RS13575	ABIE51_RS13575		secretin N-terminal domain-containing protein	-1.094	0.689	0.549	-0.564	1.114	1.105	0.636	1.350	0.600	0.675	-0.140	0.481	1.740	-0.129	1.536	0.345	0.222	1.610	-0.500	1.653	-0.212	-0.156	0.622	1.134	0.853
Lysobacter_OAE881	ABIE51_RS13580	ABIE51_RS13580		hypothetical protein	0.282	0.274	0.850	-0.106	-0.151	1.272	0.874	-0.325	0.723	-0.558	-0.119	0.132	1.035	-1.318	0.401	0.344	0.714	-0.461	1.448	1.086	0.675	0.300	0.759	-0.774	1.093
Lysobacter_OAE881	ABIE51_RS13585	ABIE51_RS13585		hypothetical protein	0.170	0.871	0.442	-0.691	0.918	1.591	0.390	0.651	0.074	0.347	-0.418	0.636	1.599	0.447	-0.862	0.852	-0.212	-0.601	-0.490	-0.707	-0.120	-0.608	0.612	1.668	-0.955
Lysobacter_OAE881	ABIE51_RS13590	ABIE51_RS13590		hypothetical protein	0.264	0.253	0.412	-0.004	-0.712	-0.196	-0.005	-0.322	1.342	-0.123	-0.471	0.982	-0.309	-0.675	0.500	-0.257	1.744	-0.985	-0.054	-0.376	-0.421	-0.109	1.437	1.073	-1.499
Lysobacter_OAE881	ABIE51_RS13595	ABIE51_RS13595		hypothetical protein	-0.553	-0.355	0.157	0.260	0.773	0.015	2.541	1.558	1.043	-1.110	-2.095	0.203	0.672	0.425	2.335	0.004	1.848	0.665	0.670	1.110	0.385	-1.127	0.787	1.370	2.560
Lysobacter_OAE881	ABIE51_RS13600	ABIE51_RS13600		GspE/PulE family protein	-0.418	-0.059	-0.078	-0.288	-0.091	0.445	0.002	-0.500	-1.294	0.091	-1.499	-0.839	-0.482	0.745	-1.386	0.065	0.445	0.578	-0.589	0.378	-0.121	0.162	-1.026	2.441	0.052
Lysobacter_OAE881	ABIE51_RS13605	ABIE51_RS13605		type II secretion system F family protein	1.319	0.150	1.274	1.356	0.929	1.888	0.921	1.819	0.617	2.083	1.393	0.853	0.948	0.826	-0.191	0.895	0.519	1.705	0.725	2.238	2.117	1.389	1.054	1.245	0.721
Lysobacter_OAE881	ABIE51_RS13610	ABIE51_RS13610		type II secretion system major pseudopilin GspG	-0.946	-0.079	-0.108	-1.317	-0.731	-0.387	-0.414	-0.212	-0.422	0.361	-0.460	0.225	0.078	-0.191	-0.296	-0.028	0.330	0.733	0.748	-0.182	0.344	-0.002	-0.041	-0.209	0.365
Lysobacter_OAE881	ABIE51_RS13615	ABIE51_RS13615		hypothetical protein	-0.172	0.577	0.796	0.098	1.589	1.479	0.137	0.201	0.211	0.451	-1.026	0.911	-0.600	0.282	-0.380	0.703	0.427	0.250	1.061	-0.234	-0.662	0.969	0.816	-0.092	-0.360
Lysobacter_OAE881	ABIE51_RS13625	ABIE51_RS13625		RHS repeat-associated core domain-containing protein	-0.196	-0.041	0.489	-0.598	-0.130	0.579	-0.210	0.439	0.125	0.566	-0.160	-0.201	0.314	-0.542	0.228	-0.048	0.756	1.124	0.756	0.183	-0.692	0.087	0.261	-0.085	-1.106
Lysobacter_OAE881	ABIE51_RS13630	ABIE51_RS13630		Ig-like domain-containing protein	0.496	0.708	0.322	-0.519	0.834	0.182	-0.078	0.294	0.385	-0.587	0.804	0.289	1.356	-0.348	1.087	0.364	-0.210	-0.377	0.138	1.256	0.609	0.994	0.010	0.228	0.169
Lysobacter_OAE881	ABIE51_RS13635	ABIE51_RS13635		hypothetical protein	0.507	-0.087	-0.752	0.652	-0.530	-0.199	0.091	-0.314	-0.463	-0.981	0.419	0.371	-1.032	-0.554	-0.542	0.134	0.553	-0.647	-0.159	0.096	-1.183	0.268	-0.275	0.018	-0.828
Lysobacter_OAE881	ABIE51_RS13640	ABIE51_RS13640		hypothetical protein	0.112	0.407	-0.156	-0.470	-1.070	0.416	-0.528	-0.639	1.093	1.527	-0.084	-0.330	-0.528	-0.217	-0.357	0.140	-0.730	-1.273	-0.570	1.382	0.360	-0.639	0.185	0.051	-0.286
Lysobacter_OAE881	ABIE51_RS13645	ABIE51_RS13645		hypothetical protein	-0.266	0.768	1.294	-0.859	0.780	1.071	-0.757	0.556	0.134	0.920	-0.273	0.101	1.213	0.124	0.453	0.529	0.067	0.541	0.585	1.387	0.734	-0.116	1.388	0.913	-0.970
Lysobacter_OAE881	ABIE51_RS13650	ABIE51_RS13650		IPT/TIG domain-containing protein	-1.541	-0.013	-0.622	0.107	0.690	1.111	0.971	-0.457	-0.800	-0.451	-0.170	0.477	-0.119	0.550	-0.525	-0.143	0.123	-0.218	0.758	0.183	0.496	-0.072	0.324	-0.001	-0.625
Lysobacter_OAE881	ABIE51_RS13655	ABIE51_RS13655		hypothetical protein	-0.733	-0.722	-1.906	-0.169	-0.402	0.047	-0.733	-0.936	0.726	-2.996	0.076	-0.646	-1.956	0.201	-0.974	-0.264	1.167	-0.205	-0.935	-1.398	0.882	-0.340	0.125	-0.069	-0.073
Lysobacter_OAE881	ABIE51_RS13660	ABIE51_RS13660		serine hydrolase domain-containing protein	0.342	0.758	1.705	1.209	1.260	1.072	-0.727	0.809	0.056	0.756	0.450	1.142	0.799	-0.453	0.561	1.446	0.475	0.802	3.017	0.722	0.083	0.068	0.478	2.545	-0.404
Lysobacter_OAE881	ABIE51_RS13665	ABIE51_RS13665		M15 family metallopeptidase	-0.086	-0.487	1.491	-2.253	-1.334	0.138	-0.115	-0.045	-2.024	0.788	-0.268	-1.365	-0.683	-0.465	0.802	0.985	0.903	1.087	0.787	0.058	-0.195	1.109	1.065	1.717	0.083
Lysobacter_OAE881	ABIE51_RS13670	ABIE51_RS13670		serine hydrolase	-0.644	-0.403	-1.071	0.251	1.021	-0.088	-0.450	-0.720	0.072	-0.775	0.599	-1.758	-0.548	0.157	-1.264	-1.361	0.387	0.527	0.493	0.456	-1.383	-0.218	-0.954	0.806	0.399
Lysobacter_OAE881	ABIE51_RS13675	ABIE51_RS13675		diaminopimelate decarboxylase	0.926	0.093	-0.559	0.314	2.025	-1.598	0.161	-0.137	0.085	0.539	-0.088	1.234	2.083	-0.417	-1.554	1.122	-1.056	-0.194	1.511	1.578	-0.903	-0.166	0.603	0.715	-1.054
Lysobacter_OAE881	ABIE51_RS13680	ABIE51_RS13680		TonB-dependent receptor	-0.085	0.891	0.629	1.017	0.695	-0.544	0.044	0.399	1.160	-0.022	-1.506	1.119	-0.823	-1.156	1.312	1.177	-0.156	0.148	1.034	0.733	-0.116	0.942	0.766	0.823	-0.216
Lysobacter_OAE881	ABIE51_RS13685	ABIE51_RS13685		transglutaminase domain-containing protein	-0.497	-0.267	0.899	0.686	0.643	1.915	3.296	1.448	0.843	0.401	-0.673	1.185	-0.511	0.709	-0.167	-0.465	1.727	2.027	0.709	0.320	0.409	0.039	0.470	0.787	0.359
Lysobacter_OAE881	ABIE51_RS13690	ABIE51_RS13690		SH3 domain-containing protein	-0.855	0.206	-1.541	-0.709	-0.729	0.758	0.357	0.349	-0.343	0.098	-0.971	0.100	-1.621	1.194	-1.382	0.332	-0.205	-0.836	-0.526	-0.931	-0.750	1.771	-0.776	0.048	0.363
Lysobacter_OAE881	ABIE51_RS13695	ABIE51_RS13695		dipeptide epimerase	-0.728	-1.122	-1.237	-0.439	-0.682	-0.050	0.743	-0.155	-1.114	-1.166	-1.497	-1.642	-0.048	-1.658	-1.590	-1.158	-0.314	-0.412	0.066	-0.243	-1.026	-0.764	-1.590	-0.642	-1.360
Lysobacter_OAE881	ABIE51_RS13700	ABIE51_RS13700		MurR/RpiR family transcriptional regulator	-0.434	-1.706	2.007	0.227	-2.730	-0.391	-0.480	0.800	0.195	-3.089	5.956	0.162	-1.059	0.103	-0.644	0.572	-0.310	-0.457	0.740	0.376	-0.634	-0.806	-0.106	0.278	-1.024
Lysobacter_OAE881	ABIE51_RS13705	ABIE51_RS13705		L,D-transpeptidase family protein	-1.132	-1.586	-1.074	-0.369	-0.340	-0.500	-0.569	-0.661	-0.063	-1.263	-0.512	-0.931	-0.692	-1.707	-1.509	-1.168	-0.802	0.061	-0.535	0.121	-0.573	-1.197	-1.000	-1.206	-0.210
Lysobacter_OAE881	ABIE51_RS13710	ABIE51_RS13710		dicarboxylate/amino acid:cation symporter	-0.898	-0.241	-0.930	-1.675	0.254	-1.462	0.403	-0.778	-1.465	-0.959	-0.549	-0.293	0.211	-0.795	-0.685	-0.060	-0.961	-0.558	-0.640	-0.463	-0.342	-0.380	0.482	1.490	-1.882
Lysobacter_OAE881	ABIE51_RS13720	ABIE51_RS13720		aldehyde dehydrogenase family protein	-2.577	1.195	-1.219	0.636	0.116	-0.142	0.587	1.283	0.560	1.696	-1.061	0.177	1.284	-1.439	0.742	-3.323	0.104	1.140	-0.406	2.357	0.578	-0.476	1.789	0.565	-0.857
Lysobacter_OAE881	ABIE51_RS13735	ABIE51_RS13735		DMT family transporter	0.939	0.058	0.681	-1.187	-0.592	-0.284	0.320	0.824	0.374	-0.256	1.492	0.619	-0.829	-0.286	0.150	0.493	-0.165	-0.645	1.168	1.404	0.517	1.229	0.554	-0.047	-0.874
Lysobacter_OAE881	ABIE51_RS13740	ABIE51_RS13740		phosphatase PAP2 family protein	-0.484	-0.606	-0.450	-0.726	1.063	-0.021	-0.800	-0.907	0.987	-0.318	-0.512	-0.250	1.124	-0.092	0.969	-0.328	-0.084	1.378	-0.347	-0.760	-1.633	0.939	0.627	0.377	-0.062
Lysobacter_OAE881	ABIE51_RS13750	ABIE51_RS13750		exodeoxyribonuclease VII large subunit	1.725	1.452	-0.198	1.102	-0.408	-0.238	1.031	0.789	-0.139	1.638	-0.280	0.513	0.183	0.300	-0.528	-0.599	0.820	0.135	1.782	0.302	0.025	1.731	1.013	-0.459	0.586
Lysobacter_OAE881	ABIE51_RS13755	ABIE51_RS13755		aldehyde dehydrogenase family protein	0.998	1.272	0.510	1.359	-0.177	-0.507	1.746	1.540	0.538	-0.266	1.417	0.394	1.225	-0.381	-0.684	-0.295	2.323	1.312	1.576	0.365	-0.719	1.765	1.129	1.422	0.987
Lysobacter_OAE881	ABIE51_RS13760	ABIE51_RS13760		VWA domain-containing protein	0.604	-0.719	0.247	-0.315	0.815	1.281	0.274	0.804	-0.008	0.352	-1.114	1.140	2.179	-0.469	-1.497	0.105	-0.229	-0.015	1.741	0.514	0.208	0.925	-1.052	0.085	-1.741
Lysobacter_OAE881	ABIE51_RS13765	ABIE51_RS13765		EAL domain-containing protein	-1.408	-0.205	-1.128	-0.912	-2.830	-0.837	0.704	-0.257	-1.819	-2.052	0.651	-0.407	1.422	0.173	-0.141	-1.114	1.041	1.289	0.417	0.312	0.718	-0.354	0.800	-0.696	-2.388
Lysobacter_OAE881	ABIE51_RS13770	ABIE51_RS13770		RNA polymerase sigma factor	0.972	1.044	1.212	0.138	1.152	1.887	1.566	-0.241	0.818	0.731	0.343	2.102	2.273	1.403	0.415	0.506	-0.071	-0.094	1.540	0.577	-1.654	1.181	3.321	1.069	-1.450
Lysobacter_OAE881	ABIE51_RS13780	ABIE51_RS13780		YigZ family protein	-1.146	-0.626	2.029	0.687	-1.612	0.631	-1.677	-0.003	-0.763	-0.064	-0.021	0.214	-0.711	-0.755	0.458	-0.761	-0.084	0.291	0.816	0.729	-1.652	-0.089	0.561	-1.848	-1.885
Lysobacter_OAE881	ABIE51_RS13785	ABIE51_RS13785		ABC transporter transmembrane domain-containing protein	0.048	1.697	0.911	-2.136	1.734	-0.174	0.867	-0.593	1.272	1.550	-0.074	-0.087	1.157	-0.231	0.170	1.013	1.781	0.455	1.740	-0.603	0.889	0.295	0.878	1.510	0.158
Lysobacter_OAE881	ABIE51_RS13790	ABIE51_RS13790		acyl-CoA dehydrogenase family protein	-0.773	-0.601	-1.868	-0.705	0.641	-0.270	-0.077	1.937	0.163	0.710	-3.572	-0.512	0.100	-0.176	-0.923	-0.835	1.016	0.460	0.772	1.544	-0.048	0.462	0.801	1.098	1.245
Lysobacter_OAE881	ABIE51_RS13795	ABIE51_RS13795		NAD(P)/FAD-dependent oxidoreductase	1.137	0.592	0.187	-1.293	-0.426	0.143	0.494	-1.788	-0.435	-0.196	1.987	-0.680	0.252	0.353	0.096	0.785	-0.034	-2.231	0.339	0.353	-0.529	-0.560	0.607	0.118	-0.148
Lysobacter_OAE881	ABIE51_RS13800	ABIE51_RS13800		cold-shock protein	-1.110	-0.265	2.650	0.902	-1.625	-0.992	0.250	-0.583	2.251	-0.081	-1.987	-0.007	0.789	0.492	-0.970	1.257	-0.557	-0.811	-0.756	0.550	-0.192	0.673	0.375	-1.327	1.009
Lysobacter_OAE881	ABIE51_RS13805	ABIE51_RS13805		'S-methyl-5'-thioinosine phosphorylase' pseudo=_no_value transl_table=11	-0.653	-0.884	-0.479	-0.089	-3.827	-4.236	-1.478	-1.349	-1.097	0.741	-1.674	-3.996	-2.327	-0.967	-1.456	-1.081	-1.370	-4.360	-1.227	-1.896	-0.773	0.398	-1.656	0.161	0.225
Lysobacter_OAE881	ABIE51_RS13810	ABIE51_RS13810		hypoxanthine-guanine phosphoribosyltransferase	1.582	1.315	-0.479	-0.149	-0.412	-0.100	-1.021	-0.098	-0.633	0.174	1.058	-0.091	0.880	-1.343	0.856	-1.283	0.503	0.584	-0.282	-0.666	-0.234	0.507	-0.254	1.139	-0.330
Lysobacter_OAE881	ABIE51_RS13815	ABIE51_RS13815		beta-N-acetylhexosaminidase	-0.280	-0.089	-0.718	0.701	-1.367	-2.228	0.086	-1.856	-3.627	-1.589	1.210	-1.066	0.133	0.966	-0.165	-0.419	-2.538	-2.211	-1.149	-1.682	-0.308	2.135	0.909	0.749	-1.402
Lysobacter_OAE881	ABIE51_RS13825	ABIE51_RS13825		CYTH domain-containing protein	0.208	-1.167	-0.093	1.551	-1.283	-1.188	0.274	-0.340	-0.932	-0.935	1.515	-1.678	-1.966	0.325	-0.117	-0.933	-0.070	0.267	-1.444	0.401	-0.859	0.806	1.297	-1.840	-2.001
Lysobacter_OAE881	ABIE51_RS13830	ABIE51_RS13830		23S rRNA (uracil(1939)-C(5))-methyltransferase RlmD	-1.676	-0.189	-1.113	-0.553	-1.456	-0.517	-0.594	-0.862	-0.571	0.032	-0.572	-0.118	-0.055	-1.327	-0.751	-0.440	-0.944	-0.971	-0.570	-1.073	-2.111	-0.389	-0.563	-0.045	-1.180
Lysobacter_OAE881	ABIE51_RS13835	ABIE51_RS13835		DUF1318 domain-containing protein	-1.464	-0.750	0.173	-1.194	0.686	-0.423	-0.051	-0.772	0.314	0.520	0.104	-0.420	-1.414	-0.111	-0.388	-0.299	0.608	-0.203	0.332	-0.472	-0.227	-0.539	0.731	0.010	-1.384
Lysobacter_OAE881	ABIE51_RS13840	ABIE51_RS13840		hypothetical protein	0.236	0.323	0.274	0.901	0.616	0.504	-0.791	0.492	0.296	0.842	0.075	-1.849	0.678	-1.618	0.852	0.636	0.182	0.327	0.723	0.479	0.583	-0.449	1.114	0.880	-0.421
Lysobacter_OAE881	ABIE51_RS13845	ABIE51_RS13845		response regulator	0.626	0.548	1.009	-0.596	0.311	0.065	0.635	0.895	0.768	-0.926	0.173	-1.079	0.467	0.058	-0.859	0.100	-0.475	-0.122	-0.297	0.139	-1.264	-0.133	-0.274	0.323	-1.335
Lysobacter_OAE881	ABIE51_RS13850	ABIE51_RS13850		DNA repair protein RecO	1.129	0.685	-0.317	-0.122	0.457	-0.070	1.130	0.590	0.857	-0.178	0.236	1.133	0.370	1.787	1.756	0.542	1.352	0.669	0.825	-0.502	0.108	-0.433	-0.163	0.585	0.039
Lysobacter_OAE881	ABIE51_RS13865	ABIE51_RS13865		DUF4845 domain-containing protein	0.425	1.219	0.074	0.443	-0.190	-0.227	-0.133	0.316	0.047	0.690	-1.246	1.251	0.807	0.878	0.276	-0.190	-0.612	-0.091	0.715	0.405	-0.227	0.863	0.690	0.192	1.196
Lysobacter_OAE881	ABIE51_RS13875	ABIE51_RS13875		translation elongation factor 4	-1.412	-0.740	-1.566	-1.159	-1.146	-1.694	-0.932	0.477	-0.674	-1.456	-0.874	0.277	-1.371	-0.707	-0.489	-1.496	-1.522	-0.843	-2.337	-0.987	-2.586	-0.157	-0.611	-0.693	-0.373
Lysobacter_OAE881	ABIE51_RS13880	ABIE51_RS13880		DegQ family serine endoprotease	-0.566	-1.360	1.067	-1.611	-2.272	0.680	0.003	-4.021	3.923	0.862	6.626	2.220	1.503	0.184	0.402	1.565	-0.151	-1.015	8.346	5.549	1.670	-1.404	6.726	-1.020	-3.107
Lysobacter_OAE881	ABIE51_RS13885	ABIE51_RS13885		sigma-E factor negative regulatory protein	-3.292	-2.166	-1.842	-0.342	-2.869	-3.785	-1.065	-6.019	-3.216	0.070	-0.293	-4.591	-3.909	-2.459	0.371	-2.323	-4.708	-3.853	0.946	-2.983	-0.707	1.032	-1.016	-1.263	-1.296
Lysobacter_OAE881	ABIE51_RS13890	ABIE51_RS13890		RNA polymerase sigma factor RpoE	-1.014	-0.286	-7.226	-0.659	1.117	-0.160	0.283	-7.602	-3.749	-0.377	6.499	-2.120	-2.990	-2.471	-0.701	-8.200	0.319	0.242	2.295	-1.321	-1.292	-0.871	1.124	-0.640	-1.400
Lysobacter_OAE881	ABIE51_RS13895	ABIE51_RS13895		3-hydroxyacyl-CoA dehydrogenase NAD-binding domain-containing protein	1.821	-0.466	0.550	-0.096	-0.886	-0.272	1.048	0.754	0.803	-0.265	-0.614	2.019	-0.402	0.701	-0.589	1.181	0.049	-0.956	-0.352	-0.333	-1.212	-0.018	-0.114	0.995	0.539
Lysobacter_OAE881	ABIE51_RS13900	ABIE51_RS13900		hypothetical protein	0.171	-0.262	0.028	-0.234	-0.015	0.341	0.627	0.069	1.090	0.544	-0.041	1.529	-1.567	-0.359	-0.348	0.525	0.120	0.142	1.019	0.396	-0.416	-1.191	0.482	-0.946	-0.126
Lysobacter_OAE881	ABIE51_RS13905	ABIE51_RS13905		PilZ domain-containing protein	-1.480	1.035	-1.125	-2.178	0.103	-0.174	-1.668	0.088	0.508	0.067	-0.590	0.867	-1.878	-0.775	0.962	0.285	1.498	-0.189	0.614	-0.754	-0.775	-0.385	1.033	-0.369	-1.119
Lysobacter_OAE881	ABIE51_RS13920	ABIE51_RS13920		endolytic transglycosylase MltG	-0.903	0.275	-2.437	-0.075	-1.571	-2.271	-1.029	-0.877	-0.942	-0.008	-1.957	0.176	0.827	0.097	-1.419	-1.446	-1.153	-1.806	0.005	0.114	-0.627	-0.117	-1.446	-1.093	0.229
Lysobacter_OAE881	ABIE51_RS13925	ABIE51_RS13925		aminodeoxychorismate lyase	-0.936	-1.001	-2.298	-0.218	-2.048	-0.545	-0.167	-0.872	-0.358	0.490	1.506	-1.251	-0.807	-0.669	-0.826	-3.073	-0.361	-0.139	-1.603	-0.757	-2.567	-1.208	-0.482	-0.787	0.123
Lysobacter_OAE881	ABIE51_RS13930	ABIE51_RS13930		aminodeoxychorismate synthase component I	0.291	-0.389	0.595	1.217	1.224	0.592	-0.294	0.438	0.299	1.086	-0.162	1.115	-1.250	2.321	0.735	0.516	1.672	-0.448	-0.251	1.195	-0.197	1.355	-0.371	1.629	-0.060
Lysobacter_OAE881	ABIE51_RS13970	ABIE51_RS13970		hypothetical protein	-0.355	-0.107	-0.499	-0.023	1.376	0.313	1.198	-0.884	-0.034	1.956	1.002	0.096	0.075	0.453	-0.807	0.512	-0.831	-0.069	0.229	0.042	-1.411	-0.997	0.787	0.235	-0.474
Lysobacter_OAE881	ABIE51_RS13975	ABIE51_RS13975		Maf family nucleotide pyrophosphatase	0.152	0.100	0.898	-0.079	0.273	-0.950	1.154	1.622	-0.202	-0.003	-0.434	0.647	0.606	0.671	1.691	0.010	1.098	-1.356	0.650	-0.567	0.098	-0.765	0.242	0.462	0.919
Lysobacter_OAE881	ABIE51_RS13980	ABIE51_RS13980		glycosyltransferase family 39 protein	0.692	0.257	-0.797	0.190	-0.313	-0.613	0.107	0.148	-1.277	0.290	-1.753	-1.318	0.885	0.719	-0.417	-1.043	1.600	-0.260	-0.772	-0.825	-0.579	-1.114	1.182	-0.810	-0.014
Lysobacter_OAE881	ABIE51_RS13985	ABIE51_RS13985		AAA family ATPase	1.334	0.697	1.525	-1.412	-0.619	-0.020	0.265	-1.167	1.326	0.413	2.544	1.549	0.110	0.481	0.184	1.296	0.428	0.556	0.777	0.359	-0.597	0.041	1.890	1.474	-1.172
Lysobacter_OAE881	ABIE51_RS13990	ABIE51_RS13990		DUF58 domain-containing protein	-0.115	-1.245	0.062	0.787	1.319	0.026	-1.142	-1.825	-0.176	0.331	1.916	0.556	0.567	0.708	0.108	0.092	-0.142	-0.762	0.135	-0.151	0.147	0.115	0.043	-0.833	-1.194
Lysobacter_OAE881	ABIE51_RS13995	ABIE51_RS13995		DUF3488 and transglutaminase-like domain-containing protein	1.745	1.234	1.045	0.620	0.323	-0.087	-0.294	-0.455	0.447	1.504	3.500	2.118	0.781	0.829	0.762	1.232	1.222	0.963	0.296	0.848	0.435	0.627	0.929	1.096	0.801
Lysobacter_OAE881	ABIE51_RS14000	ABIE51_RS14000		Slp family lipoprotein	1.295	1.535	-0.490	0.540	-0.187	0.248	-0.530	0.888	0.218	-0.556	0.926	1.349	-0.270	2.540	-0.079	0.147	1.011	2.051	1.570	1.609	-0.940	1.311	0.061	0.783	-1.279
Lysobacter_OAE881	ABIE51_RS14005	ABIE51_RS14005		histidine triad nucleotide-binding protein	-1.391	-0.460	-0.398	-2.113	-0.094	0.619	0.146	-0.329	-0.226	-1.499	0.492	0.144	0.225	0.082	-0.363	-0.227	0.163	-1.722	0.917	-0.724	-0.700	1.038	0.051	-0.445	0.297
Lysobacter_OAE881	ABIE51_RS14010	ABIE51_RS14010		recombination mediator RecR	-0.731	0.455	-0.515	-1.746	1.262	-0.354	-0.211	0.305	0.622	1.177	-0.291	0.270	0.192	1.112	0.693	1.315	0.773	-2.607	0.322	0.504	-0.095	-0.266	0.370	0.924	0.813
Lysobacter_OAE881	ABIE51_RS14035	ABIE51_RS14035		YncE family protein	0.974	0.936	-0.027	-0.235	1.615	1.803	-0.022	1.103	-0.070	0.911	0.173	1.664	0.513	1.790	1.079	1.029	1.892	1.344	0.296	1.180	1.065	1.056	1.491	-0.118	1.396
Lysobacter_OAE881	ABIE51_RS14040	ABIE51_RS14040		molybdenum cofactor biosynthesis protein MoaE	-1.492	-1.021	-1.961	-0.504	1.563	-0.898	0.247	1.967	1.327	-0.402	2.901	0.549	-0.237	-1.297	0.859	-1.156	0.742	1.124	3.114	0.878	0.920	-1.064	0.042	-0.462	-2.521
Lysobacter_OAE881	ABIE51_RS14045	ABIE51_RS14045		MoaD/ThiS family protein	-0.926	-2.342	-1.490	-2.813	-0.389	-0.942	-1.677	0.670	-1.414	-0.685	1.606	-0.603	-1.370	-0.999	0.844	-2.345	-0.719	0.907	1.281	0.512	-0.630	-2.053	0.564	-1.048	-1.114
Lysobacter_OAE881	ABIE51_RS14050	ABIE51_RS14050		cyclic pyranopterin monophosphate synthase MoaC	-0.804	-2.049	-2.205	0.045	-1.556	-2.406	-2.280	0.627	-1.349	-0.335	0.850	-0.532	-0.647	0.216	0.461	-1.450	-0.086	-0.310	0.444	-0.030	-1.338	-0.123	-0.032	-0.602	-0.267
Lysobacter_OAE881	ABIE51_RS14055	ABIE51_RS14055		GTP 3',8-cyclase MoaA	-1.228	-0.751	-1.075	1.439	-0.304	-1.049	-0.302	2.588	-0.559	-0.404	2.319	-1.312	-0.184	1.047	0.519	-3.002	0.579	-0.633	0.769	-0.373	-0.861	-1.892	0.257	-0.631	0.196
Lysobacter_OAE881	ABIE51_RS14060	ABIE51_RS14060		MBL fold metallo-hydrolase	-0.785	-0.422	-3.533	-0.987	-5.947	-5.350	-1.886	-7.022	-2.815	0.388	0.671	-3.404	-0.512	0.572	-1.250	-0.790	-3.628	-5.842	-3.659	-4.197	-3.274	-0.894	-4.440	-0.203	0.251
Lysobacter_OAE881	ABIE51_RS14070	ABIE51_RS14070		glycosyltransferase family 9 protein	-3.492	-3.716	-7.701	-3.235	-3.717	-5.973	-0.919	-4.449	-4.081	-2.372	-4.133	-4.290	-2.732	-3.277	-1.372	-6.684	-5.681	-5.701	-2.756	-3.794	-3.516	-3.106	-3.358	-2.848	-4.959
Lysobacter_OAE881	ABIE51_RS14085	ABIE51_RS14085		DUF6165 family protein	-2.310	-2.421	-4.681	-2.473	-3.457	-3.581	-1.772	-4.701	-3.365	-3.004	-2.263	-2.793	-2.485	-2.932	-2.566	-3.327	-2.890	-2.777	-3.051	-3.230	-2.441	-3.624	-2.869	-2.984	-2.164
Lysobacter_OAE881	ABIE51_RS14090	ABIE51_RS14090		PP2C family serine/threonine-protein phosphatase	-3.664	-1.370	-7.835	-2.635	-4.846	-7.054	4.584	-10.383	-9.328	1.689	-2.976	-7.245	-4.099	-0.601	-3.294	-9.162	-5.387	-7.247	-3.049	-5.452	-6.156	-0.180	-2.975	-2.558	-1.025
Lysobacter_OAE881	ABIE51_RS14105	ABIE51_RS14105		hydroxyacylglutathione hydrolase	0.762	0.028	-0.038	-0.852	-2.537	-3.955	-1.061	-0.374	-0.905	0.735	0.549	-1.424	-1.614	-0.426	0.495	0.087	-4.199	-3.681	-0.270	0.063	1.471	0.591	2.507	-0.702	-2.961
Lysobacter_OAE881	ABIE51_RS14110	ABIE51_RS14110		lytic transglycosylase domain-containing protein	-0.085	-1.726	-0.595	-0.556	-0.359	-0.667	-0.741	-0.963	-1.034	-0.549	0.831	-1.018	-0.255	-0.339	0.980	-0.544	-0.910	-0.699	-0.825	-0.377	-1.915	-0.055	-0.664	-0.186	0.384
Lysobacter_OAE881	ABIE51_RS14120	ABIE51_RS14120		peptidyl-prolyl cis-trans isomerase	-1.461	-0.376	-2.559	-0.582	-0.030	-1.703	-0.701	-2.378	-0.717	0.897	-0.136	-0.807	1.291	-0.639	0.424	-2.978	-1.215	-0.107	-1.294	0.926	-0.009	-0.647	-0.711	0.049	-2.029
Lysobacter_OAE881	ABIE51_RS14135	ABIE51_RS14135		tRNA-Val	-1.020	0.234	-0.959	-1.084	-1.018	-1.764	-0.074	-0.121	-1.330	0.201	-0.461	-0.060	0.574	-0.609	-0.763	-0.102	-1.687	-0.667	-1.758	-1.217	-0.542	0.485	-0.983	-0.299	0.232
Lysobacter_OAE881	ABIE51_RS14145	ABIE51_RS14145		endopeptidase La	-0.266	0.074	-1.339	3.027	-5.821	-8.379	0.485	1.582	-0.590	0.475	4.710	2.289	-0.681	3.011	-0.834	-1.932	-6.246	-6.580	-1.036	-0.764	1.071	2.529	-1.166	0.821	-0.007
Lysobacter_OAE881	ABIE51_RS14150	ABIE51_RS14150		ATP-dependent Clp protease ATP-binding subunit ClpX	1.283	-0.501	-2.716	-2.577	-7.704	-7.938	0.874	-10.852	-2.614	2.846	-1.748	-1.941	-6.303	3.461	0.581	-1.675	-5.407	-7.400	-4.116	-0.644	-3.663	1.962	-3.483	-0.129	-3.312
Lysobacter_OAE881	ABIE51_RS14155	ABIE51_RS14155		ATP-dependent Clp endopeptidase proteolytic subunit ClpP	-1.911	-1.234	-6.459	0.839	-7.004	-9.767	-0.713	-10.304	-6.667	2.092	-2.797	-4.282	-5.515	-1.111	-1.589	-7.955	-6.765	-6.630	-9.010	-6.868	-5.301	1.122	-2.768	0.269	-0.364
Lysobacter_OAE881	ABIE51_RS14160	ABIE51_RS14160		trigger factor	-0.189	-1.260	-1.302	-0.180	-0.671	-1.165	-0.369	0.335	-1.126	0.368	-1.918	-0.340	1.875	-1.208	0.551	-1.482	-1.548	-0.929	-0.482	-0.151	0.222	-1.299	-0.240	-0.327	-0.912
Lysobacter_OAE881	ABIE51_RS14165	ABIE51_RS14165		tRNA-Leu	-0.739	-0.479	0.818	0.312	-1.875	1.569	-1.316	-1.121	1.383	1.279	-0.220	0.308	-0.677	0.101	-0.381	0.752	2.170	-0.709	1.289	0.713	0.915	0.517	-0.019	-1.487	-1.513
Lysobacter_OAE881	ABIE51_RS14190	ABIE51_RS14190		Bax inhibitor-1/YccA family protein	0.993	1.444	0.583	0.998	1.148	0.631	1.260	1.217	0.120	1.312	0.498	0.577	2.010	0.099	0.255	-0.533	0.686	0.237	0.597	-0.033	-1.664	0.458	0.544	-0.638	-0.761
Lysobacter_OAE881	ABIE51_RS14195	ABIE51_RS14195		Na+/H+ antiporter NhaC family protein	0.572	-0.449	-0.509	-0.744	1.522	0.277	-0.802	-0.494	-0.748	0.032	-0.272	-0.830	0.539	0.046	-1.009	-0.025	0.689	-0.904	-0.282	-0.447	-1.143	-0.762	-0.022	-0.829	-0.768
Lysobacter_OAE881	ABIE51_RS14205	ABIE51_RS14205		carboxymuconolactone decarboxylase family protein	0.980	1.552	0.652	0.010	-0.102	0.493	0.434	-0.765	-0.142	0.700	0.212	0.774	-1.633	0.348	-0.442	0.407	0.689	-0.875	-0.343	-0.293	0.807	-0.231	1.309	0.916	0.050
Lysobacter_OAE881	ABIE51_RS14210	ABIE51_RS14210		glutaredoxin 3	-1.006	-0.148	0.231	-0.685	-0.386	-0.760	-1.492	-0.613	-0.675	1.602	-1.511	-0.588	-1.187	-1.181	0.278	0.157	-0.183	-0.262	-0.389	-1.328	-2.030	-1.161	1.286	-0.707	-0.165
Lysobacter_OAE881	ABIE51_RS14215	ABIE51_RS14215		M48 family metalloprotease	0.123	-1.755	-3.841	0.060	-4.811	-3.236	-0.131	-12.387	-1.342	-0.114	4.609	-4.651	-0.803	-1.753	-1.152	-3.261	-4.166	-7.266	10.254	2.244	-1.015	-1.091	3.823	-0.755	-0.182
Lysobacter_OAE881	ABIE51_RS14220	ABIE51_RS14220		phosphate regulon transcriptional regulator PhoB	-1.281	-0.222	-2.205	0.953	-1.489	-2.422	1.051	0.836	-1.349	0.419	-0.665	-2.071	0.536	1.956	1.068	-2.120	-0.430	-2.166	-0.890	-1.173	0.349	0.575	-1.130	0.222	-0.484
Lysobacter_OAE881	ABIE51_RS14225	ABIE51_RS14225		phosphate regulon sensor histidine kinase PhoR	0.151	-0.909	-0.558	-0.693	0.686	-1.410	0.959	-0.369	-0.116	-1.588	1.426	-1.053	-0.582	0.648	-0.344	-0.429	-0.951	-1.477	-0.066	-1.337	1.434	0.001	1.607	-1.111	-0.728
Lysobacter_OAE881	ABIE51_RS14230	ABIE51_RS14230		polyphosphate kinase 1	-0.374	-0.145	4.303	-2.422	3.109	1.160	-1.087	-1.162	-2.272	-2.924	4.410	3.042	0.248	5.406	0.072	2.724	0.167	-2.880	-0.309	-2.826	0.721	-3.173	1.422	-1.077	-0.891
Lysobacter_OAE881	ABIE51_RS14235	ABIE51_RS14235		exopolyphosphatase	0.882	1.528	-0.397	0.418	-2.897	-1.917	0.422	-0.325	0.303	-0.864	0.815	-0.539	0.286	-0.036	0.095	0.398	-0.787	-2.997	-0.371	-2.377	1.375	-0.230	-0.516	1.109	0.049
Lysobacter_OAE881	ABIE51_RS14240	ABIE51_RS14240		glucans biosynthesis glucosyltransferase MdoH	-0.148	0.425	-0.913	-0.809	-0.554	0.319	-0.641	0.108	0.227	0.312	1.665	0.220	-0.160	-0.480	-0.723	-1.286	-0.360	-1.377	0.707	0.529	-0.659	-0.408	-0.187	-1.325	0.016
Lysobacter_OAE881	ABIE51_RS14245	ABIE51_RS14245		glucan biosynthesis protein G	0.164	-0.572	-1.519	-0.497	-1.029	-2.110	-2.957	-1.184	-1.337	-0.163	0.654	-2.045	-2.987	-0.303	-0.113	-1.445	-1.924	-2.106	-0.885	-0.514	-1.039	-0.203	-1.594	-0.592	1.275
Lysobacter_OAE881	ABIE51_RS14250	ABIE51_RS14250		glycosyltransferase family 1 protein	-1.187	0.827	-1.435	-1.546	0.054	0.181	-0.934	-0.400	-0.390	-1.978	-0.976	-0.016	0.131	0.108	0.536	-0.562	-0.715	-0.519	-0.760	-0.791	0.652	0.214	-1.709	-0.699	-0.457
Lysobacter_OAE881	ABIE51_RS14255	ABIE51_RS14255		phosphatase PAP2 family protein	0.413	-0.129	1.170	-0.585	-0.907	0.344	-2.974	-1.086	-0.059	-2.171	-1.101	0.036	-0.469	0.856	-0.233	-1.490	-0.668	0.271	-0.160	-0.883	0.936	-2.419	-0.513	0.567	-0.576
Lysobacter_OAE881	ABIE51_RS14260	ABIE51_RS14260		carbon-nitrogen hydrolase family protein	-0.773	-1.157	0.805	1.038	0.278	-2.413	0.086	-1.284	-0.899	-0.846	0.858	-1.900	0.057	-2.158	-1.249	1.112	-0.083	-0.437	1.531	0.271	-1.834	0.011	-0.546	1.110	0.170
Lysobacter_OAE881	ABIE51_RS14265	ABIE51_RS14265		GNAT family N-acetyltransferase	-0.304	0.263	1.482	1.477	0.095	1.042	-0.891	-0.315	0.296	0.649	1.287	-0.627	-0.510	-1.146	-0.699	1.043	1.401	-1.644	0.269	-0.144	0.022	0.488	-0.872	0.222	-1.437
Lysobacter_OAE881	ABIE51_RS14270	ABIE51_RS14270		cell envelope integrity protein CreD	-1.004	0.430	-0.167	0.324	-1.557	0.025	-0.448	0.288	-1.427	-0.794	-0.898	-0.341	-0.409	-0.533	-0.315	-0.552	-0.990	-0.575	0.195	0.777	0.273	-0.865	0.923	0.288	0.550
Lysobacter_OAE881	ABIE51_RS14275	ABIE51_RS14275		two-component system sensor histidine kinase CreC	-0.471	0.081	0.007	-1.941	0.462	0.575	-0.577	0.095	-1.308	-1.417	-1.109	-0.718	-0.250	-0.293	-1.069	-0.710	0.382	-0.511	0.033	0.140	-1.170	0.309	-0.290	0.226	-0.574
Lysobacter_OAE881	ABIE51_RS14280	ABIE51_RS14280		two-component system response regulator CreB	-0.143	0.535	-0.497	0.171	1.593	0.446	1.294	0.967	0.049	0.598	-1.225	0.634	1.145	-1.010	0.639	0.799	-0.388	2.657	0.374	0.601	1.663	-0.036	1.525	2.059	-0.292
Lysobacter_OAE881	ABIE51_RS14285	ABIE51_RS14285		23S rRNA (adenine(2030)-N(6))-methyltransferase RlmJ	0.141	-0.929	-0.192	1.120	-1.768	-0.343	1.128	-0.829	-0.799	-0.945	-1.046	-0.798	0.106	-0.483	-0.673	0.081	-0.758	2.538	-2.253	-0.615	-1.666	-1.823	-1.455	-0.316	1.692
Lysobacter_OAE881	ABIE51_RS14290	ABIE51_RS14290		cation diffusion facilitator family transporter	-0.192	0.510	0.564	-0.175	0.532	1.041	1.373	1.546	0.920	0.530	1.905	0.495	2.338	0.891	0.957	0.388	1.713	2.437	1.454	0.513	0.979	0.712	0.954	0.647	-0.568
Lysobacter_OAE881	ABIE51_RS14295	ABIE51_RS14295		MmcQ/YjbR family DNA-binding protein	1.681	2.448	0.750	1.232	1.751	1.011	0.031	-1.233	1.282	-0.474	1.159	2.227	1.246	3.960	1.086	1.230	0.467	0.333	1.838	2.301	-0.245	0.951	1.550	2.278	0.931
Lysobacter_OAE881	ABIE51_RS14300	ABIE51_RS14300		GNAT family N-acetyltransferase	-0.608	-1.014	0.964	-0.613	-0.218	-0.774	-0.388	-6.708	-1.294	0.283	1.753	-0.020	-0.699	-1.476	0.239	0.732	-1.069	-1.309	-0.364	-0.809	-0.576	-1.072	-2.260	-0.748	0.913
Lysobacter_OAE881	ABIE51_RS14305	ABIE51_RS14305		class I SAM-dependent methyltransferase	-1.053	0.869	0.064	0.148	0.495	0.276	-0.232	0.692	0.142	-1.251	0.894	-1.472	2.269	-0.301	0.200	0.548	-0.068	-0.323	0.423	-0.144	0.550	-1.017	-0.534	-0.483	0.233
Lysobacter_OAE881	ABIE51_RS14310	ABIE51_RS14310		organic hydroperoxide resistance protein	0.246	-0.190	0.105	0.472	-0.585	-0.270	-0.524	-0.233	0.361	0.174	-1.370	0.249	0.165	-0.393	-0.560	0.038	0.008	0.572	-0.124	0.397	-1.265	0.139	-0.553	-0.088	1.087
Lysobacter_OAE881	ABIE51_RS14315	ABIE51_RS14315		MarR family transcriptional regulator	-0.217	-0.584	-2.769	-2.205	-1.727	-0.433	-1.305	-1.142	-2.510	-1.808	-2.230	-0.710	-3.118	-0.870	-1.018	-2.958	-0.624	-1.102	0.371	-2.164	0.139	0.107	-2.001	-2.556	0.206
Lysobacter_OAE881	ABIE51_RS14320	ABIE51_RS14320		transcription-repair coupling factor	0.230	-1.036	0.067	-0.715	-1.461	-0.549	-0.631	-0.345	-1.867	-0.571	0.671	-0.650	-0.195	0.026	-0.268	-1.064	-0.574	1.395	-0.945	-1.521	0.483	-1.774	-1.140	-1.024	0.328
Lysobacter_OAE881	ABIE51_RS14325	ABIE51_RS14325		phosphoglycerate mutase family protein	0.082	-0.088	0.027	0.063	-0.255	-0.828	-1.530	-0.212	-1.199	-0.389	0.405	-0.188	0.409	-0.586	-0.638	0.028	-0.955	-1.233	-0.913	-0.048	-1.474	0.947	-1.568	-0.695	0.035
Lysobacter_OAE881	ABIE51_RS14330	ABIE51_RS14330		phospholipase D family protein	-0.147	0.588	0.430	0.125	0.443	0.433	-1.189	0.895	0.594	0.376	-0.039	-0.624	0.659	0.977	-0.776	-0.307	-0.005	-0.078	-0.769	0.458	0.178	0.245	0.245	-0.190	0.520
Lysobacter_OAE881	ABIE51_RS14335	ABIE51_RS14335		hypothetical protein	0.375	-0.707	1.022	0.407	-1.657	-0.714	-0.973	0.140	0.470	-0.075	0.355	-0.627	-0.092	0.010	-0.393	1.575	-0.016	0.697	-0.269	-0.132	-2.906	0.101	0.833	0.951	-0.360
Lysobacter_OAE881	ABIE51_RS14340	ABIE51_RS14340		pirin family protein	0.101	0.017	-0.213	1.509	0.152	-0.058	-0.281	-1.478	-1.100	-0.128	-0.399	-0.436	0.263	0.422	-0.952	-0.317	-0.855	-1.337	0.420	-0.630	-0.254	-0.066	0.821	0.149	0.332
Lysobacter_OAE881	ABIE51_RS14345	ABIE51_RS14345		aminomethyl-transferring glycine dehydrogenase	-0.241	-0.918	-6.816	-1.256	-5.392	-7.930	-1.953	-6.139	-5.098	-1.080	-1.558	-3.498	-3.288	1.315	0.235	-6.775	-4.354	-5.977	-4.760	-6.715	-4.332	-1.502	-5.022	0.029	1.396
Lysobacter_OAE881	ABIE51_RS14350	ABIE51_RS14350		OmpA family protein	-1.480	0.015	0.395	-0.830	1.056	0.204	0.654	0.147	-0.089	-1.258	0.447	-1.175	-1.110	0.540	0.062	-0.047	-0.607	0.355	0.388	-0.847	0.316	1.295	0.903	-0.372	-0.526
Lysobacter_OAE881	ABIE51_RS14355	ABIE51_RS14355		YadA-like family protein	-0.353	-0.006	-0.508	-1.562	-0.239	-0.543	0.099	-0.292	-0.220	-0.066	-0.761	0.030	0.871	0.093	-0.231	-0.119	0.333	-0.105	-0.034	-0.752	-0.983	-0.066	-1.100	-0.010	0.850
Lysobacter_OAE881	ABIE51_RS14360	ABIE51_RS14360		ShlB/FhaC/HecB family hemolysin secretion/activation protein	0.405	0.281	0.727	-1.279	-2.461	-1.124	-1.615	-2.043	-0.126	-0.925	-0.172	-0.257	-0.173	0.564	0.464	-0.469	-1.153	-0.324	-1.557	-1.485	-1.010	-1.158	-0.645	-1.257	1.126
Lysobacter_OAE881	ABIE51_RS14365	ABIE51_RS14365		filamentous hemagglutinin N-terminal domain-containing protein	-0.740	0.527	0.354	-1.157	0.315	-1.047	-0.039	0.552	0.142	0.314	-0.656	-0.245	-0.004	1.235	-0.966	-0.196	-0.024	0.194	0.249	-0.647	0.266	-0.362	0.361	-1.585	-1.868
Lysobacter_OAE881	ABIE51_RS14370	ABIE51_RS14370		hypothetical protein	0.896	0.493	0.057	0.825	0.136	-1.213	0.533	0.201	-1.710	0.985	2.116	-0.031	1.205	-0.409	0.019	-0.146	0.277	0.012	-0.196	1.184	1.892	-0.051	0.661	0.689	-0.485
Lysobacter_OAE881	ABIE51_RS14375	ABIE51_RS14375		hypothetical protein	0.361	0.947	2.995	0.474	0.707	1.435	0.540	1.554	-0.304	-0.026	0.995	2.007	-0.102	1.430	0.433	2.726	1.051	1.976	1.586	0.889	0.940	1.333	0.657	-0.271	1.654
Lysobacter_OAE881	ABIE51_RS14380	ABIE51_RS14380		DUF4242 domain-containing protein	-0.288	-0.477	0.281	0.211	-0.238	0.234	0.462	-1.013	-1.467	0.953	-0.020	0.522	0.768	-0.683	1.336	-0.746	-0.991	0.638	-0.806	1.296	0.534	-0.136	-0.541	1.000	0.497
Lysobacter_OAE881	ABIE51_RS14390	ABIE51_RS14390		response regulator	1.000	1.419	0.920	-0.276	1.222	0.425	2.138	0.331	0.610	0.178	0.187	0.748	1.506	1.011	0.281	1.181	0.409	1.218	2.078	-0.443	1.155	0.005	0.978	1.576	-0.814
Lysobacter_OAE881	ABIE51_RS14395	ABIE51_RS14395		PAS domain S-box protein	0.353	2.329	0.703	-1.564	-0.941	-1.240	-0.438	-1.650	-2.292	-0.608	-1.351	-1.390	-0.549	0.562	0.570	-1.828	-1.686	1.140	-1.251	-0.184	-1.019	-0.279	1.295	-0.667	-1.907
Lysobacter_OAE881	ABIE51_RS14410	ABIE51_RS14410		M1 family metallopeptidase	0.741	0.995	1.484	-0.812	-0.320	0.149	-0.255	0.129	0.675	-0.397	-0.030	0.277	-0.736	1.696	0.702	0.691	0.597	-0.499	0.053	0.313	0.268	0.080	-0.454	-0.531	1.145
Lysobacter_OAE881	ABIE51_RS14420	ABIE51_RS14420		sensor domain-containing diguanylate cyclase	-0.664	0.632	0.795	-0.266	0.899	-1.116	0.400	1.198	1.331	0.077	-0.385	-0.210	-0.422	1.909	1.261	0.293	0.404	0.580	1.553	-0.505	1.228	-1.041	-0.345	-0.132	0.674
Lysobacter_OAE881	ABIE51_RS14425	ABIE51_RS14425		CHASE3 domain-containing protein	-1.891	-1.100	-1.340	0.103	0.125	-0.459	-0.124	-0.195	0.236	-0.673	-0.888	0.042	0.208	0.103	-0.138	-0.312	1.527	0.554	-1.362	0.058	0.533	-0.979	-0.125	-0.537	-0.663
Lysobacter_OAE881	ABIE51_RS14430	ABIE51_RS14430		2'-5' RNA ligase family protein	0.251	1.244	-0.750	1.286	-2.400	1.218	-0.734	-0.226	0.419	0.260	0.006	-0.493	-0.578	0.221	-0.321	1.226	-1.033	0.359	0.308	-0.988	-0.299	0.040	0.499	-0.309	-0.369
Lysobacter_OAE881	ABIE51_RS14435	ABIE51_RS14435		MBL fold metallo-hydrolase	-1.437	0.503	1.243	-1.820	-0.720	1.162	0.495	-0.798	0.181	0.270	-0.413	-0.413	-0.942	-0.785	0.503	-0.151	0.241	-1.739	-0.379	0.702	0.531	-1.340	-0.029	0.150	0.168
Lysobacter_OAE881	ABIE51_RS14440	ABIE51_RS14440		DEAD/DEAH box helicase	-0.383	-0.205	0.207	0.533	0.248	0.301	0.461	-0.353	0.161	-0.294	-0.448	0.633	0.281	0.865	-0.719	0.140	-0.456	-0.274	-0.041	-0.151	1.568	-0.292	1.131	-0.196	0.280
Lysobacter_OAE881	ABIE51_RS14445	ABIE51_RS14445		ribonuclease H-like domain-containing protein	0.868	0.166	2.061	-1.769	-0.740	0.991	-1.100	0.333	0.878	0.693	-0.984	1.177	1.040	0.849	-0.807	-0.045	1.079	1.351	1.955	1.175	1.572	-0.207	-0.855	-0.248	-0.462
Lysobacter_OAE881	ABIE51_RS14450	ABIE51_RS14450		hypothetical protein	0.554	1.040	1.536	0.613	1.719	0.385	1.226	1.031	0.730	0.114	0.086	-0.853	0.875	1.359	3.216	0.966	0.151	-0.786	1.275	0.802	0.964	-0.343	1.333	-0.182	0.882
Lysobacter_OAE881	ABIE51_RS14455	ABIE51_RS14455		aquaporin Z	1.216	0.024	-0.021	-0.206	-0.105	-0.068	0.085	0.741	0.135	-0.460	0.090	0.175	-1.169	-0.549	0.175	0.569	0.453	0.041	-0.572	0.472	0.822	0.783	-1.150	1.764	-1.125
Lysobacter_OAE881	ABIE51_RS14465	ABIE51_RS14465		pirin family protein	-0.207	-1.865	-0.157	-0.564	-0.030	1.167	-0.672	-0.867	0.252	-0.746	0.395	-0.223	-0.531	-0.300	-0.015	-1.075	-1.302	-0.550	-1.767	0.622	-0.150	-1.707	-0.715	-0.368	-1.010
Lysobacter_OAE881	ABIE51_RS14470	ABIE51_RS14470		YadA-like family protein	-1.734	0.286	0.137	0.289	0.661	0.124	-0.465	0.142	-0.196	0.540	0.751	-0.116	0.759	0.165	0.050	0.980	1.166	0.194	-0.217	0.465	-0.265	0.360	0.141	2.456	-0.777
Lysobacter_OAE881	ABIE51_RS14475	ABIE51_RS14475		bifunctional 23S rRNA (guanine(2069)-N(7))-methyltransferase RlmK/23S rRNA (guanine(2445)-N(2))-methyltransferase RlmL	0.608	-1.198	-0.040	-1.420	1.227	0.036	2.642	-0.501	-0.389	0.159	0.884	0.456	0.786	1.132	0.858	0.696	-0.327	-0.533	1.070	0.077	1.145	0.525	-0.526	0.303	0.682
Lysobacter_OAE881	ABIE51_RS14480	ABIE51_RS14480		hypothetical protein	0.008	1.260	0.128	1.583	1.189	0.318	1.130	1.510	0.488	0.375	0.584	0.610	0.590	0.459	0.981	0.534	-1.290	-0.804	1.160	1.769	2.938	-0.438	1.745	0.037	0.567
Lysobacter_OAE881	ABIE51_RS14485	ABIE51_RS14485		MOSC domain-containing protein	1.538	1.151	0.005	1.260	-0.702	0.171	-0.520	0.385	-1.783	-1.166	-0.762	0.583	0.614	0.139	1.084	0.188	0.665	-0.007	0.148	-1.439	0.766	1.814	0.618	1.498	0.564
Lysobacter_OAE881	ABIE51_RS14490	ABIE51_RS14490		N-acetylmuramoyl-L-alanine amidase	0.510	1.928	2.287	1.019	-0.409	-2.094	0.663	-0.624	-2.383	2.030	2.501	0.095	3.442	2.280	-0.221	0.264	-2.236	-2.633	-2.047	-1.668	1.730	0.531	1.979	2.184	1.021
Lysobacter_OAE881	ABIE51_RS14495	ABIE51_RS14495		acyl-CoA thioesterase II	-1.604	-1.839	-4.741	-1.314	1.373	0.790	-1.171	0.578	-0.945	-0.832	1.012	0.172	-0.737	2.399	3.485	-5.507	1.539	1.456	0.961	-2.335	2.231	-0.223	0.236	-0.613	-1.341
Lysobacter_OAE881	ABIE51_RS14500	ABIE51_RS14500		hypothetical protein	0.139	0.336	-0.401	0.610	-0.756	-0.290	0.307	-0.762	0.475	-0.229	0.614	0.966	-0.212	-0.198	-0.177	-0.962	0.620	0.185	-1.264	-0.938	-0.386	1.477	-0.211	-0.759	-0.431
Lysobacter_OAE881	ABIE51_RS14505	ABIE51_RS14505		EF-hand domain-containing protein	0.751	0.690	0.569	0.856	-0.644	0.134	-0.232	1.348	1.023	1.338	0.053	0.756	-0.392	-0.595	1.369	-0.226	-2.768	0.648	0.626	1.277	2.114	-0.573	0.973	-0.926	0.796
Lysobacter_OAE881	ABIE51_RS14510	ABIE51_RS14510		arginyltransferase	0.531	-0.277	-1.679	0.382	-0.063	-0.474	-1.790	-1.886	-0.487	-0.784	-1.539	-1.220	-0.336	0.268	0.382	-2.648	-0.551	-1.515	-0.783	-0.482	-1.129	-0.950	-0.379	-1.291	0.381
Lysobacter_OAE881	ABIE51_RS14515	ABIE51_RS14515		endonuclease/exonuclease/phosphatase family protein	1.307	0.236	-0.232	0.142	0.075	-0.636	-0.242	-0.394	1.209	0.044	-0.068	-1.207	-1.107	0.599	-1.107	-0.586	1.110	-0.898	0.156	0.463	0.591	0.592	-0.176	-0.512	0.714
Lysobacter_OAE881	ABIE51_RS14520	ABIE51_RS14520		hypothetical protein	-0.599	0.312	0.445	-0.477	-0.825	-0.486	-0.943	-0.548	-0.854	1.086	1.695	0.491	0.951	0.744	-0.353	0.411	0.286	-0.921	-0.592	0.802	-0.043	-1.123	-0.813	0.910	-0.294
Lysobacter_OAE881	ABIE51_RS14525	ABIE51_RS14525		formate-dependent phosphoribosylglycinamide formyltransferase	1.045	-1.505	0.305	0.398	2.200	1.444	-0.436	0.155	1.459	-0.281	-0.244	-0.914	0.343	0.787	0.079	0.316	-0.554	-0.138	0.017	0.492	0.241	-0.367	0.094	0.841	-0.144
Lysobacter_OAE881	ABIE51_RS14530	ABIE51_RS14530		hypothetical protein	-2.006	-1.599	-1.749	-0.566	-5.994	-3.889	-1.228	-1.422	-2.461	0.691	0.272	-2.556	0.669	-0.965	-0.533	-2.288	-4.345	-3.872	-1.897	-1.645	-0.507	0.075	-0.344	0.000	-1.484
Lysobacter_OAE881	ABIE51_RS14535	ABIE51_RS14535		SPFH domain-containing protein	-0.935	-1.111	-0.702	-0.690	-0.899	-0.332	-0.143	-0.611	0.056	-0.907	0.447	-0.406	0.228	0.401	-0.877	-0.641	-0.601	-2.024	-0.631	-0.537	0.617	-0.646	-0.772	0.576	-0.754
Lysobacter_OAE881	ABIE51_RS14540	ABIE51_RS14540		hypothetical protein	0.189	1.560	0.144	0.430	0.663	0.774	0.211	1.112	1.980	-0.408	-0.785	-0.207	-0.617	1.435	1.032	1.745	1.353	-0.084	0.157	1.520	-0.304	-1.162	0.012	0.362	1.078
Lysobacter_OAE881	ABIE51_RS14545	ABIE51_RS14545		Arc family DNA binding domain-containing protein	-1.123	-1.245	0.207	-0.238	-0.687	0.567	0.658	-4.069	-2.311	1.352	-3.354	0.176	-1.245	-0.557	1.628	-1.371	-0.382	-0.149	-0.153	-1.667	1.064	0.745	-0.572	0.524	-0.462
Lysobacter_OAE881	ABIE51_RS14555	ABIE51_RS14555		M15 family metallopeptidase	-2.626	-2.799	-2.898	-1.972	-2.343	-1.875	-2.311	-2.902	-2.022	-2.146	-1.761	-2.277	-2.015	-1.764	-0.594	-2.994	-2.420	-2.118	-2.811	-1.010	-1.928	-1.427	-2.712	-0.847	-1.824
Lysobacter_OAE881	ABIE51_RS14560	ABIE51_RS14560		acyltransferase	0.233	-1.046	-0.596	-0.217	-1.117	-0.186	0.261	-0.160	-0.541	-0.203	-1.390	-0.586	-1.993	-0.383	-1.543	-0.652	-0.158	-0.074	-0.579	-1.455	0.893	-0.730	-0.488	-0.761	-0.670
Lysobacter_OAE881	ABIE51_RS14565	ABIE51_RS14565		hypothetical protein	-0.703	-0.473	-0.565	0.568	1.417	0.011	-0.700	-1.346	-0.933	0.121	0.349	-0.988	-1.063	-1.021	0.236	-1.226	0.267	-0.363	-0.095	-0.648	-1.195	-0.738	-0.104	-0.957	-1.028
Lysobacter_OAE881	ABIE51_RS14570	ABIE51_RS14570		DNA-3-methyladenine glycosylase	0.546	2.183	1.597	1.493	0.975	0.140	0.043	1.053	1.091	-2.329	0.700	-0.180	0.671	-0.576	1.336	0.384	-1.146	1.149	0.082	1.531	0.362	-0.666	-0.001	0.335	2.419
Lysobacter_OAE881	ABIE51_RS14575	ABIE51_RS14575		DUF423 domain-containing protein	0.159	0.672	0.285	0.371	-0.575	-0.803	-0.657	0.311	-1.635	0.404	0.082	-0.465	-0.334	-0.788	0.388	0.856	0.299	0.325	-0.463	-1.154	0.119	-1.656	-0.663	1.103	1.469
Lysobacter_OAE881	ABIE51_RS14580	ABIE51_RS14580		SRPBCC family protein	-2.295	0.404	-1.991	1.911	-1.311	-1.628	-1.301	-5.789	-1.636	0.343	-3.721	-1.127	-1.625	0.176	-0.164	-1.743	-1.287	-2.999	-0.546	-1.295	-0.579	0.409	-0.658	-0.780	-0.151
Lysobacter_OAE881	ABIE51_RS14590	ABIE51_RS14590		response regulator transcription factor	1.107	-0.683	0.197	-0.139	0.487	1.802	-0.095	-3.119	-0.749	-0.946	5.011	-0.608	1.729	1.042	1.202	1.525	-0.251	0.582	3.853	2.148	0.613	-0.547	1.031	0.392	-1.173
Lysobacter_OAE881	ABIE51_RS14595	ABIE51_RS14595		sensor histidine kinase	-0.643	0.525	1.553	0.481	1.015	0.500	-1.552	-2.201	-0.266	0.130	2.175	1.044	-0.400	0.564	-0.258	0.443	-0.755	-0.861	-1.857	-0.425	-0.490	0.770	-0.447	0.587	0.965
Lysobacter_OAE881	ABIE51_RS14600	ABIE51_RS14600		GNAT family N-acetyltransferase	0.630	-0.076	5.507	0.555	-0.715	-0.276	0.721	-0.172	1.394	1.478	-1.987	-0.703	-1.758	-0.677	0.484	4.495	0.580	-0.604	0.314	1.327	-0.561	1.465	0.949	0.120	2.702
Lysobacter_OAE881	ABIE51_RS14605	ABIE51_RS14605		septum site-determining protein MinC	-1.068	-1.193	-2.408	-0.336	-1.134	-0.754	0.429	-1.256	-1.212	0.789	-0.825	-1.383	-0.691	0.436	-0.692	-4.294	-0.852	-1.063	-0.158	-0.513	-0.124	-0.389	0.246	-0.656	-1.045
Lysobacter_OAE881	ABIE51_RS14610	ABIE51_RS14610		septum site-determining protein MinD	0.316	-0.635	-2.995	-0.013	-0.874	-1.921	1.502	-1.821	-1.486	0.842	-1.099	-2.077	0.015	0.671	0.814	-2.832	0.445	-2.232	-0.134	-0.601	0.091	0.125	0.595	0.474	-1.427
Lysobacter_OAE881	ABIE51_RS14615	ABIE51_RS14615		cell division topological specificity factor MinE	-1.244	-0.751	-0.150	-0.285	-0.534	-1.344	0.104	-1.656	-0.153	0.120	-0.614	-0.366	-0.790	-0.551	-0.473	-2.033	-2.093	0.499	0.698	0.862	-0.542	-0.208	-0.044	0.479	0.500
Lysobacter_OAE881	ABIE51_RS14620	ABIE51_RS14620		hypothetical protein	0.984	1.381	-0.484	0.521	-0.503	-0.823	0.374	0.128	0.498	0.191	-0.873	0.703	-0.169	0.824	0.489	-0.470	0.018	0.417	0.163	0.651	-0.734	0.802	-0.920	0.588	-0.505
Lysobacter_OAE881	ABIE51_RS14625	ABIE51_RS14625		M2 family metallopeptidase	-1.518	-2.201	0.393	-0.351	-0.505	-1.063	-0.472	1.430	-1.293	-0.182	-3.731	-0.363	-1.058	0.100	0.299	0.263	-0.410	0.569	-0.108	-1.237	0.554	-0.687	-1.575	-1.805	-3.611
Lysobacter_OAE881	ABIE51_RS14630	ABIE51_RS14630		amidohydrolase family protein	-0.364	-0.270	0.450	-1.201	1.057	-0.023	-0.458	0.075	0.159	-0.145	-2.075	1.086	-0.579	-0.814	-0.270	1.135	1.554	0.747	0.650	0.687	0.781	-0.199	-0.143	0.945	0.195
Lysobacter_OAE881	ABIE51_RS14635	ABIE51_RS14635		aromatic ring-hydroxylating dioxygenase subunit alpha	0.495	-0.049	-0.460	-1.515	0.467	1.096	-0.487	0.660	0.130	-0.484	1.255	0.275	0.123	1.261	-0.442	-0.533	0.653	0.694	-0.490	-0.325	-0.843	0.384	-0.136	-0.580	0.203
Lysobacter_OAE881	ABIE51_RS14640	ABIE51_RS14640		amino acid permease	0.120	0.211	1.219	0.371	1.004	2.132	-0.574	0.684	0.853	0.469	0.558	1.023	0.974	0.756	-0.592	0.568	1.160	0.119	0.788	0.348	2.104	1.404	2.012	2.130	-1.112
Lysobacter_OAE881	ABIE51_RS14645	ABIE51_RS14645		multidrug effflux MFS transporter	-1.158	1.538	1.236	0.615	0.734	-0.375	-0.517	-0.281	0.522	-1.171	-1.599	-0.150	-1.499	-0.366	0.028	0.825	1.553	1.756	0.423	2.006	0.511	-0.947	-0.347	-1.349	-0.818
Lysobacter_OAE881	ABIE51_RS14650	ABIE51_RS14650		VOC family protein	0.235	0.087	0.879	0.944	-0.600	1.263	1.076	-0.404	2.260	2.275	1.423	1.327	0.448	2.741	-0.420	1.379	0.849	0.357	0.104	1.297	-1.139	0.955	0.331	0.762	2.327
Lysobacter_OAE881	ABIE51_RS14655	ABIE51_RS14655		ESPR-type extended signal peptide-containing protein	-0.031	0.026	-0.104	-1.032	-0.019	-0.498	0.314	1.113	-0.121	-0.240	-0.039	-1.225	1.197	-0.251	0.943	-1.349	-0.318	1.174	1.169	0.271	-0.538	-0.326	1.156	-0.255	-1.068
Lysobacter_OAE881	ABIE51_RS14660	ABIE51_RS14660		alpha/beta fold hydrolase	-1.325	0.153	1.269	-0.355	-0.296	0.967	0.121	2.327	0.722	-0.626	-0.559	0.806	0.012	-0.514	0.269	0.997	0.994	0.916	0.352	0.937	1.572	0.217	0.562	0.660	-0.798
Lysobacter_OAE881	ABIE51_RS14665	ABIE51_RS14665		glycosyltransferase family 4 protein	-0.247	1.666	-0.662	0.556	0.868	1.672	0.902	-0.145	0.839	0.596	-1.007	0.450	-0.120	-0.143	-0.116	0.218	0.653	0.057	0.005	0.371	1.152	1.069	1.981	1.436	-0.951
Lysobacter_OAE881	ABIE51_RS14670	ABIE51_RS14670		amylo-alpha-1,6-glucosidase	0.100	1.267	-0.392	-0.123	0.291	-1.294	-0.850	0.191	-1.200	-0.232	0.979	0.741	-0.811	-1.782	0.892	0.835	0.197	0.121	0.210	0.475	-0.868	0.442	-0.038	-1.078	-0.872
Lysobacter_OAE881	ABIE51_RS14675	ABIE51_RS14675		response regulator	0.827	-0.208	0.976	1.889	0.346	-0.054	-0.705	0.081	-0.779	-0.954	-0.976	1.061	1.631	-1.329	-0.934	-1.192	0.360	-0.200	-0.596	-1.094	-1.109	0.244	-0.713	0.266	-0.359
Lysobacter_OAE881	ABIE51_RS14680	ABIE51_RS14680		response regulator	-0.742	0.765	-0.197	0.822	-0.536	0.424	1.277	-0.946	-2.221	0.288	-0.112	-0.258	0.949	-0.859	-1.957	-0.605	-0.128	-0.180	-0.773	-0.973	-1.505	-0.476	-0.003	0.533	0.144
Lysobacter_OAE881	ABIE51_RS14685	ABIE51_RS14685		ATP-binding protein	-0.870	-1.053	-1.160	0.320	0.114	0.090	-1.011	-0.797	-1.234	-0.538	0.733	-1.682	-0.882	-0.221	-0.920	-0.970	-0.090	-2.072	-0.140	-0.698	0.358	-0.605	-1.325	-0.235	1.240
Lysobacter_OAE881	ABIE51_RS14690	ABIE51_RS14690		hypothetical protein	-0.659	2.458	1.541	2.791	0.960	1.484	0.746	0.013	1.239	1.360	1.161	2.685	1.690	1.521	0.417	1.322	0.187	-0.001	0.050	-0.205	-1.486	1.098	0.746	-0.092	0.824
Lysobacter_OAE881	ABIE51_RS14695	ABIE51_RS14695		PAS domain-containing sensor histidine kinase	-1.290	-1.642	-1.236	-0.693	-1.964	0.902	0.131	-0.097	-0.978	0.599	-0.750	-1.857	0.606	-1.635	-0.799	-0.104	0.110	-1.296	-1.092	-0.900	0.223	0.862	-0.134	0.188	-1.521
Lysobacter_OAE881	ABIE51_RS14700	ABIE51_RS14700		response regulator	0.455	1.780	0.463	0.531	-0.862	0.068	0.148	0.098	0.341	-0.322	-1.045	-0.299	-0.623	0.151	-0.243	-0.445	-0.063	-0.386	0.556	-0.217	0.828	0.366	0.467	1.402	1.625
Lysobacter_OAE881	ABIE51_RS14705	ABIE51_RS14705		phosphodiesterase	-0.705	-0.285	0.896	0.575	0.261	0.391	0.079	0.801	0.182	0.391	-0.240	-0.143	-1.452	-0.794	-0.289	0.209	0.288	0.333	-0.030	-0.342	0.255	-0.238	0.103	1.000	-0.478
Lysobacter_OAE881	ABIE51_RS14710	ABIE51_RS14710		efflux RND transporter periplasmic adaptor subunit	0.808	2.211	-0.637	-0.972	0.880	2.535	-0.393	-0.155	-0.148	0.822	1.414	1.603	-1.509	-0.035	-1.151	0.486	0.270	-0.039	0.991	0.271	-0.552	-0.669	0.995	0.469	-0.736
Lysobacter_OAE881	ABIE51_RS14715	ABIE51_RS14715		efflux RND transporter permease subunit	-0.510	-1.456	0.639	-0.967	-0.876	1.386	0.429	0.022	0.557	0.251	0.168	-1.494	-1.338	-0.120	0.878	1.346	-0.183	-0.042	0.692	0.269	0.936	0.155	0.602	-1.049	0.345
Lysobacter_OAE881	ABIE51_RS14720	ABIE51_RS14720		LytTR family DNA-binding domain-containing protein	0.586	0.175	0.200	-0.376	0.533	0.763	0.641	0.200	0.442	-0.196	0.460	1.164	0.196	-1.339	0.236	-0.081	0.153	0.686	0.964	0.430	0.121	0.545	1.235	-0.603	0.290
Lysobacter_OAE881	ABIE51_RS14725	ABIE51_RS14725		histidine kinase	0.681	0.395	0.721	-0.523	0.858	0.943	-0.435	0.337	-0.059	-1.449	1.099	-0.451	-0.392	-0.713	-0.766	-0.890	0.980	0.904	0.753	0.031	0.369	-0.125	-0.406	-0.147	-1.696
Lysobacter_OAE881	ABIE51_RS14730	ABIE51_RS14730		YihY/virulence factor BrkB family protein	-0.171	-0.568	1.322	0.769	1.733	0.876	1.335	0.222	-0.424	0.635	0.012	0.726	0.639	-0.969	-0.412	0.392	-1.872	2.013	0.883	-0.449	0.012	0.481	0.781	0.188	0.491
Lysobacter_OAE881	ABIE51_RS14735	ABIE51_RS14735		DNA-3-methyladenine glycosylase	-0.566	-0.262	-0.988	1.860	-0.022	0.130	-0.545	-0.251	-0.541	0.083	-1.265	-0.291	0.058	-0.019	-0.275	-0.704	0.624	0.302	-0.970	-1.021	1.215	0.176	0.881	-0.404	-0.195
Lysobacter_OAE881	ABIE51_RS14740	ABIE51_RS14740		DUF6289 family protein	-0.875	-0.499	1.850	0.449	-0.999	1.062	0.954	0.841	0.651	0.866	0.313	-0.345	0.952	0.834	1.909	-0.820	-0.358	-0.696	-0.219	-0.743	0.005	0.219	1.123	1.047	0.597
Lysobacter_OAE881	ABIE51_RS14745	ABIE51_RS14745		sensor domain-containing protein	-0.386	0.064	0.672	-0.791	-0.429	-0.588	0.166	-0.519	0.989	-1.019	-1.286	-0.359	-0.230	0.021	-0.973	-0.733	-1.197	-0.694	0.039	-0.650	0.562	-0.329	0.062	0.129	0.223
Lysobacter_OAE881	ABIE51_RS14750	ABIE51_RS14750		PadR family transcriptional regulator	-1.569	0.472	1.021	0.592	-0.094	0.871	0.655	0.067	-0.789	0.709	1.312	1.205	-0.552	-1.020	0.009	0.106	0.406	-0.523	0.838	1.694	-0.383	0.351	2.190	0.977	0.682
Lysobacter_OAE881	ABIE51_RS14760	ABIE51_RS14760		peptidylprolyl isomerase	-1.066	-0.137	0.169	1.578	0.533	0.430	-0.064	0.460	-0.289	1.175	0.545	0.084	0.276	-0.120	0.687	0.132	-0.027	0.363	-0.310	0.448	0.267	1.094	0.588	0.140	0.848
Lysobacter_OAE881	ABIE51_RS14770	ABIE51_RS14770		spermidine N1-acetyltransferase	0.137	0.234	-0.873	0.869	0.905	0.939	1.648	1.200	0.432	0.831	0.105	-0.270	1.187	0.768	1.502	0.287	1.890	0.212	0.204	-0.090	-0.670	0.993	1.234	-0.159	-1.523
Lysobacter_OAE881	ABIE51_RS14780	ABIE51_RS14780		hypothetical protein	-0.590	-0.836	-0.351	0.564	-1.206	0.978	0.362	0.132	-0.880	-0.304	-0.357	0.461	-0.575	-0.210	0.042	-0.593	-1.245	-0.611	0.475	-0.520	0.546	0.951	-0.982	0.242	-0.114
Lysobacter_OAE881	ABIE51_RS14785	ABIE51_RS14785		DUF2785 domain-containing protein	-0.061	0.924	0.856	-0.060	0.507	-0.401	0.366	0.232	-0.579	-1.814	-0.524	-0.762	-0.357	-0.545	-1.015	0.394	-1.058	-0.014	-0.312	0.970	0.660	-0.859	1.005	-0.036	-0.291
Lysobacter_OAE881	ABIE51_RS14790	ABIE51_RS14790		FdhF/YdeP family oxidoreductase	0.569	1.033	0.108	0.896	0.804	0.865	-1.626	0.809	-0.889	-0.074	0.506	0.983	0.285	0.799	-0.643	0.169	1.198	0.401	0.233	-0.086	-0.636	0.067	0.253	0.372	0.645
Lysobacter_OAE881	ABIE51_RS14800	ABIE51_RS14800		formate dehydrogenase accessory sulfurtransferase FdhD	-1.248	-0.031	0.338	-0.069	0.074	0.805	0.437	-0.473	-0.239	-0.541	-0.924	-0.202	-1.406	0.026	0.521	0.661	-0.496	-1.804	-1.565	0.151	-0.379	-0.208	-0.803	0.278	-0.188
Lysobacter_OAE881	ABIE51_RS14805	ABIE51_RS14805		DUF885 domain-containing protein	1.307	0.814	0.935	-0.187	-0.409	0.348	0.832	0.618	0.641	-0.019	0.752	-0.374	-0.186	0.039	1.051	-0.267	0.206	0.181	0.339	0.440	1.390	1.239	0.455	0.833	0.006
Lysobacter_OAE881	ABIE51_RS14810	ABIE51_RS14810		GFA family protein	1.467	-0.365	0.436	-0.419	0.619	1.187	-0.285	0.191	0.741	-0.151	0.403	1.319	-0.325	-0.355	-0.147	-0.766	0.255	-0.792	1.435	0.101	0.076	0.635	-0.778	1.400	0.442
Lysobacter_OAE881	ABIE51_RS14815	ABIE51_RS14815		VOC family protein	-0.658	-0.139	-0.015	-1.232	1.745	-0.306	-0.404	-0.844	0.329	-0.093	-0.245	-1.441	-0.612	-0.183	0.117	-1.402	-1.190	-0.734	-0.631	0.227	1.412	0.212	-0.617	1.573	-0.070
Lysobacter_OAE881	ABIE51_RS14820	ABIE51_RS14820		DUF72 domain-containing protein	0.478	-0.637	-0.409	-0.938	0.467	1.070	-1.087	-0.021	0.691	-0.882	1.946	-1.377	-0.143	2.318	0.315	1.211	1.405	-0.537	0.771	-0.190	0.676	0.972	0.118	0.640	-0.104
Lysobacter_OAE881	ABIE51_RS14825	ABIE51_RS14825		aldo/keto reductase	0.207	-0.118	0.698	-0.596	-0.637	-0.166	0.061	-0.460	0.861	0.432	0.526	0.118	2.961	-0.266	0.229	0.195	1.522	2.799	1.794	-0.037	0.414	0.569	0.960	-0.062	-0.138
Lysobacter_OAE881	ABIE51_RS14830	ABIE51_RS14830		MFS transporter	-1.293	-0.279	-0.796	-1.781	0.093	0.268	-0.040	-0.483	0.008	-0.054	-0.601	0.229	1.701	-0.737	0.192	-0.674	1.214	-0.946	0.266	1.155	-0.897	-0.184	0.426	-0.251	-1.320
Lysobacter_OAE881	ABIE51_RS14835	ABIE51_RS14835		cyclase family protein	-0.173	-1.299	-0.201	0.826	0.300	-0.376	-0.901	0.052	-1.066	-1.846	-0.458	-0.957	-1.077	-0.033	-1.106	-0.552	-0.490	-0.154	-2.470	-0.732	-0.414	0.005	-0.268	-0.166	-1.913
Lysobacter_OAE881	ABIE51_RS14840	ABIE51_RS14840		DMT family transporter	0.210	-0.861	0.117	1.389	0.740	-1.049	-0.096	1.120	1.050	-1.037	-0.538	0.769	0.122	0.843	0.481	0.783	1.520	-0.118	1.495	-0.222	0.460	-1.709	1.580	0.733	-0.383
Lysobacter_OAE881	ABIE51_RS14845	ABIE51_RS14845		cupin domain-containing protein	0.077	-1.070	-0.794	-1.768	-0.473	-0.279	-1.171	0.707	0.843	0.562	0.008	1.832	-0.324	2.363	0.528	-1.468	0.352	0.814	0.936	1.271	1.718	0.319	1.059	-1.132	-1.037
Lysobacter_OAE881	ABIE51_RS14850	ABIE51_RS14850		LysR substrate-binding domain-containing protein	-0.032	0.714	-0.109	0.087	-0.009	-0.324	-0.676	1.086	-0.239	0.063	-1.288	-0.970	-0.958	-1.012	-0.511	0.040	-0.546	-1.349	0.491	-1.190	-1.138	0.455	-0.363	-1.533	-0.157
Lysobacter_OAE881	ABIE51_RS14855	ABIE51_RS14855		YciI family protein	-0.393	0.008	-1.686	-2.010	-0.447	-0.808	0.092	-1.615	-0.308	-0.211	-0.368	-0.053	-0.173	-0.091	1.023	-1.306	-0.636	-0.267	0.020	-0.811	-0.861	1.057	0.237	0.383	1.412
Lysobacter_OAE881	ABIE51_RS14860	ABIE51_RS14860		VOC family protein	-0.607	0.687	-0.491	-1.180	-0.511	-0.157	0.222	-0.462	-0.474	-1.231	0.720	0.910	0.266	-0.106	-1.452	-0.794	0.107	-0.371	0.282	0.262	-0.747	-1.505	0.730	-0.208	0.179
Lysobacter_OAE881	ABIE51_RS14875	ABIE51_RS14875		SRPBCC family protein	-0.249	0.502	-0.073	2.227	1.079	1.595	1.624	1.192	1.644	0.492	1.330	0.084	0.695	0.686	1.234	1.094	1.797	1.434	0.845	-0.470	0.892	0.882	-0.154	1.134	0.198
Lysobacter_OAE881	ABIE51_RS14880	ABIE51_RS14880		RNA polymerase sigma factor	-0.446	0.511	-0.519	-0.236	0.127	-1.755	0.982	0.780	-0.004	-1.856	-0.015	0.354	0.966	-0.492	0.718	0.641	0.225	-0.015	0.860	-0.014	0.568	-0.400	0.074	1.090	-1.108
Lysobacter_OAE881	ABIE51_RS14885	ABIE51_RS14885		DUF1428 domain-containing protein	-0.822	-0.273	-0.017	-0.684	-0.942	-0.211	-0.896	-1.821	0.159	-1.439	-0.316	-0.182	-0.937	-1.336	-0.290	-0.762	0.129	0.562	-0.660	-0.668	-1.657	0.661	-0.005	0.668	0.381
Lysobacter_OAE881	ABIE51_RS14890	ABIE51_RS14890		YceI family protein	1.570	1.738	0.128	-1.042	-0.267	-1.037	1.010	2.082	1.493	0.666	0.028	1.543	-0.475	0.809	-0.761	0.137	2.333	-0.059	-0.025	0.201	0.517	1.336	1.016	2.504	0.848
Lysobacter_OAE881	ABIE51_RS14895	ABIE51_RS14895		TfoX/Sxy family protein	-1.456	-0.430	0.748	2.275	0.568	-0.079	1.175	1.672	0.052	-0.421	0.174	1.545	0.525	0.621	0.885	-0.094	-0.416	1.104	0.658	0.501	1.128	0.720	0.162	1.365	0.452
Lysobacter_OAE881	ABIE51_RS14900	ABIE51_RS14900		TonB-dependent receptor	0.309	0.967	-0.583	1.489	-0.494	0.031	-0.317	-0.344	-0.439	0.865	0.504	0.594	-1.987	1.501	0.508	0.227	-0.085	0.284	0.845	0.573	-0.741	0.457	1.325	0.185	0.655
Lysobacter_OAE881	ABIE51_RS14905	ABIE51_RS14905		DMT family transporter	-0.455	-0.636	-0.585	1.343	-1.964	-1.332	-0.279	-0.978	-0.769	-0.115	-0.933	-0.307	0.141	1.080	0.216	-0.667	-0.051	-0.787	-1.145	1.433	-1.660	-1.461	-0.489	-0.833	-0.746
Lysobacter_OAE881	ABIE51_RS14910	ABIE51_RS14910		ExeA family protein	-2.513	-0.089	0.010	-0.074	-0.688	-0.939	0.899	0.049	-0.086	0.571	0.730	0.644	0.045	-0.392	-1.350	-0.575	-0.457	1.105	-0.528	-0.289	0.350	-1.010	-0.281	-2.632	0.436
Lysobacter_OAE881	ABIE51_RS14915	ABIE51_RS14915		general secretion pathway protein GspB	0.130	0.714	-0.651	0.919	-0.117	-0.219	0.764	-1.204	-0.452	0.280	0.146	-0.904	-2.706	-0.089	-0.076	-0.365	1.405	-0.490	0.536	-0.179	0.232	-0.688	-0.320	0.000	-2.289
Lysobacter_OAE881	ABIE51_RS14930	ABIE51_RS14930		ATP-dependent RNA helicase DbpA	-0.062	-1.212	-1.046	0.262	-1.263	0.378	1.473	-1.602	-0.593	-0.076	0.234	1.507	0.568	0.704	0.347	-0.832	0.228	0.194	-1.247	-0.119	-0.424	0.877	0.616	-0.703	-0.052
Lysobacter_OAE881	ABIE51_RS14935	ABIE51_RS14935		hypothetical protein	1.125	-0.208	-0.161	-0.775	0.224	-0.755	-0.256	0.622	0.335	-0.152	1.104	-0.467	-0.128	-0.610	-0.461	0.142	0.166	0.008	-0.578	1.367	-0.158	0.366	-1.246	0.163	-0.278
Lysobacter_OAE881	ABIE51_RS14940	ABIE51_RS14940		GIY-YIG nuclease family protein	1.117	-0.246	-0.399	1.313	0.145	-0.396	-0.499	-0.893	0.508	-0.770	0.301	1.917	1.385	-0.813	-0.540	0.410	-0.745	-0.377	-0.847	0.809	-0.163	-0.270	0.949	-0.445	-0.112
Lysobacter_OAE881	ABIE51_RS14950	ABIE51_RS14950		hypothetical protein	0.538	0.836	0.193	3.380	0.919	-0.141	0.991	0.871	0.816	0.202	-0.476	0.897	-0.066	0.510	-0.063	1.355	0.173	1.351	0.116	0.238	0.822	-0.830	-0.120	-0.153	-0.696
Lysobacter_OAE881	ABIE51_RS14960	ABIE51_RS14960		class I SAM-dependent methyltransferase	1.693	1.149	1.054	1.597	0.961	0.687	0.594	0.326	0.258	2.860	0.222	1.471	-0.091	1.234	2.050	1.198	1.200	0.281	2.164	2.275	2.694	-0.765	0.704	1.994	-0.048
Lysobacter_OAE881	ABIE51_RS14965	ABIE51_RS14965		polyhydroxyalkanoate depolymerase	-0.368	-0.335	-3.806	2.000	-1.845	-2.363	-0.318	-2.837	-0.475	0.692	-0.368	0.926	0.177	1.582	0.207	-4.617	-1.107	-2.484	-1.227	0.604	-0.316	1.270	0.832	-0.185	0.291
Lysobacter_OAE881	ABIE51_RS14970	ABIE51_RS14970		zf-TFIIB domain-containing protein	0.437	-0.722	-0.417	-1.225	-0.492	0.106	0.397	-0.701	0.205	-0.282	-0.025	-0.690	-1.324	-1.367	-0.209	-1.285	-1.622	-1.150	-0.230	-1.381	-1.168	0.484	-0.082	0.555	0.725
Lysobacter_OAE881	ABIE51_RS14975	ABIE51_RS14975		EAL domain-containing protein	0.372	-0.487	-0.256	0.678	0.093	-0.336	0.886	-0.559	-0.737	0.013	0.225	1.181	0.648	1.607	0.196	0.164	-0.123	0.060	-0.324	0.233	-1.189	-0.373	1.547	-0.022	0.129
Lysobacter_OAE881	ABIE51_RS14980	ABIE51_RS14980		phosphate/phosphite/phosphonate ABC transporter substrate-binding protein	0.648	0.140	-0.633	-1.575	-0.325	-0.432	-1.736	0.535	0.442	0.507	-0.482	0.616	0.131	-0.708	-0.471	0.038	-0.588	-1.043	-0.191	0.676	0.144	-0.150	-0.280	-0.407	-0.446
Lysobacter_OAE881	ABIE51_RS14985	ABIE51_RS14985		RNA methyltransferase	-0.171	1.467	-0.910	0.291	-2.801	-1.030	-0.721	-0.494	-1.051	-0.334	-0.829	-0.375	0.242	0.638	-0.448	0.207	-0.302	-1.408	0.484	-0.682	0.148	1.016	-0.499	-0.761	0.170
Lysobacter_OAE881	ABIE51_RS14995	ABIE51_RS14995		hypothetical protein	-0.169	-0.845	-0.071	-0.792	-0.372	0.018	-1.341	0.859	-1.205	-1.611	0.362	-0.122	-1.756	-1.337	-0.486	-0.131	1.312	-0.821	0.061	-0.291	0.616	1.033	-0.119	-0.948	1.464
Lysobacter_OAE881	ABIE51_RS15000	ABIE51_RS15000		Cache 3/Cache 2 fusion domain-containing protein	1.126	1.082	-0.484	-3.928	-0.926	-1.300	-0.173	0.104	0.292	-0.560	-0.048	-0.136	0.490	-0.924	-1.512	-0.315	-0.006	-0.629	0.201	0.017	-0.187	-1.430	-0.649	0.630	-3.125
Lysobacter_OAE881	ABIE51_RS15015	ABIE51_RS15015		preprotein translocase subunit YajC	1.451	0.076	-1.062	-0.910	1.333	-0.301	0.071	0.709	0.366	0.133	0.050	-0.373	0.077	0.434	-1.508	-0.462	-2.301	0.768	0.735	0.854	2.011	-0.177	-0.714	-0.035	2.262
Lysobacter_OAE881	ABIE51_RS15020	ABIE51_RS15020		tRNA guanosine(34) transglycosylase Tgt	0.085	-0.142	0.525	-0.393	-2.341	-0.091	-0.694	-0.514	-0.952	-0.586	0.720	-0.571	0.170	0.610	-1.943	-0.457	-0.206	-0.248	-2.648	-0.263	1.122	-0.299	-0.335	-0.626	0.722
Lysobacter_OAE881	ABIE51_RS15025	ABIE51_RS15025		tRNA preQ1(34) S-adenosylmethionine ribosyltransferase-isomerase QueA	-0.593	-0.913	-0.304	-0.529	-0.530	0.998	0.035	-1.695	-0.720	-0.052	1.117	1.359	0.356	0.346	-0.737	0.664	0.558	-0.108	-0.896	0.044	-0.896	-1.485	-0.736	-0.141	-0.469
Lysobacter_OAE881	ABIE51_RS15030	ABIE51_RS15030		Lrp/AsnC family transcriptional regulator	0.204	-0.795	-1.154	-0.451	-1.079	-0.140	2.037	0.254	0.734	-0.759	-1.447	-0.180	0.114	-0.079	-0.082	0.167	0.429	0.582	0.063	-0.628	-0.107	-0.143	-0.155	0.679	0.992
Lysobacter_OAE881	ABIE51_RS15035	ABIE51_RS15035		aminotransferase class III-fold pyridoxal phosphate-dependent enzyme	0.718	0.456	-4.431	1.924	-2.915	-2.314	-0.475	-1.763	-1.695	-0.606	-0.987	-1.122	-2.285	-0.434	0.212	-4.509	-2.438	-3.717	-2.679	-1.167	-0.615	0.168	-3.365	0.676	1.094
Lysobacter_OAE881	ABIE51_RS15040	ABIE51_RS15040		phytase	0.216	-1.378	-0.957	-1.399	0.311	-0.409	0.268	-0.271	-0.384	-0.577	0.859	0.316	-1.627	-2.526	-0.925	-0.152	-0.710	-0.181	-0.922	0.426	-1.634	0.642	-0.856	-1.201	0.523
Lysobacter_OAE881	ABIE51_RS15045	ABIE51_RS15045		TonB-dependent receptor	0.481	2.022	0.889	0.644	0.492	0.236	0.924	0.396	0.394	-0.732	1.336	0.804	0.425	-1.596	0.720	0.481	-0.555	0.641	0.005	-0.091	0.541	-1.263	-0.690	-0.204	-1.357
Lysobacter_OAE881	ABIE51_RS15050	ABIE51_RS15050		uracil phosphoribosyltransferase	-0.885	-0.319	-0.893	1.301	-0.092	-0.333	0.188	-2.141	-2.063	0.897	-2.434	-0.726	-0.151	1.304	1.732	-1.876	-0.929	-0.536	-1.772	-1.081	0.793	-1.344	-0.101	0.947	-0.254
Lysobacter_OAE881	ABIE51_RS15055	ABIE51_RS15055		aldehyde-activating protein	0.024	0.112	-0.026	0.500	-0.908	0.009	-0.838	0.340	-0.201	0.393	-0.193	0.203	-0.210	-0.021	-0.907	0.595	-0.025	0.013	0.159	0.887	-0.936	0.180	0.461	0.118	-0.020
Lysobacter_OAE881	ABIE51_RS15060	ABIE51_RS15060		serine hydrolase	-0.821	-0.639	-0.327	-1.089	0.932	0.758	0.301	-0.691	-1.601	0.481	1.005	-0.357	0.207	-0.088	0.970	0.234	0.896	-0.744	-0.780	0.057	0.426	0.615	-0.371	0.323	-0.108
Lysobacter_OAE881	ABIE51_RS15065	ABIE51_RS15065		TonB-dependent receptor	-0.347	-0.847	-0.663	-0.518	0.462	0.134	-0.396	-0.984	0.010	-0.427	-1.161	-0.346	-0.838	0.264	0.580	-0.713	-0.026	-0.041	-0.708	0.366	-0.230	-0.415	-0.090	-0.307	-0.496
Lysobacter_OAE881	ABIE51_RS15070	ABIE51_RS15070		hypothetical protein	-0.816	0.366	-0.742	-0.463	-0.481	-0.434	-1.913	-0.421	0.039	-0.909	-2.033	-0.155	-0.850	-0.765	-1.202	-1.104	-1.075	-1.075	-0.602	-0.629	1.179	-3.036	-0.719	0.265	-1.104
Lysobacter_OAE881	ABIE51_RS15075	ABIE51_RS15075		peptide MFS transporter	0.337	-0.333	-0.111	-0.485	-0.167	0.092	-0.969	0.627	0.235	-0.508	-0.529	-0.495	-0.590	0.703	-1.449	-0.280	0.228	-0.357	0.064	-0.059	-1.111	-0.342	1.308	0.297	-0.977
Lysobacter_OAE881	ABIE51_RS15080	ABIE51_RS15080		dipeptide epimerase	-0.213	-0.803	0.116	-0.723	1.062	1.616	-0.526	-0.660	-1.482	0.214	-0.048	-0.081	0.019	1.339	-0.571	-0.144	-0.293	1.215	-0.743	0.528	0.119	3.500	0.354	0.906	-0.371
Lysobacter_OAE881	ABIE51_RS15085	ABIE51_RS15085		serine hydrolase	0.850	0.859	1.000	0.208	0.764	1.287	0.560	0.379	0.490	0.826	0.296	1.669	0.118	0.126	0.054	0.700	0.324	0.025	1.096	1.392	0.795	-0.587	-0.343	0.356	1.211
Lysobacter_OAE881	ABIE51_RS15090	ABIE51_RS15090		XRE family transcriptional regulator	0.179	0.008	-0.393	0.606	0.853	-0.369	1.975	1.776	0.095	-1.282	-0.199	0.833	0.286	0.086	0.762	-1.417	0.776	1.862	2.734	0.386	0.720	0.829	-0.777	0.006	-1.053
Lysobacter_OAE881	ABIE51_RS15095	ABIE51_RS15095		TMEM43 family protein	-0.253	0.540	-1.687	-0.973	-1.596	-2.563	-0.390	-0.780	-1.836	-0.110	0.166	-0.390	-0.103	-0.578	-0.966	-1.321	-1.187	-1.576	-1.603	-1.447	-0.914	1.348	-0.054	-0.457	0.523
Lysobacter_OAE881	ABIE51_RS15100	ABIE51_RS15100		MBL fold metallo-hydrolase	-0.011	0.270	-0.406	1.296	-1.128	-0.057	1.097	-0.675	0.748	-0.033	0.958	-1.332	-2.023	1.584	0.569	0.140	-1.020	0.576	-0.085	0.240	-0.934	0.027	0.442	-0.096	-0.938
Lysobacter_OAE881	ABIE51_RS15105	ABIE51_RS15105		gamma-glutamyltransferase	-1.333	0.417	0.140	-0.413	-1.437	-1.000	-0.452	-0.743	-2.517	-1.546	0.104	-1.118	0.156	-0.655	-1.245	-0.842	-1.957	-0.870	-2.157	-0.901	-0.343	-0.072	-1.351	-1.976	0.316
Lysobacter_OAE881	ABIE51_RS15115	ABIE51_RS15115		hypothetical protein	-1.642	-1.229	-1.440	-0.476	-0.753	-1.249	-0.733	-1.983	-1.095	-1.862	-0.923	-2.471	-1.023	-1.369	-0.711	-2.138	-1.008	-1.488	0.402	-0.968	-1.155	-0.731	-0.585	-1.013	-1.416
Lysobacter_OAE881	ABIE51_RS15125	ABIE51_RS15125		16S rRNA (guanine(966)-N(2))-methyltransferase RsmD	-2.312	0.254	1.734	0.293	-0.539	-0.411	-0.757	1.370	0.111	-1.629	0.508	0.218	-0.940	-0.450	-0.900	1.122	-0.673	-1.418	-0.399	-0.776	0.397	-0.848	-0.314	-0.326	-0.449
Lysobacter_OAE881	ABIE51_RS15135	ABIE51_RS15135		hypothetical protein	-1.199	0.685	-0.135	0.432	-0.360	1.218	-1.001	1.388	0.141	1.122	1.286	0.000	-0.721	0.709	0.331	0.801	0.614	0.436	0.677	-0.993	2.092	0.596	1.579	-0.682	0.808
Lysobacter_OAE881	ABIE51_RS15140	ABIE51_RS15140		A/G-specific adenine glycosylase	1.169	0.650	0.423	-0.490	0.225	1.097	0.277	-0.057	0.361	0.260	1.216	-0.035	-0.389	1.555	0.404	0.641	-0.231	-0.823	0.640	-0.695	-0.551	-0.157	0.535	1.732	-0.272
Lysobacter_OAE881	ABIE51_RS15150	ABIE51_RS15150		DUF6491 family protein	0.986	-0.473	-0.418	0.365	0.854	0.106	-1.248	-1.565	-0.445	1.336	-1.268	-0.377	-0.639	1.514	0.264	0.050	0.420	0.854	-0.428	0.799	1.051	-1.192	0.141	0.578	-0.698
Lysobacter_OAE881	ABIE51_RS15160	ABIE51_RS15160		hypothetical protein	-0.219	0.974	0.072	-0.198	-0.721	0.618	1.646	0.448	-1.619	-0.150	-0.530	0.046	0.380	0.077	0.574	1.016	0.273	-0.353	-0.119	0.698	0.152	-1.307	-0.666	-0.711	0.154
Lysobacter_OAE881	ABIE51_RS15165	ABIE51_RS15165		LEA type 2 family protein	-1.074	-1.645	-1.490	0.289	-1.071	0.737	-0.518	-3.327	-1.854	-1.036	-3.272	-1.260	-1.428	-2.324	-0.361	-1.666	-1.289	-3.225	4.680	1.268	-0.998	-0.430	2.497	-0.848	0.405
Lysobacter_OAE881	ABIE51_RS15170	ABIE51_RS15170		acyl-CoA dehydrogenase C-terminal domain-containing protein	-1.098	-0.366	0.391	-0.876	-0.259	0.973	-1.158	0.230	1.033	-0.602	0.473	0.270	-0.976	0.421	-0.644	-0.692	0.203	0.137	-0.092	0.011	0.076	-0.593	-1.685	-1.232	-2.051
Lysobacter_OAE881	ABIE51_RS15175	ABIE51_RS15175		HNH endonuclease	-0.263	0.231	-1.288	1.481	-0.498	-0.413	-2.598	-0.571	-0.549	-0.677	-0.425	-1.367	0.021	0.195	0.310	0.120	-2.107	0.318	-1.635	-0.161	0.706	-0.617	-1.544	-1.615	0.938
Lysobacter_OAE881	ABIE51_RS15180	ABIE51_RS15180		hypothetical protein	-0.205	-0.033	-0.087	0.267	1.024	0.413	-0.097	-1.139	0.807	-0.041	1.722	0.975	1.270	-0.452	0.677	0.934	0.340	-0.014	0.781	0.526	0.699	1.465	1.541	0.274	-1.106
Lysobacter_OAE881	ABIE51_RS15190	ABIE51_RS15190		TraB/GumN family protein	0.118	0.957	0.935	-0.089	0.566	0.137	-0.383	0.848	0.470	-0.170	1.063	0.695	0.228	0.954	0.363	1.957	-0.003	-0.709	0.354	1.146	0.224	0.628	-0.139	-0.541	0.217
Lysobacter_OAE881	ABIE51_RS15195	ABIE51_RS15195		cupin domain-containing protein	0.476	0.099	0.611	1.800	-0.053	-1.333	0.061	-0.286	0.973	0.325	1.691	0.718	0.917	0.448	1.226	0.512	-0.800	0.108	2.020	-0.824	1.127	-0.262	0.298	-2.100	-1.240
Lysobacter_OAE881	ABIE51_RS15200	ABIE51_RS15200		PAS domain-containing protein	0.065	1.645	-0.526	0.619	-0.332	0.892	0.562	-1.154	-0.365	0.893	-1.444	-0.548	1.001	0.239	0.803	0.681	1.054	1.603	1.129	-0.440	-0.283	0.037	0.084	0.066	0.034
Lysobacter_OAE881	ABIE51_RS15205	ABIE51_RS15205		hypothetical protein	0.186	0.205	1.921	-0.630	-0.632	1.621	0.264	1.626	0.828	0.373	-0.652	1.138	1.493	0.567	0.804	-0.324	0.289	0.528	0.507	0.641	-0.165	-0.482	-0.424	0.959	0.139
Lysobacter_OAE881	ABIE51_RS15210	ABIE51_RS15210		DUF1801 domain-containing protein	-1.606	-1.542	0.312	-0.274	-0.411	0.262	0.389	0.341	-1.292	0.657	-1.883	-1.534	0.365	-1.884	-2.288	-1.126	-2.118	0.627	-0.446	-0.492	-0.674	0.715	-1.875	-0.840	0.838
Lysobacter_OAE881	ABIE51_RS15215	ABIE51_RS15215		DUF1801 domain-containing protein	0.440	-0.955	-1.037	-0.071	0.102	-1.162	0.381	-0.477	0.202	-0.868	0.245	-0.214	-2.353	1.251	0.061	0.720	-1.244	0.666	0.592	-0.226	-0.330	0.736	-0.191	-0.291	-1.892
Lysobacter_OAE881	ABIE51_RS15220	ABIE51_RS15220		right-handed parallel beta-helix repeat-containing protein	0.867	0.037	0.758	1.284	-0.071	-0.442	-0.399	0.618	0.706	-1.109	-0.274	-0.533	-0.184	0.493	-0.537	0.348	0.984	1.593	0.655	0.167	0.428	0.610	0.964	0.013	0.798
Lysobacter_OAE881	ABIE51_RS15235	ABIE51_RS15235		MerR family transcriptional regulator	0.766	-0.607	-0.367	0.225	0.521	0.905	0.580	-3.043	-2.495	0.293	-1.278	-3.439	-0.407	2.995	-1.255	1.246	-0.383	-2.530	1.754	0.408	-0.142	0.037	0.481	0.363	-1.119
Lysobacter_OAE881	ABIE51_RS15240	ABIE51_RS15240		integration host factor subunit alpha	-0.879	0.365	-0.086	0.437	-1.152	-2.935	-0.473	-0.554	-1.283	0.204	2.822	-0.640	-0.832	0.045	-0.688	-1.957	-0.717	-2.082	1.961	-1.497	0.360	-1.244	0.835	-0.577	-1.353
Lysobacter_OAE881	ABIE51_RS15275	ABIE51_RS15275		cytochrome c	1.281	1.021	0.889	1.100	1.196	0.927	-2.187	0.314	0.973	-0.379	0.161	0.247	0.414	-0.035	0.317	0.879	1.527	1.200	0.670	0.441	0.239	0.137	0.570	1.701	0.623
Lysobacter_OAE881	ABIE51_RS15280	ABIE51_RS15280		hypothetical protein	-0.261	-0.887	-1.344	-0.864	-1.801	0.152	-0.074	-2.107	-0.064	1.808	1.435	-0.028	0.946	0.213	-0.375	-1.141	0.182	0.209	-2.165	1.181	-0.564	-1.258	0.001	-1.104	-1.662
Lysobacter_OAE881	ABIE51_RS15285	ABIE51_RS15285		GNAT family N-acetyltransferase	0.278	-1.166	0.067	-0.148	-0.327	-0.184	-1.184	0.255	0.176	-1.299	-0.415	-0.524	-1.276	-1.090	-0.758	-0.231	-0.012	-1.580	-1.011	-0.634	-0.922	0.246	0.392	0.282	-0.359
Lysobacter_OAE881	ABIE51_RS15290	ABIE51_RS15290		hypothetical protein	0.093	1.601	0.496	-0.366	0.005	-0.096	0.374	1.344	0.974	0.139	-0.434	1.033	-0.073	0.786	0.301	-0.698	-0.522	1.065	1.531	0.528	0.129	-0.200	0.684	0.385	0.464
Lysobacter_OAE881	ABIE51_RS15295	ABIE51_RS15295		ThiF family adenylyltransferase	-0.127	1.670	0.045	0.831	0.316	0.176	1.202	0.207	0.584	0.140	-0.067	0.340	1.256	0.605	-0.155	0.494	1.191	0.695	0.467	-0.291	-0.797	0.005	-0.499	-0.501	-0.940
Lysobacter_OAE881	ABIE51_RS15300	ABIE51_RS15300		hypothetical protein	0.375	0.417	0.201	0.757	0.517	0.245	0.323	0.285	-0.342	0.516	-0.965	-0.912	-1.724	0.084	0.382	0.472	-0.182	0.458	-0.268	0.858	0.909	0.381	-1.547	0.586	-1.203
Lysobacter_OAE881	ABIE51_RS15310	ABIE51_RS15310		excinuclease ABC subunit UvrB	-0.963	-0.151	4.579	1.048	-1.356	0.828	-0.562	-1.007	0.721	-1.839	4.034	1.580	0.580	-1.727	-2.777	3.728	-2.855	-2.579	1.023	0.272	-0.293	-0.988	1.800	-0.325	-0.881
Lysobacter_OAE881	ABIE51_RS15315	ABIE51_RS15315		GspH/FimT family pseudopilin	0.164	-2.234	-0.098	2.060	-0.420	-0.571	0.793	-0.814	-1.093	0.780	0.465	-0.985	-1.154	0.853	0.717	0.109	0.452	-0.518	1.013	1.346	0.190	0.458	0.075	-0.447	0.296
Lysobacter_OAE881	ABIE51_RS15325	ABIE51_RS15325		type IV pilin protein	-1.117	-0.817	0.531	0.411	-0.057	0.375	-0.877	-1.080	0.472	1.224	-0.230	-0.316	-0.006	0.308	-0.426	0.519	-0.566	0.307	0.255	-0.480	-0.544	-0.642	0.229	1.297	0.543
Lysobacter_OAE881	ABIE51_RS15330	ABIE51_RS15330		PilC/PilY family type IV pilus protein	-0.832	1.144	0.519	-0.058	0.246	0.126	0.425	-0.818	0.454	0.229	2.450	1.481	0.955	0.554	1.638	0.072	0.942	1.504	1.306	-0.197	0.451	0.648	0.864	0.367	-0.413
Lysobacter_OAE881	ABIE51_RS15335	ABIE51_RS15335		PilX N-terminal domain-containing pilus assembly protein	-0.879	0.618	-1.392	-1.181	-0.266	-0.882	-0.107	0.055	-1.270	-0.275	0.973	1.888	-1.984	-0.844	-0.426	-0.238	0.299	-0.732	-0.345	-0.912	0.092	0.203	1.507	0.268	0.493
Lysobacter_OAE881	ABIE51_RS15340	ABIE51_RS15340		PilW family protein	0.248	0.741	0.270	-0.068	-0.610	1.355	1.335	-1.541	0.272	1.022	3.450	0.911	-0.011	0.639	-0.158	-0.327	0.127	0.539	0.538	1.634	1.361	1.351	1.233	0.330	0.131
Lysobacter_OAE881	ABIE51_RS15345	ABIE51_RS15345		type IV pilus modification protein PilV	1.026	-1.020	1.222	-1.513	0.049	-0.595	-0.374	-0.429	-0.071	1.529	3.192	0.377	0.187	-0.225	1.576	-0.024	0.082	0.068	1.464	1.508	-0.116	-0.130	1.436	0.738	0.250
Lysobacter_OAE881	ABIE51_RS15350	ABIE51_RS15350		GspH/FimT family pseudopilin	-1.639	-0.519	-0.437	-0.076	-1.916	-0.179	-0.663	-0.527	-0.869	-0.415	-0.402	-0.495	-0.536	-0.179	-0.347	-0.345	-1.006	-0.638	-1.440	-0.625	-0.771	-0.730	-1.290	-1.158	0.079
Lysobacter_OAE881	ABIE51_RS15355	ABIE51_RS15355		histidine kinase	-0.938	1.663	0.381	-0.877	-0.904	1.339	0.033	0.435	0.560	0.035	-0.890	-0.091	-1.882	-1.228	-0.161	0.115	0.366	-0.594	-0.068	-1.025	0.648	-0.840	-0.659	0.448	-1.335
Lysobacter_OAE881	ABIE51_RS15365	ABIE51_RS15365		carboxypeptidase regulatory-like domain-containing protein	-0.468	0.420	-0.695	1.122	-0.061	-0.120	0.677	-0.023	-0.179	0.059	-2.097	1.000	-1.059	1.577	-0.110	-0.728	0.001	0.339	0.449	0.105	0.244	0.150	-0.370	0.699	0.880
Lysobacter_OAE881	ABIE51_RS15370	ABIE51_RS15370		YhgN family NAAT transporter	0.546	-1.627	-2.267	-0.727	0.058	-0.364	0.562	-1.528	0.301	0.580	0.227	0.286	1.532	1.515	-1.559	-2.854	0.683	-1.428	-0.550	-0.141	1.272	-0.943	0.152	0.891	0.559
Lysobacter_OAE881	ABIE51_RS15375	ABIE51_RS15375		SDR family NAD(P)-dependent oxidoreductase	-1.193	-1.333	-2.346	-4.241	0.211	-1.166	-1.507	0.740	-2.687	0.184	-0.044	-1.346	0.231	-0.312	0.085	-2.168	1.003	0.655	0.875	-1.394	0.078	-0.207	-0.362	-0.099	0.553
Lysobacter_OAE881	ABIE51_RS15380	ABIE51_RS15380		Grx4 family monothiol glutaredoxin	0.172	0.505	3.547	-0.564	0.576	0.988	0.042	1.142	-0.050	0.207	-0.585	0.451	-0.456	1.056	0.975	3.096	0.601	0.610	1.159	0.957	0.751	1.298	0.056	0.213	0.712
Lysobacter_OAE881	ABIE51_RS15390	ABIE51_RS15390		5-(carboxyamino)imidazole ribonucleotide synthase	-1.434	-1.860	-1.937	1.217	-1.612	-1.864	0.165	-2.210	-1.954	-1.587	-0.601	-1.412	-1.296	-0.084	-1.576	-1.901	-1.668	-1.602	-1.222	-1.671	-0.560	-0.115	0.220	0.244	-1.350
Lysobacter_OAE881	ABIE51_RS15400	ABIE51_RS15400		Trm112 family protein	-0.266	-0.168	-1.124	-2.482	-1.905	-0.736	-2.273	-0.273	-1.704	0.035	-1.497	0.585	-0.380	0.785	0.707	-3.170	-0.569	-1.045	-0.090	0.557	1.175	-1.440	-0.496	0.608	-2.209
Lysobacter_OAE881	ABIE51_RS15405	ABIE51_RS15405		carboxylating nicotinate-nucleotide diphosphorylase	-0.449	-0.553	-6.201	-0.629	0.684	1.165	0.079	-0.711	1.478	-0.060	1.404	0.532	1.869	0.539	0.959	-5.771	1.002	0.516	2.146	0.980	0.223	0.632	2.357	0.391	-0.542
Lysobacter_OAE881	ABIE51_RS15410	ABIE51_RS15410		FHA domain-containing protein	-0.887	0.639	1.139	-0.274	-0.545	1.314	0.632	0.772	0.317	-1.165	2.151	0.485	0.665	1.624	-1.078	0.116	-0.602	0.196	0.369	0.387	-1.246	0.727	0.820	0.492	-0.421
Lysobacter_OAE881	ABIE51_RS15415	ABIE51_RS15415		DUF3301 domain-containing protein	-0.910	0.347	1.225	1.188	1.004	-0.202	-0.927	-1.099	0.564	-1.903	1.570	-1.301	0.020	-0.183	-0.445	0.060	-0.703	-0.097	0.859	-1.225	1.273	-1.395	-0.211	-0.788	-1.861
Lysobacter_OAE881	ABIE51_RS15420	ABIE51_RS15420		ClpXP protease specificity-enhancing factor	1.102	0.240	2.811	-0.572	1.682	0.775	-0.300	0.574	1.583	0.150	0.717	2.364	0.165	2.847	0.810	1.449	2.127	-0.014	1.148	1.267	1.232	0.810	2.758	1.312	0.803
Lysobacter_OAE881	ABIE51_RS15425	ABIE51_RS15425		glutathione S-transferase N-terminal domain-containing protein	0.433	0.290	1.152	1.031	0.358	0.579	0.191	-0.664	0.368	-0.287	7.181	1.036	2.154	-0.355	0.477	0.558	-1.020	-0.763	0.022	-3.558	-0.752	-0.881	1.584	0.735	-0.838
Lysobacter_OAE881	ABIE51_RS15430	ABIE51_RS15430		cytochrome c1	-1.583	0.095	-1.711	-0.035	2.105	1.154	-0.404	-1.716	-1.962	0.755	-1.609	-1.626	-0.733	2.545	3.712	-2.225	0.460	2.043	-1.836	0.269	2.125	-0.769	-1.627	0.026	-2.099
Lysobacter_OAE881	ABIE51_RS15435	ABIE51_RS15435		cytochrome bc complex cytochrome b subunit	0.956	-1.395	-3.578	-0.501	2.426	2.725	-0.817	-0.832	-1.062	-1.452	-1.780	-1.160	-0.614	1.796	4.527	-2.236	0.171	0.929	-1.286	-0.758	0.885	-1.324	-3.250	0.976	2.309
Lysobacter_OAE881	ABIE51_RS15440	ABIE51_RS15440		ubiquinol-cytochrome c reductase iron-sulfur subunit	-0.850	-1.202	-1.465	1.683	2.640	0.585	-0.685	-0.959	-0.278	0.223	-1.160	-0.571	-1.358	0.952	0.517	-0.578	-0.138	-0.661	0.474	0.660	0.284	0.175	-1.436	-0.475	0.227
Lysobacter_OAE881	ABIE51_RS15445	ABIE51_RS15445		transglycosylase SLT domain-containing protein	0.046	0.559	-1.222	-0.592	-0.835	-1.436	0.658	-3.106	-0.706	1.471	-1.726	-3.056	0.910	0.428	-0.565	0.358	0.390	-1.507	0.330	1.510	-0.610	0.968	-0.425	-0.105	0.679
Lysobacter_OAE881	ABIE51_RS15450	ABIE51_RS15450		lytic transglycosylase domain-containing protein	0.055	0.773	0.336	1.465	0.765	-0.096	0.307	0.592	1.236	0.291	1.264	0.933	1.135	-0.877	-0.740	0.659	0.145	-0.360	0.034	0.352	0.593	-0.850	0.375	-0.324	0.115
Lysobacter_OAE881	ABIE51_RS15455	ABIE51_RS15455		tRNA (N6-isopentenyl adenosine(37)-C2)-methylthiotransferase MiaB	0.511	-1.578	0.054	0.427	-1.927	1.359	-1.830	1.285	1.066	0.102	-0.682	-1.339	-1.233	-0.305	-0.338	-0.612	0.040	0.099	0.413	1.155	0.430	0.646	-0.678	-1.007	1.307
Lysobacter_OAE881	ABIE51_RS15460	ABIE51_RS15460		DUF5694 domain-containing protein	1.086	-1.077	-0.165	-0.653	1.655	0.074	-0.668	0.026	-1.120	-1.455	0.722	0.864	-0.971	1.048	-0.510	-0.306	1.523	0.441	-0.377	-0.190	0.544	-1.518	2.457	0.916	-1.830
Lysobacter_OAE881	ABIE51_RS15465	ABIE51_RS15465		ABC-F family ATP-binding cassette domain-containing protein	-0.616	0.483	-0.554	0.897	0.765	-0.032	-0.220	-0.005	-0.340	1.671	0.595	0.020	-1.191	0.031	-1.032	1.473	0.669	2.676	0.945	0.580	0.686	-1.762	1.435	-0.976	-0.393
Lysobacter_OAE881	ABIE51_RS15470	ABIE51_RS15470		amidohydrolase	-0.120	0.451	0.251	-0.115	-1.406	-0.216	0.932	0.012	1.429	0.680	-0.167	-0.987	-0.158	-0.201	-0.628	1.153	-0.482	1.228	1.074	-0.100	0.909	-0.569	1.272	-1.102	-1.547
Lysobacter_OAE881	ABIE51_RS15475	ABIE51_RS15475		ABC transporter permease	-1.434	-1.148	1.239	0.601	-0.019	0.453	0.071	-0.303	-0.167	-0.930	0.560	-1.055	0.809	-1.317	-0.588	-0.976	-0.493	0.937	-0.671	1.986	-2.235	1.920	-0.558	2.045	-0.176
Lysobacter_OAE881	ABIE51_RS15480	ABIE51_RS15480		ABC transporter ATP-binding protein	-0.546	1.225	2.559	0.733	0.683	1.405	1.331	1.695	1.549	0.141	1.551	0.975	0.364	0.527	1.592	1.470	-0.180	0.673	1.764	3.444	1.333	0.728	1.094	-0.319	0.253
Lysobacter_OAE881	ABIE51_RS15485	ABIE51_RS15485		HlyD family efflux transporter periplasmic adaptor subunit	-0.529	-1.253	-0.436	-2.128	1.552	-1.493	1.346	0.440	0.658	-0.025	0.151	-0.177	-0.103	1.215	-0.633	-0.077	-1.124	0.613	0.247	0.686	0.639	-0.634	-0.543	-0.756	1.321
Lysobacter_OAE881	ABIE51_RS15490	ABIE51_RS15490		TetR/AcrR family transcriptional regulator	1.663	2.183	1.613	-1.061	0.920	1.581	2.326	2.093	1.145	3.177	1.885	0.771	-0.566	0.203	1.128	2.197	1.038	-0.451	1.711	0.057	0.449	2.039	2.690	0.879	2.255
Lysobacter_OAE881	ABIE51_RS15495	ABIE51_RS15495		hypothetical protein	-1.174	-2.021	0.877	0.429	-0.101	0.368	-0.205	0.248	1.954	-0.424	0.482	-0.602	-1.141	0.141	0.633	0.055	-1.484	0.240	-0.171	-0.447	-0.022	-0.490	0.450	-0.853	-1.018
Lysobacter_OAE881	ABIE51_RS15500	ABIE51_RS15500		PhoH family protein	-0.991	-0.382	-0.483	0.983	-0.306	-0.989	-0.561	0.315	-0.411	-0.573	1.099	0.167	0.757	-0.093	0.393	-0.798	-0.292	-0.128	-0.231	-0.034	-0.534	0.881	0.304	0.075	-0.081
Lysobacter_OAE881	ABIE51_RS15510	ABIE51_RS15510		transporter associated domain-containing protein	0.397	-0.193	0.190	-0.321	-0.617	-1.560	-2.039	-0.836	-0.575	1.674	-1.195	0.200	0.342	0.304	-0.956	-1.439	-1.184	-0.862	-0.673	-0.613	-0.028	-0.427	2.120	-1.068	-1.403
Lysobacter_OAE881	ABIE51_RS15520	ABIE51_RS15520		magnesium/cobalt transporter CorA	-4.050	-4.704	-9.251	-1.056	-7.055	-11.564	-1.335	-11.725	-8.211	-4.196	-3.839	-7.223	-4.680	-3.785	-2.520	-11.042	-8.282	-6.930	-10.428	-5.903	-2.478	-2.289	-8.032	-1.335	-1.787
Lysobacter_OAE881	ABIE51_RS15525	ABIE51_RS15525		carbon starvation CstA family protein	-1.077	0.120	-0.410	0.522	-1.228	-0.032	-0.738	-0.489	-0.014	-0.067	-1.599	-5.178	-1.050	-1.299	-0.534	-0.161	0.226	0.419	-0.742	0.476	-0.192	0.047	-4.343	0.853	0.415
Lysobacter_OAE881	ABIE51_RS15530	ABIE51_RS15530		YbdD/YjiX family protein	-0.679	0.163	1.712	-0.747	0.889	-0.085	-1.451	3.633	1.959	0.991	1.854	-0.550	0.650	3.010	1.054	1.406	1.834	0.175	1.298	0.281	1.041	1.613	-2.703	1.732	0.716
Lysobacter_OAE881	ABIE51_RS15535	ABIE51_RS15535		hypothetical protein	0.242	-0.562	1.120	-1.024	-0.672	0.514	0.586	-0.907	-0.228	-0.214	-0.965	0.032	-0.500	-0.216	-1.546	-0.135	-0.975	-1.333	-0.414	-1.288	-1.041	0.402	0.414	-0.141	-0.608
Lysobacter_OAE881	ABIE51_RS15540	ABIE51_RS15540		DUF819 family protein	-0.997	-0.392	-0.204	0.913	1.415	0.291	-0.206	0.083	1.191	0.346	0.125	0.563	-1.170	-0.865	0.078	0.600	0.445	-0.959	0.660	-0.069	-0.781	0.570	1.339	-0.324	-0.527
Lysobacter_OAE881	ABIE51_RS15545	ABIE51_RS15545		DUF2235 domain-containing protein	0.258	1.215	0.930	0.667	0.564	0.578	0.073	0.483	-0.097	0.636	-0.232	1.437	1.125	1.218	0.404	0.383	-0.081	0.881	0.675	-0.184	1.581	-0.355	-0.030	0.269	-1.626
Lysobacter_OAE881	ABIE51_RS15550	ABIE51_RS15550		DUF3304 domain-containing protein	1.415	-0.192	0.685	0.738	0.472	0.350	-0.448	2.032	-0.896	0.865	-0.714	0.302	1.577	1.787	-0.166	0.550	1.935	0.432	-1.059	2.149	-0.402	-0.391	1.304	-1.012	0.891
Lysobacter_OAE881	ABIE51_RS15555	ABIE51_RS15555		DUF3304 domain-containing protein	-1.447	-0.798	1.291	1.889	0.095	1.484	0.369	0.172	1.581	0.406	0.190	-0.169	0.825	1.165	-0.843	-1.139	-0.951	0.275	-0.120	0.618	-0.518	0.820	0.760	-0.485	0.262
Lysobacter_OAE881	ABIE51_RS15560	ABIE51_RS15560		DUF3304 domain-containing protein	1.146	1.729	1.015	-2.312	0.160	-0.138	0.299	-0.682	-0.583	0.689	-0.065	0.760	-0.368	-0.899	1.356	-0.164	0.005	0.687	0.917	-0.096	0.427	1.942	0.206	0.733	-1.076
Lysobacter_OAE881	ABIE51_RS15565	ABIE51_RS15565		hypothetical protein	0.056	0.460	1.751	-0.594	2.004	0.668	1.207	2.199	0.040	0.600	-0.177	0.322	0.210	0.814	-0.429	1.880	1.607	0.955	0.925	0.870	-1.221	1.021	0.524	1.758	0.174
Lysobacter_OAE881	ABIE51_RS15570	ABIE51_RS15570		DUF3304 domain-containing protein	-1.546	-0.697	-1.178	-2.134	-1.397	-0.180	-2.127	-2.384	-0.289	-1.316	-2.663	-0.847	-0.516	-0.560	-1.665	-0.826	0.038	-1.491	-0.173	-1.720	-0.072	-1.023	1.470	-1.836	-0.818
Lysobacter_OAE881	ABIE51_RS15575	ABIE51_RS15575		DUF4123 domain-containing protein	-1.412	-0.458	0.413	-0.459	-0.203	-0.219	-0.152	-0.781	-0.722	-0.347	0.785	0.917	-1.175	0.755	-0.921	0.313	-0.030	-0.502	0.931	-1.349	-1.091	0.201	-0.068	-0.585	-0.137
Lysobacter_OAE881	ABIE51_RS15580	ABIE51_RS15580		type VI secretion system tip protein TssI/VgrG	1.190	0.370	1.218	0.854	0.708	1.023	-0.732	1.404	0.883	1.100	1.787	1.662	0.628	0.891	2.157	1.694	0.172	0.780	1.236	1.079	1.129	0.606	1.335	-0.042	1.118
Lysobacter_OAE881	ABIE51_RS15585	ABIE51_RS15585		S9 family peptidase	0.553	1.077	2.048	0.525	0.252	-0.914	0.370	-0.578	0.300	-0.013	0.372	1.474	-0.648	1.444	1.989	-0.546	0.351	0.364	0.863	1.356	1.429	-1.461	-0.881	0.235	-1.568
Lysobacter_OAE881	ABIE51_RS15590	ABIE51_RS15590		oligopeptide transporter, OPT family	-0.103	0.968	-0.717	-0.214	0.125	-0.239	0.309	0.194	0.277	2.088	0.481	1.349	1.681	0.398	0.051	-0.251	-0.014	0.096	1.038	1.056	0.125	0.719	1.715	-0.269	-1.517
Lysobacter_OAE881	ABIE51_RS15595	ABIE51_RS15595		oligopeptide:H+ symporter	-1.041	1.567	0.012	-0.179	0.033	0.339	1.156	0.451	0.450	0.419	-0.112	0.561	0.185	0.170	0.487	0.192	-0.252	-0.340	0.146	0.039	0.154	0.699	-0.361	-0.796	0.066
Lysobacter_OAE881	ABIE51_RS15600	ABIE51_RS15600		S9 family peptidase	0.695	0.792	1.906	-0.306	-0.240	1.733	0.828	0.010	1.435	-0.877	0.619	-0.791	1.413	1.737	0.796	1.190	0.871	0.061	0.792	0.300	0.069	1.677	2.119	1.678	0.077
Lysobacter_OAE881	ABIE51_RS15615	ABIE51_RS15615		glucose-1-phosphate thymidylyltransferase RfbA	-5.081	-7.303	-0.821	-9.301	-6.167	-3.668	-2.884	-11.993	-2.787	-1.804	-0.872	-3.284	-3.297	-9.976	-0.209	-1.457	-7.380	-11.509	3.006	-2.384	-4.029	-7.059	-1.714	-4.435	-3.677
Lysobacter_OAE881	ABIE51_RS15620	ABIE51_RS15620		dTDP-glucose 4,6-dehydratase	-5.658	-4.370	-5.381	-6.336	-5.399	-5.391	-3.644	-10.816	-3.519	-0.721	-1.792	-4.548	-4.267	-6.464	-2.295	-5.288	-4.386	-7.855	-1.576	-2.005	-3.680	-5.763	-3.409	-2.687	-3.579
Lysobacter_OAE881	ABIE51_RS15630	ABIE51_RS15630		DUF5076 domain-containing protein	0.033	-0.947	0.667	-0.101	0.063	0.444	0.502	-0.127	0.358	0.975	-0.177	-0.568	0.036	-1.220	-0.281	1.744	1.202	-0.796	0.853	0.015	1.227	0.123	2.080	0.269	-0.732
Lysobacter_OAE881	ABIE51_RS15635	ABIE51_RS15635		hypothetical protein	1.072	0.801	1.094	1.351	1.148	0.731	-2.178	0.603	1.964	2.380	0.182	1.813	1.743	-0.699	1.052	-0.517	-0.058	-0.021	0.089	2.378	2.057	-1.687	1.682	-0.861	-0.474
Lysobacter_OAE881	ABIE51_RS15660	ABIE51_RS15660		PhzF family phenazine biosynthesis protein	-0.869	-0.044	-0.830	-1.127	-0.609	-0.952	-0.794	-1.153	-0.535	-0.351	-0.086	0.039	-1.124	0.240	-0.332	-1.287	-0.410	-0.503	-0.473	-1.473	-0.678	0.771	-0.597	0.659	-0.248
Lysobacter_OAE881	ABIE51_RS15665	ABIE51_RS15665		glycine zipper 2TM domain-containing protein	-2.482	0.132	0.552	-0.892	0.771	0.294	-1.495	0.504	-0.319	-0.964	-0.353	-0.011	-0.215	0.165	0.477	-0.162	0.702	-1.272	0.536	0.016	-0.723	-0.446	0.117	-0.723	-0.329
Lysobacter_OAE881	ABIE51_RS15675	ABIE51_RS15675		OsmC family protein	-1.558	0.118	-0.069	-1.971	-0.260	-0.856	0.002	0.544	0.993	-0.863	0.165	-0.038	-0.494	-0.010	-0.522	-0.148	-1.054	-0.569	0.850	-1.108	-0.256	1.969	-0.784	-0.628	-0.341
Lysobacter_OAE881	ABIE51_RS15680	ABIE51_RS15680		elongation factor G	-0.415	0.476	-0.221	0.081	-0.760	-0.431	1.387	-1.370	0.214	1.646	-1.056	0.842	-0.615	0.135	0.430	1.799	0.182	-0.246	0.777	0.469	0.394	1.402	0.198	0.218	0.700
Lysobacter_OAE881	ABIE51_RS15685	ABIE51_RS15685		DUF2272 domain-containing protein	-0.503	-0.965	0.840	-0.891	1.386	0.564	-1.439	1.453	0.195	-0.281	0.082	-0.497	0.070	-0.737	-0.899	0.899	0.793	0.768	-0.807	1.817	1.895	-0.975	1.081	-0.410	0.085
Lysobacter_OAE881	ABIE51_RS15690	ABIE51_RS15690		LysE family translocator	1.138	0.519	1.512	0.930	0.077	0.083	-0.289	0.457	-1.285	-1.263	-0.165	-1.667	0.924	-1.451	-1.870	0.539	-1.692	-0.362	-1.152	-0.177	-0.712	-0.448	0.078	-1.036	-0.367
Lysobacter_OAE881	ABIE51_RS15695	ABIE51_RS15695		DUF1439 domain-containing protein	0.981	-1.576	1.334	0.902	0.993	1.329	0.353	-0.428	2.622	0.494	-0.180	0.823	1.584	2.413	-0.442	0.837	0.665	-0.529	0.617	-0.686	0.705	2.667	0.944	0.835	0.304
Lysobacter_OAE881	ABIE51_RS15700	ABIE51_RS15700		hypothetical protein	-0.274	-1.157	-0.219	-0.774	1.689	-0.745	0.179	-0.177	0.038	2.678	-0.820	-0.769	-1.440	-0.776	1.198	0.332	-0.504	-0.656	-0.409	0.038	0.111	0.650	-1.002	-0.083	-1.273
Lysobacter_OAE881	ABIE51_RS15710	ABIE51_RS15710		DUF5916 domain-containing protein	0.397	-3.517	0.091	0.811	-0.115	0.433	-1.349	0.751	0.493	-0.799	-0.897	-0.959	0.448	-0.706	1.590	-0.759	0.388	-0.105	-0.081	0.510	-0.877	-1.117	-0.258	1.387	-0.875
Lysobacter_OAE881	ABIE51_RS15715	ABIE51_RS15715		3-hydroxybutyrate dehydrogenase	-0.526	-1.055	-0.019	-0.070	0.018	-1.695	-0.435	-1.329	-1.408	-0.449	-1.930	-1.200	-0.032	-0.268	-0.608	0.353	0.080	-0.109	0.650	-1.128	-2.661	-0.796	-1.287	0.269	-0.588
Lysobacter_OAE881	ABIE51_RS15720	ABIE51_RS15720		SET domain-containing protein-lysine N-methyltransferase	-0.371	1.426	1.571	0.298	-0.663	-2.479	-1.118	1.590	0.691	0.538	-2.241	-2.082	-0.965	1.701	0.446	1.996	-0.630	-2.378	0.002	1.745	-0.079	0.253	0.795	1.592	-0.351
Lysobacter_OAE881	ABIE51_RS15725	ABIE51_RS15725		SUF system Fe-S cluster assembly regulator	-0.194	-1.615	0.453	-0.558	0.223	0.028	-0.948	-0.631	-1.371	-0.073	0.380	-0.172	-0.282	-0.606	-0.446	-0.027	-1.189	-0.866	-1.438	-1.294	-0.459	-0.665	-0.035	0.477	0.372
Lysobacter_OAE881	ABIE51_RS15750	ABIE51_RS15750		GNAT family N-acetyltransferase	-0.750	-1.300	0.665	-0.042	-0.495	-0.321	-0.084	-0.719	0.306	-0.111	0.379	-0.619	1.198	0.481	-1.062	-0.672	0.156	-0.739	-0.476	0.737	-1.074	-1.211	-0.013	0.493	0.096
Lysobacter_OAE881	ABIE51_RS15755	ABIE51_RS15755		non-heme iron oxygenase ferredoxin subunit	-0.554	1.155	0.005	0.065	-0.329	-0.953	0.253	0.703	-1.230	-0.551	1.921	0.809	-1.409	-1.525	-2.216	-1.060	-0.749	-0.404	-0.087	-0.357	0.262	-0.902	-1.234	0.452	-1.564
Lysobacter_OAE881	ABIE51_RS15770	ABIE51_RS15770		PepSY-associated TM helix domain-containing protein	0.169	0.265	0.991	1.570	1.534	1.840	1.313	0.747	-0.585	0.174	0.978	1.774	-1.208	-0.343	1.084	0.778	0.500	1.751	0.257	-0.325	-1.326	-0.715	2.265	0.411	-0.300
Lysobacter_OAE881	ABIE51_RS15780	ABIE51_RS15780		DUF4198 domain-containing protein	0.731	1.364	0.547	-0.535	-0.528	-0.747	0.559	0.312	0.031	1.324	0.372	0.120	0.624	-0.631	0.243	0.617	1.250	0.409	0.076	1.362	-0.913	0.955	0.493	-0.544	0.167
Lysobacter_OAE881	ABIE51_RS15785	ABIE51_RS15785		FAD:protein FMN transferase	0.179	0.019	-0.041	0.439	-1.770	0.169	-1.361	0.334	0.077	-0.566	1.129	1.169	0.200	0.572	-1.095	-0.679	0.367	0.231	-0.822	0.137	-0.093	0.065	-0.137	-0.764	-2.007
Lysobacter_OAE881	ABIE51_RS15790	ABIE51_RS15790		sulfite reductase flavoprotein subunit alpha	-0.263	0.926	1.293	-0.556	-0.197	0.938	0.962	0.628	1.492	2.192	-0.908	0.560	1.318	0.773	1.232	1.336	1.335	0.457	-0.206	-0.234	-1.494	-0.158	-0.588	-0.073	2.483
Lysobacter_OAE881	ABIE51_RS15805	ABIE51_RS15805		M20 family metallopeptidase	-1.356	-0.620	-0.913	0.660	1.116	-1.345	-0.369	1.512	0.085	0.402	-0.308	0.066	0.532	-0.647	-1.478	-0.462	-1.003	-2.752	0.058	0.264	1.058	0.582	-0.608	-1.321	-2.457
Lysobacter_OAE881	ABIE51_RS15810	ABIE51_RS15810		GlsB/YeaQ/YmgE family stress response membrane protein	0.289	-0.271	-0.495	-0.726	0.234	-0.974	1.061	0.257	0.494	-0.473	0.179	-1.471	-0.640	-2.290	0.010	-0.776	-1.489	0.309	-1.346	-1.344	-1.296	-0.818	-0.785	-0.752	-0.166
Lysobacter_OAE881	ABIE51_RS15815	ABIE51_RS15815		sulfate adenylyltransferase subunit CysN	-0.639	0.093	-1.322	0.295	-3.396	-5.841	-0.717	-5.150	-3.441	-0.801	1.635	-2.443	0.874	0.032	-0.317	-0.156	-3.426	-4.050	-5.265	-4.316	0.638	-0.539	-2.992	-0.223	-2.577
Lysobacter_OAE881	ABIE51_RS15820	ABIE51_RS15820		sulfate adenylyltransferase subunit CysD	-0.720	1.201	-0.577	0.144	-7.162	-10.079	0.169	-7.666	-5.009	-0.254	5.196	-2.982	1.212	1.745	0.578	0.309	-7.079	-6.402	-7.951	-5.253	-0.129	-0.451	-6.814	-0.153	-0.724
Lysobacter_OAE881	ABIE51_RS15825	ABIE51_RS15825		assimilatory sulfite reductase (NADPH) flavoprotein subunit	1.018	0.548	-0.569	0.016	-6.855	-10.070	-0.656	-8.486	-7.921	-0.119	2.197	-3.470	-0.154	-0.433	-0.960	-0.228	-6.402	-10.029	-8.999	-4.852	-1.009	0.735	-7.229	-0.595	0.006
Lysobacter_OAE881	ABIE51_RS15830	ABIE51_RS15830		assimilatory sulfite reductase (NADPH) hemoprotein subunit	-0.608	1.145	0.593	1.218	-4.107	-6.117	0.781	-6.024	-5.407	0.502	4.208	-2.518	0.926	0.692	1.044	-0.200	-4.236	-5.756	-5.842	-3.400	-0.308	2.265	-5.177	0.392	-0.734
Lysobacter_OAE881	ABIE51_RS15835	ABIE51_RS15835		phosphoadenylyl-sulfate reductase	-1.298	0.142	-1.962	-1.375	-7.628	-6.586	0.523	-7.170	-7.043	-1.367	-1.302	-2.854	1.088	-0.979	-0.152	0.072	-3.555	-4.782	-6.929	-5.559	-2.858	-0.201	-2.705	-1.642	1.089
Lysobacter_OAE881	ABIE51_RS15850	ABIE51_RS15850		LysR family transcriptional regulator	0.533	-0.689	0.010	0.425	-5.963	-10.921	-1.229	-9.173	-10.076	-1.281	-0.004	-5.433	-2.508	-1.430	-0.043	-0.369	-5.070	-7.928	-12.016	-4.932	-1.659	1.511	-6.582	1.820	-0.704
Lysobacter_OAE881	ABIE51_RS15855	ABIE51_RS15855		siroheme synthase CysG	-1.560	-0.748	-0.029	0.533	-2.267	-2.834	-0.778	-6.419	-5.210	0.374	0.131	-3.749	1.052	0.314	-0.798	-0.766	-4.994	-4.715	-2.384	-2.546	-0.746	1.000	-3.358	-0.721	-0.413
Lysobacter_OAE881	ABIE51_RS15860	ABIE51_RS15860		cysteine synthase A	-0.577	0.516	1.243	-0.663	-3.744	-7.522	0.033	-2.808	-4.932	-0.396	-1.596	-1.706	-1.894	-0.477	-1.147	-0.246	-5.605	-3.268	-2.094	-4.465	-0.535	-0.453	-3.737	1.893	-0.162
Lysobacter_OAE881	ABIE51_RS15865	ABIE51_RS15865		phosphotransferase	-1.372	0.242	-0.566	0.882	0.399	-1.324	0.014	-0.126	-0.199	-0.189	-1.378	-0.355	1.397	1.956	0.685	0.793	0.706	-0.181	-0.691	-1.522	-0.905	0.823	-1.021	0.440	-0.414
Lysobacter_OAE881	ABIE51_RS15870	ABIE51_RS15870		N-acetylmuramate alpha-1-phosphate uridylyltransferase MurU	-0.425	-0.711	-1.042	0.724	-1.742	-5.250	0.119	-7.275	-4.895	0.012	-1.522	-2.636	0.263	2.643	0.202	-1.110	-4.148	-3.553	-6.403	-7.047	-0.789	0.574	-3.152	-0.567	0.021
Lysobacter_OAE881	ABIE51_RS15880	ABIE51_RS15880		AI-2E family transporter	0.151	-0.824	-1.750	-0.877	-0.806	-0.373	0.398	1.044	0.263	-1.113	-3.310	-2.665	0.319	-0.566	-1.695	-1.410	-2.767	-1.247	-1.700	-0.203	-0.141	0.757	-3.654	-0.978	-0.259
Lysobacter_OAE881	ABIE51_RS15885	ABIE51_RS15885		DUF2066 domain-containing protein	-0.912	-1.767	-0.359	-0.638	-0.273	-2.446	-0.932	-2.039	-0.097	-1.296	-1.263	0.183	-2.999	0.485	1.191	-1.506	-1.083	-1.331	0.615	-0.711	-3.909	-0.890	0.729	0.509	-5.394
Lysobacter_OAE881	ABIE51_RS15890	ABIE51_RS15890		phosphoribosylformylglycinamidine cyclo-ligase	0.249	1.445	-6.492	-1.000	-5.930	-7.389	-0.480	-5.719	-7.458	0.547	-1.380	-2.649	-2.765	0.526	-1.048	-5.498	-5.104	-5.168	-7.591	-4.650	-3.377	1.922	-5.063	-1.343	1.332
Lysobacter_OAE881	ABIE51_RS15895	ABIE51_RS15895		phosphoribosylglycinamide formyltransferase	-0.193	-0.023	-0.456	0.221	-2.518	-2.492	-0.418	-3.487	-1.732	0.818	0.728	0.602	0.933	-0.366	0.882	-0.035	-5.336	-3.662	-2.373	-1.033	-0.532	-1.502	-0.952	0.893	-0.030
Lysobacter_OAE881	ABIE51_RS15900	ABIE51_RS15900		DUF3108 domain-containing protein	0.045	-0.029	-1.375	-0.040	-1.141	-1.230	-0.467	-1.504	-2.655	0.590	-1.093	-0.541	-1.586	0.421	0.756	0.078	1.779	0.488	-0.675	-0.055	-2.583	0.032	0.769	-0.288	0.097
Lysobacter_OAE881	ABIE51_RS15905	ABIE51_RS15905		DUF3108 domain-containing protein	-1.814	-3.130	-9.871	-2.287	-6.573	-8.768	-1.485	-7.806	-7.588	-3.096	-4.823	-9.017	-4.210	-2.438	-3.722	-9.206	-7.447	-8.357	-7.614	-5.380	-2.038	2.253	-7.616	-2.112	-2.287
Lysobacter_OAE881	ABIE51_RS15910	ABIE51_RS15910		hypothetical protein	0.641	0.686	-0.494	-0.061	0.324	-0.464	0.350	-1.158	-0.147	0.411	-0.387	-1.245	-1.248	-0.172	-0.621	1.521	0.267	1.591	-0.322	0.752	0.373	-1.209	0.537	-0.367	-1.021
Lysobacter_OAE881	ABIE51_RS15955	ABIE51_RS15955		RNA polymerase factor sigma-54	0.920	0.241	-2.195	1.020	-3.570	-2.267	0.241	-4.306	0.079	-0.481	7.269	-0.365	0.255	1.607	1.470	-4.743	-3.063	-3.974	2.973	0.231	1.294	1.179	2.373	0.983	-0.522
Lysobacter_OAE881	ABIE51_RS15960	ABIE51_RS15960		ribosome-associated translation inhibitor RaiA	0.049	0.116	-0.906	-1.583	0.719	-0.304	-1.037	-2.462	-0.637	0.542	-1.333	-3.087	0.424	0.714	0.375	0.409	-0.095	-0.289	-0.131	0.660	-1.761	-0.750	-0.011	1.153	-1.297
Lysobacter_OAE881	ABIE51_RS15965	ABIE51_RS15965		PTS sugar transporter subunit IIA	0.026	-0.983	0.745	-0.918	0.744	0.125	1.202	0.905	-0.490	0.856	0.031	-0.847	0.804	0.142	0.586	0.424	1.136	-0.195	-0.987	0.382	-0.473	0.051	-1.278	-0.429	0.285
Lysobacter_OAE881	ABIE51_RS15970	ABIE51_RS15970		HPr(Ser) kinase/phosphatase	-1.497	-2.143	-2.886	-0.148	0.700	-1.815	0.057	-3.273	0.201	-2.059	-1.777	0.555	-0.895	-0.046	0.646	-2.882	-1.509	-1.961	-1.973	-0.450	-1.087	-1.464	0.805	-1.761	1.237
Lysobacter_OAE881	ABIE51_RS15975	ABIE51_RS15975		RNase adapter RapZ	0.657	-1.039	-3.269	-1.041	-3.220	-3.430	0.162	-6.964	-7.420	0.229	-0.804	-2.256	-1.966	-0.202	-0.003	-2.661	-4.775	-3.509	-3.849	-3.611	-0.735	0.177	-3.182	-0.535	-2.543
Lysobacter_OAE881	ABIE51_RS15980	ABIE51_RS15980		hypothetical protein	0.073	0.306	-1.495	-2.285	-0.460	-0.890	-1.344	-0.635	0.384	0.962	-0.597	0.967	-0.989	-2.029	0.155	-0.722	0.370	-0.888	-1.740	-1.973	-1.035	-0.508	-0.041	0.103	-0.888
Lysobacter_OAE881	ABIE51_RS15985	ABIE51_RS15985		hypothetical protein	1.203	0.826	1.099	-1.305	-0.191	0.643	-0.042	1.600	-0.668	1.009	2.180	-0.417	-0.653	-0.015	0.281	1.315	1.033	0.944	0.707	1.412	1.384	2.015	0.296	0.394	1.466
Lysobacter_OAE881	ABIE51_RS15990	ABIE51_RS15990		PTS sugar transporter subunit IIA	-0.701	-0.703	-2.120	-0.029	-1.497	-3.154	-0.440	-2.295	-2.454	0.652	-2.253	-1.411	-0.041	0.958	-1.155	-0.291	-2.481	0.266	-2.156	-0.324	-1.647	-0.652	-0.410	0.473	-0.549
Lysobacter_OAE881	ABIE51_RS16000	ABIE51_RS16000		phosphoenolpyruvate--protein phosphotransferase	-0.536	-0.346	2.616	1.648	-2.374	-1.737	0.191	0.197	-2.386	0.566	1.016	-0.099	0.611	-0.282	0.587	1.055	-1.868	-1.843	-0.721	-3.091	0.272	-1.152	1.462	-0.222	-0.379
Lysobacter_OAE881	ABIE51_RS16010	ABIE51_RS16010		prolyl oligopeptidase family serine peptidase	0.429	1.632	-0.131	-1.215	-0.359	-0.221	1.114	-0.477	-0.400	2.614	-1.110	-0.356	-1.289	0.971	0.995	0.549	-0.074	-1.968	-0.182	-1.256	0.490	-0.592	-0.499	-0.703	-1.167
Lysobacter_OAE881	ABIE51_RS16015	ABIE51_RS16015		aspartate carbamoyltransferase catalytic subunit	0.004	0.281	-2.062	-1.315	-1.532	-2.219	-1.824	-2.166	-2.075	-1.445	-0.193	-1.607	-1.017	-1.414	-0.976	-2.021	-1.796	-1.725	-2.616	-2.068	-0.486	-1.727	-1.962	-1.427	-0.799
Lysobacter_OAE881	ABIE51_RS16025	ABIE51_RS16025		YqgE/AlgH family protein	-0.506	0.739	-0.168	1.362	-2.006	-3.732	1.951	-0.626	1.027	0.954	-0.865	0.625	1.047	-0.968	0.139	-0.914	-2.718	-2.471	0.454	-0.443	0.887	-1.633	0.136	-0.948	1.289
Lysobacter_OAE881	ABIE51_RS16030	ABIE51_RS16030		Zn-dependent hydrolase	-0.027	-1.193	-0.124	2.197	0.216	0.179	-1.605	1.049	-0.059	1.565	1.457	-0.169	-0.123	0.034	-0.023	0.009	-0.274	0.408	0.689	-0.357	0.321	1.025	-0.397	-0.113	-0.219
Lysobacter_OAE881	ABIE51_RS16040	ABIE51_RS16040		ATP-binding protein	0.841	0.127	-0.566	0.505	-0.063	0.123	-0.371	-1.179	-1.487	-0.916	0.640	0.036	-1.942	-2.333	-1.055	-0.008	-0.270	0.595	-0.610	0.094	0.237	-0.579	0.350	0.434	0.139
Lysobacter_OAE881	ABIE51_RS16045	ABIE51_RS16045		ATP-binding protein	0.234	-0.172	-0.146	-0.833	0.125	1.368	0.094	0.290	0.903	0.650	0.488	1.282	1.911	-0.761	0.758	0.648	0.667	-0.508	1.335	0.473	0.381	0.921	0.145	0.538	-0.124
Lysobacter_OAE881	ABIE51_RS16050	ABIE51_RS16050		PilT/PilU family type 4a pilus ATPase	-3.871	-0.162	-0.660	-0.958	0.544	0.451	1.220	-0.024	-0.060	1.008	-0.321	0.213	0.733	-0.818	-1.926	1.505	0.437	0.164	-0.161	-0.206	0.879	-3.503	-1.338	-0.145	-0.491
Lysobacter_OAE881	ABIE51_RS16055	ABIE51_RS16055		type IV pilus twitching motility protein PilT	-0.468	-1.043	-0.402	-1.096	-1.430	-3.776	-1.382	-7.631	-1.748	0.022	-1.790	-4.128	-0.979	0.129	-2.372	0.319	-3.313	-2.869	-0.833	-3.178	-0.941	-0.056	-3.298	-0.599	-0.431
Lysobacter_OAE881	ABIE51_RS16060	ABIE51_RS16060		YggS family pyridoxal phosphate-dependent enzyme	-0.049	-0.520	0.511	0.474	-0.681	-3.375	-1.248	-0.890	-0.890	-0.306	-1.238	-0.177	0.558	-0.514	0.536	0.156	-4.022	-0.957	-0.417	-2.090	-0.083	0.773	-3.808	1.025	0.735
Lysobacter_OAE881	ABIE51_RS16065	ABIE51_RS16065		pyrroline-5-carboxylate reductase	0.665	2.699	-0.792	-0.491	-3.110	-4.815	0.167	-4.522	-4.863	0.611	-1.859	-2.587	-0.093	-0.181	0.786	-3.916	-4.344	-3.874	-3.632	-1.888	-0.490	0.873	-1.974	0.309	0.107
Lysobacter_OAE881	ABIE51_RS16075	ABIE51_RS16075		cobalamin-binding protein	0.143	0.908	0.179	-1.299	-1.388	-0.914	0.589	0.434	-1.073	-0.426	-0.199	-0.974	-1.101	-0.507	1.259	-1.369	-2.172	1.023	-0.669	-0.235	0.837	-0.762	-1.074	-0.311	-0.847
Lysobacter_OAE881	ABIE51_RS16080	ABIE51_RS16080		aminoglycoside 6'-N-acetyltransferase	-3.319	0.451	1.350	-0.654	0.259	-0.850	-1.040	-0.759	1.022	-0.962	0.325	-0.074	-1.098	0.653	-0.175	0.025	-0.052	0.973	2.128	-1.473	-0.481	0.426	0.558	-1.917	0.269
Lysobacter_OAE881	ABIE51_RS16090	ABIE51_RS16090		kinase	-0.451	-1.087	0.452	0.330	1.367	0.661	0.559	0.882	-0.392	-0.984	1.262	0.157	-0.801	0.323	0.837	-0.749	0.868	-0.411	0.793	0.176	0.237	-0.502	0.454	-0.188	-0.878
Lysobacter_OAE881	ABIE51_RS16095	ABIE51_RS16095		shikimate kinase	-0.427	-0.244	-2.529	0.692	-1.996	-2.350	-0.261	-2.758	-1.778	-0.121	-0.693	-0.396	-0.722	-0.880	-0.207	-1.964	-0.919	-1.574	-1.103	-0.367	-1.537	0.144	-0.055	-1.047	1.651
Lysobacter_OAE881	ABIE51_RS16115	ABIE51_RS16115		hybrid sensor histidine kinase/response regulator	-1.233	0.031	-0.683	-0.626	-0.143	-0.108	1.033	0.573	-1.521	-0.816	-0.710	0.432	0.231	0.499	-0.090	-0.071	0.299	0.178	-0.712	0.524	0.466	1.232	0.414	0.384	-0.784
Lysobacter_OAE881	ABIE51_RS16120	ABIE51_RS16120		YceI family protein	0.461	1.470	-0.341	1.123	-0.414	0.005	-0.586	0.182	-0.203	0.034	-0.278	0.330	-0.526	0.191	1.033	-0.205	0.575	-0.501	-0.881	-0.244	-0.204	-0.720	-0.215	0.700	-0.342
Lysobacter_OAE881	ABIE51_RS16125	ABIE51_RS16125		cytochrome b	-0.071	-0.655	0.518	-0.383	0.236	0.157	-1.042	0.900	0.030	-2.342	-0.395	-1.844	-0.005	0.338	1.073	-0.527	-1.418	0.216	-0.208	-1.294	-0.090	-1.091	1.488	-1.321	-0.434
Lysobacter_OAE881	ABIE51_RS16130	ABIE51_RS16130		YceI family protein	-1.705	0.167	-0.285	0.098	-0.664	0.940	-0.496	-0.150	-0.582	-1.278	-0.356	-0.804	-0.617	-0.202	-0.344	-0.431	-1.499	-0.312	-0.475	-1.160	-2.311	-0.991	-0.566	0.861	-0.756
Lysobacter_OAE881	ABIE51_RS16145	ABIE51_RS16145		L-serine ammonia-lyase	0.032	0.210	-0.393	-0.029	-0.033	1.810	0.657	0.323	0.283	-1.690	2.581	-0.007	0.960	1.831	-0.243	-0.655	-0.728	1.182	1.504	0.285	-0.868	-0.000	1.023	0.810	2.071
Lysobacter_OAE881	ABIE51_RS16150	ABIE51_RS16150		EAL domain-containing protein	-0.070	-1.279	-0.712	-0.398	-0.015	0.183	1.176	-0.260	0.604	1.420	-1.194	0.015	0.251	0.123	-0.902	-0.362	-0.370	-0.229	0.403	0.950	-0.279	-0.608	-0.247	0.015	-1.136
Lysobacter_OAE881	ABIE51_RS16155	ABIE51_RS16155		molybdopterin cofactor-binding domain-containing protein	0.202	0.180	-0.788	1.232	-0.948	-1.131	-0.274	2.108	-0.532	-0.639	-0.999	-1.116	-0.848	0.709	0.699	-0.474	0.810	-0.838	0.882	0.725	-1.412	-2.586	-0.437	-0.907	-1.322
Lysobacter_OAE881	ABIE51_RS16160	ABIE51_RS16160		cytochrome c	-0.300	0.976	0.159	1.738	1.530	0.558	-1.907	1.694	0.340	0.642	-0.285	-0.273	-0.992	-0.455	-0.249	0.148	1.014	0.894	-1.196	-0.061	-0.880	-0.161	-0.628	-0.746	-0.200
Lysobacter_OAE881	ABIE51_RS16165	ABIE51_RS16165		glycosyl hydrolase family 18 protein	0.070	0.731	-0.159	-0.013	-0.108	-0.385	0.137	1.108	0.424	-0.345	-0.795	0.450	-0.623	-0.628	-0.453	-0.160	1.316	1.648	-0.657	-0.129	-0.108	-0.099	-0.282	0.441	-0.305
Lysobacter_OAE881	ABIE51_RS16175	ABIE51_RS16175		alpha/beta hydrolase	-1.475	1.566	0.241	-1.230	1.015	-1.731	-1.596	-0.502	0.214	-0.295	-1.897	0.473	0.891	-0.535	0.153	-1.673	-0.285	-0.052	0.891	0.980	1.164	-0.725	-0.338	-0.768	-1.216
Lysobacter_OAE881	ABIE51_RS16180	ABIE51_RS16180		homoserine dehydrogenase	1.066	1.582	0.843	0.392	0.105	-0.247	-0.503	2.142	1.815	0.366	0.536	0.905	0.733	-0.375	0.390	0.045	0.638	0.523	0.610	2.582	0.037	0.825	0.113	0.599	-0.169
Lysobacter_OAE881	ABIE51_RS16185	ABIE51_RS16185		O-succinylhomoserine (thiol)-lyase	0.360	0.245	0.312	0.642	-4.250	-7.576	-0.391	-5.714	-7.003	-0.459	-2.178	-4.852	-0.979	0.243	-2.486	-0.112	-4.632	-3.470	-5.959	-1.900	0.465	0.279	-2.259	-1.421	-0.807
Lysobacter_OAE881	ABIE51_RS16190	ABIE51_RS16190		homoserine O-succinyltransferase	0.058	-0.893	-0.020	0.708	-7.012	-11.025	-0.037	-11.470	-7.253	-2.120	-1.131	-4.975	-0.509	-0.573	-4.905	-0.760	-5.872	-5.680	-11.716	-4.159	-1.269	-0.559	-2.770	-2.861	0.656
Lysobacter_OAE881	ABIE51_RS16195	ABIE51_RS16195		phytase	0.346	0.849	0.094	0.091	-0.107	0.347	0.555	-1.013	-0.540	0.673	1.420	-0.735	1.058	0.056	1.051	0.679	1.432	-0.141	1.630	1.607	1.430	-0.255	-0.026	2.194	-0.385
Lysobacter_OAE881	ABIE51_RS16200	ABIE51_RS16200		peptidoglycan DD-metalloendopeptidase family protein	-0.600	-0.089	-0.010	-0.191	-1.163	-0.543	-0.040	-1.433	0.061	0.301	4.777	-1.862	-1.024	-3.160	0.222	-1.474	0.200	-1.947	1.911	1.928	1.517	-0.940	-0.053	1.063	-0.073
Lysobacter_OAE881	ABIE51_RS16205	ABIE51_RS16205		HDOD domain-containing protein	0.865	1.530	0.589	-0.562	0.759	0.480	0.324	0.496	0.082	-0.736	-0.015	0.647	0.560	0.471	-0.733	0.480	0.719	0.344	0.531	-0.641	0.276	-0.080	1.104	-0.677	0.792
Lysobacter_OAE881	ABIE51_RS16215	ABIE51_RS16215		DUF1294 domain-containing protein	0.846	1.400	-0.082	-0.119	0.083	1.030	1.506	2.978	-0.111	1.504	0.578	1.071	1.967	2.887	1.360	0.620	0.714	-0.018	0.553	0.704	0.423	0.118	0.262	-0.185	-0.568
Lysobacter_OAE881	ABIE51_RS16220	ABIE51_RS16220		aspartyl/asparaginyl beta-hydroxylase domain-containing protein	-0.569	-0.609	0.751	0.864	0.693	0.137	1.860	1.301	0.076	1.000	-0.285	-0.291	0.955	0.411	1.327	2.292	0.489	1.773	2.251	-0.223	-0.265	0.444	0.588	0.506	0.914
Lysobacter_OAE881	ABIE51_RS16225	ABIE51_RS16225		sulfotransferase family 2 domain-containing protein	0.356	-0.186	0.615	0.259	2.195	-0.691	0.858	1.854	-0.984	-0.497	0.288	0.531	0.030	0.998	1.420	-0.697	-0.112	0.719	0.482	0.662	0.137	0.284	0.362	-0.260	-1.795
Lysobacter_OAE881	ABIE51_RS16230	ABIE51_RS16230		hemolysin III family protein	-0.917	-0.813	-0.400	-0.194	-0.071	0.622	0.385	-0.532	0.044	-1.281	0.351	-2.285	-0.081	-1.602	-0.722	-1.436	1.521	-0.033	0.969	-0.106	-0.583	-2.299	2.074	0.418	0.761
Lysobacter_OAE881	ABIE51_RS16235	ABIE51_RS16235		AsmA family protein	0.083	1.463	0.394	-2.461	0.929	0.008	0.346	0.434	-0.692	0.527	-1.612	0.139	0.904	0.295	1.110	-1.374	-0.230	0.636	-0.213	0.766	1.021	-0.626	0.296	0.240	0.037
Lysobacter_OAE881	ABIE51_RS16240	ABIE51_RS16240		CBS domain-containing protein	0.072	-1.326	-2.351	1.683	0.271	-0.184	-0.728	0.430	-0.395	-1.691	-0.945	1.334	0.395	-0.290	-0.003	-0.823	0.622	0.564	1.397	0.309	-0.236	0.337	-0.876	0.287	-1.737
Lysobacter_OAE881	ABIE51_RS16245	ABIE51_RS16245		glycosyltransferase family 2 protein	-0.055	-0.521	-0.154	-1.099	-2.478	-0.387	0.858	-0.041	-2.057	-0.171	-0.321	-1.074	1.180	-0.691	0.031	0.065	-0.614	-0.266	-0.567	-0.283	0.279	0.020	-0.123	-0.513	-0.543
Lysobacter_OAE881	ABIE51_RS16250	ABIE51_RS16250		monofunctional biosynthetic peptidoglycan transglycosylase	-0.730	-0.366	0.195	0.639	1.772	0.498	-0.901	0.255	0.694	-0.156	0.447	0.269	0.979	-0.167	0.491	-0.161	0.522	0.472	0.576	0.031	0.659	1.254	1.305	-0.564	0.495
Lysobacter_OAE881	ABIE51_RS16255	ABIE51_RS16255		Hsp33 family molecular chaperone HslO	1.015	0.872	-0.109	1.301	1.400	-0.598	-0.335	0.522	-0.082	-0.028	0.066	-0.433	1.181	-0.279	-1.460	0.414	0.404	-0.415	0.486	0.240	-0.120	-1.044	0.852	0.966	0.496
Lysobacter_OAE881	ABIE51_RS16260	ABIE51_RS16260		hypothetical protein	-3.384	-1.498	-2.857	-1.961	-2.435	-3.717	0.053	-2.935	-3.321	-0.220	-1.750	-2.312	-2.004	-2.096	-2.263	-2.819	-2.511	-2.417	-2.838	-3.213	-0.467	-2.709	-3.617	0.281	-2.047
Lysobacter_OAE881	ABIE51_RS16265	ABIE51_RS16265		TonB-dependent receptor	0.545	0.363	-1.096	-0.193	0.440	0.309	0.689	0.533	-0.899	0.078	-2.741	-0.703	0.454	-0.600	-0.984	-1.370	1.145	1.028	0.004	-0.737	0.310	0.078	-0.367	0.507	-0.595
Lysobacter_OAE881	ABIE51_RS16270	ABIE51_RS16270		TonB-dependent receptor	0.162	0.320	-0.162	-0.198	-0.426	-0.429	0.106	0.784	-0.705	0.664	-0.740	-1.042	-0.414	-0.306	0.937	-0.785	0.179	-0.086	-0.042	-0.995	0.333	-0.128	0.134	0.632	0.563
Lysobacter_OAE881	ABIE51_RS16275	ABIE51_RS16275		TonB-dependent receptor	-0.280	-0.328	-0.860	-0.113	0.842	0.329	-0.336	-1.388	0.654	-0.832	-4.828	-4.284	-0.545	-0.993	-0.912	-1.313	2.216	0.936	0.473	0.848	0.141	-0.360	3.549	0.570	0.348
Lysobacter_OAE881	ABIE51_RS16280	ABIE51_RS16280		TIGR02466 family protein	-0.951	-0.677	-0.675	1.098	-1.595	-0.996	-1.295	0.392	-0.018	-1.146	-2.190	-0.191	-0.025	-0.992	-0.287	-0.818	0.330	0.133	-0.624	-1.130	-0.043	-2.345	-0.555	2.166	0.218
Lysobacter_OAE881	ABIE51_RS16295	ABIE51_RS16295		sigma-70 family RNA polymerase sigma factor	0.036	-0.140	-1.771	2.280	-0.043	1.143	0.704	-1.183	0.539	0.102	0.839	-1.853	0.860	-0.171	1.960	-2.269	-0.074	1.152	3.097	1.142	0.083	-2.386	2.506	0.816	-0.300
Lysobacter_OAE881	ABIE51_RS16300	ABIE51_RS16300		tetratricopeptide repeat-containing sulfotransferase family protein	-0.190	-1.212	-0.556	0.857	-0.271	1.264	-1.807	0.661	-0.163	0.315	0.243	-0.649	0.438	1.068	0.169	-0.475	0.631	0.206	0.051	0.025	0.901	0.352	0.797	0.640	-0.463
Lysobacter_OAE881	ABIE51_RS16305	ABIE51_RS16305		hypothetical protein	0.213	0.353	0.175	0.208	1.057	0.378	-0.508	0.725	0.116	-0.861	0.554	1.101	0.399	0.376	-1.675	-0.705	1.635	1.290	-0.143	0.295	0.532	1.613	-0.863	-0.564	0.631
Lysobacter_OAE881	ABIE51_RS16310	ABIE51_RS16310		2OG-Fe(II) oxygenase	-0.280	-1.094	0.930	-1.118	0.513	-0.195	1.591	0.195	0.848	-1.314	-0.301	-0.850	0.248	0.744	0.471	-0.359	0.312	0.749	0.961	-0.043	-0.836	-0.209	1.218	-0.477	0.868
Lysobacter_OAE881	ABIE51_RS16315	ABIE51_RS16315		phosphoenolpyruvate carboxykinase (GTP)	-1.250	0.258	3.235	-1.272	2.106	2.063	0.147	0.604	2.205	-0.241	0.511	2.134	0.156	-0.190	-0.331	3.035	2.536	1.939	2.733	1.301	-0.880	-0.964	2.430	-0.308	0.903
Lysobacter_OAE881	ABIE51_RS16320	ABIE51_RS16320		TetR/AcrR family transcriptional regulator	-0.500	-0.975	-4.891	0.568	-1.922	-3.504	1.745	-2.335	-1.026	0.999	-2.625	0.564	-0.550	0.225	1.486	-4.150	-0.459	-2.720	-2.078	-0.746	-0.124	-1.265	0.518	0.722	0.759
Lysobacter_OAE881	ABIE51_RS16325	ABIE51_RS16325		acyl-CoA dehydrogenase	2.379	1.735	0.287	0.576	0.426	0.780	1.052	-0.369	0.017	-0.285	-0.609	-0.170	-4.959	-1.384	-0.571	-0.448	0.224	0.308	1.076	-0.319	-0.993	0.736	-0.372	0.540	3.390
Lysobacter_OAE881	ABIE51_RS16330	ABIE51_RS16330		hotdog fold domain-containing protein	-0.365	-0.125	-0.699	-0.844	-0.985	-2.353	0.163	-1.654	-1.001	-1.780	0.272	-0.448	0.603	0.024	-1.671	-0.933	-0.912	-1.059	-0.426	-0.133	0.962	0.529	-0.144	-0.866	-0.260
Lysobacter_OAE881	ABIE51_RS16335	ABIE51_RS16335		DUF1304 domain-containing protein	0.649	0.502	0.753	0.715	0.872	0.514	0.665	2.246	0.355	-0.417	0.717	0.814	-0.827	0.696	0.609	-1.677	0.858	-0.300	0.133	1.126	-0.102	0.869	0.672	0.206	-0.915
Lysobacter_OAE881	ABIE51_RS16340	ABIE51_RS16340		MFS transporter	-1.082	-0.216	-1.220	0.054	0.323	0.095	2.078	-0.312	-0.389	-1.485	0.917	-0.520	1.537	1.376	-0.427	-1.291	0.375	0.515	-0.351	-1.015	0.101	-0.511	-0.635	-0.610	1.606
Lysobacter_OAE881	ABIE51_RS16345	ABIE51_RS16345		choline dehydrogenase	0.460	1.311	0.598	0.187	1.531	1.337	0.476	0.902	0.433	0.099	-0.853	0.303	-0.581	1.766	1.227	0.930	1.630	0.900	1.579	1.529	1.243	0.570	0.682	0.767	0.444
Lysobacter_OAE881	ABIE51_RS16350	ABIE51_RS16350		serine hydrolase domain-containing protein	-0.421	-0.473	-1.250	0.859	-0.472	-0.891	-1.428	-2.696	-1.241	-0.391	0.954	-2.350	-2.016	-1.608	0.002	-1.068	-1.045	-2.433	-1.220	-1.021	-0.443	-0.476	-0.223	-0.161	0.056
Lysobacter_OAE881	ABIE51_RS16360	ABIE51_RS16360		glycine cleavage system protein GcvH	0.401	-1.168	-2.703	-1.096	-2.523	-2.601	-0.814	-2.237	-2.824	-0.397	-0.023	-1.546	-0.435	-0.061	-0.540	-2.998	-3.390	-2.947	-3.077	-2.695	-1.032	-0.836	-2.223	-2.339	2.037
Lysobacter_OAE881	ABIE51_RS16365	ABIE51_RS16365		glycine cleavage system aminomethyltransferase GcvT	0.584	-0.095	-4.773	1.396	-1.372	-4.050	-2.743	-2.339	-5.606	-1.905	-2.443	-3.298	-2.825	3.802	0.678	-5.424	-2.059	-4.027	-1.575	-4.250	-2.319	-1.926	-2.615	-1.366	-0.619
Lysobacter_OAE881	ABIE51_RS16370	ABIE51_RS16370		hypothetical protein	0.719	1.704	0.477	0.832	0.223	1.979	1.714	0.289	0.497	-0.062	-0.820	-0.632	0.870	-0.067	0.181	0.277	0.350	1.129	1.243	0.247	0.633	1.311	0.279	0.067	0.319
Lysobacter_OAE881	ABIE51_RS16375	ABIE51_RS16375		NfeD family protein	-0.053	-1.065	-0.880	0.524	-0.311	0.002	-0.134	-0.859	-1.155	-1.270	-0.308	-0.365	-1.401	-0.071	-1.536	-0.697	-0.491	-0.646	-1.312	-0.864	-0.838	-0.673	-0.743	0.316	-0.459
Lysobacter_OAE881	ABIE51_RS16380	ABIE51_RS16380		SPFH domain-containing protein	-0.855	0.366	-1.583	-0.320	-1.631	-0.090	-0.504	0.190	-0.709	1.072	-0.616	-0.760	0.140	-1.437	0.667	-2.131	-0.391	-2.337	-0.101	-1.650	-0.331	-0.288	-0.367	-0.912	-0.122
Lysobacter_OAE881	ABIE51_RS16385	ABIE51_RS16385		RNA polymerase sigma factor	1.538	0.180	-1.673	1.022	-0.396	-1.446	0.711	-0.799	0.270	-0.660	0.711	0.500	-0.972	-0.545	-0.568	-1.882	-0.562	-0.248	-0.701	-0.131	2.060	-0.532	-0.166	-0.277	0.438
Lysobacter_OAE881	ABIE51_RS16395	ABIE51_RS16395		PDZ domain-containing protein	-0.382	-0.869	-1.725	-0.741	-1.427	-1.798	-0.005	-1.446	0.913	0.827	1.202	-1.777	-1.192	0.084	-0.793	-1.100	-2.282	-0.559	0.207	1.951	2.011	-1.810	0.036	0.748	-0.334
Lysobacter_OAE881	ABIE51_RS16400	ABIE51_RS16400		DUF6607 family protein	-1.140	0.627	-1.411	0.681	0.434	0.668	0.024	0.492	0.013	-0.062	0.232	0.466	-0.663	-0.322	-0.885	-1.293	-0.072	0.039	-0.845	-1.021	-1.043	0.218	0.229	0.248	0.238
Lysobacter_OAE881	ABIE51_RS16405	ABIE51_RS16405		TonB-dependent hemoglobin/transferrin/lactoferrin family receptor	0.048	-0.563	-1.825	-0.086	-0.848	0.086	-0.286	-1.545	0.071	-0.092	0.522	0.485	0.275	0.142	-1.712	-1.471	-0.116	0.040	-0.032	0.363	1.135	0.847	0.053	-0.391	1.289
Lysobacter_OAE881	ABIE51_RS16410	ABIE51_RS16410		hemin uptake protein HemP	1.146	0.075	0.626	0.877	0.252	1.205	-0.584	0.124	0.473	0.889	0.502	1.792	-0.669	-0.110	1.162	0.479	-0.231	-0.277	-0.034	-0.085	-1.204	0.423	-0.009	0.726	-0.333
Lysobacter_OAE881	ABIE51_RS16415	ABIE51_RS16415		aldo/keto reductase	-0.439	-0.253	-4.015	1.628	-1.746	-1.720	0.021	-0.360	-0.730	0.339	0.380	-1.795	-1.828	0.896	-1.766	-4.086	-2.130	-0.779	-1.219	-1.122	-0.376	1.161	-4.030	-0.131	2.457
Lysobacter_OAE881	ABIE51_RS16420	ABIE51_RS16420		TMEM165/GDT1 family protein	2.188	0.033	-9.714	-1.382	-4.190	-5.579	0.267	-4.317	-3.738	-0.098	3.037	-0.427	-2.046	-0.019	-0.914	-6.806	-1.478	-3.124	-3.037	-2.094	-2.649	-1.048	-2.073	0.718	-1.707
Lysobacter_OAE881	ABIE51_RS16425	ABIE51_RS16425		GGDEF domain-containing protein	-1.255	-1.167	-0.903	1.333	-0.817	0.266	-0.368	-0.224	0.003	0.494	-0.325	-0.067	0.474	-0.084	0.017	-0.573	-0.597	-0.566	0.021	-1.222	0.667	-0.980	-0.359	-2.890	1.400
Lysobacter_OAE881	ABIE51_RS16430	ABIE51_RS16430		nucleoside transporter C-terminal domain-containing protein	0.858	1.058	-1.422	0.860	-0.194	1.132	1.345	-2.092	-1.792	-0.640	-0.894	-0.911	1.208	-1.425	-0.606	-1.704	-1.818	1.130	-1.741	-0.801	1.018	0.962	-0.956	1.416	0.591
Lysobacter_OAE881	ABIE51_RS16435	ABIE51_RS16435		ribokinase	-1.293	0.003	-0.013	0.426	-0.524	1.073	-1.518	-0.118	-0.493	1.026	-1.019	0.074	0.209	-1.691	-0.756	0.548	1.067	-0.466	1.415	-0.127	0.563	-2.306	0.785	0.030	0.111
Lysobacter_OAE881	ABIE51_RS16440	ABIE51_RS16440		TonB-dependent receptor	0.538	0.482	-0.411	0.209	-0.228	0.077	1.452	0.702	-0.018	-0.079	-0.166	-0.344	0.494	0.412	1.229	-0.768	-0.330	1.074	0.976	-0.035	-0.077	-0.604	0.371	-0.059	-0.058
Lysobacter_OAE881	ABIE51_RS16445	ABIE51_RS16445		PepSY-associated TM helix domain-containing protein	0.275	0.567	-0.423	-2.443	-0.832	2.009	-1.518	1.919	0.706	2.111	-0.685	-0.180	1.168	0.928	0.849	-1.248	2.394	-1.661	-0.273	-1.721	0.154	-1.699	0.761	-0.157	2.332
Lysobacter_OAE881	ABIE51_RS16450	ABIE51_RS16450		tRNA dihydrouridine synthase DusB	-0.448	0.892	0.601	0.637	1.180	1.690	0.912	0.798	-0.213	1.627	1.856	-0.173	0.258	2.546	1.375	0.449	0.176	0.113	2.167	1.134	0.546	-1.053	1.486	0.719	1.530
Lysobacter_OAE881	ABIE51_RS16455	ABIE51_RS16455		class I SAM-dependent methyltransferase	-0.652	-0.085	-1.987	-0.165	0.834	-0.589	1.545	0.600	0.390	-1.296	-1.087	2.437	0.050	0.378	-1.100	-0.950	1.140	0.392	2.011	-0.654	-0.185	0.184	1.849	-0.430	0.744
Lysobacter_OAE881	ABIE51_RS16460	ABIE51_RS16460		hypothetical protein	0.155	1.511	0.389	0.697	2.288	-0.503	0.406	0.540	-0.607	-0.817	-0.891	-0.705	-0.143	1.215	-0.549	1.085	-0.163	0.796	-0.598	0.048	0.346	-0.902	-0.811	-0.284	0.012
Lysobacter_OAE881	ABIE51_RS16465	ABIE51_RS16465		metal-dependent hydrolase	-0.764	-0.595	-0.605	-1.012	1.820	-0.202	-0.263	-0.911	0.664	-0.276	0.856	-1.182	-0.002	1.301	-1.463	-0.176	0.593	0.510	1.279	-0.098	0.900	0.916	-1.418	-0.823	-1.518
Lysobacter_OAE881	ABIE51_RS16470	ABIE51_RS16470		UDP-2,3-diacylglucosamine diphosphatase	-0.151	-0.148	-0.079	2.215	-0.103	1.658	-0.254	0.124	0.380	-0.491	0.787	0.247	-0.591	1.503	1.049	0.044	2.008	1.765	0.838	0.868	0.468	-0.754	0.430	0.255	1.399
Lysobacter_OAE881	ABIE51_RS16475	ABIE51_RS16475		lysophospholipid acyltransferase family protein	-0.932	-1.422	-1.397	1.473	0.034	0.334	-0.511	-0.821	0.174	-0.317	-0.564	0.297	-1.232	1.144	0.342	-0.982	0.308	1.139	-0.125	-0.480	0.461	0.598	-2.860	0.761	1.917
Lysobacter_OAE881	ABIE51_RS16485	ABIE51_RS16485		adenosylhomocysteinase	-1.052	0.806	-1.196	-0.607	-1.822	-2.582	2.923	-2.637	-1.978	-1.512	-1.141	-0.041	-1.437	-1.463	1.061	-1.497	-1.398	-1.780	-1.527	-2.093	0.133	0.332	-0.005	-1.380	-1.275
Lysobacter_OAE881	ABIE51_RS16490	ABIE51_RS16490		methylenetetrahydrofolate reductase [NAD(P)H]	0.581	-1.096	-0.191	-1.222	-11.015	-13.945	0.978	-15.126	-10.919	-3.598	-4.818	-11.578	-3.328	-3.626	-5.403	-1.591	-11.729	-10.637	-15.400	-8.147	-3.523	-1.823	-8.783	-2.793	-0.272
Lysobacter_OAE881	ABIE51_RS16495	ABIE51_RS16495		hypothetical protein	-0.685	-0.443	0.793	-0.086	-0.358	1.164	-0.586	1.226	-0.195	0.082	-0.611	-0.319	0.884	0.964	1.680	1.689	1.407	0.064	0.700	2.004	0.871	0.076	0.075	0.836	-0.205
Lysobacter_OAE881	ABIE51_RS16500	ABIE51_RS16500		hypothetical protein	-1.137	-0.459	-0.512	-0.048	-0.185	0.271	-0.494	-0.627	1.141	-0.675	0.303	-0.754	1.287	0.403	0.456	-0.324	1.072	0.739	0.744	-0.319	1.218	-1.474	-0.327	-0.527	0.881
Lysobacter_OAE881	ABIE51_RS16505	ABIE51_RS16505		branched-chain amino acid transaminase	-0.919	0.165	-4.593	-0.185	-0.510	-0.929	-1.404	-1.132	-0.288	1.210	0.561	-0.224	-0.375	0.334	0.325	-5.651	-0.761	0.309	-0.442	-1.435	0.490	-0.030	0.064	0.636	0.288
Lysobacter_OAE881	ABIE51_RS16510	ABIE51_RS16510		HAMP domain-containing sensor histidine kinase	-3.683	-0.135	-3.328	-3.223	-3.248	-2.068	-0.703	-4.739	-3.486	-2.208	0.208	-3.565	-1.939	-1.643	-0.731	-3.811	-0.924	-2.711	-2.161	-1.658	-2.715	0.467	-2.606	-0.737	-1.615
Lysobacter_OAE881	ABIE51_RS16520	ABIE51_RS16520		30S ribosomal protein S6--L-glutamate ligase	-0.765	0.403	-0.170	-1.216	0.126	0.813	-0.126	-2.683	1.319	-1.243	-5.120	1.489	0.216	-0.422	-0.782	-0.667	-0.447	-0.591	-2.015	0.438	-1.725	-0.344	0.023	1.545	-0.178
Lysobacter_OAE881	ABIE51_RS16525	ABIE51_RS16525		RimK/LysX family protein	-2.287	-1.551	-1.723	-1.092	-1.257	-1.223	-0.105	-2.971	-1.170	-0.557	-3.371	-1.906	-2.100	-0.803	-1.555	-0.972	1.060	-0.767	-2.162	-0.815	-0.965	0.268	-2.229	-0.676	-0.554
Lysobacter_OAE881	ABIE51_RS16530	ABIE51_RS16530		tRNA-Gly	0.480	1.255	0.171	1.876	0.115	1.246	0.373	0.987	1.229	0.297	1.330	0.989	1.537	1.643	-0.720	-0.102	-0.280	-0.004	2.054	-0.630	-0.052	0.620	-1.016	-1.560	-0.301
Lysobacter_OAE881	ABIE51_RS16535	ABIE51_RS16535		autotransporter domain-containing protein	0.210	0.601	-0.183	1.426	0.389	1.135	-0.115	-0.283	-0.070	0.399	-0.341	-0.390	-0.062	-0.278	0.663	-0.370	-0.116	0.200	-0.382	-1.056	-0.457	-0.307	-0.421	0.712	0.258
Lysobacter_OAE881	ABIE51_RS16550	ABIE51_RS16550		tRNA (guanosine(46)-N7)-methyltransferase TrmB	-2.259	-0.231	0.616	0.906	0.563	0.743	0.020	-0.299	-0.599	-0.485	-0.182	1.252	-0.247	0.560	0.152	1.544	0.095	0.970	0.753	0.477	-0.365	0.832	-0.445	0.049	0.895
Lysobacter_OAE881	ABIE51_RS16555	ABIE51_RS16555		SLC13 family permease	-1.132	-2.019	-7.845	-0.435	-0.889	-3.207	-2.464	-3.200	-1.061	-1.517	-0.215	-0.832	-0.087	4.636	-1.090	-8.469	-2.292	-2.683	-5.548	-0.425	-0.909	-1.247	6.191	1.543	-0.588
Lysobacter_OAE881	ABIE51_RS16565	ABIE51_RS16565		hypothetical protein	0.427	0.972	-0.001	-0.366	0.652	0.234	2.111	-0.262	-0.666	-0.246	-1.409	0.125	-0.228	-0.097	0.032	-0.494	1.015	-1.481	0.050	0.163	0.677	-0.412	-0.831	-0.656	0.270
Lysobacter_OAE881	ABIE51_RS16570	ABIE51_RS16570		Rieske (2Fe-2S) protein	-0.873	0.420	0.612	-1.136	-1.097	-0.586	0.709	0.435	-0.674	-0.090	-2.510	-0.331	0.159	0.112	-0.127	0.613	-0.551	-0.317	-1.177	-0.176	-0.531	0.204	1.178	1.448	-1.598
Lysobacter_OAE881	ABIE51_RS16575	ABIE51_RS16575		hypothetical protein	-0.768	-1.478	-0.657	0.858	1.078	-0.058	-0.342	-0.400	-0.293	0.239	-0.016	0.203	2.137	-0.378	-2.107	-0.088	0.089	-0.610	0.721	-1.566	1.567	0.921	0.067	0.701	-1.344
Lysobacter_OAE881	ABIE51_RS16580	ABIE51_RS16580		fumarylacetoacetate hydrolase family protein	-1.534	0.482	-0.713	-2.028	-1.425	0.943	-1.208	-0.128	-0.384	0.055	0.060	-0.250	-0.115	-0.957	-1.183	0.683	-0.187	-0.007	0.101	-0.570	-1.092	-1.594	-0.011	0.197	-0.144
Lysobacter_OAE881	ABIE51_RS16585	ABIE51_RS16585		large-conductance mechanosensitive channel protein MscL	0.362	0.309	-0.154	0.231	0.008	1.227	0.024	1.029	0.501	0.857	1.049	0.954	0.478	2.247	0.206	-0.727	-0.157	0.559	1.174	0.232	-0.258	0.361	-1.148	0.495	0.411
Lysobacter_OAE881	ABIE51_RS16590	ABIE51_RS16590		M28 family peptidase	0.060	-0.494	0.425	-1.353	-0.185	1.462	-1.087	0.284	0.201	1.141	0.373	0.427	0.322	-0.780	-0.664	-0.631	0.442	-0.781	0.718	-0.083	-0.867	0.502	0.702	0.341	1.024
Lysobacter_OAE881	ABIE51_RS16595	ABIE51_RS16595		EAL domain-containing protein	-0.560	1.903	5.061	0.559	2.110	-0.262	1.160	0.877	2.294	1.989	3.998	2.563	2.155	1.484	0.911	6.742	1.526	0.504	2.816	0.886	0.308	0.664	1.902	0.445	-0.533
Lysobacter_OAE881	ABIE51_RS16600	ABIE51_RS16600		prolyl oligopeptidase family serine peptidase	-0.162	0.031	0.690	0.506	1.401	1.617	1.359	0.514	0.666	0.629	0.753	-0.631	1.807	1.187	0.343	0.300	0.643	1.659	0.492	0.826	-0.445	0.404	0.671	0.368	0.974
Lysobacter_OAE881	ABIE51_RS16605	ABIE51_RS16605		hypothetical protein	-0.138	-0.819	-1.342	-0.257	-1.467	0.473	0.197	0.332	-0.740	1.363	0.335	-0.430	-0.699	-0.540	-1.059	0.230	-0.002	-1.082	-0.280	0.026	-2.047	0.691	-0.068	-1.241	-0.666
Lysobacter_OAE881	ABIE51_RS16610	ABIE51_RS16610		exo 1,3/1,4-beta-D-glucan glucohydrolase	0.498	1.159	-0.526	0.010	0.456	0.832	0.375	-2.417	0.009	-0.310	-4.689	-0.933	0.280	0.526	-0.760	-0.734	-0.094	0.198	0.816	-0.620	-0.028	0.208	-0.179	0.829	-0.502
Lysobacter_OAE881	ABIE51_RS16615	ABIE51_RS16615		tryptophan halogenase family protein	-0.962	-0.531	-0.845	-1.224	-1.130	0.269	-0.638	0.045	0.270	0.397	-0.935	0.959	-0.490	0.176	-0.254	0.091	1.137	1.452	-1.025	0.710	-1.317	-1.208	-1.038	0.421	0.355
Lysobacter_OAE881	ABIE51_RS16620	ABIE51_RS16620		cupin-like domain-containing protein	-0.533	0.006	-0.116	-0.090	-0.833	1.553	0.233	1.080	-0.114	0.328	-0.573	0.801	-0.402	0.323	-1.283	0.161	0.997	2.193	0.396	0.050	1.720	0.166	0.489	2.091	1.239
Lysobacter_OAE881	ABIE51_RS16625	ABIE51_RS16625		SapC family protein	1.414	0.412	1.143	-0.851	0.719	0.368	0.520	0.823	1.031	0.588	0.335	1.788	1.496	-0.676	1.287	0.551	-0.108	-0.423	0.437	1.354	1.571	0.795	1.000	-1.590	0.005
Lysobacter_OAE881	ABIE51_RS16630	ABIE51_RS16630		TonB-dependent receptor	-0.169	0.544	0.459	0.383	1.234	1.369	1.968	0.276	0.324	0.052	1.301	0.102	0.884	1.003	0.321	-0.012	-0.134	2.033	0.029	1.041	0.885	-0.060	0.767	0.100	-0.995
Lysobacter_OAE881	ABIE51_RS16640	ABIE51_RS16640		hypothetical protein	-1.249	0.919	0.272	-0.077	1.412	1.335	-0.581	0.418	1.379	-0.548	-2.041	0.023	0.906	0.103	0.514	-0.784	0.633	0.601	-0.035	3.066	-0.212	0.608	1.859	-0.048	-0.094
Lysobacter_OAE881	ABIE51_RS16645	ABIE51_RS16645		ATP-binding protein	0.084	-1.466	4.263	-1.112	0.939	1.188	-0.232	0.431	1.341	0.480	1.062	1.502	-0.661	-1.771	0.030	5.636	0.320	0.099	0.121	1.726	0.323	0.024	1.035	-0.619	-1.625
Lysobacter_OAE881	ABIE51_RS16650	ABIE51_RS16650		flagellar protein FlgN	-1.663	1.002	1.025	-0.794	-0.213	-0.963	0.944	0.291	-1.251	-0.204	0.181	-0.565	-0.869	-1.099	0.392	0.613	-1.221	-0.479	-0.603	0.192	-1.057	-0.791	1.564	-1.687	0.335
Lysobacter_OAE881	ABIE51_RS16660	ABIE51_RS16660		flagellar basal body P-ring formation chaperone FlgA	-0.774	-0.685	3.694	0.143	-0.733	0.301	-0.127	-0.179	1.460	0.070	0.168	0.340	-1.184	1.274	-0.368	5.061	-1.664	0.768	1.737	0.674	0.786	0.003	0.147	-1.210	-1.814
Lysobacter_OAE881	ABIE51_RS16665	ABIE51_RS16665		chemotaxis protein	0.244	0.153	1.693	1.836	-0.584	0.709	-1.417	0.513	0.593	-0.736	-0.330	0.827	-0.152	0.996	0.845	0.981	-2.275	-0.255	0.773	-0.428	0.757	-0.303	0.431	-0.173	-0.735
Lysobacter_OAE881	ABIE51_RS16675	ABIE51_RS16675		flagellar basal body rod protein FlgC	-1.562	-1.354	4.885	0.414	0.045	-0.287	-0.970	-0.399	1.232	0.030	2.682	0.591	-0.945	0.707	-0.002	4.566	-0.250	-1.133	-1.401	0.166	0.689	0.280	-0.268	-1.470	-0.787
Lysobacter_OAE881	ABIE51_RS16680	ABIE51_RS16680		flagellar hook capping FlgD N-terminal domain-containing protein	0.402	-0.846	5.799	-0.121	0.580	0.527	3.489	0.361	2.518	1.886	3.942	2.436	-0.269	1.308	-1.468	5.052	0.962	0.151	0.784	1.443	-0.876	1.467	0.884	-1.949	-0.027
Lysobacter_OAE881	ABIE51_RS16685	ABIE51_RS16685		flagellar hook protein FlgE	-0.243	-0.188	5.877	-1.544	1.614	-1.138	-0.258	-0.240	0.929	3.456	2.153	0.009	0.085	0.630	-0.346	7.314	-0.769	0.132	-0.510	1.600	-0.820	-0.430	1.061	0.114	0.403
Lysobacter_OAE881	ABIE51_RS16690	ABIE51_RS16690		flagellar basal body rod protein FlgF	-0.448	0.728	5.315	1.188	0.385	-0.204	0.860	-1.431	1.122	1.149	1.482	1.864	0.869	-0.160	-0.025	5.692	0.048	1.187	0.355	1.443	-0.323	0.753	-0.066	-0.111	-1.016
Lysobacter_OAE881	ABIE51_RS16695	ABIE51_RS16695		flagellar basal-body rod protein FlgG	0.455	1.515	6.116	-1.656	1.968	1.092	0.252	0.676	0.895	0.464	-0.023	0.427	0.079	-0.033	0.442	5.959	0.498	-0.099	1.507	3.323	0.954	-0.544	0.766	1.021	0.477
Lysobacter_OAE881	ABIE51_RS16700	ABIE51_RS16700		flagellar basal body L-ring protein FlgH	-0.068	0.003	3.600	-0.558	-1.063	-0.455	0.151	0.820	-0.005	0.234	0.702	0.801	-0.242	1.390	-0.369	4.940	-0.942	-1.198	-0.132	0.098	0.283	-1.029	1.469	0.057	-0.840
Lysobacter_OAE881	ABIE51_RS16705	ABIE51_RS16705		flagellar basal body P-ring protein FlgI	1.479	0.880	4.670	-0.399	0.888	-1.685	-0.046	-0.069	-1.005	-1.374	0.064	1.183	-0.111	1.144	2.505	3.000	0.801	-1.310	-0.786	0.038	0.511	0.178	-0.320	0.230	0.109
Lysobacter_OAE881	ABIE51_RS16710	ABIE51_RS16710		flagellar assembly peptidoglycan hydrolase FlgJ	0.091	0.241	4.404	-0.406	1.925	-0.525	0.275	-1.106	1.153	0.138	1.404	1.171	0.097	-0.372	0.092	6.769	0.239	-0.676	-0.727	2.564	0.778	-0.354	0.493	0.201	-1.235
Lysobacter_OAE881	ABIE51_RS16715	ABIE51_RS16715		flagellar hook-associated protein FlgK	0.589	1.184	2.429	1.472	-0.508	0.995	0.079	-0.390	-0.137	-0.014	2.623	0.619	-0.519	0.279	0.044	3.450	1.723	0.558	0.254	1.189	-1.318	-0.675	2.220	1.465	-0.071
Lysobacter_OAE881	ABIE51_RS16720	ABIE51_RS16720		flagellar hook-associated protein FlgL	0.067	0.376	1.810	1.093	-0.373	-0.095	0.593	-0.623	0.244	-2.971	0.179	-1.298	-0.233	0.203	1.805	2.556	0.794	-1.053	0.168	1.158	-0.087	0.170	0.701	-0.596	-0.462
Lysobacter_OAE881	ABIE51_RS16725	ABIE51_RS16725		flagellin	1.093	0.933	0.789	-0.574	-0.004	0.047	1.148	1.848	-0.884	-0.443	-1.551	-0.241	-0.328	0.569	-0.217	1.365	-0.188	0.250	0.123	-1.252	-0.547	-0.925	-1.666	-1.543	1.415
Lysobacter_OAE881	ABIE51_RS16730	ABIE51_RS16730		flagellar filament capping protein FliD	-0.755	0.864	1.666	-0.138	-0.174	0.835	-1.503	1.154	-0.047	2.441	2.607	-0.066	0.986	0.698	0.920	2.861	1.061	-1.472	1.375	1.300	-0.071	1.424	1.052	0.707	0.209
Lysobacter_OAE881	ABIE51_RS16735	ABIE51_RS16735		flagellar export chaperone FliS	-0.529	1.068	-2.103	-0.251	-0.028	-1.500	-1.174	2.061	-0.564	0.448	1.014	0.536	-3.145	0.977	1.036	0.431	0.643	-0.974	0.826	1.688	-2.451	2.120	0.823	0.827	-0.665
Lysobacter_OAE881	ABIE51_RS16750	ABIE51_RS16750		response regulator transcription factor	-0.893	0.403	2.619	0.194	-0.668	1.214	-1.110	1.134	0.636	0.441	0.561	0.898	-1.229	0.861	-0.617	1.537	2.762	0.657	1.241	0.446	0.995	1.519	1.120	-0.213	-0.116
Lysobacter_OAE881	ABIE51_RS16755	ABIE51_RS16755		hypothetical protein	-1.772	-0.227	-1.535	-1.105	0.093	-1.345	-1.219	-0.426	-1.421	-1.238	-2.268	0.127	1.900	-0.556	0.851	-0.099	-0.318	0.445	0.733	0.789	1.450	1.356	-1.329	-0.560	-0.298
Lysobacter_OAE881	ABIE51_RS16760	ABIE51_RS16760		RNA polymerase factor sigma-54	-0.541	-0.612	2.712	-2.536	-0.114	0.270	-0.067	0.027	1.998	0.772	0.796	1.245	-0.284	-0.214	-1.268	4.274	-0.882	-2.370	1.028	-0.107	-1.065	0.429	1.773	1.041	-3.517
Lysobacter_OAE881	ABIE51_RS16765	ABIE51_RS16765		response regulator transcription factor	-2.242	-1.019	1.964	0.356	0.525	-1.089	-1.001	-2.929	-0.711	-0.098	2.997	0.651	1.354	-1.852	-0.486	4.853	-1.738	-0.709	-1.120	1.894	2.215	-1.929	0.297	-2.074	-0.771
Lysobacter_OAE881	ABIE51_RS16770	ABIE51_RS16770		sigma-54 dependent transcriptional regulator	-0.784	0.707	4.889	0.103	1.257	0.337	-0.362	0.698	2.878	1.852	1.572	0.815	1.146	0.377	1.204	4.471	1.505	0.577	1.081	3.004	1.662	0.233	1.982	0.387	0.754
Lysobacter_OAE881	ABIE51_RS16780	ABIE51_RS16780		flagellar basal-body MS-ring/collar protein FliF	-0.061	-1.218	4.881	0.150	0.125	-0.364	-0.865	-1.761	2.472	0.247	0.265	0.725	0.467	0.914	0.284	6.292	2.083	0.027	-0.392	1.964	0.040	-0.454	0.792	-0.317	0.035
Lysobacter_OAE881	ABIE51_RS16785	ABIE51_RS16785		flagellar motor switch protein FliG	-1.938	-0.051	1.409	1.159	-1.351	-1.088	-0.538	-1.610	0.147	-2.731	0.536	-0.768	-0.036	-1.538	-1.477	3.055	-1.887	-1.998	-2.676	-0.553	-0.954	-0.448	-1.174	-2.235	-0.324
Lysobacter_OAE881	ABIE51_RS16790	ABIE51_RS16790		FliH/SctL family protein	0.750	-1.565	3.763	-0.402	0.625	-0.339	0.213	-0.925	1.678	1.102	-0.510	1.924	-0.461	1.424	0.748	3.396	1.411	0.480	0.357	1.357	0.299	-0.851	0.855	1.757	-1.232
Lysobacter_OAE881	ABIE51_RS16795	ABIE51_RS16795		flagellar protein export ATPase FliI	0.816	-1.763	3.016	0.043	-0.863	-0.378	-1.097	0.785	0.336	-0.631	0.071	0.509	-0.577	0.308	0.831	5.570	1.790	0.308	0.649	1.381	-0.075	0.111	-1.314	-0.652	-1.366
Lysobacter_OAE881	ABIE51_RS16800	ABIE51_RS16800		flagellar export protein FliJ	1.575	0.353	3.621	2.274	1.153	2.336	0.638	2.707	1.082	0.606	1.135	1.131	1.241	-0.115	3.932	6.823	2.012	2.598	2.039	2.070	1.462	0.953	1.919	1.608	1.217
Lysobacter_OAE881	ABIE51_RS16810	ABIE51_RS16810		flagellar basal body-associated FliL family protein	0.546	-0.571	1.742	0.387	0.434	0.143	-0.033	-0.128	-0.414	0.992	-0.791	-0.392	0.047	-1.716	1.054	1.932	0.001	-1.769	0.328	2.920	0.444	-1.460	-0.695	-0.907	-0.210
Lysobacter_OAE881	ABIE51_RS16815	ABIE51_RS16815		flagellar motor switch protein FliM	0.295	-1.212	2.358	-0.343	-1.002	-2.324	-0.473	-2.507	0.186	-0.141	-2.228	-0.840	-1.109	0.679	0.283	2.863	1.515	0.567	-0.206	-0.644	-1.703	0.672	-0.819	-0.151	-0.019
Lysobacter_OAE881	ABIE51_RS16820	ABIE51_RS16820		flagellar motor switch protein FliN	-0.869	-1.303	3.012	-1.530	-0.160	-0.887	-0.788	-0.101	1.877	0.304	0.413	-0.468	0.887	-0.313	0.614	3.560	0.119	-0.655	0.841	0.287	0.088	1.163	0.739	0.048	-0.258
Lysobacter_OAE881	ABIE51_RS16830	ABIE51_RS16830		flagellar type III secretion system pore protein FliP	0.431	0.198	5.535	-0.225	0.039	-1.226	0.165	-0.515	1.556	-0.020	2.130	1.482	-0.816	0.365	0.092	6.712	0.711	0.138	-0.155	1.392	1.120	0.414	1.480	0.895	-0.298
Lysobacter_OAE881	ABIE51_RS16840	ABIE51_RS16840		flagellar biosynthetic protein FliR	-0.677	-1.064	2.679	-0.488	-0.850	-1.754	-0.936	-1.652	-2.476	0.378	0.739	-0.046	-1.136	-1.106	-0.838	4.863	-1.138	-1.550	-0.996	0.019	-0.627	0.913	0.355	-0.718	-0.546
Lysobacter_OAE881	ABIE51_RS16845	ABIE51_RS16845		flagellar biosynthesis protein FlhB	0.765	0.943	6.554	-0.126	0.368	-0.434	0.426	0.601	1.964	-0.078	3.139	2.240	0.122	0.649	1.373	7.736	0.380	0.049	0.464	2.074	0.563	0.977	1.129	0.500	-1.563
Lysobacter_OAE881	ABIE51_RS16850	ABIE51_RS16850		flagellar biosynthesis protein FlhA	0.990	0.543	5.909	0.165	1.427	0.194	-0.309	-0.862	2.548	0.415	3.353	2.223	-0.089	1.273	0.078	8.040	1.542	0.418	-0.316	2.648	0.030	1.487	0.931	0.463	-0.767
Lysobacter_OAE881	ABIE51_RS16855	ABIE51_RS16855		AAA family ATPase	0.731	1.958	0.415	1.282	0.414	1.524	1.643	-0.066	1.713	0.740	0.280	3.600	0.772	1.830	3.487	2.618	-1.042	1.145	3.248	1.151	1.840	1.030	1.061	0.823	2.671
Lysobacter_OAE881	ABIE51_RS16860	ABIE51_RS16860		MinD/ParA family protein	-0.604	-0.377	0.980	-0.657	-1.387	1.855	-0.335	-0.994	-1.391	1.062	-1.553	-1.776	1.237	0.018	-1.016	-1.143	-1.297	-1.316	-1.736	-0.270	-1.494	-1.368	-0.098	-2.101	0.172
Lysobacter_OAE881	ABIE51_RS16865	ABIE51_RS16865		RNA polymerase sigma factor FliA	2.280	0.660	6.039	1.990	0.855	0.806	-0.569	0.439	1.364	0.514	0.570	0.971	-0.596	-0.746	1.452	7.499	2.036	-0.491	0.889	1.551	-0.371	0.531	0.964	0.623	0.134
Lysobacter_OAE881	ABIE51_RS16870	ABIE51_RS16870		chemotaxis response regulator CheY	-0.452	-0.887	-2.059	0.347	0.222	-0.460	-1.376	0.053	-1.978	-0.604	-1.862	0.491	0.206	-0.134	-1.078	0.897	-0.735	-0.954	-1.015	-0.492	-0.376	-0.850	-0.430	0.200	0.193
Lysobacter_OAE881	ABIE51_RS16875	ABIE51_RS16875		protein phosphatase CheZ	0.451	0.263	-0.324	0.200	0.083	-0.053	-0.257	-1.207	-1.191	0.444	0.858	-0.649	1.363	0.232	-1.948	0.963	-0.064	0.695	-0.934	-0.415	0.479	1.129	-0.136	-0.565	-0.423
Lysobacter_OAE881	ABIE51_RS16880	ABIE51_RS16880		chemotaxis protein CheA	0.713	-0.823	-0.308	-1.940	-0.640	-1.464	-0.026	-1.402	0.304	-0.753	0.222	0.612	1.288	-0.601	-0.752	0.353	-1.361	0.037	0.324	0.027	-0.537	0.070	-0.133	-0.655	-1.379
Lysobacter_OAE881	ABIE51_RS16885	ABIE51_RS16885		flagellar motor protein	0.354	-1.082	1.439	-0.052	-0.870	0.804	-1.011	-0.769	0.080	-1.337	-0.206	1.313	-0.320	-1.752	-1.129	2.868	0.511	-0.366	0.100	-0.039	-0.943	-0.505	0.220	-0.159	-0.673
Lysobacter_OAE881	ABIE51_RS16890	ABIE51_RS16890		flagellar motor protein MotD	-0.097	1.634	2.872	0.177	-0.422	0.719	0.469	-0.637	0.913	0.651	0.077	2.283	0.572	-1.476	0.645	3.632	1.124	-1.402	0.299	1.314	0.935	0.707	1.187	0.687	0.867
Lysobacter_OAE881	ABIE51_RS16895	ABIE51_RS16895		ParA family protein	0.054	0.906	0.029	-0.719	-0.409	0.018	0.921	0.652	-0.319	0.316	0.505	-0.838	0.814	0.413	-0.293	0.945	-0.711	-1.058	1.505	0.376	-1.042	0.904	-0.074	0.158	-0.204
Lysobacter_OAE881	ABIE51_RS16900	ABIE51_RS16900		chemotaxis protein CheW	0.881	0.519	0.590	-0.062	-0.658	0.080	-0.305	0.437	1.130	1.001	1.024	0.636	1.968	-0.032	1.088	1.362	0.374	-0.925	-0.808	1.228	0.511	-1.037	1.218	0.359	0.915
Lysobacter_OAE881	ABIE51_RS16910	ABIE51_RS16910		response regulator	0.068	0.586	-0.058	0.188	0.421	0.489	1.384	0.318	-0.266	-0.603	1.650	-1.540	-0.642	1.255	1.475	0.853	-0.230	-1.063	1.340	1.421	-0.934	-0.365	-0.214	-0.107	-0.640
Lysobacter_OAE881	ABIE51_RS16915	ABIE51_RS16915		chemotaxis protein CheW	-1.186	1.265	0.696	0.426	-0.288	0.846	1.587	0.946	1.227	2.720	0.745	0.364	0.148	1.392	-0.661	1.564	0.861	-0.346	-0.075	1.539	1.677	1.745	0.216	0.546	1.121
Lysobacter_OAE881	ABIE51_RS16920	ABIE51_RS16920		chemotaxis protein CheW	-0.679	1.001	1.484	-0.979	1.372	-0.440	-0.797	-0.716	-0.651	-0.885	-0.689	-0.804	1.495	-1.240	-1.418	1.505	0.995	-0.324	-0.670	-0.456	-1.692	0.778	0.147	0.715	0.153
Lysobacter_OAE881	ABIE51_RS16925	ABIE51_RS16925		methyl-accepting chemotaxis protein	0.787	0.263	-0.300	0.686	-2.303	-2.470	0.114	0.233	0.662	-0.790	-0.027	1.469	-1.566	0.145	1.296	0.311	-0.196	1.718	-0.299	-0.577	-0.160	-1.067	-0.496	0.537	-1.532
Lysobacter_OAE881	ABIE51_RS16930	ABIE51_RS16930		methyl-accepting chemotaxis protein	-0.307	-1.488	-0.486	0.307	-0.304	0.765	-0.264	-1.065	-0.953	0.413	-0.484	-0.911	-0.400	-0.332	-0.636	-0.754	-1.121	0.281	-0.227	1.088	-0.498	0.947	0.911	0.596	-1.655
Lysobacter_OAE881	ABIE51_RS16935	ABIE51_RS16935		hypothetical protein	0.160	0.796	-1.212	0.001	-0.811	-0.324	-0.968	-0.478	0.957	-0.506	-1.186	0.289	0.076	-1.455	1.389	0.657	-1.591	-1.258	-0.536	0.330	1.248	0.717	-0.838	0.976	0.052
Lysobacter_OAE881	ABIE51_RS16945	ABIE51_RS16945		methyl-accepting chemotaxis protein	-0.421	0.367	0.704	0.592	-1.034	-0.115	-1.356	-0.807	-0.979	-0.469	0.235	-0.091	-0.833	-0.579	-0.703	2.045	-0.948	-0.810	-0.662	0.954	0.447	-0.504	0.706	0.462	-1.023
Lysobacter_OAE881	ABIE51_RS16950	ABIE51_RS16950		CheR family methyltransferase	0.764	0.194	0.355	-0.230	-0.841	-0.188	-0.285	0.197	-0.425	-1.044	1.056	-0.072	-0.452	-0.381	-0.076	1.798	-1.234	2.360	0.367	-0.274	1.660	1.021	-0.248	-0.863	0.068
Lysobacter_OAE881	ABIE51_RS16955	ABIE51_RS16955		chemoreceptor glutamine deamidase CheD	-1.132	-0.279	0.933	1.802	0.127	0.533	-0.795	0.811	0.074	1.220	0.253	1.224	-0.398	1.521	1.536	1.743	0.434	-0.237	1.418	-0.397	0.943	-1.284	0.525	-0.372	-0.894
Lysobacter_OAE881	ABIE51_RS16960	ABIE51_RS16960		chemotaxis response regulator protein-glutamate methylesterase	0.679	0.504	-1.163	-0.311	-0.464	-0.243	-0.093	0.229	-1.540	-0.461	-0.195	-1.525	-0.215	-0.595	-0.348	-0.216	-0.369	0.026	0.124	-1.579	-0.608	-0.411	-1.107	1.714	-1.948
Lysobacter_OAE881	ABIE51_RS16965	ABIE51_RS16965		methyl-accepting chemotaxis protein	1.055	1.142	0.275	-0.223	-1.297	-0.163	-0.035	-0.313	-1.360	1.162	-0.196	-1.093	0.895	-0.579	-1.187	-0.937	-0.592	-0.492	0.507	0.478	-0.798	0.371	-0.171	-1.532	-0.538
Lysobacter_OAE881	ABIE51_RS16970	ABIE51_RS16970		sensor histidine kinase	-0.930	-1.056	1.341	-0.869	-0.174	-0.911	-1.064	-0.205	1.735	0.220	-0.267	0.714	0.719	-0.482	1.038	2.384	-0.189	-0.096	-0.823	-0.186	-0.620	-0.622	0.069	0.711	-0.115
Lysobacter_OAE881	ABIE51_RS16975	ABIE51_RS16975		TrmH family RNA methyltransferase	-1.331	-0.290	-1.421	0.247	-0.567	-0.152	0.486	0.555	-0.117	-0.743	-0.463	-0.211	-0.828	-0.318	0.303	-1.476	-0.147	0.501	-0.225	-1.519	-0.216	0.502	0.770	-0.438	-0.748
Lysobacter_OAE881	ABIE51_RS16980	ABIE51_RS16980		GNAT family protein	0.595	-0.157	0.479	-0.450	0.016	-0.741	-0.907	0.003	-0.065	-1.570	-0.463	-0.517	-0.069	-0.930	-0.867	-0.263	0.122	-0.740	1.807	-1.481	-1.588	-0.427	-1.363	-1.492	-0.262
Lysobacter_OAE881	ABIE51_RS16985	ABIE51_RS16985		efflux RND transporter permease subunit	0.692	1.201	0.074	1.293	-0.984	0.186	0.477	0.193	0.937	-0.213	-0.134	0.466	-0.184	0.145	1.011	0.244	1.628	0.974	1.762	0.124	2.059	-1.082	0.629	0.982	-0.193
Lysobacter_OAE881	ABIE51_RS16990	ABIE51_RS16990		efflux RND transporter periplasmic adaptor subunit	0.855	0.911	0.538	-1.622	0.100	1.553	0.316	0.857	0.185	-0.705	2.501	1.053	0.644	1.062	0.285	1.229	0.204	0.351	0.362	1.406	1.974	0.728	0.328	-1.573	1.110
Lysobacter_OAE881	ABIE51_RS16995	ABIE51_RS16995		cysteine synthase A	1.027	-0.292	-1.120	0.335	-0.773	0.401	0.205	-2.291	-1.026	-0.534	-1.232	-0.939	-2.072	-0.524	0.618	0.161	-0.237	-0.800	0.081	-1.052	-0.971	-0.468	-1.106	-0.008	-2.623
Lysobacter_OAE881	ABIE51_RS17000	ABIE51_RS17000		O-acetyl-ADP-ribose deacetylase	0.695	0.662	0.315	-0.678	0.781	0.393	-1.697	1.527	0.619	-0.404	1.089	0.690	0.326	-0.835	1.393	-0.372	0.184	-1.539	0.595	0.221	0.837	0.070	0.616	-0.907	-0.477
Lysobacter_OAE881	ABIE51_RS17005	ABIE51_RS17005		cytochrome c3 family protein	0.667	0.026	-0.340	-0.119	-0.690	0.220	0.616	0.297	-0.247	0.073	0.228	0.472	-0.234	1.189	0.048	0.443	-0.089	1.241	0.498	-0.998	-1.131	-0.639	0.046	1.502	-0.989
Lysobacter_OAE881	ABIE51_RS17010	ABIE51_RS17010		nitrate reductase cytochrome c-type subunit	0.897	-0.043	0.460	0.937	0.089	1.240	-0.231	0.548	-0.425	0.257	0.238	0.507	1.429	0.556	1.161	-0.763	0.673	0.009	0.979	-0.100	0.557	-0.739	-0.289	-0.389	-1.289
Lysobacter_OAE881	ABIE51_RS17015	ABIE51_RS17015		periplasmic nitrate reductase subunit alpha	-0.563	0.712	-0.039	0.474	0.909	0.324	0.112	0.511	0.216	0.389	0.396	-0.242	0.445	0.465	-0.141	0.176	0.784	1.078	1.074	0.174	1.081	-0.100	-0.123	0.406	0.469
Lysobacter_OAE881	ABIE51_RS17020	ABIE51_RS17020		chaperone NapD	0.747	1.094	0.661	0.119	0.603	0.433	0.564	1.186	0.233	0.826	0.523	-0.127	-0.711	0.302	1.705	0.163	1.057	1.835	0.983	0.146	0.301	-1.248	0.401	1.770	0.739
Lysobacter_OAE881	ABIE51_RS17030	ABIE51_RS17030		periplasmic nitrate reductase, NapE protein	0.825	-0.383	1.258	-0.238	0.774	0.200	0.637	-0.408	-0.788	0.927	-0.703	1.352	0.427	-2.000	0.785	1.011	-0.280	-1.527	0.522	-0.013	0.577	-0.714	0.773	2.294	-0.727
Lysobacter_OAE881	ABIE51_RS17035	ABIE51_RS17035		class I fructose-bisphosphate aldolase	-1.096	-3.780	-21.164	-1.325	-3.816	-18.079	-2.666	0.511	-12.149	-0.800	2.227	-9.348	-5.073	2.858	-1.834	-21.575	-3.371	-13.285	-0.338	-12.138	-1.119	-0.075	-11.648	-1.587	-2.328
Lysobacter_OAE881	ABIE51_RS17040	ABIE51_RS17040		pyruvate kinase	1.186	-1.051	2.165	-0.503	-0.941	0.887	0.459	-0.607	1.426	1.609	-1.402	1.374	0.732	0.761	2.082	1.771	-1.301	-0.071	-1.065	1.532	1.170	0.552	-0.877	0.492	1.132
Lysobacter_OAE881	ABIE51_RS17045	ABIE51_RS17045		sel1 repeat family protein	0.117	0.457	0.364	-0.069	-0.023	0.093	0.440	-0.291	-0.133	-0.682	-0.884	0.101	0.112	-0.607	0.071	-0.162	-1.185	-0.771	0.671	-0.190	1.369	0.158	0.566	-0.174	-0.009
Lysobacter_OAE881	ABIE51_RS17050	ABIE51_RS17050		DUF3857 domain-containing transglutaminase family protein	0.122	0.165	-0.284	0.347	0.110	0.248	-0.115	0.307	0.536	1.298	-0.062	0.305	-0.135	-0.059	-0.986	-0.299	0.281	1.097	0.419	0.081	0.944	-0.526	0.376	-0.068	0.150
Lysobacter_OAE881	ABIE51_RS17055	ABIE51_RS17055		HAD hydrolase-like protein	-0.115	0.723	0.620	-1.263	0.273	-0.108	-1.040	0.137	-1.143	-1.186	-0.543	1.269	-0.231	0.126	0.040	0.510	0.489	-0.399	-0.477	1.572	0.250	-0.962	-1.476	-1.351	0.273
Lysobacter_OAE881	ABIE51_RS17060	ABIE51_RS17060		phosphoglycerate kinase	-2.240	-0.897	-2.682	-2.144	-3.862	-5.629	-2.565	-5.627	-4.917	-4.121	-1.748	-3.279	-2.567	-2.568	-0.493	-3.437	-3.964	-3.590	-4.975	-4.668	-0.400	0.068	-1.992	-1.662	0.645
Lysobacter_OAE881	ABIE51_RS17075	ABIE51_RS17075		DUF4019 domain-containing protein	-0.830	-0.406	-0.196	0.894	-0.027	0.372	-0.988	-0.682	0.084	-0.367	-0.069	0.694	-0.570	0.630	-0.647	-2.066	-0.663	0.113	-0.082	-0.462	1.619	-1.437	0.401	0.251	-0.021
Lysobacter_OAE881	ABIE51_RS17080	ABIE51_RS17080		DUF3999 domain-containing protein	-1.053	-0.111	0.371	-0.831	1.123	0.745	-0.283	-1.219	-0.202	-0.244	-0.234	-0.662	0.489	1.079	-1.095	-0.504	-0.497	-0.194	0.673	-0.082	-0.717	-0.752	0.229	0.078	-0.327
Lysobacter_OAE881	ABIE51_RS17085	ABIE51_RS17085		DUF2339 domain-containing protein	-1.063	0.402	0.130	0.433	-0.202	0.146	0.705	0.889	0.916	0.345	0.766	0.273	-0.620	0.719	-0.065	0.005	0.357	-0.137	0.464	0.275	0.970	-1.257	0.912	0.848	-0.907
Lysobacter_OAE881	ABIE51_RS17090	ABIE51_RS17090		group III truncated hemoglobin	-0.148	-0.578	-0.063	1.302	-0.615	1.840	-0.009	-0.521	-0.379	0.204	-0.094	-0.141	1.653	1.382	-0.714	0.768	1.119	2.442	1.107	-0.491	-0.910	2.001	-1.406	-1.160	0.298
Lysobacter_OAE881	ABIE51_RS17095	ABIE51_RS17095		type I glyceraldehyde-3-phosphate dehydrogenase	-3.382	-1.733	-6.100	-2.385	-7.038	-8.844	-2.728	-8.506	-8.591	-3.902	-3.061	-5.140	-1.147	-0.929	-1.843	-3.731	-6.096	-6.308	-8.661	-6.966	0.630	-0.924	-3.216	-0.945	1.774
Lysobacter_OAE881	ABIE51_RS17100	ABIE51_RS17100		OmpW family outer membrane protein	0.044	-0.509	-0.410	-0.234	-0.011	-0.665	-0.242	-0.067	-0.503	-0.678	-1.135	-0.794	0.708	-0.032	0.211	-0.812	-1.058	0.664	-0.170	1.997	1.539	-2.164	0.660	-0.046	0.389
Lysobacter_OAE881	ABIE51_RS17105	ABIE51_RS17105		S1/P1 nuclease	-5.704	-0.480	0.026	-0.564	-1.959	-0.876	1.070	0.380	-0.537	0.374	-0.954	-2.219	0.018	-1.324	0.090	0.403	-4.372	-4.283	0.566	-0.945	-1.162	-1.155	-0.168	0.791	-4.115
Lysobacter_OAE881	ABIE51_RS17110	ABIE51_RS17110		MBL fold metallo-hydrolase	0.137	-0.748	0.235	-0.186	0.688	0.183	-0.399	0.289	0.049	-1.682	-1.441	0.136	-0.123	0.306	1.290	0.269	1.657	0.949	0.901	-0.490	0.490	-0.401	-0.021	0.694	-0.898
Lysobacter_OAE881	ABIE51_RS17115	ABIE51_RS17115		acetyl-CoA hydrolase/transferase C-terminal domain-containing protein	0.469	-0.466	-0.197	-0.790	-0.494	-0.200	0.039	-0.518	-0.587	-1.014	-0.763	0.113	-1.085	1.567	-0.057	-0.990	0.434	0.211	0.044	-1.012	-0.086	0.237	-0.431	2.650	-0.315
Lysobacter_OAE881	ABIE51_RS17125	ABIE51_RS17125		dicarboxylate/amino acid:cation symporter	0.038	-0.488	-1.703	0.410	0.146	0.769	0.317	0.451	0.377	0.910	1.040	-0.447	0.949	0.230	-1.210	-1.562	1.480	0.421	0.759	1.433	0.643	0.677	1.040	0.593	0.117
Lysobacter_OAE881	ABIE51_RS17130	ABIE51_RS17130		dicarboxylate/amino acid:cation symporter	1.365	0.635	-2.607	-0.096	1.598	-0.547	1.268	-0.564	0.975	0.299	2.539	-0.883	-0.638	-0.831	-0.605	-4.733	-1.720	-2.076	0.111	-0.952	-0.616	0.120	1.851	-0.489	-2.834
Lysobacter_OAE881	ABIE51_RS17135	ABIE51_RS17135		BatD family protein	-0.225	-1.374	0.355	0.664	-2.653	-2.735	-0.017	-0.112	-1.676	1.763	0.065	-1.310	-0.980	0.005	0.734	0.729	-3.488	-2.139	-0.960	-1.917	0.727	0.760	0.218	-0.632	0.248
Lysobacter_OAE881	ABIE51_RS17140	ABIE51_RS17140		VWA domain-containing protein	-0.598	0.246	-0.137	1.257	-4.230	-2.310	-0.069	-3.234	-0.750	0.104	-3.593	-0.917	-1.364	0.453	-0.202	-0.905	-3.535	-4.247	-2.957	-1.789	-0.656	-1.784	-1.987	-1.121	-1.175
Lysobacter_OAE881	ABIE51_RS17145	ABIE51_RS17145		VWA domain-containing protein	-0.028	-0.023	0.505	0.263	-2.390	-0.941	-0.479	-1.739	-1.291	0.722	1.061	-1.649	0.124	-1.440	-0.603	-0.267	-1.263	-1.340	-0.904	-1.329	-0.205	1.833	-1.258	0.834	-0.001
Lysobacter_OAE881	ABIE51_RS17155	ABIE51_RS17155		DUF58 domain-containing protein	0.861	0.642	-0.117	0.736	-2.929	-1.438	1.277	-0.839	-3.099	1.084	-0.678	-1.118	-2.685	-1.438	-0.883	-0.444	-2.307	-3.564	-1.893	-0.878	-1.298	1.330	-0.284	1.953	-0.250
Lysobacter_OAE881	ABIE51_RS17160	ABIE51_RS17160		MoxR family ATPase	-1.328	-0.079	-0.598	-0.819	-2.389	-3.400	-1.245	-2.581	-2.480	-0.938	0.190	-2.191	-1.317	-1.174	-0.895	-1.086	-2.870	-4.627	-2.097	-3.282	-0.838	0.022	-2.225	-1.604	-0.470
Lysobacter_OAE881	ABIE51_RS17165	ABIE51_RS17165		type IV pilus secretin PilQ family protein	-0.086	0.194	0.949	-0.379	0.726	0.275	-0.334	-0.448	-0.315	-0.069	-0.299	-0.465	1.421	0.357	0.760	-0.133	0.004	-0.475	-0.179	-0.549	1.129	0.366	-0.466	-0.842	-1.183
Lysobacter_OAE881	ABIE51_RS17170	ABIE51_RS17170		pilus assembly protein PilP	-0.331	-1.586	0.062	-0.464	0.628	-0.373	-0.629	-1.383	-1.394	-0.530	-0.650	0.197	0.043	0.037	-0.100	-0.650	-0.594	-1.771	-1.206	-0.090	1.062	0.113	-1.440	0.448	-0.571
Lysobacter_OAE881	ABIE51_RS17175	ABIE51_RS17175		type 4a pilus biogenesis protein PilO	0.644	1.129	0.939	-0.241	0.400	1.054	-0.529	-0.451	0.238	1.018	1.120	0.379	0.060	-0.094	0.923	-0.183	1.196	-0.327	2.018	-0.297	-0.052	0.776	0.276	0.012	0.027
Lysobacter_OAE881	ABIE51_RS17180	ABIE51_RS17180		PilN domain-containing protein	0.775	0.827	0.529	0.359	0.426	0.922	0.575	-0.834	1.187	-0.313	-0.693	1.224	0.252	0.981	2.243	0.172	-0.516	0.098	1.465	-0.280	-0.009	0.454	0.862	0.533	0.274
Lysobacter_OAE881	ABIE51_RS17185	ABIE51_RS17185		pilus assembly protein PilM	0.229	-0.867	0.142	0.363	-0.631	0.498	-0.393	-1.734	-0.252	0.840	-1.118	-0.317	-0.582	0.008	0.999	-0.161	-0.348	-0.840	0.602	0.774	0.735	-0.095	-0.133	0.459	0.789
Lysobacter_OAE881	ABIE51_RS17190	ABIE51_RS17190		penicillin-binding protein 1A	-5.323	-5.384	-8.356	-4.524	-6.540	-7.356	-3.077	-5.140	-4.388	-4.667	-3.429	-5.809	-2.209	-4.977	-3.900	-8.471	-6.772	-6.089	-8.658	-5.662	-4.571	-6.805	-5.725	-5.796	-4.120
Lysobacter_OAE881	ABIE51_RS17195	ABIE51_RS17195		hypothetical protein	0.116	-0.141	-0.050	-1.472	-1.409	-0.106	0.771	-0.529	-0.835	0.190	-0.771	-0.004	0.429	-1.645	-0.911	-0.727	0.764	-2.168	0.965	0.338	-0.854	0.272	-1.015	0.290	0.922
Lysobacter_OAE881	ABIE51_RS17200	ABIE51_RS17200		citrate synthase	1.506	-0.343	-3.682	-0.872	-1.673	-2.163	1.294	1.547	-2.934	1.285	0.115	-0.987	-2.213	-0.525	2.904	-2.407	1.505	-4.010	2.690	-1.360	-2.504	-0.493	1.358	0.866	-1.974
Lysobacter_OAE881	ABIE51_RS17210	ABIE51_RS17210		nucleoside hydrolase	-0.446	0.608	1.076	-1.769	0.590	0.720	1.151	2.229	0.905	-0.113	2.006	-0.020	0.340	1.296	1.617	0.241	0.238	1.590	2.083	-0.005	2.681	0.152	-0.374	0.444	1.109
Lysobacter_OAE881	ABIE51_RS17215	ABIE51_RS17215		copper homeostasis protein CutC	0.099	0.426	-0.350	1.102	0.314	-0.239	-0.683	-0.126	0.740	0.251	0.141	-0.503	-0.705	-0.406	0.878	-0.795	-0.070	0.281	-0.323	0.016	-0.900	-0.817	0.368	-1.133	-1.695
Lysobacter_OAE881	ABIE51_RS17220	ABIE51_RS17220		N(4)-(beta-N-acetylglucosaminyl)-L-asparaginase	-0.305	0.854	0.053	1.047	0.900	0.170	-1.196	0.909	-0.009	-0.472	0.625	0.349	-1.333	0.407	2.060	0.211	-0.486	1.326	0.653	-0.919	2.385	0.850	0.320	1.380	-0.068
Lysobacter_OAE881	ABIE51_RS17225	ABIE51_RS17225		glucokinase	-0.238	0.194	-1.027	-2.584	-1.202	-0.552	0.101	0.580	-1.297	-1.022	0.448	-0.604	-1.010	-0.264	-0.430	-0.718	-0.485	-0.031	0.686	-0.510	0.274	-0.738	-0.432	-0.041	-0.283
Lysobacter_OAE881	ABIE51_RS17230	ABIE51_RS17230		ATP-dependent DNA helicase RecG	-0.085	1.579	0.515	2.735	-1.471	-0.521	0.385	0.391	-0.128	0.286	0.739	1.442	0.286	-0.656	-0.325	-1.042	2.575	0.770	1.797	1.107	-0.026	-1.075	-0.165	0.591	-1.595
Lysobacter_OAE881	ABIE51_RS17235	ABIE51_RS17235		TonB-dependent receptor	-0.409	-0.018	-0.834	-0.758	-0.498	-0.667	0.207	-0.784	-0.440	0.032	-0.548	-0.511	-0.127	0.102	-1.266	-0.966	0.150	-0.490	0.538	-0.868	0.396	0.040	-0.368	0.061	-0.949
Lysobacter_OAE881	ABIE51_RS17240	ABIE51_RS17240		SO2930 family diheme c-type cytochrome	0.278	0.763	0.445	-0.300	0.697	-0.588	-0.145	1.692	1.143	1.773	1.030	0.365	-0.743	0.798	-0.378	0.367	0.297	0.636	1.276	0.579	0.448	1.005	1.205	-0.757	0.278
Lysobacter_OAE881	ABIE51_RS17245	ABIE51_RS17245		parallel beta-helix domain-containing protein	-2.331	-1.027	-0.323	0.198	0.407	-0.697	1.404	-0.895	-0.369	0.029	0.947	0.247	-0.901	0.402	-0.351	-1.046	0.477	0.087	-0.882	0.070	0.697	1.298	0.437	-0.094	-1.306
Lysobacter_OAE881	ABIE51_RS17250	ABIE51_RS17250		AraC family transcriptional regulator	-0.070	0.972	-0.174	-1.073	-0.452	-0.017	-0.595	-0.516	-0.096	-0.582	1.303	-1.014	-0.141	0.118	1.456	-0.680	1.964	0.409	-0.052	0.212	-0.636	-0.267	0.205	0.715	-0.647
Lysobacter_OAE881	ABIE51_RS17255	ABIE51_RS17255		YkvA family protein	0.443	-0.726	-0.318	0.028	-0.627	-0.264	0.610	-1.351	0.119	-0.130	0.260	-1.787	-1.767	0.233	0.639	0.177	-0.524	-0.169	-0.817	0.126	-0.340	-0.234	0.382	-1.829	-0.148
Lysobacter_OAE881	ABIE51_RS17260	ABIE51_RS17260		RidA family protein	-1.223	-0.555	-1.392	-0.182	-6.637	-10.391	-1.288	-11.094	-5.991	-0.047	-0.786	-5.543	-0.851	-1.783	-2.347	-1.311	-8.012	-5.148	-9.473	-3.726	0.967	-1.066	-5.626	-2.321	-0.476
Lysobacter_OAE881	ABIE51_RS17270	ABIE51_RS17270		DNA-directed RNA polymerase subunit omega	-0.133	-0.709	-1.113	-0.122	-0.256	-1.676	-1.323	-3.151	-0.434	0.960	0.823	0.546	1.741	-1.654	0.528	-2.220	1.242	-0.345	4.789	0.476	1.257	0.598	2.878	1.206	-0.867
Lysobacter_OAE881	ABIE51_RS17280	ABIE51_RS17280		YicC/YloC family endoribonuclease	0.792	-0.349	0.231	-0.197	0.121	0.917	1.881	0.422	2.121	-0.498	0.820	0.854	0.894	3.300	0.281	1.769	1.080	-1.163	-0.486	0.746	0.391	0.360	1.233	0.124	1.487
Lysobacter_OAE881	ABIE51_RS17285	ABIE51_RS17285		ribonuclease PH	-0.528	-0.426	2.379	1.517	0.446	1.047	1.146	-0.820	1.945	-1.609	-0.514	0.305	-1.926	0.591	-1.353	1.655	2.037	1.450	-0.875	2.163	0.973	-0.567	1.188	0.682	1.217
Lysobacter_OAE881	ABIE51_RS17290	ABIE51_RS17290		VOC family protein	-0.379	-1.142	-0.313	-0.608	-0.336	0.188	-0.208	-1.494	-0.465	-0.999	-0.531	-0.122	0.491	-1.779	-0.696	-0.992	-1.443	-0.240	-0.050	-0.555	0.489	-1.501	0.911	-1.262	-0.179
Lysobacter_OAE881	ABIE51_RS17295	ABIE51_RS17295		RdgB/HAM1 family non-canonical purine NTP pyrophosphatase	0.818	-0.513	-0.157	-0.527	0.341	-0.128	-0.729	0.636	0.213	-0.634	-0.305	-1.954	-0.871	-0.451	-1.729	-0.102	0.751	1.231	-0.140	0.783	0.469	-0.509	0.033	-0.453	-1.163
Lysobacter_OAE881	ABIE51_RS17300	ABIE51_RS17300		radical SAM family heme chaperone HemW	-0.885	0.874	-1.545	-0.100	0.093	-0.206	-0.766	-0.043	-0.663	-0.881	-0.921	-1.344	-0.201	0.553	-0.935	-0.930	-0.437	-0.037	-0.103	0.044	-1.097	-0.560	-0.375	-0.119	-0.395
Lysobacter_OAE881	ABIE51_RS17305	ABIE51_RS17305		DUF1631 domain-containing protein	0.425	1.211	-0.769	-0.260	0.158	0.121	0.317	-0.538	1.338	-0.401	0.268	1.458	0.267	0.184	-0.530	-0.167	-0.034	-0.579	0.779	0.774	-0.829	0.635	0.127	0.058	0.923
Lysobacter_OAE881	ABIE51_RS17310	ABIE51_RS17310		PilZ domain-containing protein	1.783	0.806	0.841	-0.407	-0.116	-0.143	-1.409	-0.364	0.028	0.530	-1.100	0.519	1.111	-0.456	-0.634	0.099	0.171	0.762	-0.528	0.923	-1.336	1.260	0.605	0.769	-0.772
Lysobacter_OAE881	ABIE51_RS17315	ABIE51_RS17315		Xaa-Pro dipeptidase	0.480	-0.148	-1.034	0.526	-0.125	0.394	-1.615	0.409	0.342	1.526	1.271	0.689	3.753	-0.794	-0.689	-0.537	1.554	2.087	0.025	-0.108	0.825	-2.308	1.242	0.703	-1.915
Lysobacter_OAE881	ABIE51_RS17320	ABIE51_RS17320		aminopeptidase P N-terminal domain-containing protein	-0.637	0.859	-4.171	-0.069	-0.471	-1.280	-0.114	-2.346	-1.159	0.167	0.070	-0.839	-1.090	-0.177	-1.053	-4.024	0.213	-0.300	-1.983	-1.190	-0.867	-1.723	-1.260	0.195	1.213
Lysobacter_OAE881	ABIE51_RS17325	ABIE51_RS17325		UPF0149 family protein	-0.604	-0.849	-1.387	1.172	-1.240	0.007	0.049	0.743	0.564	0.237	-0.235	-0.357	-0.898	-0.447	-0.205	-2.282	0.182	1.513	-0.433	-1.491	-1.005	0.775	-0.822	-0.588	-0.746
Lysobacter_OAE881	ABIE51_RS17330	ABIE51_RS17330		two-component regulator propeller domain-containing protein	0.057	0.774	0.726	-0.065	1.395	0.519	0.613	-0.408	-0.177	-0.238	-1.415	0.251	-0.839	1.007	0.865	1.123	0.217	-1.004	0.060	0.786	-0.066	-0.190	2.119	0.199	0.187
Lysobacter_OAE881	ABIE51_RS17335	ABIE51_RS17335		EAL domain-containing protein	-0.507	-0.087	-0.938	-0.619	-0.041	-0.010	-0.606	-0.502	-0.965	0.299	-1.967	-0.274	0.306	-0.559	-1.117	-0.985	0.072	0.022	-0.241	0.089	0.426	-1.124	-0.853	0.195	-0.774
Lysobacter_OAE881	ABIE51_RS17345	ABIE51_RS17345		cell division protein ZapA	-0.729	1.229	-2.766	-1.886	-0.465	-1.014	0.753	-1.953	-0.806	-0.284	-0.929	-1.584	-2.088	-0.734	-1.561	-2.641	-1.438	-1.254	-1.185	-1.888	-1.791	0.583	-0.413	-0.249	0.724
Lysobacter_OAE881	ABIE51_RS17355	ABIE51_RS17355		5-formyltetrahydrofolate cyclo-ligase	0.119	-1.218	-2.095	-0.401	-3.403	-5.472	-0.163	-6.641	-5.318	-0.140	-0.507	-2.572	-0.103	1.974	-0.580	-1.790	-1.745	-4.885	-5.695	-3.314	-0.153	0.156	1.419	-1.319	0.216
Lysobacter_OAE881	ABIE51_RS17360	ABIE51_RS17360		EVE domain-containing protein	0.963	0.559	-0.322	0.477	0.254	0.306	0.217	0.547	0.232	0.150	-1.318	-0.079	-0.686	-0.447	-1.584	0.089	1.224	0.540	0.625	-0.045	-0.077	-0.345	0.234	0.277	0.403
Lysobacter_OAE881	ABIE51_RS17370	ABIE51_RS17370		DNA polymerase	-0.323	0.104	-0.252	1.210	-0.336	0.198	0.516	0.568	0.352	0.022	0.182	0.105	0.480	0.792	-0.066	-0.453	0.366	0.862	0.035	0.008	0.064	1.074	0.135	-0.820	0.060
Lysobacter_OAE881	ABIE51_RS17400	ABIE51_RS17400		DUF192 domain-containing protein	-0.546	1.818	-0.937	-0.065	-1.373	0.076	0.868	-3.692	0.908	1.091	-3.342	-1.682	0.762	-1.729	0.241	-1.299	-0.886	-1.879	0.035	0.423	0.298	0.895	-0.147	2.007	0.601
Lysobacter_OAE881	ABIE51_RS17405	ABIE51_RS17405		rubredoxin	0.672	-1.267	-1.682	0.192	0.750	0.443	1.026	1.966	0.465	0.495	-2.646	-1.338	-0.306	1.402	-0.594	-2.954	0.275	0.575	1.156	1.147	2.116	-0.929	0.552	-0.296	0.779
Lysobacter_OAE881	ABIE51_RS17420	ABIE51_RS17420		acetylornithine/succinyldiaminopimelate transaminase	-0.846	0.259	-0.633	0.676	0.918	-0.108	0.418	0.775	-0.560	0.295	-0.023	0.261	0.573	0.100	-0.335	0.094	-0.044	-0.807	0.599	-1.824	0.595	-0.509	0.583	-0.507	1.533
Lysobacter_OAE881	ABIE51_RS17425	ABIE51_RS17425		ion transporter	-0.272	0.202	-0.068	2.354	0.780	0.160	0.513	0.375	0.520	-0.959	-0.890	-0.083	0.956	0.051	0.610	0.365	0.358	0.521	0.195	-0.549	0.986	-0.425	0.061	0.404	-0.127
Lysobacter_OAE881	ABIE51_RS17430	ABIE51_RS17430		NAD(P)-dependent oxidoreductase	0.534	-0.338	0.057	0.342	2.865	1.078	-0.688	1.272	0.620	0.168	-0.923	-0.257	1.070	0.008	-0.582	1.328	0.228	0.782	-0.267	-0.091	0.355	-2.764	-0.984	-1.073	-1.165
Lysobacter_OAE881	ABIE51_RS17435	ABIE51_RS17435		serine/threonine protein kinase	-0.657	0.961	1.390	-0.017	0.726	0.296	0.127	0.001	0.322	1.271	-0.128	1.669	-0.043	0.038	1.118	0.714	1.452	1.059	1.423	1.110	0.100	1.293	1.802	0.634	0.509
Lysobacter_OAE881	ABIE51_RS17440	ABIE51_RS17440		bifunctional DedA family/phosphatase PAP2 family protein	-2.475	-0.653	-4.530	-2.168	-1.573	-3.219	-1.919	-0.111	-0.432	-1.429	-1.107	-2.179	-1.862	3.886	12.607	-4.255	0.487	-2.291	3.283	-0.625	-2.556	-0.045	-2.722	-0.438	3.049
Lysobacter_OAE881	ABIE51_RS17445	ABIE51_RS17445		LON peptidase substrate-binding domain-containing protein	1.222	0.976	1.807	0.149	0.197	0.197	2.311	2.008	0.205	-1.113	0.169	1.068	-0.572	0.773	1.976	0.656	0.350	0.958	2.742	2.677	0.805	0.023	0.562	1.331	-1.112
Lysobacter_OAE881	ABIE51_RS17450	ABIE51_RS17450		Mur ligase family protein	-0.398	-0.334	1.200	-0.547	-1.247	-2.627	-0.885	-0.535	-1.227	-0.479	1.132	-0.830	3.035	0.669	-0.123	0.840	-1.323	-3.876	-0.701	-0.852	-0.807	0.463	2.039	-0.001	0.322
Lysobacter_OAE881	ABIE51_RS17460	ABIE51_RS17460		6-phosphofructokinase	0.425	-0.310	-2.339	-1.189	-1.013	-2.243	-1.879	-0.899	-2.078	-1.737	-0.182	-0.425	-2.094	0.899	-1.018	-2.505	-1.137	-0.289	-1.836	0.244	-0.035	-0.341	-1.431	-0.839	-0.977
Lysobacter_OAE881	ABIE51_RS17465	ABIE51_RS17465		hypothetical protein	1.083	-1.194	0.577	-0.498	0.842	-0.022	-0.873	0.821	0.280	-1.739	0.278	0.012	-0.759	-0.010	-0.558	-0.299	1.158	1.178	0.369	0.733	-0.894	-0.204	0.460	0.057	-0.626
Lysobacter_OAE881	ABIE51_RS17470	ABIE51_RS17470		DUF2846 domain-containing protein	-0.053	-0.778	0.512	-0.779	0.255	-0.275	0.051	1.051	-0.007	0.746	0.017	0.634	-0.905	0.424	-0.187	-0.135	0.735	0.106	1.058	0.306	1.341	1.125	0.193	0.120	-0.641
Lysobacter_OAE881	ABIE51_RS17475	ABIE51_RS17475		hypothetical protein	-0.883	0.169	0.136	-0.667	-0.311	1.440	0.641	-0.419	0.686	-1.354	-1.034	0.192	1.231	1.160	0.680	0.827	0.949	0.011	-0.859	0.526	1.043	-0.410	-0.358	-0.138	0.039
Lysobacter_OAE881	ABIE51_RS17480	ABIE51_RS17480		sodium-translocating pyrophosphatase	-0.560	0.342	-0.349	2.181	1.039	-0.038	-0.182	0.559	-0.127	0.996	1.867	0.898	1.044	1.236	0.106	-0.940	0.893	1.357	-0.030	-0.537	-0.044	-2.320	0.037	-0.464	0.436
Lysobacter_OAE881	ABIE51_RS17490	ABIE51_RS17490		aspartyl/asparaginyl beta-hydroxylase domain-containing protein	-0.382	-0.240	-0.403	0.711	1.196	-1.141	-0.169	0.396	-1.087	-0.941	1.461	0.757	-0.747	0.043	0.086	-1.005	-0.095	0.788	-0.334	0.207	-1.915	-0.515	-0.148	0.125	0.397
Lysobacter_OAE881	ABIE51_RS17495	ABIE51_RS17495		TonB-dependent receptor	-3.669	-2.597	-4.619	-3.002	-2.234	-3.374	-3.777	-3.457	-2.665	-1.811	-3.220	-2.501	-4.863	-2.741	-1.020	-4.911	-1.991	-1.960	-4.116	-2.460	-3.374	-3.876	-2.031	-2.016	-0.074
Lysobacter_OAE881	ABIE51_RS17500	ABIE51_RS17500		helix-turn-helix domain-containing protein	-4.998	-2.505	0.120	-7.541	4.362	3.380	-1.582	1.891	-2.280	3.394	3.262	5.710	8.782	0.636	0.547	1.129	5.719	3.558	3.425	-2.126	3.017	4.196	7.485	5.059	-2.712
Lysobacter_OAE881	ABIE51_RS17505	ABIE51_RS17505		winged helix-turn-helix domain-containing protein	-4.135	-1.990	0.368	-9.140	4.203	2.635	-0.440	-1.648	-2.674	4.301	3.457	3.180	8.291	-0.322	1.315	0.863	4.717	2.529	2.151	-2.457	4.096	-1.486	3.857	4.424	-1.872
Lysobacter_OAE881	ABIE51_RS17510	ABIE51_RS17510		potassium channel family protein	0.195	0.930	0.934	-1.179	-0.337	0.536	-0.621	0.460	0.603	1.292	-1.096	-0.065	-0.269	0.594	-0.092	-0.062	-0.568	-0.310	-1.064	0.110	-1.557	0.296	0.646	0.410	0.298
Lysobacter_OAE881	ABIE51_RS17515	ABIE51_RS17515		phosphomethylpyrimidine synthase ThiC	-1.223	0.257	-11.659	0.393	0.184	1.090	1.932	-0.106	0.563	0.327	1.405	2.010	1.374	0.725	-0.153	-13.176	-0.236	-0.213	2.096	-0.221	-0.311	0.351	-1.443	0.070	-1.836
Lysobacter_OAE881	ABIE51_RS17520	ABIE51_RS17520		bifunctional aspartate kinase/homoserine dehydrogenase I	-1.445	0.506	-0.657	0.586	-3.472	-5.678	-0.672	-8.281	-5.872	-1.131	-1.238	-5.650	-1.166	-0.423	-0.328	0.360	-5.144	-6.935	-6.445	-2.346	-1.074	1.082	-3.632	-1.163	1.179
Lysobacter_OAE881	ABIE51_RS17525	ABIE51_RS17525		homoserine kinase	-0.984	-0.763	0.546	0.005	-7.078	-7.709	-1.122	-8.784	-4.945	-3.291	-2.254	-2.724	-1.155	-0.558	-0.574	0.310	-4.082	-9.384	-3.914	-3.723	-0.972	-0.824	-4.161	-1.297	-0.524
Lysobacter_OAE881	ABIE51_RS17530	ABIE51_RS17530		threonine synthase	-1.280	-0.559	-0.427	0.627	-7.219	-14.825	-0.431	-12.137	-11.139	-1.025	-3.141	-6.576	-1.943	-0.314	0.439	0.169	-10.755	-11.906	-13.590	-6.881	-2.516	-0.251	-5.285	0.743	-0.099
Lysobacter_OAE881	ABIE51_RS17535	ABIE51_RS17535		hypothetical protein	-0.191	-1.139	-1.196	-0.048	-5.949	-5.216	-0.444	-5.309	-5.548	-2.521	0.541	-1.602	-1.408	-0.559	0.537	-0.555	-3.544	-5.342	-9.555	-6.354	-0.985	0.849	-5.066	-2.433	0.935
Lysobacter_OAE881	ABIE51_RS17540	ABIE51_RS17540		dihydroxy-acid dehydratase	0.211	0.582	0.054	0.873	-4.437	-5.407	0.467	-7.561	-6.728	-0.554	0.164	-2.089	0.566	1.028	-0.772	-1.507	-3.243	-4.872	-5.904	-3.417	-0.888	-0.450	-1.637	-0.161	-0.091
Lysobacter_OAE881	ABIE51_RS17545	ABIE51_RS17545		ketol-acid reductoisomerase	0.128	0.288	-1.251	-1.237	-7.482	-14.688	-0.637	-14.579	-10.501	-2.047	1.169	-6.206	-1.687	-1.706	-0.958	-0.887	-7.871	-9.315	-14.446	-6.197	-1.961	-1.078	-6.612	-0.235	-0.487
Lysobacter_OAE881	ABIE51_RS17550	ABIE51_RS17550		acetolactate synthase 2 catalytic subunit	-1.658	-0.470	-1.032	0.788	-3.211	-5.770	0.489	-6.465	-6.570	0.157	0.079	-2.539	-1.191	0.768	-1.307	-0.490	-4.636	-4.086	-6.547	-3.059	-1.987	-0.152	-3.576	-0.563	-1.566
Lysobacter_OAE881	ABIE51_RS17555	ABIE51_RS17555		ACT domain-containing protein	-0.102	-0.802	1.319	0.263	-1.102	-1.849	1.250	-1.246	-1.754	0.022	-1.190	-1.064	-0.452	1.251	0.835	0.805	-0.496	-1.509	-2.153	-0.970	-0.240	0.526	-1.011	-0.241	-0.272
Lysobacter_OAE881	ABIE51_RS17560	ABIE51_RS17560		aminotransferase class IV	-0.363	-0.877	-0.845	-0.046	-4.327	-7.197	-2.156	-6.931	-7.145	-2.597	-1.830	-4.286	-0.764	-0.543	-0.859	-0.345	-4.464	-4.206	-7.825	-3.195	-0.469	0.252	-6.002	-1.422	-0.331
Lysobacter_OAE881	ABIE51_RS17565	ABIE51_RS17565		threonine dehydratase	0.068	-1.121	-1.010	0.639	-5.146	-8.743	-1.022	-8.184	-4.530	0.678	-1.999	-5.663	-1.950	0.179	0.145	-1.317	-6.612	-7.861	-4.646	-3.339	0.367	0.503	-4.596	-1.387	0.109
Lysobacter_OAE881	ABIE51_RS17570	ABIE51_RS17570		2-isopropylmalate synthase	-0.961	-0.426	-0.546	-0.783	-2.552	-2.592	-0.558	-6.124	-4.962	-0.456	-0.128	-2.662	0.354	-0.361	-2.458	-1.492	-3.193	-2.969	-6.070	-2.136	-1.999	-1.529	-1.756	-0.693	-1.824
Lysobacter_OAE881	ABIE51_RS17575	ABIE51_RS17575		3-isopropylmalate dehydratase large subunit	0.639	-0.508	-2.668	-0.844	-1.466	-4.155	-1.137	-6.328	-4.795	0.791	-1.493	-3.244	-1.193	-2.444	0.332	-0.680	-3.602	-2.738	-3.907	-3.577	-1.455	-0.301	-2.394	-0.048	-0.168
Lysobacter_OAE881	ABIE51_RS17580	ABIE51_RS17580		3-isopropylmalate dehydratase small subunit	-0.633	-0.126	-0.605	-0.172	-3.129	-2.605	-0.081	-6.273	-4.185	-1.173	0.091	-3.159	-1.482	-0.790	0.749	0.017	-3.247	-4.233	-4.282	-4.614	-1.160	-1.083	-1.507	-2.386	-0.285
Lysobacter_OAE881	ABIE51_RS17585	ABIE51_RS17585		3-isopropylmalate dehydrogenase	-0.256	0.505	-0.041	0.226	-5.551	-6.429	1.578	-6.847	-3.667	1.594	-1.388	-5.472	-1.165	-0.683	1.212	1.297	-4.935	-5.978	-6.235	-4.294	-2.455	0.707	-1.639	0.167	0.939
Lysobacter_OAE881	ABIE51_RS17590	ABIE51_RS17590		hypothetical protein	-0.343	1.128	-0.190	-0.622	0.258	-0.764	0.687	-0.811	0.060	-0.273	0.671	-1.380	0.308	0.458	1.274	-0.458	0.644	-0.234	2.569	-0.513	0.534	0.760	0.008	1.109	-0.513
Lysobacter_OAE881	ABIE51_RS17595	ABIE51_RS17595		efflux RND transporter permease subunit	0.999	1.407	-1.289	1.017	-0.926	-0.636	0.461	0.960	-1.095	1.108	0.494	-0.630	-1.140	-1.608	-0.091	-0.532	0.319	0.177	0.787	-0.037	0.045	0.261	-0.388	0.460	1.643
Lysobacter_OAE881	ABIE51_RS17600	ABIE51_RS17600		efflux RND transporter periplasmic adaptor subunit	-0.515	-0.649	-3.453	0.917	-1.611	-1.491	-0.571	-0.459	-1.374	0.875	-1.215	-0.873	-0.799	-0.622	-1.073	-2.648	-2.364	-1.137	-0.748	0.077	-1.398	-1.397	-0.499	-0.188	-0.989
Lysobacter_OAE881	ABIE51_RS17605	ABIE51_RS17605		TetR/AcrR family transcriptional regulator	-1.509	-1.993	0.651	-2.940	0.897	0.270	-0.476	1.537	-0.153	-0.520	1.815	0.589	-1.617	0.783	0.502	-1.135	1.160	0.851	0.762	0.784	-0.639	1.096	-0.712	-0.210	-1.054
Lysobacter_OAE881	ABIE51_RS17615	ABIE51_RS17615		TolC family outer membrane protein	-1.166	1.018	-0.838	1.814	-3.041	-1.236	0.745	0.984	-0.239	-1.154	0.568	-0.750	-1.756	0.161	0.691	-1.094	-2.119	-0.958	-0.488	0.360	-0.827	1.057	-1.196	0.145	0.390
Lysobacter_OAE881	ABIE51_RS17620	ABIE51_RS17620		phosphatase PAP2 family protein	0.545	-1.020	-1.620	2.159	0.680	-0.421	-0.498	-10.139	-0.685	-0.148	0.826	-0.302	0.030	1.148	2.397	0.235	0.605	-0.073	-9.870	0.293	-0.283	-0.789	1.930	0.303	0.768
Lysobacter_OAE881	ABIE51_RS17630	ABIE51_RS17630		LpxL/LpxP family Kdo(2)-lipid IV(A) lauroyl/palmitoleoyl acyltransferase	-5.178	-3.966	-8.013	-4.693	-6.269	-8.129	-4.938	-8.670	-6.866	-3.117	-4.255	-5.599	-5.113	-5.392	-2.645	-8.531	-4.609	-5.675	-6.187	-4.738	-4.957	-2.373	-7.213	-4.381	-4.782
Lysobacter_OAE881	ABIE51_RS17635	ABIE51_RS17635		O-antigen ligase	-2.163	-2.830	-1.562	-0.941	-2.503	-2.604	-4.078	1.081	-3.537	-2.779	1.329	-1.623	-3.317	-2.464	-1.166	-0.491	-1.807	-3.313	2.142	0.096	-1.487	0.326	-0.502	-3.297	-6.099
Lysobacter_OAE881	ABIE51_RS17640	ABIE51_RS17640		glycosyltransferase	-2.623	-3.783	2.007	-4.423	-3.755	-0.980	-1.606	3.116	-0.821	-2.814	3.006	-1.366	-4.048	-1.428	-2.631	0.665	-1.409	-1.606	2.238	-0.666	-3.678	1.580	0.025	-2.570	-2.020
Lysobacter_OAE881	ABIE51_RS17645	ABIE51_RS17645		zinc-finger domain-containing protein	0.247	-0.563	0.137	1.574	-0.173	1.246	-0.193	0.812	0.794	-0.060	-0.137	0.169	1.117	0.468	0.500	0.030	0.961	-0.235	0.913	0.412	0.617	-0.926	-0.209	0.125	-0.882
Lysobacter_OAE881	ABIE51_RS17655	ABIE51_RS17655		YceI family protein	-0.697	0.130	-0.236	1.448	-0.057	-0.473	0.467	0.833	0.544	-0.036	1.058	0.395	1.994	0.332	-0.616	-0.176	0.676	-0.476	2.210	0.061	-0.282	-0.815	0.017	0.243	-0.435
Lysobacter_OAE881	ABIE51_RS17660	ABIE51_RS17660		malonic semialdehyde reductase	0.554	1.901	-0.962	0.271	-0.241	0.516	1.341	0.792	-0.504	0.791	2.439	-0.043	1.618	0.264	0.259	-2.683	-0.612	-0.390	1.538	0.312	1.172	1.012	-0.101	0.088	0.771
Lysobacter_OAE881	ABIE51_RS17665	ABIE51_RS17665		mitochondrial fission ELM1 family protein	-1.067	-0.662	-1.976	-2.407	-0.344	-1.716	-1.642	0.177	-3.396	-1.985	-0.269	-0.548	-0.153	-1.743	-0.351	-2.283	-0.794	-3.399	1.208	-0.218	-2.176	-1.506	-1.371	-0.802	-1.053
Lysobacter_OAE881	ABIE51_RS17670	ABIE51_RS17670		bifunctional [glutamate--ammonia ligase]-adenylyl-L-tyrosine phosphorylase/[glutamate--ammonia-ligase] adenylyltransferase	0.295	0.265	-3.646	-1.039	-4.656	-4.161	0.901	-3.693	-2.836	0.363	-0.848	-2.369	1.572	-0.500	-0.531	-3.939	-2.256	-3.474	-3.486	-1.782	-0.407	0.252	-2.597	1.681	1.072
Lysobacter_OAE881	ABIE51_RS17675	ABIE51_RS17675		DUF6445 family protein	-0.332	0.273	0.196	1.010	0.362	0.482	0.575	0.196	0.168	0.001	0.747	0.192	1.021	-1.247	0.184	-0.484	0.812	-0.393	-0.177	0.178	1.011	1.140	0.568	0.368	-0.191
Lysobacter_OAE881	ABIE51_RS17690	ABIE51_RS17690		helix-turn-helix transcriptional regulator	0.404	-1.079	0.946	-0.281	-0.522	-0.867	0.278	-0.619	-0.454	-0.136	-0.256	-0.071	0.864	-1.279	-0.715	1.252	-0.549	-2.821	-1.847	-1.212	0.347	-1.017	-0.355	-0.837	-0.151
Lysobacter_OAE881	ABIE51_RS17695	ABIE51_RS17695		hypothetical protein	0.615	-0.411	2.053	1.742	0.017	-0.183	0.377	-0.524	0.156	0.052	0.191	0.596	-1.381	1.849	0.640	1.177	-0.055	-0.444	-0.298	0.477	-0.835	0.193	0.277	1.495	0.473
Lysobacter_OAE881	ABIE51_RS17700	ABIE51_RS17700		divalent-cation tolerance protein CutA	1.133	0.747	-0.290	-1.458	-0.619	0.405	0.758	-0.062	0.703	-0.176	1.884	-0.354	1.647	-0.542	0.269	-0.574	-1.076	-1.319	-0.124	1.658	-0.081	1.402	0.172	0.004	-0.688
Lysobacter_OAE881	ABIE51_RS17705	ABIE51_RS17705		protein-disulfide reductase DsbD	-2.919	-1.225	-2.460	-3.701	2.151	2.042	0.007	-6.781	0.489	-1.786	-1.237	-2.806	-2.979	-3.935	6.099	-2.797	3.140	2.019	-8.534	0.061	-3.132	0.028	0.803	0.127	-0.925
Lysobacter_OAE881	ABIE51_RS17710	ABIE51_RS17710		TlpA disulfide reductase family protein	1.303	0.232	-2.424	0.628	-0.332	-0.333	1.058	-1.199	0.239	1.194	-1.132	-0.391	0.357	1.273	1.340	-2.846	-1.594	0.161	-1.971	0.085	-1.024	1.112	-1.349	0.259	-0.188
Lysobacter_OAE881	ABIE51_RS17715	ABIE51_RS17715		type II 3-dehydroquinate dehydratase	0.184	0.129	-7.402	0.832	-5.363	-8.224	0.518	-8.012	-5.556	-1.339	-1.686	-4.460	-2.854	-2.962	-0.148	-7.455	-4.236	-6.631	-6.931	-5.096	0.418	1.056	-3.332	1.277	-2.010
Lysobacter_OAE881	ABIE51_RS17730	ABIE51_RS17730		energy transducer TonB	-0.722	-0.282	-0.617	0.097	-0.493	0.906	-0.433	-0.373	1.208	0.583	0.432	-0.526	0.898	-0.402	-1.554	-0.771	-1.063	-0.856	0.561	-0.552	0.116	0.184	-0.389	-1.515	-0.354
Lysobacter_OAE881	ABIE51_RS17735	ABIE51_RS17735		hypothetical protein	1.850	1.325	1.625	-0.176	0.472	1.421	0.792	0.221	1.038	0.221	2.098	0.762	0.436	1.858	1.672	2.426	1.712	0.000	1.471	0.647	1.796	1.392	1.394	0.721	-0.387
Lysobacter_OAE881	ABIE51_RS17740	ABIE51_RS17740		hypothetical protein	0.230	-0.327	-3.343	-0.319	-0.937	-0.773	-0.351	0.082	-0.209	0.684	1.956	0.581	-1.643	-1.672	0.792	-3.024	-0.177	-0.221	-0.475	-1.408	-2.044	0.707	-1.119	1.313	-0.643
Lysobacter_OAE881	ABIE51_RS17745	ABIE51_RS17745		50S ribosomal protein L11 methyltransferase	-0.741	0.939	-0.962	0.291	-0.993	0.012	-0.817	-0.019	0.170	-0.393	-0.154	0.595	-0.684	1.947	0.672	0.401	-0.923	-0.432	0.383	0.078	2.311	0.756	-0.035	-1.668	-0.556
Lysobacter_OAE881	ABIE51_RS17750	ABIE51_RS17750		DUF3426 domain-containing protein	-0.300	0.012	1.431	-0.506	0.066	1.244	0.648	1.075	0.686	0.972	3.693	0.970	1.100	-0.012	0.345	0.934	0.937	0.181	1.013	0.647	1.331	0.542	1.531	-0.730	-0.047
Lysobacter_OAE881	ABIE51_RS17760	ABIE51_RS17760		bifunctional phosphoribosylaminoimidazolecarboxamide formyltransferase/IMP cyclohydrolase	-2.167	-0.589	-7.459	-4.101	-6.083	-9.436	-0.942	-8.608	-8.122	-2.208	-3.387	-4.007	-2.445	-0.323	-2.070	-4.478	-5.294	-6.574	-8.901	-4.791	-1.709	-1.222	-5.447	-1.198	0.117
Lysobacter_OAE881	ABIE51_RS17765	ABIE51_RS17765		N-acetyltransferase	0.292	-0.052	-0.226	-0.774	-1.377	-0.647	-0.158	0.737	-0.844	0.035	0.291	0.369	-0.759	0.067	0.550	-0.497	-0.539	0.349	0.757	-0.797	1.231	0.222	-0.815	-0.395	-0.678
Lysobacter_OAE881	ABIE51_RS17770	ABIE51_RS17770		phosphoribosylamine--glycine ligase	-0.583	0.683	-3.759	-0.040	-4.012	-5.381	-1.110	-3.873	-3.680	0.805	-2.146	-3.395	1.126	-0.717	0.582	-4.329	-3.200	-2.619	-5.516	-3.937	-2.611	-0.335	-3.793	0.618	-1.579
Lysobacter_OAE881	ABIE51_RS17775	ABIE51_RS17775		hypothetical protein	-0.744	-0.581	-1.112	-0.394	-0.863	-1.063	0.135	1.551	-0.821	-0.758	0.240	-0.956	-1.384	0.063	0.184	-0.292	-1.242	-0.589	-0.409	-0.892	0.775	-1.000	0.289	-0.438	-2.147
Lysobacter_OAE881	ABIE51_RS17780	ABIE51_RS17780		serine hydrolase domain-containing protein	0.538	0.528	1.193	0.694	0.649	-0.276	0.030	-0.047	-0.612	0.950	1.074	0.739	0.990	-0.477	-1.357	0.722	-0.594	0.730	1.426	-0.870	2.429	-0.672	0.530	0.601	0.063
Lysobacter_OAE881	ABIE51_RS17785	ABIE51_RS17785		MFS transporter	0.448	0.603	0.077	-0.075	-0.864	-0.364	0.574	0.163	-1.122	-1.680	-0.835	-0.252	1.180	1.222	0.143	0.301	-1.347	0.114	-0.182	0.092	-1.226	-0.613	-1.129	-0.383	0.209
Lysobacter_OAE881	ABIE51_RS17790	ABIE51_RS17790		CD225/dispanin family protein	-0.912	-2.049	-2.199	-1.151	-2.552	-1.122	-1.525	-2.651	-0.211	1.463	1.416	-0.731	-0.677	0.256	-1.143	-0.364	0.337	0.460	-1.084	-0.613	-1.153	-0.011	-1.539	-3.457	0.145
Lysobacter_OAE881	ABIE51_RS17800	ABIE51_RS17800		hypothetical protein	1.309	2.401	-0.650	1.904	0.371	-0.749	0.151	0.216	0.390	1.016	-1.324	0.065	1.190	0.465	-0.268	0.161	-0.296	0.995	-1.316	-0.852	0.592	1.698	0.657	-0.146	0.285
Lysobacter_OAE881	ABIE51_RS17805	ABIE51_RS17805		NAD(+) diphosphatase	-0.070	-0.882	-0.470	-1.042	1.287	0.663	1.162	-0.046	-0.416	0.156	0.170	-0.872	-1.338	-1.260	-0.736	-0.400	0.308	0.666	-0.190	0.489	1.051	-1.563	0.048	0.429	0.096
Lysobacter_OAE881	ABIE51_RS17815	ABIE51_RS17815		DUF6776 family protein	-0.085	0.080	-1.091	-0.806	-0.376	2.259	-0.232	-1.006	-0.377	-0.330	-0.490	-1.245	2.207	0.182	0.099	-0.285	-0.877	-0.492	-0.398	-0.059	-1.195	1.003	-0.516	-0.914	-0.428
Lysobacter_OAE881	ABIE51_RS17820	ABIE51_RS17820		polymer-forming cytoskeletal protein	-0.180	1.341	0.590	0.638	-0.361	1.390	-0.457	1.370	0.443	1.287	1.065	1.420	-1.873	1.113	-0.664	0.296	0.397	1.284	-0.035	0.406	1.073	0.383	-0.270	1.414	0.886
Lysobacter_OAE881	ABIE51_RS17825	ABIE51_RS17825		DUF6776 family protein	-1.302	0.685	0.578	-1.327	-0.159	-0.888	-0.224	0.029	0.586	-0.471	0.946	-0.822	1.745	-0.708	-1.213	-0.028	-1.726	-0.403	-0.254	0.633	-0.284	-0.017	0.409	-0.438	0.497
Lysobacter_OAE881	ABIE51_RS17830	ABIE51_RS17830		DUF4126 domain-containing protein	-0.382	-0.682	0.564	-1.111	-0.604	-0.740	0.648	-0.880	0.352	-0.366	0.350	0.208	-0.563	0.510	-0.152	0.414	-2.238	-0.056	0.285	0.812	-1.426	-0.438	1.441	-1.628	0.740
Lysobacter_OAE881	ABIE51_RS17835	ABIE51_RS17835		bacterioferritin	0.552	-0.133	0.251	0.024	0.822	0.152	0.519	0.527	0.108	-0.230	1.506	-0.450	0.443	-0.385	-1.086	1.745	0.833	0.347	2.031	0.063	1.380	1.055	-0.166	0.433	0.915
Lysobacter_OAE881	ABIE51_RS17840	ABIE51_RS17840		(2Fe-2S)-binding protein	0.382	0.080	1.959	-1.582	1.042	2.086	0.078	1.916	1.023	0.747	0.637	0.026	0.410	-0.790	1.098	1.802	2.113	0.160	0.914	1.064	3.599	0.959	-0.848	-0.835	0.160
Lysobacter_OAE881	ABIE51_RS17845	ABIE51_RS17845		RNA pyrophosphohydrolase	-1.329	-0.035	1.073	-1.151	-0.450	-0.064	1.003	1.940	0.815	-1.373	2.387	1.109	-1.175	0.066	-0.715	1.668	0.125	-1.078	0.168	-0.423	-0.538	-0.884	3.350	-0.967	-0.209
Lysobacter_OAE881	ABIE51_RS17855	ABIE51_RS17855		FAD-dependent oxidoreductase	-0.050	0.348	-0.260	-1.059	-0.019	-0.087	-0.371	-0.023	-0.672	-0.704	0.669	-0.723	-0.906	-0.866	-0.218	-0.180	-0.180	-0.755	-0.122	-0.235	-0.306	-1.047	0.167	0.087	-0.265
Lysobacter_OAE881	ABIE51_RS17860	ABIE51_RS17860		hypothetical protein	0.163	0.552	1.556	0.543	0.850	0.409	2.129	1.603	1.379	0.279	0.137	0.316	-0.573	0.751	-1.258	0.524	-0.283	0.072	-0.309	1.311	-0.800	0.134	0.738	0.014	1.139
Lysobacter_OAE881	ABIE51_RS17865	ABIE51_RS17865		PA2169 family four-helix-bundle protein	-0.071	1.542	1.645	-0.809	0.879	0.155	1.190	1.568	0.853	1.686	0.408	0.401	0.776	1.343	0.846	1.625	0.620	0.197	0.706	1.801	-0.311	0.712	0.732	0.064	-1.021
Lysobacter_OAE881	ABIE51_RS17870	ABIE51_RS17870		response regulator transcription factor	0.201	0.212	-0.199	0.666	0.120	0.171	0.510	-0.007	-1.076	1.706	0.059	-0.085	0.104	-0.252	0.162	0.294	-0.314	-1.246	0.746	-0.062	-0.504	0.167	-1.078	-0.077	-1.056
Lysobacter_OAE881	ABIE51_RS17875	ABIE51_RS17875		biliverdin-producing heme oxygenase	0.164	0.763	0.175	0.635	0.272	-0.341	0.798	0.965	0.910	-1.955	-0.444	0.028	-0.166	0.546	1.323	0.879	1.244	0.961	0.601	0.770	0.729	-0.393	0.701	-0.677	1.142
Lysobacter_OAE881	ABIE51_RS17880	ABIE51_RS17880		GAF domain-containing protein	1.362	1.280	2.149	-0.459	0.624	1.098	-0.659	0.924	1.261	0.182	-0.310	0.728	1.573	0.739	0.601	1.609	0.876	-0.398	0.886	1.148	1.931	0.225	1.261	1.650	-0.542
Lysobacter_OAE881	ABIE51_RS17885	ABIE51_RS17885		DUF2092 domain-containing protein	-0.077	0.670	0.626	0.319	0.371	0.725	1.402	-0.348	0.163	-0.298	-0.560	0.054	0.968	0.235	-0.326	1.080	-0.374	-1.075	0.845	-0.343	0.904	-0.926	-0.113	0.001	0.730
Lysobacter_OAE881	ABIE51_RS17895	ABIE51_RS17895		hypothetical protein	0.208	-0.618	0.218	0.630	0.318	0.485	0.150	0.892	1.024	0.189	0.371	0.146	0.747	0.729	0.905	0.613	1.196	-0.064	0.616	0.396	-0.961	0.050	0.213	0.457	-0.309
Lysobacter_OAE881	ABIE51_RS17900	ABIE51_RS17900		transporter	0.543	-1.016	0.092	-0.619	0.014	-0.175	0.267	-0.622	-0.729	-0.613	-0.352	-0.291	-0.108	0.717	0.192	-0.888	2.033	0.096	-0.791	-0.496	-0.191	-0.299	0.736	-1.211	0.030
Lysobacter_OAE881	ABIE51_RS17905	ABIE51_RS17905		transporter	-0.217	2.046	0.708	0.644	0.265	0.827	1.135	0.875	0.434	1.993	-0.443	0.364	0.556	0.414	-0.516	-0.257	0.195	1.983	0.431	0.791	-0.139	1.549	0.135	-0.672	0.004
Lysobacter_OAE881	ABIE51_RS17910	ABIE51_RS17910		BamA/TamA family outer membrane protein	0.101	-0.391	-0.250	-0.935	-1.118	-1.037	-1.882	-0.730	-1.646	-1.904	-0.039	-1.464	0.447	0.189	-1.148	-0.373	0.067	-1.034	-0.434	0.235	-0.058	-1.166	-0.154	-1.194	0.725
Lysobacter_OAE881	ABIE51_RS17915	ABIE51_RS17915		low affinity iron permease family protein	-0.060	0.194	0.068	-1.182	-1.465	-1.100	-1.080	-0.402	-0.920	-0.050	-0.507	-1.414	-0.602	-1.118	-0.840	-1.144	0.076	-0.008	-1.556	-0.614	-1.236	-0.973	0.821	-0.097	-0.514
Lysobacter_OAE881	ABIE51_RS17925	ABIE51_RS17925		DUF3182 family protein	-0.002	-0.587	-0.357	1.270	-0.245	-0.056	1.100	-0.024	-0.752	-0.328	-0.509	0.418	-0.420	2.013	-1.008	-0.010	1.295	0.255	-1.126	0.224	0.351	1.108	0.040	0.376	0.264
Lysobacter_OAE881	ABIE51_RS17930	ABIE51_RS17930		alpha/beta fold hydrolase	-0.510	-1.171	-0.222	-0.048	-0.897	-1.120	-1.835	-2.474	-3.239	-0.860	1.893	-1.961	-0.815	0.364	-1.577	-0.135	-1.290	-0.857	-0.080	-4.061	-2.032	-0.411	1.075	-0.658	0.175
Lysobacter_OAE881	ABIE51_RS17935	ABIE51_RS17935		SDR family oxidoreductase	-0.587	-1.002	-0.794	0.553	0.381	0.832	0.319	-0.119	0.541	0.340	-0.766	0.062	-0.429	-0.011	-0.277	0.087	-0.774	-1.225	-0.877	0.114	-2.420	-0.896	0.279	-0.568	0.162
Lysobacter_OAE881	ABIE51_RS17945	ABIE51_RS17945		S41 family peptidase	-0.395	0.157	-0.061	-0.498	-1.844	-0.299	0.140	-0.169	-1.266	-1.519	0.105	-2.002	0.013	0.878	-1.259	0.074	-0.286	-0.462	0.773	-0.527	0.346	-0.039	-0.070	-1.221	-0.835
Lysobacter_OAE881	ABIE51_RS17950	ABIE51_RS17950		6-carboxytetrahydropterin synthase QueD	-0.161	-1.694	0.747	-0.588	1.612	1.143	-0.716	-0.448	0.313	-2.854	0.257	-0.020	0.441	0.788	-0.351	1.868	-1.177	0.635	0.884	0.336	0.019	-0.143	1.032	2.934	-2.235
Lysobacter_OAE881	ABIE51_RS17955	ABIE51_RS17955		patatin-like phospholipase family protein	-0.171	-0.274	0.458	0.310	0.531	0.171	-0.140	0.361	0.534	-0.136	0.932	-0.188	-0.278	-0.372	0.196	-0.406	-0.705	0.119	0.422	0.132	-0.410	-0.267	1.747	0.063	0.104
Lysobacter_OAE881	ABIE51_RS17970	ABIE51_RS17970		RES family NAD+ phosphorylase	1.559	0.070	0.707	0.086	0.325	1.926	0.907	0.541	1.702	1.270	-0.563	0.414	1.313	0.189	0.610	1.957	0.767	1.349	1.398	0.944	0.254	2.977	1.132	0.173	0.517
Lysobacter_OAE881	ABIE51_RS17975	ABIE51_RS17975		inner membrane protein YiaA	0.289	-0.612	0.224	1.335	-0.267	-0.355	-0.305	0.405	-0.318	-0.271	-0.177	0.301	-0.055	0.443	-0.201	0.172	-0.169	0.226	0.274	-0.136	1.192	0.188	-0.018	-1.175	-1.921
Lysobacter_OAE881	ABIE51_RS17980	ABIE51_RS17980		multidrug efflux RND transporter permease subunit	-0.423	1.247	-0.296	1.486	-2.870	-1.989	-1.239	-1.486	-1.278	0.198	-1.106	-2.177	-1.777	-0.152	-0.922	-0.388	-3.130	-2.119	-1.208	-1.005	-1.285	2.338	-2.287	1.508	1.116
Lysobacter_OAE881	ABIE51_RS17985	ABIE51_RS17985		efflux RND transporter periplasmic adaptor subunit	0.139	-0.769	-0.632	1.335	-2.535	-2.013	-1.465	-0.880	-0.746	0.386	0.045	-2.610	-1.817	-0.834	-1.086	-0.034	-3.575	-3.704	-1.230	-1.515	-1.052	-0.436	-2.078	0.447	1.869
Lysobacter_OAE881	ABIE51_RS17990	ABIE51_RS17990		dethiobiotin synthase	1.635	0.500	1.106	-0.094	0.396	-0.297	0.591	-0.178	-0.208	0.271	-0.435	0.996	1.312	-0.576	1.759	-0.286	0.277	1.157	1.407	1.264	-0.851	-1.657	0.831	-0.463	0.194
Lysobacter_OAE881	ABIE51_RS17995	ABIE51_RS17995		GAF domain-containing protein	0.542	2.147	0.919	-0.922	-0.604	0.322	0.458	0.727	-0.612	0.793	1.184	1.134	-0.066	0.409	0.969	1.039	0.753	0.646	1.206	0.763	-1.361	-0.259	0.016	-0.079	-0.066
Lysobacter_OAE881	ABIE51_RS18000	ABIE51_RS18000		TfoX/Sxy family protein	-0.427	-0.548	3.081	-0.822	0.081	1.443	0.059	1.279	0.732	-0.584	2.902	0.617	-0.225	0.515	0.204	4.117	0.859	0.784	0.156	0.833	0.243	0.752	1.199	0.511	-1.327
Lysobacter_OAE881	ABIE51_RS18005	ABIE51_RS18005		TonB-dependent vitamin B12 receptor	1.095	0.314	-0.601	0.035	-0.045	0.014	-0.386	-0.266	-0.734	0.916	-0.846	-0.116	-0.382	0.583	0.295	-0.119	-0.238	0.813	0.613	-0.007	0.556	-0.247	-0.436	-0.888	-0.828
Lysobacter_OAE881	ABIE51_RS18010	ABIE51_RS18010		isochorismatase family cysteine hydrolase	0.752	0.253	0.500	2.029	2.212	0.295	0.090	0.581	1.133	-0.451	-0.119	0.635	0.720	1.384	1.962	1.284	0.020	0.065	1.643	-0.511	1.999	-0.252	0.291	0.565	1.117
Lysobacter_OAE881	ABIE51_RS18015	ABIE51_RS18015		carboxypeptidase regulatory-like domain-containing protein	-1.232	-0.631	-0.134	-0.207	0.499	0.091	0.375	0.038	0.664	-0.797	-1.017	0.812	-0.511	-0.234	0.064	0.728	-0.632	-1.373	-1.071	0.127	0.863	-0.316	1.844	-0.339	0.258
Lysobacter_OAE881	ABIE51_RS18020	ABIE51_RS18020		hypothetical protein	1.351	1.242	-1.217	0.219	-1.642	-1.621	-0.021	-0.941	-0.615	0.690	-1.023	-2.241	0.696	0.324	-0.375	-0.116	-0.102	0.216	0.324	1.651	-0.659	1.282	-0.121	0.087	0.777
Lysobacter_OAE881	ABIE51_RS18030	ABIE51_RS18030		BatA domain-containing protein	0.435	0.351	0.678	0.809	0.209	0.623	0.195	0.393	0.795	1.329	1.729	0.093	0.803	1.002	0.810	0.741	-0.189	0.596	-0.353	-1.655	0.522	0.770	0.201	1.719	1.201
Lysobacter_OAE881	ABIE51_RS18035	ABIE51_RS18035		DUF58 domain-containing protein	1.126	0.330	0.694	0.324	0.197	0.165	-0.688	-0.558	-0.236	-1.476	-0.851	-0.617	0.570	-2.168	0.793	-0.050	-0.451	-0.926	-0.071	-1.623	-0.125	-1.245	-0.829	0.130	-0.675
Lysobacter_OAE881	ABIE51_RS18040	ABIE51_RS18040		MoxR family ATPase	-1.688	-1.556	1.608	0.073	2.278	1.236	-1.571	-1.281	0.539	0.519	-2.299	-0.619	-0.318	0.079	0.433	-0.308	0.658	-0.774	-0.651	0.511	1.457	-0.551	0.707	0.923	-1.014
Lysobacter_OAE881	ABIE51_RS18045	ABIE51_RS18045		DUF4159 domain-containing protein	-0.078	0.368	-0.341	0.784	0.652	-0.428	-0.319	0.498	0.013	0.569	0.872	-1.090	-1.423	0.688	-0.301	-0.508	0.009	1.688	0.048	0.351	-0.625	-0.377	-0.109	2.060	-0.796
Lysobacter_OAE881	ABIE51_RS18050	ABIE51_RS18050		TldD/PmbA family protein	1.055	-0.376	-0.187	1.285	-1.746	-0.424	-0.898	-0.856	0.135	-0.625	-0.207	-0.229	-0.523	-0.497	1.115	0.013	0.227	-0.385	-0.348	-0.732	-0.914	-0.265	0.881	-0.772	0.418
Lysobacter_OAE881	ABIE51_RS18055	ABIE51_RS18055		TldD/PmbA family protein	-0.311	0.906	1.551	0.399	-0.315	1.203	0.990	1.514	1.400	-0.256	1.721	0.954	0.006	-0.001	0.046	1.298	-0.997	-0.095	-0.678	0.263	0.120	0.292	0.613	-0.201	-0.131
Lysobacter_OAE881	ABIE51_RS18060	ABIE51_RS18060		TldD/PmbA family protein	-0.249	-0.115	0.713	-0.480	0.591	0.200	1.208	-0.117	1.118	0.073	0.129	0.554	0.074	0.468	0.067	-0.036	-0.220	0.245	-0.123	-0.182	0.443	-0.066	0.215	0.316	-0.288
Lysobacter_OAE881	ABIE51_RS18065	ABIE51_RS18065		PhzF family phenazine biosynthesis protein	-0.703	0.173	-0.672	-1.932	-0.273	-0.463	-2.279	-0.181	-0.713	-0.127	1.065	-0.110	-0.524	1.588	-0.915	0.719	0.922	0.813	-0.403	-0.061	-0.535	0.215	0.273	0.538	-0.530
Lysobacter_OAE881	ABIE51_RS18070	ABIE51_RS18070		DUF1214 domain-containing protein	-0.616	0.324	0.131	0.611	0.518	0.492	0.386	-0.631	-0.210	-0.544	-0.968	-0.154	-0.131	-0.275	0.273	0.436	0.661	-0.477	-0.088	0.315	0.580	1.195	-0.297	0.347	-0.610
Lysobacter_OAE881	ABIE51_RS18075	ABIE51_RS18075		DUF1254 domain-containing protein	-0.483	-0.049	0.580	0.323	1.097	-0.552	-1.115	1.057	0.053	0.055	-0.430	-0.193	0.937	0.424	0.046	-0.474	0.049	1.068	0.772	-0.604	1.043	-0.905	0.339	0.330	0.663
Lysobacter_OAE881	ABIE51_RS18080	ABIE51_RS18080		fimbrial protein	0.883	0.321	1.255	-1.325	-0.082	0.494	0.868	0.505	1.845	-0.100	1.086	0.080	0.074	0.222	-0.146	0.125	0.584	0.300	0.726	0.041	0.033	0.129	1.141	0.531	-0.457
Lysobacter_OAE881	ABIE51_RS18085	ABIE51_RS18085		fimbria/pilus outer membrane usher protein	0.461	-0.886	0.571	0.003	-0.503	0.211	-0.536	-0.374	-0.477	0.122	-1.063	-0.782	-0.008	0.847	-0.524	0.059	0.368	-0.533	0.937	-0.663	-0.139	-0.938	0.147	-0.030	-1.137
Lysobacter_OAE881	ABIE51_RS18090	ABIE51_RS18090		fimbria/pilus periplasmic chaperone	0.428	-1.022	1.272	-0.148	-0.824	-1.031	-1.720	-0.535	1.127	-2.120	-2.941	-0.770	-0.626	-0.237	0.545	0.388	-0.109	-0.936	-0.061	-2.910	-0.071	-1.003	-0.662	-0.165	-1.755
Lysobacter_OAE881	ABIE51_RS18095	ABIE51_RS18095		fimbrial protein	-0.035	0.864	0.267	1.054	1.439	-0.011	1.179	0.425	1.078	0.680	0.575	1.463	-1.103	1.880	0.645	-0.831	0.461	-0.024	0.813	-0.170	1.269	-0.524	0.120	-0.090	0.733
Lysobacter_OAE881	ABIE51_RS18100	ABIE51_RS18100		dihydrofolate reductase family protein	-0.705	1.294	-0.805	-0.170	0.456	0.537	-1.239	0.147	0.275	0.332	-0.272	-0.284	0.309	-0.708	-0.744	0.891	0.968	-0.738	-0.141	0.592	0.515	-1.249	0.086	-0.568	-0.083
Lysobacter_OAE881	ABIE51_RS18105	ABIE51_RS18105		GFA family protein	-1.309	0.221	1.051	0.558	0.020	0.657	-1.008	-1.914	0.559	0.106	-0.159	0.623	-0.435	1.730	-0.812	-1.180	0.301	-0.028	1.161	0.323	-1.338	-0.072	-0.622	0.808	-1.258
Lysobacter_OAE881	ABIE51_RS18110	ABIE51_RS18110		choice-of-anchor Q domain-containing protein	-0.106	-0.702	-0.137	-0.012	-0.390	0.630	-0.601	-0.863	0.710	-0.514	-1.382	-1.502	-0.603	-0.468	-0.913	-0.261	0.408	-0.055	0.106	-0.208	0.780	-0.994	-0.123	0.016	-1.284
Lysobacter_OAE881	ABIE51_RS18115	ABIE51_RS18115		hypothetical protein	-0.821	0.470	0.329	-0.454	-1.168	1.271	-0.428	-0.215	1.569	-0.232	2.758	0.284	-0.137	-0.273	0.131	-0.969	1.496	0.031	0.155	0.240	0.078	0.318	2.944	-0.046	0.053
Lysobacter_OAE881	ABIE51_RS18120	ABIE51_RS18120		hypothetical protein	-1.459	-0.642	0.035	0.030	-1.320	0.159	-1.319	-0.255	0.683	0.963	2.638	1.911	1.247	-0.580	-0.278	-2.191	1.413	0.129	0.647	-0.024	-0.719	-0.168	2.002	0.686	-1.135
Lysobacter_OAE881	ABIE51_RS18125	ABIE51_RS18125		hypothetical protein	-0.328	-0.194	0.836	-2.801	-1.037	0.278	-1.043	-0.119	1.266	0.532	0.790	0.295	-0.044	-0.498	1.043	-0.409	1.339	-0.278	-1.271	-0.380	0.522	0.521	0.136	0.507	-0.417
Lysobacter_OAE881	ABIE51_RS18130	ABIE51_RS18130		glycosyltransferase family 2 protein	0.851	2.226	-0.154	-2.167	0.551	-0.940	-0.184	-0.709	-0.547	0.338	0.276	-0.373	-1.207	-1.108	-0.936	0.426	-0.027	1.004	-0.279	0.552	0.543	-0.693	0.489	0.296	-1.738
Lysobacter_OAE881	ABIE51_RS18135	ABIE51_RS18135		HEAT repeat domain-containing protein	-1.602	0.254	-0.401	0.443	-0.472	1.068	-0.929	-0.386	-0.178	-1.163	-0.804	0.325	-1.198	0.169	-2.144	-0.332	-1.882	-1.383	-0.228	-0.961	1.740	-0.029	-0.057	-0.974	-0.592
Lysobacter_OAE881	ABIE51_RS18140	ABIE51_RS18140		YaiO family outer membrane beta-barrel protein	-0.183	-0.286	-0.840	-1.750	-0.864	-1.161	-0.349	-0.980	-0.848	-0.053	-1.153	-1.177	-1.708	-0.390	0.200	-0.466	-0.949	0.239	-0.940	0.022	-1.138	-1.218	-0.107	-1.266	-0.001
Lysobacter_OAE881	ABIE51_RS18145	ABIE51_RS18145		response regulator	-0.182	-0.019	2.502	0.344	-0.109	0.752	1.925	-0.117	0.428	0.028	-0.505	0.144	-0.626	-0.722	-1.548	1.323	-0.715	-0.723	0.674	0.884	2.544	0.540	-0.216	-0.996	-1.461
Lysobacter_OAE881	ABIE51_RS18150	ABIE51_RS18150		CHASE3 domain-containing protein	-0.104	-1.341	0.105	-0.273	-0.520	-0.863	-0.887	-0.188	-0.631	0.009	-0.652	0.817	-0.195	-1.082	-0.713	-0.060	-0.951	-0.072	0.589	-0.958	-1.066	-1.425	0.161	-0.088	-1.252
Lysobacter_OAE881	ABIE51_RS18155	ABIE51_RS18155		hypothetical protein	-1.385	-0.483	-0.989	0.767	-0.119	-0.145	-0.861	-0.223	0.721	0.422	0.215	0.146	-0.232	-0.036	0.656	-0.156	0.392	-1.385	-0.028	0.253	0.816	-0.967	0.075	-0.014	-0.604
Lysobacter_OAE881	ABIE51_RS18160	ABIE51_RS18160		NAD(P)/FAD-dependent oxidoreductase	-1.072	-0.405	0.340	-0.783	-1.031	-0.506	-1.486	-0.958	0.661	-1.170	-0.868	-2.144	1.828	-0.603	-0.900	-0.407	-0.766	-0.417	0.825	-1.326	0.227	-0.675	-0.862	0.858	-0.303
Lysobacter_OAE881	ABIE51_RS18165	ABIE51_RS18165		polyamine aminopropyltransferase	0.056	1.099	-0.702	-0.877	-0.791	0.384	0.146	0.534	-0.616	-0.217	-0.001	-0.323	0.967	-0.948	0.036	-0.175	0.084	0.833	-0.833	-1.111	0.639	-0.066	-0.539	-0.386	-0.928
Lysobacter_OAE881	ABIE51_RS18170	ABIE51_RS18170		DUF350 domain-containing protein	0.348	0.586	-1.962	0.417	-0.155	-1.307	0.497	-0.724	-0.192	-0.669	-0.891	0.385	0.975	0.973	-0.281	-2.433	0.516	-1.378	-1.498	-0.797	0.856	-1.569	-0.673	-0.978	0.777
Lysobacter_OAE881	ABIE51_RS18175	ABIE51_RS18175		SPFH domain-containing protein	-0.913	1.149	0.118	0.021	-0.566	-0.975	-0.711	-0.745	-2.326	0.095	0.127	-0.483	-0.496	-0.070	-1.591	-1.418	0.724	0.696	-1.171	-1.397	0.315	-1.234	0.167	-1.585	-0.172
Lysobacter_OAE881	ABIE51_RS18180	ABIE51_RS18180		DUF4178 domain-containing protein	-0.310	0.068	0.523	0.480	-0.510	0.645	-0.203	0.562	0.375	0.620	0.492	0.675	0.006	-0.387	0.139	0.762	1.254	0.038	0.946	1.223	1.627	-0.583	-0.144	0.277	0.196
Lysobacter_OAE881	ABIE51_RS18185	ABIE51_RS18185		hypothetical protein	-1.367	-0.085	1.849	1.165	0.338	1.088	1.487	0.617	-0.471	1.148	-0.004	-1.630	1.162	-0.703	-0.528	-0.172	0.123	0.079	1.332	0.589	0.114	-0.270	-0.225	0.198	-0.395
Lysobacter_OAE881	ABIE51_RS18190	ABIE51_RS18190		PQQ-dependent sugar dehydrogenase	-0.728	-0.570	0.241	-1.253	-1.075	-0.511	-1.276	0.063	0.602	-0.621	-0.920	0.015	-0.641	-1.673	-0.194	-1.198	-0.492	-1.193	-0.611	-1.017	-0.195	-0.295	-0.571	-0.191	-2.681
Lysobacter_OAE881	ABIE51_RS18195	ABIE51_RS18195		Hsp20/alpha crystallin family protein	-0.765	0.581	-1.385	0.098	-0.008	-0.222	-0.037	-0.998	-0.624	-0.779	-0.024	-0.603	1.463	0.107	-0.004	0.240	0.958	-1.112	-0.850	-0.862	-0.451	-0.886	-0.285	-0.552	-0.873
Lysobacter_OAE881	ABIE51_RS18200	ABIE51_RS18200		hypothetical protein	-0.411	0.114	0.812	-1.023	-0.878	1.033	0.139	0.809	1.641	1.703	-0.105	1.616	2.431	-1.516	-0.704	1.883	1.302	-1.723	0.557	-0.541	1.178	0.138	1.838	-0.088	-0.510
Lysobacter_OAE881	ABIE51_RS18210	ABIE51_RS18210		threonine synthase	-1.183	1.749	0.010	0.165	0.033	1.096	-0.482	-0.292	-0.586	-0.063	-0.055	0.036	0.919	-0.231	0.449	1.276	0.242	1.263	0.627	0.280	-1.724	-0.295	0.357	0.092	0.285
Lysobacter_OAE881	ABIE51_RS18215	ABIE51_RS18215		fasciclin domain-containing protein	1.205	-1.054	-0.019	-2.283	0.388	0.525	0.193	0.690	-0.343	0.080	-0.527	1.268	0.835	0.472	-0.058	0.190	0.470	0.139	1.305	-0.377	-0.891	-0.172	0.541	-1.031	0.544
Lysobacter_OAE881	ABIE51_RS18220	ABIE51_RS18220		DUF6869 domain-containing protein	-0.254	0.495	-0.831	0.829	0.144	0.786	-0.357	0.655	0.919	0.346	-0.150	0.063	-0.093	0.093	-1.498	0.141	0.275	1.826	-1.322	0.288	-0.512	-0.542	-1.035	-0.846	-1.675
Lysobacter_OAE881	ABIE51_RS18225	ABIE51_RS18225		hypothetical protein	1.244	1.686	1.790	0.440	0.258	-0.557	1.256	-0.188	-0.765	0.473	0.064	0.116	-0.983	0.229	-0.026	-0.689	-0.116	0.560	0.032	-0.040	-1.362	-0.342	-2.345	0.027	-0.735
Lysobacter_OAE881	ABIE51_RS18230	ABIE51_RS18230		hypothetical protein	-0.218	0.592	-0.263	-1.053	0.061	0.210	-0.049	0.427	-0.414	-1.680	-1.226	-0.406	-0.005	-0.523	-0.895	-0.483	0.975	0.783	-0.347	-0.611	1.757	1.112	0.694	0.787	0.404
Lysobacter_OAE881	ABIE51_RS18235	ABIE51_RS18235		hypothetical protein	-0.615	-0.982	0.123	-2.077	-0.084	-0.788	0.171	-0.038	0.064	0.214	-0.652	-0.976	-0.919	-0.657	-0.551	-1.256	-0.800	0.245	-0.225	-0.949	-0.650	0.951	-0.088	0.069	-0.882
Lysobacter_OAE881	ABIE51_RS18240	ABIE51_RS18240		hypothetical protein	1.126	-0.772	-0.383	-0.865	-0.985	-0.028	-0.756	-0.530	0.607	0.278	0.138	1.085	0.777	-0.110	0.205	0.301	0.796	-0.562	0.645	-0.269	0.547	-1.869	0.410	-0.750	0.307
Lysobacter_OAE881	ABIE51_RS18245	ABIE51_RS18245		hypothetical protein	-0.189	1.158	-0.284	-0.762	0.978	0.163	-1.539	-0.609	1.393	-0.349	-1.182	-0.209	-0.338	-0.646	0.508	0.104	0.009	0.759	0.284	-0.389	-0.062	-0.308	-0.540	-0.186	-0.654
Lysobacter_OAE881	ABIE51_RS18250	ABIE51_RS18250		hypothetical protein	1.288	0.836	0.175	0.448	0.287	0.206	-0.135	-0.006	0.418	1.309	0.249	0.629	-1.180	0.931	1.539	1.443	-0.088	0.063	0.201	0.058	-0.002	0.474	0.551	0.253	-0.060
Lysobacter_OAE881	ABIE51_RS18255	ABIE51_RS18255		DUF6438 domain-containing protein	0.483	-1.162	-0.345	-0.672	-0.016	-1.029	0.469	-1.124	-0.509	-2.263	0.384	-0.792	-0.952	0.506	-0.214	-0.543	1.125	0.072	-0.781	-0.975	0.036	0.067	-0.156	-1.577	-1.086
Lysobacter_OAE881	ABIE51_RS18260	ABIE51_RS18260		glycoside hydrolase family 43 protein	0.099	0.459	0.276	-1.301	-0.622	0.322	-1.128	-0.332	-0.311	-1.005	-0.236	-0.272	-0.008	-0.324	-0.518	-0.257	-0.315	0.617	0.706	0.073	1.054	-0.582	-0.721	1.127	-0.663
Lysobacter_OAE881	ABIE51_RS18265	ABIE51_RS18265		hypothetical protein	-0.551	0.644	0.448	-0.009	0.998	0.892	-0.077	-0.063	0.599	1.616	2.508	0.100	-0.601	-0.088	0.677	-0.221	-0.860	-0.212	0.414	-0.444	0.528	0.355	0.438	-0.075	-0.039
Lysobacter_OAE881	ABIE51_RS18270	ABIE51_RS18270		hypothetical protein	0.469	0.885	-0.713	-0.952	0.804	-0.939	0.349	-0.614	-0.013	-0.072	-0.992	0.002	0.731	-0.386	-0.775	0.237	1.696	-0.274	-0.429	2.071	0.627	1.131	0.484	0.682	-1.483
Lysobacter_OAE881	ABIE51_RS18275	ABIE51_RS18275		hypothetical protein	-1.182	0.818	0.927	1.182	0.124	0.688	-0.035	1.000	0.530	0.378	1.237	0.399	0.965	-0.304	0.606	0.408	0.997	0.518	0.692	0.873	1.351	1.792	-0.221	2.458	0.012
Lysobacter_OAE881	ABIE51_RS18280	ABIE51_RS18280		hypothetical protein	0.045	-0.048	1.296	0.525	0.474	1.213	-1.902	0.281	1.390	-0.195	-0.478	0.433	-0.543	0.625	0.497	-0.126	1.274	-0.423	-0.466	0.585	0.293	0.725	0.126	-1.167	0.410
Lysobacter_OAE881	ABIE51_RS18285	ABIE51_RS18285		hypothetical protein	0.094	-0.299	0.841	0.161	-0.762	0.043	0.300	-0.024	-0.020	0.068	-0.502	-1.122	0.811	0.119	-0.293	-0.313	-0.141	-0.479	-0.336	-0.210	-0.481	1.673	0.310	-0.124	-0.278
Lysobacter_OAE881	ABIE51_RS18290	ABIE51_RS18290		hypothetical protein	0.140	-0.494	-0.722	0.619	-0.030	-0.448	-0.829	-0.004	0.247	-0.303	-0.296	0.289	0.255	1.362	-0.392	-0.074	1.180	-0.548	0.845	-0.308	-0.047	0.927	0.871	-0.732	0.584
Lysobacter_OAE881	ABIE51_RS18295	ABIE51_RS18295		hypothetical protein	0.157	-0.064	1.060	-0.170	0.189	2.019	0.466	-0.073	0.203	0.267	0.939	0.094	1.532	0.173	0.400	0.412	0.750	-0.285	-0.281	0.351	0.448	0.895	-0.928	1.002	0.393
Lysobacter_OAE881	ABIE51_RS18300	ABIE51_RS18300		hypothetical protein	-1.022	-0.544	-0.078	-0.888	1.204	0.971	-0.944	-0.088	-0.799	0.397	0.454	-1.683	-0.291	0.913	0.171	1.489	1.672	1.160	-0.114	-0.905	0.250	-1.666	-1.581	-1.144	0.304
Lysobacter_OAE881	ABIE51_RS18305	ABIE51_RS18305		hypothetical protein	1.349	0.889	-0.630	0.150	1.781	1.497	1.212	-0.509	1.866	-1.014	-0.440	0.259	-0.041	-0.496	1.202	-0.882	-0.496	1.951	1.091	-0.693	0.161	-0.045	0.246	1.201	-0.293
Lysobacter_OAE881	ABIE51_RS18310	ABIE51_RS18310		hypothetical protein	-0.277	-0.612	0.901	1.181	1.039	0.271	0.267	-0.799	1.408	1.113	0.792	0.896	0.142	0.327	0.023	0.319	0.822	2.441	1.863	0.675	2.252	0.873	-0.699	-1.339	-0.943
Lysobacter_OAE881	ABIE51_RS18315	ABIE51_RS18315		hypothetical protein	1.210	0.953	1.262	-0.932	0.661	0.079	1.619	0.581	1.244	0.825	-0.296	-0.301	-0.035	0.271	0.404	-0.866	0.505	0.541	1.329	-0.033	0.023	0.959	0.929	0.842	-0.224
Lysobacter_OAE881	ABIE51_RS18325	ABIE51_RS18325		HlyD family efflux transporter periplasmic adaptor subunit	-1.604	-0.274	-0.166	-0.853	-1.629	0.001	-1.964	-0.933	-0.093	1.466	0.648	-1.090	1.344	1.272	0.285	-0.559	-0.966	-0.520	-2.063	0.312	0.881	0.091	-0.593	0.602	-1.534
Lysobacter_OAE881	ABIE51_RS18330	ABIE51_RS18330		ABC transporter ATP-binding protein	-0.164	0.422	-1.242	0.086	-1.252	0.077	-0.711	-0.495	-1.213	-0.222	2.150	0.030	-1.624	0.252	-1.220	-0.420	-1.009	0.003	-1.181	-1.312	-0.088	0.440	-0.974	0.396	0.425
Lysobacter_OAE881	ABIE51_RS18335	ABIE51_RS18335		ABC transporter permease	-0.417	-0.257	-0.634	0.071	0.288	0.483	-0.903	-0.673	1.423	-0.051	-1.502	0.158	-1.169	-0.015	0.295	-0.710	-0.658	-0.859	-1.800	-1.456	-0.912	-0.654	-0.171	0.101	0.493
Lysobacter_OAE881	ABIE51_RS18340	ABIE51_RS18340		FtsX-like permease family protein	0.195	-0.234	-0.775	0.187	0.341	-0.596	-0.167	-1.315	-0.301	-0.158	-0.419	-1.238	-0.436	0.794	-0.072	-0.788	-0.133	-2.522	-0.804	-1.103	0.058	0.750	0.577	-0.746	-1.496
Lysobacter_OAE881	ABIE51_RS18345	ABIE51_RS18345		sigma-54 dependent transcriptional regulator	-0.141	0.454	-0.219	-1.425	-0.476	-0.740	-0.252	-0.603	-0.148	0.250	-1.219	-0.236	0.002	-0.670	-1.027	-0.439	-0.334	0.392	0.085	-0.523	0.455	-0.757	1.024	0.226	-0.919
Lysobacter_OAE881	ABIE51_RS18350	ABIE51_RS18350		ATP-binding protein	-1.272	-0.767	-0.276	0.878	-0.234	-0.154	-1.505	-1.125	-0.198	1.718	0.503	0.095	0.708	0.961	-0.525	-0.239	-0.216	0.065	-0.483	-0.211	0.079	-0.036	-0.071	-0.013	0.363
Lysobacter_OAE881	ABIE51_RS18410	ABIE51_RS18410		DUF2061 domain-containing protein	0.502	-0.541	-0.505	0.423	-0.921	0.776	-0.177	-1.662	-1.601	0.259	0.051	-0.027	0.342	0.833	0.400	0.034	-0.114	-2.264	-0.738	0.060	-1.738	1.016	1.375	-2.512	-0.255
Lysobacter_OAE881	ABIE51_RS18415	ABIE51_RS18415		hypothetical protein	-0.688	-0.289	0.094	-1.276	-0.233	0.348	-0.372	-1.273	-1.060	-0.646	-0.690	0.722	-1.178	0.190	-0.648	0.437	0.219	0.243	-0.775	-0.585	-1.027	2.640	-0.165	0.367	-3.334
Lysobacter_OAE881	ABIE51_RS18425	ABIE51_RS18425		hypothetical protein	-0.487	0.051	1.090	-0.434	0.296	-0.056	-0.088	0.552	0.896	0.501	-0.505	0.063	-0.550	0.310	1.144	0.670	1.134	-1.862	0.325	1.227	0.529	-0.874	-0.202	-1.609	-1.513
Lysobacter_OAE881	ABIE51_RS18435	ABIE51_RS18435		DUF2884 family protein	0.674	0.682	1.130	-0.569	-0.693	1.218	-1.491	0.210	1.154	-1.138	0.074	2.429	0.074	2.099	-1.096	1.652	-0.253	0.156	0.004	1.624	1.633	1.453	0.101	-0.216	0.492
Lysobacter_OAE881	ABIE51_RS18440	ABIE51_RS18440		OmpW family outer membrane protein	0.126	-0.158	-2.142	0.496	-0.494	0.108	-0.465	-0.514	-1.118	0.632	-0.892	-1.489	-0.459	-1.481	0.234	-3.155	0.790	-0.323	-0.355	1.232	0.604	-0.876	0.638	-0.985	0.158
Lysobacter_OAE881	ABIE51_RS18445	ABIE51_RS18445		hypothetical protein	0.575	-1.298	-2.016	1.470	-2.693	-0.263	-0.910	-0.954	-1.383	0.507	-1.976	-1.572	-1.645	-1.373	0.552	-2.998	-0.625	-0.634	-2.300	-0.435	-0.743	-0.628	-1.675	0.229	1.012
Lysobacter_OAE881	ABIE51_RS18450	ABIE51_RS18450		DNA-formamidopyrimidine glycosylase family protein	0.234	0.932	-0.378	-0.594	0.046	-0.194	-0.221	-1.045	1.021	0.836	0.188	-1.888	1.349	-0.179	0.453	-1.554	0.240	-0.533	-0.221	-0.394	-0.987	-0.472	-0.682	0.367	0.866
Lysobacter_OAE881	ABIE51_RS18455	ABIE51_RS18455		DMT family transporter	0.439	-2.110	-0.855	-0.696	-0.280	-0.881	-0.456	-2.148	-0.535	-1.404	-0.819	-1.045	-0.524	-0.413	-0.414	-1.824	-0.919	-1.565	-0.605	-1.162	-0.726	-1.495	-0.790	0.158	-1.444
Lysobacter_OAE881	ABIE51_RS18460	ABIE51_RS18460		NAD(P)-dependent alcohol dehydrogenase	0.050	-0.145	0.498	-2.733	0.368	-0.983	-0.024	-0.399	0.430	-1.828	-0.793	-0.743	-0.188	-0.721	0.291	1.200	-0.186	-1.086	1.024	-0.605	-0.146	-0.069	0.004	0.694	-0.302
Lysobacter_OAE881	ABIE51_RS18465	ABIE51_RS18465		YajQ family cyclic di-GMP-binding protein	0.252	0.951	0.307	-1.321	-0.069	-0.009	0.378	0.773	-0.778	1.882	-0.411	2.045	-1.825	1.476	-0.438	-0.456	0.859	0.519	0.669	2.524	-0.827	-0.093	0.314	0.804	-1.012
Lysobacter_OAE881	ABIE51_RS18470	ABIE51_RS18470		DUF1415 domain-containing protein	1.593	-0.153	-0.615	-0.064	0.665	-0.123	0.886	0.942	-0.667	0.043	-1.261	0.091	1.904	0.854	0.960	-0.148	-0.726	2.168	0.402	0.285	1.771	-1.954	0.070	1.975	0.312
Lysobacter_OAE881	ABIE51_RS18475	ABIE51_RS18475		HAD family phosphatase	-0.035	0.194	-0.595	-2.250	-0.350	1.013	-0.573	-0.268	-0.796	-1.833	1.975	-0.073	0.552	-0.475	1.083	-0.817	-0.400	-2.816	0.282	-1.863	-0.203	0.285	-0.189	1.487	-0.870
Lysobacter_OAE881	ABIE51_RS18480	ABIE51_RS18480		pseudouridine synthase	0.206	0.479	-1.125	0.773	-2.053	-1.460	-0.145	-0.253	-1.768	-1.064	-1.488	0.036	-0.672	-0.133	-0.161	-1.607	-1.881	-0.687	-0.975	0.934	1.472	1.542	-0.708	-0.609	0.993
Lysobacter_OAE881	ABIE51_RS18485	ABIE51_RS18485		class I SAM-dependent methyltransferase	-0.099	-0.146	0.376	-0.602	-1.058	-0.372	0.571	-0.000	-0.725	-1.759	-0.402	-0.460	0.807	-0.086	0.505	0.114	0.459	-0.159	1.081	2.821	-3.509	0.256	0.782	-0.275	0.482
Lysobacter_OAE881	ABIE51_RS18490	ABIE51_RS18490		hypothetical protein	-1.727	-0.241	-0.305	0.044	0.033	1.237	0.169	0.139	1.379	1.069	0.931	-1.274	0.319	1.614	1.658	0.053	-0.271	-0.872	1.083	-1.604	0.093	-0.453	1.015	0.960	-0.383
Lysobacter_OAE881	ABIE51_RS18495	ABIE51_RS18495		FtsX-like permease family protein	1.230	-0.599	1.154	-0.486	0.439	-1.430	-3.138	1.024	0.137	-0.680	1.868	-0.829	0.481	-0.032	0.201	-0.018	-0.076	-0.743	-0.330	-1.364	1.343	-0.271	0.969	-0.403	0.841
Lysobacter_OAE881	ABIE51_RS18500	ABIE51_RS18500		ABC transporter ATP-binding protein	-0.133	-0.507	-1.779	-0.798	-1.856	0.545	0.237	-0.149	0.030	0.678	0.272	-1.969	0.540	0.008	0.033	-0.694	0.660	-0.766	0.278	0.282	-0.354	1.274	0.179	-0.826	-0.069
Lysobacter_OAE881	ABIE51_RS18505	ABIE51_RS18505		arylesterase	-2.586	0.036	-1.431	-0.380	1.568	-0.627	-1.528	-1.641	-0.656	-1.339	-0.707	-0.102	-2.107	0.140	1.181	0.042	0.648	-0.060	-1.241	-0.452	-1.236	0.551	0.986	0.635	-0.803
Lysobacter_OAE881	ABIE51_RS18510	ABIE51_RS18510		tRNA-OTHER	-0.097	0.640	1.082	1.387	1.074	1.373	0.008	1.038	1.958	0.864	1.202	-1.653	-0.832	1.179	0.286	-0.347	0.701	0.796	2.145	0.476	0.375	0.701	0.182	1.407	-0.533
Lysobacter_OAE881	ABIE51_RS18515	ABIE51_RS18515		tRNA-Leu	-1.637	0.532	-0.099	2.706	-0.763	0.391	-0.062	0.118	0.379	2.999	0.993	-0.203	-0.670	1.292	1.035	0.282	0.299	-1.524	-0.509	1.398	-0.394	0.009	-0.010	0.583	2.379
Lysobacter_OAE881	ABIE51_RS18520	ABIE51_RS18520		hypothetical protein	1.040	0.273	0.788	1.009	0.374	1.838	0.632	0.117	1.133	-0.447	-0.337	0.206	-0.556	1.321	0.933	0.196	-0.835	-0.186	0.437	0.263	-0.108	0.572	0.996	0.842	1.046
Lysobacter_OAE881	ABIE51_RS18525	ABIE51_RS18525		slipin family protein	-1.059	-0.287	-0.953	-0.584	0.063	0.243	-0.782	0.196	-0.723	0.049	0.423	0.968	0.013	1.312	0.026	-0.170	1.076	1.724	-0.449	-0.094	0.085	-2.083	0.436	-0.525	1.373
Lysobacter_OAE881	ABIE51_RS18530	ABIE51_RS18530		RtcB family protein	-1.673	0.901	-0.963	-1.199	-0.737	-0.539	-1.242	-1.227	-0.747	0.078	0.159	-1.226	0.235	0.264	-0.717	-0.827	-0.344	-0.134	-0.019	-0.549	0.473	-0.672	-0.250	-1.475	-1.523
Lysobacter_OAE881	ABIE51_RS18535	ABIE51_RS18535		hypothetical protein	0.918	0.516	0.398	0.696	0.285	0.756	0.328	-0.131	1.164	1.335	0.797	-0.173	-0.341	0.456	0.004	1.217	-0.099	0.490	0.145	0.946	-0.599	1.865	0.169	2.145	-0.258
Lysobacter_OAE881	ABIE51_RS18540	ABIE51_RS18540		sigma-70 family RNA polymerase sigma factor	-1.252	0.122	0.496	1.007	-0.994	-0.331	-0.094	-0.510	-0.019	-0.844	2.477	-0.301	0.707	-0.949	-1.039	-0.830	-0.857	-0.726	1.801	-0.863	0.123	-1.051	0.324	-0.614	0.209
Lysobacter_OAE881	ABIE51_RS18545	ABIE51_RS18545		DUF6249 domain-containing protein	-0.217	0.511	-3.118	-1.716	-0.683	-1.026	0.204	-3.208	-1.565	-0.152	0.522	-1.417	-0.790	1.175	-1.444	-0.554	-1.780	-1.854	1.112	-0.616	1.559	0.587	-2.403	0.355	-0.260
Lysobacter_OAE881	ABIE51_RS18550	ABIE51_RS18550		Lrp/AsnC family transcriptional regulator	1.181	1.561	0.492	-0.136	1.540	-0.559	-0.529	1.139	-0.604	1.238	-1.222	0.022	0.410	0.448	-0.467	0.165	1.759	0.019	0.764	1.232	0.881	0.239	1.530	0.837	-0.183
Lysobacter_OAE881	ABIE51_RS18555	ABIE51_RS18555		cysteine hydrolase family protein	-1.406	-2.271	-0.906	-0.273	-1.735	-1.113	-1.422	-0.402	-0.865	-1.199	-0.855	-2.648	-0.739	-0.335	-0.277	-1.108	-0.630	-0.783	-0.230	-1.087	-0.390	1.013	-0.843	0.075	-1.286
Lysobacter_OAE881	ABIE51_RS18560	ABIE51_RS18560		M28 family metallopeptidase	0.682	0.465	0.210	-0.442	0.980	0.577	0.547	-0.449	0.574	0.274	0.092	0.258	0.543	-0.624	1.615	0.073	0.159	-0.185	0.255	0.089	0.588	-0.556	0.716	0.061	-0.018
Lysobacter_OAE881	ABIE51_RS18565	ABIE51_RS18565		PepSY domain-containing protein	-0.581	-0.878	-1.205	-0.532	0.631	0.186	-0.378	-0.171	0.100	-0.277	0.115	-0.951	-0.089	-0.735	0.107	-0.360	-0.148	0.560	0.766	-0.917	-0.079	-0.466	0.585	-0.014	-0.274
Lysobacter_OAE881	ABIE51_RS18570	ABIE51_RS18570		MFS transporter	1.346	0.851	-0.909	1.102	-2.380	-3.545	0.475	-2.141	-7.662	-0.219	-1.516	-1.905	-1.353	-1.551	-0.943	-1.773	-1.645	-3.862	-2.394	-6.819	-2.257	-0.341	-2.700	0.876	-0.147
Lysobacter_OAE881	ABIE51_RS18575	ABIE51_RS18575		hypothetical protein	-0.587	-2.042	0.538	0.069	-0.952	-0.500	-2.098	0.025	-1.458	-1.035	0.039	0.718	0.561	-0.309	-0.715	-0.381	-0.657	-1.078	0.031	-1.250	0.350	0.351	0.014	-0.582	0.091
Lysobacter_OAE881	ABIE51_RS18580	ABIE51_RS18580		HipA family kinase	-0.596	0.115	0.007	-0.510	-1.623	-0.840	-0.506	-1.120	-0.142	1.577	0.405	-1.560	1.138	0.099	-0.903	-0.620	-1.210	-1.337	-0.585	-0.634	-0.568	-0.428	-0.745	-0.418	-1.820
Lysobacter_OAE881	ABIE51_RS18595	ABIE51_RS18595		DUF4031 domain-containing protein	0.963	0.083	1.578	2.255	0.459	0.986	1.626	0.922	2.231	0.907	0.500	1.350	0.642	-0.153	0.412	0.980	1.119	-0.202	2.357	0.446	0.170	0.265	1.321	0.962	-0.211
Lysobacter_OAE881	ABIE51_RS18600	ABIE51_RS18600		DUF3297 family protein	-0.493	0.044	0.753	0.145	-0.060	-0.385	-0.964	-1.168	-0.115	-0.194	0.676	-1.668	0.255	-0.265	-0.237	0.754	-0.199	-1.970	0.936	-0.746	2.041	0.274	0.199	0.272	-0.258
Lysobacter_OAE881	ABIE51_RS18605	ABIE51_RS18605		M23 family metallopeptidase	-0.486	0.005	1.394	1.319	0.004	-0.461	-0.358	0.775	-0.127	1.151	-2.351	0.664	1.608	-0.203	0.950	1.221	0.980	-0.025	1.379	0.937	0.879	0.045	0.174	-0.114	1.653
Lysobacter_OAE881	ABIE51_RS18610	ABIE51_RS18610		DUF3016 domain-containing protein	-0.748	-0.497	-1.432	1.392	-0.226	-1.533	0.411	0.929	0.202	-0.364	-0.364	-0.111	1.488	-1.374	-0.563	-0.072	-0.978	0.013	0.113	0.935	-0.192	1.046	-0.407	1.975	-0.745
Lysobacter_OAE881	ABIE51_RS18615	ABIE51_RS18615		ABC transporter permease	0.348	0.559	0.873	-0.429	0.359	0.287	1.164	-0.648	-0.241	-0.346	0.458	0.572	-0.185	-0.632	1.015	-0.240	0.919	1.464	0.178	0.931	-0.455	0.357	0.373	-0.367	0.019
Lysobacter_OAE881	ABIE51_RS18620	ABIE51_RS18620		ABC transporter ATP-binding protein	1.051	0.022	0.219	0.603	1.043	-0.508	1.100	0.012	0.665	-0.484	-0.763	0.555	0.669	1.357	-0.266	0.007	2.165	-0.337	0.119	1.069	-0.245	3.832	0.803	0.507	-0.897
Lysobacter_OAE881	ABIE51_RS18630	ABIE51_RS18630		YciI family protein	-0.517	-0.462	0.081	-0.935	-0.047	-0.682	-0.290	-0.845	-0.490	-0.479	-0.126	-0.310	0.170	0.915	-0.603	-0.096	0.466	0.276	0.183	-0.516	-0.960	0.617	-0.593	-0.436	0.139
Lysobacter_OAE881	ABIE51_RS18635	ABIE51_RS18635		bifunctional helix-turn-helix transcriptional regulator/GNAT family N-acetyltransferase	0.248	-0.586	-0.573	1.928	0.504	0.714	0.480	0.145	1.338	-0.384	0.383	0.499	-1.048	-0.047	0.712	-0.538	0.232	-0.202	0.691	0.526	0.801	-0.198	-0.236	0.468	-0.903
Lysobacter_OAE881	ABIE51_RS18640	ABIE51_RS18640		hypothetical protein	0.518	0.875	-0.612	-0.382	-0.045	0.204	0.294	0.181	-0.620	-0.332	-0.330	-0.614	0.200	-0.231	0.372	-0.021	-0.637	-0.133	0.244	-1.534	0.575	-0.017	0.617	-0.275	-0.449
Lysobacter_OAE881	ABIE51_RS18645	ABIE51_RS18645		S8 family serine peptidase	-0.198	0.384	-0.289	-0.457	-0.844	0.330	0.566	-0.635	0.052	0.222	0.155	-1.107	0.193	0.579	-0.425	-0.295	-0.803	-0.765	-0.503	-0.750	0.637	-0.777	-1.137	-0.482	-0.651
Lysobacter_OAE881	ABIE51_RS18650	ABIE51_RS18650		amidohydrolase family protein	1.064	0.129	-0.185	1.013	1.252	0.497	-0.117	-0.189	-0.160	-1.245	0.288	0.699	-0.209	0.209	0.859	-0.389	0.627	-0.057	1.317	0.678	-0.525	-0.129	-0.041	0.605	-1.084
Lysobacter_OAE881	ABIE51_RS18655	ABIE51_RS18655		RcnB family protein	0.085	-0.604	-0.042	0.101	0.411	0.176	-0.406	0.614	0.081	0.076	0.916	-0.294	0.119	0.052	0.274	0.800	-0.079	-0.198	0.094	0.410	-1.395	1.317	-1.115	-0.073	0.520
Lysobacter_OAE881	ABIE51_RS18670	ABIE51_RS18670		hypothetical protein	-1.098	-0.342	-1.082	-0.730	-1.391	0.838	-0.701	0.768	-0.414	0.224	-0.166	-0.505	-1.347	-2.154	-0.537	-0.081	-0.011	-0.079	0.214	-0.850	0.498	-0.944	-0.542	-0.938	-1.051
Lysobacter_OAE881	ABIE51_RS18675	ABIE51_RS18675		NAD(P)-dependent oxidoreductase	-0.703	-1.036	0.140	-1.198	-0.800	-1.185	0.231	-0.732	-1.296	-0.095	-0.243	0.839	-1.689	0.541	-0.403	1.036	-0.402	0.238	-0.322	-0.974	-1.231	-0.114	-0.578	-0.250	-0.383
Lysobacter_OAE881	ABIE51_RS18680	ABIE51_RS18680		hypothetical protein	0.062	-0.789	-0.379	0.408	0.608	-0.904	-0.332	0.786	-0.096	1.320	0.811	0.491	-1.509	1.745	-0.312	-1.074	-0.211	-0.258	0.572	-0.471	0.726	0.884	-1.148	1.393	-0.158
Lysobacter_OAE881	ABIE51_RS18685	ABIE51_RS18685		SRPBCC family protein	0.812	1.133	0.386	0.725	-0.065	1.079	0.253	-0.920	0.150	-0.869	0.943	-0.512	0.071	0.699	1.247	-0.449	0.636	-0.266	1.295	-0.917	-0.355	-0.371	-0.636	-0.619	1.295
Lysobacter_OAE881	ABIE51_RS18690	ABIE51_RS18690		hypothetical protein	-0.006	0.924	-0.219	-0.393	-0.650	-0.209	-0.831	0.859	0.036	0.363	0.013	-0.447	0.393	-0.043	1.719	-1.377	-0.426	0.506	0.926	0.990	0.417	0.269	-0.077	1.634	-1.686
Lysobacter_OAE881	ABIE51_RS18695	ABIE51_RS18695		PAS domain-containing sensor histidine kinase	-0.680	-1.113	-0.708	-2.589	-2.346	0.218	-0.384	0.103	-0.264	-1.275	-0.053	-0.627	1.331	-0.714	0.505	-0.333	-0.137	1.220	0.728	0.218	-1.523	0.821	1.001	-1.378	1.394
Lysobacter_OAE881	ABIE51_RS18700	ABIE51_RS18700		serine hydrolase domain-containing protein	0.025	-0.517	0.280	-0.269	-1.080	0.447	-0.288	-1.226	-0.116	-1.068	0.715	-0.780	-1.747	-1.924	-0.351	0.018	0.251	-0.264	1.254	-0.916	1.003	0.030	-0.362	0.365	-0.869
Lysobacter_OAE881	ABIE51_RS18705	ABIE51_RS18705		MFS transporter	-0.699	-0.573	-0.004	-2.016	-0.979	-0.634	0.756	0.179	0.380	-0.997	1.702	-0.971	0.056	-0.155	0.131	1.002	-0.494	-1.677	0.019	-0.505	-0.905	-0.125	0.002	0.711	-1.142
Lysobacter_OAE881	ABIE51_RS18710	ABIE51_RS18710		HAD-IA family hydrolase	-1.924	-0.965	-1.337	-0.293	-0.297	-2.072	0.074	-0.236	-0.401	0.450	0.564	0.270	-0.837	0.440	0.603	-1.171	-0.339	-1.098	1.181	0.630	-0.893	-0.183	0.036	-0.230	1.206
Lysobacter_OAE881	ABIE51_RS18715	ABIE51_RS18715		DUF2784 domain-containing protein	-0.879	-0.540	0.047	-1.132	0.125	0.609	0.094	-0.150	-1.804	-1.248	0.067	-0.174	-0.695	0.409	0.428	-0.765	0.024	-0.796	-0.555	-1.519	1.920	0.007	-0.731	-1.553	-0.948
Lysobacter_OAE881	ABIE51_RS18720	ABIE51_RS18720		glucose 1-dehydrogenase	-0.653	-0.593	-0.169	-0.817	-0.577	0.745	1.868	0.302	-0.011	-0.481	1.202	-1.102	-0.406	0.539	-0.583	0.060	1.170	0.381	1.119	0.595	-0.752	-0.690	-0.304	0.644	1.139
Lysobacter_OAE881	ABIE51_RS18725	ABIE51_RS18725		vanadium-dependent haloperoxidase	-0.073	-0.361	-0.892	0.508	-0.228	-0.373	0.500	-0.976	-0.820	-1.047	-0.156	0.608	-0.506	0.821	0.015	-0.635	-0.809	-0.628	0.562	0.164	0.916	-0.309	-0.336	-0.781	-0.956
Lysobacter_OAE881	ABIE51_RS18730	ABIE51_RS18730		EF-hand domain-containing protein	0.014	0.475	0.309	-1.631	-0.198	-0.053	0.393	0.233	-0.377	-0.991	0.227	-0.877	-0.335	-0.189	-0.718	-0.016	-0.078	-0.757	1.310	0.393	0.894	0.454	-1.265	-0.194	-1.404
Lysobacter_OAE881	ABIE51_RS18735	ABIE51_RS18735		hypothetical protein	-0.150	-0.070	-0.173	0.664	0.162	-0.773	0.660	0.177	-1.051	-0.702	0.361	-0.277	-0.633	1.237	0.527	-1.217	1.047	0.689	0.126	-0.048	0.267	0.566	-1.063	-0.252	-0.678
Lysobacter_OAE881	ABIE51_RS18740	ABIE51_RS18740		hypothetical protein	-1.332	0.510	-1.145	0.406	-0.043	1.022	1.186	-1.070	-0.668	-2.899	-1.225	-0.476	1.520	1.202	0.633	0.193	0.132	-0.820	-0.148	1.000	-0.767	-1.129	0.236	-1.164	0.061
Lysobacter_OAE881	ABIE51_RS18745	ABIE51_RS18745		hypothetical protein	-1.614	0.793	-0.551	-0.075	-1.395	-0.569	-0.778	-0.715	0.388	0.303	-0.508	0.377	-1.292	-0.451	-0.109	0.662	-0.215	0.278	0.182	-0.982	-1.039	-1.577	-1.198	-0.428	-1.153
Lysobacter_OAE881	ABIE51_RS18750	ABIE51_RS18750		lysozyme inhibitor LprI family protein	-1.732	0.155	0.604	0.661	-1.133	1.177	0.190	-0.494	1.539	0.485	0.704	-1.513	0.462	-0.342	-1.046	-0.781	1.592	-0.412	-1.704	-1.228	0.496	0.291	-0.407	0.320	0.716
Lysobacter_OAE881	ABIE51_RS18755	ABIE51_RS18755		hypothetical protein	0.161	0.158	1.047	0.017	-2.211	0.042	1.893	0.211	0.006	-0.030	-0.597	2.210	-0.471	0.501	1.085	0.287	-1.991	-0.188	0.389	-1.816	1.175	-0.936	-1.120	-0.403	-1.165
Lysobacter_OAE881	ABIE51_RS18760	ABIE51_RS18760		hypothetical protein	-0.632	1.596	-0.113	-1.103	0.518	0.256	0.014	0.979	0.722	0.032	-0.560	0.038	-1.925	-0.618	-0.269	-1.055	-0.824	0.397	0.411	0.316	0.796	-0.586	1.309	-0.354	0.146
Lysobacter_OAE881	ABIE51_RS18765	ABIE51_RS18765		DNA mismatch endonuclease Vsr	-0.757	0.059	0.151	-0.789	-0.298	0.115	-0.386	-0.936	-0.650	-0.316	-1.938	0.336	1.101	1.200	0.524	-0.796	-1.201	-0.556	-0.372	-0.107	0.804	0.104	0.181	0.566	-1.554
Lysobacter_OAE881	ABIE51_RS18780	ABIE51_RS18780		hypothetical protein	-1.110	0.425	0.638	0.462	0.309	0.272	0.784	-0.065	-0.422	-0.168	0.696	0.024	0.376	0.555	-0.850	0.230	0.974	0.433	0.041	0.914	1.228	0.120	0.538	0.780	-1.054
Lysobacter_OAE881	ABIE51_RS18785	ABIE51_RS18785		hypothetical protein	-1.224	-0.065	0.429	0.272	0.783	0.539	-0.029	-0.245	0.157	0.233	-1.227	0.360	-0.045	0.674	0.062	0.266	1.421	1.097	1.215	0.020	-0.642	-0.738	0.908	0.025	-0.092
Lysobacter_OAE881	ABIE51_RS18790	ABIE51_RS18790		hypothetical protein	-0.180	0.009	-0.915	-0.303	0.880	0.916	-0.443	-1.390	-0.081	1.156	1.501	-0.321	-0.208	-0.627	0.066	-1.046	0.915	1.775	0.199	0.491	0.831	-0.276	-0.041	0.647	-0.036
Lysobacter_OAE881	ABIE51_RS18805	ABIE51_RS18805		TonB-dependent receptor	-0.102	1.610	0.933	-1.353	1.752	0.717	-0.454	-0.386	-0.384	0.199	0.447	-0.629	-0.052	-1.305	-0.567	-0.874	0.149	0.561	-0.429	-0.734	-0.284	1.381	-0.298	0.336	-0.482
Lysobacter_OAE881	ABIE51_RS18810	ABIE51_RS18810		hypothetical protein	0.734	0.928	0.606	2.281	1.839	-0.548	1.894	0.427	0.257	1.166	1.789	1.947	1.719	0.236	-1.244	0.874	1.864	1.478	2.614	1.355	0.812	0.650	0.398	0.330	0.159
Lysobacter_OAE881	ABIE51_RS18820	ABIE51_RS18820		NADP-dependent malic enzyme	-2.668	-3.337	-3.763	-0.241	-3.247	-2.566	-1.895	-1.912	-3.324	-1.450	0.999	-1.758	-1.394	-1.221	-1.382	-3.569	-2.704	-2.876	-1.666	-3.437	1.301	-1.044	-2.489	-2.000	-1.511
Lysobacter_OAE881	ABIE51_RS18825	ABIE51_RS18825		hypothetical protein	0.199	-0.234	0.920	-0.846	-0.069	-1.350	0.378	-0.515	-0.392	-0.225	0.173	-0.344	0.725	0.102	0.453	0.296	0.229	-0.014	-0.235	1.025	-0.495	0.728	-0.856	1.013	-1.181
Lysobacter_OAE881	ABIE51_RS18830	ABIE51_RS18830		flavohemoglobin expression-modulating QEGLA motif protein	0.788	0.461	0.672	-0.048	0.645	0.045	0.186	0.937	0.490	0.535	-1.002	-1.226	-1.950	2.043	0.840	0.032	0.550	-0.022	0.943	-1.951	1.532	0.887	-0.517	0.167	-0.007
Lysobacter_OAE881	ABIE51_RS18840	ABIE51_RS18840		aminotransferase class I/II-fold pyridoxal phosphate-dependent enzyme	-0.812	-0.449	-2.147	-0.547	-4.372	-8.829	-0.841	-11.191	-8.164	0.095	-0.295	-5.014	0.179	-1.413	-1.498	-2.591	-1.855	-6.744	-10.881	-5.629	-0.833	1.060	-7.142	-0.949	-1.963
Lysobacter_OAE881	ABIE51_RS18845	ABIE51_RS18845		SGNH/GDSL hydrolase family protein	-1.504	-2.818	-5.602	-1.689	-1.506	-0.735	0.243	-1.580	-0.717	-0.903	-2.053	-0.599	0.116	0.042	-2.064	-6.667	-0.449	-0.930	-1.409	-1.559	-1.408	-0.683	1.782	-1.621	-2.294
Lysobacter_OAE881	ABIE51_RS18850	ABIE51_RS18850		class I SAM-dependent methyltransferase	0.195	-0.521	-0.821	-0.643	0.093	0.075	-0.115	-0.303	0.035	-0.089	0.013	-0.798	-0.072	0.185	-1.382	-0.373	0.536	-0.390	-0.277	-1.573	0.438	-0.194	-0.268	-0.402	-0.409
Lysobacter_OAE881	ABIE51_RS18855	ABIE51_RS18855		polysaccharide deacetylase family protein	0.349	0.402	-2.714	1.299	-0.577	0.582	0.865	-1.194	-0.515	-1.294	0.466	0.117	-0.094	0.485	-0.136	-1.536	-1.027	-0.378	-1.385	2.405	0.302	-2.171	-0.788	-0.275	0.142
Lysobacter_OAE881	ABIE51_RS18860	ABIE51_RS18860		Grx4 family monothiol glutaredoxin	0.034	0.641	0.721	0.744	0.577	-0.307	0.136	0.639	0.866	1.005	2.879	1.446	-0.962	-0.445	1.042	-1.434	0.160	-1.165	-0.649	0.028	-0.686	-1.227	1.630	-0.810	-1.224
Lysobacter_OAE881	ABIE51_RS18865	ABIE51_RS18865		DUF924 family protein	-0.634	-0.872	-0.089	0.859	-0.687	0.521	0.200	0.265	-0.211	-0.079	0.148	0.839	-0.244	-0.291	0.523	0.794	0.402	0.154	-0.380	0.575	0.259	-0.463	1.110	-0.249	-0.137
Lysobacter_OAE881	ABIE51_RS18870	ABIE51_RS18870		lysozyme inhibitor LprI family protein	1.331	-1.014	0.345	0.313	-0.386	-1.197	1.257	-0.436	-0.575	0.874	-0.601	0.760	-1.047	-0.846	-0.162	-0.175	-1.182	-2.832	0.516	1.157	-0.550	0.272	-0.806	-2.226	0.165
Lysobacter_OAE881	ABIE51_RS18875	ABIE51_RS18875		hypothetical protein	-0.892	-2.073	-0.336	1.346	-0.167	-1.319	-1.088	-0.609	-0.789	-1.231	-0.259	-1.454	0.977	-1.124	-1.310	-1.729	-1.910	-0.900	-0.172	-2.738	-0.937	-0.046	-0.012	-1.838	0.217
Lysobacter_OAE881	ABIE51_RS18880	ABIE51_RS18880		AMP nucleosidase	-0.471	0.694	-0.973	0.181	-0.222	-2.355	-0.217	-0.739	-1.024	-0.410	-0.425	-0.474	-0.715	-0.912	-2.494	-1.212	-0.760	-0.534	-1.149	-0.520	-0.292	-1.008	-1.225	-0.470	0.077
Lysobacter_OAE881	ABIE51_RS18885	ABIE51_RS18885		amidohydrolase	-0.877	0.768	-0.834	0.104	-1.026	-0.505	-0.224	-0.442	0.694	-0.792	-0.626	-0.466	-0.137	-0.630	-0.349	-0.074	0.601	-0.046	0.392	0.833	-2.276	-1.070	0.387	-1.010	-0.689
Lysobacter_OAE881	ABIE51_RS18890	ABIE51_RS18890		amidohydrolase family protein	-0.373	-0.335	-0.562	0.851	-0.056	-0.296	0.940	0.136	-0.631	0.352	-0.298	-0.418	0.003	-0.016	1.050	-0.158	-0.198	0.699	-0.597	1.870	-0.277	-0.668	0.987	-0.330	0.463
Lysobacter_OAE881	ABIE51_RS18895	ABIE51_RS18895		DUF1761 domain-containing protein	1.125	0.383	-0.443	-0.518	-0.689	-0.817	-1.379	-0.613	-0.821	-0.308	0.286	0.701	1.598	0.915	0.887	0.791	-0.443	-0.851	0.650	-0.515	-1.082	0.598	-0.825	0.357	-0.151
Lysobacter_OAE881	ABIE51_RS18900	ABIE51_RS18900		2-hydroxychromene-2-carboxylate isomerase	-1.331	-1.019	-1.120	-0.224	-0.797	-1.088	0.651	0.166	-0.207	1.186	-0.241	-0.141	-0.519	1.642	-0.237	0.436	-0.245	-0.459	0.829	-0.203	-1.027	-0.123	-1.165	1.211	0.307
Lysobacter_OAE881	ABIE51_RS18905	ABIE51_RS18905		DegV family protein	-0.832	-1.645	-0.784	-0.392	-1.667	-0.936	-0.678	-0.788	-1.036	-1.453	-0.462	-0.468	-1.224	0.252	-1.326	-1.096	-0.888	-0.556	-0.656	-2.090	-1.424	0.575	-0.333	-1.672	-1.308
Lysobacter_OAE881	ABIE51_RS18915	ABIE51_RS18915		adenine nucleotide alpha hydrolase	0.330	1.102	0.244	-0.131	0.434	0.530	-0.401	-0.393	-0.411	-0.258	0.232	0.420	1.074	0.111	-0.448	-2.301	-0.652	-0.581	-0.388	-1.314	0.820	0.023	-0.247	-1.115	1.029
Lysobacter_OAE881	ABIE51_RS18920	ABIE51_RS18920		S-formylglutathione hydrolase	0.026	-1.087	-1.324	-1.300	0.284	-2.029	-1.146	-0.083	-0.499	-0.435	-2.010	-0.086	-0.558	0.004	-1.520	-1.061	-0.553	-0.442	-0.395	-0.870	-0.235	-1.942	-1.140	-0.500	0.520
Lysobacter_OAE881	ABIE51_RS18925	ABIE51_RS18925		S-(hydroxymethyl)glutathione dehydrogenase/class III alcohol dehydrogenase	0.579	0.840	-0.106	-0.690	1.102	-0.163	0.047	0.428	1.011	0.305	0.836	-0.630	-0.287	0.220	-0.034	0.969	-0.151	-0.076	1.114	0.351	0.315	-0.167	1.366	-0.020	-0.166
Lysobacter_OAE881	ABIE51_RS18935	ABIE51_RS18935		DUF4136 domain-containing protein	0.028	0.730	-0.706	0.579	0.101	-0.771	1.032	0.232	0.054	-0.090	-1.027	0.609	-1.560	-0.253	0.346	0.546	1.321	0.456	0.360	0.929	-1.400	1.051	-0.184	0.512	1.465
Lysobacter_OAE881	ABIE51_RS18940	ABIE51_RS18940		ATP-binding protein	-0.888	0.438	0.928	0.823	-1.206	1.910	-0.389	0.435	0.928	1.293	0.468	2.847	-0.944	0.682	0.583	0.013	0.373	1.400	0.489	0.601	-1.999	0.213	0.587	0.035	-0.667
Lysobacter_OAE881	ABIE51_RS18945	ABIE51_RS18945		response regulator	-0.550	-1.366	0.165	1.270	-0.266	0.297	0.805	0.083	0.294	-1.475	-2.521	-0.184	-0.733	1.034	-1.310	0.593	0.445	1.328	-0.728	0.161	-0.108	-1.266	2.211	-0.018	-1.373
Lysobacter_OAE881	ABIE51_RS18950	ABIE51_RS18950		hypothetical protein	-0.318	0.921	0.376	1.642	-1.279	-0.603	0.688	0.354	-0.291	-0.233	-0.061	0.059	-0.277	0.685	0.362	-0.137	-0.400	-0.333	-1.268	0.606	-1.012	-1.193	1.657	0.374	-0.166
Lysobacter_OAE881	ABIE51_RS18955	ABIE51_RS18955		tetratricopeptide repeat protein	0.871	-0.104	-0.616	2.162	0.282	-0.535	-1.400	0.846	-0.960	0.219	1.337	0.154	-0.479	0.870	1.203	0.960	-0.846	-2.096	0.805	-0.188	-1.355	-0.247	-0.289	-0.445	0.648
Lysobacter_OAE881	ABIE51_RS18960	ABIE51_RS18960		hypothetical protein	-0.601	-0.279	-0.447	0.015	0.466	-1.472	0.507	-0.139	-0.685	-0.101	-0.050	-0.698	1.220	0.122	-0.272	0.170	-0.549	-0.541	-0.722	0.582	0.207	-1.169	0.278	0.210	-1.975
Lysobacter_OAE881	ABIE51_RS18965	ABIE51_RS18965		phosphoenolpyruvate carboxylase	-0.996	-0.794	-1.151	0.508	-9.681	-18.356	-0.662	-16.365	-2.956	-0.100	-1.871	-8.804	0.590	-0.173	-0.432	-0.816	-9.262	-7.928	-12.682	-0.840	-0.699	-1.696	-8.750	2.024	-0.528
Lysobacter_OAE881	ABIE51_RS18975	ABIE51_RS18975		LacI family DNA-binding transcriptional regulator	-0.599	-0.385	-1.179	-0.392	-6.374	0.178	-0.846	0.071	-0.254	0.173	-0.288	-0.635	0.714	-0.633	-1.041	0.561	-5.011	-0.547	0.231	-1.319	-0.904	0.653	1.156	-0.744	-0.590
Lysobacter_OAE881	ABIE51_RS18980	ABIE51_RS18980		alpha-amylase family glycosyl hydrolase	-0.609	-0.803	-0.945	-0.916	-0.534	-0.752	-0.795	-0.597	-0.914	-0.398	1.308	-1.104	-0.024	0.486	-0.551	-0.547	-1.272	-0.088	-0.109	-0.890	-1.265	-1.751	-1.165	-0.491	0.029
Lysobacter_OAE881	ABIE51_RS18985	ABIE51_RS18985		MFS transporter	-0.574	0.587	0.284	0.285	-7.291	-0.494	0.671	0.481	0.061	2.046	-0.207	0.325	-0.284	-1.341	-0.704	0.001	-4.258	0.210	-0.211	0.150	-0.546	0.300	0.590	-0.885	-0.193
Lysobacter_OAE881	ABIE51_RS18990	ABIE51_RS18990		Six-hairpin glycosidase-like protein	0.320	-0.181	-1.071	-0.334	-1.380	-1.656	-0.637	-0.054	0.811	0.820	-1.727	-0.087	0.124	0.097	-1.355	-0.559	-2.006	-1.034	-0.028	-0.810	-0.974	-0.104	-0.112	-0.166	0.476
Lysobacter_OAE881	ABIE51_RS18995	ABIE51_RS18995		alpha-glucosidase family protein	-0.471	0.928	-0.705	-0.126	-3.535	-3.436	-0.697	4.085	-0.094	-0.401	-4.406	-1.229	-1.109	-1.555	-0.727	-0.297	-2.763	-1.579	2.684	-0.686	-2.246	1.686	1.447	0.089	-1.024
Lysobacter_OAE881	ABIE51_RS19000	ABIE51_RS19000		alpha/beta hydrolase-fold protein	-0.202	-0.589	-0.860	-1.360	-0.212	-1.214	0.667	-0.795	-0.658	0.871	-1.921	-1.030	-0.502	1.581	-0.886	-1.029	0.257	0.352	0.291	-0.444	1.607	1.675	-0.323	0.130	-0.286
Lysobacter_OAE881	ABIE51_RS19005	ABIE51_RS19005		TonB-dependent receptor	0.093	-0.291	-0.491	0.505	-0.606	-0.519	-0.114	0.071	0.415	-0.665	0.091	0.075	0.620	0.188	0.459	-0.175	-0.228	0.491	-0.108	0.376	-0.667	0.503	0.131	0.088	-0.103
Lysobacter_OAE881	ABIE51_RS19015	ABIE51_RS19015		cytochrome c4	1.191	-0.074	-2.207	-2.336	1.696	2.512	-0.775	-0.894	-0.700	1.020	-0.352	-2.142	-0.998	0.481	3.888	-2.375	1.314	3.978	-0.005	-0.500	-0.179	0.598	-1.619	1.638	1.846
Lysobacter_OAE881	ABIE51_RS19020	ABIE51_RS19020		thiol:disulfide interchange protein DsbA/DsbL	-1.082	-1.012	-1.437	-0.539	-1.424	-1.592	0.108	-1.396	-0.609	-0.692	-0.346	-0.409	-0.910	-1.219	-0.587	-0.054	-0.734	-1.538	0.147	-0.005	-0.506	-1.423	-0.455	0.330	-2.828
Lysobacter_OAE881	ABIE51_RS19025	ABIE51_RS19025		thiol:disulfide interchange protein DsbA/DsbL	-3.467	-0.656	-9.654	-1.849	-3.932	-3.288	-2.148	-2.599	-3.858	0.909	-0.773	-3.402	-2.503	-1.229	-0.662	-8.653	-1.968	-4.693	-1.724	-2.322	-1.216	1.537	-2.441	0.155	-3.467
Lysobacter_OAE881	ABIE51_RS19030	ABIE51_RS19030		endonuclease/exonuclease/phosphatase family protein	-0.434	-0.266	-3.039	-0.658	1.228	0.826	-0.407	-1.969	0.561	0.554	-2.896	-0.957	-0.777	2.433	3.377	-2.925	-1.302	-2.183	-0.713	0.826	-1.600	2.987	-0.871	1.199	0.378
Lysobacter_OAE881	ABIE51_RS19035	ABIE51_RS19035		TonB-dependent receptor	-0.190	-0.795	-0.856	0.471	-1.595	-0.899	-0.359	-1.141	-0.836	-0.715	-1.714	-0.743	-0.490	-0.220	0.577	-1.606	0.534	-0.111	-0.989	-0.691	-1.383	-0.273	-0.675	-0.464	-0.589
Lysobacter_OAE881	ABIE51_RS19040	ABIE51_RS19040		fimbrial protein	0.710	0.536	-0.398	-1.485	0.174	-0.067	-0.071	-0.289	-0.291	0.659	-0.126	0.595	-0.647	-0.094	0.159	-0.300	1.517	-0.751	1.255	-0.848	-1.599	0.260	0.860	0.057	0.097
Lysobacter_OAE881	ABIE51_RS19045	ABIE51_RS19045		fimbria/pilus outer membrane usher protein	-0.256	-0.616	-0.198	0.335	0.082	-0.271	-0.095	0.556	-0.518	-0.410	-0.520	-0.023	1.012	0.097	0.100	0.359	0.569	0.319	0.336	0.081	-0.048	0.421	-0.625	0.010	0.700
Lysobacter_OAE881	ABIE51_RS19050	ABIE51_RS19050		fimbria/pilus periplasmic chaperone	-0.058	0.623	-0.590	1.378	0.181	-0.880	-1.031	0.119	0.093	-1.070	-1.440	0.278	0.685	-0.725	-0.378	-0.426	-0.583	0.226	-0.026	0.648	-0.018	0.635	0.060	1.543	0.390
Lysobacter_OAE881	ABIE51_RS19055	ABIE51_RS19055		fimbrial protein	0.084	1.665	-0.816	1.689	-1.239	-0.483	-0.416	-0.100	-0.132	-0.087	1.726	0.799	-0.668	-0.238	-1.214	0.761	0.437	0.581	1.050	0.482	1.346	0.895	0.828	-1.383	0.532
Lysobacter_OAE881	ABIE51_RS19060	ABIE51_RS19060		transporter substrate-binding domain-containing protein	0.138	-0.902	-0.527	-1.296	-0.155	-1.509	-0.168	-0.885	0.118	-0.421	0.392	-0.776	0.448	-0.299	-0.450	-0.720	-0.819	-0.360	-0.316	0.856	-0.643	0.766	-0.537	-1.956	0.617
Lysobacter_OAE881	ABIE51_RS19065	ABIE51_RS19065		sulfite exporter TauE/SafE family protein	0.929	1.498	0.178	0.977	-0.237	0.207	-0.294	0.592	0.086	1.038	-1.125	-0.788	2.099	0.467	0.963	0.672	-0.043	-0.373	1.053	0.492	1.091	0.957	-0.022	-0.341	1.013
Lysobacter_OAE881	ABIE51_RS19070	ABIE51_RS19070		transglycosylase SLT domain-containing protein	-0.098	-1.784	-0.870	-0.752	-0.587	-1.696	0.002	-0.502	-0.320	-0.690	0.016	-1.252	-1.510	-1.656	-0.241	-0.935	-0.579	-1.708	-0.233	0.374	-1.529	0.524	-1.186	-2.390	-0.803
Lysobacter_OAE881	ABIE51_RS19075	ABIE51_RS19075		complex I NDUFA9 subunit family protein	0.767	-0.986	0.836	0.293	0.095	-0.221	-0.706	0.328	0.770	1.293	0.368	-0.281	0.254	0.222	-0.855	-0.441	0.675	1.771	1.594	0.599	-1.794	0.350	0.301	0.456	-3.524
Lysobacter_OAE881	ABIE51_RS19080	ABIE51_RS19080		PH domain-containing protein	-0.773	-0.888	-2.525	0.179	-0.260	-0.099	0.140	-0.799	-1.078	0.272	-0.165	-1.597	-2.245	-0.157	0.405	-0.709	0.693	-0.921	-1.095	-0.859	-2.117	-0.816	-1.187	-0.686	0.599
Lysobacter_OAE881	ABIE51_RS19090	ABIE51_RS19090		TonB-dependent receptor	-0.581	-0.718	-0.219	-0.592	-0.524	-0.242	-0.213	-0.314	-0.092	-0.313	-1.576	-1.223	-0.446	0.333	-0.094	-0.381	-0.203	-1.039	-0.563	-0.658	0.081	0.168	-0.031	0.009	-1.142
Lysobacter_OAE881	ABIE51_RS19095	ABIE51_RS19095		VanZ family protein	-0.166	-0.677	-0.785	-0.953	-1.309	0.395	-0.190	0.592	-1.128	-0.396	-1.440	0.740	-0.282	0.127	-0.190	-1.163	-0.012	-0.443	0.712	-0.333	-0.223	-1.883	-0.109	0.286	-0.524
Lysobacter_OAE881	ABIE51_RS19105	ABIE51_RS19105		pteridine reductase	2.106	0.324	-2.060	1.684	-2.900	-4.074	1.107	-2.551	-4.421	0.503	0.485	-1.905	0.288	-0.802	-0.908	-3.936	-2.460	-2.502	-3.890	-3.352	-0.627	0.459	-1.573	-0.210	-0.579
Lysobacter_OAE881	ABIE51_RS19110	ABIE51_RS19110		DUF6159 family protein	-1.055	-0.542	-0.550	-1.786	0.408	0.356	1.181	-0.227	-0.149	-1.280	-0.985	-1.937	-0.584	0.705	-0.037	-1.055	-1.662	0.399	-1.497	-0.917	-1.043	-0.271	-1.227	-0.695	-0.079
Lysobacter_OAE881	ABIE51_RS19135	ABIE51_RS19135		GatB/YqeY domain-containing protein	-0.422	-0.203	0.373	-2.287	0.630	-1.266	-1.753	0.750	-0.108	-0.508	0.552	-0.911	-0.407	0.040	0.197	-0.712	-0.938	0.543	-0.412	-0.542	-0.121	-1.752	0.367	-0.114	-0.675
Lysobacter_OAE881	ABIE51_RS19145	ABIE51_RS19145		hypothetical protein	-0.196	-0.772	0.581	-1.438	-0.563	0.656	-0.955	0.098	-0.330	-0.355	-0.185	-1.263	-0.244	0.083	-0.975	0.092	0.524	0.228	-0.070	-1.350	-1.672	-0.345	0.076	0.101	-0.563
Lysobacter_OAE881	ABIE51_RS19150	ABIE51_RS19150		prolyl oligopeptidase family serine peptidase	0.085	-0.508	-0.176	0.947	-0.052	-0.075	0.390	0.608	-0.233	-0.014	0.658	-0.279	-0.261	0.475	0.631	0.120	0.647	0.792	0.321	1.135	-0.322	-0.149	0.054	-0.651	-1.370
Lysobacter_OAE881	ABIE51_RS19155	ABIE51_RS19155		hypothetical protein	-1.159	0.909	-1.590	0.349	-1.088	-0.737	-0.733	0.232	-1.712	-0.174	0.003	0.494	-0.790	0.945	-1.411	-0.091	-0.140	-1.440	-0.167	-0.138	0.036	-1.119	-0.496	0.451	-0.156
Lysobacter_OAE881	ABIE51_RS19160	ABIE51_RS19160		amidohydrolase family protein	-0.037	-0.531	-0.533	0.229	-0.088	0.110	0.300	-0.878	-0.190	-0.003	1.440	-0.421	-0.210	0.580	0.757	-0.731	0.788	0.727	0.683	0.141	1.162	1.331	-0.443	0.573	0.504
Lysobacter_OAE881	ABIE51_RS19165	ABIE51_RS19165		heme o synthase	0.128	0.291	-3.585	0.102	-1.936	-2.443	-0.517	-3.099	-2.560	0.962	-2.602	-1.894	-3.126	-0.837	0.001	-4.606	0.411	-1.067	-2.431	-2.256	-0.262	0.136	-1.702	1.351	-0.432
Lysobacter_OAE881	ABIE51_RS19170	ABIE51_RS19170		COX15/CtaA family protein	0.785	0.524	-4.491	0.679	-2.607	-0.908	-1.032	-2.183	-2.404	-0.855	-1.800	-2.215	-2.462	-1.494	-0.534	-4.744	-0.975	-0.972	-1.543	-0.929	-0.684	-0.097	-4.305	0.829	-0.935
Lysobacter_OAE881	ABIE51_RS19175	ABIE51_RS19175		hypothetical protein	0.595	1.511	-1.478	-0.549	0.538	-2.488	0.488	0.057	-1.159	-0.520	-0.128	-0.623	-1.337	1.419	0.115	-0.703	-2.180	-1.689	0.923	-0.650	1.006	-2.359	0.420	1.328	0.417
Lysobacter_OAE881	ABIE51_RS19180	ABIE51_RS19180		SURF1 family protein	-0.284	-1.387	-1.762	-1.115	-1.889	-0.117	-1.301	-2.676	-1.202	-0.693	-0.181	0.792	-0.579	0.359	-0.262	-2.832	-1.033	-2.723	-1.367	-1.643	-1.823	-1.419	-1.632	-0.557	-0.450
Lysobacter_OAE881	ABIE51_RS19185	ABIE51_RS19185		twin transmembrane helix small protein	1.186	-0.137	-0.898	-0.785	-0.217	0.001	0.798	0.600	1.666	0.626	1.115	0.896	-0.268	1.231	0.695	-2.105	-0.070	-0.985	0.130	1.541	2.124	-0.164	1.465	1.638	1.591
Lysobacter_OAE881	ABIE51_RS19190	ABIE51_RS19190		cytochrome c oxidase subunit 3	0.725	-0.212	-4.539	-0.081	-0.458	-0.672	1.216	-2.196	-0.895	0.916	-0.803	-1.054	-1.126	0.224	-0.353	-2.629	-1.074	-0.622	-2.040	-1.133	-1.462	0.400	-3.413	0.001	0.030
Lysobacter_OAE881	ABIE51_RS19195	ABIE51_RS19195		cytochrome c oxidase assembly protein	-0.254	0.496	-3.593	1.045	-1.404	-0.685	1.464	-2.725	-1.375	-0.264	-0.994	-2.942	-2.601	0.559	-0.614	-3.661	-1.920	1.134	-1.226	-0.720	-1.184	0.368	-3.482	1.754	1.603
Lysobacter_OAE881	ABIE51_RS19200	ABIE51_RS19200		hypothetical protein	-1.274	-0.033	-1.410	-0.679	-0.606	0.092	-1.196	-1.938	0.011	-1.908	0.035	-1.452	0.200	0.056	-1.287	-1.652	-1.680	-0.425	-1.341	-0.064	-0.227	-0.417	-0.898	-0.821	-0.764
Lysobacter_OAE881	ABIE51_RS19205	ABIE51_RS19205		cytochrome c oxidase subunit I	1.547	0.075	-4.363	-0.094	-0.519	-0.772	0.031	-2.603	-2.288	-0.368	-2.505	-2.056	-3.265	0.026	0.603	-4.404	-0.276	0.357	-3.193	-2.036	-1.270	0.683	-4.904	-0.674	1.237
Lysobacter_OAE881	ABIE51_RS19210	ABIE51_RS19210		cytochrome c oxidase subunit II	1.186	0.265	-4.590	1.099	-0.843	-0.830	1.096	-3.343	-0.996	0.623	-1.413	-1.803	-1.633	0.018	-0.658	-2.914	-0.692	0.291	-2.319	-0.713	-0.573	1.501	-3.619	1.573	-0.738
Lysobacter_OAE881	ABIE51_RS19215	ABIE51_RS19215		bifunctional proline dehydrogenase/L-glutamate gamma-semialdehyde dehydrogenase PutA	-2.235	-1.695	-10.585	-3.928	-0.152	-0.470	-0.304	-0.583	-0.624	1.319	0.582	1.395	2.289	-1.348	0.729	-10.480	1.264	0.168	0.260	-0.148	1.709	-3.652	2.890	0.477	-3.015
Lysobacter_OAE881	ABIE51_RS19220	ABIE51_RS19220		YadA-like family protein	-0.310	-0.231	0.024	-0.122	0.144	0.055	-0.114	0.178	0.101	-1.031	0.248	-0.498	1.072	-0.184	-0.122	0.129	-0.114	0.274	0.741	0.679	0.150	0.262	0.569	0.697	-0.079
Lysobacter_OAE881	ABIE51_RS19225	ABIE51_RS19225		S8 family peptidase	-0.534	0.157	-0.183	0.399	-1.602	-0.752	-0.912	-0.566	0.169	-0.567	0.790	0.371	-1.032	1.045	-0.471	0.054	0.307	0.326	0.363	-0.591	-0.078	-1.525	-0.151	0.078	0.162
Lysobacter_OAE881	ABIE51_RS19230	ABIE51_RS19230		winged helix-turn-helix domain-containing protein	-0.102	-0.361	-0.012	0.022	0.524	0.443	-0.613	-0.590	0.092	0.113	-0.680	0.324	-1.359	-0.147	0.706	-0.532	1.698	0.286	1.086	0.541	-0.248	-0.655	0.600	0.482	-0.133
Lysobacter_OAE881	ABIE51_RS19235	ABIE51_RS19235		outer membrane protein transport protein	-0.258	0.695	8.473	-0.333	1.738	-1.667	-1.000	-16.367	0.639	0.478	-5.531	3.416	-5.413	-0.606	-1.998	8.354	0.141	-0.107	-4.727	2.826	-2.567	-0.586	0.756	-1.417	9.018
Lysobacter_OAE881	ABIE51_RS19240	ABIE51_RS19240		rhomboid family intramembrane serine protease	-1.883	-0.569	-1.203	-0.961	-2.038	-2.971	-0.354	-1.965	-1.456	0.595	1.752	-1.506	2.102	0.007	0.173	-1.199	-1.650	-3.649	-1.474	-1.797	0.184	1.855	-0.814	-0.638	-0.442
Lysobacter_OAE881	ABIE51_RS19245	ABIE51_RS19245		DUF1820 family protein	-0.650	-0.465	-0.151	-0.969	0.136	-1.378	0.258	1.002	0.125	0.950	0.738	0.176	0.706	-1.161	0.641	-0.765	0.221	0.885	0.410	-0.285	-0.088	-0.157	0.721	0.133	-0.970
Lysobacter_OAE881	ABIE51_RS19250	ABIE51_RS19250		hypothetical protein	-1.103	-0.454	-0.735	-2.309	-0.576	-1.452	0.006	-1.187	-0.374	-0.577	-1.203	-1.175	-0.847	1.134	-1.046	0.652	-0.002	0.756	-0.672	-1.144	0.216	-0.605	-0.837	-0.907	-1.458
Lysobacter_OAE881	ABIE51_RS19255	ABIE51_RS19255		S41 family peptidase	0.162	-0.490	-0.638	0.025	-0.706	-0.955	0.223	-1.049	-0.479	-0.555	-5.965	-0.503	-0.299	0.674	-0.151	-0.137	0.348	-0.600	-0.205	-0.529	0.493	1.061	-0.700	-0.602	-0.440
Lysobacter_OAE881	ABIE51_RS19260	ABIE51_RS19260		peptidoglycan DD-metalloendopeptidase family protein	-0.920	-0.028	-0.164	0.100	-0.227	-0.471	0.108	-0.477	-0.077	1.079	1.750	1.042	0.610	0.207	-0.054	-0.481	0.027	0.494	-0.528	0.182	-1.814	1.170	0.102	-0.325	-0.355
Lysobacter_OAE881	ABIE51_RS19265	ABIE51_RS19265		2,3-bisphosphoglycerate-independent phosphoglycerate mutase	-4.401	-3.212	-6.927	-4.575	-7.405	-10.175	-6.055	-9.868	-9.074	-6.229	-3.739	-5.826	-2.214	-3.833	-4.049	-6.194	-8.273	-7.482	-9.389	-7.806	-2.058	-2.034	-6.597	-2.228	-1.981
Lysobacter_OAE881	ABIE51_RS19270	ABIE51_RS19270		hypothetical protein	0.560	-0.336	-0.056	-1.036	-0.414	-0.636	0.821	-0.478	0.205	-0.584	0.380	-0.549	-0.523	0.154	0.374	-0.331	-0.389	-0.289	-0.155	-0.766	-1.183	-0.425	-0.382	-1.026	-0.806
Lysobacter_OAE881	ABIE51_RS19275	ABIE51_RS19275		M28 family metallopeptidase	-0.409	0.050	0.038	-0.354	0.848	-0.023	0.047	-0.084	0.656	0.834	0.226	0.003	0.348	0.181	0.398	0.169	0.678	0.235	0.691	0.178	-0.074	-0.732	-0.030	-0.728	-1.327
Lysobacter_OAE881	ABIE51_RS19280	ABIE51_RS19280		MAPEG family protein	-1.153	-0.582	-0.683	-0.686	2.287	-0.687	-0.006	-0.969	-0.721	-0.050	0.624	-1.172	1.111	0.142	1.485	-0.447	0.089	0.692	0.169	-0.033	-0.628	-0.530	-0.248	-0.873	0.083
Lysobacter_OAE881	ABIE51_RS19285	ABIE51_RS19285		2OG-Fe dioxygenase family protein	0.377	0.513	-0.276	0.635	2.438	-0.027	1.387	-0.431	-0.846	0.865	0.234	-0.787	0.386	0.112	0.130	0.327	1.100	0.249	0.619	-0.179	-0.170	0.597	0.788	0.311	-0.724
