orgId	locusId	sysName	geneName	desc	set1IT023 D-Glucose 20 mM (C)	set1IT024 D-Glucose 20 mM (C)	set1IT031 (+)-Arabinogalactan 5 mg/ml (C)	set1IT032 (+)-Arabinogalactan 5 mg/ml (C)	set1IT035 Mannan from Saccharomyces cerevisiae 5 mg/ml (C)	set1IT036 Mannan from Saccharomyces cerevisiae 5 mg/ml (C)	set1IT037 Fructooligosaccharides (FOS) 5 mg/ml (C)	set1IT038 Fructooligosaccharides (FOS) 5 mg/ml (C)	set1IT041 D-Maltose 20 mM (C)	set1IT042 D-Maltose 20 mM (C)	set1IT043 D-Raffinose 20 mM (C)	set1IT044 D-Raffinose 20 mM (C)	set1IT049 D-Glucose 20 mM (C)	set1IT050 D-Glucose 20 mM (C)	set1IT067 L-Fucose 20 mM (C)	set1IT068 L-Fucose 20 mM (C)	set1IT071 D-Glucosamine Hydrochloride 20 mM (C)	set1IT072 D-Glucosamine Hydrochloride 20 mM (C)	set1IT077 D-Maltose 20 mM (C)	set1IT078 D-Maltose 20 mM (C)	set1IT085 D-Raffinose 20 mM (C)	set1IT086 D-Raffinose 20 mM (C)
Bvulgatus_CL09T03C04	HMPREF1058_RS00035	HMPREF1058_RS00035		TonB-dependent receptor	0.465	0.566	1.020	1.061	0.405	0.504	-0.126	-0.857	0.371	-1.349	-0.163	-0.402	-0.841	0.193	0.001	1.308	-0.461	0.207	0.016	-0.278	-1.644	-0.392
Bvulgatus_CL09T03C04	HMPREF1058_RS00040	HMPREF1058_RS00040		RagB/SusD family nutrient uptake outer membrane protein	-0.756	-0.283	-0.529	-1.302	0.164	-0.735	-0.007	-0.873	-0.656	-0.821	-0.285	-0.380	-1.130	-0.472	0.265	-0.032	-0.077	-0.050	-0.602	-1.395	-1.188	0.074
Bvulgatus_CL09T03C04	HMPREF1058_RS00045	HMPREF1058_RS00045		SusC/RagA family TonB-linked outer membrane protein	-0.688	-0.809	0.043	-0.391	-0.531	-0.674	-0.897	-1.040	-1.173	-0.540	-1.278	-0.312	-0.069	0.625	-0.453	0.167	-0.541	0.425	-1.922	-0.251	-1.534	-0.771
Bvulgatus_CL09T03C04	HMPREF1058_RS00050	HMPREF1058_RS00050		RagB/SusD family nutrient uptake outer membrane protein	-1.213	0.255	0.839	0.157	-1.389	-0.735	-0.535	-0.087	-0.768	-1.662	-0.439	-0.438	-0.367	-0.179	0.295	0.424	0.576	-0.082	-0.094	-0.281	0.315	-0.369
Bvulgatus_CL09T03C04	HMPREF1058_RS00055	HMPREF1058_RS00055		hypothetical protein	0.412	-1.805	0.693	0.223	-0.292	0.027	0.285	-0.649	-0.681	-0.246	-0.464	-0.416	0.433	1.317	0.613	-1.037	-0.254	-0.179	-0.437	-0.566	0.536	0.222
Bvulgatus_CL09T03C04	HMPREF1058_RS00060	HMPREF1058_RS00060		RagB/SusD family nutrient uptake outer membrane protein	1.372	-0.011	1.100	-0.449	1.192	0.730	0.560	0.106	-0.536	1.176	-0.636	-0.727	-0.278	0.558	0.612	-1.170	0.419	-0.448	1.518	0.664	-1.071	-0.211
Bvulgatus_CL09T03C04	HMPREF1058_RS00065	HMPREF1058_RS00065		family 78 glycoside hydrolase catalytic domain	-0.275	-0.293	-0.201	-0.197	0.010	-1.108	0.620	0.128	-0.352	0.185	-0.010	-0.776	-0.141	0.428	-0.236	-1.044	-0.426	-0.971	-0.642	-0.604	-1.004	-0.039
Bvulgatus_CL09T03C04	HMPREF1058_RS00070	HMPREF1058_RS00070		alpha/beta hydrolase	0.997	-0.627	0.627	0.476	0.818	0.983	-0.224	0.747	0.418	-0.119	-0.364	-0.023	0.892	-0.025	-0.001	0.981	-0.434	0.383	0.871	0.073	0.104	0.990
Bvulgatus_CL09T03C04	HMPREF1058_RS00075	HMPREF1058_RS00075		hypothetical protein	0.271	0.013	-0.496	-1.314	-0.625	-0.655	-0.299	-0.161	-1.099	-0.632	-0.932	-0.197	0.555	-0.332	-0.339	0.413	0.123	0.862	-1.000	-0.374	-0.939	-0.019
Bvulgatus_CL09T03C04	HMPREF1058_RS00080	HMPREF1058_RS00080		glycoside hydrolase	0.631	0.302	1.427	1.659	0.330	0.983	-0.252	0.480	-0.709	0.583	0.485	-0.381	0.577	-0.359	0.334	0.350	-0.241	0.844	0.376	0.223	-0.011	-0.240
Bvulgatus_CL09T03C04	HMPREF1058_RS00085	HMPREF1058_RS00085		glycoside hydrolase family 88 protein	-0.801	0.463	-0.085	-0.021	0.445	1.113	-0.525	-0.638	-0.602	-1.128	-0.830	0.160	1.950	1.618	-0.211	-0.379	-1.366	-0.196	0.455	-0.644	0.989	0.073
Bvulgatus_CL09T03C04	HMPREF1058_RS00090	HMPREF1058_RS00090		beta-galactosidase	0.552	-0.261	-0.312	-1.262	1.130	1.589	0.874	0.454	0.119	-0.062	0.470	-0.428	-0.455	0.436	1.009	0.530	0.089	0.375	0.334	0.761	-0.143	0.017
Bvulgatus_CL09T03C04	HMPREF1058_RS00095	HMPREF1058_RS00095		family 43 glycosylhydrolase	-1.189	0.117	0.881	-1.229	-0.654	-0.059	-0.641	-1.211	-0.511	-0.796	-0.432	-0.649	-0.478	-0.248	-0.293	-0.074	-0.133	-0.473	0.382	0.608	-0.799	-0.067
Bvulgatus_CL09T03C04	HMPREF1058_RS00100	HMPREF1058_RS00100		beta-glucuronidase	0.776	0.049	1.608	0.825	0.282	-0.476	-0.357	-1.143	0.001	0.000	0.221	0.392	-1.029	-0.101	0.026	-0.325	0.692	-0.152	-0.705	-0.417	0.531	0.259
Bvulgatus_CL09T03C04	HMPREF1058_RS00105	HMPREF1058_RS00105		rhamnogalacturonan acetylesterase	0.416	-1.693	0.518	-0.430	1.052	0.055	0.221	-1.620	0.215	-0.585	-0.251	-0.266	-0.365	-0.517	-0.776	0.433	0.530	-0.704	0.461	-0.421	-1.186	0.655
Bvulgatus_CL09T03C04	HMPREF1058_RS00110	HMPREF1058_RS00110		right-handed parallel beta-helix repeat-containing protein	-0.030	1.209	0.422	-2.808	1.463	1.067	-0.033	0.462	0.272	0.928	0.442	0.223	0.144	-0.744	0.501	0.116	1.537	-0.316	-0.380	0.582	0.431	-0.048
Bvulgatus_CL09T03C04	HMPREF1058_RS00115	HMPREF1058_RS00115		DUF4450 domain-containing protein	0.428	0.874	-0.974	0.897	0.956	0.498	0.285	-0.297	1.690	0.750	0.859	1.534	0.269	-0.551	0.653	0.083	-0.983	0.295	0.620	1.603	0.985	-0.063
Bvulgatus_CL09T03C04	HMPREF1058_RS00120	HMPREF1058_RS00120		hypothetical protein	-0.396	-1.339	-0.112	-0.900	-0.838	-0.378	-0.787	-0.583	-0.992	-1.284	-1.403	-0.213	-1.452	-0.552	0.669	-0.845	-1.194	-0.103	-0.488	-1.257	-0.066	-2.071
Bvulgatus_CL09T03C04	HMPREF1058_RS00125	HMPREF1058_RS00125		glycoside hydrolase family 28 protein	-0.085	-0.193	0.816	0.385	0.068	-0.613	-0.686	-1.241	-1.284	-0.190	-2.549	-0.791	-0.921	-0.193	-0.456	-1.202	0.293	-0.306	-0.359	-1.473	-0.584	0.672
Bvulgatus_CL09T03C04	HMPREF1058_RS00130	HMPREF1058_RS00130		glycosyl hydrolase family 2	-0.520	0.054	0.193	0.039	-0.119	1.009	-0.500	-0.938	-0.296	0.609	-0.418	0.188	-0.026	-0.461	-0.286	-0.455	-0.068	-0.028	0.631	-0.176	1.026	0.250
Bvulgatus_CL09T03C04	HMPREF1058_RS00135	HMPREF1058_RS00135		isoaspartyl peptidase/L-asparaginase	-0.068	0.427	0.658	0.268	-1.366	-0.302	-0.608	-0.195	-0.110	-0.000	-0.356	0.498	-0.856	-1.211	-0.610	-0.645	-1.350	-0.421	-0.123	-0.079	-0.045	-0.474
Bvulgatus_CL09T03C04	HMPREF1058_RS00140	HMPREF1058_RS00140		L-rhamnose mutarotase	-2.576	-4.637	-1.990	-2.215	-2.337	-3.129	-4.696	-4.247	-7.153	-11.019	-2.158	-3.924	-5.653	-3.793	-3.684	-2.097	-8.905	-8.971	-6.295	-9.253	-3.263	-2.872
Bvulgatus_CL09T03C04	HMPREF1058_RS00150	HMPREF1058_RS00150		ABC transporter ATP-binding protein	0.650	1.093	-0.106	-2.672	-0.812	1.045	-0.138	0.093	-0.728	-0.094	0.008	0.886	-1.291	1.514	-0.386	2.428	0.634	2.245	0.273	0.759	0.033	1.299
Bvulgatus_CL09T03C04	HMPREF1058_RS00155	HMPREF1058_RS00155		ABC transporter permease	-0.623	0.702	-0.401	-0.659	0.048	-0.788	-0.018	0.664	-0.433	0.301	0.425	0.170	-0.245	-0.630	0.172	0.522	-1.891	-0.897	0.776	0.804	0.354	0.938
Bvulgatus_CL09T03C04	HMPREF1058_RS00160	HMPREF1058_RS00160		ABC transporter permease	0.646	-0.547	-2.279	0.417	-1.024	-0.023	0.542	-0.539	0.321	-0.664	0.337	0.329	-0.945	-0.852	-0.560	-0.732	0.593	0.024	0.135	0.351	0.386	-0.353
Bvulgatus_CL09T03C04	HMPREF1058_RS00165	HMPREF1058_RS00165		efflux RND transporter periplasmic adaptor subunit	-1.038	-0.122	-0.921	0.946	-0.146	-0.674	1.630	-1.386	-0.880	-1.069	-0.390	-0.657	0.246	0.319	0.385	-0.497	0.644	0.231	-0.919	-0.190	0.330	-0.922
Bvulgatus_CL09T03C04	HMPREF1058_RS00170	HMPREF1058_RS00170		TolC family protein	-0.480	-0.332	1.444	1.906	-0.150	-0.385	-0.212	0.983	0.868	0.793	1.347	-0.360	1.492	1.546	0.193	-0.084	-0.217	0.256	2.331	1.086	0.457	-0.815
Bvulgatus_CL09T03C04	HMPREF1058_RS00175	HMPREF1058_RS00175		hypothetical protein	0.905	-0.271	0.179	0.748	0.155	-1.075	0.331	-0.720	0.105	-0.496	-0.095	0.876	0.020	0.315	1.467	-0.050	0.133	0.101	-0.300	-1.009	-0.250	-0.362
Bvulgatus_CL09T03C04	HMPREF1058_RS00180	HMPREF1058_RS00180		GntR family transcriptional regulator	1.012	-0.476	0.301	0.601	-1.400	-0.801	1.039	1.760	-0.708	0.023	-0.243	0.442	1.491	0.812	0.839	0.043	1.616	-0.036	-0.099	-0.234	-0.311	0.636
Bvulgatus_CL09T03C04	HMPREF1058_RS00185	HMPREF1058_RS00185		iron-containing alcohol dehydrogenase	1.030	1.823	-1.060	-2.413	-1.539	-2.519	-0.168	0.773	-0.895	-0.407	0.200	-1.132	0.415	1.135	-0.920	-1.296	-1.047	-0.192	0.114	0.060	-0.897	0.132
Bvulgatus_CL09T03C04	HMPREF1058_RS00190	HMPREF1058_RS00190		FimB/Mfa2 family fimbrial subunit	0.211	-1.079	-0.531	0.031	0.791	0.520	0.734	-0.820	0.183	0.576	-1.005	-1.037	1.521	-0.601	-0.074	-1.164	0.055	-0.146	0.822	0.463	1.441	-0.112
Bvulgatus_CL09T03C04	HMPREF1058_RS00200	HMPREF1058_RS00200		tRNA threonylcarbamoyladenosine dehydratase	-1.129	-0.649	-0.138	-1.321	-0.827	1.177	0.430	0.263	0.759	0.697	0.239	0.014	0.698	-0.971	0.674	0.230	0.271	0.719	-0.007	-0.477	2.728	0.022
Bvulgatus_CL09T03C04	HMPREF1058_RS00205	HMPREF1058_RS00205		cation:proton antiporter	-1.038	-2.190	1.212	0.800	-3.593	-3.299	-1.109	-0.979	0.245	1.625	0.037	0.000	-4.372	-1.478	-5.007	0.218	-0.197	-0.156	-2.606	-1.080	-3.564	-0.278
Bvulgatus_CL09T03C04	HMPREF1058_RS00215	HMPREF1058_RS00215		FKBP-type peptidyl-prolyl cis-trans isomerase	-0.449	0.064	-0.854	-0.418	-0.064	-0.078	0.161	-0.869	0.757	0.167	0.052	-0.925	-0.626	1.363	-0.764	-1.288	-0.101	0.363	0.285	0.804	0.342	0.200
Bvulgatus_CL09T03C04	HMPREF1058_RS00230	HMPREF1058_RS00230		DUF3316 domain-containing protein	0.318	-0.217	0.428	0.598	-0.504	-0.340	0.224	0.688	-1.737	-0.028	1.705	1.148	1.245	0.658	-1.466	0.418	-0.079	0.205	-0.531	-1.032	1.290	0.415
Bvulgatus_CL09T03C04	HMPREF1058_RS00235	HMPREF1058_RS00235		S41 family peptidase	1.736	2.301	-0.519	-0.250	-0.118	-0.686	2.450	1.638	2.189	0.173	1.766	0.274	1.708	1.732	-0.794	-1.824	-0.866	-0.854	2.271	0.597	1.233	1.070
Bvulgatus_CL09T03C04	HMPREF1058_RS00245	HMPREF1058_RS00245		DUF5110 domain-containing protein	2.987	3.566	1.079	0.940	0.488	0.604	3.257	3.902	2.541	2.620	2.606	3.173	4.506	3.566	0.202	-0.151	1.575	1.075	2.859	1.764	2.798	3.416
Bvulgatus_CL09T03C04	HMPREF1058_RS00260	HMPREF1058_RS00260		xylosidase	-0.388	-0.125	-0.043	-0.616	-0.100	1.064	0.145	0.095	0.566	0.936	0.013	-0.517	0.957	0.193	-0.443	0.994	0.403	0.421	0.580	0.757	0.577	1.066
Bvulgatus_CL09T03C04	HMPREF1058_RS00265	HMPREF1058_RS00265		glycoside hydrolase family 97 protein	-0.607	1.056	-1.631	-0.378	-0.691	0.072	1.304	1.352	0.324	0.946	0.270	0.703	0.920	0.951	-0.156	1.539	1.629	0.745	0.413	1.054	-0.138	0.627
Bvulgatus_CL09T03C04	HMPREF1058_RS00270	HMPREF1058_RS00270		L-rhamnose mutarotase	-1.096	0.693	1.621	1.286	0.865	-2.123	-0.057	-0.422	-0.540	0.350	0.024	1.048	1.523	-0.639	0.350	-0.609	1.797	-0.274	-0.094	1.353	-0.874	1.057
Bvulgatus_CL09T03C04	HMPREF1058_RS00275	HMPREF1058_RS00275		RagB/SusD family nutrient uptake outer membrane protein	-0.372	0.464	-0.878	-0.568	0.043	0.994	1.558	0.460	0.959	0.559	0.099	0.226	1.400	-0.640	-0.190	0.353	-0.392	0.095	0.103	-0.074	-0.929	0.720
Bvulgatus_CL09T03C04	HMPREF1058_RS00280	HMPREF1058_RS00280		TonB-dependent receptor	0.743	0.092	-0.354	0.222	-0.924	0.838	-0.674	0.599	-0.001	-0.735	-0.376	0.131	0.168	-0.238	-0.748	0.628	0.531	-0.143	-0.443	-0.143	0.012	0.070
Bvulgatus_CL09T03C04	HMPREF1058_RS00285	HMPREF1058_RS00285		alpha-L-fucosidase	0.033	0.400	1.011	0.928	0.373	0.670	2.335	0.609	0.382	-0.566	0.271	0.411	1.767	1.120	0.197	1.362	0.886	-0.475	-0.275	-0.926	-1.295	0.305
Bvulgatus_CL09T03C04	HMPREF1058_RS00290	HMPREF1058_RS00290		helix-turn-helix transcriptional regulator	0.132	0.607	-1.341	-0.949	0.128	1.124	-0.457	-0.395	-0.798	-0.014	-0.061	-0.573	-0.553	-0.907	-0.308	0.459	0.426	0.332	-0.763	0.485	-0.668	-0.420
Bvulgatus_CL09T03C04	HMPREF1058_RS00295	HMPREF1058_RS00295		aldo/keto reductase	-1.054	0.012	-0.113	-1.917	1.808	-0.663	0.742	0.272	0.889	0.342	0.573	0.663	-1.477	0.471	0.667	0.243	1.592	0.144	-0.808	1.879	0.600	-0.061
Bvulgatus_CL09T03C04	HMPREF1058_RS00300	HMPREF1058_RS00300		L-galacto-1,5-lactonase LgaB	1.427	0.543	-0.519	0.513	1.840	1.924	0.087	1.697	1.221	0.827	-0.381	0.238	0.276	1.392	0.061	-0.623	0.932	0.186	0.862	1.400	0.062	0.323
Bvulgatus_CL09T03C04	HMPREF1058_RS00305	HMPREF1058_RS00305		L-fucose:H+ symporter permease	-1.795	-2.148	-1.245	-1.164	-0.009	-0.248	-1.696	-0.589	-1.686	-2.048	-2.014	-1.218	-0.213	-0.228	-0.961	-1.071	-0.453	-2.012	-0.222	-0.230	-0.881	-1.124
Bvulgatus_CL09T03C04	HMPREF1058_RS00310	HMPREF1058_RS00310		zinc-binding alcohol dehydrogenase family protein	0.370	-0.380	0.814	-1.016	0.375	0.197	0.006	0.620	2.266	0.162	0.208	0.109	0.802	0.024	0.247	-0.810	-0.365	0.221	0.530	0.424	0.778	-0.442
Bvulgatus_CL09T03C04	HMPREF1058_RS00315	HMPREF1058_RS00315		NAAT family transporter	-0.610	-1.460	1.283	1.229	1.449	1.286	0.354	1.448	1.030	0.821	0.439	-0.000	-0.198	0.694	0.461	0.029	0.565	0.418	1.135	1.492	-0.117	-0.133
Bvulgatus_CL09T03C04	HMPREF1058_RS00355	HMPREF1058_RS00355		hypothetical protein	0.487	0.572	0.175	0.471	0.434	0.052	0.611	1.055	-0.425	0.555	0.807	1.073	0.491	0.498	0.355	0.425	0.622	-0.205	1.497	1.127	1.811	0.594
Bvulgatus_CL09T03C04	HMPREF1058_RS00360	HMPREF1058_RS00360		MotA/TolQ/ExbB proton channel family protein	0.641	0.138	-2.342	-0.280	-0.879	-0.935	-0.855	0.482	-2.150	-0.705	-0.438	-0.253	1.005	0.049	-1.034	-0.498	0.160	-0.233	-0.718	-1.030	0.031	0.433
Bvulgatus_CL09T03C04	HMPREF1058_RS00365	HMPREF1058_RS00365		biopolymer transporter ExbD	0.956	1.352	-2.106	-1.086	-0.408	-0.909	0.714	1.219	0.645	0.079	1.390	-0.049	0.835	0.953	-0.142	1.355	0.680	1.027	-0.263	1.088	-1.098	1.286
Bvulgatus_CL09T03C04	HMPREF1058_RS00370	HMPREF1058_RS00370		biopolymer transporter ExbD	-0.233	0.438	-1.489	-2.732	-1.971	-0.654	0.239	-0.590	0.817	0.886	0.387	-0.080	-0.253	0.019	0.836	-0.110	-0.044	-0.724	0.509	-0.305	-1.475	0.089
Bvulgatus_CL09T03C04	HMPREF1058_RS00375	HMPREF1058_RS00375		energy transducer TonB	0.498	0.212	-0.563	-0.249	0.930	-0.674	-0.791	-0.067	-1.188	-0.068	0.995	0.368	-0.431	-0.181	-1.569	0.020	0.035	-0.857	-1.869	-1.205	0.302	0.751
Bvulgatus_CL09T03C04	HMPREF1058_RS00380	HMPREF1058_RS00380		substrate-binding domain-containing protein	1.401	-0.173	0.067	-0.312	0.169	-1.092	-0.009	0.569	-0.018	-0.744	0.164	0.440	0.665	0.776	-0.676	-0.540	-0.077	0.403	-0.184	-0.219	-0.062	-0.211
Bvulgatus_CL09T03C04	HMPREF1058_RS00385	HMPREF1058_RS00385		tetratricopeptide repeat protein	0.030	-0.641	0.788	-0.548	-0.001	0.746	0.731	0.234	-0.153	-0.001	0.298	0.472	0.298	0.400	0.728	-0.019	-0.419	1.462	1.316	0.723	0.282	1.093
Bvulgatus_CL09T03C04	HMPREF1058_RS00390	HMPREF1058_RS00390		ATP-binding cassette domain-containing protein	0.618	-1.056	0.526	-0.287	-1.702	-0.340	-0.266	-0.530	-1.040	-0.267	0.076	0.040	-0.420	-0.626	0.208	0.583	-0.249	-1.269	-1.525	0.969	0.041	-0.983
Bvulgatus_CL09T03C04	HMPREF1058_RS00395	HMPREF1058_RS00395		hypothetical protein	0.110	0.028	-1.262	0.529	-0.525	-0.317	-0.550	-0.931	-1.405	-1.782	-0.663	-0.320	-0.115	-1.712	-0.950	-0.348	0.344	-0.929	-1.644	-1.414	-0.273	-0.180
Bvulgatus_CL09T03C04	HMPREF1058_RS00400	HMPREF1058_RS00400		GntR family transcriptional regulator	-0.355	0.907	-2.760	-2.754	-4.037	-4.366	-0.340	-0.822	-1.041	-2.354	-1.562	-0.335	0.489	-1.775	-4.241	-2.777	-3.281	-3.316	-2.431	-3.395	1.153	-1.023
Bvulgatus_CL09T03C04	HMPREF1058_RS00405	HMPREF1058_RS00405		M28 family peptidase	0.204	-0.428	0.383	-0.043	-0.843	-0.301	0.249	0.563	-0.003	0.001	-0.078	0.625	0.136	1.167	-0.441	-0.192	-0.669	0.820	-1.076	-0.712	0.986	0.055
Bvulgatus_CL09T03C04	HMPREF1058_RS00410	HMPREF1058_RS00410		MATE family efflux transporter	-0.015	0.872	1.307	-1.208	1.308	0.447	-0.107	0.463	1.331	1.871	-0.094	-0.098	-0.276	-0.191	-1.032	0.018	-1.442	-0.012	0.072	1.453	-0.451	-1.244
Bvulgatus_CL09T03C04	HMPREF1058_RS00430	HMPREF1058_RS00430		DUF4488 domain-containing protein	-1.878	-3.004	-1.922	-2.275	-3.953	-2.960	-3.794	-4.036	-2.261	-6.391	-4.040	-2.463	-1.423	-4.957	-2.071	-4.390	-1.479	-2.219	-3.399	-3.583	-1.981	-1.995
Bvulgatus_CL09T03C04	HMPREF1058_RS00435	HMPREF1058_RS00435		zeta toxin family protein	-3.963	-5.641	-0.182	0.264	1.074	0.564	-1.466	-1.412	-1.322	-1.823	-2.254	-0.479	0.161	2.233	-3.073	-1.289	-2.197	-1.353	-2.875	-1.807	-0.614	0.272
Bvulgatus_CL09T03C04	HMPREF1058_RS00440	HMPREF1058_RS00440		hypothetical protein	-1.572	-1.290	-0.163	-0.534	0.565	-0.113	-0.036	1.089	-1.386	-0.988	-0.172	0.463	1.328	-0.223	1.268	-0.770	0.715	-0.453	0.252	-0.485	0.627	-0.778
Bvulgatus_CL09T03C04	HMPREF1058_RS00465	HMPREF1058_RS00465		translation initiation factor	-0.043	0.972	0.531	-0.057	-0.225	-1.145	0.586	-0.630	1.067	0.720	1.022	0.579	1.866	0.274	-0.363	0.985	-0.011	0.435	0.862	1.571	-0.001	-0.067
Bvulgatus_CL09T03C04	HMPREF1058_RS00470	HMPREF1058_RS00470		redox-sensing transcriptional repressor Rex	-3.440	-1.458	-0.066	0.008	0.642	0.185	-2.235	-0.727	-0.531	-0.130	-2.801	0.259	-2.423	-1.693	-0.478	-0.165	0.120	-0.190	-1.468	0.106	0.450	-0.259
Bvulgatus_CL09T03C04	HMPREF1058_RS00475	HMPREF1058_RS00475		fumarylacetoacetate hydrolase family protein	-2.049	-3.165	0.190	-0.244	-0.417	1.027	0.088	-0.665	0.805	-0.491	0.735	0.736	-0.415	-0.781	0.952	0.333	0.040	-0.341	0.546	-0.478	0.205	0.842
Bvulgatus_CL09T03C04	HMPREF1058_RS00490	HMPREF1058_RS00490		metallophosphoesterase	1.718	0.256	0.765	-0.411	0.588	0.000	0.793	0.045	1.391	0.905	0.241	0.391	2.151	1.039	0.871	0.908	1.034	0.127	0.405	-0.094	0.997	0.802
Bvulgatus_CL09T03C04	HMPREF1058_RS00495	HMPREF1058_RS00495		DUF3836 domain-containing protein	-1.390	0.439	1.309	1.649	-0.161	0.751	1.512	0.483	0.627	0.133	0.176	-0.259	1.218	0.145	0.083	-0.057	0.456	-0.194	0.001	0.449	0.855	-0.046
Bvulgatus_CL09T03C04	HMPREF1058_RS00505	HMPREF1058_RS00505		hypothetical protein	0.298	1.340	-0.266	0.471	0.408	1.269	1.215	0.837	-0.262	-0.519	0.709	-0.797	0.562	2.235	1.422	0.028	0.311	1.030	-0.027	0.068	1.975	-0.650
Bvulgatus_CL09T03C04	HMPREF1058_RS00515	HMPREF1058_RS00515		YicC family protein	-1.706	-1.111	-2.102	-3.830	-5.756	-5.594	-4.480	-3.509	3.925	3.865	-3.583	-4.160	-1.177	-1.085	-10.376	-6.180	-3.449	-3.306	3.441	3.530	-3.204	-4.182
Bvulgatus_CL09T03C04	HMPREF1058_RS00525	HMPREF1058_RS00525		DUF4290 domain-containing protein	-5.795	-3.163	-0.583	-0.735	-3.533	-3.222	-3.626	-2.967	-1.127	-2.006	-4.099	-5.201	-2.318	-5.536	-5.820	-3.738	-2.649	-2.338	-3.565	-2.761	-2.421	-2.586
Bvulgatus_CL09T03C04	HMPREF1058_RS00540	HMPREF1058_RS00540		M23 family metallopeptidase	-2.169	-1.275	0.193	0.150	-0.247	1.196	2.891	1.711	0.055	1.522	2.278	0.928	-5.014	-4.791	-5.235	1.707	2.475	1.271	-1.444	-1.338	-1.595	0.693
Bvulgatus_CL09T03C04	HMPREF1058_RS00560	HMPREF1058_RS00560		anaerobic ribonucleoside triphosphate reductase	-3.201	-4.616	-2.902	-2.377	-3.997	-3.111	-3.425	-3.463	-3.309	-3.289	-3.381	-4.493	-3.328	-5.233	-3.820	-4.969	-2.613	-4.250	-4.282	-3.360	-4.570	-3.414
Bvulgatus_CL09T03C04	HMPREF1058_RS00565	HMPREF1058_RS00565		hemolysin III family protein	0.922	0.334	-1.805	1.208	-0.497	0.664	-0.611	0.406	0.181	-0.983	0.077	0.678	-13.153	0.354	-12.859	-1.682	-9.150	0.047	-11.928	-0.224	-12.059	-0.811
Bvulgatus_CL09T03C04	HMPREF1058_RS00575	HMPREF1058_RS00575		TonB-dependent receptor	0.842	-0.309	0.639	-0.777	0.039	-0.786	0.890	0.928	-1.427	-0.915	-0.048	-0.524	-0.969	0.212	0.550	-0.378	0.646	0.760	0.197	-0.484	0.828	0.621
Bvulgatus_CL09T03C04	HMPREF1058_RS00580	HMPREF1058_RS00580		PAS domain-containing protein	-0.136	0.308	-0.528	0.705	0.186	1.326	-0.429	-0.012	-0.934	-0.774	0.702	0.254	-0.441	0.095	0.310	0.125	-0.414	-0.322	0.406	0.219	0.637	1.069
Bvulgatus_CL09T03C04	HMPREF1058_RS00585	HMPREF1058_RS00585		PAS domain-containing hybrid sensor histidine kinase/response regulator	1.321	-0.032	0.918	1.176	1.081	1.214	0.814	0.535	0.216	1.100	0.889	0.397	0.510	1.422	1.156	1.021	0.853	1.064	1.030	0.444	0.003	0.394
Bvulgatus_CL09T03C04	HMPREF1058_RS00590	HMPREF1058_RS00590		hypothetical protein	-3.801	-5.308	-3.888	-3.068	-5.728	-5.127	-6.252	-5.764	-5.974	-4.577	-6.211	-4.074	-5.767	-6.183	-6.718	-4.961	0.085	-6.013	-6.243	-4.768	-4.672	-5.576
Bvulgatus_CL09T03C04	HMPREF1058_RS00595	HMPREF1058_RS00595		Holliday junction branch migration protein RuvA	-2.615	-3.495	0.475	0.509	-2.690	-4.391	-2.779	-4.862	-3.615	-2.499	-3.724	-3.147	-0.880	-4.242	-3.406	-4.072	-3.743	-4.318	-4.293	-2.733	-1.118	-3.292
Bvulgatus_CL09T03C04	HMPREF1058_RS00600	HMPREF1058_RS00600		diaminopimelate dehydrogenase	-4.344	-4.854	-1.393	0.151	-2.014	-5.996	-2.231	-2.773	-4.052	-3.845	-4.055	-4.309	-4.065	-3.917	-3.708	-1.822	-2.339	-4.105	-4.952	-2.695	-3.825	-3.306
Bvulgatus_CL09T03C04	HMPREF1058_RS00605	HMPREF1058_RS00605		prolipoprotein diacylglyceryl transferase	1.488	-0.426	-1.663	-1.189	-2.142	-2.035	0.595	0.169	-0.029	0.164	0.672	0.195	-0.581	-0.120	-2.229	-1.519	0.508	0.135	-0.111	0.154	-0.571	0.306
Bvulgatus_CL09T03C04	HMPREF1058_RS00610	HMPREF1058_RS00610		DsbA family protein	0.082	0.545	0.573	0.306	0.301	0.029	1.610	1.789	-1.104	0.275	-0.421	0.714	-1.122	0.205	0.267	1.109	-2.112	-0.580	0.539	-1.011	-0.019	1.754
Bvulgatus_CL09T03C04	HMPREF1058_RS00615	HMPREF1058_RS00615		TonB-dependent receptor	0.246	-1.526	-0.198	1.569	-0.639	-0.535	-10.699	-11.902	-2.859	-2.777	-21.958	-22.590	1.579	0.540	-0.759	0.320	-1.065	-1.464	-2.187	-1.355	-19.985	-21.781
Bvulgatus_CL09T03C04	HMPREF1058_RS00620	HMPREF1058_RS00620		GH32 C-terminal domain-containing protein	-1.368	-0.756	1.277	1.767	0.196	0.735	-7.194	-6.624	1.064	1.441	-19.308	-17.701	-9.897	-7.407	5.423	4.744	3.853	1.381	2.552	3.467	-17.921	-21.148
Bvulgatus_CL09T03C04	HMPREF1058_RS00625	HMPREF1058_RS00625		MFS transporter	-1.515	-2.450	1.113	0.042	0.176	-0.000	-11.355	-10.395	0.167	1.149	-12.951	-14.095	-9.978	-8.962	7.618	3.885	0.290	-2.141	2.561	3.324	-10.218	-14.316
Bvulgatus_CL09T03C04	HMPREF1058_RS00630	HMPREF1058_RS00630		carbohydrate kinase	0.065	1.027	1.350	3.180	-0.620	2.199	-7.808	-9.234	0.815	2.380	-11.890	-12.230	-4.114	-2.236	2.902	3.268	1.014	0.894	0.836	1.610	-10.969	-10.584
Bvulgatus_CL09T03C04	HMPREF1058_RS00635	HMPREF1058_RS00635		substrate-binding domain-containing protein	0.566	-0.744	-0.256	-0.014	0.985	0.014	-18.199	-18.428	-1.899	-2.050	-14.750	-18.522	0.815	-0.022	0.415	-0.671	-0.629	0.797	-1.894	-1.058	-16.134	-16.700
Bvulgatus_CL09T03C04	HMPREF1058_RS00640	HMPREF1058_RS00640		amino acid-binding protein	-2.210	0.641	0.956	-0.686	-0.741	0.418	0.561	-0.250	1.194	-0.314	-0.843	-0.642	0.096	-1.358	-1.614	-1.001	0.425	-0.733	-0.808	0.042	0.577	-0.454
Bvulgatus_CL09T03C04	HMPREF1058_RS00645	HMPREF1058_RS00645		phenylacetate--CoA ligase	0.426	0.423	-0.062	0.629	0.632	1.208	1.474	1.740	-0.622	0.848	2.015	1.590	1.113	1.533	1.314	2.010	-0.095	0.297	-0.001	0.794	1.501	1.195
Bvulgatus_CL09T03C04	HMPREF1058_RS00650	HMPREF1058_RS00650		DUF3256 family protein	-3.826	-4.362	-2.080	-1.295	-0.729	-0.587	-2.843	-3.654	-2.911	-3.660	-3.032	-1.539	-3.432	-3.514	-7.049	-4.757	-0.548	-0.502	-4.470	-2.451	-2.112	-2.550
Bvulgatus_CL09T03C04	HMPREF1058_RS00665	HMPREF1058_RS00665		AraC family transcriptional regulator	-0.886	-1.525	0.225	-0.998	-0.434	-1.647	0.010	-0.298	-0.440	-0.964	-0.552	-0.578	-0.554	-0.030	-1.288	-0.518	0.581	0.235	-0.512	-0.294	1.094	-0.500
Bvulgatus_CL09T03C04	HMPREF1058_RS00670	HMPREF1058_RS00670		efflux RND transporter periplasmic adaptor subunit	2.735	1.471	1.728	2.120	1.589	0.377	1.696	1.671	1.042	-0.277	1.499	0.351	1.928	0.709	-0.064	0.965	0.958	1.052	0.005	1.634	-0.352	1.009
Bvulgatus_CL09T03C04	HMPREF1058_RS00675	HMPREF1058_RS00675		efflux RND transporter permease subunit	1.331	0.985	0.977	2.476	1.027	1.637	1.178	0.810	0.176	1.588	1.425	1.242	1.585	1.554	1.010	0.517	0.172	0.851	0.579	1.632	1.438	1.198
Bvulgatus_CL09T03C04	HMPREF1058_RS00680	HMPREF1058_RS00680		TolC family protein	-0.248	1.023	-0.344	0.286	0.001	-0.520	0.560	0.382	0.233	0.079	0.953	0.538	1.049	0.598	0.116	0.102	-0.627	0.320	1.476	0.503	1.820	0.320
Bvulgatus_CL09T03C04	HMPREF1058_RS00685	HMPREF1058_RS00685		DUF4934 domain-containing protein	1.268	1.786	0.180	1.868	1.261	1.847	0.496	1.213	0.294	0.669	1.118	0.770	0.856	1.134	0.053	1.893	0.918	0.834	1.141	0.783	1.097	0.432
Bvulgatus_CL09T03C04	HMPREF1058_RS00690	HMPREF1058_RS00690		DUF3332 domain-containing protein	-0.140	1.330	-1.844	0.546	0.076	-0.560	0.364	0.708	0.092	-1.223	1.179	0.898	1.974	0.343	0.633	-0.122	0.583	0.007	-0.146	-0.462	-0.851	0.144
Bvulgatus_CL09T03C04	HMPREF1058_RS00695	HMPREF1058_RS00695		MFS transporter	1.113	1.075	0.545	0.466	-0.811	0.264	1.160	1.166	0.237	2.741	0.067	-0.220	1.139	1.905	1.040	-0.732	-1.828	0.366	1.940	2.297	0.444	1.226
Bvulgatus_CL09T03C04	HMPREF1058_RS00700	HMPREF1058_RS00700		DUF4831 family protein	-13.077	-10.595	-10.414	-9.331	-10.810	-10.071	-11.009	-15.093	-10.501	-11.445	-13.822	-11.609	-13.386	-10.266	-10.991	-13.045	-2.392	-8.971	-12.855	-10.811	-12.044	-14.322
Bvulgatus_CL09T03C04	HMPREF1058_RS00705	HMPREF1058_RS00705		bifunctional ADP-dependent NAD(P)H-hydrate dehydratase/NAD(P)H-hydrate epimerase	0.272	0.294	0.427	1.925	1.775	0.465	2.473	1.673	2.634	3.432	1.262	0.885	1.263	1.941	0.793	0.269	0.620	0.530	3.390	2.043	1.987	0.585
Bvulgatus_CL09T03C04	HMPREF1058_RS00710	HMPREF1058_RS00710		hypoxanthine phosphoribosyltransferase	-3.416	-5.295	0.600	0.289	4.007	4.174	-3.312	-4.097	1.949	2.913	-1.691	-0.705	-4.285	-2.345	1.978	1.018	2.506	2.173	2.729	3.770	-1.602	-1.061
Bvulgatus_CL09T03C04	HMPREF1058_RS00725	HMPREF1058_RS00725		peptidoglycan editing factor PgeF	0.834	-0.052	0.440	0.618	-0.680	-0.631	1.735	-1.250	0.161	1.310	0.038	-0.109	-1.576	-0.341	-0.820	1.863	-0.841	0.998	0.615	0.836	1.357	1.205
Bvulgatus_CL09T03C04	HMPREF1058_RS00730	HMPREF1058_RS00730		hypothetical protein	-0.214	0.484	-0.784	-0.126	0.490	-0.736	-0.177	0.010	0.002	0.486	-0.093	0.068	-1.936	-0.074	0.409	0.094	0.261	-0.229	-0.247	-0.955	-0.136	0.071
Bvulgatus_CL09T03C04	HMPREF1058_RS00735	HMPREF1058_RS00735		M23 family metallopeptidase	0.102	-0.287	-2.238	-1.565	-0.392	1.024	0.924	1.004	0.076	0.713	1.614	0.617	1.072	-0.943	0.776	-0.259	1.134	0.781	-0.052	1.413	0.759	1.672
Bvulgatus_CL09T03C04	HMPREF1058_RS00740	HMPREF1058_RS00740		hypothetical protein	-0.863	-1.483	0.149	-0.322	2.489	1.103	-1.146	0.362	0.174	0.109	-0.132	0.211	-1.376	-0.142	-1.380	-1.256	-0.365	0.576	0.208	1.561	0.493	-0.921
Bvulgatus_CL09T03C04	HMPREF1058_RS00745	HMPREF1058_RS00745		porin family protein	1.312	1.460	0.170	1.332	0.550	-0.691	-0.305	-0.191	0.524	1.178	1.593	1.121	1.714	1.960	0.789	0.461	-0.646	-0.285	2.504	1.512	1.163	0.786
Bvulgatus_CL09T03C04	HMPREF1058_RS00750	HMPREF1058_RS00750		PorT family protein	1.555	0.853	-0.735	0.084	1.407	0.785	1.355	0.828	0.764	0.787	1.463	1.346	0.943	1.119	1.514	1.460	-0.047	1.668	1.779	1.749	1.259	1.319
Bvulgatus_CL09T03C04	HMPREF1058_RS00755	HMPREF1058_RS00755		PorT family protein	-0.281	0.236	1.265	0.819	0.495	0.725	2.323	0.455	0.426	0.139	1.455	0.824	0.486	0.272	0.779	0.482	0.678	-1.017	0.097	-0.321	0.666	0.353
Bvulgatus_CL09T03C04	HMPREF1058_RS00760	HMPREF1058_RS00760		phosphoribosylaminoimidazolecarboxamide formyltransferase	0.012	0.072	-1.038	-2.038	1.105	0.848	0.286	-0.051	-1.182	-0.656	-1.358	-0.091	1.011	0.132	-0.062	0.088	-1.586	0.195	0.001	-0.222	-0.404	-1.364
Bvulgatus_CL09T03C04	HMPREF1058_RS01040	HMPREF1058_RS01040		hypothetical protein	-0.553	-3.334	0.184	-2.231	0.052	-1.545	-0.681	0.232	-2.075	-1.056	0.160	-0.362	-0.707	0.752	-0.779	-0.506	-0.975	-0.535	-1.839	0.010	-0.207	-1.557
Bvulgatus_CL09T03C04	HMPREF1058_RS01045	HMPREF1058_RS01045		hypothetical protein	-2.166	-0.155	0.059	0.312	-0.055	-0.394	0.047	0.583	1.103	0.132	0.407	-0.377	-0.237	-0.163	-1.345	-1.608	-0.534	-0.094	-0.241	-2.270	-0.888	-1.576
Bvulgatus_CL09T03C04	HMPREF1058_RS01050	HMPREF1058_RS01050		hypothetical protein	-0.260	1.091	0.191	1.771	1.287	0.879	0.230	-0.335	-0.765	0.283	0.658	-0.042	0.342	2.292	1.947	1.691	0.591	0.199	0.729	1.513	0.002	-0.135
Bvulgatus_CL09T03C04	HMPREF1058_RS01060	HMPREF1058_RS01060		hypothetical protein	-1.399	-0.145	-1.668	-1.269	-0.051	0.756	-2.762	-1.244	-1.696	-1.171	-0.533	-0.333	-0.639	-0.839	-0.606	0.061	-0.056	-0.418	-0.120	-0.614	-1.848	-0.876
Bvulgatus_CL09T03C04	HMPREF1058_RS01065	HMPREF1058_RS01065		hypothetical protein	-0.139	-1.156	-0.214	0.292	-1.909	0.514	-1.014	-2.688	0.598	-1.040	0.567	-1.818	-1.282	0.627	-2.154	-1.037	0.545	-1.614	-2.191	-0.603	-0.650	-0.560
Bvulgatus_CL09T03C04	HMPREF1058_RS01075	HMPREF1058_RS01075		site-specific integrase	-0.011	0.062	0.158	-0.698	0.704	-0.231	-1.086	-1.179	-0.811	0.466	0.779	0.099	-0.665	-0.826	0.092	-0.788	0.220	0.646	-0.359	-0.767	-0.564	-1.713
Bvulgatus_CL09T03C04	HMPREF1058_RS01085	HMPREF1058_RS01085		DUF134 domain-containing protein	1.155	-0.696	0.966	1.030	0.040	1.563	0.164	-1.445	1.015	0.963	0.779	0.208	0.675	1.269	-0.004	0.917	0.124	0.929	0.512	0.687	0.006	-0.201
Bvulgatus_CL09T03C04	HMPREF1058_RS01090	HMPREF1058_RS01090		DUF4852 domain-containing protein	-0.351	-0.565	0.307	-0.149	0.220	1.587	-0.686	-0.098	-0.142	-0.946	-1.083	-0.812	0.569	0.567	0.463	-0.435	-0.104	0.176	-1.519	0.230	-0.712	-1.522
Bvulgatus_CL09T03C04	HMPREF1058_RS01095	HMPREF1058_RS01095		hypothetical protein	0.033	0.764	0.000	-0.607	0.870	0.521	0.591	0.150	-0.418	1.945	0.610	-1.505	-0.679	-0.596	0.492	-0.030	0.224	-0.298	0.174	-1.117	-0.027	0.735
Bvulgatus_CL09T03C04	HMPREF1058_RS01100	HMPREF1058_RS01100		DUF4377 domain-containing protein	1.167	0.782	-3.442	-0.909	-0.670	0.229	-0.685	0.778	-0.119	-0.124	-0.169	-0.509	0.373	0.099	0.891	-0.098	-1.733	-1.504	-0.345	-1.470	-0.281	0.644
Bvulgatus_CL09T03C04	HMPREF1058_RS01105	HMPREF1058_RS01105		hypothetical protein	0.406	0.224	0.903	2.526	1.068	-1.092	-0.631	0.676	-0.295	0.472	-0.580	-1.594	0.240	1.279	0.202	0.428	0.239	-0.410	0.359	1.627	-0.664	0.153
Bvulgatus_CL09T03C04	HMPREF1058_RS01110	HMPREF1058_RS01110		IS256 family transposase	0.697	-1.602	-0.724	-1.535	0.473	0.016	0.797	1.261	-0.941	-0.937	-0.430	-0.877	-0.815	-0.500	-0.933	-0.289	0.135	-0.196	-0.825	-0.201	-0.999	-1.007
Bvulgatus_CL09T03C04	HMPREF1058_RS01115	HMPREF1058_RS01115		hypothetical protein	0.581	-1.125	-1.959	-1.413	-0.807	-1.801	-2.118	-0.686	-1.341	-2.423	-0.205	-0.108	0.636	-0.234	-0.469	-0.782	-1.659	-1.936	-1.276	-2.136	-0.364	-1.084
Bvulgatus_CL09T03C04	HMPREF1058_RS01120	HMPREF1058_RS01120		hypothetical protein	1.237	-0.107	0.992	2.411	-1.331	0.683	0.152	1.661	0.532	-1.063	-0.295	-2.339	0.378	0.318	0.711	-1.578	-0.417	0.313	-1.363	0.082	0.416	-1.004
Bvulgatus_CL09T03C04	HMPREF1058_RS01125	HMPREF1058_RS01125		Rpn family recombination-promoting nuclease/putative transposase	-0.217	-1.316	1.405	0.640	-2.086	1.099	1.670	0.196	-0.242	0.504	-0.018	-0.158	-0.089	0.365	-1.906	-1.508	0.280	-0.162	0.344	0.556	1.043	0.050
Bvulgatus_CL09T03C04	HMPREF1058_RS01130	HMPREF1058_RS01130		phage integrase SAM-like domain-containing protein	1.341	0.584	1.330	0.858	0.759	1.562	-0.641	-1.203	0.259	2.050	0.250	0.296	-0.293	1.376	1.347	0.529	-0.399	0.391	0.593	0.185	1.370	0.513
Bvulgatus_CL09T03C04	HMPREF1058_RS01140	HMPREF1058_RS01140		ATP-binding protein	0.257	0.545	0.041	0.606	0.123	0.882	-0.243	-0.589	0.534	-0.756	0.000	0.209	0.197	-1.149	0.742	0.917	-0.400	-0.219	0.000	-0.177	-0.122	0.833
Bvulgatus_CL09T03C04	HMPREF1058_RS01145	HMPREF1058_RS01145		sigma-54-dependent Fis family transcriptional regulator	0.797	0.424	0.608	1.251	0.965	0.016	1.563	-0.123	-0.094	1.965	0.340	-0.325	-2.290	1.922	0.510	2.027	0.930	1.504	-0.837	1.525	-0.101	-0.010
Bvulgatus_CL09T03C04	HMPREF1058_RS01150	HMPREF1058_RS01150		sel1 repeat family protein	0.891	0.633	-2.008	0.109	-0.305	-0.536	0.462	0.749	0.700	-0.658	1.153	0.036	0.030	-0.684	0.356	-0.226	0.001	1.626	-0.323	0.141	1.190	0.810
Bvulgatus_CL09T03C04	HMPREF1058_RS01155	HMPREF1058_RS01155		TolC family protein	2.281	0.197	1.245	0.435	1.751	-0.293	0.260	0.281	0.178	0.505	0.364	0.718	0.542	1.437	1.926	1.591	0.145	0.638	-0.683	1.280	1.644	1.086
Bvulgatus_CL09T03C04	HMPREF1058_RS01160	HMPREF1058_RS01160		HlyD family efflux transporter periplasmic adaptor subunit	-0.267	-0.105	1.745	2.089	1.088	0.827	-0.185	-0.822	0.020	1.258	0.008	-0.503	0.684	-2.511	0.104	0.089	0.251	-1.157	-1.090	-0.628	-1.222	-0.149
Bvulgatus_CL09T03C04	HMPREF1058_RS01165	HMPREF1058_RS01165		ABC transporter permease	1.828	0.899	-0.235	0.444	-0.213	1.241	0.403	-0.316	0.201	0.383	0.741	1.184	0.082	2.636	2.720	1.327	1.936	1.027	1.332	1.025	1.416	0.346
Bvulgatus_CL09T03C04	HMPREF1058_RS01170	HMPREF1058_RS01170		ABC transporter permease	0.113	-0.243	-0.053	-1.464	0.407	-1.026	-0.466	-0.270	0.932	-0.896	-0.159	-0.905	0.116	-0.299	0.238	1.843	-0.453	0.211	0.753	0.336	-1.250	0.109
Bvulgatus_CL09T03C04	HMPREF1058_RS01175	HMPREF1058_RS01175		FtsX-like permease family protein	0.358	-0.408	1.778	2.153	1.102	-0.044	-0.422	-0.427	-0.982	-0.356	0.823	0.218	0.022	2.129	0.830	0.378	0.000	-0.246	-1.207	-0.358	-0.393	-0.047
Bvulgatus_CL09T03C04	HMPREF1058_RS01180	HMPREF1058_RS01180		ABC transporter ATP-binding protein	-0.206	0.624	-0.334	-0.175	-0.132	-0.308	-0.064	-0.135	0.782	-0.644	0.363	2.256	-0.241	1.560	1.231	-0.018	0.084	1.009	-1.011	-0.196	-1.020	0.529
Bvulgatus_CL09T03C04	HMPREF1058_RS01185	HMPREF1058_RS01185		ABC transporter permease	0.484	-1.362	0.051	0.230	1.143	0.288	0.143	-0.208	1.117	0.306	0.290	0.310	0.778	0.545	1.273	0.831	0.703	-0.459	1.279	-0.224	0.530	0.635
Bvulgatus_CL09T03C04	HMPREF1058_RS01190	HMPREF1058_RS01190		DMT family transporter	1.928	-0.328	1.419	0.000	3.133	1.468	-0.008	1.365	-0.173	1.292	0.199	2.265	1.395	2.346	1.745	0.916	0.246	0.536	0.770	0.775	0.352	0.628
Bvulgatus_CL09T03C04	HMPREF1058_RS0119230	HMPREF1058_RS0119230		Txe/YoeB family addiction module toxin	-1.228	-1.310	0.278	-0.328	-1.689	-0.918	-0.976	-0.887	-0.324	0.531	-1.101	-1.647	-1.252	-1.960	-1.082	-1.817	-1.404	0.214	-0.579	-2.664	-1.298	-1.567
Bvulgatus_CL09T03C04	HMPREF1058_RS0119250	HMPREF1058_RS0119250		hypothetical protein	-0.517	0.601	0.545	-1.943	-2.458	-1.147	-1.023	-1.934	-1.738	-1.359	0.436	0.061	-1.817	-1.551	-2.113	-0.927	-0.090	-0.613	0.278	-1.054	0.217	-0.249
Bvulgatus_CL09T03C04	HMPREF1058_RS0119260	HMPREF1058_RS0119260		hypothetical protein	0.715	2.161	-0.066	0.016	0.043	-1.100	-1.061	-1.211	-0.240	-0.144	-0.345	0.903	1.123	0.158	-0.260	0.230	0.202	0.203	-0.310	0.180	0.912	-0.106
Bvulgatus_CL09T03C04	HMPREF1058_RS0119295	HMPREF1058_RS0119295		Coenzyme F420 hydrogenase/dehydrogenase, beta subunit C-terminal domain	-1.194	0.394	2.085	2.385	0.823	0.868	-0.013	0.971	1.640	0.160	-0.164	0.071	1.641	0.186	0.592	0.355	0.751	-0.041	0.205	-0.445	0.591	0.916
Bvulgatus_CL09T03C04	HMPREF1058_RS0119310	HMPREF1058_RS0119310		DUF3987 domain-containing protein	1.031	-1.021	2.264	2.036	-1.189	0.697	-2.105	-0.595	-0.779	-0.724	-0.354	-0.929	-0.316	-0.504	-1.493	-0.420	0.825	-0.458	-1.559	0.152	-0.652	0.199
Bvulgatus_CL09T03C04	HMPREF1058_RS0119320	HMPREF1058_RS0119320		hypothetical protein	-0.321	-0.167	0.048	-0.470	-1.955	-0.168	1.647	-2.250	-0.273	-0.323	-0.295	0.758	-0.643	-1.339	0.496	3.071	-1.247	-0.756	-0.091	0.080	0.847	-1.730
Bvulgatus_CL09T03C04	HMPREF1058_RS0119335	HMPREF1058_RS0119335		site-specific integrase	-0.517	0.248	-1.323	-1.113	-0.319	1.678	-0.579	-1.069	-0.618	-0.659	-1.774	-2.389	0.370	-0.716	-0.107	-0.432	0.425	-1.475	-0.767	-1.507	0.626	-0.496
Bvulgatus_CL09T03C04	HMPREF1058_RS0119340	HMPREF1058_RS0119340		IS1182 family transposase	-0.032	0.249	-0.054	0.115	-0.900	0.488	2.508	0.721	0.356	-0.407	-1.035	-0.132	1.764	0.696	1.420	0.262	-0.194	1.185	0.389	0.107	-0.350	-0.553
Bvulgatus_CL09T03C04	HMPREF1058_RS0119345	HMPREF1058_RS0119345		6-bladed beta-propeller	-1.128	-0.255	0.336	-1.380	-0.450	-0.295	0.143	0.734	0.521	-0.629	0.297	0.744	-1.042	-0.383	0.653	-0.137	-2.187	0.598	-0.245	-0.629	-0.593	-0.096
Bvulgatus_CL09T03C04	HMPREF1058_RS0119350	HMPREF1058_RS0119350		N-acetylmuramic acid 6-phosphate etherase	-0.012	-1.718	-1.178	0.066	0.483	-0.338	-1.058	-0.375	1.135	-0.051	0.294	-0.409	-0.782	-0.423	-0.814	-0.549	-1.579	0.444	-0.131	0.962	-0.506	0.729
Bvulgatus_CL09T03C04	HMPREF1058_RS0119355	HMPREF1058_RS0119355		hypothetical protein	0.223	2.167	-0.892	0.632	-1.667	-2.746	0.755	0.365	-2.045	0.031	-0.003	1.564	-0.531	1.058	0.942	0.103	0.189	-0.844	0.740	0.750	1.298	-0.038
Bvulgatus_CL09T03C04	HMPREF1058_RS0119365	HMPREF1058_RS0119365		hypothetical protein	-0.657	-1.174	1.050	0.772	-0.759	0.035	-0.547	0.564	1.090	0.886	-0.298	0.820	0.121	0.021	1.354	0.933	-0.189	-0.338	0.609	2.000	0.873	1.252
Bvulgatus_CL09T03C04	HMPREF1058_RS0119380	HMPREF1058_RS0119380		IS66 family insertion sequence element accessory protein TnpB	0.757	-0.439	-1.834	0.714	-1.712	-0.279	-0.090	0.182	-0.179	-0.115	0.896	-1.208	0.775	-0.188	-1.358	-1.083	0.433	-1.880	-0.576	-0.475	-0.301	-0.183
Bvulgatus_CL09T03C04	HMPREF1058_RS0119395	HMPREF1058_RS0119395		RNA polymerase subunit sigma-70	1.722	0.100	-0.012	-0.979	-0.861	-0.503	0.650	0.188	-0.021	-0.923	1.303	1.473	-0.065	0.703	2.207	0.076	0.120	0.081	0.101	-0.142	0.263	-0.229
Bvulgatus_CL09T03C04	HMPREF1058_RS0119435	HMPREF1058_RS0119435		IS982 family transposase	-0.860	0.024	1.949	-0.474	-0.208	-1.204	0.345	1.203	-1.471	-1.374	-0.843	0.262	0.336	-0.975	1.153	-0.393	0.459	0.137	-0.872	-1.788	-0.261	0.897
Bvulgatus_CL09T03C04	HMPREF1058_RS0119450	HMPREF1058_RS0119450		N-acetyltransferase	-0.527	1.289	1.789	1.458	2.025	1.821	0.602	1.772	1.402	1.445	1.677	1.001	1.525	-2.007	-0.895	0.417	-0.185	1.719	0.499	0.919	1.389	0.503
Bvulgatus_CL09T03C04	HMPREF1058_RS0119475	HMPREF1058_RS0119475		cupin domain-containing protein	1.318	0.775	0.883	1.118	-0.372	0.927	1.336	2.008	0.392	1.077	0.655	0.400	-1.119	0.102	1.003	2.163	1.480	0.290	-0.075	0.063	-0.658	0.547
Bvulgatus_CL09T03C04	HMPREF1058_RS0119485	HMPREF1058_RS0119485		DUF1573 domain-containing protein	1.474	0.084	1.408	-1.069	2.031	1.048	2.033	0.665	0.511	1.633	1.124	0.463	0.202	0.369	-0.053	-0.613	-0.156	2.385	1.042	-0.539	0.814	1.185
Bvulgatus_CL09T03C04	HMPREF1058_RS0119490	HMPREF1058_RS0119490		DDE transposase	0.700	0.162	-1.664	-0.709	0.303	2.584	-0.058	0.342	0.715	-0.578	-0.471	-0.939	1.084	0.171	1.352	0.565	0.807	0.076	-1.551	0.850	0.749	-0.237
Bvulgatus_CL09T03C04	HMPREF1058_RS0119495	HMPREF1058_RS0119495		family 43 glycosylhydrolase	0.765	1.544	-1.054	0.251	0.969	0.348	0.546	0.358	0.670	1.061	-0.671	0.497	0.184	0.188	0.297	-1.254	-1.378	-0.224	1.043	1.171	-0.112	0.594
Bvulgatus_CL09T03C04	HMPREF1058_RS0119510	HMPREF1058_RS0119510		hypothetical protein	-0.451	-0.657	-2.530	0.170	-0.766	-0.194	0.516	0.258	-1.488	-0.454	-0.685	-0.812	0.769	-0.798	-1.799	-1.820	0.177	-0.691	-1.214	-0.466	1.682	1.084
Bvulgatus_CL09T03C04	HMPREF1058_RS0119515	HMPREF1058_RS0119515		hypothetical protein	0.100	-2.163	-1.854	-0.236	0.048	0.199	-0.177	0.577	-0.816	1.444	-0.189	-0.631	-0.762	-0.306	-1.708	-0.753	-0.950	-0.181	0.292	-1.205	-0.067	-1.113
Bvulgatus_CL09T03C04	HMPREF1058_RS0119525	HMPREF1058_RS0119525		DUF4971 domain-containing protein	-0.058	-0.604	0.766	0.688	0.436	0.466	-0.360	-0.121	0.577	-0.796	0.241	0.171	-0.143	-0.132	-0.193	-0.812	-2.038	-0.755	-1.339	0.586	-0.609	0.417
Bvulgatus_CL09T03C04	HMPREF1058_RS0119535	HMPREF1058_RS0119535		glycosyltransferase family 2 protein	-0.809	-0.923	-0.547	-0.419	0.063	-1.061	-0.768	-0.847	-0.654	-0.503	-0.003	-0.600	0.451	0.465	-0.470	-0.109	-0.643	1.312	-0.137	-0.899	-0.102	-0.007
Bvulgatus_CL09T03C04	HMPREF1058_RS0119555	HMPREF1058_RS0119555		carboxypeptidase-like regulatory domain-containing protein	1.348	0.910	-1.145	-0.180	-0.717	-0.913	-0.294	0.078	1.236	1.802	0.363	-0.468	0.639	0.108	-0.677	-0.782	0.883	-0.155	0.816	1.033	0.005	-0.154
Bvulgatus_CL09T03C04	HMPREF1058_RS0119575	HMPREF1058_RS0119575		hypothetical protein	-0.126	0.530	-0.307	0.296	-0.203	0.392	-1.292	-1.506	0.390	0.671	0.908	-0.299	-0.852	0.238	-0.422	-1.753	-1.451	-0.369	-0.899	-0.918	-0.668	-1.042
Bvulgatus_CL09T03C04	HMPREF1058_RS0119590	HMPREF1058_RS0119590		Xaa-Pro aminopeptidase	-0.680	-0.705	-1.057	0.039	-1.122	0.731	0.382	-1.577	-0.910	1.471	0.235	-1.135	-1.251	-0.450	-0.278	-0.251	0.022	0.076	-0.542	-0.952	-0.270	-1.337
Bvulgatus_CL09T03C04	HMPREF1058_RS0119595	HMPREF1058_RS0119595		hypothetical protein	-1.021	-0.331	1.371	0.840	-2.294	0.758	-2.231	-0.288	-0.238	-0.552	-1.039	0.422	-0.417	-0.675	0.028	-1.481	0.469	-0.332	-0.095	-1.560	0.199	-1.874
Bvulgatus_CL09T03C04	HMPREF1058_RS0119605	HMPREF1058_RS0119605		helix-turn-helix transcriptional regulator	-0.691	-0.836	-2.500	-0.885	-2.674	-1.672	-0.367	-1.465	-1.873	-0.097	-0.884	-1.229	0.928	-1.213	-0.154	0.475	-0.599	-0.486	-0.378	-0.535	-2.621	-1.553
Bvulgatus_CL09T03C04	HMPREF1058_RS0119610	HMPREF1058_RS0119610		TonB-dependent receptor	0.942	0.543	0.431	0.453	0.618	0.691	1.459	0.777	0.502	0.702	0.263	0.531	1.123	1.017	0.557	0.872	0.519	0.397	1.034	0.909	0.531	-0.078
Bvulgatus_CL09T03C04	HMPREF1058_RS0119615	HMPREF1058_RS0119615		hypothetical protein	1.889	1.168	0.050	-0.216	-0.825	-1.467	-1.147	-0.231	-0.742	-1.242	-1.068	-0.677	-1.402	-0.806	-0.588	0.258	0.016	-0.375	-1.444	-0.145	0.858	0.040
Bvulgatus_CL09T03C04	HMPREF1058_RS0119640	HMPREF1058_RS0119640		hypothetical protein	1.037	-2.174	1.063	1.064	-0.473	-0.719	1.371	-0.384	-0.328	2.327	-0.194	-1.463	-1.034	-0.500	0.193	0.412	0.076	-1.914	1.727	0.550	-0.618	-0.258
Bvulgatus_CL09T03C04	HMPREF1058_RS0119645	HMPREF1058_RS0119645		AAA family ATPase	0.250	2.571	1.405	1.669	-0.211	0.890	1.862	1.954	3.137	2.390	-0.145	-0.173	1.621	0.396	1.984	1.341	0.795	1.181	2.201	1.426	1.342	0.839
Bvulgatus_CL09T03C04	HMPREF1058_RS0119650	HMPREF1058_RS0119650		1-acyl-sn-glycerol-3-phosphate acyltransferase	-0.307	-0.364	1.035	1.372	1.891	0.111	0.424	-0.352	0.902	-0.552	-0.357	0.209	1.249	0.163	0.355	-0.351	0.161	-0.673	0.369	-0.758	0.825	0.730
Bvulgatus_CL09T03C04	HMPREF1058_RS0119660	HMPREF1058_RS0119660		DNA cytosine methyltransferase	-0.917	-0.512	-3.184	-2.753	-1.148	-0.967	-1.100	-1.400	0.307	-0.255	-1.498	-1.213	-0.943	-0.508	-0.832	-0.851	-0.253	-1.715	-0.001	-0.574	-1.102	-0.764
Bvulgatus_CL09T03C04	HMPREF1058_RS0119665	HMPREF1058_RS0119665		recombinase RecT	-0.248	0.919	0.311	-0.997	-1.098	0.758	0.251	0.556	-0.333	0.945	0.987	-1.220	-0.622	0.037	0.183	0.527	0.680	0.260	0.442	0.308	-1.496	0.550
Bvulgatus_CL09T03C04	HMPREF1058_RS0119685	HMPREF1058_RS0119685		DUF4133 domain-containing protein	0.784	0.678	-0.371	-0.121	-0.861	0.700	-0.815	0.353	1.572	-0.032	0.528	-0.044	0.137	-1.050	-0.744	0.025	0.270	0.711	1.288	-0.920	0.396	0.367
Bvulgatus_CL09T03C04	HMPREF1058_RS0119690	HMPREF1058_RS0119690		helix-turn-helix domain-containing protein	1.022	0.469	-2.658	0.023	0.733	0.593	-0.787	-2.112	-0.189	0.365	0.514	0.060	-0.464	-2.294	0.774	-0.603	-1.131	0.535	0.320	0.453	-0.615	0.809
Bvulgatus_CL09T03C04	HMPREF1058_RS0119700	HMPREF1058_RS0119700		DNA-3-methyladenine glycosylase I	-0.667	-1.213	0.900	-1.475	1.793	0.844	0.836	0.906	1.446	2.320	-0.080	0.781	-0.351	-0.309	2.119	0.788	0.762	-0.579	2.028	1.351	1.030	0.655
Bvulgatus_CL09T03C04	HMPREF1058_RS0119715	HMPREF1058_RS0119715		hypothetical protein	0.024	0.157	-1.615	1.333	0.677	-0.365	0.248	0.776	0.559	0.489	-0.002	1.026	0.957	-1.165	-0.071	-0.058	1.100	0.801	-0.005	-0.297	0.603	-0.637
Bvulgatus_CL09T03C04	HMPREF1058_RS0119720	HMPREF1058_RS0119720		hypothetical protein	-0.063	-0.469	0.524	-1.331	-0.831	0.726	-0.190	-0.613	1.563	0.546	1.454	0.636	1.019	1.247	-0.115	-0.575	-1.135	0.574	1.112	1.027	-0.307	1.556
Bvulgatus_CL09T03C04	HMPREF1058_RS0119730	HMPREF1058_RS0119730		response regulator transcription factor	0.704	1.163	-0.677	0.535	-1.722	-2.326	0.470	0.935	-1.105	-1.124	-0.109	-0.447	1.554	0.478	0.223	-0.366	-0.452	0.820	-0.549	-0.077	0.869	0.866
Bvulgatus_CL09T03C04	HMPREF1058_RS0119735	HMPREF1058_RS0119735		hypothetical protein	0.139	-0.510	0.754	-1.313	-1.656	-0.073	-0.475	0.361	-0.339	1.454	-0.214	-0.923	-0.477	1.446	-0.182	-0.875	0.140	-0.531	1.203	0.243	-0.201	-1.113
Bvulgatus_CL09T03C04	HMPREF1058_RS0119755	HMPREF1058_RS0119755		hypothetical protein	0.272	-0.299	-0.189	-0.744	-0.180	2.140	-0.195	0.526	-0.280	-0.253	0.968	0.264	-1.041	0.049	0.014	0.009	-0.127	-0.761	-1.180	-0.320	0.768	0.021
Bvulgatus_CL09T03C04	HMPREF1058_RS0119760	HMPREF1058_RS0119760		hypothetical protein	-0.172	-0.212	0.928	1.917	1.908	-1.191	-0.185	-0.553	-0.089	-0.012	-2.146	-0.516	1.543	0.330	-0.738	-0.531	-1.244	1.358	-0.626	1.529	-0.410	0.379
Bvulgatus_CL09T03C04	HMPREF1058_RS0119785	HMPREF1058_RS0119785		hypothetical protein	-1.763	-1.978	-1.573	-1.707	3.412	5.880	-0.397	-1.604	1.028	-0.804	-1.882	-2.682	-0.715	-2.602	-2.913	-2.313	-1.120	0.365	0.208	-1.508	-0.301	-3.072
Bvulgatus_CL09T03C04	HMPREF1058_RS0119790	HMPREF1058_RS0119790		glycosyltransferase	-1.371	-0.999	-2.413	-2.713	0.938	2.008	-0.865	-0.817	-0.426	0.144	-1.481	-3.234	-3.554	-1.701	-2.483	-1.900	-0.420	-0.220	-0.574	-1.855	-1.029	-2.155
Bvulgatus_CL09T03C04	HMPREF1058_RS0119800	HMPREF1058_RS0119800		toprim domain-containing protein	0.112	0.278	1.096	-0.159	0.758	-0.840	0.226	-1.019	0.647	0.962	-1.556	-0.596	-0.382	0.180	-1.228	0.390	-1.137	-0.769	-1.135	-1.075	1.363	0.250
Bvulgatus_CL09T03C04	HMPREF1058_RS0119805	HMPREF1058_RS0119805		lysine exporter LysO family protein	2.800	3.454	0.276	1.935	-0.326	-0.058	1.288	1.628	0.406	1.104	1.500	2.067	1.959	0.875	0.565	0.346	0.215	1.244	-0.417	-0.177	2.361	1.471
Bvulgatus_CL09T03C04	HMPREF1058_RS0119820	HMPREF1058_RS0119820		hypothetical protein	-0.711	1.311	1.521	0.940	-0.046	1.347	0.202	-0.319	-1.137	1.089	1.482	-0.574	0.781	-0.786	1.641	1.121	-0.391	1.750	-0.491	1.611	-1.542	-0.079
Bvulgatus_CL09T03C04	HMPREF1058_RS0119825	HMPREF1058_RS0119825		DEAD/DEAH box helicase	-1.477	-1.632	-6.965	-3.305	-8.442	-11.168	-1.633	-1.346	-2.943	-1.490	-2.478	-1.750	-0.570	-3.483	-6.562	-6.814	-8.137	-11.736	-4.087	-2.733	-2.906	-0.748
Bvulgatus_CL09T03C04	HMPREF1058_RS0119830	HMPREF1058_RS0119830		helix-turn-helix transcriptional regulator	-1.037	0.203	0.685	0.950	-0.558	-0.177	0.554	0.034	-0.608	1.188	-0.507	-0.193	-0.865	0.095	1.332	-0.452	0.179	-0.279	0.608	0.316	1.077	-0.246
Bvulgatus_CL09T03C04	HMPREF1058_RS0119835	HMPREF1058_RS0119835		type II toxin-antitoxin system HipA family toxin	-0.439	0.737	0.106	-2.275	-0.506	0.081	-1.140	0.721	0.589	0.308	0.782	0.775	0.682	-1.027	-0.368	-0.983	-0.880	-0.132	0.900	0.472	-1.798	-0.478
Bvulgatus_CL09T03C04	HMPREF1058_RS0119845	HMPREF1058_RS0119845		hypothetical protein	-0.839	0.508	-0.160	-0.827	-0.023	-0.214	0.754	0.276	1.338	-0.564	0.722	0.760	0.202	2.809	1.450	0.842	-0.239	1.886	-0.156	-0.486	-0.777	0.271
Bvulgatus_CL09T03C04	HMPREF1058_RS0119860	HMPREF1058_RS0119860		AAA family ATPase	0.496	-0.382	0.099	1.799	1.495	-0.871	0.111	-0.722	-0.540	0.117	-0.819	-0.165	-0.729	0.711	0.783	-0.725	-0.404	-0.165	-1.276	-0.389	-1.025	0.671
Bvulgatus_CL09T03C04	HMPREF1058_RS0119875	HMPREF1058_RS0119875		MobA protein	0.122	-0.579	-0.809	-0.347	0.122	-0.461	-2.222	0.002	-1.186	-1.501	-1.297	-2.122	-0.547	-0.734	-0.922	-2.759	-0.975	-1.088	0.385	-0.691	-0.955	-0.356
Bvulgatus_CL09T03C04	HMPREF1058_RS0119895	HMPREF1058_RS0119895		leucine-rich repeat protein	-0.539	-1.115	-0.479	0.226	0.097	1.439	-1.048	-0.216	-0.035	1.257	-0.044	0.093	1.218	0.353	-0.024	-0.401	-0.204	0.325	-0.056	0.104	-0.024	1.063
Bvulgatus_CL09T03C04	HMPREF1058_RS0119900	HMPREF1058_RS0119900		hypothetical protein	0.206	-0.088	0.797	-0.528	-1.202	0.326	-1.479	-0.304	-0.553	1.549	-0.939	0.174	0.857	0.006	-0.070	-0.527	-1.110	-0.767	-1.243	0.814	0.174	0.199
Bvulgatus_CL09T03C04	HMPREF1058_RS0119935	HMPREF1058_RS0119935		Rpn family recombination-promoting nuclease/putative transposase	-0.529	1.919	-1.782	-1.162	0.540	-2.511	0.490	-0.159	-0.719	-0.027	1.028	0.098	0.204	-1.773	0.369	-0.517	-0.741	0.499	0.529	0.668	-0.131	-0.819
Bvulgatus_CL09T03C04	HMPREF1058_RS0119940	HMPREF1058_RS0119940		glycoside hydrolase family 15 protein	2.497	0.657	-0.196	-0.465	0.507	0.817	0.293	-0.067	0.367	0.873	-0.396	0.167	0.097	1.507	-0.026	0.251	0.871	-0.041	-0.072	1.493	-0.083	0.120
Bvulgatus_CL09T03C04	HMPREF1058_RS0119985	HMPREF1058_RS0119985		NAD(P)H-dependent oxidoreductase subunit E	0.221	0.569	1.600	1.484	0.656	1.419	1.077	1.321	0.810	1.680	1.891	1.549	0.038	0.373	1.319	1.406	0.084	1.032	1.754	0.765	3.860	1.317
Bvulgatus_CL09T03C04	HMPREF1058_RS0119995	HMPREF1058_RS0119995		DUF3795 domain-containing protein	0.634	1.271	0.052	-1.391	1.208	-0.123	0.580	0.577	1.196	-1.199	-0.153	0.943	-1.184	0.574	-0.452	0.909	1.377	-0.413	1.414	1.211	0.316	0.575
Bvulgatus_CL09T03C04	HMPREF1058_RS0120000	HMPREF1058_RS0120000		hypothetical protein	1.262	-1.424	2.566	-0.294	-0.312	1.273	1.080	0.540	0.521	-0.747	-0.019	-0.037	0.060	0.772	0.585	-0.893	0.283	0.068	0.466	-0.651	-0.594	0.047
Bvulgatus_CL09T03C04	HMPREF1058_RS0120010	HMPREF1058_RS0120010		TonB-dependent receptor	2.194	0.350	1.300	2.762	0.394	1.070	0.927	0.739	0.698	1.012	1.115	1.382	1.125	1.469	1.344	1.326	0.927	1.046	1.628	1.162	0.855	1.827
Bvulgatus_CL09T03C04	HMPREF1058_RS0120020	HMPREF1058_RS0120020		outer membrane beta-barrel protein	0.644	0.146	0.412	0.502	0.041	0.933	0.124	0.103	0.308	0.017	0.160	-0.690	1.488	0.660	0.353	1.211	-0.772	-0.545	1.665	1.627	0.323	-1.075
Bvulgatus_CL09T03C04	HMPREF1058_RS0120025	HMPREF1058_RS0120025		DUF975 family protein	1.822	1.602	-0.547	-1.008	1.279	1.018	-0.612	0.308	1.618	0.075	0.767	0.462	4.385	1.850	-1.202	-0.221	0.791	0.028	0.443	-0.262	-1.484	-1.098
Bvulgatus_CL09T03C04	HMPREF1058_RS0120030	HMPREF1058_RS0120030		transposase	-1.015	0.540	1.850	2.180	0.084	1.719	1.253	-0.338	1.163	1.098	0.811	0.254	0.598	0.186	0.136	0.125	0.531	-0.413	0.960	0.933	-0.663	0.385
Bvulgatus_CL09T03C04	HMPREF1058_RS0120065	HMPREF1058_RS0120065		hypothetical protein	-0.196	-0.286	-0.132	0.729	0.532	-0.456	-0.003	0.656	-0.637	-0.029	-0.777	0.706	-1.680	-0.249	-0.584	0.550	-0.727	-0.639	-0.315	-0.190	0.223	0.574
Bvulgatus_CL09T03C04	HMPREF1058_RS0120120	HMPREF1058_RS0120120		hypothetical protein	0.101	-1.162	-0.219	-1.527	-0.983	-0.409	-0.548	-0.991	-1.879	0.462	-0.711	-0.326	0.383	-0.215	-1.084	-0.403	0.269	-1.909	-1.600	-1.025	-1.214	-0.417
Bvulgatus_CL09T03C04	HMPREF1058_RS0120135	HMPREF1058_RS0120135		hypothetical protein	0.553	0.907	1.987	0.474	0.818	3.025	0.355	0.534	0.343	0.965	1.547	1.124	0.567	1.534	3.310	2.061	-0.331	-0.892	3.151	1.110	0.414	0.600
Bvulgatus_CL09T03C04	HMPREF1058_RS01205	HMPREF1058_RS01205		methyltransferase	1.399	0.963	-0.998	-0.059	-0.149	0.346	0.099	-0.261	1.898	0.289	1.104	0.711	-0.312	2.319	-0.180	0.995	0.720	-0.127	0.223	-1.847	0.661	1.098
Bvulgatus_CL09T03C04	HMPREF1058_RS01210	HMPREF1058_RS01210		endopeptidase La	-2.624	-2.969	0.742	0.504	-2.887	-2.403	-7.881	-7.681	-8.989	-7.744	-7.141	-6.310	-4.625	-4.121	-5.972	-4.250	-2.531	-3.527	-9.872	-6.737	-7.111	-7.818
Bvulgatus_CL09T03C04	HMPREF1058_RS01215	HMPREF1058_RS01215		tRNA guanosine(34) transglycosylase Tgt	-2.286	-2.469	-2.008	0.752	-5.873	-2.029	-1.508	-3.430	0.392	-0.415	-0.921	-1.291	-3.045	-1.906	-2.786	-2.200	0.658	2.462	0.231	-0.622	-2.920	-2.686
Bvulgatus_CL09T03C04	HMPREF1058_RS01225	HMPREF1058_RS01225		HAD family phosphatase	-0.218	0.066	2.050	1.607	2.260	2.802	1.643	0.786	0.513	-0.775	1.517	0.906	0.008	1.027	-1.212	-0.456	2.163	-0.122	-0.336	-1.080	0.754	-0.301
Bvulgatus_CL09T03C04	HMPREF1058_RS01230	HMPREF1058_RS01230		redoxin domain-containing protein	0.000	-1.223	1.095	0.932	-0.184	1.643	-2.471	-2.194	0.518	-1.079	-1.547	0.327	-1.783	-1.648	1.593	0.587	-0.486	-0.296	0.296	0.652	-0.276	-1.129
Bvulgatus_CL09T03C04	HMPREF1058_RS01235	HMPREF1058_RS01235		phosphoserine phosphatase SerB	4.448	2.573	0.873	0.071	0.173	-0.952	-0.507	-1.508	2.490	1.418	-2.912	-1.869	3.531	2.560	-1.025	-0.395	0.271	-1.607	2.827	2.647	-0.196	-3.139
Bvulgatus_CL09T03C04	HMPREF1058_RS01240	HMPREF1058_RS01240		DEAD/DEAH box helicase	-0.678	-3.013	2.169	2.893	3.274	3.595	2.140	0.768	0.100	1.764	2.895	1.744	0.308	-1.474	6.408	3.325	2.491	2.479	2.150	-0.221	3.688	1.091
Bvulgatus_CL09T03C04	HMPREF1058_RS01250	HMPREF1058_RS01250		DUF4738 domain-containing protein	1.154	-1.146	-1.885	-1.641	0.448	0.847	-0.404	-1.884	-2.236	-3.610	-0.786	0.061	-0.822	0.098	3.375	1.778	-0.265	1.648	-1.492	-2.529	-1.765	0.009
Bvulgatus_CL09T03C04	HMPREF1058_RS01255	HMPREF1058_RS01255		UDP-glucose/GDP-mannose dehydrogenase family protein	2.487	-1.154	0.149	-1.510	-3.017	-1.857	-0.338	-1.689	-1.239	-1.257	-0.502	0.322	-0.141	-0.672	-1.057	-2.272	-0.052	0.259	0.730	-2.279	-1.958	-0.613
Bvulgatus_CL09T03C04	HMPREF1058_RS01260	HMPREF1058_RS01260		SPOR domain-containing protein	-1.335	-2.192	-2.958	-1.749	-0.381	-1.396	-0.707	-0.547	-1.162	-1.401	-2.286	-1.386	0.581	-1.981	-2.114	-1.798	-1.209	-0.537	-3.143	-0.244	-2.860	-1.187
Bvulgatus_CL09T03C04	HMPREF1058_RS01265	HMPREF1058_RS01265		FHA domain-containing protein	-1.255	-0.471	-1.382	0.295	-1.079	0.049	-0.436	-0.728	-3.712	-0.452	-1.946	-1.437	0.658	-0.689	-0.353	0.306	0.433	-2.084	-1.650	-1.035	-0.454	0.000
Bvulgatus_CL09T03C04	HMPREF1058_RS01270	HMPREF1058_RS01270		bifunctional adenosylcobinamide kinase/adenosylcobinamide-phosphate guanylyltransferase	-3.318	-1.497	-5.559	-4.385	-4.963	-5.933	-4.244	-5.464	-5.154	-7.025	-7.043	-6.920	-0.653	-3.632	-7.860	-6.744	-6.519	-7.132	-5.519	-5.692	-6.716	-6.396
Bvulgatus_CL09T03C04	HMPREF1058_RS01275	HMPREF1058_RS01275		nicotinate-nucleotide--dimethylbenzimidazole phosphoribosyltransferase	-3.054	-2.418	-4.830	-4.164	-7.954	-8.036	-8.123	-8.475	-8.242	-7.647	-6.777	-7.360	0.119	-4.410	-8.395	-7.972	-8.310	-7.211	-7.683	-9.105	-6.588	-9.161
Bvulgatus_CL09T03C04	HMPREF1058_RS01280	HMPREF1058_RS01280		adenosylcobinamide-GDP ribazoletransferase	-0.768	-3.156	-4.520	-4.172	-4.763	-4.952	-6.557	-5.999	-5.478	-5.139	-6.482	-7.068	-0.476	-2.003	-6.859	-6.829	-4.169	-5.975	-4.052	-5.458	-4.709	-6.443
Bvulgatus_CL09T03C04	HMPREF1058_RS01285	HMPREF1058_RS01285		alpha-ribazole phosphatase	2.284	0.266	-1.755	-0.958	-2.820	-2.181	0.675	0.945	0.161	-0.358	2.663	1.174	1.879	0.576	-0.306	-2.559	-1.855	-0.942	0.243	-0.845	2.732	-0.116
Bvulgatus_CL09T03C04	HMPREF1058_RS01290	HMPREF1058_RS01290		DUF1622 domain-containing protein	-1.543	-0.642	-1.435	-1.262	-0.248	1.065	0.699	0.217	-0.642	0.005	-1.114	-0.622	-0.081	-0.626	-1.262	-0.153	-0.079	1.082	0.691	-0.500	-1.730	0.815
Bvulgatus_CL09T03C04	HMPREF1058_RS01315	HMPREF1058_RS01315		6-bladed beta-propeller	1.992	-0.249	2.492	0.185	1.996	-0.036	1.018	1.926	0.186	1.122	1.022	1.700	1.083	0.949	1.427	2.094	1.434	2.058	0.378	2.375	0.917	0.593
Bvulgatus_CL09T03C04	HMPREF1058_RS01320	HMPREF1058_RS01320		TonB-dependent receptor	1.661	0.786	-0.299	1.279	1.400	0.845	1.152	2.065	1.520	0.693	0.825	0.000	0.639	1.627	0.097	1.571	0.421	0.629	2.198	0.428	1.394	0.391
Bvulgatus_CL09T03C04	HMPREF1058_RS01325	HMPREF1058_RS01325		RagB/SusD family nutrient uptake outer membrane protein	0.856	2.939	-0.535	-0.216	-0.281	0.452	0.889	0.422	1.000	0.199	2.039	-0.164	0.658	-0.154	0.666	1.978	0.751	-1.125	0.430	0.343	1.488	0.929
Bvulgatus_CL09T03C04	HMPREF1058_RS01330	HMPREF1058_RS01330		hypothetical protein	-0.111	0.477	-0.326	-2.345	0.900	1.130	0.277	0.035	1.597	-0.423	0.317	-0.522	-0.144	0.740	-0.694	1.619	2.454	0.447	0.648	0.381	-0.164	-0.054
Bvulgatus_CL09T03C04	HMPREF1058_RS01340	HMPREF1058_RS01340		hypothetical protein	0.434	-0.013	1.444	0.528	0.268	2.217	-0.232	1.535	0.739	0.618	-0.009	0.819	0.662	1.426	1.588	1.761	-0.271	1.372	0.721	-0.365	-0.087	1.960
Bvulgatus_CL09T03C04	HMPREF1058_RS01345	HMPREF1058_RS01345		recombinase family protein	-0.159	-0.919	1.191	-0.700	1.561	-0.945	-0.075	0.263	0.909	-0.946	0.580	-0.716	1.873	-0.184	0.402	0.843	1.623	-0.394	0.681	0.201	0.193	0.441
Bvulgatus_CL09T03C04	HMPREF1058_RS01350	HMPREF1058_RS01350		JAB domain-containing protein	-1.503	0.891	-1.591	-0.684	1.305	-0.825	-0.626	0.603	0.455	0.269	1.201	1.077	-0.673	0.415	0.570	1.768	-0.117	1.534	0.899	1.476	1.003	0.026
Bvulgatus_CL09T03C04	HMPREF1058_RS01355	HMPREF1058_RS01355		hypothetical protein	-0.980	-0.644	0.319	-0.893	-2.640	-1.991	-2.284	-1.646	-1.523	-0.861	-1.226	-1.317	-2.989	-1.200	-0.812	-0.451	-0.630	1.040	-3.185	-1.452	-1.453	-1.435
Bvulgatus_CL09T03C04	HMPREF1058_RS01360	HMPREF1058_RS01360		DUF3871 family protein	0.911	0.203	-0.613	1.067	-0.595	1.123	-0.720	1.450	0.874	1.569	0.318	0.611	-0.763	0.060	0.576	1.412	-0.646	0.297	1.026	0.635	0.186	-0.397
Bvulgatus_CL09T03C04	HMPREF1058_RS01365	HMPREF1058_RS01365		DEAD/DEAH box helicase family protein	2.454	-0.759	1.148	0.723	0.000	0.224	0.831	0.547	1.331	-0.931	-0.480	0.221	-0.072	0.171	0.686	1.629	0.679	1.674	-0.241	1.182	0.157	0.072
Bvulgatus_CL09T03C04	HMPREF1058_RS01370	HMPREF1058_RS01370		hypothetical protein	0.995	1.126	2.031	2.118	1.180	2.756	0.236	0.839	0.044	0.457	0.480	-0.138	0.558	0.512	-0.757	-0.236	-0.322	0.200	1.164	0.972	0.993	1.045
Bvulgatus_CL09T03C04	HMPREF1058_RS01375	HMPREF1058_RS01375		site-specific integrase	-0.127	-0.617	0.479	0.643	1.034	1.574	1.129	0.217	-0.648	1.352	1.130	-0.293	0.143	0.923	0.119	1.291	0.559	0.000	0.004	0.749	-0.486	-0.103
Bvulgatus_CL09T03C04	HMPREF1058_RS01385	HMPREF1058_RS01385		cobalamin biosynthesis protein CobD	-3.152	-2.625	-5.892	-6.224	-7.340	-7.575	-6.603	-6.697	-7.813	-8.303	-7.707	-9.555	0.766	-4.751	-9.718	-9.819	-6.442	-7.495	-8.170	-5.699	-6.888	-9.310
Bvulgatus_CL09T03C04	HMPREF1058_RS01390	HMPREF1058_RS01390		pyridoxal phosphate-dependent class II aminotransferase	-0.064	-1.380	-4.976	-4.351	-6.710	-6.791	-1.434	-2.314	-5.161	-3.393	-2.896	-2.817	-1.123	-3.182	-6.776	-3.715	-2.950	-4.132	-3.215	-2.376	-2.919	-1.781
Bvulgatus_CL09T03C04	HMPREF1058_RS01395	HMPREF1058_RS01395		cobyric acid synthase	0.032	-2.959	-3.442	-5.199	-7.449	-6.111	-7.504	-7.000	-7.886	-7.897	-8.324	-7.882	-0.575	-5.790	-9.137	-8.590	-6.779	-8.546	-8.239	-8.470	-6.985	-8.572
Bvulgatus_CL09T03C04	HMPREF1058_RS01400	HMPREF1058_RS01400		cob(I)yrinic acid a,c-diamide adenosyltransferase	-1.561	0.317	0.881	-1.734	-1.299	-2.031	-3.012	-1.167	-1.389	-1.373	-2.243	-1.747	-0.515	-0.972	-1.752	-1.239	-1.823	-1.921	0.072	-1.521	-1.506	-2.226
Bvulgatus_CL09T03C04	HMPREF1058_RS01405	HMPREF1058_RS01405		cobyrinate a,c-diamide synthase	-2.553	-1.875	-4.546	-5.829	-5.154	-7.624	-5.652	-7.517	-8.111	-8.512	-7.581	-8.562	0.244	-3.418	-9.399	-9.005	-7.521	-8.879	-8.112	-8.632	-7.143	-8.026
Bvulgatus_CL09T03C04	HMPREF1058_RS01410	HMPREF1058_RS01410		putative transporter	0.096	-0.103	0.291	-0.024	-0.107	-0.310	0.663	-0.262	0.214	-0.736	1.946	1.758	-0.519	1.235	1.711	1.260	0.914	0.019	0.261	-0.440	0.000	0.414
Bvulgatus_CL09T03C04	HMPREF1058_RS01415	HMPREF1058_RS01415		TonB-dependent receptor	-0.966	-0.550	-2.168	-0.927	-3.522	-0.255	-0.389	-2.092	-2.858	0.000	-1.397	-0.738	-2.327	-0.617	-0.668	-1.466	-0.589	-1.322	-0.633	-1.067	-0.048	-1.706
Bvulgatus_CL09T03C04	HMPREF1058_RS01420	HMPREF1058_RS01420		TonB-dependent receptor	-2.341	-3.290	-1.988	-0.928	-4.398	-5.071	-3.030	-2.471	-3.834	-2.312	-3.415	-3.930	-0.933	-3.083	-2.228	-1.046	-2.454	-4.128	-0.370	-3.700	-0.975	-3.025
Bvulgatus_CL09T03C04	HMPREF1058_RS01425	HMPREF1058_RS01425		sirohydrochlorin cobaltochelatase	-1.787	-1.289	0.924	0.929	-1.998	-2.385	-2.336	-1.080	-0.929	-1.215	-2.614	-1.345	0.707	-0.652	1.029	-0.507	-2.648	-0.961	1.595	-1.870	-0.463	-1.978
Bvulgatus_CL09T03C04	HMPREF1058_RS01430	HMPREF1058_RS01430		anaerobic ribonucleoside-triphosphate reductase activating protein	1.440	-1.752	-0.981	-1.139	0.279	-1.873	0.000	-0.578	-3.879	0.067	0.503	0.074	0.472	0.650	0.340	1.407	-1.174	0.371	-0.433	-0.740	-0.035	1.971
Bvulgatus_CL09T03C04	HMPREF1058_RS01435	HMPREF1058_RS01435		anaerobic ribonucleoside-triphosphate reductase	-0.940	1.339	1.369	0.526	1.405	0.498	0.594	0.982	-0.358	0.541	0.022	1.654	2.437	0.611	0.224	2.470	0.412	0.163	1.199	0.132	0.466	0.152
Bvulgatus_CL09T03C04	HMPREF1058_RS01445	HMPREF1058_RS01445		cysteine-rich CWC family protein	0.102	-0.531	-0.717	0.131	0.045	0.379	-0.879	1.376	-0.257	-0.461	-2.685	-1.551	1.380	1.577	-0.248	-0.959	-0.587	-1.404	0.210	0.159	-1.156	-0.748
Bvulgatus_CL09T03C04	HMPREF1058_RS01450	HMPREF1058_RS01450		acetyl-CoA carboxylase biotin carboxylase subunit	3.216	0.597	-1.436	-1.917	-2.661	-3.282	-0.152	0.394	1.935	3.584	-0.625	-0.515	0.529	2.034	-3.517	-1.959	-0.792	0.280	0.001	0.842	1.766	1.720
Bvulgatus_CL09T03C04	HMPREF1058_RS01460	HMPREF1058_RS01460		acyl-CoA carboxylase subunit beta	-3.239	0.040	-1.388	-0.413	-2.749	-3.622	-0.829	-0.943	0.481	-0.505	-1.009	-1.900	1.214	0.409	-1.587	-2.030	1.040	1.625	-3.187	-0.749	-0.267	-0.673
Bvulgatus_CL09T03C04	HMPREF1058_RS01465	HMPREF1058_RS01465		putative transporter	1.683	-0.070	-1.403	-0.076	-0.534	-2.308	-0.003	-0.346	-0.238	0.223	0.296	0.494	0.000	-0.630	-1.535	-0.380	-2.039	0.992	0.362	-0.479	0.973	0.261
Bvulgatus_CL09T03C04	HMPREF1058_RS01470	HMPREF1058_RS01470		hypothetical protein	1.796	1.934	0.208	-0.413	-1.743	-2.283	0.302	2.143	2.094	1.094	0.116	0.182	1.169	1.591	-1.189	-0.792	0.600	1.255	0.690	2.894	0.775	0.765
Bvulgatus_CL09T03C04	HMPREF1058_RS01475	HMPREF1058_RS01475		hypothetical protein	-0.290	1.855	0.584	-0.703	2.850	1.245	0.849	-0.052	-0.010	0.589	1.379	1.126	-1.179	0.478	-0.910	1.679	1.080	-0.324	-0.136	0.520	0.150	-0.167
Bvulgatus_CL09T03C04	HMPREF1058_RS01480	HMPREF1058_RS01480		ribonucleoside-diphosphate reductase subunit alpha	1.272	1.415	0.308	0.775	1.072	0.885	0.814	0.444	-1.142	1.538	1.455	1.234	0.532	-0.200	1.874	1.245	0.116	1.683	1.469	1.188	1.489	0.904
Bvulgatus_CL09T03C04	HMPREF1058_RS01485	HMPREF1058_RS01485		ribonucleotide-diphosphate reductase subunit beta	-0.031	0.115	0.199	1.992	0.400	0.032	-1.682	0.401	1.381	-0.436	0.980	0.948	0.480	0.324	1.485	1.083	-0.356	0.420	0.737	0.256	0.598	0.182
Bvulgatus_CL09T03C04	HMPREF1058_RS01490	HMPREF1058_RS01490		methylenetetrahydrofolate reductase [NAD(P)H]	-0.388	2.539	0.819	2.294	1.258	-0.947	1.286	1.435	1.112	0.500	2.353	1.232	-0.313	1.365	1.423	0.371	1.228	-0.468	0.475	2.194	1.925	0.753
Bvulgatus_CL09T03C04	HMPREF1058_RS01495	HMPREF1058_RS01495		TonB-dependent receptor	3.541	1.648	-0.096	-0.156	0.836	1.118	1.734	0.958	0.868	2.504	1.404	1.845	-0.596	0.000	2.357	1.556	1.767	1.752	1.225	1.783	0.936	0.445
Bvulgatus_CL09T03C04	HMPREF1058_RS01500	HMPREF1058_RS01500		hypothetical protein	-0.049	-0.297	1.856	0.858	0.252	0.340	0.090	-1.448	-1.287	0.837	-0.555	0.859	-1.476	-0.921	-0.155	0.670	-0.925	0.345	-0.421	-0.837	-2.857	-1.000
Bvulgatus_CL09T03C04	HMPREF1058_RS01505	HMPREF1058_RS01505		TonB-dependent receptor	1.442	0.241	-0.206	1.240	0.485	-0.837	0.357	-0.132	0.672	0.433	0.062	-0.305	-0.525	2.186	0.952	1.285	-0.295	0.342	0.980	-1.005	-0.182	-0.074
Bvulgatus_CL09T03C04	HMPREF1058_RS01510	HMPREF1058_RS01510		ABC transporter substrate-binding protein	-0.060	0.459	-2.430	0.465	0.414	-0.981	0.782	1.401	-0.315	-0.044	0.311	-0.099	2.262	2.271	2.490	-0.612	0.629	-0.711	1.193	0.319	-1.245	0.470
Bvulgatus_CL09T03C04	HMPREF1058_RS01515	HMPREF1058_RS01515		1-deoxy-D-xylulose-5-phosphate synthase	0.299	1.059	3.041	2.792	1.171	1.570	0.685	1.371	1.248	0.859	2.006	1.697	-0.501	0.986	1.630	1.968	1.134	0.976	-0.226	0.276	1.553	0.485
Bvulgatus_CL09T03C04	HMPREF1058_RS01520	HMPREF1058_RS01520		helix-turn-helix transcriptional regulator	0.439	0.126	-0.245	-0.749	0.786	-0.676	1.660	1.253	0.479	1.890	1.206	-0.019	0.028	0.699	0.415	0.593	-0.485	-0.994	1.707	2.084	0.770	-1.017
Bvulgatus_CL09T03C04	HMPREF1058_RS01525	HMPREF1058_RS01525		helix-turn-helix transcriptional regulator	1.306	0.618	-2.518	-1.030	2.337	1.377	0.160	0.654	0.161	2.320	1.249	0.980	-1.498	1.003	1.760	0.228	1.107	-0.421	0.743	1.713	-0.450	2.343
Bvulgatus_CL09T03C04	HMPREF1058_RS01530	HMPREF1058_RS01530		NAD(P)H-dependent oxidoreductase	-0.038	-1.209	1.126	1.796	-0.535	1.792	0.233	0.142	1.371	0.300	-0.396	0.305	0.504	-0.337	0.465	1.450	0.915	1.248	0.815	-0.504	0.317	1.342
Bvulgatus_CL09T03C04	HMPREF1058_RS01535	HMPREF1058_RS01535		flavin reductase family protein	-0.407	0.770	-0.215	-0.394	0.653	0.753	-0.406	1.264	0.976	1.029	-0.050	0.425	-0.444	-0.943	0.127	0.549	0.627	-0.326	-0.168	2.075	0.987	0.697
Bvulgatus_CL09T03C04	HMPREF1058_RS01540	HMPREF1058_RS01540		precorrin-3B C(17)-methyltransferase	-1.258	-1.399	-6.830	-6.311	-6.732	-8.153	-6.367	-8.974	-8.718	-8.992	-9.016	-7.153	-1.423	-4.019	-10.512	-8.515	-5.688	-9.556	-6.817	-9.182	-7.797	-7.232
Bvulgatus_CL09T03C04	HMPREF1058_RS01545	HMPREF1058_RS01545		bifunctional cobalt-precorrin-7 (C(5))-methyltransferase/cobalt-precorrin-6B (C(15))-methyltransferase	-0.519	-0.070	-3.488	-3.573	-4.843	-3.900	-4.263	-4.840	-5.184	-5.566	-3.592	-2.976	0.436	-0.847	-5.533	-6.165	-4.462	-6.162	-5.319	-5.478	-5.047	-3.302
Bvulgatus_CL09T03C04	HMPREF1058_RS01550	HMPREF1058_RS01550		precorrin-4 C(11)-methyltransferase	-2.528	-2.714	-7.071	-6.526	-8.768	-8.396	-6.407	-8.235	-9.175	-9.179	-8.452	-8.677	-1.732	-5.814	-11.584	-11.101	-7.379	-9.785	-8.887	-10.175	-8.213	-9.431
Bvulgatus_CL09T03C04	HMPREF1058_RS01555	HMPREF1058_RS01555		cobalt-precorrin-5B (C(1))-methyltransferase	-1.483	-2.197	-0.589	-0.577	-5.435	-6.263	-4.039	-4.309	-5.271	-4.157	-2.561	-3.265	-0.594	-4.354	-7.574	-6.735	-3.169	-6.183	-4.682	-3.807	-2.747	-7.152
Bvulgatus_CL09T03C04	HMPREF1058_RS01560	HMPREF1058_RS01560		ABC transporter ATP-binding protein	-4.042	-1.274	-3.924	-3.661	-4.007	-6.320	-5.534	-5.485	-6.380	-6.496	-6.230	-5.201	-0.785	-3.664	-5.772	-7.534	-5.566	-7.502	-5.675	-5.057	-5.775	-5.163
Bvulgatus_CL09T03C04	HMPREF1058_RS01565	HMPREF1058_RS01565		iron ABC transporter permease	-3.302	-1.914	-8.830	-6.464	-8.697	-9.480	-8.225	-7.517	-6.912	-9.492	-7.489	-7.590	1.319	-5.714	-10.455	-11.273	-6.859	-9.977	-8.286	-8.953	-9.306	-9.723
Bvulgatus_CL09T03C04	HMPREF1058_RS01570	HMPREF1058_RS01570		ABC transporter substrate-binding protein	-1.700	-1.001	-5.948	-3.999	-5.115	-6.972	-4.458	-7.200	-7.710	-8.082	-8.854	-7.261	-1.056	-5.110	-8.969	-10.301	-5.215	-10.005	-7.852	-7.905	-7.459	-7.608
Bvulgatus_CL09T03C04	HMPREF1058_RS01575	HMPREF1058_RS01575		precorrin-2 C(20)-methyltransferase	-3.343	-2.768	-5.674	-4.040	-7.673	-8.070	-8.737	-6.464	-7.176	-8.338	-5.034	-7.372	-0.652	-5.981	-10.656	-10.051	-6.289	-7.845	-8.329	-9.463	-7.892	-8.075
Bvulgatus_CL09T03C04	HMPREF1058_RS01580	HMPREF1058_RS01580		hypothetical protein	2.027	0.493	0.526	0.785	0.718	1.128	-0.581	0.752	1.497	-0.398	1.276	0.599	-0.226	0.332	-0.776	1.034	0.136	0.943	1.454	0.995	1.133	0.489
Bvulgatus_CL09T03C04	HMPREF1058_RS01585	HMPREF1058_RS01585		tagaturonate reductase	1.589	-1.092	-0.925	-2.790	1.208	-1.820	1.068	0.041	-1.671	-0.206	0.200	0.824	-1.838	-1.096	1.053	1.317	-0.138	-1.132	-0.659	-0.311	-0.700	0.836
Bvulgatus_CL09T03C04	HMPREF1058_RS01590	HMPREF1058_RS01590		glucuronate isomerase	0.510	-0.082	-1.281	-3.412	1.761	-1.360	0.865	-0.238	1.797	0.029	0.851	1.011	-0.701	-0.047	1.027	1.453	0.579	0.369	0.727	0.322	-0.626	0.126
Bvulgatus_CL09T03C04	HMPREF1058_RS01595	HMPREF1058_RS01595		TlpA family protein disulfide reductase	-0.147	0.421	1.134	1.825	1.818	0.739	1.526	2.154	0.788	1.955	3.082	1.298	0.292	0.795	-0.134	-0.065	1.391	2.038	1.410	0.267	1.313	1.080
Bvulgatus_CL09T03C04	HMPREF1058_RS01600	HMPREF1058_RS01600		winged helix-turn-helix transcriptional regulator	0.979	0.143	1.316	-0.621	0.145	0.950	-0.819	1.497	0.743	-0.570	0.175	0.382	-1.640	0.837	0.939	0.319	0.699	0.784	0.207	0.283	-0.348	-0.049
Bvulgatus_CL09T03C04	HMPREF1058_RS01605	HMPREF1058_RS01605		MBL fold metallo-hydrolase	0.974	0.965	0.896	4.306	-0.721	-1.374	2.893	3.320	4.371	4.857	2.492	3.047	-2.119	3.972	0.205	2.041	1.827	3.999	5.811	4.107	1.761	2.589
Bvulgatus_CL09T03C04	HMPREF1058_RS01615	HMPREF1058_RS01615		tRNA-Lys	-0.400	-1.156	-0.184	-0.131	0.508	1.370	1.257	-0.952	0.275	0.285	-0.638	-1.349	-0.643	-1.440	0.321	-0.276	0.110	-0.348	0.727	-0.191	-0.583	0.007
Bvulgatus_CL09T03C04	HMPREF1058_RS01620	HMPREF1058_RS01620		tRNA-Lys	-0.746	0.179	1.391	-0.589	1.285	0.245	0.257	-0.314	-0.324	-0.495	0.382	0.247	0.640	2.386	-0.102	-0.380	0.269	-1.548	0.415	-0.490	-0.337	0.298
Bvulgatus_CL09T03C04	HMPREF1058_RS01625	HMPREF1058_RS01625		hypothetical protein	-0.543	0.773	-0.033	-1.337	-0.120	-1.145	-0.752	0.446	0.528	0.854	-0.242	-0.472	-0.965	-0.307	-1.257	1.404	-0.234	-0.044	-1.902	-1.686	-1.608	-0.791
Bvulgatus_CL09T03C04	HMPREF1058_RS01630	HMPREF1058_RS01630		hypothetical protein	0.789	-0.227	1.716	1.394	3.049	0.638	1.338	-0.400	0.599	0.447	1.691	1.496	2.070	1.596	0.013	1.254	0.106	1.626	1.259	0.000	2.760	3.188
Bvulgatus_CL09T03C04	HMPREF1058_RS01635	HMPREF1058_RS01635		hypothetical protein	-0.704	0.545	0.256	0.348	-0.164	0.675	-0.310	-2.698	0.204	-1.122	-1.509	0.770	-0.064	0.202	-1.211	-0.041	0.515	0.477	0.085	-1.180	0.330	-1.161
Bvulgatus_CL09T03C04	HMPREF1058_RS01640	HMPREF1058_RS01640		BamA/TamA family outer membrane protein	-0.260	-5.750	-9.194	-8.075	-6.686	-4.376	-9.046	-10.035	-11.536	-10.004	-8.702	-8.069	-16.359	-6.421	-5.863	-0.427	0.587	2.982	-12.628	-11.668	-12.378	-9.471
Bvulgatus_CL09T03C04	HMPREF1058_RS01645	HMPREF1058_RS01645		RNA methyltransferase	2.112	0.563	-0.222	2.554	0.280	2.064	1.114	0.289	1.609	1.289	1.039	0.612	0.339	2.065	1.371	2.900	0.836	1.797	4.747	2.381	2.108	1.504
Bvulgatus_CL09T03C04	HMPREF1058_RS01650	HMPREF1058_RS01650		hypothetical protein	-6.392	-6.564	-4.481	-3.664	-5.547	-5.155	-5.438	-6.425	-6.617	-4.609	-6.153	-7.239	-6.329	-4.916	-4.904	-3.918	0.054	-1.613	-5.104	-3.979	-5.389	-5.703
Bvulgatus_CL09T03C04	HMPREF1058_RS01655	HMPREF1058_RS01655		DUF4296 domain-containing protein	-4.880	-3.483	-4.403	-5.375	-6.833	-7.904	-1.310	-2.210	-0.568	-1.222	-1.558	-2.800	-7.453	-2.704	-3.912	-4.561	-0.567	-3.621	-3.164	-4.957	-3.757	-3.551
Bvulgatus_CL09T03C04	HMPREF1058_RS01665	HMPREF1058_RS01665		TraR/DksA C4-type zinc finger protein	0.392	2.044	-1.797	-1.489	-3.222	-3.197	2.039	1.756	0.449	-0.599	-0.833	0.380	6.762	1.804	-0.762	-2.902	-1.497	-4.253	-0.601	-2.149	2.545	-0.856
Bvulgatus_CL09T03C04	HMPREF1058_RS01675	HMPREF1058_RS01675		AraC family transcriptional regulator	-0.036	0.596	-0.488	-1.859	-1.187	-0.351	1.128	0.699	0.831	-0.056	-0.440	-0.096	2.007	-0.699	1.136	-1.076	-1.739	-1.933	-0.922	-0.458	0.184	0.031
Bvulgatus_CL09T03C04	HMPREF1058_RS01680	HMPREF1058_RS01680		M48 family metallopeptidase	-0.243	-0.031	-1.404	-1.360	0.138	1.569	0.538	-0.847	-0.531	3.478	0.653	0.750	0.000	0.907	1.677	0.047	0.261	-0.310	1.498	1.302	0.027	-0.535
Bvulgatus_CL09T03C04	HMPREF1058_RS01685	HMPREF1058_RS01685		bifunctional 4-hydroxy-2-oxoglutarate aldolase/2-dehydro-3-deoxy-phosphogluconate aldolase	-0.152	3.686	-1.979	-1.986	-0.924	1.117	0.108	1.217	-0.510	-0.947	-0.593	0.026	0.577	-0.406	-0.732	0.763	-2.002	-0.689	-0.326	-2.352	-1.082	-1.557
Bvulgatus_CL09T03C04	HMPREF1058_RS01690	HMPREF1058_RS01690		sugar kinase	-1.488	-1.132	-5.445	-5.348	-0.716	-0.579	-0.485	0.039	-1.255	-2.813	-0.905	-2.552	-2.025	-0.934	0.052	1.979	-0.528	-1.696	-0.808	-2.078	-0.212	-1.489
Bvulgatus_CL09T03C04	HMPREF1058_RS01695	HMPREF1058_RS01695		LacI family DNA-binding transcriptional regulator	-0.482	-0.353	-2.386	-2.407	-4.088	-2.515	0.058	0.811	-4.769	-3.874	-0.319	0.329	-0.602	-0.613	-0.726	-0.962	-4.624	-5.696	-2.619	-2.117	-3.084	-0.708
Bvulgatus_CL09T03C04	HMPREF1058_RS01700	HMPREF1058_RS01700		altronate dehydratase	-0.577	-1.092	-2.841	-3.112	-0.162	-0.199	1.625	0.458	-0.743	1.070	-1.207	0.376	0.198	-1.383	0.445	1.462	0.258	0.190	-0.417	0.080	0.630	2.285
Bvulgatus_CL09T03C04	HMPREF1058_RS01705	HMPREF1058_RS01705		Na+/H+ antiporter NhaC family protein	-1.939	-2.040	-0.830	-0.726	-1.164	-1.799	-2.115	-2.120	-1.876	-1.893	-2.030	-2.336	-1.864	-1.910	-1.986	-1.426	-0.375	0.034	-1.142	-1.430	-1.522	-2.301
Bvulgatus_CL09T03C04	HMPREF1058_RS01710	HMPREF1058_RS01710		DUF4373 domain-containing protein	0.843	-0.623	1.395	2.150	0.180	0.374	-0.056	0.341	-1.361	0.101	1.075	-0.202	0.505	-0.860	2.452	2.265	3.599	1.347	-0.148	1.127	0.027	1.880
Bvulgatus_CL09T03C04	HMPREF1058_RS01715	HMPREF1058_RS01715		LysO family transporter	2.041	0.846	1.644	0.741	1.833	1.434	2.319	2.468	1.663	1.693	2.705	1.765	0.207	1.745	0.595	1.542	2.018	1.529	1.108	1.004	1.865	0.941
Bvulgatus_CL09T03C04	HMPREF1058_RS01720	HMPREF1058_RS01720		lysine exporter LysO family protein	0.770	2.532	0.211	0.797	2.511	1.685	4.138	1.426	1.545	3.388	3.391	2.689	0.159	1.192	2.521	1.307	1.168	-0.875	1.955	1.478	1.836	2.044
Bvulgatus_CL09T03C04	HMPREF1058_RS01725	HMPREF1058_RS01725		peptide MFS transporter	3.764	3.238	-0.106	0.205	-4.620	-4.251	-0.555	-1.595	2.209	2.797	-2.493	-2.317	5.573	1.849	-5.359	-5.423	-2.930	-2.557	3.749	-0.505	0.601	-0.818
Bvulgatus_CL09T03C04	HMPREF1058_RS01730	HMPREF1058_RS01730		Cys-tRNA(Pro) deacylase	1.120	2.442	1.121	1.083	-0.569	2.354	1.940	1.655	0.329	1.386	1.807	1.565	1.882	1.937	-0.159	0.671	1.023	0.329	1.020	0.895	1.013	1.143
Bvulgatus_CL09T03C04	HMPREF1058_RS01735	HMPREF1058_RS01735		excinuclease ABC subunit UvrA	2.780	0.178	1.558	0.938	1.379	2.488	1.585	-1.307	5.031	5.686	1.502	0.479	1.322	-0.276	-1.656	-0.717	-1.704	-1.042	5.049	1.832	1.019	0.100
Bvulgatus_CL09T03C04	HMPREF1058_RS01745	HMPREF1058_RS01745		PorT family protein	-6.679	-7.272	-4.684	-4.937	-3.074	-4.956	-7.691	-6.863	-7.358	-5.858	-5.469	-5.570	-7.230	-3.775	-5.891	-7.887	0.617	-2.548	-5.803	-7.610	-5.716	-4.792
Bvulgatus_CL09T03C04	HMPREF1058_RS01765	HMPREF1058_RS01765		excinuclease ABC subunit UvrB	2.804	-0.166	1.026	0.365	1.393	3.396	1.326	0.844	1.575	2.597	1.015	0.544	1.792	0.562	-0.889	1.135	-2.124	0.752	1.603	1.709	1.099	1.525
Bvulgatus_CL09T03C04	HMPREF1058_RS01770	HMPREF1058_RS01770		porin	-0.173	-1.327	0.621	-0.887	-0.275	0.256	-0.399	-1.545	0.355	1.166	-0.033	0.959	0.913	0.737	1.640	0.247	-0.700	0.746	0.928	1.942	-0.128	1.393
Bvulgatus_CL09T03C04	HMPREF1058_RS01775	HMPREF1058_RS01775		YigZ family protein	-0.311	0.319	1.778	2.560	-0.886	-0.672	-1.192	-0.364	0.646	-0.208	0.307	0.599	-0.312	-0.245	1.559	-0.120	-0.651	0.597	0.816	1.401	0.361	0.524
Bvulgatus_CL09T03C04	HMPREF1058_RS01780	HMPREF1058_RS01780		3'-5' exonuclease	0.226	0.422	0.688	1.568	1.876	0.138	1.533	0.847	0.797	0.588	2.514	0.312	-0.517	0.485	0.000	0.605	1.397	1.284	-0.779	1.375	1.857	0.374
Bvulgatus_CL09T03C04	HMPREF1058_RS01785	HMPREF1058_RS01785		patatin-like phospholipase family protein	2.017	1.052	0.022	0.841	2.631	3.137	0.700	1.553	1.199	2.345	1.188	1.258	0.244	2.227	1.811	1.719	0.481	1.540	1.811	2.145	1.474	1.442
Bvulgatus_CL09T03C04	HMPREF1058_RS01790	HMPREF1058_RS01790		mannonate dehydratase	0.574	1.027	0.621	-0.701	2.463	1.412	-0.158	1.113	1.053	1.719	0.905	0.032	-0.045	1.427	1.001	1.668	0.007	2.323	2.125	2.667	1.291	1.063
Bvulgatus_CL09T03C04	HMPREF1058_RS01795	HMPREF1058_RS01795		type I pullulanase	2.566	1.358	1.986	1.877	3.740	1.162	1.358	2.233	1.773	3.841	2.208	1.662	2.052	1.688	2.557	2.237	-0.018	0.519	2.783	3.083	1.815	1.645
Bvulgatus_CL09T03C04	HMPREF1058_RS01800	HMPREF1058_RS01800		crossover junction endodeoxyribonuclease RuvC	-0.964	-1.037	0.984	-0.412	-3.334	-3.570	-3.430	-0.806	0.164	-2.904	-2.718	-1.472	-0.134	-2.589	-3.087	-3.257	-3.952	-4.164	-0.617	-2.323	-0.748	-1.929
Bvulgatus_CL09T03C04	HMPREF1058_RS01805	HMPREF1058_RS01805		DUF4286 family protein	-0.542	0.293	0.536	0.194	-1.289	-1.818	-0.989	-0.932	-0.677	-1.449	-0.426	-0.408	0.435	-0.775	-0.748	-1.574	-1.348	-2.092	-0.494	-0.462	-1.024	0.231
Bvulgatus_CL09T03C04	HMPREF1058_RS01815	HMPREF1058_RS01815		phage integrase SAM-like domain-containing protein	-0.053	-0.133	1.977	2.998	1.076	-0.274	1.639	0.421	-0.155	0.657	0.653	1.495	-0.485	0.048	-0.148	0.548	1.333	0.919	1.004	-0.434	0.688	0.373
Bvulgatus_CL09T03C04	HMPREF1058_RS01820	HMPREF1058_RS01820		hypothetical protein	0.616	0.659	1.492	-0.099	-0.205	0.576	-0.094	0.208	0.230	-0.308	3.009	1.034	-1.223	1.806	0.068	0.698	0.258	-1.119	1.853	0.872	-0.438	-0.089
Bvulgatus_CL09T03C04	HMPREF1058_RS01830	HMPREF1058_RS01830		DUF882 domain-containing protein	-0.486	1.027	0.672	-0.149	1.494	0.011	0.181	-0.617	0.946	0.840	-0.334	1.224	0.105	0.336	1.078	0.383	0.124	0.550	0.243	0.780	1.821	1.611
Bvulgatus_CL09T03C04	HMPREF1058_RS01845	HMPREF1058_RS01845		site-specific integrase	1.165	1.598	0.657	1.992	-0.168	0.415	0.892	0.194	0.842	0.834	0.922	0.787	0.312	-0.522	-0.654	-0.120	-0.870	0.064	-0.715	-1.120	-0.143	0.264
Bvulgatus_CL09T03C04	HMPREF1058_RS01850	HMPREF1058_RS01850		hypothetical protein	1.104	-0.437	0.383	0.707	-0.880	1.607	1.556	0.973	-0.338	-0.621	0.330	-0.840	-0.742	-1.675	0.329	-1.006	-0.669	-0.173	0.351	-0.455	-0.177	0.309
Bvulgatus_CL09T03C04	HMPREF1058_RS01855	HMPREF1058_RS01855		hypothetical protein	0.066	0.111	0.916	0.299	-0.221	-1.271	0.261	-0.075	-0.664	-0.064	0.283	-1.139	0.050	-0.539	-0.090	-0.666	-0.568	-1.419	-1.024	-1.643	0.566	-0.236
Bvulgatus_CL09T03C04	HMPREF1058_RS01860	HMPREF1058_RS01860		hypothetical protein	-0.105	-0.430	1.171	0.602	2.028	0.000	0.559	0.901	-1.116	-0.528	-1.170	-0.562	-1.652	0.127	0.199	-0.491	0.726	-0.718	-0.145	-1.371	1.514	-0.423
Bvulgatus_CL09T03C04	HMPREF1058_RS01865	HMPREF1058_RS01865		hypothetical protein	1.357	0.453	1.311	0.011	-0.013	-0.509	-0.751	0.317	-0.917	1.282	-0.625	1.112	-1.412	1.529	0.901	-0.596	0.041	0.496	2.216	0.548	0.548	0.952
Bvulgatus_CL09T03C04	HMPREF1058_RS01870	HMPREF1058_RS01870		tape measure protein	1.675	0.000	1.322	2.456	2.002	0.362	0.208	0.000	1.409	1.188	-0.617	0.668	0.368	-0.544	1.288	0.000	0.356	0.301	-0.016	-0.166	1.143	-0.140
Bvulgatus_CL09T03C04	HMPREF1058_RS01875	HMPREF1058_RS01875		hypothetical protein	-0.478	-0.188	0.836	-0.098	-1.450	-0.603	-1.304	-0.067	-0.969	0.619	-0.962	-1.306	-0.257	0.050	-1.496	-0.409	-0.920	-0.885	-1.175	1.168	-1.589	-1.364
Bvulgatus_CL09T03C04	HMPREF1058_RS01880	HMPREF1058_RS01880		hypothetical protein	-0.648	0.085	0.030	-0.429	1.967	-0.459	0.393	-0.427	1.281	-0.453	-0.509	-0.447	-0.118	0.716	-0.345	-0.513	-1.529	0.317	-0.599	0.284	0.046	0.095
Bvulgatus_CL09T03C04	HMPREF1058_RS01885	HMPREF1058_RS01885		hypothetical protein	-1.478	-1.445	-0.672	-0.757	-0.515	0.284	-1.940	-0.017	-0.559	0.234	-1.916	-0.706	-0.882	-0.811	-0.741	-0.162	0.097	0.080	-1.028	0.229	-0.408	-1.938
Bvulgatus_CL09T03C04	HMPREF1058_RS01895	HMPREF1058_RS01895		hypothetical protein	2.432	0.829	-0.397	0.046	0.461	0.969	0.271	0.433	1.411	0.264	1.770	-0.397	0.461	0.734	0.442	0.463	-0.336	1.442	-0.258	3.240	0.165	1.146
Bvulgatus_CL09T03C04	HMPREF1058_RS01900	HMPREF1058_RS01900		hypothetical protein	0.958	-1.357	-0.073	-0.945	-1.221	-0.354	-0.815	-1.052	-0.904	-0.151	-1.308	-0.238	-0.120	-0.226	-0.156	0.342	-0.940	-0.094	1.376	0.037	-2.290	-2.474
Bvulgatus_CL09T03C04	HMPREF1058_RS01905	HMPREF1058_RS01905		hypothetical protein	-1.951	-1.319	-1.998	0.389	-0.225	-0.432	-0.327	-1.303	-1.513	-0.533	-0.092	-0.896	-0.982	-0.104	-0.567	-0.152	0.160	2.368	-0.583	-0.919	0.371	-0.005
Bvulgatus_CL09T03C04	HMPREF1058_RS01910	HMPREF1058_RS01910		hypothetical protein	-0.917	0.211	-0.512	0.245	-0.623	2.861	-0.937	-0.894	-2.229	-0.556	-0.910	-0.279	-0.463	-1.424	0.101	0.567	-0.140	-0.142	-0.825	-1.705	-3.073	-1.428
Bvulgatus_CL09T03C04	HMPREF1058_RS01915	HMPREF1058_RS01915		hypothetical protein	0.834	1.439	0.040	0.778	-0.131	1.492	2.093	0.775	-0.772	-0.690	0.737	-0.378	1.320	-0.590	0.876	2.564	-0.698	-1.012	0.804	0.470	1.356	0.316
Bvulgatus_CL09T03C04	HMPREF1058_RS01920	HMPREF1058_RS01920		hypothetical protein	1.918	2.578	-0.494	-0.566	1.378	-0.634	0.641	-0.919	2.603	1.620	-0.028	0.958	-0.725	1.261	0.533	-0.108	-0.381	2.554	1.152	1.536	0.790	0.415
Bvulgatus_CL09T03C04	HMPREF1058_RS01925	HMPREF1058_RS01925		helix-turn-helix domain-containing protein	-1.893	-3.996	-0.328	-1.680	-0.950	-1.987	-2.868	-4.572	-2.164	-3.590	-4.885	-3.957	-2.619	-3.527	-4.441	-3.446	-2.663	-5.872	-2.043	-2.716	-3.842	-2.771
Bvulgatus_CL09T03C04	HMPREF1058_RS01930	HMPREF1058_RS01930		type II toxin-antitoxin system HigB family toxin	1.382	0.851	-0.866	-0.166	3.979	0.713	1.788	0.218	0.339	1.147	1.315	1.396	1.229	0.890	1.948	1.195	0.068	3.052	1.547	1.030	3.824	0.535
Bvulgatus_CL09T03C04	HMPREF1058_RS01935	HMPREF1058_RS01935		phage portal protein	0.160	0.683	0.359	-1.267	-0.259	0.701	1.471	0.932	0.127	1.982	1.043	0.487	-0.038	-0.212	0.868	-0.027	0.324	0.571	-0.586	1.441	1.917	1.263
Bvulgatus_CL09T03C04	HMPREF1058_RS01945	HMPREF1058_RS01945		hypothetical protein	1.368	0.777	-1.071	1.705	-0.433	0.375	-0.847	0.011	0.722	0.709	0.504	0.875	-0.231	-1.018	-0.040	-0.501	-0.534	-2.125	1.295	-1.187	1.004	-0.337
Bvulgatus_CL09T03C04	HMPREF1058_RS01950	HMPREF1058_RS01950		phosphoadenosine phosphosulfate reductase family protein	-1.091	0.352	-0.131	2.123	0.493	-0.179	-0.653	-0.042	-1.305	-1.403	-0.193	0.236	-1.641	-0.057	0.593	-0.002	-0.504	-1.322	-0.170	-0.194	-0.812	-0.467
Bvulgatus_CL09T03C04	HMPREF1058_RS01955	HMPREF1058_RS01955		hypothetical protein	-0.504	0.317	-0.244	0.647	1.261	0.735	0.117	-0.392	-0.118	-0.357	0.635	2.688	-0.249	1.702	1.101	2.277	-0.365	0.286	-0.842	0.189	0.226	-0.764
Bvulgatus_CL09T03C04	HMPREF1058_RS01960	HMPREF1058_RS01960		hypothetical protein	0.406	0.387	-1.220	-1.938	-0.800	-0.687	1.559	0.768	-1.467	1.381	0.154	-0.929	0.160	0.193	-1.275	-0.427	-0.270	-1.338	-0.174	1.159	1.001	0.980
Bvulgatus_CL09T03C04	HMPREF1058_RS01970	HMPREF1058_RS01970		hypothetical protein	-0.773	1.866	1.381	0.863	-1.271	-1.077	-0.569	0.670	1.233	3.449	-0.256	-0.193	-1.740	1.729	-1.107	-0.150	-2.527	1.017	1.383	3.585	0.519	0.050
Bvulgatus_CL09T03C04	HMPREF1058_RS01975	HMPREF1058_RS01975		hypothetical protein	2.803	1.548	1.294	1.340	-2.180	0.106	2.197	1.703	2.038	3.042	0.701	1.819	2.843	2.750	-1.492	-0.606	-0.670	-2.716	1.817	1.334	0.078	0.175
Bvulgatus_CL09T03C04	HMPREF1058_RS01980	HMPREF1058_RS01980		hypothetical protein	1.881	0.824	0.569	0.352	2.748	1.662	0.980	1.400	-0.216	0.940	1.118	0.954	0.072	1.144	0.830	1.526	0.705	0.951	1.316	1.759	1.101	0.988
Bvulgatus_CL09T03C04	HMPREF1058_RS01995	HMPREF1058_RS01995		hypothetical protein	-2.279	-0.477	0.642	-0.701	0.075	-0.415	-0.510	-0.053	0.877	-0.258	-0.026	-0.582	-0.229	-0.809	0.972	-1.599	0.481	-0.368	-0.671	-0.501	-0.787	-2.226
Bvulgatus_CL09T03C04	HMPREF1058_RS02000	HMPREF1058_RS02000		type II toxin-antitoxin system HicA family toxin	-0.553	2.968	1.696	0.954	0.672	0.174	1.974	2.211	-0.152	-0.593	1.909	0.746	1.338	1.322	-0.274	0.593	0.642	1.537	-1.158	-0.076	1.594	0.326
Bvulgatus_CL09T03C04	HMPREF1058_RS02005	HMPREF1058_RS02005		hypothetical protein	0.403	0.211	1.149	-0.614	0.855	-0.283	0.405	0.050	0.848	0.805	1.099	-0.244	0.520	0.604	1.483	0.234	0.503	0.438	1.398	0.687	-0.810	0.448
Bvulgatus_CL09T03C04	HMPREF1058_RS02010	HMPREF1058_RS02010		hypothetical protein	0.553	0.762	-1.277	-0.488	-0.115	-0.566	0.500	-0.659	-0.629	-0.147	-1.439	-1.862	0.554	-0.091	-0.642	-1.321	0.883	1.191	1.264	0.735	-1.589	-0.560
Bvulgatus_CL09T03C04	HMPREF1058_RS02015	HMPREF1058_RS02015		ASCH domain-containing protein	0.079	0.882	-0.002	0.236	1.762	0.333	0.480	-0.924	1.179	0.498	0.618	0.729	0.839	-0.274	-0.090	1.624	1.856	0.971	0.431	-0.161	0.998	-0.298
Bvulgatus_CL09T03C04	HMPREF1058_RS02020	HMPREF1058_RS02020		hypothetical protein	-0.075	1.122	0.329	0.535	0.691	-0.651	0.910	0.081	0.937	-1.190	-0.974	0.678	1.320	0.386	-1.164	-0.340	0.879	0.738	0.102	1.124	0.710	0.861
Bvulgatus_CL09T03C04	HMPREF1058_RS02040	HMPREF1058_RS02040		hypothetical protein	0.733	-0.284	-1.620	0.305	-0.335	0.446	-0.205	-1.257	-0.016	-0.827	-1.830	-1.030	-2.152	0.149	-0.412	0.456	1.043	0.390	-0.647	-2.274	-1.265	0.031
Bvulgatus_CL09T03C04	HMPREF1058_RS02045	HMPREF1058_RS02045		hypothetical protein	0.484	1.244	1.542	-1.454	-1.098	0.883	0.676	-0.262	-0.499	1.348	0.798	0.762	1.176	-0.723	2.082	0.919	1.372	1.217	0.229	0.007	-0.822	0.590
Bvulgatus_CL09T03C04	HMPREF1058_RS02050	HMPREF1058_RS02050		MBOAT family protein	-3.906	-2.649	-1.068	-0.808	-3.125	-3.170	-0.560	-2.783	-2.068	-2.563	-2.515	-2.256	-4.301	-1.010	-3.038	-1.323	-0.303	-1.455	-2.712	-2.793	-4.203	-2.311
Bvulgatus_CL09T03C04	HMPREF1058_RS02055	HMPREF1058_RS02055		SGNH/GDSL hydrolase family protein	1.275	1.670	-1.565	0.100	-2.068	-0.854	-0.315	-0.469	0.059	-1.100	-1.926	-0.229	0.846	0.591	-0.998	-0.000	0.260	-1.127	-0.167	0.779	-1.534	-1.270
Bvulgatus_CL09T03C04	HMPREF1058_RS02060	HMPREF1058_RS02060		SGNH/GDSL hydrolase family protein	-2.204	-2.317	-0.773	-1.951	-1.486	-2.824	-2.331	-1.498	-1.517	-2.344	-2.531	-1.482	-0.878	-0.588	-1.653	-0.893	-1.624	-0.659	-1.434	-1.144	-2.837	-2.401
Bvulgatus_CL09T03C04	HMPREF1058_RS02065	HMPREF1058_RS02065		hypothetical protein	0.649	-0.236	-0.243	-0.621	-0.255	-0.199	-0.832	0.015	-0.016	1.630	0.567	1.458	0.731	-0.071	-0.661	-0.165	1.613	1.891	0.555	0.539	1.630	0.704
Bvulgatus_CL09T03C04	HMPREF1058_RS02070	HMPREF1058_RS02070		efflux RND transporter permease subunit	0.769	1.510	0.174	0.151	-0.540	-0.948	1.033	0.498	1.335	2.636	0.111	-0.214	0.842	1.925	-5.120	-2.000	-0.477	0.861	-0.532	1.035	-2.093	0.940
Bvulgatus_CL09T03C04	HMPREF1058_RS02075	HMPREF1058_RS02075		efflux RND transporter periplasmic adaptor subunit	1.611	1.275	1.348	1.331	0.515	-0.793	0.080	0.859	0.955	0.096	1.413	2.115	-0.407	1.782	-3.762	-2.348	0.214	-0.872	-0.058	1.329	-1.358	1.352
Bvulgatus_CL09T03C04	HMPREF1058_RS02080	HMPREF1058_RS02080		TolC family protein	1.620	1.751	-1.092	0.503	-0.928	-0.068	0.675	1.037	0.482	1.007	1.083	1.334	2.289	1.632	-4.114	-1.594	0.903	0.510	0.434	1.099	-1.878	0.495
Bvulgatus_CL09T03C04	HMPREF1058_RS02085	HMPREF1058_RS02085		TetR/AcrR family transcriptional regulator	-3.968	-3.953	-5.088	-6.400	-6.410	-7.879	-2.205	-4.060	-4.456	-1.932	-3.434	-2.720	-4.013	-4.931	-0.180	-0.203	-2.213	-3.857	-2.484	-3.338	-1.208	-2.681
Bvulgatus_CL09T03C04	HMPREF1058_RS02090	HMPREF1058_RS02090		acyl-ACP--UDP-N-acetylglucosamine O-acyltransferase	-1.742	-2.395	-3.841	-5.799	-3.669	-5.744	-1.919	-1.579	-4.306	-2.252	-3.325	-3.330	-4.550	-3.343	-0.220	-2.361	-2.005	-4.430	-3.121	-3.132	-2.379	-2.907
Bvulgatus_CL09T03C04	HMPREF1058_RS02095	HMPREF1058_RS02095		efflux transporter outer membrane subunit	-3.521	-1.819	-2.307	-1.204	-2.255	-3.615	-1.402	-0.560	-1.817	-1.961	-0.988	-0.716	-2.782	-3.338	-4.944	-3.295	-1.036	-2.576	-2.986	-0.095	-3.409	-0.866
Bvulgatus_CL09T03C04	HMPREF1058_RS02100	HMPREF1058_RS02100		efflux RND transporter permease subunit	-3.332	-2.568	-3.424	-3.199	-4.439	-4.802	-0.785	-0.935	-1.522	-2.311	-1.967	-1.643	-6.096	-3.448	-6.399	-4.669	-2.161	-2.017	-5.376	-2.403	-6.774	-1.244
Bvulgatus_CL09T03C04	HMPREF1058_RS02105	HMPREF1058_RS02105		efflux RND transporter periplasmic adaptor subunit	-2.825	-1.540	-4.127	-2.540	-2.880	-3.661	-1.136	-1.071	-1.876	-1.224	-1.080	-1.711	-4.842	-2.974	-4.220	-3.162	-2.474	-1.520	-4.184	-2.634	-5.893	-2.169
Bvulgatus_CL09T03C04	HMPREF1058_RS02110	HMPREF1058_RS02110		NADP-dependent malic enzyme	-17.032	-13.014	-5.879	-6.252	-7.276	-7.999	-10.092	-9.432	-13.745	-14.655	-9.929	-8.960	-13.273	-13.893	-0.231	-2.390	0.262	0.345	-15.128	-14.228	-11.413	-9.555
Bvulgatus_CL09T03C04	HMPREF1058_RS02115	HMPREF1058_RS02115		NADP-specific glutamate dehydrogenase	-12.133	-9.854	-8.907	-7.667	-9.528	-11.533	-15.992	-11.576	-13.509	-13.144	-15.502	-13.872	-13.534	-14.671	-7.595	-9.024	-3.309	-6.738	-12.254	-14.252	-12.627	-13.473
Bvulgatus_CL09T03C04	HMPREF1058_RS02120	HMPREF1058_RS02120		PCMD domain-containing protein	-0.549	-1.711	0.037	-0.172	0.706	-0.796	-0.256	1.016	-0.122	-0.096	0.398	-0.271	0.901	-0.533	0.064	1.417	-0.267	0.379	0.899	0.978	0.303	-0.689
Bvulgatus_CL09T03C04	HMPREF1058_RS02125	HMPREF1058_RS02125		PorT family protein	-1.928	0.769	-1.671	-1.276	0.098	-0.222	1.123	0.765	0.217	-0.693	-0.926	0.602	1.265	0.186	0.403	-0.370	-1.147	-0.889	0.139	-1.289	-0.611	0.826
Bvulgatus_CL09T03C04	HMPREF1058_RS02130	HMPREF1058_RS02130		hypothetical protein	-0.002	-0.356	2.099	0.699	0.637	0.332	-0.140	-0.727	0.223	-1.177	-0.297	-0.015	0.023	0.439	-0.459	0.949	-0.385	-0.617	-0.054	-0.943	0.339	0.354
Bvulgatus_CL09T03C04	HMPREF1058_RS02135	HMPREF1058_RS02135		phosphoenolpyruvate synthase	-18.643	-16.353	-6.601	-7.262	-7.685	-7.455	-14.455	-12.273	-14.310	-14.906	-13.014	-12.251	-10.404	-16.227	-1.563	-2.591	0.505	1.325	-15.505	-14.083	-13.875	-11.636
Bvulgatus_CL09T03C04	HMPREF1058_RS02140	HMPREF1058_RS02140		NADP-specific glutamate dehydrogenase	-4.609	-3.836	-0.670	-1.914	-10.702	-10.452	-3.810	-2.264	-5.397	-2.955	-2.461	-4.576	1.493	-2.116	-6.757	-2.926	-4.062	-3.209	-2.154	-4.145	-4.949	-2.721
Bvulgatus_CL09T03C04	HMPREF1058_RS02145	HMPREF1058_RS02145		hypothetical protein	-0.962	0.263	4.098	3.635	-0.387	0.246	1.438	0.618	1.498	1.175	-0.441	1.116	0.891	-0.385	-0.589	-0.784	-0.684	-0.037	0.546	-0.440	0.434	0.422
Bvulgatus_CL09T03C04	HMPREF1058_RS02150	HMPREF1058_RS02150		DUF3440 domain-containing protein	3.899	2.675	43.840	44.598	-3.321	-3.227	1.384	2.264	1.124	0.729	-1.117	-0.361	3.498	2.048	-3.674	-2.837	1.453	-0.621	0.477	0.592	0.115	-1.564
Bvulgatus_CL09T03C04	HMPREF1058_RS02155	HMPREF1058_RS02155		ParB-like nuclease domain-containing protein	3.383	1.431	36.134	35.210	-3.550	-2.576	2.543	2.809	0.677	0.714	0.424	0.265	3.353	4.184	-2.159	-2.166	1.586	-3.489	0.649	0.585	2.092	-0.023
Bvulgatus_CL09T03C04	HMPREF1058_RS02160	HMPREF1058_RS02160		hypothetical protein	0.938	-0.099	-0.986	-0.651	1.230	0.378	-0.630	0.107	0.641	-0.023	-0.113	0.496	0.374	0.689	-0.581	-0.540	-0.459	0.302	0.353	0.051	-0.375	-0.197
Bvulgatus_CL09T03C04	HMPREF1058_RS02165	HMPREF1058_RS02165		malate dehydrogenase	-4.268	-4.728	-5.266	-5.910	-7.295	-6.882	-6.059	-6.762	-6.933	-7.832	-9.766	-9.989	-6.456	-7.953	-6.874	-5.214	-2.917	-4.451	-8.933	-7.725	-8.770	-8.871
Bvulgatus_CL09T03C04	HMPREF1058_RS02170	HMPREF1058_RS02170		hypothetical protein	-9.264	-9.821	-6.569	-5.558	-7.676	-5.199	-9.733	-10.502	-8.729	-9.164	-10.400	-9.768	-10.534	-10.274	-11.856	-10.298	-0.900	-10.444	-4.013	-9.169	-9.524	-10.312
Bvulgatus_CL09T03C04	HMPREF1058_RS02175	HMPREF1058_RS02175		TolC family protein	-0.204	0.574	-1.286	-1.269	-1.070	-2.250	-0.288	-0.659	-1.621	-1.220	-1.112	-1.280	-3.494	-0.939	-3.453	-0.430	-0.667	-0.797	-4.105	-1.528	-2.001	-0.683
Bvulgatus_CL09T03C04	HMPREF1058_RS02180	HMPREF1058_RS02180		efflux RND transporter periplasmic adaptor subunit	-1.738	0.138	-1.961	0.151	-0.801	-1.653	-1.285	-1.198	-0.221	0.047	-1.501	-0.193	-2.034	-0.836	-2.678	-0.503	-1.110	-1.334	-1.698	-0.204	-2.609	-1.299
Bvulgatus_CL09T03C04	HMPREF1058_RS02185	HMPREF1058_RS02185		ABC transporter permease	-1.564	-0.053	0.474	0.730	0.782	0.619	-0.408	-0.032	0.797	0.626	-0.779	-0.177	-3.510	-0.345	-4.058	0.822	-0.710	0.405	-2.034	0.066	-1.380	0.927
Bvulgatus_CL09T03C04	HMPREF1058_RS02190	HMPREF1058_RS02190		ABC transporter permease	-0.014	-0.460	1.366	0.270	0.053	0.454	0.235	-0.001	1.091	-0.020	-0.024	0.844	-3.028	1.150	-3.812	1.320	-0.674	0.458	-2.800	0.741	-1.444	-0.822
Bvulgatus_CL09T03C04	HMPREF1058_RS02195	HMPREF1058_RS02195		copper resistance protein NlpE	1.034	0.842	1.289	-0.620	1.886	2.284	0.528	-0.354	1.130	0.578	0.645	0.477	0.585	0.884	0.822	1.755	0.646	0.327	1.208	1.058	0.598	0.702
Bvulgatus_CL09T03C04	HMPREF1058_RS02200	HMPREF1058_RS02200		BlaI/MecI/CopY family transcriptional regulator	-0.829	-1.259	-0.300	-0.038	0.377	-1.835	-0.275	-0.567	0.646	-0.041	-0.471	-0.868	-0.252	0.499	1.102	-0.243	1.090	-0.037	0.512	-0.236	-0.362	0.195
Bvulgatus_CL09T03C04	HMPREF1058_RS02205	HMPREF1058_RS02205		TonB family protein	-0.738	0.120	0.855	1.119	-0.761	0.662	-0.223	-1.221	0.171	0.923	-0.267	-0.889	1.479	1.023	0.172	0.008	-0.040	-0.259	0.624	0.220	-1.047	-0.012
Bvulgatus_CL09T03C04	HMPREF1058_RS02215	HMPREF1058_RS02215		tRNA (guanosine(46)-N7)-methyltransferase TrmB	-7.457	-7.159	-3.507	-3.154	-5.539	-4.342	-7.497	-7.587	-7.012	-7.001	-5.886	-6.497	-7.729	-8.178	-2.411	-2.564	-1.561	-0.011	-4.487	-7.087	-6.073	-6.448
Bvulgatus_CL09T03C04	HMPREF1058_RS02220	HMPREF1058_RS02220		branched-chain amino acid aminotransferase	-6.502	-6.867	-6.830	-4.765	-4.147	-6.259	-6.831	-7.142	-7.455	-5.601	-7.608	-7.937	-4.331	-8.148	-9.646	-6.902	-8.184	-6.866	-4.228	-7.499	-6.088	-8.421
Bvulgatus_CL09T03C04	HMPREF1058_RS02225	HMPREF1058_RS02225		exodeoxyribonuclease VII small subunit	0.847	-0.195	1.126	0.048	1.503	1.854	0.800	0.997	0.960	2.007	0.560	1.848	-0.372	0.687	0.257	-0.436	-0.184	0.704	0.611	0.735	0.371	2.019
Bvulgatus_CL09T03C04	HMPREF1058_RS02230	HMPREF1058_RS02230		exodeoxyribonuclease VII large subunit	-1.897	-1.539	-0.537	1.099	-0.062	0.017	-0.089	-0.391	-0.900	-1.842	-0.470	-0.204	-1.026	-0.790	-0.543	-0.033	-0.364	-0.279	-0.373	-1.082	-0.541	-0.219
Bvulgatus_CL09T03C04	HMPREF1058_RS02235	HMPREF1058_RS02235		S8 family serine peptidase	-0.808	-0.250	-0.239	-0.640	0.296	0.211	-0.396	-0.426	0.997	-0.549	-1.307	-1.447	-1.096	-1.146	0.089	0.280	-0.149	-1.324	0.768	0.428	-0.751	-1.531
Bvulgatus_CL09T03C04	HMPREF1058_RS02240	HMPREF1058_RS02240		MATE family efflux transporter	0.031	-0.296	1.399	0.734	-0.087	0.464	-0.454	1.870	-0.292	1.567	1.101	1.596	1.460	-0.919	-0.208	0.094	-0.457	0.031	0.494	1.106	0.420	0.324
Bvulgatus_CL09T03C04	HMPREF1058_RS02245	HMPREF1058_RS02245		cytidylate kinase-like family protein	-0.522	-1.880	-1.171	-3.743	-3.502	-2.071	-1.270	-1.729	-2.790	-3.649	-2.490	-2.447	-1.285	-1.610	0.100	-3.689	-1.641	-2.847	-3.316	-2.350	-3.860	-2.970
Bvulgatus_CL09T03C04	HMPREF1058_RS02250	HMPREF1058_RS02250		hypothetical protein	0.572	-0.318	1.111	1.377	0.528	-0.243	-0.324	0.151	-0.632	-0.014	0.800	0.163	-0.675	0.364	1.079	1.275	0.432	-0.332	-1.554	-0.699	-1.095	0.425
Bvulgatus_CL09T03C04	HMPREF1058_RS02255	HMPREF1058_RS02255		DUF3244 domain-containing protein	-1.657	-0.007	-0.824	0.447	0.762	0.287	-1.545	-1.005	-0.270	-1.960	-1.976	-1.510	-2.146	-1.602	-1.393	-0.989	0.407	0.226	-0.788	-2.326	-0.930	-1.789
Bvulgatus_CL09T03C04	HMPREF1058_RS02260	HMPREF1058_RS02260		hypothetical protein	-2.968	-2.381	-1.286	-2.766	-1.949	-3.132	-2.678	-2.642	-2.797	-3.365	-2.664	-2.989	-3.023	-3.382	-2.382	-3.090	-0.737	-2.263	-2.437	-2.734	-2.345	-3.837
Bvulgatus_CL09T03C04	HMPREF1058_RS02265	HMPREF1058_RS02265		peptidase C39	-0.625	-0.520	0.883	-0.364	0.387	1.014	-0.381	0.120	0.108	0.752	0.357	0.009	-0.006	0.533	0.517	-0.547	0.385	-1.481	1.537	-0.272	1.127	-0.141
Bvulgatus_CL09T03C04	HMPREF1058_RS02270	HMPREF1058_RS02270		outer membrane beta-barrel protein	-0.596	0.211	0.915	-1.366	0.034	0.266	-0.285	-0.492	0.002	-0.602	-0.445	-0.933	0.274	-0.975	-0.027	0.000	-0.243	-0.515	-0.066	-0.007	-0.447	0.035
Bvulgatus_CL09T03C04	HMPREF1058_RS02275	HMPREF1058_RS02275		outer membrane beta-barrel protein	0.502	0.051	0.612	0.783	0.682	0.112	0.049	0.021	-0.755	0.079	0.041	0.237	0.967	0.431	0.388	0.848	-0.851	0.349	-0.108	-0.615	0.096	0.495
Bvulgatus_CL09T03C04	HMPREF1058_RS02280	HMPREF1058_RS02280		carboxypeptidase regulatory-like domain-containing protein	0.347	1.001	0.199	0.346	-0.311	-0.176	-0.293	-0.255	-1.247	0.412	0.135	0.442	-1.051	-0.090	0.290	1.183	-0.010	0.253	-0.537	-0.190	-1.241	-0.665
Bvulgatus_CL09T03C04	HMPREF1058_RS02285	HMPREF1058_RS02285		radical SAM protein	1.017	-1.448	0.149	0.026	-0.953	-0.006	0.038	-1.086	0.764	1.011	0.231	0.585	-0.070	-1.147	0.205	-0.018	1.952	-0.936	0.449	-0.379	-1.131	0.079
Bvulgatus_CL09T03C04	HMPREF1058_RS02290	HMPREF1058_RS02290		tetratricopeptide repeat protein	1.048	0.163	-1.178	0.401	0.781	0.112	0.320	0.441	-1.148	-0.798	0.629	-0.040	1.049	-0.222	0.188	0.711	-0.040	0.308	-0.016	-0.446	-0.566	-0.253
Bvulgatus_CL09T03C04	HMPREF1058_RS02295	HMPREF1058_RS02295		DUF3244 domain-containing protein	-0.260	-1.008	-1.435	-1.257	-0.261	-1.677	-1.028	-1.264	-1.628	-2.033	-0.509	-1.780	-1.302	-1.442	-1.013	-0.763	-0.137	0.393	-1.766	-1.432	-1.989	0.254
Bvulgatus_CL09T03C04	HMPREF1058_RS02300	HMPREF1058_RS02300		hypothetical protein	-0.217	-0.934	-0.471	-1.550	-1.080	-1.229	-2.493	-0.144	-0.615	-1.362	-0.542	-0.227	-0.913	1.097	0.251	0.509	0.047	0.051	-1.738	-1.668	-2.258	-2.048
Bvulgatus_CL09T03C04	HMPREF1058_RS02305	HMPREF1058_RS02305		hypothetical protein	0.029	-0.931	-0.899	0.226	-0.370	-1.900	-0.398	-0.189	-1.317	-0.386	-0.545	-0.811	0.770	-0.125	-2.496	-0.502	-0.427	-0.799	0.624	0.074	0.046	-1.417
Bvulgatus_CL09T03C04	HMPREF1058_RS02310	HMPREF1058_RS02310		peptidase domain-containing ABC transporter	0.932	0.151	-2.514	-0.032	-0.285	0.724	-0.207	0.225	0.733	0.284	-0.475	0.731	0.273	-1.175	-0.880	0.135	0.245	0.048	-0.884	0.642	-0.444	-0.644
Bvulgatus_CL09T03C04	HMPREF1058_RS02315	HMPREF1058_RS02315		HlyD family efflux transporter periplasmic adaptor subunit	0.204	0.421	-0.400	2.087	0.280	0.739	-0.386	0.242	0.171	0.509	0.083	0.111	0.702	0.267	0.262	-0.501	-2.000	0.682	0.801	1.328	1.450	-0.282
Bvulgatus_CL09T03C04	HMPREF1058_RS02320	HMPREF1058_RS02320		hypothetical protein	2.296	0.983	0.327	1.941	0.999	1.727	1.545	-0.299	1.865	-0.056	0.998	1.390	0.027	0.571	-0.347	1.457	0.393	-0.196	0.819	-1.596	0.030	0.983
Bvulgatus_CL09T03C04	HMPREF1058_RS02325	HMPREF1058_RS02325		radical SAM protein	0.290	0.653	-1.424	-0.778	-1.062	0.844	-0.746	-0.349	0.193	-0.661	0.046	-0.180	0.569	-0.078	-0.590	0.006	-0.318	0.080	-0.549	0.766	-0.272	0.923
Bvulgatus_CL09T03C04	HMPREF1058_RS02330	HMPREF1058_RS02330		peptidase C39	1.423	0.351	0.766	0.022	1.023	-0.664	0.479	0.240	1.635	0.494	0.781	0.381	0.536	0.151	0.963	0.252	-1.140	-0.207	-0.141	1.114	-0.499	0.238
Bvulgatus_CL09T03C04	HMPREF1058_RS02335	HMPREF1058_RS02335		hypothetical protein	-0.645	-0.931	-1.041	-0.455	0.511	0.161	0.125	-0.609	-0.330	-0.747	1.507	0.503	-0.881	-0.865	-0.514	-1.124	-1.403	1.195	0.801	-0.320	-0.095	0.070
Bvulgatus_CL09T03C04	HMPREF1058_RS02340	HMPREF1058_RS02340		RNA degradosome polyphosphate kinase	0.385	0.412	-0.014	0.606	-0.355	0.957	-3.433	-2.666	-0.396	-0.811	-2.874	-1.726	-4.182	-3.197	4.278	0.808	1.099	1.160	0.037	-0.904	-3.526	-3.131
Bvulgatus_CL09T03C04	HMPREF1058_RS02345	HMPREF1058_RS02345		metallophosphoesterase family protein	-0.626	1.029	1.837	1.191	0.016	-1.184	1.708	-0.543	0.966	1.866	1.686	1.406	2.191	0.031	-1.000	0.594	1.414	0.713	1.381	-0.045	1.814	0.105
Bvulgatus_CL09T03C04	HMPREF1058_RS02355	HMPREF1058_RS02355		TonB-dependent receptor	1.247	0.462	0.608	0.259	0.036	-0.470	0.910	0.338	0.854	0.385	0.961	0.787	0.345	0.573	0.792	0.825	0.079	1.015	-0.626	-0.855	0.191	0.272
Bvulgatus_CL09T03C04	HMPREF1058_RS02360	HMPREF1058_RS02360		RagB/SusD family nutrient uptake outer membrane protein	1.127	0.907	1.649	1.673	1.292	1.936	0.287	0.260	0.835	1.457	0.969	1.398	0.503	-0.289	0.603	1.444	0.593	1.150	2.813	1.675	1.399	0.933
Bvulgatus_CL09T03C04	HMPREF1058_RS02365	HMPREF1058_RS02365		DUF4981 domain-containing protein	2.088	1.663	1.927	2.297	0.668	1.525	1.725	0.620	2.008	1.680	0.392	0.491	1.798	1.014	1.685	1.839	0.926	0.655	3.031	3.010	0.705	0.894
Bvulgatus_CL09T03C04	HMPREF1058_RS02370	HMPREF1058_RS02370		glycoside hydrolase	1.138	1.484	0.209	-0.086	-1.179	0.716	1.231	-0.291	0.005	1.293	2.021	1.339	1.513	0.685	1.214	1.645	1.117	0.736	1.739	0.629	1.210	0.131
Bvulgatus_CL09T03C04	HMPREF1058_RS02375	HMPREF1058_RS02375		RagB/SusD family nutrient uptake outer membrane protein	1.056	1.351	1.263	1.990	0.297	0.748	-0.286	1.686	1.168	0.707	0.501	1.394	0.592	2.233	1.865	-0.199	1.546	0.538	1.093	-0.132	0.138	1.027
Bvulgatus_CL09T03C04	HMPREF1058_RS02380	HMPREF1058_RS02380		TonB-dependent receptor	1.979	1.429	1.150	0.566	1.243	0.959	0.541	0.788	1.604	1.540	0.555	0.327	1.245	0.781	0.777	0.982	0.779	0.565	2.187	1.551	0.648	0.376
Bvulgatus_CL09T03C04	HMPREF1058_RS02385	HMPREF1058_RS02385		FecR family protein	-0.346	1.190	-2.941	-3.242	-3.663	-4.636	0.036	0.969	-0.957	-0.999	-0.791	-1.137	-1.091	-0.474	-1.257	-0.058	-0.351	-2.948	-0.131	-2.236	0.829	-0.974
Bvulgatus_CL09T03C04	HMPREF1058_RS02390	HMPREF1058_RS02390		RNA polymerase sigma-70 factor	0.938	0.076	0.107	1.502	-0.511	0.233	1.891	2.297	1.821	0.457	1.221	0.844	0.633	1.873	0.443	2.208	0.909	0.125	1.726	-0.538	1.264	1.980
Bvulgatus_CL09T03C04	HMPREF1058_RS02395	HMPREF1058_RS02395		ABC-F family ATP-binding cassette domain-containing protein	-2.407	-1.368	1.377	-0.204	-0.130	-0.154	-0.252	-0.556	-0.227	0.214	-1.559	-0.955	-0.842	-0.016	-0.769	-0.043	0.009	-1.119	2.035	0.169	0.107	-1.098
Bvulgatus_CL09T03C04	HMPREF1058_RS02400	HMPREF1058_RS02400		putative transporter	1.662	0.201	-0.892	-0.628	1.310	0.564	1.580	1.666	0.557	-0.018	2.153	1.602	0.667	2.191	0.532	1.019	1.128	1.279	0.762	0.429	0.850	1.540
Bvulgatus_CL09T03C04	HMPREF1058_RS02405	HMPREF1058_RS02405		methylmalonyl-CoA mutase small subunit	2.111	1.219	-20.522	-17.178	-17.816	-21.513	-13.933	-14.446	-20.457	-21.325	-17.035	-17.778	1.281	-4.021	-21.916	-23.089	-12.687	-18.671	-20.474	-20.449	-18.624	-19.213
Bvulgatus_CL09T03C04	HMPREF1058_RS02410	HMPREF1058_RS02410		methylmalonyl-CoA mutase	2.110	4.320	-20.249	-18.550	-22.362	-19.440	-13.863	-12.906	-22.677	-19.089	-17.124	-17.079	0.896	-3.581	-24.674	-23.368	-13.050	-19.369	-21.601	-24.397	-19.717	-18.310
Bvulgatus_CL09T03C04	HMPREF1058_RS02415	HMPREF1058_RS02415		RagB/SusD family nutrient uptake outer membrane protein	-0.951	-1.097	0.123	-1.949	-8.042	-6.772	-1.739	-3.208	-1.256	-0.882	-0.467	-0.677	0.018	-1.453	-0.785	-0.274	-0.023	-0.797	-1.881	-1.850	-0.995	-0.935
Bvulgatus_CL09T03C04	HMPREF1058_RS02420	HMPREF1058_RS02420		TonB-dependent receptor	-1.274	-0.180	-0.940	-0.862	-8.078	-8.231	-1.672	-3.240	-0.906	-1.036	-0.165	-1.328	-0.505	-2.363	-0.129	-1.557	-0.224	0.062	-1.085	-1.700	0.013	0.096
Bvulgatus_CL09T03C04	HMPREF1058_RS02425	HMPREF1058_RS02425		DUF1232 domain-containing protein	0.585	0.299	0.092	-0.088	0.619	-0.100	0.098	0.094	0.136	0.325	-0.082	0.664	-0.752	0.387	1.436	1.316	0.487	0.140	-0.444	0.012	0.856	-0.123
Bvulgatus_CL09T03C04	HMPREF1058_RS02430	HMPREF1058_RS02430		HAMP domain-containing histidine kinase	0.358	0.363	0.446	-0.259	-0.664	-1.815	0.944	0.010	1.792	3.198	0.554	0.432	1.605	1.577	-1.315	0.191	-0.012	0.371	2.827	2.215	1.723	0.644
Bvulgatus_CL09T03C04	HMPREF1058_RS02435	HMPREF1058_RS02435		mechanosensitive ion channel	-0.262	0.787	-1.457	-0.189	1.591	0.004	-0.987	0.081	-0.597	0.379	0.296	0.144	-0.164	0.525	0.257	0.096	0.905	0.348	0.144	-0.131	0.178	-0.703
Bvulgatus_CL09T03C04	HMPREF1058_RS02440	HMPREF1058_RS02440		multidrug efflux RND transporter permease subunit	0.827	-0.410	0.183	0.227	-0.374	0.212	0.822	0.331	0.993	0.476	-0.299	0.218	0.339	0.120	0.139	0.692	-1.360	-0.076	0.666	0.691	0.088	-0.315
Bvulgatus_CL09T03C04	HMPREF1058_RS02445	HMPREF1058_RS02445		efflux RND transporter periplasmic adaptor subunit	0.080	0.178	0.754	0.347	0.567	0.625	-0.942	1.537	-1.903	0.027	0.996	0.218	1.073	1.216	0.459	0.914	1.053	0.756	0.280	0.832	-0.396	0.134
Bvulgatus_CL09T03C04	HMPREF1058_RS02450	HMPREF1058_RS02450		TolC family protein	-0.001	-0.266	0.326	1.391	-0.350	-0.122	-0.034	0.271	-0.044	-0.915	-0.306	0.305	-1.043	-0.502	-0.519	0.996	0.655	0.565	-0.393	-0.795	0.478	0.581
Bvulgatus_CL09T03C04	HMPREF1058_RS02455	HMPREF1058_RS02455		hypothetical protein	-0.032	-0.805	-2.052	0.007	0.503	0.042	0.455	-0.018	0.302	-0.659	-0.271	0.061	-0.492	0.365	1.070	-0.155	0.727	0.354	0.282	-1.250	1.495	0.554
Bvulgatus_CL09T03C04	HMPREF1058_RS02460	HMPREF1058_RS02460		signal peptidase I	1.001	-0.258	2.483	1.335	0.579	1.701	0.020	-1.078	-0.002	0.411	1.081	-0.125	0.478	-0.728	-0.157	0.846	1.121	0.527	-0.037	0.101	0.002	0.274
Bvulgatus_CL09T03C04	HMPREF1058_RS02465	HMPREF1058_RS02465		hypothetical protein	1.359	1.690	-0.892	-0.609	-0.824	-1.332	-0.503	-0.837	0.825	0.305	-0.358	-0.525	-1.232	-1.606	0.601	1.183	-0.392	-0.482	-0.196	0.168	0.492	0.556
Bvulgatus_CL09T03C04	HMPREF1058_RS02470	HMPREF1058_RS02470		hypothetical protein	-0.081	0.068	1.155	0.469	0.833	-0.542	-0.019	0.001	-0.826	-0.018	0.413	0.015	0.369	0.043	-0.033	-0.219	0.367	0.024	0.073	-0.423	0.867	-0.098
Bvulgatus_CL09T03C04	HMPREF1058_RS02475	HMPREF1058_RS02475		hypothetical protein	-0.089	0.502	-0.670	-1.199	-0.803	0.543	1.122	-0.117	-0.639	-1.653	0.400	0.528	-0.572	-1.092	0.399	0.882	2.475	-0.036	1.372	-0.080	-0.914	0.574
Bvulgatus_CL09T03C04	HMPREF1058_RS02480	HMPREF1058_RS02480		electron transfer flavoprotein subunit beta/FixA family protein	-0.072	-2.869	-3.867	-4.128	-6.194	-6.396	-1.231	-4.353	-4.726	-4.521	-4.434	-2.734	0.937	-0.720	-7.794	-5.023	-4.231	-4.035	-4.180	-2.365	-2.839	-4.228
Bvulgatus_CL09T03C04	HMPREF1058_RS02485	HMPREF1058_RS02485		electron transfer flavoprotein subunit alpha/FixB family protein	-2.410	-1.210	-4.800	-5.075	-5.907	-6.133	-3.609	-5.008	-5.642	-4.507	-8.127	-5.924	-0.497	-2.055	-9.383	-7.379	-5.986	-7.114	-5.378	-5.369	-3.724	-6.965
Bvulgatus_CL09T03C04	HMPREF1058_RS02490	HMPREF1058_RS02490		four helix bundle protein	-1.037	-1.193	1.240	0.822	-1.993	-1.696	-0.370	-0.612	0.233	-2.613	-0.994	-0.894	-0.618	-0.087	1.053	-0.441	-2.434	-0.507	-0.296	-1.742	0.767	-0.827
Bvulgatus_CL09T03C04	HMPREF1058_RS02495	HMPREF1058_RS02495		acyl-CoA dehydrogenase family protein	-1.728	-1.951	-7.188	-7.266	-11.619	-11.207	-3.860	-5.430	-7.048	-8.597	-6.999	-7.189	1.085	-3.029	-12.821	-11.278	-6.758	-11.047	-4.385	-6.284	-5.076	-4.851
Bvulgatus_CL09T03C04	HMPREF1058_RS02500	HMPREF1058_RS02500		histidine decarboxylase	0.340	-0.604	-1.150	-0.458	1.080	1.138	-0.147	0.882	0.883	2.618	0.526	0.036	-1.430	0.210	1.191	0.313	0.902	0.297	0.411	0.480	1.182	-0.090
Bvulgatus_CL09T03C04	HMPREF1058_RS02505	HMPREF1058_RS02505		PaaI family thioesterase	-1.284	-0.238	0.070	0.500	-1.571	1.099	0.455	-0.086	-0.734	-0.544	-0.409	-0.859	-0.061	-0.267	-0.606	-1.315	-0.455	0.879	-0.104	-0.506	0.172	-0.867
Bvulgatus_CL09T03C04	HMPREF1058_RS02510	HMPREF1058_RS02510		DUF2027 domain-containing protein	-1.026	0.362	0.454	0.970	0.094	0.519	-0.009	-0.710	1.803	0.880	-0.979	-0.082	0.726	-0.321	-0.188	-1.935	0.043	-0.324	2.244	0.984	-0.378	-0.093
Bvulgatus_CL09T03C04	HMPREF1058_RS02515	HMPREF1058_RS02515		S-adenosylmethionine:tRNA ribosyltransferase-isomerase	0.708	0.583	-0.251	-0.801	-1.049	0.533	-1.558	-2.235	-2.102	0.354	-0.553	-2.365	0.192	-0.976	-1.821	-0.852	-0.561	-0.389	2.223	0.370	-3.156	-2.685
Bvulgatus_CL09T03C04	HMPREF1058_RS02520	HMPREF1058_RS02520		urocanate hydratase	-5.216	-3.978	-7.819	-10.154	-14.355	-12.005	-12.037	-11.068	-12.418	-13.155	-11.317	-11.845	-6.409	-9.576	-8.178	-11.555	-7.204	-9.784	-10.759	-11.704	-11.826	-11.427
Bvulgatus_CL09T03C04	HMPREF1058_RS02525	HMPREF1058_RS02525		glutamate formimidoyltransferase	-4.542	-4.894	-4.309	-2.935	-8.975	-12.110	-11.930	-8.742	-9.463	-9.245	-9.207	-12.339	-5.341	-6.753	-6.036	-7.380	-5.893	-5.733	-8.603	-6.571	-9.287	-9.162
Bvulgatus_CL09T03C04	HMPREF1058_RS02530	HMPREF1058_RS02530		GxxExxY protein	0.143	-1.041	-2.722	-1.310	-2.312	-2.828	-1.465	-0.825	-1.705	-1.730	-1.451	-1.195	-0.417	-0.709	-1.272	-1.916	-2.160	-3.412	-1.400	-3.381	-0.906	-1.273
Bvulgatus_CL09T03C04	HMPREF1058_RS02535	HMPREF1058_RS02535		imidazolonepropionase	-2.132	-2.680	-7.786	-6.970	-11.483	-9.487	-7.795	-8.594	-12.319	-7.221	-9.264	-9.923	-1.750	-6.069	-6.099	-8.376	-6.031	-7.627	-12.475	-8.840	-10.561	-10.476
Bvulgatus_CL09T03C04	HMPREF1058_RS02540	HMPREF1058_RS02540		cyclodeaminase/cyclohydrolase family protein	-3.840	-3.402	-4.410	-4.726	-4.160	-7.411	-6.946	-5.314	-6.588	-6.011	-6.330	-5.265	-4.369	-5.132	-4.154	-4.723	-3.027	-5.081	-4.792	-4.006	-5.152	-6.589
Bvulgatus_CL09T03C04	HMPREF1058_RS02545	HMPREF1058_RS02545		histidine ammonia-lyase	-3.257	-1.993	-5.073	-4.778	-10.866	-9.639	-10.779	-10.276	-10.039	-11.376	-12.533	-12.442	-6.138	-8.307	-11.580	-10.900	-6.947	-9.126	-7.971	-11.679	-13.555	-13.935
Bvulgatus_CL09T03C04	HMPREF1058_RS02550	HMPREF1058_RS02550		NUDIX domain-containing protein	0.371	0.295	-1.006	0.219	1.113	0.648	0.164	0.099	0.904	0.757	1.559	0.710	-0.007	0.757	1.268	1.323	-0.539	-0.217	0.681	0.618	1.082	1.601
Bvulgatus_CL09T03C04	HMPREF1058_RS02555	HMPREF1058_RS02555		DJ-1/PfpI family protein	0.468	0.921	0.700	0.599	1.131	0.557	-0.356	0.474	1.951	0.662	0.105	0.752	1.293	0.783	0.419	2.252	0.732	0.863	1.323	0.721	2.279	1.318
Bvulgatus_CL09T03C04	HMPREF1058_RS02560	HMPREF1058_RS02560		pyridoxamine 5'-phosphate oxidase family protein	0.311	0.413	-0.928	1.048	1.517	0.887	1.457	1.375	1.633	0.704	2.319	0.144	0.863	0.689	0.667	1.878	0.200	0.815	-1.229	1.451	0.505	1.279
Bvulgatus_CL09T03C04	HMPREF1058_RS02565	HMPREF1058_RS02565		Gfo/Idh/MocA family oxidoreductase	0.261	0.754	1.429	0.979	0.761	1.113	0.388	1.164	1.400	1.819	0.955	0.167	0.208	-0.058	1.284	0.194	0.035	0.596	2.088	1.328	-0.093	-0.553
Bvulgatus_CL09T03C04	HMPREF1058_RS02570	HMPREF1058_RS02570		carbonic anhydrase	0.665	2.035	0.321	1.125	0.070	0.000	-0.452	-0.114	0.145	-0.550	-0.138	-0.474	0.791	-0.889	-1.284	-1.671	-0.731	-1.856	-0.686	-0.901	-0.098	0.371
Bvulgatus_CL09T03C04	HMPREF1058_RS02575	HMPREF1058_RS02575		Crp/Fnr family transcriptional regulator	-0.290	0.627	-0.864	-0.003	-1.109	1.148	1.670	1.390	-0.263	1.466	0.479	0.951	-0.454	0.765	2.777	-0.037	0.124	1.137	0.425	0.474	1.616	1.790
Bvulgatus_CL09T03C04	HMPREF1058_RS02580	HMPREF1058_RS02580		MATE family efflux transporter	-0.764	0.609	0.854	0.703	-0.258	1.180	0.300	0.886	-0.223	-0.522	0.064	0.348	1.107	0.860	0.118	0.448	0.984	-0.439	0.336	0.206	-0.002	0.300
Bvulgatus_CL09T03C04	HMPREF1058_RS02610	HMPREF1058_RS02610		4Fe-4S dicluster domain-containing protein	27.502	23.685	2.185	2.971	2.071	2.512	-0.170	0.776	-1.980	-3.731	-3.641	-3.834	9.296	12.426	2.232	1.975	1.546	2.389	-0.920	-0.813	0.371	-4.945
Bvulgatus_CL09T03C04	HMPREF1058_RS02615	HMPREF1058_RS02615		[FeFe] hydrogenase H-cluster radical SAM maturase HydE	17.976	18.915	0.841	-1.311	0.266	-0.148	-1.137	-0.390	-1.525	-3.306	-2.973	-2.098	6.628	11.151	0.450	-0.949	-1.238	0.050	-3.183	-0.681	-0.868	-2.247
Bvulgatus_CL09T03C04	HMPREF1058_RS02620	HMPREF1058_RS02620		[FeFe] hydrogenase H-cluster radical SAM maturase HydG	27.496	20.450	1.395	1.225	0.831	-0.263	1.683	0.471	-0.518	-1.100	-2.512	-3.370	8.887	13.377	1.587	1.231	2.309	0.070	-2.097	1.082	-0.204	-3.365
Bvulgatus_CL09T03C04	HMPREF1058_RS02625	HMPREF1058_RS02625		[FeFe] hydrogenase H-cluster maturation GTPase HydF	25.765	16.750	2.387	1.689	1.084	1.597	0.879	-0.937	-2.331	-1.801	-3.805	-3.429	9.574	11.389	0.426	0.891	-0.322	0.592	-0.666	-1.697	-1.061	-4.197
Bvulgatus_CL09T03C04	HMPREF1058_RS02640	HMPREF1058_RS02640		CRISPR-associated endonuclease Cas2	0.575	1.322	-1.514	0.141	0.530	-0.462	0.560	-0.560	0.829	0.401	0.257	0.653	-0.202	0.511	-0.460	-0.701	-0.425	-0.636	0.419	0.869	0.008	1.095
Bvulgatus_CL09T03C04	HMPREF1058_RS02645	HMPREF1058_RS02645		type I-C CRISPR-associated endonuclease Cas1	1.955	-0.140	1.197	1.753	-0.263	0.307	-0.722	0.983	0.113	1.128	-0.226	1.673	-0.761	1.214	0.082	-0.678	-0.950	0.273	0.992	0.773	0.669	0.432
Bvulgatus_CL09T03C04	HMPREF1058_RS02650	HMPREF1058_RS02650		CRISPR-associated protein Cas4	-0.496	0.946	-1.124	-1.770	1.119	-0.000	0.670	-0.361	0.407	1.098	1.636	0.179	2.276	0.831	1.499	-0.259	0.730	-0.080	2.484	0.381	1.208	0.620
Bvulgatus_CL09T03C04	HMPREF1058_RS02655	HMPREF1058_RS02655		type I-C CRISPR-associated protein Cas7/Csd2	-0.213	0.435	1.248	-0.323	0.747	-0.663	-0.490	-0.591	-0.054	0.986	0.090	0.096	-0.483	-0.869	0.541	-0.694	-0.899	-0.994	0.479	1.562	1.072	-0.724
Bvulgatus_CL09T03C04	HMPREF1058_RS02660	HMPREF1058_RS02660		type I-C CRISPR-associated protein Cas8c/Csd1	0.212	-1.139	1.304	0.275	-0.957	0.029	0.497	-0.318	0.396	1.090	0.214	-0.368	0.682	-0.084	0.697	-0.356	-1.134	-0.871	-1.010	0.379	0.017	0.243
Bvulgatus_CL09T03C04	HMPREF1058_RS02665	HMPREF1058_RS02665		type I-C CRISPR-associated protein Cas5	-0.858	0.465	1.567	0.148	0.063	1.070	0.469	0.419	1.059	0.005	1.060	-0.240	-0.639	-1.166	0.978	0.569	-1.607	0.738	0.664	1.831	-0.036	-2.336
Bvulgatus_CL09T03C04	HMPREF1058_RS02670	HMPREF1058_RS02670		Bro-N domain-containing protein	-0.835	-0.503	0.018	-0.782	0.301	-0.237	0.632	-0.108	-0.234	-0.518	0.570	-0.314	0.091	0.228	-1.404	0.252	0.089	0.132	-0.019	0.418	0.530	-0.437
Bvulgatus_CL09T03C04	HMPREF1058_RS02675	HMPREF1058_RS02675		CRISPR-associated helicase/endonuclease Cas3	-0.145	-1.216	0.265	-2.456	0.352	-0.322	0.584	-0.221	-0.188	0.807	-0.778	-0.266	0.626	1.189	0.769	0.557	0.507	-0.361	-0.041	0.086	0.788	0.337
Bvulgatus_CL09T03C04	HMPREF1058_RS02685	HMPREF1058_RS02685		substrate-binding domain-containing protein	1.893	-0.800	1.845	1.261	-0.216	1.418	1.692	1.379	1.892	3.455	-0.592	0.844	0.844	1.329	3.836	0.739	0.951	0.226	1.506	0.601	1.214	0.314
Bvulgatus_CL09T03C04	HMPREF1058_RS02690	HMPREF1058_RS02690		membrane protein	-0.662	-0.227	0.465	1.061	0.749	0.171	0.094	0.696	0.330	-1.427	1.144	-0.205	-0.652	0.032	-0.023	0.895	1.610	0.922	1.140	0.283	0.750	0.421
Bvulgatus_CL09T03C04	HMPREF1058_RS02695	HMPREF1058_RS02695		fucose isomerase	-1.518	0.178	0.154	-0.089	1.275	1.134	0.281	0.454	-0.224	0.569	-0.935	0.515	-0.899	-0.029	0.700	-0.607	1.099	1.975	0.560	1.451	-0.743	1.089
Bvulgatus_CL09T03C04	HMPREF1058_RS02700	HMPREF1058_RS02700		glycerol kinase GlpK	0.190	0.700	1.273	1.089	1.487	1.191	0.517	1.545	0.540	-0.729	1.001	1.352	-0.324	1.979	0.594	0.259	0.170	0.473	-0.091	-0.598	1.559	1.381
Bvulgatus_CL09T03C04	HMPREF1058_RS02705	HMPREF1058_RS02705		transketolase	-0.723	-0.229	0.613	-0.663	-0.106	-0.498	-1.314	-0.340	0.012	-0.902	-0.295	-1.241	-0.310	-0.278	-0.299	0.734	0.893	-0.903	-0.577	0.005	0.496	-0.406
Bvulgatus_CL09T03C04	HMPREF1058_RS02710	HMPREF1058_RS02710		transketolase	-0.455	0.169	-2.206	-3.112	-3.769	-2.085	0.640	0.478	2.125	0.720	-1.182	-1.701	0.301	-1.578	-1.833	-0.486	-0.089	-1.199	1.927	0.650	-1.244	0.144
Bvulgatus_CL09T03C04	HMPREF1058_RS02715	HMPREF1058_RS02715		DeoR/GlpR transcriptional regulator	-2.750	-1.581	-4.295	-4.754	-13.343	-15.425	-6.387	-5.037	-2.595	-2.474	-7.261	-5.957	-1.966	-5.878	-7.293	-6.993	-6.537	-5.887	-1.878	-3.567	-5.956	-5.516
Bvulgatus_CL09T03C04	HMPREF1058_RS02720	HMPREF1058_RS02720		3,4-dihydroxy-2-butanone-4-phosphate synthase	-1.417	-0.224	1.137	0.528	-1.339	-0.886	-1.301	-0.355	-0.761	-1.121	-0.923	-1.966	-0.672	-1.625	-2.524	-2.119	-1.730	-1.618	-0.139	-0.574	-1.386	-0.968
Bvulgatus_CL09T03C04	HMPREF1058_RS02725	HMPREF1058_RS02725		DUF5060 domain-containing protein	1.585	1.315	-1.080	1.674	1.097	0.762	0.947	1.335	1.016	1.028	1.906	0.816	0.316	-0.233	-0.137	0.967	0.827	-0.445	0.788	0.167	0.544	1.796
Bvulgatus_CL09T03C04	HMPREF1058_RS02730	HMPREF1058_RS02730		response regulator	0.660	0.824	0.621	1.933	0.078	0.769	0.283	0.565	0.245	0.046	0.159	1.242	0.011	0.088	0.473	0.568	0.335	0.744	0.913	0.278	0.329	0.246
Bvulgatus_CL09T03C04	HMPREF1058_RS02735	HMPREF1058_RS02735		zinc metallopeptidase	-2.787	-2.616	-1.340	-3.035	-1.548	-0.489	-0.499	-1.140	0.031	-1.881	-0.262	-0.288	-1.009	-3.401	-4.241	-1.011	0.011	-0.934	-0.593	-2.072	-3.015	-0.854
Bvulgatus_CL09T03C04	HMPREF1058_RS02740	HMPREF1058_RS02740		AraC family transcriptional regulator	0.255	0.675	0.152	0.006	1.582	-0.388	0.077	0.595	1.748	0.074	0.231	0.661	-0.165	0.262	0.990	2.203	-0.961	0.620	0.246	0.626	0.019	0.555
Bvulgatus_CL09T03C04	HMPREF1058_RS02750	HMPREF1058_RS02750		BamA/TamA family outer membrane protein	-3.133	-2.053	-1.364	-1.607	-3.838	-3.535	-3.624	-4.263	-2.623	-2.839	-4.232	-3.504	-3.885	-3.425	-4.441	-4.315	-4.792	-3.895	-3.130	-5.330	-2.009	-4.136
Bvulgatus_CL09T03C04	HMPREF1058_RS02755	HMPREF1058_RS02755		translocation/assembly module TamB domain-containing protein	-3.891	-1.982	-1.678	-1.127	-2.571	-3.546	-2.967	-4.724	-1.969	-4.255	-2.121	-4.742	-6.937	-4.343	-3.523	-4.651	-5.311	-4.369	-5.470	-4.467	-3.618	-3.458
Bvulgatus_CL09T03C04	HMPREF1058_RS02760	HMPREF1058_RS02760		peptidylprolyl isomerase	4.055	3.576	-0.471	0.425	-0.497	0.715	0.507	1.259	-0.244	0.815	0.126	1.356	3.728	2.686	0.116	1.066	-0.124	0.031	0.855	0.321	-1.220	0.012
Bvulgatus_CL09T03C04	HMPREF1058_RS02765	HMPREF1058_RS02765		insulinase family protein	6.812	5.743	-0.648	-0.922	-1.528	-0.225	3.149	1.300	-2.225	-0.932	0.905	-0.453	3.618	4.371	0.934	0.370	-1.024	-0.810	-2.796	-2.240	1.185	-0.445
Bvulgatus_CL09T03C04	HMPREF1058_RS02770	HMPREF1058_RS02770		MATE family efflux transporter	2.745	2.843	-0.547	-1.482	-0.725	0.136	1.779	2.067	3.987	3.550	0.598	0.214	2.855	1.736	0.505	-0.670	0.899	0.762	3.515	2.359	0.619	0.161
Bvulgatus_CL09T03C04	HMPREF1058_RS02775	HMPREF1058_RS02775		response regulator	18.775	18.309	0.754	0.989	0.955	-0.317	7.168	6.907	9.832	10.527	2.302	2.694	12.683	10.796	1.588	0.037	1.176	0.873	6.457	5.658	1.731	1.052
Bvulgatus_CL09T03C04	HMPREF1058_RS02780	HMPREF1058_RS02780		sigma-54-dependent Fis family transcriptional regulator	20.045	19.996	0.878	0.782	2.700	2.169	9.650	7.899	9.974	8.750	3.332	2.812	16.223	13.995	1.497	0.285	0.436	2.501	7.387	6.660	2.968	1.234
Bvulgatus_CL09T03C04	HMPREF1058_RS02785	HMPREF1058_RS02785		hypothetical protein	2.906	1.943	1.554	0.121	0.490	0.664	2.060	2.117	1.830	1.749	0.943	1.729	0.132	3.784	1.579	0.914	0.844	1.008	1.165	-0.258	0.874	0.151
Bvulgatus_CL09T03C04	HMPREF1058_RS02790	HMPREF1058_RS02790		RNA pseudouridine synthase	-3.711	-2.556	-0.463	0.733	1.773	3.720	2.936	0.403	-0.919	0.671	1.316	0.831	0.572	0.193	1.579	2.345	2.142	0.318	0.010	-0.462	3.729	0.929
Bvulgatus_CL09T03C04	HMPREF1058_RS02800	HMPREF1058_RS02800		TetR/AcrR family transcriptional regulator	-2.872	-2.552	2.093	1.840	7.786	10.382	-3.298	-3.502	-0.589	-0.611	-2.617	-3.903	-9.618	-0.999	-7.419	0.446	-0.233	-1.559	-7.855	-0.352	-5.320	-3.990
Bvulgatus_CL09T03C04	HMPREF1058_RS02810	HMPREF1058_RS02810		RNA polymerase sigma-70 factor	-0.710	-1.242	1.486	0.086	0.405	-0.886	-0.668	-0.189	0.866	0.366	0.073	0.329	0.050	-0.907	0.052	0.413	0.036	-1.034	0.559	0.753	-0.823	-0.141
Bvulgatus_CL09T03C04	HMPREF1058_RS02815	HMPREF1058_RS02815		FecR family protein	1.400	0.768	0.874	1.164	0.381	0.335	0.010	1.305	0.470	-0.233	1.000	1.120	-0.271	0.813	0.297	-0.286	0.212	1.120	1.303	0.788	0.596	-0.224
Bvulgatus_CL09T03C04	HMPREF1058_RS02820	HMPREF1058_RS02820		TonB-dependent receptor	0.880	1.183	0.620	0.064	0.911	1.016	0.653	0.374	0.994	0.397	1.576	1.193	0.917	0.146	1.190	0.498	0.979	0.560	1.219	0.715	0.644	0.207
Bvulgatus_CL09T03C04	HMPREF1058_RS02825	HMPREF1058_RS02825		RagB/SusD family nutrient uptake outer membrane protein	0.185	0.386	0.214	-0.248	1.089	0.126	1.109	1.413	1.247	-0.467	1.363	1.295	1.429	0.786	0.573	0.642	-0.180	0.734	-0.511	-0.718	1.074	0.725
Bvulgatus_CL09T03C04	HMPREF1058_RS02830	HMPREF1058_RS02830		DUF4982 domain-containing protein	0.879	1.215	0.688	1.050	0.078	0.601	1.120	0.677	1.305	0.576	0.784	1.383	0.994	0.282	0.918	0.855	0.051	0.819	0.479	0.868	1.647	0.600
Bvulgatus_CL09T03C04	HMPREF1058_RS02835	HMPREF1058_RS02835		family 20 glycosylhydrolase	1.608	0.279	-1.206	-1.831	0.759	1.593	0.842	0.295	0.418	1.307	-0.309	1.140	0.494	0.998	0.825	0.283	0.296	0.264	1.909	0.678	0.385	0.618
Bvulgatus_CL09T03C04	HMPREF1058_RS02840	HMPREF1058_RS02840		beta-galactosidase	0.220	0.441	-0.236	0.271	0.590	0.426	0.359	0.550	0.045	0.620	1.063	0.617	-0.808	-0.725	0.551	1.435	-0.511	0.878	0.875	0.809	1.106	0.477
Bvulgatus_CL09T03C04	HMPREF1058_RS02845	HMPREF1058_RS02845		arylsulfatase	-0.008	-0.437	-0.857	-2.064	-0.491	0.105	0.037	0.556	1.716	1.096	0.444	1.148	-0.504	0.630	0.677	1.375	-0.282	-1.456	0.004	0.975	0.190	0.157
Bvulgatus_CL09T03C04	HMPREF1058_RS02850	HMPREF1058_RS02850		DUF1566 domain-containing protein	-0.838	-0.555	0.368	-0.272	1.016	0.637	2.203	1.618	1.819	0.871	1.971	0.614	0.442	-0.359	-0.059	-0.518	0.071	-0.389	1.134	1.853	3.530	1.537
Bvulgatus_CL09T03C04	HMPREF1058_RS02855	HMPREF1058_RS02855		DEAD/DEAH box helicase	-0.694	-0.677	-0.124	2.475	0.113	1.634	1.224	1.131	0.879	-0.022	0.834	0.743	0.060	-0.021	0.787	-0.850	0.448	0.646	-0.343	-0.480	1.502	0.903
Bvulgatus_CL09T03C04	HMPREF1058_RS02860	HMPREF1058_RS02860		hypothetical protein	0.562	-1.351	-0.432	0.330	0.307	-0.342	0.735	0.291	0.535	-0.572	1.272	-0.364	1.136	0.662	0.327	0.477	0.136	-0.443	0.219	0.356	0.363	0.302
Bvulgatus_CL09T03C04	HMPREF1058_RS02865	HMPREF1058_RS02865		PQQ-binding-like beta-propeller repeat protein	0.474	0.340	1.800	1.053	1.044	1.006	1.238	1.230	0.756	0.992	0.177	0.864	2.539	0.269	0.166	1.621	0.902	0.664	0.947	1.631	0.414	0.586
Bvulgatus_CL09T03C04	HMPREF1058_RS02870	HMPREF1058_RS02870		endonuclease/exonuclease/phosphatase family protein	0.651	0.912	-0.914	-1.520	-0.139	0.976	2.096	2.044	-2.262	0.061	0.179	1.498	0.394	-0.930	0.505	0.841	0.016	0.105	-0.859	-0.242	0.699	0.251
Bvulgatus_CL09T03C04	HMPREF1058_RS02875	HMPREF1058_RS02875		cysteine synthase A	1.096	-0.269	0.626	-1.503	-0.696	1.006	0.413	0.006	0.749	0.715	0.397	1.331	1.401	0.610	-0.281	1.414	0.402	0.476	0.524	0.324	0.935	-0.262
Bvulgatus_CL09T03C04	HMPREF1058_RS02880	HMPREF1058_RS02880		tRNA 2-thiouridine(34) synthase MnmA	0.747	-0.192	0.349	0.723	1.251	1.548	0.242	0.971	2.548	2.924	0.410	0.702	0.991	0.997	1.432	0.750	0.315	-0.093	4.359	2.582	2.361	1.417
Bvulgatus_CL09T03C04	HMPREF1058_RS02885	HMPREF1058_RS02885		response regulator transcription factor	0.404	1.107	-1.846	-0.399	0.578	0.522	0.829	0.211	0.807	0.757	1.450	1.469	-0.998	0.313	0.410	-0.027	-0.581	-0.934	1.608	0.568	0.350	-0.301
Bvulgatus_CL09T03C04	HMPREF1058_RS02905	HMPREF1058_RS02905		hypothetical protein	-1.452	-0.440	0.775	0.740	-0.974	-0.569	0.496	-0.182	-1.297	-0.926	-0.552	-0.010	0.367	-0.564	-0.009	0.523	-0.197	-0.650	0.187	-0.712	1.311	-0.506
Bvulgatus_CL09T03C04	HMPREF1058_RS02910	HMPREF1058_RS02910		carbamoyl-phosphate synthase (glutamine-hydrolyzing) large subunit	-1.099	-2.093	-6.729	-6.715	-9.458	-8.989	-3.589	-5.414	-4.499	-4.588	-2.184	-2.583	-0.112	-5.074	-8.661	-4.169	-0.761	2.327	-1.899	-4.915	0.072	-2.810
Bvulgatus_CL09T03C04	HMPREF1058_RS02915	HMPREF1058_RS02915		TonB-dependent receptor	-1.468	-0.574	-0.779	-0.377	0.415	1.248	-0.916	-1.639	-1.589	-2.004	-0.340	-0.122	-0.956	-1.746	0.292	0.391	-0.334	-0.447	-1.721	-2.948	0.203	-1.023
Bvulgatus_CL09T03C04	HMPREF1058_RS02920	HMPREF1058_RS02920		TlpA family protein disulfide reductase	0.170	0.608	1.745	2.422	1.396	1.532	-0.184	0.790	-0.574	0.579	-0.684	0.784	0.424	-0.480	0.235	0.621	0.607	1.561	0.592	0.373	0.568	-0.392
Bvulgatus_CL09T03C04	HMPREF1058_RS02925	HMPREF1058_RS02925		peroxide stress protein YaaA	1.225	1.153	0.722	0.341	0.516	0.104	1.225	0.511	2.532	2.749	0.256	1.920	0.916	1.310	-0.024	-0.301	1.821	2.079	1.355	0.802	0.904	1.297
Bvulgatus_CL09T03C04	HMPREF1058_RS02930	HMPREF1058_RS02930		OmpA family protein	0.459	0.014	0.949	-0.424	1.649	2.961	0.343	0.793	0.329	-0.250	0.470	0.286	-1.562	-0.098	0.112	-0.869	-1.212	0.008	2.270	1.908	0.987	0.416
Bvulgatus_CL09T03C04	HMPREF1058_RS02935	HMPREF1058_RS02935		sulfotransferase	0.994	0.350	0.870	1.481	2.021	0.007	0.804	1.381	2.552	1.829	0.011	1.217	1.489	1.422	1.241	1.425	0.026	0.639	2.898	2.561	1.650	1.042
Bvulgatus_CL09T03C04	HMPREF1058_RS02940	HMPREF1058_RS02940		sulfate adenylyltransferase subunit CysN	-0.662	-0.358	-0.648	0.257	1.814	0.444	0.952	1.224	2.068	1.968	1.696	0.669	0.794	0.313	0.946	0.968	-0.319	0.848	0.935	0.410	1.494	0.801
Bvulgatus_CL09T03C04	HMPREF1058_RS02945	HMPREF1058_RS02945		sulfate adenylyltransferase subunit CysD	1.064	-0.165	0.793	-0.960	1.577	1.020	-0.329	0.234	1.657	1.793	1.015	0.257	-0.990	0.336	0.008	0.807	0.055	0.716	1.863	1.785	1.763	0.919
Bvulgatus_CL09T03C04	HMPREF1058_RS02950	HMPREF1058_RS02950		adenylyl-sulfate kinase	0.912	0.214	0.950	1.354	-0.332	0.105	-0.083	0.263	1.574	1.111	0.215	-0.010	-0.622	0.731	-0.415	1.302	0.623	-0.453	0.174	1.764	0.430	1.038
Bvulgatus_CL09T03C04	HMPREF1058_RS02955	HMPREF1058_RS02955		SLC13/DASS family transporter	-0.263	-0.439	1.144	0.086	0.595	0.743	0.103	1.162	-0.224	0.514	0.275	0.625	0.062	0.055	0.460	0.846	0.786	0.406	0.045	0.059	0.259	0.966
Bvulgatus_CL09T03C04	HMPREF1058_RS02960	HMPREF1058_RS02960		3'(2'),5'-bisphosphate nucleotidase CysQ	-0.166	0.494	1.356	-0.791	0.165	0.860	-0.820	0.276	0.508	0.243	1.135	0.394	-0.321	0.687	0.081	0.099	1.490	-0.689	-0.003	0.293	0.541	0.773
Bvulgatus_CL09T03C04	HMPREF1058_RS02965	HMPREF1058_RS02965		BamA/TamA family outer membrane protein	0.063	-0.198	0.394	0.156	0.088	0.059	1.273	0.706	2.069	0.776	1.492	0.637	1.018	0.419	1.184	0.423	-0.410	0.144	2.251	0.972	0.312	0.925
Bvulgatus_CL09T03C04	HMPREF1058_RS02970	HMPREF1058_RS02970		DNA mismatch repair endonuclease MutL	-1.560	0.797	2.907	1.227	-2.848	-1.177	-2.972	-3.384	-1.664	-1.191	-2.563	-1.566	-1.276	-1.953	-2.656	-2.670	-1.995	-1.909	-0.640	-2.124	-2.408	-2.669
Bvulgatus_CL09T03C04	HMPREF1058_RS02975	HMPREF1058_RS02975		hypothetical protein	-2.542	-0.988	-1.309	-1.816	-3.465	-3.343	-4.521	-4.317	-3.338	-3.027	-4.665	-4.389	-0.804	-2.211	-4.708	-3.709	-4.382	-4.380	-2.779	-2.591	-4.249	-4.573
Bvulgatus_CL09T03C04	HMPREF1058_RS02990	HMPREF1058_RS02990		peptidyl-prolyl cis-trans isomerase	-4.610	-2.166	-0.018	-1.577	1.751	1.592	1.648	-0.286	1.520	0.483	-1.571	-0.070	-5.578	-2.703	0.328	2.892	-0.393	-1.799	-0.545	-0.477	-2.911	-1.180
Bvulgatus_CL09T03C04	HMPREF1058_RS02995	HMPREF1058_RS02995		peptidylprolyl isomerase	-1.429	-0.871	-1.483	-1.729	-1.392	-0.599	-0.350	-1.341	-2.201	-0.542	-1.548	-0.774	-1.371	-1.986	1.193	0.350	0.381	-1.188	-0.327	-1.103	0.163	-0.050
Bvulgatus_CL09T03C04	HMPREF1058_RS03000	HMPREF1058_RS03000		IMP dehydrogenase	-5.445	-5.571	-5.524	-5.758	-5.480	-7.561	-5.865	-5.911	-7.505	-7.337	-8.384	-8.190	-5.598	-6.666	-9.505	-6.862	-11.465	-5.628	-5.530	-5.675	-5.419	-8.660
Bvulgatus_CL09T03C04	HMPREF1058_RS03015	HMPREF1058_RS03015		DUF3874 domain-containing protein	0.261	0.066	0.416	0.946	0.679	0.189	1.670	0.365	0.222	-0.910	0.072	1.365	-0.504	0.473	0.158	0.086	0.397	0.730	0.550	1.284	-0.200	1.133
Bvulgatus_CL09T03C04	HMPREF1058_RS03020	HMPREF1058_RS03020		hypothetical protein	-0.838	1.236	-1.125	0.541	1.075	0.789	-0.350	-0.129	1.782	-0.703	-0.912	-1.191	-1.075	0.405	-0.585	0.302	-0.525	0.180	0.661	0.166	0.982	-0.577
Bvulgatus_CL09T03C04	HMPREF1058_RS03030	HMPREF1058_RS03030		hypothetical protein	-0.099	0.435	1.571	1.137	1.390	-0.305	0.042	0.333	-0.405	0.123	0.419	0.476	-0.470	1.090	0.198	1.272	0.524	-0.011	1.051	0.805	0.244	0.290
Bvulgatus_CL09T03C04	HMPREF1058_RS03035	HMPREF1058_RS03035		hypothetical protein	1.410	0.268	0.780	1.382	0.157	-0.106	2.003	0.791	-0.517	-0.306	0.623	1.923	1.239	-0.044	0.806	-0.036	0.827	0.282	1.046	1.318	1.191	1.029
Bvulgatus_CL09T03C04	HMPREF1058_RS03040	HMPREF1058_RS03040		thioredoxin family protein	-1.232	0.013	-0.875	0.580	-1.205	-0.117	-0.638	-0.379	-1.328	-0.778	1.227	-0.257	-0.076	1.089	-0.560	0.036	-0.353	0.504	-0.700	-0.293	-0.742	-1.201
Bvulgatus_CL09T03C04	HMPREF1058_RS03045	HMPREF1058_RS03045		hypothetical protein	0.073	-0.250	-0.200	0.357	-0.026	-0.012	-0.340	-1.106	0.241	0.051	-0.011	0.342	-1.669	-0.428	-0.223	1.072	-1.174	-0.817	1.780	-1.636	-0.508	0.019
Bvulgatus_CL09T03C04	HMPREF1058_RS03050	HMPREF1058_RS03050		hypothetical protein	-0.369	0.582	-0.955	-0.882	-1.754	-1.235	-1.245	0.580	-1.190	-1.226	0.355	0.793	1.268	-0.802	-0.625	-1.255	-1.126	0.101	-2.613	-2.474	-0.155	0.803
Bvulgatus_CL09T03C04	HMPREF1058_RS03055	HMPREF1058_RS03055		hypothetical protein	-0.739	-0.110	-1.558	-2.009	-0.837	-0.611	0.244	-1.307	-0.146	-1.373	0.185	-1.311	-0.654	-1.222	-0.950	-1.220	0.751	-0.384	-0.968	0.977	-1.432	-0.066
Bvulgatus_CL09T03C04	HMPREF1058_RS03060	HMPREF1058_RS03060		O-antigen ligase family protein	-1.293	-0.662	0.619	0.807	0.055	-2.624	0.241	-0.917	-1.078	-0.218	0.198	-0.070	0.199	0.467	-0.769	-1.146	0.518	0.487	-0.609	-1.095	-0.298	-0.155
Bvulgatus_CL09T03C04	HMPREF1058_RS03065	HMPREF1058_RS03065		DUF3244 domain-containing protein	-1.874	-0.878	0.799	1.215	-1.037	-1.663	-0.439	0.175	-0.841	0.527	-0.768	-0.785	-0.164	0.014	-0.452	-0.263	-0.923	-0.978	-1.503	0.507	-1.410	-0.373
Bvulgatus_CL09T03C04	HMPREF1058_RS03070	HMPREF1058_RS03070		tetratricopeptide repeat protein	0.001	-0.895	0.156	-0.261	0.349	1.689	0.433	0.931	-0.092	-0.091	-0.234	0.980	0.788	0.637	0.945	1.231	0.926	-0.179	0.711	-0.457	1.203	-0.417
Bvulgatus_CL09T03C04	HMPREF1058_RS03075	HMPREF1058_RS03075		DNA helicase RecQ	-5.029	-5.577	-2.306	-1.737	9.709	15.138	-6.526	-7.285	-7.894	-8.407	-8.156	-9.313	-6.994	-6.931	-1.145	-4.230	7.995	4.602	-8.216	-7.886	-7.810	-9.041
Bvulgatus_CL09T03C04	HMPREF1058_RS03080	HMPREF1058_RS03080		ATP-dependent Clp protease ATP-binding subunit ClpX	-0.551	-0.621	-0.539	-1.086	-3.971	-4.890	1.511	1.012	-2.916	-4.247	-1.054	0.253	0.841	0.994	-2.391	-3.062	-2.358	-5.570	-2.918	-4.747	0.068	-1.922
Bvulgatus_CL09T03C04	HMPREF1058_RS03085	HMPREF1058_RS03085		ATP-dependent Clp endopeptidase proteolytic subunit ClpP	-3.425	-3.225	-1.564	-1.419	-2.619	-2.583	-3.574	-3.619	-2.665	-2.700	-3.382	-3.994	-2.847	-2.847	-2.915	-3.671	-2.858	-2.769	-2.684	-3.374	-3.290	-3.648
Bvulgatus_CL09T03C04	HMPREF1058_RS03090	HMPREF1058_RS03090		trigger factor	-6.405	-6.430	-0.947	-1.988	-1.314	-1.237	-2.758	-2.386	-2.068	-0.303	-1.843	-1.861	-2.685	-6.195	-2.230	-1.506	0.368	0.298	-2.522	-2.850	-0.271	-3.779
Bvulgatus_CL09T03C04	HMPREF1058_RS03095	HMPREF1058_RS03095		RNA-binding protein	0.071	-1.524	-1.004	-0.640	-0.099	-0.564	0.490	-0.009	-0.614	1.045	0.154	0.126	0.701	0.105	1.703	0.876	2.276	3.832	-0.853	0.274	2.411	0.537
Bvulgatus_CL09T03C04	HMPREF1058_RS03105	HMPREF1058_RS03105		ABC transporter permease	2.897	2.462	0.369	-1.818	-4.449	-1.964	0.950	1.466	-1.428	1.185	0.415	-1.801	-3.581	0.837	-4.502	-3.345	-3.001	-2.348	-1.275	-0.219	-2.295	0.132
Bvulgatus_CL09T03C04	HMPREF1058_RS03110	HMPREF1058_RS03110		ABC transporter ATP-binding protein	4.124	4.028	-1.982	-1.986	-5.405	-6.892	1.573	0.898	0.527	0.764	-0.370	-0.573	-1.805	0.578	-6.094	-2.887	-3.200	-1.270	-4.883	0.812	-3.236	-1.299
Bvulgatus_CL09T03C04	HMPREF1058_RS03130	HMPREF1058_RS03130		DUF177 domain-containing protein	-2.360	-1.958	2.384	1.429	5.190	2.571	2.007	2.721	4.769	2.376	1.549	0.125	-0.453	0.651	4.893	1.625	2.650	1.854	5.172	3.983	3.950	0.937
Bvulgatus_CL09T03C04	HMPREF1058_RS03135	HMPREF1058_RS03135		5S ribosomal RNA	1.270	-1.622	-0.486	-0.109	0.407	0.898	0.183	-0.386	0.281	0.529	-0.155	-1.699	-0.474	-1.878	-0.583	-1.010	0.021	0.932	1.475	1.198	1.027	0.590
Bvulgatus_CL09T03C04	HMPREF1058_RS03170	HMPREF1058_RS03170		hypothetical protein	-3.291	-3.257	0.649	0.382	-1.179	-0.923	-3.769	-2.410	1.824	4.547	-1.156	-2.456	-1.759	-2.999	2.647	0.672	1.471	1.448	2.772	5.888	-1.624	-0.634
Bvulgatus_CL09T03C04	HMPREF1058_RS03175	HMPREF1058_RS03175		DUF2764 domain-containing protein	-3.286	-3.725	2.668	-0.412	-4.034	-1.254	-2.149	-1.420	0.135	1.216	-2.701	-0.827	-0.167	0.324	0.458	-0.466	0.075	0.344	-0.157	0.194	-2.795	-1.846
Bvulgatus_CL09T03C04	HMPREF1058_RS03180	HMPREF1058_RS03180		V-type ATP synthase subunit A	-4.355	-4.524	1.572	-0.096	-2.097	-2.340	-4.854	-4.294	3.929	4.336	-3.682	-3.088	-0.985	-1.768	4.423	1.433	1.126	1.770	3.233	6.713	-1.606	-1.609
Bvulgatus_CL09T03C04	HMPREF1058_RS03185	HMPREF1058_RS03185		V-type ATP synthase subunit B	-2.965	-3.344	0.601	-0.594	-2.908	-2.165	-4.527	-3.579	2.453	2.674	-2.897	-1.661	-0.713	-2.484	4.729	0.081	1.177	2.249	2.294	5.332	-1.473	-2.932
Bvulgatus_CL09T03C04	HMPREF1058_RS03190	HMPREF1058_RS03190		V-type ATP synthase subunit D	-2.327	-2.571	-0.249	0.325	-5.180	-3.173	-3.052	-3.017	-0.376	-1.763	-2.133	-1.976	-0.852	-2.855	-1.355	-1.288	-1.670	-0.890	-2.720	-0.435	-2.616	-2.303
Bvulgatus_CL09T03C04	HMPREF1058_RS03195	HMPREF1058_RS03195		V-type ATP synthase subunit I	-3.267	-4.231	0.584	-2.376	-3.016	-1.531	-3.536	-4.247	3.493	3.565	-1.059	-3.208	-0.337	-3.111	4.670	-0.042	0.459	3.158	2.953	4.785	-0.951	-1.590
Bvulgatus_CL09T03C04	HMPREF1058_RS03200	HMPREF1058_RS03200		V-type ATP synthase subunit K	-1.658	-3.167	-0.037	1.294	-1.889	-2.572	-2.324	-1.438	0.544	2.380	-1.382	-0.034	0.499	-0.844	3.212	0.188	2.269	0.767	3.411	5.474	-1.434	-0.136
Bvulgatus_CL09T03C04	HMPREF1058_RS03205	HMPREF1058_RS03205		glycogen/starch synthase	0.784	1.459	1.653	1.124	-2.604	-2.474	-0.152	0.642	-5.871	-5.887	0.643	1.636	1.260	0.980	1.371	2.228	1.037	0.355	-7.360	-4.531	1.102	1.396
Bvulgatus_CL09T03C04	HMPREF1058_RS03210	HMPREF1058_RS03210		alpha-glucan family phosphorylase	3.658	3.532	2.310	1.988	-9.989	-9.370	0.522	2.345	-2.689	-3.349	1.016	1.874	5.367	4.242	0.883	0.241	-0.404	-0.546	-10.575	-1.034	2.781	1.514
Bvulgatus_CL09T03C04	HMPREF1058_RS03215	HMPREF1058_RS03215		AhpC/TSA family protein	8.690	8.356	0.833	1.338	3.977	4.439	7.321	7.355	2.878	1.507	4.982	5.161	8.142	6.769	0.786	2.646	1.085	1.200	2.360	2.938	5.051	6.070
Bvulgatus_CL09T03C04	HMPREF1058_RS03220	HMPREF1058_RS03220		polyamine ABC transporter ATP-binding protein	0.720	-0.634	0.156	0.869	2.063	2.897	-1.969	-0.281	1.392	0.290	-0.270	0.582	-0.230	-1.354	1.902	-0.171	0.116	-0.559	0.864	1.600	1.259	-0.918
Bvulgatus_CL09T03C04	HMPREF1058_RS03225	HMPREF1058_RS03225		ABC transporter permease	0.734	0.945	0.231	1.045	3.226	2.982	0.423	0.410	2.084	1.058	0.998	0.523	1.235	0.928	2.627	1.757	0.654	1.151	1.477	1.632	0.870	-0.996
Bvulgatus_CL09T03C04	HMPREF1058_RS03230	HMPREF1058_RS03230		ABC transporter permease	1.250	0.704	-1.304	-0.931	4.039	2.684	0.097	-0.099	0.475	0.964	0.414	-0.008	0.310	0.801	1.377	0.689	2.002	0.524	1.264	0.518	-1.476	-0.315
Bvulgatus_CL09T03C04	HMPREF1058_RS03235	HMPREF1058_RS03235		ABC transporter substrate-binding protein	0.440	-0.026	1.554	-0.132	3.930	2.547	-0.873	-0.057	0.713	0.815	-0.080	-0.579	-0.269	0.155	2.753	1.072	0.245	0.331	0.922	1.118	1.613	-0.300
Bvulgatus_CL09T03C04	HMPREF1058_RS03245	HMPREF1058_RS03245		thiamine phosphate synthase	-1.373	-2.613	-0.667	-0.883	-1.553	-2.251	-2.920	-2.897	-2.242	-1.915	-2.763	-2.622	-1.989	-2.043	-2.332	-2.242	0.093	-0.081	-1.930	-2.141	-2.033	-2.050
Bvulgatus_CL09T03C04	HMPREF1058_RS03250	HMPREF1058_RS03250		hypothetical protein	0.011	0.125	-0.381	0.710	0.498	-0.249	0.717	2.099	-0.340	-0.022	0.256	2.056	0.135	-0.339	-0.591	0.781	-0.331	-0.515	-0.523	-0.172	1.267	-0.111
Bvulgatus_CL09T03C04	HMPREF1058_RS03255	HMPREF1058_RS03255		glutathionylspermidine synthase family protein	-0.085	0.802	-0.037	-0.773	2.196	2.819	1.520	1.658	-0.356	1.197	0.459	1.684	0.160	0.819	2.113	1.055	0.963	1.419	2.215	0.203	1.549	1.017
Bvulgatus_CL09T03C04	HMPREF1058_RS03260	HMPREF1058_RS03260		HesA/MoeB/ThiF family protein	-10.199	-9.580	-2.596	-7.469	-7.004	-8.836	-8.092	-10.025	-10.459	-9.334	-9.088	-7.167	-6.071	-9.251	-4.575	-3.973	-0.040	-1.909	-9.282	-12.002	-7.820	-7.329
Bvulgatus_CL09T03C04	HMPREF1058_RS03265	HMPREF1058_RS03265		2-iminoacetate synthase ThiH	-11.258	-13.537	-7.336	-7.102	-8.554	-9.437	-9.913	-10.870	-11.166	-13.203	-9.657	-11.138	-9.857	-11.060	-6.794	-7.446	0.651	-1.045	-13.584	-12.080	-9.901	-9.175
Bvulgatus_CL09T03C04	HMPREF1058_RS03270	HMPREF1058_RS03270		flavodoxin family protein	-1.154	-2.420	-0.988	-2.013	-0.215	-1.751	-1.917	-3.023	-0.911	-2.576	-1.444	-1.698	-1.495	-1.933	-1.270	-1.415	0.706	0.288	-2.583	-1.180	-2.877	-3.007
Bvulgatus_CL09T03C04	HMPREF1058_RS03275	HMPREF1058_RS03275		hypothetical protein	-1.966	-1.340	0.849	1.642	-1.061	-1.279	-1.134	-1.126	-2.953	-1.366	-1.720	-1.228	-2.229	-2.261	-2.851	-2.318	-0.559	-0.694	-2.581	-1.027	-1.817	0.136
Bvulgatus_CL09T03C04	HMPREF1058_RS03280	HMPREF1058_RS03280		phosphomethylpyrimidine synthase ThiC	-9.090	-9.472	-5.652	-5.873	-6.117	-5.360	-9.159	-10.682	-13.246	-13.011	-8.646	-8.414	-9.894	-7.156	-1.753	-2.231	0.477	-1.859	-10.240	-9.529	-8.590	-7.343
Bvulgatus_CL09T03C04	HMPREF1058_RS03285	HMPREF1058_RS03285		thiazole synthase	-7.865	-6.289	-3.776	-3.957	-4.795	-6.070	-5.971	-5.631	-7.183	-8.262	-5.465	-4.988	-5.847	-5.979	-3.192	-3.607	-0.415	-0.946	-7.596	-8.361	-4.242	-7.316
Bvulgatus_CL09T03C04	HMPREF1058_RS03290	HMPREF1058_RS03290		thiamine phosphate synthase	-2.062	-3.705	-1.901	-2.215	-2.711	-3.025	-3.157	-4.816	-3.541	-3.191	-2.584	-4.218	-3.478	-1.802	-1.966	-2.392	0.245	-0.889	-4.491	-3.911	-1.656	-3.398
Bvulgatus_CL09T03C04	HMPREF1058_RS03295	HMPREF1058_RS03295		sulfur carrier protein ThiS	-2.062	-1.364	-0.765	-0.436	-1.418	-1.379	-1.738	-1.260	-1.430	-1.642	-1.927	-1.406	-1.470	-2.217	-1.354	-1.170	0.138	-0.445	-0.281	-1.856	-1.540	-2.127
Bvulgatus_CL09T03C04	HMPREF1058_RS03300	HMPREF1058_RS03300		superoxide dismutase	2.150	1.096	2.150	1.287	3.310	0.403	0.930	1.187	0.805	-0.017	1.727	1.736	3.276	1.689	1.855	0.627	2.253	0.575	1.577	1.033	1.432	1.761
Bvulgatus_CL09T03C04	HMPREF1058_RS03305	HMPREF1058_RS03305		UvrD-helicase domain-containing protein	-3.134	-3.329	-0.005	0.658	-2.250	-0.368	-2.022	-2.540	-1.608	-2.749	-2.849	-2.673	-4.172	-2.242	-1.223	-0.504	-1.397	0.647	-1.677	-1.306	-2.472	-2.434
Bvulgatus_CL09T03C04	HMPREF1058_RS03310	HMPREF1058_RS03310		carboxynorspermidine decarboxylase	-6.455	-7.334	-4.478	-4.272	-5.537	-5.137	-6.407	-8.939	-7.952	-5.852	-8.305	-8.924	-7.535	-7.936	-2.519	-2.569	-1.451	-1.103	-8.927	-9.609	-5.113	-8.245
Bvulgatus_CL09T03C04	HMPREF1058_RS03330	HMPREF1058_RS03330		glutamine synthetase	0.504	0.967	1.260	1.038	0.569	1.070	-1.270	-0.423	1.894	0.615	-0.013	1.609	-0.047	0.938	2.630	0.551	1.749	-0.731	0.920	1.405	2.614	0.566
Bvulgatus_CL09T03C04	HMPREF1058_RS03335	HMPREF1058_RS03335		bifunctional GNAT family N-acetyltransferase/carbon-nitrogen hydrolase family protein	0.528	0.041	-0.242	0.322	2.527	2.076	-0.000	1.388	2.198	1.301	0.007	0.419	-0.552	0.052	1.106	0.609	0.155	0.355	1.586	2.592	0.647	0.586
Bvulgatus_CL09T03C04	HMPREF1058_RS03340	HMPREF1058_RS03340		PAS domain-containing protein	1.896	1.109	1.050	2.073	1.650	0.467	1.916	0.978	1.734	0.355	1.506	0.928	-2.297	-1.426	1.437	1.036	1.969	0.685	1.170	-0.348	0.335	1.677
Bvulgatus_CL09T03C04	HMPREF1058_RS03345	HMPREF1058_RS03345		sigma-54-dependent Fis family transcriptional regulator	0.046	1.514	0.328	-0.598	0.624	0.101	-0.099	-0.322	-0.370	-0.919	0.275	0.905	-0.931	0.826	0.177	0.383	0.366	0.343	0.448	0.212	1.226	1.248
Bvulgatus_CL09T03C04	HMPREF1058_RS03350	HMPREF1058_RS03350		TolC family protein	2.467	0.882	-0.756	-1.767	-0.025	-0.001	0.243	0.548	-0.575	-0.494	1.563	1.528	0.060	0.608	-0.808	-0.058	0.212	0.164	0.592	-0.037	0.746	-0.945
Bvulgatus_CL09T03C04	HMPREF1058_RS03355	HMPREF1058_RS03355		efflux RND transporter periplasmic adaptor subunit	1.671	-0.710	0.771	0.978	-1.727	-1.236	0.750	0.458	0.590	0.395	0.234	-0.482	0.759	0.735	-0.780	0.397	-1.145	-2.252	0.863	-0.006	1.187	0.209
Bvulgatus_CL09T03C04	HMPREF1058_RS03360	HMPREF1058_RS03360		ABC transporter ATP-binding protein	1.016	1.104	-0.554	1.287	0.484	-0.452	-0.383	1.181	-0.053	-0.068	-0.229	0.683	1.221	0.476	-0.563	-0.032	0.965	-0.229	-0.172	-0.850	0.002	0.248
Bvulgatus_CL09T03C04	HMPREF1058_RS03365	HMPREF1058_RS03365		ABC transporter permease	1.301	1.170	-0.171	-0.909	0.091	1.159	0.079	0.366	1.732	0.645	0.360	-0.572	-0.274	0.356	1.758	-0.295	0.482	-0.189	0.445	1.106	2.510	1.762
Bvulgatus_CL09T03C04	HMPREF1058_RS03370	HMPREF1058_RS03370		transcriptional regulator	0.641	0.877	0.108	0.903	0.674	2.457	0.690	0.015	0.659	-0.847	-0.801	1.173	1.731	1.236	1.947	1.016	-0.873	-0.790	0.422	0.779	2.379	1.574
Bvulgatus_CL09T03C04	HMPREF1058_RS03375	HMPREF1058_RS03375		lipopolysaccharide biosynthesis protein	0.553	1.859	0.951	0.410	-0.441	0.486	0.150	1.419	0.725	0.815	1.120	0.693	0.686	-0.793	0.435	0.453	1.201	0.488	1.179	-0.672	1.656	2.208
Bvulgatus_CL09T03C04	HMPREF1058_RS03380	HMPREF1058_RS03380		DegT/DnrJ/EryC1/StrS family aminotransferase	1.408	0.656	1.018	0.323	-0.003	0.579	0.988	0.925	0.823	-0.471	-0.517	1.403	1.034	-0.629	1.233	0.476	0.333	0.150	-0.577	-0.659	-0.370	0.644
Bvulgatus_CL09T03C04	HMPREF1058_RS03385	HMPREF1058_RS03385		ATP-grasp domain-containing protein	0.855	-1.404	1.624	0.678	-0.487	-0.083	-0.152	0.360	-0.889	-0.162	1.169	-0.393	-1.039	1.262	1.096	-2.179	-0.032	-1.112	-1.126	0.218	1.680	0.234
Bvulgatus_CL09T03C04	HMPREF1058_RS03390	HMPREF1058_RS03390		GNAT family N-acetyltransferase	0.862	0.875	2.194	1.192	3.545	2.742	0.498	0.776	0.929	1.866	0.168	1.072	0.717	2.762	0.945	-0.257	0.996	0.449	-0.585	-0.751	2.314	0.239
Bvulgatus_CL09T03C04	HMPREF1058_RS03400	HMPREF1058_RS03400		long-chain fatty acid--CoA ligase	1.773	1.892	2.448	0.961	1.643	1.253	-0.317	1.607	1.358	0.593	0.185	1.423	0.144	1.077	0.542	0.409	-0.686	-0.088	0.556	-0.145	3.269	0.727
Bvulgatus_CL09T03C04	HMPREF1058_RS03405	HMPREF1058_RS03405		SDR family oxidoreductase	-0.288	-0.046	0.257	-0.611	2.055	0.279	-0.404	0.055	0.344	-0.263	0.115	-0.021	-0.223	1.078	0.199	-0.490	0.562	0.005	1.153	2.221	0.653	-1.620
Bvulgatus_CL09T03C04	HMPREF1058_RS03410	HMPREF1058_RS03410		hypothetical protein	1.587	1.318	0.343	0.454	-0.515	1.762	-0.155	0.412	1.386	-0.668	1.683	1.303	1.266	1.318	0.565	0.742	-0.514	-0.158	-0.806	0.940	1.949	1.034
Bvulgatus_CL09T03C04	HMPREF1058_RS03415	HMPREF1058_RS03415		glycosyltransferase family 4 protein	1.842	0.165	1.404	-0.349	-0.894	1.368	1.446	1.461	1.219	1.371	1.001	0.937	-0.044	0.461	0.190	-0.527	0.353	0.684	1.333	1.641	1.568	0.048
Bvulgatus_CL09T03C04	HMPREF1058_RS03420	HMPREF1058_RS03420		O-antigen ligase family protein	1.827	0.983	1.002	1.920	0.736	0.757	-0.370	0.720	1.112	2.018	1.023	0.745	0.945	0.275	1.229	1.448	0.717	1.845	0.662	1.323	-0.211	0.059
Bvulgatus_CL09T03C04	HMPREF1058_RS03425	HMPREF1058_RS03425		glycosyltransferase family 4 protein	0.334	-0.705	-0.241	-1.003	0.214	0.876	0.131	-0.484	0.318	0.022	-0.065	0.071	0.816	-1.339	-0.515	0.398	-0.539	-1.190	-1.299	1.778	1.404	-0.614
Bvulgatus_CL09T03C04	HMPREF1058_RS03430	HMPREF1058_RS03430		N-acetylmuramoyl-L-alanine amidase	-0.401	0.294	-0.193	-0.571	-0.133	0.048	0.197	-1.481	0.148	-0.354	-0.418	-0.226	-0.269	0.742	0.889	-0.089	-1.659	-0.760	0.330	0.894	0.718	-0.642
Bvulgatus_CL09T03C04	HMPREF1058_RS03435	HMPREF1058_RS03435		DNA-binding protein	0.032	1.192	-0.653	-1.827	-1.003	-0.035	0.881	-0.300	-0.000	0.121	-0.350	-0.183	0.523	1.301	-0.224	-0.044	0.100	-1.224	1.975	1.069	0.815	-0.393
Bvulgatus_CL09T03C04	HMPREF1058_RS03445	HMPREF1058_RS03445		hypothetical protein	0.617	1.687	2.035	-0.709	2.960	2.577	-0.001	1.913	1.124	-0.428	1.882	1.426	0.040	0.791	2.109	1.728	1.038	3.642	1.687	0.681	0.959	-0.466
Bvulgatus_CL09T03C04	HMPREF1058_RS03450	HMPREF1058_RS03450		hypothetical protein	-0.474	-0.152	-0.030	-1.135	0.373	0.439	0.420	-0.326	-0.140	0.060	0.032	0.594	-0.743	-0.667	0.750	-0.665	1.228	-0.007	0.449	0.173	1.278	-1.406
Bvulgatus_CL09T03C04	HMPREF1058_RS03455	HMPREF1058_RS03455		hypothetical protein	-1.310	0.445	2.319	1.359	0.554	0.802	1.014	0.159	0.900	1.203	0.857	0.160	-0.634	2.980	0.448	1.052	0.212	1.458	-0.951	2.378	1.106	0.036
Bvulgatus_CL09T03C04	HMPREF1058_RS03460	HMPREF1058_RS03460		Coenzyme F420 hydrogenase/dehydrogenase, beta subunit C-terminal domain	0.365	0.809	2.639	0.193	0.112	1.343	-0.265	1.580	0.847	1.494	2.233	0.170	-0.323	0.719	-0.243	0.317	0.398	0.061	-0.070	-0.794	-0.283	0.841
Bvulgatus_CL09T03C04	HMPREF1058_RS03465	HMPREF1058_RS03465		polysaccharide pyruvyl transferase family protein	0.730	1.194	0.034	0.161	-0.435	-0.270	-0.916	0.473	-1.944	1.034	-1.292	-0.545	0.939	-0.585	-0.076	-1.178	-0.815	-0.606	0.628	-0.269	0.254	0.035
Bvulgatus_CL09T03C04	HMPREF1058_RS03470	HMPREF1058_RS03470		glycosyltransferase	-2.494	1.054	-0.599	0.609	-0.719	-1.263	1.832	-1.628	0.133	1.174	0.466	1.044	-0.846	0.495	0.276	-0.275	0.153	0.442	-0.461	-0.558	2.225	-0.319
Bvulgatus_CL09T03C04	HMPREF1058_RS03475	HMPREF1058_RS03475		radical SAM protein	-0.903	-0.809	-0.646	-0.392	-0.132	-0.351	-2.667	0.321	-0.745	-0.462	-0.604	1.176	-0.142	-0.390	-0.628	-0.440	0.241	-0.110	-0.112	-2.081	0.949	-1.651
Bvulgatus_CL09T03C04	HMPREF1058_RS03480	HMPREF1058_RS03480		ATP-binding protein	1.914	1.089	0.935	0.985	2.951	1.406	-0.093	-0.873	0.737	0.098	0.578	0.552	0.959	-0.388	0.851	0.349	0.449	1.139	0.552	1.509	1.039	0.969
Bvulgatus_CL09T03C04	HMPREF1058_RS03485	HMPREF1058_RS03485		RloB domain-containing protein	-1.067	-0.727	1.160	2.409	2.372	1.485	-0.213	0.258	-0.581	-0.094	-0.765	-0.338	-1.239	-0.667	-0.039	-0.980	-1.365	-0.703	0.491	-0.299	1.302	0.942
Bvulgatus_CL09T03C04	HMPREF1058_RS03490	HMPREF1058_RS03490		glycosyltransferase family 4 protein	-0.067	-1.275	0.473	0.251	1.361	1.276	0.024	-0.876	-0.718	-1.980	-0.218	-0.352	0.287	-0.581	-0.310	-0.419	0.227	-0.607	-2.525	-1.835	0.855	-1.078
Bvulgatus_CL09T03C04	HMPREF1058_RS03495	HMPREF1058_RS03495		YjbH domain-containing protein	-0.546	0.191	-0.724	-0.275	1.228	2.320	0.473	-0.452	1.007	1.254	-0.702	0.166	1.022	0.464	-0.733	-1.262	-0.492	0.453	1.403	2.337	0.039	-0.004
Bvulgatus_CL09T03C04	HMPREF1058_RS03500	HMPREF1058_RS03500		DEAD/DEAH box helicase	-1.429	0.802	2.749	0.361	0.307	-0.295	1.596	0.220	0.735	1.185	0.684	-1.733	-0.979	0.270	0.674	1.325	0.859	0.977	-0.108	0.916	2.426	0.815
Bvulgatus_CL09T03C04	HMPREF1058_RS03505	HMPREF1058_RS03505		TIGR03905 family TSCPD domain-containing protein	0.537	-0.225	-0.015	1.440	0.663	3.675	-0.175	-1.238	-0.479	0.718	0.267	1.060	1.276	0.348	1.126	1.353	-0.600	-1.977	-1.245	-0.825	0.728	0.995
Bvulgatus_CL09T03C04	HMPREF1058_RS03510	HMPREF1058_RS03510		YebC/PmpR family DNA-binding transcriptional regulator	-7.007	-7.622	-2.897	-3.370	-4.300	-5.279	-8.863	-6.331	-7.564	-7.474	-6.670	-6.083	-8.462	-8.254	2.766	-1.960	-0.347	-0.334	-7.019	-4.980	-4.515	-4.336
Bvulgatus_CL09T03C04	HMPREF1058_RS03530	HMPREF1058_RS03530		PD-(D/E)XK nuclease family protein	-1.786	-1.850	-0.796	-0.434	-1.646	-1.609	-2.068	-1.943	-1.682	-1.776	-1.908	-2.341	-1.908	-2.096	-2.241	-2.084	-1.213	-2.017	-1.728	-1.821	-1.548	-1.884
Bvulgatus_CL09T03C04	HMPREF1058_RS03535	HMPREF1058_RS03535		UvrD-helicase domain-containing protein	-2.269	-2.471	-0.965	-0.922	-1.953	-1.516	-2.411	-2.263	-2.045	-2.225	-2.246	-2.474	-1.040	-2.588	-2.371	-2.396	-2.409	-2.327	-2.126	-2.137	-1.747	-2.212
Bvulgatus_CL09T03C04	HMPREF1058_RS03540	HMPREF1058_RS03540		sensor histidine kinase	0.423	-0.029	1.706	1.140	-0.101	1.630	0.033	-1.446	-0.077	0.864	-0.493	0.177	-1.127	0.420	-0.579	-0.116	-2.322	-1.113	-1.702	-0.655	0.628	-0.441
Bvulgatus_CL09T03C04	HMPREF1058_RS03545	HMPREF1058_RS03545		sigma-54-dependent Fis family transcriptional regulator	-0.186	-1.521	-0.191	-1.267	0.675	-2.427	-1.986	-0.597	-0.185	-0.303	-1.103	-1.622	-4.899	-2.075	-2.448	-2.286	0.946	-2.646	-1.098	-1.205	-1.172	-2.113
Bvulgatus_CL09T03C04	HMPREF1058_RS03550	HMPREF1058_RS03550		AAA family ATPase	0.944	1.051	-0.174	0.692	-0.085	0.067	0.939	0.114	1.576	1.144	1.073	0.752	-0.705	0.707	0.803	-0.278	0.705	-1.368	0.559	0.238	0.401	-1.308
Bvulgatus_CL09T03C04	HMPREF1058_RS03555	HMPREF1058_RS03555		glutathione peroxidase	0.816	1.011	-0.426	0.251	1.030	1.193	0.947	1.739	0.535	-0.549	-0.372	-0.509	0.647	-0.545	2.019	-0.241	-0.100	2.127	-0.025	2.128	1.257	1.512
Bvulgatus_CL09T03C04	HMPREF1058_RS03565	HMPREF1058_RS03565		DUF3990 domain-containing protein	0.743	-0.443	0.590	1.568	1.219	1.609	2.063	1.061	1.703	2.054	-0.565	-0.003	0.676	-0.217	1.621	1.292	1.395	0.381	2.471	0.137	1.570	-0.157
Bvulgatus_CL09T03C04	HMPREF1058_RS03575	HMPREF1058_RS03575		DUF2442 domain-containing protein	1.183	1.119	0.128	1.327	0.583	-0.526	1.072	0.276	1.375	-0.634	0.723	1.154	0.455	3.339	2.191	1.470	-0.043	0.260	2.421	0.586	0.668	0.728
Bvulgatus_CL09T03C04	HMPREF1058_RS03580	HMPREF1058_RS03580		UpxY family transcription antiterminator	1.218	-0.569	-0.296	-1.191	1.721	1.966	-1.286	0.439	-0.347	-0.488	0.802	0.012	1.109	-0.704	0.871	0.557	0.448	0.226	0.455	-0.122	0.761	-0.401
Bvulgatus_CL09T03C04	HMPREF1058_RS03585	HMPREF1058_RS03585		hypothetical protein	-0.787	-0.833	-1.879	-0.901	0.327	1.464	0.665	-0.181	-2.105	0.133	0.754	0.789	-0.342	0.286	-0.400	-1.033	-0.028	-1.364	0.462	-0.079	0.275	-0.360
Bvulgatus_CL09T03C04	HMPREF1058_RS03590	HMPREF1058_RS03590		hypothetical protein	-0.186	-0.091	0.591	-0.660	2.275	3.262	0.386	-0.983	-1.698	0.552	-1.102	0.194	-0.790	-0.854	-0.668	0.319	0.374	-0.800	-2.470	-0.587	-0.601	-1.326
Bvulgatus_CL09T03C04	HMPREF1058_RS03595	HMPREF1058_RS03595		hypothetical protein	-0.957	-0.257	-1.698	0.437	1.130	1.449	0.010	0.353	-1.441	0.672	0.472	-0.403	-0.156	-1.164	0.000	0.892	-1.111	0.992	-1.170	0.011	-2.338	-0.678
Bvulgatus_CL09T03C04	HMPREF1058_RS03600	HMPREF1058_RS03600		oligosaccharide repeat unit polymerase	-0.259	1.273	-1.541	-1.446	1.437	2.790	-0.573	-0.153	0.512	-1.458	-1.028	0.312	-2.444	-1.992	-1.095	-3.187	-0.408	-0.485	-2.074	-1.391	-2.939	-0.604
Bvulgatus_CL09T03C04	HMPREF1058_RS03605	HMPREF1058_RS03605		glycosyltransferase family 2 protein	-0.955	1.213	1.361	1.554	1.452	3.168	1.760	1.140	0.626	2.829	-0.511	1.013	1.393	0.051	0.398	0.167	-0.645	1.477	-0.705	-0.028	-0.388	1.124
Bvulgatus_CL09T03C04	HMPREF1058_RS03610	HMPREF1058_RS03610		glycosyltransferase family 4 protein	1.977	1.005	0.195	-0.884	2.862	5.290	1.411	1.461	0.069	1.662	0.779	0.880	0.779	1.128	-0.143	1.835	-0.516	0.822	1.780	0.942	-0.435	0.349
Bvulgatus_CL09T03C04	HMPREF1058_RS03615	HMPREF1058_RS03615		glycosyltransferase	1.583	1.693	2.375	3.419	2.273	5.640	1.671	1.316	0.295	0.812	0.274	0.127	1.534	-0.379	-0.712	-0.678	0.757	0.898	0.149	-0.555	-0.584	0.007
Bvulgatus_CL09T03C04	HMPREF1058_RS03620	HMPREF1058_RS03620		glycosyltransferase	1.909	0.604	0.111	0.627	2.232	3.648	0.205	1.475	-0.139	-1.550	-0.437	0.006	0.261	0.114	0.178	-0.855	0.346	-0.036	1.029	-2.679	-2.386	0.167
Bvulgatus_CL09T03C04	HMPREF1058_RS03625	HMPREF1058_RS03625		polysaccharide pyruvyl transferase family protein	0.859	-0.127	0.284	0.330	2.835	2.200	0.368	-0.203	1.146	0.697	0.184	0.012	-2.625	-1.101	-2.510	-1.359	-0.379	-0.959	-0.488	-0.638	-0.034	-1.576
Bvulgatus_CL09T03C04	HMPREF1058_RS03630	HMPREF1058_RS03630		WecB/TagA/CpsF family glycosyltransferase	-0.423	-0.760	-0.359	-0.149	3.456	2.718	-0.741	-1.258	-0.750	-1.504	-1.359	-0.734	-0.999	-0.999	-0.679	-1.439	-2.077	-0.105	0.537	-1.184	-0.863	-2.508
Bvulgatus_CL09T03C04	HMPREF1058_RS03635	HMPREF1058_RS03635		YjbH domain-containing protein	-0.162	0.393	-1.965	0.716	0.880	0.801	-1.516	-2.138	-0.099	-0.716	0.669	-0.938	-0.210	-0.390	-0.089	0.233	2.422	-1.785	-0.490	-1.381	1.082	0.774
Bvulgatus_CL09T03C04	HMPREF1058_RS03640	HMPREF1058_RS03640		acyltransferase	0.264	-0.326	0.788	1.708	1.339	1.111	0.397	0.104	1.148	1.102	0.839	0.117	-0.422	2.626	-0.398	0.954	1.095	1.614	0.593	1.337	1.222	1.507
Bvulgatus_CL09T03C04	HMPREF1058_RS03645	HMPREF1058_RS03645		M3 family metallopeptidase	0.096	0.985	1.398	0.121	-0.349	0.427	-1.168	0.084	-0.214	0.521	-1.353	-0.351	-0.437	0.301	-0.196	0.210	0.483	0.831	-0.542	-0.364	1.585	1.328
Bvulgatus_CL09T03C04	HMPREF1058_RS03650	HMPREF1058_RS03650		FtsX-like permease family protein	0.762	-0.140	0.396	1.205	-0.641	1.097	0.216	-2.327	-0.211	0.816	0.667	0.149	0.403	-0.301	-1.168	-0.960	0.222	0.284	-0.768	0.148	-1.431	0.342
Bvulgatus_CL09T03C04	HMPREF1058_RS03655	HMPREF1058_RS03655		ABC transporter ATP-binding protein	-0.937	0.231	-1.236	0.183	-0.869	-0.450	0.636	-1.426	0.583	0.226	-0.083	-0.142	-0.693	-1.877	-1.447	-0.122	-0.926	-0.750	0.823	0.438	-0.062	-0.452
Bvulgatus_CL09T03C04	HMPREF1058_RS03660	HMPREF1058_RS03660		ABC transporter permease	-0.156	0.992	-0.437	1.614	-1.242	1.230	1.388	0.940	-0.375	0.229	0.902	0.889	0.411	0.339	0.618	-0.400	0.222	0.550	0.214	0.464	2.274	2.037
Bvulgatus_CL09T03C04	HMPREF1058_RS03665	HMPREF1058_RS03665		ABC transporter permease	0.763	0.931	0.637	1.110	1.484	1.188	0.490	0.491	0.200	0.041	0.135	1.134	0.500	1.272	1.342	1.476	-0.625	0.736	0.819	0.287	1.953	0.097
Bvulgatus_CL09T03C04	HMPREF1058_RS03675	HMPREF1058_RS03675		hypothetical protein	1.081	-0.089	-1.000	0.470	1.503	0.725	0.271	1.227	1.896	0.767	-0.300	-0.318	1.944	-0.249	1.056	1.364	-0.837	0.191	1.656	0.455	0.687	0.667
Bvulgatus_CL09T03C04	HMPREF1058_RS03680	HMPREF1058_RS03680		gamma-glutamyl-gamma-aminobutyrate hydrolase family protein	0.433	0.305	1.354	1.797	-0.757	-2.406	-0.467	-0.114	0.516	-0.185	0.996	-0.660	0.253	0.206	-0.004	-0.373	-0.021	0.397	-0.262	0.870	0.193	0.111
Bvulgatus_CL09T03C04	HMPREF1058_RS03685	HMPREF1058_RS03685		Fic family protein	-0.551	-0.142	0.064	0.754	0.950	0.387	0.196	0.704	0.251	-0.406	1.426	0.137	1.154	1.288	1.010	0.451	0.433	1.296	1.962	0.096	-1.543	0.160
Bvulgatus_CL09T03C04	HMPREF1058_RS03690	HMPREF1058_RS03690		helix-turn-helix transcriptional regulator	0.947	0.107	2.704	1.948	-0.217	-0.265	0.165	-0.641	0.570	0.151	0.614	0.701	1.473	-0.172	2.745	1.082	0.487	0.371	1.342	1.302	0.437	1.853
Bvulgatus_CL09T03C04	HMPREF1058_RS03705	HMPREF1058_RS03705		type II restriction endonuclease	1.091	0.276	0.006	1.231	1.773	-1.009	0.036	-0.003	1.810	0.011	0.459	0.549	1.633	1.237	0.277	-0.118	-0.323	0.479	-0.822	0.483	1.381	0.006
Bvulgatus_CL09T03C04	HMPREF1058_RS03710	HMPREF1058_RS03710		hypothetical protein	0.985	-0.219	1.136	1.530	4.307	1.682	0.197	-0.069	1.016	1.079	-0.192	0.294	0.884	2.815	0.350	0.469	0.482	-0.442	0.705	1.357	0.804	-0.191
Bvulgatus_CL09T03C04	HMPREF1058_RS03715	HMPREF1058_RS03715		RluA family pseudouridine synthase	-0.725	-1.217	0.593	-0.589	1.659	0.726	0.487	0.314	-0.007	1.095	0.370	0.221	1.562	-0.138	0.257	2.368	0.843	0.819	0.339	-1.380	-0.521	0.497
Bvulgatus_CL09T03C04	HMPREF1058_RS03720	HMPREF1058_RS03720		23S rRNA (uracil(1939)-C(5))-methyltransferase RlmD	3.477	2.957	0.578	-0.928	-3.774	-2.823	3.087	4.010	3.864	3.085	1.179	1.499	3.541	2.685	-1.102	-0.492	-0.587	-0.211	3.575	2.784	4.632	1.198
Bvulgatus_CL09T03C04	HMPREF1058_RS03725	HMPREF1058_RS03725		pyruvate, phosphate dikinase	-1.077	-3.153	2.570	2.543	1.110	0.291	0.036	0.003	-3.324	-1.578	-1.070	-0.133	1.226	-0.007	-0.262	-1.427	-1.022	1.778	-3.410	-1.213	0.343	0.771
Bvulgatus_CL09T03C04	HMPREF1058_RS03740	HMPREF1058_RS03740		S9 family peptidase	0.486	1.915	-1.066	-1.110	0.914	1.481	1.045	1.887	0.907	2.129	2.104	1.435	2.826	1.227	0.337	0.036	1.019	-1.050	1.624	0.601	-0.510	0.306
Bvulgatus_CL09T03C04	HMPREF1058_RS03755	HMPREF1058_RS03755		DUF3078 domain-containing protein	3.375	0.887	-1.622	-1.811	-2.595	-2.657	0.800	0.346	3.340	1.772	-2.623	-1.874	1.998	0.978	0.555	0.378	-0.186	-0.495	1.642	2.007	-0.447	-1.764
Bvulgatus_CL09T03C04	HMPREF1058_RS03760	HMPREF1058_RS03760		UDP-N-acetyl glucosamine 2-epimerase	-1.949	-4.005	-1.583	-1.277	0.404	2.044	-0.615	-0.823	2.087	2.480	-1.308	-0.895	0.100	-0.456	1.970	0.731	1.107	0.629	2.305	3.476	-0.904	-1.055
Bvulgatus_CL09T03C04	HMPREF1058_RS03765	HMPREF1058_RS03765		trimeric intracellular cation channel family protein	-4.117	-3.808	0.018	-3.216	0.246	-0.568	-0.588	-0.286	3.028	3.127	0.415	2.025	-2.531	-1.481	1.575	0.889	0.621	0.473	4.175	3.337	1.839	1.531
Bvulgatus_CL09T03C04	HMPREF1058_RS03770	HMPREF1058_RS03770		RNA polymerase sigma factor	-3.643	-3.307	1.618	1.457	0.846	-0.207	1.165	0.156	1.568	1.828	0.301	-0.917	-0.580	-1.112	4.288	1.439	1.206	0.544	1.088	1.273	2.654	1.188
Bvulgatus_CL09T03C04	HMPREF1058_RS03775	HMPREF1058_RS03775		biotin/lipoyl-binding protein	0.866	1.360	1.256	0.478	-1.172	-0.237	4.450	4.846	0.376	1.355	0.817	2.604	3.804	1.848	-0.884	0.799	-2.176	-0.518	0.067	1.487	1.876	3.033
Bvulgatus_CL09T03C04	HMPREF1058_RS03780	HMPREF1058_RS03780		DUF1460 domain-containing protein	0.392	-0.020	0.336	0.638	0.762	1.582	1.565	2.133	0.129	0.472	0.915	1.831	1.538	0.624	-0.263	0.849	0.426	0.367	1.253	0.076	2.317	1.180
Bvulgatus_CL09T03C04	HMPREF1058_RS03785	HMPREF1058_RS03785		monofunctional biosynthetic peptidoglycan transglycosylase	0.672	0.713	-0.711	-0.607	0.163	0.376	-1.063	-0.827	-0.518	-0.060	0.681	1.060	0.754	-1.046	0.426	1.204	-1.135	-0.279	-0.838	-0.236	1.275	0.933
Bvulgatus_CL09T03C04	HMPREF1058_RS03790	HMPREF1058_RS03790		OmpA family protein	-0.475	-1.565	2.145	1.948	-0.718	-0.483	0.985	1.477	2.402	-0.022	1.278	0.938	-2.895	0.496	0.841	1.254	-1.083	0.710	0.360	0.165	-0.641	0.029
Bvulgatus_CL09T03C04	HMPREF1058_RS03795	HMPREF1058_RS03795		MATE family efflux transporter	-1.065	1.043	-0.003	0.602	-1.650	0.383	0.110	-1.548	0.682	1.582	-0.026	-0.006	0.922	0.006	1.027	1.446	0.085	-0.356	2.466	-0.173	0.482	-0.074
Bvulgatus_CL09T03C04	HMPREF1058_RS03800	HMPREF1058_RS03800		serine hydroxymethyltransferase	-5.641	-5.833	-8.159	-7.670	-5.444	-6.282	-8.600	-6.989	-7.410	-7.847	-6.743	-9.289	-10.377	-8.586	-12.357	-11.452	-5.001	-6.895	-8.528	-7.974	-6.094	-7.909
Bvulgatus_CL09T03C04	HMPREF1058_RS03805	HMPREF1058_RS03805		PorT family protein	-1.345	-2.105	-2.345	-2.306	-0.341	-2.433	-1.824	-1.021	-0.901	-1.395	-2.143	-2.423	-0.891	-3.216	-0.000	-1.402	-1.412	-0.816	-0.234	-2.100	-0.809	-2.632
Bvulgatus_CL09T03C04	HMPREF1058_RS03810	HMPREF1058_RS03810		flavin reductase family protein	-0.215	0.393	-1.303	0.112	0.322	0.948	-0.315	-0.341	0.651	0.241	-0.816	-0.103	-0.474	0.960	0.417	1.232	1.377	0.470	0.062	1.408	-0.640	0.850
Bvulgatus_CL09T03C04	HMPREF1058_RS03830	HMPREF1058_RS03830		hypothetical protein	1.948	-0.009	0.233	1.825	-0.427	-1.012	0.330	0.950	-0.052	0.630	0.163	-0.575	-0.981	0.394	-0.114	1.247	-0.325	-0.675	-0.746	-0.462	0.092	0.490
Bvulgatus_CL09T03C04	HMPREF1058_RS03835	HMPREF1058_RS03835		AraC family transcriptional regulator	-0.836	-0.132	0.998	1.743	0.615	-0.469	-1.815	0.732	-0.404	-0.121	1.114	-0.680	0.008	0.874	1.792	0.433	-0.262	0.625	0.338	0.066	0.838	0.725
Bvulgatus_CL09T03C04	HMPREF1058_RS03840	HMPREF1058_RS03840		fructose-6-phosphate aldolase	0.200	1.701	0.837	0.514	-0.239	0.591	0.626	-0.056	-0.119	-0.829	0.659	-0.378	-0.139	1.374	0.343	0.619	0.202	-0.157	-1.709	1.763	2.335	0.867
Bvulgatus_CL09T03C04	HMPREF1058_RS03845	HMPREF1058_RS03845		ABC transporter permease	0.857	-0.868	0.828	0.513	0.529	-0.270	0.345	-0.316	0.005	1.298	-0.530	0.129	0.463	0.837	-0.618	0.320	0.193	0.218	0.355	0.155	-0.825	-0.524
Bvulgatus_CL09T03C04	HMPREF1058_RS03850	HMPREF1058_RS03850		ABC transporter permease	-0.336	0.564	-0.838	1.483	1.468	-0.101	0.340	0.194	-0.140	1.431	0.476	-0.584	-0.939	0.030	-0.283	-1.256	-0.255	-2.106	-0.680	1.650	-1.834	-0.305
Bvulgatus_CL09T03C04	HMPREF1058_RS03855	HMPREF1058_RS03855		ABC transporter ATP-binding protein	-0.053	0.072	1.142	1.231	-1.146	-0.035	1.378	0.108	-1.373	-0.121	2.014	0.587	1.205	1.350	-1.070	-1.121	-0.562	0.809	0.516	-0.656	-0.507	1.106
Bvulgatus_CL09T03C04	HMPREF1058_RS03860	HMPREF1058_RS03860		HlyD family efflux transporter periplasmic adaptor subunit	2.160	0.803	0.448	0.058	-1.665	0.857	1.279	1.044	-0.100	1.137	0.423	0.404	0.276	-0.643	-0.132	1.025	-0.374	0.373	-1.456	-1.353	0.841	1.503
Bvulgatus_CL09T03C04	HMPREF1058_RS03865	HMPREF1058_RS03865		TolC family protein	2.756	0.625	0.083	-1.979	-0.728	0.825	0.080	-0.509	0.919	0.072	0.017	0.839	1.856	0.512	1.350	0.490	-0.519	1.170	0.352	1.137	-0.280	0.895
Bvulgatus_CL09T03C04	HMPREF1058_RS03870	HMPREF1058_RS03870		TetR/AcrR family transcriptional regulator	1.122	-0.167	-0.061	0.457	-1.165	-0.693	-0.067	-1.013	-1.022	-0.278	-0.331	0.257	-1.635	-0.547	-2.113	1.215	-0.748	0.105	-0.023	-0.604	-0.203	-0.993
Bvulgatus_CL09T03C04	HMPREF1058_RS03885	HMPREF1058_RS03885		insulinase family protein	6.200	5.246	0.033	-0.028	-1.210	-0.692	1.962	-0.454	-1.763	-3.291	0.266	0.217	2.155	3.761	-0.477	0.324	0.970	-0.939	-2.686	-1.398	-1.208	0.091
Bvulgatus_CL09T03C04	HMPREF1058_RS03890	HMPREF1058_RS03890		phosphatidylinositol-4-phosphate 5-kinase	10.556	7.771	-5.678	-5.666	-8.082	-7.020	3.465	3.990	6.360	6.875	1.778	1.625	11.370	10.725	-0.069	-5.003	0.356	-1.291	6.383	7.160	4.779	2.462
Bvulgatus_CL09T03C04	HMPREF1058_RS03895	HMPREF1058_RS03895		inositol monophosphatase	-0.203	-1.758	2.200	-1.228	1.441	0.316	2.250	1.790	1.805	0.355	2.742	1.215	-0.324	-0.455	0.934	0.818	2.042	0.946	-0.638	-0.440	2.733	1.831
Bvulgatus_CL09T03C04	HMPREF1058_RS03900	HMPREF1058_RS03900		DUF2461 domain-containing protein	-0.832	-2.033	0.484	0.222	-0.247	0.668	-2.278	-1.022	-1.211	-0.713	-1.936	-2.052	-1.094	-0.605	1.252	0.862	0.135	-0.358	0.612	-0.340	-1.782	-1.821
Bvulgatus_CL09T03C04	HMPREF1058_RS03905	HMPREF1058_RS03905		YhcH/YjgK/YiaL family protein	-0.591	-1.025	-1.519	-2.362	0.087	-1.273	-1.118	-1.739	-1.634	-1.705	-1.150	-1.260	-1.546	-0.587	-1.976	-0.717	-0.790	0.585	-1.031	-1.331	-1.161	-1.456
Bvulgatus_CL09T03C04	HMPREF1058_RS03910	HMPREF1058_RS03910		alpha amylase C-terminal domain-containing protein	-5.494	-4.177	-1.250	0.569	-5.941	-4.719	-10.210	-10.512	-7.774	-6.553	-9.385	-9.893	-8.515	-5.784	-2.108	-2.937	1.509	0.993	-7.750	-9.043	-6.907	-12.070
Bvulgatus_CL09T03C04	HMPREF1058_RS03915	HMPREF1058_RS03915		hypothetical protein	2.135	-0.218	-1.312	0.075	0.951	-1.569	1.340	1.570	2.865	3.335	1.766	0.563	0.006	0.081	-2.952	-0.850	-0.835	-1.430	0.483	2.103	0.917	-0.008
Bvulgatus_CL09T03C04	HMPREF1058_RS03925	HMPREF1058_RS03925		ATP-binding cassette domain-containing protein	0.854	2.099	0.078	-1.238	1.018	0.733	0.990	0.399	-1.875	1.149	1.184	0.731	1.109	1.327	-0.847	-1.424	-0.783	0.061	0.958	1.284	0.876	-0.381
Bvulgatus_CL09T03C04	HMPREF1058_RS03930	HMPREF1058_RS03930		ABC transporter permease	0.900	0.022	0.093	0.267	1.776	-0.377	-0.070	1.556	1.690	0.076	-0.434	2.438	0.702	0.067	-0.161	1.790	1.002	1.716	0.101	0.330	3.728	0.076
Bvulgatus_CL09T03C04	HMPREF1058_RS03935	HMPREF1058_RS03935		hypothetical protein	-0.637	1.795	-0.807	1.619	1.448	1.986	1.001	0.797	-0.072	1.391	2.533	3.005	1.546	3.025	-0.238	2.393	0.767	3.133	1.745	0.721	0.006	1.746
Bvulgatus_CL09T03C04	HMPREF1058_RS03940	HMPREF1058_RS03940		Nif3-like dinuclear metal center hexameric protein	0.498	-1.318	2.146	2.789	2.088	3.850	1.742	0.805	2.382	3.395	2.243	1.106	0.788	1.999	0.913	2.089	0.480	1.777	3.892	3.360	2.012	3.658
Bvulgatus_CL09T03C04	HMPREF1058_RS03950	HMPREF1058_RS03950		type I restriction enzyme HsdR N-terminal domain-containing protein	-1.670	-3.147	0.722	0.583	-0.678	2.180	-2.750	-1.616	0.571	-0.725	-1.242	-1.374	-0.226	0.172	1.490	0.273	0.213	0.641	0.234	2.388	-1.656	0.727
Bvulgatus_CL09T03C04	HMPREF1058_RS03970	HMPREF1058_RS03970		dihydroorotate dehydrogenase electron transfer subunit	-1.681	-1.745	-0.766	-0.572	-1.541	-1.505	-1.855	-1.836	-1.628	-1.671	-1.788	-1.834	-1.992	-1.852	-1.943	-1.979	-2.066	-1.913	-1.622	-1.715	-1.445	-2.174
Bvulgatus_CL09T03C04	HMPREF1058_RS03980	HMPREF1058_RS03980		tRNA (guanosine(37)-N1)-methyltransferase TrmD	-0.626	0.016	-0.491	-0.442	-1.386	-1.316	1.318	0.740	-0.697	1.841	1.020	0.344	0.549	-1.735	-1.743	-1.744	-0.420	-0.747	0.204	0.255	-0.869	1.780
Bvulgatus_CL09T03C04	HMPREF1058_RS04005	HMPREF1058_RS04005		patatin-like phospholipase family protein	0.376	0.590	-0.314	0.047	0.301	-0.347	-1.933	-2.117	0.148	-0.595	-0.874	-0.959	0.485	-1.319	-0.137	-1.754	-0.664	0.837	-0.423	-0.833	0.030	-1.825
Bvulgatus_CL09T03C04	HMPREF1058_RS04010	HMPREF1058_RS04010		molecular chaperone HtpG	-2.298	-2.681	0.511	1.170	3.603	3.629	0.625	0.574	0.779	1.291	1.393	1.078	-0.290	-0.617	2.482	1.653	1.421	2.273	0.609	1.901	2.213	-0.158
Bvulgatus_CL09T03C04	HMPREF1058_RS04015	HMPREF1058_RS04015		ATP-dependent Clp protease ATP-binding subunit	-3.746	-4.157	-3.025	-2.795	-8.519	-7.856	-3.651	-4.286	-6.354	-8.242	-6.426	-5.554	-2.362	-3.533	-8.286	-9.428	-3.174	-4.572	-7.532	-8.410	-4.997	-4.953
Bvulgatus_CL09T03C04	HMPREF1058_RS04025	HMPREF1058_RS04025		hypothetical protein	5.486	6.093	-6.512	-5.535	-5.407	-8.148	0.318	-0.259	-2.027	-2.007	-2.413	-4.375	8.445	5.365	-2.312	-0.775	-0.162	-2.220	-0.488	-1.604	-3.328	-2.044
Bvulgatus_CL09T03C04	HMPREF1058_RS04030	HMPREF1058_RS04030		universal stress protein	2.108	0.417	1.457	1.786	0.910	1.595	0.135	0.003	-0.236	-0.634	0.151	1.035	1.131	2.727	0.401	1.506	-0.192	-0.617	0.638	1.162	0.982	0.496
Bvulgatus_CL09T03C04	HMPREF1058_RS04035	HMPREF1058_RS04035		hypothetical protein	-0.338	-1.727	-0.767	-0.525	-1.063	-1.511	-3.654	-2.602	-0.302	-0.325	1.149	0.552	0.079	-2.443	-1.283	2.643	0.207	0.492	-2.479	-0.280	-2.633	-0.630
Bvulgatus_CL09T03C04	HMPREF1058_RS04040	HMPREF1058_RS04040		phosphatase PAP2 family protein	1.594	1.963	-1.817	1.680	2.088	0.950	1.039	0.867	3.424	4.023	1.195	0.161	0.524	1.169	0.045	-0.655	0.402	1.125	2.357	3.071	0.548	2.193
Bvulgatus_CL09T03C04	HMPREF1058_RS04045	HMPREF1058_RS04045		tetratricopeptide repeat protein	-5.013	-6.047	-4.577	-4.056	-5.713	-5.474	-7.847	-6.376	-5.521	-5.904	-6.975	-6.336	-6.124	-7.287	-7.771	-7.696	-1.874	-4.080	-5.836	-6.205	-5.766	-7.235
Bvulgatus_CL09T03C04	HMPREF1058_RS04050	HMPREF1058_RS04050		protein BatD	-4.214	-3.636	-3.557	-1.819	-3.968	-2.457	-4.582	-5.930	-3.572	-3.538	-4.522	-5.090	-3.846	-3.913	-7.634	-7.439	-7.562	-6.870	-4.135	-2.687	-2.393	-2.763
Bvulgatus_CL09T03C04	HMPREF1058_RS04065	HMPREF1058_RS04065		VWA domain-containing protein	-2.973	-2.899	-1.307	-1.316	-2.655	-2.560	-2.602	-3.340	-2.526	-2.641	-3.171	-3.565	-2.303	-1.962	-3.397	-4.125	-0.187	-3.614	-2.396	-2.670	-3.112	-3.897
Bvulgatus_CL09T03C04	HMPREF1058_RS04070	HMPREF1058_RS04070		hypothetical protein	-5.134	-4.312	-2.388	-2.327	-4.604	-2.948	-4.442	-4.954	-4.148	-4.154	-3.248	-6.149	-4.327	-4.466	-6.024	-6.956	-5.179	-6.604	-3.088	-3.181	-4.201	-3.256
Bvulgatus_CL09T03C04	HMPREF1058_RS04075	HMPREF1058_RS04075		DUF58 domain-containing protein	-3.026	-3.091	-1.793	-1.788	-2.876	-2.840	-3.222	-3.726	-2.973	-3.019	-3.141	-4.453	-3.179	-4.134	-3.728	-4.641	-1.320	-4.679	-2.977	-3.072	-3.486	-3.148
Bvulgatus_CL09T03C04	HMPREF1058_RS04080	HMPREF1058_RS04080		AAA family ATPase	-4.181	-4.275	-2.569	-2.371	-4.008	-3.911	-3.372	-3.355	-3.120	-3.165	-5.035	-5.812	-5.222	-3.369	-3.464	-6.015	-5.002	-6.809	-4.126	-4.245	-2.919	-4.988
Bvulgatus_CL09T03C04	HMPREF1058_RS04085	HMPREF1058_RS04085		HU family DNA-binding protein	-2.122	-0.981	1.222	0.017	-0.420	1.141	0.984	1.013	0.320	2.666	2.209	1.244	2.067	1.253	1.724	2.064	-0.614	1.527	1.620	0.728	1.600	1.214
Bvulgatus_CL09T03C04	HMPREF1058_RS04090	HMPREF1058_RS04090		HU family DNA-binding protein	-0.509	0.155	0.819	-0.010	-0.297	-0.395	1.028	0.937	2.117	1.854	2.190	1.243	1.025	1.946	3.081	1.195	3.079	-0.773	0.608	1.299	2.010	1.900
Bvulgatus_CL09T03C04	HMPREF1058_RS04095	HMPREF1058_RS04095		30S ribosomal protein S12 methylthiotransferase RimO	2.795	2.731	1.332	0.974	1.736	-2.314	1.912	-0.569	5.550	3.008	0.466	1.687	1.656	2.519	2.066	-0.660	2.107	-0.186	4.167	3.069	1.057	0.846
Bvulgatus_CL09T03C04	HMPREF1058_RS04115	HMPREF1058_RS04115		CinA family protein	-2.982	-1.419	-1.056	-0.735	-1.582	-1.083	-2.436	-2.500	-0.925	-0.111	-0.930	-2.603	0.371	-0.628	-1.264	-2.645	-0.333	-1.329	-1.736	-0.766	-0.237	-1.427
Bvulgatus_CL09T03C04	HMPREF1058_RS04125	HMPREF1058_RS04125		type I methionyl aminopeptidase	-0.124	0.498	1.431	-0.521	0.410	0.489	-0.465	0.534	1.825	-0.514	-0.729	1.517	-2.478	0.797	0.796	2.007	-0.858	1.397	0.728	0.553	-0.083	-1.843
Bvulgatus_CL09T03C04	HMPREF1058_RS04130	HMPREF1058_RS04130		winged helix-turn-helix domain-containing protein	-0.179	-0.321	0.458	0.307	0.152	-1.309	-1.428	-0.134	-0.701	-0.702	-0.994	-2.159	-0.002	-0.770	0.449	-0.220	0.152	-0.757	-0.533	-0.606	-0.926	0.798
Bvulgatus_CL09T03C04	HMPREF1058_RS04135	HMPREF1058_RS04135		sugar O-acetyltransferase	1.731	0.042	0.706	-1.026	0.597	0.157	-0.236	1.156	0.072	0.557	0.305	1.108	0.109	0.296	-0.043	0.248	0.390	-0.438	-0.494	0.277	1.119	1.203
Bvulgatus_CL09T03C04	HMPREF1058_RS04140	HMPREF1058_RS04140		DMT family transporter	-0.890	2.035	-0.648	-2.007	0.702	0.294	-0.270	-0.310	-0.629	-1.002	0.404	-0.573	-1.014	0.671	0.350	-0.022	1.736	0.774	0.118	0.007	-0.168	0.884
Bvulgatus_CL09T03C04	HMPREF1058_RS04145	HMPREF1058_RS04145		glycine betaine ABC transporter substrate-binding protein	0.072	0.632	-0.822	-2.219	1.301	1.501	0.142	-0.439	1.553	-0.268	-1.342	1.587	1.371	-0.374	-0.412	0.001	0.282	-0.536	1.138	-0.054	1.011	-0.494
Bvulgatus_CL09T03C04	HMPREF1058_RS04150	HMPREF1058_RS04150		proline/glycine betaine ABC transporter permease	1.421	0.867	0.553	1.321	0.003	1.092	-0.104	0.781	0.747	0.370	0.340	-0.175	2.002	0.277	-0.339	0.783	0.598	2.000	0.246	0.194	1.221	-0.283
Bvulgatus_CL09T03C04	HMPREF1058_RS04155	HMPREF1058_RS04155		glycine betaine/L-proline ABC transporter ATP-binding protein	0.552	0.839	-0.258	0.248	0.099	-1.376	-0.865	0.773	0.662	0.088	-1.788	-0.346	2.748	1.173	-0.287	0.826	0.813	0.642	0.243	-0.162	-0.580	-0.593
Bvulgatus_CL09T03C04	HMPREF1058_RS04160	HMPREF1058_RS04160		sigma-54-dependent Fis family transcriptional regulator	1.172	0.480	1.437	0.844	-3.265	0.931	2.182	0.832	2.069	1.380	2.346	0.037	0.809	-0.298	-0.772	-0.714	-1.297	-0.979	-0.056	0.534	0.086	0.404
Bvulgatus_CL09T03C04	HMPREF1058_RS04165	HMPREF1058_RS04165		O-acetyl-ADP-ribose deacetylase	0.392	-0.439	2.509	0.596	1.466	0.846	0.589	0.183	-0.048	0.756	0.196	0.768	-0.696	-0.097	-0.312	-0.942	1.509	1.779	-0.181	-0.490	1.923	-0.360
Bvulgatus_CL09T03C04	HMPREF1058_RS04170	HMPREF1058_RS04170		potassium-transporting ATPase subunit KdpA	1.172	0.041	1.122	1.141	0.300	-0.690	0.712	0.298	-0.306	-1.216	0.546	-0.754	-0.634	-0.564	0.066	0.827	0.266	0.460	-0.815	0.072	-0.903	0.550
Bvulgatus_CL09T03C04	HMPREF1058_RS04175	HMPREF1058_RS04175		potassium-transporting ATPase subunit KdpB	-0.659	-1.157	0.670	-0.522	0.123	0.740	0.104	1.037	2.011	0.371	0.716	-0.072	-1.112	-0.658	0.067	-0.436	0.854	1.242	-0.713	0.511	-0.474	0.125
Bvulgatus_CL09T03C04	HMPREF1058_RS04180	HMPREF1058_RS04180		K(+)-transporting ATPase subunit C	0.884	0.857	-0.839	-1.496	-1.803	-0.498	-0.121	0.687	0.505	-1.509	0.327	0.082	-1.911	-1.122	-0.130	-1.024	1.599	0.574	-2.302	0.433	1.073	0.704
Bvulgatus_CL09T03C04	HMPREF1058_RS04185	HMPREF1058_RS04185		hypothetical protein	-0.211	-0.005	1.593	-0.355	-0.719	-0.831	0.184	-0.096	-0.519	1.002	0.292	0.791	1.019	1.616	0.724	1.362	0.750	0.361	0.065	0.552	1.951	0.183
Bvulgatus_CL09T03C04	HMPREF1058_RS04190	HMPREF1058_RS04190		HAD family hydrolase	-0.547	1.137	-1.827	-1.426	0.746	-0.634	-1.534	-0.720	1.126	-2.625	0.737	-1.648	1.183	-0.505	0.895	-0.524	-0.082	-0.340	0.447	-0.726	-0.377	0.621
Bvulgatus_CL09T03C04	HMPREF1058_RS04195	HMPREF1058_RS04195		chloramphenicol acetyltransferase	-0.203	0.081	0.006	0.029	1.757	1.148	0.449	0.493	-0.994	-1.699	-0.275	-1.427	-1.045	0.480	-0.089	0.244	-0.424	-2.037	-1.399	-0.803	-2.920	0.005
Bvulgatus_CL09T03C04	HMPREF1058_RS04200	HMPREF1058_RS04200		aspartate kinase	0.640	-0.174	-0.367	0.533	-0.027	0.457	-0.585	0.045	0.610	-0.844	-1.109	-0.117	-0.288	0.033	-0.258	-1.437	-1.955	-1.647	0.492	0.196	0.010	-0.160
Bvulgatus_CL09T03C04	HMPREF1058_RS04205	HMPREF1058_RS04205		bifunctional alpha,alpha-trehalose-phosphate synthase (UDP-forming)/trehalose-phosphatase	1.523	0.275	-0.726	-0.594	-0.553	0.415	-0.766	0.340	0.844	-0.100	0.134	0.372	-0.493	0.793	-0.059	0.254	-0.892	0.419	0.315	-1.743	0.300	-0.321
Bvulgatus_CL09T03C04	HMPREF1058_RS04210	HMPREF1058_RS04210		class A beta-lactamase, subclass A2	1.747	0.877	-0.510	-2.587	-0.601	0.698	1.560	0.601	0.765	0.008	-0.697	-0.098	0.810	1.930	0.304	-0.863	-0.114	-0.396	1.196	-0.010	-0.004	1.051
Bvulgatus_CL09T03C04	HMPREF1058_RS04215	HMPREF1058_RS04215		GNAT family N-acetyltransferase	0.732	1.742	-0.147	-0.990	0.914	1.118	0.633	1.614	1.736	-0.152	1.076	3.065	0.455	1.995	1.239	0.914	-0.206	0.113	1.346	0.071	0.915	1.110
Bvulgatus_CL09T03C04	HMPREF1058_RS04220	HMPREF1058_RS04220		class I SAM-dependent methyltransferase	1.077	-1.991	-0.448	0.044	0.715	0.602	-1.010	0.089	1.545	0.054	0.471	1.101	0.054	0.452	-0.170	0.573	-0.171	0.001	-0.369	-0.211	-0.191	2.907
Bvulgatus_CL09T03C04	HMPREF1058_RS04225	HMPREF1058_RS04225		helix-turn-helix transcriptional regulator	-0.011	0.471	-0.154	1.014	0.088	0.242	-0.111	-0.166	0.727	0.595	0.765	-0.369	-0.007	1.587	-0.035	-0.504	-0.937	0.102	1.713	0.791	0.789	0.455
Bvulgatus_CL09T03C04	HMPREF1058_RS04230	HMPREF1058_RS04230		pyridoxamine 5'-phosphate oxidase family protein	1.618	0.494	0.474	1.725	1.154	-3.633	-0.309	-3.107	0.885	0.342	0.502	-0.664	-1.765	-2.242	1.099	0.083	-0.732	-0.816	0.982	0.043	1.294	0.566
Bvulgatus_CL09T03C04	HMPREF1058_RS04235	HMPREF1058_RS04235		NUDIX hydrolase	-0.895	1.149	-1.484	-0.052	-0.267	-0.325	-0.440	-1.068	0.000	0.388	-1.308	-0.464	0.108	1.231	0.329	-0.345	1.258	-0.030	0.735	0.092	-0.222	-1.568
Bvulgatus_CL09T03C04	HMPREF1058_RS04240	HMPREF1058_RS04240		DUF5131 family protein	1.311	-0.766	0.986	0.398	-1.959	-1.714	-0.282	-0.459	0.900	1.352	0.807	1.598	0.237	1.157	0.843	0.688	-0.929	-1.224	0.363	-0.754	0.817	-0.617
Bvulgatus_CL09T03C04	HMPREF1058_RS04245	HMPREF1058_RS04245		hypothetical protein	2.787	1.741	-0.336	-0.805	-0.554	0.615	0.811	-0.514	0.385	-0.126	-0.668	0.045	1.554	0.893	0.361	0.148	0.106	1.016	-1.383	-0.576	0.221	0.974
Bvulgatus_CL09T03C04	HMPREF1058_RS04250	HMPREF1058_RS04250		sensor histidine kinase	1.059	-0.972	-2.096	-1.904	0.117	-1.110	0.335	1.295	-0.240	-0.004	-0.222	0.480	-0.877	-0.793	-0.706	-0.314	0.018	0.942	-2.183	0.551	1.105	-0.218
Bvulgatus_CL09T03C04	HMPREF1058_RS04255	HMPREF1058_RS04255		MgtC/SapB family protein	1.228	2.081	2.013	1.515	-0.236	1.921	0.202	0.637	-0.373	1.234	-0.000	1.892	1.399	2.356	1.552	0.234	1.020	1.624	1.423	-0.172	2.913	2.721
Bvulgatus_CL09T03C04	HMPREF1058_RS04260	HMPREF1058_RS04260		DNA recombination protein RmuC	-1.054	1.889	0.912	-1.484	-0.650	0.822	-0.722	0.380	-0.400	-0.082	-0.137	0.144	0.400	0.346	1.070	0.437	1.015	0.816	1.093	-0.203	-0.515	0.189
Bvulgatus_CL09T03C04	HMPREF1058_RS04265	HMPREF1058_RS04265		Cof-type HAD-IIB family hydrolase	-1.655	0.348	0.249	1.064	-0.168	0.188	1.902	1.599	1.347	2.673	0.422	0.474	-4.162	-1.056	0.862	0.473	1.700	1.256	-0.522	-0.773	0.190	-0.240
Bvulgatus_CL09T03C04	HMPREF1058_RS04270	HMPREF1058_RS04270		ferredoxin	2.742	0.351	-0.036	0.073	-1.471	1.062	0.518	0.961	0.410	0.655	0.340	-1.406	0.578	1.427	0.702	0.245	0.682	0.654	-0.437	1.119	2.141	0.765
Bvulgatus_CL09T03C04	HMPREF1058_RS04275	HMPREF1058_RS04275		RNA-binding protein	0.560	0.989	0.243	-0.245	0.990	-0.504	-1.537	-0.555	1.368	2.231	-0.873	1.094	0.270	1.338	0.984	0.790	1.277	1.445	1.057	1.466	2.191	-0.037
Bvulgatus_CL09T03C04	HMPREF1058_RS04280	HMPREF1058_RS04280		family 20 glycosylhydrolase	-0.429	-0.671	-0.094	-0.270	2.003	0.552	0.672	0.371	1.051	0.524	-0.005	0.269	1.570	0.253	0.104	0.452	-0.401	-0.221	0.705	0.012	0.342	-0.302
Bvulgatus_CL09T03C04	HMPREF1058_RS04285	HMPREF1058_RS04285		DMT family transporter	-2.165	-0.936	-0.462	-0.856	0.454	0.289	0.033	0.453	0.712	1.003	0.331	1.884	-1.204	-1.320	2.475	1.733	0.459	0.736	0.027	1.491	-0.701	0.424
Bvulgatus_CL09T03C04	HMPREF1058_RS04290	HMPREF1058_RS04290		DUF1015 domain-containing protein	7.619	8.265	-2.301	-2.537	-2.721	-2.167	6.171	4.103	3.412	2.214	2.482	1.298	13.843	10.399	-4.875	-1.985	-2.570	-1.669	-1.349	1.925	3.373	3.135
Bvulgatus_CL09T03C04	HMPREF1058_RS04295	HMPREF1058_RS04295		3-phosphoglycerate dehydrogenase	-3.140	-4.919	-4.029	-2.336	-4.043	-2.953	-4.428	-4.404	-3.088	-3.133	-4.320	-3.314	-3.301	-6.772	-6.131	-5.410	-6.381	-5.424	-5.326	-5.367	-4.884	-5.093
Bvulgatus_CL09T03C04	HMPREF1058_RS04300	HMPREF1058_RS04300		3-phosphoserine/phosphohydroxythreonine transaminase	-5.029	-3.267	-3.438	-2.393	-4.039	-3.015	-3.402	-6.077	-3.150	-4.238	-7.575	-6.576	-5.462	-6.122	-3.494	-3.504	-8.132	-3.432	-4.322	-3.250	-2.949	-3.325
Bvulgatus_CL09T03C04	HMPREF1058_RS04305	HMPREF1058_RS04305		DEAD/DEAH box helicase	-1.229	-0.025	-3.099	-2.207	-2.093	-2.483	-1.646	-2.366	-1.133	-0.860	-0.944	-0.230	-0.959	0.167	0.078	-0.448	0.671	1.690	-0.428	-1.916	0.233	0.269
Bvulgatus_CL09T03C04	HMPREF1058_RS04340	HMPREF1058_RS04340		hypothetical protein	2.486	0.742	-2.328	0.064	0.428	-0.204	-1.001	-0.505	-0.148	-0.048	1.978	0.320	-0.733	-0.392	-2.199	-1.107	-0.019	-0.167	-1.848	-0.320	0.180	-0.520
Bvulgatus_CL09T03C04	HMPREF1058_RS04345	HMPREF1058_RS04345		AAA family ATPase	0.252	-1.591	0.637	-1.566	1.186	2.004	0.431	1.298	0.889	-0.029	0.013	1.211	1.833	-0.250	0.055	0.173	1.192	0.042	-0.184	0.513	-0.035	1.283
Bvulgatus_CL09T03C04	HMPREF1058_RS04350	HMPREF1058_RS04350		C1 family peptidase	1.882	-1.444	1.736	-2.351	-0.844	1.782	0.427	0.264	-1.840	-1.966	-0.503	-0.741	1.138	-1.767	3.979	4.189	-0.144	1.015	-0.912	0.143	-0.518	1.243
Bvulgatus_CL09T03C04	HMPREF1058_RS04355	HMPREF1058_RS04355		sodium:proton antiporter	-0.177	0.467	-0.363	-2.560	-1.123	-0.353	0.408	-0.459	1.174	0.838	1.125	0.478	0.824	-1.599	-0.062	1.110	-0.998	-1.584	0.614	0.012	-0.606	1.217
Bvulgatus_CL09T03C04	HMPREF1058_RS04360	HMPREF1058_RS04360		DUF308 domain-containing protein	-0.250	-1.632	0.794	0.185	2.074	0.583	0.536	1.135	-1.397	1.588	2.250	2.317	1.126	0.050	1.185	1.685	1.010	0.981	-2.274	3.139	-0.079	0.186
Bvulgatus_CL09T03C04	HMPREF1058_RS04365	HMPREF1058_RS04365		translocation/assembly module TamB	-1.395	-6.795	-9.225	-9.267	-8.367	-7.347	-9.435	-11.260	-10.803	-12.343	-7.818	-9.184	-16.462	-7.526	-5.808	-3.420	-0.091	0.139	-13.931	-12.217	-12.066	-9.327
Bvulgatus_CL09T03C04	HMPREF1058_RS04370	HMPREF1058_RS04370		agmatine deiminase family protein	-5.244	-5.184	-3.730	-3.174	-4.046	-4.361	-6.125	-6.322	-5.260	-5.391	-5.075	-3.884	-6.028	-6.039	1.933	-1.167	0.691	1.007	-5.134	-4.752	-3.324	-5.367
Bvulgatus_CL09T03C04	HMPREF1058_RS04375	HMPREF1058_RS04375		carbon-nitrogen hydrolase	-3.205	-6.318	-8.526	-5.935	-7.448	-8.533	-7.987	-12.084	-8.377	-8.237	-8.127	-9.752	-6.648	-8.198	-8.879	-8.562	-4.178	-6.706	-8.853	-9.646	-10.715	-10.441
Bvulgatus_CL09T03C04	HMPREF1058_RS04380	HMPREF1058_RS04380		DUF4251 domain-containing protein	-0.645	-1.097	-0.374	-0.853	3.240	1.462	1.152	0.574	-0.039	-0.445	-0.103	1.097	0.531	0.751	1.859	0.999	0.659	2.158	-0.458	-0.209	1.537	0.788
Bvulgatus_CL09T03C04	HMPREF1058_RS04385	HMPREF1058_RS04385		methylated-DNA--[protein]-cysteine S-methyltransferase	0.969	1.072	0.640	0.566	-0.346	0.592	0.073	-0.035	0.531	1.589	1.010	-0.453	2.065	0.933	-0.072	0.844	-0.919	1.135	-0.638	-1.497	0.641	0.429
Bvulgatus_CL09T03C04	HMPREF1058_RS04395	HMPREF1058_RS04395		thioredoxin family protein	-0.684	0.297	0.400	0.988	-0.479	1.473	-0.567	0.991	-0.308	1.211	-0.807	1.252	0.974	0.127	1.022	1.331	0.860	-2.112	-0.111	0.480	-0.214	0.557
Bvulgatus_CL09T03C04	HMPREF1058_RS04400	HMPREF1058_RS04400		DUF2023 family protein	2.348	1.029	-1.950	0.565	-0.649	0.251	-0.769	-1.021	-0.320	2.238	0.526	-0.698	0.414	0.222	-2.696	0.158	0.124	0.795	-1.210	-0.710	-0.130	0.953
Bvulgatus_CL09T03C04	HMPREF1058_RS04405	HMPREF1058_RS04405		flavodoxin FldA	0.030	-0.469	1.424	1.191	1.467	-0.956	0.943	0.260	0.762	-2.181	1.543	-0.215	1.582	1.442	0.779	0.511	-0.061	0.379	1.241	0.742	1.442	0.167
Bvulgatus_CL09T03C04	HMPREF1058_RS04410	HMPREF1058_RS04410		porin family protein	-0.477	0.088	0.514	-0.126	0.371	1.177	0.741	-1.524	-0.452	1.868	1.096	1.959	0.067	0.652	0.340	-0.129	0.592	0.316	0.882	1.027	0.159	0.259
Bvulgatus_CL09T03C04	HMPREF1058_RS04415	HMPREF1058_RS04415		ion transporter	0.522	-0.214	-1.284	0.028	0.631	0.939	0.165	1.093	0.848	-0.583	0.702	1.097	-0.143	0.394	0.073	-0.728	1.361	0.092	0.018	-1.066	-0.532	1.372
Bvulgatus_CL09T03C04	HMPREF1058_RS04420	HMPREF1058_RS04420		PorT family protein	1.558	0.105	-1.857	-1.300	1.028	-0.159	-0.656	-0.146	0.581	0.901	-0.984	-0.001	2.200	0.669	1.428	0.669	1.229	1.049	-0.790	0.575	-0.682	-0.212
Bvulgatus_CL09T03C04	HMPREF1058_RS04425	HMPREF1058_RS04425		mechanosensitive ion channel	-0.507	-0.863	-1.069	0.390	-1.176	-1.844	0.000	1.162	1.215	0.616	0.158	-1.179	-0.224	-0.690	-0.052	-0.903	1.015	-0.818	0.903	0.254	1.125	0.626
Bvulgatus_CL09T03C04	HMPREF1058_RS04430	HMPREF1058_RS04430		alpha-1,2-fucosyltransferase	1.361	0.793	2.468	1.279	4.132	5.902	0.601	0.641	-0.257	-0.350	-0.461	0.270	1.696	1.214	0.400	0.283	1.675	0.680	1.664	0.006	0.530	1.162
Bvulgatus_CL09T03C04	HMPREF1058_RS04435	HMPREF1058_RS04435		hypothetical protein	-1.500	-1.818	-2.805	-1.525	1.827	0.771	-0.481	0.143	-0.508	0.437	-0.208	-1.015	0.998	0.463	-0.905	0.554	-0.266	0.396	-1.441	-0.879	0.483	-1.137
Bvulgatus_CL09T03C04	HMPREF1058_RS04440	HMPREF1058_RS04440		hypothetical protein	-0.159	-1.665	-1.239	-1.544	-1.481	-1.705	-1.696	-1.381	0.187	0.004	-2.846	-1.157	-2.433	-0.311	-0.331	-0.384	-1.616	-1.879	-1.420	-1.333	-0.745	-0.993
Bvulgatus_CL09T03C04	HMPREF1058_RS04445	HMPREF1058_RS04445		porin family protein	-0.260	-0.151	0.365	-0.149	0.164	1.367	0.631	0.809	-0.294	1.478	-0.422	-0.502	-0.726	0.201	-0.122	0.629	-1.171	0.079	0.193	-1.076	0.283	-0.486
Bvulgatus_CL09T03C04	HMPREF1058_RS04450	HMPREF1058_RS04450		OmpA family protein	-0.529	-2.217	0.922	1.023	-3.132	-3.161	-0.925	-1.085	-0.737	-1.675	-0.329	-0.565	-2.359	-0.963	-1.130	-0.298	-1.436	-0.971	-2.467	0.716	-1.278	-0.427
Bvulgatus_CL09T03C04	HMPREF1058_RS04455	HMPREF1058_RS04455		MIP family channel protein	0.042	-0.871	1.697	0.818	1.421	-1.178	-0.524	0.579	-0.562	0.537	0.148	0.001	0.540	-0.331	0.695	0.854	-0.263	-0.831	1.546	1.043	-0.707	-1.120
Bvulgatus_CL09T03C04	HMPREF1058_RS04460	HMPREF1058_RS04460		PepSY-like domain-containing protein	-0.208	0.924	0.152	-0.223	1.147	0.010	0.304	0.056	0.016	-1.413	0.047	0.233	-0.747	-0.675	-1.198	-1.435	-0.962	-1.319	0.365	-0.319	-0.623	-0.216
Bvulgatus_CL09T03C04	HMPREF1058_RS04475	HMPREF1058_RS04475		RagB/SusD family nutrient uptake outer membrane protein	0.020	-2.228	-4.009	-0.404	-0.975	-1.728	-1.738	-0.426	0.032	-2.498	-0.435	-0.182	-1.082	-2.299	-0.743	-1.570	-2.693	-0.912	-0.748	-0.619	-0.691	-2.367
Bvulgatus_CL09T03C04	HMPREF1058_RS04480	HMPREF1058_RS04480		TonB-dependent receptor	0.698	-0.666	-1.246	-1.709	-0.688	-0.453	-0.721	0.081	-2.781	-2.325	-0.125	-0.750	-2.157	-0.518	-0.946	-1.771	-0.921	-1.222	0.166	-1.773	-0.945	0.179
Bvulgatus_CL09T03C04	HMPREF1058_RS04485	HMPREF1058_RS04485		hypothetical protein	0.447	1.677	1.128	-0.253	-0.124	-0.854	0.886	0.384	0.532	1.324	0.791	1.441	0.354	1.297	0.478	-0.052	-0.851	-1.397	0.400	0.716	-1.412	0.876
Bvulgatus_CL09T03C04	HMPREF1058_RS04490	HMPREF1058_RS04490		energy transducer TonB	-0.118	-0.329	-1.316	-1.873	-0.927	-0.771	-0.932	-0.660	-0.999	-0.218	-2.407	-1.597	0.221	0.030	-1.694	-0.106	-1.027	-2.169	-0.463	0.738	-0.786	-0.488
Bvulgatus_CL09T03C04	HMPREF1058_RS04495	HMPREF1058_RS04495		serpin family protein	0.083	0.275	-0.028	-0.644	-1.156	-0.788	0.153	-2.385	-1.275	-1.048	-1.307	-0.810	-0.791	0.324	-1.731	-1.745	-0.964	-1.391	-1.245	-1.711	-0.538	-0.271
Bvulgatus_CL09T03C04	HMPREF1058_RS04500	HMPREF1058_RS04500		hypothetical protein	-1.195	0.849	0.847	0.166	0.106	-1.280	0.145	-0.373	0.422	0.096	0.123	-0.059	-0.474	0.467	0.204	1.160	-0.428	-3.420	-0.440	-0.192	-3.238	-0.802
Bvulgatus_CL09T03C04	HMPREF1058_RS04505	HMPREF1058_RS04505		type I restriction enzyme HsdR N-terminal domain-containing protein	-0.867	-0.929	0.293	0.277	-0.155	1.731	-0.867	-0.921	-0.640	-0.676	-1.679	-0.084	-0.213	-0.739	-1.433	-1.218	-2.434	-1.921	0.999	-1.842	-0.343	-0.850
Bvulgatus_CL09T03C04	HMPREF1058_RS04510	HMPREF1058_RS04510		hypothetical protein	0.326	-0.717	1.687	2.453	0.407	-1.804	-1.074	-0.195	-0.507	-0.228	0.000	-1.841	-1.141	-0.430	-1.646	-1.218	-2.055	-0.083	-0.410	-1.029	-0.323	-2.125
Bvulgatus_CL09T03C04	HMPREF1058_RS04515	HMPREF1058_RS04515		hypothetical protein	1.495	0.060	0.376	-0.417	-0.149	2.127	1.502	-0.415	2.620	0.708	-0.012	0.734	-0.078	-0.413	0.701	3.930	0.361	-0.242	1.307	1.013	0.408	2.369
Bvulgatus_CL09T03C04	HMPREF1058_RS04520	HMPREF1058_RS04520		hypothetical protein	0.054	0.023	-0.703	0.033	-1.472	-0.363	-0.227	0.407	-1.284	-1.377	0.156	-0.015	-0.652	0.434	-0.926	-1.588	-0.493	-0.667	-1.343	-1.607	-0.897	-0.383
Bvulgatus_CL09T03C04	HMPREF1058_RS04525	HMPREF1058_RS04525		hypothetical protein	-0.017	0.390	-0.942	0.190	0.563	-0.077	-0.064	0.702	0.331	0.180	-0.320	-1.594	0.185	0.333	0.736	-0.001	-2.370	1.659	0.441	-0.191	0.851	1.128
Bvulgatus_CL09T03C04	HMPREF1058_RS04530	HMPREF1058_RS04530		hypothetical protein	-0.059	1.881	-1.158	-0.043	1.449	0.000	-0.449	-1.367	0.523	-0.704	0.027	0.432	1.828	-1.107	-1.614	0.815	0.684	-0.997	0.788	-0.998	-0.494	-0.087
Bvulgatus_CL09T03C04	HMPREF1058_RS04545	HMPREF1058_RS04545		hypothetical protein	0.412	-0.479	0.256	0.305	0.264	-0.412	0.254	-0.128	-1.135	-2.160	-0.006	-1.290	-0.394	-0.590	0.061	-0.349	-0.515	-0.618	-1.913	-1.448	0.353	0.231
Bvulgatus_CL09T03C04	HMPREF1058_RS04550	HMPREF1058_RS04550		hypothetical protein	-0.767	-1.042	-0.511	0.667	-1.326	-1.438	-0.688	-1.378	-0.451	-0.892	-0.361	-1.239	-0.294	-0.649	-1.200	-1.338	-0.741	-1.243	-0.958	-0.868	-1.425	-1.629
Bvulgatus_CL09T03C04	HMPREF1058_RS04555	HMPREF1058_RS04555		YqaJ viral recombinase family protein	1.735	-0.954	1.540	1.842	-0.621	-0.492	0.603	0.758	-0.667	-2.461	-0.555	-0.206	0.713	-1.049	1.069	0.046	-0.580	0.469	0.949	0.647	1.606	-0.574
Bvulgatus_CL09T03C04	HMPREF1058_RS04560	HMPREF1058_RS04560		hypothetical protein	0.335	-0.388	0.883	0.126	0.604	-1.011	-0.293	0.003	-0.407	-1.479	-0.103	-0.147	1.044	-0.796	-1.110	-0.156	-0.325	-1.834	-1.237	-0.114	-0.338	-0.401
Bvulgatus_CL09T03C04	HMPREF1058_RS04565	HMPREF1058_RS04565		hypothetical protein	2.712	0.973	1.897	-1.429	-0.663	1.858	-0.424	0.300	0.437	-0.256	1.007	-0.452	0.109	0.638	0.832	0.653	1.739	-0.001	-0.968	1.766	0.404	1.736
Bvulgatus_CL09T03C04	HMPREF1058_RS04570	HMPREF1058_RS04570		DUF1351 domain-containing protein	1.392	0.930	0.288	-1.042	0.807	0.063	1.170	1.295	1.030	-0.560	-0.155	0.153	0.871	-0.350	1.911	1.372	0.165	0.424	1.695	1.578	0.849	1.245
Bvulgatus_CL09T03C04	HMPREF1058_RS04575	HMPREF1058_RS04575		hypothetical protein	1.326	-0.088	1.057	-0.786	2.277	-0.268	1.311	0.368	-0.720	-1.064	0.882	0.521	0.249	0.829	0.727	-0.663	-0.252	1.188	-1.389	0.564	0.830	0.906
Bvulgatus_CL09T03C04	HMPREF1058_RS04580	HMPREF1058_RS04580		hypothetical protein	-0.200	-0.795	-0.746	-1.017	-2.303	0.468	0.788	-2.219	0.365	1.235	0.154	0.754	0.815	-0.758	-0.430	-0.593	-1.401	0.473	0.075	-0.167	0.710	-0.527
Bvulgatus_CL09T03C04	HMPREF1058_RS04585	HMPREF1058_RS04585		hypothetical protein	0.477	1.003	-0.325	0.136	-1.351	-2.120	-0.556	-1.056	-1.856	-1.053	0.464	-2.439	-0.776	-0.478	-0.478	-0.962	1.118	0.430	-2.400	-0.085	-1.355	-1.682
Bvulgatus_CL09T03C04	HMPREF1058_RS04590	HMPREF1058_RS04590		DUF4494 family protein	-0.637	-2.241	-1.389	-0.252	-0.839	-0.460	0.994	-0.737	-0.255	-1.414	-0.252	-1.517	-1.214	-1.820	-0.890	-1.360	-1.035	-0.160	0.674	-1.909	-0.070	-0.878
Bvulgatus_CL09T03C04	HMPREF1058_RS04600	HMPREF1058_RS04600		hypothetical protein	-0.556	-0.020	-0.184	-0.889	0.257	0.191	-1.903	0.433	0.060	1.095	-0.500	-1.027	-0.902	-0.953	-0.493	0.125	-0.779	-0.675	-0.383	1.029	-0.389	0.232
Bvulgatus_CL09T03C04	HMPREF1058_RS04605	HMPREF1058_RS04605		HNH endonuclease	0.114	0.128	1.102	-0.929	-0.210	-0.317	0.122	1.198	-0.928	1.113	-0.499	0.264	2.124	-0.103	0.269	-0.211	-1.231	-0.201	0.699	1.802	0.834	-0.413
Bvulgatus_CL09T03C04	HMPREF1058_RS04610	HMPREF1058_RS04610		ATP-binding protein	-0.649	0.700	-0.399	-0.556	-1.077	-0.279	-0.857	-0.519	-3.211	-5.534	-2.589	-2.292	-2.315	-0.126	-2.631	-2.626	-1.479	-0.393	-0.705	-1.318	-2.224	-0.780
Bvulgatus_CL09T03C04	HMPREF1058_RS04615	HMPREF1058_RS04615		hypothetical protein	-0.393	0.003	0.563	0.991	0.452	-1.105	-1.994	-1.303	-1.358	-1.802	-2.528	-1.970	-0.672	-1.418	-0.945	-0.852	0.108	-0.519	-0.678	-0.831	-2.072	-1.228
Bvulgatus_CL09T03C04	HMPREF1058_RS04645	HMPREF1058_RS04645		type II pantothenate kinase	-2.098	-2.259	0.687	0.602	2.876	1.071	-0.100	-0.563	1.334	2.194	0.016	0.125	-0.674	-1.546	1.339	0.915	-1.651	-1.045	1.857	1.628	1.375	1.022
Bvulgatus_CL09T03C04	HMPREF1058_RS04650	HMPREF1058_RS04650		9-O-acetylesterase	-1.078	-1.848	-0.046	1.576	1.948	0.431	0.207	1.189	0.177	0.202	0.490	0.213	-0.932	-1.595	0.913	0.089	0.190	0.812	0.590	0.112	1.355	0.842
Bvulgatus_CL09T03C04	HMPREF1058_RS04655	HMPREF1058_RS04655		phosphatase PAP2 family protein	-1.241	1.355	-0.286	-1.679	-1.140	-0.598	1.837	2.245	2.797	1.816	1.075	2.224	1.039	1.408	1.434	1.309	0.694	1.428	2.406	3.471	1.296	2.695
Bvulgatus_CL09T03C04	HMPREF1058_RS04660	HMPREF1058_RS04660		response regulator	-6.240	-4.725	0.332	1.134	0.900	-0.229	1.037	2.255	6.574	6.491	1.376	0.925	-2.738	-3.968	1.421	0.501	-0.932	1.345	6.930	6.112	1.478	1.339
Bvulgatus_CL09T03C04	HMPREF1058_RS04665	HMPREF1058_RS04665		NigD-like N-terminal domain-containing protein	2.742	3.324	-3.780	-2.717	-0.408	-0.196	1.089	0.875	-0.683	-1.092	0.270	0.013	0.972	1.787	-0.913	0.614	0.784	-0.234	-2.938	-0.870	-0.467	0.149
Bvulgatus_CL09T03C04	HMPREF1058_RS04670	HMPREF1058_RS04670		fluoride efflux transporter CrcB	1.336	0.376	-0.061	0.103	0.434	0.414	-1.004	-1.376	-0.161	-1.535	-1.354	0.373	0.628	0.915	-0.423	-1.744	0.101	-0.267	-2.123	-0.501	-1.029	-0.558
Bvulgatus_CL09T03C04	HMPREF1058_RS04675	HMPREF1058_RS04675		amidophosphoribosyltransferase	1.804	0.391	-1.776	-1.061	-2.537	-1.368	-0.808	1.116	-4.497	-5.166	-1.468	-1.696	3.052	-1.236	-0.082	0.184	-0.207	-0.841	-4.656	-4.831	0.927	-1.276
Bvulgatus_CL09T03C04	HMPREF1058_RS04680	HMPREF1058_RS04680		peptidase T	-1.497	0.881	0.130	0.241	-1.886	-2.681	0.317	-0.875	1.900	0.508	0.492	-0.406	4.289	2.974	-2.860	-2.498	-1.433	-1.713	2.402	1.046	0.651	0.400
Bvulgatus_CL09T03C04	HMPREF1058_RS04685	HMPREF1058_RS04685		glycine cleavage system aminomethyltransferase GcvT	0.563	0.497	-2.865	-0.499	-1.636	-1.640	1.274	1.622	1.495	1.863	1.289	0.077	4.004	-0.305	-1.369	-2.157	-1.321	-0.555	1.048	1.090	0.939	1.065
Bvulgatus_CL09T03C04	HMPREF1058_RS04690	HMPREF1058_RS04690		cation:proton antiporter	-0.830	1.569	1.275	2.077	1.991	3.093	2.564	4.384	2.287	2.943	2.415	1.707	-1.763	-2.152	2.439	1.597	0.432	1.605	1.340	0.448	0.887	2.447
Bvulgatus_CL09T03C04	HMPREF1058_RS04695	HMPREF1058_RS04695		HIT family protein	-0.164	0.340	0.519	-0.226	0.730	1.234	0.681	0.896	0.302	1.400	1.971	0.767	0.193	-0.785	2.463	0.543	0.181	0.310	0.850	1.972	0.784	-0.788
Bvulgatus_CL09T03C04	HMPREF1058_RS04700	HMPREF1058_RS04700		RNA-binding S4 domain-containing protein	2.395	0.335	1.925	0.320	2.238	0.225	2.845	-0.283	-0.218	0.039	1.542	1.299	1.081	1.894	1.275	0.610	1.028	0.353	-1.391	0.838	1.604	1.661
Bvulgatus_CL09T03C04	HMPREF1058_RS04715	HMPREF1058_RS04715		PUR family DNA/RNA-binding protein	0.148	-0.705	-1.227	-1.116	-1.239	-2.584	0.363	-1.024	0.056	1.493	-1.285	0.585	0.096	-0.082	-1.764	1.338	-1.366	0.843	1.587	2.974	-1.473	0.457
Bvulgatus_CL09T03C04	HMPREF1058_RS04730	HMPREF1058_RS04730		YbbR-like domain-containing protein	-2.443	-1.626	-1.752	-1.567	-0.369	1.423	-2.381	-1.470	1.126	0.277	-1.368	-1.300	-1.051	-0.889	0.836	0.810	1.379	0.318	1.793	1.705	-1.168	-1.094
Bvulgatus_CL09T03C04	HMPREF1058_RS04740	HMPREF1058_RS04740		DUF5606 domain-containing protein	2.233	0.580	1.718	2.245	1.689	1.912	0.480	-0.207	0.992	-2.575	-1.423	-1.727	1.456	3.275	-0.955	-2.065	-0.557	-0.030	-0.842	0.091	-0.511	-0.345
Bvulgatus_CL09T03C04	HMPREF1058_RS04745	HMPREF1058_RS04745		helix-turn-helix domain-containing protein	0.715	-0.857	2.441	0.382	0.969	0.216	-0.903	0.557	-0.468	-0.805	0.784	0.503	-0.667	0.447	1.001	0.086	-0.251	-0.903	-0.369	0.983	0.465	0.522
Bvulgatus_CL09T03C04	HMPREF1058_RS04750	HMPREF1058_RS04750		hypothetical protein	0.119	-0.742	-1.102	0.485	-0.076	0.081	0.169	1.238	-0.252	-0.485	1.286	0.458	0.875	0.428	-0.116	0.339	-0.094	-0.120	-0.417	0.139	-0.016	1.365
Bvulgatus_CL09T03C04	HMPREF1058_RS04765	HMPREF1058_RS04765		hypothetical protein	-0.057	0.218	0.465	1.637	0.444	1.592	-0.131	0.533	2.549	-0.726	1.842	1.116	0.158	-0.418	-0.467	-1.163	0.208	0.773	-0.126	0.042	-0.464	0.403
Bvulgatus_CL09T03C04	HMPREF1058_RS04770	HMPREF1058_RS04770		hypothetical protein	-0.718	-0.547	-0.605	-1.742	-0.944	0.368	-0.543	-0.200	-0.231	-2.063	-0.916	-1.149	-2.061	-1.347	-1.809	-1.759	-0.073	-0.562	-0.293	-1.841	-1.362	-0.992
Bvulgatus_CL09T03C04	HMPREF1058_RS04775	HMPREF1058_RS04775		hypothetical protein	0.085	-0.525	0.285	0.884	0.418	-0.167	-0.109	-0.473	-1.066	0.872	0.734	0.061	-0.139	-0.203	-0.220	-0.452	1.240	-0.235	-0.952	-0.782	-0.539	1.372
Bvulgatus_CL09T03C04	HMPREF1058_RS04785	HMPREF1058_RS04785		DUF1266 domain-containing protein	-1.255	0.626	-1.601	0.952	0.486	-0.547	0.297	-0.896	-0.600	-0.375	0.016	-0.911	0.383	-0.296	0.006	0.502	0.457	0.511	-0.450	-0.903	0.841	-1.099
Bvulgatus_CL09T03C04	HMPREF1058_RS04790	HMPREF1058_RS04790		DUF1266 domain-containing protein	0.150	2.899	0.404	-1.261	-0.179	-1.043	1.084	1.023	0.735	-1.124	1.801	0.687	0.878	0.436	0.215	0.387	2.769	0.068	0.844	0.406	0.264	0.755
Bvulgatus_CL09T03C04	HMPREF1058_RS04795	HMPREF1058_RS04795		ankyrin repeat domain-containing protein	0.115	-0.732	-1.141	-1.221	-1.228	-0.995	-0.895	-0.372	2.237	1.278	-0.681	-1.074	-0.974	-0.138	-1.160	-0.197	-1.602	0.130	-0.352	-0.254	-1.490	1.069
Bvulgatus_CL09T03C04	HMPREF1058_RS04800	HMPREF1058_RS04800		ankyrin repeat domain-containing protein	-0.277	1.158	1.853	1.294	1.079	-0.100	-0.161	-0.648	-0.477	-0.969	-1.221	-0.049	0.301	-1.400	-0.308	-0.178	0.135	0.030	-1.190	1.091	0.659	1.380
Bvulgatus_CL09T03C04	HMPREF1058_RS04805	HMPREF1058_RS04805		hypothetical protein	-0.251	0.047	-0.415	-1.436	-0.693	0.185	-0.058	-1.148	0.684	-1.558	-0.773	-0.984	-1.016	0.213	-0.121	-0.711	-0.769	1.537	-1.365	-0.703	1.498	-1.355
Bvulgatus_CL09T03C04	HMPREF1058_RS04810	HMPREF1058_RS04810		hypothetical protein	-0.853	-2.125	-0.714	1.541	-0.793	-0.967	-0.161	0.220	-0.321	-0.442	-1.251	-0.523	-2.622	-1.745	-0.510	-0.884	0.511	-0.689	0.543	0.607	0.201	0.104
Bvulgatus_CL09T03C04	HMPREF1058_RS04815	HMPREF1058_RS04815		hypothetical protein	-1.414	-0.769	-0.189	-0.604	0.476	0.449	-0.722	1.044	-0.172	0.050	-0.380	0.198	-1.016	-2.109	-0.663	-0.519	-1.619	-0.384	-0.308	-0.967	0.751	1.671
Bvulgatus_CL09T03C04	HMPREF1058_RS04820	HMPREF1058_RS04820		hypothetical protein	-0.520	-1.557	-1.361	-1.117	-2.123	-0.953	0.470	1.159	0.717	-1.476	0.973	-0.991	-0.041	-3.082	-0.735	-0.422	0.716	-0.980	0.772	1.598	-1.141	-0.485
Bvulgatus_CL09T03C04	HMPREF1058_RS04825	HMPREF1058_RS04825		hypothetical protein	-0.659	-0.829	-1.692	-1.820	-0.127	0.411	-0.778	-0.538	0.475	0.797	-1.138	0.823	-1.724	-0.050	-0.595	0.124	-0.123	-0.389	0.304	0.931	-0.391	0.093
Bvulgatus_CL09T03C04	HMPREF1058_RS04830	HMPREF1058_RS04830		ankyrin repeat domain-containing protein	0.163	0.095	0.094	-0.390	1.149	-0.849	-0.289	-0.524	1.050	0.533	-0.875	-0.035	0.682	-0.155	0.203	0.029	0.153	0.321	0.127	-0.106	0.308	-0.995
Bvulgatus_CL09T03C04	HMPREF1058_RS04840	HMPREF1058_RS04840		DUF4261 domain-containing protein	-0.698	-1.948	0.148	-1.386	0.969	0.510	0.187	1.252	0.669	0.532	-0.837	-0.067	-0.346	-0.400	-0.475	0.556	0.945	-0.029	0.620	-0.918	1.114	0.751
Bvulgatus_CL09T03C04	HMPREF1058_RS04845	HMPREF1058_RS04845		hypothetical protein	-0.019	0.168	0.947	1.011	1.075	-1.354	0.080	0.103	1.798	1.032	-0.452	0.241	-0.844	-0.720	-1.357	1.532	0.651	-0.452	-1.630	-0.017	-0.232	-0.173
Bvulgatus_CL09T03C04	HMPREF1058_RS04850	HMPREF1058_RS04850		hypothetical protein	-0.459	0.167	0.505	1.741	0.505	-0.664	-0.333	-0.440	0.476	0.803	-1.012	-0.121	0.159	0.809	-1.031	-1.045	-1.162	-0.447	0.186	1.610	-0.142	-0.041
Bvulgatus_CL09T03C04	HMPREF1058_RS04855	HMPREF1058_RS04855		immunity 22 family protein	-0.526	-1.473	-3.048	-1.990	-1.060	-0.535	-1.241	-1.374	-0.102	0.255	-1.025	0.251	0.361	-1.469	0.002	-1.125	-0.261	0.059	-3.029	-0.822	0.388	1.108
Bvulgatus_CL09T03C04	HMPREF1058_RS04860	HMPREF1058_RS04860		hypothetical protein	0.328	0.515	-0.925	0.521	0.133	0.002	0.967	0.774	2.390	0.065	-0.909	0.719	2.056	-0.777	-0.028	0.619	0.051	-0.023	1.410	0.647	1.443	-0.269
Bvulgatus_CL09T03C04	HMPREF1058_RS04865	HMPREF1058_RS04865		hypothetical protein	-0.160	0.732	-3.130	-0.262	1.842	-1.348	0.102	-1.718	0.314	-0.170	0.388	-0.688	-2.271	-0.435	-0.328	-1.201	0.199	-0.760	-0.958	-0.684	0.089	1.244
Bvulgatus_CL09T03C04	HMPREF1058_RS04870	HMPREF1058_RS04870		RhsIA family immunity protein	1.213	1.231	0.935	1.188	0.080	-0.823	0.376	1.302	0.697	0.250	1.581	0.793	1.430	0.659	0.563	2.250	-0.077	1.248	-0.318	-0.394	0.511	-0.100
Bvulgatus_CL09T03C04	HMPREF1058_RS04875	HMPREF1058_RS04875		hypothetical protein	-1.173	-0.010	0.956	1.845	-0.722	-1.422	0.525	1.102	-0.714	1.023	-1.161	-0.242	0.019	-1.142	0.161	-0.443	-0.407	-0.219	0.114	0.705	-1.115	-0.203
Bvulgatus_CL09T03C04	HMPREF1058_RS04880	HMPREF1058_RS04880		SMI1/KNR4 family protein	0.346	-0.271	1.026	0.514	-0.507	-0.680	-0.392	-0.529	0.295	1.649	-0.015	-0.897	-0.510	-1.058	-0.703	0.827	0.314	-1.217	-1.027	0.692	-0.664	0.469
Bvulgatus_CL09T03C04	HMPREF1058_RS04885	HMPREF1058_RS04885		hypothetical protein	0.295	-0.072	-0.100	-0.004	-1.968	-0.172	0.422	0.668	0.661	-0.610	0.812	0.380	1.744	0.175	-0.090	-0.016	-0.098	-0.742	-0.678	0.152	-0.880	0.865
Bvulgatus_CL09T03C04	HMPREF1058_RS04890	HMPREF1058_RS04890		hypothetical protein	0.343	0.543	0.994	0.976	-0.390	0.113	-0.462	0.109	-1.275	0.967	-0.546	-0.256	-0.129	-0.059	0.084	-0.465	-0.644	-1.611	-0.881	0.149	-0.803	0.642
Bvulgatus_CL09T03C04	HMPREF1058_RS04895	HMPREF1058_RS04895		SMI1/KNR4 family protein	0.654	-0.457	1.492	1.093	-0.047	0.057	0.857	-0.140	-1.483	-1.126	-0.184	0.352	-0.153	0.470	-0.320	-0.896	-0.166	0.606	-1.133	-1.326	0.050	-0.392
Bvulgatus_CL09T03C04	HMPREF1058_RS04900	HMPREF1058_RS04900		ankyrin repeat domain-containing protein	-0.281	-2.935	-1.445	0.487	-0.158	-0.888	-0.995	-1.677	-0.006	-1.516	-1.067	-0.313	-1.005	0.143	0.845	-0.359	-0.152	-0.454	-1.572	-0.163	0.393	-0.845
Bvulgatus_CL09T03C04	HMPREF1058_RS04905	HMPREF1058_RS04905		hypothetical protein	-0.466	-0.400	-0.706	0.285	0.578	-1.496	-0.524	-0.633	-1.583	-0.244	-0.390	-0.741	-0.001	-1.057	-2.242	-0.814	-1.179	-1.033	-1.761	-1.106	-2.316	0.161
Bvulgatus_CL09T03C04	HMPREF1058_RS04910	HMPREF1058_RS04910		hypothetical protein	0.150	-1.671	-1.642	-1.925	-0.234	-1.474	-2.070	-2.412	0.624	-1.344	0.667	-3.466	-2.720	-1.484	-1.568	-1.166	-0.937	-1.221	-0.838	0.088	-1.619	1.125
Bvulgatus_CL09T03C04	HMPREF1058_RS04915	HMPREF1058_RS04915		hypothetical protein	-1.019	0.068	-0.219	-0.394	-0.372	-2.019	-0.172	-0.982	-0.728	0.514	-0.237	0.639	0.888	0.042	-1.035	-0.319	0.765	-0.915	-0.573	-1.660	-0.192	-0.447
Bvulgatus_CL09T03C04	HMPREF1058_RS04920	HMPREF1058_RS04920		hypothetical protein	-0.179	-1.596	1.256	0.713	0.677	-1.138	0.262	-1.288	-1.648	-0.000	-0.764	-1.386	1.346	-1.057	-0.402	0.309	0.533	0.013	0.251	-0.153	-1.567	-0.141
Bvulgatus_CL09T03C04	HMPREF1058_RS04925	HMPREF1058_RS04925		IS91 family transposase	-0.166	0.673	-0.072	0.183	1.146	-0.875	1.088	0.530	0.848	-1.035	0.127	0.790	-0.897	0.234	0.682	0.192	0.515	-0.354	-0.815	0.222	0.288	0.159
Bvulgatus_CL09T03C04	HMPREF1058_RS04930	HMPREF1058_RS04930		BatD family protein	-0.761	-1.468	-0.028	-0.448	0.960	0.339	0.402	-0.435	1.312	0.461	-0.148	-0.617	-1.510	-0.022	1.010	0.474	0.132	0.367	0.033	0.064	0.264	1.370
Bvulgatus_CL09T03C04	HMPREF1058_RS04935	HMPREF1058_RS04935		site-specific integrase	-0.921	0.692	-2.281	-1.221	0.140	-1.383	-0.911	0.079	-0.746	0.894	-1.343	-0.613	-0.685	0.577	-0.157	0.406	-0.622	-0.024	-2.175	-2.187	-1.129	-0.484
Bvulgatus_CL09T03C04	HMPREF1058_RS04940	HMPREF1058_RS04940		TetR/AcrR family transcriptional regulator	-1.508	-1.956	-0.965	0.119	-1.678	-1.249	-1.631	-0.108	-1.762	-0.819	-1.380	0.301	-1.078	-1.404	-1.392	0.463	-0.697	-0.127	-3.437	-2.292	0.126	-0.885
Bvulgatus_CL09T03C04	HMPREF1058_RS04945	HMPREF1058_RS04945		hypothetical protein	-0.246	-1.021	-0.630	-1.296	0.804	-0.333	-0.339	0.283	-0.424	0.743	0.751	-0.530	0.227	0.009	-0.258	-0.281	-1.041	1.626	-0.691	0.346	0.603	0.774
Bvulgatus_CL09T03C04	HMPREF1058_RS04950	HMPREF1058_RS04950		hypothetical protein	0.139	-0.439	-0.782	-0.895	-1.344	-0.505	-0.103	-1.296	-1.115	-0.717	0.305	-0.934	-0.149	-0.606	1.168	-1.330	0.449	-0.037	1.170	-0.922	-0.968	0.758
Bvulgatus_CL09T03C04	HMPREF1058_RS04955	HMPREF1058_RS04955		site-specific integrase	0.378	0.599	0.787	0.790	-0.015	-0.594	-0.170	-0.472	1.334	1.417	-0.008	0.076	-1.656	-1.901	2.050	0.348	0.908	0.037	1.813	-0.739	-0.584	-0.304
Bvulgatus_CL09T03C04	HMPREF1058_RS04960	HMPREF1058_RS04960		fimbrillin family protein	0.347	-0.141	-1.403	-0.601	0.839	-0.167	-0.350	0.148	1.662	0.529	-0.658	0.944	0.141	-0.033	-0.714	-0.939	-0.734	0.580	0.959	-1.143	-1.170	0.038
Bvulgatus_CL09T03C04	HMPREF1058_RS04965	HMPREF1058_RS04965		fimbrillin family protein	-0.766	1.663	-0.123	-0.941	-0.625	-0.453	0.205	0.019	-0.132	0.513	0.252	-0.364	-0.611	1.261	0.232	1.039	-1.592	0.614	-3.456	-1.119	0.229	0.735
Bvulgatus_CL09T03C04	HMPREF1058_RS04970	HMPREF1058_RS04970		hypothetical protein	0.627	-1.810	-1.536	-0.852	0.082	-0.218	0.673	-1.048	0.334	1.594	-1.269	-2.048	-1.606	-0.043	-0.616	-0.157	-0.741	-1.566	1.053	-0.127	-0.499	-1.083
Bvulgatus_CL09T03C04	HMPREF1058_RS04975	HMPREF1058_RS04975		AraC family transcriptional regulator	1.864	0.645	-0.076	-1.968	-0.515	-1.432	1.210	-0.312	0.071	-0.392	-0.063	1.631	-0.822	0.309	0.835	0.035	0.712	0.132	-2.158	-1.279	0.346	2.851
Bvulgatus_CL09T03C04	HMPREF1058_RS04980	HMPREF1058_RS04980		ATP-dependent chaperone ClpB	-1.178	0.722	0.081	-0.282	0.173	1.285	0.788	0.595	0.188	1.416	-0.422	0.055	-0.640	-2.310	0.368	0.333	-0.935	-0.334	0.116	0.916	0.204	-0.057
Bvulgatus_CL09T03C04	HMPREF1058_RS04985	HMPREF1058_RS04985		hypothetical protein	1.246	0.093	0.180	0.054	-1.071	0.266	0.756	0.978	0.342	-0.248	0.844	1.003	-1.499	1.036	0.352	-0.055	0.529	-0.493	-0.184	-0.158	-0.938	0.801
Bvulgatus_CL09T03C04	HMPREF1058_RS04990	HMPREF1058_RS04990		LysR family transcriptional regulator	-0.759	0.713	1.095	0.564	2.202	-0.780	0.521	0.823	0.387	1.557	1.424	0.507	-0.267	0.768	-0.595	0.476	-0.296	0.320	1.285	0.389	-0.491	0.626
Bvulgatus_CL09T03C04	HMPREF1058_RS04995	HMPREF1058_RS04995		putative sulfate exporter family transporter	-0.431	-0.112	-0.580	-0.166	1.691	-0.051	-0.280	0.547	-0.541	0.213	0.891	-0.417	-1.745	-0.386	-0.519	-1.157	-0.358	1.545	0.688	-0.811	-1.324	0.785
Bvulgatus_CL09T03C04	HMPREF1058_RS05000	HMPREF1058_RS05000		DUF4010 domain-containing protein	1.605	2.072	-1.507	0.933	-0.649	-0.565	1.437	1.030	2.363	3.080	0.242	0.578	-2.676	0.026	-2.228	-0.518	-2.485	-1.283	1.676	1.377	-0.786	1.770
Bvulgatus_CL09T03C04	HMPREF1058_RS05005	HMPREF1058_RS05005		hypothetical protein	2.521	3.661	0.463	-0.676	-0.347	0.081	1.306	0.126	-1.312	0.983	-0.176	0.568	1.584	0.715	-0.628	0.527	-1.430	-0.318	0.046	1.563	0.793	0.529
Bvulgatus_CL09T03C04	HMPREF1058_RS05010	HMPREF1058_RS05010		hypothetical protein	1.080	0.644	0.771	-1.780	-0.749	1.073	0.710	1.197	0.448	-0.325	0.770	2.085	-0.751	-0.254	-2.800	-0.461	0.217	-0.185	-1.072	0.331	0.297	1.666
Bvulgatus_CL09T03C04	HMPREF1058_RS05015	HMPREF1058_RS05015		twin-arginine translocase TatA/TatE family subunit	0.351	2.347	1.623	0.147	0.484	-0.567	1.614	2.337	-1.543	-1.102	0.168	0.754	-1.682	0.862	-1.420	1.576	1.649	-0.812	-1.464	1.587	-0.715	-0.623
Bvulgatus_CL09T03C04	HMPREF1058_RS05020	HMPREF1058_RS05020		twin-arginine translocase subunit TatC	0.192	-0.968	0.005	1.763	2.169	0.496	0.728	-0.056	-0.393	-1.214	0.400	0.774	-2.041	0.080	-3.115	0.231	-1.683	-2.824	-3.059	-0.532	-2.847	0.149
Bvulgatus_CL09T03C04	HMPREF1058_RS05025	HMPREF1058_RS05025		alanine dehydrogenase	0.348	-0.783	-0.356	0.157	0.199	-1.301	-0.090	2.132	-0.613	0.652	0.219	2.011	0.794	0.646	0.564	0.262	-0.838	0.444	-0.091	0.977	0.736	-0.002
Bvulgatus_CL09T03C04	HMPREF1058_RS05030	HMPREF1058_RS05030		M23 family metallopeptidase	0.009	1.530	-2.451	-2.707	-2.348	-3.412	-0.830	0.004	-0.776	-0.872	0.013	0.238	-1.449	-0.353	-1.777	-0.491	0.919	-0.402	-3.141	1.082	-3.165	1.022
Bvulgatus_CL09T03C04	HMPREF1058_RS05035	HMPREF1058_RS05035		C69 family dipeptidase	2.049	2.469	-4.328	-2.780	-3.144	-2.583	0.921	2.319	0.851	-0.728	0.093	1.434	-9.511	0.209	-3.812	1.395	0.216	2.036	-12.069	2.576	-8.075	0.335
Bvulgatus_CL09T03C04	HMPREF1058_RS05045	HMPREF1058_RS05045		EamA family transporter	-0.871	-3.358	-0.347	0.889	-0.231	0.054	-0.218	-0.159	-0.257	-0.614	0.122	0.316	-0.944	-1.645	0.177	-1.153	-1.005	-0.444	0.134	-0.391	0.321	0.648
Bvulgatus_CL09T03C04	HMPREF1058_RS05050	HMPREF1058_RS05050		aldose 1-epimerase family protein	1.248	1.539	1.393	1.179	0.675	0.321	2.459	1.259	2.352	1.629	1.947	1.774	1.652	0.840	1.257	0.437	0.912	1.096	-0.227	0.644	0.833	1.911
Bvulgatus_CL09T03C04	HMPREF1058_RS05055	HMPREF1058_RS05055		histidine kinase	0.765	-0.248	-1.507	1.577	0.190	0.445	0.396	0.644	0.960	-0.619	-0.082	0.156	0.829	0.071	-0.570	0.515	0.911	0.342	-0.167	0.050	0.859	0.519
Bvulgatus_CL09T03C04	HMPREF1058_RS05060	HMPREF1058_RS05060		response regulator transcription factor	-0.167	1.611	0.544	-0.324	0.584	1.147	0.454	0.100	0.537	1.702	-0.310	-0.180	-0.208	-0.412	0.418	0.869	-0.246	-0.222	0.034	-0.990	0.631	0.581
Bvulgatus_CL09T03C04	HMPREF1058_RS05065	HMPREF1058_RS05065		WG repeat-containing protein	-0.401	0.736	-2.250	-1.855	-0.412	-1.462	1.021	1.708	1.168	0.472	0.061	-1.057	0.319	-0.265	0.043	0.008	-0.226	0.468	0.713	0.981	0.939	-0.217
Bvulgatus_CL09T03C04	HMPREF1058_RS05070	HMPREF1058_RS05070		hypothetical protein	0.653	-0.630	-1.793	-1.269	0.040	-1.658	0.285	-0.227	0.306	0.034	1.625	0.247	0.599	-0.498	1.338	-0.542	0.272	0.757	1.761	3.147	-0.233	-0.216
Bvulgatus_CL09T03C04	HMPREF1058_RS05075	HMPREF1058_RS05075		hypothetical protein	-0.466	-0.781	0.517	2.368	-0.923	1.177	1.680	0.918	1.800	-0.223	0.781	-0.930	-0.400	-0.077	0.353	0.833	0.075	0.302	1.224	0.896	0.604	0.022
Bvulgatus_CL09T03C04	HMPREF1058_RS05080	HMPREF1058_RS05080		hypothetical protein	1.327	0.873	0.500	1.516	-0.619	-0.992	-0.307	-2.166	0.070	0.701	0.164	0.425	-1.469	0.092	-0.647	-0.268	0.122	-0.622	0.018	0.543	-1.282	0.691
Bvulgatus_CL09T03C04	HMPREF1058_RS05085	HMPREF1058_RS05085		hypothetical protein	-0.289	0.530	-0.066	0.090	0.755	0.156	-0.149	-0.153	-0.877	1.715	0.331	0.117	0.359	0.204	0.412	1.016	0.140	-1.176	1.432	-0.006	-0.144	1.650
Bvulgatus_CL09T03C04	HMPREF1058_RS05090	HMPREF1058_RS05090		WG repeat-containing protein	-0.048	-0.294	-0.816	0.953	-0.341	0.036	0.107	1.077	-0.929	1.916	0.017	1.360	0.839	-0.033	-0.276	-1.088	-0.578	0.527	1.679	0.843	0.577	0.394
Bvulgatus_CL09T03C04	HMPREF1058_RS05095	HMPREF1058_RS05095		hypothetical protein	0.642	-0.580	1.350	0.552	0.961	-0.357	0.630	0.861	0.707	2.141	0.339	0.128	-0.715	0.200	0.818	0.368	0.558	0.436	0.663	0.328	0.126	1.167
Bvulgatus_CL09T03C04	HMPREF1058_RS05105	HMPREF1058_RS05105		hypothetical protein	-0.116	0.902	1.505	0.924	-0.135	0.611	0.635	1.637	1.225	1.995	1.885	-0.014	-0.104	0.667	-0.157	0.576	0.875	0.004	1.249	-1.232	-0.978	1.139
Bvulgatus_CL09T03C04	HMPREF1058_RS05110	HMPREF1058_RS05110		PorT family protein	-1.318	0.872	0.192	0.292	-1.034	0.466	-1.105	0.550	0.030	0.318	-0.818	0.018	0.170	0.239	0.474	-1.470	-1.083	-0.105	-0.664	-0.002	-0.746	-0.840
Bvulgatus_CL09T03C04	HMPREF1058_RS05115	HMPREF1058_RS05115		aspartyl protease family protein	-0.481	-0.106	-0.010	-1.454	0.659	0.693	-0.107	0.358	-0.110	-0.979	0.259	0.199	-0.370	-0.309	-0.092	-0.062	-0.406	-0.015	0.305	0.306	0.063	-0.091
Bvulgatus_CL09T03C04	HMPREF1058_RS05120	HMPREF1058_RS05120		plasmid recombination protein	-1.480	-0.066	-0.600	-0.257	-0.396	-0.956	-0.078	0.012	-1.070	-0.441	0.207	-0.694	-2.175	-1.850	-0.495	-1.307	-1.076	0.842	0.478	-0.374	0.272	-0.364
Bvulgatus_CL09T03C04	HMPREF1058_RS05125	HMPREF1058_RS05125		hypothetical protein	-0.661	-0.073	0.420	-0.038	-0.425	-1.497	1.524	-0.391	-0.834	-0.164	-0.203	0.432	0.442	-2.235	0.158	-2.158	0.433	0.428	-1.568	-1.399	-2.219	-0.915
Bvulgatus_CL09T03C04	HMPREF1058_RS05130	HMPREF1058_RS05130		site-specific integrase	-1.044	-0.826	0.315	-1.100	-0.617	1.223	0.138	-1.089	-1.504	-0.111	0.613	-0.759	0.212	-0.741	-0.408	-0.498	0.185	0.077	-2.580	-1.454	0.717	-2.568
Bvulgatus_CL09T03C04	HMPREF1058_RS05135	HMPREF1058_RS05135		arylsulfatase	0.710	0.277	-1.975	-0.759	2.535	0.739	-1.058	0.618	0.813	-0.042	-1.866	0.210	-0.968	0.741	1.048	0.427	-0.502	-0.464	0.024	-0.599	0.661	-0.076
Bvulgatus_CL09T03C04	HMPREF1058_RS05140	HMPREF1058_RS05140		pyruvate:ferredoxin (flavodoxin) oxidoreductase	-2.427	-3.314	-2.835	-1.576	-3.001	-3.099	-3.461	-4.053	-2.322	-2.346	-4.768	-2.564	-2.548	-3.568	-4.311	-4.723	-6.025	-4.493	-2.370	-3.314	-2.222	-4.762
Bvulgatus_CL09T03C04	HMPREF1058_RS05145	HMPREF1058_RS05145		ATP-binding protein	-8.243	-8.381	-6.865	-4.271	-7.041	-6.807	-7.954	-6.848	-8.200	-7.819	-7.403	-7.641	-9.024	-8.839	-9.837	-7.188	-2.932	-4.881	-7.017	-6.432	-7.843	-7.079
Bvulgatus_CL09T03C04	HMPREF1058_RS05150	HMPREF1058_RS05150		hypothetical protein	-0.492	-0.372	-3.397	-0.617	0.518	0.761	-0.471	1.257	-0.767	-1.181	-0.527	-0.994	-1.593	-0.708	-1.102	1.068	-1.145	-0.404	-1.376	-1.238	-0.314	0.164
Bvulgatus_CL09T03C04	HMPREF1058_RS05155	HMPREF1058_RS05155		efflux transporter outer membrane subunit	-0.179	0.226	-2.286	-0.130	1.115	-1.776	0.199	-0.333	0.321	-1.082	-0.172	-1.012	0.882	1.211	-1.269	0.561	-0.161	-0.175	-0.163	-0.340	-0.090	0.208
Bvulgatus_CL09T03C04	HMPREF1058_RS05160	HMPREF1058_RS05160		multidrug efflux RND transporter permease subunit	0.546	0.703	0.969	0.156	1.115	0.544	0.367	0.874	0.902	2.104	0.226	0.783	0.565	0.213	0.317	1.343	-0.528	0.051	0.120	1.080	0.471	1.405
Bvulgatus_CL09T03C04	HMPREF1058_RS05165	HMPREF1058_RS05165		efflux RND transporter periplasmic adaptor subunit	0.943	1.631	-1.644	0.171	1.434	-0.283	0.401	1.487	1.755	1.345	0.123	1.017	0.685	1.924	1.040	1.573	-0.327	0.271	0.299	1.029	0.789	0.902
Bvulgatus_CL09T03C04	HMPREF1058_RS05170	HMPREF1058_RS05170		TrkH family potassium uptake protein	0.534	1.119	-1.796	-0.802	0.125	-1.798	0.506	1.511	0.704	0.843	-0.512	-0.250	1.840	0.480	0.349	-1.939	0.425	-0.505	-0.109	-0.252	-0.728	-0.719
Bvulgatus_CL09T03C04	HMPREF1058_RS05175	HMPREF1058_RS05175		MATE family efflux transporter	-0.387	0.919	1.247	-0.590	1.773	-0.282	-0.142	0.446	-0.131	0.550	0.084	-0.189	1.583	0.128	-1.347	0.680	-0.473	0.341	0.694	-0.787	-0.751	0.675
Bvulgatus_CL09T03C04	HMPREF1058_RS05180	HMPREF1058_RS05180		RluA family pseudouridine synthase	-3.509	-1.456	0.722	-0.113	0.305	-1.076	-1.377	-0.712	0.606	-0.057	-0.339	-1.601	-2.682	-2.169	-0.346	0.201	0.699	-1.086	-0.395	-1.362	-0.978	-0.261
Bvulgatus_CL09T03C04	HMPREF1058_RS05185	HMPREF1058_RS05185		hypothetical protein	1.230	1.075	-0.296	-0.066	0.830	-0.095	1.396	0.606	0.550	2.379	1.052	0.877	0.389	0.059	0.219	0.571	0.682	0.234	-0.323	1.425	-0.484	2.584
Bvulgatus_CL09T03C04	HMPREF1058_RS05190	HMPREF1058_RS05190		hypothetical protein	1.010	0.628	0.522	-1.609	1.737	0.545	0.002	-0.215	0.235	-0.894	1.655	0.961	2.485	0.569	-0.264	-1.056	-0.327	-0.026	-0.748	-0.916	-0.643	0.365
Bvulgatus_CL09T03C04	HMPREF1058_RS05195	HMPREF1058_RS05195		hypothetical protein	0.824	0.875	0.373	-0.969	0.608	0.523	1.491	-0.160	0.573	0.413	1.016	0.865	1.226	2.568	0.918	0.510	0.703	0.919	0.576	1.903	-0.073	1.333
Bvulgatus_CL09T03C04	HMPREF1058_RS05200	HMPREF1058_RS05200		MaoC family dehydratase	-0.457	0.507	0.047	0.874	1.631	1.450	-0.927	0.446	0.476	-1.753	-0.733	0.626	1.280	-0.770	-0.134	0.032	-1.370	0.398	-0.485	0.284	-0.103	0.767
Bvulgatus_CL09T03C04	HMPREF1058_RS05205	HMPREF1058_RS05205		GNAT family N-acetyltransferase	0.916	1.309	0.081	-0.477	1.018	-0.877	0.265	0.139	-0.006	-0.285	0.902	-0.249	2.194	0.339	-0.205	0.377	0.778	0.550	-0.531	-0.272	1.231	-0.505
Bvulgatus_CL09T03C04	HMPREF1058_RS05210	HMPREF1058_RS05210		SDR family oxidoreductase	-1.197	-0.279	-0.707	0.165	0.395	0.725	0.672	0.360	-0.210	-1.120	0.218	-0.619	-0.977	-0.452	0.141	0.271	1.737	-0.606	-0.594	0.846	0.948	0.278
Bvulgatus_CL09T03C04	HMPREF1058_RS05215	HMPREF1058_RS05215		GtrA family protein	-0.981	-0.057	1.593	-0.105	-0.636	0.671	-0.482	-0.254	-0.494	0.113	0.148	-1.461	-2.556	-1.229	-0.142	0.026	0.357	0.029	0.242	0.863	0.356	-0.134
Bvulgatus_CL09T03C04	HMPREF1058_RS05225	HMPREF1058_RS05225		alcohol dehydrogenase catalytic domain-containing protein	0.174	0.671	0.370	1.188	-0.009	-0.431	1.151	0.107	-1.418	-0.334	0.538	-0.263	-1.106	-0.269	1.330	-1.386	-0.611	-1.286	-1.632	0.057	-0.809	0.977
Bvulgatus_CL09T03C04	HMPREF1058_RS05230	HMPREF1058_RS05230		RNA methyltransferase	-0.207	-1.435	-1.039	-1.689	-0.282	-0.955	0.608	1.582	1.149	0.160	-0.122	-0.702	0.359	-0.993	-0.007	0.408	0.942	-0.228	0.483	-0.811	-0.105	0.866
Bvulgatus_CL09T03C04	HMPREF1058_RS05250	HMPREF1058_RS05250		transposase	0.803	-0.320	1.393	0.130	1.330	-0.214	1.282	0.433	0.147	0.783	-0.196	0.627	0.828	0.667	0.618	-1.810	-1.053	0.532	-0.148	1.087	-1.145	-0.663
Bvulgatus_CL09T03C04	HMPREF1058_RS05255	HMPREF1058_RS05255		hypothetical protein	0.923	-0.134	1.974	1.889	1.742	-0.017	0.758	1.594	-0.069	2.154	-1.107	-0.918	1.627	1.183	1.079	1.793	0.176	-0.459	0.743	1.773	-0.529	1.307
Bvulgatus_CL09T03C04	HMPREF1058_RS05285	HMPREF1058_RS05285		AAA family ATPase	-0.556	-0.680	0.023	0.729	0.492	0.621	-0.822	-0.089	-0.436	-0.324	-0.863	-1.043	-1.963	-0.088	0.223	-0.556	-1.891	0.602	-1.403	-0.162	-1.420	-0.550
Bvulgatus_CL09T03C04	HMPREF1058_RS05290	HMPREF1058_RS05290		S1 RNA-binding domain-containing protein	0.464	0.298	0.026	-0.227	0.728	-0.977	-0.049	0.466	0.312	-0.491	-0.924	0.134	0.712	0.423	-0.418	-0.534	-1.095	-0.008	-0.604	0.032	0.061	-0.276
Bvulgatus_CL09T03C04	HMPREF1058_RS05295	HMPREF1058_RS05295		RNA-directed DNA polymerase	-1.579	-0.651	-0.998	1.197	0.294	-1.581	0.156	1.116	-1.125	-0.384	0.164	0.295	-0.191	-1.245	0.042	0.094	0.004	0.083	-0.446	-0.785	-1.504	-0.452
Bvulgatus_CL09T03C04	HMPREF1058_RS05300	HMPREF1058_RS05300		helix-turn-helix transcriptional regulator	-1.472	0.044	-1.208	-0.541	-1.338	0.257	-1.657	-0.477	-0.647	-0.886	0.203	-1.918	-0.131	-0.541	-1.176	1.588	-0.677	-0.144	-0.757	-1.370	-1.081	0.212
Bvulgatus_CL09T03C04	HMPREF1058_RS05320	HMPREF1058_RS05320		restriction endonuclease	-2.138	-0.968	2.749	1.389	1.010	0.529	-0.074	0.504	0.057	-0.022	-1.870	-0.679	-0.984	-0.492	-0.861	0.537	-2.611	-1.103	-1.627	-0.938	-2.154	-0.092
Bvulgatus_CL09T03C04	HMPREF1058_RS05325	HMPREF1058_RS05325		hypothetical protein	0.249	-0.284	0.119	0.559	1.336	-0.430	0.416	0.465	-0.462	-0.499	0.105	-0.533	0.465	0.820	-0.756	-0.184	-0.341	0.220	0.508	-0.257	-0.467	0.196
Bvulgatus_CL09T03C04	HMPREF1058_RS05330	HMPREF1058_RS05330		helix-turn-helix domain-containing protein	-1.585	-1.068	0.832	-1.580	-1.007	-3.228	-0.854	-1.193	-0.448	-0.840	-1.156	-1.643	-1.428	-0.551	-0.486	-1.084	-0.888	-2.766	-1.510	-1.248	-0.273	-1.789
Bvulgatus_CL09T03C04	HMPREF1058_RS05335	HMPREF1058_RS05335		hypothetical protein	-1.695	-2.365	-1.795	-2.166	-0.159	0.307	-0.414	-1.129	-0.791	-1.378	-1.389	-0.530	-2.659	-0.973	-0.826	-0.872	-1.679	-1.692	-1.151	-0.474	-1.501	-0.812
Bvulgatus_CL09T03C04	HMPREF1058_RS05340	HMPREF1058_RS05340		site-specific integrase	0.236	-0.111	-0.560	0.980	-1.179	1.272	-1.420	0.168	1.806	1.094	0.577	-0.289	-0.341	-0.571	-0.608	-0.538	-0.865	-0.429	-0.416	-0.924	0.476	-0.189
Bvulgatus_CL09T03C04	HMPREF1058_RS05345	HMPREF1058_RS05345		site-specific integrase	-1.233	0.984	-0.188	-1.153	1.405	-0.171	0.641	0.090	0.043	0.274	-0.510	-0.055	-0.662	-0.925	-0.010	-0.934	0.532	-0.909	-0.058	0.471	-0.663	-0.191
Bvulgatus_CL09T03C04	HMPREF1058_RS05350	HMPREF1058_RS05350		Fic family protein	-0.911	-1.060	-0.134	0.078	0.924	0.855	-0.096	-0.117	-1.327	0.467	-0.473	-0.718	-0.976	-0.528	-0.669	0.301	0.248	-1.219	1.344	0.665	0.083	-1.946
Bvulgatus_CL09T03C04	HMPREF1058_RS05355	HMPREF1058_RS05355		helix-turn-helix domain-containing protein	-0.436	-0.722	-0.442	-0.241	-1.711	-0.161	0.601	-1.428	-0.539	0.541	-0.809	-1.250	-0.548	-1.369	0.817	0.334	0.066	-0.845	-0.516	0.717	-0.762	0.257
Bvulgatus_CL09T03C04	HMPREF1058_RS05360	HMPREF1058_RS05360		helix-turn-helix domain-containing protein	0.228	-0.289	1.127	1.497	-0.298	0.091	-1.157	1.506	-0.747	-1.386	-0.885	0.186	-0.260	-1.625	-1.357	-0.284	0.127	-0.393	0.103	0.336	-0.554	0.222
Bvulgatus_CL09T03C04	HMPREF1058_RS05365	HMPREF1058_RS05365		hypothetical protein	-0.064	-0.062	-0.946	-0.403	1.064	1.028	-1.928	0.321	-0.563	-1.260	-0.660	-0.075	-1.975	-0.479	-1.309	-2.421	0.670	2.422	-2.612	-0.419	-1.561	0.980
Bvulgatus_CL09T03C04	HMPREF1058_RS05370	HMPREF1058_RS05370		hypothetical protein	1.000	0.324	-2.057	1.397	-1.484	0.481	-0.163	-2.144	1.439	-0.176	0.293	0.511	0.616	0.664	-0.700	1.261	-0.596	1.204	-0.306	-1.008	-0.693	0.214
Bvulgatus_CL09T03C04	HMPREF1058_RS05385	HMPREF1058_RS05385		methylglyoxal synthase	-0.234	0.215	-0.685	-2.839	0.068	-1.009	-1.666	-1.587	0.901	-1.185	0.420	-0.774	-0.302	-0.289	0.937	-0.238	-0.890	-1.445	-1.517	0.233	-1.857	0.800
Bvulgatus_CL09T03C04	HMPREF1058_RS05390	HMPREF1058_RS05390		arginase family protein	0.558	-1.405	-1.439	-1.536	0.113	-0.418	2.295	2.691	0.063	0.576	0.626	0.965	1.294	0.335	0.485	-0.398	1.419	-1.007	1.088	1.331	0.625	0.511
Bvulgatus_CL09T03C04	HMPREF1058_RS05395	HMPREF1058_RS05395		alpha-glucan family phosphorylase	0.777	-0.793	1.084	1.617	0.879	0.860	-0.209	0.659	0.185	1.061	0.344	-0.042	-1.093	0.160	-0.999	-0.825	-0.226	-0.213	-0.458	-0.219	-0.234	0.865
Bvulgatus_CL09T03C04	HMPREF1058_RS05400	HMPREF1058_RS05400		cation:proton antiporter	-1.208	-1.298	0.103	-0.569	1.157	1.018	0.677	1.818	-0.419	-0.964	0.364	0.367	-0.144	0.384	0.315	-0.052	0.657	1.225	-2.151	-0.818	0.152	-0.051
Bvulgatus_CL09T03C04	HMPREF1058_RS05405	HMPREF1058_RS05405		6-phosphofructokinase	-0.836	-0.024	0.129	-0.099	1.184	0.405	-0.897	0.961	-1.590	0.708	0.644	0.533	0.260	0.115	0.363	-0.663	-0.552	0.007	-0.429	-0.651	-0.785	0.036
Bvulgatus_CL09T03C04	HMPREF1058_RS05410	HMPREF1058_RS05410		RNA polymerase sigma factor	-1.437	-0.040	0.994	1.336	-1.526	0.458	1.766	0.137	-1.686	-0.885	-0.042	-1.389	0.383	-0.918	-0.103	1.194	-0.036	-0.396	-1.224	-1.977	-0.901	0.463
Bvulgatus_CL09T03C04	HMPREF1058_RS05415	HMPREF1058_RS05415		Hsp20/alpha crystallin family protein	-1.287	-1.459	-0.944	-0.607	0.600	0.007	0.947	0.856	-0.549	-1.365	-0.701	-0.344	-0.756	-1.318	0.105	0.385	-0.249	-0.644	0.122	-0.109	-0.099	-0.215
Bvulgatus_CL09T03C04	HMPREF1058_RS05420	HMPREF1058_RS05420		2,3-diphosphoglycerate-dependent phosphoglycerate mutase	0.025	0.440	0.787	1.432	1.944	0.448	-0.004	-0.135	1.173	0.433	0.368	-0.041	0.003	-0.995	-0.593	-0.356	-0.047	0.420	1.160	-0.109	-0.173	-0.225
Bvulgatus_CL09T03C04	HMPREF1058_RS05425	HMPREF1058_RS05425		class I fructose-bisphosphate aldolase	-0.393	0.808	0.222	0.482	0.808	2.513	0.305	2.277	0.461	0.277	0.686	2.084	-0.431	-1.224	0.413	2.933	-0.048	0.623	-0.040	2.053	0.581	-0.301
Bvulgatus_CL09T03C04	HMPREF1058_RS05430	HMPREF1058_RS05430		ferritin	0.296	1.534	-0.429	2.244	2.053	0.050	0.466	2.899	0.341	1.835	-0.499	1.617	-0.865	0.496	0.431	0.697	0.338	0.328	0.666	0.295	0.985	0.768
Bvulgatus_CL09T03C04	HMPREF1058_RS05435	HMPREF1058_RS05435		MarC family protein	0.079	-2.326	0.168	-0.253	0.838	-1.728	-0.410	0.997	-1.657	-0.829	0.068	-0.313	-0.838	-0.013	-0.961	-0.150	0.882	1.028	-0.896	-0.718	-1.385	-0.382
Bvulgatus_CL09T03C04	HMPREF1058_RS05440	HMPREF1058_RS05440		ferritin	0.192	-1.215	-1.858	-0.521	0.332	-0.737	-0.610	0.056	-0.214	-0.058	1.597	-0.450	-1.048	-2.037	0.169	0.712	0.110	-0.963	-1.286	-0.352	-2.204	0.153
Bvulgatus_CL09T03C04	HMPREF1058_RS05450	HMPREF1058_RS05450		flavodoxin	-1.161	0.987	0.882	1.359	1.138	-0.361	0.430	1.577	0.366	1.084	1.547	0.587	0.445	0.786	0.107	-0.171	1.108	0.460	0.282	0.796	-0.113	0.829
Bvulgatus_CL09T03C04	HMPREF1058_RS05455	HMPREF1058_RS05455		alpha/beta fold hydrolase	0.484	-1.430	-0.956	0.385	0.970	-0.913	-1.959	-0.008	-0.281	0.113	-0.536	0.743	0.218	-1.115	0.396	1.350	0.584	0.825	1.218	0.373	-0.073	-0.661
Bvulgatus_CL09T03C04	HMPREF1058_RS05460	HMPREF1058_RS05460		aldo/keto reductase	0.602	0.636	-0.739	-0.003	-0.583	-0.378	0.218	-0.270	-0.932	-1.359	0.641	0.112	0.257	-1.140	-0.000	0.128	-1.004	0.390	-0.648	-0.771	-0.390	-1.266
Bvulgatus_CL09T03C04	HMPREF1058_RS05465	HMPREF1058_RS05465		DNA-binding protein	-1.572	-0.231	1.668	2.215	-1.038	0.623	-0.172	-0.294	-1.662	-0.599	0.210	-0.824	-1.199	-0.089	-1.167	-0.943	0.199	0.556	-0.035	0.485	-1.929	1.865
Bvulgatus_CL09T03C04	HMPREF1058_RS05470	HMPREF1058_RS05470		carboxymuconolactone decarboxylase family protein	-0.353	-0.350	0.710	-0.738	0.084	0.098	-0.975	0.263	-1.012	-1.750	-0.785	-1.584	-0.584	-0.600	0.765	-1.055	-0.061	0.907	-1.734	-0.268	-1.876	0.526
Bvulgatus_CL09T03C04	HMPREF1058_RS05475	HMPREF1058_RS05475		lactonase family protein	0.128	-0.882	1.246	1.210	-0.909	-1.050	-0.133	0.233	0.113	-0.415	0.108	0.915	-2.155	-0.131	-2.007	0.647	-0.567	-0.076	-1.393	-2.102	0.395	-0.505
Bvulgatus_CL09T03C04	HMPREF1058_RS05480	HMPREF1058_RS05480		helix-turn-helix domain-containing protein	0.470	-2.790	1.290	0.510	0.170	0.712	0.307	0.601	-0.811	-0.649	2.068	-1.642	0.989	-0.971	-1.885	-0.728	-0.184	-0.404	0.620	-0.012	-0.608	1.902
Bvulgatus_CL09T03C04	HMPREF1058_RS05485	HMPREF1058_RS05485		site-specific integrase	0.770	-0.889	0.648	2.056	0.266	-0.009	-0.250	0.536	-0.314	0.235	0.378	0.797	0.724	2.929	0.428	1.747	1.282	0.682	-0.891	-0.493	-0.029	0.621
Bvulgatus_CL09T03C04	HMPREF1058_RS05490	HMPREF1058_RS05490		helix-turn-helix domain-containing protein	-0.649	1.013	-0.113	-0.068	1.371	-0.227	0.130	-0.660	0.329	0.906	-0.171	1.064	-0.278	2.084	0.728	0.579	0.127	-0.527	-0.180	1.068	-2.052	-0.404
Bvulgatus_CL09T03C04	HMPREF1058_RS05495	HMPREF1058_RS05495		IS982 family transposase	-0.232	0.388	0.697	2.058	2.129	-0.726	-0.242	-2.373	-1.065	0.568	0.598	-0.740	-0.434	-0.668	0.170	-0.485	-0.898	-0.519	0.142	-0.715	-0.719	0.480
Bvulgatus_CL09T03C04	HMPREF1058_RS05500	HMPREF1058_RS05500		helix-turn-helix domain-containing protein	-0.142	0.071	-1.666	0.967	1.576	-1.658	-1.402	0.479	-1.034	-0.568	-0.397	0.681	-0.380	-0.365	0.628	-0.317	0.367	-0.014	0.465	-0.273	-1.932	1.030
Bvulgatus_CL09T03C04	HMPREF1058_RS05505	HMPREF1058_RS05505		AAA family ATPase	0.047	-0.263	0.570	0.807	-0.865	-1.415	-0.581	0.699	-1.529	-0.429	0.631	-0.211	-0.120	-0.945	-1.004	-1.033	-1.084	-0.783	-0.677	-0.020	-0.704	0.341
Bvulgatus_CL09T03C04	HMPREF1058_RS05510	HMPREF1058_RS05510		hypothetical protein	0.089	-0.876	0.816	0.474	1.250	-0.813	-1.048	-0.305	0.162	0.286	-0.883	-0.864	-1.136	0.400	-0.284	-1.258	0.576	-0.246	-0.846	0.852	-0.534	-0.017
Bvulgatus_CL09T03C04	HMPREF1058_RS05520	HMPREF1058_RS05520		DUF4357 domain-containing protein	0.460	0.125	-0.148	0.204	-0.343	-0.598	0.038	0.896	0.666	-0.050	-0.885	0.352	-0.284	0.188	0.224	0.005	0.007	-0.498	-0.814	-0.919	-0.418	1.451
Bvulgatus_CL09T03C04	HMPREF1058_RS05525	HMPREF1058_RS05525		toll/interleukin-1 receptor domain-containing protein	0.414	-1.325	-1.231	-1.283	1.412	-0.948	-0.677	-0.954	-1.707	0.435	-0.364	-0.272	-0.541	-1.896	0.240	-0.589	-1.425	-1.867	0.506	1.289	-0.362	0.180
Bvulgatus_CL09T03C04	HMPREF1058_RS05530	HMPREF1058_RS05530		site-specific DNA-methyltransferase	0.397	-0.700	2.046	1.952	1.145	-0.374	-0.751	-0.258	1.368	1.065	-0.685	0.303	-2.291	-0.506	-0.876	1.191	0.296	1.440	0.056	0.443	-0.562	-0.654
Bvulgatus_CL09T03C04	HMPREF1058_RS05535	HMPREF1058_RS05535		DEAD/DEAH box helicase family protein	-0.754	0.183	-0.593	0.205	0.035	0.781	-0.337	-1.229	-0.595	-1.967	-1.653	-0.681	-1.438	-1.734	2.048	-0.113	1.102	0.580	0.066	0.303	-0.935	-0.893
Bvulgatus_CL09T03C04	HMPREF1058_RS05540	HMPREF1058_RS05540		helix-turn-helix transcriptional regulator	-0.916	2.035	-1.730	1.639	-1.489	-0.163	-0.285	-0.162	0.156	0.089	-1.897	-0.630	0.282	0.938	0.427	1.106	0.654	0.486	0.193	1.396	0.260	0.366
Bvulgatus_CL09T03C04	HMPREF1058_RS05545	HMPREF1058_RS05545		hypothetical protein	1.085	-0.576	-0.991	0.358	1.720	0.411	0.460	-1.149	-0.561	-0.070	-1.860	0.152	1.066	-0.043	-0.150	-0.320	-0.851	1.330	-0.151	0.474	-1.263	-0.348
Bvulgatus_CL09T03C04	HMPREF1058_RS05550	HMPREF1058_RS05550		relaxase/mobilization nuclease domain-containing protein	-0.640	-1.498	-0.537	-1.902	-1.199	-3.796	-2.741	-2.354	-1.877	-1.300	-0.113	-0.207	-1.433	-0.719	-3.639	-0.898	0.100	-1.056	-1.431	-1.322	-0.334	-2.290
Bvulgatus_CL09T03C04	HMPREF1058_RS05560	HMPREF1058_RS05560		hypothetical protein	-0.473	-1.465	-1.294	0.394	0.783	0.015	-1.996	-0.359	-1.708	-2.274	-0.152	-0.951	-1.826	-0.668	-0.455	-1.602	0.548	0.380	-0.374	-2.321	-0.872	-0.467
Bvulgatus_CL09T03C04	HMPREF1058_RS05565	HMPREF1058_RS05565		DUF3987 domain-containing protein	0.892	0.604	0.640	0.560	1.436	0.034	-1.146	-0.640	0.286	1.100	0.790	-0.480	-0.430	1.781	1.524	0.473	0.579	0.337	1.821	-1.318	-0.858	0.096
Bvulgatus_CL09T03C04	HMPREF1058_RS05570	HMPREF1058_RS05570		helix-turn-helix domain-containing protein	-1.636	0.323	0.886	0.627	-0.006	-0.044	-0.719	-1.068	0.812	1.645	-1.071	-1.445	-1.003	-0.810	-0.548	0.179	-0.489	-0.775	-0.524	0.824	-0.776	-0.742
Bvulgatus_CL09T03C04	HMPREF1058_RS05575	HMPREF1058_RS05575		hypothetical protein	-0.278	-0.401	-1.286	0.049	1.100	0.307	-1.255	0.554	1.126	-0.292	1.545	-0.452	1.481	1.426	-0.141	0.630	-1.311	-1.299	-0.145	0.143	0.142	-1.127
Bvulgatus_CL09T03C04	HMPREF1058_RS05580	HMPREF1058_RS05580		hypothetical protein	-0.555	0.128	-0.679	-0.450	-0.598	-0.559	0.003	0.222	0.105	-0.396	-0.795	-0.153	0.211	0.221	-0.393	-1.539	-1.128	-0.966	-1.051	-0.554	-1.027	0.181
Bvulgatus_CL09T03C04	HMPREF1058_RS05585	HMPREF1058_RS05585		site-specific integrase	-1.846	0.294	-1.323	-0.406	1.475	0.388	-0.439	-0.434	-0.560	-1.016	-0.794	-0.489	2.015	0.858	-0.987	-1.392	0.073	-1.144	-0.840	-0.616	-0.172	-0.336
Bvulgatus_CL09T03C04	HMPREF1058_RS05590	HMPREF1058_RS05590		helix-turn-helix domain-containing protein	0.019	-0.407	-2.391	-0.762	-0.527	-1.630	-1.019	-0.014	-1.303	-1.106	-2.109	-2.170	-1.621	-1.045	-2.469	-2.154	-1.824	-0.909	-0.869	-1.151	-3.422	-1.938
Bvulgatus_CL09T03C04	HMPREF1058_RS05600	HMPREF1058_RS05600		DUF3883 domain-containing protein	-2.081	-0.946	-2.186	-0.779	-0.430	-2.689	-1.702	-0.758	-3.109	-1.424	-2.210	-2.573	-2.405	-2.341	-4.780	-3.621	-1.595	-4.601	-4.136	-2.946	-1.564	-1.300
Bvulgatus_CL09T03C04	HMPREF1058_RS05605	HMPREF1058_RS05605		type II toxin-antitoxin system HipA family toxin	-0.862	-0.979	-0.370	0.304	-0.169	0.357	1.251	-1.134	1.202	1.158	-0.909	0.599	0.212	0.102	-1.327	0.347	0.219	-0.149	-0.894	0.441	-0.166	-0.730
Bvulgatus_CL09T03C04	HMPREF1058_RS05610	HMPREF1058_RS05610		DUF2971 domain-containing protein	-0.710	0.106	-0.993	-2.509	-0.066	-3.259	-0.189	-0.260	-0.359	-0.264	-0.698	-0.471	0.268	-2.693	-2.211	-0.052	-0.356	0.793	-0.149	-0.235	-1.888	-0.437
Bvulgatus_CL09T03C04	HMPREF1058_RS05615	HMPREF1058_RS05615		helix-turn-helix transcriptional regulator	-0.014	-1.297	-0.600	-0.538	-0.271	-1.055	-0.613	-0.218	1.634	0.956	-1.083	-1.525	0.809	-1.021	-0.610	0.496	-0.150	-0.167	-0.025	0.821	-0.503	-0.286
Bvulgatus_CL09T03C04	HMPREF1058_RS05620	HMPREF1058_RS05620		HipA N-terminal domain-containing protein	-0.039	0.369	1.265	0.000	-0.548	1.858	1.970	0.417	2.026	2.115	1.391	1.175	-0.539	3.715	1.123	1.778	2.060	0.932	2.107	1.349	0.834	1.140
Bvulgatus_CL09T03C04	HMPREF1058_RS05625	HMPREF1058_RS05625		HipA domain-containing protein	-1.542	1.067	-1.160	1.306	0.096	-1.017	-0.932	-0.846	0.127	0.016	0.227	-0.105	1.182	0.172	-0.887	-0.569	-0.186	-0.722	-0.155	1.331	-0.663	1.037
Bvulgatus_CL09T03C04	HMPREF1058_RS05630	HMPREF1058_RS05630		RNA polymerase sigma-70 factor	1.273	0.108	0.597	1.237	0.116	-2.990	0.136	2.740	0.205	0.667	-0.192	0.450	0.738	-0.933	1.342	1.119	-0.101	-0.627	0.867	-0.353	-0.171	3.060
Bvulgatus_CL09T03C04	HMPREF1058_RS05635	HMPREF1058_RS05635		FecR domain-containing protein	0.983	-1.382	-2.099	-2.145	-0.034	-0.096	0.355	-1.018	0.130	1.110	-2.184	-3.467	-1.072	-2.038	-1.053	-0.534	-1.087	-1.388	0.318	0.636	-0.229	-1.947
Bvulgatus_CL09T03C04	HMPREF1058_RS05640	HMPREF1058_RS05640		TonB-dependent receptor	-1.044	-0.985	1.964	3.034	-0.545	-0.473	-0.507	-0.620	1.074	-0.599	0.410	0.290	0.010	-0.498	-1.388	-0.044	-0.488	-0.538	-0.872	1.216	0.320	0.380
Bvulgatus_CL09T03C04	HMPREF1058_RS05645	HMPREF1058_RS05645		DUF4249 domain-containing protein	-0.519	-0.663	-0.742	-0.189	0.168	0.114	-1.560	-1.154	0.408	-0.195	-0.664	-0.060	0.981	-1.182	-2.279	-0.653	-0.693	-0.754	0.455	0.114	-1.883	-0.146
Bvulgatus_CL09T03C04	HMPREF1058_RS05650	HMPREF1058_RS05650		hypothetical protein	0.543	0.932	-0.062	1.554	-0.553	1.319	-0.596	1.465	1.431	1.014	0.495	0.761	2.435	-0.482	-0.127	0.841	0.248	0.876	1.512	0.636	0.066	1.725
Bvulgatus_CL09T03C04	HMPREF1058_RS05655	HMPREF1058_RS05655		DUF4848 domain-containing protein	1.037	-1.565	0.180	-1.204	-1.252	-0.074	-0.088	0.281	-0.057	0.730	-0.242	-0.901	0.520	-1.807	-0.702	0.206	-0.161	-0.741	-0.803	-0.268	-1.504	1.234
Bvulgatus_CL09T03C04	HMPREF1058_RS05660	HMPREF1058_RS05660		hypothetical protein	0.298	0.701	-2.114	-2.029	1.277	-2.054	-0.762	0.771	-0.370	0.473	-0.139	-0.833	-0.166	0.394	-0.413	-0.024	0.044	1.838	-0.198	-0.718	0.592	1.715
Bvulgatus_CL09T03C04	HMPREF1058_RS05675	HMPREF1058_RS05675		site-specific integrase	0.645	0.696	0.549	-0.844	1.162	-0.162	-0.639	0.285	0.516	-1.894	2.326	0.173	0.609	0.395	0.353	0.119	0.507	-0.267	1.429	2.014	-0.975	-0.010
Bvulgatus_CL09T03C04	HMPREF1058_RS05690	HMPREF1058_RS05690		hypothetical protein	0.552	1.126	-0.578	-1.524	-0.132	-1.067	-0.416	0.016	1.989	0.664	0.044	-0.230	1.482	0.523	-0.887	0.110	0.553	0.342	-0.590	0.318	-0.548	0.639
Bvulgatus_CL09T03C04	HMPREF1058_RS05695	HMPREF1058_RS05695		helix-turn-helix domain-containing protein	-0.061	-0.376	-1.015	-0.322	1.461	0.373	0.658	-1.222	0.336	0.105	0.215	1.199	1.170	-1.828	0.837	-0.665	0.125	0.713	1.002	-1.178	-0.003	1.012
Bvulgatus_CL09T03C04	HMPREF1058_RS05700	HMPREF1058_RS05700		Dam family site-specific DNA-(adenine-N6)-methyltransferase	0.447	-0.441	-0.999	-1.091	-1.427	-0.824	0.446	0.177	-0.931	-0.783	0.095	0.152	-0.445	0.802	-2.066	-0.790	1.030	-0.637	-0.946	-0.913	-0.900	0.433
Bvulgatus_CL09T03C04	HMPREF1058_RS05705	HMPREF1058_RS05705		DGQHR domain-containing protein	0.573	-1.342	0.809	1.256	1.269	-0.895	0.266	-0.450	1.220	0.412	0.372	-0.397	-0.451	0.885	-0.149	0.115	-0.014	0.610	-0.309	0.365	0.141	0.634
Bvulgatus_CL09T03C04	HMPREF1058_RS05710	HMPREF1058_RS05710		virulence RhuM family protein	0.164	-1.201	-0.291	0.845	1.066	0.755	-0.070	-0.189	-0.086	-0.769	-0.173	-0.023	-0.785	-0.359	0.165	-0.444	0.164	0.541	-0.028	0.842	-0.631	0.518
Bvulgatus_CL09T03C04	HMPREF1058_RS05715	HMPREF1058_RS05715		hypothetical protein	-0.728	-0.853	-0.500	-2.067	0.633	-1.206	1.060	-0.193	1.100	-0.683	-0.798	-0.596	-0.333	-0.213	-0.868	-1.081	-1.927	-0.452	0.453	-0.331	0.126	0.213
Bvulgatus_CL09T03C04	HMPREF1058_RS05720	HMPREF1058_RS05720		hypothetical protein	0.589	0.612	0.568	0.847	-0.102	0.134	-0.591	0.782	1.405	0.865	0.795	-0.340	-1.089	0.230	-0.761	0.538	-1.165	0.016	0.087	1.915	-1.942	-0.165
Bvulgatus_CL09T03C04	HMPREF1058_RS05725	HMPREF1058_RS05725		hypothetical protein	-2.087	-1.979	-0.012	-0.530	-0.902	0.001	0.113	0.823	-0.905	-0.321	-1.201	-0.272	0.692	0.125	0.199	-0.713	0.350	-1.713	-1.286	-1.013	-0.173	0.332
Bvulgatus_CL09T03C04	HMPREF1058_RS05730	HMPREF1058_RS05730		AAA family ATPase	-0.322	-1.508	-0.671	0.725	-0.600	-0.717	0.237	0.288	0.246	0.518	-0.660	-0.219	0.466	0.003	1.535	-0.329	0.074	1.450	-1.002	0.114	0.610	0.754
Bvulgatus_CL09T03C04	HMPREF1058_RS05740	HMPREF1058_RS05740		hypothetical protein	-0.720	1.215	0.369	0.821	0.504	-1.152	-0.300	-1.084	-2.306	0.452	-0.469	-0.708	-1.826	-1.259	0.745	-0.134	-1.236	-0.581	1.268	-0.861	-0.696	-0.268
Bvulgatus_CL09T03C04	HMPREF1058_RS05745	HMPREF1058_RS05745		site-specific integrase	1.547	0.003	0.233	-0.215	1.124	0.168	1.124	0.537	1.016	1.333	0.483	1.326	-0.007	0.339	0.162	0.124	-0.388	1.866	0.289	1.086	0.829	1.915
Bvulgatus_CL09T03C04	HMPREF1058_RS05750	HMPREF1058_RS05750		helix-turn-helix domain-containing protein	-1.573	-0.297	-1.535	-1.249	-0.090	0.860	-0.371	-1.022	-0.371	-0.737	-1.546	-0.907	0.152	-1.096	0.468	0.158	0.240	-1.445	-1.465	-0.074	0.010	-0.806
Bvulgatus_CL09T03C04	HMPREF1058_RS05755	HMPREF1058_RS05755		tRNA uridine-5-carboxymethylaminomethyl(34) synthesis GTPase MnmE	-7.977	-7.834	-2.743	-2.988	2.097	2.985	-6.305	-6.105	-2.519	-3.398	-6.361	-3.691	-6.376	-5.547	-5.038	-3.482	-3.094	-2.966	-1.880	-1.630	-3.522	-4.475
Bvulgatus_CL09T03C04	HMPREF1058_RS05760	HMPREF1058_RS05760		GAF domain-containing protein	-0.422	-1.138	-1.126	-2.238	1.931	1.591	-0.985	-1.368	-0.187	-0.622	0.720	-0.393	-1.097	-1.401	0.059	-0.689	-0.761	0.353	0.296	0.131	-1.934	-0.145
Bvulgatus_CL09T03C04	HMPREF1058_RS05765	HMPREF1058_RS05765		nucleoside phosphorylase	-2.328	-3.123	-9.006	-5.890	-9.609	-11.532	-8.383	-9.072	-6.302	-8.343	-10.398	-10.051	-4.441	-4.746	-11.119	-9.156	-7.043	-8.353	-9.223	-7.571	-7.548	-9.574
Bvulgatus_CL09T03C04	HMPREF1058_RS05770	HMPREF1058_RS05770		flotillin-like protein FloA	-2.136	-2.673	-1.331	-1.743	-2.102	-2.330	-4.168	-1.803	-3.160	-2.872	-3.773	-4.381	-0.102	-3.596	-2.010	-3.180	-2.321	-1.504	-2.085	-2.620	-2.151	-2.247
Bvulgatus_CL09T03C04	HMPREF1058_RS05775	HMPREF1058_RS05775		NfeD family protein	-2.306	-3.502	-1.734	-2.335	-3.278	-3.250	-3.309	-3.269	-3.121	-5.196	-3.929	-3.548	-3.998	-3.838	-3.247	-3.418	-2.642	-3.032	-3.875	-1.732	-3.329	-3.757
Bvulgatus_CL09T03C04	HMPREF1058_RS05780	HMPREF1058_RS05780		PD40 domain-containing protein	-11.127	-11.522	-8.302	-6.575	-5.430	-6.296	-11.168	-11.523	-7.597	-7.393	-11.330	-9.728	-12.172	-13.046	-13.552	-12.436	-2.264	-11.740	-6.776	-8.485	-8.275	-11.696
Bvulgatus_CL09T03C04	HMPREF1058_RS05785	HMPREF1058_RS05785		adenine nucleotide alpha hydrolase family protein	0.278	-0.037	0.137	-0.928	0.043	0.772	-0.019	0.757	1.293	-0.997	-0.985	0.646	-1.453	0.259	1.534	1.015	-0.233	1.514	0.412	0.887	0.019	0.267
Bvulgatus_CL09T03C04	HMPREF1058_RS05790	HMPREF1058_RS05790		hypothetical protein	-0.048	-0.325	-1.019	-1.083	-2.011	-3.120	-2.876	-2.211	-0.817	0.121	-4.322	-1.599	-0.613	-2.094	-0.207	0.164	-1.718	-3.600	-0.727	-0.912	-2.486	-2.789
Bvulgatus_CL09T03C04	HMPREF1058_RS05795	HMPREF1058_RS05795		DMT family protein	-1.373	-0.479	-0.912	1.001	0.875	-0.857	-1.444	-0.953	-1.532	-0.807	-0.300	-1.316	-0.384	-0.541	-0.948	-1.240	-0.106	-0.559	-1.545	-2.039	-1.665	-0.315
Bvulgatus_CL09T03C04	HMPREF1058_RS05800	HMPREF1058_RS05800		DUF4858 domain-containing protein	-0.107	-0.265	0.533	-0.667	0.754	0.580	-1.495	0.279	0.318	-0.531	0.776	0.729	1.357	0.950	0.349	-1.372	-0.416	0.568	1.013	2.159	0.576	-1.247
Bvulgatus_CL09T03C04	HMPREF1058_RS05805	HMPREF1058_RS05805		bifunctional dihydroorotate dehydrogenase B NAD binding subunit/NADPH-dependent glutamate synthase	1.268	4.461	-11.432	-7.993	-10.728	-12.648	-0.180	-1.536	-1.894	-1.056	-5.803	-7.132	-3.324	-2.816	-12.723	-9.629	-8.479	-9.051	-8.284	-5.429	-8.079	-7.328
Bvulgatus_CL09T03C04	HMPREF1058_RS05810	HMPREF1058_RS05810		MFS transporter	-2.004	0.085	0.660	0.720	1.556	-1.405	-0.348	0.412	-1.482	1.016	0.112	-0.128	0.106	0.436	-0.092	0.015	-1.523	-5.634	0.668	0.415	0.743	0.079
Bvulgatus_CL09T03C04	HMPREF1058_RS05820	HMPREF1058_RS05820		nicotinamide mononucleotide transporter	-1.517	-1.507	-1.423	-1.411	0.155	-0.505	0.212	-1.060	-0.269	0.537	0.045	-0.500	-0.975	-0.211	-0.842	-1.774	-2.607	0.391	0.756	-1.841	-0.915	0.588
Bvulgatus_CL09T03C04	HMPREF1058_RS05825	HMPREF1058_RS05825		thiamine diphosphokinase	-0.444	-0.418	-0.110	1.761	1.284	0.813	1.060	1.727	1.107	-0.163	-1.271	1.611	0.765	0.042	0.950	0.768	0.071	0.097	1.137	0.208	0.765	-0.242
Bvulgatus_CL09T03C04	HMPREF1058_RS05845	HMPREF1058_RS05845		C40 family peptidase	0.651	0.242	-0.274	-1.722	1.110	-2.178	0.689	0.655	0.239	0.440	-0.461	-0.519	0.740	0.448	-1.342	0.039	0.114	-0.117	-0.628	-0.696	0.065	0.369
Bvulgatus_CL09T03C04	HMPREF1058_RS05850	HMPREF1058_RS05850		ABC transporter ATP-binding protein	-0.486	1.042	0.175	0.924	-0.512	-1.610	0.865	-0.341	0.845	-0.102	0.150	0.181	0.379	-0.799	-0.109	0.057	0.586	1.166	-0.011	0.883	-1.780	-0.156
Bvulgatus_CL09T03C04	HMPREF1058_RS05855	HMPREF1058_RS05855		hypothetical protein	0.087	0.672	-0.459	0.270	-0.211	-0.076	-0.528	-0.309	-0.171	0.672	-0.685	-0.320	0.281	-0.849	-0.282	-1.120	-0.913	-0.043	-1.300	0.309	-0.979	1.036
Bvulgatus_CL09T03C04	HMPREF1058_RS05860	HMPREF1058_RS05860		insulinase family protein	-1.277	-1.639	-0.560	0.377	-0.361	-0.852	-1.639	-1.980	-0.037	-1.719	-0.817	-0.463	-3.081	-2.036	-1.371	-0.553	-0.393	-0.081	-1.022	-0.675	-0.447	-0.261
Bvulgatus_CL09T03C04	HMPREF1058_RS05880	HMPREF1058_RS05880		DUF5063 domain-containing protein	0.355	-0.182	-1.534	-0.958	-1.288	0.190	0.626	-1.392	0.693	-0.284	-0.575	0.100	-0.623	-0.044	-1.363	-0.064	-0.602	1.679	0.478	1.384	-2.424	-1.019
Bvulgatus_CL09T03C04	HMPREF1058_RS05885	HMPREF1058_RS05885		3'-5' exonuclease domain-containing protein 2	6.527	6.348	0.487	-2.296	1.369	-1.759	-0.724	0.205	5.462	6.344	-2.687	-1.031	1.492	1.974	-0.195	0.901	0.936	3.685	5.997	3.818	-1.749	-2.552
Bvulgatus_CL09T03C04	HMPREF1058_RS05890	HMPREF1058_RS05890		class I SAM-dependent rRNA methyltransferase	-0.710	-0.549	2.896	2.308	2.688	1.700	-0.857	0.253	4.731	3.980	-0.774	-0.768	0.605	-0.091	1.805	-0.163	-0.177	0.738	6.174	4.375	1.151	-1.005
Bvulgatus_CL09T03C04	HMPREF1058_RS05895	HMPREF1058_RS05895		class I SAM-dependent methyltransferase	-0.438	-0.318	0.490	-1.011	0.162	-1.260	0.143	1.038	0.786	0.731	-0.135	1.306	-0.133	0.017	0.110	0.226	0.072	-0.250	0.628	0.443	0.123	0.927
Bvulgatus_CL09T03C04	HMPREF1058_RS05900	HMPREF1058_RS05900		autotransporter outer membrane beta-barrel domain-containing protein	0.294	0.654	1.258	2.304	0.661	1.814	-0.163	1.640	2.106	0.818	0.995	1.074	-0.336	-1.097	0.467	1.034	0.062	1.154	0.221	-0.933	0.450	1.210
Bvulgatus_CL09T03C04	HMPREF1058_RS05905	HMPREF1058_RS05905		sigma-70 family RNA polymerase sigma factor	0.388	-0.340	0.073	-0.642	-0.461	1.157	0.965	-0.457	-0.607	-0.212	0.410	0.465	1.238	-1.482	-1.023	-0.766	0.613	0.316	0.638	0.969	0.604	0.431
Bvulgatus_CL09T03C04	HMPREF1058_RS05910	HMPREF1058_RS05910		galactose mutarotase	1.073	-1.661	-0.920	-0.847	-0.178	-1.206	-1.005	0.293	-0.024	-0.280	-0.369	-0.962	-0.833	-1.862	-1.277	-0.358	0.018	-0.519	0.722	1.003	-0.897	-0.640
Bvulgatus_CL09T03C04	HMPREF1058_RS05915	HMPREF1058_RS05915		sigma-70 family RNA polymerase sigma factor	-1.257	-1.818	-0.241	-1.426	-0.549	-2.862	-1.141	-0.035	-0.312	0.747	-2.346	0.062	-1.665	-0.738	-2.022	-0.643	-0.978	-0.458	-0.152	0.757	0.085	-0.503
Bvulgatus_CL09T03C04	HMPREF1058_RS05920	HMPREF1058_RS05920		hypothetical protein	0.339	-0.096	-0.549	-0.230	-1.121	0.060	-1.769	0.577	-0.348	-0.348	-0.144	-1.277	-0.734	-0.578	-0.126	0.517	-0.843	-1.638	-2.370	-0.248	-1.948	1.436
Bvulgatus_CL09T03C04	HMPREF1058_RS05925	HMPREF1058_RS05925		DUF5024 domain-containing protein	-1.551	-1.787	-0.787	-0.894	-2.020	-1.625	2.024	-1.512	-1.220	-0.203	-0.958	-1.509	-1.042	-0.785	-1.238	-0.158	-0.829	0.878	-1.399	-1.735	-1.525	0.376
Bvulgatus_CL09T03C04	HMPREF1058_RS05930	HMPREF1058_RS05930		MFS transporter	-4.862	-6.068	-0.597	-0.009	-1.088	-2.002	-7.639	-7.313	-5.955	-3.547	-8.285	-6.852	-4.742	-5.112	-5.288	-2.187	-0.679	-0.702	-6.217	-3.955	-8.469	-5.244
Bvulgatus_CL09T03C04	HMPREF1058_RS05935	HMPREF1058_RS05935		bifunctional nuclease family protein	-2.614	-2.716	-1.458	0.971	2.427	1.933	-0.658	-0.245	-3.684	-2.437	-1.778	-1.082	-1.508	-0.533	-0.721	-0.180	3.722	3.546	-1.687	-0.655	-1.555	-0.162
Bvulgatus_CL09T03C04	HMPREF1058_RS05940	HMPREF1058_RS05940		16S rRNA (uracil(1498)-N(3))-methyltransferase	-1.029	-0.469	0.436	-1.963	0.096	0.329	-0.015	2.459	1.212	0.514	0.157	2.213	2.804	-0.067	-0.998	-1.267	-0.984	1.841	0.888	-0.039	-0.620	0.914
Bvulgatus_CL09T03C04	HMPREF1058_RS05945	HMPREF1058_RS05945		DUF4836 family protein	-0.014	0.468	-2.338	-4.095	0.475	-2.188	0.554	0.737	0.678	0.709	-0.470	0.899	0.999	2.187	1.329	-2.032	1.282	0.863	0.929	0.690	0.019	1.072
Bvulgatus_CL09T03C04	HMPREF1058_RS05950	HMPREF1058_RS05950		ATP-binding cassette domain-containing protein	-1.830	-1.786	-2.368	-2.299	-1.517	-2.715	-0.478	-0.005	1.770	1.398	-1.409	-0.397	1.769	0.745	0.597	-1.238	1.212	0.566	-0.297	0.459	-0.832	-0.157
Bvulgatus_CL09T03C04	HMPREF1058_RS05955	HMPREF1058_RS05955		hypothetical protein	-0.975	0.473	-2.718	-3.281	-2.121	-2.179	-0.846	0.198	0.339	0.906	-1.147	0.739	0.230	1.027	0.214	-1.100	-0.628	0.397	-0.002	-2.096	-0.588	-0.824
Bvulgatus_CL09T03C04	HMPREF1058_RS05960	HMPREF1058_RS05960		YjbQ family protein	-0.570	-0.416	0.738	1.398	0.009	-1.661	-0.101	0.870	-1.291	-0.348	-0.171	-0.188	0.182	-0.116	-0.871	-0.577	0.353	-1.747	0.174	0.564	0.917	1.472
Bvulgatus_CL09T03C04	HMPREF1058_RS05965	HMPREF1058_RS05965		hypothetical protein	-0.314	-0.712	0.079	1.301	1.475	-1.784	0.417	0.294	0.262	-0.305	0.255	0.835	-0.037	0.222	0.087	-0.387	0.539	0.519	0.102	-0.168	-1.314	0.731
Bvulgatus_CL09T03C04	HMPREF1058_RS05970	HMPREF1058_RS05970		bifunctional proline dehydrogenase/L-glutamate gamma-semialdehyde dehydrogenase	-0.538	0.306	1.300	1.964	0.807	-0.558	0.380	-0.470	-0.639	-0.018	0.191	0.686	-0.708	-0.781	0.981	0.303	0.418	0.764	-1.999	-0.633	-0.149	-0.228
Bvulgatus_CL09T03C04	HMPREF1058_RS05980	HMPREF1058_RS05980		response regulator transcription factor	1.114	0.665	-0.032	0.040	0.506	1.113	0.727	-0.688	-0.015	1.782	1.613	0.728	0.585	0.404	0.784	1.354	-0.100	2.494	1.402	1.196	1.139	-0.298
Bvulgatus_CL09T03C04	HMPREF1058_RS05985	HMPREF1058_RS05985		histidine kinase	2.151	0.435	0.986	1.280	2.099	1.613	0.450	1.061	-0.023	0.156	0.103	0.930	1.640	-0.398	0.550	0.894	0.046	-0.333	0.119	0.366	0.392	1.166
Bvulgatus_CL09T03C04	HMPREF1058_RS05990	HMPREF1058_RS05990		TolC family protein	0.402	2.487	1.229	2.262	1.610	-0.141	1.435	-0.264	-0.115	1.554	1.630	0.048	0.494	1.093	1.599	0.171	-0.932	0.091	0.564	-0.086	0.312	0.740
Bvulgatus_CL09T03C04	HMPREF1058_RS05995	HMPREF1058_RS05995		efflux RND transporter permease subunit	-0.060	-0.723	-0.781	-0.074	-0.402	-2.608	-0.381	-0.480	0.494	0.628	0.260	-0.427	-0.330	-1.981	0.081	0.003	-0.586	-0.182	0.187	1.607	-0.866	0.148
Bvulgatus_CL09T03C04	HMPREF1058_RS06000	HMPREF1058_RS06000		efflux RND transporter periplasmic adaptor subunit	0.408	1.973	0.382	1.839	-1.808	-1.157	-0.012	1.065	-0.495	0.362	0.567	-0.511	1.223	-0.970	-0.981	-2.108	-0.652	1.068	-0.074	-0.183	-0.197	0.341
Bvulgatus_CL09T03C04	HMPREF1058_RS06005	HMPREF1058_RS06005		GlsB/YeaQ/YmgE family stress response membrane protein	-0.826	0.152	0.648	-1.262	-1.534	2.967	0.573	-1.208	-0.260	-1.506	-0.579	0.005	-0.509	-0.166	1.851	0.952	-0.733	-1.017	-2.250	-0.841	0.136	0.409
Bvulgatus_CL09T03C04	HMPREF1058_RS06010	HMPREF1058_RS06010		efflux transporter outer membrane subunit	-0.558	0.866	-2.382	-2.938	0.757	-1.595	-1.225	-0.741	-1.615	-0.789	-1.286	-1.179	-0.046	-0.822	-3.129	-0.930	-0.310	0.091	-0.160	-0.176	-1.395	-0.403
Bvulgatus_CL09T03C04	HMPREF1058_RS06015	HMPREF1058_RS06015		efflux RND transporter permease subunit	-0.669	0.136	-0.758	0.378	-0.200	-1.021	-0.553	-1.021	-0.451	-0.234	-0.640	-0.808	-1.951	-0.059	-1.088	-1.847	-0.693	-0.241	-1.572	-1.077	-2.259	-1.440
Bvulgatus_CL09T03C04	HMPREF1058_RS06020	HMPREF1058_RS06020		efflux RND transporter periplasmic adaptor subunit	-2.107	-0.499	-1.283	-1.666	-0.451	-0.683	-1.521	-0.245	-0.858	-0.977	-0.539	0.422	0.111	-1.005	-0.011	0.155	-0.068	0.986	-3.058	-0.408	-1.931	0.141
Bvulgatus_CL09T03C04	HMPREF1058_RS06025	HMPREF1058_RS06025		hypothetical protein	0.901	0.701	-1.013	-1.646	0.040	-0.934	0.486	-0.095	-0.123	0.158	0.864	0.011	0.416	-1.030	1.509	1.330	0.408	0.702	0.795	0.063	1.551	0.575
Bvulgatus_CL09T03C04	HMPREF1058_RS06030	HMPREF1058_RS06030		aminopeptidase P family protein	1.610	2.791	-1.080	-0.176	-2.846	-3.282	2.359	2.873	-0.108	-0.879	0.844	-0.308	0.552	1.013	-2.458	0.063	-1.503	-1.267	-0.367	0.829	-1.409	2.081
Bvulgatus_CL09T03C04	HMPREF1058_RS06035	HMPREF1058_RS06035		glutamine-hydrolyzing GMP synthase	-0.527	-1.712	0.957	-0.174	0.366	3.369	1.185	1.310	6.095	4.501	-1.167	0.375	0.908	-1.121	0.937	-1.353	-1.048	0.882	4.074	4.495	2.201	0.099
Bvulgatus_CL09T03C04	HMPREF1058_RS06040	HMPREF1058_RS06040		glutamine-hydrolyzing GMP synthase	-3.457	-1.838	-0.010	0.597	1.164	2.558	-2.964	-1.338	1.909	1.872	-3.120	-1.459	-1.294	-2.123	0.877	1.720	0.701	-0.635	1.634	0.099	-2.137	-1.395
Bvulgatus_CL09T03C04	HMPREF1058_RS06045	HMPREF1058_RS06045		large-conductance mechanosensitive channel protein MscL	0.323	-0.091	1.449	1.130	4.256	4.230	1.756	3.277	3.968	3.782	2.628	3.936	0.832	2.542	3.664	3.408	1.527	1.676	3.918	3.969	2.323	3.491
Bvulgatus_CL09T03C04	HMPREF1058_RS06055	HMPREF1058_RS06055		tRNA (adenosine(37)-N6)-dimethylallyltransferase MiaA	-1.794	-0.531	-1.295	-0.692	-1.152	1.165	-1.576	-0.813	-2.791	-5.292	-0.502	-1.222	-1.985	-2.194	-0.326	-1.263	-1.210	0.032	-4.369	-2.497	-1.023	0.044
Bvulgatus_CL09T03C04	HMPREF1058_RS06060	HMPREF1058_RS06060		YegS/Rv2252/BmrU family lipid kinase	-7.244	-5.340	-2.668	-2.275	-3.910	-8.524	-6.448	-5.091	6.176	4.617	-4.930	-4.681	-6.202	-4.839	-4.649	-2.345	-1.582	-1.031	4.279	0.340	-6.774	-2.819
Bvulgatus_CL09T03C04	HMPREF1058_RS06070	HMPREF1058_RS06070		ferritin	0.218	0.402	1.182	-0.245	-0.094	0.618	0.838	1.266	0.395	-1.991	1.449	-1.252	1.261	-0.296	-0.353	-1.200	-1.362	1.006	1.175	1.846	1.212	-0.010
Bvulgatus_CL09T03C04	HMPREF1058_RS06080	HMPREF1058_RS06080		glutamine synthetase III	-4.945	-4.243	-4.143	-3.414	-5.325	-4.339	-6.497	-5.891	-5.857	-5.346	-6.405	-6.697	-6.679	-6.744	-1.308	1.795	2.053	-0.721	-5.316	-4.961	-5.272	-6.144
Bvulgatus_CL09T03C04	HMPREF1058_RS06085	HMPREF1058_RS06085		hypothetical protein	2.046	1.719	-1.199	-0.721	-11.955	-14.313	1.103	0.762	5.401	3.658	-0.907	-0.879	-1.918	-2.198	0.770	1.093	0.723	1.160	2.780	4.302	-2.638	0.271
Bvulgatus_CL09T03C04	HMPREF1058_RS06090	HMPREF1058_RS06090		TolC family protein	0.737	1.512	0.785	0.699	-0.232	-1.419	-1.052	0.600	-0.358	1.126	-0.643	0.509	-3.045	-1.635	-1.682	0.783	-1.475	0.450	-1.832	1.049	-1.075	0.270
Bvulgatus_CL09T03C04	HMPREF1058_RS06095	HMPREF1058_RS06095		biotin/lipoyl-binding protein	-0.622	-0.196	-0.070	0.772	0.076	-0.863	0.123	0.202	-2.090	-0.472	-1.187	-0.550	-2.535	-0.874	-1.065	0.251	-1.452	0.105	0.167	-0.601	-3.141	-1.138
Bvulgatus_CL09T03C04	HMPREF1058_RS06100	HMPREF1058_RS06100		ABC transporter permease	0.069	-0.368	1.294	1.534	0.329	-1.154	0.171	-0.092	-1.188	-0.345	-1.857	0.421	-1.648	-0.214	-2.373	0.598	-0.203	0.488	-0.761	-0.460	-0.971	-0.758
Bvulgatus_CL09T03C04	HMPREF1058_RS06105	HMPREF1058_RS06105		ABC transporter permease	1.441	1.831	-2.773	-2.464	-0.561	-0.779	0.835	1.319	0.378	0.367	-0.008	0.231	-3.014	0.117	-0.467	0.528	0.363	0.447	0.100	0.458	0.281	0.715
Bvulgatus_CL09T03C04	HMPREF1058_RS06125	HMPREF1058_RS06125		hypothetical protein	-0.112	-0.523	1.106	0.883	-1.519	-0.351	0.836	1.315	-0.035	-0.553	-0.907	-1.379	-0.772	0.308	0.864	0.111	-0.220	0.608	0.012	-1.396	1.204	-0.325
Bvulgatus_CL09T03C04	HMPREF1058_RS06130	HMPREF1058_RS06130		beta-galactosidase	-0.954	0.208	0.035	0.194	-0.393	-1.994	0.409	-0.469	-0.823	-0.334	-1.049	-1.335	-1.391	-1.334	-0.002	-1.151	-0.319	0.160	-1.404	-0.640	0.723	-0.772
Bvulgatus_CL09T03C04	HMPREF1058_RS06135	HMPREF1058_RS06135		PorT family protein	1.518	0.501	0.561	0.409	-0.665	-2.180	0.091	0.684	-1.101	1.602	-0.457	-0.356	-0.439	0.629	-0.541	-0.756	-0.067	-0.167	0.112	1.074	-0.066	0.656
Bvulgatus_CL09T03C04	HMPREF1058_RS06140	HMPREF1058_RS06140		phage integrase SAM-like domain-containing protein	-0.517	-1.356	0.515	0.231	0.816	0.833	2.258	0.497	0.383	-1.060	-1.550	-0.386	1.272	-1.905	-0.254	0.576	-0.372	-0.113	-1.664	-1.312	0.662	-0.168
Bvulgatus_CL09T03C04	HMPREF1058_RS06160	HMPREF1058_RS06160		formyltetrahydrofolate deformylase	-8.944	-9.194	-5.548	-4.387	-3.736	-3.124	-8.950	-8.044	-6.430	-7.095	-9.181	-10.429	-8.384	-10.630	-0.342	-1.749	-0.660	-0.285	-7.917	-9.592	-9.011	-8.692
Bvulgatus_CL09T03C04	HMPREF1058_RS06165	HMPREF1058_RS06165		imidazole glycerol phosphate synthase subunit HisH	-8.658	-8.476	-5.050	-4.699	-6.104	-4.853	-10.080	-9.071	-7.630	-8.052	-8.349	-9.015	-8.138	-8.166	-2.682	-7.030	-2.290	-1.333	-8.823	-8.893	-7.849	-9.603
Bvulgatus_CL09T03C04	HMPREF1058_RS06170	HMPREF1058_RS06170		1-(5-phosphoribosyl)-5-[(5- phosphoribosylamino)methylideneamino]imidazole-4- carboxamide isomerase	-5.808	-6.561	-4.331	-5.115	-4.492	-6.990	-6.301	-6.639	-7.552	-6.661	-6.152	-7.892	-7.572	-6.252	-7.385	-4.766	-4.245	-7.716	-6.015	-4.615	-5.631	-8.362
Bvulgatus_CL09T03C04	HMPREF1058_RS06175	HMPREF1058_RS06175		imidazole glycerol phosphate synthase subunit HisF	-4.921	-4.011	-3.505	-2.710	-3.910	-3.821	-6.252	-6.651	-4.786	-3.958	-4.082	-5.160	-5.332	-6.477	-5.537	-4.183	-5.891	-5.631	-3.962	-4.029	-3.780	-4.121
Bvulgatus_CL09T03C04	HMPREF1058_RS06180	HMPREF1058_RS06180		bifunctional phosphoribosyl-AMP cyclohydrolase/phosphoribosyl-ATP diphosphatase HisIE	-6.470	-6.535	-3.771	-5.672	-4.320	-6.857	-8.103	-6.076	-7.604	-4.369	-8.421	-4.578	-7.872	-7.801	-7.036	-7.114	-6.991	-8.119	-4.374	-5.842	-6.805	-6.026
Bvulgatus_CL09T03C04	HMPREF1058_RS06185	HMPREF1058_RS06185		ATP-binding cassette domain-containing protein	0.554	-0.048	-1.949	-2.184	-1.687	-0.740	-0.283	-1.655	-0.652	-0.183	-0.975	0.275	2.628	0.151	1.874	-0.063	-1.100	0.594	-0.091	0.648	-0.393	-1.022
Bvulgatus_CL09T03C04	HMPREF1058_RS06190	HMPREF1058_RS06190		aspartate kinase	-5.962	-5.658	-3.417	-3.655	-6.468	-6.254	-7.482	-6.552	-5.588	-6.676	-6.873	-6.040	-7.765	-8.149	-7.835	-8.112	-2.209	-5.302	-5.121	-7.507	-6.247	-7.245
Bvulgatus_CL09T03C04	HMPREF1058_RS06195	HMPREF1058_RS06195		diaminopimelate decarboxylase	-6.827	-5.171	-5.654	-4.059	-6.718	-6.670	-5.540	-7.458	-5.074	-5.255	-9.337	-8.089	-7.167	-9.112	-7.307	-9.249	-11.329	-7.618	-5.199	-5.357	-4.937	-6.445
Bvulgatus_CL09T03C04	HMPREF1058_RS06200	HMPREF1058_RS06200		hypothetical protein	-0.139	1.496	1.289	1.589	0.140	2.462	0.308	1.183	-0.145	-0.072	0.171	0.806	-0.181	-0.262	-0.145	-0.554	0.693	-0.365	-3.294	-0.477	-0.105	0.578
Bvulgatus_CL09T03C04	HMPREF1058_RS06205	HMPREF1058_RS06205		glycosyltransferase	-0.345	0.385	0.506	-0.994	-0.040	0.364	0.614	0.841	-1.142	-0.030	1.111	1.200	-0.816	1.277	-0.329	0.169	0.414	0.899	-1.134	-1.109	-0.180	-0.398
Bvulgatus_CL09T03C04	HMPREF1058_RS06210	HMPREF1058_RS06210		antibiotic biosynthesis monooxygenase	0.406	-0.214	0.443	-0.048	0.246	2.247	0.045	1.031	0.335	-0.153	0.366	-0.854	0.049	1.338	1.350	-1.200	-0.618	0.584	-0.143	-0.410	1.638	1.248
Bvulgatus_CL09T03C04	HMPREF1058_RS06215	HMPREF1058_RS06215		LysO family transporter	0.930	1.787	2.341	1.434	-1.337	1.306	1.276	1.666	0.495	1.025	1.678	2.342	0.259	2.261	0.845	2.170	1.022	1.692	-0.841	1.508	1.315	0.329
Bvulgatus_CL09T03C04	HMPREF1058_RS06225	HMPREF1058_RS06225		pyridoxal phosphate-dependent aminotransferase	-3.845	-3.404	-3.289	-3.120	-4.354	-2.992	-4.617	-5.129	-4.203	-4.323	-5.325	-4.994	-4.908	-5.528	-1.462	-3.448	1.772	-0.845	-4.942	-4.857	-4.075	-5.152
Bvulgatus_CL09T03C04	HMPREF1058_RS06230	HMPREF1058_RS06230		fucose isomerase	-3.119	-3.390	1.172	1.752	0.249	1.230	0.033	-0.297	-0.887	-0.028	-0.208	0.570	-2.339	-0.898	-0.342	0.847	0.703	2.970	0.232	-0.661	-2.055	0.281
Bvulgatus_CL09T03C04	HMPREF1058_RS06240	HMPREF1058_RS06240		YggS family pyridoxal phosphate-dependent enzyme	-0.671	-2.334	1.618	1.375	-2.181	1.267	-1.616	-3.251	-0.093	0.600	-3.130	-2.952	0.145	-1.180	1.240	-0.999	-0.412	0.397	-3.659	-0.039	-0.170	-1.351
Bvulgatus_CL09T03C04	HMPREF1058_RS06245	HMPREF1058_RS06245		dihydroorotate dehydrogenase-like protein	0.372	1.069	1.568	1.411	0.747	1.270	1.831	0.565	2.071	1.840	1.136	0.891	2.249	1.652	-0.584	0.750	0.437	1.782	1.225	0.443	0.586	-0.847
Bvulgatus_CL09T03C04	HMPREF1058_RS06250	HMPREF1058_RS06250		AMP-binding protein	-3.818	-1.800	-2.600	-2.942	-9.068	-8.383	-1.762	-1.369	3.031	3.484	-1.342	-0.963	-4.080	-3.357	4.035	-0.248	0.759	-0.293	0.444	0.492	0.241	-0.665
Bvulgatus_CL09T03C04	HMPREF1058_RS06255	HMPREF1058_RS06255		hypothetical protein	2.519	4.444	4.856	3.548	2.480	4.767	0.986	0.471	2.310	-0.851	-1.262	0.445	4.654	3.824	-0.709	2.038	-1.118	-0.467	-0.512	0.100	0.244	0.707
Bvulgatus_CL09T03C04	HMPREF1058_RS06260	HMPREF1058_RS06260		DUF3943 domain-containing protein	0.756	2.930	4.504	4.090	1.297	3.232	-0.420	-0.937	0.696	2.615	-0.765	-0.233	1.992	2.363	-0.756	0.823	-1.304	0.098	-1.054	-0.921	-0.010	0.631
Bvulgatus_CL09T03C04	HMPREF1058_RS06265	HMPREF1058_RS06265		Crp/Fnr family transcriptional regulator	2.723	2.410	0.839	1.245	-0.682	1.979	-2.408	-2.457	2.842	4.361	-1.492	-2.660	-1.265	1.005	-0.492	-0.467	-0.279	0.006	5.006	4.142	-0.516	-1.159
Bvulgatus_CL09T03C04	HMPREF1058_RS06270	HMPREF1058_RS06270		C69 family dipeptidase	-0.304	-0.102	-0.208	0.767	0.103	1.002	-1.051	-0.245	0.275	0.332	-0.593	0.017	-0.935	-0.634	-0.352	-0.613	-1.097	0.662	0.073	1.102	-1.343	0.402
Bvulgatus_CL09T03C04	HMPREF1058_RS06275	HMPREF1058_RS06275		aminopeptidase	0.632	-0.678	-0.887	-1.630	-0.962	-2.070	-1.087	-0.791	-0.052	0.554	-1.247	0.702	0.217	-0.526	-0.032	-0.559	0.032	0.419	0.081	-0.027	0.354	0.258
Bvulgatus_CL09T03C04	HMPREF1058_RS06280	HMPREF1058_RS06280		S9 family peptidase	-0.670	-0.546	0.809	0.849	0.413	0.264	-0.197	0.083	-0.360	-0.496	0.119	-0.364	0.219	0.952	0.506	-0.349	0.492	0.084	0.592	1.437	1.286	0.774
Bvulgatus_CL09T03C04	HMPREF1058_RS06285	HMPREF1058_RS06285		hypothetical protein	-0.269	0.763	0.755	0.529	0.496	-0.106	0.444	0.964	-0.665	1.424	-0.380	0.150	1.253	-0.591	0.214	0.523	0.355	0.233	0.608	0.902	-0.855	-0.039
Bvulgatus_CL09T03C04	HMPREF1058_RS06290	HMPREF1058_RS06290		lipocalin-like domain-containing protein	-0.468	-0.575	-1.231	-0.402	-0.329	0.791	-1.036	-0.750	0.690	0.710	0.317	-0.140	-0.673	-0.380	0.802	-1.147	0.950	0.453	-0.579	0.110	-0.637	-1.651
Bvulgatus_CL09T03C04	HMPREF1058_RS06295	HMPREF1058_RS06295		aspartate ammonia-lyase	-7.377	-5.470	-5.024	-4.068	-6.952	-5.050	-4.976	-4.711	-5.352	-3.823	-3.478	-2.669	-2.821	-4.039	-4.421	-3.513	-2.107	-2.211	-4.561	-5.282	-3.541	-4.187
Bvulgatus_CL09T03C04	HMPREF1058_RS06300	HMPREF1058_RS06300		YitT family protein	-5.267	-4.763	-0.482	-0.054	-1.185	-0.450	-0.502	-1.420	-0.843	-2.598	-0.687	0.721	-4.438	-3.148	1.266	-0.554	1.100	-1.281	-3.205	0.038	-1.068	-0.458
Bvulgatus_CL09T03C04	HMPREF1058_RS06305	HMPREF1058_RS06305		LruC domain-containing protein	0.031	0.568	0.432	1.639	-1.160	-0.792	-0.204	0.686	-0.188	0.387	0.940	0.121	-0.305	-0.268	-0.168	-0.236	0.361	-0.832	-1.309	-0.077	0.641	-0.837
Bvulgatus_CL09T03C04	HMPREF1058_RS06310	HMPREF1058_RS06310		UDP-glucose 4-epimerase GalE	-5.684	-4.799	-4.268	-4.346	-7.547	-7.257	-5.325	-4.558	-5.383	-6.656	-4.610	-6.377	-6.711	-7.612	-5.392	-5.763	-1.330	-3.076	-8.300	-7.799	-5.637	-7.197
Bvulgatus_CL09T03C04	HMPREF1058_RS06315	HMPREF1058_RS06315		hypothetical protein	-1.079	-0.608	0.072	-1.088	-1.895	-2.049	-1.854	-1.140	-2.212	-1.876	-2.905	-1.211	-1.721	-1.317	1.381	0.546	1.961	2.040	-2.678	-1.562	-1.125	-1.795
Bvulgatus_CL09T03C04	HMPREF1058_RS06320	HMPREF1058_RS06320		electron transport complex subunit RsxA	-8.816	-7.655	-2.786	-2.304	-7.516	-8.889	-3.033	-1.679	10.609	9.520	-1.361	-0.339	0.404	-0.607	-9.895	-6.306	-2.566	-1.515	1.824	7.043	-2.608	-0.386
Bvulgatus_CL09T03C04	HMPREF1058_RS06325	HMPREF1058_RS06325		electron transport complex subunit E	-3.565	-5.172	-2.374	-2.496	-3.963	-4.257	-0.686	-1.315	6.838	4.823	0.121	0.151	-0.714	0.905	-3.839	-4.356	-0.357	-1.379	1.523	4.885	-2.486	1.030
Bvulgatus_CL09T03C04	HMPREF1058_RS06330	HMPREF1058_RS06330		RnfABCDGE type electron transport complex subunit G	-4.592	-6.906	-1.655	-3.138	-3.078	-4.874	-3.564	-3.886	4.446	3.807	-0.969	0.592	-0.968	1.205	-3.991	-2.701	-2.875	-0.892	1.627	4.163	-2.051	0.606
Bvulgatus_CL09T03C04	HMPREF1058_RS06335	HMPREF1058_RS06335		RnfABCDGE type electron transport complex subunit D	-9.749	-11.421	-3.595	-4.529	-10.803	-9.467	-3.602	-2.783	8.110	11.082	-1.413	-0.507	1.188	1.395	-11.854	-6.364	-4.697	-2.419	0.362	8.938	-4.372	-0.661
Bvulgatus_CL09T03C04	HMPREF1058_RS06340	HMPREF1058_RS06340		electron transport complex subunit RsxC	-6.994	-6.084	-5.784	-4.058	-5.275	-5.741	-2.141	-0.707	6.138	5.944	-2.806	-1.613	-0.850	1.328	-7.909	-3.707	-2.667	-1.999	2.219	2.848	-1.391	0.375
Bvulgatus_CL09T03C04	HMPREF1058_RS06345	HMPREF1058_RS06345		Fe-S cluster domain-containing protein	-6.354	-8.147	-1.085	-1.048	-6.208	-7.235	-3.729	-4.700	3.938	4.873	-2.133	-3.340	-0.044	-0.698	-4.628	-4.806	-2.974	-2.132	-1.179	2.287	-4.038	-3.018
Bvulgatus_CL09T03C04	HMPREF1058_RS06350	HMPREF1058_RS06350		SoxR reducing system RseC family protein	-1.725	-1.636	-4.511	-2.459	-5.028	-5.917	-1.518	-3.444	6.229	5.320	-1.711	-1.518	-0.697	1.004	-9.080	-4.378	-2.955	-2.046	-0.019	3.512	-2.602	-0.364
Bvulgatus_CL09T03C04	HMPREF1058_RS06355	HMPREF1058_RS06355		threonine ammonia-lyase	0.360	-0.270	0.015	-0.618	-1.098	-1.675	0.503	0.436	-0.206	-0.277	-0.550	-0.355	0.123	0.167	-0.221	-1.846	0.890	0.542	0.498	-1.662	-0.203	-0.958
Bvulgatus_CL09T03C04	HMPREF1058_RS06360	HMPREF1058_RS06360		DMT family transporter	0.154	0.383	0.064	0.922	-0.670	0.150	1.093	-0.840	-1.160	0.452	-0.638	-0.255	1.441	0.830	-2.217	-0.098	0.559	-0.619	-1.107	-0.413	-1.448	0.718
Bvulgatus_CL09T03C04	HMPREF1058_RS06365	HMPREF1058_RS06365		MFS transporter	-0.284	0.160	-0.159	0.295	-1.362	0.031	-0.085	0.134	-0.127	0.835	-0.454	-0.100	0.475	-1.698	-0.313	2.693	-0.439	-0.987	0.554	1.066	1.319	-0.801
Bvulgatus_CL09T03C04	HMPREF1058_RS06370	HMPREF1058_RS06370		glutamate decarboxylase	-0.938	-1.592	-2.125	0.041	0.878	-0.885	-2.122	-0.361	0.195	-0.207	0.293	-1.039	0.712	-1.889	0.337	0.058	0.991	0.848	-0.052	-2.094	0.754	-0.479
Bvulgatus_CL09T03C04	HMPREF1058_RS06375	HMPREF1058_RS06375		glutaminase A	-0.383	-0.823	-0.374	-0.282	-1.996	-1.111	0.110	-0.080	-0.631	-0.450	0.026	-0.899	-0.956	-2.743	-0.028	-0.711	-1.916	-0.744	-1.077	-0.775	-0.177	0.078
Bvulgatus_CL09T03C04	HMPREF1058_RS06380	HMPREF1058_RS06380		copper homeostasis protein CutC	-0.520	-1.330	-0.959	-1.057	-1.954	-2.014	-0.306	-0.031	0.502	1.868	-0.872	-1.483	-1.915	-3.220	-0.167	-0.858	-1.356	-2.751	0.732	3.442	-0.926	-2.251
Bvulgatus_CL09T03C04	HMPREF1058_RS06385	HMPREF1058_RS06385		transglutaminase domain-containing protein	0.155	-0.375	-0.582	0.524	-0.499	1.003	0.327	-0.161	-0.026	-0.699	-0.743	-0.297	-1.132	-1.256	0.722	-0.134	-1.768	-0.415	-0.616	0.347	0.007	-0.067
Bvulgatus_CL09T03C04	HMPREF1058_RS06390	HMPREF1058_RS06390		two pore domain potassium channel family protein	-0.272	0.728	-0.891	-0.648	-0.837	-1.652	-0.924	-1.274	-3.829	-3.227	-0.429	-0.475	0.650	-2.417	-1.115	0.003	0.088	-0.136	-2.530	-1.016	-0.286	-1.284
Bvulgatus_CL09T03C04	HMPREF1058_RS06395	HMPREF1058_RS06395		amino acid permease	-2.333	-2.197	0.339	0.559	-0.199	1.120	-0.221	-1.400	0.177	0.383	0.929	0.722	-0.405	-1.484	1.080	-0.307	0.124	-0.031	-1.641	0.182	0.529	0.310
Bvulgatus_CL09T03C04	HMPREF1058_RS06400	HMPREF1058_RS06400		PAS domain-containing sensor histidine kinase	-0.206	-0.841	0.790	-0.010	0.394	1.050	0.695	-0.011	0.915	-0.037	0.117	0.746	-0.119	0.357	0.266	0.043	0.333	0.622	0.865	0.785	1.261	0.562
Bvulgatus_CL09T03C04	HMPREF1058_RS06405	HMPREF1058_RS06405		Na+/H+ antiporter NhaA	-0.539	-2.417	-0.775	-2.181	-0.692	-0.835	0.563	-0.650	-1.202	-1.977	-0.586	0.382	-0.750	0.003	-0.772	-0.819	-0.195	0.356	-1.170	-0.824	-0.978	-1.004
Bvulgatus_CL09T03C04	HMPREF1058_RS06410	HMPREF1058_RS06410		elongation factor 4	-2.850	-3.099	-1.993	-0.504	-2.768	-2.556	-2.698	-2.601	-0.685	-2.534	-2.944	-0.515	-2.778	-2.795	-2.579	-2.694	0.609	-0.961	-2.144	-0.642	-1.443	-2.609
Bvulgatus_CL09T03C04	HMPREF1058_RS06420	HMPREF1058_RS06420		type II toxin-antitoxin system HicA family toxin	1.782	0.246	1.859	1.869	0.251	0.399	-1.054	2.040	-0.443	0.008	-0.889	1.278	0.075	-0.386	0.359	0.042	0.495	-0.611	-0.624	-0.795	2.150	-1.037
Bvulgatus_CL09T03C04	HMPREF1058_RS06425	HMPREF1058_RS06425		winged helix-turn-helix domain-containing protein	-1.499	-2.298	1.256	0.589	0.390	0.323	-0.493	0.398	0.827	0.172	1.194	-1.133	0.138	-0.088	0.736	0.697	-0.611	-1.235	-0.196	0.663	-0.506	-0.585
Bvulgatus_CL09T03C04	HMPREF1058_RS06430	HMPREF1058_RS06430		C-GCAxxG-C-C family protein	-2.241	-3.052	-2.804	-1.517	-0.949	-0.100	-3.406	-4.448	-4.227	-3.540	-3.763	-2.488	-3.723	-2.042	-0.200	-0.857	-2.384	-1.043	-1.477	-3.601	-1.385	-3.013
Bvulgatus_CL09T03C04	HMPREF1058_RS06435	HMPREF1058_RS06435		D-2-hydroxyacid dehydrogenase	0.903	0.501	-2.490	-2.858	-1.073	-0.987	-1.465	-2.062	-1.670	-0.729	-0.541	-1.689	-0.090	0.319	0.393	0.661	-0.584	-0.317	-0.409	-0.848	-0.076	-0.772
Bvulgatus_CL09T03C04	HMPREF1058_RS06440	HMPREF1058_RS06440		replication-associated recombination protein A	-1.532	-4.076	0.590	-0.206	0.923	-2.052	-1.483	-2.297	-1.324	-0.956	-4.242	-1.354	-0.552	-3.360	0.683	-1.022	-1.824	0.658	-1.396	-1.659	-0.536	-1.511
Bvulgatus_CL09T03C04	HMPREF1058_RS06445	HMPREF1058_RS06445		hypothetical protein	0.364	-0.640	-1.601	-0.106	-0.778	-1.406	-1.052	-0.290	-2.850	-1.282	-0.338	-1.257	-0.292	-1.305	-0.008	-0.697	-0.082	-0.485	0.247	0.506	-0.568	-0.067
Bvulgatus_CL09T03C04	HMPREF1058_RS06450	HMPREF1058_RS06450		hypothetical protein	0.886	0.480	-0.820	-0.072	-1.634	0.200	0.894	0.211	-1.495	-0.779	-0.322	1.352	1.052	0.026	-0.522	-0.256	-0.257	0.452	0.385	0.227	0.467	0.739
Bvulgatus_CL09T03C04	HMPREF1058_RS06455	HMPREF1058_RS06455		DUF4248 domain-containing protein	0.084	-0.296	0.028	-0.618	-0.255	-1.454	-0.448	0.653	0.540	-0.341	-1.373	0.090	-1.509	-1.431	0.016	1.269	-0.693	0.718	-1.221	0.347	-0.092	0.575
Bvulgatus_CL09T03C04	HMPREF1058_RS06460	HMPREF1058_RS06460		hypothetical protein	-2.019	-0.740	-0.812	-1.744	-1.308	-2.716	-2.065	-0.711	-0.653	-1.864	-1.490	-0.292	-0.121	-1.164	-1.961	0.176	-1.261	-1.493	-0.482	0.160	-1.746	-0.553
Bvulgatus_CL09T03C04	HMPREF1058_RS06470	HMPREF1058_RS06470		hypothetical protein	0.971	0.193	0.586	1.104	1.476	0.483	1.342	-0.516	0.273	-2.308	0.774	0.600	0.037	1.318	-0.697	-1.114	0.468	0.451	-1.691	-1.847	-1.085	-0.528
Bvulgatus_CL09T03C04	HMPREF1058_RS06475	HMPREF1058_RS06475		DUF4373 domain-containing protein	-0.256	0.224	1.066	1.539	-1.621	-2.357	-0.272	-0.546	0.077	-0.335	-1.783	-0.450	0.716	-1.650	-0.823	-0.074	-0.886	-0.255	-0.001	0.748	-1.018	-0.737
Bvulgatus_CL09T03C04	HMPREF1058_RS06480	HMPREF1058_RS06480		putative toxin-antitoxin system toxin component, PIN family	1.492	-0.224	1.315	1.049	0.339	0.159	-0.287	1.506	1.385	3.554	0.139	1.053	-0.504	-0.002	0.994	-0.118	0.721	1.609	0.717	3.281	1.823	1.125
Bvulgatus_CL09T03C04	HMPREF1058_RS06490	HMPREF1058_RS06490		YjbH domain-containing protein	-0.148	-1.154	0.158	0.261	-1.131	1.031	-0.602	-1.349	0.352	-0.914	-1.086	-1.172	1.515	1.230	-0.880	0.041	-1.095	1.496	-0.241	-0.835	-0.724	0.327
Bvulgatus_CL09T03C04	HMPREF1058_RS06495	HMPREF1058_RS06495		DUF1972 domain-containing protein	-4.787	-4.885	-2.120	-3.534	3.223	3.697	-4.084	-4.058	-5.244	-4.833	-5.332	-5.208	-2.561	-4.376	-5.145	-6.260	-3.878	-3.123	-5.837	-4.689	-4.643	-5.167
Bvulgatus_CL09T03C04	HMPREF1058_RS06500	HMPREF1058_RS06500		acyltransferase	-3.167	-2.376	1.548	0.749	3.624	3.629	-2.298	-2.176	-1.137	-0.311	-1.268	-1.830	-0.364	-1.942	-1.810	-0.723	-1.550	0.467	0.593	-0.460	-1.227	-2.343
Bvulgatus_CL09T03C04	HMPREF1058_RS06505	HMPREF1058_RS06505		LicD family protein	-2.512	-2.235	-1.453	-2.422	2.457	0.534	-2.150	-3.477	-2.037	-2.527	-2.698	-3.010	-3.371	-4.500	-2.032	-2.736	-4.526	-1.149	-2.663	-1.628	-3.264	-4.105
Bvulgatus_CL09T03C04	HMPREF1058_RS06510	HMPREF1058_RS06510		ornithine cyclodeaminase	-1.491	-1.382	-0.685	1.501	3.499	3.509	0.095	-0.651	-0.012	-0.008	-0.259	-2.802	0.958	-0.932	-1.171	-1.423	-1.524	-0.299	-0.260	-0.630	-1.307	-1.841
Bvulgatus_CL09T03C04	HMPREF1058_RS06515	HMPREF1058_RS06515		aminotransferase class I/II-fold pyridoxal phosphate-dependent enzyme	-1.378	-1.312	-0.181	0.977	3.731	6.894	-0.779	-1.531	-0.891	-0.543	-1.400	-1.935	-0.000	-0.457	-1.430	-1.685	-0.986	-0.592	-2.097	-2.157	-1.305	-2.305
Bvulgatus_CL09T03C04	HMPREF1058_RS06520	HMPREF1058_RS06520		capsular polysaccharide synthesis protein	-2.806	-4.234	-4.895	-2.058	0.106	3.387	-1.694	-4.659	-0.277	-1.529	-3.247	-4.195	-0.056	-3.284	-4.307	-3.511	-2.498	-0.934	-2.649	-2.692	-3.584	-3.585
Bvulgatus_CL09T03C04	HMPREF1058_RS06525	HMPREF1058_RS06525		hypothetical protein	-3.917	-5.628	-6.099	-6.354	0.829	2.927	-4.699	-4.158	-3.197	-4.047	-6.912	-5.898	-5.866	-4.796	-7.302	-5.628	-4.693	-2.971	-3.768	-3.791	-5.201	-5.736
Bvulgatus_CL09T03C04	HMPREF1058_RS06530	HMPREF1058_RS06530		flippase	-3.643	-1.997	-0.783	-2.374	1.628	0.348	-2.495	-2.857	-0.612	-1.042	-4.009	-2.310	-1.268	-3.775	-5.051	-4.063	-2.101	-1.834	-3.029	-2.107	-4.751	-3.730
Bvulgatus_CL09T03C04	HMPREF1058_RS06535	HMPREF1058_RS06535		hypothetical protein	-0.111	-1.573	-1.113	-0.457	3.032	2.707	-0.957	-1.179	0.535	0.692	-0.686	-1.078	-0.683	-0.297	-0.987	-0.768	-0.676	-0.818	0.286	1.075	-0.163	-0.770
Bvulgatus_CL09T03C04	HMPREF1058_RS06540	HMPREF1058_RS06540		hypothetical protein	-2.702	-0.785	0.504	-0.658	-1.512	0.540	-2.206	-1.764	-3.281	0.278	-1.444	-0.123	-0.561	-3.223	-1.758	-0.520	-1.561	-0.932	-0.852	-2.595	-1.247	-1.055
Bvulgatus_CL09T03C04	HMPREF1058_RS06545	HMPREF1058_RS06545		transcriptional regulator	-3.319	-3.094	-4.349	-1.302	5.167	4.099	-4.632	-2.566	-2.131	-3.177	-3.613	-4.796	-1.304	-2.889	-4.884	-2.853	-3.004	-2.735	-2.975	-3.693	-3.887	-5.091
Bvulgatus_CL09T03C04	HMPREF1058_RS06550	HMPREF1058_RS06550		DUF86 domain-containing protein	0.701	-1.815	-0.517	1.791	-0.255	0.903	-1.249	-0.673	0.365	-0.011	-0.082	-0.054	1.288	0.801	1.249	0.523	0.054	1.158	-0.309	1.384	0.718	-0.173
Bvulgatus_CL09T03C04	HMPREF1058_RS06555	HMPREF1058_RS06555		nucleotidyltransferase domain-containing protein	-0.984	1.985	2.206	1.739	-1.003	-0.497	-1.305	-0.796	1.019	-2.762	0.253	-2.331	-0.933	-0.388	-0.089	-0.013	-0.241	-1.409	-0.605	-1.727	-2.376	0.278
Bvulgatus_CL09T03C04	HMPREF1058_RS06560	HMPREF1058_RS06560		carboxypeptidase-like regulatory domain-containing protein	-6.879	-4.838	-6.076	-5.168	-7.814	-7.839	-6.034	-4.642	-7.847	-4.979	-6.562	-5.546	-7.726	-8.354	-3.377	-0.295	0.939	1.713	-8.555	-8.531	-6.468	-5.441
Bvulgatus_CL09T03C04	HMPREF1058_RS06565	HMPREF1058_RS06565		phosphate signaling complex protein PhoU	-2.886	-2.494	-0.308	-0.238	0.210	-0.161	0.859	1.078	0.504	0.411	0.280	-0.124	-1.112	-0.627	-1.725	0.277	2.250	0.958	0.561	0.608	1.133	0.413
Bvulgatus_CL09T03C04	HMPREF1058_RS06570	HMPREF1058_RS06570		phosphate ABC transporter ATP-binding protein	-0.365	-0.169	-1.447	-0.730	0.010	0.328	1.926	0.564	0.446	1.262	1.333	-0.344	1.454	1.125	-0.899	-0.110	0.012	0.377	-0.494	-0.650	0.139	0.278
Bvulgatus_CL09T03C04	HMPREF1058_RS06575	HMPREF1058_RS06575		phosphate ABC transporter permease PstA	-0.989	0.405	-0.285	-0.120	-2.325	-2.972	-0.071	0.606	-3.302	-1.706	-0.603	-1.019	-0.474	-1.366	-1.281	0.528	-0.921	-0.186	-1.589	-0.989	-1.703	-0.326
Bvulgatus_CL09T03C04	HMPREF1058_RS06580	HMPREF1058_RS06580		phosphate ABC transporter permease subunit PstC	0.321	0.109	-1.681	-1.443	-1.684	-2.008	-0.742	-0.818	0.736	-1.093	-0.259	-0.685	-0.462	-1.342	-1.169	-0.201	-0.322	-0.616	0.058	-0.605	-1.861	0.020
Bvulgatus_CL09T03C04	HMPREF1058_RS06585	HMPREF1058_RS06585		PstS family phosphate ABC transporter substrate-binding protein	-1.436	-0.793	-0.153	0.287	0.073	-1.002	1.279	-1.806	-0.864	-1.116	-0.062	1.095	-1.491	-1.273	-0.433	-0.269	0.063	0.579	-0.777	-0.762	-0.479	1.116
Bvulgatus_CL09T03C04	HMPREF1058_RS06595	HMPREF1058_RS06595		hypothetical protein	-1.053	1.197	-4.096	-3.976	-7.037	-9.157	-3.572	-3.307	-3.859	-4.102	-3.735	-5.844	-2.012	-3.123	-6.185	-5.260	-3.084	-4.341	-5.399	-5.016	-4.987	-5.214
Bvulgatus_CL09T03C04	HMPREF1058_RS06600	HMPREF1058_RS06600		DedA family protein	-4.773	-4.429	-2.365	-2.747	-4.975	-4.370	-2.421	-5.110	-4.507	-2.556	-4.087	-4.063	-3.417	-5.918	-3.897	-4.129	-1.992	-1.313	-4.524	-3.558	-3.904	-4.430
Bvulgatus_CL09T03C04	HMPREF1058_RS06605	HMPREF1058_RS06605		thiol peroxidase	-0.194	0.778	0.491	-0.240	-0.102	0.581	0.233	0.408	0.463	0.046	0.727	0.931	-0.584	0.729	1.785	1.058	0.782	0.507	0.210	-0.833	0.632	0.464
Bvulgatus_CL09T03C04	HMPREF1058_RS06610	HMPREF1058_RS06610		GDP-L-fucose synthase	-4.095	-5.226	0.293	0.289	-3.262	-2.011	-2.358	-3.912	-1.654	-0.249	-1.222	-2.775	-2.663	-5.346	-0.209	0.077	-0.100	-0.580	-5.105	-4.321	-3.590	-2.649
Bvulgatus_CL09T03C04	HMPREF1058_RS06615	HMPREF1058_RS06615		GDP-mannose 4,6-dehydratase	0.058	-0.710	-1.612	-0.721	-2.609	-1.136	-1.639	-1.317	-1.398	-2.672	-3.218	-1.861	-3.915	-1.055	-0.200	0.047	-0.311	-0.270	-5.106	-3.322	-3.573	-3.983
Bvulgatus_CL09T03C04	HMPREF1058_RS06625	HMPREF1058_RS06625		undecaprenyl-phosphate glucose phosphotransferase	-2.760	-4.125	-2.286	-1.973	1.793	4.132	-0.991	-1.868	-1.545	-0.220	-3.272	-2.650	0.089	-4.083	-1.398	-2.890	-0.826	-0.581	1.404	0.403	-2.847	-4.511
Bvulgatus_CL09T03C04	HMPREF1058_RS06640	HMPREF1058_RS06640		chain-length determining protein	-1.480	-2.028	-3.364	-3.895	-1.561	-1.376	-3.109	-1.410	2.264	0.349	-4.676	-6.625	-1.596	-2.026	-4.605	-4.700	-3.942	-4.610	0.285	1.587	-7.319	-6.246
Bvulgatus_CL09T03C04	HMPREF1058_RS06645	HMPREF1058_RS06645		SLBB domain-containing protein	-4.306	-3.084	-3.850	-4.285	-1.542	-0.472	-2.690	-3.950	-0.389	-0.780	-7.237	-8.474	-4.859	-4.416	-6.949	-4.919	-2.682	-2.553	-0.731	-0.774	-8.019	-8.065
Bvulgatus_CL09T03C04	HMPREF1058_RS06650	HMPREF1058_RS06650		xylose isomerase	-0.876	0.166	1.129	1.345	-0.863	-0.637	-0.207	-0.540	-0.887	-0.112	-0.155	-0.636	-0.252	0.478	-0.064	-0.583	-1.874	-2.241	-0.721	-0.051	-1.218	-1.730
Bvulgatus_CL09T03C04	HMPREF1058_RS06655	HMPREF1058_RS06655		carbohydrate kinase	-1.828	-1.169	-1.795	-1.328	-2.184	0.345	-2.045	-1.403	-0.303	-0.413	-1.610	-1.710	-0.881	-1.706	-0.210	-1.018	-0.093	-0.564	-2.136	-0.605	-0.702	-1.027
Bvulgatus_CL09T03C04	HMPREF1058_RS06660	HMPREF1058_RS06660		NUDIX hydrolase	-3.270	-1.168	-0.113	1.014	-1.102	-1.190	-2.211	-0.378	-0.700	-1.488	1.070	-0.512	-1.012	-0.914	1.260	-1.062	-0.585	0.565	-1.344	-2.109	-0.465	-0.892
Bvulgatus_CL09T03C04	HMPREF1058_RS06665	HMPREF1058_RS06665		response regulator transcription factor	-1.098	-0.074	0.612	0.684	-0.803	-3.356	-0.478	0.964	-2.439	-0.813	0.509	-0.787	-0.188	0.181	0.452	-2.337	-1.335	-0.099	-0.185	1.003	-0.095	-0.796
Bvulgatus_CL09T03C04	HMPREF1058_RS06670	HMPREF1058_RS06670		sugar transferase	-1.175	-0.262	-3.402	-1.273	-3.907	-5.009	-1.212	-0.577	0.051	1.409	-1.656	-0.794	-1.084	-1.758	0.432	-1.560	-1.141	-0.954	0.606	0.563	-1.608	-2.018
Bvulgatus_CL09T03C04	HMPREF1058_RS06675	HMPREF1058_RS06675		TolC family protein	0.621	1.435	0.576	-0.753	-1.148	-1.186	0.642	0.473	0.127	-0.380	1.138	1.357	1.268	3.565	1.874	0.494	1.456	0.902	0.762	-1.027	-0.056	-0.239
Bvulgatus_CL09T03C04	HMPREF1058_RS06680	HMPREF1058_RS06680		hypothetical protein	1.433	0.622	0.454	-0.383	0.143	-0.156	0.911	0.035	-0.977	1.083	0.607	0.288	0.913	1.217	2.321	0.642	1.133	1.031	0.035	-0.214	0.265	-0.004
Bvulgatus_CL09T03C04	HMPREF1058_RS06685	HMPREF1058_RS06685		O-antigen ligase family protein	0.446	-0.442	-3.601	0.402	-0.538	-0.957	0.192	-0.019	-0.091	0.476	-0.291	0.382	0.147	1.657	1.598	0.315	-1.273	-0.059	0.561	0.266	0.769	0.084
Bvulgatus_CL09T03C04	HMPREF1058_RS06690	HMPREF1058_RS06690		glycosyltransferase family 2 protein	1.006	0.290	-2.172	0.316	0.659	-0.351	1.409	2.053	0.454	2.635	1.900	1.838	1.682	4.018	1.934	1.586	1.272	1.390	1.862	1.595	0.578	0.841
Bvulgatus_CL09T03C04	HMPREF1058_RS06695	HMPREF1058_RS06695		glycosyltransferase	0.746	0.525	1.013	0.050	0.856	-0.255	1.384	-0.151	2.420	-0.026	-0.223	1.384	0.759	0.987	1.739	-0.121	0.182	1.095	1.543	2.726	-0.136	-0.355
Bvulgatus_CL09T03C04	HMPREF1058_RS06700	HMPREF1058_RS06700		glycosyltransferase family 2 protein	-1.034	-0.214	-0.573	-1.001	-0.377	-1.094	0.108	0.489	2.362	0.027	0.301	0.045	0.565	0.485	0.788	-1.273	-0.162	0.647	0.233	1.802	0.312	-0.731
Bvulgatus_CL09T03C04	HMPREF1058_RS06705	HMPREF1058_RS06705		acyltransferase	0.742	1.357	2.850	0.677	1.547	3.637	1.664	2.589	1.584	2.169	1.226	-0.092	-0.056	1.448	2.627	1.507	1.223	2.251	0.837	0.237	0.137	0.529
Bvulgatus_CL09T03C04	HMPREF1058_RS06710	HMPREF1058_RS06710		DUF4422 domain-containing protein	1.830	-0.040	0.600	-2.078	0.335	7.406	-0.097	1.529	-1.320	-0.001	-0.244	0.182	0.782	-0.789	0.811	1.150	-0.269	-0.639	-1.027	-1.401	-0.089	-1.102
Bvulgatus_CL09T03C04	HMPREF1058_RS06715	HMPREF1058_RS06715		glycosyltransferase	0.058	0.562	-0.760	-1.729	2.163	5.105	-0.106	-0.519	-1.809	-1.049	1.194	-0.498	-0.770	0.201	-0.359	0.851	-0.372	-0.813	-1.148	-2.101	-0.723	-0.010
Bvulgatus_CL09T03C04	HMPREF1058_RS06720	HMPREF1058_RS06720		glycosyltransferase	0.203	0.221	1.517	1.110	2.914	6.174	0.289	1.392	-0.289	-0.754	0.807	1.053	2.403	-2.648	2.216	1.642	0.684	-0.508	-2.545	-1.700	1.659	0.072
Bvulgatus_CL09T03C04	HMPREF1058_RS06725	HMPREF1058_RS06725		glycosyl transferase	1.783	0.363	-0.521	-0.102	2.830	5.277	0.160	0.037	-1.410	-1.377	0.145	0.101	0.034	-0.536	0.633	1.141	-1.148	0.089	-2.519	-2.305	0.315	1.615
Bvulgatus_CL09T03C04	HMPREF1058_RS06730	HMPREF1058_RS06730		ABC transporter ATP-binding protein	0.189	0.841	0.501	-1.797	2.668	6.151	0.255	-0.490	-2.169	-0.427	1.771	-0.722	-0.416	-1.465	1.173	1.505	-1.076	-1.409	-3.877	-1.314	0.851	-1.470
Bvulgatus_CL09T03C04	HMPREF1058_RS06735	HMPREF1058_RS06735		ABC transporter permease	0.979	0.661	-0.322	-0.495	1.224	5.915	0.213	0.397	0.897	-1.318	1.693	0.107	0.546	0.078	2.385	0.776	0.063	-0.366	-0.480	0.812	-0.238	0.631
Bvulgatus_CL09T03C04	HMPREF1058_RS06740	HMPREF1058_RS06740		glycosyltransferase	-0.459	0.126	0.783	0.169	2.379	5.030	-0.468	0.690	-1.171	-0.471	0.801	0.459	0.191	-0.629	0.009	0.579	0.048	0.348	-1.238	-0.722	0.150	1.917
Bvulgatus_CL09T03C04	HMPREF1058_RS06745	HMPREF1058_RS06745		glycosyltransferase family 2 protein	0.859	0.590	-0.241	-0.779	-0.827	-1.264	-0.130	0.048	0.094	-0.856	0.150	0.589	0.593	-0.175	-0.598	-0.140	0.885	-1.171	-0.594	-0.597	-0.165	0.718
Bvulgatus_CL09T03C04	HMPREF1058_RS06750	HMPREF1058_RS06750		glycosyltransferase family 2 protein	-1.566	-0.552	0.108	0.554	-0.747	-0.518	0.375	0.003	0.709	0.416	0.274	-0.318	0.274	-1.801	0.692	-0.478	0.126	0.700	-0.058	0.738	0.482	-0.081
Bvulgatus_CL09T03C04	HMPREF1058_RS06755	HMPREF1058_RS06755		glycosyltransferase family 4 protein	-0.157	0.023	-1.158	-0.441	0.362	0.149	0.313	0.925	-0.472	0.281	0.108	0.329	1.105	0.746	0.726	0.610	1.317	0.069	0.089	-1.052	0.777	0.354
Bvulgatus_CL09T03C04	HMPREF1058_RS06760	HMPREF1058_RS06760		glycosyltransferase family 4 protein	0.325	-2.034	0.495	1.036	0.682	0.421	-0.224	1.181	1.256	1.464	0.858	-0.448	0.527	-0.480	0.832	0.737	-0.099	-1.276	1.410	0.633	0.589	0.979
Bvulgatus_CL09T03C04	HMPREF1058_RS06765	HMPREF1058_RS06765		glycosyltransferase family 1 protein	1.601	2.952	0.637	1.852	2.120	4.057	1.165	1.344	1.065	1.773	0.809	1.187	0.913	1.097	3.015	0.343	0.876	1.220	0.068	1.470	1.324	1.265
Bvulgatus_CL09T03C04	HMPREF1058_RS06770	HMPREF1058_RS06770		glycosyltransferase family 4 protein	-0.446	-0.492	-0.333	1.034	1.094	-1.489	-0.845	0.310	-2.546	0.702	0.058	-0.401	2.136	0.294	1.187	-0.216	0.333	0.793	-1.669	-0.847	-0.340	-0.347
Bvulgatus_CL09T03C04	HMPREF1058_RS06775	HMPREF1058_RS06775		class I SAM-dependent methyltransferase	0.832	0.284	-3.369	-2.184	-0.189	-0.962	1.611	0.833	-0.594	0.247	-0.949	0.426	-0.745	0.387	-1.788	-1.448	0.340	-0.343	0.315	-0.365	-0.169	-0.111
Bvulgatus_CL09T03C04	HMPREF1058_RS06780	HMPREF1058_RS06780		glycosyltransferase family 2 protein	0.007	2.066	0.413	-1.537	-0.052	-0.122	0.779	0.110	-0.694	-0.187	0.249	0.406	1.060	-0.323	1.086	0.771	0.943	-0.956	1.780	0.875	0.729	-0.494
Bvulgatus_CL09T03C04	HMPREF1058_RS06785	HMPREF1058_RS06785		glycosyltransferase family 4 protein	-2.259	0.346	-3.466	-0.613	-0.074	-0.290	2.180	1.398	1.663	-0.188	1.499	0.799	1.664	2.575	2.005	0.697	-0.034	-0.181	0.615	0.951	-0.058	0.198
Bvulgatus_CL09T03C04	HMPREF1058_RS06790	HMPREF1058_RS06790		glycosyltransferase family 2 protein	-0.780	0.541	-2.027	-2.199	-1.368	-0.561	0.851	0.823	-0.557	0.169	1.259	-0.448	1.134	0.689	2.147	0.801	-0.793	-0.152	0.444	0.623	0.607	0.882
Bvulgatus_CL09T03C04	HMPREF1058_RS06795	HMPREF1058_RS06795		response regulator	-0.338	-1.464	-1.297	-0.273	2.377	-0.764	0.166	-0.789	-0.498	1.404	-0.309	0.660	-0.303	-1.029	-0.049	0.123	0.008	0.711	0.868	-0.613	0.918	-1.370
Bvulgatus_CL09T03C04	HMPREF1058_RS06800	HMPREF1058_RS06800		response regulator	0.898	0.321	1.556	1.732	-0.650	-1.063	0.589	-0.479	1.127	1.159	0.588	0.609	1.003	-0.508	-0.109	0.228	-0.155	-0.301	1.704	1.511	0.411	0.508
Bvulgatus_CL09T03C04	HMPREF1058_RS06805	HMPREF1058_RS06805		endonuclease/exonuclease/phosphatase family protein	2.323	3.828	-0.067	0.761	1.520	0.853	1.275	2.079	0.283	1.588	1.743	0.434	-0.212	1.426	1.877	1.330	-0.869	0.292	2.230	2.451	2.348	0.380
Bvulgatus_CL09T03C04	HMPREF1058_RS06810	HMPREF1058_RS06810		response regulator	0.659	-0.165	0.300	1.305	0.411	0.062	-0.237	0.072	0.115	-1.792	0.545	-0.345	-0.571	0.211	0.423	-0.086	-0.159	0.314	0.218	-0.498	0.191	-1.668
Bvulgatus_CL09T03C04	HMPREF1058_RS06815	HMPREF1058_RS06815		SDR family oxidoreductase	0.579	1.282	1.171	0.643	-2.281	-3.104	-0.281	1.020	0.747	0.821	-0.001	0.097	0.509	1.448	1.502	-0.201	0.166	0.668	2.347	1.125	0.116	0.426
Bvulgatus_CL09T03C04	HMPREF1058_RS06820	HMPREF1058_RS06820		bifunctional hydroxymethylpyrimidine kinase/phosphomethylpyrimidine kinase	-11.419	-11.060	-7.290	-7.196	-9.294	-10.727	-11.553	-10.091	-12.462	-11.470	-10.825	-11.439	-9.821	-8.521	-7.361	-6.504	0.271	-1.693	-10.513	-10.597	-8.802	-10.198
Bvulgatus_CL09T03C04	HMPREF1058_RS06830	HMPREF1058_RS06830		patatin-like phospholipase family protein	-0.966	-1.831	-0.018	0.317	-0.813	-0.292	-1.144	-1.222	-1.214	-0.664	-1.254	-0.142	-1.290	-0.940	0.186	0.560	0.321	0.842	-0.805	-0.885	0.519	-0.424
Bvulgatus_CL09T03C04	HMPREF1058_RS06835	HMPREF1058_RS06835		alpha-amylase family protein	-2.259	-2.916	0.038	-1.013	-1.250	0.279	-3.192	-2.259	-4.871	-4.299	-1.016	-2.093	-1.307	-1.190	1.154	-0.449	0.482	0.740	-4.743	-6.423	-0.452	-1.838
Bvulgatus_CL09T03C04	HMPREF1058_RS06840	HMPREF1058_RS06840		HpaII family restriction endonuclease	0.576	-0.160	1.206	1.230	-0.218	1.168	-0.366	-0.480	0.070	-0.667	-0.367	0.535	1.058	0.848	0.246	-0.088	-1.857	-0.191	0.083	-0.234	1.774	-0.851
Bvulgatus_CL09T03C04	HMPREF1058_RS06845	HMPREF1058_RS06845		linear amide C-N hydrolase	-1.400	-0.350	0.995	1.600	0.507	1.219	-0.574	0.363	-0.694	1.393	0.921	-0.252	-0.240	0.442	0.164	0.290	-0.810	-0.012	0.087	0.645	1.047	-1.003
Bvulgatus_CL09T03C04	HMPREF1058_RS06850	HMPREF1058_RS06850		hypothetical protein	0.841	0.602	-0.352	-0.420	-1.168	0.372	0.585	0.395	-0.001	0.302	-0.677	-0.241	0.774	0.307	-0.854	1.316	0.252	0.518	0.412	1.067	-0.944	-0.474
Bvulgatus_CL09T03C04	HMPREF1058_RS06855	HMPREF1058_RS06855		Hsp20/alpha crystallin family protein	0.100	-1.170	0.208	-1.966	-1.061	1.462	-0.457	0.501	-1.552	-1.140	0.110	-1.015	-1.776	0.059	-0.162	-1.318	-1.373	-0.497	-0.030	-0.623	-0.070	-0.725
Bvulgatus_CL09T03C04	HMPREF1058_RS06865	HMPREF1058_RS06865		PAS domain-containing protein	-0.589	-0.744	-0.277	0.788	0.226	0.189	-0.750	-0.216	0.055	0.457	0.369	0.600	0.313	-0.053	0.552	-0.136	0.021	-0.144	0.157	0.177	0.438	-0.008
Bvulgatus_CL09T03C04	HMPREF1058_RS06870	HMPREF1058_RS06870		carbamoyl-phosphate synthase (glutamine-hydrolyzing) large subunit	-3.043	-3.125	0.011	0.726	0.131	1.721	-5.575	-4.980	-3.455	-2.815	-4.398	-5.155	1.002	-0.004	-0.189	-0.916	0.137	0.310	-3.678	-4.459	-3.805	-4.999
Bvulgatus_CL09T03C04	HMPREF1058_RS06875	HMPREF1058_RS06875		glutamine-hydrolyzing carbamoyl-phosphate synthase small subunit	-2.827	-2.346	0.081	-0.201	-0.986	0.129	-3.775	-5.186	-3.183	-2.424	-4.432	-5.096	-1.136	-0.618	-0.090	-0.041	0.345	-0.381	-3.492	-3.727	-4.512	-2.979
Bvulgatus_CL09T03C04	HMPREF1058_RS06880	HMPREF1058_RS06880		amidophosphoribosyltransferase	-7.279	-6.118	-0.037	0.903	-0.616	-0.321	-4.805	-4.547	-1.400	-1.606	-3.510	-3.847	-3.723	-4.047	2.022	-0.384	-2.435	-2.697	-1.689	-4.173	-2.983	-3.953
Bvulgatus_CL09T03C04	HMPREF1058_RS06885	HMPREF1058_RS06885		glutamine--fructose-6-phosphate transaminase (isomerizing)	-2.701	-2.724	-1.164	-0.779	-2.277	-0.285	-2.191	-1.752	-4.176	-3.381	-2.562	-2.035	-0.856	-0.157	-1.139	-0.179	0.953	-0.664	-5.580	-3.960	-3.551	-2.983
Bvulgatus_CL09T03C04	HMPREF1058_RS06890	HMPREF1058_RS06890		glutamine synthetase III	-2.433	-1.986	-1.365	-0.976	-0.835	0.633	-1.914	-1.282	0.653	-0.380	-0.621	-0.233	-0.731	-1.096	1.295	-0.796	-0.483	0.241	-2.043	-0.679	0.001	-1.054
Bvulgatus_CL09T03C04	HMPREF1058_RS06895	HMPREF1058_RS06895		ammonium transporter	-0.058	-0.245	-0.258	-0.492	-0.487	0.173	-1.305	-1.573	-0.778	-2.830	-1.802	-0.671	-0.499	-1.085	-1.278	0.032	-1.356	0.435	-1.644	-0.289	-1.867	-0.260
Bvulgatus_CL09T03C04	HMPREF1058_RS06900	HMPREF1058_RS06900		P-II family nitrogen regulator	0.550	-0.140	0.290	0.094	-0.465	-0.624	0.832	-0.771	-0.924	0.248	-0.166	-2.358	-0.540	-0.842	-1.793	-0.966	-0.551	0.065	-1.598	0.804	-0.299	-1.076
Bvulgatus_CL09T03C04	HMPREF1058_RS06905	HMPREF1058_RS06905		hypothetical protein	-1.327	-0.151	1.735	1.429	-0.994	-1.597	-0.079	-0.464	-1.586	0.658	-0.888	-0.188	0.054	-0.847	-0.304	-1.524	-0.552	0.731	-0.513	0.063	0.281	-1.538
Bvulgatus_CL09T03C04	HMPREF1058_RS06910	HMPREF1058_RS06910		LL-diaminopimelate aminotransferase	0.223	-0.226	-0.314	1.489	0.089	1.635	0.494	-0.224	-0.704	-0.877	0.320	-0.158	-1.272	-0.133	-0.921	-0.773	0.295	0.161	-1.652	-1.504	-0.413	0.198
Bvulgatus_CL09T03C04	HMPREF1058_RS06915	HMPREF1058_RS06915		diaminopimelate epimerase	-1.238	-2.792	-0.786	-2.692	-0.941	-0.333	-1.313	0.276	-1.870	-2.102	-2.626	-0.734	-1.634	-1.494	-1.239	-2.036	-2.296	-1.885	-0.742	-2.285	-2.151	-1.649
Bvulgatus_CL09T03C04	HMPREF1058_RS06920	HMPREF1058_RS06920		glutamate synthase large subunit	-0.654	-0.562	1.396	0.841	0.482	-0.488	0.624	0.092	-0.665	0.791	-1.002	-0.567	0.416	-0.948	-0.156	0.185	0.524	-0.887	0.972	-0.779	1.865	-0.916
Bvulgatus_CL09T03C04	HMPREF1058_RS06925	HMPREF1058_RS06925		glutamate synthase subunit beta	-0.188	-1.359	0.054	0.848	-0.329	0.129	-0.618	-0.673	0.891	-0.556	0.554	-0.100	0.825	-0.679	-0.503	1.045	-0.130	-0.033	-1.211	-1.189	-0.941	-0.781
Bvulgatus_CL09T03C04	HMPREF1058_RS06930	HMPREF1058_RS06930		asparagine synthase B	0.664	-0.686	1.431	1.290	1.305	1.173	0.479	1.842	1.651	1.877	1.326	1.480	-0.379	0.093	0.835	0.178	0.739	0.434	1.129	0.095	1.004	0.549
Bvulgatus_CL09T03C04	HMPREF1058_RS06935	HMPREF1058_RS06935		AAA family ATPase	0.430	0.737	-0.389	-0.031	-1.094	-1.369	-0.147	-0.434	0.484	0.073	-0.281	-0.758	-1.899	0.031	1.050	1.797	0.861	0.350	0.514	0.576	0.086	1.469
Bvulgatus_CL09T03C04	HMPREF1058_RS06940	HMPREF1058_RS06940		carboxypeptidase regulatory-like domain-containing protein	1.466	-0.147	0.257	1.625	0.583	1.412	-0.116	0.196	1.870	0.374	0.592	0.877	-1.590	0.773	0.506	0.603	-0.235	0.008	1.032	0.827	2.270	0.436
Bvulgatus_CL09T03C04	HMPREF1058_RS06945	HMPREF1058_RS06945		tRNA-Thr	-0.747	0.048	-0.496	-0.607	-0.070	1.677	0.364	0.191	-0.583	-1.178	0.351	1.360	-0.070	-0.564	-0.333	0.757	-0.467	0.853	-0.524	-1.251	-0.724	-0.615
Bvulgatus_CL09T03C04	HMPREF1058_RS06950	HMPREF1058_RS06950		hypothetical protein	1.035	-0.896	-0.261	-1.169	-1.078	-0.079	-0.058	-0.245	0.796	-0.321	-1.387	1.270	1.795	1.023	0.565	-0.304	0.713	-0.476	0.340	-0.622	1.920	-0.986
Bvulgatus_CL09T03C04	HMPREF1058_RS06955	HMPREF1058_RS06955		HEPN domain-containing protein	-0.136	-0.128	0.201	-1.334	-0.385	2.598	0.640	-0.475	0.154	-0.192	0.539	-0.692	0.613	0.311	-0.414	-0.850	-1.011	-0.678	0.174	1.285	1.364	-1.243
Bvulgatus_CL09T03C04	HMPREF1058_RS06965	HMPREF1058_RS06965		IS66 family insertion sequence element accessory protein TnpB	-1.069	0.361	0.419	0.596	0.268	1.055	-0.253	0.372	-0.495	-0.122	-0.509	-0.224	-0.588	-1.170	-0.115	1.646	2.249	1.625	0.255	0.298	-0.394	0.898
Bvulgatus_CL09T03C04	HMPREF1058_RS06975	HMPREF1058_RS06975		hypothetical protein	0.365	-0.844	-0.275	0.404	-0.493	0.387	-0.163	-1.547	0.275	1.037	1.114	-0.853	-0.305	-0.332	-1.553	-0.380	0.222	-0.838	-0.768	0.495	0.386	-0.409
Bvulgatus_CL09T03C04	HMPREF1058_RS06980	HMPREF1058_RS06980		sugar transferase	-1.614	-0.114	-3.031	-0.610	-0.298	-0.205	-0.045	-1.124	-0.374	0.507	-0.352	0.358	-0.437	0.189	1.478	-0.099	0.478	-1.931	-1.347	-0.749	-1.184	-1.514
Bvulgatus_CL09T03C04	HMPREF1058_RS06985	HMPREF1058_RS06985		glycosyltransferase family 2 protein	0.474	0.355	-2.245	-0.783	-0.238	0.120	0.601	-0.711	-0.554	0.198	0.673	-0.839	1.078	-0.552	0.453	-0.583	-0.105	-0.102	-0.484	-1.582	-0.195	-1.093
Bvulgatus_CL09T03C04	HMPREF1058_RS06990	HMPREF1058_RS06990		family 10 glycosylhydrolase	-0.120	-0.159	-0.597	-0.574	-1.569	1.292	2.120	0.685	-0.582	-0.544	-0.944	1.244	-0.514	0.062	-0.219	0.020	0.130	0.324	-0.109	-1.063	0.734	-0.041
Bvulgatus_CL09T03C04	HMPREF1058_RS06995	HMPREF1058_RS06995		alpha-L-fucosidase	-0.384	-0.591	-0.748	-0.607	-1.709	-0.795	-0.153	-0.436	-0.734	-0.858	0.328	-0.414	-1.345	0.383	0.347	-0.850	0.684	-0.034	-1.188	-1.312	-0.081	-0.381
Bvulgatus_CL09T03C04	HMPREF1058_RS07000	HMPREF1058_RS07000		DNA/RNA non-specific endonuclease	1.347	1.152	-0.125	-0.693	0.347	1.700	0.638	1.045	1.066	1.211	0.532	1.318	2.865	1.816	0.061	-0.150	0.007	1.097	1.674	2.024	1.605	1.107
Bvulgatus_CL09T03C04	HMPREF1058_RS07005	HMPREF1058_RS07005		alpha-N-arabinofuranosidase	-0.511	-1.009	0.560	0.095	-1.165	0.000	0.084	-0.655	0.368	0.900	-1.298	-0.392	0.522	0.429	0.072	-0.066	-0.518	-1.398	-0.587	0.203	0.381	0.468
Bvulgatus_CL09T03C04	HMPREF1058_RS07010	HMPREF1058_RS07010		endolytic transglycosylase MltG	3.332	2.415	0.093	-0.293	-0.291	0.110	2.628	1.432	4.644	3.985	1.336	1.146	3.825	4.684	1.633	-0.776	1.455	0.162	5.117	4.329	3.655	1.269
Bvulgatus_CL09T03C04	HMPREF1058_RS07015	HMPREF1058_RS07015		EFR1 family ferrodoxin	0.638	-0.736	1.586	0.949	-0.255	2.057	-0.212	0.394	1.116	0.362	-0.052	0.415	0.665	-0.671	-0.313	0.690	0.652	0.532	0.247	-0.536	1.630	-0.738
Bvulgatus_CL09T03C04	HMPREF1058_RS07040	HMPREF1058_RS07040		tetratricopeptide repeat protein	-8.389	-8.079	-13.202	-12.259	-12.713	-12.608	-8.465	-7.378	-5.821	-6.624	-9.687	-8.206	-15.575	-9.245	-13.015	-10.961	-0.599	-2.575	-13.779	-8.864	-14.099	-9.919
Bvulgatus_CL09T03C04	HMPREF1058_RS07055	HMPREF1058_RS07055		hypothetical protein	-1.648	-1.737	-2.828	-0.788	-1.534	-1.195	-0.219	-0.045	-0.061	-1.436	-2.816	-2.234	1.454	3.211	-3.476	-1.432	1.196	0.777	-3.335	-1.781	-3.624	-1.827
Bvulgatus_CL09T03C04	HMPREF1058_RS07060	HMPREF1058_RS07060		DUF3869 domain-containing protein	-0.875	-0.686	-2.028	-1.524	-0.914	-1.531	0.927	2.123	1.176	-2.195	-0.735	-1.433	-2.099	1.761	-2.542	-2.740	0.072	0.423	-3.733	0.022	-2.861	-1.186
Bvulgatus_CL09T03C04	HMPREF1058_RS07065	HMPREF1058_RS07065		OmpA family protein	-0.429	-1.291	-2.077	-5.928	-3.809	-0.003	-0.241	0.283	-2.768	-1.571	-2.281	-1.513	-2.341	-0.774	-4.984	-1.366	-0.223	-0.129	-5.133	-1.959	-3.395	-0.650
Bvulgatus_CL09T03C04	HMPREF1058_RS07070	HMPREF1058_RS07070		PCMD domain-containing protein	-0.159	-0.101	1.001	0.168	-0.645	-0.314	-0.382	0.142	-0.878	-0.705	-0.012	-0.288	0.180	-0.267	-1.291	-0.202	-0.595	-0.189	-0.106	-0.322	0.670	-0.526
Bvulgatus_CL09T03C04	HMPREF1058_RS07075	HMPREF1058_RS07075		SPOR domain-containing protein	-3.679	-3.500	-4.033	-4.266	-6.212	-3.103	-4.003	-3.822	-2.655	-2.741	-5.607	-5.224	-1.055	-1.025	-1.959	-3.065	-0.250	-2.685	-4.571	-1.938	-4.823	-4.167
Bvulgatus_CL09T03C04	HMPREF1058_RS07080	HMPREF1058_RS07080		YtxH domain-containing protein	0.218	-0.621	-0.140	0.035	0.297	0.788	-0.263	0.498	-0.772	-1.208	-1.063	-1.225	-0.629	-0.299	-1.399	-0.919	-0.213	-0.762	-1.970	-0.623	-0.312	-2.073
Bvulgatus_CL09T03C04	HMPREF1058_RS07085	HMPREF1058_RS07085		phage holin family protein	-0.753	0.137	1.109	1.962	0.210	0.240	-0.499	-0.586	0.786	1.032	-0.591	-1.239	0.798	-0.902	-0.384	0.806	-1.185	0.178	-0.992	0.954	1.677	0.528
Bvulgatus_CL09T03C04	HMPREF1058_RS07090	HMPREF1058_RS07090		hypothetical protein	-1.061	-2.536	-0.967	-0.852	-2.348	-1.843	-1.956	-1.775	-1.650	-2.418	-3.412	-2.273	-0.589	-0.480	-0.864	-1.517	0.578	-0.932	-2.080	-1.750	-1.039	-3.446
Bvulgatus_CL09T03C04	HMPREF1058_RS07095	HMPREF1058_RS07095		PD40 domain-containing protein	-1.274	0.153	1.743	-1.617	1.729	2.093	-0.273	-0.145	-0.986	-1.853	-0.087	-0.179	0.101	-0.086	0.089	0.978	-0.769	-1.233	-1.370	-1.378	0.832	-0.294
Bvulgatus_CL09T03C04	HMPREF1058_RS07100	HMPREF1058_RS07100		D-xylose transporter XylE	0.732	0.416	1.006	0.143	0.186	0.862	0.680	0.770	1.151	0.439	0.974	1.626	0.295	0.515	0.828	1.551	-0.292	0.735	1.304	0.685	1.536	0.799
Bvulgatus_CL09T03C04	HMPREF1058_RS07105	HMPREF1058_RS07105		lipid A phosphoethanolamine transferase	0.668	0.426	0.686	0.720	-0.021	1.474	0.681	0.542	1.822	2.179	1.334	0.558	1.023	0.646	0.908	1.201	-0.123	1.080	0.221	2.074	1.205	0.872
Bvulgatus_CL09T03C04	HMPREF1058_RS07110	HMPREF1058_RS07110		BamA/TamA family outer membrane protein	0.605	-0.431	-0.609	-1.347	-1.871	0.059	-0.740	-0.328	-0.524	-0.603	-1.116	-0.405	0.396	-0.700	-0.459	0.351	-0.176	0.042	0.540	0.158	0.283	0.064
Bvulgatus_CL09T03C04	HMPREF1058_RS07115	HMPREF1058_RS07115		TolC family protein	1.326	-0.415	-0.636	0.461	0.059	1.065	-0.754	-0.829	2.087	1.854	0.029	0.056	0.345	-0.385	-0.644	0.815	-1.193	0.309	1.993	0.489	-0.398	0.009
Bvulgatus_CL09T03C04	HMPREF1058_RS07120	HMPREF1058_RS07120		efflux RND transporter permease subunit	-0.429	-0.561	-2.116	-1.199	-1.344	-1.453	0.909	-0.195	0.724	0.549	-0.717	0.273	-0.477	0.066	-0.623	0.570	0.820	0.580	-0.320	0.501	0.742	-0.450
Bvulgatus_CL09T03C04	HMPREF1058_RS07125	HMPREF1058_RS07125		efflux RND transporter periplasmic adaptor subunit	0.627	1.544	-1.572	0.339	-1.946	-0.794	0.526	0.364	-1.407	-1.181	-0.767	-0.659	-1.953	-1.025	-0.900	0.289	-0.971	-0.801	0.134	-1.786	-0.571	0.169
Bvulgatus_CL09T03C04	HMPREF1058_RS07130	HMPREF1058_RS07130		helix-turn-helix transcriptional regulator	0.742	0.291	0.146	-0.213	-1.459	-0.747	0.179	-1.505	-0.072	-0.103	-1.386	-0.276	1.883	0.079	0.215	1.157	1.339	1.380	1.127	1.171	-0.584	-0.107
Bvulgatus_CL09T03C04	HMPREF1058_RS07135	HMPREF1058_RS07135		hypothetical protein	-0.587	-0.258	0.633	0.354	-1.002	1.359	0.785	0.793	-0.213	0.326	0.038	0.038	0.952	0.853	0.307	0.220	0.325	-0.039	0.843	0.581	0.017	-0.646
Bvulgatus_CL09T03C04	HMPREF1058_RS07140	HMPREF1058_RS07140		Mfa1 family fimbria major subunit	-0.578	-1.270	-1.875	-2.575	-0.766	-1.057	-0.305	-0.664	-0.155	-0.077	-0.530	0.287	0.541	0.009	-0.575	-0.196	0.569	0.147	-0.829	-1.599	-0.042	-0.501
Bvulgatus_CL09T03C04	HMPREF1058_RS07145	HMPREF1058_RS07145		FimB/Mfa2 family fimbrial subunit	1.517	1.333	1.524	0.996	-0.422	-0.175	0.171	-0.575	-0.422	-0.374	2.132	-0.584	1.304	-0.499	1.263	0.189	0.985	1.151	0.500	0.335	-1.592	0.652
Bvulgatus_CL09T03C04	HMPREF1058_RS07150	HMPREF1058_RS07150		S9 family peptidase	-0.066	-0.180	-0.060	0.838	0.124	0.587	0.837	0.604	-0.770	0.219	0.439	0.509	0.792	0.636	-0.806	-0.309	-0.330	-0.112	-0.124	0.365	0.602	0.816
Bvulgatus_CL09T03C04	HMPREF1058_RS07155	HMPREF1058_RS07155		DUF4891 domain-containing protein	0.930	1.443	1.576	1.404	1.564	1.597	1.381	1.386	1.445	0.501	1.858	0.469	1.011	0.589	0.947	0.363	0.539	2.605	0.556	1.750	0.802	0.320
Bvulgatus_CL09T03C04	HMPREF1058_RS07160	HMPREF1058_RS07160		DUF308 domain-containing protein	-1.372	2.190	1.044	0.919	0.711	-0.631	0.924	1.101	0.447	1.062	0.489	2.220	0.454	-0.153	0.636	1.478	0.493	0.328	-0.430	-1.051	-0.768	0.209
Bvulgatus_CL09T03C04	HMPREF1058_RS07165	HMPREF1058_RS07165		YtxH domain-containing protein	0.385	0.772	0.336	1.825	0.095	-0.714	0.364	0.794	-1.060	0.288	-0.431	0.986	0.878	0.172	0.172	0.422	-0.250	0.722	-0.292	-1.111	0.569	-0.228
Bvulgatus_CL09T03C04	HMPREF1058_RS07170	HMPREF1058_RS07170		tryptophan synthase subunit beta	-9.169	-11.303	-9.135	-7.438	-6.459	-9.021	-11.672	-11.350	-10.506	-8.938	-10.419	-12.508	-11.413	-12.246	-11.285	-10.664	-5.415	-10.238	-8.561	-10.895	-6.396	-10.593
Bvulgatus_CL09T03C04	HMPREF1058_RS07175	HMPREF1058_RS07175		anthranilate synthase component I family protein	-11.144	-9.730	-9.090	-7.757	-9.072	-8.880	-11.796	-11.643	-9.479	-9.244	-11.200	-13.110	-10.249	-10.904	-11.095	-13.244	-2.152	-4.694	-10.235	-11.251	-9.352	-12.598
Bvulgatus_CL09T03C04	HMPREF1058_RS07180	HMPREF1058_RS07180		aminodeoxychorismate/anthranilate synthase component II	-6.273	-6.592	-4.148	-4.265	-6.651	-5.501	-6.941	-6.615	-3.627	-6.177	-5.535	-7.167	-6.788	-7.038	-1.837	-3.680	-1.198	-1.111	-6.091	-5.511	-5.593	-5.739
Bvulgatus_CL09T03C04	HMPREF1058_RS07185	HMPREF1058_RS07185		anthranilate phosphoribosyltransferase	-8.773	-8.173	-9.218	-9.855	-8.232	-7.464	-12.623	-11.211	-10.053	-9.788	-12.747	-11.704	-11.098	-10.609	-10.714	-10.101	-5.174	-9.015	-8.327	-10.257	-8.563	-11.796
Bvulgatus_CL09T03C04	HMPREF1058_RS07190	HMPREF1058_RS07190		indole-3-glycerol phosphate synthase TrpC	-7.067	-8.035	-4.559	-4.503	-4.642	-4.550	-6.299	-6.405	-7.944	-6.017	-6.255	-6.551	-4.812	-8.689	-9.990	-7.615	-5.374	-8.813	-6.895	-7.251	-6.955	-6.978
Bvulgatus_CL09T03C04	HMPREF1058_RS07195	HMPREF1058_RS07195		phosphoribosylanthranilate isomerase	-4.803	-5.839	-3.456	-3.244	-4.707	-5.676	-5.970	-4.990	-4.744	-4.766	-6.031	-6.097	-4.443	-4.973	-4.588	-4.983	-5.480	-5.942	-4.779	-5.425	-5.901	-5.953
Bvulgatus_CL09T03C04	HMPREF1058_RS07200	HMPREF1058_RS07200		tryptophan synthase subunit alpha	-7.106	-9.877	-10.093	-8.343	-8.255	-7.973	-10.392	-11.199	-8.851	-7.307	-11.666	-12.867	-11.053	-7.355	-14.192	-8.735	-6.330	-10.307	-9.100	-9.383	-9.554	-11.580
Bvulgatus_CL09T03C04	HMPREF1058_RS07205	HMPREF1058_RS07205		type I asparaginase	-5.537	-4.480	1.912	0.883	1.300	2.441	-2.018	-0.924	-1.325	-0.151	-2.788	-1.532	-2.804	-3.286	4.012	-0.082	0.508	1.122	-2.480	-0.585	-1.654	-0.771
Bvulgatus_CL09T03C04	HMPREF1058_RS07210	HMPREF1058_RS07210		response regulator transcription factor	1.601	0.718	-1.137	-0.897	2.275	1.098	-1.778	-1.249	0.038	1.867	-0.282	0.521	1.646	-0.834	-0.537	0.485	-0.399	-0.734	0.401	0.460	0.850	1.109
Bvulgatus_CL09T03C04	HMPREF1058_RS07215	HMPREF1058_RS07215		two-component sensor histidine kinase	0.225	-3.940	0.478	1.109	0.362	0.534	0.797	1.741	-0.171	0.369	-1.157	0.883	0.062	-1.032	-0.415	-0.117	0.212	0.908	-0.499	0.298	1.583	-0.893
Bvulgatus_CL09T03C04	HMPREF1058_RS07225	HMPREF1058_RS07225		gliding motility-associated protein GldE	-4.015	-3.827	-0.780	-1.165	-0.591	-1.593	-3.296	-3.853	-2.357	-3.452	-3.058	-3.623	-3.115	-2.194	-0.653	-0.712	-0.726	-2.720	-4.394	-2.879	-4.593	-2.520
Bvulgatus_CL09T03C04	HMPREF1058_RS07230	HMPREF1058_RS07230		single-stranded DNA-binding protein	0.622	0.718	-1.170	-0.350	-0.035	1.323	-0.126	1.442	0.205	0.333	1.276	1.789	2.660	0.671	1.501	-0.513	0.613	0.648	1.548	1.179	-0.420	-0.274
Bvulgatus_CL09T03C04	HMPREF1058_RS07235	HMPREF1058_RS07235		A/G-specific adenine glycosylase	3.322	0.414	0.170	-1.016	0.824	1.325	-0.161	0.211	-0.436	1.236	-0.626	0.740	1.301	1.295	1.432	0.857	0.397	0.961	0.114	-1.164	0.118	0.725
Bvulgatus_CL09T03C04	HMPREF1058_RS07245	HMPREF1058_RS07245		Rne/Rng family ribonuclease	-0.887	-4.363	-1.408	-1.857	1.003	0.827	-0.705	-2.811	4.550	5.007	-1.003	-3.770	-0.094	-1.171	-2.339	-0.401	0.206	-0.630	1.512	0.779	0.757	-2.117
Bvulgatus_CL09T03C04	HMPREF1058_RS07250	HMPREF1058_RS07250		N-acetylmuramoyl-L-alanine amidase	-2.849	-2.385	-1.992	-1.326	-1.777	0.164	0.276	-1.208	-1.633	0.083	-0.850	0.055	-0.907	-1.880	-0.999	-1.400	0.674	-0.786	-1.322	-0.698	-1.188	-0.796
Bvulgatus_CL09T03C04	HMPREF1058_RS07255	HMPREF1058_RS07255		TlpA family protein disulfide reductase	-1.982	-1.955	-0.902	-1.579	-0.959	-0.767	-0.929	-1.520	-1.821	-1.651	-0.871	-1.410	-1.708	-2.685	-1.544	-0.544	-2.299	-1.661	-1.966	-1.770	-0.536	-1.978
Bvulgatus_CL09T03C04	HMPREF1058_RS07260	HMPREF1058_RS07260		hypothetical protein	-1.298	-1.230	-0.918	-0.086	-0.338	-0.986	-0.164	-0.332	-0.267	0.255	0.516	0.611	0.736	-0.358	-1.128	-0.128	0.161	-0.939	-0.694	-1.623	1.084	-0.453
Bvulgatus_CL09T03C04	HMPREF1058_RS07280	HMPREF1058_RS07280		HAD family hydrolase	-0.039	0.104	0.983	0.437	0.728	0.600	1.171	0.301	1.219	0.598	0.999	1.732	-0.440	1.492	0.836	0.467	0.823	-1.207	0.577	0.659	1.333	0.844
Bvulgatus_CL09T03C04	HMPREF1058_RS07285	HMPREF1058_RS07285		ROK family transcriptional regulator	-1.778	-1.630	-2.287	-3.426	-4.862	-7.120	0.748	1.123	-0.003	-1.069	0.087	0.395	-2.437	-5.155	-5.666	-2.689	-0.529	-1.009	-1.179	-1.370	-1.487	-0.139
Bvulgatus_CL09T03C04	HMPREF1058_RS07290	HMPREF1058_RS07290		dihydrodipicolinate synthase family protein	-0.160	-0.999	-1.243	-1.600	-0.722	2.559	0.184	-0.818	-2.120	-1.404	-0.152	-1.034	2.524	-0.740	0.060	-0.788	-1.225	-0.346	-1.689	-1.321	-1.446	-0.014
Bvulgatus_CL09T03C04	HMPREF1058_RS07295	HMPREF1058_RS07295		AGE family epimerase/isomerase	-0.829	-1.514	0.121	-0.057	0.312	0.595	-1.860	-0.611	0.884	-0.378	-0.419	1.025	-0.403	-1.397	-0.093	0.708	0.221	0.263	-1.975	-1.377	0.235	-0.423
Bvulgatus_CL09T03C04	HMPREF1058_RS07300	HMPREF1058_RS07300		MFS transporter	-0.841	-0.115	1.406	0.786	-1.026	-0.007	-1.248	-1.948	-0.842	-0.603	-1.722	-1.110	-1.292	-0.277	0.235	0.559	0.967	-1.767	-1.829	-1.426	-0.574	-0.850
Bvulgatus_CL09T03C04	HMPREF1058_RS07310	HMPREF1058_RS07310		glucosamine-6-phosphate deaminase	-0.716	-2.009	1.566	1.977	2.117	2.086	-0.801	-0.904	-1.120	-0.934	-0.823	-1.256	0.805	-0.310	2.167	-0.741	-0.006	-2.754	-0.270	-1.353	2.257	-1.159
Bvulgatus_CL09T03C04	HMPREF1058_RS07315	HMPREF1058_RS07315		TIGR02757 family protein	0.491	-0.331	0.935	2.369	0.259	-0.593	-0.651	1.259	1.918	0.063	0.182	-0.473	-1.312	0.842	-1.008	-0.444	-0.297	0.665	0.568	-0.726	0.513	0.835
Bvulgatus_CL09T03C04	HMPREF1058_RS07320	HMPREF1058_RS07320		AraC family transcriptional regulator	-0.330	-0.025	-1.874	-3.010	-0.556	-1.437	0.451	-1.870	-0.130	0.091	-2.013	-0.579	0.118	-0.739	-1.402	-0.097	-1.172	0.510	-0.616	1.110	-0.956	-0.425
Bvulgatus_CL09T03C04	HMPREF1058_RS07325	HMPREF1058_RS07325		efflux RND transporter periplasmic adaptor subunit	0.017	-0.260	-3.127	-1.312	-0.098	-0.397	-1.930	-2.496	-0.902	-1.064	-2.729	-2.316	-2.034	1.785	-1.226	0.116	-0.540	-0.058	0.699	-0.468	-1.799	1.672
Bvulgatus_CL09T03C04	HMPREF1058_RS07330	HMPREF1058_RS07330		efflux RND transporter permease subunit	0.225	-0.884	-8.277	-7.920	2.121	-0.492	-2.817	-2.714	-0.261	-1.069	-2.918	-3.309	-0.618	-0.118	-1.677	0.432	-0.585	0.529	1.174	0.843	0.009	0.618
Bvulgatus_CL09T03C04	HMPREF1058_RS07335	HMPREF1058_RS07335		TolC family protein	-2.033	-1.914	-0.259	-0.067	-1.785	-0.983	-0.849	-1.680	-0.059	-0.269	-2.047	-1.914	-1.567	0.212	-1.709	0.553	0.140	-0.353	0.048	0.856	0.483	0.198
Bvulgatus_CL09T03C04	HMPREF1058_RS07340	HMPREF1058_RS07340		HU family DNA-binding protein	0.410	0.312	0.426	-0.082	1.132	0.644	-1.049	-0.371	-0.120	0.378	-0.021	0.483	0.579	-1.826	0.870	0.506	-0.413	-0.243	-0.298	0.445	1.839	-0.629
Bvulgatus_CL09T03C04	HMPREF1058_RS07345	HMPREF1058_RS07345		hypothetical protein	-0.944	-0.280	0.159	-1.402	-0.835	1.546	-0.381	0.778	-0.735	-0.867	-0.831	-0.209	0.169	0.254	0.436	0.632	0.571	0.429	-0.728	-1.591	0.878	1.055
Bvulgatus_CL09T03C04	HMPREF1058_RS07350	HMPREF1058_RS07350		sigma-70 family RNA polymerase sigma factor	0.861	0.281	-0.808	-0.919	-0.093	0.274	-0.262	0.658	-0.777	0.081	-0.126	1.206	1.202	-0.863	-0.015	-0.255	0.441	0.117	0.199	0.029	-0.503	0.180
Bvulgatus_CL09T03C04	HMPREF1058_RS07355	HMPREF1058_RS07355		hypothetical protein	0.582	0.157	0.408	0.767	2.013	2.641	-0.870	1.296	-1.256	-2.008	-0.308	0.474	-1.689	-1.520	-0.870	-0.072	-1.996	-3.731	-0.413	-1.884	1.639	-1.478
Bvulgatus_CL09T03C04	HMPREF1058_RS07360	HMPREF1058_RS07360		hypothetical protein	-0.741	0.325	0.045	-0.336	0.227	-0.847	0.480	0.520	-2.056	-0.359	-0.968	0.359	0.421	-0.808	-0.798	0.657	0.000	-1.897	-1.907	-0.072	0.704	-0.575
Bvulgatus_CL09T03C04	HMPREF1058_RS07365	HMPREF1058_RS07365		ATP-binding cassette domain-containing protein	-0.741	0.407	-1.188	-0.289	0.015	1.166	0.143	-0.266	-0.833	0.568	0.671	0.465	-1.197	-0.760	-0.031	-0.119	0.183	0.459	-0.116	-0.958	-0.480	-0.582
Bvulgatus_CL09T03C04	HMPREF1058_RS07370	HMPREF1058_RS07370		N-acetylglucosamine-6-phosphate deacetylase	-1.720	-0.314	1.692	2.492	2.455	2.733	-0.320	-0.497	-0.571	-0.412	-0.344	-0.462	0.950	0.467	0.163	0.474	-0.654	-0.302	-0.090	1.023	2.042	-0.337
Bvulgatus_CL09T03C04	HMPREF1058_RS07375	HMPREF1058_RS07375		DUF4982 domain-containing protein	-1.763	-1.140	0.042	0.029	-0.111	0.391	-0.081	-0.829	-2.132	-1.521	-0.068	-0.198	0.212	-1.352	-0.442	-0.044	-1.597	-0.884	-1.230	-1.304	0.351	-0.740
Bvulgatus_CL09T03C04	HMPREF1058_RS07380	HMPREF1058_RS07380		GH92 family glycosyl hydrolase	-1.044	-1.215	-2.243	-3.189	-1.051	0.353	0.686	-0.364	-0.726	0.328	0.524	0.257	-4.214	-3.342	-3.136	-1.261	0.254	0.274	-3.582	-0.314	-0.126	-0.135
Bvulgatus_CL09T03C04	HMPREF1058_RS07385	HMPREF1058_RS07385		family 20 glycosylhydrolase	-1.440	-0.916	-1.557	-1.570	0.135	-0.475	-0.958	-0.302	-2.380	-0.893	0.106	0.159	-2.375	-1.924	-3.018	-1.314	-0.792	-0.844	-2.298	-2.468	-0.911	-1.219
Bvulgatus_CL09T03C04	HMPREF1058_RS07390	HMPREF1058_RS07390		cyclically-permuted mutarotase family protein	-1.513	-1.356	-1.947	-2.228	-2.344	-3.054	-1.172	0.667	-0.570	-1.903	-1.122	-2.235	0.195	-1.674	-3.479	-0.758	-1.620	-2.236	-1.796	-2.550	-2.295	-1.953
Bvulgatus_CL09T03C04	HMPREF1058_RS07395	HMPREF1058_RS07395		family 20 glycosylhydrolase	-0.270	-0.682	1.002	1.612	-0.791	1.358	-0.474	0.616	-0.292	-0.877	-0.050	0.117	1.488	-1.612	-0.821	0.239	-0.275	-1.136	-1.811	-0.583	-0.331	-0.708
Bvulgatus_CL09T03C04	HMPREF1058_RS07400	HMPREF1058_RS07400		glycoside hydrolase family 2 protein	0.063	-0.376	-0.222	-0.040	-0.129	-0.671	-0.315	0.380	0.341	-0.935	-0.198	-0.160	-0.968	0.057	-0.234	-0.415	0.335	-0.191	0.533	-0.337	-1.552	-0.339
Bvulgatus_CL09T03C04	HMPREF1058_RS07405	HMPREF1058_RS07405		sialate O-acetylesterase	-0.920	-0.051	-0.074	-2.167	0.238	0.751	-0.794	-0.642	-0.198	-0.447	-0.124	-0.069	0.001	0.423	-1.016	-0.390	-0.068	-1.118	-0.194	-1.690	-0.227	-0.468
Bvulgatus_CL09T03C04	HMPREF1058_RS07410	HMPREF1058_RS07410		sialate O-acetylesterase	1.561	1.750	1.282	1.719	0.439	0.261	1.710	1.023	0.222	1.363	1.122	0.234	0.869	1.332	-0.410	1.866	0.042	1.121	1.788	-0.307	1.769	0.800
Bvulgatus_CL09T03C04	HMPREF1058_RS07415	HMPREF1058_RS07415		family 20 glycosylhydrolase	-0.822	-0.382	-1.638	-1.025	0.080	-0.144	-1.464	-1.535	-0.356	0.515	-1.204	-0.733	-0.436	-0.415	1.000	-1.337	-0.859	0.233	-0.182	0.020	-0.228	-0.126
Bvulgatus_CL09T03C04	HMPREF1058_RS07420	HMPREF1058_RS07420		exo-alpha-sialidase	0.043	0.704	1.620	1.234	-1.050	1.404	-0.304	-0.011	0.475	0.251	-0.027	1.029	-0.297	0.151	0.825	1.015	0.488	0.241	0.338	-0.367	0.240	0.881
Bvulgatus_CL09T03C04	HMPREF1058_RS07425	HMPREF1058_RS07425		SusD family outer membrane lipoprotein NanU	-0.288	-0.489	-2.313	-0.384	0.040	0.624	0.799	0.611	0.483	-0.588	-0.435	-0.630	-0.607	-0.848	0.645	1.358	0.100	0.664	-1.821	-0.629	0.170	-1.558
Bvulgatus_CL09T03C04	HMPREF1058_RS07430	HMPREF1058_RS07430		TonB-dependent receptor	-1.818	0.222	-0.857	0.135	-0.474	0.259	-0.376	-0.147	0.091	-0.267	-0.354	-0.370	-0.436	-0.389	-0.092	-0.143	-0.338	-1.076	-1.219	0.384	-0.172	-0.290
Bvulgatus_CL09T03C04	HMPREF1058_RS07440	HMPREF1058_RS07440		aspartate--ammonia ligase	-5.841	-7.048	-4.040	-4.262	-5.571	-4.962	-6.377	-4.832	-6.654	-6.530	-7.383	-7.592	-7.084	-7.274	-2.385	-4.254	-3.677	-2.428	-5.628	-6.719	-6.112	-7.289
Bvulgatus_CL09T03C04	HMPREF1058_RS07445	HMPREF1058_RS07445		uracil-DNA glycosylase	0.920	0.594	0.641	0.903	-1.780	1.419	-0.387	0.183	0.269	1.617	0.038	0.281	0.025	-0.941	0.696	-0.651	-0.320	1.371	0.781	1.713	-0.677	-1.107
Bvulgatus_CL09T03C04	HMPREF1058_RS07455	HMPREF1058_RS07455		HDIG domain-containing protein	-2.096	-0.899	-1.764	-1.626	-1.356	-0.117	-1.629	-0.274	-1.934	-1.734	-1.923	-2.692	-0.895	-3.977	-3.852	-0.818	-0.453	-1.721	-1.768	-1.209	-3.693	-1.119
Bvulgatus_CL09T03C04	HMPREF1058_RS07460	HMPREF1058_RS07460		DUF1343 domain-containing protein	0.366	0.369	1.981	2.300	-1.186	0.782	0.690	0.664	1.050	1.076	0.622	0.379	0.404	-0.534	0.832	1.840	2.248	1.401	-0.786	0.305	0.756	0.358
Bvulgatus_CL09T03C04	HMPREF1058_RS07465	HMPREF1058_RS07465		S26 family signal peptidase	1.312	-0.617	-0.120	-0.697	-0.854	-0.743	0.416	-0.391	1.732	0.531	0.163	1.181	0.115	1.935	0.570	-0.557	-0.938	1.783	-1.129	-0.667	-0.111	0.117
Bvulgatus_CL09T03C04	HMPREF1058_RS07470	HMPREF1058_RS07470		hypothetical protein	2.622	-1.223	-0.676	-0.969	0.122	-0.698	-1.844	-0.529	0.164	0.491	0.217	-0.490	0.510	-0.797	0.112	-3.039	-0.167	0.727	-1.807	-0.785	0.623	-2.173
Bvulgatus_CL09T03C04	HMPREF1058_RS07475	HMPREF1058_RS07475		ABC transporter ATP-binding protein	-2.570	-0.596	-0.050	0.275	-0.662	0.314	0.969	0.327	0.686	-0.142	-0.489	0.272	0.497	0.224	0.273	0.996	0.508	-0.864	-0.218	-0.381	-0.209	0.378
Bvulgatus_CL09T03C04	HMPREF1058_RS07480	HMPREF1058_RS07480		nucleotidyltransferase family protein	-0.950	1.561	1.415	-0.302	0.388	0.253	0.188	-0.262	0.019	-0.165	-0.472	-0.065	0.393	0.017	0.476	0.984	-0.109	-0.032	1.027	-0.577	0.995	-1.817
Bvulgatus_CL09T03C04	HMPREF1058_RS07485	HMPREF1058_RS07485		PqqD family protein	-0.919	-1.356	0.109	0.702	-1.924	-0.776	-0.757	-1.567	0.300	-0.185	-1.125	-0.389	-1.141	-0.743	-0.791	-0.913	-0.559	0.340	1.409	-1.167	-1.610	-2.416
Bvulgatus_CL09T03C04	HMPREF1058_RS07495	HMPREF1058_RS07495		DUF1016 family protein	-0.526	-0.907	-1.598	-0.100	0.412	0.750	0.140	-0.157	-0.952	-0.409	-1.001	-1.015	-0.518	1.764	0.487	-0.257	-1.003	-0.766	-1.800	-0.977	-1.219	-1.213
Bvulgatus_CL09T03C04	HMPREF1058_RS07500	HMPREF1058_RS07500		type I restriction-modification system subunit M	0.037	-0.018	0.223	-1.489	0.288	0.061	-1.176	0.062	0.209	0.368	0.390	0.513	-1.568	1.142	-0.841	-0.398	0.222	0.349	-0.042	-0.396	0.140	-0.639
Bvulgatus_CL09T03C04	HMPREF1058_RS07505	HMPREF1058_RS07505		DEAD/DEAH box helicase family protein	-1.253	-0.132	0.003	-0.328	-0.361	0.736	-0.484	-0.635	-1.998	-1.018	-0.124	-1.196	-0.699	-0.600	-0.659	-0.745	0.221	-0.369	-1.778	-0.519	0.103	-0.548
Bvulgatus_CL09T03C04	HMPREF1058_RS07510	HMPREF1058_RS07510		DUF262 domain-containing protein	-0.288	-0.093	-0.611	-0.220	-0.765	-0.083	-0.035	-0.276	-0.014	0.395	0.192	-0.267	-0.832	0.338	-0.152	-0.471	0.381	-0.790	-1.548	-0.382	0.163	1.057
Bvulgatus_CL09T03C04	HMPREF1058_RS07515	HMPREF1058_RS07515		helix-turn-helix transcriptional regulator	-2.005	-1.505	0.994	0.727	0.902	-0.086	0.216	0.584	-0.805	-0.191	0.372	-1.302	-1.235	-0.802	0.441	0.316	0.655	-0.410	0.405	-0.350	-0.635	0.758
Bvulgatus_CL09T03C04	HMPREF1058_RS07520	HMPREF1058_RS07520		metallophosphoesterase	1.622	2.634	0.677	1.106	0.258	-0.296	-0.619	0.095	-0.238	-0.434	0.860	0.464	0.876	0.011	-0.932	0.560	-0.655	-0.066	-0.259	-0.791	-1.360	-0.603
Bvulgatus_CL09T03C04	HMPREF1058_RS07525	HMPREF1058_RS07525		hypothetical protein	-0.076	-1.253	-0.039	-0.203	-0.471	-0.350	-1.487	-1.247	-1.530	-1.391	-1.188	-0.429	-0.598	0.469	-3.823	-1.517	-1.302	-0.728	-1.474	-0.527	-0.855	-0.156
Bvulgatus_CL09T03C04	HMPREF1058_RS07530	HMPREF1058_RS07530		alpha/beta hydrolase	-1.003	-0.943	-0.791	-0.003	0.874	-0.997	-0.339	-0.430	0.291	-0.188	-0.271	-1.220	0.805	-1.201	-1.172	-0.593	0.614	-0.353	1.037	-0.309	0.410	-1.568
Bvulgatus_CL09T03C04	HMPREF1058_RS07535	HMPREF1058_RS07535		hypothetical protein	-0.709	-0.320	0.434	-0.682	0.010	-2.072	-0.240	-0.392	-0.271	-0.677	0.215	0.830	-0.282	-0.048	0.811	-0.265	-0.912	1.575	0.074	0.343	0.965	-1.390
Bvulgatus_CL09T03C04	HMPREF1058_RS07540	HMPREF1058_RS07540		acetyltransferase	0.242	-1.177	-0.789	-1.297	-1.536	-0.494	1.065	0.542	-0.736	-0.469	-2.110	0.796	-0.763	-0.240	-0.504	-0.655	1.581	1.430	0.284	-0.552	0.771	1.183
Bvulgatus_CL09T03C04	HMPREF1058_RS07545	HMPREF1058_RS07545		hypothetical protein	-0.535	-1.699	-0.607	0.188	1.113	-0.905	-0.723	-1.306	0.071	-1.513	-0.516	0.234	-0.953	-1.489	-0.008	0.771	-0.939	1.183	-0.070	-0.614	-0.039	-0.369
Bvulgatus_CL09T03C04	HMPREF1058_RS07550	HMPREF1058_RS07550		alpha/beta hydrolase	0.602	-2.312	-0.486	-2.311	0.133	1.443	0.375	-0.384	-0.086	0.837	0.774	-0.497	1.403	0.359	0.004	1.847	0.410	0.230	-1.635	-1.331	0.244	-0.429
Bvulgatus_CL09T03C04	HMPREF1058_RS07555	HMPREF1058_RS07555		DUF3737 family protein	-1.340	0.847	-1.934	-2.212	0.712	-0.449	-0.376	0.556	-0.999	-0.581	-0.234	0.730	1.401	-1.364	0.236	0.755	0.589	-0.094	-0.183	-0.874	-1.455	-0.058
Bvulgatus_CL09T03C04	HMPREF1058_RS07560	HMPREF1058_RS07560		pyridoxal phosphate-dependent aminotransferase	0.130	0.054	0.067	-0.093	0.617	1.001	-1.102	0.437	1.073	0.961	0.666	1.197	1.403	0.676	0.953	0.546	1.125	0.208	-0.624	0.378	0.456	0.100
Bvulgatus_CL09T03C04	HMPREF1058_RS07565	HMPREF1058_RS07565		transporter	-4.809	-5.686	0.331	-0.326	0.772	-0.680	-3.025	-4.539	-4.336	-4.533	-1.243	-2.121	-3.416	-6.168	-3.043	-0.660	-1.157	0.560	-7.323	-6.481	-2.526	-2.207
Bvulgatus_CL09T03C04	HMPREF1058_RS07570	HMPREF1058_RS07570		N-acetylmuramoyl-L-alanine amidase	1.643	1.709	-1.456	-0.031	-3.790	-3.245	1.203	0.272	3.828	3.073	0.157	-1.764	-1.555	0.645	-1.263	-1.056	-0.583	-0.033	-1.532	0.892	-2.101	-0.876
Bvulgatus_CL09T03C04	HMPREF1058_RS07575	HMPREF1058_RS07575		MCE family protein	4.521	4.869	0.412	-0.761	-3.281	-4.027	1.198	1.739	3.691	-0.652	1.301	2.067	0.635	1.795	-4.634	-1.933	-1.509	-2.045	-1.318	1.412	-0.473	-0.345
Bvulgatus_CL09T03C04	HMPREF1058_RS07585	HMPREF1058_RS07585		NADPH-dependent oxidoreductase	-0.844	-1.148	-1.242	-2.192	-1.456	-0.068	-0.329	0.008	2.465	1.084	-0.280	-0.221	-0.593	1.303	-0.303	1.324	0.459	0.872	-0.061	2.014	-0.398	0.718
Bvulgatus_CL09T03C04	HMPREF1058_RS07590	HMPREF1058_RS07590		adenosylcobalamin-dependent ribonucleoside-diphosphate reductase	-3.970	-3.846	0.730	-0.055	-1.931	-0.654	-1.958	-0.774	-0.161	-0.868	-0.063	-0.786	-1.957	-1.754	0.171	-1.041	-0.711	0.903	-0.921	-0.913	-0.913	-1.574
Bvulgatus_CL09T03C04	HMPREF1058_RS07595	HMPREF1058_RS07595		membrane protein	-0.177	-0.291	0.775	0.070	-0.046	1.178	0.533	-0.285	1.033	-0.205	-0.153	1.306	-0.499	-0.216	0.913	0.990	0.580	0.375	0.631	-0.513	1.181	-0.288
Bvulgatus_CL09T03C04	HMPREF1058_RS07605	HMPREF1058_RS07605		radical SAM protein	-0.146	0.161	8.242	7.018	-1.297	-1.275	-0.015	-0.076	-0.262	-1.626	0.021	0.145	-0.561	0.890	0.190	0.010	-0.346	-0.840	-0.233	-0.179	0.345	-0.062
Bvulgatus_CL09T03C04	HMPREF1058_RS07615	HMPREF1058_RS07615		tRNA (N(6)-L-threonylcarbamoyladenosine(37)-C(2))- methylthiotransferase MtaB	-2.986	-3.435	0.197	-0.565	4.335	5.106	-1.805	-1.441	-0.263	-1.216	-1.975	-0.469	0.059	-0.625	1.863	2.598	1.914	1.371	-1.782	1.033	0.542	-0.378
Bvulgatus_CL09T03C04	HMPREF1058_RS07620	HMPREF1058_RS07620		long-chain fatty acid--CoA ligase	-4.031	-2.748	2.057	1.791	-2.607	-1.464	-0.597	-2.289	-2.051	-2.049	-0.600	-0.699	5.250	-1.406	2.532	-0.508	0.102	-0.368	-2.301	-2.318	2.135	-0.018
Bvulgatus_CL09T03C04	HMPREF1058_RS07625	HMPREF1058_RS07625		hypothetical protein	-1.985	-1.451	-0.179	0.069	0.051	-0.852	-2.365	-1.306	-1.294	-1.128	-0.589	-1.229	-1.869	-1.732	-0.594	-1.107	-0.318	0.264	-0.629	-1.707	-1.000	-0.960
Bvulgatus_CL09T03C04	HMPREF1058_RS07630	HMPREF1058_RS07630		hypothetical protein	-0.786	-0.107	2.018	1.553	-0.419	0.360	-0.032	-0.766	0.775	0.214	0.799	2.357	0.800	1.881	-1.246	0.031	-0.698	-0.245	0.969	-1.507	-0.507	-0.501
Bvulgatus_CL09T03C04	HMPREF1058_RS07635	HMPREF1058_RS07635		50S ribosomal protein L9	-4.175	-4.431	0.574	0.445	-1.011	-1.004	-1.255	-1.744	-0.522	-2.752	-0.844	-1.226	-2.125	-2.936	-0.161	-1.740	-1.660	-1.247	-2.093	0.096	-1.119	-3.141
Bvulgatus_CL09T03C04	HMPREF1058_RS07650	HMPREF1058_RS07650		MarR family transcriptional regulator	-1.511	-0.631	-0.458	-0.564	-0.756	-0.995	0.850	0.122	-1.484	-2.117	1.165	-1.450	8.776	-0.942	2.408	0.597	-0.144	-0.090	-2.226	-0.816	2.114	0.760
Bvulgatus_CL09T03C04	HMPREF1058_RS07655	HMPREF1058_RS07655		hypothetical protein	-1.701	-2.478	-1.055	-1.224	-2.298	-1.910	-3.006	-2.128	-2.075	-1.932	-3.306	-3.300	-1.427	-1.504	-1.164	-2.690	-0.736	-3.200	-1.793	-2.404	-2.755	-2.959
Bvulgatus_CL09T03C04	HMPREF1058_RS07670	HMPREF1058_RS07670		HAMP domain-containing histidine kinase	-1.697	-2.094	-0.742	-1.069	-2.710	-4.036	-4.665	-3.014	-2.770	-4.173	-4.773	-4.312	-0.975	-4.605	-4.765	-5.085	-2.183	-2.294	-4.359	-3.690	-2.962	-3.219
Bvulgatus_CL09T03C04	HMPREF1058_RS07675	HMPREF1058_RS07675		elongation factor G	26.024	26.923	0.322	1.336	-11.823	-11.058	17.832	18.308	9.530	10.636	11.646	10.902	31.590	20.561	-2.076	-0.597	1.874	0.661	8.759	8.721	16.848	13.845
Bvulgatus_CL09T03C04	HMPREF1058_RS07680	HMPREF1058_RS07680		radical SAM family heme chaperone HemW	-1.595	-3.117	-0.640	0.163	-1.217	-2.147	-0.503	-0.975	-0.379	1.751	-2.118	-1.570	-2.160	-0.676	0.712	0.698	-0.332	-1.063	-1.200	-0.557	0.762	-1.774
Bvulgatus_CL09T03C04	HMPREF1058_RS07685	HMPREF1058_RS07685		glycoside hydrolase family 16 protein	1.582	0.841	-0.276	-0.621	1.383	1.216	0.039	0.050	1.962	1.339	0.506	1.108	3.522	1.538	1.221	1.722	0.479	-0.148	1.157	-0.136	1.063	0.973
Bvulgatus_CL09T03C04	HMPREF1058_RS07695	HMPREF1058_RS07695		DUF4827 domain-containing protein	-3.119	-3.582	-1.033	-1.690	-1.237	-1.819	-1.204	-1.745	-0.274	1.965	-1.258	-0.849	-2.277	-4.768	2.014	-0.497	-0.380	1.754	0.886	0.006	1.225	-0.795
Bvulgatus_CL09T03C04	HMPREF1058_RS07705	HMPREF1058_RS07705		ComEC/Rec2 family competence protein	-0.551	1.735	-2.136	-1.458	0.357	1.366	1.576	1.158	0.948	0.085	0.735	1.335	-0.277	0.677	0.561	0.121	1.100	0.028	-0.942	-0.290	0.297	0.784
Bvulgatus_CL09T03C04	HMPREF1058_RS07720	HMPREF1058_RS07720		sigma-70 family RNA polymerase sigma factor	-2.361	-1.502	1.064	1.545	-0.984	-0.785	-0.762	-0.509	-1.392	-0.183	-1.093	-0.990	-0.655	0.073	0.341	-0.424	-0.661	-0.543	-1.023	-0.850	-0.701	-1.861
Bvulgatus_CL09T03C04	HMPREF1058_RS07725	HMPREF1058_RS07725		NigD-like N-terminal domain-containing protein	0.153	-0.401	-3.723	-3.714	-1.395	-1.077	-0.324	-0.656	-1.544	0.666	-0.294	-0.478	-0.475	-0.204	-3.442	-0.237	-1.352	-2.617	0.049	-0.925	-0.514	0.300
Bvulgatus_CL09T03C04	HMPREF1058_RS07735	HMPREF1058_RS07735		chloride channel protein	3.162	1.364	-0.672	1.148	3.376	2.452	-0.205	0.567	8.675	6.701	-0.919	-3.062	-0.273	1.893	0.197	-0.523	-0.766	0.902	7.824	9.412	-0.315	-1.105
Bvulgatus_CL09T03C04	HMPREF1058_RS07745	HMPREF1058_RS07745		N-acetylglucosamine-6-phosphate deacetylase	0.015	0.645	-2.133	-2.025	-1.290	-2.729	1.741	1.034	-0.607	-0.936	0.038	0.118	-0.527	-0.597	-0.329	0.843	-0.095	0.674	-1.046	-1.047	-0.391	0.440
Bvulgatus_CL09T03C04	HMPREF1058_RS07750	HMPREF1058_RS07750		efflux RND transporter permease subunit	-0.155	0.634	-0.161	0.194	-1.224	-0.254	0.002	-0.605	-0.153	0.548	-0.224	0.126	0.738	-0.616	0.115	0.249	0.189	-0.305	-0.047	0.675	0.395	0.037
Bvulgatus_CL09T03C04	HMPREF1058_RS07755	HMPREF1058_RS07755		TolC family protein	-0.101	0.733	1.378	1.015	-0.471	-0.009	-0.680	0.722	0.152	-0.805	1.623	0.419	0.656	-0.198	0.954	0.640	-0.390	0.316	0.558	-0.842	0.484	0.285
Bvulgatus_CL09T03C04	HMPREF1058_RS07760	HMPREF1058_RS07760		efflux RND transporter permease subunit	1.109	-0.288	1.061	0.858	-1.782	-0.305	0.467	0.691	1.539	2.086	0.114	0.730	-0.174	0.134	0.836	0.601	0.941	0.305	-0.141	0.474	0.480	0.632
Bvulgatus_CL09T03C04	HMPREF1058_RS07765	HMPREF1058_RS07765		efflux RND transporter periplasmic adaptor subunit	1.483	0.453	0.652	-2.110	1.075	1.271	0.605	1.609	0.577	0.657	0.706	1.233	1.311	1.839	1.627	1.798	0.849	2.024	0.782	0.836	0.604	1.669
Bvulgatus_CL09T03C04	HMPREF1058_RS07770	HMPREF1058_RS07770		O-antigen ligase family protein	0.266	-0.063	-0.043	-0.653	1.060	0.843	0.386	-0.300	0.483	0.135	-0.002	0.695	0.046	-0.514	0.435	0.074	-1.505	-0.196	1.027	1.418	1.774	0.030
Bvulgatus_CL09T03C04	HMPREF1058_RS07775	HMPREF1058_RS07775		hypothetical protein	0.150	-0.855	-1.306	-1.283	-2.343	-1.342	0.811	0.559	-0.777	-0.093	-0.152	0.258	-0.072	-0.928	0.545	0.825	-0.451	-0.041	-0.733	-0.359	-0.613	0.568
Bvulgatus_CL09T03C04	HMPREF1058_RS07780	HMPREF1058_RS07780		hypothetical protein	0.760	0.751	-0.346	-0.174	-1.433	1.554	0.688	0.356	0.265	-0.754	0.427	0.653	0.037	0.120	-0.798	-0.359	0.207	0.224	-0.693	-0.555	-0.430	-0.448
Bvulgatus_CL09T03C04	HMPREF1058_RS07785	HMPREF1058_RS07785		signal peptidase I	1.927	0.427	-0.531	0.778	-0.582	-0.070	-0.082	2.499	-1.512	-1.050	0.482	-0.008	-1.982	-0.025	-1.681	-0.368	0.089	0.044	-2.858	-0.256	-2.351	-0.277
Bvulgatus_CL09T03C04	HMPREF1058_RS07790	HMPREF1058_RS07790		hypothetical protein	-0.106	-0.068	-1.256	-1.975	-1.201	-2.795	-0.434	0.406	-1.734	-0.350	-0.466	-0.069	0.365	-0.895	-1.466	-0.154	-0.138	-0.631	-2.690	-0.095	-1.081	-0.575
Bvulgatus_CL09T03C04	HMPREF1058_RS07795	HMPREF1058_RS07795		6-bladed beta-propeller	0.356	0.174	1.167	0.477	-1.216	-1.127	0.369	-0.167	-0.908	-0.755	0.319	0.327	0.311	0.661	-0.862	-0.617	0.420	0.862	0.050	-1.255	0.018	-0.271
Bvulgatus_CL09T03C04	HMPREF1058_RS07800	HMPREF1058_RS07800		hypothetical protein	-0.144	0.177	1.195	1.713	0.058	-0.473	0.290	-0.744	-0.721	1.780	0.663	1.367	-0.204	0.892	-1.023	0.323	-0.248	-0.268	-1.141	0.428	0.949	0.309
Bvulgatus_CL09T03C04	HMPREF1058_RS07805	HMPREF1058_RS07805		hypothetical protein	0.128	0.017	0.325	-0.294	-1.247	0.773	-0.995	-1.612	0.505	-2.922	-0.636	0.566	0.396	-0.123	-1.675	0.302	-1.252	-1.230	-1.367	-1.853	-0.193	0.297
Bvulgatus_CL09T03C04	HMPREF1058_RS07810	HMPREF1058_RS07810		NVEALA domain-containing protein	0.709	1.071	-0.089	-0.286	0.650	0.253	1.215	0.028	0.795	1.276	1.394	1.397	-0.955	1.666	0.562	0.553	0.644	0.891	-0.570	0.548	0.436	0.684
Bvulgatus_CL09T03C04	HMPREF1058_RS07815	HMPREF1058_RS07815		6-bladed beta-propeller	0.606	-2.375	0.162	0.823	-0.366	-0.101	-0.752	-0.538	-0.471	-0.496	-0.439	-1.158	-0.757	-1.018	-1.235	-1.626	-1.273	0.364	-0.902	0.696	-0.443	0.085
Bvulgatus_CL09T03C04	HMPREF1058_RS07820	HMPREF1058_RS07820		NVEALA domain-containing protein	0.499	1.036	0.551	-0.234	0.349	-0.134	0.618	0.643	2.263	0.023	0.189	-0.067	0.604	-0.303	0.767	0.039	1.478	-0.664	-0.001	-0.674	-0.255	1.222
Bvulgatus_CL09T03C04	HMPREF1058_RS07825	HMPREF1058_RS07825		DUF4221 family protein	-0.623	0.183	-1.439	-0.654	0.131	-0.032	1.060	-0.451	0.436	0.151	-0.408	-0.299	0.294	0.072	-0.451	0.511	-0.849	-1.174	-0.123	-0.177	-0.439	-0.588
Bvulgatus_CL09T03C04	HMPREF1058_RS07835	HMPREF1058_RS07835		DUF1573 domain-containing protein	-1.777	0.017	-1.273	-1.490	-0.649	-0.133	-0.181	-0.479	-0.097	-0.913	0.876	-0.469	-0.080	-0.377	-0.242	1.633	0.852	1.618	-1.320	0.697	0.454	-0.930
Bvulgatus_CL09T03C04	HMPREF1058_RS07840	HMPREF1058_RS07840		hypothetical protein	-1.836	0.267	-0.960	-1.127	-2.178	-0.002	-0.897	-1.441	-1.679	-1.666	-0.706	-0.628	-0.083	-1.501	-3.149	-0.547	-1.007	-1.973	-1.495	-0.881	-0.774	-1.134
Bvulgatus_CL09T03C04	HMPREF1058_RS07845	HMPREF1058_RS07845		S26 family signal peptidase	-0.200	-1.924	-2.844	-0.662	-1.197	-1.343	-0.985	-0.041	0.613	-0.369	-1.105	-1.852	0.252	-2.249	0.717	-1.493	-0.734	-1.448	-1.331	-1.630	-0.172	-1.440
Bvulgatus_CL09T03C04	HMPREF1058_RS07850	HMPREF1058_RS07850		hypothetical protein	-0.246	-0.327	0.344	0.003	-1.248	-0.056	-1.047	0.494	-0.121	1.250	0.149	-0.243	-0.148	-0.534	-0.080	0.120	-1.102	-0.417	0.366	0.775	1.062	0.316
Bvulgatus_CL09T03C04	HMPREF1058_RS07855	HMPREF1058_RS07855		6-bladed beta-propeller	-0.748	0.726	0.055	0.569	-1.304	-0.582	0.032	-0.816	0.063	-0.621	-1.397	-0.615	0.266	1.216	-0.738	-1.292	-0.750	-0.080	-1.797	0.015	-1.691	-0.667
Bvulgatus_CL09T03C04	HMPREF1058_RS07860	HMPREF1058_RS07860		DUF1573 domain-containing protein	-0.436	-0.433	-0.841	0.710	-1.116	0.053	0.499	-0.023	0.853	0.581	0.422	0.406	1.769	0.221	0.723	0.240	0.149	-0.397	-0.847	1.296	1.173	-0.552
Bvulgatus_CL09T03C04	HMPREF1058_RS07865	HMPREF1058_RS07865		transglutaminase domain-containing protein	-1.020	-0.325	0.727	0.099	-1.325	-1.050	0.289	-1.191	1.393	-0.513	0.020	-0.320	0.473	0.721	-0.458	-0.216	-1.384	-0.122	-0.130	0.081	0.239	-0.271
Bvulgatus_CL09T03C04	HMPREF1058_RS07870	HMPREF1058_RS07870		sel1 repeat family protein	0.176	-0.072	0.523	0.981	-0.703	-0.819	1.483	0.815	-1.407	-0.859	-0.170	0.618	1.801	0.953	0.093	0.914	0.269	-0.997	-1.827	-1.082	-0.425	-0.277
Bvulgatus_CL09T03C04	HMPREF1058_RS07875	HMPREF1058_RS07875		hypothetical protein	-0.160	-1.306	-0.937	-0.084	0.404	0.318	0.003	0.643	-0.669	-0.094	-0.603	-1.442	-0.443	-0.256	-2.243	-0.200	-0.521	-1.312	-0.801	-1.267	-0.327	-0.414
Bvulgatus_CL09T03C04	HMPREF1058_RS07880	HMPREF1058_RS07880		6-bladed beta-propeller	-0.836	-1.010	-1.589	0.705	-2.271	-0.752	0.561	0.921	-0.040	-0.154	-0.799	1.080	0.175	0.006	0.083	1.954	0.639	1.025	-1.603	0.047	-0.154	0.073
Bvulgatus_CL09T03C04	HMPREF1058_RS07890	HMPREF1058_RS07890		hypothetical protein	0.701	-0.640	-0.127	1.027	0.226	-1.033	0.665	-0.763	-1.348	-0.329	0.727	0.047	-2.311	-0.434	-0.420	-0.255	0.408	0.889	0.267	-1.106	-1.682	-0.212
Bvulgatus_CL09T03C04	HMPREF1058_RS07895	HMPREF1058_RS07895		NVEALA domain-containing protein	-0.630	-0.767	0.977	-0.077	-1.051	-1.258	-1.397	1.203	-0.366	0.970	-0.135	-0.502	-1.598	1.137	0.615	-0.023	-0.350	-0.942	0.846	-0.484	-0.097	-2.479
Bvulgatus_CL09T03C04	HMPREF1058_RS07900	HMPREF1058_RS07900		DUF1573 domain-containing protein	-0.047	0.389	0.377	1.130	-0.552	0.949	0.196	-0.354	1.530	0.670	0.298	-0.476	-0.649	-0.087	-0.833	1.218	0.216	-0.237	1.151	0.076	1.120	0.051
Bvulgatus_CL09T03C04	HMPREF1058_RS07905	HMPREF1058_RS07905		hypothetical protein	-1.469	-0.017	0.451	-0.283	-1.101	-1.065	-2.288	-0.415	-0.487	-2.955	-2.875	-1.271	-1.181	-1.387	-2.071	-1.532	-2.626	-1.433	-1.466	-2.372	-3.223	-1.837
Bvulgatus_CL09T03C04	HMPREF1058_RS07910	HMPREF1058_RS07910		response regulator transcription factor	-0.306	1.479	-0.204	0.051	0.149	-0.516	0.570	-0.163	1.572	3.716	-0.345	0.582	-0.354	-0.068	0.532	1.678	0.175	-0.560	-0.224	0.342	-1.241	0.043
Bvulgatus_CL09T03C04	HMPREF1058_RS07915	HMPREF1058_RS07915		hypothetical protein	-0.829	-1.544	1.434	0.652	-0.042	0.560	-0.223	-0.439	0.426	-0.001	0.747	0.581	-0.215	-0.955	-0.593	0.339	-0.720	-0.936	0.594	-1.017	1.058	1.031
Bvulgatus_CL09T03C04	HMPREF1058_RS07920	HMPREF1058_RS07920		DUF108 domain-containing protein	-1.986	-0.663	1.262	1.023	-0.952	1.697	2.805	-0.467	-0.778	-1.212	-1.652	-0.339	0.206	-1.075	-0.425	-0.299	0.131	0.491	-0.470	-0.454	0.051	1.769
Bvulgatus_CL09T03C04	HMPREF1058_RS07925	HMPREF1058_RS07925		dihydrofolate reductase	-1.158	-0.696	0.266	1.419	-0.161	0.451	-0.423	-0.095	0.484	1.055	-0.027	0.432	-0.765	-0.244	-1.644	-0.310	-0.307	-0.736	-1.192	0.141	0.181	1.001
Bvulgatus_CL09T03C04	HMPREF1058_RS07930	HMPREF1058_RS07930		TerB family tellurite resistance protein	-0.021	0.884	1.454	0.116	0.593	1.834	0.357	-0.542	-0.029	1.495	-0.675	0.445	1.805	1.714	0.457	1.243	1.247	0.107	0.590	0.414	-0.952	-0.044
Bvulgatus_CL09T03C04	HMPREF1058_RS07945	HMPREF1058_RS07945		DUF4924 family protein	-4.229	-6.614	-0.017	-2.416	-0.811	1.320	-0.833	0.809	-0.367	0.594	1.163	0.925	-2.909	-2.019	2.903	0.951	0.139	0.875	1.213	0.211	0.426	0.610
Bvulgatus_CL09T03C04	HMPREF1058_RS07955	HMPREF1058_RS07955		phosphoribosylformylglycinamidine synthase	-10.164	-10.659	-8.839	-8.060	-9.350	-6.244	-13.467	-13.452	-8.740	-9.407	-13.060	-13.804	-13.813	-15.047	-15.309	-13.149	-10.429	-15.418	-10.820	-13.723	-10.019	-11.039
Bvulgatus_CL09T03C04	HMPREF1058_RS07960	HMPREF1058_RS07960		response regulator	-12.600	-13.870	-6.641	-6.030	-0.991	-4.498	-0.917	-0.736	5.821	4.400	-1.100	-1.838	-7.887	-6.413	-8.706	-1.352	6.542	0.203	2.434	4.048	-2.502	-1.289
Bvulgatus_CL09T03C04	HMPREF1058_RS07965	HMPREF1058_RS07965		chromate transporter	-4.415	-3.288	-2.299	-2.428	-0.779	-0.756	-0.069	-0.724	-1.103	-1.540	-0.119	-1.197	0.148	-1.135	1.108	0.393	-0.152	-1.538	-1.332	-0.608	-1.012	-0.544
Bvulgatus_CL09T03C04	HMPREF1058_RS07970	HMPREF1058_RS07970		chromate transporter	-3.720	-1.856	-0.960	0.162	0.418	-1.948	-0.995	0.270	-2.068	-2.222	-1.246	-1.447	1.368	-0.906	-0.565	-1.563	-1.224	-2.560	-4.962	-2.617	-0.303	0.014
Bvulgatus_CL09T03C04	HMPREF1058_RS07975	HMPREF1058_RS07975		family 10 glycosylhydrolase	-1.480	-1.049	-1.705	-1.821	-1.416	-1.986	-0.674	-0.219	0.046	0.370	-0.699	-1.133	-0.892	0.522	1.471	0.055	-0.536	-0.167	-0.087	-1.642	0.306	-1.276
Bvulgatus_CL09T03C04	HMPREF1058_RS07980	HMPREF1058_RS07980		excinuclease ABC subunit UvrA	0.747	-0.349	0.173	-1.238	1.444	3.569	0.264	0.561	5.822	5.501	0.060	-0.684	3.089	0.873	-2.349	-0.962	-2.134	-1.924	5.975	3.634	1.174	0.414
Bvulgatus_CL09T03C04	HMPREF1058_RS07985	HMPREF1058_RS07985		endonuclease/exonuclease/phosphatase family protein	-0.710	-1.289	-0.755	-1.896	-0.164	0.685	-0.974	-0.289	0.186	0.433	-1.511	-1.086	-0.574	-0.603	-0.625	0.164	-0.872	-0.456	-2.791	-0.320	-0.125	0.141
Bvulgatus_CL09T03C04	HMPREF1058_RS07990	HMPREF1058_RS07990		family 20 glycosylhydrolase	-0.930	-1.525	1.485	1.043	0.625	1.836	-0.564	-0.947	-0.610	-1.004	-0.799	-0.720	-1.634	-0.219	-1.077	1.059	-0.045	-0.217	-0.655	-1.375	-0.206	-0.285
Bvulgatus_CL09T03C04	HMPREF1058_RS07995	HMPREF1058_RS07995		hypothetical protein	0.283	0.366	-1.914	-1.421	-0.289	-0.082	-1.571	-0.385	0.939	0.751	0.107	-0.711	-2.217	-1.190	-0.607	0.821	-0.735	0.578	1.201	0.678	-1.103	-0.386
Bvulgatus_CL09T03C04	HMPREF1058_RS08000	HMPREF1058_RS08000		hypothetical protein	-2.289	-1.643	-0.808	-0.468	0.131	-0.485	0.408	0.344	-0.637	0.131	0.593	0.246	0.766	-0.681	0.614	-0.495	-0.631	0.508	0.807	2.064	1.298	-0.198
Bvulgatus_CL09T03C04	HMPREF1058_RS08005	HMPREF1058_RS08005		carbon starvation protein A	-1.057	-2.299	0.548	0.975	0.176	-0.892	-1.971	-0.884	0.127	0.497	-1.008	-0.524	0.657	-1.202	-0.567	-0.636	-0.643	0.464	-1.034	0.040	-1.002	-1.814
Bvulgatus_CL09T03C04	HMPREF1058_RS08010	HMPREF1058_RS08010		family 10 glycosylhydrolase	-1.146	-1.403	-3.291	-2.704	-2.792	-1.167	-1.378	-0.349	-0.069	-2.032	-1.699	-1.517	1.476	1.170	0.065	-2.001	-0.511	-0.547	-1.125	-1.807	-1.287	-0.509
Bvulgatus_CL09T03C04	HMPREF1058_RS08015	HMPREF1058_RS08015		virulence RhuM family protein	0.124	-0.518	-1.270	-0.006	-1.854	0.591	1.192	0.330	-0.855	-0.263	-0.817	1.665	0.199	0.677	0.166	0.274	-1.050	-0.566	1.082	-0.853	-0.091	0.286
Bvulgatus_CL09T03C04	HMPREF1058_RS08020	HMPREF1058_RS08020		hypothetical protein	-1.241	-1.020	0.186	-0.031	0.143	0.291	-0.839	-0.998	-0.635	0.135	-2.140	-0.328	-1.172	-0.788	-0.634	0.357	0.780	-0.765	-0.516	-0.045	0.333	-0.971
Bvulgatus_CL09T03C04	HMPREF1058_RS08025	HMPREF1058_RS08025		phosphoribosylformylglycinamidine cyclo-ligase	-8.951	-5.783	-7.155	-4.715	-7.983	-5.413	-7.017	-9.286	-6.543	-5.567	-5.768	-8.196	-5.876	-5.847	-9.914	-7.067	-6.598	-8.985	-6.620	-6.751	-7.347	-7.759
Bvulgatus_CL09T03C04	HMPREF1058_RS08040	HMPREF1058_RS08040		HD domain-containing protein	-0.266	0.515	-0.776	0.098	-0.412	-0.297	0.887	0.887	1.486	1.494	0.299	1.476	0.371	0.071	-0.917	-0.356	0.840	1.034	1.988	0.539	1.391	0.629
Bvulgatus_CL09T03C04	HMPREF1058_RS08060	HMPREF1058_RS08060		hypothetical protein	1.970	2.658	-1.693	-4.681	-2.974	-0.971	-0.652	-0.478	0.315	0.358	-1.065	-1.274	-4.235	-1.543	-10.782	-3.555	-2.683	-5.137	-4.376	0.687	-4.058	-0.682
Bvulgatus_CL09T03C04	HMPREF1058_RS08065	HMPREF1058_RS08065		tRNA (adenosine(37)-N6)-dimethylallyltransferase MiaA	-6.762	-10.626	-2.111	-2.742	-4.759	-6.165	-10.903	-10.427	-10.586	-8.541	-8.828	-10.531	-8.660	-8.612	-4.214	-4.174	-2.658	-1.559	-7.352	-6.280	-8.810	-9.089
Bvulgatus_CL09T03C04	HMPREF1058_RS08070	HMPREF1058_RS08070		alpha-L-fucosidase	-1.400	-0.978	1.687	1.773	-0.540	1.482	0.214	-0.429	0.659	0.168	-0.683	-0.099	-0.008	-1.013	0.095	-0.096	-0.609	-1.634	-0.287	0.678	0.840	-0.649
Bvulgatus_CL09T03C04	HMPREF1058_RS08075	HMPREF1058_RS08075		hypothetical protein	-0.020	-0.100	-0.128	-1.723	0.416	0.246	-1.070	-0.478	-0.723	2.244	-0.295	0.115	2.767	0.594	-0.431	0.189	1.048	-0.796	1.713	-0.042	1.853	0.641
Bvulgatus_CL09T03C04	HMPREF1058_RS08080	HMPREF1058_RS08080		TlpA family protein disulfide reductase	0.089	0.928	0.307	0.495	-0.454	1.276	1.000	0.769	1.148	0.666	0.838	0.693	-0.387	-0.574	1.050	-0.022	-0.371	0.578	0.682	0.961	-0.196	-0.474
Bvulgatus_CL09T03C04	HMPREF1058_RS08085	HMPREF1058_RS08085		redoxin domain-containing protein	1.075	-0.635	-0.900	-1.025	1.050	-0.028	1.260	0.834	0.874	0.463	0.659	-0.219	0.848	-0.071	-0.053	0.177	0.050	0.786	1.887	1.274	0.224	0.067
Bvulgatus_CL09T03C04	HMPREF1058_RS08090	HMPREF1058_RS08090		tetratricopeptide repeat protein	0.395	-0.696	0.956	0.291	-0.727	0.104	0.534	-0.513	-0.089	0.953	0.303	-1.839	-0.996	0.527	-0.471	0.140	-1.380	0.303	-1.219	-0.094	-0.249	-0.190
Bvulgatus_CL09T03C04	HMPREF1058_RS08095	HMPREF1058_RS08095		M56 family metallopeptidase	-0.935	-0.439	-0.504	0.017	-1.017	-0.869	-0.361	-1.178	-0.128	-1.226	-0.104	-0.884	-0.052	-1.123	-0.334	-1.359	-0.037	-1.159	-1.902	-1.386	-0.342	-0.380
Bvulgatus_CL09T03C04	HMPREF1058_RS08100	HMPREF1058_RS08100		BlaI/MecI/CopY family transcriptional regulator	-1.812	-0.027	-0.885	-1.954	-0.935	-0.644	0.404	-0.756	1.517	0.078	-2.181	0.557	0.047	-1.429	-0.823	-0.091	-0.042	-0.842	0.693	1.546	-0.464	-0.019
Bvulgatus_CL09T03C04	HMPREF1058_RS08105	HMPREF1058_RS08105		glycoside hydrolase family 88 protein	0.456	0.136	-0.084	-1.800	-0.261	0.788	0.027	-0.201	0.794	0.197	0.012	0.745	0.989	0.017	1.122	1.011	-1.070	-0.447	0.243	0.057	-0.191	-0.077
Bvulgatus_CL09T03C04	HMPREF1058_RS08110	HMPREF1058_RS08110		glycosyl hydrolase 43 family protein	0.607	0.230	-0.724	0.423	1.137	-0.011	0.815	0.716	0.873	-0.380	0.547	0.677	-0.334	-0.612	-0.570	-0.019	-0.655	-0.850	0.340	-0.608	-0.258	-1.213
Bvulgatus_CL09T03C04	HMPREF1058_RS08115	HMPREF1058_RS08115		glycoside hydrolase family 97 protein	-0.669	-0.973	-0.942	-0.673	0.176	1.165	1.015	0.657	0.439	-0.779	0.344	-0.128	-0.313	-0.733	0.000	0.630	-0.116	-0.294	-0.909	-0.598	0.349	0.283
Bvulgatus_CL09T03C04	HMPREF1058_RS08120	HMPREF1058_RS08120		hypothetical protein	0.854	-0.613	-0.741	-1.219	-1.576	0.672	0.828	0.374	-0.502	-0.305	0.587	-0.474	-0.912	-0.494	-1.178	-0.194	-0.161	-0.813	-0.120	-0.813	-0.177	0.221
Bvulgatus_CL09T03C04	HMPREF1058_RS08125	HMPREF1058_RS08125		serine hydrolase	0.368	0.803	1.125	0.744	0.438	2.091	-1.361	0.023	0.390	-0.014	-0.542	-0.591	0.697	-0.353	-0.030	0.074	0.163	0.384	-0.363	-0.084	1.136	-0.540
Bvulgatus_CL09T03C04	HMPREF1058_RS08130	HMPREF1058_RS08130		glycoside hydrolase family 127 protein	0.676	0.445	0.626	0.217	1.300	0.517	-0.091	0.770	1.261	1.292	-0.295	-0.312	-1.352	-0.035	-0.077	0.277	-1.523	-0.473	0.702	1.080	0.322	0.225
Bvulgatus_CL09T03C04	HMPREF1058_RS08135	HMPREF1058_RS08135		glycoside hydrolase	1.393	-0.018	-0.488	-0.713	0.477	0.902	0.944	0.173	1.905	1.741	0.599	0.586	1.157	1.398	1.579	-1.453	-0.657	-0.477	0.900	1.338	1.048	-0.210
Bvulgatus_CL09T03C04	HMPREF1058_RS08140	HMPREF1058_RS08140		glycoside hydrolase family protein	0.329	-0.385	0.488	-0.214	0.249	0.256	0.273	0.592	1.074	0.820	0.806	0.837	-0.280	1.352	1.172	0.419	0.737	1.074	1.222	0.756	-0.174	0.984
Bvulgatus_CL09T03C04	HMPREF1058_RS08145	HMPREF1058_RS08145		PD-(D/E)XK nuclease family transposase	0.581	-0.590	0.898	-0.016	1.124	0.463	0.475	0.445	0.683	-0.116	0.742	0.726	0.935	0.220	0.464	0.035	0.567	0.507	0.140	1.432	2.956	0.674
Bvulgatus_CL09T03C04	HMPREF1058_RS08150	HMPREF1058_RS08150		hypothetical protein	1.057	0.762	1.034	0.248	-0.512	-0.573	0.395	0.380	-0.104	0.596	1.891	0.348	0.456	-0.909	0.561	0.536	0.513	0.538	-0.405	-0.981	-0.285	0.041
Bvulgatus_CL09T03C04	HMPREF1058_RS08155	HMPREF1058_RS08155		glycosyl hydrolase family 30	1.464	1.026	0.360	0.707	1.190	1.519	0.654	0.975	1.663	0.500	0.341	1.032	0.565	1.268	0.881	-0.393	0.090	0.062	1.433	0.978	1.318	0.490
Bvulgatus_CL09T03C04	HMPREF1058_RS08160	HMPREF1058_RS08160		alpha-L-arabinofuranosidase	-0.025	0.058	-1.227	-1.712	-0.291	-0.897	0.121	0.211	-0.978	0.232	-0.429	2.022	-0.142	0.403	0.743	-0.510	-0.586	-0.045	-0.221	-0.815	0.699	-0.282
Bvulgatus_CL09T03C04	HMPREF1058_RS08165	HMPREF1058_RS08165		RagB/SusD family nutrient uptake outer membrane protein	0.654	-0.090	-1.530	-1.079	-0.339	-0.309	0.150	0.161	0.621	0.887	0.685	0.550	-1.254	1.001	0.390	-0.631	-0.991	0.140	0.650	0.397	0.255	0.013
Bvulgatus_CL09T03C04	HMPREF1058_RS08170	HMPREF1058_RS08170		TonB-dependent receptor	0.088	0.088	-0.138	0.264	-0.278	0.351	0.409	0.217	0.508	0.178	0.474	0.585	0.901	0.440	0.274	0.509	-0.036	-0.165	0.396	-0.784	0.286	-0.372
Bvulgatus_CL09T03C04	HMPREF1058_RS08175	HMPREF1058_RS08175		sigma-70 family RNA polymerase sigma factor	0.443	0.903	-0.981	-1.127	-1.089	0.501	1.362	2.930	0.061	1.047	2.026	0.161	-0.334	1.317	-0.548	-0.905	0.498	2.117	0.571	0.982	0.007	-0.930
Bvulgatus_CL09T03C04	HMPREF1058_RS08180	HMPREF1058_RS08180		helix-turn-helix domain-containing protein	0.460	0.008	-0.928	0.235	1.229	1.065	2.023	0.748	1.860	0.806	0.677	0.717	1.447	0.964	1.007	0.109	0.780	0.313	0.904	0.754	2.265	0.414
Bvulgatus_CL09T03C04	HMPREF1058_RS08185	HMPREF1058_RS08185		heparinase II/III family protein	0.534	0.829	1.041	0.340	0.734	0.942	0.390	1.191	0.479	0.014	-0.428	0.065	0.478	0.826	0.764	-0.306	0.023	-0.375	0.276	0.023	1.301	0.679
Bvulgatus_CL09T03C04	HMPREF1058_RS08190	HMPREF1058_RS08190		hypothetical protein	-0.915	0.936	-0.792	0.065	-1.213	-1.052	0.652	0.208	0.362	0.084	0.305	-0.008	0.432	0.180	-0.641	-0.705	-1.198	0.029	0.059	0.173	1.037	0.593
Bvulgatus_CL09T03C04	HMPREF1058_RS08195	HMPREF1058_RS08195		glycoside hydrolase family 3 C-terminal domain-containing protein	-0.691	-0.404	0.984	0.477	1.413	0.795	0.807	0.436	0.450	-0.700	0.670	0.956	-0.429	0.861	0.315	-0.440	0.470	-0.007	0.045	-0.516	0.735	0.449
Bvulgatus_CL09T03C04	HMPREF1058_RS08200	HMPREF1058_RS08200		GH92 family glycosyl hydrolase	-0.211	0.157	-2.442	-1.462	1.291	1.599	0.455	0.153	0.605	0.319	1.064	0.432	0.777	0.820	-0.211	0.085	0.031	0.420	0.794	1.113	1.504	1.269
Bvulgatus_CL09T03C04	HMPREF1058_RS08205	HMPREF1058_RS08205		glycoside hydrolase family 97 protein	0.035	-0.242	-1.425	-1.526	-0.010	0.666	0.228	0.034	1.130	1.042	0.439	-0.806	0.348	0.353	0.653	0.270	0.129	0.069	1.124	0.368	0.065	0.516
Bvulgatus_CL09T03C04	HMPREF1058_RS08210	HMPREF1058_RS08210		RagB/SusD family nutrient uptake outer membrane protein	-0.107	0.594	-0.073	1.344	0.295	-0.437	0.673	1.304	0.584	0.713	0.459	0.636	0.040	0.520	0.053	-0.487	0.671	-0.238	0.180	0.984	0.305	0.850
Bvulgatus_CL09T03C04	HMPREF1058_RS08215	HMPREF1058_RS08215		TonB-dependent receptor	0.997	-0.182	1.002	1.274	-0.446	-0.692	-0.353	0.155	1.347	0.530	0.941	0.524	0.291	-0.561	0.797	0.419	0.025	0.059	0.889	0.315	0.444	0.360
Bvulgatus_CL09T03C04	HMPREF1058_RS08220	HMPREF1058_RS08220		RNA polymerase sigma-70 factor	0.052	0.347	-0.787	-1.540	-1.385	0.228	1.780	0.662	0.177	0.729	0.076	1.154	-0.230	1.320	0.336	0.075	0.392	0.816	0.967	0.145	0.482	-0.490
Bvulgatus_CL09T03C04	HMPREF1058_RS08225	HMPREF1058_RS08225		glycoside hydrolase family 88 protein	-0.047	-0.308	0.512	-0.390	-0.059	-0.627	-0.235	0.156	-1.085	-0.659	0.120	0.060	0.560	1.221	-0.803	-0.417	-0.524	-1.184	0.793	0.061	-0.218	0.711
Bvulgatus_CL09T03C04	HMPREF1058_RS08230	HMPREF1058_RS08230		helix-turn-helix domain-containing protein	0.880	0.196	1.029	1.093	0.119	0.916	1.417	0.487	0.727	0.989	0.944	0.852	0.729	0.268	0.285	0.704	0.333	0.656	1.339	0.707	1.968	0.334
Bvulgatus_CL09T03C04	HMPREF1058_RS08240	HMPREF1058_RS08240		hypothetical protein	0.631	1.091	0.645	-2.063	-0.245	-0.215	0.013	-1.726	-0.526	-1.373	-0.758	0.055	-0.480	-0.248	-0.847	-0.674	1.718	0.583	-1.052	-1.757	0.413	-0.603
Bvulgatus_CL09T03C04	HMPREF1058_RS08245	HMPREF1058_RS08245		transcriptional regulator	0.934	1.588	-0.315	-0.067	-0.319	-0.139	0.414	-0.892	-2.274	0.133	-0.714	0.045	-2.207	1.023	-1.560	1.201	0.266	0.139	0.473	-1.646	-0.808	-1.581
Bvulgatus_CL09T03C04	HMPREF1058_RS08250	HMPREF1058_RS08250		malate dehydrogenase	0.849	0.482	-2.006	-1.219	0.720	-1.573	0.431	-0.207	0.448	-0.200	0.464	1.108	-1.154	-0.647	-0.840	-0.642	-0.007	0.528	-1.161	-0.500	1.085	-0.386
Bvulgatus_CL09T03C04	HMPREF1058_RS08275	HMPREF1058_RS08275		DoxX family protein	-0.973	-2.315	-0.918	0.331	-0.147	-0.979	-1.148	-1.244	3.178	2.045	-0.851	-2.957	-9.498	-2.790	-4.443	2.772	0.260	2.308	-9.853	2.787	-9.509	-2.522
Bvulgatus_CL09T03C04	HMPREF1058_RS08285	HMPREF1058_RS08285		peptidoglycan DD-metalloendopeptidase family protein	1.707	1.050	0.121	-1.223	-0.213	-3.045	0.829	1.023	1.881	1.072	0.646	1.425	1.282	0.936	-1.290	-0.427	0.944	0.120	0.257	0.665	0.055	0.792
Bvulgatus_CL09T03C04	HMPREF1058_RS08290	HMPREF1058_RS08290		nucleoside-diphosphate kinase	-2.137	-0.335	0.265	-1.641	0.468	0.244	0.051	0.316	1.850	1.102	0.233	1.748	1.004	-0.489	1.360	-0.002	0.808	0.052	-0.286	0.880	0.563	1.713
Bvulgatus_CL09T03C04	HMPREF1058_RS08295	HMPREF1058_RS08295		ATP-dependent DNA helicase RecG	-7.334	-7.164	-5.390	-4.696	-7.515	-6.616	-4.672	-6.279	-7.540	-7.080	-7.975	-7.140	-6.115	-6.330	-8.330	-7.868	-6.329	-6.374	-7.996	-6.186	-7.177	-5.333
Bvulgatus_CL09T03C04	HMPREF1058_RS08305	HMPREF1058_RS08305		DJ-1/PfpI family protein	-0.764	-0.351	0.555	0.033	0.854	0.370	0.196	0.925	1.714	0.513	0.207	0.160	0.062	-0.415	-0.112	-0.438	0.212	-0.399	0.619	-0.098	0.493	-0.880
Bvulgatus_CL09T03C04	HMPREF1058_RS08310	HMPREF1058_RS08310		TonB family protein	-2.244	-2.861	-1.371	-0.966	-3.552	-4.793	-2.741	-2.745	-2.904	-2.228	-1.902	-3.052	-3.052	-2.651	-2.077	-2.783	-2.547	-4.299	-2.512	-2.472	-2.927	-2.409
Bvulgatus_CL09T03C04	HMPREF1058_RS08315	HMPREF1058_RS08315		biopolymer transporter ExbD	-0.095	0.159	-4.669	-3.891	-3.585	-4.431	-2.019	-1.750	-1.706	-2.165	-2.584	-2.767	-0.721	-3.009	-1.230	-1.780	-1.031	-4.268	-3.235	-3.694	-3.417	-2.572
Bvulgatus_CL09T03C04	HMPREF1058_RS08320	HMPREF1058_RS08320		MotA/TolQ/ExbB proton channel family protein	-1.537	-1.051	-3.083	-3.573	-2.628	-3.489	-3.137	-1.904	-2.978	-1.357	-3.313	-2.588	-2.234	-3.019	-2.188	-3.093	-2.537	-1.942	-1.541	-3.990	-2.614	-3.050
Bvulgatus_CL09T03C04	HMPREF1058_RS08325	HMPREF1058_RS08325		pyridoxine 5'-phosphate synthase	-8.137	-5.275	-5.557	-4.264	-5.686	-4.738	-9.310	-8.574	-6.720	-7.904	-7.953	-7.528	-5.453	-8.330	-8.834	-8.422	-1.827	-2.990	-6.418	-6.827	-7.564	-6.236
Bvulgatus_CL09T03C04	HMPREF1058_RS08335	HMPREF1058_RS08335		acyloxyacyl hydrolase	0.185	-0.150	0.295	-0.954	1.254	-0.795	-0.372	-0.901	1.116	0.605	0.731	-0.067	0.213	-0.538	-0.702	0.438	0.058	0.386	-0.302	-1.711	0.276	0.814
Bvulgatus_CL09T03C04	HMPREF1058_RS08340	HMPREF1058_RS08340		hypothetical protein	-0.149	1.709	0.925	0.818	0.272	-0.454	0.025	0.473	0.017	-0.367	-0.012	1.047	0.631	-0.826	-1.689	-0.689	0.382	-0.208	-0.143	-1.794	-0.446	-0.018
Bvulgatus_CL09T03C04	HMPREF1058_RS08345	HMPREF1058_RS08345		AAA family ATPase	-0.993	-0.262	0.362	0.426	-0.010	-0.495	0.611	-0.724	-0.035	0.961	-0.083	0.148	-0.533	-0.768	-1.113	-0.343	0.252	0.643	-0.354	0.454	-0.773	0.229
Bvulgatus_CL09T03C04	HMPREF1058_RS08350	HMPREF1058_RS08350		exonuclease SbcCD subunit D C-terminal domain-containing protein	0.317	0.171	1.317	2.167	0.771	0.804	0.660	-0.448	-1.565	-0.376	0.685	-0.523	-0.007	-0.143	0.650	-0.125	1.889	-1.210	-2.486	-2.662	0.443	1.120
Bvulgatus_CL09T03C04	HMPREF1058_RS08355	HMPREF1058_RS08355		hypothetical protein	-0.931	-0.045	0.159	-0.321	0.967	-0.394	-0.613	0.106	-1.194	-0.127	0.017	-1.483	-0.251	0.648	0.012	-0.107	0.533	-0.705	-0.889	-1.077	-0.057	1.675
Bvulgatus_CL09T03C04	HMPREF1058_RS08360	HMPREF1058_RS08360		type II toxin-antitoxin system RelE/ParE family toxin	0.317	-0.772	-0.274	-0.890	-0.823	0.002	0.071	-0.186	0.658	-0.875	-0.169	-0.992	0.066	-1.301	-0.176	-0.345	1.223	0.839	1.067	0.392	-0.904	-0.468
Bvulgatus_CL09T03C04	HMPREF1058_RS08365	HMPREF1058_RS08365		glycoside hydrolase family 127 protein	-0.556	0.404	4.221	3.895	0.273	-0.174	0.150	0.050	-0.100	0.667	0.002	0.995	-0.092	-0.403	0.424	-0.101	-0.040	-0.338	-0.759	-1.071	-0.188	-0.605
Bvulgatus_CL09T03C04	HMPREF1058_RS08370	HMPREF1058_RS08370		DUF5110 domain-containing protein	0.458	0.425	2.402	1.659	-0.389	-0.802	-0.012	-0.428	-1.059	-0.596	0.028	-1.032	-1.362	-1.203	0.667	0.284	-0.121	0.456	-0.240	-1.265	-0.740	-0.691
Bvulgatus_CL09T03C04	HMPREF1058_RS08375	HMPREF1058_RS08375		RagB/SusD family nutrient uptake outer membrane protein	-0.968	-0.087	0.078	-2.430	-0.531	-0.530	-0.586	-0.471	-1.150	0.028	0.453	0.003	-0.011	-0.070	-0.557	1.132	0.357	0.545	-0.274	0.268	-0.219	-0.077
Bvulgatus_CL09T03C04	HMPREF1058_RS08380	HMPREF1058_RS08380		TonB-dependent receptor	-1.371	0.177	-0.229	0.988	-1.023	-1.601	-1.205	-0.502	-0.543	-1.132	-0.491	-0.341	-1.368	-1.584	0.032	-0.260	0.935	1.120	-1.317	-0.399	-0.278	-1.291
Bvulgatus_CL09T03C04	HMPREF1058_RS08385	HMPREF1058_RS08385		helix-turn-helix domain-containing protein	-0.836	0.428	-2.761	-2.966	-0.226	0.751	0.379	0.903	-1.220	0.607	-0.661	0.653	0.219	-1.366	0.763	0.071	0.652	0.157	-0.742	0.325	0.317	-0.659
Bvulgatus_CL09T03C04	HMPREF1058_RS08390	HMPREF1058_RS08390		beta-galactosidase	-0.523	-0.928	-0.210	0.758	1.238	0.569	-0.865	0.558	0.064	-1.099	-0.074	0.621	-0.558	-0.330	0.313	-0.259	-0.411	0.153	-0.777	-0.001	0.042	0.346
Bvulgatus_CL09T03C04	HMPREF1058_RS08395	HMPREF1058_RS08395		carbohydrate binding domain-containing protein	-0.852	-0.201	-0.409	-0.925	-0.125	1.187	-0.512	-0.116	-0.537	0.825	0.355	-0.689	-0.028	-1.152	0.443	0.081	0.075	-0.916	-0.893	-0.738	0.824	-0.503
Bvulgatus_CL09T03C04	HMPREF1058_RS08400	HMPREF1058_RS08400		family 43 glycosylhydrolase	0.684	0.197	-2.628	-0.461	-0.120	1.141	1.160	-0.360	1.277	-1.152	1.031	0.149	0.861	-0.876	-0.457	0.660	-0.006	-0.487	0.890	0.967	-0.364	-0.847
Bvulgatus_CL09T03C04	HMPREF1058_RS08405	HMPREF1058_RS08405		TonB-dependent receptor	0.385	0.728	-0.682	0.930	-0.182	0.248	-0.876	-1.098	0.597	0.863	-0.887	-0.904	-0.816	-0.734	0.491	0.257	0.650	-0.193	0.037	-0.394	-0.911	-0.152
Bvulgatus_CL09T03C04	HMPREF1058_RS08410	HMPREF1058_RS08410		RagB/SusD family nutrient uptake outer membrane protein	0.014	0.148	0.154	-0.154	-0.332	-1.287	0.048	-0.542	0.071	-0.004	-0.782	0.111	-1.151	-0.959	-0.397	-0.178	-0.129	0.144	-0.649	-0.189	0.403	-0.101
Bvulgatus_CL09T03C04	HMPREF1058_RS08415	HMPREF1058_RS08415		family 43 glycosylhydrolase	0.453	0.904	-0.379	0.454	0.136	0.684	0.007	1.382	-0.196	0.582	0.008	0.984	0.565	-1.426	-0.862	-0.630	0.987	-0.417	-0.238	1.702	0.056	0.745
Bvulgatus_CL09T03C04	HMPREF1058_RS08420	HMPREF1058_RS08420		family 43 glycosylhydrolase	-0.578	0.452	1.140	2.449	1.359	-0.582	0.408	-1.001	-2.886	0.039	-0.071	0.282	-1.402	0.616	0.469	-0.825	-1.056	-0.288	-0.500	0.181	-0.535	-0.222
Bvulgatus_CL09T03C04	HMPREF1058_RS08425	HMPREF1058_RS08425		family 43 glycosylhydrolase	-0.250	-1.119	0.638	0.537	0.457	-0.813	0.646	-0.381	-0.875	0.491	-0.079	-1.710	-1.022	-0.764	-0.611	-0.656	-0.869	-0.476	-0.710	-0.110	-0.961	-0.401
Bvulgatus_CL09T03C04	HMPREF1058_RS08430	HMPREF1058_RS08430		RagB/SusD family nutrient uptake outer membrane protein	0.002	0.056	-1.239	-0.385	-0.511	-0.312	0.134	0.158	-0.727	-0.706	0.599	0.326	0.778	-0.561	0.264	0.932	0.170	0.387	1.056	0.097	-0.089	0.562
Bvulgatus_CL09T03C04	HMPREF1058_RS08435	HMPREF1058_RS08435		TonB-dependent receptor	-0.459	-0.469	-2.898	-2.013	0.042	0.202	0.292	-1.190	-0.156	-0.439	-0.495	-0.124	-0.088	0.074	0.014	-0.208	0.427	0.077	-0.449	0.797	-0.914	0.014
Bvulgatus_CL09T03C04	HMPREF1058_RS08440	HMPREF1058_RS08440		RagB/SusD family nutrient uptake outer membrane protein	0.001	0.125	-9.760	-9.789	0.510	0.507	-0.472	0.293	0.197	-0.471	-0.400	0.118	0.958	0.037	-0.388	0.695	0.497	0.264	-0.295	0.406	-0.770	0.131
Bvulgatus_CL09T03C04	HMPREF1058_RS08445	HMPREF1058_RS08445		TonB-dependent receptor	0.193	1.137	-9.326	-9.335	-0.241	-0.283	0.014	0.166	-0.131	0.716	-0.528	-0.024	-1.030	0.401	-0.221	-0.023	-0.294	0.005	-1.268	-1.006	-0.707	-0.086
Bvulgatus_CL09T03C04	HMPREF1058_RS08450	HMPREF1058_RS08450		response regulator	0.210	0.027	-11.197	-10.811	0.536	-0.116	0.076	-0.795	-2.922	0.585	0.450	-0.706	-0.504	0.217	-0.396	-0.465	0.131	0.873	-0.860	-0.473	-0.116	-0.010
Bvulgatus_CL09T03C04	HMPREF1058_RS08455	HMPREF1058_RS08455		DUF3810 domain-containing protein	0.614	0.307	1.085	1.312	-0.603	-0.693	0.329	-0.948	-0.425	-0.265	-0.627	0.199	-0.390	0.114	-1.151	-0.512	-0.798	-1.105	-0.028	0.008	-0.359	-0.039
Bvulgatus_CL09T03C04	HMPREF1058_RS08460	HMPREF1058_RS08460		DUF2264 domain-containing protein	0.279	-0.440	-0.048	-1.443	-0.325	-0.469	0.183	0.544	-1.123	0.150	0.886	0.558	-0.020	0.106	0.379	1.178	-1.048	-0.449	-0.109	-0.253	0.009	0.848
Bvulgatus_CL09T03C04	HMPREF1058_RS08465	HMPREF1058_RS08465		BNR-4 repeat-containing protein	-0.379	-0.982	-2.327	-3.393	0.247	1.289	-0.509	-0.301	0.521	1.147	-0.967	0.037	-0.366	0.025	-0.066	-0.579	-0.760	-1.989	0.876	0.932	-0.362	-0.240
Bvulgatus_CL09T03C04	HMPREF1058_RS08485	HMPREF1058_RS08485		GNAT family N-acetyltransferase	-5.499	-5.487	-3.570	-2.427	-1.296	1.418	-1.696	-2.092	2.681	2.815	-3.436	-3.863	-0.385	-1.610	-3.755	-2.916	-2.685	-4.597	1.265	1.508	-2.215	-3.734
Bvulgatus_CL09T03C04	HMPREF1058_RS08490	HMPREF1058_RS08490		DUF2156 domain-containing protein	-1.027	-0.749	1.286	0.975	0.281	0.475	0.130	-0.411	1.807	0.685	1.517	1.390	-0.443	0.649	1.105	-0.470	1.793	0.727	1.246	0.496	-0.834	1.585
Bvulgatus_CL09T03C04	HMPREF1058_RS08495	HMPREF1058_RS08495		LrgB family protein	1.048	-0.774	0.903	-0.920	0.026	0.075	0.078	1.018	-1.246	-1.799	-0.677	-0.678	-0.527	0.294	-1.324	0.632	-0.299	-0.238	-1.763	-1.108	-0.608	-0.317
Bvulgatus_CL09T03C04	HMPREF1058_RS08500	HMPREF1058_RS08500		CidA/LrgA family protein	0.165	0.440	0.105	-1.181	-0.781	-2.179	-0.680	-0.356	-0.876	-0.309	-0.603	-0.647	-0.045	-0.019	-0.977	-1.759	0.263	0.441	-0.315	-1.397	-0.469	-0.780
Bvulgatus_CL09T03C04	HMPREF1058_RS08520	HMPREF1058_RS08520		DUF59 domain-containing protein	8.900	10.636	-3.226	-3.370	-3.982	-3.787	-3.924	-3.310	-7.354	-3.983	-5.069	-6.312	3.304	5.470	-4.366	-4.263	0.434	-1.200	-5.866	-3.978	-2.332	-3.256
Bvulgatus_CL09T03C04	HMPREF1058_RS08525	HMPREF1058_RS08525		DNA repair protein RadC	1.076	0.688	0.836	-2.278	-0.904	-0.096	0.244	0.302	0.877	1.094	0.385	0.583	-0.489	1.282	0.739	-1.107	0.060	0.061	1.078	0.325	0.288	0.449
Bvulgatus_CL09T03C04	HMPREF1058_RS08535	HMPREF1058_RS08535		elongation factor P	-3.840	-3.457	-1.765	-1.736	-3.341	-3.224	-3.422	-4.478	-3.957	-3.097	-4.103	-4.407	-3.035	-3.776	-2.094	-2.708	0.472	-0.892	-2.954	-2.618	-3.894	-3.946
Bvulgatus_CL09T03C04	HMPREF1058_RS08540	HMPREF1058_RS08540		anaerobic sulfatase-maturation protein	-0.656	-0.975	-0.149	-0.063	-1.453	-0.912	-1.547	-0.683	-1.626	-1.434	-0.228	-0.838	-0.496	-2.322	-0.628	-0.136	0.080	-0.420	-1.596	-1.629	-0.243	-1.418
Bvulgatus_CL09T03C04	HMPREF1058_RS08545	HMPREF1058_RS08545		ATPase	1.169	0.438	0.316	-1.037	0.306	0.036	-0.903	0.092	0.803	-0.343	0.308	-0.008	1.452	-0.065	-0.524	-0.016	-0.235	0.025	0.197	-0.249	-0.402	-0.362
Bvulgatus_CL09T03C04	HMPREF1058_RS08550	HMPREF1058_RS08550		phosphatase PAP2 family protein	-0.768	0.636	-0.752	-0.618	-0.379	-0.344	-0.521	-0.317	-1.592	-1.416	-0.633	-0.622	0.037	-1.365	0.715	0.194	0.322	-0.349	-2.135	-0.762	-0.556	-0.507
Bvulgatus_CL09T03C04	HMPREF1058_RS08555	HMPREF1058_RS08555		hypothetical protein	1.536	1.453	0.078	0.932	-0.091	0.194	-0.404	-0.121	-0.207	0.143	-1.022	0.100	1.463	-0.054	-0.823	-0.246	0.561	1.105	0.635	-0.099	-0.761	0.240
Bvulgatus_CL09T03C04	HMPREF1058_RS08560	HMPREF1058_RS08560		alpha-L-fucosidase	0.030	-0.555	1.247	1.328	-0.164	-0.152	-0.377	-0.044	1.216	-0.212	-1.000	-0.449	1.164	0.468	0.455	-0.594	-0.878	-0.743	0.912	-0.167	-0.916	-0.895
Bvulgatus_CL09T03C04	HMPREF1058_RS08565	HMPREF1058_RS08565		DUF4981 domain-containing protein	0.449	0.525	-0.365	0.184	-0.751	-0.133	0.946	-0.958	0.102	-0.052	-0.185	1.140	0.711	-0.420	0.435	0.309	-0.075	0.380	0.602	-0.590	-0.321	-0.081
Bvulgatus_CL09T03C04	HMPREF1058_RS08570	HMPREF1058_RS08570		family 20 glycosylhydrolase	-0.588	-0.660	0.554	1.151	-1.711	-1.195	-0.440	-0.927	-0.156	0.207	-1.255	-0.712	0.264	-0.878	-0.736	-0.081	0.266	-0.770	0.112	0.840	-1.116	-0.428
Bvulgatus_CL09T03C04	HMPREF1058_RS08575	HMPREF1058_RS08575		sulfatase	-1.459	-0.183	0.794	-0.744	-0.623	-0.976	0.393	-0.047	-0.671	-0.303	-0.642	-0.610	-1.355	-1.182	-0.157	-0.014	0.831	-0.303	-0.657	-1.008	-1.725	-0.124
Bvulgatus_CL09T03C04	HMPREF1058_RS08580	HMPREF1058_RS08580		RagB/SusD family nutrient uptake outer membrane protein	-0.802	-0.274	-0.131	-0.446	-0.212	-0.694	-0.928	-0.446	0.218	0.390	0.448	-0.790	1.392	-0.251	0.648	0.016	0.927	-0.262	0.367	0.205	-0.313	0.052
Bvulgatus_CL09T03C04	HMPREF1058_RS08585	HMPREF1058_RS08585		TonB-dependent receptor	-1.049	-0.465	-1.799	-1.129	-1.538	0.339	-1.642	-1.396	-0.657	-0.488	-1.805	-1.365	-1.482	-1.643	-0.250	-0.648	0.095	-0.922	-1.420	-0.668	-1.752	-0.774
Bvulgatus_CL09T03C04	HMPREF1058_RS08590	HMPREF1058_RS08590		alpha/beta hydrolase fold domain-containing protein	-0.236	-1.972	0.234	1.225	-0.732	-0.009	-0.935	-0.815	-0.549	-0.325	-0.808	-0.215	0.241	-0.684	0.174	-0.180	-0.461	0.042	-0.884	-1.407	-1.553	-1.436
Bvulgatus_CL09T03C04	HMPREF1058_RS08595	HMPREF1058_RS08595		response regulator	1.188	0.186	0.819	1.765	1.302	0.592	0.165	0.603	1.107	0.450	0.035	0.843	-0.172	-0.733	0.538	0.627	1.399	0.948	0.510	-0.193	0.084	-0.298
Bvulgatus_CL09T03C04	HMPREF1058_RS08600	HMPREF1058_RS08600		RNA-binding protein	0.057	-0.936	-0.134	-0.048	0.662	-0.440	-0.182	-1.207	0.794	-0.525	-0.406	0.531	-1.224	-1.279	-0.032	-0.514	-1.273	-0.483	-0.879	-0.728	-1.011	-1.207
Bvulgatus_CL09T03C04	HMPREF1058_RS08605	HMPREF1058_RS08605		threonine/serine exporter family protein	-3.275	-4.208	0.901	1.895	1.509	1.607	-3.357	-3.568	-2.832	-2.579	-2.214	-2.388	0.479	0.336	1.331	2.113	0.926	0.819	-0.187	-1.575	-3.044	-3.036
Bvulgatus_CL09T03C04	HMPREF1058_RS08615	HMPREF1058_RS08615		RluA family pseudouridine synthase	7.893	9.909	3.710	5.469	0.388	0.029	5.756	6.288	12.618	15.337	5.008	5.427	13.285	9.810	0.372	1.120	1.759	4.600	16.567	10.626	6.476	4.410
Bvulgatus_CL09T03C04	HMPREF1058_RS08630	HMPREF1058_RS08630		NigD-like N-terminal domain-containing protein	0.565	-1.074	-0.739	-0.928	0.222	-0.362	-0.607	0.405	-0.275	-0.562	-1.145	-1.156	0.758	0.421	-0.091	-0.512	-0.096	0.163	0.194	0.562	0.339	-0.405
Bvulgatus_CL09T03C04	HMPREF1058_RS08635	HMPREF1058_RS08635		rhodanese-like domain-containing protein	-0.015	-2.705	1.033	1.001	-0.065	-1.032	0.252	0.431	0.294	-0.491	0.173	0.272	-0.155	-1.625	-0.097	-0.947	0.139	1.037	-0.341	-0.564	-1.176	-1.138
Bvulgatus_CL09T03C04	HMPREF1058_RS08640	HMPREF1058_RS08640		acetylornithine carbamoyltransferase	-3.625	-3.676	-2.237	-1.998	-3.184	-3.112	-5.136	-4.486	-3.256	-3.065	-4.497	-4.169	-2.557	-3.468	-5.157	-4.720	-4.894	-4.164	-3.185	-3.107	-4.423	-4.031
Bvulgatus_CL09T03C04	HMPREF1058_RS08645	HMPREF1058_RS08645		glutamate-5-semialdehyde dehydrogenase	-12.652	-13.382	-12.803	-9.956	-10.249	-11.602	-11.250	-14.694	-11.342	-10.613	-15.529	-14.473	-15.599	-14.110	-16.438	-11.440	-13.367	-11.256	-12.070	-15.267	-12.781	-14.434
Bvulgatus_CL09T03C04	HMPREF1058_RS08650	HMPREF1058_RS08650		glutamate 5-kinase	-10.615	-9.377	-9.517	-8.985	-10.164	-8.461	-11.365	-12.499	-9.750	-8.582	-10.814	-14.224	-11.733	-11.931	-14.785	-12.362	-9.697	-8.435	-9.200	-9.144	-9.538	-12.155
Bvulgatus_CL09T03C04	HMPREF1058_RS08655	HMPREF1058_RS08655		Cof-type HAD-IIB family hydrolase	1.402	1.075	1.794	1.335	1.323	0.099	0.673	-0.091	0.497	0.196	1.638	-0.234	-0.568	-1.553	-1.506	0.195	-0.631	-0.603	-1.863	-0.773	0.560	0.964
Bvulgatus_CL09T03C04	HMPREF1058_RS08660	HMPREF1058_RS08660		GH92 family glycosyl hydrolase	-1.443	-1.650	-1.646	-1.362	0.449	0.653	-0.944	0.001	-1.038	0.476	-2.499	-1.430	-0.154	-0.968	0.012	-0.643	-1.304	-1.439	-1.210	-1.424	-0.287	-0.795
Bvulgatus_CL09T03C04	HMPREF1058_RS08665	HMPREF1058_RS08665		ATP-binding protein	-0.353	-0.618	-0.723	-0.888	-0.623	-0.814	-0.723	-1.735	-0.082	-0.915	-0.959	-1.515	0.197	-0.129	-1.415	-1.138	0.155	-0.495	-0.998	-0.355	-0.817	-1.310
Bvulgatus_CL09T03C04	HMPREF1058_RS08670	HMPREF1058_RS08670		SusD family outer membrane lipoprotein NanU	0.458	0.428	-1.067	1.019	-0.074	0.422	-0.290	-0.191	0.620	0.518	-0.822	-0.097	0.704	0.274	0.023	-0.083	-0.507	-0.466	-0.006	0.760	-1.215	-0.171
Bvulgatus_CL09T03C04	HMPREF1058_RS08675	HMPREF1058_RS08675		TonB-dependent receptor	0.373	0.272	-0.267	0.700	-0.817	-1.603	-1.240	-0.675	-0.344	-0.416	-0.797	-1.075	0.602	0.274	-0.971	-1.020	0.581	0.073	-0.168	-0.103	-1.619	-0.652
Bvulgatus_CL09T03C04	HMPREF1058_RS08685	HMPREF1058_RS08685		hypothetical protein	-1.238	0.261	0.597	1.323	-0.290	-0.853	0.377	-0.733	-0.295	0.046	-0.730	-0.098	-0.024	0.430	0.481	0.149	-0.043	-0.028	-0.479	-1.189	0.135	0.152
Bvulgatus_CL09T03C04	HMPREF1058_RS08690	HMPREF1058_RS08690		hypothetical protein	0.132	0.580	0.212	-1.393	-0.704	-0.216	-0.099	-1.352	0.357	-1.123	-0.320	-0.108	0.371	-0.133	-0.886	-0.165	0.292	1.120	0.346	-0.714	-0.516	0.085
Bvulgatus_CL09T03C04	HMPREF1058_RS08695	HMPREF1058_RS08695		RagB/SusD family nutrient uptake outer membrane protein	0.824	-1.472	-0.757	0.904	0.869	-0.058	-0.380	-0.396	-0.755	0.253	-0.613	-0.870	0.371	-0.054	-0.453	-0.140	0.623	-0.472	-0.998	-0.846	-0.842	-0.996
Bvulgatus_CL09T03C04	HMPREF1058_RS08700	HMPREF1058_RS08700		SusC/RagA family TonB-linked outer membrane protein	0.438	0.797	0.825	1.241	0.202	-0.516	-1.426	0.132	-0.210	1.138	0.153	-0.270	0.748	0.129	0.446	0.005	0.700	-0.279	-0.870	0.282	-0.689	0.231
Bvulgatus_CL09T03C04	HMPREF1058_RS08705	HMPREF1058_RS08705		DUF3874 domain-containing protein	0.127	-0.500	-0.255	-0.845	-0.436	-0.765	-1.133	-1.121	-1.266	-1.573	-0.305	-0.544	-0.877	-1.215	-1.404	-0.391	-0.185	0.733	-0.479	-1.689	-2.165	-1.078
Bvulgatus_CL09T03C04	HMPREF1058_RS08710	HMPREF1058_RS08710		HU family DNA-binding protein	1.277	1.207	-0.704	0.343	0.655	0.310	0.907	1.609	0.552	1.268	0.312	0.763	1.377	-0.825	-0.108	0.142	0.110	0.692	1.679	1.460	0.399	-0.913
Bvulgatus_CL09T03C04	HMPREF1058_RS08715	HMPREF1058_RS08715		hypothetical protein	-0.155	-0.535	-1.384	-1.256	0.084	-2.089	-1.668	-1.020	-0.474	0.820	0.011	-0.235	-0.339	-0.076	-0.733	-0.464	-0.525	-0.857	-0.099	-0.924	0.112	-0.252
Bvulgatus_CL09T03C04	HMPREF1058_RS08725	HMPREF1058_RS08725		SusC/RagA family TonB-linked outer membrane protein	1.076	-0.497	0.243	-0.101	0.870	0.383	-0.160	0.466	-0.075	1.380	-0.563	-0.295	1.011	1.230	0.018	-0.069	0.557	0.185	0.194	0.589	-0.542	-0.267
Bvulgatus_CL09T03C04	HMPREF1058_RS08730	HMPREF1058_RS08730		SusD/RagB family nutrient-binding outer membrane lipoprotein	-0.265	-0.276	-0.338	-0.841	-0.091	-0.796	-0.541	-0.319	-0.723	1.093	-0.650	-0.572	0.573	0.331	-1.308	0.250	-1.168	-0.313	-0.141	0.203	-1.006	-0.561
Bvulgatus_CL09T03C04	HMPREF1058_RS08735	HMPREF1058_RS08735		ATP-binding protein	-0.412	-0.364	0.778	0.818	0.098	-0.403	-0.361	0.069	0.458	1.321	-0.298	0.825	0.107	0.168	-0.878	-0.721	-0.505	-0.666	-0.567	0.069	-0.263	0.205
Bvulgatus_CL09T03C04	HMPREF1058_RS08740	HMPREF1058_RS08740		SusC/RagA family TonB-linked outer membrane protein	1.598	0.246	0.648	1.826	3.367	2.680	-0.068	0.778	0.637	1.310	-0.298	-0.404	0.733	0.610	0.944	0.694	-0.425	-0.113	0.548	0.534	0.496	-0.093
Bvulgatus_CL09T03C04	HMPREF1058_RS08745	HMPREF1058_RS08745		SusD/RagB family nutrient-binding outer membrane lipoprotein	-0.429	0.252	-0.901	-0.668	1.297	2.692	-0.234	-0.249	0.594	2.745	-0.409	0.033	0.771	-0.823	0.425	-0.120	-0.554	0.858	1.276	1.472	0.891	0.136
Bvulgatus_CL09T03C04	HMPREF1058_RS08750	HMPREF1058_RS08750		SusC/RagA family TonB-linked outer membrane protein	0.274	-1.111	-1.088	-0.391	0.179	0.728	-0.919	-0.904	-0.463	-0.278	-0.772	0.214	-0.265	-1.108	-1.085	0.141	-0.616	-0.227	-0.312	-0.420	-0.346	0.191
Bvulgatus_CL09T03C04	HMPREF1058_RS08755	HMPREF1058_RS08755		SusD/RagB family nutrient-binding outer membrane lipoprotein	0.331	-0.981	-0.442	0.005	0.252	0.171	-0.910	-1.289	0.099	0.502	-0.286	-0.265	-0.162	0.101	0.360	-0.297	0.706	-0.029	-0.028	-0.334	-1.315	-0.456
Bvulgatus_CL09T03C04	HMPREF1058_RS08760	HMPREF1058_RS08760		hypothetical protein	1.004	-0.356	-3.044	-2.722	-1.000	-1.986	-0.377	1.514	0.818	-0.169	-0.365	0.465	2.371	1.347	-1.326	-2.349	-0.758	-0.571	0.943	1.405	-0.449	-2.579
Bvulgatus_CL09T03C04	HMPREF1058_RS08765	HMPREF1058_RS08765		AMP-binding protein	0.425	0.501	-1.187	-1.125	-1.136	-0.733	-0.669	0.228	-0.290	0.174	0.182	-0.247	0.059	0.466	-0.172	-0.082	0.292	-0.093	1.540	-0.041	0.229	0.079
Bvulgatus_CL09T03C04	HMPREF1058_RS08770	HMPREF1058_RS08770		cupin domain-containing protein	1.060	-0.076	-2.972	-2.077	-3.283	-5.263	2.192	2.572	-0.982	-0.987	-0.214	0.005	-0.785	-2.046	-2.255	-0.755	0.313	-0.903	1.009	0.229	-0.866	-0.756
Bvulgatus_CL09T03C04	HMPREF1058_RS08775	HMPREF1058_RS08775		DUF1893 domain-containing protein	-1.627	-0.610	-0.731	0.565	-1.691	-1.132	-0.062	0.639	0.645	-0.283	-0.827	1.116	-0.683	-1.762	0.817	-1.977	0.648	-0.057	-0.468	-0.562	-2.216	0.229
Bvulgatus_CL09T03C04	HMPREF1058_RS08780	HMPREF1058_RS08780		4Fe-4S binding protein	0.209	0.278	1.614	1.947	-1.295	-0.338	2.084	1.273	1.823	-0.080	0.217	0.844	-4.490	-2.509	-6.312	0.830	-1.877	-1.374	-1.407	1.219	-0.572	1.063
Bvulgatus_CL09T03C04	HMPREF1058_RS08785	HMPREF1058_RS08785		aldo/keto reductase	0.543	0.320	-1.003	0.571	-0.489	-0.345	1.393	1.340	-1.071	-0.442	0.695	0.772	-3.593	-1.442	-6.334	0.878	-1.197	-2.721	-3.510	0.483	-3.144	0.738
Bvulgatus_CL09T03C04	HMPREF1058_RS08790	HMPREF1058_RS08790		Na+:solute symporter	-0.467	-0.216	-0.596	0.812	-0.884	-0.870	-0.083	-0.398	0.434	0.712	-0.266	0.543	-0.184	-0.356	-0.968	-0.616	-1.106	0.886	0.732	0.091	1.142	0.987
Bvulgatus_CL09T03C04	HMPREF1058_RS08795	HMPREF1058_RS08795		alkaline phosphatase	0.032	1.224	-0.190	0.284	-0.610	0.105	-0.330	0.686	0.531	0.545	0.717	0.370	1.103	0.667	-0.384	0.006	-0.489	-0.577	-0.233	-0.116	-1.086	-0.512
Bvulgatus_CL09T03C04	HMPREF1058_RS08800	HMPREF1058_RS08800		glycosidase	0.512	-0.115	-2.912	-1.410	0.307	-0.358	0.787	-0.113	-0.355	1.212	0.948	1.688	0.218	0.095	-0.474	0.737	-0.383	1.366	0.032	-0.132	-0.800	0.338
Bvulgatus_CL09T03C04	HMPREF1058_RS08805	HMPREF1058_RS08805		aryl-sulfate sulfotransferase	-0.504	-1.713	0.491	0.288	0.664	0.381	-0.799	-0.272	-0.740	-0.151	0.727	0.031	-1.507	-1.211	-1.844	-0.313	0.198	0.867	-1.234	-0.391	0.120	0.029
Bvulgatus_CL09T03C04	HMPREF1058_RS08810	HMPREF1058_RS08810		RagB/SusD family nutrient uptake outer membrane protein	-0.310	-1.111	-1.651	-1.180	0.024	0.121	-0.842	0.367	-0.488	-1.118	-0.630	-0.849	-0.617	-1.593	-1.498	0.023	0.677	-0.793	-0.649	-0.898	-1.368	-0.218
Bvulgatus_CL09T03C04	HMPREF1058_RS08815	HMPREF1058_RS08815		TonB-dependent receptor	-0.460	-2.324	-0.587	-0.261	-1.207	-1.666	-0.140	-0.395	-0.263	-0.470	-1.043	-0.275	-1.036	-1.630	-1.239	-1.111	-0.054	-0.272	-1.275	-0.916	-2.027	-1.017
Bvulgatus_CL09T03C04	HMPREF1058_RS08820	HMPREF1058_RS08820		glycoside hydrolase	0.013	-0.228	0.909	0.816	-0.681	0.395	-0.259	1.423	-0.091	-1.488	1.133	0.550	-0.115	-0.538	-0.998	0.862	0.176	0.329	-0.958	-0.467	1.109	-0.083
Bvulgatus_CL09T03C04	HMPREF1058_RS08825	HMPREF1058_RS08825		helix-turn-helix domain-containing protein	-0.353	-0.650	2.714	2.485	0.148	-0.479	0.809	-0.260	1.250	1.038	-0.431	-0.958	-1.229	-0.427	0.003	-0.190	-0.072	-0.780	1.023	0.153	0.196	0.586
Bvulgatus_CL09T03C04	HMPREF1058_RS08830	HMPREF1058_RS08830		pyrroline-5-carboxylate reductase	-10.295	-9.120	-8.192	-6.914	-10.390	-9.139	-10.961	-10.620	-7.609	-9.587	-12.260	-10.840	-10.471	-11.674	-13.428	-10.257	-10.309	-8.509	-9.771	-11.063	-9.568	-8.099
Bvulgatus_CL09T03C04	HMPREF1058_RS08835	HMPREF1058_RS08835		aminotransferase class III-fold pyridoxal phosphate-dependent enzyme	-10.423	-10.773	-7.814	-6.060	-11.805	-11.896	-12.520	-11.772	-9.428	-9.687	-11.451	-12.721	-9.412	-8.626	-12.821	-9.251	-0.032	-1.270	-9.975	-11.365	-10.738	-10.292
Bvulgatus_CL09T03C04	HMPREF1058_RS08840	HMPREF1058_RS08840		N-acetyl-gamma-glutamyl-phosphate reductase	-13.814	-11.846	-10.617	-9.723	-8.890	-10.534	-13.863	-13.589	-7.710	-11.433	-16.098	-13.038	-12.005	-12.898	-12.201	-10.123	-9.512	-12.248	-13.274	-11.732	-11.564	-11.125
Bvulgatus_CL09T03C04	HMPREF1058_RS08845	HMPREF1058_RS08845		argininosuccinate synthase	-10.964	-9.426	-8.384	-7.855	-8.347	-10.673	-13.562	-13.231	-10.177	-10.518	-11.608	-14.228	-11.797	-12.328	-12.892	-10.407	-9.398	-10.528	-10.366	-8.233	-11.194	-12.775
Bvulgatus_CL09T03C04	HMPREF1058_RS08850	HMPREF1058_RS08850		N-acetyltransferase	-11.671	-8.170	-8.123	-8.876	-7.730	-8.702	-12.020	-8.408	-10.132	-12.308	-11.400	-11.119	-10.845	-12.080	-12.754	-10.417	-9.460	-9.669	-10.677	-11.507	-8.050	-14.259
Bvulgatus_CL09T03C04	HMPREF1058_RS08855	HMPREF1058_RS08855		arginine repressor	-10.030	-8.857	-9.938	-8.075	-12.202	-8.762	-10.572	-9.426	-12.105	-13.183	-10.898	-7.434	-7.463	-9.427	-10.470	-7.832	-8.990	-7.532	-10.659	-9.911	-8.878	-7.326
Bvulgatus_CL09T03C04	HMPREF1058_RS08860	HMPREF1058_RS08860		rhamnulokinase	-1.295	-1.400	0.210	-2.039	1.092	0.439	-0.478	-0.190	0.603	0.763	-2.095	-0.237	-1.202	-3.279	-13.519	-10.004	-1.027	-0.660	0.045	-1.666	-0.982	-0.203
Bvulgatus_CL09T03C04	HMPREF1058_RS08865	HMPREF1058_RS08865		L-rhamnose isomerase	0.211	0.808	-2.317	0.497	-0.150	-0.460	0.968	0.259	1.538	1.141	-0.720	0.165	-0.127	-0.212	-10.311	-8.608	0.699	0.533	0.755	0.352	0.824	0.530
Bvulgatus_CL09T03C04	HMPREF1058_RS08870	HMPREF1058_RS08870		L-rhamnose/proton symporter RhaT	-0.820	-0.755	0.720	0.995	-0.240	0.552	0.217	-0.063	0.162	0.423	0.323	-0.604	0.669	-0.208	-12.090	-9.916	0.834	-0.220	-1.183	0.993	-0.330	0.751
Bvulgatus_CL09T03C04	HMPREF1058_RS08875	HMPREF1058_RS08875		rhamnulose-1-phosphate aldolase	-0.098	-0.218	-7.574	-5.667	-0.337	-0.104	-0.072	0.707	0.728	0.683	-0.011	1.263	0.789	-0.073	-18.152	-14.109	0.591	-0.048	0.204	2.066	1.069	0.790
Bvulgatus_CL09T03C04	HMPREF1058_RS08890	HMPREF1058_RS08890		DUF4251 domain-containing protein	-0.351	1.135	0.095	-0.356	-0.087	-0.588	-0.392	1.049	0.640	1.915	0.889	0.280	-0.180	-0.176	-0.318	0.277	0.764	0.270	2.424	1.187	0.442	0.610
Bvulgatus_CL09T03C04	HMPREF1058_RS08895	HMPREF1058_RS08895		right-handed parallel beta-helix repeat-containing protein	-0.387	-0.653	4.397	4.786	-0.757	0.459	1.158	-0.090	-0.077	0.037	-0.798	0.038	-0.268	-1.147	-1.008	-0.108	-0.132	-0.320	-0.561	0.312	-0.126	-0.182
Bvulgatus_CL09T03C04	HMPREF1058_RS08900	HMPREF1058_RS08900		RagB/SusD family nutrient uptake outer membrane protein	-0.640	0.066	-1.764	-1.096	-0.584	-0.139	-0.633	-0.268	-0.183	-0.045	-0.314	-0.396	-1.344	-1.955	-0.852	-0.065	-0.629	-0.434	-0.280	0.397	-1.483	-0.096
Bvulgatus_CL09T03C04	HMPREF1058_RS08905	HMPREF1058_RS08905		TonB-dependent receptor	0.074	0.719	-0.192	0.937	-0.459	0.079	-0.163	0.051	1.057	-0.180	1.359	0.636	0.233	0.012	-0.614	-0.379	0.359	-0.248	0.466	0.540	0.079	-0.429
Bvulgatus_CL09T03C04	HMPREF1058_RS08910	HMPREF1058_RS08910		response regulator	0.353	0.796	-0.691	0.310	0.875	0.466	-0.009	-0.438	-0.587	0.337	0.384	0.186	-0.297	0.533	-0.043	0.012	0.011	0.033	-0.518	-0.539	-0.388	0.098
Bvulgatus_CL09T03C04	HMPREF1058_RS08915	HMPREF1058_RS08915		AraC family transcriptional regulator	0.179	0.243	1.094	0.078	-0.573	-0.313	0.291	0.494	0.475	0.563	0.141	-0.015	0.923	0.092	-15.344	-17.766	-0.746	0.129	0.165	-0.743	-0.437	0.297
Bvulgatus_CL09T03C04	HMPREF1058_RS08920	HMPREF1058_RS08920		lytic transglycosylase domain-containing protein	0.629	-0.179	-0.449	-1.529	0.240	-0.126	-0.036	0.743	-0.186	0.931	0.209	1.292	0.715	0.373	-0.576	-1.352	-0.342	-0.065	-0.132	0.216	-0.149	0.347
Bvulgatus_CL09T03C04	HMPREF1058_RS08925	HMPREF1058_RS08925		ion transporter	0.669	0.617	0.041	0.337	-0.833	0.153	0.320	-0.051	0.170	0.032	0.646	-0.647	-0.336	-1.221	0.095	0.873	0.124	-0.870	1.161	-0.276	0.556	0.319
Bvulgatus_CL09T03C04	HMPREF1058_RS08930	HMPREF1058_RS08930		DUF4981 domain-containing protein	-0.996	-0.570	-2.374	-3.522	0.330	0.114	0.489	-0.184	1.309	0.810	-0.171	0.419	-0.962	-0.490	-0.468	-0.337	-0.115	-0.349	1.112	1.226	1.123	-0.676
Bvulgatus_CL09T03C04	HMPREF1058_RS08935	HMPREF1058_RS08935		outer membrane beta-barrel protein	-0.648	0.078	1.120	0.556	0.600	-0.439	1.529	0.886	-0.131	0.805	0.188	0.112	-0.326	-1.455	0.110	-0.915	-0.084	0.253	0.697	0.688	0.497	0.909
Bvulgatus_CL09T03C04	HMPREF1058_RS08940	HMPREF1058_RS08940		RNA polymerase sigma-70 factor	-1.883	-0.490	0.705	-0.437	-2.088	0.573	-1.208	0.759	1.236	0.655	-0.578	0.072	-0.397	-0.054	0.187	-1.466	-0.618	0.777	0.811	0.054	0.586	1.224
Bvulgatus_CL09T03C04	HMPREF1058_RS08945	HMPREF1058_RS08945		FecR domain-containing protein	1.919	1.403	-0.355	-0.314	-2.201	-1.579	0.405	0.376	4.433	4.598	-0.196	0.566	-2.940	-5.058	-1.783	-3.286	0.492	0.045	2.915	2.642	-0.644	-0.350
Bvulgatus_CL09T03C04	HMPREF1058_RS08950	HMPREF1058_RS08950		Gfo/Idh/MocA family oxidoreductase	0.838	-1.019	0.144	1.665	1.328	0.717	0.121	0.256	0.324	1.296	1.017	-0.331	1.570	0.382	0.158	0.681	0.408	0.372	1.466	0.985	0.619	-0.132
Bvulgatus_CL09T03C04	HMPREF1058_RS08955	HMPREF1058_RS08955		glycoside hydrolase family 130 protein	-0.535	-0.791	-0.354	-1.171	1.071	0.661	-0.702	-0.839	1.278	1.655	0.114	-0.428	-0.130	0.058	0.045	0.444	-0.555	-0.390	1.851	1.024	-0.007	-0.666
Bvulgatus_CL09T03C04	HMPREF1058_RS08960	HMPREF1058_RS08960		MFS transporter	0.105	0.263	-0.030	0.884	-0.470	-1.274	0.467	-1.446	-0.478	0.758	-0.987	-0.875	-0.290	-1.906	-1.095	-0.043	-0.550	-0.655	-0.637	1.677	0.050	0.409
Bvulgatus_CL09T03C04	HMPREF1058_RS08965	HMPREF1058_RS08965		glycoside hydrolase family 97 protein	-0.095	-0.638	-0.144	1.506	1.590	1.558	0.125	0.561	1.767	0.765	-0.399	-0.474	0.549	-0.032	1.128	-0.391	-1.166	-0.014	1.661	-0.080	0.767	0.940
Bvulgatus_CL09T03C04	HMPREF1058_RS08970	HMPREF1058_RS08970		endonuclease/exonuclease/phosphatase family protein	0.068	-0.905	-0.094	0.339	-0.496	-0.350	-0.588	-1.128	1.175	-1.020	-0.354	-0.854	0.530	1.197	-0.702	-1.382	-0.718	0.015	0.470	0.182	1.164	-1.343
Bvulgatus_CL09T03C04	HMPREF1058_RS08975	HMPREF1058_RS08975		SusD/RagB family nutrient-binding outer membrane lipoprotein	-0.233	-1.017	-1.194	-0.787	0.150	-0.565	-0.191	0.150	-0.077	0.588	0.131	-0.354	0.489	-0.182	0.039	0.519	-0.202	0.512	0.404	0.504	0.588	0.055
Bvulgatus_CL09T03C04	HMPREF1058_RS08980	HMPREF1058_RS08980		SusC/RagA family TonB-linked outer membrane protein	-0.387	0.071	0.722	2.010	-0.512	0.305	0.545	-0.414	-0.163	0.922	-0.685	-0.015	-0.903	0.138	-0.068	0.369	0.717	0.338	-0.171	-0.371	0.340	0.173
Bvulgatus_CL09T03C04	HMPREF1058_RS08990	HMPREF1058_RS08990		GH92 family glycosyl hydrolase	1.395	1.374	2.401	1.855	2.258	0.942	2.299	2.027	2.866	3.597	1.211	1.802	0.822	0.749	1.317	1.900	1.771	0.946	3.642	2.734	2.366	1.015
Bvulgatus_CL09T03C04	HMPREF1058_RS08995	HMPREF1058_RS08995		GH92 family glycosyl hydrolase	0.308	-0.781	0.721	0.956	0.439	-0.822	0.865	0.548	0.348	1.692	1.162	0.554	-0.796	0.050	0.692	0.791	0.055	1.407	0.703	1.113	0.642	0.549
Bvulgatus_CL09T03C04	HMPREF1058_RS09000	HMPREF1058_RS09000		FecR domain-containing protein	2.121	0.461	-2.353	-2.318	-8.115	-8.934	3.121	4.728	-0.535	-0.303	2.681	3.916	2.264	0.216	-6.761	-2.976	1.027	-2.403	-1.364	-0.164	3.463	2.386
Bvulgatus_CL09T03C04	HMPREF1058_RS09005	HMPREF1058_RS09005		RNA polymerase sigma-70 factor	-0.571	1.163	0.510	0.962	0.678	-2.707	-0.428	-1.365	0.328	-0.623	0.277	0.708	-0.514	-0.507	0.221	0.594	-0.597	-0.083	0.372	-0.389	-0.505	0.105
Bvulgatus_CL09T03C04	HMPREF1058_RS09010	HMPREF1058_RS09010		GH92 family glycosyl hydrolase	-1.278	0.272	0.530	0.168	0.415	0.176	-0.064	0.235	-0.369	1.193	-0.494	0.440	-0.551	-0.028	0.408	0.240	1.035	0.545	0.217	-0.463	0.409	0.723
Bvulgatus_CL09T03C04	HMPREF1058_RS09015	HMPREF1058_RS09015		hypothetical protein	-0.488	0.257	0.675	-0.136	-0.890	-0.333	-0.907	0.030	-0.908	0.121	-1.351	0.553	-0.522	-0.180	-1.001	-0.994	0.536	-0.675	-0.472	-1.404	-0.518	-1.764
Bvulgatus_CL09T03C04	HMPREF1058_RS09020	HMPREF1058_RS09020		hypothetical protein	-0.029	0.197	0.833	-0.630	-1.445	-0.752	0.140	-0.918	-0.437	0.377	0.279	0.811	-0.264	-0.147	0.099	-0.831	-0.441	0.068	0.375	0.696	0.948	-0.904
Bvulgatus_CL09T03C04	HMPREF1058_RS09025	HMPREF1058_RS09025		helix-turn-helix domain-containing protein	0.177	-1.061	-1.438	-1.272	-1.842	0.938	-0.742	-0.072	-0.386	-0.321	-1.480	-0.935	-1.005	-0.645	0.245	-0.163	-0.558	-0.771	-0.661	-0.874	0.417	0.618
Bvulgatus_CL09T03C04	HMPREF1058_RS09030	HMPREF1058_RS09030		pyridoxamine 5'-phosphate oxidase family protein	1.518	-0.979	0.235	-0.328	1.177	1.639	-1.687	0.159	1.621	1.429	-1.746	-0.154	-0.193	-1.640	0.687	-0.464	-0.083	0.244	0.781	0.879	1.447	0.247
Bvulgatus_CL09T03C04	HMPREF1058_RS09035	HMPREF1058_RS09035		ATP-dependent Clp protease adaptor ClpS	-0.752	-1.581	-1.899	-1.554	-1.885	-1.504	-1.318	-0.953	-1.113	0.673	-2.050	-0.911	-1.179	-0.469	-1.113	-1.740	0.251	-1.985	-1.444	-0.521	-2.681	-0.157
Bvulgatus_CL09T03C04	HMPREF1058_RS09040	HMPREF1058_RS09040		AAA family ATPase	-0.354	-0.510	-1.224	-0.683	0.494	-0.507	-1.052	-1.047	0.214	-0.246	-0.951	-0.916	-0.931	-0.864	-0.326	-1.021	0.707	-0.865	-0.279	-0.052	-0.017	0.098
Bvulgatus_CL09T03C04	HMPREF1058_RS09045	HMPREF1058_RS09045		leucyl/phenylalanyl-tRNA--protein transferase	-0.663	-0.197	-2.105	-0.677	-0.792	-1.929	-1.131	-0.871	-0.046	-0.229	0.537	-0.073	0.080	-1.112	-1.098	-1.110	-1.214	-0.981	-0.436	-0.864	0.335	0.469
Bvulgatus_CL09T03C04	HMPREF1058_RS09050	HMPREF1058_RS09050		hypothetical protein	-0.591	-0.013	0.235	0.889	-0.395	-0.798	-0.143	0.289	-0.328	0.039	0.068	0.583	0.273	1.074	0.118	0.110	1.542	1.278	-1.342	-0.657	1.313	0.546
Bvulgatus_CL09T03C04	HMPREF1058_RS09055	HMPREF1058_RS09055		MATE family efflux transporter	0.288	-0.104	0.897	-1.126	-1.089	-0.045	0.623	-1.197	-0.555	-0.387	-0.184	-0.261	0.278	-0.982	-0.088	-0.097	0.065	-0.654	-0.210	-0.144	0.725	-0.044
Bvulgatus_CL09T03C04	HMPREF1058_RS09060	HMPREF1058_RS09060		hypothetical protein	1.200	-0.360	1.717	1.734	0.163	0.611	-0.033	-0.375	-0.880	-0.125	0.270	-0.949	0.243	0.455	1.736	0.149	0.088	0.422	-0.036	-0.925	0.662	-0.087
Bvulgatus_CL09T03C04	HMPREF1058_RS09065	HMPREF1058_RS09065		helix-turn-helix transcriptional regulator	-0.327	-0.255	0.651	1.045	0.377	0.490	1.391	0.768	-0.041	0.948	0.198	0.117	0.651	0.145	-0.596	0.030	0.742	0.848	0.021	-0.235	1.451	1.107
Bvulgatus_CL09T03C04	HMPREF1058_RS09070	HMPREF1058_RS09070		alpha-galactosidase	-0.037	-0.877	0.793	0.356	0.357	0.714	0.657	1.130	1.086	2.158	0.379	0.682	0.588	0.404	-0.222	0.656	0.769	0.920	1.238	1.063	-0.200	0.106
Bvulgatus_CL09T03C04	HMPREF1058_RS09085	HMPREF1058_RS09085		hypothetical protein	0.009	-0.607	0.002	0.253	-0.272	-0.602	-0.967	-0.250	-0.808	-0.571	0.160	-0.549	0.202	-0.847	-0.034	-0.314	0.306	0.645	-0.754	-1.469	-0.632	-0.458
Bvulgatus_CL09T03C04	HMPREF1058_RS09090	HMPREF1058_RS09090		S9 family peptidase	-0.168	1.193	0.132	-0.844	0.929	0.823	0.527	-0.570	-0.432	-0.320	0.362	0.431	-0.112	0.169	0.953	0.555	-0.203	0.162	0.346	-0.562	-0.629	0.416
Bvulgatus_CL09T03C04	HMPREF1058_RS09095	HMPREF1058_RS09095		RagB/SusD family nutrient uptake outer membrane protein	0.454	0.757	-1.077	0.480	0.549	-0.853	-0.022	0.134	-0.593	-0.532	0.492	0.139	0.535	-0.517	-0.025	0.090	0.409	-0.865	-1.365	-0.759	-0.246	-0.947
Bvulgatus_CL09T03C04	HMPREF1058_RS09100	HMPREF1058_RS09100		TonB-dependent receptor	0.802	0.112	0.816	0.016	0.173	-0.439	0.092	0.595	-0.009	0.050	-0.725	-0.171	-0.301	0.041	0.389	0.341	0.594	-0.219	0.445	0.470	-0.203	0.211
Bvulgatus_CL09T03C04	HMPREF1058_RS09105	HMPREF1058_RS09105		FecR family protein	0.632	-0.752	0.192	-0.225	-0.496	-2.330	0.000	-0.639	0.511	0.601	0.836	0.548	-0.120	0.035	-1.106	2.048	1.600	0.049	1.327	0.741	-0.108	-0.527
Bvulgatus_CL09T03C04	HMPREF1058_RS09110	HMPREF1058_RS09110		RNA polymerase sigma-70 factor	0.069	0.075	-0.461	-0.116	1.493	-0.070	0.875	0.048	-0.064	0.365	-0.128	-0.984	0.231	-0.092	1.260	0.442	-0.706	1.526	-0.038	-0.335	-0.653	-0.490
Bvulgatus_CL09T03C04	HMPREF1058_RS09115	HMPREF1058_RS09115		alpha-galactosidase	0.004	0.004	0.992	-0.823	0.994	0.557	0.170	0.096	0.130	0.530	2.895	1.344	0.825	0.414	0.271	-0.138	1.594	-0.223	0.467	1.309	3.055	1.890
Bvulgatus_CL09T03C04	HMPREF1058_RS09120	HMPREF1058_RS09120		hypothetical protein	-0.493	0.092	-0.127	1.803	1.110	-0.449	-0.019	0.604	-0.039	0.574	0.485	0.055	-0.177	-0.248	0.601	-0.073	0.834	0.947	0.258	0.200	0.045	0.836
Bvulgatus_CL09T03C04	HMPREF1058_RS09125	HMPREF1058_RS09125		DUF418 domain-containing protein	0.203	0.882	0.290	0.164	1.371	1.473	0.759	0.702	1.009	0.486	0.274	0.282	0.098	0.561	0.638	-0.277	0.783	-0.225	-0.283	-0.650	-0.403	0.896
Bvulgatus_CL09T03C04	HMPREF1058_RS09130	HMPREF1058_RS09130		ATP-binding protein	1.793	2.383	-0.730	-0.104	-0.119	-0.848	0.230	0.762	0.444	2.036	0.134	-0.169	0.316	1.217	-0.377	0.537	1.542	0.801	-0.508	0.305	0.214	-0.025
Bvulgatus_CL09T03C04	HMPREF1058_RS09135	HMPREF1058_RS09135		iron-containing alcohol dehydrogenase	-2.861	-4.421	0.327	0.104	-0.727	-1.325	-0.562	-1.032	-0.936	-1.049	-0.775	-1.295	-2.845	-0.467	-0.631	-0.060	-1.027	-2.048	-1.355	0.107	-1.058	-1.662
Bvulgatus_CL09T03C04	HMPREF1058_RS09140	HMPREF1058_RS09140		creatininase family protein	1.144	-1.777	-1.212	-0.272	-0.215	1.506	-0.096	0.910	0.170	1.400	0.469	-0.310	-0.162	-0.599	-1.800	0.715	0.912	1.066	-0.262	-0.057	-0.497	0.223
Bvulgatus_CL09T03C04	HMPREF1058_RS09145	HMPREF1058_RS09145		TonB-dependent receptor	1.720	0.935	-0.374	0.918	0.298	-0.120	0.382	0.538	1.078	1.263	0.717	0.356	0.516	0.163	0.535	0.386	-0.971	0.155	1.131	0.746	-0.460	0.608
Bvulgatus_CL09T03C04	HMPREF1058_RS09150	HMPREF1058_RS09150		RagB/SusD family nutrient uptake outer membrane protein	1.181	1.668	1.187	1.442	0.960	1.305	0.077	0.594	1.142	0.749	0.763	0.576	1.902	0.921	1.378	0.003	1.286	0.953	-0.186	-0.253	0.981	1.167
Bvulgatus_CL09T03C04	HMPREF1058_RS09155	HMPREF1058_RS09155		acyl-CoA thioesterase	0.150	-0.148	0.925	1.748	1.578	1.691	1.908	-0.637	3.479	1.596	1.251	0.720	2.343	1.538	2.025	0.128	0.379	0.545	3.830	0.013	0.999	0.782
Bvulgatus_CL09T03C04	HMPREF1058_RS09160	HMPREF1058_RS09160		O-acetylhomoserine aminocarboxypropyltransferase/cysteine synthase	-0.539	-1.165	1.240	0.557	-0.378	-0.209	-0.220	-1.766	0.071	-0.255	-1.154	-0.534	-1.524	-1.151	0.782	-0.089	-0.885	-0.835	-1.886	-0.829	0.333	0.449
Bvulgatus_CL09T03C04	HMPREF1058_RS09165	HMPREF1058_RS09165		SDR family NAD(P)-dependent oxidoreductase	-1.163	0.222	0.694	-2.091	0.450	0.877	-0.352	-0.538	0.811	0.181	-0.385	0.119	0.029	-1.100	-0.257	-0.008	-0.156	1.070	-0.206	0.843	-0.322	-1.494
Bvulgatus_CL09T03C04	HMPREF1058_RS09170	HMPREF1058_RS09170		DUF4252 domain-containing protein	-1.452	-0.270	-0.625	-2.355	0.214	0.023	-0.892	-2.022	-1.440	0.138	-0.773	-1.270	-1.324	-1.815	-0.050	0.964	-0.102	-0.688	-1.010	-0.120	-0.236	-1.115
Bvulgatus_CL09T03C04	HMPREF1058_RS09175	HMPREF1058_RS09175		RNA polymerase sigma factor	0.997	1.496	1.221	1.060	3.342	0.904	0.038	0.195	0.293	-0.019	0.153	-0.242	-1.681	-0.765	-0.240	1.108	-0.358	0.974	0.115	-0.793	0.777	-0.381
Bvulgatus_CL09T03C04	HMPREF1058_RS09180	HMPREF1058_RS09180		hypothetical protein	-2.933	-2.029	-6.384	-5.259	-8.779	-6.816	-3.003	-2.987	-7.026	-4.444	-5.319	-6.291	-0.464	-4.519	-6.158	-5.344	-2.620	-8.363	-6.988	-6.424	-4.504	-6.225
Bvulgatus_CL09T03C04	HMPREF1058_RS09185	HMPREF1058_RS09185		DUF4252 domain-containing protein	-0.238	-0.888	-3.862	-4.086	-5.844	-5.833	-2.690	-2.537	-5.087	-5.301	-4.411	-2.116	-1.491	-2.637	-4.107	-5.735	-3.089	-4.366	-2.191	-4.865	-2.645	-3.756
Bvulgatus_CL09T03C04	HMPREF1058_RS09190	HMPREF1058_RS09190		hypothetical protein	0.055	0.202	0.870	-0.900	0.145	-0.444	-0.411	-0.153	-0.076	0.030	0.190	-1.034	-0.463	-0.877	0.509	-0.817	0.744	0.168	-1.057	0.369	0.132	0.576
Bvulgatus_CL09T03C04	HMPREF1058_RS09195	HMPREF1058_RS09195		hypothetical protein	-1.353	-1.182	-0.662	0.189	-0.597	-0.946	-0.858	1.395	-0.325	1.111	-0.755	-1.846	0.275	-1.158	-0.062	-0.514	0.074	0.371	0.253	0.247	0.098	-1.991
Bvulgatus_CL09T03C04	HMPREF1058_RS09200	HMPREF1058_RS09200		hypothetical protein	1.046	0.525	-2.367	-2.143	-0.978	-1.987	0.958	0.751	0.966	-0.939	0.265	0.238	0.985	0.582	-0.350	-1.138	-0.735	0.015	-0.053	0.814	0.815	0.873
Bvulgatus_CL09T03C04	HMPREF1058_RS09205	HMPREF1058_RS09205		hypothetical protein	-0.241	-0.097	-0.410	0.647	0.798	-0.516	-0.179	0.325	0.083	1.277	0.052	0.284	1.209	-0.124	-0.029	0.622	-0.701	0.050	0.981	-0.025	-0.345	-0.719
Bvulgatus_CL09T03C04	HMPREF1058_RS09240	HMPREF1058_RS09240		type I methionyl aminopeptidase	-8.634	-9.491	2.214	2.975	5.717	4.601	-2.805	-3.316	-1.056	-3.294	-1.540	-1.766	0.105	-1.776	1.984	1.245	1.276	-0.448	-0.334	-1.307	-1.402	-1.468
Bvulgatus_CL09T03C04	HMPREF1058_RS09370	HMPREF1058_RS09370		DUF3467 domain-containing protein	-1.295	-0.377	-0.663	-1.184	-0.811	-0.479	0.296	1.448	0.582	-0.312	-0.174	0.287	-0.225	-1.035	0.118	0.130	-0.175	-0.506	1.715	0.075	1.340	-0.684
Bvulgatus_CL09T03C04	HMPREF1058_RS09440	HMPREF1058_RS09440		ribosome-associated translation inhibitor RaiA	0.760	2.305	-0.386	1.099	-1.770	-0.078	-0.118	-0.140	2.525	1.654	-1.683	-1.276	4.046	1.234	2.492	0.726	-1.385	-1.406	0.207	1.680	0.672	-1.347
Bvulgatus_CL09T03C04	HMPREF1058_RS09445	HMPREF1058_RS09445		tyrosine-type recombinase/integrase	-1.316	-2.587	-0.645	-0.594	-2.186	-1.780	-1.626	-1.090	0.138	1.489	-1.612	-0.889	-0.326	-0.413	-1.326	-1.073	-0.113	-1.922	0.416	-1.547	-2.324	-1.140
Bvulgatus_CL09T03C04	HMPREF1058_RS09455	HMPREF1058_RS09455		aminopeptidase P family protein	2.609	3.548	0.191	0.012	-1.741	-2.866	0.565	0.014	2.295	2.711	-0.731	-2.028	4.192	0.824	-1.081	-0.250	-0.934	-1.927	1.297	1.075	0.585	-0.586
Bvulgatus_CL09T03C04	HMPREF1058_RS09460	HMPREF1058_RS09460		gamma carbonic anhydrase family protein	-2.651	-0.644	-1.286	-0.655	-2.724	-1.946	-3.482	-4.746	-0.435	-0.236	-5.100	-3.593	-1.644	-3.657	-1.290	-1.502	-1.239	-2.231	-3.090	-1.172	-3.755	-6.117
Bvulgatus_CL09T03C04	HMPREF1058_RS09465	HMPREF1058_RS09465		porin family protein	-0.601	0.158	1.036	1.065	2.373	1.628	0.429	1.777	1.402	3.069	0.962	1.152	1.087	0.902	0.098	0.549	-0.752	0.379	2.188	2.030	1.334	0.034
Bvulgatus_CL09T03C04	HMPREF1058_RS09470	HMPREF1058_RS09470		response regulator transcription factor	-0.640	1.019	-1.443	-0.887	-0.318	0.402	1.124	-0.433	1.934	1.010	-0.448	1.143	-0.795	1.284	1.069	-0.306	0.148	-1.146	0.926	2.585	0.405	0.353
Bvulgatus_CL09T03C04	HMPREF1058_RS09475	HMPREF1058_RS09475		HAMP domain-containing histidine kinase	-0.389	0.436	-0.623	-0.290	-0.758	0.214	-0.124	-0.518	0.566	1.160	0.235	0.147	0.125	-1.305	0.130	-0.064	0.440	-0.218	0.028	0.741	0.445	0.080
Bvulgatus_CL09T03C04	HMPREF1058_RS09480	HMPREF1058_RS09480		outer membrane beta-barrel protein	0.488	1.687	2.823	2.971	1.818	1.326	0.811	1.475	2.287	0.906	0.426	0.059	1.027	0.636	1.351	0.822	0.354	1.342	1.117	0.824	0.579	1.210
Bvulgatus_CL09T03C04	HMPREF1058_RS09485	HMPREF1058_RS09485		PDZ domain-containing protein	-8.046	-8.373	-1.458	-1.247	-0.474	-0.716	-7.904	-7.284	-6.283	-6.209	-6.127	-6.197	-6.507	-5.674	-10.884	-4.168	0.733	0.595	-5.285	-4.775	-6.233	-5.982
Bvulgatus_CL09T03C04	HMPREF1058_RS09490	HMPREF1058_RS09490		adenosine kinase	0.189	-0.239	-2.646	1.032	4.181	3.471	-2.955	-1.542	-0.422	-0.243	-1.593	-2.119	-0.143	-0.596	-0.143	0.774	0.138	0.643	-2.316	3.896	-4.147	-1.875
Bvulgatus_CL09T03C04	HMPREF1058_RS09500	HMPREF1058_RS09500		response regulator	-0.051	0.435	0.283	0.823	0.817	0.752	-0.169	-0.279	0.939	1.177	0.578	-0.155	-0.560	-0.238	0.210	0.794	-0.062	-0.473	1.260	0.376	0.343	0.136
Bvulgatus_CL09T03C04	HMPREF1058_RS09505	HMPREF1058_RS09505		hypothetical protein	0.981	0.813	1.119	1.204	1.250	0.526	-0.585	0.221	1.226	-0.633	0.186	0.175	1.673	0.077	0.744	1.325	-0.324	0.974	0.273	0.945	0.860	0.014
Bvulgatus_CL09T03C04	HMPREF1058_RS09510	HMPREF1058_RS09510		TonB-dependent receptor	0.504	0.748	-1.191	-0.918	1.590	-0.093	0.035	-0.059	0.781	1.168	0.250	0.222	0.092	0.439	0.356	0.602	0.229	0.116	0.713	0.631	0.376	-0.216
Bvulgatus_CL09T03C04	HMPREF1058_RS09515	HMPREF1058_RS09515		RagB/SusD family nutrient uptake outer membrane protein	-0.865	-0.954	0.461	0.762	0.218	0.973	0.085	0.987	1.250	1.291	0.124	0.302	0.568	0.718	0.390	0.933	1.877	-0.488	1.694	0.407	0.722	0.383
Bvulgatus_CL09T03C04	HMPREF1058_RS09520	HMPREF1058_RS09520		beta-glycosidase	1.248	-0.033	0.441	0.328	0.892	-0.381	0.576	-0.484	0.091	0.066	-0.724	0.740	0.967	0.199	-0.468	1.016	0.180	-0.536	0.259	0.761	0.976	0.040
Bvulgatus_CL09T03C04	HMPREF1058_RS09525	HMPREF1058_RS09525		xylanase	0.229	-0.327	-0.595	-0.566	0.108	-0.197	0.400	0.651	-0.067	1.262	0.226	-0.000	1.681	-0.474	0.187	0.348	-0.419	-0.336	0.821	0.314	0.458	0.157
Bvulgatus_CL09T03C04	HMPREF1058_RS09530	HMPREF1058_RS09530		LacI family DNA-binding transcriptional regulator	0.552	0.391	-0.520	0.071	-0.122	-1.368	0.831	-0.023	-0.543	0.687	-0.146	-0.420	-0.221	-0.019	0.491	0.904	0.116	0.707	-0.651	1.315	0.028	0.029
Bvulgatus_CL09T03C04	HMPREF1058_RS09535	HMPREF1058_RS09535		alkyl hydroperoxide reductase subunit F	0.391	0.262	1.348	0.577	0.558	0.098	-0.442	-0.929	0.112	0.379	0.731	-0.087	1.301	-0.648	-1.125	-0.577	-0.062	-0.574	-0.614	-0.654	-0.543	0.801
Bvulgatus_CL09T03C04	HMPREF1058_RS09540	HMPREF1058_RS09540		peroxiredoxin	-1.786	-0.337	-0.858	-1.855	-0.888	-1.731	0.062	-0.590	0.682	0.529	-1.018	-0.560	-2.001	-0.027	0.473	-0.854	-0.519	0.208	0.401	-0.005	0.282	-0.354
Bvulgatus_CL09T03C04	HMPREF1058_RS09545	HMPREF1058_RS09545		magnesium transporter CorA family protein	1.687	0.320	0.129	0.879	2.233	0.750	-0.540	-0.110	1.161	0.640	-1.297	-1.392	2.357	1.332	-0.072	-0.974	-0.343	-0.275	2.277	1.524	-0.191	-2.160
Bvulgatus_CL09T03C04	HMPREF1058_RS09550	HMPREF1058_RS09550		PepSY domain-containing protein	0.192	0.112	-1.111	-0.263	-1.557	-1.567	-0.695	0.365	1.417	0.767	-0.121	1.071	0.147	-1.770	-0.029	0.513	0.938	-0.145	0.104	-0.143	-0.205	0.149
Bvulgatus_CL09T03C04	HMPREF1058_RS09555	HMPREF1058_RS09555		DUF4374 domain-containing protein	-1.008	-0.569	0.595	0.506	0.121	0.464	0.827	0.200	-0.125	1.280	0.053	-0.019	0.647	-0.820	0.142	0.679	0.229	-0.195	0.030	0.463	0.053	0.023
Bvulgatus_CL09T03C04	HMPREF1058_RS09560	HMPREF1058_RS09560		TonB-dependent receptor	0.418	0.280	0.325	0.609	1.656	-0.534	-0.371	-0.429	0.945	1.273	-0.317	-0.494	-0.281	-0.251	0.725	0.484	0.646	0.086	0.205	1.085	-0.381	0.555
Bvulgatus_CL09T03C04	HMPREF1058_RS09580	HMPREF1058_RS09580		aldo/keto reductase	-1.327	-1.067	1.200	1.300	0.434	-0.009	0.782	-0.270	0.202	0.431	0.700	-0.439	-0.034	-0.158	0.018	1.038	-0.414	0.048	0.457	0.700	0.756	0.468
Bvulgatus_CL09T03C04	HMPREF1058_RS09585	HMPREF1058_RS09585		argininosuccinate lyase	-16.312	-18.943	-17.692	-15.166	-14.970	-14.958	-20.839	-21.632	-14.748	-14.887	-21.718	-21.364	-19.772	-20.147	-20.781	-18.885	-15.254	-18.143	-16.954	-18.460	-18.166	-20.193
Bvulgatus_CL09T03C04	HMPREF1058_RS09590	HMPREF1058_RS09590		hypothetical protein	-7.592	-8.688	-5.180	-4.847	-7.421	-6.065	-2.261	-3.278	-1.402	-1.684	-2.823	-2.386	-5.183	-7.873	-0.245	-1.891	0.063	-1.929	-1.566	-3.133	-1.467	-3.552
Bvulgatus_CL09T03C04	HMPREF1058_RS09600	HMPREF1058_RS09600		ComF family protein	1.069	0.248	1.018	-1.032	-1.845	-0.446	0.808	0.550	-0.819	-0.793	1.372	0.776	1.016	0.536	-1.142	-1.512	1.374	1.462	-2.011	-0.945	-0.983	0.182
Bvulgatus_CL09T03C04	HMPREF1058_RS09605	HMPREF1058_RS09605		RecX family transcriptional regulator	0.766	1.080	1.082	1.030	-0.093	-0.297	0.984	-0.453	-1.135	0.348	-0.048	0.056	1.475	0.429	-0.730	-0.563	-0.040	-0.911	-0.253	0.018	-0.085	1.174
Bvulgatus_CL09T03C04	HMPREF1058_RS09610	HMPREF1058_RS09610		peptide chain release factor N(5)-glutamine methyltransferase	-5.639	-5.785	-4.949	-4.844	-5.189	-5.090	-9.572	-9.861	-6.825	-5.419	-7.808	-9.218	-5.518	-8.537	-4.206	-4.470	-4.144	-0.916	-7.443	-6.438	-7.566	-8.774
Bvulgatus_CL09T03C04	HMPREF1058_RS09620	HMPREF1058_RS09620		hypothetical protein	0.763	0.813	-2.154	-1.095	-0.263	0.034	1.040	-1.071	1.643	1.109	-1.276	-0.532	2.219	-0.563	-1.436	-0.446	-2.023	1.569	0.735	0.320	-0.713	1.006
Bvulgatus_CL09T03C04	HMPREF1058_RS09650	HMPREF1058_RS09650		pyridoxamine kinase	-0.676	-1.146	1.248	1.411	0.214	-0.095	0.788	1.243	-0.186	0.450	-0.495	-0.210	0.755	-1.159	1.511	-0.577	0.350	-1.164	0.634	0.511	-0.440	-0.037
Bvulgatus_CL09T03C04	HMPREF1058_RS09665	HMPREF1058_RS09665		class I SAM-dependent methyltransferase	-3.330	-2.594	-0.944	-0.968	0.006	-0.721	0.087	0.550	0.978	0.697	0.250	-0.531	-1.923	-1.241	3.393	-0.033	1.410	0.687	0.577	0.388	0.530	-0.639
Bvulgatus_CL09T03C04	HMPREF1058_RS09675	HMPREF1058_RS09675		type II 3-dehydroquinate dehydratase	-5.891	-5.026	-3.644	-3.009	-5.003	-5.039	-6.467	-6.395	-5.128	-5.225	-6.995	-5.326	-6.029	-6.326	-7.266	-6.025	-4.246	-5.131	-6.080	-5.612	-5.905	-6.155
Bvulgatus_CL09T03C04	HMPREF1058_RS09680	HMPREF1058_RS09680		site-specific tyrosine recombinase XerD	-3.131	-1.181	-1.677	-3.052	-1.486	-4.400	-1.493	-1.653	-2.373	-4.628	-2.213	-2.130	-2.428	-2.678	-3.333	-2.536	-1.547	-4.453	-1.339	-3.695	-4.745	-3.315
Bvulgatus_CL09T03C04	HMPREF1058_RS09685	HMPREF1058_RS09685		tetratricopeptide repeat protein	-13.381	-8.408	-14.820	-12.770	-13.611	-14.691	-15.070	-14.000	-16.209	-15.056	-15.741	-12.670	-13.775	-14.523	-13.138	-16.499	-1.382	-6.342	-16.095	-15.262	-18.092	-15.049
Bvulgatus_CL09T03C04	HMPREF1058_RS09690	HMPREF1058_RS09690		DUF4369 domain-containing protein	-5.600	-3.755	-5.485	-4.177	-5.058	-6.872	-2.776	-1.728	-1.971	-2.402	-4.531	-3.381	-5.311	-5.880	-2.969	-1.971	0.501	-0.050	-4.246	-4.311	-8.343	-4.373
Bvulgatus_CL09T03C04	HMPREF1058_RS09695	HMPREF1058_RS09695		YifB family Mg chelatase-like AAA ATPase	0.291	1.482	0.853	1.120	0.546	0.167	0.017	1.022	0.737	1.804	0.525	1.315	2.600	1.420	1.541	-0.497	0.082	-0.698	0.802	0.958	-0.112	0.493
Bvulgatus_CL09T03C04	HMPREF1058_RS09700	HMPREF1058_RS09700		methionine--tRNA ligase	1.744	2.110	-2.230	-1.684	-0.980	-1.544	1.889	0.667	4.719	3.258	-0.815	-0.290	-0.485	0.953	0.423	-0.766	-0.356	-2.119	3.961	2.147	-0.533	-1.378
Bvulgatus_CL09T03C04	HMPREF1058_RS09710	HMPREF1058_RS09710		acyltransferase	-0.232	0.954	0.938	0.367	-0.671	-0.737	1.055	-0.976	0.228	0.251	-0.103	0.550	0.701	-1.245	0.760	0.247	0.262	-0.012	0.368	0.324	0.466	0.444
Bvulgatus_CL09T03C04	HMPREF1058_RS09715	HMPREF1058_RS09715		hypothetical protein	1.461	3.541	1.107	2.503	-0.537	2.298	2.345	1.711	-0.312	1.164	0.013	1.019	0.444	-0.903	0.701	-0.081	-0.306	0.406	1.822	0.266	1.732	1.728
Bvulgatus_CL09T03C04	HMPREF1058_RS09720	HMPREF1058_RS09720		aminotransferase class I/II-fold pyridoxal phosphate-dependent enzyme	-4.039	-3.080	-3.674	-2.137	-2.477	-3.301	-3.218	-2.873	-2.720	-2.515	-3.629	-3.682	-5.356	-4.618	-4.740	-2.929	-0.468	-0.481	-3.904	-3.016	-3.502	-2.649
Bvulgatus_CL09T03C04	HMPREF1058_RS09725	HMPREF1058_RS09725		NAD/NADP octopine/nopaline dehydrogenase family protein	-2.457	-2.152	-2.981	-1.239	-0.630	-1.528	-3.237	-2.215	-1.226	-1.298	-2.262	-3.256	-4.090	-2.406	-2.616	-2.180	-0.552	-0.824	-2.611	-1.806	-2.315	-2.193
Bvulgatus_CL09T03C04	HMPREF1058_RS09730	HMPREF1058_RS09730		LicD family protein	-5.630	-5.662	-7.073	-6.259	-6.774	-9.074	-7.071	-6.177	-5.371	-5.938	-7.880	-7.129	-9.276	-9.722	-7.476	-4.285	-1.505	-0.993	-10.332	-6.559	-9.399	-5.941
Bvulgatus_CL09T03C04	HMPREF1058_RS09735	HMPREF1058_RS09735		hypothetical protein	-6.945	-4.276	-4.510	-4.872	-5.960	-5.759	-6.738	-7.993	-4.363	-4.784	-7.426	-8.198	-11.359	-7.987	-6.450	-4.631	-2.617	-2.660	-9.440	-6.097	-9.743	-5.681
Bvulgatus_CL09T03C04	HMPREF1058_RS09740	HMPREF1058_RS09740		glycosyltransferase family 4 protein	2.712	2.316	1.398	0.408	1.146	0.933	3.319	2.778	1.377	1.238	1.573	1.486	0.397	-0.649	-0.273	1.131	0.046	0.167	1.638	-0.219	0.692	1.932
Bvulgatus_CL09T03C04	HMPREF1058_RS09745	HMPREF1058_RS09745		glycosyltransferase	-4.978	-4.313	-7.594	-8.672	-10.580	-9.742	-4.016	-5.641	-8.104	-7.247	-7.397	-5.751	-11.981	-8.914	-9.273	-5.400	-0.280	-0.443	-11.324	-6.364	-10.455	-6.762
Bvulgatus_CL09T03C04	HMPREF1058_RS09750	HMPREF1058_RS09750		glycosyltransferase	-2.982	-4.157	-8.520	-5.252	-8.921	-8.412	-6.159	-6.633	-6.783	-8.298	-6.485	-4.595	-6.817	-6.852	-9.283	-4.256	0.142	-1.133	-9.586	-7.867	-7.255	-4.725
Bvulgatus_CL09T03C04	HMPREF1058_RS09760	HMPREF1058_RS09760		site-specific integrase	-0.936	-0.822	-0.626	-2.277	0.631	1.405	-0.166	-1.151	0.974	-0.017	0.166	-0.193	-0.447	-1.387	-0.104	-0.808	-1.181	-0.090	-0.702	-0.693	-1.428	-0.898
Bvulgatus_CL09T03C04	HMPREF1058_RS09765	HMPREF1058_RS09765		hypothetical protein	-0.109	-2.484	-2.061	-0.688	0.306	0.078	-1.049	-0.192	-1.136	-0.263	0.525	-0.708	-1.590	0.063	0.020	-2.168	0.535	0.059	-0.914	-2.060	-1.094	-1.498
Bvulgatus_CL09T03C04	HMPREF1058_RS09775	HMPREF1058_RS09775		helix-turn-helix domain-containing protein	-0.428	0.201	-0.508	-0.305	-0.482	-0.284	0.167	-0.233	-1.452	-0.547	0.792	0.982	0.718	0.204	0.052	-0.606	-0.206	-0.219	-0.587	-0.271	0.222	0.037
Bvulgatus_CL09T03C04	HMPREF1058_RS09785	HMPREF1058_RS09785		DUF3945 domain-containing protein	2.342	0.943	1.288	0.892	1.747	-0.872	-0.419	0.052	0.380	0.352	0.834	2.085	0.130	-0.012	-0.682	-1.465	-0.975	0.411	-0.739	-1.020	0.460	-0.427
Bvulgatus_CL09T03C04	HMPREF1058_RS09790	HMPREF1058_RS09790		type IA DNA topoisomerase	-2.825	-1.533	-1.051	0.233	-0.669	-0.243	-1.704	-0.881	0.282	-0.365	0.327	0.515	-0.693	-3.050	1.209	0.609	1.128	-0.013	-0.525	-0.439	-0.067	-0.728
Bvulgatus_CL09T03C04	HMPREF1058_RS09795	HMPREF1058_RS09795		DUF1896 domain-containing protein	0.265	0.822	0.148	0.533	0.766	0.663	0.283	-0.475	-0.211	1.185	-0.248	-0.936	0.101	0.366	0.080	1.128	0.356	1.037	0.122	-0.098	0.121	0.379
Bvulgatus_CL09T03C04	HMPREF1058_RS09800	HMPREF1058_RS09800		N-6 DNA methylase	-1.370	-1.773	-1.634	-0.724	-0.378	-0.134	-0.995	-1.021	-0.560	-0.362	-0.803	-0.357	-0.110	-1.047	0.315	-0.705	0.368	-1.293	-0.268	-0.961	-0.301	0.108
Bvulgatus_CL09T03C04	HMPREF1058_RS09805	HMPREF1058_RS09805		tetracycline resistance ribosomal protection protein Tet(Q)	-1.143	-1.779	0.248	0.080	-1.417	-1.309	-0.421	-0.095	0.793	-0.424	-1.202	-0.959	-0.505	-0.708	0.230	-0.242	-0.601	-0.864	-0.133	-0.865	-0.711	-0.521
Bvulgatus_CL09T03C04	HMPREF1058_RS09810	HMPREF1058_RS09810		response regulator	-1.838	-1.734	0.471	-0.558	-0.849	-0.155	-0.819	-0.604	-1.297	-1.639	-1.025	-0.045	-2.209	-1.100	-0.746	-0.884	0.039	-1.105	-0.627	-1.835	-1.860	-1.683
Bvulgatus_CL09T03C04	HMPREF1058_RS09815	HMPREF1058_RS09815		sigma-54-dependent Fis family transcriptional regulator	-0.789	-2.919	0.074	-1.979	0.132	-0.805	-1.523	-0.910	-1.132	-0.365	-0.867	-1.031	-1.675	-2.046	-0.871	-2.463	-1.517	-1.347	1.157	-1.090	-1.322	-1.481
Bvulgatus_CL09T03C04	HMPREF1058_RS09820	HMPREF1058_RS09820		dihydrofolate reductase family protein	-1.974	-0.175	-0.928	1.274	1.345	0.314	-0.545	0.456	-0.409	-1.910	-0.046	-0.087	-1.206	0.432	0.230	-0.578	-0.954	-1.148	-0.573	-2.019	0.395	0.248
Bvulgatus_CL09T03C04	HMPREF1058_RS09825	HMPREF1058_RS09825		RteC domain-containing protein	-0.809	0.438	0.047	-0.827	2.107	1.442	0.588	1.149	-1.092	0.019	0.528	0.368	0.493	0.481	-0.890	-0.601	-0.534	-0.480	1.661	-1.140	0.879	1.953
Bvulgatus_CL09T03C04	HMPREF1058_RS09830	HMPREF1058_RS09830		ATP-binding protein	0.129	0.975	1.559	0.163	0.245	0.801	1.888	0.963	1.145	2.393	1.451	0.493	0.045	-0.325	1.421	1.378	0.733	1.281	1.691	1.727	0.100	0.329
Bvulgatus_CL09T03C04	HMPREF1058_RS09835	HMPREF1058_RS09835		NTPase	-0.145	-0.557	-0.813	-1.363	1.764	0.085	-0.160	-0.469	0.209	0.459	0.136	-0.656	-0.650	-1.037	-0.591	-0.459	-0.149	0.013	0.295	-0.250	-0.034	-0.035
Bvulgatus_CL09T03C04	HMPREF1058_RS09840	HMPREF1058_RS09840		YWFCY domain-containing protein	0.062	-0.442	-1.413	-1.612	0.787	1.408	0.296	0.186	0.801	1.229	-0.208	0.295	0.452	-2.252	-0.441	-1.310	-0.863	-1.737	-0.943	1.014	-0.832	0.917
Bvulgatus_CL09T03C04	HMPREF1058_RS09845	HMPREF1058_RS09845		relaxase/mobilization nuclease domain-containing protein	-0.536	-1.036	-0.683	-0.988	0.400	2.041	-0.041	1.123	0.581	2.433	-1.002	-0.406	-1.050	-1.338	-0.137	-0.103	-0.323	0.326	1.458	1.303	-1.058	0.950
Bvulgatus_CL09T03C04	HMPREF1058_RS09855	HMPREF1058_RS09855		ParA family protein	-1.447	-0.369	-1.809	0.121	-0.321	-1.161	-1.897	0.116	-1.663	-0.312	-0.802	-0.446	-1.314	-1.022	-0.925	-0.462	-2.347	-1.259	-1.112	-0.600	-1.048	-0.505
Bvulgatus_CL09T03C04	HMPREF1058_RS09860	HMPREF1058_RS09860		DUF3408 domain-containing protein	-0.228	-0.780	4.124	4.764	0.855	0.012	1.083	0.757	1.804	2.026	0.239	-0.412	-0.739	-0.075	0.691	-0.702	-0.208	0.679	1.197	-0.469	0.749	1.281
Bvulgatus_CL09T03C04	HMPREF1058_RS09865	HMPREF1058_RS09865		DUF3408 domain-containing protein	0.237	-0.125	0.231	-0.593	-0.606	0.644	1.682	0.615	0.941	-0.806	-0.589	1.222	-0.964	0.448	0.615	0.285	-0.192	-0.639	-0.860	-0.973	-0.741	-0.279
Bvulgatus_CL09T03C04	HMPREF1058_RS09870	HMPREF1058_RS09870		DUF3408 domain-containing protein	-0.619	-1.115	-1.820	0.631	-0.992	0.078	-1.584	-0.996	-0.372	-0.356	-1.740	-0.605	-0.116	-1.051	0.045	-1.161	-0.656	-0.831	0.481	-0.964	-0.729	-1.265
Bvulgatus_CL09T03C04	HMPREF1058_RS09880	HMPREF1058_RS09880		DUF4134 domain-containing protein	-0.440	0.673	0.269	-1.267	-0.450	-0.300	-1.320	-0.357	-1.059	1.725	-1.023	-1.028	-0.420	-1.402	-0.751	-0.459	-1.091	0.222	0.287	0.458	-0.353	-0.390
Bvulgatus_CL09T03C04	HMPREF1058_RS09885	HMPREF1058_RS09885		TraG family conjugative transposon ATPase	1.253	-0.283	0.203	1.357	2.496	-0.141	-0.061	-0.111	0.923	1.763	-1.195	0.880	0.328	-0.156	0.501	0.309	-0.429	-1.198	0.632	0.841	0.476	1.080
Bvulgatus_CL09T03C04	HMPREF1058_RS09890	HMPREF1058_RS09890		DUF3876 domain-containing protein	0.748	-0.870	0.727	1.320	0.206	-0.397	1.194	-0.040	-0.116	0.382	-0.015	1.097	0.236	0.178	0.046	1.082	0.543	-0.274	0.044	1.130	0.569	0.998
Bvulgatus_CL09T03C04	HMPREF1058_RS09895	HMPREF1058_RS09895		DUF4141 domain-containing protein	-0.440	-1.389	-2.000	-1.377	0.370	-0.720	-2.082	-0.270	-0.226	-0.499	-0.324	0.936	-1.347	-0.461	0.049	-1.625	-0.159	-0.671	0.595	-0.972	-1.661	-1.725
Bvulgatus_CL09T03C04	HMPREF1058_RS09900	HMPREF1058_RS09900		conjugative transposon protein TraJ	-1.670	-0.935	-1.295	-0.856	0.040	1.110	0.801	0.418	0.508	-0.594	0.091	0.318	0.414	-1.095	-0.888	0.806	1.760	0.715	-1.511	-0.170	-0.594	1.153
Bvulgatus_CL09T03C04	HMPREF1058_RS09905	HMPREF1058_RS09905		conjugative transposon protein TraK	-1.034	0.200	1.081	1.413	-0.455	1.057	-1.096	-0.282	-0.810	-0.980	-0.196	-0.595	-0.906	-1.312	-0.323	-0.556	-0.585	0.152	-0.370	-0.761	-0.167	-0.350
Bvulgatus_CL09T03C04	HMPREF1058_RS09910	HMPREF1058_RS09910		DUF3989 domain-containing protein	-0.242	0.159	0.657	-0.047	0.229	2.050	1.187	0.441	1.888	-0.092	-0.887	-0.434	-0.638	-0.363	-2.100	-0.762	0.488	-1.589	-0.486	0.436	0.784	-1.013
Bvulgatus_CL09T03C04	HMPREF1058_RS09915	HMPREF1058_RS09915		conjugative transposon protein TraM	-0.282	-0.554	-1.078	-0.189	-0.669	0.303	0.097	0.307	1.447	0.426	1.587	-0.133	-1.289	0.916	-0.251	0.241	0.075	-0.019	0.396	-0.233	0.535	0.075
Bvulgatus_CL09T03C04	HMPREF1058_RS09920	HMPREF1058_RS09920		conjugative transposon protein TraN	-2.359	-0.525	-0.466	0.633	0.729	1.219	1.063	0.114	-0.002	2.691	-1.794	2.644	-1.031	-0.227	-0.675	1.237	-1.001	0.932	1.493	1.276	-1.077	-0.335
Bvulgatus_CL09T03C04	HMPREF1058_RS09925	HMPREF1058_RS09925		conjugal transfer protein TraO	2.199	1.614	-1.497	0.059	-0.836	-1.225	0.071	0.845	2.555	3.005	1.058	2.248	-0.952	0.748	-0.375	0.257	0.555	-0.173	-0.546	1.581	-0.255	1.605
Bvulgatus_CL09T03C04	HMPREF1058_RS09930	HMPREF1058_RS09930		toprim domain-containing protein	-1.124	-0.720	0.580	1.832	-1.469	-1.759	-0.977	-1.489	-0.004	1.054	0.699	0.427	-2.208	-0.314	-1.596	-0.534	-1.092	0.354	-0.564	0.477	-0.951	0.321
Bvulgatus_CL09T03C04	HMPREF1058_RS09935	HMPREF1058_RS09935		DUF3872 domain-containing protein	-1.853	-0.747	-0.035	1.887	1.203	1.061	-0.652	-0.586	0.715	1.906	0.287	0.858	0.362	0.377	-0.338	0.932	1.092	-1.208	1.266	-0.575	0.762	-0.426
Bvulgatus_CL09T03C04	HMPREF1058_RS09940	HMPREF1058_RS09940		lysozyme	0.399	-1.729	-0.999	-1.013	0.108	0.236	-0.196	-0.421	-0.866	-0.975	-0.030	-1.633	-1.711	-2.033	0.377	-0.337	-1.415	-0.880	-2.016	-1.237	-1.284	0.382
Bvulgatus_CL09T03C04	HMPREF1058_RS09945	HMPREF1058_RS09945		hypothetical protein	-1.481	-0.706	1.100	0.507	-0.234	0.940	-1.384	-0.515	-0.617	0.970	-1.371	-0.405	-0.733	-1.534	-0.748	-0.933	-0.311	-1.350	-0.339	-0.022	-0.220	-0.890
Bvulgatus_CL09T03C04	HMPREF1058_RS09955	HMPREF1058_RS09955		hypothetical protein	2.079	-0.321	-0.530	0.487	-1.256	0.325	-0.316	1.764	-1.038	-1.343	-0.454	1.327	-0.352	0.199	1.160	-0.581	-0.814	-0.879	-0.131	0.133	-0.058	-0.171
Bvulgatus_CL09T03C04	HMPREF1058_RS09960	HMPREF1058_RS09960		hypothetical protein	0.263	-0.180	-1.024	-0.110	-0.272	-0.565	-0.256	-0.225	-0.425	-0.273	-0.168	0.163	-0.846	-1.200	-2.609	0.310	-0.942	-0.899	-0.215	-1.040	0.654	-1.114
Bvulgatus_CL09T03C04	HMPREF1058_RS09965	HMPREF1058_RS09965		DUF3873 domain-containing protein	0.052	-1.062	-0.847	-0.568	-0.533	-0.594	-0.590	-1.262	-0.675	-0.856	0.271	-0.071	-0.923	-1.313	0.039	0.160	0.035	0.737	0.209	-0.847	-1.652	-0.110
Bvulgatus_CL09T03C04	HMPREF1058_RS09970	HMPREF1058_RS09970		hypothetical protein	0.366	-0.948	-0.924	-0.499	0.040	-1.157	-1.014	-1.448	-1.026	-1.585	-0.585	-2.320	-0.944	-1.036	-1.276	-0.721	0.418	-1.139	-1.417	-1.355	0.573	0.335
Bvulgatus_CL09T03C04	HMPREF1058_RS09975	HMPREF1058_RS09975		PcfJ family protein	-0.302	-0.651	0.361	1.515	-0.611	-1.175	-0.140	-0.960	-0.314	0.178	0.336	-0.679	-0.275	-0.279	-0.314	0.108	0.550	0.271	-1.435	-1.124	0.981	-0.465
Bvulgatus_CL09T03C04	HMPREF1058_RS09980	HMPREF1058_RS09980		PcfK-like family protein	1.518	1.693	1.723	2.179	0.847	0.547	1.649	0.914	0.973	0.760	1.983	1.439	1.084	1.611	1.750	1.197	-0.111	1.700	0.988	1.268	0.974	1.444
Bvulgatus_CL09T03C04	HMPREF1058_RS09985	HMPREF1058_RS09985		hypothetical protein	0.075	-0.830	0.233	-0.537	-0.823	-0.306	-0.075	0.535	-1.320	-1.434	-0.962	-0.510	0.112	-0.002	-0.788	-0.516	-0.203	-0.450	-0.821	0.173	-0.356	-1.259
Bvulgatus_CL09T03C04	HMPREF1058_RS09990	HMPREF1058_RS09990		5'-methylthioadenosine/adenosylhomocysteine nucleosidase	0.410	0.521	3.643	3.679	11.908	10.311	8.028	7.343	9.162	10.806	5.575	5.309	15.114	8.767	8.131	6.553	3.663	2.532	13.442	9.753	8.579	7.001
Bvulgatus_CL09T03C04	HMPREF1058_RS09995	HMPREF1058_RS09995		S-ribosylhomocysteine lyase	-1.377	-0.890	0.966	0.431	-0.188	-2.076	0.628	-0.295	-0.345	-0.054	0.023	0.105	-0.191	-1.064	-0.936	-1.287	-0.506	0.616	-0.135	-0.523	-0.006	-1.144
Bvulgatus_CL09T03C04	HMPREF1058_RS10005	HMPREF1058_RS10005		hypothetical protein	1.482	-0.287	0.387	-0.331	0.182	0.712	0.697	-0.030	-0.086	-0.406	-0.351	-0.723	-0.776	0.099	-1.525	0.062	0.928	0.020	0.102	-0.980	0.028	0.249
Bvulgatus_CL09T03C04	HMPREF1058_RS10010	HMPREF1058_RS10010		hypothetical protein	-2.460	-1.765	0.741	0.958	-2.372	-0.938	0.787	-0.077	0.349	-0.073	0.939	-0.216	-0.356	0.700	-0.748	0.738	-0.874	-0.797	0.211	0.360	-0.555	-0.476
Bvulgatus_CL09T03C04	HMPREF1058_RS10015	HMPREF1058_RS10015		DUF4906 domain-containing protein	-0.895	-0.376	-0.232	0.452	-0.841	-0.169	-0.133	-0.697	-0.275	0.145	-0.655	-0.154	0.125	0.049	0.471	-0.048	-0.060	0.297	0.791	0.196	-0.594	-0.210
Bvulgatus_CL09T03C04	HMPREF1058_RS10020	HMPREF1058_RS10020		FimB/Mfa2 family fimbrial subunit	-1.213	-1.780	-0.344	0.221	-1.362	-1.440	-0.021	-0.286	-1.630	0.330	-0.310	-0.398	-0.198	-2.642	0.871	0.400	-0.344	-0.370	-1.211	-0.826	0.421	0.083
Bvulgatus_CL09T03C04	HMPREF1058_RS10025	HMPREF1058_RS10025		FimB/Mfa2 family fimbrial subunit	-0.298	-0.126	-2.613	-0.353	-0.940	0.310	-0.079	0.198	0.480	0.969	-0.295	-1.044	-1.149	-0.921	1.292	0.477	-0.568	0.643	1.486	0.126	-0.133	1.447
Bvulgatus_CL09T03C04	HMPREF1058_RS10030	HMPREF1058_RS10030		Mfa1 family fimbria major subunit	-0.898	-0.210	-0.015	0.709	-0.438	-0.587	-1.559	-1.375	-1.290	-0.618	-0.085	-0.575	-1.799	-0.870	-0.225	0.045	0.478	-0.721	-0.523	-1.109	-1.200	-0.263
Bvulgatus_CL09T03C04	HMPREF1058_RS10035	HMPREF1058_RS10035		DUF3868 domain-containing protein	-0.702	-0.164	0.521	0.648	0.775	-0.092	0.365	-0.261	1.158	0.700	1.070	0.075	0.239	0.165	0.247	0.092	0.680	-0.780	0.991	0.407	0.392	1.121
Bvulgatus_CL09T03C04	HMPREF1058_RS10040	HMPREF1058_RS10040		DUF3575 domain-containing protein	0.675	-0.689	0.837	0.103	1.115	1.107	1.628	0.398	0.196	1.012	1.012	1.791	0.716	0.281	0.496	0.453	1.586	-0.171	0.027	0.951	-0.576	1.883
Bvulgatus_CL09T03C04	HMPREF1058_RS10045	HMPREF1058_RS10045		DUF5033 domain-containing protein	-0.711	0.491	-0.150	0.659	0.674	1.140	0.081	1.197	0.428	1.071	0.631	0.525	0.460	0.588	0.077	0.305	0.129	0.568	0.675	1.150	-0.457	0.409
Bvulgatus_CL09T03C04	HMPREF1058_RS10050	HMPREF1058_RS10050		response regulator	0.275	0.332	0.591	1.157	-0.094	0.187	-0.260	-0.335	0.395	-0.065	0.213	-0.206	0.715	0.104	0.024	0.318	0.394	-0.456	0.136	-0.009	-0.291	0.437
Bvulgatus_CL09T03C04	HMPREF1058_RS10055	HMPREF1058_RS10055		translational GTPase TypA	-9.707	-9.783	4.324	3.409	1.675	1.919	-1.529	-3.560	-2.476	-2.165	-3.360	-2.988	-5.213	-5.171	-1.564	-2.643	2.466	0.476	-2.101	-4.413	-0.101	-1.556
Bvulgatus_CL09T03C04	HMPREF1058_RS10060	HMPREF1058_RS10060		nitroreductase family protein	-0.996	-0.306	0.622	-0.275	0.449	-0.762	0.550	-0.596	0.387	-0.758	-0.956	-0.741	0.602	-0.955	-1.602	-0.477	-0.688	-1.134	-0.040	-1.466	-0.181	-0.240
Bvulgatus_CL09T03C04	HMPREF1058_RS10070	HMPREF1058_RS10070		uracil phosphoribosyltransferase	1.527	-0.833	-1.145	-0.945	-1.546	-2.849	-0.033	-0.365	-1.828	-1.639	-0.822	-0.142	0.342	0.738	-0.301	-1.181	0.329	0.205	-1.775	-1.347	-0.911	-0.735
Bvulgatus_CL09T03C04	HMPREF1058_RS10075	HMPREF1058_RS10075		2-oxoacid:ferredoxin oxidoreductase subunit beta	-13.042	-13.767	-11.630	-10.467	-12.949	-10.606	-14.286	-13.946	-8.902	-11.920	-13.367	-14.946	-13.493	-14.253	-14.151	-14.603	-12.608	-13.121	-12.493	-11.105	-13.191	-12.867
Bvulgatus_CL09T03C04	HMPREF1058_RS10080	HMPREF1058_RS10080		2-oxoacid:acceptor oxidoreductase subunit alpha	-15.406	-15.532	-14.609	-11.571	-11.205	-14.332	-18.585	-18.004	-8.153	-9.950	-16.185	-17.488	-18.504	-17.917	-18.544	-16.047	-13.795	-13.179	-14.714	-11.875	-15.773	-16.980
Bvulgatus_CL09T03C04	HMPREF1058_RS10090	HMPREF1058_RS10090		phage integrase SAM-like domain-containing protein	-2.782	-2.130	-0.706	-0.301	-0.197	-0.388	-0.784	-0.169	-0.708	-0.273	-1.034	-0.682	-1.135	-0.389	0.267	-0.473	-0.385	-0.603	-0.122	-1.479	-0.684	-0.433
Bvulgatus_CL09T03C04	HMPREF1058_RS10100	HMPREF1058_RS10100		hypothetical protein	-0.470	0.522	0.366	0.462	-1.290	-0.793	-0.026	1.174	-1.149	0.647	-0.305	0.674	0.650	-1.080	-0.577	0.822	-1.711	0.326	1.208	0.351	0.683	0.134
Bvulgatus_CL09T03C04	HMPREF1058_RS10110	HMPREF1058_RS10110		hypothetical protein	-0.428	0.547	1.168	1.547	0.723	1.511	-0.656	-0.034	-1.303	-1.970	0.649	0.020	-0.233	-1.231	0.543	-0.295	-0.204	0.453	-0.418	0.194	0.263	-0.330
Bvulgatus_CL09T03C04	HMPREF1058_RS10115	HMPREF1058_RS10115		helix-turn-helix transcriptional regulator	0.449	0.743	0.718	-1.002	0.570	0.058	-0.018	-0.798	0.577	0.982	-0.504	0.832	0.890	0.148	1.723	1.618	-0.963	1.501	-1.754	0.707	-0.704	0.144
Bvulgatus_CL09T03C04	HMPREF1058_RS10120	HMPREF1058_RS10120		hypothetical protein	-1.398	0.753	-1.439	-0.182	-0.428	-0.856	-0.289	-0.149	-0.622	0.096	1.157	-0.214	-0.411	-0.249	0.376	-1.033	0.500	0.564	0.445	-0.377	0.774	-1.249
Bvulgatus_CL09T03C04	HMPREF1058_RS10125	HMPREF1058_RS10125		AAA family ATPase	1.105	1.315	2.254	2.002	2.019	0.161	-0.199	-0.757	-0.275	0.538	-0.250	0.415	0.401	2.159	-0.147	1.218	0.744	-0.465	0.659	0.975	0.517	0.317
Bvulgatus_CL09T03C04	HMPREF1058_RS10130	HMPREF1058_RS10130		MBL fold metallo-hydrolase	0.134	0.819	-1.573	-0.085	0.620	-0.977	-0.562	-0.201	-0.223	0.460	-0.145	0.848	0.014	-0.945	-0.252	-1.302	0.457	0.797	-0.642	1.147	-0.047	-0.390
Bvulgatus_CL09T03C04	HMPREF1058_RS10135	HMPREF1058_RS10135		hypothetical protein	0.375	-1.214	-0.461	0.569	-0.121	-1.170	-1.268	-0.869	-0.191	-1.257	-1.122	-0.852	0.488	0.235	-0.521	-0.658	0.035	-1.835	1.025	0.501	-2.112	-0.962
Bvulgatus_CL09T03C04	HMPREF1058_RS10140	HMPREF1058_RS10140		hypothetical protein	0.795	1.674	-1.229	-0.316	-0.052	2.263	0.019	0.704	-0.229	-0.667	-0.459	-0.156	0.841	0.181	0.322	-0.038	1.605	-0.230	0.896	0.488	1.340	1.402
Bvulgatus_CL09T03C04	HMPREF1058_RS10145	HMPREF1058_RS10145		hypothetical protein	-1.327	-0.166	0.155	0.234	0.767	0.578	-0.825	0.747	0.813	1.846	0.136	-1.205	-0.117	0.992	1.236	0.579	0.998	-0.271	2.911	0.575	-0.439	0.559
Bvulgatus_CL09T03C04	HMPREF1058_RS10155	HMPREF1058_RS10155		hypothetical protein	1.071	-0.049	-1.359	-0.949	-0.030	-0.025	-0.157	0.198	0.088	1.242	-0.125	-0.312	0.807	0.688	-0.977	0.906	0.481	0.549	-0.624	1.907	0.889	1.290
Bvulgatus_CL09T03C04	HMPREF1058_RS10160	HMPREF1058_RS10160		hypothetical protein	0.906	0.048	3.394	3.371	-0.589	1.058	-0.338	0.155	-0.077	0.896	-0.986	0.331	0.901	-0.626	-0.597	-0.129	-0.556	1.064	-0.649	0.867	0.647	-1.464
Bvulgatus_CL09T03C04	HMPREF1058_RS10165	HMPREF1058_RS10165		hypothetical protein	2.358	1.053	0.591	1.100	-0.800	-1.280	-0.431	0.253	-1.709	-0.002	-0.919	0.005	0.262	1.212	-0.288	-0.941	0.048	-0.118	-0.926	-1.155	-0.191	0.390
Bvulgatus_CL09T03C04	HMPREF1058_RS10170	HMPREF1058_RS10170		ATP-binding protein	0.276	0.135	-1.421	0.553	-0.937	-1.316	-0.812	0.320	-1.949	-0.285	-0.419	-0.653	0.237	0.692	-1.382	-1.337	0.581	-0.784	-0.410	-1.532	-0.927	-0.985
Bvulgatus_CL09T03C04	HMPREF1058_RS10175	HMPREF1058_RS10175		hypothetical protein	1.033	0.081	1.338	1.130	0.643	0.695	-0.067	1.441	1.789	1.153	2.528	0.633	0.309	1.017	-0.124	-0.535	1.154	0.044	0.842	0.059	1.899	0.026
Bvulgatus_CL09T03C04	HMPREF1058_RS10180	HMPREF1058_RS10180		N-6-adenine-methyltransferase	0.552	2.033	-0.852	-0.060	0.166	-0.078	0.809	-1.185	-1.665	-1.079	-0.486	0.108	-0.377	-0.115	0.266	-1.323	-0.020	-0.400	0.282	-0.125	-0.570	1.506
Bvulgatus_CL09T03C04	HMPREF1058_RS10185	HMPREF1058_RS10185		hypothetical protein	1.715	-1.006	-0.917	0.765	2.107	0.513	0.344	0.023	0.750	1.228	0.003	-0.383	1.714	0.493	0.298	-0.580	1.212	0.550	0.029	0.937	-0.757	0.805
Bvulgatus_CL09T03C04	HMPREF1058_RS10190	HMPREF1058_RS10190		ParB/RepB/Spo0J family partition protein	1.140	1.083	0.556	-0.711	-1.289	0.360	0.600	0.325	0.806	0.077	0.666	1.317	0.793	0.242	-0.935	-0.035	1.656	0.773	-0.192	0.129	-0.672	0.673
Bvulgatus_CL09T03C04	HMPREF1058_RS10195	HMPREF1058_RS10195		3'-5' exonuclease	0.849	-0.111	-0.211	-0.829	-0.375	0.033	-0.977	0.094	-0.791	-0.136	0.820	0.815	0.876	-0.225	-0.176	0.321	0.752	0.516	-1.218	-0.180	0.587	-2.025
Bvulgatus_CL09T03C04	HMPREF1058_RS10200	HMPREF1058_RS10200		hypothetical protein	-0.132	1.339	-0.380	-0.607	-0.914	1.357	-0.574	-0.354	-0.496	-0.203	-0.904	0.588	-1.210	-0.234	-1.016	-0.742	0.549	1.695	0.746	-0.423	-0.467	0.241
Bvulgatus_CL09T03C04	HMPREF1058_RS10205	HMPREF1058_RS10205		hypothetical protein	-0.983	0.357	-2.662	-1.129	-0.426	0.567	0.527	-0.823	-0.269	-0.798	-0.113	0.222	0.755	-1.967	0.800	-1.096	1.426	0.706	-0.335	-0.114	0.631	-0.566
Bvulgatus_CL09T03C04	HMPREF1058_RS10210	HMPREF1058_RS10210		hypothetical protein	0.134	-0.102	-0.269	-1.002	1.670	1.253	-1.240	-0.153	0.451	0.776	0.061	-0.506	-0.271	-0.042	-1.088	-0.149	1.290	0.434	-0.687	0.611	0.301	0.188
Bvulgatus_CL09T03C04	HMPREF1058_RS10215	HMPREF1058_RS10215		DUF4417 domain-containing protein	-0.012	-0.329	1.149	1.180	0.512	1.112	0.054	0.090	0.430	1.656	-0.672	-0.271	1.105	0.614	0.077	0.322	-0.279	-1.215	0.777	1.466	0.637	-0.158
Bvulgatus_CL09T03C04	HMPREF1058_RS10220	HMPREF1058_RS10220		hypothetical protein	-1.060	-1.129	0.773	-0.149	0.064	0.195	-1.035	-1.563	-0.194	-0.592	-1.085	0.128	-0.158	0.243	-1.443	-0.523	0.904	0.086	1.429	0.936	-2.661	1.054
Bvulgatus_CL09T03C04	HMPREF1058_RS10225	HMPREF1058_RS10225		hypothetical protein	-2.278	-3.814	-0.574	-1.509	-0.763	-1.114	-2.035	-1.923	-1.091	-0.251	-1.855	-1.233	-2.534	-2.449	-2.667	-2.104	-1.159	-3.115	-0.107	-2.635	-1.846	-1.572
Bvulgatus_CL09T03C04	HMPREF1058_RS10230	HMPREF1058_RS10230		hypothetical protein	-0.160	-1.657	0.809	-1.127	0.669	0.341	0.282	0.646	0.760	0.866	-1.143	-2.079	1.203	0.220	0.241	-0.457	-0.865	-0.742	-1.392	0.070	-1.486	-0.259
Bvulgatus_CL09T03C04	HMPREF1058_RS10235	HMPREF1058_RS10235		phage portal protein	0.144	0.733	-0.700	-0.273	0.075	-1.385	-0.835	-0.828	-0.036	-0.379	-0.329	0.104	-0.435	-0.606	0.467	0.165	-0.572	1.074	-0.922	-1.273	-0.752	0.381
Bvulgatus_CL09T03C04	HMPREF1058_RS10240	HMPREF1058_RS10240		phage portal protein	1.838	0.407	0.386	0.419	1.038	0.697	0.303	0.668	-0.148	0.287	0.256	0.177	1.058	0.383	0.450	-0.297	0.075	0.838	0.516	1.873	0.017	0.945
Bvulgatus_CL09T03C04	HMPREF1058_RS10245	HMPREF1058_RS10245		hypothetical protein	0.551	-0.428	0.230	-0.258	-0.506	-0.342	-0.028	-1.184	0.658	1.082	0.217	0.267	1.011	-0.080	0.221	0.625	1.266	1.226	1.221	0.345	-1.049	-0.407
Bvulgatus_CL09T03C04	HMPREF1058_RS10250	HMPREF1058_RS10250		hypothetical protein	1.164	0.752	-1.248	-0.088	-0.267	0.322	-0.289	-0.605	-0.692	-0.634	-1.122	-0.311	0.233	0.796	-0.199	0.244	0.710	0.332	0.083	-0.820	-0.097	-0.133
Bvulgatus_CL09T03C04	HMPREF1058_RS10255	HMPREF1058_RS10255		hypothetical protein	-2.567	-1.858	-1.015	-0.362	-1.036	-1.636	-1.657	-3.497	-2.056	-1.098	-1.579	-1.220	-3.316	-2.667	-1.554	-2.646	-1.289	-1.262	-2.300	-2.434	-2.008	-1.779
Bvulgatus_CL09T03C04	HMPREF1058_RS10260	HMPREF1058_RS10260		ADP-ribosylglycohydrolase family protein	0.382	0.412	-1.254	-0.925	-2.028	-2.329	1.045	0.302	2.991	2.819	0.250	-1.339	0.429	1.835	-3.912	-0.122	-0.467	-1.748	1.336	3.523	0.183	-0.219
Bvulgatus_CL09T03C04	HMPREF1058_RS10270	HMPREF1058_RS10270		hypothetical protein	-3.491	-1.659	-2.561	-2.844	-1.514	-3.247	-3.732	-2.697	0.318	-0.032	-1.976	-2.817	-1.889	-1.458	-2.312	-3.711	-1.278	-2.995	-0.736	-1.351	-2.036	-1.916
Bvulgatus_CL09T03C04	HMPREF1058_RS10275	HMPREF1058_RS10275		RNA-splicing ligase RtcB	-0.156	0.373	-0.195	-1.390	-6.500	-6.193	-0.360	-1.159	4.102	4.842	-1.929	-3.254	0.300	0.487	-5.666	-4.827	-2.099	-3.649	2.319	3.850	-0.774	-3.285
Bvulgatus_CL09T03C04	HMPREF1058_RS10285	HMPREF1058_RS10285		hypothetical protein	-0.530	-0.490	-1.283	-0.177	-1.591	-1.489	-0.889	-1.510	0.720	-0.481	-1.828	-1.378	-0.353	-0.527	-1.196	-0.706	-1.529	-2.541	0.081	-0.002	-0.687	-0.963
Bvulgatus_CL09T03C04	HMPREF1058_RS10290	HMPREF1058_RS10290		hypothetical protein	-0.806	-1.633	-3.473	-4.379	-3.956	-2.268	-1.292	-1.944	1.304	0.904	-4.306	-4.009	-0.870	-1.624	-4.268	-4.114	-0.882	-2.925	0.244	-0.928	-1.263	-3.345
Bvulgatus_CL09T03C04	HMPREF1058_RS10295	HMPREF1058_RS10295		hypothetical protein	1.203	0.275	-0.962	-0.178	-3.443	-2.893	0.031	1.066	5.036	4.163	-1.682	-0.623	-0.024	-0.421	-3.185	-2.311	-1.172	-2.516	1.530	5.293	-0.876	-0.949
Bvulgatus_CL09T03C04	HMPREF1058_RS10305	HMPREF1058_RS10305		hypothetical protein	-1.313	0.598	-0.732	0.515	-1.613	-0.578	-0.085	-0.464	-0.152	-1.460	-0.127	-1.635	0.526	-0.248	-0.424	-0.254	-0.235	-0.193	-0.021	-0.435	-0.706	-0.058
Bvulgatus_CL09T03C04	HMPREF1058_RS10310	HMPREF1058_RS10310		hypothetical protein	-0.581	0.514	-0.713	-1.416	-1.002	-2.511	-0.589	0.125	-0.126	-2.368	0.029	-0.092	-0.019	0.583	-0.825	-0.764	0.250	-1.315	-1.598	0.055	-2.455	-0.607
Bvulgatus_CL09T03C04	HMPREF1058_RS10315	HMPREF1058_RS10315		sigma-70 family RNA polymerase sigma factor	1.559	-0.607	-0.760	-1.316	-1.869	-1.807	-0.978	0.937	0.101	-0.526	-1.605	-1.956	0.418	-0.021	-0.148	-0.850	-0.745	0.283	-1.495	0.277	-0.241	-0.099
Bvulgatus_CL09T03C04	HMPREF1058_RS10325	HMPREF1058_RS10325		hypothetical protein	-0.220	-0.413	-0.132	-2.885	0.137	-0.289	-1.069	0.945	0.278	1.013	-0.447	-1.040	-0.802	1.294	-1.590	0.694	0.352	-0.564	0.890	0.240	0.232	0.669
Bvulgatus_CL09T03C04	HMPREF1058_RS10330	HMPREF1058_RS10330		hypothetical protein	-0.347	0.240	0.067	1.209	0.515	-0.190	0.313	-1.135	-1.678	0.374	-0.531	0.489	-0.648	-0.401	0.303	0.319	-0.773	-0.522	-0.912	-2.867	0.478	-0.759
Bvulgatus_CL09T03C04	HMPREF1058_RS10335	HMPREF1058_RS10335		hypothetical protein	-1.286	-0.543	-1.076	-1.654	0.014	-2.256	-2.465	-2.321	-0.638	-1.712	-1.253	-0.853	-1.179	-2.146	-2.111	-0.005	0.805	0.287	-1.595	-1.929	-2.012	-0.858
Bvulgatus_CL09T03C04	HMPREF1058_RS10340	HMPREF1058_RS10340		hypothetical protein	-0.764	-0.684	0.506	1.424	-1.494	-0.437	-0.878	-0.515	-2.060	-1.333	-0.767	-0.950	-1.072	-0.814	-0.790	-1.821	-0.111	-0.026	-0.776	-1.753	-1.127	-1.081
Bvulgatus_CL09T03C04	HMPREF1058_RS10345	HMPREF1058_RS10345		hypothetical protein	-1.065	-1.748	-1.373	-1.309	-1.079	-1.699	-2.575	-1.888	-0.423	-2.175	-1.596	-2.041	-1.610	-2.893	-0.558	-1.512	0.037	0.209	-1.165	-1.674	-2.495	-2.101
Bvulgatus_CL09T03C04	HMPREF1058_RS10355	HMPREF1058_RS10355		hypothetical protein	-0.577	-0.562	0.721	1.324	0.309	-0.282	-0.650	-0.727	-1.058	-0.090	-0.664	-0.988	-0.432	-1.893	0.462	0.374	-0.489	-0.516	0.078	-0.689	-0.785	-0.947
Bvulgatus_CL09T03C04	HMPREF1058_RS10360	HMPREF1058_RS10360		hypothetical protein	0.199	-1.401	-0.306	-1.320	-0.567	-0.396	-2.060	-1.909	-0.109	0.860	-0.548	-0.429	-3.086	0.900	-0.183	-1.102	-1.826	-0.418	-0.232	-0.446	-0.914	-3.368
Bvulgatus_CL09T03C04	HMPREF1058_RS10365	HMPREF1058_RS10365		hypothetical protein	-1.073	-1.075	-1.515	-0.631	-0.630	-0.931	-0.626	-1.651	-1.178	-1.291	-0.151	-0.751	-0.995	-0.442	-0.538	-0.378	-0.090	-1.530	-0.882	-1.645	-1.368	-1.146
Bvulgatus_CL09T03C04	HMPREF1058_RS10370	HMPREF1058_RS10370		hypothetical protein	-0.280	1.214	-2.687	0.247	-0.852	-1.889	-0.218	-0.931	-0.819	-0.998	-1.368	-2.040	-0.394	-0.177	0.258	0.005	-1.158	-2.273	-2.220	-1.227	0.830	-0.015
Bvulgatus_CL09T03C04	HMPREF1058_RS10375	HMPREF1058_RS10375		hypothetical protein	0.134	0.275	1.102	1.352	-1.608	-0.604	-2.310	-1.783	-0.605	-0.210	-0.287	-1.327	-0.160	-0.886	0.066	0.370	-0.283	0.744	-1.259	0.031	-1.587	-0.380
Bvulgatus_CL09T03C04	HMPREF1058_RS10380	HMPREF1058_RS10380		hypothetical protein	-2.320	-2.497	-2.503	0.100	-0.714	-0.340	-2.602	-2.185	-0.660	-1.030	-0.552	-2.125	-2.352	-0.834	0.161	-0.463	1.573	0.100	-0.690	-0.594	-1.981	-0.743
Bvulgatus_CL09T03C04	HMPREF1058_RS10385	HMPREF1058_RS10385		tape measure protein	-0.046	-1.050	-1.865	-0.344	-0.593	-0.601	-0.732	-1.787	0.211	-0.217	-0.357	-1.090	-0.974	-0.812	-0.277	-0.151	0.435	0.896	-0.951	-0.022	-1.482	-0.778
Bvulgatus_CL09T03C04	HMPREF1058_RS10390	HMPREF1058_RS10390		hypothetical protein	-3.892	-3.589	-1.988	-0.596	-0.947	-1.698	-3.377	-2.822	-1.610	-2.072	-2.512	-2.687	-3.757	-3.312	-0.490	-0.967	0.419	0.118	-2.666	-2.754	-3.022	-1.632
Bvulgatus_CL09T03C04	HMPREF1058_RS10395	HMPREF1058_RS10395		hypothetical protein	-1.859	-1.492	-1.904	0.214	0.457	-0.591	-1.129	-0.501	-0.059	0.394	0.335	-1.322	-1.303	-1.895	-1.547	1.024	0.442	0.778	-0.066	-1.373	-0.777	0.030
Bvulgatus_CL09T03C04	HMPREF1058_RS10400	HMPREF1058_RS10400		hypothetical protein	-1.955	-1.666	1.729	0.590	-1.459	-1.938	-2.229	-1.729	-1.171	-0.790	-1.306	-2.284	-2.263	-2.778	-0.157	0.586	0.098	-0.041	-0.658	-1.203	-1.054	-2.165
Bvulgatus_CL09T03C04	HMPREF1058_RS10405	HMPREF1058_RS10405		hypothetical protein	-1.202	-0.802	-0.544	1.023	-0.651	0.418	-1.906	-1.572	-1.745	-1.214	-1.600	-1.281	-1.218	-1.349	-0.468	-0.680	-0.334	0.008	-1.170	-1.102	-0.950	-2.263
Bvulgatus_CL09T03C04	HMPREF1058_RS10410	HMPREF1058_RS10410		reverse transcriptase	-1.664	-0.798	0.163	0.440	-0.091	-1.320	-1.483	-2.531	-1.976	-1.394	-1.508	-0.947	-1.266	-0.774	-1.870	1.241	0.143	0.162	-1.057	-1.164	-0.744	-0.974
Bvulgatus_CL09T03C04	HMPREF1058_RS10415	HMPREF1058_RS10415		hypothetical protein	1.609	0.598	0.194	-0.182	0.346	0.092	-0.437	-0.963	-0.592	-0.404	-0.214	-0.148	-0.400	-0.332	-0.647	0.049	-0.548	0.949	-1.072	-1.227	0.144	0.895
Bvulgatus_CL09T03C04	HMPREF1058_RS10420	HMPREF1058_RS10420		hypothetical protein	-0.262	-0.695	0.578	-0.523	0.743	-0.754	-1.045	-0.795	-2.089	-1.534	-0.640	-0.369	0.013	0.385	-0.166	-1.919	0.232	-0.443	-1.066	-1.325	-1.327	-0.267
Bvulgatus_CL09T03C04	HMPREF1058_RS10425	HMPREF1058_RS10425		hypothetical protein	0.678	0.604	0.483	0.527	0.229	0.620	0.022	0.662	1.085	0.844	0.154	0.659	0.132	-0.403	0.171	-0.253	0.393	0.099	0.419	0.270	0.335	-0.460
Bvulgatus_CL09T03C04	HMPREF1058_RS10435	HMPREF1058_RS10435		hypothetical protein	-1.735	-1.837	0.131	-0.826	-1.720	-1.086	-2.097	-2.811	-2.290	-1.575	-1.866	-1.769	-1.446	-3.117	-1.395	-1.757	1.125	-0.961	-2.991	-1.492	-1.322	-2.068
Bvulgatus_CL09T03C04	HMPREF1058_RS10440	HMPREF1058_RS10440		hypothetical protein	-0.858	-1.101	-2.509	-0.440	-0.486	-0.538	-0.437	-1.940	-0.596	-1.019	-0.591	-0.898	-0.386	-1.200	-0.499	-0.847	0.259	-0.234	-1.613	-1.099	-0.721	-0.883
Bvulgatus_CL09T03C04	HMPREF1058_RS10445	HMPREF1058_RS10445		N-acetylmuramoyl-L-alanine amidase	1.495	0.356	-1.891	-1.821	0.799	1.480	-1.031	-0.369	-0.529	0.391	0.423	0.680	0.971	0.024	-0.791	-0.452	-0.712	0.485	0.209	-0.829	0.499	-0.762
Bvulgatus_CL09T03C04	HMPREF1058_RS10450	HMPREF1058_RS10450		hypothetical protein	0.886	0.687	0.142	0.115	1.095	0.551	1.557	1.369	1.111	0.589	1.396	0.597	1.270	1.806	1.929	0.789	1.431	0.604	1.092	1.483	1.372	1.698
Bvulgatus_CL09T03C04	HMPREF1058_RS10455	HMPREF1058_RS10455		glycine C-acetyltransferase	0.800	2.153	1.437	1.049	0.330	1.048	1.204	0.210	0.703	2.318	0.554	1.526	1.117	1.158	-0.401	-0.657	0.666	0.471	1.245	0.810	1.419	1.803
Bvulgatus_CL09T03C04	HMPREF1058_RS10460	HMPREF1058_RS10460		NAD-dependent epimerase/dehydratase family protein	1.905	1.304	0.779	0.763	0.218	0.448	0.957	1.498	1.390	1.138	0.596	1.475	2.697	0.701	1.353	0.537	0.195	-0.186	2.216	1.566	2.884	1.113
Bvulgatus_CL09T03C04	HMPREF1058_RS10465	HMPREF1058_RS10465		sugar kinase	-1.014	0.240	1.319	0.593	-0.292	0.066	0.031	-0.345	-0.141	-0.469	-1.347	-1.130	-0.448	-0.289	-0.426	-1.544	-1.184	-2.197	-1.102	-0.777	-1.174	-0.006
Bvulgatus_CL09T03C04	HMPREF1058_RS10480	HMPREF1058_RS10480		M3 family metallopeptidase	-0.827	-0.392	-1.649	-0.568	0.650	1.311	-0.234	0.185	0.629	1.039	0.225	0.683	-1.181	-1.015	0.691	0.488	-0.041	0.567	-0.638	0.585	0.446	1.236
Bvulgatus_CL09T03C04	HMPREF1058_RS10485	HMPREF1058_RS10485		endonuclease/exonuclease/phosphatase family protein	-2.107	-1.422	0.364	-0.387	0.173	-0.346	-1.008	-0.605	-1.092	-2.496	-1.119	-0.898	-2.290	-3.051	-0.334	0.149	0.098	1.053	-4.434	-2.138	-0.878	-0.378
Bvulgatus_CL09T03C04	HMPREF1058_RS10490	HMPREF1058_RS10490		rhomboid family intramembrane serine protease	-0.925	-1.604	-1.392	-0.907	-1.338	-3.400	-0.609	-0.929	-0.533	-0.038	0.042	-1.529	-1.984	-1.646	-2.907	-1.967	-0.247	-0.122	-2.433	-1.812	-0.702	-1.296
Bvulgatus_CL09T03C04	HMPREF1058_RS10495	HMPREF1058_RS10495		rhomboid family intramembrane serine protease	-1.881	-1.872	-1.025	-0.141	-1.928	-2.366	-2.210	-2.400	-0.971	-1.683	-2.663	-0.867	-1.989	-2.124	-2.690	-1.934	-1.395	-1.940	-2.508	-2.005	-2.376	-1.582
Bvulgatus_CL09T03C04	HMPREF1058_RS10500	HMPREF1058_RS10500		HU family DNA-binding protein	1.914	3.813	-0.414	1.958	-1.721	-0.153	1.527	1.846	2.350	3.714	0.721	1.725	4.008	2.411	1.028	0.349	-1.376	-0.412	3.132	3.175	3.117	1.637
Bvulgatus_CL09T03C04	HMPREF1058_RS10505	HMPREF1058_RS10505		DUF4981 domain-containing protein	-0.747	-1.212	0.942	0.650	0.303	-0.978	0.989	-0.254	0.835	0.124	0.727	0.694	-0.941	-1.295	0.354	0.393	0.887	0.212	-0.541	-0.608	0.243	1.120
Bvulgatus_CL09T03C04	HMPREF1058_RS10510	HMPREF1058_RS10510		virulence RhuM family protein	-0.099	0.287	0.324	-0.560	-0.679	2.250	2.113	0.388	2.210	1.267	-0.458	1.392	-0.065	1.037	-1.019	0.657	0.048	0.175	1.364	0.285	-0.949	0.883
Bvulgatus_CL09T03C04	HMPREF1058_RS10515	HMPREF1058_RS10515		tRNA 2-thiouridine(34) synthase MnmA	0.914	0.014	1.078	-0.353	1.300	1.584	1.006	-1.204	-0.209	-1.628	1.295	1.256	-1.948	-0.208	0.280	1.958	-0.363	0.766	-1.270	-0.924	2.462	0.596
Bvulgatus_CL09T03C04	HMPREF1058_RS10520	HMPREF1058_RS10520		arylsulfatase	-0.142	-1.745	0.898	-0.874	-0.650	-0.510	-0.407	-0.690	-1.040	-1.037	0.988	0.692	-0.418	-0.454	0.190	0.200	-0.660	-1.265	-1.083	-0.079	-0.353	0.631
Bvulgatus_CL09T03C04	HMPREF1058_RS10525	HMPREF1058_RS10525		carbohydrate binding domain-containing protein	0.459	0.323	-2.083	-4.119	0.964	-0.616	0.760	1.087	0.975	0.058	0.708	-0.018	0.018	-0.626	1.067	0.815	0.340	-0.266	0.619	-0.117	0.142	-0.353
Bvulgatus_CL09T03C04	HMPREF1058_RS10530	HMPREF1058_RS10530		arabinan endo-1,5-alpha-L-arabinosidase	0.982	0.256	-2.498	-2.242	1.038	0.136	0.003	-0.174	0.392	-0.387	0.134	0.752	1.792	-0.646	-0.266	-0.872	-1.298	0.023	0.916	0.215	-0.066	-0.064
Bvulgatus_CL09T03C04	HMPREF1058_RS10535	HMPREF1058_RS10535		response regulator	0.035	0.560	0.773	1.644	-0.149	0.267	0.529	0.386	-0.273	-0.078	0.521	-0.023	0.107	-0.912	0.536	0.015	0.868	-0.250	0.036	0.368	0.981	0.703
Bvulgatus_CL09T03C04	HMPREF1058_RS10540	HMPREF1058_RS10540		glycoside hydrolase family 97 protein	-0.881	-1.364	-11.739	-10.163	0.472	0.386	-0.427	-0.948	-0.008	1.202	0.321	-0.246	0.136	-0.372	-0.159	-0.331	-0.249	-0.589	-0.690	-0.781	-0.918	-0.107
Bvulgatus_CL09T03C04	HMPREF1058_RS10545	HMPREF1058_RS10545		TonB-dependent receptor	0.469	0.937	1.163	1.131	1.067	0.393	1.368	1.250	0.961	1.528	0.596	0.627	0.029	-0.975	0.375	0.473	-0.010	-0.391	0.958	0.628	0.785	0.483
Bvulgatus_CL09T03C04	HMPREF1058_RS10550	HMPREF1058_RS10550		RagB/SusD family nutrient uptake outer membrane protein	0.024	-0.215	1.108	0.903	-0.950	-0.825	0.416	0.807	1.565	-1.179	-0.628	0.630	-1.492	-1.126	-1.146	0.292	-0.084	-0.634	-0.101	0.899	-1.134	0.637
Bvulgatus_CL09T03C04	HMPREF1058_RS10555	HMPREF1058_RS10555		bacterial Ig-like domain-containing protein	-0.180	0.243	-0.462	0.447	-0.536	1.078	-0.105	0.165	1.076	0.712	-0.286	0.100	-0.283	-1.383	1.337	-0.109	0.503	-0.781	0.297	-0.547	-1.083	-0.478
Bvulgatus_CL09T03C04	HMPREF1058_RS10560	HMPREF1058_RS10560		arabinan endo-1,5-alpha-L-arabinosidase	0.552	-0.488	-0.474	-0.638	0.533	0.129	-0.382	0.335	0.535	0.102	0.414	0.597	0.840	-0.168	0.715	0.531	-0.344	-0.311	-0.466	-0.081	-0.475	-0.649
Bvulgatus_CL09T03C04	HMPREF1058_RS10570	HMPREF1058_RS10570		aromatic amino acid lyase	-1.210	-1.385	0.827	0.114	-0.086	-0.665	-1.263	-0.424	-1.117	0.069	0.090	-0.361	-2.253	-2.641	-1.345	-1.678	-1.484	-0.562	-0.073	-0.445	-1.149	-0.477
Bvulgatus_CL09T03C04	HMPREF1058_RS10575	HMPREF1058_RS10575		3-oxoacyl-ACP reductase FabG	0.122	-0.352	-0.932	0.704	0.648	-0.278	1.086	0.874	0.091	0.887	0.060	0.705	1.586	0.392	-0.942	-1.737	-0.105	0.901	0.322	0.395	0.925	-0.059
Bvulgatus_CL09T03C04	HMPREF1058_RS10580	HMPREF1058_RS10580		beta-ketoacyl-[acyl-carrier-protein] synthase family protein	-0.876	-0.307	-0.289	0.183	0.210	0.822	0.155	-0.275	-0.769	0.775	0.461	0.901	0.281	-0.779	1.040	-0.823	0.979	0.216	0.961	0.530	1.011	0.184
Bvulgatus_CL09T03C04	HMPREF1058_RS10585	HMPREF1058_RS10585		acyl carrier protein	-0.760	0.338	0.678	-0.694	1.484	-0.062	0.128	-0.367	1.657	-2.647	0.300	-1.185	1.125	0.349	0.225	-0.065	1.634	-0.117	-0.757	-0.034	-0.347	-0.944
Bvulgatus_CL09T03C04	HMPREF1058_RS10590	HMPREF1058_RS10590		acyltransferase	0.387	-0.494	-0.390	-1.189	-0.688	0.261	-0.514	-0.491	-0.094	1.675	-1.072	-0.786	-0.275	-1.515	-0.889	-0.678	-0.560	-3.536	-0.153	1.267	0.310	-0.269
Bvulgatus_CL09T03C04	HMPREF1058_RS10595	HMPREF1058_RS10595		methyltransferase domain-containing protein	-0.303	-0.449	0.582	0.835	-0.170	0.240	-0.857	-0.288	-0.541	-1.210	-0.496	-0.137	-0.212	-0.161	-0.138	-0.816	-0.368	-0.863	-0.364	-0.066	0.307	0.856
Bvulgatus_CL09T03C04	HMPREF1058_RS10600	HMPREF1058_RS10600		hydroxymyristoyl-ACP dehydratase	-0.710	-0.259	1.718	1.167	3.130	0.901	0.321	0.085	0.025	0.778	0.451	-0.147	-0.043	0.088	-0.222	-0.509	-0.540	0.666	1.080	1.133	0.742	-0.192
Bvulgatus_CL09T03C04	HMPREF1058_RS10605	HMPREF1058_RS10605		acyl-CoA thioesterase	-0.546	-1.454	-0.029	-1.022	-0.391	0.836	-0.189	1.129	-0.894	-0.608	-0.945	-0.072	-0.774	0.264	-1.542	-1.344	-0.028	-0.273	-0.862	-1.136	0.601	-0.237
Bvulgatus_CL09T03C04	HMPREF1058_RS10610	HMPREF1058_RS10610		beta-ACP synthase	-1.369	-1.342	0.087	-0.397	0.099	-0.468	-0.118	-0.349	-0.059	0.320	-0.258	-0.411	0.115	0.022	-0.315	-1.206	-0.404	-0.725	-0.134	0.188	-0.606	-1.031
Bvulgatus_CL09T03C04	HMPREF1058_RS10615	HMPREF1058_RS10615		acyl carrier protein	0.635	0.452	-0.910	-0.145	-0.210	0.270	1.099	0.410	-0.484	-0.889	0.851	2.371	0.324	0.569	-0.418	1.061	0.051	0.765	-0.470	0.127	-0.348	1.246
Bvulgatus_CL09T03C04	HMPREF1058_RS10620	HMPREF1058_RS10620		beta-ketoacyl-[acyl-carrier-protein] synthase family protein	0.856	0.115	0.851	1.422	0.077	-0.353	0.259	-0.218	0.487	1.510	0.393	1.117	0.077	-0.001	0.597	-0.706	-0.959	0.092	0.184	0.641	0.907	1.359
Bvulgatus_CL09T03C04	HMPREF1058_RS10625	HMPREF1058_RS10625		beta-ketoacyl synthase chain length factor	0.163	-0.669	1.343	0.880	1.547	0.565	0.434	-0.145	-0.484	0.219	0.508	1.037	1.663	0.343	0.899	0.587	0.730	0.971	0.513	-0.829	1.122	0.998
Bvulgatus_CL09T03C04	HMPREF1058_RS10630	HMPREF1058_RS10630		KilA-N domain-containing protein	1.020	0.685	1.864	2.082	1.392	2.882	-0.174	1.123	0.639	1.206	0.375	0.537	0.445	0.519	-0.065	0.709	1.200	0.171	-0.386	-1.123	0.137	1.477
Bvulgatus_CL09T03C04	HMPREF1058_RS10635	HMPREF1058_RS10635		polysaccharide deacetylase family protein	-0.717	1.569	0.502	-0.667	1.145	2.288	-0.114	-0.183	-1.906	-0.501	-0.236	0.868	0.087	-1.253	1.121	1.917	0.919	0.855	-1.538	-3.328	-0.751	-0.248
Bvulgatus_CL09T03C04	HMPREF1058_RS10640	HMPREF1058_RS10640		outer membrane lipoprotein carrier protein LolA	-2.106	-0.448	-0.061	-2.072	-0.946	1.104	-1.070	-1.835	-1.983	-2.665	-1.005	-0.429	-1.571	-3.074	-1.074	0.758	-1.446	-2.104	-1.861	-4.233	-0.239	-1.370
Bvulgatus_CL09T03C04	HMPREF1058_RS10645	HMPREF1058_RS10645		ATP-binding protein	-0.511	-0.222	-0.029	1.144	1.475	0.692	0.106	-0.819	0.700	0.684	0.466	-0.798	-0.958	-0.227	0.545	0.322	-0.080	0.385	0.429	0.228	-0.261	-0.329
Bvulgatus_CL09T03C04	HMPREF1058_RS10650	HMPREF1058_RS10650		hypothetical protein	0.603	-1.390	0.961	0.927	1.246	0.453	-3.104	-2.755	-0.982	-2.424	-0.901	0.039	-2.132	-1.236	0.299	0.708	0.849	0.244	-2.734	-1.665	0.141	-1.456
Bvulgatus_CL09T03C04	HMPREF1058_RS10655	HMPREF1058_RS10655		hydroxymyristoyl-ACP dehydratase	0.211	-2.057	0.790	0.431	-0.477	-0.314	-0.022	0.016	0.546	1.067	0.903	0.798	-1.250	0.009	0.831	-1.059	-0.084	-1.076	0.321	0.594	0.791	-1.010
Bvulgatus_CL09T03C04	HMPREF1058_RS10660	HMPREF1058_RS10660		DUF1573 domain-containing protein	-0.901	0.483	-0.368	-0.775	-0.401	-0.032	1.216	-0.021	0.689	-0.517	-0.166	0.826	-0.353	0.084	-0.523	0.097	0.989	0.771	0.422	0.344	0.494	-0.679
Bvulgatus_CL09T03C04	HMPREF1058_RS10665	HMPREF1058_RS10665		hypothetical protein	1.111	-0.228	-0.039	-0.458	1.528	-0.442	1.590	0.957	0.085	1.765	0.315	0.437	0.754	0.561	0.909	-0.146	1.163	0.718	1.022	0.412	0.904	1.686
Bvulgatus_CL09T03C04	HMPREF1058_RS10670	HMPREF1058_RS10670		DUF4221 family protein	0.363	1.110	-1.371	0.364	1.179	0.015	1.609	0.394	1.420	1.682	0.539	0.273	-0.216	0.946	0.247	0.452	0.322	1.545	1.085	0.710	-0.168	1.094
Bvulgatus_CL09T03C04	HMPREF1058_RS10675	HMPREF1058_RS10675		DUF4221 family protein	1.291	1.187	-1.526	-0.556	-0.855	-0.456	0.886	-1.337	-0.579	0.927	0.377	-0.066	-0.131	-1.222	0.648	0.193	-1.435	-1.044	-0.055	-1.167	0.395	-0.731
Bvulgatus_CL09T03C04	HMPREF1058_RS10680	HMPREF1058_RS10680		NAD(P)/FAD-dependent oxidoreductase	0.644	-1.325	0.937	2.166	-0.211	-1.088	-0.503	0.144	-1.115	-0.310	0.164	0.836	-0.763	0.020	-0.258	-1.157	0.492	-0.050	-0.032	-1.460	-0.160	0.238
Bvulgatus_CL09T03C04	HMPREF1058_RS10685	HMPREF1058_RS10685		choloylglycine hydrolase	0.236	-1.152	-1.439	-1.446	0.828	-1.228	0.075	-1.006	-0.064	0.849	-1.106	-0.574	0.591	-0.581	0.705	-1.030	-0.299	-0.331	-1.348	0.299	0.202	0.008
Bvulgatus_CL09T03C04	HMPREF1058_RS10690	HMPREF1058_RS10690		AMP-binding protein	0.296	0.806	0.895	0.041	0.890	0.213	-0.513	0.212	-0.629	0.482	0.637	-0.214	1.065	-1.198	-0.917	-0.804	0.748	0.610	0.844	-0.406	1.432	1.667
Bvulgatus_CL09T03C04	HMPREF1058_RS10695	HMPREF1058_RS10695		hypothetical protein	0.097	-0.795	-0.987	-1.125	-0.289	0.200	0.049	0.323	-0.313	1.325	-0.084	-0.677	-1.078	-0.982	-2.110	-0.509	-0.252	-1.018	-1.076	-0.099	-0.139	-0.013
Bvulgatus_CL09T03C04	HMPREF1058_RS10700	HMPREF1058_RS10700		PAS domain-containing protein	0.654	0.802	0.476	0.793	0.377	-0.325	1.015	-0.504	-0.267	1.489	0.356	0.215	0.614	-0.696	0.682	0.821	0.254	-0.584	0.412	-0.354	-0.324	-0.151
Bvulgatus_CL09T03C04	HMPREF1058_RS10705	HMPREF1058_RS10705		hypothetical protein	0.130	0.400	-1.615	-2.385	1.486	0.462	0.274	-0.098	-0.273	0.826	1.098	0.921	0.840	0.261	0.131	-0.772	-0.284	0.727	0.816	-0.185	0.511	1.116
Bvulgatus_CL09T03C04	HMPREF1058_RS10710	HMPREF1058_RS10710		DUF3108 domain-containing protein	3.356	2.995	-5.475	-3.368	-11.187	-13.829	2.518	0.857	7.911	8.298	-0.426	-0.648	-0.387	-0.986	0.856	0.355	3.060	1.664	7.366	4.755	-1.060	0.177
Bvulgatus_CL09T03C04	HMPREF1058_RS10720	HMPREF1058_RS10720		GH3 auxin-responsive promoter family protein	-5.599	-5.581	-2.838	-3.566	-4.193	-2.837	-6.388	-6.331	-4.455	-5.238	-5.964	-6.051	-5.449	-6.160	-6.421	-5.672	-4.888	-5.386	-6.022	-5.603	-4.124	-5.964
Bvulgatus_CL09T03C04	HMPREF1058_RS10725	HMPREF1058_RS10725		6-phosphofructokinase	-1.212	-2.169	-2.872	-4.428	-2.894	-3.400	-1.223	-1.700	-1.018	-1.297	-2.137	-2.588	-4.018	-5.264	-1.575	0.767	-1.347	-0.507	-1.441	-3.707	-2.457	-1.516
Bvulgatus_CL09T03C04	HMPREF1058_RS10730	HMPREF1058_RS10730		response regulator	0.546	0.055	1.461	1.197	1.073	0.652	0.550	0.582	0.146	0.031	0.955	0.551	0.747	-0.005	0.554	0.525	0.555	0.262	0.119	0.691	0.467	1.066
Bvulgatus_CL09T03C04	HMPREF1058_RS10735	HMPREF1058_RS10735		TonB-dependent receptor	-0.189	0.574	0.823	1.950	0.205	0.881	-0.541	0.720	0.284	0.213	0.200	0.293	0.685	0.491	-0.580	-0.683	0.513	-0.284	-0.442	0.421	0.069	-0.030
Bvulgatus_CL09T03C04	HMPREF1058_RS10740	HMPREF1058_RS10740		RagB/SusD family nutrient uptake outer membrane protein	-0.142	-0.260	-0.184	0.175	0.434	-0.786	0.237	0.672	0.752	0.707	0.287	0.695	-0.407	0.389	-0.195	-0.061	-0.098	0.262	0.366	0.276	0.676	1.104
Bvulgatus_CL09T03C04	HMPREF1058_RS10745	HMPREF1058_RS10745		sulfatase	0.121	-0.536	-0.470	-1.582	-0.145	0.271	-0.207	-0.265	-0.713	-0.189	0.001	-0.007	1.003	-0.639	1.070	-0.398	0.029	-0.100	0.363	-1.026	0.216	-0.127
Bvulgatus_CL09T03C04	HMPREF1058_RS10750	HMPREF1058_RS10750		alpha-L-fucosidase	-1.290	0.410	-0.170	0.543	-1.063	-1.661	0.237	-0.773	-0.192	0.968	-1.461	-0.183	1.300	-1.454	0.038	-0.685	0.023	-0.917	-0.069	-0.675	-0.068	0.441
Bvulgatus_CL09T03C04	HMPREF1058_RS10755	HMPREF1058_RS10755		alpha-galactosidase	-0.892	-0.293	0.473	0.118	-0.206	0.540	-1.074	0.076	0.431	0.481	0.159	0.586	1.118	-0.523	0.001	0.306	0.321	0.184	0.290	-0.205	0.676	-0.027
Bvulgatus_CL09T03C04	HMPREF1058_RS10760	HMPREF1058_RS10760		sulfatase	-0.574	0.097	-0.003	0.186	-0.297	-0.282	-0.161	0.111	0.404	-0.300	-1.192	0.162	-0.465	-1.066	-0.529	0.045	-0.688	-0.475	0.014	-0.288	-0.557	0.091
Bvulgatus_CL09T03C04	HMPREF1058_RS10765	HMPREF1058_RS10765		ribonuclease III	-3.143	-3.111	2.703	2.986	5.833	8.697	-0.707	-0.799	-1.523	-2.740	-1.124	-0.168	-3.090	-5.231	6.921	2.502	0.163	0.999	-0.659	-4.809	1.063	-0.517
Bvulgatus_CL09T03C04	HMPREF1058_RS10780	HMPREF1058_RS10780		phosphoribosylglycinamide formyltransferase	1.209	0.717	-0.054	0.584	-1.626	-0.886	1.122	0.050	-0.127	-1.236	-0.529	-0.252	-0.210	0.248	0.168	0.828	-0.703	-0.641	-0.602	-0.879	2.480	0.724
Bvulgatus_CL09T03C04	HMPREF1058_RS10785	HMPREF1058_RS10785		RNA polymerase sigma-70 factor	0.676	0.254	0.309	0.132	-1.417	-1.868	-0.636	-0.459	-3.255	-0.275	-1.356	-1.275	0.720	-2.079	-0.033	-1.637	-0.063	-0.309	-1.220	-2.162	-0.296	-0.787
Bvulgatus_CL09T03C04	HMPREF1058_RS10790	HMPREF1058_RS10790		SusC/RagA family TonB-linked outer membrane protein	1.040	2.214	0.356	1.532	0.836	0.728	0.144	0.614	3.022	2.717	-0.039	1.017	1.291	0.364	0.996	1.485	-1.161	0.266	1.386	1.209	-0.206	0.257
Bvulgatus_CL09T03C04	HMPREF1058_RS10795	HMPREF1058_RS10795		SusD/RagB family nutrient-binding outer membrane lipoprotein	-0.277	0.152	0.016	-0.137	0.562	-0.267	-2.070	-0.574	0.681	0.435	-0.538	-0.439	-0.839	-1.188	-0.049	-0.457	-0.377	-0.162	-0.445	0.112	-1.668	-0.029
Bvulgatus_CL09T03C04	HMPREF1058_RS10800	HMPREF1058_RS10800		RNA polymerase sigma-70 factor	-0.130	-0.026	0.630	-2.366	1.097	1.232	0.525	-0.161	0.390	1.043	-0.323	-0.187	0.720	1.061	-0.627	-0.655	-0.443	0.905	-0.008	0.173	0.002	0.068
Bvulgatus_CL09T03C04	HMPREF1058_RS10805	HMPREF1058_RS10805		FecR family protein	-1.867	-0.919	0.757	0.725	-1.494	-1.839	-1.475	-1.638	-1.551	-1.906	-1.465	-0.774	-0.238	-1.239	-1.318	-2.092	-0.737	-2.402	-4.383	-2.684	-2.434	-1.884
Bvulgatus_CL09T03C04	HMPREF1058_RS10810	HMPREF1058_RS10810		TonB-dependent receptor	-1.987	-1.691	-0.075	-0.325	-0.616	-0.255	-1.248	-0.718	-1.464	-0.603	-0.379	-0.441	-1.379	-1.313	-0.912	-1.118	-0.268	0.587	-1.891	-1.937	-0.290	-0.554
Bvulgatus_CL09T03C04	HMPREF1058_RS10815	HMPREF1058_RS10815		DUF4249 domain-containing protein	-2.136	-2.110	-0.120	0.135	0.452	0.548	-1.370	-1.218	-1.660	-1.591	-1.733	-1.066	0.521	-2.071	1.352	-0.798	-0.767	-0.352	-1.654	-1.479	0.330	-0.045
Bvulgatus_CL09T03C04	HMPREF1058_RS10820	HMPREF1058_RS10820		4-phosphoerythronate dehydrogenase PdxB	-14.488	-16.151	-15.201	-13.392	-17.430	-14.864	-20.553	-17.685	-13.877	-15.371	-16.527	-21.141	-17.440	-20.171	-16.132	-16.206	-1.717	-1.700	-17.440	-17.146	-17.381	-16.077
Bvulgatus_CL09T03C04	HMPREF1058_RS10825	HMPREF1058_RS10825		glycosyltransferase family 9 protein	-7.006	-4.770	-2.114	0.437	0.321	-0.660	-2.285	-1.840	0.674	0.793	-0.543	-0.354	-2.728	-4.627	1.029	0.546	-0.750	0.050	0.706	0.221	-0.083	-1.570
Bvulgatus_CL09T03C04	HMPREF1058_RS10835	HMPREF1058_RS10835		UDP-galactopyranose mutase	0.709	3.193	-6.838	-2.815	-6.884	-7.819	1.938	1.607	0.829	1.890	-2.250	-0.292	-5.380	-4.989	-4.404	-4.470	0.572	-0.531	-2.284	-0.389	-6.556	-4.076
Bvulgatus_CL09T03C04	HMPREF1058_RS10840	HMPREF1058_RS10840		hypothetical protein	-2.220	-0.149	-1.939	-1.771	-3.592	-3.186	-2.474	-3.522	-1.263	-2.500	-2.972	-2.862	-2.449	-2.689	-2.529	-3.456	0.579	-1.273	-2.031	-3.117	-2.317	-2.803
Bvulgatus_CL09T03C04	HMPREF1058_RS10850	HMPREF1058_RS10850		glycosyltransferase family 2 protein	4.009	5.988	-3.484	-2.198	-13.659	-9.987	2.208	2.460	4.357	4.082	-1.045	-0.276	-5.566	-5.230	-2.478	-3.033	2.302	1.685	4.222	3.925	-0.699	-1.613
Bvulgatus_CL09T03C04	HMPREF1058_RS10855	HMPREF1058_RS10855		glycosyltransferase family 2 protein	-3.028	-2.877	2.606	2.349	-1.660	-2.507	0.700	-0.802	1.128	1.085	0.037	0.473	-1.246	-1.270	-0.641	-0.992	0.752	1.140	0.840	1.939	1.265	0.813
Bvulgatus_CL09T03C04	HMPREF1058_RS10860	HMPREF1058_RS10860		glycosyltransferase family 8 protein	-3.296	-4.188	4.983	4.916	-1.792	-1.102	0.027	0.258	1.772	0.214	0.700	0.879	0.013	-0.688	3.474	1.182	2.045	1.208	0.114	1.386	2.195	0.002
Bvulgatus_CL09T03C04	HMPREF1058_RS10865	HMPREF1058_RS10865		hypothetical protein	-0.059	0.155	1.214	0.928	1.485	1.593	0.813	0.126	0.809	1.228	-0.138	0.479	1.036	0.282	-0.019	0.092	0.757	-0.316	0.426	0.835	0.145	1.034
Bvulgatus_CL09T03C04	HMPREF1058_RS10870	HMPREF1058_RS10870		hypothetical protein	0.797	-0.431	0.214	0.816	0.981	-0.389	-0.272	-0.052	-0.042	-0.521	0.507	-0.543	0.387	0.112	0.144	1.289	-0.426	-0.512	0.410	0.184	-0.663	0.711
Bvulgatus_CL09T03C04	HMPREF1058_RS10875	HMPREF1058_RS10875		glycosyltransferase	-2.912	-2.449	2.690	3.137	-3.232	-4.401	-1.026	-0.903	-1.840	0.205	0.447	-0.166	0.443	0.399	1.331	0.014	0.156	0.560	-0.674	-1.346	1.589	-0.030
Bvulgatus_CL09T03C04	HMPREF1058_RS10885	HMPREF1058_RS10885		glycosyltransferase	-2.263	-0.707	3.397	2.722	-2.015	-1.575	-0.060	-1.601	-0.308	-0.981	0.261	-0.131	-0.242	-0.556	2.761	0.198	1.131	1.210	-0.395	0.716	0.728	0.004
Bvulgatus_CL09T03C04	HMPREF1058_RS10890	HMPREF1058_RS10890		glycosyltransferase family 2 protein	-4.453	-3.936	2.281	2.552	-0.864	-0.079	-1.090	-0.273	-1.645	-0.982	0.288	-0.082	0.115	-0.783	3.201	0.213	0.838	1.345	-0.964	-0.425	1.579	0.850
Bvulgatus_CL09T03C04	HMPREF1058_RS10895	HMPREF1058_RS10895		LTA synthase family protein	1.813	1.977	-0.989	-0.846	-0.069	-0.558	1.031	0.764	3.060	2.887	-0.033	1.065	-3.063	-3.109	-0.065	-0.688	0.519	0.613	1.665	0.717	-0.394	0.816
Bvulgatus_CL09T03C04	HMPREF1058_RS10900	HMPREF1058_RS10900		glycosyltransferase	2.313	1.931	-2.216	-2.234	-3.340	-5.292	-0.428	0.482	0.845	1.473	-1.084	-1.254	-2.779	-4.545	-4.633	-2.598	1.482	0.423	0.494	0.146	-1.284	-0.806
Bvulgatus_CL09T03C04	HMPREF1058_RS10905	HMPREF1058_RS10905		GtrA family protein	-0.860	-3.850	1.529	1.086	0.006	-1.009	-1.375	-2.553	-2.178	-2.763	-1.635	-1.871	-3.532	-1.802	-0.857	1.206	1.727	0.400	-2.279	-1.421	-0.506	-1.618
Bvulgatus_CL09T03C04	HMPREF1058_RS10910	HMPREF1058_RS10910		glycosyltransferase family 39 protein	3.129	3.150	-1.816	-1.001	-3.633	-4.945	2.783	3.288	6.295	6.217	1.882	1.879	-2.249	-2.403	-0.924	-1.995	1.259	1.764	6.239	4.513	0.965	0.496
Bvulgatus_CL09T03C04	HMPREF1058_RS10915	HMPREF1058_RS10915		alkaline phosphatase family protein	3.035	3.264	0.538	0.325	-11.250	-11.721	1.571	1.687	1.973	2.920	0.875	0.122	-1.417	-2.594	-2.448	-4.083	-1.532	-1.319	2.598	2.492	0.356	1.201
Bvulgatus_CL09T03C04	HMPREF1058_RS10920	HMPREF1058_RS10920		viroplasmin family protein	-2.529	-3.144	-0.080	-0.784	-2.241	-3.131	-3.342	-4.154	-3.466	-3.577	-2.627	-4.174	-2.240	-4.050	-4.088	-2.657	-2.607	-3.465	-2.042	-1.482	-3.433	-3.779
Bvulgatus_CL09T03C04	HMPREF1058_RS10930	HMPREF1058_RS10930		TonB-dependent receptor	0.417	-0.143	0.663	-0.144	0.623	0.482	-0.260	-0.566	-0.046	0.121	-0.198	-0.336	0.292	0.415	0.327	0.208	-0.869	-0.341	-0.039	-0.413	0.427	0.202
Bvulgatus_CL09T03C04	HMPREF1058_RS10935	HMPREF1058_RS10935		RagB/SusD family nutrient uptake outer membrane protein	0.566	-0.217	-0.506	-1.439	-0.163	1.229	0.305	0.282	1.439	1.460	0.056	0.484	-0.266	0.391	0.801	0.867	0.132	0.787	0.973	1.098	1.155	0.388
Bvulgatus_CL09T03C04	HMPREF1058_RS10940	HMPREF1058_RS10940		U32 family peptidase	-12.554	-10.021	-2.520	-2.115	-1.098	-0.145	-7.387	-5.617	-7.247	-6.167	-2.222	-2.525	-10.013	-8.835	2.041	0.253	-0.686	-2.061	-8.198	-4.938	-5.512	-2.424
Bvulgatus_CL09T03C04	HMPREF1058_RS10945	HMPREF1058_RS10945		tRNA dihydrouridine synthase DusB	5.358	6.205	2.076	1.665	-0.549	-1.740	7.000	6.735	8.429	7.756	5.404	5.134	9.861	6.823	0.158	2.038	1.957	3.208	6.943	5.528	7.005	6.963
Bvulgatus_CL09T03C04	HMPREF1058_RS10950	HMPREF1058_RS10950		DUF2807 domain-containing protein	0.361	-0.665	0.141	0.785	0.584	-0.554	0.295	0.586	1.337	1.131	0.207	0.763	0.974	0.059	0.704	-0.134	0.300	0.104	-0.060	0.984	0.690	0.430
Bvulgatus_CL09T03C04	HMPREF1058_RS10955	HMPREF1058_RS10955		phosphatase PAP2 family protein	-7.861	-8.543	-6.817	-5.656	-7.719	-7.245	-9.059	-9.137	-7.988	-8.678	-9.089	-9.498	-8.724	-8.791	-8.118	-7.610	-2.073	-4.378	-8.959	-8.940	-7.695	-8.960
Bvulgatus_CL09T03C04	HMPREF1058_RS10965	HMPREF1058_RS10965		cation transporter	-2.623	-4.078	-0.862	-1.702	-2.255	0.322	-2.748	-2.883	-3.185	-2.031	-3.657	-3.081	-2.199	-4.398	-4.447	-0.757	-0.041	0.385	-3.961	-1.652	-4.706	-2.300
Bvulgatus_CL09T03C04	HMPREF1058_RS10970	HMPREF1058_RS10970		ribonuclease R	-4.470	-3.992	-6.269	-5.321	-6.247	-8.197	-6.993	-6.289	-4.857	-5.858	-9.179	-9.438	-7.064	-6.415	-4.633	-5.045	-4.186	-4.419	-3.943	-3.740	-8.694	-8.623
Bvulgatus_CL09T03C04	HMPREF1058_RS10975	HMPREF1058_RS10975		serine acetyltransferase	-0.333	0.883	1.332	1.492	-0.267	1.370	0.774	1.373	2.365	4.432	0.601	1.085	0.732	0.301	2.004	0.597	0.177	0.542	1.357	1.111	1.450	1.160
Bvulgatus_CL09T03C04	HMPREF1058_RS10980	HMPREF1058_RS10980		hypothetical protein	-1.613	-0.365	-1.624	-0.031	-0.521	0.626	-0.186	-1.836	-0.801	0.174	1.422	2.161	0.291	-0.027	0.579	0.508	-0.086	0.482	-0.691	0.393	-0.486	0.391
Bvulgatus_CL09T03C04	HMPREF1058_RS10985	HMPREF1058_RS10985		RNA methyltransferase	-2.744	-3.511	-0.297	-0.105	-1.569	-2.361	-1.320	-1.580	-0.591	0.902	-1.768	-2.190	0.222	-2.568	-0.677	-1.783	-0.643	-0.671	0.192	-1.855	-1.854	-1.550
Bvulgatus_CL09T03C04	HMPREF1058_RS10990	HMPREF1058_RS10990		S9 family peptidase	-5.477	-5.288	-4.200	-4.145	-4.089	-3.703	-4.754	-4.292	-4.055	-3.192	-4.933	-5.011	-5.120	-5.412	-3.898	-3.101	-1.605	-2.552	-3.959	-4.632	-4.736	-4.795
Bvulgatus_CL09T03C04	HMPREF1058_RS10995	HMPREF1058_RS10995		phosphoribosylamine--glycine ligase	-7.168	-3.912	-6.163	-5.790	-6.340	-6.293	-10.415	-9.156	-4.021	-7.475	-8.748	-9.743	-6.703	-7.759	-11.902	-9.380	-8.302	-10.090	-8.247	-8.417	-7.958	-9.302
Bvulgatus_CL09T03C04	HMPREF1058_RS11000	HMPREF1058_RS11000		hypothetical protein	3.897	2.560	-1.174	-1.923	-1.800	-0.523	1.525	0.242	6.329	4.840	0.777	-0.309	-0.568	2.225	-1.893	-2.462	0.895	-0.427	3.214	4.027	0.078	1.222
Bvulgatus_CL09T03C04	HMPREF1058_RS11005	HMPREF1058_RS11005		DedA family protein	-1.697	0.088	-1.483	-2.850	-1.679	-1.693	0.510	1.043	0.348	-0.104	-0.443	-0.107	-0.472	-0.505	-3.035	-2.119	-1.078	-0.598	-0.785	1.003	-1.032	-0.517
Bvulgatus_CL09T03C04	HMPREF1058_RS11010	HMPREF1058_RS11010		tRNA (5-methylaminomethyl-2-thiouridine)(34)-methyltransferase MnmD	-0.442	-1.523	-0.590	-1.675	-1.188	0.296	-0.718	-0.195	1.489	-1.438	-0.682	-0.560	-0.371	-0.580	-2.032	-0.840	-0.362	-0.297	0.490	0.630	-0.347	0.354
Bvulgatus_CL09T03C04	HMPREF1058_RS11015	HMPREF1058_RS11015		hypothetical protein	0.425	-0.056	2.028	1.988	2.524	2.483	-0.364	0.786	-0.473	-0.342	0.429	0.158	-0.700	-1.353	0.677	0.577	-0.640	-0.610	0.446	-0.783	-0.259	0.622
Bvulgatus_CL09T03C04	HMPREF1058_RS11020	HMPREF1058_RS11020		helix-turn-helix domain-containing protein	-2.563	-1.335	-1.170	-1.158	-0.629	-2.098	-1.997	-2.368	0.102	0.185	-0.724	-0.692	0.758	-2.152	-1.817	-0.208	0.033	-1.091	-0.447	0.245	-0.743	-1.230
Bvulgatus_CL09T03C04	HMPREF1058_RS11025	HMPREF1058_RS11025		zinc ABC transporter substrate-binding protein	0.159	0.583	-1.957	-1.393	1.312	1.027	0.501	0.464	-1.648	-0.182	0.147	1.133	2.514	1.640	0.857	0.962	0.917	0.807	-0.277	0.113	0.553	0.851
Bvulgatus_CL09T03C04	HMPREF1058_RS11030	HMPREF1058_RS11030		metal ABC transporter ATP-binding protein	0.277	1.628	-0.256	-2.053	0.775	1.680	0.491	0.705	-1.179	-0.465	0.130	1.709	0.252	-0.306	0.678	0.970	0.597	1.360	-1.490	-0.976	-0.216	0.442
Bvulgatus_CL09T03C04	HMPREF1058_RS11040	HMPREF1058_RS11040		polysaccharide deacetylase family protein	-9.386	-6.847	-5.228	-5.811	-7.250	-8.367	-9.492	-11.528	-9.023	-8.258	-9.211	-8.336	-7.201	-7.209	-3.969	-6.354	2.294	-1.255	-9.728	-6.744	-9.014	-8.227
Bvulgatus_CL09T03C04	HMPREF1058_RS11045	HMPREF1058_RS11045		DUF4861 domain-containing protein	-1.638	-1.177	-0.133	-0.734	-1.145	-1.759	-0.871	-1.680	-0.870	-1.672	-1.658	-1.408	0.011	-2.333	-2.054	-0.968	-0.911	-0.915	-1.073	-1.830	-1.838	-0.794
Bvulgatus_CL09T03C04	HMPREF1058_RS11050	HMPREF1058_RS11050		gluconate 5-dehydrogenase	-0.344	-1.143	-1.709	-4.040	-0.183	0.465	-1.608	0.595	-0.126	0.096	-0.076	0.495	-0.262	-0.831	-1.513	0.224	-0.602	-0.607	-1.431	0.370	1.122	0.848
Bvulgatus_CL09T03C04	HMPREF1058_RS11055	HMPREF1058_RS11055		5-dehydro-4-deoxy-D-glucuronate isomerase	1.102	0.400	0.085	0.008	0.808	0.324	0.067	-0.697	-1.027	0.095	-1.634	-0.548	-1.931	-0.345	0.599	0.321	-0.106	-0.319	0.748	0.180	0.159	-0.180
Bvulgatus_CL09T03C04	HMPREF1058_RS11060	HMPREF1058_RS11060		D-alanyl-D-alanine carboxypeptidase/D-alanyl-D-alanine-endopeptidase	-0.985	-0.038	-0.197	-0.379	-1.313	-0.062	-0.713	-0.428	0.265	-0.664	-1.189	0.253	0.131	-0.922	-0.480	-0.166	1.133	1.107	-2.336	-0.137	-0.486	0.655
Bvulgatus_CL09T03C04	HMPREF1058_RS11065	HMPREF1058_RS11065		dihydrolipoyl dehydrogenase	0.490	1.627	-0.068	-2.307	-0.839	-2.878	0.016	-0.327	0.840	0.498	0.310	0.625	1.632	0.942	-2.118	-2.047	-1.116	-1.133	1.089	-0.762	1.041	-0.543
Bvulgatus_CL09T03C04	HMPREF1058_RS11070	HMPREF1058_RS11070		PH domain-containing protein	-0.960	0.792	-0.255	-0.330	-0.019	0.188	0.848	0.061	0.973	-0.533	-0.322	-0.049	0.572	0.889	-0.180	-0.033	0.267	0.025	-0.724	0.183	1.560	0.934
Bvulgatus_CL09T03C04	HMPREF1058_RS11075	HMPREF1058_RS11075		PH domain-containing protein	-0.905	-1.182	-0.537	0.210	-1.015	-0.043	-0.223	-1.011	0.005	0.218	-0.711	0.072	1.212	-1.579	-0.939	-0.509	-0.605	-0.279	-0.590	-0.435	-0.367	-0.099
Bvulgatus_CL09T03C04	HMPREF1058_RS11080	HMPREF1058_RS11080		ORF6N domain-containing protein	-0.896	0.358	-0.481	-0.339	-0.384	-1.581	-0.902	-0.829	-2.228	-0.140	0.193	0.692	-0.686	1.592	-1.317	0.277	-0.870	-0.536	-2.257	-0.565	-0.980	-0.457
Bvulgatus_CL09T03C04	HMPREF1058_RS11090	HMPREF1058_RS11090		ATP-binding protein	-0.774	-0.119	0.798	0.021	-1.240	-0.996	1.132	0.254	1.853	1.636	-1.175	0.015	1.506	0.136	0.431	-0.330	1.597	-0.053	0.419	0.470	0.108	-0.182
Bvulgatus_CL09T03C04	HMPREF1058_RS11095	HMPREF1058_RS11095		DUF1593 domain-containing protein	-0.663	0.997	-1.124	-3.922	-0.046	-0.093	0.778	0.332	0.725	-0.265	0.651	-0.049	1.265	1.046	0.599	-0.110	0.538	0.366	0.562	0.229	0.139	-0.744
Bvulgatus_CL09T03C04	HMPREF1058_RS11100	HMPREF1058_RS11100		pectate lyase	-0.528	-2.088	-0.118	-0.052	-0.323	0.164	0.152	0.350	-0.025	0.992	-1.079	0.191	0.545	-0.357	-0.156	0.237	0.082	0.165	0.165	-0.428	-0.392	0.151
Bvulgatus_CL09T03C04	HMPREF1058_RS11105	HMPREF1058_RS11105		hypothetical protein	-0.298	0.220	-1.836	-2.170	0.045	1.538	0.270	-0.558	1.844	0.211	-0.504	-0.956	0.956	0.767	0.448	0.255	0.481	-0.183	1.507	1.175	-1.062	0.004
Bvulgatus_CL09T03C04	HMPREF1058_RS11110	HMPREF1058_RS11110		RagB/SusD family nutrient uptake outer membrane protein	-0.681	-0.149	-1.053	-0.315	0.430	-0.695	0.025	-0.354	0.163	-0.473	-0.060	0.133	-0.754	0.562	-0.171	0.294	0.282	0.331	-0.468	-0.901	0.289	0.204
Bvulgatus_CL09T03C04	HMPREF1058_RS11115	HMPREF1058_RS11115		TonB-dependent receptor	-0.392	0.459	-0.652	0.385	-0.171	-0.139	0.185	-0.088	0.943	1.269	-0.476	0.575	0.625	0.877	0.062	-0.546	0.819	0.736	0.517	1.265	0.065	0.449
Bvulgatus_CL09T03C04	HMPREF1058_RS11120	HMPREF1058_RS11120		S9 family peptidase	-0.732	-1.038	0.998	1.055	1.525	0.802	0.102	0.006	1.549	0.924	-0.641	0.306	1.273	-0.635	-0.195	-0.667	0.120	0.250	0.514	0.245	-0.430	0.531
Bvulgatus_CL09T03C04	HMPREF1058_RS11125	HMPREF1058_RS11125		glycoside hydrolase family 127 protein	-0.131	-0.523	0.083	-0.708	-0.180	-0.385	0.492	0.974	-0.300	0.266	-0.165	0.270	-0.848	0.717	0.521	-0.412	0.798	-0.137	0.738	0.197	-0.488	0.254
Bvulgatus_CL09T03C04	HMPREF1058_RS11130	HMPREF1058_RS11130		family 43 glycosylhydrolase	0.426	0.255	-0.012	-0.352	0.112	-0.109	0.040	1.252	0.087	0.842	0.101	-0.028	1.782	1.007	-0.314	-0.140	0.534	0.223	0.542	1.099	0.321	0.586
Bvulgatus_CL09T03C04	HMPREF1058_RS11135	HMPREF1058_RS11135		glycoside hydrolase family 97 catalytic domain-containing protein	-0.038	-0.093	-2.140	-2.229	0.322	-0.678	0.465	0.558	0.591	0.813	0.269	-0.239	0.051	-0.289	-0.077	-0.161	-0.221	0.008	1.271	0.630	0.607	0.014
Bvulgatus_CL09T03C04	HMPREF1058_RS11140	HMPREF1058_RS11140		DUF4859 domain-containing protein	0.488	-0.198	-0.182	0.196	-0.161	-0.254	0.227	0.212	-0.100	0.886	-0.261	-0.304	0.163	-1.608	-0.935	-0.574	-0.351	-0.095	0.357	0.995	0.217	-0.320
Bvulgatus_CL09T03C04	HMPREF1058_RS11145	HMPREF1058_RS11145		RagB/SusD family nutrient uptake outer membrane protein	-0.112	-0.696	0.106	-0.218	-0.127	-0.367	-0.384	-0.239	-0.651	0.293	0.047	-0.763	-1.365	-0.344	-0.366	0.236	0.008	-0.049	0.179	-0.571	-0.209	-0.343
Bvulgatus_CL09T03C04	HMPREF1058_RS11150	HMPREF1058_RS11150		TonB-dependent receptor	-0.127	-0.915	-1.207	-0.173	-0.535	-0.336	-0.133	-0.438	0.485	0.088	-1.346	-0.884	0.435	-1.331	-0.285	-0.253	0.264	0.362	0.024	-0.103	-1.042	0.172
Bvulgatus_CL09T03C04	HMPREF1058_RS11155	HMPREF1058_RS11155		PD-(D/E)XK nuclease domain-containing protein	0.138	-0.539	1.942	1.538	0.711	-0.190	-1.459	0.750	1.470	0.573	0.009	-0.064	1.067	-1.572	-0.613	0.168	0.751	-0.344	2.293	0.410	0.494	-0.302
Bvulgatus_CL09T03C04	HMPREF1058_RS11160	HMPREF1058_RS11160		master DNA invertase Mpi family serine-type recombinase	-0.767	0.830	-0.867	-1.579	-0.372	0.036	0.177	0.269	-1.198	-0.748	-0.060	-0.916	-0.022	-0.410	-0.802	-0.416	0.840	-0.629	-1.110	-0.843	-0.837	0.140
Bvulgatus_CL09T03C04	HMPREF1058_RS11165	HMPREF1058_RS11165		glycoside hydrolase family 127 protein	-0.318	-0.155	-0.148	0.101	0.520	0.588	-0.346	0.568	0.710	1.441	-1.480	-1.369	0.220	0.377	0.497	-0.829	0.949	-0.643	0.932	0.553	-1.155	-0.876
Bvulgatus_CL09T03C04	HMPREF1058_RS11170	HMPREF1058_RS11170		TonB-dependent receptor	0.188	-0.184	-1.642	-0.611	0.839	0.879	1.154	0.169	1.551	0.328	0.111	0.027	-0.008	0.483	0.345	-1.043	0.036	-0.098	1.440	0.467	0.118	-0.820
Bvulgatus_CL09T03C04	HMPREF1058_RS11175	HMPREF1058_RS11175		RagB/SusD family nutrient uptake outer membrane protein	-0.283	0.135	0.299	-0.005	-0.486	-1.345	0.564	-0.276	-0.280	-0.028	-0.395	-0.322	-0.740	0.263	-0.386	0.164	-0.206	0.124	-0.007	-0.452	-0.249	0.660
Bvulgatus_CL09T03C04	HMPREF1058_RS11180	HMPREF1058_RS11180		hypothetical protein	-1.819	-1.705	-1.714	-0.980	-1.373	-1.432	0.305	-0.049	-0.764	-2.154	0.632	-0.818	-0.576	-0.252	-0.738	-0.097	-1.114	-0.503	-0.556	0.537	-0.472	0.505
Bvulgatus_CL09T03C04	HMPREF1058_RS11185	HMPREF1058_RS11185		response regulator	-0.246	-0.651	0.006	0.258	1.011	1.474	0.438	0.740	0.898	0.825	0.027	0.597	0.063	-0.169	0.133	-0.088	-0.277	0.208	0.945	0.577	0.971	0.988
Bvulgatus_CL09T03C04	HMPREF1058_RS11190	HMPREF1058_RS11190		rubrerythrin family protein	-1.569	-0.524	0.040	-0.956	9.991	9.735	-0.918	-1.515	-1.281	-1.011	-3.111	-2.696	2.661	-0.128	-2.394	5.591	0.937	0.548	0.320	-1.181	-1.303	-1.738
Bvulgatus_CL09T03C04	HMPREF1058_RS11195	HMPREF1058_RS11195		DUF4884 domain-containing protein	-1.420	-0.871	-0.304	-0.620	0.593	0.015	-1.736	-1.410	0.368	-0.688	-1.764	-1.813	-0.010	-0.618	-0.978	-0.154	-0.559	0.265	-0.089	0.324	-1.339	-0.848
Bvulgatus_CL09T03C04	HMPREF1058_RS11200	HMPREF1058_RS11200		sulfate permease	-0.572	-0.891	0.016	-0.375	0.634	1.652	-0.386	-0.414	-0.710	0.950	-1.347	-1.380	0.278	1.219	0.168	-0.250	0.661	1.232	0.992	0.040	0.344	-0.595
Bvulgatus_CL09T03C04	HMPREF1058_RS11205	HMPREF1058_RS11205		radical SAM protein	-3.282	-3.252	-1.475	-1.486	-3.152	-3.068	-3.729	-3.525	-3.010	-2.863	-3.605	-3.830	-2.624	-3.550	-3.440	-3.408	-2.241	-3.377	-2.912	-3.214	-3.361	-3.498
Bvulgatus_CL09T03C04	HMPREF1058_RS11210	HMPREF1058_RS11210		helix-hairpin-helix domain-containing protein	0.124	-0.049	-0.013	1.060	0.908	0.967	0.209	0.534	1.315	0.748	0.039	0.323	0.423	1.131	-0.058	0.164	0.856	0.864	0.074	0.799	0.988	0.486
Bvulgatus_CL09T03C04	HMPREF1058_RS11215	HMPREF1058_RS11215		DUF4294 domain-containing protein	-3.955	-2.832	-3.178	-2.590	-2.570	-2.829	-4.187	-2.945	-2.629	-4.252	-2.894	-3.204	2.489	-3.122	-1.182	-1.609	-0.790	-3.252	-3.501	-3.342	-2.914	-3.825
Bvulgatus_CL09T03C04	HMPREF1058_RS11220	HMPREF1058_RS11220		RNA methyltransferase	-1.636	-1.568	1.191	1.801	1.420	1.647	1.022	-0.336	0.796	0.916	-1.007	0.001	-0.507	0.119	-0.476	-0.917	0.990	-0.417	1.014	1.030	-0.354	-0.253
Bvulgatus_CL09T03C04	HMPREF1058_RS11225	HMPREF1058_RS11225		TonB-dependent receptor	0.418	-1.019	-0.498	-0.280	-0.881	0.557	-0.533	-0.429	-0.298	-0.398	-1.007	-0.336	0.513	-0.157	0.233	-0.123	-0.261	-0.087	-0.770	-0.667	-0.756	-0.520
Bvulgatus_CL09T03C04	HMPREF1058_RS11235	HMPREF1058_RS11235		non-canonical purine NTP diphosphatase	-3.323	-2.175	1.127	0.414	-1.607	-1.361	-1.309	-0.552	-2.490	-3.487	-1.754	-1.377	-1.347	-2.975	-1.337	-1.639	-1.802	0.149	-0.816	-0.649	-1.140	-1.584
Bvulgatus_CL09T03C04	HMPREF1058_RS11240	HMPREF1058_RS11240		GNAT family N-acetyltransferase	0.017	-2.982	-1.587	-1.345	-0.645	-1.897	-0.262	-0.270	-0.910	-1.602	-1.013	0.030	-1.943	-0.208	-1.222	-2.732	-0.493	-2.958	-0.852	-1.493	-0.064	-0.627
Bvulgatus_CL09T03C04	HMPREF1058_RS11245	HMPREF1058_RS11245		YitT family protein	-5.851	-4.060	-6.026	-6.074	-9.654	-10.340	-8.938	-8.492	-10.595	-9.737	-9.914	-9.106	-7.091	-7.237	-8.366	-7.416	-4.893	-7.120	-9.291	-9.092	-8.455	-9.299
Bvulgatus_CL09T03C04	HMPREF1058_RS11255	HMPREF1058_RS11255		S41 family peptidase	-1.106	-0.187	0.105	0.117	-0.768	0.160	-1.192	0.038	-1.354	-0.539	-0.455	-0.335	-1.127	-0.866	-0.223	-0.056	-0.531	-0.568	0.014	-1.135	0.083	-0.383
Bvulgatus_CL09T03C04	HMPREF1058_RS11260	HMPREF1058_RS11260		arylsulfatase	0.644	1.020	-0.895	0.252	0.370	0.811	0.877	1.240	0.365	1.377	0.837	0.422	1.152	-0.500	0.755	0.020	0.164	0.432	1.294	0.872	-0.066	-0.075
Bvulgatus_CL09T03C04	HMPREF1058_RS11265	HMPREF1058_RS11265		glycoside hydrolase family 3 C-terminal domain-containing protein	-0.436	0.446	1.287	1.425	-0.620	0.022	1.015	-0.237	0.352	0.337	0.289	0.290	0.486	-0.873	-0.427	0.283	0.312	-0.369	0.635	-0.221	-0.692	1.003
Bvulgatus_CL09T03C04	HMPREF1058_RS11270	HMPREF1058_RS11270		acetyl-CoA hydrolase/transferase family protein	-11.124	-12.036	-9.760	-8.534	-6.882	-6.926	-12.577	-11.774	-9.478	-9.411	-11.752	-9.913	-12.861	-12.258	-13.889	-10.216	-10.252	-10.438	-8.156	-9.105	-8.010	-9.021
Bvulgatus_CL09T03C04	HMPREF1058_RS11275	HMPREF1058_RS11275		hypothetical protein	2.725	2.180	-4.257	-4.951	-2.598	-2.561	0.125	0.457	-0.334	0.699	-0.010	-0.569	1.181	0.566	-2.511	-1.651	-1.713	-1.743	-0.225	-0.283	-1.046	-1.335
Bvulgatus_CL09T03C04	HMPREF1058_RS11280	HMPREF1058_RS11280		tRNA (N6-isopentenyl adenosine(37)-C2)-methylthiotransferase MiaB	-9.272	-9.042	-2.541	-2.157	-2.050	-1.802	-6.950	-5.768	-2.758	-4.223	-3.853	-4.241	-10.157	-7.247	0.448	-0.670	-1.220	-1.371	-4.110	-3.563	-4.785	-4.948
Bvulgatus_CL09T03C04	HMPREF1058_RS11285	HMPREF1058_RS11285		FKBP-type peptidyl-prolyl cis-trans isomerase	-0.555	0.117	-1.021	-0.723	0.181	-0.120	-0.207	-0.269	0.702	-0.338	0.058	-0.878	-0.822	0.533	-1.092	0.030	-0.873	-1.027	1.524	-0.110	0.889	0.800
Bvulgatus_CL09T03C04	HMPREF1058_RS11290	HMPREF1058_RS11290		PspC domain-containing protein	1.358	0.661	-0.913	-1.214	0.369	0.666	0.411	-0.661	0.442	-1.451	0.310	-0.030	0.242	1.704	0.361	-0.892	-0.094	-0.728	-0.297	-0.144	-1.401	-1.554
Bvulgatus_CL09T03C04	HMPREF1058_RS11295	HMPREF1058_RS11295		methyltransferase domain-containing protein	3.093	3.205	-3.198	-2.302	-3.753	-4.984	-3.005	-2.455	-3.438	-4.442	-3.212	-3.547	-1.681	-1.841	-6.274	-4.921	-1.676	-3.009	-3.285	-4.959	-3.724	-3.313
Bvulgatus_CL09T03C04	HMPREF1058_RS11300	HMPREF1058_RS11300		ABC transporter permease	1.822	2.774	-0.761	-1.352	-1.714	-2.861	-0.832	0.069	0.332	3.323	0.594	-0.129	2.058	0.474	-2.645	-1.234	-1.057	-0.958	2.219	0.224	-1.316	-0.237
Bvulgatus_CL09T03C04	HMPREF1058_RS11310	HMPREF1058_RS11310		undecaprenyl-diphosphate phosphatase	-4.289	-7.579	-4.092	-5.444	-6.290	-7.258	-8.329	-5.748	-3.558	-6.157	-6.971	-9.750	-4.310	-5.381	-7.615	-5.298	-4.888	-3.659	-2.550	-5.169	-3.862	-8.348
Bvulgatus_CL09T03C04	HMPREF1058_RS11315	HMPREF1058_RS11315		tRNA pseudouridine(55) synthase TruB	8.944	11.764	-0.037	0.097	-2.511	-1.673	1.722	1.642	-1.741	0.098	0.596	0.415	5.949	7.006	-10.620	-0.672	-1.144	0.695	0.419	-0.027	2.381	1.382
Bvulgatus_CL09T03C04	HMPREF1058_RS11335	HMPREF1058_RS11335		thiol-activated cytolysin family protein	-0.253	-0.692	-0.469	-0.467	0.047	0.326	0.145	0.593	0.900	1.018	0.037	0.032	0.135	0.508	0.501	0.240	0.754	-0.672	1.677	-0.335	0.440	1.034
Bvulgatus_CL09T03C04	HMPREF1058_RS11340	HMPREF1058_RS11340		hypothetical protein	0.165	-0.677	-0.842	-2.046	-0.145	-0.155	-1.216	-0.759	0.634	-0.977	-0.994	-0.096	-0.003	-0.791	-0.234	-0.758	0.712	0.433	-0.585	-1.144	-0.619	-1.049
Bvulgatus_CL09T03C04	HMPREF1058_RS11345	HMPREF1058_RS11345		DUF3244 domain-containing protein	1.417	-0.490	-1.189	0.166	-0.777	-1.176	0.134	-0.340	-0.625	0.972	-0.787	-0.626	0.021	-1.472	-1.000	-1.181	1.048	-0.260	0.689	-1.253	0.300	0.254
Bvulgatus_CL09T03C04	HMPREF1058_RS11350	HMPREF1058_RS11350		tetratricopeptide repeat protein	-0.177	0.493	0.169	1.245	-0.722	0.655	-0.293	-0.549	-0.052	0.315	0.050	-0.739	-1.110	0.494	-0.177	0.236	-0.101	-1.172	0.516	0.343	-0.259	0.578
Bvulgatus_CL09T03C04	HMPREF1058_RS11355	HMPREF1058_RS11355		acyltransferase	-0.523	0.343	-2.447	0.136	-0.020	-0.797	-1.680	-0.200	-0.148	-0.086	-1.072	-0.724	-0.045	0.224	-0.480	-0.562	-0.603	-1.018	-0.715	-0.948	0.001	-0.497
Bvulgatus_CL09T03C04	HMPREF1058_RS11360	HMPREF1058_RS11360		endonuclease/exonuclease/phosphatase family protein	0.435	-1.292	-1.944	-1.139	1.909	0.805	1.524	0.054	0.106	-1.719	1.484	0.160	1.941	2.035	0.321	0.520	-0.107	-0.660	-0.763	-0.973	-0.964	0.856
Bvulgatus_CL09T03C04	HMPREF1058_RS11365	HMPREF1058_RS11365		MFS transporter	-0.687	-0.875	-0.423	0.813	-0.175	-1.020	0.121	-0.329	-2.012	-0.669	-0.421	-0.870	0.894	0.784	0.350	-0.357	0.876	-0.814	-0.856	-1.670	-0.828	0.265
Bvulgatus_CL09T03C04	HMPREF1058_RS11375	HMPREF1058_RS11375		TIGR00730 family Rossman fold protein	-0.083	-0.485	-0.860	-0.896	-1.028	-0.868	-2.172	-1.149	2.190	2.108	-0.727	-0.942	-1.503	-1.570	-1.933	-1.646	0.064	-0.002	-0.553	1.656	-1.534	-1.350
Bvulgatus_CL09T03C04	HMPREF1058_RS11380	HMPREF1058_RS11380		DUF4271 domain-containing protein	0.284	-0.115	-3.483	-0.487	-6.765	-6.419	0.521	-2.972	6.882	4.075	-3.199	-2.465	-2.906	-0.915	-6.925	-4.909	-3.096	-6.318	1.839	4.898	-2.983	-5.841
Bvulgatus_CL09T03C04	HMPREF1058_RS11400	HMPREF1058_RS11400		TatD family hydrolase	-0.028	-1.769	0.527	1.080	-0.696	-2.139	-0.260	-2.022	0.083	1.383	-0.201	-1.051	-0.014	1.154	0.080	-1.055	-0.624	-0.997	-1.102	0.524	-0.702	1.059
Bvulgatus_CL09T03C04	HMPREF1058_RS11410	HMPREF1058_RS11410		PD40 domain-containing protein	0.460	-0.167	1.645	1.674	0.310	0.542	-0.729	-0.139	-0.181	0.136	0.531	-0.158	0.354	-0.840	1.578	1.168	-0.097	0.431	0.695	0.775	0.611	0.217
Bvulgatus_CL09T03C04	HMPREF1058_RS11430	HMPREF1058_RS11430		flavin reductase	1.546	0.224	0.887	-0.280	-0.199	0.924	0.153	0.466	0.061	0.618	-0.102	0.531	0.654	0.722	0.523	0.109	-0.183	2.701	1.426	0.059	0.258	-0.350
Bvulgatus_CL09T03C04	HMPREF1058_RS11435	HMPREF1058_RS11435		DNA mismatch repair protein MutS	-0.420	-0.716	-2.111	-3.389	-0.635	-0.420	0.119	-0.890	-0.397	0.038	-2.061	0.210	-0.848	0.208	-1.005	-0.982	0.220	-1.116	0.417	-0.283	-0.869	-0.274
Bvulgatus_CL09T03C04	HMPREF1058_RS11440	HMPREF1058_RS11440		family 20 glycosylhydrolase	-0.308	-0.661	0.041	0.213	-0.098	0.143	-1.190	0.035	0.314	0.429	0.400	0.227	-0.765	-1.159	-0.317	-1.359	-0.314	-0.422	0.369	-0.527	-1.007	-0.254
Bvulgatus_CL09T03C04	HMPREF1058_RS11445	HMPREF1058_RS11445		PorT family protein	-0.117	-1.831	0.589	0.596	2.510	1.297	-0.213	0.470	0.549	0.888	-0.486	0.089	0.564	0.271	-0.517	0.013	-0.221	-0.514	2.871	1.333	0.031	0.824
Bvulgatus_CL09T03C04	HMPREF1058_RS11450	HMPREF1058_RS11450		hypothetical protein	0.609	-0.173	-1.793	-0.254	1.599	-0.445	1.486	1.242	1.519	1.072	0.077	0.896	0.156	0.264	-0.996	-0.804	-0.265	-0.092	1.180	0.535	-0.163	1.591
Bvulgatus_CL09T03C04	HMPREF1058_RS11455	HMPREF1058_RS11455		PorT family protein	0.962	-0.045	-1.700	-0.847	0.228	1.044	-0.538	-0.300	-0.681	0.136	0.598	-1.155	-0.813	-0.217	-1.046	-0.486	0.391	-0.789	-0.525	0.810	-0.176	-0.875
Bvulgatus_CL09T03C04	HMPREF1058_RS11460	HMPREF1058_RS11460		hypothetical protein	1.090	-1.026	-0.508	-1.525	0.067	-0.021	-0.288	0.656	-0.562	-0.035	0.132	0.744	-0.384	-0.814	-0.195	-0.996	0.640	0.039	-1.302	0.114	-0.379	-0.690
Bvulgatus_CL09T03C04	HMPREF1058_RS11465	HMPREF1058_RS11465		hypothetical protein	1.741	-0.797	-0.332	-3.017	0.172	-0.701	1.162	1.027	0.788	1.027	1.414	-0.022	0.038	0.462	0.448	0.613	0.640	1.655	2.630	1.159	-0.653	2.331
Bvulgatus_CL09T03C04	HMPREF1058_RS11470	HMPREF1058_RS11470		porin family protein	0.802	0.839	-0.719	-0.721	2.032	1.181	1.057	-0.177	-0.002	0.349	-0.289	0.667	-0.847	-0.066	0.397	0.400	0.549	0.224	0.257	0.067	0.379	-0.445
Bvulgatus_CL09T03C04	HMPREF1058_RS11475	HMPREF1058_RS11475		chloramphenicol acetyltransferase	0.551	-0.696	-0.063	-2.800	0.171	0.184	-0.244	-0.674	-1.298	1.514	-0.825	-0.349	-0.638	-1.055	-1.207	-0.818	0.134	-0.152	0.947	1.882	0.546	-0.659
Bvulgatus_CL09T03C04	HMPREF1058_RS11480	HMPREF1058_RS11480		prolipoprotein diacylglyceryl transferase	-0.850	0.230	0.472	1.049	0.263	-1.923	0.029	0.422	0.390	-0.658	0.075	-0.170	0.194	0.582	0.357	-0.568	0.110	-0.059	-0.503	0.009	0.235	0.192
Bvulgatus_CL09T03C04	HMPREF1058_RS11485	HMPREF1058_RS11485		ketopantoate reductase family protein	-0.381	-0.299	1.347	0.756	0.499	0.035	1.686	0.716	-0.981	-0.886	0.360	2.153	1.675	0.712	1.244	1.253	-0.307	1.197	-1.277	-0.266	0.990	1.540
Bvulgatus_CL09T03C04	HMPREF1058_RS11490	HMPREF1058_RS11490		redox-regulated ATPase YchF	-4.411	-3.346	-4.015	-3.244	-5.142	-4.895	-5.761	-5.848	-6.024	-4.708	-5.690	-5.744	-5.559	-5.842	0.807	-1.443	-0.265	0.516	-5.770	-5.785	-5.337	-4.767
Bvulgatus_CL09T03C04	HMPREF1058_RS11495	HMPREF1058_RS11495		DUF3836 domain-containing protein	0.540	-0.322	-1.210	0.452	0.917	1.302	0.773	-0.786	0.831	0.613	0.094	-0.220	-1.451	0.254	0.259	-1.480	0.881	-0.168	1.197	1.643	0.512	-0.557
Bvulgatus_CL09T03C04	HMPREF1058_RS11500	HMPREF1058_RS11500		DNA polymerase I	-1.642	-1.284	-1.182	-2.460	-3.887	-3.568	-5.802	-4.226	-5.885	-5.968	-6.090	-6.859	-2.427	-5.750	-8.195	-7.942	-6.621	-6.739	-7.422	-6.943	-5.649	-6.907
Bvulgatus_CL09T03C04	HMPREF1058_RS11510	HMPREF1058_RS11510		deoxyribose-phosphate aldolase	1.319	0.911	-0.167	-1.276	-1.556	-0.666	-1.043	-0.346	-0.468	1.110	-0.081	0.374	0.468	0.080	-1.246	-1.821	-0.252	-0.580	-0.280	-0.413	-0.052	-0.359
Bvulgatus_CL09T03C04	HMPREF1058_RS11515	HMPREF1058_RS11515		nucleotide pyrophosphohydrolase	-0.012	-0.562	0.039	0.238	1.992	-0.480	0.879	0.841	0.794	2.238	0.029	-0.933	-0.148	-1.531	0.745	-1.197	0.991	-0.507	1.277	1.605	1.239	0.571
Bvulgatus_CL09T03C04	HMPREF1058_RS11520	HMPREF1058_RS11520		D-tyrosyl-tRNA(Tyr) deacylase	-1.777	0.992	-0.862	1.488	1.578	1.378	1.146	0.414	0.477	1.760	0.863	0.183	-1.221	-0.474	1.297	0.690	-0.482	0.450	2.532	1.726	0.131	0.528
Bvulgatus_CL09T03C04	HMPREF1058_RS11525	HMPREF1058_RS11525		excinuclease ABC subunit UvrC	-1.932	-1.253	-1.232	-2.170	-0.157	-0.540	0.029	-0.265	-0.161	-0.991	0.696	0.054	0.273	-0.971	-1.049	-0.192	-0.036	0.440	-0.420	-0.070	0.049	-1.018
Bvulgatus_CL09T03C04	HMPREF1058_RS11530	HMPREF1058_RS11530		adenine phosphoribosyltransferase	1.373	1.862	-0.092	0.064	2.019	2.857	0.934	-0.025	4.588	5.238	0.331	0.535	2.277	0.295	-0.518	0.212	0.806	-0.009	5.374	4.002	0.718	0.711
Bvulgatus_CL09T03C04	HMPREF1058_RS11535	HMPREF1058_RS11535		tRNA uridine-5-carboxymethylaminomethyl(34) synthesis enzyme MnmG	-8.977	-8.279	-3.955	-2.378	-1.037	-0.620	-8.163	-5.405	-4.680	-5.056	-3.930	-6.825	-6.562	-6.587	-5.215	-4.441	-4.994	-4.123	-3.495	-4.052	-5.432	-4.984
Bvulgatus_CL09T03C04	HMPREF1058_RS11540	HMPREF1058_RS11540		flotillin family protein	-0.087	-0.958	-2.809	0.285	0.551	-0.218	0.836	1.226	0.653	0.074	-0.018	-0.307	-0.642	0.983	0.095	1.312	-0.112	0.171	0.777	-0.152	0.851	0.665
Bvulgatus_CL09T03C04	HMPREF1058_RS11545	HMPREF1058_RS11545		hypothetical protein	0.319	-0.400	-0.225	-0.396	-1.906	-0.801	-0.573	-0.534	0.219	1.115	0.010	-0.279	-1.214	-1.837	-0.173	0.055	-0.532	0.595	-0.880	-1.395	-0.228	-0.986
Bvulgatus_CL09T03C04	HMPREF1058_RS11555	HMPREF1058_RS11555		spore maturation protein	-0.251	0.461	-0.497	0.748	1.122	0.190	-0.032	0.685	0.145	0.667	0.061	0.739	1.575	-1.076	-0.269	-1.256	0.868	-0.267	0.391	0.175	0.462	0.423
Bvulgatus_CL09T03C04	HMPREF1058_RS11560	HMPREF1058_RS11560		DNA damage-inducible protein D	-0.514	0.978	0.822	2.168	-0.141	-0.032	0.733	1.565	1.239	1.658	-0.515	0.912	-1.389	1.059	0.504	0.990	0.085	-0.745	1.430	1.981	0.509	-0.572
Bvulgatus_CL09T03C04	HMPREF1058_RS11565	HMPREF1058_RS11565		murein L,D-transpeptidase catalytic domain family protein	0.077	0.428	-0.426	1.127	-0.077	0.697	-0.363	-0.171	-0.772	0.507	1.351	-0.041	0.900	-0.275	-0.048	-0.456	-1.957	-1.697	1.158	1.006	0.164	0.429
Bvulgatus_CL09T03C04	HMPREF1058_RS11570	HMPREF1058_RS11570		L,D-transpeptidase	0.756	-0.596	-1.530	-1.164	-0.326	-0.987	-0.376	0.207	-1.190	-0.766	-0.700	-0.692	-0.480	0.678	0.664	0.381	-0.546	-0.424	-0.577	-1.371	-0.844	-0.365
Bvulgatus_CL09T03C04	HMPREF1058_RS11575	HMPREF1058_RS11575		site-specific integrase	-0.121	-0.065	1.242	0.343	0.752	-1.440	-0.319	-0.672	0.268	0.843	-0.545	-0.270	-1.648	-1.179	-0.347	0.233	0.094	0.504	-0.096	-0.373	-0.666	0.421
Bvulgatus_CL09T03C04	HMPREF1058_RS11580	HMPREF1058_RS11580		helix-turn-helix transcriptional regulator	-0.790	-1.859	-1.361	-0.551	-2.478	-2.598	-0.063	-1.679	1.122	0.218	-1.560	-1.282	0.068	1.045	-1.432	-0.081	1.439	0.847	0.946	-0.475	-1.988	-0.948
Bvulgatus_CL09T03C04	HMPREF1058_RS11585	HMPREF1058_RS11585		hypothetical protein	-0.338	0.884	1.565	0.971	1.271	2.122	-0.826	-0.860	-0.078	-0.229	-0.609	-0.400	-1.183	0.201	0.456	-0.229	-0.476	0.204	-1.060	-0.241	0.327	0.152
Bvulgatus_CL09T03C04	HMPREF1058_RS11590	HMPREF1058_RS11590		hypothetical protein	0.500	-1.334	-0.291	-0.249	0.957	0.311	-0.351	0.107	1.111	0.988	1.088	-0.307	0.939	0.123	0.731	0.192	0.727	0.027	1.313	-0.331	-0.815	0.165
Bvulgatus_CL09T03C04	HMPREF1058_RS11595	HMPREF1058_RS11595		TonB-dependent receptor	-0.488	0.669	0.718	1.281	0.815	-0.846	-1.880	-0.827	1.119	0.425	-1.107	0.488	1.357	0.593	-0.234	0.247	-1.016	0.367	1.070	2.685	-1.482	-0.220
Bvulgatus_CL09T03C04	HMPREF1058_RS11600	HMPREF1058_RS11600		metallophosphoesterase	0.039	-0.648	-0.503	1.589	-1.632	-0.757	0.284	0.500	-0.853	0.649	-0.992	-1.133	0.360	-1.127	-0.412	-1.365	-0.166	-0.361	-0.522	-0.303	0.408	-0.488
Bvulgatus_CL09T03C04	HMPREF1058_RS11605	HMPREF1058_RS11605		calcium/sodium antiporter	-0.029	-0.592	0.282	0.303	-1.890	-1.578	-1.369	-1.640	0.074	-0.447	-0.314	-0.946	-1.059	-0.992	-0.206	-0.947	0.060	-1.286	-1.714	-0.074	-0.437	-0.972
Bvulgatus_CL09T03C04	HMPREF1058_RS11625	HMPREF1058_RS11625		S41 family peptidase	-8.324	-5.816	-10.550	-8.873	-9.788	-12.411	-3.411	-6.570	-2.102	-0.734	-7.596	-6.109	-12.474	-4.815	-12.709	-8.241	1.459	-1.235	-16.538	-5.306	-15.468	-6.627
Bvulgatus_CL09T03C04	HMPREF1058_RS11630	HMPREF1058_RS11630		phosphatase PAP2 family protein	-0.482	0.361	-0.635	-0.645	-0.912	-0.984	-0.786	-0.389	0.473	0.612	-0.651	-0.273	0.412	-0.939	-2.853	-0.307	-0.623	-1.401	0.660	-0.614	-1.642	0.267
Bvulgatus_CL09T03C04	HMPREF1058_RS11635	HMPREF1058_RS11635		hypothetical protein	0.568	-0.694	1.891	2.133	-0.059	-0.297	-0.102	-1.121	-0.553	-0.408	-0.618	-1.016	-0.329	-1.685	-0.733	-0.279	-0.779	0.174	-0.236	-1.021	-0.862	0.578
Bvulgatus_CL09T03C04	HMPREF1058_RS11640	HMPREF1058_RS11640		hypothetical protein	-0.912	-0.112	0.178	0.646	0.860	0.373	0.261	-1.531	-0.276	-0.655	0.894	0.857	0.460	-1.213	0.310	0.448	-0.827	0.867	0.461	-0.776	0.372	-1.691
Bvulgatus_CL09T03C04	HMPREF1058_RS11660	HMPREF1058_RS11660		helix-turn-helix transcriptional regulator	-0.368	-0.622	0.810	-1.058	0.578	-1.199	0.197	0.095	-0.212	0.708	-0.718	-0.194	0.624	-0.623	-0.568	-0.606	0.997	0.026	-0.583	-0.054	0.918	-0.347
Bvulgatus_CL09T03C04	HMPREF1058_RS11665	HMPREF1058_RS11665		fimbrillin family protein	0.261	0.503	0.810	1.100	1.500	0.163	0.078	-1.639	0.825	0.258	-0.603	-0.340	0.207	-0.187	-0.117	-0.450	0.104	0.343	1.800	1.072	0.354	-0.097
Bvulgatus_CL09T03C04	HMPREF1058_RS11670	HMPREF1058_RS11670		DUF5119 domain-containing protein	-0.030	-0.479	0.969	-1.529	-0.348	-0.618	0.509	-0.992	-0.996	1.205	0.364	-0.022	-0.194	0.406	-0.503	-0.871	1.028	-1.814	1.394	0.721	-1.825	0.838
Bvulgatus_CL09T03C04	HMPREF1058_RS11675	HMPREF1058_RS11675		DUF3575 domain-containing protein	0.250	-0.147	0.288	-0.057	0.560	0.379	0.484	-0.663	0.284	-0.143	0.115	0.207	0.075	0.031	1.086	-0.062	1.404	1.717	2.005	-0.580	-0.471	0.687
Bvulgatus_CL09T03C04	HMPREF1058_RS11680	HMPREF1058_RS11680		alpha-L-fucosidase	-0.618	-1.757	-0.011	-0.691	-0.823	-0.566	0.183	-0.688	-0.612	0.247	-0.111	-0.027	-0.370	-1.131	-0.366	-0.826	0.234	0.787	-0.257	-0.087	-0.470	-0.054
Bvulgatus_CL09T03C04	HMPREF1058_RS11685	HMPREF1058_RS11685		DNA-protecting protein DprA	-0.673	-0.645	1.312	-1.293	0.664	0.769	-0.084	0.817	-0.250	-0.070	-1.355	-0.805	0.445	0.588	-0.100	-1.525	0.108	-0.105	-0.400	2.383	1.208	0.168
Bvulgatus_CL09T03C04	HMPREF1058_RS11690	HMPREF1058_RS11690		acyl-CoA thioesterase	-0.234	-0.300	-0.860	-1.770	-3.025	-0.267	-0.082	0.684	-2.875	-2.761	-1.259	0.755	0.478	-1.885	-0.419	-0.400	-1.128	-0.601	-2.315	-2.322	1.063	0.540
Bvulgatus_CL09T03C04	HMPREF1058_RS11695	HMPREF1058_RS11695		tRNA-dihydrouridine synthase family protein	-0.132	-0.803	-1.151	0.211	0.533	-0.917	-0.632	0.337	0.148	0.763	-0.658	1.208	-1.070	-0.910	0.836	-0.084	0.142	-0.536	-0.449	0.558	0.208	-0.670
Bvulgatus_CL09T03C04	HMPREF1058_RS11700	HMPREF1058_RS11700		DUF3874 domain-containing protein	-0.352	-0.482	1.751	0.822	0.696	-0.241	-0.841	-0.483	-0.024	-0.373	-0.447	-0.797	-1.393	-0.198	-1.434	-0.176	0.725	-0.980	-1.098	-0.224	-0.479	-0.008
Bvulgatus_CL09T03C04	HMPREF1058_RS11705	HMPREF1058_RS11705		lactaldehyde reductase	0.092	-0.551	1.302	0.491	0.832	0.178	-0.292	0.783	1.080	-0.570	-0.146	-1.253	-1.522	0.970	0.034	-1.308	-0.566	0.661	0.898	0.350	0.073	0.023
Bvulgatus_CL09T03C04	HMPREF1058_RS11710	HMPREF1058_RS11710		TonB-dependent receptor	-0.780	-1.136	1.027	0.269	0.246	0.120	-0.401	-0.293	-0.687	-0.005	-0.011	-0.538	-0.547	-0.144	0.043	-0.091	-0.229	-0.292	0.707	-0.393	-0.875	0.262
Bvulgatus_CL09T03C04	HMPREF1058_RS11715	HMPREF1058_RS11715		glycerophosphoryl diester phosphodiesterase	1.041	1.357	-0.098	1.272	-2.095	-0.821	3.236	1.081	1.379	1.297	1.499	1.185	0.768	0.506	1.803	-0.377	0.751	0.123	1.487	2.633	0.821	0.831
Bvulgatus_CL09T03C04	HMPREF1058_RS11720	HMPREF1058_RS11720		hypothetical protein	-0.607	0.662	0.745	0.949	1.229	1.311	-1.092	0.115	-0.726	-0.082	-0.057	-0.108	0.624	-0.190	-0.439	0.989	0.744	-0.047	-0.104	0.053	-0.769	0.353
Bvulgatus_CL09T03C04	HMPREF1058_RS11725	HMPREF1058_RS11725		DUF2851 family protein	2.224	1.201	1.610	0.713	0.528	1.390	0.168	1.805	1.446	0.563	0.819	2.005	0.686	-0.589	0.786	1.185	1.051	0.452	0.992	0.935	1.256	0.818
Bvulgatus_CL09T03C04	HMPREF1058_RS11730	HMPREF1058_RS11730		4-hydroxy-tetrahydrodipicolinate reductase	-3.809	-3.632	-1.698	-1.657	-1.808	-3.398	-3.636	-3.633	-3.324	-3.425	-4.357	-3.972	-2.878	-3.578	-2.989	-3.606	-1.529	-2.316	-3.173	-3.231	-4.225	-4.387
Bvulgatus_CL09T03C04	HMPREF1058_RS11740	HMPREF1058_RS11740		signal peptidase I	-1.750	-2.138	-0.007	-0.006	2.621	1.892	0.505	0.646	2.649	4.218	1.134	0.691	-0.179	-1.180	1.562	1.788	-0.041	-0.038	3.210	3.150	0.558	1.115
Bvulgatus_CL09T03C04	HMPREF1058_RS11745	HMPREF1058_RS11745		WbqC family protein	-1.916	-3.896	0.366	0.565	-0.097	2.160	0.307	0.044	3.921	4.749	0.328	-1.748	0.632	-0.656	-0.348	0.061	-0.244	-0.677	4.723	4.027	1.422	-1.433
Bvulgatus_CL09T03C04	HMPREF1058_RS11750	HMPREF1058_RS11750		SDR family oxidoreductase	0.128	0.579	0.332	-2.266	0.361	0.074	0.093	1.110	0.117	1.065	0.515	0.330	0.795	-0.287	0.789	-0.555	1.009	0.591	1.460	2.112	0.323	0.045
Bvulgatus_CL09T03C04	HMPREF1058_RS11755	HMPREF1058_RS11755		mannonate dehydratase	-1.074	-0.689	0.647	0.528	0.667	-0.450	-0.710	-0.105	-0.928	-1.131	0.798	1.228	-1.494	-1.507	0.352	0.392	-0.129	-1.585	-0.905	-0.978	0.472	0.311
Bvulgatus_CL09T03C04	HMPREF1058_RS11760	HMPREF1058_RS11760		TonB-dependent receptor	-0.518	-0.333	0.944	0.957	-1.057	-0.886	-0.505	-0.313	0.263	-0.216	0.012	-0.274	0.156	-1.017	-0.647	0.184	-0.792	0.597	-0.695	-0.810	-0.672	0.224
Bvulgatus_CL09T03C04	HMPREF1058_RS11765	HMPREF1058_RS11765		RagB/SusD family nutrient uptake outer membrane protein	0.260	0.557	-0.215	0.751	-0.161	0.132	0.770	0.485	0.777	0.185	1.037	1.498	0.238	0.773	1.418	0.354	1.307	1.278	1.630	0.971	0.200	0.876
Bvulgatus_CL09T03C04	HMPREF1058_RS11770	HMPREF1058_RS11770		sulfatase	0.997	0.422	-0.013	0.239	0.154	0.229	-0.443	0.458	-0.338	1.167	-0.190	0.016	0.740	-0.312	-0.088	0.398	-0.325	1.259	0.704	-0.200	-0.164	-0.143
Bvulgatus_CL09T03C04	HMPREF1058_RS11775	HMPREF1058_RS11775		response regulator	0.240	-0.208	-0.048	0.591	1.181	-0.015	-0.632	0.182	-0.414	0.091	0.398	0.084	0.202	0.180	-0.423	0.398	0.274	-0.305	0.117	-0.892	0.443	0.247
Bvulgatus_CL09T03C04	HMPREF1058_RS11780	HMPREF1058_RS11780		glycoside hydrolase N-terminal domain-containing protein	-0.382	-0.418	0.357	0.297	-0.438	-0.294	-0.566	0.053	0.176	-0.953	-0.319	-0.254	-0.797	-1.116	0.013	-0.605	-0.422	0.488	0.278	-1.698	-0.619	0.467
Bvulgatus_CL09T03C04	HMPREF1058_RS11785	HMPREF1058_RS11785		insulinase family protein	-1.930	-1.132	-1.405	-1.880	-0.553	-2.743	-1.934	-1.481	-1.353	-1.547	-1.693	-1.306	-1.310	-1.783	-0.647	-0.014	-0.186	-0.393	-0.600	-0.099	0.062	-1.361
Bvulgatus_CL09T03C04	HMPREF1058_RS11790	HMPREF1058_RS11790		TIGR00730 family Rossman fold protein	-1.114	-0.606	3.065	0.486	1.511	1.935	-1.812	0.129	0.395	0.137	-0.264	0.200	0.293	-1.046	0.988	2.326	0.356	-0.066	0.655	0.696	0.878	1.944
Bvulgatus_CL09T03C04	HMPREF1058_RS11800	HMPREF1058_RS11800		carbohydrate kinase	-1.264	0.089	0.299	-1.361	1.211	0.956	-0.490	-0.699	-2.371	-0.187	-0.471	-0.419	-1.126	0.660	-0.053	0.050	0.020	-0.200	-2.334	-0.518	0.431	0.214
Bvulgatus_CL09T03C04	HMPREF1058_RS11805	HMPREF1058_RS11805		glycoside hydrolase family 18 protein	-0.673	-0.409	-0.643	-2.907	-1.080	-0.834	-0.450	-0.752	-0.583	-0.619	-2.341	-1.884	-0.447	-1.386	-1.360	-1.741	-0.243	-0.830	-1.210	-0.950	-1.318	-0.567
Bvulgatus_CL09T03C04	HMPREF1058_RS11810	HMPREF1058_RS11810		aminopeptidase N	-0.881	-0.185	0.832	0.586	-0.303	1.416	-0.337	-1.236	-0.953	0.867	0.373	0.077	-0.971	-1.225	0.236	0.479	0.857	0.202	-0.016	0.241	1.078	-0.293
Bvulgatus_CL09T03C04	HMPREF1058_RS11815	HMPREF1058_RS11815		tRNA 2-thiouridine(34) synthase MnmA	2.128	3.489	0.998	1.385	2.101	3.680	0.437	0.462	2.675	2.775	0.233	0.162	2.728	-0.173	0.895	2.504	0.593	0.262	1.249	1.841	1.214	2.457
Bvulgatus_CL09T03C04	HMPREF1058_RS11820	HMPREF1058_RS11820		4Fe-4S binding protein	0.501	0.077	1.185	-1.586	1.443	0.652	-0.785	-0.596	-0.972	-0.730	0.978	0.318	0.543	0.187	-0.037	1.829	0.647	-0.018	-0.235	-1.290	-0.185	-0.644
Bvulgatus_CL09T03C04	HMPREF1058_RS11825	HMPREF1058_RS11825		helix-turn-helix transcriptional regulator	-0.080	0.110	2.207	1.744	6.033	16.692	0.697	0.678	-0.532	-1.602	2.167	0.760	-0.656	0.134	2.936	2.863	-0.091	0.424	-0.164	-0.690	-0.785	1.899
Bvulgatus_CL09T03C04	HMPREF1058_RS11830	HMPREF1058_RS11830		hypothetical protein	0.663	0.110	3.166	2.304	6.379	9.062	0.128	0.030	0.914	0.969	0.145	-0.195	0.606	0.618	0.568	0.253	0.163	0.163	0.560	1.116	0.065	0.758
Bvulgatus_CL09T03C04	HMPREF1058_RS11835	HMPREF1058_RS11835		hypothetical protein	0.886	0.028	-0.813	0.608	0.256	2.111	0.428	0.393	0.344	1.641	0.207	0.064	0.970	0.782	-0.067	0.165	0.549	0.680	1.911	-0.098	-0.832	-0.398
Bvulgatus_CL09T03C04	HMPREF1058_RS11840	HMPREF1058_RS11840		hypothetical protein	0.359	-0.028	2.216	1.980	3.532	5.754	0.172	-0.107	0.222	0.684	0.461	0.221	0.160	0.455	0.955	0.255	-0.380	-0.080	-0.726	0.270	-0.041	-0.154
Bvulgatus_CL09T03C04	HMPREF1058_RS11845	HMPREF1058_RS11845		ATP-binding protein	-0.770	-0.285	0.244	0.103	-0.917	-0.064	-1.242	-1.011	-2.851	-0.389	-1.012	-0.594	-0.927	-0.564	-1.065	0.042	-0.450	-0.629	-1.043	-0.481	-0.273	0.989
Bvulgatus_CL09T03C04	HMPREF1058_RS11850	HMPREF1058_RS11850		DUF3874 domain-containing protein	1.240	0.063	1.297	1.599	2.815	0.706	0.495	-2.313	-0.219	0.565	-0.025	1.310	-0.293	0.072	0.245	-0.321	-0.444	1.329	1.366	-0.293	0.883	0.323
Bvulgatus_CL09T03C04	HMPREF1058_RS11855	HMPREF1058_RS11855		FimB/Mfa2 family fimbrial subunit	-0.983	-1.290	-0.490	0.348	0.036	0.894	0.442	0.697	-0.071	1.923	-1.212	0.174	-0.592	-0.234	0.097	1.265	-0.052	-0.016	0.845	0.324	1.195	1.199
Bvulgatus_CL09T03C04	HMPREF1058_RS11860	HMPREF1058_RS11860		fimbrillin family protein	-0.343	0.294	0.303	-1.485	0.234	-0.719	0.767	-0.191	-0.355	0.800	-1.448	-1.446	1.162	-0.409	0.167	1.266	-0.536	0.309	-1.075	-0.133	-1.231	-0.322
Bvulgatus_CL09T03C04	HMPREF1058_RS11865	HMPREF1058_RS11865		ATP-binding protein	-0.507	-0.229	-1.291	0.334	0.144	0.997	0.785	0.184	0.867	0.511	-0.400	-0.200	0.793	0.411	0.101	1.131	1.560	-1.579	0.511	0.767	-0.084	1.076
Bvulgatus_CL09T03C04	HMPREF1058_RS11875	HMPREF1058_RS11875		hypothetical protein	-0.478	-0.203	-2.202	-1.240	0.163	0.014	-0.040	-1.338	0.447	-0.165	0.047	-1.405	2.000	1.109	-1.111	-0.662	-0.399	0.179	-0.919	-0.573	0.029	-0.691
Bvulgatus_CL09T03C04	HMPREF1058_RS11880	HMPREF1058_RS11880		hypothetical protein	-0.673	0.114	6.419	5.669	10.043	12.749	0.590	0.773	0.408	-0.106	0.518	0.343	-0.432	-0.901	2.534	1.857	-0.172	1.276	0.045	-1.284	-0.544	1.157
Bvulgatus_CL09T03C04	HMPREF1058_RS11885	HMPREF1058_RS11885		site-specific integrase	-1.747	-1.087	-0.377	0.502	0.308	-0.215	-1.272	0.317	-1.396	0.628	-0.921	0.523	-0.187	-1.129	-0.661	-1.241	-0.354	0.019	-0.432	0.105	-0.883	-0.170
Bvulgatus_CL09T03C04	HMPREF1058_RS11890	HMPREF1058_RS11890		Holliday junction branch migration DNA helicase RuvB	-3.509	-3.986	-3.330	-2.540	-4.933	-4.853	-6.063	-5.420	-2.700	-1.909	-5.284	-5.703	-3.059	-4.094	-5.849	-4.858	-3.637	-4.970	-5.249	-3.523	-2.833	-5.682
Bvulgatus_CL09T03C04	HMPREF1058_RS11900	HMPREF1058_RS11900		TIGR00341 family protein	0.438	0.309	-0.099	-0.363	-0.259	1.048	0.155	-0.368	0.066	0.850	0.112	0.321	-0.773	0.748	-0.013	0.047	-0.051	0.778	0.555	-0.275	-1.054	0.950
Bvulgatus_CL09T03C04	HMPREF1058_RS11905	HMPREF1058_RS11905		S46 family peptidase	-0.007	-0.595	-1.326	-1.235	0.839	1.586	0.332	0.336	-0.532	0.161	-0.432	0.155	0.753	-2.017	-0.297	-0.295	0.268	-0.617	-0.328	-0.363	-0.493	0.029
Bvulgatus_CL09T03C04	HMPREF1058_RS11910	HMPREF1058_RS11910		DEAD/DEAH box helicase	-4.533	-4.384	-7.697	-3.964	-6.263	-6.659	-4.404	-3.225	-5.271	-6.573	-2.465	-2.131	-5.681	-3.564	-4.154	-0.987	-1.215	-1.022	-5.009	-3.416	-4.074	-4.162
Bvulgatus_CL09T03C04	HMPREF1058_RS11915	HMPREF1058_RS11915		helix-turn-helix transcriptional regulator	0.245	0.341	-0.844	-0.742	-1.337	-1.569	-1.063	-1.445	-1.718	-1.772	-2.458	-1.959	-0.503	-1.351	-2.380	-2.309	-1.019	-2.141	-1.271	-1.715	-1.685	-0.843
Bvulgatus_CL09T03C04	HMPREF1058_RS11920	HMPREF1058_RS11920		DUF2975 domain-containing protein	-0.864	-0.803	-8.293	-5.719	-8.503	-7.645	-3.927	-2.992	-2.808	-2.901	-7.355	-6.719	-5.270	-4.783	-10.500	-8.066	-2.864	-6.817	-5.495	-7.180	-6.432	-3.850
Bvulgatus_CL09T03C04	HMPREF1058_RS11925	HMPREF1058_RS11925		DUF2975 domain-containing protein	0.710	0.130	-0.751	-1.953	-0.685	-1.540	-1.757	-0.777	-1.956	-3.057	-1.360	-0.534	-0.154	-0.500	-3.953	-1.851	-1.398	-0.977	-2.611	-1.846	-0.047	-0.621
Bvulgatus_CL09T03C04	HMPREF1058_RS11930	HMPREF1058_RS11930		CPBP family intramembrane metalloprotease	-2.431	-3.780	-2.880	-2.514	-3.529	-4.305	-4.898	-3.485	-4.168	-4.326	-4.262	-4.861	-4.869	-4.890	-4.723	-4.900	-2.041	-3.901	-3.883	-3.177	-4.615	-4.221
Bvulgatus_CL09T03C04	HMPREF1058_RS11935	HMPREF1058_RS11935		hypothetical protein	-1.232	-0.216	-3.034	-2.309	-2.678	-2.428	-1.324	-0.903	0.047	-2.595	-1.621	-1.288	-1.667	-2.542	-2.226	-0.749	-0.496	-1.137	0.465	-0.726	-1.530	-1.085
Bvulgatus_CL09T03C04	HMPREF1058_RS11940	HMPREF1058_RS11940		DUF3836 domain-containing protein	-2.131	-1.349	-0.251	-0.636	-3.256	-2.696	-1.696	-1.505	-0.575	-0.221	-1.434	-3.179	-4.097	-3.158	-5.072	-2.518	-2.496	-1.323	-1.779	-1.013	-2.028	-2.960
Bvulgatus_CL09T03C04	HMPREF1058_RS11950	HMPREF1058_RS11950		HAD family phosphatase	-0.499	-0.149	0.313	-0.472	-0.216	0.283	-0.783	-1.769	-0.323	-1.198	-1.396	-0.717	0.768	-0.276	-0.172	-0.150	-0.779	-2.230	-1.529	-0.423	0.215	-0.332
Bvulgatus_CL09T03C04	HMPREF1058_RS11965	HMPREF1058_RS11965		glycoside hydrolase family 88 protein	1.190	0.276	-0.357	1.232	0.930	0.633	0.291	0.130	0.296	-0.247	0.996	1.147	1.628	0.743	0.567	0.685	0.298	0.592	0.559	1.094	0.378	0.871
Bvulgatus_CL09T03C04	HMPREF1058_RS11970	HMPREF1058_RS11970		hypothetical protein	0.598	1.141	-0.263	0.937	0.122	0.110	0.194	0.503	-0.877	0.234	1.619	0.724	-0.643	-0.114	-0.660	1.671	1.419	0.967	-0.694	0.027	0.391	0.580
Bvulgatus_CL09T03C04	HMPREF1058_RS11975	HMPREF1058_RS11975		outer membrane beta-barrel protein	0.154	0.644	1.761	1.412	-0.041	1.226	0.927	-0.202	0.050	0.069	0.932	1.581	0.803	0.080	0.918	-0.004	0.739	1.160	0.778	0.788	0.624	-0.106
Bvulgatus_CL09T03C04	HMPREF1058_RS11980	HMPREF1058_RS11980		hypothetical protein	0.766	1.264	0.238	-0.204	-0.679	0.162	0.659	-0.304	0.755	1.254	0.167	0.753	0.386	1.346	-1.243	0.068	0.424	0.578	1.374	-0.135	0.605	1.538
Bvulgatus_CL09T03C04	HMPREF1058_RS11985	HMPREF1058_RS11985		thioredoxin	1.693	1.191	0.322	0.883	0.122	0.585	0.357	0.412	0.793	1.755	0.552	-0.589	1.618	0.280	-0.059	0.699	1.528	-0.582	-0.580	-0.017	-0.760	0.539
Bvulgatus_CL09T03C04	HMPREF1058_RS11990	HMPREF1058_RS11990		MarR family transcriptional regulator	1.099	1.207	0.122	0.507	-0.152	-1.019	-0.114	0.747	2.130	1.008	0.503	0.639	0.865	0.075	0.102	-0.485	-0.369	-0.092	-0.495	1.402	1.033	0.066
Bvulgatus_CL09T03C04	HMPREF1058_RS11995	HMPREF1058_RS11995		M15 family metallopeptidase	-0.253	-0.370	-2.489	0.137	-0.375	-1.179	-0.848	-0.726	0.551	0.063	0.183	0.043	-0.805	0.286	-1.496	-0.327	-0.266	0.074	0.466	-0.470	-1.388	0.018
Bvulgatus_CL09T03C04	HMPREF1058_RS12000	HMPREF1058_RS12000		hypothetical protein	1.246	0.015	0.374	0.255	-1.447	-0.607	-0.064	-0.966	0.562	-0.041	-0.181	0.141	-0.893	0.294	-2.346	0.535	0.695	0.825	-0.135	0.236	-1.928	-0.085
Bvulgatus_CL09T03C04	HMPREF1058_RS12005	HMPREF1058_RS12005		response regulator transcription factor	-1.440	0.033	0.345	1.248	1.072	0.458	0.494	0.074	-0.224	0.166	0.497	0.412	-0.093	0.232	-1.531	-0.519	-0.432	0.845	-0.813	-0.894	-0.102	0.731
Bvulgatus_CL09T03C04	HMPREF1058_RS12010	HMPREF1058_RS12010		HAMP domain-containing histidine kinase	-0.065	-0.169	0.371	-0.382	0.183	0.655	-0.712	-1.154	0.020	0.550	-0.387	0.297	-2.028	-2.184	0.208	-1.280	0.270	-0.326	0.904	0.089	-0.524	0.132
Bvulgatus_CL09T03C04	HMPREF1058_RS12015	HMPREF1058_RS12015		outer membrane beta-barrel protein	0.794	0.624	-0.169	0.531	0.248	0.488	0.713	1.005	-0.434	1.027	0.914	1.216	2.331	0.291	0.360	0.631	0.931	0.406	-0.120	-0.497	0.702	1.581
Bvulgatus_CL09T03C04	HMPREF1058_RS12030	HMPREF1058_RS12030		gamma-glutamyl-gamma-aminobutyrate hydrolase family protein	-2.464	-2.841	-1.323	-1.301	-2.734	-3.532	-2.432	-2.778	-1.448	-1.713	-2.317	-2.337	-1.974	-4.097	-3.366	-1.456	1.222	-0.207	-2.503	-2.854	-3.919	-1.872
Bvulgatus_CL09T03C04	HMPREF1058_RS12035	HMPREF1058_RS12035		phosphate butyryltransferase	12.449	17.748	3.792	2.868	1.103	-0.127	11.826	9.990	5.604	6.488	8.147	8.099	21.188	11.613	2.882	4.605	1.625	2.549	11.277	5.826	12.969	8.703
Bvulgatus_CL09T03C04	HMPREF1058_RS12040	HMPREF1058_RS12040		butyrate kinase	8.427	7.809	0.656	1.524	-2.914	-1.256	7.121	6.061	6.142	6.851	4.816	5.469	3.498	4.426	2.990	2.405	1.751	3.600	4.446	5.034	6.027	5.899
Bvulgatus_CL09T03C04	HMPREF1058_RS12045	HMPREF1058_RS12045		DUF3874 domain-containing protein	0.179	0.626	-2.107	0.173	-0.438	0.200	1.723	1.017	0.918	2.010	1.174	1.378	1.362	1.458	0.791	0.548	0.503	0.423	0.893	0.464	0.620	0.732
Bvulgatus_CL09T03C04	HMPREF1058_RS12050	HMPREF1058_RS12050		response regulator transcription factor	1.446	1.199	-0.181	0.825	0.839	2.052	0.263	0.605	1.960	1.778	0.395	1.672	-0.299	0.794	-0.205	1.252	1.113	-0.443	0.497	0.838	1.244	1.006
Bvulgatus_CL09T03C04	HMPREF1058_RS12055	HMPREF1058_RS12055		HAMP domain-containing histidine kinase	1.245	0.412	1.541	-0.151	0.400	-0.221	-0.317	0.318	0.446	0.316	-0.777	2.085	-0.205	-0.163	-0.425	-0.483	0.409	0.132	0.132	0.033	0.528	0.092
Bvulgatus_CL09T03C04	HMPREF1058_RS12060	HMPREF1058_RS12060		outer membrane beta-barrel protein	0.993	1.376	0.800	0.689	-0.689	0.193	0.493	0.535	-0.414	0.511	-0.317	0.265	-0.203	-0.255	-0.536	-0.157	0.780	0.648	0.355	-1.020	0.079	0.549
Bvulgatus_CL09T03C04	HMPREF1058_RS12065	HMPREF1058_RS12065		DUF4491 family protein	1.844	1.031	-0.996	-0.791	-0.108	-0.794	-0.170	0.937	0.592	1.563	-0.030	1.622	1.548	0.423	-0.185	-0.992	-0.462	0.494	-0.322	0.796	-0.890	-0.996
Bvulgatus_CL09T03C04	HMPREF1058_RS12070	HMPREF1058_RS12070		Lrp/AsnC ligand binding domain-containing protein	-4.638	-4.006	-2.982	-2.398	-4.093	-2.931	-4.913	-4.581	-4.582	-4.969	-4.911	-5.383	-4.529	-3.667	-6.124	-5.367	-2.144	-4.293	-4.120	-3.665	-4.630	-5.453
Bvulgatus_CL09T03C04	HMPREF1058_RS12075	HMPREF1058_RS12075		hypothetical protein	-2.596	-2.652	-0.233	-2.965	-0.632	-1.296	-2.275	-2.184	-2.851	-2.368	-2.018	-2.638	-4.264	-3.099	-0.054	0.478	-0.125	-1.191	-3.009	-2.923	-1.539	-2.204
Bvulgatus_CL09T03C04	HMPREF1058_RS12080	HMPREF1058_RS12080		HlyC/CorC family transporter	-4.326	-3.693	-0.658	-1.163	-2.737	-1.520	-5.265	-3.354	-4.471	-5.856	-4.125	-4.116	-5.277	-4.852	0.302	-1.434	-1.781	-1.082	-3.305	-4.020	-5.356	-4.315
Bvulgatus_CL09T03C04	HMPREF1058_RS12085	HMPREF1058_RS12085		NUDIX domain-containing protein	-1.041	-0.426	0.140	-0.800	-2.877	-1.890	0.047	0.102	0.057	-1.125	-0.372	-1.723	-1.548	-0.981	0.090	-2.089	1.052	-1.636	-0.970	-0.728	-0.332	-1.637
Bvulgatus_CL09T03C04	HMPREF1058_RS12090	HMPREF1058_RS12090		tetratricopeptide repeat protein	0.664	0.068	-3.142	-3.773	-1.832	-2.825	-0.028	-0.383	-1.098	-0.257	-0.598	-1.240	-0.509	-0.707	-0.237	-0.850	0.851	0.056	0.006	-1.276	-1.171	-1.455
Bvulgatus_CL09T03C04	HMPREF1058_RS12095	HMPREF1058_RS12095		TonB-dependent receptor	1.286	1.719	-3.145	-2.261	-1.206	-0.553	0.650	0.665	0.340	0.983	-0.326	-0.753	1.689	0.727	1.034	-0.490	-0.293	0.268	2.755	0.959	-1.112	-0.243
Bvulgatus_CL09T03C04	HMPREF1058_RS12105	HMPREF1058_RS12105		shikimate kinase	-4.907	-4.663	-3.212	-3.734	-4.619	-3.957	-4.305	-5.685	-4.113	-4.101	-4.857	-5.839	-4.371	-5.639	-6.608	-5.550	-4.230	-4.754	-5.448	-4.238	-4.093	-4.254
Bvulgatus_CL09T03C04	HMPREF1058_RS12110	HMPREF1058_RS12110		biosynthetic arginine decarboxylase	-10.288	-13.167	-11.196	-10.793	-11.418	-11.203	-10.317	-11.912	-10.543	-9.196	-11.480	-11.416	-10.723	-10.036	-7.777	-7.032	-3.246	-4.144	-11.656	-13.594	-10.583	-12.955
Bvulgatus_CL09T03C04	HMPREF1058_RS12115	HMPREF1058_RS12115		acetylglutamate kinase	-12.732	-11.940	-11.224	-11.417	-11.064	-12.389	-12.486	-12.427	-12.671	-11.801	-14.938	-16.486	-13.711	-15.018	-13.583	-13.239	-11.255	-9.445	-13.301	-14.883	-14.158	-12.540
Bvulgatus_CL09T03C04	HMPREF1058_RS12120	HMPREF1058_RS12120		RNA polymerase sigma factor	-1.031	0.016	-0.472	-0.272	-2.038	-1.001	-0.712	-1.503	2.822	1.538	-0.371	-1.468	-2.946	0.280	-0.543	-0.912	0.340	0.569	1.221	-0.136	-1.101	0.073
Bvulgatus_CL09T03C04	HMPREF1058_RS12125	HMPREF1058_RS12125		hypothetical protein	-0.648	-1.402	-1.206	0.186	-1.761	-2.341	0.589	-1.296	0.101	-1.838	-0.751	-1.483	-0.735	-1.855	-1.035	-0.081	-2.396	-0.663	-1.919	-0.757	-1.441	-1.142
Bvulgatus_CL09T03C04	HMPREF1058_RS12130	HMPREF1058_RS12130		DUF2807 domain-containing protein	0.265	0.470	0.633	-3.222	0.213	0.392	0.675	-0.249	0.457	-0.125	-0.392	-0.240	-0.039	0.382	-0.165	-0.503	0.603	1.323	0.518	0.335	0.463	1.557
Bvulgatus_CL09T03C04	HMPREF1058_RS12135	HMPREF1058_RS12135		M48 family metallopeptidase	0.543	0.885	1.464	-0.234	-0.416	0.487	0.423	0.071	-0.082	-0.659	0.112	-0.127	0.132	-0.149	2.704	0.389	0.579	0.015	-1.457	0.457	1.092	0.653
Bvulgatus_CL09T03C04	HMPREF1058_RS12140	HMPREF1058_RS12140		acetylxylan esterase	-0.093	-0.439	0.749	-0.300	-0.806	0.037	0.055	-0.097	-0.901	-0.377	0.222	0.834	-1.555	-0.248	-0.073	-0.162	-0.099	0.039	-0.079	-1.198	0.712	0.237
Bvulgatus_CL09T03C04	HMPREF1058_RS12145	HMPREF1058_RS12145		membrane protein	-0.913	-0.314	-0.748	-0.965	-1.120	0.365	0.013	0.131	0.463	2.086	0.539	1.020	-1.034	-0.160	1.119	0.576	1.253	-0.156	1.281	-0.895	-0.629	0.545
Bvulgatus_CL09T03C04	HMPREF1058_RS12150	HMPREF1058_RS12150		PD-(D/E)XK nuclease family transposase	-0.254	-1.920	-0.021	0.881	-1.088	-0.537	1.430	1.728	1.487	1.559	0.715	0.331	0.583	0.072	0.510	0.986	0.434	-1.469	1.785	0.860	0.730	-2.564
Bvulgatus_CL09T03C04	HMPREF1058_RS12155	HMPREF1058_RS12155		hypothetical protein	-0.674	-1.179	-0.119	0.213	0.087	0.636	0.313	0.147	-1.237	-0.971	0.114	0.018	0.499	-0.906	0.853	0.561	0.245	-0.227	-0.235	-0.083	-0.816	0.315
Bvulgatus_CL09T03C04	HMPREF1058_RS12160	HMPREF1058_RS12160		hypothetical protein	0.174	0.825	0.205	-1.802	-0.612	-0.104	-0.549	0.274	-0.815	-0.693	0.778	0.379	-0.555	-0.934	0.564	0.242	1.156	-0.181	-1.113	0.120	-0.253	-0.822
Bvulgatus_CL09T03C04	HMPREF1058_RS12165	HMPREF1058_RS12165		radical SAM protein	-0.456	0.586	-0.681	-0.115	0.238	0.416	0.546	0.029	-1.453	-0.938	0.410	0.277	-0.189	-1.818	0.010	0.748	0.314	0.241	-1.341	-1.394	-0.228	0.820
Bvulgatus_CL09T03C04	HMPREF1058_RS12170	HMPREF1058_RS12170		hypothetical protein	-0.344	1.422	-0.394	1.101	-0.577	-0.333	-0.417	0.569	3.578	1.013	-0.856	0.661	-0.769	-0.930	1.215	-0.566	-0.434	-0.409	0.620	0.826	0.564	-0.275
Bvulgatus_CL09T03C04	HMPREF1058_RS12175	HMPREF1058_RS12175		MFS transporter AraJ	1.095	-0.698	0.850	0.753	-0.171	-1.149	-0.074	0.221	-0.050	0.376	0.453	1.051	0.384	-0.072	1.095	1.104	1.188	0.000	-0.232	-0.486	-0.524	1.077
Bvulgatus_CL09T03C04	HMPREF1058_RS12180	HMPREF1058_RS12180		hypothetical protein	-1.051	-0.110	-2.048	-1.478	1.720	1.797	-0.670	-0.557	0.236	-0.785	-0.648	-0.457	-0.801	-2.047	0.363	-1.072	0.437	0.057	-0.017	0.432	1.142	0.107
Bvulgatus_CL09T03C04	HMPREF1058_RS12200	HMPREF1058_RS12200		CvpA family protein	0.585	-3.237	-4.421	-3.013	-2.164	-2.652	-1.640	-2.346	0.303	-0.095	-3.266	-2.211	-2.270	-2.593	-1.157	-1.651	-1.308	-2.683	-0.591	-1.321	-1.622	-2.636
Bvulgatus_CL09T03C04	HMPREF1058_RS12225	HMPREF1058_RS12225		GNAT family N-acetyltransferase	0.725	0.301	1.641	1.373	0.162	-0.395	0.527	-0.130	0.996	0.097	-0.890	-0.466	1.363	0.740	-1.206	0.355	1.529	-0.296	1.354	1.011	0.739	-0.269
Bvulgatus_CL09T03C04	HMPREF1058_RS12230	HMPREF1058_RS12230		glycoside hydrolase	1.605	2.151	-0.781	-1.292	-0.508	-0.567	0.243	0.057	1.076	1.150	0.587	1.196	0.650	0.300	0.979	-0.560	1.179	1.521	2.155	1.116	0.100	0.729
Bvulgatus_CL09T03C04	HMPREF1058_RS12235	HMPREF1058_RS12235		DUF4981 domain-containing protein	1.050	0.357	0.481	-0.277	-0.848	-0.177	-0.095	1.026	1.298	1.731	-0.691	0.271	0.682	0.020	0.061	-0.880	-0.590	-0.616	0.869	0.153	0.089	-0.472
Bvulgatus_CL09T03C04	HMPREF1058_RS12240	HMPREF1058_RS12240		lysine exporter LysO family protein	2.295	0.363	-0.025	-1.083	0.065	0.150	-0.732	-1.677	-0.504	-1.536	0.926	-1.055	0.442	-1.056	-1.173	-0.443	0.093	-1.426	0.990	-1.919	-0.718	1.151
Bvulgatus_CL09T03C04	HMPREF1058_RS12245	HMPREF1058_RS12245		LysO family transporter	0.290	-1.327	-1.172	-1.198	-0.656	-1.051	-0.966	-1.771	-0.548	1.279	-1.289	-1.724	-1.462	-0.477	-0.066	-0.213	-0.666	-0.428	-1.702	-0.549	0.550	-0.859
Bvulgatus_CL09T03C04	HMPREF1058_RS12250	HMPREF1058_RS12250		RagB/SusD family nutrient uptake outer membrane protein	1.317	1.209	1.784	2.311	-0.010	0.237	-0.284	-0.816	0.284	1.151	-0.834	-0.930	0.577	-0.629	-1.277	0.852	0.954	-0.545	1.877	0.002	0.166	-0.671
Bvulgatus_CL09T03C04	HMPREF1058_RS12255	HMPREF1058_RS12255		TonB-dependent receptor	0.237	-0.231	-0.763	-0.395	-0.102	1.163	-0.968	-1.076	0.224	0.109	-1.399	-0.743	-0.247	-0.537	-1.403	-0.458	-0.226	-0.798	0.255	-0.168	-0.566	-0.408
Bvulgatus_CL09T03C04	HMPREF1058_RS12260	HMPREF1058_RS12260		tetratricopeptide repeat protein	-0.380	-1.403	-1.687	-1.617	0.054	0.576	-0.084	-1.285	0.238	0.530	-0.734	-0.573	-1.745	-0.824	-0.185	0.430	0.980	0.069	0.692	-0.125	-0.914	-0.150
Bvulgatus_CL09T03C04	HMPREF1058_RS12265	HMPREF1058_RS12265		ribonuclease HII	-0.132	0.239	0.703	0.289	-0.770	-0.871	-0.358	0.100	-2.900	-0.315	0.484	-0.818	1.116	-0.489	-1.951	-0.628	-0.158	0.192	-1.906	0.302	0.245	-0.200
Bvulgatus_CL09T03C04	HMPREF1058_RS12270	HMPREF1058_RS12270		L-fucose:H+ symporter permease	-0.862	-0.119	0.281	-1.166	0.014	0.320	1.835	1.025	0.464	0.922	-0.028	-0.417	-0.726	-0.585	-19.154	-19.176	-0.149	-0.968	0.146	-0.259	-0.251	0.305
Bvulgatus_CL09T03C04	HMPREF1058_RS12275	HMPREF1058_RS12275		L-fucose isomerase	0.321	-0.697	-0.193	-0.157	-0.756	0.668	0.448	0.887	0.523	1.393	0.181	0.989	-0.400	-1.117	-15.796	-11.511	1.087	-0.215	-0.104	0.390	-0.384	0.250
Bvulgatus_CL09T03C04	HMPREF1058_RS12280	HMPREF1058_RS12280		GntR family transcriptional regulator	-0.076	-0.174	-0.647	-0.432	0.077	-0.894	-1.152	-0.785	0.240	1.201	0.228	0.777	0.003	0.094	-5.905	-4.809	0.141	-0.633	0.612	0.714	-1.350	-0.210
Bvulgatus_CL09T03C04	HMPREF1058_RS12290	HMPREF1058_RS12290		DUF3109 family protein	-0.044	0.313	1.224	0.156	-0.830	-1.207	0.624	1.089	1.397	2.967	1.892	0.951	0.156	0.027	-0.180	0.109	-0.673	-0.215	2.332	0.525	1.111	1.238
Bvulgatus_CL09T03C04	HMPREF1058_RS12295	HMPREF1058_RS12295		OprO/OprP family phosphate-selective porin	-0.867	-1.051	-0.830	-1.918	0.475	-0.029	-0.213	0.859	-0.776	-0.249	0.232	-0.251	-0.390	0.925	-2.028	-0.986	0.317	-0.362	-0.948	-0.655	-0.926	-0.072
Bvulgatus_CL09T03C04	HMPREF1058_RS12300	HMPREF1058_RS12300		SusE domain-containing protein	0.746	-0.085	1.918	1.150	3.463	3.549	0.122	0.806	1.666	2.250	0.245	-0.259	-0.006	-0.854	-0.333	-0.143	0.386	-0.327	1.752	1.355	0.218	-0.201
Bvulgatus_CL09T03C04	HMPREF1058_RS12305	HMPREF1058_RS12305		RagB/SusD family nutrient uptake outer membrane protein	-0.272	-0.471	0.642	1.423	-16.290	-13.847	-0.041	0.063	2.055	2.841	-0.386	0.494	-0.254	-0.844	0.488	-1.017	0.439	-0.493	0.715	1.524	0.042	-0.482
Bvulgatus_CL09T03C04	HMPREF1058_RS12310	HMPREF1058_RS12310		TonB-dependent receptor	0.562	-0.414	0.501	-0.026	-22.943	-21.122	0.401	0.253	0.336	0.456	-0.515	0.236	0.988	-0.592	-0.251	0.595	-0.078	-0.720	-1.263	0.970	-0.082	-0.114
Bvulgatus_CL09T03C04	HMPREF1058_RS12315	HMPREF1058_RS12315		glycoside hydrolase family 97 protein	2.795	1.567	0.470	0.395	10.320	10.758	-0.026	0.348	-0.905	-0.191	0.101	1.217	2.427	1.396	0.272	0.239	-0.596	0.008	-4.506	1.285	-0.651	1.046
Bvulgatus_CL09T03C04	HMPREF1058_RS12320	HMPREF1058_RS12320		glycoside hydrolase family 13 protein	2.572	4.028	-3.187	-0.158	2.544	2.019	1.017	1.908	0.179	-0.755	0.644	0.312	1.231	-0.099	0.814	0.290	0.698	0.825	-3.808	-0.572	-0.414	-0.336
Bvulgatus_CL09T03C04	HMPREF1058_RS12325	HMPREF1058_RS12325		hypothetical protein	-1.457	-1.665	-0.858	0.014	-17.223	-14.687	-1.166	-0.625	-20.326	-20.595	-0.171	-0.901	-1.039	-0.563	0.199	-0.551	-0.032	-0.098	-20.544	-18.510	-1.008	-0.459
Bvulgatus_CL09T03C04	HMPREF1058_RS12330	HMPREF1058_RS12330		hypothetical protein	-0.233	-0.161	-0.670	-0.888	0.297	0.492	0.794	0.589	0.557	0.178	-0.167	-0.726	0.377	0.106	-0.131	0.106	-0.301	0.101	-0.643	0.093	-0.249	0.593
Bvulgatus_CL09T03C04	HMPREF1058_RS12335	HMPREF1058_RS12335		helix-turn-helix transcriptional regulator	-1.041	-0.632	-2.359	-2.060	-3.136	-2.047	-0.969	-1.966	-0.350	-0.057	-0.839	-1.627	-0.636	0.654	-2.060	0.278	-0.267	-0.049	-1.233	-1.577	-2.751	-1.740
Bvulgatus_CL09T03C04	HMPREF1058_RS12340	HMPREF1058_RS12340		SLC45 family MFS transporter	-5.036	-4.103	-1.062	-0.740	-2.383	-1.138	-3.676	-2.845	-8.281	-10.286	-2.728	-2.017	-3.511	-2.603	0.570	0.942	1.162	0.186	-10.819	-12.698	-1.928	-1.038
Bvulgatus_CL09T03C04	HMPREF1058_RS12345	HMPREF1058_RS12345		4-alpha-glucanotransferase	-11.933	-12.103	-1.053	-0.218	-6.426	-5.175	-10.142	-10.842	-18.765	-19.409	-7.105	-6.863	-4.649	-9.930	0.040	-0.327	0.012	0.266	-17.989	-17.500	-7.125	-8.323
Bvulgatus_CL09T03C04	HMPREF1058_RS12365	HMPREF1058_RS12365		DNA repair protein RecO	-0.758	-0.463	1.097	0.419	0.429	-0.996	-0.261	-0.657	-0.895	0.262	-0.112	-1.671	0.192	-1.014	-1.895	-1.452	-0.234	-0.538	-0.348	-1.634	-1.059	0.031
Bvulgatus_CL09T03C04	HMPREF1058_RS12450	HMPREF1058_RS12450		deoxyguanosinetriphosphate triphosphohydrolase	-0.057	1.015	-1.697	0.170	-0.134	-0.919	1.177	-0.867	-1.090	-0.260	0.140	0.839	-1.153	-0.428	-0.431	0.910	1.455	0.489	-0.402	-0.086	-0.134	0.176
Bvulgatus_CL09T03C04	HMPREF1058_RS12455	HMPREF1058_RS12455		dUTP diphosphatase	1.058	0.556	1.199	0.330	-1.129	-1.529	-0.593	0.275	-0.394	1.359	0.482	-0.607	-1.315	2.258	-0.502	1.847	-0.001	1.075	0.527	0.063	0.323	1.078
Bvulgatus_CL09T03C04	HMPREF1058_RS12460	HMPREF1058_RS12460		tetratricopeptide repeat protein	-5.141	-7.450	-3.815	-1.403	-2.429	-0.750	-4.822	-4.758	-5.176	-4.200	-2.117	-2.685	-5.875	-5.035	-7.848	-2.836	-1.067	1.164	-3.817	-3.580	-5.144	-4.198
Bvulgatus_CL09T03C04	HMPREF1058_RS12470	HMPREF1058_RS12470		peptidoglycan DD-metalloendopeptidase family protein	1.627	0.030	-0.738	-0.930	-1.953	-4.179	-0.340	0.020	1.464	2.328	-1.063	-0.173	-0.164	-0.422	1.027	-0.879	1.211	-0.304	0.349	1.007	-1.089	-0.924
Bvulgatus_CL09T03C04	HMPREF1058_RS12480	HMPREF1058_RS12480		glutaminase	-0.819	-0.232	-2.857	-0.978	0.068	0.265	0.013	-0.292	1.087	0.645	0.341	0.222	-0.958	-0.817	-0.614	-0.908	0.137	-0.236	0.942	0.786	-1.348	0.157
Bvulgatus_CL09T03C04	HMPREF1058_RS12490	HMPREF1058_RS12490		5-(carboxyamino)imidazole ribonucleotide mutase	-4.981	-4.980	-2.720	-2.579	-3.944	-3.331	-5.708	-5.844	-4.524	-4.662	-5.712	-5.678	-3.970	-5.282	-5.094	-5.936	-2.551	-6.267	-4.317	-4.748	-4.909	-5.480
Bvulgatus_CL09T03C04	HMPREF1058_RS12495	HMPREF1058_RS12495		glycine cleavage system protein GcvH	1.064	-0.843	0.026	-0.707	-1.219	-1.059	0.326	0.328	-0.055	-0.138	-0.665	-0.228	0.333	0.369	-3.051	-0.874	-1.045	-2.323	-0.971	-1.565	0.411	0.441
Bvulgatus_CL09T03C04	HMPREF1058_RS12500	HMPREF1058_RS12500		phosphatase PAP2 family protein	-1.922	-1.141	-1.529	-0.933	-1.878	-0.518	-0.584	-0.717	-1.425	-1.729	-1.594	-1.278	-2.161	-2.796	-0.701	-0.076	-0.078	-0.986	-1.209	-3.072	-1.557	-1.654
Bvulgatus_CL09T03C04	HMPREF1058_RS12505	HMPREF1058_RS12505		RNA polymerase factor sigma-54	-4.484	-4.591	-1.893	-2.725	-4.523	-4.417	-5.834	-5.811	-5.133	-3.440	-4.844	-5.699	-3.376	-3.875	-6.098	-4.507	-4.457	-4.494	-4.373	-2.729	-4.703	-5.836
Bvulgatus_CL09T03C04	HMPREF1058_RS12510	HMPREF1058_RS12510		glycyl-radical enzyme activating protein	-0.065	0.919	-2.393	-0.505	-0.160	-0.735	-1.055	-0.917	-1.317	-0.883	-2.086	-0.620	-1.201	-2.023	-0.656	-0.664	-1.164	-1.576	-0.724	-1.703	-1.246	-2.426
Bvulgatus_CL09T03C04	HMPREF1058_RS12515	HMPREF1058_RS12515		glycyl radical protein	0.449	1.704	0.074	1.077	-1.086	-1.075	-0.061	-0.294	0.572	-0.417	-0.578	0.370	-0.048	-0.205	-0.077	-0.125	-0.428	-0.362	-0.954	-1.145	-1.661	-0.827
Bvulgatus_CL09T03C04	HMPREF1058_RS12520	HMPREF1058_RS12520		nucleoside kinase	1.056	0.125	-2.723	-3.054	-2.131	-2.514	-6.529	-6.868	-2.890	-2.157	-6.985	-6.417	-1.733	-5.937	-6.724	-6.971	-6.073	-7.603	-2.680	-4.661	-7.261	-5.548
Bvulgatus_CL09T03C04	HMPREF1058_RS12525	HMPREF1058_RS12525		Na/Pi cotransporter family protein	0.868	-0.814	-0.621	-0.688	3.215	1.880	1.158	-0.384	2.594	3.894	-2.209	0.015	4.794	1.193	-1.126	0.530	-2.938	0.743	1.308	3.520	-1.515	-0.731
Bvulgatus_CL09T03C04	HMPREF1058_RS12530	HMPREF1058_RS12530		hypothetical protein	0.658	0.527	-0.673	-0.302	0.856	0.179	0.422	1.216	1.626	1.928	-0.578	1.139	-0.576	0.956	0.295	0.672	-0.465	0.877	1.155	0.958	0.473	1.787
Bvulgatus_CL09T03C04	HMPREF1058_RS12535	HMPREF1058_RS12535		FKBP-type peptidyl-prolyl cis-trans isomerase	-2.832	-2.721	-1.893	-1.966	-1.070	-1.307	1.551	2.536	5.866	4.270	1.193	0.625	-0.647	-1.272	0.705	-0.256	1.601	2.422	4.781	3.993	0.380	0.683
Bvulgatus_CL09T03C04	HMPREF1058_RS12540	HMPREF1058_RS12540		FKBP-type peptidyl-prolyl cis-trans isomerase	-1.602	-2.650	-3.034	-3.665	-1.894	-1.489	-0.885	-0.604	0.154	1.353	-0.467	-1.220	0.516	-1.681	-1.173	-1.603	-0.373	-1.625	0.760	0.083	-1.330	-0.823
Bvulgatus_CL09T03C04	HMPREF1058_RS12545	HMPREF1058_RS12545		NAD-dependent deacylase	0.941	1.234	-0.630	1.181	1.941	0.800	2.730	0.662	2.033	1.321	0.156	0.410	0.299	1.799	-0.365	0.941	0.011	0.880	1.432	0.550	2.118	0.572
Bvulgatus_CL09T03C04	HMPREF1058_RS12550	HMPREF1058_RS12550		rubredoxin	-1.236	0.228	-0.500	-0.873	0.362	-0.688	0.241	0.145	0.683	2.096	-0.107	-2.166	0.494	0.782	0.729	-1.326	1.520	-1.083	1.760	0.260	1.120	-0.317
Bvulgatus_CL09T03C04	HMPREF1058_RS12560	HMPREF1058_RS12560		redoxin domain-containing protein	-1.708	-0.378	-0.271	-1.337	1.336	2.392	-0.780	-1.815	-1.673	-1.481	-0.438	-0.203	-2.545	-2.933	-1.849	0.240	1.086	0.340	-1.340	-0.573	0.118	0.029
Bvulgatus_CL09T03C04	HMPREF1058_RS12570	HMPREF1058_RS12570		HIT family protein	-3.343	-3.415	0.601	0.597	2.122	0.390	-0.685	-0.797	0.278	-1.952	-0.417	0.513	-5.495	-3.677	0.697	-0.858	0.865	0.270	-1.742	-0.051	-2.188	-1.114
Bvulgatus_CL09T03C04	HMPREF1058_RS12575	HMPREF1058_RS12575		mannose-1-phosphate guanylyltransferase	-8.363	-7.721	3.409	4.420	-3.978	-4.762	-6.019	-5.522	-4.022	-5.676	-6.053	-6.048	-8.940	-9.531	-5.001	-2.438	1.843	2.829	-3.841	-3.054	-6.223	-5.598
Bvulgatus_CL09T03C04	HMPREF1058_RS12590	HMPREF1058_RS12590		transposase	-0.239	0.134	-0.056	1.511	-0.869	0.061	-0.454	-1.648	-0.184	0.922	-1.608	-1.842	-0.673	-2.117	-0.555	0.184	-1.122	-0.412	0.861	-1.307	-0.286	-0.887
Bvulgatus_CL09T03C04	HMPREF1058_RS12595	HMPREF1058_RS12595		hypothetical protein	-1.654	-1.280	-0.317	-0.884	-0.918	-0.560	-1.680	-0.981	-1.415	-0.906	-0.556	-1.684	-0.122	-1.179	0.361	-0.989	0.510	-0.892	-1.221	-1.561	-1.558	-1.365
Bvulgatus_CL09T03C04	HMPREF1058_RS12600	HMPREF1058_RS12600		hypothetical protein	0.089	0.346	-0.242	-2.131	-0.821	-0.312	0.080	-0.375	-0.776	-1.220	-0.234	0.592	-1.164	-2.266	-1.161	-0.972	0.003	0.323	-0.588	0.241	0.115	0.321
Bvulgatus_CL09T03C04	HMPREF1058_RS12605	HMPREF1058_RS12605		HAD family hydrolase	0.400	0.823	1.873	0.281	0.876	-1.422	1.053	0.211	-0.020	-0.518	0.094	0.385	0.084	1.014	-0.007	0.876	-0.260	1.073	0.702	0.031	0.882	-1.071
Bvulgatus_CL09T03C04	HMPREF1058_RS12610	HMPREF1058_RS12610		NUDIX hydrolase	0.014	0.555	0.332	1.112	-0.866	-0.450	-0.356	0.610	-0.564	0.787	0.466	-0.173	1.260	0.487	-0.411	0.194	-0.235	-0.155	-1.023	-0.566	0.666	0.475
Bvulgatus_CL09T03C04	HMPREF1058_RS12615	HMPREF1058_RS12615		Crp/Fnr family transcriptional regulator	-0.779	0.469	-0.850	-1.547	1.883	0.371	-1.007	-0.671	-0.698	-0.214	-1.481	-0.602	0.522	-0.640	-1.129	-0.286	-0.092	-0.670	-0.389	-0.505	-0.202	-1.493
Bvulgatus_CL09T03C04	HMPREF1058_RS12620	HMPREF1058_RS12620		DUF1016 family protein	-0.499	-0.943	1.004	-0.686	-1.240	-1.013	-0.220	-0.348	-0.257	0.776	-0.114	-0.992	-0.326	-0.275	-0.718	0.041	-0.317	-0.282	0.422	-0.917	-0.996	0.796
Bvulgatus_CL09T03C04	HMPREF1058_RS12625	HMPREF1058_RS12625		integrase catalytic domain-containing protein	-0.066	-0.125	1.480	-0.917	0.304	-0.295	-0.998	-1.344	-0.476	-0.874	-0.606	0.269	-0.746	0.494	1.553	1.152	-1.193	1.153	0.106	0.317	1.121	-1.579
Bvulgatus_CL09T03C04	HMPREF1058_RS12630	HMPREF1058_RS12630		Fic family protein	-0.062	-0.352	0.648	0.706	-1.146	-0.263	-1.337	-0.791	-0.609	0.522	-0.136	-1.886	-1.188	-0.819	-0.929	-1.431	2.118	-0.756	0.913	-1.041	0.324	0.738
Bvulgatus_CL09T03C04	HMPREF1058_RS12635	HMPREF1058_RS12635		DUF3784 domain-containing protein	0.687	-1.530	-0.403	-0.554	-0.886	-0.167	-0.861	-0.003	0.049	-0.094	-0.987	0.195	-1.009	-1.797	-0.226	-1.372	-0.604	-0.136	0.220	0.736	0.299	-0.993
Bvulgatus_CL09T03C04	HMPREF1058_RS12640	HMPREF1058_RS12640		hypothetical protein	-1.224	0.128	0.701	0.204	-1.472	-0.423	-0.675	-0.753	-0.559	-0.161	-0.678	-0.404	0.926	-1.346	0.454	0.695	-1.334	0.992	-0.302	-1.288	-0.450	0.358
Bvulgatus_CL09T03C04	HMPREF1058_RS12645	HMPREF1058_RS12645		outer membrane beta-barrel protein	0.696	-0.238	0.909	-0.242	0.451	1.017	-0.636	-0.121	-0.836	-0.227	0.053	0.539	-0.034	-1.083	-0.239	-0.045	0.180	-0.438	-0.300	-0.070	0.451	0.575
Bvulgatus_CL09T03C04	HMPREF1058_RS12650	HMPREF1058_RS12650		helix-turn-helix transcriptional regulator	-0.601	0.152	0.319	-0.258	1.014	0.934	-0.255	-0.217	0.281	1.153	0.609	0.132	0.749	-1.026	0.607	0.216	0.270	-0.435	-0.456	0.184	-0.176	0.007
Bvulgatus_CL09T03C04	HMPREF1058_RS12655	HMPREF1058_RS12655		B12-binding domain-containing radical SAM protein	-2.215	-1.436	-4.114	-0.836	-0.899	0.021	-0.705	-0.952	-0.882	-1.004	-0.578	-0.954	-2.166	-0.721	-1.736	-1.331	-0.645	-0.165	-0.946	0.099	-0.464	0.181
Bvulgatus_CL09T03C04	HMPREF1058_RS12660	HMPREF1058_RS12660		GNAT family N-acetyltransferase	-0.659	1.044	0.834	1.749	0.270	0.649	1.320	-0.017	1.025	1.626	1.248	0.602	1.756	1.170	-0.088	0.835	-0.109	0.556	1.191	0.017	1.102	2.216
Bvulgatus_CL09T03C04	HMPREF1058_RS12665	HMPREF1058_RS12665		GNAT family N-acetyltransferase	-1.326	-1.251	-0.419	-0.763	-2.062	-1.166	-0.234	-1.099	-0.277	1.345	-0.189	0.617	-0.168	-1.022	-2.040	0.351	-0.736	-1.904	0.107	-0.601	0.364	0.492
Bvulgatus_CL09T03C04	HMPREF1058_RS12670	HMPREF1058_RS12670		N-acetyltransferase	-2.626	-3.165	0.817	0.655	0.412	0.231	-0.233	-1.506	-1.279	-1.462	0.030	-1.561	-0.427	-0.742	0.276	-0.003	-0.413	0.237	-2.139	-0.239	0.211	-1.585
Bvulgatus_CL09T03C04	HMPREF1058_RS12675	HMPREF1058_RS12675		DUF488 family protein	-4.037	-2.774	-0.517	-1.425	-0.821	-0.575	-0.756	-0.217	0.447	0.767	-1.413	0.294	-0.972	-0.724	-2.172	-0.090	-0.011	-1.561	-0.598	1.040	-1.077	-0.985
Bvulgatus_CL09T03C04	HMPREF1058_RS12680	HMPREF1058_RS12680		acetyl-CoA carboxylase biotin carboxylase subunit	-3.916	-3.654	0.277	0.893	-2.645	-1.592	-1.303	-3.017	-0.665	-2.286	-2.254	-4.195	-1.403	-3.690	-0.784	-2.984	-0.619	-2.960	-0.660	-1.004	-3.118	-3.153
Bvulgatus_CL09T03C04	HMPREF1058_RS12690	HMPREF1058_RS12690		acyl-CoA carboxylase subunit beta	-0.781	-0.739	-1.045	-1.183	-2.632	-2.017	-1.774	-0.009	-1.699	-0.885	-0.163	-1.168	-1.357	-0.875	-0.629	-2.200	-1.105	0.771	-1.938	-2.422	-1.041	-1.112
Bvulgatus_CL09T03C04	HMPREF1058_RS12695	HMPREF1058_RS12695		tripeptidyl aminopeptidase	-1.330	-1.582	1.990	0.862	-0.977	-1.244	-2.038	-2.384	-1.535	-1.690	-1.013	-2.357	-2.254	-2.533	-1.464	-0.534	0.147	0.303	-0.779	-1.981	-1.423	-1.666
Bvulgatus_CL09T03C04	HMPREF1058_RS12705	HMPREF1058_RS12705		cob(I)yrinic acid a,c-diamide adenosyltransferase	0.113	-1.142	-3.523	-4.118	-9.961	-7.187	-6.347	-9.105	-6.827	-7.046	-6.946	-8.078	-2.729	-6.284	-8.183	-10.128	-8.398	-10.856	-8.527	-5.890	-9.200	-9.223
Bvulgatus_CL09T03C04	HMPREF1058_RS12715	HMPREF1058_RS12715		porin family protein	2.423	2.291	-3.373	-3.083	-1.380	-3.683	0.738	0.300	4.514	5.083	-0.779	-1.275	0.503	-1.241	0.026	-2.886	-0.443	0.407	1.890	0.351	-1.577	-1.277
Bvulgatus_CL09T03C04	HMPREF1058_RS12725	HMPREF1058_RS12725		phosphatase	1.444	0.676	0.066	0.491	0.592	0.045	-0.348	0.698	0.268	0.000	-0.275	-0.330	0.579	-0.061	-0.555	0.076	-0.049	-1.512	-0.175	0.333	-0.220	0.685
Bvulgatus_CL09T03C04	HMPREF1058_RS12730	HMPREF1058_RS12730		low molecular weight phosphotyrosine protein phosphatase	0.122	-0.557	-1.136	-1.655	0.668	-0.011	-0.013	-0.244	-0.055	-0.765	0.188	0.406	-0.052	-0.695	-0.286	-0.436	-0.132	0.381	1.261	-0.000	0.279	1.091
Bvulgatus_CL09T03C04	HMPREF1058_RS12735	HMPREF1058_RS12735		HDIG domain-containing protein	-4.738	-4.613	0.049	-0.309	-4.674	-5.263	-5.973	-5.689	-4.668	-3.297	-5.648	-4.873	-5.321	-5.935	-2.809	-3.901	-1.554	-5.313	-4.130	-4.129	-3.942	-5.349
Bvulgatus_CL09T03C04	HMPREF1058_RS12750	HMPREF1058_RS12750		helix-turn-helix transcriptional regulator	0.179	-0.976	-2.051	-3.622	-1.301	-1.880	-1.270	-1.229	-0.448	-0.759	-2.622	-1.280	-0.348	-0.590	-1.398	-0.803	-1.549	0.082	0.793	-0.436	-3.160	-1.841
Bvulgatus_CL09T03C04	HMPREF1058_RS12755	HMPREF1058_RS12755		hypothetical protein	0.707	-0.017	0.048	-0.088	0.317	-0.222	0.257	0.135	0.153	0.521	0.181	-0.056	0.539	0.027	-0.380	0.195	-0.094	-0.238	-0.074	-0.404	-0.115	0.169
Bvulgatus_CL09T03C04	HMPREF1058_RS12760	HMPREF1058_RS12760		hypothetical protein	-0.106	2.351	-0.101	-1.564	1.312	0.350	0.208	-0.070	0.554	-0.707	-0.176	0.646	0.649	0.047	0.102	0.856	0.631	-0.411	0.320	-0.265	1.312	-0.692
Bvulgatus_CL09T03C04	HMPREF1058_RS12765	HMPREF1058_RS12765		NUDIX domain-containing protein	1.318	-0.218	-0.812	-0.828	-0.164	-1.005	0.552	0.653	-0.796	-0.065	-0.017	0.004	-1.423	-0.004	-0.092	0.969	0.329	0.968	-0.346	-0.260	-1.023	0.126
Bvulgatus_CL09T03C04	HMPREF1058_RS12770	HMPREF1058_RS12770		polysaccharide biosynthesis protein	0.082	-0.940	-0.053	0.776	0.368	-0.587	0.600	-0.408	-0.279	0.439	0.546	0.669	1.180	-0.757	-1.096	0.593	-0.025	-0.487	-0.541	-0.210	-0.252	0.298
Bvulgatus_CL09T03C04	HMPREF1058_RS12775	HMPREF1058_RS12775		hypothetical protein	-0.836	1.096	0.809	0.585	1.687	1.247	-0.459	1.094	0.163	1.587	2.058	1.351	0.044	1.830	1.678	0.743	1.400	1.293	1.605	2.652	1.431	1.589
Bvulgatus_CL09T03C04	HMPREF1058_RS12780	HMPREF1058_RS12780		M20 family metallo-hydrolase	-13.341	-8.252	-9.560	-11.200	-11.441	-11.092	-13.921	-14.102	-8.410	-7.234	-9.772	-14.805	-13.257	-8.924	-13.932	-11.562	-9.555	-9.924	-11.243	-12.939	-14.858	-13.864
Bvulgatus_CL09T03C04	HMPREF1058_RS12785	HMPREF1058_RS12785		long-chain fatty acid--CoA ligase	-0.872	0.105	-5.007	-7.705	-5.795	-7.615	0.118	0.004	-0.542	-0.476	-1.922	-2.597	6.060	0.130	-0.514	-2.176	3.259	-0.680	0.387	-1.566	-0.160	-0.603
Bvulgatus_CL09T03C04	HMPREF1058_RS12795	HMPREF1058_RS12795		CYTH domain-containing protein	-5.398	-7.156	-3.048	-2.660	-1.836	-0.167	-5.272	-5.829	-5.006	-3.125	-6.665	-7.824	-6.331	-6.288	2.454	1.925	1.050	-0.746	-4.800	-6.334	-4.479	-4.996
Bvulgatus_CL09T03C04	HMPREF1058_RS12800	HMPREF1058_RS12800		TonB-dependent receptor	-3.654	-3.082	2.272	1.656	1.780	3.277	1.817	1.575	3.805	4.126	1.898	1.856	1.157	-0.204	2.401	3.293	2.090	1.549	4.327	2.505	2.097	2.581
Bvulgatus_CL09T03C04	HMPREF1058_RS12805	HMPREF1058_RS12805		RNA polymerase sigma factor	-5.975	-7.881	-2.355	-0.524	-2.359	-4.555	-1.683	-1.898	2.804	4.088	-2.165	-2.115	-3.595	-7.379	-3.339	-0.883	1.382	-0.632	2.841	2.108	-2.332	-2.347
Bvulgatus_CL09T03C04	HMPREF1058_RS12810	HMPREF1058_RS12810		VanZ family protein	-6.891	-6.474	-1.097	0.205	3.231	3.311	0.235	-0.240	5.910	3.878	0.129	0.379	-0.804	-1.616	4.145	0.666	2.104	0.964	4.518	3.926	0.637	-0.256
Bvulgatus_CL09T03C04	HMPREF1058_RS12815	HMPREF1058_RS12815		sodium-dependent transporter	6.936	7.777	0.910	1.878	-1.252	0.068	3.174	3.710	0.245	0.729	2.782	3.312	4.299	3.919	-0.713	0.230	-0.237	-0.287	1.389	0.419	2.632	2.863
Bvulgatus_CL09T03C04	HMPREF1058_RS12820	HMPREF1058_RS12820		helix-hairpin-helix domain-containing protein	1.632	2.415	-0.171	-0.583	0.170	-0.349	1.346	0.491	0.120	-0.120	0.692	1.764	0.723	1.006	-0.186	1.352	1.604	1.112	-0.105	-0.096	-0.269	1.097
Bvulgatus_CL09T03C04	HMPREF1058_RS12825	HMPREF1058_RS12825		alkaline phosphatase	0.370	0.271	2.865	2.770	1.700	-0.459	-0.234	0.211	1.114	1.150	-0.057	-1.015	-0.434	-1.055	1.884	-0.577	0.910	0.003	1.978	0.547	-0.433	0.555
Bvulgatus_CL09T03C04	HMPREF1058_RS12830	HMPREF1058_RS12830		hypothetical protein	0.944	-0.070	-2.019	-1.630	0.996	2.568	-0.335	0.342	-1.318	-0.262	-1.252	-0.033	1.173	0.977	-0.675	0.750	1.828	3.029	-1.077	-2.290	-1.126	-0.171
Bvulgatus_CL09T03C04	HMPREF1058_RS12840	HMPREF1058_RS12840		hypothetical protein	0.905	0.402	0.270	-0.695	0.161	0.774	0.532	0.522	0.098	0.762	0.842	0.701	2.062	1.215	0.569	0.632	0.888	0.634	0.838	1.188	0.832	1.008
Bvulgatus_CL09T03C04	HMPREF1058_RS12845	HMPREF1058_RS12845		putative DNA binding domain-containing protein	1.303	1.779	1.554	1.167	2.221	-0.420	0.484	-0.034	-0.849	-2.134	-0.068	-0.785	-1.082	-0.122	-1.190	0.019	0.824	0.203	-0.277	-0.588	0.906	0.494
Bvulgatus_CL09T03C04	HMPREF1058_RS12850	HMPREF1058_RS12850		helix-turn-helix domain-containing protein	-0.658	0.608	-0.961	0.777	-0.418	-0.157	-0.205	-0.649	-0.375	-1.820	-0.247	-0.764	-0.371	-1.618	-0.811	0.532	-0.069	0.281	-1.810	-0.381	0.249	0.189
Bvulgatus_CL09T03C04	HMPREF1058_RS12855	HMPREF1058_RS12855		sugar O-acetyltransferase	0.407	1.628	0.207	-0.185	0.617	-1.052	-0.107	0.281	-0.654	-0.188	0.435	0.976	1.634	0.374	-0.626	1.046	0.152	-0.617	-0.373	-1.545	-1.437	-0.260
Bvulgatus_CL09T03C04	HMPREF1058_RS12860	HMPREF1058_RS12860		HAD hydrolase-like protein	0.733	0.417	0.825	0.547	0.185	-0.257	-0.552	-1.067	0.062	-1.115	0.237	0.220	0.472	0.394	-0.223	0.524	0.804	0.179	0.605	0.536	-1.131	-0.855
Bvulgatus_CL09T03C04	HMPREF1058_RS12880	HMPREF1058_RS12880		thiamine-phosphate kinase	-5.136	-3.590	-0.984	-2.815	-3.143	-3.597	-1.834	-2.559	-2.447	-3.048	-3.570	-2.791	-5.455	-5.081	-0.047	-0.524	-1.482	-0.730	-3.246	-6.541	-2.546	-3.295
Bvulgatus_CL09T03C04	HMPREF1058_RS12885	HMPREF1058_RS12885		purine-nucleoside phosphorylase	0.592	0.179	-0.424	-0.654	-4.383	-5.650	-1.471	-2.236	-1.344	-1.116	-2.809	-2.320	0.494	-0.366	-3.938	-4.055	-2.302	-1.540	-1.789	-2.176	-3.570	-2.985
Bvulgatus_CL09T03C04	HMPREF1058_RS12895	HMPREF1058_RS12895		signal peptide peptidase SppA	-5.416	-5.414	0.663	0.723	2.982	2.226	-0.864	-1.475	-5.841	-6.538	0.563	-0.073	-1.958	-1.890	4.717	2.957	3.361	3.381	-5.751	-6.180	-0.160	-0.155
Bvulgatus_CL09T03C04	HMPREF1058_RS12900	HMPREF1058_RS12900		nitroreductase family protein	1.144	0.095	-1.584	0.479	0.539	0.354	1.250	0.199	0.767	-0.283	0.306	0.113	-0.305	-0.862	0.654	0.791	0.907	-0.575	-0.004	0.629	-0.614	1.120
Bvulgatus_CL09T03C04	HMPREF1058_RS12905	HMPREF1058_RS12905		kinase	1.221	0.528	0.303	0.140	-0.797	1.129	-0.122	-0.220	-0.271	-0.065	0.145	-0.141	0.048	-1.613	-0.294	0.296	0.506	-0.418	-1.734	-0.889	-0.205	0.654
Bvulgatus_CL09T03C04	HMPREF1058_RS12910	HMPREF1058_RS12910		glycerate kinase	0.785	1.417	-0.222	0.101	0.477	0.384	0.101	0.731	-0.266	-1.756	-0.240	-1.140	0.714	-0.783	-0.033	0.090	-0.523	0.031	-0.608	-0.439	1.161	-0.095
Bvulgatus_CL09T03C04	HMPREF1058_RS12955	HMPREF1058_RS12955		low specificity L-threonine aldolase	-0.302	0.619	0.992	0.628	-0.024	1.004	0.458	1.042	0.635	1.017	0.658	-0.869	1.530	-0.384	-0.221	-0.518	0.851	0.126	0.615	1.136	-1.186	-1.154
Bvulgatus_CL09T03C04	HMPREF1058_RS12965	HMPREF1058_RS12965		lactonase family protein	-1.403	-0.400	0.065	0.473	0.477	-0.628	-0.409	0.491	-0.078	-0.314	-0.153	-0.951	-0.615	-1.692	0.815	-0.092	-0.813	0.598	0.407	-0.218	-0.259	-0.714
Bvulgatus_CL09T03C04	HMPREF1058_RS12975	HMPREF1058_RS12975		hypothetical protein	1.067	-0.019	2.886	3.026	-0.327	-0.857	-1.284	-0.621	-0.557	-0.920	-0.578	-0.366	0.932	-0.042	-1.747	-1.236	-0.410	-1.370	-1.718	-0.027	-0.842	-0.830
Bvulgatus_CL09T03C04	HMPREF1058_RS12980	HMPREF1058_RS12980		hypothetical protein	-0.029	1.341	-2.304	-0.287	-0.779	0.535	-1.485	-2.196	-2.766	-0.806	-1.386	-2.173	0.900	-0.475	-1.535	-0.151	1.005	-1.171	-1.643	-0.477	-1.843	-1.895
Bvulgatus_CL09T03C04	HMPREF1058_RS12985	HMPREF1058_RS12985		DUF3871 family protein	0.596	0.852	-0.440	-0.322	-1.736	0.544	-0.595	-0.363	1.267	-0.693	0.623	-0.127	0.793	-0.311	-1.097	0.075	-0.001	0.129	-0.683	0.745	-0.110	0.424
Bvulgatus_CL09T03C04	HMPREF1058_RS12990	HMPREF1058_RS12990		hypothetical protein	-0.185	-0.972	-1.131	1.029	1.328	-0.069	-0.265	0.565	-1.605	-0.419	0.959	-0.910	1.736	0.335	-1.118	-1.932	-1.211	-0.160	-0.051	0.314	-1.329	0.179
Bvulgatus_CL09T03C04	HMPREF1058_RS12995	HMPREF1058_RS12995		hypothetical protein	-0.939	-1.116	-2.248	-1.845	-0.503	-0.094	-0.179	-0.561	-0.076	-0.427	-2.609	-0.464	0.081	-1.121	-0.383	0.418	-0.774	-0.625	0.538	0.912	-0.280	0.187
Bvulgatus_CL09T03C04	HMPREF1058_RS13000	HMPREF1058_RS13000		hypothetical protein	3.085	4.031	0.096	0.269	-4.241	-4.742	2.453	1.807	4.375	3.957	0.602	1.421	2.377	1.839	-3.258	-3.224	-3.692	-3.387	1.468	3.466	2.097	1.029
Bvulgatus_CL09T03C04	HMPREF1058_RS13005	HMPREF1058_RS13005		hypothetical protein	1.288	-0.838	-1.754	-2.190	-3.292	-3.404	-0.415	-1.199	-0.003	-1.939	-1.509	-1.206	-1.196	-0.417	-3.383	-3.400	-1.870	-2.545	-0.760	-0.644	-0.867	-2.108
Bvulgatus_CL09T03C04	HMPREF1058_RS13010	HMPREF1058_RS13010		hypothetical protein	-1.181	-0.544	-0.790	0.560	-0.141	0.214	-0.229	0.794	-0.137	0.816	1.293	-0.335	0.632	0.496	-0.375	-0.717	0.309	-0.081	0.056	-0.434	0.114	0.109
Bvulgatus_CL09T03C04	HMPREF1058_RS13015	HMPREF1058_RS13015		recombinase family protein	-0.568	0.380	-1.572	-1.155	-2.311	-0.533	0.096	0.428	-1.169	-0.000	-0.102	0.719	0.042	1.134	-1.281	-1.330	-0.848	0.699	0.837	0.161	0.041	-0.520
Bvulgatus_CL09T03C04	HMPREF1058_RS13020	HMPREF1058_RS13020		hypothetical protein	1.806	0.041	-0.692	-1.795	-0.883	-0.891	0.017	-0.208	-0.190	1.129	0.391	0.406	-1.124	-0.126	-0.823	1.316	0.051	-0.278	-1.194	-2.668	-0.020	0.639
Bvulgatus_CL09T03C04	HMPREF1058_RS13025	HMPREF1058_RS13025		hypothetical protein	-0.112	-1.387	-0.018	-1.290	0.882	0.981	1.241	0.557	1.250	1.374	-0.080	0.891	-0.419	-0.513	2.875	0.259	0.402	1.565	0.404	1.620	1.059	0.731
Bvulgatus_CL09T03C04	HMPREF1058_RS13030	HMPREF1058_RS13030		TonB-dependent receptor	1.198	1.036	0.045	1.703	0.414	-0.196	0.291	0.432	-0.099	-0.668	0.173	0.228	0.680	0.611	-0.034	-0.104	-0.235	-0.109	-1.230	-1.415	0.985	-0.021
Bvulgatus_CL09T03C04	HMPREF1058_RS13035	HMPREF1058_RS13035		RagB/SusD family nutrient uptake outer membrane protein	0.016	1.265	0.163	0.732	0.349	1.920	-0.560	0.150	0.145	-0.854	-1.492	-0.482	-1.826	-1.585	0.016	1.402	0.215	1.068	0.331	0.006	-0.742	-0.387
Bvulgatus_CL09T03C04	HMPREF1058_RS13040	HMPREF1058_RS13040		winged helix-turn-helix domain-containing protein	-1.201	-1.322	-0.387	-0.256	-0.461	-1.669	-0.798	-0.644	0.608	0.126	-1.434	-0.599	0.107	0.416	-0.618	0.139	-0.459	-1.317	1.941	0.786	-0.750	0.132
Bvulgatus_CL09T03C04	HMPREF1058_RS13045	HMPREF1058_RS13045		hypothetical protein	-0.134	1.358	0.232	0.420	0.854	1.906	1.435	1.883	0.430	-0.715	-0.842	-0.282	-0.107	-0.704	-0.369	0.012	0.234	0.870	-1.018	0.895	-0.101	0.293
Bvulgatus_CL09T03C04	HMPREF1058_RS13050	HMPREF1058_RS13050		hypothetical protein	-2.263	0.403	0.650	1.398	-1.257	-1.057	-1.732	-1.536	0.523	0.620	-0.438	0.044	0.149	0.165	-0.345	-0.942	-2.328	-1.029	0.293	-0.184	-0.924	-1.513
Bvulgatus_CL09T03C04	HMPREF1058_RS13055	HMPREF1058_RS13055		hypothetical protein	-0.452	0.298	1.090	-0.187	-2.223	-0.038	-0.046	-1.265	-1.430	0.411	-0.290	-0.269	1.144	0.760	-0.641	-0.118	-0.018	-0.254	-1.112	-1.418	0.507	-0.157
Bvulgatus_CL09T03C04	HMPREF1058_RS13060	HMPREF1058_RS13060		helix-turn-helix transcriptional regulator	-0.884	-0.845	-0.215	-0.345	1.211	2.970	-1.193	-1.149	0.460	0.323	-1.823	-0.457	-0.200	-1.056	1.342	1.260	-0.169	-0.355	1.021	-0.690	0.170	-1.531
Bvulgatus_CL09T03C04	HMPREF1058_RS13065	HMPREF1058_RS13065		hypothetical protein	0.245	-0.238	2.369	2.028	2.169	4.436	0.522	0.727	-0.662	-1.199	0.372	0.422	0.132	-0.104	0.338	0.967	-0.920	-0.068	-0.019	-0.538	0.551	0.563
Bvulgatus_CL09T03C04	HMPREF1058_RS13070	HMPREF1058_RS13070		LamG domain-containing protein	0.528	-0.883	-1.223	0.864	-0.967	1.708	0.223	-0.009	-0.216	0.882	1.139	-0.532	1.198	0.189	1.372	0.465	-0.106	0.294	1.743	-0.212	1.568	0.550
Bvulgatus_CL09T03C04	HMPREF1058_RS13075	HMPREF1058_RS13075		hypothetical protein	0.058	-0.474	0.692	1.028	0.158	0.103	-0.415	-0.513	-0.299	0.368	-0.374	-0.216	0.576	0.300	-0.357	-0.189	-0.792	-0.392	0.603	0.551	0.083	0.099
Bvulgatus_CL09T03C04	HMPREF1058_RS13080	HMPREF1058_RS13080		winged helix-turn-helix domain-containing protein	-0.076	0.499	-0.013	-0.900	0.211	1.318	-0.477	0.459	0.392	-0.413	-0.711	-0.478	0.581	1.925	0.262	0.011	0.652	0.550	0.052	-0.557	0.034	-0.430
Bvulgatus_CL09T03C04	HMPREF1058_RS13085	HMPREF1058_RS13085		HU family DNA-binding protein	-1.014	-1.065	-0.998	-1.296	0.886	-0.030	0.491	1.363	0.489	-1.673	-0.729	0.092	-0.815	1.148	-0.516	-0.326	-0.596	-0.473	1.182	0.502	-0.418	-0.799
Bvulgatus_CL09T03C04	HMPREF1058_RS13090	HMPREF1058_RS13090		UpxY family transcription antiterminator	1.878	-0.001	-0.474	-0.618	0.299	0.697	-1.901	-0.453	0.054	-1.855	0.104	-1.115	2.751	-0.367	0.327	-1.152	-0.900	-0.052	-0.483	-0.379	1.408	-0.218
Bvulgatus_CL09T03C04	HMPREF1058_RS13095	HMPREF1058_RS13095		hypothetical protein	0.559	-0.634	-0.547	-0.735	-1.142	-1.097	0.769	0.762	-0.806	-0.046	0.115	0.671	-0.794	1.025	-0.593	0.618	-0.326	0.358	-1.196	-1.972	-0.627	-0.845
Bvulgatus_CL09T03C04	HMPREF1058_RS13100	HMPREF1058_RS13100		flippase	0.031	-0.060	0.233	0.304	0.210	0.205	0.112	0.334	-0.118	0.944	0.229	0.551	0.182	-0.503	-0.578	-0.154	0.317	0.348	-1.035	-0.078	-1.434	-0.361
Bvulgatus_CL09T03C04	HMPREF1058_RS13105	HMPREF1058_RS13105		glycosyltransferase	-0.896	0.198	0.932	0.820	-0.376	-0.808	-0.217	0.838	0.338	-0.211	-0.218	-0.117	0.285	0.280	-0.563	-0.091	-0.661	0.024	0.311	-0.527	-1.785	-0.515
Bvulgatus_CL09T03C04	HMPREF1058_RS13110	HMPREF1058_RS13110		EpsG family protein	-0.641	-0.042	0.546	0.363	0.840	0.806	-0.491	0.207	-1.357	-1.608	0.545	0.097	-0.245	0.448	-1.583	-1.359	-0.190	0.940	-1.126	-1.595	-0.058	0.540
Bvulgatus_CL09T03C04	HMPREF1058_RS13115	HMPREF1058_RS13115		glycosyltransferase family 4 protein	-0.466	0.036	-0.339	-0.542	0.075	1.258	-0.792	0.263	-0.162	0.140	0.622	-0.396	0.863	0.611	-0.171	-0.647	-0.613	-0.276	-0.022	-0.704	-0.566	-0.130
Bvulgatus_CL09T03C04	HMPREF1058_RS13120	HMPREF1058_RS13120		glycosyltransferase family 2 protein	-0.353	-1.516	0.314	-1.534	-0.033	0.654	0.349	0.024	-0.810	-0.643	-0.039	0.959	-0.734	0.841	0.802	0.252	0.497	1.432	0.179	-0.554	1.121	0.177
Bvulgatus_CL09T03C04	HMPREF1058_RS13125	HMPREF1058_RS13125		B12-binding domain-containing radical SAM protein	-1.041	-0.479	0.391	1.066	-0.430	0.623	-0.439	0.359	-0.902	0.885	0.513	0.358	0.417	1.406	1.141	0.749	0.472	1.016	1.540	1.360	0.515	-0.222
Bvulgatus_CL09T03C04	HMPREF1058_RS13130	HMPREF1058_RS13130		glycosyltransferase family 2 protein	-1.811	-1.493	-0.940	0.084	-2.214	-0.879	-0.626	-0.892	-0.090	0.307	-1.594	-0.747	-0.348	-0.923	-0.474	-1.641	-2.041	-0.765	-0.134	-0.589	-0.860	-0.329
Bvulgatus_CL09T03C04	HMPREF1058_RS13135	HMPREF1058_RS13135		hypothetical protein	-0.385	0.558	0.580	-0.267	0.386	-0.142	-1.661	0.962	-1.054	-0.480	-0.356	-0.547	1.039	-0.789	-1.857	-1.623	-0.308	0.523	0.061	0.067	-1.441	-0.488
Bvulgatus_CL09T03C04	HMPREF1058_RS13140	HMPREF1058_RS13140		sugar transferase	-0.430	-0.166	1.015	1.339	-0.161	1.062	-0.241	-0.767	0.345	0.088	-0.765	-0.686	-1.583	-1.223	-0.274	-1.488	-0.199	0.622	-1.396	-0.342	0.197	-0.700
Bvulgatus_CL09T03C04	HMPREF1058_RS13150	HMPREF1058_RS13150		YjbH domain-containing protein	-1.402	-1.070	0.305	-1.901	-0.334	-0.009	-0.523	-0.338	0.057	-0.291	-0.198	0.304	0.918	0.414	-0.556	0.301	-0.909	-0.238	0.428	-0.240	0.020	0.073
Bvulgatus_CL09T03C04	HMPREF1058_RS13155	HMPREF1058_RS13155		IS982 family transposase	-0.577	0.359	0.200	-0.521	-2.451	-0.267	-0.622	-0.149	-0.295	-0.356	-0.423	-0.263	-1.045	0.226	-0.555	0.357	0.181	0.021	0.119	-0.897	-1.002	0.104
Bvulgatus_CL09T03C04	HMPREF1058_RS13160	HMPREF1058_RS13160		response regulator	-0.095	0.517	0.646	0.437	-0.331	1.035	-0.135	0.104	0.330	0.296	0.540	0.249	0.594	0.140	-0.631	0.671	-0.584	-0.356	-0.172	-0.273	-0.107	0.108
Bvulgatus_CL09T03C04	HMPREF1058_RS13165	HMPREF1058_RS13165		TonB-dependent receptor	-0.102	-0.191	-1.258	-1.183	-0.751	0.419	-0.964	-0.124	0.595	0.526	0.285	-0.236	-0.458	-0.770	0.230	0.252	0.777	0.711	0.388	-0.449	-0.959	-1.040
Bvulgatus_CL09T03C04	HMPREF1058_RS13170	HMPREF1058_RS13170		RagB/SusD family nutrient uptake outer membrane protein	-1.088	-1.543	0.855	0.466	-0.501	0.550	-0.399	0.198	0.363	0.209	-0.744	0.208	-0.765	-0.807	-0.429	0.165	0.778	0.113	-0.891	1.008	-0.891	-1.131
Bvulgatus_CL09T03C04	HMPREF1058_RS13175	HMPREF1058_RS13175		SusC/RagA family TonB-linked outer membrane protein	-0.334	0.232	-1.348	-0.919	-0.686	0.478	0.303	0.555	-0.232	-0.101	0.303	0.357	-0.896	0.481	0.348	0.813	0.218	0.109	0.200	0.161	-0.051	-0.570
Bvulgatus_CL09T03C04	HMPREF1058_RS13180	HMPREF1058_RS13180		RagB/SusD family nutrient uptake outer membrane protein	-1.321	-1.200	-1.458	-2.351	-1.103	-2.182	-1.258	-1.810	0.017	-1.481	-0.345	-0.737	-1.473	-1.083	-1.797	-0.419	-1.095	0.091	-1.117	-1.363	-1.846	-0.898
Bvulgatus_CL09T03C04	HMPREF1058_RS13185	HMPREF1058_RS13185		BACON domain-containing protein	0.717	0.413	-0.718	-0.497	-0.451	-0.105	-2.020	-0.412	0.035	-0.476	-1.057	-0.525	-0.657	-0.621	0.158	0.448	0.684	-0.589	-1.130	-0.732	-0.844	-0.310
Bvulgatus_CL09T03C04	HMPREF1058_RS13190	HMPREF1058_RS13190		hypothetical protein	-0.048	-0.939	-1.523	-3.040	0.069	1.286	-1.427	-0.077	-0.674	-0.429	-0.003	-0.866	-1.834	-1.134	0.854	-0.308	-0.287	0.614	-0.245	-0.103	-0.708	0.050
Bvulgatus_CL09T03C04	HMPREF1058_RS13195	HMPREF1058_RS13195		beta-N-acetylhexosaminidase	-0.608	0.088	-0.322	-2.118	-0.271	-0.651	0.307	-0.420	-0.534	-0.526	-1.256	-0.076	0.068	0.225	-0.559	-0.625	0.297	0.255	-0.716	-0.114	0.541	-0.477
Bvulgatus_CL09T03C04	HMPREF1058_RS13200	HMPREF1058_RS13200		hypothetical protein	-0.007	-2.517	-0.368	-1.638	-0.020	-0.450	-0.037	0.068	2.242	0.284	0.050	-0.316	0.893	0.393	-0.272	-0.323	-1.828	-0.069	0.336	1.027	-1.385	0.880
Bvulgatus_CL09T03C04	HMPREF1058_RS13205	HMPREF1058_RS13205		DNA primase	0.347	1.984	-0.046	1.110	0.388	-0.551	0.552	0.521	-0.672	-0.880	0.455	-0.393	0.945	0.865	-0.499	0.980	0.160	-0.284	-0.075	-0.942	0.577	-0.740
Bvulgatus_CL09T03C04	HMPREF1058_RS13210	HMPREF1058_RS13210		hypothetical protein	0.024	-0.662	0.041	-0.741	-0.793	-0.950	-0.574	-0.184	-0.167	-0.408	-0.262	-0.366	0.369	-0.251	-0.582	-0.517	-0.129	0.492	0.127	0.077	0.227	-0.707
Bvulgatus_CL09T03C04	HMPREF1058_RS13215	HMPREF1058_RS13215		hypothetical protein	0.102	-0.389	-2.710	0.841	-1.647	1.095	-0.101	-0.165	-0.721	-1.591	0.278	1.328	0.491	-0.518	-0.239	0.593	-0.215	0.243	-0.465	-0.298	-1.582	-0.092
Bvulgatus_CL09T03C04	HMPREF1058_RS13220	HMPREF1058_RS13220		hypothetical protein	-2.576	-1.485	-2.217	-2.075	-1.486	-1.886	-2.289	-1.497	-1.393	-2.087	-0.873	-0.948	-0.122	-2.053	-1.615	-0.273	-2.446	-3.329	-1.433	-1.262	-2.849	-4.637
Bvulgatus_CL09T03C04	HMPREF1058_RS13225	HMPREF1058_RS13225		radical SAM protein	-0.692	-1.932	0.449	0.616	-0.871	1.624	0.054	0.391	-0.004	0.001	-1.252	0.679	-0.913	-1.354	0.208	-0.022	-1.010	0.273	0.775	0.224	-0.271	0.847
Bvulgatus_CL09T03C04	HMPREF1058_RS13230	HMPREF1058_RS13230		hypothetical protein	-0.871	-1.881	-1.631	-1.707	-2.020	-1.017	-0.985	-1.246	-2.752	-1.909	-1.399	-0.790	-1.211	-0.452	-0.747	-1.125	-1.080	0.550	-2.510	-2.229	-0.746	0.029
Bvulgatus_CL09T03C04	HMPREF1058_RS13235	HMPREF1058_RS13235		leucine-rich repeat protein	0.171	-0.294	-1.097	-0.277	-0.943	-0.365	0.641	0.134	-2.369	-0.517	0.288	0.257	-0.300	0.391	-1.858	-2.805	-1.112	-0.198	-0.581	-1.234	-0.955	-1.282
Bvulgatus_CL09T03C04	HMPREF1058_RS13240	HMPREF1058_RS13240		hypothetical protein	-0.945	-0.920	-0.114	0.597	-0.815	-1.395	-1.665	-1.132	-1.043	-2.448	-0.736	-0.220	-0.410	-2.041	-1.538	-2.132	0.802	-0.420	-2.159	-1.937	-0.950	-1.749
Bvulgatus_CL09T03C04	HMPREF1058_RS13245	HMPREF1058_RS13245		hypothetical protein	-0.780	-1.582	-1.427	-0.497	-2.134	-0.010	-1.698	0.376	-2.105	-1.968	-3.023	-0.826	-0.400	-1.557	-0.986	-0.993	-2.847	-0.554	-1.790	-1.748	-0.876	-1.649
Bvulgatus_CL09T03C04	HMPREF1058_RS13250	HMPREF1058_RS13250		DUF3853 family protein	-1.031	0.052	-0.612	-0.397	0.185	1.355	-0.823	0.458	-1.024	-2.166	0.343	0.256	-0.949	0.024	-0.521	-0.022	-0.042	-0.350	-0.793	-0.942	-0.310	-0.150
Bvulgatus_CL09T03C04	HMPREF1058_RS13255	HMPREF1058_RS13255		hypothetical protein	0.358	-0.197	1.054	1.813	-0.850	-1.105	-1.202	-0.033	0.111	-0.671	-0.738	-1.605	0.244	0.707	-1.632	-0.930	-0.678	-0.409	1.309	-0.126	-1.559	-1.027
Bvulgatus_CL09T03C04	HMPREF1058_RS13260	HMPREF1058_RS13260		integrase catalytic domain-containing protein	0.425	0.083	1.415	0.530	0.513	-0.022	-0.486	0.796	-1.256	0.104	0.553	-0.555	0.866	0.915	-1.723	-1.294	0.589	-0.864	0.771	0.599	0.155	-0.472
Bvulgatus_CL09T03C04	HMPREF1058_RS13265	HMPREF1058_RS13265		alpha-L-fucosidase	0.284	-1.285	-0.688	-0.523	-1.531	-0.526	0.215	-1.251	0.475	-1.391	-0.829	1.167	0.407	-0.633	-1.038	-0.319	0.920	0.282	0.146	-0.537	0.121	-1.142
Bvulgatus_CL09T03C04	HMPREF1058_RS13270	HMPREF1058_RS13270		GTP-binding protein	-0.043	0.684	-1.417	-0.564	0.049	0.848	-0.382	0.320	0.412	0.065	0.706	0.354	2.167	1.411	0.327	-0.309	-0.139	-0.545	0.528	-0.209	1.256	-1.237
Bvulgatus_CL09T03C04	HMPREF1058_RS13275	HMPREF1058_RS13275		glycoside hydrolase family 28 protein	-0.455	-1.099	-0.830	-0.171	-0.310	0.876	-0.548	0.019	-0.620	-0.757	-0.118	-0.377	1.032	-1.762	0.348	-0.180	-0.557	0.752	-0.627	-1.128	-1.551	-0.326
Bvulgatus_CL09T03C04	HMPREF1058_RS13280	HMPREF1058_RS13280		ATP-binding protein	-2.161	1.026	2.042	1.260	0.833	1.435	-0.978	-1.898	0.046	-0.917	1.538	0.903	0.896	0.521	-0.731	1.013	0.953	-0.456	-0.652	0.769	0.218	0.570
Bvulgatus_CL09T03C04	HMPREF1058_RS13285	HMPREF1058_RS13285		glycoside hydrolase family 88 protein	-0.558	1.398	-0.357	1.003	-0.123	-0.358	-0.255	-0.301	0.813	-1.148	-0.031	-0.038	0.534	0.008	-0.746	0.030	-0.125	-0.035	0.369	-0.506	1.297	-0.082
Bvulgatus_CL09T03C04	HMPREF1058_RS13290	HMPREF1058_RS13290		NADH-quinone oxidoreductase subunit N	2.515	1.444	0.249	-0.284	-0.712	-0.352	0.719	0.705	-0.319	0.067	0.604	0.852	5.528	3.396	-1.131	-0.877	-0.944	0.019	1.500	0.353	1.162	0.098
Bvulgatus_CL09T03C04	HMPREF1058_RS13295	HMPREF1058_RS13295		NADH-quinone oxidoreductase subunit M	1.424	2.512	0.349	0.549	-1.517	1.106	0.766	-0.333	0.729	-0.097	-0.813	0.069	3.732	2.242	-0.798	-0.176	-1.305	-0.815	0.995	0.110	1.842	-0.501
Bvulgatus_CL09T03C04	HMPREF1058_RS13300	HMPREF1058_RS13300		NADH-quinone oxidoreductase subunit L	1.453	2.296	0.691	0.407	-0.370	-0.841	0.742	1.029	-0.451	-0.127	-0.046	0.469	5.577	3.075	-0.795	-0.142	0.443	-0.297	0.562	0.550	1.675	0.484
Bvulgatus_CL09T03C04	HMPREF1058_RS13305	HMPREF1058_RS13305		NADH-quinone oxidoreductase subunit NuoK	-0.298	-0.127	-0.212	-1.409	-0.306	-2.071	-0.842	0.255	0.504	-0.671	-0.590	-1.074	1.174	-0.949	0.150	-0.161	-0.809	-0.749	0.079	-1.233	0.280	-0.775
Bvulgatus_CL09T03C04	HMPREF1058_RS13310	HMPREF1058_RS13310		NADH-quinone oxidoreductase subunit J	-0.569	-0.188	0.141	-0.690	-0.140	-0.003	-0.504	-0.351	-0.721	-1.234	-0.570	-2.253	1.843	0.533	-0.252	-1.347	-1.324	-0.989	0.481	-1.295	0.460	-1.957
Bvulgatus_CL09T03C04	HMPREF1058_RS13315	HMPREF1058_RS13315		NADH-quinone oxidoreductase subunit I	0.177	1.104	-1.792	-2.215	-0.594	1.634	-1.410	-0.306	-0.296	0.034	0.119	0.474	2.129	0.072	-0.779	-0.765	0.247	-0.825	-0.990	-1.969	0.176	-1.883
Bvulgatus_CL09T03C04	HMPREF1058_RS13320	HMPREF1058_RS13320		NADH-quinone oxidoreductase subunit NuoH	1.044	1.812	-0.068	0.026	0.237	-0.252	1.174	0.481	-0.153	0.532	-0.371	0.196	3.427	0.631	0.394	0.176	0.010	-1.203	0.733	-0.257	0.751	-0.308
Bvulgatus_CL09T03C04	HMPREF1058_RS13325	HMPREF1058_RS13325		NADH-quinone oxidoreductase subunit D	0.865	0.100	1.909	2.221	-1.025	-0.686	-0.372	0.298	0.318	-0.378	-0.982	0.363	2.406	0.865	-1.039	-0.173	-1.064	0.696	-0.251	-0.658	0.080	0.396
Bvulgatus_CL09T03C04	HMPREF1058_RS13330	HMPREF1058_RS13330		NADH-quinone oxidoreductase subunit B	-0.977	0.400	-1.054	-0.665	-1.682	-1.066	0.084	-0.350	-2.347	-0.480	0.864	-0.449	0.830	-1.298	-2.090	-3.104	-0.664	-0.805	-0.949	-0.905	0.131	-0.318
Bvulgatus_CL09T03C04	HMPREF1058_RS13335	HMPREF1058_RS13335		NADH-quinone oxidoreductase subunit A	0.844	0.786	-0.772	-1.825	1.189	-0.343	-1.780	0.618	0.739	-0.459	0.877	0.621	1.070	1.315	-1.328	1.729	-0.690	0.139	1.945	0.321	-0.033	-1.795
Bvulgatus_CL09T03C04	HMPREF1058_RS13340	HMPREF1058_RS13340		hypothetical protein	-0.130	1.029	-2.607	-2.278	-0.515	-1.073	-1.296	-0.201	-0.918	-0.337	0.067	-0.720	1.118	-0.124	-0.208	0.745	0.952	0.469	-0.505	-0.713	0.349	0.274
Bvulgatus_CL09T03C04	HMPREF1058_RS13345	HMPREF1058_RS13345		TrkH family potassium uptake protein	-1.776	-1.893	-0.330	-0.293	-0.885	-0.917	-3.128	-2.479	3.423	3.146	-2.557	-3.255	-1.072	-0.685	0.217	0.545	0.648	0.099	4.092	6.410	-1.623	-1.500
Bvulgatus_CL09T03C04	HMPREF1058_RS13350	HMPREF1058_RS13350		Trk system potassium transporter TrkA	-5.658	-3.452	-4.569	-4.397	-6.487	-5.682	-7.060	-8.001	-1.951	-3.708	-5.823	-5.860	-4.876	-7.267	-6.217	-6.874	-0.794	-3.665	-5.800	-3.037	-6.107	-6.951
Bvulgatus_CL09T03C04	HMPREF1058_RS13360	HMPREF1058_RS13360		GSCFA domain-containing protein	0.340	2.057	-0.004	-0.824	0.710	0.713	1.814	0.519	0.266	0.417	0.093	0.321	0.366	1.425	-2.973	-0.252	-0.556	-0.042	-0.207	0.191	-1.696	0.905
Bvulgatus_CL09T03C04	HMPREF1058_RS13370	HMPREF1058_RS13370		DUF4858 domain-containing protein	-1.852	-1.953	-1.122	-2.712	-0.211	0.375	-0.543	-1.845	0.031	0.626	-0.656	-1.254	-1.081	0.506	0.138	0.280	-1.246	0.706	0.197	-1.137	1.159	-0.371
Bvulgatus_CL09T03C04	HMPREF1058_RS13375	HMPREF1058_RS13375		hypothetical protein	-0.034	0.803	-0.059	0.263	-0.618	0.946	-1.412	0.442	0.279	-0.470	-0.249	-0.621	0.678	-1.224	-1.350	-1.482	-0.920	-0.259	-0.177	-0.435	0.344	-0.688
Bvulgatus_CL09T03C04	HMPREF1058_RS13380	HMPREF1058_RS13380		beta-galactosidase	-0.091	-0.144	0.847	0.314	-1.033	0.658	-0.115	0.762	0.323	0.302	0.141	-0.057	-0.669	0.858	0.581	0.961	-0.888	-0.158	1.186	0.567	0.222	-0.307
Bvulgatus_CL09T03C04	HMPREF1058_RS13385	HMPREF1058_RS13385		glycoside hydrolase family 28 protein	0.418	0.067	-1.500	-0.892	0.326	0.203	-0.661	0.706	-0.382	0.616	0.399	0.852	-0.635	-0.238	-0.693	-0.403	0.343	0.129	-0.643	-0.489	0.467	-1.042
Bvulgatus_CL09T03C04	HMPREF1058_RS13390	HMPREF1058_RS13390		SGNH/GDSL hydrolase family protein	0.147	0.128	-0.198	-1.710	-0.387	0.091	-1.161	-0.729	0.206	-0.400	0.052	-0.235	-0.762	-0.429	0.298	-0.009	0.605	-0.174	-0.169	-0.091	-0.991	-0.487
Bvulgatus_CL09T03C04	HMPREF1058_RS13395	HMPREF1058_RS13395		Fic family protein	-0.301	-0.418	1.654	0.147	-0.342	-0.860	-0.636	-0.650	-0.058	-0.714	0.420	-0.218	0.996	-0.258	-1.434	-0.731	1.118	-1.077	-0.995	-1.069	-0.377	0.055
Bvulgatus_CL09T03C04	HMPREF1058_RS13400	HMPREF1058_RS13400		sulfatase	-0.767	0.796	0.188	0.964	-0.570	-0.795	-0.576	-0.339	-0.024	0.302	0.526	0.269	-0.318	-0.088	0.094	0.490	-0.053	-0.075	0.575	0.507	0.139	0.702
Bvulgatus_CL09T03C04	HMPREF1058_RS13405	HMPREF1058_RS13405		RagB/SusD family nutrient uptake outer membrane protein	-0.770	-0.274	-0.159	0.584	0.378	-0.368	-0.182	-0.269	-0.157	0.191	0.041	-0.802	-0.056	-0.215	-1.101	0.028	-0.036	0.791	-0.316	0.697	-0.623	-0.686
Bvulgatus_CL09T03C04	HMPREF1058_RS13410	HMPREF1058_RS13410		SusC/RagA family TonB-linked outer membrane protein	-0.160	-0.952	-0.197	-0.281	-1.453	-0.201	-1.061	-0.290	-0.428	-1.222	-0.249	-0.634	-0.727	0.592	-0.780	-0.480	-0.674	0.247	-0.377	0.285	-0.793	-0.941
Bvulgatus_CL09T03C04	HMPREF1058_RS13415	HMPREF1058_RS13415		FecR family protein	-0.453	1.580	-1.799	-0.425	1.317	1.145	0.525	-0.010	-0.717	1.499	0.340	0.650	1.439	-1.683	-1.701	0.212	0.682	-0.584	-0.745	-1.326	-0.944	-0.047
Bvulgatus_CL09T03C04	HMPREF1058_RS13420	HMPREF1058_RS13420		RNA polymerase sigma-70 factor	-0.979	0.861	1.711	0.991	0.466	-0.947	0.087	-0.144	-0.305	-0.583	-0.861	0.186	0.101	0.864	-0.815	-2.055	-0.464	0.210	-1.180	-1.301	-0.289	0.375
Bvulgatus_CL09T03C04	HMPREF1058_RS13425	HMPREF1058_RS13425		HU family DNA-binding protein	-1.584	-2.290	2.188	2.498	2.671	3.849	-0.767	-1.782	1.214	0.451	1.097	0.784	-0.022	-3.013	1.347	2.785	1.712	2.063	1.483	1.027	1.048	-0.248
Bvulgatus_CL09T03C04	HMPREF1058_RS13430	HMPREF1058_RS13430		DUF3874 domain-containing protein	0.173	-0.668	0.158	-0.328	-1.234	1.527	0.864	1.059	-0.420	0.338	0.206	-0.056	1.045	1.564	-1.085	0.475	-0.325	1.456	1.846	0.171	0.569	0.831
Bvulgatus_CL09T03C04	HMPREF1058_RS13435	HMPREF1058_RS13435		helix-turn-helix domain-containing protein	-0.693	-0.856	1.428	-0.332	-1.401	0.002	-0.460	0.239	-0.890	0.092	0.467	-0.371	0.281	0.255	-0.332	-0.344	-0.183	-0.571	-0.024	-0.549	-0.419	-0.006
Bvulgatus_CL09T03C04	HMPREF1058_RS13440	HMPREF1058_RS13440		DUF2264 domain-containing protein	-0.891	-0.568	0.115	0.651	-0.757	1.456	-0.365	-0.097	0.543	-1.109	-0.290	1.861	-0.217	0.667	-0.212	-0.622	-0.823	-0.011	1.365	0.051	0.373	-0.594
Bvulgatus_CL09T03C04	HMPREF1058_RS13445	HMPREF1058_RS13445		glycoside hydrolase family 2	-0.792	-1.216	0.418	0.662	-1.252	-0.701	-1.503	-0.134	-1.604	-0.750	-0.763	-0.223	-1.510	-0.063	0.498	-0.799	-0.231	0.409	-0.578	-1.005	-0.035	-0.505
Bvulgatus_CL09T03C04	HMPREF1058_RS13450	HMPREF1058_RS13450		TonB-dependent receptor	-1.614	-0.607	-1.998	-0.994	-0.698	-0.648	-0.125	-0.120	-0.120	-0.493	-0.300	0.383	-1.040	-0.659	-0.003	0.380	0.407	0.109	0.440	-0.596	-1.605	-0.317
Bvulgatus_CL09T03C04	HMPREF1058_RS13455	HMPREF1058_RS13455		RagB/SusD family nutrient uptake outer membrane protein	-0.970	-0.674	0.800	0.667	-0.417	-0.569	-0.100	-0.682	-0.935	-1.266	0.474	-0.346	0.520	0.063	0.013	-0.466	-0.284	-0.290	-0.417	-0.602	-1.047	-0.598
Bvulgatus_CL09T03C04	HMPREF1058_RS13460	HMPREF1058_RS13460		hypothetical protein	-0.794	-1.021	0.260	0.178	-0.656	-0.767	-0.951	-0.202	-0.142	-0.713	-0.221	-0.192	-0.722	-1.372	-0.256	0.274	0.821	0.203	-1.043	-0.014	-0.397	-0.666
Bvulgatus_CL09T03C04	HMPREF1058_RS13465	HMPREF1058_RS13465		glycoside hydrolase family 88 protein	-0.585	0.027	-0.071	-0.832	-1.788	-0.656	-0.254	-0.785	0.297	0.266	-0.823	-0.156	-0.468	-1.356	-0.316	0.789	-0.081	0.606	0.149	0.266	-2.003	0.710
Bvulgatus_CL09T03C04	HMPREF1058_RS13470	HMPREF1058_RS13470		glycoside hydrolase family 88 protein	-0.064	-0.693	-0.325	-0.227	0.702	0.885	-1.683	-0.608	-0.917	-0.624	0.132	-0.355	0.733	-0.724	-1.250	-0.485	0.138	-0.816	0.652	-1.547	-0.385	-0.431
Bvulgatus_CL09T03C04	HMPREF1058_RS13475	HMPREF1058_RS13475		DUF2264 domain-containing protein	-1.237	-0.511	1.188	1.520	0.369	0.815	0.097	1.422	1.644	0.878	0.830	0.136	0.177	-0.090	-0.458	0.957	-0.173	-0.210	0.415	-0.721	0.465	1.953
Bvulgatus_CL09T03C04	HMPREF1058_RS13480	HMPREF1058_RS13480		family 43 glycosylhydrolase	-0.140	0.834	-0.276	0.804	-0.281	0.618	0.001	1.161	-0.325	-0.089	0.592	0.979	0.583	0.581	0.217	-0.397	0.133	0.443	-0.576	0.111	-0.065	0.586
Bvulgatus_CL09T03C04	HMPREF1058_RS13485	HMPREF1058_RS13485		response regulator	-0.308	0.170	-0.437	-0.316	-0.939	-0.583	-0.264	0.282	-0.448	-1.020	0.301	-0.578	-0.427	0.250	-1.301	-0.490	-1.685	-0.602	0.944	0.600	-0.516	-1.160
Bvulgatus_CL09T03C04	HMPREF1058_RS13490	HMPREF1058_RS13490		aldehyde dehydrogenase	-0.649	0.962	0.460	1.613	0.178	-0.011	0.497	0.631	1.487	0.772	1.401	-0.465	-0.357	0.760	-0.027	-0.537	-0.508	0.299	1.752	2.078	0.540	0.695
Bvulgatus_CL09T03C04	HMPREF1058_RS13495	HMPREF1058_RS13495		glycoside hydrolase family 43 protein	-1.093	-0.431	0.170	1.500	-0.005	0.425	0.961	0.855	0.216	-1.116	0.345	0.376	-0.067	0.690	-0.707	-0.532	-0.640	0.272	-0.343	-0.198	1.030	0.269
Bvulgatus_CL09T03C04	HMPREF1058_RS13500	HMPREF1058_RS13500		DUF4038 domain-containing protein	-0.368	-0.440	0.838	-0.343	-0.613	0.472	0.442	-0.692	-0.757	0.187	0.016	0.176	0.325	-0.505	-0.246	-0.007	-0.147	0.421	-0.228	-0.633	-0.187	-0.232
Bvulgatus_CL09T03C04	HMPREF1058_RS13505	HMPREF1058_RS13505		hypothetical protein	0.868	-0.248	2.075	1.014	-1.031	0.260	0.336	0.538	1.990	-0.587	-0.552	-0.410	-0.042	0.164	-0.960	-1.178	0.016	-0.203	0.447	0.286	0.485	-0.649
Bvulgatus_CL09T03C04	HMPREF1058_RS13510	HMPREF1058_RS13510		AAA family ATPase	-1.126	-1.128	3.448	3.961	-1.095	-1.074	-1.285	-0.092	0.161	1.316	-0.680	-0.313	-1.135	-0.153	-1.647	-1.433	-2.261	-3.080	0.853	1.530	-0.398	-0.551
Bvulgatus_CL09T03C04	HMPREF1058_RS13515	HMPREF1058_RS13515		MFS transporter	-0.561	-1.074	-2.061	-0.246	-0.296	0.512	0.564	0.143	1.200	0.771	0.400	-0.481	0.628	0.402	0.529	-0.315	0.554	-0.441	0.369	0.191	0.949	0.858
Bvulgatus_CL09T03C04	HMPREF1058_RS13520	HMPREF1058_RS13520		5-dehydro-4-deoxy-D-glucuronate isomerase	0.376	-0.965	1.882	0.273	0.295	0.543	1.052	1.107	1.704	1.494	0.628	0.424	-1.033	1.149	1.191	0.238	-0.731	0.831	2.532	1.508	0.068	-1.259
Bvulgatus_CL09T03C04	HMPREF1058_RS13525	HMPREF1058_RS13525		PTS sugar transporter subunit IIC	0.300	0.536	-1.301	-2.879	-0.594	-0.104	0.774	0.941	0.667	0.356	0.744	0.988	0.338	0.238	0.299	1.041	-0.705	-0.062	0.463	0.446	1.227	0.158
Bvulgatus_CL09T03C04	HMPREF1058_RS13530	HMPREF1058_RS13530		glycoside hydrolase family 88 protein	-1.036	0.170	1.160	-0.095	0.219	-0.598	-1.251	-0.129	0.442	-0.113	0.382	0.289	0.035	-1.360	0.508	1.130	0.956	-0.091	0.126	-1.105	-0.440	0.990
Bvulgatus_CL09T03C04	HMPREF1058_RS13535	HMPREF1058_RS13535		pectinesterase	1.050	0.743	0.694	0.088	-0.155	0.040	0.334	1.520	1.418	-0.597	-0.274	0.416	-0.083	0.316	0.342	0.231	0.266	-0.506	0.903	0.347	-0.738	0.146
Bvulgatus_CL09T03C04	HMPREF1058_RS13540	HMPREF1058_RS13540		TonB-dependent receptor	0.366	0.504	0.878	0.588	-1.874	-0.200	0.227	-0.305	-0.129	-0.972	-0.287	0.158	-0.308	-0.798	-0.612	-0.234	-0.041	-0.031	-0.026	0.471	-1.289	0.146
Bvulgatus_CL09T03C04	HMPREF1058_RS13545	HMPREF1058_RS13545		RagB/SusD family nutrient uptake outer membrane protein	0.495	0.654	-0.146	0.227	0.186	-0.252	-0.984	-0.301	1.070	0.874	0.489	-0.557	0.168	0.371	-0.024	0.536	-0.476	-0.139	-0.095	-0.794	-0.868	0.671
Bvulgatus_CL09T03C04	HMPREF1058_RS13550	HMPREF1058_RS13550		SUMF1/EgtB/PvdO family nonheme iron enzyme	1.372	0.451	0.250	0.129	-0.192	-0.320	0.150	0.737	0.346	0.174	0.221	0.397	-0.076	0.669	0.222	0.344	-0.332	0.686	-0.720	-0.495	1.186	0.905
Bvulgatus_CL09T03C04	HMPREF1058_RS13555	HMPREF1058_RS13555		hypothetical protein	0.547	1.554	0.026	-1.106	0.141	-1.444	0.976	-0.556	0.498	0.149	-0.463	0.309	0.171	0.691	0.033	-0.401	0.154	0.279	-0.538	0.489	-0.790	0.394
Bvulgatus_CL09T03C04	HMPREF1058_RS13560	HMPREF1058_RS13560		beta-glycosidase	-0.274	-0.270	0.091	0.464	-0.225	0.393	0.200	0.084	0.082	-0.685	0.278	-0.034	-0.890	-1.137	0.386	-0.897	0.173	-0.149	-1.108	0.900	-0.007	-0.691
Bvulgatus_CL09T03C04	HMPREF1058_RS13565	HMPREF1058_RS13565		pectate lyase	-0.386	-0.483	-0.326	0.920	-0.950	-1.294	-0.794	0.831	0.301	-0.289	-0.524	-0.228	-0.303	-1.058	0.013	-0.608	1.255	0.483	0.874	-1.335	-0.305	0.032
Bvulgatus_CL09T03C04	HMPREF1058_RS13570	HMPREF1058_RS13570		dienelactone hydrolase family protein	-0.357	0.130	-0.254	0.607	-1.570	-0.961	-0.327	0.326	0.548	-1.098	0.267	0.887	0.437	0.905	-0.415	0.459	-0.913	0.162	0.355	0.570	0.284	-0.003
Bvulgatus_CL09T03C04	HMPREF1058_RS13575	HMPREF1058_RS13575		pectinesterase	0.755	0.868	0.006	-0.369	1.241	0.768	0.409	0.135	0.825	0.389	0.533	0.496	0.146	0.375	1.457	0.807	-0.527	0.689	1.201	0.627	0.488	0.232
Bvulgatus_CL09T03C04	HMPREF1058_RS13580	HMPREF1058_RS13580		response regulator	-0.446	-0.861	-0.964	0.051	0.105	-0.243	-0.213	0.400	-0.169	-1.130	-0.593	-0.156	-0.151	-1.098	0.115	-0.802	-0.259	0.210	-0.214	-0.544	-0.582	0.242
Bvulgatus_CL09T03C04	HMPREF1058_RS13585	HMPREF1058_RS13585		outer membrane beta-barrel protein	-0.566	0.603	1.408	0.533	-0.001	0.944	-0.245	0.262	-0.564	-0.257	0.859	0.389	-0.381	-0.672	0.723	-0.379	-0.374	0.408	-0.723	-0.090	-0.668	-0.140
Bvulgatus_CL09T03C04	HMPREF1058_RS13590	HMPREF1058_RS13590		S9 family peptidase	-0.983	-0.772	0.688	-0.162	-0.572	0.233	-0.928	-0.819	-0.137	-1.043	-0.035	-0.412	-1.072	-0.769	-0.347	-0.253	-0.182	0.507	-0.965	-1.423	-0.149	-0.179
Bvulgatus_CL09T03C04	HMPREF1058_RS13595	HMPREF1058_RS13595		phosphotransferase	-0.664	-0.839	-0.438	-0.806	-1.074	-0.307	-0.326	-0.331	0.982	-1.453	-1.019	-0.525	-0.199	-0.893	-1.334	0.417	-1.268	-0.861	-1.249	1.092	-0.266	-0.987
Bvulgatus_CL09T03C04	HMPREF1058_RS13600	HMPREF1058_RS13600		inorganic phosphate transporter	0.318	0.885	1.823	1.110	-0.931	-0.358	0.168	-0.100	-0.471	-1.199	0.573	0.389	-1.078	0.319	-0.301	0.557	0.159	1.121	-0.985	1.127	1.025	0.652
Bvulgatus_CL09T03C04	HMPREF1058_RS13605	HMPREF1058_RS13605		bifunctional phosphoribosylaminoimidazolecarboxamide formyltransferase/IMP cyclohydrolase	-3.678	-3.441	-2.813	-2.914	-6.271	-6.732	-4.173	-5.300	-4.287	-4.297	-4.514	-4.129	-3.508	-5.130	0.688	-2.761	-2.533	-2.314	-2.936	-4.282	-3.603	-4.629
Bvulgatus_CL09T03C04	HMPREF1058_RS13635	HMPREF1058_RS13635		gliding motility lipoprotein GldH	-0.716	-2.740	-3.007	-2.220	-4.923	-4.896	-0.639	-4.115	0.988	0.148	-3.251	-3.455	-1.388	-3.706	-5.723	-3.101	-1.202	-4.301	-0.662	-0.282	-4.573	-5.432
Bvulgatus_CL09T03C04	HMPREF1058_RS13640	HMPREF1058_RS13640		hypothetical protein	-4.742	-5.490	-0.934	-1.551	-2.088	-1.825	-3.189	-3.695	-2.285	-3.206	-3.706	-3.058	-4.780	-5.421	-4.748	-4.904	-2.246	-3.491	-2.610	-2.550	-3.515	-4.649
Bvulgatus_CL09T03C04	HMPREF1058_RS13650	HMPREF1058_RS13650		methylenetetrahydrofolate reductase [NAD(P)H]	-1.236	-1.296	-0.842	-1.294	-0.726	-0.433	-0.067	0.344	-1.877	-1.928	-0.817	0.029	1.904	1.283	-2.128	-1.093	-1.026	-0.949	-1.238	-1.323	-0.457	-0.943
Bvulgatus_CL09T03C04	HMPREF1058_RS13655	HMPREF1058_RS13655		cardiolipin synthase	-11.732	-5.842	-11.973	-11.370	-13.359	-15.662	-5.161	-5.924	-7.839	-10.149	-6.782	-6.944	-12.855	-10.525	-9.825	-9.734	4.435	1.449	-15.836	-8.810	-13.418	-6.421
Bvulgatus_CL09T03C04	HMPREF1058_RS13660	HMPREF1058_RS13660		helix-turn-helix domain-containing protein	1.180	0.382	0.499	-0.801	0.386	-0.762	0.933	0.810	-0.465	-0.009	0.949	-0.093	0.850	0.482	0.855	0.977	0.057	-0.649	-0.121	-0.188	-0.175	-0.632
Bvulgatus_CL09T03C04	HMPREF1058_RS13665	HMPREF1058_RS13665		helix-turn-helix domain-containing protein	-1.045	-2.385	-1.052	-1.180	-1.225	-0.872	-1.116	-1.777	-0.266	-1.129	0.747	-1.613	0.017	-1.331	-0.255	-1.567	0.456	-0.968	-1.489	-2.224	-1.180	-1.951
Bvulgatus_CL09T03C04	HMPREF1058_RS13670	HMPREF1058_RS13670		TonB-dependent receptor	-0.836	-0.567	-0.341	-0.069	-1.547	0.061	-1.206	-0.402	-0.697	-0.936	-0.948	-0.174	-1.406	-0.594	-0.391	0.203	-0.143	-0.911	-1.106	-1.745	-0.872	-0.807
Bvulgatus_CL09T03C04	HMPREF1058_RS13675	HMPREF1058_RS13675		hypothetical protein	1.120	-0.022	0.046	0.283	0.262	-0.088	0.374	1.505	-0.169	0.003	-0.593	-1.776	0.078	0.202	1.273	-0.312	0.829	1.250	0.369	0.512	-0.180	-1.734
Bvulgatus_CL09T03C04	HMPREF1058_RS13680	HMPREF1058_RS13680		hypothetical protein	-1.197	-1.387	0.498	-0.372	-0.038	0.922	0.746	1.715	0.511	-0.961	-0.683	0.488	1.213	-0.105	0.308	0.312	0.844	-0.629	-0.798	1.371	-0.467	0.237
Bvulgatus_CL09T03C04	HMPREF1058_RS13685	HMPREF1058_RS13685		sigma-70 family RNA polymerase sigma factor	0.329	-0.283	-0.711	-0.817	-0.241	0.916	-0.982	0.048	0.733	-0.198	-0.584	-0.101	0.197	-0.516	-0.007	1.075	-0.317	0.763	1.638	1.111	-0.162	0.653
Bvulgatus_CL09T03C04	HMPREF1058_RS13690	HMPREF1058_RS13690		DUF5074 domain-containing protein	0.508	-0.149	0.540	-0.309	1.028	0.928	1.171	-0.380	0.313	0.329	-0.463	-0.779	0.539	-0.388	0.596	0.959	0.046	-0.858	-0.357	1.278	1.172	0.653
Bvulgatus_CL09T03C04	HMPREF1058_RS13695	HMPREF1058_RS13695		hypothetical protein	-0.019	0.852	0.860	1.819	0.331	0.115	-0.981	-1.132	0.308	-0.624	-0.535	0.390	-0.175	-1.914	-0.381	-0.408	-1.205	-0.893	0.415	-0.443	-0.231	-0.058
Bvulgatus_CL09T03C04	HMPREF1058_RS13700	HMPREF1058_RS13700		hypothetical protein	-1.102	1.219	-0.961	-0.563	-0.331	0.139	-0.994	-0.668	0.314	0.692	-0.792	1.087	-2.131	-0.278	0.730	-0.278	0.664	0.050	0.087	1.422	-0.384	0.748
Bvulgatus_CL09T03C04	HMPREF1058_RS13705	HMPREF1058_RS13705		TonB-dependent receptor	-0.964	-0.384	0.473	0.760	-0.337	0.862	0.331	-0.047	0.430	-0.952	-0.489	-0.043	-0.099	-0.142	-0.164	-0.144	-0.248	0.050	-0.627	-0.712	0.485	-0.675
Bvulgatus_CL09T03C04	HMPREF1058_RS13710	HMPREF1058_RS13710		site-specific integrase	0.337	-0.055	1.188	-0.575	-0.845	0.688	0.291	-0.419	0.134	0.674	-1.264	0.255	-0.646	-0.313	-1.289	0.725	-0.626	-0.578	0.047	0.585	-0.862	1.058
Bvulgatus_CL09T03C04	HMPREF1058_RS13720	HMPREF1058_RS13720		AI-2E family transporter	0.327	1.704	0.309	-0.161	-1.611	-0.998	1.140	0.010	0.294	0.172	0.547	0.242	-2.131	-0.546	-1.699	0.419	-0.356	-0.027	-0.416	1.907	-1.631	0.619
Bvulgatus_CL09T03C04	HMPREF1058_RS13725	HMPREF1058_RS13725		thymidine kinase	0.655	-1.279	0.627	0.723	-1.142	1.862	-2.236	-0.727	-1.252	-1.640	-1.842	-2.301	0.041	-1.223	-2.344	-1.600	-2.092	-1.749	-0.961	-1.064	-2.151	-1.478
Bvulgatus_CL09T03C04	HMPREF1058_RS13730	HMPREF1058_RS13730		16S rRNA (cytidine(1402)-2'-O)-methyltransferase	0.158	-2.216	-2.053	-2.687	-2.964	-2.725	0.418	-0.146	1.291	-1.084	-1.052	0.252	-5.194	-1.623	-2.249	-1.219	0.381	2.416	-0.268	1.009	-1.667	0.001
Bvulgatus_CL09T03C04	HMPREF1058_RS13735	HMPREF1058_RS13735		hypothetical protein	-5.351	-7.303	-2.039	-1.135	-0.217	3.123	-4.332	-6.467	-5.051	-4.828	-5.882	-5.761	-7.291	-7.359	-4.101	-1.163	-1.633	-1.721	-5.743	-4.449	-5.327	-3.881
Bvulgatus_CL09T03C04	HMPREF1058_RS13740	HMPREF1058_RS13740		YjjG family noncanonical pyrimidine nucleotidase	1.723	0.431	0.270	-0.779	-1.288	-0.626	-0.041	-0.819	-0.171	0.229	-0.972	-0.189	-0.221	-0.116	-0.251	-0.315	0.530	-0.828	1.157	0.118	-0.432	-0.424
Bvulgatus_CL09T03C04	HMPREF1058_RS13745	HMPREF1058_RS13745		RagB/SusD family nutrient uptake outer membrane protein	5.588	5.729	0.397	0.573	-4.207	-2.772	2.605	1.735	5.162	5.515	1.046	0.886	-0.013	-0.714	-0.127	-0.704	-0.066	-1.655	4.342	3.025	0.432	0.885
Bvulgatus_CL09T03C04	HMPREF1058_RS13750	HMPREF1058_RS13750		TonB-dependent receptor	5.051	6.969	0.219	1.294	-3.425	-1.931	2.962	2.292	3.565	4.805	1.537	2.197	9.707	4.673	-1.321	0.269	0.088	-1.196	3.721	3.096	1.905	1.937
Bvulgatus_CL09T03C04	HMPREF1058_RS13755	HMPREF1058_RS13755		site-specific integrase	-2.335	-2.285	-1.172	-1.315	-3.452	-4.166	-2.366	-2.705	-2.755	-1.896	-2.372	-0.689	-1.959	-3.008	-0.563	-0.329	-0.632	-0.726	-2.258	-3.188	-1.416	-1.808
Bvulgatus_CL09T03C04	HMPREF1058_RS13760	HMPREF1058_RS13760		TonB-dependent receptor	1.615	1.072	0.778	-0.532	-0.066	-1.528	0.421	0.600	1.577	1.254	-0.041	0.504	2.543	1.662	0.684	0.758	0.910	0.130	1.372	0.860	0.411	0.427
Bvulgatus_CL09T03C04	HMPREF1058_RS13765	HMPREF1058_RS13765		RagB/SusD family nutrient uptake outer membrane protein	1.638	1.222	-0.860	0.133	0.473	-0.002	0.559	-0.239	1.156	1.228	0.446	-0.234	0.069	0.267	0.646	-0.238	0.697	0.560	0.104	1.127	-0.651	-1.009
Bvulgatus_CL09T03C04	HMPREF1058_RS13770	HMPREF1058_RS13770		TonB-dependent receptor	5.790	6.836	1.411	1.076	-0.980	-0.365	1.692	1.647	3.142	3.200	0.858	1.349	9.459	3.948	0.383	-0.087	0.487	-0.579	3.506	2.513	1.050	1.375
Bvulgatus_CL09T03C04	HMPREF1058_RS13775	HMPREF1058_RS13775		RagB/SusD family nutrient uptake outer membrane protein	2.754	3.193	-0.722	0.983	-1.655	-1.731	0.640	0.573	2.505	2.793	0.393	-0.402	6.055	1.805	-0.136	-0.659	-0.640	0.187	3.498	1.751	0.213	0.983
Bvulgatus_CL09T03C04	HMPREF1058_RS13780	HMPREF1058_RS13780		TonB-dependent receptor	8.970	10.525	5.272	3.206	0.424	0.771	7.432	6.852	8.841	9.872	5.198	5.694	13.817	8.551	4.607	3.653	3.046	2.838	8.290	7.631	6.002	6.001
Bvulgatus_CL09T03C04	HMPREF1058_RS13785	HMPREF1058_RS13785		RagB/SusD family nutrient uptake outer membrane protein	8.835	9.152	3.275	3.531	1.206	1.882	6.862	7.018	9.915	9.535	5.609	4.545	5.205	2.335	5.023	3.283	3.082	1.980	10.687	8.326	4.939	4.620
Bvulgatus_CL09T03C04	HMPREF1058_RS13790	HMPREF1058_RS13790		GTPase HflX	-6.473	-6.696	-2.054	-1.228	-2.482	-2.769	-5.210	-5.444	-5.135	-6.034	-4.214	-3.056	-5.237	-5.630	-0.865	-2.041	1.049	-0.213	-5.061	-5.213	-3.850	-4.845
Bvulgatus_CL09T03C04	HMPREF1058_RS13795	HMPREF1058_RS13795		DUF4954 family protein	-12.663	-13.304	-12.727	-11.141	-8.160	-11.426	-14.998	-12.896	-11.830	-9.115	-13.255	-12.302	-11.264	-14.643	-17.201	-15.139	2.085	-1.505	-12.224	-11.557	-12.068	-15.388
Bvulgatus_CL09T03C04	HMPREF1058_RS13800	HMPREF1058_RS13800		CocE/NonD family hydrolase	-0.127	-0.221	0.394	-1.087	-1.633	-0.191	0.208	-0.374	0.402	0.163	-0.295	0.512	1.326	0.371	1.392	-0.465	0.390	0.351	0.587	1.301	-0.235	0.406
Bvulgatus_CL09T03C04	HMPREF1058_RS13810	HMPREF1058_RS13810		alpha-N-acetylglucosaminidase	0.228	0.517	0.235	-0.149	0.523	0.287	-0.560	1.181	-0.207	-0.301	0.313	0.791	0.110	-0.968	-0.217	-1.176	0.649	0.063	0.594	1.163	-0.087	0.134
Bvulgatus_CL09T03C04	HMPREF1058_RS13815	HMPREF1058_RS13815		amino acid permease	1.424	0.684	0.425	-0.670	-1.425	-0.867	0.940	1.097	-0.852	-0.420	0.514	0.550	0.512	0.475	0.066	0.058	-1.033	-0.894	-0.236	0.154	0.967	0.104
Bvulgatus_CL09T03C04	HMPREF1058_RS13820	HMPREF1058_RS13820		TolC family protein	-1.519	-0.733	-2.036	-0.482	-0.059	1.150	-0.039	0.275	-0.803	0.038	-0.128	-0.594	-0.256	-0.102	-0.454	-0.165	-0.266	-0.422	-1.067	-1.070	0.010	-0.688
Bvulgatus_CL09T03C04	HMPREF1058_RS13825	HMPREF1058_RS13825		efflux RND transporter permease subunit	0.617	1.155	1.740	2.036	0.953	1.601	-0.513	-0.287	-0.303	-0.336	0.600	-0.234	-0.623	-0.684	-0.210	-0.023	1.033	1.118	-1.613	0.348	-0.097	0.622
Bvulgatus_CL09T03C04	HMPREF1058_RS13830	HMPREF1058_RS13830		efflux RND transporter periplasmic adaptor subunit	-2.694	0.466	-1.797	0.508	-0.142	0.831	0.234	-0.290	-0.350	-0.380	0.018	-0.876	-2.264	-0.916	-0.318	-0.389	1.243	0.666	-0.521	-1.572	-0.614	0.967
Bvulgatus_CL09T03C04	HMPREF1058_RS13835	HMPREF1058_RS13835		M20/M25/M40 family metallo-hydrolase	-0.466	-1.755	-0.072	0.430	-0.033	1.193	0.189	0.816	0.176	1.652	0.635	-0.089	-2.523	-0.341	0.017	0.052	0.725	-0.041	0.616	0.762	1.033	0.448
Bvulgatus_CL09T03C04	HMPREF1058_RS13850	HMPREF1058_RS13850		ATP-binding protein	-0.751	-0.007	-0.365	-2.613	-0.752	-0.225	-0.967	-1.026	-0.072	-0.877	0.161	-0.295	-0.770	-0.165	0.101	-1.173	-0.236	-0.593	-1.198	0.133	0.183	-0.989
Bvulgatus_CL09T03C04	HMPREF1058_RS13855	HMPREF1058_RS13855		histidine phosphatase family protein	-1.461	-1.266	-2.011	-0.715	-1.756	0.669	-0.198	-1.145	-0.802	0.092	-1.309	-0.146	-0.439	-0.769	0.156	-0.644	-2.155	-0.936	-0.599	0.106	-1.104	-0.088
Bvulgatus_CL09T03C04	HMPREF1058_RS13860	HMPREF1058_RS13860		DUF4450 domain-containing protein	-0.774	-0.040	-0.119	1.052	-1.494	0.185	-0.676	-1.140	-0.093	-0.459	-0.475	0.314	-1.253	-1.221	0.523	0.023	0.290	-0.498	0.568	0.120	0.071	0.391
Bvulgatus_CL09T03C04	HMPREF1058_RS13865	HMPREF1058_RS13865		glycoside hydrolase N-terminal domain-containing protein	-0.358	-0.376	0.262	0.628	-0.915	-1.334	0.681	-0.512	-0.267	0.186	-0.813	-0.554	-1.631	-1.038	-0.190	0.223	-0.308	-0.354	0.436	0.227	-0.338	0.163
Bvulgatus_CL09T03C04	HMPREF1058_RS13870	HMPREF1058_RS13870		glycoside hydrolase family 88 protein	-1.106	-0.253	0.206	-0.908	-1.195	0.322	-0.648	-0.411	1.468	-0.860	0.344	0.211	-0.770	-0.935	-0.266	-0.153	-0.917	-0.244	-0.072	0.222	0.300	-0.023
Bvulgatus_CL09T03C04	HMPREF1058_RS13880	HMPREF1058_RS13880		MATE family efflux transporter	-4.408	-3.389	1.818	0.473	-1.410	-1.151	-1.367	-0.341	-0.314	-1.902	-0.317	-1.344	-0.992	-4.293	0.281	-0.985	-0.243	-0.281	-1.758	-1.561	0.148	-0.415
Bvulgatus_CL09T03C04	HMPREF1058_RS13885	HMPREF1058_RS13885		peptidase S41	-0.265	-0.156	-0.479	-0.822	-1.749	-2.132	-0.696	0.086	-0.111	0.308	-0.389	-1.324	-0.035	-1.219	0.209	-0.580	0.154	-0.094	0.895	-0.278	-0.722	-1.761
Bvulgatus_CL09T03C04	HMPREF1058_RS13895	HMPREF1058_RS13895		MmcQ/YjbR family DNA-binding protein	-1.198	-0.854	-0.327	-0.532	-0.478	-1.880	1.630	0.011	1.070	-0.406	-0.372	0.291	0.392	-0.067	1.399	0.787	0.049	0.116	0.658	0.166	-1.060	0.354
Bvulgatus_CL09T03C04	HMPREF1058_RS13900	HMPREF1058_RS13900		YraN family protein	-0.985	1.321	1.310	1.186	1.895	0.734	2.818	2.152	1.109	-1.427	0.615	1.660	1.027	-0.141	-3.057	2.125	0.830	1.612	0.017	0.499	0.187	1.239
Bvulgatus_CL09T03C04	HMPREF1058_RS13905	HMPREF1058_RS13905		hypothetical protein	2.165	1.972	-1.659	-2.494	-1.539	-1.723	2.930	2.749	2.441	2.994	2.161	1.113	0.091	1.952	1.934	0.774	2.417	1.287	0.998	3.135	1.773	2.972
Bvulgatus_CL09T03C04	HMPREF1058_RS13910	HMPREF1058_RS13910		nucleoside deaminase	8.888	4.938	-1.817	0.095	-3.172	-4.129	3.662	3.554	4.212	4.954	1.573	1.452	-0.736	3.105	0.192	-0.846	6.091	1.580	0.047	4.354	1.260	3.701
Bvulgatus_CL09T03C04	HMPREF1058_RS13915	HMPREF1058_RS13915		DUF4834 family protein	-1.881	-1.882	-0.624	-0.319	-1.176	-1.409	-2.579	-0.053	-1.796	-0.818	-0.200	1.504	0.746	-2.272	-0.970	0.302	0.759	1.860	-0.470	0.070	-0.662	-0.175
Bvulgatus_CL09T03C04	HMPREF1058_RS13940	HMPREF1058_RS13940		hypothetical protein	-1.282	-2.705	0.700	0.365	0.614	1.867	-0.532	-0.430	-0.065	-2.913	-1.697	-0.253	-0.716	-2.091	2.239	0.128	1.050	1.198	-0.264	-0.885	-0.330	1.042
Bvulgatus_CL09T03C04	HMPREF1058_RS13945	HMPREF1058_RS13945		plasmid pRiA4b ORF-3 family protein	-0.635	-1.026	-1.213	-0.218	-1.585	-0.126	-1.031	-0.391	0.179	-0.716	0.431	-0.351	-0.087	0.899	0.111	-1.112	0.111	0.501	-0.031	0.797	-1.630	-0.329
Bvulgatus_CL09T03C04	HMPREF1058_RS13950	HMPREF1058_RS13950		immunity 17 family protein	2.232	-0.165	0.653	-0.002	1.025	1.587	0.849	0.227	1.414	1.615	-0.006	1.413	-0.181	0.149	-0.048	0.494	0.485	0.175	1.298	2.906	-0.539	-0.130
Bvulgatus_CL09T03C04	HMPREF1058_RS13960	HMPREF1058_RS13960		metal ABC transporter permease	-0.070	0.886	-0.209	0.021	-0.411	1.801	-0.132	1.570	-1.724	-0.525	1.560	0.525	1.787	1.595	0.340	0.278	1.187	1.631	-2.359	-0.357	0.460	1.230
Bvulgatus_CL09T03C04	HMPREF1058_RS13965	HMPREF1058_RS13965		hypothetical protein	-0.330	0.213	1.825	-0.541	0.257	2.546	1.441	0.831	1.981	0.071	-0.959	0.289	0.259	-0.366	1.386	0.294	0.777	0.588	0.010	1.839	-1.727	-0.609
Bvulgatus_CL09T03C04	HMPREF1058_RS13970	HMPREF1058_RS13970		3-phosphoshikimate 1-carboxyvinyltransferase	-2.326	-2.320	-1.316	-1.283	-2.254	-2.204	-2.532	-2.517	-2.330	-2.364	-2.471	-2.539	-2.420	-2.516	-2.565	-2.456	-3.276	-2.377	-2.362	-3.028	-2.288	-2.504
Bvulgatus_CL09T03C04	HMPREF1058_RS13975	HMPREF1058_RS13975		class I fructose-bisphosphate aldolase	-0.290	-1.845	-0.558	0.129	-0.928	1.211	-0.161	0.047	0.096	-0.405	0.426	-0.047	-0.273	-1.381	-0.315	-0.064	-0.417	-1.423	0.230	-0.997	-0.349	-0.526
Bvulgatus_CL09T03C04	HMPREF1058_RS13980	HMPREF1058_RS13980		2,3-diphosphoglycerate-dependent phosphoglycerate mutase	-0.971	-0.207	0.281	1.120	-0.024	1.093	-0.230	0.088	-0.639	0.547	0.083	0.683	-0.088	-0.079	0.518	0.527	-1.445	-0.357	0.578	-0.498	-0.823	1.020
Bvulgatus_CL09T03C04	HMPREF1058_RS13985	HMPREF1058_RS13985		ADP-ribosylglycohydrolase family protein	1.492	-0.264	-0.310	0.300	0.320	-0.794	0.655	0.096	1.458	0.496	1.575	1.292	-0.405	1.216	0.199	1.027	-0.122	0.527	1.243	1.214	-0.408	0.967
Bvulgatus_CL09T03C04	HMPREF1058_RS13990	HMPREF1058_RS13990		DNA polymerase IV	-1.608	-1.090	1.573	1.506	-0.355	-0.731	-0.098	1.025	0.467	-0.262	0.045	0.394	-0.691	-0.104	0.486	0.443	0.381	0.174	-0.629	-0.166	0.609	0.793
Bvulgatus_CL09T03C04	HMPREF1058_RS14000	HMPREF1058_RS14000		helix-turn-helix domain-containing protein	-6.460	-8.051	1.265	1.767	-0.003	0.673	-0.559	0.431	5.411	5.039	-0.023	-0.162	-4.281	-7.611	0.296	1.332	0.043	1.247	3.857	4.261	0.636	-0.306
Bvulgatus_CL09T03C04	HMPREF1058_RS14005	HMPREF1058_RS14005		3-dehydroquinate synthase	-3.486	-3.522	-1.924	-2.617	-2.526	-2.473	-5.430	-2.798	-2.605	-2.639	-3.694	-2.821	-3.627	-2.786	-4.542	-3.675	-5.755	-4.188	-2.639	-3.674	-4.446	-3.744
Bvulgatus_CL09T03C04	HMPREF1058_RS14010	HMPREF1058_RS14010		hypothetical protein	-2.130	-0.828	-1.361	0.234	-2.066	-0.026	-0.290	0.195	1.116	0.687	-0.387	0.255	-1.332	-1.909	-0.375	-1.510	-0.150	0.367	0.798	1.025	0.127	-1.320
Bvulgatus_CL09T03C04	HMPREF1058_RS14015	HMPREF1058_RS14015		TonB-dependent receptor	-1.918	-1.748	0.909	2.100	-0.049	-0.092	-1.124	-0.183	-0.929	-0.268	0.235	0.566	0.031	0.334	1.236	0.465	0.669	0.519	-0.878	-0.708	0.033	0.240
Bvulgatus_CL09T03C04	HMPREF1058_RS14020	HMPREF1058_RS14020		cardiolipin synthase	-7.831	-6.586	-2.611	-0.694	-6.897	-5.802	-9.954	-10.040	-4.736	-4.816	-6.991	-8.268	-4.581	-7.219	-10.921	-6.456	-4.567	-6.546	-7.893	-8.172	-5.540	-6.000
Bvulgatus_CL09T03C04	HMPREF1058_RS14025	HMPREF1058_RS14025		RsmD family RNA methyltransferase	0.465	-1.484	-3.193	-2.743	-2.855	-1.925	-0.716	-0.676	2.043	-0.855	-1.444	-0.262	-1.725	-3.035	-2.637	0.276	-0.710	0.426	1.443	1.210	-1.713	-3.647
Bvulgatus_CL09T03C04	HMPREF1058_RS14030	HMPREF1058_RS14030		DUF3822 family protein	-1.123	-1.807	-1.007	-1.015	-1.033	0.784	0.943	1.079	2.101	1.055	-0.185	-0.455	1.483	-0.088	0.116	0.935	-0.457	0.602	3.259	2.250	-1.650	-0.319
Bvulgatus_CL09T03C04	HMPREF1058_RS14035	HMPREF1058_RS14035		hypothetical protein	2.276	4.060	-0.793	-0.644	-1.778	-1.729	-0.575	0.264	0.976	2.340	0.859	-0.381	2.452	-0.022	0.773	-1.984	-1.284	-2.063	0.182	1.004	-2.105	-2.120
Bvulgatus_CL09T03C04	HMPREF1058_RS14040	HMPREF1058_RS14040		AAA family ATPase	-0.743	-0.208	-0.930	-0.516	-0.443	-1.214	-1.337	-0.680	-0.922	-1.776	-0.726	-0.654	-0.336	-1.099	0.040	-1.187	-0.782	-1.156	-2.074	-1.312	-0.017	-0.082
Bvulgatus_CL09T03C04	HMPREF1058_RS14050	HMPREF1058_RS14050		peptidoglycan DD-metalloendopeptidase family protein	3.684	3.685	-2.360	-1.182	1.309	-0.238	0.067	0.152	0.982	1.830	-0.126	0.005	-0.264	1.670	-0.784	0.307	-0.593	-1.418	0.290	1.034	-0.268	-0.041
Bvulgatus_CL09T03C04	HMPREF1058_RS14065	HMPREF1058_RS14065		lytic transglycosylase domain-containing protein	6.251	5.330	-3.527	-1.118	0.773	-0.256	3.633	3.904	2.635	2.167	2.052	2.636	4.325	5.657	1.279	-0.081	0.476	-0.907	1.273	1.928	2.755	3.233
Bvulgatus_CL09T03C04	HMPREF1058_RS14075	HMPREF1058_RS14075		ParB/RepB/Spo0J family partition protein	0.813	1.276	-2.196	-1.883	-3.397	-4.048	-0.079	-2.271	-0.714	-1.712	-2.179	-2.596	-0.960	-0.147	-3.365	-1.403	-0.179	-2.567	-0.596	0.426	-1.714	-2.028
Bvulgatus_CL09T03C04	HMPREF1058_RS14085	HMPREF1058_RS14085		5'/3'-nucleotidase SurE	0.218	2.232	-0.892	-2.162	-0.861	0.027	1.345	1.725	3.427	1.803	2.216	2.655	-0.285	1.313	1.057	-0.576	0.113	1.177	1.404	0.580	0.706	1.703
Bvulgatus_CL09T03C04	HMPREF1058_RS14095	HMPREF1058_RS14095		NigD-like N-terminal domain-containing protein	-0.025	0.499	-2.115	-0.862	-2.237	-2.154	-0.280	0.114	-1.378	-0.898	-0.492	-1.219	-1.640	-0.418	-1.567	-1.243	0.112	0.691	-0.348	-2.717	-0.643	-0.926
Bvulgatus_CL09T03C04	HMPREF1058_RS14110	HMPREF1058_RS14110		ribosome silencing factor	0.864	0.425	-0.150	0.704	1.129	-0.172	-0.310	0.481	1.816	0.917	0.699	0.061	-0.708	-0.075	0.353	-0.130	2.523	1.412	1.554	1.129	-0.368	0.650
Bvulgatus_CL09T03C04	HMPREF1058_RS14120	HMPREF1058_RS14120		DUF349 domain-containing protein	-5.183	-4.988	-4.295	-4.933	-6.694	-7.248	-3.133	-2.822	0.273	-1.587	-4.144	-2.734	-3.852	-5.487	-8.204	-7.012	2.052	1.719	-1.409	-1.193	-3.694	-3.013
Bvulgatus_CL09T03C04	HMPREF1058_RS14125	HMPREF1058_RS14125		magnesium transporter	-2.094	-2.448	-5.392	-4.952	-6.617	-6.405	-8.764	-9.314	-5.575	-4.896	-8.025	-7.867	-2.969	-3.803	-5.100	-8.050	-1.625	-1.880	-2.201	-1.333	-8.720	-10.592
Bvulgatus_CL09T03C04	HMPREF1058_RS14130	HMPREF1058_RS14130		16S rRNA (adenine(1518)-N(6)/adenine(1519)-N(6))- dimethyltransferase RsmA	-0.273	1.204	2.333	2.684	2.124	3.267	1.687	1.776	6.328	5.266	0.912	0.499	6.909	4.631	1.798	-2.125	0.803	-0.252	7.094	6.681	3.565	-0.159
Bvulgatus_CL09T03C04	HMPREF1058_RS14140	HMPREF1058_RS14140		aminoacyl-histidine dipeptidase	1.829	1.934	-1.065	0.000	-1.246	-2.471	0.227	1.136	1.217	-1.545	-0.951	-0.250	0.781	2.581	-1.705	-2.204	0.166	-1.714	0.252	0.580	-0.868	0.558
Bvulgatus_CL09T03C04	HMPREF1058_RS14145	HMPREF1058_RS14145		nucleoside deaminase	1.396	2.887	-0.671	1.726	-0.654	0.187	1.701	1.441	0.988	-0.070	0.419	1.532	-0.684	-0.075	-0.079	-0.476	-0.341	0.449	0.345	0.711	1.065	0.696
Bvulgatus_CL09T03C04	HMPREF1058_RS14150	HMPREF1058_RS14150		tetratricopeptide repeat protein	-0.664	0.506	-0.718	-0.458	0.946	0.395	-1.631	0.103	-1.319	-0.906	0.037	-0.159	0.665	-0.431	0.119	0.604	0.832	1.761	-1.192	-1.655	0.253	0.875
Bvulgatus_CL09T03C04	HMPREF1058_RS14155	HMPREF1058_RS14155		DUF3244 domain-containing protein	-0.911	-0.074	-0.498	-0.638	-0.176	-1.411	0.212	0.528	-0.073	1.422	0.325	-0.192	-0.001	1.132	-0.408	-0.223	-0.448	-1.092	0.879	-0.225	0.294	0.954
Bvulgatus_CL09T03C04	HMPREF1058_RS14160	HMPREF1058_RS14160		hypothetical protein	-1.217	-2.087	-0.136	-0.374	0.451	0.027	0.107	0.430	-1.149	-1.686	-0.805	-0.219	-0.219	-0.659	-0.894	-1.264	1.616	1.517	0.456	-0.634	1.688	-1.136
Bvulgatus_CL09T03C04	HMPREF1058_RS14165	HMPREF1058_RS14165		carboxypeptidase-like regulatory domain-containing protein	0.854	0.138	0.408	-0.324	-0.008	-0.908	-1.168	-0.526	-0.525	-1.373	-0.579	-0.762	0.393	-1.668	-0.236	0.334	-0.041	0.076	-0.217	0.552	-0.877	-0.216
Bvulgatus_CL09T03C04	HMPREF1058_RS14170	HMPREF1058_RS14170		hypothetical protein	-0.307	0.028	-0.563	-0.827	-1.275	-0.653	-0.210	-0.937	-0.133	-0.289	-0.801	0.036	-0.301	-1.249	-0.527	-0.741	0.759	-0.602	1.642	-0.648	0.013	-1.663
Bvulgatus_CL09T03C04	HMPREF1058_RS14175	HMPREF1058_RS14175		O-antigen ligase family protein	0.348	-0.300	0.061	1.383	0.803	0.780	-0.196	0.748	0.432	-1.685	0.183	0.009	-0.373	-0.454	0.163	-0.179	-0.223	-0.195	-0.078	-0.634	-0.118	0.119
Bvulgatus_CL09T03C04	HMPREF1058_RS14180	HMPREF1058_RS14180		virulence RhuM family protein	0.931	-0.227	0.257	1.253	-0.196	-0.234	-0.001	1.018	0.133	-0.528	-0.312	-0.266	0.148	-1.044	1.344	0.803	1.153	1.375	1.792	1.161	-0.762	0.091
Bvulgatus_CL09T03C04	HMPREF1058_RS14185	HMPREF1058_RS14185		hypothetical protein	0.135	-0.488	-1.390	-1.576	-0.435	-1.227	-0.791	-0.767	-1.266	-2.115	-0.026	-0.190	-1.856	-0.476	-2.909	-0.984	-0.160	-1.000	-1.478	-1.345	-1.645	-0.437
Bvulgatus_CL09T03C04	HMPREF1058_RS14190	HMPREF1058_RS14190		hypothetical protein	0.155	1.068	-1.702	-1.558	-0.993	0.174	-0.081	0.340	1.453	0.096	-0.405	-0.101	-0.389	-0.688	-0.831	-0.235	0.343	0.657	0.944	0.202	-0.374	0.618
Bvulgatus_CL09T03C04	HMPREF1058_RS14195	HMPREF1058_RS14195		DUF1573 domain-containing protein	2.195	0.321	-1.395	-2.468	-1.712	-1.671	-1.143	-0.834	-1.289	-2.230	-1.056	-1.650	2.242	0.316	-2.044	-2.007	-1.878	-1.358	-0.625	-0.590	-1.863	-1.954
Bvulgatus_CL09T03C04	HMPREF1058_RS14200	HMPREF1058_RS14200		methylmalonyl Co-A mutase-associated GTPase MeaB	-2.915	-3.826	-8.340	-8.304	-17.767	-19.067	-11.883	-12.984	-17.467	-17.158	-12.467	-13.837	-0.383	-7.883	-18.338	-21.120	-9.015	-15.112	-19.631	-17.156	-16.430	-14.844
Bvulgatus_CL09T03C04	HMPREF1058_RS14205	HMPREF1058_RS14205		6-phosphofructokinase	-9.240	-11.573	-6.456	-5.170	-1.357	-2.819	-12.677	-11.952	-10.840	-9.727	-10.964	-9.232	-10.942	-6.913	-1.337	-0.236	0.200	0.256	-9.928	-7.451	-9.677	-8.895
Bvulgatus_CL09T03C04	HMPREF1058_RS14215	HMPREF1058_RS14215		(d)CMP kinase	-1.877	-1.834	-1.940	-2.389	-3.030	-2.991	-4.162	-4.364	-3.812	-4.200	-4.090	-4.108	-2.585	-2.410	-2.663	-4.270	-1.413	-2.852	-3.772	-4.069	-3.833	-4.713
Bvulgatus_CL09T03C04	HMPREF1058_RS14220	HMPREF1058_RS14220		energy transducer TonB	-4.454	-3.445	-3.130	-2.535	-4.929	-4.114	-3.124	-4.208	-5.385	-5.300	-5.446	-3.380	-3.004	-3.813	-2.022	-4.093	-1.623	-4.246	-3.976	-4.608	-4.481	-5.415
Bvulgatus_CL09T03C04	HMPREF1058_RS14225	HMPREF1058_RS14225		polyprenyl synthetase family protein	-5.791	-7.156	0.531	-0.109	-3.068	-3.111	1.843	3.924	1.721	-0.029	1.143	1.277	-4.306	-2.786	0.848	-0.032	4.305	0.807	-2.666	-1.833	-1.219	0.225
Bvulgatus_CL09T03C04	HMPREF1058_RS14230	HMPREF1058_RS14230		TatD family hydrolase	1.257	0.814	0.474	0.743	-1.216	0.069	-0.429	1.667	0.281	0.249	0.158	1.146	-0.074	0.499	0.355	0.764	1.722	1.046	-1.284	-0.938	-0.592	1.660
Bvulgatus_CL09T03C04	HMPREF1058_RS14260	HMPREF1058_RS14260		GNAT family N-acetyltransferase	-1.347	-2.275	-0.197	0.395	0.126	-0.311	-2.261	-1.706	-2.546	-1.783	-2.798	-2.274	-1.555	-1.622	-0.083	-0.470	-1.483	0.806	-0.411	-1.415	-1.561	-1.835
Bvulgatus_CL09T03C04	HMPREF1058_RS14265	HMPREF1058_RS14265		IgA Peptidase M64	-2.555	-2.326	-1.067	-0.495	-0.874	-0.507	-4.194	-2.815	-1.566	-1.269	-2.024	-1.219	-1.933	-1.802	-0.555	0.010	-0.487	0.056	-0.863	-2.051	-2.167	-2.537
Bvulgatus_CL09T03C04	HMPREF1058_RS14270	HMPREF1058_RS14270		Lrp/AsnC ligand binding domain-containing protein	24.404	25.450	2.259	3.355	1.972	4.448	18.339	20.530	19.255	16.035	14.766	13.748	28.288	17.158	-0.362	2.733	1.157	1.967	16.212	14.106	15.338	14.908
Bvulgatus_CL09T03C04	HMPREF1058_RS14285	HMPREF1058_RS14285		DUF5056 domain-containing protein	1.665	1.045	-1.211	-1.388	-2.360	-2.797	2.128	0.725	-0.504	-1.265	0.279	1.213	0.044	0.121	-3.575	-0.905	-2.894	-4.338	-2.559	-0.148	1.329	0.885
Bvulgatus_CL09T03C04	HMPREF1058_RS14290	HMPREF1058_RS14290		sigma-70 family RNA polymerase sigma factor	1.914	1.544	1.486	1.182	1.137	0.373	1.065	1.360	2.012	0.692	2.167	2.084	1.395	2.391	1.860	0.498	1.646	0.354	1.135	1.407	1.651	0.219
Bvulgatus_CL09T03C04	HMPREF1058_RS14295	HMPREF1058_RS14295		hypothetical protein	1.915	0.020	-1.369	-1.444	-2.823	-2.233	2.773	0.773	-2.897	-1.238	-0.509	0.760	0.353	-1.760	-1.742	-1.203	-1.712	-2.494	-2.599	-1.908	-1.934	0.112
Bvulgatus_CL09T03C04	HMPREF1058_RS14300	HMPREF1058_RS14300		rRNA cytosine-C5-methyltransferase	-5.949	-3.863	1.786	1.890	0.100	0.295	-2.461	-0.663	-2.192	-1.645	-2.143	-1.281	-2.414	-2.644	1.781	0.532	-1.277	0.189	-0.134	-1.213	-0.406	-0.673
Bvulgatus_CL09T03C04	HMPREF1058_RS14305	HMPREF1058_RS14305		DNA topoisomerase 3	-1.385	-2.304	-1.323	-1.245	-1.585	-2.069	-1.438	-1.496	0.673	-1.495	-1.308	-1.216	0.449	0.328	-1.822	-1.120	-0.842	-2.770	-1.971	-0.134	-0.638	-1.258
Bvulgatus_CL09T03C04	HMPREF1058_RS14310	HMPREF1058_RS14310		PepSY-like domain-containing protein	0.316	1.142	-0.064	-1.069	-1.373	0.093	-0.603	-0.797	-1.078	-0.182	1.083	1.049	0.480	-2.559	-0.436	-0.148	-0.442	0.355	0.647	-0.499	1.115	0.485
Bvulgatus_CL09T03C04	HMPREF1058_RS14315	HMPREF1058_RS14315		thioesterase family protein	-0.220	-0.783	0.768	-1.831	-0.468	0.733	-0.693	-0.890	-0.027	-0.635	0.738	-0.835	-1.022	0.282	-0.687	0.366	-0.448	-0.722	-0.317	-0.670	0.240	-0.283
Bvulgatus_CL09T03C04	HMPREF1058_RS14320	HMPREF1058_RS14320		AAA family ATPase	2.616	2.242	0.951	1.758	1.818	1.164	1.006	0.951	1.569	1.555	0.685	0.879	2.079	2.093	0.393	0.749	0.148	0.371	2.550	2.524	1.026	0.292
Bvulgatus_CL09T03C04	HMPREF1058_RS14325	HMPREF1058_RS14325		aconitate hydratase	-7.170	-7.093	-0.035	-0.043	-1.089	-1.137	-3.514	-2.349	-0.034	-0.912	-2.463	-2.594	-5.883	-5.972	0.093	-1.786	0.839	0.242	-1.927	-2.161	-3.821	-2.013
Bvulgatus_CL09T03C04	HMPREF1058_RS14330	HMPREF1058_RS14330		NADP-dependent isocitrate dehydrogenase	-5.867	-4.565	-0.473	-1.796	-1.827	-0.860	-1.531	-2.423	-2.487	-1.985	-2.592	-1.398	-3.257	-3.127	-0.730	0.017	1.399	1.587	-2.955	-2.608	-1.497	-0.643
Bvulgatus_CL09T03C04	HMPREF1058_RS14335	HMPREF1058_RS14335		citrate/2-methylcitrate synthase	-7.883	-6.446	1.459	0.956	-0.027	0.584	-0.059	-0.380	0.106	-0.435	0.177	0.712	-4.044	-3.834	-1.108	-0.728	-0.937	-0.199	-0.019	1.028	0.397	-1.050
Bvulgatus_CL09T03C04	HMPREF1058_RS14340	HMPREF1058_RS14340		TonB-dependent receptor	0.453	0.732	1.058	1.211	0.156	1.083	0.653	0.602	0.389	0.223	0.679	0.843	0.913	0.035	-0.116	0.386	0.681	-0.064	0.358	0.673	-0.377	0.372
Bvulgatus_CL09T03C04	HMPREF1058_RS14345	HMPREF1058_RS14345		RagB/SusD family nutrient uptake outer membrane protein	0.143	-0.494	1.824	0.785	1.310	0.375	-1.003	-0.067	-0.522	-0.062	0.469	-0.201	-0.109	0.742	-0.310	0.695	-0.381	0.642	-0.223	-0.499	0.889	0.164
Bvulgatus_CL09T03C04	HMPREF1058_RS14355	HMPREF1058_RS14355		GNAT family N-acetyltransferase	-0.111	0.364	-2.234	-0.625	-0.181	-0.356	-0.256	-1.806	-1.123	-3.277	-0.836	-1.555	-0.257	-0.206	-0.332	0.974	-0.082	-0.160	-1.965	0.066	-2.105	-1.771
Bvulgatus_CL09T03C04	HMPREF1058_RS14360	HMPREF1058_RS14360		DUF1295 domain-containing protein	1.670	0.527	2.633	-1.724	0.988	0.618	0.098	0.688	-0.077	1.382	-0.139	-0.733	0.930	1.197	0.515	1.696	0.511	1.838	-2.410	-0.319	-0.446	1.031
Bvulgatus_CL09T03C04	HMPREF1058_RS14365	HMPREF1058_RS14365		NADH:flavin oxidoreductase	-0.100	-0.285	0.735	0.443	0.473	1.767	-0.898	0.086	-0.141	-1.251	0.088	-0.596	0.712	-0.760	1.126	0.473	0.611	1.186	-1.762	-0.438	-0.738	-1.157
Bvulgatus_CL09T03C04	HMPREF1058_RS14370	HMPREF1058_RS14370		SDR family NAD(P)-dependent oxidoreductase	-1.669	-0.582	-0.355	-0.626	-0.748	-2.018	-1.398	-2.573	0.361	-2.060	-1.597	-1.079	-0.626	-1.325	-1.908	-1.700	-1.076	-1.512	-1.800	-1.012	-1.772	-0.342
Bvulgatus_CL09T03C04	HMPREF1058_RS14375	HMPREF1058_RS14375		DMT family transporter	-2.749	-2.320	-1.151	-0.671	-0.685	-0.332	-1.203	-0.372	-1.554	0.335	-1.288	-1.005	-1.466	-1.763	-1.562	-2.215	-0.785	-0.739	-0.250	-1.531	-1.124	-1.061
Bvulgatus_CL09T03C04	HMPREF1058_RS14380	HMPREF1058_RS14380		AAA family ATPase	-0.908	-2.008	-1.443	-1.807	-6.566	-5.539	-10.532	-8.327	-6.063	-6.846	-10.009	-9.593	-2.538	-3.763	-5.793	-4.267	-4.870	-5.633	-4.761	-6.667	-7.199	-7.240
Bvulgatus_CL09T03C04	HMPREF1058_RS14385	HMPREF1058_RS14385		DUF4435 domain-containing protein	-3.766	-4.279	-6.007	-5.314	-10.831	-11.013	-17.811	-12.535	-14.112	-14.688	-16.814	-15.868	-9.867	-8.399	-9.881	-11.504	-11.445	-11.491	-16.204	-15.746	-16.790	-15.241
Bvulgatus_CL09T03C04	HMPREF1058_RS14390	HMPREF1058_RS14390		DoxX family protein	-0.250	-0.291	0.728	0.456	0.958	0.810	-0.666	-0.085	-0.277	-0.466	-1.153	-0.035	-0.814	-0.602	-1.131	-1.126	-0.809	-0.144	-0.064	1.417	0.940	0.151
Bvulgatus_CL09T03C04	HMPREF1058_RS14395	HMPREF1058_RS14395		HAD family hydrolase	-1.248	0.505	1.093	1.293	0.381	0.576	0.270	1.181	0.834	-0.789	1.216	0.456	-0.212	0.288	-0.450	-0.414	-0.722	0.702	-0.619	-1.078	-0.113	-0.221
Bvulgatus_CL09T03C04	HMPREF1058_RS14400	HMPREF1058_RS14400		nitroreductase family protein	-0.155	-0.372	1.146	0.568	-1.544	0.307	-0.218	0.193	-0.402	0.427	-1.341	0.914	-0.330	-0.818	-0.523	0.091	0.489	-0.115	-0.880	0.392	0.027	0.179
Bvulgatus_CL09T03C04	HMPREF1058_RS14405	HMPREF1058_RS14405		OadG family protein	-0.628	1.658	-1.455	-3.605	-1.801	-0.838	0.197	0.049	-2.396	-1.515	-0.247	0.362	0.923	-1.036	-0.884	-0.389	-0.419	-1.073	-2.913	-2.660	-1.441	-0.786
Bvulgatus_CL09T03C04	HMPREF1058_RS14410	HMPREF1058_RS14410		oxaloacetate decarboxylase	-0.496	-0.569	-1.390	-0.825	0.619	0.827	-2.418	-0.803	-1.607	-1.876	-1.358	-0.477	-1.769	-0.536	-1.346	-1.079	-0.109	1.495	-1.155	-1.516	-0.380	0.204
Bvulgatus_CL09T03C04	HMPREF1058_RS14415	HMPREF1058_RS14415		sodium ion-translocating decarboxylase subunit beta	-0.250	-0.430	0.878	1.817	0.700	0.898	0.652	0.797	-0.738	0.342	0.261	-0.042	0.001	0.248	-1.299	0.519	-0.724	0.419	-1.489	-0.195	0.816	0.608
Bvulgatus_CL09T03C04	HMPREF1058_RS14420	HMPREF1058_RS14420		TlpA family protein disulfide reductase	2.153	2.327	1.239	2.075	-0.819	-1.183	1.271	0.944	1.595	1.633	1.184	0.415	1.705	2.365	-0.658	-0.036	-0.224	0.382	2.453	0.623	1.522	1.041
Bvulgatus_CL09T03C04	HMPREF1058_RS14425	HMPREF1058_RS14425		thioredoxin family protein	0.763	0.429	1.476	0.597	-0.199	0.478	1.666	-0.033	1.483	0.750	0.857	0.738	1.221	0.502	-0.051	0.511	-0.654	-0.150	1.262	-1.360	0.450	0.780
Bvulgatus_CL09T03C04	HMPREF1058_RS14430	HMPREF1058_RS14430		RagB/SusD family nutrient uptake outer membrane protein	0.271	1.159	-0.743	-0.758	-0.926	0.199	0.132	-0.139	0.597	-0.822	0.678	-0.187	1.088	-0.602	-0.732	-0.895	-0.449	-0.009	0.275	-0.551	-0.434	-0.176
Bvulgatus_CL09T03C04	HMPREF1058_RS14435	HMPREF1058_RS14435		SusC/RagA family TonB-linked outer membrane protein	0.228	-0.048	-0.723	-0.120	0.937	0.971	0.359	0.626	0.263	0.617	-0.106	-0.641	0.849	-0.268	-0.700	0.183	0.246	0.894	-0.497	0.278	-0.245	0.589
Bvulgatus_CL09T03C04	HMPREF1058_RS14440	HMPREF1058_RS14440		FecR domain-containing protein	1.175	0.355	-1.537	-0.768	1.092	-0.624	1.104	0.699	1.437	0.443	1.592	-0.226	0.599	-0.271	-0.959	0.371	0.487	-0.567	1.228	1.989	0.078	-0.222
Bvulgatus_CL09T03C04	HMPREF1058_RS14445	HMPREF1058_RS14445		sigma-70 family RNA polymerase sigma factor	-0.111	0.048	-0.549	1.100	0.526	0.249	-0.386	-0.468	-0.045	-1.299	-0.104	0.739	-0.428	0.493	-1.079	0.827	1.608	-0.003	0.095	-0.180	0.246	-0.422
Bvulgatus_CL09T03C04	HMPREF1058_RS14450	HMPREF1058_RS14450		glycosyl hydrolase 43 family protein	0.729	1.059	2.274	2.098	1.354	-0.695	0.081	-0.434	-1.651	-0.423	-0.420	-0.601	-0.054	-0.666	-0.368	0.568	0.583	-0.353	0.624	-0.332	0.590	0.341
Bvulgatus_CL09T03C04	HMPREF1058_RS14455	HMPREF1058_RS14455		DUF4861 domain-containing protein	0.317	-0.360	0.681	-0.881	0.813	1.215	-0.001	0.111	-0.943	-0.246	-0.226	0.358	-0.045	-0.141	-0.535	-0.048	-0.263	0.156	0.348	-0.023	0.089	0.035
Bvulgatus_CL09T03C04	HMPREF1058_RS14460	HMPREF1058_RS14460		glycoside hydrolase family 28 protein	-0.512	0.282	-2.811	-3.141	-0.707	0.270	-0.229	1.020	-0.794	-0.535	-0.440	-0.212	-0.223	0.079	-0.259	0.238	-0.408	-0.190	-0.382	-0.557	-0.714	-1.185
Bvulgatus_CL09T03C04	HMPREF1058_RS14465	HMPREF1058_RS14465		enoyl-ACP reductase	-2.869	-2.398	-1.534	-1.158	-2.875	-2.593	-2.631	-2.969	-2.846	-3.119	-2.895	-3.547	-3.085	-2.978	-3.595	-2.552	-2.605	-2.670	-2.739	-2.812	-2.734	-2.598
Bvulgatus_CL09T03C04	HMPREF1058_RS14470	HMPREF1058_RS14470		hypothetical protein	11.032	11.850	-5.608	-5.557	-3.330	-6.267	2.108	2.674	3.726	3.343	-1.368	-0.845	6.337	7.339	-3.189	-4.313	-1.873	-1.782	3.125	1.447	-1.184	-1.229
Bvulgatus_CL09T03C04	HMPREF1058_RS14475	HMPREF1058_RS14475		SAM-dependent methyltransferase	-0.404	-0.219	-0.278	-0.811	-2.596	-3.835	-3.844	-1.936	-2.126	-1.838	-1.592	-2.164	-0.061	-1.152	-2.288	-1.991	-1.789	-1.406	-2.528	-1.647	-2.588	-1.886
Bvulgatus_CL09T03C04	HMPREF1058_RS14485	HMPREF1058_RS14485		lipoyl synthase	1.998	1.633	-0.799	1.198	-1.100	-1.786	-0.558	-1.035	-3.475	-0.263	-1.661	-1.126	1.596	0.746	-4.025	-3.255	-1.709	-0.500	-1.131	-0.583	-2.663	-1.163
Bvulgatus_CL09T03C04	HMPREF1058_RS14490	HMPREF1058_RS14490		S9 family peptidase	-14.073	-12.765	-12.392	-10.731	-12.288	-8.288	-15.931	-16.472	-15.089	-13.852	-15.953	-16.644	-16.358	-16.727	-16.410	-15.823	-0.156	-9.506	-13.566	-15.803	-13.771	-15.167
Bvulgatus_CL09T03C04	HMPREF1058_RS14495	HMPREF1058_RS14495		TIGR01212 family radical SAM protein	-2.230	-2.457	0.119	0.215	-0.732	0.046	-1.826	-1.112	-2.470	-0.834	0.282	-2.402	-2.473	-2.040	0.377	0.463	1.262	0.276	0.232	-0.694	-0.991	-0.782
Bvulgatus_CL09T03C04	HMPREF1058_RS14500	HMPREF1058_RS14500		FprA family A-type flavoprotein	-1.135	-1.608	-1.748	-2.271	0.571	0.404	-0.495	-1.428	1.601	0.701	-0.459	-0.692	-0.973	0.256	-0.281	-0.338	-0.178	-0.078	0.577	1.973	-0.171	-0.294
Bvulgatus_CL09T03C04	HMPREF1058_RS14505	HMPREF1058_RS14505		mechanosensitive ion channel	-2.363	-1.554	-0.785	-0.794	-1.434	-1.384	-2.604	-1.700	-1.517	-1.570	-1.669	-1.725	-1.578	-2.235	-2.332	-1.678	-2.172	-1.610	-1.544	-1.612	-1.485	-1.697
Bvulgatus_CL09T03C04	HMPREF1058_RS14510	HMPREF1058_RS14510		threonylcarbamoyl-AMP synthase	-1.354	0.317	0.379	-0.668	-0.033	1.426	-0.660	-1.666	0.967	1.483	0.305	0.170	-1.205	-1.208	0.486	1.970	0.797	0.734	0.299	2.128	-0.852	0.348
Bvulgatus_CL09T03C04	HMPREF1058_RS14515	HMPREF1058_RS14515		AAA family ATPase	0.189	0.057	-0.389	-0.655	0.954	1.023	0.523	0.684	0.535	-0.398	0.767	0.594	0.838	0.362	0.159	0.724	0.262	1.308	0.078	0.645	-0.241	0.125
Bvulgatus_CL09T03C04	HMPREF1058_RS14520	HMPREF1058_RS14520		SPFH domain-containing protein	0.733	1.791	0.254	-0.616	-0.813	0.213	-0.338	0.320	-0.051	-0.134	-0.422	0.305	-0.909	-0.460	-1.197	-1.207	-0.553	-0.051	0.298	0.680	-0.094	-1.391
Bvulgatus_CL09T03C04	HMPREF1058_RS14545	HMPREF1058_RS14545		2-isopropylmalate synthase	-8.534	-11.944	-11.246	-6.163	-11.972	-11.984	-12.731	-14.055	-8.358	-11.213	-11.723	-11.566	-12.265	-11.418	-13.896	-9.765	-9.843	-10.803	-12.833	-7.367	-9.439	-12.852
Bvulgatus_CL09T03C04	HMPREF1058_RS14550	HMPREF1058_RS14550		3-isopropylmalate dehydratase large subunit	-11.190	-10.202	-11.328	-8.622	-10.265	-12.546	-11.734	-10.443	-11.865	-9.151	-10.919	-14.480	-13.513	-13.152	-16.028	-12.993	-13.633	-13.827	-11.375	-11.931	-10.202	-9.362
Bvulgatus_CL09T03C04	HMPREF1058_RS14555	HMPREF1058_RS14555		3-isopropylmalate dehydratase small subunit	-3.329	-3.214	-2.145	-1.895	-3.037	-3.765	-3.715	-3.700	-2.892	-3.029	-4.478	-3.801	-3.360	-2.847	-3.722	-3.662	-4.743	-3.585	-2.885	-3.063	-3.441	-3.693
Bvulgatus_CL09T03C04	HMPREF1058_RS14560	HMPREF1058_RS14560		2-isopropylmalate synthase	-11.837	-9.829	-11.413	-10.411	-12.275	-9.851	-14.562	-14.999	-12.305	-11.811	-12.675	-10.850	-14.320	-14.644	-10.589	-11.177	-2.589	-3.970	-13.358	-11.571	-12.421	-11.923
Bvulgatus_CL09T03C04	HMPREF1058_RS14565	HMPREF1058_RS14565		3-isopropylmalate dehydrogenase	-13.113	-13.034	-13.410	-11.563	-11.756	-13.432	-15.798	-14.360	-10.956	-13.491	-15.368	-16.580	-14.746	-14.894	-17.421	-13.118	-11.938	-15.275	-13.083	-10.573	-12.433	-16.424
Bvulgatus_CL09T03C04	HMPREF1058_RS14570	HMPREF1058_RS14570		AhpC/TSA family protein	-0.947	-1.435	-0.733	0.983	-0.225	0.159	-1.324	-0.647	-0.586	-0.243	0.290	-0.652	-1.371	-0.401	-0.314	-0.420	-0.544	0.266	0.178	0.490	0.052	-0.896
Bvulgatus_CL09T03C04	HMPREF1058_RS14575	HMPREF1058_RS14575		peptide-methionine (S)-S-oxide reductase MsrA	-0.879	-2.878	-1.923	-1.426	-1.000	2.017	-3.401	-1.081	-1.823	-1.440	-2.436	-1.513	-2.181	-2.858	-1.094	-0.514	-0.515	-0.337	-1.160	-0.503	-1.457	-1.242
Bvulgatus_CL09T03C04	HMPREF1058_RS14580	HMPREF1058_RS14580		tetratricopeptide repeat protein	-3.095	-1.745	-0.926	0.197	0.041	-0.715	-1.887	-3.106	-1.454	-2.992	-3.521	-2.944	-2.768	-1.536	-5.043	-4.049	0.303	-1.665	-0.120	-1.199	-1.705	-2.457
Bvulgatus_CL09T03C04	HMPREF1058_RS14585	HMPREF1058_RS14585		DNA helicase RecQ	-6.333	-4.798	5.576	4.321	0.009	0.692	-2.247	-1.424	1.885	2.752	-1.446	-0.378	-0.243	-3.772	0.029	0.024	-0.502	1.275	1.854	4.107	-1.819	-0.562
Bvulgatus_CL09T03C04	HMPREF1058_RS14590	HMPREF1058_RS14590		AraC family transcriptional regulator	-3.128	-3.143	-2.222	-1.775	-3.646	-3.756	-4.287	-4.099	-3.591	-4.116	-4.007	-4.296	-4.023	-3.959	-4.518	-3.172	-1.214	-3.956	-3.139	-3.218	-3.049	-3.300
Bvulgatus_CL09T03C04	HMPREF1058_RS14595	HMPREF1058_RS14595		dihydrofolate reductase	-2.721	-2.627	-1.004	0.146	-1.744	-3.151	-4.323	-4.937	-4.264	-3.590	-3.907	-4.408	-3.914	-3.952	-1.372	-2.439	-1.026	-1.105	-3.369	-6.200	-4.903	-4.680
Bvulgatus_CL09T03C04	HMPREF1058_RS14600	HMPREF1058_RS14600		DNA alkylation repair protein	-0.569	-1.560	-3.516	-5.586	-6.477	-5.587	-6.095	-5.638	-5.231	-9.160	-4.826	-6.807	-4.391	-5.577	-5.534	-5.239	-2.798	-2.269	-9.232	-4.809	-7.432	-5.727
Bvulgatus_CL09T03C04	HMPREF1058_RS14605	HMPREF1058_RS14605		transcriptional repressor	3.884	2.784	-4.851	-4.315	-2.898	-1.653	0.349	-0.109	-3.877	-3.739	0.319	-0.277	1.396	2.886	-5.090	-4.051	-3.112	-6.863	-3.433	-1.563	-0.349	0.019
Bvulgatus_CL09T03C04	HMPREF1058_RS14610	HMPREF1058_RS14610		adenylosuccinate synthase	-13.411	-16.533	-16.426	-14.095	-16.408	-16.094	-16.648	-13.966	-15.346	-16.007	-19.278	-17.004	-18.099	-17.246	-19.717	-18.545	-13.246	-18.821	-14.061	-15.799	-12.544	-18.984
Bvulgatus_CL09T03C04	HMPREF1058_RS14615	HMPREF1058_RS14615		SusC/RagA family TonB-linked outer membrane protein	0.552	0.449	1.445	1.103	-0.814	0.052	-0.804	0.499	0.795	0.181	0.781	-0.347	0.293	1.014	0.268	0.179	0.838	0.227	0.289	0.864	-0.757	-0.307
Bvulgatus_CL09T03C04	HMPREF1058_RS14620	HMPREF1058_RS14620		SusD/RagB family nutrient-binding outer membrane lipoprotein	1.699	1.276	0.408	0.434	-0.225	0.115	1.780	1.262	1.670	2.115	0.747	1.738	2.593	2.406	1.781	0.700	0.336	0.728	2.663	1.376	1.570	1.348
Bvulgatus_CL09T03C04	HMPREF1058_RS14625	HMPREF1058_RS14625		SGNH/GDSL hydrolase family protein	0.115	-0.747	0.877	-0.333	-1.572	0.090	-0.549	-0.758	-0.399	-1.207	0.425	-0.404	0.242	0.126	-0.128	-0.607	0.932	-1.342	-0.132	0.599	-1.062	-0.680
Bvulgatus_CL09T03C04	HMPREF1058_RS14630	HMPREF1058_RS14630		hypothetical protein	1.174	0.311	0.583	0.829	0.275	0.182	-0.574	0.052	1.129	-1.362	-0.199	-0.820	-0.090	-1.030	-0.329	-0.312	-1.760	-0.976	0.603	-0.759	-0.350	-1.141
Bvulgatus_CL09T03C04	HMPREF1058_RS14635	HMPREF1058_RS14635		ABC-F family ATP-binding cassette domain-containing protein	-6.975	-6.898	-1.556	-1.188	-1.120	-0.935	-4.872	-3.942	-0.849	-0.988	-1.956	-2.798	-4.759	-4.680	0.290	-0.052	-0.190	-1.654	-0.976	-0.742	-5.538	-2.689
Bvulgatus_CL09T03C04	HMPREF1058_RS14640	HMPREF1058_RS14640		M13 family metallopeptidase	-0.397	-0.227	0.154	-0.609	-0.453	0.604	-1.397	0.115	-0.497	-1.329	-0.274	0.515	0.390	-0.874	-1.364	-0.687	0.550	-0.632	-1.114	-1.309	-0.160	-0.677
Bvulgatus_CL09T03C04	HMPREF1058_RS14645	HMPREF1058_RS14645		hypothetical protein	1.633	1.443	0.838	0.215	0.378	-0.162	0.494	1.384	1.942	1.522	0.935	1.437	2.178	0.943	-0.695	1.343	0.367	1.343	1.698	1.174	0.785	1.163
Bvulgatus_CL09T03C04	HMPREF1058_RS14650	HMPREF1058_RS14650		efflux RND transporter periplasmic adaptor subunit	3.113	1.325	0.809	1.643	-0.955	-1.689	-0.145	0.132	1.536	2.782	1.068	-0.303	1.538	-0.378	-0.348	0.411	0.818	0.035	1.519	1.027	0.425	0.647
Bvulgatus_CL09T03C04	HMPREF1058_RS14655	HMPREF1058_RS14655		CusA/CzcA family heavy metal efflux RND transporter	1.640	1.735	-1.005	-0.164	-1.834	-1.825	-0.217	0.161	1.084	0.471	-0.009	-0.202	0.414	-1.570	-0.560	-0.293	0.628	-0.127	-0.237	0.321	0.314	-0.291
Bvulgatus_CL09T03C04	HMPREF1058_RS14660	HMPREF1058_RS14660		TolC family protein	-0.416	0.069	-2.589	-2.283	-2.348	-2.381	-0.888	-1.621	-1.531	-0.982	-2.161	-1.712	-0.819	-0.520	-2.369	-1.447	-0.995	-0.553	-0.529	-0.991	-1.023	-1.565
Bvulgatus_CL09T03C04	HMPREF1058_RS14665	HMPREF1058_RS14665		type 1 glutamine amidotransferase domain-containing protein	0.787	1.081	0.337	-0.224	1.498	0.361	0.546	0.088	-0.078	0.094	-0.854	0.365	2.274	-0.456	0.538	-0.745	-1.470	-0.839	1.049	0.741	0.910	0.453
Bvulgatus_CL09T03C04	HMPREF1058_RS14670	HMPREF1058_RS14670		nitroreductase family protein	-0.009	1.652	0.709	0.975	0.604	2.030	1.345	0.598	0.216	1.328	0.895	2.122	-0.227	0.340	1.084	1.615	0.472	1.495	1.246	1.028	0.785	1.120
Bvulgatus_CL09T03C04	HMPREF1058_RS14675	HMPREF1058_RS14675		Gfo/Idh/MocA family oxidoreductase	0.070	0.230	-1.609	0.582	1.488	0.768	1.188	-0.044	0.946	0.856	0.338	0.169	0.074	-0.832	0.223	0.860	0.068	0.319	0.664	0.407	0.597	0.010
Bvulgatus_CL09T03C04	HMPREF1058_RS14680	HMPREF1058_RS14680		homoserine O-succinyltransferase	8.371	6.140	0.875	-0.567	0.422	-1.431	4.918	4.993	6.339	7.187	3.237	3.723	5.095	5.722	0.063	-0.755	-0.769	-0.737	5.772	6.598	3.710	2.759
Bvulgatus_CL09T03C04	HMPREF1058_RS14685	HMPREF1058_RS14685		U32 family peptidase	2.598	1.580	-0.002	0.421	-0.197	0.415	1.995	3.087	4.591	4.816	1.976	2.252	2.367	3.158	0.061	-0.874	0.034	0.340	3.824	4.955	1.917	1.542
Bvulgatus_CL09T03C04	HMPREF1058_RS14690	HMPREF1058_RS14690		zinc ribbon domain-containing protein	4.131	1.468	-2.428	-2.840	-2.568	-2.495	1.768	2.388	2.193	2.874	1.334	1.441	1.053	3.693	-1.426	-0.465	0.883	0.134	0.660	2.341	0.150	1.455
Bvulgatus_CL09T03C04	HMPREF1058_RS14700	HMPREF1058_RS14700		helix-turn-helix transcriptional regulator	-0.636	0.869	0.717	1.417	1.187	0.104	1.084	-0.942	-1.034	-0.627	0.072	-0.073	1.650	0.154	0.190	-0.439	0.797	-0.534	0.619	-0.450	-1.507	-0.277
Bvulgatus_CL09T03C04	HMPREF1058_RS14705	HMPREF1058_RS14705		FAD-binding protein	0.597	-0.709	1.436	0.565	0.070	-0.444	-1.371	-0.936	-1.282	-1.265	-0.651	-0.014	-0.927	-0.689	-0.503	-0.603	-1.417	0.309	-0.353	-0.286	-0.876	-0.417
Bvulgatus_CL09T03C04	HMPREF1058_RS14710	HMPREF1058_RS14710		DUF1847 domain-containing protein	-1.779	-0.030	-2.412	-2.538	-1.243	-0.485	-3.381	-1.133	-0.698	-0.212	-1.100	0.119	-1.375	-1.555	-0.520	0.318	-1.724	-0.739	0.908	-0.905	-0.609	-1.635
Bvulgatus_CL09T03C04	HMPREF1058_RS14715	HMPREF1058_RS14715		DNA repair protein RadA	-3.521	-1.459	0.294	-0.126	-1.130	-0.602	-1.205	-0.764	-0.026	-0.977	-0.526	-0.539	-0.819	-2.237	-0.516	-1.448	-1.463	-0.686	-1.060	-0.081	-0.993	-0.478
Bvulgatus_CL09T03C04	HMPREF1058_RS14720	HMPREF1058_RS14720		bifunctional aspartate kinase/homoserine dehydrogenase I	-15.071	-15.139	-15.892	-12.619	-15.254	-14.093	-19.528	-19.826	-10.549	-12.046	-19.259	-20.585	-19.279	-19.999	-19.512	-17.795	-15.845	-15.217	-14.686	-16.523	-17.577	-20.804
Bvulgatus_CL09T03C04	HMPREF1058_RS14725	HMPREF1058_RS14725		cofactor-independent phosphoglycerate mutase	-11.261	-11.268	-9.373	-8.694	-6.957	-9.877	-13.246	-13.676	-10.720	-9.353	-13.543	-12.213	-12.924	-13.761	-14.217	-11.720	-12.068	-11.387	-10.361	-12.021	-10.966	-14.576
Bvulgatus_CL09T03C04	HMPREF1058_RS14730	HMPREF1058_RS14730		threonine synthase	-12.609	-8.743	-10.858	-8.898	-9.343	-10.821	-12.383	-12.082	-5.430	-11.198	-11.288	-11.275	-13.500	-11.885	-13.599	-7.564	-9.050	-7.483	-12.080	-9.639	-10.268	-12.582
Bvulgatus_CL09T03C04	HMPREF1058_RS14735	HMPREF1058_RS14735		ABC transporter ATP-binding protein	0.121	-0.643	-0.019	-0.050	1.272	-0.306	-0.463	0.948	0.492	-0.694	-0.052	0.406	-1.645	-0.103	-0.982	-1.318	0.577	0.117	0.374	0.578	1.473	0.953
Bvulgatus_CL09T03C04	HMPREF1058_RS14740	HMPREF1058_RS14740		iron ABC transporter permease	-0.224	-0.313	1.565	-0.172	-0.010	0.753	0.254	0.038	0.651	-0.896	0.843	-0.588	-0.245	-1.649	0.543	-1.106	-0.850	0.092	1.681	-0.882	0.865	-0.228
Bvulgatus_CL09T03C04	HMPREF1058_RS14745	HMPREF1058_RS14745		ABC transporter substrate-binding protein	0.041	0.276	-2.346	0.336	-1.073	-0.413	-1.268	-0.353	-1.228	-0.653	0.138	-0.936	0.282	0.454	0.159	0.078	-0.915	-0.971	-0.112	-0.425	-0.403	0.734
Bvulgatus_CL09T03C04	HMPREF1058_RS14750	HMPREF1058_RS14750		hypothetical protein	-1.126	1.310	0.443	0.890	0.185	1.127	1.281	-0.174	1.152	0.629	1.176	1.990	-1.036	-0.671	-0.427	-0.779	0.101	-0.201	0.290	-0.538	0.756	-0.000
Bvulgatus_CL09T03C04	HMPREF1058_RS14755	HMPREF1058_RS14755		hypothetical protein	-0.645	-0.157	0.214	1.754	1.454	0.654	0.371	0.762	2.126	0.659	0.805	1.257	0.994	0.792	0.261	0.539	0.057	0.900	1.957	0.598	1.049	0.489
Bvulgatus_CL09T03C04	HMPREF1058_RS14760	HMPREF1058_RS14760		TonB-dependent receptor	-0.791	-1.510	-0.166	-0.519	0.653	0.654	-0.483	-0.170	0.553	-1.153	0.009	0.007	-1.552	0.188	-0.338	0.117	-0.485	-0.300	0.288	0.466	0.140	0.125
Bvulgatus_CL09T03C04	HMPREF1058_RS14765	HMPREF1058_RS14765		alpha/beta hydrolase	0.037	-0.510	-2.868	-0.210	-0.854	-0.870	-1.117	0.876	0.146	0.565	-0.147	-0.176	-1.460	-0.172	0.963	0.184	-1.643	1.065	-0.920	0.059	-0.315	0.781
Bvulgatus_CL09T03C04	HMPREF1058_RS14770	HMPREF1058_RS14770		prephenate dehydrogenase	-7.488	-7.358	-6.424	-5.122	-8.932	-6.261	-11.067	-8.735	-7.923	-6.533	-9.721	-8.511	-7.745	-7.638	-11.359	-8.398	-9.903	-9.781	-6.529	-8.384	-8.070	-10.126
Bvulgatus_CL09T03C04	HMPREF1058_RS14775	HMPREF1058_RS14775		FadR family transcriptional regulator	-0.428	-0.287	-0.246	1.683	0.830	0.619	-0.143	-0.355	0.521	0.118	-0.756	0.575	0.275	0.140	0.906	-0.398	-0.261	0.327	1.785	-0.525	-1.075	1.482
Bvulgatus_CL09T03C04	HMPREF1058_RS14780	HMPREF1058_RS14780		exo-alpha-sialidase	0.229	0.376	-1.363	-1.719	-0.023	2.020	-0.152	0.818	0.691	0.473	-0.010	-0.769	1.644	0.326	0.177	-0.578	0.580	0.048	1.364	-0.209	0.461	0.002
Bvulgatus_CL09T03C04	HMPREF1058_RS14785	HMPREF1058_RS14785		bifunctional 3-deoxy-7-phosphoheptulonate synthase/chorismate mutase type II	-6.571	-4.324	-5.764	-3.455	-5.579	-4.123	-4.502	-7.296	-4.250	-5.749	-8.276	-9.559	-6.959	-7.114	-4.559	-4.446	-10.251	-4.373	-4.304	-6.721	-7.597	-8.510
Bvulgatus_CL09T03C04	HMPREF1058_RS14790	HMPREF1058_RS14790		aminotransferase class I/II-fold pyridoxal phosphate-dependent enzyme	-13.523	-12.625	-13.487	-12.355	-14.311	-14.255	-17.263	-14.107	-13.002	-10.398	-16.998	-16.901	-14.710	-15.577	-11.734	-12.873	-5.805	-4.777	-12.750	-15.612	-12.408	-15.853
Bvulgatus_CL09T03C04	HMPREF1058_RS14795	HMPREF1058_RS14795		prephenate dehydratase	-4.251	-4.262	-4.873	-5.193	-5.553	-6.251	-6.059	-7.082	-4.188	-7.883	-6.885	-5.989	-8.580	-7.561	-9.387	-9.410	-3.947	-7.667	-4.236	-4.318	-7.749	-6.008
Bvulgatus_CL09T03C04	HMPREF1058_RS14800	HMPREF1058_RS14800		helix-turn-helix transcriptional regulator	2.032	0.900	1.013	2.037	0.656	-0.200	1.217	-0.549	0.424	0.835	1.409	0.160	0.056	0.070	0.151	0.998	1.522	-0.449	0.248	1.715	0.396	0.069
Bvulgatus_CL09T03C04	HMPREF1058_RS14805	HMPREF1058_RS14805		DJ-1/PfpI family protein	-0.008	1.208	-0.152	0.116	0.559	1.318	0.177	1.419	0.917	0.208	0.214	-0.356	0.347	0.750	-0.293	1.111	-0.242	-1.041	0.362	0.027	-1.159	-0.409
Bvulgatus_CL09T03C04	HMPREF1058_RS14810	HMPREF1058_RS14810		pyridoxal phosphate-dependent aminotransferase	-3.246	-2.474	0.599	-1.205	-2.489	-0.776	-0.693	-0.087	-0.164	0.244	-1.509	0.280	-1.178	-0.788	-0.466	-0.537	-1.187	-0.030	-1.680	-0.182	0.661	-0.756
Bvulgatus_CL09T03C04	HMPREF1058_RS14815	HMPREF1058_RS14815		AI-2E family transporter	0.282	0.532	0.064	0.722	1.055	1.696	0.927	0.672	0.374	0.505	1.017	0.133	1.294	0.826	-1.298	0.259	-0.024	0.115	0.890	1.335	0.577	0.723
Bvulgatus_CL09T03C04	HMPREF1058_RS14820	HMPREF1058_RS14820		tetratricopeptide repeat protein	-2.978	-3.805	1.749	0.912	-0.844	1.252	-1.424	-0.067	4.103	3.006	0.742	0.631	-0.991	-1.439	1.764	-0.397	1.546	0.880	4.934	3.684	0.461	1.080
Bvulgatus_CL09T03C04	HMPREF1058_RS14825	HMPREF1058_RS14825		beta-N-acetylglucosaminidase domain-containing protein	-3.204	-2.411	-0.371	-0.344	1.983	1.128	0.064	-0.076	4.254	3.534	1.036	-0.387	-1.129	-1.085	1.557	0.818	1.050	0.389	3.537	3.223	-0.422	0.416
Bvulgatus_CL09T03C04	HMPREF1058_RS14830	HMPREF1058_RS14830		RecQ family ATP-dependent DNA helicase	-1.106	-1.641	-0.334	0.129	-1.436	-0.613	-2.354	-2.464	-0.873	-1.416	-0.709	-0.759	-2.475	-1.506	-1.754	-2.674	-1.195	-3.231	-2.093	-0.781	-0.865	-1.191
Bvulgatus_CL09T03C04	HMPREF1058_RS14835	HMPREF1058_RS14835		single-stranded-DNA-specific exonuclease RecJ	-6.397	-3.636	-4.642	-3.346	-5.853	-4.784	-4.183	-5.195	-3.290	-2.808	-6.060	-5.047	-7.111	-4.176	-6.742	-6.364	-3.093	-4.841	-2.116	-4.265	-4.693	-4.451
Bvulgatus_CL09T03C04	HMPREF1058_RS14840	HMPREF1058_RS14840		aminopeptidase	-0.465	-0.878	-0.024	1.412	-0.652	-0.672	0.558	1.262	0.964	0.489	0.770	1.070	0.862	1.475	-1.832	-3.321	0.542	0.291	1.607	1.130	0.873	0.101
Bvulgatus_CL09T03C04	HMPREF1058_RS14845	HMPREF1058_RS14845		aminopeptidase P family protein	3.103	2.879	-3.027	-2.794	-3.280	-4.125	-0.044	-0.037	0.451	0.061	-0.998	-1.734	4.412	1.627	-6.022	-3.357	-1.330	-2.960	-0.408	-0.902	-1.210	-1.594
Bvulgatus_CL09T03C04	HMPREF1058_RS14850	HMPREF1058_RS14850		patatin family protein	-1.613	-1.139	0.477	-0.014	1.411	0.783	-0.079	0.456	0.620	0.237	0.103	0.554	0.245	0.592	0.153	0.070	0.361	0.295	1.197	0.328	-0.753	0.069
Bvulgatus_CL09T03C04	HMPREF1058_RS14855	HMPREF1058_RS14855		hypothetical protein	-0.074	0.220	-0.800	0.410	-0.644	1.226	-1.065	0.342	0.075	0.788	0.733	0.106	1.477	0.393	-0.462	0.946	1.434	-0.295	0.888	0.854	0.944	0.964
Bvulgatus_CL09T03C04	HMPREF1058_RS14875	HMPREF1058_RS14875		6-carboxytetrahydropterin synthase QueD	-1.171	-1.055	-0.670	0.293	0.309	-0.640	0.520	-0.129	1.026	0.747	0.382	0.857	-1.135	0.915	-0.425	-0.605	0.537	0.845	1.809	1.192	-0.660	1.255
Bvulgatus_CL09T03C04	HMPREF1058_RS14880	HMPREF1058_RS14880		radical SAM protein	-0.501	-2.200	0.445	0.678	-0.636	-0.238	0.058	-0.601	0.440	-0.005	-1.155	0.846	-0.132	-0.041	0.192	-0.832	-0.129	0.745	2.016	0.766	-1.505	-0.756
Bvulgatus_CL09T03C04	HMPREF1058_RS14890	HMPREF1058_RS14890		uracil-DNA glycosylase family protein	1.210	-1.499	-0.850	-0.067	-1.017	-2.761	-0.989	-0.665	-0.555	0.381	-0.734	-0.386	2.393	-0.442	-0.091	0.219	1.810	1.031	0.654	-0.509	0.097	-0.319
Bvulgatus_CL09T03C04	HMPREF1058_RS14900	HMPREF1058_RS14900		alanine:cation symporter family protein	1.944	1.544	1.016	-0.180	0.174	0.507	-0.382	-0.922	0.922	-0.034	-1.225	-0.943	1.974	0.363	0.152	-0.524	0.082	0.199	0.830	1.104	-0.460	-0.168
Bvulgatus_CL09T03C04	HMPREF1058_RS14905	HMPREF1058_RS14905		ATP-binding protein	0.210	1.048	1.782	2.792	-0.648	-0.081	0.123	0.369	0.439	0.499	0.927	0.311	0.589	0.934	1.498	0.988	-0.865	0.263	-0.657	0.564	0.144	0.422
Bvulgatus_CL09T03C04	HMPREF1058_RS14910	HMPREF1058_RS14910		helix-turn-helix domain-containing protein	-1.079	-0.213	1.073	1.409	-0.469	-0.839	-0.082	-0.374	1.024	0.183	0.238	0.129	1.295	-0.286	1.113	0.529	-0.291	0.398	0.303	0.495	-0.122	-0.179
Bvulgatus_CL09T03C04	HMPREF1058_RS14915	HMPREF1058_RS14915		N-acetyltransferase	-4.328	-4.229	-0.807	0.208	0.511	1.053	0.255	0.226	2.326	1.080	0.351	0.182	-0.322	0.044	2.581	1.907	0.524	1.601	2.119	1.372	1.517	0.508
Bvulgatus_CL09T03C04	HMPREF1058_RS14920	HMPREF1058_RS14920		serine dehydratase subunit alpha family protein	-10.082	-10.318	-9.788	-11.432	-13.942	-9.039	-14.024	-14.958	-9.334	-9.394	-14.341	-13.535	-10.423	-13.813	-13.047	-12.812	-11.268	-12.858	-10.350	-10.137	-12.583	-14.936
Bvulgatus_CL09T03C04	HMPREF1058_RS14930	HMPREF1058_RS14930		AraC family transcriptional regulator	-12.337	-10.496	-8.579	-7.041	-7.359	-7.233	-10.917	-12.239	-11.371	-8.944	-10.956	-11.846	-11.677	-13.139	-7.039	-7.021	-6.985	-8.500	-10.603	-11.637	-10.788	-11.483
Bvulgatus_CL09T03C04	HMPREF1058_RS14940	HMPREF1058_RS14940		OmpA family protein	-0.772	0.271	-0.606	0.729	0.552	1.368	-1.448	0.884	1.347	0.746	0.172	0.675	1.594	0.690	1.079	-0.011	0.145	0.023	0.636	0.410	0.504	-0.027
Bvulgatus_CL09T03C04	HMPREF1058_RS14945	HMPREF1058_RS14945		hypothetical protein	0.383	0.055	1.279	1.894	1.880	2.127	-1.231	0.496	0.290	-0.936	0.260	-0.140	0.555	0.444	1.107	-0.325	-0.167	0.202	0.245	-0.948	-0.086	0.558
Bvulgatus_CL09T03C04	HMPREF1058_RS14950	HMPREF1058_RS14950		helix-turn-helix domain-containing protein	0.488	-0.595	0.143	2.513	4.641	4.212	-0.153	0.776	-1.767	-1.172	0.443	1.347	-0.789	-0.601	0.491	-0.787	-0.143	0.413	-0.942	0.852	0.050	-0.144
Bvulgatus_CL09T03C04	HMPREF1058_RS14955	HMPREF1058_RS14955		calycin-like domain-containing protein	-0.152	-0.834	-2.179	-0.726	0.161	0.055	-0.278	-1.477	-1.090	-2.092	-1.130	-0.675	-0.092	-0.304	-2.278	-0.251	-0.497	0.070	-1.397	-1.094	-1.872	-0.950
Bvulgatus_CL09T03C04	HMPREF1058_RS14960	HMPREF1058_RS14960		HmuY family protein	-0.896	-0.083	0.495	1.124	0.358	0.650	-0.782	0.919	0.686	-1.909	0.921	0.750	0.813	0.106	0.029	-0.031	-0.337	1.273	0.921	0.800	-0.824	-0.134
Bvulgatus_CL09T03C04	HMPREF1058_RS14965	HMPREF1058_RS14965		TonB-dependent receptor	0.358	1.187	-0.404	-0.663	0.425	0.139	0.017	0.706	-1.345	-0.715	0.030	-0.050	-0.764	0.462	0.372	0.107	0.197	0.196	-0.411	-0.719	-1.158	0.883
Bvulgatus_CL09T03C04	HMPREF1058_RS14970	HMPREF1058_RS14970		cobaltochelatase subunit CobN	0.081	0.189	-0.505	-0.782	-1.058	-0.763	-0.557	0.655	0.906	0.470	0.665	-0.451	-0.120	0.003	0.214	0.042	0.471	-0.506	-0.208	-0.277	-0.970	-0.064
Bvulgatus_CL09T03C04	HMPREF1058_RS14975	HMPREF1058_RS14975		hypothetical protein	0.422	1.510	-0.034	-1.230	0.579	-2.197	0.767	-0.086	0.392	-1.463	0.252	-0.419	0.331	-0.542	-0.487	0.399	0.683	1.245	0.836	1.470	-0.769	0.697
Bvulgatus_CL09T03C04	HMPREF1058_RS14980	HMPREF1058_RS14980		MotA/TolQ/ExbB proton channel family protein	-0.691	0.225	0.298	0.418	0.948	-0.462	0.129	-0.350	-0.162	-1.654	-0.058	0.078	-0.554	-0.430	-0.288	-0.524	-1.335	-0.640	1.342	-0.738	0.061	-0.927
Bvulgatus_CL09T03C04	HMPREF1058_RS14985	HMPREF1058_RS14985		DUF2149 domain-containing protein	0.840	1.094	0.355	-1.068	1.780	1.154	0.885	0.751	0.578	0.387	2.184	1.860	0.913	2.111	0.711	0.763	0.318	1.922	1.694	0.032	-0.862	0.279
Bvulgatus_CL09T03C04	HMPREF1058_RS14990	HMPREF1058_RS14990		DUF4091 domain-containing protein	1.031	2.641	1.271	0.293	1.388	1.180	1.560	1.456	1.998	0.725	1.101	2.145	1.989	1.899	-0.128	1.157	1.099	0.770	-0.517	1.574	-0.099	1.351
Bvulgatus_CL09T03C04	HMPREF1058_RS14995	HMPREF1058_RS14995		AhpC/TSA family protein	-5.553	-5.037	0.470	0.053	-0.790	-0.018	-2.050	-0.641	-1.706	-1.369	-0.829	-1.074	-0.742	-1.250	0.233	0.509	1.072	0.662	-0.686	-0.008	-0.379	-2.319
Bvulgatus_CL09T03C04	HMPREF1058_RS15000	HMPREF1058_RS15000		hypothetical protein	0.971	0.077	-2.248	-3.189	-3.321	-3.101	-0.606	-0.297	-0.643	-0.350	-0.806	0.522	1.023	0.116	1.350	0.919	2.214	-0.424	-0.886	-1.256	-0.138	-1.135
Bvulgatus_CL09T03C04	HMPREF1058_RS15005	HMPREF1058_RS15005		hypothetical protein	0.492	1.015	-1.197	0.328	0.855	-0.967	-0.896	1.340	0.175	-1.368	0.387	0.507	0.274	0.326	0.326	0.438	0.300	-0.113	-0.337	-0.306	-0.766	0.323
Bvulgatus_CL09T03C04	HMPREF1058_RS15010	HMPREF1058_RS15010		dicarboxylate/amino acid:cation symporter	3.076	5.994	0.083	0.817	-0.859	-2.908	1.248	2.594	0.357	0.009	0.825	0.418	5.050	2.719	-1.756	-1.915	-2.276	-2.184	-0.420	-0.217	0.800	1.077
Bvulgatus_CL09T03C04	HMPREF1058_RS15015	HMPREF1058_RS15015		SusD/RagB family nutrient-binding outer membrane lipoprotein	-0.583	-0.293	0.626	-0.409	-0.016	-0.389	0.244	0.053	1.453	-0.971	-0.330	-0.186	-0.140	-0.629	-0.022	0.469	-0.100	0.252	-0.120	0.859	0.057	0.161
Bvulgatus_CL09T03C04	HMPREF1058_RS15020	HMPREF1058_RS15020		TonB-dependent receptor	0.607	0.724	0.308	-1.097	-1.001	-0.105	-0.428	0.128	-0.429	0.137	0.177	0.621	1.157	0.280	0.032	-0.242	0.676	0.220	-0.270	-1.041	0.482	-0.260
Bvulgatus_CL09T03C04	HMPREF1058_RS15025	HMPREF1058_RS15025		FecR family protein	1.025	0.319	-0.504	-1.009	-2.542	-2.328	-0.478	-1.193	-3.807	-1.988	0.041	-0.007	0.944	-0.284	-1.817	-0.632	0.296	-1.006	-4.473	-2.661	-2.497	-0.734
Bvulgatus_CL09T03C04	HMPREF1058_RS15035	HMPREF1058_RS15035		hypothetical protein	0.533	-0.014	0.047	0.234	0.614	1.191	0.857	1.076	0.245	0.056	1.188	0.518	0.003	-0.151	0.717	0.277	0.442	0.589	0.640	1.374	0.459	0.728
Bvulgatus_CL09T03C04	HMPREF1058_RS15040	HMPREF1058_RS15040		carboxymuconolactone decarboxylase family protein	1.608	0.751	0.205	-0.073	-0.685	0.431	-0.304	0.509	0.021	-3.052	-0.446	1.238	0.614	0.339	0.111	-0.496	-1.642	0.110	0.439	-0.581	-0.517	-0.731
Bvulgatus_CL09T03C04	HMPREF1058_RS15045	HMPREF1058_RS15045		family 20 glycosylhydrolase	-2.995	-2.563	-0.199	-0.411	0.382	-0.979	0.056	1.895	3.094	2.324	0.114	0.616	0.026	-1.289	4.605	1.530	1.929	0.316	4.640	1.857	1.591	0.292
Bvulgatus_CL09T03C04	HMPREF1058_RS15050	HMPREF1058_RS15050		DUF5009 domain-containing protein	-1.344	-0.340	1.123	0.413	-2.278	0.372	-0.424	0.771	1.715	-0.357	0.011	0.629	0.849	0.054	-0.149	-0.120	-2.041	-5.622	1.306	0.672	-1.177	-1.001
Bvulgatus_CL09T03C04	HMPREF1058_RS15055	HMPREF1058_RS15055		RNA polymerase sigma-70 factor	-1.553	-0.951	0.279	0.158	-2.287	-1.655	-0.855	-0.478	0.353	0.076	-0.199	0.108	-0.390	-2.827	0.808	-0.956	-0.135	-3.059	-3.136	-0.534	-0.632	-0.004
Bvulgatus_CL09T03C04	HMPREF1058_RS15060	HMPREF1058_RS15060		outer membrane beta-barrel protein	-0.220	-1.906	0.739	0.208	-3.420	-2.491	1.650	2.074	3.457	4.551	0.001	1.405	8.419	0.438	5.442	-0.385	2.804	0.079	4.759	2.991	5.376	1.091
Bvulgatus_CL09T03C04	HMPREF1058_RS15065	HMPREF1058_RS15065		MATE family efflux transporter	-3.533	-4.777	1.891	0.548	-0.658	-0.407	-0.771	-1.899	-1.134	-1.729	0.280	-0.497	-1.800	-2.264	-0.769	-1.185	0.040	0.077	-2.753	-1.233	0.070	-2.269
Bvulgatus_CL09T03C04	HMPREF1058_RS15075	HMPREF1058_RS15075		bifunctional methylenetetrahydrofolate dehydrogenase/methenyltetrahydrofolate cyclohydrolase FolD	-11.907	-10.963	-12.006	-9.940	-8.372	-10.771	-13.024	-11.829	-11.199	-10.197	-11.725	-14.185	-12.122	-13.841	-12.709	-13.294	-8.397	-12.417	-11.200	-11.751	-12.237	-13.523
Bvulgatus_CL09T03C04	HMPREF1058_RS15080	HMPREF1058_RS15080		glycoside hydrolase family 97 protein	-0.508	1.199	0.557	1.580	-1.288	-0.459	-0.162	0.329	0.705	-1.275	-2.499	-1.945	0.505	0.980	-0.161	0.039	0.225	-0.069	-0.359	-0.157	-3.653	-3.064
Bvulgatus_CL09T03C04	HMPREF1058_RS15085	HMPREF1058_RS15085		TonB-dependent receptor	-0.010	-0.050	0.480	-0.570	0.244	0.269	0.067	-0.474	-0.890	-0.186	-2.398	-2.464	0.514	0.512	-0.009	0.324	0.997	-0.807	-0.479	0.222	-2.811	-2.433
Bvulgatus_CL09T03C04	HMPREF1058_RS15090	HMPREF1058_RS15090		RagB/SusD family nutrient uptake outer membrane protein	-0.639	-0.336	-1.678	-1.036	-0.367	-0.804	-0.105	-0.411	-0.011	-0.153	-3.613	-2.641	-0.989	-0.188	-0.826	0.169	1.009	0.256	-2.157	0.350	-3.977	-4.304
Bvulgatus_CL09T03C04	HMPREF1058_RS15095	HMPREF1058_RS15095		hypothetical protein	0.461	0.868	1.250	1.043	1.349	0.391	-1.546	0.067	-0.393	0.430	-1.630	-2.016	-0.241	0.283	-0.167	0.166	0.986	1.255	0.258	1.076	-1.027	-1.222
Bvulgatus_CL09T03C04	HMPREF1058_RS15100	HMPREF1058_RS15100		hypothetical protein	-0.290	0.462	-0.033	-0.059	0.482	0.740	0.551	-0.256	-0.073	-1.773	-2.888	-2.809	0.429	-1.484	0.833	0.715	2.253	1.134	0.097	0.528	-2.464	-2.612
Bvulgatus_CL09T03C04	HMPREF1058_RS15105	HMPREF1058_RS15105		glycoside hydrolase family 97 protein	-0.223	-0.236	0.673	1.128	0.401	-0.248	-0.067	0.361	-0.324	-0.754	0.215	0.185	-1.538	-0.230	0.208	0.065	0.437	0.615	-0.425	0.137	0.024	0.020
Bvulgatus_CL09T03C04	HMPREF1058_RS15110	HMPREF1058_RS15110		response regulator	0.500	0.217	0.408	1.732	0.396	0.595	0.299	0.906	0.489	0.370	0.474	0.891	0.501	-0.202	0.075	0.103	0.794	0.357	-0.602	-0.060	0.632	0.447
Bvulgatus_CL09T03C04	HMPREF1058_RS15115	HMPREF1058_RS15115		CapA family protein	-0.292	-0.706	-0.656	-0.041	-0.426	0.794	0.282	0.842	-0.387	0.176	0.253	-0.454	0.393	0.094	-0.294	-0.775	-0.486	0.058	-0.391	-0.320	0.327	-0.694
Bvulgatus_CL09T03C04	HMPREF1058_RS15135	HMPREF1058_RS15135		DUF4974 domain-containing protein	-0.988	-0.223	-0.772	-2.002	-0.844	-0.171	0.548	-0.214	1.654	0.969	0.736	-0.437	0.530	-0.532	-0.789	0.157	0.937	1.192	1.560	1.995	0.757	1.246
Bvulgatus_CL09T03C04	HMPREF1058_RS15140	HMPREF1058_RS15140		SusC/RagA family TonB-linked outer membrane protein	0.829	0.100	0.881	1.454	-0.279	0.781	0.214	1.005	1.207	-0.529	-0.274	0.058	-0.473	1.259	0.307	0.077	0.474	0.596	0.011	-0.794	0.307	0.548
Bvulgatus_CL09T03C04	HMPREF1058_RS15145	HMPREF1058_RS15145		RagB/SusD family nutrient uptake outer membrane protein	0.821	0.458	1.876	2.137	-0.858	-0.339	0.451	0.473	-0.435	-1.089	0.697	0.066	-0.515	1.471	0.388	0.547	-0.836	1.540	0.116	0.066	0.456	0.342
Bvulgatus_CL09T03C04	HMPREF1058_RS15150	HMPREF1058_RS15150		TlpA family protein disulfide reductase	-0.375	0.001	-0.867	-0.009	0.299	-0.253	-0.785	-0.226	0.086	-0.351	-0.343	0.214	0.314	-0.086	-0.721	0.517	0.772	0.471	-0.469	0.424	0.317	-0.024
Bvulgatus_CL09T03C04	HMPREF1058_RS15155	HMPREF1058_RS15155		AhpC/TSA family protein	0.132	-0.577	1.339	2.075	1.799	0.948	-0.043	1.040	1.811	1.482	-0.022	0.888	-0.052	1.123	-0.814	0.805	-0.082	0.322	1.300	1.116	0.373	0.174
Bvulgatus_CL09T03C04	HMPREF1058_RS15160	HMPREF1058_RS15160		beta-galactosidase	-0.264	0.158	1.884	-0.620	-0.207	0.005	0.133	1.574	0.467	0.037	1.031	0.897	-1.027	0.422	-0.230	-0.022	1.258	0.162	0.281	1.885	0.818	0.295
Bvulgatus_CL09T03C04	HMPREF1058_RS15165	HMPREF1058_RS15165		galactose mutarotase	-0.076	0.079	1.850	2.066	-0.771	1.435	1.614	1.550	-0.366	-1.552	2.390	2.031	1.903	1.265	1.276	0.815	0.954	1.160	0.256	0.825	0.794	1.465
Bvulgatus_CL09T03C04	HMPREF1058_RS15170	HMPREF1058_RS15170		response regulator	0.501	-0.332	-0.013	0.960	0.551	0.779	0.217	1.018	-0.220	0.270	-0.006	0.386	0.417	0.068	-0.321	0.102	-0.434	0.370	0.611	0.498	-0.116	-0.421
Bvulgatus_CL09T03C04	HMPREF1058_RS15175	HMPREF1058_RS15175		TonB-dependent receptor	0.664	-0.122	-0.623	-0.508	0.351	-1.433	-0.229	0.373	-0.220	-0.200	-0.291	0.735	1.291	-0.226	-0.396	-0.543	0.657	0.886	0.260	-0.259	0.019	-0.264
Bvulgatus_CL09T03C04	HMPREF1058_RS15180	HMPREF1058_RS15180		RagB/SusD family nutrient uptake outer membrane protein	0.606	-0.786	0.302	0.285	-0.017	0.144	0.561	0.167	-0.583	-0.494	0.231	0.085	-1.226	0.093	-0.465	-0.066	0.003	-0.324	0.030	0.863	-1.124	0.080
Bvulgatus_CL09T03C04	HMPREF1058_RS15185	HMPREF1058_RS15185		family 43 glycosylhydrolase	0.637	0.063	-0.118	-0.687	-0.224	0.161	0.183	-0.357	0.630	0.456	1.187	0.307	-0.949	-0.140	0.892	0.166	0.771	0.453	0.172	0.543	-0.777	0.408
Bvulgatus_CL09T03C04	HMPREF1058_RS15190	HMPREF1058_RS15190		family 43 glycosylhydrolase	0.665	1.267	-2.661	-2.763	-0.392	-1.585	-0.864	-1.833	-0.163	1.052	-0.765	-0.350	-0.672	0.772	-0.160	0.497	0.274	-0.233	-0.157	1.418	0.407	-0.120
Bvulgatus_CL09T03C04	HMPREF1058_RS15195	HMPREF1058_RS15195		family 43 glycosylhydrolase	0.539	0.011	0.141	-0.213	-2.730	0.198	-0.049	-1.142	-0.584	0.004	-0.223	0.737	2.379	-0.261	-0.981	0.888	-0.441	0.226	0.517	0.649	-0.612	-0.188
Bvulgatus_CL09T03C04	HMPREF1058_RS15200	HMPREF1058_RS15200		hypothetical protein	1.251	1.148	-0.904	0.048	-0.301	0.177	0.081	1.152	0.158	1.139	0.784	0.824	1.195	0.356	0.318	0.778	0.356	2.788	0.329	2.347	0.548	0.867
Bvulgatus_CL09T03C04	HMPREF1058_RS15205	HMPREF1058_RS15205		aminodeoxychorismate synthase component I	-0.141	-0.118	0.421	1.150	0.308	-0.439	-1.391	-0.017	0.077	0.144	-0.069	-0.569	0.062	-0.544	-1.754	0.220	-0.193	-0.631	-2.098	0.837	0.535	1.037
Bvulgatus_CL09T03C04	HMPREF1058_RS15210	HMPREF1058_RS15210		aminotransferase class IV	-1.235	-0.592	-0.062	0.291	-1.786	0.338	-2.782	-1.479	-1.538	-1.446	-2.053	-1.686	-1.736	-1.601	-0.709	0.711	-1.595	-0.036	-2.601	-2.126	-2.493	-1.527
Bvulgatus_CL09T03C04	HMPREF1058_RS15215	HMPREF1058_RS15215		hypothetical protein	3.579	3.364	0.278	-0.002	-0.828	-1.159	2.720	2.980	5.249	4.027	2.879	2.706	4.049	3.733	1.193	-0.255	-0.300	2.099	4.456	5.235	0.564	1.703
Bvulgatus_CL09T03C04	HMPREF1058_RS15220	HMPREF1058_RS15220		MFS transporter	-1.569	-2.365	-0.684	-0.101	-0.131	-0.699	0.079	0.040	-1.159	-2.703	0.373	-0.334	-0.356	-1.454	0.542	-0.013	0.839	0.718	-0.844	-1.775	0.194	0.942
Bvulgatus_CL09T03C04	HMPREF1058_RS15230	HMPREF1058_RS15230		DUF4348 domain-containing protein	-1.807	-2.065	-0.899	-0.036	-1.280	-1.484	-2.358	-2.462	-3.756	-2.068	-2.070	-1.261	-4.931	-3.941	-0.587	-2.101	-0.369	-0.067	-2.628	-3.571	-2.216	-2.799
Bvulgatus_CL09T03C04	HMPREF1058_RS15240	HMPREF1058_RS15240		MBL fold metallo-hydrolase	0.755	0.110	1.405	0.859	0.342	0.599	-0.044	0.633	-0.634	1.726	0.379	1.752	0.522	0.501	0.349	-0.575	1.575	1.030	-0.326	1.944	1.829	0.715
Bvulgatus_CL09T03C04	HMPREF1058_RS15245	HMPREF1058_RS15245		endonuclease III	-0.009	0.192	1.273	1.257	-0.485	0.954	-1.822	0.734	-0.535	0.144	-0.423	0.034	0.218	-0.019	0.156	0.337	-0.857	-0.134	-0.517	0.474	0.228	-0.065
Bvulgatus_CL09T03C04	HMPREF1058_RS15250	HMPREF1058_RS15250		hypothetical protein	-1.138	-0.042	0.617	0.665	-0.137	-0.512	-0.160	-0.515	0.816	0.739	-0.670	-0.057	-0.562	-0.524	-0.594	-0.436	0.652	0.144	0.876	-0.558	-0.978	-0.454
Bvulgatus_CL09T03C04	HMPREF1058_RS15255	HMPREF1058_RS15255		hypothetical protein	-1.088	-0.144	0.401	-1.239	-1.414	-1.527	-1.852	-1.455	-1.252	-0.395	-0.985	-1.417	-0.786	-1.384	-1.030	0.015	-0.651	0.332	0.020	-0.245	-1.902	-1.870
Bvulgatus_CL09T03C04	HMPREF1058_RS15260	HMPREF1058_RS15260		ornithine--oxo-acid transaminase	0.022	-0.338	0.185	-0.448	2.063	1.886	-0.145	0.128	0.860	1.689	-0.066	0.650	1.726	2.373	-0.286	-0.045	0.819	0.354	0.695	0.853	-0.116	1.622
Bvulgatus_CL09T03C04	HMPREF1058_RS15265	HMPREF1058_RS15265		queuosine precursor transporter	-2.175	-0.962	-1.732	-0.899	-2.524	-1.163	-1.353	-0.889	0.513	1.178	-0.141	-1.610	0.522	-2.775	-0.547	-0.441	0.695	-0.340	0.954	1.555	-1.719	-1.570
Bvulgatus_CL09T03C04	HMPREF1058_RS15270	HMPREF1058_RS15270		7-cyano-7-deazaguanine synthase QueC	-1.953	-1.037	1.334	-0.781	-1.472	-0.098	-0.458	-1.014	0.698	0.439	-1.499	-0.473	-0.611	-2.019	-0.401	0.575	-0.365	-0.656	-0.480	0.404	0.078	0.026
Bvulgatus_CL09T03C04	HMPREF1058_RS15275	HMPREF1058_RS15275		NADPH-dependent 7-cyano-7-deazaguanine reductase QueF	0.071	0.602	2.230	2.331	0.744	0.283	-0.561	-0.031	2.859	0.300	2.634	0.681	0.704	0.336	1.259	1.007	0.037	-0.802	1.237	2.730	0.362	1.665
Bvulgatus_CL09T03C04	HMPREF1058_RS15280	HMPREF1058_RS15280		tRNA-Ser	0.102	-0.090	0.764	-1.001	-0.202	0.327	-0.306	-0.230	0.735	-0.303	-0.751	-0.919	-0.384	-0.339	1.077	-0.404	-0.061	-0.108	0.664	0.365	-0.014	0.204
Bvulgatus_CL09T03C04	HMPREF1058_RS15285	HMPREF1058_RS15285		hypothetical protein	0.789	0.006	-0.180	-1.359	-0.841	0.609	0.282	0.494	0.028	0.804	1.811	0.957	-0.130	0.623	0.814	0.122	1.654	0.784	-0.151	0.774	1.526	-0.640
Bvulgatus_CL09T03C04	HMPREF1058_RS15290	HMPREF1058_RS15290		hypothetical protein	-1.166	0.039	0.552	-0.641	0.017	0.186	-1.106	-0.014	0.272	-0.908	-0.594	0.009	-0.664	-0.136	0.164	-0.119	0.449	0.771	-0.129	0.116	-0.239	-0.041
Bvulgatus_CL09T03C04	HMPREF1058_RS15300	HMPREF1058_RS15300		DUF3575 domain-containing protein	-1.659	-0.918	0.964	0.622	-1.735	-0.886	-0.997	-0.148	0.632	0.891	-0.907	-0.908	0.478	-0.280	-0.858	-0.606	1.089	1.575	-0.301	-0.315	-2.109	-0.715
Bvulgatus_CL09T03C04	HMPREF1058_RS15305	HMPREF1058_RS15305		hypothetical protein	-3.553	-3.948	-1.234	-1.974	-0.534	-1.608	-1.912	-1.087	2.464	0.910	-0.740	-1.258	0.345	-0.994	0.505	0.037	1.848	0.987	2.371	1.529	-2.043	-0.850
Bvulgatus_CL09T03C04	HMPREF1058_RS15310	HMPREF1058_RS15310		Mfa1 family fimbria major subunit	-2.013	-0.834	1.455	2.447	2.482	3.334	0.428	0.390	0.484	0.249	0.887	0.781	1.354	-0.042	2.725	0.844	2.637	1.007	1.473	0.500	0.159	0.324
Bvulgatus_CL09T03C04	HMPREF1058_RS15315	HMPREF1058_RS15315		FimB/Mfa2 family fimbrial subunit	-0.854	-1.119	-0.719	-0.477	-0.041	-0.334	-0.827	-1.355	1.370	0.366	1.169	0.122	0.142	-0.200	0.135	0.771	1.804	-0.161	1.661	1.047	1.776	0.220
Bvulgatus_CL09T03C04	HMPREF1058_RS15320	HMPREF1058_RS15320		hypothetical protein	-2.708	-2.526	-3.530	-0.637	0.077	0.408	-3.573	-2.068	1.592	0.136	-0.158	-1.758	-1.687	-3.162	3.023	-1.478	2.342	0.471	1.693	2.501	0.140	-1.671
Bvulgatus_CL09T03C04	HMPREF1058_RS15325	HMPREF1058_RS15325		BACON domain-containing protein	-2.084	-2.077	1.690	1.298	1.903	1.843	0.730	1.353	-0.478	0.107	1.799	1.726	0.110	-0.008	2.186	1.366	1.304	0.694	0.621	0.101	1.638	0.883
Bvulgatus_CL09T03C04	HMPREF1058_RS15330	HMPREF1058_RS15330		helix-turn-helix transcriptional regulator	-1.901	-1.438	-0.061	1.174	1.725	1.613	0.663	0.661	3.564	1.992	0.508	0.545	-0.757	0.103	2.632	1.283	5.439	1.899	2.973	2.525	1.771	0.743
Bvulgatus_CL09T03C04	HMPREF1058_RS15335	HMPREF1058_RS15335		hypothetical protein	1.452	0.579	1.136	-0.483	-0.044	0.155	1.895	-0.053	0.232	-2.020	0.639	-0.224	0.839	-0.199	-0.279	0.537	-0.787	0.456	-1.558	-0.793	0.557	0.148
Bvulgatus_CL09T03C04	HMPREF1058_RS15340	HMPREF1058_RS15340		OmpA family protein	-0.450	-1.167	0.034	0.314	0.779	-0.592	-1.114	0.394	-1.048	-1.059	-0.912	-0.451	-1.169	-0.870	-0.366	-0.897	-0.622	-1.005	-0.935	-2.137	-1.020	-0.162
Bvulgatus_CL09T03C04	HMPREF1058_RS15345	HMPREF1058_RS15345		hypothetical protein	0.145	0.383	-0.826	0.902	-0.569	0.428	0.058	-0.605	-1.218	-1.096	-0.235	0.223	-0.693	-1.853	-0.373	-0.118	0.814	-1.220	-1.760	-0.648	-1.302	0.557
Bvulgatus_CL09T03C04	HMPREF1058_RS15360	HMPREF1058_RS15360		hypothetical protein	-0.434	0.905	-1.087	-1.323	0.028	1.102	0.543	-0.382	-1.596	-0.496	0.324	0.440	1.351	0.217	0.388	-0.308	1.054	0.414	-0.140	0.936	-0.631	2.197
Bvulgatus_CL09T03C04	HMPREF1058_RS15365	HMPREF1058_RS15365		S46 family peptidase	0.792	-0.411	1.137	-0.705	-0.668	-0.293	0.404	-0.154	1.002	-0.864	1.048	-0.079	0.073	0.107	0.029	0.429	0.017	0.234	0.211	0.834	0.016	-1.475
Bvulgatus_CL09T03C04	HMPREF1058_RS15370	HMPREF1058_RS15370		S46 family peptidase	-0.330	0.739	-2.395	-1.213	0.141	0.978	-0.479	-0.250	-1.261	-1.338	0.122	-0.298	-0.240	0.355	-0.712	-1.264	-0.616	-0.209	-1.577	-1.129	0.042	-1.073
Bvulgatus_CL09T03C04	HMPREF1058_RS15375	HMPREF1058_RS15375		DUF4369 domain-containing protein	-2.606	-2.696	1.056	-1.205	-1.883	-2.444	-2.850	-2.291	-3.057	-2.743	-2.929	-3.333	-1.868	-3.314	-3.538	-1.288	-1.118	-1.084	-2.641	-1.786	-1.127	-3.109
Bvulgatus_CL09T03C04	HMPREF1058_RS15380	HMPREF1058_RS15380		1-acyl-sn-glycerol-3-phosphate acyltransferase	-8.552	-7.474	-9.264	-8.062	-7.184	-10.420	-4.264	-4.837	-10.132	-7.444	-3.790	-5.445	-8.621	-5.229	-12.816	-8.642	-5.886	-4.523	-11.501	-8.818	-6.953	-5.970
Bvulgatus_CL09T03C04	HMPREF1058_RS15385	HMPREF1058_RS15385		metallophosphoesterase	-0.457	-0.605	-1.068	-1.855	-3.363	-0.982	-1.378	-1.599	-0.779	-0.714	0.349	-0.926	-2.565	-1.553	-3.685	-1.745	-1.259	-0.209	-2.936	-0.689	-2.141	-1.445
Bvulgatus_CL09T03C04	HMPREF1058_RS15390	HMPREF1058_RS15390		5-methyltetrahydrofolate--homocysteine methyltransferase	-4.138	-2.444	-1.232	-0.287	-1.065	-0.356	-2.284	-2.226	-1.350	-2.985	-1.949	-3.249	-1.309	-1.719	-2.037	0.005	-0.780	-2.794	-1.348	-2.204	-2.419	-1.902
Bvulgatus_CL09T03C04	HMPREF1058_RS15395	HMPREF1058_RS15395		dihydroorotase	-1.777	-1.771	-0.763	-0.701	-1.669	-1.599	-1.907	-1.897	-1.699	-1.768	-1.843	-1.906	-1.804	-1.904	-1.980	-1.916	-1.659	-1.822	-1.719	-1.813	-1.658	-1.894
Bvulgatus_CL09T03C04	HMPREF1058_RS15405	HMPREF1058_RS15405		outer membrane beta-barrel protein	-1.590	-0.094	1.925	1.771	0.409	0.148	0.526	-0.156	-0.315	-0.130	0.554	0.285	0.784	-0.653	0.394	0.937	0.002	1.510	-0.706	0.599	0.995	0.999
Bvulgatus_CL09T03C04	HMPREF1058_RS15410	HMPREF1058_RS15410		DUF4136 domain-containing protein	-0.346	-0.893	-1.071	1.664	1.183	0.591	-0.753	0.159	-0.720	-3.114	0.910	0.804	-0.813	-0.994	0.004	1.082	1.340	0.548	-0.182	-0.803	-1.193	-0.911
Bvulgatus_CL09T03C04	HMPREF1058_RS15415	HMPREF1058_RS15415		copper resistance protein NlpE N-terminal domain-containing protein	1.497	1.169	-0.295	-2.325	0.604	0.293	0.599	0.087	0.441	-0.439	-0.909	-0.159	0.579	-0.313	0.263	-1.039	-0.708	-0.696	0.110	-1.157	-0.076	1.292
Bvulgatus_CL09T03C04	HMPREF1058_RS15420	HMPREF1058_RS15420		peptidase S41	-0.740	-0.075	-2.149	-1.135	0.316	0.279	0.131	1.128	0.957	1.375	-0.014	0.626	-1.317	-0.970	-1.028	0.803	-0.489	0.306	1.716	1.312	1.177	-0.307
Bvulgatus_CL09T03C04	HMPREF1058_RS15425	HMPREF1058_RS15425		bifunctional aspartate transaminase/aspartate 4-decarboxylase	1.818	3.093	-1.036	-2.021	-1.504	1.097	-0.393	0.095	-2.711	-2.185	0.075	0.559	-0.133	0.348	-2.003	-0.790	-1.408	0.140	-1.847	-1.163	-1.079	-0.393
Bvulgatus_CL09T03C04	HMPREF1058_RS15430	HMPREF1058_RS15430		aspartate-alanine antiporter	3.037	4.710	-1.586	-0.844	-5.159	-4.237	-2.766	-3.605	-4.045	-5.039	-4.130	-3.538	-2.343	-2.134	-7.245	-5.375	-2.922	-3.494	-4.562	-5.746	-4.868	-4.094
Bvulgatus_CL09T03C04	HMPREF1058_RS15435	HMPREF1058_RS15435		hypothetical protein	-6.721	-6.573	-7.950	-8.865	-11.963	-11.545	-11.437	-10.745	-8.514	-11.650	-10.296	-12.131	-8.785	-8.695	-13.449	-13.509	-5.929	-7.256	-10.707	-11.456	-9.953	-9.290
Bvulgatus_CL09T03C04	HMPREF1058_RS15440	HMPREF1058_RS15440		tetratricopeptide repeat protein	10.965	9.575	-3.662	-3.115	-4.701	-3.860	-2.171	-1.609	-5.441	-3.912	-3.569	-3.823	4.701	3.059	-5.020	-5.123	-1.782	-2.441	-5.274	-4.774	-3.509	-3.057
Bvulgatus_CL09T03C04	HMPREF1058_RS15445	HMPREF1058_RS15445		DUF418 domain-containing protein	1.863	0.418	-0.859	-1.353	-1.002	-3.171	-1.537	-1.808	-2.369	-2.817	-2.291	-0.746	-1.080	-1.183	-2.622	-1.891	-1.637	-0.981	-2.617	-3.042	-1.641	-2.959
Bvulgatus_CL09T03C04	HMPREF1058_RS15450	HMPREF1058_RS15450		transcription-repair coupling factor	0.252	0.744	-2.413	-1.953	-5.269	-3.809	-1.844	-1.248	-1.537	-2.462	-1.503	-2.086	-0.388	-0.782	-5.177	-1.953	-1.793	-2.519	-2.711	-1.581	-2.413	-1.434
Bvulgatus_CL09T03C04	HMPREF1058_RS15455	HMPREF1058_RS15455		TonB family protein	0.867	-0.046	0.780	0.491	0.113	0.009	1.482	1.508	-0.359	-0.384	0.355	1.605	0.685	0.840	-0.393	0.428	-0.871	1.710	-0.588	-0.455	1.150	1.554
Bvulgatus_CL09T03C04	HMPREF1058_RS15460	HMPREF1058_RS15460		amidohydrolase	0.850	-0.452	0.161	-0.653	0.201	0.766	-1.251	-0.151	-0.823	-0.265	-0.517	-0.866	-0.780	0.259	-1.237	-0.735	-1.000	-1.273	-0.165	-2.835	-0.528	0.019
Bvulgatus_CL09T03C04	HMPREF1058_RS15465	HMPREF1058_RS15465		indolepyruvate ferredoxin oxidoreductase subunit alpha	0.788	2.231	1.559	0.670	-0.674	-0.234	0.137	-0.426	-0.972	-0.187	0.261	0.691	0.279	0.939	-0.043	-0.211	-0.220	0.572	0.713	-0.211	-0.147	-0.170
Bvulgatus_CL09T03C04	HMPREF1058_RS15470	HMPREF1058_RS15470		indolepyruvate oxidoreductase subunit beta	0.749	0.344	-0.800	0.121	-0.735	-1.430	-2.520	-1.254	0.335	-2.951	-0.140	-1.370	-1.594	-1.413	-0.543	-1.304	-0.170	-0.157	-0.850	0.195	-0.520	-0.264
Bvulgatus_CL09T03C04	HMPREF1058_RS15475	HMPREF1058_RS15475		pyridoxal phosphate-dependent aminotransferase	0.014	-0.090	-0.437	0.282	-0.536	-2.097	-0.682	-1.072	-0.960	-1.347	-1.002	-0.565	-1.628	-2.339	-0.571	-1.244	-0.955	0.075	-0.991	-1.411	-0.764	-1.669
Bvulgatus_CL09T03C04	HMPREF1058_RS15480	HMPREF1058_RS15480		phenylacetate--CoA ligase	0.220	-1.099	1.925	2.017	-0.014	0.311	-1.078	-0.198	0.630	-0.758	-0.609	-0.487	0.258	-1.473	-1.780	0.479	-0.658	0.524	-0.227	-0.003	-0.795	-0.949
Bvulgatus_CL09T03C04	HMPREF1058_RS15485	HMPREF1058_RS15485		hypothetical protein	1.636	1.163	-1.444	-0.848	0.944	-0.421	-1.142	1.060	-0.620	0.505	0.954	-0.105	-0.586	-0.527	-0.753	-0.738	-0.331	-0.715	0.785	0.171	-0.046	-0.061
Bvulgatus_CL09T03C04	HMPREF1058_RS15490	HMPREF1058_RS15490		SWIM zinc finger family protein	2.474	0.407	0.026	-0.790	0.128	-0.009	-1.006	-0.424	1.342	-0.285	-0.113	1.394	-0.836	-1.343	0.176	-0.559	-0.077	-0.288	-0.093	-0.103	-0.305	-0.915
Bvulgatus_CL09T03C04	HMPREF1058_RS15495	HMPREF1058_RS15495		sodium-translocating pyrophosphatase	1.411	0.063	-0.568	-0.417	-3.306	-3.312	0.051	0.041	-0.208	-1.151	-0.848	-0.636	-1.680	-3.192	-0.613	-1.214	-1.280	-2.643	-0.203	0.139	-1.083	-0.301
Bvulgatus_CL09T03C04	HMPREF1058_RS15500	HMPREF1058_RS15500		YgiQ family radical SAM protein	-0.436	-0.358	0.215	0.484	-0.928	-0.743	-0.912	-0.291	1.053	-0.887	0.172	-0.179	1.087	-0.599	-0.205	-0.209	0.101	-0.628	-0.077	-0.509	0.630	-0.191
Bvulgatus_CL09T03C04	HMPREF1058_RS15505	HMPREF1058_RS15505		hypothetical protein	-6.662	-6.607	-0.438	0.781	-0.829	0.167	-5.193	-2.972	-3.270	-3.805	-3.956	-2.024	-3.065	-4.433	-0.233	-0.103	1.288	-0.170	-6.006	-3.677	-3.571	-3.287
Bvulgatus_CL09T03C04	HMPREF1058_RS15510	HMPREF1058_RS15510		xanthan lyase	0.428	-0.305	-0.312	-1.452	-1.216	-0.303	-0.914	0.507	-1.430	-1.208	-0.566	0.125	-0.273	-1.431	-0.159	-1.257	-1.330	0.251	-0.849	0.134	0.118	-0.278
Bvulgatus_CL09T03C04	HMPREF1058_RS15515	HMPREF1058_RS15515		alpha-1,3-galactosidase	-0.156	-0.639	-1.674	-1.546	-0.032	0.551	-1.154	0.037	-0.416	-1.260	0.582	0.489	-0.421	-0.813	0.484	-0.421	-1.926	-0.733	-0.759	-0.553	-0.962	-0.234
Bvulgatus_CL09T03C04	HMPREF1058_RS15520	HMPREF1058_RS15520		1-acyl-sn-glycerol-3-phosphate acyltransferase	-3.368	-2.585	-2.219	-2.456	-3.427	-2.718	-5.239	-3.438	-2.024	-0.777	-4.923	-5.137	-4.791	-1.977	-3.405	-1.941	1.853	-1.389	-3.842	3.891	-3.946	-2.064
Bvulgatus_CL09T03C04	HMPREF1058_RS15525	HMPREF1058_RS15525		hypothetical protein	-0.689	1.797	1.392	1.232	-0.177	1.330	0.810	0.332	1.855	0.626	-0.064	-1.240	-1.784	-0.059	-0.872	0.378	-0.623	0.422	3.762	1.608	-0.013	0.190
Bvulgatus_CL09T03C04	HMPREF1058_RS15535	HMPREF1058_RS15535		glycoside hydrolase family 25 protein	0.998	0.468	-1.371	-1.792	0.081	0.392	-0.107	0.099	0.619	-0.524	-0.881	0.167	-1.208	-0.484	0.391	-1.738	0.490	0.720	0.149	-0.956	-1.945	0.168
Bvulgatus_CL09T03C04	HMPREF1058_RS15540	HMPREF1058_RS15540		YccF domain-containing protein	2.500	1.251	-0.147	-1.031	0.014	-0.766	-0.296	1.206	-0.697	-1.173	-0.074	-0.979	2.726	0.143	-0.410	1.250	-0.471	1.128	0.565	-0.398	1.332	1.048
Bvulgatus_CL09T03C04	HMPREF1058_RS15545	HMPREF1058_RS15545		50S ribosomal protein L11 methyltransferase	1.791	1.865	-0.314	-1.228	0.495	0.835	1.015	3.002	0.305	-0.636	1.028	1.253	0.617	1.626	-1.607	0.434	-0.400	0.040	-0.032	0.154	1.077	1.804
Bvulgatus_CL09T03C04	HMPREF1058_RS15550	HMPREF1058_RS15550		thioredoxin family protein	-0.290	-0.331	0.394	-0.512	-0.120	-0.753	0.768	0.628	3.306	-0.588	1.283	0.977	0.739	0.659	0.051	0.652	0.067	0.064	1.079	0.298	0.151	1.454
Bvulgatus_CL09T03C04	HMPREF1058_RS15555	HMPREF1058_RS15555		DUF3874 domain-containing protein	-1.600	-0.962	-1.048	-0.102	-1.232	-1.942	-0.529	0.513	-0.562	-0.039	-0.270	-0.013	-0.822	-0.304	0.220	-0.659	-1.460	-0.099	0.398	-0.176	-0.377	-0.595
Bvulgatus_CL09T03C04	HMPREF1058_RS15560	HMPREF1058_RS15560		DsbA family protein	1.634	-0.228	1.836	1.440	-1.305	-1.108	0.651	0.120	-1.528	-0.713	-0.134	-1.141	0.494	1.098	0.057	-1.181	-0.559	0.300	-2.273	-1.093	0.815	-0.383
Bvulgatus_CL09T03C04	HMPREF1058_RS15565	HMPREF1058_RS15565		hypothetical protein	-9.765	-5.901	-0.457	-2.176	-8.077	-14.209	-4.508	-2.011	3.923	3.676	-10.515	-9.751	-16.405	-12.205	-18.789	-9.180	0.234	-7.714	-4.879	2.758	-14.206	-11.663
Bvulgatus_CL09T03C04	HMPREF1058_RS15570	HMPREF1058_RS15570		hypothetical protein	-0.222	-1.654	3.340	3.354	3.830	3.468	-4.394	-1.584	5.401	5.414	-9.479	-8.866	-14.766	-15.977	13.340	6.902	4.222	4.200	5.044	6.794	-9.074	-8.369
Bvulgatus_CL09T03C04	HMPREF1058_RS15575	HMPREF1058_RS15575		DUF4421 domain-containing protein	0.947	3.731	-1.478	-1.550	-2.079	-2.868	0.428	-0.719	-0.249	-1.500	-0.640	-2.074	-1.218	1.073	-5.517	-4.305	0.511	-0.625	-1.246	-1.576	-4.334	-2.341
Bvulgatus_CL09T03C04	HMPREF1058_RS15580	HMPREF1058_RS15580		Gfo/Idh/MocA family oxidoreductase	4.867	4.539	-0.973	-2.769	1.936	2.433	1.270	4.400	8.102	6.644	-1.256	-0.847	2.350	3.750	-2.726	-1.192	-0.162	-0.443	6.935	6.522	-0.460	-2.304
Bvulgatus_CL09T03C04	HMPREF1058_RS15585	HMPREF1058_RS15585		transporter substrate-binding domain-containing protein	-2.736	-3.031	-0.333	-2.181	-0.532	0.149	-4.826	-2.404	-1.160	-2.054	-0.959	-1.535	-2.325	-2.518	-0.743	-1.756	-1.700	0.120	-1.442	-1.676	-2.092	-1.275
Bvulgatus_CL09T03C04	HMPREF1058_RS15615	HMPREF1058_RS15615		DUF4468 domain-containing protein	0.941	-0.727	-0.221	0.257	0.266	-0.338	-0.839	-0.020	-1.347	0.077	0.301	-0.277	-0.882	-0.584	1.134	0.102	0.448	-1.466	0.228	-0.920	-0.096	-0.090
Bvulgatus_CL09T03C04	HMPREF1058_RS15630	HMPREF1058_RS15630		FGGY-family carbohydrate kinase	0.819	1.655	-3.414	-3.130	1.066	0.962	0.643	1.723	-1.186	-1.223	0.974	0.442	1.006	-0.395	0.901	0.496	0.008	-0.059	-0.363	-1.475	0.538	0.406
Bvulgatus_CL09T03C04	HMPREF1058_RS15635	HMPREF1058_RS15635		L-arabinose isomerase	0.482	0.934	-6.187	-5.174	0.746	0.557	-1.248	-0.194	0.823	-0.849	1.391	0.301	0.525	0.193	0.012	1.790	0.007	0.314	0.660	-0.011	0.501	0.670
Bvulgatus_CL09T03C04	HMPREF1058_RS15640	HMPREF1058_RS15640		L-ribulose-5-phosphate 4-epimerase	-1.337	-0.078	-3.313	-2.384	-1.955	-0.611	-1.869	-0.047	-0.253	-2.384	-1.163	-0.138	0.869	-2.070	-0.794	-2.565	-1.541	-0.860	-0.066	-0.703	-1.357	-0.910
Bvulgatus_CL09T03C04	HMPREF1058_RS15645	HMPREF1058_RS15645		NUDIX hydrolase	1.968	3.173	-4.164	-4.954	-3.148	-1.576	1.134	-0.415	-0.572	-0.074	-1.039	-1.132	1.902	-1.758	-6.144	-2.176	-1.767	-3.382	-2.030	-1.075	-0.389	-0.955
Bvulgatus_CL09T03C04	HMPREF1058_RS15650	HMPREF1058_RS15650		sodium:solute symporter	2.129	0.526	-5.215	-6.375	-1.129	-1.404	1.030	1.082	0.612	0.786	0.252	1.097	0.912	0.230	-2.198	-1.110	-1.009	-0.482	1.227	0.263	-0.080	0.427
Bvulgatus_CL09T03C04	HMPREF1058_RS15655	HMPREF1058_RS15655		galactose mutarotase	0.061	0.336	-6.077	-3.392	-1.685	0.806	1.124	0.444	0.159	-0.287	0.058	0.796	0.837	-0.954	-0.589	0.169	-0.485	-1.485	0.348	0.415	-0.590	-0.640
Bvulgatus_CL09T03C04	HMPREF1058_RS15660	HMPREF1058_RS15660		galactokinase	-4.205	-4.568	-13.109	-11.374	-7.111	-7.847	-11.033	-8.083	-3.850	-5.439	-6.002	-7.057	-7.088	-4.339	-7.153	-4.426	-5.225	-4.536	-4.946	-3.739	-8.953	-8.402
Bvulgatus_CL09T03C04	HMPREF1058_RS15665	HMPREF1058_RS15665		MFS transporter	-3.526	-2.977	-2.170	-1.420	-4.288	-4.222	-4.836	-4.704	-2.704	-4.240	-3.291	-5.362	-2.343	-2.440	0.421	0.237	-5.226	-4.771	-1.673	-4.424	-4.392	-5.007
Bvulgatus_CL09T03C04	HMPREF1058_RS15670	HMPREF1058_RS15670		galactose mutarotase	1.694	2.512	-6.663	-7.877	-6.899	-8.116	0.185	0.011	-4.399	-3.124	-0.266	-0.338	0.350	-1.021	-2.924	-1.865	-1.949	-3.562	-4.064	-6.232	-0.310	0.337
Bvulgatus_CL09T03C04	HMPREF1058_RS15690	HMPREF1058_RS15690		ATP-binding cassette domain-containing protein	4.853	5.031	-0.403	0.373	1.777	1.616	0.578	1.315	-2.522	-1.200	-0.287	0.178	4.026	2.626	-3.203	-1.305	-1.747	-0.667	-0.973	-0.856	0.732	-0.450
Bvulgatus_CL09T03C04	HMPREF1058_RS15695	HMPREF1058_RS15695		SGNH/GDSL hydrolase family protein	-0.370	0.353	-2.240	1.194	-0.244	1.112	-0.396	-0.967	0.249	0.535	0.217	-0.449	-0.641	-1.326	-1.060	0.397	0.701	0.859	0.487	0.863	0.323	0.213
Bvulgatus_CL09T03C04	HMPREF1058_RS15705	HMPREF1058_RS15705		winged helix DNA-binding domain-containing protein	-0.445	-1.073	-0.954	-1.226	-0.095	-1.281	-0.189	0.915	-0.583	-0.173	-0.366	-0.257	-0.199	-0.271	0.166	-0.254	-0.751	-0.654	0.608	0.736	0.294	1.211
Bvulgatus_CL09T03C04	HMPREF1058_RS15710	HMPREF1058_RS15710		cytidine deaminase	-6.413	-9.711	-1.169	-0.954	-3.699	-3.554	-8.416	-7.125	-5.321	-6.333	-7.863	-6.708	-7.611	-8.370	-2.336	-1.790	-0.671	-1.703	-3.668	-4.482	-6.059	-6.312
Bvulgatus_CL09T03C04	HMPREF1058_RS15715	HMPREF1058_RS15715		heavy metal-binding domain-containing protein	-0.445	0.602	-1.354	0.740	0.986	2.722	1.594	-0.064	1.627	0.328	1.585	1.249	1.324	1.021	0.827	-0.616	0.629	-0.461	1.232	-0.029	1.223	0.570
Bvulgatus_CL09T03C04	HMPREF1058_RS15720	HMPREF1058_RS15720		DUF4476 domain-containing protein	-1.333	-0.141	0.757	0.785	-0.631	1.359	0.601	0.072	1.020	0.011	0.407	-0.146	1.755	-0.408	-0.849	-0.484	-0.200	-0.994	0.787	-0.376	-0.581	-0.044
Bvulgatus_CL09T03C04	HMPREF1058_RS15725	HMPREF1058_RS15725		DUF4476 domain-containing protein	-0.701	0.415	1.265	0.596	0.812	-2.001	-2.794	1.253	0.382	-0.835	-0.485	0.194	-1.239	-0.580	-1.657	-0.120	-1.589	-0.259	-0.909	-1.053	-0.409	0.039
Bvulgatus_CL09T03C04	HMPREF1058_RS15730	HMPREF1058_RS15730		RNA polymerase sigma factor	-1.298	-1.257	-2.813	-2.029	-1.355	-1.056	0.255	0.474	0.381	0.502	0.706	0.356	-0.877	-0.131	-0.177	-1.058	0.083	0.119	-1.432	0.231	-0.516	0.073
Bvulgatus_CL09T03C04	HMPREF1058_RS15735	HMPREF1058_RS15735		hypothetical protein	-0.474	-0.347	-0.915	-0.768	-0.596	-0.986	0.357	0.965	1.100	0.442	1.673	0.027	-1.315	-0.008	1.301	0.563	1.000	-0.384	-0.259	-0.221	-0.794	0.294
Bvulgatus_CL09T03C04	HMPREF1058_RS15740	HMPREF1058_RS15740		hypothetical protein	-4.967	-2.675	-1.424	-1.134	-2.009	0.577	-1.429	-2.509	1.453	-0.190	-1.689	-1.309	-3.148	-4.702	1.613	-2.064	-0.186	-2.068	-0.102	0.597	-1.419	-1.990
Bvulgatus_CL09T03C04	HMPREF1058_RS15745	HMPREF1058_RS15745		hypothetical protein	-0.323	-0.852	0.326	0.800	-0.562	0.942	1.382	1.133	1.490	-0.112	0.509	0.232	-0.166	1.221	-0.015	0.064	0.164	-0.639	1.357	0.543	0.839	0.277
Bvulgatus_CL09T03C04	HMPREF1058_RS15750	HMPREF1058_RS15750		glucosaminidase domain-containing protein	0.924	0.469	-5.044	-3.676	-7.106	-7.596	0.041	1.090	0.549	0.889	-1.401	-1.028	-0.094	-1.623	-1.840	-3.674	-3.183	-2.847	1.481	-1.545	-0.633	-2.091
Bvulgatus_CL09T03C04	HMPREF1058_RS15755	HMPREF1058_RS15755		HlyD family efflux transporter periplasmic adaptor subunit	3.434	6.575	0.789	-1.078	-0.578	-3.003	5.411	3.807	8.578	5.731	2.530	2.634	3.356	2.642	-0.636	0.883	1.748	-0.705	4.872	3.707	3.606	3.555
Bvulgatus_CL09T03C04	HMPREF1058_RS15760	HMPREF1058_RS15760		ABC transporter ATP-binding protein	1.271	1.021	-0.778	-1.013	-0.071	-1.295	0.678	1.377	1.307	-0.122	0.265	-1.144	-0.230	1.031	-0.547	-0.182	0.490	1.447	-2.009	0.993	-1.277	0.351
Bvulgatus_CL09T03C04	HMPREF1058_RS15765	HMPREF1058_RS15765		ABC transporter permease	0.006	0.321	0.741	1.440	0.376	-0.212	0.028	0.030	-0.855	-0.666	0.183	0.264	1.054	0.672	0.485	-0.440	-1.776	0.567	-0.566	0.055	-0.002	0.520
Bvulgatus_CL09T03C04	HMPREF1058_RS15770	HMPREF1058_RS15770		FtsX-like permease family protein	-0.696	-0.374	2.233	1.155	-0.390	-0.989	0.235	0.636	-1.246	-0.932	0.342	-0.741	-0.465	-1.574	0.803	0.677	-1.058	0.041	0.602	-0.454	-1.130	0.061
Bvulgatus_CL09T03C04	HMPREF1058_RS15775	HMPREF1058_RS15775		ABC transporter permease	-0.395	0.657	1.246	1.213	-0.035	-0.146	-0.041	0.800	0.625	-0.357	1.252	0.252	0.452	0.316	0.898	-0.103	1.377	0.116	0.978	0.079	0.327	0.797
Bvulgatus_CL09T03C04	HMPREF1058_RS15780	HMPREF1058_RS15780		FtsX-like permease family protein	-0.896	1.439	-0.803	0.319	-1.203	-1.374	0.877	0.156	-0.479	-1.165	1.037	-0.663	-1.303	-0.843	-1.611	-0.234	-1.714	0.378	-0.941	-1.941	1.349	0.108
Bvulgatus_CL09T03C04	HMPREF1058_RS15785	HMPREF1058_RS15785		ABC transporter permease	0.588	1.384	0.295	0.595	-0.933	-2.009	-1.719	-0.837	-0.107	-0.678	-1.873	-1.243	-1.095	-1.928	-1.449	0.014	-1.799	-0.097	-2.571	0.361	-0.022	-0.825
Bvulgatus_CL09T03C04	HMPREF1058_RS15790	HMPREF1058_RS15790		FtsX-like permease family protein	0.277	-0.336	-0.767	-0.376	0.024	-0.283	-0.475	0.337	0.668	0.403	0.155	0.624	0.270	0.416	0.201	0.605	0.044	0.810	1.356	1.148	0.640	-0.681
Bvulgatus_CL09T03C04	HMPREF1058_RS15795	HMPREF1058_RS15795		TolC family protein	1.142	3.985	-0.400	2.454	-2.867	-2.559	2.273	2.550	0.752	0.511	0.702	0.401	2.078	0.223	-0.471	-0.274	-0.353	-0.842	0.275	-0.306	3.167	0.738
Bvulgatus_CL09T03C04	HMPREF1058_RS15800	HMPREF1058_RS15800		sigma-54-dependent Fis family transcriptional regulator	0.073	0.503	-1.682	-2.946	-2.953	-2.617	-0.675	0.040	-0.496	0.591	-0.210	-0.365	0.406	-0.936	-1.169	-1.695	-1.850	-0.090	0.121	-0.240	0.266	-0.882
Bvulgatus_CL09T03C04	HMPREF1058_RS15805	HMPREF1058_RS15805		PAS domain-containing protein	0.713	1.468	0.285	0.981	-2.377	-1.425	0.125	0.242	1.206	0.127	0.763	-0.783	0.860	-0.505	-1.416	-1.082	-0.839	-2.579	1.816	-0.514	0.481	0.762
Bvulgatus_CL09T03C04	HMPREF1058_RS15820	HMPREF1058_RS15820		glycosyltransferase	-0.449	-0.398	-0.889	1.075	-0.589	-1.097	0.604	0.691	-0.476	-0.965	-0.598	-0.197	0.313	-0.191	0.053	-0.722	0.525	-0.683	-0.437	-0.024	-1.303	-0.358
Bvulgatus_CL09T03C04	HMPREF1058_RS15825	HMPREF1058_RS15825		glycosyltransferase	-1.005	-0.584	0.233	1.030	-1.340	-0.369	0.386	0.396	-0.854	-1.474	-0.656	-0.058	-0.475	0.225	-0.794	-0.374	0.557	-1.140	-0.979	-0.573	-0.896	-1.538
Bvulgatus_CL09T03C04	HMPREF1058_RS15830	HMPREF1058_RS15830		hypothetical protein	-1.132	-0.629	0.028	1.605	-0.535	0.139	0.318	-0.671	-0.711	-2.219	-0.067	-0.526	0.910	-1.654	0.990	-1.109	0.156	0.872	-0.882	-0.893	0.386	0.819
Bvulgatus_CL09T03C04	HMPREF1058_RS15835	HMPREF1058_RS15835		radical SAM protein	-0.057	0.640	-0.124	-0.425	1.814	1.070	0.216	2.373	0.762	0.255	0.558	0.956	-0.449	-0.788	0.226	0.123	2.335	0.412	0.761	-0.499	1.317	-0.619
Bvulgatus_CL09T03C04	HMPREF1058_RS15840	HMPREF1058_RS15840		glycosyltransferase family 4 protein	-1.747	-1.595	-0.200	1.174	-0.825	-1.082	-0.603	-0.342	1.200	-1.224	-0.151	-1.262	-0.448	-1.193	1.122	-0.284	-0.995	-0.599	0.212	-1.924	-0.615	-1.402
Bvulgatus_CL09T03C04	HMPREF1058_RS15845	HMPREF1058_RS15845		YjbH domain-containing protein	0.548	0.669	-0.716	0.351	-0.573	0.984	-1.009	0.334	-0.169	-0.833	0.281	0.221	0.634	-0.233	-0.581	-0.040	0.243	-0.024	-1.063	0.388	-0.150	0.231
Bvulgatus_CL09T03C04	HMPREF1058_RS15850	HMPREF1058_RS15850		transglycosylase SLT domain-containing protein	-1.868	-1.880	1.074	0.813	-0.794	-0.303	-4.144	-3.116	-1.208	-1.990	-2.598	-2.239	-1.543	-2.781	0.194	0.267	1.013	-0.014	-0.837	-2.466	-0.853	-2.617
Bvulgatus_CL09T03C04	HMPREF1058_RS15855	HMPREF1058_RS15855		uridine kinase	-7.120	-4.994	-0.547	-0.117	0.334	-0.055	-10.137	-5.018	-3.364	-3.298	-6.002	-4.344	-6.162	-5.971	-2.523	-1.815	-0.234	-0.608	-3.130	-2.085	-6.568	-4.867
Bvulgatus_CL09T03C04	HMPREF1058_RS15860	HMPREF1058_RS15860		Dabb family protein	-0.440	0.392	1.215	1.667	0.676	1.248	-0.045	-1.007	0.189	0.376	0.566	-0.744	1.643	-1.890	-0.619	0.401	0.534	1.894	0.742	0.121	-0.633	-0.178
Bvulgatus_CL09T03C04	HMPREF1058_RS15865	HMPREF1058_RS15865		PaaI family thioesterase	0.063	0.276	-2.228	-1.666	-0.140	0.129	-0.526	0.284	0.632	0.718	-0.454	1.108	0.473	0.862	1.856	0.853	1.158	-0.446	1.254	1.514	0.882	0.477
Bvulgatus_CL09T03C04	HMPREF1058_RS15870	HMPREF1058_RS15870		ATP phosphoribosyltransferase	-4.858	-9.029	-6.898	-6.740	-6.329	-9.822	-11.688	-8.859	-4.745	-6.465	-9.442	-10.794	-10.977	-8.030	-8.161	-8.675	-7.905	-7.715	-9.381	-8.591	-7.938	-8.875
Bvulgatus_CL09T03C04	HMPREF1058_RS15875	HMPREF1058_RS15875		histidinol dehydrogenase	-6.973	-5.990	-8.909	-7.140	-6.858	-6.799	-10.997	-9.632	-7.784	-8.746	-11.247	-11.014	-7.238	-8.764	-12.493	-7.528	-9.422	-7.136	-8.493	-9.017	-8.255	-7.289
Bvulgatus_CL09T03C04	HMPREF1058_RS15880	HMPREF1058_RS15880		histidinol-phosphate transaminase	-9.364	-9.225	-10.343	-8.443	-9.057	-4.429	-14.900	-11.049	-10.361	-8.684	-7.708	-11.909	-12.952	-12.786	-14.013	-10.744	-11.612	-11.422	-9.670	-10.601	-10.477	-12.650
Bvulgatus_CL09T03C04	HMPREF1058_RS15885	HMPREF1058_RS15885		bifunctional histidinol-phosphatase/imidazoleglycerol-phosphate dehydratase HisB	-5.160	-7.784	-8.300	-5.654	-5.035	-7.538	-9.797	-8.952	-10.148	-7.981	-10.089	-9.150	-9.433	-10.031	-11.052	-9.733	-6.575	-8.137	-6.889	-9.591	-9.775	-11.106
Bvulgatus_CL09T03C04	HMPREF1058_RS15895	HMPREF1058_RS15895		transcriptional repressor	5.141	4.564	-3.206	-1.583	-2.119	-2.901	-0.012	-0.047	-2.030	-2.479	-2.381	-1.287	-0.101	2.062	-3.903	-1.802	-2.183	-1.256	-4.764	-1.861	-1.225	-1.699
Bvulgatus_CL09T03C04	HMPREF1058_RS15900	HMPREF1058_RS15900		NADH peroxidase	0.675	1.530	-0.800	-1.753	-0.298	-0.279	-0.240	-0.346	0.657	-0.664	-1.280	-0.146	-0.186	-1.265	-0.466	-1.642	0.473	-0.091	-1.054	-1.167	0.061	-1.329
Bvulgatus_CL09T03C04	HMPREF1058_RS15905	HMPREF1058_RS15905		thioredoxin	-0.830	-0.160	-0.164	-0.878	0.649	-0.783	-0.300	-0.163	0.838	0.384	-0.399	-0.291	0.465	0.171	-0.836	0.226	-0.677	-0.195	-0.054	1.198	0.755	0.212
Bvulgatus_CL09T03C04	HMPREF1058_RS15910	HMPREF1058_RS15910		thioredoxin	-0.544	-0.747	1.050	0.116	-0.462	-2.355	0.310	1.242	1.036	0.056	0.599	0.690	0.202	-0.751	1.504	0.292	0.889	-0.051	0.162	0.262	0.684	1.381
Bvulgatus_CL09T03C04	HMPREF1058_RS15915	HMPREF1058_RS15915		OmpH family outer membrane protein	-5.155	-3.100	-3.040	-2.965	-0.829	-1.827	-3.056	-5.417	-4.388	-4.064	-2.524	-2.493	-1.164	-2.001	-5.737	-3.966	-1.084	-2.850	-4.788	-4.582	-4.973	-2.250
Bvulgatus_CL09T03C04	HMPREF1058_RS15920	HMPREF1058_RS15920		hypothetical protein	-0.948	-2.879	-0.709	-1.032	-1.216	-0.421	-0.705	-0.156	-0.566	-1.410	-1.222	-1.878	-0.742	-1.158	0.362	-0.610	0.551	0.274	-0.667	-0.624	-1.047	-2.958
Bvulgatus_CL09T03C04	HMPREF1058_RS15925	HMPREF1058_RS15925		aminoacyl-histidine dipeptidase	0.647	1.474	0.150	0.256	-0.763	-0.181	-1.527	-1.747	1.275	-1.021	-1.925	-1.991	-0.283	-0.678	-1.484	-2.369	-1.997	-1.989	-0.039	-0.237	-2.485	-3.537
Bvulgatus_CL09T03C04	HMPREF1058_RS15930	HMPREF1058_RS15930		endonuclease	-2.156	-1.356	0.378	-2.393	-0.875	-1.948	-0.240	-0.784	-0.794	0.062	0.406	-2.061	-0.747	-1.439	-0.218	-0.731	0.692	0.252	0.815	0.163	-0.204	-0.361
Bvulgatus_CL09T03C04	HMPREF1058_RS15935	HMPREF1058_RS15935		23S rRNA (pseudouridine(1915)-N(3))-methyltransferase RlmH	-0.808	0.019	-0.906	-1.438	-0.373	0.354	-1.125	-0.937	-0.387	-0.726	-0.094	0.168	1.467	0.578	-1.122	-0.435	0.854	0.951	0.487	0.211	1.073	0.496
Bvulgatus_CL09T03C04	HMPREF1058_RS15945	HMPREF1058_RS15945		helix-turn-helix domain-containing protein	-0.694	-0.302	-0.320	0.524	-0.260	0.002	-1.045	-0.400	-0.646	-0.232	-0.388	0.234	0.175	-0.697	-0.643	0.555	0.110	-0.128	-0.215	0.449	0.837	-0.804
Bvulgatus_CL09T03C04	HMPREF1058_RS15950	HMPREF1058_RS15950		TonB-dependent receptor	-1.411	-1.299	0.363	-0.681	0.042	-0.026	-0.891	-0.467	-1.161	0.086	-0.502	0.186	-0.713	-0.948	-0.602	0.565	-1.208	-0.041	-0.640	-1.526	-0.394	-0.180
Bvulgatus_CL09T03C04	HMPREF1058_RS15955	HMPREF1058_RS15955		RagB/SusD family nutrient uptake outer membrane protein	-0.225	-1.157	2.195	0.572	0.510	0.175	-1.291	-0.062	-0.820	-1.492	0.333	-0.587	0.950	-0.505	-0.376	0.819	0.706	0.208	-0.671	-0.931	0.264	0.291
Bvulgatus_CL09T03C04	HMPREF1058_RS15960	HMPREF1058_RS15960		DUF4923 family protein	0.034	0.343	2.342	1.028	0.567	0.839	-0.605	-0.789	0.221	0.068	-0.176	-0.399	0.421	-0.305	0.100	-1.462	-1.264	-0.114	-0.045	-0.016	-0.048	0.680
Bvulgatus_CL09T03C04	HMPREF1058_RS15965	HMPREF1058_RS15965		recombinase RecA	-0.537	-1.889	0.826	0.987	0.385	1.589	-0.336	-2.645	-0.177	-0.035	-0.884	-0.247	0.146	-1.119	-0.845	0.128	-1.246	0.677	0.622	2.518	-2.934	-1.749
Bvulgatus_CL09T03C04	HMPREF1058_RS15970	HMPREF1058_RS15970		thioredoxin-dependent thiol peroxidase	-0.315	-1.794	1.773	-0.885	-0.234	0.203	-0.045	-0.531	0.788	0.274	-0.274	0.794	-0.336	-0.318	-0.619	-0.580	-0.835	-0.196	0.128	1.124	-1.281	-0.560
Bvulgatus_CL09T03C04	HMPREF1058_RS15975	HMPREF1058_RS15975		saccharopine dehydrogenase family protein	-9.810	-8.235	-3.175	-4.060	-5.233	-3.765	-7.377	-8.091	-7.702	-6.086	-7.744	-7.774	-6.766	-7.756	-1.140	-2.704	-0.444	-0.010	-9.221	-8.414	-7.681	-8.237
Bvulgatus_CL09T03C04	HMPREF1058_RS15980	HMPREF1058_RS15980		hypothetical protein	-0.895	-0.647	0.754	2.140	-0.873	-0.185	-1.285	-0.309	-1.096	-0.428	-0.800	0.495	-0.153	0.213	-0.933	0.132	0.094	0.756	0.052	-0.532	0.053	-0.521
Bvulgatus_CL09T03C04	HMPREF1058_RS15985	HMPREF1058_RS15985		META domain-containing protein	0.065	0.832	0.306	1.015	0.080	1.937	0.227	0.444	0.153	-0.153	0.925	1.179	1.492	0.640	0.229	0.795	0.227	0.825	-0.481	0.897	1.007	0.980
Bvulgatus_CL09T03C04	HMPREF1058_RS15995	HMPREF1058_RS15995		helix-turn-helix domain-containing protein	1.023	0.488	2.463	1.280	-0.008	-0.240	-0.141	0.719	1.719	0.397	1.103	0.896	-0.477	-0.137	0.048	1.516	0.084	0.874	-0.514	0.193	-0.223	0.424
Bvulgatus_CL09T03C04	HMPREF1058_RS16000	HMPREF1058_RS16000		site-specific integrase	-0.132	-1.109	1.507	0.808	0.795	1.379	-0.153	0.035	1.141	-0.543	-0.650	-0.114	-0.157	0.635	-0.738	0.286	-0.009	-0.263	0.429	0.550	-0.453	-0.922
Bvulgatus_CL09T03C04	HMPREF1058_RS16015	HMPREF1058_RS16015		helix-turn-helix domain-containing protein	-0.305	-2.530	2.200	1.927	-0.526	0.515	-0.248	0.377	-0.372	1.021	0.164	-0.107	0.322	-0.634	-2.698	1.025	0.268	-0.823	1.064	-0.324	-1.243	0.152
Bvulgatus_CL09T03C04	HMPREF1058_RS16020	HMPREF1058_RS16020		hypothetical protein	-0.743	0.688	0.076	-1.155	-0.027	-2.191	0.484	-0.737	-0.351	0.179	-0.308	-1.284	-0.845	0.522	0.040	-0.115	0.279	-1.986	-1.026	-0.863	0.103	0.152
Bvulgatus_CL09T03C04	HMPREF1058_RS16025	HMPREF1058_RS16025		DUF3987 domain-containing protein	-1.101	-1.488	2.583	1.915	1.023	-0.684	0.352	-0.333	2.044	0.166	1.051	-0.026	0.171	0.415	1.893	-0.605	0.015	1.208	1.926	-0.049	0.082	-0.002
Bvulgatus_CL09T03C04	HMPREF1058_RS16030	HMPREF1058_RS16030		hypothetical protein	-0.682	0.511	1.726	1.232	-0.970	0.866	0.826	0.470	0.417	0.254	-1.079	2.026	0.261	0.956	0.398	0.559	-0.298	0.380	1.219	-0.062	0.991	-0.011
Bvulgatus_CL09T03C04	HMPREF1058_RS16035	HMPREF1058_RS16035		hypothetical protein	-1.900	-0.503	0.843	0.062	1.802	1.122	-1.852	-0.876	-2.541	-0.158	-0.684	0.425	-0.753	-2.190	1.650	0.909	0.231	0.979	-0.632	-2.498	-0.897	-2.309
Bvulgatus_CL09T03C04	HMPREF1058_RS16040	HMPREF1058_RS16040		AAA family ATPase	-0.358	0.221	-0.123	-0.070	-0.110	-1.220	-0.029	0.281	2.002	1.295	0.218	-0.063	1.037	0.096	-1.964	-0.797	-0.938	-0.183	1.257	1.682	-0.646	-0.193
Bvulgatus_CL09T03C04	HMPREF1058_RS16045	HMPREF1058_RS16045		hypothetical protein	-1.435	-1.006	1.430	2.435	1.458	2.626	-3.300	-2.552	-2.805	-3.503	-2.405	-1.625	-0.310	-1.775	-1.567	-1.184	-0.343	-0.520	-2.533	-2.500	-1.443	-1.892
Bvulgatus_CL09T03C04	HMPREF1058_RS16050	HMPREF1058_RS16050		hypothetical protein	-2.344	-2.364	1.065	1.143	0.892	1.918	-1.840	-2.500	-1.978	-3.015	-0.944	-0.636	-1.425	-1.069	0.913	0.510	-0.467	1.828	-1.365	-2.361	-1.881	-1.806
Bvulgatus_CL09T03C04	HMPREF1058_RS16055	HMPREF1058_RS16055		AAA family ATPase	-4.315	-3.505	-0.187	0.056	-2.413	0.036	-4.082	-2.300	-1.875	-3.377	-1.792	-1.641	-0.633	-2.875	0.144	-0.088	-0.436	1.392	-3.835	-3.231	-1.793	-2.631
Bvulgatus_CL09T03C04	HMPREF1058_RS16060	HMPREF1058_RS16060		5S ribosomal RNA	-3.287	-1.999	0.310	-0.390	-1.423	-0.706	-1.172	-3.179	-1.439	-1.973	-0.492	-0.427	-1.639	-1.517	0.012	-0.199	-0.147	-0.110	-1.182	-1.679	-0.929	-0.928
Bvulgatus_CL09T03C04	HMPREF1058_RS16065	HMPREF1058_RS16065		DUF1016 family protein	-3.384	-0.323	-2.381	-1.730	-4.371	-2.532	-3.055	-2.467	-3.261	-3.007	-2.112	-2.000	-1.515	-2.335	-0.532	-0.724	-1.395	-0.757	-2.632	-2.861	-0.016	-2.227
Bvulgatus_CL09T03C04	HMPREF1058_RS16070	HMPREF1058_RS16070		helix-turn-helix transcriptional regulator	-4.704	-2.031	-4.325	-2.587	-7.080	-6.661	-4.563	-3.879	-5.640	-6.368	-2.386	-2.215	-4.691	-4.373	-1.871	-3.624	-2.685	-2.586	-7.351	-4.593	-1.909	-3.002
Bvulgatus_CL09T03C04	HMPREF1058_RS16075	HMPREF1058_RS16075		hypothetical protein	0.441	-0.578	-0.035	-1.151	-0.960	-1.229	-2.013	-0.993	0.781	-0.526	-0.166	-0.715	0.243	-0.688	-0.403	-0.643	-0.460	1.070	-0.832	-0.585	0.297	-0.124
Bvulgatus_CL09T03C04	HMPREF1058_RS16080	HMPREF1058_RS16080		SIR2 family protein	-0.673	-0.216	0.314	0.308	0.666	-0.282	-0.796	-0.637	1.078	-0.434	0.607	0.001	-0.099	1.264	0.100	0.188	0.378	0.437	0.917	0.143	0.176	-0.112
Bvulgatus_CL09T03C04	HMPREF1058_RS16085	HMPREF1058_RS16085		hypothetical protein	-0.003	-0.745	1.121	1.825	0.289	0.561	-0.441	0.611	-0.439	-0.485	-0.773	-0.212	0.183	0.892	0.720	0.160	0.075	-0.747	0.058	0.149	0.458	0.436
Bvulgatus_CL09T03C04	HMPREF1058_RS16090	HMPREF1058_RS16090		haloacid dehalogenase-like hydrolase	-0.534	-0.509	-2.331	-0.866	-0.336	-0.099	0.303	0.878	-0.249	0.360	-0.221	0.297	0.966	1.905	-0.636	-0.523	0.258	-0.084	0.953	-0.130	0.387	0.025
Bvulgatus_CL09T03C04	HMPREF1058_RS16095	HMPREF1058_RS16095		putative DNA binding domain-containing protein	-0.222	-0.213	1.678	0.981	1.077	1.119	1.434	0.662	1.399	0.913	0.738	0.736	1.429	1.979	1.223	0.414	1.208	0.933	0.076	2.110	0.873	0.953
Bvulgatus_CL09T03C04	HMPREF1058_RS16100	HMPREF1058_RS16100		site-specific integrase	-0.136	-0.218	-0.600	-0.375	0.745	0.611	-0.276	1.433	0.198	-0.112	-0.037	2.192	0.262	0.763	1.004	0.932	-0.740	-0.494	1.354	-0.092	1.935	0.685
Bvulgatus_CL09T03C04	HMPREF1058_RS16105	HMPREF1058_RS16105		UpxY family transcription antiterminator	-0.124	1.074	1.415	2.199	-1.264	-0.670	0.059	-1.144	0.038	-1.418	-0.591	-0.465	-0.877	2.330	0.004	-0.260	0.187	-0.470	0.314	-0.886	-1.798	-1.350
Bvulgatus_CL09T03C04	HMPREF1058_RS16110	HMPREF1058_RS16110		hypothetical protein	2.381	0.340	-0.373	-0.088	-1.239	-1.227	2.133	0.769	0.551	0.325	0.083	-0.853	0.723	-0.810	-1.165	-0.275	-0.134	-0.142	-1.793	-0.250	-1.507	-0.217
Bvulgatus_CL09T03C04	HMPREF1058_RS16115	HMPREF1058_RS16115		polysaccharide export protein	-0.126	0.399	-0.532	1.869	0.181	1.247	0.480	1.693	0.667	0.542	-0.500	-0.132	0.190	0.567	-0.412	-1.080	0.039	1.277	0.835	1.419	0.099	0.594
Bvulgatus_CL09T03C04	HMPREF1058_RS16120	HMPREF1058_RS16120		tyrosine-protein kinase	-0.032	-1.172	0.621	0.439	-1.281	0.046	0.365	0.345	0.731	0.332	0.679	0.524	-0.638	-0.391	-0.795	-0.222	-1.081	-0.302	-1.429	1.290	-0.569	0.257
Bvulgatus_CL09T03C04	HMPREF1058_RS16125	HMPREF1058_RS16125		nucleotide sugar dehydrogenase	-0.264	0.467	0.968	0.927	-1.422	-0.001	-0.248	0.744	-0.345	-0.377	0.509	0.491	-2.460	0.042	-1.467	0.398	-0.092	0.035	-0.821	-0.555	0.341	0.975
Bvulgatus_CL09T03C04	HMPREF1058_RS16130	HMPREF1058_RS16130		hypothetical protein	-1.218	-0.807	-2.054	-1.483	0.062	-0.820	-0.913	-0.073	-1.720	-1.223	-0.747	-1.914	-0.979	0.320	-0.031	-1.175	-0.285	0.016	-1.758	-1.074	-1.974	-0.340
Bvulgatus_CL09T03C04	HMPREF1058_RS16135	HMPREF1058_RS16135		hypothetical protein	-1.298	0.944	-3.678	-2.679	-1.295	-0.561	-0.583	-0.551	0.710	-1.165	-2.049	-0.403	-1.128	-1.598	-2.489	-0.791	-0.822	-2.236	-1.589	-0.073	-1.839	-1.751
Bvulgatus_CL09T03C04	HMPREF1058_RS16140	HMPREF1058_RS16140		hypothetical protein	-1.718	-1.076	1.932	1.280	-0.267	1.735	-0.378	0.447	-0.192	-0.885	-2.732	-1.521	-2.217	-1.572	-3.164	-1.547	-1.483	-1.796	-3.070	-2.079	-2.131	-1.838
Bvulgatus_CL09T03C04	HMPREF1058_RS16145	HMPREF1058_RS16145		glycosyl transferase family 32	-0.146	0.497	1.132	2.073	1.275	0.004	0.258	0.136	1.389	0.575	1.419	0.283	0.596	0.598	-0.521	0.558	-0.590	-0.364	0.393	-0.308	-0.392	0.389
Bvulgatus_CL09T03C04	HMPREF1058_RS16150	HMPREF1058_RS16150		glycosyltransferase	-1.563	-0.774	0.303	-0.095	4.014	4.545	0.325	0.209	1.839	1.598	1.660	0.917	-0.437	-1.047	0.954	-0.337	-0.447	0.650	1.039	2.503	0.492	0.499
Bvulgatus_CL09T03C04	HMPREF1058_RS16155	HMPREF1058_RS16155		polysaccharide pyruvyl transferase family protein	-1.318	0.619	0.120	-1.421	2.805	3.887	-1.015	-0.304	-0.333	-0.691	0.028	-0.135	-1.575	-0.908	-3.049	-1.722	-1.958	0.526	-3.104	-2.054	-2.585	-4.193
Bvulgatus_CL09T03C04	HMPREF1058_RS16160	HMPREF1058_RS16160		Coenzyme F420 hydrogenase/dehydrogenase, beta subunit C-terminal domain	-0.853	-1.505	-3.677	-1.156	0.461	1.711	-0.796	-0.702	-0.153	-1.017	-0.290	-0.601	-0.109	-2.394	-3.057	-1.223	-0.961	-1.403	0.174	-0.532	-2.071	-0.820
Bvulgatus_CL09T03C04	HMPREF1058_RS16165	HMPREF1058_RS16165		glycoside hydrolase family 16 protein	0.019	0.253	-0.756	-1.454	0.159	0.270	-0.543	-1.406	-2.610	0.268	-0.592	-0.074	-0.854	-0.327	-1.094	-0.227	-2.348	1.051	-0.037	-0.188	0.349	1.141
Bvulgatus_CL09T03C04	HMPREF1058_RS16170	HMPREF1058_RS16170		glycosyltransferase	0.570	1.893	2.940	2.187	3.173	4.567	2.025	0.829	1.520	0.575	0.223	1.420	1.104	1.452	0.273	0.294	1.014	0.747	-0.712	-0.890	-0.840	1.019
Bvulgatus_CL09T03C04	HMPREF1058_RS16175	HMPREF1058_RS16175		WecB/TagA/CpsF family glycosyltransferase	0.188	0.407	1.003	-0.163	1.123	0.894	-0.221	2.677	1.117	0.700	0.248	-0.891	0.794	2.020	-0.753	-0.710	1.371	-1.303	0.924	0.788	-2.331	-1.397
Bvulgatus_CL09T03C04	HMPREF1058_RS16180	HMPREF1058_RS16180		YjbH domain-containing protein	0.139	0.409	-0.086	0.060	-2.295	-1.545	0.107	-0.302	2.014	1.228	0.290	-2.081	1.050	1.265	-1.218	-1.463	-1.537	-2.818	1.325	0.954	-1.143	-2.101
Bvulgatus_CL09T03C04	HMPREF1058_RS16185	HMPREF1058_RS16185		undecaprenyl-phosphate glucose phosphotransferase	0.012	0.505	0.057	0.176	0.128	2.555	-0.691	-0.416	0.709	1.801	-1.459	-1.080	1.173	-1.002	-1.796	-1.853	-0.688	0.315	1.232	0.791	-0.738	-0.865
Bvulgatus_CL09T03C04	HMPREF1058_RS16190	HMPREF1058_RS16190		N-acetylmuramoyl-L-alanine amidase	-0.035	0.130	0.751	0.348	2.782	-0.299	0.782	0.852	-0.519	-1.911	0.923	1.324	-0.144	0.750	-0.976	-0.031	0.244	3.014	-0.808	0.266	0.295	0.241
Bvulgatus_CL09T03C04	HMPREF1058_RS16195	HMPREF1058_RS16195		hypothetical protein	0.929	-0.175	-1.849	-1.212	-0.925	-0.472	-0.238	-1.380	-1.745	0.548	-2.658	-1.650	-1.019	-2.329	-0.653	-1.852	-1.220	0.529	-0.925	-0.670	-1.830	-0.336
Bvulgatus_CL09T03C04	HMPREF1058_RS16205	HMPREF1058_RS16205		DUF3987 domain-containing protein	-1.270	-0.724	-1.125	-1.314	-0.091	1.740	-1.091	0.874	-1.411	-1.522	-0.922	-1.911	-1.618	-0.996	-1.443	-2.214	-0.888	-1.850	-0.601	-0.837	-3.040	-0.859
Bvulgatus_CL09T03C04	HMPREF1058_RS16210	HMPREF1058_RS16210		hypothetical protein	-2.448	-3.003	-1.746	-2.174	0.833	1.501	-1.574	-2.295	-0.384	-3.117	-1.200	-2.934	-0.796	-2.707	-1.845	-1.871	-1.455	-0.554	-3.681	-3.036	-1.472	-4.322
Bvulgatus_CL09T03C04	HMPREF1058_RS16215	HMPREF1058_RS16215		hypothetical protein	-1.464	-0.357	-0.428	0.139	1.060	0.917	-0.671	-2.128	-0.721	-1.176	-0.895	-0.581	0.227	-0.789	-1.309	-1.772	-2.211	-0.837	-1.072	-1.377	-1.083	-1.187
Bvulgatus_CL09T03C04	HMPREF1058_RS16220	HMPREF1058_RS16220		DEAD/DEAH box helicase	-0.495	-1.125	-0.665	-0.953	-1.179	0.572	0.470	0.596	-0.182	-1.129	0.718	0.447	-0.382	-0.718	-0.635	0.089	1.873	1.290	-0.003	1.260	1.813	0.049
Bvulgatus_CL09T03C04	HMPREF1058_RS16225	HMPREF1058_RS16225		DUF4250 domain-containing protein	-0.016	0.804	1.900	0.232	-0.408	-0.419	2.088	-0.441	2.019	-0.261	0.697	0.876	0.871	1.154	1.887	1.952	0.707	-0.055	-0.508	1.399	1.470	-0.568
Bvulgatus_CL09T03C04	HMPREF1058_RS16230	HMPREF1058_RS16230		AraC family transcriptional regulator	0.481	1.270	-0.063	-0.745	0.689	0.140	0.738	-1.605	-0.813	-1.358	-1.419	0.033	-1.075	-0.673	-1.274	-0.259	0.355	-1.242	-0.515	-0.689	-1.626	0.488
Bvulgatus_CL09T03C04	HMPREF1058_RS16235	HMPREF1058_RS16235		AMP-binding protein	-3.988	-3.726	2.286	1.964	2.108	1.981	1.989	1.089	3.889	2.330	2.673	3.147	-2.400	0.684	3.669	1.500	1.931	2.145	3.445	4.064	3.901	2.662
Bvulgatus_CL09T03C04	HMPREF1058_RS16240	HMPREF1058_RS16240		o-succinylbenzoate synthase	-3.201	-1.649	-0.331	-0.710	0.478	2.200	0.391	1.365	-0.151	-0.336	0.424	-0.527	-3.364	-0.663	0.122	1.879	-1.001	1.098	-0.291	0.001	-0.316	-0.192
Bvulgatus_CL09T03C04	HMPREF1058_RS16245	HMPREF1058_RS16245		1,4-dihydroxy-2-naphthoyl-CoA synthase	-1.895	-2.709	0.490	-0.658	0.805	0.064	2.087	1.758	1.978	2.022	0.682	1.061	0.648	-0.996	2.804	1.586	3.880	1.804	3.445	0.617	0.719	0.785
Bvulgatus_CL09T03C04	HMPREF1058_RS16250	HMPREF1058_RS16250		2-succinyl-5-enolpyruvyl-6-hydroxy-3- cyclohexene-1-carboxylic-acid synthase	-0.239	0.405	-2.418	-0.326	-6.734	-5.400	-3.279	-0.774	4.239	5.023	0.868	1.295	0.012	2.555	-11.109	-4.595	1.747	0.300	1.143	4.709	-2.137	1.185
Bvulgatus_CL09T03C04	HMPREF1058_RS16255	HMPREF1058_RS16255		isochorismate synthase	1.576	3.128	-1.538	-1.470	-7.975	-5.168	-1.412	-1.374	1.348	0.848	-1.156	-0.262	-3.066	3.192	-10.974	-5.511	0.625	-1.322	-0.447	1.358	-3.605	0.419
Bvulgatus_CL09T03C04	HMPREF1058_RS16260	HMPREF1058_RS16260		hotdog fold thioesterase	-0.489	-1.157	-2.361	-3.203	-5.280	-4.129	-2.943	-2.730	0.934	0.967	-2.616	-1.065	-1.440	-1.360	-6.827	-3.878	-2.062	-1.762	-1.489	1.159	-3.575	-2.239
Bvulgatus_CL09T03C04	HMPREF1058_RS16265	HMPREF1058_RS16265		SLC13 family permease	0.613	1.013	1.351	-0.378	0.946	-0.190	0.675	0.003	-0.286	-0.121	0.658	0.196	-0.527	1.089	1.891	0.892	0.151	0.661	1.324	1.422	0.015	1.113
Bvulgatus_CL09T03C04	HMPREF1058_RS16270	HMPREF1058_RS16270		MATE family efflux transporter	0.427	0.461	2.057	2.313	-0.594	-0.051	0.414	-1.063	1.125	1.892	-0.470	1.263	1.050	1.345	-0.293	-1.251	0.627	0.880	1.541	1.766	0.020	0.031
Bvulgatus_CL09T03C04	HMPREF1058_RS16275	HMPREF1058_RS16275		FAD-dependent oxidoreductase	1.905	1.169	-0.955	-0.057	-1.252	-1.041	0.302	0.392	-0.804	-1.958	0.590	0.709	-1.754	1.563	0.551	-0.055	0.514	0.899	-0.656	0.181	0.590	0.390
Bvulgatus_CL09T03C04	HMPREF1058_RS16280	HMPREF1058_RS16280		MarR family transcriptional regulator	-1.613	-0.096	0.531	0.351	-0.054	-0.504	-0.721	0.709	0.802	0.000	-0.065	-0.894	-1.743	-0.003	0.764	0.209	-0.876	0.745	0.214	0.701	0.136	-0.287
Bvulgatus_CL09T03C04	HMPREF1058_RS16285	HMPREF1058_RS16285		ClC family H(+)/Cl(-) exchange transporter	-0.326	-1.261	-1.244	-0.010	0.233	0.450	1.092	1.465	0.999	-0.134	0.145	0.380	-0.594	0.393	0.701	0.278	0.848	0.865	1.126	1.541	1.138	0.093
Bvulgatus_CL09T03C04	HMPREF1058_RS16290	HMPREF1058_RS16290		CRISPR-associated protein Cas2	-0.668	-0.090	-0.310	-1.719	-1.359	0.170	0.040	0.320	-0.811	-1.222	0.102	0.896	-0.412	-0.176	-0.033	-0.739	-0.481	0.965	0.116	0.261	-0.344	0.238
Bvulgatus_CL09T03C04	HMPREF1058_RS16295	HMPREF1058_RS16295		virulence RhuM family protein	0.157	-0.259	-0.840	-0.787	-0.922	0.679	-0.724	0.909	-0.166	0.265	-0.187	1.046	-0.697	2.011	-0.069	0.199	0.205	-0.270	0.014	0.318	-0.414	-0.499
Bvulgatus_CL09T03C04	HMPREF1058_RS16300	HMPREF1058_RS16300		type II CRISPR-associated endonuclease Cas1	0.370	-0.374	0.546	-0.613	-0.826	0.271	0.061	-0.393	0.158	-0.221	0.355	0.894	0.217	1.664	0.551	1.112	0.996	0.937	0.317	-1.645	-0.237	-1.136
Bvulgatus_CL09T03C04	HMPREF1058_RS16305	HMPREF1058_RS16305		CRISPR-associated endonuclease Cas2	0.658	0.624	1.216	1.653	0.903	-1.279	-0.494	-0.254	-1.006	0.166	-1.479	-0.415	0.368	0.097	0.627	-0.429	-0.693	0.368	0.654	0.465	0.709	0.288
Bvulgatus_CL09T03C04	HMPREF1058_RS16310	HMPREF1058_RS16310		hypothetical protein	-0.464	-0.531	1.227	0.246	1.752	1.891	-0.057	0.910	1.986	0.011	-0.472	0.717	-0.188	0.693	1.134	-0.062	0.344	0.661	1.030	0.925	0.654	1.028
Bvulgatus_CL09T03C04	HMPREF1058_RS16315	HMPREF1058_RS16315		KTSC domain-containing protein	-0.197	-0.338	-0.066	0.698	-0.459	-0.188	0.924	0.014	0.366	-0.631	0.888	0.298	0.323	0.225	-0.193	-1.330	0.992	1.806	-1.590	0.001	-0.114	0.369
Bvulgatus_CL09T03C04	HMPREF1058_RS16320	HMPREF1058_RS16320		epoxyqueuosine reductase QueH	1.413	0.487	1.206	2.016	0.518	0.584	-0.317	-0.682	1.687	1.685	0.298	0.508	0.724	1.302	-0.663	0.683	0.181	0.277	1.472	0.463	-0.615	0.269
Bvulgatus_CL09T03C04	HMPREF1058_RS16325	HMPREF1058_RS16325		AraC family transcriptional regulator	0.275	0.724	0.520	-0.146	0.753	0.528	0.324	0.827	0.642	-0.082	0.259	0.871	-0.222	0.097	0.270	0.905	0.387	0.491	1.291	-0.205	0.502	1.023
Bvulgatus_CL09T03C04	HMPREF1058_RS16330	HMPREF1058_RS16330		SusC/RagA family TonB-linked outer membrane protein	-1.337	-0.486	0.527	0.639	-1.722	-0.302	-0.829	-0.093	0.061	-1.314	0.314	-0.257	0.160	-0.176	-0.113	-0.744	-0.888	0.283	0.993	-0.608	-0.232	0.288
Bvulgatus_CL09T03C04	HMPREF1058_RS16335	HMPREF1058_RS16335		RagB/SusD family nutrient uptake outer membrane protein	-1.450	-0.701	0.428	0.550	-2.284	1.780	0.057	0.004	2.904	1.010	0.563	1.657	-1.333	0.152	1.732	0.366	0.765	0.494	0.756	-0.091	-0.194	-0.131
Bvulgatus_CL09T03C04	HMPREF1058_RS16340	HMPREF1058_RS16340		AhpC/TSA family protein	-0.755	1.412	2.020	1.345	1.142	0.962	0.989	1.307	1.263	0.349	-0.180	1.075	0.954	1.235	0.951	0.453	0.301	-0.049	2.763	0.559	0.653	0.579
Bvulgatus_CL09T03C04	HMPREF1058_RS16350	HMPREF1058_RS16350		transposase	-1.234	-0.527	-2.301	-0.192	0.195	-0.448	-1.061	-1.351	-1.491	0.973	0.116	-0.862	-0.270	-1.159	-0.659	0.277	0.502	-1.856	-1.974	-1.929	0.155	0.275
Bvulgatus_CL09T03C04	HMPREF1058_RS16370	HMPREF1058_RS16370		porin	1.190	2.183	1.381	1.563	0.517	0.954	0.953	1.532	1.636	1.153	-0.162	1.223	1.383	0.423	-0.005	0.347	0.826	-1.279	2.351	3.681	1.330	0.962
Bvulgatus_CL09T03C04	HMPREF1058_RS16375	HMPREF1058_RS16375		deoxyribonuclease IV	0.275	1.439	0.766	0.631	-0.894	1.527	-0.395	1.853	-0.670	0.055	0.934	1.404	0.914	0.665	0.472	-0.252	1.473	0.854	-0.142	0.263	0.454	0.811
Bvulgatus_CL09T03C04	HMPREF1058_RS16380	HMPREF1058_RS16380		hypothetical protein	1.727	0.847	-0.181	0.706	-1.086	0.897	-0.194	0.628	-0.023	-0.887	1.544	2.205	0.292	0.974	-0.149	1.692	0.887	0.707	-0.592	1.108	1.285	1.376
Bvulgatus_CL09T03C04	HMPREF1058_RS16385	HMPREF1058_RS16385		TrpB-like pyridoxal phosphate-dependent enzyme	-0.080	2.123	-1.619	-2.249	0.962	2.312	0.359	1.454	2.760	0.310	0.732	-0.600	0.070	-1.678	-1.085	-0.128	0.211	0.627	0.405	0.115	0.959	0.005
Bvulgatus_CL09T03C04	HMPREF1058_RS16390	HMPREF1058_RS16390		potassium transporter	0.925	-0.190	-1.014	1.141	1.016	0.982	-0.336	0.072	0.679	-0.173	0.395	0.352	0.724	0.200	0.475	-0.579	-1.268	1.368	0.302	2.550	1.267	0.523
Bvulgatus_CL09T03C04	HMPREF1058_RS16395	HMPREF1058_RS16395		TrkA family potassium uptake protein	0.227	1.699	-0.229	2.149	1.397	2.025	3.703	2.730	4.221	2.755	1.195	1.072	3.800	0.770	1.514	0.616	-0.190	1.101	4.758	2.856	2.813	2.737
Bvulgatus_CL09T03C04	HMPREF1058_RS16400	HMPREF1058_RS16400		DUF4738 domain-containing protein	0.806	0.026	-2.678	-3.252	-2.759	-4.974	0.654	0.324	0.848	-0.033	-0.093	-1.364	1.710	0.607	-2.330	-2.620	-1.560	-2.685	-2.211	-1.922	-0.848	-0.964
Bvulgatus_CL09T03C04	HMPREF1058_RS16405	HMPREF1058_RS16405		PepSY-like domain-containing protein	-1.020	-1.066	-0.569	-0.065	-2.454	-0.444	-0.439	-0.264	-0.925	-0.559	0.157	-0.319	0.876	-0.263	0.005	0.145	-1.232	0.915	-0.082	-0.128	-0.017	0.463
Bvulgatus_CL09T03C04	HMPREF1058_RS16410	HMPREF1058_RS16410		L-serine ammonia-lyase	-0.478	-0.135	-1.181	-1.766	0.151	0.432	-6.921	-4.228	-3.001	-4.792	-4.496	-3.549	-2.329	-5.433	2.062	-1.179	0.271	-0.119	-3.595	-3.240	-4.908	-5.237
Bvulgatus_CL09T03C04	HMPREF1058_RS16415	HMPREF1058_RS16415		metallophosphoesterase	0.483	1.296	0.883	-1.271	0.824	-1.418	1.129	-0.058	0.541	0.744	1.330	1.258	-1.039	0.508	0.481	1.044	-0.205	0.811	2.414	1.994	1.034	0.495
Bvulgatus_CL09T03C04	HMPREF1058_RS16420	HMPREF1058_RS16420		RagB/SusD family nutrient uptake outer membrane protein	0.314	0.610	0.031	0.697	0.807	-1.073	0.161	1.886	0.058	0.060	-0.010	0.765	-0.229	0.306	0.413	0.378	0.510	-0.071	1.692	0.111	0.161	0.398
Bvulgatus_CL09T03C04	HMPREF1058_RS16425	HMPREF1058_RS16425		TonB-dependent receptor	0.083	-0.679	-0.306	-0.643	-1.289	0.132	0.394	0.922	0.519	-0.506	-0.098	-0.268	0.475	-0.457	0.255	-0.228	0.186	0.214	0.466	-0.207	0.145	-0.088
Bvulgatus_CL09T03C04	HMPREF1058_RS16430	HMPREF1058_RS16430		FecR domain-containing protein	-1.120	-1.019	-0.458	0.441	0.424	0.501	-0.897	-0.267	0.781	-0.096	0.036	-1.035	-1.587	-1.532	-1.321	-0.882	0.782	1.054	-1.273	-0.498	-1.462	-0.579
Bvulgatus_CL09T03C04	HMPREF1058_RS16435	HMPREF1058_RS16435		RNA polymerase sigma-70 factor	0.789	-1.410	0.168	-3.382	-1.466	-0.534	0.750	1.129	1.230	0.260	-0.224	1.355	0.914	-0.026	-0.160	-0.124	0.656	-0.127	-1.253	0.879	-0.915	0.629
Bvulgatus_CL09T03C04	HMPREF1058_RS16440	HMPREF1058_RS16440		endonuclease MutS2	-0.760	-0.015	-1.226	-1.348	-2.781	-2.688	0.086	-1.582	-2.607	1.097	-1.724	-2.308	0.708	-2.077	-3.898	-2.845	-1.540	-2.476	-0.840	-2.464	-1.750	-0.979
Bvulgatus_CL09T03C04	HMPREF1058_RS16450	HMPREF1058_RS16450		PH domain-containing protein	0.560	0.167	0.854	-1.496	-1.069	1.030	1.419	2.190	0.759	-0.957	1.516	1.069	0.908	2.056	1.401	0.670	1.314	1.613	1.062	0.647	0.956	0.411
Bvulgatus_CL09T03C04	HMPREF1058_RS16455	HMPREF1058_RS16455		Crp/Fnr family transcriptional regulator	-1.337	1.928	-0.426	-0.943	-0.751	-0.682	0.334	0.077	-0.329	1.131	0.353	-0.098	0.948	-0.469	-0.745	0.791	-0.932	0.525	0.838	-0.460	1.223	-0.440
Bvulgatus_CL09T03C04	HMPREF1058_RS16460	HMPREF1058_RS16460		acyltransferase	-0.021	-0.258	0.371	1.612	0.382	1.469	-0.094	1.330	0.186	-0.133	1.338	1.401	-0.767	1.051	0.773	0.881	1.022	0.628	1.954	1.107	0.595	0.679
Bvulgatus_CL09T03C04	HMPREF1058_RS16465	HMPREF1058_RS16465		transcriptional repressor	1.149	0.133	1.758	1.995	-0.003	1.670	0.303	0.208	-0.366	-0.489	0.263	1.149	0.189	-0.522	-1.332	-0.313	-0.615	0.460	0.651	0.720	-0.755	1.076
Bvulgatus_CL09T03C04	HMPREF1058_RS16470	HMPREF1058_RS16470		heavy metal translocating P-type ATPase	-0.650	0.138	-2.761	-1.511	1.132	-0.730	0.338	-0.129	-0.546	-0.206	-0.275	0.087	-0.153	0.642	-0.727	-0.369	-0.075	-0.070	-1.103	-0.780	0.404	-0.950
Bvulgatus_CL09T03C04	HMPREF1058_RS16475	HMPREF1058_RS16475		esterase	-1.294	-0.266	-0.686	-0.876	-0.614	-0.031	-0.741	-0.979	2.153	0.681	-0.378	0.826	-0.159	-1.106	-0.062	-1.497	1.717	-0.628	1.130	1.615	-0.115	-0.575
Bvulgatus_CL09T03C04	HMPREF1058_RS16480	HMPREF1058_RS16480		SDR family oxidoreductase	-0.761	-0.020	-0.682	1.505	1.514	0.907	0.645	1.288	1.246	1.963	0.761	1.014	-1.094	1.839	-0.685	0.772	1.307	0.689	1.634	1.869	0.345	-0.240
Bvulgatus_CL09T03C04	HMPREF1058_RS16485	HMPREF1058_RS16485		cyclomaltodextrinase C-terminal domain-containing protein	3.154	3.034	0.184	-1.004	3.963	3.968	0.968	2.465	10.252	10.727	0.468	1.465	2.688	4.466	-0.203	-0.839	0.496	-0.880	8.200	11.907	2.076	0.140
Bvulgatus_CL09T03C04	HMPREF1058_RS16490	HMPREF1058_RS16490		sodium ion-translocating decarboxylase subunit beta	-7.173	-8.965	-4.842	-6.707	-3.627	-0.184	-6.473	-6.645	-6.211	-7.165	-7.569	-7.750	-4.447	-7.371	-2.955	-3.618	-3.420	-4.027	-8.264	-5.044	-8.515	-8.699
Bvulgatus_CL09T03C04	HMPREF1058_RS16495	HMPREF1058_RS16495		biotin/lipoyl-binding protein	0.526	0.750	-2.759	-2.221	-4.758	-3.408	-3.732	-2.317	-3.241	-5.077	-5.093	-4.463	0.849	0.441	-3.766	-4.561	-2.822	-5.349	-4.174	-3.584	-4.578	-4.935
Bvulgatus_CL09T03C04	HMPREF1058_RS16500	HMPREF1058_RS16500		OadG family protein	1.677	2.431	-4.017	-3.818	-4.002	-6.228	-3.778	-2.864	-4.195	-5.384	-6.179	-5.264	2.569	-0.916	-7.914	-6.473	-5.864	-6.687	-6.597	-3.691	-3.311	-5.026
Bvulgatus_CL09T03C04	HMPREF1058_RS16505	HMPREF1058_RS16505		acyl-CoA carboxylase subunit beta	3.460	4.007	-7.648	-5.584	-8.124	-8.858	-5.310	-6.083	-9.024	-9.674	-8.590	-8.997	2.204	-1.300	-11.426	-11.208	-7.370	-11.286	-9.542	-9.887	-8.334	-9.482
Bvulgatus_CL09T03C04	HMPREF1058_RS16510	HMPREF1058_RS16510		methylmalonyl-CoA epimerase	-1.515	-1.646	-2.519	-1.971	-3.939	-3.613	-4.235	-2.287	-3.335	-4.140	-3.762	-3.961	-0.547	-1.577	-5.463	-3.611	-3.789	-4.237	-3.333	-4.219	-4.281	-4.728
Bvulgatus_CL09T03C04	HMPREF1058_RS16515	HMPREF1058_RS16515		GNAT family N-acetyltransferase	-1.881	-1.168	-1.694	0.040	-1.221	-0.754	-3.979	-2.803	-1.802	-1.484	-3.524	-2.723	0.925	-1.864	-2.561	-1.307	-2.894	-0.712	-3.310	-1.786	-1.336	-3.098
Bvulgatus_CL09T03C04	HMPREF1058_RS16520	HMPREF1058_RS16520		nitroreductase family protein	-0.305	-0.726	-1.115	-1.019	-0.177	1.789	-0.049	-0.348	-0.965	-0.313	-0.687	-2.166	-0.583	0.391	-1.070	-0.113	-0.017	1.157	0.067	1.351	-0.550	-0.660
Bvulgatus_CL09T03C04	HMPREF1058_RS16525	HMPREF1058_RS16525		hypothetical protein	0.320	-0.625	-0.096	-0.129	1.595	2.275	0.575	0.707	-0.886	-0.848	-0.103	0.070	0.049	1.630	1.310	-0.402	-0.115	1.279	-0.651	-0.255	0.884	1.120
Bvulgatus_CL09T03C04	HMPREF1058_RS16530	HMPREF1058_RS16530		Rossmann-like and DUF2520 domain-containing protein	3.553	0.397	-2.329	-3.687	-1.448	-0.657	-1.403	-1.617	-3.136	-0.530	-4.104	-2.710	1.808	3.133	-1.774	-2.793	-2.928	-2.429	-0.835	-1.341	-2.340	-4.866
Bvulgatus_CL09T03C04	HMPREF1058_RS16540	HMPREF1058_RS16540		septum formation protein Maf	0.094	0.090	-0.671	0.241	-0.212	0.850	0.393	1.039	0.512	0.402	0.591	0.767	1.037	-0.127	1.436	-0.058	1.880	0.902	-0.557	0.132	0.936	0.472
Bvulgatus_CL09T03C04	HMPREF1058_RS16545	HMPREF1058_RS16545		2-hydroxyacid dehydrogenase	-1.170	-0.723	-0.550	0.811	-0.958	0.893	-0.281	0.208	-0.085	-2.341	-0.361	-0.504	-0.474	0.538	-1.170	0.148	0.107	-0.368	0.052	-2.158	1.245	-1.686
Bvulgatus_CL09T03C04	HMPREF1058_RS16550	HMPREF1058_RS16550		DUF3843 family protein	0.192	1.434	1.368	1.067	1.446	1.007	0.482	0.713	2.073	0.762	1.223	-0.042	1.072	0.474	0.283	0.066	0.272	1.201	1.134	-0.205	1.012	-0.103
Bvulgatus_CL09T03C04	HMPREF1058_RS16555	HMPREF1058_RS16555		DUF2721 domain-containing protein	-1.015	-0.688	-1.479	-1.038	0.676	-0.017	0.611	2.105	0.079	-0.367	0.455	0.848	0.541	0.819	0.304	0.579	-0.060	-0.071	0.755	-0.014	1.530	-0.067
Bvulgatus_CL09T03C04	HMPREF1058_RS16560	HMPREF1058_RS16560		MFS transporter	-0.198	-0.279	0.125	-0.794	0.515	-0.767	0.402	-0.051	0.704	0.341	0.181	0.116	0.196	1.314	0.453	0.619	-0.011	0.692	0.554	0.563	0.307	1.023
Bvulgatus_CL09T03C04	HMPREF1058_RS16565	HMPREF1058_RS16565		TlpA family protein disulfide reductase	-0.821	-0.653	0.952	1.035	1.048	-0.076	-0.488	1.710	0.929	0.239	-0.289	-0.030	1.188	-1.070	-1.394	0.862	1.281	0.637	-0.176	1.584	-0.332	0.363
Bvulgatus_CL09T03C04	HMPREF1058_RS16570	HMPREF1058_RS16570		hypothetical protein	-0.864	0.380	1.844	1.203	-0.219	-0.167	-0.297	1.047	0.848	-0.828	-0.477	1.060	-0.263	0.590	0.912	0.642	0.084	1.126	1.064	0.086	-0.551	-0.188
Bvulgatus_CL09T03C04	HMPREF1058_RS16575	HMPREF1058_RS16575		hypothetical protein	0.009	-0.064	-0.597	-0.254	1.942	0.650	-0.097	0.041	1.022	0.244	-0.404	0.954	0.369	-0.062	-0.215	0.399	1.316	-1.244	1.617	0.351	-0.617	0.199
Bvulgatus_CL09T03C04	HMPREF1058_RS16580	HMPREF1058_RS16580		carboxypeptidase-like regulatory domain-containing protein	-0.301	0.482	-0.023	0.992	-0.386	-1.207	0.022	-0.201	0.056	-2.422	0.232	0.708	-0.785	-1.620	-0.345	-0.070	0.017	0.292	-0.168	-0.835	-1.807	-0.111
Bvulgatus_CL09T03C04	HMPREF1058_RS16585	HMPREF1058_RS16585		DUF4876 domain-containing protein	0.413	1.109	-0.326	-0.119	-1.033	-2.185	0.025	0.897	-0.238	-1.061	-0.406	0.418	0.413	-0.176	0.592	0.477	-0.244	0.085	-0.430	-0.944	-1.383	-0.179
Bvulgatus_CL09T03C04	HMPREF1058_RS16590	HMPREF1058_RS16590		hypothetical protein	0.312	-0.254	1.024	0.892	-1.865	0.265	0.480	1.263	-0.819	0.546	0.081	0.192	-0.822	-1.456	0.782	-0.776	-0.479	0.288	0.999	-0.577	-0.121	-0.901
Bvulgatus_CL09T03C04	HMPREF1058_RS16595	HMPREF1058_RS16595		hypothetical protein	-0.243	-0.453	-1.498	-0.210	-0.036	-0.871	-0.585	0.170	-0.562	0.459	-0.446	-0.409	-1.461	0.609	0.250	-0.707	-0.678	-0.108	1.177	0.358	1.395	-0.242
Bvulgatus_CL09T03C04	HMPREF1058_RS16600	HMPREF1058_RS16600		PepSY-associated TM helix domain-containing protein	-0.099	1.150	-0.588	0.078	-0.053	0.288	-0.105	0.021	0.106	0.097	1.216	-0.441	-0.818	-0.530	0.308	0.097	0.737	-0.616	1.450	0.215	0.988	-0.182
Bvulgatus_CL09T03C04	HMPREF1058_RS16605	HMPREF1058_RS16605		ABC transporter ATP-binding protein	1.170	0.065	1.018	0.602	0.264	-0.081	1.196	0.093	-0.026	0.027	-0.426	-0.061	-1.162	0.612	-0.826	-0.252	0.191	-0.734	0.183	0.419	1.242	1.772
Bvulgatus_CL09T03C04	HMPREF1058_RS16610	HMPREF1058_RS16610		hypothetical protein	0.030	0.546	1.427	1.117	-1.283	1.022	1.214	0.467	1.197	-0.692	0.390	0.583	0.103	-1.216	0.560	-0.195	-0.689	-0.221	-0.581	-0.293	-0.059	0.816
Bvulgatus_CL09T03C04	HMPREF1058_RS16615	HMPREF1058_RS16615		DUF4857 domain-containing protein	0.636	0.209	-0.416	-0.721	-0.395	1.976	0.566	1.447	1.784	0.123	0.695	1.638	0.803	0.941	0.228	-0.489	0.520	0.588	1.657	0.949	0.356	1.065
Bvulgatus_CL09T03C04	HMPREF1058_RS16620	HMPREF1058_RS16620		GGGtGRT protein	-11.002	-12.179	-4.110	-4.263	-4.185	-3.777	-12.621	-11.471	-10.152	-11.758	-14.431	-11.636	-8.542	-11.639	-0.295	-2.923	2.123	0.742	-10.597	-13.725	-9.254	-12.166
Bvulgatus_CL09T03C04	HMPREF1058_RS16625	HMPREF1058_RS16625		hypothetical protein	-6.820	-7.511	-5.332	-5.055	-2.377	-5.121	-9.717	-7.502	-7.221	-9.968	-10.149	-10.542	-5.536	-8.749	1.113	-1.564	1.147	1.393	-5.387	-6.920	-6.590	-7.022
Bvulgatus_CL09T03C04	HMPREF1058_RS16630	HMPREF1058_RS16630		DMP19 family protein	0.181	-0.548	-0.588	-0.333	1.063	1.446	0.633	0.565	1.482	0.357	0.696	0.474	-0.390	0.060	0.833	0.059	0.375	0.049	1.390	0.113	0.531	0.530
Bvulgatus_CL09T03C04	HMPREF1058_RS16635	HMPREF1058_RS16635		sodium:glutamate symporter	-0.246	0.666	0.689	0.566	-0.571	0.268	0.082	-0.045	-0.604	-0.834	0.795	-0.192	-0.239	-1.300	-0.265	0.925	-0.159	-0.321	-0.066	-1.643	0.286	-0.642
Bvulgatus_CL09T03C04	HMPREF1058_RS16640	HMPREF1058_RS16640		hypothetical protein	-0.120	-1.475	-0.509	-0.239	-1.622	0.150	-0.440	0.776	-0.052	-0.052	-0.987	-0.367	-1.110	0.122	-0.976	-1.467	-1.128	-0.677	0.071	-0.135	0.099	-1.031
Bvulgatus_CL09T03C04	HMPREF1058_RS16645	HMPREF1058_RS16645		hypothetical protein	-0.521	0.618	-0.196	-0.067	-1.370	0.836	0.941	0.949	0.592	1.518	0.879	0.168	0.764	0.035	0.719	0.067	-0.256	-0.165	0.194	0.504	0.429	-0.501
Bvulgatus_CL09T03C04	HMPREF1058_RS16650	HMPREF1058_RS16650		fimbrillin family protein	0.780	0.759	0.112	-0.863	-1.502	-0.664	1.049	0.812	0.075	-0.454	0.142	0.396	0.475	-0.393	-1.348	-0.120	-0.204	0.387	0.141	1.155	0.100	0.047
Bvulgatus_CL09T03C04	HMPREF1058_RS16655	HMPREF1058_RS16655		fimbrillin family protein	0.542	1.352	0.584	-0.616	0.484	-0.087	0.963	1.394	0.746	0.150	0.096	1.101	-1.113	0.981	0.059	-0.135	0.235	1.533	0.824	0.356	-1.015	0.748
Bvulgatus_CL09T03C04	HMPREF1058_RS16660	HMPREF1058_RS16660		DUF5119 domain-containing protein	-1.454	0.248	-0.986	-2.281	-0.369	-0.954	0.585	-0.263	-1.398	-0.061	-0.812	-0.550	0.724	-1.375	-2.083	0.011	0.296	0.225	0.210	-0.267	-1.126	-0.483
Bvulgatus_CL09T03C04	HMPREF1058_RS16670	HMPREF1058_RS16670		site-specific integrase	0.626	1.310	1.188	1.366	-0.424	0.071	-0.065	0.548	0.851	-0.781	0.474	-0.155	0.650	2.095	0.839	0.115	0.343	-0.709	0.485	-0.165	0.886	0.234
Bvulgatus_CL09T03C04	HMPREF1058_RS16675	HMPREF1058_RS16675		DUF1282 family protein	-2.794	-2.899	1.235	1.125	-0.060	-0.129	0.137	0.918	-0.572	-0.562	-0.112	-0.538	-2.935	-0.980	0.805	-0.018	1.100	-0.876	1.748	0.177	-0.883	0.012
Bvulgatus_CL09T03C04	HMPREF1058_RS16685	HMPREF1058_RS16685		methionine synthase	-3.555	-3.991	0.874	0.710	-1.057	-0.221	-2.584	-2.061	-2.960	-2.244	-3.038	-2.251	-2.307	-2.248	-0.738	1.166	-0.195	0.263	-0.687	-2.842	-0.471	-1.646
Bvulgatus_CL09T03C04	HMPREF1058_RS16690	HMPREF1058_RS16690		NTP transferase domain-containing protein	-5.919	-4.886	-2.855	-2.530	-6.628	-7.593	-2.490	-3.271	-2.253	-3.170	-4.080	-3.845	-0.825	-3.066	-8.756	-5.256	-1.661	-4.987	-5.820	-3.677	-3.154	-4.619
Bvulgatus_CL09T03C04	HMPREF1058_RS16695	HMPREF1058_RS16695		phosphotransferase	-4.257	-2.952	-3.355	-3.686	-4.750	-4.362	-1.354	-2.506	-1.371	-4.253	-3.356	-1.806	-1.443	-4.084	-3.519	-3.918	-2.099	-3.103	-4.107	-4.821	-3.105	-2.058
Bvulgatus_CL09T03C04	HMPREF1058_RS16700	HMPREF1058_RS16700		purine permease	-0.435	0.145	0.189	-1.863	0.486	-0.241	0.444	0.436	1.138	-0.315	0.416	1.847	0.179	0.876	0.184	0.423	1.333	0.615	1.022	0.979	-0.247	1.227
Bvulgatus_CL09T03C04	HMPREF1058_RS16705	HMPREF1058_RS16705		xanthine phosphoribosyltransferase	-0.876	-1.582	1.965	1.788	-0.009	0.863	0.951	-0.229	0.402	-0.244	0.736	1.437	0.675	-0.521	1.506	0.997	0.746	0.006	0.329	-0.508	0.207	0.004
Bvulgatus_CL09T03C04	HMPREF1058_RS16710	HMPREF1058_RS16710		hypothetical protein	0.311	-0.464	-0.768	-0.929	-0.517	-1.136	-1.052	0.938	-0.622	-3.922	0.273	-0.116	0.495	-1.077	-0.628	-1.496	-0.320	0.226	-1.086	-0.492	-1.050	-1.068
Bvulgatus_CL09T03C04	HMPREF1058_RS16715	HMPREF1058_RS16715		hypothetical protein	0.777	1.927	-0.841	-0.299	-0.574	-0.680	0.078	-0.029	-0.724	-0.576	0.338	0.401	-0.792	-1.062	-2.226	-0.092	-1.768	1.012	-0.916	-1.510	-1.762	-0.155
Bvulgatus_CL09T03C04	HMPREF1058_RS16720	HMPREF1058_RS16720		nitroreductase family protein	-2.968	0.693	1.055	0.181	1.054	0.056	0.720	0.025	1.193	-0.387	2.708	1.420	0.498	-1.007	-1.170	2.148	0.296	0.549	1.946	-0.494	0.958	1.897
Bvulgatus_CL09T03C04	HMPREF1058_RS16725	HMPREF1058_RS16725		dipeptidase	1.080	2.295	-0.440	-1.499	-0.468	0.955	-1.526	-0.733	-1.399	-0.808	0.130	-0.165	0.656	-0.286	0.098	-1.159	-0.190	-0.909	-1.328	-0.928	0.353	-0.879
Bvulgatus_CL09T03C04	HMPREF1058_RS16730	HMPREF1058_RS16730		chorismate synthase	-2.482	-2.446	-2.604	-2.040	-3.149	-2.317	-2.593	-3.912	-2.381	-2.459	-2.544	-2.615	-2.533	-3.914	-4.201	-3.436	-4.311	-2.563	-3.163	-2.492	-2.953	-2.561
Bvulgatus_CL09T03C04	HMPREF1058_RS16735	HMPREF1058_RS16735		LemA family protein	0.849	-1.537	0.913	0.552	-0.421	-0.097	-1.410	-0.122	0.036	-0.361	-2.062	0.589	-0.644	-1.336	0.347	0.616	-0.801	-0.073	0.310	-0.368	1.086	-1.088
Bvulgatus_CL09T03C04	HMPREF1058_RS16740	HMPREF1058_RS16740		TPM domain-containing protein	-1.834	-0.538	0.505	1.929	-1.347	0.133	-1.364	-1.051	0.986	0.545	-1.775	-2.694	0.650	-0.848	0.216	-0.298	-1.262	-0.045	-0.352	0.400	0.083	-0.807
Bvulgatus_CL09T03C04	HMPREF1058_RS16745	HMPREF1058_RS16745		alpha/beta hydrolase	0.527	1.416	0.176	0.761	0.305	-1.184	0.470	-0.686	0.875	-0.204	0.714	-1.609	0.689	1.512	-0.008	0.345	0.891	0.436	1.282	-0.346	0.566	-0.328
Bvulgatus_CL09T03C04	HMPREF1058_RS16750	HMPREF1058_RS16750		shikimate dehydrogenase	-1.574	-1.542	-0.572	-0.517	-1.488	-1.421	-1.664	-1.645	-1.472	-1.549	-1.630	-1.689	-1.581	-1.692	-1.766	-1.736	-1.968	-1.657	-1.457	-1.573	-1.315	-1.641
Bvulgatus_CL09T03C04	HMPREF1058_RS16755	HMPREF1058_RS16755		bifunctional demethylmenaquinone methyltransferase/2-methoxy-6-polyprenyl-1,4-benzoquinol methylase UbiE	-2.333	-1.349	-0.960	-0.438	-0.515	-3.068	-2.933	-1.934	-1.593	-1.874	-1.782	-1.467	-2.883	-3.798	1.611	-0.488	1.230	0.430	-2.532	-1.849	-3.157	-2.779
Bvulgatus_CL09T03C04	HMPREF1058_RS16760	HMPREF1058_RS16760		phosphoribosylaminoimidazolesuccinocarboxamide synthase	-4.842	-3.884	-2.477	-2.942	-5.112	-5.033	-4.046	-5.077	-4.615	-3.894	-4.831	-5.605	-4.883	-4.976	-5.552	-4.083	-2.698	-5.367	-3.811	-3.937	-3.699	-4.004
Bvulgatus_CL09T03C04	HMPREF1058_RS16765	HMPREF1058_RS16765		PhoH family protein	-3.996	-4.368	4.219	2.076	0.520	1.206	-2.158	-1.913	-4.046	-3.641	-0.189	-0.418	-2.257	-5.133	1.777	-0.530	-1.299	-0.565	-3.440	-3.642	-2.287	-1.479
Bvulgatus_CL09T03C04	HMPREF1058_RS16770	HMPREF1058_RS16770		hypothetical protein	2.692	2.969	1.284	1.659	-0.754	-0.242	2.949	2.886	3.103	2.561	2.376	2.386	3.115	3.159	2.791	0.289	0.621	1.117	3.002	2.511	2.224	2.362
Bvulgatus_CL09T03C04	HMPREF1058_RS16775	HMPREF1058_RS16775		tRNA pseudouridine(38-40) synthase TruA	7.287	6.937	0.465	-1.594	-1.112	-1.491	8.090	6.183	5.810	4.431	3.257	4.691	11.367	6.623	-0.607	1.869	0.758	0.716	6.005	5.280	5.598	5.501
Bvulgatus_CL09T03C04	HMPREF1058_RS16780	HMPREF1058_RS16780		TIGR03915 family putative DNA repair protein	0.512	-1.140	-0.550	-0.229	-0.804	-0.687	0.336	-0.251	0.600	0.602	0.513	-0.237	1.806	-1.803	-0.978	1.027	-0.534	0.432	-0.859	-0.576	-0.295	0.043
Bvulgatus_CL09T03C04	HMPREF1058_RS16785	HMPREF1058_RS16785		putative DNA modification/repair radical SAM protein	0.116	1.862	-1.493	0.071	1.805	-0.392	0.855	-0.093	0.569	0.381	0.855	0.917	0.493	-0.002	0.915	0.300	-0.591	0.423	0.007	0.561	-1.237	-0.337
Bvulgatus_CL09T03C04	HMPREF1058_RS16790	HMPREF1058_RS16790		TlpA family protein disulfide reductase	1.294	-0.602	1.221	0.957	0.122	1.067	1.742	1.455	2.399	1.519	1.193	1.857	0.570	1.072	0.882	0.712	1.237	0.985	1.968	2.202	-0.541	1.049
Bvulgatus_CL09T03C04	HMPREF1058_RS16795	HMPREF1058_RS16795		SusC/RagA family TonB-linked outer membrane protein	0.889	0.715	1.668	2.192	-0.985	-0.423	0.118	0.999	0.320	-0.330	0.653	-0.097	2.250	0.661	0.233	-0.163	-0.107	0.079	0.794	-0.105	-0.494	1.225
Bvulgatus_CL09T03C04	HMPREF1058_RS16800	HMPREF1058_RS16800		RagB/SusD family nutrient uptake outer membrane protein	-0.115	1.597	2.447	3.172	0.585	-0.197	0.826	-0.589	2.856	2.002	-0.210	-0.133	-2.887	-2.742	0.333	0.796	0.642	0.653	2.883	2.216	-0.854	0.711
Bvulgatus_CL09T03C04	HMPREF1058_RS16805	HMPREF1058_RS16805		FKBP-type peptidyl-prolyl cis-trans isomerase	0.661	-0.661	-2.680	-1.352	-1.847	-3.027	-2.368	-1.064	-0.758	0.963	-2.579	-2.151	-1.376	-1.306	-1.465	-0.901	0.294	-0.753	0.029	1.083	-0.620	-2.511
Bvulgatus_CL09T03C04	HMPREF1058_RS16810	HMPREF1058_RS16810		hypothetical protein	1.553	0.321	-0.429	0.698	0.968	0.760	1.392	0.939	1.763	0.085	0.916	0.111	0.744	0.965	1.071	0.798	-0.005	-1.013	1.097	-0.588	2.533	-0.315
Bvulgatus_CL09T03C04	HMPREF1058_RS16815	HMPREF1058_RS16815		dihydroxy-acid dehydratase	-11.059	-11.444	-9.725	-10.091	-9.552	-9.645	-12.324	-11.740	-8.538	-10.040	-11.591	-10.778	-12.461	-13.037	-14.949	-10.734	-11.941	-14.473	-10.075	-12.081	-11.677	-9.755
Bvulgatus_CL09T03C04	HMPREF1058_RS16820	HMPREF1058_RS16820		biosynthetic-type acetolactate synthase large subunit	-9.956	-10.332	-9.869	-8.126	-10.660	-7.310	-9.152	-8.477	-9.688	-7.354	-11.171	-11.715	-9.392	-11.905	-13.813	-8.534	-9.836	-11.242	-9.542	-9.671	-6.295	-10.634
Bvulgatus_CL09T03C04	HMPREF1058_RS16825	HMPREF1058_RS16825		acetolactate synthase small subunit	-10.057	-6.062	-6.698	-6.341	-6.823	-5.850	-6.494	-5.619	-8.254	-11.785	-6.428	-7.236	-9.369	-6.660	-4.718	-6.051	-3.007	-5.131	-8.918	-6.069	-9.782	-6.286
Bvulgatus_CL09T03C04	HMPREF1058_RS16830	HMPREF1058_RS16830		acyl-ACP thioesterase	0.581	0.545	1.883	1.008	1.280	3.041	1.882	2.692	0.013	-0.756	0.712	0.931	1.429	2.829	-0.231	-0.902	-1.203	-1.562	-0.166	-0.237	2.710	1.467
Bvulgatus_CL09T03C04	HMPREF1058_RS16835	HMPREF1058_RS16835		ketol-acid reductoisomerase	-5.612	-7.888	-7.992	-5.737	-3.952	-7.816	-7.689	-10.290	-6.415	-6.288	-9.588	-10.706	-8.497	-10.438	-10.615	-8.915	-7.047	-10.068	-8.028	-6.423	-5.222	-7.596
Bvulgatus_CL09T03C04	HMPREF1058_RS16840	HMPREF1058_RS16840		energy transducer TonB	0.726	0.437	1.390	2.283	-0.245	0.816	0.449	1.364	0.762	1.023	1.002	1.642	1.830	0.723	0.305	0.344	-0.385	0.376	1.625	-0.136	0.933	0.635
Bvulgatus_CL09T03C04	HMPREF1058_RS16845	HMPREF1058_RS16845		SurA N-terminal domain-containing protein	-4.033	-3.292	-2.923	-1.197	-2.736	-1.931	-3.981	-2.943	-2.661	-2.069	-2.963	-3.588	-2.153	-3.647	-5.381	-3.618	-1.768	-4.694	-2.716	-2.826	-1.909	-4.184
Bvulgatus_CL09T03C04	HMPREF1058_RS16850	HMPREF1058_RS16850		HlyC/CorC family transporter	-6.279	-4.271	1.323	1.261	-2.386	-3.125	-6.070	-4.213	-4.444	-4.943	-3.645	-2.369	-3.385	-4.927	-1.375	-0.811	0.351	-1.048	-4.817	-3.509	-4.499	-3.971
Bvulgatus_CL09T03C04	HMPREF1058_RS16855	HMPREF1058_RS16855		LPS export ABC transporter periplasmic protein LptC	-0.357	-0.895	-0.478	-0.691	-1.094	-0.256	-0.867	-0.132	-0.835	-0.943	-0.723	-0.946	-1.104	0.866	-1.730	-1.842	-1.193	-0.099	-0.520	-0.289	-0.550	-0.217
Bvulgatus_CL09T03C04	HMPREF1058_RS16870	HMPREF1058_RS16870		type III pantothenate kinase	0.926	-1.028	-4.365	-1.359	-2.788	-1.613	-2.437	-1.308	-1.395	-4.630	-2.777	-1.994	-0.155	-1.614	-1.009	-1.767	-0.854	-2.229	-1.577	-1.258	-1.362	-1.398
Bvulgatus_CL09T03C04	HMPREF1058_RS16880	HMPREF1058_RS16880		alkaline phosphatase family protein	-0.868	-1.508	-2.688	-2.668	-4.538	-4.349	-1.786	-1.689	-2.064	-2.462	-3.650	-2.955	-1.697	-3.931	-1.407	-0.939	-0.699	-1.294	-2.742	-2.625	-3.121	-3.151
Bvulgatus_CL09T03C04	HMPREF1058_RS16890	HMPREF1058_RS16890		hypothetical protein	1.736	-0.532	1.489	1.353	0.115	1.170	1.818	3.013	5.325	4.125	0.798	1.462	-8.470	-7.836	3.277	3.049	2.555	3.851	4.938	4.770	0.701	1.241
Bvulgatus_CL09T03C04	HMPREF1058_RS16895	HMPREF1058_RS16895		hypothetical protein	-5.116	-3.397	-0.501	-0.709	-4.427	-4.330	-8.284	-7.332	-3.750	-6.392	-6.231	-4.078	-3.945	-6.917	-3.875	-3.508	-0.922	-1.972	-5.039	-5.332	-4.620	-4.851
Bvulgatus_CL09T03C04	HMPREF1058_RS16900	HMPREF1058_RS16900		hypothetical protein	-1.716	-1.445	-0.614	-0.100	-2.628	-2.358	-2.125	-2.461	-1.338	-2.377	-2.243	-1.891	-3.438	-3.848	-3.055	-2.317	-2.023	-3.504	-2.566	-1.927	-1.786	-2.591
Bvulgatus_CL09T03C04	HMPREF1058_RS16905	HMPREF1058_RS16905		sigma-70 family RNA polymerase sigma factor	-1.289	1.997	0.369	0.171	-0.863	-0.648	-0.264	-0.704	-0.842	-1.931	0.690	-0.331	-2.309	-0.352	0.005	1.278	0.407	-0.141	-1.234	0.695	-0.677	0.275
Bvulgatus_CL09T03C04	HMPREF1058_RS16920	HMPREF1058_RS16920		nucleoside triphosphate pyrophosphohydrolase	0.640	0.405	2.234	1.703	1.107	-0.179	-1.417	2.145	0.583	1.864	1.307	-0.369	0.313	0.388	0.546	0.219	0.901	0.167	0.363	0.499	0.811	1.754
Bvulgatus_CL09T03C04	HMPREF1058_RS16925	HMPREF1058_RS16925		RagB/SusD family nutrient uptake outer membrane protein	-0.094	0.599	-1.431	1.730	0.032	1.982	-0.414	-0.240	-0.240	-1.875	0.951	-0.587	1.297	1.428	0.193	0.086	-0.343	1.700	-0.775	0.850	-0.534	0.162
Bvulgatus_CL09T03C04	HMPREF1058_RS16930	HMPREF1058_RS16930		TonB-dependent receptor	1.034	0.272	0.261	0.847	-1.091	-0.878	-0.171	-0.040	-0.730	-1.043	0.210	-0.012	1.376	-0.880	-0.556	0.409	-0.855	1.041	-1.291	-1.618	-0.500	0.365
Bvulgatus_CL09T03C04	HMPREF1058_RS16935	HMPREF1058_RS16935		hypothetical protein	-1.077	-1.005	-6.414	-5.243	-5.847	-5.185	-1.338	-1.694	2.051	2.619	-1.998	-3.794	0.170	-1.775	-8.190	-4.888	-4.554	-2.668	-1.423	-0.969	-4.374	-2.499
Bvulgatus_CL09T03C04	HMPREF1058_RS16940	HMPREF1058_RS16940		hypothetical protein	-0.713	-1.946	-3.099	-3.062	-3.505	-4.777	-1.116	-1.032	0.832	1.725	-2.480	-2.826	0.482	-1.025	-3.287	-5.013	-1.055	-1.910	-0.493	0.042	-1.984	-2.335
Bvulgatus_CL09T03C04	HMPREF1058_RS16945	HMPREF1058_RS16945		RNA polymerase sigma factor	-1.250	-1.471	0.570	1.054	1.507	1.456	-0.331	-0.084	-0.402	0.126	-0.850	0.642	-0.330	0.066	-0.099	1.269	-1.292	-0.717	-0.558	-0.149	-0.320	0.033
Bvulgatus_CL09T03C04	HMPREF1058_RS16950	HMPREF1058_RS16950		ribonuclease Z	-1.475	-0.453	2.200	1.811	0.405	0.315	-3.102	-2.146	1.013	1.050	-1.091	-0.360	-3.940	-0.971	1.719	0.556	-0.752	0.437	1.208	-1.021	-1.477	-1.138
Bvulgatus_CL09T03C04	HMPREF1058_RS16955	HMPREF1058_RS16955		cold shock domain-containing protein	1.532	0.175	1.254	2.223	2.394	1.711	-1.342	1.151	3.764	1.954	2.062	1.021	1.843	0.449	0.700	0.477	0.468	0.623	3.199	0.571	1.691	1.888
Bvulgatus_CL09T03C04	HMPREF1058_RS16965	HMPREF1058_RS16965		response regulator	0.584	-0.057	-0.796	2.118	-1.826	0.709	0.153	0.871	-0.957	-1.286	-0.452	0.859	-1.542	-0.547	0.035	0.370	-0.308	0.944	0.657	-0.608	-0.329	-0.137
Bvulgatus_CL09T03C04	HMPREF1058_RS16970	HMPREF1058_RS16970		SIMPL domain-containing protein	-1.772	0.190	2.146	0.576	0.570	0.384	-0.625	-1.484	-1.230	-0.507	-1.537	-0.381	0.422	0.286	-1.265	-1.082	-1.037	-1.478	-1.417	0.368	0.231	-0.819
Bvulgatus_CL09T03C04	HMPREF1058_RS16975	HMPREF1058_RS16975		ATPase	-2.572	-3.131	-2.750	-1.294	-3.647	-3.661	-3.284	-3.195	1.187	1.061	-2.234	-3.548	-4.210	-3.703	-3.680	-1.288	-1.011	-0.329	1.165	0.787	-3.245	-2.673
Bvulgatus_CL09T03C04	HMPREF1058_RS16980	HMPREF1058_RS16980		response regulator transcription factor	-0.069	-0.354	-0.558	-0.478	-0.821	-1.649	-1.974	-0.916	1.490	-1.167	0.036	-1.374	-0.312	-0.840	-1.026	-0.672	0.194	0.941	-0.718	-0.924	-1.531	0.715
Bvulgatus_CL09T03C04	HMPREF1058_RS16985	HMPREF1058_RS16985		sensor histidine kinase	-0.211	0.608	-1.522	-0.228	1.026	-0.397	-1.158	-0.741	-1.606	-0.604	0.561	-0.658	0.508	0.392	0.355	0.077	2.357	0.532	-0.749	-0.201	-1.257	-0.600
Bvulgatus_CL09T03C04	HMPREF1058_RS16990	HMPREF1058_RS16990		porin family protein	0.818	0.527	-1.905	-2.206	-0.164	-1.140	0.218	-0.913	-0.915	-0.441	0.153	-0.129	1.636	0.195	0.194	-0.088	0.660	0.329	-1.388	-0.040	-1.275	0.552
Bvulgatus_CL09T03C04	HMPREF1058_RS16995	HMPREF1058_RS16995		DUF4136 domain-containing protein	-0.513	-0.979	-0.043	0.374	-0.974	0.205	-0.482	0.033	-0.917	-0.643	-0.396	0.427	-0.318	-0.917	-0.416	-2.336	-0.807	-1.614	-0.123	-1.674	0.440	-0.108
Bvulgatus_CL09T03C04	HMPREF1058_RS17000	HMPREF1058_RS17000		DUF4251 domain-containing protein	0.185	0.163	-0.981	-0.723	-2.332	-1.140	-0.603	0.227	0.584	2.089	-1.398	0.735	1.171	0.729	0.768	0.425	-0.245	0.985	-1.971	1.508	-1.593	0.099
Bvulgatus_CL09T03C04	HMPREF1058_RS17005	HMPREF1058_RS17005		DUF4251 domain-containing protein	-0.419	1.562	0.665	0.897	0.596	1.864	0.356	1.190	0.428	1.908	0.102	-1.709	1.184	1.374	2.019	0.287	-0.023	-0.061	1.417	0.684	-0.257	0.768
Bvulgatus_CL09T03C04	HMPREF1058_RS17010	HMPREF1058_RS17010		MFS transporter	0.293	-0.053	0.862	0.119	1.588	2.800	-0.259	-1.332	-0.226	-1.323	-0.064	-0.280	0.103	0.413	0.664	0.470	2.117	0.059	-0.927	-1.954	-0.099	-0.081
Bvulgatus_CL09T03C04	HMPREF1058_RS17015	HMPREF1058_RS17015		SpoIID/LytB domain-containing protein	0.420	0.551	0.880	-1.493	1.302	0.026	-1.656	-1.205	-1.377	-3.033	-0.029	-0.030	-1.523	0.052	-0.088	-1.032	1.810	1.173	-1.754	0.178	-0.693	-0.539
Bvulgatus_CL09T03C04	HMPREF1058_RS17020	HMPREF1058_RS17020		DUF4922 domain-containing protein	-2.626	-0.713	1.213	1.442	-1.256	-0.766	-0.631	-0.163	-0.018	-1.781	0.829	0.426	-0.208	-3.018	-1.221	-1.336	0.985	1.662	-0.444	-0.748	-1.207	-0.426
Bvulgatus_CL09T03C04	HMPREF1058_RS17025	HMPREF1058_RS17025		23S rRNA (adenine(2503)-C(2))-methyltransferase RlmN	-7.238	-5.565	-3.291	-3.170	-4.915	-4.076	-1.990	-3.318	-4.090	-5.254	-3.015	-3.126	-3.366	-4.613	-5.310	-4.546	-2.155	-1.781	-4.109	-5.489	-1.401	-2.900
Bvulgatus_CL09T03C04	HMPREF1058_RS17035	HMPREF1058_RS17035		4-hydroxythreonine-4-phosphate dehydrogenase PdxA	-10.044	-10.517	-8.854	-3.053	-9.751	-9.885	-11.057	-11.357	-8.640	-9.580	-10.996	-10.584	-10.905	-11.552	-10.270	-9.843	-2.549	-2.502	-9.309	-7.901	-8.995	-11.628
Bvulgatus_CL09T03C04	HMPREF1058_RS17040	HMPREF1058_RS17040		NTP transferase domain-containing protein	-0.245	-0.308	-1.644	-1.361	-1.534	-5.019	-3.746	-2.520	0.238	-1.648	-3.279	-3.374	-6.478	-2.642	-4.811	-2.298	-0.904	-0.533	-4.568	-5.415	-5.415	-4.565
Bvulgatus_CL09T03C04	HMPREF1058_RS17045	HMPREF1058_RS17045		hypothetical protein	0.552	1.689	0.422	-1.411	-0.661	-1.885	-0.642	-1.441	-0.017	0.156	-1.695	-2.033	-4.825	0.306	-1.411	0.517	-0.217	1.725	-3.284	-2.473	-4.280	-0.497
Bvulgatus_CL09T03C04	HMPREF1058_RS17050	HMPREF1058_RS17050		CDP-alcohol phosphatidyltransferase family protein	-5.067	-5.431	-4.416	-2.266	-7.686	-7.100	-6.538	-4.915	-4.721	-6.506	-5.683	-5.495	-6.579	-7.444	-3.040	-3.195	0.774	-0.791	-8.656	-9.312	-6.779	-5.819
Bvulgatus_CL09T03C04	HMPREF1058_RS17055	HMPREF1058_RS17055		flippase-like domain-containing protein	-0.359	0.191	1.935	0.072	-3.609	-1.536	-3.907	-5.413	-2.860	-3.842	-3.261	-4.335	-1.826	-0.693	-6.618	-4.203	-1.756	-1.586	-4.865	-4.236	-3.397	-5.396
Bvulgatus_CL09T03C04	HMPREF1058_RS17060	HMPREF1058_RS17060		HAD family hydrolase	-6.802	-4.604	-2.921	-3.127	-5.235	-5.522	-4.256	-6.320	-2.540	-5.060	-5.197	-5.343	-9.510	-5.509	-6.822	-2.480	-1.304	-2.121	-6.746	-7.269	-8.104	-6.134
Bvulgatus_CL09T03C04	HMPREF1058_RS17065	HMPREF1058_RS17065		sugar MFS transporter	0.860	0.622	1.805	1.732	0.761	1.936	-1.836	1.256	1.849	0.338	-0.361	0.972	0.364	0.610	0.291	0.510	-0.793	-0.246	2.184	2.079	0.000	0.830
Bvulgatus_CL09T03C04	HMPREF1058_RS17070	HMPREF1058_RS17070		ribokinase	1.496	1.621	0.986	-0.013	0.266	0.481	0.262	0.995	2.265	2.322	1.041	1.265	0.055	1.130	-2.158	-0.162	1.111	0.697	2.524	1.052	1.588	1.110
Bvulgatus_CL09T03C04	HMPREF1058_RS17075	HMPREF1058_RS17075		inositol-3-phosphate synthase	-3.031	0.713	0.864	0.671	-3.290	-5.461	-2.349	-3.333	-1.893	-3.151	-3.257	-2.738	-8.443	-0.688	-8.065	-1.247	-0.655	0.436	-6.776	-6.639	-9.645	-3.617
Bvulgatus_CL09T03C04	HMPREF1058_RS17080	HMPREF1058_RS17080		sigma-54-dependent Fis family transcriptional regulator	-3.538	-3.726	-1.876	-1.425	-3.990	-3.005	-3.539	-4.245	-3.632	-3.067	-3.742	-4.445	-2.772	-2.601	-3.601	-4.995	-3.252	-3.518	-2.768	-3.100	-3.305	-4.243
Bvulgatus_CL09T03C04	HMPREF1058_RS17090	HMPREF1058_RS17090		hypothetical protein	-0.870	-1.117	-0.645	-0.979	0.420	-2.836	0.454	0.070	3.424	2.932	-0.278	-1.168	0.818	-0.144	0.790	-0.076	0.998	0.321	0.863	2.546	-1.543	-0.671
Bvulgatus_CL09T03C04	HMPREF1058_RS17100	HMPREF1058_RS17100		exodeoxyribonuclease III	-0.066	-0.325	1.077	-0.209	-0.989	0.102	-0.241	-0.390	0.872	-0.720	-0.159	-1.212	-0.605	0.802	0.971	-0.849	-0.286	-0.876	0.047	-1.404	2.105	-0.152
Bvulgatus_CL09T03C04	HMPREF1058_RS17105	HMPREF1058_RS17105		hypothetical protein	-0.162	0.268	-0.465	-0.670	-0.520	1.871	0.165	1.437	0.338	-0.214	-0.068	0.405	0.375	-0.404	0.667	0.229	-0.793	-0.157	-1.063	-0.440	-0.966	-0.879
Bvulgatus_CL09T03C04	HMPREF1058_RS17110	HMPREF1058_RS17110		pirin family protein	0.127	0.773	0.977	0.953	-0.104	0.435	-0.699	0.485	1.642	0.445	1.566	0.291	-0.157	0.689	0.784	0.482	0.016	0.435	2.398	0.892	1.201	0.245
Bvulgatus_CL09T03C04	HMPREF1058_RS17130	HMPREF1058_RS17130		tetratricopeptide repeat protein	-1.997	-1.975	-0.818	-0.788	-1.879	-1.819	-2.480	-2.097	-1.891	-1.964	-2.066	-2.127	-1.879	-2.113	-2.333	-2.569	0.865	-2.419	-1.885	-2.008	-1.798	-2.075
Bvulgatus_CL09T03C04	HMPREF1058_RS17135	HMPREF1058_RS17135		DNA replication and repair protein RecF	-0.023	-0.479	0.377	-0.310	-0.970	-0.004	-1.269	-0.254	-0.504	0.904	0.321	0.319	-0.113	-0.808	0.633	-1.398	-2.762	-0.439	0.884	0.438	0.618	-1.573
Bvulgatus_CL09T03C04	HMPREF1058_RS17145	HMPREF1058_RS17145		5-formyltetrahydrofolate cyclo-ligase	-3.807	-3.513	1.175	1.128	0.843	0.851	-0.635	-1.365	-0.253	-2.208	-0.315	-0.835	-2.329	-2.085	1.047	1.254	0.311	1.214	-0.801	-0.159	-1.711	-0.718
Bvulgatus_CL09T03C04	HMPREF1058_RS17150	HMPREF1058_RS17150		S41 family peptidase	-5.807	-7.560	-5.078	-3.987	-5.494	-2.790	-1.604	-1.673	-0.237	-2.171	-1.486	-0.678	-7.974	-7.116	-4.016	1.199	1.769	2.731	-3.102	-1.524	-4.388	-2.823
Bvulgatus_CL09T03C04	HMPREF1058_RS17155	HMPREF1058_RS17155		dCMP deaminase family protein	-4.306	-3.840	-3.188	-2.757	-3.671	-2.862	-3.178	-4.832	-2.939	-3.018	-4.007	-4.974	-4.072	-4.706	-5.785	-4.979	-4.184	-4.619	-3.568	-3.828	-3.962	-3.141
Bvulgatus_CL09T03C04	HMPREF1058_RS17160	HMPREF1058_RS17160		DUF4847 family protein	-0.408	0.159	-1.208	-2.251	-2.036	-2.130	-1.185	-0.975	-3.077	-2.271	-1.706	-1.271	0.754	-1.724	-3.695	-5.438	-3.308	-2.537	-3.425	-2.669	-2.248	-1.609
Bvulgatus_CL09T03C04	HMPREF1058_RS17165	HMPREF1058_RS17165		M3 family metallopeptidase	-1.411	-0.428	0.551	-0.125	0.944	-0.787	-1.496	-1.743	-3.072	-3.270	-2.234	-2.155	0.924	0.902	-2.373	-1.686	-1.319	-1.545	-3.961	-2.218	-0.883	-1.423
Bvulgatus_CL09T03C04	HMPREF1058_RS17170	HMPREF1058_RS17170		Crp/Fnr family transcriptional regulator	-6.002	-6.099	-0.392	-0.566	-0.604	-3.532	-1.133	-0.896	-1.094	-1.425	-1.147	0.101	-0.650	-2.120	-3.847	-3.168	-0.280	-1.965	-0.617	-0.297	0.239	0.290
Bvulgatus_CL09T03C04	HMPREF1058_RS17175	HMPREF1058_RS17175		MarC family protein	-1.817	-4.644	-1.769	-1.675	-1.852	-2.091	-2.112	-2.529	-2.664	-0.864	-1.202	-2.709	-2.308	-2.581	-2.171	-2.397	-0.714	-1.286	-2.603	-2.062	-2.613	-3.677
Bvulgatus_CL09T03C04	HMPREF1058_RS17185	HMPREF1058_RS17185		manganese efflux pump	-1.368	-1.033	-2.613	-2.226	0.937	1.212	-2.168	-0.945	-0.264	-2.124	-1.011	-2.744	-2.496	-0.253	-0.229	-1.494	0.369	-0.011	-1.084	-1.298	-1.068	-0.925
Bvulgatus_CL09T03C04	HMPREF1058_RS17190	HMPREF1058_RS17190		hypothetical protein	-2.098	-0.447	-1.654	-3.057	-1.115	-2.381	0.031	-0.451	-0.344	0.354	-1.639	-0.923	-0.813	0.418	-3.144	-4.300	-0.144	0.549	-0.577	1.252	-2.725	1.807
Bvulgatus_CL09T03C04	HMPREF1058_RS17195	HMPREF1058_RS17195		hypothetical protein	-0.767	-0.186	-1.242	0.046	0.908	-0.305	-0.048	-0.822	-0.075	-0.384	-1.238	1.600	0.276	-0.737	-0.392	-0.723	-0.099	1.500	1.765	0.407	0.614	1.254
Bvulgatus_CL09T03C04	HMPREF1058_RS17205	HMPREF1058_RS17205		DUF4199 domain-containing protein	-2.946	-3.069	-1.245	-1.242	-2.335	-2.651	-1.358	-2.569	-2.351	-2.425	-2.529	-3.253	-2.535	-3.080	-3.323	-3.113	-2.614	-3.023	-2.357	-2.475	-2.555	-3.016
Bvulgatus_CL09T03C04	HMPREF1058_RS17215	HMPREF1058_RS17215		DEAD/DEAH box helicase	0.062	0.192	-5.092	-5.312	-2.095	-1.774	-2.752	-2.191	-2.692	-1.904	-2.670	-3.134	-1.161	-2.113	-3.699	-1.844	-1.740	-0.801	-2.340	-2.014	-2.443	-2.755
Bvulgatus_CL09T03C04	HMPREF1058_RS17220	HMPREF1058_RS17220		ATP-binding protein	-0.003	1.627	1.157	2.793	0.427	0.716	0.518	-0.010	1.660	-0.213	1.604	0.152	0.173	1.920	-0.182	-0.115	0.550	-0.115	1.497	1.128	1.334	0.750
Bvulgatus_CL09T03C04	HMPREF1058_RS17225	HMPREF1058_RS17225		phosphopyruvate hydratase	-3.201	-3.733	0.106	-2.147	2.400	0.508	0.792	0.335	0.796	1.052	0.268	0.377	-0.476	1.237	-0.882	0.264	-1.216	0.555	0.888	2.097	-1.289	0.012
Bvulgatus_CL09T03C04	HMPREF1058_RS17230	HMPREF1058_RS17230		glycoside hydrolase family 95 protein	1.327	1.577	0.789	1.262	-1.807	-0.757	0.814	0.398	0.785	0.496	-1.086	0.023	0.057	0.474	-1.249	-0.312	-0.733	-0.147	0.312	0.384	0.988	0.308
Bvulgatus_CL09T03C04	HMPREF1058_RS17235	HMPREF1058_RS17235		glycoside hydrolase family 88 protein	-0.180	-0.332	-1.342	-1.940	0.027	-0.612	0.268	-0.373	0.213	-0.329	0.286	0.801	0.424	-0.165	0.311	0.215	-0.940	0.376	-0.552	0.307	-0.585	-0.020
Bvulgatus_CL09T03C04	HMPREF1058_RS17240	HMPREF1058_RS17240		DUF4038 domain-containing protein	-0.333	0.060	-1.643	1.070	-0.797	0.228	0.353	2.239	0.421	1.055	1.284	1.703	2.316	0.252	-0.252	0.186	0.439	-0.010	0.127	-1.305	0.692	0.698
Bvulgatus_CL09T03C04	HMPREF1058_RS17245	HMPREF1058_RS17245		family 78 glycoside hydrolase catalytic domain	-0.654	0.320	0.269	-2.167	-0.309	0.147	-0.137	0.120	-0.003	-0.039	-0.152	1.038	-0.300	-0.265	0.804	0.929	0.488	0.204	0.449	-0.318	-0.201	-0.486
Bvulgatus_CL09T03C04	HMPREF1058_RS17250	HMPREF1058_RS17250		glycoside hydrolase family 127 protein	-0.613	2.364	2.447	1.473	0.140	0.122	0.154	1.984	0.304	-1.953	0.515	-0.605	1.032	-0.887	-0.369	-0.158	0.029	-0.095	-1.006	-0.862	0.851	0.144
Bvulgatus_CL09T03C04	HMPREF1058_RS17255	HMPREF1058_RS17255		right-handed parallel beta-helix repeat-containing protein	-0.420	-0.648	-0.152	0.774	0.519	1.295	-0.293	-0.701	0.602	0.384	-0.223	0.805	0.470	-0.327	0.461	0.471	-0.100	0.532	1.975	1.760	0.319	1.110
Bvulgatus_CL09T03C04	HMPREF1058_RS17260	HMPREF1058_RS17260		family 78 glycoside hydrolase catalytic domain	-1.102	-0.494	-0.958	1.092	0.417	-0.131	-1.204	0.212	0.100	-0.089	-0.109	-0.104	0.405	0.112	-0.254	-0.838	0.624	0.532	0.040	0.097	0.208	0.501
Bvulgatus_CL09T03C04	HMPREF1058_RS17265	HMPREF1058_RS17265		hypothetical protein	-0.530	-1.397	-0.455	-0.159	-0.696	1.900	-0.363	-1.101	-0.034	1.635	0.695	0.441	0.319	0.884	0.014	-1.590	-0.788	-0.951	1.443	0.118	-0.408	-0.738
Bvulgatus_CL09T03C04	HMPREF1058_RS17270	HMPREF1058_RS17270		mannose-1-phosphate guanylyltransferase	0.423	-0.203	2.040	1.772	2.755	1.926	-0.017	1.565	2.328	2.016	1.411	1.787	-0.955	2.385	1.715	0.441	0.558	0.946	1.612	1.746	1.345	0.463
Bvulgatus_CL09T03C04	HMPREF1058_RS17275	HMPREF1058_RS17275		GDP-L-fucose synthase	0.012	-0.533	0.468	0.223	1.291	0.463	1.704	1.629	1.843	1.453	-0.308	0.822	-0.123	2.926	1.565	0.043	1.525	-0.235	2.383	0.756	-0.068	-0.485
Bvulgatus_CL09T03C04	HMPREF1058_RS17280	HMPREF1058_RS17280		GDP-mannose 4,6-dehydratase	-0.799	-0.671	-0.091	1.156	0.228	1.135	-0.397	0.088	0.412	-0.860	0.337	0.090	0.877	-0.634	-1.418	1.015	-1.315	0.517	0.738	0.855	0.353	-0.692
Bvulgatus_CL09T03C04	HMPREF1058_RS17285	HMPREF1058_RS17285		glycosyltransferase	-1.622	-2.193	-1.194	-0.753	2.369	4.192	-0.867	-0.932	2.964	2.864	0.175	0.136	-1.237	0.357	-0.087	-0.363	0.773	1.752	4.165	3.758	1.181	-0.879
Bvulgatus_CL09T03C04	HMPREF1058_RS17290	HMPREF1058_RS17290		glycosyltransferase family 2 protein	-2.002	-0.061	0.402	-0.457	1.036	1.264	0.010	0.254	0.576	-0.198	0.362	-0.364	-0.178	0.830	-0.015	-1.774	-0.341	0.784	1.699	1.329	0.885	0.378
Bvulgatus_CL09T03C04	HMPREF1058_RS17295	HMPREF1058_RS17295		acyltransferase family protein	-0.670	-1.051	0.955	-0.058	1.819	1.695	-0.884	-0.421	-0.514	0.941	-0.522	-0.499	-1.777	1.067	0.871	-0.168	1.686	0.086	-0.034	0.620	-0.084	-0.062
Bvulgatus_CL09T03C04	HMPREF1058_RS17300	HMPREF1058_RS17300		putative colanic acid biosynthesis acetyltransferase	0.391	0.240	1.069	-0.247	3.049	0.935	-2.425	-0.841	1.341	-0.330	0.545	-0.133	-0.441	-0.564	0.626	1.054	-0.398	1.060	0.827	0.443	0.446	0.618
Bvulgatus_CL09T03C04	HMPREF1058_RS17305	HMPREF1058_RS17305		glycosyltransferase	-1.187	-1.862	0.064	-2.376	1.854	2.302	-1.428	0.074	-0.804	-1.164	-1.242	-0.937	-0.245	-0.081	-1.433	-0.981	0.107	-0.792	1.420	0.224	0.215	-0.178
Bvulgatus_CL09T03C04	HMPREF1058_RS17310	HMPREF1058_RS17310		acyltransferase family protein	0.166	-1.761	-0.375	-2.657	0.660	-0.622	-1.870	1.044	0.934	0.161	-1.026	0.760	0.713	-0.674	-0.111	-1.146	-2.474	-0.828	0.730	0.049	0.275	-0.729
Bvulgatus_CL09T03C04	HMPREF1058_RS17315	HMPREF1058_RS17315		acyltransferase family protein	-0.309	-0.523	-0.424	-1.235	-1.879	-1.781	0.263	-0.090	-1.034	0.102	-0.040	-0.151	-1.805	-0.023	-1.133	-0.304	-0.568	0.089	-1.346	-0.220	-1.106	0.046
Bvulgatus_CL09T03C04	HMPREF1058_RS17320	HMPREF1058_RS17320		hypothetical protein	-0.264	-1.806	-1.086	-0.807	0.200	-0.682	-0.770	-1.207	-1.110	-1.413	0.013	-1.699	0.381	0.598	-0.703	-1.782	0.448	-0.416	-1.894	-1.861	-0.549	-0.609
Bvulgatus_CL09T03C04	HMPREF1058_RS17325	HMPREF1058_RS17325		sugar kinase	0.070	-0.606	0.751	-3.159	-0.742	-0.721	0.135	-0.109	-0.550	0.530	-0.552	0.219	0.276	-0.489	-0.464	0.990	-0.014	-0.158	0.576	-0.278	-0.676	-1.139
Bvulgatus_CL09T03C04	HMPREF1058_RS17330	HMPREF1058_RS17330		acylneuraminate cytidylyltransferase family protein	-1.571	-1.100	-2.240	-0.997	-1.445	-0.608	-0.857	0.125	-0.936	-1.241	-0.220	-0.528	1.294	0.081	-0.383	-1.138	1.415	-0.049	-0.867	0.110	-2.322	-0.009
Bvulgatus_CL09T03C04	HMPREF1058_RS17335	HMPREF1058_RS17335		hydroxymethylglutaryl-CoA lyase	-0.538	-1.125	0.562	-0.991	-1.138	-0.302	-1.270	-0.266	-1.350	-2.110	0.036	-0.428	0.212	0.322	-0.649	-1.088	-0.024	-0.168	-1.561	-0.766	-0.132	-0.285
Bvulgatus_CL09T03C04	HMPREF1058_RS17340	HMPREF1058_RS17340		glycosyltransferase	-0.907	0.470	0.359	0.443	1.098	0.132	-1.277	-0.098	1.475	-2.008	-0.320	-0.273	-1.858	0.704	-1.162	-1.055	-0.950	0.166	-0.878	1.150	-1.352	0.175
Bvulgatus_CL09T03C04	HMPREF1058_RS17345	HMPREF1058_RS17345		CatB-related O-acetyltransferase	-0.014	-0.526	-2.098	-0.267	0.652	-0.941	-1.154	1.369	-0.132	0.696	1.221	0.650	-0.542	0.901	-0.820	-1.258	2.298	0.307	1.139	-0.569	0.067	0.668
Bvulgatus_CL09T03C04	HMPREF1058_RS17350	HMPREF1058_RS17350		hypothetical protein	-1.338	-0.047	-2.348	-3.056	-0.556	-1.907	-0.267	0.405	-0.993	-1.079	0.222	-0.662	-1.435	1.080	-1.100	-1.221	-0.794	-0.806	-1.722	-1.292	-1.942	-0.631
Bvulgatus_CL09T03C04	HMPREF1058_RS17355	HMPREF1058_RS17355		glycosyltransferase family 4 protein	-0.596	-0.607	-2.343	-0.940	-1.843	-1.298	0.103	-1.278	-0.445	-1.916	-1.995	-0.248	-2.042	-0.526	-1.532	-0.135	0.359	-1.232	-2.149	-1.171	-0.697	-0.491
Bvulgatus_CL09T03C04	HMPREF1058_RS17360	HMPREF1058_RS17360		hypothetical protein	0.183	-1.580	-0.131	0.318	0.815	0.587	-0.205	-0.102	0.042	1.426	0.659	-0.415	0.101	0.907	-0.073	-0.965	0.474	0.050	0.620	-0.308	0.536	-0.630
Bvulgatus_CL09T03C04	HMPREF1058_RS17365	HMPREF1058_RS17365		nucleotidyltransferase domain-containing protein	0.483	0.118	0.109	0.280	-3.394	0.420	-1.009	-1.083	-1.831	0.147	0.232	-0.459	-0.099	-0.098	-0.597	-1.842	0.254	-0.486	0.321	1.687	0.059	0.175
Bvulgatus_CL09T03C04	HMPREF1058_RS17370	HMPREF1058_RS17370		UpxY family transcription antiterminator	1.253	0.024	-1.503	-1.352	0.133	-0.372	-0.792	-0.736	-0.610	0.109	-0.303	1.028	-0.878	0.382	-2.256	-0.696	0.068	-0.096	-0.416	-1.463	-0.705	0.316
Bvulgatus_CL09T03C04	HMPREF1058_RS17380	HMPREF1058_RS17380		DUF3987 domain-containing protein	1.853	-0.111	0.545	0.631	0.846	0.005	2.062	0.153	1.035	0.655	0.012	1.972	-0.360	-0.461	-0.352	0.312	0.407	-0.071	0.541	0.836	0.076	0.202
Bvulgatus_CL09T03C04	HMPREF1058_RS17385	HMPREF1058_RS17385		DUF4248 domain-containing protein	0.826	-1.831	-0.948	-1.489	-0.272	-1.750	-0.092	-0.752	-1.519	-0.140	-0.981	1.952	-0.250	1.502	0.420	-0.568	-0.028	0.285	-1.855	-0.089	-1.308	-0.284
Bvulgatus_CL09T03C04	HMPREF1058_RS17390	HMPREF1058_RS17390		HU family DNA-binding protein	-1.497	-0.686	-0.550	-2.347	-1.438	1.198	-1.039	-0.336	0.725	-0.366	-0.318	-0.133	-0.782	-1.074	-1.458	-1.275	-0.650	-2.510	0.322	-1.980	-0.928	-3.009
Bvulgatus_CL09T03C04	HMPREF1058_RS17395	HMPREF1058_RS17395		N-acetylmuramoyl-L-alanine amidase	0.460	1.056	1.057	-0.171	1.373	-0.527	0.773	0.316	-0.748	-0.459	0.465	-0.539	0.557	1.056	1.777	-0.604	0.994	0.903	1.383	-0.730	-0.355	-1.819
Bvulgatus_CL09T03C04	HMPREF1058_RS17400	HMPREF1058_RS17400		tyrosine-protein kinase	0.613	0.663	0.420	0.629	0.317	1.473	-0.542	-1.074	1.484	1.066	-0.359	-0.462	-1.941	0.452	-0.584	-0.873	1.190	-1.366	1.514	0.639	-0.152	-0.430
Bvulgatus_CL09T03C04	HMPREF1058_RS17405	HMPREF1058_RS17405		polysaccharide export protein	-1.152	-0.488	-2.274	-0.155	-0.126	0.549	-0.342	0.849	0.811	1.535	0.490	-2.273	-2.225	0.622	0.554	1.169	0.756	-0.538	0.872	-0.328	-1.621	-1.371
Bvulgatus_CL09T03C04	HMPREF1058_RS17410	HMPREF1058_RS17410		undecaprenyl-phosphate glucose phosphotransferase	-0.604	0.042	-3.050	-3.315	-0.688	-0.397	-0.399	0.171	-2.060	-0.238	-0.189	-0.188	-1.071	0.072	1.527	-0.141	-0.671	0.227	1.278	-0.513	-0.039	-0.292
Bvulgatus_CL09T03C04	HMPREF1058_RS17415	HMPREF1058_RS17415		site-specific integrase	2.108	-0.219	0.265	-0.168	0.337	0.574	-0.042	1.043	1.141	0.416	0.884	0.266	0.891	0.455	0.535	0.787	0.211	0.313	0.807	0.402	0.244	-0.339
Bvulgatus_CL09T03C04	HMPREF1058_RS17420	HMPREF1058_RS17420		FimB/Mfa2 family fimbrial subunit	-0.212	2.163	0.061	-0.217	0.256	0.678	0.594	0.997	-0.231	0.046	0.229	1.324	1.825	-0.790	-0.246	0.593	-1.036	-0.405	-0.557	-0.100	0.659	-0.229
Bvulgatus_CL09T03C04	HMPREF1058_RS17425	HMPREF1058_RS17425		Mfa1 family fimbria major subunit	0.465	-0.558	2.232	0.927	0.397	0.181	-1.882	0.725	-1.111	1.020	-1.154	0.655	1.663	-0.198	0.160	0.898	0.602	0.095	0.036	-0.128	-0.331	0.259
Bvulgatus_CL09T03C04	HMPREF1058_RS17430	HMPREF1058_RS17430		DUF3868 domain-containing protein	0.155	0.651	0.848	0.807	-0.779	0.074	0.026	0.912	-0.694	-1.106	-1.643	0.315	-1.089	-0.945	-0.597	-0.589	-0.293	0.412	-0.997	-0.127	-0.366	-1.058
Bvulgatus_CL09T03C04	HMPREF1058_RS17435	HMPREF1058_RS17435		DUF3575 domain-containing protein	-1.525	1.358	-0.965	0.342	-0.318	0.514	-0.945	-0.009	0.198	0.307	-0.112	0.183	0.494	0.667	-0.088	0.142	0.896	0.084	-1.473	-0.945	-0.811	0.287
Bvulgatus_CL09T03C04	HMPREF1058_RS17440	HMPREF1058_RS17440		DUF3868 domain-containing protein	-1.492	-0.610	-3.371	-0.607	-1.547	-0.877	-1.445	-0.201	-0.681	-0.219	-0.256	-0.571	-0.777	-3.322	-0.769	-1.513	-0.845	-0.980	-0.576	-0.869	-1.557	-0.967
Bvulgatus_CL09T03C04	HMPREF1058_RS17445	HMPREF1058_RS17445		DUF3575 domain-containing protein	-1.238	-0.260	-2.658	-3.514	-0.985	-0.656	-2.172	-2.464	-1.197	-2.221	-0.278	-0.581	-0.096	-2.308	-1.442	-0.867	-1.245	-0.211	0.012	0.040	-0.974	-1.168
Bvulgatus_CL09T03C04	HMPREF1058_RS17450	HMPREF1058_RS17450		site-specific integrase	-0.010	1.649	-2.440	-1.334	-0.063	0.125	0.883	0.542	-0.878	-0.202	-0.699	-0.648	-0.498	-0.558	0.466	-0.770	0.104	-0.607	-0.852	-1.192	0.322	0.761
Bvulgatus_CL09T03C04	HMPREF1058_RS17455	HMPREF1058_RS17455		hypothetical protein	-0.087	0.883	-1.515	-2.041	1.235	2.335	0.651	1.194	1.837	-0.497	0.561	0.800	1.260	1.365	0.385	-0.243	-0.221	-0.014	-0.174	-0.119	0.989	-0.332
Bvulgatus_CL09T03C04	HMPREF1058_RS17460	HMPREF1058_RS17460		nucleotidyl transferase AbiEii/AbiGii toxin family protein	0.144	1.016	-0.301	-1.208	-1.169	-0.496	-0.641	-0.307	-0.549	0.208	-0.129	-0.121	0.993	0.204	0.161	0.155	1.473	-0.050	-0.964	0.130	1.319	0.818
Bvulgatus_CL09T03C04	HMPREF1058_RS17465	HMPREF1058_RS17465		beta-galactosidase	0.900	-0.399	1.261	1.087	0.490	1.045	-0.145	0.625	0.153	-0.549	0.831	0.685	0.340	0.788	0.144	-0.467	0.132	-1.036	-0.633	0.570	0.455	0.071
Bvulgatus_CL09T03C04	HMPREF1058_RS17470	HMPREF1058_RS17470		transporter	0.232	0.022	0.171	-0.109	-0.286	0.557	0.861	1.153	-1.202	-1.194	0.853	1.493	2.462	3.495	1.448	1.292	0.069	0.942	0.756	-0.170	0.556	-0.515
Bvulgatus_CL09T03C04	HMPREF1058_RS17475	HMPREF1058_RS17475		TonB-dependent receptor	-0.961	0.033	0.591	0.283	-0.232	-0.552	0.044	0.241	-0.617	-1.491	0.490	-0.670	-0.154	1.763	-0.990	-1.277	0.536	-0.885	-0.244	0.239	-0.314	-0.108
Bvulgatus_CL09T03C04	HMPREF1058_RS17480	HMPREF1058_RS17480		RagB/SusD family nutrient uptake outer membrane protein	-0.630	-0.026	0.727	-0.801	0.825	-0.064	1.096	1.480	-0.166	0.332	0.532	0.259	1.116	0.049	0.859	0.173	-2.446	-0.006	1.551	0.135	-0.405	0.341
Bvulgatus_CL09T03C04	HMPREF1058_RS17485	HMPREF1058_RS17485		TonB-dependent receptor	-1.463	1.001	2.070	0.882	-1.028	-0.534	-0.434	1.243	1.088	-0.204	-0.012	0.177	1.604	1.624	-0.145	-0.524	0.167	0.033	0.372	-0.604	0.340	0.617
Bvulgatus_CL09T03C04	HMPREF1058_RS17490	HMPREF1058_RS17490		RagB/SusD family nutrient uptake outer membrane protein	-1.321	0.177	-0.454	0.042	-1.171	0.916	0.140	0.597	0.565	0.073	1.103	0.403	-0.502	-0.552	-0.562	-0.925	-0.495	-0.681	0.792	0.392	0.563	0.872
Bvulgatus_CL09T03C04	HMPREF1058_RS17495	HMPREF1058_RS17495		DUF4981 domain-containing protein	0.990	1.000	0.339	0.293	-1.399	-1.640	0.102	0.474	0.319	-0.026	0.136	0.072	0.220	-1.870	0.262	-0.058	-0.687	-0.162	-0.371	-0.267	-0.413	0.313
Bvulgatus_CL09T03C04	HMPREF1058_RS17500	HMPREF1058_RS17500		beta-glycosidase	-0.010	-0.262	0.453	0.554	-0.521	-0.808	0.185	0.837	-0.115	-0.583	-0.048	1.140	-0.091	0.011	-1.234	-0.586	0.968	0.629	0.198	-0.215	-0.671	0.026
Bvulgatus_CL09T03C04	HMPREF1058_RS17505	HMPREF1058_RS17505		discoidin domain-containing protein	1.095	-0.065	0.123	-0.228	-0.615	1.523	-0.013	0.298	-0.021	0.355	0.115	0.904	-0.065	0.232	1.067	-0.592	-0.223	0.365	0.307	0.129	0.239	0.531
Bvulgatus_CL09T03C04	HMPREF1058_RS17510	HMPREF1058_RS17510		sialate O-acetylesterase	0.426	-0.333	0.768	-0.673	-2.425	-0.773	0.349	0.922	0.220	0.469	-0.284	0.176	-0.985	-0.506	0.818	0.954	1.174	-0.179	0.010	-0.033	-0.196	1.182
Bvulgatus_CL09T03C04	HMPREF1058_RS17515	HMPREF1058_RS17515		hypothetical protein	0.321	1.095	-0.643	2.424	-0.123	0.762	0.261	0.601	0.887	1.076	0.958	0.441	0.246	-0.845	0.164	0.010	-0.334	-0.223	1.222	0.292	0.597	1.402
Bvulgatus_CL09T03C04	HMPREF1058_RS17520	HMPREF1058_RS17520		choloylglycine hydrolase family protein	0.001	0.368	-0.452	0.477	1.388	1.429	0.688	1.312	-0.439	-0.711	1.002	1.372	1.119	-0.370	0.587	0.275	-0.359	0.110	0.910	-0.234	0.324	0.000
Bvulgatus_CL09T03C04	HMPREF1058_RS17535	HMPREF1058_RS17535		IS21-like element helper ATPase IstB	0.770	0.226	-0.161	-0.675	-1.258	-0.142	1.229	-1.111	1.812	-1.590	0.177	0.411	-0.739	-0.880	-1.558	-0.812	-1.145	-0.738	-0.097	0.553	1.962	0.473
Bvulgatus_CL09T03C04	HMPREF1058_RS17540	HMPREF1058_RS17540		6-bladed beta-propeller	1.386	1.137	-1.268	-1.653	-0.044	1.300	0.545	0.570	0.136	1.052	-0.127	-0.850	0.725	0.778	0.047	-0.757	0.632	0.212	2.133	0.631	-1.246	1.344
Bvulgatus_CL09T03C04	HMPREF1058_RS17545	HMPREF1058_RS17545		hypothetical protein	0.758	1.101	-0.962	-0.772	-0.801	0.376	0.127	0.349	-0.761	-0.788	1.136	0.082	0.332	0.935	-0.652	-0.215	-0.355	-0.840	-0.115	-0.609	0.995	0.868
Bvulgatus_CL09T03C04	HMPREF1058_RS17550	HMPREF1058_RS17550		caspase family protein	0.301	1.506	-0.859	-0.530	-1.047	-0.950	0.777	0.891	0.697	0.056	0.089	-0.006	0.685	0.463	0.060	-0.771	0.049	0.515	-1.078	-1.835	0.445	-0.974
Bvulgatus_CL09T03C04	HMPREF1058_RS17555	HMPREF1058_RS17555		hypothetical protein	-1.125	-1.093	-1.400	-0.751	-0.455	-2.638	0.791	0.042	-0.576	-0.425	-0.100	0.892	-0.001	-0.774	0.605	-0.499	0.356	0.242	-1.782	-0.763	-0.205	0.455
Bvulgatus_CL09T03C04	HMPREF1058_RS17560	HMPREF1058_RS17560		phage integrase SAM-like domain-containing protein	-1.547	-1.610	0.651	0.742	0.420	2.322	-2.400	0.494	2.025	0.969	-0.393	-0.933	-1.563	-0.385	-0.906	-0.690	-0.636	-0.690	0.726	-0.810	0.128	-0.991
Bvulgatus_CL09T03C04	HMPREF1058_RS17565	HMPREF1058_RS17565		tyrosine-type recombinase/integrase	0.273	0.213	-1.226	0.923	0.036	0.538	1.134	1.196	1.191	1.900	0.851	1.150	-0.036	-0.755	0.432	0.735	0.339	-0.322	1.667	0.752	0.061	1.215
Bvulgatus_CL09T03C04	HMPREF1058_RS17570	HMPREF1058_RS17570		RteC domain-containing protein	-0.359	1.380	0.998	1.246	-0.461	1.824	0.628	1.559	1.386	-0.385	0.443	1.178	-0.375	1.823	-0.348	0.191	-0.549	0.754	-0.126	0.598	0.317	0.004
Bvulgatus_CL09T03C04	HMPREF1058_RS17575	HMPREF1058_RS17575		SagB/ThcOx family dehydrogenase	0.892	1.192	1.491	0.226	-0.009	0.399	1.383	0.591	0.368	-1.276	-0.137	1.215	1.085	0.161	1.058	0.874	1.063	0.078	0.596	-0.612	1.866	1.461
Bvulgatus_CL09T03C04	HMPREF1058_RS17580	HMPREF1058_RS17580		dihydrofolate reductase	0.984	-0.896	-0.052	-0.753	0.029	-2.048	1.808	0.564	0.879	0.421	0.511	-0.058	1.312	-0.568	-0.403	-1.285	1.137	0.358	-0.130	0.382	0.240	0.592
Bvulgatus_CL09T03C04	HMPREF1058_RS17585	HMPREF1058_RS17585		helix-turn-helix transcriptional regulator	-0.220	1.356	-1.005	-0.899	2.075	0.662	-0.675	1.457	0.330	0.409	1.022	1.644	0.226	-0.383	0.607	0.660	0.516	1.460	-2.388	0.935	0.757	0.664
Bvulgatus_CL09T03C04	HMPREF1058_RS17590	HMPREF1058_RS17590		magnesium/cobalt transporter CorA	-0.853	-1.004	0.072	1.133	1.181	-0.585	0.365	0.486	1.851	0.292	-0.049	-0.671	0.651	0.619	0.775	-0.617	0.764	-0.659	0.251	0.001	0.993	-0.353
Bvulgatus_CL09T03C04	HMPREF1058_RS17595	HMPREF1058_RS17595		Lrp/AsnC family transcriptional regulator	-0.088	1.923	-0.593	0.017	0.358	-0.135	1.167	1.087	1.048	0.157	-0.442	0.437	-0.692	2.450	1.436	0.588	-0.015	1.236	1.214	1.368	-1.650	-0.192
Bvulgatus_CL09T03C04	HMPREF1058_RS17600	HMPREF1058_RS17600		hypothetical protein	0.754	-0.515	0.387	-1.221	0.331	0.149	-0.680	-0.363	-1.268	0.284	1.461	0.114	-0.561	0.203	-0.836	0.278	0.442	0.553	-1.247	-2.007	-1.045	-0.746
Bvulgatus_CL09T03C04	HMPREF1058_RS17605	HMPREF1058_RS17605		DedA family protein	-2.847	-2.647	-1.268	-0.974	-2.211	-1.451	-1.352	-1.752	-2.665	-2.182	-1.624	-1.086	-1.245	-2.090	-1.133	-0.216	-0.472	-0.980	-2.191	-2.160	-1.051	-2.428
Bvulgatus_CL09T03C04	HMPREF1058_RS17610	HMPREF1058_RS17610		DUF47 domain-containing protein	-1.442	-0.101	-0.347	-0.678	-0.600	-2.359	-0.425	1.339	-0.848	0.593	0.025	0.173	3.361	-1.515	1.538	0.727	1.310	1.185	1.430	1.611	-0.602	0.138
Bvulgatus_CL09T03C04	HMPREF1058_RS17615	HMPREF1058_RS17615		inorganic phosphate transporter	2.447	0.959	-3.248	-2.706	0.212	0.339	0.664	-0.065	1.521	0.410	0.668	0.916	-0.135	1.310	0.914	-0.065	-0.811	-0.332	0.884	-0.031	-0.251	1.023
Bvulgatus_CL09T03C04	HMPREF1058_RS17625	HMPREF1058_RS17625		TonB-dependent receptor	-5.715	-3.300	0.786	0.561	-2.089	-4.110	-1.773	-1.663	-0.352	-0.806	-0.408	-0.728	3.017	0.549	-0.474	-3.139	0.147	-1.018	-1.350	0.467	-4.249	-1.370
Bvulgatus_CL09T03C04	HMPREF1058_RS17630	HMPREF1058_RS17630		DUF4625 domain-containing protein	-3.684	-1.923	-2.030	-0.675	-0.772	-0.412	-1.725	-2.312	-0.730	-0.129	-1.110	-0.359	0.611	0.831	-1.909	-1.301	0.077	-0.301	-0.345	-1.910	-3.471	-0.568
Bvulgatus_CL09T03C04	HMPREF1058_RS17635	HMPREF1058_RS17635		O-acetylhomoserine aminocarboxypropyltransferase/cysteine synthase	-0.883	-1.520	-1.238	-1.697	-0.744	0.453	-2.499	-0.627	-1.601	-2.263	-0.195	-1.351	0.355	-0.823	-0.780	0.894	0.365	0.043	-0.780	-3.809	-1.625	-2.023
Bvulgatus_CL09T03C04	HMPREF1058_RS17640	HMPREF1058_RS17640		L-lactate permease	-1.585	-0.199	-1.138	-0.930	-0.218	0.461	0.272	0.287	1.110	0.597	0.879	-0.225	-1.121	-0.462	2.694	0.960	-1.195	0.669	1.362	0.834	-0.157	1.064
Bvulgatus_CL09T03C04	HMPREF1058_RS17645	HMPREF1058_RS17645		DUF5113 domain-containing protein	0.348	1.143	1.394	0.392	1.196	-0.248	-0.402	-0.582	3.252	3.757	-1.779	-2.615	-3.368	-4.462	3.946	3.064	2.677	2.051	3.554	3.633	-3.990	-2.328
Bvulgatus_CL09T03C04	HMPREF1058_RS17650	HMPREF1058_RS17650		response regulator transcription factor	1.494	1.305	1.889	2.515	2.317	1.209	-0.195	1.032	5.238	6.041	-2.151	-1.407	-1.923	-3.974	8.089	2.844	3.241	2.562	1.912	2.631	-1.062	-1.976
Bvulgatus_CL09T03C04	HMPREF1058_RS17655	HMPREF1058_RS17655		AbgT family transporter	1.203	0.721	-0.047	1.491	0.595	0.397	-0.631	0.229	-1.020	-2.210	0.517	-0.462	0.205	-1.412	0.951	1.081	-0.718	0.588	-0.311	-0.083	1.122	0.329
Bvulgatus_CL09T03C04	HMPREF1058_RS17665	HMPREF1058_RS17665		hypothetical protein	0.954	-1.372	-0.006	-0.805	-0.041	-0.706	-0.445	0.591	0.301	-0.055	0.192	-0.542	1.639	-2.247	-0.208	0.526	-1.211	-0.677	0.427	0.664	-2.179	-1.431
Bvulgatus_CL09T03C04	HMPREF1058_RS17670	HMPREF1058_RS17670		hypothetical protein	0.230	0.313	1.300	1.058	-2.204	0.169	-0.172	-0.151	-1.895	0.009	1.073	-0.939	0.036	-1.889	-0.753	0.031	-0.604	0.298	-0.084	-0.798	0.615	-0.422
Bvulgatus_CL09T03C04	HMPREF1058_RS17675	HMPREF1058_RS17675		mechanosensitive ion channel	-0.663	-0.787	0.536	-0.069	-0.112	-0.203	-1.113	-1.260	-0.112	-0.717	-1.560	-0.008	-1.062	-0.178	-0.784	-0.103	-2.570	-1.039	-1.001	-0.255	-0.471	-0.545
Bvulgatus_CL09T03C04	HMPREF1058_RS17680	HMPREF1058_RS17680		AMP-binding protein	-1.330	1.070	-0.868	-0.048	-0.337	-0.345	-1.152	0.008	-0.975	0.195	-0.425	0.526	0.136	-0.693	-0.377	-2.143	0.346	3.066	-0.864	1.583	-0.295	0.570
Bvulgatus_CL09T03C04	HMPREF1058_RS17685	HMPREF1058_RS17685		helix-turn-helix transcriptional regulator	-0.797	-0.197	2.596	0.147	1.064	1.220	1.076	0.049	-1.182	-1.401	-0.306	0.142	-1.598	-0.441	0.194	0.347	-0.622	1.480	-0.665	0.086	1.025	0.165
Bvulgatus_CL09T03C04	HMPREF1058_RS17695	HMPREF1058_RS17695		YihY/virulence factor BrkB family protein	2.500	2.962	-1.220	-0.373	0.706	-0.822	1.975	1.740	1.669	1.288	0.316	0.306	-1.118	1.102	-0.313	0.074	-0.216	-0.353	2.361	1.816	-1.106	0.927
Bvulgatus_CL09T03C04	HMPREF1058_RS17700	HMPREF1058_RS17700		chaperone modulator CbpM	-0.435	-1.098	-0.899	-0.613	-1.225	-0.377	-0.829	1.266	-0.207	-1.519	0.624	-0.636	-1.428	-0.027	1.368	0.435	-0.345	0.465	0.453	1.251	-1.350	0.665
Bvulgatus_CL09T03C04	HMPREF1058_RS17705	HMPREF1058_RS17705		J domain-containing protein	-1.060	-0.919	0.307	0.638	-1.110	-1.108	-0.020	0.898	-0.266	-1.007	-0.230	0.102	-0.105	0.470	-0.423	-1.237	-1.096	-0.145	-1.095	-0.475	-1.162	-0.114
Bvulgatus_CL09T03C04	HMPREF1058_RS17710	HMPREF1058_RS17710		HAMP domain-containing histidine kinase	-0.603	0.220	1.712	1.333	0.409	0.099	0.656	-0.206	0.369	0.422	0.304	0.245	-0.958	-1.250	1.539	0.280	0.259	1.022	0.831	-1.341	0.765	-1.011
Bvulgatus_CL09T03C04	HMPREF1058_RS17715	HMPREF1058_RS17715		bifunctional metallophosphatase/5'-nucleotidase	-0.058	0.158	-0.800	-1.438	-0.815	-0.081	-0.419	-0.245	0.309	0.239	0.374	-0.409	-1.289	-1.829	-0.437	-0.912	-0.241	0.722	0.561	1.125	0.473	0.200
Bvulgatus_CL09T03C04	HMPREF1058_RS17720	HMPREF1058_RS17720		TonB-dependent receptor	2.477	1.991	0.802	1.585	0.896	1.593	1.090	2.510	0.634	-1.133	0.587	0.587	1.509	0.416	1.039	1.109	0.669	0.198	-0.743	-0.033	1.468	1.420
Bvulgatus_CL09T03C04	HMPREF1058_RS17725	HMPREF1058_RS17725		hypothetical protein	1.347	-0.198	2.030	1.956	0.826	-1.185	-2.500	-1.804	-0.041	-1.664	-1.595	-1.397	-0.353	-1.792	0.284	-1.840	-0.163	-0.373	0.079	-1.287	-0.590	-0.645
Bvulgatus_CL09T03C04	HMPREF1058_RS17730	HMPREF1058_RS17730		hypothetical protein	0.196	0.199	-0.086	1.161	0.928	2.029	1.560	2.323	1.307	0.608	2.011	0.786	1.351	0.413	0.193	1.304	0.302	0.687	-0.095	1.999	1.400	1.791
Bvulgatus_CL09T03C04	HMPREF1058_RS17735	HMPREF1058_RS17735		family 78 glycoside hydrolase catalytic domain	0.462	0.861	0.683	0.149	-2.013	-0.806	1.110	0.658	1.399	1.163	1.062	1.249	-0.650	-0.505	0.478	-0.343	-0.159	-0.839	0.087	1.927	-0.227	0.141
Bvulgatus_CL09T03C04	HMPREF1058_RS17740	HMPREF1058_RS17740		glycoside hydrolase family 28 protein	1.924	1.623	2.095	1.225	-0.985	1.416	1.894	1.224	-0.983	0.122	0.995	1.750	1.173	1.470	0.924	1.302	1.597	-0.707	1.618	0.317	1.228	0.921
Bvulgatus_CL09T03C04	HMPREF1058_RS17745	HMPREF1058_RS17745		hypothetical protein	2.761	1.932	-1.228	1.541	-0.283	1.523	0.736	0.419	-1.117	-1.143	0.888	0.319	3.376	1.188	0.499	1.989	0.032	-0.114	0.334	1.206	0.876	1.544
Bvulgatus_CL09T03C04	HMPREF1058_RS17750	HMPREF1058_RS17750		response regulator	0.929	0.394	-0.669	-1.007	-1.515	0.631	0.070	-0.050	-0.190	-0.285	1.113	1.215	0.013	-1.590	0.039	-0.432	-0.522	0.128	-0.594	-0.033	0.640	0.157
Bvulgatus_CL09T03C04	HMPREF1058_RS17755	HMPREF1058_RS17755		helix-turn-helix domain-containing protein	-0.467	0.092	1.593	1.066	0.009	-1.160	1.171	-0.836	0.306	-0.637	1.310	0.407	-0.034	-2.656	-1.312	0.396	0.456	-1.133	1.219	0.181	-1.405	0.860
Bvulgatus_CL09T03C04	HMPREF1058_RS17760	HMPREF1058_RS17760		YkgB family protein	-0.679	2.497	-1.114	-0.659	-2.925	0.622	1.306	0.620	0.310	0.046	-0.842	-0.065	-1.711	0.570	0.004	-0.231	-1.414	-1.104	-0.381	-0.445	0.008	-0.165
Bvulgatus_CL09T03C04	HMPREF1058_RS17765	HMPREF1058_RS17765		Do family serine endopeptidase	-0.377	2.111	-0.736	-0.540	-0.564	0.729	1.079	-2.416	0.402	-0.585	-1.231	-1.446	-2.095	-1.131	-2.353	0.505	-0.621	-1.192	-1.105	-0.824	-0.533	-0.531
Bvulgatus_CL09T03C04	HMPREF1058_RS17775	HMPREF1058_RS17775		hypothetical protein	-3.302	-4.899	-3.564	-3.059	-3.411	-3.338	-1.598	-1.099	-0.824	-1.183	-2.894	-3.980	-4.435	-5.474	-2.347	-5.576	-1.060	-1.505	-1.646	-0.437	-3.134	-3.692
Bvulgatus_CL09T03C04	HMPREF1058_RS17780	HMPREF1058_RS17780		clostripain	-3.951	-0.703	-2.641	-3.749	-2.331	-6.848	-0.605	-0.585	0.992	1.100	-1.530	-2.350	-2.831	-2.445	1.918	-2.690	-0.897	-0.043	2.800	1.987	-3.856	-0.778
Bvulgatus_CL09T03C04	HMPREF1058_RS17785	HMPREF1058_RS17785		hypothetical protein	0.548	0.817	-1.627	-0.185	-0.321	-2.047	-0.350	-0.285	-1.465	-0.817	-0.160	-1.197	-0.850	-0.180	-2.244	0.074	-1.084	-0.273	-2.771	0.087	-1.525	0.764
Bvulgatus_CL09T03C04	HMPREF1058_RS17790	HMPREF1058_RS17790		Nramp family divalent metal transporter	-0.877	0.511	0.166	-1.188	-1.397	-0.942	-0.376	0.518	-1.130	-2.189	-0.964	0.660	0.245	-0.632	-0.123	-0.583	-0.274	-0.667	-0.101	0.003	0.142	0.413
Bvulgatus_CL09T03C04	HMPREF1058_RS17795	HMPREF1058_RS17795		potassium/proton antiporter	0.304	0.562	0.285	0.470	1.058	0.881	0.502	-0.613	0.057	0.229	-0.243	-0.395	-0.473	0.017	-1.438	-0.296	0.362	-0.048	-0.039	-0.867	0.017	0.607
Bvulgatus_CL09T03C04	HMPREF1058_RS17800	HMPREF1058_RS17800		MATE family efflux transporter	-1.841	-0.732	-1.640	0.547	-1.796	-2.122	-0.446	1.225	-0.494	0.103	0.739	-0.958	0.231	-0.587	-0.918	0.925	0.986	0.271	0.028	-0.430	-0.815	-0.040
Bvulgatus_CL09T03C04	HMPREF1058_RS17805	HMPREF1058_RS17805		HAD family hydrolase	-4.884	-2.382	-3.164	-2.302	-0.567	-2.041	-0.847	-0.710	-0.551	-0.487	-0.750	-1.299	-2.940	-5.936	-2.622	-3.007	0.020	-1.682	-0.297	-3.692	-1.430	-1.473
Bvulgatus_CL09T03C04	HMPREF1058_RS17815	HMPREF1058_RS17815		MFS transporter	-0.682	-3.574	-6.450	-4.897	-6.301	-6.487	-8.935	-7.113	-5.580	-6.145	-8.086	-8.722	-5.340	-7.168	-8.686	-7.349	-3.855	-8.390	-4.694	-6.967	-7.306	-8.221
Bvulgatus_CL09T03C04	HMPREF1058_RS17820	HMPREF1058_RS17820		energy-dependent translational throttle protein EttA	6.703	8.254	-3.422	-3.459	-2.151	-2.030	-0.725	-0.720	0.564	-0.717	-0.578	-2.805	3.693	4.431	-6.139	-3.323	-1.802	0.801	-2.386	-0.225	-2.212	0.357
Bvulgatus_CL09T03C04	HMPREF1058_RS17825	HMPREF1058_RS17825		carboxypeptidase regulatory-like domain-containing protein	-0.450	1.162	0.888	0.853	-0.712	0.164	-1.511	-1.193	0.163	0.503	0.278	0.092	-0.357	-0.787	-0.396	-0.579	-0.349	0.069	0.335	0.783	-1.154	-0.031
Bvulgatus_CL09T03C04	HMPREF1058_RS17830	HMPREF1058_RS17830		carboxypeptidase-like regulatory domain-containing protein	1.227	-0.259	2.608	2.414	3.234	3.172	-1.400	-0.720	1.398	0.384	-0.583	-0.032	2.267	2.045	2.095	1.606	-0.094	2.494	1.066	2.190	-1.212	-0.066
Bvulgatus_CL09T03C04	HMPREF1058_RS17835	HMPREF1058_RS17835		choice-of-anchor J domain-containing protein	1.699	1.828	3.006	2.386	3.125	2.967	0.703	1.391	2.182	1.458	1.718	1.311	4.802	4.620	1.983	3.025	2.722	2.116	0.692	1.890	1.052	2.152
Bvulgatus_CL09T03C04	HMPREF1058_RS17840	HMPREF1058_RS17840		Rpn family recombination-promoting nuclease/putative transposase	1.625	1.296	2.066	-0.278	0.144	1.214	1.640	1.270	-0.569	-0.687	1.439	1.842	-0.858	-0.163	1.445	0.710	0.334	0.130	1.088	0.227	2.138	1.511
Bvulgatus_CL09T03C04	HMPREF1058_RS17850	HMPREF1058_RS17850		ferritin	-0.468	0.223	0.569	0.318	0.116	-0.554	-0.125	0.105	-0.559	0.957	-0.415	0.454	-1.780	-0.414	-0.881	-1.371	-0.097	-1.198	0.271	-0.386	-0.344	0.012
Bvulgatus_CL09T03C04	HMPREF1058_RS17855	HMPREF1058_RS17855		alpha/beta hydrolase	0.555	-1.025	2.148	1.414	-1.365	-0.187	-1.284	0.339	0.112	0.008	0.676	-0.121	0.500	0.076	-1.133	-0.215	1.329	-0.140	0.801	-0.906	0.839	1.514
Bvulgatus_CL09T03C04	HMPREF1058_RS17860	HMPREF1058_RS17860		oligopeptide transporter, OPT family	-0.397	1.031	0.179	0.766	-1.528	-0.245	0.111	-0.205	-0.085	-1.024	-0.691	0.642	0.969	0.643	-0.510	-1.389	-1.518	-0.750	-0.251	-0.385	-0.182	-0.166
Bvulgatus_CL09T03C04	HMPREF1058_RS17865	HMPREF1058_RS17865		hypothetical protein	-0.024	-0.396	-0.242	0.418	0.457	1.356	-0.461	-0.320	-1.869	-0.554	-1.139	-0.043	-0.119	-1.456	-0.046	0.106	-0.996	-0.513	-0.563	-1.262	-1.960	-0.791
Bvulgatus_CL09T03C04	HMPREF1058_RS17870	HMPREF1058_RS17870		metallophosphoesterase	-0.056	-0.326	2.640	0.923	1.070	0.985	-1.006	0.066	-0.035	-1.224	-0.339	1.252	-0.213	-0.211	2.831	-0.129	0.421	-1.102	-0.470	-0.470	-0.127	0.964
Bvulgatus_CL09T03C04	HMPREF1058_RS17875	HMPREF1058_RS17875		DUF1573 domain-containing protein	1.627	0.497	0.202	0.054	-2.223	-4.110	-0.601	0.467	-0.764	-1.675	1.488	-1.286	-1.027	-0.591	-0.831	-1.735	-0.364	-0.609	-1.132	1.518	-1.498	-2.084
Bvulgatus_CL09T03C04	HMPREF1058_RS17880	HMPREF1058_RS17880		diacylglycerol kinase family protein	-0.769	0.804	-0.178	0.081	0.920	0.259	0.442	-0.248	0.217	-0.052	0.351	0.949	1.107	-0.904	4.106	1.941	0.094	-0.022	-0.423	-1.741	1.645	-0.120
Bvulgatus_CL09T03C04	HMPREF1058_RS17885	HMPREF1058_RS17885		bifunctional (p)ppGpp synthetase/guanosine-3',5'-bis(diphosphate) 3'-pyrophosphohydrolase	-7.355	-14.142	-1.357	-0.783	-3.260	-4.220	-16.092	-17.784	-12.410	-16.361	-17.505	-19.423	-13.963	-13.637	-4.074	-4.789	-10.527	-5.327	-13.867	-12.403	-12.852	-15.197
Bvulgatus_CL09T03C04	HMPREF1058_RS17890	HMPREF1058_RS17890		DUF4301 family protein	-3.900	-3.238	-1.731	-3.298	0.703	-0.979	1.005	1.176	0.012	-0.829	0.600	-0.959	2.116	0.232	0.740	-0.136	-1.002	-0.157	-0.794	-0.818	-0.484	-0.593
Bvulgatus_CL09T03C04	HMPREF1058_RS17895	HMPREF1058_RS17895		hypothetical protein	0.836	-1.545	0.337	0.669	1.125	1.366	-0.539	-0.298	0.541	-0.728	-0.984	-0.098	-0.242	-2.019	-0.874	0.209	0.616	0.610	-0.562	0.311	-2.077	1.610
Bvulgatus_CL09T03C04	HMPREF1058_RS17900	HMPREF1058_RS17900		DNA alkylation repair protein	0.900	1.154	-0.081	-0.300	-0.777	1.231	-0.984	-0.129	0.231	-1.081	0.139	0.676	-2.642	-0.845	-1.177	-1.098	0.789	-1.431	-0.329	-0.229	-0.141	-0.805
Bvulgatus_CL09T03C04	HMPREF1058_RS17905	HMPREF1058_RS17905		GNAT family N-acetyltransferase	-1.117	-2.385	-0.675	0.797	-1.687	0.100	-1.344	-0.420	-1.754	-1.021	-0.833	-1.646	0.195	-1.382	-0.520	-0.118	-0.624	-0.819	-1.429	-1.837	0.981	-1.331
Bvulgatus_CL09T03C04	HMPREF1058_RS17910	HMPREF1058_RS17910		PadR family transcriptional regulator	0.415	0.616	-1.274	0.210	1.453	0.013	-2.008	-0.154	1.330	-0.754	0.224	-0.261	-0.310	-1.393	-0.074	-0.682	1.102	0.828	-0.731	0.056	0.673	-0.327
Bvulgatus_CL09T03C04	HMPREF1058_RS17915	HMPREF1058_RS17915		PspC domain-containing protein	-1.096	0.576	0.796	-1.081	0.129	0.970	0.452	-0.917	0.798	-1.301	-0.516	0.357	-1.307	-1.825	0.279	-0.447	-0.717	1.328	-0.879	-0.848	-0.329	1.969
Bvulgatus_CL09T03C04	HMPREF1058_RS17920	HMPREF1058_RS17920		formate-dependent phosphoribosylglycinamide formyltransferase	-4.184	-4.589	-0.523	-0.473	-1.531	-1.103	-4.868	-4.483	-1.143	-1.065	-3.945	-3.877	-3.474	-1.594	-1.383	0.455	-0.923	-0.375	-0.459	-0.942	-1.761	-3.347
Bvulgatus_CL09T03C04	HMPREF1058_RS17925	HMPREF1058_RS17925		rhomboid family intramembrane serine protease	-0.187	-0.400	0.608	0.899	0.301	-0.584	1.284	-0.700	1.871	1.100	0.333	1.655	0.990	-3.018	0.988	0.001	0.520	-0.033	0.312	0.587	0.595	-0.254
Bvulgatus_CL09T03C04	HMPREF1058_RS17930	HMPREF1058_RS17930		glycogen debranching enzyme N-terminal domain-containing protein	-5.370	-6.794	1.826	2.838	-0.890	-0.321	-12.459	-11.451	4.006	3.824	-7.505	-7.228	-3.682	-5.899	-2.398	1.674	0.588	1.408	3.851	5.099	-7.601	-8.757
Bvulgatus_CL09T03C04	HMPREF1058_RS17935	HMPREF1058_RS17935		glycosyltransferase	-4.458	-8.230	-0.281	0.346	-6.422	-5.065	-8.663	-13.807	-15.230	-14.109	-16.030	-15.282	-10.202	-8.740	-2.019	2.081	1.160	1.503	-14.477	-13.501	-12.837	-16.259
Bvulgatus_CL09T03C04	HMPREF1058_RS17940	HMPREF1058_RS17940		alpha-amylase	-4.324	-4.313	1.193	1.381	-0.659	-1.498	-6.125	-8.842	-8.060	-10.253	-9.117	-9.331	-4.432	-6.085	1.162	1.204	2.054	1.342	-10.788	-10.215	-4.094	-11.521
Bvulgatus_CL09T03C04	HMPREF1058_RS17945	HMPREF1058_RS17945		hypothetical protein	-4.182	-5.424	-1.780	-1.792	-4.407	-4.766	-4.588	-5.432	-3.023	-3.205	-3.189	-4.670	-3.461	-3.419	-3.917	-3.138	-0.477	1.193	-6.781	-4.064	-3.267	-3.528
Bvulgatus_CL09T03C04	HMPREF1058_RS17950	HMPREF1058_RS17950		biotin synthase BioB	-6.727	-6.129	-3.613	-4.484	-6.242	-6.211	-7.778	-7.884	-6.222	-6.464	-6.066	-5.916	-7.130	-4.372	-3.839	-4.774	0.967	2.584	-5.687	-7.081	-6.565	-5.826
Bvulgatus_CL09T03C04	HMPREF1058_RS17955	HMPREF1058_RS17955		adenosylmethionine--8-amino-7-oxononanoate transaminase	-9.801	-9.348	-7.396	-4.165	-8.796	-7.477	-9.253	-10.201	-8.917	-8.199	-7.680	-7.974	-9.886	-5.879	-7.271	-3.241	0.509	0.309	-10.262	-7.234	-8.403	-7.940
Bvulgatus_CL09T03C04	HMPREF1058_RS17960	HMPREF1058_RS17960		8-amino-7-oxononanoate synthase	-8.140	-8.426	-5.524	-6.103	-8.511	-9.099	-10.212	-7.556	-9.404	-10.194	-8.857	-5.981	-7.734	-5.895	-5.092	-5.217	-0.889	0.870	-9.483	-9.896	-7.598	-8.506
Bvulgatus_CL09T03C04	HMPREF1058_RS17965	HMPREF1058_RS17965		DUF452 family protein	-1.682	-2.015	-0.944	-0.802	-1.794	-1.774	-1.661	-2.313	-1.718	-1.811	-2.490	-1.557	-1.286	0.013	-1.090	-2.560	-1.524	0.510	-1.627	-1.798	-1.391	-2.025
Bvulgatus_CL09T03C04	HMPREF1058_RS17970	HMPREF1058_RS17970		malonyl-ACP O-methyltransferase BioC	-7.527	-6.146	-2.880	-2.987	-5.585	-6.314	-5.899	-6.890	-5.897	-5.622	-5.658	-6.912	-5.168	-4.567	-3.049	-3.209	0.161	0.341	-7.566	-5.755	-5.942	-7.140
Bvulgatus_CL09T03C04	HMPREF1058_RS17975	HMPREF1058_RS17975		ATP-dependent dethiobiotin synthetase BioD	-10.030	-10.603	-7.060	-6.721	-8.161	-10.156	-8.363	-10.272	-9.954	-9.104	-7.877	-9.249	-7.984	-5.649	-7.094	-4.463	-0.838	0.245	-10.808	-9.673	-7.170	-8.625
Bvulgatus_CL09T03C04	HMPREF1058_RS17980	HMPREF1058_RS17980		hypothetical protein	-1.526	-2.298	-1.497	-2.650	-0.950	-0.216	-0.002	3.104	0.542	0.236	1.445	-0.293	1.089	-0.844	-1.285	0.780	1.776	-0.333	0.536	-1.859	0.298	-0.482
Bvulgatus_CL09T03C04	HMPREF1058_RS17985	HMPREF1058_RS17985		ATP-binding cassette domain-containing protein	-4.430	-1.356	-2.730	-2.955	-0.536	-1.834	-5.941	-4.951	-2.096	-3.309	-5.034	-3.785	-0.643	-4.785	-0.441	-0.377	-0.977	0.515	-1.251	-2.821	-3.810	-4.548
Bvulgatus_CL09T03C04	HMPREF1058_RS17990	HMPREF1058_RS17990		dihydrodipicolinate synthase family protein	1.013	0.099	-0.094	-0.069	1.151	1.170	-0.627	0.660	0.830	-0.076	-0.280	1.236	-0.882	-1.312	0.666	0.771	0.462	0.761	1.070	0.519	-1.516	-0.156
Bvulgatus_CL09T03C04	HMPREF1058_RS17995	HMPREF1058_RS17995		sodium:solute symporter	-1.401	0.217	-0.677	0.388	-1.312	-0.302	-1.094	-0.692	-0.913	-0.404	-0.996	-1.142	-1.435	-1.946	-1.228	0.114	-1.204	-0.474	-0.614	-0.830	-1.100	-0.221
Bvulgatus_CL09T03C04	HMPREF1058_RS18000	HMPREF1058_RS18000		nitronate monooxygenase	-1.702	1.364	1.068	0.576	-0.411	0.698	-0.222	1.420	0.416	-0.351	1.494	0.513	0.233	-0.055	0.738	1.024	1.758	-0.254	-0.234	0.428	0.550	1.014
Bvulgatus_CL09T03C04	HMPREF1058_RS18005	HMPREF1058_RS18005		anaerobic C4-dicarboxylate transporter	1.145	1.736	-2.124	-4.476	-2.585	-3.727	-0.917	0.676	0.952	0.368	-1.017	-2.168	0.772	1.063	-2.196	-3.768	-2.272	-2.663	0.288	0.129	-0.131	-0.903
Bvulgatus_CL09T03C04	HMPREF1058_RS18010	HMPREF1058_RS18010		L-asparaginase 2	-0.805	-1.053	-0.044	0.046	-0.022	-1.023	-0.004	0.547	0.864	-0.339	0.717	-0.837	1.515	-0.976	-1.660	0.485	-0.848	-0.052	0.651	0.918	1.225	1.320
Bvulgatus_CL09T03C04	HMPREF1058_RS18015	HMPREF1058_RS18015		OprO/OprP family phosphate-selective porin	-3.568	-2.887	-0.657	-1.515	0.198	1.926	-1.061	-1.353	-0.176	0.244	-0.354	0.206	0.022	-2.551	-1.627	-0.665	-1.602	-0.482	-1.360	-1.335	-1.314	-0.516
Bvulgatus_CL09T03C04	HMPREF1058_RS18020	HMPREF1058_RS18020		dicarboxylate/amino acid:cation symporter	1.758	3.906	0.187	0.427	-1.802	-1.340	0.280	0.220	-1.185	-1.236	-0.709	0.793	1.579	1.598	-0.340	-0.963	-0.913	-2.407	-1.852	-0.869	-0.145	-0.259
Bvulgatus_CL09T03C04	HMPREF1058_RS18025	HMPREF1058_RS18025		decarboxylating NADP(+)-dependent phosphogluconate dehydrogenase	-2.036	-2.349	-3.103	-4.673	-3.326	-3.899	0.148	-0.762	-3.737	-2.689	-0.482	-0.995	-1.748	-3.123	-0.880	-1.304	0.693	-0.538	-4.572	-3.440	-2.003	-3.619
Bvulgatus_CL09T03C04	HMPREF1058_RS18030	HMPREF1058_RS18030		glucose-6-phosphate dehydrogenase	-0.361	1.162	0.071	-1.986	-0.005	0.971	-1.276	-1.190	-0.995	-1.298	-1.137	-0.916	1.408	-1.230	-0.668	-0.258	-0.231	-1.385	-1.310	-0.433	-0.401	-0.532
Bvulgatus_CL09T03C04	HMPREF1058_RS18035	HMPREF1058_RS18035		6-phosphogluconolactonase	-11.144	-8.580	0.277	-0.387	-1.577	0.118	-4.059	-3.326	-0.303	-0.102	-1.693	-0.791	-5.126	-6.006	0.444	0.583	0.012	0.134	-1.114	-0.861	-3.874	-1.323
Bvulgatus_CL09T03C04	HMPREF1058_RS18040	HMPREF1058_RS18040		cytochrome d ubiquinol oxidase subunit II	-0.881	0.500	1.442	-0.713	0.924	0.162	-0.658	0.085	-0.283	-1.287	-0.312	-1.297	0.853	-1.487	-0.708	-0.170	-0.590	-1.761	-0.535	-0.683	-1.062	-0.711
Bvulgatus_CL09T03C04	HMPREF1058_RS18045	HMPREF1058_RS18045		cytochrome ubiquinol oxidase subunit I	0.870	1.543	-0.904	0.470	-0.349	-1.132	-0.291	-1.100	-0.545	-1.169	1.502	-1.528	0.260	-0.723	0.325	-0.291	-0.429	0.337	-0.085	0.406	-0.633	1.288
Bvulgatus_CL09T03C04	HMPREF1058_RS18050	HMPREF1058_RS18050		DUF4492 domain-containing protein	1.689	-1.016	-1.077	-1.232	-1.204	-0.959	0.911	-0.210	-0.716	-0.226	0.999	0.258	-0.400	0.322	-1.197	-0.123	0.922	-0.134	-0.719	0.281	-0.121	0.024
Bvulgatus_CL09T03C04	HMPREF1058_RS18055	HMPREF1058_RS18055		TolC family protein	-0.099	-2.192	-0.566	-1.609	0.087	-0.100	-0.518	-1.024	-0.103	-0.366	-0.183	-0.534	-0.195	-0.885	-1.024	-0.778	-0.137	0.007	1.224	-0.192	-0.426	-0.731
Bvulgatus_CL09T03C04	HMPREF1058_RS18060	HMPREF1058_RS18060		efflux RND transporter periplasmic adaptor subunit	-0.025	1.698	0.880	0.752	0.158	0.787	1.023	0.725	0.755	0.512	0.593	-0.630	0.125	0.371	0.368	0.306	-0.035	-0.152	0.472	0.118	0.377	1.774
Bvulgatus_CL09T03C04	HMPREF1058_RS18065	HMPREF1058_RS18065		ABC transporter ATP-binding protein	-0.536	-1.725	-0.810	0.557	-0.724	-0.668	1.418	-0.915	-0.512	-1.473	0.486	-0.099	0.789	0.193	0.197	0.065	-0.970	0.307	-0.077	-0.655	0.242	-0.526
Bvulgatus_CL09T03C04	HMPREF1058_RS18070	HMPREF1058_RS18070		ABC transporter permease	-0.144	-0.318	-2.353	-1.140	0.234	-0.448	0.914	-2.093	-0.126	0.255	0.582	-0.322	-1.026	0.501	0.999	0.888	1.155	0.815	1.495	0.718	-0.047	0.597
Bvulgatus_CL09T03C04	HMPREF1058_RS18075	HMPREF1058_RS18075		histidine kinase	0.901	-1.066	1.211	0.675	0.309	0.836	2.221	0.707	0.706	-0.571	1.716	0.361	0.769	0.668	0.075	-0.015	-0.369	-0.017	0.813	-1.769	-0.547	-1.251
Bvulgatus_CL09T03C04	HMPREF1058_RS18080	HMPREF1058_RS18080		response regulator transcription factor	0.441	-0.924	-1.499	-0.107	0.315	-0.034	0.713	0.661	1.267	1.267	1.957	0.594	-0.360	2.696	-0.096	0.787	1.972	0.559	0.115	-1.128	-0.287	1.349
Bvulgatus_CL09T03C04	HMPREF1058_RS18085	HMPREF1058_RS18085		tryptophan-rich sensory protein	-1.332	0.372	-1.094	-1.289	1.238	0.280	-0.972	-0.366	1.014	-0.869	0.345	0.170	1.463	0.236	-0.304	-0.118	0.183	0.027	1.313	0.371	-1.245	-0.616
Bvulgatus_CL09T03C04	HMPREF1058_RS18090	HMPREF1058_RS18090		hemerythrin domain-containing protein	2.797	1.316	-2.181	-2.864	0.625	1.582	0.838	1.963	0.450	-0.112	1.336	2.310	-1.663	0.758	0.239	0.417	0.509	1.234	0.953	0.048	0.616	1.301
Bvulgatus_CL09T03C04	HMPREF1058_RS18095	HMPREF1058_RS18095		response regulator transcription factor	3.045	1.489	1.567	1.267	0.974	1.197	0.670	1.573	0.949	0.164	0.277	0.556	0.543	1.698	-0.015	0.870	1.684	-0.100	1.708	0.876	0.985	1.976
Bvulgatus_CL09T03C04	HMPREF1058_RS18100	HMPREF1058_RS18100		(Fe-S)-binding protein	0.797	1.660	-4.297	-2.359	-1.682	0.509	-0.166	-0.354	0.529	1.398	-0.741	-0.436	-0.112	-0.170	-0.734	-0.108	-1.363	-0.544	1.472	0.587	-0.383	-1.066
Bvulgatus_CL09T03C04	HMPREF1058_RS18105	HMPREF1058_RS18105		lactate utilization protein	1.184	0.952	-2.504	-1.432	-0.047	-0.049	-1.856	-1.219	-0.666	-0.977	-1.407	-1.379	0.394	-1.505	-2.252	-2.054	-1.509	-1.082	1.033	0.370	-1.344	-1.500
Bvulgatus_CL09T03C04	HMPREF1058_RS18110	HMPREF1058_RS18110		LUD domain-containing protein	1.123	2.159	-2.313	-1.443	-0.072	-0.269	-0.716	-0.784	1.459	1.444	-0.784	-0.428	-0.742	1.366	-0.837	-0.181	0.017	-0.749	0.287	0.862	-0.170	-1.371
Bvulgatus_CL09T03C04	HMPREF1058_RS18115	HMPREF1058_RS18115		pyruvate formate lyase-activating protein	-2.049	-2.124	1.177	-0.057	2.037	1.088	-0.656	0.429	1.499	0.325	-0.220	-1.017	-0.208	0.707	-0.428	-0.922	0.207	-0.373	0.818	0.441	0.071	0.069
Bvulgatus_CL09T03C04	HMPREF1058_RS18120	HMPREF1058_RS18120		formate C-acetyltransferase	-1.988	-3.250	1.298	1.939	1.073	1.870	-0.484	-0.653	3.378	2.416	-0.782	-0.633	-0.975	0.334	1.143	-0.576	-0.580	0.068	2.497	2.240	0.386	-1.871
Bvulgatus_CL09T03C04	HMPREF1058_RS18135	HMPREF1058_RS18135		hypothetical protein	-1.430	0.403	1.429	0.014	-2.256	-2.420	-0.319	0.332	0.945	0.574	-0.840	-0.321	-0.052	0.159	-0.577	-0.191	0.261	-1.155	-0.983	0.586	-0.072	-0.725
Bvulgatus_CL09T03C04	HMPREF1058_RS18140	HMPREF1058_RS18140		hypothetical protein	0.546	-0.633	-0.287	0.643	-1.834	-0.361	0.974	0.012	-0.147	-0.382	1.003	1.142	0.839	-1.320	0.935	0.764	0.604	0.637	-0.296	-0.882	1.512	-0.259
Bvulgatus_CL09T03C04	HMPREF1058_RS18145	HMPREF1058_RS18145		Fic family protein	0.680	0.036	-0.495	-2.127	0.376	1.050	-0.358	-0.245	1.240	-0.345	-0.419	0.294	-0.582	0.222	0.498	1.392	-0.779	-0.261	0.428	0.181	0.875	-0.920
Bvulgatus_CL09T03C04	HMPREF1058_RS18150	HMPREF1058_RS18150		Fic family protein	0.658	-1.514	0.136	0.638	0.509	-0.772	-0.719	0.395	0.769	0.514	-0.485	-1.384	1.469	-0.243	-0.949	-1.542	-0.994	0.191	0.248	0.600	-0.085	-0.028
Bvulgatus_CL09T03C04	HMPREF1058_RS18155	HMPREF1058_RS18155		helix-turn-helix transcriptional regulator	-0.897	-2.083	1.114	1.093	0.278	0.063	-0.197	0.567	0.150	1.318	-0.138	-0.319	-0.088	-0.252	-0.020	-0.518	-1.380	-1.804	0.104	-0.106	-0.912	-0.629
Bvulgatus_CL09T03C04	HMPREF1058_RS18160	HMPREF1058_RS18160		hypothetical protein	-0.485	-0.860	0.198	-0.796	-0.293	-1.544	0.911	-1.047	0.965	-1.156	-0.713	-0.511	-2.298	-0.087	0.007	-0.928	0.603	1.471	1.076	0.061	-0.711	-0.933
Bvulgatus_CL09T03C04	HMPREF1058_RS18165	HMPREF1058_RS18165		toprim domain-containing protein	0.526	-2.043	-0.607	-1.205	0.339	0.560	0.372	1.653	0.978	-0.088	-1.567	-0.386	-0.036	0.375	0.507	0.036	-0.066	0.565	0.143	0.669	-0.174	-0.413
Bvulgatus_CL09T03C04	HMPREF1058_RS18170	HMPREF1058_RS18170		MobC family plasmid mobilization relaxosome protein	-0.624	-1.537	-0.299	-1.115	-0.788	-0.527	-2.186	0.316	-1.267	0.069	-0.612	-0.553	0.743	0.488	-0.623	0.272	0.117	0.040	-1.092	-1.771	-0.271	-1.426
Bvulgatus_CL09T03C04	HMPREF1058_RS18175	HMPREF1058_RS18175		relaxase/mobilization nuclease domain-containing protein	0.687	-0.268	1.488	-1.066	-2.650	0.654	-1.009	-0.836	-0.400	-0.140	-0.884	1.494	0.151	-0.967	-0.564	0.901	0.123	-1.439	0.153	-0.360	0.703	0.281
Bvulgatus_CL09T03C04	HMPREF1058_RS18180	HMPREF1058_RS18180		hypothetical protein	-0.612	0.682	2.601	2.399	-1.154	-1.221	-1.590	-0.908	-0.995	-0.571	-0.076	-0.014	0.112	-1.530	-0.962	-0.301	-0.100	-0.690	0.091	-1.989	-0.745	1.333
Bvulgatus_CL09T03C04	HMPREF1058_RS18190	HMPREF1058_RS18190		hypothetical protein	-1.758	-0.293	-0.979	-1.965	-0.921	-0.206	0.402	0.242	-1.133	-0.716	-0.018	-0.900	-0.660	-0.155	-0.509	-0.140	0.113	0.050	0.823	0.758	-0.258	0.545
Bvulgatus_CL09T03C04	HMPREF1058_RS18205	HMPREF1058_RS18205		ferrous iron transport protein B	-6.930	-6.130	-4.258	-4.632	-4.708	-4.736	-6.455	-6.960	-5.732	-5.945	-5.271	-7.565	-6.406	-7.267	-5.463	-7.335	-7.153	-6.761	-5.436	-6.765	-5.941	-6.816
Bvulgatus_CL09T03C04	HMPREF1058_RS18215	HMPREF1058_RS18215		serine protease	0.119	0.402	-2.583	-1.525	-0.145	-0.810	-0.103	-0.113	0.740	-1.601	0.267	-0.178	-0.335	0.442	-2.412	-1.843	0.352	0.624	-0.680	1.932	0.434	0.267
Bvulgatus_CL09T03C04	HMPREF1058_RS18220	HMPREF1058_RS18220		23S rRNA (guanosine(2251)-2'-O)-methyltransferase RlmB	-1.166	0.395	-0.864	-0.945	-5.051	-1.706	-0.551	-0.359	-0.363	1.729	1.913	-1.388	1.415	0.120	-1.227	-0.697	0.650	0.209	-0.144	1.937	0.293	-1.355
Bvulgatus_CL09T03C04	HMPREF1058_RS18225	HMPREF1058_RS18225		DNA repair protein RecN	-1.351	-1.319	0.075	-0.493	-0.462	0.023	-0.148	1.747	1.468	1.853	0.441	1.948	2.457	1.785	-1.328	-1.306	0.501	-0.254	1.501	1.360	2.572	0.051
Bvulgatus_CL09T03C04	HMPREF1058_RS18235	HMPREF1058_RS18235		3'-5' exonuclease	13.876	11.530	-0.311	0.073	0.747	-1.242	5.049	4.351	8.149	14.097	2.482	2.079	20.224	12.191	0.178	1.104	0.392	-0.035	12.533	5.494	4.655	1.083
Bvulgatus_CL09T03C04	HMPREF1058_RS18265	HMPREF1058_RS18265		aspartate 1-decarboxylase	-2.295	-2.305	-2.026	-1.751	-3.233	-2.069	-2.431	-3.756	-2.182	-2.252	-3.018	-3.397	-2.375	-3.803	-3.998	-2.503	-3.688	-3.572	-2.192	-2.312	-2.646	-2.386
Bvulgatus_CL09T03C04	HMPREF1058_RS18270	HMPREF1058_RS18270		fructose-bisphosphatase class III	0.401	-0.625	2.332	2.043	0.487	-0.057	-0.214	0.990	1.905	1.066	0.808	0.543	1.316	0.470	0.920	-0.870	0.222	0.465	1.188	1.272	-0.095	1.467
Bvulgatus_CL09T03C04	HMPREF1058_RS18275	HMPREF1058_RS18275		putative transporter	-1.979	-1.967	-0.851	-0.272	-9.123	-8.480	-3.417	-3.463	-3.377	-3.766	-2.129	-2.235	-2.446	-5.037	-4.385	-2.470	-2.636	-3.113	-2.638	-1.846	-3.785	-3.379
Bvulgatus_CL09T03C04	HMPREF1058_RS18280	HMPREF1058_RS18280		NAD(+) diphosphatase	-0.219	-0.924	2.582	2.568	1.833	0.375	0.381	-0.205	0.560	0.030	0.670	0.348	-0.275	0.502	1.097	-0.356	-0.474	1.403	0.777	-0.594	0.632	0.349
Bvulgatus_CL09T03C04	HMPREF1058_RS18285	HMPREF1058_RS18285		RNA-binding transcriptional accessory protein	-1.262	-1.901	0.862	-0.211	-1.549	-0.945	-1.069	-0.735	-0.868	-0.991	-0.974	-0.964	-0.869	-0.791	-0.948	-1.389	-0.393	-0.673	-1.757	-1.622	-1.820	-0.885
Bvulgatus_CL09T03C04	HMPREF1058_RS18290	HMPREF1058_RS18290		glycoside hydrolase family 2	-1.339	-0.232	-0.549	-1.690	-2.150	-0.232	-0.598	0.635	0.533	0.249	0.045	1.121	-1.494	-1.117	0.062	-0.310	-0.556	-0.380	-1.740	-0.608	0.306	1.007
Bvulgatus_CL09T03C04	HMPREF1058_RS18295	HMPREF1058_RS18295		response regulator	-0.421	-1.044	0.908	1.530	-1.234	-0.477	-1.079	-0.221	0.893	-0.256	1.505	0.728	0.888	-1.071	-0.035	-0.476	0.614	0.371	0.263	-0.767	0.112	0.627
Bvulgatus_CL09T03C04	HMPREF1058_RS18300	HMPREF1058_RS18300		sugar phosphate isomerase/epimerase	-1.122	0.383	-0.035	-1.043	-0.617	0.246	0.291	-0.218	0.222	0.163	-0.998	0.642	-1.015	-1.295	-1.037	0.287	0.127	0.385	0.585	-0.108	-0.557	-1.192
Bvulgatus_CL09T03C04	HMPREF1058_RS18305	HMPREF1058_RS18305		TonB-dependent receptor	-0.295	0.836	-1.165	0.538	-1.052	-0.549	-0.137	0.673	0.442	-0.375	0.819	0.793	0.817	0.039	-0.251	-1.122	-0.188	-0.071	-1.458	0.382	-0.309	-0.961
Bvulgatus_CL09T03C04	HMPREF1058_RS18310	HMPREF1058_RS18310		RagB/SusD family nutrient uptake outer membrane protein	0.816	-0.921	0.778	-1.468	-2.339	-2.952	-0.420	-0.357	0.784	0.992	-0.937	-1.192	0.763	1.359	-1.049	-0.843	-1.477	-0.775	1.381	0.229	-0.883	-0.311
Bvulgatus_CL09T03C04	HMPREF1058_RS18315	HMPREF1058_RS18315		hypothetical protein	0.852	-2.179	-0.965	-0.339	0.570	1.076	0.229	-0.080	1.559	-0.023	-0.131	1.666	-0.380	0.487	0.706	-1.003	-0.664	-0.638	-0.113	0.945	-0.386	-0.164
Bvulgatus_CL09T03C04	HMPREF1058_RS18320	HMPREF1058_RS18320		DUF3826 domain-containing protein	0.125	0.322	1.468	1.017	-0.739	-0.368	0.146	0.034	1.180	0.604	1.554	1.498	0.566	1.837	2.899	0.446	0.772	0.898	0.163	1.789	0.428	1.501
Bvulgatus_CL09T03C04	HMPREF1058_RS18325	HMPREF1058_RS18325		polysaccharide lyase	-1.069	-0.507	1.472	0.026	-0.264	-0.846	0.585	0.212	-0.134	-0.910	0.417	0.411	-0.085	0.070	0.549	0.133	-0.489	-0.902	0.301	-0.029	-0.479	-0.290
Bvulgatus_CL09T03C04	HMPREF1058_RS18330	HMPREF1058_RS18330		hypothetical protein	-1.086	-0.410	-0.433	-0.643	0.739	0.650	-1.676	-0.078	0.516	-0.194	0.210	-0.292	-0.080	-1.082	0.510	0.553	0.148	-0.470	-0.170	0.348	0.105	0.114
Bvulgatus_CL09T03C04	HMPREF1058_RS18335	HMPREF1058_RS18335		sigma-70 family RNA polymerase sigma factor	-2.479	-0.430	0.456	1.268	0.432	-0.105	-0.530	0.971	-0.022	0.620	0.116	0.493	-1.962	-0.055	-0.317	0.952	-0.508	-0.410	-0.822	0.275	-0.389	1.784
Bvulgatus_CL09T03C04	HMPREF1058_RS18340	HMPREF1058_RS18340		hypothetical protein	-0.350	1.717	-0.079	0.173	-0.629	-0.879	1.082	0.539	1.031	-0.447	0.563	0.480	-0.319	1.187	-1.125	-0.558	0.061	-2.954	-0.469	-1.484	-0.036	-0.380
Bvulgatus_CL09T03C04	HMPREF1058_RS18345	HMPREF1058_RS18345		TonB-dependent receptor	-0.774	-0.948	-0.558	-0.951	-0.503	0.067	-0.722	0.200	-0.129	-0.898	-0.706	-0.009	-0.025	0.102	-0.172	-0.371	-0.138	0.143	0.699	-0.377	-1.508	0.395
Bvulgatus_CL09T03C04	HMPREF1058_RS18350	HMPREF1058_RS18350		RagB/SusD family nutrient uptake outer membrane protein	0.214	0.071	0.015	0.106	0.377	0.315	-0.584	-0.560	0.562	0.075	1.085	0.049	-0.244	0.233	0.100	0.731	0.989	-0.139	-0.040	-0.605	0.632	0.131
Bvulgatus_CL09T03C04	HMPREF1058_RS18355	HMPREF1058_RS18355		TonB-dependent receptor	-0.181	-1.280	-0.816	0.018	-0.847	1.213	-0.506	-0.580	1.619	-0.919	0.478	-0.638	-0.019	0.131	0.089	-0.355	0.674	0.028	-0.489	-0.406	-0.718	0.059
Bvulgatus_CL09T03C04	HMPREF1058_RS18360	HMPREF1058_RS18360		RagB/SusD family nutrient uptake outer membrane protein	-0.802	-0.839	0.291	-0.144	0.317	1.079	-0.972	1.199	-0.358	0.347	1.356	0.623	0.203	0.558	0.632	0.145	0.363	0.820	0.009	-0.562	0.415	0.546
Bvulgatus_CL09T03C04	HMPREF1058_RS18365	HMPREF1058_RS18365		methylcobamide--CoM methyltransferase	0.444	-0.189	1.604	-0.802	1.833	2.280	-0.115	-0.597	1.192	-0.358	-0.328	-1.163	1.268	0.391	0.458	0.070	1.514	1.084	1.398	-0.112	0.082	-0.132
Bvulgatus_CL09T03C04	HMPREF1058_RS18370	HMPREF1058_RS18370		methionine synthase	-1.352	0.102	0.451	-1.486	-0.546	0.030	0.432	-0.136	0.776	-0.402	0.421	-0.278	1.079	0.417	0.724	0.263	0.346	0.050	-0.797	0.595	0.964	-1.331
Bvulgatus_CL09T03C04	HMPREF1058_RS18375	HMPREF1058_RS18375		sodium:solute symporter	-0.016	-1.205	1.015	0.616	0.343	-0.244	-0.195	-0.423	1.890	0.163	0.962	1.011	0.977	2.340	0.556	-1.121	-0.048	0.517	1.289	0.941	0.145	0.250
Bvulgatus_CL09T03C04	HMPREF1058_RS18380	HMPREF1058_RS18380		cobalamin-binding protein	1.581	0.678	-0.193	0.483	-0.156	-0.279	0.206	-0.744	2.278	0.027	0.764	1.066	1.655	0.438	0.101	0.374	0.776	0.340	1.476	1.282	0.382	-0.377
Bvulgatus_CL09T03C04	HMPREF1058_RS18385	HMPREF1058_RS18385		alpha-xylosidase	0.919	0.037	0.340	-0.380	0.545	-0.774	0.486	1.061	-1.002	-0.443	-0.162	0.394	0.920	0.384	0.961	0.905	-1.122	-0.086	1.576	-2.161	-0.654	0.652
Bvulgatus_CL09T03C04	HMPREF1058_RS18390	HMPREF1058_RS18390		right-handed parallel beta-helix repeat-containing protein	-1.364	-0.761	-2.036	-1.112	-1.428	-1.728	-1.687	-0.521	0.727	-1.243	-1.149	-0.373	-0.986	-1.136	-0.709	-1.625	-0.615	-0.566	-0.381	-1.136	0.150	-0.321
Bvulgatus_CL09T03C04	HMPREF1058_RS18400	HMPREF1058_RS18400		RidA family protein	-6.578	-5.277	-0.123	-0.426	-0.861	-0.689	-5.145	-4.151	-3.048	-3.434	-2.647	-4.079	-3.900	-6.802	-6.471	-2.152	-0.327	-2.363	-3.477	-2.727	-4.440	-4.933
Bvulgatus_CL09T03C04	HMPREF1058_RS18405	HMPREF1058_RS18405		hypothetical protein	0.714	1.328	1.329	1.771	1.236	0.329	0.761	2.170	1.046	2.644	0.572	1.559	0.685	0.179	1.694	-0.879	0.047	0.278	3.303	1.354	0.747	-0.086
Bvulgatus_CL09T03C04	HMPREF1058_RS18410	HMPREF1058_RS18410		MBL fold metallo-hydrolase	0.265	-0.562	0.281	-0.822	0.589	1.055	0.022	-0.470	0.055	0.445	1.916	0.860	1.056	-0.322	1.414	1.209	-0.161	0.068	-1.457	-0.328	0.011	-0.717
Bvulgatus_CL09T03C04	HMPREF1058_RS18415	HMPREF1058_RS18415		VOC family protein	-0.163	-1.494	-1.694	0.257	-1.017	-0.418	-1.149	-0.531	-1.549	-1.076	0.022	-0.070	-0.198	0.100	0.298	1.166	-0.720	-1.435	-0.899	0.064	0.247	-0.939
Bvulgatus_CL09T03C04	HMPREF1058_RS18420	HMPREF1058_RS18420		DUF3805 domain-containing protein	-1.170	-0.315	-0.052	-0.076	1.052	-0.386	0.383	-0.085	0.546	-0.259	0.577	1.119	-0.534	-0.792	1.032	-0.743	0.151	0.792	-0.194	0.106	-0.820	-0.545
Bvulgatus_CL09T03C04	HMPREF1058_RS18425	HMPREF1058_RS18425		ABC-F family ATP-binding cassette domain-containing protein	1.050	0.065	1.198	0.914	2.854	2.902	1.803	1.850	-0.148	0.527	1.995	1.254	0.580	2.327	2.117	0.452	0.046	0.465	1.190	-0.335	1.222	0.795
Bvulgatus_CL09T03C04	HMPREF1058_RS18430	HMPREF1058_RS18430		site-specific integrase	-0.006	1.838	0.084	1.167	2.873	2.975	0.751	0.830	1.946	1.956	2.278	0.799	1.198	0.088	1.534	-0.338	-0.379	0.511	1.745	2.055	1.565	1.141
Bvulgatus_CL09T03C04	HMPREF1058_RS18435	HMPREF1058_RS18435		transcriptional regulator	0.743	-0.365	0.842	-0.260	1.345	-0.628	-1.081	1.871	-0.133	0.579	-0.033	0.178	0.125	1.245	1.715	0.646	0.976	0.109	0.618	-0.648	-0.574	0.566
Bvulgatus_CL09T03C04	HMPREF1058_RS18440	HMPREF1058_RS18440		hypothetical protein	1.477	1.572	1.652	1.802	-0.491	1.451	1.898	0.798	1.545	0.823	1.376	0.887	0.592	0.412	-0.378	-0.216	0.500	0.943	0.402	-0.736	-1.259	-0.536
Bvulgatus_CL09T03C04	HMPREF1058_RS18445	HMPREF1058_RS18445		polysaccharide pyruvyl transferase family protein	-0.916	0.935	0.373	0.122	0.234	1.123	1.218	-0.491	0.382	0.089	-0.571	0.399	-0.859	1.460	-0.765	0.077	-0.404	0.249	-0.366	1.152	-0.923	-0.091
Bvulgatus_CL09T03C04	HMPREF1058_RS18450	HMPREF1058_RS18450		oligosaccharide repeat unit polymerase	0.159	-0.834	1.920	-0.117	0.580	1.048	0.352	0.771	0.503	0.311	-0.819	-0.113	-0.548	-1.273	-0.218	-0.867	-0.401	-0.838	-2.230	-0.203	-1.398	-1.167
Bvulgatus_CL09T03C04	HMPREF1058_RS18455	HMPREF1058_RS18455		hypothetical protein	0.859	1.702	-0.552	2.789	-0.404	3.017	0.581	0.131	2.029	1.647	-0.912	0.494	0.279	0.763	2.235	1.495	-0.584	0.792	0.908	-0.318	-0.507	0.442
Bvulgatus_CL09T03C04	HMPREF1058_RS18460	HMPREF1058_RS18460		glycosyltransferase	1.454	0.014	-0.607	-1.285	2.390	2.559	0.320	0.412	-0.612	0.806	-0.171	0.187	0.010	1.099	-0.659	-1.467	-0.336	1.023	-0.971	0.067	-1.130	-0.031
Bvulgatus_CL09T03C04	HMPREF1058_RS18465	HMPREF1058_RS18465		glycosyltransferase family 4 protein	-0.227	-1.374	0.108	-1.315	0.778	0.557	1.106	0.180	-2.825	-0.141	-0.243	0.250	0.221	0.405	0.452	-1.087	-2.067	0.026	0.203	0.162	0.409	-0.167
Bvulgatus_CL09T03C04	HMPREF1058_RS18470	HMPREF1058_RS18470		glycosyltransferase	0.689	0.675	-1.053	-1.057	-0.212	-0.256	-0.108	0.780	-0.322	-0.476	0.938	0.121	0.409	1.062	0.478	-0.801	1.062	-0.475	0.720	0.874	-1.383	0.975
Bvulgatus_CL09T03C04	HMPREF1058_RS18475	HMPREF1058_RS18475		YjbH domain-containing protein	0.292	-0.546	0.771	-2.120	-1.544	-0.969	-0.349	0.171	-0.249	-0.539	-1.861	-1.338	0.159	-0.880	-2.231	-1.131	-0.560	-0.863	-0.783	-2.235	-1.749	-0.446
Bvulgatus_CL09T03C04	HMPREF1058_RS18480	HMPREF1058_RS18480		NAD-dependent epimerase	1.474	1.151	-3.225	0.226	1.319	-1.151	0.403	0.234	0.664	0.440	0.047	-1.008	0.852	1.422	-1.217	-0.600	0.218	0.699	0.574	-0.453	-0.729	1.356
Bvulgatus_CL09T03C04	HMPREF1058_RS18485	HMPREF1058_RS18485		UDP-glucose/GDP-mannose dehydrogenase family protein	-1.074	0.529	1.575	1.119	-1.002	-0.855	0.786	-0.071	-0.176	-1.765	0.501	-0.206	-0.359	-1.557	0.619	-0.328	-0.723	-0.589	0.052	-2.120	-0.622	0.278
Bvulgatus_CL09T03C04	HMPREF1058_RS18490	HMPREF1058_RS18490		acyltransferase family protein	-0.615	0.353	-0.528	-0.755	-1.628	-0.296	-0.634	-0.006	-2.306	-1.006	-0.471	0.251	-1.040	-0.878	-0.100	-0.578	-0.321	-0.003	-1.243	-0.700	-0.472	0.774
Bvulgatus_CL09T03C04	HMPREF1058_RS18495	HMPREF1058_RS18495		nucleotidyltransferase family protein	-0.669	-0.014	1.510	0.454	0.296	-0.794	0.346	-1.083	-0.604	-0.756	0.946	-1.028	-0.250	0.579	-0.758	-0.826	-0.438	0.079	-1.617	-2.988	0.262	-0.268
Bvulgatus_CL09T03C04	HMPREF1058_RS18500	HMPREF1058_RS18500		DUF86 domain-containing protein	-0.690	-1.268	-0.542	0.122	-0.806	-0.240	-0.425	-1.373	0.547	0.461	-1.410	0.540	-1.137	0.759	-0.692	-1.103	-1.069	-1.470	0.414	0.574	-2.169	0.207
Bvulgatus_CL09T03C04	HMPREF1058_RS18505	HMPREF1058_RS18505		N-acetylmuramoyl-L-alanine amidase	1.460	0.368	-0.312	-0.810	-0.500	-0.628	-0.320	1.872	-0.937	-1.478	0.428	-0.687	-0.604	-0.648	-0.060	0.995	-0.838	0.158	-1.346	-0.232	-0.401	0.131
Bvulgatus_CL09T03C04	HMPREF1058_RS18510	HMPREF1058_RS18510		DNA-binding protein	0.330	1.615	-0.073	-1.355	-2.857	-1.646	-1.659	-1.180	-0.194	-1.395	-1.505	-2.857	-0.395	-0.588	-0.742	-2.125	-0.747	-2.081	-0.845	-0.462	-1.311	-0.031
Bvulgatus_CL09T03C04	HMPREF1058_RS18515	HMPREF1058_RS18515		DUF3987 domain-containing protein	0.018	-1.118	0.229	0.916	0.179	0.760	0.036	-0.069	1.501	1.656	0.471	1.392	-0.538	0.343	0.612	0.987	1.749	0.824	-0.809	0.344	-0.185	0.956
Bvulgatus_CL09T03C04	HMPREF1058_RS18520	HMPREF1058_RS18520		hypothetical protein	1.376	0.993	-1.326	-0.733	-1.430	0.594	-0.061	-0.684	-0.347	0.479	-1.096	-0.139	-0.627	-0.735	-0.784	0.576	1.088	-0.083	-0.201	-0.209	-1.232	-1.472
Bvulgatus_CL09T03C04	HMPREF1058_RS18525	HMPREF1058_RS18525		hypothetical protein	-0.802	0.562	-0.799	-0.189	1.225	1.268	-0.648	-0.138	-0.831	1.623	-0.978	-0.261	0.557	-0.322	-1.685	-0.536	0.849	0.303	-0.385	-0.799	-0.328	0.201
Bvulgatus_CL09T03C04	HMPREF1058_RS18535	HMPREF1058_RS18535		nucleotidyltransferase domain-containing protein	1.673	0.174	-0.509	-0.429	-0.696	0.258	-0.539	0.476	-1.053	0.522	-0.032	1.628	1.659	0.836	0.098	0.164	0.470	1.083	-0.181	0.821	-1.016	-1.547
Bvulgatus_CL09T03C04	HMPREF1058_RS18540	HMPREF1058_RS18540		HEPN domain-containing protein	0.156	-1.378	1.468	1.289	-1.533	-0.065	-1.397	-0.194	0.219	0.734	1.564	2.157	-0.995	0.102	-0.346	-0.462	-0.497	0.631	2.008	1.738	-0.353	0.366
Bvulgatus_CL09T03C04	HMPREF1058_RS18545	HMPREF1058_RS18545		DEAD/DEAH box helicase family protein	-2.315	-0.156	1.482	0.319	0.241	0.959	0.913	0.485	-0.541	0.491	0.007	1.407	1.511	-0.333	0.401	1.294	1.193	2.102	1.672	0.102	1.396	0.709
Bvulgatus_CL09T03C04	HMPREF1058_RS18555	HMPREF1058_RS18555		sodium:solute symporter	-2.984	-3.604	-0.188	-0.190	-1.341	-1.669	-4.953	-2.042	-0.656	-1.831	-2.631	-3.524	-2.444	-2.641	-0.309	-2.010	0.004	-0.190	-2.274	-2.399	-0.775	-1.870
Bvulgatus_CL09T03C04	HMPREF1058_RS18560	HMPREF1058_RS18560		recombination protein RecR	-0.951	0.790	-1.250	-0.503	-0.438	1.138	0.186	1.262	0.698	2.095	0.016	3.915	-0.465	0.033	0.451	-2.671	-0.408	1.225	0.754	3.011	0.175	1.446
Bvulgatus_CL09T03C04	HMPREF1058_RS18565	HMPREF1058_RS18565		hypothetical protein	-0.531	-1.418	-0.672	-0.423	-0.644	-2.022	0.840	0.799	0.890	-0.199	1.603	-0.319	-1.670	-1.966	0.235	-0.143	-0.244	-0.756	1.135	2.274	-0.145	-0.462
Bvulgatus_CL09T03C04	HMPREF1058_RS18570	HMPREF1058_RS18570		GNAT family N-acetyltransferase	1.434	3.214	1.201	0.270	-0.603	-1.129	3.859	2.086	-0.499	0.706	2.679	4.157	6.182	2.072	-1.020	-1.381	0.473	-0.421	1.444	-0.454	2.447	3.649
Bvulgatus_CL09T03C04	HMPREF1058_RS18575	HMPREF1058_RS18575		YqgE/AlgH family protein	-1.015	-2.416	-0.951	-0.160	2.193	1.893	-1.774	-1.475	-1.846	-1.188	-2.120	-2.678	-3.026	-4.163	-2.726	-0.064	2.321	2.184	-0.317	-0.844	-2.653	-1.795
Bvulgatus_CL09T03C04	HMPREF1058_RS18595	HMPREF1058_RS18595		glycoside hydrolase family 95 protein	0.329	1.109	0.236	0.163	-1.575	0.771	-1.079	0.576	0.276	-0.770	-0.232	0.627	-0.912	-0.436	1.032	0.734	0.180	0.197	0.256	-1.782	1.294	0.328
Bvulgatus_CL09T03C04	HMPREF1058_RS18600	HMPREF1058_RS18600		iron-sulfur cluster repair di-iron protein	0.451	0.658	0.181	-0.355	0.277	-0.509	-0.557	0.179	-1.263	-0.182	-0.581	-1.105	-1.918	-1.260	0.437	0.675	-0.142	-0.297	1.192	0.989	1.074	-0.608
Bvulgatus_CL09T03C04	HMPREF1058_RS18605	HMPREF1058_RS18605		hydroxylamine reductase	-0.136	0.929	-0.807	0.459	-0.344	-0.742	0.054	0.917	-3.819	-2.245	-1.960	-0.241	0.078	-0.804	0.090	-0.062	1.593	-0.702	-2.906	-2.583	0.861	0.672
Bvulgatus_CL09T03C04	HMPREF1058_RS18610	HMPREF1058_RS18610		Crp/Fnr family transcriptional regulator	-1.086	1.603	0.484	0.150	-0.222	1.549	0.657	0.352	-2.174	-3.165	1.670	1.488	-1.810	2.378	0.295	0.481	-0.881	-1.219	-2.325	-1.512	1.583	0.097
Bvulgatus_CL09T03C04	HMPREF1058_RS18615	HMPREF1058_RS18615		arylsulfatase	1.910	0.808	-1.902	-0.604	-0.139	1.334	0.085	0.682	1.662	-0.124	0.150	0.583	1.263	-0.796	0.980	0.163	0.279	0.269	0.163	-0.062	-0.425	0.967
Bvulgatus_CL09T03C04	HMPREF1058_RS18620	HMPREF1058_RS18620		NigD-like N-terminal domain-containing protein	0.054	1.088	-1.295	-0.147	0.525	-0.627	0.191	-0.066	0.032	-0.014	-0.151	0.253	-0.120	-0.496	-0.007	-0.016	-0.566	1.018	0.672	1.317	0.682	-0.872
Bvulgatus_CL09T03C04	HMPREF1058_RS18625	HMPREF1058_RS18625		response regulator transcription factor	1.465	0.739	1.312	1.427	-0.107	0.375	0.995	0.813	-0.029	-0.246	0.305	-1.345	2.436	1.724	-0.396	0.179	1.174	0.340	-2.031	-0.432	0.967	0.961
Bvulgatus_CL09T03C04	HMPREF1058_RS18630	HMPREF1058_RS18630		HAMP domain-containing histidine kinase	0.124	0.039	-0.757	-1.093	-1.005	0.385	0.309	0.216	-0.073	-0.439	-0.628	0.286	-0.742	0.581	1.177	-0.494	-0.437	-1.164	0.053	0.321	0.618	-1.132
Bvulgatus_CL09T03C04	HMPREF1058_RS18635	HMPREF1058_RS18635		PepSY-like domain-containing protein	-0.132	0.931	0.116	-0.787	-0.524	-1.591	0.309	-0.826	-0.713	-1.125	-0.118	-0.024	-0.753	-1.187	-0.184	-2.197	-0.429	-0.410	-0.947	-1.158	-0.707	-0.750
Bvulgatus_CL09T03C04	HMPREF1058_RS18640	HMPREF1058_RS18640		UDP-2,3-diacylglucosamine diphosphatase	0.321	1.224	-0.589	-1.727	0.289	-1.398	-0.453	0.770	-1.107	-1.054	0.544	0.940	-1.034	-0.105	-0.867	0.100	-0.351	0.685	-1.043	-2.296	-0.072	-0.339
Bvulgatus_CL09T03C04	HMPREF1058_RS18645	HMPREF1058_RS18645		glycosyl transferase	0.018	-0.010	0.324	0.161	-0.864	0.373	0.165	0.563	-0.010	-0.184	0.281	-0.216	-0.721	-0.917	0.392	-0.178	-0.896	1.230	1.851	0.412	-0.338	-0.202
Bvulgatus_CL09T03C04	HMPREF1058_RS18650	HMPREF1058_RS18650		M28 family peptidase	-0.534	0.172	1.216	1.643	-1.278	0.344	-0.239	1.268	-0.660	-1.713	0.590	1.229	-0.943	-1.080	-0.640	-1.053	1.211	-1.117	-1.585	-1.617	1.352	0.989
Bvulgatus_CL09T03C04	HMPREF1058_RS18655	HMPREF1058_RS18655		F0F1 ATP synthase subunit beta	2.947	2.519	1.119	0.487	-1.257	-0.692	0.230	1.302	0.835	0.728	0.819	1.363	3.064	3.937	-3.341	1.894	0.630	0.548	0.840	1.429	1.790	0.661
Bvulgatus_CL09T03C04	HMPREF1058_RS18660	HMPREF1058_RS18660		hypothetical protein	-0.089	0.642	-0.815	-0.490	0.508	0.125	-0.502	-0.267	-0.714	-1.684	-0.133	0.206	-0.911	1.070	-0.542	-0.910	-0.103	1.609	-0.055	0.707	-0.419	-0.238
Bvulgatus_CL09T03C04	HMPREF1058_RS18670	HMPREF1058_RS18670		F0F1 ATP synthase subunit A	1.170	2.467	-1.617	-1.596	0.588	-0.160	1.420	1.178	-1.079	1.305	1.368	0.888	1.382	1.971	-3.511	0.299	1.701	0.854	0.953	0.051	1.332	1.135
Bvulgatus_CL09T03C04	HMPREF1058_RS18675	HMPREF1058_RS18675		ATP synthase F0 subunit C	1.493	0.699	1.006	0.364	-0.846	-0.127	0.635	2.105	0.696	0.693	1.832	-0.279	1.050	1.621	-2.850	-0.145	0.434	0.082	1.240	1.001	1.543	0.985
Bvulgatus_CL09T03C04	HMPREF1058_RS18680	HMPREF1058_RS18680		F0F1 ATP synthase subunit B	0.457	1.862	1.603	2.057	-0.549	-0.016	1.334	0.899	0.970	-0.157	2.289	2.320	0.338	2.005	-1.379	1.287	0.292	-0.007	1.267	0.247	2.362	1.846
Bvulgatus_CL09T03C04	HMPREF1058_RS18685	HMPREF1058_RS18685		F0F1 ATP synthase subunit delta	0.784	0.329	-0.287	-0.005	0.095	-0.668	1.428	0.448	0.873	-1.360	0.483	0.912	1.032	1.282	-1.447	0.537	-0.244	-1.735	0.287	0.723	-0.192	1.407
Bvulgatus_CL09T03C04	HMPREF1058_RS18690	HMPREF1058_RS18690		F0F1 ATP synthase subunit alpha	2.696	1.830	-1.043	0.227	0.170	-0.494	0.686	1.250	-1.095	1.289	1.328	2.322	0.873	3.253	-4.270	0.719	-0.073	0.065	0.239	0.319	0.443	1.162
Bvulgatus_CL09T03C04	HMPREF1058_RS18695	HMPREF1058_RS18695		F0F1 ATP synthase subunit gamma	-3.822	-3.405	-2.176	-2.004	-3.521	-3.769	-3.368	-3.035	-2.950	-3.072	-3.747	-3.184	-1.022	-2.873	-4.314	-4.636	-3.855	-3.957	-2.209	-2.912	-1.867	-2.508
Bvulgatus_CL09T03C04	HMPREF1058_RS18700	HMPREF1058_RS18700		class I SAM-dependent methyltransferase	0.901	0.956	-0.452	-2.636	1.460	0.023	-1.151	0.720	-1.300	-0.074	0.240	1.144	3.108	0.885	-0.732	0.480	0.998	1.197	0.859	-0.190	0.143	0.480
Bvulgatus_CL09T03C04	HMPREF1058_RS18705	HMPREF1058_RS18705		AAA family ATPase	-0.126	0.556	1.482	2.509	0.465	-0.240	-0.464	0.461	1.213	-0.740	0.336	0.645	-0.703	0.653	-0.142	0.252	-0.813	0.653	1.695	1.685	1.508	1.751
Bvulgatus_CL09T03C04	HMPREF1058_RS18710	HMPREF1058_RS18710		VWA domain-containing protein	-0.359	-0.478	1.304	-1.718	-0.309	0.206	-0.347	0.383	-2.086	-1.159	1.168	0.385	-0.310	0.537	1.838	1.701	0.328	0.255	-0.035	-0.189	1.072	-1.704
Bvulgatus_CL09T03C04	HMPREF1058_RS18715	HMPREF1058_RS18715		porin	0.874	0.055	0.027	0.352	0.055	0.342	-0.858	0.953	-0.058	0.202	1.037	0.130	-0.186	-0.959	1.873	-0.698	-0.690	0.220	0.083	2.459	-1.101	0.973
Bvulgatus_CL09T03C04	HMPREF1058_RS18720	HMPREF1058_RS18720		2-aminoethylphosphonate--pyruvate transaminase	-0.412	0.390	-1.684	1.175	-0.557	-0.616	0.328	-0.527	0.615	0.279	0.080	-0.143	0.077	-0.090	1.220	0.450	1.284	0.509	1.514	0.272	-0.190	0.700
Bvulgatus_CL09T03C04	HMPREF1058_RS18725	HMPREF1058_RS18725		phosphonoacetaldehyde hydrolase	1.165	0.587	1.007	1.510	0.234	1.307	0.442	0.627	-0.556	0.824	0.046	-0.637	1.094	-0.454	0.032	-0.579	1.389	-0.304	-0.732	-0.125	-1.890	-0.435
Bvulgatus_CL09T03C04	HMPREF1058_RS18730	HMPREF1058_RS18730		hypothetical protein	0.011	-0.068	0.155	1.043	-0.697	2.663	1.039	1.335	1.069	0.375	1.077	1.791	0.002	-0.478	2.203	0.504	1.121	0.123	0.596	0.666	2.718	0.174
Bvulgatus_CL09T03C04	HMPREF1058_RS18735	HMPREF1058_RS18735		hypothetical protein	0.411	-0.492	0.585	-0.954	-1.173	-1.146	-0.172	0.410	-0.765	-0.041	0.661	-1.024	1.031	-2.137	0.217	1.215	-0.284	0.579	-0.054	-0.497	0.995	1.119
Bvulgatus_CL09T03C04	HMPREF1058_RS18740	HMPREF1058_RS18740		AAA family ATPase	0.999	-1.642	2.136	0.969	0.033	2.154	-0.281	0.211	-0.926	-2.526	-0.263	-0.534	0.579	-0.274	0.408	-0.141	-0.154	1.595	-0.213	0.581	0.589	-0.278
Bvulgatus_CL09T03C04	HMPREF1058_RS18745	HMPREF1058_RS18745		ATP-binding protein	-0.660	-1.424	0.933	1.137	-0.371	0.732	-0.411	-0.094	-0.344	-0.772	0.126	-0.075	-0.428	-0.191	1.879	0.532	-0.009	-0.882	0.432	0.451	-0.120	1.333
Bvulgatus_CL09T03C04	HMPREF1058_RS18750	HMPREF1058_RS18750		hypothetical protein	-0.844	0.422	1.013	0.384	-1.228	0.752	-0.408	-0.479	0.712	-0.605	1.547	-0.625	-1.209	-1.500	-0.045	-0.626	0.749	-0.871	-0.504	-0.325	1.047	-0.314
Bvulgatus_CL09T03C04	HMPREF1058_RS18755	HMPREF1058_RS18755		hypothetical protein	-0.642	0.543	0.751	-0.717	0.238	-0.080	0.796	0.625	-0.002	0.562	-0.323	1.864	1.012	-1.171	1.887	-0.756	-1.192	-0.522	-0.246	-0.720	1.173	0.995
Bvulgatus_CL09T03C04	HMPREF1058_RS18760	HMPREF1058_RS18760		iron-containing alcohol dehydrogenase	2.012	0.538	0.041	0.307	0.375	1.004	-0.003	0.661	0.122	0.358	2.096	1.978	-0.782	0.864	-0.626	-1.249	0.695	0.742	-0.694	1.071	-1.652	0.484
Bvulgatus_CL09T03C04	HMPREF1058_RS18765	HMPREF1058_RS18765		formate--tetrahydrofolate ligase	-1.520	0.773	1.776	1.369	1.121	2.780	0.699	0.978	4.605	2.271	1.648	2.187	0.805	1.428	0.413	2.669	0.101	-0.475	2.472	2.691	1.165	1.512
Bvulgatus_CL09T03C04	HMPREF1058_RS18770	HMPREF1058_RS18770		hypothetical protein	0.126	-1.137	1.654	-0.240	0.979	1.863	-0.811	1.347	-1.160	-0.468	0.008	-0.721	1.660	0.762	1.391	0.801	0.922	0.822	-1.344	0.553	-0.405	0.684
Bvulgatus_CL09T03C04	HMPREF1058_RS18775	HMPREF1058_RS18775		S9 family peptidase	0.454	-0.670	1.746	2.730	2.442	4.006	-0.229	1.109	0.407	-1.693	0.016	1.178	-1.249	0.178	6.045	2.793	1.866	1.400	-1.700	-1.154	2.281	1.124
Bvulgatus_CL09T03C04	HMPREF1058_RS18780	HMPREF1058_RS18780		aminomethyl-transferring glycine dehydrogenase	5.909	7.724	2.040	1.077	-0.030	0.109	4.021	3.163	-0.120	-0.689	3.571	2.956	8.159	5.028	-1.477	-0.419	-0.575	-0.640	-2.076	1.277	3.734	4.043
Bvulgatus_CL09T03C04	HMPREF1058_RS18785	HMPREF1058_RS18785		MBL fold metallo-hydrolase	1.303	2.860	1.193	1.406	-3.619	-3.167	1.710	1.673	2.552	2.244	0.638	-0.625	1.653	2.674	2.987	1.268	0.009	0.487	2.379	2.409	2.441	1.741
Bvulgatus_CL09T03C04	HMPREF1058_RS18790	HMPREF1058_RS18790		16S rRNA (guanine(527)-N(7))-methyltransferase RsmG	0.393	-0.262	-0.491	0.490	-1.428	-1.437	-0.369	0.367	1.141	2.087	-0.533	0.184	0.062	1.177	0.532	-0.088	-0.689	-1.726	2.488	1.322	-0.544	1.135
Bvulgatus_CL09T03C04	HMPREF1058_RS18795	HMPREF1058_RS18795		DUF3298 and DUF4163 domain-containing protein	1.822	1.013	0.374	0.778	0.534	-0.400	0.613	0.567	2.875	3.611	0.814	1.399	3.063	1.636	-0.576	0.671	-1.456	-0.667	0.612	2.725	1.394	1.539
Bvulgatus_CL09T03C04	HMPREF1058_RS18800	HMPREF1058_RS18800		copper-translocating P-type ATPase	-4.612	-3.922	1.155	1.064	-0.017	-0.227	-2.585	-0.761	-1.552	-1.459	-0.781	-0.649	-1.775	-2.256	-0.503	0.545	-0.365	-0.350	-1.959	-1.912	-0.169	-0.851
Bvulgatus_CL09T03C04	HMPREF1058_RS18805	HMPREF1058_RS18805		hypothetical protein	0.935	-0.167	0.159	0.791	0.836	0.473	1.310	0.743	0.998	1.125	-0.066	1.385	0.462	2.168	0.650	0.886	0.234	-0.932	0.575	2.046	0.921	2.254
Bvulgatus_CL09T03C04	HMPREF1058_RS18810	HMPREF1058_RS18810		phosphohydrolase	1.695	1.400	1.145	1.778	0.703	1.400	0.726	-0.021	1.712	-0.770	-0.418	0.994	0.661	1.019	1.022	0.852	0.672	-0.396	0.118	0.358	-0.102	1.196
Bvulgatus_CL09T03C04	HMPREF1058_RS18815	HMPREF1058_RS18815		AMP-binding protein	-0.093	0.506	1.411	1.966	-0.004	1.153	-0.224	1.024	1.208	1.579	1.019	0.918	0.151	-0.462	0.629	0.528	0.684	-0.523	2.479	0.109	-0.680	1.204
Bvulgatus_CL09T03C04	HMPREF1058_RS18820	HMPREF1058_RS18820		PepSY-like domain-containing protein	0.067	1.089	-2.019	-2.472	0.297	0.197	1.150	0.919	-0.785	0.429	0.966	-0.422	1.870	1.411	1.219	0.764	-0.430	1.019	0.826	0.257	-0.536	-0.539
Bvulgatus_CL09T03C04	HMPREF1058_RS18830	HMPREF1058_RS18830		hypothetical protein	-0.097	-1.604	-1.782	-0.845	-1.643	-0.892	0.254	1.500	-1.312	-0.177	0.497	-1.002	1.228	1.199	-0.375	-0.586	-0.334	0.224	-0.784	-0.930	0.088	1.281
Bvulgatus_CL09T03C04	HMPREF1058_RS18835	HMPREF1058_RS18835		hypothetical protein	0.272	0.076	-2.004	0.248	-1.396	0.338	1.060	-0.158	-0.343	1.389	-0.223	0.102	0.554	1.043	0.332	0.655	0.583	1.406	-1.048	-0.821	1.015	0.275
Bvulgatus_CL09T03C04	HMPREF1058_RS18840	HMPREF1058_RS18840		DUF4236 domain-containing protein	0.183	-0.943	1.849	2.230	0.218	1.048	-0.216	-0.724	0.048	-0.740	0.650	0.148	-0.233	-1.420	0.874	0.586	0.799	0.098	0.229	0.236	0.390	0.165
Bvulgatus_CL09T03C04	HMPREF1058_RS18850	HMPREF1058_RS18850		hypothetical protein	0.093	0.485	1.264	0.427	-0.460	-2.281	1.169	1.406	2.762	3.303	0.532	1.548	-0.637	1.091	2.991	1.968	1.463	1.787	2.399	2.588	1.817	1.157
Bvulgatus_CL09T03C04	HMPREF1058_RS18870	HMPREF1058_RS18870		hypothetical protein	1.317	-1.131	-0.123	-0.358	-0.240	0.074	1.067	-0.544	0.793	1.053	-2.294	0.216	-0.308	-0.335	0.261	-0.756	1.148	1.396	0.198	-0.366	0.783	-0.737
Bvulgatus_CL09T03C04	HMPREF1058_RS18880	HMPREF1058_RS18880		ATP-binding protein	-0.466	-0.559	-0.622	1.093	-0.686	0.317	-0.301	-1.466	0.215	-0.601	0.432	-0.171	2.572	-1.623	0.158	1.352	-0.262	-0.387	0.650	-0.823	-0.633	-1.264
Bvulgatus_CL09T03C04	HMPREF1058_RS18885	HMPREF1058_RS18885		hypothetical protein	-1.054	0.135	-0.079	-2.385	0.592	-1.346	-0.157	0.467	0.507	-2.148	-0.120	-0.704	-1.861	-1.206	0.480	-0.702	-1.158	0.536	-2.257	-1.292	-0.830	0.046
Bvulgatus_CL09T03C04	HMPREF1058_RS18890	HMPREF1058_RS18890		DUF3127 domain-containing protein	-0.600	0.058	1.069	-1.778	-1.352	-0.301	0.142	0.432	0.098	-0.137	-0.708	-0.557	0.771	-0.767	0.409	0.329	-0.400	-0.207	0.075	1.136	1.187	-0.090
Bvulgatus_CL09T03C04	HMPREF1058_RS18895	HMPREF1058_RS18895		hypothetical protein	1.161	-0.463	0.620	0.830	1.001	-0.071	0.420	-0.140	0.271	0.371	0.532	-0.700	-0.222	-0.741	0.115	-0.585	0.956	0.296	-0.306	1.883	-0.831	0.267
Bvulgatus_CL09T03C04	HMPREF1058_RS18905	HMPREF1058_RS18905		hypothetical protein	0.123	2.051	-1.098	-0.188	-0.727	-1.346	-1.018	-0.296	-0.994	-1.025	-1.194	0.134	-0.512	-1.023	-0.278	0.505	-2.132	-1.354	-0.384	-1.263	-0.290	0.426
Bvulgatus_CL09T03C04	HMPREF1058_RS18910	HMPREF1058_RS18910		hypothetical protein	0.986	-0.037	0.549	0.851	-0.586	-0.693	-0.449	-0.568	0.711	0.366	-0.282	-0.580	0.963	0.334	0.258	1.039	-0.799	0.450	-1.913	-0.896	0.482	-0.074
Bvulgatus_CL09T03C04	HMPREF1058_RS18915	HMPREF1058_RS18915		recombination protein NinG	-0.513	0.888	2.483	0.718	-0.426	0.196	-0.160	0.255	0.843	1.890	0.474	-0.940	-1.296	0.347	0.083	0.349	0.684	0.610	-1.141	1.365	-0.241	0.778
Bvulgatus_CL09T03C04	HMPREF1058_RS18920	HMPREF1058_RS18920		hypothetical protein	-2.722	-0.872	-0.585	-1.432	-0.325	0.827	0.572	-0.070	0.160	-0.318	-0.166	-1.498	0.477	-0.150	0.937	0.379	0.246	-1.710	-0.114	0.211	-0.755	-0.221
Bvulgatus_CL09T03C04	HMPREF1058_RS18925	HMPREF1058_RS18925		DEAD/DEAH box helicase	0.180	-0.337	-2.046	-1.792	0.325	1.006	-1.317	0.295	1.441	0.158	-0.399	0.512	0.522	0.870	0.026	0.548	-1.553	0.030	-0.285	-0.070	-1.889	0.264
Bvulgatus_CL09T03C04	HMPREF1058_RS18930	HMPREF1058_RS18930		hypothetical protein	0.325	0.431	0.574	0.075	-0.036	0.621	-1.995	0.821	1.413	-1.454	-0.196	-0.236	-0.172	-0.178	-0.047	-1.219	0.110	-0.087	0.245	-0.414	-1.187	0.016
Bvulgatus_CL09T03C04	HMPREF1058_RS18935	HMPREF1058_RS18935		hypothetical protein	2.630	1.805	-0.878	-0.642	-0.007	-0.458	0.352	0.826	1.870	1.098	2.063	0.518	2.531	1.723	1.221	0.016	0.808	0.500	3.398	1.083	0.960	1.034
Bvulgatus_CL09T03C04	HMPREF1058_RS18940	HMPREF1058_RS18940		hypothetical protein	-0.466	-0.294	-0.458	-0.243	0.176	-0.668	-0.208	-0.267	-1.164	1.959	-1.805	-1.232	0.760	-1.069	-1.254	-0.186	0.096	-1.680	0.482	0.441	-0.838	-0.197
Bvulgatus_CL09T03C04	HMPREF1058_RS18945	HMPREF1058_RS18945		DNA methylase N-4	-1.955	-2.684	-1.901	-1.701	-0.778	0.176	-2.829	-1.208	-3.130	-4.012	-3.204	-2.117	-2.733	-2.767	-0.335	-0.080	-0.600	-2.152	-2.669	-1.781	-1.784	-2.450
Bvulgatus_CL09T03C04	HMPREF1058_RS18955	HMPREF1058_RS18955		DUF551 domain-containing protein	0.314	-1.947	-1.393	-1.667	-1.023	-0.541	-1.771	-1.543	-4.934	-2.266	-2.850	-2.524	-1.085	-2.183	-2.253	0.038	-0.216	-1.188	-4.565	-1.062	-3.711	-1.648
Bvulgatus_CL09T03C04	HMPREF1058_RS18960	HMPREF1058_RS18960		hypothetical protein	-1.328	-4.235	-0.671	-0.401	-0.510	-2.665	-1.348	-0.248	-0.851	-0.140	-3.792	-0.620	-1.338	-3.937	-1.883	-0.978	-0.876	-1.106	-0.315	-2.403	-1.594	-1.791
Bvulgatus_CL09T03C04	HMPREF1058_RS18970	HMPREF1058_RS18970		hypothetical protein	-1.817	0.563	0.357	-0.223	0.487	-0.141	-0.931	-1.339	0.044	-0.798	-1.204	-1.417	-1.270	0.758	-2.667	-0.289	-0.678	-0.244	-1.691	0.464	0.467	-0.748
Bvulgatus_CL09T03C04	HMPREF1058_RS18975	HMPREF1058_RS18975		prolyl oligopeptidase family serine peptidase	-1.740	-2.036	0.284	0.116	-0.214	-1.018	-1.604	-0.698	-0.584	-1.148	-1.295	-1.982	-1.198	0.505	0.531	-1.168	-1.335	-0.677	-1.483	-1.162	-1.359	-1.160
Bvulgatus_CL09T03C04	HMPREF1058_RS18980	HMPREF1058_RS18980		SGNH/GDSL hydrolase family protein	0.130	0.925	1.945	1.133	0.725	1.723	1.360	-0.346	-1.391	0.929	-1.332	-0.597	0.328	-1.149	-0.711	0.113	-1.083	-1.289	1.243	1.763	-0.469	-0.077
Bvulgatus_CL09T03C04	HMPREF1058_RS18990	HMPREF1058_RS18990		hypothetical protein	0.154	-2.255	-4.179	-1.547	-2.261	-1.043	-0.480	-0.826	-0.080	-0.379	-1.883	-1.964	0.606	-0.961	0.109	-1.104	-0.569	0.565	-0.120	0.098	-2.523	-0.779
Bvulgatus_CL09T03C04	HMPREF1058_RS18995	HMPREF1058_RS18995		hypothetical protein	-0.566	-2.010	-1.435	-1.128	-0.888	0.080	-0.304	-1.914	-0.553	-4.382	-1.440	0.412	0.573	-2.506	-1.860	-1.961	-0.198	0.573	-2.294	-3.132	-2.015	-1.297
Bvulgatus_CL09T03C04	HMPREF1058_RS19000	HMPREF1058_RS19000		type II toxin-antitoxin system RelE/ParE family toxin	0.790	0.803	-0.557	-0.429	2.052	-0.340	0.813	-0.229	-1.461	0.033	-0.392	-0.306	1.188	0.256	-1.358	0.074	0.029	0.540	0.865	-0.067	0.915	0.404
Bvulgatus_CL09T03C04	HMPREF1058_RS19010	HMPREF1058_RS19010		M48 family metallopeptidase	0.590	-0.047	-0.946	-1.071	-0.552	-2.203	-1.560	-0.948	-2.117	-0.028	-1.021	-1.516	-1.536	-0.562	-1.703	-0.602	-0.265	-0.079	-1.094	-1.168	-0.833	-0.633
Bvulgatus_CL09T03C04	HMPREF1058_RS19015	HMPREF1058_RS19015		hypothetical protein	-2.356	-2.850	-2.639	-2.395	-1.455	-1.551	-2.632	-0.874	0.524	0.516	-1.894	-0.777	-1.080	-1.584	-1.882	-2.013	-0.189	-2.342	-0.029	0.172	-1.668	-3.376
Bvulgatus_CL09T03C04	HMPREF1058_RS19020	HMPREF1058_RS19020		hypothetical protein	0.502	-0.865	-0.844	-0.187	-0.847	-1.016	-2.537	-1.045	0.509	1.731	-1.673	-0.752	-1.034	-1.156	-1.570	-1.718	-1.824	-0.564	-0.291	-0.687	-0.173	-1.215
Bvulgatus_CL09T03C04	HMPREF1058_RS19025	HMPREF1058_RS19025		hypothetical protein	-0.649	-0.209	0.392	-0.945	-0.393	-1.463	-0.705	-0.522	-0.107	2.820	-0.671	-1.424	0.926	-0.179	-2.259	-0.531	-0.401	-0.678	0.557	0.187	-0.090	-0.336
Bvulgatus_CL09T03C04	HMPREF1058_RS19030	HMPREF1058_RS19030		hypothetical protein	-1.239	-1.601	-0.368	-0.557	-2.572	-1.144	-0.998	-2.777	-1.283	0.595	-1.774	-1.692	0.938	-0.890	-3.282	-2.285	-2.027	-2.189	-1.096	-0.668	-3.198	-0.878
Bvulgatus_CL09T03C04	HMPREF1058_RS19045	HMPREF1058_RS19045		hypothetical protein	0.724	0.043	-1.039	-1.553	-1.585	-2.416	-0.127	-0.607	-0.703	-0.817	-1.734	-0.453	0.479	0.769	-2.700	-2.716	-1.010	-2.318	-1.138	-0.516	-0.791	0.451
Bvulgatus_CL09T03C04	HMPREF1058_RS19055	HMPREF1058_RS19055		hypothetical protein	-1.097	-0.792	-0.221	0.399	0.353	-0.523	-0.364	-1.636	-0.775	-0.188	0.053	0.347	-0.609	-0.803	-0.635	-1.545	0.678	0.469	-0.207	-0.509	-1.167	-0.431
Bvulgatus_CL09T03C04	HMPREF1058_RS19060	HMPREF1058_RS19060		type II toxin-antitoxin system RelE/ParE family toxin	-1.545	-2.100	0.328	-0.306	0.484	-0.712	-0.443	-0.428	-2.326	-1.359	-1.497	-0.332	-1.375	-1.221	-0.822	-0.406	-0.632	-2.836	-1.683	-1.851	-0.877	-0.574
Bvulgatus_CL09T03C04	HMPREF1058_RS19070	HMPREF1058_RS19070		hypothetical protein	1.560	0.678	-1.670	0.368	-2.211	-1.029	0.199	0.259	0.063	-0.706	0.350	-1.594	-0.209	0.319	-0.140	-0.001	-0.508	-1.158	-2.201	0.977	1.404	0.156
Bvulgatus_CL09T03C04	HMPREF1058_RS19075	HMPREF1058_RS19075		DUF3560 domain-containing protein	1.539	0.653	-0.370	1.653	0.477	-0.204	0.026	-0.629	0.127	-0.372	-0.018	-1.503	-0.189	1.247	-0.736	-1.250	0.433	0.922	0.128	-2.001	-0.367	0.172
Bvulgatus_CL09T03C04	HMPREF1058_RS19080	HMPREF1058_RS19080		hypothetical protein	-2.956	-0.603	-2.142	-1.264	-2.201	-1.315	-1.618	-0.864	-0.150	-1.972	0.177	-0.673	-1.419	-0.576	-1.429	-1.738	-1.083	-0.548	-3.610	-2.020	-1.342	-0.992
Bvulgatus_CL09T03C04	HMPREF1058_RS19085	HMPREF1058_RS19085		hypothetical protein	-0.498	0.767	-0.392	-1.450	-0.337	-0.637	-1.353	1.012	-0.280	-1.774	-1.300	1.005	0.491	-0.194	-0.469	-0.377	0.121	-0.054	-1.879	0.079	-0.414	-0.303
Bvulgatus_CL09T03C04	HMPREF1058_RS19090	HMPREF1058_RS19090		tRNA-Phe	0.066	-1.349	-0.169	-0.676	-0.956	0.154	-0.433	-0.015	-0.174	-0.796	-0.464	-1.009	-0.569	0.085	-0.495	-0.424	-1.176	0.150	-1.105	-0.843	-0.015	0.664
Bvulgatus_CL09T03C04	HMPREF1058_RS19095	HMPREF1058_RS19095		GNAT family N-acetyltransferase	-2.359	-1.470	-2.150	-1.392	-0.800	-1.129	-2.195	-2.403	-1.276	-3.183	-2.410	-2.374	-0.234	-2.165	-1.966	-1.296	-3.467	-2.411	-0.569	-1.265	-2.011	-0.907
Bvulgatus_CL09T03C04	HMPREF1058_RS19100	HMPREF1058_RS19100		hypothetical protein	-1.309	-1.628	-1.636	-2.010	-0.942	-2.765	-2.701	-2.196	0.083	-2.476	-2.448	-3.344	-0.278	-0.723	-1.698	-2.346	-0.560	-0.370	0.005	-2.858	-0.546	-3.974
Bvulgatus_CL09T03C04	HMPREF1058_RS19105	HMPREF1058_RS19105		ATP-grasp domain-containing protein	-1.605	-1.142	-2.752	-3.541	0.320	-0.657	-2.346	-1.537	-0.997	-1.963	-2.544	-0.931	-0.979	-0.713	-1.800	-1.396	0.222	-0.415	-0.624	-2.160	-1.458	-0.366
Bvulgatus_CL09T03C04	HMPREF1058_RS19110	HMPREF1058_RS19110		hypothetical protein	-3.517	-3.970	-0.085	-2.642	-3.402	-3.517	-2.636	-2.342	-1.583	-1.951	-2.789	-3.436	-0.833	-2.697	-3.891	-1.284	-2.119	-3.661	-1.635	-3.084	-3.117	-1.817
Bvulgatus_CL09T03C04	HMPREF1058_RS19115	HMPREF1058_RS19115		hypothetical protein	-2.608	-2.944	-1.982	-0.856	-1.541	-1.943	-2.314	-2.372	-1.276	-0.592	-0.423	-2.380	-0.967	-3.540	-0.206	-0.249	-2.346	-0.910	-1.901	-2.029	-2.839	-1.718
Bvulgatus_CL09T03C04	HMPREF1058_RS19120	HMPREF1058_RS19120		hypothetical protein	-0.457	0.068	0.310	-0.921	-1.039	0.045	-0.804	-1.024	-1.323	-1.682	-0.966	-0.631	-0.724	0.443	-1.824	-0.172	-1.033	-1.939	-1.362	-0.619	-0.618	0.031
Bvulgatus_CL09T03C04	HMPREF1058_RS19125	HMPREF1058_RS19125		hypothetical protein	-2.234	-1.022	1.443	0.976	-0.981	-2.642	0.192	0.225	-1.723	-1.321	-0.919	-1.288	-2.510	-1.644	-1.403	-1.673	0.638	-0.515	-0.992	-1.697	-0.111	-0.375
Bvulgatus_CL09T03C04	HMPREF1058_RS19130	HMPREF1058_RS19130		hypothetical protein	-4.958	-0.038	0.965	0.720	-2.801	-0.185	-1.538	0.801	-1.165	-2.421	0.306	-1.129	-1.183	-0.366	-1.391	-1.518	-1.524	0.065	-0.598	-1.283	-0.974	-0.823
Bvulgatus_CL09T03C04	HMPREF1058_RS19135	HMPREF1058_RS19135		hypothetical protein	0.226	-2.763	-1.136	-2.776	-1.541	-0.295	-2.360	-1.863	-0.487	-1.012	-2.173	-1.240	-0.310	-1.480	-2.030	-1.721	-0.707	-3.058	-1.707	-1.662	-2.809	-2.646
Bvulgatus_CL09T03C04	HMPREF1058_RS19140	HMPREF1058_RS19140		hypothetical protein	-0.557	-0.991	-2.347	-0.885	-0.609	-1.369	-1.527	-0.319	-1.351	-1.699	-2.285	-0.572	-0.487	-1.826	-1.752	-2.944	-0.294	-1.846	-0.790	0.165	-0.760	-1.859
Bvulgatus_CL09T03C04	HMPREF1058_RS19145	HMPREF1058_RS19145		phage antirepressor KilAC domain-containing protein	-0.753	-1.068	0.374	-1.546	-2.924	-2.012	-2.569	-1.783	-0.519	-1.454	-2.570	-1.260	0.001	-1.755	-0.951	-1.454	-1.312	-0.499	-0.770	-1.613	-2.097	-2.874
Bvulgatus_CL09T03C04	HMPREF1058_RS19150	HMPREF1058_RS19150		phage portal protein	-2.188	-2.072	-1.569	-0.798	0.192	-1.920	-3.569	-2.849	-2.041	-2.652	-2.957	-2.207	-1.330	-3.238	-1.617	-1.729	-0.693	-1.643	-2.424	-2.078	-2.382	-2.694
Bvulgatus_CL09T03C04	HMPREF1058_RS19155	HMPREF1058_RS19155		DUF2829 domain-containing protein	-0.174	-1.216	0.822	0.186	-0.561	-0.920	-3.262	-1.586	-2.950	-0.139	-2.040	-0.248	-1.203	-1.134	-1.219	-2.086	-0.049	-1.026	-2.654	-1.379	-0.883	-2.547
Bvulgatus_CL09T03C04	HMPREF1058_RS19160	HMPREF1058_RS19160		hypothetical protein	-0.134	-0.008	-0.411	0.155	-0.638	-0.051	-1.286	-1.107	-0.256	0.058	-1.943	0.248	1.158	-0.646	-0.978	-0.535	-0.461	-1.485	0.134	-1.760	-1.489	-0.183
Bvulgatus_CL09T03C04	HMPREF1058_RS19165	HMPREF1058_RS19165		hypothetical protein	-0.900	-0.416	-1.027	-1.556	0.251	-2.240	-0.838	-1.282	0.581	-1.176	-0.877	-1.389	1.761	0.329	-1.134	-0.816	-0.143	0.445	-0.484	-2.871	-0.582	-1.111
Bvulgatus_CL09T03C04	HMPREF1058_RS19175	HMPREF1058_RS19175		hypothetical protein	-0.941	-0.824	-1.004	-2.393	-0.352	-1.050	-0.995	-1.570	-0.348	-1.135	-1.507	-0.791	1.015	-0.643	-1.909	-1.239	-1.046	-2.082	-0.687	-1.512	-0.800	-0.210
Bvulgatus_CL09T03C04	HMPREF1058_RS19180	HMPREF1058_RS19180		hypothetical protein	-0.753	-0.772	-1.306	-0.154	-0.508	-1.278	-0.453	0.265	-2.003	-0.578	0.230	-0.606	-0.879	-0.037	0.697	-0.490	-0.822	-0.109	-1.504	-1.345	-0.643	-2.262
Bvulgatus_CL09T03C04	HMPREF1058_RS19185	HMPREF1058_RS19185		hypothetical protein	1.412	0.503	0.306	0.310	-0.579	0.343	0.259	-1.531	0.438	-1.094	-0.230	-0.148	-0.865	-0.645	-0.724	-1.239	-1.181	0.443	0.910	0.264	-1.887	-1.871
Bvulgatus_CL09T03C04	HMPREF1058_RS19190	HMPREF1058_RS19190		hypothetical protein	-0.818	-0.309	-1.158	0.106	-2.629	-0.790	-1.338	-1.966	-1.763	-0.677	-1.371	0.263	-0.246	-2.009	-0.345	-1.000	-1.703	-1.287	0.288	-1.376	-1.456	-1.643
Bvulgatus_CL09T03C04	HMPREF1058_RS19195	HMPREF1058_RS19195		hypothetical protein	-0.314	0.271	-0.129	-1.226	0.827	-1.338	0.684	0.779	0.752	-2.104	-0.373	-0.301	-1.148	-0.311	-0.875	-0.825	-0.283	-1.776	-2.664	-0.269	-0.523	-1.831
Bvulgatus_CL09T03C04	HMPREF1058_RS19200	HMPREF1058_RS19200		hypothetical protein	-1.466	-0.958	0.655	-1.569	-0.464	-0.401	-1.956	-1.084	-1.276	-0.870	-0.973	-1.019	-0.416	-3.361	-1.235	-1.076	-0.424	-1.593	-1.611	-1.433	-2.413	-1.394
Bvulgatus_CL09T03C04	HMPREF1058_RS19205	HMPREF1058_RS19205		hypothetical protein	-1.680	-0.626	-1.087	-1.459	-1.825	-1.161	-2.178	-1.995	-1.252	-2.829	-1.193	-0.087	-1.047	-0.594	-1.864	-1.040	-0.631	-0.722	-1.840	-2.606	-0.496	-0.307
Bvulgatus_CL09T03C04	HMPREF1058_RS19210	HMPREF1058_RS19210		hypothetical protein	-0.336	-0.216	-0.141	0.410	0.503	0.898	-0.606	-1.886	0.182	-0.775	-1.056	-0.730	1.202	0.163	-0.218	-0.171	-0.577	-0.387	-1.223	0.797	-0.169	-0.981
Bvulgatus_CL09T03C04	HMPREF1058_RS19215	HMPREF1058_RS19215		hypothetical protein	-0.688	0.048	0.182	1.627	0.327	-0.403	-1.558	-1.135	-0.597	-0.524	-1.102	-0.503	-1.669	-1.604	-1.147	0.560	0.436	-0.138	-0.429	-1.237	-1.229	-1.008
Bvulgatus_CL09T03C04	HMPREF1058_RS19220	HMPREF1058_RS19220		tape measure protein	-0.547	-1.027	-3.757	-3.123	-0.310	0.085	-1.426	-0.533	1.591	-0.158	-0.131	-0.429	-0.404	-0.795	-1.377	-1.571	-1.053	-1.385	-0.911	-0.540	-1.303	-0.915
Bvulgatus_CL09T03C04	HMPREF1058_RS20195	HMPREF1058_RS20195		hypothetical protein	-0.394	-1.111	-2.213	-1.379	-0.467	0.650	-1.162	1.100	0.840	-0.450	-0.660	-0.048	-0.028	0.528	-2.701	-1.945	0.251	-1.216	0.498	-0.284	-0.015	-0.623
Bvulgatus_CL09T03C04	HMPREF1058_RS20200	HMPREF1058_RS20200		HNH endonuclease	-0.017	0.275	-0.342	0.111	-0.648	0.918	-0.555	0.164	-0.044	-0.583	0.032	0.207	-0.546	1.336	-0.254	0.692	1.201	1.249	-0.077	-0.851	0.270	-0.493
Bvulgatus_CL09T03C04	HMPREF1058_RS20205	HMPREF1058_RS20205		energy transducer TonB	-0.485	-0.780	-2.275	-1.174	-0.256	0.526	0.833	-0.145	-0.364	-2.601	-0.195	0.956	-0.400	-0.375	-0.237	0.348	0.488	1.028	-1.188	0.094	1.103	0.349
Bvulgatus_CL09T03C04	HMPREF1058_RS20210	HMPREF1058_RS20210		glycosyltransferase	0.688	0.535	1.285	-1.298	0.408	2.184	1.167	0.253	0.628	1.991	-0.065	-0.438	0.332	0.260	-1.094	-2.340	-0.381	-0.214	-0.095	1.216	-0.767	-1.159
Bvulgatus_CL09T03C04	HMPREF1058_RS20215	HMPREF1058_RS20215		hypothetical protein	-0.595	0.438	-2.228	-2.652	-2.593	1.448	0.236	0.192	-0.111	0.277	-1.574	0.842	-1.864	-0.255	-0.634	-0.220	-2.576	1.473	0.142	-0.507	-1.362	-0.166
Bvulgatus_CL09T03C04	HMPREF1058_RS20220	HMPREF1058_RS20220		carbohydrate esterase	0.147	0.229	1.048	0.808	0.825	0.329	0.391	-0.066	-1.004	-1.163	0.532	-0.619	0.597	0.673	-0.082	0.829	0.126	-0.190	-0.617	-0.442	-0.960	0.335
Bvulgatus_CL09T03C04	HMPREF1058_RS20225	HMPREF1058_RS20225		hypothetical protein	-0.340	-0.328	1.081	1.054	-0.161	0.899	-1.047	-0.697	-1.058	0.116	0.468	-0.572	-0.779	-0.296	0.459	-0.683	-1.501	0.130	1.424	2.844	-0.640	-0.090
Bvulgatus_CL09T03C04	HMPREF1058_RS20230	HMPREF1058_RS20230		DNA-deoxyinosine glycosylase	0.282	-1.356	-2.872	-2.334	-1.617	-0.330	-0.806	-0.803	-1.807	-0.362	-0.820	-1.420	-0.605	-1.065	-0.522	-0.817	-1.100	0.545	-0.923	0.059	0.821	-0.692
Bvulgatus_CL09T03C04	HMPREF1058_RS20235	HMPREF1058_RS20235		DUF4971 domain-containing protein	-0.046	-1.754	0.469	-0.568	-1.258	-0.465	-1.102	-0.636	0.160	-0.919	-0.811	-0.302	-1.092	0.124	0.117	0.341	0.068	-0.224	-0.653	-2.056	-1.223	-1.337
Bvulgatus_CL09T03C04	HMPREF1058_RS20240	HMPREF1058_RS20240		DUF4422 domain-containing protein	0.276	1.118	0.354	-0.306	0.274	0.387	0.240	0.397	-0.525	-1.393	-0.129	-0.417	0.906	0.138	-0.421	0.150	-1.294	1.039	-1.009	-0.102	-0.721	-0.123
Bvulgatus_CL09T03C04	HMPREF1058_RS20265	HMPREF1058_RS20265		hypothetical protein	0.415	-0.328	-0.909	0.808	0.376	-0.994	0.078	-0.119	-1.326	0.319	-0.003	0.125	0.245	0.356	0.012	-0.306	0.176	0.040	-0.928	-1.834	0.363	0.351
Bvulgatus_CL09T03C04	HMPREF1058_RS20270	HMPREF1058_RS20270		AAA family ATPase	-0.067	0.374	-0.544	-0.631	-1.330	-1.836	0.037	-0.185	-1.335	-0.935	-0.588	0.981	-0.391	0.401	-2.180	-0.570	-0.306	-0.289	-0.434	-0.378	0.278	0.565
Bvulgatus_CL09T03C04	HMPREF1058_RS20285	HMPREF1058_RS20285		hypothetical protein	-0.108	-0.268	0.069	0.815	-0.607	0.689	-0.330	-0.296	-0.405	0.205	-0.228	0.844	-0.240	1.096	-1.143	-0.349	-0.427	-0.738	-0.596	0.870	-0.007	0.317
Bvulgatus_CL09T03C04	HMPREF1058_RS20295	HMPREF1058_RS20295		hypothetical protein	-0.840	-1.115	-2.111	0.359	-0.691	-0.412	-0.704	-1.557	-1.393	-0.148	-2.616	-0.351	-1.243	-0.707	-1.238	-0.156	-1.035	-1.403	-1.332	-0.534	-1.115	-0.701
Bvulgatus_CL09T03C04	HMPREF1058_RS20305	HMPREF1058_RS20305		hypothetical protein	0.222	-1.176	-0.240	0.411	1.346	0.997	1.377	0.753	2.703	0.631	1.765	0.256	1.099	0.469	0.994	2.672	1.426	0.693	-0.697	-0.291	-1.551	-0.011
Bvulgatus_CL09T03C04	HMPREF1058_RS20315	HMPREF1058_RS20315		acyltransferase family protein	-2.258	-0.885	-1.565	0.154	-0.554	-2.872	-2.842	-1.130	-2.041	-1.325	-1.695	-1.080	0.226	0.221	-0.880	-0.562	-0.271	-1.087	-2.486	-1.245	-3.341	-2.664
Bvulgatus_CL09T03C04	HMPREF1058_RS20320	HMPREF1058_RS20320		hypothetical protein	-1.210	0.022	-0.042	0.192	-1.236	0.049	-0.815	-2.214	-3.279	-2.708	-2.152	-1.963	-2.663	-1.584	-1.644	0.192	-3.354	-1.329	-0.743	-2.093	-0.977	0.291
Bvulgatus_CL09T03C04	HMPREF1058_RS20335	HMPREF1058_RS20335		DpnD/PcfM family protein	0.105	-1.097	0.166	-0.122	-1.289	1.179	-1.683	-0.092	-0.654	-1.054	-3.220	-0.808	-1.550	-0.383	-1.232	-0.983	-2.216	-2.069	1.045	-0.555	-0.107	-1.424
Bvulgatus_CL09T03C04	HMPREF1058_RS20340	HMPREF1058_RS20340		DUF3873 family protein	-1.222	0.393	-1.865	-1.065	-1.302	0.778	-0.006	1.449	-0.199	0.472	0.101	0.272	-0.164	0.664	-0.039	-1.211	0.554	-1.171	-1.244	0.067	-1.034	-0.369
Bvulgatus_CL09T03C04	HMPREF1058_RS20350	HMPREF1058_RS20350		hypothetical protein	-0.819	-0.551	-0.610	-1.389	-1.036	-0.781	-1.574	-0.748	0.075	-1.192	-1.535	-1.458	-1.520	-1.173	-1.585	-1.150	0.440	-1.361	-0.597	0.478	-3.545	-0.539
Bvulgatus_CL09T03C04	HMPREF1058_RS20355	HMPREF1058_RS20355		hypothetical protein	-1.398	0.019	-0.114	0.069	-0.818	-1.518	-0.707	-0.382	-2.400	-0.694	0.302	-0.435	-0.807	-0.896	-1.185	-0.195	-1.438	-0.402	-0.894	-1.045	-0.753	-0.168
Bvulgatus_CL09T03C04	HMPREF1058_RS20370	HMPREF1058_RS20370		lipoyl(octanoyl) transferase LipB	0.059	1.544	-0.885	-0.104	-2.526	-1.144	1.737	1.507	2.066	1.707	0.846	1.258	2.442	1.365	-1.226	-0.751	0.090	-1.106	0.305	0.897	2.291	1.769
Bvulgatus_CL09T03C04	HMPREF1058_RS20375	HMPREF1058_RS20375		hypothetical protein	-0.764	-0.631	0.862	0.154	-2.560	-0.759	-2.130	-1.710	-1.906	-2.529	-1.531	-1.031	-2.987	-0.266	0.509	-1.205	0.046	-1.260	-1.041	-1.504	-1.296	-1.335
Bvulgatus_CL09T03C04	HMPREF1058_RS20410	HMPREF1058_RS20410		hypothetical protein	0.705	0.929	0.455	-0.054	-1.626	0.751	0.533	-0.637	-0.498	0.902	-1.187	-0.771	-0.316	-2.098	-0.742	-0.461	-0.399	-1.497	1.807	-0.119	0.893	-1.053
Bvulgatus_CL09T03C04	HMPREF1058_RS20440	HMPREF1058_RS20440		hypothetical protein	0.031	0.131	-0.560	0.635	-0.638	0.991	-0.984	-0.346	0.188	-1.055	0.587	-0.316	0.011	0.023	-0.002	-0.220	-0.676	-0.096	1.410	0.450	0.884	0.576
Bvulgatus_CL09T03C04	HMPREF1058_RS20480	HMPREF1058_RS20480		site-specific integrase	0.016	-0.852	-1.429	-3.122	0.586	2.047	0.110	-0.553	0.958	0.353	-1.153	-0.478	1.602	0.133	0.304	0.348	0.340	-0.349	1.396	1.304	1.111	-0.357
Bvulgatus_CL09T03C04	HMPREF1058_RS20485	HMPREF1058_RS20485		mobilization protein	0.370	-0.270	-1.041	0.113	-0.675	-0.043	1.530	1.488	0.323	1.476	-0.166	0.802	-0.855	1.438	0.518	-0.757	0.577	1.496	-0.774	0.018	-0.020	0.294
Bvulgatus_CL09T03C04	HMPREF1058_RS20490	HMPREF1058_RS20490		RNA polymerase subunit sigma-70	-1.331	0.623	-0.330	-0.477	0.702	-0.881	-0.308	-0.374	-0.810	0.276	-0.629	0.838	-0.778	-0.556	-0.785	-1.160	-0.507	0.408	2.344	-1.856	2.720	-0.875
Bvulgatus_CL09T03C04	HMPREF1058_RS20495	HMPREF1058_RS20495		hypothetical protein	-1.217	2.083	-2.172	-1.217	-1.181	-0.072	0.710	0.640	-2.944	-2.470	-2.080	-0.244	-2.511	-0.552	-3.082	-1.740	-2.105	-2.489	-2.984	-1.873	-3.002	1.019
Bvulgatus_CL09T03C04	HMPREF1058_RS20500	HMPREF1058_RS20500		YbaN family protein	-0.784	-0.234	1.104	1.695	0.520	0.319	-0.137	0.873	-0.066	0.362	0.840	1.333	-1.219	1.962	-0.544	0.195	-0.970	-0.878	1.900	0.186	-0.006	0.983
Bvulgatus_CL09T03C04	HMPREF1058_RS20515	HMPREF1058_RS20515		DUF4373 domain-containing protein	-1.015	1.253	-0.004	-0.678	-0.554	0.553	-0.170	-0.407	0.394	-0.064	0.728	-0.122	-1.648	-0.268	-1.179	0.349	-1.590	-0.145	0.086	1.214	-1.664	-1.327
Bvulgatus_CL09T03C04	HMPREF1058_RS20540	HMPREF1058_RS20540		hypothetical protein	0.060	-0.732	-0.065	0.275	-1.277	0.510	-0.451	0.352	0.812	1.308	-0.092	1.293	-0.498	0.872	-0.377	0.262	0.382	-0.086	-0.540	1.213	-0.292	0.327
Bvulgatus_CL09T03C04	HMPREF1058_RS20600	HMPREF1058_RS20600		hypothetical protein	0.799	0.293	-0.522	-0.868	0.530	0.599	1.098	-0.394	0.532	-0.591	-0.606	-0.186	-0.216	0.396	-0.471	-0.825	-0.693	0.155	0.629	0.012	-0.951	-1.388
Bvulgatus_CL09T03C04	HMPREF1058_RS20605	HMPREF1058_RS20605		hypothetical protein	-0.073	0.150	1.001	-0.028	0.714	0.458	-0.308	-1.280	-0.718	0.744	-0.628	-0.502	0.011	-0.507	1.336	-0.524	-0.196	1.082	0.576	-1.676	0.838	0.196
Bvulgatus_CL09T03C04	HMPREF1058_RS20690	HMPREF1058_RS20690		AAA family ATPase	0.580	-1.374	-1.588	-0.739	0.606	1.321	-0.753	-0.141	1.151	0.441	-0.293	-0.097	-0.020	0.393	-1.201	-0.248	-3.213	-0.460	-0.559	0.172	0.019	0.489
Bvulgatus_CL09T03C04	HMPREF1058_RS20715	HMPREF1058_RS20715		hypothetical protein	0.360	0.028	0.871	2.609	0.234	0.052	-0.774	-1.653	0.195	0.394	0.391	-1.501	-1.315	-1.148	-0.246	-0.010	-0.591	-0.750	-0.520	-0.002	-0.266	-0.305
Bvulgatus_CL09T03C04	HMPREF1058_RS20745	HMPREF1058_RS20745		hypothetical protein	-0.615	-1.267	0.095	-1.091	0.134	-1.579	0.327	-0.437	0.138	-0.396	-0.586	-0.732	-0.151	-0.675	-1.879	0.086	0.588	-1.692	-1.179	-0.457	0.376	-0.768
Bvulgatus_CL09T03C04	HMPREF1058_RS20750	HMPREF1058_RS20750		hypothetical protein	0.866	-0.136	1.491	1.283	0.883	0.448	-0.119	0.553	0.110	1.283	1.458	0.625	-2.116	-0.343	0.211	0.203	0.456	0.339	0.166	-0.270	0.148	0.681
Bvulgatus_CL09T03C04	HMPREF1058_RS20760	HMPREF1058_RS20760		GNAT family N-acetyltransferase	-0.126	0.990	0.148	-0.404	0.701	0.485	1.216	-0.163	0.913	1.145	0.686	0.655	2.120	0.900	1.197	0.518	0.307	1.141	1.148	1.729	0.917	1.420
Bvulgatus_CL09T03C04	HMPREF1058_RS20790	HMPREF1058_RS20790		hypothetical protein	-0.142	-1.096	-0.162	-0.894	-0.307	0.727	0.357	-1.262	0.191	-0.014	-1.644	0.841	-0.319	-1.021	0.834	1.108	-1.196	-0.372	0.404	-0.510	0.837	-0.055
Bvulgatus_CL09T03C04	HMPREF1058_RS20815	HMPREF1058_RS20815		hypothetical protein	0.387	0.349	0.399	0.076	1.014	0.471	1.143	0.169	0.192	0.988	0.529	0.436	0.741	0.539	-0.727	0.830	1.381	0.020	0.800	0.340	0.136	0.063
Bvulgatus_CL09T03C04	HMPREF1058_RS20840	HMPREF1058_RS20840		NVEALA domain-containing protein	-0.772	0.374	-0.833	0.300	0.649	-0.531	1.985	-0.345	2.142	1.792	1.432	1.116	-0.666	-0.160	0.943	1.492	1.094	1.793	1.404	2.261	1.076	1.060
Bvulgatus_CL09T03C04	HMPREF1058_RS20890	HMPREF1058_RS20890		N-acetylmuramoyl-L-alanine amidase	-1.289	-2.060	0.582	1.184	-0.429	-2.239	-1.191	-1.534	0.362	-0.678	0.226	-0.536	0.959	-0.632	-0.132	0.698	0.095	-0.560	-1.578	-2.008	-0.827	0.265
Bvulgatus_CL09T03C04	HMPREF1058_RS20915	HMPREF1058_RS20915		HAD-IA family hydrolase	0.271	-0.334	0.167	-0.780	-0.805	-1.823	0.763	1.472	1.732	1.941	0.929	0.097	-0.353	-0.137	0.597	-1.244	-0.274	-0.030	-0.482	-0.102	0.289	0.535
Bvulgatus_CL09T03C04	HMPREF1058_RS20935	HMPREF1058_RS20935		helix-turn-helix domain-containing protein	-0.117	-1.633	0.239	-0.752	-0.040	0.767	-0.162	-0.360	-0.324	1.508	-0.538	0.298	-0.960	0.400	-0.353	-0.348	-0.425	0.060	-0.732	0.726	-0.441	1.351
Bvulgatus_CL09T03C04	HMPREF1058_RS20945	HMPREF1058_RS20945		hypothetical protein	-0.648	0.715	-0.033	-1.703	1.010	-2.036	0.218	0.809	-0.492	-0.937	0.701	-0.012	1.324	0.261	0.963	0.131	-0.253	0.518	-0.331	-0.716	-0.416	0.874
Bvulgatus_CL09T03C04	HMPREF1058_RS20985	HMPREF1058_RS20985		tyrosine-type recombinase/integrase	0.905	1.537	2.061	3.030	1.085	0.291	0.365	-1.957	-0.336	2.043	-0.063	1.313	-0.730	-0.611	-0.374	0.852	0.654	1.055	1.638	0.183	1.217	1.473
Bvulgatus_CL09T03C04	HMPREF1058_RS21005	HMPREF1058_RS21005		nitrous oxide-stimulated promoter family protein	0.726	0.761	0.473	-0.708	-1.427	-2.808	-0.186	-1.493	0.625	-0.238	0.372	0.903	-1.437	1.794	-0.872	-0.474	0.437	-0.418	-0.244	1.111	-0.509	1.058
Bvulgatus_CL09T03C04	HMPREF1058_RS21010	HMPREF1058_RS21010		MGMT family protein	0.138	0.255	3.422	0.522	1.145	-1.885	-0.516	0.152	-0.029	0.935	-0.288	0.713	-0.324	0.538	0.241	-0.261	1.347	0.530	-1.499	-1.491	1.543	-0.689
Bvulgatus_CL09T03C04	HMPREF1058_RS21045	HMPREF1058_RS21045		hypothetical protein	-1.053	0.541	-2.984	-2.117	-3.638	-1.167	-1.767	-1.263	-1.261	-2.726	-0.051	-1.112	0.314	0.225	0.155	-0.054	-2.064	-0.353	-0.539	-0.298	-1.707	-2.579
Bvulgatus_CL09T03C04	HMPREF1058_RS21050	HMPREF1058_RS21050		transposase	-0.399	1.563	0.491	0.094	1.490	0.424	-0.579	0.113	-0.986	-0.085	0.414	-0.612	-0.969	0.403	0.479	1.388	0.501	0.981	-0.007	3.639	-0.698	0.383
Bvulgatus_CL09T03C04	HMPREF1058_RS21070	HMPREF1058_RS21070		potassium-transporting ATPase subunit F	1.344	-0.360	-1.219	-0.590	-1.859	0.143	-0.121	-0.561	1.306	0.351	1.257	-1.121	-0.233	-0.460	0.285	-1.190	-0.516	0.360	-1.076	0.549	-0.346	-0.731
Bvulgatus_CL09T03C04	HMPREF1058_RS21085	HMPREF1058_RS21085		transposase	-0.982	0.294	0.203	-0.043	-1.007	-1.373	0.508	0.705	-0.210	-1.146	0.524	0.747	0.572	-0.598	-0.984	-0.385	-0.696	-0.447	-0.584	-1.815	0.435	0.795
Bvulgatus_CL09T03C04	HMPREF1058_RS21140	HMPREF1058_RS21140		ISAs1 family transposase	0.669	-1.591	-1.221	0.210	0.483	0.857	1.595	-0.413	-1.069	0.565	1.697	1.402	0.222	0.460	1.491	0.772	0.818	-0.175	-0.305	-0.451	-0.415	0.439
Bvulgatus_CL09T03C04	HMPREF1058_RS21170	HMPREF1058_RS21170		DUF3873 family protein	0.010	-0.404	-1.248	-0.967	0.806	0.234	-0.289	-0.574	-1.076	0.223	-0.374	0.607	1.659	-0.603	0.291	0.749	1.163	0.601	-0.044	0.391	0.843	2.741
Bvulgatus_CL09T03C04	HMPREF1058_RS21185	HMPREF1058_RS21185		hypothetical protein	-0.853	0.492	1.218	0.823	0.488	-0.570	0.057	0.313	0.293	0.068	-0.881	1.280	-0.546	1.127	1.888	0.464	0.588	1.392	-0.109	1.359	1.298	1.876
Bvulgatus_CL09T03C04	HMPREF1058_RS21210	HMPREF1058_RS21210		hypothetical protein	0.764	0.632	0.958	1.579	1.413	2.558	-0.826	0.648	-0.265	-1.202	0.820	-0.508	0.254	-0.837	0.432	0.322	0.119	-1.390	-0.290	-0.378	-0.475	-0.284
Bvulgatus_CL09T03C04	HMPREF1058_RS21250	HMPREF1058_RS21250		hypothetical protein	-2.054	-1.123	-1.296	-2.792	-0.672	-0.592	0.230	-1.990	-2.774	-1.119	-0.507	-0.970	-0.397	-0.715	-1.835	-0.632	-0.116	0.169	-0.195	0.048	0.165	0.721
Bvulgatus_CL09T03C04	HMPREF1058_RS21305	HMPREF1058_RS21305		hypothetical protein	-0.730	-1.297	-0.439	-0.822	-1.682	-2.315	-0.895	-2.284	-2.293	-1.362	-1.080	-0.081	1.933	0.111	-1.927	-0.361	-2.026	-0.428	-1.794	-0.727	-2.232	0.420
Bvulgatus_CL09T03C04	HMPREF1058_RS21310	HMPREF1058_RS21310		hypothetical protein	-0.001	-0.579	0.009	-1.375	-1.250	-1.397	-0.673	-2.195	-0.643	-0.321	-1.332	-1.451	-0.211	0.535	0.099	-0.485	0.351	-0.113	-1.632	-0.980	-0.662	-0.155
Bvulgatus_CL09T03C04	HMPREF1058_RS21320	HMPREF1058_RS21320		hypothetical protein	-0.012	-0.729	-0.256	-0.520	0.173	0.308	-0.313	0.967	1.143	-0.789	-0.049	-0.507	-0.020	-0.876	0.254	1.706	-0.314	-1.548	0.347	0.116	1.293	-0.189
Bvulgatus_CL09T03C04	HMPREF1058_RS21340	HMPREF1058_RS21340		hypothetical protein	-0.780	0.939	0.719	0.447	0.544	1.426	-0.181	0.839	0.171	-0.427	1.437	0.666	0.311	1.941	1.475	0.646	-0.318	0.228	1.818	1.341	0.271	1.962
Bvulgatus_CL09T03C04	HMPREF1058_RS21345	HMPREF1058_RS21345		hypothetical protein	-0.684	-0.260	-1.555	-1.954	0.492	-0.768	0.310	-0.604	-1.557	-0.867	-0.541	-0.233	0.896	0.074	0.084	-0.110	-0.831	0.322	-1.304	-1.688	0.680	1.695
Bvulgatus_CL09T03C04	HMPREF1058_RS21350	HMPREF1058_RS21350		type I restriction-modification system subunit M N-terminal domain-containing protein	0.181	0.227	-0.004	-1.002	-0.225	-1.279	-1.998	-1.178	-0.625	-0.298	-0.810	-0.755	-1.369	-2.470	-0.505	-0.693	-0.917	0.684	-1.627	0.705	0.198	-0.125
Bvulgatus_CL09T03C04	HMPREF1058_RS21355	HMPREF1058_RS21355		mobilization protein	0.194	1.687	0.323	-0.501	-0.131	-0.939	0.184	0.615	0.018	1.591	0.964	0.676	0.221	-0.469	1.590	0.640	0.180	-0.698	0.901	-0.705	0.022	0.422
Bvulgatus_CL09T03C04	HMPREF1058_RS21375	HMPREF1058_RS21375		DUF2829 domain-containing protein	0.655	2.482	1.455	0.659	0.699	0.386	0.972	1.254	1.155	0.974	0.601	-0.734	0.056	3.138	-0.352	0.719	2.692	-0.012	2.362	1.328	1.138	-0.448
Bvulgatus_CL09T03C04	HMPREF1058_RS21380	HMPREF1058_RS21380		hypothetical protein	-1.276	1.071	1.125	1.498	-0.900	-0.543	0.770	-0.359	0.372	-1.598	-0.289	-0.539	-0.286	0.797	-0.965	-0.043	0.552	0.308	0.037	-0.812	-0.243	-2.180
Bvulgatus_CL09T03C04	HMPREF1058_RS21395	HMPREF1058_RS21395		glycosyltransferase	-1.228	-1.175	-0.255	0.282	0.121	0.989	0.365	1.019	0.579	-1.318	1.109	-0.454	1.138	0.479	1.122	0.071	1.096	-0.076	1.419	0.464	0.590	-0.980
Bvulgatus_CL09T03C04	HMPREF1058_RS21400	HMPREF1058_RS21400		hypothetical protein	-0.452	0.787	-0.430	-0.786	-0.316	-0.150	-0.524	0.626	-0.793	-1.099	0.293	-1.765	0.207	-0.980	-1.268	-0.239	1.512	-1.322	-1.165	1.250	1.482	-0.124
Bvulgatus_CL09T03C04	HMPREF1058_RS21405	HMPREF1058_RS21405		hypothetical protein	-0.186	-0.711	-0.198	-0.269	0.122	-0.178	0.455	0.368	-0.261	-1.213	-0.233	-0.373	-0.498	1.176	-0.972	-0.779	-0.042	-0.605	-0.223	0.031	0.483	-0.778
Bvulgatus_CL09T03C04	HMPREF1058_RS21425	HMPREF1058_RS21425		hypothetical protein	-1.747	-0.346	1.706	-0.188	0.345	0.326	-0.871	-0.851	-0.129	-1.286	-0.519	-0.848	0.384	0.901	-0.725	-0.152	-0.760	0.090	-0.411	-0.222	0.451	-0.468
Bvulgatus_CL09T03C04	HMPREF1058_RS21430	HMPREF1058_RS21430		6-phosphofructokinase	-0.636	-0.707	1.164	1.838	0.999	0.109	0.172	0.163	1.091	0.607	0.961	1.111	0.133	-0.098	0.817	-0.131	0.084	0.022	1.528	0.361	0.656	-0.203
Bvulgatus_CL09T03C04	HMPREF1058_RS21435	HMPREF1058_RS21435		hypothetical protein	-1.740	-0.637	-1.943	-1.394	0.355	-1.157	-1.931	-0.484	-1.297	-1.276	-0.105	-0.473	-1.012	-2.893	0.183	-2.259	-1.099	-0.176	-0.890	-0.375	-0.280	-2.114
Bvulgatus_CL09T03C04	HMPREF1058_RS21440	HMPREF1058_RS21440		hypothetical protein	2.534	1.590	-0.499	-0.687	1.824	1.688	0.077	1.297	2.021	0.128	-0.520	-0.276	0.634	0.986	0.710	-0.875	0.814	1.814	1.082	1.226	1.431	-0.018
Bvulgatus_CL09T03C04	HMPREF1058_RS21445	HMPREF1058_RS21445		DUF2062 domain-containing protein	0.609	-0.229	0.503	-0.239	-0.194	-0.017	-1.346	0.154	1.340	0.244	-1.369	-0.446	-0.439	-1.418	0.156	0.966	-1.149	-1.588	0.591	0.246	0.073	-0.580
Bvulgatus_CL09T03C04	HMPREF1058_RS21450	HMPREF1058_RS21450		hypothetical protein	-1.818	-1.793	-0.979	-0.678	-1.015	-0.945	-0.434	-0.423	0.225	-0.318	-2.201	-0.250	-0.953	-0.809	-0.192	-0.550	-0.997	-0.724	-0.126	-0.532	-1.634	-0.901
Bvulgatus_CL09T03C04	HMPREF1058_RS21455	HMPREF1058_RS21455		hypothetical protein	-0.221	0.860	1.505	-1.032	0.325	0.023	-0.208	0.057	-0.599	-0.480	0.479	-1.258	-0.630	-1.140	0.257	-0.530	-0.949	0.305	-0.796	-1.010	-0.153	-0.996
Bvulgatus_CL09T03C04	HMPREF1058_RS21475	HMPREF1058_RS21475		smalltalk protein	-0.277	0.036	-0.138	2.522	-0.007	-0.790	-0.745	-1.484	-0.411	0.627	-0.555	-0.373	-1.061	-0.511	0.316	-0.979	0.229	-1.268	-0.180	0.255	-0.898	0.050
Bvulgatus_CL09T03C04	HMPREF1058_RS21480	HMPREF1058_RS21480		hypothetical protein	0.264	0.141	-1.069	-0.914	-1.295	-0.145	-0.509	0.274	-0.776	-1.187	-0.284	-0.013	-0.121	0.147	0.833	0.338	-0.286	-0.688	-0.628	-1.365	-1.067	-0.089
Bvulgatus_CL09T03C04	HMPREF1058_RS21490	HMPREF1058_RS21490		hypothetical protein	-0.288	-0.615	-0.780	1.422	1.691	0.462	-0.504	2.178	-0.037	-0.411	0.463	-0.466	0.577	0.454	-0.673	0.696	-1.081	-1.207	-0.402	-1.332	-0.996	-0.038
Bvulgatus_CL09T03C04	HMPREF1058_RS21505	HMPREF1058_RS21505		IS21 family transposase	-1.099	0.558	0.184	-2.746	1.091	0.932	0.386	1.024	0.623	-0.048	1.130	0.078	0.351	1.055	0.358	-0.388	1.142	-0.271	1.569	1.349	0.923	1.242
Bvulgatus_CL09T03C04	HMPREF1058_RS21515	HMPREF1058_RS21515		hypothetical protein	-0.374	-1.334	0.853	-0.814	0.630	0.050	-1.041	-0.803	-2.183	-0.676	-1.193	0.667	-0.161	-1.746	-1.967	0.924	0.236	-0.646	0.649	2.129	-2.638	-0.438
Bvulgatus_CL09T03C04	HMPREF1058_RS21520	HMPREF1058_RS21520		hypothetical protein	0.325	-0.627	-0.320	-0.052	1.960	0.551	-0.393	0.127	-0.132	-0.188	-0.001	1.176	-0.542	0.654	-0.346	1.113	0.230	-0.750	2.329	-0.756	-0.065	0.841
Bvulgatus_CL09T03C04	HMPREF1058_RS21525	HMPREF1058_RS21525		hypothetical protein	-2.293	-0.563	-1.152	-0.428	-1.815	-0.527	-1.774	0.128	-0.393	0.139	0.306	-0.793	-0.096	-0.840	-1.072	0.710	-0.133	0.849	-0.722	-1.039	-0.135	-1.060
Bvulgatus_CL09T03C04	HMPREF1058_RS21545	HMPREF1058_RS21545		hypothetical protein	-0.602	0.542	0.954	0.010	0.955	-0.174	-0.114	0.465	-0.012	-0.176	-0.591	0.618	0.340	-1.410	0.710	-0.065	0.197	0.269	0.016	0.390	0.528	0.687
Bvulgatus_CL09T03C04	HMPREF1058_RS21550	HMPREF1058_RS21550		hypothetical protein	-0.616	-1.263	1.246	0.125	1.354	-0.208	1.128	-0.575	-0.960	-0.339	-0.411	-1.140	-0.820	-0.290	-0.374	0.266	0.026	1.044	1.391	1.133	0.359	0.472
Bvulgatus_CL09T03C04	HMPREF1058_RS21555	HMPREF1058_RS21555		hypothetical protein	1.466	-1.792	-0.238	-0.080	-2.493	0.011	-1.032	0.155	0.048	1.443	1.033	-0.336	0.840	0.127	-1.376	0.596	-0.071	-0.734	-1.092	0.931	1.154	-0.363
Bvulgatus_CL09T03C04	HMPREF1058_RS21565	HMPREF1058_RS21565		hypothetical protein	-1.834	-0.856	0.693	1.306	0.037	0.937	-2.064	0.098	-1.559	-1.016	0.760	-0.590	-0.020	-1.263	0.497	-0.231	-0.495	-0.698	-0.233	-0.086	0.034	-1.900
Bvulgatus_CL09T03C04	HMPREF1058_RS21570	HMPREF1058_RS21570		hypothetical protein	-0.824	0.488	-0.792	-0.859	-1.408	0.184	-0.696	-0.209	-0.096	-0.058	-0.546	-0.580	1.481	-0.899	-1.655	0.519	-0.475	-0.030	-0.719	0.363	-0.914	1.202
Bvulgatus_CL09T03C04	HMPREF1058_RS21575	HMPREF1058_RS21575		mobilization protein	-0.384	-0.983	1.161	1.223	-0.066	-0.695	-0.692	-0.974	0.080	0.792	-0.366	0.521	0.778	-0.574	0.035	-0.258	-0.159	-0.282	1.228	0.449	-0.612	-1.693
Bvulgatus_CL09T03C04	HMPREF1058_RS21590	HMPREF1058_RS21590		hypothetical protein	-0.430	0.892	0.205	0.154	-0.526	-0.604	0.152	0.445	0.013	0.839	2.046	0.080	1.063	0.717	0.847	1.457	0.086	0.211	1.232	0.581	0.018	1.087
Bvulgatus_CL09T03C04	HMPREF1058_RS21600	HMPREF1058_RS21600		histidine kinase	1.131	1.115	-0.212	1.525	0.081	0.029	-0.576	-0.575	-1.923	1.481	-0.501	1.248	1.361	0.879	-0.097	0.917	2.108	2.386	-0.394	0.078	-0.944	-0.859
Bvulgatus_CL09T03C04	HMPREF1058_RS21605	HMPREF1058_RS21605		hypothetical protein	0.754	-0.186	-1.010	-0.227	0.121	1.407	-0.766	-0.396	-0.001	1.784	-1.727	0.426	1.119	0.589	0.095	0.101	0.398	-1.103	0.014	1.734	-2.555	-0.838
Bvulgatus_CL09T03C04	HMPREF1058_RS21615	HMPREF1058_RS21615		hypothetical protein	-0.107	-0.285	-0.865	-0.757	-0.603	1.256	-0.299	-0.552	1.062	-0.274	-1.461	-0.572	-0.006	-1.289	-1.433	0.372	-0.420	-1.017	-1.488	-2.180	-0.837	1.764
Bvulgatus_CL09T03C04	HMPREF1058_RS21620	HMPREF1058_RS21620		hypothetical protein	0.635	0.049	-0.231	0.226	3.412	1.545	-1.635	0.628	-0.784	-1.110	0.700	-0.248	-0.085	0.030	0.176	0.313	-0.473	0.981	-1.013	-0.243	-0.440	1.690
Bvulgatus_CL09T03C04	HMPREF1058_RS21625	HMPREF1058_RS21625		hypothetical protein	-0.917	-0.230	1.295	-0.236	-0.025	0.561	-0.505	0.043	0.122	-0.684	1.348	-0.289	-0.508	-0.660	-0.116	0.248	-0.371	0.169	0.307	0.184	0.556	0.889
Bvulgatus_CL09T03C04	HMPREF1058_RS21630	HMPREF1058_RS21630		hypothetical protein	-1.283	-0.232	-1.539	-2.271	0.965	0.886	-0.326	0.347	1.473	0.560	0.790	0.529	2.279	1.284	1.379	-0.546	0.080	1.490	0.904	-0.070	-0.342	0.249
Bvulgatus_CL09T03C04	HMPREF1058_RS21635	HMPREF1058_RS21635		transcriptional regulator	0.892	1.314	-0.246	-0.313	1.140	0.483	0.448	1.288	0.630	-0.744	0.491	-0.382	2.177	0.310	0.513	-0.587	0.101	1.058	0.132	0.375	0.025	-0.017
Bvulgatus_CL09T03C04	HMPREF1058_RS21640	HMPREF1058_RS21640		phage integrase SAM-like domain-containing protein	0.076	0.190	-2.115	-2.561	0.629	-0.411	-1.072	1.015	-0.251	-1.825	1.055	0.365	0.954	-0.645	-0.043	-0.186	-0.148	-1.114	-0.877	-1.412	-2.070	-0.802
Bvulgatus_CL09T03C04	HMPREF1058_RS21645	HMPREF1058_RS21645		hypothetical protein	-0.184	-0.118	-0.284	-0.327	1.146	-0.647	-0.183	1.176	1.226	-0.015	0.842	0.456	0.014	-0.347	1.495	-0.070	0.776	-0.452	0.545	-0.721	0.357	1.530
Bvulgatus_CL09T03C04	HMPREF1058_RS21655	HMPREF1058_RS21655		hypothetical protein	-0.042	0.167	-0.135	0.786	-0.719	-0.809	-0.802	-0.176	-0.963	0.613	-0.773	-0.157	-0.334	-1.308	-0.416	-1.129	-1.446	0.117	0.382	-0.703	-1.325	-0.659
Bvulgatus_CL09T03C04	HMPREF1058_RS21660	HMPREF1058_RS21660		hypothetical protein	0.758	2.292	-0.768	0.746	-0.483	-1.288	0.258	0.100	-0.364	0.425	0.799	1.936	2.340	1.045	1.535	0.328	-0.518	0.795	0.240	-0.642	-0.270	0.895
Bvulgatus_CL09T03C04	HMPREF1058_RS21675	HMPREF1058_RS21675		hypothetical protein	0.845	0.226	-0.610	-1.943	-0.150	-0.196	0.331	0.011	-0.479	-0.615	0.841	-0.377	-1.402	-0.096	-0.646	-0.346	-0.415	0.468	-0.329	-0.707	-1.703	-0.311
Bvulgatus_CL09T03C04	HMPREF1058_RS21680	HMPREF1058_RS21680		ATP-binding cassette domain-containing protein	-2.166	-0.878	0.935	0.650	-2.182	-1.729	-1.835	-0.553	-0.363	0.587	-1.660	-1.107	-1.849	0.302	-3.888	-1.564	0.990	-0.226	-0.542	-0.893	-0.941	-0.927
Bvulgatus_CL09T03C04	HMPREF1058_RS21685	HMPREF1058_RS21685		hypothetical protein	-0.618	-0.127	-0.110	0.874	0.126	-0.280	-0.697	0.465	-0.384	0.577	1.166	-0.305	0.368	-0.219	0.311	-1.078	-1.020	-0.252	-0.814	0.167	-0.378	0.407
Bvulgatus_CL09T03C04	HMPREF1058_RS21695	HMPREF1058_RS21695		hypothetical protein	0.084	0.149	0.312	0.656	0.298	-1.009	-0.029	-0.984	2.936	1.166	-1.310	0.115	0.681	-0.435	1.339	1.422	0.889	-0.371	2.032	2.059	-0.362	0.125
Bvulgatus_CL09T03C04	HMPREF1058_RS21700	HMPREF1058_RS21700		hypothetical protein	0.183	0.135	-0.170	-0.670	-0.196	-0.912	-1.104	0.467	1.283	0.326	0.204	0.723	-0.561	-0.873	0.861	0.524	0.587	0.401	0.952	-2.028	-0.626	0.787
Bvulgatus_CL09T03C04	HMPREF1058_RS21705	HMPREF1058_RS21705		PBSX family phage terminase large subunit	1.064	-0.138	0.634	2.649	0.095	-0.212	-0.681	0.768	-0.683	1.679	-1.344	0.048	0.909	-0.104	-0.222	1.645	-1.674	1.381	1.250	0.138	-0.125	-0.106
Bvulgatus_CL09T03C04	HMPREF1058_RS21715	HMPREF1058_RS21715		hypothetical protein	1.193	-0.605	-0.225	0.736	0.024	1.954	-1.099	-0.758	-1.996	-1.026	0.941	1.516	-1.665	-0.179	1.442	0.172	-0.857	0.266	-0.999	-0.976	-0.321	-0.049
Bvulgatus_CL09T03C04	HMPREF1058_RS21720	HMPREF1058_RS21720		ribonucleoside-triphosphate reductase	1.225	-0.054	-0.891	-1.083	-0.678	1.292	1.672	0.757	1.817	0.203	1.603	1.298	-1.521	1.401	0.591	-0.162	0.361	-0.245	2.304	2.347	1.683	1.064
Bvulgatus_CL09T03C04	HMPREF1058_RS21725	HMPREF1058_RS21725		hypothetical protein	-0.676	0.707	-1.265	0.261	-0.693	1.953	0.248	-2.171	0.000	-0.781	-0.658	-0.711	-0.971	-0.345	-0.085	-0.008	-0.799	-0.533	-0.560	-0.558	0.258	-0.953
Bvulgatus_CL09T03C04	HMPREF1058_RS21730	HMPREF1058_RS21730		hypothetical protein	1.208	-0.176	0.506	1.300	-1.591	0.547	0.878	1.276	0.586	0.374	0.993	0.091	-1.017	0.609	2.348	0.285	-0.033	2.213	-0.354	0.497	1.030	-1.259
