{
  "orgId": "acidovorax_3H11",
  "n_genes": 3935,
  "n_experiments": 140,
  "n_components_mp": 48,
  "n_components_used": 48,
  "n_runs": 30,
  "eps": 0.15,
  "min_samples": 15,
  "min_weight": 0.3,
  "max_members": 50,
  "n_stable_modules": 33,
  "n_modules_with_members": 33,
  "n_converged": 30,
  "members_per_module": [
    18,
    50,
    50,
    49,
    35,
    48,
    32,
    26,
    46,
    34,
    13,
    50,
    27,
    50,
    50,
    50,
    35,
    50,
    50,
    50,
    50,
    24,
    50,
    35,
    21,
    50,
    32,
    42,
    43,
    25,
    26,
    24,
    50
  ],
  "thresholds": [
    0.3,
    0.30124445240349185,
    0.4743304498117915,
    0.3,
    0.3,
    0.3,
    0.3,
    0.3,
    0.3,
    0.3,
    0.3,
    0.32414898142994564,
    0.3,
    0.4264922408020238,
    0.4575253611676854,
    0.5533281904709453,
    0.3,
    0.450445931398488,
    0.3,
    0.3555847772799391,
    0.45882810355343545,
    0.3,
    0.4300751683462284,
    0.3,
    0.3,
    0.36216682736405603,
    0.3,
    0.3,
    0.3,
    0.3,
    0.3,
    0.3,
    0.3237386888980319
  ],
  "elapsed_seconds": 1073.0
}