{
  "orgId": "ANA3",
  "n_genes": 3668,
  "n_experiments": 107,
  "n_components_mp": 39,
  "n_components_used": 39,
  "n_runs": 30,
  "eps": 0.15,
  "min_samples": 15,
  "min_weight": 0.3,
  "max_members": 50,
  "n_stable_modules": 38,
  "n_modules_with_members": 38,
  "n_converged": 30,
  "members_per_module": [
    50,
    50,
    50,
    10,
    31,
    24,
    11,
    50,
    50,
    26,
    50,
    40,
    32,
    47,
    50,
    50,
    16,
    50,
    50,
    50,
    37,
    50,
    45,
    8,
    50,
    45,
    50,
    19,
    50,
    34,
    50,
    50,
    49,
    50,
    25,
    46,
    22,
    50
  ],
  "thresholds": [
    0.3520778738527657,
    0.42608452946729275,
    0.356302244753807,
    0.3,
    0.3,
    0.3,
    0.3,
    0.3527427460777492,
    0.31067163581722373,
    0.3,
    0.32212092660458497,
    0.3,
    0.3,
    0.3,
    0.31929772502525483,
    0.33002972984819234,
    0.3,
    0.3354806067515156,
    0.42499260238040454,
    0.4284145900524734,
    0.3,
    0.3044348235424848,
    0.3,
    0.3,
    0.4893453661372255,
    0.3,
    0.35297840553195503,
    0.3,
    0.32962697724352813,
    0.3,
    0.5512502807838501,
    0.3536553868847762,
    0.3,
    0.31161333720423035,
    0.3,
    0.3,
    0.3,
    0.4217831280456826
  ],
  "elapsed_seconds": 587.9
}