{
  "orgId": "BFirm",
  "n_genes": 5428,
  "n_experiments": 113,
  "n_components_mp": 41,
  "n_components_used": 41,
  "n_runs": 30,
  "eps": 0.15,
  "min_samples": 15,
  "min_weight": 0.3,
  "max_members": 50,
  "n_stable_modules": 31,
  "n_modules_with_members": 31,
  "n_converged": 30,
  "members_per_module": [
    39,
    16,
    50,
    50,
    50,
    50,
    22,
    50,
    44,
    50,
    50,
    22,
    47,
    26,
    50,
    50,
    50,
    50,
    27,
    50,
    41,
    50,
    16,
    50,
    50,
    50,
    48,
    50,
    27,
    46,
    32
  ],
  "thresholds": [
    0.3,
    0.3,
    0.31923013016146895,
    0.3423631940068701,
    0.3189598815483506,
    0.3060813868162455,
    0.3,
    0.64717416876849,
    0.3,
    0.3535966911368701,
    0.30335740418030804,
    0.3,
    0.3,
    0.3,
    0.3719080249685395,
    0.33851723344710144,
    0.3186890660920888,
    0.38393877260077985,
    0.3,
    0.4421091568646297,
    0.3,
    0.6103032816182545,
    0.3,
    0.41706269425934656,
    0.3626549733380328,
    0.3943315146812871,
    0.3,
    0.320153171465096,
    0.3,
    0.3,
    0.3
  ],
  "elapsed_seconds": 733.7
}