{
  "orgId": "Caulo",
  "n_genes": 3312,
  "n_experiments": 198,
  "n_components_mp": 62,
  "n_components_used": 62,
  "n_runs": 50,
  "eps": 0.15,
  "min_samples": 25,
  "min_weight": 0.3,
  "max_members": 50,
  "n_stable_modules": 40,
  "n_modules_with_members": 40,
  "n_converged": 50,
  "members_per_module": [
    24,
    9,
    38,
    10,
    26,
    50,
    50,
    9,
    40,
    50,
    14,
    50,
    10,
    11,
    33,
    15,
    16,
    21,
    22,
    27,
    6,
    37,
    13,
    18,
    14,
    10,
    8,
    30,
    6,
    29,
    26,
    6,
    21,
    17,
    7,
    5,
    6,
    8,
    11,
    5
  ],
  "thresholds": [
    0.3,
    0.3,
    0.3,
    0.3,
    0.3,
    0.3296022401380254,
    0.3213011883837642,
    0.3,
    0.3,
    0.33952812673558774,
    0.3,
    0.33424898297423966,
    0.3,
    0.3,
    0.3,
    0.3,
    0.3,
    0.3,
    0.3,
    0.3,
    0.3,
    0.3,
    0.3,
    0.3,
    0.3,
    0.3,
    0.3,
    0.3,
    0.3,
    0.3,
    0.3,
    0.3,
    0.3,
    0.3,
    0.3,
    0.3,
    0.3,
    0.3,
    0.3,
    0.3
  ],
  "elapsed_seconds": 3755.2
}