{
  "orgId": "Cola",
  "n_genes": 3954,
  "n_experiments": 202,
  "n_components_mp": 53,
  "n_components_used": 53,
  "n_runs": 50,
  "eps": 0.15,
  "min_samples": 25,
  "min_weight": 0.3,
  "max_members": 50,
  "n_stable_modules": 37,
  "n_modules_with_members": 37,
  "n_converged": 50,
  "members_per_module": [
    46,
    20,
    50,
    50,
    50,
    15,
    9,
    16,
    8,
    12,
    13,
    5,
    14,
    32,
    10,
    16,
    50,
    50,
    23,
    13,
    50,
    50,
    22,
    50,
    30,
    50,
    39,
    34,
    50,
    50,
    13,
    20,
    24,
    50,
    50,
    20,
    32
  ],
  "thresholds": [
    0.3,
    0.3,
    0.37545667422780327,
    0.3360081648233811,
    0.3734103408914997,
    0.3,
    0.3,
    0.3,
    0.3,
    0.3,
    0.3,
    0.3,
    0.3,
    0.3,
    0.3,
    0.3,
    0.46343636682329076,
    0.3461602530948439,
    0.3,
    0.3,
    0.31128356380395944,
    0.48859278486073626,
    0.3,
    0.3958479867754752,
    0.3,
    0.3142433902405777,
    0.3,
    0.3,
    0.39455828897595957,
    0.38177819442786026,
    0.3,
    0.3,
    0.3,
    0.5334498026488007,
    0.3,
    0.3,
    0.3
  ],
  "elapsed_seconds": 1214.8
}