{
  "orgId": "Cup4G11",
  "n_genes": 6384,
  "n_experiments": 106,
  "n_components_mp": 34,
  "n_components_used": 34,
  "n_runs": 30,
  "eps": 0.15,
  "min_samples": 15,
  "min_weight": 0.3,
  "max_members": 50,
  "n_stable_modules": 31,
  "n_modules_with_members": 31,
  "n_converged": 30,
  "members_per_module": [
    50,
    50,
    50,
    43,
    50,
    43,
    44,
    45,
    50,
    50,
    50,
    50,
    50,
    50,
    50,
    50,
    50,
    50,
    50,
    50,
    44,
    50,
    50,
    50,
    50,
    50,
    50,
    50,
    27,
    50,
    44
  ],
  "thresholds": [
    0.5363277142961773,
    0.5476599632104776,
    0.3533919549397263,
    0.3,
    0.31604837021534615,
    0.3,
    0.3,
    0.3,
    0.43434738516055243,
    0.34062077832915094,
    0.3131338049761906,
    0.4803189771069519,
    0.3577634191761838,
    0.3153087971223473,
    0.5018686576623561,
    0.3495103896961072,
    0.32829423959210285,
    0.34354066467015615,
    0.34416776016993905,
    0.42880704728955205,
    0.3,
    0.6230599856998743,
    0.3897147888436674,
    0.3515510557739715,
    0.3399634863911529,
    0.30603566687766887,
    0.38281943449094924,
    0.3214322630630069,
    0.3,
    0.30686541413272744,
    0.3
  ],
  "elapsed_seconds": 666.1
}