{
  "orgId": "Dino",
  "n_genes": 3187,
  "n_experiments": 186,
  "n_components_mp": 58,
  "n_components_used": 58,
  "n_runs": 30,
  "eps": 0.15,
  "min_samples": 15,
  "min_weight": 0.3,
  "max_members": 50,
  "n_stable_modules": 29,
  "n_modules_with_members": 29,
  "n_converged": 30,
  "members_per_module": [
    41,
    15,
    31,
    11,
    50,
    50,
    50,
    14,
    23,
    50,
    10,
    39,
    25,
    15,
    29,
    21,
    50,
    7,
    20,
    50,
    18,
    22,
    47,
    20,
    17,
    27,
    36,
    9,
    19
  ],
  "thresholds": [
    0.3,
    0.3,
    0.3,
    0.3,
    0.31888075941245897,
    0.30127420464541077,
    0.38721350854244196,
    0.3,
    0.3,
    0.3609669881984977,
    0.3,
    0.3,
    0.3,
    0.3,
    0.3,
    0.3,
    0.3231365700332454,
    0.3,
    0.3,
    0.3428903051187351,
    0.3,
    0.3,
    0.3,
    0.3,
    0.3,
    0.3,
    0.3,
    0.3,
    0.3
  ],
  "elapsed_seconds": 614.3
}