{
  "orgId": "DvH",
  "n_genes": 2741,
  "n_experiments": 757,
  "n_components_mp": 114,
  "n_components_used": 80,
  "n_runs": 50,
  "eps": 0.15,
  "min_samples": 25,
  "min_weight": 0.3,
  "max_members": 50,
  "n_stable_modules": 52,
  "n_modules_with_members": 52,
  "n_converged": 50,
  "members_per_module": [
    8,
    3,
    19,
    9,
    9,
    12,
    15,
    17,
    7,
    4,
    5,
    50,
    17,
    19,
    1,
    7,
    25,
    6,
    21,
    20,
    41,
    26,
    21,
    11,
    9,
    11,
    50,
    6,
    11,
    7,
    9,
    36,
    7,
    8,
    15,
    37,
    13,
    6,
    14,
    4,
    4,
    17,
    5,
    3,
    6,
    4,
    6,
    7,
    3,
    8,
    5,
    16
  ],
  "thresholds": [
    0.3,
    0.3,
    0.3,
    0.3,
    0.3,
    0.3,
    0.3,
    0.3,
    0.3,
    0.3,
    0.3,
    0.40668106664495135,
    0.3,
    0.3,
    0.3,
    0.3,
    0.3,
    0.3,
    0.3,
    0.3,
    0.3,
    0.3,
    0.3,
    0.3,
    0.3,
    0.3,
    0.3428126338094001,
    0.3,
    0.3,
    0.3,
    0.3,
    0.3,
    0.3,
    0.3,
    0.3,
    0.3,
    0.3,
    0.3,
    0.3,
    0.3,
    0.3,
    0.3,
    0.3,
    0.3,
    0.3,
    0.3,
    0.3,
    0.3,
    0.3,
    0.3,
    0.3,
    0.3
  ],
  "elapsed_seconds": 4937.2
}