{
  "orgId": "Kang",
  "n_genes": 2003,
  "n_experiments": 108,
  "n_components_mp": 40,
  "n_components_used": 40,
  "n_runs": 30,
  "eps": 0.15,
  "min_samples": 15,
  "min_weight": 0.3,
  "max_members": 50,
  "n_stable_modules": 28,
  "n_modules_with_members": 28,
  "n_converged": 30,
  "members_per_module": [
    28,
    24,
    24,
    50,
    28,
    50,
    38,
    28,
    25,
    39,
    12,
    31,
    50,
    39,
    35,
    50,
    27,
    50,
    50,
    12,
    47,
    21,
    50,
    33,
    18,
    50,
    33,
    50
  ],
  "thresholds": [
    0.3,
    0.3,
    0.3,
    0.39573198225050815,
    0.3,
    0.369195478460561,
    0.3,
    0.3,
    0.3,
    0.3,
    0.3,
    0.3,
    0.30152579334984714,
    0.3,
    0.3,
    0.38312472607612114,
    0.3,
    0.516705954540253,
    0.305243494734741,
    0.3,
    0.3,
    0.3,
    0.35227468031752607,
    0.3,
    0.3,
    0.3,
    0.3,
    0.30729232354339125
  ],
  "elapsed_seconds": 309.7
}