{
  "orgId": "Keio",
  "n_genes": 3789,
  "n_experiments": 168,
  "n_components_mp": 50,
  "n_components_used": 50,
  "n_runs": 30,
  "eps": 0.15,
  "min_samples": 15,
  "min_weight": 0.3,
  "max_members": 50,
  "n_stable_modules": 38,
  "n_modules_with_members": 38,
  "n_converged": 30,
  "members_per_module": [
    17,
    31,
    50,
    50,
    49,
    21,
    50,
    31,
    20,
    50,
    50,
    13,
    50,
    50,
    35,
    20,
    21,
    50,
    50,
    50,
    48,
    37,
    14,
    4,
    36,
    30,
    50,
    50,
    50,
    2,
    50,
    50,
    50,
    10,
    19,
    11,
    20,
    50
  ],
  "thresholds": [
    0.3,
    0.3,
    0.31311657520411407,
    0.30848675761075395,
    0.3,
    0.3,
    0.42237121053139925,
    0.3,
    0.3,
    0.3797789318436975,
    0.4112442232889035,
    0.3,
    0.4219049316459157,
    0.3035276387429183,
    0.3,
    0.3,
    0.3,
    0.3,
    0.31325806133875245,
    0.34781443785390476,
    0.3,
    0.3,
    0.3,
    0.3,
    0.3,
    0.3,
    0.35474023714302405,
    0.446032835227551,
    0.3057155816848522,
    0.3,
    0.4569503081687019,
    0.5473971889458376,
    0.36546998578030165,
    0.3,
    0.3,
    0.3,
    0.3,
    0.3221905913570925
  ],
  "elapsed_seconds": 631.1
}