{
  "orgId": "Korea",
  "n_genes": 3393,
  "n_experiments": 162,
  "n_components_mp": 47,
  "n_components_used": 47,
  "n_runs": 30,
  "eps": 0.15,
  "min_samples": 15,
  "min_weight": 0.3,
  "max_members": 50,
  "n_stable_modules": 29,
  "n_modules_with_members": 29,
  "n_converged": 30,
  "members_per_module": [
    39,
    14,
    50,
    7,
    50,
    48,
    11,
    12,
    50,
    11,
    8,
    23,
    19,
    50,
    6,
    11,
    12,
    15,
    22,
    50,
    50,
    11,
    16,
    7,
    12,
    13,
    23,
    14,
    19
  ],
  "thresholds": [
    0.3,
    0.3,
    0.3593970878372558,
    0.3,
    0.527454838613066,
    0.3,
    0.3,
    0.3,
    0.34399011332852153,
    0.3,
    0.3,
    0.3,
    0.3,
    0.31133323290991544,
    0.3,
    0.3,
    0.3,
    0.3,
    0.3,
    0.44686507337561887,
    0.45903078836310796,
    0.3,
    0.3,
    0.3,
    0.3,
    0.3,
    0.3,
    0.3,
    0.3
  ],
  "elapsed_seconds": 860.3
}