{
  "orgId": "Koxy",
  "n_genes": 4608,
  "n_experiments": 208,
  "n_components_mp": 63,
  "n_components_used": 63,
  "n_runs": 50,
  "eps": 0.15,
  "min_samples": 25,
  "min_weight": 0.3,
  "max_members": 50,
  "n_stable_modules": 44,
  "n_modules_with_members": 44,
  "n_converged": 50,
  "members_per_module": [
    22,
    50,
    23,
    42,
    30,
    50,
    50,
    17,
    50,
    7,
    30,
    50,
    18,
    50,
    33,
    35,
    50,
    31,
    50,
    14,
    36,
    50,
    10,
    50,
    35,
    10,
    10,
    37,
    47,
    50,
    15,
    20,
    50,
    42,
    12,
    28,
    50,
    43,
    32,
    6,
    34,
    19,
    5,
    16
  ],
  "thresholds": [
    0.3,
    0.5675235502126605,
    0.3,
    0.3,
    0.3,
    0.30234859864758723,
    0.37993973553374777,
    0.3,
    0.39786909448277297,
    0.3,
    0.3,
    0.3539794972710098,
    0.3,
    0.504018984972486,
    0.3,
    0.3,
    0.3929422095403959,
    0.3,
    0.3435803379442561,
    0.3,
    0.3,
    0.49648069983886056,
    0.3,
    0.3504634623260072,
    0.3,
    0.3,
    0.3,
    0.3,
    0.3,
    0.37296299658306303,
    0.3,
    0.3,
    0.3298952689722141,
    0.3,
    0.3,
    0.3,
    0.36975601313203604,
    0.3,
    0.3,
    0.3,
    0.3,
    0.3,
    0.3,
    0.3
  ],
  "elapsed_seconds": 1570.0
}