{
  "orgId": "Marino",
  "n_genes": 3650,
  "n_experiments": 255,
  "n_components_mp": 70,
  "n_components_used": 70,
  "n_runs": 50,
  "eps": 0.15,
  "min_samples": 25,
  "min_weight": 0.3,
  "max_members": 50,
  "n_stable_modules": 39,
  "n_modules_with_members": 39,
  "n_converged": 50,
  "members_per_module": [
    19,
    24,
    6,
    21,
    9,
    17,
    33,
    26,
    24,
    9,
    34,
    42,
    19,
    50,
    8,
    11,
    9,
    22,
    12,
    7,
    50,
    16,
    50,
    36,
    6,
    23,
    14,
    17,
    50,
    47,
    50,
    17,
    50,
    22,
    38,
    19,
    39,
    6,
    7
  ],
  "thresholds": [
    0.3,
    0.3,
    0.3,
    0.3,
    0.3,
    0.3,
    0.3,
    0.3,
    0.3,
    0.3,
    0.3,
    0.3,
    0.3,
    0.3896306602881474,
    0.3,
    0.3,
    0.3,
    0.3,
    0.3,
    0.3,
    0.39067401718556133,
    0.3,
    0.3220103176121351,
    0.3,
    0.3,
    0.3,
    0.3,
    0.3,
    0.4486457051355746,
    0.3,
    0.30350743519398315,
    0.3,
    0.352171521247586,
    0.3,
    0.3,
    0.3,
    0.3,
    0.3,
    0.3
  ],
  "elapsed_seconds": 1512.8
}