{
  "orgId": "Miya",
  "n_genes": 2531,
  "n_experiments": 178,
  "n_components_mp": 58,
  "n_components_used": 58,
  "n_runs": 30,
  "eps": 0.15,
  "min_samples": 15,
  "min_weight": 0.3,
  "max_members": 50,
  "n_stable_modules": 27,
  "n_modules_with_members": 27,
  "n_converged": 30,
  "members_per_module": [
    26,
    6,
    11,
    20,
    50,
    50,
    48,
    29,
    50,
    50,
    22,
    16,
    50,
    34,
    50,
    17,
    39,
    38,
    41,
    17,
    50,
    50,
    29,
    26,
    11,
    10,
    45
  ],
  "thresholds": [
    0.3,
    0.3,
    0.3,
    0.3,
    0.32786005044352984,
    0.30512172974401713,
    0.3,
    0.3,
    0.48421485754650095,
    0.3661817314636717,
    0.3,
    0.3,
    0.34339838030450626,
    0.3,
    0.47244724464943455,
    0.3,
    0.3,
    0.3,
    0.3,
    0.3,
    0.4334573944517951,
    0.4868440999168172,
    0.3,
    0.3,
    0.3,
    0.3,
    0.3
  ],
  "elapsed_seconds": 430.5
}