{
  "orgId": "MR1",
  "n_genes": 3782,
  "n_experiments": 176,
  "n_components_mp": 60,
  "n_components_used": 60,
  "n_runs": 30,
  "eps": 0.15,
  "min_samples": 15,
  "min_weight": 0.3,
  "max_members": 50,
  "n_stable_modules": 45,
  "n_modules_with_members": 45,
  "n_converged": 30,
  "members_per_module": [
    26,
    13,
    12,
    7,
    50,
    7,
    31,
    50,
    50,
    46,
    50,
    19,
    9,
    46,
    7,
    16,
    50,
    15,
    38,
    49,
    13,
    14,
    6,
    50,
    10,
    32,
    50,
    27,
    25,
    27,
    50,
    27,
    39,
    21,
    33,
    33,
    50,
    42,
    50,
    30,
    50,
    50,
    36,
    50,
    4
  ],
  "thresholds": [
    0.3,
    0.3,
    0.3,
    0.3,
    0.4758155409052211,
    0.3,
    0.3,
    0.4383021475205974,
    0.3076735998771544,
    0.3,
    0.3903037574192794,
    0.3,
    0.3,
    0.3,
    0.3,
    0.3,
    0.42046278346451815,
    0.3,
    0.3,
    0.3,
    0.3,
    0.3,
    0.3,
    0.31059782108391365,
    0.3,
    0.3,
    0.6477332683457746,
    0.3,
    0.3,
    0.3,
    0.3045564147371624,
    0.3,
    0.3,
    0.3,
    0.3,
    0.3,
    0.3513650631248171,
    0.3,
    0.43500666702607743,
    0.3,
    0.3456819193849182,
    0.3832998527968157,
    0.3,
    0.33482722653955305,
    0.3
  ],
  "elapsed_seconds": 1655.7
}