{
  "orgId": "Pedo557",
  "n_genes": 4423,
  "n_experiments": 177,
  "n_components_mp": 57,
  "n_components_used": 57,
  "n_runs": 30,
  "eps": 0.15,
  "min_samples": 15,
  "min_weight": 0.3,
  "max_members": 50,
  "n_stable_modules": 35,
  "n_modules_with_members": 35,
  "n_converged": 30,
  "members_per_module": [
    39,
    50,
    45,
    50,
    14,
    15,
    50,
    19,
    50,
    50,
    24,
    50,
    21,
    33,
    32,
    50,
    18,
    50,
    25,
    39,
    16,
    26,
    10,
    44,
    25,
    24,
    43,
    50,
    21,
    29,
    19,
    7,
    13,
    35,
    13
  ],
  "thresholds": [
    0.3,
    0.3912880886834793,
    0.3,
    0.3808910110309724,
    0.3,
    0.3,
    0.3280999111978162,
    0.3,
    0.5646287009426523,
    0.5104767357538698,
    0.3,
    0.3161222178995377,
    0.3,
    0.3,
    0.3,
    0.36089912230445464,
    0.3,
    0.3789616954979603,
    0.3,
    0.3,
    0.3,
    0.3,
    0.3,
    0.3,
    0.3,
    0.3,
    0.3,
    0.46415514418918313,
    0.3,
    0.3,
    0.3,
    0.3,
    0.3,
    0.3,
    0.3
  ],
  "elapsed_seconds": 781.8
}