{
  "orgId": "Phaeo",
  "n_genes": 3099,
  "n_experiments": 274,
  "n_components_mp": 70,
  "n_components_used": 70,
  "n_runs": 50,
  "eps": 0.15,
  "min_samples": 25,
  "min_weight": 0.3,
  "max_members": 50,
  "n_stable_modules": 37,
  "n_modules_with_members": 37,
  "n_converged": 50,
  "members_per_module": [
    16,
    21,
    50,
    8,
    50,
    14,
    10,
    12,
    12,
    14,
    11,
    15,
    50,
    28,
    15,
    45,
    50,
    27,
    21,
    24,
    50,
    10,
    7,
    8,
    13,
    38,
    12,
    12,
    46,
    25,
    38,
    7,
    24,
    45,
    34,
    23,
    12
  ],
  "thresholds": [
    0.3,
    0.3,
    0.3142485865641329,
    0.3,
    0.4695962884819219,
    0.3,
    0.3,
    0.3,
    0.3,
    0.3,
    0.3,
    0.3,
    0.4541744676394847,
    0.3,
    0.3,
    0.3,
    0.3745457687705299,
    0.3,
    0.3,
    0.3,
    0.3455010645084244,
    0.3,
    0.3,
    0.3,
    0.3,
    0.3,
    0.3,
    0.3,
    0.3,
    0.3,
    0.3,
    0.3,
    0.3,
    0.3,
    0.3,
    0.3,
    0.3
  ],
  "elapsed_seconds": 1286.5
}