{
  "orgId": "Ponti",
  "n_genes": 3685,
  "n_experiments": 104,
  "n_components_mp": 33,
  "n_components_used": 33,
  "n_runs": 30,
  "eps": 0.15,
  "min_samples": 15,
  "min_weight": 0.3,
  "max_members": 50,
  "n_stable_modules": 33,
  "n_modules_with_members": 33,
  "n_converged": 30,
  "members_per_module": [
    50,
    25,
    50,
    50,
    14,
    48,
    50,
    50,
    50,
    10,
    50,
    41,
    50,
    50,
    50,
    27,
    28,
    25,
    11,
    50,
    12,
    40,
    50,
    50,
    32,
    50,
    50,
    50,
    50,
    41,
    50,
    50,
    50
  ],
  "thresholds": [
    0.44785674312683593,
    0.3,
    0.5705479853486235,
    0.423908528547562,
    0.3,
    0.3,
    0.4269438961467992,
    0.6167168381436196,
    0.32744451172528466,
    0.3,
    0.3767145628375668,
    0.3,
    0.5139230741775501,
    0.39794501824720524,
    0.36339397901833487,
    0.3,
    0.3,
    0.3,
    0.3,
    0.3627000988632552,
    0.3,
    0.3,
    0.42504250641553315,
    0.4292208553329682,
    0.3,
    0.3283747868126082,
    0.35615122931413584,
    0.4542832694329782,
    0.3950534479261428,
    0.3,
    0.5557892679405305,
    0.45062827141450124,
    0.44076105285112155
  ],
  "elapsed_seconds": 416.0
}