{
  "orgId": "pseudo13_GW456_L13",
  "n_genes": 4350,
  "n_experiments": 106,
  "n_components_mp": 42,
  "n_components_used": 42,
  "n_runs": 30,
  "eps": 0.15,
  "min_samples": 15,
  "min_weight": 0.3,
  "max_members": 50,
  "n_stable_modules": 35,
  "n_modules_with_members": 35,
  "n_converged": 30,
  "members_per_module": [
    29,
    47,
    50,
    50,
    32,
    50,
    50,
    50,
    50,
    50,
    50,
    38,
    50,
    50,
    50,
    25,
    50,
    50,
    50,
    31,
    50,
    50,
    50,
    50,
    50,
    35,
    30,
    50,
    50,
    50,
    38,
    50,
    50,
    50,
    50
  ],
  "thresholds": [
    0.3,
    0.3,
    0.34938319375373633,
    0.32279288147891,
    0.3,
    0.36202943598794807,
    0.36726097965562404,
    0.3691974107341202,
    0.32921140314849534,
    0.34306110566474374,
    0.3244509968709783,
    0.3,
    0.3086978796052815,
    0.43253914183626807,
    0.48838706452004044,
    0.3,
    0.3364289490229389,
    0.3228713810917607,
    0.31614258468635725,
    0.3,
    0.3414306228922543,
    0.4200438671564738,
    0.3418186264767139,
    0.47860508958950604,
    0.31169615314641463,
    0.3,
    0.3,
    0.36166556669350874,
    0.38943812461006333,
    0.593114897779884,
    0.3,
    0.3168123810458979,
    0.3577597598217395,
    0.3561764629722382,
    0.3016829444635388
  ],
  "elapsed_seconds": 931.3
}