{
  "orgId": "pseudo1_N1B4",
  "n_genes": 4336,
  "n_experiments": 147,
  "n_components_mp": 42,
  "n_components_used": 42,
  "n_runs": 30,
  "eps": 0.15,
  "min_samples": 15,
  "min_weight": 0.3,
  "max_members": 50,
  "n_stable_modules": 18,
  "n_modules_with_members": 18,
  "n_converged": 30,
  "members_per_module": [
    38,
    50,
    43,
    32,
    30,
    36,
    50,
    41,
    50,
    22,
    50,
    25,
    37,
    24,
    50,
    49,
    50,
    14
  ],
  "thresholds": [
    0.3,
    0.303527795668463,
    0.3,
    0.3,
    0.3,
    0.3,
    0.31604150376173784,
    0.3,
    0.4155528944395207,
    0.3,
    0.5541130646133662,
    0.3,
    0.3,
    0.3,
    0.4923087581534429,
    0.3,
    0.3392022501794833,
    0.3
  ],
  "elapsed_seconds": 838.0
}