{
  "orgId": "pseudo6_N2E2",
  "n_genes": 5133,
  "n_experiments": 188,
  "n_components_mp": 58,
  "n_components_used": 58,
  "n_runs": 30,
  "eps": 0.15,
  "min_samples": 15,
  "min_weight": 0.3,
  "max_members": 50,
  "n_stable_modules": 43,
  "n_modules_with_members": 43,
  "n_converged": 30,
  "members_per_module": [
    50,
    32,
    50,
    38,
    14,
    35,
    50,
    50,
    19,
    50,
    48,
    50,
    50,
    16,
    15,
    18,
    22,
    50,
    50,
    50,
    22,
    28,
    45,
    17,
    50,
    25,
    32,
    50,
    49,
    44,
    9,
    50,
    50,
    26,
    18,
    21,
    19,
    14,
    50,
    50,
    40,
    15,
    14
  ],
  "thresholds": [
    0.3208739527220349,
    0.3,
    0.4913630805407788,
    0.3,
    0.3,
    0.3,
    0.35684415874506636,
    0.36877702473171586,
    0.3,
    0.3104231685039114,
    0.3,
    0.3100065755962363,
    0.7398047130622711,
    0.3,
    0.3,
    0.3,
    0.3,
    0.3323074304921171,
    0.36203000628891885,
    0.311567640171432,
    0.3,
    0.3,
    0.3,
    0.3,
    0.3,
    0.3,
    0.3,
    0.430148328030741,
    0.3,
    0.3,
    0.3,
    0.4086856726784167,
    0.3387455224349578,
    0.3,
    0.3,
    0.3,
    0.3,
    0.3,
    0.316951686941388,
    0.3764775434608603,
    0.3,
    0.3,
    0.3
  ],
  "elapsed_seconds": 1118.5
}