{
  "orgId": "pseudo5_N2C3_1",
  "n_genes": 5193,
  "n_experiments": 184,
  "n_components_mp": 56,
  "n_components_used": 56,
  "n_runs": 30,
  "eps": 0.15,
  "min_samples": 15,
  "min_weight": 0.3,
  "max_members": 50,
  "n_stable_modules": 46,
  "n_modules_with_members": 46,
  "n_converged": 30,
  "members_per_module": [
    50,
    50,
    47,
    50,
    24,
    20,
    21,
    50,
    20,
    50,
    39,
    50,
    50,
    22,
    50,
    50,
    36,
    48,
    50,
    42,
    38,
    50,
    14,
    50,
    33,
    36,
    50,
    32,
    50,
    50,
    17,
    50,
    35,
    37,
    50,
    32,
    18,
    22,
    50,
    28,
    13,
    24,
    25,
    10,
    19,
    14
  ],
  "thresholds": [
    0.5431675144359013,
    0.3420434924966633,
    0.3,
    0.4685256116460319,
    0.3,
    0.3,
    0.3,
    0.3471049550903056,
    0.3,
    0.3181810011134921,
    0.3,
    0.485927619997302,
    0.4896690677550662,
    0.3,
    0.3778020786487324,
    0.3505535251112329,
    0.3,
    0.3,
    0.3239039841362655,
    0.3,
    0.3,
    0.35194269417758706,
    0.3,
    0.30812243963513997,
    0.3,
    0.3,
    0.35053753124315457,
    0.3,
    0.3275542133108489,
    0.5498125254686772,
    0.3,
    0.3845078411705084,
    0.3,
    0.3,
    0.41339033354776855,
    0.3,
    0.3,
    0.3,
    0.3,
    0.3,
    0.3,
    0.3,
    0.3,
    0.3,
    0.3,
    0.3
  ],
  "elapsed_seconds": 872.8
}