{
  "orgId": "pseudo3_N2E3",
  "n_genes": 5028,
  "n_experiments": 211,
  "n_components_mp": 67,
  "n_components_used": 67,
  "n_runs": 50,
  "eps": 0.15,
  "min_samples": 25,
  "min_weight": 0.3,
  "max_members": 50,
  "n_stable_modules": 40,
  "n_modules_with_members": 40,
  "n_converged": 50,
  "members_per_module": [
    37,
    23,
    15,
    19,
    30,
    11,
    48,
    29,
    7,
    50,
    50,
    13,
    24,
    50,
    50,
    49,
    25,
    47,
    29,
    32,
    17,
    21,
    32,
    33,
    17,
    50,
    14,
    38,
    50,
    50,
    50,
    50,
    50,
    30,
    47,
    50,
    15,
    50,
    29,
    10
  ],
  "thresholds": [
    0.3,
    0.3,
    0.3,
    0.3,
    0.3,
    0.3,
    0.3,
    0.3,
    0.3,
    0.36949786385665656,
    0.324946040330861,
    0.3,
    0.3,
    0.35526737419708887,
    0.3349987363514262,
    0.3,
    0.3,
    0.3,
    0.3,
    0.3,
    0.3,
    0.3,
    0.3,
    0.3,
    0.3,
    0.5630148863966954,
    0.3,
    0.3,
    0.6071014846144563,
    0.39153565815239805,
    0.4294675339617718,
    0.33270101864711954,
    0.42660095653216107,
    0.3,
    0.3,
    0.3084609036714457,
    0.3,
    0.37624167020342425,
    0.3,
    0.3
  ],
  "elapsed_seconds": 1936.4
}