{
  "orgId": "psRCH2",
  "n_genes": 3349,
  "n_experiments": 350,
  "n_components_mp": 86,
  "n_components_used": 80,
  "n_runs": 50,
  "eps": 0.15,
  "min_samples": 25,
  "min_weight": 0.3,
  "max_members": 50,
  "n_stable_modules": 41,
  "n_modules_with_members": 41,
  "n_converged": 50,
  "members_per_module": [
    35,
    12,
    19,
    29,
    19,
    24,
    50,
    50,
    12,
    20,
    5,
    13,
    38,
    15,
    6,
    31,
    24,
    20,
    18,
    18,
    15,
    12,
    16,
    38,
    21,
    27,
    38,
    50,
    36,
    50,
    24,
    38,
    17,
    14,
    50,
    14,
    50,
    11,
    11,
    16,
    13
  ],
  "thresholds": [
    0.3,
    0.3,
    0.3,
    0.3,
    0.3,
    0.3,
    0.3873515411244504,
    0.30564433127895496,
    0.3,
    0.3,
    0.3,
    0.3,
    0.3,
    0.3,
    0.3,
    0.3,
    0.3,
    0.3,
    0.3,
    0.3,
    0.3,
    0.3,
    0.3,
    0.3,
    0.3,
    0.3,
    0.3,
    0.32913469450930855,
    0.3,
    0.3466703258114763,
    0.3,
    0.3,
    0.3,
    0.3,
    0.3460352090829062,
    0.3,
    0.3823947964614561,
    0.3,
    0.3,
    0.3,
    0.3
  ],
  "elapsed_seconds": 1676.8
}