{
  "orgId": "Putida",
  "n_genes": 4778,
  "n_experiments": 300,
  "n_components_mp": 85,
  "n_components_used": 80,
  "n_runs": 50,
  "eps": 0.15,
  "min_samples": 25,
  "min_weight": 0.3,
  "max_members": 50,
  "n_stable_modules": 38,
  "n_modules_with_members": 38,
  "n_converged": 50,
  "members_per_module": [
    13,
    22,
    25,
    21,
    50,
    19,
    17,
    36,
    20,
    21,
    9,
    50,
    23,
    31,
    50,
    18,
    17,
    20,
    31,
    50,
    50,
    31,
    28,
    50,
    19,
    50,
    37,
    38,
    50,
    17,
    18,
    10,
    15,
    14,
    31,
    10,
    12,
    11
  ],
  "thresholds": [
    0.3,
    0.3,
    0.3,
    0.3,
    0.3374069554652608,
    0.3,
    0.3,
    0.3,
    0.3,
    0.3,
    0.3,
    0.5096925132729131,
    0.3,
    0.3,
    0.3082263972701491,
    0.3,
    0.3,
    0.3,
    0.3,
    0.37970946637736563,
    0.4912770840942685,
    0.3,
    0.3,
    0.31670500061301277,
    0.3,
    0.3872683573427083,
    0.3,
    0.3,
    0.40539154173490977,
    0.3,
    0.3,
    0.3,
    0.3,
    0.3,
    0.3,
    0.3,
    0.3,
    0.3
  ],
  "elapsed_seconds": 4656.6
}