{
  "orgId": "PV4",
  "n_genes": 3009,
  "n_experiments": 160,
  "n_components_mp": 54,
  "n_components_used": 54,
  "n_runs": 30,
  "eps": 0.15,
  "min_samples": 15,
  "min_weight": 0.3,
  "max_members": 50,
  "n_stable_modules": 32,
  "n_modules_with_members": 32,
  "n_converged": 30,
  "members_per_module": [
    50,
    50,
    50,
    7,
    41,
    5,
    50,
    36,
    30,
    50,
    33,
    46,
    50,
    50,
    11,
    50,
    50,
    50,
    14,
    43,
    30,
    50,
    26,
    34,
    14,
    50,
    29,
    44,
    7,
    13,
    16,
    20
  ],
  "thresholds": [
    0.30375072500803624,
    0.47171220090850974,
    0.35007503355843916,
    0.3,
    0.3,
    0.3,
    0.3120322993665727,
    0.3,
    0.3,
    0.3286705639663937,
    0.3,
    0.3,
    0.38095617302957346,
    0.3123786125097098,
    0.3,
    0.3404101131093868,
    0.6932077075188002,
    0.3580225712934009,
    0.3,
    0.3,
    0.3,
    0.34601569752016254,
    0.3,
    0.3,
    0.3,
    0.30264127775636446,
    0.3,
    0.3,
    0.3,
    0.3,
    0.3,
    0.3
  ],
  "elapsed_seconds": 1047.8
}