{
  "orgId": "SB2B",
  "n_genes": 3121,
  "n_experiments": 190,
  "n_components_mp": 68,
  "n_components_used": 68,
  "n_runs": 30,
  "eps": 0.15,
  "min_samples": 15,
  "min_weight": 0.3,
  "max_members": 50,
  "n_stable_modules": 43,
  "n_modules_with_members": 43,
  "n_converged": 30,
  "members_per_module": [
    13,
    12,
    22,
    50,
    8,
    38,
    35,
    23,
    21,
    17,
    38,
    47,
    36,
    50,
    10,
    23,
    43,
    28,
    27,
    50,
    49,
    23,
    33,
    50,
    18,
    44,
    50,
    30,
    11,
    50,
    11,
    50,
    32,
    48,
    36,
    45,
    11,
    32,
    50,
    7,
    1,
    18,
    9
  ],
  "thresholds": [
    0.3,
    0.3,
    0.3,
    0.538683062162737,
    0.3,
    0.3,
    0.3,
    0.3,
    0.3,
    0.3,
    0.3,
    0.3,
    0.3,
    0.341407516262555,
    0.3,
    0.3,
    0.3,
    0.3,
    0.3,
    0.32332081530514223,
    0.3,
    0.3,
    0.3,
    0.5306159988581014,
    0.3,
    0.3,
    0.31942312081683627,
    0.3,
    0.3,
    0.4301470617758807,
    0.3,
    0.3338146191645762,
    0.3,
    0.3,
    0.3,
    0.3,
    0.3,
    0.3,
    0.30924812475010444,
    0.3,
    0.3,
    0.3,
    0.3
  ],
  "elapsed_seconds": 1501.5
}