{
  "orgId": "SynE",
  "n_genes": 1899,
  "n_experiments": 129,
  "n_components_mp": 41,
  "n_components_used": 41,
  "n_runs": 30,
  "eps": 0.15,
  "min_samples": 15,
  "min_weight": 0.3,
  "max_members": 50,
  "n_stable_modules": 19,
  "n_modules_with_members": 19,
  "n_converged": 30,
  "members_per_module": [
    50,
    29,
    15,
    50,
    12,
    24,
    35,
    14,
    25,
    26,
    18,
    21,
    21,
    50,
    39,
    35,
    50,
    14,
    5
  ],
  "thresholds": [
    0.3189724775494304,
    0.3,
    0.3,
    0.30166575785566324,
    0.3,
    0.3,
    0.3,
    0.3,
    0.3,
    0.3,
    0.3,
    0.3,
    0.3,
    0.3187123923621557,
    0.3,
    0.3,
    0.3,
    0.3,
    0.3
  ],
  "elapsed_seconds": 194.2
}