{
  "orgId": "WCS417",
  "n_genes": 4419,
  "n_experiments": 201,
  "n_components_mp": 60,
  "n_components_used": 60,
  "n_runs": 50,
  "eps": 0.15,
  "min_samples": 25,
  "min_weight": 0.3,
  "max_members": 50,
  "n_stable_modules": 35,
  "n_modules_with_members": 35,
  "n_converged": 50,
  "members_per_module": [
    23,
    48,
    50,
    30,
    50,
    21,
    39,
    11,
    24,
    50,
    24,
    48,
    28,
    42,
    26,
    50,
    19,
    44,
    50,
    50,
    50,
    46,
    50,
    50,
    50,
    50,
    50,
    50,
    27,
    13,
    26,
    23,
    50,
    14,
    16
  ],
  "thresholds": [
    0.3,
    0.3,
    0.3098736896733436,
    0.3,
    0.36462738972805125,
    0.3,
    0.3,
    0.3,
    0.3,
    0.30129366328524837,
    0.3,
    0.3,
    0.3,
    0.3,
    0.3,
    0.32230410675396703,
    0.3,
    0.3,
    0.3439669712602227,
    0.4339629817826235,
    0.3397817918155338,
    0.3,
    0.3446929866512435,
    0.38506517313432076,
    0.3317706914616958,
    0.5789876912212131,
    0.395652122016254,
    0.31278575514885315,
    0.3,
    0.3,
    0.3,
    0.3,
    0.300839584221934,
    0.3,
    0.3
  ],
  "elapsed_seconds": 1899.3
}