{
  "Zn": 0.38,
  "Cu": 0.6,
  "Cd": 0.01,
  "Co": 0.5,
  "Ni": 0.65,
  "Cr": 0.02,
  "Hg": 0.02,
  "Mn": 0.01,
  "Fe": 0.03,
  "Se": 0.01,
  "Al": 0.38,
  "Ampicillin": 0.01,
  "Kanamycin": 0.01,
  "Gentamicin": 0.13,
  "Rifampicin": 0.5800000000000001,
  "Chloramphenicol": 0.67,
  "Tetracycline": 0.11,
  "Phosphomycin": 0.060000000000000005,
  "Ceftazidime": 0.87,
  "Polymyxin": 0.38,
  "Ramoplanin": 0.01,
  "Vancomycin": 0.18000000000000002,
  "Erythromycin": 0.01,
  "Ciprofloxacin": 0.01,
  "Spectinomycin": 0.5,
  "Streptomycin": 0.01,
  "Carbenicillin": 0.19,
  "Penicillin": 0.01,
  "Trimethoprim": 0.01,
  "Bacitracin": 0.37,
  "Linezolid": 0.01,
  "H2O2": 0.01,
  "Paraquat": 0.5,
  "Nitric oxide": 0.65,
  "Acid": 0.72,
  "NaCl": 0.04,
  "Sucrose": 0.31,
  "Heat": 0.4,
  "Cold": 0.9400000000000001,
  "EDTA": 0.01,
  "Ethanol": 0.74,
  "Bile salts": 0.01,
  "Nitrogen limitation": 0.01,
  "Iron limitation": 0.21000000000000002,
  "UV": 0.74,
  "Anaerobic": 0.03
}