strain	n	prod_rate	AUC	accuracy
FW300-N2A2	105	0.5523809523809524	0.5	0.5523809523809524
FW300-N2E3	105	0.5523809523809524	0.5	0.5523809523809524
FW300-N2F2	105	0.6190476190476191	0.5	0.6190476190476191
FW507-14TSA	105	0.7333333333333333	0.5	0.7333333333333333
GW456-L13	105	0.7904761904761904	0.5	0.7904761904761904
GW456-L15	105	0.6571428571428571	0.5	0.6571428571428571
