mapping_mode	outcome	n_base	spearman_rho	spearman_rho_ci_low	spearman_rho_ci_high	spearman_p	spearman_q	adj_cov_beta	adj_cov_beta_ci_low	adj_cov_beta_ci_high	adj_cov_p	adj_cov_q
relaxed_all_clades	site_defense_score	108	0.0586851105585564	-0.1282298681746228	0.2502446388017971	0.546310957806959	0.8624274727305729	0.0007507645335239	0.0002236492036111	0.0017786233929887	0.0003979445670899	0.0461615697824339
strict_single_clade	site_defense_score	108	0.0682404946316461	-0.1107618950735089	0.2529744321456143	0.4828397224625436	0.8486273909947736	0.0006397733854584	0.0001685966439507	0.0015379110486403	0.0035403674894172	0.1301808459806441
