mapping_mode	outcome	status	n_samples	spearman_rho	spearman_p	permutation_p	ols_beta_contamination	ols_p_contamination
relaxed_all_clades	site_mobilome_score	constant_feature	108					
relaxed_all_clades	site_defense_score	ok	108	0.05868511055855649	0.546310957806959	0.530938123752495	0.0009457470998549456	0.06808309237861475
relaxed_all_clades	site_stress_score	ok	108	0.05868511055855649	0.546310957806959	0.530938123752495	0.0004728735499274728	0.06808309237861475
relaxed_all_clades	site_metabolism_score	ok	108	-0.006449646079243953	0.947180831491537	0.9441117764471058	0.0023819251104144398	0.7616559139875954
strict_single_clade	site_mobilome_score	constant_feature	108					
strict_single_clade	site_defense_score	ok	108	0.06824049463164614	0.4828397224625436	0.4630738522954092	0.0008882625183806985	0.12717672737126054
strict_single_clade	site_stress_score	ok	108	0.06824049463164614	0.4828397224625436	0.4630738522954092	0.00044413125919034926	0.12717672737126054
strict_single_clade	site_metabolism_score	ok	108	-0.01466175083597702	0.8802877347019047	0.8682634730538922	0.00046611055035984954	0.9504990623410927
