mapping_mode	outcome	status	n_samples	spearman_rho	spearman_p	permutation_p	ols_beta_contamination	ols_p_contamination	adj_ols_beta_contamination	adj_ols_p_contamination	adj_ols_n
relaxed_all_clades	site_defense_score	ok	108	0.06824049463164614	0.4828397224625436	0.4630738522954092	0.0008882625183806985	0.12717672737126054	0.001009041489011495	0.08418098861625935	108
relaxed_all_clades	site_metabolism_score	ok	108	-0.01466175083597702	0.8802877347019047	0.8682634730538922	0.00046611055035984954	0.9504990623410927	0.0026741575437281167	0.720587016827018	108
relaxed_all_clades	site_stress_score	ok	108	0.013918660150332962	0.8863132933940114	0.8702594810379242	0.0006902366226497008	0.6731363546605524	0.0009850846093435001	0.5501692498453654	108
relaxed_all_clades	site_mobilome_score	ok	108	-0.007459487267426905	0.9389256313022667	0.93812375249501	0.0004922107269187029	0.8568170810598019	0.0009611277296755062	0.7269006700676979	108
strict_single_clade	site_defense_score	ok	108	0.06824049463164614	0.4828397224625436	0.4630738522954092	0.0008882625183806985	0.12717672737126054	0.001009041489011495	0.08418098861625935	108
strict_single_clade	site_metabolism_score	ok	108	-0.01466175083597702	0.8802877347019047	0.8682634730538922	0.00046611055035984954	0.9504990623410927	0.0026741575437281167	0.720587016827018	108
strict_single_clade	site_stress_score	ok	108	0.013918660150332962	0.8863132933940114	0.8702594810379242	0.0006902366226497008	0.6731363546605524	0.0009850846093435001	0.5501692498453654	108
strict_single_clade	site_mobilome_score	ok	108	-0.007459487267426905	0.9389256313022667	0.93812375249501	0.0004922107269187029	0.8568170810598019	0.0009611277296755062	0.7269006700676979	108
