outcome	status	n_samples	spearman_rho	spearman_p	permutation_p	ols_beta_contamination	ols_p_contamination
site_mobilome_score	constant_feature	108					
site_defense_score	ok	108	0.05868511055855649	0.546310957806959	0.530938123752495	0.0009457470998549456	0.06808309237861475
site_stress_score	ok	108	0.05868511055855649	0.546310957806959	0.530938123752495	0.0004728735499274728	0.06808309237861475
site_metabolism_score	ok	108	-0.006449646079243953	0.947180831491537	0.9441117764471058	0.0023819251104144398	0.7616559139875954
