orgId	locusId	sysName	geneName	desc	set1IT006 KB	set1IT008 KB with Dimethyl Sulfoxide 0.42 vol%	set1IT012 KB with Acriflavine 1.25 ug/ml	set1IT014 KB with Ampicillin 0.775 ug/ml	set1IT016 KB with Berberine 15.6 ug/ml	set1IT018 KB with Carbenicillin 3.1 ug/ml	set1IT020 KB with Chloramphenicol 1.55 ug/ml	set1IT022 KB with Erythromycin 6.25 ug/ml	set1IT030 KB with Nalidixic 0.775 ug/ml	set1IT034 KB with Nitrofurantoin 31.25 ug/ml	set1IT038 KB with Phloretin 125 ug/ml	set1IT046 KB with Trimethoprim 15.6 ug/ml	set3IT010 KB with Acridine orange 3.125 ug/ml	set3IT020 KB with Mitomycin C 0.05 ug/ml	set4IT014 KB	set4IT016 KB with Dimethyl Sulfoxide 1.25 vol%	set4IT018 KB with Rifampicin 0.1 mg/ml	set4IT020 KB with capsaicin 0.25 mg/ml	set4IT022 KB with capsaicin 0.125 mg/ml	set4IT026 KB with Flavone 0.125 mg/ml	set4IT028 KB with Rotenone 0.25 mg/ml	set4IT030 KB with Rotenone 0.125 mg/ml	set4IT032 KB with Nitrofurantoin 0.0625 mg/ml
SyringaeB728a_mexBdelta	Psyr_0003	Psyr_0003		DNA replication and repair protein RecF	-0.533	0.318	-1.488	-1.213	-0.846	1.049	-0.154	-0.320	-0.752	-10.820	-0.337	-0.150	0.658	0.113	-0.445	-1.142	-0.741	-0.565	-0.311	-0.984	-2.255	0.039	-12.935
SyringaeB728a_mexBdelta	Psyr_0005	Psyr_0005		conserved hypothetical protein	0.246	0.122	-0.743	0.153	-0.148	1.003	1.585	0.743	0.253	0.544	0.192	0.272	-0.665	-0.799	0.050	0.129	0.117	-0.814	0.747	-0.862	-0.364	0.821	0.557
SyringaeB728a_mexBdelta	Psyr_0006	Psyr_0006		putative phenylacetaldoxime dehydratase	-1.117	0.276	-1.361	-0.793	-0.820	0.305	-1.153	-1.375	-1.883	-1.476	-0.764	-0.278	-0.161	-1.698	-0.242	-1.184	-0.397	-0.294	-0.697	-0.803	-1.316	0.063	-0.338
SyringaeB728a_mexBdelta	Psyr_0007	Psyr_0007		Aliphatic nitrilase	0.777	-1.561	-0.832	0.053	-0.084	-0.606	0.390	-0.456	0.269	0.467	-1.298	0.267	1.598	0.744	0.092	0.286	-0.641	-0.714	-0.047	0.468	-0.517	0.347	-0.296
SyringaeB728a_mexBdelta	Psyr_0008	Psyr_0008		transcriptional regulator, AraC family	0.296	1.046	-1.032	-0.467	-0.724	-1.242	-0.793	-1.410	-0.269	-0.190	-0.933	-0.558	-0.034	-1.807	1.056	0.242	-0.491	-0.389	-0.566	0.179	0.008	0.456	0.126
SyringaeB728a_mexBdelta	Psyr_0013	Psyr_0013		DNA-3-methyladenine glycosylase I	-0.722	-0.204	-0.876	-1.904	-0.408	0.432	-0.948	-1.965	-0.564	-1.846	-0.104	-1.723	-2.181	-0.739	-0.406	0.611	0.139	-0.646	-1.455	-0.457	0.464	-1.411	-1.132
SyringaeB728a_mexBdelta	Psyr_0014	Psyr_0014		lipid A biosynthesis acyltransferase	-3.778	-4.093	-3.968	-2.734	-3.599	-3.326	-3.723	-3.984	-3.616	-0.651	-4.461	-4.208	-3.307	-6.650	-3.507	-6.427	-5.930	-5.225	-6.094	-5.705	-7.158	-5.533	-3.041
SyringaeB728a_mexBdelta	Psyr_0015	Psyr_0015		Oxidoreductase alpha (molybdopterin) subunit	-0.111	0.311	-0.751	0.345	0.257	0.071	-1.001	0.090	0.629	0.184	-0.231	0.382	0.812	-0.471	0.207	0.521	0.205	0.204	0.384	-0.190	-0.253	0.816	0.519
SyringaeB728a_mexBdelta	Psyr_0016	Psyr_0016		TrkA-N:TrkA-C	0.633	0.518	0.205	-1.134	-0.190	1.861	-0.402	-0.132	1.783	1.631	-0.308	-0.161	-2.256	-3.174	0.712	0.799	1.399	0.926	1.000	1.437	0.619	0.190	1.981
SyringaeB728a_mexBdelta	Psyr_0017	Psyr_0017		16S rRNA m(5)C-967 methyltransferase	1.014	-0.434	-0.018	-2.221	-2.723	-1.105	0.746	-1.079	0.837	-0.882	-1.263	0.268	-0.963	1.396	0.147	-0.039	2.198	-1.860	-0.644	-1.397	-1.192	-1.094	-0.687
SyringaeB728a_mexBdelta	Psyr_0020	Psyr_0020		Peptidoglycan-binding LysM	1.345	1.221	2.676	0.431	0.754	1.397	0.914	-2.634	1.063	0.703	-0.074	0.741	1.487	1.567	-0.547	-1.364	-3.505	-1.379	-1.975	-1.171	1.527	0.565	0.044
SyringaeB728a_mexBdelta	Psyr_0021	Psyr_0021		DNA protecting protein DprA	1.822	0.765	-0.832	1.361	1.555	1.260	-0.935	0.381	-0.096	0.409	1.302	-0.065	1.404	-0.184	0.837	-1.029	-0.759	-0.377	0.147	0.517	-0.008	0.285	1.215
SyringaeB728a_mexBdelta	Psyr_0023	Psyr_0023		Zinc-containing alcohol dehydrogenase superfamily	0.142	0.087	0.562	0.335	0.431	-0.224	0.165	-1.027	-0.212	0.448	1.025	0.091	1.101	1.043	1.244	0.251	0.078	0.465	-0.103	0.257	0.432	0.511	1.183
SyringaeB728a_mexBdelta	Psyr_0025	Psyr_0025		shikimate dehydrogenase	-0.281	-0.053	2.449	-0.253	1.129	4.140	1.354	-1.080	3.213	-0.764	0.396	0.656	-0.017	0.807	-1.915	0.422	0.723	-0.133	-1.037	-1.293	-0.506	-0.934	-0.421
SyringaeB728a_mexBdelta	Psyr_0026	Psyr_0026		Sulfate transporter/antisigma-factor antagonist STAS:Sulphate transporter	-0.046	0.507	-1.285	-1.151	0.262	-0.772	-0.566	-1.211	-0.609	-0.620	0.046	-1.700	0.431	1.932	-0.367	0.824	0.205	0.055	-0.189	-0.480	-0.303	-0.134	-0.843
SyringaeB728a_mexBdelta	Psyr_0027	Psyr_0027		conserved hypothetical protein	0.129	-0.767	1.287	-0.818	1.399	-0.605	-0.173	-1.169	0.481	0.075	0.123	-1.593	0.599	0.428	0.357	1.159	-0.705	1.237	-0.691	0.947	0.814	1.320	-0.001
SyringaeB728a_mexBdelta	Psyr_0028	Psyr_0028		Substrate-binding region of ABC-type glycine betaine transport system	-0.204	2.733	0.770	1.984	0.905	1.221	0.009	-0.793	0.342	1.949	0.651	0.151	0.392	0.532	-0.434	0.213	-0.424	-0.040	0.318	0.732	-0.018	-1.276	0.156
SyringaeB728a_mexBdelta	Psyr_0029	Psyr_0029		Sulfatase	0.147	0.008	0.320	-0.082	0.603	1.704	0.090	-0.036	1.208	-0.373	0.273	-0.023	-0.486	-0.146	0.651	-0.176	0.443	1.198	-0.166	0.285	-0.072	0.811	-0.020
SyringaeB728a_mexBdelta	Psyr_0030	Psyr_0030		transcriptional regulator, LysR family	0.367	0.042	0.845	0.267	0.333	2.229	-0.648	0.419	0.183	-0.845	0.214	-0.475	-0.087	-0.326	0.351	1.274	0.374	-0.146	0.188	0.375	-0.365	0.673	1.497
SyringaeB728a_mexBdelta	Psyr_0031	Psyr_0031		Alpha/beta hydrolase fold protein	-0.718	0.858	0.357	-0.459	0.247	-0.450	0.104	-0.163	0.234	0.126	-0.627	-0.168	1.172	0.102	-0.082	-0.419	0.224	0.294	-0.152	0.175	0.340	-0.018	0.351
SyringaeB728a_mexBdelta	Psyr_0032	Psyr_0032		conserved hypothetical protein	-0.135	-1.445	-0.005	1.462	-0.210	2.461	0.624	-0.352	-1.073	-0.126	-0.060	-0.916	0.555	1.400	-1.104	-1.894	-0.453	-0.103	-0.799	-0.176	-2.732	-0.554	-0.689
SyringaeB728a_mexBdelta	Psyr_0033	Psyr_0033		tryptophan synthase, alpha chain	-2.121	-2.804	-1.752	-1.610	-1.822	2.399	-1.103	-0.436	-1.286	-2.405	-3.615	-1.456	0.462	0.045	-1.427	-2.825	-1.363	-2.238	-3.483	-3.484	-2.691	-3.947	-2.408
SyringaeB728a_mexBdelta	Psyr_0034	Psyr_0034		tryptophan synthase, beta chain	-1.475	-2.641	-2.583	-2.264	-1.402	-1.768	-2.275	-3.247	-2.914	-2.057	-2.886	-0.999	-2.307	-3.165	-0.286	-1.416	-1.353	-1.555	-1.021	-1.006	-1.039	-1.460	-2.665
SyringaeB728a_mexBdelta	Psyr_0035	Psyr_0035		regulatory protein, LysR:LysR, substrate-binding protein	-0.026	-0.403	0.658	-0.061	-0.137	0.026	0.588	-0.752	0.120	-0.144	0.198	-0.046	-1.027	-1.410	0.968	0.975	0.048	0.941	-0.503	0.106	0.160	0.471	1.464
SyringaeB728a_mexBdelta	Psyr_0036	Psyr_0036		protein of unknown function DUF883	-0.596	0.929	1.038	-1.580	-1.311	0.656	-0.886	-0.064	0.010	-0.706	-0.091	-0.986	3.953	1.875	0.118	-1.007	-0.775	-0.232	-1.176	0.983	-0.914	0.239	-1.733
SyringaeB728a_mexBdelta	Psyr_0038	Psyr_0038		Protein of unknown function DUF1161	0.607	0.705	0.743	-0.686	0.985	-0.525	0.207	0.318	0.440	1.366	-1.916	0.442	-1.077	0.189	0.532	0.535	-1.215	-0.451	-0.074	-0.057	1.464	-0.087	0.426
SyringaeB728a_mexBdelta	Psyr_0039	Psyr_0039		luciferase	0.527	2.089	1.239	-0.095	0.343	2.344	0.031	1.311	0.733	0.601	-0.085	0.791	-1.333	-0.031	1.047	0.236	-0.373	0.509	-0.231	0.209	0.281	0.361	1.165
SyringaeB728a_mexBdelta	Psyr_0040	Psyr_0040		OsmC-like protein	-1.263	-1.170	-0.180	-0.659	0.012	-0.210	-1.832	-2.215	-0.935	-1.602	0.100	-1.236	-0.639	0.349	0.547	1.236	0.796	1.935	-0.163	0.881	-0.112	0.436	0.234
SyringaeB728a_mexBdelta	Psyr_0041	Psyr_0041		Protein of unknown function DUF1161	-0.794	0.925	0.157	-0.336	-0.306	1.707	1.489	0.595	0.811	0.401	0.372	1.319	-1.082	-0.359	-0.125	-0.690	0.238	-0.742	-0.349	-0.776	-0.758	-0.076	-0.662
SyringaeB728a_mexBdelta	Psyr_0042	Psyr_0042		lipoprotein, putative	0.283	0.306	-0.828	0.090	-0.226	-3.434	-0.496	-1.596	-1.292	-1.683	0.155	0.070	-0.756	-1.705	-0.110	0.332	0.663	0.610	0.322	1.011	-0.126	0.365	-0.308
SyringaeB728a_mexBdelta	Psyr_0043	Psyr_0043		conserved hypothetical protein	-1.071	-0.051	-1.126	-1.482	-1.738	-0.034	1.100	-5.399	-3.243	-1.052	-0.143	-0.365	0.720	0.532	-0.086	-0.427	0.698	-0.782	0.156	0.734	-0.574	-0.280	0.114
SyringaeB728a_mexBdelta	Psyr_0045	Psyr_0045		oligopeptidase A, Metallo peptidase, MEROPS family M03A	-1.271	-0.412	-1.095	-1.728	-2.139	5.585	-1.094	-1.329	-0.330	-0.385	-1.487	0.362	-0.471	0.798	-0.909	-0.679	0.540	-0.084	0.083	0.329	-0.275	0.771	-0.648
SyringaeB728a_mexBdelta	Psyr_0046	Psyr_0046		conserved hypothetical protein	-0.851	0.323	-0.293	-0.180	0.514	2.247	-1.534	-0.215	-0.070	0.110	-0.112	-0.427	0.786	-0.357	1.341	0.271	-0.032	-0.972	-0.358	-1.082	1.420	0.971	-0.036
SyringaeB728a_mexBdelta	Psyr_0047	Psyr_0047		hypothetical protein	-0.231	-0.906	-1.218	0.979	0.129	-0.560	-0.283	-1.043	-0.126	0.970	-1.167	-0.418	0.676	2.410	0.162	-1.016	-1.142	0.182	0.471	0.395	-0.606	0.862	-0.474
SyringaeB728a_mexBdelta	Psyr_0048	Psyr_0048		conserved hypothetical protein	-0.364	0.491	0.260	-0.052	-0.929	-1.287	0.604	-0.339	1.281	0.091	-0.293	-0.678	0.725	2.491	1.332	-0.339	0.198	-0.459	-0.077	-0.475	-0.307	1.206	0.178
SyringaeB728a_mexBdelta	Psyr_0049	Psyr_0049		Cytochrome c, class I:Iron permease FTR1	0.608	0.554	0.810	0.474	-1.078	1.501	0.826	0.391	0.318	0.755	0.503	-0.172	-0.625	0.667	0.584	0.771	0.054	0.384	0.390	0.038	-0.318	0.624	0.408
SyringaeB728a_mexBdelta	Psyr_0050	Psyr_0050		Lysine exporter protein (LYSE/YGGA)	0.520	-0.300	-0.501	-0.616	1.038	-0.784	0.830	-0.859	0.443	0.602	1.458	-0.168	-1.765	-1.262	-0.780	-0.280	-1.268	-1.046	-1.620	-0.053	1.153	-0.933	-0.920
SyringaeB728a_mexBdelta	Psyr_0051	Psyr_0051		conserved hypothetical protein	1.237	-0.570	0.360	0.676	2.114	0.924	0.515	0.627	1.491	1.647	0.718	1.280	0.036	0.171	-0.513	0.794	1.386	0.337	0.868	0.724	1.080	0.769	1.180
SyringaeB728a_mexBdelta	Psyr_0052	Psyr_0052		ABC transporter	0.835	-1.209	-0.063	0.481	-0.812	-0.196	-0.787	0.211	-0.327	-1.311	0.844	0.677	1.168	2.508	-0.833	0.332	0.527	-0.894	0.548	-0.202	-0.258	0.563	-0.454
SyringaeB728a_mexBdelta	Psyr_0053	Psyr_0053		conserved hypothetical protein	1.729	1.149	0.289	-0.423	-0.426	-0.294	1.534	0.763	-0.364	0.629	0.485	0.301	1.533	2.278	-1.423	-0.701	-0.287	-0.590	-0.671	-1.207	-0.229	-0.379	-1.137
SyringaeB728a_mexBdelta	Psyr_0054	Psyr_0054		alginate regulatory protein AlgR3	-0.691	0.528	1.461	-0.246	-0.483	1.554	1.860	0.405	-0.472	0.974	-0.020	0.153	-1.166	-1.240	-1.108	-2.509	-1.020	-1.764	-0.856	-2.582	-1.407	-1.571	-2.703
SyringaeB728a_mexBdelta	Psyr_0055	Psyr_0055		FKBP-type peptidyl-prolyl isomerase, N-terminal:Peptidylprolyl isomerase, FKBP-type	-0.508	-1.306	-0.150	-1.237	0.455	-0.565	-0.130	-2.399	-0.301	-0.810	0.911	-0.382	0.432	-0.963	0.002	-0.718	-1.397	-0.547	-1.721	-0.432	-0.171	0.236	-1.778
SyringaeB728a_mexBdelta	Psyr_0056	Psyr_0056		Regulator of RNA polymerase sigma(70) subunit, Rsd/AlgQ	-0.473	0.025	-0.113	-0.227	-0.544	0.922	-0.254	-1.533	0.278	1.149	-0.337	1.289	-0.284	-0.321	-0.205	-1.226	-0.784	-1.101	-0.296	-0.747	-2.117	-0.011	0.855
SyringaeB728a_mexBdelta	Psyr_0057	Psyr_0057		conserved hypothetical protein	-0.152	0.251	0.887	-1.414	-1.035	2.923	-0.804	-0.041	0.141	-0.498	0.760	-1.012	0.282	2.185	-1.146	-0.679	0.690	0.578	-0.013	0.974	-1.125	-0.232	0.156
SyringaeB728a_mexBdelta	Psyr_0058	Psyr_0058		Disulfide bond formation protein DsbB	-1.644	0.071	-0.237	-1.151	-0.668	0.049	-1.163	-0.397	-1.068	-0.614	0.524	-1.519	-0.893	-1.517	-1.026	-0.608	-0.545	0.429	0.380	0.630	-1.406	-0.121	-0.195
SyringaeB728a_mexBdelta	Psyr_0059	Psyr_0059		HemY, N-terminal:HemY, N-terminal:HemY, N-terminal	-0.744	0.010	-1.305	-0.694	-2.494	2.160	-0.775	-0.845	-0.135	-1.096	-1.722	0.084	1.395	2.496	0.842	0.716	1.108	-0.545	0.376	0.390	0.317	-0.215	1.130
SyringaeB728a_mexBdelta	Psyr_0060	Psyr_0060		Protein of unknown function DUF513	-0.440	-0.001	-0.738	1.896	-0.399	-0.132	-0.387	-0.067	0.650	-1.386	-0.826	-0.699	-0.429	0.751	-0.735	-1.823	-0.344	-2.799	-2.078	0.279	-1.022	0.435	-0.632
SyringaeB728a_mexBdelta	Psyr_0063	Psyr_0063		Two-component response regulator AlgR	-0.011	0.600	1.492	0.790	1.249	-0.123	0.784	0.095	1.250	0.916	0.232	-0.065	-0.535	3.678	0.140	0.827	1.484	0.523	0.323	0.495	1.260	0.704	0.193
SyringaeB728a_mexBdelta	Psyr_0064	Psyr_0064		Sensory transduction protein kinase AlgZ	-2.507	-0.831	1.644	-1.423	0.201	-2.279	2.006	-0.343	2.835	0.063	-1.468	-2.711	0.002	1.611	-0.598	0.015	0.097	1.033	1.068	0.092	0.189	-1.249	0.110
SyringaeB728a_mexBdelta	Psyr_0066	Psyr_0066		bifunctional spore maturation protein, fused SpmA/SpmB	0.482	-0.148	1.037	2.076	0.119	-6.939	-0.589	-4.940	-2.243	0.019	-0.130	-0.829	-0.056	-3.212	0.989	0.983	-2.742	0.263	-0.313	0.227	1.529	1.332	-0.836
SyringaeB728a_mexBdelta	Psyr_0067	Psyr_0067		membrane protein, putative	-0.083	0.610	0.656	-0.058	-0.557	-1.131	-0.311	0.532	-0.333	1.174	0.416	-0.190	0.644	1.191	-0.882	-0.098	-0.294	-0.371	-0.229	0.333	-0.467	0.342	0.132
SyringaeB728a_mexBdelta	Psyr_0068	Psyr_0068		Insulinase-like:Peptidase M16, C-terminal	0.696	0.016	0.008	0.458	0.609	0.246	0.159	0.395	0.833	0.879	-0.210	1.423	1.075	1.189	-0.017	1.147	0.274	-0.626	-0.969	0.554	0.518	-0.152	0.583
SyringaeB728a_mexBdelta	Psyr_0069	Psyr_0069		Na+/Pi-cotransporter:Na/Pi cotransporter II-related protein	-0.736	0.176	-1.927	0.090	-0.374	-0.458	0.468	-0.978	0.375	-0.030	0.157	-0.917	-0.307	-0.576	-0.639	-1.261	-0.774	-0.075	-0.293	0.325	-1.033	-0.311	-1.042
SyringaeB728a_mexBdelta	Psyr_0070	Psyr_0070		hypothetical protein	0.739	0.640	-0.141	-0.770	-0.861	1.433	0.157	-0.165	-1.096	-0.994	-0.963	0.193	0.313	0.118	-0.775	-0.420	-1.069	1.435	-1.715	0.511	-1.107	-1.278	0.828
SyringaeB728a_mexBdelta	Psyr_0071	Psyr_0071		Histidine kinase, HAMP region:Bacterial chemotaxis sensory transducer	-0.268	-0.362	-0.402	-0.944	-0.596	1.085	0.120	0.039	-1.514	-0.465	-0.191	-0.930	2.217	1.549	1.367	1.439	0.421	0.209	0.861	0.455	0.399	0.756	0.554
SyringaeB728a_mexBdelta	Psyr_0072	Psyr_0072		transcriptional regulator, LysR family	-0.181	0.957	0.444	1.243	1.767	2.025	2.300	-1.009	0.742	1.497	0.825	1.257	1.533	1.376	-0.164	-0.272	0.094	-0.780	-1.215	-1.127	0.372	0.113	0.120
SyringaeB728a_mexBdelta	Psyr_0073	Psyr_0073		Multi antimicrobial extrusion protein MatE	-0.638	-0.211	-0.401	0.425	-0.784	-0.446	-0.369	-0.785	-0.801	-0.896	-0.901	-0.297	0.552	-0.685	0.125	-0.851	0.251	-0.030	-1.082	0.516	-2.222	-0.892	-0.142
SyringaeB728a_mexBdelta	Psyr_0074	Psyr_0074		diguanylate cyclase/phosphodiesterase	-1.417	-0.531	0.841	-0.521	-2.789	-1.121	-0.353	0.837	-1.987	0.422	-0.841	-0.823	-0.801	0.234	0.847	1.719	1.559	1.098	0.913	0.851	1.083	0.469	-0.281
SyringaeB728a_mexBdelta	Psyr_0076	Psyr_0076		Xanthine phosphoribosyltransferase	-1.564	-0.697	-0.495	-2.055	-2.977	-1.568	-1.956	-1.415	-0.981	-2.108	-2.572	-2.271	-1.076	-1.508	0.589	1.209	-0.201	0.734	1.351	0.423	-0.298	0.544	0.860
SyringaeB728a_mexBdelta	Psyr_0077	Psyr_0077		sigma54 specific transcriptional regulator, Fis family	0.615	-0.071	-0.584	0.065	0.871	2.099	-0.312	0.466	0.391	-0.421	0.387	0.301	0.698	0.516	-0.345	-0.267	-0.403	0.115	-0.114	-0.889	-1.124	-0.297	-0.239
SyringaeB728a_mexBdelta	Psyr_0078	Psyr_0078		Beta-lactamase-like protein	0.298	0.260	0.682	-0.049	0.172	-0.234	1.586	0.193	1.186	0.922	-1.720	-0.317	-0.569	0.212	0.994	-0.632	-0.031	0.973	0.591	0.843	0.922	0.148	-0.240
SyringaeB728a_mexBdelta	Psyr_0079	Psyr_0079		conserved hypothetical protein	-1.177	-0.388	-0.229	-1.322	-0.525	1.417	0.215	-0.455	-0.974	0.778	0.603	-0.143	0.590	0.351	0.200	0.781	-0.621	-0.052	0.276	0.233	0.416	0.207	0.241
SyringaeB728a_mexBdelta	Psyr_0080	Psyr_0080		Protein of unknown function DUF81	-0.606	-0.336	-0.322	-0.605	0.151	0.351	0.090	0.511	0.201	-0.520	-0.541	1.300	0.035	-0.021	0.886	0.040	0.835	-0.104	0.330	1.453	0.550	0.549	0.476
SyringaeB728a_mexBdelta	Psyr_0081	Psyr_0081		ABC transporter	0.884	-0.566	0.539	-0.495	-0.837	1.575	0.165	-0.247	0.708	0.401	0.667	-0.386	-0.047	-0.645	-0.884	-0.146	1.379	0.850	0.732	-0.641	-0.522	-0.571	0.546
SyringaeB728a_mexBdelta	Psyr_0082	Psyr_0082		Binding-protein-dependent transport systems inner membrane component	1.314	0.995	0.187	-0.024	0.513	1.474	0.053	0.334	0.484	-0.001	-0.847	0.177	1.475	0.349	-0.806	0.486	-1.913	0.991	0.993	-0.546	-0.834	-0.048	-1.122
SyringaeB728a_mexBdelta	Psyr_0083	Psyr_0083		Binding-protein-dependent transport systems inner membrane component	0.685	-0.950	1.857	0.179	0.345	3.267	-0.693	1.206	-0.767	-0.361	-0.325	0.353	1.638	0.822	0.094	1.130	1.077	-0.180	-0.424	-0.190	0.652	0.686	0.429
SyringaeB728a_mexBdelta	Psyr_0084	Psyr_0084		extracellular solute-binding protein, family 1	-0.257	0.131	0.446	-0.663	-0.530	0.727	-1.373	-0.516	-0.094	0.150	0.024	0.090	-0.292	-1.150	0.183	-0.168	-0.417	-0.939	1.146	0.456	-1.405	-0.708	0.118
SyringaeB728a_mexBdelta	Psyr_0085	Psyr_0085		conserved hypothetical protein	-0.620	-0.082	0.214	-1.939	-1.302	1.613	0.062	1.538	-1.122	-0.887	-0.430	0.157	-1.186	-1.648	0.745	-0.826	-0.158	-1.767	0.635	-1.003	0.174	1.365	-0.206
SyringaeB728a_mexBdelta	Psyr_0086	Psyr_0086		diguanylate cyclase/phosphodiesterase with PAS/PAC sensor(s)	-0.108	1.052	-0.506	0.688	0.705	-0.043	0.444	0.346	0.074	-0.452	-0.043	-0.326	-1.144	-1.386	-0.600	0.335	0.216	0.562	-0.409	-0.627	0.346	-0.473	-0.924
SyringaeB728a_mexBdelta	Psyr_0087	Psyr_0087		Fatty acid desaturase	0.077	-0.483	-0.919	-0.779	1.133	2.587	-0.205	0.346	-0.531	-0.404	-0.462	-0.473	1.371	1.371	-0.997	2.012	0.972	0.834	-1.096	1.244	0.571	1.014	1.247
SyringaeB728a_mexBdelta	Psyr_0088	Psyr_0088		PAS:GGDEF	0.187	1.101	1.307	0.453	-0.137	1.956	0.971	-0.159	-1.586	-0.829	0.611	0.525	2.077	1.935	0.141	0.738	0.092	-0.812	-1.404	-0.694	-1.841	0.383	-0.914
SyringaeB728a_mexBdelta	Psyr_0089	Psyr_0089		Response regulator receiver	0.402	0.568	0.257	-0.569	0.473	0.861	0.467	0.799	0.678	-0.597	-0.564	-0.049	0.044	1.491	-0.249	-0.137	-1.286	-0.575	-1.268	-1.322	-1.223	-0.025	-0.266
SyringaeB728a_mexBdelta	Psyr_0090	Psyr_0090		4-aminobutyrate aminotransferase apoenzyme	-0.439	0.604	0.606	-1.625	0.325	1.151	-0.414	-0.774	-0.271	-0.071	-0.373	-0.118	-0.809	0.684	-0.135	1.437	0.255	0.006	-0.956	-0.120	0.183	1.263	0.081
SyringaeB728a_mexBdelta	Psyr_0091	Psyr_0091		succinate semialdehyde dehydrogenase	0.014	0.338	0.826	-0.809	-0.472	0.982	-0.323	-0.495	0.820	0.056	1.342	-0.288	1.102	1.069	-0.857	0.759	-0.667	1.369	-0.683	0.056	0.121	-0.818	-0.151
SyringaeB728a_mexBdelta	Psyr_0092	Psyr_0092		Lysine exporter protein (LYSE/YGGA)	0.162	-0.830	-1.316	-1.519	-1.269	-1.899	-1.008	-0.723	0.339	0.061	-0.845	-0.597	-0.414	-0.701	-0.127	0.942	-0.519	-1.419	0.432	1.165	0.315	0.461	0.100
SyringaeB728a_mexBdelta	Psyr_0093	Psyr_0093		Flavoprotein monooxygenase	0.467	1.039	0.217	0.190	0.629	0.531	1.467	0.691	1.524	0.083	0.126	0.148	0.629	0.569	-0.340	0.736	0.701	0.160	0.904	-0.962	-0.319	0.317	-0.255
SyringaeB728a_mexBdelta	Psyr_0094	Psyr_0094		hypothetical protein	0.050	0.185	0.300	-0.688	-0.393	0.394	-0.712	-0.326	-0.800	-0.588	0.043	-0.332	0.675	0.316	0.108	0.905	0.910	0.595	0.178	0.237	0.404	-0.244	0.552
SyringaeB728a_mexBdelta	Psyr_0095	Psyr_0095		transposase, IS4 family	0.486	0.812	-0.675	-0.162	0.485	-1.872	-0.660	-0.471	-0.616	-0.865	-1.489	-0.465	-1.599	-2.405	0.462	-0.722	-1.519	-0.548	-0.540	-0.020	-0.131	-0.315	-0.383
SyringaeB728a_mexBdelta	Psyr_0096	Psyr_0096		transposase, IS4 family	0.604	-0.228	1.121	1.216	0.031	0.376	-0.464	1.377	-0.472	0.488	-0.379	-0.316	-1.586	-1.197	-0.064	-0.238	-0.258	0.337	-0.358	-0.000	-0.995	-0.062	-0.787
SyringaeB728a_mexBdelta	Psyr_0097	Psyr_0097		hypothetical protein	-1.002	-1.272	-1.402	-1.127	0.268	-1.406	-1.046	-2.003	-0.265	-1.412	-0.651	-1.106	-1.977	-2.969	-0.837	0.216	-1.413	-0.474	0.193	0.686	-0.391	-1.963	0.003
SyringaeB728a_mexBdelta	Psyr_0098	Psyr_0098		Protein of unknown function DUF87	-1.689	-1.968	-2.429	-1.726	-2.182	-4.617	-0.343	-3.686	-1.899	-1.124	-3.076	-2.426	-2.602	-2.424	-2.267	-0.949	-2.883	-0.397	-1.518	-1.936	-1.761	-2.071	-1.256
SyringaeB728a_mexBdelta	Psyr_0100	Psyr_0100		conserved hypothetical protein	0.132	-0.190	-0.490	-0.487	0.040	-3.783	-0.309	-0.847	0.024	-0.846	0.447	0.048	-1.240	-3.747	0.724	-0.366	-0.301	-0.530	-0.556	0.138	-2.352	-0.552	-0.087
SyringaeB728a_mexBdelta	Psyr_0101	Psyr_0101		Protein of unknown function DUF796	-0.151	0.602	-0.373	-0.572	-0.325	-1.649	-0.303	-1.721	-0.452	-0.314	-0.479	-0.054	0.467	-3.492	-1.390	-1.242	-1.784	-0.063	-0.480	-1.715	-0.168	-0.701	-1.611
SyringaeB728a_mexBdelta	Psyr_0102	Psyr_0102		hypothetical protein	-0.754	-0.233	-1.315	-0.411	-0.099	-2.094	-1.229	-0.221	-0.826	-0.549	-1.737	-1.316	-1.142	-1.625	-0.874	-0.072	-0.989	-0.293	-0.418	0.216	-0.035	-0.218	-1.176
SyringaeB728a_mexBdelta	Psyr_0103	Psyr_0103		conserved hypothetical protein	-1.339	-0.596	-1.243	-0.987	-0.160	0.005	-0.561	-1.213	-1.056	-1.123	-1.129	-1.837	-0.059	-3.739	0.064	-0.218	-0.675	0.263	-0.606	-0.668	-0.590	-0.095	-0.759
SyringaeB728a_mexBdelta	Psyr_0104	Psyr_0104		hypothetical protein	-0.409	-1.799	-0.812	-0.344	-1.508	-3.806	-1.201	-2.598	0.019	-0.672	-3.165	-1.683	-0.699	-2.510	-1.293	-1.448	-1.959	-0.918	-1.570	-0.858	-2.318	-0.955	-1.296
SyringaeB728a_mexBdelta	Psyr_0107	Psyr_0107		hypothetical protein	-0.789	-0.732	-1.056	-1.594	-0.491	-0.580	-0.474	0.140	-0.940	-0.678	-0.406	-0.305	1.278	-1.065	0.184	0.343	-0.675	-0.072	0.374	-1.205	-0.608	-0.227	0.363
SyringaeB728a_mexBdelta	Psyr_0108	Psyr_0108		Major facilitator superfamily	1.371	0.149	0.718	0.230	-0.213	0.784	-0.451	0.250	-1.010	1.864	-0.044	0.169	0.333	-0.537	-0.790	0.022	-1.907	0.206	-1.737	-0.803	-0.908	-0.079	0.806
SyringaeB728a_mexBdelta	Psyr_0109	Psyr_0109		hypothetical protein	-1.383	-0.130	-0.251	0.767	-0.294	-0.694	-1.607	0.219	-1.025	-0.434	-1.794	-1.540	-1.848	-0.981	-0.525	-0.077	-1.661	-1.339	-0.529	-0.269	0.025	-0.227	-1.067
SyringaeB728a_mexBdelta	Psyr_0110	Psyr_0110		hypothetical protein	-1.038	0.634	0.542	-1.220	0.508	0.554	0.231	0.114	0.290	0.699	-0.986	-0.372	-0.420	-2.343	-1.204	-1.413	-1.323	-1.341	-0.388	-1.160	-1.173	-1.378	-2.022
SyringaeB728a_mexBdelta	Psyr_0111	Psyr_0111		hypothetical protein	-0.993	0.035	-0.055	-0.752	-1.634	-0.434	-0.960	-2.492	-0.573	-0.052	-1.054	-1.195	-3.856	-3.711	-0.905	-1.155	-1.619	-1.404	-0.047	-1.636	-1.180	-1.707	-1.472
SyringaeB728a_mexBdelta	Psyr_0112	Psyr_0112		hypothetical protein	-0.354	0.028	0.158	0.151	-0.045	-2.055	1.498	-0.065	-0.279	1.680	0.350	1.055	-0.992	-2.558	-0.347	0.328	-0.105	-0.124	-1.064	-1.541	-1.216	-1.287	-0.091
SyringaeB728a_mexBdelta	Psyr_0113	Psyr_0113		conserved hypothetical protein	-0.796	-1.016	-0.573	-2.178	-1.100	-0.809	-1.908	-3.023	-0.890	-1.067	-1.724	-1.997	-0.551	0.075	0.204	0.257	-1.396	-1.485	0.121	-0.843	-1.713	-1.342	-1.840
SyringaeB728a_mexBdelta	Psyr_0114	Psyr_0114		hypothetical protein	0.191	-0.250	1.728	-2.276	-0.276	3.321	0.201	-1.042	-1.102	-0.059	-0.038	-0.615	-0.593	-0.414	0.925	-0.970	0.162	0.725	0.104	0.046	0.201	0.566	-0.941
SyringaeB728a_mexBdelta	Psyr_0115	Psyr_0115		membrane protein, putative	-0.482	-0.227	-0.651	-0.818	-1.244	0.061	-1.500	-0.302	-1.111	-0.136	-1.687	-1.192	-1.522	1.344	-0.048	0.208	-0.561	-0.807	-0.495	-0.665	0.321	0.232	-1.065
SyringaeB728a_mexBdelta	Psyr_0116	Psyr_0116		Lysine exporter protein (LYSE/YGGA)	0.273	-0.081	0.563	0.069	-0.055	-0.524	-0.552	-0.469	-0.331	0.811	-0.330	-0.928	-0.400	-0.283	-0.535	0.396	0.826	-0.383	-0.392	0.357	-0.308	-0.296	-0.591
SyringaeB728a_mexBdelta	Psyr_0117	Psyr_0117		Aminotransferase, class I and II	-0.095	0.640	-1.306	-0.438	0.062	-1.773	0.256	-1.227	0.665	0.801	-0.178	-0.342	-0.233	-1.632	-0.251	0.004	-0.482	0.192	0.507	-0.285	-0.285	-0.131	-0.579
SyringaeB728a_mexBdelta	Psyr_0118	Psyr_0118		hypothetical protein	-1.325	-0.958	-0.772	-1.072	-0.721	-1.501	-0.613	-0.806	-0.219	-0.009	-0.867	-1.259	-0.084	-1.794	-0.430	-0.770	-0.981	-1.229	-0.759	-0.454	-1.314	-0.169	-0.854
SyringaeB728a_mexBdelta	Psyr_0119	Psyr_0119		CDS	-2.652	-1.648	-1.337	-0.868	-1.186	-0.336	-2.464	-1.401	0.332	-1.277	-1.381	-2.147	0.127	-0.906	-1.115	-0.752	0.863	-0.158	-0.217	-1.311	-0.631	-0.767	-1.087
SyringaeB728a_mexBdelta	Psyr_0120	Psyr_0120		Short-chain dehydrogenase/reductase SDR	0.698	1.138	0.979	-0.510	0.343	1.043	-0.098	0.071	0.107	1.582	0.389	0.025	0.769	0.846	-0.129	-0.236	-0.800	0.393	0.543	-0.501	0.170	-0.473	-0.592
SyringaeB728a_mexBdelta	Psyr_0121	Psyr_0121		transcriptional regulator, TetR family	-1.154	-0.823	-2.349	-0.663	-0.783	-2.054	0.019	-1.352	-0.314	-1.019	-2.284	-0.921	-0.402	-1.155	0.405	0.796	1.033	0.551	0.095	-0.110	-0.680	0.394	0.661
SyringaeB728a_mexBdelta	Psyr_0122	Psyr_0122		NAD(P)H dehydrogenase (quinone)	-0.052	-0.336	-0.042	-0.366	0.281	-0.475	0.149	0.375	0.251	0.691	0.228	0.419	-0.137	-1.475	0.316	-0.596	-0.136	-1.111	-0.763	-0.635	-0.963	-0.759	-0.416
SyringaeB728a_mexBdelta	Psyr_0123	Psyr_0123		Short-chain dehydrogenase/reductase SDR	-1.139	-0.374	-1.238	-1.730	-0.612	-0.499	-0.561	-1.993	-0.674	-0.558	-1.692	-1.306	-0.414	-1.854	-0.886	-0.995	-0.770	-0.291	0.262	-0.887	-1.115	-1.535	-1.150
SyringaeB728a_mexBdelta	Psyr_0124	Psyr_0124		Hemolysin-type calcium-binding region	-0.019	0.483	0.490	0.068	-0.365	1.286	-0.906	0.011	-0.709	0.021	-0.199	-0.223	0.847	0.738	-0.366	-0.538	-0.894	-0.505	-0.215	-0.340	-0.828	-0.479	-0.327
SyringaeB728a_mexBdelta	Psyr_0125	Psyr_0125		conserved hypothetical protein	1.507	0.274	1.604	0.644	2.477	3.594	2.428	1.260	0.223	-0.300	0.556	-0.600	0.848	2.128	1.511	0.077	1.456	4.029	0.386	0.877	-0.281	1.670	1.069
SyringaeB728a_mexBdelta	Psyr_0126	Psyr_0126		Protein of unknown function DUF805	-0.776	-0.504	0.518	-1.396	0.366	0.871	-0.174	0.408	0.552	-0.188	-1.050	-1.237	0.064	1.657	-1.878	-0.856	0.815	-0.867	0.091	1.397	-0.353	-0.924	-0.526
SyringaeB728a_mexBdelta	Psyr_0127	Psyr_0127		Glutathione-dependent formaldehyde-activating, GFA	0.131	0.020	2.498	-0.429	0.595	-0.286	0.648	0.217	1.160	-0.427	0.242	-1.004	0.584	0.032	0.609	0.436	-0.120	0.914	-0.046	0.190	-0.064	-0.221	0.368
SyringaeB728a_mexBdelta	Psyr_0128	Psyr_0128		H-NS family protein MvaT	0.974	-0.051	-0.492	1.697	-0.378	1.515	-0.024	-0.041	1.450	-0.766	-0.102	1.309	1.148	0.378	-0.683	0.031	-0.504	0.272	-0.538	-0.740	-0.783	0.435	0.290
SyringaeB728a_mexBdelta	Psyr_0129	Psyr_0129		conserved hypothetical protein	-0.075	-0.426	0.936	-0.288	0.953	1.156	-0.222	-0.851	-0.484	0.824	-0.559	0.020	-0.371	-0.322	0.607	-1.438	-0.626	0.309	0.472	-0.779	-0.258	-1.112	0.983
SyringaeB728a_mexBdelta	Psyr_0130	Psyr_0130		hypothetical protein	-0.755	-0.463	-1.906	0.039	-1.020	-1.394	-0.432	-0.958	-0.373	0.122	-1.082	-1.044	-0.577	-1.234	0.622	0.240	0.053	0.677	0.502	-0.614	0.278	0.348	0.007
SyringaeB728a_mexBdelta	Psyr_0131	Psyr_0131		HAD-superfamily hydrolase, subfamily IA, variant 3:HAD-superfamily hydrolase, subfamily IA, variant 1	0.519	1.008	-0.802	-1.081	-0.505	-1.815	-1.861	-0.148	0.743	-1.106	0.488	-1.997	0.080	-0.785	-1.686	-0.661	-0.919	-1.377	0.488	1.159	-1.467	-0.475	0.566
SyringaeB728a_mexBdelta	Psyr_0132	Psyr_0132		conserved hypothetical protein	1.806	2.419	0.571	0.702	1.661	-0.079	1.026	-0.661	-0.018	0.165	0.846	0.726	-0.807	-1.033	-0.445	-0.205	-0.422	-0.221	-1.871	-0.281	1.078	0.209	-1.941
SyringaeB728a_mexBdelta	Psyr_0133	Psyr_0133		transcriptional regulator, AsnC family	-0.206	-0.847	-1.036	1.479	0.849	0.332	0.998	-2.237	0.704	-0.557	1.059	-0.064	-0.905	-1.057	-0.373	-1.437	-1.029	-2.229	-1.058	-1.811	-1.183	-0.614	-0.539
SyringaeB728a_mexBdelta	Psyr_0134	Psyr_0134		Aminotransferase, class V	0.270	-0.147	0.872	0.659	0.308	0.047	-1.233	-0.778	0.518	-0.192	0.855	0.366	0.361	0.497	0.614	0.610	-0.037	1.048	-0.922	0.221	0.491	-0.091	0.664
SyringaeB728a_mexBdelta	Psyr_0135	Psyr_0135		outer membrane transport energization protein TonB	-1.580	-1.564	-0.408	-2.891	-0.476	-2.161	-0.918	-3.140	0.038	-1.450	-1.109	-1.802	0.777	-0.369	-0.916	-1.635	-2.821	-0.970	-1.200	-0.761	-0.393	-1.654	-0.529
SyringaeB728a_mexBdelta	Psyr_0136	Psyr_0136		outer membrane transport energization protein ExbB	-1.146	-2.283	-0.792	-0.059	0.107	-1.204	-1.743	-3.647	-1.480	-0.778	-1.245	-0.549	-0.144	-0.430	1.004	0.310	0.001	0.491	0.066	-0.143	0.175	0.006	-0.083
SyringaeB728a_mexBdelta	Psyr_0137	Psyr_0137		outer membrane transport energization protein ExbD	0.618	0.478	-0.903	1.033	0.244	0.945	0.137	0.880	0.801	0.681	-0.747	0.808	0.511	-1.387	1.074	-0.295	-0.428	0.417	0.105	1.992	0.326	1.554	3.302
SyringaeB728a_mexBdelta	Psyr_0138	Psyr_0138		TonB-dependent receptor:TonB-dependent receptor	0.013	0.716	0.192	-0.160	0.842	-0.118	-0.097	0.061	0.772	0.192	0.282	-1.033	1.471	0.864	-0.486	-0.113	-0.607	-0.423	-0.320	-0.326	-0.986	-0.694	-0.792
SyringaeB728a_mexBdelta	Psyr_0139	Psyr_0139		extracellular solute-binding protein, family 5	0.810	0.145	-0.832	-0.499	0.290	0.644	-0.381	-0.640	-0.928	0.073	-0.550	-0.798	1.341	0.627	0.926	1.068	0.364	0.281	1.584	1.001	1.008	1.296	1.174
SyringaeB728a_mexBdelta	Psyr_0140	Psyr_0140		Binding-protein-dependent transport systems inner membrane component	0.294	-0.076	-0.773	0.876	-1.142	0.519	1.320	0.929	-0.047	0.266	0.773	0.602	0.573	-0.082	-1.785	-0.466	-0.293	-0.180	-1.237	-0.006	-0.772	-1.622	-0.647
SyringaeB728a_mexBdelta	Psyr_0141	Psyr_0141		Binding-protein-dependent transport systems inner membrane component	-0.021	0.494	-0.427	0.289	0.690	0.138	-0.086	-0.683	-0.181	0.599	1.367	0.266	0.553	-0.491	-0.191	-0.070	-0.746	-0.853	-1.068	-0.527	-1.642	0.063	-0.850
SyringaeB728a_mexBdelta	Psyr_0142	Psyr_0142		ABC transporter	-0.854	0.068	0.569	1.028	-0.333	0.621	-1.247	0.574	0.603	0.029	0.093	1.113	0.313	1.511	-0.215	-0.784	-0.468	0.163	-1.369	-1.664	-1.549	-1.130	-0.946
SyringaeB728a_mexBdelta	Psyr_0143	Psyr_0143		chemotaxis sensory transducer	1.316	0.724	0.516	-0.184	0.553	0.631	-0.798	0.212	0.662	0.294	0.361	0.342	0.161	0.232	1.302	1.453	1.361	1.571	1.065	0.246	1.157	0.943	-0.034
SyringaeB728a_mexBdelta	Psyr_0144	Psyr_0144		transcriptional regulator, AsnC family	-0.023	-0.878	-0.562	0.157	-0.814	-1.419	0.488	-2.603	-0.175	-0.014	-0.728	-0.791	0.862	-1.321	-0.576	-1.361	-0.331	-0.567	0.814	-1.486	-0.634	-0.387	0.081
SyringaeB728a_mexBdelta	Psyr_0145	Psyr_0145		conserved hypothetical protein	0.950	-0.993	-0.929	-0.463	-0.008	-1.362	-0.985	0.744	-0.604	-0.812	-0.904	0.063	-0.414	0.029	-0.813	-0.849	-1.274	-0.772	-0.722	0.101	0.119	-2.013	0.302
SyringaeB728a_mexBdelta	Psyr_0146	Psyr_0146		4-aminobutyrate aminotransferase apoenzyme	-0.300	0.576	-0.229	-0.990	-1.318	0.479	-0.080	-1.021	-0.378	-0.941	-0.195	-0.230	-0.480	0.717	0.466	1.441	0.747	1.021	0.723	0.020	0.990	0.630	0.733
SyringaeB728a_mexBdelta	Psyr_0147	Psyr_0147		D-isomer specific 2-hydroxyacid dehydrogenase, NAD-binding protein	-0.363	0.755	0.090	0.289	-0.154	1.286	0.697	-1.095	-0.248	-0.360	-0.265	-0.638	-0.818	-0.344	-1.068	-0.528	0.186	0.600	-1.502	0.355	-0.238	-0.973	-1.731
SyringaeB728a_mexBdelta	Psyr_0148	Psyr_0148		hypothetical protein	0.983	-0.412	0.906	1.072	0.969	-1.350	0.865	0.165	0.208	0.377	-0.174	0.517	0.296	0.479	-0.784	-0.229	-1.681	-0.007	-0.723	-1.393	0.155	-0.452	-0.687
SyringaeB728a_mexBdelta	Psyr_0149	Psyr_0149		succinate semialdehyde dehydrogenase	0.226	0.746	0.286	-1.206	0.601	-1.284	-0.546	-0.212	0.809	-0.096	-0.983	0.292	-1.081	-2.067	1.243	0.638	1.266	-0.061	-0.338	-0.270	0.183	1.781	1.017
SyringaeB728a_mexBdelta	Psyr_0150	Psyr_0150		Acetylornithine deacetylase (ArgE)	0.874	0.311	1.249	1.597	0.087	1.047	1.333	-0.454	1.577	0.504	0.847	0.994	-1.693	0.581	-0.925	0.313	-0.297	0.947	-0.379	-0.814	-0.839	-0.461	-0.427
SyringaeB728a_mexBdelta	Psyr_0151	Psyr_0151		FAD dependent oxidoreductase	0.127	-0.650	-1.010	-0.091	-0.736	0.327	-0.929	-0.346	-0.425	-0.993	-0.738	0.028	-0.407	0.665	0.261	0.471	0.837	-1.297	1.204	-0.071	-0.027	1.100	-0.217
SyringaeB728a_mexBdelta	Psyr_0152	Psyr_0152		FAD-dependent pyridine nucleotide-disulfide oxidoreductase:BFD-like [2Fe-2S]-binding region	-0.398	0.257	0.364	0.710	-0.398	0.650	0.399	0.608	-0.923	-0.293	0.334	-0.591	-0.199	1.282	-0.754	0.833	-0.614	-0.733	-0.165	-1.577	-0.413	-1.001	-0.790
SyringaeB728a_mexBdelta	Psyr_0153	Psyr_0153		conserved hypothetical protein	-0.435	1.566	-0.268	-0.152	0.145	1.015	0.417	0.503	0.799	-0.326	0.169	0.746	-0.267	-0.404	1.057	-0.389	0.940	0.738	0.585	0.344	0.181	0.932	1.469
SyringaeB728a_mexBdelta	Psyr_0154	Psyr_0154		Oligopeptide/dipeptide ABC transporter, ATP-binding protein, C-terminal	0.198	-0.635	0.075	-0.148	0.447	0.756	0.175	-0.408	-1.176	0.046	-0.377	0.276	-0.405	0.851	1.772	0.508	-0.557	0.323	0.524	-0.068	0.832	0.748	1.425
SyringaeB728a_mexBdelta	Psyr_0155	Psyr_0155		Binding-protein-dependent transport systems inner membrane component	1.111	1.370	0.671	0.619	0.137	0.096	1.350	0.761	0.991	1.619	-0.208	0.609	0.857	0.320	0.194	0.556	0.504	1.057	-0.109	-0.819	-1.180	0.370	0.096
SyringaeB728a_mexBdelta	Psyr_0156	Psyr_0156		Binding-protein-dependent transport systems inner membrane component	1.210	1.041	1.181	-0.775	-0.046	1.264	-0.277	1.062	-1.765	0.281	2.274	-0.118	0.521	0.048	-0.208	0.506	-0.558	0.370	1.296	-1.086	-1.250	0.222	1.531
SyringaeB728a_mexBdelta	Psyr_0157	Psyr_0157		Twin-arginine translocation pathway signal	1.310	0.499	1.139	0.680	0.678	1.049	0.389	0.443	1.396	1.963	1.651	1.543	-0.268	-0.156	0.240	0.650	0.915	1.527	0.475	0.062	-0.295	0.914	0.913
SyringaeB728a_mexBdelta	Psyr_0158	Psyr_0158		FAD dependent oxidoreductase	0.746	0.923	-0.897	-0.549	0.171	0.338	0.371	0.040	-1.256	0.350	-0.810	0.265	-0.168	0.079	-1.295	-1.372	-0.127	-0.762	-0.923	-1.369	-1.097	-0.759	-1.425
SyringaeB728a_mexBdelta	Psyr_0159	Psyr_0159		HAD-superfamily hydrolase, subfamily IA, variant 2	-1.380	-1.097	-1.320	-0.491	-1.711	-2.058	-1.442	-0.526	-0.792	0.034	-0.741	0.341	-0.252	-0.697	-0.647	-0.464	-1.622	-0.505	-0.606	-1.380	-1.829	-0.350	-1.133
SyringaeB728a_mexBdelta	Psyr_0160	Psyr_0160		GCN5-related N-acetyltransferase	0.133	-0.175	0.670	0.152	0.825	0.950	1.347	0.640	1.102	-0.523	0.177	0.311	0.870	1.875	-0.889	-0.260	-0.549	-0.486	-0.175	-1.283	-0.910	-0.478	-0.182
SyringaeB728a_mexBdelta	Psyr_0161	Psyr_0161		Protein of unknown function DUF861	0.291	-0.615	0.614	0.515	-0.204	1.772	1.193	1.377	0.453	0.216	-0.531	0.256	1.487	2.000	-0.283	-0.073	-0.648	0.337	1.120	1.310	1.067	-0.371	0.084
SyringaeB728a_mexBdelta	Psyr_0162	Psyr_0162		hypothetical protein	-0.423	0.214	-0.010	-0.474	-0.107	2.066	-0.025	-0.913	-1.247	-0.151	0.922	0.219	1.675	0.208	0.417	0.355	0.456	-0.462	1.259	0.536	0.592	-0.079	0.453
SyringaeB728a_mexBdelta	Psyr_0163	Psyr_0163		conserved hypothetical protein	-0.099	0.689	-1.264	-1.234	-1.739	-0.530	-0.992	-0.422	-0.115	-0.917	-0.947	-0.979	-0.274	-0.279	-0.168	-2.040	-0.832	-0.451	-0.179	-0.069	-0.338	-0.747	0.505
SyringaeB728a_mexBdelta	Psyr_0164	Psyr_0164		conserved hypothetical protein	0.339	-0.412	-1.636	-1.492	-0.408	-0.022	-1.428	-1.133	-0.770	-0.135	-0.385	-0.933	0.127	-0.609	-0.667	-0.632	-1.616	0.680	-0.257	-1.554	-0.435	-0.787	0.232
SyringaeB728a_mexBdelta	Psyr_0165	Psyr_0165		GCN5-related N-acetyltransferase	-1.114	0.008	0.274	-1.315	-0.055	-0.218	0.621	0.125	0.700	0.577	0.167	-0.575	-2.162	-1.425	-0.811	0.808	0.503	0.737	-0.167	-1.438	-0.356	-0.384	-0.383
SyringaeB728a_mexBdelta	Psyr_0166	Psyr_0166		hypothetical protein	-1.284	-1.510	-1.202	-2.200	-0.527	-1.589	-0.641	-3.345	-1.830	-2.646	-2.050	-1.719	0.944	1.163	0.929	0.829	-0.109	1.733	-0.268	0.180	0.412	0.858	0.643
SyringaeB728a_mexBdelta	Psyr_0167	Psyr_0167		hypothetical protein	-2.228	-2.683	-1.109	-1.145	-0.755	-2.951	-1.905	-1.614	-1.502	-0.317	-1.179	-2.427	-1.964	-2.881	1.919	1.695	-1.837	-0.705	0.404	0.111	-1.282	0.552	0.560
SyringaeB728a_mexBdelta	Psyr_0168	Psyr_0168		Phosphoenolpyruvate carboxykinase (ATP)	-0.566	-1.017	-2.976	-1.644	-0.993	8.268	-1.677	4.946	-1.655	-1.237	-1.157	0.273	0.892	1.917	-0.644	-1.577	-0.120	1.024	0.326	-1.288	-0.082	-1.077	-0.205
SyringaeB728a_mexBdelta	Psyr_0169	Psyr_0169		Hsp33 protein	0.789	-2.502	-1.463	-0.967	-0.172	4.133	-0.861	-2.203	0.397	-1.200	-0.900	-0.380	-1.095	-1.522	-0.721	-0.207	0.211	-1.431	-1.816	-0.839	-1.005	-1.603	-1.286
SyringaeB728a_mexBdelta	Psyr_0170	Psyr_0170		heat shock protein Hsp15	0.192	0.344	-1.507	0.666	-0.467	0.819	1.953	0.106	1.061	1.177	-0.559	-0.286	0.391	-0.875	-1.385	-1.003	0.777	-2.033	-0.577	-1.448	-0.520	-1.431	-0.541
SyringaeB728a_mexBdelta	Psyr_0171	Psyr_0171		EAL	0.162	1.125	-0.720	0.889	-0.074	2.018	-0.354	-0.132	0.585	-0.028	-0.149	1.026	1.597	2.523	0.991	-0.352	0.677	-2.081	-2.581	-0.949	-0.314	-2.443	-0.576
SyringaeB728a_mexBdelta	Psyr_0172	Psyr_0172		Protein of unknown function DUF785	-0.606	0.075	1.961	0.220	1.418	0.248	0.708	-0.686	-1.463	-0.384	0.016	-0.805	-0.744	-1.596	-0.041	-1.002	-1.190	-0.083	-0.741	-0.058	-1.060	-1.440	-0.901
SyringaeB728a_mexBdelta	Psyr_0173	Psyr_0173		SSU ribosomal protein S6P modification protein	2.313	1.931	3.184	1.765	5.107	2.198	2.291	0.459	0.965	0.365	1.531	2.488	1.070	0.242	2.220	0.958	-0.467	2.021	1.573	1.401	1.368	1.168	0.799
SyringaeB728a_mexBdelta	Psyr_0174	Psyr_0174		Sodium:dicarboxylate symporter	-0.587	-0.229	-0.435	-0.086	-1.070	1.821	-2.210	-1.423	-1.322	0.554	-1.095	-1.162	-1.953	-0.661	1.344	0.391	1.217	-0.359	0.037	-0.449	-0.700	-0.313	0.222
SyringaeB728a_mexBdelta	Psyr_0175	Psyr_0175		conserved hypothetical protein	-0.719	0.099	0.282	0.582	-1.593	2.493	0.363	-1.589	-0.451	-1.223	-0.837	-0.317	1.523	-1.016	1.128	0.591	0.131	0.305	0.165	0.783	-0.884	0.018	0.533
SyringaeB728a_mexBdelta	Psyr_0176	Psyr_0176		conserved hypothetical protein	0.370	1.328	0.331	1.815	1.670	2.115	1.093	1.445	0.351	1.250	1.249	0.944	-0.226	0.027	-0.670	0.221	0.959	-0.408	0.024	1.340	0.176	-0.077	-0.223
SyringaeB728a_mexBdelta	Psyr_0177	Psyr_0177		adenylate cyclase	-0.129	0.077	-0.143	-0.347	-0.494	-0.035	-1.488	-0.361	-1.136	0.219	-0.562	-0.021	0.106	-1.507	0.023	-0.102	0.881	-0.391	-0.190	0.179	-0.186	-0.404	-0.211
SyringaeB728a_mexBdelta	Psyr_0178	Psyr_0178		regulator of nucleoside diphosphate kinase	-1.257	-0.027	0.202	1.032	-0.382	-0.422	1.432	-0.194	-0.665	-0.177	0.441	-0.723	1.708	1.970	0.286	-0.046	0.454	-0.007	0.909	-0.321	0.518	1.466	-1.067
SyringaeB728a_mexBdelta	Psyr_0179	Psyr_0179		Protein of unknown function DUF1289	-0.557	-0.373	0.080	0.185	-0.654	-0.074	-0.720	-0.186	-0.581	0.220	-0.259	-0.255	-1.802	-0.416	2.679	1.351	-0.523	0.873	0.071	1.058	1.336	-0.788	-0.345
SyringaeB728a_mexBdelta	Psyr_0180	Psyr_0180		Frataxin-like protein	-1.032	-0.245	4.401	0.188	3.361	2.428	2.796	-0.907	1.906	-1.558	0.352	-1.313	1.482	0.502	0.426	0.792	0.567	-0.375	0.123	0.522	-0.794	0.271	1.699
SyringaeB728a_mexBdelta	Psyr_0184	Psyr_0184		Protein of unknown function DUF484	-1.085	-2.437	-1.832	-0.256	0.437	-1.175	0.901	-1.037	-0.871	-0.556	-0.148	-0.627	-0.939	-1.765	-0.593	-1.314	-0.391	-2.986	-0.942	-0.868	-2.420	-0.082	-3.347
SyringaeB728a_mexBdelta	Psyr_0185	Psyr_0185		tyrosine recombinase XerC subunit	-1.179	-1.834	-1.263	1.157	-0.966	0.432	1.517	-0.339	-5.559	-3.128	-1.160	-0.700	-1.773	-0.728	-1.641	-2.108	-1.049	-0.991	-2.460	-2.708	-2.577	-2.207	-3.092
SyringaeB728a_mexBdelta	Psyr_0186	Psyr_0186		HAD-superfamily hydrolase, subfamily IA, variant 3:HAD-superfamily hydrolase, subfamily IA, variant 1	-0.390	-0.030	-0.405	0.568	0.118	1.427	0.180	1.062	1.630	0.275	-0.448	0.837	0.651	0.334	0.401	-0.187	-1.070	0.045	0.827	-1.072	1.817	0.679	1.412
SyringaeB728a_mexBdelta	Psyr_0187	Psyr_0187		conserved hypothetical protein	-1.576	-2.244	-2.469	-1.760	0.609	-1.130	-1.960	-0.262	-1.926	-0.691	-2.455	-1.861	0.457	0.050	-2.227	-1.707	-1.394	-2.158	-0.987	-1.421	-1.737	-3.192	-2.199
SyringaeB728a_mexBdelta	Psyr_0188	Psyr_0188		Protein of unknown function UPF0047	-1.351	-1.799	-2.255	-1.255	-2.946	4.360	-3.058	1.008	-3.375	-1.917	-1.058	-2.083	2.130	1.431	-0.446	-2.105	0.436	-1.566	-2.672	-1.369	-1.443	-1.994	-1.707
SyringaeB728a_mexBdelta	Psyr_0189	Psyr_0189		ammonium transporter	-0.978	-0.277	-1.172	-0.882	0.349	-1.627	-0.181	0.021	-0.352	-0.569	-0.474	0.136	-0.471	0.615	-0.454	-0.042	-0.669	-0.044	0.031	-0.866	-1.130	0.947	-0.695
SyringaeB728a_mexBdelta	Psyr_0192	Psyr_0192		conserved hypothetical protein	1.225	1.583	1.903	0.637	2.559	2.127	0.745	0.151	1.240	0.124	1.643	0.915	1.914	2.751	0.175	-1.230	0.119	1.474	0.205	-0.234	-1.239	0.724	0.808
SyringaeB728a_mexBdelta	Psyr_0193	Psyr_0193		transcriptional regulator, AraC family	-0.855	-0.234	-1.652	-0.304	-1.854	-0.944	-0.837	-0.086	-0.438	0.085	-0.979	-0.122	0.836	1.411	-0.114	-0.172	-1.499	-0.626	0.028	-0.101	-0.996	-0.895	-0.808
SyringaeB728a_mexBdelta	Psyr_0194	Psyr_0194		Short-chain dehydrogenase/reductase SDR	-0.243	-1.094	-1.265	-1.717	-0.281	0.802	-1.774	-0.375	-0.951	-0.271	-0.585	0.234	0.813	1.966	1.216	0.266	0.647	-0.144	-0.602	0.331	-0.524	0.152	-1.811
SyringaeB728a_mexBdelta	Psyr_0195	Psyr_0195		conserved hypothetical protein	-2.183	-2.292	-1.701	-1.306	-2.219	-2.287	-1.120	-3.484	-1.634	-0.916	-2.192	-2.422	-0.624	-3.432	-1.313	-0.931	-1.512	-1.782	-0.437	-0.840	-0.535	-1.553	-2.000
SyringaeB728a_mexBdelta	Psyr_0196	Psyr_0196		conserved hypothetical protein	-0.585	-1.360	-1.962	-0.827	-0.280	-3.000	0.193	-1.941	-0.698	-0.484	-1.188	-1.982	-0.038	-2.203	0.020	-0.367	-0.441	0.560	-0.065	-0.375	-0.370	-0.043	-0.928
SyringaeB728a_mexBdelta	Psyr_0197	Psyr_0197		Mg chelatase-related protein	-0.123	-0.120	-1.280	-0.182	0.644	1.774	0.582	0.217	-1.619	-0.172	0.586	-0.071	-0.282	0.669	0.578	0.206	0.427	0.450	-1.275	-1.247	-1.085	0.465	0.689
SyringaeB728a_mexBdelta	Psyr_0198	Psyr_0198		Citrate transporter	-0.306	0.636	-1.798	-1.344	-0.771	1.256	-0.783	-1.633	-0.106	0.337	-0.884	-0.304	0.123	0.460	0.275	-0.009	-0.206	0.465	1.068	-0.057	-0.007	0.978	-0.555
SyringaeB728a_mexBdelta	Psyr_0199	Psyr_0199		Glutathione-dependent formaldehyde-activating, GFA	1.208	1.264	-1.355	-0.020	0.827	-0.910	-1.139	-0.737	1.036	-0.667	0.106	-0.813	-0.374	-1.334	-1.246	1.814	0.651	0.205	0.189	-1.507	-1.054	0.882	0.620
SyringaeB728a_mexBdelta	Psyr_0200	Psyr_0200		conserved hypothetical protein	0.785	1.660	2.925	0.465	3.888	1.971	0.730	2.335	2.327	1.029	1.588	0.700	1.834	1.368	-0.443	-0.737	-0.470	-0.472	-0.710	-0.231	-0.127	-1.188	0.342
SyringaeB728a_mexBdelta	Psyr_0201	Psyr_0201		ATP-dependent DNA helicase RecG	-1.416	-1.456	-8.261	-2.302	-4.765	1.004	-1.295	-3.286	-8.300	-7.980	-2.668	-3.434	-2.461	0.887	-1.649	-1.833	-4.498	-2.831	-2.982	-3.241	-2.362	-1.707	-9.491
SyringaeB728a_mexBdelta	Psyr_0202	Psyr_0202		transcriptional regulator, LysR family	-2.528	-3.737	-4.225	-2.428	-2.758	-0.584	-2.267	-7.430	-1.621	-2.670	-8.482	-2.951	-0.585	0.084	-2.414	-1.081	-2.306	-1.365	-1.038	-0.307	-1.006	-1.933	-2.736
SyringaeB728a_mexBdelta	Psyr_0206	Psyr_0206		conserved hypothetical protein	2.175	-0.115	-1.405	-0.192	1.433	-0.484	-0.763	-0.753	0.126	-1.183	0.150	-0.438	0.173	-1.907	-0.588	0.055	0.034	-0.546	0.934	0.709	-0.707	-0.177	-0.190
SyringaeB728a_mexBdelta	Psyr_0207	Psyr_0207		lipoprotein, putative	0.649	-0.448	0.010	-0.236	0.891	-3.386	0.117	-0.182	-1.137	-0.721	-0.936	1.106	0.544	-0.726	-0.482	0.034	-1.173	-0.240	-0.721	0.215	1.156	-1.718	-0.655
SyringaeB728a_mexBdelta	Psyr_0208	Psyr_0208		endoribonuclease L-PSP	-1.282	-0.967	3.905	-0.421	3.186	-0.367	4.243	-1.154	2.664	-1.659	1.338	0.093	-1.018	1.261	-1.009	-0.190	0.874	-1.144	-0.094	-0.173	0.012	-0.531	-0.492
SyringaeB728a_mexBdelta	Psyr_0212	Psyr_0212		Conserved hypothetical protein 255	-0.117	0.307	-0.960	1.389	1.011	1.226	0.333	-0.306	-0.638	2.571	1.516	-0.363	-0.640	-0.736	-0.221	0.039	-0.598	-1.628	-0.378	-1.012	0.082	-1.109	-1.441
SyringaeB728a_mexBdelta	Psyr_0213	Psyr_0213		RNAse PH	0.802	-0.651	-0.095	0.724	2.590	2.189	1.405	-1.445	0.595	-0.695	2.597	0.695	-1.394	-0.203	-0.305	-1.264	-0.586	-0.821	-1.211	-0.223	-1.631	-0.813	0.642
SyringaeB728a_mexBdelta	Psyr_0214	Psyr_0214		conserved hypothetical protein	1.217	0.743	0.110	0.452	1.989	0.588	1.360	1.817	1.036	-0.326	2.357	2.396	-0.495	-0.468	-0.174	1.228	0.122	-0.347	-1.618	0.458	-1.350	-0.021	0.010
SyringaeB728a_mexBdelta	Psyr_0215	Psyr_0215		Exodeoxyribonuclease III xth	-2.753	-3.417	-9.505	-4.161	-1.651	-8.566	-3.748	-9.944	-0.010	-3.286	-11.082	-2.120	-1.597	-1.202	-3.557	-4.120	-6.648	-3.170	-3.705	-3.284	-2.738	-2.541	-6.462
SyringaeB728a_mexBdelta	Psyr_0217	Psyr_0217		conserved hypothetical protein	-1.236	0.408	-0.912	0.219	-0.340	-1.577	-0.754	0.834	0.007	0.822	-1.297	-0.647	-0.378	-1.016	-0.959	-1.542	0.727	-1.235	-1.496	-0.053	-1.031	-0.942	0.165
SyringaeB728a_mexBdelta	Psyr_0219	Psyr_0219		phosphomannomutase	1.857	0.564	3.135	-1.300	7.078	-6.121	1.948	8.861	5.410	-0.274	2.108	0.613	1.694	1.816	-1.833	-1.995	0.510	-2.380	-1.264	2.171	-1.365	-0.771	-0.577
SyringaeB728a_mexBdelta	Psyr_0222	Psyr_0222		DNA replication and repair protein RadC	-1.365	0.243	-1.440	0.078	0.491	-1.445	1.189	-0.351	-0.740	-0.725	0.723	-0.219	1.078	-0.513	1.244	1.603	2.099	1.027	0.555	0.841	0.332	0.405	0.399
SyringaeB728a_mexBdelta	Psyr_0223	Psyr_0223		extracellular solute-binding protein, family 5	0.653	0.486	-2.462	0.475	-0.558	0.916	-1.020	1.489	1.044	-0.131	0.998	0.377	-1.829	0.027	1.649	1.238	0.576	1.958	1.341	2.237	1.507	0.784	0.899
SyringaeB728a_mexBdelta	Psyr_0226	Psyr_0226		Protein of unknown function DUF861	0.576	1.049	2.310	0.917	2.168	1.707	0.370	1.291	0.172	1.270	0.474	0.149	2.493	0.880	1.093	-0.354	1.288	-0.453	-0.755	0.414	0.694	-0.490	0.831
SyringaeB728a_mexBdelta	Psyr_0227	Psyr_0227		gamma-glutamyl-gamma-aminobutyraldehyde dehydrogenase	1.109	0.484	4.971	0.315	3.399	2.351	0.655	-0.654	0.359	0.319	1.234	-0.548	1.398	1.977	1.184	0.051	0.132	-0.108	1.511	0.335	-0.310	-0.440	0.740
SyringaeB728a_mexBdelta	Psyr_0228	Psyr_0228		Major facilitator superfamily	0.084	-0.119	-4.476	-0.903	-1.866	-1.169	0.282	-0.680	0.359	0.170	0.433	0.378	-2.622	-1.504	1.324	0.403	1.166	0.131	1.617	1.108	1.310	0.252	1.149
SyringaeB728a_mexBdelta	Psyr_0229	Psyr_0229		Phospholipase D/Transphosphatidylase	-0.416	-0.139	-3.306	0.966	-0.334	-1.449	-1.526	-0.190	-0.405	0.389	-0.452	1.005	-0.394	-0.938	1.724	0.183	0.555	0.074	-0.341	0.763	0.822	-0.400	-0.483
SyringaeB728a_mexBdelta	Psyr_0230	Psyr_0230		transcriptional regulator, GntR family	0.317	0.442	-2.942	-0.200	-1.193	-1.798	0.253	-1.690	0.954	0.014	0.063	-1.160	1.430	0.059	0.575	-0.314	0.373	-0.866	0.084	0.618	-0.578	0.369	0.382
SyringaeB728a_mexBdelta	Psyr_0231	Psyr_0231		conserved hypothetical protein	-0.338	-0.920	-2.211	-0.769	-0.583	-0.837	0.330	0.296	0.007	-1.173	-0.279	-0.566	-0.363	-2.060	-0.249	0.358	-0.205	1.764	1.226	2.567	-0.202	1.184	1.009
SyringaeB728a_mexBdelta	Psyr_0232	Psyr_0232		gamma-glutamylputrescine oxidase	-0.505	-1.043	-4.483	-0.893	-3.142	2.433	-1.002	-1.292	-1.553	-1.074	0.003	-0.169	0.206	0.980	-0.603	-1.154	-0.487	-0.577	-1.225	0.155	-1.244	-0.912	-1.332
SyringaeB728a_mexBdelta	Psyr_0233	Psyr_0233		Protein of unknown function UPF0153	-0.815	-0.912	-2.375	0.118	-1.285	-1.074	-0.828	-1.540	0.077	0.482	0.479	1.058	-0.558	-0.336	-0.016	0.969	0.166	0.698	-1.157	1.101	0.842	0.370	0.342
SyringaeB728a_mexBdelta	Psyr_0234	Psyr_0234		transcriptional regulator, AsnC family	-0.728	-0.510	-3.055	-1.169	-3.909	0.409	-0.646	-0.542	-1.985	-0.549	0.158	-0.117	-3.373	-0.724	-0.572	0.360	-1.547	-2.481	-0.691	-3.502	-0.530	-0.866	-1.297
SyringaeB728a_mexBdelta	Psyr_0235	Psyr_0235		D-amino acid dehydrogenase small subunit	-1.218	-1.892	-4.579	-4.166	-4.672	-0.697	-3.016	-2.207	-2.533	-3.241	-2.433	-2.483	-2.218	0.163	-2.070	-1.594	-1.640	-1.527	-3.028	-2.864	-2.453	-1.968	-2.631
SyringaeB728a_mexBdelta	Psyr_0236	Psyr_0236		Endoribonuclease L-PSP	1.748	0.845	0.508	-0.026	2.414	1.290	0.909	0.681	1.144	-0.310	0.742	0.810	-1.798	-0.344	-1.567	-1.435	-1.291	-1.254	-1.187	0.086	0.404	-0.950	0.129
SyringaeB728a_mexBdelta	Psyr_0238	Psyr_0238		Helix-turn-helix motif protein	-0.956	-0.539	-0.388	-0.612	0.636	-2.605	0.490	-1.049	-0.828	-1.694	-1.748	-0.075	-0.237	0.656	-0.604	-0.287	0.040	0.794	1.085	0.702	-0.170	0.611	-2.206
SyringaeB728a_mexBdelta	Psyr_0239	Psyr_0239		cytochrome c5	0.842	-0.729	-0.165	-0.940	0.042	0.465	-1.162	0.501	-0.624	-0.748	0.279	-1.472	0.155	-0.796	-0.843	-0.448	-0.058	-1.213	-1.036	-0.027	-0.150	-1.608	-1.714
SyringaeB728a_mexBdelta	Psyr_0240	Psyr_0240		hypothetical protein	0.855	-0.519	-0.750	-0.169	0.151	-0.741	1.347	1.484	-0.354	0.970	1.319	0.029	0.973	0.875	1.177	-0.947	-0.052	-0.768	-1.224	0.064	-0.732	0.236	1.264
SyringaeB728a_mexBdelta	Psyr_0241	Psyr_0241		conserved hypothetical protein	0.228	-0.101	-1.229	-1.058	0.315	0.564	0.106	0.332	-0.763	0.383	-0.151	0.066	1.499	1.195	0.289	0.086	0.141	0.860	0.625	0.339	0.649	-0.242	0.370
SyringaeB728a_mexBdelta	Psyr_0242	Psyr_0242		Protein of unknown function DUF962	0.784	1.943	-0.849	0.559	-0.978	1.493	0.767	1.245	-0.681	0.226	0.881	0.595	1.356	0.324	1.013	-0.463	0.649	0.618	-0.576	-0.099	1.306	1.256	0.431
SyringaeB728a_mexBdelta	Psyr_0243	Psyr_0243		cyclic nucleotide-binding protein	1.860	1.482	0.226	-0.281	0.618	2.326	-0.448	0.129	0.036	1.491	-0.426	0.526	0.001	-1.126	0.400	1.371	0.902	0.409	1.134	-0.742	0.699	0.222	1.171
SyringaeB728a_mexBdelta	Psyr_0244	Psyr_0244		extracellular solute-binding protein, family 1	-0.014	0.401	-3.543	-0.106	-1.218	-2.377	0.435	-0.418	-1.150	-0.047	0.409	0.568	-1.796	-0.184	0.838	1.140	-1.264	-0.471	-0.756	-0.646	-0.273	-0.230	-0.377
SyringaeB728a_mexBdelta	Psyr_0245	Psyr_0245		Binding-protein-dependent transport systems inner membrane component	-0.098	0.526	-3.422	0.783	-1.702	-1.849	-0.462	-1.538	0.929	0.158	0.485	0.179	-0.222	-0.465	0.259	0.618	0.472	-0.266	0.844	-0.567	-0.317	-0.832	0.549
SyringaeB728a_mexBdelta	Psyr_0246	Psyr_0246		aminomethyltransferase	-0.867	-0.662	-1.545	-0.266	0.833	-0.880	-0.184	-0.189	-0.391	0.053	-0.418	-0.194	-0.696	-0.473	1.188	1.097	0.651	0.091	0.732	-1.404	0.693	0.743	0.464
SyringaeB728a_mexBdelta	Psyr_0247	Psyr_0247		glycine cleavage system H protein	-0.395	0.047	-0.161	0.071	-0.868	1.387	-0.322	1.748	0.093	0.589	0.266	1.371	0.510	1.772	-0.502	-0.027	-0.312	-0.218	0.218	0.277	1.468	-0.573	-0.646
SyringaeB728a_mexBdelta	Psyr_0248	Psyr_0248		conserved hypothetical protein	0.439	-1.535	-0.719	0.382	-1.477	1.312	0.240	0.945	-0.074	-0.177	0.747	1.239	-0.951	-0.419	0.773	-0.822	-0.818	-0.085	-0.105	0.641	-1.074	-0.539	0.443
SyringaeB728a_mexBdelta	Psyr_0249	Psyr_0249		type II secretion system protein E:General secretory system II, protein E, N-terminal	1.161	0.937	0.553	0.255	-0.116	-0.725	0.686	-0.002	-0.455	1.023	-0.554	0.596	0.353	1.001	0.870	1.922	0.635	0.509	1.254	0.890	0.715	0.578	0.256
SyringaeB728a_mexBdelta	Psyr_0250	Psyr_0250		conserved hypothetical protein	-0.629	-0.501	-0.241	-0.086	0.524	-2.213	0.542	-0.928	-0.333	-0.070	-1.181	-0.854	0.154	-0.299	-0.534	0.692	-0.366	2.003	0.356	1.181	0.195	-0.567	1.734
SyringaeB728a_mexBdelta	Psyr_0251	Psyr_0251		transcriptional regulator, AsnC family	0.428	0.167	0.382	-0.039	0.854	0.873	0.037	-0.309	-0.278	-0.820	-0.871	-1.032	0.471	0.215	-0.066	0.703	0.208	0.684	1.252	0.548	0.054	-0.483	-1.271
SyringaeB728a_mexBdelta	Psyr_0252	Psyr_0252		adenylate cyclase	0.308	0.423	1.861	-0.888	3.415	-2.131	0.912	-0.257	0.777	0.436	0.875	1.365	0.394	-0.970	0.715	0.141	0.327	0.464	0.264	0.359	0.163	1.819	0.686
SyringaeB728a_mexBdelta	Psyr_0253	Psyr_0253		acetylornithine deacetylase	-0.228	1.030	-0.279	-0.613	0.256	0.798	-0.264	2.067	-0.132	0.058	-0.005	0.240	0.444	-0.319	1.504	2.069	0.980	1.168	0.216	0.723	0.923	1.883	3.245
SyringaeB728a_mexBdelta	Psyr_0256	Psyr_0256		Phenylacetic acid degradation-related protein	0.116	0.376	1.225	0.968	-1.304	2.343	1.507	0.406	0.512	-0.301	2.726	0.127	-0.250	1.622	-1.611	-0.855	0.429	0.550	0.272	0.294	0.641	-0.807	0.353
SyringaeB728a_mexBdelta	Psyr_0257	Psyr_0257		RNA binding S1	-0.054	-1.781	-1.793	-0.180	-1.664	-1.938	-1.881	0.676	0.119	-0.023	0.618	-1.785	0.624	0.928	-0.216	-0.502	1.027	-0.878	-0.943	0.223	0.317	-0.220	-0.919
SyringaeB728a_mexBdelta	Psyr_0260	Psyr_0260		conserved hypothetical protein	1.339	-0.845	0.540	-0.851	0.277	2.898	-0.035	0.686	0.543	1.176	0.162	0.453	-0.676	-1.075	0.712	0.565	-1.145	0.163	-0.203	1.091	-0.130	0.010	-0.038
SyringaeB728a_mexBdelta	Psyr_0261	Psyr_0261		conserved hypothetical protein	2.045	1.690	1.736	2.165	2.240	1.562	0.577	0.702	1.199	2.181	1.110	1.279	-0.984	1.255	1.892	1.555	0.601	1.352	0.248	1.207	0.842	0.333	1.527
SyringaeB728a_mexBdelta	Psyr_0262	Psyr_0262		Transport-associated protein	-0.884	0.117	-0.259	-1.150	0.996	-0.729	0.303	-1.052	1.300	1.165	-0.332	-0.072	-0.266	0.181	-0.554	-0.940	1.268	-0.768	-0.169	-0.158	0.040	0.703	-0.897
SyringaeB728a_mexBdelta	Psyr_0263	Psyr_0263		Two-component response regulator AlgB	-1.431	0.812	-0.766	-0.983	0.538	-0.301	-0.241	-0.185	0.620	0.888	-0.694	0.023	-0.554	0.290	-2.039	-1.219	-1.421	-1.741	-1.061	-2.117	0.702	-1.158	-0.872
SyringaeB728a_mexBdelta	Psyr_0264	Psyr_0264		Alginate biosynthesis sensor protein KinB	-0.892	-0.420	-1.762	-1.228	-3.946	0.320	-0.661	-1.381	-1.216	-1.219	-0.621	-3.143	-1.296	-1.152	-0.526	-1.324	-2.050	-1.337	-0.497	-2.065	-0.953	0.113	-1.618
SyringaeB728a_mexBdelta	Psyr_0265	Psyr_0265		N-acetylmuramoyl-L-alanine amidase, family 2	0.078	1.282	-0.167	0.590	-0.270	-9.701	-0.836	-2.058	-2.486	0.273	0.054	-0.073	-1.129	-2.807	1.730	1.999	-0.883	1.228	-0.054	0.775	1.297	1.352	-0.032
SyringaeB728a_mexBdelta	Psyr_0266	Psyr_0266		GGDEF domain protein	-0.754	0.311	0.625	0.078	0.115	-0.468	-0.239	0.236	-0.788	0.426	-0.316	-0.474	0.344	2.136	0.693	0.019	-0.594	-0.254	-0.655	0.885	-0.268	0.051	0.645
SyringaeB728a_mexBdelta	Psyr_0267	Psyr_0267		Endonuclease/exonuclease/phosphatase	-0.115	0.194	-0.190	1.664	1.296	-0.798	-0.595	0.547	0.289	-0.807	1.419	0.067	-0.675	0.981	1.716	0.057	-0.597	0.702	-0.628	0.515	0.094	0.850	-0.572
SyringaeB728a_mexBdelta	Psyr_0270	Psyr_0270		DNA polymerase I	-1.276	-0.693	-1.303	-0.568	-0.088	-2.366	0.256	0.068	0.832	-0.185	-0.865	-0.045	-0.542	-0.780	0.828	0.410	1.184	0.592	0.232	0.287	-0.552	1.255	0.760
SyringaeB728a_mexBdelta	Psyr_0271	Psyr_0271		conserved hypothetical protein	-0.117	-0.168	0.269	0.611	1.336	-1.637	2.219	0.512	-0.035	-0.315	0.632	0.702	-0.525	-1.798	-1.346	-0.950	-1.117	-0.538	1.256	-0.899	-2.164	-1.324	-2.316
SyringaeB728a_mexBdelta	Psyr_0275	Psyr_0275		Periplasmic solute binding protein	0.021	-1.283	-0.511	0.041	1.023	2.033	0.246	-1.414	0.879	-0.401	-1.624	0.061	1.453	3.905	-0.874	0.253	-0.916	-1.258	-0.761	0.417	-0.227	-0.761	-1.181
SyringaeB728a_mexBdelta	Psyr_0276	Psyr_0276		zinc uptake regulation protein, putative	0.085	-0.259	-2.505	-1.413	-3.016	-1.258	-1.267	-2.713	-2.107	-1.643	-1.537	-3.302	1.294	0.109	-1.661	-1.967	-0.292	0.013	-1.038	-1.719	-1.522	-1.755	-0.810
SyringaeB728a_mexBdelta	Psyr_0277	Psyr_0277		ABC transporter	2.260	-0.018	2.710	1.257	2.869	1.645	2.945	-1.359	0.556	0.919	1.563	1.642	1.819	2.038	-0.954	-0.167	1.658	-2.059	0.459	1.300	0.683	0.655	-1.073
SyringaeB728a_mexBdelta	Psyr_0278	Psyr_0278		ABC-3	-1.144	-1.084	-0.621	-0.797	1.836	0.073	0.400	-0.369	-0.957	-0.560	-1.422	-0.830	0.129	2.427	-0.828	-1.092	-0.887	0.512	-0.506	2.428	-0.830	1.085	1.230
SyringaeB728a_mexBdelta	Psyr_0279	Psyr_0279		lipoprotein, putative	0.559	-0.190	1.584	0.282	0.704	-3.751	-0.676	-3.401	1.405	-0.078	1.322	0.726	-0.419	-0.975	-1.354	-0.310	-1.702	-0.484	-1.773	-0.046	-0.405	-1.385	-2.379
SyringaeB728a_mexBdelta	Psyr_0280	Psyr_0280		Catalase	-0.529	0.195	-1.759	-1.188	-0.127	-2.365	-0.666	-0.527	0.200	-0.476	-0.150	0.272	-0.225	-0.503	0.800	1.392	0.296	0.803	1.405	0.786	-0.015	0.842	0.760
SyringaeB728a_mexBdelta	Psyr_0281	Psyr_0281		ABC transporter	0.225	-3.723	0.041	0.588	-1.178	0.808	-0.752	0.027	-1.888	0.029	-0.727	-1.703	-1.121	0.311	-1.090	-1.570	-0.192	-1.372	-1.926	0.387	-1.904	-3.641	-1.197
SyringaeB728a_mexBdelta	Psyr_0282	Psyr_0282		Binding-protein-dependent transport systems inner membrane component	-1.670	-3.708	-1.648	-0.646	-1.671	2.811	-3.291	0.161	-0.946	-1.254	-1.769	-1.050	-1.918	-1.230	0.037	-1.643	1.211	-2.556	-2.333	-1.496	-4.036	-5.077	-1.712
SyringaeB728a_mexBdelta	Psyr_0283	Psyr_0283		NLPA lipoprotein	0.094	-0.763	-0.843	0.285	0.037	-0.871	0.265	-0.679	1.623	-0.966	0.396	0.407	1.204	1.205	2.303	1.870	1.251	1.436	1.937	1.659	1.196	2.026	1.801
SyringaeB728a_mexBdelta	Psyr_0284	Psyr_0284		Electron transport protein SCO1/SenC	-2.226	-2.028	-6.209	-1.866	-3.585	-1.467	-4.252	-5.771	-2.337	-2.119	-3.772	-2.775	0.329	0.664	1.378	1.171	-0.158	0.690	0.785	0.014	0.045	1.189	-3.843
SyringaeB728a_mexBdelta	Psyr_0285	Psyr_0285		Cytochrome c oxidase assembly protein CtaG/Cox11	-0.054	0.365	-1.088	-0.277	-1.002	-0.480	0.675	0.374	-0.949	0.929	1.271	-0.762	-0.983	-0.333	1.383	0.494	1.312	0.120	-0.742	1.200	-0.012	0.573	0.363
SyringaeB728a_mexBdelta	Psyr_0286	Psyr_0286		conserved hypothetical protein	-0.724	-0.245	-1.779	1.098	-1.256	-2.656	-1.955	-0.867	-1.372	-0.846	1.727	0.358	1.404	1.895	0.075	0.684	-0.029	-0.415	1.232	0.671	-0.030	-0.575	1.224
SyringaeB728a_mexBdelta	Psyr_0287	Psyr_0287		Sulphate transporter	0.626	0.153	-1.858	-0.062	0.237	-1.250	-0.102	0.554	0.278	0.111	0.372	1.648	0.726	-0.841	-0.243	0.778	-0.123	1.444	0.784	0.610	-1.750	1.400	1.050
SyringaeB728a_mexBdelta	Psyr_0288	Psyr_0288		Carbonate dehydratase	1.224	1.978	-1.780	0.134	0.429	-0.302	2.260	0.961	1.931	2.323	1.340	0.965	-0.489	-0.322	-1.556	-0.481	-1.510	-0.388	0.940	-0.214	-0.375	0.992	0.940
SyringaeB728a_mexBdelta	Psyr_0289	Psyr_0289		Radical SAM	-1.468	-0.753	0.624	0.049	-0.233	0.210	-0.308	-0.285	-0.220	-0.797	-0.359	0.093	-0.084	-0.681	-1.050	-0.123	0.835	0.166	0.334	-0.331	-0.341	-0.069	-1.822
SyringaeB728a_mexBdelta	Psyr_0290	Psyr_0290		ThiJ/PfpI	2.177	-1.001	0.621	0.438	0.818	3.701	0.635	1.382	0.428	0.058	0.321	1.667	-0.790	0.282	1.686	-0.266	0.908	0.623	1.477	1.680	-0.206	0.683	0.375
SyringaeB728a_mexBdelta	Psyr_0291	Psyr_0291		DedA	-0.095	0.339	0.782	-0.096	1.315	7.074	0.220	0.533	0.131	0.666	-1.522	-0.721	1.576	1.584	0.128	-2.572	0.492	-2.054	0.453	-0.733	-0.318	1.075	1.336
SyringaeB728a_mexBdelta	Psyr_0293	Psyr_0293		Polyphosphate kinase	0.823	0.603	-14.947	0.495	-6.940	-3.178	-5.021	-5.223	4.138	-2.330	-5.784	-0.937	-7.617	5.946	0.389	-0.420	-1.463	-0.153	-0.925	-4.232	0.606	0.939	-2.531
SyringaeB728a_mexBdelta	Psyr_0294	Psyr_0294		Exopolyphosphatase	-1.033	-0.208	1.486	-1.081	-0.168	-1.142	0.820	-0.476	-2.663	-1.070	-0.502	-0.254	-0.016	-1.434	0.525	0.819	0.572	0.228	0.782	1.055	0.832	0.629	0.981
SyringaeB728a_mexBdelta	Psyr_0295	Psyr_0295		amino acid ABC transporter ATP-binding protein, PAAT family	-0.822	1.009	0.423	-0.441	-0.225	-0.684	0.692	-0.874	-0.637	-0.700	0.090	-0.021	-2.677	-0.737	0.523	0.903	1.481	0.044	1.468	1.030	1.528	0.306	1.085
SyringaeB728a_mexBdelta	Psyr_0296	Psyr_0296		amino acid ABC transporter membrane protein 2, PAAT family	0.447	-0.850	1.291	-1.101	-0.625	2.411	0.177	0.141	0.428	-1.271	1.027	-1.073	0.807	-0.507	0.522	1.227	-0.277	-0.380	0.412	0.630	0.546	1.091	-0.116
SyringaeB728a_mexBdelta	Psyr_0297	Psyr_0297		amino acid ABC transporter membrane protein 1, PAAT family	0.541	-0.329	0.363	0.353	0.017	0.867	0.022	-0.058	-0.012	0.519	-0.260	0.461	0.677	0.635	-0.902	-0.336	-0.040	-0.937	-0.799	0.194	-0.806	0.220	-0.955
SyringaeB728a_mexBdelta	Psyr_0298	Psyr_0298		amino acid ABC transporter substrate-binding protein, PAAT family	0.476	-1.147	1.653	0.253	-0.900	0.265	0.138	-1.282	0.591	-1.260	-0.045	0.166	0.600	-0.964	2.280	1.222	2.120	-0.756	0.412	1.604	0.837	0.455	-0.198
SyringaeB728a_mexBdelta	Psyr_0299	Psyr_0299		transcriptional regulator, GntR family	-0.238	-1.093	-0.358	-1.152	-1.360	-1.670	-1.023	-0.726	-0.980	-1.076	-1.397	-1.289	0.443	-0.190	1.434	3.053	1.959	2.553	0.605	1.713	1.077	0.768	1.697
SyringaeB728a_mexBdelta	Psyr_0303	Psyr_0303		Ferredoxin:Oxidoreductase FAD/NAD(P)-binding protein	-2.568	-2.880	-1.054	-1.652	-1.988	4.454	-1.835	-1.386	-3.543	-2.101	-2.609	-1.686	-0.281	0.792	-4.070	-1.987	-1.687	-2.951	-3.348	-1.453	-1.906	-2.826	-3.730
SyringaeB728a_mexBdelta	Psyr_0304	Psyr_0304		ChaC-like protein	-0.891	-2.052	1.266	-0.293	-0.391	-2.194	2.816	-1.691	0.759	-0.282	-0.434	-2.194	0.341	0.027	-0.046	0.105	-2.244	-0.810	-0.288	-2.226	-1.263	-1.768	-2.058
SyringaeB728a_mexBdelta	Psyr_0305	Psyr_0305		GlpT transporter:Glycerol-3-phosphate transporter	-0.570	-0.237	0.796	-1.734	-0.432	0.761	-1.492	0.331	-0.595	-0.337	1.071	0.573	0.310	-0.147	1.426	1.678	1.583	0.774	1.125	1.483	1.938	1.281	2.166
SyringaeB728a_mexBdelta	Psyr_0306	Psyr_0306		TonB, C-terminal	-1.554	-1.477	-0.661	-0.203	-1.318	-0.566	0.244	-1.055	-0.901	-0.731	-0.295	-1.484	0.260	-0.383	-0.609	-0.307	-1.305	0.234	-1.912	-0.382	-2.048	-0.328	-2.180
SyringaeB728a_mexBdelta	Psyr_0307	Psyr_0307		hypothetical protein	-1.622	0.234	-1.040	-0.144	0.107	-3.293	0.251	-0.800	-0.960	-1.386	-0.426	-0.548	0.677	-1.857	0.656	0.615	-1.508	0.114	-0.991	-0.231	0.759	1.298	-0.848
SyringaeB728a_mexBdelta	Psyr_0308	Psyr_0308		hypothetical protein	-0.371	-1.010	-2.611	-2.065	-1.026	-1.551	-0.757	-1.795	-1.287	0.618	-1.590	-1.572	-1.676	-1.860	-1.684	-0.611	0.098	0.098	-0.992	-1.047	-0.851	-1.273	-0.859
SyringaeB728a_mexBdelta	Psyr_0309	Psyr_0309		Colicin immunity protein/pyocin immunity protein	-0.140	0.514	0.946	0.428	0.663	-1.465	-0.409	-0.822	0.003	0.595	-0.130	-0.938	-1.155	-0.787	1.101	0.370	-0.001	0.888	1.449	0.336	-0.303	0.279	0.886
SyringaeB728a_mexBdelta	Psyr_0310	Psyr_0310		HNH endonuclease:S-type Pyocin	-0.761	-0.933	-1.330	-0.145	-0.445	-2.543	-0.341	-0.395	0.413	-0.367	-0.846	-0.729	-0.661	-0.485	-0.644	-0.774	-0.649	0.310	0.619	-0.008	-0.439	-0.355	-0.232
SyringaeB728a_mexBdelta	Psyr_0312	Psyr_0312		hypothetical protein	-2.035	-1.023	-0.519	-1.486	-0.769	-2.819	-0.743	-1.937	0.551	-2.687	-1.932	-2.250	0.020	-2.389	-0.356	-0.282	-2.254	-1.938	0.122	-0.669	-0.578	-0.590	-1.861
SyringaeB728a_mexBdelta	Psyr_0313	Psyr_0313		Zinc-containing alcohol dehydrogenase superfamily	1.076	0.616	1.388	0.342	1.305	1.898	1.768	1.160	0.078	0.421	1.312	0.944	-0.231	0.415	0.332	0.850	0.067	-0.347	-0.548	0.796	0.310	-0.180	1.080
SyringaeB728a_mexBdelta	Psyr_0314	Psyr_0314		Flagellar basal body-associated protein FliL	-0.267	-1.489	0.439	-1.039	-0.764	0.207	0.234	-0.272	-0.767	0.429	-0.699	0.431	-2.054	-2.452	0.292	0.807	1.426	-0.213	0.172	0.524	-0.175	1.105	-0.269
SyringaeB728a_mexBdelta	Psyr_0315	Psyr_0315		Protein of unknown function DUF589	0.500	-1.674	-1.416	-2.147	-2.164	-1.429	-0.259	-1.473	0.424	0.094	-0.018	-0.412	0.717	0.549	0.590	0.075	-0.138	-0.284	-0.235	0.286	-0.268	-1.036	1.141
SyringaeB728a_mexBdelta	Psyr_0316	Psyr_0316		conserved hypothetical protein	-0.049	-0.916	0.092	-1.556	-0.044	0.774	0.842	-0.088	-0.194	-1.261	0.034	-0.258	0.006	0.439	0.367	1.241	-0.561	0.499	-0.251	-1.529	0.560	0.156	1.333
SyringaeB728a_mexBdelta	Psyr_0317	Psyr_0317		5-formyltetrahydrofolate cyclo-ligase	0.180	-1.038	-2.574	0.004	-0.138	0.467	-0.504	-2.708	0.453	-0.013	-0.778	-0.099	-0.574	-0.312	-0.332	-0.142	-0.323	0.894	0.406	0.420	-1.075	-1.360	0.813
SyringaeB728a_mexBdelta	Psyr_0318	Psyr_0318		cell division protein ZapA	2.844	2.930	-1.130	2.617	0.159	3.363	0.677	0.712	5.758	0.649	1.933	1.226	-0.222	3.300	-1.263	-1.592	0.122	-0.420	-1.396	-0.953	-0.687	0.049	-0.871
SyringaeB728a_mexBdelta	Psyr_0319	Psyr_0319		conserved hypothetical protein	-0.489	-0.098	-2.328	0.765	-0.852	-1.630	-0.994	-2.270	2.361	0.426	0.659	1.084	-0.198	2.149	-1.563	-0.877	-0.726	-1.855	-1.350	-1.015	-1.863	-2.239	-1.754
SyringaeB728a_mexBdelta	Psyr_0320	Psyr_0320		Protein of unknown function UPF0149	0.448	0.578	0.401	-0.756	0.556	-0.680	1.044	0.283	2.108	1.088	0.572	0.033	0.377	2.354	-0.580	-0.286	-1.042	0.365	-0.200	-0.467	0.112	0.061	-0.365
SyringaeB728a_mexBdelta	Psyr_0321	Psyr_0321		aminopeptidase P, Metallo peptidase, MEROPS family M24B	-0.597	-0.433	0.390	-0.296	0.133	3.511	1.246	1.560	-0.670	-0.655	-0.015	-0.534	0.638	3.998	-0.715	-1.492	-0.344	-1.134	-0.958	-0.164	-0.337	-0.775	-1.532
SyringaeB728a_mexBdelta	Psyr_0324	Psyr_0324		transcriptional regulator, AraC family	1.836	1.014	0.718	0.019	0.026	0.411	-0.644	-0.454	-0.345	-0.280	0.669	-0.115	-0.861	0.816	-0.245	-0.870	-1.151	1.166	-1.183	-0.268	-0.835	-0.106	0.020
SyringaeB728a_mexBdelta	Psyr_0325	Psyr_0325		General substrate transporter:TonB box, N-terminal	-1.040	0.612	-0.393	-0.304	-0.043	-0.359	-0.991	-0.263	-0.019	0.129	0.206	-0.131	-0.667	0.396	0.465	-0.249	0.583	1.255	-0.129	0.054	0.578	0.189	0.538
SyringaeB728a_mexBdelta	Psyr_0326	Psyr_0326		Protein of unknown function DUF1234	-0.488	-0.942	-0.938	-1.727	-1.337	-0.211	0.799	0.185	-1.698	-2.318	-0.129	-1.020	-0.604	-1.124	-1.676	-1.808	-1.773	-1.466	0.123	-1.341	-0.484	-0.199	-2.095
SyringaeB728a_mexBdelta	Psyr_0327	Psyr_0327		Sigma-54 factor, interaction region	0.530	-0.963	0.359	0.523	-0.240	0.665	0.679	0.837	1.110	0.795	0.822	0.315	0.841	1.984	-0.086	-0.676	-0.079	0.473	0.260	0.139	-0.232	0.048	-0.117
SyringaeB728a_mexBdelta	Psyr_0328	Psyr_0328		NLPA lipoprotein	-0.115	-0.506	0.019	-0.310	-0.943	-2.589	0.278	-0.854	0.099	-0.323	-0.660	0.306	0.053	-0.625	-0.719	-0.043	-0.373	-0.469	-0.427	-0.604	-0.501	-1.073	-0.856
SyringaeB728a_mexBdelta	Psyr_0329	Psyr_0329		Secretory lipase	-0.251	0.041	-1.819	0.211	-0.737	-0.192	-0.865	-1.352	0.354	0.082	-0.415	-0.796	-0.357	-1.177	-0.210	0.291	-1.055	1.569	1.040	1.070	0.239	-0.002	-0.551
SyringaeB728a_mexBdelta	Psyr_0330	Psyr_0330		hypothetical protein	-2.125	-3.615	-1.865	-2.598	-1.357	-2.963	-1.950	-1.951	-2.515	-1.916	-4.209	-2.342	-2.614	-1.978	-1.418	-0.309	-1.107	-0.122	-0.565	-1.794	-0.564	-1.657	-0.964
SyringaeB728a_mexBdelta	Psyr_0331	Psyr_0331		AMP-dependent synthetase and ligase	0.479	-0.299	-0.009	0.364	0.127	-1.456	0.157	-1.382	-0.014	-1.050	-0.146	0.059	-1.751	-1.563	-0.332	-0.064	-0.550	-0.286	0.339	0.207	-0.086	0.038	-0.138
SyringaeB728a_mexBdelta	Psyr_0332	Psyr_0332		hypothetical protein	0.752	-0.057	-0.381	-0.155	-0.132	0.441	0.107	-0.346	-0.609	0.269	0.500	-0.044	-1.161	-0.353	-0.170	0.993	1.190	1.185	0.434	0.192	-0.303	-0.100	0.396
SyringaeB728a_mexBdelta	Psyr_0333	Psyr_0333		hypothetical protein	0.034	-0.701	0.116	-0.429	0.804	0.197	0.199	-1.137	0.609	0.270	0.528	0.556	-1.360	0.216	-0.192	0.200	-0.129	0.187	-0.323	-0.794	0.304	-0.226	-0.951
SyringaeB728a_mexBdelta	Psyr_0334	Psyr_0334		ectoine synthase	0.297	0.175	-0.795	0.166	-0.504	-0.313	0.599	-1.102	-0.002	0.370	-0.097	0.310	0.658	-0.160	0.036	0.207	0.685	0.710	0.277	0.299	-0.142	-0.692	0.623
SyringaeB728a_mexBdelta	Psyr_0335	Psyr_0335		membrane protein, putative	-1.392	-0.659	-0.040	-0.134	-1.251	-0.325	-0.007	0.190	-0.068	0.870	-2.156	-0.532	0.978	0.456	0.705	1.493	0.608	0.446	0.907	0.785	0.618	0.573	1.035
SyringaeB728a_mexBdelta	Psyr_0336	Psyr_0336		Outer membrane autotransporter barrel	1.623	1.305	0.813	0.428	0.512	-1.669	-0.262	0.490	0.354	0.497	-0.896	0.180	0.775	0.130	-0.482	-1.205	-0.788	-0.368	-0.169	0.140	-0.805	-1.139	-0.461
SyringaeB728a_mexBdelta	Psyr_0337	Psyr_0337		Taurine dioxygenase	-0.685	0.399	-1.589	-0.307	-1.577	-1.469	-0.141	-0.051	0.032	0.313	-0.535	-0.658	0.218	-1.201	0.653	1.202	0.411	1.124	0.524	-0.017	0.653	-0.630	0.241
SyringaeB728a_mexBdelta	Psyr_0338	Psyr_0338		ABC transporter	0.515	-1.778	-0.314	0.518	0.172	1.179	0.850	0.167	0.305	0.675	-2.393	0.971	1.532	-0.484	-2.146	-0.146	-1.019	-1.266	0.924	0.473	-2.259	1.325	0.225
SyringaeB728a_mexBdelta	Psyr_0339	Psyr_0339		Binding-protein-dependent transport systems inner membrane component	1.639	0.390	1.729	0.642	2.318	-0.279	3.216	1.899	1.887	1.939	0.686	0.817	0.746	0.814	1.178	1.327	-0.514	1.438	1.918	0.694	-0.775	0.452	0.550
SyringaeB728a_mexBdelta	Psyr_0340	Psyr_0340		ABC transporter, periplasmic substrate-binding protein	0.326	0.297	1.472	0.659	1.397	-0.140	0.804	0.862	0.398	1.302	1.341	1.141	0.219	0.078	-0.834	-0.420	0.061	-1.038	-0.038	-0.429	0.423	0.234	-0.421
SyringaeB728a_mexBdelta	Psyr_0341	Psyr_0341		hypothetical protein	1.797	0.301	0.320	0.792	2.583	0.473	1.167	-1.003	0.704	-0.055	-0.681	0.868	0.821	0.055	-0.450	-0.241	0.122	0.643	-0.151	-0.186	-0.681	-0.085	-0.074
SyringaeB728a_mexBdelta	Psyr_0342	Psyr_0342		hypothetical protein	-0.129	0.299	0.858	-0.090	0.827	-2.606	0.830	0.235	0.642	-0.558	-0.677	-0.100	-0.843	-2.437	-0.342	-1.369	-0.834	-0.472	-0.078	-0.843	-1.489	-1.620	-0.804
SyringaeB728a_mexBdelta	Psyr_0343	Psyr_0343		hypothetical protein	1.010	0.443	0.900	-0.751	0.393	-1.354	-0.164	-0.374	-0.459	-0.082	-0.331	0.189	-0.679	-1.512	0.518	1.628	0.640	1.809	1.629	0.961	1.593	1.016	0.527
SyringaeB728a_mexBdelta	Psyr_0344	Psyr_0344		Secretion protein HlyD	1.992	1.712	12.079	-0.161	9.070	0.875	4.094	3.155	7.338	0.617	-5.964	1.016	1.039	0.553	1.865	2.023	0.567	0.875	0.360	-1.028	1.673	1.929	1.378
SyringaeB728a_mexBdelta	Psyr_0345	Psyr_0345		Secretion protein HlyD	0.437	0.625	14.399	0.046	6.864	0.784	3.617	3.361	7.020	1.369	-5.091	0.809	1.129	2.501	1.012	0.598	-0.026	0.052	1.094	-3.205	0.735	0.995	1.533
SyringaeB728a_mexBdelta	Psyr_0346	Psyr_0346		Acriflavin resistance protein	0.528	0.867	20.125	-0.363	16.487	-0.662	7.252	2.869	12.073	-0.310	-14.927	-0.255	1.755	3.517	0.864	1.680	1.119	-0.194	-0.307	-3.032	0.858	0.579	0.786
SyringaeB728a_mexBdelta	Psyr_0347	Psyr_0347		hypothetical protein	0.132	0.325	0.693	-0.074	-0.115	0.158	0.640	0.296	0.811	-0.876	0.366	0.835	1.007	1.333	-0.290	-0.525	1.559	2.252	0.317	1.341	0.542	2.207	-1.203
SyringaeB728a_mexBdelta	Psyr_0348	Psyr_0348		conserved hypothetical protein	-1.021	-2.191	0.328	-0.207	-0.509	0.063	-2.059	0.329	-1.463	-1.088	-1.731	-0.572	-2.345	-2.866	0.427	1.232	0.428	0.942	1.080	-0.738	0.295	1.661	-0.053
SyringaeB728a_mexBdelta	Psyr_0349	Psyr_0349		Binding-protein-dependent transport systems inner membrane component	1.911	0.782	1.607	0.748	2.788	0.019	0.680	1.430	0.463	0.447	0.600	0.836	-1.299	0.943	-0.466	-0.101	-0.860	0.840	-0.772	-0.230	0.181	-1.132	-0.439
SyringaeB728a_mexBdelta	Psyr_0350	Psyr_0350		ABC transporter	1.973	1.095	1.250	1.878	0.925	0.955	1.149	-0.875	-0.220	-0.001	1.099	0.142	-1.729	-0.329	-0.047	-0.632	-2.117	-0.216	-0.991	0.731	-0.957	-1.212	-0.488
SyringaeB728a_mexBdelta	Psyr_0351	Psyr_0351		NLPA lipoprotein	-0.012	0.466	1.508	-0.113	0.066	-1.544	0.183	0.462	0.347	0.802	-0.256	-0.055	-1.141	0.186	0.375	0.191	0.672	-1.034	0.486	-0.316	0.135	0.323	-0.577
SyringaeB728a_mexBdelta	Psyr_0352	Psyr_0352		monooxygenase, DszA family	-0.586	-0.053	-0.445	0.780	-0.296	1.606	-1.166	-0.442	-0.453	0.602	-0.493	0.321	-0.437	-0.054	0.030	0.131	-0.804	0.042	-1.892	0.066	-1.216	-1.603	-0.429
SyringaeB728a_mexBdelta	Psyr_0353	Psyr_0353		Acyl-CoA dehydrogenase, C-terminal	0.657	1.041	1.273	0.606	0.705	-0.374	0.181	0.709	1.124	-0.512	1.273	0.079	1.388	0.485	-1.671	-1.538	-0.692	-1.604	-1.189	-0.771	-1.448	-2.070	-1.442
SyringaeB728a_mexBdelta	Psyr_0354	Psyr_0354		Acyl-CoA dehydrogenase, C-terminal	0.817	0.727	0.032	0.272	-0.683	1.202	0.796	0.934	-0.311	1.251	2.192	0.966	1.076	0.564	0.978	0.091	-0.090	0.694	2.325	1.131	0.632	1.032	-1.257
SyringaeB728a_mexBdelta	Psyr_0355	Psyr_0355		conserved hypothetical protein	-0.402	-0.300	-1.126	0.222	-0.466	-1.620	-0.043	-0.829	0.003	-0.851	-0.763	-2.052	1.154	-0.651	0.106	-0.099	-0.407	-0.013	-0.177	0.277	-0.652	-0.776	-0.142
SyringaeB728a_mexBdelta	Psyr_0357	Psyr_0357		Diaminopimelate ABC transporter membrane protein / L-cystine ABC transporter membrane protein	0.448	0.851	0.170	-0.001	-0.161	0.693	-0.493	1.370	-0.461	-0.517	-0.955	0.027	-0.084	-0.478	-0.000	-0.139	-0.398	-0.133	0.791	-0.116	-0.807	-0.515	-0.648
SyringaeB728a_mexBdelta	Psyr_0358	Psyr_0358		Diaminopimelate-binding protein / L-cystine-binding protein	0.059	0.947	0.555	0.815	-0.236	0.175	-0.564	-0.220	-0.741	1.056	0.235	1.432	-1.812	-0.991	0.619	0.576	1.308	0.641	1.100	1.136	1.836	0.545	0.110
SyringaeB728a_mexBdelta	Psyr_0359	Psyr_0359		D-cysteine desulfhydrase	-0.577	0.489	1.749	-2.801	-0.655	1.231	-0.805	0.180	-1.792	-0.216	0.141	-0.004	0.160	2.615	-2.616	-1.721	-1.463	-1.187	-0.766	-1.654	-1.294	-0.850	-1.700
SyringaeB728a_mexBdelta	Psyr_0360	Psyr_0360		serine O-acetyltransferase	-1.726	-1.090	-2.482	-0.130	-0.335	0.313	-2.031	-0.346	-1.376	-1.832	-0.956	-1.129	0.433	-0.161	0.209	0.720	0.318	1.518	0.323	0.451	0.619	0.481	-0.176
SyringaeB728a_mexBdelta	Psyr_0361	Psyr_0361		conserved hypothetical protein	0.579	-0.011	-0.494	-0.790	0.318	-0.612	0.704	0.455	-0.881	0.837	0.072	-0.095	0.206	1.650	1.893	0.316	2.007	0.487	-0.929	0.882	0.359	1.309	1.507
SyringaeB728a_mexBdelta	Psyr_0362	Psyr_0362		Sigma-70 region 2	-0.242	0.609	-2.387	-0.394	1.006	-1.210	0.727	0.591	-0.627	1.037	0.622	0.815	0.837	0.996	2.546	1.270	-0.095	1.248	1.723	0.407	1.624	0.725	0.726
SyringaeB728a_mexBdelta	Psyr_0363	Psyr_0363		conserved hypothetical protein	0.977	0.793	-0.275	-2.097	0.478	2.304	-0.339	0.086	0.323	-1.048	0.793	0.263	-1.176	-1.372	0.102	-0.866	0.763	0.662	-0.768	-0.145	0.743	0.683	0.490
SyringaeB728a_mexBdelta	Psyr_0364	Psyr_0364		sodium/proton antiporter, NhaA family	-0.300	-0.696	-2.103	-1.171	-1.054	1.875	-0.441	-0.171	-1.408	-1.885	-1.768	0.432	-1.181	-0.216	-0.539	0.486	-1.217	1.603	0.027	1.044	-0.291	-0.266	0.029
SyringaeB728a_mexBdelta	Psyr_0365	Psyr_0365		protein of unknown function DUF886	-0.753	-1.061	-0.158	-0.589	-0.817	-2.429	-1.776	-0.197	-2.027	-0.709	-0.983	-0.341	0.952	0.477	-0.659	-1.602	-1.250	0.861	-1.926	-0.228	-1.440	-1.032	-0.759
SyringaeB728a_mexBdelta	Psyr_0366	Psyr_0366		transcriptional regulator, GntR family	-0.308	-0.637	0.252	0.751	-0.650	0.488	-1.218	-0.922	0.080	-0.757	1.114	0.505	1.142	0.890	-1.236	0.189	-0.920	-0.016	-1.180	-0.078	-0.708	0.564	-1.108
SyringaeB728a_mexBdelta	Psyr_0367	Psyr_0367		formimidoylglutamate deiminase	0.592	-1.473	-1.125	-0.401	-0.851	-1.061	-1.005	-0.960	-0.712	-1.082	-1.141	-0.256	0.692	0.018	0.911	1.653	1.639	2.078	1.445	1.817	1.554	1.835	1.105
SyringaeB728a_mexBdelta	Psyr_0368	Psyr_0368		lipoprotein Blc	0.551	-0.653	0.079	-0.098	1.152	1.837	1.215	1.345	0.221	-0.006	1.810	0.989	1.374	-0.320	-1.439	-0.685	-0.584	-1.030	-0.371	-1.276	-1.949	-0.227	-1.560
SyringaeB728a_mexBdelta	Psyr_0369	Psyr_0369		lipoprotein, putative	0.496	0.338	0.371	0.040	-0.619	2.090	0.752	0.839	0.125	0.597	-0.312	1.133	-1.026	-0.973	-0.671	0.813	1.762	0.032	2.717	1.851	2.287	1.203	0.863
SyringaeB728a_mexBdelta	Psyr_0371	Psyr_0371		conserved hypothetical protein	1.610	1.917	0.259	1.056	0.648	3.712	0.787	-1.694	1.470	0.829	2.274	0.359	-0.230	0.874	-0.774	-0.850	-0.676	-1.490	-1.282	-0.493	-0.951	-0.365	-2.011
SyringaeB728a_mexBdelta	Psyr_0373	Psyr_0373		CDS	0.325	0.249	0.288	-0.568	-0.616	-1.432	0.420	-0.423	-0.427	-2.180	-1.036	0.377	-0.397	0.136	-0.951	-0.177	-0.392	-0.411	0.862	-0.108	-1.093	1.086	0.541
SyringaeB728a_mexBdelta	Psyr_0374	Psyr_0374		Phosphorylase	0.151	-0.756	1.204	-0.138	-0.899	0.375	0.047	1.954	-0.110	-0.330	-0.446	-0.432	0.052	-0.366	-1.025	-1.100	0.221	-0.764	-2.015	-0.190	-0.094	-0.017	0.253
SyringaeB728a_mexBdelta	Psyr_0375	Psyr_0375		prolyl aminopeptidase, Serine peptidase, MEROPS family S33	-0.439	1.135	-1.004	0.981	-0.907	1.393	-1.061	1.990	-0.794	-0.142	-1.375	-1.554	0.487	0.874	-0.067	0.877	-0.827	-0.558	-0.716	-0.614	-1.304	0.707	-0.067
SyringaeB728a_mexBdelta	Psyr_0376	Psyr_0376		D-tyrosyl-tRNA(Tyr) deacylase	-2.506	0.122	-0.345	-2.333	-3.377	0.187	0.346	-0.287	-2.554	-1.341	-0.895	-0.585	-1.556	-2.005	-0.435	-1.620	-1.293	-0.566	-0.324	-1.488	-0.091	-0.639	-1.335
SyringaeB728a_mexBdelta	Psyr_0377	Psyr_0377		Periplasmic glucan biosynthesis protein, MdoG	-4.159	-4.195	-6.464	-4.078	-6.563	7.564	-6.574	1.154	-4.565	-4.878	-4.019	-5.756	-8.609	1.692	-6.474	-5.100	-2.253	-8.035	-6.903	-8.306	-4.942	-5.237	-8.124
SyringaeB728a_mexBdelta	Psyr_0378	Psyr_0378		Glycosyl transferase, family 2	-4.545	-3.839	-7.448	-5.425	-7.049	10.648	-7.577	2.082	-3.708	-4.746	-5.661	-6.670	-9.182	1.241	-7.129	-6.537	-2.707	-5.961	-8.454	-9.115	-5.412	-7.049	-6.595
SyringaeB728a_mexBdelta	Psyr_0379	Psyr_0379		Histidine kinase, HAMP region:Bacterial chemotaxis sensory transducer	1.834	0.506	0.512	0.946	0.387	0.149	0.255	0.999	1.414	0.232	0.286	-0.117	0.981	0.648	0.558	1.189	-0.036	1.177	0.566	0.706	1.185	0.879	0.924
SyringaeB728a_mexBdelta	Psyr_0380	Psyr_0380		Histidine kinase, HAMP region:Bacterial chemotaxis sensory transducer	0.751	0.390	-0.490	1.279	0.094	-2.087	0.230	-0.804	0.791	-0.081	-0.423	0.604	-0.006	-3.115	-0.373	0.994	-0.016	-0.006	-0.437	-0.006	-0.231	0.448	0.747
SyringaeB728a_mexBdelta	Psyr_0382	Psyr_0382		Sec-independent periplasmic protein translocase	-2.893	-1.265	-1.842	-0.208	-1.821	-0.311	-1.703	-0.925	-0.368	-2.141	-1.176	-1.053	-2.236	-2.042	-1.595	-1.469	-0.793	-1.816	-1.107	-1.353	-1.308	-2.047	-1.334
SyringaeB728a_mexBdelta	Psyr_0385	Psyr_0385		phosphoribosyl-ATP pyrophosphatase	0.555	0.426	-0.151	0.242	1.086	-1.882	0.153	-0.316	0.860	0.087	-0.197	0.171	1.755	0.588	0.129	0.617	0.558	-0.819	-0.058	-0.923	-0.747	0.027	-0.412
SyringaeB728a_mexBdelta	Psyr_0386	Psyr_0386		phosphoribosyl-AMP cyclohydrolase	1.173	-2.082	1.873	-1.011	1.775	-1.540	0.159	-0.599	0.915	-1.310	0.104	-0.213	-1.002	-0.048	-2.442	0.222	-0.375	-1.529	-1.082	-1.001	-1.989	-1.545	0.001
SyringaeB728a_mexBdelta	Psyr_0390	Psyr_0390		conserved hypothetical protein	-0.535	-1.114	0.557	1.966	-0.219	0.966	-0.076	-0.963	-0.366	0.265	-0.814	-0.419	-1.129	-0.420	0.763	0.871	0.441	-0.178	0.800	-0.156	0.700	-0.123	0.540
SyringaeB728a_mexBdelta	Psyr_0391	Psyr_0391		Poly granule associated	-1.170	-1.097	-2.651	0.968	0.107	-1.356	0.764	-0.536	-0.621	-1.094	-0.976	0.163	-1.089	0.093	0.417	0.142	0.905	-0.419	-0.381	-0.256	-0.463	-0.712	-0.998
SyringaeB728a_mexBdelta	Psyr_0392	Psyr_0392		hypothetical protein	-0.037	0.760	-0.692	-0.835	0.227	0.526	1.440	0.599	0.271	0.017	0.179	0.679	1.193	0.212	-0.712	0.994	-0.435	0.913	0.319	-0.990	-0.185	-0.003	-0.173
SyringaeB728a_mexBdelta	Psyr_0393	Psyr_0393		Protein of unknown function DUF971	-2.630	-3.226	-0.039	-1.210	-0.256	18.391	-1.760	-2.287	-3.639	-4.796	-4.877	-3.230	-0.008	-0.466	-4.007	-3.526	-0.117	-3.650	-2.112	-1.192	-2.282	-2.150	-5.112
SyringaeB728a_mexBdelta	Psyr_0394	Psyr_0394		Heat shock protein HslU	-2.268	-0.141	-0.233	0.151	0.398	-1.027	0.431	0.004	0.376	0.706	-1.153	-0.358	-0.370	0.546	-2.389	-1.448	-1.812	-1.536	-1.858	-0.993	-0.674	-1.907	-4.939
SyringaeB728a_mexBdelta	Psyr_0395	Psyr_0395		HslV component of HslUV peptidase, Threonine peptidase, MEROPS family T01B	0.314	2.708	-2.016	-0.953	0.714	-0.065	-0.807	-1.170	-1.188	-0.346	-2.040	-2.885	-1.334	1.184	-0.818	-0.653	-1.882	-0.694	-1.021	-0.100	-0.322	-1.108	-1.947
SyringaeB728a_mexBdelta	Psyr_0400	Psyr_0400		nuclease (SNase-like)	0.287	0.388	-0.641	-0.275	0.010	1.085	-0.506	-1.276	0.266	0.564	-1.129	0.100	1.800	0.073	-0.974	1.520	0.491	-2.643	0.873	-0.940	-0.573	-0.919	1.437
SyringaeB728a_mexBdelta	Psyr_0401	Psyr_0401		Malate dehydrogenase (oxaloacetate decarboxylating) (NADP+)	-0.469	0.285	0.155	-0.455	0.430	0.396	0.177	1.157	0.510	-0.298	0.401	0.820	1.891	1.753	1.137	-0.759	0.779	1.528	1.479	0.560	0.265	0.431	-0.168
SyringaeB728a_mexBdelta	Psyr_0402	Psyr_0402		Peptidoglycan glycosyltransferase	0.611	0.003	5.487	0.469	4.041	-9.441	3.177	-11.799	1.662	0.783	1.431	-0.440	1.419	-2.495	-1.815	-0.213	-6.224	-2.959	-3.822	-2.475	-1.588	-1.268	-1.692
SyringaeB728a_mexBdelta	Psyr_0403	Psyr_0403		Type IV pilus assembly protein PilM	-0.716	0.311	-0.554	-0.369	0.173	0.434	0.408	1.267	1.353	0.935	0.762	-0.294	-0.216	1.693	-0.516	-0.220	0.198	0.480	-0.705	0.074	0.708	-0.095	0.253
SyringaeB728a_mexBdelta	Psyr_0404	Psyr_0404		Fimbrial assembly	1.358	0.097	1.320	0.869	2.966	0.784	1.056	3.101	-0.444	1.899	-0.480	1.515	-0.193	1.112	0.154	0.474	1.189	0.578	0.503	0.268	1.576	-0.266	0.969
SyringaeB728a_mexBdelta	Psyr_0405	Psyr_0405		Pilus assembly protein, PilO	0.758	0.167	-0.366	-0.689	1.091	-0.231	0.457	2.691	0.275	-0.159	-2.007	-1.136	-0.815	-0.711	0.231	1.048	2.362	-0.336	-0.350	1.222	0.298	0.805	1.272
SyringaeB728a_mexBdelta	Psyr_0406	Psyr_0406		Pilus assembly protein, PilQ	-0.673	-1.560	-0.222	0.228	-0.310	-0.372	0.930	2.546	-0.167	1.088	-0.156	-0.535	1.481	1.715	0.748	0.649	2.108	1.386	0.710	1.499	1.688	0.643	2.067
SyringaeB728a_mexBdelta	Psyr_0407	Psyr_0407		type II and III secretion system protein:NolW-like protein:NolW-like protein	0.370	-0.049	1.665	-0.194	0.230	0.570	1.324	2.580	-1.889	-0.366	-1.018	-0.404	0.633	0.403	0.126	1.105	2.789	0.957	1.062	2.251	0.731	1.242	0.302
SyringaeB728a_mexBdelta	Psyr_0410	Psyr_0410		conserved hypothetical protein	0.490	0.376	-4.201	0.191	-0.420	1.307	-3.132	-3.116	-2.262	-0.922	0.939	-0.173	-1.659	0.148	1.591	1.334	-2.119	1.039	0.932	1.316	1.523	0.552	-0.876
SyringaeB728a_mexBdelta	Psyr_0411	Psyr_0411		glutamate synthase (NADPH) large subunit	-0.007	-0.528	2.518	-0.453	4.228	3.098	1.498	0.304	-1.276	0.563	1.339	-1.118	1.407	-1.129	-0.763	-0.742	1.660	-0.047	-0.823	1.116	-0.640	-1.113	0.024
SyringaeB728a_mexBdelta	Psyr_0412	Psyr_0412		glutamate synthase (NADPH) small subunit	-0.521	0.129	1.793	0.583	0.222	1.310	-0.382	0.132	-1.161	0.552	1.353	0.929	0.388	1.112	1.089	1.194	1.416	-0.694	0.885	2.408	0.287	0.744	1.091
SyringaeB728a_mexBdelta	Psyr_0413	Psyr_0413		conserved hypothetical protein	-0.098	0.923	1.566	0.534	0.575	-0.149	0.962	0.381	0.631	1.257	0.586	0.904	0.772	-0.364	-0.231	-0.114	0.173	0.703	-0.332	0.803	-0.613	-0.242	0.215
SyringaeB728a_mexBdelta	Psyr_0415	Psyr_0415		N-acyl-D-amino-acid deacylase	0.785	0.183	0.451	0.712	0.695	0.928	-0.302	-0.077	-0.421	0.536	-0.327	0.183	-1.521	-0.808	0.374	-1.553	-1.369	-2.027	-0.810	0.516	-0.995	-1.651	-1.683
SyringaeB728a_mexBdelta	Psyr_0416	Psyr_0416		transcriptional regulator, RpiR family	-0.507	1.187	-0.382	-0.461	-0.633	0.169	0.303	2.186	-0.411	-1.618	-0.645	0.763	1.146	1.683	-0.862	-0.692	0.547	-1.202	-1.059	-0.844	-0.861	-0.561	0.708
SyringaeB728a_mexBdelta	Psyr_0417	Psyr_0417		gluconate permease GntT	0.000	-0.307	-1.061	-0.262	0.947	0.337	-0.542	0.029	-0.203	-0.035	0.782	0.264	-0.678	-0.105	-1.269	-0.603	-1.088	-0.881	-2.173	-0.824	-0.468	-1.123	-2.413
SyringaeB728a_mexBdelta	Psyr_0418	Psyr_0418		conserved domain protein	-0.024	0.540	-0.455	0.051	-0.086	-1.417	0.691	-1.024	-1.264	-0.602	-0.761	-0.301	-0.189	-0.744	-0.955	-1.042	-0.553	-0.270	0.277	-0.249	-0.413	-0.151	0.407
SyringaeB728a_mexBdelta	Psyr_0419	Psyr_0419		conserved hypothetical protein	-0.867	-0.650	-0.465	-0.322	-1.035	-1.591	-0.014	-2.996	-0.588	-1.549	0.028	-0.882	0.516	-0.942	0.583	0.724	-0.543	0.847	0.924	0.959	-0.294	-0.473	0.748
SyringaeB728a_mexBdelta	Psyr_0420	Psyr_0420		General substrate transporter:Major facilitator superfamily	-0.576	-0.116	0.600	-0.140	0.013	1.171	-0.462	0.943	-0.051	-0.320	-1.358	-0.705	0.800	-0.608	-0.139	0.666	0.858	0.964	-0.224	0.111	0.415	-0.028	1.200
SyringaeB728a_mexBdelta	Psyr_0421	Psyr_0421		transcriptional regulator, LysR family	-0.113	-1.601	-0.698	-1.896	-1.388	1.444	-1.130	0.099	0.565	-1.670	-0.768	-0.322	0.133	-0.014	1.327	0.824	-0.026	1.243	-0.201	1.222	-0.025	1.128	0.574
SyringaeB728a_mexBdelta	Psyr_0422	Psyr_0422		Beta-ketoacyl synthase:Beta-ketoacyl synthase	0.113	0.123	-1.036	-1.124	0.489	-0.524	1.429	0.235	-0.927	0.299	0.192	1.402	0.097	-0.988	0.741	1.019	0.600	1.066	1.426	0.097	0.831	0.773	0.500
SyringaeB728a_mexBdelta	Psyr_0423	Psyr_0423		3-oxoacyl-(acyl-carrier-protein) reductase, putative	-0.698	-0.082	-0.495	0.431	-1.719	0.315	-1.250	-1.138	0.465	-0.934	-0.460	-1.210	-0.586	0.340	-1.257	-1.133	-1.123	-1.154	-0.288	0.414	-0.190	0.421	-1.001
SyringaeB728a_mexBdelta	Psyr_0424	Psyr_0424		conserved hypothetical protein	0.590	0.177	-0.895	-0.538	0.320	-1.208	-1.091	0.200	0.384	-0.904	0.764	-0.305	-1.992	-0.762	-0.164	-0.804	-1.106	-0.551	-0.573	0.075	-0.433	0.255	0.036
SyringaeB728a_mexBdelta	Psyr_0425	Psyr_0425		Beta-ketoacyl synthase:Beta-ketoacyl synthase	-1.321	0.475	0.918	-1.129	-0.717	-0.410	-0.117	0.026	-0.410	-1.441	0.441	-0.883	0.717	0.747	0.989	0.919	-0.393	1.829	0.285	-0.885	0.418	0.211	0.027
SyringaeB728a_mexBdelta	Psyr_0426	Psyr_0426		lipoprotein, putative	-0.793	-0.792	-0.612	0.343	0.291	-1.376	-0.099	-0.452	-0.287	-0.186	-1.327	0.929	1.128	-0.040	-0.169	0.510	0.503	0.184	-0.241	0.035	-1.252	0.180	0.285
SyringaeB728a_mexBdelta	Psyr_0427	Psyr_0427		conserved hypothetical protein	-1.203	0.615	-0.210	-0.263	0.041	0.319	-0.016	-1.495	-2.386	-2.064	0.245	-0.872	0.997	0.577	0.609	0.070	-2.528	0.782	0.096	-0.247	-2.542	-0.915	-0.826
SyringaeB728a_mexBdelta	Psyr_0428	Psyr_0428		Monooxygenase, FAD-binding protein	-0.858	1.695	1.096	1.568	0.961	0.170	-0.674	0.786	-0.855	0.358	0.930	-0.204	0.496	1.189	1.529	1.288	1.973	-0.795	1.711	1.863	0.693	0.478	1.077
SyringaeB728a_mexBdelta	Psyr_0429	Psyr_0429		membrane protein, putative	0.466	-0.450	0.810	-0.115	-0.680	0.473	0.010	-0.555	-1.078	0.754	0.053	0.406	0.356	-1.010	-0.171	-1.151	0.127	0.168	-0.554	0.820	-1.178	0.679	-0.355
SyringaeB728a_mexBdelta	Psyr_0430	Psyr_0430		conserved hypothetical protein	-0.030	0.534	-0.723	0.559	1.500	-0.776	-0.869	0.625	-0.749	-0.944	0.434	1.600	0.731	-0.135	0.916	0.082	-0.076	-1.724	1.001	1.353	0.486	-0.831	0.211
SyringaeB728a_mexBdelta	Psyr_0431	Psyr_0431		Thioesterase superfamily	0.678	-0.819	-0.909	-0.921	-1.406	-1.687	-0.107	-0.415	0.147	0.643	-0.343	-0.015	-0.431	-0.072	-0.359	-0.708	-1.142	-1.533	-0.810	0.008	-1.447	-1.245	-0.730
SyringaeB728a_mexBdelta	Psyr_0432	Psyr_0432		conserved hypothetical protein	2.206	-0.265	-0.329	1.029	1.556	0.596	-0.578	0.019	-0.368	-0.564	0.243	0.655	0.718	1.125	0.706	-1.269	-0.033	-0.544	-0.561	-1.752	0.188	-0.516	-1.434
SyringaeB728a_mexBdelta	Psyr_0433	Psyr_0433		Glycosyl transferase, family 2	1.362	0.950	-0.677	-0.579	-1.334	1.200	-1.624	-0.205	0.465	0.754	-0.473	-0.221	0.142	-0.253	0.106	1.925	0.755	-0.528	1.037	1.190	-0.209	1.389	1.015
SyringaeB728a_mexBdelta	Psyr_0434	Psyr_0434		AMP-dependent synthetase and ligase	0.215	-0.108	1.561	1.115	0.277	1.007	0.289	1.639	0.771	0.434	-0.240	2.452	-1.135	-0.328	0.840	-0.132	0.464	-0.478	0.587	-0.318	0.277	-0.554	-0.475
SyringaeB728a_mexBdelta	Psyr_0435	Psyr_0435		membrane protein, putative	-1.707	-1.972	-2.070	-1.159	-1.560	-3.021	-1.417	-1.563	-1.878	-0.717	-1.988	-1.922	0.127	0.776	-0.921	-0.585	-1.086	-1.004	0.739	0.599	0.325	0.243	-1.547
SyringaeB728a_mexBdelta	Psyr_0436	Psyr_0436		Phosphopantetheine-binding protein	2.812	1.577	0.547	-0.630	1.020	0.975	0.686	0.981	0.228	1.883	1.546	1.440	0.748	1.773	0.958	1.132	0.150	0.411	0.930	-0.292	0.804	0.440	-0.125
SyringaeB728a_mexBdelta	Psyr_0437	Psyr_0437		acyl carrier protein, putative	1.670	0.054	0.929	2.856	-0.276	0.178	1.899	1.047	-0.909	1.022	1.253	-0.195	0.789	0.006	-0.663	-0.739	0.465	-0.239	0.399	-0.359	-0.127	0.202	-0.365
SyringaeB728a_mexBdelta	Psyr_0438	Psyr_0438		Phospholipid/glycerol acyltransferase	1.103	0.381	-1.253	0.022	0.644	-1.006	-0.565	-0.936	0.005	-0.147	-0.416	-0.626	-0.098	0.813	-0.918	0.457	-0.277	-0.658	-0.623	-1.050	-0.341	-0.237	-0.495
SyringaeB728a_mexBdelta	Psyr_0439	Psyr_0439		conserved hypothetical protein	-1.682	-0.134	1.209	-1.193	-0.441	-1.089	-0.332	1.652	0.641	-0.764	-0.019	1.002	-0.176	0.066	1.351	1.464	-0.605	1.072	1.104	-0.508	1.232	0.409	0.395
SyringaeB728a_mexBdelta	Psyr_0440	Psyr_0440		Cobyrinic acid a,c-diamide synthase	-0.538	-1.662	-0.296	0.835	-0.368	-0.732	-0.751	-1.634	-0.385	-0.264	-0.577	-1.474	-0.502	0.647	1.744	1.913	1.062	0.449	0.988	1.659	-0.782	1.198	1.241
SyringaeB728a_mexBdelta	Psyr_0441	Psyr_0441		conserved hypothetical protein	-0.527	-0.955	-0.322	-0.173	0.489	0.122	-0.115	0.286	-0.222	0.572	0.377	0.291	0.773	-1.154	-0.887	-1.642	-0.636	-0.762	0.416	-0.713	-0.532	0.550	-1.880
SyringaeB728a_mexBdelta	Psyr_0442	Psyr_0442		Malonate decarboxylase, alpha subunit	0.577	-0.461	1.153	0.139	1.059	-0.775	0.225	-0.319	0.920	-0.106	0.387	0.252	-1.423	-1.224	-0.879	0.022	-0.130	-0.534	1.115	1.675	-0.748	-0.979	0.066
SyringaeB728a_mexBdelta	Psyr_0443	Psyr_0443		Triphosphoribosyl-dephospho-CoA synthase	-1.188	0.009	1.623	0.434	-0.135	0.716	-1.146	0.677	0.869	1.657	0.430	0.171	1.299	0.579	0.104	1.199	0.517	-0.354	-0.300	0.637	-0.031	0.472	1.412
SyringaeB728a_mexBdelta	Psyr_0444	Psyr_0444		Malonate decarboxylase delta subunit	0.777	0.937	1.455	0.290	1.036	0.638	-0.042	-0.360	0.457	1.995	2.598	-0.401	1.816	2.356	0.548	0.166	0.361	0.695	0.063	1.080	0.353	0.210	-0.687
SyringaeB728a_mexBdelta	Psyr_0445	Psyr_0445		malonate decarboxylase, beta subunit	-0.555	0.482	0.131	0.618	-0.614	2.386	-1.421	-0.141	0.149	1.021	-0.314	-0.874	-0.502	-0.612	-0.381	-0.903	-0.324	0.443	-0.611	-1.177	0.553	0.337	-0.390
SyringaeB728a_mexBdelta	Psyr_0446	Psyr_0446		Malonate decarboxylase gamma subunit	0.562	0.158	0.609	0.948	0.878	0.796	0.076	-0.089	1.247	0.738	0.045	-0.991	-3.289	-1.335	0.554	0.612	0.715	1.238	0.924	1.827	0.933	1.242	0.616
SyringaeB728a_mexBdelta	Psyr_0448	Psyr_0448		Acyl transferase region	-0.090	0.517	-0.751	0.081	-0.236	0.650	0.776	-0.429	-1.586	-0.026	-0.987	0.853	-0.404	-0.330	0.632	-0.362	-1.001	-0.917	-0.498	0.512	0.152	0.472	-0.212
SyringaeB728a_mexBdelta	Psyr_0449	Psyr_0449		Malonate transporter MadL subunit	0.944	-0.187	-0.270	-0.431	-0.292	-1.786	-0.684	-0.294	1.311	1.255	-0.491	-0.689	0.657	-1.392	-0.082	0.245	0.561	1.398	0.129	1.246	1.129	-0.050	-0.575
SyringaeB728a_mexBdelta	Psyr_0450	Psyr_0450		Malonate/sodium symporter MadM subunit	0.595	-0.554	-0.271	-0.337	0.165	0.583	-0.351	-0.769	0.693	-0.186	1.468	0.170	-0.338	0.851	-0.823	-0.007	-0.051	-0.244	0.671	0.060	-0.168	-0.230	0.841
SyringaeB728a_mexBdelta	Psyr_0451	Psyr_0451		regulatory protein, LysR:LysR, substrate-binding protein	-0.007	-1.215	-1.479	-1.306	-1.814	-0.219	-1.550	-1.778	0.254	-0.454	0.429	-0.412	0.776	0.438	-0.082	-0.744	-0.884	-1.364	-1.793	0.511	-0.488	0.770	-0.973
SyringaeB728a_mexBdelta	Psyr_0452	Psyr_0452		HylII	-0.537	0.436	-2.697	1.041	-0.211	-0.550	-0.450	-1.252	-0.149	-0.804	0.044	-0.163	-0.689	-1.608	-0.206	0.649	-0.548	-0.557	-0.536	-0.211	-1.145	-0.145	-1.085
SyringaeB728a_mexBdelta	Psyr_0453	Psyr_0453		16S rRNA m(3)U-1498 methyltransferase	-1.162	-0.805	0.426	-0.120	-0.671	1.633	0.900	0.841	-1.256	0.155	-0.308	-0.445	1.676	2.824	-0.727	0.723	0.818	0.483	0.893	1.381	-0.272	0.508	0.497
SyringaeB728a_mexBdelta	Psyr_0454	Psyr_0454		adenosylmethionine-8-amino-7-oxononanoate aminotransferase apoenzyme	-6.780	-6.636	-6.808	-6.819	-6.646	7.043	-5.319	-6.075	-6.416	-6.275	-6.653	-6.662	-4.199	-1.513	-7.482	-7.788	-5.884	-7.002	-4.599	-5.399	-8.129	-7.099	-6.467
SyringaeB728a_mexBdelta	Psyr_0455	Psyr_0455		Amine oxidase	-1.276	0.360	-2.411	-2.411	-2.712	-0.067	-0.862	-1.327	-2.505	-0.906	-1.289	-0.911	-1.456	0.391	-0.185	-0.241	-2.016	0.232	-0.202	-0.753	-0.191	-0.812	-0.945
SyringaeB728a_mexBdelta	Psyr_0456	Psyr_0456		Cytochrome B561, bacterial	-0.152	-1.615	-0.738	-1.124	-0.768	3.415	-0.230	0.143	-1.160	0.473	1.249	-0.203	1.312	-1.636	-0.438	0.138	-0.386	-0.436	-1.067	0.014	-0.654	0.524	0.684
SyringaeB728a_mexBdelta	Psyr_0457	Psyr_0457		YceI	0.567	-0.120	-1.327	0.248	0.537	-0.397	-0.877	0.266	-1.427	-0.658	-0.143	-1.598	-3.244	-1.880	0.703	-0.914	0.022	0.686	1.068	-0.935	0.190	0.290	2.032
SyringaeB728a_mexBdelta	Psyr_0458	Psyr_0458		Helicase, C-terminal:Type III restriction enzyme, res subunit:DEAD/DEAH box helicase, N-terminal	0.572	0.527	-0.506	1.062	3.229	-3.113	-0.280	-2.424	-3.063	1.017	1.168	1.326	-1.156	-2.478	-1.416	-1.007	-1.770	-0.343	-0.882	-1.353	-0.729	-0.951	-1.358
SyringaeB728a_mexBdelta	Psyr_0459	Psyr_0459		5,10-methylenetetrahydrofolate reductase	-0.285	-1.325	-1.177	0.329	-1.608	2.001	-1.803	-0.773	0.784	0.086	0.010	1.085	0.037	-1.315	0.250	0.573	0.194	-0.126	-0.176	1.181	0.010	-0.380	1.576
SyringaeB728a_mexBdelta	Psyr_0461	Psyr_0461		Thioesterase superfamily	-0.250	1.139	0.775	0.609	0.019	-1.742	1.749	-0.733	-0.237	0.794	-0.597	0.976	-1.712	-2.113	0.642	-0.397	-0.376	-0.087	-0.660	-0.220	0.434	-0.499	-1.574
SyringaeB728a_mexBdelta	Psyr_0462	Psyr_0462		Hydroxypyruvate isomerase	0.584	0.439	1.794	-1.462	0.441	1.168	-0.336	-0.637	0.727	1.185	1.298	0.431	-1.414	-1.548	0.256	0.146	0.591	-0.228	0.372	-0.044	-0.967	-0.435	0.698
SyringaeB728a_mexBdelta	Psyr_0463	Psyr_0463		Gluconate transporter	0.852	-1.012	-0.332	1.736	-0.298	-2.278	-0.683	0.290	-0.493	-0.112	-0.165	-0.185	0.025	-1.075	-2.276	-1.835	-1.836	-2.150	-2.872	-3.053	-1.599	-1.981	-1.243
SyringaeB728a_mexBdelta	Psyr_0464	Psyr_0464		hypothetical protein	-1.470	-1.533	-2.892	-0.757	-0.336	-1.275	-1.545	-3.279	-2.761	-0.273	-3.221	-1.642	0.160	-0.423	-2.046	-2.011	-1.380	-1.213	-1.664	-3.021	-1.996	-2.395	-1.178
SyringaeB728a_mexBdelta	Psyr_0465	Psyr_0465		HopAN1 protein	0.133	1.718	1.382	0.214	1.441	0.683	0.432	0.680	0.011	0.646	0.073	1.424	-1.203	-0.734	-0.071	-1.390	-0.755	-0.203	-1.056	-0.040	-1.534	-0.852	-0.435
SyringaeB728a_mexBdelta	Psyr_0466	Psyr_0466		3-hydroxyisobutyrate dehydrogenase	0.965	-1.394	0.298	-0.088	-0.016	-0.020	-0.429	-1.675	-0.098	-0.869	0.392	0.970	-0.962	-1.342	0.892	1.302	1.143	1.920	2.324	-0.004	0.661	1.902	1.465
SyringaeB728a_mexBdelta	Psyr_0467	Psyr_0467		Protein of unknown function UPF0153	0.892	0.455	1.598	-0.788	1.340	1.442	1.176	1.941	0.661	0.960	0.229	1.209	-1.767	-0.231	0.369	1.831	-0.130	1.360	-0.642	1.051	-0.720	-0.967	-0.100
SyringaeB728a_mexBdelta	Psyr_0468	Psyr_0468		Aminotransferase, class I and II	0.692	1.022	0.048	1.052	0.832	0.701	0.530	-0.009	0.807	-0.450	-0.317	0.554	0.913	1.244	0.788	0.753	0.680	-0.279	0.184	1.956	-0.278	0.084	-0.451
SyringaeB728a_mexBdelta	Psyr_0469	Psyr_0469		dihydroxyacid dehydratase	-0.320	0.021	3.164	0.446	3.725	2.339	0.972	0.217	0.147	0.096	0.215	0.438	2.256	-0.040	0.054	-0.242	0.169	0.743	0.017	0.825	0.603	-1.041	-0.292
SyringaeB728a_mexBdelta	Psyr_0470	Psyr_0470		conserved hypothetical protein	-1.522	-1.043	-0.699	-0.547	-0.991	-1.331	-0.601	0.143	-1.230	-0.562	-1.002	-1.250	1.865	0.070	-0.568	-0.946	-0.380	0.333	-0.664	-0.259	-0.293	0.540	-0.796
SyringaeB728a_mexBdelta	Psyr_0471	Psyr_0471		coproporphyrinogen III oxidase, anaerobic	-0.055	0.089	-1.312	-1.535	-0.018	-0.246	-2.327	-3.905	2.222	1.356	-0.528	0.111	-1.488	1.760	-0.124	-0.441	-0.049	-0.266	0.052	-0.395	-0.758	0.295	-0.854
SyringaeB728a_mexBdelta	Psyr_0472	Psyr_0472		Ham1-like protein	-0.268	1.304	0.263	0.008	0.013	-1.135	0.586	0.482	-0.562	-0.411	-0.304	-0.169	-0.686	0.455	-1.475	-0.814	0.327	-0.415	-0.573	-0.120	-0.401	0.686	-0.094
SyringaeB728a_mexBdelta	Psyr_0473	Psyr_0473		Methionine biosynthesis MetW	-0.764	0.366	0.517	0.038	0.010	-2.029	-0.884	-0.112	0.360	-0.527	0.928	0.360	1.483	0.709	-0.668	-0.607	-1.893	-1.080	-0.269	-1.137	-0.692	-0.765	-0.715
SyringaeB728a_mexBdelta	Psyr_0474	Psyr_0474		homoserine O-acetyltransferase	0.402	-0.082	1.532	-0.878	0.206	0.311	0.558	0.628	-0.069	-0.264	0.909	-0.562	-0.418	-0.862	-0.257	-0.996	0.626	0.283	0.217	-0.701	-0.453	-0.558	-0.271
SyringaeB728a_mexBdelta	Psyr_0475	Psyr_0475		Protein of unknown function YGGT	-1.696	-2.201	-3.935	-0.114	-2.792	-2.107	-0.187	-2.132	-1.189	-1.554	-2.474	-1.744	-1.674	-0.644	-1.276	-2.309	-1.525	-2.315	-2.634	-1.726	-1.863	-2.535	-2.094
SyringaeB728a_mexBdelta	Psyr_0476	Psyr_0476		pyrroline-5-carboxylate reductase	-0.339	-0.775	-1.119	-1.857	-0.466	-1.238	1.025	1.100	-0.333	1.032	-1.169	-0.909	-0.018	-0.773	-1.804	-1.637	-2.045	-0.573	-1.959	-2.968	-0.195	0.056	-2.924
SyringaeB728a_mexBdelta	Psyr_0477	Psyr_0477		Protein of unknown function UPF0001	-0.892	0.461	-2.032	-0.586	-1.591	-0.314	-0.251	-1.571	-0.159	-0.349	-1.308	-0.854	0.711	-0.327	0.212	2.328	2.059	-1.036	-1.626	0.874	0.041	-0.069	0.248
SyringaeB728a_mexBdelta	Psyr_0478	Psyr_0478		pilus retraction ATPase PilT	-2.425	-0.702	-3.654	-0.444	-4.025	0.004	-1.182	-1.079	-2.294	-1.230	-1.776	-2.957	-2.155	-0.271	0.170	0.790	0.310	1.036	0.109	0.188	0.858	0.273	1.124
SyringaeB728a_mexBdelta	Psyr_0479	Psyr_0479		NLP/P60	-1.569	-0.101	-1.491	-1.257	-1.848	0.714	-1.548	-0.844	-2.227	-0.872	-0.398	-1.767	0.751	0.925	0.379	-0.208	0.507	-0.242	0.148	0.203	-0.099	1.775	0.502
SyringaeB728a_mexBdelta	Psyr_0480	Psyr_0480		TM2	-0.901	-2.100	-0.939	-0.320	2.192	-1.773	-1.311	-1.290	-2.232	-1.633	-1.417	-1.462	-0.854	-0.603	0.115	0.697	0.423	0.248	-2.533	0.397	0.394	0.667	0.441
SyringaeB728a_mexBdelta	Psyr_0485	Psyr_0485		Protein of unknown function DUF179	-0.248	-0.943	-0.336	-0.177	0.297	-0.052	0.762	-0.415	-0.266	0.273	2.035	-0.165	-4.026	-0.523	-0.171	0.056	-1.140	-1.368	-0.472	-0.248	-0.515	-1.721	-0.311
SyringaeB728a_mexBdelta	Psyr_0486	Psyr_0486		TonB, C-terminal	-0.245	0.342	-1.197	-0.353	-1.075	1.730	0.114	1.296	-0.532	1.100	-0.934	0.361	-2.450	-2.030	-0.878	-0.540	-1.218	-0.468	-0.250	-0.823	0.479	-0.352	-0.369
SyringaeB728a_mexBdelta	Psyr_0487	Psyr_0487		glutathione synthase	-2.652	-2.345	4.624	-2.171	-0.084	4.022	4.645	-1.038	-0.103	-2.344	-2.260	-2.641	1.137	3.107	-3.280	-2.517	0.062	-2.320	-3.111	-2.502	-3.412	-1.792	-2.903
SyringaeB728a_mexBdelta	Psyr_0488	Psyr_0488		Response regulator receiver	-0.980	-1.586	-0.894	-1.729	-1.832	1.904	-0.996	-0.700	-0.071	-2.611	-1.071	-1.143	-0.843	0.520	-1.019	0.184	0.442	-1.888	0.465	-1.348	-0.614	-1.295	-1.350
SyringaeB728a_mexBdelta	Psyr_0490	Psyr_0490		CheW-like protein	-0.197	-1.339	-1.089	-0.354	-1.911	0.939	0.070	-0.932	0.990	-0.755	-0.987	-2.271	-0.165	-1.316	-0.204	-2.403	0.497	-1.001	-0.898	-0.600	-1.756	-1.293	-0.935
SyringaeB728a_mexBdelta	Psyr_0491	Psyr_0491		chemotaxis sensory transducer	0.049	-1.845	-2.294	-1.335	-0.201	0.001	-0.747	-0.318	-0.207	1.176	-0.333	-1.455	-0.385	0.415	0.129	-0.954	-0.190	0.481	-0.295	0.654	-1.208	0.017	-2.256
SyringaeB728a_mexBdelta	Psyr_0492	Psyr_0492		Response regulator receiver:CheW-like protein:ATP-binding region, ATPase-like:Hpt	-2.862	-2.977	-1.829	-2.209	-3.157	3.033	-1.465	-2.314	-0.029	-2.554	-2.355	-2.738	-0.959	-2.800	-3.179	-1.729	0.340	-3.620	-4.084	-1.106	-3.316	-3.373	-4.341
SyringaeB728a_mexBdelta	Psyr_0493	Psyr_0493		CheW-like protein	-1.605	-1.463	0.924	-1.130	-1.291	2.923	-1.166	-1.911	0.960	-1.932	-1.615	-1.131	-0.265	-0.666	-2.084	-1.325	-1.479	-2.879	-2.443	-1.371	-2.617	-2.538	-1.969
SyringaeB728a_mexBdelta	Psyr_0494	Psyr_0494		Protein of unknown function UPF0061	1.259	-0.717	-0.609	-0.241	-0.641	-0.285	1.384	0.131	-0.157	0.099	-2.039	0.505	0.509	-0.433	-1.323	-0.513	-0.743	-0.978	-1.348	-1.433	0.249	-1.716	0.011
SyringaeB728a_mexBdelta	Psyr_0495	Psyr_0495		transcriptional regulator, GntR family	1.012	0.986	0.613	0.214	-1.597	-0.667	0.364	-1.122	1.711	0.204	0.867	-0.001	0.074	-0.469	0.804	1.405	0.057	0.060	0.564	-0.003	1.108	0.939	0.900
SyringaeB728a_mexBdelta	Psyr_0496	Psyr_0496		membrane protein, putative	-0.972	-0.174	-0.089	1.207	-0.265	0.434	0.093	-1.153	-0.414	-0.653	-0.444	0.762	0.161	1.025	0.161	0.553	-0.413	0.386	0.394	-0.763	0.089	-0.111	-0.715
SyringaeB728a_mexBdelta	Psyr_0497	Psyr_0497		LamB/YcsF	0.571	0.177	0.086	0.654	-1.320	1.439	1.363	-0.050	-0.018	-0.047	-0.781	0.466	0.577	-0.468	0.538	-1.215	0.168	-0.475	-0.322	-0.379	-0.821	0.223	0.436
SyringaeB728a_mexBdelta	Psyr_0498	Psyr_0498		Protein of unknown function DUF1445	-1.160	0.303	-0.612	0.546	-0.963	-2.095	-0.939	0.036	-0.377	-0.216	1.152	0.488	-2.270	-1.137	-0.863	-0.288	-1.246	-0.974	-1.639	0.648	-0.120	0.195	-0.181
SyringaeB728a_mexBdelta	Psyr_0499	Psyr_0499		Urea amidolyase-related protein	-0.411	-0.948	-0.625	-0.593	0.083	1.137	-0.611	-0.047	-0.487	-0.663	-0.119	-0.179	1.921	1.709	0.218	-0.315	-0.490	0.004	0.461	-0.006	-0.742	-1.112	0.942
SyringaeB728a_mexBdelta	Psyr_0500	Psyr_0500		biotin carboxyl carrier protein / biotin carboxylase	0.244	0.355	0.274	0.346	-0.031	0.744	0.797	-0.145	-1.910	-0.827	-0.086	2.168	-1.720	-0.844	-0.071	1.741	-0.920	-0.083	0.397	1.561	0.354	0.393	-0.569
SyringaeB728a_mexBdelta	Psyr_0501	Psyr_0501		MscS Mechanosensitive ion channel	1.006	0.471	-1.822	0.386	0.389	0.699	1.000	-0.667	0.159	0.990	-1.255	0.475	-0.641	0.265	-0.500	0.724	-0.271	-0.628	0.250	-0.356	-1.233	-1.116	-0.181
SyringaeB728a_mexBdelta	Psyr_0502	Psyr_0502		potassium/proton antiporter, CPA1 family	0.894	1.232	1.767	2.328	1.832	0.647	0.719	1.718	0.703	-0.458	3.030	1.069	1.515	4.612	-0.445	-0.858	-2.376	1.424	0.322	0.083	0.012	1.743	1.192
SyringaeB728a_mexBdelta	Psyr_0503	Psyr_0503		conserved domain protein	-0.755	-0.352	-0.987	0.598	-0.935	-2.030	0.023	-1.231	-0.028	-0.543	-0.354	-0.174	-0.305	-1.552	-0.902	-0.002	-0.087	0.310	0.186	0.103	-0.948	-0.790	-0.463
SyringaeB728a_mexBdelta	Psyr_0504	Psyr_0504		conserved domain protein	0.122	-0.299	-0.313	0.008	-0.446	0.241	0.604	-0.801	0.061	-0.216	-0.245	0.053	-1.217	-2.169	-0.566	-0.402	-1.424	-0.413	-1.464	-0.483	-0.326	-0.943	-1.174
SyringaeB728a_mexBdelta	Psyr_0505	Psyr_0505		Acyl-CoA dehydrogenase, C-terminal:Acyl-CoA dehydrogenase, central region	-0.339	-0.303	-0.894	-1.938	-1.018	-2.121	-1.441	-0.552	-1.102	-0.412	-1.325	0.051	-1.270	-0.002	-1.365	-1.292	-1.282	-0.823	-0.518	-0.873	-0.621	-0.590	-0.856
SyringaeB728a_mexBdelta	Psyr_0506	Psyr_0506		L-proline dehydrogenase / delta-1-pyrroline-5-carboxylate dehydrogenase	-1.712	-0.938	-3.292	-1.449	-5.092	-0.576	-1.437	-2.518	-1.726	-2.097	-2.393	-1.671	-2.242	-1.750	-1.184	-0.971	-0.743	-1.151	-1.250	-1.435	-1.672	-1.253	-2.120
SyringaeB728a_mexBdelta	Psyr_0507	Psyr_0507		Na+/solute symporter	0.517	-0.169	-0.534	0.666	-1.763	-1.480	0.036	0.075	-0.047	0.249	-0.857	0.228	0.064	-0.202	-0.437	-0.574	-0.570	-0.997	-0.478	-0.344	-1.577	-1.315	-0.107
SyringaeB728a_mexBdelta	Psyr_0508	Psyr_0508		lyase, putative	0.476	-0.498	1.013	0.848	-0.257	1.612	-0.145	-0.823	0.059	0.745	-0.098	-0.285	-0.209	-0.189	-1.076	-0.604	-1.498	-0.062	-0.293	-1.218	-1.092	-1.496	-1.390
SyringaeB728a_mexBdelta	Psyr_0509	Psyr_0509		PAS:GGDEF	1.098	-1.087	-0.216	-0.580	1.388	0.385	1.029	-0.672	0.484	-0.694	0.055	0.385	-1.662	-1.463	1.021	0.501	0.671	0.676	0.230	0.497	-0.284	0.705	0.569
SyringaeB728a_mexBdelta	Psyr_0510	Psyr_0510		conserved hypothetical protein	0.904	1.217	0.607	2.236	1.223	0.837	1.579	0.394	0.080	2.450	0.915	1.696	-0.010	1.049	-0.848	-1.229	-0.740	-0.830	-0.761	-0.495	-0.298	-1.626	-0.329
SyringaeB728a_mexBdelta	Psyr_0511	Psyr_0511		conserved hypothetical protein	-1.293	-1.938	-1.750	-0.523	-2.093	-0.944	-1.717	-1.483	-0.623	-0.226	0.131	0.186	-0.595	-0.826	0.440	0.268	-0.961	0.029	-0.353	-0.242	0.584	0.450	-0.584
SyringaeB728a_mexBdelta	Psyr_0512	Psyr_0512		GCN5-related N-acetyltransferase	0.199	-0.064	0.954	-0.813	0.351	-0.397	-0.502	-0.673	-0.020	1.119	1.276	-0.653	-0.958	0.164	1.537	0.998	1.584	0.644	1.312	0.860	0.408	1.227	1.413
SyringaeB728a_mexBdelta	Psyr_0513	Psyr_0513		amino acid ABC transporter substrate-binding protein, PAAT family	1.290	1.041	0.338	0.182	1.452	-0.501	0.522	0.382	1.438	1.074	0.449	1.975	2.115	-0.257	-1.142	-0.598	-0.341	-1.926	-1.692	-1.036	-0.744	-0.400	-1.321
SyringaeB728a_mexBdelta	Psyr_0514	Psyr_0514		Intergral membrane protein, YccS:Integral membrane protein, YccS/YhfK	1.523	0.529	2.210	-0.389	6.527	0.980	1.171	1.763	0.672	1.366	1.912	2.086	4.430	2.997	-0.030	-0.754	-2.034	1.088	-0.013	0.379	-1.631	-1.199	-1.290
SyringaeB728a_mexBdelta	Psyr_0515	Psyr_0515		HI0933-like protein	-0.560	-0.722	-0.839	-1.697	0.346	-1.558	-1.946	-1.338	-0.687	-0.734	-0.202	-0.686	0.013	-0.364	-0.498	-0.966	-1.343	-0.652	-0.905	0.176	-1.084	-1.465	-0.114
SyringaeB728a_mexBdelta	Psyr_0516	Psyr_0516		ATP-dependent RNA helicase DbpA	1.769	-0.617	1.416	1.812	0.696	-0.983	0.610	0.820	-0.095	0.334	0.314	1.133	1.317	0.301	0.046	-0.614	1.249	0.294	0.614	1.021	-0.015	0.795	-0.892
SyringaeB728a_mexBdelta	Psyr_0517	Psyr_0517		Dihydrolipoamide acetyltransferase	-1.271	-1.494	-1.098	-1.571	0.240	-0.461	0.777	-0.707	-1.555	-1.273	0.655	-0.810	0.772	-0.963	-1.660	-2.017	-1.143	-1.044	-1.107	-0.868	-1.929	-2.123	-2.270
SyringaeB728a_mexBdelta	Psyr_0519	Psyr_0519		Glutamate-ammonia-ligase adenylyltransferase	-0.031	-0.212	-1.744	1.117	0.192	-0.535	-0.286	-1.837	-0.363	-0.480	-0.409	-0.026	-0.367	0.058	-0.727	-1.629	-1.879	-2.108	-1.039	-1.972	-0.539	-0.215	-2.426
SyringaeB728a_mexBdelta	Psyr_0524	Psyr_0524		Lipopolysaccharide kinase	-3.530	-3.263	-1.746	-0.850	-2.115	2.124	-2.697	-3.672	-1.589	-1.696	-1.172	-2.318	-0.234	-1.349	-0.973	-0.244	0.137	-1.995	-3.115	0.519	-1.759	-0.759	-0.839
SyringaeB728a_mexBdelta	Psyr_0525	Psyr_0525		Lipopolysaccharide kinase	0.179	0.614	0.706	-0.130	-0.407	-1.962	-1.707	-6.351	-1.857	-0.315	0.798	0.426	0.328	-1.813	-0.034	0.325	-2.255	-0.993	-1.167	-0.722	-0.927	1.389	-0.191
SyringaeB728a_mexBdelta	Psyr_0527	Psyr_0527		type III effector HopAC1	-0.707	-0.390	-1.940	-0.660	-0.828	-1.931	0.269	-0.260	-0.092	0.316	-0.643	-0.085	0.991	0.327	0.370	0.192	-0.514	0.760	-0.162	-0.056	-0.835	0.033	0.089
SyringaeB728a_mexBdelta	Psyr_0528	Psyr_0528		Carbamoyltransferase	-0.490	0.333	-1.545	-1.219	-2.244	1.768	-1.641	-1.263	-1.091	-1.875	-2.203	-1.424	-1.458	-1.556	2.129	-0.648	1.378	-1.945	1.199	-0.644	0.577	0.403	0.117
SyringaeB728a_mexBdelta	Psyr_0529	Psyr_0529		Glycosyl transferase, group 1	-3.545	-3.402	-2.901	-3.000	-3.268	-1.570	-2.515	-0.554	-0.387	-2.458	-1.900	-3.440	1.327	1.520	-1.580	-1.352	-2.193	-1.690	-0.332	-4.675	0.122	-0.468	0.145
SyringaeB728a_mexBdelta	Psyr_0532	Psyr_0532		conserved hypothetical protein	0.048	0.360	1.090	-0.540	0.812	11.239	1.993	6.606	6.476	0.977	1.098	-0.516	1.704	6.577	-2.030	-0.883	1.251	-0.498	-2.298	-1.601	-0.688	-2.355	-1.589
SyringaeB728a_mexBdelta	Psyr_0533	Psyr_0533		conserved hypothetical protein	-0.559	1.190	0.858	-0.946	1.012	1.165	1.416	5.769	4.537	-0.423	0.680	0.942	3.310	5.316	-2.215	-1.141	-0.001	-0.249	-2.017	0.256	-2.079	-1.551	0.561
SyringaeB728a_mexBdelta	Psyr_0534	Psyr_0534		membrane protein, putative	-1.967	-1.473	8.714	-0.906	9.187	7.499	6.682	13.319	12.411	-0.306	0.912	-2.728	5.476	10.994	-1.355	-1.159	3.121	-0.042	-0.918	2.882	-1.596	-1.424	1.518
SyringaeB728a_mexBdelta	Psyr_0535	Psyr_0535		toluene tolerance protein, putative	-0.215	-1.123	-0.818	-0.435	0.275	-1.103	-3.191	-2.259	-2.226	-1.401	-2.747	-0.873	-2.415	-3.585	-0.007	-0.674	-0.061	-0.904	-0.300	-1.979	0.665	-1.469	-2.628
SyringaeB728a_mexBdelta	Psyr_0538	Psyr_0538		conserved hypothetical protein	-0.327	1.104	-1.419	-0.422	1.064	0.557	1.185	-0.764	-1.540	-0.042	0.407	1.215	-0.708	0.668	-0.821	0.429	1.377	0.075	0.182	-0.661	0.586	0.364	0.488
SyringaeB728a_mexBdelta	Psyr_0541	Psyr_0541		Small multidrug resistance protein	0.188	1.072	-3.366	0.289	-4.529	-3.015	0.717	-1.021	1.121	-0.124	0.043	0.248	-1.147	0.663	0.200	-1.275	-0.834	-0.417	-0.984	-1.806	-0.137	-0.600	-1.088
SyringaeB728a_mexBdelta	Psyr_0543	Psyr_0543		Type I secretion outer membrane protein, TolC	1.619	0.550	-10.405	-0.242	-10.034	1.391	-3.590	-0.750	-0.882	0.369	-12.019	-1.573	-3.385	-1.445	-0.406	0.038	0.084	-13.288	-13.095	-10.515	-1.623	-0.059	-0.127
SyringaeB728a_mexBdelta	Psyr_0544	Psyr_0544		hydroxymethylpyrimidine synthase	-2.466	-2.463	2.313	-1.941	2.284	-2.113	-0.026	0.725	-3.563	-2.030	-0.812	-1.475	0.308	-0.964	-1.528	-1.894	-1.529	-1.721	-2.343	-1.340	-1.227	-2.585	-1.647
SyringaeB728a_mexBdelta	Psyr_0545	Psyr_0545		Permease for cytosine/purines, uracil, thiamine, allantoin	-0.141	0.679	-1.216	0.212	-0.200	0.666	-0.778	0.073	0.902	0.782	0.523	0.774	-0.533	-0.010	0.304	1.021	0.721	0.532	-0.458	-1.103	1.079	0.314	2.640
SyringaeB728a_mexBdelta	Psyr_0546	Psyr_0546		lipoprotein, putative	0.098	0.576	-1.451	1.359	0.515	-3.508	0.230	-4.061	-1.587	-0.090	-0.300	0.678	0.915	-2.652	1.248	0.370	-0.768	0.116	-0.791	-0.377	0.363	0.146	-0.282
SyringaeB728a_mexBdelta	Psyr_0547	Psyr_0547		Conserved hypothetical protein 52	0.845	0.572	-1.749	1.360	0.010	0.938	0.603	0.722	1.014	1.027	-0.480	1.700	-0.065	2.065	-0.682	-2.352	-0.853	-0.711	-0.612	-2.720	-0.453	0.292	-0.996
SyringaeB728a_mexBdelta	Psyr_0548	Psyr_0548		Protein of unknown function DUF1249	-0.321	0.050	-3.158	-1.944	-2.161	-3.178	0.221	-2.762	-1.063	-0.271	-0.681	-0.693	-0.140	-1.110	2.022	1.965	0.800	1.990	0.013	3.733	2.051	2.560	1.522
SyringaeB728a_mexBdelta	Psyr_0549	Psyr_0549		Metallophosphoesterase	-0.385	-1.275	-3.637	-0.632	-1.103	0.253	-1.473	-0.893	-1.405	-2.411	-3.031	-2.981	-0.287	-1.166	-3.162	-2.287	-0.529	-0.046	-0.915	0.398	-3.396	-0.856	-1.972
SyringaeB728a_mexBdelta	Psyr_0550	Psyr_0550		Protein of unknown function UPF0227	-1.772	-1.956	-3.852	-1.129	-3.173	-2.667	-0.493	-4.498	-1.288	-1.546	-0.580	0.211	-0.597	-1.234	1.192	-0.024	-1.992	1.484	-0.031	-1.589	1.046	1.010	0.296
SyringaeB728a_mexBdelta	Psyr_0552	Psyr_0552		conserved hypothetical protein	0.367	1.232	0.805	0.129	0.950	3.144	0.363	0.509	0.677	-0.085	-0.057	0.170	-0.175	-0.029	-0.795	-0.707	-0.096	-0.066	-1.376	0.902	-0.953	-1.744	-0.189
SyringaeB728a_mexBdelta	Psyr_0553	Psyr_0553		conserved hypothetical protein	-1.327	-0.346	-1.830	-1.631	0.475	3.668	0.472	-0.858	-0.644	-1.593	0.223	-2.528	0.131	-0.997	-0.437	-0.329	0.179	1.046	0.883	-0.297	-0.087	-0.894	-0.735
SyringaeB728a_mexBdelta	Psyr_0555	Psyr_0555		Protein of unknown function DUF330	0.554	0.753	-0.428	-0.927	-0.541	-0.436	-0.453	-1.201	-0.891	-0.063	-0.401	-0.113	1.125	0.596	-0.310	1.354	-0.286	0.994	1.418	0.028	0.291	1.520	1.558
SyringaeB728a_mexBdelta	Psyr_0557	Psyr_0557		phosphoserine phosphatase	-1.108	-0.510	-0.582	0.087	0.560	0.279	-1.441	-0.214	-0.970	0.403	0.324	-1.290	-0.005	0.929	-2.179	-2.070	-1.077	-0.735	-0.688	-0.231	-1.018	-0.588	-0.394
SyringaeB728a_mexBdelta	Psyr_0558	Psyr_0558		conserved hypothetical protein	-0.345	0.388	1.817	0.461	2.871	0.682	2.328	4.592	1.089	0.382	1.228	2.056	1.707	1.324	0.065	-0.039	0.382	-0.192	-0.546	1.325	-0.054	1.131	0.773
SyringaeB728a_mexBdelta	Psyr_0559	Psyr_0559		thiosulfate sulfurtransferase	-0.688	-0.325	-1.219	-1.323	-0.172	2.034	-1.231	-0.815	1.111	-0.764	-1.053	1.749	0.333	-1.423	-0.733	-0.562	-0.021	-0.747	-1.132	-0.857	-0.855	0.051	0.010
SyringaeB728a_mexBdelta	Psyr_0560	Psyr_0560		conserved hypothetical protein	-0.939	0.141	-0.503	-0.861	-0.789	-1.058	-0.861	0.968	-1.480	-0.512	-2.373	0.536	0.546	1.095	0.310	1.022	0.741	1.657	2.131	1.145	2.138	1.249	1.878
SyringaeB728a_mexBdelta	Psyr_0561	Psyr_0561		chemotaxis motA protein	1.201	1.596	2.594	0.516	1.789	2.079	2.071	1.477	0.731	0.000	2.091	0.538	-0.834	0.309	0.682	0.289	0.200	1.456	0.415	-0.194	0.243	-0.375	-0.425
SyringaeB728a_mexBdelta	Psyr_0562	Psyr_0562		OmpA/MotB	0.017	1.311	0.265	0.528	2.483	1.321	0.987	0.425	1.051	0.109	0.045	0.553	-0.358	-1.166	-1.041	-0.948	-1.018	-0.491	0.697	0.565	-0.294	-1.291	-0.059
SyringaeB728a_mexBdelta	Psyr_0565	Psyr_0565		Protein of unknown function UPF0126	-8.028	-7.187	-1.771	-7.144	-3.058	-2.004	-4.373	-6.809	-7.228	-7.133	-7.401	-7.491	-2.893	-0.145	-9.301	-5.956	-7.847	-8.955	-8.644	-6.864	-7.883	-8.433	-9.512
SyringaeB728a_mexBdelta	Psyr_0566	Psyr_0566		4Fe-4S cluster binding protein	-1.168	-1.030	-0.464	-1.103	0.246	-2.290	0.157	-0.211	0.072	-0.034	-0.086	-1.392	2.137	1.391	0.158	0.251	0.125	0.439	0.190	0.791	0.003	-1.405	-0.223
SyringaeB728a_mexBdelta	Psyr_0567	Psyr_0567		Protein of unknown function UPF0031:YjeF-related protein, N-terminal	0.163	-0.218	0.304	-0.095	1.629	1.092	0.185	1.175	-0.682	-0.529	0.031	0.306	0.022	1.227	-2.166	-1.625	-0.126	-0.992	-1.466	-0.687	-1.013	-1.220	-0.959
SyringaeB728a_mexBdelta	Psyr_0569	Psyr_0569		N-acetylmuramoyl-L-alanine amidase	-0.580	-0.808	-0.413	-0.798	2.197	2.388	-0.922	-1.957	3.378	-0.537	-0.899	-1.219	-1.532	1.313	0.480	0.822	0.348	0.080	1.286	1.959	-0.088	0.620	0.380
SyringaeB728a_mexBdelta	Psyr_0570	Psyr_0570		DNA mismatch repair protein MutL	-1.273	-2.361	1.255	-1.535	2.396	1.675	-0.339	-1.382	0.336	-1.144	-1.515	-1.005	1.053	2.223	-1.792	-1.544	-1.609	-1.799	-1.438	-1.307	-1.755	-1.915	-1.675
SyringaeB728a_mexBdelta	Psyr_0571	Psyr_0571		tRNA isopentenyltransferase	-1.666	-1.610	6.434	-3.845	4.457	4.689	-1.018	-0.934	2.666	-1.807	-1.481	-4.150	0.758	1.142	-3.951	-2.598	-0.244	-0.962	-2.188	-2.571	-2.147	-4.276	-4.863
SyringaeB728a_mexBdelta	Psyr_0573	Psyr_0573		GTP-binding protein HflX	-0.015	-0.192	-1.882	0.489	-3.063	0.610	-0.513	-2.582	-1.838	-0.222	-0.365	-0.442	-1.532	1.895	0.545	0.784	-0.030	-0.502	-0.891	-0.843	0.256	-0.453	-2.056
SyringaeB728a_mexBdelta	Psyr_0574	Psyr_0574		protease FtsH subunit HflK	-2.541	-2.161	-3.704	-2.935	-3.200	0.340	-2.287	-1.539	0.212	-2.580	-3.915	-1.941	-1.670	-0.553	-3.849	-1.519	-2.891	-0.823	-3.926	-3.869	-2.240	-3.806	-4.465
SyringaeB728a_mexBdelta	Psyr_0575	Psyr_0575		protease FtsH subunit HflC	-1.206	-1.371	-3.438	-1.660	-2.489	2.778	-2.539	-2.827	-0.053	-1.821	-2.557	-1.908	-2.345	0.348	-2.413	-1.703	0.340	-1.053	-0.749	-2.167	-2.846	-0.022	-2.233
SyringaeB728a_mexBdelta	Psyr_0576	Psyr_0576		ATP phosphoribosyltransferase regulatory subunit, putative	-0.175	0.841	1.193	0.276	0.298	-1.128	0.181	0.157	-0.383	-0.654	0.097	-0.395	2.345	0.569	-0.620	-0.466	-1.067	-0.627	0.243	-0.532	-1.811	-2.471	-0.193
SyringaeB728a_mexBdelta	Psyr_0578	Psyr_0578		Histidine kinase, HAMP region:Bacterial chemotaxis sensory transducer	-0.052	0.478	-0.084	-0.309	0.050	1.237	0.639	0.232	0.405	-0.817	1.091	0.397	-0.471	-1.566	0.794	-0.139	-0.525	0.190	-0.442	0.505	-0.556	-0.571	0.439
SyringaeB728a_mexBdelta	Psyr_0579	Psyr_0579		RNAse R	-5.830	-6.858	-9.325	-6.172	-9.613	10.510	-10.316	-12.983	-7.840	-7.278	-10.125	-6.175	-4.360	-1.698	-6.246	-7.883	-5.776	-10.767	-8.304	-6.446	-8.178	-6.988	-9.614
SyringaeB728a_mexBdelta	Psyr_0580	Psyr_0580		23S rRNA Gm-2251 2'-O-methyltransferase	-0.693	1.044	-1.350	0.258	-1.323	2.433	0.261	0.226	1.494	0.678	1.077	2.005	-0.468	-0.013	1.943	1.943	0.000	-0.607	0.392	0.234	1.492	-0.489	-0.049
SyringaeB728a_mexBdelta	Psyr_0583	Psyr_0583		membrane protein, putative	0.359	-1.812	1.406	0.574	-1.112	3.069	0.595	-5.618	0.917	0.668	-0.911	0.378	1.252	2.908	-1.042	-0.840	-0.686	0.290	-1.892	-0.005	-1.956	-0.589	-0.816
SyringaeB728a_mexBdelta	Psyr_0586	Psyr_0586		YD repeat protein	-1.099	-0.378	-1.332	-0.571	-1.029	-2.652	-0.202	-1.125	-0.261	-0.344	-0.522	-0.526	-0.039	-1.023	-0.162	-0.095	-0.421	0.123	-0.230	-0.616	-0.397	0.121	-0.005
SyringaeB728a_mexBdelta	Psyr_0587	Psyr_0587		Radical SAM	0.075	-0.099	-0.884	1.077	0.230	-1.239	-0.236	0.824	0.327	0.999	0.527	0.837	0.174	0.543	-0.648	-0.495	0.367	0.513	-0.794	-0.403	-0.700	-0.650	-0.961
SyringaeB728a_mexBdelta	Psyr_0588	Psyr_0588		Transglutaminase-like protein	0.933	0.821	-0.216	-0.351	0.293	0.708	0.345	-0.856	-0.135	-0.883	-0.321	0.361	0.400	0.218	0.879	0.975	1.400	1.415	1.014	0.195	0.273	1.141	1.231
SyringaeB728a_mexBdelta	Psyr_0589	Psyr_0589		protein of unknown function DUF403:Protein of unknown function DUF404:Protein of unknown function DUF407	-0.395	0.204	0.366	0.927	0.574	0.173	0.018	-0.322	0.159	0.325	1.639	0.631	0.009	-0.212	-0.631	-0.011	-0.761	0.685	-1.103	-0.389	-0.039	0.181	0.466
SyringaeB728a_mexBdelta	Psyr_0590	Psyr_0590		Transglutaminase-like protein	1.559	-0.253	0.265	0.444	-0.175	-0.247	-0.226	0.463	0.704	-0.941	0.170	0.789	1.625	2.101	-0.732	0.373	0.286	-0.237	0.996	0.813	0.933	-0.373	1.031
SyringaeB728a_mexBdelta	Psyr_0591	Psyr_0591		Blue (type 1) copper domain protein	1.394	1.492	-0.882	0.142	-0.195	-0.544	-0.144	-0.864	1.017	0.726	-0.786	0.227	0.118	-0.516	0.731	0.754	-0.099	-0.642	1.558	0.119	1.313	1.103	-0.365
SyringaeB728a_mexBdelta	Psyr_0595	Psyr_0595		Nicotinate phosphoribosyltransferase	-1.794	-0.829	-0.174	-1.064	-0.892	2.224	-0.070	-2.082	-0.928	-1.509	-1.565	-0.197	-0.759	-0.568	-0.047	0.918	0.335	-2.896	0.100	0.961	1.023	-0.358	-1.322
SyringaeB728a_mexBdelta	Psyr_0596	Psyr_0596		transcriptional regulator, LysR family	0.775	1.792	-0.775	0.194	0.528	-0.867	0.776	1.075	0.732	0.723	0.676	0.158	-0.205	-1.349	0.632	1.196	0.157	0.665	-0.026	-0.610	-0.414	0.443	0.365
SyringaeB728a_mexBdelta	Psyr_0597	Psyr_0597		amino acid/amide ABC transporter substrate-binding protein, HAAT family	1.624	0.423	-0.437	-0.418	0.021	-1.075	0.227	0.527	-0.244	-0.339	-0.273	-0.474	0.396	0.236	-0.465	0.515	0.503	0.463	-0.113	-0.025	0.031	0.394	0.037
SyringaeB728a_mexBdelta	Psyr_0598	Psyr_0598		amino acid/amide ABC transporter membrane protein 1, HAAT family	-0.573	-1.302	-0.699	0.121	-1.480	-0.269	-0.628	-0.708	-0.204	-0.668	-0.343	-0.699	0.714	-0.106	-0.708	-0.081	-1.212	-0.747	-1.598	0.007	-0.525	-0.917	-0.437
SyringaeB728a_mexBdelta	Psyr_0599	Psyr_0599		amino acid/amide ABC transporter membrane protein 2, HAAT family	-0.326	-0.564	-1.664	-0.192	-1.645	0.098	-0.013	-0.126	0.683	-0.193	-0.300	-0.548	-0.331	0.463	0.117	0.345	-0.449	0.056	-0.834	0.028	-0.395	0.672	-0.136
SyringaeB728a_mexBdelta	Psyr_0600	Psyr_0600		amino acid/amide ABC transporter ATP-binding protein 1, HAAT family	0.567	2.447	1.354	0.388	1.042	-0.192	1.721	1.768	1.834	1.203	1.579	1.048	0.508	0.222	-0.595	0.284	-0.685	-0.842	0.819	0.589	-0.374	-0.018	-0.819
SyringaeB728a_mexBdelta	Psyr_0601	Psyr_0601		amino acid/amide ABC transporter ATP-binding protein 2, HAAT family	0.903	-0.042	0.741	-1.020	0.664	1.849	1.548	0.099	1.055	0.315	-0.269	-0.133	0.794	1.421	0.741	0.727	-0.138	1.304	1.608	0.633	1.164	1.314	0.595
SyringaeB728a_mexBdelta	Psyr_0602	Psyr_0602		Short-chain dehydrogenase/reductase SDR	0.127	0.912	-0.452	-0.868	-0.118	0.260	-0.376	1.705	-0.323	-0.028	-0.705	-0.529	-1.350	0.370	-0.696	0.080	-1.845	-1.294	-0.909	-1.233	-1.181	-0.065	-0.939
SyringaeB728a_mexBdelta	Psyr_0603	Psyr_0603		N-acylglucosamine 2-epimerase	-1.849	-1.544	-1.756	-1.641	-1.978	-1.262	0.261	-6.364	-1.383	-1.084	-2.459	-4.454	-0.829	-0.113	-1.602	-3.095	-1.080	-3.258	-1.894	-2.503	-1.941	-3.981	-2.941
SyringaeB728a_mexBdelta	Psyr_0607	Psyr_0607		cystathionine beta-lyase	-0.119	-0.198	0.454	1.983	0.071	1.155	-0.052	1.069	1.649	0.395	-0.844	1.317	-1.314	0.021	0.311	0.619	0.078	1.129	-0.140	-0.048	-0.247	-0.060	0.038
SyringaeB728a_mexBdelta	Psyr_0608	Psyr_0608		Protein of unknown function DUF1016	0.588	0.398	0.409	0.231	0.393	1.709	0.211	-0.420	-0.318	0.332	-0.294	0.163	0.780	0.424	1.357	1.680	0.943	1.263	0.753	0.846	0.543	1.306	1.474
SyringaeB728a_mexBdelta	Psyr_0609	Psyr_0609		Glutathione S-transferase, C-terminal	-0.220	0.170	-0.143	-1.626	-0.103	-0.763	-0.463	-0.204	0.720	1.658	-0.279	-0.515	0.185	-0.483	0.867	2.291	-0.051	0.200	-0.586	1.476	0.076	0.919	0.450
SyringaeB728a_mexBdelta	Psyr_0610	Psyr_0610		ABC-2	0.125	0.125	-0.542	-1.209	0.764	1.517	0.879	2.550	1.835	0.181	0.365	1.056	-1.047	-2.724	-0.583	-1.183	-0.710	0.779	-0.226	0.036	-0.795	-1.072	0.515
SyringaeB728a_mexBdelta	Psyr_0611	Psyr_0611		ABC transporter	-1.378	-1.599	-1.968	-0.596	-0.756	-0.115	0.048	2.174	2.718	-0.248	-0.150	-0.811	-0.828	-1.183	-1.724	-0.498	-1.013	-1.113	-1.592	-1.157	-1.128	-2.646	-0.473
SyringaeB728a_mexBdelta	Psyr_0612	Psyr_0612		Nucleotidyl transferase	0.990	0.370	-0.577	-0.023	0.254	-0.063	1.574	-0.733	-0.705	-0.184	-0.084	-0.631	-1.958	-1.301	-0.633	-0.289	0.687	-0.030	-0.375	-2.237	0.014	-0.263	-0.685
SyringaeB728a_mexBdelta	Psyr_0613	Psyr_0613		conserved hypothetical protein	-1.119	-0.070	0.614	-0.578	-1.278	1.332	-0.566	0.941	-0.079	0.187	0.379	-0.489	0.168	0.085	1.125	-0.078	-0.567	1.478	1.362	-0.088	0.765	0.829	1.024
SyringaeB728a_mexBdelta	Psyr_0614	Psyr_0614		HAD-superfamily hydrolase, subfamily IA, variant 3	-0.313	0.116	1.750	1.134	-0.516	-1.215	0.168	0.180	0.387	0.428	0.040	0.411	-2.137	-2.575	-0.089	0.285	0.204	0.938	0.584	0.346	0.263	0.429	-1.012
SyringaeB728a_mexBdelta	Psyr_0615	Psyr_0615		conserved hypothetical protein	-0.158	-0.693	0.601	0.905	0.896	0.770	0.286	0.619	0.287	-0.065	0.119	-0.169	0.507	-0.536	0.657	0.789	0.381	0.019	0.964	0.918	-0.262	-0.482	0.649
SyringaeB728a_mexBdelta	Psyr_0616	Psyr_0616		conserved domain protein	1.149	1.071	-0.836	0.813	-0.036	-0.179	-0.735	-1.063	0.618	-0.851	1.686	0.593	0.247	0.057	0.087	0.566	0.815	0.104	-0.271	0.577	1.097	1.286	-0.034
SyringaeB728a_mexBdelta	Psyr_0617	Psyr_0617		conserved hypothetical protein	-0.848	-0.399	-1.351	-1.688	-0.004	-2.033	-0.879	-0.828	-0.637	-0.903	-1.443	-1.333	0.037	-0.270	-0.195	-0.085	-0.284	-1.276	0.538	-0.684	-0.909	0.059	-0.351
SyringaeB728a_mexBdelta	Psyr_0618	Psyr_0618		conserved hypothetical protein	1.041	-0.750	0.664	-0.493	-0.989	-1.196	0.986	1.041	-0.485	-0.757	1.728	-0.845	1.126	0.603	1.407	2.362	0.428	0.666	0.724	1.405	0.802	0.950	2.047
SyringaeB728a_mexBdelta	Psyr_0619	Psyr_0619		WavE lipopolysaccharide synthesis	-0.764	-0.570	0.055	0.268	-1.437	-0.377	-0.838	-0.431	-0.308	-0.608	-1.119	-0.375	0.406	0.054	1.343	1.936	-0.229	1.542	1.359	1.053	0.233	1.911	1.308
SyringaeB728a_mexBdelta	Psyr_0620	Psyr_0620		Outer membrane autotransporter barrel	-0.386	-0.664	-0.410	0.906	0.352	0.478	0.661	0.291	-0.074	0.961	-0.215	0.046	-0.059	0.560	0.860	-0.160	0.852	0.208	0.984	0.432	0.064	0.089	0.588
SyringaeB728a_mexBdelta	Psyr_0621	Psyr_0621		conserved hypothetical protein	0.562	-0.359	-1.679	0.051	-1.673	-1.530	-1.267	-0.370	-0.740	0.244	-0.368	-0.177	-0.006	0.556	0.583	-0.425	0.295	-0.004	0.381	0.168	-0.501	-0.335	-0.806
SyringaeB728a_mexBdelta	Psyr_0622	Psyr_0622		transcriptional regulator, XRE family	-1.270	0.107	-0.409	-0.638	0.786	-2.479	0.637	-1.445	0.587	0.905	0.294	-1.605	-0.056	-1.036	-0.116	0.589	0.268	1.016	0.349	1.216	0.625	0.103	0.379
SyringaeB728a_mexBdelta	Psyr_0623	Psyr_0623		Peptidase S24, S26A and S26B	1.414	0.192	0.108	2.257	-0.946	-0.630	1.794	0.367	-0.607	-0.221	-1.310	1.195	-1.096	-0.983	-0.246	-1.427	0.849	-1.930	-0.542	-0.593	-0.109	-0.690	-0.927
SyringaeB728a_mexBdelta	Psyr_0625	Psyr_0625		Protein of unknown function DUF980	-1.205	-0.101	-0.227	1.085	0.718	-1.184	-0.677	-0.034	1.310	0.211	-0.871	0.351	-0.523	-0.248	0.076	1.394	-1.571	0.210	0.021	0.235	-0.616	-1.259	-0.269
SyringaeB728a_mexBdelta	Psyr_0626	Psyr_0626		DedA	2.674	2.366	1.287	0.200	3.398	4.892	2.871	10.511	11.859	2.531	3.214	0.844	2.200	10.179	1.185	1.344	3.762	0.880	-0.169	2.177	0.508	1.636	3.946
SyringaeB728a_mexBdelta	Psyr_0627	Psyr_0627		Ethanolamine ammonia-lyase light chain	0.112	0.116	0.134	1.893	0.127	0.479	0.864	1.619	-0.091	-0.360	0.605	0.717	-1.679	0.152	-0.323	0.371	-0.695	0.526	1.298	-0.006	0.859	0.204	-0.660
SyringaeB728a_mexBdelta	Psyr_0628	Psyr_0628		Ethanolamine ammonia-lyase heavy chain	-0.422	-0.692	-1.010	0.658	-0.597	0.351	0.766	-1.234	-1.231	0.984	0.581	0.395	1.339	0.417	-0.871	0.937	1.685	0.007	0.052	0.445	-0.472	-0.254	0.340
SyringaeB728a_mexBdelta	Psyr_0629	Psyr_0629		Aldehyde dehydrogenase (NAD+)	2.476	0.878	1.177	0.811	1.318	-0.397	0.653	0.225	0.424	0.504	1.153	-0.257	-0.063	1.789	0.799	-0.158	1.501	0.525	0.563	0.134	0.030	0.209	-0.041
SyringaeB728a_mexBdelta	Psyr_0630	Psyr_0630		UDP-N-acetylmuramate:L-alanyl-gamma-D-glutamyl- meso-diaminopimelate ligase	-0.494	-3.154	-1.984	-1.637	-2.567	-6.677	-3.361	-5.436	-0.658	-0.397	-0.890	-1.480	-0.115	-3.032	-0.852	-1.329	-3.180	-2.285	-1.133	-3.853	-0.652	0.325	-1.690
SyringaeB728a_mexBdelta	Psyr_0632	Psyr_0632		Protein of unknown function DUF1375	1.621	0.522	0.610	0.744	1.154	2.148	-0.084	1.372	-0.517	-0.399	1.328	-0.680	-1.774	0.674	0.539	0.181	0.451	0.481	1.392	0.873	0.997	0.759	0.061
SyringaeB728a_mexBdelta	Psyr_0633	Psyr_0633		conserved hypothetical protein	-0.736	1.540	0.349	-0.214	1.920	-2.317	-2.647	0.200	0.424	0.303	-0.450	-0.072	-2.358	-1.916	-0.111	-0.700	2.102	1.358	0.256	-0.374	0.526	0.020	1.124
SyringaeB728a_mexBdelta	Psyr_0634	Psyr_0634		MORN motif protein	-0.727	-1.268	0.031	-0.528	-0.371	-1.333	-0.411	-3.662	-2.440	-0.858	-0.752	-0.938	0.198	0.406	1.045	0.324	1.101	1.665	0.662	0.344	0.535	0.985	0.370
SyringaeB728a_mexBdelta	Psyr_0635	Psyr_0635		MaoC-like dehydratase	2.504	1.696	-0.904	0.191	0.563	1.162	1.181	1.171	0.229	0.356	0.904	1.010	1.167	0.231	1.907	1.605	2.087	1.013	0.554	0.987	2.707	0.353	-0.316
SyringaeB728a_mexBdelta	Psyr_0636	Psyr_0636		LrgA	-0.679	-0.015	0.029	1.148	1.505	-1.682	-0.740	0.161	-0.932	-1.123	-0.198	-0.697	0.497	0.901	0.811	-0.383	0.397	-0.171	-0.557	2.138	1.246	-0.220	0.661
SyringaeB728a_mexBdelta	Psyr_0637	Psyr_0637		LrgB-like protein	0.899	-1.340	-1.809	0.885	-0.134	-1.770	1.203	-1.326	-1.391	-2.021	-0.736	-0.561	0.307	-0.200	-0.328	-0.614	-1.364	-0.405	-1.062	-0.254	-0.158	0.507	0.264
SyringaeB728a_mexBdelta	Psyr_0638	Psyr_0638		Peptidase S16, lon N-terminal	-0.219	-1.010	0.090	0.231	-0.422	-3.069	-0.480	-1.521	-1.570	-1.874	-1.813	-0.728	0.196	0.383	-0.658	-2.471	-2.378	-0.687	-0.857	-1.457	-2.384	-1.787	-2.302
SyringaeB728a_mexBdelta	Psyr_0639	Psyr_0639		lipoprotein, putative	-0.156	0.710	0.045	0.173	0.892	1.536	1.207	0.231	-0.515	0.699	1.186	0.304	1.490	1.431	0.981	-0.707	-0.224	0.850	-1.207	-0.256	0.498	-1.880	0.045
SyringaeB728a_mexBdelta	Psyr_0640	Psyr_0640		lipoprotein, putative	0.511	0.306	1.432	-0.691	-0.686	0.786	0.525	-1.038	0.998	-0.053	-0.105	0.106	-0.630	0.275	0.483	1.139	0.699	1.324	1.164	1.044	0.830	1.698	1.025
SyringaeB728a_mexBdelta	Psyr_0641	Psyr_0641		smtA protein	0.347	2.024	-0.550	1.249	0.658	1.649	1.768	-0.359	-0.805	0.706	1.893	1.238	1.232	1.514	1.132	1.011	0.159	0.256	0.426	0.830	0.133	0.412	-0.120
SyringaeB728a_mexBdelta	Psyr_0643	Psyr_0643		MaoC-like dehydratase	-0.045	-0.105	-1.649	0.752	2.114	-1.003	-0.325	-0.646	0.572	0.018	0.240	-0.826	-1.676	-1.037	-0.140	0.007	-1.699	0.962	0.116	-0.432	-0.280	-0.145	0.380
SyringaeB728a_mexBdelta	Psyr_0644	Psyr_0644		Short-chain dehydrogenase/reductase SDR	0.157	-0.054	-0.919	-0.693	-0.436	0.287	0.987	-0.219	-0.756	-0.471	-0.847	1.018	1.084	1.939	0.747	-0.738	-0.594	1.088	0.452	0.145	0.144	-0.801	-1.245
SyringaeB728a_mexBdelta	Psyr_0645	Psyr_0645		3-ketoacyl-CoA thiolase	0.280	-2.034	-2.610	0.065	-0.531	2.125	-1.120	0.058	0.116	-1.290	-1.168	-0.823	-1.515	-0.122	-0.263	0.020	0.160	-0.587	-1.435	-0.295	-0.101	0.901	0.357
SyringaeB728a_mexBdelta	Psyr_0646	Psyr_0646		conserved hypothetical protein	-0.070	1.401	-0.262	0.028	-0.117	-0.481	1.228	-0.139	0.603	-0.358	-1.507	0.953	0.852	0.861	-0.085	-0.274	-0.444	0.897	0.513	0.393	-0.732	-0.556	-0.219
SyringaeB728a_mexBdelta	Psyr_0647	Psyr_0647		Protein of unknown function DUF726	1.546	-0.701	-0.332	-1.180	-1.178	1.250	-0.396	-1.147	0.114	-0.156	-0.145	0.828	-2.103	0.389	-0.132	-0.673	-0.313	-1.021	0.859	-1.061	-0.581	0.083	-1.165
SyringaeB728a_mexBdelta	Psyr_0648	Psyr_0648		transporter, putative	-2.788	-2.550	-2.684	-3.090	-2.396	-0.070	-2.822	-1.539	-2.394	-2.185	-3.927	-2.409	-0.920	-1.312	-2.744	-1.950	-1.360	-1.338	-2.339	-1.299	-3.880	-1.915	-3.404
SyringaeB728a_mexBdelta	Psyr_0649	Psyr_0649		transcriptional regulator, AraC family	-1.043	1.279	0.441	-0.214	0.471	1.964	0.057	-0.259	-0.038	-0.750	-1.344	-0.545	2.026	1.484	1.275	0.281	-0.369	0.849	0.020	0.109	-0.539	-0.337	0.501
SyringaeB728a_mexBdelta	Psyr_0650	Psyr_0650		Protein of unknown function RIO1	-0.325	-0.021	-0.615	-0.471	-3.333	3.693	-1.184	0.605	-1.231	-0.111	-1.568	-0.825	-1.662	-2.020	0.619	0.539	0.021	0.196	0.278	-0.147	0.203	1.034	0.133
SyringaeB728a_mexBdelta	Psyr_0653	Psyr_0653		transcriptional regulator, MerR family	-0.854	-0.892	-0.289	-2.508	-0.449	-0.531	-1.483	-1.118	-0.080	-0.077	-1.105	-0.399	-0.221	-0.380	-0.179	0.528	-0.380	-1.332	-0.779	0.932	-0.780	-0.722	0.423
SyringaeB728a_mexBdelta	Psyr_0654	Psyr_0654		Copper-translocating P-type ATPase:Heavy metal translocating P-type ATPase	0.426	0.541	0.108	1.140	-0.582	1.323	-0.838	1.593	0.125	1.495	0.711	1.140	0.618	0.301	0.517	0.076	0.877	-0.663	0.524	0.119	0.150	0.508	-0.083
SyringaeB728a_mexBdelta	Psyr_0655	Psyr_0655		conserved domain protein	0.735	0.455	-0.514	-0.166	-1.047	0.119	-1.935	-0.290	-1.411	0.034	0.425	-1.122	-0.224	0.291	0.023	0.531	0.649	0.102	0.383	-1.129	-0.479	-0.138	-0.078
SyringaeB728a_mexBdelta	Psyr_0657	Psyr_0657		Drug resistance transporter Bcr/CflA subfamily	-0.659	0.557	-0.936	1.191	0.750	1.863	1.527	-1.735	1.442	-0.602	-1.277	1.034	-0.359	0.911	0.108	-1.355	-0.092	-0.722	-0.117	-0.817	-0.489	-1.012	-0.160
SyringaeB728a_mexBdelta	Psyr_0658	Psyr_0658		Zinc-containing alcohol dehydrogenase superfamily	0.534	-0.035	1.649	-0.295	0.646	1.420	-0.769	0.121	0.843	-0.372	1.068	1.149	-1.744	0.288	0.654	0.625	0.944	0.111	0.871	0.252	0.965	-0.120	1.305
SyringaeB728a_mexBdelta	Psyr_0659	Psyr_0659		transcriptional regulator, LysR family	0.783	1.423	1.519	-0.120	0.073	2.229	1.089	0.746	-0.482	0.383	0.347	-0.132	-0.471	0.132	0.527	-1.003	-1.251	-0.751	-0.068	-0.119	-0.922	-0.466	1.560
SyringaeB728a_mexBdelta	Psyr_0660	Psyr_0660		transcriptional regulator, ArsR family	-0.816	0.707	0.185	1.468	1.175	-0.037	0.369	0.110	-0.509	-0.172	2.050	-0.328	-0.346	0.288	0.740	-0.191	0.096	1.033	-0.620	0.315	-0.039	-0.119	-0.401
SyringaeB728a_mexBdelta	Psyr_0661	Psyr_0661		adenosine deaminase	0.888	1.034	1.538	-0.466	0.669	-1.398	0.237	1.514	0.896	0.126	0.790	0.660	1.214	-0.089	0.949	1.531	0.375	-0.952	0.075	0.740	1.357	2.263	0.850
SyringaeB728a_mexBdelta	Psyr_0662	Psyr_0662		2OG-Fe(II) oxygenase superfamily	-0.442	-0.050	-1.040	-0.584	-0.632	1.529	-1.379	-0.645	0.026	-0.607	-0.458	0.561	0.526	0.640	0.534	0.753	0.247	-0.700	0.795	1.354	0.227	0.894	0.900
SyringaeB728a_mexBdelta	Psyr_0663	Psyr_0663		nucleoside-binding protein	0.993	0.903	0.802	0.723	0.856	-0.441	1.307	1.348	0.506	0.334	0.919	0.926	-0.394	-0.219	0.857	1.179	-0.090	0.371	-0.723	0.716	-0.133	0.252	0.270
SyringaeB728a_mexBdelta	Psyr_0664	Psyr_0664		ABC transporter	0.710	-1.523	0.508	-0.571	-0.926	0.173	0.168	-1.713	-0.827	-0.911	-0.679	0.138	-0.433	-0.317	-0.757	-1.688	0.103	-1.159	-0.367	-0.784	-0.229	-0.294	-1.460
SyringaeB728a_mexBdelta	Psyr_0665	Psyr_0665		transport system permease protein	0.105	1.582	0.992	0.940	1.622	0.175	0.044	1.974	0.883	0.104	1.460	0.769	0.693	-0.818	-0.659	-1.358	-2.372	-0.109	-1.728	0.191	-1.249	-1.613	-1.055
SyringaeB728a_mexBdelta	Psyr_0666	Psyr_0666		transport system permease protein	0.236	1.830	-0.803	0.450	0.164	0.467	0.646	2.566	2.108	1.402	-0.094	0.776	-0.656	-0.450	2.349	-0.441	0.774	1.299	0.749	0.040	0.958	1.048	0.693
SyringaeB728a_mexBdelta	Psyr_0667	Psyr_0667		Periplasmic binding protein	1.398	0.855	-0.673	0.366	0.413	1.775	-0.135	-0.206	-0.256	0.763	0.451	0.327	0.592	0.184	0.003	0.456	-0.408	-0.876	-0.672	-0.881	0.830	-0.218	-0.183
SyringaeB728a_mexBdelta	Psyr_0668	Psyr_0668		Sodium/calcium exchanger membrane region	0.104	-0.521	-1.992	0.400	-1.049	-0.256	-2.112	-0.910	-0.194	-0.060	0.159	-1.066	-0.108	0.730	-0.771	-0.759	-1.441	-1.901	-0.819	-2.367	-2.283	-1.680	-2.874
SyringaeB728a_mexBdelta	Psyr_0669	Psyr_0669		Amidohydrolase	0.438	-0.213	0.658	0.658	0.218	0.863	0.781	0.088	1.988	0.602	-0.027	1.427	0.350	-0.274	0.721	-0.865	-0.655	1.872	0.317	1.091	0.192	0.722	1.493
SyringaeB728a_mexBdelta	Psyr_0670	Psyr_0670		Short-chain dehydrogenase/reductase SDR	1.403	1.068	0.755	0.405	1.830	1.189	0.817	0.791	1.055	0.178	1.996	1.248	0.537	-1.029	1.429	1.263	1.489	-1.123	0.956	0.088	1.145	0.839	1.318
SyringaeB728a_mexBdelta	Psyr_0671	Psyr_0671		nucleoside ABC transporter membrane protein	2.274	2.136	1.234	1.850	1.111	2.305	0.133	0.237	0.938	1.086	1.745	1.157	1.460	1.500	0.354	2.135	1.139	0.317	1.025	1.336	1.283	0.541	0.502
SyringaeB728a_mexBdelta	Psyr_0672	Psyr_0672		nucleoside ABC transporter membrane protein	1.725	0.108	0.377	0.147	0.877	0.514	0.214	-0.547	-0.088	-0.579	0.109	0.917	0.814	0.116	1.027	0.492	0.523	0.549	0.325	0.933	0.014	1.405	0.754
SyringaeB728a_mexBdelta	Psyr_0673	Psyr_0673		nucleoside ABC transporter ATP-binding protein	-0.417	-0.952	-2.072	-1.882	0.309	-0.693	-0.964	-2.042	-1.250	0.021	0.008	0.218	-0.379	0.724	-1.380	1.051	-0.058	-0.158	-0.477	-0.048	-1.435	0.351	0.184
SyringaeB728a_mexBdelta	Psyr_0674	Psyr_0674		Protein of unknown function UPF0029	-1.108	-1.152	0.389	-0.875	-0.029	2.618	-0.038	-0.287	-0.048	0.130	0.533	-0.550	1.015	1.286	0.602	-0.261	-0.471	0.031	0.326	0.744	-0.472	-0.161	-1.619
SyringaeB728a_mexBdelta	Psyr_0675	Psyr_0675		transcriptional regulator, TetR family	0.442	-0.042	-0.387	1.181	0.679	0.541	-0.567	0.132	0.039	-0.495	0.002	0.978	-0.941	0.126	0.759	0.461	-0.929	0.835	0.517	0.334	0.067	1.487	1.110
SyringaeB728a_mexBdelta	Psyr_0676	Psyr_0676		Xanthine/uracil permease family	0.459	0.127	0.523	-0.059	0.470	0.703	-0.254	1.628	-1.672	0.440	0.400	0.855	0.404	-0.424	1.579	1.019	1.241	0.792	1.325	0.970	0.768	0.896	1.719
SyringaeB728a_mexBdelta	Psyr_0677	Psyr_0677		transcriptional regulator, LysR family	0.614	-0.773	0.491	-0.426	0.560	0.045	0.318	1.224	0.886	-0.041	1.370	0.113	-1.411	1.596	0.594	1.355	1.517	1.261	1.041	2.282	0.943	1.421	1.072
SyringaeB728a_mexBdelta	Psyr_0678	Psyr_0678		Aminotransferase class-III	0.943	1.150	-0.521	0.803	0.598	2.246	0.510	0.304	-0.068	0.035	1.085	0.405	1.673	2.379	1.992	2.321	1.678	2.523	2.670	3.099	2.175	2.696	2.151
SyringaeB728a_mexBdelta	Psyr_0679	Psyr_0679		methylmalonate-semialdehyde dehydrogenase (acylating)	0.532	1.094	0.056	0.792	-0.807	1.827	0.203	0.956	0.185	0.034	0.451	0.147	-0.239	0.672	1.399	1.284	1.533	1.775	1.278	1.151	1.071	1.689	1.140
SyringaeB728a_mexBdelta	Psyr_0680	Psyr_0680		DNA helicase/exodeoxyribonuclease V, gamma subunit	-1.808	-0.816	-2.917	-2.123	-1.134	-0.137	0.443	-1.721	-0.896	-0.861	-1.795	-1.415	-1.083	-0.248	-0.210	-0.437	-1.569	-1.047	-1.389	-0.720	-1.721	-0.110	-1.271
SyringaeB728a_mexBdelta	Psyr_0683	Psyr_0683		NUDIX hydrolase	0.311	1.711	-0.559	-0.169	-0.435	0.246	-0.267	-0.876	0.129	0.085	-0.860	-0.946	-0.452	-0.221	0.088	-0.381	0.221	0.726	0.500	0.356	0.023	0.290	0.025
SyringaeB728a_mexBdelta	Psyr_0684	Psyr_0684		hypothetical protein	-0.824	-0.077	-1.800	-0.537	0.379	-3.180	0.501	-1.909	-0.053	0.536	-2.018	-2.574	-3.071	-2.291	-0.112	0.931	-1.275	0.221	-0.144	-0.254	0.163	-0.607	0.337
SyringaeB728a_mexBdelta	Psyr_0685	Psyr_0685		PAAR	0.194	0.199	0.591	0.684	0.407	-0.870	1.563	-0.803	0.751	-0.026	0.128	0.631	0.280	-1.457	0.838	0.609	-0.012	1.475	0.883	0.682	1.676	1.203	0.522
SyringaeB728a_mexBdelta	Psyr_0686	Psyr_0686		hypothetical protein	0.803	0.430	0.133	1.141	0.096	-1.366	-0.578	-0.358	-0.552	0.439	-0.291	-0.619	-1.368	-2.585	-0.483	-0.402	-0.141	0.345	0.659	0.852	-0.426	-0.234	-0.618
SyringaeB728a_mexBdelta	Psyr_0688	Psyr_0688		transcriptional regulator, LysR family	-1.337	0.012	-1.364	-0.091	-0.287	-0.701	-1.771	-0.886	-1.487	-1.010	-0.892	-1.653	1.567	1.205	0.113	-0.660	-1.477	-0.384	0.248	-0.584	0.263	0.413	-0.238
SyringaeB728a_mexBdelta	Psyr_0689	Psyr_0689		methylmalonate-semialdehyde dehydrogenase (acylating)	1.503	0.821	0.472	1.100	0.772	-0.042	0.735	-0.086	0.228	0.804	0.352	0.649	-0.107	-0.794	2.045	1.754	1.120	1.239	1.633	1.307	0.651	2.002	2.016
SyringaeB728a_mexBdelta	Psyr_0690	Psyr_0690		3-hydroxyisobutyrate dehydrogenase	-0.484	0.677	1.834	0.157	1.788	2.840	-1.039	0.926	0.490	1.764	0.314	0.576	1.170	0.924	-0.569	1.357	0.425	0.331	0.278	0.694	0.408	1.111	1.201
SyringaeB728a_mexBdelta	Psyr_0691	Psyr_0691		gamma-glutamyltransferase 1, Threonine peptidase, MEROPS family T03	1.012	-0.012	0.147	-0.121	-0.467	-0.764	1.268	1.230	0.167	0.125	-0.552	0.030	-2.147	0.180	1.797	1.474	0.625	0.008	0.285	1.128	0.082	-0.442	0.386
SyringaeB728a_mexBdelta	Psyr_0692	Psyr_0692		Binding-protein-dependent transport systems inner membrane component	0.106	-0.284	-0.380	-0.785	-0.940	2.299	-2.215	1.377	-2.051	-0.410	1.297	0.159	1.145	2.798	0.675	1.192	1.815	2.327	0.945	-0.021	2.199	-0.176	1.189
SyringaeB728a_mexBdelta	Psyr_0693	Psyr_0693		Binding-protein-dependent transport systems inner membrane component	1.657	-0.112	-0.689	0.926	-1.698	3.315	1.397	0.873	0.100	1.316	0.798	0.631	0.822	1.792	0.630	0.545	2.089	1.554	0.620	0.304	0.199	0.581	0.416
SyringaeB728a_mexBdelta	Psyr_0694	Psyr_0694		ABC transporter	-1.228	-1.152	-0.347	-0.266	-2.348	0.505	-1.237	-1.928	-0.819	-1.412	-0.693	-1.559	-0.376	1.326	-0.304	0.069	-0.961	0.087	-0.270	-1.095	-1.510	-0.788	0.529
SyringaeB728a_mexBdelta	Psyr_0695	Psyr_0695		extracellular solute-binding protein, family 3	0.463	-0.724	0.616	1.151	-2.277	-0.032	-0.406	0.469	-0.447	0.759	0.118	0.153	0.125	-0.999	0.410	-0.438	0.122	0.070	0.302	0.447	-0.371	1.447	0.170
SyringaeB728a_mexBdelta	Psyr_0696	Psyr_0696		selenophosphate synthase	0.894	0.414	0.090	0.392	-1.666	0.535	0.991	0.954	-0.148	-0.738	0.284	0.672	0.510	1.384	0.641	-0.109	0.325	0.587	-0.045	-0.057	-0.509	0.654	-0.904
SyringaeB728a_mexBdelta	Psyr_0697	Psyr_0697		tRNA 2-selenouridine synthase	1.273	-0.364	-0.022	-0.873	-2.408	-0.107	0.271	0.056	-1.038	-0.027	-0.129	-0.183	-0.356	-0.350	0.884	1.262	0.504	0.740	0.149	1.466	0.645	1.208	-0.089
SyringaeB728a_mexBdelta	Psyr_0699	Psyr_0699		CDS	-0.460	2.356	0.423	0.158	0.414	-0.008	0.044	-0.558	1.436	0.497	0.478	1.477	0.490	-0.103	0.414	1.164	-0.195	-0.034	-0.552	-0.295	0.842	1.289	-0.456
SyringaeB728a_mexBdelta	Psyr_0704	Psyr_0704		glutamate 5-kinase	-0.151	-1.528	0.856	-0.692	0.050	-0.229	-0.280	0.420	0.020	-0.862	-1.480	-0.478	1.109	0.988	-0.526	-0.737	-1.712	0.229	-0.865	0.378	-1.846	-1.651	-0.420
SyringaeB728a_mexBdelta	Psyr_0705	Psyr_0705		CreA	0.164	0.213	-0.556	-0.840	-1.768	-2.813	-1.287	-1.008	-0.074	0.273	-0.981	-0.729	-0.912	-0.533	-0.374	0.258	-0.421	-1.025	-0.839	-0.729	-0.487	0.502	-1.762
SyringaeB728a_mexBdelta	Psyr_0706	Psyr_0706		Acyltransferase 3	-1.455	-0.750	-3.093	0.805	-1.804	-3.493	-0.821	-1.560	0.537	-1.312	-1.852	-1.318	-0.481	-1.071	-0.060	0.439	0.699	-0.455	0.225	-0.510	-1.739	0.707	-1.012
SyringaeB728a_mexBdelta	Psyr_0714	Psyr_0714		type IV pilus biogenesis protein	0.078	0.748	0.481	0.012	-0.803	-0.851	0.093	-0.679	0.456	-0.110	-0.462	0.685	-0.501	-0.884	0.473	-0.569	-1.262	-0.189	-1.150	-0.502	-0.283	-0.741	-0.794
SyringaeB728a_mexBdelta	Psyr_0715	Psyr_0715		pillin, putative	1.672	1.038	1.711	0.739	1.800	1.037	2.264	4.072	0.612	-0.247	-0.499	0.090	1.167	-0.912	0.372	0.316	0.240	1.005	0.779	0.848	0.530	0.831	-0.149
SyringaeB728a_mexBdelta	Psyr_0716	Psyr_0716		type IV pilus assembly protein PilV	0.846	0.578	1.090	1.023	0.808	-1.410	0.818	4.767	0.502	1.182	-0.797	-0.378	-0.031	-0.391	-0.472	0.171	1.336	0.989	-0.121	0.771	-0.512	1.144	0.669
SyringaeB728a_mexBdelta	Psyr_0717	Psyr_0717		type IV pilus assembly protein PilW	-1.024	0.286	0.417	-1.567	1.127	-1.700	0.628	3.049	-0.909	0.170	-1.087	0.765	-0.761	0.565	0.158	0.859	1.022	0.776	-0.218	1.516	0.721	0.312	-0.211
SyringaeB728a_mexBdelta	Psyr_0718	Psyr_0718		type IV pilus assembly protein PilX	0.811	-0.085	2.233	-0.928	2.688	1.171	0.785	2.369	1.364	0.726	0.104	1.058	-0.401	0.078	0.937	0.289	-0.145	0.257	0.372	0.847	-1.115	0.243	0.409
SyringaeB728a_mexBdelta	Psyr_0719	Psyr_0719		type IV pilus-associated protein, putative	-0.568	-0.287	0.924	-0.525	0.791	-1.801	1.051	4.430	-1.586	-0.522	-0.893	-0.125	0.052	-0.077	-0.301	-0.214	0.606	-0.080	-1.079	0.162	-0.916	-0.436	-0.570
SyringaeB728a_mexBdelta	Psyr_0720	Psyr_0720		Fimbrial protein pilin	-1.343	0.081	0.505	-0.258	1.186	-2.773	0.935	3.118	0.903	-1.305	-1.332	-1.484	-0.910	-2.174	0.289	-0.327	0.906	0.161	0.309	-0.173	-1.064	-0.063	0.269
SyringaeB728a_mexBdelta	Psyr_0721	Psyr_0721		glycine oxidase	0.470	-0.544	-0.723	-0.729	-0.419	1.095	0.577	-0.335	-0.870	-1.461	-0.677	-0.081	-0.452	-0.207	0.316	0.665	-0.807	0.152	-0.516	0.547	-0.001	0.826	0.004
SyringaeB728a_mexBdelta	Psyr_0722	Psyr_0722		Two-component response regulator PilR	1.212	-0.460	0.933	0.438	0.768	1.380	1.797	1.408	-0.182	0.730	0.361	-0.345	0.122	-0.030	1.311	1.293	2.129	1.520	0.699	1.323	1.738	0.013	0.881
SyringaeB728a_mexBdelta	Psyr_0723	Psyr_0723		Sensor protein PilS	-0.532	0.116	-1.031	0.046	-1.143	-0.139	-0.400	1.403	0.012	0.784	-0.125	0.688	-0.607	0.341	0.112	0.829	1.221	-0.163	0.459	0.394	0.172	0.663	0.380
SyringaeB728a_mexBdelta	Psyr_0726	Psyr_0726		ribosomal large subunit pseudouridine synthase D	-1.519	1.110	3.505	0.592	4.163	8.052	-0.332	-0.942	5.145	-0.714	2.043	0.009	1.352	6.924	-1.768	0.032	1.781	0.441	1.484	0.132	-1.723	0.878	-0.153
SyringaeB728a_mexBdelta	Psyr_0727	Psyr_0727		Protein of unknown function DUF152	-0.104	0.234	-2.453	0.598	-2.957	-0.407	-1.013	1.338	2.642	-0.569	-0.116	-0.376	-1.659	0.319	0.773	0.717	0.070	0.378	-0.104	0.168	-0.049	0.519	1.072
SyringaeB728a_mexBdelta	Psyr_0728	Psyr_0728		AAA ATPase, central region:Clp, N terminal:Clp, N terminal	0.599	-0.508	-2.113	-0.525	-1.224	-1.228	0.339	-1.053	-0.020	0.213	-0.548	0.287	0.241	1.916	0.944	0.603	-0.130	-0.743	0.037	0.039	0.003	0.134	-0.040
SyringaeB728a_mexBdelta	Psyr_0729	Psyr_0729		CDS	-0.090	0.314	-1.031	0.395	-1.080	-3.081	-0.560	-2.165	-0.273	0.403	-0.161	-0.061	0.269	-2.743	-0.010	0.669	0.292	1.483	0.521	0.617	-0.341	-0.053	-0.137
SyringaeB728a_mexBdelta	Psyr_0730	Psyr_0730		CDS	-0.072	-0.590	-2.005	-0.707	-0.806	-1.081	0.323	-0.992	-0.087	0.340	-1.035	0.001	-0.259	-2.426	0.045	0.871	0.001	0.529	0.487	1.057	-0.018	0.437	1.554
SyringaeB728a_mexBdelta	Psyr_0731	Psyr_0731		CDS	-2.898	-0.340	-1.256	-1.474	-0.451	-3.140	-0.926	-2.057	-1.103	-1.324	0.086	-0.962	-1.100	-0.373	-0.871	-0.469	0.340	0.107	-1.278	1.364	0.134	-0.289	0.450
SyringaeB728a_mexBdelta	Psyr_0733	Psyr_0733		Relaxase	-0.518	0.972	0.050	-0.636	0.303	-0.054	-0.769	-0.211	0.591	0.128	-0.625	-0.087	0.059	0.164	0.016	-0.931	1.044	0.443	0.783	-0.105	0.124	0.562	0.562
SyringaeB728a_mexBdelta	Psyr_0734	Psyr_0734		Protein of unknown function DUF159	-1.465	-0.621	1.141	0.100	-1.104	-0.210	0.749	-1.800	-1.623	0.531	-0.998	-0.391	0.234	0.382	-1.027	-0.539	-0.648	0.758	-0.733	-1.315	-0.758	-0.967	-0.414
SyringaeB728a_mexBdelta	Psyr_0735	Psyr_0735		Peptidase S24, S26A and S26B	-0.410	-0.299	-1.550	-0.464	-0.718	-2.322	-0.340	-2.708	-1.083	-2.017	-1.820	-0.600	-0.617	-1.922	1.615	-1.290	-0.075	-0.005	-0.006	-0.415	-0.111	-0.330	1.504
SyringaeB728a_mexBdelta	Psyr_0736	Psyr_0736		umuC protein	-3.080	-0.658	-2.214	-1.177	-1.611	-0.945	-1.711	-1.092	-3.171	-3.796	-1.541	-1.786	-0.619	-2.257	-0.975	-1.030	-1.816	-0.518	-1.649	-1.127	-2.023	-1.146	-0.998
SyringaeB728a_mexBdelta	Psyr_0737	Psyr_0737		putative transmembrane protein	-1.799	-1.507	-2.694	-1.963	-2.264	-1.597	-1.355	-1.877	-2.915	-2.061	-1.530	-3.197	0.665	-0.787	-0.009	0.187	-1.234	-0.947	-0.688	-1.011	-0.338	-1.586	-0.076
SyringaeB728a_mexBdelta	Psyr_0738	Psyr_0738		type III effector protein AvrRpm1	-0.043	-1.690	0.016	-1.079	0.785	-1.222	-0.525	-2.207	-0.425	-1.282	-0.990	-1.061	0.762	-0.712	-0.080	0.531	-0.833	-0.156	-0.016	1.507	0.824	1.021	-0.689
SyringaeB728a_mexBdelta	Psyr_0739	Psyr_0739		CDS	-0.400	-0.690	0.912	-0.524	0.065	-0.642	0.523	0.827	-0.570	0.972	-0.088	0.954	-1.051	-1.116	-0.878	-1.506	-0.564	-0.178	0.823	-0.325	-0.691	-0.354	-0.125
SyringaeB728a_mexBdelta	Psyr_0740	Psyr_0740		CDS	-0.442	-0.062	-0.663	-1.368	-0.411	-1.833	-0.289	-1.253	0.293	-0.384	-0.272	-0.642	-0.475	-0.186	-0.236	-0.543	-0.337	-0.796	0.506	-0.874	-0.370	-0.916	-1.022
SyringaeB728a_mexBdelta	Psyr_0741	Psyr_0741		transcriptional regulator, TetR family	-0.396	-0.765	-1.252	-1.299	0.749	-2.309	-0.029	-1.688	-1.346	-0.264	-1.357	-0.564	-0.703	-0.383	-0.804	-0.869	0.068	-0.870	-0.337	-0.890	-0.665	-0.580	-0.484
SyringaeB728a_mexBdelta	Psyr_0742	Psyr_0742		Enoyl-CoA hydratase/isomerase	-1.762	-1.357	-1.598	-1.346	-1.753	-0.008	-0.381	-2.271	-2.191	-0.934	-1.597	-2.643	-0.385	-0.909	-1.195	0.273	-0.397	-2.385	-0.703	-0.825	0.053	0.216	-1.720
SyringaeB728a_mexBdelta	Psyr_0743	Psyr_0743		CDS	0.105	0.652	-0.274	-1.328	-0.009	-0.689	-0.102	-1.206	0.045	0.154	-0.425	-0.613	-0.955	-0.061	-0.405	0.369	-0.879	-0.858	-0.926	-0.895	-0.633	-1.669	-1.400
SyringaeB728a_mexBdelta	Psyr_0744	Psyr_0744		CDS	-0.325	0.752	-0.224	-0.551	-1.309	-2.087	-0.396	-1.114	0.864	0.381	0.388	-1.371	0.401	-1.168	0.727	1.646	0.481	-0.472	-0.216	1.473	-0.253	-0.089	0.044
SyringaeB728a_mexBdelta	Psyr_0745	Psyr_0745		CDS	-0.745	-1.702	-1.372	0.014	-2.080	-1.986	-0.752	-1.461	-0.354	-1.570	-2.797	-2.955	0.997	0.651	-1.692	-2.204	-2.555	-2.031	-2.657	-2.868	-1.851	-2.366	-0.679
SyringaeB728a_mexBdelta	Psyr_0746	Psyr_0746		IS66 Orf2 like protein	1.196	0.168	0.496	-0.227	0.337	-0.507	0.443	-0.317	-0.068	0.029	0.341	0.052	0.968	0.731	1.437	2.083	0.173	0.299	-0.196	1.447	1.364	0.923	1.782
SyringaeB728a_mexBdelta	Psyr_0747	Psyr_0747		CDS	0.235	-0.385	0.675	0.524	0.434	1.584	0.525	1.131	0.508	0.848	0.700	-0.270	0.974	1.382	0.033	0.453	-0.176	0.587	0.068	-0.144	0.549	0.511	-0.134
SyringaeB728a_mexBdelta	Psyr_0748	Psyr_0748		Major facilitator superfamily	-1.636	-1.663	-2.105	-0.217	-1.366	-5.351	-1.106	-2.787	-1.455	-1.410	-2.177	-2.066	0.604	-0.738	-1.538	-1.021	-1.572	-0.893	-1.088	-0.691	-1.828	-1.236	-1.598
SyringaeB728a_mexBdelta	Psyr_0749	Psyr_0749		AMP-dependent synthetase and ligase	-0.267	-0.328	-0.891	-0.471	-0.755	-2.566	-1.069	-1.863	-0.101	-0.784	-1.699	-0.967	-0.137	-1.591	-0.331	0.436	0.317	-0.299	-0.084	-0.179	-1.121	-0.390	0.290
SyringaeB728a_mexBdelta	Psyr_0750	Psyr_0750		conserved hypothetical protein	-0.372	-0.463	-1.174	-0.643	-1.517	-2.701	-0.772	-0.841	-0.766	-1.053	-1.374	-1.869	-1.034	-0.764	-0.730	-0.867	-0.416	-0.189	0.544	-0.106	0.121	0.186	-0.617
SyringaeB728a_mexBdelta	Psyr_0751	Psyr_0751		ISPs1, transposase OrfB	-0.241	-0.358	0.360	1.308	1.083	-0.757	1.708	0.666	-0.006	0.615	0.937	-1.192	-1.215	-1.053	0.252	-0.206	-0.682	0.557	-0.392	-0.693	-0.474	-1.515	-1.750
SyringaeB728a_mexBdelta	Psyr_0752	Psyr_0752		conserved hypothetical protein	-1.773	-0.884	-1.226	-0.917	-0.909	-2.677	-1.074	-2.035	1.229	-1.214	-1.996	-1.401	-1.138	-1.612	-0.155	-0.616	-0.570	-0.472	-0.487	-0.079	-0.060	-0.145	-0.321
SyringaeB728a_mexBdelta	Psyr_0753	Psyr_0753		Protein of unknown function DUF187	-0.642	-0.483	-1.532	-1.073	-0.774	-1.212	-0.292	-1.032	-0.598	-0.818	-0.548	-0.267	-0.714	-2.304	-1.081	-0.777	0.370	0.161	0.334	0.526	-0.564	0.024	-0.202
SyringaeB728a_mexBdelta	Psyr_0754	Psyr_0754		Levansucrase	1.091	0.042	-0.361	-0.423	-0.223	1.585	0.239	-0.222	-0.150	0.206	0.335	-0.509	-2.593	-3.453	-1.309	-0.364	-0.259	-0.380	-1.380	-0.663	-0.592	-0.388	0.197
SyringaeB728a_mexBdelta	Psyr_0755	Psyr_0755		conserved hypothetical protein	0.136	-0.927	0.622	-0.266	-0.534	0.737	0.814	1.178	0.635	-0.307	-0.087	0.474	-0.898	-1.032	0.992	1.400	0.173	0.620	-0.061	-0.188	-0.779	0.847	0.921
SyringaeB728a_mexBdelta	Psyr_0756	Psyr_0756		indole-3-glycerol phosphate synthase	-0.118	-0.737	1.456	0.550	0.657	-0.126	-0.026	-0.219	-0.496	0.463	0.303	0.429	0.560	0.594	-0.319	0.259	0.252	-0.892	-0.153	-0.378	-0.241	0.415	-0.724
SyringaeB728a_mexBdelta	Psyr_0758	Psyr_0758		beta-fructofuranosidase	-0.079	-0.456	-0.522	-0.030	-1.650	0.403	-0.387	-0.564	-1.067	0.401	-0.202	-0.204	-0.110	-1.341	-0.169	1.260	0.614	0.373	-0.256	0.464	-0.086	-0.082	-0.011
SyringaeB728a_mexBdelta	Psyr_0759	Psyr_0759		carbohydrate ABC transporter ATP-binding protein, CUT1 family	-0.469	-0.395	-0.118	-0.832	-1.848	1.208	-0.312	-0.471	-0.615	-0.582	-0.163	-0.774	0.022	-1.920	-0.806	0.119	-0.918	-1.666	-1.569	0.172	-1.318	-0.822	0.115
SyringaeB728a_mexBdelta	Psyr_0760	Psyr_0760		carbohydrate ABC transporter membrane protein 2, CUT1 family	1.286	-0.055	-0.696	0.181	-0.814	0.911	0.462	-1.052	-0.078	-0.157	0.208	-0.842	-0.590	-0.559	-1.035	-0.027	0.542	-1.481	-0.018	-0.890	0.210	-0.625	-1.134
SyringaeB728a_mexBdelta	Psyr_0761	Psyr_0761		carbohydrate ABC transporter membrane protein 1, CUT1 family	0.593	-1.806	-1.770	-1.806	0.364	-0.740	-0.889	-0.916	-1.065	0.113	-0.270	-1.929	-0.116	-1.558	-0.915	1.358	-1.335	0.095	-0.459	-0.033	0.050	0.340	-0.339
SyringaeB728a_mexBdelta	Psyr_0762	Psyr_0762		carbohydrate ABC transporter substrate-binding protein, CUT1 family	0.223	-0.080	-0.435	-1.004	-1.041	0.188	-1.791	-2.028	-1.073	0.430	-1.500	-0.599	0.244	1.764	0.125	-0.085	0.717	-0.326	0.402	-0.029	0.267	0.085	1.124
SyringaeB728a_mexBdelta	Psyr_0763	Psyr_0763		Porin, LamB type	-0.167	-0.397	-0.250	-0.702	-0.246	0.007	0.765	-0.038	-1.118	-1.014	-0.669	-1.135	-0.748	-0.006	-1.048	-0.777	-0.884	-0.956	-1.391	-0.512	-1.126	-0.812	-0.943
SyringaeB728a_mexBdelta	Psyr_0764	Psyr_0764		gluconolactonase	-1.092	-0.858	-1.157	-0.790	-0.882	-1.566	-0.948	-0.144	-1.121	-0.458	-1.148	-1.019	0.388	-0.074	0.204	-1.042	-1.077	-0.646	0.093	0.594	-0.457	-1.086	0.111
SyringaeB728a_mexBdelta	Psyr_0765	Psyr_0765		conserved hypothetical protein	0.754	1.050	0.366	-0.155	0.390	1.432	0.839	0.204	-1.173	0.025	0.579	0.687	0.493	-0.251	1.444	1.204	0.238	0.233	0.796	0.604	1.273	0.680	-0.219
SyringaeB728a_mexBdelta	Psyr_0766	Psyr_0766		Protein of unknown function DUF1440	0.014	1.042	-0.305	0.005	-0.384	-1.990	1.277	-0.732	0.238	0.503	-1.044	0.096	-0.309	-0.754	0.314	-0.299	-0.565	0.890	0.480	0.229	0.684	0.645	1.277
SyringaeB728a_mexBdelta	Psyr_0767	Psyr_0767		transcriptional regulator, LysR family	0.748	1.121	-0.862	0.126	-0.424	0.024	1.071	-0.995	0.442	0.120	0.778	0.132	-1.645	0.680	-0.646	0.039	-1.744	-0.522	-0.313	0.720	-0.160	-0.275	-0.689
SyringaeB728a_mexBdelta	Psyr_0769	Psyr_0769		conserved hypothetical membrane-anchored protein	0.092	0.385	-1.676	-0.302	-0.764	-2.958	0.203	-0.522	-0.106	-0.096	-0.666	-0.308	-1.116	-0.454	-1.347	-1.069	-0.661	-0.686	0.167	-0.701	-1.869	-1.001	-0.180
SyringaeB728a_mexBdelta	Psyr_0770	Psyr_0770		conserved hypothetical protein	-0.066	-0.174	0.000	-0.245	0.371	-1.005	-0.735	-1.528	0.277	0.359	-0.427	0.555	-0.606	-1.609	-1.231	-1.847	-0.908	-1.777	-1.179	-0.280	-0.612	-1.463	-0.557
SyringaeB728a_mexBdelta	Psyr_0771	Psyr_0771		acetylornithine deacetylase	-0.194	1.189	-0.298	-0.306	0.943	0.098	0.066	0.402	-1.982	-0.614	-0.427	-0.204	-1.052	-1.048	1.860	1.693	0.102	0.334	0.982	1.165	-0.498	1.010	0.018
SyringaeB728a_mexBdelta	Psyr_0772	Psyr_0772		Protein of unknown function DUF1355	0.519	1.239	0.675	2.268	2.313	0.504	1.175	1.034	3.307	1.087	0.531	0.240	0.767	0.949	0.156	-0.150	0.785	0.076	1.291	-0.632	0.357	0.934	0.465
SyringaeB728a_mexBdelta	Psyr_0773	Psyr_0773		Aryldialkylphosphatase	0.264	0.405	1.357	0.252	0.906	1.658	-0.058	0.841	0.730	2.421	0.222	0.753	-1.405	1.148	0.465	-0.499	0.087	1.153	0.297	0.483	-0.310	0.198	0.377
SyringaeB728a_mexBdelta	Psyr_0774	Psyr_0774		monosaccharide ABC transporter membrane protein, CUT2 family	-0.832	-0.484	-0.515	-0.713	-1.078	0.921	-1.855	-0.985	0.358	-1.576	-1.278	-0.713	0.913	-1.130	-0.156	-0.680	-0.289	0.382	-1.167	0.422	0.297	0.060	-0.191
SyringaeB728a_mexBdelta	Psyr_0775	Psyr_0775		monosaccharide ABC transporter ATP-binding protein, CUT2 family	0.355	0.617	-0.532	1.329	0.279	1.415	0.488	-0.401	0.909	0.451	1.036	1.910	0.083	0.729	0.735	0.006	-0.068	0.219	1.211	0.073	2.778	0.527	1.318
SyringaeB728a_mexBdelta	Psyr_0776	Psyr_0776		monosaccharide ABC transporter substrate-binding protein, CUT2 family	-1.168	0.428	-0.527	0.255	0.377	-0.474	0.450	-0.505	-1.047	-0.167	-0.696	-0.187	0.019	-0.009	0.760	0.567	0.499	1.014	1.044	1.398	0.196	1.194	-0.349
SyringaeB728a_mexBdelta	Psyr_0777	Psyr_0777		transcriptional regulator, LacI family	0.453	0.407	-0.663	-0.340	-0.602	2.905	0.423	0.007	-1.230	-0.892	-0.953	0.527	1.405	1.506	0.974	0.889	0.654	1.898	0.240	0.031	-0.057	1.293	1.832
SyringaeB728a_mexBdelta	Psyr_0778	Psyr_0778		type III effector HopAG1	-1.643	-2.253	-1.860	-1.579	-1.413	-3.301	-1.025	-2.492	-1.564	-1.404	-2.560	-2.802	-0.862	-1.833	-0.959	-0.416	-0.498	-0.775	-0.377	-1.111	-1.152	-1.562	-0.323
SyringaeB728a_mexBdelta	Psyr_0779	Psyr_0779		type III effector HopAH1	1.575	0.084	-0.324	0.153	-0.472	0.793	0.264	-2.161	-0.543	0.066	0.602	0.187	-0.247	-1.255	0.770	-0.160	0.465	1.999	0.922	0.626	1.201	0.326	1.394
SyringaeB728a_mexBdelta	Psyr_0781	Psyr_0781		Protein-glutamate methylesterase	-0.378	0.795	0.501	-1.055	0.134	0.830	0.252	-1.517	0.314	-1.447	0.410	0.166	0.943	0.277	2.309	1.701	1.538	0.588	0.962	1.801	0.968	-0.096	0.902
SyringaeB728a_mexBdelta	Psyr_0782	Psyr_0782		CheD	-0.220	-1.574	0.446	-0.690	-1.465	-1.808	1.652	-0.529	-1.300	0.591	0.077	1.038	-1.173	0.252	-1.236	0.164	0.964	-0.763	-0.576	0.022	-0.988	-0.119	1.478
SyringaeB728a_mexBdelta	Psyr_0783	Psyr_0783		MCP methyltransferase, CheR-type	-0.314	0.300	-0.854	0.904	-0.319	-0.615	-1.304	-0.116	-0.458	-0.153	-0.349	-0.673	0.279	-0.097	-0.744	0.005	0.899	0.037	0.401	0.065	-0.325	-0.248	-0.765
SyringaeB728a_mexBdelta	Psyr_0785	Psyr_0785		Histidine kinase, HAMP region:Bacterial chemotaxis sensory transducer	0.578	1.586	0.590	0.630	0.702	-0.013	0.206	-0.734	-0.264	-0.708	-0.010	0.720	2.279	1.364	1.211	1.244	-0.307	1.244	-0.884	0.127	1.556	0.274	1.702
SyringaeB728a_mexBdelta	Psyr_0786	Psyr_0786		CheW-like protein:ATP-binding region, ATPase-like:Signal transducing histidine kinase, homodimeric:Hpt	2.535	0.739	1.991	2.642	1.389	1.736	1.226	1.437	1.110	0.748	2.696	1.279	-0.240	-0.078	-0.429	-0.151	-0.517	-0.420	0.220	-1.099	-0.507	-1.077	0.193
SyringaeB728a_mexBdelta	Psyr_0787	Psyr_0787		Sulfate transporter/antisigma-factor antagonist STAS	1.230	0.742	0.888	0.172	0.240	0.658	1.233	-0.564	0.058	0.540	0.718	1.087	0.844	0.580	0.503	-0.739	0.452	0.421	0.100	0.046	0.382	-0.457	0.537
SyringaeB728a_mexBdelta	Psyr_0788	Psyr_0788		Response regulator receiver	0.076	0.007	0.454	0.597	-0.976	0.344	-0.760	-1.564	-1.384	-0.026	-0.157	-0.053	0.001	-0.416	0.104	0.567	0.058	1.429	0.189	1.076	0.279	1.555	0.117
SyringaeB728a_mexBdelta	Psyr_0789	Psyr_0789		chemotaxis sensory transducer	0.465	1.587	0.538	3.090	1.315	0.943	1.338	1.847	-0.457	2.440	2.129	0.928	-0.275	-0.862	1.449	1.182	1.985	2.155	2.696	1.408	0.527	0.797	2.052
SyringaeB728a_mexBdelta	Psyr_0790	Psyr_0790		FAD-dependent pyridine nucleotide-disulfide oxidoreductase	1.310	0.371	1.193	-0.953	1.256	1.729	1.052	0.710	0.757	0.349	0.474	0.544	-0.036	-1.691	0.933	1.169	1.284	-1.375	-1.113	0.452	-0.188	-0.801	1.323
SyringaeB728a_mexBdelta	Psyr_0792	Psyr_0792		conserved hypothetical protein	0.859	0.069	0.232	-0.089	-0.074	0.222	-0.164	-0.719	-0.414	0.641	0.266	-0.309	-0.265	-1.588	0.596	-0.088	0.349	0.625	1.505	1.152	-0.132	-0.385	0.680
SyringaeB728a_mexBdelta	Psyr_0793	Psyr_0793		conserved hypothetical protein	0.965	1.003	1.162	1.005	0.720	-1.239	1.496	-0.898	0.561	1.184	1.099	2.321	-1.640	-1.710	-0.309	1.029	0.370	0.145	0.317	0.858	0.102	-0.049	0.967
SyringaeB728a_mexBdelta	Psyr_0796	Psyr_0796		type 4 prepilin peptidase 1, Aspartic peptidase, MEROPS family A24A	1.058	0.708	-0.009	-1.069	0.818	1.994	0.706	4.671	0.407	-0.360	1.216	0.315	0.720	2.415	-0.296	-0.267	0.809	-1.118	-0.070	0.431	0.983	0.328	-0.988
SyringaeB728a_mexBdelta	Psyr_0797	Psyr_0797		type II secretion system protein	-1.804	-0.459	-0.850	-0.614	0.825	-1.214	0.019	3.908	1.647	-0.554	-1.126	-2.020	-0.285	-0.362	-0.417	-0.773	-0.662	-1.273	-0.392	0.099	-0.953	-0.244	-0.096
SyringaeB728a_mexBdelta	Psyr_0798	Psyr_0798		type II secretion system protein E:General secretory system II, protein E, N-terminal	-2.190	-0.594	-0.534	-0.409	2.189	-1.356	0.797	3.986	0.581	-0.716	-1.281	-1.025	1.154	-0.562	-0.265	-0.322	0.577	0.587	0.387	0.255	-0.486	-0.269	-0.054
SyringaeB728a_mexBdelta	Psyr_0799	Psyr_0799		Fimbrial protein pilin	-0.423	1.099	1.095	0.712	1.790	2.165	-0.755	2.956	-1.382	1.207	-0.201	2.372	-3.173	-0.161	-0.438	-1.852	-1.675	-1.404	-1.888	-1.980	-2.042	-2.027	-1.092
SyringaeB728a_mexBdelta	Psyr_0800	Psyr_0800		Protein of unknown function DUF1523	-0.098	0.394	0.386	0.288	0.932	0.508	-0.488	-0.893	0.115	0.275	-0.713	0.600	-0.324	-0.215	-0.333	-0.249	-0.427	0.063	-0.546	-0.876	-1.203	-2.293	-1.914
SyringaeB728a_mexBdelta	Psyr_0801	Psyr_0801		conserved hypothetical protein	-0.673	-0.369	-0.357	-0.545	-0.186	1.889	-1.226	-0.318	-0.428	-0.784	0.426	-0.794	1.151	2.169	1.278	-0.484	0.442	1.745	0.020	1.206	0.660	0.873	0.746
SyringaeB728a_mexBdelta	Psyr_0802	Psyr_0802		Peptidase S1, chymotrypsin	-1.922	-0.424	-1.669	-1.328	-2.625	-2.833	-2.289	-1.766	-0.313	-1.578	-1.908	-0.665	1.702	-0.564	-1.665	0.307	0.539	0.446	-0.476	0.470	0.500	0.600	0.191
SyringaeB728a_mexBdelta	Psyr_0803	Psyr_0803		conserved hypothetical protein	-0.105	-0.183	-0.701	0.094	0.496	-0.234	0.423	0.203	0.245	0.183	-0.324	0.227	-2.127	-1.185	1.171	1.285	2.025	1.297	0.575	1.797	2.049	0.511	0.178
SyringaeB728a_mexBdelta	Psyr_0804	Psyr_0804		conserved hypothetical protein	0.184	0.281	1.242	0.056	-0.887	0.591	-0.331	0.544	0.198	-0.820	-2.178	0.395	0.078	-0.472	-1.048	0.643	-0.585	-1.313	-1.131	-0.983	-0.227	-0.504	-0.976
SyringaeB728a_mexBdelta	Psyr_0805	Psyr_0805		conserved hypothetical protein	0.530	-1.176	-0.625	-1.269	-1.540	-0.770	-0.652	-2.432	-0.843	-0.808	0.059	-0.973	-0.402	-0.292	0.283	0.063	-0.438	-0.294	-0.319	0.694	0.108	0.880	-0.069
SyringaeB728a_mexBdelta	Psyr_0806	Psyr_0806		conserved hypothetical protein	0.591	-0.453	-1.269	-0.781	-1.223	1.359	-0.487	-0.155	-1.630	-0.165	-0.642	-1.227	0.038	2.827	-0.617	-2.290	-1.439	-0.735	-1.715	-1.296	-0.623	-0.532	-0.526
SyringaeB728a_mexBdelta	Psyr_0808	Psyr_0808		stress protein	0.891	0.601	-0.099	0.620	-0.503	1.182	-0.432	1.982	1.112	-1.041	0.040	1.034	0.713	0.315	0.746	0.219	0.588	1.295	1.559	1.437	0.685	0.281	0.450
SyringaeB728a_mexBdelta	Psyr_0809	Psyr_0809		stress protein	0.429	-0.435	0.006	-0.327	0.258	3.613	1.091	0.164	0.024	0.877	0.056	0.630	0.788	0.101	-0.795	-1.581	-0.961	-1.551	-0.734	-0.863	-1.026	-1.106	-1.895
SyringaeB728a_mexBdelta	Psyr_0811	Psyr_0811		Integral membrane protein TerC	-0.987	0.362	-0.897	-0.215	1.792	4.183	-0.822	-0.031	0.810	-0.152	-3.290	-0.054	0.404	-0.205	-1.483	-0.023	-1.111	0.454	-0.078	-0.604	-1.496	-1.046	-0.564
SyringaeB728a_mexBdelta	Psyr_0812	Psyr_0812		stress protein	-0.817	0.677	0.820	1.427	0.641	3.759	0.913	1.522	0.374	0.175	1.300	0.175	1.095	-1.609	0.382	1.806	0.733	2.239	0.308	1.751	2.140	0.484	0.864
SyringaeB728a_mexBdelta	Psyr_0813	Psyr_0813		stress protein	0.150	-1.407	-0.833	-0.274	-0.963	2.139	-1.803	-0.297	-0.755	-0.085	-1.104	0.226	-0.334	-1.475	-2.311	-1.191	-0.871	-0.636	-1.357	-0.379	-1.117	-1.054	-1.109
SyringaeB728a_mexBdelta	Psyr_0814	Psyr_0814		Protein of unknown function DUF124	1.199	2.048	0.076	1.454	-0.164	0.894	0.255	-0.356	0.374	1.309	0.082	1.125	0.358	0.127	-1.744	-0.831	-0.501	-0.789	-1.146	-0.106	-0.995	0.332	-0.647
SyringaeB728a_mexBdelta	Psyr_0815	Psyr_0815		nicotinate-nucleotide pyrophosphorylase (carboxylating)	2.031	-0.095	-0.304	-0.032	1.931	1.757	-1.000	0.948	0.800	-0.314	0.413	1.740	-0.449	1.516	0.225	0.501	-0.207	-0.858	-0.641	-0.042	0.063	-0.000	-0.883
SyringaeB728a_mexBdelta	Psyr_0816	Psyr_0816		conserved hypothetical protein	0.849	0.461	-1.162	-0.156	0.404	-0.155	-0.208	0.148	0.265	-0.678	0.056	1.287	-0.234	0.425	1.269	-0.183	-0.092	0.832	1.106	0.381	1.243	0.237	0.174
SyringaeB728a_mexBdelta	Psyr_0817	Psyr_0817		N-acetylmuramoyl-L-alanine amidase, family 2	-0.362	-1.056	-1.915	-1.126	-0.955	-0.356	-2.269	3.020	0.581	-0.078	-1.073	-0.419	0.415	3.227	-2.208	-0.950	0.056	-2.984	-1.341	-0.059	-1.968	-0.053	2.129
SyringaeB728a_mexBdelta	Psyr_0818	Psyr_0818		ampE protein	-0.530	0.958	0.432	0.701	0.528	-0.011	0.903	1.309	-1.105	-1.243	-0.457	0.793	0.529	0.879	0.009	-0.632	-0.375	-1.834	-1.732	-0.745	0.128	0.760	-1.364
SyringaeB728a_mexBdelta	Psyr_0819	Psyr_0819		TatD-related deoxyribonuclease	0.129	0.789	2.726	0.716	1.879	1.475	1.196	0.346	0.981	0.939	0.890	0.749	0.180	-0.865	0.744	-0.021	2.439	0.476	0.789	0.989	0.780	2.286	0.221
SyringaeB728a_mexBdelta	Psyr_0820	Psyr_0820		transcriptional regulator, LacI family	-1.007	-1.053	-0.449	-0.486	-0.561	-0.836	0.254	0.268	-1.982	-0.294	-0.010	-0.464	-1.384	-1.904	-0.618	0.040	-0.127	-1.839	-0.259	-1.970	-0.407	-0.582	-2.451
SyringaeB728a_mexBdelta	Psyr_0821	Psyr_0821		PTS system D-fructose-specific IIA component (F1P-forming), Frc family / Phosphocarrier protein HPr / phosphoenolpyruvate--protein phosphotransferase	0.526	-0.502	0.025	-1.086	-0.824	0.336	0.230	-0.651	0.469	-0.945	-0.652	0.296	0.139	-0.555	-0.787	-0.278	0.534	-0.533	-0.548	-0.890	-0.411	0.240	-0.595
SyringaeB728a_mexBdelta	Psyr_0822	Psyr_0822		1-phosphofructokinase	-0.779	-0.178	-1.168	0.044	1.930	-0.586	0.221	0.228	1.011	0.925	0.253	-1.442	-0.819	-0.053	-1.117	-0.315	0.494	-0.325	1.123	1.351	0.725	0.726	-0.615
SyringaeB728a_mexBdelta	Psyr_0823	Psyr_0823		PTS system D-fructose-specific IIB component (F1P-forming), Frc family / PTS system D-fructose-specific IIC component (F1P-forming), Frc family	0.778	0.800	-0.446	0.127	-0.485	0.973	1.263	-0.448	0.417	0.309	-0.020	0.797	0.196	0.561	0.895	0.453	0.145	0.866	0.036	1.202	1.568	-1.189	1.514
SyringaeB728a_mexBdelta	Psyr_0824	Psyr_0824		acetyl-CoA acetyltransferase	2.087	1.053	1.048	1.968	1.377	1.749	1.260	-0.196	0.799	0.760	0.951	1.994	-0.005	0.781	1.390	0.828	1.478	1.538	0.527	1.324	1.544	1.026	-0.040
SyringaeB728a_mexBdelta	Psyr_0825	Psyr_0825		conserved hypothetical protein	1.632	1.213	-0.574	0.464	-0.463	1.153	0.393	0.716	-0.471	-0.099	0.361	0.270	-0.075	1.225	0.128	1.064	-0.014	0.602	-0.028	-0.800	-0.053	-0.467	0.914
SyringaeB728a_mexBdelta	Psyr_0826	Psyr_0826		glucose-6-phosphate isomerase	-8.285	-7.515	-8.126	-7.854	-9.122	24.205	-7.325	3.363	-6.520	-7.338	-9.584	-7.537	-6.259	14.287	-9.626	-9.605	-4.883	-10.800	-10.790	-11.583	-8.813	-8.455	-10.317
SyringaeB728a_mexBdelta	Psyr_0827	Psyr_0827		pantothenate synthetase	-1.698	-2.872	2.696	-3.191	0.136	15.377	-1.156	1.407	-3.240	-2.408	-1.526	-1.192	-0.703	-1.081	-1.525	-1.485	0.731	-0.959	-3.095	-1.879	-2.353	-1.994	-1.206
SyringaeB728a_mexBdelta	Psyr_0828	Psyr_0828		ketopantoate hydroxymethyltransferase	-0.991	0.806	-0.707	0.262	0.323	2.003	-0.543	1.327	-1.714	0.408	0.780	-0.804	1.636	0.824	-2.174	-0.426	-0.518	0.172	-0.152	-0.140	-1.046	-0.710	-0.484
SyringaeB728a_mexBdelta	Psyr_0830	Psyr_0830		Poly(A) polymerase	-1.724	-3.870	-2.774	-3.033	-3.315	7.589	-2.307	-5.497	-1.980	-1.706	-2.146	-2.103	-2.136	-2.469	-4.551	-2.996	-2.363	-3.432	-3.509	-4.523	-3.475	-3.973	-4.098
SyringaeB728a_mexBdelta	Psyr_0832	Psyr_0832		Two-component sensor kinase CbrA	-2.912	-2.331	1.755	-1.286	-0.648	8.842	-1.398	1.360	-3.831	-2.274	-0.419	-3.045	-0.732	-0.771	-2.483	-1.273	0.935	-1.062	-1.521	-0.338	-1.983	-1.297	-1.136
SyringaeB728a_mexBdelta	Psyr_0833	Psyr_0833		conserved hypothetical protein	1.464	-0.137	1.001	1.110	1.288	0.820	1.032	-0.345	0.386	0.319	1.820	1.019	0.450	0.037	1.001	0.735	-0.257	1.506	-0.520	0.560	0.955	-0.529	0.866
SyringaeB728a_mexBdelta	Psyr_0834	Psyr_0834		Glutamyl-tRNA synthetase, class Ic	-0.537	-0.245	-3.166	0.091	-0.875	-1.111	-1.061	-0.003	0.519	-1.714	-0.537	0.565	-0.138	-0.667	0.934	0.983	1.363	0.543	0.829	-0.641	0.674	1.746	1.142
SyringaeB728a_mexBdelta	Psyr_0835	Psyr_0835		transcriptional regulator, TraR/DksA family	-0.648	-2.394	-0.526	-0.261	0.767	-2.693	-0.633	-0.797	-2.653	-1.101	-1.836	-1.909	-2.493	-3.151	-2.762	-1.655	-3.768	-2.265	-2.606	-3.321	-2.991	-2.292	-3.961
SyringaeB728a_mexBdelta	Psyr_0836	Psyr_0836		Aminotransferase, class I and II	0.728	1.324	0.162	0.446	0.930	0.608	0.886	0.764	-0.472	0.685	0.617	0.895	0.314	0.419	0.519	1.394	-0.022	-0.067	0.577	-1.059	0.613	0.512	0.711
SyringaeB728a_mexBdelta	Psyr_0837	Psyr_0837		Sugar fermentation stimulation protein	1.797	0.334	0.116	1.511	1.166	0.970	2.817	0.588	0.815	2.061	1.962	1.362	-0.941	-1.343	1.030	0.707	0.250	1.210	0.976	0.909	1.020	1.571	1.444
SyringaeB728a_mexBdelta	Psyr_0838	Psyr_0838		Rieske [2Fe-2S] region	-0.574	-0.997	-1.577	-0.985	0.293	-2.242	1.288	-0.445	-0.147	0.002	-0.893	-0.384	-0.717	-0.351	1.122	2.459	1.276	0.807	2.950	1.448	1.336	3.288	1.005
SyringaeB728a_mexBdelta	Psyr_0839	Psyr_0839		Deoxyribose-phosphate aldolase	-0.486	0.626	0.674	0.610	0.193	0.546	-0.430	1.081	-0.881	1.850	1.695	1.273	-0.250	0.416	1.399	1.407	1.208	0.459	0.908	0.952	0.853	1.488	0.579
SyringaeB728a_mexBdelta	Psyr_0840	Psyr_0840		Pentapeptide repeat protein	0.866	0.141	-0.887	1.336	-0.446	-0.581	0.896	-0.138	-0.157	-0.019	0.869	1.647	1.532	0.679	0.183	0.730	-0.433	-0.405	0.689	0.377	0.770	0.520	-0.090
SyringaeB728a_mexBdelta	Psyr_0841	Psyr_0841		conserved hypothetical protein	-1.332	-0.906	-1.392	-0.674	-0.367	4.054	-1.267	0.131	0.598	0.074	-1.102	-1.387	-2.386	-0.022	0.937	0.725	2.253	-0.395	-0.474	1.810	-0.237	-0.950	-0.159
SyringaeB728a_mexBdelta	Psyr_0842	Psyr_0842		Peptidoglycan glycosyltransferase	0.477	1.277	0.634	1.128	-0.612	-12.490	0.814	-0.517	-0.471	1.528	1.885	1.140	-1.450	-0.459	1.763	1.827	0.348	1.882	1.269	1.066	0.970	1.092	1.591
SyringaeB728a_mexBdelta	Psyr_0843	Psyr_0843		TPR repeat protein	1.608	0.968	-2.704	1.461	1.461	-5.888	-0.017	-0.889	3.098	1.774	1.496	1.611	-0.075	3.891	0.739	1.647	0.276	1.544	0.909	2.390	1.076	1.929	2.014
SyringaeB728a_mexBdelta	Psyr_0844	Psyr_0844		Protein of unknown function DUF446	-0.291	1.459	1.047	-0.847	0.213	2.087	0.960	1.700	0.367	0.129	0.871	-0.045	0.944	4.352	0.520	-0.021	-0.818	0.900	-0.260	0.709	-0.077	-0.277	1.254
SyringaeB728a_mexBdelta	Psyr_0845	Psyr_0845		conserved hypothetical protein	0.366	1.671	0.210	-0.122	-0.085	-1.583	0.555	-1.157	1.018	-0.501	0.414	0.997	-1.673	0.897	-0.178	0.602	-0.307	-0.606	-0.341	1.809	1.232	0.576	-0.313
SyringaeB728a_mexBdelta	Psyr_0846	Psyr_0846		acetolactate synthase, large subunit	-0.598	1.266	0.776	-0.168	0.060	9.069	-1.856	-0.228	-0.570	-0.033	-0.061	-1.308	2.964	1.834	-0.949	-0.216	0.500	-0.015	-1.945	-0.411	-0.772	-1.478	0.930
SyringaeB728a_mexBdelta	Psyr_0847	Psyr_0847		acetolactate synthase, small subunit	-0.528	2.101	1.911	0.419	-1.337	4.759	1.684	1.181	2.123	1.180	1.175	0.406	1.185	1.183	-0.822	-0.034	0.437	-0.466	-2.308	0.048	-0.495	-0.319	-0.509
SyringaeB728a_mexBdelta	Psyr_0848	Psyr_0848		ketol-acid reductoisomerase	1.384	0.787	6.153	0.090	5.085	1.148	6.855	-0.405	5.305	1.015	2.926	0.391	2.997	2.669	0.895	1.130	-0.239	1.227	1.511	2.718	0.535	-0.021	1.405
SyringaeB728a_mexBdelta	Psyr_0849	Psyr_0849		CDP-diacylglycerol--serine O-phosphatidyltransferase	-9.857	-6.886	-9.060	-6.722	-7.248	-4.822	-8.128	-9.992	-5.901	-9.106	-9.118	-7.213	-10.083	-6.353	-10.449	-8.818	-9.601	-9.756	-9.507	-8.359	-9.841	-9.190	-10.469
SyringaeB728a_mexBdelta	Psyr_0850	Psyr_0850		Oxidoreductase, molybdopterin binding protein	1.661	1.074	-0.498	2.016	1.911	-0.670	1.570	-0.452	2.015	1.520	1.527	1.065	-1.103	-0.486	0.905	1.180	0.571	2.164	1.455	1.206	1.528	1.871	1.450
SyringaeB728a_mexBdelta	Psyr_0851	Psyr_0851		Protein of unknown function UPF0191	-0.027	0.638	-1.807	0.563	1.062	0.405	1.165	-1.909	0.717	-0.467	0.359	-0.040	0.135	1.067	0.585	0.588	0.255	1.839	0.943	1.194	0.304	0.913	0.714
SyringaeB728a_mexBdelta	Psyr_0852	Psyr_0852		pectate lyase	0.603	0.492	-0.423	-0.255	0.471	-1.747	-1.016	-1.060	1.496	0.298	0.145	0.168	0.004	-1.164	1.401	0.975	0.371	1.277	1.703	1.855	0.792	1.404	0.734
SyringaeB728a_mexBdelta	Psyr_0853	Psyr_0853		conserved hypothetical protein	0.201	1.103	-2.287	0.781	1.331	-0.416	0.239	1.121	3.913	1.340	0.872	0.386	0.772	2.363	0.643	1.239	1.277	1.086	0.525	0.665	1.217	1.176	1.480
SyringaeB728a_mexBdelta	Psyr_0854	Psyr_0854		conserved hypothetical protein	0.553	-0.972	-1.621	0.285	0.135	-1.651	-0.688	0.521	2.143	0.202	-0.643	0.164	0.961	-0.124	0.693	0.890	0.388	-0.082	0.633	0.740	0.232	0.035	0.532
SyringaeB728a_mexBdelta	Psyr_0855	Psyr_0855		conserved hypothetical protein	2.349	0.268	-1.622	1.345	0.674	-1.940	0.875	0.534	2.098	0.568	0.943	1.203	-0.714	2.490	1.373	1.047	1.570	1.572	0.807	1.542	1.558	0.957	0.745
SyringaeB728a_mexBdelta	Psyr_0857	Psyr_0857		[SSU ribosomal protein S18P]-alanine acetyltransferase	-0.298	-0.936	-2.852	0.491	-2.199	-0.066	-2.335	0.857	-1.609	0.049	-1.259	-0.554	0.291	1.793	-1.380	-1.884	-1.820	-1.700	-1.574	-1.267	-2.093	-0.163	-1.760
SyringaeB728a_mexBdelta	Psyr_0858	Psyr_0858		conserved hypothetical protein	0.507	0.622	0.126	-0.500	0.435	1.285	0.228	0.246	0.122	1.063	-0.830	0.540	-2.524	-2.960	0.430	-0.149	-0.828	0.471	0.055	0.141	0.819	-1.842	0.759
SyringaeB728a_mexBdelta	Psyr_0859	Psyr_0859		Carbonate dehydratase	0.738	1.287	0.232	0.049	-0.464	-0.236	-1.001	-0.559	0.070	0.484	-0.364	-0.057	0.012	0.693	0.510	0.803	-0.674	0.132	0.738	-0.657	0.514	1.086	0.064
SyringaeB728a_mexBdelta	Psyr_0860	Psyr_0860		Histidine kinase, HAMP region:Bacterial chemotaxis sensory transducer	0.395	-0.146	-0.992	-0.448	-0.804	-0.069	-1.203	-0.356	-0.050	-0.830	-0.732	-0.232	1.629	-0.245	1.325	0.618	-0.249	2.253	1.225	1.211	0.303	1.890	2.127
SyringaeB728a_mexBdelta	Psyr_0861	Psyr_0861		Metal-dependent phosphohydrolase, HD subdomain protein	0.326	-0.237	-0.339	0.423	-0.807	-1.190	-0.583	1.102	0.289	-0.616	-0.171	-0.697	0.377	0.820	0.753	0.022	-0.273	1.150	0.624	0.386	-0.038	1.077	0.333
SyringaeB728a_mexBdelta	Psyr_0862	Psyr_0862		Acyltransferase 3	0.327	-0.213	-0.208	-0.144	0.127	0.646	-0.026	-0.570	-0.540	0.615	-0.529	0.557	0.136	-0.224	1.511	0.828	-0.141	1.521	0.675	0.687	0.481	1.360	0.652
SyringaeB728a_mexBdelta	Psyr_0863	Psyr_0863		PhnA protein	0.096	-2.756	1.949	1.609	1.413	0.731	-0.366	0.179	0.141	-1.204	1.910	1.216	0.087	-0.435	0.836	-1.006	0.426	-1.050	0.166	-0.674	0.453	-0.223	0.583
SyringaeB728a_mexBdelta	Psyr_0864	Psyr_0864		Protein of unknown function DUF393	1.510	0.476	0.379	0.893	0.600	1.118	1.498	1.232	2.819	1.041	2.150	2.443	0.919	-0.975	-0.098	-0.527	-0.107	-0.118	-0.877	0.480	-0.720	-1.151	0.433
SyringaeB728a_mexBdelta	Psyr_0865	Psyr_0865		General substrate transporter:Major facilitator superfamily	-0.139	-0.182	-1.183	-0.267	-3.039	-1.844	-0.023	-4.935	-1.313	0.286	0.261	-0.934	-2.661	-1.962	0.493	1.410	-0.916	1.519	1.318	0.599	0.549	0.369	-0.244
SyringaeB728a_mexBdelta	Psyr_0866	Psyr_0866		CDP-diacylglycerol-choline O-phosphatidyltransferase	1.414	-0.037	3.938	0.674	3.578	-1.913	2.026	-1.980	1.229	1.586	1.216	0.364	0.882	0.039	1.597	0.386	1.004	0.945	0.646	0.673	0.229	0.818	1.082
SyringaeB728a_mexBdelta	Psyr_0867	Psyr_0867		conserved hypothetical protein	0.108	-1.351	-0.490	0.485	0.312	-2.302	-1.025	-0.937	-0.822	0.111	0.292	-1.150	0.603	-0.603	1.261	1.846	0.340	1.579	1.222	0.892	1.252	1.317	1.174
SyringaeB728a_mexBdelta	Psyr_0868	Psyr_0868		Histidine kinase, HAMP region:Bacterial chemotaxis sensory transducer	0.240	1.135	0.506	-0.344	0.186	1.279	-0.589	-0.102	0.275	-0.734	0.794	0.346	0.734	-1.950	1.465	0.042	-0.110	0.084	0.361	0.462	0.036	0.935	0.459
SyringaeB728a_mexBdelta	Psyr_0869	Psyr_0869		GCN5-related N-acetyltransferase	-0.448	0.151	0.149	1.246	-0.063	-0.894	-0.479	0.036	-0.896	-0.369	0.838	0.368	2.429	2.990	-1.032	-0.145	-0.521	1.044	-0.823	1.339	-1.161	0.704	-1.667
SyringaeB728a_mexBdelta	Psyr_0870	Psyr_0870		GGDEF domain protein	0.879	0.341	0.550	-0.535	0.997	0.491	0.563	0.087	-0.136	-0.365	-0.252	0.793	0.818	1.565	2.091	1.786	2.093	2.747	2.568	2.473	1.433	2.953	2.577
SyringaeB728a_mexBdelta	Psyr_0871	Psyr_0871		PAS	0.684	-0.344	-0.236	0.646	-0.232	1.159	0.027	0.308	1.070	0.699	0.182	-0.319	1.047	1.238	0.038	0.020	0.097	0.357	0.485	-0.099	0.093	0.012	-0.021
SyringaeB728a_mexBdelta	Psyr_0872	Psyr_0872		Alkaline phosphatase	1.206	0.212	0.043	1.268	0.529	0.078	0.484	0.257	0.959	0.209	0.445	-0.079	0.122	0.584	1.301	0.744	1.212	1.135	1.055	1.147	1.658	1.054	1.493
SyringaeB728a_mexBdelta	Psyr_0873	Psyr_0873		GCN5-related N-acetyltransferase	2.023	1.485	-1.041	0.369	1.504	-0.221	-0.109	0.786	-0.055	0.732	0.724	1.093	0.385	1.643	0.445	1.101	-0.402	0.967	-1.619	0.477	-0.707	0.616	0.307
SyringaeB728a_mexBdelta	Psyr_0874	Psyr_0874		outer membrane transport energization protein ExbD	-0.892	0.394	0.908	-0.154	1.114	-1.564	0.068	-0.495	0.602	0.969	1.116	1.149	0.015	0.232	-0.988	1.390	0.288	0.341	0.114	1.383	0.562	1.039	-0.024
SyringaeB728a_mexBdelta	Psyr_0875	Psyr_0875		outer membrane transport energization protein TonB	-1.183	-1.260	-1.273	-1.951	-0.489	-0.893	-1.191	-0.326	-0.822	-1.383	-1.853	0.187	0.648	0.912	1.008	-0.650	0.505	-0.566	-0.987	-0.614	-0.603	-1.611	-1.701
SyringaeB728a_mexBdelta	Psyr_0876	Psyr_0876		TonB-dependent receptor:TonB-dependent receptor, C-terminal	0.471	0.874	-0.492	0.311	0.365	1.063	0.565	-0.735	-0.027	-0.295	-0.513	0.247	1.137	0.464	0.928	1.379	0.973	1.125	0.945	2.345	0.758	0.897	0.837
SyringaeB728a_mexBdelta	Psyr_0877	Psyr_0877		outer membrane transport energization protein ExbB	-1.148	0.333	-0.936	-0.566	-0.928	0.059	0.182	0.642	0.085	-0.673	1.436	1.135	-0.414	0.668	1.182	0.774	1.915	2.240	3.014	1.784	1.564	1.003	2.429
SyringaeB728a_mexBdelta	Psyr_0878	Psyr_0878		Phospholipase D/Transphosphatidylase	-0.267	1.290	0.205	0.215	0.935	1.571	1.254	-0.035	-0.201	-0.201	0.309	0.874	0.788	1.184	-0.420	0.825	0.143	-0.154	-0.374	-0.780	-0.757	0.125	0.853
SyringaeB728a_mexBdelta	Psyr_0879	Psyr_0879		GCN5-related N-acetyltransferase	0.035	-0.574	-0.770	-0.466	0.313	-1.177	0.569	0.276	-0.037	-0.030	0.029	-1.012	-0.545	-0.742	0.655	-0.506	-1.602	0.828	0.640	0.221	0.602	0.790	-0.450
SyringaeB728a_mexBdelta	Psyr_0880	Psyr_0880		MltA:3D	0.129	1.093	0.018	-0.538	1.319	-5.225	0.680	0.621	-1.849	1.823	0.522	0.458	0.712	1.270	1.272	1.506	1.714	2.019	1.831	1.029	0.378	1.077	1.464
SyringaeB728a_mexBdelta	Psyr_0881	Psyr_0881		hypothetical protein	-0.122	0.620	0.479	0.080	-1.037	1.022	-0.416	-0.206	-1.403	-1.362	-0.596	0.292	3.114	1.685	0.012	0.054	-0.667	0.183	0.435	0.416	-1.013	0.168	1.180
SyringaeB728a_mexBdelta	Psyr_0882	Psyr_0882		conserved hypothetical protein	-1.158	-1.023	-0.339	0.023	-0.803	-0.393	-0.409	-0.645	-0.517	-0.822	-0.471	0.251	0.172	1.566	0.040	-2.010	-0.656	-0.274	-0.129	-0.611	0.020	0.206	-0.582
SyringaeB728a_mexBdelta	Psyr_0883	Psyr_0883		S-type Pyocin	-0.207	-0.600	0.173	1.192	0.090	-2.204	0.101	-0.874	0.870	-0.086	-0.074	0.646	0.057	-0.570	0.239	-0.425	-0.156	-0.940	0.522	-0.037	0.155	0.118	-0.306
SyringaeB728a_mexBdelta	Psyr_0884	Psyr_0884		conserved hypothetical protein	-0.437	-0.333	0.797	0.341	0.896	-1.443	0.298	-1.620	0.267	0.510	0.488	1.131	1.884	-2.102	1.057	0.985	0.939	1.345	0.591	1.619	1.102	1.109	0.663
SyringaeB728a_mexBdelta	Psyr_0885	Psyr_0885		conserved hypothetical protein	0.375	0.086	-1.654	0.254	-0.256	1.660	0.585	-0.251	0.635	-0.261	-0.032	0.990	-0.987	1.054	-0.419	-0.750	-0.031	-0.384	0.370	0.051	-0.697	-1.040	-0.399
SyringaeB728a_mexBdelta	Psyr_0886	Psyr_0886		Response regulator receiver	-0.580	0.601	0.305	-0.342	1.190	0.674	0.258	0.808	-0.612	0.420	0.025	-0.159	0.047	1.298	0.385	0.730	-1.334	0.744	-0.189	0.619	-0.738	0.923	0.369
SyringaeB728a_mexBdelta	Psyr_0887	Psyr_0887		sensory box protein	-0.465	-0.599	-0.465	-0.490	-0.516	0.326	-0.483	-1.603	-0.679	-1.267	-0.937	-0.291	-1.617	-0.161	-0.043	1.141	0.451	1.624	0.443	0.794	-0.309	0.993	0.380
SyringaeB728a_mexBdelta	Psyr_0889	Psyr_0889		SpoVT/AbrB-like protein	-1.024	0.073	-0.270	1.601	0.433	-1.918	-0.657	-0.173	1.086	-1.252	-2.378	0.220	-1.695	-1.621	-0.658	0.338	0.281	-0.278	-0.480	-1.240	-1.453	-0.642	-0.205
SyringaeB728a_mexBdelta	Psyr_0890	Psyr_0890		PemK-like protein	-1.193	-1.097	1.652	-1.221	-0.189	0.340	-1.068	-1.471	-0.327	-0.395	-0.691	-0.057	0.507	-0.099	0.166	0.681	0.639	-0.201	-0.326	-0.738	0.959	1.147	-0.146
SyringaeB728a_mexBdelta	Psyr_0891	Psyr_0891		anti-ECFsigma factor, ChrR	0.977	0.664	0.583	0.893	-1.771	0.995	1.089	0.335	-0.017	-0.798	-0.405	0.918	1.218	1.523	0.073	0.310	-1.108	-1.170	0.183	-0.409	-0.640	-0.454	-0.507
SyringaeB728a_mexBdelta	Psyr_0892	Psyr_0892		Sigma-70 region 2:Sigma-70 region 4	-0.467	0.142	-0.527	0.272	-0.743	-0.564	-1.108	-0.575	2.149	-0.051	0.996	0.017	0.023	-0.679	0.049	-1.103	-0.544	0.107	-0.814	0.574	0.165	-0.735	-0.341
SyringaeB728a_mexBdelta	Psyr_0893	Psyr_0893		hypothetical protein	1.825	0.443	-0.026	1.163	1.644	1.946	0.937	1.231	0.646	0.351	-0.006	1.592	0.568	0.959	0.664	0.391	1.459	0.949	0.817	1.120	-0.398	0.805	1.036
SyringaeB728a_mexBdelta	Psyr_0894	Psyr_0894		PilT protein, N-terminal	0.262	-0.760	-0.158	0.785	0.178	-0.404	-0.188	-0.620	0.080	-0.200	-0.460	-0.502	-0.385	-0.885	1.170	1.030	1.843	2.251	1.567	0.732	1.890	2.337	1.412
SyringaeB728a_mexBdelta	Psyr_0895	Psyr_0895		SpoVT/AbrB-like protein	-0.785	0.916	-0.803	1.315	0.031	-0.095	-0.025	-2.926	0.254	-1.473	-0.286	0.663	-1.381	0.250	1.228	1.865	0.470	1.409	0.673	2.053	0.299	0.979	1.066
SyringaeB728a_mexBdelta	Psyr_0896	Psyr_0896		Aldose 1-epimerase	0.462	-0.949	-1.565	-1.812	-0.935	-0.892	-1.417	-0.230	-0.227	0.638	0.869	-0.890	1.737	1.126	2.211	0.217	0.266	1.664	0.551	0.184	-0.633	0.205	-1.708
SyringaeB728a_mexBdelta	Psyr_0897	Psyr_0897		Protein of unknown function DUF6	0.977	0.607	1.038	1.466	-0.035	2.241	-0.155	0.854	-0.280	0.501	0.382	-0.656	1.205	1.077	0.052	0.312	0.548	-0.083	0.037	-0.174	0.047	-0.216	-1.426
SyringaeB728a_mexBdelta	Psyr_0898	Psyr_0898		TRAP dicarboxylate transporter, DctM subunit	0.631	0.891	0.488	1.452	0.613	0.560	-0.239	-1.380	0.955	0.875	-0.552	1.833	0.481	0.760	0.642	0.460	-1.062	1.009	0.411	-0.450	0.925	1.780	0.132
SyringaeB728a_mexBdelta	Psyr_0899	Psyr_0899		Tripartite ATP-independent periplasmic transporter, DctQ component	-1.080	-2.008	-1.281	-1.139	0.446	0.191	-0.222	-0.601	-0.797	-0.167	-0.070	-0.622	-0.046	-0.982	-0.230	1.182	0.585	-0.355	-0.712	-1.010	-0.743	0.728	1.404
SyringaeB728a_mexBdelta	Psyr_0900	Psyr_0900		TRAP dicarboxylate transporter- DctP subunit	0.030	1.297	0.296	0.770	0.819	0.364	0.091	-0.039	0.897	1.472	-0.914	0.127	-0.734	-0.994	0.612	-0.029	0.330	-0.119	0.494	1.092	-0.204	2.067	2.567
SyringaeB728a_mexBdelta	Psyr_0901	Psyr_0901		gluconolactonase	0.169	0.763	1.512	0.894	1.199	0.632	2.127	1.156	1.020	1.176	0.706	1.320	-0.372	-1.285	1.398	1.486	0.425	0.560	-0.626	-0.388	1.552	0.886	-1.141
SyringaeB728a_mexBdelta	Psyr_0902	Psyr_0902		conserved hypothetical protein	0.243	-0.857	-1.157	-0.509	-1.517	0.270	1.437	-1.710	0.809	-0.709	-0.168	-0.702	-0.026	0.408	0.125	0.945	0.370	-0.233	0.118	0.436	0.437	-0.077	-0.767
SyringaeB728a_mexBdelta	Psyr_0903	Psyr_0903		outer membrane porin	0.191	0.945	0.332	1.393	0.112	1.759	0.060	0.052	0.268	-0.158	1.779	0.046	-0.622	1.143	0.450	0.567	0.189	0.558	0.113	0.779	-0.512	0.694	-0.288
SyringaeB728a_mexBdelta	Psyr_0904	Psyr_0904		Short-chain dehydrogenase/reductase SDR	2.306	0.457	-1.866	0.316	-1.098	0.014	0.906	0.059	-0.709	-0.116	-0.830	-0.523	-0.049	0.017	0.806	2.020	1.269	1.148	2.065	1.727	1.154	1.154	2.069
SyringaeB728a_mexBdelta	Psyr_0905	Psyr_0905		Histidine kinase, HAMP region:Bacterial chemotaxis sensory transducer	0.247	0.181	-0.455	0.645	0.047	0.933	0.514	-0.171	-0.322	0.651	0.615	0.694	0.539	-0.002	0.336	0.352	0.772	0.428	-0.490	2.101	1.206	0.985	1.943
SyringaeB728a_mexBdelta	Psyr_0906	Psyr_0906		Histidine kinase, HAMP region:Cache:Bacterial chemotaxis sensory transducer	-0.190	0.486	-0.250	-0.244	-0.909	-0.780	0.737	-0.329	0.309	-0.944	-0.558	0.230	0.176	-1.954	1.168	0.144	0.408	0.846	-0.050	1.335	0.853	0.693	0.875
SyringaeB728a_mexBdelta	Psyr_0907	Psyr_0907		conserved hypothetical protein	0.622	0.428	0.701	-0.311	0.197	-0.204	0.882	-0.482	-1.872	1.222	2.129	1.001	-0.056	-0.808	0.486	0.428	0.594	-0.673	-1.824	-0.953	0.825	0.449	1.134
SyringaeB728a_mexBdelta	Psyr_0908	Psyr_0908		FMN-dependent alpha-hydroxy acid dehydrogenase	-0.653	-0.372	-0.671	-0.669	-0.019	0.821	0.181	-0.333	-1.070	0.102	0.482	-0.847	-1.024	-0.547	0.179	0.071	-0.644	-0.082	-0.028	1.323	-0.005	0.836	0.245
SyringaeB728a_mexBdelta	Psyr_0909	Psyr_0909		transcriptional regulator, LysR family	1.358	1.371	-0.316	0.098	-0.873	1.230	0.630	-0.280	0.227	0.819	1.332	-0.107	-0.462	-0.347	1.195	1.522	0.316	1.510	0.843	1.297	0.099	0.125	0.029
SyringaeB728a_mexBdelta	Psyr_0910	Psyr_0910		transcriptional regulator, AraC family	-1.005	-0.424	-1.288	-0.515	-0.757	-2.370	0.339	-1.776	-0.208	-0.866	-1.929	-1.537	-0.292	-2.935	-0.738	-1.340	-0.995	-0.487	-0.765	-0.221	-1.910	-1.079	-0.210
SyringaeB728a_mexBdelta	Psyr_0911	Psyr_0911		Protein of unknown function DUF6	-0.776	-0.175	-1.148	-0.460	-0.916	1.006	-0.377	-2.479	-1.518	-0.037	0.181	-0.052	-0.001	-1.568	0.031	0.140	0.351	0.373	-0.167	0.835	-0.640	-0.427	0.803
SyringaeB728a_mexBdelta	Psyr_0912	Psyr_0912		DnaJ domain protein	1.533	0.589	0.274	-0.222	-0.758	0.551	0.027	-0.151	0.779	0.098	0.243	-0.446	-0.452	0.427	-0.580	-0.384	-0.257	0.253	0.872	-0.269	-1.352	0.211	0.413
SyringaeB728a_mexBdelta	Psyr_0913	Psyr_0913		Histidine kinase, HAMP region:Bacterial chemotaxis sensory transducer	-0.628	0.018	-0.960	0.609	0.121	0.596	-0.915	-0.292	0.330	-0.463	-0.889	-1.167	-0.123	-0.631	1.341	0.696	-0.639	1.070	1.147	0.682	0.198	0.465	0.668
SyringaeB728a_mexBdelta	Psyr_0914	Psyr_0914		Glycosyl transferase, group 1	-1.696	-2.131	-2.011	1.471	0.934	4.366	-1.683	11.749	9.007	1.361	1.003	-2.336	-0.617	11.250	-2.106	-1.581	2.597	-1.479	-2.368	-0.605	-1.025	-1.395	0.121
SyringaeB728a_mexBdelta	Psyr_0915	Psyr_0915		NAD-dependent epimerase/dehydratase	2.293	0.263	-2.170	0.761	1.601	7.737	-0.823	14.155	6.790	0.797	2.313	0.179	-0.659	5.835	-1.502	-0.584	4.930	-1.058	-1.491	0.111	-0.354	-1.727	0.588
SyringaeB728a_mexBdelta	Psyr_0916	Psyr_0916		GDP-mannose 4,6-dehydratase	-4.301	-3.792	-1.771	-1.555	3.069	4.166	-0.223	11.816	6.623	-1.428	-1.502	-5.004	-0.755	2.883	-2.383	-1.052	3.016	0.388	-1.089	0.284	-0.878	-1.183	1.318
SyringaeB728a_mexBdelta	Psyr_0917	Psyr_0917		ABC-2	-9.809	-9.463	-8.838	-7.067	-9.256	-4.739	-7.535	1.341	-3.436	-8.085	-9.365	-9.328	-11.305	-5.163	-9.484	-11.371	-12.637	-12.574	-12.074	-12.761	-13.034	-12.891	-8.521
SyringaeB728a_mexBdelta	Psyr_0918	Psyr_0918		ABC transporter	-9.347	-8.421	-9.273	-10.101	-9.989	-6.642	-8.450	-1.765	-7.754	-9.395	-10.404	-9.595	-12.030	-2.931	-14.853	-14.309	-13.836	-13.532	-13.129	-13.553	-14.592	-13.748	-13.614
SyringaeB728a_mexBdelta	Psyr_0919	Psyr_0919		Chromosome segregation ATPase-like protein	-6.671	-6.893	-5.525	-4.349	-1.450	-0.130	-3.737	6.189	1.555	-3.970	-3.844	-7.059	-4.993	-0.892	-5.081	-4.271	-2.153	-5.148	-4.320	-3.119	-5.730	-5.572	-3.950
SyringaeB728a_mexBdelta	Psyr_0920	Psyr_0920		Glycosyl transferase, group 1	-6.327	-8.607	-7.047	-4.908	-1.476	0.080	-3.424	12.030	5.447	-2.483	-4.948	-9.255	-5.142	3.588	-7.011	-5.567	-2.300	-6.707	-5.509	-4.360	-5.844	-6.208	-2.026
SyringaeB728a_mexBdelta	Psyr_0923	Psyr_0923		hypothetical protein	-2.596	-4.955	-2.481	-1.083	0.900	2.903	-1.710	2.519	1.331	-1.209	-1.552	-2.410	0.544	2.003	-1.095	-1.657	3.251	0.025	-0.370	1.145	-0.551	-1.758	-0.473
SyringaeB728a_mexBdelta	Psyr_0926	Psyr_0926		dTDP-glucose 4,6-dehydratase	0.114	0.105	1.380	0.271	-0.109	0.163	0.783	-0.611	-0.827	0.008	0.414	0.532	0.476	0.407	-0.295	-0.217	0.357	-0.548	-0.176	0.277	-1.509	-0.593	-0.706
SyringaeB728a_mexBdelta	Psyr_0927	Psyr_0927		hypothetical protein	-1.905	-1.031	-1.088	-2.439	-0.594	-1.123	-0.333	-1.382	-1.783	-1.431	-2.937	-1.491	-1.254	-0.758	-0.979	-1.721	-0.940	-0.170	-0.138	-1.963	-1.599	-1.163	-0.880
SyringaeB728a_mexBdelta	Psyr_0928	Psyr_0928		hypothetical protein	-3.483	-4.283	-4.108	-2.386	-1.262	-3.818	-2.147	-4.817	-2.612	-3.221	-5.706	-4.217	-3.055	-5.571	-1.902	-2.485	-2.461	-1.740	-0.911	-1.080	-1.902	-2.197	-2.360
SyringaeB728a_mexBdelta	Psyr_0929	Psyr_0929		Glycosyl transferase, family 2	1.535	-0.655	0.305	-0.102	0.942	-0.375	-0.240	0.422	0.489	0.143	-0.545	-0.457	0.352	0.275	-0.604	0.230	0.877	1.175	0.719	1.066	0.317	1.485	-0.013
SyringaeB728a_mexBdelta	Psyr_0930	Psyr_0930		Glycosyl transferase, family 2	-0.073	1.119	0.020	-0.289	-0.135	1.213	0.509	0.317	-1.094	-0.301	-0.742	-0.944	0.394	0.404	-0.430	0.280	0.611	-0.718	0.274	0.364	-0.134	-0.288	0.032
SyringaeB728a_mexBdelta	Psyr_0931	Psyr_0931		Hemolysin-type calcium-binding region	0.792	-0.506	0.006	-0.189	0.037	-0.035	-0.054	-1.940	-0.615	0.013	-0.546	-0.149	-0.721	-0.441	-0.885	-1.808	-0.169	-0.494	-1.224	-0.667	-0.998	-0.581	-0.846
SyringaeB728a_mexBdelta	Psyr_0932	Psyr_0932		conserved hypothetical protein	1.255	0.672	0.925	-0.873	-0.129	0.031	-0.069	-0.371	0.384	-0.344	1.201	0.463	-0.145	1.352	0.236	-0.725	-0.176	-0.279	-0.245	-0.999	-0.646	0.028	-0.070
SyringaeB728a_mexBdelta	Psyr_0933	Psyr_0933		Type I secretion system ATPase, PrtD	-1.311	-0.814	0.114	-0.283	-0.617	-2.363	-0.182	0.700	0.052	-2.153	-1.318	-0.703	-1.782	-1.927	-0.141	0.077	0.033	0.186	-0.788	0.441	0.521	0.584	-0.732
SyringaeB728a_mexBdelta	Psyr_0934	Psyr_0934		Type I secretion membrane fusion protein, HlyD	-0.450	-1.416	0.283	-1.219	-1.733	-2.373	-0.141	1.104	0.116	-0.332	-0.953	-0.039	1.416	-0.475	-0.129	0.863	-0.643	0.243	-0.359	-0.091	0.637	-0.228	0.144
SyringaeB728a_mexBdelta	Psyr_0935	Psyr_0935		Type I secretion outer membrane protein, TolC	0.472	-0.293	-0.293	-0.610	-0.280	1.245	0.466	1.555	0.320	0.299	0.638	0.250	0.263	0.795	1.359	0.915	1.132	0.917	0.514	1.189	0.910	0.576	1.164
SyringaeB728a_mexBdelta	Psyr_0936	Psyr_0936		Glycosyl transferase, group 1	-2.392	-3.288	-4.204	-0.783	0.220	2.308	-2.422	12.003	7.771	0.377	-1.023	-5.932	-0.588	8.154	-2.981	-2.081	1.287	-3.175	-2.528	-1.873	-1.816	-2.305	1.588
SyringaeB728a_mexBdelta	Psyr_0937	Psyr_0937		mannose-6-phosphate isomerase, type 2 / mannose-1-phosphate guanylyltransferase (GDP)	0.339	0.388	2.207	-0.631	1.598	0.466	2.296	13.111	4.463	0.796	1.896	0.920	-1.315	3.364	-1.189	-0.547	2.261	-0.035	-0.111	1.261	-0.914	-1.495	0.442
SyringaeB728a_mexBdelta	Psyr_0938	Psyr_0938		hypothetical protein	-1.761	-2.099	-3.424	-1.253	-0.707	-3.401	-1.159	-2.373	-0.172	-0.685	-2.644	-1.687	-0.330	-1.490	-1.198	-0.098	-0.918	0.474	0.354	-0.201	-0.360	-1.112	-0.321
SyringaeB728a_mexBdelta	Psyr_0939	Psyr_0939		CDS	0.996	0.035	-0.733	0.253	-0.274	-0.023	0.674	-1.317	-0.887	-0.247	0.494	-0.705	-0.833	-2.646	-0.095	0.229	-0.576	-0.695	-0.207	-0.752	-0.228	-1.397	-0.579
SyringaeB728a_mexBdelta	Psyr_0940	Psyr_0940		CDS	-1.837	-2.400	-0.956	-0.893	-0.611	-0.560	0.316	-2.048	-0.155	-2.126	-0.524	-0.312	-0.584	-1.088	0.602	0.086	-1.285	0.961	0.646	-0.486	0.341	-0.008	-0.056
SyringaeB728a_mexBdelta	Psyr_0941	Psyr_0941		Conserved hypothetical protein 92	-2.245	-1.456	3.209	-1.373	5.581	-0.820	-2.757	-3.005	5.932	-2.150	-2.657	-1.537	-2.264	-2.883	-3.108	-2.886	-7.562	-1.743	-1.979	-0.628	-2.766	-3.311	-4.637
SyringaeB728a_mexBdelta	Psyr_0947	Psyr_0947		TPR repeat protein:TPR repeat protein	-2.222	-2.685	-3.302	-2.794	-3.347	-4.260	-5.069	-7.963	-6.438	-4.704	-4.677	-2.237	-2.291	-2.840	-3.999	-3.442	-4.227	-4.116	-3.336	-5.662	-4.222	-3.385	-3.833
SyringaeB728a_mexBdelta	Psyr_0950	Psyr_0950		[protein release factor]-glutamine N5-methyltransferase	-0.685	-0.881	-0.621	-0.658	-0.386	0.988	-0.856	-0.772	0.477	-2.075	0.339	-2.209	-1.453	-0.331	-0.262	-0.315	-0.298	-0.006	-1.316	-1.391	-1.995	-0.657	-2.763
SyringaeB728a_mexBdelta	Psyr_0951	Psyr_0951		UBA/THIF-type NAD/FAD binding fold:MoeZ/MoeB	-3.575	-3.941	-2.126	-3.761	-3.229	7.438	-2.246	-3.904	-3.975	-2.639	-3.413	-4.039	-2.596	-0.088	-2.888	-3.750	-3.159	-2.447	-3.733	-4.306	-4.382	-4.535	-4.519
SyringaeB728a_mexBdelta	Psyr_0953	Psyr_0953		conserved hypothetical protein	-1.215	-1.095	-1.129	-1.671	-1.054	-1.338	-1.042	-0.727	-1.672	-1.252	-0.376	-0.779	-2.571	-2.181	-0.667	-0.791	-0.641	-0.462	-0.798	-1.572	0.092	-0.101	-0.137
SyringaeB728a_mexBdelta	Psyr_0954	Psyr_0954		Protein of unknown function UPF0153	-1.353	0.076	0.016	0.041	1.503	1.144	0.619	0.883	0.805	0.956	-0.077	-0.450	0.312	-1.043	0.905	-0.214	0.741	-0.642	1.347	-0.017	-0.382	1.873	0.201
SyringaeB728a_mexBdelta	Psyr_0955	Psyr_0955		membrane protein, putative	-1.047	-0.342	-1.129	0.360	-0.104	-0.741	-1.268	-2.027	-0.830	-0.706	-1.504	-0.931	0.038	-0.178	0.199	0.730	-0.340	-0.687	-0.951	-0.539	-0.195	-0.469	-0.882
SyringaeB728a_mexBdelta	Psyr_0956	Psyr_0956		Cyclopropane-fatty-acyl-phospholipid synthase	-1.288	-0.702	-0.798	0.541	-1.196	-4.249	-0.580	-0.885	0.183	0.280	-1.803	-1.466	-0.861	-0.561	-0.371	0.559	-0.748	-0.079	-0.615	-0.203	-0.280	0.784	0.272
SyringaeB728a_mexBdelta	Psyr_0957	Psyr_0957		Protein of unknown function DUF1365	0.285	0.596	-0.609	0.574	0.572	-0.142	-1.536	-0.024	0.151	0.408	-0.070	0.390	-0.979	-1.647	0.682	0.198	-0.893	0.710	-0.373	0.210	0.430	-0.084	-0.559
SyringaeB728a_mexBdelta	Psyr_0958	Psyr_0958		amine oxidase, flavin-containing	0.157	0.483	-0.390	0.530	-0.552	1.218	0.534	0.513	-0.087	0.730	1.114	-0.806	1.670	2.193	0.210	-0.840	-0.614	0.522	-1.281	-0.313	-0.936	0.635	-1.515
SyringaeB728a_mexBdelta	Psyr_0959	Psyr_0959		Short-chain dehydrogenase/reductase SDR	1.288	2.370	-0.475	-0.979	0.290	1.364	0.093	0.685	1.899	1.442	1.303	1.218	1.369	3.066	0.181	0.380	-0.783	0.372	-0.138	-0.255	-1.516	-1.705	-1.168
SyringaeB728a_mexBdelta	Psyr_0960	Psyr_0960		conserved hypothetical protein	1.047	-0.016	-0.440	0.544	0.310	0.871	0.339	-0.185	0.596	0.688	0.687	1.409	0.114	-0.027	0.053	-0.217	0.898	0.616	0.802	0.774	0.859	-0.624	-0.607
SyringaeB728a_mexBdelta	Psyr_0961	Psyr_0961		deoxyribodipyrimidine photo-lyase type I	0.630	-0.099	-0.791	-0.240	-1.086	-0.693	-1.034	-0.034	0.560	-0.369	0.066	-1.038	-0.290	0.533	-0.122	0.903	0.259	-0.095	0.218	0.652	-0.070	-0.306	0.041
SyringaeB728a_mexBdelta	Psyr_0962	Psyr_0962		transcriptional regulator, MerR family	-0.710	-1.182	-1.186	-2.132	-2.009	-1.204	-1.322	0.244	1.370	-0.733	-0.320	-2.299	-2.844	-0.403	-2.173	-1.680	-0.838	-0.701	-1.488	0.284	-1.251	-1.483	-0.622
SyringaeB728a_mexBdelta	Psyr_0963	Psyr_0963		Protein of unknown function DUF523	-0.002	-1.046	-0.621	-0.811	-1.421	-1.933	0.953	-0.052	-0.266	-1.558	0.701	-1.464	0.270	1.349	0.001	-1.490	-0.634	-0.290	0.465	-1.264	-0.924	0.047	-0.747
SyringaeB728a_mexBdelta	Psyr_0964	Psyr_0964		conserved hypothetical protein	0.643	0.076	-0.181	-0.837	1.458	0.027	1.369	1.223	-0.536	0.085	0.245	0.410	-0.105	1.169	0.173	-0.076	0.562	0.180	-0.670	0.705	0.754	-0.161	-0.642
SyringaeB728a_mexBdelta	Psyr_0965	Psyr_0965		amine oxidase, flavin-containing	-0.510	-0.571	-0.302	-0.740	0.020	-0.432	0.563	2.034	0.008	-1.420	-0.242	0.087	0.128	1.007	0.268	0.040	1.192	0.720	0.774	0.757	1.503	-0.158	-0.076
SyringaeB728a_mexBdelta	Psyr_0966	Psyr_0966		Conserved hypothetical protein YfcH	0.909	-1.310	2.044	-0.520	0.429	2.268	0.432	3.270	2.256	0.127	0.256	0.436	-0.760	2.550	-0.691	-1.669	1.767	-0.255	0.955	1.103	0.073	-0.615	-0.042
SyringaeB728a_mexBdelta	Psyr_0968	Psyr_0968		Xanthine/uracil permease family	-0.192	0.760	0.562	0.928	0.275	1.526	1.313	0.681	-0.400	-0.223	-0.060	1.701	2.433	2.402	-0.509	-0.650	0.918	0.004	-0.036	-0.530	-0.205	-0.560	-1.211
SyringaeB728a_mexBdelta	Psyr_0969	Psyr_0969		uracil phosphoribosyltransferase	-2.622	-1.132	1.805	0.504	0.571	-0.392	2.077	-1.185	-2.200	-0.614	0.220	-1.186	0.609	2.506	-0.754	0.305	0.859	-0.491	-0.080	0.088	-0.289	0.381	-0.475
SyringaeB728a_mexBdelta	Psyr_0970	Psyr_0970		Phosphoribosyltransferase	-0.244	-1.727	0.261	-0.393	-1.045	1.137	-0.972	-0.387	-0.658	-0.968	-0.405	-1.613	-0.690	-1.490	-1.577	-0.875	1.117	-0.638	-1.331	0.084	-0.963	-0.137	-3.187
SyringaeB728a_mexBdelta	Psyr_0971	Psyr_0971		conserved hypothetical protein	-0.008	-1.280	-0.011	-0.919	0.407	-0.035	0.715	-2.389	-1.685	-0.237	-0.745	0.471	-1.138	-0.626	0.202	-0.289	-1.428	-0.878	0.690	0.260	-2.015	-1.444	-0.012
SyringaeB728a_mexBdelta	Psyr_0972	Psyr_0972		conserved hypothetical protein	0.935	0.622	-1.658	-1.661	0.224	-1.250	-0.073	0.576	-0.452	-1.237	0.059	-0.543	1.165	-0.222	0.086	-2.088	0.348	0.100	-0.908	0.047	-0.248	0.604	0.107
SyringaeB728a_mexBdelta	Psyr_0973	Psyr_0973		amino acid ABC transporter membrane protein, PAAT family	0.691	0.722	0.040	0.959	1.311	-0.810	-0.508	-0.080	-0.425	0.719	0.276	0.514	0.169	1.214	1.125	1.222	-0.074	0.941	0.356	2.009	0.690	1.658	0.392
SyringaeB728a_mexBdelta	Psyr_0974	Psyr_0974		amino acid ABC transporter substrate-binding protein, PAAT family	-0.745	0.910	1.163	-1.139	1.487	1.122	0.571	-0.494	0.259	0.806	0.503	1.655	2.020	1.800	0.465	0.978	2.465	1.054	0.558	1.235	0.895	0.066	2.090
SyringaeB728a_mexBdelta	Psyr_0975	Psyr_0975		homocysteine S-methyltransferase	-0.779	-0.134	-1.020	-0.607	-1.937	-0.711	-1.851	-1.836	-1.395	-0.957	-0.602	-0.843	0.527	1.572	-0.401	-1.315	-0.697	0.195	-0.833	-0.499	-1.189	0.396	-0.513
SyringaeB728a_mexBdelta	Psyr_0976	Psyr_0976		Malate:quinone-oxidoreductase	-0.986	-1.315	1.095	-2.247	-2.710	9.164	-0.665	0.458	-1.038	-2.183	-0.135	-0.025	-2.904	-0.845	-3.942	-3.591	-2.771	-4.015	-3.536	-3.525	-4.266	-3.184	-4.850
SyringaeB728a_mexBdelta	Psyr_0978	Psyr_0978		lipoprotein, putative	0.634	-0.071	-4.779	0.478	-2.249	-3.069	-1.733	-0.063	3.288	0.129	-0.229	0.931	-1.421	3.437	-0.834	-0.514	-2.033	-0.743	-0.539	-0.672	-0.244	-0.048	0.677
SyringaeB728a_mexBdelta	Psyr_0979	Psyr_0979		conserved hypothetical protein	1.241	0.459	0.788	-0.413	0.343	1.504	0.247	1.243	-0.792	0.414	0.684	0.239	0.842	1.935	-0.030	0.918	1.109	0.499	0.277	0.635	0.027	0.226	1.610
SyringaeB728a_mexBdelta	Psyr_0981	Psyr_0981		conserved hypothetical protein	-1.037	-2.222	-1.010	-2.145	-1.372	-2.293	-2.112	-4.257	1.024	-1.719	-0.789	-0.201	0.099	0.949	-3.301	-1.281	-1.796	-1.028	-1.887	-1.265	-1.537	-1.029	-1.351
SyringaeB728a_mexBdelta	Psyr_0982	Psyr_0982		conserved hypothetical protein	-1.624	0.451	-1.211	-0.478	-1.334	-2.052	-1.293	-0.773	-1.829	-1.707	-1.420	-0.475	-1.549	-1.726	-1.194	-1.271	-0.268	-1.538	-1.523	-0.454	-0.394	0.343	-0.267
SyringaeB728a_mexBdelta	Psyr_0983	Psyr_0983		Protein of unknown function DUF159	-1.780	-2.950	-2.378	-2.231	-2.097	-2.167	0.408	-0.869	-1.750	-3.016	-1.766	-2.330	-0.459	2.461	-0.359	0.803	-0.769	-0.991	-0.190	0.788	-0.254	-0.018	-0.375
SyringaeB728a_mexBdelta	Psyr_0984	Psyr_0984		Peptidase M48, Ste24p	0.656	1.740	0.542	1.652	-0.067	0.516	-0.603	-0.792	0.533	-0.276	0.781	0.433	-2.159	-2.005	0.493	1.303	0.973	-0.086	1.395	1.618	-0.107	2.102	1.725
SyringaeB728a_mexBdelta	Psyr_0985	Psyr_0985		Protein of unknown function UPF0016	1.018	0.448	0.393	0.202	1.306	0.914	0.351	0.933	-1.025	0.165	0.916	1.345	0.261	-0.445	1.168	1.021	1.307	0.408	2.144	1.853	0.578	0.571	0.742
SyringaeB728a_mexBdelta	Psyr_0986	Psyr_0986		16S rRNA m(2)G 1207 methyltransferase	1.856	1.692	3.296	1.684	0.491	1.426	-0.353	-0.504	2.918	2.194	1.419	0.294	1.601	0.431	0.304	-1.946	-0.269	-2.127	0.630	0.244	-0.748	-0.150	-0.333
SyringaeB728a_mexBdelta	Psyr_0989	Psyr_0989		Lysine exporter protein (LYSE/YGGA)	1.746	0.989	0.091	-0.244	-0.540	1.721	0.659	-0.174	0.593	0.059	0.348	0.315	1.125	2.378	0.834	1.132	2.422	0.430	0.792	3.014	1.459	1.091	0.592
SyringaeB728a_mexBdelta	Psyr_0990	Psyr_0990		AMP-dependent synthetase and ligase	-0.014	-0.208	-0.380	0.193	-0.329	0.446	-0.542	0.230	-0.857	1.566	0.037	-0.742	0.353	-0.184	-0.491	0.598	-0.268	-0.471	0.482	-0.143	-0.608	0.028	-0.587
SyringaeB728a_mexBdelta	Psyr_0991	Psyr_0991		Protein of unknown function DUF1302	0.322	-1.753	-3.337	0.285	-2.163	0.943	-1.037	-1.246	0.022	-0.774	-1.000	-0.365	-1.813	-0.252	0.097	0.145	0.525	-0.311	0.632	-0.511	-1.000	-0.075	-1.519
SyringaeB728a_mexBdelta	Psyr_0992	Psyr_0992		Protein of unknown function DUF1329	0.082	0.301	-0.143	0.438	-0.042	0.814	0.206	-0.227	0.215	-1.091	-0.170	0.370	-0.693	-0.119	-0.759	0.089	-0.354	-0.695	-1.345	-0.740	-1.556	-0.629	-1.327
SyringaeB728a_mexBdelta	Psyr_0993	Psyr_0993		transcriptional regulator, LuxR family	0.148	0.145	-0.342	0.183	-1.389	-0.628	-0.740	-0.361	-0.908	0.235	-1.988	-0.347	0.461	0.624	0.005	0.599	-0.045	-0.549	-1.053	0.191	0.828	0.169	-0.451
SyringaeB728a_mexBdelta	Psyr_0994	Psyr_0994		Metal-dependent phosphohydrolase, HD subdomain protein	0.645	-1.191	0.515	0.765	-0.115	-0.832	1.885	0.534	-0.823	-1.064	-0.420	-0.796	-0.939	-0.631	-0.870	0.022	0.515	-0.374	-1.302	-0.016	0.053	0.819	-1.092
SyringaeB728a_mexBdelta	Psyr_0995	Psyr_0995		Flavin reductase-like protein	0.467	0.322	0.907	0.814	-0.519	1.730	0.505	0.226	-0.825	1.321	1.067	-0.535	-0.459	0.195	0.020	0.788	0.347	0.079	-0.253	1.374	1.036	0.654	0.888
SyringaeB728a_mexBdelta	Psyr_0996	Psyr_0996		Alpha/beta hydrolase fold protein	-0.807	-1.829	-2.225	-1.515	-0.218	-5.436	0.254	-1.948	-1.642	-1.570	-4.002	-0.471	-1.530	-2.065	-0.224	-0.446	-0.606	0.023	-0.006	-0.583	0.448	-1.024	-0.390
SyringaeB728a_mexBdelta	Psyr_0997	Psyr_0997		Endoribonuclease L-PSP	0.315	-1.490	0.470	0.495	0.454	-0.879	1.354	0.378	-1.137	0.904	0.012	0.526	-0.029	1.308	0.983	0.442	1.645	0.840	0.347	0.204	0.420	1.405	0.575
SyringaeB728a_mexBdelta	Psyr_0998	Psyr_0998		Isochorismatase hydrolase	-0.702	0.776	-0.248	0.135	0.164	-1.744	0.109	-0.145	-0.260	1.122	-0.408	1.516	-2.142	-0.815	-0.282	-0.236	-0.139	0.000	1.267	-0.652	-1.314	-0.603	-2.432
SyringaeB728a_mexBdelta	Psyr_0999	Psyr_0999		luciferase	0.106	1.097	-0.629	-1.232	-0.968	-1.402	-0.819	0.271	-1.634	-0.726	-0.342	-0.496	-0.810	-1.187	0.057	-0.852	-0.253	0.858	-0.889	-0.044	-1.046	0.277	0.168
SyringaeB728a_mexBdelta	Psyr_1000	Psyr_1000		transcriptional regulator, TetR family	-0.165	-0.554	0.145	-1.317	-0.649	-1.815	-0.841	0.692	-0.695	1.015	-0.019	2.616	1.222	0.352	-0.543	-0.056	0.750	-0.219	-0.496	0.779	0.020	0.653	-0.538
SyringaeB728a_mexBdelta	Psyr_1001	Psyr_1001		nucleoside-binding protein	-0.975	-0.062	-1.349	0.519	0.690	1.006	1.703	0.107	-0.527	0.863	0.752	-0.221	-0.622	1.221	1.712	0.077	0.988	1.034	-0.018	0.058	0.382	0.572	0.859
SyringaeB728a_mexBdelta	Psyr_1002	Psyr_1002		nucleoside ABC transporter ATP-binding protein	0.791	1.883	0.986	0.155	0.099	1.216	-0.827	2.276	0.027	-1.374	-0.905	0.494	-0.646	2.700	-1.299	-0.472	-1.099	-0.944	-0.372	-0.436	-0.699	-0.846	-0.724
SyringaeB728a_mexBdelta	Psyr_1003	Psyr_1003		nucleoside ABC transporter membrane protein	-0.276	0.503	-0.655	0.122	-0.380	-1.278	1.273	1.074	-1.355	0.863	-0.229	1.279	-0.686	-0.388	-0.150	-1.984	0.969	-1.032	-0.185	0.049	0.005	-0.352	0.811
SyringaeB728a_mexBdelta	Psyr_1004	Psyr_1004		nucleoside ABC transporter membrane protein	-0.432	-2.053	-0.481	0.093	-0.577	-0.789	0.175	-1.343	-0.066	-1.697	-0.867	-0.318	0.251	1.945	0.921	-0.396	-0.280	0.452	0.309	-0.479	0.345	0.227	-1.040
SyringaeB728a_mexBdelta	Psyr_1005	Psyr_1005		OmpA/MotB	-1.333	-1.874	0.031	0.420	0.256	0.281	-1.156	-1.730	-2.215	-1.429	-1.127	-0.919	-2.272	-1.820	-0.799	-0.407	-0.687	-1.404	0.128	1.048	1.013	-0.933	-1.138
SyringaeB728a_mexBdelta	Psyr_1006	Psyr_1006		Phospholipid/glycerol acyltransferase	1.104	0.539	-0.155	-0.895	0.709	-0.261	0.426	1.079	0.316	-0.382	0.719	-0.023	-0.737	-0.367	0.060	0.218	-1.008	0.435	-0.108	-0.284	-0.346	-0.515	-0.321
SyringaeB728a_mexBdelta	Psyr_1007	Psyr_1007		phosphotransacetylase	-0.336	0.272	-1.227	0.309	0.076	-0.739	-0.414	-1.274	0.399	-0.662	-0.283	-0.284	0.761	0.935	0.847	0.202	-0.827	0.807	-1.335	-0.081	-0.568	-0.030	0.160
SyringaeB728a_mexBdelta	Psyr_1010	Psyr_1010		Glutathione peroxidase	-0.751	-1.734	-1.338	-0.598	-1.618	-2.385	0.136	-2.547	-1.117	-1.425	-0.501	-0.211	-1.396	-0.475	0.765	0.221	0.511	0.637	-0.570	-0.254	-0.569	-0.327	0.392
SyringaeB728a_mexBdelta	Psyr_1011	Psyr_1011		NADH:flavin oxidoreductase/NADH oxidase	1.209	1.469	0.299	0.333	0.577	0.117	0.465	0.007	-0.245	0.387	-0.943	0.422	0.705	-1.823	-0.622	-0.725	-1.319	-1.673	1.525	-1.497	-1.035	-0.472	0.023
SyringaeB728a_mexBdelta	Psyr_1012	Psyr_1012		Glycosyl transferase, group 1	-0.205	-0.621	-1.232	-0.513	-0.292	-1.114	-0.690	-0.489	0.212	-0.468	-0.715	0.789	-0.447	-1.018	1.110	-0.102	-0.430	0.851	-0.020	1.195	-0.142	0.016	0.421
SyringaeB728a_mexBdelta	Psyr_1014	Psyr_1014		conserved domain protein	-0.466	-0.438	0.490	0.619	-0.056	1.305	-0.105	-0.626	-0.704	-0.777	-0.804	-0.656	0.369	-0.683	0.003	-0.082	-0.387	-1.137	0.335	-0.286	0.230	-0.177	0.083
SyringaeB728a_mexBdelta	Psyr_1015	Psyr_1015		Protein of unknown function DUF540	1.143	0.387	-0.256	0.034	-0.031	0.046	0.338	-0.617	0.346	-0.457	-0.387	0.169	-0.472	-1.334	-2.057	-0.945	-1.608	-0.406	-1.125	-0.995	-0.671	-1.691	-1.168
SyringaeB728a_mexBdelta	Psyr_1018	Psyr_1018		Protein of unknown function DUF1244	-0.227	1.817	0.751	0.255	0.535	1.634	0.915	-0.416	-0.685	2.204	1.644	2.407	0.310	-0.369	-0.877	-1.405	-0.718	-1.896	-1.390	-1.741	-0.665	-0.553	-0.777
SyringaeB728a_mexBdelta	Psyr_1019	Psyr_1019		Dihydroneopterin aldolase	3.632	3.289	2.722	2.082	1.715	0.185	1.761	2.851	1.982	2.510	1.389	1.667	1.723	0.863	-1.341	0.574	-0.375	-0.345	1.046	0.275	0.529	0.455	0.454
SyringaeB728a_mexBdelta	Psyr_1020	Psyr_1020		GTP cyclohydrolase I	-0.069	-0.892	-0.484	-0.643	-2.038	-1.863	0.861	-0.631	-0.123	-1.358	-1.544	-1.738	-0.259	-0.424	-0.358	0.195	0.137	0.610	0.510	-0.377	0.219	-0.099	-1.567
SyringaeB728a_mexBdelta	Psyr_1021	Psyr_1021		Short-chain dehydrogenase/reductase SDR	0.770	1.864	-1.269	-0.413	0.120	-2.948	0.520	1.127	0.952	0.929	-1.702	3.029	-0.647	-1.638	0.971	-0.128	-0.261	-0.376	-0.117	0.401	-0.988	-0.438	0.335
SyringaeB728a_mexBdelta	Psyr_1022	Psyr_1022		conserved hypothetical protein	0.350	0.423	-1.264	-0.068	-0.698	0.351	-1.543	-1.108	-0.790	0.645	-0.672	1.409	0.875	-0.231	-0.898	0.598	-0.503	-0.075	-1.804	0.134	0.022	0.294	0.414
SyringaeB728a_mexBdelta	Psyr_1023	Psyr_1023		conserved hypothetical protein	-3.749	-2.028	-3.147	-0.964	-4.320	-5.672	-0.807	-3.299	-3.287	-1.664	-1.935	-2.693	0.261	-1.030	-1.057	-0.352	-1.528	-0.790	-0.329	-1.826	-1.464	-1.079	-0.624
SyringaeB728a_mexBdelta	Psyr_1024	Psyr_1024		Flavodoxin/nitric oxide synthase	-0.313	0.215	0.072	0.725	0.545	-0.634	1.938	0.012	0.848	0.160	0.372	1.128	0.081	-0.688	0.515	-0.329	0.228	1.352	1.253	0.826	0.643	0.202	1.122
SyringaeB728a_mexBdelta	Psyr_1025	Psyr_1025		Short-chain dehydrogenase/reductase SDR	-1.457	0.346	1.560	-0.731	0.074	-0.728	-0.545	0.408	0.239	-0.363	0.496	-0.895	0.069	-0.538	0.276	1.239	-1.169	-0.333	-0.431	-0.664	-0.079	-0.612	-1.894
SyringaeB728a_mexBdelta	Psyr_1026	Psyr_1026		hypothetical protein	0.033	-0.040	-1.180	0.873	-0.022	-0.025	-0.652	1.264	-0.648	-0.676	-0.309	0.707	-0.296	-0.309	0.100	0.560	-0.553	0.911	-0.490	-0.078	-0.622	0.622	0.529
SyringaeB728a_mexBdelta	Psyr_1027	Psyr_1027		conserved hypothetical protein	-0.952	0.690	-0.189	-0.918	-0.080	0.811	-0.884	-0.498	-1.311	-0.424	-0.480	0.516	-0.095	2.030	-1.215	-1.451	-1.539	-0.698	-0.892	-1.252	-1.251	-1.513	-0.720
SyringaeB728a_mexBdelta	Psyr_1028	Psyr_1028		conserved hypothetical protein	-0.754	-1.454	-0.531	-0.386	-1.651	-0.571	-0.105	-0.028	-1.039	-0.738	-1.030	-0.328	-0.847	0.996	-0.770	-0.716	0.040	0.549	1.385	-0.863	0.353	0.016	1.414
SyringaeB728a_mexBdelta	Psyr_1029	Psyr_1029		Peptidase aspartic, active site	0.428	0.732	-0.544	-0.862	-0.789	0.983	-0.429	-0.569	-0.062	0.512	0.107	0.361	0.797	2.057	-0.944	-0.837	-0.108	-0.903	-0.167	-0.269	0.041	0.285	0.307
SyringaeB728a_mexBdelta	Psyr_1030	Psyr_1030		bacteriophage N4 adsorption protein B	-0.555	-0.520	-0.618	-0.237	-0.876	0.431	-0.963	-0.966	-0.754	0.186	-0.641	-1.461	-0.392	1.280	0.149	0.407	0.534	0.152	0.518	1.192	0.059	-0.093	0.296
SyringaeB728a_mexBdelta	Psyr_1031	Psyr_1031		conserved hypothetical protein	-0.000	0.857	0.678	0.500	0.602	0.518	-0.966	0.638	0.368	-0.095	0.565	0.673	1.045	0.539	-0.504	-0.282	-0.221	-0.369	0.537	0.082	0.279	0.796	0.130
SyringaeB728a_mexBdelta	Psyr_1032	Psyr_1032		UDP-N-Acetylglucosamine 2-epimerase	-0.306	-1.655	-0.908	0.500	0.206	0.065	1.532	-1.472	-0.572	-0.769	-0.702	-2.348	1.668	1.480	0.111	-0.050	-0.638	1.075	0.617	0.188	-0.806	0.917	0.150
SyringaeB728a_mexBdelta	Psyr_1033	Psyr_1033		YebG	-0.310	-1.580	-1.635	-2.387	-0.898	-0.686	-0.930	-1.465	-1.950	-0.232	-2.160	-0.398	-0.514	-1.069	-2.034	-2.037	-1.998	-1.801	-2.529	-1.067	-1.227	-1.951	-2.689
SyringaeB728a_mexBdelta	Psyr_1034	Psyr_1034		Phosphate-starvation-inducible E	-0.645	0.628	-0.871	-0.211	0.222	-1.009	0.857	0.158	0.732	0.857	0.053	-0.392	2.819	2.819	0.128	-0.743	-1.463	-0.102	-1.441	-0.297	-0.960	-0.448	-0.144
SyringaeB728a_mexBdelta	Psyr_1035	Psyr_1035		lipoprotein, putative	0.776	0.072	1.731	1.802	-0.649	3.601	0.982	0.844	-0.420	0.660	0.709	-0.088	0.454	1.253	-0.075	0.169	0.763	2.138	0.654	0.851	0.080	-0.294	-0.325
SyringaeB728a_mexBdelta	Psyr_1036	Psyr_1036		conserved hypothetical protein	0.738	0.994	0.926	2.021	1.482	2.899	1.229	1.878	2.855	1.942	1.054	1.148	0.387	-0.039	-0.741	2.480	-0.566	0.430	0.909	1.275	2.789	0.284	0.743
SyringaeB728a_mexBdelta	Psyr_1037	Psyr_1037		ribosomal subunit interface protein, putative	1.600	1.088	0.535	-0.888	-0.316	1.832	-0.830	-0.228	0.909	1.652	0.779	-0.439	2.153	1.339	-0.848	-0.923	-0.988	-1.797	0.022	0.044	-0.935	-0.651	0.278
SyringaeB728a_mexBdelta	Psyr_1038	Psyr_1038		TonB-dependent siderophore receptor	-1.767	-0.528	-0.770	0.108	-0.120	0.862	-0.066	-0.690	-1.257	-1.147	-1.995	-1.406	-0.754	-0.112	-0.176	-0.359	-0.782	0.138	0.976	0.509	-0.217	-0.084	0.530
SyringaeB728a_mexBdelta	Psyr_1039	Psyr_1039		FecR protein	-0.197	0.749	-0.691	-1.087	-1.866	-1.279	-0.520	0.189	-1.655	-0.136	-0.522	-1.015	-0.355	0.389	-1.183	-1.224	0.105	-1.895	-1.746	-1.717	-0.245	-0.756	-0.748
SyringaeB728a_mexBdelta	Psyr_1040	Psyr_1040		RNA polymerase sigma factor, ECF subfamily	-0.162	0.337	-1.072	1.516	0.119	0.217	0.252	1.654	1.514	0.084	-0.348	1.167	-0.780	1.250	-0.033	-2.548	-1.399	-1.723	-0.145	-1.011	-1.455	-2.239	-3.273
SyringaeB728a_mexBdelta	Psyr_1041	Psyr_1041		transcriptional regulator, AraC family	0.265	-0.826	-1.184	-0.062	-0.081	-0.741	0.480	0.100	-0.302	1.059	-0.488	0.624	-0.375	0.784	0.445	-0.082	0.060	0.135	1.132	1.188	1.149	-0.203	0.500
SyringaeB728a_mexBdelta	Psyr_1042	Psyr_1042		Protein of unknown function DUF6	0.979	-0.017	0.335	0.677	0.618	-0.387	-0.291	-0.932	1.115	0.103	0.990	1.005	-0.537	-0.547	0.228	-1.084	-0.276	0.107	-0.075	0.182	-0.863	-0.480	-0.163
SyringaeB728a_mexBdelta	Psyr_1043	Psyr_1043		D-isomer specific 2-hydroxyacid dehydrogenase, catalytic region:D-isomer specific 2-hydroxyacid dehydrogenase, NAD-binding protein	0.131	0.342	1.462	0.216	0.236	0.293	0.246	-1.456	-0.728	0.621	0.439	0.397	0.657	-0.764	0.256	0.196	-0.030	-0.489	-0.197	-0.612	0.244	-0.849	-1.497
SyringaeB728a_mexBdelta	Psyr_1044	Psyr_1044		transcriptional regulator, LysR family	1.129	1.268	1.608	0.297	0.291	-1.348	0.750	1.015	1.284	0.064	0.350	1.370	0.880	-0.654	0.665	-0.079	1.579	1.637	-0.096	0.201	0.508	0.324	0.043
SyringaeB728a_mexBdelta	Psyr_1045	Psyr_1045		RND efflux system, outer membrane lipoprotein, NodT	-0.592	-0.608	-1.683	1.588	0.821	2.348	-0.278	-1.261	0.250	-0.139	1.064	0.594	0.429	-0.832	-0.382	-0.387	-0.510	-0.269	-0.632	0.410	-0.234	-0.903	-0.639
SyringaeB728a_mexBdelta	Psyr_1046	Psyr_1046		Fusaric acid resistance protein conserved region	0.106	-0.777	0.459	-1.098	0.981	-0.004	0.986	0.605	-0.952	1.120	-1.562	-0.165	0.964	0.384	0.027	-1.565	-0.849	-0.768	-0.812	-0.564	-0.214	-1.710	0.338
SyringaeB728a_mexBdelta	Psyr_1047	Psyr_1047		conserved hypothetical protein	0.362	-0.189	-0.718	-0.305	-0.864	-0.547	-0.853	-0.747	-1.967	-1.611	-0.053	0.283	1.191	0.973	-0.535	-0.047	0.142	-0.613	0.148	0.664	-0.127	1.384	-2.382
SyringaeB728a_mexBdelta	Psyr_1048	Psyr_1048		Secretion protein HlyD	-0.775	0.875	-0.438	1.412	0.017	1.442	0.323	-0.066	-1.341	0.674	0.406	0.248	1.923	2.655	0.353	0.389	1.108	-0.027	0.451	0.241	-0.212	0.064	0.224
SyringaeB728a_mexBdelta	Psyr_1049	Psyr_1049		Short-chain dehydrogenase/reductase SDR	1.205	-0.246	-0.232	0.064	-0.007	-0.913	0.668	0.065	-0.486	-1.487	-0.552	-0.282	1.731	1.505	0.210	-2.237	-0.195	-0.233	-0.419	0.225	-0.378	0.123	-0.079
SyringaeB728a_mexBdelta	Psyr_1050	Psyr_1050		conserved hypothetical protein	-0.892	0.067	-0.736	-1.165	-0.145	0.198	-0.338	-0.882	-1.008	0.114	0.412	-0.001	-0.344	-0.878	-1.372	-0.103	-0.072	-0.915	-0.716	-0.512	-1.192	0.173	-1.828
SyringaeB728a_mexBdelta	Psyr_1051	Psyr_1051		YD repeat protein	0.320	0.242	-0.160	1.150	-0.037	0.899	1.103	-0.768	0.451	0.752	-0.134	0.908	-0.082	0.958	-0.227	0.229	-0.219	-0.153	-0.559	-0.459	-0.600	-0.123	0.262
SyringaeB728a_mexBdelta	Psyr_1052	Psyr_1052		mannose-6-phosphate isomerase, type 2 / mannose-1-phosphate guanylyltransferase (GDP)	1.534	2.584	0.489	0.799	0.661	1.150	0.720	0.465	1.438	0.745	0.355	0.942	1.850	0.462	1.545	0.868	0.148	1.295	1.098	1.293	0.851	1.991	1.577
SyringaeB728a_mexBdelta	Psyr_1053	Psyr_1053		alginate biosynthesis protein AlgF	-0.550	-1.163	-0.952	-0.630	-1.988	0.406	0.241	-2.093	-1.176	-0.323	-0.269	-1.666	0.075	-0.133	-1.094	-0.408	-0.456	-0.812	-1.254	-0.312	0.309	-1.682	-0.304
SyringaeB728a_mexBdelta	Psyr_1054	Psyr_1054		alginate biosynthesis protein AlgJ	-0.560	0.075	-0.032	0.352	-1.151	3.585	0.066	1.029	0.282	1.097	-0.788	-0.300	-0.786	1.052	-0.337	1.084	0.941	1.434	-0.318	0.613	0.311	0.922	0.963
SyringaeB728a_mexBdelta	Psyr_1055	Psyr_1055		Membrane bound O-acyl transferase, MBOAT	-0.141	-0.360	-1.423	-0.361	-1.058	-1.454	-0.030	-0.656	-0.003	0.322	-1.430	-1.874	-0.890	-0.051	-1.294	-0.993	-1.056	-0.946	-2.453	-0.445	-0.435	-1.038	-1.486
SyringaeB728a_mexBdelta	Psyr_1056	Psyr_1056		Poly(beta-D-mannuronate) lyase	-1.837	-0.686	-3.009	-1.020	-5.243	-1.024	-1.066	0.463	-1.389	-0.932	-1.923	-1.208	-1.303	-0.941	-1.986	-3.568	-1.727	-1.041	-0.540	-2.907	-0.854	-1.656	-2.034
SyringaeB728a_mexBdelta	Psyr_1057	Psyr_1057		alginate biosynthesis protein AlgX	0.421	0.017	-0.199	0.098	-0.997	-3.032	0.450	-0.540	0.077	0.180	-0.008	1.037	-0.432	1.610	-0.950	-0.051	-0.366	-0.617	-0.241	-1.545	-0.322	-1.207	-0.705
SyringaeB728a_mexBdelta	Psyr_1058	Psyr_1058		Parallel beta-helix repeat:Carbohydrate binding and sugar hydrolysis	0.780	0.997	-0.990	0.889	-1.458	1.228	0.556	-1.234	2.067	0.743	-0.781	1.754	-0.807	1.856	-0.698	0.201	-0.702	-1.402	-0.507	-0.862	0.449	0.678	-0.668
SyringaeB728a_mexBdelta	Psyr_1059	Psyr_1059		alginate export porin	-1.277	-1.241	-1.833	-0.780	-0.695	-1.393	-0.915	-2.894	-0.086	-0.644	-1.272	0.381	-0.736	0.858	1.405	1.046	3.189	1.823	0.650	1.183	2.091	2.137	0.230
SyringaeB728a_mexBdelta	Psyr_1060	Psyr_1060		Sel1-like repeat protein	2.409	0.409	-1.883	0.259	0.425	1.386	0.118	-0.208	1.438	-0.505	-0.353	1.679	-0.717	0.924	-0.904	-0.107	-0.064	-1.066	0.010	-1.368	-0.937	-0.424	-0.941
SyringaeB728a_mexBdelta	Psyr_1061	Psyr_1061		alginate biosynthesis protein Alg44	0.820	2.822	0.517	0.449	2.228	0.506	0.051	-0.389	2.103	0.139	0.521	2.140	0.524	1.238	0.926	1.940	1.268	1.428	0.034	0.744	0.992	-0.879	0.927
SyringaeB728a_mexBdelta	Psyr_1062	Psyr_1062		alginate biosynthesis protein Alg8	0.834	-0.633	-0.777	-0.196	-0.039	-0.084	-0.692	-1.126	-1.335	0.016	-0.925	1.231	-0.004	-0.326	0.032	0.407	0.290	-0.749	-0.182	-0.842	-0.347	-0.253	-0.261
SyringaeB728a_mexBdelta	Psyr_1063	Psyr_1063		GDP-mannose 6-dehydrogenase	2.097	2.343	0.166	1.733	3.841	-0.280	0.558	-0.243	1.864	0.519	0.717	2.131	-0.433	-0.717	0.851	0.330	-0.046	0.159	0.752	1.031	0.627	0.730	-0.346
SyringaeB728a_mexBdelta	Psyr_1064	Psyr_1064		Protein of unknown function DUF328	-0.120	-0.519	-0.044	-0.361	-0.342	0.391	-1.209	-0.151	-0.907	0.260	-1.946	-1.276	1.057	0.738	0.024	0.700	0.387	-1.079	-0.390	-0.129	-0.867	-0.109	-0.594
SyringaeB728a_mexBdelta	Psyr_1065	Psyr_1065		Polysaccharide deacetylase	1.278	0.888	1.250	-0.110	2.092	0.300	-0.298	-0.435	0.530	-0.700	0.594	0.840	1.644	0.449	-0.016	0.120	-0.691	-1.255	-0.202	0.272	-0.175	-0.340	0.379
SyringaeB728a_mexBdelta	Psyr_1066	Psyr_1066		PhoH-like protein	-0.658	0.356	0.106	-1.473	-0.141	1.668	0.036	-0.295	-0.700	-1.263	-1.507	0.553	0.397	-0.370	0.353	0.360	0.005	0.026	-0.709	1.128	0.863	-0.866	0.398
SyringaeB728a_mexBdelta	Psyr_1067	Psyr_1067		GTP cyclohydrolase subunit MoaC	-0.331	0.144	2.519	1.432	-0.027	1.094	-0.071	2.680	-0.064	0.132	2.393	-0.195	0.558	-2.811	-0.386	-1.267	-0.326	-1.208	-2.207	-0.104	-1.078	-1.094	-1.547
SyringaeB728a_mexBdelta	Psyr_1069	Psyr_1069		molybdopterin synthase subunit MoaE	1.708	0.570	-1.292	0.567	0.886	0.502	0.689	0.052	1.115	-0.035	-0.708	0.520	-0.701	-1.107	0.485	1.122	0.335	0.833	-0.337	-0.340	-0.126	1.504	1.113
SyringaeB728a_mexBdelta	Psyr_1070	Psyr_1070		Helicase, C-terminal:DEAD/DEAH box helicase, N-terminal	0.275	0.294	-1.243	-0.070	-0.921	1.021	0.324	-0.378	-1.715	0.196	-1.001	-0.172	-0.337	-0.558	0.710	0.880	0.923	0.361	0.596	1.236	0.232	-0.293	-0.450
SyringaeB728a_mexBdelta	Psyr_1071	Psyr_1071		Carboxylesterase	-0.958	-0.796	0.279	-0.600	0.907	2.462	0.030	0.554	0.174	-1.393	1.246	0.183	-0.055	-0.894	-0.640	0.178	-0.226	0.343	1.672	0.903	-0.068	0.631	0.091
SyringaeB728a_mexBdelta	Psyr_1072	Psyr_1072		amino acid ABC transporter substrate-binding protein, PAAT family	-0.034	0.055	-0.754	-1.650	0.194	2.764	0.182	-1.513	-0.209	-0.140	-0.653	0.639	-1.548	-1.654	0.183	-2.481	-0.572	-1.895	0.256	-0.619	-1.433	-0.845	-1.042
SyringaeB728a_mexBdelta	Psyr_1073	Psyr_1073		amino acid ABC transporter membrane protein 1, PAAT family	0.472	0.743	0.488	0.113	-0.741	1.329	0.791	-0.326	0.325	-0.135	-0.403	0.972	-0.179	-0.543	1.175	-0.466	-0.464	-0.113	-0.409	0.327	0.037	-0.331	-0.020
SyringaeB728a_mexBdelta	Psyr_1074	Psyr_1074		amino acid ABC transporter membrane protein 2, PAAT family	-0.374	0.189	0.324	-1.683	-0.319	-0.296	-0.981	-1.008	0.877	-0.716	0.806	-1.222	-0.178	0.922	0.677	0.928	0.333	0.002	0.140	0.986	-0.231	1.899	-0.575
SyringaeB728a_mexBdelta	Psyr_1075	Psyr_1075		amino acid ABC transporter ATP-binding protein, PAAT family	-0.270	0.549	0.149	-0.184	-0.230	0.961	-0.484	-0.878	0.175	-1.181	-1.467	-0.914	0.804	-0.174	-1.287	-1.675	-0.727	-2.482	-3.137	-2.037	-1.918	-2.569	-0.696
SyringaeB728a_mexBdelta	Psyr_1076	Psyr_1076		Cyanate transport system protein	0.961	0.666	0.415	0.805	-0.772	0.595	1.280	0.464	0.358	0.421	-1.861	-0.377	0.719	1.622	-0.410	-0.615	-0.320	0.134	-0.336	-0.487	-0.972	-1.187	0.410
SyringaeB728a_mexBdelta	Psyr_1077	Psyr_1077		Isoflavone reductase	-0.146	0.635	0.008	-0.544	-1.221	0.825	-0.704	0.848	-0.161	0.724	-0.111	0.130	0.760	-0.987	-1.849	-1.638	-0.486	-1.009	-0.603	-1.214	-1.243	-2.135	-0.587
SyringaeB728a_mexBdelta	Psyr_1078	Psyr_1078		Protein of unknown function DUF24	-0.313	0.290	0.512	-0.158	-0.082	-1.752	1.151	0.460	-0.349	0.387	-1.136	-0.357	0.266	0.181	0.959	1.190	1.013	2.054	0.512	1.914	1.568	1.651	1.228
SyringaeB728a_mexBdelta	Psyr_1079	Psyr_1079		conserved hypothetical protein	0.717	-0.875	-0.756	-0.231	-0.916	-0.513	0.647	0.049	-0.370	-0.673	-0.393	-0.695	1.151	1.254	-0.228	-1.684	-1.855	0.026	-2.109	-1.853	-0.564	-0.161	-0.484
SyringaeB728a_mexBdelta	Psyr_1080	Psyr_1080		Excinuclease ABC, C subunit, N-terminal	-0.095	-0.468	-0.804	-0.470	-1.414	-1.748	0.576	-0.844	-0.341	-0.449	0.070	-1.329	-0.092	-1.554	-0.328	-0.294	-0.454	0.836	-0.109	-1.740	-0.977	1.072	-1.222
SyringaeB728a_mexBdelta	Psyr_1081	Psyr_1081		conserved hypothetical protein	1.020	0.879	0.586	-0.657	0.737	2.896	0.993	-0.795	0.941	0.397	1.415	-0.190	0.480	-0.366	0.501	0.473	0.388	-0.181	-0.278	-0.163	0.468	-0.938	0.106
SyringaeB728a_mexBdelta	Psyr_1082	Psyr_1082		Glutaredoxin	-0.092	0.897	0.404	-0.801	1.208	0.397	1.702	0.047	-0.106	0.118	0.643	0.270	1.267	0.040	-0.250	0.125	-0.740	-0.377	0.179	-0.830	-0.020	-0.201	0.494
SyringaeB728a_mexBdelta	Psyr_1083	Psyr_1083		37kDa nucleoid-associated bacterial protein	-0.123	0.380	2.147	0.333	2.290	-0.096	2.692	0.567	-1.749	-0.861	-0.014	-0.619	0.222	-2.208	0.199	0.819	0.040	0.199	-0.557	0.824	-0.368	1.494	-1.263
SyringaeB728a_mexBdelta	Psyr_1084	Psyr_1084		Histone-like bacterial DNA-binding protein	-0.835	1.201	1.728	0.017	0.163	0.041	1.172	0.086	0.985	-0.415	0.116	-0.435	1.712	1.655	-1.725	-0.444	-2.016	-0.582	-0.415	0.274	-0.351	-1.260	-1.318
SyringaeB728a_mexBdelta	Psyr_1085	Psyr_1085		23S rRNA m(6)A-1618 methyltransferase	0.229	0.329	1.566	-0.727	1.023	1.409	0.122	0.057	-0.222	-0.981	0.392	-0.685	0.543	0.486	-1.824	-1.335	-1.368	-0.997	-0.545	-1.520	-0.739	-0.569	-0.130
SyringaeB728a_mexBdelta	Psyr_1087	Psyr_1087		CDS	-1.774	0.385	-0.537	1.357	-0.716	0.266	-1.322	-1.163	0.782	-1.211	-1.007	-0.808	0.617	0.112	-0.751	-0.207	1.554	0.140	-0.360	0.545	0.027	0.111	-1.010
SyringaeB728a_mexBdelta	Psyr_1088	Psyr_1088		CDS	-0.841	-1.139	0.094	-0.726	-0.680	-1.042	0.641	-1.503	0.173	-0.299	-1.855	-1.652	-2.303	-1.929	0.633	-0.195	1.135	-0.809	0.461	0.414	-0.201	-0.154	0.068
SyringaeB728a_mexBdelta	Psyr_1090	Psyr_1090		DNA polymerase III, chi subunit	-0.223	-0.945	-1.016	-0.456	-1.896	-0.571	-0.248	-3.054	-0.851	-1.290	-0.179	-0.678	-3.211	-1.619	-0.556	0.529	0.098	-0.188	0.619	-0.392	1.729	-0.677	0.599
SyringaeB728a_mexBdelta	Psyr_1091	Psyr_1091		aminopeptidase A, Metallo peptidase, MEROPS family M17	-4.720	-2.425	-5.538	-4.055	-3.027	-2.641	-2.180	-4.294	-3.530	-2.354	-3.547	-5.823	-1.585	-2.562	-1.253	-1.288	-1.217	-2.978	-2.558	-1.725	-2.014	-1.575	-1.816
SyringaeB728a_mexBdelta	Psyr_1094	Psyr_1094		cold-shock DNA-binding protein family	-1.435	-2.184	-1.118	-2.545	0.448	-0.166	-2.637	-2.885	-2.317	-0.340	-1.049	-2.562	2.236	1.815	-2.076	-1.706	-1.096	-1.771	-1.335	-0.330	-2.338	-2.671	-0.921
SyringaeB728a_mexBdelta	Psyr_1095	Psyr_1095		Glycine cleavage system T protein	-0.228	-0.279	1.203	-1.033	1.146	-0.818	0.547	-0.623	0.774	-0.044	-0.102	-0.408	-0.340	-0.826	-0.525	1.054	0.487	-0.375	0.921	0.556	0.111	-0.853	-0.730
SyringaeB728a_mexBdelta	Psyr_1096	Psyr_1096		glycine dehydrogenase (decarboxylating) alpha subunit / glycine dehydrogenase (decarboxylating) beta subunit	0.006	-0.366	-1.323	-0.259	0.629	-1.773	0.201	-0.028	-0.113	0.388	0.144	-0.810	0.238	-1.632	0.174	-0.701	-0.013	0.213	0.169	-0.286	-0.054	0.358	0.557
SyringaeB728a_mexBdelta	Psyr_1097	Psyr_1097		glycine cleavage system H protein	0.263	-2.081	1.048	-0.059	-1.768	-0.788	-0.694	-1.082	-0.584	2.132	-1.569	0.171	0.478	0.207	0.902	0.258	1.084	0.004	1.992	0.423	0.950	0.814	-0.835
SyringaeB728a_mexBdelta	Psyr_1098	Psyr_1098		response regulator receiver modulated diguanylate cyclase/phosphodiesterase with PAS/PAC sensor(s)	0.135	-0.264	-0.384	0.910	0.911	0.964	-0.809	-0.381	0.036	-0.119	0.739	-0.082	0.811	0.699	0.429	-0.546	0.275	-0.174	-0.752	-0.724	-0.038	-0.645	-0.091
SyringaeB728a_mexBdelta	Psyr_1099	Psyr_1099		Response regulator receiver	-0.321	-0.020	-1.198	-0.771	1.140	1.320	0.247	-0.622	-0.092	0.353	-0.150	1.029	-1.112	-0.868	-0.771	-0.645	-0.487	-1.234	-0.247	-0.930	-0.633	-0.218	-1.088
SyringaeB728a_mexBdelta	Psyr_1100	Psyr_1100		PAS/PAC sensor signal transduction histidine kinase	-0.683	-0.849	-0.458	-0.501	-1.735	1.343	-0.655	-0.228	-0.310	0.506	-0.324	0.705	-0.222	-0.097	0.180	0.818	0.951	-0.001	-0.099	-0.669	0.055	1.031	0.474
SyringaeB728a_mexBdelta	Psyr_1101	Psyr_1101		Helix-turn-helix, Fis-type	0.584	0.363	-0.945	-0.130	1.303	-1.310	-0.656	0.231	0.108	-0.036	0.252	1.066	-1.023	-1.291	-1.141	-0.184	-0.391	-1.198	-2.132	-1.603	-1.854	-0.202	-1.117
SyringaeB728a_mexBdelta	Psyr_1102	Psyr_1102		conserved hypothetical protein	0.216	0.370	-0.855	-1.048	-0.390	0.984	-0.607	-0.392	0.532	-0.622	-0.418	0.062	-0.545	-0.791	1.156	0.841	0.513	0.011	0.552	0.187	0.958	0.854	-0.525
SyringaeB728a_mexBdelta	Psyr_1103	Psyr_1103		Protein of unknown function DUF454	0.349	-0.522	0.381	-0.036	-0.406	1.801	0.988	-0.485	-2.845	-0.589	0.856	-0.232	2.717	1.040	-1.664	0.044	-1.039	-1.436	-2.527	-3.225	0.363	-1.035	-1.066
SyringaeB728a_mexBdelta	Psyr_1104	Psyr_1104		Heme oxygenase	1.106	1.990	0.810	-0.614	3.201	1.590	0.658	1.281	1.525	-0.139	0.564	1.747	-0.138	0.534	-0.265	0.625	0.672	-0.103	-0.207	-0.105	-0.584	-0.014	0.527
SyringaeB728a_mexBdelta	Psyr_1105	Psyr_1105		TonB-dependent hemoglobin/transferrin/lactoferrin receptor:TonB-dependent heme/hemoglobin receptor	-0.331	-1.013	-1.484	-0.469	-0.819	0.017	-1.083	-0.310	-1.594	-0.484	-1.221	-1.016	-0.165	0.394	0.148	-0.839	-0.671	-1.612	-0.189	0.223	-0.143	-0.863	-1.083
SyringaeB728a_mexBdelta	Psyr_1106	Psyr_1106		FecR protein	0.905	1.493	0.919	0.944	1.073	0.572	1.307	2.182	-0.701	1.318	1.612	1.295	1.369	0.885	-0.745	0.243	0.303	0.624	-1.719	-1.985	-0.801	-1.081	-2.532
SyringaeB728a_mexBdelta	Psyr_1107	Psyr_1107		Sigma-70 region 2	-1.010	1.108	2.414	0.886	-0.205	0.024	-0.722	1.098	-0.038	0.734	0.246	0.842	0.472	0.730	1.243	1.488	0.757	-0.013	0.613	2.078	1.499	0.391	1.941
SyringaeB728a_mexBdelta	Psyr_1108	Psyr_1108		glyceraldehyde-3-phosphate dehydrogenase	-3.808	-4.317	-2.629	-3.775	-2.535	-2.044	-0.629	-2.267	-2.919	-3.337	-4.103	-4.285	-2.415	-3.258	-4.454	-4.856	-3.482	-3.984	-4.066	-2.826	-5.273	-3.154	-3.914
SyringaeB728a_mexBdelta	Psyr_1109	Psyr_1109		6-phosphogluconate dehydratase	-2.172	-3.075	-3.294	-2.698	-4.516	-0.983	-0.313	-0.666	-1.746	-3.681	-4.498	-2.166	-3.080	-0.510	-0.826	-0.701	0.213	-1.655	-2.529	-2.570	-2.424	-2.078	-1.544
SyringaeB728a_mexBdelta	Psyr_1110	Psyr_1110		glucokinase	-0.999	-1.039	-1.880	-0.693	-1.119	-1.797	-1.126	-1.755	-0.297	-1.278	-1.284	-0.827	-0.747	-0.130	-0.869	-0.673	-0.271	-1.537	-1.589	-0.310	-0.754	-0.699	-1.058
SyringaeB728a_mexBdelta	Psyr_1111	Psyr_1111		Response regulator receiver:Transcriptional regulatory protein, C-terminal	0.059	-0.525	-0.389	-0.661	-0.894	0.479	1.084	-0.382	0.913	0.154	1.022	-0.188	-1.351	-0.876	-0.575	-1.234	-1.462	-0.546	-0.543	-0.411	-2.218	-0.020	-0.865
SyringaeB728a_mexBdelta	Psyr_1112	Psyr_1112		ATP-binding region, ATPase-like:Histidine kinase, HAMP region:Histidine kinase A, N-terminal	0.871	-0.341	0.421	-0.329	0.306	-0.791	-0.545	-0.296	1.001	-0.503	0.315	-0.297	0.026	0.367	-0.607	-0.429	-0.164	0.621	-0.278	0.021	0.017	0.220	-0.606
SyringaeB728a_mexBdelta	Psyr_1113	Psyr_1113		glucose-binding protein	0.545	0.742	0.081	0.090	0.429	-0.686	1.133	0.950	1.682	0.578	-0.576	0.370	0.437	-1.245	0.994	0.113	0.148	-0.100	0.208	0.182	-0.533	0.033	0.814
SyringaeB728a_mexBdelta	Psyr_1114	Psyr_1114		glucose ABC transporter membrane protein	-0.601	-0.166	-0.464	0.298	-0.205	-0.617	0.539	0.018	0.203	0.004	-0.695	-0.788	-0.899	-1.162	-0.126	-0.400	0.337	-1.049	-0.847	-0.168	-1.441	-0.191	-2.316
SyringaeB728a_mexBdelta	Psyr_1115	Psyr_1115		glucose ABC transporter membrane protein	-3.231	-1.362	-0.909	-1.419	-0.203	-2.924	-1.500	-1.608	-0.019	-0.856	-2.916	-2.480	-0.722	-0.317	-0.988	-1.381	-1.318	-0.728	0.500	-1.736	-1.304	-1.300	-1.699
SyringaeB728a_mexBdelta	Psyr_1116	Psyr_1116		glucose ABC transporter ATP-binding protein	0.431	-0.388	-1.436	-0.212	-0.170	-1.377	-0.140	-0.656	1.908	0.181	-0.623	-1.567	0.098	-0.034	0.561	-0.384	0.004	0.664	-0.540	0.360	0.500	0.286	0.581
SyringaeB728a_mexBdelta	Psyr_1117	Psyr_1117		porin, OprB family	0.145	-0.744	0.025	0.110	1.292	-0.771	-0.028	-1.310	0.800	0.653	0.602	-0.620	0.472	-1.009	1.272	0.405	1.858	1.211	-0.025	1.365	0.191	0.049	0.971
SyringaeB728a_mexBdelta	Psyr_1118	Psyr_1118		Aldose 1-epimerase	-1.007	-1.296	0.464	-1.952	-0.449	0.645	-1.748	-1.788	-1.683	0.148	-0.812	-1.500	-0.158	0.549	0.213	-0.115	0.512	0.710	-0.489	0.031	-0.305	0.222	1.074
SyringaeB728a_mexBdelta	Psyr_1119	Psyr_1119		Helix-turn-helix protein RpiR:Sugar isomerase (SIS)	-0.267	-2.269	-1.746	-0.816	-1.757	-0.035	-1.866	-1.822	-1.445	-0.145	-1.023	-0.655	-0.755	0.024	-0.603	0.432	0.675	1.137	0.144	0.053	-0.671	0.092	-0.772
SyringaeB728a_mexBdelta	Psyr_1120	Psyr_1120		glucose-6-phosphate 1-dehydrogenase	-0.865	-1.988	-2.690	-2.264	-1.666	-0.026	-1.716	-2.027	-1.034	-2.179	-1.096	-0.691	0.315	-2.345	-1.987	-0.219	-0.252	-0.428	-0.586	-1.040	-0.663	0.097	-0.679
SyringaeB728a_mexBdelta	Psyr_1123	Psyr_1123		conserved hypothetical protein	-3.188	-0.939	-1.889	-3.191	-1.881	-1.011	-2.403	-0.593	-1.057	-2.121	-0.727	-2.769	-0.341	0.755	2.619	0.381	0.980	1.757	2.410	2.186	1.174	0.906	1.919
SyringaeB728a_mexBdelta	Psyr_1124	Psyr_1124		conserved hypothetical protein	0.575	-0.266	-0.383	1.989	-0.016	0.396	0.275	0.636	1.331	0.448	0.881	0.483	0.148	-0.076	0.147	0.077	-0.522	1.085	0.363	-0.862	-0.181	0.403	-0.046
SyringaeB728a_mexBdelta	Psyr_1125	Psyr_1125		GGDEF domain protein	-0.305	-0.096	-0.214	0.554	0.193	-0.016	0.217	-0.935	-0.607	-0.313	-0.487	-0.432	0.898	0.358	1.521	1.653	0.618	1.122	0.949	0.407	0.772	1.410	0.359
SyringaeB728a_mexBdelta	Psyr_1126	Psyr_1126		Heavy metal sensor kinase	-0.409	-0.556	-0.723	0.237	-0.650	1.036	0.337	-1.085	-0.403	-1.011	0.219	-1.164	0.314	0.341	1.693	0.394	-0.511	0.726	0.298	0.593	-1.218	1.091	0.957
SyringaeB728a_mexBdelta	Psyr_1127	Psyr_1127		Heavy metal response regulator	-0.800	-0.049	0.396	0.958	0.192	-0.514	1.290	0.912	-0.434	-0.856	-0.296	0.483	1.064	1.556	1.702	1.147	-0.449	0.928	1.146	1.166	0.075	-0.488	0.191
SyringaeB728a_mexBdelta	Psyr_1128	Psyr_1128		Acriflavin resistance protein	-0.207	0.521	0.409	0.425	-0.233	2.075	-0.791	0.391	-0.334	0.217	0.613	1.076	0.252	1.186	0.755	0.468	0.918	-0.277	-0.866	-0.017	-0.519	1.125	0.072
SyringaeB728a_mexBdelta	Psyr_1129	Psyr_1129		Secretion protein HlyD	0.990	0.929	-0.484	-0.619	-0.731	1.563	0.315	0.656	-0.034	-0.178	0.694	0.481	-0.952	-1.671	0.263	0.023	-0.226	0.543	-0.236	1.770	0.938	1.798	0.702
SyringaeB728a_mexBdelta	Psyr_1130	Psyr_1130		conserved hypothetical protein	-1.474	0.258	-0.498	3.136	-0.597	-0.354	-0.491	-1.162	1.206	-1.806	-0.587	-1.151	-0.269	-0.400	0.547	1.141	-0.280	-0.833	0.204	0.143	0.019	0.519	-0.217
SyringaeB728a_mexBdelta	Psyr_1131	Psyr_1131		Fimbrial protein	-0.506	0.869	0.964	0.188	0.244	1.948	-0.572	-1.451	-0.459	-1.149	-0.155	-0.020	0.548	1.328	-0.068	0.283	-1.060	-0.629	0.144	0.165	0.403	1.009	-1.422
SyringaeB728a_mexBdelta	Psyr_1132	Psyr_1132		pili assembly chaperone:Bacterial pili assembly chaperone	0.602	-0.231	-1.455	1.871	-0.834	-2.771	-0.740	0.077	0.429	-0.401	-0.109	-0.654	0.633	-1.355	-0.742	0.210	-2.321	-0.053	-0.579	-1.155	-1.812	0.102	-1.063
SyringaeB728a_mexBdelta	Psyr_1133	Psyr_1133		Fimbrial biogenesis outer membrane usher protein	0.852	1.024	0.613	0.823	0.302	2.427	-0.323	0.869	-0.032	0.541	0.724	1.995	-0.237	1.438	-0.499	0.301	-0.387	-1.538	1.541	-0.046	-0.571	-0.646	-0.181
SyringaeB728a_mexBdelta	Psyr_1134	Psyr_1134		pili assembly chaperone	0.532	-0.164	0.337	1.320	0.666	0.658	-0.508	-0.848	1.269	-0.403	0.066	1.321	0.356	-0.167	2.476	0.964	-0.033	2.737	1.980	1.133	2.381	0.392	2.436
SyringaeB728a_mexBdelta	Psyr_1135	Psyr_1135		conserved hypothetical protein	-0.200	-1.202	-1.329	-0.810	-0.750	-0.412	-0.051	-1.157	0.471	0.180	0.654	0.874	1.405	0.984	-2.512	0.684	-1.851	-1.807	-0.909	-1.510	-2.094	-0.503	-1.891
SyringaeB728a_mexBdelta	Psyr_1137	Psyr_1137		Protein of unknown function UPF0153	0.651	-0.406	-1.260	-1.167	0.531	-1.362	0.645	0.392	-1.286	0.292	0.239	0.045	1.975	0.254	-0.869	-1.210	-1.494	-1.309	-0.584	-0.449	0.161	-1.328	0.017
SyringaeB728a_mexBdelta	Psyr_1138	Psyr_1138		GCN5-related N-acetyltransferase	-0.948	-0.220	-0.238	-0.177	-1.257	-0.054	0.063	-1.702	-2.142	-0.488	0.115	-0.334	1.181	-0.120	-0.282	-0.168	-0.499	0.594	0.356	-0.401	-0.786	-0.337	0.048
SyringaeB728a_mexBdelta	Psyr_1139	Psyr_1139		Response regulator receiver:CheW-like protein	1.400	0.736	1.691	0.286	1.234	-0.550	1.190	0.723	1.146	0.941	1.370	0.399	0.724	0.146	-0.414	-0.517	-0.571	0.713	-0.901	0.281	1.417	-0.191	-0.103
SyringaeB728a_mexBdelta	Psyr_1140	Psyr_1140		Disulfide bond formation protein DsbB	0.893	-0.032	-0.035	-0.587	-0.825	-0.656	-0.419	0.312	1.068	-1.116	0.460	1.026	-0.715	-1.923	-0.785	-0.296	-2.763	-3.267	-1.610	-0.455	-5.065	-3.324	-1.448
SyringaeB728a_mexBdelta	Psyr_1146	Psyr_1146		Glycosyl transferase, family 2	0.759	0.687	-1.946	0.622	-2.470	1.848	0.601	-5.401	0.700	0.181	0.443	0.894	0.348	0.138	-0.768	-0.647	-0.098	-0.143	0.145	-1.111	-1.226	0.902	-1.672
SyringaeB728a_mexBdelta	Psyr_1147	Psyr_1147		Acetyltransferase (isoleucine patch superfamily)-like protein	-1.207	0.459	0.028	0.730	-1.034	-0.697	1.020	-3.228	-0.085	0.402	0.187	-0.073	-0.101	-3.369	-0.588	-0.441	-1.502	-2.604	0.852	-1.545	-2.103	-1.189	-4.422
SyringaeB728a_mexBdelta	Psyr_1148	Psyr_1148		branched chain amino acid aminotransferase apoenzyme	-0.012	-2.109	-1.226	-1.615	-0.701	2.391	-1.649	-1.832	-2.919	-1.445	-1.006	0.454	-0.056	-1.247	-3.232	-1.372	-1.958	-1.171	-1.269	-2.990	-2.551	-1.271	-1.785
SyringaeB728a_mexBdelta	Psyr_1149	Psyr_1149		conserved hypothetical protein	-0.165	0.172	-2.176	0.263	0.054	-0.909	-0.210	-0.015	0.631	-0.688	-0.056	-1.574	0.981	-0.578	-0.105	-0.666	-0.266	0.555	0.359	0.386	0.217	-0.275	0.524
SyringaeB728a_mexBdelta	Psyr_1150	Psyr_1150		chemotaxis sensory transducer	-0.785	-0.441	-1.156	-1.014	-1.655	-0.418	0.656	-1.372	-1.929	-0.703	-2.529	-2.273	1.537	0.116	0.681	0.585	-0.825	0.404	0.132	-0.694	0.194	-0.351	0.788
SyringaeB728a_mexBdelta	Psyr_1151	Psyr_1151		cyclohexadienyl dehydratase	-0.495	-1.954	-2.274	-2.877	-1.149	-0.907	-2.037	-2.221	-0.914	-1.889	-2.941	-1.098	-0.582	-0.572	-0.088	0.808	-0.919	-1.337	-0.637	-0.078	-0.497	-0.729	0.068
SyringaeB728a_mexBdelta	Psyr_1152	Psyr_1152		transcriptional regulator, ArsR family	-0.120	-0.894	-2.282	-1.617	-1.420	0.349	-2.509	-0.589	-1.275	-1.205	-1.192	-0.493	0.131	0.964	-0.843	-0.249	-1.516	-0.442	-0.532	-1.179	-1.067	-1.416	-1.344
SyringaeB728a_mexBdelta	Psyr_1153	Psyr_1153		Zinc-containing alcohol dehydrogenase superfamily	-0.762	-0.695	-0.795	-0.138	0.179	-1.058	0.768	-0.068	-0.279	0.384	-2.047	-0.011	-3.094	0.022	0.243	-0.574	-0.380	-0.883	-0.928	0.091	-0.640	-0.864	0.017
SyringaeB728a_mexBdelta	Psyr_1154	Psyr_1154		Copper/Zinc superoxide dismutase	0.099	-0.823	0.320	0.273	-0.638	2.736	0.282	1.025	-0.616	-0.504	0.145	-0.325	0.233	-0.265	-0.596	-0.477	-0.024	0.079	-0.889	-0.683	-1.052	-0.461	-1.794
SyringaeB728a_mexBdelta	Psyr_1155	Psyr_1155		conserved hypothetical protein	0.006	-1.140	-1.051	-0.227	0.054	0.964	0.071	-0.117	-0.528	-1.039	-0.451	-0.619	2.568	1.640	0.603	0.719	0.756	-0.317	-0.257	-1.168	0.232	0.426	0.480
SyringaeB728a_mexBdelta	Psyr_1156	Psyr_1156		Peptidase M20A, peptidase V	-0.423	-0.025	-1.555	0.246	-1.395	-1.528	-1.174	-1.643	-0.250	-1.053	-0.433	-0.496	-2.045	-2.744	-0.737	-1.766	-2.054	-1.898	-2.344	-3.430	-2.215	-0.570	-1.215
SyringaeB728a_mexBdelta	Psyr_1157	Psyr_1157		diguanylate cyclase with PAS/PAC sensor	-0.240	-0.280	0.410	0.546	-0.857	-1.879	-0.250	-1.239	0.832	0.848	-0.409	0.017	-2.418	-2.759	0.584	0.398	0.615	0.064	0.535	-0.254	-0.081	0.379	-0.239
SyringaeB728a_mexBdelta	Psyr_1158	Psyr_1158		Gluconate transporter	-0.545	0.705	-2.060	-0.230	0.703	2.226	-1.348	-0.613	0.496	-0.757	-0.783	-0.309	0.784	-0.121	0.521	-1.474	0.571	0.061	0.151	0.598	0.490	0.937	0.259
SyringaeB728a_mexBdelta	Psyr_1159	Psyr_1159		PAS:GGDEF	0.161	0.313	-0.622	-1.301	0.069	-0.629	-0.418	-1.204	-0.834	0.564	-1.486	-0.277	-0.363	0.541	0.475	-0.383	1.013	0.890	0.407	0.464	-0.661	0.452	-0.598
SyringaeB728a_mexBdelta	Psyr_1160	Psyr_1160		Uncharacterized protein conserved in bacteria-like protein	-2.135	-2.736	-1.677	-2.154	-1.878	-0.897	-0.728	-3.335	-1.894	-1.968	-1.780	-2.190	-0.679	-2.378	-1.164	-0.069	-1.314	-0.599	-0.435	-0.636	-1.679	-0.125	-0.476
SyringaeB728a_mexBdelta	Psyr_1161	Psyr_1161		transcriptional regulator, GntR family	-1.293	-1.248	-1.426	-0.924	-0.477	0.803	-1.712	-1.866	-0.120	-0.889	-0.971	-1.231	-1.423	-1.927	-1.119	-0.521	-0.645	-1.171	-1.217	-0.336	-0.971	-1.047	-1.037
SyringaeB728a_mexBdelta	Psyr_1162	Psyr_1162		conserved hypothetical protein	0.878	1.187	-0.262	-0.263	0.635	0.824	-0.336	-0.221	0.315	0.205	-0.088	1.919	-0.364	-0.014	1.275	0.161	1.030	1.319	0.442	-1.057	1.881	0.764	-0.730
SyringaeB728a_mexBdelta	Psyr_1163	Psyr_1163		Isochorismatase hydrolase	-0.162	-0.426	-1.184	-0.926	-0.947	-0.318	-0.203	-0.420	-0.401	-1.677	-0.077	-0.570	0.858	0.141	-0.923	0.154	-0.150	0.186	-0.702	-0.049	-1.258	-0.995	-0.235
SyringaeB728a_mexBdelta	Psyr_1164	Psyr_1164		nucleoside ABC transporter ATP-binding protein	0.435	-1.074	0.128	-0.431	-1.581	-0.229	0.354	-0.053	-1.365	-0.743	-0.346	0.587	1.058	-0.200	-0.174	0.994	1.136	0.170	0.879	-1.216	-0.085	1.133	1.152
SyringaeB728a_mexBdelta	Psyr_1166	Psyr_1166		Nitrilase/cyanide hydratase and apolipoprotein N-acyltransferase	0.366	-0.034	-0.151	1.691	0.520	2.202	-0.016	0.830	0.490	0.439	0.903	0.405	0.123	1.637	-0.841	-0.850	-0.087	-0.729	-1.696	-0.351	-0.526	-0.342	0.519
SyringaeB728a_mexBdelta	Psyr_1167	Psyr_1167		nucleoside ABC transporter membrane protein	1.034	-0.740	0.278	1.284	-0.462	-0.381	-0.279	0.816	-1.617	-0.871	0.443	1.041	2.174	1.875	-1.442	-1.212	0.227	-0.524	-0.461	-1.168	-0.964	-2.446	-1.533
SyringaeB728a_mexBdelta	Psyr_1168	Psyr_1168		nucleoside ABC transporter membrane protein	-0.505	-1.230	-0.085	0.412	1.256	-0.655	0.600	0.297	-0.007	-0.267	0.439	0.024	2.202	1.785	-0.071	-0.299	0.064	-0.719	0.213	-0.115	-0.866	0.012	-0.186
SyringaeB728a_mexBdelta	Psyr_1169	Psyr_1169		nucleoside-binding protein	1.100	1.073	0.944	0.445	0.490	-1.780	0.508	-0.624	-0.383	-0.219	-0.704	1.065	-0.630	-1.558	0.922	1.504	0.175	0.740	0.199	0.282	-0.432	0.103	-0.996
SyringaeB728a_mexBdelta	Psyr_1170	Psyr_1170		Amidase	0.663	0.917	2.114	1.231	2.566	3.355	1.296	2.719	0.542	2.049	1.352	0.845	-0.888	1.554	-0.400	0.518	-1.329	-0.001	-0.828	0.192	-1.268	-0.178	-1.331
SyringaeB728a_mexBdelta	Psyr_1171	Psyr_1171		conserved hypothetical protein	-0.070	0.644	0.298	-0.257	-0.025	2.185	0.549	0.577	-0.973	0.682	0.570	-0.109	1.930	0.674	0.985	-0.241	-0.009	0.667	-0.488	0.515	0.143	0.353	0.514
SyringaeB728a_mexBdelta	Psyr_1172	Psyr_1172		transcriptional regulator, AsnC family	-0.721	-1.359	0.205	-1.534	-0.294	-0.122	-0.937	0.065	0.816	0.426	0.119	0.450	2.193	0.533	-1.161	-0.322	-1.174	-0.899	-1.905	-0.222	-1.111	-1.796	-1.725
SyringaeB728a_mexBdelta	Psyr_1173	Psyr_1173		Lysine exporter protein (LYSE/YGGA)	0.603	0.117	0.518	0.164	1.363	0.390	0.993	0.196	0.636	0.182	1.033	-0.111	1.715	0.824	-0.091	0.200	-0.927	-1.412	0.374	0.291	-0.368	0.920	0.394
SyringaeB728a_mexBdelta	Psyr_1174	Psyr_1174		Sugar transporter	-0.230	-1.167	-0.087	0.443	0.502	0.266	0.132	0.405	0.220	0.395	-0.191	0.278	-0.096	-0.918	-0.965	-0.638	-0.775	-0.977	-0.960	-0.030	-0.878	-1.173	-0.525
SyringaeB728a_mexBdelta	Psyr_1175	Psyr_1175		Glutathione S-transferase, N-terminal:Glutathione S-transferase, C-terminal	0.540	-1.082	1.182	0.852	0.458	0.427	0.294	0.217	0.263	1.659	0.776	1.514	-0.393	-0.862	-0.118	1.037	0.800	-0.910	0.824	-0.005	0.635	0.432	1.326
SyringaeB728a_mexBdelta	Psyr_1178	Psyr_1178		conserved hypothetical protein	0.004	-0.881	0.304	-1.128	1.291	-1.363	0.070	0.709	-0.444	1.567	0.319	-0.983	0.645	-1.319	1.070	1.271	-0.072	0.296	-0.418	0.710	1.011	0.769	0.531
SyringaeB728a_mexBdelta	Psyr_1179	Psyr_1179		Oligopeptide transporter OPT superfamily	-0.762	-0.398	-0.521	-1.159	0.350	-1.096	-1.626	0.092	-0.243	-1.435	0.399	-0.740	-1.372	-0.551	-1.459	-1.234	-0.451	-1.139	-0.935	-0.798	-1.405	-0.994	-0.938
SyringaeB728a_mexBdelta	Psyr_1180	Psyr_1180		hypothetical protein	-0.165	-1.880	-0.094	-1.121	-0.632	-0.346	0.403	-1.823	0.379	0.387	-0.610	-0.320	0.116	0.435	-0.297	-0.921	-0.758	-0.532	0.088	-0.084	-1.990	-1.425	-0.185
SyringaeB728a_mexBdelta	Psyr_1181	Psyr_1181		Protein of unknown function DUF1375	0.218	-0.319	-0.924	-0.008	0.994	1.783	-0.276	-1.144	0.989	-0.448	0.303	-0.231	-0.072	-0.180	0.427	0.414	0.954	0.033	1.629	0.011	-0.771	-0.768	0.125
SyringaeB728a_mexBdelta	Psyr_1182	Psyr_1182		Protein of unknown function UPF0187	-0.140	-1.364	-1.802	-0.432	0.510	-2.796	-1.603	-1.297	0.039	-0.539	-1.637	-0.550	0.841	-0.377	-1.323	-0.690	0.293	-0.084	0.128	-0.806	0.328	-0.072	0.145
SyringaeB728a_mexBdelta	Psyr_1183	Psyr_1183		type III effector HopAA1	0.607	-0.291	-0.678	-0.565	-0.148	2.610	-0.068	0.107	-0.354	-1.144	-0.319	-1.481	-0.116	0.594	-0.168	-0.410	-0.047	-0.168	-1.643	-0.805	0.196	-0.053	-0.253
SyringaeB728a_mexBdelta	Psyr_1184	Psyr_1184		type III helper protein HrpW1	-2.078	-1.281	0.849	-1.143	-1.773	1.186	-0.585	-2.213	-0.930	-0.041	-0.265	-0.118	-0.672	1.917	-0.492	1.851	0.104	-0.022	0.187	0.141	0.430	1.000	-0.493
SyringaeB728a_mexBdelta	Psyr_1185	Psyr_1185		type III chaperone protein ShcM	1.986	0.968	0.574	1.785	1.700	2.703	0.656	1.565	1.367	0.433	1.657	1.330	0.833	0.961	0.127	1.037	1.133	0.088	1.797	0.322	-1.580	0.345	0.660
SyringaeB728a_mexBdelta	Psyr_1186	Psyr_1186		type III effector HopM1	0.554	-0.211	-0.683	-0.526	-0.458	2.566	-0.275	-0.251	0.760	0.805	-0.150	0.193	-0.472	0.114	0.657	0.773	1.594	-0.188	0.099	0.537	0.674	0.138	1.340
SyringaeB728a_mexBdelta	Psyr_1187	Psyr_1187		type III chaperone protein ShcE	0.716	1.198	1.620	1.520	0.563	0.895	0.395	-0.118	-0.198	-0.870	1.653	2.451	2.792	4.730	-1.832	1.136	1.310	-0.636	0.977	0.586	-0.632	-0.029	0.306
SyringaeB728a_mexBdelta	Psyr_1188	Psyr_1188		type III effector protein AvrE1	0.914	1.366	1.030	0.084	0.643	0.991	0.005	-0.157	1.000	-0.391	0.414	0.398	-0.444	0.299	-0.915	0.568	-0.115	0.157	0.109	-0.567	-0.268	-0.013	-0.075
SyringaeB728a_mexBdelta	Psyr_1189	Psyr_1189		SLT:MLTD_N	-0.295	0.514	0.776	-0.182	1.430	-0.061	0.007	0.612	0.318	-0.672	0.116	0.933	0.044	-0.430	0.897	-0.989	-0.730	0.939	-0.020	-0.098	-0.467	-1.060	-0.012
SyringaeB728a_mexBdelta	Psyr_1190	Psyr_1190		type III transcriptional regulator HrpR	0.187	-1.191	-1.186	-1.445	0.227	-0.679	-0.228	-0.013	-0.459	1.035	-0.794	0.205	-0.755	-0.983	1.565	0.981	0.610	0.587	1.692	0.602	1.605	1.691	1.080
SyringaeB728a_mexBdelta	Psyr_1191	Psyr_1191		type III transcriptional regulator HrpS	0.515	1.382	-0.568	0.532	0.462	-0.087	-0.265	-0.036	0.064	0.212	1.070	-0.005	0.294	0.434	0.928	1.607	0.727	0.671	-0.347	0.969	-0.258	0.779	0.592
SyringaeB728a_mexBdelta	Psyr_1192	Psyr_1192		type III helper protein HrpA2	-0.343	1.218	-0.033	0.020	-0.274	0.560	-0.986	-0.692	-1.029	0.017	0.002	-0.623	1.673	0.884	-0.217	-0.245	-0.141	0.155	-0.150	-1.498	-1.580	-0.838	0.974
SyringaeB728a_mexBdelta	Psyr_1195	Psyr_1195		type III secretion apparatus lipoprotein, YscJ/HrcJ family	1.688	1.170	1.296	1.661	1.873	0.534	0.033	0.390	-0.293	-0.266	0.671	1.266	1.405	0.193	0.502	-0.129	0.073	1.520	0.016	0.753	0.525	0.801	-0.258
SyringaeB728a_mexBdelta	Psyr_1197	Psyr_1197		type III secretion protein HrpE	-0.293	-0.644	-0.574	-0.549	0.803	-0.319	-1.207	0.007	-0.256	-0.048	0.251	-0.562	-1.235	-1.586	0.974	0.245	0.074	1.706	-0.077	-0.241	-0.832	0.691	1.476
SyringaeB728a_mexBdelta	Psyr_1199	Psyr_1199		type III secretion protein HrpG	-0.751	-1.063	1.550	-0.970	-0.636	-0.748	-1.927	-1.668	-0.970	-1.050	-1.179	0.405	-0.416	1.513	-1.522	-1.523	-0.673	-1.076	-1.542	0.286	0.030	-0.198	-0.701
SyringaeB728a_mexBdelta	Psyr_1200	Psyr_1200		outer-membrane type III secretion protein HrcC	-0.207	-1.190	-1.015	-0.553	0.133	1.569	-0.243	-0.092	-0.180	0.427	0.332	-0.228	0.609	-2.877	-0.487	-0.896	-0.302	-0.563	0.473	-0.853	0.148	-0.359	-0.265
SyringaeB728a_mexBdelta	Psyr_1201	Psyr_1201		type III secretion protein HrpT	0.632	1.100	1.989	-0.721	0.646	-0.109	0.600	0.223	0.397	0.256	0.253	0.472	-0.571	-0.521	-0.182	0.182	-0.814	-0.057	-1.084	-0.773	-1.654	0.376	-2.512
SyringaeB728a_mexBdelta	Psyr_1202	Psyr_1202		negative regulator of hrp expression HrpV	0.408	-0.802	-0.854	0.215	-0.476	-1.525	1.744	-0.059	-0.013	-0.010	0.091	-0.984	0.679	1.647	2.137	1.515	-0.398	1.446	1.038	0.823	1.822	2.363	2.289
SyringaeB728a_mexBdelta	Psyr_1203	Psyr_1203		hypothetical protein	-2.005	-1.526	-2.528	-1.761	-1.838	-2.698	-1.444	-2.839	-0.589	-2.325	-1.033	-3.455	-1.271	-2.209	-0.183	0.099	-0.717	-0.878	0.278	-0.220	-0.641	-0.680	-1.375
SyringaeB728a_mexBdelta	Psyr_1204	Psyr_1204		hypothetical protein	-0.378	-0.079	-1.505	-0.313	-0.070	-1.634	-1.030	-1.770	-0.322	0.095	0.113	-0.341	-1.363	-2.706	-0.632	0.147	0.474	0.661	0.658	0.631	-0.191	-0.147	0.587
SyringaeB728a_mexBdelta	Psyr_1205	Psyr_1205		type III secretion protein HrcU	0.862	1.123	0.963	1.362	0.667	-2.096	0.072	-1.232	0.188	0.561	1.149	0.367	-0.403	-0.722	-0.783	-1.385	-0.503	-1.877	-1.185	-0.119	-0.389	-1.294	-0.715
SyringaeB728a_mexBdelta	Psyr_1206	Psyr_1206		type III secretion protein HrcT	0.602	0.425	-0.553	-0.501	0.737	2.007	-0.552	1.569	0.605	-0.724	-0.309	0.408	-0.094	-0.007	-0.371	0.174	0.222	-0.652	0.199	-0.665	0.704	0.586	0.861
SyringaeB728a_mexBdelta	Psyr_1207	Psyr_1207		type III secretion protein HrcS	-0.861	-1.456	-0.321	-0.806	0.153	-1.335	-2.235	-0.661	0.050	-0.940	-1.476	0.211	-1.563	-1.442	0.966	1.592	0.423	1.140	-0.984	1.341	1.859	1.664	1.716
SyringaeB728a_mexBdelta	Psyr_1208	Psyr_1208		type III secretion protein HrcR	-0.238	1.325	0.079	0.425	-0.290	0.480	-0.921	-0.951	-0.259	0.322	-0.151	0.532	-0.103	-0.114	0.331	0.440	0.870	-0.456	0.320	0.134	-0.323	0.031	0.178
SyringaeB728a_mexBdelta	Psyr_1209	Psyr_1209		type III secretion protein HrcQb	0.107	-0.281	0.184	-1.725	-0.273	-0.808	-0.518	-0.516	0.158	-0.076	-0.451	0.001	-0.094	0.587	-0.684	-0.637	-0.227	0.133	0.599	0.663	-0.625	-0.713	-0.616
SyringaeB728a_mexBdelta	Psyr_1210	Psyr_1210		type III secretion protein HrcQa	-0.447	-0.112	0.677	0.095	-0.377	1.164	0.032	-0.388	0.691	1.666	1.977	1.145	0.196	0.332	-0.192	0.231	0.547	0.910	-1.052	-0.185	-0.492	-0.474	0.277
SyringaeB728a_mexBdelta	Psyr_1211	Psyr_1211		type III secretion protein HrpP	-1.007	0.006	1.023	-0.009	0.014	-0.892	-0.673	-0.048	-0.262	-0.557	0.944	-0.959	-0.078	1.166	-1.754	-1.137	-0.309	-1.625	-1.028	-0.761	-1.659	-0.970	-2.012
SyringaeB728a_mexBdelta	Psyr_1212	Psyr_1212		type III secretion protein HrpO	0.803	0.492	0.294	0.188	0.696	-0.938	0.605	1.080	-0.651	0.217	-0.940	1.757	-0.049	-1.147	0.830	0.414	-0.379	0.264	-0.338	-0.713	-0.437	0.474	0.359
SyringaeB728a_mexBdelta	Psyr_1213	Psyr_1213		type III secretion cytoplasmic ATPase HrcN	-0.315	0.617	-0.016	0.986	-0.852	-0.650	1.434	0.572	0.077	0.111	0.807	1.053	-0.207	-1.053	1.106	0.596	0.116	-0.385	-0.319	1.315	0.802	0.214	0.266
SyringaeB728a_mexBdelta	Psyr_1214	Psyr_1214		type III secretion protein HrpQ	0.241	-0.833	1.042	0.131	-0.307	0.101	0.522	0.119	-0.345	-1.346	0.859	-0.096	0.121	0.589	0.235	-1.492	-1.014	-0.163	-1.654	-0.418	-2.153	-0.325	-1.686
SyringaeB728a_mexBdelta	Psyr_1215	Psyr_1215		Type III secretion protein HrcV	0.053	1.429	-0.899	-0.065	1.283	1.717	-0.687	0.257	-0.024	0.427	-0.359	0.337	-0.319	-0.090	0.521	-0.590	-0.001	-0.089	0.130	-0.096	-1.014	-1.085	0.111
SyringaeB728a_mexBdelta	Psyr_1216	Psyr_1216		type III secretion outer membrane protein PopN	-0.439	0.735	-0.841	-0.520	-0.615	-0.932	-0.357	-0.233	-0.021	-0.282	-0.733	0.383	-1.826	-0.034	1.136	-0.657	0.662	0.921	0.530	-0.098	-0.105	-0.201	0.403
SyringaeB728a_mexBdelta	Psyr_1217	Psyr_1217		Sigma-70 region 2:Sigma-70 region 4	1.263	-0.337	-0.494	1.619	1.538	0.582	0.651	1.441	2.374	1.910	0.545	0.947	-0.611	-1.256	0.792	-1.022	-0.237	-1.859	-1.088	-0.530	-0.288	-0.784	-1.023
SyringaeB728a_mexBdelta	Psyr_1218	Psyr_1218		type III helper protein HrpK1	0.038	0.595	0.117	0.474	0.160	1.618	0.077	0.679	-0.184	0.594	0.202	1.148	-0.281	1.344	0.489	-0.026	0.598	0.810	0.302	1.055	0.308	1.121	-0.171
SyringaeB728a_mexBdelta	Psyr_1219	Psyr_1219		type III effector protein AvrB3	-2.137	-1.162	-1.383	-0.013	-0.022	0.419	-0.617	-2.377	-1.135	-0.893	-2.993	-3.048	-3.470	-2.950	-1.238	-1.372	-1.716	-1.279	-1.167	-0.485	-1.600	-0.425	-0.655
SyringaeB728a_mexBdelta	Psyr_1220	Psyr_1220		type III effector HopX1	2.107	1.743	0.269	1.090	0.054	0.009	1.529	0.819	0.769	-0.102	1.321	1.814	1.241	1.158	-0.424	-1.042	-0.937	-0.604	-0.350	-0.187	-0.724	-0.782	-1.949
SyringaeB728a_mexBdelta	Psyr_1221	Psyr_1221		CDS	0.284	1.605	0.735	0.117	0.806	1.197	0.878	1.666	0.876	1.021	1.549	0.354	0.386	1.531	0.834	0.460	0.252	1.096	1.058	1.311	0.912	1.060	1.508
SyringaeB728a_mexBdelta	Psyr_1222	Psyr_1222		CDS	0.149	-0.688	-1.192	0.718	0.363	0.516	-0.387	0.067	-0.398	0.247	-0.019	-0.123	-0.728	0.307	-1.376	-0.710	-0.080	-0.245	0.332	-0.127	-0.659	-0.573	-0.042
SyringaeB728a_mexBdelta	Psyr_1223	Psyr_1223		CDS	1.577	1.085	0.178	0.991	0.510	0.345	-0.276	0.681	-0.663	0.212	0.856	0.089	1.649	1.533	-0.969	-0.811	-1.033	-0.465	-0.249	-1.076	-0.622	-1.100	-1.685
SyringaeB728a_mexBdelta	Psyr_1224	Psyr_1224		type III effector HopZ3	-2.620	-2.924	-1.896	-0.678	0.190	-1.797	-1.529	-2.012	-0.634	-1.601	-3.211	-2.341	-0.249	-0.225	-0.411	-1.124	-0.342	0.030	-0.288	-0.208	-0.831	-1.783	-0.887
SyringaeB728a_mexBdelta	Psyr_1225	Psyr_1225		hypothetical protein	-0.089	0.466	-0.327	0.470	-0.354	-1.840	0.794	2.824	0.640	1.334	0.062	0.114	-1.849	-1.012	-0.654	0.161	-0.192	0.552	-0.702	-0.216	-0.081	-1.369	-1.223
SyringaeB728a_mexBdelta	Psyr_1226	Psyr_1226		hypothetical protein	0.363	-1.106	-0.011	-0.002	-0.740	-0.685	0.127	-1.280	-0.482	-0.757	-0.096	0.058	-2.442	-2.969	-1.514	-0.891	-0.364	-2.639	-0.162	-0.093	0.237	-1.574	0.283
SyringaeB728a_mexBdelta	Psyr_1227	Psyr_1227		Queuosine biosynthesis protein	-0.660	-1.570	-1.959	-2.687	-1.651	2.475	-0.643	-1.222	-0.644	-1.054	-0.608	-0.436	-0.977	-0.807	-0.263	-1.505	-1.480	-1.641	-1.944	-0.790	-2.139	-1.293	-3.534
SyringaeB728a_mexBdelta	Psyr_1232	Psyr_1232		conserved hypothetical protein	1.546	-0.144	0.308	1.367	-0.405	3.224	0.389	0.673	1.624	0.975	0.930	0.125	0.015	2.610	-0.091	1.386	-0.256	0.770	0.710	1.020	0.479	1.206	1.438
SyringaeB728a_mexBdelta	Psyr_1234	Psyr_1234		RNA methyltransferase TrmH, group 1	0.189	0.507	0.699	1.062	0.277	0.751	0.550	0.783	0.203	0.922	-0.783	0.831	-2.076	-1.028	-1.899	-1.386	-0.763	-1.019	-0.475	-1.271	-0.201	-0.669	-1.984
SyringaeB728a_mexBdelta	Psyr_1235	Psyr_1235		serine O-acetyltransferase	0.626	0.332	-0.703	-0.444	0.006	0.173	0.165	0.724	0.051	-0.484	-0.828	-3.075	1.665	0.983	-0.727	-2.353	-1.965	-3.057	-1.076	-2.315	-1.962	-0.157	-0.277
SyringaeB728a_mexBdelta	Psyr_1236	Psyr_1236		transcriptional regulator, BadM/Rrf2 family	-0.729	1.129	-1.041	-1.949	-0.034	0.298	0.505	-1.198	0.594	2.199	-0.570	-1.130	-1.284	0.123	-0.143	-0.532	1.126	0.007	-0.051	-1.549	0.098	0.073	0.081
SyringaeB728a_mexBdelta	Psyr_1245	Psyr_1245		23S rRNA m(2)A-2503 methyltransferase	-1.713	-0.544	8.296	-1.798	12.239	-0.830	2.874	2.616	7.281	-0.381	-1.452	0.272	1.064	0.348	-2.106	-1.535	-2.479	-1.550	-0.614	2.062	-2.141	-1.803	-1.544
SyringaeB728a_mexBdelta	Psyr_1246	Psyr_1246		TPR repeat protein:TPR repeat protein	-0.451	-0.699	0.873	0.752	1.504	0.348	-1.270	1.838	0.137	0.561	0.237	0.674	0.867	0.171	2.051	1.287	3.106	1.528	2.089	2.130	1.181	2.349	1.701
SyringaeB728a_mexBdelta	Psyr_1247	Psyr_1247		conserved hypothetical protein	0.582	0.437	0.239	0.023	0.314	3.512	0.096	0.149	2.779	-0.225	-0.213	0.358	0.599	2.280	-0.569	-0.356	1.242	-0.171	-0.728	0.044	-0.756	-1.653	-0.134
SyringaeB728a_mexBdelta	Psyr_1249	Psyr_1249		histidyl-tRNA synthetase	-2.824	-1.330	2.332	-3.012	0.586	0.389	-1.020	0.720	2.152	-1.714	-0.237	-0.139	0.180	1.336	-1.501	-3.594	-2.561	-1.477	-0.794	-0.954	-2.539	-3.677	-2.234
SyringaeB728a_mexBdelta	Psyr_1250	Psyr_1250		conserved hypothetical protein	-0.855	-1.394	1.154	-0.038	1.540	-1.210	0.716	-2.655	0.219	0.140	0.170	0.719	-0.276	0.214	-1.217	-0.285	-1.641	0.190	0.179	-0.355	-1.871	0.076	-1.008
SyringaeB728a_mexBdelta	Psyr_1251	Psyr_1251		quinoprotein	-1.906	-1.432	-0.861	-0.256	-2.350	-2.002	-0.403	-2.005	-2.100	-2.149	-0.661	-1.845	-0.241	-0.727	-1.522	-1.520	-2.144	-1.175	-1.789	-0.553	-1.467	-0.971	-1.723
SyringaeB728a_mexBdelta	Psyr_1253	Psyr_1253		2-keto-4-methylthiobutyrate aminotransferase apoenzyme	0.898	0.219	0.451	-0.104	0.844	-0.523	1.152	1.287	-0.297	0.831	0.998	0.674	1.991	0.440	0.712	0.990	-0.074	0.358	0.317	0.453	0.790	0.719	0.690
SyringaeB728a_mexBdelta	Psyr_1254	Psyr_1254		Nitrilase/cyanide hydratase and apolipoprotein N-acyltransferase	-0.225	-0.108	-0.648	-0.630	0.314	-1.240	0.794	1.127	-0.217	0.114	-0.315	1.388	0.351	0.623	0.377	-0.849	-0.446	0.624	0.078	-1.673	-0.326	-0.149	-0.085
SyringaeB728a_mexBdelta	Psyr_1255	Psyr_1255		conserved hypothetical protein	-0.678	-1.745	1.059	-1.359	0.180	2.137	0.074	-0.191	-1.273	-1.882	-0.088	-0.070	-0.532	0.602	2.013	0.628	1.730	0.196	0.151	-1.070	-0.282	0.544	0.768
SyringaeB728a_mexBdelta	Psyr_1256	Psyr_1256		carboxyphosphonoenolpyruvate phosphonomutase	-1.003	1.390	-0.353	-1.533	-1.044	-3.078	-2.306	-0.509	-0.789	-0.584	0.069	-1.382	-0.068	0.040	0.390	-0.010	-1.321	-1.149	-0.269	-1.119	-0.858	-1.980	-2.432
SyringaeB728a_mexBdelta	Psyr_1257	Psyr_1257		2-isopropylmalate synthase	0.182	1.112	0.511	2.314	0.683	2.026	-0.035	1.251	1.524	1.302	0.766	1.710	0.276	1.131	1.136	1.495	1.716	0.820	0.805	0.294	0.093	0.858	0.303
SyringaeB728a_mexBdelta	Psyr_1258	Psyr_1258		Peptidase M23B	1.140	1.540	-0.895	1.619	1.178	1.150	1.162	-0.257	-0.653	1.874	0.461	0.153	0.127	-0.373	-0.078	-0.575	1.407	0.016	-0.695	0.976	0.934	1.217	0.797
SyringaeB728a_mexBdelta	Psyr_1259	Psyr_1259		Exodeoxyribonuclease VII large subunit	0.771	1.040	-0.948	0.488	-0.081	-0.685	0.158	0.441	-4.067	-0.868	-0.405	0.745	0.493	0.497	-0.864	-0.924	0.067	-2.484	1.634	-1.139	-1.219	-1.440	0.339
SyringaeB728a_mexBdelta	Psyr_1260	Psyr_1260		conserved hypothetical protein	0.515	-0.051	-0.643	0.827	0.872	-0.776	1.022	-0.800	0.367	1.603	-0.149	-0.819	-0.753	-0.523	-0.472	-1.139	-0.469	-1.458	-1.852	-0.036	0.254	-0.856	-0.240
SyringaeB728a_mexBdelta	Psyr_1263	Psyr_1263		ATPase	-0.993	-0.820	-1.172	0.109	0.040	-1.638	0.138	-0.832	0.244	0.221	-1.206	-0.394	-0.693	-3.555	0.477	0.726	0.873	0.358	1.205	0.761	-0.025	0.339	-0.368
SyringaeB728a_mexBdelta	Psyr_1264	Psyr_1264		hypothetical protein	-1.439	-0.492	0.819	-0.720	-0.286	-0.018	-0.333	-0.648	0.454	-0.250	-0.639	0.063	0.706	-1.220	-1.645	0.015	1.057	-0.378	-0.322	-0.208	0.565	-0.725	-1.927
SyringaeB728a_mexBdelta	Psyr_1265	Psyr_1265		hypothetical protein	-0.320	-0.303	-0.747	-0.790	-0.325	2.491	0.261	0.132	0.330	-0.180	-1.053	0.124	0.029	-0.378	0.191	-0.884	0.911	1.006	-0.037	0.575	-0.069	0.468	-0.882
SyringaeB728a_mexBdelta	Psyr_1266	Psyr_1266		Twin-arginine translocation pathway signal	-0.051	1.297	-2.347	0.428	-1.027	0.746	-0.985	-2.975	1.229	1.342	-0.080	-0.970	-0.453	-0.431	0.908	1.113	-1.488	-0.760	-0.024	-0.693	-0.452	0.441	-1.419
SyringaeB728a_mexBdelta	Psyr_1268	Psyr_1268		extracellular solute-binding protein, family 3:SLT	-2.990	-2.056	-3.828	-2.401	-2.407	-2.514	-4.059	-2.917	-3.532	-2.968	-4.391	-3.384	-4.889	-4.288	-2.878	-3.240	-4.256	-3.312	-3.115	-4.716	-2.130	-1.959	-4.356
SyringaeB728a_mexBdelta	Psyr_1270	Psyr_1270		conserved hypothetical protein	1.040	-1.105	0.262	-0.339	-0.636	-0.935	0.924	0.161	-0.533	0.713	0.822	1.162	-0.331	0.080	0.580	0.301	-0.382	0.517	-0.996	1.756	0.430	2.222	0.734
SyringaeB728a_mexBdelta	Psyr_1271	Psyr_1271		ErfK/YbiS/YcfS/YnhG	0.592	-0.051	-2.001	-0.582	-1.819	-3.245	-0.683	-2.971	-0.721	-0.294	-1.666	-1.300	1.182	-1.725	0.931	1.636	1.730	2.232	1.764	2.106	2.126	2.047	2.197
SyringaeB728a_mexBdelta	Psyr_1272	Psyr_1272		NUDIX hydrolase	2.266	1.984	0.143	0.441	-0.387	-1.262	0.863	0.422	-0.368	0.270	-0.666	-0.761	-0.424	-0.378	-1.325	0.177	-0.527	-0.061	-0.040	-0.375	-0.064	-0.363	-0.087
SyringaeB728a_mexBdelta	Psyr_1273	Psyr_1273		NUDIX hydrolase	0.333	-0.162	-1.773	-0.558	-1.257	-0.327	-0.521	0.563	-0.251	1.216	0.334	-0.369	1.275	0.438	-2.295	-1.297	-1.394	-1.588	-0.214	-1.328	-0.264	-0.394	-0.606
SyringaeB728a_mexBdelta	Psyr_1274	Psyr_1274		transferase hexapeptide repeat protein	-0.060	-0.253	-0.833	-0.624	-1.422	-1.616	-1.289	-0.838	0.421	-1.407	-1.466	0.243	-0.639	-0.678	-0.460	-0.309	0.747	0.077	0.027	0.107	-0.435	-0.213	0.099
SyringaeB728a_mexBdelta	Psyr_1275	Psyr_1275		Protein of unknown function DUF1289	-2.113	-1.253	-1.259	-0.597	-1.428	-0.292	0.204	-1.090	-0.509	1.214	-1.886	-0.906	0.091	-1.503	-1.063	-0.448	-0.059	0.889	-0.696	-0.005	-0.466	-0.731	-1.379
SyringaeB728a_mexBdelta	Psyr_1276	Psyr_1276		conserved hypothetical protein	0.404	1.067	-1.867	-0.687	-0.845	-0.171	0.153	-0.611	0.955	-0.180	0.086	-0.754	2.055	0.373	-0.808	-0.280	0.286	-1.534	-0.335	0.463	0.599	0.544	0.563
SyringaeB728a_mexBdelta	Psyr_1277	Psyr_1277		formate-dependent phosphoribosylglycinamide formyltransferase	-0.457	-0.312	-2.096	-1.330	-0.601	-1.808	-0.569	-1.739	-0.904	-0.879	-0.544	-1.515	-0.744	-0.107	1.376	-0.201	0.606	-0.475	-1.080	-1.124	0.240	-0.551	0.105
SyringaeB728a_mexBdelta	Psyr_1278	Psyr_1278		Citrate-proton symport	0.392	1.931	1.305	0.368	0.579	2.773	0.021	1.767	0.571	0.785	0.193	1.310	0.749	1.480	0.087	-0.026	0.672	-0.502	-0.292	-0.449	0.133	-0.045	0.074
SyringaeB728a_mexBdelta	Psyr_1279	Psyr_1279		CBS:Transporter-associated region	0.352	0.407	-0.158	0.490	-0.152	1.144	-0.134	1.277	-2.084	0.350	-0.648	0.982	-0.345	-0.634	0.062	-0.458	0.756	-0.127	-1.050	-0.361	-0.216	-0.494	0.136
SyringaeB728a_mexBdelta	Psyr_1280	Psyr_1280		Cytochrome c assembly protein	0.499	0.294	-3.310	-0.727	-3.433	1.057	0.462	-1.610	-2.024	-0.223	-1.011	-0.378	-0.257	-1.176	-1.263	-1.446	1.788	-0.548	-0.671	1.360	-1.121	0.467	-1.385
SyringaeB728a_mexBdelta	Psyr_1286	Psyr_1286		tyrosine recombinase XerD subunit	-3.136	-2.142	0.954	-2.010	-1.293	-2.160	-0.988	-2.088	-3.333	-1.944	-2.167	-0.645	1.506	-0.546	-1.019	-2.250	-2.856	-2.362	-1.867	-1.227	-2.241	-2.078	-4.598
SyringaeB728a_mexBdelta	Psyr_1287	Psyr_1287		hypothetical protein	-1.495	-1.964	-1.501	-2.243	-0.514	-0.913	0.266	-1.732	-0.902	-0.388	-1.593	-2.406	-2.059	-2.418	-0.883	-0.215	0.645	-0.371	-0.551	0.260	-0.301	0.127	0.761
SyringaeB728a_mexBdelta	Psyr_1288	Psyr_1288		hypothetical protein	-3.614	-2.459	-2.453	-2.132	-2.196	-2.428	-0.839	-3.292	-2.312	-0.550	-1.720	-2.251	-2.134	-1.408	-2.402	-1.478	0.324	-0.290	-1.218	0.261	-0.567	0.715	0.168
SyringaeB728a_mexBdelta	Psyr_1292	Psyr_1292		multi-sensor hybrid histidine kinase	0.101	0.256	-0.061	0.202	0.310	-0.060	1.501	0.768	0.314	1.415	1.387	1.025	-0.578	-1.560	-0.308	0.423	0.570	-0.218	-0.261	0.157	-0.404	0.422	-0.509
SyringaeB728a_mexBdelta	Psyr_1293	Psyr_1293		EAL:Response regulator receiver	-1.060	0.116	-1.793	0.032	-0.519	-0.932	-0.289	-0.029	-0.494	-0.119	0.271	0.015	0.627	0.030	1.177	1.053	0.809	0.877	0.020	0.732	-0.487	0.632	-0.056
SyringaeB728a_mexBdelta	Psyr_1294	Psyr_1294		regulatory protein, LuxR:Response regulator receiver	0.215	-1.080	0.360	1.746	0.383	-0.388	0.752	0.000	0.707	-0.067	1.285	-0.609	0.520	0.975	2.464	-0.740	1.841	0.302	-1.280	0.681	-0.144	-0.115	-1.113
SyringaeB728a_mexBdelta	Psyr_1295	Psyr_1295		conserved domain protein	1.283	0.721	2.045	1.311	0.200	0.323	1.809	1.494	1.011	0.967	1.068	-1.616	1.246	1.594	0.607	0.286	0.606	0.587	0.194	1.198	1.865	0.659	1.097
SyringaeB728a_mexBdelta	Psyr_1296	Psyr_1296		conserved hypothetical protein	1.333	0.298	1.162	1.328	0.003	3.014	1.085	2.199	0.534	1.928	2.110	1.235	2.644	2.426	0.782	0.487	-0.618	0.095	0.537	1.476	0.622	-0.059	0.652
SyringaeB728a_mexBdelta	Psyr_1297	Psyr_1297		YaeQ	0.046	1.324	-0.388	1.216	1.027	0.047	0.516	0.172	1.091	0.917	-0.392	-0.369	1.416	1.082	-0.131	1.146	-1.307	-0.996	-0.567	1.125	1.703	0.017	-1.094
SyringaeB728a_mexBdelta	Psyr_1298	Psyr_1298		exonuclease RecJ	0.101	-0.509	-0.630	-0.515	-0.450	-1.396	-0.795	-1.251	-0.233	-2.295	-1.712	-1.334	-0.093	-0.048	2.332	1.270	2.430	2.036	1.039	0.908	1.741	0.465	-0.359
SyringaeB728a_mexBdelta	Psyr_1299	Psyr_1299		NADH:flavin oxidoreductase/NADH oxidase	-0.481	1.230	-0.669	-0.795	-0.254	-1.528	0.442	0.156	-1.367	-0.520	-1.629	-1.382	-0.308	-0.765	-0.824	1.686	-0.384	-0.602	-0.249	1.026	-0.636	-0.620	-0.226
SyringaeB728a_mexBdelta	Psyr_1300	Psyr_1300		PAS/PAC sensor hybrid histidine kinase	-0.307	0.543	1.051	0.405	0.161	2.985	0.286	1.360	1.207	0.688	0.906	0.305	1.625	0.129	0.531	0.957	0.639	-0.795	0.289	-0.250	-0.163	-0.269	0.732
SyringaeB728a_mexBdelta	Psyr_1301	Psyr_1301		Protein of unknown function DUF533	0.821	0.661	-0.118	1.095	0.625	0.282	-0.284	-0.018	0.952	-0.942	0.301	-0.246	-2.505	-0.393	1.020	1.206	1.117	1.094	0.917	0.732	1.542	1.940	0.711
SyringaeB728a_mexBdelta	Psyr_1302	Psyr_1302		Leucine-rich repeat protein	0.803	0.271	-0.198	0.308	0.027	1.852	0.214	-0.296	0.067	0.736	-0.249	1.293	0.014	-1.080	1.700	0.155	1.065	0.627	0.631	1.120	0.182	0.991	1.395
SyringaeB728a_mexBdelta	Psyr_1303	Psyr_1303		Histidine kinase, HAMP region:Bacterial chemotaxis sensory transducer	0.807	1.118	1.640	1.296	1.089	1.738	0.576	0.499	0.926	1.542	0.790	-0.069	0.634	-2.519	0.948	0.799	1.323	-0.110	1.569	1.643	0.530	1.707	1.733
SyringaeB728a_mexBdelta	Psyr_1304	Psyr_1304		CheW-like protein	0.149	0.840	1.023	0.897	-0.068	2.821	1.539	0.821	-0.392	1.129	0.281	0.788	-0.020	0.770	1.047	0.394	0.541	-0.677	0.472	0.027	-2.014	0.661	0.320
SyringaeB728a_mexBdelta	Psyr_1305	Psyr_1305		MCP methyltransferase, CheR-type	1.349	0.176	0.242	0.506	-0.844	0.385	0.575	0.559	-0.574	-0.699	-0.975	1.534	0.308	0.952	0.749	1.506	0.096	-0.038	0.054	0.266	1.259	1.999	0.481
SyringaeB728a_mexBdelta	Psyr_1306	Psyr_1306		CheW-like protein	-0.351	-0.334	1.227	0.738	-0.160	-0.443	-1.510	-0.128	0.408	-1.462	0.073	0.601	0.118	2.212	-0.264	0.874	0.791	0.204	0.832	0.806	0.109	0.244	0.683
SyringaeB728a_mexBdelta	Psyr_1307	Psyr_1307		Response regulator receiver:CheW-like protein:ATP-binding region, ATPase-like:Hpt	-0.538	-0.691	-2.518	-0.709	0.931	-0.116	-0.463	-0.814	0.615	-1.112	-1.218	0.026	0.826	1.057	0.888	-0.079	1.381	0.130	0.667	0.869	0.274	1.481	1.102
SyringaeB728a_mexBdelta	Psyr_1308	Psyr_1308		Protein-glutamate methylesterase	-0.174	-0.053	-1.807	-0.953	-0.731	0.389	-0.228	-0.168	-0.510	-0.301	0.631	-0.547	3.189	4.614	0.761	-2.614	-0.872	1.028	-0.059	-0.120	0.519	0.224	0.268
SyringaeB728a_mexBdelta	Psyr_1309	Psyr_1309		response regulator receiver modulated diguanylate cyclase	-0.425	2.034	-0.894	-0.776	-0.784	-0.507	0.044	0.718	0.589	0.905	0.390	-0.060	-0.014	-1.072	2.686	1.174	0.757	0.915	1.019	0.709	0.916	1.749	1.553
SyringaeB728a_mexBdelta	Psyr_1312	Psyr_1312		transcriptional regulator, TetR family	1.152	0.732	-1.876	1.289	-3.564	-0.925	0.922	0.205	1.046	0.804	1.063	1.870	-0.197	-0.767	2.922	1.870	1.183	1.764	0.891	0.665	2.050	2.000	-0.471
SyringaeB728a_mexBdelta	Psyr_1313	Psyr_1313		conserved hypothetical protein	-0.743	1.096	0.250	0.631	-0.128	0.102	0.220	0.753	0.514	-0.402	-1.380	-0.076	-1.076	-0.051	0.462	0.690	1.062	0.747	0.155	-0.632	0.208	0.709	0.653
SyringaeB728a_mexBdelta	Psyr_1314	Psyr_1314		lipoprotein, putative	-0.606	1.364	-0.559	-0.317	-0.097	-0.002	0.006	-2.295	0.020	-0.573	-0.634	-0.819	2.892	1.385	0.378	0.551	-1.438	0.067	0.747	0.529	0.122	1.590	-1.029
SyringaeB728a_mexBdelta	Psyr_1315	Psyr_1315		lipoprotein, putative	0.295	0.020	-0.135	-0.327	0.607	2.395	0.314	-0.537	-0.052	0.574	0.659	-0.003	0.364	2.120	0.063	0.221	-0.545	0.878	0.463	-0.319	0.526	1.203	-1.345
SyringaeB728a_mexBdelta	Psyr_1316	Psyr_1316		OmpA/MotB	1.631	0.142	0.057	0.108	0.142	0.774	0.700	2.579	0.073	0.948	1.396	1.198	1.751	1.435	0.370	0.911	0.669	1.419	1.225	1.892	1.308	-0.273	0.491
SyringaeB728a_mexBdelta	Psyr_1317	Psyr_1317		conserved hypothetical protein	-0.389	0.081	2.077	-1.499	0.874	-1.538	0.541	-0.405	-1.458	-0.541	-0.903	-0.610	1.421	0.345	1.192	3.033	0.910	2.106	0.148	1.554	1.245	1.982	0.440
SyringaeB728a_mexBdelta	Psyr_1318	Psyr_1318		Phosphoenolpyruvate carboxylase	3.167	2.245	2.187	1.588	1.574	1.064	2.315	2.185	0.700	2.123	2.167	1.540	0.878	0.993	1.999	0.083	1.718	0.237	1.059	1.170	1.682	0.844	1.650
SyringaeB728a_mexBdelta	Psyr_1321	Psyr_1321		conserved hypothetical protein	-1.412	-2.290	-1.653	-0.168	-0.233	-0.088	-1.320	-1.167	-0.031	-0.989	-0.382	-0.772	0.158	-0.797	1.629	1.510	1.671	0.724	1.936	1.644	0.819	0.894	0.624
SyringaeB728a_mexBdelta	Psyr_1322	Psyr_1322		Protein of unknown function DUF72	-0.852	-0.898	-2.927	-0.010	-0.333	-0.665	0.078	-2.567	-0.654	-0.665	-0.335	-1.658	-0.341	-0.431	-0.125	1.363	-0.772	1.272	1.012	0.970	1.216	1.458	0.903
SyringaeB728a_mexBdelta	Psyr_1323	Psyr_1323		Extensin-like, C-terminal	-0.168	-0.767	-0.805	-1.068	-0.332	1.218	0.363	-1.408	-1.427	-0.964	-0.736	-1.087	-0.731	1.817	0.468	0.344	-0.665	0.206	-0.919	0.059	0.140	0.116	-1.022
SyringaeB728a_mexBdelta	Psyr_1324	Psyr_1324		conserved hypothetical protein	-0.899	0.062	-1.500	0.258	0.967	0.618	-0.312	-1.460	-0.162	0.250	-0.356	-0.236	-1.324	-0.413	0.139	-0.401	0.305	-0.761	0.384	-1.166	0.350	-1.927	-0.020
SyringaeB728a_mexBdelta	Psyr_1325	Psyr_1325		Protein of unknown function DUF548	-0.011	1.131	-1.000	-0.338	-0.884	-0.500	0.794	-0.173	-0.080	0.231	0.924	1.488	0.137	1.175	0.635	1.640	-0.667	-1.341	-0.047	-1.065	-0.715	-0.251	0.668
SyringaeB728a_mexBdelta	Psyr_1326	Psyr_1326		conserved hypothetical protein	0.649	0.398	-1.987	-0.986	-0.175	2.252	-1.077	0.494	-0.390	0.319	-0.309	-0.238	1.594	2.439	0.150	-0.074	-0.588	0.086	-1.423	0.787	-0.720	1.153	-0.301
SyringaeB728a_mexBdelta	Psyr_1327	Psyr_1327		conserved hypothetical protein	1.140	0.786	1.119	1.916	1.280	1.883	1.888	2.431	-0.860	1.076	1.408	0.884	1.150	0.547	0.027	-0.030	0.300	-0.102	2.066	1.100	0.301	0.475	1.186
SyringaeB728a_mexBdelta	Psyr_1328	Psyr_1328		glycerol-3-phosphate acyltransferase	0.810	0.544	-1.880	0.355	-1.634	0.314	0.681	1.830	0.034	0.612	1.377	0.782	-2.211	1.290	0.361	0.566	1.393	0.577	0.540	0.402	-0.142	0.594	2.024
SyringaeB728a_mexBdelta	Psyr_1329	Psyr_1329		conserved hypothetical protein	2.277	0.272	-1.626	-0.261	-2.080	-0.752	-0.661	-1.198	0.451	-0.284	-1.189	-1.387	-2.020	-1.947	-0.181	-2.042	-2.038	-1.718	-1.254	1.462	0.193	-1.090	-1.670
SyringaeB728a_mexBdelta	Psyr_1330	Psyr_1330		23S rRNA m(1)G-745 methyltransferase	2.312	0.797	0.382	2.466	0.369	0.529	2.512	-0.233	1.742	0.630	1.843	1.368	-1.324	-1.768	1.174	1.440	1.639	1.111	2.131	1.122	1.230	1.494	0.481
SyringaeB728a_mexBdelta	Psyr_1332	Psyr_1332		Glycosyl transferase, family 2	-0.572	0.037	-1.468	0.149	-0.413	-1.304	0.709	-0.778	-0.773	0.515	-0.236	-0.829	-0.412	-2.150	0.617	1.077	0.381	0.291	-0.362	0.359	-0.125	0.584	-0.841
SyringaeB728a_mexBdelta	Psyr_1333	Psyr_1333		UBA/THIF-type NAD/FAD binding fold protein	0.344	0.349	0.130	-0.172	1.797	0.922	-0.714	-0.093	0.224	-0.618	1.223	1.459	0.583	0.859	0.324	0.678	-1.354	0.315	-1.588	0.190	0.001	0.509	0.518
SyringaeB728a_mexBdelta	Psyr_1334	Psyr_1334		Cysteine desulfuration protein SufE	-0.551	-0.971	-1.362	-0.405	0.443	1.465	-0.073	0.294	-0.828	-1.353	0.016	0.263	-0.379	0.253	0.306	-0.648	0.947	1.391	-0.142	0.060	1.916	0.513	-0.721
SyringaeB728a_mexBdelta	Psyr_1335	Psyr_1335		Aminotransferase, class V	1.239	0.499	0.184	1.346	0.355	1.530	1.444	1.804	0.492	0.377	1.900	0.752	1.176	1.648	-1.511	-0.648	0.022	-1.720	-0.105	-0.169	0.516	-0.715	-0.001
SyringaeB728a_mexBdelta	Psyr_1337	Psyr_1337		Conserved hypothetical protein ArsC related protein	0.924	0.828	1.042	-0.431	0.438	3.638	4.101	0.914	0.930	2.060	-0.911	-0.592	2.492	1.947	0.737	1.896	1.677	2.164	1.049	1.566	1.078	1.295	0.927
SyringaeB728a_mexBdelta	Psyr_1338	Psyr_1338		Hypothetical protein	1.720	0.799	1.253	0.358	0.385	2.108	2.364	1.279	-0.621	0.606	1.282	-0.426	1.963	3.307	0.983	1.330	1.023	0.350	1.572	0.559	0.256	0.110	1.053
SyringaeB728a_mexBdelta	Psyr_1339	Psyr_1339		conserved hypothetical protein	1.707	0.524	0.086	1.404	1.473	0.599	0.332	-0.019	0.378	0.321	0.174	0.307	-1.000	1.036	2.106	1.434	2.996	1.486	-0.558	0.874	1.463	1.195	2.022
SyringaeB728a_mexBdelta	Psyr_1340	Psyr_1340		Aminotransferase, class I and II	-0.540	0.246	-0.207	-0.134	-0.147	0.802	-0.301	0.491	2.695	1.224	1.177	1.107	-0.247	-1.017	1.280	1.490	2.012	0.773	0.566	1.201	0.948	0.888	1.546
SyringaeB728a_mexBdelta	Psyr_1341	Psyr_1341		Protein-P-II uridylyltransferase	-1.255	-3.059	-2.111	-0.399	1.871	-0.926	-3.692	-1.179	-1.171	-2.508	-1.618	-1.061	0.191	-0.259	-1.058	-1.801	-3.145	-0.948	-1.929	-0.208	-0.509	-0.927	-0.771
SyringaeB728a_mexBdelta	Psyr_1342	Psyr_1342		methionine aminopeptidase, type I	0.119	-1.166	-1.219	-0.703	-0.887	1.800	-0.808	-1.127	-0.063	-1.326	-0.365	-0.302	-0.579	-0.955	0.509	0.498	0.853	0.222	0.437	0.431	-0.072	0.816	0.908
SyringaeB728a_mexBdelta	Psyr_1350	Psyr_1350		site-2 protease, Metallo peptidase, MEROPS family M50B	1.949	-0.120	-1.957	-0.183	1.046	-2.391	-0.234	-4.077	0.328	-1.678	-3.004	-0.348	-1.038	-1.230	-0.646	1.731	-0.642	0.383	-0.202	0.766	-0.710	0.281	-2.687
SyringaeB728a_mexBdelta	Psyr_1357	Psyr_1357		RNase HII	1.725	0.193	1.422	0.369	2.551	-0.534	1.880	1.501	1.318	3.920	1.210	2.689	0.097	-0.369	1.313	1.718	0.191	1.218	0.356	0.322	1.445	0.577	0.855
SyringaeB728a_mexBdelta	Psyr_1366	Psyr_1366		transcriptional regulator, LysR family	1.293	0.864	0.730	0.921	0.424	1.322	0.949	0.928	1.179	1.081	0.726	0.807	-1.720	-0.903	1.789	0.304	-0.258	0.749	1.352	2.052	0.524	0.554	0.809
SyringaeB728a_mexBdelta	Psyr_1367	Psyr_1367		Zinc-containing alcohol dehydrogenase superfamily	-0.875	-1.336	-0.008	-0.323	0.766	0.754	-0.255	-0.126	-0.525	-0.544	-0.739	-1.220	0.834	-0.023	-0.218	-0.123	-0.163	-0.690	-1.155	0.426	-1.582	-0.114	0.169
SyringaeB728a_mexBdelta	Psyr_1368	Psyr_1368		Carboxylesterase	0.431	-0.092	1.984	1.642	0.988	3.160	2.248	1.547	2.499	1.220	2.076	1.236	0.645	-0.142	1.402	0.966	0.280	0.576	-0.088	-0.127	1.800	-0.435	-0.004
SyringaeB728a_mexBdelta	Psyr_1370	Psyr_1370		tRNA pseudouridine synthase D, TruD	0.248	-1.012	-1.615	-0.808	-0.659	1.384	-0.445	-0.865	-2.349	-1.265	-1.141	-0.033	2.168	-0.485	0.733	0.679	0.486	-0.552	0.542	1.274	0.110	-0.032	-0.858
SyringaeB728a_mexBdelta	Psyr_1371	Psyr_1371		5'-nucleotidase / exopolyphosphatase / 3'-nucleotidase	-2.360	-5.722	-1.506	-3.488	-1.798	-0.605	-1.342	-2.291	-4.356	-5.629	-4.313	-6.393	0.508	-1.925	-5.246	-5.707	-3.505	-6.443	-4.540	-3.858	-6.197	-5.329	-9.008
SyringaeB728a_mexBdelta	Psyr_1372	Psyr_1372		Protein-L-isoaspartate(D-aspartate) O-methyltransferase	-0.342	-0.128	-0.148	0.812	0.595	0.031	0.754	-0.905	-1.541	0.046	-0.065	-1.579	-0.259	-2.286	-1.624	-1.591	-0.688	-2.859	-2.659	0.210	-1.096	-1.488	-2.179
SyringaeB728a_mexBdelta	Psyr_1374	Psyr_1374		RNA polymerase, sigma 38 subunit, RpoS	1.637	1.326	0.867	1.219	1.958	3.079	0.722	-0.807	1.240	0.607	0.280	0.825	0.420	-1.744	-0.100	0.241	1.034	0.590	0.736	-0.160	0.878	-0.242	0.106
SyringaeB728a_mexBdelta	Psyr_1376	Psyr_1376		DNA mismatch repair protein MutS	1.340	1.783	0.242	0.631	0.792	1.981	1.634	1.059	1.480	1.485	1.383	1.336	1.768	1.021	0.773	1.082	1.439	0.838	1.648	0.474	1.697	0.174	0.268
SyringaeB728a_mexBdelta	Psyr_1377	Psyr_1377		CinA, C-terminal	-0.003	0.901	0.486	2.506	0.743	3.192	0.883	2.307	0.188	0.612	1.818	1.910	0.689	0.522	0.330	-0.487	-0.676	0.060	-0.359	0.057	0.112	0.020	0.056
SyringaeB728a_mexBdelta	Psyr_1378	Psyr_1378		RecA protein	-1.249	0.969	-2.718	-2.694	-1.155	1.104	0.019	-1.027	-2.459	-2.143	-2.368	-0.184	-1.854	-2.351	-0.920	-1.075	-0.102	-0.498	-2.044	-1.607	-1.226	-1.167	-2.566
SyringaeB728a_mexBdelta	Psyr_1380	Psyr_1380		Conserved hypothetical protein 730	1.744	1.031	0.230	1.474	0.247	-0.020	-0.113	1.024	0.436	0.512	0.869	0.026	1.913	-1.080	0.678	0.216	0.195	-0.043	0.372	1.159	1.342	2.014	0.488
SyringaeB728a_mexBdelta	Psyr_1381	Psyr_1381		conserved hypothetical protein	0.412	-0.260	0.493	0.233	0.713	0.826	2.592	-0.286	0.737	-0.891	1.235	1.657	1.087	-0.028	-1.254	0.966	-0.401	2.305	0.578	0.704	2.042	0.739	-0.210
SyringaeB728a_mexBdelta	Psyr_1382	Psyr_1382		DTW	-0.397	0.738	0.004	-0.429	-0.763	0.059	0.711	-0.479	1.346	-1.217	-0.675	-0.442	-0.069	0.419	0.682	-0.572	-0.587	-0.148	-0.451	0.940	-0.102	-0.753	-0.220
SyringaeB728a_mexBdelta	Psyr_1385	Psyr_1385		diacylglycerol kinase	0.858	-0.487	0.496	-0.147	-1.055	1.021	-0.797	0.116	-0.789	-0.133	-0.320	1.687	1.090	0.788	2.589	0.501	1.022	-0.677	0.089	0.531	1.215	-0.561	0.448
SyringaeB728a_mexBdelta	Psyr_1386	Psyr_1386		transcriptional regulator, LysR family	0.021	-0.214	0.047	-0.088	0.439	1.192	-1.222	-0.218	-0.659	0.429	0.691	0.561	2.065	0.038	-1.543	0.700	0.521	0.819	0.281	-0.250	-1.255	-2.313	0.084
SyringaeB728a_mexBdelta	Psyr_1388	Psyr_1388		Protein of unknown function UPF0066	0.702	0.893	-0.470	0.478	-0.271	0.098	1.227	-1.332	0.309	0.754	1.453	0.219	-0.490	-0.804	-0.365	0.425	-0.664	-0.351	-1.018	-2.053	-0.787	-0.381	-1.142
SyringaeB728a_mexBdelta	Psyr_1389	Psyr_1389		Protein of unknown function DUF1456	-1.777	-1.695	-1.439	-0.966	-0.432	-2.993	-0.413	0.182	-1.605	-0.673	-2.198	-1.719	-0.070	-1.084	-0.808	0.365	-0.293	0.203	-0.163	0.142	-0.838	0.384	-0.065
SyringaeB728a_mexBdelta	Psyr_1390	Psyr_1390		RNA-binding S4	-0.332	-0.653	-0.939	-0.539	-0.101	-0.754	-0.056	-0.855	-1.396	0.436	-0.181	-0.275	-0.660	1.167	-0.577	-1.138	0.000	0.243	1.147	1.517	0.121	0.454	-0.031
SyringaeB728a_mexBdelta	Psyr_1391	Psyr_1391		GCN5-related N-acetyltransferase	0.135	0.179	0.594	0.822	-0.785	1.300	1.057	-0.521	-0.683	2.067	1.166	0.515	-0.137	-0.396	0.859	-0.736	0.005	-0.136	-0.117	0.721	-0.325	-1.210	-0.206
SyringaeB728a_mexBdelta	Psyr_1392	Psyr_1392		SSU ribosomal protein S12P methylthiotransferase	-0.662	0.264	-1.153	-0.330	-1.501	2.516	-0.379	0.917	1.482	-0.603	-1.036	1.145	-0.059	1.899	-0.751	-0.216	1.883	1.809	-0.135	0.323	0.167	0.080	1.009
SyringaeB728a_mexBdelta	Psyr_1393	Psyr_1393		conserved hypothetical protein	-0.016	1.328	0.558	-0.246	-0.087	2.688	0.796	0.230	-0.407	0.205	-0.559	0.590	1.360	2.652	0.264	-1.125	-1.249	-0.190	-0.166	0.445	-0.144	-0.287	-0.094
SyringaeB728a_mexBdelta	Psyr_1394	Psyr_1394		potassium transporter	0.903	0.125	0.762	0.258	0.625	0.867	0.197	1.619	0.537	1.443	0.503	-0.467	0.635	0.645	1.126	0.997	1.259	0.994	0.228	0.451	-0.317	0.234	-0.270
SyringaeB728a_mexBdelta	Psyr_1395	Psyr_1395		virulence	1.596	1.496	0.373	0.174	0.749	3.516	-0.354	0.691	-0.229	1.121	1.862	1.266	0.894	0.786	3.453	3.253	2.274	1.108	2.178	3.224	3.154	3.407	2.474
SyringaeB728a_mexBdelta	Psyr_1396	Psyr_1396		Protein of unknown function DUF470:Protein of unknown function DUF471:Protein of unknown function DUF472	1.406	0.895	1.794	0.482	1.199	1.955	1.088	0.961	0.772	1.049	1.209	0.981	-0.007	0.377	2.145	2.319	2.299	1.388	2.116	2.381	1.477	2.456	2.571
SyringaeB728a_mexBdelta	Psyr_1397	Psyr_1397		DNA-directed DNA polymerase	-1.157	-0.254	-0.201	0.820	-1.353	0.154	0.274	-1.060	2.076	-1.215	0.042	-0.052	-1.758	0.541	1.573	1.820	1.064	0.347	1.148	0.818	1.489	2.054	2.302
SyringaeB728a_mexBdelta	Psyr_1398	Psyr_1398		lipoprotein, putative	1.864	0.154	1.250	0.368	-0.310	2.368	-0.923	-1.660	-4.510	-1.746	-0.011	0.739	0.538	-1.753	-1.754	-0.327	-0.823	-1.682	0.103	-0.055	-0.927	-0.933	-0.829
SyringaeB728a_mexBdelta	Psyr_1400	Psyr_1400		outer membrane porin	-1.859	-1.741	0.085	-2.392	0.617	-1.061	-0.198	-0.429	-1.651	-0.324	-0.225	-2.132	1.766	-1.818	-2.821	-4.621	-1.992	-3.277	-3.063	-1.448	-3.540	-2.398	0.263
SyringaeB728a_mexBdelta	Psyr_1401	Psyr_1401		Histidine triad (HIT) protein	0.459	0.201	-1.665	1.029	0.617	0.523	-1.079	-2.027	-0.266	0.468	-0.683	-0.422	1.028	0.376	-0.130	1.128	0.678	0.177	0.339	1.154	1.400	1.188	0.052
SyringaeB728a_mexBdelta	Psyr_1404	Psyr_1404		Ferritin and Dps	-2.178	-1.300	-7.655	-1.832	-0.823	-2.311	-1.794	-8.526	-1.711	-0.777	-9.129	-2.341	0.692	-0.612	-0.089	-0.887	0.085	0.518	-0.715	-0.348	-1.900	-0.139	1.382
SyringaeB728a_mexBdelta	Psyr_1405	Psyr_1405		hypothetical protein	0.665	-0.052	-0.252	-0.417	0.245	-0.058	-0.745	-0.306	1.567	0.331	-3.084	0.450	-1.035	-1.845	-0.041	-0.661	-0.762	-0.952	-2.105	-0.336	-1.138	-0.262	0.152
SyringaeB728a_mexBdelta	Psyr_1407	Psyr_1407		Protein of unknown function DUF28	-0.798	-1.405	-1.377	-1.898	0.103	-0.776	-1.223	-0.668	-2.261	-2.989	-2.515	-1.596	-2.255	-0.880	-0.260	0.653	0.489	1.292	0.609	0.122	-0.132	-0.404	-0.029
SyringaeB728a_mexBdelta	Psyr_1408	Psyr_1408		Holliday junction endonuclease RuvC	-1.415	-1.117	-1.576	0.288	-2.485	-1.701	-1.235	-1.573	-2.528	-1.510	-1.852	-1.052	-1.990	-1.742	-2.310	-3.141	-2.841	-3.620	-2.888	-3.569	-2.856	-2.165	-4.336
SyringaeB728a_mexBdelta	Psyr_1409	Psyr_1409		Holliday junction DNA helicase subunit RuvA	-1.681	-1.280	-0.954	-2.622	-1.956	0.972	-1.542	-1.874	-3.485	-3.411	-2.419	-2.341	-2.240	-1.059	-0.497	-0.056	-1.150	-0.580	-0.511	-1.621	-0.651	-0.390	-3.417
SyringaeB728a_mexBdelta	Psyr_1410	Psyr_1410		Holliday junction DNA helicase RuvB	-1.822	-1.109	-1.832	-1.036	-2.636	-2.165	-0.712	-2.124	-3.160	-2.640	-3.040	-2.938	-1.797	0.816	-2.047	-2.375	-3.497	-3.447	-2.081	-3.998	-3.724	-3.436	-4.958
SyringaeB728a_mexBdelta	Psyr_1411	Psyr_1411		4-hydroxybenzoyl-CoA thioesterase	-0.491	-0.265	0.360	1.045	1.226	2.658	0.788	-0.328	2.974	0.759	0.578	1.005	-0.821	1.137	0.674	0.371	0.059	0.500	0.825	0.008	0.812	0.551	0.537
SyringaeB728a_mexBdelta	Psyr_1417	Psyr_1417		TPR repeat protein	-1.599	-2.977	-3.165	-2.009	-1.628	-3.301	-4.376	-3.560	-1.365	-1.819	-1.851	-1.481	-1.222	-0.619	-2.409	-0.248	-4.067	-0.512	-0.924	-1.535	-1.310	-1.012	-1.101
SyringaeB728a_mexBdelta	Psyr_1419	Psyr_1419		preQ(0) biosynthesis protein QueC	-1.011	-2.242	-2.117	-1.746	-1.824	-0.233	-0.567	0.118	0.042	-2.161	-1.572	-0.673	0.582	1.058	-0.810	-0.613	-1.565	0.472	-0.946	-1.523	-0.916	-2.881	-1.318
SyringaeB728a_mexBdelta	Psyr_1420	Psyr_1420		conserved hypothetical protein	0.009	-0.025	-0.819	0.169	0.375	-0.131	0.680	-0.305	0.277	0.614	-0.246	0.309	-1.058	-0.642	0.895	0.153	0.507	0.106	-0.107	0.685	-0.159	-0.151	0.105
SyringaeB728a_mexBdelta	Psyr_1421	Psyr_1421		Phage integrase	-0.313	-1.206	0.234	-0.322	-0.591	-1.838	-0.487	-1.312	-0.725	-0.402	-0.504	0.359	-0.610	-1.336	0.351	0.568	-0.545	0.132	0.616	1.058	0.189	0.226	0.978
SyringaeB728a_mexBdelta	Psyr_1422	Psyr_1422		Protein of unknown function DUF1528:Relaxase	-0.560	0.228	-2.695	-1.187	-2.218	-1.785	-1.777	-3.130	-0.385	-1.668	-1.306	-0.057	-0.991	2.416	-0.289	-1.054	-1.498	-1.772	-1.264	-1.088	-1.103	-0.629	-0.398
SyringaeB728a_mexBdelta	Psyr_1423	Psyr_1423		Protein of unknown function DUF159	-0.101	0.112	0.026	-0.215	0.451	0.461	0.549	-0.289	1.050	-0.785	0.917	0.587	-0.388	-0.813	1.059	0.321	0.563	0.377	-0.385	0.674	-0.448	-0.246	0.132
SyringaeB728a_mexBdelta	Psyr_1424	Psyr_1424		Peptidase S24, S26A and S26B	1.480	-0.243	0.557	0.814	0.064	0.448	1.241	0.156	1.497	-1.105	2.333	0.450	-0.152	-0.845	1.000	-0.120	0.308	0.408	0.171	0.481	0.220	0.461	-0.364
SyringaeB728a_mexBdelta	Psyr_1425	Psyr_1425		DNA-directed DNA polymerase	0.068	1.800	-0.606	0.992	0.485	-0.183	0.940	1.312	0.518	-0.167	0.057	0.168	1.406	1.071	-0.064	1.248	0.560	0.607	0.302	0.436	0.266	0.591	0.538
SyringaeB728a_mexBdelta	Psyr_1426	Psyr_1426		conserved hypothetical protein	-1.611	-0.021	-0.561	-0.557	-0.842	-0.093	-1.258	-0.941	0.134	-0.710	-0.406	-1.490	1.769	0.996	0.293	-0.362	0.039	1.063	0.578	-0.570	-1.131	0.006	-0.299
SyringaeB728a_mexBdelta	Psyr_1427	Psyr_1427		conserved hypothetical protein	0.346	-0.053	0.520	0.491	-0.195	0.818	-0.594	-1.903	-0.280	0.549	0.016	1.045	-0.146	-1.357	-0.701	1.016	-0.178	-1.151	-0.579	-0.541	-0.507	-1.182	0.086
SyringaeB728a_mexBdelta	Psyr_1428	Psyr_1428		conserved hypothetical protein	-0.704	-0.757	-1.701	-0.616	0.100	-1.226	-0.428	-0.655	-0.889	-0.729	-2.000	-0.962	-2.597	0.108	-0.424	-2.093	-0.700	-0.899	-1.581	-0.944	-1.338	-0.187	-0.809
SyringaeB728a_mexBdelta	Psyr_1429	Psyr_1429		Protein of unknown function DUF1527	0.322	-0.540	-0.331	0.293	-0.924	-0.833	-0.085	-0.851	-0.428	0.394	-0.368	1.345	1.661	0.380	-0.008	0.252	-0.868	0.647	0.292	-0.587	0.732	0.681	-0.047
SyringaeB728a_mexBdelta	Psyr_1430	Psyr_1430		Protein of unknown function DUF1525	2.131	0.655	1.557	1.802	2.305	1.135	0.848	2.403	0.253	1.108	0.504	3.035	-1.189	-0.665	1.868	0.046	0.347	1.186	0.110	1.500	0.218	0.317	1.550
SyringaeB728a_mexBdelta	Psyr_1431	Psyr_1431		hypothetical protein	0.236	-1.395	0.243	0.190	0.601	0.408	0.571	0.636	0.585	0.078	-0.865	0.088	0.373	1.860	-2.049	-2.575	-2.338	-2.067	-1.169	-0.250	-1.921	-1.186	-2.525
SyringaeB728a_mexBdelta	Psyr_1432	Psyr_1432		hypothetical protein	0.445	-0.296	-0.593	0.743	0.933	-0.772	-0.276	-0.350	1.738	-0.951	0.126	0.966	0.099	1.639	0.199	-0.013	-0.647	0.699	0.530	0.761	-0.460	0.180	0.535
SyringaeB728a_mexBdelta	Psyr_1433	Psyr_1433		C-5 cytosine-specific DNA methylase	-0.760	0.195	-1.113	0.663	0.070	-0.052	-0.171	-0.748	-0.044	-0.973	-1.992	-0.635	-0.884	-0.659	1.085	-0.420	-0.236	0.379	-0.961	0.548	0.411	0.132	1.477
SyringaeB728a_mexBdelta	Psyr_1434	Psyr_1434		Antibiotic biosynthesis monooxygenase	-2.765	-2.623	-1.485	-3.199	0.024	-0.932	-1.514	-1.690	-2.486	-3.402	-0.669	-0.704	-0.526	-1.053	0.364	0.007	0.489	-0.447	-0.544	-0.826	-0.696	-0.120	0.660
SyringaeB728a_mexBdelta	Psyr_1435	Psyr_1435		transcriptional regulator, LysR family	0.761	0.238	-0.474	-0.504	0.297	-0.046	-0.001	0.682	0.574	0.633	0.672	-0.019	-1.480	-1.095	-0.159	-0.379	-1.317	-0.546	-0.835	-0.173	-0.141	-0.011	-0.970
SyringaeB728a_mexBdelta	Psyr_1436	Psyr_1436		Major royal jelly protein	0.788	0.299	0.204	0.903	1.675	-0.081	1.761	1.102	1.371	1.280	0.815	0.872	-0.469	-0.896	1.177	1.104	-0.029	0.732	1.849	1.015	-0.025	1.330	0.310
SyringaeB728a_mexBdelta	Psyr_1437	Psyr_1437		transcriptional regulator, LysR family	-0.334	-0.304	-0.778	-1.682	-0.762	0.825	-0.823	-0.364	0.775	-0.297	-0.891	-0.429	0.276	0.997	-0.046	0.515	-0.903	-0.157	0.166	-0.938	-0.011	0.615	-1.308
SyringaeB728a_mexBdelta	Psyr_1438	Psyr_1438		CDS	0.369	0.179	-0.148	-0.626	-0.327	0.636	-0.603	-0.377	-1.026	-0.755	-0.745	0.125	-0.221	-0.221	1.027	0.560	-0.420	0.510	0.345	0.309	0.899	0.310	-0.208
SyringaeB728a_mexBdelta	Psyr_1439	Psyr_1439		Beta-lactamase	-1.948	-2.039	-3.220	-2.873	-1.012	-2.393	-0.845	-1.916	-1.613	-2.316	-3.236	-2.307	-0.948	-0.562	-0.863	-1.483	-1.569	-0.387	-1.183	-0.820	-0.089	-1.232	0.269
SyringaeB728a_mexBdelta	Psyr_1440	Psyr_1440		DSBA oxidoreductase	1.638	0.497	0.231	0.894	1.785	-0.083	1.465	1.836	1.418	-1.458	0.683	0.131	0.163	1.237	2.439	1.072	1.810	3.813	1.490	1.747	0.949	0.798	0.762
SyringaeB728a_mexBdelta	Psyr_1441	Psyr_1441		conserved hypothetical protein	0.630	-0.997	0.391	0.709	1.638	-1.163	-0.111	-0.309	0.687	1.202	0.164	-0.158	-0.718	1.592	0.432	0.926	-1.693	-0.478	-0.729	-0.225	-1.246	-0.596	-0.577
SyringaeB728a_mexBdelta	Psyr_1442	Psyr_1442		conserved hypothetical protein	-1.962	-1.719	-1.413	-1.358	-0.319	-1.495	-0.586	-2.064	0.371	-0.788	-1.842	-1.290	-1.283	-1.367	-1.517	-0.175	-1.429	-1.173	-0.990	-0.640	-1.184	-1.638	-1.115
SyringaeB728a_mexBdelta	Psyr_1443	Psyr_1443		conserved hypothetical protein	0.064	0.679	-0.522	0.234	-0.366	1.027	-0.299	0.148	0.916	-0.312	-0.352	0.764	-0.091	0.842	-0.504	0.106	0.886	-1.016	-0.781	-0.471	-0.282	-1.125	-0.941
SyringaeB728a_mexBdelta	Psyr_1444	Psyr_1444		conserved hypothetical protein	-0.511	-0.180	-0.765	-0.412	0.369	2.208	-0.562	-0.009	0.019	0.471	0.175	-0.676	-1.301	0.783	-0.341	0.610	-0.257	-0.384	-0.474	-0.137	-0.438	0.278	0.877
SyringaeB728a_mexBdelta	Psyr_1445	Psyr_1445		conserved hypothetical protein	-1.511	-1.166	-1.128	-1.386	-1.921	-0.806	-0.988	-1.766	-0.602	-0.618	-2.215	-1.039	-0.853	-1.565	-0.259	0.461	0.196	-0.195	-0.204	0.838	-0.822	0.782	0.532
SyringaeB728a_mexBdelta	Psyr_1446	Psyr_1446		conserved hypothetical protein	-0.119	0.823	0.245	-0.740	-0.385	1.116	-0.918	-0.194	-1.048	0.181	0.295	-0.045	0.548	1.096	0.184	-0.056	0.254	-0.434	-0.023	-0.201	-0.098	-0.947	0.293
SyringaeB728a_mexBdelta	Psyr_1447	Psyr_1447		conserved hypothetical protein	-2.301	-1.142	-0.327	-2.236	-1.606	1.818	-1.168	-1.199	0.234	1.165	-0.552	-0.469	-1.375	1.031	-0.082	0.220	0.713	-0.065	0.741	0.200	0.111	-0.593	-0.008
SyringaeB728a_mexBdelta	Psyr_1448	Psyr_1448		conserved hypothetical protein	-0.157	0.503	-1.453	0.048	1.367	0.768	-0.150	-0.181	0.134	0.246	1.062	0.487	1.342	0.029	0.351	0.962	0.483	0.773	0.499	1.070	0.944	1.108	-0.307
SyringaeB728a_mexBdelta	Psyr_1449	Psyr_1449		hypothetical protein	-0.348	-0.505	0.379	-0.354	-0.610	1.766	-1.351	-1.001	-0.497	-1.145	-0.554	-1.575	-0.369	1.776	-0.571	0.179	-0.590	-0.561	0.725	0.629	-0.932	-1.332	0.055
SyringaeB728a_mexBdelta	Psyr_1450	Psyr_1450		Plasmid conserved hypothetical protein, RAQPRD	-0.529	-0.628	-0.074	0.639	-1.446	-0.484	0.376	0.450	-0.252	-1.432	-0.047	0.397	-0.602	-0.628	0.090	-0.056	-0.009	-0.169	0.342	0.452	-0.227	-0.569	-1.024
SyringaeB728a_mexBdelta	Psyr_1451	Psyr_1451		hypothetical protein	0.742	1.326	-1.177	0.374	0.453	0.093	1.921	0.633	1.143	0.496	-0.168	1.531	1.372	-0.712	-3.405	-1.278	-0.108	-0.895	-0.790	-1.193	-1.560	-0.935	-0.555
SyringaeB728a_mexBdelta	Psyr_1452	Psyr_1452		conserved hypothetical protein	1.000	1.071	0.061	-0.080	-0.316	0.073	-1.020	0.384	1.534	-0.098	0.031	0.708	-0.215	-1.443	0.178	-0.126	0.118	0.035	0.541	-0.964	-0.998	0.609	0.090
SyringaeB728a_mexBdelta	Psyr_1453	Psyr_1453		conserved hypothetical protein	0.826	0.927	1.200	0.316	1.535	1.066	1.281	0.448	-1.318	-0.101	0.123	0.610	0.345	0.424	0.120	0.884	0.056	0.614	0.870	0.812	-0.316	0.569	-0.892
SyringaeB728a_mexBdelta	Psyr_1454	Psyr_1454		hypothetical protein	0.061	1.033	0.503	0.852	0.318	-0.949	0.860	0.957	-0.953	0.719	0.470	0.004	0.461	0.239	0.230	1.685	0.447	0.588	0.519	0.098	-0.952	0.275	-0.501
SyringaeB728a_mexBdelta	Psyr_1455	Psyr_1455		conserved hypothetical protein	-0.365	-0.834	-0.313	0.047	-0.353	0.360	1.979	-0.068	-1.275	-0.672	-0.464	-0.848	-1.666	-1.404	1.300	0.326	0.514	0.825	1.004	0.554	0.339	0.106	1.187
SyringaeB728a_mexBdelta	Psyr_1456	Psyr_1456		conserved hypothetical protein	-1.806	-0.520	-1.241	-0.196	-0.513	-1.295	0.981	-1.348	0.248	-0.625	-0.897	-0.416	-2.480	-1.566	0.365	0.413	0.410	-0.222	2.884	1.767	1.610	1.315	1.507
SyringaeB728a_mexBdelta	Psyr_1457	Psyr_1457		conserved hypothetical protein	-0.354	0.559	-0.665	-0.612	-0.105	1.526	-0.439	-0.559	0.169	-0.011	0.388	-0.080	0.699	1.703	-1.108	-0.413	-0.047	0.461	0.415	-1.368	-2.021	-1.447	-1.757
SyringaeB728a_mexBdelta	Psyr_1458	Psyr_1458		hypothetical protein	0.112	0.280	-1.284	1.028	1.493	-0.125	0.585	1.091	-0.285	0.537	-0.155	0.394	-1.306	-1.330	-0.726	-0.171	0.084	0.443	0.675	0.122	0.006	0.774	0.345
SyringaeB728a_mexBdelta	Psyr_1459	Psyr_1459		DNA polymerase, beta-like region	-3.401	-2.532	-2.236	-3.784	-1.738	-1.667	-3.557	-2.951	-2.983	-3.106	-2.728	-2.984	-1.904	-2.718	-0.619	-0.930	-0.276	-1.317	-0.992	-0.883	-1.004	-0.356	-1.361
SyringaeB728a_mexBdelta	Psyr_1461	Psyr_1461		hypothetical protein	-2.433	-1.562	-1.859	-2.716	-1.452	-3.040	-2.051	-2.655	-1.908	-0.896	-2.916	-2.267	-2.235	-3.851	-1.900	-0.317	-1.278	-0.675	-1.167	-1.280	-2.631	-1.116	-2.019
SyringaeB728a_mexBdelta	Psyr_1462	Psyr_1462		GCN5-related N-acetyltransferase	-1.980	-1.456	-1.389	-2.108	-0.349	-0.505	-1.826	-1.716	-1.854	-2.762	-2.355	-0.783	-3.731	-1.446	-1.666	-0.829	-1.631	-0.668	-1.237	-1.218	-0.495	-2.276	-1.490
SyringaeB728a_mexBdelta	Psyr_1463	Psyr_1463		DEAD/DEAH box helicase	-0.772	-0.136	0.195	-0.775	-0.380	2.121	-1.253	-0.369	-0.876	-0.532	-1.613	-0.552	0.523	1.122	0.188	-0.646	0.241	0.078	0.299	0.219	-1.208	-0.305	-0.929
SyringaeB728a_mexBdelta	Psyr_1464	Psyr_1464		hypothetical protein	-0.356	-3.035	-0.918	-0.865	-1.891	-1.141	-0.475	-2.766	-0.909	-1.145	-0.490	-0.643	-1.132	-1.743	-0.512	-0.437	-0.651	-1.356	-1.251	-0.937	-0.188	-0.342	-0.096
SyringaeB728a_mexBdelta	Psyr_1465	Psyr_1465		conserved hypothetical protein	-0.103	-1.047	-1.162	-1.075	-0.406	-0.493	-1.303	0.428	-1.132	1.075	-0.451	-1.233	1.986	1.546	0.062	0.362	-0.117	0.345	-1.184	-0.451	-1.232	-0.274	0.180
SyringaeB728a_mexBdelta	Psyr_1466	Psyr_1466		hypothetical protein	-0.722	-0.421	0.587	-0.051	-0.334	-1.863	-0.207	0.175	0.785	-0.082	-1.335	-0.618	-0.214	-2.219	-0.631	-1.209	-1.871	-1.540	-0.548	-0.650	-0.880	-0.510	-1.628
SyringaeB728a_mexBdelta	Psyr_1467	Psyr_1467		conserved hypothetical protein	0.586	-0.464	0.704	0.660	-0.568	0.358	0.922	0.448	-0.417	0.513	0.380	0.330	-1.837	-1.121	-0.696	-1.708	-0.842	0.154	-1.423	-0.383	-1.465	-0.732	-2.733
SyringaeB728a_mexBdelta	Psyr_1468	Psyr_1468		hypothetical protein	1.347	1.538	1.407	0.148	1.291	2.605	0.470	1.081	0.331	1.528	1.448	1.245	0.177	-0.032	1.394	0.661	1.545	1.672	0.812	-0.073	0.615	2.140	1.690
SyringaeB728a_mexBdelta	Psyr_1469	Psyr_1469		hypothetical protein	-1.613	-1.465	-2.432	-1.494	-1.859	-2.302	-1.520	-1.197	-1.112	-0.777	-2.075	-0.025	-1.476	-0.095	-1.333	-0.831	-1.403	-1.254	-0.991	-1.775	-1.280	-0.852	-1.175
SyringaeB728a_mexBdelta	Psyr_1470	Psyr_1470		hypothetical protein	-0.053	1.085	-0.268	-1.026	-0.843	0.637	0.150	-1.219	-0.498	0.903	0.048	-1.256	1.890	1.246	0.248	1.391	0.533	-0.402	-0.382	0.507	0.527	0.078	0.072
SyringaeB728a_mexBdelta	Psyr_1471	Psyr_1471		hypothetical protein	-0.672	-0.238	-1.241	0.041	0.206	-1.422	-0.049	-1.076	0.419	-0.363	-1.083	-0.472	-0.287	0.360	-0.051	-0.242	0.406	-0.198	0.106	-1.028	-0.264	-0.592	0.517
SyringaeB728a_mexBdelta	Psyr_1472	Psyr_1472		hypothetical protein	-0.426	0.444	-0.188	-0.601	-0.080	0.954	-0.783	0.216	0.076	-1.420	-2.064	-1.254	-0.918	-1.529	-0.809	0.176	-0.638	-2.326	-0.046	-0.782	-0.577	-0.207	-1.061
SyringaeB728a_mexBdelta	Psyr_1473	Psyr_1473		DNA topoisomerase III	-0.691	0.173	0.266	1.038	-0.054	-1.254	-0.006	-0.772	0.300	-0.332	0.342	0.632	-1.021	0.005	-1.067	-0.553	-0.415	-0.165	-0.667	-0.289	-1.736	-1.743	-0.663
SyringaeB728a_mexBdelta	Psyr_1474	Psyr_1474		hypothetical protein	-3.882	-3.061	-2.733	-3.269	0.001	-0.377	-1.316	-1.930	-3.082	-2.879	-3.334	-2.948	-1.624	-1.969	-2.022	-2.617	-2.196	-2.925	-2.327	-2.070	-2.768	-2.674	-2.079
SyringaeB728a_mexBdelta	Psyr_1475	Psyr_1475		Phage integrase:Phage integrase, N-terminal SAM-like protein	0.252	-0.717	-0.723	-0.657	0.276	0.843	0.222	-0.769	0.361	0.498	0.147	1.116	-1.705	-1.226	-1.521	-1.175	-1.309	-1.214	-1.838	-1.780	-1.506	-0.705	-1.978
SyringaeB728a_mexBdelta	Psyr_1476	Psyr_1476		Secreted repeat of unknown function	-0.819	-2.199	-0.012	-1.019	-0.515	0.783	-0.194	-0.304	-0.554	-0.169	-1.314	-1.298	0.045	0.106	-0.793	-1.586	-1.602	-1.006	-0.522	-1.489	-1.059	-1.366	-1.230
SyringaeB728a_mexBdelta	Psyr_1477	Psyr_1477		conserved domain protein	-0.084	-0.057	-1.582	0.032	0.307	-1.570	-0.549	-1.209	-0.886	-1.037	-0.822	-0.436	0.517	-0.895	-0.100	0.239	0.173	0.627	-0.166	0.002	1.010	-0.127	0.288
SyringaeB728a_mexBdelta	Psyr_1478	Psyr_1478		regulatory protein, LysR:LysR, substrate-binding protein	-2.241	-1.766	-1.055	-1.576	-0.350	-1.289	-0.251	-2.039	-1.500	-1.220	-1.626	-2.575	-0.404	-1.604	-1.019	-1.939	-3.086	-2.709	-1.837	-2.509	-2.353	-1.654	-2.427
SyringaeB728a_mexBdelta	Psyr_1479	Psyr_1479		C4-dicarboxylate transporter/malic acid transport protein	-0.263	-0.222	-0.527	0.274	0.513	-0.281	0.258	-0.615	-0.699	-0.573	0.245	0.635	0.345	-1.300	-0.095	-0.814	-0.469	-0.689	-1.045	-0.546	-1.751	-1.720	-0.548
SyringaeB728a_mexBdelta	Psyr_1480	Psyr_1480		conserved hypothetical protein	-1.582	-1.925	-1.952	-1.122	-2.755	-1.904	-0.363	-1.558	-1.555	-1.260	-2.489	-1.278	-0.013	-2.206	-0.468	-0.168	-0.415	0.663	0.317	0.464	0.241	0.639	0.033
SyringaeB728a_mexBdelta	Psyr_1481	Psyr_1481		Inorganic diphosphatase	-0.326	0.891	-0.578	-1.068	0.878	-1.391	-0.693	0.670	-0.273	-0.391	-0.312	-0.836	-0.930	-2.052	-1.410	-0.885	0.043	-0.455	-1.088	-1.658	-1.580	-1.033	-1.341
SyringaeB728a_mexBdelta	Psyr_1482	Psyr_1482		enolase	0.584	0.242	-0.058	-0.342	0.647	1.208	0.708	1.629	0.867	0.333	0.115	0.174	-0.105	-1.814	-0.171	-0.025	-1.049	0.025	0.229	-1.060	-0.182	0.372	0.109
SyringaeB728a_mexBdelta	Psyr_1483	Psyr_1483		hypothetical protein	-1.703	-0.267	1.258	-0.185	0.617	1.216	1.241	0.711	-1.174	-0.070	0.131	0.844	-0.071	-1.892	-0.283	-0.654	-1.078	-0.557	-1.510	0.153	-1.131	-0.887	-0.477
SyringaeB728a_mexBdelta	Psyr_1484	Psyr_1484		conserved hypothetical protein	0.230	0.795	1.098	-0.540	1.276	0.277	0.496	-0.599	-1.165	1.054	-1.678	-0.074	0.358	-0.744	0.462	0.850	-0.331	-0.000	1.017	1.185	-0.250	1.862	0.551
SyringaeB728a_mexBdelta	Psyr_1485	Psyr_1485		hypothetical protein	2.711	0.869	0.942	0.614	2.973	1.537	0.633	1.618	0.944	1.343	2.692	1.191	-0.509	0.048	-0.625	-1.206	-0.601	1.071	0.941	0.233	-1.221	0.337	-0.821
SyringaeB728a_mexBdelta	Psyr_1486	Psyr_1486		Cl- channel, voltage gated	-0.515	-0.106	-0.642	0.124	1.774	-1.708	0.685	0.077	0.683	0.411	0.017	0.701	0.335	-1.851	-0.197	-0.044	-0.767	-1.339	-0.749	-0.413	-0.221	-0.531	-1.146
SyringaeB728a_mexBdelta	Psyr_1487	Psyr_1487		conserved hypothetical protein	0.881	0.298	0.258	-0.115	0.742	-0.350	1.066	-0.687	0.666	0.074	-0.777	1.039	0.177	0.449	-0.558	-1.517	-0.548	-2.552	-1.154	-1.026	-2.583	-1.295	-1.344
SyringaeB728a_mexBdelta	Psyr_1488	Psyr_1488		Bile acid:sodium symporter	0.921	-1.561	-0.874	0.058	-1.118	0.685	-0.499	-0.920	0.534	-0.321	-0.321	-0.754	-2.057	-2.222	-0.344	-0.738	0.145	-0.297	-0.697	0.695	-0.170	-0.203	-0.020
SyringaeB728a_mexBdelta	Psyr_1489	Psyr_1489		hypothetical protein	-0.781	-1.655	-2.585	-1.605	-1.888	-2.654	-0.335	-0.697	-1.825	-0.210	-1.417	-2.129	1.244	0.114	-0.686	-0.618	-2.162	-0.827	-0.987	-0.248	-0.845	-2.212	-0.756
SyringaeB728a_mexBdelta	Psyr_1490	Psyr_1490		conserved domain protein	-0.440	-1.689	-1.995	-0.263	0.105	-0.155	-0.054	-0.385	-1.610	-1.009	-1.136	-1.084	1.106	0.099	-0.594	-0.195	-1.855	-0.338	-0.668	-1.489	-1.136	-0.366	-2.631
SyringaeB728a_mexBdelta	Psyr_1491	Psyr_1491		Histidine kinase, HAMP region:Bacterial chemotaxis sensory transducer	-0.008	-0.616	0.640	0.087	0.226	-0.048	-0.171	-0.428	0.257	-0.112	-0.622	-0.369	-0.099	-2.994	-0.732	0.089	-1.758	-0.524	-0.025	-0.561	-0.473	0.354	-0.229
SyringaeB728a_mexBdelta	Psyr_1492	Psyr_1492		Phage integrase:Phage integrase, N-terminal SAM-like protein	-0.943	0.288	-0.585	0.842	0.147	0.254	-0.006	-0.049	-0.055	-0.280	-0.143	0.279	-0.065	-1.135	0.365	0.976	0.393	0.886	0.570	1.551	-1.067	-0.085	1.143
SyringaeB728a_mexBdelta	Psyr_1493	Psyr_1493		Twin-arginine translocation pathway signal:Copper-resistance protein CopA	-0.258	0.179	-0.496	-0.271	-0.892	-1.521	-0.737	-0.313	-1.087	0.139	0.105	0.725	-0.306	-0.617	0.396	-0.285	0.131	-1.073	0.629	-0.777	-0.673	-0.816	-0.487
SyringaeB728a_mexBdelta	Psyr_1494	Psyr_1494		Copper resistance B precursor	0.029	-0.311	0.683	-1.541	-0.685	1.295	-0.186	-0.108	0.494	0.218	-0.024	0.441	0.374	-0.241	-0.254	-1.181	-1.121	-0.909	-1.205	-1.825	-1.984	-0.798	-0.926
SyringaeB728a_mexBdelta	Psyr_1495	Psyr_1495		Copper resistance protein CopC	0.985	0.129	1.704	0.257	0.549	2.401	0.254	1.378	0.156	0.402	0.169	-1.345	0.292	0.526	-0.423	-0.653	-1.351	-0.740	-0.294	0.156	0.324	-0.911	0.260
SyringaeB728a_mexBdelta	Psyr_1496	Psyr_1496		Copper resistance D	0.439	1.452	1.505	-1.161	1.226	2.709	-0.579	0.681	0.046	-0.191	0.849	1.640	-0.019	1.147	-0.101	-0.389	0.030	-0.500	-0.746	-0.150	-1.694	0.381	1.174
SyringaeB728a_mexBdelta	Psyr_1497	Psyr_1497		Heavy metal response regulator	0.764	-0.901	1.293	0.443	1.684	1.560	0.137	0.302	0.688	-0.716	0.857	0.350	0.206	-0.062	-1.437	-1.279	-0.901	-1.146	-0.893	0.219	0.183	-0.472	-0.371
SyringaeB728a_mexBdelta	Psyr_1498	Psyr_1498		Heavy metal sensor kinase	0.476	0.637	0.085	-0.165	0.998	-0.239	-0.117	-0.163	0.542	1.308	1.342	0.846	0.853	0.596	-0.106	0.218	-1.005	-0.336	-0.541	-1.028	-0.865	-0.243	0.154
SyringaeB728a_mexBdelta	Psyr_1499	Psyr_1499		Protein of unknown function DUF	0.147	0.308	-1.634	-1.958	-0.408	1.479	-0.183	-0.181	-1.278	-0.174	-0.237	-0.347	-1.606	0.368	-0.497	0.518	-0.131	0.010	-1.497	1.176	-0.892	-1.332	-0.766
SyringaeB728a_mexBdelta	Psyr_1500	Psyr_1500		GCN5-related N-acetyltransferase	-0.828	-0.466	0.348	0.010	-0.101	2.209	-1.170	1.402	0.370	-0.037	-0.822	0.675	0.715	0.189	1.333	0.564	0.760	0.101	1.035	0.229	1.385	0.765	-0.516
SyringaeB728a_mexBdelta	Psyr_1501	Psyr_1501		NADPH-dependent FMN reductase	-1.449	-2.846	-1.652	-2.152	-1.365	-0.478	-1.042	0.007	-2.178	-2.249	0.117	-1.552	0.353	-0.403	0.951	-0.195	0.017	0.906	0.418	0.219	-0.442	2.090	-0.185
SyringaeB728a_mexBdelta	Psyr_1502	Psyr_1502		Low molecular weight phosphotyrosine protein phosphatase	-0.776	-0.670	-0.635	-0.051	-1.231	-1.888	-0.139	-1.973	-1.183	-0.409	-0.897	-1.433	-0.473	-0.717	-0.750	0.145	-0.159	-0.293	-0.052	-0.603	-0.023	-0.461	-0.997
SyringaeB728a_mexBdelta	Psyr_1503	Psyr_1503		arsenite efflux membrane protein ArsB (TC 3.A.4.1.1; TC 2.A.45.1.1)	0.392	-0.296	0.002	-0.257	0.044	-0.385	-0.406	-0.218	-0.316	-0.498	0.248	-0.087	0.125	0.868	-0.565	-1.075	-0.844	-0.933	-0.716	-0.416	-1.490	-0.536	-1.338
SyringaeB728a_mexBdelta	Psyr_1504	Psyr_1504		transcriptional regulator, ArsR family	-0.892	-0.999	0.162	0.242	-0.299	-2.246	0.071	0.220	-0.621	1.102	-1.048	-1.343	-0.487	0.577	-1.713	-0.688	0.293	-0.130	-1.145	-0.546	-0.725	-0.718	-1.017
SyringaeB728a_mexBdelta	Psyr_1505	Psyr_1505		Protein of unknown function DUF156	0.267	-1.218	0.679	-0.585	-0.094	1.247	-0.546	0.417	-0.193	-0.764	-1.089	-0.807	0.341	0.468	-0.177	-0.375	-1.796	-0.448	-1.952	-1.019	0.302	0.176	-0.646
SyringaeB728a_mexBdelta	Psyr_1506	Psyr_1506		Cation efflux protein	-0.657	-1.025	-1.568	-1.790	-0.891	-1.424	0.012	-1.528	-1.969	-0.107	-0.193	-0.204	-1.270	-1.335	-1.995	-0.339	-0.250	-0.686	-0.773	0.138	-0.936	-0.633	-1.436
SyringaeB728a_mexBdelta	Psyr_1507	Psyr_1507		hypothetical protein	0.336	-0.024	-1.076	-1.923	-0.877	0.431	-0.703	-1.636	-0.327	-1.157	-0.083	-0.205	-0.530	-0.614	-1.189	-0.685	0.064	-0.551	-0.011	-1.344	-0.601	-0.555	-0.319
SyringaeB728a_mexBdelta	Psyr_1508	Psyr_1508		Phage integrase:Phage integrase, N-terminal SAM-like protein	0.791	0.422	0.536	0.867	0.416	2.515	-0.654	0.438	-0.477	-0.524	1.309	-0.404	0.628	0.731	0.285	1.314	-0.393	-0.524	-0.296	0.215	0.340	0.323	-0.471
SyringaeB728a_mexBdelta	Psyr_1509	Psyr_1509		PilM protein, putative	-0.032	-0.863	-1.145	-0.605	0.054	-0.761	0.020	-0.254	-1.160	-0.117	-2.900	-0.683	0.212	0.515	-0.759	-1.162	-0.610	-0.274	-1.595	-0.432	-1.803	-0.848	-1.268
SyringaeB728a_mexBdelta	Psyr_1510	Psyr_1510		prepilin	-0.229	0.240	-0.402	-2.044	-0.688	-0.516	0.031	-0.492	-1.090	-0.549	-1.142	-0.820	0.697	0.682	-0.465	-0.312	0.673	-0.812	-0.591	0.156	-0.759	-0.851	-0.951
SyringaeB728a_mexBdelta	Psyr_1511	Psyr_1511		type II secretion system protein E	-0.129	1.345	-0.170	1.178	0.857	0.023	0.872	1.007	0.116	1.613	0.520	0.450	1.622	1.840	-1.726	-2.448	-1.952	-1.851	-2.806	-2.101	-2.506	-2.301	-2.323
SyringaeB728a_mexBdelta	Psyr_1512	Psyr_1512		prepilin	-0.281	-1.895	-0.009	1.566	-0.292	-0.846	-0.052	-1.100	1.950	-0.016	-0.076	-0.030	-1.353	-0.463	-0.829	-1.367	-1.289	-1.191	-0.816	-0.255	0.081	-0.969	-0.913
SyringaeB728a_mexBdelta	Psyr_1513	Psyr_1513		type II secretion system protein	-0.214	-0.970	-0.789	-0.498	-2.083	-1.645	0.039	-0.158	-0.365	-0.955	-1.181	-0.179	0.170	-0.649	-0.134	0.295	-1.223	0.353	-1.404	-0.737	-1.913	0.187	-0.616
SyringaeB728a_mexBdelta	Psyr_1514	Psyr_1514		type II secretion system protein E	0.462	0.771	0.446	0.667	0.384	-0.493	0.360	-0.019	0.584	0.972	-0.603	-0.046	-1.083	-0.012	0.102	0.204	-0.243	0.531	-0.354	-0.140	-0.032	0.053	0.058
SyringaeB728a_mexBdelta	Psyr_1515	Psyr_1515		hypothetical protein	-0.367	-1.180	-0.868	-1.414	-1.532	0.943	-0.856	-1.194	-1.259	-0.439	-1.130	-0.381	0.139	1.082	0.032	0.823	0.488	0.082	0.992	0.497	0.933	0.266	-0.240
SyringaeB728a_mexBdelta	Psyr_1516	Psyr_1516		hypothetical protein	-0.477	-0.062	-1.218	-0.674	-1.042	-0.961	0.263	-1.407	-0.188	0.016	-0.542	-0.270	-0.010	-0.645	-0.284	-0.318	-0.251	-0.579	-0.263	-0.440	-1.172	-1.303	-1.311
SyringaeB728a_mexBdelta	Psyr_1517	Psyr_1517		type II and III secretion system protein	0.069	0.250	0.394	-0.714	0.061	1.260	0.069	-0.250	-0.051	0.756	0.735	0.891	0.840	1.428	-0.081	0.986	-0.149	0.471	0.700	0.163	0.108	0.594	0.464
SyringaeB728a_mexBdelta	Psyr_1518	Psyr_1518		putative exported protein	-0.259	0.807	0.341	-0.513	-0.243	1.651	-0.444	-0.551	-1.642	-0.466	-1.236	-0.607	0.173	0.800	-0.767	-1.846	-0.257	-1.197	-2.268	-0.877	-0.571	-1.074	-1.566
SyringaeB728a_mexBdelta	Psyr_1519	Psyr_1519		SEC-C motif protein	-0.852	-0.668	-2.137	-0.525	-1.092	-1.428	0.307	-1.318	-1.634	0.107	-1.612	-0.961	1.034	-0.198	-0.040	0.078	-0.775	0.291	0.362	-0.443	-1.445	-0.075	-0.509
SyringaeB728a_mexBdelta	Psyr_1520	Psyr_1520		SNF2-related:Helicase, C-terminal	-0.322	0.239	-0.236	-0.972	-0.232	-0.348	-0.435	-0.545	-0.186	-0.750	0.293	0.309	0.570	-0.080	-1.812	-0.457	-0.671	-0.873	-0.475	-0.925	-1.996	-1.057	0.136
SyringaeB728a_mexBdelta	Psyr_1521	Psyr_1521		hypothetical protein	-1.795	-0.310	-1.934	-1.753	-0.648	-0.964	-0.377	-2.046	-1.676	-0.343	-1.303	-0.655	-0.027	-0.334	-0.948	-1.178	-1.258	-0.225	-1.716	-1.003	-1.916	-0.613	-0.927
SyringaeB728a_mexBdelta	Psyr_1522	Psyr_1522		Single-strand binding protein	-0.521	-1.898	0.324	-1.026	0.403	0.173	-1.649	0.530	-0.601	-1.080	-1.280	-1.520	0.053	0.042	0.120	-1.180	0.524	1.158	-0.004	1.179	-0.292	0.492	0.772
SyringaeB728a_mexBdelta	Psyr_1523	Psyr_1523		hypothetical protein	1.401	0.449	0.785	1.088	0.940	1.190	-0.018	0.465	0.550	1.700	0.766	0.518	0.179	0.608	0.545	1.315	0.840	-0.082	0.302	1.369	0.457	0.511	-0.470
SyringaeB728a_mexBdelta	Psyr_1524	Psyr_1524		conserved hypothetical protein	-0.506	0.648	0.855	0.089	0.913	-0.174	0.143	-0.483	-1.304	-0.178	0.837	1.244	-0.198	0.498	0.466	-0.361	-0.127	0.811	-0.151	-0.385	-0.118	-0.584	0.146
SyringaeB728a_mexBdelta	Psyr_1525	Psyr_1525		conserved hypothetical protein	-1.435	-0.872	-1.711	-0.127	-0.565	1.030	0.465	-0.574	-1.232	-0.139	-0.585	-0.230	-0.215	-2.377	-1.346	-0.155	-1.789	0.275	-0.509	-0.665	-0.300	-0.225	0.245
SyringaeB728a_mexBdelta	Psyr_1526	Psyr_1526		hypothetical protein	-0.248	-0.872	-0.995	-0.443	-0.514	0.465	-1.128	-1.516	0.256	-0.270	-1.699	-0.542	-0.414	1.035	-0.485	-0.065	-0.593	-0.587	0.150	-0.262	-1.337	-0.141	-0.244
SyringaeB728a_mexBdelta	Psyr_1527	Psyr_1527		conserved hypothetical protein	0.449	0.217	0.414	-0.381	-0.480	0.094	0.081	0.113	0.364	0.117	0.506	0.731	0.206	-0.018	-1.304	-0.216	-0.790	-0.725	-0.733	-0.828	-0.763	-0.963	-0.138
SyringaeB728a_mexBdelta	Psyr_1528	Psyr_1528		Arc-like DNA binding protein	0.116	1.170	-0.815	0.296	-1.670	-0.120	0.689	-1.765	-2.080	-1.993	1.010	0.854	0.944	-0.801	-0.026	1.415	-0.208	1.542	1.112	1.973	0.688	1.435	-0.122
SyringaeB728a_mexBdelta	Psyr_1529	Psyr_1529		hypothetical protein	0.609	-0.077	-2.274	-0.419	-0.451	-0.093	0.036	-1.006	0.069	-0.566	0.791	0.452	0.573	-0.271	-0.350	-0.860	0.820	0.476	-0.283	0.531	0.162	-0.353	-0.229
SyringaeB728a_mexBdelta	Psyr_1530	Psyr_1530		hypothetical protein	-1.390	-0.148	-2.991	-1.372	-1.674	-1.574	-1.457	-0.752	-1.330	-0.311	-1.117	-1.147	-1.165	-0.301	-2.485	-0.530	-0.295	-0.691	-0.522	-1.902	-0.858	-1.612	-1.626
SyringaeB728a_mexBdelta	Psyr_1531	Psyr_1531		replicative DNA helicase (phage and plasmid)	0.427	1.008	-1.769	0.194	-0.660	-1.022	0.330	-1.255	1.394	-1.125	-1.716	-0.524	-0.128	-2.045	-1.071	-1.296	-0.717	-1.754	-0.764	-1.575	-0.593	-0.716	-1.014
SyringaeB728a_mexBdelta	Psyr_1532	Psyr_1532		hypothetical protein	-0.282	-1.892	-0.780	-0.633	-0.658	-0.959	-1.016	-0.497	0.032	-0.606	-2.555	-0.892	-0.766	-1.525	0.496	-0.521	0.170	-1.252	-0.550	-0.190	0.143	0.166	0.292
SyringaeB728a_mexBdelta	Psyr_1533	Psyr_1533		hypothetical protein	0.251	0.022	-0.371	0.967	0.736	-0.128	0.657	0.133	1.081	0.981	0.400	1.096	-0.478	-2.167	-0.772	-0.948	0.251	1.315	-0.931	-0.259	-1.119	-0.011	-0.798
SyringaeB728a_mexBdelta	Psyr_1534	Psyr_1534		chromosome partitioning related protein	-0.009	0.512	1.160	0.530	-0.553	1.808	0.477	-0.914	0.973	-0.197	0.228	0.575	-1.389	-0.436	0.744	1.162	0.578	0.379	0.307	0.651	0.131	0.894	1.446
SyringaeB728a_mexBdelta	Psyr_1535	Psyr_1535		CDS	-1.906	-2.279	-1.558	-1.976	-1.989	-4.339	-0.531	-2.243	-0.909	-2.672	-3.521	-2.778	-2.163	-3.053	-0.791	0.925	0.068	-0.776	0.022	-0.027	-0.821	0.249	0.288
SyringaeB728a_mexBdelta	Psyr_1536	Psyr_1536		Amine oxidase	0.186	0.010	-0.184	-0.322	-0.678	-0.196	0.831	0.517	-0.512	-0.379	-0.726	0.433	-1.513	-1.514	-0.994	0.333	-1.505	-0.790	-0.055	-0.396	-1.535	-0.162	-0.029
SyringaeB728a_mexBdelta	Psyr_1537	Psyr_1537		Amidase	0.016	0.746	0.413	1.221	-0.327	1.219	-0.356	-0.224	0.253	0.048	0.657	0.319	-0.338	-0.390	0.087	0.240	0.235	0.384	0.434	0.034	-0.179	-0.009	0.905
SyringaeB728a_mexBdelta	Psyr_1538	Psyr_1538		Propionyl-CoA carboxylase	-1.173	-0.953	-1.097	-0.752	0.893	-0.897	0.284	-1.189	-0.654	-0.730	-1.486	-1.539	-0.467	-2.335	-0.452	-0.336	-0.427	-0.369	-0.962	-0.697	-0.493	-0.722	-0.617
SyringaeB728a_mexBdelta	Psyr_1539	Psyr_1539		Histidine kinase, HAMP region:Bacterial chemotaxis sensory transducer	-1.023	-0.285	-1.176	-0.720	-0.994	0.356	0.524	-1.099	-1.293	-0.477	-1.078	-1.208	-0.162	0.242	-0.714	-1.695	-0.928	-0.956	-0.575	-1.247	-1.352	-2.175	-1.852
SyringaeB728a_mexBdelta	Psyr_1540	Psyr_1540		hypothetical protein	-1.535	-0.277	-2.479	-0.839	0.999	0.879	0.926	-0.603	-1.709	0.180	0.801	-1.673	0.682	1.074	-0.096	-3.366	0.716	-0.541	-0.743	-0.842	-1.037	0.890	-0.706
SyringaeB728a_mexBdelta	Psyr_1541	Psyr_1541		DedA	-0.125	0.649	0.530	0.189	0.872	-0.147	0.506	1.280	0.250	0.843	0.045	2.653	0.379	2.714	2.456	0.424	0.788	3.122	0.512	1.113	1.145	1.288	0.725
SyringaeB728a_mexBdelta	Psyr_1542	Psyr_1542		quinolinate synthetase	0.659	1.106	0.372	0.848	0.549	2.263	-0.536	1.677	-0.387	-0.289	1.091	1.098	0.671	0.090	0.382	1.453	0.122	0.535	0.371	1.273	0.236	0.168	0.539
SyringaeB728a_mexBdelta	Psyr_1543	Psyr_1543		Peptidase M48, Ste24p	-1.297	-0.728	-7.833	-1.114	-6.893	-5.211	-4.841	-7.246	-3.865	-0.850	-5.517	-0.916	-3.391	-4.744	-0.227	-0.798	-7.140	-6.168	-5.764	-6.401	0.008	0.781	0.029
SyringaeB728a_mexBdelta	Psyr_1544	Psyr_1544		SirA-like protein	-4.915	-4.463	-0.752	-4.364	-3.106	9.120	-1.025	-2.067	-3.464	-4.416	-4.271	-4.395	-2.662	-1.226	-3.778	-6.139	-5.173	-6.004	-3.670	-4.881	-5.466	-4.970	-4.232
SyringaeB728a_mexBdelta	Psyr_1545	Psyr_1545		Protein of unknown function UPF0118	-1.069	-0.847	0.521	0.337	-0.138	-3.852	-0.695	-4.402	-0.130	-1.311	-1.305	-1.571	0.943	-0.379	0.213	0.454	-0.537	0.414	0.331	0.184	0.051	0.337	-0.977
SyringaeB728a_mexBdelta	Psyr_1546	Psyr_1546		Alkyl hydroperoxide reductase/ Thiol specific antioxidant/ Mal allergen	0.999	0.688	-1.587	0.798	-0.667	0.501	0.096	-0.373	-0.118	-0.884	-1.527	-0.517	-0.547	-1.136	-0.729	0.076	-1.889	-0.325	-1.954	-2.303	-1.254	0.069	-0.711
SyringaeB728a_mexBdelta	Psyr_1547	Psyr_1547		glycine cleavage system transcriptional repressor	0.334	-0.951	-0.761	1.348	-0.855	-0.088	0.515	-1.305	0.426	-0.381	-1.239	-0.135	0.460	0.250	1.269	0.280	0.522	0.524	-1.161	-0.849	1.162	0.875	1.071
SyringaeB728a_mexBdelta	Psyr_1549	Psyr_1549		lipoprotein, putative	-0.427	0.612	-4.749	0.979	-4.628	-0.815	-1.498	-3.616	-1.584	0.561	-1.975	0.019	-1.898	-1.399	-0.857	-1.468	-2.626	-2.753	-2.901	-3.229	-1.183	-0.158	-1.117
SyringaeB728a_mexBdelta	Psyr_1550	Psyr_1550		Beta-lactamase-like protein	1.912	-0.189	-0.849	-0.320	-0.474	5.134	0.184	0.799	-1.267	0.698	0.153	-0.230	-0.903	-0.297	1.120	0.176	1.737	0.952	0.877	-0.651	0.134	0.323	0.841
SyringaeB728a_mexBdelta	Psyr_1552	Psyr_1552		CDS	0.202	-0.282	-0.833	1.086	-0.194	0.833	0.202	0.433	-0.841	0.083	-0.126	0.535	0.489	1.393	-0.430	-0.104	-0.050	0.072	0.151	0.447	-0.393	-0.242	-0.096
SyringaeB728a_mexBdelta	Psyr_1553	Psyr_1553		hypothetical protein	-0.800	-1.129	-1.219	-1.397	-2.089	-2.356	-0.381	-1.482	-1.279	-1.794	-4.428	-2.203	-1.080	-0.884	-1.538	-0.845	-2.363	-1.811	0.156	-0.932	-1.908	-0.700	-1.814
SyringaeB728a_mexBdelta	Psyr_1554	Psyr_1554		hypothetical protein	-4.074	-3.158	-3.688	-1.863	-1.581	-0.554	-1.180	-2.523	-3.423	-2.727	-4.637	-4.553	-2.158	-2.831	-1.953	-2.931	-3.498	-2.104	-3.096	-2.828	-3.831	-3.859	-1.731
SyringaeB728a_mexBdelta	Psyr_1555	Psyr_1555		Cobyrinic acid a,c-diamide synthase	-1.425	-2.976	-0.727	-0.097	0.711	-0.396	-0.055	-2.331	-0.640	-1.062	-2.425	-2.603	-1.834	-1.903	-0.278	-1.270	-0.593	-0.634	0.140	0.335	-0.225	-1.911	-1.582
SyringaeB728a_mexBdelta	Psyr_1556	Psyr_1556		hypothetical protein	-2.181	-1.169	-1.800	-3.495	-2.049	-1.218	-1.744	-1.563	-1.221	-1.487	-2.426	-1.472	-2.180	-0.508	-1.454	-1.150	-1.119	-1.390	-0.399	-2.592	-0.258	-3.039	-3.273
SyringaeB728a_mexBdelta	Psyr_1557	Psyr_1557		NADH:flavin oxidoreductase/NADH oxidase	0.955	0.325	0.190	-0.349	0.996	-0.490	0.445	1.546	-0.576	0.213	0.921	0.588	-0.322	-0.153	0.455	-0.194	-0.461	0.161	0.537	0.965	-0.064	0.172	0.615
SyringaeB728a_mexBdelta	Psyr_1558	Psyr_1558		transcriptional regulator, LysR family	0.049	-0.064	0.382	0.430	0.564	-0.082	-0.000	-0.307	-1.109	-0.143	-0.015	0.516	-0.217	-0.123	2.151	1.335	0.005	2.365	1.683	0.528	2.068	1.218	1.119
SyringaeB728a_mexBdelta	Psyr_1559	Psyr_1559		luciferase	0.574	-0.150	0.900	-1.761	-0.344	0.558	-0.327	0.296	0.060	-1.062	0.251	-0.193	0.676	0.540	0.425	-0.173	-0.546	-0.103	-0.264	-1.157	-0.522	-1.151	-0.461
SyringaeB728a_mexBdelta	Psyr_1560	Psyr_1560		gas vesicle protein, putative	-0.443	2.098	2.497	0.341	1.567	2.422	0.968	1.654	0.069	1.646	0.011	1.157	-0.871	-0.191	-1.707	0.411	-1.806	-0.478	-0.713	0.260	-1.839	-0.571	-0.292
SyringaeB728a_mexBdelta	Psyr_1561	Psyr_1561		NAD-dependent malic enzyme	-0.847	-0.759	-0.573	-1.659	-0.152	-0.882	-0.910	-1.112	-0.084	-0.590	-1.091	-2.008	1.815	0.936	0.201	-0.419	-0.436	0.083	-0.102	0.123	-0.126	-0.320	-0.303
SyringaeB728a_mexBdelta	Psyr_1562	Psyr_1562		phosphatidylethanolamine:Kdo2-lipid A phosphoethanolamine transferase	-0.376	0.077	0.080	-0.449	0.125	0.182	-0.043	-1.011	0.119	-0.712	-1.027	0.009	-0.572	-0.538	0.569	0.976	0.819	0.436	0.576	0.574	0.410	0.528	1.241
SyringaeB728a_mexBdelta	Psyr_1563	Psyr_1563		Ribonuclease D	-1.008	1.046	-1.885	-0.646	-1.945	-1.390	-1.819	-2.897	1.075	0.534	-0.751	-0.932	-2.173	0.067	-1.240	-1.309	-1.609	-0.305	-0.012	1.127	-1.264	-1.004	-0.527
SyringaeB728a_mexBdelta	Psyr_1564	Psyr_1564		Protein of unknown function DUF709	-1.357	-0.034	0.752	-0.379	0.568	0.357	-0.421	0.333	0.833	0.422	0.219	-1.067	0.098	-0.714	0.436	-0.238	-0.116	-0.700	-0.631	-0.012	-1.270	-0.322	-0.932
SyringaeB728a_mexBdelta	Psyr_1565	Psyr_1565		D-isomer specific 2-hydroxyacid dehydrogenase, NAD-binding protein	0.350	0.172	0.608	0.779	-1.352	0.907	-0.556	1.503	2.690	1.058	0.176	0.727	-0.442	2.979	1.983	0.496	1.492	0.951	1.581	2.560	0.593	0.748	2.744
SyringaeB728a_mexBdelta	Psyr_1566	Psyr_1566		Nitroreductase	1.258	0.995	0.805	0.300	-0.801	0.197	0.657	1.405	0.332	2.238	1.119	0.579	2.485	0.896	0.311	0.013	0.169	0.455	0.248	1.048	0.417	0.563	0.321
SyringaeB728a_mexBdelta	Psyr_1567	Psyr_1567		Uncharacterized conserved protein UCP006173	-2.195	-0.595	-0.596	-0.687	0.698	0.429	-0.205	1.890	-1.139	-0.607	-0.395	-0.149	-1.030	1.690	0.803	0.491	0.307	-0.560	0.789	0.354	-0.186	0.577	-0.737
SyringaeB728a_mexBdelta	Psyr_1569	Psyr_1569		conserved hypothetical protein	0.524	1.068	0.934	-0.084	-0.094	-0.302	1.103	1.116	-0.609	0.088	0.618	0.468	0.555	0.248	2.042	2.178	1.969	0.882	1.538	1.596	0.164	1.152	0.988
SyringaeB728a_mexBdelta	Psyr_1570	Psyr_1570		Copper resistance B precursor	-0.225	0.430	2.128	0.916	1.021	-1.270	-0.076	1.402	0.457	-1.003	0.467	0.447	-0.966	-1.434	-1.107	-0.933	0.021	1.062	0.951	-0.334	-0.646	0.335	0.221
SyringaeB728a_mexBdelta	Psyr_1571	Psyr_1571		Twin-arginine translocation pathway signal:Copper-resistance protein CopA	1.880	1.574	1.322	0.602	0.647	4.166	1.436	1.910	0.701	2.055	1.951	2.222	1.307	1.449	0.762	0.345	0.104	0.450	0.061	0.623	0.175	-0.019	0.683
SyringaeB728a_mexBdelta	Psyr_1572	Psyr_1572		HNH endonuclease	-0.823	-0.493	-0.483	-0.414	-0.704	-0.369	0.279	0.490	-0.580	-0.143	-0.093	-1.566	-0.783	-0.760	0.246	1.616	-0.797	0.638	-0.459	0.022	0.331	0.220	-0.848
SyringaeB728a_mexBdelta	Psyr_1573	Psyr_1573		cyclic nucleotide-binding protein	-0.375	-0.692	0.013	-0.811	-2.542	-0.459	-0.512	-0.986	-1.395	0.005	-1.025	-1.462	2.179	0.566	0.137	-0.809	-0.113	-0.987	-0.887	0.726	-0.994	-0.593	-0.406
SyringaeB728a_mexBdelta	Psyr_1574	Psyr_1574		oligopeptidase B, Serine peptidase, MEROPS family S09A	1.577	-0.073	-0.278	0.518	0.227	1.875	-0.045	1.286	0.672	0.349	0.414	1.020	1.388	2.034	0.479	0.670	-0.195	0.507	0.365	0.875	0.733	-0.242	0.590
SyringaeB728a_mexBdelta	Psyr_1575	Psyr_1575		conserved hypothetical protein	0.403	0.837	0.693	1.758	1.281	0.240	0.273	-2.484	1.372	0.512	0.855	1.162	0.162	1.962	0.519	1.470	-0.401	0.451	-0.891	-0.184	0.709	0.519	1.281
SyringaeB728a_mexBdelta	Psyr_1576	Psyr_1576		Glutamine amidotransferase, class-II	0.060	-0.575	0.328	0.221	0.284	0.887	0.589	-0.496	1.462	1.394	-1.084	0.678	0.429	1.301	-0.410	0.582	-1.482	0.305	-0.078	0.337	0.275	-0.151	0.214
SyringaeB728a_mexBdelta	Psyr_1577	Psyr_1577		conserved hypothetical protein	0.198	1.316	1.091	0.478	-0.313	0.048	-0.899	-0.506	-0.115	-0.757	-0.730	-0.954	-0.930	0.495	1.040	1.030	0.723	2.364	0.887	-0.577	0.576	-0.486	-0.829
SyringaeB728a_mexBdelta	Psyr_1578	Psyr_1578		conserved hypothetical protein	-1.689	-1.219	-2.073	0.499	-1.246	-1.251	-1.082	-0.037	-0.624	0.213	-0.972	-1.183	-0.240	-0.038	0.393	-0.485	-0.967	-0.219	-0.859	0.360	-0.375	-0.080	-0.313
SyringaeB728a_mexBdelta	Psyr_1579	Psyr_1579		conserved hypothetical protein	0.781	-0.448	-1.493	-0.893	-1.011	-2.861	-0.666	-1.896	-0.674	0.364	-3.019	-1.151	0.788	-1.471	-1.118	-0.657	-1.045	-0.492	-1.097	-0.458	-1.386	-2.057	-0.461
SyringaeB728a_mexBdelta	Psyr_1580	Psyr_1580		AAA ATPase, central region:AAA ATPase, central region	0.188	0.201	0.561	0.925	-0.183	0.480	0.780	-0.542	-0.232	-0.248	0.069	0.732	0.544	-0.605	1.292	2.471	1.275	1.004	0.816	1.393	0.748	1.142	1.322
SyringaeB728a_mexBdelta	Psyr_1581	Psyr_1581		conserved hypothetical protein	-1.201	-1.820	-2.600	-1.679	-0.497	-3.152	-1.413	-0.576	-0.374	-0.544	-0.607	-1.867	0.127	-0.974	0.511	0.457	-0.705	-0.294	0.723	-0.684	0.696	0.737	0.810
SyringaeB728a_mexBdelta	Psyr_1582	Psyr_1582		conserved hypothetical protein	1.046	1.591	1.074	0.132	0.123	1.089	1.501	0.722	0.881	1.055	1.974	1.608	-0.135	-0.880	0.381	-0.525	0.434	-0.596	-0.095	0.375	-0.044	0.290	0.837
SyringaeB728a_mexBdelta	Psyr_1583	Psyr_1583		cysteine synthase	0.492	1.260	-0.337	-0.004	-0.202	1.199	0.502	0.674	0.397	-0.091	0.260	-0.317	0.352	1.469	0.895	1.399	0.352	0.179	-0.307	1.414	0.366	1.363	0.058
SyringaeB728a_mexBdelta	Psyr_1584	Psyr_1584		Aspartyl/Asparaginyl beta-hydroxylase	-0.856	-0.745	-0.098	-0.034	-0.670	1.885	0.039	-6.353	-3.196	0.045	-0.292	-0.976	-1.671	-4.519	0.985	0.874	-0.300	0.537	0.418	-1.433	0.106	-0.228	-1.526
SyringaeB728a_mexBdelta	Psyr_1585	Psyr_1585		Response regulator receiver:ATP-binding region, ATPase-like:Histidine kinase A, N-terminal	0.664	1.032	3.005	0.692	0.739	3.418	0.952	1.603	0.874	0.638	2.386	1.382	2.178	2.714	0.102	0.221	0.440	-0.594	-1.263	1.619	-1.363	-0.429	0.118
SyringaeB728a_mexBdelta	Psyr_1586	Psyr_1586		Phospholipid/glycerol acyltransferase:Phospholipid/glycerol acyltransferase	-0.023	-0.240	0.691	-0.169	0.979	0.824	0.448	0.107	-0.889	0.356	-0.516	0.258	0.340	-1.197	0.505	-0.241	-0.225	-0.759	-0.674	-0.286	0.059	-0.413	-0.032
SyringaeB728a_mexBdelta	Psyr_1587	Psyr_1587		Bile acid:sodium symporter	0.998	0.855	-0.611	0.586	0.794	0.691	0.235	-0.988	1.559	0.320	-0.897	1.989	-0.756	0.655	-1.044	-0.067	-0.200	0.309	-1.361	-1.433	0.320	-1.082	-0.398
SyringaeB728a_mexBdelta	Psyr_1588	Psyr_1588		Putative exonuclease, RdgC	-1.473	-1.971	-2.091	-1.504	-1.120	-1.159	2.551	1.408	-3.234	-2.311	0.627	-2.277	-0.645	-3.343	-4.069	-1.492	-0.641	-1.441	-2.139	-0.294	-2.058	-2.622	-1.352
SyringaeB728a_mexBdelta	Psyr_1589	Psyr_1589		conserved hypothetical protein	0.717	0.689	0.315	-0.624	0.556	1.148	0.526	0.322	0.931	0.452	0.938	-0.720	1.687	1.998	-0.545	0.717	0.696	1.024	-0.062	1.942	-0.204	0.293	1.256
SyringaeB728a_mexBdelta	Psyr_1590	Psyr_1590		L-carnitine dehydratase/bile acid-inducible protein F	1.340	0.540	0.145	0.982	0.587	1.469	-0.657	0.560	0.103	1.866	-0.249	1.457	-1.855	0.071	0.424	0.863	1.221	0.459	0.310	1.857	0.854	0.694	-0.059
SyringaeB728a_mexBdelta	Psyr_1591	Psyr_1591		Glyoxalase/bleomycin resistance protein/dioxygenase	1.338	0.261	1.459	0.026	0.722	4.205	0.507	1.838	-0.459	1.467	1.348	0.346	-0.172	0.457	-1.251	-0.493	0.712	-1.478	-1.738	-0.094	-1.366	-2.625	-0.774
SyringaeB728a_mexBdelta	Psyr_1592	Psyr_1592		conserved hypothetical protein	-0.464	0.584	-0.498	0.750	-0.409	0.630	0.998	0.835	-0.184	0.693	-0.627	0.744	1.479	1.250	1.296	0.200	0.425	0.372	-0.190	0.384	0.161	0.986	0.085
SyringaeB728a_mexBdelta	Psyr_1593	Psyr_1593		conserved hypothetical protein	-0.212	0.514	0.046	0.181	0.380	0.285	1.706	1.658	0.980	1.812	-0.671	0.287	0.719	-1.444	0.204	0.124	0.410	0.060	0.809	0.363	-0.234	0.270	0.100
SyringaeB728a_mexBdelta	Psyr_1594	Psyr_1594		FKBP-type peptidyl-prolyl isomerase, N-terminal:Peptidylprolyl isomerase, FKBP-type	-0.900	-1.085	-1.964	0.140	-1.422	-0.574	-0.151	-0.534	-0.507	-0.998	-1.543	-1.168	-0.688	0.344	-2.223	-0.537	-2.017	-1.746	-1.733	-1.627	-1.143	-0.921	-1.130
SyringaeB728a_mexBdelta	Psyr_1595	Psyr_1595		Protein of unknown function DUF1232	1.364	1.628	1.434	0.837	-0.128	0.172	1.235	1.688	1.188	2.777	1.002	-0.153	0.999	0.748	0.925	-0.092	0.191	-0.960	0.646	-0.099	0.628	-0.362	0.821
SyringaeB728a_mexBdelta	Psyr_1598	Psyr_1598		diguanylate cyclase/phosphodiesterase	0.839	2.244	2.321	1.945	0.844	-0.299	1.371	0.455	1.343	-0.211	0.396	0.816	0.818	-1.121	1.264	2.246	2.838	2.857	3.027	2.119	0.515	3.741	1.530
SyringaeB728a_mexBdelta	Psyr_1599	Psyr_1599		C-terminal processing peptidase-1, Serine peptidase, MEROPS family S41A	-1.053	-1.399	2.357	-0.859	4.438	-6.875	10.736	-11.221	-0.172	-3.281	-1.704	-1.147	5.401	0.715	-1.171	-0.909	-4.234	-1.428	-1.625	-1.260	-1.105	-1.390	-2.212
SyringaeB728a_mexBdelta	Psyr_1600	Psyr_1600		Zinc-containing alcohol dehydrogenase superfamily	0.328	0.402	2.640	1.523	1.288	1.694	3.385	0.484	1.576	0.620	0.624	1.983	2.436	2.911	1.059	-0.173	0.825	2.466	1.207	0.737	0.819	0.633	1.737
SyringaeB728a_mexBdelta	Psyr_1601	Psyr_1601		HAD-superfamily hydrolase, subfamily IB (PSPase-like):HAD-superfamily subfamily IB hydrolase, hypothetical 2	-0.623	0.244	0.953	0.684	1.900	2.070	0.992	1.395	-1.180	-1.138	1.203	-0.385	-0.275	0.453	1.142	0.972	-0.080	1.680	-0.367	1.431	1.754	0.560	2.440
SyringaeB728a_mexBdelta	Psyr_1602	Psyr_1602		ABC transporter	1.669	2.051	0.407	1.475	0.704	0.075	1.870	1.739	1.574	0.550	1.211	0.995	1.499	0.539	0.965	0.467	0.807	-1.004	-0.352	-0.234	0.072	-1.526	-1.359
SyringaeB728a_mexBdelta	Psyr_1603	Psyr_1603		Binding-protein-dependent transport systems inner membrane component	1.900	1.116	0.865	0.948	-0.093	-1.460	0.342	0.082	1.140	2.362	0.956	-0.373	0.048	0.184	2.254	-0.527	0.236	-0.242	2.194	0.953	1.587	0.904	1.423
SyringaeB728a_mexBdelta	Psyr_1604	Psyr_1604		Binding-protein-dependent transport systems inner membrane component	2.453	2.282	0.860	0.304	1.465	1.404	0.903	1.478	1.153	1.052	1.938	1.841	2.974	1.047	0.190	-0.119	0.128	-0.079	0.932	0.018	0.469	-0.791	0.037
SyringaeB728a_mexBdelta	Psyr_1605	Psyr_1605		conserved hypothetical protein	1.000	-1.855	1.209	-1.435	-1.475	-2.238	0.287	0.515	-0.990	-0.128	-0.673	0.635	0.665	-0.243	0.679	0.749	1.151	-0.290	1.107	-0.223	-0.487	2.483	1.293
SyringaeB728a_mexBdelta	Psyr_1606	Psyr_1606		ABC transporter, periplasmic substrate-binding protein	1.446	2.360	1.740	2.199	1.248	-0.380	1.105	0.666	0.222	2.805	0.634	1.279	0.269	-0.054	-0.849	0.175	0.325	-0.238	-0.878	0.202	-0.981	0.060	-0.284
SyringaeB728a_mexBdelta	Psyr_1607	Psyr_1607		transcriptional regulator, GntR family	-1.419	-0.836	-1.528	0.953	0.033	-2.276	0.751	-1.015	0.535	0.453	0.515	-0.313	-0.614	-2.248	-1.385	-0.941	-1.403	-1.100	-2.697	-2.316	-1.030	-1.492	-0.334
SyringaeB728a_mexBdelta	Psyr_1608	Psyr_1608		ice-nucleation proteins octamer repeat protein	0.052	-0.260	0.164	0.017	1.499	0.807	0.422	0.835	0.883	0.580	0.010	0.993	-1.227	-0.414	1.125	0.911	0.604	0.849	0.596	1.038	-0.344	0.640	0.528
SyringaeB728a_mexBdelta	Psyr_1609	Psyr_1609		Aspartyl aminopeptidase	0.521	0.527	-1.816	1.095	0.719	0.651	-0.103	-1.054	2.949	-0.020	1.359	2.107	-1.847	2.120	-0.444	-0.486	-0.641	-0.790	-0.492	-0.035	-0.377	-1.744	-0.460
SyringaeB728a_mexBdelta	Psyr_1610	Psyr_1610		ribosomal large subunit pseudouridine synthase A	0.513	0.926	4.280	0.208	2.323	3.240	0.073	0.093	0.069	-1.200	-1.020	0.585	1.121	0.731	-0.182	-0.883	-0.683	1.014	1.314	1.306	0.403	1.203	0.432
SyringaeB728a_mexBdelta	Psyr_1612	Psyr_1612		septum site-determining protein MinD	-4.056	-3.646	-3.545	-3.838	-3.496	-2.678	-2.670	-3.657	-3.905	-3.683	-3.696	-3.704	-4.050	-1.983	-3.250	-3.414	-3.314	-2.802	-3.516	-1.556	-3.082	-2.416	-3.158
SyringaeB728a_mexBdelta	Psyr_1613	Psyr_1613		septum site-determining protein MinC	-2.941	-2.174	-2.456	-2.818	-2.723	-2.355	-2.511	-2.649	-2.183	-2.188	-2.646	-2.959	-1.856	-1.732	-3.717	-2.692	-2.243	-2.691	-2.223	-2.701	-2.311	-2.981	-2.594
SyringaeB728a_mexBdelta	Psyr_1614	Psyr_1614		lipid A biosynthesis acyltransferase	-5.254	-3.681	-6.010	-2.569	-5.575	-1.673	-5.844	-4.308	-6.022	-1.939	-5.750	-5.721	-3.834	-7.088	-0.473	-0.034	-5.121	-4.396	-4.069	-6.350	-0.840	-0.704	-0.799
SyringaeB728a_mexBdelta	Psyr_1615	Psyr_1615		Patatin	-0.121	-0.060	0.654	0.724	-1.275	-0.487	-0.298	-1.372	-0.444	-0.747	0.286	-0.159	0.928	2.237	0.353	0.203	-0.182	1.239	-1.530	0.044	0.900	0.402	-0.169
SyringaeB728a_mexBdelta	Psyr_1616	Psyr_1616		Rieske [2Fe-2S] region	0.172	-0.250	-0.741	-1.546	-0.659	-0.503	-0.505	0.644	0.590	0.597	-0.527	-0.393	-1.525	-1.044	-0.078	-0.054	-0.578	0.681	0.650	-0.489	0.158	0.180	0.418
SyringaeB728a_mexBdelta	Psyr_1617	Psyr_1617		conserved hypothetical protein	0.667	1.407	0.455	0.548	0.054	1.270	0.718	-0.322	1.136	-0.337	0.162	-0.104	0.938	1.153	1.031	1.205	0.374	0.780	1.214	-0.489	0.170	0.771	0.489
SyringaeB728a_mexBdelta	Psyr_1618	Psyr_1618		Dihydrodipicolinate synthetase	1.321	0.625	-0.772	-0.501	0.274	0.878	-0.450	0.825	1.445	1.533	0.497	1.720	2.240	0.580	0.292	-0.189	0.666	-0.003	-0.545	0.277	-0.436	0.232	-0.287
SyringaeB728a_mexBdelta	Psyr_1619	Psyr_1619		conserved hypothetical protein	1.123	0.470	1.008	0.509	1.507	0.402	0.719	1.867	1.262	0.350	0.049	-0.404	0.280	1.128	0.002	0.230	-0.226	-0.257	-0.130	0.161	-0.392	-0.898	0.277
SyringaeB728a_mexBdelta	Psyr_1620	Psyr_1620		conserved hypothetical protein	0.276	0.119	-1.527	-0.243	0.554	-3.353	0.661	0.987	0.650	0.628	0.375	0.631	1.601	1.280	0.628	1.466	1.240	0.829	0.753	0.756	-0.850	1.143	0.674
SyringaeB728a_mexBdelta	Psyr_1621	Psyr_1621		Autoinducer synthesis protein	0.406	-1.689	0.255	0.582	0.557	-0.556	-0.157	-1.110	-1.430	0.446	-1.228	0.627	-0.391	0.251	-0.400	-1.166	-1.020	-0.267	-0.303	-0.033	-0.692	-0.996	-0.063
SyringaeB728a_mexBdelta	Psyr_1622	Psyr_1622		regulatory protein, LuxR:Autoinducer-binding protein	-0.062	-0.659	-0.954	-0.792	-1.123	-1.072	0.029	-0.550	-2.237	0.364	-1.921	-2.071	-3.159	-2.737	-1.115	0.495	-0.364	-1.006	0.364	-0.617	-0.263	-0.242	-0.926
SyringaeB728a_mexBdelta	Psyr_1623	Psyr_1623		Pyruvate dehydrogenase (lipoamide)	1.862	0.631	0.300	-0.148	1.459	2.101	1.254	0.876	0.704	2.092	1.544	1.898	-0.883	-0.477	1.362	1.474	1.097	1.311	1.728	0.182	0.764	1.622	1.406
SyringaeB728a_mexBdelta	Psyr_1624	Psyr_1624		transcriptional regulator, MarR family	0.837	0.756	1.059	0.960	0.199	-1.159	-0.492	0.495	0.411	0.611	1.094	-0.305	0.015	-0.690	-1.206	-1.156	-0.279	-0.247	-0.370	0.156	-0.148	0.890	-0.897
SyringaeB728a_mexBdelta	Psyr_1625	Psyr_1625		2-oxo-acid dehydrogenase E1 component homodimeric type	-0.262	-0.416	-0.436	0.336	0.329	0.240	0.597	-0.315	0.858	0.644	-0.959	-0.378	0.040	0.486	0.574	0.165	0.486	0.423	0.090	0.216	-0.914	-0.811	0.190
SyringaeB728a_mexBdelta	Psyr_1626	Psyr_1626		Pirin, N-terminal:Pirin, C-terminal	1.043	-0.250	0.833	-0.466	-0.525	1.261	-0.441	2.030	0.101	-0.060	0.494	0.960	0.428	1.618	1.698	0.139	-0.023	1.128	0.809	-0.195	0.007	0.802	1.313
SyringaeB728a_mexBdelta	Psyr_1628	Psyr_1628		Acyl-CoA dehydrogenase, C-terminal:Acyl-CoA dehydrogenase, N-terminal	0.507	-0.074	-0.395	1.055	-1.784	-0.027	-1.121	-0.103	-0.655	-0.813	0.873	-0.148	0.844	1.659	2.051	0.883	0.398	0.390	2.051	1.144	1.542	1.472	-0.191
SyringaeB728a_mexBdelta	Psyr_1629	Psyr_1629		Glutathione S-transferase, N-terminal:Glutathione S-transferase, C-terminal	0.832	0.368	0.989	-1.733	-0.442	-0.209	-1.075	0.403	-0.942	-1.359	0.032	-2.172	1.519	1.525	0.263	-0.596	0.414	-0.501	-0.360	1.044	1.034	0.585	-0.016
SyringaeB728a_mexBdelta	Psyr_1630	Psyr_1630		ABC transporter	-0.011	-2.487	1.198	-1.390	1.730	-1.512	1.980	-2.163	2.099	-1.687	0.614	-0.315	1.293	1.541	0.665	0.742	2.142	0.821	1.338	0.730	0.521	1.736	1.555
SyringaeB728a_mexBdelta	Psyr_1631	Psyr_1631		ABC-2	-0.879	0.428	7.080	0.863	5.882	-0.229	10.125	0.208	6.767	0.576	1.225	0.107	4.231	4.380	1.405	0.511	1.664	1.488	1.338	1.407	1.358	0.859	2.452
SyringaeB728a_mexBdelta	Psyr_1632	Psyr_1632		ComEC/Rec2-related protein:DNA internalization-related competence protein ComEC/Rec2	0.542	-0.071	0.186	1.366	-0.824	1.423	1.287	1.114	0.096	0.054	0.134	1.602	0.710	1.127	-0.267	1.619	0.255	0.091	1.532	-0.083	1.189	0.334	-0.078
SyringaeB728a_mexBdelta	Psyr_1633	Psyr_1633		MotA/TolQ/ExbB proton channel	0.961	-0.182	-0.610	-0.436	-0.016	-0.666	-1.764	1.400	-0.020	1.550	-0.860	0.244	-2.144	0.071	-0.510	-1.725	-0.432	0.479	-0.309	-0.798	-1.027	0.132	-0.460
SyringaeB728a_mexBdelta	Psyr_1638	Psyr_1638		RNAse E	1.118	-0.784	0.312	-0.700	0.274	2.938	0.950	1.226	0.267	-0.733	0.389	0.270	0.233	2.274	-0.262	-1.671	2.298	-1.643	-1.487	-0.505	-1.137	-0.056	0.715
SyringaeB728a_mexBdelta	Psyr_1639	Psyr_1639		ribosomal large subunit pseudouridine synthase C	-0.700	-0.682	0.511	0.872	-1.473	-3.370	-3.710	0.075	2.606	-1.450	1.254	-1.198	-1.348	1.143	0.659	0.490	-1.030	1.575	0.056	-1.232	-0.025	0.933	-0.764
SyringaeB728a_mexBdelta	Psyr_1640	Psyr_1640		HAD-superfamily hydrolase, subfamily IA, variant 3:HAD-superfamily hydrolase, subfamily IA, variant 1	-1.401	-0.127	-1.033	-0.420	0.772	0.900	-1.024	-0.373	-0.004	-0.730	-0.970	0.429	-2.154	0.307	-1.604	-0.708	-0.229	0.353	0.184	-0.275	-0.515	-0.294	-0.944
SyringaeB728a_mexBdelta	Psyr_1641	Psyr_1641		Peptidase S49, SppA	-0.317	-0.175	0.359	-0.929	0.825	0.799	0.705	-0.414	0.818	-1.527	-0.214	-0.245	0.022	0.045	-0.017	-0.236	-0.866	-1.257	0.697	-0.095	-1.126	-1.105	-0.442
SyringaeB728a_mexBdelta	Psyr_1642	Psyr_1642		Maf-like protein	-0.627	1.527	-0.231	-0.557	-1.483	-0.065	-0.558	2.675	0.446	-0.070	-1.425	1.260	-1.116	1.315	0.308	-0.644	0.910	1.274	0.811	0.047	0.794	0.162	0.894
SyringaeB728a_mexBdelta	Psyr_1645	Psyr_1645		phosphate:acyl-[acyl carrier protein] acyltransferase	1.074	0.359	-0.425	-0.867	0.760	-0.390	-0.315	1.314	-0.077	-0.105	2.774	0.759	0.371	-0.748	1.189	1.062	1.334	1.079	1.190	0.891	2.552	1.101	1.187
SyringaeB728a_mexBdelta	Psyr_1650	Psyr_1650		aminodeoxychorismate lyase apoprotein	-2.805	-1.701	-1.922	-3.075	-0.162	1.727	0.302	1.332	-3.715	-1.664	-1.818	-2.545	-1.144	-0.363	-2.198	-1.261	-0.980	-0.171	-0.570	-0.674	-1.129	-0.461	-2.483
SyringaeB728a_mexBdelta	Psyr_1651	Psyr_1651		Protein of unknown function DUF175	2.929	2.230	-0.973	1.287	-0.357	-0.976	0.431	1.599	0.817	-0.249	2.615	-0.043	-1.117	-2.306	-1.369	0.220	-1.808	-0.915	-1.084	-1.091	-2.662	-0.046	-0.795
SyringaeB728a_mexBdelta	Psyr_1654	Psyr_1654		Type IV pilus assembly PilZ	-0.242	-0.847	0.588	0.598	1.944	0.047	2.100	4.794	-0.565	-0.260	-0.382	-0.135	-0.101	-0.014	0.487	0.064	1.238	0.589	0.946	0.492	0.181	-0.487	-0.032
SyringaeB728a_mexBdelta	Psyr_1655	Psyr_1655		TatD-related deoxyribonuclease	0.269	0.496	-1.139	-1.463	0.362	0.901	0.725	0.170	-0.427	1.844	-0.016	-0.417	-1.346	-0.352	-0.041	0.259	1.039	0.519	1.641	0.843	0.872	0.781	1.445
SyringaeB728a_mexBdelta	Psyr_1656	Psyr_1656		Lysine exporter protein (LYSE/YGGA)	1.109	0.280	0.091	-0.406	-0.370	-0.985	0.153	-2.109	0.942	0.976	-1.560	0.118	0.682	0.896	0.063	1.123	0.824	0.332	-0.454	-0.807	1.010	-0.799	1.256
SyringaeB728a_mexBdelta	Psyr_1657	Psyr_1657		transcriptional regulator, TetR family	-0.396	-0.874	-1.733	-0.809	-0.728	-2.471	-1.071	-1.977	-1.046	-1.012	-0.126	-1.292	0.310	-2.311	-0.371	0.788	0.043	1.668	-0.386	0.904	-0.425	0.082	-0.264
SyringaeB728a_mexBdelta	Psyr_1658	Psyr_1658		lipoprotein, putative	-2.368	-3.784	-0.293	-1.720	-1.536	1.319	-2.239	-1.097	-1.468	-0.523	-1.116	-2.225	1.050	-2.354	0.448	0.119	1.785	-0.859	1.587	-0.141	0.136	0.304	0.262
SyringaeB728a_mexBdelta	Psyr_1659	Psyr_1659		Protein of unknown function DUF1285	-0.797	0.359	-0.688	1.243	0.324	-2.360	0.559	-0.758	0.237	0.232	-1.110	-0.841	-0.165	-3.193	0.923	-0.100	0.528	0.753	0.319	-0.107	1.213	0.794	0.952
SyringaeB728a_mexBdelta	Psyr_1660	Psyr_1660		Aspartate-semialdehyde dehydrogenase	1.867	1.025	0.784	0.769	1.759	0.451	-0.346	0.538	1.722	0.861	0.805	0.731	-1.575	-0.612	0.682	0.942	-0.894	0.466	1.027	0.749	-0.274	0.124	-0.542
SyringaeB728a_mexBdelta	Psyr_1661	Psyr_1661		conserved hypothetical protein	0.182	0.345	-2.696	1.129	1.133	1.412	0.100	1.527	0.213	0.321	0.275	-0.388	-0.101	0.748	1.247	1.282	0.572	0.877	0.334	1.496	1.100	0.198	1.411
SyringaeB728a_mexBdelta	Psyr_1662	Psyr_1662		tRNA pseudouridine synthase	-0.368	-0.614	-0.581	-1.903	-0.854	0.718	-1.998	-0.205	0.033	-1.429	-0.961	0.006	-0.134	1.468	-1.699	-0.243	-2.439	-2.276	-0.961	-0.229	-1.962	-3.207	-2.225
SyringaeB728a_mexBdelta	Psyr_1663	Psyr_1663		phosphoribosylanthranilate isomerase	1.052	-0.403	-0.727	-0.182	-1.747	0.300	0.848	0.586	1.111	0.518	-0.605	-0.781	0.206	-0.371	-0.511	-1.398	-0.029	-0.168	-0.852	1.187	-0.679	0.744	-0.844
SyringaeB728a_mexBdelta	Psyr_1666	Psyr_1666		Sporulation related protein	-0.663	-0.266	-3.605	-1.207	0.107	-1.123	-2.059	-1.198	0.882	0.091	-0.664	0.274	0.728	2.703	0.798	-0.133	0.131	-0.190	2.048	0.663	-0.129	0.030	0.577
SyringaeB728a_mexBdelta	Psyr_1667	Psyr_1667		Colicin V production protein	-3.601	-3.582	-4.740	-3.551	-3.565	-2.165	-3.598	-4.231	-5.202	-1.280	-3.147	-5.140	-1.164	1.055	-4.579	-2.858	-1.586	-4.062	-2.965	-2.852	-4.173	-3.340	-2.406
SyringaeB728a_mexBdelta	Psyr_1668	Psyr_1668		amidophosphoribosyltransferase	-2.527	-1.201	-0.626	0.326	-0.706	-0.147	-1.741	-0.319	-0.507	-0.469	-0.836	-3.226	-1.311	0.011	-0.091	-0.047	0.250	-0.309	-0.792	-0.675	-0.227	-1.454	0.400
SyringaeB728a_mexBdelta	Psyr_1669	Psyr_1669		O-succinylhomoserine sulfhydrylase	-0.343	1.493	-2.718	-0.680	0.371	0.371	-0.207	-1.616	0.704	0.376	-0.183	-0.483	0.808	2.626	1.627	-0.498	0.710	1.152	0.494	0.411	0.225	1.063	0.951
SyringaeB728a_mexBdelta	Psyr_1670	Psyr_1670		Short-chain dehydrogenase/reductase SDR	-1.056	0.263	0.724	0.481	1.738	1.399	-0.395	1.728	0.750	0.592	0.291	1.805	-1.200	-0.018	-0.812	0.206	0.591	0.159	0.326	-0.344	1.510	0.725	1.008
SyringaeB728a_mexBdelta	Psyr_1671	Psyr_1671		lipoprotein, putative	1.497	0.855	-0.417	0.949	1.021	1.080	0.649	0.762	-0.670	0.797	-0.496	-0.024	-0.561	-1.457	0.884	0.036	1.463	1.140	2.164	0.982	0.969	0.329	2.019
SyringaeB728a_mexBdelta	Psyr_1672	Psyr_1672		L-threonine ammonia-lyase	0.210	-0.549	-0.765	-0.596	-0.964	-0.732	0.361	-1.571	1.612	-0.770	-2.306	-0.788	0.757	-0.742	-0.989	0.587	-1.498	-0.108	0.246	-0.830	-0.557	-0.826	0.206
SyringaeB728a_mexBdelta	Psyr_1673	Psyr_1673		transcriptional regulator, AraC family	-0.137	-1.143	-0.932	-0.815	-0.254	-0.021	-0.807	0.079	-0.401	0.740	-0.286	-0.887	-0.045	0.734	0.901	1.460	0.126	0.465	0.700	1.043	0.078	0.260	1.551
SyringaeB728a_mexBdelta	Psyr_1674	Psyr_1674		Nitrilase/cyanide hydratase and apolipoprotein N-acyltransferase	-0.775	1.105	-1.208	0.142	0.354	0.564	0.006	2.459	-0.705	0.176	0.267	1.066	-0.640	-2.705	-0.642	-0.428	-0.772	-0.502	-1.939	-0.735	-0.644	-0.585	0.153
SyringaeB728a_mexBdelta	Psyr_1675	Psyr_1675		2,4-dienoyl-CoA reductase	0.164	0.028	0.872	-0.493	0.213	-0.616	1.009	-0.776	0.811	-1.118	0.351	0.700	-0.097	0.189	0.404	0.501	0.344	-0.207	0.626	0.566	1.125	0.367	0.185
SyringaeB728a_mexBdelta	Psyr_1676	Psyr_1676		1-aminocyclopropane-1-carboxylate deaminase, putative	0.895	1.233	1.802	-0.105	1.196	0.185	1.526	2.308	-0.730	1.086	0.002	0.040	0.729	0.246	-0.711	-0.045	0.013	-0.363	1.227	0.805	0.940	-0.006	-0.050
SyringaeB728a_mexBdelta	Psyr_1677	Psyr_1677		General substrate transporter:Major facilitator superfamily	0.178	0.783	0.169	-0.903	-0.874	-0.098	-0.410	0.991	-0.436	-0.743	1.679	0.479	0.531	0.796	1.463	0.255	1.078	0.989	1.420	-0.314	0.233	0.428	-0.698
SyringaeB728a_mexBdelta	Psyr_1681	Psyr_1681		Major facilitator superfamily	1.108	1.617	0.076	0.703	0.274	2.856	0.066	1.366	0.209	1.156	-0.193	2.234	-0.146	-0.545	-0.987	0.509	-1.376	0.024	-0.333	-1.626	0.948	-1.222	-1.265
SyringaeB728a_mexBdelta	Psyr_1682	Psyr_1682		arsenite efflux membrane protein ArsB	1.126	0.691	-0.817	0.968	0.055	0.178	0.805	-1.802	0.613	-0.223	-0.527	1.385	-0.836	-0.165	0.354	-0.914	-0.296	-0.191	0.119	-0.215	-1.221	0.245	-1.105
SyringaeB728a_mexBdelta	Psyr_1683	Psyr_1683		conserved hypothetical protein	0.979	1.213	0.650	0.446	0.035	0.699	-1.259	-0.068	0.570	1.252	1.113	0.062	-0.378	-0.289	0.425	2.483	1.361	1.146	-0.206	0.515	1.330	0.238	1.014
SyringaeB728a_mexBdelta	Psyr_1684	Psyr_1684		GGDEF domain protein	-0.178	-0.963	-0.956	-0.959	-0.583	-0.321	-1.815	-1.382	-1.157	-0.889	-0.464	0.341	-0.190	-0.813	0.399	0.920	1.131	0.366	-0.043	0.376	0.749	0.880	1.325
SyringaeB728a_mexBdelta	Psyr_1686	Psyr_1686		Metallophosphoesterase	0.742	0.101	-0.765	-1.135	-0.717	-0.638	0.629	0.714	-0.249	-0.958	0.424	0.334	0.101	0.718	1.096	-0.003	0.371	-0.188	-1.501	-0.139	-0.880	-2.211	-0.538
SyringaeB728a_mexBdelta	Psyr_1687	Psyr_1687		Rhomboid-like protein	-0.294	-0.130	-1.127	1.168	1.324	-0.905	-1.051	-1.720	-0.145	-1.370	-0.078	0.043	-0.043	-2.897	-1.046	0.987	-0.569	-0.553	-0.195	0.079	0.155	-0.353	-0.720
SyringaeB728a_mexBdelta	Psyr_1689	Psyr_1689		conserved hypothetical protein	0.759	-0.965	-0.441	-1.351	0.340	0.093	-0.093	-0.241	-0.423	-0.184	-0.662	-0.758	0.431	-0.442	0.825	-0.336	-0.044	1.269	0.323	0.675	0.441	1.298	0.272
SyringaeB728a_mexBdelta	Psyr_1690	Psyr_1690		Peptidase M1, membrane alanine aminopeptidase	-0.002	0.218	-1.771	-0.454	-1.196	1.044	-0.279	-0.146	0.553	0.160	-0.522	0.018	-0.825	-0.834	-0.268	0.404	0.271	-0.276	0.552	0.570	0.089	-0.410	0.612
SyringaeB728a_mexBdelta	Psyr_1691	Psyr_1691		hypothetical protein	-0.428	0.479	0.846	-0.852	-0.010	1.583	0.148	0.049	0.085	-1.000	-0.422	-0.051	0.765	1.079	-0.187	0.378	0.685	0.080	0.824	0.070	0.846	0.816	-0.020
SyringaeB728a_mexBdelta	Psyr_1692	Psyr_1692		conserved hypothetical protein	-0.588	-2.054	-0.932	0.104	-0.363	1.398	0.547	-0.104	0.023	-0.406	-0.825	-1.233	1.146	0.965	-0.300	-0.687	-0.018	-1.097	-1.024	-0.812	0.144	-2.037	-0.243
SyringaeB728a_mexBdelta	Psyr_1694	Psyr_1694		Rhomboid-like protein	0.589	0.752	-0.503	0.142	1.271	1.186	0.774	0.640	0.969	1.035	1.649	0.332	-0.277	-0.271	-2.785	-1.107	-0.191	-1.453	-1.099	-1.258	-1.087	-1.879	-1.877
SyringaeB728a_mexBdelta	Psyr_1695	Psyr_1695		conserved hypothetical protein	-1.579	-0.226	-0.160	-0.093	-1.436	-1.749	-0.118	-1.837	-0.756	-0.346	-0.276	-0.379	-0.588	0.077	0.157	-0.015	0.724	1.295	-0.906	-0.545	-0.015	-0.800	-0.971
SyringaeB728a_mexBdelta	Psyr_1696	Psyr_1696		Protein of unknown function DUF350	-0.037	0.739	-0.984	-0.824	-0.262	1.041	-0.175	-0.930	-0.393	0.434	-0.803	-0.852	0.017	0.953	1.558	1.446	0.870	1.072	1.122	1.924	1.615	-0.014	1.856
SyringaeB728a_mexBdelta	Psyr_1697	Psyr_1697		conserved hypothetical protein	-0.437	-0.029	-0.406	1.138	-0.478	-0.458	0.716	-0.014	-1.662	-0.414	0.111	-0.414	-0.194	-0.525	0.563	0.085	-0.492	-0.104	-0.592	-0.276	-0.052	-0.033	-1.509
SyringaeB728a_mexBdelta	Psyr_1698	Psyr_1698		Glutathionylspermidine synthase	-1.214	-0.543	-1.204	0.355	0.752	-1.326	0.215	-1.696	0.182	-0.899	-1.650	0.300	-0.664	-0.342	-1.095	0.738	0.515	-2.036	-0.229	0.019	-0.717	-0.866	-0.397
SyringaeB728a_mexBdelta	Psyr_1699	Psyr_1699		Protein of unknown function DUF1329	-0.234	-0.303	-0.834	-0.803	-0.091	-0.716	0.308	-0.478	-0.179	-0.164	-0.411	-0.520	-0.105	-0.486	1.150	0.632	1.137	0.094	0.842	0.803	0.534	0.424	1.070
SyringaeB728a_mexBdelta	Psyr_1700	Psyr_1700		Glycosyl hydrolase, BNR repeat protein	-0.546	0.808	0.663	-1.078	0.428	1.445	0.920	1.172	0.756	-0.632	-0.073	0.568	0.796	1.913	0.167	0.445	1.420	-0.431	0.755	0.379	0.489	1.217	-0.635
SyringaeB728a_mexBdelta	Psyr_1701	Psyr_1701		membrane protein, putative	-0.859	-0.651	-1.222	-1.181	-0.314	1.075	-1.077	-1.326	-0.259	-0.364	-1.001	-0.782	-0.441	-1.258	-0.823	-0.831	0.772	-0.805	-0.775	0.552	0.509	-0.140	0.613
SyringaeB728a_mexBdelta	Psyr_1702	Psyr_1702		regulatory protein, LuxR	-2.953	-1.538	-2.348	-1.716	-0.773	-1.634	-1.425	-2.861	-1.927	-2.055	-2.246	-2.151	-1.445	-1.893	-1.700	0.185	-1.927	-0.122	-0.206	-0.734	-1.189	-1.419	-0.964
SyringaeB728a_mexBdelta	Psyr_1703	Psyr_1703		Fatty acid desaturase	-0.510	-1.118	-3.693	-1.058	-1.316	-0.783	-0.725	-2.114	-1.528	-1.228	-1.050	-1.700	-1.296	-1.602	-1.547	-1.356	-0.622	-1.184	-1.351	-1.519	-2.187	-1.745	-0.765
SyringaeB728a_mexBdelta	Psyr_1704	Psyr_1704		Amino acid adenylation	-0.811	0.161	-0.454	0.536	0.374	1.039	-0.261	-2.033	-0.302	-1.528	-0.870	-0.353	-0.256	-1.638	1.544	1.197	1.225	2.273	2.214	1.632	0.577	1.172	0.880
SyringaeB728a_mexBdelta	Psyr_1705	Psyr_1705		Amino acid adenylation	1.653	0.569	-0.668	0.279	-0.415	-0.081	-0.134	-0.018	-0.183	0.078	-0.306	0.539	1.225	-0.064	0.674	1.087	1.091	1.284	1.925	0.949	0.119	0.547	1.151
SyringaeB728a_mexBdelta	Psyr_1706	Psyr_1706		General substrate transporter:Major facilitator superfamily	0.936	1.464	0.684	1.084	0.235	1.187	-0.185	0.589	-0.826	0.486	0.519	1.424	0.794	1.157	0.070	0.406	2.031	1.849	1.524	1.319	1.233	1.047	0.211
SyringaeB728a_mexBdelta	Psyr_1707	Psyr_1707		transcriptional regulator, GntR family	0.439	0.457	-0.810	-0.848	-1.340	2.005	-0.093	-1.145	0.081	-0.133	0.390	0.677	-0.205	0.038	-1.290	-1.110	-2.051	-0.900	-1.270	-1.717	0.084	-0.631	-1.089
SyringaeB728a_mexBdelta	Psyr_1708	Psyr_1708		L-arabinonate dehydratase	2.243	1.071	0.537	2.271	0.910	2.747	1.049	0.943	1.393	0.121	1.780	0.569	0.738	1.147	-0.437	-0.061	-1.620	-0.246	-0.746	0.907	-1.026	1.074	0.120
SyringaeB728a_mexBdelta	Psyr_1709	Psyr_1709		Major facilitator superfamily	1.353	1.364	-0.723	-0.024	-0.389	1.414	0.584	-1.429	-0.065	0.772	0.309	-0.576	-0.049	-0.600	-1.346	-0.525	-1.230	-0.105	-0.375	-0.643	0.291	0.381	-0.947
SyringaeB728a_mexBdelta	Psyr_1710	Psyr_1710		Protein of unknown function DUF1238	-0.459	1.949	0.403	0.253	0.063	1.418	-1.134	-0.336	0.973	2.212	-0.042	1.247	1.059	1.106	2.436	1.451	1.039	0.353	1.465	1.074	1.086	1.555	0.655
SyringaeB728a_mexBdelta	Psyr_1712	Psyr_1712		conserved hypothetical protein	-1.030	0.659	-0.439	-0.695	-0.066	0.391	-0.397	-0.892	-0.819	-0.423	-1.457	-0.276	0.276	-1.382	0.581	-0.464	1.064	-0.568	-1.256	-0.658	0.318	0.397	-0.032
SyringaeB728a_mexBdelta	Psyr_1713	Psyr_1713		hypothetical protein	0.086	0.158	0.130	-0.502	-0.023	0.707	-0.929	0.730	-0.463	0.019	-0.326	-1.786	2.136	1.608	-1.241	-0.843	-0.090	-1.610	1.295	-0.268	-0.280	0.444	-0.237
SyringaeB728a_mexBdelta	Psyr_1714	Psyr_1714		exonuclease SbcC	-0.652	0.435	-0.781	-0.661	-0.663	-0.376	-0.115	-0.769	-0.516	-1.210	0.836	-1.006	-0.215	0.834	-0.127	0.060	0.428	0.442	0.063	-1.432	-0.644	-0.082	0.090
SyringaeB728a_mexBdelta	Psyr_1715	Psyr_1715		Exodeoxyribonuclease I subunit D	0.643	0.235	0.033	-0.834	0.949	2.770	-1.190	1.454	-1.215	0.052	0.956	-1.246	0.706	1.528	2.649	1.480	1.377	0.603	1.146	0.856	0.261	0.362	0.964
SyringaeB728a_mexBdelta	Psyr_1716	Psyr_1716		conserved hypothetical protein	1.553	0.997	-4.572	0.457	-2.508	-3.509	0.472	-3.235	0.875	1.166	0.887	0.383	-0.699	1.632	-0.582	0.793	-1.090	1.338	0.825	0.880	0.258	1.385	0.490
SyringaeB728a_mexBdelta	Psyr_1717	Psyr_1717		TPR repeat:von Willebrand factor, type A	0.840	-0.374	-3.120	-0.201	-1.072	-1.078	0.745	-1.142	2.393	-0.098	-0.214	0.383	-0.834	-1.837	1.935	0.502	-1.133	0.871	0.548	2.162	1.408	0.613	1.652
SyringaeB728a_mexBdelta	Psyr_1718	Psyr_1718		von Willebrand factor, type A	1.506	0.162	-3.041	1.063	-1.817	-2.965	-0.063	-3.644	2.462	0.686	0.639	3.059	-0.883	1.825	-0.119	1.077	-0.497	1.122	0.907	0.638	-0.362	-1.089	0.942
SyringaeB728a_mexBdelta	Psyr_1720	Psyr_1720		Protein of unknown function DUF58	-2.351	0.899	-2.557	0.372	-1.962	-2.671	0.039	-2.671	0.397	-0.665	-0.734	-0.990	-1.122	-0.802	1.882	1.072	0.109	3.764	3.075	1.313	1.714	2.551	-0.754
SyringaeB728a_mexBdelta	Psyr_1721	Psyr_1721		moxR protein, putative	0.328	1.117	-5.082	0.009	-1.536	-5.204	1.173	-4.382	1.933	1.123	0.843	0.754	-2.415	-2.029	2.910	2.344	-0.208	2.922	5.608	2.426	2.895	5.044	2.389
SyringaeB728a_mexBdelta	Psyr_1722	Psyr_1722		Amidohydrolase 2	-1.171	-1.058	-0.862	-2.161	-1.806	-1.722	-1.860	-2.095	-0.623	0.007	-3.072	-0.355	-0.220	0.198	-0.022	0.484	0.942	-0.687	0.964	0.764	-0.002	-0.462	-0.124
SyringaeB728a_mexBdelta	Psyr_1724	Psyr_1724		glutamate dehydrogenase (NAD)	0.845	1.077	0.027	-0.120	0.435	1.842	0.984	-2.207	2.622	0.027	0.236	0.179	2.316	0.088	-1.425	-1.026	0.616	-1.959	-0.635	0.625	-1.290	-1.825	-0.797
SyringaeB728a_mexBdelta	Psyr_1725	Psyr_1725		Protein of unknown function DUF204	-1.161	-0.157	1.641	0.842	-0.202	0.054	0.799	0.002	0.345	-1.064	0.208	-1.057	0.403	1.281	-0.444	-0.659	0.012	-0.462	-1.233	-0.020	-1.281	-0.974	-0.569
SyringaeB728a_mexBdelta	Psyr_1728	Psyr_1728		tRNA--hydroxylase	1.191	1.252	1.413	0.694	0.451	0.733	0.741	0.776	-0.512	0.585	1.134	1.098	-0.481	-0.564	1.205	2.082	1.149	0.898	2.437	1.749	0.555	1.185	0.690
SyringaeB728a_mexBdelta	Psyr_1729	Psyr_1729		transcriptional regulator, MarR family	-0.120	-2.157	-0.442	0.563	-2.364	-0.011	-0.809	-0.054	-0.456	-0.634	-0.899	-0.283	-0.168	-1.787	-0.239	-0.716	-0.396	0.465	-1.560	-0.031	0.125	-0.108	-1.790
SyringaeB728a_mexBdelta	Psyr_1730	Psyr_1730		Secretion protein HlyD	0.952	0.537	0.080	0.666	-0.117	0.666	0.902	0.254	0.181	0.185	-0.870	-0.067	1.809	1.736	-1.698	-0.319	0.197	-0.027	0.084	0.294	0.378	-1.059	-0.212
SyringaeB728a_mexBdelta	Psyr_1731	Psyr_1731		Drug resistance transporter EmrB/QacA subfamily	-1.146	0.638	-1.397	-0.075	0.117	-1.019	2.065	0.270	0.100	0.251	0.131	-0.097	0.993	-0.530	-1.712	-0.331	-0.816	-1.454	-1.009	-0.873	-1.411	-1.427	-0.942
SyringaeB728a_mexBdelta	Psyr_1733	Psyr_1733		Peptidyl-prolyl cis-trans isomerase, cyclophilin type	0.393	-0.786	1.316	0.177	-1.593	1.365	0.381	-0.514	-0.272	0.737	-0.060	0.314	1.065	1.686	1.335	0.169	0.747	0.798	0.255	2.116	0.976	0.367	0.614
SyringaeB728a_mexBdelta	Psyr_1736	Psyr_1736		Helix-turn-helix, Fis-type	-0.399	-1.367	-0.521	0.293	1.162	0.273	-1.315	-1.158	0.254	-1.267	0.003	-0.584	0.359	-1.093	1.774	-0.402	-0.551	1.337	-0.532	0.921	0.968	0.910	1.199
SyringaeB728a_mexBdelta	Psyr_1737	Psyr_1737		carbohydrate ABC transporter ATP-binding protein, CUT1 family	1.014	-0.237	0.643	-0.819	0.983	2.199	-0.478	0.117	-0.064	-0.380	-0.111	-0.033	-0.741	-0.822	0.632	0.360	1.030	1.464	0.220	2.111	0.975	0.150	1.135
SyringaeB728a_mexBdelta	Psyr_1738	Psyr_1738		carbohydrate ABC transporter ATP-binding protein, CUT1 family	-1.343	-0.575	0.032	-0.748	-1.121	-1.499	0.114	-0.432	0.144	-0.097	-0.835	0.425	0.461	-1.064	1.025	0.847	-0.861	0.020	0.718	0.568	0.283	0.008	-0.116
SyringaeB728a_mexBdelta	Psyr_1739	Psyr_1739		carbohydrate ABC transporter membrane protein 1, CUT1 family	0.034	-0.613	-2.427	1.203	0.156	-0.934	0.246	-3.032	-1.684	-0.716	-1.001	0.638	-0.291	-0.228	0.793	1.052	1.199	0.546	1.517	0.332	1.483	0.364	0.307
SyringaeB728a_mexBdelta	Psyr_1740	Psyr_1740		carbohydrate ABC transporter membrane protein 2, CUT1 family	0.132	-0.041	0.292	0.323	0.925	-1.272	1.270	-0.041	-0.590	0.930	-2.222	-0.417	0.774	-0.520	0.990	-0.478	0.304	1.142	0.237	-0.764	0.711	0.029	-0.339
SyringaeB728a_mexBdelta	Psyr_1741	Psyr_1741		conserved hypothetical protein	0.712	0.955	1.424	0.029	-0.242	0.659	-0.433	0.546	-0.540	-0.031	0.382	1.015	-0.573	-0.933	-0.265	-0.287	1.451	-0.347	-0.177	-0.120	-0.616	-0.200	0.312
SyringaeB728a_mexBdelta	Psyr_1742	Psyr_1742		carbohydrate ABC transporter substrate-binding protein, CUT1 family	0.200	-0.621	-0.274	0.548	-0.314	-1.974	0.117	-1.105	-0.923	-0.558	-0.719	0.096	0.941	-0.321	0.484	-0.700	-0.455	-1.485	-0.742	0.221	-0.515	0.236	1.138
SyringaeB728a_mexBdelta	Psyr_1744	Psyr_1744		lipoprotein, putative	0.371	1.974	-0.092	1.868	0.393	2.310	-0.362	0.949	0.209	1.436	1.079	0.224	-0.023	-0.354	0.487	1.364	-0.242	0.882	1.040	1.508	0.061	0.899	0.163
SyringaeB728a_mexBdelta	Psyr_1745	Psyr_1745		hypothetical protein	1.110	0.404	-1.201	-0.214	-0.659	-2.806	-0.703	-1.101	-0.374	0.433	-0.271	0.148	1.865	-0.094	-0.399	0.588	0.001	1.089	-0.341	0.231	-1.227	-0.087	-0.861
SyringaeB728a_mexBdelta	Psyr_1746	Psyr_1746		Trigger factor	-0.034	-1.251	-0.519	-0.053	0.457	-1.200	-1.160	-4.680	-1.420	-0.907	0.508	1.019	1.082	-2.255	0.059	-0.875	-1.141	-0.272	-0.365	-1.048	-1.530	-1.098	-0.864
SyringaeB728a_mexBdelta	Psyr_1747	Psyr_1747		ATP-dependent Clp protease proteolytic subunit ClpP	-2.381	-1.947	-2.521	-1.878	-2.530	2.451	-0.202	-2.341	-0.724	-2.433	-1.420	-1.690	-4.043	-3.097	-3.550	-1.226	-3.386	-2.228	-3.468	-1.926	-2.854	-3.210	-3.576
SyringaeB728a_mexBdelta	Psyr_1748	Psyr_1748		ATP-dependent Clp protease ATP-binding subunit ClpX	-5.318	-4.460	-0.922	-6.428	0.344	3.044	0.471	-4.484	-3.167	-4.400	-3.271	-4.852	-2.103	-3.774	-5.165	-2.999	-4.583	-4.681	-5.018	-2.631	-6.525	-5.627	-5.629
SyringaeB728a_mexBdelta	Psyr_1749	Psyr_1749		ATP-dependent proteinase, Serine peptidase, MEROPS family S16	-3.563	-2.961	-3.321	-3.897	-2.413	3.867	-0.880	0.640	-2.138	-4.367	-2.338	-3.967	-1.727	-1.318	-5.348	-2.993	-1.171	-6.560	-4.468	-3.689	-5.764	-5.711	-5.693
SyringaeB728a_mexBdelta	Psyr_1751	Psyr_1751		PpiC-type peptidyl-prolyl cis-trans isomerase	-2.875	-1.351	-2.850	-2.501	-2.883	-2.117	-2.966	-5.462	-3.476	-3.290	-2.754	-2.908	-3.161	-2.667	-3.082	-2.432	-3.230	-6.559	-4.442	-5.835	-3.134	-2.879	-3.250
SyringaeB728a_mexBdelta	Psyr_1752	Psyr_1752		transcriptional regulator, HxlR family	0.076	-0.644	0.901	-1.922	-0.505	0.976	-0.768	-0.446	-0.780	-0.246	-0.677	0.827	2.241	0.638	0.612	0.851	0.217	-0.065	-0.100	0.291	0.277	-0.338	-0.241
SyringaeB728a_mexBdelta	Psyr_1753	Psyr_1753		conserved hypothetical protein	0.501	-0.521	-0.375	-0.239	-0.781	-0.375	-0.271	0.148	-1.810	0.221	0.304	-0.568	-0.036	-0.299	-1.520	-0.442	-0.664	-1.253	-1.142	-1.243	-0.926	-0.711	-0.455
SyringaeB728a_mexBdelta	Psyr_1755	Psyr_1755		ABC transporter	-4.117	-3.837	-4.571	-0.816	-3.558	-0.514	-2.575	-4.003	-4.418	-0.538	-2.526	-5.273	-1.867	-5.428	-2.544	-2.014	-1.618	-2.316	-3.276	-4.854	-0.759	-0.909	-3.134
SyringaeB728a_mexBdelta	Psyr_1756	Psyr_1756		Binding-protein-dependent transport systems inner membrane component	-8.182	-7.009	-8.493	-2.215	-7.348	-5.452	-4.196	-7.413	-6.008	-2.554	-6.992	-9.278	-3.538	-6.146	-5.221	-1.563	-3.408	-7.730	-6.102	-6.388	-2.708	-2.448	-4.837
SyringaeB728a_mexBdelta	Psyr_1757	Psyr_1757		Binding-protein-dependent transport systems inner membrane component	-6.228	-4.873	-6.028	-2.294	-6.281	-4.210	-3.697	-6.110	-5.967	-0.564	-3.077	-7.249	-2.398	-5.643	-1.848	-0.062	-1.802	-4.187	-3.644	-2.222	-0.013	-1.857	-3.504
SyringaeB728a_mexBdelta	Psyr_1758	Psyr_1758		extracellular solute-binding protein, family 5	-9.385	-7.775	-9.445	-3.274	-9.039	-5.214	-4.770	-8.977	-9.039	-3.439	-8.222	-10.461	-6.328	-7.979	-1.733	-1.377	-2.492	-3.873	-4.556	-4.970	-1.765	-1.516	-3.064
SyringaeB728a_mexBdelta	Psyr_1759	Psyr_1759		extracellular solute-binding protein, family 5	-2.704	-2.275	-0.672	-0.578	-0.921	-3.181	0.515	-3.631	-0.624	-0.141	-2.058	-3.202	-1.099	-1.822	-2.207	-0.648	-1.842	-1.529	-1.958	-2.080	-1.211	-0.930	-1.505
SyringaeB728a_mexBdelta	Psyr_1760	Psyr_1760		Peptidoglycan-binding LysM:SLT:MLTD_N	0.380	0.129	-1.076	2.207	-0.099	-3.665	0.403	1.452	3.168	1.873	0.762	-0.133	-2.059	-0.281	1.313	1.908	-0.305	0.818	1.387	0.823	-0.289	1.775	1.945
SyringaeB728a_mexBdelta	Psyr_1761	Psyr_1761		Hydroxyacylglutathione hydrolase	1.765	-0.290	2.606	-0.235	1.669	-1.063	3.571	1.713	2.080	0.468	1.228	-0.138	0.395	-0.703	-2.280	-0.846	-1.280	-1.341	0.506	-1.265	-0.984	-0.611	-2.716
SyringaeB728a_mexBdelta	Psyr_1762	Psyr_1762		conserved hypothetical protein	-0.400	-0.094	-7.619	-0.348	-10.316	0.552	-3.106	1.336	-2.703	-0.006	-0.045	-1.090	-5.130	1.909	1.592	1.720	2.094	-0.739	0.150	-0.544	0.539	0.679	0.674
SyringaeB728a_mexBdelta	Psyr_1765	Psyr_1765		GCN5-related N-acetyltransferase	-0.074	-0.143	-0.729	-1.465	0.596	-0.998	0.510	-0.018	-0.190	-0.479	-0.217	-0.366	-2.825	-2.483	-1.065	-0.082	-0.264	-1.518	-0.692	0.092	-1.198	-0.687	-0.571
SyringaeB728a_mexBdelta	Psyr_1766	Psyr_1766		conserved hypothetical protein	-0.960	-0.147	0.644	-0.309	0.495	-0.672	-0.839	-1.941	-1.776	-0.310	0.129	0.363	0.128	-0.183	-1.420	-1.512	-1.123	-1.313	-1.826	-1.349	-1.339	-3.246	-1.537
SyringaeB728a_mexBdelta	Psyr_1767	Psyr_1767		NADPH-dependent FMN reductase	0.045	0.995	0.163	0.519	0.766	-0.269	1.040	-1.111	0.760	1.255	1.896	0.826	-0.812	-0.301	-0.635	-0.501	-0.749	-0.441	0.819	0.907	-0.325	-0.061	-0.026
SyringaeB728a_mexBdelta	Psyr_1768	Psyr_1768		conserved hypothetical protein	-0.805	-0.098	-2.029	-0.940	0.131	-1.834	-0.389	-1.012	-0.746	-0.364	-1.228	-1.038	-0.079	-1.020	0.434	-0.083	0.515	0.505	0.559	-0.679	-0.656	-0.059	0.062
SyringaeB728a_mexBdelta	Psyr_1769	Psyr_1769		Acyl-CoA dehydrogenase, C-terminal:Acyl-CoA dehydrogenase, central region:Acyl-CoA dehydrogenase, N-terminal	1.618	-0.315	-1.072	0.465	1.667	0.159	1.335	-0.610	-0.461	1.083	0.296	0.960	1.011	-0.589	0.028	-0.789	-0.221	-0.373	0.126	0.518	0.296	0.498	-0.246
SyringaeB728a_mexBdelta	Psyr_1770	Psyr_1770		Enoyl-CoA hydratase/isomerase	0.875	0.826	0.714	0.240	-0.132	1.235	1.208	0.789	-0.481	0.700	0.216	-0.468	-0.364	-1.093	-0.541	0.160	-0.157	-0.716	1.055	-0.973	0.727	-0.078	0.191
SyringaeB728a_mexBdelta	Psyr_1771	Psyr_1771		Major facilitator superfamily	-0.076	0.808	-0.923	-0.772	-1.127	0.095	-0.228	-0.437	-0.293	0.888	0.155	0.803	0.463	0.939	-0.498	-0.110	0.139	-1.820	-0.531	-0.919	-1.133	-0.200	0.363
SyringaeB728a_mexBdelta	Psyr_1772	Psyr_1772		Secretion protein HlyD	-0.058	1.151	-0.446	0.430	-0.296	-0.317	1.396	1.081	0.343	0.172	1.479	0.193	0.208	0.958	-0.601	0.085	-0.211	-0.115	0.999	-0.124	0.368	-0.069	0.183
SyringaeB728a_mexBdelta	Psyr_1773	Psyr_1773		Phosphate transporter	1.536	0.132	-0.857	0.232	0.918	2.330	0.188	0.570	0.150	-0.680	1.306	-0.489	0.289	1.088	0.467	1.048	-0.640	0.353	-0.688	-0.007	0.453	0.669	0.016
SyringaeB728a_mexBdelta	Psyr_1775	Psyr_1775		Aldo/keto reductase	-0.494	1.104	-1.077	-0.051	-0.422	-0.135	-0.053	-1.581	0.483	-1.950	-0.728	-0.988	1.254	1.925	-0.478	-0.109	0.094	0.065	-0.971	1.076	0.400	0.451	-1.282
SyringaeB728a_mexBdelta	Psyr_1776	Psyr_1776		Histidine kinase, HAMP region:Bacterial chemotaxis sensory transducer	-0.887	-0.514	0.521	0.467	-0.778	-0.029	-0.988	-2.226	0.157	0.075	0.164	0.105	1.089	2.060	0.835	-1.162	-0.056	0.879	-0.829	0.507	1.167	0.004	0.211
SyringaeB728a_mexBdelta	Psyr_1777	Psyr_1777		transcriptional regulator, TetR family	-1.001	-1.458	-0.026	-3.015	-2.204	0.908	-1.477	-1.576	-1.167	-2.377	-0.353	-2.168	1.613	0.074	-2.818	-2.677	-1.270	-1.217	-2.191	-2.994	-1.976	-1.538	-2.221
SyringaeB728a_mexBdelta	Psyr_1778	Psyr_1778		PAS/PAC sensor hybrid histidine kinase	1.535	1.685	0.347	-0.068	0.953	0.965	0.529	0.853	0.042	2.037	1.538	1.501	0.025	0.076	0.645	0.955	0.179	0.579	1.436	-0.385	0.360	0.410	1.419
SyringaeB728a_mexBdelta	Psyr_1779	Psyr_1779		hypothetical protein	-0.728	1.062	-0.491	-0.239	0.647	-2.002	0.723	0.075	0.395	-0.524	-0.125	-1.232	0.409	0.378	-0.497	-0.255	-0.640	-2.537	-2.735	-0.654	-2.759	-0.850	-1.749
SyringaeB728a_mexBdelta	Psyr_1780	Psyr_1780		transcriptional regulator, TetR family	0.370	-0.080	2.265	-0.201	1.327	0.037	0.343	1.608	0.372	0.772	0.514	1.938	0.929	-0.298	-0.299	-0.652	-1.449	0.508	-0.155	1.450	1.560	0.607	-0.196
SyringaeB728a_mexBdelta	Psyr_1781	Psyr_1781		Beta-glucosidase	-0.508	-0.431	-1.740	-0.774	-0.292	0.636	-0.256	-1.158	-0.269	-0.921	-0.993	-0.596	0.459	0.840	0.492	0.015	0.278	0.377	0.442	0.423	0.404	-0.187	0.901
SyringaeB728a_mexBdelta	Psyr_1783	Psyr_1783		CDS	0.408	-0.146	1.144	0.840	0.726	1.625	0.613	3.146	-1.015	-0.050	-0.397	-1.198	-0.355	1.067	0.978	1.411	0.971	0.733	0.805	0.404	0.629	0.286	1.561
SyringaeB728a_mexBdelta	Psyr_1784	Psyr_1784		TonB-dependent siderophore receptor	1.415	1.640	0.735	-0.017	0.055	0.377	0.345	2.405	-0.026	0.546	0.182	0.186	-0.639	-1.152	0.583	-0.017	1.558	0.510	1.013	0.282	-0.029	-0.470	-0.555
SyringaeB728a_mexBdelta	Psyr_1785	Psyr_1785		Deoxyribodipyrimidine photolyase-related protein	-0.354	0.526	0.287	0.525	0.738	0.626	0.624	0.448	0.458	1.354	1.522	1.023	0.515	-0.678	0.043	0.375	1.351	0.926	-0.689	0.689	1.074	-1.075	-0.023
SyringaeB728a_mexBdelta	Psyr_1786	Psyr_1786		membrane protein, putative	-0.327	-0.193	0.767	0.922	-0.466	0.767	-0.332	-0.648	0.587	0.878	-0.596	0.458	1.679	1.998	-0.936	-0.884	-0.183	-0.397	-0.182	0.349	-0.316	-0.106	-0.298
SyringaeB728a_mexBdelta	Psyr_1787	Psyr_1787		L-sorbosone dehydrogenase	0.213	-0.740	0.545	1.615	1.152	-0.418	-0.706	0.847	-0.047	1.288	0.605	0.068	1.291	-0.208	0.412	-0.064	-0.751	-1.986	-0.520	-0.067	-0.899	-1.444	-0.407
SyringaeB728a_mexBdelta	Psyr_1788	Psyr_1788		Major facilitator superfamily	-0.857	-0.449	-0.390	-0.794	1.161	1.886	-1.245	-0.806	-0.163	-0.410	0.814	-0.065	0.270	1.082	0.368	1.211	-0.061	-0.316	-0.356	1.156	1.290	-0.160	1.374
SyringaeB728a_mexBdelta	Psyr_1789	Psyr_1789		chemotaxis sensory transducer	-0.070	-0.050	0.355	0.431	0.526	-0.112	-1.114	-0.017	0.012	-0.336	-0.780	-0.307	-0.967	-0.370	0.020	-0.018	1.034	1.428	-0.355	0.194	-0.309	-0.758	-0.589
SyringaeB728a_mexBdelta	Psyr_1790	Psyr_1790		Aldo/keto reductase	0.887	2.103	1.808	0.247	-0.306	0.921	0.804	1.281	0.875	0.834	-0.137	1.557	0.711	0.716	-0.263	0.780	0.323	0.761	0.646	0.664	1.008	0.100	1.056
SyringaeB728a_mexBdelta	Psyr_1791	Psyr_1791		HAD-superfamily hydrolase, subfamily IA, variant 2	0.013	-0.416	0.653	-0.153	0.645	-1.319	-0.751	-0.545	-1.146	-0.046	0.273	0.096	0.486	1.390	-2.709	-1.217	-0.333	-1.258	0.248	0.742	-1.089	-0.526	1.367
SyringaeB728a_mexBdelta	Psyr_1792	Psyr_1792		Amino acid adenylation	0.257	1.432	0.140	-0.498	0.342	0.823	-0.079	0.738	0.101	-0.535	-0.048	0.833	0.329	0.891	0.260	1.453	2.110	0.747	-0.126	0.620	0.342	0.374	0.622
SyringaeB728a_mexBdelta	Psyr_1793	Psyr_1793		Amino acid adenylation	1.224	2.104	-0.018	0.969	0.393	1.232	0.512	0.349	0.247	0.898	1.096	0.547	0.837	0.641	1.227	0.256	0.793	0.335	0.428	0.830	0.119	-0.176	0.602
SyringaeB728a_mexBdelta	Psyr_1794	Psyr_1794		Amino acid adenylation	0.870	2.384	-0.635	0.692	0.988	1.737	0.641	0.485	0.999	1.731	2.407	0.900	-0.137	0.384	1.411	0.423	0.817	0.075	-1.138	0.060	-0.328	1.023	-0.362
SyringaeB728a_mexBdelta	Psyr_1795	Psyr_1795		Taurine dioxygenase	1.962	-1.255	1.012	1.249	1.205	3.596	0.081	1.284	0.892	1.507	1.422	2.417	0.244	0.625	-0.012	0.295	0.354	-2.331	0.938	0.459	-1.062	0.944	1.701
SyringaeB728a_mexBdelta	Psyr_1796	Psyr_1796		GCN5-related N-acetyltransferase	-1.018	-0.440	-1.856	-1.139	-0.661	1.494	-1.451	-0.991	-2.306	-0.676	0.062	-0.632	-0.139	0.638	-1.598	-1.932	-2.121	-1.137	-0.263	-1.716	-1.250	-2.709	-2.716
SyringaeB728a_mexBdelta	Psyr_1797	Psyr_1797		conserved hypothetical protein	-0.766	0.548	0.378	1.747	1.733	-0.668	-0.117	1.026	0.121	0.614	-0.145	0.139	1.009	0.145	0.809	1.927	1.045	1.043	0.244	0.333	0.468	0.169	-0.678
SyringaeB728a_mexBdelta	Psyr_1798	Psyr_1798		Histidine kinase, HAMP region:Bacterial chemotaxis sensory transducer	0.791	1.377	0.257	1.585	0.993	1.443	1.249	1.324	0.102	1.210	1.626	1.848	0.798	0.626	-1.077	0.200	0.728	-0.707	0.018	-0.074	-0.727	-0.079	0.638
SyringaeB728a_mexBdelta	Psyr_1799	Psyr_1799		Protein of unknown function DUF6	1.225	1.767	2.507	1.908	2.494	1.480	2.882	2.566	1.850	1.762	1.623	1.026	1.836	1.556	-0.098	-0.055	0.217	0.051	1.201	1.286	-0.111	-0.924	1.126
SyringaeB728a_mexBdelta	Psyr_1800	Psyr_1800		transcriptional regulator, LysR family	0.991	0.633	1.380	0.110	1.631	2.314	0.746	1.144	0.927	1.130	-0.316	1.111	-0.932	0.660	-0.289	-1.005	1.242	0.458	-0.404	1.830	0.918	0.571	0.094
SyringaeB728a_mexBdelta	Psyr_1801	Psyr_1801		1-aminocyclopropane-1-carboxylate deaminase	-0.841	0.197	0.445	0.333	0.719	-0.521	0.525	-0.748	-0.177	-0.833	0.327	-0.852	-1.410	-1.410	-1.164	-0.516	-0.460	-1.331	-0.491	-0.638	-0.507	-2.322	-0.911
SyringaeB728a_mexBdelta	Psyr_1802	Psyr_1802		transcriptional regulator, AsnC family	-0.728	0.780	-0.518	-1.057	-0.710	0.368	-0.646	-1.014	0.072	0.514	-0.518	-2.467	-0.480	0.331	0.553	-0.504	-0.239	-0.056	-1.191	0.107	-0.555	0.006	0.267
SyringaeB728a_mexBdelta	Psyr_1803	Psyr_1803		Protein of unknown function DUF808	-1.445	-1.481	-3.143	-1.794	-1.488	-0.834	-2.655	-3.521	-1.737	-0.563	-1.095	-0.927	-0.450	-0.707	-1.055	-1.467	-0.704	-2.109	-1.283	-0.456	-0.988	-1.919	-1.133
SyringaeB728a_mexBdelta	Psyr_1804	Psyr_1804		conserved hypothetical protein	0.222	-0.279	0.346	-0.616	-0.968	-2.194	-0.431	0.591	0.515	0.789	-1.174	-0.863	1.022	0.638	-0.493	-0.337	0.108	0.559	1.036	0.682	-0.189	1.291	1.709
SyringaeB728a_mexBdelta	Psyr_1805	Psyr_1805		Protein of unknown function DUF989	0.887	-0.199	0.513	-0.430	-0.308	0.105	0.519	-0.992	1.319	1.137	1.677	0.112	1.206	1.661	0.140	0.196	0.674	0.959	-0.560	0.672	0.370	0.216	1.031
SyringaeB728a_mexBdelta	Psyr_1806	Psyr_1806		Ureidoglycolate hydrolase	1.345	1.182	1.733	0.538	0.045	-0.385	0.299	0.654	2.171	1.048	1.331	0.858	-0.361	-0.465	0.183	-0.002	0.961	-0.055	-0.946	-0.434	0.179	-1.070	-0.040
SyringaeB728a_mexBdelta	Psyr_1807	Psyr_1807		Allantoicase	-0.334	-0.951	-0.543	-0.557	0.641	-0.073	-0.517	-1.341	0.171	0.547	0.410	0.289	1.435	0.943	0.705	0.118	1.285	0.390	2.257	2.407	0.826	0.256	0.638
SyringaeB728a_mexBdelta	Psyr_1808	Psyr_1808		conserved hypothetical protein	2.588	0.358	1.301	1.561	0.196	0.556	2.312	1.507	0.651	1.746	0.486	0.815	-0.193	1.614	0.410	-0.305	-0.697	-0.575	-0.254	1.034	-0.429	0.621	0.401
SyringaeB728a_mexBdelta	Psyr_1809	Psyr_1809		Polysaccharide deacetylase	-0.063	-1.023	-0.230	0.132	0.667	0.330	-0.264	-1.712	-0.393	-0.102	-1.518	-1.383	-0.936	-1.797	1.883	0.556	1.910	1.420	2.414	0.994	0.778	2.292	1.616
SyringaeB728a_mexBdelta	Psyr_1810	Psyr_1810		Transthyretin	-0.541	1.042	-0.985	-0.360	-0.386	-0.661	-1.591	-0.624	0.400	1.023	-0.441	0.790	-0.311	-0.596	2.059	0.784	-0.427	2.628	2.777	3.010	0.583	0.626	0.653
SyringaeB728a_mexBdelta	Psyr_1812	Psyr_1812		guanine deaminase	-0.734	-0.639	-0.667	-2.402	-0.129	-3.198	-0.886	-0.918	0.073	-1.738	-1.659	-0.504	-2.022	-1.559	0.927	0.910	1.082	0.537	1.185	0.460	0.928	1.539	1.147
SyringaeB728a_mexBdelta	Psyr_1813	Psyr_1813		molybdenum cofactor sulfurylase	-0.093	0.770	0.272	-0.491	0.673	-0.359	0.729	-1.109	1.268	0.487	0.726	0.540	-0.909	1.027	-0.088	-0.215	-0.070	0.257	-0.677	0.758	-1.113	0.812	0.163
SyringaeB728a_mexBdelta	Psyr_1814	Psyr_1814		xanthine dehydrogenase, molybdenum binding subunit apoprotein	0.902	1.511	1.016	1.558	1.020	-0.072	0.905	0.199	2.029	0.323	1.791	0.673	0.427	-0.168	1.910	0.203	0.500	0.826	1.460	1.374	0.726	0.509	0.926
SyringaeB728a_mexBdelta	Psyr_1815	Psyr_1815		Ferredoxin:Molybdopterin dehydrogenase, FAD-binding:[2Fe-2S]-binding:CO dehydrogenase flavoprotein, C-terminal	-0.768	0.151	-1.350	0.756	2.298	-0.155	-0.237	-0.229	-0.104	0.731	0.334	0.410	-0.481	-0.048	-1.676	-0.562	-0.956	-0.912	-0.419	-1.560	-1.004	-0.390	-1.465
SyringaeB728a_mexBdelta	Psyr_1816	Psyr_1816		transcriptional regulator, GntR family	-1.570	-2.519	-2.488	-2.811	-1.641	0.463	-1.143	2.035	-0.512	-2.294	-1.124	-3.102	-0.003	1.567	-1.872	-1.989	0.467	-1.497	-0.740	-1.015	-2.965	-3.150	-3.846
SyringaeB728a_mexBdelta	Psyr_1817	Psyr_1817		condensin subunit Smc	1.494	-0.600	0.159	-0.464	0.437	-0.487	0.880	0.130	0.033	-0.967	0.140	0.610	0.880	2.159	-0.817	0.646	1.093	-0.410	-1.821	2.012	-0.617	-0.289	0.730
SyringaeB728a_mexBdelta	Psyr_1820	Psyr_1820		conserved hypothetical protein	0.290	0.283	2.105	1.768	0.247	3.148	0.102	0.799	-0.863	0.771	1.261	0.213	0.218	1.440	0.269	-0.382	0.513	-0.384	-0.964	1.255	-0.389	1.492	0.677
SyringaeB728a_mexBdelta	Psyr_1821	Psyr_1821		GCN5-related N-acetyltransferase	1.581	1.225	2.474	0.068	0.859	1.948	-0.840	0.749	0.612	0.146	2.239	0.913	-0.870	-0.481	-0.710	-1.294	-1.199	-1.178	-1.642	-0.907	-0.944	-1.253	-0.735
SyringaeB728a_mexBdelta	Psyr_1822	Psyr_1822		MscS Mechanosensitive ion channel	0.341	2.467	1.325	0.792	1.365	2.785	1.521	0.244	1.017	1.660	2.907	0.534	1.303	2.696	0.357	0.198	0.711	0.158	0.023	-0.480	0.455	0.804	0.680
SyringaeB728a_mexBdelta	Psyr_1823	Psyr_1823		Twin-arginine translocation pathway signal	0.814	1.960	0.496	1.615	0.926	2.188	1.546	1.632	2.645	2.702	1.871	0.526	-1.218	-0.657	0.329	0.034	1.786	0.880	1.070	1.585	0.499	0.941	1.494
SyringaeB728a_mexBdelta	Psyr_1824	Psyr_1824		amino acid ABC transporter substrate-binding protein, PAAT family	-0.015	0.634	-0.387	-0.144	0.089	-0.191	-0.651	-1.215	0.803	1.237	0.051	0.590	1.017	0.927	0.257	0.072	-0.807	0.026	-0.411	-0.068	-0.197	0.051	-0.932
SyringaeB728a_mexBdelta	Psyr_1829	Psyr_1829		conserved hypothetical protein	-0.605	-0.230	0.064	1.263	1.547	0.966	0.195	0.510	0.084	-0.626	0.090	0.114	-0.911	-0.266	3.309	1.828	2.417	0.368	1.543	0.283	2.313	0.954	1.303
SyringaeB728a_mexBdelta	Psyr_1830	Psyr_1830		ABC transporter, transmembrane region:ABC transporter	-1.232	-0.687	-0.334	-0.713	0.696	-0.435	-1.462	-0.385	0.863	-0.808	-0.948	0.142	0.658	-0.422	0.388	-1.083	-0.879	-0.409	-0.400	-0.276	-1.577	-0.142	-0.531
SyringaeB728a_mexBdelta	Psyr_1833	Psyr_1833		amino acid ABC transporter substrate-binding protein, PAAT family	3.302	5.317	-8.152	2.288	-2.229	-4.216	-1.918	-1.420	3.445	2.266	-0.402	4.235	-2.882	-1.409	2.056	0.952	-1.073	1.615	0.555	-2.285	1.238	1.652	-0.523
SyringaeB728a_mexBdelta	Psyr_1834	Psyr_1834		conserved hypothetical protein	-0.386	1.306	-0.125	0.266	-1.376	0.251	-0.689	1.021	-0.743	-0.196	0.351	1.814	-0.026	-0.635	-0.887	-2.018	-0.753	-0.798	0.452	-0.705	-1.501	-0.780	-1.587
SyringaeB728a_mexBdelta	Psyr_1835	Psyr_1835		ethanolamine:proton symporter, EAT family	0.869	0.861	-0.979	1.078	-0.246	0.302	1.801	-0.047	0.490	1.026	0.336	1.127	0.075	0.513	1.077	0.874	1.141	0.969	1.481	1.947	-0.336	0.469	1.547
SyringaeB728a_mexBdelta	Psyr_1837	Psyr_1837		Zinc-containing alcohol dehydrogenase superfamily	1.199	1.003	-0.327	0.105	-0.973	-1.682	-0.085	-0.985	0.268	0.169	0.176	0.132	0.376	-0.339	1.563	1.455	0.908	1.272	1.782	1.405	1.251	1.322	2.345
SyringaeB728a_mexBdelta	Psyr_1839	Psyr_1839		Benzoate membrane transport protein	0.366	1.310	0.974	-0.023	-0.044	-0.411	0.260	0.070	0.928	0.074	-1.200	-1.065	-0.801	-0.493	0.717	0.082	1.187	-0.888	1.014	-1.020	-1.470	1.104	0.491
SyringaeB728a_mexBdelta	Psyr_1841	Psyr_1841		Aminotransferase, class I and II	2.818	1.819	0.915	1.713	0.110	0.353	1.497	1.510	0.956	1.777	1.653	2.662	2.178	0.649	0.632	0.538	1.177	-0.169	0.294	-0.005	0.583	1.008	0.296
SyringaeB728a_mexBdelta	Psyr_1842	Psyr_1842		Glutathione S-transferase, N-terminal:Glutathione S-transferase, C-terminal	1.873	2.647	0.971	0.763	1.147	-0.165	0.698	1.100	1.178	0.100	1.518	0.809	-0.178	1.762	-1.307	-0.365	-1.566	-0.234	-1.684	-1.296	-1.334	-1.456	-0.912
SyringaeB728a_mexBdelta	Psyr_1843	Psyr_1843		Protein of unknown function DUF1311	1.978	1.839	0.389	0.230	0.406	0.614	0.944	1.575	-1.077	-0.014	1.170	1.028	-0.498	-0.430	-0.022	-1.043	-0.420	-1.023	0.189	-1.433	-0.908	-1.136	-0.762
SyringaeB728a_mexBdelta	Psyr_1844	Psyr_1844		conserved hypothetical protein	0.277	-1.167	0.365	-1.457	-0.580	-1.592	-0.121	0.537	-1.943	-0.843	-1.137	-0.956	-1.175	-1.056	0.975	0.963	-0.746	0.555	1.651	1.872	1.053	0.808	1.568
SyringaeB728a_mexBdelta	Psyr_1845	Psyr_1845		GTP cyclohydrolase I	0.208	-1.493	-0.067	1.024	-0.239	0.040	0.258	0.142	-2.791	-0.819	-1.457	-3.656	-1.488	-1.277	0.751	-0.083	-0.438	0.477	0.175	2.206	1.543	0.110	0.886
SyringaeB728a_mexBdelta	Psyr_1846	Psyr_1846		hypothetical protein	-1.422	-0.858	-1.264	-0.904	-0.128	-1.394	-0.851	-1.551	-0.740	-0.181	-1.599	0.509	1.052	0.596	0.037	0.409	-0.136	-0.150	0.448	0.247	-0.212	0.532	-0.176
SyringaeB728a_mexBdelta	Psyr_1847	Psyr_1847		Smr protein/MutS2 C-terminal	0.490	-0.456	1.145	-0.520	-0.560	-0.414	-0.983	-0.760	-0.477	-0.169	-1.332	0.292	-0.314	2.069	1.695	-0.822	2.079	1.078	0.427	0.782	-0.145	0.687	-1.094
SyringaeB728a_mexBdelta	Psyr_1848	Psyr_1848		conserved hypothetical protein	-0.491	-0.111	-0.240	-1.354	-1.348	-0.324	-0.066	0.419	-0.782	-1.709	-0.974	0.178	2.311	2.368	-1.224	-0.155	-1.512	-1.456	-1.358	0.214	-1.749	0.554	-2.235
SyringaeB728a_mexBdelta	Psyr_1850	Psyr_1850		[LSU ribosomal protein L3P]-glutamine N5-methyltransferase	-0.996	-1.588	-0.845	-1.316	-0.196	1.185	-3.460	2.017	-0.377	-1.381	-1.841	-1.149	0.424	0.826	0.984	1.550	2.084	-0.087	0.444	2.418	-0.165	2.287	3.699
SyringaeB728a_mexBdelta	Psyr_1851	Psyr_1851		conserved hypothetical protein	1.565	0.560	0.523	-0.276	0.295	3.227	1.340	2.654	0.352	1.491	2.322	-0.051	1.185	0.618	0.798	2.525	1.319	1.374	0.074	2.033	1.213	1.321	0.898
SyringaeB728a_mexBdelta	Psyr_1852	Psyr_1852		conserved hypothetical protein	0.093	0.849	0.245	-0.492	0.046	0.657	2.136	0.218	-0.028	-0.281	0.559	0.501	-0.721	-1.051	0.662	-0.081	-0.188	0.472	0.099	1.082	0.512	0.049	-0.296
SyringaeB728a_mexBdelta	Psyr_1854	Psyr_1854		Major facilitator superfamily	-0.299	-0.363	0.235	0.412	0.361	0.639	0.371	0.417	-0.167	-0.487	0.917	0.593	-0.184	-0.340	1.161	-0.297	-0.075	-0.752	-0.284	0.111	-0.414	0.386	-0.566
SyringaeB728a_mexBdelta	Psyr_1855	Psyr_1855		methylthioribulose-1-phosphate dehydratase	-1.208	-0.860	-0.977	0.021	-1.164	-0.187	0.086	-0.241	-1.492	0.131	-0.794	1.261	1.210	-0.126	1.137	1.091	0.914	1.865	0.169	0.341	2.058	-0.304	-0.166
SyringaeB728a_mexBdelta	Psyr_1856	Psyr_1856		acireductone dioxygenase apoprotein	-0.137	0.618	-1.702	-0.582	-0.446	0.216	-0.301	-0.482	1.719	-0.846	-1.492	-0.640	1.396	1.317	0.236	0.151	-1.114	-0.877	-1.755	0.738	1.436	-1.146	-0.408
SyringaeB728a_mexBdelta	Psyr_1858	Psyr_1858		transcriptional regulator, LuxR family	-0.756	0.253	0.821	0.973	-0.022	1.771	0.963	0.534	1.446	2.551	-0.344	0.812	-0.057	0.128	-0.241	0.058	0.199	-0.617	1.030	-0.685	-0.276	0.170	-0.056
SyringaeB728a_mexBdelta	Psyr_1859	Psyr_1859		conserved hypothetical protein	-0.018	-0.982	0.174	-0.380	-1.060	1.044	-0.545	1.060	-0.162	-0.234	-0.567	-0.446	0.697	0.507	1.478	1.590	1.133	2.163	-0.051	1.658	0.020	0.755	1.011
SyringaeB728a_mexBdelta	Psyr_1860	Psyr_1860		Ankyrin	-0.166	1.321	-0.315	-1.044	0.867	1.659	-1.463	-0.781	1.525	0.575	0.567	-0.309	2.670	2.125	0.424	0.417	0.749	-0.312	1.072	0.655	-0.149	0.769	0.315
SyringaeB728a_mexBdelta	Psyr_1861	Psyr_1861		conserved hypothetical protein	0.374	0.289	-0.018	0.181	1.933	-0.752	2.019	-0.412	0.176	0.171	0.059	-0.292	1.411	1.265	-1.293	-1.446	-0.347	-1.289	-1.011	-0.903	-1.150	-1.150	-0.695
SyringaeB728a_mexBdelta	Psyr_1862	Psyr_1862		Zinc transporter ZIP	0.398	-1.194	-0.121	-0.452	0.866	0.445	-0.225	-1.214	-1.550	-0.663	-0.844	1.285	0.622	0.503	-0.528	0.946	-1.001	-0.548	-0.933	-1.099	-0.209	-0.746	0.067
SyringaeB728a_mexBdelta	Psyr_1864	Psyr_1864		spermidine synthase	-1.823	-0.331	1.623	-1.342	1.630	1.698	-1.569	-3.474	0.278	-0.668	-1.287	-0.652	1.670	0.246	-3.263	-1.315	0.040	-3.143	-2.012	-1.934	-1.985	-1.290	-1.581
SyringaeB728a_mexBdelta	Psyr_1865	Psyr_1865		Sulfatase	-0.140	1.115	0.515	0.310	-0.356	-0.645	-0.120	-1.973	0.490	0.076	0.621	1.027	-1.205	-1.062	0.411	0.176	0.316	-0.070	-0.629	0.532	-0.274	-0.884	1.021
SyringaeB728a_mexBdelta	Psyr_1867	Psyr_1867		conserved hypothetical protein	2.699	1.612	1.611	1.959	1.465	5.013	1.973	2.229	1.347	1.614	2.431	2.398	1.351	1.021	-0.376	1.109	1.874	0.450	1.486	-0.148	0.725	0.996	1.270
SyringaeB728a_mexBdelta	Psyr_1868	Psyr_1868		hypothetical protein	1.703	-0.135	0.158	0.463	2.298	0.489	0.141	1.900	1.390	0.533	1.047	0.108	1.840	1.149	1.491	2.032	0.123	2.519	0.232	1.696	0.629	1.382	1.089
SyringaeB728a_mexBdelta	Psyr_1869	Psyr_1869		Protein of unknown function DUF404:Protein of unknown function DUF407	0.901	-0.771	-0.282	0.015	1.575	-1.055	1.129	0.198	-0.392	-0.322	-0.448	0.504	-0.201	-0.597	-0.333	0.526	-0.299	-0.769	-0.683	-0.185	-1.199	-0.401	-1.162
SyringaeB728a_mexBdelta	Psyr_1870	Psyr_1870		protein of unknown function DUF403	1.889	2.355	0.456	-0.192	-0.634	-1.161	0.891	1.098	0.580	1.686	-0.137	0.122	-0.479	-0.321	-0.571	-0.225	0.879	0.621	0.230	-0.345	0.841	0.183	0.176
SyringaeB728a_mexBdelta	Psyr_1871	Psyr_1871		Transglutaminase-like protein	-0.928	-0.902	-0.858	-0.950	-0.587	0.198	-0.810	-1.891	-1.557	-1.336	0.221	-0.697	0.985	1.834	2.431	2.259	0.458	1.345	1.794	2.548	2.439	0.718	2.193
SyringaeB728a_mexBdelta	Psyr_1872	Psyr_1872		conserved hypothetical protein	0.702	0.271	-0.397	-1.581	-0.168	1.724	0.292	-0.469	0.878	-1.383	-0.170	-2.758	-1.977	0.214	0.413	-0.439	1.556	0.209	0.741	-1.636	0.618	-0.345	0.784
SyringaeB728a_mexBdelta	Psyr_1873	Psyr_1873		Glutamine amidotransferase class-I	1.594	-0.733	-0.194	-1.310	0.634	1.149	-0.014	-0.276	1.728	-0.310	-0.176	-0.364	-0.448	-1.613	0.459	0.867	0.968	0.032	-0.112	0.988	1.010	1.002	0.100
SyringaeB728a_mexBdelta	Psyr_1874	Psyr_1874		Mg2+ transporter protein, CorA-like protein	1.386	0.882	-0.085	-0.677	0.893	-2.839	-2.110	-0.216	-0.289	-0.420	-0.479	0.170	0.557	-1.500	-0.554	2.248	-0.277	1.866	0.548	1.421	1.813	1.312	1.090
SyringaeB728a_mexBdelta	Psyr_1875	Psyr_1875		Enoyl-CoA hydratase/isomerase	0.266	1.947	0.367	1.096	1.108	1.855	1.157	0.386	0.664	0.246	-0.120	0.275	1.633	1.540	-0.652	0.539	1.214	-0.146	0.244	-0.084	-0.677	0.826	-0.127
SyringaeB728a_mexBdelta	Psyr_1876	Psyr_1876		conserved hypothetical protein	-0.059	-0.084	-0.334	-0.719	-1.221	0.872	0.282	-0.538	-0.122	0.675	0.065	0.217	-0.808	0.223	0.765	2.284	1.165	0.520	0.982	0.613	1.173	2.221	1.734
SyringaeB728a_mexBdelta	Psyr_1877	Psyr_1877		EthD	-0.648	-2.017	-2.203	-0.349	0.095	-0.057	-0.363	-1.285	-1.255	-0.659	0.293	-1.490	-0.656	-0.629	-0.092	-0.086	0.041	-0.941	-0.536	0.435	-0.403	-0.354	-1.189
SyringaeB728a_mexBdelta	Psyr_1878	Psyr_1878		hypothetical protein	-1.780	-2.470	-2.165	-0.947	-0.775	-0.666	0.650	-4.111	-1.427	0.209	-1.893	-1.799	-1.260	-2.783	-0.882	0.228	-0.117	0.008	0.622	-1.383	-1.288	0.031	-0.440
SyringaeB728a_mexBdelta	Psyr_1879	Psyr_1879		conserved hypothetical protein	-0.476	-1.338	-0.595	-0.679	0.337	1.492	-0.583	-0.952	-1.578	0.425	-0.501	-1.187	-0.092	1.262	0.173	0.777	0.693	0.421	1.091	0.689	-0.027	0.689	1.336
SyringaeB728a_mexBdelta	Psyr_1880	Psyr_1880		Cytochrome c, class I	0.551	1.293	2.102	1.544	0.727	-2.342	1.052	2.296	1.331	1.167	1.313	1.550	0.962	-1.746	0.247	-0.052	-0.618	-1.442	0.357	0.849	-1.175	-1.116	-0.413
SyringaeB728a_mexBdelta	Psyr_1881	Psyr_1881		conserved hypothetical protein	0.629	-0.281	-0.674	-0.762	0.359	0.348	0.223	0.129	1.865	-1.028	0.800	-0.730	-1.038	-2.214	1.191	-0.815	0.386	0.947	1.684	1.231	1.238	1.228	1.497
SyringaeB728a_mexBdelta	Psyr_1882	Psyr_1882		auxin-binding protein, putative	-1.229	-0.159	0.680	-2.018	0.065	-0.392	-0.923	0.061	-2.773	-1.490	-0.559	-2.038	1.003	2.224	-0.998	-0.039	-0.453	-1.180	-0.725	-0.318	-1.751	-2.165	-0.267
SyringaeB728a_mexBdelta	Psyr_1883	Psyr_1883		Hypothetical protein	-1.572	-1.369	0.142	-0.730	-0.694	2.571	-1.602	0.298	-2.242	-1.630	0.646	-0.041	-0.999	0.293	-2.730	0.188	-1.384	0.717	-1.761	-1.958	-0.390	-0.259	-1.312
SyringaeB728a_mexBdelta	Psyr_1884	Psyr_1884		CDS	-2.522	-1.912	-1.875	-2.350	-2.097	-1.066	-1.447	-0.455	-1.571	-2.777	-1.869	-1.416	-0.024	-0.563	-0.626	-0.813	-1.071	-0.517	-1.576	-1.562	-1.639	-0.624	-0.837
SyringaeB728a_mexBdelta	Psyr_1886	Psyr_1886		Hemolysin-type calcium-binding region	1.139	0.247	-0.466	0.137	-0.042	-0.147	0.679	0.078	0.128	0.107	-0.077	0.089	1.634	0.552	-0.360	-0.120	-0.798	-0.118	-0.038	-0.787	-0.969	-0.279	0.391
SyringaeB728a_mexBdelta	Psyr_1887	Psyr_1887		CDS	-0.675	0.334	0.789	0.394	-1.229	-0.635	-0.402	-0.763	-0.056	-0.666	-1.351	-2.061	0.228	1.457	-0.957	-0.270	-0.475	0.377	-0.397	0.557	-0.989	0.651	0.028
SyringaeB728a_mexBdelta	Psyr_1888	Psyr_1888		CDS	-0.639	-0.136	-1.604	-1.686	-0.637	-0.917	-0.004	-0.086	-0.048	-2.426	-0.141	-1.771	3.329	-1.269	0.021	1.340	1.166	1.452	1.760	1.531	1.102	0.973	1.832
SyringaeB728a_mexBdelta	Psyr_1889	Psyr_1889		type III effector HopH1	-1.762	-2.082	-0.703	-0.934	-0.581	-2.467	0.739	-3.191	-1.890	-1.631	-2.237	-3.479	-2.138	-0.041	-1.526	-0.882	-0.848	0.098	0.424	-1.522	-0.635	-1.290	-1.322
SyringaeB728a_mexBdelta	Psyr_1890	Psyr_1890		type III effector HopAP1	1.491	0.838	0.372	0.475	0.648	0.476	-0.080	0.891	-0.217	0.192	-0.269	-0.620	1.250	0.999	0.213	-0.557	0.723	0.653	-0.330	-0.655	-0.567	0.330	0.934
SyringaeB728a_mexBdelta	Psyr_1891	Psyr_1891		hypothetical protein	-1.182	-0.261	-0.934	-0.427	-2.106	-2.028	-1.793	0.175	-0.653	-0.825	-1.972	-0.760	-1.014	-0.727	2.319	2.303	1.893	0.953	0.765	0.659	-0.419	1.450	1.682
SyringaeB728a_mexBdelta	Psyr_1892	Psyr_1892		Short-chain dehydrogenase/reductase SDR	-0.996	0.447	1.105	0.951	-0.032	1.071	1.206	0.450	1.117	-0.593	1.822	1.286	0.728	0.447	0.015	-1.054	-0.333	0.283	-1.075	0.025	-0.523	-0.783	-1.207
SyringaeB728a_mexBdelta	Psyr_1893	Psyr_1893		Isochorismatase hydrolase	0.780	1.969	2.191	-0.558	1.499	1.198	-0.057	1.299	0.475	1.080	0.256	-0.157	1.836	1.866	-0.380	-0.757	-0.628	-0.183	-0.447	0.095	-0.318	-0.428	-0.170
SyringaeB728a_mexBdelta	Psyr_1894	Psyr_1894		SNF2-related:Helicase, C-terminal:SWIM Zn-finger	1.370	0.958	0.118	1.336	-0.578	1.477	0.607	-0.215	0.197	0.473	1.026	0.598	2.261	1.662	1.389	0.458	-2.449	1.636	1.177	0.626	0.882	1.126	1.647
SyringaeB728a_mexBdelta	Psyr_1895	Psyr_1895		conserved hypothetical protein	0.461	-0.304	-0.005	0.674	-0.110	1.411	-0.181	1.013	-1.845	1.209	0.620	0.309	-0.394	-2.167	0.111	1.641	-1.127	-1.270	-0.453	-1.146	0.737	0.342	0.751
SyringaeB728a_mexBdelta	Psyr_1896	Psyr_1896		transcription-repair coupling factor	-0.833	0.513	-2.168	-1.199	-1.292	1.997	-2.055	3.327	-0.241	-0.253	0.621	-0.495	-0.958	-4.672	-0.376	0.236	-1.382	0.260	-1.034	-0.189	-0.365	-0.063	0.280
SyringaeB728a_mexBdelta	Psyr_1898	Psyr_1898		Major facilitator superfamily	-0.626	-0.176	0.126	-1.182	0.032	1.304	0.415	0.007	-0.376	-0.384	-0.421	-0.563	-0.332	-0.566	-0.441	-0.507	-0.147	0.119	0.364	-0.637	-0.239	-0.419	0.431
SyringaeB728a_mexBdelta	Psyr_1899	Psyr_1899		General substrate transporter:Major facilitator superfamily	0.175	1.350	-0.643	-0.420	-0.259	1.365	0.153	1.087	-0.198	1.338	0.993	0.706	0.165	-0.701	-1.218	-0.228	-0.245	0.543	0.115	-0.745	0.763	-1.507	0.858
SyringaeB728a_mexBdelta	Psyr_1900	Psyr_1900		ApbE-like lipoprotein	-1.091	0.254	1.533	-0.194	0.743	-0.214	1.202	-0.303	0.996	0.698	0.496	0.947	-1.005	-1.791	-0.041	0.510	-1.223	-0.360	0.248	0.396	-0.143	0.167	-0.497
SyringaeB728a_mexBdelta	Psyr_1902	Psyr_1902		Glycerophosphoryl diester phosphodiesterase	-0.089	1.450	-0.497	0.066	-0.096	0.965	-0.210	1.788	-0.283	0.932	1.691	2.075	1.944	2.063	-0.608	1.089	0.852	-0.789	-1.328	-2.094	0.503	0.088	0.149
SyringaeB728a_mexBdelta	Psyr_1903	Psyr_1903		conserved hypothetical protein	-0.830	-1.029	-0.708	-0.263	-1.561	-0.982	-0.650	0.407	-2.428	0.142	-1.388	-0.789	1.121	0.712	0.465	1.109	1.178	0.710	-0.105	0.936	-1.785	-1.441	-0.774
SyringaeB728a_mexBdelta	Psyr_1909	Psyr_1909		conserved hypothetical protein	-2.523	-1.866	0.525	-1.627	-0.293	0.911	-0.221	-0.882	-0.368	-1.431	-0.013	-1.938	-0.257	0.670	-0.612	-0.400	1.130	-1.014	-1.999	-2.024	-1.038	-1.043	0.171
SyringaeB728a_mexBdelta	Psyr_1910	Psyr_1910		VacJ-like lipoprotein	0.124	-2.174	-3.016	-0.516	-2.557	7.534	-4.637	3.716	-3.667	0.155	-3.858	-1.404	-4.828	-5.382	-6.323	-4.247	-4.735	-4.834	-3.127	-5.722	-3.652	-4.503	-5.969
SyringaeB728a_mexBdelta	Psyr_1911	Psyr_1911		conserved hypothetical protein	-0.081	0.529	-0.121	-0.518	0.566	2.257	-0.118	-0.170	0.843	-1.017	-0.257	-1.744	-1.099	-0.506	-3.633	-0.350	-1.329	-1.418	-1.030	-2.833	-1.354	-2.047	-0.765
SyringaeB728a_mexBdelta	Psyr_1914	Psyr_1914		transaldolase	-0.229	-2.197	-0.779	-0.505	-0.026	-0.211	-0.458	-0.589	-0.463	-1.818	-2.103	-1.283	0.189	0.887	-2.361	-0.855	-1.570	-1.346	-1.398	-2.645	-3.103	-1.919	-3.960
SyringaeB728a_mexBdelta	Psyr_1915	Psyr_1915		Peptidase M20:Peptidase M20	-1.064	-0.188	-1.275	-0.038	-0.361	-0.377	-1.111	-1.534	-0.623	-0.528	-1.406	-1.602	-0.469	-1.386	-0.070	-0.174	-0.117	-0.526	-0.527	-0.133	-0.583	0.144	-1.370
SyringaeB728a_mexBdelta	Psyr_1916	Psyr_1916		Peptidase S24, S26A and S26B	-1.361	-0.962	0.110	-1.010	0.589	0.463	-0.172	-0.333	-1.539	-0.598	-0.588	-0.193	0.092	-1.473	-1.509	-0.852	0.719	-0.437	-1.069	-1.709	-0.841	-1.486	-1.065
SyringaeB728a_mexBdelta	Psyr_1917	Psyr_1917		conserved hypothetical protein	-0.921	-0.733	-0.935	0.088	-1.491	0.042	0.390	0.713	0.211	-0.381	-0.614	-1.006	-1.820	-2.055	-0.303	0.123	-1.368	0.011	-1.007	-0.067	-1.828	0.136	-0.605
SyringaeB728a_mexBdelta	Psyr_1918	Psyr_1918		ATP-binding region, ATPase-like:Histidine kinase A, N-terminal	0.584	0.024	-0.149	2.062	-0.136	0.510	0.537	0.277	0.894	-0.286	0.147	0.603	1.042	0.254	-1.509	-0.457	-0.666	-0.725	-1.990	-0.750	-1.528	-1.787	-0.441
SyringaeB728a_mexBdelta	Psyr_1919	Psyr_1919		hypothetical protein	-3.529	-4.125	-1.090	-3.510	-1.341	-0.990	-2.235	-2.899	-3.279	-3.675	-3.726	-3.428	-0.183	-0.348	-2.053	-1.351	-3.002	-1.429	-1.562	-2.765	-2.616	-2.362	-2.256
SyringaeB728a_mexBdelta	Psyr_1920	Psyr_1920		carboxyphosphonoenolpyruvate phosphonomutase-like protein	-1.783	-0.499	0.518	0.038	-1.424	-1.554	0.708	-1.239	-1.494	-0.928	-0.929	-1.408	-0.595	-0.382	-1.856	-1.102	-0.725	-0.704	0.359	-1.066	0.508	-0.555	-1.931
SyringaeB728a_mexBdelta	Psyr_1921	Psyr_1921		Alpha/beta hydrolase fold protein	-1.583	-2.919	-1.817	-2.494	-2.953	-1.051	0.215	-3.212	0.015	-2.115	-2.319	-2.187	-0.884	-3.040	-1.460	-1.176	-2.068	-2.267	-1.883	-1.966	-3.060	-2.014	-2.677
SyringaeB728a_mexBdelta	Psyr_1922	Psyr_1922		UBA/THIF-type NAD/FAD binding fold protein	-0.344	-1.184	-0.337	-0.467	-0.794	0.019	0.507	-1.395	-1.091	-1.559	-0.536	-1.435	-0.743	-1.595	-0.032	-0.674	-1.475	-0.406	-0.514	-2.188	0.023	0.049	-0.124
SyringaeB728a_mexBdelta	Psyr_1923	Psyr_1923		hypothetical protein	-0.997	-1.995	-1.660	-1.355	-0.924	-3.318	-0.479	-3.604	-0.982	-0.938	-0.884	-0.842	1.231	-0.546	-0.634	-1.117	-0.890	-0.934	-0.079	-1.887	-1.024	-0.968	-1.135
SyringaeB728a_mexBdelta	Psyr_1924	Psyr_1924		hypothetical protein	-0.862	-1.921	-0.735	-1.132	-2.093	-0.509	-0.586	-1.311	-0.906	-0.401	-0.172	-1.685	-0.911	-0.915	-1.262	0.052	-1.736	-0.450	-0.463	-0.704	-0.791	0.126	-1.322
SyringaeB728a_mexBdelta	Psyr_1925	Psyr_1925		diaminobutyrate aminotransferase apoenzyme	-0.803	-1.796	-0.957	-0.284	-0.899	-1.377	-0.993	-1.924	-0.585	-1.547	-1.018	-2.536	-1.209	-2.744	-0.238	-1.390	-0.729	-0.865	-1.631	-0.484	-0.963	-0.436	-0.321
SyringaeB728a_mexBdelta	Psyr_1926	Psyr_1926		hypothetical protein	-2.304	-2.548	-2.630	-1.683	-1.836	-1.137	-1.430	-2.558	-2.262	-1.667	-0.952	-1.815	-3.000	-1.677	-0.953	0.552	1.160	0.223	1.185	1.399	-0.488	0.285	0.730
SyringaeB728a_mexBdelta	Psyr_1927	Psyr_1927		hypothetical protein	-1.337	-1.824	-0.738	-0.424	0.045	-0.814	0.199	-1.425	-1.190	-1.934	-2.050	-2.365	-0.068	-2.484	-0.924	-0.851	0.234	-0.693	-0.133	-1.586	-0.468	-1.190	-0.490
SyringaeB728a_mexBdelta	Psyr_1928	Psyr_1928		regulatory protein, LysR:LysR, substrate-binding protein	-1.433	-0.219	-2.252	-1.555	0.742	0.378	-0.017	-1.363	-1.015	-0.570	-1.178	-1.262	0.936	-0.931	-1.614	-1.028	-1.473	-0.647	-0.482	-1.950	-2.475	-1.228	-2.263
SyringaeB728a_mexBdelta	Psyr_1929	Psyr_1929		hypothetical protein	-2.417	-3.055	-1.726	-1.700	-0.995	-0.737	-1.403	-3.064	-3.367	-2.647	-2.428	-2.575	-1.910	-2.835	-1.499	0.352	-1.688	0.153	-1.338	-1.057	-1.964	-1.652	-1.569
SyringaeB728a_mexBdelta	Psyr_1930	Psyr_1930		hypothetical protein	-2.717	-1.824	-0.928	-1.563	-0.428	-0.791	-1.986	-1.278	-2.881	-2.011	-2.847	-2.205	-0.958	-1.393	-1.234	0.094	-1.372	-0.736	0.560	-0.196	-0.786	-2.707	-0.958
SyringaeB728a_mexBdelta	Psyr_1931	Psyr_1931		hypothetical protein	-2.131	-1.064	-0.920	-2.278	-0.945	-1.817	-0.278	-1.422	-1.030	-1.622	-0.449	-1.393	-0.028	-0.943	-1.378	-1.025	-2.541	0.033	-1.759	-2.161	-2.710	-1.102	-1.088
SyringaeB728a_mexBdelta	Psyr_1932	Psyr_1932		CDS	-1.705	-0.804	-0.647	-0.031	-1.069	-1.523	-0.135	-2.118	-1.003	-1.245	-1.516	-1.769	-2.409	-2.985	-2.234	-1.472	-2.090	-3.345	-2.099	-2.446	-2.710	-4.072	-2.488
SyringaeB728a_mexBdelta	Psyr_1933	Psyr_1933		hypothetical protein	-0.724	-0.137	-1.602	-0.836	-1.519	0.874	-0.745	-1.000	0.058	-0.594	-0.232	0.110	-0.248	2.092	1.007	0.518	1.124	-0.277	0.945	-1.382	-0.511	0.267	-0.231
SyringaeB728a_mexBdelta	Psyr_1934	Psyr_1934		conserved hypothetical protein	-3.706	-2.588	-1.840	-4.498	-2.288	-0.660	-1.863	-2.604	-1.657	-1.789	-2.703	-3.376	0.098	-1.516	-0.738	-2.067	-1.655	-0.551	-1.442	-1.846	-0.295	-0.767	-2.095
SyringaeB728a_mexBdelta	Psyr_1935	Psyr_1935		Protein of unknown function DUF796	-3.388	-2.402	-2.624	-1.262	-1.962	-0.290	-1.864	-2.165	-2.090	-2.535	-2.706	-3.341	-0.669	1.030	-1.557	-1.246	-0.575	-0.923	-0.517	-3.009	-2.358	-2.931	-1.008
SyringaeB728a_mexBdelta	Psyr_1936	Psyr_1936		tRNA-U16,U17-dihydrouridine synthase	-1.099	-1.411	0.355	-0.993	-0.387	-0.901	0.055	-0.564	-0.216	-0.702	-1.145	-0.098	0.934	1.647	-0.047	-0.275	-0.134	-0.019	0.738	-0.604	-1.989	-1.916	-1.021
SyringaeB728a_mexBdelta	Psyr_1938	Psyr_1938		Response regulator receiver	-0.399	-1.249	-0.052	-1.123	-0.811	0.550	1.124	0.200	-0.993	0.578	0.003	-0.757	1.117	2.366	-1.936	-0.299	-0.117	-0.340	0.549	-1.561	-1.776	-0.604	0.174
SyringaeB728a_mexBdelta	Psyr_1939	Psyr_1939		PAS	-0.437	0.927	0.404	0.825	-0.741	1.909	-0.657	-1.245	-0.348	0.202	0.156	0.523	1.683	0.107	0.145	2.172	1.229	2.022	0.718	0.558	2.777	1.645	1.575
SyringaeB728a_mexBdelta	Psyr_1942	Psyr_1942		conserved hypothetical protein	0.198	0.841	-0.427	-1.461	0.124	3.194	0.928	1.991	1.367	0.631	-0.116	0.119	1.963	1.940	-1.150	-1.119	-0.374	0.414	-0.574	-1.520	-0.403	-0.197	-0.031
SyringaeB728a_mexBdelta	Psyr_1943	Psyr_1943		Sigma-70 region 2	-0.861	-0.194	-0.538	-1.014	1.054	-3.991	-0.665	-4.898	2.055	-1.134	-0.514	-0.794	0.664	-0.224	0.918	1.065	-0.661	1.702	0.478	-0.265	0.140	-1.822	-3.464
SyringaeB728a_mexBdelta	Psyr_1944	Psyr_1944		Thioesterase	1.110	1.351	2.224	1.348	2.092	3.189	0.743	1.717	-1.633	0.372	1.337	-0.113	1.006	-1.093	0.352	-1.183	-0.233	0.217	-2.069	0.359	-0.750	-0.534	0.127
SyringaeB728a_mexBdelta	Psyr_1945	Psyr_1945		Non-ribosomal peptide synthase:Amino acid adenylation	0.972	1.296	1.417	-0.141	0.756	2.665	1.254	0.943	0.269	0.185	1.103	0.321	1.111	1.238	-0.283	0.129	1.007	0.220	0.504	-0.745	1.039	0.462	-0.165
SyringaeB728a_mexBdelta	Psyr_1946	Psyr_1946		diaminobutyrate aminotransferase apoenzyme	-0.136	0.464	0.596	0.508	0.139	0.654	-0.030	0.844	0.690	-0.831	-0.355	-0.277	0.248	-0.400	0.323	-0.219	-0.315	0.520	-0.713	-0.733	-0.840	-2.036	-0.304
SyringaeB728a_mexBdelta	Psyr_1947	Psyr_1947		MbtH-like protein	-2.601	-0.278	-1.501	-0.130	0.301	-1.118	-0.544	-2.169	-1.369	-0.519	-1.294	-1.184	1.200	0.206	-1.479	-0.078	-0.646	-1.545	-0.830	-0.508	0.053	-0.655	-1.659
SyringaeB728a_mexBdelta	Psyr_1948	Psyr_1948		ABC transporter, periplasmic substrate-binding protein, putative	0.221	-0.557	-1.728	-0.730	-1.753	-0.134	0.026	0.717	0.061	-1.449	-0.184	-1.346	-0.173	-0.282	-1.073	-1.217	0.387	-0.240	-0.632	-0.932	-1.818	-1.397	-0.254
SyringaeB728a_mexBdelta	Psyr_1949	Psyr_1949		ABC-3	0.634	-0.685	0.014	1.223	0.467	0.595	0.244	1.307	0.716	-1.003	0.032	-0.185	1.058	-0.165	-1.549	-2.030	-0.698	-0.869	-1.682	-0.954	0.064	-1.229	-1.032
SyringaeB728a_mexBdelta	Psyr_1950	Psyr_1950		ABC transporter	0.511	-0.070	0.630	-1.811	0.489	1.049	0.378	1.457	-0.052	0.554	-0.356	0.716	0.481	0.597	-1.137	-1.416	0.922	0.059	0.162	-0.999	0.591	-0.793	-0.367
SyringaeB728a_mexBdelta	Psyr_1951	Psyr_1951		Periplasmic solute binding protein	-0.551	-0.971	-1.785	-0.063	-1.752	0.246	-0.508	-0.836	-0.393	-1.265	-2.315	-0.446	-1.954	-1.125	-1.168	-1.283	-0.875	-0.040	-0.887	-2.155	-0.798	-1.149	-0.019
SyringaeB728a_mexBdelta	Psyr_1953	Psyr_1953		conserved hypothetical protein	0.902	-1.589	0.167	-0.741	-0.671	-0.707	0.209	0.378	-0.868	0.801	-0.435	0.185	0.745	0.544	-1.063	-1.323	-1.223	-0.816	0.032	-1.092	-0.267	-0.863	-0.318
SyringaeB728a_mexBdelta	Psyr_1954	Psyr_1954		conserved hypothetical protein	-0.256	-0.371	-2.568	-1.363	-1.679	-0.508	-2.549	-1.719	-1.407	-1.449	-2.635	-1.668	-1.500	-0.447	-0.484	0.370	-1.139	-0.800	-1.799	-1.154	-1.576	-1.579	-2.290
SyringaeB728a_mexBdelta	Psyr_1955	Psyr_1955		Propeptide, PepSY amd peptidase M4:PepSY-associated TM helix	-0.791	-1.313	-2.053	-1.305	-2.430	-0.768	-2.200	-2.435	-0.388	-2.098	-1.718	-0.420	-0.748	-1.336	0.539	0.503	-0.442	0.777	-0.699	-0.831	-0.149	0.264	-2.398
SyringaeB728a_mexBdelta	Psyr_1956	Psyr_1956		pyoverdine biosynthesis regulatory gene, putative	0.407	-0.477	0.123	0.662	0.486	-0.144	0.048	-0.958	-0.052	-1.486	-0.359	-0.506	-0.964	-0.541	-1.044	0.162	-0.641	-1.017	-1.123	-1.280	0.111	-0.442	-0.808
SyringaeB728a_mexBdelta	Psyr_1957	Psyr_1957		Amino acid adenylation	1.342	1.252	2.668	0.241	1.033	3.046	1.334	2.416	0.744	-0.026	0.415	-0.188	0.386	1.463	0.776	0.467	1.395	0.252	-0.983	0.338	0.289	0.796	-0.987
SyringaeB728a_mexBdelta	Psyr_1958	Psyr_1958		Non-ribosomal peptide synthase:Amino acid adenylation	0.596	1.053	1.243	-0.136	0.436	4.427	0.767	0.726	-0.771	-0.597	1.161	0.403	0.916	1.738	-0.157	0.146	0.055	-0.201	-0.292	-0.858	-0.731	-0.366	0.072
SyringaeB728a_mexBdelta	Psyr_1959	Psyr_1959		Amino acid adenylation	0.896	0.697	0.789	-0.006	-0.395	0.876	1.525	0.545	-1.135	-0.650	-0.176	0.996	-0.310	-0.928	-1.572	-0.938	-1.262	-1.314	0.446	-1.379	0.043	-1.960	-1.038
SyringaeB728a_mexBdelta	Psyr_1960	Psyr_1960		Non-ribosomal peptide synthase:Amino acid adenylation	-0.083	0.297	2.640	0.717	0.993	2.828	0.537	1.403	0.624	-0.384	-0.131	0.416	1.661	0.794	0.431	0.772	0.378	-0.412	-0.701	-0.436	0.169	-0.068	-0.218
SyringaeB728a_mexBdelta	Psyr_1961	Psyr_1961		TonB-dependent siderophore receptor	1.873	2.247	-1.071	2.449	0.458	-4.081	-1.159	-2.722	1.956	0.437	-0.021	2.102	-1.149	-1.080	0.917	0.925	-1.515	1.346	0.692	-0.469	1.482	1.147	-1.611
SyringaeB728a_mexBdelta	Psyr_1962	Psyr_1962		TonB-dependent siderophore receptor	-2.292	-0.135	-3.469	-3.457	-4.258	-2.542	-3.020	-7.235	0.047	-1.569	-5.065	-1.291	-0.188	0.675	-2.575	-1.748	-2.057	-1.411	-1.978	-1.851	-2.696	-2.672	-6.995
SyringaeB728a_mexBdelta	Psyr_1963	Psyr_1963		Cyclic peptide transporter	1.160	1.092	-0.244	0.868	-0.681	1.281	0.963	-0.947	0.684	0.671	-2.243	0.717	1.117	-0.707	1.046	1.534	1.025	-0.076	0.220	0.006	-0.407	0.423	-0.720
SyringaeB728a_mexBdelta	Psyr_1964	Psyr_1964		Protein of unknown function DUF323	-1.758	0.156	-0.850	-0.793	-2.073	-1.841	-0.591	-1.709	-0.500	-1.057	-2.657	-1.240	1.376	0.709	-0.550	-1.454	-0.375	-0.255	-0.901	-1.451	-0.212	-0.474	-0.327
SyringaeB728a_mexBdelta	Psyr_1965	Psyr_1965		Twin-arginine translocation pathway signal	0.130	1.132	-2.178	1.145	-0.754	-2.970	-0.171	-0.111	1.125	-0.199	-0.459	0.783	0.779	-0.120	-0.571	0.023	-1.316	-0.758	0.303	-1.023	-0.374	-1.306	-0.427
SyringaeB728a_mexBdelta	Psyr_1966	Psyr_1966		Peptidase M19, renal dipeptidase	0.763	-1.326	0.311	0.567	0.196	-2.098	0.728	-1.463	-0.262	0.750	-0.561	0.694	-0.356	-0.708	-0.248	1.210	-0.215	-0.368	0.632	1.698	0.382	0.982	0.182
SyringaeB728a_mexBdelta	Psyr_1967	Psyr_1967		Twin-arginine translocation pathway signal	-1.156	1.619	-1.465	0.130	0.100	-1.064	-0.250	-1.063	-0.212	-1.677	-1.249	-0.317	-1.071	-1.588	0.503	0.461	0.403	-0.281	-0.410	-0.849	-0.778	0.223	-0.346
SyringaeB728a_mexBdelta	Psyr_1968	Psyr_1968		RND efflux system, outer membrane lipoprotein, NodT	1.039	0.052	0.496	1.967	1.006	2.521	1.003	0.163	0.820	1.452	1.064	0.201	-0.141	-0.395	0.036	-0.101	0.009	0.369	-0.658	0.550	-0.141	-0.876	0.292
SyringaeB728a_mexBdelta	Psyr_1969	Psyr_1969		ABC transporter:Protein of unknown function DUF214	0.963	1.361	-2.317	1.233	1.260	0.165	0.957	0.615	1.314	0.568	-0.493	-0.205	-0.790	-0.573	-1.222	0.128	-2.288	-0.569	-2.331	-0.607	-0.022	-0.197	-0.894
SyringaeB728a_mexBdelta	Psyr_1970	Psyr_1970		Secretion protein HlyD	-0.736	2.292	-1.265	-0.037	-1.117	0.370	0.895	-0.260	-0.983	0.142	-0.496	2.211	2.508	1.629	0.008	-0.795	-0.658	-0.661	-0.562	-2.707	-1.855	-0.638	0.358
SyringaeB728a_mexBdelta	Psyr_1971	Psyr_1971		Peptidase S45, penicillin amidase	1.598	0.174	0.182	0.243	-0.128	-0.302	0.360	-0.352	0.137	-0.087	0.661	0.946	-0.352	-0.041	0.286	0.702	0.113	1.122	0.557	0.448	0.195	0.425	0.129
SyringaeB728a_mexBdelta	Psyr_1972	Psyr_1972		conserved hypothetical protein	-1.695	-1.115	-1.303	0.151	-0.964	-1.093	-1.196	-0.775	-0.891	-1.516	-1.398	-0.793	-0.863	0.393	-1.288	-0.472	-1.240	-1.778	-0.968	-0.924	-1.229	-2.233	-1.616
SyringaeB728a_mexBdelta	Psyr_1973	Psyr_1973		Aspartate transaminase	1.318	0.021	-1.064	0.233	-0.917	1.737	-0.319	-0.663	0.687	0.317	-0.231	0.342	-1.103	0.887	-0.943	1.312	0.118	0.583	0.948	0.105	-0.503	1.354	1.487
SyringaeB728a_mexBdelta	Psyr_1974	Psyr_1974		Excinuclease ABC subunit B	-0.402	-0.402	-1.762	-0.391	-0.879	0.955	0.050	0.445	-0.716	-9.766	-0.524	-0.384	-1.165	-5.290	0.475	1.039	-1.429	-0.482	-0.022	-1.494	-0.071	-0.121	-11.925
SyringaeB728a_mexBdelta	Psyr_1975	Psyr_1975		Integrase, catalytic region	-0.509	-1.574	-0.196	0.202	0.678	-0.642	0.738	-0.398	-2.462	-1.117	-1.447	-1.280	-4.135	-2.416	-1.344	-0.152	-0.485	0.221	-0.892	-0.002	0.746	-0.377	-0.671
SyringaeB728a_mexBdelta	Psyr_1978	Psyr_1978		Thioesterase superfamily	0.033	-0.295	0.688	0.159	-0.124	0.412	-0.244	0.845	-0.704	-1.814	-0.185	-2.065	-1.349	-1.798	1.636	0.088	1.859	0.804	1.786	-0.722	1.361	0.255	0.571
SyringaeB728a_mexBdelta	Psyr_1979	Psyr_1979		tRNA-U20a,U20b-dihydrouridine synthase	0.233	1.268	1.950	0.327	-0.079	-0.004	0.157	0.878	-0.529	0.350	0.805	1.314	1.176	1.603	1.645	1.718	1.506	1.708	1.966	1.258	2.382	2.359	1.134
SyringaeB728a_mexBdelta	Psyr_1980	Psyr_1980		Heat shock protein Hsp20	-0.180	1.022	0.440	0.655	1.243	1.268	1.006	-0.797	-0.262	0.509	0.502	-0.563	-0.103	1.282	-1.065	-1.888	-1.058	-0.240	-1.239	-0.381	-1.736	-2.057	-0.288
SyringaeB728a_mexBdelta	Psyr_1981	Psyr_1981		PAS:GGDEF	-0.063	0.244	-0.291	-1.419	-0.798	1.446	-1.345	-0.069	-1.090	0.433	-0.152	-0.713	1.230	-0.467	-0.533	-0.918	-0.465	-1.577	-0.061	-0.251	-1.085	-0.305	-0.859
SyringaeB728a_mexBdelta	Psyr_1982	Psyr_1982		transcriptional regulator, LysR family	-1.399	0.013	-0.975	0.206	1.134	1.524	0.383	1.223	0.473	0.380	-1.038	0.305	0.060	1.796	2.118	0.761	-0.768	0.954	0.052	0.653	0.142	0.136	2.229
SyringaeB728a_mexBdelta	Psyr_1983	Psyr_1983		3-isopropylmalate dehydratase, large subunit	-0.150	-0.635	1.188	-0.018	0.758	0.308	-0.529	-0.076	1.136	-1.338	-0.671	-0.963	-0.158	-1.684	0.248	1.120	1.177	0.593	1.511	0.839	-0.162	0.675	-0.241
SyringaeB728a_mexBdelta	Psyr_1984	Psyr_1984		3-isopropylmalate dehydratase, small subunit	0.907	0.892	0.623	1.189	0.937	2.855	1.225	1.276	0.072	0.391	0.848	0.897	1.581	1.328	0.701	0.615	-0.060	0.594	-0.347	0.470	0.198	1.121	1.708
SyringaeB728a_mexBdelta	Psyr_1985	Psyr_1985		3-isopropylmalate dehydrogenase	0.263	0.031	-0.276	-1.008	-0.541	2.787	-0.128	1.300	0.234	0.059	-0.202	-0.153	-0.047	0.376	-0.628	0.871	-0.368	0.097	0.089	-1.012	0.258	-0.012	1.510
SyringaeB728a_mexBdelta	Psyr_1987	Psyr_1987		2-keto-3-deoxygalactonate kinase	-0.605	0.041	-0.257	0.191	-0.876	-0.459	0.218	-0.600	0.238	0.283	0.260	0.423	-0.213	-0.008	-1.449	-1.025	-0.142	-1.036	-1.085	-0.406	-0.220	-0.331	-1.049
SyringaeB728a_mexBdelta	Psyr_1989	Psyr_1989		galactonate dehydratase	-2.741	0.021	-2.917	-0.507	-1.039	-0.933	-0.312	-1.308	-1.599	-1.791	-1.446	-2.187	-0.975	-1.541	-2.441	-1.245	-3.621	-1.674	-1.930	-3.615	-3.342	-2.227	-1.957
SyringaeB728a_mexBdelta	Psyr_1990	Psyr_1990		D-galactonate transporter	-0.344	-1.739	-0.701	0.634	-1.915	0.012	1.379	1.010	-0.168	-1.045	-1.213	-1.216	0.891	0.014	-0.939	-0.602	-0.875	-0.937	-0.492	-0.972	-0.851	0.738	0.096
SyringaeB728a_mexBdelta	Psyr_1991	Psyr_1991		transcriptional regulator, IclR family	-1.067	-1.443	-1.633	-0.534	-0.682	-0.540	-0.607	-1.542	-0.899	-1.669	-1.379	-0.319	-2.090	-0.345	-0.938	-0.298	-0.761	0.134	-0.045	-2.402	-0.811	-0.979	-1.351
SyringaeB728a_mexBdelta	Psyr_1992	Psyr_1992		Zinc-containing alcohol dehydrogenase superfamily	0.682	0.946	0.349	0.409	-1.613	-0.365	1.001	-0.458	1.366	1.588	-0.019	-0.437	-0.730	0.002	1.208	-0.442	0.401	-0.543	1.200	-0.186	0.518	-0.077	0.051
SyringaeB728a_mexBdelta	Psyr_1993	Psyr_1993		transcriptional regulator, AraC family	1.617	1.186	1.071	1.912	1.713	3.009	-0.475	-1.642	-1.086	0.998	0.390	1.532	0.234	1.963	0.226	0.712	1.624	0.511	-0.774	-0.829	-1.908	0.353	0.078
SyringaeB728a_mexBdelta	Psyr_1997	Psyr_1997		amino acid ABC transporter substrate-binding protein, PAAT family	-1.034	0.850	-0.862	0.398	-1.232	-0.096	-0.742	1.247	0.672	0.189	-0.133	-0.084	-2.724	0.213	0.618	-0.529	0.324	0.350	-0.492	0.605	0.434	-0.726	0.717
SyringaeB728a_mexBdelta	Psyr_1999	Psyr_1999		OmpA/MotB	0.456	-0.409	0.162	-0.560	-0.151	1.200	-0.441	-0.203	-0.989	-0.140	-1.293	-0.185	-0.471	0.112	-0.969	-1.207	0.255	-0.795	-0.210	-0.983	-0.834	0.723	-0.567
SyringaeB728a_mexBdelta	Psyr_2000	Psyr_2000		transcriptional regulator, GntR family	0.315	0.056	-1.117	0.519	0.655	-2.091	2.404	-0.672	0.777	-0.080	-0.069	0.055	-1.924	-0.904	0.093	-0.981	-0.631	-0.113	0.197	-0.172	-1.620	-2.173	-1.362
SyringaeB728a_mexBdelta	Psyr_2003	Psyr_2003		conserved hypothetical protein	-0.788	1.205	0.706	-0.192	-0.220	1.599	1.026	1.201	-0.819	0.611	-0.182	0.446	1.338	3.120	0.097	0.701	0.192	0.256	0.032	-0.312	-0.787	-0.083	1.748
SyringaeB728a_mexBdelta	Psyr_2014	Psyr_2014		conserved hypothetical protein	0.121	-0.243	-0.225	0.009	0.406	1.846	-0.089	0.574	1.309	0.092	0.844	0.234	0.161	1.201	0.042	1.159	0.655	0.977	0.893	0.365	0.586	1.534	0.480
SyringaeB728a_mexBdelta	Psyr_2015	Psyr_2015		Branched-chain amino acid transport system II carrier protein	1.038	0.677	3.207	0.746	3.491	2.026	2.067	1.608	1.261	0.597	1.045	1.204	0.424	2.050	1.298	0.354	1.043	0.817	-0.280	0.430	1.076	0.102	1.266
SyringaeB728a_mexBdelta	Psyr_2017	Psyr_2017		Heat shock protein Hsp90:ATP-binding region, ATPase-like protein	-0.432	-0.569	2.062	-1.788	1.416	2.783	0.886	0.845	0.151	0.213	-0.508	-1.697	-1.368	-3.653	0.401	-0.433	1.338	1.442	-0.143	0.788	-0.702	0.293	-0.635
SyringaeB728a_mexBdelta	Psyr_2018	Psyr_2018		Dienelactone hydrolase	-1.212	0.328	-1.526	-1.512	-1.319	-1.030	-0.122	-0.856	-0.950	-1.444	-1.411	-0.506	0.548	0.569	0.319	0.411	0.991	-0.799	0.638	-0.369	-0.373	0.178	0.362
SyringaeB728a_mexBdelta	Psyr_2021	Psyr_2021		Response regulator receiver:ATP-binding region, ATPase-like:Histidine kinase, HAMP region:Histidine kinase A, N-terminal	0.479	0.540	-2.019	-0.215	-0.954	-0.783	-0.267	2.857	0.804	0.201	-0.564	0.420	0.226	1.599	-0.030	1.160	0.717	-0.163	-1.569	-1.128	0.677	-1.144	0.097
SyringaeB728a_mexBdelta	Psyr_2022	Psyr_2022		Glycerol-3-phosphate dehydrogenase (NAD(P)+)	-1.253	-2.524	-0.726	-1.754	-1.143	-0.223	-0.963	1.588	-0.480	-0.672	0.234	1.052	0.158	0.612	-0.373	-0.065	-1.226	-1.271	-0.189	0.933	-1.868	-0.587	-0.389
SyringaeB728a_mexBdelta	Psyr_2023	Psyr_2023		conserved hypothetical protein	-0.954	-1.424	-2.187	-0.499	-1.202	-0.434	-1.196	-0.980	-2.738	-2.021	-1.548	-1.691	-0.709	0.548	-1.311	0.325	-1.308	-0.262	-1.586	-1.754	-0.050	-1.060	-2.000
SyringaeB728a_mexBdelta	Psyr_2024	Psyr_2024		Phosphohistidine phosphatase SixA	0.705	0.512	-0.924	0.027	-0.310	-1.044	0.369	0.610	-0.051	-0.726	0.321	-1.539	-0.350	-0.501	-0.158	0.605	0.113	-0.267	-0.265	-0.135	-0.122	1.167	0.024
SyringaeB728a_mexBdelta	Psyr_2025	Psyr_2025		Phenylacetic acid degradation-related protein	-1.044	0.194	-0.480	-0.383	-0.575	-0.588	0.458	-1.368	-0.017	0.500	-0.792	-0.030	-1.180	-0.465	-0.123	-1.077	-0.366	-3.015	-0.586	-1.684	-1.022	-1.103	-0.079
SyringaeB728a_mexBdelta	Psyr_2026	Psyr_2026		conserved hypothetical protein	-0.703	-1.569	0.307	-0.852	-0.178	-0.527	-1.790	-0.056	0.022	-1.112	0.152	-1.049	-0.604	0.113	-0.299	0.440	0.075	-1.257	-0.112	0.546	-0.815	-0.756	-0.347
SyringaeB728a_mexBdelta	Psyr_2027	Psyr_2027		epoxide hydrolase, Serine peptidase, MEROPS family S33	0.363	0.064	-0.896	0.992	1.163	1.185	0.571	-0.814	-0.075	0.928	-0.260	-0.288	0.593	0.390	1.611	-0.023	0.204	0.014	0.564	1.584	1.553	1.712	1.786
SyringaeB728a_mexBdelta	Psyr_2028	Psyr_2028		conserved hypothetical protein	0.660	0.436	0.866	0.187	-0.421	1.008	1.604	-0.215	1.419	2.106	1.676	1.356	-0.319	-0.906	-0.258	1.515	-0.488	0.180	-0.192	0.227	-0.379	1.485	0.558
SyringaeB728a_mexBdelta	Psyr_2029	Psyr_2029		Protein of unknown function UPF0118	1.326	2.343	-0.678	1.977	2.010	3.281	1.485	1.635	1.449	0.735	1.819	2.207	-0.254	1.347	0.238	0.783	-0.749	-0.225	-0.637	0.149	0.276	-0.480	-1.003
SyringaeB728a_mexBdelta	Psyr_2031	Psyr_2031		ATP-binding region, ATPase-like:Histidine kinase, HAMP region:Histidine kinase A, N-terminal	-0.794	-1.123	-0.780	0.402	-0.342	0.620	1.907	-0.270	1.404	1.043	-0.289	-1.501	0.575	0.305	2.348	0.596	1.045	1.021	3.438	0.982	1.086	1.087	2.684
SyringaeB728a_mexBdelta	Psyr_2032	Psyr_2032		two component transcriptional regulator, winged helix family	0.664	0.133	0.320	1.121	1.588	0.284	2.813	-0.175	1.827	1.028	1.184	1.206	1.216	0.348	0.606	-1.273	-0.230	-0.158	-0.343	-0.477	-0.230	-0.928	-1.066
SyringaeB728a_mexBdelta	Psyr_2033	Psyr_2033		conserved hypothetical protein	-0.249	-0.751	-1.233	-0.315	-0.565	-0.601	-0.817	0.540	-0.161	-1.128	-0.266	1.063	0.521	1.159	0.792	1.030	0.559	-0.501	0.187	0.025	0.208	0.292	0.256
SyringaeB728a_mexBdelta	Psyr_2034	Psyr_2034		Outer membrane autotransporter barrel	1.095	0.111	0.776	-0.334	0.404	0.629	-0.505	-0.410	0.685	0.617	0.953	-0.011	0.766	0.096	-0.056	-0.442	0.119	-0.773	-0.225	0.058	-0.146	0.243	0.184
SyringaeB728a_mexBdelta	Psyr_2035	Psyr_2035		conserved domain protein	-1.232	0.404	0.637	-0.144	-0.104	-1.354	1.564	0.571	1.377	-0.091	1.236	-0.199	0.621	-0.758	-0.590	-0.266	0.770	1.290	-0.320	1.283	-0.547	1.216	-0.118
SyringaeB728a_mexBdelta	Psyr_2036	Psyr_2036		Fimbrial protein	2.433	1.415	1.443	0.464	0.230	2.092	1.052	0.440	1.761	1.457	2.252	0.978	0.619	0.805	0.989	2.225	1.414	1.501	1.990	1.755	0.390	1.184	0.627
SyringaeB728a_mexBdelta	Psyr_2037	Psyr_2037		Fimbrial biogenesis outer membrane usher protein	0.990	0.355	0.455	0.523	1.881	0.827	0.079	1.194	-0.163	0.410	1.800	2.242	-0.480	-0.056	0.826	1.500	1.113	1.044	1.466	1.646	0.489	1.105	1.176
SyringaeB728a_mexBdelta	Psyr_2038	Psyr_2038		pili assembly chaperone:Bacterial pili assembly chaperone	1.103	-0.350	-2.152	-0.732	-1.183	-1.245	0.259	-3.574	-0.186	-1.156	-2.303	-0.151	-0.119	-0.771	0.952	1.232	-0.365	-0.916	-1.011	0.301	-0.068	-0.158	-0.092
SyringaeB728a_mexBdelta	Psyr_2039	Psyr_2039		Fimbrial protein	0.287	-0.037	0.436	-1.569	-0.498	0.403	0.325	-0.438	0.013	0.039	-0.505	1.224	-1.760	-2.057	0.618	-0.627	0.391	0.609	-0.102	-0.298	0.167	0.489	0.465
SyringaeB728a_mexBdelta	Psyr_2040	Psyr_2040		YD repeat protein	0.933	0.423	-0.666	-0.344	-0.319	0.257	0.592	0.536	-0.012	0.494	-0.016	0.497	0.377	0.347	0.853	1.074	0.659	0.827	0.990	1.158	0.790	1.156	1.527
SyringaeB728a_mexBdelta	Psyr_2041	Psyr_2041		hypothetical protein	1.669	0.157	0.146	0.355	1.187	1.375	-0.037	0.448	0.216	0.015	0.757	1.323	-0.222	-0.367	0.751	0.963	0.278	-0.992	0.625	-0.129	-0.428	0.534	0.543
SyringaeB728a_mexBdelta	Psyr_2042	Psyr_2042		hypothetical protein	-0.994	0.067	-0.621	-0.335	0.953	-1.279	0.418	0.744	0.719	-0.070	0.941	-0.255	-1.607	0.008	0.363	1.342	0.809	0.612	0.298	0.686	0.280	1.584	0.759
SyringaeB728a_mexBdelta	Psyr_2043	Psyr_2043		lipoprotein, putative	0.482	0.351	1.263	0.578	-0.475	0.336	-0.173	0.513	0.114	0.482	0.046	0.102	0.119	1.771	-0.353	-0.142	1.630	-0.244	-0.216	-0.040	-0.329	-0.579	0.526
SyringaeB728a_mexBdelta	Psyr_2044	Psyr_2044		YD repeat protein	-0.460	-0.559	-0.757	-0.001	0.129	-1.212	-0.044	-1.244	0.141	-0.212	-0.677	-0.590	-0.099	-2.752	-0.469	0.315	-0.370	0.353	-0.137	-0.408	-0.176	-0.125	-0.526
SyringaeB728a_mexBdelta	Psyr_2045	Psyr_2045		transcriptional regulator, LuxR family	-0.001	-1.143	-0.803	-0.315	-0.915	0.969	-1.462	0.015	-0.158	-1.057	-1.076	0.158	-1.281	-1.726	-0.383	-0.528	1.071	-0.741	-0.514	-2.596	0.080	0.145	-0.311
SyringaeB728a_mexBdelta	Psyr_2046	Psyr_2046		conserved hypothetical protein	-0.260	-1.115	0.299	-1.371	-1.094	-0.976	-0.431	-0.934	-1.383	-0.037	-0.367	-0.699	-0.229	-0.379	0.091	0.250	0.909	-1.602	-0.064	1.234	-1.614	-0.472	0.265
SyringaeB728a_mexBdelta	Psyr_2047	Psyr_2047		K+ transporting ATPase, A subunit	-0.091	-2.568	0.617	-0.208	1.495	-0.616	-2.270	-0.368	-0.559	-0.713	-0.794	0.348	0.846	0.227	0.465	-0.154	0.166	0.726	0.349	0.371	0.173	-0.935	0.160
SyringaeB728a_mexBdelta	Psyr_2048	Psyr_2048		Haloacid dehalogenase-like hydrolase:E1-E2 ATPase-associated region	0.735	-1.143	0.606	-0.901	-0.331	-0.208	1.253	1.375	-1.071	-0.053	-0.458	-0.736	-0.408	-0.305	0.620	2.006	1.925	0.389	-0.294	0.980	-0.856	-1.472	-0.458
SyringaeB728a_mexBdelta	Psyr_2049	Psyr_2049		K+ transporting ATPase, KdpC subunit	-0.043	-0.357	-0.261	-0.110	-1.226	-0.098	-0.122	0.730	-0.860	0.255	-0.410	0.503	-0.363	0.141	0.538	-0.124	-0.458	0.392	0.198	0.182	-0.518	0.496	2.133
SyringaeB728a_mexBdelta	Psyr_2050	Psyr_2050		ATP-binding region, ATPase-like:Histidine kinase A, N-terminal:Osmosensitive K+ channel His kinase sensor:UspA	1.265	0.854	0.856	1.478	-0.517	0.060	0.200	-0.271	0.797	0.749	0.070	1.230	0.372	0.735	0.924	-0.211	0.192	0.268	0.036	1.790	-0.815	0.007	0.771
SyringaeB728a_mexBdelta	Psyr_2051	Psyr_2051		Response regulator receiver:Transcriptional regulatory protein, C-terminal	1.026	0.569	-0.205	0.723	0.653	0.030	-1.330	-0.543	0.364	-0.857	2.021	-1.116	0.841	1.018	0.663	-1.280	0.569	1.877	1.311	-0.116	-0.067	1.989	0.254
SyringaeB728a_mexBdelta	Psyr_2052	Psyr_2052		lipoprotein, putative	0.353	-0.497	-0.751	-0.327	1.320	0.887	1.736	1.202	0.322	-0.814	-0.201	-0.416	1.606	1.718	0.510	1.178	0.293	-0.023	0.122	0.394	0.616	0.698	0.314
SyringaeB728a_mexBdelta	Psyr_2053	Psyr_2053		moxR protein, putative	1.703	1.102	1.756	1.280	1.055	2.294	2.265	0.684	0.864	1.988	0.686	0.085	0.680	-0.349	-0.130	-0.829	-0.348	0.311	-1.747	-0.317	0.520	0.651	-0.124
SyringaeB728a_mexBdelta	Psyr_2054	Psyr_2054		Protein of unknown function DUF58	1.312	-1.002	-0.438	-0.856	0.551	0.301	-0.214	-0.336	0.899	0.507	0.709	1.568	2.770	0.728	2.183	1.897	0.993	1.671	2.415	1.067	1.698	0.370	0.870
SyringaeB728a_mexBdelta	Psyr_2055	Psyr_2055		Transglutaminase-like protein	0.339	-0.639	-2.244	-0.355	-0.538	0.093	-0.515	-1.227	0.149	0.124	-0.575	0.704	-0.579	0.097	0.520	-0.201	-0.643	-0.194	-0.623	-0.152	-0.321	0.446	-1.043
SyringaeB728a_mexBdelta	Psyr_2056	Psyr_2056		CHAD	-0.396	-1.441	0.031	-0.453	0.831	-0.563	1.040	0.028	0.772	-0.071	0.094	0.292	0.637	-0.607	-0.985	-1.445	-1.032	-1.097	-2.720	-2.748	-1.402	-1.062	-0.235
SyringaeB728a_mexBdelta	Psyr_2057	Psyr_2057		acyl-CoA thioesterase II, putative	-0.538	0.329	-0.032	0.763	-0.033	-1.296	0.985	-0.388	-1.070	-0.807	0.203	-0.783	-0.347	-0.063	-0.721	0.091	0.250	-0.301	1.037	-0.218	0.456	-0.283	0.347
SyringaeB728a_mexBdelta	Psyr_2060	Psyr_2060		Sec-independent protein translocase TatD	0.199	0.227	-1.246	0.168	1.158	-0.607	-0.488	-0.699	0.818	0.125	0.313	0.847	-0.408	-1.247	1.115	1.274	0.290	-0.390	-0.739	1.114	0.142	0.654	0.413
SyringaeB728a_mexBdelta	Psyr_2061	Psyr_2061		SLT	0.343	-0.703	0.278	0.562	-0.234	-0.602	0.021	0.286	0.703	1.352	1.454	1.502	-0.450	-1.406	-0.366	1.137	0.540	1.661	1.027	0.770	-0.312	1.017	0.835
SyringaeB728a_mexBdelta	Psyr_2062	Psyr_2062		DoxD-like family protein	0.199	0.754	0.780	0.590	1.609	1.073	-0.161	1.628	-0.212	0.508	2.417	-0.226	0.510	0.953	-0.616	-0.707	-0.669	-1.449	-1.014	-0.745	-2.169	-1.731	-1.335
SyringaeB728a_mexBdelta	Psyr_2064	Psyr_2064		conserved hypothetical protein	-0.185	0.831	0.194	-0.778	1.506	1.373	0.214	1.266	-0.180	-0.598	-0.188	0.142	1.210	0.744	1.979	3.042	0.953	2.627	0.743	1.065	1.586	2.329	1.054
SyringaeB728a_mexBdelta	Psyr_2065	Psyr_2065		transcription elongation factor GreB	-0.629	-1.607	-1.099	-2.515	0.797	-0.929	0.453	-1.702	-1.560	-0.208	-0.425	-2.510	-0.069	-0.854	-2.447	-1.687	-0.720	-2.543	-1.444	-2.322	-2.994	-2.095	-2.984
SyringaeB728a_mexBdelta	Psyr_2066	Psyr_2066		Protein of unknown function DUF214:Fimbrial assembly	0.424	0.082	-0.805	-0.812	0.575	0.222	1.937	1.036	-0.382	0.177	1.173	0.809	0.982	1.462	0.980	0.311	-0.408	0.568	0.202	1.769	0.335	-0.549	0.314
SyringaeB728a_mexBdelta	Psyr_2067	Psyr_2067		ABC transporter	0.499	-1.078	0.434	-1.006	-0.578	0.313	-1.117	-0.719	-0.152	-0.804	-1.145	0.856	1.714	0.833	2.038	3.428	2.175	2.554	1.099	1.831	1.391	2.712	2.853
SyringaeB728a_mexBdelta	Psyr_2068	Psyr_2068		Arylesterase	0.881	-1.849	-1.019	1.086	-0.104	0.153	-0.096	-2.481	-0.299	-0.412	-1.184	-1.238	1.227	1.759	0.711	0.925	0.385	0.640	-0.746	0.563	0.295	1.314	0.076
SyringaeB728a_mexBdelta	Psyr_2069	Psyr_2069		conserved hypothetical protein	-0.194	-0.626	-0.161	-1.030	0.590	0.154	0.803	0.215	0.617	-2.020	-0.458	0.012	1.137	-1.221	1.024	2.696	2.512	0.345	-0.165	1.047	-0.072	2.522	1.908
SyringaeB728a_mexBdelta	Psyr_2070	Psyr_2070		ErfK/YbiS/YcfS/YnhG	-0.797	0.632	-2.822	-0.303	-1.529	-2.956	-1.336	-5.188	-0.523	-0.888	0.902	0.709	-0.729	-0.634	0.067	0.897	-2.870	0.418	-1.271	0.001	0.394	1.139	0.409
SyringaeB728a_mexBdelta	Psyr_2071	Psyr_2071		outer membrane lipoprotein OprI	-1.527	-2.771	-1.558	-0.762	-1.416	-0.964	-2.222	-1.876	-1.558	-1.196	-1.350	-2.863	0.696	-1.372	-0.314	0.356	-0.405	0.750	0.117	0.594	-0.005	-0.470	-0.167
SyringaeB728a_mexBdelta	Psyr_2072	Psyr_2072		conserved hypothetical protein	1.959	1.715	1.194	1.099	1.494	-0.023	-0.264	-0.724	-0.273	0.354	1.229	1.878	-0.153	0.528	0.330	1.267	-1.636	0.823	-0.481	0.143	-1.120	0.505	0.303
SyringaeB728a_mexBdelta	Psyr_2073	Psyr_2073		3-deoxy-D-arabinoheptulosonate-7-phosphate synthase	2.877	1.244	0.455	1.155	1.454	2.669	0.642	0.847	1.036	1.135	1.202	2.750	-0.364	0.026	1.050	0.776	-0.761	1.042	1.064	0.910	0.259	-0.336	-0.009
SyringaeB728a_mexBdelta	Psyr_2074	Psyr_2074		ketopantoate reductase	2.508	1.992	0.189	0.854	-0.158	-0.135	0.557	-0.603	0.339	0.783	-1.105	0.628	0.054	-0.528	1.207	2.454	1.064	1.055	2.598	2.790	0.887	2.805	1.262
SyringaeB728a_mexBdelta	Psyr_2075	Psyr_2075		5-nucleotidase	1.231	0.166	-0.738	1.473	0.673	1.252	0.761	0.057	0.067	0.675	0.603	-0.721	-1.001	-0.322	-0.272	-0.366	-0.938	-0.721	-0.276	-0.767	-0.475	-0.050	0.649
SyringaeB728a_mexBdelta	Psyr_2076	Psyr_2076		UspA	0.504	-1.542	0.332	2.471	0.786	-2.733	-0.095	1.721	-0.807	1.261	1.724	1.262	-0.085	-0.500	0.753	0.050	-0.248	0.658	-0.156	0.197	1.014	0.880	-0.401
SyringaeB728a_mexBdelta	Psyr_2077	Psyr_2077		regulatory protein, LysR:LysR, substrate-binding protein	0.520	-0.140	-0.673	-0.614	1.064	2.136	1.229	1.062	1.909	0.545	0.291	0.372	1.675	1.876	-1.117	0.004	0.033	-0.045	-2.917	-0.804	-1.945	-0.660	-0.308
SyringaeB728a_mexBdelta	Psyr_2079	Psyr_2079		phosphoserine phosphatase / phosphoserine:homoserine phosphotransferase	-0.261	0.066	-0.703	0.363	-0.622	-1.814	0.411	-1.386	-0.321	-1.007	-0.075	0.599	0.811	0.769	-0.025	0.381	0.616	0.419	0.478	1.091	0.842	0.464	-0.208
SyringaeB728a_mexBdelta	Psyr_2080	Psyr_2080		aminodeoxychorismate synthase, subunit I	-4.564	-3.380	-0.118	-3.356	-0.407	-1.541	0.355	0.012	-6.246	-6.744	-3.882	-8.667	-0.581	-0.543	-5.314	-4.815	-4.781	-6.335	-4.906	-3.069	-5.814	-5.702	-9.645
SyringaeB728a_mexBdelta	Psyr_2081	Psyr_2081		conserved hypothetical protein	0.536	0.831	-0.311	-0.420	-0.539	0.040	1.572	0.235	0.240	0.020	0.552	0.995	1.089	-0.097	-0.334	2.629	-0.258	-0.141	0.463	0.750	0.216	-0.639	1.194
SyringaeB728a_mexBdelta	Psyr_2082	Psyr_2082		membrane protein, putative	-0.898	0.155	-1.635	0.004	-1.592	0.272	0.544	-0.708	-1.391	-0.059	0.262	1.370	0.784	0.234	-1.172	0.406	-0.536	0.795	-0.828	-0.112	0.392	0.606	0.142
SyringaeB728a_mexBdelta	Psyr_2083	Psyr_2083		Protein of unknown function DUF785	0.043	-1.399	-0.444	-0.217	0.471	-2.295	1.583	0.920	-1.042	-0.829	-1.743	-0.525	-1.045	0.330	1.277	-0.356	1.519	0.081	1.172	0.086	0.563	1.072	0.402
SyringaeB728a_mexBdelta	Psyr_2084	Psyr_2084		transcriptional regulator, GntR family	-0.483	-0.887	-0.738	0.132	1.606	-1.322	-0.301	-1.193	-0.322	-1.852	0.514	0.749	-2.052	-2.562	-0.338	-0.030	0.135	-0.120	2.339	0.903	0.151	1.089	-1.330
SyringaeB728a_mexBdelta	Psyr_2085	Psyr_2085		methylisocitrate lyase	-2.650	-1.862	-0.107	-1.716	-1.079	-3.583	-0.803	-1.672	-3.247	-2.188	-1.092	-1.266	0.664	1.896	0.033	1.190	-0.428	-0.002	0.437	-0.568	0.301	0.105	0.854
SyringaeB728a_mexBdelta	Psyr_2086	Psyr_2086		2-methylcitrate synthase	0.760	0.395	-0.982	0.248	-0.797	1.225	1.178	-2.644	0.081	1.352	-1.350	-1.194	-0.996	-1.738	-0.415	-0.560	-1.093	0.248	0.062	0.240	-0.323	-1.290	-0.508
SyringaeB728a_mexBdelta	Psyr_2087	Psyr_2087		aconitase / 2-methylcitrate dehydratase (trans-methylaconitate-forming)	-1.796	-2.876	-1.974	-0.454	1.123	-2.818	0.687	-1.302	-1.624	-1.043	-1.646	-2.666	-3.803	-3.863	-1.659	-1.523	-0.908	-1.232	-1.937	0.223	-1.020	-1.968	-3.561
SyringaeB728a_mexBdelta	Psyr_2088	Psyr_2088		2-methylaconitate cis-trans isomerase	0.743	0.330	-0.169	-1.876	1.156	-0.648	-0.075	-0.531	0.889	-1.130	0.806	0.350	0.845	1.150	-0.463	-0.812	-0.403	0.048	-1.348	0.249	-1.052	0.142	-1.663
SyringaeB728a_mexBdelta	Psyr_2089	Psyr_2089		Protein of unknown function DUF299	1.018	1.330	0.366	-1.420	0.016	-0.735	0.541	-1.273	1.155	-0.048	0.582	-0.527	0.954	-1.955	0.043	0.287	1.163	1.505	0.304	0.527	1.273	0.544	0.184
SyringaeB728a_mexBdelta	Psyr_2090	Psyr_2090		phosphoenolpyruvate synthase	0.977	0.536	1.332	-0.306	1.646	-0.043	-0.239	-1.495	0.148	-0.726	0.231	1.255	0.117	0.067	0.681	0.958	-1.156	-0.203	-0.134	1.415	0.172	-0.024	0.131
SyringaeB728a_mexBdelta	Psyr_2091	Psyr_2091		esterase/lipase/thioesterase family protein	0.337	0.287	1.030	-0.483	1.154	-0.425	0.396	-2.371	0.987	-0.130	0.774	0.212	-0.094	-0.905	1.198	1.211	0.364	0.722	0.687	1.871	1.205	0.235	2.258
SyringaeB728a_mexBdelta	Psyr_2092	Psyr_2092		Protein of unknown function 1935	0.265	-0.200	1.533	0.182	1.248	-0.978	0.667	0.417	0.307	0.283	2.073	1.092	0.281	-0.469	1.592	0.678	0.177	0.633	1.565	1.418	-0.877	0.422	0.954
SyringaeB728a_mexBdelta	Psyr_2093	Psyr_2093		Mg2+ transporter protein, CorA-like protein	-2.478	-2.168	0.200	-0.048	2.449	-1.100	0.547	-3.259	-2.173	-0.716	-1.547	1.084	0.218	0.009	1.224	2.039	0.279	1.328	0.799	1.320	0.950	1.649	-0.187
SyringaeB728a_mexBdelta	Psyr_2095	Psyr_2095		Conserved TM helix	-0.716	-1.035	-0.757	-0.485	-0.296	-0.515	-1.519	-1.316	-2.252	-1.922	-0.509	-0.321	-0.989	-0.237	-1.718	-3.838	-0.587	-3.060	-2.592	-0.173	-1.521	-1.903	-1.442
SyringaeB728a_mexBdelta	Psyr_2098	Psyr_2098		uroporphyrinogen-III C-methyltransferase	0.934	0.325	1.418	0.797	2.011	-0.525	0.777	-0.729	1.673	-0.593	0.179	2.672	0.115	-0.784	1.465	2.071	0.501	1.703	2.514	1.214	1.185	1.934	0.342
SyringaeB728a_mexBdelta	Psyr_2099	Psyr_2099		assimilatory nitrate reductase (NADH) alpha subunit apoprotein	0.175	-0.337	1.145	-0.239	0.118	-0.266	-0.016	-0.122	-0.286	0.145	1.472	1.532	2.218	0.130	0.097	-0.684	0.072	-0.004	0.147	0.876	-0.120	0.150	-0.535
SyringaeB728a_mexBdelta	Psyr_2100	Psyr_2100		assimilatory nitrate reductase (NADH) beta subunit	1.261	0.763	2.442	0.446	1.445	0.068	3.018	-0.080	-0.997	1.190	1.202	1.494	-1.452	-0.350	2.026	2.623	0.494	1.169	0.663	2.009	1.675	1.303	1.407
SyringaeB728a_mexBdelta	Psyr_2101	Psyr_2101		Protein kinase	1.324	1.473	0.823	1.401	0.585	1.226	0.024	1.006	1.356	0.629	0.977	0.605	0.133	-0.179	0.795	0.609	0.343	0.272	0.309	1.204	-0.200	0.376	-0.612
SyringaeB728a_mexBdelta	Psyr_2102	Psyr_2102		Nitrate transporter	2.226	-0.062	2.277	0.786	1.771	1.993	0.068	-0.523	2.403	2.556	1.244	1.032	-0.972	0.558	-0.187	-0.163	-0.137	0.046	-0.193	0.929	-0.002	-0.299	0.640
SyringaeB728a_mexBdelta	Psyr_2103	Psyr_2103		levansucrase	0.667	-0.049	0.486	-0.299	-0.960	0.353	-0.167	-0.675	0.784	0.177	1.128	0.548	-0.875	-0.771	1.703	1.431	1.674	1.356	1.620	2.323	0.423	0.981	2.057
SyringaeB728a_mexBdelta	Psyr_2104	Psyr_2104		Response regulator receiver:ANTAR	0.181	-0.094	-0.503	1.567	0.395	1.584	-0.747	0.827	0.462	0.173	1.211	-0.558	1.143	0.663	1.147	0.278	0.828	0.883	-0.000	-0.005	-0.156	-0.006	-0.449
SyringaeB728a_mexBdelta	Psyr_2105	Psyr_2105		conserved hypothetical protein	0.474	-1.036	-0.772	0.197	0.484	0.066	-0.241	0.677	-0.225	0.667	-0.258	1.439	-1.297	-0.486	-1.156	0.013	0.028	0.091	0.105	0.922	0.592	0.202	0.793
SyringaeB728a_mexBdelta	Psyr_2107	Psyr_2107		Ribosome modulation factor	-0.032	1.024	1.279	0.475	-0.486	3.346	0.520	0.812	0.961	1.192	1.158	0.592	3.364	4.200	0.636	0.089	1.036	0.713	1.121	1.680	0.984	0.795	0.208
SyringaeB728a_mexBdelta	Psyr_2108	Psyr_2108		23S rRNA m(2)G-2445 methyltransferase	1.225	1.136	0.609	-0.063	1.165	-0.985	-0.904	-2.349	1.647	1.956	2.312	1.069	-0.153	0.814	-0.149	0.768	-0.741	0.248	0.449	1.459	-0.277	-0.217	0.127
SyringaeB728a_mexBdelta	Psyr_2109	Psyr_2109		methyl-accepting chemotaxis sensory transducer	-3.058	-4.519	-2.486	-2.859	-1.945	-1.441	-1.319	-4.277	-2.064	-3.108	-4.156	-2.850	-1.018	-2.323	0.328	-1.281	-0.770	-0.149	-1.572	-1.051	0.352	-0.470	-0.532
SyringaeB728a_mexBdelta	Psyr_2110	Psyr_2110		diguanylate cyclase with PAS/PAC sensor	0.336	0.271	-0.109	0.638	-0.051	-0.593	1.364	0.760	0.775	0.819	1.108	0.521	0.842	0.022	0.912	0.569	0.434	1.175	0.863	1.394	0.219	0.054	0.852
SyringaeB728a_mexBdelta	Psyr_2111	Psyr_2111		Peptidase S13, D-Ala-D-Ala carboxypeptidase C	-0.008	1.085	-0.828	-0.316	0.723	-6.101	0.018	-1.103	1.487	1.112	0.489	2.446	0.292	1.326	0.554	1.286	0.246	-0.007	1.619	0.908	0.423	1.541	0.752
SyringaeB728a_mexBdelta	Psyr_2113	Psyr_2113		multi-sensor hybrid histidine kinase	0.880	0.472	0.160	1.567	0.055	0.564	0.423	0.481	0.852	0.534	1.305	1.602	0.153	-0.792	0.898	0.838	0.693	1.327	0.558	0.693	0.018	0.265	0.591
SyringaeB728a_mexBdelta	Psyr_2114	Psyr_2114		two component transcriptional regulator, LuxR family	0.426	0.919	0.019	-0.935	-0.038	-1.239	1.174	0.335	-0.194	-1.224	-0.442	1.540	1.409	0.478	1.329	0.326	0.452	-0.531	0.440	1.977	0.269	0.452	0.050
SyringaeB728a_mexBdelta	Psyr_2115	Psyr_2115		Response regulator receiver	-0.781	1.349	0.499	-0.145	-1.166	0.859	0.601	0.034	-0.953	-0.277	-0.248	0.542	0.050	-0.199	-0.444	0.160	-0.099	-0.092	-0.276	-0.167	-0.929	0.052	1.022
SyringaeB728a_mexBdelta	Psyr_2116	Psyr_2116		Deoxyguanosinetriphosphate triphosphohydrolase	-0.478	1.068	-0.648	-1.377	-0.883	1.440	-0.999	-2.245	-1.666	1.055	0.030	-1.041	-0.071	0.999	-0.330	0.042	0.909	0.216	0.571	0.679	0.153	-0.416	1.114
SyringaeB728a_mexBdelta	Psyr_2117	Psyr_2117		conserved hypothetical protein	0.266	0.660	1.854	-0.389	-0.511	-0.606	0.415	1.095	0.832	0.407	0.095	0.687	-0.147	-1.588	-0.400	0.340	1.903	1.193	0.796	1.253	0.637	2.082	1.470
SyringaeB728a_mexBdelta	Psyr_2119	Psyr_2119		Acyltransferase 3	0.633	0.367	0.908	-0.013	1.312	1.171	0.103	1.402	1.290	0.661	0.895	0.831	1.031	0.783	-1.562	-0.548	0.602	-1.685	-0.481	-0.113	-1.375	-0.856	0.101
SyringaeB728a_mexBdelta	Psyr_2120	Psyr_2120		conserved hypothetical protein	0.530	-0.765	-0.144	1.373	1.792	-0.136	1.166	1.062	1.063	1.274	0.558	-0.421	-0.245	-0.705	-0.324	-0.509	0.337	0.025	-0.734	0.126	0.489	-1.015	0.563
SyringaeB728a_mexBdelta	Psyr_2121	Psyr_2121		regulatory protein, LysR:LysR, substrate-binding protein	-0.414	-0.704	-0.645	-0.008	-0.698	-0.850	-1.342	-1.192	-1.365	-0.039	0.621	-0.909	0.155	-0.072	0.215	0.752	0.424	-0.269	0.903	0.584	-0.949	0.424	-0.250
SyringaeB728a_mexBdelta	Psyr_2122	Psyr_2122		protocatechuate 3,4-dioxygenase, beta subunit	-0.397	0.713	-0.408	1.010	0.068	-0.538	-0.199	-0.634	-0.432	-0.113	0.019	-0.619	0.390	-0.424	-0.178	0.314	1.141	0.213	-0.498	1.567	-0.076	-0.721	0.208
SyringaeB728a_mexBdelta	Psyr_2123	Psyr_2123		protocatechuate 3,4-dioxygenase, alpha subunit	0.482	-1.360	-2.340	-0.550	-0.233	0.366	-0.634	1.640	0.005	-0.969	0.895	0.135	0.305	1.067	0.765	-0.240	0.472	-0.487	0.238	-1.035	0.532	1.295	-0.408
SyringaeB728a_mexBdelta	Psyr_2124	Psyr_2124		Benzoate transport	0.605	-0.933	1.133	1.003	0.486	2.163	-0.223	1.973	-0.447	-0.042	0.524	0.173	1.696	1.448	-0.403	-0.662	0.058	1.499	-0.133	0.523	-0.434	-0.182	0.336
SyringaeB728a_mexBdelta	Psyr_2126	Psyr_2126		4-carboxymuconolactone decarboxylase	0.767	0.119	-0.457	0.337	0.091	-0.059	0.410	1.446	2.118	-0.769	0.477	-1.518	0.145	0.708	-2.092	-2.250	-1.004	-0.700	-0.523	-0.274	0.341	-0.848	-0.246
SyringaeB728a_mexBdelta	Psyr_2127	Psyr_2127		outer membrane porin	-0.921	-0.618	1.754	0.371	0.183	2.438	-0.694	2.184	-0.267	-0.812	1.881	-0.535	0.988	0.332	-0.835	-0.552	-0.554	0.163	-0.135	0.856	-0.385	-0.139	0.573
SyringaeB728a_mexBdelta	Psyr_2128	Psyr_2128		Protein of unknown function DUF6	-0.706	-0.611	-2.385	-0.370	0.346	0.723	-1.630	-0.174	0.647	0.852	-1.398	-0.575	-1.628	-1.252	0.692	-0.406	0.096	0.495	0.131	-0.416	0.556	-0.596	-1.204
SyringaeB728a_mexBdelta	Psyr_2129	Psyr_2129		Major facilitator superfamily	1.157	0.876	-0.424	1.023	1.188	0.586	-0.470	-0.781	-0.267	0.209	-0.337	0.673	1.441	0.217	1.020	-0.361	0.137	0.657	-0.043	1.071	0.534	-0.085	0.680
SyringaeB728a_mexBdelta	Psyr_2130	Psyr_2130		4-hydroxyphenylpyruvate dioxygenase	1.011	0.810	-0.345	0.206	1.055	0.926	0.436	1.443	-0.592	-0.123	0.648	1.356	-0.018	0.672	1.442	0.252	0.749	0.411	1.580	0.902	0.018	1.307	0.324
SyringaeB728a_mexBdelta	Psyr_2131	Psyr_2131		transcriptional regulator, TetR family	0.608	0.907	-0.770	1.439	1.081	-0.102	-0.137	-0.499	-0.322	0.369	-0.684	-0.276	-0.981	-1.673	0.886	1.892	1.310	2.170	0.945	1.492	0.464	-0.001	1.484
SyringaeB728a_mexBdelta	Psyr_2132	Psyr_2132		shikimate dehydrogenase	-0.742	0.665	1.792	1.818	1.064	-1.689	-0.809	-0.773	0.615	-0.082	-0.106	0.611	0.820	1.858	0.353	2.242	3.023	1.500	0.138	2.497	1.945	1.862	1.782
SyringaeB728a_mexBdelta	Psyr_2133	Psyr_2133		Pseudouridine synthase	-1.493	-0.839	-0.357	-0.077	-1.290	2.050	-1.260	1.323	-0.242	0.603	-1.011	0.492	-1.063	-0.010	0.401	0.437	0.510	-0.424	0.389	0.632	1.628	0.726	-0.309
SyringaeB728a_mexBdelta	Psyr_2135	Psyr_2135		molybdenum cofactor guanylyltransferase	0.269	0.088	1.079	-0.827	-0.201	3.079	0.163	2.655	0.174	0.446	2.336	-0.445	0.173	0.593	-0.992	-0.021	0.448	0.593	0.804	0.424	0.314	-1.015	0.390
SyringaeB728a_mexBdelta	Psyr_2136	Psyr_2136		Molybdenum cofactor biosynthesis protein	0.268	-0.626	0.581	-0.085	1.247	0.791	-0.118	0.045	0.630	0.424	0.818	1.581	-0.607	-1.407	-0.862	0.598	0.939	0.080	-0.897	0.538	-0.689	0.775	0.127
SyringaeB728a_mexBdelta	Psyr_2137	Psyr_2137		molybdopterin molybdochelatase	-0.555	-0.856	-0.428	0.310	0.144	2.365	-0.420	0.792	-1.719	-0.342	0.627	0.869	0.699	0.495	-0.338	0.765	0.089	-0.162	0.321	-1.523	-0.182	-0.990	-0.207
SyringaeB728a_mexBdelta	Psyr_2138	Psyr_2138		Glycosyl transferase, family 2	0.521	-0.088	0.178	0.572	0.803	1.014	1.118	1.919	0.105	1.503	-1.698	-0.088	-0.458	0.006	0.209	0.091	0.201	0.092	0.726	1.425	-0.696	0.256	-0.020
SyringaeB728a_mexBdelta	Psyr_2139	Psyr_2139		Kef-type potassium/proton antiporter, CPA2 family	0.683	0.296	1.190	-0.565	1.160	0.351	-0.329	0.965	2.540	-0.468	1.323	-0.207	-0.193	-0.031	-1.169	-1.333	-0.189	-1.512	-1.411	-0.621	-1.242	-0.856	-1.543
SyringaeB728a_mexBdelta	Psyr_2140	Psyr_2140		conserved hypothetical protein	-0.697	-1.047	-2.030	-0.974	-1.112	0.299	-0.379	-1.605	-1.206	-1.465	-0.426	-2.488	-0.521	0.323	0.193	-0.672	-0.634	1.595	-1.836	-1.053	0.290	0.430	-0.997
SyringaeB728a_mexBdelta	Psyr_2141	Psyr_2141		hypothetical protein	0.043	-0.786	-1.201	-0.621	-0.620	-0.520	0.197	-0.162	0.023	-0.547	-0.239	0.370	-0.037	-3.996	-1.841	0.197	-3.656	-0.552	0.722	-0.784	0.054	-1.002	-0.632
SyringaeB728a_mexBdelta	Psyr_2142	Psyr_2142		FecR protein	-0.707	-1.376	-0.397	-0.019	-1.752	-1.282	-0.874	-0.060	-0.286	-0.143	0.153	0.094	-0.143	-1.907	0.339	-0.254	-0.179	0.261	0.358	0.147	1.370	-0.042	0.357
SyringaeB728a_mexBdelta	Psyr_2144	Psyr_2144		conserved hypothetical protein	-2.231	-1.667	-2.736	-1.149	-1.934	-0.660	-0.922	-2.400	-2.987	-2.463	-2.529	-1.564	0.384	-0.863	-0.528	-1.787	-2.008	-1.868	-3.744	-1.681	-2.450	-2.597	-2.832
SyringaeB728a_mexBdelta	Psyr_2146	Psyr_2146		methionine aminopeptidase, type I	0.030	-0.926	0.692	0.066	1.624	0.873	1.366	0.813	0.146	0.741	-0.225	0.208	-0.048	-0.554	0.778	-0.712	-0.495	-0.355	-0.496	-0.176	0.043	-0.272	-0.222
SyringaeB728a_mexBdelta	Psyr_2147	Psyr_2147		conserved hypothetical protein	0.836	0.941	-2.394	0.500	0.474	0.001	0.795	0.750	1.269	-0.715	2.601	-1.065	0.132	-0.795	0.744	-0.549	-0.378	0.817	-1.352	0.646	0.118	-0.769	-0.078
SyringaeB728a_mexBdelta	Psyr_2148	Psyr_2148		Deoxyribonuclease I	-1.385	0.872	-1.145	0.078	-0.270	1.229	-1.041	0.892	-0.083	0.117	-0.347	-0.114	-0.150	-1.577	0.350	0.794	-0.734	0.244	0.399	0.514	0.328	-0.890	0.173
SyringaeB728a_mexBdelta	Psyr_2149	Psyr_2149		conserved hypothetical protein	-0.179	1.419	1.033	0.706	1.268	0.477	2.023	1.372	0.418	-0.556	0.184	0.421	-1.122	-1.483	0.310	1.493	0.683	1.261	2.679	0.887	0.266	1.274	1.176
SyringaeB728a_mexBdelta	Psyr_2150	Psyr_2150		protein of unknown function DUF903	-0.658	-0.870	0.043	0.290	1.233	0.459	0.720	0.439	1.225	-0.244	0.116	0.391	-1.139	-3.486	-0.458	-0.345	-0.082	1.257	0.157	0.414	0.008	0.153	1.296
SyringaeB728a_mexBdelta	Psyr_2152	Psyr_2152		monosaccharide ABC transporter ATP-binding protein, CUT2 family	-1.113	-1.606	-1.739	-1.509	-0.683	-1.038	-0.445	-1.396	-1.350	-1.215	-1.194	-1.247	-0.238	-0.941	-0.077	0.007	-0.293	-0.007	1.107	-0.465	-1.269	-1.058	-1.358
SyringaeB728a_mexBdelta	Psyr_2153	Psyr_2153		monosaccharide ABC transporter membrane protein, CUT2 family	-2.801	0.161	-0.934	-1.031	-0.716	1.919	-0.488	-1.406	-1.749	1.900	-0.640	-3.379	0.444	1.098	-0.015	0.336	-0.571	-0.214	0.624	0.088	-1.022	0.275	0.443
SyringaeB728a_mexBdelta	Psyr_2154	Psyr_2154		transcriptional regulator, LacI family	-0.309	-2.546	-1.252	-0.519	-1.400	1.496	-1.250	-1.159	-0.807	-0.465	-1.447	-2.803	-0.797	-0.938	-1.201	0.345	-0.599	-1.415	-1.064	-1.361	-3.141	-0.886	-2.281
SyringaeB728a_mexBdelta	Psyr_2155	Psyr_2155		Carbohydrate kinase, PfkB	0.494	0.146	0.280	0.518	-0.173	1.356	-0.352	0.065	0.030	0.226	1.520	-0.880	-0.223	-0.741	-0.275	0.223	0.042	1.195	0.494	0.505	0.519	0.993	-0.400
SyringaeB728a_mexBdelta	Psyr_2157	Psyr_2157		Inosine/uridine-preferring nucleoside hydrolase	1.160	-0.072	2.135	1.388	2.747	2.081	0.155	0.684	1.077	0.355	2.285	1.342	-0.747	0.002	1.701	0.592	0.924	-0.207	1.160	1.417	0.110	1.523	-0.123
SyringaeB728a_mexBdelta	Psyr_2169	Psyr_2169		transcriptional regulator, MerR family	-0.887	0.978	-0.321	1.040	-0.104	-0.470	-2.075	-1.894	0.477	-0.104	1.065	-0.907	-0.474	0.940	0.254	1.201	0.664	1.442	0.980	2.052	1.861	0.638	0.876
SyringaeB728a_mexBdelta	Psyr_2170	Psyr_2170		L-glutamate-binding protein / L-aspartate-binding protein	-1.785	-1.883	-1.997	-0.968	-0.072	-2.506	-1.659	-2.981	-1.177	-1.013	-1.879	-2.662	-2.205	-3.490	0.501	-0.252	-0.562	-0.481	-1.758	-0.512	-0.935	0.154	0.820
SyringaeB728a_mexBdelta	Psyr_2171	Psyr_2171		HpcH/HpaI aldolase	0.476	-0.077	0.523	0.281	0.770	0.781	1.445	-0.604	0.432	-0.330	-0.327	0.544	0.817	-0.789	-1.368	-1.079	-0.421	-1.523	-0.971	-1.037	-0.002	0.510	-0.096
SyringaeB728a_mexBdelta	Psyr_2172	Psyr_2172		conserved hypothetical protein	-2.093	-0.870	-1.526	-0.021	-0.424	-0.743	0.366	-1.187	-0.489	-0.736	-0.127	-2.509	-0.076	-1.192	0.413	-0.061	0.409	-1.439	-0.304	0.541	-0.062	-0.774	-1.238
SyringaeB728a_mexBdelta	Psyr_2173	Psyr_2173		Electron transfer flavoprotein, alpha subunit	-1.627	0.058	-0.268	-1.695	-1.238	1.568	0.439	-1.851	0.191	0.316	-0.035	-1.515	1.636	1.729	0.046	-0.695	-1.023	-0.345	0.332	0.546	-0.131	-0.434	-1.342
SyringaeB728a_mexBdelta	Psyr_2175	Psyr_2175		L-carnitine dehydratase/bile acid-inducible protein F	-1.128	0.368	-2.071	0.628	-0.261	0.363	-0.939	-0.298	-0.902	-0.066	-2.378	-0.934	-2.432	-0.373	0.620	1.226	0.191	2.123	1.482	1.336	0.305	1.148	2.012
SyringaeB728a_mexBdelta	Psyr_2176	Psyr_2176		Acyl-CoA dehydrogenase, C-terminal:Acyl-CoA dehydrogenase, central region:Acyl-CoA dehydrogenase, N-terminal	0.784	1.313	0.374	0.464	0.752	-0.759	0.681	0.228	-0.292	1.563	0.336	-0.543	0.568	0.282	0.308	0.543	1.338	0.491	0.585	0.385	0.004	0.149	1.121
SyringaeB728a_mexBdelta	Psyr_2177	Psyr_2177		probable sulfopyruvate decarboxylase	2.034	0.486	0.822	0.783	-1.329	1.222	0.367	0.929	0.410	1.776	2.065	0.977	0.920	0.945	-0.089	-0.638	-0.504	0.045	0.625	-0.359	0.192	-0.704	-0.774
SyringaeB728a_mexBdelta	Psyr_2178	Psyr_2178		conserved hypothetical protein	0.170	1.534	0.260	0.063	-0.140	-1.974	0.346	0.043	0.131	-0.422	0.425	0.419	1.374	1.556	-0.361	-0.346	-1.468	-0.278	-0.828	-0.743	-0.640	0.267	-1.439
SyringaeB728a_mexBdelta	Psyr_2179	Psyr_2179		General substrate transporter:Major facilitator superfamily	-0.947	0.273	-0.538	0.243	-0.258	-0.109	-0.922	0.039	-0.739	0.121	-0.363	0.332	-0.193	0.640	-0.414	-0.637	-0.349	-0.878	-1.147	-0.865	-0.784	-0.251	-1.319
SyringaeB728a_mexBdelta	Psyr_2180	Psyr_2180		transcriptional regulator, LysR family	1.437	0.674	-0.829	-0.021	0.395	-0.281	-0.015	0.537	-0.259	0.996	0.343	-0.129	-0.173	-1.250	-1.481	-0.391	-1.513	-1.678	-1.165	-1.541	-1.008	-1.756	-1.362
SyringaeB728a_mexBdelta	Psyr_2181	Psyr_2181		Major facilitator superfamily	-1.400	-2.275	-2.428	-0.955	-0.311	0.537	-1.793	-0.797	0.590	-1.646	-1.444	-0.506	-1.193	-1.726	-0.645	0.565	0.397	0.276	-0.271	0.515	-0.076	0.439	-0.310
SyringaeB728a_mexBdelta	Psyr_2182	Psyr_2182		hypothetical protein	-2.762	-3.376	-2.541	-2.131	-2.672	0.749	-1.574	-3.614	-2.952	-2.915	-3.940	-6.151	-3.569	-3.166	-0.302	-1.816	-2.564	-1.272	0.243	-1.622	-1.188	-0.267	-0.111
SyringaeB728a_mexBdelta	Psyr_2183	Psyr_2183		transcriptional regulator, GntR family	-1.005	0.009	-1.710	-1.738	-0.638	1.130	-1.085	0.043	-0.351	-0.115	-1.304	-1.640	1.223	1.190	0.129	-0.234	0.521	-0.393	-0.129	-0.395	-0.039	-0.117	-0.194
SyringaeB728a_mexBdelta	Psyr_2184	Psyr_2184		Short-chain dehydrogenase/reductase SDR	-1.605	-1.719	-1.332	-1.389	-1.655	-2.168	0.177	-0.791	-0.899	-0.358	-2.076	-2.011	-1.682	-1.411	-1.127	-1.065	-0.704	-1.996	0.616	-0.269	-0.877	-0.306	-0.551
SyringaeB728a_mexBdelta	Psyr_2185	Psyr_2185		Prokaryotic protein of unknown function DUF849	-1.458	-0.289	-1.147	-0.716	-1.507	1.249	1.216	0.171	1.723	1.326	-0.734	1.339	-0.029	0.542	0.354	0.695	0.443	-0.063	-0.487	0.027	0.338	0.276	0.459
SyringaeB728a_mexBdelta	Psyr_2186	Psyr_2186		Senescence marker protein-30 (SMP-30)	-1.674	0.107	-0.486	0.224	-0.824	0.349	-1.523	0.646	-0.961	0.815	-1.479	-0.380	-0.301	0.987	0.460	-0.206	-0.682	-1.290	-0.664	-0.515	-0.370	0.798	-0.504
SyringaeB728a_mexBdelta	Psyr_2187	Psyr_2187		General substrate transporter:Major facilitator superfamily	0.302	0.135	0.167	1.141	0.910	-0.757	0.375	0.924	0.874	1.961	2.050	0.371	1.000	1.086	0.522	1.313	0.590	1.307	0.440	-0.921	-1.008	0.098	0.326
SyringaeB728a_mexBdelta	Psyr_2188	Psyr_2188		Histidine kinase, HAMP region:Bacterial chemotaxis sensory transducer:CHASE3	-0.640	-1.302	-1.850	1.158	0.249	-0.570	0.148	-1.405	0.111	-0.593	-1.283	-1.118	-0.233	-3.196	0.294	-0.850	-0.509	-1.532	-0.900	-0.426	-2.410	0.682	-0.166
SyringaeB728a_mexBdelta	Psyr_2189	Psyr_2189		transcriptional regulator, ArsR family	-0.740	0.636	-1.106	-0.723	-1.096	0.710	-0.752	-1.947	-0.580	-1.118	-0.273	-0.165	-1.830	-0.689	-1.167	-0.356	-0.093	-0.958	-1.866	-1.693	-0.415	-0.171	-0.402
SyringaeB728a_mexBdelta	Psyr_2191	Psyr_2191		RND efflux system, outer membrane lipoprotein, NodT	0.706	-0.717	-0.265	-0.844	-1.053	-1.125	-0.623	-0.313	-1.514	-0.409	-0.431	0.219	1.223	0.405	0.993	1.105	0.301	-0.344	0.464	1.604	1.308	0.684	0.792
SyringaeB728a_mexBdelta	Psyr_2192	Psyr_2192		transcriptional regulator, TetR family	-1.698	-0.232	-0.395	-1.577	0.220	0.324	-0.823	-1.447	-0.966	-0.506	1.154	-1.873	-1.549	-2.171	-0.511	-0.421	-1.594	0.447	-1.500	0.061	-1.586	-0.773	-1.333
SyringaeB728a_mexBdelta	Psyr_2193	Psyr_2193		Secretion protein HlyD	-0.736	1.843	-0.923	-0.205	0.684	1.661	-0.812	-1.083	0.715	-0.033	-0.614	-0.902	-0.589	0.196	0.522	0.758	0.824	0.816	-1.401	-0.733	-0.909	-0.255	0.420
SyringaeB728a_mexBdelta	Psyr_2194	Psyr_2194		Acriflavin resistance protein	-0.230	-2.332	-0.189	-0.056	-0.925	-2.568	-0.478	0.094	0.735	-0.159	-1.057	-2.264	2.169	0.259	-0.449	0.654	-0.489	0.321	1.089	-0.339	1.194	0.975	0.388
SyringaeB728a_mexBdelta	Psyr_2195	Psyr_2195		Urease accessory protein UreD	0.147	-1.043	-1.146	-1.015	-0.085	2.080	-0.989	-0.887	-2.997	0.381	-0.619	-0.038	-0.524	1.434	1.113	0.449	-1.820	0.821	-0.351	-0.401	-0.086	-0.017	-0.175
SyringaeB728a_mexBdelta	Psyr_2196	Psyr_2196		Urease accessory protein UreG	-0.718	0.689	-0.934	-0.480	-2.054	-1.696	-0.743	-0.184	-1.244	-0.630	-0.712	-1.103	-0.241	0.926	-2.328	-0.698	0.044	0.038	0.364	0.536	-0.383	-0.017	0.479
SyringaeB728a_mexBdelta	Psyr_2197	Psyr_2197		urease, Metallo peptidase, MEROPS family M38	-0.290	1.271	-1.096	0.358	1.169	0.085	-1.192	0.755	-1.879	-0.978	0.507	-0.104	1.040	-0.182	-1.220	0.652	-1.707	-0.454	0.040	0.121	-0.993	-1.345	-1.387
SyringaeB728a_mexBdelta	Psyr_2199	Psyr_2199		Urease accessory protein UreF	-0.290	-0.554	1.383	1.167	0.210	-0.216	-0.219	0.480	0.528	0.015	0.852	0.194	-0.704	-0.828	0.581	-0.134	0.287	-0.027	0.385	-0.196	0.373	-0.015	0.021
SyringaeB728a_mexBdelta	Psyr_2201	Psyr_2201		amino acid/amide ABC transporter ATP-binding protein 2, HAAT family	0.666	-0.510	-0.903	-0.586	0.151	-2.450	-0.202	-0.721	-0.892	-0.485	-0.275	-1.150	0.379	-0.781	-0.921	0.063	0.190	-1.109	0.523	-0.068	-0.588	-0.098	-0.048
SyringaeB728a_mexBdelta	Psyr_2202	Psyr_2202		ABC transporter	-0.032	-1.184	0.370	-0.032	-0.050	2.277	0.054	-0.914	0.730	0.668	0.231	0.235	-1.173	-1.247	0.068	2.329	0.827	-0.010	0.811	0.547	1.692	1.434	1.584
SyringaeB728a_mexBdelta	Psyr_2203	Psyr_2203		amino acid/amide ABC transporter membrane protein 2, HAAT family	-1.486	-0.296	-2.973	-1.007	-0.921	-1.113	-0.408	-1.292	-1.741	0.266	-0.419	-0.300	-0.956	-1.397	-0.316	0.752	-0.592	0.411	-0.023	0.192	0.055	0.015	0.066
SyringaeB728a_mexBdelta	Psyr_2204	Psyr_2204		amino acid/amide ABC transporter membrane protein 1, HAAT family	0.379	0.369	-0.296	-1.118	-0.408	0.361	-0.489	-0.983	0.277	-0.563	-0.501	-0.290	-1.324	-0.958	-1.281	-1.139	-1.818	-1.869	-1.685	-2.431	-2.028	-1.135	-1.533
SyringaeB728a_mexBdelta	Psyr_2205	Psyr_2205		amino acid/amide ABC transporter substrate-binding protein, HAAT family	0.189	-0.001	1.210	1.645	0.841	0.485	-0.963	-0.047	1.178	-0.344	-0.829	0.744	1.632	1.035	0.169	-0.084	1.284	0.598	-0.130	0.649	-1.513	0.187	0.127
SyringaeB728a_mexBdelta	Psyr_2206	Psyr_2206		amino acid/amide ABC transporter substrate-binding protein, HAAT family	-1.891	-0.769	0.391	0.129	-1.281	-0.495	0.508	-0.907	0.007	0.264	-1.190	-0.255	-0.971	-1.702	-0.432	-0.012	-0.514	-0.659	0.591	0.270	0.321	0.729	-0.004
SyringaeB728a_mexBdelta	Psyr_2208	Psyr_2208		Amidase	0.423	0.693	2.641	0.538	1.050	0.023	-1.007	1.528	0.916	1.191	1.017	1.225	1.707	1.804	0.137	-1.087	-1.253	-1.420	-1.441	-0.062	-0.465	0.930	-0.263
SyringaeB728a_mexBdelta	Psyr_2209	Psyr_2209		ABC transporter, substrate-binding protein, aliphatic sulfonate	0.275	-0.998	0.670	-0.047	-0.161	1.023	0.643	0.301	0.374	1.337	0.422	-0.961	0.179	1.084	-0.780	-1.673	-1.330	-1.309	-1.416	-0.832	-0.700	-0.906	-1.595
SyringaeB728a_mexBdelta	Psyr_2210	Psyr_2210		D-isomer specific 2-hydroxyacid dehydrogenase, NAD-binding protein	-1.896	-1.383	-0.008	-0.785	-1.112	-2.017	0.265	-0.299	-0.963	-1.880	-1.969	-0.580	-1.044	-0.449	0.277	1.064	0.645	0.172	-1.572	-1.063	-0.893	0.365	-0.099
SyringaeB728a_mexBdelta	Psyr_2211	Psyr_2211		monooxygenase, NtaA/SnaA/SoxA family	2.611	0.047	2.161	1.267	0.401	0.006	1.889	-0.057	-0.523	1.533	0.113	0.442	-0.363	-0.220	0.599	0.620	0.580	0.726	0.657	0.074	0.656	0.278	0.945
SyringaeB728a_mexBdelta	Psyr_2212	Psyr_2212		Arginase/agmatinase/formiminoglutamase	-1.148	-0.497	-0.766	-0.163	-0.969	1.472	-0.355	0.136	-0.226	-0.247	-0.726	-1.891	-2.325	-1.107	0.439	0.971	2.174	-0.700	0.139	1.002	1.270	0.478	0.890
SyringaeB728a_mexBdelta	Psyr_2213	Psyr_2213		transcriptional regulator, AraC family	-0.423	-1.036	-2.150	0.460	-1.940	-1.495	-0.071	-1.519	-1.092	-0.048	-1.836	-0.149	-0.135	0.769	1.329	1.553	0.040	0.916	1.897	0.034	1.408	0.765	1.584
SyringaeB728a_mexBdelta	Psyr_2214	Psyr_2214		PAS	-1.070	-0.225	-1.665	-0.349	-1.190	-1.869	-1.044	-0.276	0.221	-0.454	-1.588	-2.391	0.204	-1.503	-0.720	-0.050	-0.743	-0.530	-1.420	-1.918	-1.917	-0.949	-0.907
SyringaeB728a_mexBdelta	Psyr_2215	Psyr_2215		CheW-like protein	0.074	1.101	0.990	0.647	-0.418	-0.651	1.029	-0.447	0.145	0.457	0.536	0.931	1.107	0.368	-1.312	-1.907	0.910	-0.323	-1.055	-0.987	-0.025	-1.048	-0.595
SyringaeB728a_mexBdelta	Psyr_2218	Psyr_2218		Beta-lactamase-like protein	-0.347	0.279	-0.044	-1.068	-0.315	1.074	-1.392	1.019	1.074	1.384	0.192	0.619	0.884	-0.094	-0.108	-0.928	-0.650	-0.445	-0.001	0.101	0.212	-0.575	-0.889
SyringaeB728a_mexBdelta	Psyr_2219	Psyr_2219		transcriptional regulator, LysR family	1.278	1.296	0.306	0.523	0.733	2.330	0.401	0.651	1.241	0.431	0.850	1.490	-0.393	-1.913	-0.142	0.612	0.712	0.315	0.192	-0.457	-0.344	0.340	0.960
SyringaeB728a_mexBdelta	Psyr_2220	Psyr_2220		Histidine kinase, HAMP region:Cache:Bacterial chemotaxis sensory transducer	-1.207	-0.483	-1.132	-0.521	-0.564	-0.623	-0.434	-0.431	0.166	-0.271	-1.235	-1.089	-1.310	-0.841	-0.690	-0.096	-0.199	-1.605	-0.500	-0.756	-0.805	-0.386	-1.067
SyringaeB728a_mexBdelta	Psyr_2221	Psyr_2221		sarcosine oxidase, gamma subunit	0.008	-0.409	0.986	-0.189	0.816	0.941	1.116	1.038	0.194	0.335	-0.119	0.566	-0.998	0.178	0.819	-0.086	-0.082	-1.132	-0.875	0.564	-0.730	-1.014	-2.809
SyringaeB728a_mexBdelta	Psyr_2222	Psyr_2222		aminomethyltransferase	0.868	0.283	-0.240	-0.169	0.445	-0.902	-0.164	0.447	-0.387	-1.252	1.585	1.239	0.025	0.585	-2.140	-0.539	-0.945	-1.417	-1.419	-1.192	-1.757	-1.356	-1.596
SyringaeB728a_mexBdelta	Psyr_2224	Psyr_2224		FAD dependent oxidoreductase	1.305	1.040	1.367	-0.661	-0.434	-0.960	0.968	-0.690	0.588	0.682	0.098	0.013	2.199	0.214	0.208	1.439	1.153	0.985	0.712	2.036	-0.285	1.457	0.859
SyringaeB728a_mexBdelta	Psyr_2225	Psyr_2225		methenyltetrahydrofolate cyclohydrolase / 5,10-methylenetetrahydrofolate dehydrogenase (NADP+)	-0.889	0.382	-1.347	-1.867	-0.072	0.352	-2.789	0.338	-0.517	-1.805	-2.921	-0.954	0.119	-0.281	0.492	0.245	-0.361	0.248	0.155	-0.086	0.020	-0.506	-0.050
SyringaeB728a_mexBdelta	Psyr_2226	Psyr_2226		formyltetrahydrofolate deformylase	0.961	-0.460	-0.046	-0.390	1.235	-0.606	1.100	-0.460	0.712	1.855	0.831	0.191	-2.507	-1.931	1.539	-0.318	2.073	1.065	0.272	1.699	0.555	0.706	0.279
SyringaeB728a_mexBdelta	Psyr_2227	Psyr_2227		conserved hypothetical protein	-0.288	-1.531	-0.351	-0.911	1.921	0.406	0.511	-1.149	-1.360	-1.475	-0.969	-1.989	-1.156	-1.281	0.493	-1.235	-0.296	-0.847	0.081	0.301	0.080	0.266	0.217
SyringaeB728a_mexBdelta	Psyr_2228	Psyr_2228		conserved hypothetical protein	-1.059	0.710	-1.786	-0.553	0.011	-0.735	0.311	0.330	-1.054	-0.086	-0.493	-0.110	1.423	0.283	-0.014	-0.574	-0.158	-0.367	0.142	-1.879	-1.075	-0.666	0.460
SyringaeB728a_mexBdelta	Psyr_2229	Psyr_2229		TonB-dependent siderophore receptor	-1.880	-1.472	-0.391	-0.595	-2.379	-0.547	-1.511	0.188	-0.512	-1.332	-1.823	-0.931	1.567	-0.206	-0.609	-0.940	-1.113	-0.644	-1.272	-0.486	-1.018	-1.055	-0.108
SyringaeB728a_mexBdelta	Psyr_2230	Psyr_2230		Mn2+/Fe2+ transporter, NRAMP family	-1.540	0.035	-1.571	-0.756	-0.308	-0.286	-0.768	-0.741	-0.056	0.173	-1.675	-0.758	-0.225	-0.043	-0.389	0.217	-0.466	-0.810	-0.509	0.396	-1.586	-0.553	0.412
SyringaeB728a_mexBdelta	Psyr_2231	Psyr_2231		Nitrilase/cyanide hydratase and apolipoprotein N-acyltransferase	0.460	0.753	0.271	0.395	0.063	0.035	0.132	-0.490	0.902	1.838	-1.660	-0.391	0.472	0.889	-0.849	0.264	0.143	1.755	-1.126	-0.228	-0.437	1.134	0.056
SyringaeB728a_mexBdelta	Psyr_2232	Psyr_2232		Major facilitator superfamily	0.040	0.443	-0.646	-0.890	-1.233	-0.717	0.294	-0.891	-0.251	-1.301	0.007	0.027	-0.951	-1.216	-0.832	-0.724	-0.012	-0.423	-2.532	-0.287	0.254	-0.454	-0.473
SyringaeB728a_mexBdelta	Psyr_2235	Psyr_2235		gluconolactonase	-1.014	-0.358	1.294	0.489	0.482	-0.503	-0.937	-0.009	-0.072	0.845	-0.015	-0.927	-0.298	-0.322	0.318	0.479	-0.210	-0.620	-0.779	-0.212	-0.147	-0.674	0.259
SyringaeB728a_mexBdelta	Psyr_2236	Psyr_2236		Protein of unknown function DUF1206	1.476	0.016	0.742	0.800	0.208	2.564	-0.992	0.024	0.882	0.507	0.464	0.163	-1.226	0.267	0.166	2.609	0.762	1.329	1.173	-0.564	-0.399	1.237	0.233
SyringaeB728a_mexBdelta	Psyr_2237	Psyr_2237		Histidine kinase, HAMP region:Bacterial chemotaxis sensory transducer	1.740	-1.792	-0.198	1.291	-0.453	0.995	0.810	-1.868	0.347	-0.964	-1.098	1.073	1.245	0.827	0.141	-0.691	1.044	-0.481	-0.159	0.061	-0.128	-0.635	0.403
SyringaeB728a_mexBdelta	Psyr_2238	Psyr_2238		monosaccharide ABC transporter substrate-binding protein, CUT2 family	-0.191	0.843	0.064	0.661	-0.525	1.015	-0.469	-0.472	-0.037	-2.767	0.444	-1.187	-0.913	0.891	1.394	0.142	-0.376	0.227	0.059	1.345	0.150	0.921	1.289
SyringaeB728a_mexBdelta	Psyr_2239	Psyr_2239		DNA/RNA non-specific endonuclease	-0.547	-0.171	-1.595	-1.453	-0.468	0.182	0.899	-0.135	-0.388	-0.477	0.052	-0.109	-0.759	-1.813	-1.980	-2.872	-1.384	-1.980	-0.709	-0.910	-2.477	-2.498	-1.388
SyringaeB728a_mexBdelta	Psyr_2240	Psyr_2240		Histidine kinase, HAMP region:Bacterial chemotaxis sensory transducer	-0.462	-0.607	-0.324	-1.052	0.047	0.814	-0.638	-2.002	-0.133	0.053	-0.897	-0.193	-0.334	-0.865	-0.373	-1.797	-0.139	-1.239	-2.044	-0.110	-1.606	-0.355	-1.439
SyringaeB728a_mexBdelta	Psyr_2241	Psyr_2241		methyl-accepting chemotaxis sensory transducer	0.266	0.614	0.414	0.473	-0.147	-0.323	0.112	-0.997	-0.255	-1.011	1.077	1.205	0.813	1.720	0.118	-0.015	0.626	-0.246	0.404	0.120	-0.682	0.406	-0.394
SyringaeB728a_mexBdelta	Psyr_2242	Psyr_2242		conserved hypothetical protein	-0.869	-1.112	-1.264	-0.487	-0.062	-2.292	0.773	-0.764	-0.034	-0.978	0.532	-0.719	0.738	-0.969	0.823	0.730	0.345	0.245	0.683	1.470	0.723	0.860	0.626
SyringaeB728a_mexBdelta	Psyr_2243	Psyr_2243		Endoribonuclease L-PSP	0.272	0.040	-0.782	-0.395	0.817	0.462	-0.469	0.509	0.132	1.832	-0.195	-0.625	1.156	-0.493	-0.537	-1.263	1.141	0.235	-1.225	-0.185	-1.283	-1.203	-0.817
SyringaeB728a_mexBdelta	Psyr_2244	Psyr_2244		DNA topoisomerase III	0.906	-0.478	-0.579	0.169	0.140	-0.486	1.150	0.885	1.206	0.547	-0.887	-0.735	1.529	1.233	-2.082	-0.570	0.553	1.399	-1.547	0.284	-1.144	-0.177	-0.902
SyringaeB728a_mexBdelta	Psyr_2245	Psyr_2245		conserved domain protein	-1.097	0.216	-0.772	-0.339	-0.578	-0.914	-1.107	-0.286	-0.725	-0.734	-0.088	0.676	-1.164	-1.980	-0.666	-0.257	0.605	-0.385	-0.745	0.550	-0.943	-0.946	0.143
SyringaeB728a_mexBdelta	Psyr_2246	Psyr_2246		Histidine kinase, HAMP region:Cache:Bacterial chemotaxis sensory transducer	-2.271	-1.691	-1.096	-1.765	-1.032	0.050	-0.039	-1.584	-1.228	-0.742	-2.125	-1.376	-0.000	0.207	-1.165	-0.024	-0.197	0.049	0.297	-0.790	-1.077	-0.688	0.540
SyringaeB728a_mexBdelta	Psyr_2248	Psyr_2248		Phosphonate-binding periplasmic protein	0.075	-0.010	1.529	0.765	-0.678	1.878	1.304	0.485	-1.756	0.029	-0.188	0.133	-1.529	-1.474	0.701	0.054	0.573	0.291	0.922	0.500	-0.015	-0.120	-0.481
SyringaeB728a_mexBdelta	Psyr_2249	Psyr_2249		Binding-protein-dependent transport systems inner membrane component	-1.080	-3.086	-0.025	-1.213	-1.791	-0.828	-1.021	-0.153	-2.339	-1.472	-0.842	-1.775	-0.411	0.291	-1.051	0.723	-0.900	-0.311	-0.739	0.332	0.204	0.141	0.249
SyringaeB728a_mexBdelta	Psyr_2250	Psyr_2250		transcriptional regulator, GntR family	-1.301	-0.111	0.157	0.704	0.001	-0.070	0.058	-1.137	-0.317	-0.210	0.336	-0.890	1.415	-0.383	-0.976	-1.083	-0.851	-0.359	-1.262	-1.025	-2.112	-0.206	-2.362
SyringaeB728a_mexBdelta	Psyr_2253	Psyr_2253		Phosphonate metabolism	0.460	0.576	1.812	0.280	0.827	1.837	2.808	1.883	0.540	0.712	2.749	0.509	-0.751	-0.067	-0.207	-1.022	0.502	0.052	0.320	-0.444	-1.144	-1.324	-0.893
SyringaeB728a_mexBdelta	Psyr_2254	Psyr_2254		Phosphonate metabolism PhnJ	-0.121	-0.025	2.009	-0.946	-0.691	1.453	1.418	-0.975	1.250	-0.951	-0.410	-0.808	0.291	1.626	0.321	-0.043	1.602	0.695	-0.771	0.287	-0.970	0.494	-0.210
SyringaeB728a_mexBdelta	Psyr_2255	Psyr_2255		ABC transporter	-0.423	0.272	1.487	0.478	0.289	-0.266	1.324	-1.234	-0.174	-0.179	0.564	-0.204	-1.392	-1.311	-1.526	-1.567	-1.172	-0.931	-1.097	-0.961	-0.865	0.211	-1.531
SyringaeB728a_mexBdelta	Psyr_2256	Psyr_2256		ABC transporter	-0.448	-0.588	2.009	0.109	-0.919	-0.093	0.679	-1.055	0.148	-0.222	0.572	-0.176	1.893	2.090	-0.616	0.665	0.903	-0.752	-0.346	0.517	-0.549	1.019	0.106
SyringaeB728a_mexBdelta	Psyr_2257	Psyr_2257		Amidohydrolase	-0.117	1.291	-0.666	1.424	1.275	-0.138	0.281	-1.060	1.349	-0.484	0.485	1.606	0.312	1.757	-2.009	-2.212	-3.651	-0.972	-2.877	-3.084	-3.159	-1.381	-2.788
SyringaeB728a_mexBdelta	Psyr_2260	Psyr_2260		Amidase	-0.122	-0.183	0.219	-0.459	-0.721	-0.742	0.134	-0.982	-0.078	-0.184	-0.555	-0.027	0.110	-0.035	2.179	0.362	1.201	1.224	1.199	1.599	0.991	0.278	0.873
SyringaeB728a_mexBdelta	Psyr_2261	Psyr_2261		Peptidase M20:Peptidase M20	0.701	1.249	0.596	0.336	0.618	3.375	1.003	1.365	0.666	1.420	1.314	0.803	-0.006	-0.755	0.442	-0.032	-0.279	-0.511	-1.672	0.344	-2.261	-0.985	-0.869
SyringaeB728a_mexBdelta	Psyr_2263	Psyr_2263		Oligopeptide/dipeptide ABC transporter, ATP-binding protein, C-terminal	0.662	-1.191	0.008	-1.169	-1.468	-1.358	-0.382	-1.047	-0.236	0.091	-0.449	-0.191	0.642	1.867	-0.115	-0.180	0.945	-0.365	0.023	-0.448	-1.556	0.281	-0.677
SyringaeB728a_mexBdelta	Psyr_2264	Psyr_2264		Oligopeptide/dipeptide ABC transporter, ATP-binding protein, C-terminal	-0.126	-1.796	-0.672	-2.253	0.039	-0.446	-1.062	-0.271	-1.834	-0.338	-1.610	-2.152	-0.506	0.000	0.532	-0.974	1.109	-0.433	-0.726	-0.390	0.205	-0.976	0.565
SyringaeB728a_mexBdelta	Psyr_2265	Psyr_2265		Binding-protein-dependent transport systems inner membrane component	1.320	0.240	0.561	-0.303	-0.624	-0.225	-0.936	0.033	-0.857	-1.155	0.088	-0.040	1.677	0.716	-0.524	-0.694	-1.547	0.740	0.350	0.223	-0.264	1.111	0.214
SyringaeB728a_mexBdelta	Psyr_2266	Psyr_2266		Binding-protein-dependent transport systems inner membrane component	-0.864	-0.759	0.035	-0.472	-2.917	-0.835	-0.620	-0.842	-0.771	-1.591	-1.044	-0.434	0.586	0.522	-0.181	-0.067	-0.501	0.031	-0.799	-1.222	0.590	-0.427	0.414
SyringaeB728a_mexBdelta	Psyr_2267	Psyr_2267		extracellular solute-binding protein, family 5	1.116	0.711	2.120	-0.328	1.065	2.328	-0.067	-1.207	1.227	0.484	-0.654	1.417	0.461	0.411	0.853	1.449	0.697	0.823	-0.114	0.904	1.040	-0.717	0.515
SyringaeB728a_mexBdelta	Psyr_2268	Psyr_2268		transcriptional regulator, LysR family	-0.566	-1.049	-1.601	0.807	-1.103	0.814	-0.698	0.807	0.187	1.202	-0.510	-1.408	-0.772	-0.535	0.080	-0.785	-1.026	-1.117	-0.961	-0.744	-1.763	-0.012	-1.299
SyringaeB728a_mexBdelta	Psyr_2269	Psyr_2269		GTP cyclohydrolase I	-0.522	0.418	-0.487	-0.302	-0.597	0.896	-1.484	-1.439	-0.336	0.265	-0.761	0.109	1.096	0.857	-1.390	-0.060	-0.224	-0.822	-0.936	0.902	-0.423	-0.524	-1.384
SyringaeB728a_mexBdelta	Psyr_2270	Psyr_2270		transferase hexapeptide repeat protein	0.669	0.519	-0.855	-0.179	1.511	1.884	-0.328	0.264	1.202	-0.019	0.194	-0.287	2.573	2.827	-0.799	0.757	0.549	-0.137	0.591	-0.279	0.401	-0.191	-1.379
SyringaeB728a_mexBdelta	Psyr_2271	Psyr_2271		membrane protein, putative	-0.510	-0.596	-0.522	-0.789	1.502	0.123	0.311	0.009	0.875	-0.255	0.941	0.231	2.032	1.903	-0.857	0.557	-0.734	-0.479	1.635	-0.673	-0.478	0.534	-0.482
SyringaeB728a_mexBdelta	Psyr_2272	Psyr_2272		Helix-turn-helix motif protein	1.520	0.113	1.479	-0.871	-0.035	1.531	0.575	1.807	0.261	1.013	1.119	1.262	0.249	0.674	-0.425	0.498	0.865	1.355	-0.516	0.777	-0.762	1.273	0.557
SyringaeB728a_mexBdelta	Psyr_2273	Psyr_2273		L-glutamine synthetase	-0.578	0.850	-0.222	1.043	0.451	-0.903	-1.906	0.484	-0.178	-0.474	-0.019	-0.056	-0.638	0.706	0.584	-0.361	1.726	0.321	1.018	-0.123	0.596	-0.109	-0.029
SyringaeB728a_mexBdelta	Psyr_2274	Psyr_2274		glutamate synthase (NADPH) GltB1 subunit	-0.368	0.133	1.467	1.195	-0.539	-0.724	-0.033	0.797	1.249	-0.326	1.450	0.701	1.132	-0.091	-0.762	-0.812	-1.358	-1.344	-0.196	-0.507	-1.102	-2.721	-1.242
SyringaeB728a_mexBdelta	Psyr_2275	Psyr_2275		glutamate synthase (NADPH) GltB3 subunit	-1.975	-1.067	-1.177	-2.467	-0.431	-1.082	-2.309	-2.089	-1.207	-1.781	0.056	-1.710	2.039	1.048	0.326	-0.785	-0.890	-0.246	-1.586	-0.049	-0.242	-0.952	-1.836
SyringaeB728a_mexBdelta	Psyr_2276	Psyr_2276		glutamate synthase (NADPH) GltB2 subunit	-1.177	-0.639	-0.380	-2.248	-1.045	0.805	-1.298	-0.583	0.404	0.070	-3.311	-1.229	0.976	1.796	0.090	1.970	1.475	0.839	0.758	1.897	1.578	0.729	1.539
SyringaeB728a_mexBdelta	Psyr_2277	Psyr_2277		ammonium transporter	0.443	0.299	1.506	1.379	-0.276	2.271	0.548	1.638	0.922	-0.894	0.686	1.545	1.548	2.618	-0.726	-1.192	-1.054	0.062	-2.388	-2.250	-1.585	-1.025	-1.563
SyringaeB728a_mexBdelta	Psyr_2278	Psyr_2278		luciferase	-1.117	0.508	-0.213	-0.228	-0.031	-0.704	-0.948	-0.200	0.372	-0.182	0.462	0.791	0.738	0.456	-0.748	-1.033	-0.163	-0.466	-3.099	-0.014	-0.710	-0.168	-0.978
SyringaeB728a_mexBdelta	Psyr_2279	Psyr_2279		conserved hypothetical protein	2.043	2.132	1.896	0.079	-0.490	2.908	1.125	2.368	0.829	2.087	2.944	2.237	0.873	0.773	-1.493	-2.607	-0.561	-0.173	-1.007	-0.374	-0.965	-1.507	-1.793
SyringaeB728a_mexBdelta	Psyr_2280	Psyr_2280		Alkanesulfonate monooxygenase	0.075	-0.509	2.248	0.352	0.346	-0.417	-1.034	0.706	-0.962	-0.385	0.450	0.693	1.037	0.367	0.208	0.856	1.035	0.545	0.263	1.138	-0.473	0.743	0.455
SyringaeB728a_mexBdelta	Psyr_2281	Psyr_2281		GGDEF domain protein	0.993	2.841	-0.070	0.805	-0.068	-0.013	0.913	1.219	2.416	1.948	0.492	1.524	1.089	0.620	0.612	0.889	0.301	-0.093	-1.667	0.967	-0.012	0.170	-0.765
SyringaeB728a_mexBdelta	Psyr_2282	Psyr_2282		Hydrophobe/amphiphile efflux-1 HAE1	0.533	0.943	-11.148	-0.904	-10.673	1.029	-3.247	-4.483	-1.535	-0.819	-0.429	0.017	-0.766	-0.691	-1.050	-0.581	-0.706	-1.356	-1.310	-2.437	-1.372	-0.714	-0.975
SyringaeB728a_mexBdelta	Psyr_2283	Psyr_2283		Secretion protein HlyD	-0.619	-0.173	-7.686	-1.137	-7.679	0.069	-2.528	-3.415	-1.679	-0.486	-0.031	-0.838	-0.703	0.496	-0.407	-0.295	-0.394	-0.577	-0.072	0.581	1.250	-0.093	0.011
SyringaeB728a_mexBdelta	Psyr_2285	Psyr_2285		Twin-arginine translocation pathway signal	-1.464	-0.180	2.431	-0.094	-0.032	-1.590	1.645	-0.167	-1.062	-2.099	-0.241	-1.334	-1.552	-1.931	-0.717	-1.294	-0.316	-2.306	-3.014	-0.936	-1.333	-0.263	-1.826
SyringaeB728a_mexBdelta	Psyr_2287	Psyr_2287		outer membrane transport energization protein TonB	0.862	-0.045	0.090	0.670	-0.065	2.044	1.439	1.246	0.011	-0.860	-0.344	-0.464	1.831	0.599	-0.168	-0.271	-0.055	-0.043	0.167	0.385	0.516	0.289	-1.332
SyringaeB728a_mexBdelta	Psyr_2288	Psyr_2288		outer membrane transport energization protein ExbB	0.211	0.401	0.777	1.691	0.066	0.065	0.402	0.034	-1.583	1.348	0.479	0.717	1.213	0.553	-0.181	0.236	0.019	-1.135	-1.212	-1.487	-1.725	-0.672	-0.521
SyringaeB728a_mexBdelta	Psyr_2290	Psyr_2290		TonB-dependent receptor:TonB-dependent receptor	-0.952	0.308	-2.217	-0.969	-0.515	0.147	0.030	-0.921	-0.509	-1.038	-2.334	-0.863	-0.378	-2.156	-1.624	-1.510	-1.573	-2.055	-2.416	-1.975	-2.610	-3.039	-2.394
SyringaeB728a_mexBdelta	Psyr_2291	Psyr_2291		Class II aldolase/adducin, N-terminal	0.368	1.623	0.014	0.548	0.505	0.029	0.838	-0.109	0.555	1.438	0.616	0.663	-1.037	-1.044	-0.469	-0.732	-0.079	-0.377	-0.528	0.625	-0.699	-1.430	-0.446
SyringaeB728a_mexBdelta	Psyr_2292	Psyr_2292		L-glutaminase	1.011	0.840	-0.045	1.816	-0.271	0.685	0.693	-0.490	1.093	0.291	1.137	-0.804	0.593	0.923	0.650	-0.656	-0.721	-0.351	0.958	0.370	-0.267	-0.683	-2.368
SyringaeB728a_mexBdelta	Psyr_2293	Psyr_2293		conserved hypothetical protein	1.978	-0.015	0.911	0.105	0.075	-0.151	-0.315	-0.502	0.456	0.707	0.383	1.265	0.048	0.990	0.018	0.193	0.678	-0.348	-0.938	-0.432	0.460	-0.354	-0.493
SyringaeB728a_mexBdelta	Psyr_2294	Psyr_2294		conserved hypothetical protein	-0.181	-0.732	-1.830	0.484	0.762	-1.129	-0.313	-1.587	-0.721	0.110	1.113	0.504	-2.231	-0.080	-0.554	-0.096	0.452	0.092	1.023	-0.723	0.392	1.478	-0.125
SyringaeB728a_mexBdelta	Psyr_2295	Psyr_2295		ABC transporter, transmembrane region:ABC transporter	0.401	1.201	0.821	-0.242	0.542	1.323	-0.685	0.322	1.482	-0.220	0.519	1.514	-0.226	0.368	-0.345	-1.025	-0.408	-1.110	-1.282	1.208	0.221	0.294	0.008
SyringaeB728a_mexBdelta	Psyr_2296	Psyr_2296		Aldo/keto reductase	-2.635	-0.235	-0.386	-0.215	-0.401	-1.307	0.413	-1.895	-0.868	-0.763	-0.217	-0.550	-0.860	0.519	-0.642	-2.701	-0.827	-0.851	-0.528	-0.342	-2.105	-0.859	-3.332
SyringaeB728a_mexBdelta	Psyr_2297	Psyr_2297		glucose 1-dehydrogenase	-0.390	-1.055	0.345	-2.082	-0.358	-0.524	0.649	-0.884	0.102	-1.457	-2.647	-1.130	-1.346	0.054	0.729	-0.042	-1.116	-0.608	0.753	1.598	-1.132	-0.957	1.026
SyringaeB728a_mexBdelta	Psyr_2298	Psyr_2298		Glycoside hydrolase, family 15	0.318	-0.641	0.097	1.089	0.171	0.799	-1.693	-0.168	-0.413	0.255	-0.166	0.008	1.774	1.876	1.240	0.321	0.656	0.341	1.009	0.853	0.179	0.760	0.899
SyringaeB728a_mexBdelta	Psyr_2299	Psyr_2299		hypothetical protein	0.005	-0.466	-0.994	-0.713	-1.432	-2.570	-1.010	-1.076	-0.002	-0.348	-1.342	-0.878	0.528	0.560	0.544	0.703	0.436	0.221	0.608	0.803	0.709	1.346	0.668
SyringaeB728a_mexBdelta	Psyr_2300	Psyr_2300		Conserved hypothetical protein 374	-0.616	-1.279	1.221	-1.116	0.563	-0.560	0.191	-0.238	0.113	-1.191	-0.434	0.119	-1.354	0.223	-0.673	0.653	0.700	-0.440	1.344	0.519	0.036	0.251	1.471
SyringaeB728a_mexBdelta	Psyr_2301	Psyr_2301		Short-chain dehydrogenase/reductase SDR	-0.900	-1.191	-1.586	-0.798	-0.710	-0.955	0.235	-1.376	-0.880	0.423	-0.981	-0.629	-0.157	0.096	-0.240	0.424	-0.970	-0.437	0.266	-0.191	-0.876	-0.705	-0.607
SyringaeB728a_mexBdelta	Psyr_2302	Psyr_2302		FAD linked oxidase, N-terminal	0.403	1.416	1.457	-0.559	-0.074	0.601	0.324	0.560	-0.631	0.497	-0.191	0.250	0.956	-0.257	1.236	1.539	0.436	0.329	-0.133	2.370	0.303	1.065	0.585
SyringaeB728a_mexBdelta	Psyr_2303	Psyr_2303		UbiA prenyltransferase	0.337	1.542	-0.659	0.789	1.714	0.949	0.438	-0.471	1.028	0.500	0.815	0.159	0.702	-0.971	0.424	0.114	0.200	0.125	-0.609	-0.223	-0.115	0.057	0.628
SyringaeB728a_mexBdelta	Psyr_2304	Psyr_2304		General substrate transporter:Major facilitator superfamily	-0.128	0.259	-1.351	-0.223	-0.755	1.287	-2.545	-0.288	0.072	-0.370	0.206	-0.597	-2.317	-0.143	-0.322	-0.527	-0.640	0.634	-0.291	0.762	0.137	-0.734	0.111
SyringaeB728a_mexBdelta	Psyr_2305	Psyr_2305		Natural resistance-associated macrophage protein	-2.021	-1.829	-1.385	-1.193	-0.903	1.262	-0.344	-0.030	-0.193	-0.732	-0.403	-0.043	-0.212	-1.119	0.628	0.013	-0.919	0.317	0.514	0.400	1.285	0.961	0.810
SyringaeB728a_mexBdelta	Psyr_2306	Psyr_2306		General substrate transporter:Major facilitator superfamily	0.479	0.803	-0.572	-0.115	0.426	1.408	-0.026	0.525	-0.963	0.104	0.429	0.506	0.927	-0.220	0.775	2.050	1.181	1.233	1.828	0.380	0.598	0.697	0.345
SyringaeB728a_mexBdelta	Psyr_2307	Psyr_2307		conserved hypothetical protein	0.517	0.092	0.001	0.466	0.389	-0.873	0.295	-1.820	0.941	-0.805	-0.272	0.503	-2.468	-1.815	0.190	0.340	-0.641	-1.023	-0.102	0.058	-1.271	0.600	-0.766
SyringaeB728a_mexBdelta	Psyr_2309	Psyr_2309		conserved hypothetical protein	0.069	-1.144	0.779	-1.648	-1.141	0.220	-0.626	0.707	-0.062	-1.338	0.169	-0.861	0.484	-0.276	1.094	0.331	-0.038	0.389	0.560	-0.610	-0.599	0.167	0.260
SyringaeB728a_mexBdelta	Psyr_2310	Psyr_2310		lipoprotein, putative	0.855	0.023	0.708	-0.157	0.002	0.732	2.034	0.152	1.031	-0.243	1.169	0.561	1.083	-0.085	-0.331	-0.405	0.615	0.151	0.009	-0.580	-0.516	0.235	-0.007
SyringaeB728a_mexBdelta	Psyr_2311	Psyr_2311		conserved hypothetical protein	0.604	0.739	-0.881	-0.042	-0.534	-0.983	-0.769	-0.417	-1.133	-0.832	-0.064	-1.759	-0.862	-1.493	2.121	0.025	-0.285	0.137	0.499	0.603	0.268	0.399	-0.454
SyringaeB728a_mexBdelta	Psyr_2313	Psyr_2313		peptidoglycan glycosyltransferase / cell elongation-specific peptidoglycan D,D-transpeptidase	2.103	1.143	0.341	1.404	0.948	1.185	1.908	1.280	2.578	2.019	3.067	2.105	-0.404	0.802	-1.383	-0.378	-1.325	-0.587	-0.912	-0.239	-0.553	-1.220	-1.882
SyringaeB728a_mexBdelta	Psyr_2314	Psyr_2314		pyruvate dehydrogenase (cytochrome)	0.642	0.401	-0.419	0.606	0.893	0.407	0.413	0.912	1.175	0.829	0.794	0.902	0.169	-1.639	-1.146	-1.152	-1.903	-0.330	-1.512	-0.991	-0.913	-0.857	-0.665
SyringaeB728a_mexBdelta	Psyr_2315	Psyr_2315		methyl-accepting chemotaxis sensory transducer	0.749	1.378	0.960	-0.125	0.494	-0.996	1.429	1.768	1.781	0.857	-0.029	1.840	-0.441	-1.849	0.522	0.255	0.239	0.840	0.585	-0.194	0.077	-0.444	0.351
SyringaeB728a_mexBdelta	Psyr_2317	Psyr_2317		CDS	1.029	1.015	0.932	-0.271	0.750	1.868	1.396	-0.009	0.413	0.795	-0.134	1.341	-0.441	0.848	0.141	0.960	0.944	0.128	1.027	0.395	0.223	1.115	0.435
SyringaeB728a_mexBdelta	Psyr_2318	Psyr_2318		CDS	1.231	-0.341	1.145	0.310	0.153	0.760	-0.083	0.957	0.187	-0.582	-0.574	0.653	0.866	-0.252	-1.805	0.115	0.838	0.381	-0.745	0.321	-1.183	0.422	0.210
SyringaeB728a_mexBdelta	Psyr_2320	Psyr_2320		YD repeat protein	-3.223	-2.292	-2.486	-2.589	-2.152	-1.372	-2.956	-2.788	-1.981	-2.127	-3.253	-2.087	-0.295	-3.035	-1.244	-0.424	-1.972	0.144	0.569	-0.120	-2.267	-1.022	-0.730
SyringaeB728a_mexBdelta	Psyr_2321	Psyr_2321		YD repeat protein	-3.940	-3.830	-1.818	-0.920	0.300	-3.382	-1.246	-3.678	-3.446	-2.040	-5.415	-4.776	-1.908	-1.975	-4.494	-3.008	-2.498	-2.563	-2.718	-3.260	-1.931	-3.632	-2.256
SyringaeB728a_mexBdelta	Psyr_2322	Psyr_2322		YD repeat protein	-0.747	-1.969	-1.057	-0.507	-0.573	-0.846	-1.291	-1.767	-0.681	-0.714	-2.346	-2.137	-1.898	-2.170	-1.242	-0.631	-0.657	-1.340	-0.943	-1.201	-0.707	-1.125	-0.846
SyringaeB728a_mexBdelta	Psyr_2324	Psyr_2324		conserved hypothetical protein	-0.226	1.180	0.008	-0.129	0.314	1.860	-0.758	0.136	1.928	0.450	-0.189	0.468	0.301	1.253	-0.569	0.073	0.428	-0.184	-1.222	-0.369	-0.826	-0.797	-0.824
SyringaeB728a_mexBdelta	Psyr_2325	Psyr_2325		conserved hypothetical protein	1.003	0.496	-0.711	0.103	2.269	0.767	0.731	-0.873	-0.418	0.646	-0.511	1.217	-0.435	-0.302	1.062	1.391	2.100	0.653	2.042	1.577	0.761	1.159	1.006
SyringaeB728a_mexBdelta	Psyr_2326	Psyr_2326		lipoprotein, putative	-1.946	-1.299	0.312	-1.161	0.052	0.767	0.221	-0.305	-1.745	-1.675	-1.545	-0.544	-1.516	-2.591	-1.781	-1.419	-0.366	-0.535	-2.058	-1.505	-1.828	-1.171	-1.573
SyringaeB728a_mexBdelta	Psyr_2327	Psyr_2327		GTP cyclohydrolase subunit MoaA	0.840	0.181	0.206	0.932	0.009	3.707	0.932	1.412	0.383	-1.362	1.594	0.240	0.902	0.349	-0.228	-1.685	-0.354	-0.580	-0.201	-0.692	0.350	0.327	-1.132
SyringaeB728a_mexBdelta	Psyr_2328	Psyr_2328		sodium/proton antiporter, CPA1 family	0.898	0.906	1.084	0.553	0.586	0.810	1.492	0.320	-0.566	1.019	1.319	0.760	-1.164	-0.129	1.159	-0.259	-0.412	0.546	0.885	0.547	0.506	-0.321	1.952
SyringaeB728a_mexBdelta	Psyr_2329	Psyr_2329		extracellular solute-binding protein, family 1	0.657	1.683	0.748	-0.350	0.507	-0.154	-0.077	-0.217	-0.650	-0.103	0.076	-0.160	0.483	-1.174	-0.940	0.032	-1.005	-1.147	-1.344	-0.878	-0.804	-1.150	-1.009
SyringaeB728a_mexBdelta	Psyr_2330	Psyr_2330		FAD dependent oxidoreductase	0.960	-0.256	0.578	-1.889	0.344	-0.206	-0.970	-1.260	-0.108	0.434	-1.304	0.077	-0.482	1.105	-0.111	-0.352	-0.041	0.109	-0.550	-0.215	0.468	-0.308	-0.920
SyringaeB728a_mexBdelta	Psyr_2331	Psyr_2331		FAD-dependent pyridine nucleotide-disulfide oxidoreductase:BFD-like [2Fe-2S]-binding region	0.798	0.316	1.354	1.244	-0.088	1.433	0.240	-0.488	0.217	2.334	1.374	0.298	0.248	0.387	0.694	0.669	0.927	0.264	0.490	0.820	0.249	-0.304	0.143
SyringaeB728a_mexBdelta	Psyr_2333	Psyr_2333		Binding-protein-dependent transport systems inner membrane component	0.890	0.640	-0.148	0.932	-0.133	-0.682	0.922	0.855	1.171	0.815	0.345	0.296	-1.435	-1.363	-0.416	0.107	-0.737	-0.431	-0.223	-0.805	-0.707	-0.642	-0.717
SyringaeB728a_mexBdelta	Psyr_2334	Psyr_2334		Binding-protein-dependent transport systems inner membrane component	-0.157	-1.142	-0.355	0.064	-0.924	-0.182	0.163	-2.444	-1.034	-0.198	-1.047	-1.501	-3.226	-1.387	-0.771	0.859	-0.027	0.149	-0.895	-0.239	-0.484	0.130	-0.663
SyringaeB728a_mexBdelta	Psyr_2335	Psyr_2335		ABC transporter	0.808	-0.289	1.000	-0.118	0.678	-0.100	0.347	-0.328	0.000	0.414	0.468	0.927	0.704	0.787	1.022	-0.021	0.056	0.100	0.376	-0.927	-0.227	-1.488	-0.228
SyringaeB728a_mexBdelta	Psyr_2337	Psyr_2337		conserved hypothetical protein	-0.284	0.092	-0.544	-0.207	-0.177	1.240	-1.105	0.275	0.059	1.153	0.293	0.096	-0.037	0.502	0.305	0.409	-0.346	1.538	0.924	1.422	1.349	1.723	0.946
SyringaeB728a_mexBdelta	Psyr_2338	Psyr_2338		Protein of unknown function DUF1275	0.505	1.587	0.777	1.714	-0.524	0.303	0.855	1.059	1.491	0.288	1.484	0.657	0.190	-0.597	0.092	-0.087	-0.472	-0.232	0.229	-1.472	0.179	-0.822	0.101
SyringaeB728a_mexBdelta	Psyr_2339	Psyr_2339		hypothetical protein	1.613	0.260	1.082	0.605	0.239	0.385	-0.799	-1.237	-0.160	0.318	-1.676	0.280	0.053	-0.437	0.698	0.986	-1.952	-0.314	0.531	0.535	-0.835	-0.873	-0.016
SyringaeB728a_mexBdelta	Psyr_2340	Psyr_2340		Peptidylprolyl isomerase, FKBP-type	1.238	-0.183	-0.513	0.824	0.068	0.941	-0.782	0.685	-0.206	0.271	-0.892	0.100	1.958	2.753	1.774	1.285	1.795	2.374	0.899	-0.205	2.447	1.687	1.112
SyringaeB728a_mexBdelta	Psyr_2341	Psyr_2341		conserved hypothetical protein	-0.157	0.996	-2.291	-0.699	-0.904	1.003	-1.765	0.792	-0.611	-0.996	-0.376	0.257	0.761	1.889	-0.080	0.590	1.255	-0.359	1.428	0.965	0.031	-0.672	-0.053
SyringaeB728a_mexBdelta	Psyr_2342	Psyr_2342		CBS:Transporter-associated region:Integral membrane protein TerC	1.315	1.351	-0.193	1.079	0.215	1.059	-1.217	1.614	0.071	0.942	0.116	0.316	-0.047	-0.313	-0.846	-1.497	-0.627	-2.126	-0.529	-0.631	-1.554	-0.350	-0.440
SyringaeB728a_mexBdelta	Psyr_2343	Psyr_2343		GCN5-related N-acetyltransferase	0.055	0.801	-0.137	-0.098	0.542	1.487	2.122	0.769	1.211	-0.320	1.188	0.420	0.958	1.308	-0.544	0.881	-0.137	1.112	0.091	0.839	0.602	0.265	0.224
SyringaeB728a_mexBdelta	Psyr_2344	Psyr_2344		CDS	-2.738	-0.965	-1.174	-0.838	-2.553	-0.152	-0.577	-1.899	-1.947	-2.271	-1.313	-1.488	1.122	-1.107	0.051	-0.252	-1.206	-0.291	0.796	-0.870	-0.973	-1.938	-1.261
SyringaeB728a_mexBdelta	Psyr_2345	Psyr_2345		ea59 protein	-3.838	-5.030	-2.080	-2.153	-1.316	-0.897	-1.655	-3.159	-2.893	-3.165	-3.815	-3.989	-1.414	-4.155	-2.896	-1.647	-2.601	-1.677	-2.273	-3.113	-2.160	-1.221	-2.158
SyringaeB728a_mexBdelta	Psyr_2346	Psyr_2346		conserved hypothetical protein	-2.300	-3.193	-1.348	-1.229	-0.995	-0.030	-0.775	-2.491	-2.060	-1.868	-1.540	-2.316	-1.753	-1.660	-2.405	-0.721	-1.468	0.644	-1.030	0.089	-1.140	-0.667	-0.537
SyringaeB728a_mexBdelta	Psyr_2347	Psyr_2347		hypothetical protein	-1.197	-2.102	-2.011	-1.020	-1.807	-0.803	0.758	-1.237	-0.965	-1.010	-2.245	-1.909	0.687	1.106	-2.161	-1.637	-2.779	-0.770	-1.781	-0.283	-0.707	-2.804	-0.632
SyringaeB728a_mexBdelta	Psyr_2348	Psyr_2348		hypothetical protein	-1.674	-2.455	-1.314	-0.708	-1.512	-3.386	-1.411	-0.843	-0.767	-0.666	-1.873	-2.307	1.161	-0.127	-1.485	-1.070	-0.995	-1.563	-1.473	-1.128	-1.686	-1.348	-0.460
SyringaeB728a_mexBdelta	Psyr_2351	Psyr_2351		tRNA synthetase, class-II (G, H, P and S)	0.490	0.869	2.144	1.515	1.499	0.549	0.052	1.557	0.054	1.807	-0.672	1.875	0.836	2.047	1.317	1.145	-0.021	0.019	1.854	0.398	0.189	0.840	0.432
SyringaeB728a_mexBdelta	Psyr_2352	Psyr_2352		GCN5-related N-acetyltransferase	-1.337	-0.253	-0.136	1.134	-0.224	-2.114	-0.034	-0.115	-0.146	0.670	-1.089	-0.328	0.361	0.007	-1.338	-2.115	-1.443	-1.339	-1.016	-1.086	-1.797	-2.058	-2.116
SyringaeB728a_mexBdelta	Psyr_2353	Psyr_2353		Uncharacterized protein conserved in bacteria-like protein	-0.120	-0.544	-1.539	-0.203	0.722	0.330	-0.543	0.779	0.326	-0.683	-0.318	-1.083	-1.036	-0.521	-0.630	-1.368	-1.118	-0.448	-1.638	-1.180	-1.779	-1.927	0.277
SyringaeB728a_mexBdelta	Psyr_2354	Psyr_2354		Taurine catabolism dioxygenase TauD/TfdA	-1.030	-0.126	-0.211	-1.739	-0.563	-0.120	-1.025	-0.654	-0.141	-0.646	-1.176	-0.812	0.315	1.394	-1.972	-0.335	-0.650	-2.246	-0.547	-0.235	-0.865	-0.468	-0.531
SyringaeB728a_mexBdelta	Psyr_2355	Psyr_2355		GAF	0.771	-1.661	-0.138	-0.907	0.190	-1.032	0.186	0.197	-0.050	-0.464	-1.002	-0.367	0.623	-1.415	-0.007	-0.078	-0.710	0.497	0.122	-0.061	0.959	1.393	1.608
SyringaeB728a_mexBdelta	Psyr_2356	Psyr_2356		Histidine kinase, HAMP region:Bacterial chemotaxis sensory transducer	0.444	0.810	0.091	0.784	0.369	0.587	0.274	-0.906	0.686	1.182	0.407	0.859	-0.486	-0.004	-1.927	-1.716	-2.199	-0.828	-1.010	-2.581	-1.363	-0.594	-0.856
SyringaeB728a_mexBdelta	Psyr_2357	Psyr_2357		transcriptional regulator, LysR family	-0.589	-0.512	-0.341	-0.893	0.377	1.224	0.182	1.038	-0.753	0.796	-0.346	-0.024	-0.822	0.641	-0.592	-0.968	-0.930	-0.672	-1.561	-0.490	-0.570	0.197	-1.656
SyringaeB728a_mexBdelta	Psyr_2358	Psyr_2358		acetylornithine aminotransferase apoenzyme	-2.211	-0.567	-2.041	-0.778	-1.975	0.547	-1.655	-1.482	-1.137	-1.869	-1.494	-1.126	-0.319	-0.619	-0.101	1.560	0.446	-0.657	-0.614	-0.610	-0.788	-0.060	0.150
SyringaeB728a_mexBdelta	Psyr_2359	Psyr_2359		conserved hypothetical protein	-0.026	0.610	0.068	-0.464	-0.181	-0.577	1.912	-0.427	-0.319	0.979	0.615	1.845	1.667	1.224	0.402	0.015	-0.143	-0.517	-0.663	0.147	-0.093	-1.097	-0.537
SyringaeB728a_mexBdelta	Psyr_2361	Psyr_2361		DNA damage-inducible DNA polymerase II	0.728	0.741	-0.566	0.688	-0.336	0.769	-0.366	-0.292	-0.413	0.589	-0.328	-0.110	-0.176	-1.139	-0.188	-0.072	0.474	-1.067	0.142	-0.370	-1.270	-0.702	-0.438
SyringaeB728a_mexBdelta	Psyr_2363	Psyr_2363		Phenazine biosynthesis PhzC/PhzF protein	-1.594	-0.881	-1.592	-0.973	-1.467	-0.452	0.402	-1.150	-1.167	-0.510	-0.710	-0.826	0.154	-0.310	1.202	0.139	-0.647	0.059	-2.315	-0.390	0.088	-0.248	-0.548
SyringaeB728a_mexBdelta	Psyr_2364	Psyr_2364		conserved hypothetical protein	0.092	0.008	0.747	1.369	1.151	2.006	1.069	1.027	-1.270	0.869	0.237	0.689	-0.584	0.017	-0.095	0.904	0.841	0.165	0.020	0.060	-0.923	0.669	0.319
SyringaeB728a_mexBdelta	Psyr_2365	Psyr_2365		Radical SAM	-0.999	-0.272	-0.839	-1.068	0.281	0.026	-0.597	-0.099	-0.661	2.115	-0.706	-1.419	1.975	0.793	0.468	0.166	0.270	0.191	0.090	0.555	1.003	-0.188	1.265
SyringaeB728a_mexBdelta	Psyr_2367	Psyr_2367		ABC-3	-0.655	-0.341	-0.600	-0.403	0.377	-0.034	0.870	0.681	-0.579	0.325	-0.297	-0.743	-1.082	-0.042	0.282	-0.524	-0.317	-0.635	-0.815	-0.113	0.306	-0.998	-0.285
SyringaeB728a_mexBdelta	Psyr_2368	Psyr_2368		Periplasmic solute binding protein	0.697	1.554	0.706	1.424	0.722	2.427	1.251	0.089	0.828	2.570	0.721	2.066	1.847	0.250	-0.616	-0.258	-0.700	-0.098	0.849	-0.646	1.816	0.191	0.113
SyringaeB728a_mexBdelta	Psyr_2369	Psyr_2369		aldose 1-epimerase	-2.014	-0.367	-0.882	-1.498	-2.016	-0.507	0.418	-1.773	-1.491	-0.966	0.279	-0.164	-1.477	-3.149	-1.263	-0.559	0.285	0.575	0.193	-0.859	0.294	0.240	-1.452
SyringaeB728a_mexBdelta	Psyr_2370	Psyr_2370		gluconolactonase	-0.015	0.767	-0.523	0.712	1.930	0.434	-0.760	0.735	0.864	2.158	1.243	1.462	0.097	-0.239	0.321	-1.913	-0.832	-0.399	-0.063	-1.087	-0.001	-0.081	0.536
SyringaeB728a_mexBdelta	Psyr_2371	Psyr_2371		L-arabinose-binding protein	-0.391	-1.352	-0.837	-1.465	-0.740	0.382	-0.832	-1.829	-0.399	-2.196	-2.425	-1.911	-1.093	-0.594	-0.053	-0.736	-1.160	-0.775	-1.581	0.925	-0.894	-0.811	0.123
SyringaeB728a_mexBdelta	Psyr_2372	Psyr_2372		L-arabinose ABC transporter ATP-binding protein	1.226	0.752	0.036	0.659	-0.454	0.414	0.363	-0.123	0.539	0.986	0.430	-0.016	0.821	0.564	-0.406	0.107	2.426	-0.003	0.859	0.623	0.126	0.513	0.136
SyringaeB728a_mexBdelta	Psyr_2373	Psyr_2373		L-arabinose ABC transporter membrane protein	0.982	0.517	-1.534	-0.781	-0.095	-0.201	-1.763	-0.511	-0.870	-0.852	0.732	0.086	4.078	0.659	0.735	0.687	0.717	0.026	-0.852	-0.760	0.219	0.660	-0.297
SyringaeB728a_mexBdelta	Psyr_2374	Psyr_2374		ATP-binding region, ATPase-like:Histidine kinase, HAMP region:Histidine kinase A, N-terminal	0.463	-0.510	-0.251	-0.138	0.005	0.694	0.881	-0.382	0.059	1.132	-0.135	0.716	0.703	-1.730	-0.595	-0.267	-0.053	-0.615	-0.370	0.698	-0.749	-0.037	0.975
SyringaeB728a_mexBdelta	Psyr_2375	Psyr_2375		Response regulator receiver:Transcriptional regulatory protein, C-terminal	-0.024	-0.649	-0.786	0.674	0.074	0.136	0.055	-1.176	-1.274	-0.822	-0.024	1.547	-1.241	-0.127	-0.407	0.117	0.067	2.709	1.004	-1.908	-0.044	-1.747	-0.456
SyringaeB728a_mexBdelta	Psyr_2376	Psyr_2376		MltA-interacting MipA	-2.742	-0.925	-2.041	-1.812	-2.344	-0.068	-3.134	-2.272	-3.351	-1.742	-1.613	-2.689	1.630	0.658	-0.417	-0.348	0.650	0.836	-0.059	0.956	-0.071	1.379	1.403
SyringaeB728a_mexBdelta	Psyr_2377	Psyr_2377		Flavoprotein monooxygenase:Monooxygenase, FAD-binding protein	-0.501	-0.878	-0.478	-0.944	-0.934	-0.961	-0.436	0.106	-0.985	-0.867	0.174	-0.520	-0.128	0.374	-1.783	-0.401	-1.168	-0.567	-0.714	-0.191	-1.276	-0.812	-0.859
SyringaeB728a_mexBdelta	Psyr_2378	Psyr_2378		transcriptional regulator, TetR family	-1.296	-0.642	-1.371	-1.036	-0.443	-1.728	-0.864	-0.163	-1.433	0.369	-0.620	0.338	0.317	2.275	-1.171	0.006	-0.848	-1.289	-0.856	-0.419	-0.087	-0.751	-2.126
SyringaeB728a_mexBdelta	Psyr_2379	Psyr_2379		amino acid/polyamine/organocation transporter, APC superfamily	-1.944	-1.174	-1.685	-0.988	-0.897	-1.667	-0.929	-1.709	0.272	0.533	-1.585	-1.714	0.309	0.264	-0.801	0.445	-0.923	0.579	1.256	1.591	-0.278	-1.181	-0.103
SyringaeB728a_mexBdelta	Psyr_2380	Psyr_2380		hypothetical protein	-2.346	-0.191	-0.493	-2.224	0.461	0.791	-1.896	-1.019	-2.458	-1.126	-1.471	-1.049	-1.052	-0.555	0.208	0.207	0.451	-0.552	0.718	0.752	0.349	-0.348	0.760
SyringaeB728a_mexBdelta	Psyr_2381	Psyr_2381		Allergen V5/Tpx-1 related protein	1.510	0.320	-1.289	-0.788	2.036	0.540	0.799	-0.505	-0.923	-0.356	0.046	0.093	-0.583	-0.882	-1.070	-0.759	-0.453	-0.638	-0.631	-0.063	0.193	-0.145	-0.755
SyringaeB728a_mexBdelta	Psyr_2382	Psyr_2382		conservedhypothetical protein	0.776	-0.665	0.084	-0.736	0.696	-1.011	-0.923	0.760	0.066	0.542	0.143	0.267	-0.183	0.184	3.117	2.001	0.125	1.520	0.307	0.767	1.900	1.240	2.024
SyringaeB728a_mexBdelta	Psyr_2383	Psyr_2383		Protein of unknown function DUF72	0.111	0.237	1.754	-0.072	1.268	1.481	-0.727	0.516	2.234	0.221	1.028	-1.607	-0.066	0.973	-1.251	-0.037	-0.356	-0.798	-0.772	-0.309	-0.387	0.058	-0.681
SyringaeB728a_mexBdelta	Psyr_2384	Psyr_2384		response regulator receiver protein	-0.706	-0.331	-0.536	0.130	-0.017	0.340	0.085	-0.408	0.841	-0.770	-0.533	-0.034	0.507	-0.367	0.771	-0.096	-1.146	0.972	0.968	0.500	0.304	-0.249	-1.846
SyringaeB728a_mexBdelta	Psyr_2385	Psyr_2385		Phytochrome:GAF:ATP-binding region, ATPase-like:Histidine kinase A, N-terminal:HWE histidine kinase	0.477	1.182	-0.043	0.850	1.142	-0.030	1.260	-0.724	0.638	0.411	0.223	0.385	-0.309	-0.500	-0.819	-0.736	-1.083	-0.588	-1.046	0.088	-1.388	-1.376	-0.912
SyringaeB728a_mexBdelta	Psyr_2387	Psyr_2387		Malate:quinone-oxidoreductase	-0.241	-1.293	-0.856	-0.070	0.620	0.382	-0.730	0.270	0.225	0.103	-1.545	-1.275	-0.636	-0.859	0.242	0.793	-0.085	0.071	-0.548	0.682	-1.074	0.254	0.242
SyringaeB728a_mexBdelta	Psyr_2388	Psyr_2388		Twin-arginine translocation pathway signal	2.591	0.090	0.630	0.610	0.596	1.057	1.109	0.793	0.318	-0.258	1.511	1.241	0.892	-0.237	-0.416	-1.147	0.720	0.714	-0.125	1.511	0.541	-0.285	0.226
SyringaeB728a_mexBdelta	Psyr_2389	Psyr_2389		oxidoreductase, molybdopterin-binding subunit, putative	-0.440	0.809	-0.284	-0.036	0.854	0.474	0.184	-0.152	1.977	1.248	1.835	0.752	-0.629	-0.249	0.515	0.057	-2.080	-0.737	-0.624	-0.535	-0.574	0.106	-1.014
SyringaeB728a_mexBdelta	Psyr_2390	Psyr_2390		xanthine dehydrogenase, molybdenum binding subunit apoprotein	0.292	2.154	0.097	1.446	1.746	0.305	0.978	0.650	0.895	0.273	-0.057	-0.330	-0.309	0.403	0.815	0.478	-0.135	0.824	0.368	-0.671	1.117	0.151	0.542
SyringaeB728a_mexBdelta	Psyr_2391	Psyr_2391		Protein of unknown function DUF182	-1.137	-1.730	-0.545	-2.024	-0.694	1.220	0.396	-1.464	-1.864	-0.425	-2.302	-1.471	0.466	0.815	-0.725	-0.305	-1.111	-2.095	-2.163	-1.506	-2.146	-1.412	-0.425
SyringaeB728a_mexBdelta	Psyr_2392	Psyr_2392		conserved hypothetical protein	0.724	1.967	2.376	-1.049	2.272	-0.325	0.779	3.907	-0.023	0.714	1.746	-0.083	0.313	-0.296	0.578	-0.608	-1.273	-0.333	-0.063	0.621	0.072	0.267	0.932
SyringaeB728a_mexBdelta	Psyr_2393	Psyr_2393		Flavin reductase-like protein	1.588	2.672	0.817	2.128	2.743	1.687	1.190	1.608	2.410	1.560	2.238	0.575	-0.328	0.740	-1.342	-0.223	-1.709	-1.522	0.731	-0.526	-0.821	-0.742	-2.235
SyringaeB728a_mexBdelta	Psyr_2394	Psyr_2394		succinate semialdehyde dehydrogenase	0.277	-0.269	0.367	0.724	0.033	-0.125	0.648	0.523	-0.003	0.143	0.957	1.729	0.554	0.675	1.322	0.625	1.569	0.547	1.092	0.746	0.164	1.452	3.085
SyringaeB728a_mexBdelta	Psyr_2395	Psyr_2395		transcriptional regulator, LysR family	-0.274	-1.585	-1.084	-0.413	-1.942	-0.507	-0.357	-1.843	-0.388	-0.106	-0.273	-0.823	-0.102	-0.905	-0.102	-1.177	-2.134	-0.447	-0.799	-0.546	-0.726	-0.304	-0.166
SyringaeB728a_mexBdelta	Psyr_2396	Psyr_2396		Tartrate dehydrogenase	-0.547	-0.986	-0.552	-0.455	-1.609	-1.308	0.412	-2.275	-0.969	-2.309	-0.339	-1.512	0.484	1.005	1.092	-0.325	0.579	0.193	0.340	-1.025	-1.304	-0.681	1.238
SyringaeB728a_mexBdelta	Psyr_2397	Psyr_2397		transcriptional regulator, LysR family	-0.564	-0.037	0.148	-1.516	-0.732	-0.719	1.343	-1.822	-0.562	-1.076	-0.950	0.750	1.165	-0.484	1.412	0.869	1.686	0.116	1.707	1.260	0.857	2.150	1.785
SyringaeB728a_mexBdelta	Psyr_2398	Psyr_2398		ABC transporter	-0.850	-0.745	-1.079	-0.198	-2.163	-0.726	-1.686	-1.681	-0.076	1.177	0.628	0.671	0.855	-0.017	0.717	1.159	3.117	0.833	2.284	0.507	1.427	-0.478	1.786
SyringaeB728a_mexBdelta	Psyr_2399	Psyr_2399		Binding-protein-dependent transport systems inner membrane component	-1.333	-0.510	-0.079	-1.604	-1.345	-1.789	-0.604	-0.502	-2.036	-0.876	-1.606	-1.425	-0.563	0.798	-1.739	-1.355	0.058	-0.586	-0.495	1.824	-0.906	-1.032	1.090
SyringaeB728a_mexBdelta	Psyr_2400	Psyr_2400		Binding-protein-dependent transport systems inner membrane component	0.007	0.393	-0.243	0.580	0.946	-2.448	-0.075	0.003	1.600	0.475	0.296	0.436	1.366	0.399	-0.058	1.068	0.425	1.260	-0.104	1.310	0.467	1.022	0.294
SyringaeB728a_mexBdelta	Psyr_2401	Psyr_2401		extracellular solute-binding protein, family 1	-0.485	-0.189	-1.413	-0.694	-0.670	-0.212	1.124	0.320	0.860	0.477	0.555	-0.299	-0.149	0.178	0.159	0.569	0.698	0.527	1.029	-1.405	0.470	-0.231	-0.463
SyringaeB728a_mexBdelta	Psyr_2402	Psyr_2402		3,4-dihydroxy-2-butanone 4-phosphate synthase / GTP cyclohydrolase II	2.732	1.122	-0.997	1.098	0.314	-0.145	-0.227	1.007	1.454	0.174	1.723	0.467	1.628	0.190	-1.608	-0.949	-1.712	-0.861	-2.998	-1.044	-1.523	-0.641	-1.363
SyringaeB728a_mexBdelta	Psyr_2403	Psyr_2403		Protein of unknown function DUF1330	1.162	2.502	0.024	0.730	0.072	-0.994	0.643	0.583	0.274	-0.164	0.635	-0.292	-1.005	-1.750	0.305	-0.530	1.246	-0.094	1.248	1.068	-0.222	0.550	-0.624
SyringaeB728a_mexBdelta	Psyr_2404	Psyr_2404		NUDIX hydrolase	0.609	1.698	-0.406	0.475	-0.084	-0.413	-0.525	-0.762	0.405	0.134	0.329	-0.119	-0.529	-0.011	0.319	-0.059	-0.267	-0.555	-1.104	-0.054	-0.055	0.441	-0.019
SyringaeB728a_mexBdelta	Psyr_2405	Psyr_2405		transcriptional regulator, GntR family	0.018	-0.801	0.433	0.657	0.226	-0.732	0.152	-1.035	0.621	0.116	0.205	-0.117	-0.554	-1.993	0.220	0.116	0.320	0.387	-0.667	-0.684	0.194	0.453	-0.326
SyringaeB728a_mexBdelta	Psyr_2406	Psyr_2406		Flavin reductase-like protein	-0.339	-0.814	1.169	-1.122	-1.147	1.482	-1.057	-1.438	0.001	-1.845	-0.550	-1.495	1.355	0.986	0.850	0.772	1.225	1.096	2.300	0.197	-0.255	-0.081	-1.235
SyringaeB728a_mexBdelta	Psyr_2407	Psyr_2407		aldehyde dehydrogenase (acceptor)	1.903	1.823	1.178	1.684	0.884	2.309	0.666	0.566	2.828	0.781	1.525	1.110	0.848	0.252	-0.596	-0.556	-0.733	-1.273	-0.132	-0.817	-0.927	0.503	0.250
SyringaeB728a_mexBdelta	Psyr_2408	Psyr_2408		3-oxoadipate enol-lactonase	0.273	-0.310	-0.992	0.733	-3.507	1.354	-0.132	-0.726	-1.842	-1.227	-2.193	-0.412	1.323	2.445	2.521	2.521	2.050	3.161	1.391	0.412	2.650	1.108	1.552
SyringaeB728a_mexBdelta	Psyr_2409	Psyr_2409		Protein of unknown function DUF1185	0.713	-0.768	0.172	-0.630	0.381	-0.852	0.481	0.029	0.041	-0.682	0.230	0.577	-0.442	-0.209	0.660	-0.693	0.075	0.839	0.912	0.315	-0.969	0.072	0.098
SyringaeB728a_mexBdelta	Psyr_2410	Psyr_2410		Zinc-containing alcohol dehydrogenase superfamily	0.891	1.731	0.225	0.770	1.960	-1.272	-0.488	0.609	0.637	0.740	1.630	0.852	-0.732	-0.449	-0.182	1.334	0.855	1.840	1.380	0.869	0.141	-0.065	0.087
SyringaeB728a_mexBdelta	Psyr_2411	Psyr_2411		Short-chain dehydrogenase/reductase SDR	2.251	1.253	1.187	0.032	0.692	2.075	1.217	-0.500	2.307	1.485	1.722	0.894	-0.106	-0.665	1.818	-0.404	3.160	1.213	0.941	-0.243	1.053	1.363	1.995
SyringaeB728a_mexBdelta	Psyr_2412	Psyr_2412		YD repeat protein	0.420	0.607	0.256	0.976	1.207	-1.265	-0.156	0.697	0.028	-0.297	-0.067	-0.347	-1.259	-1.552	1.221	0.748	0.021	1.445	1.518	1.067	0.856	0.356	1.697
SyringaeB728a_mexBdelta	Psyr_2413	Psyr_2413		succinate semialdehyde dehydrogenase	-1.569	-1.136	-1.641	-1.320	-0.641	0.481	-1.274	-2.989	-1.087	-1.303	-2.134	-2.389	-1.446	-1.790	-0.146	0.949	1.679	0.916	-0.423	0.671	0.493	1.069	0.939
SyringaeB728a_mexBdelta	Psyr_2414	Psyr_2414		murein-DD-endopeptidase, Serine peptidase, MEROPS family S11	0.346	0.123	0.605	0.266	-0.681	3.922	0.063	-0.396	-0.294	0.564	-1.513	-1.614	0.577	0.918	-0.177	-0.236	-0.951	1.662	0.479	-0.855	0.672	0.355	0.728
SyringaeB728a_mexBdelta	Psyr_2415	Psyr_2415		hypothetical protein	-1.095	-0.518	0.775	0.726	-0.270	-0.604	0.315	0.873	-0.276	-0.273	0.996	0.905	-0.550	0.514	0.573	-0.177	0.242	-0.036	0.891	1.499	0.440	-0.219	0.170
SyringaeB728a_mexBdelta	Psyr_2417	Psyr_2417		conserved hypothetical protein	1.327	1.812	-0.126	-0.167	0.780	2.431	1.757	1.492	0.195	0.887	1.309	1.838	0.754	1.300	0.039	-0.271	-0.251	-1.253	1.181	0.812	-0.421	-0.461	-0.216
SyringaeB728a_mexBdelta	Psyr_2418	Psyr_2418		shikimate dehydrogenase	-0.369	0.237	0.992	-0.756	0.374	0.243	0.209	0.142	-0.892	-0.344	0.570	0.760	-1.271	-0.485	0.327	-1.170	-0.843	-0.861	-0.051	-0.940	0.824	-0.650	-0.752
SyringaeB728a_mexBdelta	Psyr_2419	Psyr_2419		Protein of unknown function DUF480	-1.722	-1.249	-0.628	0.298	-1.271	-2.496	-0.494	0.093	-1.324	-0.771	-1.138	-1.233	0.153	1.671	1.027	0.727	0.986	0.200	2.025	-1.859	-0.416	-0.194	1.845
SyringaeB728a_mexBdelta	Psyr_2420	Psyr_2420		conserved hypothetical protein	1.044	-0.459	-0.146	-0.419	-0.786	-0.206	-0.991	0.895	-0.975	-1.029	-1.836	0.303	-0.382	1.112	-0.207	-1.078	-0.475	0.129	0.598	0.895	0.543	0.265	-0.528
SyringaeB728a_mexBdelta	Psyr_2421	Psyr_2421		Major facilitator superfamily	0.166	1.202	0.318	1.330	0.108	1.576	-0.187	0.114	0.665	0.717	1.372	1.677	0.406	-0.303	1.553	0.853	1.145	0.257	1.410	2.365	1.539	1.623	1.845
SyringaeB728a_mexBdelta	Psyr_2422	Psyr_2422		transcriptional regulator, LysR family	-1.221	-1.007	-1.413	-0.823	-0.844	-0.523	0.461	0.381	-0.340	0.342	-0.644	-0.453	-0.558	-1.824	0.005	-0.034	-0.648	-0.510	-0.020	-1.805	-0.492	-0.974	-1.326
SyringaeB728a_mexBdelta	Psyr_2423	Psyr_2423		hypothetical protein	-0.417	-1.437	-0.927	-0.158	0.007	-1.498	-1.352	0.148	1.122	-1.546	0.601	-0.792	0.777	-1.589	0.440	0.826	1.739	0.626	1.636	0.736	0.009	0.574	0.147
SyringaeB728a_mexBdelta	Psyr_2424	Psyr_2424		Integral membrane protein TerC	0.038	-0.174	-0.436	-0.859	-0.739	0.827	0.060	-1.084	-0.499	-0.887	-0.921	-0.167	1.425	2.229	-0.583	-0.657	0.815	0.154	-0.650	-0.530	-0.306	0.367	-0.390
SyringaeB728a_mexBdelta	Psyr_2425	Psyr_2425		hypothetical protein	-0.433	-0.741	-1.654	-0.302	0.077	1.222	-0.917	-0.393	-1.189	-0.681	0.134	-1.180	-0.261	0.140	-1.798	-1.353	-0.068	-0.740	-0.852	-0.296	-0.744	-0.919	-0.761
SyringaeB728a_mexBdelta	Psyr_2427	Psyr_2427		gamma-glutamylputrescine oxidase	-2.797	-0.490	9.048	0.517	1.903	0.562	-0.165	-2.271	-0.724	-0.553	0.854	-0.610	-1.167	-1.632	-1.140	-0.382	0.685	-0.215	-0.240	-0.210	-1.813	-0.410	-0.593
SyringaeB728a_mexBdelta	Psyr_2428	Psyr_2428		GCN5-related N-acetyltransferase	-0.266	-0.335	-1.024	-0.881	-0.414	-0.552	-0.700	-0.222	-0.376	0.805	-0.223	0.199	-1.711	-1.972	-0.674	1.256	-0.222	0.321	-0.407	-0.142	0.493	0.559	0.031
SyringaeB728a_mexBdelta	Psyr_2429	Psyr_2429		conserved hypothetical protein	1.890	2.321	0.152	1.187	2.370	3.811	1.116	2.167	2.085	1.567	2.376	1.849	-0.386	0.815	0.810	0.723	0.609	2.674	2.669	2.407	1.676	1.196	1.055
SyringaeB728a_mexBdelta	Psyr_2430	Psyr_2430		NUDIX hydrolase	-0.843	-1.989	-0.020	-1.142	0.234	-0.234	0.364	-1.529	-0.029	-2.227	-0.780	-1.369	1.829	2.362	0.565	0.922	-0.004	0.794	0.322	1.238	-0.186	0.024	-0.592
SyringaeB728a_mexBdelta	Psyr_2431	Psyr_2431		Zinc-containing alcohol dehydrogenase superfamily	1.223	-0.035	0.977	-0.079	-0.529	0.131	1.367	1.346	0.430	-0.974	0.352	0.600	0.575	-0.600	-0.761	-1.892	-1.641	-0.922	-1.076	-0.902	-0.940	-0.672	-1.559
SyringaeB728a_mexBdelta	Psyr_2432	Psyr_2432		diguanylate cyclase/phosphodiesterase	0.109	-0.441	-1.553	0.116	0.667	-0.638	0.417	0.135	0.054	0.841	-0.260	-1.009	-0.734	-1.609	0.165	0.504	0.165	-0.349	-1.020	-0.129	-0.524	-1.452	-0.586
SyringaeB728a_mexBdelta	Psyr_2433	Psyr_2433		conserved hypothetical protein	-0.028	0.230	-1.880	-0.596	-0.161	0.532	-0.893	-1.076	0.037	-1.082	-2.082	-0.380	-1.637	-1.365	-0.099	0.339	-1.669	0.864	1.154	-4.209	-0.266	0.200	-0.804
SyringaeB728a_mexBdelta	Psyr_2434	Psyr_2434		Carbohydrate kinase, PfkB	0.901	0.129	-0.076	0.901	0.217	-1.385	-0.191	1.307	1.419	0.583	0.369	1.041	-1.022	-0.995	-0.270	1.224	1.061	0.009	-0.390	1.008	0.189	-0.363	-0.247
SyringaeB728a_mexBdelta	Psyr_2435	Psyr_2435		Xylulokinase	-1.047	0.648	0.165	0.246	1.472	0.924	1.347	0.727	-0.786	-0.679	1.599	1.162	-1.442	1.491	1.259	-0.510	1.388	-0.465	0.514	2.021	-0.331	2.276	0.996
SyringaeB728a_mexBdelta	Psyr_2436	Psyr_2436		Mannitol dehydrogenase	-1.806	-0.447	-0.569	-1.668	-0.746	-0.777	-2.634	-2.778	-0.069	-0.827	-1.595	-2.004	-2.148	-1.697	-2.623	-2.836	-1.589	-2.042	-1.543	-2.054	-2.043	-2.075	-2.195
SyringaeB728a_mexBdelta	Psyr_2437	Psyr_2437		mannitol ABC transporter ATP-binding protein / sorbitol ABC transporter ATP-binding protein	-0.437	-0.625	-1.166	-1.029	0.003	-2.118	0.293	-1.455	-0.259	-1.108	-0.625	-0.824	-0.287	-0.411	-1.457	-0.262	-0.887	-0.079	-1.031	-0.015	0.184	0.052	-0.622
SyringaeB728a_mexBdelta	Psyr_2438	Psyr_2438		sorbitol ABC transporter membrane protein / mannitol ABC transporter membrane protein	0.235	-0.079	0.274	0.181	-0.294	-0.476	0.741	0.337	-0.578	0.286	-0.704	-0.820	1.502	0.243	-0.192	0.387	0.713	-0.451	0.337	-0.805	-0.681	0.500	0.464
SyringaeB728a_mexBdelta	Psyr_2439	Psyr_2439		mannitol ABC transporter membrane protein / sorbitol ABC transporter membrane protein	0.356	1.301	0.945	0.122	0.741	0.762	-0.024	-0.316	0.392	-0.467	0.933	1.735	0.998	1.577	-0.388	0.480	0.213	-0.129	-0.378	-0.069	-2.253	-0.688	-1.263
SyringaeB728a_mexBdelta	Psyr_2440	Psyr_2440		mannitol-binding protein / sorbitol-binding protein	-0.264	-1.874	-0.088	0.515	-0.042	0.154	-0.920	0.250	-0.068	-0.423	0.546	0.273	0.174	1.064	-0.409	0.953	0.515	0.952	-0.195	0.546	-0.565	-0.820	0.179
SyringaeB728a_mexBdelta	Psyr_2441	Psyr_2441		transcriptional regulator, AraC family	-0.227	-1.221	-2.039	-0.814	-1.031	-0.297	0.051	-2.068	0.263	-1.167	-1.545	-0.860	0.185	-0.025	0.947	1.894	1.351	1.074	1.881	3.090	0.865	2.425	0.760
SyringaeB728a_mexBdelta	Psyr_2442	Psyr_2442		precorrin-6A synthase (deacetylating)	1.188	2.944	-1.319	1.158	0.678	1.297	1.600	0.605	2.732	0.390	1.203	0.399	1.166	0.286	1.822	2.298	2.624	1.524	1.401	0.864	1.371	1.301	1.106
SyringaeB728a_mexBdelta	Psyr_2443	Psyr_2443		conserved domain protein	-0.634	1.499	-0.543	1.224	1.276	1.203	-0.774	0.758	1.458	1.453	0.894	1.513	-0.553	-0.090	-0.119	1.490	0.281	-0.438	-0.735	0.178	0.090	1.664	0.829
SyringaeB728a_mexBdelta	Psyr_2444	Psyr_2444		Response regulator receiver	-0.206	0.524	-0.480	1.350	1.875	0.139	0.353	0.290	1.309	-0.584	-0.645	1.503	0.611	-1.643	-0.232	-1.153	-1.881	-0.279	-0.383	0.126	-1.818	-0.415	-0.580
SyringaeB728a_mexBdelta	Psyr_2445	Psyr_2445		multi-sensor hybrid histidine kinase	0.698	0.412	0.188	-0.264	0.603	1.508	-0.516	1.155	0.497	0.352	-0.216	0.824	-1.515	-0.452	-0.395	-0.504	-0.378	-0.024	-0.365	-0.873	-0.269	0.405	0.319
SyringaeB728a_mexBdelta	Psyr_2446	Psyr_2446		MCP methyltransferase, CheR-type	-2.879	-0.913	-2.271	0.231	-2.824	-0.086	0.150	-1.715	-1.166	-2.235	-0.351	-2.762	2.406	1.409	-0.650	0.961	1.267	0.287	-1.140	-1.216	-0.934	0.743	0.402
SyringaeB728a_mexBdelta	Psyr_2447	Psyr_2447		CheB methylesterase	-2.843	-2.375	-0.551	-0.147	-0.098	-1.059	-0.175	-2.354	-1.172	-1.578	-0.476	-1.076	-0.597	1.293	0.116	0.312	0.073	-0.621	0.265	-0.102	-0.718	-0.274	-0.556
SyringaeB728a_mexBdelta	Psyr_2448	Psyr_2448		Response regulator receiver:ATP-binding region, ATPase-like:Histidine kinase A, N-terminal	-0.593	-1.604	-2.254	-0.068	-0.849	-0.828	-0.175	0.151	-0.551	-0.415	-0.274	-0.880	0.015	0.149	-1.005	0.002	0.106	-0.318	-0.359	-0.269	0.260	-1.146	-0.462
SyringaeB728a_mexBdelta	Psyr_2449	Psyr_2449		Response regulator receiver	-1.728	-1.351	-0.918	-1.764	-2.696	-1.914	-0.532	-1.424	-3.074	-2.872	-2.046	-3.178	-0.435	0.671	0.120	-0.067	-1.046	-0.411	0.955	-0.684	0.534	0.694	-1.078
SyringaeB728a_mexBdelta	Psyr_2450	Psyr_2450		PAS	-0.253	-0.626	-1.080	-1.724	-0.021	0.616	-0.243	0.934	-0.599	-0.850	0.266	-0.951	0.766	-0.340	-0.364	-0.020	-0.280	0.150	-0.573	-1.320	-0.450	-0.374	-0.579
SyringaeB728a_mexBdelta	Psyr_2451	Psyr_2451		KaiC	-1.190	-1.242	-0.863	-0.687	-1.038	0.496	0.587	0.314	-0.348	-0.754	-1.570	-0.526	0.826	-2.661	1.313	1.402	0.850	1.188	1.517	0.799	0.662	1.303	-1.051
SyringaeB728a_mexBdelta	Psyr_2452	Psyr_2452		Enoyl-CoA hydratase/isomerase	-0.390	0.020	-2.416	0.027	-0.302	-2.339	-0.216	-0.924	-1.473	-0.319	-0.212	-1.290	-1.146	-0.836	0.191	-0.779	0.538	0.005	-0.692	1.720	-0.314	0.656	0.070
SyringaeB728a_mexBdelta	Psyr_2453	Psyr_2453		NUDIX hydrolase	0.753	-0.097	-1.700	0.493	-0.322	0.199	-0.591	-0.724	-1.363	-0.968	0.397	0.547	-0.247	-1.081	-0.224	-0.258	0.768	1.685	0.241	-1.144	1.377	1.369	0.453
SyringaeB728a_mexBdelta	Psyr_2454	Psyr_2454		Protein of unknown function DUF81	0.560	-0.524	-0.579	-0.720	0.195	0.014	-0.967	-2.124	-0.256	-0.493	-0.081	-0.124	0.641	-0.373	-0.009	0.120	-0.671	0.571	-0.236	0.363	-0.511	-0.234	-0.218
SyringaeB728a_mexBdelta	Psyr_2455	Psyr_2455		Oxidoreductase, N-terminal:Oxidoreductase, C-terminal	-1.688	1.285	-0.342	0.125	-1.087	1.869	-0.716	-0.264	-0.066	0.658	-0.573	-0.021	2.599	2.840	-0.077	0.552	-1.379	0.141	1.206	0.473	-0.776	-0.872	0.649
SyringaeB728a_mexBdelta	Psyr_2457	Psyr_2457		Aminoglycoside phosphotransferase	1.411	1.606	1.497	0.188	3.211	0.344	3.772	0.652	1.690	1.512	0.916	1.673	1.512	1.215	1.255	1.004	0.607	0.921	0.404	1.630	1.247	1.658	1.518
SyringaeB728a_mexBdelta	Psyr_2459	Psyr_2459		Phosphoglycerate/bisphosphoglycerate mutase	-2.561	-0.883	-1.122	-0.862	-0.204	0.007	-0.100	-0.026	-1.535	-0.826	-0.848	0.063	0.345	-1.836	1.386	0.847	-0.171	1.666	1.392	0.474	0.739	1.300	1.762
SyringaeB728a_mexBdelta	Psyr_2460	Psyr_2460		inner membrane peptidase, Serine peptidase, MEROPS family S49	-1.150	-0.353	-0.142	-2.023	0.893	0.718	2.130	-0.959	-0.933	-1.132	0.011	0.645	-0.452	-0.537	-0.083	-0.279	-0.552	-0.662	-0.390	-1.583	-1.563	-1.373	-2.440
SyringaeB728a_mexBdelta	Psyr_2462	Psyr_2462		Nitrite/sulfite reductase, hemoprotein beta-component, ferrodoxin-like:Nitrite and sulphite reductase 4Fe-4S region	-0.579	-2.755	-1.337	-2.603	0.032	-0.136	0.601	-1.792	-2.124	-3.507	-1.336	-2.347	-1.146	-1.630	-1.849	-2.010	-2.700	-2.309	-0.873	-2.619	-2.322	-1.604	-2.100
SyringaeB728a_mexBdelta	Psyr_2463	Psyr_2463		monosaccharide ABC transporter substrate-binding protein, CUT2 family	-0.346	0.777	0.931	0.283	-0.517	-0.260	1.158	0.489	0.977	-0.111	-0.375	0.729	-3.085	-2.223	-1.622	0.372	0.548	0.596	0.307	0.229	-0.015	-1.175	0.640
SyringaeB728a_mexBdelta	Psyr_2464	Psyr_2464		methionine synthase (B12-dependent)	-1.445	0.256	-2.597	-1.488	-2.538	0.184	-0.233	-0.125	-1.134	-1.932	-2.477	-2.324	1.531	-0.410	0.052	0.736	1.330	-1.018	-1.054	0.378	-0.030	0.766	-0.218
SyringaeB728a_mexBdelta	Psyr_2465	Psyr_2465		Acyltransferase 3	-1.259	-1.106	-2.132	-0.404	-1.233	-2.132	-0.175	-1.978	-1.748	-2.330	-0.438	1.120	-0.390	-1.688	-0.595	-1.319	-0.817	-1.176	-1.417	0.342	-0.658	-0.529	-0.260
SyringaeB728a_mexBdelta	Psyr_2467	Psyr_2467		3-methylcrotonoyl-CoA carboxylase, alpha subunit	0.119	0.943	0.195	0.095	-1.740	1.032	-0.128	1.020	-1.149	-1.728	1.104	1.549	-0.253	0.857	-0.619	-1.994	-0.241	0.691	-0.600	2.145	0.572	0.073	-0.359
SyringaeB728a_mexBdelta	Psyr_2468	Psyr_2468		Enoyl-CoA hydratase/isomerase	-0.772	-0.266	0.879	-1.432	-0.223	2.483	-2.502	0.646	-0.644	-1.260	-0.230	-2.984	0.823	0.036	-0.022	0.089	-0.171	-1.441	-0.326	-0.130	-0.255	0.322	-1.018
SyringaeB728a_mexBdelta	Psyr_2469	Psyr_2469		Propionyl-CoA carboxylase	0.649	-1.470	-0.328	-0.128	-1.244	-0.512	0.152	0.054	0.131	1.109	0.635	-0.601	0.075	0.766	-0.520	0.094	-0.744	-0.307	-0.230	-0.078	-0.840	-0.538	0.100
SyringaeB728a_mexBdelta	Psyr_2470	Psyr_2470		isovaleryl-CoA dehydrogenase	-1.158	0.127	-0.264	0.887	-0.239	-1.020	-0.128	0.110	-0.353	0.121	1.369	-0.272	0.560	0.260	-0.186	-0.136	-1.011	-0.478	-0.497	-0.576	0.244	-0.177	-0.619
SyringaeB728a_mexBdelta	Psyr_2471	Psyr_2471		hydroxymethylglutaryl-CoA lyase	-2.287	-2.280	-2.306	0.170	-1.259	5.941	-1.374	1.096	0.463	-1.209	-0.542	-1.006	-1.052	-0.941	-0.490	-0.211	-0.116	0.235	-2.067	0.085	-1.058	-1.744	-0.810
SyringaeB728a_mexBdelta	Psyr_2472	Psyr_2472		transcriptional regulator, MerR family	-1.010	0.599	-1.450	0.723	0.112	0.826	0.391	-0.422	0.279	0.824	-0.979	-0.480	-0.899	-1.277	-0.338	-1.156	-1.275	-1.338	-0.026	-1.390	0.400	-0.765	-0.394
SyringaeB728a_mexBdelta	Psyr_2473	Psyr_2473		transcriptional regulator, LysR family	0.606	0.660	0.796	-0.208	1.875	-1.202	2.188	0.108	1.073	0.630	-0.113	1.367	2.266	3.059	1.382	-0.314	0.590	0.593	0.310	1.061	1.807	0.464	0.120
SyringaeB728a_mexBdelta	Psyr_2474	Psyr_2474		Acyl-CoA dehydrogenase, C-terminal:Acyl-CoA dehydrogenase, central region	-0.015	-1.940	-3.879	-0.608	-4.694	-0.893	-3.631	-1.585	-3.702	-2.227	-2.847	-2.326	-2.731	-2.501	0.642	0.528	0.633	0.371	0.783	-0.634	-1.041	0.036	-4.539
SyringaeB728a_mexBdelta	Psyr_2475	Psyr_2475		phosphate ABC transporter substrate-binding protein, PhoT family	0.888	0.819	0.793	2.390	-0.321	0.547	0.504	-0.070	0.869	0.642	0.338	-1.065	-0.115	0.591	1.900	2.490	0.918	0.276	1.492	1.013	1.129	1.987	0.350
SyringaeB728a_mexBdelta	Psyr_2476	Psyr_2476		Exodeoxyribonuclease III	-1.319	0.881	1.315	-0.457	-0.462	0.871	-0.570	-1.163	1.231	-0.406	-1.090	-1.924	0.738	-0.454	1.894	1.445	1.480	1.179	1.732	1.727	2.813	3.109	2.484
SyringaeB728a_mexBdelta	Psyr_2477	Psyr_2477		conserved hypothetical protein	0.394	0.819	-1.384	1.125	-1.323	-2.270	1.073	-1.200	-0.056	-1.294	1.187	-0.294	-1.071	-1.569	1.187	1.472	1.835	1.854	0.852	1.562	1.532	1.670	0.016
SyringaeB728a_mexBdelta	Psyr_2478	Psyr_2478		surface antigen (D15):Surface antigen variable number	0.052	0.249	-2.315	-0.217	0.093	-1.175	1.269	0.348	-0.599	-0.893	-0.498	0.695	-1.768	-2.030	-0.021	0.072	-1.189	-0.279	0.210	-0.442	-0.190	0.074	-0.433
SyringaeB728a_mexBdelta	Psyr_2479	Psyr_2479		Protein of unknown function DUF490	0.228	1.058	0.351	0.784	-0.980	-0.740	0.208	0.275	1.275	0.112	-0.133	1.389	0.092	1.060	1.289	0.168	-0.999	0.892	0.061	0.345	0.767	1.375	1.367
SyringaeB728a_mexBdelta	Psyr_2480	Psyr_2480		transcriptional regulator, LysR family	1.814	0.727	-0.942	0.642	0.210	-0.213	0.898	-0.688	0.079	-0.493	-0.020	-0.463	3.146	2.273	-1.192	0.433	-0.696	-0.369	-0.710	1.436	0.513	0.281	-0.387
SyringaeB728a_mexBdelta	Psyr_2481	Psyr_2481		thiol peroxidase (atypical 2-Cys peroxiredoxin)	-1.762	0.078	1.849	-1.085	-0.823	-0.024	-0.279	-0.124	0.293	-0.018	-0.911	-0.967	3.777	3.752	0.713	-0.405	-0.349	-0.042	-1.014	0.740	-0.492	0.024	0.345
SyringaeB728a_mexBdelta	Psyr_2482	Psyr_2482		Secretion protein HlyD	-2.161	-0.408	-2.815	-0.657	-1.689	-2.318	-1.872	-2.056	-0.143	-0.469	-1.960	-0.936	1.507	1.098	-1.295	-0.820	-1.998	-0.469	-0.619	-1.665	-1.078	0.112	0.572
SyringaeB728a_mexBdelta	Psyr_2483	Psyr_2483		Acriflavin resistance protein	-1.897	-0.966	-4.670	-1.522	-4.519	-1.136	-2.866	-3.256	-2.999	-0.766	-3.589	-1.569	-0.440	-2.358	0.624	0.463	-3.504	-0.562	-1.626	-0.629	-0.420	-0.536	-0.486
SyringaeB728a_mexBdelta	Psyr_2484	Psyr_2484		Acriflavin resistance protein	-1.370	-1.229	-2.920	0.138	-5.180	-3.624	-4.312	-3.142	-1.360	-0.454	-2.743	-1.920	-1.928	-1.057	-0.065	0.280	-6.546	-1.590	-1.275	-0.354	0.320	-0.635	-0.445
SyringaeB728a_mexBdelta	Psyr_2485	Psyr_2485		RND efflux system, outer membrane lipoprotein, NodT	-2.143	-2.301	-4.532	-0.444	-4.502	-3.725	-2.674	-1.979	-1.143	-0.140	-2.283	-1.704	-0.776	0.303	1.053	0.832	-4.915	-0.063	-0.873	-0.578	1.511	0.787	0.282
SyringaeB728a_mexBdelta	Psyr_2486	Psyr_2486		diguanylate cyclase/phosphodiesterase	0.105	-0.106	0.400	-0.014	0.655	0.031	0.334	0.856	-1.115	0.016	1.155	1.313	1.414	1.378	0.834	0.118	0.060	0.285	-0.178	0.275	0.037	0.156	0.861
SyringaeB728a_mexBdelta	Psyr_2487	Psyr_2487		Short-chain dehydrogenase/reductase SDR	-0.497	0.586	1.191	0.096	-1.112	-0.736	-0.764	-2.685	-0.748	0.373	-0.198	0.588	-1.676	-0.405	0.050	-0.014	-0.330	0.074	-0.631	-0.378	0.197	0.618	1.421
SyringaeB728a_mexBdelta	Psyr_2489	Psyr_2489		Alpha amylase, catalytic region	-0.349	-0.555	-0.970	0.390	-0.196	-0.874	0.190	-2.050	1.138	0.255	0.235	0.146	0.035	-0.543	1.001	1.179	-0.211	-1.237	0.529	0.146	-0.935	-0.018	-1.614
SyringaeB728a_mexBdelta	Psyr_2490	Psyr_2490		trehalose synthase	-0.037	-0.300	0.195	0.132	-0.178	-0.933	0.732	0.556	0.145	-0.461	0.722	1.313	-0.110	0.122	0.586	1.237	0.888	1.109	0.201	0.619	0.645	0.507	1.435
SyringaeB728a_mexBdelta	Psyr_2491	Psyr_2491		glycogen branching enzyme	-0.609	0.553	0.043	0.721	1.512	1.763	0.889	0.221	0.004	1.177	0.569	1.695	0.113	0.449	0.271	0.009	-0.489	-0.175	-1.198	-0.268	-0.662	0.374	-0.126
SyringaeB728a_mexBdelta	Psyr_2492	Psyr_2492		Outer membrane autotransporter barrel	-0.270	-0.083	-2.529	0.294	-0.325	-0.437	-0.714	-0.257	0.022	0.704	-1.471	-0.066	1.687	1.919	0.552	0.766	1.005	1.559	-0.142	-0.069	0.009	0.216	-0.208
SyringaeB728a_mexBdelta	Psyr_2493	Psyr_2493		Major facilitator superfamily	1.183	2.044	-0.368	1.905	1.349	0.214	0.468	0.886	1.852	1.502	1.878	0.944	-0.045	-0.528	1.454	0.638	0.435	0.653	0.861	0.571	-0.526	0.762	-0.773
SyringaeB728a_mexBdelta	Psyr_2494	Psyr_2494		conserved hypothetical protein	1.941	1.569	2.495	1.619	3.118	-0.194	2.550	3.410	0.735	1.797	1.645	2.441	1.044	1.124	0.127	-1.242	0.682	-0.065	1.317	-1.136	-1.038	-0.456	1.092
SyringaeB728a_mexBdelta	Psyr_2495	Psyr_2495		ABC transporter	-1.047	-1.486	-0.998	-1.472	-0.747	0.624	0.165	-1.848	0.421	0.644	-0.477	-0.329	-1.250	-2.162	-0.301	-0.071	0.903	-0.570	-0.076	0.450	-0.111	-0.136	1.107
SyringaeB728a_mexBdelta	Psyr_2496	Psyr_2496		lipopolysaccharide core biosynthesis domain protein	-2.177	-1.383	0.551	-0.078	-0.450	0.338	-0.959	0.233	-0.395	-0.964	-1.288	0.469	-0.426	-0.961	-0.221	-0.650	-2.391	-0.693	-0.431	-0.177	-0.629	-1.411	-0.415
SyringaeB728a_mexBdelta	Psyr_2497	Psyr_2497		lipoprotein, putative	0.010	-0.040	-0.266	0.765	-0.346	0.847	-0.109	-0.170	0.744	-1.118	-0.491	0.175	0.599	1.853	-0.544	-0.302	0.482	0.711	-0.729	-1.813	1.107	0.697	-0.410
SyringaeB728a_mexBdelta	Psyr_2498	Psyr_2498		GCN5-related N-acetyltransferase	1.313	-0.477	-0.432	-1.025	-0.627	1.332	1.025	-0.948	1.056	-0.087	0.026	-0.191	0.393	-1.675	-1.198	-2.065	-2.282	-2.449	-1.123	-1.193	-1.591	-1.927	-1.906
SyringaeB728a_mexBdelta	Psyr_2499	Psyr_2499		Glutathione S-transferase, N-terminal:Glutathione S-transferase, C-terminal	1.909	0.945	0.825	0.592	1.149	-2.566	1.007	0.178	0.979	1.245	-0.505	1.303	-0.198	0.244	0.801	0.488	-1.019	-0.293	-0.102	-1.934	-0.751	0.542	-1.575
SyringaeB728a_mexBdelta	Psyr_2502	Psyr_2502		conserved hypothetical protein	1.135	-1.395	-2.388	0.009	-2.475	-0.605	-2.011	-1.267	-1.310	-0.134	-1.433	-0.466	-0.227	-0.337	-1.228	-2.746	-1.905	-1.232	-4.199	-1.104	-0.320	-0.686	-1.113
SyringaeB728a_mexBdelta	Psyr_2503	Psyr_2503		amino acid ABC transporter substrate-binding protein, PAAT family	-0.153	-0.040	0.609	-0.866	-0.972	-0.737	-0.165	-0.139	-0.637	0.196	-1.193	-0.066	1.490	-0.893	0.249	-0.268	0.468	-0.590	-1.151	-0.005	-0.836	-0.837	0.797
SyringaeB728a_mexBdelta	Psyr_2504	Psyr_2504		amino acid ABC transporter membrane protein 1, PAAT family	-0.342	-0.911	-0.855	-0.025	0.450	-0.087	0.649	-0.885	-0.297	0.292	-0.043	0.408	0.201	0.276	0.724	0.010	0.430	0.791	0.464	-0.103	-0.034	0.208	0.077
SyringaeB728a_mexBdelta	Psyr_2505	Psyr_2505		amino acid ABC transporter membrane protein 2, PAAT family	2.074	1.992	-0.411	0.389	-0.135	2.044	-0.503	0.214	0.144	-0.206	1.204	2.453	-0.428	-0.373	-0.022	0.508	-0.814	-0.639	-0.303	1.112	-0.664	0.384	0.269
SyringaeB728a_mexBdelta	Psyr_2506	Psyr_2506		amino acid ABC transporter ATP-binding protein, PAAT family	-1.646	-0.796	0.330	0.117	-1.241	0.152	-0.812	-0.569	-1.003	-1.652	-0.679	0.287	0.414	0.506	-0.839	-1.232	-0.063	-0.980	-0.956	0.425	-3.308	-0.460	-1.150
SyringaeB728a_mexBdelta	Psyr_2507	Psyr_2507		Endoribonuclease L-PSP	2.153	0.836	-0.033	0.254	0.980	1.555	-0.072	1.292	2.046	0.510	0.065	1.360	-0.860	-0.147	0.531	2.165	0.542	1.322	0.144	0.280	0.204	0.550	0.762
SyringaeB728a_mexBdelta	Psyr_2508	Psyr_2508		transcriptional regulator, IclR family	0.746	-1.040	-0.569	-0.653	0.749	0.189	0.851	0.749	1.710	0.033	0.185	0.072	-0.770	-0.959	-0.950	-0.916	0.105	-1.219	-0.061	-1.200	-1.425	-0.642	-0.760
SyringaeB728a_mexBdelta	Psyr_2509	Psyr_2509		conserved hypothetical protein	0.214	1.107	0.377	0.435	0.028	1.173	0.483	0.160	0.043	0.344	-0.421	0.145	1.235	0.261	0.031	-0.216	0.443	0.915	0.964	0.965	-0.155	0.380	0.907
SyringaeB728a_mexBdelta	Psyr_2510	Psyr_2510		2-keto-3-deoxygluconate kinase	-0.051	0.022	-0.432	0.111	-0.702	0.067	-0.569	-0.354	-0.528	-0.354	0.358	0.320	1.606	1.333	0.724	0.483	0.315	-0.252	-0.012	0.985	0.012	0.043	0.496
SyringaeB728a_mexBdelta	Psyr_2511	Psyr_2511		UvrD/REP helicase	0.524	0.250	-0.737	-0.392	0.761	-0.135	1.263	1.139	-0.316	-0.065	-0.456	-0.331	0.612	0.316	1.169	1.284	1.079	0.519	-0.373	0.141	1.920	1.935	2.200
SyringaeB728a_mexBdelta	Psyr_2512	Psyr_2512		conserved hypothetical protein	1.049	0.259	-0.389	0.976	-0.759	-1.287	0.261	0.220	-0.202	1.489	0.378	-0.122	0.335	-1.313	-0.416	-0.114	0.045	1.588	-0.305	0.199	0.802	1.135	0.139
SyringaeB728a_mexBdelta	Psyr_2513	Psyr_2513		extracellular solute-binding protein, family 1	-0.155	0.643	0.619	1.405	0.674	-0.068	2.072	0.944	-0.738	1.059	0.204	-0.895	-0.992	-0.439	-1.057	0.142	-1.354	-0.896	-1.542	0.090	-1.144	0.493	-0.732
SyringaeB728a_mexBdelta	Psyr_2514	Psyr_2514		ABC transporter	-0.374	-0.161	-0.927	-0.222	-0.878	-2.058	-0.720	-0.798	-0.060	0.173	0.157	0.039	-0.244	0.124	-0.112	1.160	1.281	-0.785	-0.156	1.404	0.805	0.360	0.339
SyringaeB728a_mexBdelta	Psyr_2515	Psyr_2515		Binding-protein-dependent transport systems inner membrane component	2.315	-1.049	1.305	2.060	0.975	0.952	1.689	1.539	1.324	1.168	0.985	1.014	-2.006	-2.080	-0.608	-0.329	-0.589	-1.069	0.564	-1.892	-0.781	-1.227	-0.190
SyringaeB728a_mexBdelta	Psyr_2516	Psyr_2516		ABC transporter, substrate-binding protein, aliphatic sulfonate	-0.256	-0.733	0.723	-0.366	-0.662	0.726	1.634	0.526	-0.310	1.228	0.655	-0.829	0.104	-1.230	-0.294	-1.396	-0.400	-0.799	-0.113	-1.006	-0.296	-0.017	-0.686
SyringaeB728a_mexBdelta	Psyr_2518	Psyr_2518		conserved hypothetical protein	-0.138	-0.444	-1.705	-0.586	-0.780	-0.160	-0.272	-0.725	-0.594	-0.626	-0.827	-1.698	0.663	-2.087	-0.666	0.378	0.757	0.149	-1.194	-1.110	-0.793	-0.211	0.032
SyringaeB728a_mexBdelta	Psyr_2519	Psyr_2519		Aldo/keto reductase	0.589	-0.688	-1.342	0.123	0.301	1.455	1.239	0.814	0.565	0.361	-0.077	0.750	-1.227	0.055	-0.032	0.102	-0.227	-0.223	0.239	0.118	0.560	0.745	0.548
SyringaeB728a_mexBdelta	Psyr_2520	Psyr_2520		SOS-response transcriptional repressor, LexA	0.895	0.443	0.112	-0.435	0.352	0.455	1.399	1.413	1.425	-0.439	0.132	-0.066	1.024	0.654	0.503	-0.060	0.243	0.977	0.410	-0.527	0.640	0.850	0.052
SyringaeB728a_mexBdelta	Psyr_2521	Psyr_2521		conserved hypothetical protein	-0.455	0.485	-0.583	-0.835	-0.760	-0.215	-1.357	-1.028	-1.199	-0.905	0.308	0.212	-0.796	0.536	0.097	0.506	-0.289	1.399	0.702	0.904	0.438	-0.884	0.274
SyringaeB728a_mexBdelta	Psyr_2522	Psyr_2522		conserved hypothetical protein	1.068	1.142	0.770	-1.023	0.663	0.889	-0.188	-0.975	-0.478	0.222	0.839	0.953	-0.102	-0.824	1.098	0.939	1.428	1.931	1.461	1.421	0.967	-0.196	0.520
SyringaeB728a_mexBdelta	Psyr_2523	Psyr_2523		DNA polymerase III, alpha subunit	0.143	0.451	-0.139	-0.420	-0.120	-0.533	-0.951	1.170	-0.471	-0.688	-0.433	-0.135	1.706	0.099	0.782	0.889	1.292	1.300	-0.055	1.764	0.487	0.449	-0.030
SyringaeB728a_mexBdelta	Psyr_2524	Psyr_2524		conserved hypothetical protein	-0.125	0.864	0.542	1.430	0.123	3.332	1.100	1.553	1.601	1.263	-0.655	1.075	1.532	2.019	1.049	0.925	-0.073	0.053	0.378	-0.235	-0.402	1.999	0.964
SyringaeB728a_mexBdelta	Psyr_2525	Psyr_2525		Mg2+ transporter protein, CorA-like protein	0.078	-0.542	0.534	-0.044	1.358	2.440	0.429	0.784	-1.087	1.017	0.585	-0.430	0.020	-0.431	-2.460	-0.042	-1.266	-0.652	-1.744	-0.933	-1.059	-1.522	-0.856
SyringaeB728a_mexBdelta	Psyr_2526	Psyr_2526		Glutathione synthase/Ribosomal protein S6 modification enzyme (glutaminyl transferase)-like protein	0.927	0.532	1.111	-0.449	-0.499	-0.787	-0.267	-1.019	0.223	-0.535	0.504	-0.214	-0.816	-1.558	-0.737	-0.129	-0.676	-0.549	0.296	-1.060	0.178	-0.841	0.528
SyringaeB728a_mexBdelta	Psyr_2527	Psyr_2527		GCN5-related N-acetyltransferase	0.906	0.574	-1.543	-0.700	0.447	2.165	0.631	1.347	-0.047	0.329	0.166	0.223	-2.191	-1.141	-0.666	0.184	-0.501	0.378	0.330	0.250	0.560	0.308	-0.103
SyringaeB728a_mexBdelta	Psyr_2528	Psyr_2528		Polysaccharide deacetylase	0.646	-0.076	0.926	0.588	0.990	-1.074	-0.337	-0.965	0.350	-0.562	-0.085	0.334	-0.523	-1.699	-0.934	0.472	-1.003	0.324	0.479	-1.036	-1.113	-1.330	-0.956
SyringaeB728a_mexBdelta	Psyr_2529	Psyr_2529		Amidohydrolase	0.151	0.161	-1.376	-0.266	-0.596	0.273	0.736	-1.241	-0.956	0.097	-0.057	1.092	0.356	-1.440	-1.155	0.274	-1.682	-0.641	-0.415	-0.605	-0.603	-0.576	-0.793
SyringaeB728a_mexBdelta	Psyr_2530	Psyr_2530		General substrate transporter:Major facilitator superfamily	-0.011	1.196	0.077	-0.413	0.622	-2.143	0.811	0.304	-1.313	0.330	0.633	-0.291	0.717	-1.560	-0.001	0.612	0.522	0.096	1.115	0.475	-0.052	-0.080	0.221
SyringaeB728a_mexBdelta	Psyr_2531	Psyr_2531		transcriptional regulator, LysR family	3.176	-0.398	0.928	0.230	-0.671	0.893	1.489	0.161	2.361	1.174	1.451	0.718	-0.618	0.652	1.185	1.189	-0.382	1.992	1.065	2.145	1.311	2.249	1.176
SyringaeB728a_mexBdelta	Psyr_2532	Psyr_2532		transcriptional regulator, LysR family	0.156	0.471	-0.148	0.249	0.133	0.078	-0.889	0.306	0.489	0.177	-0.104	-1.995	2.963	2.202	-0.115	2.279	1.004	2.023	1.557	1.027	0.571	0.362	1.501
SyringaeB728a_mexBdelta	Psyr_2533	Psyr_2533		FAD linked oxidase, C-terminal:FAD linked oxidase, N-terminal	1.277	0.613	0.822	0.349	-0.253	1.461	0.448	2.383	0.794	1.684	1.115	0.879	2.214	1.634	0.540	0.770	-0.004	1.356	1.006	0.267	0.911	0.530	0.443
SyringaeB728a_mexBdelta	Psyr_2534	Psyr_2534		Carboxymethylenebutenolidase	0.355	1.662	0.076	0.878	-1.489	0.321	0.543	-0.698	0.007	0.503	-0.363	1.558	-0.707	-2.894	-0.590	-2.046	-1.792	-1.173	-1.313	-0.996	-2.372	-0.931	-1.923
SyringaeB728a_mexBdelta	Psyr_2535	Psyr_2535		GGDEF domain protein	1.331	0.062	0.877	-0.497	-0.255	0.046	-1.160	0.074	0.154	-0.107	-1.401	0.169	-0.933	-1.343	0.386	-0.305	-1.114	-0.611	-1.259	-0.435	-1.652	-1.676	-0.492
SyringaeB728a_mexBdelta	Psyr_2536	Psyr_2536		transcriptional regulator, LysR family	-0.221	1.049	-0.920	0.311	0.010	0.238	0.600	0.278	0.402	-1.405	0.619	0.052	-0.023	1.054	0.086	0.151	0.836	-0.355	-0.069	0.070	0.477	0.144	0.409
SyringaeB728a_mexBdelta	Psyr_2537	Psyr_2537		conserved hypothetical protein	0.244	2.401	3.880	1.222	0.550	1.893	-0.669	2.111	0.752	0.399	1.173	0.477	-1.390	1.113	0.869	1.400	1.939	0.768	2.105	0.699	0.941	2.419	0.427
SyringaeB728a_mexBdelta	Psyr_2538	Psyr_2538		Binding-protein-dependent transport systems inner membrane component	-1.571	-0.608	-1.320	-0.204	-0.941	-1.818	-0.756	-2.732	-1.313	-1.084	-0.725	-1.553	2.480	1.755	-0.425	-0.068	0.053	-0.975	-0.839	0.513	0.315	-0.356	-0.703
SyringaeB728a_mexBdelta	Psyr_2539	Psyr_2539		Binding-protein-dependent transport systems inner membrane component	1.316	0.282	0.683	1.487	1.401	1.393	0.334	-0.250	1.698	0.455	0.042	0.839	-1.119	-0.367	0.306	0.799	0.162	1.746	1.491	1.211	-0.295	1.564	0.108
SyringaeB728a_mexBdelta	Psyr_2540	Psyr_2540		Oligopeptide/dipeptide ABC transporter, ATP-binding protein, C-terminal	-0.206	1.107	-0.046	-0.728	-0.172	1.602	-0.074	0.605	-0.675	0.694	0.028	-0.671	0.804	0.581	2.382	1.621	1.342	0.664	1.963	0.593	1.069	1.009	0.651
SyringaeB728a_mexBdelta	Psyr_2541	Psyr_2541		Oligopeptide/dipeptide ABC transporter, ATP-binding protein, C-terminal	0.578	2.128	0.745	0.019	0.576	1.885	0.824	-1.291	0.545	0.052	0.266	1.773	-0.287	0.484	0.331	-0.519	-0.655	-0.122	-0.337	0.665	0.601	0.611	1.195
SyringaeB728a_mexBdelta	Psyr_2542	Psyr_2542		extracellular solute-binding protein, family 5	0.034	-0.905	0.633	0.624	-0.059	-0.135	0.278	0.083	0.387	0.894	-0.196	0.715	1.087	0.124	0.960	0.650	-0.215	0.425	0.274	0.432	0.608	0.742	-0.625
SyringaeB728a_mexBdelta	Psyr_2543	Psyr_2543		conserved hypothetical protein	0.039	1.132	-0.512	1.002	-0.338	-0.944	1.932	0.156	2.781	0.970	1.878	0.373	1.236	1.335	0.194	-0.616	0.079	-1.674	-0.327	0.833	-1.983	-0.399	-1.838
SyringaeB728a_mexBdelta	Psyr_2544	Psyr_2544		Alkylhydroperoxidase AhpD core:Uncharacterized peroxidase-related protein	1.385	3.104	1.494	1.682	0.222	-0.215	2.124	1.878	0.844	1.385	2.071	1.108	0.698	0.794	0.846	0.432	0.254	0.898	0.632	0.235	1.627	1.210	-0.162
SyringaeB728a_mexBdelta	Psyr_2545	Psyr_2545		Metallophosphoesterase	1.163	-0.087	0.242	0.605	1.478	1.145	-1.210	1.558	-0.173	1.031	-1.423	-0.970	-0.620	0.237	0.487	0.587	1.560	0.540	-0.076	-0.004	1.310	0.425	0.669
SyringaeB728a_mexBdelta	Psyr_2547	Psyr_2547		Orn/DAP/Arg decarboxylase 2:Orn/DAP/Arg decarboxylase 2	-0.659	-0.204	0.357	-1.349	0.033	0.840	-0.083	-0.492	-0.180	-0.593	-0.389	-1.173	1.122	0.899	0.284	-0.795	-0.104	-0.909	0.259	0.185	0.101	0.252	0.527
SyringaeB728a_mexBdelta	Psyr_2548	Psyr_2548		hypothetical protein	0.466	-0.273	0.639	0.509	0.805	0.828	-0.159	0.070	-0.313	1.407	0.930	-0.184	0.454	0.901	1.211	1.270	0.733	0.682	0.850	1.207	1.239	1.411	1.092
SyringaeB728a_mexBdelta	Psyr_2549	Psyr_2549		hypothetical protein	0.429	-1.431	-0.374	0.897	1.064	1.084	2.044	-0.106	0.599	-0.716	0.677	1.281	-0.452	1.432	-1.386	-1.613	-0.438	1.009	-0.788	-0.703	-0.828	-0.709	-0.627
SyringaeB728a_mexBdelta	Psyr_2550	Psyr_2550		hypothetical protein	-0.864	-0.396	-1.642	-1.663	-0.757	1.199	-0.654	0.409	-0.283	-0.208	-0.179	1.040	0.968	0.444	1.240	0.760	2.412	2.191	1.430	1.271	2.357	1.148	1.132
SyringaeB728a_mexBdelta	Psyr_2551	Psyr_2551		acetylornithine aminotransferase apoenzyme	0.657	1.688	0.295	1.776	-0.282	1.258	1.294	-0.011	1.326	-0.834	-0.059	1.846	-0.405	-0.863	1.232	1.047	0.541	0.639	1.578	1.540	0.040	1.478	-0.028
SyringaeB728a_mexBdelta	Psyr_2552	Psyr_2552		cyclase/dehydrase	1.130	-0.275	0.247	0.924	2.163	-0.057	-0.596	0.613	0.771	-0.068	-0.433	-0.153	0.563	-0.729	0.317	-1.649	-1.707	-0.397	-0.750	-1.157	-0.926	-0.250	0.141
SyringaeB728a_mexBdelta	Psyr_2553	Psyr_2553		Putative dehydrogenase domain of multifunctional non-ribosomal peptide synthetases-related enzyme	0.404	1.560	0.766	-0.253	-0.801	-0.197	-0.688	0.354	2.172	0.737	0.176	1.982	-2.193	-1.783	0.046	0.908	0.223	-0.833	-0.613	-0.302	0.556	-0.604	0.442
SyringaeB728a_mexBdelta	Psyr_2554	Psyr_2554		Fatty acid desaturase	0.468	-0.402	-0.637	0.576	0.219	0.815	1.850	-1.778	1.026	0.713	0.072	0.588	0.172	-0.424	-0.750	0.187	-0.210	0.349	-0.389	0.144	-0.666	-0.890	0.419
SyringaeB728a_mexBdelta	Psyr_2555	Psyr_2555		(dCTP deaminase), deoxycytidine triphosphate deaminase	-0.810	0.035	0.863	-0.082	0.003	1.644	-0.317	-0.457	-0.827	0.406	-0.571	-0.865	-0.150	-0.027	-1.484	-1.594	0.090	-1.293	0.229	-0.142	-0.837	-1.490	0.080
SyringaeB728a_mexBdelta	Psyr_2556	Psyr_2556		dCTP deaminase	0.086	0.042	-0.502	-1.301	-0.119	-0.177	-0.086	-0.454	-0.967	-1.106	0.126	-0.800	0.521	0.082	-0.526	0.080	-1.334	-0.352	0.207	0.016	-0.759	-0.515	-0.758
SyringaeB728a_mexBdelta	Psyr_2558	Psyr_2558		hypothetical protein	-0.303	-1.361	-0.983	0.931	0.032	0.091	0.275	-0.822	1.653	-1.408	-0.353	-0.529	0.991	0.688	-0.408	0.033	0.046	-1.097	-0.495	-1.271	-1.857	-1.085	0.151
SyringaeB728a_mexBdelta	Psyr_2559	Psyr_2559		hypothetical protein	-0.153	0.759	-0.444	-1.797	-1.505	-1.166	-0.996	-1.594	-0.435	-1.545	-0.791	-1.773	0.035	0.740	0.799	-1.033	-0.370	-0.165	-0.626	0.792	-0.799	0.156	1.790
SyringaeB728a_mexBdelta	Psyr_2560	Psyr_2560		hypothetical protein	0.896	0.631	0.901	-1.848	-1.338	1.551	-2.363	0.968	-0.863	-0.768	-2.335	-1.028	0.632	-0.927	1.629	0.962	1.495	0.886	1.477	2.350	1.397	0.657	2.169
SyringaeB728a_mexBdelta	Psyr_2561	Psyr_2561		hypothetical protein	-0.707	0.934	-0.308	-0.199	0.301	-0.981	-1.970	-1.487	1.453	-0.035	-1.754	-0.855	0.441	-0.464	-0.996	-1.059	-1.410	-0.664	0.675	-2.535	-1.783	-1.540	-0.970
SyringaeB728a_mexBdelta	Psyr_2562	Psyr_2562		hypothetical protein	-1.109	-1.766	0.335	-1.905	-0.334	-0.368	-0.508	0.096	0.157	-2.941	-1.535	-2.214	-0.761	-0.533	0.079	-1.373	-1.501	-0.305	-0.191	-0.388	-2.176	-2.387	0.359
SyringaeB728a_mexBdelta	Psyr_2563	Psyr_2563		HAD-superfamily hydrolase, subfamily IIA	0.561	-0.594	1.012	-0.353	0.500	-0.481	0.802	1.451	-0.737	0.454	0.274	1.753	-0.081	0.042	0.023	-0.026	-0.810	-1.322	-0.012	-1.433	-0.278	0.477	0.212
SyringaeB728a_mexBdelta	Psyr_2564	Psyr_2564		transcriptional regulator, GntR family	-1.332	-0.047	-0.248	-1.094	-0.385	0.062	-0.527	-1.530	-1.168	-0.700	-0.368	-1.464	1.166	0.115	-1.271	-0.121	1.691	-1.096	-0.576	0.298	0.727	1.361	-0.968
SyringaeB728a_mexBdelta	Psyr_2566	Psyr_2566		dihydroxyacetone kinase DhaK subunit	-1.531	-1.535	0.648	0.175	-0.778	-0.324	0.431	-0.779	-0.790	-1.373	-1.389	-0.558	1.200	0.503	0.109	0.722	1.290	0.140	0.702	0.747	1.384	0.840	-0.599
SyringaeB728a_mexBdelta	Psyr_2567	Psyr_2567		Zinc-containing alcohol dehydrogenase superfamily	0.315	-0.112	-0.653	0.071	-0.191	1.847	-0.681	-0.178	-0.487	0.459	0.358	0.741	1.174	0.721	0.166	0.522	0.744	1.424	1.566	0.988	1.599	1.491	0.994
SyringaeB728a_mexBdelta	Psyr_2569	Psyr_2569		monosaccharide ABC transporter substrate-binding protein, CUT2 family	-0.482	-0.760	0.924	-0.056	-1.537	-1.013	0.395	-1.059	0.034	-1.384	-1.007	-0.700	1.170	-0.088	-0.167	1.264	1.074	1.212	0.300	1.485	0.238	-0.793	0.535
SyringaeB728a_mexBdelta	Psyr_2570	Psyr_2570		monosaccharide ABC transporter membrane protein, CUT2 family	-0.136	0.053	-1.320	-1.230	-1.420	0.384	-0.492	-1.177	-0.685	0.758	-0.840	-0.458	0.502	0.904	-0.705	-1.025	1.154	0.150	-0.091	0.146	0.086	-0.603	1.276
SyringaeB728a_mexBdelta	Psyr_2571	Psyr_2571		monosaccharide ABC transporter ATP-binding protein, CUT2 family	0.186	0.072	0.278	0.581	0.539	0.891	-0.144	-0.032	0.765	-0.115	0.815	1.445	-1.033	0.404	0.641	-0.395	0.913	0.352	-0.532	-0.029	0.077	-0.675	-0.116
SyringaeB728a_mexBdelta	Psyr_2573	Psyr_2573		transcriptional regulator, DeoR family	0.321	-2.054	-0.231	-0.751	-2.241	-0.506	-0.025	-1.183	-0.363	-1.493	-0.676	0.005	1.954	1.722	0.601	-0.061	-0.004	0.297	0.182	-0.468	0.329	1.174	0.847
SyringaeB728a_mexBdelta	Psyr_2574	Psyr_2574		quinoprotein glucose dehydrogenase	0.705	0.980	0.063	1.130	0.914	2.164	0.986	-0.589	0.000	1.145	0.729	0.006	1.383	-1.402	-1.377	-0.982	-1.220	-0.151	-0.965	-0.879	-1.658	-2.728	-0.678
SyringaeB728a_mexBdelta	Psyr_2576	Psyr_2576		Amino acid adenylation	0.040	1.981	0.611	-0.201	0.616	-0.737	0.470	0.800	2.035	1.404	0.750	0.987	-0.518	-0.760	0.859	1.572	0.588	1.350	-1.011	-0.177	1.137	0.538	0.871
SyringaeB728a_mexBdelta	Psyr_2577	Psyr_2577		Amino acid adenylation	0.871	0.795	0.647	0.649	1.693	-0.178	0.940	0.426	0.739	0.710	0.818	1.969	-0.752	-0.539	-0.149	-0.380	0.206	-0.260	-0.697	0.431	-0.290	-0.763	0.289
SyringaeB728a_mexBdelta	Psyr_2578	Psyr_2578		regulatory protein, LuxR	-0.121	-1.462	-0.388	0.043	-0.495	-1.170	0.404	0.355	-0.961	0.810	-0.841	-0.042	-0.828	-0.434	0.106	-0.009	-0.931	0.355	-1.037	0.288	-1.860	-1.228	-0.381
SyringaeB728a_mexBdelta	Psyr_2579	Psyr_2579		Aldehyde dehydrogenase	-1.221	-1.477	-1.764	-0.635	-1.004	0.538	-1.098	-0.656	-0.477	-0.463	-1.600	-1.239	1.850	0.712	0.238	0.369	0.245	-0.385	1.094	0.018	-0.140	1.357	-0.447
SyringaeB728a_mexBdelta	Psyr_2580	Psyr_2580		Sigma-70 region 2	-1.183	-0.508	-0.983	-1.007	-0.968	-0.625	0.360	-1.372	-0.510	0.165	-0.377	-0.682	-0.430	-1.347	-2.354	-0.204	-1.193	-0.005	-0.705	-1.339	-1.072	-0.763	-2.259
SyringaeB728a_mexBdelta	Psyr_2581	Psyr_2581		FecR protein	0.709	0.726	0.708	0.029	1.682	1.151	1.544	0.645	1.070	0.551	-0.301	0.800	0.339	0.968	-0.524	0.842	0.595	0.122	0.304	1.014	1.071	0.667	-0.280
SyringaeB728a_mexBdelta	Psyr_2582	Psyr_2582		TonB-dependent siderophore receptor	-0.543	0.179	-0.196	-0.828	-1.491	0.122	-0.485	-0.474	1.135	-0.490	-0.202	-0.011	-1.408	-2.795	-0.746	-2.297	-0.582	-1.725	-1.024	-2.663	-1.056	-2.125	-3.454
SyringaeB728a_mexBdelta	Psyr_2583	Psyr_2583		diaminobutyrate aminotransferase apoenzyme	-0.279	0.270	0.061	-0.038	0.190	0.265	1.471	-2.149	1.364	0.546	-0.713	0.167	-1.538	-1.180	0.516	1.522	0.982	0.879	0.539	0.749	0.610	0.170	-0.306
SyringaeB728a_mexBdelta	Psyr_2584	Psyr_2584		IucA/IucC	1.766	1.136	0.411	-0.159	-1.086	-0.794	1.494	-0.004	0.472	1.081	2.013	0.144	0.422	-0.074	-0.324	-0.113	0.971	-0.162	1.331	0.192	-0.737	-0.080	0.637
SyringaeB728a_mexBdelta	Psyr_2585	Psyr_2585		Orn/DAP/Arg decarboxylase 2:Orn/DAP/Arg decarboxylase 2	0.130	1.705	0.093	-0.495	0.250	1.319	-0.616	0.825	0.921	0.528	-0.090	1.146	0.387	-0.244	-0.113	0.259	-0.870	0.477	-0.700	-0.157	-0.979	-0.474	-0.748
SyringaeB728a_mexBdelta	Psyr_2586	Psyr_2586		Drug resistance transporter EmrB/QacA subfamily	-0.160	0.939	1.336	0.778	0.725	2.369	0.076	1.280	1.231	0.461	0.477	2.862	-1.223	1.047	0.363	0.270	0.772	-0.155	-0.120	0.310	0.498	1.175	0.035
SyringaeB728a_mexBdelta	Psyr_2587	Psyr_2587		IucA/IucC	1.109	0.374	-0.074	0.006	-0.984	-0.174	-0.122	0.202	-0.128	0.780	-0.469	-0.485	-0.513	-0.165	0.403	0.197	-0.719	-0.184	0.490	0.177	-1.319	-0.914	-0.252
SyringaeB728a_mexBdelta	Psyr_2588	Psyr_2588		HpcH/HpaI aldolase	0.449	-0.642	0.874	-1.749	0.624	-0.320	-0.969	-1.272	-0.102	0.140	-0.004	-0.810	-0.747	0.206	-0.001	2.998	1.149	1.050	2.180	1.100	1.192	2.956	0.650
SyringaeB728a_mexBdelta	Psyr_2589	Psyr_2589		IucA/IucC	0.524	-0.312	0.004	-0.963	-0.165	1.889	-0.974	-0.176	0.180	0.447	0.595	0.518	0.661	0.742	-1.315	0.099	-1.589	-0.695	-2.009	-1.010	-1.408	-1.886	-1.299
SyringaeB728a_mexBdelta	Psyr_2590	Psyr_2590		Periplasmic binding protein	0.176	2.314	0.229	0.176	0.064	-0.171	1.343	1.188	0.159	0.916	0.856	1.677	0.382	-0.104	-1.080	0.388	-0.790	-1.157	-2.012	-2.544	-0.763	-1.294	-0.524
SyringaeB728a_mexBdelta	Psyr_2591	Psyr_2591		transport system permease protein	0.312	1.490	-0.664	0.452	1.090	0.743	-0.291	-1.329	0.632	0.292	0.415	0.476	1.275	0.419	0.902	0.555	0.980	0.491	-0.767	0.824	-0.036	0.600	-0.518
SyringaeB728a_mexBdelta	Psyr_2592	Psyr_2592		transport system permease protein	-1.240	0.143	0.506	-0.192	0.181	-0.325	-0.337	-0.110	-1.060	-1.073	0.976	-0.629	-0.856	0.054	-2.471	-1.164	-2.157	0.374	-1.280	0.671	-0.149	-0.962	-1.478
SyringaeB728a_mexBdelta	Psyr_2593	Psyr_2593		ABC transporter	-0.532	0.365	-0.811	-2.050	0.395	-0.324	-1.969	-0.844	-2.008	-1.284	-0.062	0.724	-0.403	-1.423	-0.348	-1.415	-0.603	-2.026	0.951	-0.377	-1.247	-1.671	-0.398
SyringaeB728a_mexBdelta	Psyr_2594	Psyr_2594		unknown conserved protein in bacilli	-0.073	0.920	0.070	0.497	0.461	-1.289	-0.178	0.147	-0.185	-0.118	-0.424	0.095	-0.453	-1.362	-2.038	-1.972	-0.895	-1.177	-1.230	-0.830	-0.508	-1.033	-1.270
SyringaeB728a_mexBdelta	Psyr_2595	Psyr_2595		Dimethylmenaquinone methyltransferase	0.305	-0.769	-0.236	-1.028	-1.168	0.680	-1.096	-1.556	-0.922	-0.373	-1.737	-1.075	-1.238	2.956	-1.483	0.222	-0.113	-1.815	-0.561	-1.196	-2.624	-1.437	-1.249
SyringaeB728a_mexBdelta	Psyr_2596	Psyr_2596		PAS	-3.269	-3.380	-1.309	-1.822	-0.714	-0.792	-1.281	-2.731	-1.408	-1.818	-2.359	-2.540	-0.924	-1.692	-2.456	-1.169	-0.688	-0.217	-1.309	-1.631	-0.497	-1.942	0.284
SyringaeB728a_mexBdelta	Psyr_2597	Psyr_2597		diguanylate cyclase/phosphodiesterase	0.584	0.952	0.238	1.130	0.193	1.459	2.294	-1.190	-0.606	-0.180	0.261	0.032	0.799	0.510	1.864	-0.110	-0.444	0.530	1.417	0.434	-0.760	0.319	-0.621
SyringaeB728a_mexBdelta	Psyr_2598	Psyr_2598		conserved hypothetical protein, putative DNA helicase	0.922	-0.189	2.209	0.658	0.976	0.574	0.360	0.538	0.747	-0.814	0.856	0.964	-0.867	-0.312	-0.187	0.054	-0.631	0.262	-0.259	-0.449	-0.128	0.529	-1.114
SyringaeB728a_mexBdelta	Psyr_2599	Psyr_2599		Metallophosphoesterase	-0.973	-0.198	0.292	-1.731	-1.249	-1.229	-0.346	-0.694	-1.204	-1.193	-0.040	-0.943	-0.780	-0.776	-2.361	-0.808	-1.406	-0.269	-0.890	-2.080	-1.943	-1.154	-2.194
SyringaeB728a_mexBdelta	Psyr_2600	Psyr_2600		hypothetical protein	0.892	-0.284	-0.344	0.660	0.150	0.322	1.118	0.077	0.885	1.476	-0.821	1.287	-0.199	0.627	-0.042	-0.299	-0.090	0.599	-0.842	0.179	-0.264	-0.404	0.152
SyringaeB728a_mexBdelta	Psyr_2601	Psyr_2601		regulatory protein, LuxR	-4.535	-2.594	-0.868	-1.750	-1.302	-0.532	-0.188	-2.421	-1.028	-0.440	-3.434	-2.687	1.588	-0.603	-1.670	-2.362	-2.957	-0.430	0.401	-2.346	-2.559	-2.709	-1.478
SyringaeB728a_mexBdelta	Psyr_2602	Psyr_2602		transcriptional regulator, LuxR family	-4.112	-2.570	-2.830	-1.132	-1.688	-0.525	-0.600	-3.130	-1.230	-2.421	-3.382	-3.121	-0.800	-1.033	-0.209	-1.695	0.787	0.915	0.929	-0.311	-0.868	-0.966	-0.311
SyringaeB728a_mexBdelta	Psyr_2603	Psyr_2603		Secretion protein HlyD	-3.022	-1.181	-0.615	-0.840	-1.900	0.743	-0.869	-1.735	-0.999	-1.725	-2.666	-1.584	1.804	-0.285	-1.959	-1.543	-1.953	-1.035	-1.535	-1.544	-0.864	-1.213	-1.402
SyringaeB728a_mexBdelta	Psyr_2604	Psyr_2604		conserved hypothetical protein; putative membrane protein	-0.180	-0.142	-0.474	-1.087	0.626	0.090	-0.102	-0.501	-0.750	0.488	-0.292	-1.582	0.613	0.140	0.074	-0.397	-0.890	-1.163	-0.240	0.136	0.148	-1.230	0.966
SyringaeB728a_mexBdelta	Psyr_2605	Psyr_2605		transposase, putative	-0.179	1.717	-0.150	-0.453	1.086	0.338	0.779	0.360	1.312	0.124	0.015	1.000	-0.062	0.041	1.191	1.423	0.862	1.742	2.085	-0.013	0.476	1.175	1.068
SyringaeB728a_mexBdelta	Psyr_2606	Psyr_2606		RND efflux system, outer membrane lipoprotein, NodT	0.216	-0.056	0.448	0.351	-0.085	1.471	0.433	0.490	0.111	-0.000	-0.385	0.187	0.290	-1.114	-0.441	-0.088	-1.131	0.636	0.089	-0.233	0.057	-0.359	-1.233
SyringaeB728a_mexBdelta	Psyr_2607	Psyr_2607		regulatory protein, LuxR	-3.083	-4.489	-0.357	-1.662	-0.005	0.660	-0.289	-0.077	-2.359	-1.576	-2.790	-1.967	-0.928	-2.423	-1.294	-0.562	-1.552	-1.303	-1.097	-0.744	-2.093	-1.899	-1.398
SyringaeB728a_mexBdelta	Psyr_2608	Psyr_2608		Amino acid adenylation	0.743	0.806	1.245	0.515	1.325	1.611	1.578	1.963	1.517	0.121	0.417	1.205	0.784	-0.175	0.300	-0.249	0.330	-0.398	0.095	0.122	-0.536	0.049	0.111
SyringaeB728a_mexBdelta	Psyr_2609	Psyr_2609		Alpha/beta hydrolase fold protein	-0.534	-0.326	0.763	0.061	0.497	0.954	-0.315	1.138	0.157	1.319	-0.233	0.116	-1.701	-1.573	0.176	-0.157	0.365	-0.243	0.733	1.090	1.182	-0.698	-0.112
SyringaeB728a_mexBdelta	Psyr_2610	Psyr_2610		Chlorinating enzyme	0.713	-1.270	0.356	-0.570	-0.021	-0.364	-1.131	-1.362	0.278	-0.631	-1.103	-1.253	3.560	2.347	1.379	-0.121	1.488	0.421	0.037	0.891	0.724	0.873	2.321
SyringaeB728a_mexBdelta	Psyr_2611	Psyr_2611		Amino acid adenylation	-0.608	0.566	0.769	0.144	0.008	0.544	0.527	-1.625	-0.203	-1.177	-0.730	-0.770	-0.336	-0.519	-1.089	-0.805	-0.804	-1.267	-0.781	-0.369	-1.979	-1.661	-0.969
SyringaeB728a_mexBdelta	Psyr_2612	Psyr_2612		syrP protein, putative	1.272	1.218	-1.082	0.578	1.152	-0.411	0.150	-0.025	1.461	0.442	1.120	1.681	-0.533	0.531	-0.024	-0.055	1.533	0.783	-0.211	1.518	0.936	1.169	-0.568
SyringaeB728a_mexBdelta	Psyr_2613	Psyr_2613		Cyclic peptide transporter	-0.373	0.505	0.305	-0.895	-1.411	-0.335	0.364	-0.537	0.800	-1.086	0.973	-0.517	2.148	2.910	-0.308	-0.519	0.735	-0.015	0.159	0.071	-0.136	0.067	-1.274
SyringaeB728a_mexBdelta	Psyr_2614	Psyr_2614		Amino acid adenylation	0.484	1.420	-0.172	0.550	-0.692	0.030	0.669	0.131	0.903	0.104	0.695	0.422	0.311	-0.201	0.055	-0.161	0.760	-0.131	-0.537	-0.008	-0.658	-0.631	0.089
SyringaeB728a_mexBdelta	Psyr_2615	Psyr_2615		Amino acid adenylation	0.590	0.536	0.778	-0.134	0.846	1.001	0.718	-0.262	0.230	1.109	0.784	0.815	-0.464	-0.311	0.278	0.020	0.692	0.828	0.537	0.218	0.270	0.585	0.405
SyringaeB728a_mexBdelta	Psyr_2616	Psyr_2616		Amino acid adenylation	0.950	0.927	-1.790	1.003	-0.534	-0.169	0.896	0.144	1.118	0.993	0.816	0.824	-0.308	-0.755	0.151	0.369	-0.992	0.710	0.351	-0.140	0.357	-0.544	0.247
SyringaeB728a_mexBdelta	Psyr_2617	Psyr_2617		Secretion protein HlyD	0.471	0.591	0.238	-0.866	0.123	0.759	-0.830	-0.739	0.029	-1.319	-0.698	1.438	0.898	0.698	-0.591	-2.525	-0.271	-2.199	-3.071	-1.994	-0.959	-1.349	-1.362
SyringaeB728a_mexBdelta	Psyr_2618	Psyr_2618		ABC transporter:Protein of unknown function DUF214	-0.122	-0.032	-0.421	-0.154	-1.933	0.055	-0.290	0.839	-1.207	0.374	0.156	0.292	-0.250	1.341	-0.756	-0.013	0.237	-2.058	-1.970	-0.096	-0.647	-0.066	0.129
SyringaeB728a_mexBdelta	Psyr_2619	Psyr_2619		diaminobutyrate aminotransferase apoenzyme	0.624	0.368	0.924	0.088	0.456	0.673	0.012	-0.722	3.043	0.015	1.477	1.281	-1.142	-0.507	-0.136	-0.689	0.565	-1.010	0.336	-1.130	0.358	0.534	0.695
SyringaeB728a_mexBdelta	Psyr_2620	Psyr_2620		RND efflux system, outer membrane lipoprotein, NodT	0.660	0.086	0.350	-0.431	-0.886	0.104	-0.807	-0.972	-0.455	-0.720	0.181	0.339	1.516	1.283	0.375	0.008	0.831	0.343	0.937	-0.427	-0.622	0.776	0.358
SyringaeB728a_mexBdelta	Psyr_2621	Psyr_2621		Secretion protein HlyD	1.142	1.278	-0.258	-0.643	1.698	-0.489	0.527	0.194	1.927	0.898	1.297	0.914	-0.621	-0.211	1.032	-0.713	0.637	1.108	0.049	0.102	0.001	-0.099	1.989
SyringaeB728a_mexBdelta	Psyr_2622	Psyr_2622		Acriflavin resistance protein	-1.480	-0.820	-1.031	-0.071	-0.706	-0.840	-0.203	-1.665	0.301	-1.232	-0.855	0.486	0.427	-0.474	-0.837	-0.287	0.529	-0.160	0.649	0.828	0.873	-0.676	0.082
SyringaeB728a_mexBdelta	Psyr_2623	Psyr_2623		conserved hypothetical protein	-1.773	0.175	-0.651	-0.877	-1.893	-1.644	0.326	-1.034	0.129	-0.386	-1.714	0.074	1.260	1.134	-1.334	-1.433	-0.080	-0.842	-1.404	-0.306	-0.436	0.148	0.137
SyringaeB728a_mexBdelta	Psyr_2624	Psyr_2624		lipoprotein, putative	1.224	0.246	0.364	-0.624	2.087	1.793	-0.702	3.705	2.543	1.360	1.332	0.307	-0.491	0.957	-0.221	0.394	0.091	-0.329	0.664	0.673	0.338	1.342	0.967
SyringaeB728a_mexBdelta	Psyr_2625	Psyr_2625		lipoprotein, putative	-1.070	-0.375	-0.833	0.321	-1.516	-1.796	0.891	-1.576	0.570	-1.058	-1.938	-0.721	-0.000	-2.337	-1.007	-1.162	-0.076	-1.186	-0.306	-1.261	-0.206	0.056	-1.262
SyringaeB728a_mexBdelta	Psyr_2626	Psyr_2626		Protein of unknown function DUF323	-1.057	-1.042	0.020	-0.837	0.026	0.033	-0.787	-0.573	-1.740	-0.680	0.129	-1.094	1.596	-0.483	-1.406	-0.065	-1.546	-0.395	0.341	-0.517	-0.204	0.114	0.864
SyringaeB728a_mexBdelta	Psyr_2627	Psyr_2627		Protein of unknown function DUF214	-1.024	0.259	0.191	0.018	-1.161	0.638	-0.896	0.539	0.792	-1.075	-0.039	-0.839	-1.372	-0.059	-1.371	0.751	0.282	-0.741	0.486	0.258	-0.680	0.120	-1.190
SyringaeB728a_mexBdelta	Psyr_2628	Psyr_2628		ABC transporter	-0.048	-0.729	0.944	-0.380	1.349	0.837	-0.474	-0.928	-0.119	1.660	0.534	-1.998	-0.820	-1.888	0.317	0.389	0.367	-0.065	0.025	0.388	0.380	0.213	0.019
SyringaeB728a_mexBdelta	Psyr_2629	Psyr_2629		von Willebrand factor, type A	-0.696	-1.605	0.981	0.012	-0.122	0.992	-0.127	-1.195	-1.077	0.015	-0.801	-0.345	-0.737	2.028	0.420	-0.501	-0.159	-0.752	0.989	0.471	-0.151	-0.068	-0.029
SyringaeB728a_mexBdelta	Psyr_2630	Psyr_2630		conserved hypothetical protein	-1.119	-1.311	-0.584	-0.644	2.220	0.233	1.216	-0.911	-0.844	-0.555	0.010	-0.611	1.003	-0.058	1.022	-0.622	0.829	-0.380	-1.216	0.240	-0.031	0.501	0.489
SyringaeB728a_mexBdelta	Psyr_2631	Psyr_2631		HopL1 protein	0.019	-0.645	-0.144	0.187	1.130	1.361	-0.250	-0.275	0.732	0.249	-0.418	-0.543	1.674	0.140	1.877	1.946	2.010	0.656	2.297	1.813	1.248	1.813	2.738
SyringaeB728a_mexBdelta	Psyr_2632	Psyr_2632		virulence protein SrfB	-0.735	-1.465	-1.124	-0.937	-0.220	-1.971	-0.282	-1.196	-0.445	-0.995	-1.663	-1.487	-1.649	-1.779	-0.719	-2.032	-0.356	-1.180	-0.045	-0.663	-1.080	-0.782	-1.142
SyringaeB728a_mexBdelta	Psyr_2633	Psyr_2633		conserved hypothetical protein	-1.892	-1.689	-0.912	-0.295	0.298	-1.076	-1.097	-2.432	-1.698	-1.952	-1.727	-1.597	0.665	-0.125	-0.867	1.100	-0.416	-0.932	0.726	-0.538	0.019	-0.166	-0.618
SyringaeB728a_mexBdelta	Psyr_2634	Psyr_2634		Histidine kinase, HAMP region:Bacterial chemotaxis sensory transducer	-0.088	0.305	0.421	0.426	-0.124	-0.570	0.629	0.404	1.150	0.104	-0.534	0.109	-0.886	-0.446	0.558	-0.094	0.301	0.633	1.205	0.084	0.041	1.055	1.064
SyringaeB728a_mexBdelta	Psyr_2635	Psyr_2635		conserved hypothetical protein	0.883	1.042	1.902	2.071	1.953	2.237	1.750	0.238	0.916	2.610	0.879	2.252	0.626	0.690	-0.137	2.265	0.809	0.650	2.305	0.339	1.083	0.089	1.017
SyringaeB728a_mexBdelta	Psyr_2636	Psyr_2636		TspO/MBR-related protein	1.146	-1.128	-1.485	-0.726	-1.514	0.898	0.160	-1.266	-0.470	0.330	-1.214	-2.106	-0.220	1.512	-1.641	-0.898	-1.584	-1.739	-1.792	-0.912	-0.747	-1.401	0.596
SyringaeB728a_mexBdelta	Psyr_2637	Psyr_2637		FAD dependent oxidoreductase	-0.054	1.276	-2.309	0.620	1.342	-0.600	-0.294	0.043	-0.024	0.170	-0.594	-0.595	3.245	2.036	-0.181	-0.877	-0.924	-2.339	-0.478	-1.441	-1.036	-1.091	-1.172
SyringaeB728a_mexBdelta	Psyr_2638	Psyr_2638		Alpha/beta hydrolase fold protein	-0.254	0.133	-2.025	0.600	0.298	1.797	-0.870	-0.453	-0.379	-1.408	-1.062	-1.002	-1.379	-2.002	0.004	0.261	-0.456	0.549	0.046	0.247	0.531	-0.119	-1.274
SyringaeB728a_mexBdelta	Psyr_2639	Psyr_2639		hypothetical protein	-1.688	-1.146	-1.775	-1.035	-1.236	-0.513	0.984	-0.771	-0.992	0.267	-0.248	0.353	-0.803	-1.181	-1.314	-0.900	-1.160	-1.020	-0.892	-0.687	-2.213	-0.702	-0.409
SyringaeB728a_mexBdelta	Psyr_2640	Psyr_2640		NUDIX hydrolase	0.186	0.569	-0.027	-0.874	-0.604	-0.942	-0.151	-1.140	1.311	-1.022	-0.156	-1.092	0.974	-1.416	0.291	0.211	0.630	0.855	0.196	0.691	-0.322	0.065	0.723
SyringaeB728a_mexBdelta	Psyr_2641	Psyr_2641		hypothetical protein	-1.058	-1.085	0.180	-0.254	-2.877	-0.397	0.176	-2.265	-1.638	-1.310	-1.979	-2.622	-1.432	-1.493	-1.637	-1.383	-0.686	-1.266	-0.954	-0.721	-0.322	-2.424	-1.103
SyringaeB728a_mexBdelta	Psyr_2642	Psyr_2642		hypothetical protein	-2.564	-2.185	-0.542	-1.635	-0.170	-1.066	0.987	-3.034	-1.200	-4.116	-1.629	-1.340	-0.852	-2.053	-2.491	-0.945	-2.288	-1.484	-2.011	-1.927	-2.581	-1.923	-0.382
SyringaeB728a_mexBdelta	Psyr_2643	Psyr_2643		hypothetical protein	-3.660	-2.799	-1.647	-3.308	-1.757	-1.732	-2.394	-3.580	-2.606	-5.042	-3.903	-2.508	-2.557	-2.247	-1.151	-1.372	-2.509	-0.241	-1.282	-0.875	-1.499	-1.500	-2.008
SyringaeB728a_mexBdelta	Psyr_2644	Psyr_2644		Uncharacterized protein conserved in bacteria-like protein	-3.108	-3.291	-1.698	-1.230	0.113	-1.308	-1.717	-2.742	-2.737	-2.577	-2.934	-3.222	-1.785	-1.650	-2.600	-1.700	-1.353	-1.613	-1.303	-1.247	-2.589	-1.790	-2.739
SyringaeB728a_mexBdelta	Psyr_2645	Psyr_2645		hypothetical protein	-0.445	-0.050	-1.601	0.476	-1.079	-1.157	0.563	0.956	0.342	-0.466	-0.554	-2.524	0.995	1.315	1.835	0.260	1.338	0.024	0.184	-0.475	-0.440	1.750	-0.368
SyringaeB728a_mexBdelta	Psyr_2646	Psyr_2646		Radical SAM	-2.009	-1.154	-0.331	-0.233	-0.710	1.309	0.507	-1.977	-1.494	-1.103	-0.998	-0.959	0.252	-2.353	-1.226	-1.037	-0.184	-0.887	-0.583	-0.254	-0.358	-1.501	-2.109
SyringaeB728a_mexBdelta	Psyr_2647	Psyr_2647		hypothetical protein	-3.928	-3.338	-2.552	-1.649	-2.136	-0.093	0.076	-3.459	-0.440	-2.076	-3.275	-3.144	-0.275	-2.448	0.604	0.034	0.345	-0.067	-0.663	-0.494	0.366	0.097	-1.000
SyringaeB728a_mexBdelta	Psyr_2648	Psyr_2648		hypothetical protein	-1.404	-1.833	-1.789	-0.641	1.349	-1.733	-0.673	-2.052	-0.483	-2.018	-1.336	-2.359	-1.430	-1.395	-0.143	-0.756	-1.093	-0.038	-0.646	-1.020	-1.041	-0.462	-0.893
SyringaeB728a_mexBdelta	Psyr_2649	Psyr_2649		hypothetical protein	-3.231	-3.133	-1.715	-0.196	-0.899	0.967	-1.504	-2.724	-2.953	-1.611	-2.887	-2.487	-1.501	-3.151	-1.577	-0.993	-1.667	-1.274	-0.323	-1.583	-3.095	-1.570	-1.571
SyringaeB728a_mexBdelta	Psyr_2650	Psyr_2650		hypothetical protein	-0.919	-0.129	-1.405	-0.670	0.781	-2.031	0.395	-2.190	-1.158	-0.060	-0.159	-1.135	-1.635	-0.833	-1.288	-0.387	0.397	-0.097	-0.869	0.401	-0.634	0.489	-0.996
SyringaeB728a_mexBdelta	Psyr_2651	Psyr_2651		conserved hypothetical protein	-2.429	-1.604	-1.283	-1.669	-0.216	-0.110	0.264	-2.966	-0.754	-1.675	-1.512	-1.498	0.257	-0.459	-1.346	0.046	-1.154	0.181	-0.778	0.622	-0.122	0.985	-0.044
SyringaeB728a_mexBdelta	Psyr_2652	Psyr_2652		hypothetical protein	-1.224	-1.138	-1.170	0.446	-0.283	-0.111	-1.704	-0.472	-1.368	-1.512	-1.439	-0.987	-0.843	0.230	-0.109	0.326	-0.709	-0.755	0.366	-0.670	-0.398	0.934	-0.185
SyringaeB728a_mexBdelta	Psyr_2655	Psyr_2655		Nitroreductase	0.851	-0.099	-0.838	0.139	-0.014	0.133	-0.545	0.706	0.046	2.311	0.294	-0.687	0.162	1.634	0.390	-0.025	-0.610	-0.987	-0.607	-0.392	-0.116	0.604	1.977
SyringaeB728a_mexBdelta	Psyr_2656	Psyr_2656		hypothetical protein	-0.818	-1.025	-1.495	-1.141	-1.529	-0.032	-0.288	-0.507	-1.514	0.276	-1.842	-1.425	0.036	-0.595	0.570	0.684	-0.115	-0.210	0.692	0.585	-0.688	0.168	1.051
SyringaeB728a_mexBdelta	Psyr_2657	Psyr_2657		hypothetical protein	-2.294	-1.601	-2.288	0.411	-0.256	-2.353	-0.841	-2.168	-1.654	-0.793	-1.294	-2.536	0.166	-1.808	-1.593	-0.386	-0.984	-1.605	-1.567	-1.584	-1.096	-1.450	-1.591
SyringaeB728a_mexBdelta	Psyr_2658	Psyr_2658		hypothetical protein	-1.317	-2.721	-1.905	-1.695	-1.504	-0.178	-1.228	-3.057	-2.347	-1.618	-2.311	-1.451	-1.598	-2.450	0.252	-0.254	-0.506	-0.523	-0.145	-1.153	-0.434	-0.404	-0.267
SyringaeB728a_mexBdelta	Psyr_2659	Psyr_2659		Protein of unknown function DUF955	-3.065	-2.336	-2.275	-2.339	-1.627	-1.349	-2.106	-3.182	-2.943	-3.267	-3.986	-3.705	-1.389	-1.976	-1.177	-1.149	-0.970	-1.155	-0.419	-1.306	-1.829	-1.153	-0.403
SyringaeB728a_mexBdelta	Psyr_2660	Psyr_2660		hypothetical protein	-2.037	-0.682	-1.269	1.110	0.356	-0.190	0.684	-0.808	-1.256	0.501	0.679	-0.268	0.374	-1.151	-0.081	-0.700	-0.201	-0.249	0.834	-0.172	-0.062	0.231	0.366
SyringaeB728a_mexBdelta	Psyr_2661	Psyr_2661		conserved hypothetical protein	-2.106	-1.070	-0.756	-0.181	-1.707	-2.480	-1.481	-1.397	-1.406	-0.783	-1.652	-0.344	-0.713	-2.112	-0.749	0.016	-0.614	-1.149	-0.576	-0.825	-1.649	-0.702	-0.634
SyringaeB728a_mexBdelta	Psyr_2662	Psyr_2662		hypothetical protein	-0.013	-1.838	-1.384	-0.086	0.710	0.988	0.026	-0.803	-0.486	-0.654	-1.071	0.849	0.792	-1.526	-1.441	-1.268	-1.260	0.411	-0.599	-0.946	-0.667	-0.106	-0.067
SyringaeB728a_mexBdelta	Psyr_2663	Psyr_2663		hypothetical protein	-1.186	-1.657	-0.836	-1.046	-0.188	-0.772	0.060	-0.964	-1.123	-1.189	-1.659	-0.945	0.228	0.696	-0.056	0.138	0.278	0.524	-0.332	-0.253	-1.062	-0.868	-0.775
SyringaeB728a_mexBdelta	Psyr_2664	Psyr_2664		hypothetical protein	-3.106	-3.035	-3.502	-2.372	-0.727	-0.156	-1.153	-4.784	-3.814	-3.064	-3.673	-4.832	-3.459	-5.883	-2.699	-1.646	-2.858	-3.195	-1.663	-1.880	-3.421	-1.900	-2.810
SyringaeB728a_mexBdelta	Psyr_2665	Psyr_2665		Phenazine biosynthesis PhzC/PhzF protein	-1.784	-2.041	-2.244	-0.664	-1.530	0.272	-1.881	-1.761	-1.695	-1.309	-3.584	-1.005	-1.183	-2.036	-0.536	-0.043	-0.557	0.150	-1.104	0.109	-0.325	0.263	0.596
SyringaeB728a_mexBdelta	Psyr_2666	Psyr_2666		NUDIX hydrolase	0.310	-0.467	-1.567	-0.064	-0.709	0.038	-1.377	-1.067	-1.532	-0.847	0.101	-0.912	0.377	-0.398	-0.589	-1.148	-1.358	-0.634	0.321	-0.670	-0.711	-0.283	-0.119
SyringaeB728a_mexBdelta	Psyr_2667	Psyr_2667		Transposase Tn3	-0.167	-0.350	0.345	0.611	-0.008	1.820	0.546	0.018	0.302	-0.313	-0.034	-0.268	1.652	-1.529	0.110	0.667	-0.189	1.266	2.065	0.805	0.048	0.384	0.922
SyringaeB728a_mexBdelta	Psyr_2668	Psyr_2668		Helix-turn-helix, Fis-type	-0.402	-0.021	-0.958	-0.298	0.496	0.300	-2.114	-0.217	-0.737	0.791	0.461	0.662	-0.323	1.429	1.552	1.239	1.075	1.444	2.749	0.520	0.463	1.579	1.396
SyringaeB728a_mexBdelta	Psyr_2670	Psyr_2670		Aminoglycoside/hydroxyurea antibiotic resistance kinase	-1.109	-0.617	-1.046	0.216	0.672	-1.685	0.103	-0.098	-2.168	0.517	-0.867	-1.238	-2.762	-3.711	-0.533	0.023	-0.121	-1.316	-0.526	-1.375	-2.186	-0.531	-0.153
SyringaeB728a_mexBdelta	Psyr_2671	Psyr_2671		transcriptional regulator, LysR family	1.152	0.860	-0.580	-0.026	0.261	-1.220	-1.166	-0.259	-0.222	1.382	-0.595	0.345	-1.688	-1.707	-1.014	0.357	-0.934	-0.595	-0.225	0.599	-1.420	-0.148	-0.526
SyringaeB728a_mexBdelta	Psyr_2672	Psyr_2672		Citrate transporter	1.744	0.634	0.021	0.993	0.224	0.118	1.938	0.115	0.744	1.392	0.978	1.206	0.794	1.714	0.761	0.712	0.181	1.223	-0.269	0.579	-0.265	0.405	-1.198
SyringaeB728a_mexBdelta	Psyr_2673	Psyr_2673		Protein of unknown function DUF1446	0.678	0.589	0.796	-0.577	0.385	0.059	1.707	0.728	0.919	0.888	-0.116	0.604	1.159	0.760	-1.019	0.107	-0.678	-1.311	-1.189	-0.636	-0.896	-1.041	0.022
SyringaeB728a_mexBdelta	Psyr_2674	Psyr_2674		conserved hypothetical protein	0.090	1.531	1.029	0.528	1.016	-0.915	0.566	0.458	0.975	0.254	1.327	1.463	-1.945	-1.302	0.912	0.778	0.606	0.475	1.502	1.777	0.209	-0.040	0.789
SyringaeB728a_mexBdelta	Psyr_2675	Psyr_2675		transcriptional regulator, GntR family	1.167	0.738	0.040	0.288	1.000	1.168	1.054	0.444	0.420	-0.110	0.374	0.672	0.774	0.430	-0.111	0.510	0.407	-0.045	0.901	-0.106	-0.396	-0.086	-0.812
SyringaeB728a_mexBdelta	Psyr_2676	Psyr_2676		Oligopeptide/dipeptide ABC transporter, ATP-binding protein, C-terminal	1.655	0.754	-0.371	0.376	-0.050	2.067	1.722	0.872	-0.608	1.657	1.016	0.916	0.023	-0.857	-0.193	-1.036	-0.020	0.052	-1.502	0.270	-1.344	0.639	0.110
SyringaeB728a_mexBdelta	Psyr_2677	Psyr_2677		Oligopeptide/dipeptide ABC transporter, ATP-binding protein, C-terminal	-0.406	0.780	-1.127	-0.009	0.048	-0.106	-1.036	0.776	-0.562	0.033	-0.842	-0.198	-0.394	-1.017	-0.396	1.019	0.285	0.320	0.674	1.227	0.350	0.908	0.989
SyringaeB728a_mexBdelta	Psyr_2678	Psyr_2678		extracellular solute-binding protein, family 5	-0.486	1.623	-0.570	0.672	-0.375	-0.895	0.090	-0.047	-0.768	0.042	0.352	-0.338	-0.576	-1.148	0.699	1.341	0.929	-0.016	0.761	-0.224	1.037	1.187	0.542
SyringaeB728a_mexBdelta	Psyr_2679	Psyr_2679		Binding-protein-dependent transport systems inner membrane component	0.280	0.536	0.091	1.385	-0.224	0.217	1.366	1.053	1.472	0.251	2.221	1.343	-2.660	-0.276	0.054	1.082	-0.211	-0.602	0.574	-0.086	0.938	-0.323	-1.154
SyringaeB728a_mexBdelta	Psyr_2680	Psyr_2680		Binding-protein-dependent transport systems inner membrane component	-0.530	-0.247	-0.512	0.875	-0.049	0.672	-0.211	-1.270	-0.343	-1.462	0.386	-0.491	-0.564	0.857	-0.104	1.006	-1.051	0.364	0.100	0.583	0.777	1.677	1.480
SyringaeB728a_mexBdelta	Psyr_2681	Psyr_2681		gamma-glutamyltransferase 2, Threonine peptidase, MEROPS family T03	0.050	-0.154	0.547	-1.182	-0.541	1.639	0.181	1.137	-0.686	0.663	0.148	-1.266	2.404	1.267	-0.574	0.214	0.678	-1.592	-0.411	-0.256	-1.325	0.505	0.207
SyringaeB728a_mexBdelta	Psyr_2682	Psyr_2682		methyl-accepting chemotaxis sensory transducer	-1.247	-0.451	0.184	-0.896	-1.028	-1.029	-1.557	-1.699	-1.362	-0.635	-1.060	-0.520	-1.772	-2.694	-0.048	-0.787	-0.407	0.564	-1.030	0.087	-0.567	-0.502	0.413
SyringaeB728a_mexBdelta	Psyr_2683	Psyr_2683		arginine:ornithine antiporter, APA family	-2.180	-2.399	-2.530	-1.777	-0.423	-0.074	-0.577	-2.280	-2.959	-1.403	-2.084	-2.661	-2.173	-2.236	-2.058	-0.070	-1.357	-0.642	-0.577	-0.403	-1.389	-2.008	-1.134
SyringaeB728a_mexBdelta	Psyr_2684	Psyr_2684		arginine deiminase	1.338	-0.167	0.521	0.272	0.258	-0.850	-0.842	-0.670	0.411	0.004	-2.153	0.139	0.388	0.085	-0.543	0.703	-0.592	0.011	0.327	-0.687	-0.515	0.578	-0.733
SyringaeB728a_mexBdelta	Psyr_2685	Psyr_2685		ornithine carbamoyltransferase	0.438	0.570	-0.732	0.601	0.148	-0.137	0.327	-0.212	0.396	0.656	0.985	1.359	-0.250	1.026	0.682	0.823	-0.276	0.652	-0.100	-0.139	-0.341	0.532	0.304
SyringaeB728a_mexBdelta	Psyr_2686	Psyr_2686		carbamate kinase	1.000	0.420	-0.540	0.240	0.287	0.921	0.026	0.611	0.498	0.712	0.488	1.824	-0.478	-1.065	0.895	0.254	-0.027	-0.745	-0.401	0.829	0.278	0.996	-0.672
SyringaeB728a_mexBdelta	Psyr_2687	Psyr_2687		PepSY-associated TM helix	0.331	0.377	0.640	0.486	0.309	-0.089	0.927	0.509	1.114	-0.023	0.476	1.598	0.381	2.015	0.766	-0.086	0.419	0.849	0.299	1.120	1.080	0.720	-0.024
SyringaeB728a_mexBdelta	Psyr_2688	Psyr_2688		conserved hypothetical protein	1.739	0.103	-0.265	0.930	0.866	1.629	-0.233	1.258	0.299	-0.810	1.917	1.633	-1.027	-0.720	-0.659	0.161	-0.519	-0.654	0.100	0.509	0.573	-0.511	-0.396
SyringaeB728a_mexBdelta	Psyr_2689	Psyr_2689		DegT/DnrJ/EryC1/StrS aminotransferase	-0.675	-0.211	-0.242	-0.216	-0.675	2.412	1.641	1.375	0.481	-0.210	0.696	1.081	0.003	0.662	2.382	1.024	1.153	1.169	1.422	1.726	1.132	2.145	-0.028
SyringaeB728a_mexBdelta	Psyr_2690	Psyr_2690		Glycosyl transferase, family 2	0.056	0.266	-1.201	-0.532	-1.998	-0.012	-1.159	-0.242	0.105	0.124	-0.913	0.807	0.637	0.415	-0.045	-0.569	-0.022	-1.601	0.503	-0.548	0.275	-0.617	-0.404
SyringaeB728a_mexBdelta	Psyr_2691	Psyr_2691		Formyl transferase, N-terminal:Formyl transferase, C-terminal	0.191	0.571	-0.175	-0.324	0.086	0.701	0.426	0.163	0.361	-0.104	-0.767	2.359	0.009	-0.169	-0.318	-0.918	-1.289	-1.100	-0.229	-0.076	0.584	-0.989	-0.463
SyringaeB728a_mexBdelta	Psyr_2692	Psyr_2692		Polysaccharide deacetylase	1.119	1.638	1.914	0.236	2.013	1.270	-0.077	1.160	0.367	-0.615	1.583	0.154	-0.653	-0.106	-0.037	-0.519	-1.376	-0.182	-0.878	-0.618	0.047	-0.338	0.360
SyringaeB728a_mexBdelta	Psyr_2693	Psyr_2693		Glycosyl transferase, family 39	0.416	1.805	-0.586	1.970	1.360	1.679	1.424	1.738	0.732	0.474	1.350	0.877	0.312	-0.562	1.618	1.694	1.337	0.441	-0.131	0.505	1.500	1.048	0.475
SyringaeB728a_mexBdelta	Psyr_2694	Psyr_2694		conserved hypothetical protein	-0.461	-0.852	-1.377	0.563	-0.545	-0.186	-1.008	-0.441	-0.883	-1.734	0.950	-0.607	-1.038	0.049	-0.484	-0.911	-0.272	0.009	-1.041	-0.844	-0.753	-1.261	-0.668
SyringaeB728a_mexBdelta	Psyr_2695	Psyr_2695		conserved hypothetical protein	-0.592	-0.642	-0.980	-1.813	-0.542	-0.622	0.219	-0.875	-1.443	0.038	-0.351	-0.956	-2.418	-0.776	1.552	1.191	1.386	1.767	2.562	0.865	0.166	1.306	0.957
SyringaeB728a_mexBdelta	Psyr_2696	Psyr_2696		UDP-glucose 6-dehydrogenase	0.532	1.625	-1.277	-0.309	0.634	-1.995	0.423	-0.306	0.547	-0.804	0.494	0.051	-0.415	-2.927	-0.606	0.049	0.359	-0.069	0.174	0.619	-0.060	1.313	-0.158
SyringaeB728a_mexBdelta	Psyr_2697	Psyr_2697		Glycosyl transferase, family 39	1.290	0.074	1.267	-0.130	1.745	-0.214	1.735	0.386	0.803	0.099	-0.451	0.890	0.297	-0.911	-0.060	0.901	0.793	-0.419	0.290	0.378	-0.287	1.187	0.641
SyringaeB728a_mexBdelta	Psyr_2698	Psyr_2698		Ricin B lectin	-1.289	-2.694	0.056	-0.503	1.034	-0.319	0.690	-0.683	-1.552	-0.380	-1.819	-1.280	-0.740	-2.011	-0.859	-0.418	-0.949	0.004	-0.241	-0.298	-2.253	-1.006	-0.801
SyringaeB728a_mexBdelta	Psyr_2699	Psyr_2699		conserved hypothetical protein	-0.518	-0.557	0.574	-0.675	-0.808	0.835	-0.037	-1.245	-1.844	-2.303	-2.537	-0.175	1.148	0.908	0.266	1.766	1.700	1.086	2.336	2.167	1.235	1.356	1.066
SyringaeB728a_mexBdelta	Psyr_2700	Psyr_2700		PAS	0.785	-1.072	-0.317	-0.659	-0.852	-0.198	0.131	-0.433	-1.196	0.027	0.844	0.094	-0.248	1.038	0.720	0.096	0.726	0.353	-0.743	0.541	0.436	0.189	-0.644
SyringaeB728a_mexBdelta	Psyr_2701	Psyr_2701		conserved hypothetical protein	0.248	-0.256	-0.563	-0.097	-0.005	-1.181	-0.958	-0.237	-0.883	0.014	-1.308	-0.496	0.111	-0.150	0.454	0.881	0.992	0.681	0.952	1.280	0.375	-0.052	1.332
SyringaeB728a_mexBdelta	Psyr_2702	Psyr_2702		UDP-galactopyranose mutase	-1.804	-1.202	-0.840	-1.004	0.334	-0.990	0.166	-1.170	-1.241	-1.520	-2.280	-1.520	-0.217	-2.216	-0.743	-0.041	-0.146	-0.597	-0.485	0.143	-0.749	-0.191	-0.360
SyringaeB728a_mexBdelta	Psyr_2703	Psyr_2703		conserved hypothetical protein	1.997	1.043	1.637	0.640	0.577	-1.090	1.464	1.105	1.203	-0.101	0.738	0.891	-1.625	-1.640	-0.676	-0.320	-0.227	0.333	0.539	1.487	-0.487	-0.087	-0.117
SyringaeB728a_mexBdelta	Psyr_2704	Psyr_2704		UDP-galactose 4-epimerase	0.057	-0.088	-0.139	-0.498	-0.967	-0.994	0.017	0.148	-0.972	-0.371	-0.350	1.622	-0.193	-0.407	0.348	0.627	1.236	0.296	1.255	1.526	1.101	1.712	1.035
SyringaeB728a_mexBdelta	Psyr_2705	Psyr_2705		Helix-turn-helix motif protein	-0.824	-0.040	3.703	-0.929	0.186	-0.762	0.049	-1.986	-1.201	-1.823	-0.296	-0.456	0.389	-0.953	0.093	-0.744	-0.339	-0.092	-0.472	-0.178	-0.106	-1.602	-0.552
SyringaeB728a_mexBdelta	Psyr_2706	Psyr_2706		gamma-glutamyl-gamma-aminobutyrate hydrolase	0.390	0.049	1.361	1.181	-1.029	1.109	-1.267	1.885	-1.734	-0.141	0.594	0.062	-1.008	-0.482	0.386	0.726	0.248	0.546	-0.444	0.369	0.350	-0.254	-1.152
SyringaeB728a_mexBdelta	Psyr_2707	Psyr_2707		transcriptional regulator, LysR family	-1.545	-1.360	-0.629	-1.594	-0.653	-2.318	0.050	0.527	-0.467	-0.984	-0.537	-0.059	-1.367	-1.737	1.020	-0.076	0.514	0.751	-0.027	1.591	1.497	1.444	1.786
SyringaeB728a_mexBdelta	Psyr_2708	Psyr_2708		Rieske [2Fe-2S] region	-0.554	0.165	-0.861	-0.379	-0.820	0.145	-1.080	0.998	-0.274	-0.365	1.047	-0.331	0.535	1.008	0.174	-2.353	1.347	-1.772	-0.702	-0.936	-1.322	-0.472	-0.325
SyringaeB728a_mexBdelta	Psyr_2709	Psyr_2709		Ferredoxin:Oxidoreductase FAD/NAD(P)-binding:Oxidoreductase FAD-binding region	-0.503	0.023	-0.264	-0.751	1.420	-0.498	-0.972	-0.375	0.098	-0.403	0.321	0.558	1.857	0.847	0.420	0.598	0.300	1.203	-0.050	1.553	0.208	0.704	0.804
SyringaeB728a_mexBdelta	Psyr_2710	Psyr_2710		transcriptional regulator, GntR family	-0.203	-0.738	-0.165	-0.770	0.199	-0.386	-0.220	-0.527	-0.583	-1.953	-1.391	-0.969	-0.641	-0.929	1.704	-0.804	0.393	1.540	-0.713	0.173	1.428	0.876	-0.243
SyringaeB728a_mexBdelta	Psyr_2711	Psyr_2711		diguanylate cyclase/phosphodiesterase	0.345	0.804	-0.760	0.532	0.808	0.573	1.032	0.634	-0.679	-0.095	1.251	0.538	-0.384	-0.181	-0.565	0.333	0.967	1.638	-0.548	1.629	0.481	0.847	0.602
SyringaeB728a_mexBdelta	Psyr_2712	Psyr_2712		conserved hypothetical protein	-0.913	-1.824	-0.988	-1.508	-0.416	-1.510	-0.510	-0.666	-0.063	-0.429	-1.730	-1.784	-0.062	-0.884	0.158	-0.477	-0.489	0.409	0.559	0.187	-0.805	0.811	-0.693
SyringaeB728a_mexBdelta	Psyr_2713	Psyr_2713		transcriptional regulator, LysR family	-2.295	-1.398	-1.869	-0.827	-1.341	-0.742	-2.286	-1.303	-1.325	-2.522	-1.362	-1.442	-1.350	-0.942	-0.110	0.067	0.312	0.919	0.677	-1.123	0.106	0.925	0.078
SyringaeB728a_mexBdelta	Psyr_2714	Psyr_2714		putative transmembrane protein	1.179	-0.020	-0.124	1.056	1.183	0.696	0.504	0.433	1.816	-0.359	0.563	-0.322	-1.264	0.444	-0.831	0.461	-1.289	0.577	-0.210	0.820	-0.036	-0.978	-0.870
SyringaeB728a_mexBdelta	Psyr_2715	Psyr_2715		Major facilitator superfamily	0.012	0.227	-1.098	0.544	0.891	0.471	-0.402	-1.146	0.424	-0.094	-0.150	1.246	-0.538	-1.217	0.290	-0.807	-0.087	-0.699	-1.231	-0.788	-0.684	-0.333	-0.500
SyringaeB728a_mexBdelta	Psyr_2716	Psyr_2716		Mandelate racemase/muconate lactonizing enzyme:Mandelate racemase/muconate lactonizing enzyme	1.055	1.480	1.770	-0.146	0.810	1.563	-0.001	-0.365	0.142	0.407	-1.385	0.963	0.388	0.718	-0.489	-0.465	-0.125	-0.621	0.527	0.765	-0.498	-1.305	-0.268
SyringaeB728a_mexBdelta	Psyr_2717	Psyr_2717		Antibiotic biosynthesis monooxygenase	0.436	1.397	0.918	-0.046	0.508	0.919	0.207	0.903	0.702	-0.410	0.539	0.340	0.442	-1.041	0.975	-0.150	-0.431	-0.699	0.770	1.310	2.124	0.613	-0.026
SyringaeB728a_mexBdelta	Psyr_2718	Psyr_2718		Major royal jelly protein	0.289	0.249	-0.452	-1.099	-0.923	0.394	0.048	-0.032	-0.099	0.064	0.795	-0.160	1.674	0.516	2.416	0.804	1.126	1.192	0.734	1.923	1.212	1.148	1.284
SyringaeB728a_mexBdelta	Psyr_2719	Psyr_2719		transcriptional regulator, TetR family	0.928	1.383	0.801	-0.257	0.140	-0.181	1.367	0.184	-0.536	0.835	-0.330	-0.280	0.989	0.599	1.498	0.862	1.448	0.958	-0.325	0.710	1.185	-0.072	1.644
SyringaeB728a_mexBdelta	Psyr_2720	Psyr_2720		Urea amidolyase-related protein	1.113	1.834	0.562	0.082	0.414	1.483	0.140	1.141	0.150	-0.093	-0.790	1.411	0.125	-1.222	0.360	-1.209	-0.463	0.997	-1.012	-0.318	-1.985	1.148	-0.430
SyringaeB728a_mexBdelta	Psyr_2721	Psyr_2721		Protein of unknown function DUF213	2.163	-0.420	-0.045	0.690	-0.412	0.322	-0.383	-0.673	2.666	1.866	1.450	1.948	0.510	0.144	0.874	1.242	0.727	1.042	-0.214	-0.191	-0.228	0.371	0.337
SyringaeB728a_mexBdelta	Psyr_2722	Psyr_2722		LamB/YcsF	-0.842	-0.149	-0.576	0.062	-0.711	-0.020	-1.482	-0.175	-0.290	-1.093	-1.154	-0.300	-0.630	-2.490	0.329	1.250	-0.286	0.268	0.090	1.095	1.004	0.703	1.284
SyringaeB728a_mexBdelta	Psyr_2723	Psyr_2723		transcriptional regulator, LysR family	-0.554	-0.517	-0.964	0.085	-0.533	-1.349	0.066	-1.279	-0.592	-1.859	-0.968	0.634	0.096	-2.754	0.534	0.270	0.844	0.604	1.149	-0.131	0.065	-0.649	-0.889
SyringaeB728a_mexBdelta	Psyr_2725	Psyr_2725		Thiolase	0.350	0.131	0.759	0.318	-0.597	-0.261	1.493	-0.019	-1.004	-0.859	0.230	1.029	1.006	1.163	0.972	0.578	0.743	0.752	1.087	2.151	1.526	0.927	1.417
SyringaeB728a_mexBdelta	Psyr_2726	Psyr_2726		trans-feruloyl-CoA synthase	1.980	1.855	1.462	1.808	1.489	-0.066	1.229	2.403	1.014	1.314	1.526	1.131	-0.972	-0.239	1.588	0.689	1.081	0.421	0.582	0.634	1.459	0.076	0.040
SyringaeB728a_mexBdelta	Psyr_2727	Psyr_2727		vanillin dehydrogenase	0.634	0.458	0.295	1.130	0.877	0.268	0.483	1.292	1.533	1.087	-0.408	0.895	1.238	0.717	3.453	0.373	1.212	0.391	0.191	-0.023	0.776	1.312	1.542
SyringaeB728a_mexBdelta	Psyr_2728	Psyr_2728		vanillin synthase / trans-feruloyl-CoA hydratase	-2.358	-1.481	-2.916	-1.786	-1.407	-1.397	-1.325	-2.405	-1.654	-2.451	-1.785	-0.002	0.480	-0.768	-0.223	-0.269	-2.001	0.180	-0.979	0.208	-1.070	0.221	0.179
SyringaeB728a_mexBdelta	Psyr_2730	Psyr_2730		outer membrane porin	-1.004	-0.339	-1.016	-0.033	0.185	-1.462	-0.057	0.130	-0.752	-1.477	-1.132	-1.328	-0.518	-2.455	-1.239	-0.336	-0.524	-0.642	-0.419	-0.126	-0.952	-1.349	-2.454
SyringaeB728a_mexBdelta	Psyr_2731	Psyr_2731		General substrate transporter:Major facilitator superfamily	1.510	0.519	0.395	1.224	0.312	0.140	0.688	-0.154	-0.948	0.182	0.399	0.777	-0.864	-1.730	-0.699	-0.796	-0.029	-0.613	-0.617	-0.112	0.901	0.475	-0.108
SyringaeB728a_mexBdelta	Psyr_2732	Psyr_2732		conserved hypothetical protein; putative signal peptide	2.032	-0.447	0.303	0.694	1.607	2.038	1.807	0.756	1.048	0.033	0.722	-0.863	0.286	-0.552	0.896	0.424	0.762	-0.231	-0.331	-1.200	0.722	0.072	0.439
SyringaeB728a_mexBdelta	Psyr_2733	Psyr_2733		Short-chain dehydrogenase/reductase SDR	0.278	-0.240	-1.126	-1.159	-1.826	0.186	-0.738	-1.317	-0.200	-0.867	-1.617	0.084	2.617	-0.469	-0.532	-0.128	0.363	-0.051	-0.204	0.187	-1.413	-0.898	-0.005
SyringaeB728a_mexBdelta	Psyr_2734	Psyr_2734		benzaldehyde dehydrogenase (NAD+)	1.844	0.854	1.221	1.316	0.730	1.319	1.149	1.093	1.117	1.286	0.909	1.869	1.594	1.950	0.079	-0.401	0.197	1.592	-1.214	0.508	0.235	0.420	0.640
SyringaeB728a_mexBdelta	Psyr_2735	Psyr_2735		Helix-turn-helix, Fis-type	0.481	0.396	0.805	0.924	1.054	0.756	0.181	0.240	0.594	-0.317	0.691	0.516	0.458	0.141	0.417	0.645	-0.057	-0.903	-0.233	-0.054	0.450	0.534	-0.341
SyringaeB728a_mexBdelta	Psyr_2736	Psyr_2736		glycosidase, putative	0.824	1.841	1.666	2.137	-0.113	0.750	2.408	1.168	1.360	0.879	2.152	2.903	-1.914	-1.156	0.317	0.463	1.011	-1.443	-0.122	-0.006	1.096	-0.247	0.237
SyringaeB728a_mexBdelta	Psyr_2737	Psyr_2737		hypothetical protein	1.829	1.001	0.604	1.266	1.220	1.401	0.591	1.084	0.169	2.240	1.490	1.790	-1.958	-2.179	-1.148	-0.530	0.101	-0.422	0.359	0.272	-1.263	-2.066	0.750
SyringaeB728a_mexBdelta	Psyr_2738	Psyr_2738		regulatory protein, LysR	-0.723	-0.237	-1.210	-0.950	0.553	0.032	-0.105	0.456	-1.650	-0.122	-0.298	-0.370	-0.526	-0.960	-1.174	-0.315	-0.820	-0.938	-1.471	-0.291	-2.333	-1.082	0.020
SyringaeB728a_mexBdelta	Psyr_2739	Psyr_2739		ThiJ/PfpI	0.394	0.210	-1.203	-0.248	-1.239	0.799	-1.401	0.473	-0.261	-0.099	-1.559	0.754	1.422	1.036	0.896	1.132	-0.928	0.435	0.679	-0.421	0.040	-0.477	-0.757
SyringaeB728a_mexBdelta	Psyr_2740	Psyr_2740		transcriptional regulator, AraC family with amidase-like domain protein	1.141	0.368	0.080	0.368	-0.428	-0.391	0.216	0.026	1.984	0.317	-0.540	-0.416	-0.454	-2.382	-1.229	-1.594	-0.201	-1.169	-0.442	-0.164	-0.565	0.242	-0.957
SyringaeB728a_mexBdelta	Psyr_2741	Psyr_2741		Beta-lactamase	1.691	2.025	1.283	1.926	-0.790	2.152	0.767	0.313	-1.401	0.944	0.669	0.972	1.301	1.467	-0.718	-2.219	-0.529	0.140	-1.218	-1.305	-0.150	0.644	-0.734
SyringaeB728a_mexBdelta	Psyr_2742	Psyr_2742		Iron-containing alcohol dehydrogenase	-0.956	-0.285	0.293	-0.223	-1.160	0.410	-0.268	-0.027	-0.286	-0.182	0.096	0.458	0.165	1.882	0.692	-0.009	-0.444	-0.174	-0.345	0.370	0.777	-1.192	0.100
SyringaeB728a_mexBdelta	Psyr_2744	Psyr_2744		conserved hypothetical protein	1.376	0.682	1.512	2.090	-0.514	1.056	1.067	1.996	2.003	2.269	1.106	1.420	1.128	2.333	-0.353	0.748	0.620	-1.558	0.349	-0.060	0.168	-0.187	-1.164
SyringaeB728a_mexBdelta	Psyr_2745	Psyr_2745		Pyridoxal-5'-phosphate-dependent enzyme, beta subunit:Ornithine cyclodeaminase/mu-crystallin	-1.103	-0.128	-1.583	-0.309	-0.356	0.829	-1.143	0.150	-0.195	-1.711	-0.355	-0.064	1.495	0.421	1.592	1.634	1.682	1.223	1.302	2.274	0.589	1.488	1.144
SyringaeB728a_mexBdelta	Psyr_2746	Psyr_2746		L-lysine 6-monooxygenase, putative	-0.358	1.843	1.257	-0.352	0.486	1.307	0.877	-0.571	-0.026	-0.412	0.143	0.913	-0.479	-0.290	0.057	0.040	0.957	0.342	-0.532	-0.338	1.247	0.027	0.986
SyringaeB728a_mexBdelta	Psyr_2747	Psyr_2747		amino acid/amide ABC transporter substrate-binding protein, HAAT family	0.504	1.024	0.267	1.435	0.160	0.648	1.592	0.994	0.561	-0.198	1.863	0.918	0.461	-1.035	0.581	-1.203	-0.133	0.040	-0.101	-1.222	-0.125	0.321	0.334
SyringaeB728a_mexBdelta	Psyr_2748	Psyr_2748		FAD dependent oxidoreductase	0.224	1.081	-0.511	0.497	-1.242	3.014	-0.123	0.577	0.915	0.138	0.891	0.960	-1.360	0.176	1.342	2.270	0.856	1.593	2.505	1.950	2.015	2.226	1.984
SyringaeB728a_mexBdelta	Psyr_2749	Psyr_2749		Methionine--tRNA ligase	1.832	1.670	2.824	0.549	1.666	-0.535	2.202	1.071	1.855	0.866	0.112	3.409	-1.361	-1.167	0.611	0.361	-0.192	-0.912	-0.105	0.045	-1.089	-1.293	-0.993
SyringaeB728a_mexBdelta	Psyr_2750	Psyr_2750		conserved hypothetical protein	0.719	0.838	-0.563	-0.292	-0.891	-2.007	-1.021	-0.092	-0.378	-0.841	0.645	0.041	-0.518	-1.204	-0.621	-0.897	-2.091	-0.503	-1.989	-0.794	-0.743	-1.156	-0.906
SyringaeB728a_mexBdelta	Psyr_2751	Psyr_2751		Phage integrase:Phage integrase, N-terminal SAM-like protein	1.015	0.579	-1.227	0.687	0.125	-0.311	-0.495	-0.908	-0.729	-0.265	0.455	0.196	-0.021	-1.950	0.484	0.517	0.411	-0.924	-1.114	-0.453	-0.168	-0.030	0.022
SyringaeB728a_mexBdelta	Psyr_2752	Psyr_2752		conserved hypothetical protein	2.384	-0.026	1.636	0.881	0.922	0.102	0.503	-0.119	0.559	1.260	0.687	1.431	-0.916	0.197	1.902	0.423	-0.409	0.644	0.846	0.276	2.022	-0.720	0.842
SyringaeB728a_mexBdelta	Psyr_2753	Psyr_2753		Zinc-containing alcohol dehydrogenase superfamily	1.039	0.483	-0.096	0.911	0.333	2.671	0.815	1.213	0.246	-1.793	0.685	2.042	-0.005	1.230	-0.735	-0.839	-1.052	1.044	0.092	-0.401	-0.613	-0.660	-0.035
SyringaeB728a_mexBdelta	Psyr_2754	Psyr_2754		regulatory protein, TetR	-0.856	-1.432	-0.752	-0.259	-2.789	-0.225	-0.628	-1.506	-0.022	-1.626	-1.149	-2.220	-1.011	-1.733	-1.547	-1.301	-1.400	-0.471	-0.927	-2.095	-0.900	-1.027	-1.890
SyringaeB728a_mexBdelta	Psyr_2755	Psyr_2755		2-nitropropane dioxygenase, NPD	1.182	0.379	1.484	0.365	1.096	1.765	0.878	-0.788	-0.702	1.210	0.209	1.142	0.715	1.600	-0.692	-1.556	-0.790	-1.424	-0.943	-0.616	-0.578	-1.977	-1.138
SyringaeB728a_mexBdelta	Psyr_2756	Psyr_2756		Molybdenum ABC transporter, periplasmic binding protein	1.474	0.333	3.280	0.898	0.956	2.228	1.461	1.205	0.387	0.036	2.125	1.510	-0.054	-1.502	0.158	1.158	1.420	-0.476	-0.599	-0.150	0.040	-0.718	-0.306
SyringaeB728a_mexBdelta	Psyr_2757	Psyr_2757		Binding-protein-dependent transport systems inner membrane component	2.024	1.786	1.383	0.817	1.086	-1.214	0.429	1.434	0.482	-0.523	1.940	1.049	0.125	0.491	-1.315	-0.326	-0.248	-0.360	-0.121	1.001	-0.826	-0.138	-1.020
SyringaeB728a_mexBdelta	Psyr_2758	Psyr_2758		ABC transporter:TOBE	1.095	1.161	1.649	2.161	0.931	4.412	1.348	4.310	0.910	1.212	2.517	2.694	0.197	-1.717	-0.365	0.368	-0.677	-1.087	-1.148	-0.953	-1.003	-0.620	-0.968
SyringaeB728a_mexBdelta	Psyr_2759	Psyr_2759		Eukaryotic-like DNA topoisomerase I	0.313	-0.722	-1.093	0.717	-0.224	0.003	-0.947	0.968	1.278	-1.670	-0.761	0.544	-1.670	-0.937	-1.483	0.211	0.225	-0.410	-0.299	-1.201	-1.348	0.083	-0.093
SyringaeB728a_mexBdelta	Psyr_2760	Psyr_2760		hypothetical protein	-0.451	0.081	-0.819	0.883	-1.276	1.094	0.103	-0.352	-0.094	0.003	0.101	0.129	-0.990	7.577	-1.847	-0.957	-1.263	-0.769	0.632	-1.150	-0.680	-0.595	-0.609
SyringaeB728a_mexBdelta	Psyr_2761	Psyr_2761		DNA-directed DNA polymerase	0.037	-0.211	-0.437	-0.363	-0.088	1.133	1.050	-0.236	-0.344	0.455	-0.242	-0.788	0.454	13.749	-0.199	-0.191	-0.956	0.182	-0.018	-0.386	0.029	-0.985	-1.476
SyringaeB728a_mexBdelta	Psyr_2762	Psyr_2762		Peptidase S24, S26A and S26B	-0.959	-1.826	-1.942	-0.632	-0.700	0.484	-0.600	-1.321	0.053	-3.089	-1.235	-1.402	0.687	8.336	-0.108	2.065	0.798	1.554	0.581	1.699	1.074	0.627	1.246
SyringaeB728a_mexBdelta	Psyr_2763	Psyr_2763		Protein of unknown function DUF159	0.731	-0.167	0.161	-1.097	-0.172	-1.436	0.716	-1.647	1.855	1.226	0.181	-0.298	0.606	10.522	-1.287	-0.244	0.412	-1.315	0.613	-0.079	-1.002	-0.925	-1.587
SyringaeB728a_mexBdelta	Psyr_2764	Psyr_2764		conserved hypothetical protein	0.987	0.476	0.544	1.102	0.240	-0.242	0.651	1.103	1.093	1.625	2.039	1.732	0.452	11.297	-0.357	0.099	-0.707	0.538	0.097	0.477	0.893	-0.559	0.158
SyringaeB728a_mexBdelta	Psyr_2765	Psyr_2765		conserved domain protein	0.826	-0.111	0.242	-1.926	-0.640	-2.020	-2.528	0.043	-0.600	0.020	-1.194	-0.226	1.676	8.211	0.743	1.002	0.153	0.716	0.711	1.497	0.128	0.442	0.383
SyringaeB728a_mexBdelta	Psyr_2767	Psyr_2767		Glycoside hydrolase, family 19	2.218	2.735	1.151	0.635	1.135	0.834	0.441	0.398	1.141	0.545	0.991	0.666	-0.665	6.242	-0.983	-1.221	0.087	0.352	0.241	-0.565	-0.363	0.229	0.118
SyringaeB728a_mexBdelta	Psyr_2768	Psyr_2768		tail fiber assembly domain protein	-1.637	-3.171	-1.229	-2.858	-1.300	0.537	-1.751	-1.055	-1.264	-1.012	-1.640	-2.528	-0.772	4.546	-0.534	-1.786	-1.010	-1.255	-1.168	-1.315	-0.952	-0.708	-0.972
SyringaeB728a_mexBdelta	Psyr_2769	Psyr_2769		conserved hypothetical protein	-1.558	0.009	-0.626	-2.000	-0.761	-1.192	-0.597	-1.964	-1.190	-0.736	-2.151	-0.274	-1.901	6.552	-1.092	-0.646	-1.254	-1.414	-0.495	-1.091	-1.446	-1.570	-0.535
SyringaeB728a_mexBdelta	Psyr_2770	Psyr_2770		tail fiber domain protein	-1.197	-0.148	0.445	2.083	0.939	-0.305	0.573	-0.361	1.820	1.434	0.934	-0.223	-1.788	6.649	-2.394	-2.865	-2.621	-1.783	-2.174	-1.342	-2.469	-2.145	-2.889
SyringaeB728a_mexBdelta	Psyr_2771	Psyr_2771		conserved domain protein	-1.613	-1.651	-0.962	-1.439	-1.048	-0.065	-1.592	-0.708	-0.952	-2.491	-2.304	-2.184	-3.428	5.497	-2.397	-1.446	-2.715	-2.666	-1.999	-1.917	-2.903	-2.505	-2.915
SyringaeB728a_mexBdelta	Psyr_2772	Psyr_2772		Fibronectin, type III	1.058	0.992	0.813	1.747	-0.766	1.550	0.644	0.172	2.137	1.206	0.856	1.545	-1.534	15.812	-2.275	-1.584	-1.375	-1.546	-0.908	-1.953	-2.140	-2.140	-1.859
SyringaeB728a_mexBdelta	Psyr_2773	Psyr_2773		hypothetical protein	-0.932	-1.505	0.566	-0.545	-1.456	3.053	0.492	0.257	0.545	0.796	-0.121	0.579	0.542	8.511	-1.256	-0.329	-1.526	-1.068	-0.356	-1.024	-0.377	-0.714	-1.777
SyringaeB728a_mexBdelta	Psyr_2774	Psyr_2774		Bacteriophage lambda tail assembly I	1.350	0.818	0.971	-0.651	1.372	1.356	1.638	0.812	1.213	-0.728	-0.169	0.140	1.035	4.468	-0.065	-0.339	0.598	-0.036	0.217	0.275	0.432	-1.975	0.504
SyringaeB728a_mexBdelta	Psyr_2775	Psyr_2775		hypothetical protein	-0.380	0.059	-0.366	1.143	0.212	1.439	0.232	0.192	2.919	1.846	1.396	-1.018	0.090	11.965	-0.503	-0.988	-0.197	-0.880	0.766	0.671	0.176	-0.910	0.137
SyringaeB728a_mexBdelta	Psyr_2776	Psyr_2776		hypothetical protein	-0.862	-1.282	-1.419	-2.076	-2.429	0.143	-1.585	-1.559	1.060	-1.425	-0.292	-1.485	-0.355	7.858	0.913	0.684	0.521	0.172	-0.047	-0.010	-0.385	0.951	0.234
SyringaeB728a_mexBdelta	Psyr_2777	Psyr_2777		NLP/P60	-0.384	0.058	-0.020	-0.959	-1.795	0.636	0.583	-0.809	1.119	0.428	-0.448	0.875	1.229	8.474	-0.255	0.352	-0.311	-0.197	1.508	0.306	0.400	-0.238	-0.250
SyringaeB728a_mexBdelta	Psyr_2778	Psyr_2778		Phage minor tail protein L	-0.199	0.396	1.068	0.912	1.054	-0.572	0.908	0.247	1.275	-0.035	0.509	1.988	1.335	5.854	-0.719	-0.954	-2.193	-0.764	-1.898	-2.134	-0.621	-2.491	-2.457
SyringaeB728a_mexBdelta	Psyr_2779	Psyr_2779		Phage minor tail	1.719	0.669	-0.851	-0.561	0.709	2.039	2.077	0.726	0.536	0.355	1.525	-0.229	0.140	5.218	0.045	0.093	-1.332	-1.166	-0.381	0.160	-1.426	0.214	0.030
SyringaeB728a_mexBdelta	Psyr_2780	Psyr_2780		Phage tail tape measure protein lambda	-1.195	-0.232	-0.428	0.293	0.478	-0.445	0.234	-1.358	1.012	0.746	-1.023	0.226	0.139	13.647	-0.441	-0.763	-0.300	-0.168	-0.803	-0.441	-1.145	-1.138	-0.287
SyringaeB728a_mexBdelta	Psyr_2781	Psyr_2781		hypothetical protein	-0.950	-0.339	0.248	1.122	0.423	-0.805	-0.075	0.184	1.503	-0.641	1.168	-1.820	0.873	5.127	-0.873	-0.417	-0.247	0.295	-0.055	-1.037	0.055	-0.703	-1.245
SyringaeB728a_mexBdelta	Psyr_2782	Psyr_2782		hypothetical protein	-0.432	0.766	-1.002	-1.203	-0.310	1.191	1.041	0.281	-0.410	1.199	0.323	0.852	1.075	9.433	-1.158	0.596	0.277	0.877	1.227	1.011	1.147	2.277	0.684
SyringaeB728a_mexBdelta	Psyr_2783	Psyr_2783		conserved hypothetical protein	0.394	0.386	0.725	-1.204	-1.007	2.583	0.313	-0.519	-0.104	0.315	-0.181	0.902	-0.182	7.068	-0.051	0.873	-1.238	0.448	0.572	1.483	0.643	0.930	0.405
SyringaeB728a_mexBdelta	Psyr_2784	Psyr_2784		phage-related conserved hypothetical protein	0.543	1.475	0.657	-0.701	0.835	-0.097	0.309	0.055	0.984	0.461	0.574	0.428	1.696	6.374	0.115	1.706	0.405	1.715	0.148	-0.600	-0.102	-0.032	1.056
SyringaeB728a_mexBdelta	Psyr_2785	Psyr_2785		conserved hypothetical protein	0.904	0.823	-0.045	0.245	-0.850	-1.209	0.458	0.278	0.106	0.266	0.233	0.189	-1.089	6.163	1.142	1.244	-0.164	1.331	0.375	1.094	1.291	0.940	0.508
SyringaeB728a_mexBdelta	Psyr_2786	Psyr_2786		phage-related conserved hypothetical protein	-1.130	-0.969	-0.199	-0.598	-1.559	-1.066	-0.893	-1.533	0.208	0.276	-0.684	-1.781	0.420	5.532	0.904	0.097	-0.473	0.157	0.243	0.433	-0.427	-0.156	1.015
SyringaeB728a_mexBdelta	Psyr_2788	Psyr_2788		hypothetical protein	1.877	0.308	0.622	0.695	1.193	0.756	2.166	-0.326	2.247	1.179	2.213	1.463	2.460	7.257	-1.513	-0.426	0.037	0.619	0.356	-0.148	-1.130	-0.481	-0.818
SyringaeB728a_mexBdelta	Psyr_2789	Psyr_2789		conserved hypothetical protein	-1.215	-0.215	-1.738	-1.174	-1.940	-0.610	-0.941	0.074	-0.667	-0.536	-0.231	-1.699	1.838	7.211	0.589	0.393	-0.605	0.232	0.395	1.409	0.852	0.644	1.616
SyringaeB728a_mexBdelta	Psyr_2791	Psyr_2791		hypothetical protein	-2.379	-0.585	-0.293	-0.410	1.395	-1.430	-0.040	-2.254	-1.891	-0.110	-1.342	-1.115	-0.122	4.055	-2.232	-0.467	-1.938	-1.271	-2.700	-0.704	-1.824	-1.664	-1.820
SyringaeB728a_mexBdelta	Psyr_2792	Psyr_2792		Phage putative head morphogenesis protein, SPP1 gp7	0.528	1.566	2.287	2.594	-0.454	1.685	0.273	-0.061	1.530	0.942	1.456	0.994	-1.946	6.223	-0.048	1.072	0.216	-0.866	0.314	1.033	-0.225	-0.366	0.700
SyringaeB728a_mexBdelta	Psyr_2793	Psyr_2793		hypothetical protein	-0.571	-0.893	-1.784	-0.262	-2.490	-0.445	0.030	-0.026	0.923	-0.049	0.549	-0.142	-0.541	9.744	-1.692	-0.735	-0.765	-0.255	0.293	0.660	-0.535	-0.074	-0.572
SyringaeB728a_mexBdelta	Psyr_2794	Psyr_2794		Protein of unknown function DUF264	-0.401	-0.932	-0.679	-0.976	-0.667	-1.430	-0.784	-0.896	0.265	-0.435	-0.441	-0.300	-0.111	9.735	0.157	-0.308	0.742	0.439	0.760	0.320	-0.180	0.520	-0.435
SyringaeB728a_mexBdelta	Psyr_2795	Psyr_2795		conserved hypothetical protein	-0.351	-1.251	-2.531	-1.494	-0.112	-2.154	-0.914	-0.844	-0.772	-0.324	-0.406	-0.821	-0.804	4.360	-2.568	-0.500	-1.604	0.177	0.545	0.416	0.273	-0.127	-0.150
SyringaeB728a_mexBdelta	Psyr_2796	Psyr_2796		conserved hypothetical protein	-1.912	-1.780	-2.060	-1.608	-0.639	-3.500	-0.046	-1.892	-1.646	-0.765	-1.210	-0.947	-1.977	3.707	-0.274	-0.246	0.483	0.476	-0.764	1.147	-1.420	1.779	-1.076
SyringaeB728a_mexBdelta	Psyr_2797	Psyr_2797		hypothetical protein	-2.133	-1.504	-0.535	-2.127	-1.200	0.568	-2.514	-2.742	-1.377	-1.365	-2.372	-2.395	2.404	5.456	-0.740	-0.900	-1.178	-0.640	-2.220	-0.658	-3.034	-1.195	-0.869
SyringaeB728a_mexBdelta	Psyr_2798	Psyr_2798		hypothetical protein	-1.255	-0.599	-2.040	-0.560	-1.425	-1.782	-0.844	-1.122	0.640	0.566	-1.916	-1.025	-0.043	7.965	-0.413	0.195	-0.099	-2.274	-1.380	-0.833	-0.595	-0.494	-0.733
SyringaeB728a_mexBdelta	Psyr_2799	Psyr_2799		hypothetical protein	0.415	-0.856	1.207	-1.190	0.444	0.495	1.008	-0.496	0.241	-0.771	-0.633	-0.430	2.354	7.023	0.860	-0.872	-0.077	-1.064	-0.221	-0.023	0.066	1.064	-0.140
SyringaeB728a_mexBdelta	Psyr_2801	Psyr_2801		hypothetical protein	-0.856	-1.070	-1.935	-0.505	-0.654	-0.027	-0.666	-1.666	-0.275	-0.752	-0.471	-0.880	-0.967	6.579	-1.922	-0.798	-2.068	-0.356	-1.327	0.364	-1.592	-0.804	-1.680
SyringaeB728a_mexBdelta	Psyr_2802	Psyr_2802		lipoprotein, putative	-1.451	-0.054	-1.458	-0.755	0.525	0.218	0.090	1.330	-0.903	-1.795	-0.957	-0.988	0.500	4.749	-0.477	-0.349	0.143	0.078	-0.224	-0.718	0.218	-1.070	-0.442
SyringaeB728a_mexBdelta	Psyr_2804	Psyr_2804		hypothetical protein	-0.179	-0.661	-1.691	0.373	0.588	-1.612	-0.128	-0.992	-0.537	-0.321	-0.857	-0.336	-0.155	4.715	0.809	0.419	-0.349	0.780	0.060	0.015	1.055	0.067	0.440
SyringaeB728a_mexBdelta	Psyr_2805	Psyr_2805		hypothetical protein	-0.788	-0.654	0.051	-0.893	-0.161	1.453	-1.705	-1.253	0.518	0.356	-0.038	-0.816	0.369	18.036	0.101	0.115	0.582	0.827	-0.398	0.694	0.532	-0.210	-0.057
SyringaeB728a_mexBdelta	Psyr_2806	Psyr_2806		Bacteriophage Lambda NinG	-0.341	0.170	0.794	0.642	0.244	1.057	0.378	0.106	-0.234	-0.141	0.353	-0.890	0.107	3.871	-2.350	-1.957	-2.296	-1.065	-1.026	-1.628	-1.826	-2.914	-3.060
SyringaeB728a_mexBdelta	Psyr_2807	Psyr_2807		NinB	-0.203	-0.133	-0.890	-0.582	0.617	-0.011	-1.175	-0.908	1.229	-0.303	-0.260	0.379	-0.425	4.094	0.240	-0.766	-0.841	0.371	0.160	-0.101	-0.820	0.994	0.285
SyringaeB728a_mexBdelta	Psyr_2810	Psyr_2810		hypothetical protein	-0.709	1.609	0.903	0.900	-0.340	0.470	-1.752	-0.669	-1.675	0.977	-0.135	0.768	0.685	-2.225	0.398	-1.245	-0.207	-1.866	0.703	-0.755	-1.388	-0.104	-0.734
SyringaeB728a_mexBdelta	Psyr_2811	Psyr_2811		hypothetical protein	-1.911	-0.765	0.136	-0.490	-0.259	1.480	-0.594	0.001	-1.098	-1.464	0.580	0.633	0.300	-0.114	-0.427	-0.457	-0.979	-1.542	0.661	-0.012	-1.552	0.359	-1.188
SyringaeB728a_mexBdelta	Psyr_2813	Psyr_2813		conserved hypothetical protein	-0.681	-0.321	-0.569	-1.357	0.698	-2.062	-0.130	-1.261	-0.370	-1.562	-1.763	-0.603	0.598	8.701	-1.217	-1.652	-0.861	0.051	-1.033	-0.757	-2.582	-1.829	-0.893
SyringaeB728a_mexBdelta	Psyr_2815	Psyr_2815		conserved hypothetical protein	-1.271	-0.711	-1.147	-0.007	-0.721	-0.936	-0.374	-2.046	-0.121	-0.522	-1.511	-1.376	-0.232	12.249	-0.262	-0.510	-1.084	0.152	0.406	0.571	-0.447	0.380	0.204
SyringaeB728a_mexBdelta	Psyr_2816	Psyr_2816		hypothetical protein	-1.617	-1.670	-2.118	-1.244	-0.539	-1.631	-1.255	-1.279	-0.171	0.446	-1.653	-1.079	0.540	7.946	0.607	-0.068	0.137	0.897	1.175	-1.246	-1.213	0.019	-0.201
SyringaeB728a_mexBdelta	Psyr_2817	Psyr_2817		hypothetical protein	-0.262	0.203	-0.874	0.436	-0.963	0.371	-0.851	0.674	1.331	1.470	-0.887	-0.127	0.201	7.760	-0.827	0.900	0.654	0.570	-0.362	-0.253	1.172	0.089	0.795
SyringaeB728a_mexBdelta	Psyr_2818	Psyr_2818		hypothetical protein	-0.623	-0.182	0.143	0.157	-0.586	-0.499	-0.506	0.378	1.348	-0.059	-0.786	0.015	-2.303	6.392	0.907	0.520	0.548	0.065	0.230	0.874	0.397	-0.297	1.479
SyringaeB728a_mexBdelta	Psyr_2820	Psyr_2820		RecT protein	-2.224	-1.426	-0.590	-1.598	0.058	-2.685	-1.633	-0.976	-1.828	-0.058	-0.431	-1.557	-0.087	2.828	1.558	1.184	0.945	1.890	3.466	2.724	2.610	1.196	2.621
SyringaeB728a_mexBdelta	Psyr_2821	Psyr_2821		conserved hypothetical protein	-0.653	-1.124	-1.752	-0.523	0.250	0.215	0.122	-2.170	1.334	1.679	0.877	-0.584	-1.040	6.310	0.197	0.029	-0.809	-0.395	-0.615	-1.095	-0.994	0.058	-1.391
SyringaeB728a_mexBdelta	Psyr_2822	Psyr_2822		hypothetical protein	0.350	0.356	-0.237	-0.537	-1.390	1.337	0.668	-1.129	1.018	1.071	0.520	-0.743	-1.866	0.687	1.453	1.021	1.769	0.899	1.728	1.218	0.442	0.671	0.075
SyringaeB728a_mexBdelta	Psyr_2824	Psyr_2824		conserved hypothetical protein	-2.077	-2.162	-2.482	-1.902	-1.401	-0.111	-1.889	-1.940	-3.071	-4.042	-1.432	-2.759	-0.569	3.667	-4.303	-1.444	-2.747	-1.224	-2.390	-4.460	-2.184	-1.401	-3.047
SyringaeB728a_mexBdelta	Psyr_2825	Psyr_2825		DNA methylase N-4/N-6	-0.432	-0.141	-0.523	1.437	-0.515	1.586	-0.268	0.496	0.922	0.637	0.307	0.734	0.238	9.289	-0.044	0.901	0.179	0.049	1.252	1.849	-0.579	-0.288	0.232
SyringaeB728a_mexBdelta	Psyr_2826	Psyr_2826		hypothetical protein	-0.307	-1.426	-0.791	-0.458	0.778	0.353	-0.136	-1.382	-1.242	-0.392	-1.599	-1.239	-0.423	3.669	-0.608	-0.601	-0.525	-1.170	-0.324	-1.029	-1.059	0.340	-0.346
SyringaeB728a_mexBdelta	Psyr_2827	Psyr_2827		phage-related protein	0.568	1.879	-0.040	0.224	0.020	0.591	0.300	-0.129	0.295	2.687	1.339	1.326	-0.032	4.541	0.890	-1.488	0.759	0.478	-0.104	0.279	-0.622	-0.575	0.761
SyringaeB728a_mexBdelta	Psyr_2828	Psyr_2828		C-5 cytosine-specific DNA methylase	-0.271	0.177	0.776	0.708	-0.065	2.065	0.282	-0.300	1.677	0.680	-0.777	1.068	-0.769	10.785	-1.591	-0.416	-1.002	-0.077	-0.248	-0.623	-1.069	-1.625	-0.661
SyringaeB728a_mexBdelta	Psyr_2829	Psyr_2829		conserved hypothetical protein	-0.255	-0.674	-0.727	-0.569	-1.650	-0.337	-2.035	-1.144	-0.919	-0.657	-1.239	-0.203	1.113	4.233	-0.270	-0.235	-0.306	-0.616	0.166	-0.978	0.071	0.385	0.336
SyringaeB728a_mexBdelta	Psyr_2830	Psyr_2830		conserved hypothetical protein	0.247	-1.040	-0.968	0.553	0.620	0.530	0.483	0.599	0.828	1.337	-0.591	0.288	0.127	7.425	0.241	1.151	-0.581	0.090	-0.197	0.063	0.988	0.299	1.174
SyringaeB728a_mexBdelta	Psyr_2832	Psyr_2832		Phage integrase:Phage integrase, N-terminal SAM-like protein	0.155	-0.714	0.763	-0.830	0.841	-0.303	-1.234	-0.057	0.387	-1.621	-0.710	-1.298	-1.226	3.385	-0.001	-0.437	-0.108	0.782	0.506	0.182	-0.222	0.206	0.741
SyringaeB728a_mexBdelta	Psyr_2833	Psyr_2833		CDS	0.433	1.846	1.084	0.212	-0.452	-0.909	0.430	0.620	-0.881	1.049	0.495	-0.089	-0.648	2.594	-0.075	-0.428	-0.537	0.781	0.437	-0.621	0.071	-0.288	0.201
SyringaeB728a_mexBdelta	Psyr_2834	Psyr_2834		hypothetical protein	-0.691	0.037	0.289	0.395	-0.773	2.181	-1.285	0.323	-0.211	-0.661	-0.438	-1.433	0.766	6.145	-1.187	-0.821	-0.292	-3.301	-1.454	-1.725	-2.861	-1.882	-2.342
SyringaeB728a_mexBdelta	Psyr_2835	Psyr_2835		hypothetical protein	0.687	1.694	1.411	0.444	0.899	0.889	-0.322	2.015	0.016	0.411	1.101	1.051	-0.708	7.435	-0.256	-0.761	0.357	-0.492	-0.389	0.216	0.423	-0.039	0.035
SyringaeB728a_mexBdelta	Psyr_2836	Psyr_2836		hypothetical protein	-0.736	0.570	-0.215	-0.094	-0.769	1.313	0.065	0.888	0.233	1.342	0.044	0.161	0.708	4.587	0.021	-1.026	-0.474	-0.080	-0.693	-0.848	-0.681	-0.843	-0.483
SyringaeB728a_mexBdelta	Psyr_2837	Psyr_2837		hypothetical protein	-4.297	-3.428	-1.964	-1.648	-0.419	-1.401	-1.838	-3.216	-3.373	-2.798	-2.962	-3.429	-2.136	3.262	-2.046	-0.336	-1.240	-1.364	-1.571	-0.810	-1.500	-1.029	-0.962
SyringaeB728a_mexBdelta	Psyr_2838	Psyr_2838		conserved hypothetical protein	-0.576	-1.583	-0.755	-1.228	0.628	-0.281	-1.168	-1.143	-1.433	0.808	-1.471	-1.015	-0.876	1.907	1.166	-0.584	0.119	-0.941	0.260	-0.532	-0.427	-0.952	-1.421
SyringaeB728a_mexBdelta	Psyr_2839	Psyr_2839		conserved hypothetical protein	0.107	0.363	-0.331	-0.456	-1.184	-0.700	0.200	-0.779	0.531	0.133	-0.282	0.708	-0.196	4.066	1.317	1.365	0.349	0.283	0.263	2.275	0.690	-0.561	1.388
SyringaeB728a_mexBdelta	Psyr_2840	Psyr_2840		hypothetical protein	-2.861	-0.575	-1.978	-0.261	-0.865	-0.803	-0.082	-1.283	-1.095	-1.914	-2.018	-1.123	-0.234	1.826	-0.103	0.447	-0.070	0.861	0.252	0.016	-0.688	-0.622	-0.566
SyringaeB728a_mexBdelta	Psyr_2841	Psyr_2841		hypothetical protein	0.076	0.389	-1.317	-0.494	-0.318	-0.075	-0.597	-1.620	-0.324	0.690	0.678	0.753	0.740	7.452	-0.184	-0.318	-0.630	-0.031	0.561	-0.340	-0.461	-0.701	-0.286
SyringaeB728a_mexBdelta	Psyr_2842	Psyr_2842		hypothetical protein	-2.125	-4.379	-1.016	-1.370	-1.237	-0.784	-2.859	-3.559	-1.914	-1.460	-2.412	-2.060	-1.407	3.744	-1.207	-0.189	-1.505	-1.202	-1.173	-0.578	-1.821	0.659	-0.113
SyringaeB728a_mexBdelta	Psyr_2843	Psyr_2843		C-5 cytosine-specific DNA methylase	0.764	0.996	0.469	0.324	1.031	-0.733	-0.301	-0.201	0.407	1.654	0.083	0.760	1.398	6.374	-0.917	-0.858	-0.853	-0.130	-0.842	-1.576	-1.229	-0.869	-1.034
SyringaeB728a_mexBdelta	Psyr_2844	Psyr_2844		hypothetical protein	-1.219	-0.443	-0.469	-1.228	0.912	-0.072	-0.948	-3.077	-1.089	-1.037	-0.838	-1.792	-2.372	1.693	-0.533	-1.021	-0.907	-0.901	0.099	-0.539	-2.308	-0.855	-1.387
SyringaeB728a_mexBdelta	Psyr_2846	Psyr_2846		Phage integrase:Phage integrase, N-terminal SAM-like protein	0.824	0.584	0.617	1.680	0.331	1.674	-0.089	-1.483	1.764	0.918	0.133	0.716	-0.564	5.210	0.380	0.828	0.478	0.079	-0.203	0.119	-0.835	-1.093	-0.321
SyringaeB728a_mexBdelta	Psyr_2847	Psyr_2847		hypothetical protein	2.388	-0.005	-0.055	0.390	-1.374	0.569	0.511	0.875	-0.109	-0.691	1.294	-0.465	-0.020	0.287	-0.623	0.315	1.765	0.168	1.076	0.763	0.769	1.360	0.287
SyringaeB728a_mexBdelta	Psyr_2848	Psyr_2848		hypothetical protein	-2.380	-2.227	-1.439	-0.891	-0.063	-2.288	-1.526	-4.093	-1.601	-1.657	-2.417	-2.908	-0.325	-1.058	-1.952	-2.175	-2.417	-1.673	-1.457	-2.084	-2.224	-2.152	-1.629
SyringaeB728a_mexBdelta	Psyr_2850	Psyr_2850		hypothetical protein	-0.199	-0.795	-0.857	-0.366	-1.221	0.121	-1.098	-0.781	0.139	-0.309	-2.498	-0.924	2.158	1.126	0.039	-0.065	0.047	-0.833	-0.852	0.937	-0.132	-0.425	-0.005
SyringaeB728a_mexBdelta	Psyr_2851	Psyr_2851		conserved hypothetical protein	-0.959	0.534	-0.782	-0.257	-0.302	3.076	0.003	-0.201	-0.061	0.032	-0.310	-0.265	-2.749	-2.648	-0.622	-0.199	-0.044	-1.542	0.995	0.077	-0.863	-0.461	-0.753
SyringaeB728a_mexBdelta	Psyr_2852	Psyr_2852		conserved hypothetical protein	-0.051	0.362	-0.815	-0.288	-0.306	-2.274	-0.946	-1.055	-0.140	-0.249	-0.666	-0.675	-0.222	0.415	-2.038	-0.767	-0.683	-0.302	-0.594	-0.785	-0.282	-1.246	-1.275
SyringaeB728a_mexBdelta	Psyr_2853	Psyr_2853		CDS	-2.026	-1.792	-1.765	-1.820	-2.105	-1.602	-2.459	-2.754	-2.682	-3.463	-2.289	-3.249	-1.891	-3.049	-0.581	-0.736	-0.539	-0.807	-0.053	-0.259	-0.758	-1.755	-0.941
SyringaeB728a_mexBdelta	Psyr_2854	Psyr_2854		conserved hypothetical protein	-5.469	-4.561	-3.146	-5.918	-2.557	1.528	-3.146	-5.345	-6.414	-6.229	-7.411	-7.485	-1.371	-2.650	-6.944	-5.051	-1.769	-5.537	-6.501	-5.193	-5.856	-6.389	-6.932
SyringaeB728a_mexBdelta	Psyr_2855	Psyr_2855		methionine synthase (B12-independent)	-7.762	-6.956	-3.384	-7.726	-3.098	0.961	-1.151	-5.003	-6.995	-6.242	-6.297	-7.866	-2.187	-3.173	-6.568	-5.619	-0.916	-7.538	-8.216	-4.867	-6.497	-6.556	-8.749
SyringaeB728a_mexBdelta	Psyr_2856	Psyr_2856		Chitin-binding, domain 3	-0.961	0.371	-0.797	-0.914	-0.607	-0.090	-1.404	-2.532	-1.060	-0.901	-1.748	-1.632	0.109	0.181	-1.041	-0.110	-1.393	-1.825	-1.442	-0.754	-1.744	-0.281	-2.156
SyringaeB728a_mexBdelta	Psyr_2857	Psyr_2857		conserved hypothetical protein	0.766	0.471	0.521	0.052	0.213	-0.686	0.527	-0.142	-0.005	0.568	-0.141	0.829	0.197	0.210	0.381	0.563	-0.552	-0.231	1.775	1.131	0.155	-0.222	-0.468
SyringaeB728a_mexBdelta	Psyr_2858	Psyr_2858		2OG-Fe(II) oxygenase superfamily	-0.122	-0.498	-1.104	-0.777	0.277	1.671	-0.285	1.034	-0.691	-0.111	-0.314	-1.109	0.492	0.098	-1.872	-1.413	0.043	0.417	-0.527	-0.652	-0.340	-0.454	-0.135
SyringaeB728a_mexBdelta	Psyr_2859	Psyr_2859		Isochorismatase hydrolase	-0.273	0.412	0.214	-0.769	-0.419	0.270	1.542	-2.417	0.161	-1.038	-0.928	0.275	-0.316	-0.122	-2.444	-1.504	-0.828	-2.325	0.428	-0.383	-0.922	-0.164	-0.036
SyringaeB728a_mexBdelta	Psyr_2860	Psyr_2860		hypothetical protein	0.486	-0.886	0.012	0.117	-0.762	-0.031	-0.332	-0.375	-0.318	0.507	0.958	0.603	-1.720	-2.232	-0.495	-1.229	-0.829	0.204	-0.455	-0.614	-0.408	0.643	-1.595
SyringaeB728a_mexBdelta	Psyr_2862	Psyr_2862		Cytochrome c, class I	0.194	-0.558	-0.440	-0.476	-0.359	1.536	-0.686	-0.271	-0.800	-0.443	-0.294	-1.269	0.102	-0.366	-0.144	0.524	1.262	-0.144	0.077	0.348	0.356	-0.734	-0.188
SyringaeB728a_mexBdelta	Psyr_2863	Psyr_2863		Feruloyl esterase	0.064	-0.189	0.935	0.331	1.556	-1.171	-1.998	-1.130	0.246	-1.844	-1.060	-0.461	1.866	-0.290	0.378	0.580	0.546	1.212	1.850	1.966	0.904	0.262	0.742
SyringaeB728a_mexBdelta	Psyr_2864	Psyr_2864		RND efflux system, outer membrane lipoprotein, NodT	2.066	0.051	0.931	-0.354	0.556	-0.401	0.198	0.115	-0.598	-0.402	-0.151	0.685	0.037	1.503	1.060	1.406	1.721	1.420	1.731	1.662	0.784	0.823	1.515
SyringaeB728a_mexBdelta	Psyr_2865	Psyr_2865		Hydrophobe/amphiphile efflux-1 HAE1	0.029	-0.402	-0.613	-0.893	-0.557	-0.873	-0.004	0.169	0.464	-0.002	-1.310	0.608	1.818	0.520	1.164	0.050	-0.331	-1.080	0.257	-0.495	0.101	0.951	-0.497
SyringaeB728a_mexBdelta	Psyr_2866	Psyr_2866		Secretion protein HlyD	-0.002	1.033	1.011	0.994	-0.230	-0.976	0.926	1.218	0.755	0.459	0.765	-0.409	3.362	2.791	1.330	0.906	0.263	0.189	1.113	1.030	0.833	0.610	0.322
SyringaeB728a_mexBdelta	Psyr_2867	Psyr_2867		ATP-binding region, ATPase-like:Histidine kinase, HAMP region:Histidine kinase A, N-terminal	-0.992	-0.688	-0.151	-1.440	0.169	0.408	-0.007	0.461	-1.829	-1.253	0.266	-0.338	0.063	-0.473	0.833	0.163	-0.339	-0.802	-0.625	0.747	0.745	0.274	-0.771
SyringaeB728a_mexBdelta	Psyr_2868	Psyr_2868		Response regulator receiver:Transcriptional regulatory protein, C-terminal	1.489	0.303	0.415	-0.828	0.272	2.801	-0.057	1.788	-0.410	1.166	0.347	-0.009	-0.586	0.261	0.079	0.910	0.507	1.130	-0.094	-0.022	2.010	0.100	0.909
SyringaeB728a_mexBdelta	Psyr_2869	Psyr_2869		xenobiotic compound monooxygenase, DszA family	-0.383	0.021	-0.939	0.142	0.064	0.464	-0.403	-1.294	0.580	-0.154	-0.043	0.695	-0.697	0.845	-0.403	0.052	-1.000	-1.780	-0.150	-0.685	-1.075	-1.908	-0.079
SyringaeB728a_mexBdelta	Psyr_2871	Psyr_2871		CDS	1.667	0.590	-0.290	0.807	1.598	4.053	-0.143	0.721	1.748	0.481	0.634	0.316	0.336	0.924	0.104	0.070	-0.842	-0.513	-0.577	-0.162	-0.955	0.238	-0.019
SyringaeB728a_mexBdelta	Psyr_2873	Psyr_2873		Acyl-CoA dehydrogenase, C-terminal	0.762	1.715	0.274	-0.050	0.496	-2.521	0.749	0.996	-0.455	-0.921	1.298	1.105	0.945	0.501	1.325	1.303	0.788	0.365	0.076	1.431	0.658	0.624	0.461
SyringaeB728a_mexBdelta	Psyr_2874	Psyr_2874		monosaccharide ABC transporter membrane protein, CUT2 family	-0.147	-0.860	-1.164	-1.247	-0.640	1.141	-0.572	-0.596	-1.261	-0.032	1.060	0.297	-1.259	-1.646	-0.195	1.370	-0.235	0.298	-1.783	0.683	-0.179	-0.205	0.744
SyringaeB728a_mexBdelta	Psyr_2875	Psyr_2875		monosaccharide ABC transporter membrane protein, CUT2 family	0.251	-0.541	-0.698	-0.902	-0.715	-0.158	0.759	-0.570	-0.931	0.420	0.251	-0.010	0.132	-0.627	0.608	-0.918	-0.172	0.584	0.440	0.525	0.798	0.184	0.129
SyringaeB728a_mexBdelta	Psyr_2876	Psyr_2876		monosaccharide ABC transporter ATP-binding protein, CUT2 family	1.331	0.464	1.813	0.164	0.787	0.537	1.365	1.342	-0.574	2.184	2.153	1.187	0.321	-0.051	1.922	0.971	1.394	0.188	0.097	-0.661	-0.920	0.897	0.732
SyringaeB728a_mexBdelta	Psyr_2877	Psyr_2877		monosaccharide ABC transporter substrate-binding protein, CUT2 family	0.869	0.236	0.719	0.243	0.710	1.512	0.471	1.153	-0.108	-0.458	1.663	0.689	2.615	2.175	0.691	0.135	-0.351	-0.076	-0.764	0.084	-0.172	0.649	-0.285
SyringaeB728a_mexBdelta	Psyr_2878	Psyr_2878		Histidine kinase, HAMP region:Bacterial chemotaxis sensory transducer	-1.058	-0.208	-0.622	-0.561	0.605	-0.253	0.109	-2.248	1.002	-0.940	-0.682	-0.169	-0.478	-0.953	1.306	0.451	0.171	-0.198	0.745	0.676	-0.786	0.299	-0.925
SyringaeB728a_mexBdelta	Psyr_2879	Psyr_2879		VirK	-0.075	0.970	0.378	0.518	-0.743	1.426	0.568	-0.371	0.915	-1.279	-0.319	1.083	1.431	-0.472	0.624	0.721	0.128	0.682	-0.309	0.128	0.163	0.304	0.225
SyringaeB728a_mexBdelta	Psyr_2880	Psyr_2880		conserved hypothetical protein	-3.724	-3.513	-1.836	-1.762	-1.655	-0.187	-0.348	-2.556	-2.410	-2.355	-3.084	-2.090	-2.486	-2.509	-0.505	-0.315	-0.242	-0.686	-0.616	-0.690	-0.558	-2.376	-0.026
SyringaeB728a_mexBdelta	Psyr_2881	Psyr_2881		xylellain, Cysteine peptidase, MEROPS family C01A	1.768	1.033	1.231	0.824	0.719	0.881	2.751	1.294	-0.120	1.161	1.793	-0.316	-2.503	-1.427	0.119	-1.297	-0.519	-0.713	-0.395	-0.718	-0.692	-1.839	0.530
SyringaeB728a_mexBdelta	Psyr_2882	Psyr_2882		transcriptional regulator, AraC family	0.998	-0.154	0.504	0.637	0.599	0.622	-0.115	0.498	1.978	0.823	-0.104	0.763	1.828	0.877	0.208	0.017	0.751	0.828	-0.722	-0.571	1.242	-0.376	0.428
SyringaeB728a_mexBdelta	Psyr_2883	Psyr_2883		D-xylose isomerase	0.403	-0.263	-0.694	0.162	0.566	-1.753	-0.923	0.532	0.820	0.237	-0.210	0.756	-0.040	-1.052	1.373	0.537	0.922	1.996	0.597	0.495	1.397	1.205	1.137
SyringaeB728a_mexBdelta	Psyr_2884	Psyr_2884		xylose-binding protein	0.343	1.019	-1.088	0.373	0.253	-0.582	0.958	0.298	0.371	-0.706	0.861	-0.199	0.990	-0.857	-0.783	-0.947	-0.692	-1.019	-1.312	-1.273	-0.451	-0.268	-1.839
SyringaeB728a_mexBdelta	Psyr_2885	Psyr_2885		xylose ABC transporter ATP-binding protein	1.156	1.628	1.072	-0.941	0.132	-0.652	1.264	-0.113	0.725	1.436	-1.427	-0.781	0.102	0.476	0.792	0.486	0.675	0.566	1.059	0.787	0.219	0.167	0.393
SyringaeB728a_mexBdelta	Psyr_2886	Psyr_2886		xylose ABC transporter membrane protein	-1.303	0.694	1.116	-0.297	0.582	-0.860	1.511	0.449	0.285	0.838	0.038	-0.921	0.816	0.001	0.402	0.073	0.803	0.216	-0.119	0.483	0.106	0.195	1.412
SyringaeB728a_mexBdelta	Psyr_2887	Psyr_2887		Endoribonuclease L-PSP	0.515	0.953	-0.076	-0.756	-0.416	-0.804	0.377	-0.833	-2.164	-0.674	-0.032	-1.072	0.103	-1.576	0.084	0.537	0.427	0.198	0.100	0.983	-0.214	0.028	-0.331
SyringaeB728a_mexBdelta	Psyr_2888	Psyr_2888		Amine oxidase	0.209	0.919	-0.226	-0.677	-1.873	-0.597	-0.827	0.734	-0.303	-0.787	0.194	-0.069	0.347	1.970	0.073	0.892	0.804	-0.109	-0.142	-0.278	-0.232	0.930	0.274
SyringaeB728a_mexBdelta	Psyr_2889	Psyr_2889		amino acid ABC transporter substrate-binding protein, PAAT family	0.460	-0.714	0.167	0.344	-0.532	-0.431	-1.293	-0.055	-1.168	-1.120	0.254	-0.230	0.004	0.814	1.091	0.247	0.965	0.608	0.466	1.324	0.772	0.323	0.386
SyringaeB728a_mexBdelta	Psyr_2890	Psyr_2890		amino acid ABC transporter ATP-binding protein, PAAT family	-0.707	0.489	0.533	-0.237	0.351	2.078	0.169	1.086	0.384	0.756	0.846	-0.677	-0.724	-0.048	0.066	-0.483	0.912	0.502	-0.325	0.768	-0.690	-0.088	-0.490
SyringaeB728a_mexBdelta	Psyr_2891	Psyr_2891		amino acid ABC transporter membrane protein, PAAT family	1.265	1.134	0.087	2.353	0.714	-0.275	0.620	1.448	1.411	2.107	0.544	2.675	1.136	-1.082	-1.664	-0.633	0.257	-0.857	-1.066	0.208	-1.798	-0.283	-0.833
SyringaeB728a_mexBdelta	Psyr_2892	Psyr_2892		TonB-dependent receptor:TonB-dependent receptor	0.710	1.231	-0.232	-0.699	-0.063	-0.047	0.012	-0.534	0.029	-0.238	0.159	-0.157	0.747	-0.011	0.638	0.086	0.732	0.432	-1.217	-0.028	-0.168	-0.324	-0.619
SyringaeB728a_mexBdelta	Psyr_2893	Psyr_2893		probable lipoprotein	0.342	0.075	0.225	0.603	0.696	0.243	0.444	0.155	-1.153	-0.224	-0.783	0.557	-0.954	-1.767	-0.121	-0.484	-0.197	0.036	-0.360	-0.507	1.114	0.704	0.151
SyringaeB728a_mexBdelta	Psyr_2894	Psyr_2894		conserved hypothetical protein	-1.557	0.605	0.441	0.378	0.293	-1.676	-1.153	1.606	0.697	-0.790	1.435	-0.017	-0.182	-1.754	-0.999	-0.092	0.532	-0.671	-0.063	0.447	-0.177	-0.173	-0.340
SyringaeB728a_mexBdelta	Psyr_2896	Psyr_2896		Excinuclease ABC subunit C	2.233	2.131	-0.016	2.617	0.107	1.093	1.327	1.371	2.163	-10.211	1.164	2.961	0.471	-6.086	-0.467	-0.716	0.392	-0.033	1.016	-0.538	-0.752	-0.750	-14.381
SyringaeB728a_mexBdelta	Psyr_2897	Psyr_2897		regulatory protein, LuxR:Response regulator receiver	0.708	1.325	-3.350	1.724	-3.462	-2.151	-2.733	-1.675	-0.928	-1.866	-3.914	0.448	-4.857	-4.053	-2.604	-2.887	-4.875	-3.813	-3.217	-6.338	-0.900	-2.332	-6.507
SyringaeB728a_mexBdelta	Psyr_2898	Psyr_2898		Helix-turn-helix motif protein	-1.914	-3.962	-1.304	-3.868	-1.556	-4.190	-0.705	-2.229	-3.118	-2.196	-1.399	-1.897	0.506	-1.928	0.150	0.090	-1.339	-0.563	-0.787	0.597	-0.490	-0.529	1.074
SyringaeB728a_mexBdelta	Psyr_2899	Psyr_2899		conserved hypothetical protein	-0.325	0.228	-0.646	-0.643	1.370	-1.910	1.220	-1.295	-0.367	-1.239	-2.123	-1.096	-0.158	0.527	-1.001	-0.733	-0.039	1.087	-0.389	-0.247	-0.649	-1.201	-0.059
SyringaeB728a_mexBdelta	Psyr_2900	Psyr_2900		3-deoxy-D-arabinoheptulosonate-7-phosphate synthase	-1.079	0.824	0.140	0.217	0.332	-0.677	-0.583	-0.958	-0.979	-0.210	-0.643	0.982	-3.160	-2.753	1.977	2.712	1.283	2.241	1.256	1.382	2.269	1.166	1.213
SyringaeB728a_mexBdelta	Psyr_2901	Psyr_2901		PpiC-type peptidyl-prolyl cis-trans isomerase	1.918	-1.271	0.206	-0.540	0.986	-0.660	0.060	1.875	1.396	0.728	-0.031	-0.399	0.107	-0.573	0.165	-1.112	0.186	-0.359	-0.098	-0.295	-1.822	-1.503	0.001
SyringaeB728a_mexBdelta	Psyr_2902	Psyr_2902		extracellular solute-binding protein, family 5	0.399	0.350	-0.844	0.055	-0.787	1.482	-0.069	0.532	-0.875	0.489	-0.848	0.760	-0.031	-1.163	0.692	-0.359	0.368	-0.638	-1.093	0.345	-0.118	0.043	-0.436
SyringaeB728a_mexBdelta	Psyr_2903	Psyr_2903		Binding-protein-dependent transport systems inner membrane component	0.365	0.481	-0.962	0.483	-0.262	-0.683	-1.339	1.357	0.003	0.840	-0.637	0.031	-0.502	-0.649	0.666	1.456	-0.121	-0.083	0.809	0.803	0.901	-0.740	0.513
SyringaeB728a_mexBdelta	Psyr_2904	Psyr_2904		Binding-protein-dependent transport systems inner membrane component	1.393	1.957	-1.750	0.228	0.431	0.436	0.512	-1.179	-0.413	0.226	-1.483	0.778	0.814	-0.727	2.247	1.593	1.844	1.151	1.099	-0.322	1.499	1.474	1.281
SyringaeB728a_mexBdelta	Psyr_2905	Psyr_2905		ABC transporter	-1.037	-0.578	0.111	-0.338	-1.286	0.502	-1.940	-2.331	-1.477	-0.852	-1.936	-0.804	0.926	-0.495	-0.304	-0.020	-0.412	-0.689	-0.808	-2.259	-2.022	-0.100	-0.950
SyringaeB728a_mexBdelta	Psyr_2906	Psyr_2906		Pilus retraction protein PilT	0.459	0.329	-0.439	0.932	-0.235	-1.222	-0.287	-0.295	0.583	-0.343	-0.091	0.911	1.385	1.437	-0.015	0.690	0.957	-0.477	0.499	0.181	0.822	1.620	-0.215
SyringaeB728a_mexBdelta	Psyr_2907	Psyr_2907		PpiC-type peptidyl-prolyl cis-trans isomerase	-0.795	-0.271	-0.357	-0.564	-1.772	0.218	1.119	0.462	0.347	-0.446	-0.307	0.687	-0.252	-1.540	1.250	0.635	0.457	0.993	0.358	0.360	0.595	1.241	0.939
SyringaeB728a_mexBdelta	Psyr_2908	Psyr_2908		Phosphoglucomutase, alpha-D-glucose phosphate-specific	1.329	1.770	-0.532	1.385	1.024	2.022	0.617	1.342	-0.035	0.111	-0.243	1.363	-0.222	-0.042	-0.822	-1.185	-0.077	-0.093	-1.314	1.083	-1.644	-0.369	0.619
SyringaeB728a_mexBdelta	Psyr_2909	Psyr_2909		DEAD_2	0.374	0.782	1.865	1.209	1.007	0.215	1.104	0.947	0.123	0.058	0.087	0.837	0.748	-1.707	-0.787	0.781	-0.615	0.338	-0.855	-0.629	-0.022	0.176	-0.741
SyringaeB728a_mexBdelta	Psyr_2910	Psyr_2910		transcriptional regulator, GntR family	0.196	-0.188	0.167	-0.096	0.946	1.430	0.617	0.784	0.889	0.065	-1.236	0.856	-0.777	-2.565	1.244	1.392	-0.101	2.425	-0.507	1.649	0.369	1.142	0.727
SyringaeB728a_mexBdelta	Psyr_2911	Psyr_2911		conserved domain protein	-0.840	0.331	0.929	0.585	0.842	0.610	1.041	-0.916	0.827	0.677	0.264	-0.317	0.517	-2.057	-0.111	-0.000	0.734	-0.814	0.769	-0.076	0.357	0.768	0.856
SyringaeB728a_mexBdelta	Psyr_2913	Psyr_2913		transcriptional regulator, LysR family	2.172	0.266	-5.034	1.118	-6.323	1.058	-5.012	-1.208	-3.319	-6.796	-4.107	1.274	-3.918	-3.054	3.077	0.832	-1.202	-0.863	-0.584	-6.226	-0.466	0.314	-8.805
SyringaeB728a_mexBdelta	Psyr_2914	Psyr_2914		ATP-dependent DNA helicase RecQ	-1.172	-1.539	-1.229	-1.043	-0.586	-0.981	-0.743	-2.268	0.679	-1.716	-2.279	-1.195	-1.359	-5.507	-1.486	-1.810	-1.647	-1.334	-1.034	-1.450	-1.840	-1.652	-0.705
SyringaeB728a_mexBdelta	Psyr_2915	Psyr_2915		transcriptional regulator, AraC family with amidase-like domain protein	-0.295	1.666	0.279	0.903	0.968	-2.553	-1.057	-0.436	-1.653	1.373	0.071	0.219	0.027	0.664	0.767	0.084	1.709	1.473	0.246	0.623	1.356	0.654	0.999
SyringaeB728a_mexBdelta	Psyr_2916	Psyr_2916		Substrate-binding region of ABC-type glycine betaine transport system	0.291	-0.427	0.270	1.390	-0.375	-1.041	-0.011	0.177	0.127	-1.093	-0.212	-0.725	0.364	0.325	-1.699	-0.027	-0.905	-2.253	-2.360	-0.928	-2.238	-0.876	-0.372
SyringaeB728a_mexBdelta	Psyr_2917	Psyr_2917		Prokaryotic protein of unknown function DUF849	-0.040	0.323	1.516	-0.659	0.934	-0.276	-0.364	0.103	2.092	1.377	0.006	0.231	-0.124	-0.572	0.754	0.535	0.789	0.647	0.121	0.647	0.424	1.325	0.158
SyringaeB728a_mexBdelta	Psyr_2918	Psyr_2918		3-hydroxyacyl-CoA dehydrogenase, C-terminal:3-hydroxyacyl-CoA dehydrogenase, NAD-binding protein	0.778	-1.242	0.237	0.146	1.074	-1.551	-0.542	-0.256	2.071	-0.013	-0.004	0.662	-0.131	-2.164	0.657	1.018	0.920	1.404	1.670	0.938	0.632	1.665	0.937
SyringaeB728a_mexBdelta	Psyr_2919	Psyr_2919		conserved hypothetical protein	-0.040	-0.079	0.496	1.109	1.371	0.705	-0.340	0.755	1.108	0.376	0.532	0.631	0.277	-0.471	0.599	0.465	1.150	0.136	0.494	0.952	-0.379	2.088	0.668
SyringaeB728a_mexBdelta	Psyr_2921	Psyr_2921		ADP-ribosylglycohydrolase	0.051	-2.345	1.216	0.145	0.574	-0.101	0.315	1.706	0.923	0.965	1.259	-0.700	-0.377	0.490	0.322	0.214	1.178	-0.405	-0.300	0.891	-0.450	-0.193	0.626
SyringaeB728a_mexBdelta	Psyr_2922	Psyr_2922		Permease for cytosine/purines, uracil, thiamine, allantoin	1.774	1.809	1.299	0.947	0.663	1.242	0.573	1.484	1.953	1.591	1.652	2.270	-0.925	-2.186	0.955	0.347	1.391	0.629	-0.090	0.035	0.024	0.936	0.776
SyringaeB728a_mexBdelta	Psyr_2923	Psyr_2923		Carbohydrate kinase, PfkB	-0.617	0.287	0.033	-1.356	-0.495	-1.023	-0.304	-1.612	0.162	-0.098	-0.797	-1.072	0.328	-0.006	-0.349	-0.080	-1.321	-0.709	0.018	0.580	0.593	0.432	0.440
SyringaeB728a_mexBdelta	Psyr_2924	Psyr_2924		conserved hypothetical protein	-1.621	-0.749	0.403	-0.007	-0.828	-0.386	-0.696	-2.184	-1.227	-1.144	-1.582	-1.349	-0.235	-1.972	0.988	0.481	0.177	1.378	0.117	-0.383	0.729	1.328	0.768
SyringaeB728a_mexBdelta	Psyr_2926	Psyr_2926		General substrate transporter:Major facilitator superfamily	1.594	-0.734	1.133	-0.545	1.524	0.687	-0.723	0.678	0.782	1.178	1.567	1.525	1.564	1.648	-1.063	0.255	-0.129	0.365	-0.033	-0.184	-0.997	0.625	-1.096
SyringaeB728a_mexBdelta	Psyr_2927	Psyr_2927		transcriptional regulator, TetR family	0.436	-1.687	-0.847	1.479	-0.518	3.496	0.043	0.598	-0.810	-0.005	0.129	0.004	-0.709	-1.768	0.037	0.555	-0.745	-0.723	-0.090	0.895	1.309	0.681	0.494
SyringaeB728a_mexBdelta	Psyr_2928	Psyr_2928		ABC transporter, transmembrane region:ABC transporter	1.106	-0.367	-0.601	0.383	0.361	-0.205	0.114	-0.544	0.102	0.233	-0.631	0.984	1.813	-0.906	-0.265	-0.853	0.292	0.478	0.149	0.608	-0.172	-0.009	-0.239
SyringaeB728a_mexBdelta	Psyr_2929	Psyr_2929		transcriptional regulator, LysR family	0.227	-0.559	1.133	1.677	-1.463	1.177	0.743	0.239	0.237	0.094	0.174	0.366	1.048	-1.061	0.900	0.527	0.718	0.247	0.752	0.330	0.479	0.750	0.441
SyringaeB728a_mexBdelta	Psyr_2930	Psyr_2930		Glyoxalase/bleomycin resistance protein/dioxygenase	0.082	-0.109	1.031	-0.263	-1.005	2.467	0.487	0.230	-0.540	0.497	-0.360	-1.149	3.259	0.266	1.763	1.258	1.904	0.696	1.120	2.064	1.342	1.327	1.704
SyringaeB728a_mexBdelta	Psyr_2931	Psyr_2931		High-affinity nickel-transporter	-0.249	1.817	0.310	0.602	1.342	0.012	1.040	0.514	1.081	1.473	0.185	1.878	-1.044	-1.298	0.819	0.905	-0.348	1.023	1.248	0.522	1.257	1.390	0.892
SyringaeB728a_mexBdelta	Psyr_2933	Psyr_2933		transcriptional regulator, TetR family	-1.054	-1.076	0.175	-0.199	0.195	1.233	1.191	0.277	-0.602	0.583	1.285	0.389	2.034	0.280	0.791	-0.613	-1.093	-0.597	0.289	-1.178	-0.585	-0.437	-0.715
SyringaeB728a_mexBdelta	Psyr_2934	Psyr_2934		NADH:flavin oxidoreductase/NADH oxidase	2.299	0.521	0.672	1.259	1.670	3.279	1.694	1.399	0.773	0.055	0.666	0.980	0.399	-0.897	0.788	0.926	-0.408	0.571	0.056	0.890	0.186	0.517	-0.350
SyringaeB728a_mexBdelta	Psyr_2935	Psyr_2935		conserved hypothetical protein	1.357	0.381	-0.745	0.532	0.034	1.411	-0.766	0.556	1.114	0.952	0.671	-0.052	0.752	-1.487	-0.315	-0.491	-0.101	-1.121	-0.168	-1.066	-1.007	0.485	-0.897
SyringaeB728a_mexBdelta	Psyr_2936	Psyr_2936		conserved hypothetical protein	-0.019	0.540	0.533	-1.188	0.764	-0.455	0.735	1.748	1.894	1.212	0.587	-0.156	-0.030	-0.797	0.975	0.271	0.698	0.934	1.740	2.464	0.877	1.113	1.568
SyringaeB728a_mexBdelta	Psyr_2937	Psyr_2937		NADH:flavin oxidoreductase/NADH oxidase	2.186	1.321	2.125	-0.366	1.244	1.692	1.311	0.859	1.473	1.820	1.607	1.608	0.393	1.343	-0.383	0.701	-0.378	-0.730	0.801	0.520	0.023	0.763	-0.364
SyringaeB728a_mexBdelta	Psyr_2938	Psyr_2938		transcriptional regulator, LysR family	-1.679	-1.239	-2.268	-2.169	-3.052	-2.787	-3.036	-2.102	-0.064	-1.248	-1.653	-1.673	0.663	-0.841	-0.341	-0.938	-0.297	0.237	-0.635	0.412	0.150	-0.697	-0.781
SyringaeB728a_mexBdelta	Psyr_2940	Psyr_2940		PAS	-0.198	0.222	0.996	0.531	-0.423	0.859	1.235	-0.834	-0.226	-0.312	0.636	1.333	0.921	-0.195	-0.431	0.180	0.862	0.784	0.183	0.614	0.602	-0.068	0.694
SyringaeB728a_mexBdelta	Psyr_2941	Psyr_2941		amino acid ABC transporter substrate-binding protein, PAAT family	1.068	-0.136	1.228	2.289	0.341	-0.331	-0.315	-0.699	1.372	1.215	-0.036	0.123	-0.595	-0.758	0.794	0.064	0.701	0.201	0.465	0.392	1.033	1.580	0.879
SyringaeB728a_mexBdelta	Psyr_2942	Psyr_2942		amino acid ABC transporter ATP-binding protein, PAAT family	-0.343	1.233	-0.848	-0.015	-0.111	-2.003	0.948	1.540	0.817	1.106	0.685	0.991	1.014	1.427	-0.942	-0.373	-1.977	-0.105	-1.334	-0.544	-0.752	-2.239	0.420
SyringaeB728a_mexBdelta	Psyr_2943	Psyr_2943		amino acid ABC transporter membrane protein 2, PAAT family	-1.077	-1.896	-1.433	-0.492	0.962	0.873	0.750	-1.475	-1.732	-0.352	-1.555	-1.534	0.037	-0.649	0.104	-0.680	-0.731	-0.991	-0.342	-0.586	-0.581	-0.686	-1.158
SyringaeB728a_mexBdelta	Psyr_2944	Psyr_2944		amino acid ABC transporter membrane protein 1, PAAT family	0.942	2.194	0.418	0.117	1.142	0.661	-0.755	1.314	0.196	1.053	1.410	1.228	-1.748	-3.262	0.834	1.187	0.949	0.904	1.459	1.446	0.915	1.658	0.352
SyringaeB728a_mexBdelta	Psyr_2945	Psyr_2945		transcriptional regulator, LysR family	-0.133	-0.284	0.842	-0.747	-1.704	1.760	-0.085	0.704	2.135	-0.005	-0.103	-0.487	2.049	0.363	1.302	0.387	-0.929	1.577	0.110	1.207	0.231	1.141	0.465
SyringaeB728a_mexBdelta	Psyr_2946	Psyr_2946		4-oxalocrotonate tautomerase	0.830	1.702	0.005	0.157	0.832	-0.953	-0.072	-0.805	-0.617	-0.942	0.512	0.456	-1.872	-1.968	0.897	0.227	-0.339	-0.586	-0.473	0.707	0.114	-0.006	-0.012
SyringaeB728a_mexBdelta	Psyr_2947	Psyr_2947		hypothetical protein	-1.672	-1.572	-1.474	-1.125	0.075	-1.859	0.101	-0.743	-1.105	0.890	-0.158	-0.866	0.560	-0.566	0.013	0.720	0.085	-0.405	0.076	0.434	1.169	-0.720	0.436
SyringaeB728a_mexBdelta	Psyr_2948	Psyr_2948		Nitroreductase	-0.826	-1.488	-0.760	0.427	-0.409	-3.656	0.708	-2.462	-0.201	0.052	-0.743	0.486	1.434	2.015	1.424	-0.855	-0.246	-1.066	-0.620	-0.265	-0.968	-0.185	-0.922
SyringaeB728a_mexBdelta	Psyr_2949	Psyr_2949		conserved hypothetical protein	1.974	0.297	-1.248	0.224	0.678	-0.723	1.036	-0.535	1.212	-0.594	0.298	1.302	0.922	2.087	0.488	0.012	0.808	0.339	0.124	0.369	0.638	-0.044	0.017
SyringaeB728a_mexBdelta	Psyr_2950	Psyr_2950		putative hydrolase signal peptide protein	-1.064	-1.256	-0.336	-1.778	-1.593	1.354	-1.079	-2.173	-1.291	-1.178	0.053	-1.698	0.986	0.676	1.364	-0.307	0.938	0.757	0.423	1.215	1.398	0.465	1.578
SyringaeB728a_mexBdelta	Psyr_2951	Psyr_2951		transcriptional regulator, LysR family	-0.451	0.204	0.166	-0.673	0.365	0.589	0.507	-0.012	-0.909	0.226	-0.478	-1.096	-0.091	-0.959	-1.331	-0.100	0.225	-0.708	-1.364	0.922	-0.048	-0.613	-1.076
SyringaeB728a_mexBdelta	Psyr_2952	Psyr_2952		NADP oxidoreductase, coenzyme F420-dependent	0.763	1.415	-1.065	1.267	-0.455	1.128	1.439	0.581	1.569	0.155	-0.152	1.523	1.241	0.275	0.201	-0.030	0.870	0.799	-0.257	-0.469	0.150	0.346	0.443
SyringaeB728a_mexBdelta	Psyr_2953	Psyr_2953		Catalytic LigB subunit of aromatic ring-opening dioxygenase	2.198	0.346	0.229	1.008	-0.304	1.135	-0.190	1.943	1.870	0.601	1.250	2.482	-1.412	-1.147	0.053	0.419	0.740	-0.068	0.522	0.469	0.087	0.482	0.906
SyringaeB728a_mexBdelta	Psyr_2954	Psyr_2954		Phospholipase/Carboxylesterase	-0.095	0.549	-2.427	0.351	-2.190	0.191	-0.961	0.126	-1.525	-0.620	-1.161	0.097	-1.493	-0.192	-0.951	-0.488	0.060	-0.547	-1.233	1.668	0.600	-0.219	-2.075
SyringaeB728a_mexBdelta	Psyr_2955	Psyr_2955		Surfeit locus 4-related protein	1.255	1.424	1.533	0.803	-0.059	0.899	0.348	0.155	-0.134	-0.103	0.498	1.759	-1.189	-0.759	-0.505	-1.009	-0.543	-1.734	-0.351	-1.273	-0.414	-0.385	-0.905
SyringaeB728a_mexBdelta	Psyr_2956	Psyr_2956		Zinc-containing alcohol dehydrogenase superfamily	0.823	0.371	0.554	0.106	0.800	-2.379	1.325	0.563	-1.025	2.034	0.299	0.866	-1.802	-0.583	1.104	2.176	1.578	0.347	0.634	1.005	1.270	1.850	0.210
SyringaeB728a_mexBdelta	Psyr_2957	Psyr_2957		Glutathione-dependent formaldehyde-activating, GFA	0.511	0.019	-0.597	-0.229	-0.652	1.594	-0.686	0.270	0.463	-0.018	0.248	1.261	0.625	1.084	-1.273	-0.329	-0.912	-0.182	-0.653	0.814	-1.064	-0.744	0.849
SyringaeB728a_mexBdelta	Psyr_2958	Psyr_2958		extracellular solute-binding protein, family 5	1.024	0.457	-1.745	1.452	0.006	-0.880	0.672	-0.432	0.788	-0.274	-0.218	0.639	-1.169	-1.037	0.025	-0.732	0.044	-0.084	-0.481	0.472	0.276	0.429	-1.094
SyringaeB728a_mexBdelta	Psyr_2959	Psyr_2959		Binding-protein-dependent transport systems inner membrane component	0.104	-2.031	-2.590	-0.927	-1.772	-1.893	-0.576	-0.560	-0.372	-0.893	-0.045	-0.581	-0.320	-0.079	-0.640	0.432	1.083	-0.619	-0.397	0.984	0.065	0.030	0.346
SyringaeB728a_mexBdelta	Psyr_2960	Psyr_2960		Binding-protein-dependent transport systems inner membrane component	-0.351	-1.144	-0.612	-1.582	-1.440	0.815	0.266	0.191	-0.829	-0.667	1.257	0.392	0.363	0.752	-0.446	0.994	0.821	-1.369	1.611	-0.535	-0.065	0.611	1.986
SyringaeB728a_mexBdelta	Psyr_2961	Psyr_2961		ABC transporter	0.822	-0.404	-1.060	-1.461	-0.474	-0.769	-0.304	0.206	-0.757	0.022	-0.203	0.619	0.558	-0.648	0.852	0.989	-0.823	-0.097	-0.037	-0.921	-0.197	0.645	-0.606
SyringaeB728a_mexBdelta	Psyr_2962	Psyr_2962		amino acid ABC transporter substrate-binding protein, PAAT family	-0.327	0.316	-1.477	-1.789	0.518	-2.454	0.544	0.272	-0.528	0.276	-0.326	-0.196	0.292	0.844	0.514	-0.416	0.296	0.080	-1.344	0.045	-1.466	-0.276	-0.604
SyringaeB728a_mexBdelta	Psyr_2963	Psyr_2963		amino acid ABC transporter membrane protein 1, PAAT family	-0.351	1.302	-1.576	-2.141	0.376	1.747	0.197	-0.819	0.242	0.426	-0.286	-0.692	1.421	2.083	-0.291	-0.784	0.238	0.110	-0.556	0.307	0.083	-0.677	-0.321
SyringaeB728a_mexBdelta	Psyr_2964	Psyr_2964		amino acid ABC transporter membrane protein 2, PAAT family	-1.213	-1.159	-3.275	-0.601	-1.051	-1.090	-1.100	-2.513	-0.325	-0.632	-1.000	-0.784	0.136	-0.851	-0.427	-1.130	-1.109	-0.495	-1.900	-0.637	0.228	-1.433	-0.819
SyringaeB728a_mexBdelta	Psyr_2965	Psyr_2965		amino acid ABC transporter ATP-binding protein, PAAT family	-0.891	-0.145	-1.715	0.494	-1.765	-0.950	-0.325	-0.481	0.549	-1.277	0.523	-0.771	-0.139	-1.141	1.308	-0.093	2.437	1.478	1.192	1.564	0.481	0.823	1.091
SyringaeB728a_mexBdelta	Psyr_2966	Psyr_2966		Histidine kinase, HAMP region:Bacterial chemotaxis sensory transducer	-1.713	-1.875	-2.809	0.191	-1.838	0.057	-1.454	-1.216	-2.089	0.532	0.074	-1.911	-0.301	-1.440	-1.082	-1.180	-0.554	-0.331	-0.621	-1.195	-1.393	-0.283	-0.021
SyringaeB728a_mexBdelta	Psyr_2967	Psyr_2967		Secretion protein HlyD	-0.203	-0.756	-2.924	-0.109	-2.635	2.370	-4.893	-0.763	-3.144	-5.375	-4.590	-0.402	-4.745	0.663	0.430	0.673	-0.568	-0.117	-1.155	-5.017	-0.676	-1.190	-5.696
SyringaeB728a_mexBdelta	Psyr_2968	Psyr_2968		Hydrophobe/amphiphile efflux-1 HAE1	-2.917	-3.230	-9.197	-1.301	-12.404	-0.505	-10.988	-2.601	-5.431	-14.048	-8.524	-3.082	-8.281	-2.348	-0.947	-1.141	-1.140	-2.892	-2.369	-13.903	-0.941	0.059	-14.790
SyringaeB728a_mexBdelta	Psyr_2969	Psyr_2969		RND efflux system, outer membrane lipoprotein, NodT	0.220	-1.331	-4.157	-1.177	-6.270	1.022	-1.162	-0.119	-1.405	-3.761	-2.385	-1.079	-2.586	-1.980	0.898	1.733	-0.961	-1.136	-1.344	-6.432	1.038	1.182	-5.270
SyringaeB728a_mexBdelta	Psyr_2970	Psyr_2970		TPR repeat protein:TPR repeat protein	-2.273	-2.840	-0.817	-0.946	-1.711	0.120	-1.480	-1.696	-0.437	-0.592	-1.921	-3.944	-0.053	1.352	-1.334	-0.069	0.134	-1.623	-4.384	-2.097	-1.128	-1.053	-0.167
SyringaeB728a_mexBdelta	Psyr_2973	Psyr_2973		Glyoxalase I	0.057	-1.363	-0.417	-0.010	-2.056	0.581	-0.871	0.435	-0.402	-1.329	-0.298	-0.413	0.113	0.183	-2.512	-0.442	-0.295	-1.097	-1.455	-1.034	0.040	-1.174	-0.306
SyringaeB728a_mexBdelta	Psyr_2974	Psyr_2974		FAD-dependent pyridine nucleotide-disulfide oxidoreductase	-1.019	-1.406	-1.704	-0.999	-1.388	0.836	1.003	-1.355	-1.804	-0.593	-0.625	-1.956	-0.501	0.795	-1.764	-0.537	1.213	-1.591	-0.044	0.077	-0.619	0.593	-1.377
SyringaeB728a_mexBdelta	Psyr_2975	Psyr_2975		Alkyl hydroperoxide reductase/ Thiol specific antioxidant/ Mal allergen	0.705	-0.252	-1.163	0.813	-1.847	0.995	1.091	0.414	0.084	-0.464	1.044	0.379	-0.038	-0.385	-1.403	-0.843	-0.574	-2.092	-2.668	-3.290	-0.801	-0.889	-2.761
SyringaeB728a_mexBdelta	Psyr_2976	Psyr_2976		Phage integrase:Phage integrase, N-terminal SAM-like protein	-0.467	-1.685	-1.478	-0.110	0.074	0.320	-0.460	-0.842	-0.936	-1.140	-0.211	-0.225	1.093	2.226	-2.644	-1.619	-1.530	-2.624	-2.995	-0.235	-0.632	-2.065	-1.169
SyringaeB728a_mexBdelta	Psyr_2977	Psyr_2977		cointegrate resolution protein T	-3.446	-3.402	-1.646	-2.177	-1.715	-0.884	-0.428	-0.764	-2.971	-3.852	-3.223	-3.266	0.581	-1.166	-0.845	0.854	-0.315	-0.236	-1.376	-0.262	-0.443	0.759	-0.260
SyringaeB728a_mexBdelta	Psyr_2978	Psyr_2978		PAS	0.119	-0.778	0.079	0.132	1.116	0.291	0.927	-0.790	0.636	-0.575	0.589	-0.225	-0.992	-0.884	-0.049	0.096	0.113	0.675	-0.211	0.163	-0.637	-0.217	-0.528
SyringaeB728a_mexBdelta	Psyr_2979	Psyr_2979		NADPH-glutathione reductase	-1.276	-1.115	2.654	-1.151	4.847	-1.772	6.906	-3.411	3.926	-1.701	0.363	-0.555	1.826	1.564	-1.658	-2.038	-1.044	0.450	0.214	-0.735	-0.513	-0.465	0.064
SyringaeB728a_mexBdelta	Psyr_2980	Psyr_2980		UDP-glucose pyrophosphorylase	-1.840	-1.429	-1.669	-1.878	-1.895	-0.335	-1.975	-1.159	-1.644	-1.561	-1.821	-2.090	-0.874	2.341	-4.464	-4.134	-3.575	-3.997	-3.594	-3.686	-3.164	-4.066	-3.065
SyringaeB728a_mexBdelta	Psyr_2981	Psyr_2981		hypothetical protein	-0.579	0.075	-0.935	-0.039	-0.278	-1.388	-1.139	-0.975	-1.161	1.110	0.472	-1.134	1.966	1.404	-0.771	-1.062	-0.410	-1.800	-0.924	-0.829	-1.968	-0.603	-0.867
SyringaeB728a_mexBdelta	Psyr_2982	Psyr_2982		conserved hypothetical protein	-1.831	0.779	0.824	-1.224	-1.527	0.563	-0.690	-1.710	-1.601	0.382	-1.608	-0.622	-0.934	0.568	1.439	2.350	1.866	-0.553	1.693	-0.988	1.006	0.671	1.460
SyringaeB728a_mexBdelta	Psyr_2983	Psyr_2983		conserved domain protein	0.445	-0.921	-0.352	-0.639	-2.387	1.121	-0.541	0.238	-0.239	0.536	-0.557	-0.595	0.974	-0.614	-1.037	-1.443	-0.455	-2.681	-0.917	-1.301	-1.348	-1.013	-1.162
SyringaeB728a_mexBdelta	Psyr_2984	Psyr_2984		conserved hypothetical protein	0.839	1.481	0.346	-0.637	0.626	0.470	-0.296	-0.181	-0.338	-0.588	-0.196	0.359	-1.672	-0.572	0.389	-0.183	0.887	-0.540	-0.798	-0.227	1.230	0.089	-0.271
SyringaeB728a_mexBdelta	Psyr_2985	Psyr_2985		DNA-N1-methyladenine dioxygenase	1.996	0.272	2.095	0.020	1.712	0.020	0.338	0.269	-0.193	1.383	0.334	1.297	0.844	1.942	-1.052	-0.907	0.411	-0.869	0.644	-0.305	-0.710	-0.514	-0.457
SyringaeB728a_mexBdelta	Psyr_2986	Psyr_2986		Glycoside hydrolase, family 15	0.895	0.702	-0.180	-0.344	-0.657	1.807	-0.611	0.435	-0.723	-0.081	-1.084	0.494	-1.079	-0.829	1.047	-0.329	-0.137	0.411	0.799	1.328	0.599	0.860	1.128
SyringaeB728a_mexBdelta	Psyr_2987	Psyr_2987		Cof protein:HAD-superfamily hydrolase, subfamily IIB	-1.922	-3.267	-1.014	-1.168	-1.151	-0.166	0.359	-1.648	-1.009	-0.517	-0.259	-1.174	-0.329	-0.632	1.194	1.604	1.448	1.829	1.327	0.836	0.987	1.064	1.182
SyringaeB728a_mexBdelta	Psyr_2988	Psyr_2988		glucose-6-phosphate 1-dehydrogenase	-0.131	-1.677	0.725	0.611	1.352	1.617	1.445	1.801	0.362	1.273	0.514	0.838	0.127	1.323	0.939	-0.129	0.223	0.872	1.111	0.910	0.614	0.601	-0.273
SyringaeB728a_mexBdelta	Psyr_2989	Psyr_2989		6-phosphogluconate dehydrogenase (decarboxylating)	-0.289	-0.571	1.252	-0.852	0.415	-1.263	-0.425	0.574	1.299	0.254	-0.426	-0.240	-0.219	-0.134	-1.968	-0.761	-0.796	-0.871	-0.735	-0.854	-1.532	-1.948	-1.199
SyringaeB728a_mexBdelta	Psyr_2990	Psyr_2990		conserved hypothetical protein	-1.652	-0.357	1.076	-0.875	-0.932	2.859	-0.097	-0.560	-1.143	-0.419	0.566	-1.558	-0.031	0.617	0.190	0.393	0.810	0.520	-1.864	-0.484	0.088	0.378	0.493
SyringaeB728a_mexBdelta	Psyr_2991	Psyr_2991		GCN5-related N-acetyltransferase	0.754	-0.282	-1.425	0.131	1.198	-1.439	0.198	-2.025	0.436	-2.301	1.005	0.336	2.371	3.783	-0.525	0.131	0.346	1.512	0.361	-0.183	0.506	0.393	0.163
SyringaeB728a_mexBdelta	Psyr_2992	Psyr_2992		Starch (bacterial glycogen) synthase	-0.292	-1.239	-0.101	-1.165	0.859	-0.513	0.620	-0.249	-0.112	-0.193	-0.166	-1.145	-1.136	1.187	0.778	0.665	0.349	-0.041	-0.469	0.958	0.174	-0.305	-0.538
SyringaeB728a_mexBdelta	Psyr_2993	Psyr_2993		maltooligosyl trehalose hydrolase	-0.617	-0.777	-0.595	-0.592	-1.104	-1.066	-0.923	-0.742	-0.316	-0.314	-1.392	1.033	1.496	1.467	-0.522	0.108	-0.440	0.627	0.252	0.885	1.043	1.196	0.774
SyringaeB728a_mexBdelta	Psyr_2994	Psyr_2994		Glycoside hydrolase, family 77	0.046	-0.833	-0.172	-0.158	0.256	1.269	0.378	-0.653	0.660	0.552	-0.668	-0.576	-0.248	-0.651	-0.105	-0.523	-0.491	-0.188	-0.771	-0.296	-0.476	-0.968	0.098
SyringaeB728a_mexBdelta	Psyr_2995	Psyr_2995		maltooligosyl trehalose synthase	-0.495	0.868	0.399	0.202	0.115	-0.067	0.697	-0.390	-0.166	0.266	-0.057	0.238	-0.270	-0.322	-0.506	-0.300	-0.023	0.306	-0.822	0.536	0.176	0.044	-0.752
SyringaeB728a_mexBdelta	Psyr_2997	Psyr_2997		Glycoside hydrolase, family 13, N-terminal:Alpha amylase, catalytic region	0.655	1.008	0.116	1.890	1.148	2.129	1.454	1.507	1.214	0.361	1.554	1.020	-0.935	0.705	-2.253	-1.274	0.204	0.125	-0.363	-1.042	0.492	-0.928	0.058
SyringaeB728a_mexBdelta	Psyr_2998	Psyr_2998		conserved hypothetical protein	-1.408	-0.158	-0.589	-1.939	-0.159	-1.332	-0.572	-1.366	-0.605	-0.052	-1.422	-1.184	2.885	2.506	-0.534	0.643	0.960	1.109	0.515	2.218	0.777	1.147	-0.056
SyringaeB728a_mexBdelta	Psyr_2999	Psyr_2999		LmbE-like protein	1.297	1.631	-0.409	0.552	0.751	-0.853	-0.426	0.150	-0.498	0.666	-0.797	0.589	-0.443	1.003	0.094	-0.080	-0.478	0.132	0.900	-0.690	1.328	0.047	-0.741
SyringaeB728a_mexBdelta	Psyr_3000	Psyr_3000		methyltransferase, putative	-0.373	0.287	-1.954	-0.449	-0.826	1.383	-1.182	-0.460	-0.467	0.115	-0.363	-0.337	1.263	0.443	-1.026	-1.668	-0.584	-1.994	-0.457	-0.531	-0.629	-0.942	0.278
SyringaeB728a_mexBdelta	Psyr_3001	Psyr_3001		Glycosyl transferase, family 2	1.010	-0.052	-0.770	0.962	0.290	-0.437	-0.011	-0.858	0.164	-0.279	0.104	0.383	0.144	0.431	-0.343	-0.497	0.328	-0.209	0.488	-0.400	0.506	0.586	0.505
SyringaeB728a_mexBdelta	Psyr_3002	Psyr_3002		conserved hypothetical protein	-0.554	1.708	0.008	0.427	-0.981	0.824	0.832	0.672	0.705	-0.093	0.420	-0.336	2.528	3.904	-0.343	1.393	-0.128	0.336	-0.231	0.686	1.013	-0.242	0.165
SyringaeB728a_mexBdelta	Psyr_3003	Psyr_3003		[Acyl-carrier protein] phosphodiesterase	1.025	0.800	-0.674	-0.549	1.395	0.399	0.802	0.529	0.237	-0.094	-0.308	1.779	0.745	10.093	0.361	-0.017	-1.009	-0.280	0.073	-0.081	-0.878	-1.166	0.522
SyringaeB728a_mexBdelta	Psyr_3004	Psyr_3004		transcriptional regulator, LysR family	-0.350	-1.184	-0.038	-1.861	-1.137	-0.189	-2.239	0.064	-1.532	0.252	-0.115	-1.040	-0.198	-0.963	-3.066	1.186	-0.072	-1.308	-0.456	-0.639	-0.897	1.724	-0.810
SyringaeB728a_mexBdelta	Psyr_3005	Psyr_3005		3-oxoadipate enol-lactonase	-1.678	-1.121	-1.724	1.004	0.914	-0.232	0.212	-1.394	1.831	-0.348	-0.775	0.424	-0.688	0.291	-0.525	0.434	-0.282	0.888	0.290	0.097	-0.041	-0.232	0.765
SyringaeB728a_mexBdelta	Psyr_3006	Psyr_3006		Protein of unknown function DUF419	1.401	-1.024	1.382	0.522	0.013	0.945	-0.015	-0.731	0.368	0.775	-0.670	-0.334	1.056	1.131	-0.818	-1.712	-0.332	-1.203	-0.203	0.894	-0.774	0.671	-1.172
SyringaeB728a_mexBdelta	Psyr_3008	Psyr_3008		Undecaprenyl-diphosphatase	-5.116	-5.251	-6.409	-6.428	-6.311	-2.507	-5.346	-3.602	-5.995	-5.868	-6.442	-5.562	-5.762	-0.457	-6.119	-6.704	-8.040	-7.554	-8.208	-5.450	-8.474	-7.203	-7.576
SyringaeB728a_mexBdelta	Psyr_3009	Psyr_3009		Nicotinamide mononucleotide transporter PnuC	0.316	0.338	-0.737	1.403	-0.292	1.402	0.092	-0.629	1.085	0.481	-1.016	0.830	1.033	0.762	-0.548	-0.675	-0.623	-0.913	-0.061	-0.746	-0.610	-1.075	-0.991
SyringaeB728a_mexBdelta	Psyr_3010	Psyr_3010		nicotinamide-nucleotide adenylyltransferase, putative	-1.397	-2.755	-0.360	-0.689	0.643	-0.571	-1.680	-2.885	-0.635	-1.610	-2.210	-2.317	-1.604	-3.171	-1.761	-1.508	-1.503	-1.196	-0.328	-0.016	-1.175	-0.742	-1.045
SyringaeB728a_mexBdelta	Psyr_3011	Psyr_3011		Helix-turn-helix, Fis-type	0.494	-0.362	0.131	-0.057	1.052	-1.056	-0.172	-0.566	-0.314	1.108	0.250	1.117	-0.295	-0.536	0.132	-0.034	-0.384	0.021	0.782	0.443	-0.805	0.587	-1.114
SyringaeB728a_mexBdelta	Psyr_3013	Psyr_3013		magnesium chelatase subunit ChlD	-0.107	-0.797	0.121	1.257	-0.113	1.135	-0.530	0.440	-1.869	0.051	0.466	1.048	-0.221	-0.026	1.077	-1.277	0.073	0.466	-1.479	-1.484	-1.153	-1.044	0.340
SyringaeB728a_mexBdelta	Psyr_3014	Psyr_3014		protoporphyrin IX magnesium-chelatase	-0.848	0.056	-0.860	-1.322	-0.771	0.947	0.170	-1.622	-1.062	-0.989	-0.516	-0.885	-0.489	-0.081	0.794	-1.034	-0.906	-1.105	-0.385	-1.750	0.540	-1.812	-1.150
SyringaeB728a_mexBdelta	Psyr_3015	Psyr_3015		cobaltochelatase CobN subunit	-0.630	-0.745	-1.069	-1.641	-0.237	1.026	-1.725	-0.726	-1.557	-1.035	-0.811	-1.945	-1.052	-1.544	1.065	-0.678	0.696	-0.389	0.725	-0.968	-0.308	0.489	-0.008
SyringaeB728a_mexBdelta	Psyr_3018	Psyr_3018		membrane protein, putative	0.716	1.456	1.464	-0.249	1.035	1.948	0.602	0.258	0.573	0.390	1.765	0.645	-1.190	-1.073	-0.403	-0.030	1.393	-0.432	-0.156	-0.807	-2.340	0.097	-1.075
SyringaeB728a_mexBdelta	Psyr_3020	Psyr_3020		precorrin-4 C11-methyltransferase	-0.487	-0.318	-2.285	-0.661	-0.376	1.014	-0.373	1.229	-0.195	-1.708	0.217	0.945	-1.612	1.417	-1.750	0.114	0.705	0.919	-0.083	-0.194	0.203	1.107	0.818
SyringaeB728a_mexBdelta	Psyr_3021	Psyr_3021		Pyruvate decarboxylase:Pyruvate ferredoxin/flavodoxin oxidoreductase	-0.051	1.439	1.161	0.495	1.263	2.152	-0.354	-0.830	0.013	0.567	1.575	1.641	1.679	1.421	0.867	-0.095	0.529	-0.701	0.545	1.305	0.252	0.778	0.543
SyringaeB728a_mexBdelta	Psyr_3023	Psyr_3023		conserved hypothetical protein	-0.212	-0.569	1.067	1.205	-0.086	1.750	2.349	-0.650	0.657	0.189	0.802	0.638	1.075	0.754	0.820	0.164	0.400	1.536	1.084	-0.717	-0.111	-0.551	0.603
SyringaeB728a_mexBdelta	Psyr_3024	Psyr_3024		Peptidase M14, carboxypeptidase A	-1.199	-1.034	-1.361	-0.683	-2.666	1.031	-1.547	-1.136	-0.898	-1.293	-0.540	-1.468	1.155	3.421	-1.335	-0.989	-0.533	-1.961	-1.265	-0.811	-0.781	-1.080	-0.489
SyringaeB728a_mexBdelta	Psyr_3025	Psyr_3025		Major facilitator superfamily	-0.052	0.398	1.893	1.182	2.909	0.030	3.114	1.887	1.833	1.345	1.733	0.906	1.662	2.410	0.777	0.257	0.390	0.499	0.488	1.319	-0.718	-0.244	-0.394
SyringaeB728a_mexBdelta	Psyr_3026	Psyr_3026		transcriptional regulator, TetR family	0.650	1.164	-0.515	0.803	-1.714	0.002	-2.356	0.259	-2.685	1.189	-0.406	-0.101	-0.282	-0.960	-0.209	-0.949	-0.555	-0.372	0.396	-0.769	-0.948	-1.321	-2.567
SyringaeB728a_mexBdelta	Psyr_3027	Psyr_3027		Protein kinase:Leucine-rich repeat protein	0.276	0.915	-0.625	0.883	-0.072	-0.804	-0.886	0.491	-0.887	-0.770	1.274	0.383	-0.358	0.380	-0.253	-0.213	-0.642	1.058	-0.828	-0.511	-0.649	0.844	-0.824
SyringaeB728a_mexBdelta	Psyr_3029	Psyr_3029		Rhs element Vgr protein	0.111	-2.463	-1.042	-0.211	-0.997	-1.323	-0.110	-0.705	-1.437	-0.426	-0.520	0.721	-0.033	-0.395	-1.518	-2.345	-1.481	-0.685	-2.425	-2.164	-1.829	-1.896	-2.348
SyringaeB728a_mexBdelta	Psyr_3030	Psyr_3030		short chain enoyl-CoA hydratase	-0.483	-1.733	0.190	-0.309	-0.977	-1.254	-0.473	-1.465	0.747	-0.492	-1.978	-1.085	0.078	-0.983	-0.977	-0.120	-0.827	-0.580	-0.554	0.434	1.039	-0.462	0.221
SyringaeB728a_mexBdelta	Psyr_3031	Psyr_3031		Thiolase	1.518	0.064	-0.571	-0.656	-0.439	1.577	0.518	-0.737	0.316	-1.254	0.478	-0.401	1.623	-0.028	-0.292	-0.526	-0.345	-0.265	0.871	0.084	0.334	-2.522	0.263
SyringaeB728a_mexBdelta	Psyr_3032	Psyr_3032		lipoprotein, putative	0.585	0.534	0.560	0.981	0.417	1.225	0.587	0.528	-0.035	-0.356	-0.697	1.712	-0.398	0.246	1.654	3.042	1.454	1.831	1.128	1.960	1.844	1.724	1.575
SyringaeB728a_mexBdelta	Psyr_3033	Psyr_3033		conserved domain protein	-0.229	0.919	0.210	-0.611	-0.918	-0.992	-1.538	-1.801	0.177	-1.966	-0.892	-0.044	0.174	-1.392	1.571	0.076	-0.055	-0.032	0.722	1.395	-0.478	0.825	0.542
SyringaeB728a_mexBdelta	Psyr_3034	Psyr_3034		conserved hypothetical protein	0.589	-0.324	-0.941	-1.491	-0.642	-0.393	1.030	-1.853	-1.089	-2.450	-1.564	-1.050	-0.858	-1.895	0.987	-1.361	-0.875	-0.677	0.093	-0.960	-1.757	-2.280	-0.923
SyringaeB728a_mexBdelta	Psyr_3035	Psyr_3035		Glycoside hydrolase, family 3, N-terminal:Glycoside hydrolase, family 3, C-terminal:Glycoside hydrolase, family 3, C-terminal	0.907	-0.479	0.712	0.754	0.866	1.359	-0.459	0.801	-0.064	0.799	0.670	0.837	0.837	1.165	-0.072	0.117	-0.018	0.407	0.659	0.563	-0.303	0.238	0.482
SyringaeB728a_mexBdelta	Psyr_3036	Psyr_3036		transcriptional regulator, TetR family	1.240	1.466	-1.404	1.126	1.589	-1.154	0.989	0.832	0.048	0.956	1.539	1.592	0.528	-0.004	-0.694	-0.265	-0.603	-1.770	-0.093	-1.240	-0.359	-0.542	-1.015
SyringaeB728a_mexBdelta	Psyr_3037	Psyr_3037		membrane protein, putative	0.377	-0.061	-2.073	-0.595	-0.365	0.707	-0.078	-1.054	0.253	-0.489	0.903	0.567	0.080	0.841	0.124	0.725	0.224	1.181	-0.168	0.176	0.105	-0.715	0.416
SyringaeB728a_mexBdelta	Psyr_3039	Psyr_3039		protein of unknown function DUF883	2.387	0.346	-0.188	1.225	-0.262	-0.678	2.259	0.566	0.512	1.525	1.560	1.129	-0.497	1.477	0.252	0.501	0.674	0.612	0.698	0.962	0.869	1.705	1.234
SyringaeB728a_mexBdelta	Psyr_3040	Psyr_3040		conserved hypothetical protein	0.187	-1.200	-0.263	-1.239	-0.259	-0.581	-1.682	-1.270	-0.921	-1.881	-0.359	-1.895	-0.821	0.604	-1.841	-0.789	0.485	-0.461	0.059	0.053	0.105	-0.698	-1.729
SyringaeB728a_mexBdelta	Psyr_3041	Psyr_3041		Bacillolysin	-1.143	0.602	0.416	0.004	0.371	3.078	-0.170	-1.341	-0.076	-0.769	0.673	-0.024	-1.471	-1.358	-0.647	-0.782	-0.519	-0.634	-0.294	0.162	-1.421	-0.988	-0.955
SyringaeB728a_mexBdelta	Psyr_3043	Psyr_3043		Paraquat-inducible protein A	-0.419	-1.186	0.518	0.846	0.779	-1.729	0.122	1.544	-0.730	1.402	-1.017	0.108	0.593	-2.002	-1.269	0.427	-1.316	-1.646	-0.806	-1.014	-1.185	0.837	-1.520
SyringaeB728a_mexBdelta	Psyr_3044	Psyr_3044		Paraquat-inducible protein A	-0.145	-0.237	0.375	-0.169	1.010	-0.954	-1.187	1.107	0.402	0.287	0.565	0.342	-2.363	-0.129	0.763	0.887	0.624	0.466	-1.449	-0.269	-0.572	0.353	1.183
SyringaeB728a_mexBdelta	Psyr_3045	Psyr_3045		PqiB family protein	0.805	1.183	-0.330	0.027	1.416	0.702	0.173	1.369	-0.745	0.659	0.049	0.775	-1.522	-3.247	2.653	1.099	1.059	1.123	0.384	0.214	2.566	1.421	1.260
SyringaeB728a_mexBdelta	Psyr_3046	Psyr_3046		Protein of unknown function DUF330	1.399	0.783	0.494	0.057	1.077	-1.951	1.314	0.527	0.719	-0.328	0.554	0.741	-0.004	-0.202	-1.489	-1.423	-1.698	-1.003	-3.016	-1.800	-2.355	-1.956	-2.280
SyringaeB728a_mexBdelta	Psyr_3047	Psyr_3047		Helix-turn-helix motif protein	-0.145	-1.241	-2.195	-1.037	-0.150	-0.742	0.051	0.415	-0.863	0.692	-0.180	-1.002	-0.396	-1.359	-0.759	0.082	-0.579	-1.329	-0.993	-0.593	0.850	-0.659	0.038
SyringaeB728a_mexBdelta	Psyr_3048	Psyr_3048		transcriptional regulator, LysR family	-0.896	0.936	-1.014	0.243	-0.386	-0.206	0.360	-0.029	0.708	-0.998	-0.347	-0.688	-0.384	-1.630	-0.022	-0.425	0.262	0.310	0.581	-0.806	0.069	-1.143	0.649
SyringaeB728a_mexBdelta	Psyr_3049	Psyr_3049		Pirin, N-terminal	0.478	0.276	1.073	-0.100	0.146	2.398	-1.431	0.457	-1.070	-0.654	0.330	0.841	-0.199	-1.825	-1.405	0.332	0.047	0.056	-0.379	-0.199	-2.161	-1.010	-1.564
SyringaeB728a_mexBdelta	Psyr_3050	Psyr_3050		Aldo/keto reductase	2.384	0.046	-0.276	-1.266	0.756	-0.364	0.686	1.160	-0.942	-1.030	0.049	-1.311	-0.188	-1.491	0.648	1.030	0.533	0.204	0.744	0.640	0.588	0.649	1.505
SyringaeB728a_mexBdelta	Psyr_3051	Psyr_3051		transcriptional regulator, LysR family	0.296	1.206	-0.460	0.366	1.312	0.867	0.039	0.681	-0.854	0.326	0.805	2.306	0.590	0.500	-0.409	0.976	0.107	1.487	1.198	-0.256	0.639	1.710	0.127
SyringaeB728a_mexBdelta	Psyr_3052	Psyr_3052		Na+/solute symporter	0.109	0.448	1.150	0.301	0.834	0.072	0.437	0.031	0.057	0.770	1.181	-0.313	0.868	1.339	-2.635	-0.587	-2.083	-1.280	-1.964	-2.125	-2.241	-2.563	-2.883
SyringaeB728a_mexBdelta	Psyr_3053	Psyr_3053		conserved hypothetical protein	-0.023	-1.391	-2.502	0.971	0.560	0.359	-2.949	-0.329	0.235	-0.359	0.659	-0.044	0.961	-0.026	0.674	1.513	0.873	1.899	0.481	0.364	1.883	0.462	-0.855
SyringaeB728a_mexBdelta	Psyr_3054	Psyr_3054		Choline/ethanolamine kinase:Aminoglycoside phosphotransferase	-0.241	-0.682	0.510	-0.513	-0.631	-0.955	0.459	-2.062	-1.835	0.195	-2.386	-1.227	-0.057	-2.190	1.393	1.249	1.122	0.610	0.673	0.436	1.368	0.654	1.557
SyringaeB728a_mexBdelta	Psyr_3055	Psyr_3055		Aminoglycoside phosphotransferase	1.049	-0.141	-0.729	0.522	-1.532	0.398	0.354	-0.565	0.415	0.063	-1.025	-0.648	0.504	0.693	0.406	0.793	0.589	1.126	0.099	0.788	0.542	-0.247	0.605
SyringaeB728a_mexBdelta	Psyr_3056	Psyr_3056		Amidase, hydantoinase/carbamoylase	0.579	1.100	-0.525	0.090	-1.385	0.271	-1.420	1.374	-0.264	-0.976	-0.559	0.237	-0.778	-0.161	0.139	0.008	0.416	-0.086	-0.231	-1.173	0.225	0.945	0.470
SyringaeB728a_mexBdelta	Psyr_3057	Psyr_3057		transcriptional regulator, DeoR family	0.967	1.061	2.024	0.472	0.538	-1.354	0.544	-0.004	-0.728	-0.005	0.740	-1.024	1.096	0.260	-0.838	-0.438	-0.605	-2.402	-1.914	-0.569	-3.903	-1.702	-1.424
SyringaeB728a_mexBdelta	Psyr_3058	Psyr_3058		Amidase	0.378	0.569	-0.096	-0.323	0.841	1.552	0.951	-0.023	0.685	-0.175	0.963	1.701	1.884	1.478	-1.710	-0.261	-1.859	-1.069	-0.334	-1.768	-1.536	-0.771	-0.117
SyringaeB728a_mexBdelta	Psyr_3059	Psyr_3059		Hemolysin-type calcium-binding region:Peptidase M10A and M12B, matrixin and adamalysin	0.448	0.101	0.476	0.429	-0.110	-1.254	0.294	0.326	-0.482	0.435	0.151	0.704	-0.645	-1.082	-0.149	0.567	-1.359	-0.014	-0.747	-0.718	-1.457	-0.943	-0.237
SyringaeB728a_mexBdelta	Psyr_3060	Psyr_3060		GAF:ATP-binding region, ATPase-like:Histidine kinase A, N-terminal	-0.331	1.585	0.710	1.494	0.776	0.081	0.225	0.765	-0.501	-0.421	-0.166	0.902	0.578	-1.180	-0.846	0.412	0.247	-0.806	-2.361	-0.718	-1.266	-0.092	0.365
SyringaeB728a_mexBdelta	Psyr_3061	Psyr_3061		putative glutathione S-transferase	0.477	1.212	0.999	-0.460	-0.957	0.745	0.041	0.734	0.987	-0.139	0.370	0.090	1.254	0.541	1.072	0.542	0.296	1.435	-0.666	1.878	-0.168	0.118	0.898
SyringaeB728a_mexBdelta	Psyr_3062	Psyr_3062		transcriptional regulator, LysR family	-0.125	0.112	-1.897	0.711	-1.064	-0.556	0.302	-1.711	-1.432	-0.205	-0.661	-0.929	-0.777	0.929	-2.176	-1.753	-1.372	-1.829	-1.653	-1.853	-1.618	-0.651	-1.949
SyringaeB728a_mexBdelta	Psyr_3063	Psyr_3063		Major facilitator superfamily	1.821	0.676	-0.110	0.206	0.757	1.580	0.981	0.292	0.350	0.760	1.256	0.587	0.232	0.295	-1.095	0.130	-0.787	-0.038	-0.116	-0.106	-0.752	-0.365	-0.059
SyringaeB728a_mexBdelta	Psyr_3064	Psyr_3064		luciferase	0.683	0.747	-0.260	0.111	1.682	1.135	0.888	1.638	1.421	1.376	0.231	0.665	1.355	-0.425	-1.178	-1.012	-0.595	-0.457	-1.156	-0.485	-0.051	0.050	-0.085
SyringaeB728a_mexBdelta	Psyr_3065	Psyr_3065		luciferase	-0.343	-0.736	-1.566	-0.147	-0.610	-0.443	-0.025	-0.374	-1.523	-0.709	-1.092	-0.449	-1.826	-0.240	0.525	0.391	0.141	1.016	-0.119	0.504	-0.122	-0.035	-0.337
SyringaeB728a_mexBdelta	Psyr_3066	Psyr_3066		conserved hypothetical protein	-0.628	-0.009	0.131	-1.914	-0.035	-0.953	-0.546	-1.325	-0.297	-1.114	0.433	-0.278	-0.398	-0.097	0.964	0.650	0.111	-0.122	1.538	1.091	0.441	1.256	1.198
SyringaeB728a_mexBdelta	Psyr_3067	Psyr_3067		conserved hypothetical protein	-0.130	-0.967	1.094	-0.297	-0.177	0.373	-0.761	-0.012	-0.622	-1.268	-0.200	-0.208	0.043	-0.005	0.600	0.429	-0.404	0.024	0.727	-0.681	0.141	0.196	0.408
SyringaeB728a_mexBdelta	Psyr_3068	Psyr_3068		2-nitropropane dioxygenase, NPD	1.350	1.026	1.467	1.071	-0.519	1.741	0.094	-0.031	-0.057	-0.416	-2.332	0.750	0.030	-0.781	-1.641	-1.583	-1.340	0.185	-1.285	-0.686	-0.891	-1.617	-1.551
SyringaeB728a_mexBdelta	Psyr_3069	Psyr_3069		conserved hypothetical protein	-0.543	0.662	0.780	-0.285	1.490	0.082	-0.264	0.602	1.064	-0.374	0.178	-0.367	0.470	2.005	-0.646	-0.551	-0.895	0.042	-0.201	0.131	-1.094	-0.470	-0.641
SyringaeB728a_mexBdelta	Psyr_3070	Psyr_3070		Dimethylmenaquinone methyltransferase	2.226	0.352	0.645	1.964	1.038	-1.004	0.609	0.690	0.384	1.088	-0.279	-0.448	-0.900	-0.889	1.211	-0.279	-0.268	-0.266	0.607	-0.941	-0.354	0.196	-1.337
SyringaeB728a_mexBdelta	Psyr_3071	Psyr_3071		3-isopropylmalate dehydrogenase	1.782	0.452	0.089	-0.694	-1.163	0.902	0.901	0.513	0.695	-0.720	-0.852	0.398	-0.290	0.734	0.291	-0.112	-0.253	1.105	-0.809	0.253	-1.150	-0.983	-0.129
SyringaeB728a_mexBdelta	Psyr_3072	Psyr_3072		HMG-CoA lyase-like protein	-0.805	-1.216	0.387	0.431	-0.711	0.353	-1.383	-1.311	0.216	-0.886	-0.824	0.004	0.274	0.934	0.785	-0.472	0.146	0.116	-0.268	-0.899	0.212	-0.228	-0.020
SyringaeB728a_mexBdelta	Psyr_3073	Psyr_3073		transcriptional regulator, LysR family	0.263	-0.749	-0.720	0.381	0.576	0.988	-0.725	-0.606	-0.039	-0.911	-0.677	0.308	-0.743	-0.545	-0.454	-0.285	-0.374	-0.476	-1.004	0.017	-0.624	-0.585	-0.755
SyringaeB728a_mexBdelta	Psyr_3074	Psyr_3074		Hemolysin-type calcium-binding region:hemolysin-type calcium binding related protein	-3.096	-3.402	-1.625	-2.417	-0.807	0.698	-1.019	-4.996	-2.406	-2.369	-3.249	-3.689	-2.420	-3.625	-2.213	-1.737	-2.145	-2.079	-2.125	-1.741	-2.604	-2.987	-2.708
SyringaeB728a_mexBdelta	Psyr_3075	Psyr_3075		Type I secretion membrane fusion protein, HlyD	-0.183	0.226	0.160	0.293	-0.975	0.763	-0.353	0.013	0.470	-0.414	-0.009	-0.958	-0.312	-0.780	0.251	0.221	-0.358	-0.079	0.253	-0.696	-0.983	-0.360	-0.140
SyringaeB728a_mexBdelta	Psyr_3076	Psyr_3076		Type I secretion system ATPase, HlyB	-0.476	0.983	-1.366	-1.709	-0.563	-0.272	-1.085	-1.284	0.342	-0.558	-1.212	-1.289	-0.399	0.376	0.629	-0.243	-1.605	0.128	-0.123	0.030	-0.618	0.202	-0.076
SyringaeB728a_mexBdelta	Psyr_3077	Psyr_3077		Type I secretion outer membrane protein, TolC	-2.860	-1.834	-0.617	-1.662	-0.731	-1.882	-1.703	-3.173	-1.434	-2.255	-1.683	-2.757	-2.690	-2.493	-1.138	-0.775	-1.011	-0.565	-0.604	-0.835	-1.222	-1.522	-1.365
SyringaeB728a_mexBdelta	Psyr_3078	Psyr_3078		Peptidase M20:Peptidase M20	1.129	1.571	1.107	0.229	0.732	-0.743	0.621	0.898	1.010	0.233	0.457	-0.360	-1.192	-2.221	-1.226	0.049	-2.191	-0.776	-0.791	0.300	-1.089	-1.488	-1.237
SyringaeB728a_mexBdelta	Psyr_3080	Psyr_3080		CDS	-0.179	-1.884	-0.014	-1.539	-1.256	0.911	-0.828	-0.735	-1.098	0.572	-0.439	-0.908	0.991	-0.461	0.347	-0.315	0.145	-0.056	1.426	0.088	0.002	-0.231	0.422
SyringaeB728a_mexBdelta	Psyr_3081	Psyr_3081		Secretion protein HlyD	-0.119	1.470	1.376	1.842	0.156	-0.410	0.352	2.756	1.048	1.993	0.732	0.933	1.072	1.002	1.123	1.021	0.590	-0.641	1.097	1.790	-0.328	1.493	-0.403
SyringaeB728a_mexBdelta	Psyr_3082	Psyr_3082		MltA-interacting MipA	-0.464	-0.697	-0.853	-1.549	-0.194	-1.632	-1.084	-1.605	-2.355	-0.870	-1.416	-0.783	0.338	0.181	-1.922	-2.452	-2.678	-1.631	-1.691	-2.123	-2.328	-1.128	-1.972
SyringaeB728a_mexBdelta	Psyr_3083	Psyr_3083		RND efflux system, outer membrane lipoprotein, NodT	-0.318	-0.645	-0.750	-0.204	-1.057	-0.836	-1.252	-2.954	0.140	-0.463	-0.835	0.831	-0.262	-1.043	2.056	2.020	2.102	0.701	1.147	0.770	0.638	1.494	1.134
SyringaeB728a_mexBdelta	Psyr_3084	Psyr_3084		Response regulator receiver:Transcriptional regulatory protein, C-terminal	0.275	-0.892	0.257	-0.650	1.804	-1.925	0.431	-0.788	-0.234	-0.963	0.621	-0.900	-0.421	0.587	-1.122	-1.732	-0.215	-1.666	-0.017	0.240	-0.823	-1.229	-3.289
SyringaeB728a_mexBdelta	Psyr_3085	Psyr_3085		ATP-binding region, ATPase-like:Histidine kinase, HAMP region:Histidine kinase A, N-terminal	0.320	-1.264	-0.605	-1.097	-1.751	0.145	-0.662	0.271	-1.432	-0.458	-0.431	-0.414	0.922	-0.649	0.846	1.642	-0.566	0.047	0.629	1.004	-0.287	-0.327	-0.554
SyringaeB728a_mexBdelta	Psyr_3086	Psyr_3086		Sulfate transporter/antisigma-factor antagonist STAS:Sulphate transporter	-0.186	0.064	-2.287	-0.946	-0.242	-0.770	-1.341	-1.044	-0.838	-0.269	-0.544	-0.702	1.158	-0.047	-0.163	-0.847	-1.337	-0.421	-0.180	-1.356	-0.597	-2.171	-0.550
SyringaeB728a_mexBdelta	Psyr_3087	Psyr_3087		transcriptional regulator, GntR family	-0.992	0.727	0.171	0.991	1.336	-1.078	0.212	-0.902	1.326	-0.571	0.701	-1.334	0.048	0.044	-0.053	1.121	-1.005	-0.399	-0.342	0.580	-0.297	0.122	-1.432
SyringaeB728a_mexBdelta	Psyr_3088	Psyr_3088		Glycosyl transferase, group 1	-2.309	-1.441	-0.247	-0.758	1.663	-0.132	0.274	-4.080	-1.613	-1.689	0.473	-1.564	-3.638	-2.437	-0.384	0.491	-0.317	-1.322	-0.975	-0.614	-0.080	-0.370	-0.462
SyringaeB728a_mexBdelta	Psyr_3089	Psyr_3089		Hemolysin-type calcium-binding region:hemolysin-type calcium binding related protein	-5.181	-5.704	-3.851	-4.259	-1.955	-1.846	-1.560	-6.613	-4.320	-4.173	-6.353	-5.380	-2.731	-4.884	-3.434	-3.179	-3.574	-2.569	-2.181	-2.791	-3.448	-3.706	-2.739
SyringaeB728a_mexBdelta	Psyr_3090	Psyr_3090		hypothetical protein	-1.429	-1.264	0.705	-1.482	0.649	-0.848	1.176	-2.012	-1.847	-1.433	-0.972	-2.623	0.190	-2.437	-1.032	-0.985	-1.009	-0.847	-2.473	-1.766	-2.793	-1.006	-0.334
SyringaeB728a_mexBdelta	Psyr_3091	Psyr_3091		Response regulator receiver:Transcriptional regulatory protein, C-terminal	-1.301	-0.298	-1.245	-2.831	-1.309	-1.816	-0.916	-1.317	-0.880	-2.409	-2.924	-1.985	1.522	0.050	0.386	-1.617	-0.346	-0.009	-0.549	-0.429	0.553	-0.127	-0.721
SyringaeB728a_mexBdelta	Psyr_3092	Psyr_3092		PAP2 superfamily protein	-1.003	-0.478	-1.931	-1.227	-1.631	0.373	-0.137	-1.720	-0.320	-0.140	-0.888	-0.728	-2.364	-0.848	-2.419	-1.169	-1.208	-0.764	-0.840	-1.269	-1.645	-1.491	-1.403
SyringaeB728a_mexBdelta	Psyr_3093	Psyr_3093		conserved hypothetical protein	-2.321	-0.937	-1.480	-1.544	-1.951	-1.572	-1.603	-2.663	-2.106	-2.176	-2.216	-0.820	0.141	0.826	0.414	-0.560	-1.533	-1.158	1.033	-0.296	-0.778	0.179	-1.616
SyringaeB728a_mexBdelta	Psyr_3094	Psyr_3094		Periplasmic binding protein	-1.008	-1.277	-1.220	0.072	0.274	1.623	-0.091	-0.750	-0.271	-0.866	0.301	-1.029	1.609	1.090	-0.527	-1.011	-1.396	-1.078	-1.346	-1.650	-2.527	-2.137	-1.799
SyringaeB728a_mexBdelta	Psyr_3095	Psyr_3095		transport system permease protein	2.373	2.476	0.580	-0.326	2.347	2.330	0.150	1.152	0.692	0.832	1.776	-0.188	-0.848	-0.504	-0.778	-0.324	-0.160	0.672	0.771	0.222	-0.277	-0.175	-0.004
SyringaeB728a_mexBdelta	Psyr_3097	Psyr_3097		Peptidase U32	-0.825	-1.409	-0.521	-0.617	-1.640	1.762	-1.560	-1.325	0.043	-0.052	-1.011	0.272	0.256	0.211	0.845	0.750	-0.211	-0.072	-0.186	0.987	-0.010	-1.641	0.246
SyringaeB728a_mexBdelta	Psyr_3098	Psyr_3098		GCN5-related N-acetyltransferase	3.692	1.736	-0.821	0.510	-0.130	1.251	0.036	0.537	0.911	1.667	0.591	1.276	0.363	0.399	0.824	-0.048	-0.513	-0.801	-2.019	0.219	-0.832	-1.184	-0.092
SyringaeB728a_mexBdelta	Psyr_3099	Psyr_3099		assimilatory nitrite reductase (NAD(P)H) large subunit precursor	1.747	0.721	0.940	0.903	0.516	-0.318	1.099	1.335	0.210	0.886	0.828	0.111	-0.633	0.082	0.435	1.189	0.088	0.243	0.289	0.593	0.177	0.654	0.674
SyringaeB728a_mexBdelta	Psyr_3100	Psyr_3100		nitrite reductase [NAD(P)H], small subunit	-0.475	-1.666	-1.278	-1.912	-0.793	0.413	-0.921	-0.448	-0.536	-0.009	-0.427	-0.990	-1.598	0.429	-0.573	0.175	0.991	-1.264	-0.725	0.449	-1.282	-0.762	-0.577
SyringaeB728a_mexBdelta	Psyr_3101	Psyr_3101		Alpha/beta hydrolase fold protein	0.561	0.755	0.420	0.208	1.704	1.188	1.240	0.565	0.163	0.498	1.092	1.140	-0.977	-0.387	-0.334	0.381	-0.843	0.311	-0.093	0.019	0.119	-0.985	0.143
SyringaeB728a_mexBdelta	Psyr_3102	Psyr_3102		transcriptional regulator, LysR family	-0.434	0.124	1.117	0.019	0.055	-0.535	0.410	-0.043	1.387	0.160	0.848	-0.002	0.386	-0.763	0.481	-0.906	-0.310	-1.015	-0.264	-1.039	-1.619	0.145	-1.506
SyringaeB728a_mexBdelta	Psyr_3103	Psyr_3103		phosphate ABC transporter ATP-binding protein, PhoT family	0.459	-0.852	-0.713	0.805	-0.651	-2.160	-0.051	0.056	0.747	0.244	-0.443	-0.605	0.390	0.293	-1.399	-0.733	-1.680	-2.189	-1.276	-0.995	-0.323	-0.686	-2.159
SyringaeB728a_mexBdelta	Psyr_3104	Psyr_3104		phosphate ABC transporter membrane protein 2, PhoT family	-0.345	0.113	-0.325	-2.369	1.417	-1.527	-1.231	-1.971	-0.991	-0.976	-0.577	0.072	-0.046	-0.510	-0.381	0.613	-1.521	-0.563	-1.934	0.086	-1.895	-1.327	-1.978
SyringaeB728a_mexBdelta	Psyr_3105	Psyr_3105		phosphate ABC transporter membrane protein 1, PhoT family	0.162	0.336	-1.124	0.416	-0.541	0.475	-0.144	0.231	1.184	0.058	-1.545	0.002	-1.202	-0.133	-1.630	0.583	-0.408	-0.530	0.078	-1.536	-1.446	-1.118	-0.071
SyringaeB728a_mexBdelta	Psyr_3106	Psyr_3106		phosphate ABC transporter substrate-binding protein, PhoT family	-0.797	-0.941	-0.653	1.620	0.182	-0.307	0.274	0.053	-1.440	-1.459	-1.472	-0.566	0.427	-0.364	-0.591	-0.179	0.212	0.880	0.005	-0.248	-0.365	-1.271	0.997
SyringaeB728a_mexBdelta	Psyr_3109	Psyr_3109		conserved hypothetical protein	0.258	0.459	-0.898	-0.700	0.077	-0.388	1.382	-0.659	-0.331	0.466	-0.621	-0.627	1.934	-1.403	0.778	-0.219	0.796	-0.354	-0.705	0.766	0.641	-0.827	0.349
SyringaeB728a_mexBdelta	Psyr_3110	Psyr_3110		Nucleoside 2-deoxyribosyltransferase	-2.505	-1.335	-2.627	-2.859	-1.589	-0.675	-1.129	-1.495	-1.053	-1.572	-0.831	-2.376	-1.000	-1.293	-0.054	0.975	-1.339	-0.120	-0.498	-0.413	-1.000	0.251	0.472
SyringaeB728a_mexBdelta	Psyr_3111	Psyr_3111		transcriptional regulator, LysR family	0.376	0.279	0.702	0.227	0.711	0.932	1.107	0.348	-0.078	-0.298	-0.346	-0.326	-0.325	0.039	-1.742	0.710	1.228	1.246	0.122	0.694	0.568	0.672	-0.008
SyringaeB728a_mexBdelta	Psyr_3112	Psyr_3112		Putative ammonia monooxygenase	0.513	0.101	0.070	-0.574	-0.330	0.555	0.954	0.270	0.669	0.543	0.215	0.699	-0.017	0.175	0.331	-0.337	1.466	0.231	0.055	0.138	0.554	0.342	-1.275
SyringaeB728a_mexBdelta	Psyr_3113	Psyr_3113		N-acylglucosamine 2-epimerase	2.686	-0.669	0.321	-0.706	0.513	1.561	0.352	-0.205	1.215	0.800	-0.056	0.752	0.939	0.146	0.873	0.816	-0.136	-0.071	0.877	0.079	0.570	0.608	-0.211
SyringaeB728a_mexBdelta	Psyr_3114	Psyr_3114		methyl-accepting chemotaxis sensory transducer	-0.649	0.251	-0.858	0.330	0.541	-3.484	0.306	-0.531	0.321	0.150	-0.057	1.247	-0.342	-0.603	0.202	-0.402	0.689	-1.399	0.025	0.268	-0.289	-1.831	0.147
SyringaeB728a_mexBdelta	Psyr_3115	Psyr_3115		Glycerate kinase	-0.379	-0.142	-1.884	-2.621	-1.060	-1.494	-1.204	-1.237	-0.359	-0.625	-3.341	-0.550	-1.687	-0.190	-2.903	0.323	-1.119	0.150	0.245	-0.523	-0.766	0.431	-1.937
SyringaeB728a_mexBdelta	Psyr_3116	Psyr_3116		transcriptional regulator, CdaR family	-1.048	0.111	-0.404	-0.089	-0.192	-2.143	-1.466	-0.074	-0.070	-0.179	0.567	-0.396	-0.499	-0.904	0.874	-0.673	0.690	0.931	-0.329	0.907	1.028	-0.090	-0.549
SyringaeB728a_mexBdelta	Psyr_3117	Psyr_3117		lipoprotein, putative	0.147	-0.958	-1.096	-0.981	0.100	2.109	0.198	-1.040	0.792	-0.560	-0.740	-0.591	0.279	0.819	-1.206	-0.838	0.204	-0.101	-0.831	-0.529	0.267	-0.676	0.626
SyringaeB728a_mexBdelta	Psyr_3118	Psyr_3118		transcriptional regulator, GntR family	-0.802	0.582	0.891	0.069	-0.053	-0.627	0.042	1.472	0.811	-0.532	-0.296	-0.059	0.128	0.054	-3.264	-0.705	0.047	-0.718	-2.819	-1.258	-2.082	-2.728	-1.844
SyringaeB728a_mexBdelta	Psyr_3119	Psyr_3119		Major facilitator superfamily	-0.163	0.048	-1.001	-0.371	0.136	0.342	-0.390	-0.894	-0.784	-0.639	-0.127	0.052	0.108	-0.666	0.324	1.121	0.923	0.646	0.713	0.098	-0.010	0.523	0.953
SyringaeB728a_mexBdelta	Psyr_3120	Psyr_3120		D-glucarate dehydratase	0.567	0.764	-0.087	-0.989	-1.410	0.284	-1.405	-1.256	0.202	-0.757	-0.895	0.114	-0.053	-1.298	-1.685	-0.552	-1.056	-1.246	-1.713	-0.573	-0.710	-1.329	0.289
SyringaeB728a_mexBdelta	Psyr_3121	Psyr_3121		Protein of unknown function DUF1345	1.240	-0.065	0.144	-0.160	-0.163	0.807	-0.436	-2.866	0.915	-1.796	0.470	-0.009	-0.836	-1.781	-1.495	-3.657	-1.836	-3.313	-0.867	-0.402	-1.944	-1.651	-0.263
SyringaeB728a_mexBdelta	Psyr_3122	Psyr_3122		D-isomer specific 2-hydroxyacid dehydrogenase, NAD-binding protein	-0.770	-0.004	-0.279	1.485	-0.656	-0.208	0.156	-0.571	0.333	0.174	-0.439	-1.157	-0.683	0.886	-0.871	-1.175	-0.482	-0.651	-0.644	-1.480	-0.287	0.773	0.286
SyringaeB728a_mexBdelta	Psyr_3123	Psyr_3123		type III effector HopAH2	-0.384	0.794	0.063	0.892	-0.096	-0.851	0.010	0.249	0.971	0.493	-1.446	-0.606	-0.359	-1.589	-0.495	0.619	0.212	0.892	0.033	1.042	0.339	-0.197	1.086
SyringaeB728a_mexBdelta	Psyr_3124	Psyr_3124		TonB-dependent siderophore receptor	-0.972	-1.604	-2.004	-0.914	-1.462	-1.661	-0.560	-1.062	-1.154	-0.381	-1.781	-0.910	-0.283	-1.338	-0.181	0.098	1.169	0.798	0.683	0.748	0.896	0.763	0.312
SyringaeB728a_mexBdelta	Psyr_3125	Psyr_3125		Nicotinamidase	1.096	1.411	1.144	1.060	0.415	0.264	0.750	0.941	0.035	1.626	-1.464	-0.432	-1.652	-0.195	1.032	1.129	0.648	2.365	-0.040	0.232	-1.171	0.127	0.972
SyringaeB728a_mexBdelta	Psyr_3126	Psyr_3126		transporter, putative	-0.197	-0.289	-0.406	0.338	1.588	-0.056	-0.305	-0.678	0.483	0.670	-0.102	-0.453	0.255	-0.413	-1.727	-0.568	-0.927	-1.178	-0.509	0.773	-0.484	0.542	-0.571
SyringaeB728a_mexBdelta	Psyr_3127	Psyr_3127		Response regulator receiver:Transcriptional regulatory protein, C-terminal	-0.953	-1.855	-1.022	-0.663	-1.705	0.232	-1.217	-2.514	-0.929	-0.752	-1.684	-1.104	-1.879	-2.217	-0.114	0.209	-1.763	-1.579	1.263	0.789	0.579	0.375	-0.238
SyringaeB728a_mexBdelta	Psyr_3128	Psyr_3128		ATP-binding region, ATPase-like:Histidine kinase, HAMP region:Histidine kinase A, N-terminal	1.734	0.432	0.999	0.997	1.236	1.911	0.638	0.030	-0.237	1.165	1.572	0.706	-0.878	-0.820	-1.410	-0.690	-1.060	-0.136	-0.523	1.313	-0.442	-0.333	-2.561
SyringaeB728a_mexBdelta	Psyr_3129	Psyr_3129		3-hydroxyacyl-CoA-acyl carrier protein transferase	-1.170	-1.708	-0.330	-0.828	-0.065	-1.075	0.756	-2.056	-1.417	-1.285	-2.303	-0.890	-1.517	-2.143	-0.603	-1.622	-0.809	-0.146	-0.954	-0.931	-0.858	-2.815	-1.758
SyringaeB728a_mexBdelta	Psyr_3130	Psyr_3130		Secretion protein HlyD	-0.400	-0.128	-0.002	0.426	0.924	1.468	0.722	1.078	0.302	0.428	1.377	-0.020	-0.226	0.299	1.417	-0.336	1.494	-0.273	0.433	1.832	-0.314	0.135	0.398
SyringaeB728a_mexBdelta	Psyr_3131	Psyr_3131		Secretion protein HlyD	0.953	-0.330	1.396	0.292	0.646	1.341	0.147	1.101	-0.115	0.830	1.469	1.742	0.767	0.259	0.831	0.393	1.508	0.205	1.438	0.665	0.487	1.725	0.761
SyringaeB728a_mexBdelta	Psyr_3132	Psyr_3132		Acriflavin resistance protein	-1.440	-0.312	-1.472	-0.046	-1.035	0.050	-0.775	-1.442	0.052	-0.497	-0.054	-1.003	0.122	-0.141	-0.089	0.071	-0.505	0.811	-0.338	0.045	0.741	0.006	-0.007
SyringaeB728a_mexBdelta	Psyr_3133	Psyr_3133		Amidohydrolase 2	-0.237	0.073	-1.376	0.435	0.413	1.095	-0.354	0.064	0.508	-0.474	0.092	-0.491	-0.343	1.462	-1.062	0.385	0.145	2.009	0.482	-0.924	-0.330	-0.079	0.126
SyringaeB728a_mexBdelta	Psyr_3134	Psyr_3134		General substrate transporter:Major facilitator superfamily	-0.179	-0.722	1.283	0.161	0.923	0.701	0.167	-0.440	0.087	-0.480	0.203	-1.143	-0.018	-1.050	0.961	0.183	-0.178	0.412	1.366	-0.192	-0.619	0.039	0.228
SyringaeB728a_mexBdelta	Psyr_3136	Psyr_3136		hypothetical protein	-0.638	-1.535	-1.765	0.754	0.573	-3.063	-1.199	-2.154	0.050	-1.602	-2.089	-1.406	0.163	-1.908	-1.183	-0.251	0.330	-0.048	-0.555	-0.393	-0.678	0.117	-0.077
SyringaeB728a_mexBdelta	Psyr_3137	Psyr_3137		ATPase	-5.107	-5.394	-4.520	-4.017	-2.157	-1.252	-3.612	-4.038	-3.429	-4.026	-3.833	-4.310	-2.907	-2.631	-2.315	-1.120	-1.385	-2.209	-1.865	-1.099	-2.414	-1.430	-2.299
SyringaeB728a_mexBdelta	Psyr_3138	Psyr_3138		Major facilitator superfamily	-0.256	0.217	1.763	0.464	1.527	-1.147	2.337	1.036	0.421	1.453	1.070	1.024	0.831	0.957	-0.838	0.041	-1.667	-1.606	-0.075	-0.478	-0.416	-1.028	-0.331
SyringaeB728a_mexBdelta	Psyr_3139	Psyr_3139		conserved hypothetical protein	0.499	-0.205	0.375	-0.128	-0.474	-0.141	1.024	0.419	0.795	1.008	0.282	0.163	0.568	0.781	0.439	0.560	-0.207	-0.361	-0.016	-0.331	-0.224	-0.012	0.395
SyringaeB728a_mexBdelta	Psyr_3140	Psyr_3140		Phospholipase/Carboxylesterase	-1.034	-0.298	0.973	-0.952	0.025	1.818	0.903	0.174	0.071	-0.483	-0.363	-0.033	-0.602	0.432	-0.572	-0.308	-0.882	-0.058	-0.490	0.198	-0.751	-0.308	0.232
SyringaeB728a_mexBdelta	Psyr_3141	Psyr_3141		type II and III secretion system protein:NolW-like protein	1.038	0.319	-0.134	0.227	0.053	0.275	-0.112	0.108	-0.037	0.253	0.361	0.599	-0.555	-0.351	0.356	0.965	-0.031	0.156	-0.183	0.859	0.637	0.335	-0.417
SyringaeB728a_mexBdelta	Psyr_3143	Psyr_3143		general secretion pathway protein M, putative	1.185	1.131	0.891	-0.229	-0.353	-1.586	0.429	0.198	0.587	0.109	-0.714	0.646	0.831	1.424	2.444	3.051	2.910	0.667	1.925	2.526	1.389	2.791	2.306
SyringaeB728a_mexBdelta	Psyr_3144	Psyr_3144		Fimbrial assembly	0.321	-0.990	-0.313	0.463	-0.751	-0.427	0.434	0.492	0.178	0.539	0.301	0.210	0.192	-0.879	0.020	0.516	-0.866	-0.913	-0.180	-0.165	0.763	0.259	-0.589
SyringaeB728a_mexBdelta	Psyr_3145	Psyr_3145		general secretion pathway protein K, putative	-1.940	-1.797	-0.864	-1.689	0.780	-1.095	0.294	-1.664	-0.598	-0.120	-1.244	-1.081	-0.591	0.133	-0.793	0.327	-0.170	-0.340	1.319	0.792	-0.125	0.646	-0.803
SyringaeB728a_mexBdelta	Psyr_3146	Psyr_3146		general secretion pathway protein J, putative	-1.497	0.273	-0.203	1.011	0.069	0.213	-0.372	-1.163	-0.324	0.324	0.738	0.776	0.316	0.664	0.296	0.779	0.830	-0.742	-0.235	0.462	-0.016	-0.278	0.189
SyringaeB728a_mexBdelta	Psyr_3149	Psyr_3149		General secretion pathway protein G	0.506	0.626	0.655	0.612	-0.123	0.852	-0.227	0.270	0.484	0.592	-0.245	-0.358	-0.078	-0.549	-0.651	-0.639	0.741	0.018	0.291	1.719	-0.123	0.431	0.727
SyringaeB728a_mexBdelta	Psyr_3150	Psyr_3150		type II secretion system protein	-1.786	-2.063	0.264	-0.741	-0.206	-1.747	-0.542	-1.486	-0.151	-0.733	-1.692	0.301	0.839	1.470	-0.987	0.068	-0.968	0.483	0.216	0.299	0.195	-0.016	-0.417
SyringaeB728a_mexBdelta	Psyr_3151	Psyr_3151		type II secretion system protein E (GspE)	-1.165	-0.690	-1.196	-0.886	0.357	-0.207	0.311	-3.237	-0.541	-0.917	-0.890	-0.016	1.039	0.228	0.566	0.547	0.139	0.294	0.459	-0.592	1.052	-0.315	-0.167
SyringaeB728a_mexBdelta	Psyr_3153	Psyr_3153		Beta-glucosidase	0.175	-0.195	2.020	-0.227	-0.491	0.649	-0.301	-0.531	-0.116	0.621	1.266	0.286	1.795	0.890	0.877	0.312	0.466	0.510	-1.345	0.563	-0.404	-0.083	0.254
SyringaeB728a_mexBdelta	Psyr_3154	Psyr_3154		transcriptional regulator, TetR family	0.520	-0.130	-1.704	0.159	-1.183	-0.458	-0.553	-0.722	-0.570	-1.614	-0.833	-0.366	0.233	1.331	-1.212	-1.063	-1.457	-1.115	-1.020	-1.456	-1.690	0.224	-1.149
SyringaeB728a_mexBdelta	Psyr_3155	Psyr_3155		GCN5-related N-acetyltransferase	0.450	0.204	0.543	0.195	1.177	2.179	0.246	0.658	1.317	0.911	-0.058	0.966	0.672	1.420	0.155	1.554	1.932	0.856	0.544	0.622	0.369	1.171	0.888
SyringaeB728a_mexBdelta	Psyr_3156	Psyr_3156		transcriptional regulator, LysR family	-0.401	-1.688	0.142	0.598	-0.135	0.870	0.834	1.323	-0.984	1.009	-0.476	0.298	0.387	1.299	-0.340	-1.685	0.130	-0.405	-0.793	-0.231	-0.543	-0.476	0.029
SyringaeB728a_mexBdelta	Psyr_3157	Psyr_3157		Aldehyde dehydrogenase	1.306	0.613	1.701	0.535	-0.334	0.174	-0.050	1.372	-0.287	1.665	-0.459	0.208	-0.073	2.182	1.016	1.411	1.461	0.870	1.993	1.101	2.008	0.724	1.378
SyringaeB728a_mexBdelta	Psyr_3158	Psyr_3158		FAD dependent oxidoreductase	0.023	-0.305	0.392	-0.325	-0.126	-0.958	-0.799	0.637	0.853	0.228	0.697	0.790	0.847	0.773	-0.088	0.770	0.089	-0.369	0.002	-0.413	0.701	0.770	1.110
SyringaeB728a_mexBdelta	Psyr_3159	Psyr_3159		Type I secretion outer membrane protein, TolC	0.470	0.233	-0.070	0.036	-0.409	-1.093	1.523	-0.619	-0.008	-0.988	0.337	-0.537	-0.331	-1.534	2.425	1.183	2.378	1.692	1.819	1.239	1.611	-0.457	0.223
SyringaeB728a_mexBdelta	Psyr_3160	Psyr_3160		Type I secretion membrane fusion protein, HlyD	0.010	1.610	-0.143	-0.315	0.270	-0.817	-0.473	0.008	1.178	1.087	0.321	0.621	1.021	0.431	2.079	2.722	2.912	1.750	2.412	1.213	1.918	0.764	2.079
SyringaeB728a_mexBdelta	Psyr_3161	Psyr_3161		Type I secretion system ATPase, PrtD	1.088	0.051	-0.620	0.278	-0.151	-0.159	0.755	0.125	-0.545	0.849	-0.006	0.688	-0.676	-2.056	1.612	1.555	0.330	1.008	2.259	0.096	1.449	1.325	0.827
SyringaeB728a_mexBdelta	Psyr_3162	Psyr_3162		Metalloprotease inhibitor/calysin	-2.919	-1.363	-1.583	0.088	-0.257	-0.025	-0.276	-0.036	-2.095	0.371	-1.813	-0.803	2.674	2.631	-0.959	1.670	0.107	0.880	0.053	0.259	0.605	0.408	1.313
SyringaeB728a_mexBdelta	Psyr_3163	Psyr_3163		epralysin, Metallo peptidase, MEROPS family M10B	0.739	1.517	0.864	-0.880	1.215	1.573	0.249	0.597	1.362	1.064	0.742	0.110	1.025	0.235	1.225	1.646	0.535	-0.113	0.191	0.547	1.097	0.806	0.821
SyringaeB728a_mexBdelta	Psyr_3164	Psyr_3164		Protein of unknown function UPF0005	-1.015	-1.565	-2.110	-1.678	-0.107	1.890	-1.493	-3.283	0.183	-0.462	-1.790	0.035	-1.293	-1.789	-1.126	-0.495	-0.728	1.266	-1.297	-1.327	-0.689	-0.455	-0.482
SyringaeB728a_mexBdelta	Psyr_3165	Psyr_3165		transcriptional regulator, LysR family	-0.480	-0.176	-1.029	-0.269	-1.139	-0.567	1.619	-0.340	-0.458	1.343	-0.535	-0.756	-1.905	-1.883	1.658	2.484	1.228	1.213	1.323	1.135	2.187	1.055	0.745
SyringaeB728a_mexBdelta	Psyr_3166	Psyr_3166		ABC transporter, periplasmic substrate-binding protein, putative	2.916	2.584	0.589	1.304	1.360	-0.107	-0.182	0.350	0.076	0.826	1.005	2.186	-0.297	0.792	0.239	2.310	1.167	1.990	1.433	1.658	1.915	2.847	0.973
SyringaeB728a_mexBdelta	Psyr_3167	Psyr_3167		Citrate-proton symport	0.995	0.891	-1.273	-0.213	0.684	1.193	0.367	0.559	0.250	0.160	0.469	1.076	1.230	-0.213	1.323	0.961	0.644	1.679	1.234	1.527	0.891	1.119	1.411
SyringaeB728a_mexBdelta	Psyr_3172	Psyr_3172		Glycosyl transferase, family 3	1.090	2.128	0.165	1.601	1.897	-1.110	1.964	0.301	1.872	1.599	1.113	2.236	-1.383	-0.303	-0.120	0.114	1.122	-0.662	2.007	0.172	0.801	1.019	0.469
SyringaeB728a_mexBdelta	Psyr_3173	Psyr_3173		Glutathione S-transferase, C-terminal	-0.913	-0.360	-0.264	-0.561	0.235	-0.261	-0.061	-0.904	-0.837	0.244	-1.305	0.347	0.213	-0.298	0.585	0.026	0.382	-0.163	-0.403	0.118	0.125	0.658	0.520
SyringaeB728a_mexBdelta	Psyr_3174	Psyr_3174		uroporphyrinogen-III C-methyltransferase / precorrin-2 dehydrogenase	-0.141	-0.329	-0.493	-0.857	-0.326	0.523	-0.903	-0.972	-1.390	-0.759	-0.864	-2.723	1.408	0.437	-1.389	-0.401	-0.281	-0.681	-0.515	-0.050	-1.232	-0.208	-0.359
SyringaeB728a_mexBdelta	Psyr_3177	Psyr_3177		Recombination protein MgsA	-0.190	-0.932	-1.236	-0.789	0.274	1.671	-0.179	-0.514	-0.195	0.709	0.111	-0.666	-0.285	-0.353	0.366	0.311	1.005	0.749	1.873	0.024	0.052	0.087	0.569
SyringaeB728a_mexBdelta	Psyr_3179	Psyr_3179		DNA translocase FtsK	-2.387	-3.678	-2.630	-3.067	-2.937	-0.812	-3.021	-2.751	-2.671	-3.708	-3.045	-2.650	-3.429	-1.973	-1.097	-0.795	0.165	-0.983	-1.226	-0.615	-1.025	-1.547	-1.359
SyringaeB728a_mexBdelta	Psyr_3180	Psyr_3180		Leucyl/phenylalanyl-tRNA--protein transferase	-0.876	-0.534	-2.435	-2.551	-2.688	-0.268	-2.776	-2.661	-0.452	-0.518	-1.879	-2.196	-0.109	-0.330	-1.704	0.582	-0.808	-1.267	-1.468	-2.108	-1.137	-0.330	-1.037
SyringaeB728a_mexBdelta	Psyr_3181	Psyr_3181		Arginyltransferase	-0.139	1.197	-1.663	0.700	-0.237	-1.943	-1.890	-1.404	0.936	0.133	1.006	-0.237	1.286	1.304	1.742	1.116	1.307	0.899	0.074	-0.346	-0.212	0.523	0.260
SyringaeB728a_mexBdelta	Psyr_3183	Psyr_3183		ATP-dependent Clp protease ATP-binding subunit ClpA	0.032	-0.364	0.416	-0.491	-0.459	-1.746	-0.280	0.906	1.488	0.346	-0.581	0.960	-0.497	1.388	0.048	-0.165	1.092	0.077	0.423	-0.064	0.742	-0.448	0.119
SyringaeB728a_mexBdelta	Psyr_3184	Psyr_3184		ATP-dependent Clp protease adaptor protein ClpS	-0.723	-0.377	-0.806	-1.816	-0.215	2.828	-1.010	-2.405	-1.490	-1.129	0.293	-0.402	-1.128	-1.525	-0.995	-0.336	0.167	-1.093	-1.220	-0.883	0.182	0.613	-3.006
SyringaeB728a_mexBdelta	Psyr_3187	Psyr_3187		Alpha/beta hydrolase fold protein	0.059	1.311	-0.175	0.729	0.754	0.863	0.505	0.190	-0.166	0.242	0.255	0.796	0.022	1.878	2.266	2.245	0.612	1.744	0.041	1.532	2.004	1.121	2.450
SyringaeB728a_mexBdelta	Psyr_3188	Psyr_3188		transcriptional regulator, LysR family	-0.359	0.390	-0.165	1.028	0.794	0.521	0.624	-0.827	0.632	-0.640	-0.093	-0.001	0.218	-0.668	0.645	0.769	0.052	0.552	0.399	0.192	0.642	1.159	0.040
SyringaeB728a_mexBdelta	Psyr_3189	Psyr_3189		NUDIX hydrolase	1.623	-0.523	1.345	0.201	1.714	-0.246	-0.437	-0.839	0.042	0.006	0.159	-0.041	0.668	2.831	1.485	-0.348	1.245	1.816	1.804	0.926	1.788	1.399	0.716
SyringaeB728a_mexBdelta	Psyr_3191	Psyr_3191		Protein of unknown function DUF489	0.794	-0.516	0.711	-0.609	1.504	0.914	0.544	0.634	0.514	0.003	1.854	2.106	0.953	0.379	-1.103	-0.370	-0.667	0.158	1.275	0.754	-1.101	0.317	-0.442
SyringaeB728a_mexBdelta	Psyr_3193	Psyr_3193		Transcription factor jumonji, jmjC	-1.375	-0.505	1.427	-2.278	2.358	-2.270	0.757	-2.223	2.781	-1.822	-1.063	-2.732	-3.020	4.093	-2.014	-1.665	-0.358	-1.044	0.433	0.170	-1.997	-0.977	-1.323
SyringaeB728a_mexBdelta	Psyr_3195	Psyr_3195		NolW-like protein	0.003	-0.890	-1.185	0.844	-1.215	-1.214	-0.161	0.408	-0.219	-0.897	0.444	0.387	-0.231	1.433	0.865	1.295	0.319	0.663	0.398	1.244	0.946	0.634	0.089
SyringaeB728a_mexBdelta	Psyr_3196	Psyr_3196		isocitrate lyase	3.824	1.789	2.324	1.856	2.074	2.160	1.701	4.075	1.209	0.802	2.415	1.640	0.275	2.779	1.950	2.278	1.869	2.544	1.799	1.480	2.229	3.748	2.020
SyringaeB728a_mexBdelta	Psyr_3199	Psyr_3199		NADH dehydrogenase subunit D / NADH dehydrogenase subunit C	-1.596	-1.013	-0.611	-0.114	0.283	6.729	0.549	1.096	-1.538	-1.944	-1.068	-0.642	-2.484	-0.376	-0.097	-0.298	0.007	-2.319	-1.957	-1.455	-0.440	-1.390	-2.995
SyringaeB728a_mexBdelta	Psyr_3209	Psyr_3209		NADH dehydrogenase subunit N	-2.726	-0.078	1.647	-0.941	-0.557	1.913	-0.079	0.404	1.333	-0.966	0.135	-0.096	-1.258	-0.846	-1.493	-0.339	0.145	-1.131	0.012	-2.022	0.621	-0.942	-2.079
SyringaeB728a_mexBdelta	Psyr_3210	Psyr_3210		Protein of unknown function UPF0118	1.031	0.428	0.926	1.816	0.217	-0.310	-0.253	1.894	-0.446	0.995	0.778	2.015	0.536	0.978	2.462	3.131	2.124	2.439	2.371	2.381	2.207	2.825	1.638
SyringaeB728a_mexBdelta	Psyr_3211	Psyr_3211		ATP-binding region, ATPase-like:Histidine kinase, HAMP region	2.484	2.735	-2.383	-0.101	-1.158	1.338	0.072	1.072	-0.240	1.354	0.691	0.477	0.285	-0.496	3.011	1.211	1.430	2.262	0.837	2.704	1.715	1.285	2.101
SyringaeB728a_mexBdelta	Psyr_3212	Psyr_3212		Response regulator receiver:Transcriptional regulatory protein, C-terminal	-0.371	0.641	-0.905	-0.033	-0.421	-1.275	-0.630	-1.344	0.041	-0.670	-0.173	-1.231	1.282	-0.209	2.134	2.835	1.632	1.675	1.666	1.428	1.422	0.476	2.232
SyringaeB728a_mexBdelta	Psyr_3213	Psyr_3213		Propeptide, PepSY amd peptidase M4	-0.885	-1.108	-1.053	-0.711	-0.034	-0.490	-0.685	-1.300	-1.653	-0.934	0.004	-0.399	-4.109	-2.074	-0.697	-0.682	-0.518	0.225	-0.129	0.829	0.143	-0.313	-0.365
SyringaeB728a_mexBdelta	Psyr_3214	Psyr_3214		Propeptide, PepSY amd peptidase M4	0.446	0.253	-1.036	1.167	-0.354	-1.723	-0.675	-1.444	-0.354	-0.802	-1.390	-1.274	0.296	-0.405	1.063	0.608	-0.155	-0.171	0.412	1.807	0.146	0.622	0.682
SyringaeB728a_mexBdelta	Psyr_3217	Psyr_3217		Protein of unknown function DUF6	-1.000	1.380	-1.612	-0.205	-0.468	-0.669	0.444	-0.149	1.065	0.508	-1.395	1.176	0.652	-0.312	0.628	0.817	1.008	0.684	0.574	0.086	0.753	0.410	0.069
SyringaeB728a_mexBdelta	Psyr_3219	Psyr_3219		Peptidase M24	-0.563	0.237	-1.756	-0.376	-1.094	-1.349	-1.133	-1.663	0.618	-0.031	-0.506	-0.625	-1.270	-1.457	0.727	1.298	0.127	1.594	0.749	0.640	1.275	1.058	1.035
SyringaeB728a_mexBdelta	Psyr_3220	Psyr_3220		Aminotransferase, class V	1.392	0.993	0.721	1.426	1.563	1.086	0.951	2.175	0.657	1.171	1.309	0.695	2.211	2.685	0.828	2.007	1.554	2.377	2.133	2.122	1.017	1.220	1.581
SyringaeB728a_mexBdelta	Psyr_3221	Psyr_3221		DegT/DnrJ/EryC1/StrS aminotransferase	0.660	0.332	-1.565	-0.424	1.103	-0.557	0.235	-0.629	0.118	1.436	-0.696	-0.155	-0.358	-0.086	1.733	2.250	1.007	0.885	1.365	1.418	1.650	0.644	1.187
SyringaeB728a_mexBdelta	Psyr_3222	Psyr_3222		Polysaccharide biosynthesis protein	-0.045	-0.980	-1.444	0.046	-1.148	-1.042	-0.226	-0.500	-0.003	0.374	-0.745	0.686	0.030	-0.783	0.782	1.415	2.513	2.273	0.302	2.904	1.801	2.866	1.606
SyringaeB728a_mexBdelta	Psyr_3223	Psyr_3223		Glycosyl transferase, family 2	0.296	-0.687	-1.361	-1.252	-1.218	-1.634	-1.355	-0.126	-0.298	-0.692	-0.134	-0.275	-1.927	-1.258	0.318	0.872	1.055	0.369	0.575	-0.667	1.233	1.319	0.668
SyringaeB728a_mexBdelta	Psyr_3224	Psyr_3224		Low molecular weight phosphotyrosine protein phosphatase	0.043	-0.137	-0.705	1.142	-0.388	-1.607	-0.180	0.798	0.477	-0.210	-0.401	0.806	0.891	0.793	1.183	1.921	0.854	2.171	0.920	1.963	1.168	0.763	1.790
SyringaeB728a_mexBdelta	Psyr_3225	Psyr_3225		Protein-tyrosine kinase	-0.379	0.396	0.249	-0.245	1.158	0.148	0.971	0.063	1.345	1.225	1.265	0.728	-0.241	0.301	3.335	3.676	3.186	3.268	2.446	2.522	2.707	2.651	2.499
SyringaeB728a_mexBdelta	Psyr_3226	Psyr_3226		Transcriptional activator RfaH	1.471	0.736	0.406	1.628	0.431	1.236	-1.021	-0.093	2.396	1.610	0.178	1.898	0.512	-1.107	0.896	0.299	-0.567	0.724	0.177	1.189	-0.787	-0.104	0.049
SyringaeB728a_mexBdelta	Psyr_3227	Psyr_3227		Glycosyl transferase, family 2	0.071	2.440	0.311	0.886	0.352	-0.946	0.700	1.274	0.941	1.054	1.487	1.060	-0.653	0.118	1.316	0.646	2.324	0.091	-0.008	0.993	-0.854	0.640	0.274
SyringaeB728a_mexBdelta	Psyr_3228	Psyr_3228		Glycosyl transferase, group 1	0.514	-0.366	2.219	2.425	-0.318	0.841	1.512	2.489	1.604	0.927	0.921	1.031	0.773	0.615	1.096	0.807	1.256	1.597	1.216	1.851	0.651	1.159	1.449
SyringaeB728a_mexBdelta	Psyr_3229	Psyr_3229		Glycosyl transferase, group 1	0.902	2.212	0.144	-0.329	1.634	-0.150	-0.023	1.088	0.125	0.896	0.513	1.535	-0.052	0.903	1.548	1.816	-0.111	1.071	-0.140	1.171	-0.098	1.836	1.277
SyringaeB728a_mexBdelta	Psyr_3230	Psyr_3230		Glycosyl transferase, group 1	1.613	1.289	-1.134	0.732	1.089	0.271	1.184	-0.228	-0.444	1.201	0.625	1.734	0.653	-0.623	0.366	1.413	1.419	1.576	1.040	1.842	1.998	0.853	2.247
SyringaeB728a_mexBdelta	Psyr_3231	Psyr_3231		sugar transferase	0.965	1.030	0.839	1.556	-0.116	0.936	0.034	0.860	0.773	0.758	0.322	1.259	0.187	-1.516	2.216	2.359	1.040	1.298	1.309	1.556	0.930	1.721	1.003
SyringaeB728a_mexBdelta	Psyr_3232	Psyr_3232		Polysaccharide export protein	-1.316	1.592	0.152	-0.020	0.221	1.020	0.540	-0.252	0.262	0.555	1.027	1.688	0.047	1.370	3.864	3.092	4.035	4.162	3.334	4.389	3.232	2.952	2.590
SyringaeB728a_mexBdelta	Psyr_3233	Psyr_3233		FMN reductase	0.525	1.129	0.143	0.440	0.605	1.421	0.757	1.432	-0.868	-0.333	1.549	0.625	0.663	2.058	-1.369	0.102	-1.132	-1.214	-0.365	-0.044	-0.746	-1.158	-0.923
SyringaeB728a_mexBdelta	Psyr_3234	Psyr_3234		Lysine exporter protein (LYSE/YGGA)	0.684	1.362	0.613	0.401	0.886	3.364	0.564	1.578	1.190	-0.417	-0.567	1.841	-1.991	0.860	1.882	2.792	0.069	1.658	1.554	3.323	2.427	0.877	1.366
SyringaeB728a_mexBdelta	Psyr_3236	Psyr_3236		transcriptional regulator, LysR family	0.111	0.196	-1.971	-0.089	1.334	0.689	-0.725	0.514	-0.419	0.308	0.608	0.959	-2.086	-0.451	0.588	1.744	0.741	1.502	1.016	0.900	1.079	1.084	-0.136
SyringaeB728a_mexBdelta	Psyr_3237	Psyr_3237		3-oxoacid CoA-transferase	1.594	0.321	0.910	0.725	0.899	1.225	0.249	0.298	2.335	0.278	0.616	2.188	-2.390	-0.170	-0.781	-1.201	-0.809	0.926	-1.239	-0.473	-0.921	-0.607	-0.290
SyringaeB728a_mexBdelta	Psyr_3238	Psyr_3238		3-oxoacid CoA-transferase	2.265	1.086	0.911	-0.343	0.284	-1.441	1.230	1.604	0.443	1.477	0.753	0.261	2.028	1.609	1.324	1.026	0.825	1.029	1.155	0.391	1.656	1.251	-0.057
SyringaeB728a_mexBdelta	Psyr_3239	Psyr_3239		Short chain fatty acid transporter	2.203	1.601	1.005	1.937	1.622	3.048	0.883	1.708	0.349	1.294	0.214	0.052	-0.544	-1.575	1.143	1.888	3.185	1.859	0.646	1.818	2.709	2.257	1.715
SyringaeB728a_mexBdelta	Psyr_3241	Psyr_3241		D-isomer specific 2-hydroxyacid dehydrogenase, catalytic region:D-isomer specific 2-hydroxyacid dehydrogenase, NAD-binding protein	-1.331	-0.013	-1.779	0.202	0.805	-0.020	-1.429	-0.252	-0.561	0.079	0.186	-0.878	0.651	-0.510	1.483	0.974	1.090	0.486	0.310	1.123	2.613	-1.892	-0.015
SyringaeB728a_mexBdelta	Psyr_3242	Psyr_3242		Glycerophosphodiester phosphodiesterase	0.422	-0.584	-0.276	-0.179	-0.725	1.483	-1.105	0.297	0.130	-0.728	-0.107	0.473	-0.381	0.216	0.712	1.552	0.978	1.465	1.773	1.013	1.081	0.714	1.327
SyringaeB728a_mexBdelta	Psyr_3243	Psyr_3243		TonB-dependent siderophore receptor	0.690	1.652	-0.233	0.207	-0.244	1.032	-0.760	0.271	-0.069	0.707	-0.029	0.569	1.405	0.920	1.614	2.734	1.392	1.871	1.416	1.703	1.743	1.334	2.555
SyringaeB728a_mexBdelta	Psyr_3244	Psyr_3244		Phospholipase D/Transphosphatidylase	-0.060	0.417	-0.062	-0.416	-0.231	0.656	-0.489	-1.522	-1.161	-0.650	0.454	-0.806	-0.774	-1.672	2.221	0.712	-0.219	0.618	0.497	1.072	0.089	0.321	0.403
SyringaeB728a_mexBdelta	Psyr_3245	Psyr_3245		ATP-dependent DNA ligase LigD phosphoesterase module / ATP-dependent DNA ligase LigD polymerase module	0.741	-0.509	-1.627	0.949	0.444	1.373	0.874	0.661	0.825	0.782	0.200	-0.500	-0.050	-0.408	0.261	1.047	0.403	1.284	0.117	0.327	0.680	0.571	-0.494
SyringaeB728a_mexBdelta	Psyr_3246	Psyr_3246		Ku	-1.263	-0.320	0.284	0.344	-0.149	-0.766	-2.084	0.077	-0.079	0.458	-0.627	0.620	0.468	-0.428	0.074	0.781	-0.091	0.307	0.587	-0.100	0.521	0.873	-0.444
SyringaeB728a_mexBdelta	Psyr_3247	Psyr_3247		Alkanesulfonate monooxygenase	0.159	0.115	-1.436	1.048	-0.415	-0.418	0.650	-0.877	-0.149	0.043	-0.086	0.202	0.379	-0.481	0.209	0.104	-1.230	0.177	0.164	0.141	0.122	0.250	-0.151
SyringaeB728a_mexBdelta	Psyr_3248	Psyr_3248		Helix-turn-helix, Fis-type	0.716	1.322	1.930	1.792	0.112	1.712	0.138	0.200	0.849	1.713	0.760	0.702	-1.454	-2.084	1.893	0.857	0.795	0.060	0.947	1.129	1.533	0.772	1.230
SyringaeB728a_mexBdelta	Psyr_3249	Psyr_3249		conserved hypothetical protein	0.397	0.504	0.248	-0.324	0.589	-0.744	-1.181	-0.044	-0.572	0.532	-0.865	-0.354	-0.710	-1.778	2.116	1.807	1.922	1.185	2.516	1.903	2.299	0.988	1.081
SyringaeB728a_mexBdelta	Psyr_3250	Psyr_3250		Helix-turn-helix motif protein	0.583	-0.404	-0.285	-0.660	0.458	1.115	1.764	-1.238	0.168	-0.056	2.047	-0.347	-1.861	-1.219	-0.429	-0.440	-1.105	0.455	1.052	-0.834	0.354	0.451	0.315
SyringaeB728a_mexBdelta	Psyr_3251	Psyr_3251		Protein of unknown function DUF6	-0.277	0.409	-1.142	0.383	0.983	1.066	-1.100	0.464	-0.570	1.488	-0.325	0.341	-2.063	0.285	-0.896	-0.519	-0.671	0.339	-0.623	-0.116	-0.455	0.669	0.353
SyringaeB728a_mexBdelta	Psyr_3252	Psyr_3252		multisubunit potassium/proton antiporter, PhaA subunit / multisubunit potassium/proton antiporter, PhaB subunit	-0.018	0.117	-1.101	-0.818	0.600	1.509	0.654	-1.255	-0.592	-0.471	-1.059	-0.302	0.945	-0.562	1.478	1.119	1.269	0.309	0.253	1.036	0.485	0.665	0.585
SyringaeB728a_mexBdelta	Psyr_3253	Psyr_3253		multisubunit potassium/proton antiporter, PhaC subunit	-0.726	0.330	-0.983	0.426	-0.331	-1.200	-0.774	-0.476	0.990	0.709	-0.843	0.564	2.637	1.618	2.328	1.201	1.719	1.862	0.837	1.477	0.454	1.583	1.295
SyringaeB728a_mexBdelta	Psyr_3254	Psyr_3254		multisubunit potassium/proton antiporter, PhaD subunit	-0.164	1.558	-0.148	0.743	1.183	0.406	0.387	-0.368	-0.172	1.135	-0.039	0.824	0.211	0.269	1.252	1.386	0.290	1.430	0.850	1.350	1.143	0.962	0.989
SyringaeB728a_mexBdelta	Psyr_3255	Psyr_3255		multisubunit potassium/proton antiporter, PhaE subunit	0.749	1.132	-2.142	0.164	-0.899	0.718	1.066	-0.701	1.365	0.551	-0.381	0.474	0.581	0.205	-1.389	2.349	1.441	1.106	-0.343	0.267	-0.716	-0.361	0.976
SyringaeB728a_mexBdelta	Psyr_3256	Psyr_3256		multisubunit potassium/proton antiporter, PhaF subunit	0.625	0.486	0.354	1.619	-0.681	-0.780	0.326	0.628	0.054	0.417	0.579	-0.223	1.214	1.176	0.274	-0.777	-1.419	0.456	0.132	0.407	-0.196	0.517	0.359
SyringaeB728a_mexBdelta	Psyr_3257	Psyr_3257		multisubunit potassium/proton antiporter, PhaG subunit	1.427	0.648	1.239	0.019	0.225	0.745	0.171	0.868	-0.553	1.255	-1.990	0.032	0.911	0.983	1.799	-0.150	0.826	2.112	0.447	0.561	0.132	0.605	-0.486
SyringaeB728a_mexBdelta	Psyr_3258	Psyr_3258		conserved hypothetical protein	-1.381	-1.611	-1.809	0.448	-3.488	-1.454	-2.243	0.028	-1.787	-0.500	-1.567	-3.579	-3.210	-1.520	-1.900	-0.377	-1.416	-1.504	-2.470	-2.521	-1.377	-1.291	-2.280
SyringaeB728a_mexBdelta	Psyr_3260	Psyr_3260		conserved domain protein	0.185	0.120	-0.825	-1.139	0.094	-0.265	-1.114	0.685	0.061	-0.782	-0.262	-0.476	0.045	-0.686	0.650	0.026	0.137	-0.248	-0.427	0.735	0.041	0.491	-0.814
SyringaeB728a_mexBdelta	Psyr_3261	Psyr_3261		chemotaxis sensory transducer	0.781	-2.526	0.016	-1.003	1.231	-0.364	-0.090	-2.553	-0.623	-0.010	-1.140	-0.829	-0.793	-2.437	0.955	0.440	-0.444	-0.153	1.689	-0.619	-0.752	0.240	-0.622
SyringaeB728a_mexBdelta	Psyr_3263	Psyr_3263		monosaccharide ABC transporter membrane protein, CUT2 family	-0.336	-0.403	-0.954	-0.768	0.913	0.703	0.717	0.448	-0.363	1.518	-0.600	-0.393	2.816	0.732	3.222	3.240	2.330	2.254	3.327	2.423	2.053	2.110	2.697
SyringaeB728a_mexBdelta	Psyr_3264	Psyr_3264		monosaccharide ABC transporter ATP-binding protein, CUT2 family	-0.731	-0.775	0.971	-0.281	-0.246	0.167	0.608	-1.668	0.429	-0.591	0.036	0.390	0.065	1.775	1.523	1.467	0.978	-0.382	0.594	-0.345	0.577	0.018	0.252
SyringaeB728a_mexBdelta	Psyr_3265	Psyr_3265		monosaccharide ABC transporter substrate-binding protein, CUT2 family	0.018	-0.002	0.627	-2.448	0.161	0.063	-0.860	-0.587	-0.598	-0.486	0.287	-0.449	1.768	0.603	0.336	0.110	0.050	-0.512	0.923	0.697	1.412	0.225	0.004
SyringaeB728a_mexBdelta	Psyr_3266	Psyr_3266		Oxidoreductase, N-terminal:Oxidoreductase, C-terminal	-0.037	-0.169	0.492	1.385	0.564	0.723	-0.338	1.316	0.852	1.702	1.738	-0.119	-1.531	-0.147	1.611	1.076	1.932	0.768	-0.513	1.167	0.674	0.709	-0.482
SyringaeB728a_mexBdelta	Psyr_3267	Psyr_3267		AP endonuclease, family 2	0.832	1.044	0.551	0.589	-0.068	0.595	-0.563	0.161	1.835	-1.317	0.533	0.684	0.584	1.199	2.987	2.376	2.019	1.120	2.562	1.051	1.702	2.268	2.717
SyringaeB728a_mexBdelta	Psyr_3268	Psyr_3268		myo-inositol 2-dehydrogenase	-0.301	-0.421	-0.740	-0.261	-0.360	-0.072	-1.086	-0.691	-1.146	-1.023	-1.142	0.267	-0.146	-1.086	0.267	-0.085	-0.132	-0.637	0.664	0.109	0.533	0.346	0.683
SyringaeB728a_mexBdelta	Psyr_3269	Psyr_3269		3D-(3,5/4)-trihydroxycyclohexane-1,2-dione hydrolase	0.109	-1.465	-0.789	0.138	0.862	0.529	-0.282	-0.374	-0.298	-1.229	0.584	0.139	-2.218	-2.410	0.714	1.494	0.308	0.303	-0.277	0.346	-0.425	0.690	-0.624
SyringaeB728a_mexBdelta	Psyr_3270	Psyr_3270		AP endonuclease, family 2	0.077	0.109	0.011	-0.547	0.072	-1.702	0.515	0.446	-0.266	0.527	0.807	0.362	-0.288	-2.289	-1.581	0.491	0.235	-2.184	-1.314	-0.394	-0.195	0.048	-1.534
SyringaeB728a_mexBdelta	Psyr_3271	Psyr_3271		methylmalonate-semialdehyde dehydrogenase (acylating)	0.335	1.642	-0.252	0.125	0.166	1.902	-0.320	-0.268	0.473	0.882	2.160	-0.183	0.792	-0.660	2.119	0.377	0.635	0.455	0.462	1.567	0.033	0.451	0.570
SyringaeB728a_mexBdelta	Psyr_3272	Psyr_3272		5-deoxyglucuronate isomerase	0.778	0.708	0.771	0.812	1.645	-0.702	-0.019	0.916	-0.857	-0.139	-0.010	-0.711	-0.179	-0.135	1.028	1.134	1.138	0.094	0.392	0.338	0.877	-0.188	0.960
SyringaeB728a_mexBdelta	Psyr_3273	Psyr_3273		2-keto-myo-inositol dehydratase	0.736	1.131	0.502	1.584	1.567	1.665	1.256	-0.044	0.112	0.541	0.554	0.712	-0.885	0.010	-0.340	-0.288	-0.863	1.065	-0.531	0.834	-1.319	0.569	-0.747
SyringaeB728a_mexBdelta	Psyr_3274	Psyr_3274		5-dehydro-2-deoxygluconokinase	0.061	0.862	0.338	0.051	-0.681	1.213	0.558	0.664	0.230	-0.124	-0.581	0.446	-0.016	0.803	-0.457	-1.011	0.097	0.375	-0.503	-0.656	-0.068	-1.334	0.359
SyringaeB728a_mexBdelta	Psyr_3275	Psyr_3275		Helix-turn-helix protein RpiR:Sugar isomerase (SIS)	-3.597	-0.912	-1.824	-1.562	-1.290	-2.288	-0.911	-3.397	-1.685	-1.737	-3.502	-3.113	-1.077	-1.757	0.205	-0.028	-1.513	-0.595	0.588	-1.695	-1.092	-0.116	-1.861
SyringaeB728a_mexBdelta	Psyr_3276	Psyr_3276		membrane protein, putative	-0.179	-0.472	-0.475	-0.913	-0.722	-0.057	0.401	-0.964	-1.814	-0.563	-0.512	-0.201	-1.245	-0.510	1.426	2.025	0.249	1.515	1.744	2.093	0.645	1.029	1.871
SyringaeB728a_mexBdelta	Psyr_3277	Psyr_3277		Phospholipase D/Transphosphatidylase	0.533	0.993	0.802	0.132	-0.516	-1.546	0.173	1.076	-0.780	0.414	0.043	1.233	-0.186	-0.786	1.666	1.072	0.126	1.803	1.266	1.835	1.545	2.410	0.832
SyringaeB728a_mexBdelta	Psyr_3278	Psyr_3278		Endonuclease/exonuclease/phosphatase	0.398	1.995	-0.217	-0.469	-0.979	0.758	1.121	1.135	0.206	-0.106	0.561	0.755	-0.699	-0.538	0.178	-0.329	-0.051	-0.137	-0.818	0.082	1.314	1.198	0.428
SyringaeB728a_mexBdelta	Psyr_3279	Psyr_3279		Cytochrome B561, bacterial	-0.294	0.621	-0.453	0.399	-0.526	0.513	0.444	1.082	-0.327	0.408	1.168	0.860	0.291	0.262	0.150	-0.326	-1.147	-0.628	-0.737	-0.283	0.024	-0.435	0.158
SyringaeB728a_mexBdelta	Psyr_3280	Psyr_3280		methylthioadenosine phosphorylase	0.132	1.107	0.960	0.538	0.972	-1.421	-1.097	-1.316	-0.339	-0.163	-0.298	-1.515	0.208	-0.689	-0.051	1.179	-0.005	0.150	-0.065	-0.185	-0.809	0.507	0.908
SyringaeB728a_mexBdelta	Psyr_3282	Psyr_3282		transcriptional regulator, TetR family	-1.686	-1.143	-2.500	-1.924	-2.576	-1.763	-4.541	-1.829	-3.527	-2.001	-2.835	-0.545	-2.059	-1.830	0.398	-0.542	0.461	0.445	-0.932	-0.825	-1.389	-1.695	-0.453
SyringaeB728a_mexBdelta	Psyr_3284	Psyr_3284		SOS cell division inhibitor SulA	-0.181	-0.825	-1.651	-0.740	-1.202	0.209	-0.008	-1.408	-1.884	-0.384	-2.215	-0.825	-0.010	-1.640	1.733	1.528	0.403	0.418	1.093	1.143	1.624	0.282	-0.152
SyringaeB728a_mexBdelta	Psyr_3286	Psyr_3286		conserved hypothetical protein	-1.593	-1.307	-2.656	-1.787	-0.341	-0.537	-0.447	-1.374	-1.629	-0.978	-1.810	-1.534	-2.852	-2.954	-0.796	0.703	0.990	-0.873	-0.137	0.694	0.068	-0.632	-0.487
SyringaeB728a_mexBdelta	Psyr_3288	Psyr_3288		conserved hypothetical protein	-0.697	-0.566	-0.041	-1.093	-0.062	0.070	0.608	-1.253	0.295	-0.256	0.221	0.137	0.054	1.174	-0.683	-0.675	-0.992	-0.957	-0.850	-1.189	-1.418	-1.461	-1.226
SyringaeB728a_mexBdelta	Psyr_3289	Psyr_3289		3-ketoacyl-CoA thiolase	-1.647	0.722	-0.053	0.834	-0.487	5.616	-0.526	0.689	-1.035	-0.332	-1.980	-0.352	0.446	0.117	-1.305	-0.371	-0.783	0.054	-0.131	-0.884	0.154	0.329	-1.080
SyringaeB728a_mexBdelta	Psyr_3290	Psyr_3290		3-hydroxyacyl-CoA dehydrogenase / short chain enoyl-CoA hydratase	-1.500	-1.403	-3.281	-1.933	-0.818	5.916	-1.962	-1.057	-1.884	-1.789	-2.668	-2.269	-0.362	-3.017	-1.582	-0.672	-1.011	-3.324	-1.896	-3.037	-1.684	-1.850	-2.697
SyringaeB728a_mexBdelta	Psyr_3291	Psyr_3291		hypothetical protein	1.045	0.883	0.349	0.964	1.289	1.700	0.229	1.878	-0.560	0.924	-0.125	1.634	0.645	1.501	-0.189	-1.811	-0.378	-0.522	0.352	0.765	-0.046	-1.361	0.552
SyringaeB728a_mexBdelta	Psyr_3294	Psyr_3294		ABC transporter	1.979	1.272	0.545	0.151	1.332	2.200	-0.052	-2.885	1.113	-0.351	-0.111	0.410	0.929	-0.031	0.541	-0.459	0.745	0.809	1.089	0.107	-0.210	-0.019	0.046
SyringaeB728a_mexBdelta	Psyr_3295	Psyr_3295		SLT	0.419	1.109	0.226	0.201	0.726	-8.190	1.428	-0.289	-0.370	1.031	-0.003	0.311	0.519	-1.488	0.667	0.373	-0.556	0.261	-0.063	0.355	0.073	0.553	1.614
SyringaeB728a_mexBdelta	Psyr_3296	Psyr_3296		MOSC:MOSC, N-terminal beta barrel	0.329	-0.437	-1.514	-0.787	0.326	1.008	1.563	0.696	0.302	-0.650	0.592	-1.409	-0.957	-1.185	-0.250	-1.101	-0.166	-0.634	-0.847	-0.712	0.412	-0.428	-0.825
SyringaeB728a_mexBdelta	Psyr_3297	Psyr_3297		CheW protein	-0.566	-2.080	-1.082	-1.186	-1.026	-1.121	-0.494	-2.175	-1.409	-1.675	-0.716	-0.835	-1.120	-1.005	1.076	0.241	1.238	1.098	0.806	0.151	0.225	-0.234	1.162
SyringaeB728a_mexBdelta	Psyr_3298	Psyr_3298		conserved hypothetical protein	0.733	-0.249	0.440	0.600	1.652	1.026	0.601	0.219	-0.297	0.694	0.662	0.505	-0.133	-0.379	0.393	0.373	0.079	-0.004	1.511	-0.151	1.643	-0.146	1.336
SyringaeB728a_mexBdelta	Psyr_3299	Psyr_3299		two component transcriptional regulator, LuxR family	0.270	1.077	-1.682	0.041	-0.451	1.127	-0.793	-0.029	-1.334	-0.784	-1.876	0.385	0.953	-1.052	0.507	-0.477	-0.701	0.756	0.275	-0.146	0.415	1.661	-0.063
SyringaeB728a_mexBdelta	Psyr_3300	Psyr_3300		Conserved hypothetical protein 147	1.114	1.918	1.213	0.711	-0.682	1.988	1.727	0.989	1.385	-0.667	1.041	0.627	-0.017	0.647	0.710	1.986	0.219	2.064	1.680	0.538	0.889	0.245	1.195
SyringaeB728a_mexBdelta	Psyr_3301	Psyr_3301		Undecaprenyl-phosphate galactosephosphotransferase	-0.348	0.069	-0.938	-0.236	-0.378	-2.038	-0.211	-2.070	-0.249	-1.268	-0.569	-0.268	-0.553	-1.439	-0.210	-0.023	0.041	-0.682	-1.256	-1.824	-0.214	-0.385	-0.815
SyringaeB728a_mexBdelta	Psyr_3302	Psyr_3302		mannose-6-phosphate isomerase, type 2 / mannose-1-phosphate guanylyltransferase (GDP)	0.412	1.157	0.052	1.329	1.147	1.315	0.141	1.553	0.548	-0.207	0.549	1.087	-0.496	-0.828	0.442	0.018	-1.514	0.188	-0.160	1.162	-0.153	-0.387	-0.741
SyringaeB728a_mexBdelta	Psyr_3303	Psyr_3303		Polysaccharide export protein	0.330	-0.145	0.653	1.329	-0.700	1.316	1.064	1.507	0.842	0.435	-0.029	0.475	-0.613	0.254	0.075	0.390	0.070	-0.151	0.008	0.919	0.184	0.801	-0.094
SyringaeB728a_mexBdelta	Psyr_3304	Psyr_3304		Lipopolysaccharide biosynthesis	-0.562	-0.435	-2.557	-1.357	-0.386	1.341	-0.474	0.197	-0.173	-0.057	-0.259	0.452	0.358	-0.450	0.017	-0.008	-0.786	-2.083	-0.009	-0.559	-1.444	-0.506	-0.997
SyringaeB728a_mexBdelta	Psyr_3305	Psyr_3305		Glycosyl transferase, group 1	-0.901	-0.139	-0.288	-0.414	0.090	0.852	-0.491	0.180	-0.479	0.649	-0.169	0.449	0.703	1.011	0.601	-0.595	0.538	-1.470	0.455	0.053	-0.823	-1.405	0.186
SyringaeB728a_mexBdelta	Psyr_3306	Psyr_3306		Glycoside hydrolase, family 5	-2.153	-0.327	-1.741	-2.552	-1.706	-0.652	-0.453	-1.663	-1.741	-1.674	-2.654	-1.288	-1.026	-0.686	-0.721	-0.919	-1.323	-0.765	-1.162	-0.490	-1.514	-0.609	-1.309
SyringaeB728a_mexBdelta	Psyr_3307	Psyr_3307		Glycosyl transferase, group 1	0.832	0.332	-0.700	0.319	-1.264	1.468	0.165	1.639	1.395	0.434	0.566	1.689	-0.634	0.802	-1.183	0.050	-1.823	-0.993	-0.831	-1.903	-0.709	-1.067	-0.540
SyringaeB728a_mexBdelta	Psyr_3308	Psyr_3308		Glycosyl transferase, group 1	0.660	0.797	-0.859	-1.207	1.032	0.860	0.344	1.255	1.036	-0.675	0.971	0.638	-0.557	-0.021	0.941	-0.559	0.030	0.135	0.132	-0.306	0.589	-0.327	0.592
SyringaeB728a_mexBdelta	Psyr_3309	Psyr_3309		membrane protein, putative	1.340	-0.437	-0.308	-0.787	0.680	0.368	1.018	0.190	0.664	-0.311	-0.763	0.117	-0.984	0.603	0.505	-0.041	0.580	0.263	-0.703	0.398	-1.077	0.487	0.313
SyringaeB728a_mexBdelta	Psyr_3310	Psyr_3310		transferase hexapeptide repeat protein	0.912	1.784	-0.801	1.385	0.355	2.151	0.316	1.660	1.237	1.318	0.948	0.510	0.017	-0.676	1.515	1.767	-0.298	0.773	0.036	1.327	2.212	0.418	1.875
SyringaeB728a_mexBdelta	Psyr_3311	Psyr_3311		Virulence factor MVIN-like protein	-0.205	2.379	-0.377	0.686	1.041	1.927	-1.195	2.271	0.670	-0.338	-0.412	-0.373	-2.394	0.283	-1.987	-1.265	-0.703	0.239	-0.256	0.191	-0.860	-0.247	-2.028
SyringaeB728a_mexBdelta	Psyr_3312	Psyr_3312		transcriptional regulator, LysR family	-1.026	0.903	-0.467	-0.262	0.744	-0.772	-0.173	0.984	-0.348	-0.423	-1.370	0.205	-0.063	-0.215	1.199	-0.737	-0.879	0.029	0.433	0.718	0.635	0.502	-0.671
SyringaeB728a_mexBdelta	Psyr_3313	Psyr_3313		C4-dicarboxylate transporter/malic acid transport protein	0.247	-0.934	-0.998	-0.665	-0.809	-0.165	-1.491	-1.074	-0.710	-0.494	0.345	-1.197	-0.423	-0.470	-0.133	-0.648	-1.687	-1.720	-0.742	-1.492	-1.080	-1.565	-1.408
SyringaeB728a_mexBdelta	Psyr_3314	Psyr_3314		conserved hypothetical protein	-1.274	0.671	0.141	-2.715	-1.794	-0.849	0.408	-2.582	-1.024	-2.960	-1.038	-2.079	-0.200	0.523	0.218	-0.022	0.616	0.236	0.029	-0.158	0.163	-0.146	-1.144
SyringaeB728a_mexBdelta	Psyr_3315	Psyr_3315		conserved hypothetical protein	-2.006	-0.171	-2.178	-0.362	-0.743	0.623	-0.248	-0.323	-0.803	-1.737	-0.906	-1.008	-1.701	0.393	2.243	2.636	0.637	0.671	0.209	1.363	1.642	-0.409	2.088
SyringaeB728a_mexBdelta	Psyr_3318	Psyr_3318		conserved hypothetical protein	-0.501	0.661	0.145	-0.252	-0.994	2.636	0.141	-0.814	-0.308	0.883	0.986	1.075	0.583	1.706	1.034	0.982	0.546	-0.087	0.540	-0.355	-0.740	-0.597	-0.453
SyringaeB728a_mexBdelta	Psyr_3319	Psyr_3319		ThiJ/PfpI	1.411	-0.229	-0.277	-0.181	1.172	0.512	0.299	0.255	-0.424	0.090	0.608	-0.305	0.839	1.405	-1.614	-0.745	0.676	0.772	-2.165	0.647	0.154	-2.878	0.269
SyringaeB728a_mexBdelta	Psyr_3321	Psyr_3321		transcriptional regulator, LysR family	0.669	1.097	0.132	1.317	1.631	-0.774	0.946	-0.485	1.062	-0.118	-1.164	0.519	0.190	-1.747	-0.116	0.322	-0.214	0.587	0.299	0.139	0.107	-0.213	-0.856
SyringaeB728a_mexBdelta	Psyr_3322	Psyr_3322		Major facilitator superfamily	0.014	0.105	-1.348	-0.990	-1.463	-1.447	-0.233	-1.168	-1.609	-0.147	-1.007	-0.289	-0.004	0.679	-0.140	0.003	0.047	-0.319	0.052	-0.374	-0.518	0.604	0.035
SyringaeB728a_mexBdelta	Psyr_3323	Psyr_3323		conserved hypothetical protein	1.117	1.211	-3.182	0.063	-2.212	2.027	-1.473	-0.622	-0.595	-0.068	-2.466	-0.991	-3.778	-2.066	-0.438	0.571	-0.412	0.034	0.001	-0.643	-0.737	-0.481	-0.411
SyringaeB728a_mexBdelta	Psyr_3324	Psyr_3324		transcriptional regulator, TetR family	0.224	-0.641	18.531	-1.024	13.075	-0.160	19.336	1.219	8.412	-1.261	3.021	0.130	7.579	17.153	-1.102	-3.316	0.741	-0.777	-0.656	3.265	-1.902	-1.279	2.500
SyringaeB728a_mexBdelta	Psyr_3325	Psyr_3325		fumarylacetoacetate hydrolase	0.325	0.713	3.865	0.917	1.061	1.043	5.100	1.907	2.648	-0.049	1.028	0.691	1.282	2.543	-0.128	-0.768	0.315	-0.728	-0.205	-0.203	-0.371	0.507	-0.620
SyringaeB728a_mexBdelta	Psyr_3326	Psyr_3326		homogentisate 1,2-dioxygenase	0.882	1.167	0.643	1.193	0.198	-0.739	1.682	0.146	0.210	0.664	-0.298	1.131	0.479	0.833	-0.080	0.252	-0.951	-0.760	0.330	-0.200	-0.487	-0.581	-1.611
SyringaeB728a_mexBdelta	Psyr_3327	Psyr_3327		transcriptional regulator, IclR family	-1.163	-1.458	1.443	0.499	1.691	-0.471	2.038	0.336	2.697	0.914	0.288	0.065	0.583	2.107	0.009	-0.332	-0.321	1.584	0.393	1.382	0.148	-0.573	1.661
SyringaeB728a_mexBdelta	Psyr_3328	Psyr_3328		GGDEF domain protein	-1.273	-2.007	-2.752	-1.016	-1.657	-1.721	-0.424	-2.039	-2.284	-0.930	-2.461	-2.290	-0.194	0.166	-0.560	-0.562	-1.009	-0.724	-0.677	-0.586	-0.686	0.077	-0.960
SyringaeB728a_mexBdelta	Psyr_3329	Psyr_3329		diguanylate cyclase/phosphodiesterase with PAS/PAC and GAF sensor(s)	0.686	0.303	-0.207	0.602	-1.076	0.559	0.683	-0.804	0.173	0.097	0.678	-0.126	-0.727	-0.896	-0.814	-1.073	0.380	0.119	-0.518	-0.414	-0.286	-0.490	-1.169
SyringaeB728a_mexBdelta	Psyr_3330	Psyr_3330		4-hydroxyphenylpyruvate dioxygenase	-0.194	-0.140	-0.129	-0.275	-0.613	-0.286	1.192	-0.647	-0.172	0.017	0.886	0.193	-0.984	0.990	0.870	1.065	0.540	0.407	0.151	1.252	0.153	0.091	1.126
SyringaeB728a_mexBdelta	Psyr_3331	Psyr_3331		Glycolate oxidase subunit GlcD	0.375	0.157	1.237	-0.041	0.382	0.861	0.598	1.158	0.838	0.519	-0.336	-0.459	-0.467	-0.960	2.822	0.796	0.538	2.207	1.021	0.489	0.040	1.187	0.510
SyringaeB728a_mexBdelta	Psyr_3332	Psyr_3332		FAD linked oxidase, N-terminal	-0.774	-1.240	-1.411	-0.782	-0.537	-0.925	0.711	-0.926	-1.634	-0.199	-0.889	0.652	0.401	0.297	-0.291	-0.297	0.434	0.571	-0.652	0.245	-0.287	-0.178	-0.162
SyringaeB728a_mexBdelta	Psyr_3333	Psyr_3333		4Fe-4S ferredoxin, iron-sulfur binding:Protein of unknown function DUF224	-0.144	0.748	-1.091	-2.253	-0.551	2.452	-1.085	-0.909	-0.396	-1.510	-0.223	0.241	-0.351	-1.325	-0.117	-0.420	0.333	-0.040	-0.308	0.300	-0.704	0.460	-0.556
SyringaeB728a_mexBdelta	Psyr_3334	Psyr_3334		Protein of unknown function DUF336	-0.719	0.053	-0.307	0.786	0.233	-0.448	-0.887	-2.139	-0.318	-0.747	-0.483	-0.352	0.109	-0.091	-0.353	-0.503	0.602	0.744	0.552	-0.266	-0.574	-0.451	1.126
SyringaeB728a_mexBdelta	Psyr_3335	Psyr_3335		conserved hypothetical protein	-0.944	-1.877	-1.633	-1.723	-1.187	-1.207	-0.702	-1.924	-1.332	-1.618	-1.420	-0.247	1.257	1.128	-1.418	-0.522	-0.334	-1.071	-0.183	-0.528	-0.473	-0.973	-0.579
SyringaeB728a_mexBdelta	Psyr_3336	Psyr_3336		transcriptional regulator, LacI family	-1.094	1.454	1.936	-0.024	-0.000	1.674	1.627	0.181	-0.279	0.352	0.326	-0.128	0.636	-0.091	-0.726	0.355	-0.233	-0.125	-0.501	-0.684	-1.040	-0.776	0.464
SyringaeB728a_mexBdelta	Psyr_3337	Psyr_3337		gluconate kinase, SKI family	-0.004	-1.172	-0.441	0.284	1.132	-0.291	-1.264	-0.461	-0.096	0.434	0.591	-0.032	-0.605	0.987	0.733	1.390	0.617	1.244	0.644	0.223	1.258	1.704	0.906
SyringaeB728a_mexBdelta	Psyr_3338	Psyr_3338		gluconate permease GntT	-1.507	-1.091	1.118	-0.712	0.454	1.104	-0.356	-0.345	0.403	-0.128	-0.523	-0.515	1.186	0.580	0.158	1.104	-0.036	0.882	1.375	0.808	1.188	0.310	0.753
SyringaeB728a_mexBdelta	Psyr_3339	Psyr_3339		Carbon storage regulator	-3.952	-1.231	1.852	-2.421	-1.567	1.068	1.988	-2.019	-1.423	-1.654	-2.085	-4.049	0.422	-0.040	0.564	-1.382	-0.215	-1.331	0.477	-0.285	0.018	-1.597	-0.726
SyringaeB728a_mexBdelta	Psyr_3340	Psyr_3340		conserved hypothetical protein	-1.756	-1.039	0.477	-1.426	-0.457	0.690	0.056	-1.083	-1.046	-2.425	-2.303	-2.263	-0.372	-1.236	-0.528	-0.249	-0.393	0.045	-0.876	-0.195	0.225	-1.050	-1.270
SyringaeB728a_mexBdelta	Psyr_3341	Psyr_3341		hypothetical protein	-3.507	-2.970	-0.495	-0.110	-0.824	-3.225	-1.316	-0.952	-2.472	-2.648	-2.501	-3.485	-0.857	-0.546	-2.305	-1.088	-1.404	-0.480	-3.165	-1.048	-2.229	-0.642	-1.809
SyringaeB728a_mexBdelta	Psyr_3342	Psyr_3342		conserved hypothetical protein	-1.455	-1.472	-0.796	-0.160	0.188	0.605	0.133	-1.085	-1.274	-0.831	-1.058	-1.291	-0.415	0.324	-1.215	-4.016	-1.505	-2.719	-1.273	-1.558	-2.647	-2.385	-3.322
SyringaeB728a_mexBdelta	Psyr_3343	Psyr_3343		GCN5-related N-acetyltransferase	0.280	0.445	-0.699	1.272	-0.536	-1.087	-0.426	-0.752	0.982	-0.960	0.435	1.549	-0.967	-0.514	-1.548	-0.943	-1.601	-0.545	-1.130	-0.680	-0.514	-0.148	-1.330
SyringaeB728a_mexBdelta	Psyr_3344	Psyr_3344		conserved hypothetical protein	-1.434	-1.590	-1.222	-0.872	-0.923	-0.598	0.087	-0.800	-1.911	-0.587	-0.368	-0.734	-0.517	0.541	-0.831	0.564	-0.503	-0.744	-0.813	-0.813	0.768	-0.948	0.081
SyringaeB728a_mexBdelta	Psyr_3345	Psyr_3345		TonB-dependent siderophore receptor	-0.978	-0.356	-0.988	-1.550	-0.782	-0.247	-0.776	-1.476	-0.782	-1.967	-1.882	-1.580	-0.794	0.663	-0.910	-1.467	-0.074	-0.372	-1.380	-0.696	-1.198	-0.931	-0.162
SyringaeB728a_mexBdelta	Psyr_3346	Psyr_3346		conserved hypothetical protein	-0.462	-1.566	-0.254	-1.301	-0.184	0.250	-0.643	-1.421	-0.613	-0.705	-0.622	0.053	0.410	-0.172	-0.005	0.055	0.244	-0.242	-0.936	-1.648	-0.218	-0.301	0.737
SyringaeB728a_mexBdelta	Psyr_3347	Psyr_3347		transcriptional regulator, TetR family	-2.779	-2.028	-1.037	-0.883	-1.632	-3.011	-0.055	-3.169	0.865	-0.246	-1.787	-1.592	-0.068	-2.323	-1.302	-1.701	-0.954	-1.960	0.489	-1.246	-2.350	-1.626	-0.248
SyringaeB728a_mexBdelta	Psyr_3348	Psyr_3348		Histidine kinase, HAMP region:Bacterial chemotaxis sensory transducer	-0.166	0.119	-0.556	-0.200	-0.188	1.353	0.744	-0.090	-1.219	-0.384	0.722	-0.152	1.498	-0.308	-0.075	-0.606	0.199	0.308	0.141	-0.195	-0.874	-0.295	1.050
SyringaeB728a_mexBdelta	Psyr_3349	Psyr_3349		conserved hypothetical protein	0.679	0.081	0.084	1.533	-0.084	0.506	-0.335	0.419	0.644	1.224	0.005	0.696	1.190	-0.114	-0.662	-0.021	-0.176	-0.284	0.633	0.127	-0.635	-0.038	-0.647
SyringaeB728a_mexBdelta	Psyr_3350	Psyr_3350		Allergen V5/Tpx-1 related protein	1.591	1.766	0.155	3.438	1.279	-0.149	1.948	2.275	1.891	1.983	0.547	2.034	0.392	0.084	0.572	1.313	1.328	0.556	0.620	-0.242	1.008	0.380	0.146
SyringaeB728a_mexBdelta	Psyr_3351	Psyr_3351		Histidine kinase, HAMP region:Bacterial chemotaxis sensory transducer	0.121	-0.707	-2.152	-1.096	-1.285	-0.676	0.235	-1.230	-0.107	-0.337	-0.713	-0.508	0.013	-0.288	-0.044	0.118	-1.340	-0.003	-0.303	-0.167	-0.151	-0.017	-0.191
SyringaeB728a_mexBdelta	Psyr_3352	Psyr_3352		GCN5-related N-acetyltransferase	-0.504	-1.137	-2.420	-1.859	-0.250	-0.465	-0.269	-1.252	-0.899	-0.346	-0.825	-1.855	0.925	0.351	-0.301	-0.685	0.325	-0.337	-0.150	0.159	-0.521	0.027	-0.108
SyringaeB728a_mexBdelta	Psyr_3353	Psyr_3353		Catalase	-1.029	-1.311	-1.340	-0.705	-1.888	-0.934	-1.513	-2.513	-1.151	-0.864	-2.220	-1.548	-0.037	-1.533	-0.579	0.559	-1.172	0.738	-0.838	-0.595	-0.904	-0.364	-0.306
SyringaeB728a_mexBdelta	Psyr_3354	Psyr_3354		Ankyrin	-0.903	0.082	-2.395	0.871	0.104	-0.878	-0.473	-0.185	0.542	1.737	-1.213	-0.570	-0.155	-0.929	0.495	-0.571	0.066	-1.090	-1.066	0.463	-0.058	0.252	1.009
SyringaeB728a_mexBdelta	Psyr_3355	Psyr_3355		PAS	-0.640	0.498	-1.250	0.151	0.396	0.396	1.670	-0.824	-0.421	-0.986	-0.452	-0.873	0.354	1.195	-1.163	0.169	-0.529	-0.112	0.020	0.099	0.308	-0.104	-0.996
SyringaeB728a_mexBdelta	Psyr_3356	Psyr_3356		conserved hypothetical protein	1.418	-0.732	-1.221	-0.787	-0.898	0.684	-0.470	-0.218	-0.230	0.620	1.753	-1.038	0.812	0.759	-0.347	-0.411	-1.100	-0.936	-1.213	-2.077	-1.791	-0.713	-0.791
SyringaeB728a_mexBdelta	Psyr_3357	Psyr_3357		transcriptional regulator, LysR family	0.159	1.182	-0.680	0.081	-0.830	-1.446	-1.096	0.533	-0.613	0.837	-0.719	0.076	1.824	1.424	1.541	0.980	-1.568	-0.049	-0.169	-0.575	-0.850	-0.324	0.612
SyringaeB728a_mexBdelta	Psyr_3358	Psyr_3358		transmembrane pair	-0.472	-0.503	-0.834	-0.598	0.832	-1.093	-0.281	0.110	-1.021	0.976	0.558	1.105	-0.446	0.757	-1.813	-0.169	-0.798	-0.168	0.155	-0.871	0.100	-0.189	-1.567
SyringaeB728a_mexBdelta	Psyr_3359	Psyr_3359		Phenazine biosynthesis PhzC/PhzF protein	-0.429	-0.890	-2.322	0.973	0.609	0.378	-0.251	-1.163	0.315	0.462	0.785	-0.570	-0.987	-0.758	-1.010	0.567	0.119	-0.406	0.583	-0.375	-1.095	-0.808	-1.637
SyringaeB728a_mexBdelta	Psyr_3360	Psyr_3360		Major facilitator superfamily	-0.282	0.032	-1.234	-0.609	-2.466	0.670	0.949	-0.842	-0.081	1.044	-0.575	1.079	-0.107	-0.017	-0.492	0.263	-1.229	-1.008	0.259	-1.464	-0.509	-1.440	-0.671
SyringaeB728a_mexBdelta	Psyr_3361	Psyr_3361		RarD protein	-2.062	-0.947	-0.062	0.059	-0.721	-1.355	-0.978	-0.585	-2.074	0.429	-1.098	-0.785	0.707	-0.189	-1.027	-0.345	-1.039	-1.305	-1.986	-2.228	0.270	-0.612	-0.662
SyringaeB728a_mexBdelta	Psyr_3362	Psyr_3362		AFG1-like ATPase	0.033	0.162	0.692	0.588	0.134	1.578	0.863	0.842	0.768	0.836	0.083	0.639	-1.551	-0.842	0.667	-1.294	-0.655	-0.556	-0.393	-0.025	-0.577	-1.425	-0.483
SyringaeB728a_mexBdelta	Psyr_3363	Psyr_3363		Sulfate transporter/antisigma-factor antagonist STAS:Sulphate transporter	0.374	-1.078	-2.298	-0.510	-1.141	2.714	0.602	-0.121	0.251	-1.174	-1.541	0.206	1.142	1.346	-1.047	-0.280	-1.015	-0.965	-0.484	-1.207	-1.350	0.179	0.551
SyringaeB728a_mexBdelta	Psyr_3364	Psyr_3364		Beta-lactamase	1.115	0.776	-0.217	0.312	0.482	-12.050	0.502	-0.287	0.881	0.427	0.545	0.206	0.390	-0.046	-0.265	0.716	0.274	-0.100	0.113	0.802	-0.333	0.015	-0.583
SyringaeB728a_mexBdelta	Psyr_3365	Psyr_3365		Transcriptional regulator Ada / DNA-O6-methylguanine--protein-cysteine S-methyltransferase	-1.301	-1.089	-1.651	-0.610	-1.843	-2.209	-0.678	-1.953	0.025	-0.271	-1.538	-0.924	0.900	1.078	0.623	-0.269	0.741	0.024	1.285	0.220	-0.929	0.245	0.654
SyringaeB728a_mexBdelta	Psyr_3366	Psyr_3366		DNA-3-methyladenine glycosylase II	-0.718	-0.721	-1.341	-1.334	-0.634	-1.278	-1.563	-2.429	-1.212	0.297	-3.045	-0.043	1.387	-1.020	-0.924	0.385	-0.240	-0.413	0.122	0.795	1.165	0.470	-0.750
SyringaeB728a_mexBdelta	Psyr_3367	Psyr_3367		Iron permease FTR1	-0.797	-0.103	-0.356	0.370	-1.392	-0.448	0.504	1.123	-0.104	-0.669	-0.023	1.409	-0.911	0.331	-0.341	-0.885	-1.095	-0.330	-1.049	-0.474	-0.326	0.434	0.162
SyringaeB728a_mexBdelta	Psyr_3368	Psyr_3368		Protein of unknown function DUF451	-1.519	0.182	0.327	0.171	-0.833	-0.034	0.874	-0.522	0.117	-0.277	0.220	-1.056	-2.124	-0.993	-1.540	0.288	-0.404	-0.583	-1.080	-0.241	-0.606	-1.548	-0.672
SyringaeB728a_mexBdelta	Psyr_3369	Psyr_3369		Twin-arginine translocation pathway signal:Tat-translocated enzyme:Dyp-type peroxidase	-1.152	-0.440	0.020	-0.139	0.270	1.096	-1.071	-1.491	0.562	0.201	-0.947	-0.856	-0.197	-2.128	-1.148	-0.394	-0.436	0.333	-0.965	0.146	-0.551	0.654	0.558
SyringaeB728a_mexBdelta	Psyr_3370	Psyr_3370		Protein of unknown function DUF451	-2.617	-0.607	-0.662	-0.975	-1.831	-1.396	-1.550	-0.436	-0.882	-0.799	-0.045	-0.890	-0.460	0.783	-0.701	-0.882	-1.360	-1.810	-0.267	-0.194	-0.691	-0.600	-0.783
SyringaeB728a_mexBdelta	Psyr_3371	Psyr_3371		Oxidoreductase, molybdopterin binding protein	0.366	-1.323	-1.471	-1.317	-1.093	-2.727	-1.359	-0.761	-1.884	-1.674	-2.177	-1.230	0.532	1.165	-1.016	1.079	-0.393	1.449	-1.037	-0.139	0.092	0.014	-0.716
SyringaeB728a_mexBdelta	Psyr_3372	Psyr_3372		conserved hypothetical protein	-0.747	-1.121	-0.083	-0.050	-0.562	1.722	-1.194	0.989	-0.228	0.202	-0.494	-0.130	0.278	-1.855	0.282	1.362	-0.114	-0.268	-0.995	0.710	-1.082	0.665	-0.997
SyringaeB728a_mexBdelta	Psyr_3373	Psyr_3373		conserved hypothetical protein	1.494	0.231	-0.488	1.424	-1.217	2.342	0.410	-1.042	-0.255	1.238	0.139	0.319	-0.325	-0.011	0.121	-0.839	0.367	-0.057	-1.406	-0.599	1.897	-0.277	-1.359
SyringaeB728a_mexBdelta	Psyr_3374	Psyr_3374		Heavy metal response regulator	0.457	-0.954	-0.819	-1.629	-0.501	-1.045	-1.235	-1.015	-0.256	-0.011	-0.865	-0.597	1.277	1.045	-0.241	-1.049	-1.083	0.075	-0.108	1.152	-2.710	-0.260	1.401
SyringaeB728a_mexBdelta	Psyr_3375	Psyr_3375		Heavy metal sensor kinase	0.755	-0.121	-0.670	0.171	-0.657	-0.516	0.034	-0.537	-0.404	-0.181	-1.444	0.232	-0.932	-0.421	-0.470	0.002	-0.369	-0.428	-2.367	-0.507	-0.665	-0.751	0.277
SyringaeB728a_mexBdelta	Psyr_3376	Psyr_3376		lyase, putative	-0.538	-0.465	0.152	0.144	-0.406	-2.008	1.039	-0.642	-0.348	-0.843	-1.223	-0.460	-1.372	-0.568	0.555	-0.617	-0.870	0.622	0.121	-1.199	-0.524	0.231	0.849
SyringaeB728a_mexBdelta	Psyr_3377	Psyr_3377		transcriptional regulator, MarR family	0.928	-0.252	0.502	1.222	-0.420	-0.024	1.128	1.196	1.472	0.897	0.731	-0.020	-2.143	-2.426	-0.503	-2.780	-1.454	-1.199	-0.680	-0.458	0.358	-0.413	-0.202
SyringaeB728a_mexBdelta	Psyr_3378	Psyr_3378		Fusaric acid resistance protein conserved region	1.009	0.362	0.522	0.215	0.667	0.901	-0.780	0.086	0.186	0.421	-0.255	0.543	-1.534	0.366	-0.695	-0.314	-1.329	-0.778	-1.054	-1.859	-0.673	1.482	0.192
SyringaeB728a_mexBdelta	Psyr_3379	Psyr_3379		membrane protein, putative	0.573	0.024	0.425	-0.365	1.274	-0.401	-0.017	0.634	-0.640	-0.137	0.085	0.988	1.480	0.508	0.185	-0.943	-0.323	-0.117	-1.705	-0.125	-1.339	-0.316	-0.073
SyringaeB728a_mexBdelta	Psyr_3380	Psyr_3380		Secretion protein HlyD	-0.323	-0.548	-0.038	0.067	-0.956	0.002	-0.713	-0.316	0.217	-0.198	-0.375	-0.924	0.092	0.260	-0.049	0.288	-0.471	1.170	-0.034	-0.013	-0.586	-0.052	1.053
SyringaeB728a_mexBdelta	Psyr_3381	Psyr_3381		RND efflux system, outer membrane lipoprotein, NodT	0.521	1.159	2.810	0.282	0.539	1.725	-0.013	0.199	1.038	0.795	0.299	0.945	0.367	0.127	-1.155	-0.426	-0.611	-0.804	-0.711	-0.502	-0.077	-0.004	0.080
SyringaeB728a_mexBdelta	Psyr_3382	Psyr_3382		Ion transport protein	-0.380	-0.522	-0.279	-0.596	-0.868	-0.485	-0.899	-1.191	-0.375	0.414	-0.782	0.409	0.046	0.316	-1.040	-1.142	-1.648	-0.547	-0.860	-1.730	-0.884	-0.840	-1.223
SyringaeB728a_mexBdelta	Psyr_3383	Psyr_3383		extracellular solute-binding protein, family 1	1.093	0.274	-1.508	1.255	-1.487	1.871	0.322	-0.303	-0.394	1.047	0.023	0.620	1.257	1.075	1.303	0.117	0.398	-1.238	1.116	-0.213	0.380	0.754	1.410
SyringaeB728a_mexBdelta	Psyr_3384	Psyr_3384		lipoprotein, putative	1.898	0.519	1.799	0.822	0.146	1.649	0.379	0.027	2.018	-0.488	0.401	-0.036	0.203	-0.005	-0.587	-0.236	-0.129	-0.870	-1.202	-0.958	-1.382	-1.044	-0.407
SyringaeB728a_mexBdelta	Psyr_3394	Psyr_3394		conserved hypothetical protein	1.017	1.775	0.303	0.540	-0.005	1.959	-0.467	1.320	1.396	0.138	0.154	0.434	-0.128	-0.337	-0.660	-0.320	0.489	-0.133	0.730	-0.808	0.237	0.490	0.193
SyringaeB728a_mexBdelta	Psyr_3395	Psyr_3395		FlhB domain protein	0.349	0.013	0.023	-1.485	-0.495	2.018	-0.483	-0.280	-0.551	-0.085	-0.695	-0.450	0.909	1.860	-1.053	-0.205	0.026	-1.747	-0.735	-0.248	-0.443	-0.217	-1.699
SyringaeB728a_mexBdelta	Psyr_3396	Psyr_3396		DNA replication and repair protein RecR	-0.334	0.757	-1.778	-1.274	-0.509	1.212	1.277	-1.107	-0.352	-5.326	0.980	-0.871	-0.192	-2.831	0.903	-0.001	0.395	-0.581	-0.003	0.539	-1.419	-1.280	-6.705
SyringaeB728a_mexBdelta	Psyr_3397	Psyr_3397		transcriptional regulator, LysR family	0.092	-0.188	-1.500	-0.322	0.779	-1.531	0.505	-2.870	1.075	-0.408	0.039	0.907	0.235	0.029	-0.012	1.605	0.493	-0.280	-0.642	0.279	-0.725	0.016	0.222
SyringaeB728a_mexBdelta	Psyr_3398	Psyr_3398		Alanine racemase, N-terminal	-2.419	-0.243	0.645	0.153	-0.390	0.010	-0.023	1.840	-0.018	0.522	-0.957	0.513	3.035	3.548	-0.517	-0.279	0.711	-0.712	-0.675	-1.616	-0.456	-0.933	-0.744
SyringaeB728a_mexBdelta	Psyr_3399	Psyr_3399		Endoribonuclease L-PSP	-0.075	-1.169	-1.012	-1.499	-0.127	0.278	-1.781	-0.601	-0.169	-0.525	-1.517	-0.639	0.320	-0.342	-0.761	0.064	-0.546	0.458	-0.731	0.325	-0.409	0.136	-0.076
SyringaeB728a_mexBdelta	Psyr_3400	Psyr_3400		FAD dependent oxidoreductase	-0.760	0.762	0.218	-1.014	-0.347	0.022	0.076	0.148	-0.675	0.545	-0.209	-0.327	-1.941	-2.262	0.073	-1.089	-1.517	0.777	-0.456	-1.614	-0.804	-0.354	-0.252
SyringaeB728a_mexBdelta	Psyr_3401	Psyr_3401		GCN5-related N-acetyltransferase	-0.540	-0.133	-0.666	0.026	-1.179	1.618	-0.656	-0.217	-1.287	-0.195	-1.678	-0.157	-1.023	0.096	-0.101	0.697	0.892	-0.380	-0.274	0.422	0.566	0.999	0.775
SyringaeB728a_mexBdelta	Psyr_3402	Psyr_3402		Aldehyde dehydrogenase	-0.279	0.806	0.648	0.937	0.769	1.237	0.611	0.376	0.025	0.343	0.098	1.328	-0.351	-0.550	-1.728	-0.642	-1.411	-1.217	-0.442	-1.616	-0.469	-1.215	-1.016
SyringaeB728a_mexBdelta	Psyr_3403	Psyr_3403		conserved hypothetical protein	0.971	0.537	-1.183	-0.668	0.408	0.208	1.610	0.926	1.692	0.393	1.040	0.994	0.659	1.301	-1.590	-0.046	-0.064	-0.582	-1.415	-0.953	-0.328	0.222	-1.061
SyringaeB728a_mexBdelta	Psyr_3404	Psyr_3404		aconitase	-0.334	-0.888	-0.477	-0.430	-0.072	1.073	-0.101	0.296	-0.445	-0.287	-0.444	-0.324	1.747	1.822	-0.585	0.186	-0.411	-0.102	-0.390	-0.326	-1.902	-0.479	-0.437
SyringaeB728a_mexBdelta	Psyr_3405	Psyr_3405		Abortive infection protein	0.735	0.924	-0.561	0.231	0.494	-0.598	0.651	0.840	0.583	-0.608	1.913	1.133	0.768	-1.333	-0.427	-0.522	0.083	-0.344	-0.438	-0.201	0.344	-0.611	-0.626
SyringaeB728a_mexBdelta	Psyr_3406	Psyr_3406		PAS	0.105	-0.642	0.545	-1.224	-0.025	-0.946	0.950	0.111	0.241	-0.463	-0.663	-0.061	1.846	0.556	0.678	1.723	-0.213	-0.996	0.405	-0.373	-0.014	0.294	-0.150
SyringaeB728a_mexBdelta	Psyr_3407	Psyr_3407		conserved hypothetical protein	0.281	0.949	0.753	0.496	2.186	2.357	-0.554	0.076	0.796	1.021	0.579	-1.816	0.090	-0.309	-0.784	-0.074	-0.840	-0.088	-1.618	-1.952	-1.605	-0.527	-0.341
SyringaeB728a_mexBdelta	Psyr_3408	Psyr_3408		Outer membrane autotransporter barrel	-0.634	-0.241	-1.142	-0.220	-1.099	0.358	-0.258	-1.319	-0.868	-0.057	-0.134	-0.408	-0.253	-0.072	-0.782	-0.494	-0.524	-0.240	0.517	0.081	-1.420	-0.117	-0.216
SyringaeB728a_mexBdelta	Psyr_3409	Psyr_3409		conserved hypothetical protein	-0.939	0.136	-0.246	-1.384	-0.847	-1.629	-1.180	-1.420	-0.588	-1.536	-1.172	-1.067	-0.806	-3.523	-1.280	-0.631	0.178	0.484	0.239	-1.183	-0.806	-1.433	-1.951
SyringaeB728a_mexBdelta	Psyr_3410	Psyr_3410		hypothetical protein	-1.043	-1.678	-0.936	-1.893	-0.603	-0.935	-1.169	-2.415	-1.178	-0.598	-1.908	-1.475	-1.881	-2.600	-1.137	-0.436	-1.751	-0.792	-0.879	-0.955	-1.326	-1.433	-1.205
SyringaeB728a_mexBdelta	Psyr_3411	Psyr_3411		conserved hypothetical protein	0.661	2.557	1.280	2.105	1.013	1.374	-0.001	-0.324	1.440	0.987	-0.315	1.207	-1.474	1.337	-1.593	-1.013	-0.519	-0.893	-0.739	-1.036	-0.862	-1.400	-0.066
SyringaeB728a_mexBdelta	Psyr_3412	Psyr_3412		conserved domain protein	-1.233	-1.533	-2.224	-2.896	-2.373	-1.191	-0.529	-1.694	-0.865	-0.976	-1.916	-2.697	-0.374	0.235	0.068	-0.787	-0.133	-0.813	-0.931	-0.829	-0.246	0.590	-1.519
SyringaeB728a_mexBdelta	Psyr_3418	Psyr_3418		PilT protein, N-terminal	0.066	-0.474	-1.989	-0.920	-2.134	-1.470	0.049	-2.811	-1.530	-1.458	-0.398	-1.554	-1.274	-1.855	-0.958	-1.215	-1.723	-2.246	-1.372	-2.987	-1.421	-1.105	-3.001
SyringaeB728a_mexBdelta	Psyr_3419	Psyr_3419		4Fe-4S ferredoxin, iron-sulfur binding protein	-3.014	-2.315	-3.865	-2.194	-3.513	-2.567	-2.587	-4.652	-4.059	-4.152	-1.349	-1.579	1.463	-0.102	-3.676	-3.184	-1.411	-3.244	-2.367	-4.511	-3.307	-1.653	-5.737
SyringaeB728a_mexBdelta	Psyr_3420	Psyr_3420		conserved hypothetical protein	1.436	0.340	0.485	0.342	0.167	-0.527	0.433	0.172	1.056	0.171	1.087	0.588	-0.824	0.122	1.335	0.710	1.993	-0.075	0.966	0.976	0.716	0.456	0.764
SyringaeB728a_mexBdelta	Psyr_3423	Psyr_3423		coproporphyrinogen III oxidase, anaerobic	-1.685	-1.121	0.212	-1.254	-1.184	-1.389	-0.614	-0.528	0.158	-1.536	-1.615	-1.484	-0.221	-0.921	-0.284	-0.564	0.556	-1.112	-0.158	-0.070	-1.124	-0.765	-0.979
SyringaeB728a_mexBdelta	Psyr_3424	Psyr_3424		conserved hypothetical protein	-0.421	-0.141	-0.897	-0.129	-1.445	-2.884	-2.940	-1.781	-1.360	-0.503	-0.010	-0.599	-0.442	-0.293	1.857	0.171	0.185	0.520	2.305	0.459	0.541	0.805	0.248
SyringaeB728a_mexBdelta	Psyr_3426	Psyr_3426		adenine phosphoribosyltransferase	0.741	0.390	1.150	0.603	0.843	1.107	0.794	0.240	1.163	-0.327	-1.162	-1.165	-0.803	0.926	1.419	-0.672	0.518	-0.227	0.043	-0.588	0.196	0.300	-0.511
SyringaeB728a_mexBdelta	Psyr_3427	Psyr_3427		conserved hypothetical protein	-1.381	-1.238	0.059	-1.396	-1.346	1.741	-1.101	-0.849	-1.430	-1.866	-0.066	-2.113	-0.120	0.352	-1.536	-1.852	-0.744	-1.204	-0.122	-1.393	-2.306	-0.818	-1.046
SyringaeB728a_mexBdelta	Psyr_3428	Psyr_3428		CheW-like protein	-1.370	-1.880	0.045	-0.421	1.253	0.098	1.708	-0.665	0.408	-1.074	-1.395	-1.753	-2.724	-2.034	-2.453	-0.827	-1.888	-2.658	-1.540	-0.733	-1.950	-0.073	0.072
SyringaeB728a_mexBdelta	Psyr_3429	Psyr_3429		CheW-like protein	1.961	2.229	-0.666	0.738	-0.436	0.545	-1.230	0.240	0.571	0.851	0.230	0.783	1.234	-0.338	0.652	1.012	0.026	0.440	1.328	0.030	-0.166	0.515	0.494
SyringaeB728a_mexBdelta	Psyr_3430	Psyr_3430		Cobyrinic acid a,c-diamide synthase	0.459	0.405	-0.044	0.196	0.278	0.818	1.779	0.407	0.364	0.196	0.485	0.332	1.703	0.656	0.385	0.834	-0.254	0.291	0.557	0.406	-0.161	0.954	-0.385
SyringaeB728a_mexBdelta	Psyr_3431	Psyr_3431		OmpA/MotB	-0.712	-0.774	-0.896	-0.700	0.060	1.058	-0.461	-0.960	0.093	-0.245	0.172	0.309	0.804	1.351	-0.153	-0.259	-1.222	-0.306	-0.505	0.316	-0.680	0.842	-0.971
SyringaeB728a_mexBdelta	Psyr_3432	Psyr_3432		MotA/TolQ/ExbB proton channel	-0.541	-0.264	0.111	-0.094	0.465	-0.954	-1.343	-2.454	-1.082	-0.476	-1.984	-1.824	-0.817	-1.459	1.003	2.323	0.932	0.940	1.595	1.877	0.833	0.658	0.696
SyringaeB728a_mexBdelta	Psyr_3433	Psyr_3433		Protein-glutamate methylesterase	0.180	0.891	1.169	-0.267	-0.679	-0.621	1.543	-0.053	0.033	1.461	0.284	0.423	-0.238	-0.227	-1.988	0.221	-0.039	-0.354	0.170	-1.164	-0.813	-0.817	-0.916
SyringaeB728a_mexBdelta	Psyr_3434	Psyr_3434		CheW-like protein:ATP-binding region, ATPase-like:Signal transducing histidine kinase, homodimeric:Hpt	-0.830	-0.253	-0.391	-1.648	0.349	-0.226	-0.130	0.475	1.556	-0.637	-0.002	-0.925	1.341	1.327	-1.219	-0.327	0.036	-1.101	-0.202	-1.177	-1.885	-0.251	-0.205
SyringaeB728a_mexBdelta	Psyr_3435	Psyr_3435		chemotaxis phosphatase, CheZ	0.500	0.079	-1.494	0.422	0.099	1.106	1.085	-1.761	-0.194	0.543	0.624	-0.746	-0.976	-2.157	-1.766	-2.152	-0.879	-2.669	0.157	-1.699	-1.548	-0.959	-1.189
SyringaeB728a_mexBdelta	Psyr_3436	Psyr_3436		Response regulator receiver	-0.572	-1.105	0.351	-0.805	1.572	-1.176	0.107	0.982	0.647	-0.051	-1.713	-0.928	-2.473	-1.350	-0.972	-0.771	-0.627	0.147	-2.392	-0.728	-1.752	-1.484	-0.115
SyringaeB728a_mexBdelta	Psyr_3437	Psyr_3437		RNA polymerase, sigma 28 subunit, SigD/FliA/WhiG	0.544	1.023	3.213	1.508	3.951	2.606	1.690	2.304	2.132	0.947	2.327	-0.220	0.254	-0.144	-0.268	-0.641	-1.921	-1.433	-1.019	-1.393	-0.406	-0.866	-0.272
SyringaeB728a_mexBdelta	Psyr_3439	Psyr_3439		GTP-binding signal recognition particle SRP54, G-domain protein	0.648	0.606	1.518	1.087	1.305	1.725	0.208	0.859	1.176	-0.594	1.163	0.305	-1.586	0.266	-0.571	0.845	-1.751	-1.241	-1.807	-1.131	-0.268	-0.741	-0.512
SyringaeB728a_mexBdelta	Psyr_3440	Psyr_3440		Flagellar biosynthesis protein FlhA	0.628	0.113	1.616	0.111	1.834	-0.511	0.538	0.975	0.985	0.080	-0.429	0.070	-0.728	-0.113	-2.046	-0.267	-1.507	-1.464	-1.015	-1.505	-0.904	-0.423	-0.670
SyringaeB728a_mexBdelta	Psyr_3441	Psyr_3441		Flagellar biosynthetic protein FlhB	-0.084	-0.308	0.698	-0.202	2.229	-0.750	0.679	1.261	0.108	0.505	1.114	-0.094	0.964	0.613	0.389	-0.025	-0.807	-0.435	-0.835	1.393	0.557	-0.856	-0.264
SyringaeB728a_mexBdelta	Psyr_3442	Psyr_3442		Flagellar biosynthesis protein FliR	0.484	1.217	0.045	1.604	3.026	0.559	0.471	0.282	1.735	0.139	0.875	-1.636	-1.304	-1.904	0.663	0.737	0.599	0.560	-0.917	1.041	1.861	1.387	0.685
SyringaeB728a_mexBdelta	Psyr_3443	Psyr_3443		Flagellar biosynthesis protein FliQ	-0.345	-1.250	-1.514	0.113	0.933	-1.053	1.104	-0.409	0.852	0.531	0.210	-0.000	-0.508	-0.678	-0.892	-0.862	-1.420	-1.109	-1.826	0.322	-1.849	-1.246	-1.103
SyringaeB728a_mexBdelta	Psyr_3444	Psyr_3444		Flagellar transport protein FliP	-0.092	1.919	2.643	0.053	0.978	0.597	2.244	0.434	0.506	1.727	1.800	0.848	0.870	0.003	-0.034	-1.012	-0.652	-0.183	-0.353	-0.306	-0.092	-1.032	-2.274
SyringaeB728a_mexBdelta	Psyr_3445	Psyr_3445		Flagellar biosynthesis protein, FliO	-0.306	-0.232	0.445	-2.408	0.421	-0.835	-0.926	-0.287	-0.766	-0.026	-2.158	0.411	-1.876	-0.926	-0.968	-0.390	1.362	-1.121	1.392	0.579	0.852	-1.367	1.396
SyringaeB728a_mexBdelta	Psyr_3446	Psyr_3446		Surface presentation of antigens (SPOA) protein	-3.717	-2.399	-0.557	-3.157	0.684	-1.548	-0.528	-2.376	-2.664	-1.207	-1.506	-3.035	0.093	-1.044	-1.690	-3.018	-1.545	-1.805	-2.480	-2.485	-2.167	-0.383	-0.962
SyringaeB728a_mexBdelta	Psyr_3447	Psyr_3447		Flagellar motor switch protein FliM	0.378	0.305	2.221	1.056	2.525	-1.354	1.322	0.672	1.379	0.131	0.885	0.807	-0.374	-0.866	1.137	0.298	0.729	0.443	-1.100	1.315	0.191	1.347	0.595
SyringaeB728a_mexBdelta	Psyr_3448	Psyr_3448		Flagellar basal body-associated protein FliL	0.062	0.663	0.305	-0.181	0.759	0.593	-0.477	1.627	0.808	-0.660	1.460	0.588	1.041	-0.199	-1.385	-0.774	-0.711	-0.210	-0.707	-0.022	-0.837	-1.253	-0.486
SyringaeB728a_mexBdelta	Psyr_3449	Psyr_3449		Flagellar hook-length control protein	0.894	1.397	1.253	1.416	3.040	-0.513	1.461	1.951	1.642	0.525	1.049	0.440	-1.109	-0.128	-0.064	0.187	1.033	1.651	-1.542	-0.082	0.574	0.222	0.436
SyringaeB728a_mexBdelta	Psyr_3450	Psyr_3450		Hpt	-3.476	-0.820	-0.019	-1.382	-1.230	2.404	-1.105	0.698	-0.473	-1.369	-3.314	-1.847	-0.374	-1.447	-0.975	-1.512	0.916	-1.049	-1.345	0.425	-0.407	-1.325	-0.979
SyringaeB728a_mexBdelta	Psyr_3451	Psyr_3451		Response regulator receiver:ATP-binding region, ATPase-like:Stage II sporulation E	1.200	0.439	0.260	0.319	-1.243	0.292	0.262	-0.290	0.782	-0.598	0.268	0.864	0.662	0.621	0.944	0.346	-0.096	0.593	0.672	1.132	0.317	-0.044	-0.256
SyringaeB728a_mexBdelta	Psyr_3452	Psyr_3452		Sulfate transporter/antisigma-factor antagonist STAS	0.576	-0.205	-0.689	-1.240	-0.566	0.794	-0.013	-0.526	0.127	-1.194	-0.977	0.211	-1.052	-0.607	-0.567	-0.634	-0.647	-0.598	-0.559	0.430	-1.653	-0.806	-0.975
SyringaeB728a_mexBdelta	Psyr_3453	Psyr_3453		flagellar protein FliJ, putative	1.552	1.739	2.925	1.500	1.618	-1.402	1.414	2.539	1.303	0.593	0.266	2.604	-0.054	1.549	-0.312	-0.055	0.449	0.262	-0.550	0.694	-1.320	-1.004	-1.094
SyringaeB728a_mexBdelta	Psyr_3454	Psyr_3454		ATPase FliI/YscN	-1.558	-0.477	0.598	-0.021	1.277	0.491	-0.102	0.421	0.643	-0.247	-0.377	-0.178	-0.914	-0.985	0.169	0.629	0.559	0.346	0.359	0.874	1.453	0.332	0.134
SyringaeB728a_mexBdelta	Psyr_3455	Psyr_3455		Flagellar assembly protein FliH	-0.341	0.476	0.928	1.913	1.728	0.068	2.096	-0.199	1.608	-0.894	1.743	1.040	-0.831	-0.212	-0.276	0.388	0.693	-0.250	-0.369	-0.467	0.849	0.351	-0.355
SyringaeB728a_mexBdelta	Psyr_3456	Psyr_3456		Flagellar motor switch protein FliG	-1.012	-1.535	-1.985	-1.120	0.438	-1.651	-0.208	0.122	-1.520	0.288	-1.225	-1.732	1.880	1.502	0.298	-0.866	-0.172	-0.689	-1.444	-0.142	-0.775	-1.796	-0.291
SyringaeB728a_mexBdelta	Psyr_3457	Psyr_3457		Flagellar FliF M-ring protein	1.230	0.251	2.126	1.303	2.048	-0.474	0.656	1.595	1.850	1.718	2.093	2.728	2.030	2.377	1.233	-1.039	1.946	0.341	-0.276	0.159	-0.465	0.034	0.825
SyringaeB728a_mexBdelta	Psyr_3459	Psyr_3459		Helix-turn-helix, Fis-type	0.798	1.585	1.004	0.486	0.797	0.534	0.923	-0.460	0.345	0.145	1.220	0.275	-1.446	-1.034	-0.722	1.601	0.021	1.423	0.172	-2.555	0.668	0.161	-0.561
SyringaeB728a_mexBdelta	Psyr_3460	Psyr_3460		PAS/PAC sensor signal transduction histidine kinase	0.658	-0.381	-0.444	-0.652	0.303	1.917	0.156	-0.744	0.249	-1.530	0.262	0.978	0.464	-0.273	0.314	-0.656	-0.208	-0.020	-0.531	0.157	-0.684	-0.268	0.672
SyringaeB728a_mexBdelta	Psyr_3461	Psyr_3461		Helix-turn-helix, Fis-type	0.091	1.208	3.517	-0.713	6.204	0.658	2.414	3.246	3.235	0.559	1.276	0.567	1.138	1.592	-0.266	0.303	-0.239	-1.088	-1.849	1.756	0.057	-0.570	-0.045
SyringaeB728a_mexBdelta	Psyr_3462	Psyr_3462		conserved hypothetical protein	-0.079	-0.327	-1.671	-0.392	1.922	-0.685	-0.010	1.680	0.394	1.097	0.566	-1.049	-0.687	0.374	1.403	1.476	0.522	1.963	2.240	3.065	2.303	1.459	2.148
SyringaeB728a_mexBdelta	Psyr_3463	Psyr_3463		Flagellar protein FliS	-0.850	-1.432	0.071	-0.116	1.029	-1.368	0.910	0.968	0.409	0.953	0.350	-0.044	-1.532	-0.646	-0.991	0.191	-0.271	0.586	-1.661	1.014	-0.789	0.362	-1.402
SyringaeB728a_mexBdelta	Psyr_3464	Psyr_3464		Flagellar hook-associated protein 2, N-terminal:Flagellar hook-associated 2, C-terminal:Flagellin hook IN	0.137	0.027	2.514	-1.156	2.546	0.057	0.109	0.961	0.741	-0.038	1.195	-0.068	0.231	-1.591	-1.250	0.871	0.489	0.750	0.625	1.464	0.767	0.729	1.031
SyringaeB728a_mexBdelta	Psyr_3465	Psyr_3465		Flagellar protein FlaG protein	-0.371	0.403	0.485	0.300	0.152	1.646	-0.103	-0.343	-0.396	0.146	-0.645	-0.391	0.673	0.151	-0.612	-0.041	0.021	-0.685	-0.076	-0.858	-0.137	-1.207	1.075
SyringaeB728a_mexBdelta	Psyr_3466	Psyr_3466		Flagellin, C-terminal:Flagellin, N-terminal	0.362	0.273	1.067	0.743	0.407	1.620	0.315	0.343	-0.123	-0.142	0.914	0.943	-0.106	-0.008	1.776	1.385	1.507	0.704	0.584	0.182	2.286	2.005	0.516
SyringaeB728a_mexBdelta	Psyr_3468	Psyr_3468		Glycosyl transferase, family 2	0.866	0.824	-0.634	-0.546	-1.331	2.183	0.502	0.273	0.894	0.238	0.128	-0.775	-0.041	0.195	0.576	0.365	0.005	-0.368	0.130	-0.838	0.109	-0.229	-0.469
SyringaeB728a_mexBdelta	Psyr_3469	Psyr_3469		Glycosyl transferase, family 2	-1.017	-1.344	0.787	0.612	-0.159	1.297	0.845	-0.388	-0.802	-0.496	0.095	-1.091	0.166	-0.885	-0.113	-0.805	-0.933	-0.588	0.095	-0.542	-0.308	-0.456	-0.159
SyringaeB728a_mexBdelta	Psyr_3470	Psyr_3470		Flagellin, N-terminal	0.417	0.788	2.072	-0.016	1.363	0.622	1.207	0.251	2.419	0.766	0.639	0.004	0.427	-1.459	0.263	0.242	0.457	-1.079	-0.696	0.691	-0.746	0.217	0.054
SyringaeB728a_mexBdelta	Psyr_3471	Psyr_3471		Flagellar basal body rod protein:Protein of unknown function DUF1078	-0.281	0.181	1.382	-0.799	1.806	-0.139	0.950	-0.479	1.715	-0.100	0.255	-0.908	0.234	0.485	-0.448	-0.632	-0.876	-0.957	-0.988	-0.908	-0.744	-0.949	-0.391
SyringaeB728a_mexBdelta	Psyr_3472	Psyr_3472		Mannosyl-glycoprotein endo-beta-N-acetylglucosamidase	0.073	-1.021	2.441	0.413	2.470	-0.371	0.518	1.876	0.551	-0.637	0.113	-0.049	1.355	1.007	-0.380	0.356	0.220	-1.387	-0.464	-0.228	-0.172	-1.021	-0.456
SyringaeB728a_mexBdelta	Psyr_3473	Psyr_3473		Flagellar P-ring protein	0.254	-0.510	0.309	-0.521	0.159	-0.245	1.089	0.831	0.534	-0.590	0.100	0.977	0.684	0.800	-0.137	-0.497	-0.179	-0.869	-0.083	0.642	-1.541	-0.287	-0.380
SyringaeB728a_mexBdelta	Psyr_3474	Psyr_3474		Flagellar L-ring protein	-0.603	0.290	0.962	-0.477	1.027	1.436	0.023	1.006	-0.013	-0.014	0.500	0.098	1.188	2.431	-0.956	-0.418	-0.766	-1.729	-1.451	-0.332	-1.847	-0.976	-1.303
SyringaeB728a_mexBdelta	Psyr_3476	Psyr_3476		Flagellar basal body rod protein:Protein of unknown function DUF1078	-0.442	-0.093	1.796	-0.041	-0.086	0.422	-0.596	-0.426	0.087	0.826	0.812	-0.706	0.331	0.636	0.991	0.243	-0.242	-1.477	0.937	0.030	-0.027	1.512	-0.463
SyringaeB728a_mexBdelta	Psyr_3477	Psyr_3477		Flagellar basal body rod protein:Protein of unknown function DUF1078:Flagellar basal body FlaE	0.734	0.593	-1.511	-0.600	-0.236	-0.245	-0.027	-0.211	-0.004	0.594	0.732	0.097	0.425	-1.338	-0.434	0.835	0.093	-0.062	-0.367	0.278	-0.859	-1.320	0.219
SyringaeB728a_mexBdelta	Psyr_3478	Psyr_3478		Flagellar basal body rod protein:Protein of unknown function DUF1078:Flagellar basal body FlaE	-0.739	0.129	2.070	0.459	1.931	-0.186	0.736	0.955	0.842	0.880	1.052	-1.064	0.065	-0.011	-0.070	0.761	-1.930	-0.518	-1.359	0.299	-1.496	-0.524	-0.187
SyringaeB728a_mexBdelta	Psyr_3479	Psyr_3479		Flagellar hook capping protein	0.447	1.097	0.824	1.409	0.037	-0.522	0.754	-0.629	2.271	2.005	1.136	-0.476	0.187	0.885	0.076	-0.280	0.870	-1.103	0.208	-1.143	-0.244	-1.783	-0.630
SyringaeB728a_mexBdelta	Psyr_3480	Psyr_3480		Flagellar basal-body rod protein FlgC	-0.292	-0.089	0.582	0.946	0.157	-0.067	0.766	0.203	1.114	-0.485	-0.604	-0.731	-0.943	-1.177	-1.419	-0.051	-0.485	-2.209	-1.250	-0.362	-0.897	-1.901	-1.310
SyringaeB728a_mexBdelta	Psyr_3481	Psyr_3481		Flagellar basal-body rod protein FlgB	0.327	-0.044	1.722	0.990	0.980	1.756	-0.706	1.585	0.967	-0.453	-0.489	-0.034	-0.322	0.397	-0.096	-0.845	-0.336	0.188	-0.007	0.518	-0.066	-0.360	-0.828
SyringaeB728a_mexBdelta	Psyr_3482	Psyr_3482		Protein of unknown function DUF1348	1.287	0.524	1.178	1.077	1.187	-0.098	0.385	0.854	0.741	0.677	1.214	0.997	-0.531	0.961	2.545	1.298	1.838	2.718	2.369	2.041	0.881	1.422	0.892
SyringaeB728a_mexBdelta	Psyr_3483	Psyr_3483		Cyanase	-0.078	0.586	0.226	1.639	0.234	-0.723	-0.813	0.763	1.979	0.175	1.474	1.578	-0.546	-0.052	0.600	-1.219	0.397	-1.363	-2.055	-0.678	-0.315	0.140	-1.323
SyringaeB728a_mexBdelta	Psyr_3484	Psyr_3484		regulatory protein, LysR:LysR, substrate-binding protein	0.104	1.260	-0.354	0.786	0.246	-0.572	-0.660	-0.746	0.899	0.255	0.895	1.045	-0.630	0.011	-0.801	-0.785	0.115	-1.102	-0.313	0.668	0.123	-0.571	0.784
SyringaeB728a_mexBdelta	Psyr_3485	Psyr_3485		MCP methyltransferase, CheR-type	-0.017	0.605	0.926	0.220	0.572	1.429	-1.073	0.337	0.366	-0.270	1.138	-1.137	2.761	2.568	0.566	-0.158	0.114	0.032	0.195	0.129	-0.012	0.578	-1.170
SyringaeB728a_mexBdelta	Psyr_3486	Psyr_3486		Response regulator receiver:CheW-like protein	-1.161	-0.855	-0.584	-0.588	-0.708	-0.914	-0.157	-0.422	-1.094	-0.195	-1.593	-0.782	-0.810	0.323	1.740	1.238	0.685	1.006	0.048	0.602	1.367	1.336	0.120
SyringaeB728a_mexBdelta	Psyr_3487	Psyr_3487		flagellar protein FlgA	-0.070	-0.063	1.680	0.655	2.755	0.797	1.345	2.952	0.355	1.044	0.686	1.456	1.247	1.441	-0.224	1.094	0.560	1.574	0.288	2.306	1.401	0.580	1.279
SyringaeB728a_mexBdelta	Psyr_3489	Psyr_3489		FlgN	0.241	-0.999	-1.892	-0.165	0.659	-1.145	0.970	0.154	-0.030	0.055	-0.530	-1.946	-1.760	-0.917	0.644	0.789	0.906	0.534	0.511	0.516	-0.283	-0.716	1.073
SyringaeB728a_mexBdelta	Psyr_3490	Psyr_3490		conserved hypothetical protein	-1.971	-1.042	-0.793	-2.617	-2.123	-2.130	-0.543	-1.121	-1.771	-0.981	-2.297	-1.992	0.369	-0.876	-0.355	-0.787	-0.770	-0.241	0.307	1.566	0.015	-0.381	-0.502
SyringaeB728a_mexBdelta	Psyr_3491	Psyr_3491		Major facilitator superfamily	-1.661	-0.411	-0.890	-1.367	-2.193	-0.018	-2.118	-1.563	-0.580	-2.347	-2.162	-1.021	-0.008	0.869	1.339	1.103	0.663	0.648	1.354	0.312	1.090	0.683	0.565
SyringaeB728a_mexBdelta	Psyr_3492	Psyr_3492		L-glutamine synthetase	0.384	0.167	-0.271	-0.866	-0.616	0.569	-0.024	-0.035	-0.962	-0.421	-0.421	-0.263	1.173	0.076	0.262	0.848	0.623	0.617	0.000	-0.383	0.184	-0.273	-1.007
SyringaeB728a_mexBdelta	Psyr_3493	Psyr_3493		conserved hypothetical protein	-0.432	-0.206	-2.449	-0.174	-0.093	-0.598	-0.225	-1.040	-0.108	-0.556	0.037	-2.565	-1.649	-2.566	1.056	0.062	-0.684	-0.251	0.448	-0.099	-1.396	0.087	-0.361
SyringaeB728a_mexBdelta	Psyr_3494	Psyr_3494		hypothetical protein	-0.536	0.455	0.218	0.887	0.233	-0.370	0.814	0.578	0.671	-0.541	0.090	1.176	-0.592	-1.958	-0.229	-0.028	-0.851	-0.812	-0.676	-0.254	0.093	-0.987	-0.199
SyringaeB728a_mexBdelta	Psyr_3495	Psyr_3495		ATP-binding region, ATPase-like protein	0.038	2.598	1.177	0.035	-0.476	1.734	0.525	0.187	0.900	0.344	-0.395	0.697	-1.313	-0.039	-0.975	-1.450	-0.953	0.103	-0.404	0.147	-1.438	-1.815	-0.545
SyringaeB728a_mexBdelta	Psyr_3496	Psyr_3496		TPR repeat:Response regulator receiver:Response regulator receiver:Response regulator receiver	0.323	-1.207	-0.553	-0.685	-0.234	1.010	-0.031	-0.713	-1.516	-1.993	-0.525	-0.606	0.723	0.153	1.183	1.802	1.514	1.460	1.253	1.283	1.316	0.649	0.587
SyringaeB728a_mexBdelta	Psyr_3497	Psyr_3497		SH3-like region	-0.799	-1.283	-0.325	-0.694	-1.149	2.000	-1.407	0.722	-1.237	-0.358	-1.418	-0.564	0.582	-0.602	0.654	1.307	1.350	0.673	1.207	-0.223	-0.993	0.436	0.306
SyringaeB728a_mexBdelta	Psyr_3498	Psyr_3498		Conserved hypothetical protein 730	-1.255	-0.298	-1.209	-0.908	-1.086	-1.754	0.392	-0.785	-0.528	-1.092	-2.096	-2.650	-0.916	-0.469	0.024	-0.241	-0.391	0.023	-0.606	0.388	-1.247	-0.554	0.076
SyringaeB728a_mexBdelta	Psyr_3499	Psyr_3499		transcriptional regulator, AraC family	1.724	0.114	-1.236	0.491	-0.390	0.849	-0.736	-0.284	-0.466	-1.210	-0.836	-0.955	0.392	1.808	-0.817	-1.110	-2.075	-0.231	-1.711	-1.285	-2.656	-1.435	-2.304
SyringaeB728a_mexBdelta	Psyr_3500	Psyr_3500		4-hydroxybenzoate 3-monooxygenase	-0.745	-0.734	0.029	0.272	-1.771	-0.086	-0.540	-0.366	-0.915	-1.200	-0.306	0.527	-1.528	-0.228	0.275	1.137	0.551	-0.092	-0.296	-1.699	0.652	-0.211	0.561
SyringaeB728a_mexBdelta	Psyr_3501	Psyr_3501		General substrate transporter:Major facilitator superfamily	0.883	0.715	1.651	-1.116	0.440	0.127	-0.038	0.991	-0.494	-0.823	-1.296	-0.496	0.643	0.276	2.539	2.989	1.762	2.498	2.136	2.119	2.303	2.137	1.470
SyringaeB728a_mexBdelta	Psyr_3502	Psyr_3502		membrane protein, putative	-1.456	-1.584	-0.310	-1.366	-1.191	-1.980	-0.226	-2.755	-2.232	-1.616	-2.035	-1.612	-0.966	-1.255	0.785	-0.468	-0.674	0.037	0.689	-0.825	-0.940	0.028	0.356
SyringaeB728a_mexBdelta	Psyr_3503	Psyr_3503		conserved hypothetical protein	-1.324	-1.370	-3.002	-0.814	-1.112	-2.403	-1.620	-1.689	-1.358	-0.677	-1.124	-2.136	-1.029	-2.026	1.189	-0.680	-1.270	0.077	-1.025	-0.779	-0.507	-1.596	-0.011
SyringaeB728a_mexBdelta	Psyr_3504	Psyr_3504		GAF:ATP-binding region, ATPase-like:Histidine kinase A, N-terminal	-0.797	-0.851	-0.943	-0.736	0.031	-1.202	1.034	0.143	-0.175	-0.774	-0.098	-1.249	-0.840	-0.501	-0.972	-0.812	-0.352	-0.362	-0.246	-1.527	-1.133	-1.924	-1.205
SyringaeB728a_mexBdelta	Psyr_3505	Psyr_3505		Heme oxygenase	0.817	-0.571	-1.353	-0.735	-0.707	-0.112	0.694	0.509	-0.367	-1.608	-0.293	0.194	-1.000	0.497	1.187	0.995	0.793	1.328	1.385	1.946	0.846	1.590	1.280
SyringaeB728a_mexBdelta	Psyr_3506	Psyr_3506		Sulfatase	-0.439	-0.582	-1.444	-1.654	-1.406	-0.390	0.135	-1.224	-0.387	-1.235	-0.728	-0.566	-0.029	-0.717	1.085	0.156	0.181	0.988	0.220	0.343	0.160	0.274	0.141
SyringaeB728a_mexBdelta	Psyr_3507	Psyr_3507		membrane protein, putative	-0.429	0.220	-0.166	-0.893	-1.843	0.276	0.556	0.154	-0.782	-0.349	-0.136	-0.342	0.286	0.821	-0.233	0.370	0.141	0.561	1.118	1.037	1.295	0.867	-1.084
SyringaeB728a_mexBdelta	Psyr_3508	Psyr_3508		Glycosyl hydrolase, BNR repeat protein	0.360	0.565	-0.830	-0.688	-0.207	-0.435	-0.025	0.717	-0.625	0.397	0.123	-0.046	0.029	0.680	-0.242	-0.272	-0.928	-0.283	0.173	-1.326	-0.376	-0.747	-0.437
SyringaeB728a_mexBdelta	Psyr_3509	Psyr_3509		Cytochrome B561, bacterial	0.358	0.160	-0.819	-1.159	0.729	-0.504	0.407	-0.968	0.557	0.204	0.630	-0.002	-1.003	-0.869	0.572	-0.205	-1.836	-2.151	-0.677	-0.075	0.143	-0.135	-1.926
SyringaeB728a_mexBdelta	Psyr_3510	Psyr_3510		conserved hypothetical protein	0.461	0.607	-1.591	0.197	-0.102	1.930	1.189	1.665	1.194	1.517	0.397	1.506	0.219	0.494	0.211	2.044	-3.279	0.254	-0.757	-0.903	0.023	0.118	-0.033
SyringaeB728a_mexBdelta	Psyr_3511	Psyr_3511		Response regulator receiver:Transcriptional regulatory protein, C-terminal	-1.300	-1.199	0.632	-2.328	-1.895	-0.122	-1.808	0.258	-1.170	-1.311	-1.995	-0.994	0.366	0.695	0.020	-1.443	-0.203	-2.435	0.006	-0.953	-0.626	0.116	0.409
SyringaeB728a_mexBdelta	Psyr_3512	Psyr_3512		ATP-binding region, ATPase-like:Histidine kinase, HAMP region:Histidine kinase A, N-terminal	-0.727	-0.051	0.188	0.363	-0.310	-0.066	-1.888	-0.354	0.742	-0.586	-2.304	0.829	-0.052	-0.837	0.503	-0.037	0.016	0.505	-0.596	-0.302	0.167	0.360	-0.355
SyringaeB728a_mexBdelta	Psyr_3513	Psyr_3513		FAD dependent oxidoreductase	1.449	1.932	-0.565	-0.541	0.734	0.191	0.978	1.131	-0.784	0.649	0.959	0.603	0.157	1.217	0.973	-0.409	-1.319	0.272	0.365	0.069	-0.051	0.107	-0.215
SyringaeB728a_mexBdelta	Psyr_3514	Psyr_3514		delta-1-piperideine-6-carboxylate dehydrogenase	-0.537	-1.165	-0.603	0.296	-1.324	0.096	-1.805	-0.283	-0.796	-0.228	-0.315	-0.386	-0.325	2.320	-0.447	0.409	0.723	-1.235	-0.653	0.212	0.287	0.631	0.348
SyringaeB728a_mexBdelta	Psyr_3515	Psyr_3515		4-aminobutyrate aminotransferase apoenzyme	0.193	-1.392	0.221	-0.241	-0.029	0.057	-2.042	-1.632	-1.078	-0.944	-1.441	-1.676	-0.374	0.335	1.131	0.665	-0.905	2.284	0.022	-0.547	-0.303	0.702	0.406
SyringaeB728a_mexBdelta	Psyr_3516	Psyr_3516		Protein of unknown function DUF1338	0.732	1.760	-0.069	0.279	0.705	0.805	0.191	1.676	0.999	0.097	1.467	1.460	0.935	-0.293	0.171	-2.005	1.161	-0.424	-0.691	-1.209	0.645	1.383	-0.035
SyringaeB728a_mexBdelta	Psyr_3518	Psyr_3518		hypothetical protein	0.748	0.626	0.372	1.755	0.692	1.418	0.891	2.981	-0.261	1.473	1.788	2.407	-0.320	-1.355	0.097	1.544	-0.189	0.960	0.811	0.920	0.383	0.739	1.808
SyringaeB728a_mexBdelta	Psyr_3519	Psyr_3519		hypothetical protein	-0.069	0.203	-0.179	0.104	0.454	0.030	1.554	-0.154	-0.230	-0.331	-2.985	0.565	-0.704	-0.235	1.791	4.085	2.288	1.956	2.944	3.188	2.293	1.891	1.952
SyringaeB728a_mexBdelta	Psyr_3520	Psyr_3520		membrane protein, putative	1.419	2.379	0.614	1.451	1.619	0.992	1.679	2.878	1.484	0.687	1.831	1.931	0.659	1.557	0.654	0.871	-0.394	1.083	0.645	1.288	0.923	0.289	1.050
SyringaeB728a_mexBdelta	Psyr_3521	Psyr_3521		transcriptional regulator, LysR family	-1.709	-0.350	1.531	-2.229	-0.145	-0.053	-0.378	-6.293	-0.683	0.588	-2.517	-1.595	3.547	0.878	0.246	-0.459	-0.215	-1.056	-1.383	0.373	0.078	-1.180	-0.059
SyringaeB728a_mexBdelta	Psyr_3522	Psyr_3522		L-serine ammonia-lyase	-2.052	-1.383	-1.240	-2.747	-1.216	-0.421	0.647	-8.848	-0.402	-2.740	-4.639	-1.918	2.256	-0.035	0.122	0.381	1.184	-0.347	-0.515	0.530	1.055	-0.447	-0.294
SyringaeB728a_mexBdelta	Psyr_3523	Psyr_3523		Peptidase M20D, amidohydrolase	-0.875	-0.780	-1.984	-1.117	-0.617	-1.481	-1.540	-1.932	-1.368	-0.854	-2.466	-0.057	-3.105	-4.492	-1.519	-0.428	-1.485	-0.720	-0.687	-2.315	-0.089	-0.956	-1.226
SyringaeB728a_mexBdelta	Psyr_3524	Psyr_3524		Aldehyde dehydrogenase (NAD+)	-1.217	-0.579	-0.867	-1.451	0.418	-2.268	-2.188	-0.836	-0.544	-2.560	-2.763	-0.269	-0.850	-0.106	-0.246	0.154	-0.048	-0.229	-0.829	-0.278	-1.113	-0.038	-0.236
SyringaeB728a_mexBdelta	Psyr_3526	Psyr_3526		transcriptional regulator, LysR family	1.208	0.393	-1.290	1.287	0.141	-0.298	-0.360	0.307	-0.597	-0.313	0.072	0.429	0.865	0.857	-0.841	-0.671	-1.336	0.392	-0.355	0.284	-0.785	-0.299	0.322
SyringaeB728a_mexBdelta	Psyr_3527	Psyr_3527		glutathione-independent formaldehyde dehydrogenase	-0.436	-0.595	-2.041	0.487	-0.886	-1.209	-1.305	-0.736	-1.289	-0.340	-1.023	-0.247	-1.384	-0.259	1.047	0.672	-0.085	0.312	0.802	0.459	0.496	-0.516	0.642
SyringaeB728a_mexBdelta	Psyr_3528	Psyr_3528		hypothetical protein	1.658	0.802	1.274	-0.442	0.150	1.382	1.921	2.183	0.204	0.922	1.420	0.183	-1.359	0.278	-0.814	-1.392	-2.471	0.038	-0.931	-0.822	-1.115	-1.262	-0.694
SyringaeB728a_mexBdelta	Psyr_3529	Psyr_3529		Asp/Glu racemase	0.153	-0.104	1.450	1.639	1.282	1.358	1.628	1.134	0.581	2.147	0.956	0.197	-0.364	-0.955	0.599	-0.164	0.160	-0.227	-0.838	1.346	0.010	0.760	-0.492
SyringaeB728a_mexBdelta	Psyr_3530	Psyr_3530		transcriptional regulator, GntR family	-0.168	-1.206	-0.870	-0.914	-1.011	-0.245	-0.933	-0.858	-1.173	-0.457	-1.493	-1.217	-1.419	-0.371	0.069	-0.684	0.015	0.194	-0.936	-0.461	0.162	0.918	-0.060
SyringaeB728a_mexBdelta	Psyr_3531	Psyr_3531		Permease for cytosine/purines, uracil, thiamine, allantoin	-0.972	-1.200	0.633	0.495	0.853	0.375	-0.372	-0.036	-1.730	-0.175	-1.319	-0.376	-0.056	0.706	0.190	-1.643	-0.998	-0.712	-1.528	-0.376	0.229	-0.035	-0.056
SyringaeB728a_mexBdelta	Psyr_3532	Psyr_3532		PAS	0.228	1.005	-0.517	0.427	-1.362	1.029	-0.070	-0.967	-1.416	-0.279	0.002	-1.421	-0.382	-0.175	0.371	0.477	0.567	0.612	0.337	0.176	0.985	-0.166	-1.515
SyringaeB728a_mexBdelta	Psyr_3534	Psyr_3534		Histidine kinase, HAMP region:Cache:Bacterial chemotaxis sensory transducer	-0.032	-0.404	-0.485	-0.865	-0.480	-0.357	-0.720	0.178	0.174	0.449	0.077	-1.845	-0.761	-1.535	1.591	0.096	-0.339	-1.418	0.372	-0.031	-0.285	0.257	-1.508
SyringaeB728a_mexBdelta	Psyr_3535	Psyr_3535		conserved hypothetical protein	-0.448	0.321	-0.475	0.058	0.221	0.954	-0.925	-1.520	0.167	0.342	-1.279	-0.220	0.812	0.163	-0.481	-0.023	-0.763	-0.055	0.943	0.700	-0.396	0.510	-0.126
SyringaeB728a_mexBdelta	Psyr_3536	Psyr_3536		hypothetical protein	0.887	-1.867	-3.319	-0.331	0.561	-0.124	-0.669	-1.281	0.540	-1.251	-1.434	-2.235	-1.277	-0.365	-0.532	-0.589	-0.930	-1.069	-0.081	-1.345	-0.006	-1.966	-0.161
SyringaeB728a_mexBdelta	Psyr_3537	Psyr_3537		hydrolase	-0.636	-0.490	-1.138	-0.996	-1.528	0.327	-1.119	0.046	-0.078	-0.218	-0.671	-0.285	-0.426	0.363	0.078	-1.277	-1.068	-0.251	0.671	-0.966	0.242	-1.675	-0.028
SyringaeB728a_mexBdelta	Psyr_3538	Psyr_3538		transcriptional regulator, TetR family	0.416	0.146	-1.369	0.822	0.382	-0.436	1.219	-1.860	-0.106	0.470	-0.734	0.641	1.207	-1.092	-0.605	0.442	-1.003	0.462	0.168	-0.373	0.434	0.630	0.479
SyringaeB728a_mexBdelta	Psyr_3539	Psyr_3539		Short-chain dehydrogenase/reductase SDR	0.898	-0.882	-0.801	-0.300	1.454	-0.092	-1.401	-0.211	-0.665	-0.258	0.517	-0.172	-0.269	-0.757	0.159	0.338	-0.500	-0.628	-0.329	-0.234	0.256	-0.386	-0.205
SyringaeB728a_mexBdelta	Psyr_3540	Psyr_3540		Zinc-containing alcohol dehydrogenase superfamily	0.274	0.949	-0.260	0.696	-1.471	-0.154	-0.431	1.126	0.858	0.925	1.087	2.405	0.795	-2.007	1.023	1.511	2.081	1.842	0.836	0.184	0.506	1.705	0.468
SyringaeB728a_mexBdelta	Psyr_3541	Psyr_3541		Short-chain dehydrogenase/reductase SDR	0.064	1.690	1.129	1.012	0.566	-0.691	1.538	1.396	-0.418	-0.022	-0.078	1.336	1.804	2.028	0.536	-0.926	-0.542	-0.198	-0.010	0.081	-0.167	-1.828	-0.526
SyringaeB728a_mexBdelta	Psyr_3542	Psyr_3542		Short-chain dehydrogenase/reductase SDR	-1.110	-0.502	-1.323	-1.654	-0.615	-0.662	-0.345	-0.587	-0.593	-2.429	-1.135	0.990	1.678	2.023	-1.316	-0.708	-0.767	0.213	-0.728	-0.472	-1.320	-0.567	0.413
SyringaeB728a_mexBdelta	Psyr_3543	Psyr_3543		transcriptional regulator, AraC family	-0.346	-0.018	0.558	-0.549	-0.234	-1.687	-0.918	-1.591	0.284	-0.686	-0.198	0.225	1.085	0.052	1.372	0.519	2.131	0.937	0.376	0.249	-0.084	0.651	-1.046
SyringaeB728a_mexBdelta	Psyr_3544	Psyr_3544		putative integral membrane protein	1.032	-0.178	1.196	0.889	0.124	0.461	-0.765	-0.232	-0.556	0.637	-0.227	-0.245	0.931	0.076	-0.344	-0.715	-0.893	-0.147	0.137	-0.034	-0.132	0.436	0.051
SyringaeB728a_mexBdelta	Psyr_3545	Psyr_3545		Short-chain dehydrogenase/reductase SDR	0.570	-1.412	0.195	0.425	-0.287	-0.646	-0.343	-0.739	-0.658	-0.885	0.073	0.528	-0.596	-0.841	-0.849	-1.213	-0.497	0.496	0.233	-1.215	-1.477	-0.068	-1.523
SyringaeB728a_mexBdelta	Psyr_3546	Psyr_3546		transcriptional regulator, AraC family	0.686	1.402	0.388	-0.159	0.187	0.491	1.244	0.868	-0.749	0.298	-1.087	0.169	0.183	0.431	-0.966	-1.226	-0.756	-0.954	-0.984	-0.580	-1.359	-0.735	0.059
SyringaeB728a_mexBdelta	Psyr_3547	Psyr_3547		transcriptional regulator, TetR family	-2.094	-1.980	-1.511	-1.741	-0.161	-1.776	-1.352	-2.670	-2.864	-2.431	-2.685	-3.600	-2.344	-3.245	-0.238	-0.907	0.366	-0.080	0.279	0.483	-1.260	-0.564	-0.452
SyringaeB728a_mexBdelta	Psyr_3548	Psyr_3548		Glutathione S-transferase, N-terminal	-1.424	-0.206	-1.832	-0.093	-1.020	0.059	-0.217	-0.653	1.739	0.898	-0.754	0.630	0.313	-0.426	-0.269	-1.304	-1.644	0.169	0.158	-1.415	-0.091	-0.875	0.050
SyringaeB728a_mexBdelta	Psyr_3549	Psyr_3549		MscS Mechanosensitive ion channel	1.222	0.859	0.130	0.367	-0.078	1.106	-0.278	0.640	-0.652	-0.104	-0.695	0.854	-0.905	-1.212	0.146	-0.280	-0.623	-0.120	-0.736	-1.163	-1.242	-0.422	-0.381
SyringaeB728a_mexBdelta	Psyr_3550	Psyr_3550		conserved hypothetical protein	-1.124	-1.208	-1.962	0.199	-1.201	-1.595	-1.273	-0.694	-2.107	-0.348	-1.629	-1.361	-0.209	-0.686	-0.601	0.105	0.067	-0.714	0.600	0.129	-0.052	-0.308	0.171
SyringaeB728a_mexBdelta	Psyr_3553	Psyr_3553		conserved hypothetical protein	-0.575	-0.164	-0.240	1.380	0.314	2.227	-1.995	-2.615	-0.633	-0.868	-0.826	-0.060	1.896	-0.515	-0.658	-0.146	-0.686	-0.372	-1.065	-1.578	-1.266	-0.799	-1.150
SyringaeB728a_mexBdelta	Psyr_3555	Psyr_3555		aspartate kinase	0.030	0.212	-0.095	0.139	-0.362	0.200	-0.155	0.294	0.674	1.297	-0.080	-0.225	-1.039	-1.427	1.326	0.518	0.098	-0.243	-0.156	-0.851	0.763	-0.377	0.552
SyringaeB728a_mexBdelta	Psyr_3557	Psyr_3557		L-threonine aldolase	-0.311	0.682	0.310	-0.887	0.179	1.569	0.847	-1.306	-0.180	0.158	-0.658	0.099	0.861	0.080	-0.011	0.051	-0.172	0.038	-0.588	0.349	-1.064	-0.323	0.137
SyringaeB728a_mexBdelta	Psyr_3558	Psyr_3558		6,7-dimethyl-8-ribityllumazine synthase	-1.262	-1.808	1.231	-0.642	0.332	-1.217	0.953	1.103	0.108	-1.252	0.266	0.161	0.075	-1.403	-2.451	-1.931	-1.162	-1.289	-0.647	-1.158	-1.899	-1.798	-0.977
SyringaeB728a_mexBdelta	Psyr_3559	Psyr_3559		succinylglutamate desuccinylase	-0.644	0.389	-0.584	-0.402	-0.944	0.302	0.541	1.381	0.770	-0.183	-0.952	-0.232	-2.676	-2.570	-0.314	-0.361	-1.107	0.201	-0.820	0.487	-1.650	0.343	-1.740
SyringaeB728a_mexBdelta	Psyr_3561	Psyr_3561		succinylarginine dihydrolase	1.022	0.082	-1.109	-0.260	-0.274	0.496	-1.049	0.001	-0.756	0.375	-0.835	0.163	1.167	0.981	0.696	0.291	-0.523	0.020	-0.069	-1.784	-1.460	-1.078	-0.271
SyringaeB728a_mexBdelta	Psyr_3562	Psyr_3562		succinylglutamic semialdehyde dehydrogenase	-1.141	-1.806	-1.759	0.211	-0.867	-0.195	-1.320	-1.629	0.497	-1.954	-1.757	0.374	-0.334	-1.628	1.126	-0.134	0.380	0.812	0.836	-1.515	0.545	0.991	1.270
SyringaeB728a_mexBdelta	Psyr_3563	Psyr_3563		arginine succinyltransferase	0.111	0.705	0.849	-0.141	-1.836	0.127	-0.602	0.290	-0.972	-0.040	-2.022	0.274	0.067	-0.007	-0.498	0.244	-0.803	-0.005	-0.215	-0.523	-1.184	-0.292	-0.006
SyringaeB728a_mexBdelta	Psyr_3564	Psyr_3564		arginine succinyltransferase	0.464	-0.589	-0.465	-0.668	-1.109	-1.263	0.548	-0.739	0.673	0.010	-0.520	0.777	-0.253	0.514	0.747	1.418	0.409	1.515	2.113	0.404	0.411	2.350	1.629
SyringaeB728a_mexBdelta	Psyr_3565	Psyr_3565		succinylornithine aminotransferase apoenzyme / acetylornithine aminotransferase apoenzyme	0.361	-1.147	-0.009	1.532	1.487	1.836	1.366	1.357	-0.300	0.192	0.937	1.063	-0.518	-0.155	-0.109	-1.180	0.679	0.054	0.040	0.439	-1.107	0.165	0.461
SyringaeB728a_mexBdelta	Psyr_3566	Psyr_3566		transcriptional regulator, AraC family	-1.491	0.262	-0.437	-0.583	1.605	-1.325	-0.548	-1.209	-1.235	0.120	-1.111	-0.403	2.111	0.234	0.503	0.513	-0.040	-1.014	-1.083	0.864	0.427	0.833	1.091
SyringaeB728a_mexBdelta	Psyr_3568	Psyr_3568		Succinylglutamate desuccinylase/aspartoacylase	0.224	-0.395	0.533	-1.421	1.859	1.736	0.216	0.713	-0.394	0.185	1.070	0.123	0.929	-1.886	-1.016	-1.024	0.032	-1.367	-0.827	1.322	0.164	0.283	-1.188
SyringaeB728a_mexBdelta	Psyr_3569	Psyr_3569		L-ornithine ABC transporter membrane protein / L-arginine ABC transporter membrane protein	-0.070	0.139	2.116	0.996	1.675	1.482	2.549	-1.153	-0.745	0.442	0.770	0.911	0.820	-0.529	-0.327	0.025	-0.419	-1.671	-0.129	-0.169	-1.449	-0.900	1.026
SyringaeB728a_mexBdelta	Psyr_3570	Psyr_3570		L-ornithine ABC transporter membrane protein / L-arginine ABC transporter membrane protein	-1.954	-0.568	0.226	-0.104	-0.577	1.894	0.021	-1.808	-0.510	-0.787	0.780	-1.632	1.096	0.135	-0.442	0.334	-0.360	0.642	0.333	1.632	-0.096	0.000	-0.491
SyringaeB728a_mexBdelta	Psyr_3571	Psyr_3571		L-arginine-binding protein / L-ornithine-binding protein	0.505	-0.985	2.035	0.825	0.216	4.677	-0.022	-0.302	-0.304	-0.744	0.848	-0.111	-0.606	-0.448	-1.121	-0.086	1.408	-1.395	-1.703	0.163	-1.546	-0.050	-1.297
SyringaeB728a_mexBdelta	Psyr_3572	Psyr_3572		acetyl-coenzyme A synthetase	-0.120	-0.656	-2.218	-0.019	-2.055	-0.384	-1.224	-0.308	-0.848	-0.771	-1.587	0.402	-1.221	-0.646	-0.548	-0.154	-0.602	-0.147	-0.890	-0.595	-1.044	-0.584	-1.022
SyringaeB728a_mexBdelta	Psyr_3573	Psyr_3573		conserved hypothetical protein	-0.479	-0.442	-0.196	-0.534	-0.056	-0.911	0.253	-1.231	-0.302	0.125	0.772	-0.046	-0.031	0.266	0.534	0.191	-0.542	-0.113	0.003	-0.361	-1.926	-0.501	-0.085
SyringaeB728a_mexBdelta	Psyr_3574	Psyr_3574		Helix-turn-helix, Fis-type	0.128	0.403	-0.183	0.260	-0.728	-0.147	-0.612	-0.459	-0.023	-0.480	0.028	-0.640	0.359	0.657	-0.570	-0.068	-1.678	0.191	-0.203	-1.144	-1.962	0.421	-0.112
SyringaeB728a_mexBdelta	Psyr_3575	Psyr_3575		Phenylalanine 4-hydroxylase	-1.809	-1.627	-0.947	0.353	-1.736	-0.290	-0.900	-2.990	-2.029	-0.105	-0.702	-0.867	2.070	0.617	-1.466	-0.829	-0.833	-1.186	-1.352	0.122	-2.026	-1.418	-1.362
SyringaeB728a_mexBdelta	Psyr_3578	Psyr_3578		Major facilitator superfamily	-0.138	-0.531	0.797	-0.335	0.788	0.386	0.571	-0.583	0.696	-0.709	-0.163	0.582	0.544	-1.052	-1.257	0.052	-1.261	-0.038	0.770	-0.278	-0.813	-0.544	-0.291
SyringaeB728a_mexBdelta	Psyr_3579	Psyr_3579		Class I peptide chain release factor	-0.547	0.615	0.637	-0.868	0.583	0.024	-0.563	0.378	-0.874	0.793	-0.734	-0.206	0.235	-1.156	-0.757	0.763	-0.410	0.533	0.107	-0.613	0.007	-0.144	0.260
SyringaeB728a_mexBdelta	Psyr_3580	Psyr_3580		aromatic amino acid:proton symporter, AAT family	-0.639	-1.133	-0.680	-0.607	-0.897	-1.291	-0.504	-0.388	-1.655	-0.591	-1.664	-0.808	-0.144	-0.946	-0.334	0.164	0.706	0.502	0.942	0.204	-0.218	0.683	-0.146
SyringaeB728a_mexBdelta	Psyr_3581	Psyr_3581		ribosomal large subunit pseudouridine synthase B	-1.264	-1.221	-0.325	-2.530	2.054	-1.444	-3.172	-4.815	2.969	-3.889	-2.820	-1.659	-1.393	3.338	-3.141	-3.629	-1.070	-3.218	-2.747	-0.771	-4.528	-3.763	-5.171
SyringaeB728a_mexBdelta	Psyr_3584	Psyr_3584		condensin subunit ScpA	0.401	1.078	-0.150	0.835	1.154	-1.012	-0.702	0.491	0.230	1.232	2.374	0.484	1.104	-0.462	-0.534	-0.623	-0.440	0.780	-0.721	-0.151	-0.424	-0.494	1.054
SyringaeB728a_mexBdelta	Psyr_3585	Psyr_3585		Sua5/YciO/YrdC/YwlC	0.100	-1.334	-1.330	-1.119	0.497	0.726	-0.050	-0.659	0.843	-0.718	0.190	0.762	-0.611	0.277	0.139	-0.542	2.043	0.027	-0.204	0.518	0.987	0.005	0.132
SyringaeB728a_mexBdelta	Psyr_3586	Psyr_3586		Phosphoesterase PHP, N-terminal:PHP, C-terminal	1.375	0.790	1.441	2.905	1.808	-1.373	2.129	0.123	0.662	0.662	1.321	1.260	-0.042	0.107	0.515	0.374	-1.167	-0.273	0.035	0.241	0.341	-0.058	-0.396
SyringaeB728a_mexBdelta	Psyr_3589	Psyr_3589		Response regulator receiver:Transcriptional regulatory protein, C-terminal	-0.118	0.014	-1.996	-1.566	-0.521	-1.231	-1.740	-1.796	0.217	0.729	-0.448	0.339	1.138	0.069	-1.719	-0.331	-3.570	-0.513	-2.914	-1.596	-0.228	-1.455	-2.376
SyringaeB728a_mexBdelta	Psyr_3590	Psyr_3590		conserved hypothetical protein	0.779	-0.884	-0.283	0.769	-0.005	-0.218	1.002	-0.499	0.513	-1.093	-0.084	-0.054	-0.603	0.425	1.541	1.791	-1.309	1.603	2.183	0.180	1.466	0.748	-0.463
SyringaeB728a_mexBdelta	Psyr_3591	Psyr_3591		ATP-binding region, ATPase-like:Histidine kinase, HAMP region:Histidine kinase A, N-terminal	-0.226	0.156	-0.383	0.164	-0.413	1.334	0.183	-0.906	-0.276	-0.382	0.848	-0.565	0.957	0.950	-0.406	-0.404	-0.701	0.572	0.157	-0.076	-1.706	-0.109	-1.098
SyringaeB728a_mexBdelta	Psyr_3592	Psyr_3592		Nitroreductase	-0.693	0.285	-0.293	-0.281	-1.641	-0.826	1.642	-0.840	-0.262	0.101	0.413	0.523	1.469	1.496	-0.281	-1.448	-0.305	-0.278	-0.618	-1.161	-0.473	-1.099	0.008
SyringaeB728a_mexBdelta	Psyr_3593	Psyr_3593		K+ transporter Trk	0.501	-1.232	-2.355	-0.841	-0.850	-0.563	0.487	-0.803	0.265	-1.100	-1.017	-0.320	-0.296	-0.678	-0.739	0.422	-0.072	0.051	-0.528	-0.810	-1.498	-0.067	0.036
SyringaeB728a_mexBdelta	Psyr_3594	Psyr_3594		membrane protein-like protein	0.299	1.330	0.510	1.798	1.262	0.102	0.332	0.062	0.849	0.166	0.697	0.621	0.929	0.726	-0.372	-0.956	-0.863	-1.303	0.125	-0.506	-0.362	0.278	-0.480
SyringaeB728a_mexBdelta	Psyr_3595	Psyr_3595		Metallophosphoesterase	-1.465	-1.175	-0.371	-0.383	0.309	-0.778	0.175	-2.190	-1.817	-0.319	-2.149	0.802	0.858	-0.561	-0.401	0.141	0.246	0.861	-0.292	0.185	-0.600	0.054	0.175
SyringaeB728a_mexBdelta	Psyr_3596	Psyr_3596		Selenoprotein W-related protein	1.088	0.740	0.208	-1.662	0.490	0.972	-0.353	0.201	-1.020	-0.259	0.196	1.223	-0.256	0.007	-0.220	-1.072	-0.342	0.188	-1.588	-0.017	0.468	0.808	-0.409
SyringaeB728a_mexBdelta	Psyr_3598	Psyr_3598		Binding-protein-dependent transport systems inner membrane component	-0.488	1.035	-1.189	-0.806	0.719	-0.366	0.858	-0.140	0.818	-0.695	0.564	0.479	0.253	-0.071	1.431	-0.285	0.406	-0.101	0.895	0.405	-0.538	-0.046	-0.206
SyringaeB728a_mexBdelta	Psyr_3599	Psyr_3599		Alkanesulfonate monooxygenase	0.289	1.547	-0.357	1.558	0.156	0.632	1.725	1.739	-1.261	-1.356	0.121	1.744	1.246	0.293	-0.006	1.815	1.018	0.708	1.123	1.554	0.332	0.791	0.884
SyringaeB728a_mexBdelta	Psyr_3600	Psyr_3600		transcriptional regulator, LysR family	-0.265	-0.108	0.173	-0.014	0.017	0.305	0.440	-0.763	1.877	-0.433	-0.872	0.611	-1.527	-0.301	0.659	-0.445	0.369	-0.167	0.735	0.895	-0.239	-0.126	0.515
SyringaeB728a_mexBdelta	Psyr_3601	Psyr_3601		conserved hypothetical protein	-0.004	-0.597	0.331	1.253	-0.009	-0.784	0.929	-0.335	0.727	1.833	-0.601	0.311	1.112	1.627	0.611	-0.560	-0.300	-1.532	-0.956	0.010	0.347	0.124	-0.843
SyringaeB728a_mexBdelta	Psyr_3602	Psyr_3602		Rhodanese-like protein	0.180	1.090	-0.627	0.354	-0.507	0.886	0.464	1.733	-0.446	1.401	1.482	0.934	1.773	1.295	-0.510	1.244	1.134	1.764	0.462	1.391	0.632	1.992	0.792
SyringaeB728a_mexBdelta	Psyr_3603	Psyr_3603		ABC transporter, substrate-binding protein, aliphatic sulfonate	0.242	-0.613	-1.820	-0.623	-1.064	-0.765	0.014	-0.488	-0.437	0.170	-0.455	-0.638	-0.044	0.489	-0.453	0.357	-0.001	-0.099	-1.078	0.199	-0.690	-1.154	0.458
SyringaeB728a_mexBdelta	Psyr_3604	Psyr_3604		Acyl-CoA dehydrogenase, C-terminal:Acyl-CoA dehydrogenase, central region	0.979	-0.965	1.122	1.198	-1.484	1.282	-1.154	1.030	-0.240	0.049	0.722	0.580	1.491	0.203	-2.013	1.233	-1.115	-2.001	-0.186	0.497	-1.223	0.079	-1.501
SyringaeB728a_mexBdelta	Psyr_3605	Psyr_3605		Trimethylamine-N-oxide reductase (cytochrome c)	0.560	-0.572	0.642	-0.440	-1.207	1.321	-0.051	-1.047	-0.145	0.435	0.755	0.607	-0.122	0.096	1.161	1.201	-0.071	0.567	0.312	0.710	0.230	1.224	1.160
SyringaeB728a_mexBdelta	Psyr_3606	Psyr_3606		ABC transporter, substrate-binding protein, aliphatic sulfonate	0.708	0.974	-0.765	0.126	0.339	1.150	-1.219	0.019	0.030	-1.142	-0.633	0.089	0.792	0.969	1.072	1.024	0.075	-1.748	1.377	1.221	1.041	-0.149	0.670
SyringaeB728a_mexBdelta	Psyr_3607	Psyr_3607		transcriptional regulator, LysR family	0.200	0.680	-0.604	0.181	-0.490	0.915	-0.106	0.827	0.681	-0.631	0.871	1.745	-0.526	-2.041	-0.794	0.076	-0.287	-0.187	-1.408	0.629	-0.637	-0.640	0.044
SyringaeB728a_mexBdelta	Psyr_3608	Psyr_3608		Pirin, N-terminal	0.954	1.268	0.361	2.598	1.613	0.850	1.768	0.753	1.220	1.071	1.330	1.057	1.797	0.413	0.584	-0.038	-0.165	0.715	1.128	1.040	0.571	-0.044	1.184
SyringaeB728a_mexBdelta	Psyr_3609	Psyr_3609		conserved hypothetical protein	1.678	0.980	0.642	-0.936	0.723	0.464	-0.539	1.807	1.547	0.397	1.190	2.032	1.251	1.506	0.192	-1.429	0.175	0.620	0.097	-0.103	1.148	0.572	-0.762
SyringaeB728a_mexBdelta	Psyr_3611	Psyr_3611		Protein of unknown function DUF815	-0.079	0.311	-0.953	-1.083	-0.510	-0.353	-0.715	-0.624	-0.392	0.887	0.765	-0.126	-1.363	-0.680	-0.642	-0.473	-0.911	-0.676	-1.662	-2.966	-1.556	-1.834	-2.103
SyringaeB728a_mexBdelta	Psyr_3612	Psyr_3612		Response regulator receiver:ATP-binding region, ATPase-like:Histidine kinase A, N-terminal	1.528	1.341	1.459	2.032	-0.094	-0.087	1.642	1.581	1.777	2.549	2.455	-1.402	-0.916	0.090	-0.545	-1.044	0.205	-1.468	-1.375	-0.010	-1.678	-0.285	-0.447
SyringaeB728a_mexBdelta	Psyr_3613	Psyr_3613		Glutathione peroxidase	1.131	0.327	0.612	-1.206	-1.147	0.108	1.137	-0.956	-0.444	0.318	1.156	0.451	0.742	0.945	0.884	0.461	1.457	0.688	1.209	1.340	1.568	0.407	0.425
SyringaeB728a_mexBdelta	Psyr_3614	Psyr_3614		Protein of unknown function DUF25	0.846	1.015	-0.290	-0.102	2.063	-0.153	-0.533	1.172	1.602	1.506	0.487	0.860	0.086	-0.358	0.522	0.618	0.982	0.731	-0.011	0.448	0.097	0.975	0.302
SyringaeB728a_mexBdelta	Psyr_3615	Psyr_3615		Aminotransferase, class I and II	-0.082	0.997	-0.183	1.639	0.331	0.015	0.747	-1.382	-0.327	-0.238	0.509	-0.690	-0.209	0.128	0.603	0.972	1.077	0.841	0.277	0.409	0.320	0.117	0.036
SyringaeB728a_mexBdelta	Psyr_3616	Psyr_3616		Heat shock protein, Metallo peptidase, MEROPS family M48B	-0.034	0.362	-2.496	2.041	-0.837	2.740	2.583	-5.337	2.050	1.213	-2.991	2.529	0.113	-0.255	1.359	1.087	0.227	-2.902	-2.623	-2.073	1.232	1.739	1.638
SyringaeB728a_mexBdelta	Psyr_3617	Psyr_3617		Thiopurine S-methyltransferase	0.055	0.751	-0.042	-1.144	-0.145	-0.331	-0.023	-1.447	0.775	0.579	0.126	0.370	-1.690	-2.577	0.439	1.448	1.418	0.985	0.598	1.930	0.587	0.556	1.395
SyringaeB728a_mexBdelta	Psyr_3618	Psyr_3618		Catalytic LigB subunit of aromatic ring-opening dioxygenase	0.115	0.401	-1.846	0.209	-0.914	0.180	-1.252	-1.189	-1.747	-1.072	-0.066	-1.480	-0.583	-0.381	0.243	-0.115	0.261	1.651	1.248	1.226	-0.584	0.019	1.303
SyringaeB728a_mexBdelta	Psyr_3621	Psyr_3621		conserved hypothetical protein	-0.005	0.011	-1.175	-0.558	0.060	1.183	-0.784	-0.238	0.048	0.304	1.122	-0.422	0.049	-1.635	-0.588	0.394	-0.147	1.009	-0.960	-0.318	-0.809	-0.130	0.272
SyringaeB728a_mexBdelta	Psyr_3622	Psyr_3622		3-deoxy-D-arabinoheptulosonate-7-phosphate synthase	0.703	0.457	-0.629	0.620	-0.420	0.270	-0.350	1.773	2.669	1.367	-0.182	-0.488	-0.648	0.716	0.244	0.144	-0.045	-0.130	0.652	0.450	-0.861	-0.813	0.901
SyringaeB728a_mexBdelta	Psyr_3623	Psyr_3623		Protein of unknown function DUF1127	-0.430	-0.841	0.040	-0.927	0.254	0.663	0.513	0.116	-0.221	0.172	0.455	-0.352	0.414	-0.890	1.947	1.736	1.732	2.605	1.208	0.983	1.029	1.380	1.140
SyringaeB728a_mexBdelta	Psyr_3624	Psyr_3624		transcriptional regulator, LysR family	-0.132	-0.222	-2.732	0.951	-1.371	-0.406	0.746	0.962	-0.943	0.948	1.499	0.922	-1.219	0.104	-0.696	-0.763	0.600	0.821	-0.324	1.027	1.297	-1.422	0.213
SyringaeB728a_mexBdelta	Psyr_3625	Psyr_3625		Protein of unknown function DUF81	-1.481	0.267	-1.254	-1.496	-0.807	0.771	0.862	-1.324	-0.410	-1.189	0.671	-1.223	-1.392	0.328	0.510	0.647	0.018	-0.680	1.429	0.680	0.049	0.394	0.198
SyringaeB728a_mexBdelta	Psyr_3626	Psyr_3626		transcriptional regulator, MarR family	-0.452	-1.241	-0.942	0.226	-0.409	1.561	1.096	-0.494	1.074	-0.506	-2.201	-0.587	1.086	1.525	-0.635	-0.689	-1.063	-0.630	-0.271	-0.342	-0.698	-0.241	-2.254
SyringaeB728a_mexBdelta	Psyr_3627	Psyr_3627		OsmC-like protein	0.687	-0.004	-0.603	-0.535	0.424	0.673	-0.612	-0.402	-1.341	-0.559	-0.870	-1.177	1.016	1.133	1.283	0.526	0.665	0.578	1.793	2.413	1.661	1.070	2.058
SyringaeB728a_mexBdelta	Psyr_3630	Psyr_3630		conserved hypothetical protein	-0.143	-0.242	-0.228	0.311	-1.015	2.207	-0.204	-1.267	1.463	-0.690	1.043	0.939	0.010	-0.869	-0.183	-0.843	0.716	-0.700	-1.776	-1.401	-0.436	-0.124	-1.248
SyringaeB728a_mexBdelta	Psyr_3631	Psyr_3631		GreA/GreB family elongation factor	0.000	0.280	-2.296	0.782	0.488	1.493	-0.761	1.171	-0.937	0.538	-0.680	-1.568	-0.027	-1.017	-0.087	0.625	-0.083	-2.122	-0.535	0.886	-0.790	0.695	-0.605
SyringaeB728a_mexBdelta	Psyr_3632	Psyr_3632		conserved hypothetical protein	-2.085	-2.431	-1.876	-1.879	-1.832	0.616	-1.847	-1.385	-4.196	-2.114	-0.900	-2.461	-3.081	-2.999	-0.762	0.530	-0.320	0.105	0.932	0.099	0.231	0.698	0.136
SyringaeB728a_mexBdelta	Psyr_3633	Psyr_3633		threonine/serine transporter	0.566	-1.873	-1.501	-0.086	-1.593	0.583	-3.210	-0.097	-0.797	-0.053	-0.148	-0.844	-0.979	-0.955	0.014	0.198	-0.071	-0.342	0.376	-1.445	-0.932	-1.389	-0.348
SyringaeB728a_mexBdelta	Psyr_3634	Psyr_3634		transcriptional regulator, TetR family	1.247	1.295	0.952	0.286	1.145	1.897	0.204	1.505	1.337	0.345	1.200	1.052	-1.011	-0.551	2.132	1.300	1.597	3.055	2.519	2.158	2.132	0.936	0.193
SyringaeB728a_mexBdelta	Psyr_3635	Psyr_3635		Competence protein ComEA helix-hairpin-helix region	-0.853	-0.361	-1.465	-0.944	-0.342	0.578	-0.460	-0.604	-2.631	-1.170	-0.932	-0.112	0.287	0.788	-1.050	0.128	-0.170	-1.036	-1.352	0.564	-0.175	-0.196	0.316
SyringaeB728a_mexBdelta	Psyr_3636	Psyr_3636		Polysaccharide biosynthesis protein CapD	-3.063	-1.815	-0.650	-1.132	2.784	7.224	-0.296	9.970	6.377	0.222	-0.694	-2.649	-1.051	4.367	-3.687	-2.737	1.173	-2.275	-1.328	-0.406	-2.360	-1.955	1.209
SyringaeB728a_mexBdelta	Psyr_3637	Psyr_3637		Glycosyl transferase, family 4	-1.863	-0.813	-3.956	-0.282	-1.007	9.787	-1.110	15.646	7.529	0.189	-1.822	-4.419	-2.009	6.811	-3.463	-3.131	3.085	-2.480	-2.857	-1.003	-1.868	-1.368	0.611
SyringaeB728a_mexBdelta	Psyr_3638	Psyr_3638		UDP-glucose 4-epimerase, putative	-0.398	1.815	0.978	-0.185	2.930	4.852	0.044	8.770	4.298	1.244	0.180	1.174	0.794	2.929	0.470	-1.449	2.858	-0.057	-0.451	0.697	0.087	0.355	0.392
SyringaeB728a_mexBdelta	Psyr_3639	Psyr_3639		Beta-lactamase-like:RNA-metabolising metallo-beta-lactamase	-0.202	-0.399	-1.654	0.007	-0.781	-1.607	-0.965	-0.627	-0.558	-0.772	-0.633	-0.781	-0.795	-2.165	-0.175	0.618	0.416	0.523	0.644	1.086	0.551	-0.096	0.771
SyringaeB728a_mexBdelta	Psyr_3640	Psyr_3640		conserved hypothetical protein	-0.711	-0.209	-0.261	1.138	-0.986	-1.134	-0.994	-0.590	-2.336	-1.284	-1.809	-0.781	0.629	-1.311	0.562	-0.484	0.685	0.052	1.460	-0.086	-0.653	0.955	0.728
SyringaeB728a_mexBdelta	Psyr_3644	Psyr_3644		prephenate dehydrogenase	-0.968	-1.255	-3.098	0.148	-1.237	0.235	0.221	-0.349	-1.577	-0.029	-0.801	-2.129	0.545	-0.891	-0.769	0.088	-1.951	-1.273	-1.510	-0.727	-0.385	-1.103	-0.348
SyringaeB728a_mexBdelta	Psyr_3648	Psyr_3648		methylthioribose-1-phosphate isomerase	-1.096	0.770	-0.538	-0.621	-1.299	1.683	0.815	-0.032	-1.478	-0.689	0.699	-0.289	-0.685	0.921	0.126	0.232	-0.059	-0.235	-0.089	-0.791	-0.708	-0.688	0.819
SyringaeB728a_mexBdelta	Psyr_3649	Psyr_3649		Amidohydrolase	-2.414	-1.484	-0.768	-2.032	0.903	6.648	-1.595	-3.720	-2.396	-1.689	-2.928	-1.601	1.612	0.390	-0.557	-0.160	0.574	-0.801	-1.540	0.305	-1.693	-0.313	-0.426
SyringaeB728a_mexBdelta	Psyr_3651	Psyr_3651		2-phosphoglycolate phosphatase, prokaryotic:HAD-superfamily hydrolase, subfamily IA, variant 3:HAD-superfamily hydrolase, subfamily IA, variant 1	0.018	-0.695	-2.460	-1.364	-2.467	3.590	-0.806	1.352	-1.087	-0.624	-0.636	-0.152	0.893	2.052	-1.042	0.455	2.042	-1.983	0.102	-0.197	-0.412	-0.059	0.525
SyringaeB728a_mexBdelta	Psyr_3652	Psyr_3652		Short-chain dehydrogenase/reductase SDR	0.670	1.037	-0.218	0.517	0.508	-1.049	0.700	-1.000	-0.681	0.514	1.963	0.372	-1.275	-0.279	0.493	-0.297	0.032	-0.060	0.415	0.892	0.356	0.198	1.591
SyringaeB728a_mexBdelta	Psyr_3653	Psyr_3653		GGDEF domain protein	-0.548	-0.271	-0.867	-0.508	-1.341	-1.993	-1.245	-2.125	-1.290	-1.360	-1.040	-0.650	-0.927	-0.038	0.055	-0.175	0.198	0.989	-0.643	-0.775	-0.363	-0.749	0.287
SyringaeB728a_mexBdelta	Psyr_3654	Psyr_3654		conserved hypothetical protein	-1.968	-0.640	-2.091	0.805	0.131	-2.441	-0.154	-1.419	0.499	-0.498	-0.339	-1.544	0.275	-1.311	1.208	1.236	0.872	0.841	1.399	1.387	0.973	1.329	0.995
SyringaeB728a_mexBdelta	Psyr_3655	Psyr_3655		diguanylate cyclase/phosphodiesterase with PAS/PAC sensor(s)	-0.947	0.724	-1.280	0.926	-1.118	-1.540	1.556	-0.296	0.246	0.541	-0.689	-2.041	-0.653	-0.591	-0.169	0.682	0.225	0.748	0.725	1.101	1.302	0.439	0.504
SyringaeB728a_mexBdelta	Psyr_3656	Psyr_3656		ABC transporter, transmembrane region:ABC transporter	0.003	0.592	0.099	0.736	1.055	-1.658	-0.419	-0.235	0.279	-0.091	-0.003	0.695	1.579	-0.703	1.373	-0.086	0.010	0.668	0.414	-0.006	0.986	0.302	0.141
SyringaeB728a_mexBdelta	Psyr_3657	Psyr_3657		DSBA oxidoreductase	0.155	1.707	2.041	1.066	-0.284	0.967	1.852	1.268	0.359	1.859	0.620	1.108	-1.476	-0.337	3.166	1.269	1.172	1.846	2.755	1.037	2.088	1.186	3.211
SyringaeB728a_mexBdelta	Psyr_3658	Psyr_3658		Rhodanese-like protein	-1.993	-2.170	-1.808	-2.640	-1.668	-0.547	-1.252	-5.192	0.164	-2.160	-1.789	-1.193	-1.360	-0.194	-2.182	-2.041	-2.054	-1.637	-1.644	-0.881	-1.467	-1.221	-2.321
SyringaeB728a_mexBdelta	Psyr_3659	Psyr_3659		transcriptional regulator, BolA protein family	0.924	1.056	2.400	0.763	0.090	3.903	1.367	1.897	1.340	0.908	0.926	0.125	0.375	0.894	0.302	0.564	-0.070	-0.491	-0.117	-0.477	0.138	0.002	-0.437
SyringaeB728a_mexBdelta	Psyr_3660	Psyr_3660		conserved hypothetical protein	-0.521	-1.969	0.636	-0.456	0.230	-1.266	-0.080	-1.962	0.401	0.249	-0.940	-0.099	1.424	0.920	-1.284	0.117	-0.509	1.051	-0.575	-0.130	-0.074	-0.144	-1.862
SyringaeB728a_mexBdelta	Psyr_3661	Psyr_3661		Fumarate hydratase, class II	0.768	1.355	-0.706	-0.044	0.204	1.191	2.804	1.372	1.484	2.007	1.061	0.231	1.120	1.193	0.835	-0.495	0.678	0.687	0.752	0.436	0.178	-0.951	0.606
SyringaeB728a_mexBdelta	Psyr_3662	Psyr_3662		NAD(P)H dehydrogenase (quinone)	0.446	-0.838	0.563	0.647	-1.762	0.427	0.210	0.720	-0.459	-0.442	1.120	1.205	-2.386	-0.344	0.395	0.454	0.393	0.851	1.340	-0.349	-0.759	0.392	-0.143
SyringaeB728a_mexBdelta	Psyr_3663	Psyr_3663		Protein of unknown function DUF6	-1.406	-0.432	0.374	0.397	0.268	1.486	0.191	-0.641	-0.466	0.812	-1.327	0.184	-0.164	-1.283	-0.131	-0.583	-1.511	-0.419	-0.886	0.456	-0.610	-0.373	-1.432
SyringaeB728a_mexBdelta	Psyr_3664	Psyr_3664		DTW	-0.076	0.920	0.029	0.167	0.852	0.432	2.387	-0.462	-0.577	0.630	2.171	0.399	-0.198	-0.284	2.620	-0.535	1.030	1.816	0.504	2.072	0.216	0.361	0.637
SyringaeB728a_mexBdelta	Psyr_3665	Psyr_3665		conserved hypothetical protein	0.253	0.121	-0.770	-0.603	-1.293	-1.390	-0.176	-2.368	-0.979	-0.516	-1.514	-0.613	0.103	-0.615	0.183	0.892	-0.487	-1.768	-1.365	0.011	-1.067	-1.063	-0.885
SyringaeB728a_mexBdelta	Psyr_3666	Psyr_3666		Protein of unknown function DUF195	-0.640	-0.776	-1.898	0.141	-0.242	0.654	0.682	-0.204	-3.584	-1.351	0.286	0.441	-1.420	-0.515	1.168	0.982	0.215	1.215	0.529	0.447	0.504	2.084	-0.221
SyringaeB728a_mexBdelta	Psyr_3669	Psyr_3669		Membrane protein involved in aromatic hydrocarbon degradation	-0.734	0.129	1.457	-1.757	0.223	-1.498	-0.539	2.544	0.243	-0.250	-2.725	-1.797	-1.235	0.694	0.171	1.810	1.445	1.989	1.671	1.008	-0.071	1.440	1.880
SyringaeB728a_mexBdelta	Psyr_3670	Psyr_3670		Glutathione peroxidase	1.296	1.724	0.969	0.407	0.910	-0.395	-0.858	1.985	0.972	1.360	1.935	1.852	0.439	1.468	2.111	1.189	1.423	1.093	0.573	1.525	1.176	0.910	0.728
SyringaeB728a_mexBdelta	Psyr_3671	Psyr_3671		Major facilitator superfamily	0.438	0.581	-0.189	0.559	0.227	-0.726	0.537	0.698	0.154	0.431	0.807	0.050	-0.347	0.043	-0.876	0.358	-0.157	-0.825	0.811	0.054	0.453	0.189	0.877
SyringaeB728a_mexBdelta	Psyr_3672	Psyr_3672		cobalamin-5'-phosphate synthase	0.781	-0.252	0.961	1.315	-1.872	2.607	-0.349	-0.450	-0.960	-0.279	1.550	0.547	-1.054	-1.236	-0.358	0.959	0.154	-1.150	-0.388	-1.779	0.288	0.147	-0.471
SyringaeB728a_mexBdelta	Psyr_3673	Psyr_3673		Phosphoglycerate/bisphosphoglycerate mutase	-1.214	-1.227	0.154	-0.728	0.176	0.813	-1.029	-0.542	0.315	0.532	-0.038	-0.418	-0.472	0.619	-0.436	0.937	-0.088	-0.504	-1.568	-2.594	0.772	0.782	-0.860
SyringaeB728a_mexBdelta	Psyr_3675	Psyr_3675		adenosylcobinamide kinase	0.266	-1.465	-1.310	-2.797	-1.879	1.037	-1.422	-0.381	-3.288	-0.459	-0.581	-1.934	1.568	0.728	-1.641	-0.112	-0.861	-0.644	-0.556	0.264	-1.301	0.591	-0.969
SyringaeB728a_mexBdelta	Psyr_3676	Psyr_3676		adenosylcobyric acid synthase (glutamine-hydrolysing)	0.828	0.723	-0.740	-0.298	-0.396	-0.963	-0.569	0.179	-1.340	0.441	0.777	1.387	0.582	0.085	1.944	-0.866	-0.874	0.898	0.659	0.894	-1.176	1.431	0.859
SyringaeB728a_mexBdelta	Psyr_3677	Psyr_3677		Aminotransferase, class I and II	-0.444	0.390	-1.994	-1.043	0.551	0.207	-0.292	2.081	-2.057	0.424	0.271	-0.684	0.667	0.422	0.334	0.372	1.477	1.005	1.092	0.038	-0.062	0.634	0.739
SyringaeB728a_mexBdelta	Psyr_3678	Psyr_3678		adenosylcobinamide-phosphate synthase	-0.027	1.952	0.216	-0.686	-0.874	0.697	-1.457	1.070	0.836	1.154	0.048	0.528	0.407	0.146	-1.586	-1.194	-1.844	-1.989	-0.652	-2.712	-1.128	-0.762	-2.595
SyringaeB728a_mexBdelta	Psyr_3679	Psyr_3679		cob(II)yrinic acid a,c-diamide reductase	0.422	1.595	1.317	1.602	0.589	-0.111	0.600	2.336	1.211	1.053	1.566	1.326	-1.366	0.117	-0.938	-0.848	-0.024	-0.677	0.209	-0.392	-0.313	0.460	-1.364
SyringaeB728a_mexBdelta	Psyr_3680	Psyr_3680		hydrogenobyrinic acid a,c-diamide synthase (glutamine-hydrolysing) / cobyrinate a,c-diamide synthase	0.762	-0.869	-2.909	-0.487	-0.930	-1.471	-0.686	-1.616	-0.942	-2.915	-0.498	-1.187	1.239	-0.017	0.954	0.765	-1.684	-0.577	-0.806	-1.120	0.145	0.039	-1.293
SyringaeB728a_mexBdelta	Psyr_3681	Psyr_3681		cob(I)yrinic acid a,c-diamide adenosyltransferase	-1.024	-0.519	-0.591	-1.286	-0.800	0.739	-0.892	0.374	0.152	0.064	-1.980	-1.499	0.325	0.053	0.095	1.177	-0.924	-0.809	0.591	-0.433	0.158	0.131	0.197
SyringaeB728a_mexBdelta	Psyr_3682	Psyr_3682		L-sorbosone dehydrogenase	-1.018	0.201	-1.854	-1.086	-1.460	1.539	0.507	-0.004	-0.210	-0.485	-0.564	-0.477	-1.140	-0.650	0.754	-0.533	-0.276	0.345	0.117	-0.007	0.341	-0.461	0.264
SyringaeB728a_mexBdelta	Psyr_3683	Psyr_3683		NLP/P60	-0.193	-1.257	-0.651	0.125	0.204	-1.374	1.385	1.220	0.534	-0.244	-0.784	-0.629	0.157	-0.838	1.571	1.626	0.374	-0.365	0.556	1.223	0.492	1.121	0.515
SyringaeB728a_mexBdelta	Psyr_3685	Psyr_3685		Silent information regulator protein Sir2	-0.194	0.433	-0.950	-0.322	-0.094	-1.770	-0.646	-0.512	-0.060	-0.739	-1.173	-0.296	0.895	-0.223	1.121	1.416	1.517	1.586	0.182	0.945	-0.200	1.469	0.956
SyringaeB728a_mexBdelta	Psyr_3687	Psyr_3687		Protein of unknown function UPF0118	0.466	1.222	-0.003	0.451	0.271	1.082	0.024	0.395	0.580	0.111	0.262	0.932	-1.708	0.764	0.709	-0.166	-0.183	0.503	0.339	-0.038	-0.649	-0.087	0.636
SyringaeB728a_mexBdelta	Psyr_3688	Psyr_3688		conserved hypothetical protein	1.251	1.159	-0.776	-0.274	-1.197	-0.918	-0.477	-0.165	0.456	-0.973	-0.970	-0.361	1.686	1.162	0.065	-1.044	0.985	0.494	-1.018	0.313	0.086	-0.707	-0.198
SyringaeB728a_mexBdelta	Psyr_3690	Psyr_3690		formyltetrahydrofolate-dependent phosphoribosylglycinamide formyltransferase	-1.124	-0.613	-2.807	-2.579	-1.779	-1.823	-3.181	-0.715	-4.117	-2.125	-2.817	-3.011	-0.549	-0.481	-0.718	1.707	-0.107	0.521	1.224	0.240	1.100	0.686	-1.049
SyringaeB728a_mexBdelta	Psyr_3691	Psyr_3691		conserved hypothetical protein	-3.955	-2.519	-6.747	-2.099	-6.334	-1.849	-5.838	-3.347	-5.734	-4.221	-5.601	-3.839	-4.691	-4.710	-3.638	-4.806	-3.266	-5.278	-3.773	-4.774	-3.728	-3.832	-7.381
SyringaeB728a_mexBdelta	Psyr_3692	Psyr_3692		conserved hypothetical protein	1.436	1.225	-1.175	-0.547	2.044	-0.578	1.525	-0.767	-0.047	-0.174	0.370	0.569	-0.061	0.865	-0.100	2.733	0.014	0.210	0.374	-0.248	0.946	0.141	0.161
SyringaeB728a_mexBdelta	Psyr_3693	Psyr_3693		conserved hypothetical protein	0.821	1.154	0.017	0.165	0.355	0.908	1.626	1.790	2.158	1.278	3.596	1.769	2.899	2.662	-2.357	-1.642	-1.962	0.132	-1.112	-1.372	0.243	0.129	-0.107
SyringaeB728a_mexBdelta	Psyr_3694	Psyr_3694		MazG, bacterial	0.200	0.169	-1.172	0.457	0.112	-2.548	0.130	-0.730	0.246	0.407	0.397	0.532	0.697	-0.091	-0.397	-1.473	-0.847	-1.039	-1.135	1.236	-0.113	-0.364	-0.307
SyringaeB728a_mexBdelta	Psyr_3695	Psyr_3695		RelA/SpoT protein	-0.058	2.255	-2.799	0.373	0.235	0.535	1.028	-0.315	-1.337	1.207	-11.068	-1.453	0.131	-0.953	-0.798	-0.774	-1.930	-1.321	-1.231	-3.575	-1.112	-0.673	-3.395
SyringaeB728a_mexBdelta	Psyr_3696	Psyr_3696		23S rRNA m(5)U-1939 methyltransferase	-0.743	-1.549	0.225	-1.578	-0.805	0.194	-0.999	-1.432	-0.845	-1.309	-0.542	-1.787	0.888	-1.532	-0.868	-0.988	-0.313	-1.219	-1.273	-1.987	-0.332	-0.710	-1.296
SyringaeB728a_mexBdelta	Psyr_3698	Psyr_3698		Response regulator receiver:ATP-binding region, ATPase-like:Histidine kinase, HAMP region:Histidine kinase A, N-terminal:Hpt	0.428	-0.147	-3.449	0.383	-2.472	-0.132	-1.364	-0.198	-0.132	-1.394	-3.118	0.667	-2.051	-0.682	0.142	-0.772	-2.549	-1.066	-2.683	-3.378	0.115	-0.050	-3.437
SyringaeB728a_mexBdelta	Psyr_3700	Psyr_3700		Protein of unknown function DUF306	-1.345	-0.965	-0.951	0.741	-0.500	0.006	-1.086	0.035	0.026	1.336	0.322	-1.118	0.226	0.067	0.202	-0.016	-0.659	-0.197	0.061	-0.873	-0.104	0.044	0.053
SyringaeB728a_mexBdelta	Psyr_3701	Psyr_3701		thioredoxin, putative	-2.498	-1.786	-3.588	-2.503	-2.368	-2.470	-1.919	-3.894	-3.494	-4.357	-3.036	-2.896	-0.758	-2.250	-2.986	-3.255	-3.938	-3.402	-3.014	-3.588	-2.476	-2.297	-4.358
SyringaeB728a_mexBdelta	Psyr_3702	Psyr_3702		Arsenate reductase	1.107	0.478	1.429	-0.495	-0.034	1.991	-1.691	-0.057	0.737	0.042	-0.006	-0.597	0.452	0.991	0.581	0.417	1.292	0.778	0.540	1.796	1.869	0.512	1.044
SyringaeB728a_mexBdelta	Psyr_3703	Psyr_3703		Flavodoxin/nitric oxide synthase	-0.613	-0.084	0.504	0.037	0.782	0.615	-0.816	-0.474	-0.105	-1.062	-0.913	0.545	0.436	-0.064	-0.036	-0.320	0.826	0.551	1.526	0.025	0.113	-0.106	0.303
SyringaeB728a_mexBdelta	Psyr_3704	Psyr_3704		conserved hypothetical protein	0.406	0.589	-0.963	0.679	0.475	-0.746	0.800	-0.731	0.684	1.011	-1.799	-0.301	-0.069	-1.122	-1.111	-0.325	-0.650	0.821	0.320	-0.204	0.705	-1.643	-0.774
SyringaeB728a_mexBdelta	Psyr_3705	Psyr_3705		conserved hypothetical protein	0.455	0.985	-0.787	0.627	0.201	0.912	1.569	-1.108	-0.083	0.813	-0.748	-1.508	-0.687	0.808	0.461	1.264	0.043	0.553	0.461	1.153	0.335	1.273	-0.083
SyringaeB728a_mexBdelta	Psyr_3706	Psyr_3706		Protein of unknown function DUF335	1.404	0.583	0.763	0.118	0.227	2.857	2.182	1.797	0.494	1.055	1.759	1.655	0.647	0.691	0.363	1.558	0.373	1.024	-0.367	2.089	-0.659	0.679	0.055
SyringaeB728a_mexBdelta	Psyr_3707	Psyr_3707		Sodium:dicarboxylate symporter	0.194	-0.174	-0.688	-0.880	-1.199	-0.323	0.463	-1.582	-0.098	0.676	-1.564	-0.454	-0.178	1.116	0.974	1.982	0.473	1.697	0.722	0.677	0.476	0.320	0.261
SyringaeB728a_mexBdelta	Psyr_3708	Psyr_3708		ATP-binding region, ATPase-like:Histidine kinase, HAMP region:Histidine kinase A, N-terminal	0.835	2.356	1.531	0.823	0.334	0.055	-0.549	1.907	2.026	0.796	2.424	0.660	1.335	2.369	1.130	-0.356	-0.045	-0.503	-1.131	-0.711	0.448	0.557	0.147
SyringaeB728a_mexBdelta	Psyr_3709	Psyr_3709		Response regulator receiver:Transcriptional regulatory protein, C-terminal	-0.518	0.916	-0.008	1.488	-1.273	0.914	-0.360	-0.083	0.104	1.246	-0.196	-1.488	2.234	2.601	0.420	-0.451	-0.334	1.478	0.190	-0.209	-0.664	0.518	0.082
SyringaeB728a_mexBdelta	Psyr_3710	Psyr_3710		conserved hypothetical protein	0.345	2.368	1.666	0.362	0.643	-0.697	-0.057	0.024	1.031	-1.144	0.392	0.734	-0.831	-0.264	-1.019	-1.366	-2.069	-0.623	0.102	0.410	0.123	0.083	-0.494
SyringaeB728a_mexBdelta	Psyr_3711	Psyr_3711		Dienelactone hydrolase	-0.576	-0.562	-0.381	-1.290	-0.179	-1.817	-1.793	-1.234	1.015	-0.953	-0.043	-1.486	0.121	0.782	1.150	0.967	0.549	-0.593	0.302	-0.658	-1.495	-0.335	-0.865
SyringaeB728a_mexBdelta	Psyr_3712	Psyr_3712		conserved hypothetical protein	-0.812	-0.055	-0.212	0.126	-0.405	1.400	-0.639	-1.744	-1.419	-1.641	-0.398	-1.041	0.951	1.004	0.380	0.425	-0.499	0.253	-1.105	-0.556	-1.387	0.321	-1.002
SyringaeB728a_mexBdelta	Psyr_3714	Psyr_3714		Ferric iron reductase	-0.018	0.142	0.084	0.398	0.209	-0.595	0.110	-0.418	0.079	0.268	0.155	1.495	-0.409	-3.105	0.368	1.508	0.627	0.177	0.395	0.698	0.464	0.534	0.521
SyringaeB728a_mexBdelta	Psyr_3715	Psyr_3715		ATP-binding region, ATPase-like:Histidine kinase, HAMP region:Histidine kinase A, N-terminal	0.909	0.353	0.793	0.683	1.153	2.290	1.257	1.406	0.139	0.014	-0.047	0.384	0.834	0.946	1.088	0.342	1.919	-0.207	1.626	1.763	0.386	0.963	-0.094
SyringaeB728a_mexBdelta	Psyr_3716	Psyr_3716		Response regulator receiver:Transcriptional regulatory protein, C-terminal	1.707	2.291	0.745	1.244	1.329	2.146	1.118	2.691	1.549	1.469	2.230	2.222	0.188	1.166	0.146	1.140	-0.093	1.590	1.290	0.449	0.524	0.090	1.028
SyringaeB728a_mexBdelta	Psyr_3718	Psyr_3718		hypothetical protein	-2.568	1.195	-2.571	-2.015	-0.772	-2.289	-1.118	-0.416	-2.561	0.453	-0.830	-0.827	0.716	0.093	1.059	0.862	-0.553	1.413	0.205	3.187	0.487	0.521	0.720
SyringaeB728a_mexBdelta	Psyr_3719	Psyr_3719		hypothetical protein	0.779	0.109	-1.949	-0.433	-0.088	0.994	0.592	-0.219	0.420	-0.636	-1.396	-0.414	-0.549	-0.873	0.921	-0.053	-0.440	0.683	-0.234	-0.087	-1.002	0.684	-0.071
SyringaeB728a_mexBdelta	Psyr_3720	Psyr_3720		Filamentation induced by cAMP protein Fic	-4.238	-4.609	-3.106	-4.053	-1.213	-4.518	0.151	-3.280	-3.260	-2.622	-2.781	-4.763	-1.548	-4.500	-1.644	-2.870	-1.403	-1.370	-2.163	-1.058	-2.790	-1.353	-1.310
SyringaeB728a_mexBdelta	Psyr_3722	Psyr_3722		Amino acid adenylation	-0.215	0.506	-0.548	0.014	-0.074	1.467	0.401	-0.194	-0.206	-0.168	0.361	0.266	0.155	-0.197	0.156	0.094	-0.150	0.261	0.700	0.564	-0.049	-0.117	-0.058
SyringaeB728a_mexBdelta	Psyr_3723	Psyr_3723		CDS	1.148	-1.218	1.033	-0.044	-0.773	0.176	-0.483	0.291	-1.937	0.628	-0.173	-0.375	-0.027	-0.396	0.667	0.941	0.026	1.261	1.416	1.097	0.658	0.043	0.525
SyringaeB728a_mexBdelta	Psyr_3724	Psyr_3724		conserved hypothetical protein	0.264	0.263	-0.507	-1.477	0.392	0.970	0.250	-0.798	-1.207	-0.353	-1.154	0.169	0.596	0.749	-0.933	0.117	-0.121	-0.116	-0.877	-1.256	-0.908	-0.106	-0.062
SyringaeB728a_mexBdelta	Psyr_3725	Psyr_3725		ATPase	-0.618	-0.214	-0.870	-0.050	-0.289	-1.280	-1.351	-1.223	-0.132	-0.679	-0.756	-0.727	-1.302	-1.324	-0.814	0.002	-0.594	-0.904	0.414	-0.348	-0.642	0.276	-0.992
SyringaeB728a_mexBdelta	Psyr_3726	Psyr_3726		conserved hypothetical protein	-0.870	-0.130	-2.003	-1.133	0.484	-0.118	0.508	-0.433	-0.559	-0.905	0.099	1.608	3.185	1.857	-1.035	-0.081	0.305	-0.323	-0.331	-0.474	0.280	-0.205	-0.993
SyringaeB728a_mexBdelta	Psyr_3727	Psyr_3727		conserved hypothetical protein	-0.732	1.203	0.694	1.203	0.082	-0.458	-0.778	0.063	1.584	-0.391	1.005	-0.281	1.307	1.295	1.018	2.694	0.203	0.948	0.963	1.309	-0.752	1.808	0.216
SyringaeB728a_mexBdelta	Psyr_3728	Psyr_3728		hypothetical protein	-1.035	-1.499	-1.700	-1.886	-0.128	-0.487	-0.845	-1.809	-1.932	-2.153	-2.965	-2.034	-1.766	-2.718	-1.698	-0.822	-1.287	-0.928	0.439	-0.214	-1.669	-1.222	-1.917
SyringaeB728a_mexBdelta	Psyr_3729	Psyr_3729		hypothetical protein	0.076	-0.226	-0.994	0.592	-0.953	-0.942	-0.476	-0.626	1.028	0.474	-1.115	-0.175	-0.397	-0.131	-0.788	-1.112	-0.952	-1.245	-0.242	-1.649	0.176	-0.210	1.024
SyringaeB728a_mexBdelta	Psyr_3731	Psyr_3731		conserved hypothetical protein	-1.122	-0.388	-1.133	-1.188	0.115	-2.704	0.104	-1.407	-0.230	-0.863	-2.203	-0.642	-0.541	-0.012	-0.924	0.171	-0.039	-0.032	-0.675	-0.146	-0.538	0.377	-1.653
SyringaeB728a_mexBdelta	Psyr_3733	Psyr_3733		Outer membrane autotransporter barrel	0.447	-0.715	-0.203	-0.464	0.048	-0.064	-0.725	0.145	-0.347	0.010	-0.246	0.389	1.245	0.936	0.722	-0.445	-0.341	0.463	1.316	1.513	-0.234	-0.083	0.690
SyringaeB728a_mexBdelta	Psyr_3734	Psyr_3734		Outer membrane autotransporter barrel	0.071	0.906	-0.252	-0.302	0.078	1.088	0.298	-0.283	0.131	1.214	0.569	0.021	0.864	1.632	0.874	0.893	0.527	0.840	0.924	1.031	0.391	0.432	0.930
SyringaeB728a_mexBdelta	Psyr_3735	Psyr_3735		PAS	-0.808	0.551	-0.239	0.703	-0.126	-1.780	1.084	-1.573	0.069	0.346	-0.035	-0.732	-1.258	-0.808	-0.206	0.337	0.711	0.524	0.117	0.508	0.658	-0.038	1.489
SyringaeB728a_mexBdelta	Psyr_3736	Psyr_3736		Peptidoglycan-binding LysM	0.380	1.062	1.435	0.551	2.081	0.406	2.282	4.134	1.130	0.019	0.416	-0.349	0.840	0.477	0.713	0.550	1.116	0.153	0.322	0.982	-1.634	0.750	0.727
SyringaeB728a_mexBdelta	Psyr_3737	Psyr_3737		transcriptional regulator, MarR family	-0.274	-0.595	-1.579	-1.168	-0.707	-1.149	0.166	-0.615	1.262	0.593	-0.763	-0.060	-0.579	-1.566	1.940	1.701	1.398	-0.053	1.665	1.602	0.998	1.040	2.858
SyringaeB728a_mexBdelta	Psyr_3738	Psyr_3738		ATP-dependent DNA helicase RecQ	-0.412	0.824	0.404	-0.066	1.657	1.601	0.784	1.972	1.635	-1.608	1.303	1.462	0.654	-3.405	0.545	0.450	0.612	1.254	0.346	-0.016	0.798	0.194	-3.802
SyringaeB728a_mexBdelta	Psyr_3739	Psyr_3739		conserved hypothetical protein	-1.395	-2.404	1.280	-0.680	-0.516	-1.359	-1.519	-2.314	0.483	-0.636	-0.648	-0.305	0.641	1.758	0.791	-0.300	-0.171	-0.157	0.311	-0.186	1.398	-0.506	-0.258
SyringaeB728a_mexBdelta	Psyr_3740	Psyr_3740		Protein of unknown function DUF454	0.157	-0.279	-0.259	0.546	0.245	-1.788	0.540	-0.975	-1.002	0.522	-0.929	-0.851	0.477	-0.182	0.530	0.422	0.679	1.026	-0.579	0.265	-1.543	0.277	0.368
SyringaeB728a_mexBdelta	Psyr_3741	Psyr_3741		Polyphosphate:AMP phosphotransferase	-0.462	-0.298	-0.288	-0.895	-2.028	-0.873	0.449	0.378	-0.471	0.230	-1.769	-1.101	-0.842	-0.058	-1.824	0.570	-0.603	-0.859	0.149	-1.240	0.570	-0.448	0.197
SyringaeB728a_mexBdelta	Psyr_3742	Psyr_3742		FAD dependent oxidoreductase:Protein of unknown function DUF752	1.038	-0.239	0.083	0.506	0.932	0.068	-0.719	0.616	0.040	-0.458	-0.110	1.038	-0.452	-0.638	0.495	0.039	1.132	0.083	-0.355	-0.614	0.837	0.116	0.606
SyringaeB728a_mexBdelta	Psyr_3743	Psyr_3743		ABC transporter	-1.592	-1.560	-0.927	-1.083	-0.675	-1.272	-0.228	-1.505	-1.148	-2.206	-1.984	0.371	0.554	0.238	0.385	0.725	-0.326	0.935	-1.635	-0.482	0.474	0.843	-0.203
SyringaeB728a_mexBdelta	Psyr_3744	Psyr_3744		Protein of unknown function DUF214	0.061	2.078	1.502	1.547	1.210	0.358	0.565	-0.076	0.729	1.673	2.142	2.006	-0.707	1.107	1.117	-0.311	0.611	0.309	0.432	0.633	-0.309	0.338	0.552
SyringaeB728a_mexBdelta	Psyr_3745	Psyr_3745		conserved hypothetical protein	1.323	-0.200	1.722	-0.122	0.618	-1.216	0.986	-1.302	1.208	0.263	0.578	2.272	-0.444	-1.958	-0.115	1.537	0.378	-0.186	-0.124	-0.837	0.156	-1.049	-0.369
SyringaeB728a_mexBdelta	Psyr_3746	Psyr_3746		hypothetical protein	-1.270	-1.534	-1.745	-1.360	-0.771	-2.331	-0.288	-1.261	-0.900	-0.565	-0.999	-1.892	-1.433	-2.744	-0.118	-0.868	-0.016	0.074	-0.185	-1.306	-1.341	-1.258	-1.867
SyringaeB728a_mexBdelta	Psyr_3747	Psyr_3747		asparagine synthase (glutamine-hydrolysing)	-0.094	-0.766	-0.909	1.009	0.677	-1.756	1.173	1.171	0.953	-0.127	1.339	-0.011	-0.932	-1.047	0.634	0.603	0.044	0.203	-0.129	0.239	-0.185	-0.387	-1.235
SyringaeB728a_mexBdelta	Psyr_3748	Psyr_3748		GCN5-related N-acetyltransferase	0.663	0.831	2.184	-0.353	1.666	1.398	1.675	1.079	0.175	0.991	0.845	1.136	-1.143	1.264	0.224	1.081	0.120	0.909	-0.627	1.859	0.601	1.175	0.342
SyringaeB728a_mexBdelta	Psyr_3749	Psyr_3749		Peptidase M42	0.894	1.719	0.835	-0.184	-1.214	0.708	0.617	0.794	-0.743	0.006	-0.609	0.869	0.993	1.317	0.807	0.175	-0.449	-0.498	-0.014	1.394	0.318	-0.925	-0.275
SyringaeB728a_mexBdelta	Psyr_3752	Psyr_3752		Protein of unknown function UPF0060	0.155	0.884	0.238	-1.127	1.107	1.011	0.189	-1.183	-0.635	0.469	0.965	2.098	0.434	-1.667	-0.706	-0.427	-0.448	-0.205	-1.603	-1.194	-0.425	-0.730	-1.220
SyringaeB728a_mexBdelta	Psyr_3753	Psyr_3753		Short-chain dehydrogenase/reductase SDR	0.382	-0.956	1.268	-1.456	1.093	0.112	-0.582	0.634	-0.028	-0.420	0.486	1.018	-0.573	0.605	-1.165	-0.175	-1.034	0.714	-0.683	-0.074	-0.033	-0.656	-0.045
SyringaeB728a_mexBdelta	Psyr_3754	Psyr_3754		conserved hypothetical protein	-0.717	-1.091	-0.298	0.209	-0.914	-1.732	-1.173	-0.769	-0.023	0.013	0.533	-1.035	0.370	0.183	1.125	1.434	0.812	-0.146	1.166	-0.027	0.517	-0.087	-0.034
SyringaeB728a_mexBdelta	Psyr_3756	Psyr_3756		Na+/solute symporter	0.205	0.029	-0.708	0.085	-0.385	0.466	0.232	-0.307	-0.232	0.455	-0.538	-0.555	-1.174	-0.774	0.638	-0.091	0.219	-0.256	0.587	0.044	0.421	-0.110	-0.404
SyringaeB728a_mexBdelta	Psyr_3757	Psyr_3757		Protein of unknown function DUF485	-0.615	-0.537	0.934	-0.249	0.612	-0.323	0.160	0.808	0.085	0.198	0.151	0.559	0.433	0.077	-0.622	-0.165	-0.203	0.017	0.527	-0.564	-0.629	-0.952	0.785
SyringaeB728a_mexBdelta	Psyr_3758	Psyr_3758		Substrate-binding region of ABC-type glycine betaine transport system	-0.553	0.984	0.567	0.302	-0.501	1.601	1.213	0.391	0.894	0.583	-1.081	2.115	-1.017	-1.064	-0.229	-1.100	0.961	0.182	-0.051	-0.750	0.295	-0.458	1.269
SyringaeB728a_mexBdelta	Psyr_3759	Psyr_3759		conserved hypothetical protein	-1.089	-0.155	-0.127	-0.388	0.978	1.849	0.219	-0.614	-0.193	-0.567	-0.696	-0.245	-0.970	-2.042	-1.209	-0.755	-0.306	-0.466	-1.404	-0.571	-1.301	-1.214	-0.739
SyringaeB728a_mexBdelta	Psyr_3760	Psyr_3760		VacJ-like lipoprotein	1.131	0.861	1.482	2.340	2.110	1.450	1.454	1.062	1.433	1.111	1.916	-0.014	1.232	0.782	-0.072	-0.808	-0.107	-0.385	-1.026	0.524	0.151	0.023	0.430
SyringaeB728a_mexBdelta	Psyr_3761	Psyr_3761		conserved hypothetical protein	-0.150	0.993	0.209	1.691	-0.631	-1.863	0.792	1.197	-0.976	1.271	2.051	1.298	-0.609	1.233	-0.681	-0.999	-0.515	-1.346	-0.004	-0.381	-0.267	-2.465	-1.255
SyringaeB728a_mexBdelta	Psyr_3762	Psyr_3762		General substrate transporter:Major facilitator superfamily	0.279	0.116	-0.336	0.280	1.166	0.799	-0.022	0.718	0.637	1.202	0.710	1.059	-0.897	0.641	-0.956	-1.876	-1.189	-1.154	-1.756	-0.734	-1.828	-1.595	-2.263
SyringaeB728a_mexBdelta	Psyr_3763	Psyr_3763		GGDEF domain protein	-0.786	-0.968	-0.330	-1.025	-0.577	-1.639	-0.393	-1.834	0.130	0.228	-1.881	-0.545	-0.243	0.155	-0.675	-1.124	-2.615	-0.205	-0.832	-0.793	-1.074	-1.887	-1.948
SyringaeB728a_mexBdelta	Psyr_3764	Psyr_3764		conserved hypothetical protein	-0.532	0.358	-0.523	0.358	0.180	-1.305	-0.029	0.592	-0.685	-0.007	-0.232	0.289	-2.466	-3.431	-0.835	-0.665	0.216	-0.246	-0.771	-0.331	-0.775	-1.545	-0.755
SyringaeB728a_mexBdelta	Psyr_3765	Psyr_3765		hypothetical protein	1.571	0.825	0.266	0.196	-0.027	1.284	-0.980	0.069	-0.971	-0.547	-0.352	-0.253	-0.516	0.107	-1.299	-1.125	-0.545	-1.291	-0.539	0.055	-1.417	0.059	-1.184
SyringaeB728a_mexBdelta	Psyr_3766	Psyr_3766		hypothetical protein	-0.648	-1.090	-1.583	-0.579	-1.484	-1.713	-2.962	-1.316	-1.820	-1.012	-2.636	-1.600	-0.698	-1.575	0.154	0.876	0.431	-1.000	0.898	-0.004	0.712	0.745	0.602
SyringaeB728a_mexBdelta	Psyr_3767	Psyr_3767		regulatory protein, LuxR	-1.127	-0.158	-0.226	-0.449	-1.107	-2.713	0.410	-2.728	0.445	-0.539	-0.553	-0.897	-0.658	-0.859	-1.622	-1.665	-2.986	-1.280	-0.793	-3.010	-0.982	-2.317	-1.209
SyringaeB728a_mexBdelta	Psyr_3768	Psyr_3768		General substrate transporter:Major facilitator superfamily	-0.585	0.213	4.571	-0.158	1.876	7.526	0.811	2.874	-2.138	-1.083	1.965	-0.317	0.703	-0.343	-2.611	-2.003	-0.808	-0.890	-0.765	-1.459	-1.613	-1.253	-3.920
SyringaeB728a_mexBdelta	Psyr_3769	Psyr_3769		TonB-dependent siderophore receptor	0.340	1.029	1.921	0.558	0.459	-0.530	0.117	0.187	0.229	-0.183	-0.137	0.301	0.803	0.833	-1.113	-1.106	-0.675	-0.136	-1.099	-0.299	-0.373	-1.589	-1.093
SyringaeB728a_mexBdelta	Psyr_3770	Psyr_3770		Propeptide, PepSY amd peptidase M4	2.047	-0.049	-0.044	-0.735	0.677	0.512	-0.726	0.758	0.263	-0.449	-1.098	-0.976	-1.609	-1.426	-0.865	-0.446	0.149	-0.275	-0.947	-0.848	-0.009	-0.185	-0.550
SyringaeB728a_mexBdelta	Psyr_3771	Psyr_3771		conserved hypothetical protein	0.208	0.536	-0.036	0.127	-0.710	-1.185	-0.375	-0.326	0.187	-0.621	-0.012	0.227	-0.853	-0.925	-0.977	-0.427	-0.977	0.009	-0.181	0.586	-0.967	-0.778	-1.234
SyringaeB728a_mexBdelta	Psyr_3772	Psyr_3772		conserved hypothetical protein	-0.979	0.793	0.583	-0.385	1.431	0.066	2.577	1.480	0.608	0.695	1.568	1.613	0.378	-0.202	-0.627	0.802	-0.537	0.480	-1.476	1.296	0.460	-0.219	0.850
SyringaeB728a_mexBdelta	Psyr_3773	Psyr_3773		GAF:ATP-binding region, ATPase-like:Histidine kinase A, N-terminal	-0.317	0.362	0.187	-0.523	0.576	-1.514	0.556	-0.404	0.240	1.331	0.926	-0.434	1.863	0.805	0.343	0.680	0.778	0.877	0.605	0.253	-0.774	-0.480	0.046
SyringaeB728a_mexBdelta	Psyr_3774	Psyr_3774		PAS	-0.238	-1.269	-0.567	0.591	0.305	-0.740	-0.968	-1.218	0.169	-0.823	-0.590	-0.858	-1.167	-1.399	-0.786	0.699	0.197	-0.056	1.479	-0.101	0.437	0.552	1.543
SyringaeB728a_mexBdelta	Psyr_3775	Psyr_3775		Alpha/beta hydrolase fold protein	-2.073	-0.271	-0.679	0.473	-0.420	-1.795	-2.008	-1.356	-1.566	-0.124	-1.245	-0.905	0.722	-0.288	-0.480	-0.459	-0.174	0.313	-0.134	-1.215	-0.736	0.081	-0.626
SyringaeB728a_mexBdelta	Psyr_3776	Psyr_3776		Cytosine deaminase	0.279	-0.448	-0.664	-0.845	-0.230	-0.904	-2.509	-1.221	0.065	-1.309	-0.935	-0.259	-1.207	-0.487	0.083	1.395	0.579	1.519	0.947	0.676	0.208	-0.242	0.222
SyringaeB728a_mexBdelta	Psyr_3777	Psyr_3777		conserved hypothetical protein	1.303	2.944	-1.119	2.450	0.142	1.011	1.278	0.997	1.803	0.815	2.798	0.888	0.841	0.044	-0.981	-0.367	-1.346	1.074	-0.418	0.113	-1.672	0.690	-1.374
SyringaeB728a_mexBdelta	Psyr_3778	Psyr_3778		Substrate-binding region of ABC-type glycine betaine transport system	0.678	-0.149	0.531	1.467	0.632	-0.299	0.133	0.489	0.760	-0.807	1.044	1.870	1.039	0.450	0.159	-0.337	-1.491	-1.358	-2.801	-1.226	-1.315	-0.886	-0.753
SyringaeB728a_mexBdelta	Psyr_3779	Psyr_3779		GCN5-related N-acetyltransferase	-0.686	-0.027	-0.869	-0.053	-0.316	0.194	-1.059	1.480	0.032	0.762	1.248	0.663	1.104	0.515	0.499	0.111	1.062	-0.070	0.495	-0.263	-0.488	0.223	0.644
SyringaeB728a_mexBdelta	Psyr_3781	Psyr_3781		Ribonuclease BN	-0.418	1.150	0.275	-0.554	0.207	-1.019	0.017	1.190	-0.309	-1.120	0.010	0.934	-1.509	0.206	0.393	0.850	0.133	0.075	-0.221	0.333	-1.030	-0.784	0.105
SyringaeB728a_mexBdelta	Psyr_3782	Psyr_3782		CsbD-like protein	1.638	1.854	0.901	1.402	2.342	3.300	2.268	2.661	2.130	2.446	2.443	1.470	0.577	0.111	2.525	2.428	1.748	2.497	1.032	3.947	1.061	2.500	2.545
SyringaeB728a_mexBdelta	Psyr_3783	Psyr_3783		conserved hypothetical protein	-0.154	0.629	0.488	0.272	-0.674	1.003	-0.092	-0.329	-0.523	1.275	0.905	-0.438	-1.215	0.349	0.194	0.932	0.871	0.771	1.304	-0.281	0.932	-1.000	-0.092
SyringaeB728a_mexBdelta	Psyr_3784	Psyr_3784		conserved hypothetical protein	-0.740	0.264	-0.993	-0.278	0.050	1.355	-0.451	0.368	-1.436	-1.431	-0.549	-0.069	0.050	2.197	-0.815	0.373	-0.574	-0.384	0.806	-0.115	-0.783	-1.275	-0.155
SyringaeB728a_mexBdelta	Psyr_3785	Psyr_3785		DSBA oxidoreductase	-1.157	-0.587	1.027	-1.912	-0.241	-0.207	0.361	1.224	-0.978	0.728	1.108	-1.794	1.312	1.028	-0.855	1.003	0.122	0.464	-0.907	0.973	0.693	-0.262	-0.340
SyringaeB728a_mexBdelta	Psyr_3786	Psyr_3786		RNA binding S1	0.501	-0.784	-0.719	-0.899	1.368	-2.441	0.077	-1.112	-0.336	-0.628	-0.937	-0.144	-1.205	-1.990	-0.986	-0.086	-1.592	-1.081	-0.171	-0.634	-0.937	-1.312	0.185
SyringaeB728a_mexBdelta	Psyr_3787	Psyr_3787		conserved hypothetical protein	-0.048	-1.824	-0.737	0.404	-1.177	-1.307	-1.498	-1.885	-0.296	-0.142	-0.641	-0.113	-4.160	-1.833	-0.309	-0.044	0.075	1.024	1.070	-0.401	0.339	-0.381	-0.341
SyringaeB728a_mexBdelta	Psyr_3788	Psyr_3788		Conserved hypothetical protein 2001	-1.237	-0.600	-0.609	-0.569	-0.521	-0.996	-0.490	-0.852	-1.006	-0.225	-0.634	-0.164	-0.138	-0.904	-1.088	-1.410	-0.137	0.386	-0.976	-0.560	-1.353	-0.169	-0.205
SyringaeB728a_mexBdelta	Psyr_3789	Psyr_3789		lipoprotein, putative	-0.634	0.766	-0.460	-0.363	-0.687	1.374	-0.827	0.784	-0.363	0.370	-0.221	0.811	0.003	0.004	0.690	2.564	0.939	1.757	0.174	2.281	0.887	1.185	0.226
SyringaeB728a_mexBdelta	Psyr_3790	Psyr_3790		conserved hypothetical protein	-0.385	-0.134	0.495	-0.545	-1.011	2.001	-0.490	0.173	-0.421	-0.521	-0.436	0.645	1.113	0.686	-0.362	-1.332	0.944	-0.297	0.749	0.390	0.400	0.385	-1.306
SyringaeB728a_mexBdelta	Psyr_3791	Psyr_3791		Helicase, C-terminal:DEAD/DEAH box helicase, N-terminal	0.292	-0.427	-1.530	-0.618	0.849	2.062	-1.691	-0.891	-0.044	-0.985	-0.568	-1.257	-0.460	0.908	-0.117	-1.119	-0.217	0.736	-0.254	-1.291	0.042	-1.384	-1.762
SyringaeB728a_mexBdelta	Psyr_3792	Psyr_3792		ATP-binding region, ATPase-like:Histidine kinase, HAMP region:Histidine kinase A, N-terminal	1.107	1.036	1.222	0.498	0.309	0.567	0.051	0.744	0.078	0.740	0.024	0.400	0.235	-0.068	0.647	1.209	0.647	1.018	0.765	1.032	1.284	0.262	1.685
SyringaeB728a_mexBdelta	Psyr_3793	Psyr_3793		Response regulator receiver:Transcriptional regulatory protein, C-terminal	-1.328	0.378	0.687	-1.062	1.024	0.456	0.178	0.620	0.471	-1.050	-0.603	1.710	1.145	-0.553	-0.718	0.409	-0.336	0.517	-0.453	0.532	0.654	-0.252	0.045
SyringaeB728a_mexBdelta	Psyr_3794	Psyr_3794		surface antigen (D15):Surface antigen variable number	0.213	-0.116	-0.563	0.665	-0.108	-0.074	0.324	-1.582	-0.617	0.172	1.771	1.104	-0.052	0.489	0.100	-0.140	0.373	-0.358	0.344	0.275	0.252	0.586	0.048
SyringaeB728a_mexBdelta	Psyr_3795	Psyr_3795		hypothetical protein	-0.903	-0.141	-0.862	0.167	0.249	-1.649	0.607	1.068	0.154	0.385	0.562	0.678	0.064	-0.487	-0.408	-1.076	-0.128	-2.555	-1.790	-0.963	-0.914	-1.283	-2.250
SyringaeB728a_mexBdelta	Psyr_3796	Psyr_3796		transcriptional regulator, LysR family	-1.211	-1.638	-0.140	-1.237	-1.537	0.080	-0.390	0.288	-1.406	-0.595	-1.296	-0.668	-1.192	0.816	0.091	0.388	0.104	-0.217	0.480	0.727	-0.508	0.062	-0.421
SyringaeB728a_mexBdelta	Psyr_3797	Psyr_3797		NAD(P)H dehydrogenase (quinone)	1.175	0.112	0.366	-0.132	-1.005	0.957	2.073	2.224	1.018	2.082	0.935	1.962	0.631	1.411	-1.228	-0.668	-0.636	0.497	-0.571	-0.588	0.217	-0.158	-0.556
SyringaeB728a_mexBdelta	Psyr_3798	Psyr_3798		conserved domain protein	0.554	-0.872	0.566	-0.786	0.198	-0.927	0.151	-0.099	0.319	-0.206	-0.708	0.701	1.410	1.841	-0.093	-0.346	-0.948	0.185	-0.457	0.512	-0.242	0.563	0.328
SyringaeB728a_mexBdelta	Psyr_3799	Psyr_3799		conserved hypothetical protein	-1.734	-0.661	-0.970	-1.821	-0.569	-1.777	-0.029	-1.983	-1.468	-0.179	-1.675	-0.754	1.073	-1.287	-0.549	-1.207	-2.089	-0.557	-1.397	0.026	-2.905	-0.926	-1.783
SyringaeB728a_mexBdelta	Psyr_3800	Psyr_3800		Major facilitator superfamily	-0.697	0.899	2.225	0.364	1.063	1.325	-0.160	1.849	-0.078	0.269	1.538	0.527	0.616	1.094	0.074	0.263	-0.160	-2.082	-0.159	0.267	-0.643	-0.463	-0.816
SyringaeB728a_mexBdelta	Psyr_3801	Psyr_3801		transcriptional regulator, LysR family	0.590	-0.760	1.296	0.249	-0.235	0.415	0.854	-0.653	-1.281	-0.275	0.182	0.504	-0.074	0.504	-0.946	-0.297	-1.720	-0.631	-0.972	-0.045	0.373	0.547	-0.140
SyringaeB728a_mexBdelta	Psyr_3802	Psyr_3802		conserved hypothetical protein	0.167	0.415	1.442	-0.800	-0.372	-1.603	-1.313	-0.135	0.132	0.217	1.261	-0.227	-0.163	-1.306	-2.060	-1.852	-1.543	-1.365	-1.402	-2.006	-1.398	-1.046	-1.273
SyringaeB728a_mexBdelta	Psyr_3803	Psyr_3803		MscS Mechanosensitive ion channel	0.451	-0.816	-1.760	-0.237	1.485	-2.317	-0.246	-0.006	0.101	-0.875	1.436	0.204	0.003	-0.837	0.378	1.799	1.140	1.831	1.133	0.147	1.410	1.266	1.164
SyringaeB728a_mexBdelta	Psyr_3804	Psyr_3804		ATP-dependent DNA helicase, RecQ-like protein	-0.307	0.011	-0.858	-0.310	-0.543	-2.249	-0.192	-0.609	-0.677	-0.820	-0.562	-0.549	-0.323	-2.699	-1.021	-1.035	-1.666	-1.206	-0.922	-0.833	-0.589	-0.363	-1.037
SyringaeB728a_mexBdelta	Psyr_3805	Psyr_3805		hypothetical protein	-2.364	-1.222	-2.503	-1.959	0.005	-0.942	-1.965	-1.659	-2.968	-3.286	-0.952	-2.602	-0.552	0.260	-0.051	-1.304	-1.723	-0.650	0.684	0.430	-2.229	-1.219	-0.874
SyringaeB728a_mexBdelta	Psyr_3806	Psyr_3806		hypothetical protein	-1.638	-1.277	-1.384	0.344	2.159	-0.276	0.724	-1.496	0.531	-0.674	-0.191	0.055	-1.328	-1.146	-0.899	-1.101	1.185	-1.348	0.571	0.395	-2.578	0.407	-0.056
SyringaeB728a_mexBdelta	Psyr_3807	Psyr_3807		hypothetical protein	-4.531	-5.376	-3.079	-2.719	-3.396	-3.918	-3.092	-6.889	-3.652	-3.383	-5.486	-5.583	-1.788	-0.822	-3.577	-3.094	-3.861	-3.134	-0.987	-4.764	-3.304	-3.167	-3.294
SyringaeB728a_mexBdelta	Psyr_3808	Psyr_3808		hypothetical protein	-1.120	-0.588	-2.628	0.165	-1.305	-0.706	-1.876	-1.989	-2.132	-2.501	-2.476	-0.502	-1.365	-1.694	0.666	-0.522	0.352	-0.476	0.926	0.765	0.029	-0.022	-1.219
SyringaeB728a_mexBdelta	Psyr_3809	Psyr_3809		hypothetical protein	-4.365	-2.837	-2.986	-2.077	-1.857	-2.848	-1.623	-3.533	-2.474	-1.622	-3.269	-4.042	-3.581	-2.951	-2.469	-2.448	-1.847	-1.478	-1.858	-2.134	-2.483	-2.234	-3.386
SyringaeB728a_mexBdelta	Psyr_3812	Psyr_3812		CDS	-0.249	-0.411	-0.395	1.278	-0.317	0.169	-0.670	-0.094	-1.926	-0.672	0.003	-0.399	-0.395	-0.838	0.584	0.699	1.366	-0.822	-0.102	-0.780	-0.951	0.541	-0.331
SyringaeB728a_mexBdelta	Psyr_3813	Psyr_3813		type III effector HopAF1	-1.265	-1.197	-0.614	-0.208	-0.678	-1.331	-0.764	-2.776	-1.332	-1.340	-2.683	-0.630	-0.845	-0.902	0.322	0.134	-0.912	-0.179	0.317	-0.051	0.206	-0.418	-0.818
SyringaeB728a_mexBdelta	Psyr_3814	Psyr_3814		Acetyltransferase, GNAT family	0.564	-0.625	0.642	0.644	-1.500	2.845	0.034	0.542	0.519	0.175	0.854	0.320	-0.824	0.150	1.718	1.326	0.592	0.556	-0.219	-0.139	-0.402	1.716	0.116
SyringaeB728a_mexBdelta	Psyr_3815	Psyr_3815		hypothetical protein	0.261	1.402	-0.916	0.090	-0.178	-1.923	-0.720	-0.670	-0.154	-0.425	-0.163	-0.016	1.583	-0.092	0.284	0.342	-0.510	0.314	-0.035	0.240	-0.405	-0.094	0.397
SyringaeB728a_mexBdelta	Psyr_3816	Psyr_3816		hypothetical protein	-0.874	-1.337	-0.601	-0.504	-1.411	0.586	-0.020	-0.072	-0.740	-0.351	-1.423	-0.910	-0.293	-1.313	-1.018	-0.144	0.080	-0.716	-0.001	0.366	-0.201	-0.394	0.345
SyringaeB728a_mexBdelta	Psyr_3817	Psyr_3817		conserved hypothetical protein	-2.403	-1.253	-1.937	-1.509	-0.621	-3.275	-1.000	-3.392	-1.551	-2.900	-1.309	-1.444	-1.870	-2.673	-1.039	-1.777	-1.353	-1.027	-0.851	-0.127	-1.957	-1.604	-0.986
SyringaeB728a_mexBdelta	Psyr_3818	Psyr_3818		conserved hypothetical protein	-0.359	1.570	-0.153	0.346	0.904	0.778	1.112	0.176	-0.009	0.377	-0.490	-0.033	0.100	0.483	0.905	-0.915	-0.501	-0.725	1.231	0.934	1.781	1.698	-0.070
SyringaeB728a_mexBdelta	Psyr_3819	Psyr_3819		Protein of unknown function DUF1349	-0.153	-1.610	-0.402	0.213	-1.334	1.618	-1.598	-1.312	-0.892	0.343	0.140	0.456	-1.169	-0.322	-0.898	-1.575	-0.352	-0.117	-0.868	-1.646	-1.081	-1.334	-0.580
SyringaeB728a_mexBdelta	Psyr_3821	Psyr_3821		Short-chain dehydrogenase/reductase SDR	0.427	1.000	0.526	-0.200	-0.446	2.837	1.530	1.638	0.723	1.166	1.128	0.657	-0.555	-0.003	1.521	-0.602	0.501	0.568	-0.678	1.695	1.684	1.070	1.563
SyringaeB728a_mexBdelta	Psyr_3822	Psyr_3822		Protein of unknown function DUF6	1.145	0.577	-0.416	-0.053	1.104	1.416	-0.934	-0.071	0.899	-0.069	1.033	0.570	-0.483	-0.251	-2.314	-1.230	-0.726	-1.239	0.048	-0.745	-1.028	-1.210	-0.602
SyringaeB728a_mexBdelta	Psyr_3823	Psyr_3823		Hemolysin-type calcium-binding region:Putative Ig	0.301	0.078	0.390	0.844	0.476	1.203	0.367	-0.117	0.202	0.514	0.131	0.566	-0.135	1.907	0.001	0.034	-0.044	-0.856	0.281	0.688	-0.007	0.080	0.582
SyringaeB728a_mexBdelta	Psyr_3824	Psyr_3824		conserved hypothetical protein	2.191	-0.611	0.425	-0.278	-0.988	0.831	-1.327	-0.023	1.220	-1.284	-0.542	-0.199	-0.619	-0.644	-0.139	-1.511	-1.100	-1.063	-1.033	-1.008	-1.123	-0.919	0.120
SyringaeB728a_mexBdelta	Psyr_3825	Psyr_3825		transcriptional regulator, LysR family	-0.661	0.373	0.454	0.171	0.386	0.407	-0.628	0.981	-0.047	1.040	0.193	0.186	0.019	0.139	-1.296	-0.480	-1.758	-1.027	-1.217	-1.000	-0.754	-1.483	0.664
SyringaeB728a_mexBdelta	Psyr_3826	Psyr_3826		Peptidyl-prolyl cis-trans isomerase, cyclophilin type	-0.670	-0.747	-1.085	-2.193	-1.025	-1.811	-0.761	0.219	0.258	-0.369	-0.865	0.642	1.399	-0.568	0.853	1.782	1.633	0.545	0.615	1.505	1.081	1.365	-0.167
SyringaeB728a_mexBdelta	Psyr_3827	Psyr_3827		ABC transporter, transmembrane region:ABC transporter	0.357	-0.247	0.177	-0.251	-0.835	0.862	0.093	0.126	-0.260	0.736	-0.426	0.487	-0.544	-1.447	0.161	-0.068	0.071	-1.108	-0.774	0.040	-0.824	0.284	-0.330
SyringaeB728a_mexBdelta	Psyr_3828	Psyr_3828		Protein of unknown function DUF482	-0.491	-0.111	0.931	-0.190	-0.075	-1.087	1.569	-0.256	0.634	0.984	0.912	0.442	-1.841	-2.093	-0.508	-0.370	-1.497	-1.655	-2.008	-1.292	-0.449	-0.657	-1.302
SyringaeB728a_mexBdelta	Psyr_3829	Psyr_3829		Leucine-rich repeat protein	0.243	0.253	-0.738	0.441	-0.684	-0.857	-0.100	-1.023	0.070	-0.317	0.017	-0.074	-0.406	-0.099	-0.433	-0.211	-0.643	-0.171	-0.780	0.445	-0.399	-0.180	-0.199
SyringaeB728a_mexBdelta	Psyr_3830	Psyr_3830		3-oxoacyl-[acyl-carrier protein] synthase	-0.299	-0.636	-2.502	-0.809	0.243	-0.753	0.135	-2.099	0.211	-0.575	0.580	-1.101	0.480	1.460	-0.487	0.039	-0.262	-0.110	-1.507	0.726	-0.272	-0.131	-0.341
SyringaeB728a_mexBdelta	Psyr_3831	Psyr_3831		ATP-dependent helicase HrpA	-0.764	-1.039	1.403	-1.316	-1.753	0.649	-3.490	-14.950	-0.446	-1.725	-3.661	-0.362	-0.085	-2.660	-0.527	0.390	-0.252	0.628	-0.180	1.553	0.331	0.121	-0.222
SyringaeB728a_mexBdelta	Psyr_3833	Psyr_3833		Plasmid stabilization system	-0.398	0.918	0.558	0.694	0.107	-0.689	1.473	-0.020	-0.217	-2.065	-0.569	-1.382	-0.686	-1.049	-0.312	0.510	-2.472	0.453	0.549	-1.299	-1.614	-0.752	-0.532
SyringaeB728a_mexBdelta	Psyr_3834	Psyr_3834		AMP-dependent synthetase and ligase	0.583	-0.180	0.244	0.203	1.177	1.433	1.948	3.084	1.242	-1.240	-2.250	-0.264	-0.415	-1.468	-0.470	-0.340	-0.543	0.321	-0.594	0.386	-0.353	-0.339	0.922
SyringaeB728a_mexBdelta	Psyr_3835	Psyr_3835		hypothetical protein	1.967	-0.299	0.238	1.053	-0.039	-0.452	1.795	0.095	2.075	-0.366	0.274	2.370	-0.602	-1.119	0.272	-0.126	-0.158	-1.572	0.268	0.868	-0.192	0.287	-1.047
SyringaeB728a_mexBdelta	Psyr_3836	Psyr_3836		AMP-dependent synthetase and ligase	0.763	1.284	0.098	0.491	-0.658	-0.499	-0.303	-1.321	0.236	1.674	-0.210	0.555	0.776	0.378	0.763	0.184	1.143	-0.568	-0.280	0.771	0.310	-0.134	1.559
SyringaeB728a_mexBdelta	Psyr_3837	Psyr_3837		conserved hypothetical protein	2.987	2.886	1.485	0.589	0.161	-0.806	1.624	-0.208	-0.119	2.710	0.091	1.876	-1.307	-0.973	-0.391	0.473	-0.245	0.521	-0.256	-0.136	-0.468	0.646	0.089
SyringaeB728a_mexBdelta	Psyr_3839	Psyr_3839		type III helper protein HopAK1	-0.240	-0.679	-1.681	-1.324	-1.208	-0.581	0.398	-0.506	-0.343	-1.625	-0.677	-2.124	0.140	-0.999	0.014	-0.212	-0.231	-0.129	-1.066	-0.373	-0.509	-0.973	0.131
SyringaeB728a_mexBdelta	Psyr_3840	Psyr_3840		conserved hypothetical protein	1.181	3.322	0.961	-0.358	-0.253	0.765	-0.817	-1.354	-0.347	0.477	1.132	-0.747	0.006	-0.139	0.220	-0.105	0.350	0.485	0.364	0.123	-0.157	0.138	-0.628
SyringaeB728a_mexBdelta	Psyr_3841	Psyr_3841		conserved hypothetical protein	-0.219	-1.875	-0.316	-2.270	-1.400	-1.510	0.159	-1.076	-0.604	-1.632	-0.115	-1.263	3.020	0.035	1.437	0.081	1.803	0.625	-0.288	-0.198	-0.109	-0.186	0.890
SyringaeB728a_mexBdelta	Psyr_3842	Psyr_3842		SNF2-related:Helicase, C-terminal:Type III restriction enzyme, res subunit	-1.853	-0.335	-1.028	-2.545	-0.621	-3.867	0.823	-0.522	4.325	-1.931	-0.849	-3.163	-1.306	5.159	-3.696	-0.909	-1.813	-1.007	-2.044	-4.451	-2.376	-2.134	-2.661
SyringaeB728a_mexBdelta	Psyr_3843	Psyr_3843		diguanylate cyclase/phosphodiesterase	0.527	0.197	-0.086	-0.029	0.185	-0.222	-0.230	-0.557	0.875	-0.816	-0.030	0.159	0.137	0.323	-0.318	0.812	-0.987	-0.685	-0.447	0.438	-0.748	-1.608	0.145
SyringaeB728a_mexBdelta	Psyr_3844	Psyr_3844		conserved hypothetical protein	-1.148	-1.573	-1.436	-0.458	-0.324	-1.005	-0.666	-1.162	-1.283	-0.484	-2.288	-1.364	-0.348	-1.348	0.503	0.333	0.068	1.196	1.566	1.341	0.445	-0.134	1.636
SyringaeB728a_mexBdelta	Psyr_3845	Psyr_3845		L-leucine-binding protein / L-valine-binding protein / L-isoleucine-binding protein	-0.955	0.552	-1.855	0.113	-0.528	-0.536	-0.882	-0.856	-0.330	-0.592	-0.407	0.467	0.046	-1.294	0.346	-0.791	0.292	-0.634	-1.415	0.537	0.130	-0.484	-1.264
SyringaeB728a_mexBdelta	Psyr_3846	Psyr_3846		L-valine ABC transporter membrane protein / L-isoleucine ABC transporter membrane protein / L-leucine ABC transporter membrane protein	-0.075	-0.108	-1.355	-0.339	0.676	-0.703	0.220	-1.602	-0.251	-0.197	-0.701	0.362	-0.433	-0.162	0.145	-0.419	-1.240	-0.883	-0.729	-0.119	-1.330	-1.278	-0.683
SyringaeB728a_mexBdelta	Psyr_3847	Psyr_3847		L-valine ABC transporter membrane protein / L-isoleucine ABC transporter membrane protein / L-leucine ABC transporter membrane protein	0.384	0.991	-0.195	0.515	-0.710	-2.990	0.328	0.429	-0.553	-0.415	-0.628	0.107	0.202	-0.066	0.087	0.793	0.314	0.842	1.961	1.432	0.429	1.789	1.543
SyringaeB728a_mexBdelta	Psyr_3848	Psyr_3848		L-valine ABC transporter ATP-binding protein / L-isoleucine ABC transporter ATP-binding protein / L-leucine ABC transporter ATP-binding protein	1.048	0.566	-0.366	0.026	-0.585	-0.904	0.037	-0.551	-0.321	-0.745	-0.370	0.881	1.110	1.195	-0.329	1.133	0.587	0.460	-1.709	0.152	0.668	0.057	-0.476
SyringaeB728a_mexBdelta	Psyr_3849	Psyr_3849		L-isoleucine ABC transporter ATP-binding protein / L-leucine ABC transporter ATP-binding protein / L-valine ABC transporter ATP-binding protein	-0.649	0.092	-0.756	-0.535	-0.678	-1.105	0.139	-0.935	-0.299	-0.307	0.400	-1.079	1.297	2.093	-1.106	-0.759	-1.891	-0.036	-1.314	-0.069	0.094	-0.427	-0.458
SyringaeB728a_mexBdelta	Psyr_3850	Psyr_3850		lipoprotein, putative	0.745	0.938	0.546	0.308	-0.579	0.865	0.219	0.357	1.462	1.018	-0.645	0.271	0.435	-0.156	-0.268	0.152	-0.706	0.391	0.154	-0.442	-0.271	0.011	-0.033
SyringaeB728a_mexBdelta	Psyr_3851	Psyr_3851		conserved hypothetical protein	0.584	-0.367	0.297	-0.103	0.725	-0.052	-1.896	-2.008	0.273	0.516	1.853	1.509	0.260	0.180	-0.371	0.315	-0.019	0.356	0.157	1.012	-1.063	0.298	0.167
SyringaeB728a_mexBdelta	Psyr_3852	Psyr_3852		lipoprotein SlyB, putative	1.368	-0.273	0.903	0.842	0.383	0.713	1.409	-0.255	2.252	0.586	0.627	0.538	-0.373	-1.037	-0.506	-0.033	-0.447	-0.041	-0.939	-0.981	-0.025	-0.140	0.539
SyringaeB728a_mexBdelta	Psyr_3854	Psyr_3854		OmpA/MotB	1.061	0.126	0.084	0.140	0.043	0.427	-0.124	-0.277	0.421	0.210	1.633	0.605	0.067	0.036	-1.359	-1.006	-1.238	-1.085	-2.678	-1.264	-1.382	-1.155	-1.869
SyringaeB728a_mexBdelta	Psyr_3855	Psyr_3855		Beta-lactamase	0.857	-0.724	0.642	0.741	-0.768	0.971	0.015	-0.442	0.817	-0.101	2.312	0.534	2.518	1.562	-0.726	0.072	-0.047	-0.025	0.454	-0.117	0.111	0.340	0.058
SyringaeB728a_mexBdelta	Psyr_3856	Psyr_3856		Helicase c2	-0.219	-0.301	-1.516	-1.415	-0.326	1.437	-0.598	-0.758	3.444	-1.605	-0.776	-1.047	0.647	-1.748	-0.461	-0.379	-0.315	-0.710	-2.049	-1.231	-0.956	-1.259	-1.094
SyringaeB728a_mexBdelta	Psyr_3857	Psyr_3857		conserved hypothetical protein	-1.719	-0.091	-1.366	-0.372	0.070	-1.171	0.037	0.165	-2.220	0.114	-0.037	-0.956	-0.233	-0.640	-0.843	0.372	0.269	0.059	0.944	0.218	-0.343	-0.152	-0.120
SyringaeB728a_mexBdelta	Psyr_3858	Psyr_3858		Nucleoside-specific channel-forming protein, Tsx	0.719	1.449	-0.033	1.394	0.734	1.478	0.169	1.238	-0.940	0.150	0.812	1.283	0.148	-0.400	-0.582	-0.133	-0.962	0.039	-0.261	0.596	0.016	-0.208	0.385
SyringaeB728a_mexBdelta	Psyr_3859	Psyr_3859		Purine nucleoside permease	-0.591	-0.144	-0.848	-0.492	-0.486	3.142	-1.333	0.311	-0.328	0.523	0.196	-0.185	0.654	0.537	-0.261	-0.882	-0.108	-0.220	-1.560	-0.190	-0.612	-0.419	-0.627
SyringaeB728a_mexBdelta	Psyr_3860	Psyr_3860		conserved hypothetical protein	-0.338	-0.461	0.340	-0.076	0.992	2.014	-0.921	-0.005	-0.630	0.856	0.831	-0.127	1.363	1.009	-0.972	-0.120	-0.944	-0.506	-0.362	0.407	-1.966	-0.492	-0.516
SyringaeB728a_mexBdelta	Psyr_3861	Psyr_3861		Protein of unknown function DUF1145	-0.685	-0.402	0.516	-0.126	0.044	0.600	0.918	-0.090	-0.564	-0.511	1.170	0.403	0.068	0.796	1.120	-0.780	-2.081	0.896	-0.065	-0.718	-0.113	-0.612	0.003
SyringaeB728a_mexBdelta	Psyr_3862	Psyr_3862		conserved hypothetical protein	-0.304	-0.176	0.325	-0.987	1.043	1.942	0.506	-0.164	-0.399	0.506	-0.855	-0.143	1.261	2.211	0.183	-0.177	0.466	-0.826	1.096	0.411	0.317	0.867	-0.263
SyringaeB728a_mexBdelta	Psyr_3863	Psyr_3863		SEC-C motif protein	-1.296	-0.181	-0.684	-0.135	-0.168	0.070	-1.086	0.643	-1.140	-1.023	-0.006	0.567	-0.728	-0.709	-0.692	-0.193	-0.981	-1.338	-1.127	-1.150	-0.265	-0.048	0.190
SyringaeB728a_mexBdelta	Psyr_3864	Psyr_3864		TonB-dependent siderophore receptor	0.809	1.122	0.582	0.459	0.558	1.345	0.706	0.119	0.556	0.242	0.349	0.901	0.434	0.315	-0.132	-0.190	0.311	0.078	-0.035	-0.292	0.259	0.774	0.316
SyringaeB728a_mexBdelta	Psyr_3865	Psyr_3865		conserved hypothetical protein	-0.143	0.305	-1.363	-0.251	-0.338	-0.677	-2.556	-1.536	0.217	-1.752	-1.031	-2.167	-1.305	-1.012	0.118	-0.198	-1.084	-0.033	-0.552	-1.353	0.770	0.914	0.343
SyringaeB728a_mexBdelta	Psyr_3866	Psyr_3866		conserved hypothetical protein	-0.273	0.615	-1.118	-0.731	-1.374	1.820	-0.605	-0.247	-0.972	-0.379	-1.246	-1.136	-0.798	-0.354	-0.139	0.338	-0.680	-0.584	-1.499	-0.697	-0.160	-0.356	-0.806
SyringaeB728a_mexBdelta	Psyr_3867	Psyr_3867		hypothetical protein	-1.700	-0.955	-0.059	-0.438	-1.254	-0.268	-1.338	-0.764	-0.773	-2.159	-0.994	-0.585	0.781	-0.303	-0.052	0.915	-0.551	0.705	0.451	-0.582	-0.118	0.847	0.042
SyringaeB728a_mexBdelta	Psyr_3870	Psyr_3870		SEC-C motif protein	0.474	0.926	1.656	-0.157	0.642	1.058	-0.178	0.171	0.716	0.082	-0.277	-0.151	0.911	-1.097	0.618	0.846	-0.921	-1.816	-0.127	0.455	0.526	-0.356	-0.806
SyringaeB728a_mexBdelta	Psyr_3871	Psyr_3871		Penicillin amidase	0.787	0.552	-2.426	-0.948	-1.639	0.493	-1.931	-4.974	0.710	-0.448	1.091	0.004	-0.282	0.275	0.034	-0.470	-1.942	-0.437	-1.332	0.152	-0.449	-0.078	0.356
SyringaeB728a_mexBdelta	Psyr_3872	Psyr_3872		conserved hypothetical protein	1.217	1.650	1.542	0.585	1.017	1.540	-0.183	-0.020	-0.790	0.142	0.085	1.151	0.946	0.827	0.291	0.719	0.894	-0.011	1.390	0.686	0.776	1.137	0.154
SyringaeB728a_mexBdelta	Psyr_3873	Psyr_3873		ATP-dependent DNA ligase:ATP-dependent DNA ligase	-0.235	0.106	1.030	-0.052	0.370	-0.610	-0.046	-0.396	-0.211	0.071	0.045	-1.217	0.151	1.095	0.705	0.780	-0.214	0.726	1.234	0.987	0.489	0.418	0.664
SyringaeB728a_mexBdelta	Psyr_3874	Psyr_3874		amino acid ABC transporter substrate-binding protein, PAAT family	2.296	-0.538	1.222	-0.067	1.185	-0.506	1.129	-0.089	0.412	-0.061	2.195	0.808	-0.476	-2.221	0.389	0.342	-0.113	-0.387	1.433	1.542	0.343	1.170	0.478
SyringaeB728a_mexBdelta	Psyr_3875	Psyr_3875		amino acid ABC transporter membrane protein 1, PAAT family	-0.011	1.082	0.333	-0.256	0.262	-3.763	1.028	-0.634	-0.821	0.079	-0.181	0.057	-1.425	-1.180	0.536	0.494	0.592	-0.278	0.383	0.651	0.211	-0.236	1.214
SyringaeB728a_mexBdelta	Psyr_3876	Psyr_3876		amino acid ABC transporter membrane protein 2, PAAT family	1.168	0.284	-0.677	-0.420	1.579	1.084	-0.126	-0.460	-0.449	-0.323	0.267	0.679	-0.036	1.096	1.445	0.307	0.869	0.391	-0.097	1.001	0.104	0.625	0.307
SyringaeB728a_mexBdelta	Psyr_3878	Psyr_3878		amino acid ABC transporter ATP-binding protein, PAAT family	-2.380	-0.404	-1.415	-1.792	-2.113	0.609	-0.789	-0.695	-1.247	-1.373	0.050	-1.082	-1.894	-2.454	-0.270	-0.099	-0.327	-1.015	0.482	-0.579	-0.635	-0.833	-1.170
SyringaeB728a_mexBdelta	Psyr_3879	Psyr_3879		hypothetical protein	2.132	0.192	0.056	-0.674	1.808	0.157	1.334	0.441	1.649	1.467	-0.687	-0.199	3.014	1.174	1.900	1.710	1.990	2.470	2.595	0.533	0.547	1.439	1.846
SyringaeB728a_mexBdelta	Psyr_3880	Psyr_3880		Helicase, C-terminal:DEAD/DEAH box helicase, N-terminal	0.097	-0.342	-1.066	0.462	-1.643	1.955	-0.173	-0.458	-1.460	0.045	-0.131	-0.558	-0.296	-0.755	-0.587	-1.269	-0.980	-1.206	-2.206	-0.406	-1.927	-1.478	-1.026
SyringaeB728a_mexBdelta	Psyr_3881	Psyr_3881		conserved hypothetical protein	-1.980	0.354	-1.443	-0.894	-0.854	-1.021	-1.062	-1.940	-0.875	-2.079	-1.018	-1.723	0.297	-0.119	-0.670	-0.308	-0.144	0.609	-0.556	0.464	-0.555	-1.172	-0.362
SyringaeB728a_mexBdelta	Psyr_3883	Psyr_3883		dCTP deaminase	-3.363	-3.089	-1.326	-2.659	-2.245	-1.866	-2.129	-2.683	-3.112	-3.032	-3.346	-3.354	-1.658	-0.844	-1.705	-2.350	-2.093	-2.092	-2.486	-2.813	-1.370	-2.200	-1.389
SyringaeB728a_mexBdelta	Psyr_3887	Psyr_3887		Electron transport complex, RnfABCDGE type, B subunit	0.940	1.372	-0.529	-0.241	0.374	2.142	1.402	-0.398	1.557	1.020	-1.502	1.409	1.562	1.624	2.216	1.683	0.423	2.235	3.086	0.020	2.146	2.136	1.209
SyringaeB728a_mexBdelta	Psyr_3888	Psyr_3888		endonuclease III / DNA-(apurinic or apyrimidinic site) lyase	1.192	1.005	-0.342	0.990	0.666	0.222	0.416	0.180	2.107	0.792	-0.027	0.068	-0.375	-0.386	1.278	1.040	0.070	0.852	0.492	-0.033	0.579	0.871	0.197
SyringaeB728a_mexBdelta	Psyr_3889	Psyr_3889		conserved hypothetical protein	-0.539	-1.006	-0.861	-1.352	-1.165	0.777	-0.347	-0.954	0.118	-0.821	-1.212	-1.645	0.649	0.437	-0.143	0.498	-1.162	1.383	-3.352	-0.355	-1.023	0.899	0.462
SyringaeB728a_mexBdelta	Psyr_3890	Psyr_3890		regulatory protein, LuxR:Response regulator receiver	0.660	-0.834	-0.753	-0.305	-1.007	0.368	-0.242	-0.661	-0.000	-0.704	-2.300	-1.802	0.345	1.143	-1.967	-0.301	-0.507	0.021	0.270	-0.609	-0.448	-0.742	-0.031
SyringaeB728a_mexBdelta	Psyr_3891	Psyr_3891		hypothetical protein	0.092	0.218	0.473	0.944	2.154	0.849	0.424	1.211	1.280	0.687	0.240	1.079	0.078	-0.836	0.943	0.553	-0.298	0.071	1.086	-0.376	0.040	1.143	1.619
SyringaeB728a_mexBdelta	Psyr_3893	Psyr_3893		OmpA/MotB	-0.358	0.757	0.370	1.218	1.956	-0.563	-0.011	1.212	2.442	1.862	-0.577	0.210	1.069	0.805	0.159	0.374	-0.196	-0.570	0.646	0.424	-0.823	0.993	0.405
SyringaeB728a_mexBdelta	Psyr_3896	Psyr_3896		BFD-like [2Fe-2S]-binding region	0.808	-0.847	0.928	0.951	0.214	-0.905	1.529	0.544	0.195	0.463	0.602	1.287	0.622	1.266	-0.050	-0.586	-0.773	-0.416	-0.702	-0.786	-0.931	-1.481	-1.095
SyringaeB728a_mexBdelta	Psyr_3897	Psyr_3897		Bacterioferritin	0.377	-0.442	1.484	1.106	0.216	1.666	0.942	1.109	0.640	-0.360	0.347	-0.686	-0.252	-0.221	-0.770	-0.479	-0.705	-1.609	-0.887	-0.563	-0.378	-2.064	-0.341
SyringaeB728a_mexBdelta	Psyr_3899	Psyr_3899		Molybdopterin oxidoreductase:molybdopterin dinucleotide-binding region	0.626	0.991	1.193	-1.168	0.035	0.304	0.226	-0.942	0.098	1.096	0.637	1.044	0.189	0.670	-1.054	0.398	-0.028	-0.739	-0.276	-0.472	-0.526	-0.736	-0.030
SyringaeB728a_mexBdelta	Psyr_3900	Psyr_3900		conserved hypothetical protein	-0.640	0.110	-2.686	-0.797	-0.871	-0.410	0.529	-2.280	-0.123	-0.933	-1.249	1.319	1.263	0.978	-0.338	-0.092	0.087	0.330	-0.490	-0.006	0.392	-0.791	0.050
SyringaeB728a_mexBdelta	Psyr_3902	Psyr_3902		ABC transporter:TOBE	-1.125	-0.254	-2.847	-1.295	-1.990	-1.489	-1.773	-1.745	-1.312	-0.369	-1.802	-0.675	0.126	1.465	0.702	0.770	0.535	-0.224	-0.023	-0.217	0.126	0.613	0.257
SyringaeB728a_mexBdelta	Psyr_3903	Psyr_3903		Conserved hypothetical protein 11	0.596	0.015	-0.842	-0.778	0.047	1.837	1.137	-0.129	-0.064	0.385	-0.671	-1.307	-1.518	0.310	-1.889	-0.342	-1.361	-0.539	-1.880	-1.057	-1.202	-1.952	-1.672
SyringaeB728a_mexBdelta	Psyr_3904	Psyr_3904		Major intrinsic protein	-2.641	-2.217	-0.855	-2.861	-2.452	-0.946	0.196	0.380	-2.672	-3.024	-1.342	-3.445	-1.872	-3.263	-2.432	-2.218	-0.957	-1.724	-3.626	-3.256	-3.277	-2.575	-3.986
SyringaeB728a_mexBdelta	Psyr_3905	Psyr_3905		glycerol kinase	-3.291	-4.191	-3.135	-3.308	-1.570	1.778	-2.178	1.038	-3.598	-1.229	-1.841	-2.152	-2.870	-0.626	-5.313	-2.572	0.476	-3.960	-4.243	-3.376	-3.754	-3.059	-5.438
SyringaeB728a_mexBdelta	Psyr_3906	Psyr_3906		regulatory protein, DeoR	0.031	0.562	-0.941	0.479	0.128	3.899	-0.644	1.767	-0.630	1.420	0.017	0.688	-0.772	-0.908	0.349	0.230	0.791	-1.142	0.039	0.220	-1.547	-0.817	-0.333
SyringaeB728a_mexBdelta	Psyr_3908	Psyr_3908		L-aspartate-binding protein / L-glutamate-binding protein	-0.176	1.201	0.140	1.582	0.341	1.043	0.731	1.188	0.578	0.106	0.754	1.760	1.166	0.047	-0.601	-0.419	-0.332	-0.434	0.110	-0.435	-0.102	0.369	-1.123
SyringaeB728a_mexBdelta	Psyr_3909	Psyr_3909		L-aspartate ABC transporter membrane protein / L-glutamate ABC transporter membrane protein	-0.434	-0.349	-1.196	-0.140	-0.198	-2.229	-0.282	-0.890	-0.624	0.653	-2.053	-0.949	-1.254	-1.248	-1.119	-1.066	-1.278	-0.930	-1.361	-1.540	-0.993	-2.037	-1.451
SyringaeB728a_mexBdelta	Psyr_3910	Psyr_3910		L-aspartate ABC transporter membrane protein / L-glutamate ABC transporter membrane protein	-1.106	0.216	-0.452	-1.244	-1.423	0.122	0.466	0.470	-0.754	0.556	-0.818	-1.263	0.366	-0.532	1.077	-0.153	-1.453	-0.361	-0.940	0.380	0.531	-0.022	0.180
SyringaeB728a_mexBdelta	Psyr_3912	Psyr_3912		ATP-binding region, ATPase-like:Histidine kinase A, N-terminal	0.477	-0.104	-0.288	-0.023	0.552	1.699	0.082	0.925	1.004	1.876	0.064	1.327	0.628	1.626	0.784	0.925	0.338	0.210	-0.252	-0.211	0.633	0.260	0.163
SyringaeB728a_mexBdelta	Psyr_3913	Psyr_3913		Helix-turn-helix, Fis-type	0.074	-0.506	-0.230	0.968	-1.377	-0.228	1.174	0.556	1.163	-0.357	0.822	-0.810	-0.929	1.003	-1.766	-0.301	-1.727	-1.345	-1.659	-0.629	-1.456	-0.537	-1.214
SyringaeB728a_mexBdelta	Psyr_3914	Psyr_3914		DSBA oxidoreductase	0.582	0.638	0.720	1.265	1.705	1.847	1.416	0.997	0.550	2.113	1.863	1.931	2.043	2.074	-0.148	1.019	1.495	0.841	1.349	0.802	1.754	1.056	1.487
SyringaeB728a_mexBdelta	Psyr_3915	Psyr_3915		Alpha/beta hydrolase fold protein	0.073	0.088	-0.977	0.110	2.072	-1.465	0.899	-0.854	-0.174	-0.310	-0.054	-0.649	-0.823	-2.203	0.181	-0.725	0.471	1.418	1.490	-1.498	-1.322	0.457	-0.218
SyringaeB728a_mexBdelta	Psyr_3916	Psyr_3916		methionine synthase (B12-independent)	-0.221	-0.081	-0.419	-0.461	-0.530	1.799	0.567	-0.720	0.595	0.814	-0.549	0.230	-1.119	-0.735	0.434	1.656	1.527	0.681	0.797	1.072	0.020	1.017	1.821
SyringaeB728a_mexBdelta	Psyr_3917	Psyr_3917		transcriptional regulator, LysR family	0.954	1.579	2.139	1.152	0.134	-0.529	1.338	0.736	2.764	-0.653	0.665	1.094	1.445	2.046	0.279	0.618	-0.767	0.058	0.873	0.530	-0.887	-0.020	0.193
SyringaeB728a_mexBdelta	Psyr_3918	Psyr_3918		NUDIX hydrolase	2.391	2.857	0.811	2.074	0.698	1.878	0.598	1.870	0.155	0.214	2.086	1.407	0.467	1.225	0.055	0.403	0.604	0.574	-0.400	-0.221	-0.952	-0.883	-1.244
SyringaeB728a_mexBdelta	Psyr_3919	Psyr_3919		D-alanine--D-alanine ligase	0.067	0.734	-1.126	0.452	-0.191	2.548	0.633	0.650	-0.269	0.354	-1.363	-0.596	0.395	1.448	0.895	0.998	0.059	0.196	-0.097	0.135	2.160	0.832	1.526
SyringaeB728a_mexBdelta	Psyr_3920	Psyr_3920		LSU ribosomal protein L31P	-1.296	-2.048	-0.431	-0.975	0.002	0.009	-0.303	-0.293	0.706	-1.061	1.054	-0.414	-1.445	-0.459	0.972	1.942	0.992	0.545	-0.081	1.399	1.385	0.981	1.194
SyringaeB728a_mexBdelta	Psyr_3921	Psyr_3921		membrane protein, putative	0.938	1.026	-2.540	-0.122	-0.762	0.340	-1.361	1.242	-0.949	-0.658	-1.157	-0.815	-0.468	0.231	-0.300	-0.251	0.051	-0.323	-0.810	-1.009	0.172	-0.053	0.856
SyringaeB728a_mexBdelta	Psyr_3922	Psyr_3922		conserved hypothetical protein	-1.355	-0.739	-2.685	-1.607	0.235	-1.723	0.540	-1.583	-0.537	-1.030	-1.411	-1.766	0.103	-0.100	0.689	-0.803	0.165	-0.593	-0.643	-0.391	-0.868	-1.040	-1.637
SyringaeB728a_mexBdelta	Psyr_3923	Psyr_3923		hypothetical protein	-1.619	-1.507	-1.243	-1.199	-0.799	0.077	0.761	-0.498	-1.428	-0.497	-1.935	-2.693	-0.830	-0.448	1.281	0.797	0.820	1.361	0.033	1.767	0.824	0.286	0.521
SyringaeB728a_mexBdelta	Psyr_3924	Psyr_3924		conserved hypothetical protein	-1.143	-1.837	0.148	-0.538	0.176	-2.102	-0.261	-0.449	-0.217	-0.605	-1.148	-0.396	-1.425	-1.592	-2.809	-0.745	-2.638	-1.644	-2.641	-1.727	-1.851	-0.926	-2.616
SyringaeB728a_mexBdelta	Psyr_3925	Psyr_3925		conserved hypothetical protein	0.927	1.060	0.576	0.722	0.328	0.910	1.417	0.940	1.787	0.736	1.219	1.203	0.655	0.363	0.859	0.087	-0.870	0.366	-1.107	0.849	-0.290	0.067	0.892
SyringaeB728a_mexBdelta	Psyr_3926	Psyr_3926		transcriptional regulator, PadR family	-0.667	0.327	-2.154	0.306	1.344	-0.846	0.288	-1.143	0.189	-0.947	-2.019	0.031	0.597	0.661	0.285	1.699	1.185	0.558	0.344	-0.477	-0.149	1.567	1.220
SyringaeB728a_mexBdelta	Psyr_3927	Psyr_3927		Siderophore-interacting protein	-0.336	0.723	0.141	-1.476	-0.386	-0.993	1.002	-0.388	0.029	-0.782	-0.469	0.328	-2.474	-2.600	0.327	0.779	2.036	0.416	1.474	0.963	0.567	0.326	0.624
SyringaeB728a_mexBdelta	Psyr_3928	Psyr_3928		conserved domain protein	-0.222	-0.191	-0.593	-0.991	-0.302	-2.375	0.873	-0.276	0.415	0.725	-0.267	-0.691	-0.561	0.214	0.510	1.209	0.508	0.802	0.977	0.882	0.789	-0.064	0.023
SyringaeB728a_mexBdelta	Psyr_3929	Psyr_3929		conserved hypothetical protein	-1.012	-0.658	0.372	-0.272	-1.037	1.941	-0.093	-0.319	-1.560	0.043	0.109	-0.682	-0.230	-0.169	-1.801	-0.132	0.651	-0.280	2.078	-1.189	-0.530	0.337	-0.750
SyringaeB728a_mexBdelta	Psyr_3930	Psyr_3930		quinoprotein glucose dehydrogenase	0.592	1.200	-0.226	-0.013	0.856	1.290	-0.694	0.773	0.440	0.367	-0.080	0.903	1.916	2.269	0.177	0.247	0.116	0.279	0.090	-0.370	0.148	-0.233	-0.438
SyringaeB728a_mexBdelta	Psyr_3931	Psyr_3931		conserved hypothetical protein	1.527	0.459	1.931	0.190	-0.354	-0.333	-0.138	0.955	0.891	0.530	1.025	0.606	0.746	-0.423	0.815	0.006	-0.289	0.642	1.181	0.875	0.168	0.413	0.674
SyringaeB728a_mexBdelta	Psyr_3932	Psyr_3932		Cobalamin synthesis protein/P47K:Cobalamin synthesis protein/P47K	0.187	0.439	0.283	-0.243	-0.493	0.266	0.454	-0.715	1.169	0.120	0.566	-0.445	-0.459	0.091	0.755	0.564	1.975	0.233	-0.223	0.381	-0.007	0.845	1.029
SyringaeB728a_mexBdelta	Psyr_3934	Psyr_3934		Short-chain dehydrogenase/reductase SDR	0.040	0.257	0.448	-0.114	-0.073	-2.168	-0.263	0.238	-0.293	0.246	0.120	-0.182	-1.335	-0.886	0.774	1.033	0.467	-0.201	0.225	1.499	1.244	0.430	-0.885
SyringaeB728a_mexBdelta	Psyr_3935	Psyr_3935		Short-chain dehydrogenase/reductase SDR	0.683	-0.616	0.730	0.331	0.726	-0.032	1.018	0.444	-0.298	-0.857	0.194	0.242	0.662	0.264	0.068	-1.001	-0.180	0.430	-1.559	-1.303	-0.465	1.022	-0.758
SyringaeB728a_mexBdelta	Psyr_3936	Psyr_3936		General substrate transporter:Major facilitator superfamily	-0.521	-1.484	-1.096	0.261	-0.399	0.135	0.979	0.459	-0.305	0.263	-0.223	-1.059	-0.827	0.232	0.182	1.062	0.394	-0.860	1.029	1.214	-0.576	0.593	0.362
SyringaeB728a_mexBdelta	Psyr_3937	Psyr_3937		Polysaccharide deacetylase	0.330	-0.341	-0.697	0.373	-1.004	-0.258	0.133	-0.509	0.172	0.437	0.263	-0.714	-2.544	-0.456	-1.214	-0.355	-1.547	0.324	0.241	-1.306	-0.949	-0.697	-0.952
SyringaeB728a_mexBdelta	Psyr_3938	Psyr_3938		Amidase	-0.039	0.035	0.202	-0.185	0.454	0.456	0.025	-0.678	-0.843	0.151	0.390	1.539	-0.280	-0.757	0.232	-0.786	0.360	0.523	0.256	0.614	-0.199	-0.819	-0.383
SyringaeB728a_mexBdelta	Psyr_3939	Psyr_3939		transcriptional regulator, GntR family	-0.077	1.153	0.599	-0.682	-0.336	0.144	-0.351	0.933	1.124	-0.184	2.801	0.446	-0.451	0.403	-0.510	0.292	-0.300	1.968	-1.428	-0.783	0.132	-0.184	1.031
SyringaeB728a_mexBdelta	Psyr_3941	Psyr_3941		conserved hypothetical protein	1.644	1.685	-0.221	-0.440	-0.335	1.246	1.096	0.748	2.653	0.549	-0.088	0.372	-0.187	-0.150	0.746	1.312	1.484	1.339	0.788	1.766	0.981	1.832	1.413
SyringaeB728a_mexBdelta	Psyr_3942	Psyr_3942		diguanylate cyclase/phosphodiesterase	0.245	-0.121	-1.127	0.943	-0.352	0.767	-0.049	-0.161	0.383	-0.573	0.219	-0.683	0.041	-0.009	-0.514	-0.661	0.219	0.026	0.078	-0.317	-0.810	0.039	-0.578
SyringaeB728a_mexBdelta	Psyr_3943	Psyr_3943		conserved hypothetical protein	0.421	0.262	0.250	0.421	0.624	0.847	-0.666	0.777	-0.279	-0.076	-0.511	1.981	-0.972	1.913	-0.045	0.550	0.416	-0.272	-0.627	0.545	1.102	0.701	0.783
SyringaeB728a_mexBdelta	Psyr_3944	Psyr_3944		ATP dependent PIM1 peptidase, Serine peptidase, MEROPS family S16	-0.873	0.322	-2.523	-0.121	0.503	2.916	0.010	0.215	-0.187	-0.119	-0.463	-0.466	-0.863	1.760	0.771	-0.000	-0.317	-0.218	-0.259	-0.532	0.428	-0.473	-0.305
SyringaeB728a_mexBdelta	Psyr_3945	Psyr_3945		secreted protein-like protein	1.715	-0.562	0.397	0.131	-0.203	-0.057	-1.206	0.838	-0.194	-0.397	0.149	1.085	-0.161	-0.277	0.612	-0.260	0.545	0.482	0.443	-0.350	-0.524	1.190	0.362
SyringaeB728a_mexBdelta	Psyr_3946	Psyr_3946		Proteobacterial methyltransferase	1.443	-0.025	-1.484	1.147	-1.071	-0.850	1.795	-0.474	-0.821	-0.007	-0.327	-0.840	1.022	0.908	1.612	1.295	0.040	1.287	-0.573	2.514	0.211	0.251	-0.902
SyringaeB728a_mexBdelta	Psyr_3947	Psyr_3947		Methyltransferase, putative	-0.970	-0.227	-2.260	-0.668	-1.240	1.459	-0.061	-2.594	0.562	-0.600	-1.235	-0.472	-0.837	-0.928	1.356	1.185	1.402	0.701	2.936	0.804	0.580	0.700	1.075
SyringaeB728a_mexBdelta	Psyr_3949	Psyr_3949		DNA replication and repair protein RecO	0.339	0.635	-0.221	0.423	1.746	-0.714	1.848	-0.021	1.028	-5.705	0.971	-0.239	0.450	-2.538	0.069	-0.872	0.083	-0.535	-0.798	-0.381	-0.458	-0.070	-10.411
SyringaeB728a_mexBdelta	Psyr_3952	Psyr_3952		conserved hypothetical protein	-2.070	-2.449	-1.712	-1.378	-1.525	-0.169	-1.061	-1.604	-2.142	-2.570	-2.767	-1.845	-1.146	-1.212	-0.167	-0.565	0.301	-2.599	0.060	0.543	-0.717	-0.087	-0.351
SyringaeB728a_mexBdelta	Psyr_3954	Psyr_3954		GTP-binding protein LepA	-2.800	-4.137	-1.520	-2.411	1.292	1.202	-1.013	-5.785	3.474	-3.250	-2.492	-2.806	-3.933	2.044	-6.337	-4.607	-3.473	-4.732	-5.156	-4.319	-4.855	-4.724	-5.705
SyringaeB728a_mexBdelta	Psyr_3955	Psyr_3955		Peptidase S1, chymotrypsin:PDZ/DHR/GLGF	1.230	0.121	13.695	0.593	12.715	-0.231	2.962	-0.329	4.891	-0.175	1.037	1.025	3.850	-4.336	-0.146	0.411	0.248	1.873	2.444	1.830	-0.348	-1.414	-1.061
SyringaeB728a_mexBdelta	Psyr_3956	Psyr_3956		sigma E regulatory protein, MucB/RseB	-1.295	-1.520	1.399	-1.147	1.616	-1.811	1.231	-1.006	-0.298	-1.201	-1.563	-1.058	1.972	-0.241	-0.321	0.487	0.570	0.520	0.918	0.465	0.878	-0.309	0.820
SyringaeB728a_mexBdelta	Psyr_3958	Psyr_3958		RNA polymerase, sigma-24 subunit, RpoE	-0.014	0.841	3.724	1.333	5.603	-1.427	0.842	-1.393	3.332	-0.302	-0.801	1.168	-1.215	1.744	-0.921	0.988	-0.372	0.544	2.084	2.379	-0.104	0.434	0.089
SyringaeB728a_mexBdelta	Psyr_3959	Psyr_3959		L-aspartate oxidase	0.837	0.204	2.829	-0.676	2.565	0.682	1.008	0.257	1.708	0.868	0.934	1.204	0.453	0.416	0.653	0.503	1.404	1.460	2.007	1.148	0.459	0.561	1.396
SyringaeB728a_mexBdelta	Psyr_3960	Psyr_3960		conserved hypothetical protein	-0.586	0.447	0.429	1.415	1.771	-1.032	1.611	0.040	-0.278	-0.448	-0.586	0.831	0.060	0.583	1.487	-1.057	0.379	0.708	0.707	1.232	-0.348	-0.873	-0.256
SyringaeB728a_mexBdelta	Psyr_3963	Psyr_3963		conserved hypothetical protein	-0.250	-0.833	-0.337	1.018	-0.558	-0.356	0.080	-0.198	0.530	-1.446	0.735	-0.358	-0.280	-0.809	1.708	0.426	1.441	-0.323	1.335	1.101	1.174	1.616	0.781
SyringaeB728a_mexBdelta	Psyr_3964	Psyr_3964		ATP-binding region, ATPase-like:Histidine kinase, HAMP region:Histidine kinase A, N-terminal	0.712	0.628	0.913	0.096	1.633	1.291	-0.745	1.048	-0.584	1.771	1.408	1.025	2.563	0.915	1.101	-0.105	-0.050	0.303	-0.883	0.013	-0.744	-0.038	0.362
SyringaeB728a_mexBdelta	Psyr_3965	Psyr_3965		Response regulator receiver:Transcriptional regulatory protein, C-terminal	0.481	0.242	-0.966	-0.576	0.507	-0.123	0.211	-0.530	-0.431	-0.649	-1.680	1.214	1.558	0.053	-0.350	-0.539	0.908	-0.193	1.056	-0.589	-0.177	0.070	0.388
SyringaeB728a_mexBdelta	Psyr_3966	Psyr_3966		Uncharacterized protein UPF0065	1.356	0.165	0.755	0.418	1.362	-0.156	1.023	-0.050	1.113	0.754	0.086	0.569	1.129	0.365	-0.261	0.273	0.332	0.618	-0.482	0.795	0.351	0.813	0.099
SyringaeB728a_mexBdelta	Psyr_3967	Psyr_3967		membrane protein TctB, putative	-0.483	0.683	0.742	0.214	1.705	-1.927	0.904	0.134	0.421	-1.002	-0.356	0.708	-0.479	-0.307	-0.927	0.281	-1.737	-1.038	-1.242	0.132	-0.858	-0.448	-0.343
SyringaeB728a_mexBdelta	Psyr_3968	Psyr_3968		Protein of unknown function DUF112	0.449	0.084	1.061	1.893	1.232	1.060	0.541	1.512	0.516	0.014	2.196	1.139	0.471	0.969	0.138	1.633	1.174	0.127	-0.619	0.429	1.202	0.167	-0.405
SyringaeB728a_mexBdelta	Psyr_3969	Psyr_3969		Putative ammonia monooxygenase	1.000	0.287	0.850	0.336	1.243	-0.679	0.806	0.681	0.576	1.358	0.890	1.859	0.178	2.458	0.938	-1.085	-1.394	-0.573	-0.254	-2.364	-0.407	0.485	-0.188
SyringaeB728a_mexBdelta	Psyr_3970	Psyr_3970		Uracil-DNA glycosylase	-0.411	0.753	-0.305	-0.535	-0.330	1.783	0.774	-0.934	-5.791	0.466	0.015	-0.461	0.837	-1.307	0.844	-0.618	0.542	0.721	0.296	0.581	0.343	0.019	1.101
SyringaeB728a_mexBdelta	Psyr_3971	Psyr_3971		lipoprotein, putative	1.202	1.481	0.531	0.018	0.910	0.412	-0.525	-0.344	0.359	-0.540	0.879	0.336	2.179	2.290	1.311	1.647	0.525	2.282	0.957	2.003	2.082	1.354	1.373
SyringaeB728a_mexBdelta	Psyr_3972	Psyr_3972		ABC transporter, periplasmic substrate-binding protein	1.254	0.570	0.209	0.153	0.914	-1.320	-0.238	-0.813	-0.872	-0.692	-1.185	-0.067	1.207	0.765	0.139	-0.312	1.105	1.320	0.976	0.901	0.969	0.383	0.885
SyringaeB728a_mexBdelta	Psyr_3973	Psyr_3973		Binding-protein-dependent transport systems inner membrane component	0.091	2.069	1.462	2.159	0.851	1.330	1.383	2.191	-0.270	1.947	1.342	1.515	1.661	1.566	0.948	1.439	1.189	2.073	1.687	2.707	1.524	1.457	2.566
SyringaeB728a_mexBdelta	Psyr_3974	Psyr_3974		ABC transporter	1.023	-0.527	0.281	-1.960	1.884	-0.044	0.127	0.302	0.259	-0.122	0.444	-0.061	-0.055	0.212	-0.291	0.300	-0.712	-1.220	0.694	-0.826	-1.355	-0.604	-0.043
SyringaeB728a_mexBdelta	Psyr_3975	Psyr_3975		conserved hypothetical protein	-1.091	-0.262	-0.559	-0.663	-0.450	0.523	-0.251	0.947	-0.414	0.709	-0.275	-0.232	-0.478	-0.849	-0.106	0.696	-0.414	0.037	0.763	1.823	0.583	1.275	-0.494
SyringaeB728a_mexBdelta	Psyr_3976	Psyr_3976		conserved hypothetical protein	0.265	-0.575	-0.412	0.157	0.480	-0.511	-0.237	-0.871	-0.367	-0.014	-0.438	0.493	-1.487	-3.303	-0.814	-0.134	-0.235	0.062	0.599	-0.260	-1.068	-0.755	-0.911
SyringaeB728a_mexBdelta	Psyr_3977	Psyr_3977		Urea amidolyase-related protein	1.524	1.194	1.881	0.040	1.786	3.005	0.141	1.716	1.851	0.896	0.720	1.305	0.807	1.023	0.346	0.428	0.044	-0.342	0.048	1.173	0.799	0.069	0.668
SyringaeB728a_mexBdelta	Psyr_3978	Psyr_3978		Amidase	1.689	1.677	0.430	-0.325	0.294	0.333	0.037	0.374	0.968	1.804	-0.092	1.412	1.476	0.670	2.001	1.880	1.488	1.520	0.880	3.347	1.283	1.282	1.843
SyringaeB728a_mexBdelta	Psyr_3979	Psyr_3979		conserved hypothetical protein	0.199	0.451	0.288	0.601	0.323	1.006	0.053	-0.370	1.053	0.654	-0.199	0.346	1.509	-0.672	0.827	0.712	0.360	0.269	0.364	0.142	0.361	0.845	0.214
SyringaeB728a_mexBdelta	Psyr_3981	Psyr_3981		ribosomal small subunit pseudouridine synthase A	-1.278	-0.459	-0.657	-0.778	-0.546	-2.059	-1.484	-2.524	-1.044	0.965	1.008	-0.119	-0.254	0.004	0.337	0.311	0.557	-1.092	-0.195	-0.023	-0.585	-0.098	-0.005
SyringaeB728a_mexBdelta	Psyr_3982	Psyr_3982		3-hydroxyacyl-CoA-acyl carrier protein transferase	-0.681	1.816	-0.302	0.736	0.468	0.981	0.090	0.692	-0.013	-0.958	-0.712	-0.208	1.524	1.598	-0.863	-1.885	-1.246	-0.565	-0.746	-0.388	-0.540	-0.877	-0.171
SyringaeB728a_mexBdelta	Psyr_3983	Psyr_3983		Serralysin	-0.219	0.296	-0.664	0.731	0.308	-0.723	0.011	-1.148	0.203	-0.478	-0.797	-0.289	-0.033	-1.656	-1.377	-0.985	-0.881	-0.582	-0.832	-1.123	-1.340	-0.941	-0.788
SyringaeB728a_mexBdelta	Psyr_3984	Psyr_3984		DNA helicase related protein	0.431	-0.728	-1.537	-0.467	-0.871	-2.395	-0.593	-1.402	2.752	-0.668	-0.507	-0.512	-0.795	-1.270	-0.651	-0.280	-0.332	-0.556	-0.849	-0.173	-0.780	-0.741	-0.496
SyringaeB728a_mexBdelta	Psyr_3985	Psyr_3985		Pectate lyase/Amb allergen	0.630	0.026	0.103	-0.245	0.136	-0.855	0.532	-0.349	-1.737	0.159	-0.537	-1.353	-1.109	-1.210	0.068	0.454	0.431	0.711	-0.514	-0.006	0.549	0.332	-0.516
SyringaeB728a_mexBdelta	Psyr_3986	Psyr_3986		GCN5-related N-acetyltransferase	0.232	1.044	0.541	0.582	0.099	0.251	0.535	0.154	-0.199	-0.426	0.603	0.349	-1.173	-1.482	-0.303	-1.000	-0.426	-0.925	0.887	-0.701	-0.491	-0.436	-1.273
SyringaeB728a_mexBdelta	Psyr_3987	Psyr_3987		Iron-containing alcohol dehydrogenase	0.533	0.871	0.762	0.300	-1.192	0.854	0.314	0.253	0.630	-0.989	0.216	0.377	-0.244	0.448	2.056	1.600	1.735	1.327	1.382	0.139	2.091	0.845	1.721
SyringaeB728a_mexBdelta	Psyr_3988	Psyr_3988		conserved hypothetical protein	0.681	0.025	0.708	0.105	0.493	-1.333	-0.094	-0.107	-0.340	0.624	-1.286	0.914	0.602	-0.080	-1.250	-2.071	-0.840	-0.970	-0.549	-0.985	-1.841	-1.701	-2.308
SyringaeB728a_mexBdelta	Psyr_3989	Psyr_3989		hypothetical protein	-1.040	-0.922	-0.962	0.012	-0.637	-2.443	-0.662	-1.322	-0.846	-1.312	-1.660	-1.484	-1.611	-2.794	-1.449	-0.239	0.220	-0.715	0.119	0.015	-0.004	0.448	-0.650
SyringaeB728a_mexBdelta	Psyr_3990	Psyr_3990		conserved hypothetical protein	0.183	-0.854	-1.607	-1.186	-0.448	-3.449	-1.110	-2.106	-1.165	-0.141	-1.380	-0.502	0.476	-0.260	-1.013	-0.971	-1.411	-0.090	-0.685	-0.892	-0.961	-0.723	-0.653
SyringaeB728a_mexBdelta	Psyr_3991	Psyr_3991		Protein of unknown function DUF477	0.782	0.738	1.166	-0.281	3.574	-1.260	-0.065	-0.528	-0.035	0.845	-0.214	1.190	-0.726	-2.253	-0.317	0.071	-0.819	1.137	1.135	0.895	-1.549	-0.645	0.683
SyringaeB728a_mexBdelta	Psyr_3992	Psyr_3992		Protein of unknown function DUF477	-0.099	-0.156	-0.348	0.077	3.894	-0.169	-0.150	-0.436	-0.993	0.084	0.652	0.302	-0.109	-0.090	-0.627	-0.090	0.702	0.071	-0.115	1.850	-0.998	1.270	-0.628
SyringaeB728a_mexBdelta	Psyr_3993	Psyr_3993		Glycoside hydrolase, family 3, N-terminal:Glycoside hydrolase, family 3, C-terminal	-0.236	0.046	-2.728	0.093	-2.978	2.566	-3.167	0.601	-0.771	0.111	-2.153	1.074	-0.559	1.322	1.002	-0.347	0.898	-0.883	-0.419	-0.121	1.051	0.084	0.214
SyringaeB728a_mexBdelta	Psyr_3994	Psyr_3994		ATP-binding region, ATPase-like:Histidine kinase A, N-terminal	1.481	0.471	-1.268	-0.759	-0.773	0.722	-0.756	0.132	0.306	0.609	0.512	1.093	0.985	-0.490	0.617	-0.881	-0.412	-0.510	0.239	-0.311	-0.052	0.283	0.360
SyringaeB728a_mexBdelta	Psyr_3995	Psyr_3995		Helix-turn-helix, Fis-type	-1.050	0.028	0.311	-0.255	0.046	0.105	-0.001	-1.017	0.944	-1.545	-0.034	-0.394	1.289	0.802	-0.140	1.677	2.192	0.820	0.405	1.327	1.630	2.142	-0.418
SyringaeB728a_mexBdelta	Psyr_3996	Psyr_3996		PAS/PAC sensor hybrid histidine kinase	-0.091	-0.858	-0.072	-0.248	-1.201	1.384	-0.150	0.156	-0.901	0.202	0.090	0.402	1.660	1.617	-0.119	0.761	0.051	-0.326	-0.534	-0.181	-0.258	-0.422	0.100
SyringaeB728a_mexBdelta	Psyr_3997	Psyr_3997		Heat shock protein Hsp70	-0.533	-0.382	0.162	0.193	-0.239	-0.515	-0.343	0.645	1.005	0.715	-1.010	-0.813	1.328	0.923	0.170	-0.965	1.538	0.529	1.002	0.396	-0.643	0.641	0.384
SyringaeB728a_mexBdelta	Psyr_3998	Psyr_3998		Heat shock protein DnaJ, N-terminal	1.340	0.619	0.407	0.916	0.517	-0.207	1.027	0.400	0.972	1.285	1.338	0.402	0.974	-0.130	0.237	-1.532	-0.794	-1.040	0.025	-0.883	-1.278	0.027	-0.100
SyringaeB728a_mexBdelta	Psyr_3999	Psyr_3999		General substrate transporter:Major facilitator superfamily	0.480	-0.416	-0.606	0.548	-0.657	0.088	1.612	-0.055	0.512	0.354	-0.022	0.604	-1.178	-2.580	-0.139	0.280	-0.031	0.662	-0.105	0.779	0.418	0.372	0.238
SyringaeB728a_mexBdelta	Psyr_4000	Psyr_4000		hypothetical protein	-0.059	-0.681	-2.284	-0.672	-0.064	-2.280	0.541	-0.859	0.170	-2.497	-0.685	-0.936	0.020	0.332	-1.920	-0.859	-0.978	-1.029	-0.128	-1.726	-1.350	-1.553	-0.659
SyringaeB728a_mexBdelta	Psyr_4002	Psyr_4002		conserved hypothetical protein	-1.218	-0.131	1.005	-0.139	0.002	1.355	-0.113	-0.981	-1.267	0.473	-0.360	0.835	-1.040	-0.042	-1.466	-1.583	-1.218	-0.482	-1.844	-0.808	-1.059	-1.371	-0.655
SyringaeB728a_mexBdelta	Psyr_4003	Psyr_4003		conserved hypothetical protein	0.434	-1.151	0.989	-0.560	1.133	1.493	1.214	-0.188	-0.709	0.791	0.296	0.139	0.655	2.518	-0.097	1.759	1.203	2.840	-0.143	0.021	0.093	0.533	0.971
SyringaeB728a_mexBdelta	Psyr_4004	Psyr_4004		Drug resistance transporter EmrB/QacA subfamily	0.722	0.350	-0.029	0.888	-0.879	1.301	0.081	0.307	0.208	1.374	-1.217	-1.025	0.230	0.496	0.342	0.602	0.477	-0.312	-1.207	-0.455	-1.335	-0.349	-1.647
SyringaeB728a_mexBdelta	Psyr_4005	Psyr_4005		conserved hypothetical protein	0.807	1.635	-0.264	-0.172	0.676	0.836	0.020	0.284	0.453	-0.286	0.494	1.390	-0.867	-0.728	-0.302	-1.560	-1.291	0.080	-0.604	0.194	-0.935	-0.880	-1.551
SyringaeB728a_mexBdelta	Psyr_4006	Psyr_4006		transcriptional regulator, TetR family	-0.168	1.543	-0.873	1.055	-0.115	2.064	-2.045	0.556	-0.332	0.383	0.652	0.985	0.412	-0.101	0.245	2.447	0.637	-1.470	0.722	0.114	-0.049	0.622	0.280
SyringaeB728a_mexBdelta	Psyr_4007	Psyr_4007		Secretion protein HlyD	0.927	0.515	-0.009	-1.178	0.696	0.270	-1.369	-0.745	-0.637	-0.679	-1.015	-0.112	0.831	1.586	-1.891	-1.707	-1.798	-1.124	-1.194	-1.359	-0.989	-1.614	-0.744
SyringaeB728a_mexBdelta	Psyr_4009	Psyr_4009		RND efflux system, outer membrane lipoprotein, NodT	-0.569	-0.277	0.461	0.470	-0.100	2.240	0.098	-0.204	-1.241	0.184	-0.344	0.939	-0.488	0.129	0.208	-0.328	-0.584	-0.724	-1.222	0.457	-0.560	-0.402	-0.848
SyringaeB728a_mexBdelta	Psyr_4010	Psyr_4010		Citrate-proton symport	-0.317	0.265	-0.422	0.152	-0.253	1.474	-0.169	-0.710	-0.231	0.876	0.529	0.640	-1.205	-1.671	-0.445	-0.144	-0.828	-0.886	-0.876	-0.553	-1.268	-0.976	-0.971
SyringaeB728a_mexBdelta	Psyr_4011	Psyr_4011		Thiolase	-1.754	0.036	-0.129	-0.265	-1.464	-1.099	-0.009	-0.247	-1.396	-1.028	1.115	0.236	-1.700	-0.227	-0.070	0.286	1.714	1.196	-1.102	0.389	0.693	1.984	1.089
SyringaeB728a_mexBdelta	Psyr_4012	Psyr_4012		Glutaconate CoA-transferase	-0.634	-0.153	0.470	1.572	-0.053	-1.652	-0.842	0.395	0.453	-0.038	-0.014	-1.075	-0.238	-0.508	1.198	-1.055	-0.792	0.050	1.232	0.989	1.299	-0.414	-0.926
SyringaeB728a_mexBdelta	Psyr_4013	Psyr_4013		Glutaconate CoA-transferase	0.859	-1.018	-1.038	-1.567	0.459	-1.833	-0.374	-1.739	-1.494	-0.211	-1.311	0.079	-2.200	-1.486	-0.856	-1.122	-0.561	-1.420	-0.521	-1.262	-0.074	-0.344	-1.174
SyringaeB728a_mexBdelta	Psyr_4014	Psyr_4014		regulatory protein, IclR	-0.552	-0.845	-2.234	-0.023	-2.218	-1.831	-1.979	-1.609	-2.075	-0.978	-0.787	-1.274	-0.043	-0.788	-0.344	0.742	-0.230	0.679	0.037	-0.010	0.138	1.094	-0.967
SyringaeB728a_mexBdelta	Psyr_4015	Psyr_4015		conserved domain protein	-1.322	0.138	0.151	-0.380	-0.925	-0.528	-0.822	0.076	-0.375	-1.007	0.859	-1.073	-0.037	-1.060	-1.270	-0.647	-0.482	-1.213	-1.873	-0.877	-0.971	-0.666	-0.698
SyringaeB728a_mexBdelta	Psyr_4018	Psyr_4018		Formyltetrahydrofolate deformylase	-0.629	-1.670	-0.141	0.650	-0.759	1.203	-1.054	-0.928	-1.862	-0.238	-0.643	-0.464	-0.074	-0.017	-1.497	0.217	-0.131	-0.912	-1.994	-1.016	-0.629	-1.891	-0.321
SyringaeB728a_mexBdelta	Psyr_4020	Psyr_4020		Exodeoxyribonuclease I subunit C	-1.632	-1.931	-4.294	-1.801	-3.111	0.663	-2.719	-4.326	-2.295	-1.111	-3.513	-2.791	-2.400	0.546	-1.212	-0.248	1.543	-1.740	-2.475	-0.948	-1.800	-1.417	-1.380
SyringaeB728a_mexBdelta	Psyr_4021	Psyr_4021		RDD	0.773	1.165	0.398	1.044	1.094	-0.524	0.157	-0.043	-0.093	0.351	-0.429	0.833	-0.100	-0.002	-0.163	-1.156	-1.212	-1.113	-0.883	0.331	-1.854	-2.195	-1.177
SyringaeB728a_mexBdelta	Psyr_4022	Psyr_4022		integral membrane protein	0.684	-0.504	0.140	0.835	-0.201	0.537	-0.371	0.197	-1.162	0.447	0.781	-0.154	0.896	0.643	0.173	0.452	1.035	0.150	0.538	0.687	-0.845	0.900	0.841
SyringaeB728a_mexBdelta	Psyr_4023	Psyr_4023		conserved hypothetical protein	0.541	-0.523	-0.097	-0.026	-0.577	0.679	-0.239	-0.034	-0.608	-0.688	0.277	-0.235	0.093	0.113	0.906	-0.151	0.518	-0.290	-0.086	0.968	0.547	0.453	0.853
SyringaeB728a_mexBdelta	Psyr_4024	Psyr_4024		conserved hypothetical protein	0.520	0.091	0.977	-0.043	1.726	1.392	0.366	1.055	-1.034	0.058	1.065	-0.363	0.854	0.439	0.344	0.349	0.189	-0.361	-0.421	-0.312	-0.068	0.034	0.134
SyringaeB728a_mexBdelta	Psyr_4025	Psyr_4025		ATPase	-0.317	-0.369	-0.983	-1.440	-0.216	2.050	0.277	-1.005	-0.792	-0.937	-0.032	0.695	-0.293	-0.684	0.323	0.249	0.472	0.552	0.431	1.966	0.987	1.050	-1.074
SyringaeB728a_mexBdelta	Psyr_4026	Psyr_4026		Protein of unknown function DUF58	1.037	0.135	1.373	1.020	0.674	1.998	-0.300	1.159	-1.442	0.634	1.377	0.066	-0.948	0.217	1.387	1.564	0.178	0.901	0.207	0.803	0.094	1.519	0.539
SyringaeB728a_mexBdelta	Psyr_4027	Psyr_4027		conserved hypothetical protein	0.601	1.487	0.900	0.986	-0.114	2.246	-0.169	2.402	-0.888	0.941	1.688	2.325	-0.485	0.096	1.381	0.931	0.501	1.832	0.422	1.161	0.840	1.897	2.079
SyringaeB728a_mexBdelta	Psyr_4028	Psyr_4028		lipoprotein, putative	0.797	-0.082	0.006	0.877	-0.531	1.627	0.365	-0.156	0.129	1.188	0.099	0.809	-1.108	-2.023	1.201	2.009	0.400	1.280	1.842	1.254	2.266	0.504	0.652
SyringaeB728a_mexBdelta	Psyr_4029	Psyr_4029		pyruvate kinase	-1.681	-3.203	-1.758	-2.759	-1.546	-1.096	0.756	-2.737	-0.663	-2.793	-2.191	-1.539	-0.815	-3.934	-1.816	-1.850	-1.102	-1.603	-2.155	-1.959	-1.835	-3.357	-1.940
SyringaeB728a_mexBdelta	Psyr_4030	Psyr_4030		Ferredoxin:Oxidoreductase FAD/NAD(P)-binding protein	0.075	0.155	-0.485	-0.669	1.803	0.760	-0.444	0.128	-0.177	-0.513	0.235	0.938	1.946	3.594	0.637	1.315	-0.142	1.326	0.662	0.190	-0.023	0.047	-0.032
SyringaeB728a_mexBdelta	Psyr_4032	Psyr_4032		YD repeat protein	-0.411	0.362	0.475	-0.332	0.730	-0.542	-0.070	-0.190	1.213	-0.569	0.527	0.182	0.564	-0.120	-0.675	-0.996	-1.026	-0.297	-0.680	0.547	-0.482	-1.281	-0.591
SyringaeB728a_mexBdelta	Psyr_4033	Psyr_4033		YD repeat protein	-2.317	-1.886	-1.849	-2.225	-0.006	-2.942	-0.494	-1.981	-1.429	-1.871	-0.998	-0.929	0.323	-0.557	-1.488	-1.512	-1.289	-1.784	-1.079	-0.870	-0.969	-0.856	-0.807
SyringaeB728a_mexBdelta	Psyr_4034	Psyr_4034		hypothetical protein	-1.693	-1.245	-1.449	-0.583	-0.584	-1.698	-1.151	-1.124	-0.266	-0.173	-1.287	-1.666	2.389	1.117	0.313	0.812	-0.472	0.176	-0.292	0.608	-0.508	-0.592	-0.057
SyringaeB728a_mexBdelta	Psyr_4035	Psyr_4035		insecticidal toxin protein, putative	-1.110	-1.514	-1.597	-0.837	-0.717	-2.323	-1.095	-2.177	-1.281	-1.641	-1.806	-1.702	-2.150	-2.811	0.220	0.786	0.136	0.471	0.166	0.615	-0.053	-0.245	0.007
SyringaeB728a_mexBdelta	Psyr_4036	Psyr_4036		virulence plasmid 65kDa B protein	1.290	0.578	0.113	0.851	0.851	1.216	0.192	0.806	-0.061	0.953	1.021	1.308	0.204	-0.171	-0.034	0.259	-0.376	-0.030	-0.207	0.125	-0.331	0.298	-0.009
SyringaeB728a_mexBdelta	Psyr_4037	Psyr_4037		YD repeat protein	-0.555	-0.527	-0.612	-0.524	-0.818	-2.126	-0.683	-1.612	-0.284	-0.482	-1.779	-0.781	-0.603	-2.268	-0.399	-0.267	-0.159	-0.820	-0.732	-0.315	-0.997	-0.966	-0.657
SyringaeB728a_mexBdelta	Psyr_4038	Psyr_4038		YD repeat protein	-0.088	-1.627	-1.127	-1.149	0.214	-1.936	-0.799	-1.697	-0.794	-0.276	-0.530	-1.330	0.141	-1.255	-0.178	-0.082	-1.358	-0.265	-0.135	-0.197	-0.307	-0.724	-0.376
SyringaeB728a_mexBdelta	Psyr_4039	Psyr_4039		Protein of unknown function DUF796	-0.780	-1.751	-1.930	-1.376	1.065	-0.947	0.269	-2.607	-0.390	-1.157	-3.567	-2.010	-1.744	-0.445	-0.176	0.623	0.212	-0.315	-0.335	-0.114	-1.178	0.064	-1.372
SyringaeB728a_mexBdelta	Psyr_4040	Psyr_4040		putative cytoplasmic protein	-0.246	-0.481	-2.747	-0.951	0.040	-4.441	-0.290	-0.981	-0.601	-0.626	-0.435	0.532	2.199	-0.505	0.077	0.764	-0.640	0.130	0.350	0.469	0.409	0.739	0.519
SyringaeB728a_mexBdelta	Psyr_4041	Psyr_4041		hypothetical protein	-1.286	-2.649	-2.172	-1.375	-1.049	-1.765	-0.717	-2.258	-1.043	-1.215	-1.130	-0.735	-0.555	-1.905	-0.651	-0.351	0.112	-0.441	-0.045	-0.252	0.064	0.130	-0.163
SyringaeB728a_mexBdelta	Psyr_4042	Psyr_4042		hypothetical protein	-1.604	-2.375	-1.781	-0.572	-0.722	-1.561	-0.136	-1.958	-1.969	-1.472	-1.473	-0.708	0.240	0.194	0.631	-0.558	-0.168	-0.759	-1.104	0.301	-1.390	-0.368	-0.364
SyringaeB728a_mexBdelta	Psyr_4043	Psyr_4043		hypothetical protein	-0.313	0.071	0.939	-0.562	1.419	1.266	0.759	-0.512	1.996	-0.697	0.500	-0.630	0.111	0.203	1.114	0.091	-0.286	0.343	1.046	-1.064	0.529	-0.100	-0.984
SyringaeB728a_mexBdelta	Psyr_4044	Psyr_4044		Phospholipase D/Transphosphatidylase	-0.547	-0.684	1.526	-0.674	-1.043	1.929	0.745	-0.492	-0.882	0.671	-0.140	0.219	-1.376	-0.956	0.480	-0.275	-0.187	1.191	-0.636	1.215	-0.107	0.137	0.954
SyringaeB728a_mexBdelta	Psyr_4045	Psyr_4045		YceI	0.219	-0.448	1.087	1.115	-1.079	-0.261	1.542	1.205	-0.161	0.865	-0.435	2.098	1.092	0.034	-0.629	0.663	1.113	0.324	-0.892	-0.554	-0.262	0.204	-0.228
SyringaeB728a_mexBdelta	Psyr_4046	Psyr_4046		conserved hypothetical protein	-0.307	-1.601	-0.386	-0.378	-0.929	-0.779	-1.044	-0.776	-1.297	-0.383	-1.040	-0.072	1.793	1.725	0.041	0.190	0.504	0.489	0.092	1.365	-0.133	-0.837	-0.392
SyringaeB728a_mexBdelta	Psyr_4047	Psyr_4047		Beta-lactamase	-0.071	0.926	0.643	-0.045	-0.098	0.532	-0.154	1.127	0.374	0.253	0.862	0.051	1.001	0.341	-1.772	-1.013	-1.407	-1.251	-0.720	-1.331	-0.579	-1.738	-0.717
SyringaeB728a_mexBdelta	Psyr_4048	Psyr_4048		ornithine-acyl[acyl carrier protein] N-acyltransferase	0.710	0.231	0.679	-0.486	0.534	0.775	-0.600	1.510	0.153	1.283	0.200	-0.345	2.012	1.181	0.874	2.166	0.954	1.603	2.258	2.114	1.799	2.267	1.666
SyringaeB728a_mexBdelta	Psyr_4049	Psyr_4049		lyso-ornithine lipid acyltransferase	-1.860	-1.717	-1.220	-0.077	0.048	0.007	-1.197	0.165	-0.520	0.456	0.240	-0.068	-0.086	0.213	-2.861	-1.480	-2.483	-1.942	-1.176	-2.559	-3.553	-0.957	-1.340
SyringaeB728a_mexBdelta	Psyr_4050	Psyr_4050		Protein of unknown function DUF479	0.091	-1.631	0.313	-1.152	-0.275	-1.503	-0.173	0.893	-1.152	0.183	-0.516	1.661	0.929	0.537	2.058	1.199	1.963	0.941	-0.363	0.304	1.928	1.027	1.567
SyringaeB728a_mexBdelta	Psyr_4051	Psyr_4051		transcriptional regulator, ArsR family	0.530	-0.596	1.586	-0.123	-1.040	0.831	-0.781	-0.762	-0.365	-0.177	-0.120	-0.020	-2.364	-1.313	-0.404	-0.044	-0.439	-2.388	-0.668	0.219	-0.323	0.468	-0.334
SyringaeB728a_mexBdelta	Psyr_4052	Psyr_4052		General substrate transporter:Major facilitator superfamily	0.146	0.754	0.236	-0.251	0.337	-0.910	0.161	-0.236	0.184	-0.049	-1.564	0.151	-0.497	-0.716	-0.543	-0.062	0.597	-0.740	0.671	0.264	0.143	-0.721	0.780
SyringaeB728a_mexBdelta	Psyr_4053	Psyr_4053		NADH:flavin oxidoreductase/NADH oxidase	1.413	0.669	0.983	-0.041	0.827	2.008	0.257	1.546	1.557	1.416	0.708	1.052	2.450	1.507	-0.706	-0.581	-0.359	1.217	-0.270	0.490	0.684	0.838	0.106
SyringaeB728a_mexBdelta	Psyr_4054	Psyr_4054		hypothetical protein	-0.806	-0.090	-1.361	0.890	1.116	1.288	0.850	1.342	-0.496	-1.430	-0.625	0.867	-1.799	-0.838	-0.350	-1.015	-0.547	-0.156	-0.787	-1.108	-2.205	-1.708	-1.238
SyringaeB728a_mexBdelta	Psyr_4055	Psyr_4055		conserved domain protein	-0.772	-1.821	-1.096	-1.071	-1.319	-0.261	-1.282	-1.778	-0.632	-0.203	-0.262	-0.369	-0.567	0.223	-0.311	1.012	-0.951	-0.488	-1.048	-0.445	-0.486	0.410	0.455
SyringaeB728a_mexBdelta	Psyr_4056	Psyr_4056		dehydrogenase, putative	-0.254	0.594	-1.762	-0.027	0.716	-0.953	0.715	-0.419	0.721	-0.001	0.463	1.093	0.137	-0.669	-0.562	-0.100	0.276	-0.303	0.188	1.643	0.329	-0.138	1.164
SyringaeB728a_mexBdelta	Psyr_4057	Psyr_4057		regulatory protein, LysR:LysR, substrate-binding protein	-0.058	-0.072	-1.159	0.249	-0.486	-0.131	0.627	1.285	-0.016	0.461	-0.237	0.769	-0.597	-2.163	0.708	0.702	-0.105	0.598	-0.272	1.303	0.136	1.346	-0.764
SyringaeB728a_mexBdelta	Psyr_4058	Psyr_4058		Lysine exporter protein (LYSE/YGGA)	-0.249	-1.350	-3.606	-0.868	-2.924	0.081	-3.511	-0.151	-1.255	-2.819	-2.352	-0.149	-1.863	-0.624	-0.012	0.393	-0.322	-1.148	-1.623	-0.146	-0.407	0.137	-1.595
SyringaeB728a_mexBdelta	Psyr_4060	Psyr_4060		diguanylate cyclase/phosphodiesterase	-0.624	-0.158	-0.847	0.816	-0.342	0.076	-0.621	-1.119	0.184	-0.730	0.181	-0.314	0.165	-0.425	0.864	0.587	0.476	0.892	-0.019	1.865	-0.824	0.833	0.643
SyringaeB728a_mexBdelta	Psyr_4061	Psyr_4061		imelysin, Metallo peptidase, MEROPS family M75	-3.621	-2.591	-6.268	-2.075	-6.896	-1.837	-2.870	-6.215	-0.631	-0.579	-2.937	-2.297	0.600	0.837	-1.975	-0.944	-2.645	-1.977	-1.455	-2.687	-2.104	-1.241	-3.507
SyringaeB728a_mexBdelta	Psyr_4062	Psyr_4062		Pyridoxamine 5'-phosphate oxidase-related protein	-0.261	-1.203	0.011	0.051	1.080	-0.560	1.456	0.051	0.290	-0.445	0.366	0.869	1.904	-0.047	0.118	0.080	0.210	0.441	-0.507	-0.173	0.484	-0.815	0.279
SyringaeB728a_mexBdelta	Psyr_4063	Psyr_4063		Protein of unknown function DUF1111	-1.260	-1.475	-3.244	-2.139	-3.009	-1.916	-1.495	-5.705	-1.279	-1.918	-2.605	-1.269	-1.707	-1.414	-2.425	-1.132	-0.369	-0.812	-1.892	-1.747	-1.863	-1.756	-4.074
SyringaeB728a_mexBdelta	Psyr_4064	Psyr_4064		lipoprotein, putative	0.020	-1.306	-1.274	-0.609	-1.586	-0.749	-0.412	-1.778	-0.494	0.045	0.462	-0.587	-2.631	-1.741	-0.667	0.129	-1.514	-0.403	0.071	-1.456	-1.014	-0.701	-0.177
SyringaeB728a_mexBdelta	Psyr_4065	Psyr_4065		Protein of unknown function DUF1513	-0.959	-0.830	-1.107	-0.141	-3.616	-1.517	-1.407	-2.303	-1.031	1.087	-0.239	-1.410	1.514	0.994	-0.139	-0.338	0.536	0.516	0.454	-0.589	1.010	-0.460	0.464
SyringaeB728a_mexBdelta	Psyr_4066	Psyr_4066		conserved hypothetical protein	-1.745	0.357	-0.506	-1.020	-0.420	-0.015	0.073	-1.853	-0.080	-0.449	-0.291	-0.773	-0.970	-0.905	0.176	0.253	-0.517	-0.062	0.214	-0.536	0.337	-0.327	0.467
SyringaeB728a_mexBdelta	Psyr_4067	Psyr_4067		Lipopolysaccharide kinase	-0.887	-0.676	-3.106	0.671	-3.124	-3.335	-1.853	-8.846	-1.249	-1.240	-0.603	-0.566	-0.035	-1.773	-1.168	-0.505	-1.894	-1.499	-2.910	-1.023	0.233	-1.691	-0.649
SyringaeB728a_mexBdelta	Psyr_4068	Psyr_4068		conserved hypothetical protein	-0.206	-0.198	0.240	-0.025	0.694	1.264	1.225	-1.347	-0.820	0.651	-0.071	-0.161	-0.689	-2.190	1.426	0.765	0.892	1.551	0.472	1.402	0.808	-0.054	1.092
SyringaeB728a_mexBdelta	Psyr_4069	Psyr_4069		ATP-binding region, ATPase-like:Histidine kinase, HAMP region:Histidine kinase A, N-terminal	-1.879	-1.350	-1.828	0.604	-1.795	-0.099	-0.434	-0.863	-0.197	0.253	-2.391	-0.972	-1.456	0.390	-1.349	0.342	0.152	-0.152	-1.013	-1.484	0.650	-1.008	0.654
SyringaeB728a_mexBdelta	Psyr_4070	Psyr_4070		Response regulator receiver:Transcriptional regulatory protein, C-terminal	-0.138	-0.092	-2.798	-0.754	-2.445	-0.073	-2.599	-0.077	-1.065	0.127	-2.674	-0.498	-0.056	0.970	-2.693	-0.942	-0.586	-1.529	-1.638	-1.535	-0.911	-0.626	-0.703
SyringaeB728a_mexBdelta	Psyr_4071	Psyr_4071		Phosphoesterase, PA-phosphatase related protein	2.007	-0.884	1.013	-0.618	-0.622	-0.403	0.462	-0.395	-0.849	1.673	-1.285	-0.688	-2.327	-1.201	0.415	-0.317	0.377	0.974	0.911	0.727	0.371	0.401	-0.454
SyringaeB728a_mexBdelta	Psyr_4075	Psyr_4075		Short-chain dehydrogenase/reductase SDR	0.273	1.234	1.712	1.809	0.455	1.988	1.756	0.355	0.554	-0.105	1.247	-1.627	1.415	-0.704	-0.501	-0.437	-1.425	-1.369	-1.042	1.200	-0.368	-0.528	0.045
SyringaeB728a_mexBdelta	Psyr_4076	Psyr_4076		conserved hypothetical protein	-0.070	1.355	2.385	0.647	1.820	2.620	-0.056	2.863	1.595	0.694	0.903	0.979	0.951	0.807	0.497	-0.495	-0.680	0.065	-0.841	1.321	-0.120	-0.745	1.367
SyringaeB728a_mexBdelta	Psyr_4077	Psyr_4077		Methylated-DNA-[protein]-cysteine S-methyltransferase	0.698	0.629	0.025	1.084	0.222	0.641	0.660	2.552	0.500	1.395	0.355	1.342	0.233	-0.603	0.712	1.888	3.323	2.024	0.887	0.914	0.978	2.240	1.895
SyringaeB728a_mexBdelta	Psyr_4078	Psyr_4078		AmpG-related permease	-3.281	-2.908	-9.596	-3.822	-9.062	-3.598	-6.407	5.207	-3.840	-2.252	-4.871	-2.753	-5.571	-1.059	-4.544	-4.857	-2.867	-6.221	-3.385	-6.701	-3.285	-3.728	-1.665
SyringaeB728a_mexBdelta	Psyr_4079	Psyr_4079		conserved hypothetical protein	-0.313	0.530	-0.789	-0.803	0.270	0.361	-0.876	0.220	0.608	-0.867	-0.256	-0.183	-0.268	0.766	-1.685	-0.766	-0.025	-0.012	-1.005	-0.331	-0.551	1.027	0.187
SyringaeB728a_mexBdelta	Psyr_4080	Psyr_4080		Rhs element Vgr protein	0.292	0.138	-0.305	-0.183	0.865	-0.221	0.097	0.212	-0.010	0.770	0.025	0.520	-1.061	-0.273	1.000	0.299	0.997	0.521	0.216	0.458	0.036	0.396	0.263
SyringaeB728a_mexBdelta	Psyr_4081	Psyr_4081		conserved hypothetical protein	-0.402	0.346	-2.039	-0.592	-0.698	-1.893	-0.545	-1.593	0.240	0.679	-1.672	-0.454	-1.562	-2.863	1.089	0.965	0.657	1.293	1.107	0.714	0.677	0.686	1.104
SyringaeB728a_mexBdelta	Psyr_4082	Psyr_4082		conserved hypothetical protein	-1.327	-0.378	-1.521	-0.133	0.508	-2.236	0.768	-1.101	-0.108	0.742	-1.428	-0.391	0.275	0.176	0.238	1.235	-0.188	0.035	0.687	0.233	-0.284	0.327	0.049
SyringaeB728a_mexBdelta	Psyr_4084	Psyr_4084		conserved hypothetical protein	-3.044	-0.835	-2.669	-1.539	0.008	-2.416	-1.718	-3.027	-0.129	-1.145	-1.839	-1.348	-2.309	-3.317	-1.031	-1.027	-2.108	-0.711	-1.034	-0.291	-0.177	-0.978	-0.536
SyringaeB728a_mexBdelta	Psyr_4085	Psyr_4085		hypothetical protein	2.267	0.125	0.839	1.236	1.611	0.535	-1.146	0.016	0.542	0.568	2.984	0.847	-1.553	-1.357	-0.496	0.427	-0.876	-0.264	0.622	-0.029	-0.748	0.397	-0.195
SyringaeB728a_mexBdelta	Psyr_4086	Psyr_4086		MscS Mechanosensitive ion channel	0.345	0.736	0.062	0.713	-0.207	1.982	1.014	0.740	-0.498	0.801	0.350	-0.522	-0.414	0.598	1.782	1.046	-0.262	-0.577	0.768	1.574	0.120	0.495	-0.224
SyringaeB728a_mexBdelta	Psyr_4088	Psyr_4088		ketopantoate reductase	1.318	-0.189	0.550	-0.671	1.536	1.254	0.430	-1.566	0.800	1.196	0.229	0.650	0.373	0.195	0.296	0.157	1.000	1.230	1.274	2.119	1.878	1.648	0.591
SyringaeB728a_mexBdelta	Psyr_4089	Psyr_4089		PAS	-3.665	-2.569	-2.012	-3.843	-2.019	5.025	0.126	-1.976	-1.310	-2.193	-2.045	-2.295	-1.842	-0.986	-4.563	-2.934	-1.760	-3.656	-5.516	-2.895	-5.086	-3.859	-6.000
SyringaeB728a_mexBdelta	Psyr_4090	Psyr_4090		ATP:cob(I)alamin adenosyltransferase	2.159	1.677	-0.995	0.153	-0.044	0.170	0.730	-0.290	0.970	1.647	0.589	0.850	-0.160	0.924	0.951	-1.890	0.722	0.064	1.404	0.340	-0.045	-0.244	1.760
SyringaeB728a_mexBdelta	Psyr_4091	Psyr_4091		8-oxo-dGTPase	-4.749	-2.981	-2.891	-4.123	-3.419	8.000	-1.655	-0.756	-3.538	-4.573	-2.797	-4.979	-1.037	-0.063	-2.771	-3.023	-2.359	-3.906	-3.973	-5.652	-4.011	-4.224	-3.847
SyringaeB728a_mexBdelta	Psyr_4092	Psyr_4092		Glutathione S-transferase, N-terminal	-0.664	-0.044	0.191	-0.755	-0.419	-0.652	0.902	0.563	0.013	-0.575	-0.970	0.114	2.088	0.790	-0.806	-0.588	0.138	0.293	-0.670	-0.002	0.197	0.868	-0.306
SyringaeB728a_mexBdelta	Psyr_4093	Psyr_4093		glutamate N-acetyltransferase	-1.250	-1.942	-0.287	-1.463	1.330	4.558	1.243	-1.610	-1.626	-1.955	-2.147	-2.507	-1.270	-2.863	-3.792	-2.713	0.713	-2.192	-3.068	-0.823	-2.772	-4.876	-1.902
SyringaeB728a_mexBdelta	Psyr_4100	Psyr_4100		D-alanine--D-alanine ligase	1.082	0.389	0.267	-0.099	-1.244	2.052	-2.688	-1.177	3.460	0.338	-1.174	0.112	-1.733	2.533	-0.131	-0.254	-0.095	0.238	0.564	2.456	0.532	2.263	0.260
SyringaeB728a_mexBdelta	Psyr_4112	Psyr_4112		Protein of unknown function UPF0011	-3.420	-4.109	-6.972	-3.797	0.858	-3.476	-6.521	-11.416	2.904	-1.034	-2.842	-4.555	-4.085	0.811	-1.679	0.375	-2.133	0.926	-0.020	-0.262	-1.485	-0.722	0.922
SyringaeB728a_mexBdelta	Psyr_4113	Psyr_4113		LppC putative lipoprotein	0.162	2.048	-3.480	1.395	3.021	-8.358	2.467	-9.328	2.651	1.356	2.386	1.528	2.964	-3.253	-0.216	0.393	-1.769	-0.697	-0.985	-1.144	0.546	0.726	-1.583
SyringaeB728a_mexBdelta	Psyr_4114	Psyr_4114		Protein of unknown function UPF0102	-1.237	-1.359	-2.343	0.329	-0.089	-1.603	0.018	-2.137	2.110	-1.337	-0.467	-0.209	0.196	0.978	1.809	1.770	0.269	0.623	0.642	-0.387	0.825	1.942	0.530
SyringaeB728a_mexBdelta	Psyr_4115	Psyr_4115		phosphoheptose isomerase	-1.111	-2.597	-0.851	-1.582	-0.015	1.769	4.321	-0.044	1.333	-0.185	-1.025	-2.333	-1.000	2.424	-0.401	0.312	0.480	0.406	1.281	0.349	0.619	-0.115	-1.114
SyringaeB728a_mexBdelta	Psyr_4116	Psyr_4116		Transport-associated protein	2.063	1.608	-2.349	0.541	-1.535	-1.066	-1.392	-1.370	1.368	0.767	0.412	-0.160	-0.860	3.767	0.016	1.250	-1.818	1.619	2.090	0.494	0.037	1.187	1.858
SyringaeB728a_mexBdelta	Psyr_4117	Psyr_4117		Stringent starvation protein B	-0.226	-1.358	-3.351	-1.461	-1.988	-0.943	-0.889	-3.112	-0.892	-0.914	-1.875	-1.224	-2.797	1.357	-2.526	-2.242	-1.648	-1.370	-2.393	-2.495	-2.937	-1.288	-3.304
SyringaeB728a_mexBdelta	Psyr_4118	Psyr_4118		Glutathione S-transferase, N-terminal:Glutathione S-transferase, C-terminal	-2.426	-3.159	-4.768	-3.586	-1.970	-3.050	-3.495	-5.086	-2.971	-3.299	-1.988	-3.075	-3.425	-0.781	-3.096	-1.916	-1.968	-3.207	-1.800	-1.814	-3.814	-1.066	-4.994
SyringaeB728a_mexBdelta	Psyr_4121	Psyr_4121		transcriptional regulator, AraC family with amidase-like domain protein	0.571	1.358	-1.332	0.295	0.013	0.652	-0.805	-1.147	0.008	0.882	-0.328	1.757	1.121	0.106	0.472	0.109	0.398	0.090	0.517	-1.143	-0.108	-0.340	-0.215
SyringaeB728a_mexBdelta	Psyr_4122	Psyr_4122		AFG1-like ATPase	-2.051	-1.668	0.335	-2.316	-0.195	10.658	-1.761	1.531	-1.404	0.350	0.066	-2.341	0.065	-0.615	0.724	-0.127	1.865	0.603	0.953	0.147	-0.274	1.196	0.439
SyringaeB728a_mexBdelta	Psyr_4124	Psyr_4124		conserved hypothetical protein	1.697	-1.013	-1.981	-0.589	-1.966	1.883	-1.291	-2.643	-0.973	0.893	-0.288	0.060	-1.689	-2.060	-0.002	-1.380	-0.273	-0.432	-0.790	0.524	-1.128	-0.924	-2.053
SyringaeB728a_mexBdelta	Psyr_4125	Psyr_4125		Protein of unknown function DUF1043	0.537	-0.656	-0.499	0.212	0.240	0.002	-1.848	-1.302	-0.068	-0.712	-0.553	-0.422	-1.366	1.746	0.631	1.020	-0.165	0.592	1.924	-0.314	0.749	-0.121	0.771
SyringaeB728a_mexBdelta	Psyr_4126	Psyr_4126		adenylylsulfate kinase / sulfate adenylyltransferase subunit 1	-0.431	-0.725	0.172	0.487	-1.141	1.244	-0.527	-0.415	0.763	-1.136	1.119	-0.149	0.168	0.353	0.592	1.213	1.043	0.342	1.412	1.293	1.195	0.320	-0.862
SyringaeB728a_mexBdelta	Psyr_4127	Psyr_4127		S23 ribosomal	-1.469	-1.556	-0.258	0.629	0.544	0.774	0.937	-0.076	-0.193	0.881	-0.732	-1.605	2.588	0.722	0.049	-0.129	0.137	-0.486	-1.558	-0.470	-1.525	-0.086	0.036
SyringaeB728a_mexBdelta	Psyr_4128	Psyr_4128		sulfate adenylyltransferase subunit 2	1.361	0.492	1.520	0.554	2.593	-0.545	0.839	0.570	1.261	1.016	1.197	1.519	1.179	0.134	2.736	2.403	2.585	1.635	3.542	3.145	1.678	2.430	1.694
SyringaeB728a_mexBdelta	Psyr_4129	Psyr_4129		Protein of unknown function DUF34	-1.135	0.737	-0.742	-0.915	0.012	-2.790	-0.135	-1.018	0.971	-0.313	-0.342	0.216	0.161	0.218	0.241	0.632	-0.940	-0.524	0.281	-0.206	1.004	-0.470	0.754
SyringaeB728a_mexBdelta	Psyr_4130	Psyr_4130		Peptidase S1, chymotrypsin:PDZ/DHR/GLGF	0.781	1.139	1.919	0.608	1.725	-0.562	0.349	-1.078	3.572	0.371	-0.193	2.352	-2.427	-0.285	0.494	-0.055	-0.227	1.492	1.516	0.864	0.780	0.940	0.081
SyringaeB728a_mexBdelta	Psyr_4131	Psyr_4131		Transposase, IS111A/IS1328/IS1533:Transposase IS116/IS110/IS902	1.220	1.350	0.337	0.202	-0.433	1.295	1.504	0.898	1.166	0.552	1.238	-0.023	0.493	-0.150	1.983	2.162	1.304	1.459	1.872	1.446	2.335	1.426	1.919
SyringaeB728a_mexBdelta	Psyr_4132	Psyr_4132		histidinol phosphate aminotransferase apoenzyme	0.646	0.089	-1.679	-0.129	0.504	-0.962	0.834	-0.311	0.598	0.565	0.681	0.299	0.541	1.836	-0.321	-0.544	-0.772	0.488	0.145	0.714	1.075	-0.517	1.728
SyringaeB728a_mexBdelta	Psyr_4133	Psyr_4133		histidinol dehydrogenase	-0.173	0.171	0.242	1.002	0.122	0.312	0.624	0.751	0.105	0.227	-0.033	0.518	0.151	-1.193	-0.676	0.254	-0.065	-0.420	1.278	0.160	0.520	0.934	0.510
SyringaeB728a_mexBdelta	Psyr_4134	Psyr_4134		ATP phosphoribosyltransferase (homohexameric)	0.686	0.566	-0.870	-1.037	-0.036	-0.452	0.567	-1.159	-0.910	-0.323	0.638	0.738	-0.357	0.243	0.784	1.244	0.157	1.669	1.722	-0.576	0.474	0.901	0.759
SyringaeB728a_mexBdelta	Psyr_4138	Psyr_4138		Toluene tolerance	-0.774	-0.648	-4.094	-0.856	-1.409	0.306	-3.520	3.240	-3.397	-0.324	-1.726	-0.473	-3.209	-4.080	-2.129	-2.225	-3.507	-1.196	-1.080	-2.314	-0.406	-2.174	-2.821
SyringaeB728a_mexBdelta	Psyr_4139	Psyr_4139		Mce4/Rv3499c/MTV023.06c protein	-2.350	-1.542	-5.503	-2.400	-4.259	2.124	-3.771	1.326	-4.953	-1.533	-5.454	-1.261	-3.138	-2.826	-2.041	-3.575	-2.969	-1.967	-1.253	-5.842	-3.434	-3.490	-2.488
SyringaeB728a_mexBdelta	Psyr_4140	Psyr_4140		Protein of unknown function DUF140	-1.302	-2.105	-4.608	-0.965	-3.969	3.171	-1.775	2.072	-2.663	-0.393	-3.611	-2.490	-0.526	0.457	-1.883	-1.311	0.555	-2.340	-1.657	-0.579	-1.267	-1.932	-3.062
SyringaeB728a_mexBdelta	Psyr_4141	Psyr_4141		ABC transporter	-1.720	-0.293	-4.571	-0.967	-5.397	2.255	-4.394	0.961	-5.235	-2.129	-3.460	-1.373	-5.827	-7.255	-1.821	-4.741	-2.285	-2.870	-4.779	-6.037	-2.016	-2.210	-3.335
SyringaeB728a_mexBdelta	Psyr_4143	Psyr_4143		HAD-superfamily hydrolase, subfamily IIIA:Phosphatase YrbI	-0.024	-0.950	-1.414	-2.814	-2.588	1.826	0.979	-2.032	-1.277	-1.719	-0.384	-1.815	0.610	-0.459	-0.361	-0.742	-0.292	0.494	-1.720	-2.163	-0.666	-1.172	-1.910
SyringaeB728a_mexBdelta	Psyr_4148	Psyr_4148		sigma 54 modulation protein / SSU ribosomal protein S30P	2.568	2.583	2.662	0.820	1.773	1.728	2.408	0.891	1.083	0.852	1.424	1.998	1.817	1.906	2.099	1.231	1.008	2.239	1.149	1.477	1.987	2.278	2.471
SyringaeB728a_mexBdelta	Psyr_4150	Psyr_4150		Uncharacterized P-loop ATPase protein UPF0042	0.273	0.358	-4.108	-0.187	0.005	3.717	-0.773	4.208	-0.098	0.325	0.280	0.825	-2.735	-0.944	-2.730	-0.849	-0.601	-2.675	-3.482	-1.704	-1.270	-2.501	-0.093
SyringaeB728a_mexBdelta	Psyr_4152	Psyr_4152		Superoxide dismutase	-0.089	0.367	-0.150	1.512	1.387	-1.464	-0.163	0.188	0.515	-0.026	0.835	1.162	1.958	0.851	-0.331	1.261	1.054	1.626	-0.113	-0.345	2.256	1.211	0.585
SyringaeB728a_mexBdelta	Psyr_4153	Psyr_4153		conserved hypothetical protein	1.975	1.433	0.930	2.256	-0.128	-2.110	0.156	0.174	2.176	0.674	1.664	1.653	1.774	1.780	1.258	0.490	-0.089	0.773	0.396	0.834	0.403	0.693	1.084
SyringaeB728a_mexBdelta	Psyr_4154	Psyr_4154		microcin-processing peptidase 1, Unknown type peptidase, MEROPS family U62	0.525	0.007	-2.157	-1.013	-2.162	-2.113	-0.940	-1.037	-0.283	-0.895	0.801	-0.692	-1.719	1.762	-0.336	-0.069	1.123	-1.341	-0.238	0.398	0.264	0.088	1.317
SyringaeB728a_mexBdelta	Psyr_4155	Psyr_4155		Protein of unknown function DUF615	2.011	2.394	2.921	2.572	2.050	2.009	1.264	1.517	1.863	0.671	2.954	1.551	0.291	1.045	0.777	1.568	0.501	0.562	1.099	0.970	-0.285	1.877	0.565
SyringaeB728a_mexBdelta	Psyr_4156	Psyr_4156		microcin-processing peptidase 2, Unknown type peptidase, MEROPS family U62	0.650	0.482	-0.928	-0.631	-0.066	-0.067	1.213	1.053	1.517	2.046	1.217	0.053	-0.726	2.031	0.716	1.276	1.532	0.262	0.672	0.874	1.624	1.416	1.624
SyringaeB728a_mexBdelta	Psyr_4157	Psyr_4157		Nitrilase/cyanide hydratase and apolipoprotein N-acyltransferase	0.377	0.057	0.722	0.033	1.631	1.407	0.268	1.367	-0.077	-0.966	0.838	-0.683	0.299	1.388	0.832	0.346	2.731	1.762	1.753	1.917	0.697	1.398	1.159
SyringaeB728a_mexBdelta	Psyr_4158	Psyr_4158		conserved hypothetical protein	-4.204	-3.563	-8.391	-3.134	-8.603	-7.410	-2.470	-8.212	-5.396	-2.577	-3.233	-6.035	-6.944	-7.017	-3.339	0.729	-4.686	-1.693	-2.073	-6.687	-1.721	-1.394	-1.840
SyringaeB728a_mexBdelta	Psyr_4159	Psyr_4159		RNAse G	0.540	0.704	-0.027	0.081	-0.771	0.358	-0.360	-4.299	0.115	-0.680	0.856	0.386	0.197	-2.456	-0.602	0.523	-0.616	-0.120	0.474	-0.856	-0.338	0.257	0.248
SyringaeB728a_mexBdelta	Psyr_4160	Psyr_4160		Maf-like protein	-0.280	-0.457	-1.507	-0.638	-2.048	-0.705	0.488	0.752	-0.965	1.212	-1.348	-1.207	1.450	0.208	3.306	2.619	1.104	1.619	1.990	0.511	1.608	2.113	1.757
SyringaeB728a_mexBdelta	Psyr_4161	Psyr_4161		Rod shape-determining protein MreD	-1.108	-1.278	-3.480	-0.614	-0.487	0.411	1.652	0.357	0.698	0.810	-1.742	0.506	-0.377	0.102	-0.040	-1.135	0.524	0.015	-1.009	-0.032	-1.190	-1.177	0.192
SyringaeB728a_mexBdelta	Psyr_4167	Psyr_4167		Rare lipoprotein A	1.777	2.391	-0.557	1.122	0.862	0.473	0.671	2.099	1.278	-0.662	0.083	0.072	0.923	1.069	2.286	-0.460	0.016	2.096	1.461	1.689	0.781	2.226	2.094
SyringaeB728a_mexBdelta	Psyr_4168	Psyr_4168		K+-dependent Na+/Ca+ exchanger related-protein	0.348	-0.230	-0.009	-0.236	-0.102	0.491	-0.299	1.759	-2.200	-1.265	1.030	0.733	1.427	-2.410	0.396	0.002	1.064	1.105	1.716	1.142	0.936	0.513	0.769
SyringaeB728a_mexBdelta	Psyr_4169	Psyr_4169		4-carboxymuconolactone decarboxylase	1.589	1.209	1.334	0.185	0.195	-0.786	1.498	1.392	2.233	0.941	1.474	1.019	2.826	0.105	-0.990	-0.258	-0.798	-0.886	-0.652	-0.385	-0.700	-1.387	-0.970
SyringaeB728a_mexBdelta	Psyr_4170	Psyr_4170		Auxin Efflux Carrier	-0.296	1.580	-0.760	1.344	0.517	-0.006	1.595	-0.752	0.677	0.221	0.648	0.532	-1.087	-1.230	1.878	0.866	1.524	0.953	2.231	1.101	1.084	2.687	0.525
SyringaeB728a_mexBdelta	Psyr_4171	Psyr_4171		Twin-arginine translocation pathway signal	-0.628	1.232	-0.546	-0.420	-0.093	1.312	0.883	0.343	0.706	0.513	0.539	0.842	0.789	-0.463	0.386	1.340	-0.091	-0.473	1.465	0.137	-0.540	0.635	0.806
SyringaeB728a_mexBdelta	Psyr_4172	Psyr_4172		conserved hypothetical protein	1.766	0.723	-1.468	0.305	-0.535	0.389	0.603	-0.106	0.051	-0.294	1.312	0.928	0.112	-0.700	0.184	0.793	-0.670	0.830	-0.645	-0.443	-0.762	-0.531	-0.400
SyringaeB728a_mexBdelta	Psyr_4173	Psyr_4173		Protein of unknown function DUF748	1.291	0.960	0.003	0.600	1.437	-0.531	0.630	-0.108	1.126	1.083	0.791	0.050	0.434	-0.648	1.653	1.580	1.268	0.820	1.369	1.094	1.434	1.716	0.688
SyringaeB728a_mexBdelta	Psyr_4174	Psyr_4174		conserved hypothetical protein	1.555	1.769	1.083	1.101	0.510	0.028	1.649	-0.409	1.069	0.046	1.101	1.484	-0.179	-1.135	0.330	-0.358	-0.589	-0.085	-0.535	-0.170	-0.207	-1.479	-1.424
SyringaeB728a_mexBdelta	Psyr_4175	Psyr_4175		Transport-associated protein	0.456	-1.163	-0.891	-0.522	-0.491	1.340	-0.164	-1.172	-0.242	-1.216	-0.875	-0.264	0.838	1.026	0.531	-1.053	-0.020	0.508	0.088	0.979	-0.368	0.618	0.870
SyringaeB728a_mexBdelta	Psyr_4178	Psyr_4178		tRNA pseudouridine synthase B	-0.821	-0.214	-1.156	-1.333	-2.984	-3.564	-2.147	-9.606	2.573	-0.175	-5.062	-0.033	-4.125	-1.443	-0.616	-1.953	-2.704	-1.110	-0.438	-2.746	-1.754	-1.910	-1.083
SyringaeB728a_mexBdelta	Psyr_4181	Psyr_4181		Transcription termination factor NusA:Transcription termination factor NusA, C-terminal duplication	-1.737	-1.150	2.938	-1.004	0.503	3.020	0.540	-0.767	1.169	-0.801	-0.581	-0.642	1.800	3.451	0.595	1.664	-0.215	1.098	4.072	3.743	1.554	0.397	1.099
SyringaeB728a_mexBdelta	Psyr_4189	Psyr_4189		Protein of unknown function UPF0044	-1.052	-0.830	-1.470	-0.132	-1.638	-1.064	-0.088	-0.131	1.030	0.031	0.371	-1.485	1.999	1.998	-0.079	0.114	0.103	1.051	-0.496	0.858	-1.428	0.763	0.238
SyringaeB728a_mexBdelta	Psyr_4197	Psyr_4197		DNA replication and repair protein RecN	-0.076	1.036	-2.433	0.658	-1.789	-0.336	-0.091	0.610	-5.199	-4.232	-1.056	-1.287	0.986	-11.580	0.507	-0.041	0.579	0.213	-0.522	-1.072	0.213	-0.050	-3.844
SyringaeB728a_mexBdelta	Psyr_4200	Psyr_4200		Protein of unknown function UPF0125	0.602	1.122	-0.625	1.627	0.304	1.018	0.952	-0.006	0.947	0.374	0.246	1.057	1.127	0.399	0.556	2.505	0.949	0.661	1.744	1.314	-0.651	0.878	0.527
SyringaeB728a_mexBdelta	Psyr_4202	Psyr_4202		Sodium:neurotransmitter symporter	-1.369	-0.444	-2.514	-0.788	0.534	0.909	-0.511	-0.824	-1.149	-0.650	-1.280	-0.668	-0.921	-0.833	0.787	1.087	-0.248	0.601	-0.863	-0.011	0.853	-0.394	0.933
SyringaeB728a_mexBdelta	Psyr_4203	Psyr_4203		SsrA-binding protein	-1.658	-1.919	-1.364	-2.072	-1.877	-1.835	-0.714	-2.301	-1.555	-2.046	-1.071	-2.462	-1.832	0.185	-3.610	-2.257	-1.366	-1.390	-3.474	-2.207	-1.163	-2.268	-2.318
SyringaeB728a_mexBdelta	Psyr_4204	Psyr_4204		conserved hypothetical protein	-0.737	-1.366	-1.487	0.102	0.017	1.266	-0.267	1.089	0.119	-1.505	0.875	-0.548	1.913	1.453	0.070	-0.561	-0.650	0.247	-0.221	-0.944	0.559	-0.858	0.347
SyringaeB728a_mexBdelta	Psyr_4205	Psyr_4205		insecticidal toxin complex protein TcdA1	-0.589	-0.598	-2.202	-0.521	-0.513	-1.607	-0.049	-1.744	-0.324	-0.967	-1.954	-1.238	-0.532	-2.208	0.107	-0.065	-0.184	0.369	0.121	-0.130	-0.691	-0.724	-0.078
SyringaeB728a_mexBdelta	Psyr_4206	Psyr_4206		GGDEF domain protein	-1.623	-1.780	-2.204	-1.408	-0.245	-2.530	-0.889	-1.785	-0.319	-0.746	-1.315	-1.109	-1.300	-3.108	0.368	0.716	-0.588	-0.353	0.882	-0.191	0.216	-0.165	0.337
SyringaeB728a_mexBdelta	Psyr_4207	Psyr_4207		GCN5-related N-acetyltransferase	0.211	-0.691	-0.116	-1.262	0.323	0.835	0.771	0.686	-0.877	0.022	0.760	0.057	0.510	1.261	-0.650	-1.546	-0.905	-0.143	-0.855	-0.341	0.487	0.204	-0.154
SyringaeB728a_mexBdelta	Psyr_4208	Psyr_4208		heme catalase/peroxidase	-0.452	-0.327	-3.426	0.264	-1.395	0.924	-0.011	-5.627	1.436	-1.145	-3.163	1.141	1.762	0.906	-0.392	0.405	0.726	-0.284	-0.936	0.374	-0.115	-1.283	-1.146
SyringaeB728a_mexBdelta	Psyr_4209	Psyr_4209		PAC motif:Bacterial chemotaxis sensory transducer	1.027	0.342	-0.219	0.437	0.589	0.850	0.036	-0.700	0.653	-0.178	1.177	0.739	-1.163	0.918	1.162	0.574	1.447	0.714	-0.234	0.922	0.604	1.203	-0.139
SyringaeB728a_mexBdelta	Psyr_4211	Psyr_4211		extracellular solute-binding protein, family 5	1.869	1.536	0.000	0.271	0.851	2.370	1.006	0.738	1.315	0.211	1.096	1.043	-0.732	0.400	0.184	0.687	0.712	0.793	0.776	0.344	0.463	1.222	1.193
SyringaeB728a_mexBdelta	Psyr_4212	Psyr_4212		Oligopeptide/dipeptide ABC transporter, ATP-binding protein, C-terminal	0.853	-0.041	0.126	0.367	0.716	-0.827	-0.738	-0.412	0.365	1.469	-1.469	-0.117	1.075	-0.742	-0.696	0.159	0.452	-0.972	0.052	-0.034	-0.338	-0.459	0.130
SyringaeB728a_mexBdelta	Psyr_4213	Psyr_4213		Oligopeptide/dipeptide ABC transporter, ATP-binding protein, C-terminal	-0.071	1.553	-0.565	-0.124	1.166	2.053	-0.683	0.933	1.321	-0.592	0.026	0.177	2.174	-0.275	-0.365	0.179	-1.389	-0.877	-1.212	0.657	-1.735	-0.514	-0.250
SyringaeB728a_mexBdelta	Psyr_4214	Psyr_4214		Binding-protein-dependent transport systems inner membrane component	0.592	-0.209	-0.319	1.874	-0.184	2.250	1.330	0.984	0.772	0.540	0.899	-0.986	1.301	-0.115	0.088	0.717	-1.296	-0.823	-0.720	-0.519	-0.405	-1.036	-1.797
SyringaeB728a_mexBdelta	Psyr_4215	Psyr_4215		Binding-protein-dependent transport systems inner membrane component	-2.466	0.995	0.280	-1.158	0.485	-2.112	-0.950	0.031	0.158	-0.727	-0.710	0.310	0.760	-1.527	0.757	0.735	-0.511	1.049	0.003	1.288	0.145	0.717	0.816
SyringaeB728a_mexBdelta	Psyr_4216	Psyr_4216		regulatory protein, LuxR	0.479	1.276	0.548	1.227	0.207	0.418	1.918	0.594	1.098	-0.404	1.213	0.966	0.249	-0.804	1.076	0.977	2.121	1.255	1.076	1.254	0.608	1.152	1.013
SyringaeB728a_mexBdelta	Psyr_4217	Psyr_4217		tricorn interacting aminopeptidase F1, Serine peptidase, MEROPS family S33	-1.461	-0.046	-0.983	-1.514	-0.935	-0.546	-0.062	-0.677	-0.111	-1.474	-1.222	0.558	-2.167	-2.032	-0.208	-0.627	-0.416	0.171	0.358	-0.407	-0.352	-0.133	-0.649
SyringaeB728a_mexBdelta	Psyr_4218	Psyr_4218		Histidine kinase, HAMP region:Bacterial chemotaxis sensory transducer	-0.231	-0.251	-0.229	1.618	1.634	0.571	-0.383	0.813	1.320	-0.730	0.942	1.515	1.264	1.443	0.619	1.735	0.814	0.202	0.904	0.609	0.258	1.123	-0.197
SyringaeB728a_mexBdelta	Psyr_4219	Psyr_4219		GAF	0.136	0.659	-0.790	0.220	0.326	-1.412	1.279	0.834	0.237	-0.469	-0.027	0.308	-0.934	0.061	1.636	-1.032	-0.900	0.063	-0.136	-0.800	0.042	-0.367	-0.272
SyringaeB728a_mexBdelta	Psyr_4220	Psyr_4220		GCN5-related N-acetyltransferase	0.432	1.845	0.739	0.919	-1.011	-0.187	1.315	-1.450	1.651	0.039	0.450	1.533	-0.361	-2.465	-0.817	0.026	-0.366	-0.024	0.470	-0.565	-0.493	0.004	-0.759
SyringaeB728a_mexBdelta	Psyr_4221	Psyr_4221		diguanylate cyclase/phosphodiesterase	1.144	2.009	0.021	0.480	0.914	-0.337	0.093	0.415	1.060	0.345	-0.495	0.606	-0.127	-0.739	0.969	0.786	0.257	0.287	1.003	0.991	1.862	0.187	1.255
SyringaeB728a_mexBdelta	Psyr_4222	Psyr_4222		Protein of unknown function DUF81	2.260	1.963	1.051	-0.411	2.663	1.331	1.149	0.613	0.379	0.189	2.011	1.666	-0.817	-0.955	0.452	0.132	0.750	-0.467	0.899	-0.086	0.494	1.596	-0.304
SyringaeB728a_mexBdelta	Psyr_4223	Psyr_4223		conserved hypothetical protein	0.482	0.913	1.899	0.301	1.242	1.602	0.138	0.129	-0.290	0.992	0.604	1.569	1.044	2.593	0.223	0.549	-0.416	-0.287	0.931	1.767	1.359	0.584	-0.237
SyringaeB728a_mexBdelta	Psyr_4225	Psyr_4225		galactarate dehydratase	1.161	1.163	1.007	1.341	-0.139	3.116	0.482	0.796	1.092	1.068	1.301	2.063	0.755	1.076	0.952	0.762	0.129	0.370	-0.184	0.777	-0.111	-0.279	0.074
SyringaeB728a_mexBdelta	Psyr_4226	Psyr_4226		D-galactonate transporter	0.264	0.689	0.206	0.392	0.046	0.186	0.734	0.260	0.957	0.147	0.985	0.365	-0.084	0.222	1.110	0.841	0.688	1.480	1.074	0.883	0.027	0.939	1.562
SyringaeB728a_mexBdelta	Psyr_4227	Psyr_4227		Dihydrodipicolinate synthetase	1.735	1.496	0.514	0.493	0.667	2.002	1.265	0.250	-0.322	-0.234	1.805	0.552	1.178	-0.176	-0.101	0.453	-0.657	0.472	0.529	0.218	-0.432	0.502	1.508
SyringaeB728a_mexBdelta	Psyr_4228	Psyr_4228		transcriptional regulator, GntR family	-0.066	-0.544	-0.643	-0.946	-1.534	-0.534	-0.877	-1.494	-0.899	-2.453	-2.709	0.037	0.546	-0.427	-0.732	0.771	0.019	-1.287	0.074	1.167	-0.277	-0.052	-0.391
SyringaeB728a_mexBdelta	Psyr_4229	Psyr_4229		ABC transporter:ABC transporter, N-terminal	0.569	0.313	0.205	-0.724	-0.849	-0.001	0.364	0.170	-0.468	0.313	0.268	0.218	0.713	-0.516	1.257	0.731	0.215	0.367	1.197	0.786	1.406	0.343	0.589
SyringaeB728a_mexBdelta	Psyr_4230	Psyr_4230		Helix-turn-helix, Fis-type	0.294	0.123	-0.218	-0.657	-0.505	0.245	0.340	-1.399	-0.034	-3.033	-0.594	-0.443	-1.455	-1.959	-0.507	-0.894	-0.322	-0.435	0.594	-0.780	-0.344	0.231	-4.723
SyringaeB728a_mexBdelta	Psyr_4231	Psyr_4231		ATP-binding region, ATPase-like:Histidine kinase A, N-terminal	-0.146	-0.218	0.993	-1.339	-0.467	1.624	-0.484	0.492	0.347	-4.049	-0.278	-0.082	0.260	0.292	-0.991	-1.650	0.861	-1.052	-0.333	0.428	-1.097	-0.208	-8.722
SyringaeB728a_mexBdelta	Psyr_4232	Psyr_4232		Protein of unknown function DUF541	0.749	0.509	0.766	1.182	1.408	0.118	-0.918	0.278	1.310	0.681	1.790	1.277	-0.845	0.812	0.670	-0.871	0.120	0.840	1.016	1.198	0.016	0.809	-0.154
SyringaeB728a_mexBdelta	Psyr_4233	Psyr_4233		PhcA	0.786	1.171	0.367	0.239	1.614	0.793	1.123	0.300	0.573	-0.296	1.701	0.725	-0.412	0.190	-1.053	-0.904	-0.816	-0.589	-0.342	0.352	-0.424	0.362	0.252
SyringaeB728a_mexBdelta	Psyr_4234	Psyr_4234		extracellular solute-binding protein, family 5	-0.073	-1.111	-0.231	-0.130	-0.482	-0.059	-0.905	-0.411	-0.296	-1.277	-0.483	-0.621	0.860	1.116	-0.056	1.227	0.446	0.231	1.057	0.361	-0.712	0.366	1.096
SyringaeB728a_mexBdelta	Psyr_4235	Psyr_4235		extracellular solute-binding protein, family 5	-0.721	0.304	0.888	0.063	2.475	1.528	1.435	0.405	-0.036	-1.609	0.529	0.354	3.072	0.984	-0.484	-0.728	0.251	-0.546	-0.021	0.335	-0.574	-0.831	-0.521
SyringaeB728a_mexBdelta	Psyr_4236	Psyr_4236		extracellular solute-binding protein, family 5	0.987	0.109	0.177	0.458	2.230	0.426	0.607	0.362	0.833	1.171	2.074	0.443	0.454	0.438	0.100	0.437	-0.706	-0.833	-0.703	-0.813	0.092	-0.749	0.112
SyringaeB728a_mexBdelta	Psyr_4237	Psyr_4237		outer membrane porin	1.105	0.531	7.513	0.637	6.292	2.753	4.089	1.074	2.447	-0.010	1.137	1.634	1.663	2.276	-0.679	0.292	0.395	0.651	1.336	2.110	0.378	0.028	1.302
SyringaeB728a_mexBdelta	Psyr_4238	Psyr_4238		extracellular solute-binding protein, family 5	0.753	0.203	-0.283	-0.042	-0.371	-0.300	-0.077	-1.034	-1.365	-2.201	-0.381	-0.544	-1.082	-2.543	-0.505	0.240	-0.118	-0.068	-0.073	-0.279	0.367	0.370	0.137
SyringaeB728a_mexBdelta	Psyr_4239	Psyr_4239		Binding-protein-dependent transport systems inner membrane component	0.538	1.059	-0.906	-0.102	0.765	0.692	-0.244	0.288	-0.644	0.056	0.061	-0.122	0.262	-0.366	1.715	0.161	1.124	1.267	0.099	1.184	1.393	0.761	-0.367
SyringaeB728a_mexBdelta	Psyr_4240	Psyr_4240		Binding-protein-dependent transport systems inner membrane component	0.114	0.360	-1.661	-0.582	-0.534	0.532	0.166	1.825	-1.095	0.472	-1.054	0.088	-0.258	-0.313	-1.151	-0.034	-0.246	0.062	-0.628	-0.890	-0.495	-1.843	-1.339
SyringaeB728a_mexBdelta	Psyr_4241	Psyr_4241		Oligopeptide/dipeptide ABC transporter, ATP-binding protein, C-terminal	-0.486	-1.289	-1.987	-0.364	-0.944	2.460	-0.217	-0.107	-1.094	0.735	-1.082	-1.264	-0.545	-1.250	0.389	-0.386	1.119	0.477	0.655	-0.333	0.524	0.143	1.152
SyringaeB728a_mexBdelta	Psyr_4242	Psyr_4242		Oligopeptide/dipeptide ABC transporter, ATP-binding protein, C-terminal	0.175	1.516	0.159	0.857	-1.301	3.203	-0.052	2.319	-0.321	1.369	1.604	0.439	-1.239	-1.090	-0.539	0.042	0.231	-0.111	0.232	0.213	0.745	-0.272	0.576
SyringaeB728a_mexBdelta	Psyr_4243	Psyr_4243		Oxidoreductase FAD/NAD(P)-binding:PepSY-associated TM helix:Flavodoxin/nitric oxide synthase	-1.245	-1.231	0.096	-1.297	-0.655	0.760	0.092	-0.129	-1.410	-1.326	-0.222	-0.655	-1.117	0.043	0.354	-0.032	0.181	0.110	0.439	-0.487	-0.714	-0.432	0.420
SyringaeB728a_mexBdelta	Psyr_4244	Psyr_4244		hypothetical protein	-0.682	-0.711	0.445	0.347	-1.900	-3.083	-0.482	-0.615	-1.334	-0.884	-0.647	-0.402	0.902	-1.499	-0.138	-0.596	0.352	0.609	0.675	0.529	-0.537	-1.052	0.077
SyringaeB728a_mexBdelta	Psyr_4245	Psyr_4245		hypothetical protein	-0.201	1.447	0.076	-1.037	0.460	0.794	-0.195	0.191	-0.031	0.220	0.050	0.151	0.255	-0.002	-0.909	-0.016	0.169	-0.179	0.440	-1.888	-0.401	0.261	0.307
SyringaeB728a_mexBdelta	Psyr_4246	Psyr_4246		hypothetical protein	1.178	1.005	1.028	1.662	0.979	1.830	0.584	1.158	0.529	0.421	1.153	1.311	-0.232	0.986	-0.431	-0.094	0.443	0.107	0.088	0.824	0.638	0.096	-0.963
SyringaeB728a_mexBdelta	Psyr_4247	Psyr_4247		ornithine decarboxylase	-0.700	-0.363	-0.433	-0.832	-0.557	-1.103	-0.063	-1.012	-0.856	-0.308	-0.045	-0.515	-1.120	-1.676	-2.022	-1.507	-1.007	-0.875	-2.368	-0.623	-1.366	-1.229	-1.169
SyringaeB728a_mexBdelta	Psyr_4248	Psyr_4248		hypothetical protein	0.928	-0.545	0.081	-0.417	-1.172	0.009	0.127	0.892	-1.347	-0.262	0.489	0.545	0.104	0.380	0.154	1.624	-0.014	0.613	1.045	1.289	-0.091	0.349	0.105
SyringaeB728a_mexBdelta	Psyr_4249	Psyr_4249		Glycine betaine/L-proline transport ATP-binding subunit	1.418	2.236	2.069	1.904	1.013	1.675	0.774	1.870	0.387	1.126	0.317	0.178	1.949	0.192	0.429	1.279	0.173	1.229	1.096	0.121	0.103	0.448	0.689
SyringaeB728a_mexBdelta	Psyr_4250	Psyr_4250		Binding-protein-dependent transport systems inner membrane component	-0.180	0.094	1.165	0.263	1.362	1.094	-0.128	0.627	0.016	-0.739	0.878	0.137	0.548	1.611	-0.284	-0.356	-0.181	0.381	0.591	2.198	0.760	0.577	0.034
SyringaeB728a_mexBdelta	Psyr_4251	Psyr_4251		Substrate-binding region of ABC-type glycine betaine transport system	-0.077	-0.274	-1.645	-0.059	-1.326	-0.056	-0.653	-1.487	-1.026	-1.074	-0.849	-1.872	1.582	0.046	0.229	-0.429	-0.211	-0.568	-0.690	0.838	-0.668	-0.267	0.579
SyringaeB728a_mexBdelta	Psyr_4252	Psyr_4252		Binding-protein-dependent transport systems inner membrane component	-1.212	-0.126	-1.016	-1.000	-1.967	-3.395	-1.291	-1.421	-1.257	-1.143	-1.275	-0.535	0.611	-1.253	-0.492	-0.012	0.359	-0.154	-1.388	-1.043	-0.314	-0.679	-0.487
SyringaeB728a_mexBdelta	Psyr_4255	Psyr_4255		FKBP-type peptidyl-prolyl isomerase, N-terminal:Peptidylprolyl isomerase, FKBP-type	-0.381	0.215	-0.448	-0.699	-0.349	-0.504	0.703	-0.067	1.596	0.261	-1.208	0.062	0.927	0.728	1.469	0.692	0.907	0.286	0.765	-0.185	-0.042	0.585	1.046
SyringaeB728a_mexBdelta	Psyr_4256	Psyr_4256		conserved hypothetical protein	0.282	-0.383	-1.183	0.305	-0.396	-0.369	-1.104	0.911	0.187	-1.603	0.414	-0.063	0.556	-1.406	1.041	-0.251	0.619	0.486	0.445	-0.373	0.084	-0.123	-0.073
SyringaeB728a_mexBdelta	Psyr_4257	Psyr_4257		Uncharacterized protein UPF0114	-0.001	0.056	-1.937	-0.859	-1.210	-0.671	-1.049	-1.632	0.234	-0.616	-1.834	-1.414	-0.550	-1.345	-0.154	1.341	-0.795	-0.353	-0.676	0.046	-0.084	0.735	0.597
SyringaeB728a_mexBdelta	Psyr_4258	Psyr_4258		conserved hypothetical protein	-0.678	-0.727	0.575	0.215	0.045	-1.532	0.828	-1.855	0.318	-1.323	0.529	1.544	0.607	-1.644	0.913	-0.833	-0.674	0.307	0.113	-0.720	0.047	0.373	-0.119
SyringaeB728a_mexBdelta	Psyr_4259	Psyr_4259		ATP-dependent protease, putative	-0.132	0.990	-1.255	-0.830	-0.469	0.761	-0.197	0.159	0.940	-0.238	-0.669	0.270	-0.038	-0.090	0.367	1.047	-0.203	0.472	0.562	0.719	-0.095	0.141	0.018
SyringaeB728a_mexBdelta	Psyr_4260	Psyr_4260		conserved hypothetical protein	-0.909	-0.281	-1.333	-1.102	0.037	-1.621	-1.199	0.131	-1.165	0.324	-0.318	0.100	0.472	-0.846	-0.051	-1.484	0.207	-2.881	0.094	0.005	-0.760	-0.840	0.572
SyringaeB728a_mexBdelta	Psyr_4261	Psyr_4261		conserved hypothetical protein	-0.634	-0.721	-1.009	-1.007	-1.335	-0.700	-0.115	-2.371	-0.559	-0.577	-0.268	-1.081	0.242	0.179	0.224	0.594	-0.488	0.172	-0.431	0.088	-0.037	0.688	0.275
SyringaeB728a_mexBdelta	Psyr_4263	Psyr_4263		transcription elongation factor GreB	0.883	0.730	0.170	1.041	0.059	-0.591	-0.226	-1.442	-0.649	-0.769	-0.167	-0.671	-0.778	-2.020	0.823	-0.411	-0.221	-0.330	0.538	0.642	-0.167	-1.089	0.671
SyringaeB728a_mexBdelta	Psyr_4264	Psyr_4264		ABC transporter	-1.440	-1.501	-5.425	-2.270	-7.094	-0.030	0.176	-7.720	-1.678	-3.035	-3.469	-1.440	-4.107	1.838	-1.847	-1.852	-1.208	-2.058	-2.391	-5.474	-2.759	-1.463	-4.927
SyringaeB728a_mexBdelta	Psyr_4265	Psyr_4265		diguanylate cyclase/phosphodiesterase with PAS/PAC sensor(s)	0.756	0.747	0.303	0.218	-0.185	0.755	1.371	0.487	-0.126	0.672	0.988	1.010	1.361	1.022	0.109	-0.063	-0.201	-0.231	-0.146	-0.039	0.051	-1.057	-0.179
SyringaeB728a_mexBdelta	Psyr_4266	Psyr_4266		transcriptional regulator, LuxR family	0.036	-1.430	-0.705	-0.791	-0.519	-1.048	-1.821	-1.865	-1.461	-0.655	-0.995	0.424	0.095	1.975	-2.063	-0.490	0.094	-1.181	-1.152	-1.609	-1.005	-0.744	-1.184
SyringaeB728a_mexBdelta	Psyr_4267	Psyr_4267		conserved hypothetical protein	1.409	0.933	-0.368	-0.019	0.022	1.146	0.603	-0.663	-0.227	0.863	0.137	0.888	1.389	1.196	-0.895	-1.101	-1.582	-0.613	-0.551	-0.869	-0.352	-1.165	-1.701
SyringaeB728a_mexBdelta	Psyr_4268	Psyr_4268		Amidase	-0.155	0.823	-0.073	0.412	-0.766	1.169	1.387	0.389	-0.013	-0.142	0.876	0.801	-0.906	0.961	1.848	0.851	1.949	1.140	0.660	0.962	0.057	-0.365	2.602
SyringaeB728a_mexBdelta	Psyr_4269	Psyr_4269		type III effector HopAE1	0.455	0.227	-0.437	-0.427	-0.299	0.425	0.773	0.749	0.983	1.067	0.967	-0.766	2.239	1.559	-1.074	-1.226	-1.219	-0.644	-1.170	-1.197	-0.661	-0.807	-1.019
SyringaeB728a_mexBdelta	Psyr_4270	Psyr_4270		serine hydroxymethyltransferase	-1.133	-0.327	-2.089	-1.594	-2.255	-1.084	-1.308	-1.525	-1.479	-0.788	-1.625	-3.086	-0.026	-1.019	0.999	-1.308	-0.629	-1.860	0.450	-1.360	-0.341	-0.556	-0.412
SyringaeB728a_mexBdelta	Psyr_4271	Psyr_4271		Cobalamin synthesis protein/P47K:Cobalamin synthesis protein/P47K	0.965	0.962	1.344	0.717	-1.319	1.257	1.234	0.493	-0.685	0.482	0.632	0.298	1.666	0.547	-1.612	0.947	-0.045	0.272	-1.200	-0.384	0.001	-1.073	-0.987
SyringaeB728a_mexBdelta	Psyr_4272	Psyr_4272		Protein of unknown function DUF466	-0.044	-0.268	-0.946	0.231	-1.347	1.158	0.584	-0.000	-0.193	-0.421	0.767	0.233	-0.920	-0.262	1.329	-0.107	1.441	-0.571	-0.656	0.722	0.136	0.464	-0.379
SyringaeB728a_mexBdelta	Psyr_4273	Psyr_4273		Carbon starvation protein CstA	-1.306	-1.478	-1.625	-2.083	-0.776	-1.342	-1.131	-2.000	-1.099	-0.310	-1.032	-2.098	-0.391	0.829	-0.197	-0.483	-0.590	-0.250	-0.524	0.039	-1.130	-0.365	-0.138
SyringaeB728a_mexBdelta	Psyr_4274	Psyr_4274		conserved hypothetical protein	-0.459	1.410	-0.522	1.339	0.225	-0.879	-0.452	0.271	-0.697	-0.078	0.054	-0.897	0.652	0.389	0.300	-0.270	-0.033	0.009	-0.501	-0.321	-1.132	-0.093	1.512
SyringaeB728a_mexBdelta	Psyr_4275	Psyr_4275		DNA replication and repair protein RadA	0.850	0.592	-0.801	1.637	0.166	0.385	0.163	0.795	-0.390	-0.031	0.883	0.238	0.573	-2.443	-0.054	-0.427	0.943	-1.001	-0.618	-0.413	-1.161	0.532	-0.226
SyringaeB728a_mexBdelta	Psyr_4276	Psyr_4276		Large-conductance mechanosensitive channel	1.211	-0.351	-0.387	0.950	-0.522	-0.768	0.221	-0.832	-0.310	0.158	0.528	-0.217	-0.996	0.270	0.475	-0.003	-0.077	0.525	0.998	0.302	-0.144	0.646	0.421
SyringaeB728a_mexBdelta	Psyr_4277	Psyr_4277		Oxidoreductase FAD/NAD(P)-binding:Oxidoreductase FAD-binding region	-1.712	0.852	0.589	-0.872	1.267	1.031	-2.101	-1.631	-0.207	-0.715	-0.364	0.414	-0.375	-0.799	-0.736	-0.232	0.342	0.906	-0.688	-0.331	-1.261	-0.079	-0.148
SyringaeB728a_mexBdelta	Psyr_4279	Psyr_4279		16S rRNA m(2)G 1207 methyltransferase / 23S rRNA m(2)G-1835 methyltransferase	-0.321	0.042	0.784	-0.429	0.978	-0.307	2.694	-0.612	0.022	-0.115	0.346	0.524	0.340	1.191	-0.393	0.159	-1.173	-0.477	1.327	0.483	-0.354	0.307	0.830
SyringaeB728a_mexBdelta	Psyr_4280	Psyr_4280		conserved hypothetical protein	0.436	0.257	0.789	-0.307	-0.063	1.541	-0.638	-0.611	-0.152	0.672	0.195	-0.585	0.478	1.255	-1.185	0.196	0.147	-0.673	-0.315	0.568	0.728	0.030	-0.602
SyringaeB728a_mexBdelta	Psyr_4281	Psyr_4281		cytochrome bd quinol oxidase subunit 2 apoprotein	0.745	0.417	0.374	0.015	0.774	-2.422	-0.043	-0.308	-0.430	-2.895	-1.009	0.102	0.043	-2.414	-1.204	-1.508	-0.190	-0.041	-0.884	-1.323	-1.159	-0.263	-7.470
SyringaeB728a_mexBdelta	Psyr_4282	Psyr_4282		cytochrome bd quinol oxidase subunit 1 apoprotein	0.279	0.115	-1.028	0.310	0.289	-2.066	-0.447	1.027	0.094	-1.961	0.051	0.000	-0.585	1.127	-0.474	-0.669	0.185	0.360	0.301	0.532	0.844	0.024	-5.098
SyringaeB728a_mexBdelta	Psyr_4283	Psyr_4283		xanthine dehydrogenase, molybdenum binding subunit apoprotein	0.630	1.139	1.660	0.737	0.373	1.341	0.127	0.219	0.639	-0.080	0.693	0.155	0.354	1.022	0.349	-0.498	-0.107	-0.494	-0.546	-0.247	-0.157	0.006	-0.457
SyringaeB728a_mexBdelta	Psyr_4284	Psyr_4284		Molybdopterin dehydrogenase, FAD-binding:CO dehydrogenase flavoprotein, C-terminal	1.223	0.951	-0.217	0.268	1.403	2.355	1.979	0.749	0.631	2.371	0.302	0.757	1.146	1.500	0.726	0.189	0.384	-0.018	0.401	-0.548	0.772	-1.367	0.649
SyringaeB728a_mexBdelta	Psyr_4285	Psyr_4285		Ferredoxin:[2Fe-2S]-binding protein	-0.012	1.723	0.510	-0.619	0.119	0.444	1.623	0.887	-1.595	0.662	0.458	0.525	-1.144	1.873	0.054	0.365	1.868	1.780	1.204	1.503	1.931	1.404	1.096
SyringaeB728a_mexBdelta	Psyr_4286	Psyr_4286		Xanthine/uracil/vitamin C permease	1.235	-0.991	-0.142	0.091	0.509	0.583	-0.047	-1.177	-1.238	0.530	-1.284	-0.512	-1.101	-0.273	-1.023	-0.966	0.366	-0.862	-1.540	-0.001	-0.811	-2.031	-1.106
SyringaeB728a_mexBdelta	Psyr_4287	Psyr_4287		tRNA (uracil-5-)-methyltransferase	-2.821	-1.338	-2.369	-1.146	-3.170	-3.104	-3.128	-0.607	-1.019	-1.334	-3.477	-2.134	-0.537	-0.262	0.715	-0.860	0.324	-0.296	-0.918	-1.856	-0.263	-0.666	-1.345
SyringaeB728a_mexBdelta	Psyr_4288	Psyr_4288		protein of unknown function DUF894:Bacterial protein of unknown function DUF894	-0.622	0.091	-0.273	0.588	-0.299	-1.252	-0.480	1.485	-0.457	-1.098	-0.356	0.686	-0.030	-0.919	-1.480	-1.049	0.265	-0.583	-1.459	0.093	-0.514	-0.009	-0.408
SyringaeB728a_mexBdelta	Psyr_4289	Psyr_4289		Protein of unknown function Zinc binding 2	0.615	-0.376	-1.494	-0.145	0.248	2.570	-0.170	0.163	0.180	0.257	-0.223	-1.348	0.129	1.173	1.308	1.687	1.526	1.683	-0.044	1.236	1.285	1.172	0.707
SyringaeB728a_mexBdelta	Psyr_4290	Psyr_4290		conserved domain protein	-0.606	0.492	0.544	0.328	-0.393	-0.669	-0.168	-1.437	0.192	-1.171	-0.360	-0.293	1.154	0.595	-0.447	-0.494	-1.380	-2.209	-1.983	-1.562	-1.226	-1.239	-1.333
SyringaeB728a_mexBdelta	Psyr_4291	Psyr_4291		hypothetical protein	1.130	-0.335	1.067	0.338	1.002	1.663	-0.218	-0.508	-0.981	-1.201	-0.218	0.735	0.087	-0.376	-2.047	-1.560	-0.662	-3.577	-1.317	-1.073	-2.091	-2.781	-2.212
SyringaeB728a_mexBdelta	Psyr_4292	Psyr_4292		HAD-superfamily hydrolase, subfamily IA, variant 3:HAD-superfamily hydrolase, subfamily IA, variant 1	-0.300	-1.001	-1.075	-0.048	0.213	0.803	0.509	0.208	-0.207	0.595	-0.047	-0.055	1.315	0.478	-1.057	0.538	-1.022	0.718	-0.790	0.011	-0.608	0.139	-0.477
SyringaeB728a_mexBdelta	Psyr_4293	Psyr_4293		Acyl-CoA thioesterase	0.005	0.280	-0.844	0.728	-1.633	-1.746	-0.529	-1.261	-0.947	-0.271	-0.619	0.434	-0.704	-0.494	-0.397	-0.824	-0.640	-1.188	-1.397	-1.158	-1.213	-1.667	-0.810
SyringaeB728a_mexBdelta	Psyr_4294	Psyr_4294		Histone deacetylase family protein	-0.639	-0.598	-0.630	-0.054	0.276	-0.423	-1.589	-0.910	-0.348	-1.335	-1.407	-1.872	1.762	1.097	0.731	-0.262	-0.698	-0.894	-0.533	-0.286	0.422	0.986	-0.830
SyringaeB728a_mexBdelta	Psyr_4295	Psyr_4295		Histone deacetylase superfamily	-0.934	0.036	-0.957	-0.135	0.878	-0.643	0.337	-0.867	0.553	0.620	0.338	-0.483	0.662	0.269	-0.057	-0.662	-0.426	-1.053	-0.312	-0.197	-1.358	-1.113	-0.253
SyringaeB728a_mexBdelta	Psyr_4296	Psyr_4296		HI0933-like protein	0.802	-0.746	-1.233	-1.417	-1.446	-0.365	-1.358	-0.875	0.621	0.573	0.080	-2.045	-0.737	-1.169	1.688	0.108	-0.849	-0.161	0.279	-0.010	1.046	0.189	0.385
SyringaeB728a_mexBdelta	Psyr_4297	Psyr_4297		Helicase, C-terminal:DEAD/DEAH box helicase, N-terminal	-1.020	-0.076	2.399	0.031	2.687	-2.851	-3.080	-6.698	1.242	-1.212	-0.220	-0.561	-0.979	-1.435	-0.257	-0.539	-0.586	-0.221	-1.550	-0.346	-1.680	-0.609	-0.307
SyringaeB728a_mexBdelta	Psyr_4298	Psyr_4298		Protein of unknown function DUF6	0.717	-0.360	0.048	-0.841	-0.350	0.508	0.101	0.246	0.284	-0.432	0.552	-1.001	-1.584	-1.333	-0.247	-0.427	-0.703	0.249	-0.537	-0.437	-0.617	-0.655	-0.693
SyringaeB728a_mexBdelta	Psyr_4299	Psyr_4299		transcriptional regulator, AsnC family	-0.382	1.023	0.572	0.600	-2.421	-0.297	-0.251	0.301	-0.321	0.340	-0.014	-0.830	-1.078	-0.548	0.237	1.381	0.621	0.333	0.659	0.975	1.459	0.844	1.349
SyringaeB728a_mexBdelta	Psyr_4300	Psyr_4300		DNA polymerase III, epsilon subunit	0.476	-0.843	1.495	-0.926	-0.598	-1.059	0.965	-0.557	-0.050	-0.881	-0.171	0.163	-0.919	-1.514	-0.508	-1.406	-0.632	-0.234	0.798	0.509	-0.855	-0.484	-0.153
SyringaeB728a_mexBdelta	Psyr_4301	Psyr_4301		Protein of unknown function DUF88	-0.115	0.716	1.088	-1.051	0.172	0.503	0.152	1.094	-1.479	1.742	-0.738	-0.462	0.364	-1.122	-0.054	0.750	-0.061	-0.849	-0.727	0.581	-1.544	-1.404	-0.811
SyringaeB728a_mexBdelta	Psyr_4302	Psyr_4302		conserved hypothetical protein	-0.862	0.128	-1.336	0.022	0.172	-0.908	-0.297	-0.180	0.910	-0.162	-1.343	-1.746	0.068	-0.129	-1.253	-1.216	-0.588	0.357	-0.603	-0.220	-1.460	-1.348	-1.112
SyringaeB728a_mexBdelta	Psyr_4303	Psyr_4303		Protein of unknown function UPF0259	-0.756	-0.058	1.130	1.329	0.792	1.004	0.991	0.306	1.520	0.396	0.471	0.814	-0.266	-1.603	-0.986	-2.353	-0.912	-0.986	-0.763	-0.384	-1.024	-1.462	-0.858
SyringaeB728a_mexBdelta	Psyr_4304	Psyr_4304		Endonuclease/exonuclease/phosphatase	-0.486	-0.177	0.321	0.387	-0.482	-0.376	-0.786	0.210	0.986	0.204	-0.503	-1.187	-0.436	-0.271	0.969	-0.933	0.346	-0.458	0.231	0.110	1.107	0.168	1.238
SyringaeB728a_mexBdelta	Psyr_4305	Psyr_4305		conserved hypothetical protein	-0.578	-0.830	-0.774	-0.564	-0.751	-0.668	-0.282	-0.993	-0.209	-0.641	-0.664	-1.074	-1.175	-0.991	-0.262	-1.455	-1.238	-1.467	-1.697	-0.856	-1.472	-0.487	-2.222
SyringaeB728a_mexBdelta	Psyr_4306	Psyr_4306		conserved hypothetical protein	-1.982	-1.002	-1.629	-0.257	-0.564	-1.640	0.601	-1.613	-0.996	-1.350	-0.574	-0.589	-1.444	-1.685	-1.263	-0.687	-0.793	-3.090	-0.508	-0.296	-0.872	0.225	-2.869
SyringaeB728a_mexBdelta	Psyr_4307	Psyr_4307		Protein of unknown function DUF142	-0.167	-0.504	0.537	-0.850	-0.674	-1.396	-0.840	-1.887	0.491	0.410	-0.879	-0.102	-0.321	-0.715	-0.571	-0.333	-1.376	-0.257	0.015	-0.496	-0.831	-0.797	-0.908
SyringaeB728a_mexBdelta	Psyr_4308	Psyr_4308		conserved hypothetical protein	-1.567	-0.108	-0.158	-1.606	-0.915	-0.616	-0.831	-0.417	-1.437	0.343	0.653	-2.050	-0.380	-1.055	-1.015	-1.917	-0.419	-0.506	-0.582	-0.609	-0.846	-2.008	-0.263
SyringaeB728a_mexBdelta	Psyr_4309	Psyr_4309		hypothetical protein	-2.202	-2.280	-0.686	-1.906	0.049	-2.487	0.060	-2.879	0.197	-0.119	-1.902	-2.304	-0.569	-0.463	-3.373	-2.797	-3.359	-1.848	-2.905	-2.613	-3.425	-2.396	-2.658
SyringaeB728a_mexBdelta	Psyr_4310	Psyr_4310		hypothetical protein	-2.529	-0.927	-2.048	-0.648	-0.845	-0.463	0.000	-3.121	-1.316	-1.822	-2.339	-3.503	-1.684	-3.592	-3.469	-1.694	-2.423	-0.899	-3.038	-1.767	-2.117	-2.093	-1.642
SyringaeB728a_mexBdelta	Psyr_4311	Psyr_4311		Malonyl CoA-acyl carrier protein transacylase	-0.212	-1.055	-0.707	-0.716	0.110	-2.973	0.151	-2.888	-0.465	0.130	-0.390	-0.479	-1.056	-2.663	-0.537	-1.062	-1.331	-0.793	-0.653	-0.304	-1.678	-0.776	-0.924
SyringaeB728a_mexBdelta	Psyr_4312	Psyr_4312		Erythronolide synthase	-1.642	-1.140	-1.624	-1.023	-0.121	-3.242	-0.741	-2.141	-0.589	-0.998	-1.205	-0.744	-1.467	-2.511	-0.518	-0.519	-1.155	-0.867	-0.717	-0.525	-1.626	-0.850	-1.029
SyringaeB728a_mexBdelta	Psyr_4313	Psyr_4313		Beta-ketoacyl synthase:Beta-ketoacyl synthase:Phosphopantetheine-binding protein	0.059	-0.078	-1.010	-0.436	0.666	-2.157	0.145	-1.019	-0.193	-0.416	-0.780	-0.182	-0.295	-1.679	-0.991	-0.173	-1.336	-0.801	-0.601	-0.452	-1.115	-1.049	-0.890
SyringaeB728a_mexBdelta	Psyr_4314	Psyr_4314		Beta-ketoacyl synthase:Beta-ketoacyl synthase:Phosphopantetheine-binding protein	-0.960	-0.926	-0.704	-0.873	-0.598	-1.242	-0.035	-2.111	-0.153	-0.856	-0.919	-0.644	-0.378	-2.401	-1.658	-0.402	-1.235	-0.773	-1.004	-0.572	-1.326	-1.487	-1.214
SyringaeB728a_mexBdelta	Psyr_4315	Psyr_4315		Asparagine synthase, glutamine-hydrolyzing	-1.813	-2.146	-1.162	-1.460	-0.255	-2.209	0.356	-2.160	-1.788	-1.432	-1.612	-1.587	-0.679	-3.259	-1.075	-1.222	-1.234	-0.963	-1.408	-0.819	-1.148	-0.358	-0.909
SyringaeB728a_mexBdelta	Psyr_4316	Psyr_4316		conserved hypothetical protein	-0.824	-1.322	-1.053	0.602	-0.573	-0.815	-1.259	-1.825	-2.340	-0.392	-0.811	-2.497	-1.257	-1.415	-0.777	0.483	-0.216	-0.713	0.269	0.356	-1.942	-1.820	0.314
SyringaeB728a_mexBdelta	Psyr_4317	Psyr_4317		Probable taurine catabolism dioxygenase-like protein	-3.749	-1.161	-1.883	-0.017	-0.855	-2.562	-0.887	-1.185	-0.600	-0.705	-1.478	-1.676	-2.971	-4.704	-2.012	-1.622	-2.385	-1.108	-1.990	-1.581	-3.352	-1.055	-2.199
SyringaeB728a_mexBdelta	Psyr_4318	Psyr_4318		regulatory protein, LysR:LysR, substrate-binding protein	0.259	0.300	-0.141	-0.133	1.064	-0.315	1.894	-0.998	1.203	0.687	0.029	-0.026	0.001	-1.837	0.315	-0.856	-0.791	0.766	-0.203	0.561	-0.437	-0.254	0.207
SyringaeB728a_mexBdelta	Psyr_4319	Psyr_4319		Silent information regulator protein Sir2	-0.192	-0.053	-0.395	0.153	1.057	-2.287	-0.490	-1.502	0.127	0.229	-1.310	-0.013	-0.476	-2.654	-0.747	-1.092	-1.899	-1.416	-0.911	-1.249	-2.216	-1.630	-2.833
SyringaeB728a_mexBdelta	Psyr_4320	Psyr_4320		ATP-dependent helicase HrpB	-2.059	-2.532	-2.229	0.256	-1.357	0.266	-0.768	-0.774	-0.555	-0.386	-1.483	-2.551	0.047	-0.527	0.567	-0.409	-1.203	-1.482	-1.123	-0.034	-0.012	0.043	0.065
SyringaeB728a_mexBdelta	Psyr_4321	Psyr_4321		Pyridoxal-5'-phosphate-dependent enzyme, beta subunit	-1.720	-1.334	-2.052	-1.116	0.740	-1.905	-0.200	-2.278	-1.042	-1.745	-2.177	-1.894	-0.433	-0.186	-2.015	-2.100	-1.835	-1.255	-1.142	-1.084	-2.630	-1.707	-1.488
SyringaeB728a_mexBdelta	Psyr_4322	Psyr_4322		membrane protein, putative	-0.834	-1.760	-0.108	-1.051	-0.952	-2.174	-0.440	-1.355	-0.332	-1.039	-1.355	-0.994	-0.634	-2.297	-1.421	-0.892	-0.629	-0.868	-1.023	-0.177	-0.881	-0.266	-1.334
SyringaeB728a_mexBdelta	Psyr_4323	Psyr_4323		synthetase, putative	-2.643	-2.899	-2.724	-1.402	-0.698	-2.583	-0.722	-2.463	-1.797	-2.571	-1.809	-2.952	-0.155	-2.266	-1.632	-1.662	-0.620	-1.636	-1.747	-1.200	-1.707	-1.953	-1.415
SyringaeB728a_mexBdelta	Psyr_4324	Psyr_4324		serine O-acetyltransferase	-0.232	-1.147	-0.993	-0.622	0.041	-2.779	0.353	-1.379	-0.630	0.269	-1.317	0.100	-1.152	-1.488	-1.026	-0.610	-0.641	-0.656	-0.900	-0.491	-0.934	-0.782	-1.254
SyringaeB728a_mexBdelta	Psyr_4325	Psyr_4325		transcriptional regulator, GntR family	0.245	-0.817	-1.870	-0.639	0.913	-1.015	0.110	-0.807	-0.026	-0.139	-0.533	-1.143	0.263	-1.266	-1.099	-0.748	-0.741	-0.230	-0.352	0.081	-1.092	-1.337	-0.814
SyringaeB728a_mexBdelta	Psyr_4326	Psyr_4326		type III effector HopI1	-0.840	-1.121	-0.171	-0.713	0.212	-1.109	-0.410	-0.864	0.145	0.199	-0.187	-0.679	-1.008	-1.600	-0.495	0.872	-1.057	-0.040	-0.723	1.120	0.408	1.129	0.755
SyringaeB728a_mexBdelta	Psyr_4327	Psyr_4327		Endoribonuclease L-PSP	0.090	0.516	-0.013	1.287	-0.899	0.638	0.618	-0.347	-0.502	1.321	0.737	2.163	1.099	1.284	-0.631	-0.253	0.109	-0.799	0.451	0.766	-0.174	0.814	-1.435
SyringaeB728a_mexBdelta	Psyr_4328	Psyr_4328		Protein of unknown function DUF633	-0.093	1.835	0.825	0.874	1.306	0.450	0.916	0.609	0.470	2.047	1.025	1.425	0.155	0.372	-2.190	-0.253	-2.676	-1.635	-0.819	-1.938	-0.546	-1.404	-0.529
SyringaeB728a_mexBdelta	Psyr_4329	Psyr_4329		conserved hypothetical protein	-0.906	-0.390	1.200	1.406	-1.043	1.315	0.521	-0.685	-0.494	0.217	0.191	-0.167	1.910	1.803	-1.037	0.195	0.329	-1.460	-0.246	-0.658	-1.543	-0.574	-1.423
SyringaeB728a_mexBdelta	Psyr_4330	Psyr_4330		conserved domain protein	0.200	-0.136	-2.175	1.443	-0.930	-0.256	-0.871	-0.665	-1.581	0.158	0.479	-0.085	0.738	-0.749	0.612	0.229	-1.153	-0.494	-0.951	-1.500	0.131	0.048	0.940
SyringaeB728a_mexBdelta	Psyr_4331	Psyr_4331		galactose 1-dehydrogenase	-0.310	-0.636	-0.327	-1.784	-0.725	0.463	-3.252	-1.135	-0.385	-0.368	-1.918	-1.874	-1.599	0.050	0.781	0.754	0.614	0.017	-1.426	0.347	-0.058	-0.461	-0.741
SyringaeB728a_mexBdelta	Psyr_4332	Psyr_4332		conserved hypothetical protein	-0.867	0.701	0.790	-0.949	0.357	-0.712	-1.331	-0.331	-0.294	-0.240	-1.007	-1.008	-0.351	1.104	1.230	0.614	-0.996	0.504	-0.360	0.134	0.777	-0.302	-0.304
SyringaeB728a_mexBdelta	Psyr_4333	Psyr_4333		Cation efflux protein	1.669	0.917	1.990	0.003	1.525	2.288	1.412	1.819	0.683	0.556	1.516	1.026	1.356	2.668	-1.183	-0.665	-1.447	-1.344	-0.703	-0.307	-0.810	-1.783	-1.372
SyringaeB728a_mexBdelta	Psyr_4334	Psyr_4334		conserved hypothetical protein	0.192	0.405	0.856	-0.036	0.309	1.892	-0.304	0.289	0.390	-0.523	0.280	-0.074	0.357	1.472	-0.576	-0.078	0.061	-0.623	0.142	0.937	-0.007	0.348	0.594
SyringaeB728a_mexBdelta	Psyr_4335	Psyr_4335		transcriptional regulator, AsnC family	-0.435	-2.437	-0.032	0.369	-1.030	-0.037	0.158	-0.792	0.738	-0.018	-1.510	-0.144	-0.434	0.006	-0.162	0.056	1.279	0.951	0.188	0.498	0.850	0.851	0.778
SyringaeB728a_mexBdelta	Psyr_4336	Psyr_4336		ribosomal large subunit pseudouridine synthase E	-1.855	-0.927	-1.074	-1.621	1.472	1.962	-0.669	1.669	1.528	0.999	-0.851	0.418	2.177	1.018	0.404	0.973	1.337	-0.619	1.237	-0.079	-0.830	0.531	-0.139
SyringaeB728a_mexBdelta	Psyr_4337	Psyr_4337		AMP nucleosidase	-0.053	0.682	-0.299	0.158	-0.240	0.042	0.313	0.085	0.175	0.492	0.010	-0.335	1.189	1.830	-0.579	-1.115	-1.255	-0.650	-0.553	-1.347	-0.192	0.059	-1.423
SyringaeB728a_mexBdelta	Psyr_4338	Psyr_4338		Acyl-CoA dehydrogenase, C-terminal:Acyl-CoA dehydrogenase, central region	-0.132	1.587	0.142	1.328	0.046	-0.502	1.559	1.248	-0.103	-0.823	1.307	0.177	0.843	0.125	-0.723	-0.704	-1.268	-0.241	-1.117	-1.670	-1.276	-0.076	-0.645
SyringaeB728a_mexBdelta	Psyr_4339	Psyr_4339		ATP-binding region, ATPase-like:Histidine kinase A, N-terminal:Histidine kinase:Histidine kinase	0.232	0.487	-3.410	-0.374	-0.532	-1.794	-1.098	-1.719	0.108	-0.776	-0.509	0.453	-0.223	0.394	0.234	0.528	-0.598	0.393	-0.479	-0.625	0.456	0.566	-0.342
SyringaeB728a_mexBdelta	Psyr_4340	Psyr_4340		phosphomethylpyrimidine kinase, putative	-10.385	-11.079	-7.013	-11.977	-11.104	12.759	-5.835	-8.991	-11.129	-11.049	-11.182	-11.656	-4.167	-3.763	-14.026	-12.255	-10.781	-12.753	-12.594	-11.845	-11.429	-13.227	-12.425
SyringaeB728a_mexBdelta	Psyr_4341	Psyr_4341		thiamine-phosphate diphosphorylase	-7.982	-7.443	-4.436	-7.339	-6.167	9.875	-3.061	-6.243	-7.646	-6.750	-7.716	-7.599	-3.750	-1.863	-8.665	-9.109	-9.867	-8.809	-9.540	-9.302	-9.140	-8.858	-9.650
SyringaeB728a_mexBdelta	Psyr_4343	Psyr_4343		Sel1-like repeat protein	-2.064	-1.008	-4.461	-1.651	-3.011	0.715	-2.562	-2.600	-3.593	0.611	-3.840	-0.769	-1.190	0.157	-1.252	-2.712	-0.255	-2.903	-2.525	-1.562	-0.526	-1.117	-0.881
SyringaeB728a_mexBdelta	Psyr_4344	Psyr_4344		conserved hypothetical protein	0.014	0.405	-1.967	-0.032	0.348	-0.422	-0.037	0.309	-0.112	0.632	-1.259	-0.266	-0.197	-0.886	0.930	-1.440	-0.659	-0.897	-0.623	0.086	-0.371	-1.228	-0.526
SyringaeB728a_mexBdelta	Psyr_4345	Psyr_4345		tRNA-i(6)A37 thiotransferase enzyme MiaB	-0.917	-0.196	-1.014	-0.695	-0.147	-1.043	-1.542	-0.843	1.015	0.945	-1.199	0.154	-1.431	-0.063	-1.140	-0.551	-0.510	-0.815	-0.410	-0.077	-0.525	-0.698	0.556
SyringaeB728a_mexBdelta	Psyr_4346	Psyr_4346		PhoH-like protein	-0.162	0.776	0.098	0.470	-0.736	0.671	0.133	0.216	-0.232	-0.046	0.032	0.527	-0.212	0.053	-1.806	-1.374	-2.038	-2.041	-1.616	-2.477	-1.960	-2.184	-0.780
SyringaeB728a_mexBdelta	Psyr_4348	Psyr_4348		CBS:Transporter-associated region	0.386	0.569	0.413	0.871	1.306	1.545	1.877	0.870	-1.781	1.506	-0.065	-0.328	1.020	-0.055	-0.087	0.993	0.147	-0.025	0.300	1.129	-0.335	1.520	-0.815
SyringaeB728a_mexBdelta	Psyr_4350	Psyr_4350		Protein of unknown function DUF218	-0.707	0.278	0.087	-0.366	-0.217	0.922	0.786	0.335	0.491	0.301	-0.645	-0.908	-1.474	0.342	-0.048	-0.093	-0.194	-0.673	-0.711	0.034	1.182	0.670	-0.336
SyringaeB728a_mexBdelta	Psyr_4355	Psyr_4355		hypothetical protein	-0.510	-0.891	-0.984	0.514	-0.279	0.543	-0.502	1.293	0.671	0.704	-0.389	1.652	0.046	0.894	0.151	-0.828	-1.269	-1.696	0.051	-1.365	-0.262	-0.416	-2.084
SyringaeB728a_mexBdelta	Psyr_4357	Psyr_4357		HopAJ2 protein	0.741	-1.014	-2.555	-0.911	-2.286	-2.150	-2.952	1.089	-3.922	-1.533	-0.136	-0.261	0.287	-3.916	-0.959	-2.686	-1.473	-1.512	-1.305	-0.999	-1.469	-2.171	-3.836
SyringaeB728a_mexBdelta	Psyr_4361	Psyr_4361		penicillin-binding protein 6, Serine peptidase, MEROPS family S11	-1.873	-2.065	-3.201	-0.248	-1.861	0.646	-2.904	-3.491	4.695	-1.108	-0.753	-1.043	-3.669	4.230	-2.060	-0.085	-4.898	1.111	-1.975	0.060	-1.005	-2.687	-1.350
SyringaeB728a_mexBdelta	Psyr_4363	Psyr_4363		membrane-bound lytic murein transglycosylase B	-0.464	0.117	-1.361	-1.520	-1.091	-2.643	-1.818	-1.147	-1.964	-0.055	-1.831	0.214	-1.906	-2.018	-0.844	-1.442	-1.907	-0.052	-2.752	-0.787	-1.559	-2.845	-3.233
SyringaeB728a_mexBdelta	Psyr_4366	Psyr_4366		Protein of unknown function DUF163	-0.821	0.513	2.600	0.122	1.221	0.578	1.266	0.939	-0.095	0.582	-0.482	1.823	0.030	0.743	0.780	0.175	0.206	-1.501	-0.358	0.455	-0.207	0.573	0.421
SyringaeB728a_mexBdelta	Psyr_4367	Psyr_4367		Iojap-related protein	1.282	1.033	2.338	-0.336	0.667	-1.381	0.521	-0.798	2.187	-0.699	0.305	0.736	1.276	1.724	1.544	1.314	1.428	1.355	-0.568	-0.273	-0.178	0.883	0.008
SyringaeB728a_mexBdelta	Psyr_4369	Psyr_4369		glutamate-5-semialdehyde dehydrogenase	-2.679	-3.432	0.273	-2.226	-1.274	0.133	-0.640	-0.867	-1.405	-1.830	-3.197	-2.511	-0.155	2.267	-1.930	-1.976	-3.692	-0.604	-2.020	-2.015	-3.169	-1.964	-0.413
SyringaeB728a_mexBdelta	Psyr_4370	Psyr_4370		methylpurine-DNA glycosylase family protein	0.236	0.192	1.095	-0.351	0.412	0.629	0.326	0.553	-0.405	0.785	0.127	0.713	-0.121	0.453	-0.176	-0.897	0.155	-1.576	-1.001	-0.685	-0.456	-0.924	-0.342
SyringaeB728a_mexBdelta	Psyr_4371	Psyr_4371		DedA:Phosphoesterase, PA-phosphatase related protein	0.491	-0.621	-0.486	-0.803	0.720	0.742	-0.752	-0.525	0.145	-0.128	0.063	0.307	1.068	2.672	-0.307	-0.095	-1.480	-0.508	0.025	-0.356	-1.662	0.007	-0.057
SyringaeB728a_mexBdelta	Psyr_4372	Psyr_4372		aspartate carbamoyltransferase	-0.375	-0.786	-0.020	-0.452	0.225	0.001	-0.688	-1.284	0.026	-1.894	0.042	-0.992	-2.066	-0.650	1.373	0.276	1.284	1.119	0.526	1.056	0.413	-0.062	0.115
SyringaeB728a_mexBdelta	Psyr_4373	Psyr_4373		PAS	0.356	1.581	1.016	-0.324	0.371	-0.227	0.142	-0.232	1.054	0.805	0.602	-0.779	0.058	1.174	0.195	0.234	-0.793	0.384	-0.530	0.205	-0.626	0.090	0.026
SyringaeB728a_mexBdelta	Psyr_4374	Psyr_4374		conserved hypothetical protein	0.199	-0.032	-1.388	-0.715	-0.640	-2.001	-0.977	-1.906	-0.277	0.454	-1.293	-1.199	0.316	-1.256	-1.168	0.265	-0.345	-0.209	-0.206	-0.173	0.260	-0.884	-1.114
SyringaeB728a_mexBdelta	Psyr_4375	Psyr_4375		Peptidase A24A, prepilin type IV	1.875	0.762	-1.117	0.094	0.662	0.678	-0.507	1.037	0.511	0.253	0.296	0.722	-1.143	0.143	-1.339	-1.334	-0.536	-1.634	-0.914	-1.576	-3.125	-2.443	-1.683
SyringaeB728a_mexBdelta	Psyr_4376	Psyr_4376		regulatory protein, LuxR:Response regulator receiver	-0.622	-0.221	-1.884	-0.042	0.446	-1.378	-0.832	-1.032	-0.418	-0.508	-1.271	-0.411	0.196	-0.145	-0.691	-0.018	-0.217	0.195	-0.199	-1.273	-1.347	-0.385	0.209
SyringaeB728a_mexBdelta	Psyr_4377	Psyr_4377		response regulator receiver modulated diguanylate cyclase	-1.339	-1.017	-0.775	-1.079	-1.957	-1.300	-1.058	-2.062	-0.992	-1.631	-1.507	-0.511	0.632	-0.313	-0.768	-0.966	-1.259	-0.712	-1.479	-0.820	-0.797	-0.410	-0.332
SyringaeB728a_mexBdelta	Psyr_4378	Psyr_4378		conserved hypothetical protein	0.504	-1.199	1.264	0.393	1.231	2.111	0.729	0.458	0.576	0.199	-0.731	0.000	-0.468	0.077	1.235	2.000	0.712	0.497	1.360	-0.064	-0.012	0.888	1.145
SyringaeB728a_mexBdelta	Psyr_4379	Psyr_4379		NUDIX hydrolase	-0.656	-0.351	0.482	-0.768	0.357	2.292	-0.595	-1.429	0.134	-1.157	-0.304	-0.057	0.451	1.788	-0.972	-0.024	0.617	-0.021	-0.636	-0.660	-0.393	-0.925	0.006
SyringaeB728a_mexBdelta	Psyr_4380	Psyr_4380		translation initiation factor 1 (eIF-1/SUI1)	-0.325	0.871	-2.081	1.236	-1.031	-0.822	-1.024	-1.838	-0.437	0.075	-0.577	-1.174	0.265	0.466	0.008	0.365	1.125	-0.292	1.274	-0.228	-0.432	0.158	-0.029
SyringaeB728a_mexBdelta	Psyr_4381	Psyr_4381		arginine decarboxylase	-1.194	-0.953	-2.979	-1.711	2.229	-6.731	-4.257	-10.404	-2.425	-2.405	-3.380	-0.974	-1.799	-1.821	-1.113	-0.694	0.088	-0.705	-0.183	-0.715	-1.401	-0.900	-1.710
SyringaeB728a_mexBdelta	Psyr_4382	Psyr_4382		Uncharacterized protein conserved in bacteria-like protein	0.671	-0.644	-0.270	-1.611	-0.513	0.376	-0.330	-1.190	-0.353	-0.776	-0.885	0.326	-1.369	-1.193	-0.569	1.051	0.287	-0.119	-0.496	0.780	0.388	0.434	0.165
SyringaeB728a_mexBdelta	Psyr_4383	Psyr_4383		esterase/lipase/thioesterase family protein	-0.941	-0.818	-0.981	-0.468	-0.677	-1.265	-0.434	-0.610	-0.929	-0.287	-1.189	-1.170	-0.273	-1.815	-1.217	-0.358	-1.370	-0.888	-1.371	-0.409	-0.734	-0.202	-0.032
SyringaeB728a_mexBdelta	Psyr_4384	Psyr_4384		Multi antimicrobial extrusion protein MatE	0.798	0.873	0.549	-1.069	1.314	1.207	1.057	0.903	-0.542	0.286	0.816	1.173	-0.576	-1.169	0.041	1.246	0.293	0.496	-1.012	-0.064	0.265	0.251	-0.875
SyringaeB728a_mexBdelta	Psyr_4385	Psyr_4385		Alpha-2-macroglobulin, N-terminal:Alpha-2-macroglobulin, N-terminal	0.007	-0.783	1.154	-0.138	-0.123	0.470	0.318	0.075	-0.883	-0.966	0.362	0.121	-0.393	-0.685	-0.836	-1.274	-1.080	-0.367	-1.621	-0.279	-1.153	-1.309	-0.966
SyringaeB728a_mexBdelta	Psyr_4387	Psyr_4387		Glycosyl transferase, family 51:Penicillin-binding protein, transpeptidase:Penicillin-binding, C-terminal	0.514	-0.379	1.195	0.175	0.575	2.326	-0.050	1.171	0.039	1.580	-0.469	0.067	0.008	-0.676	-0.095	1.089	-0.224	0.599	-0.615	-0.074	-0.818	-0.881	-0.687
SyringaeB728a_mexBdelta	Psyr_4388	Psyr_4388		Response regulator receiver	1.687	0.758	0.370	0.487	0.997	-0.763	0.415	0.589	1.997	0.606	0.811	1.239	0.725	-0.253	-0.717	-0.038	-0.146	-0.389	-1.704	-0.810	-0.391	-1.266	-0.735
SyringaeB728a_mexBdelta	Psyr_4389	Psyr_4389		Flp/Fap pilin component	-0.898	-0.747	-1.418	-0.765	-0.997	-1.017	-0.602	-1.030	-1.972	-0.225	-0.533	-1.688	-1.937	-0.055	-0.457	-0.355	0.729	-0.351	-0.122	1.690	-1.315	-0.645	0.644
SyringaeB728a_mexBdelta	Psyr_4390	Psyr_4390		Flp pilus assembly CpaB	-0.923	-0.976	1.484	0.639	1.125	-1.388	-0.818	1.156	0.968	0.686	0.436	0.630	0.517	1.045	-1.361	-2.140	-0.878	-1.841	-2.437	-0.074	-1.508	-1.702	-2.597
SyringaeB728a_mexBdelta	Psyr_4391	Psyr_4391		type II and III secretion system protein	-0.162	0.788	-0.567	0.463	-0.132	-2.188	-0.757	0.057	-0.172	0.207	0.726	-0.109	-0.763	0.521	0.009	0.067	0.283	0.674	0.673	0.969	0.840	1.852	0.286
SyringaeB728a_mexBdelta	Psyr_4392	Psyr_4392		pilus assembly protein CpaE	1.405	-1.041	1.030	0.479	0.229	1.757	0.501	1.922	0.733	0.383	1.637	-0.069	-0.291	-0.758	0.018	0.595	1.097	-0.098	0.319	0.051	-0.173	-0.233	1.030
SyringaeB728a_mexBdelta	Psyr_4393	Psyr_4393		type II secretion system protein E	-0.077	-0.678	0.369	-1.608	0.136	0.157	0.237	-0.676	0.014	0.028	0.050	-0.057	1.216	-2.129	0.420	0.765	0.513	0.326	-0.130	1.564	-0.153	0.589	-0.343
SyringaeB728a_mexBdelta	Psyr_4394	Psyr_4394		type II secretion system protein	0.432	0.163	0.207	0.306	0.300	0.803	0.695	0.141	-0.008	0.023	-0.038	-0.136	-1.037	0.668	-0.900	-0.233	0.043	-0.272	-0.887	0.175	0.140	-0.522	-0.486
SyringaeB728a_mexBdelta	Psyr_4395	Psyr_4395		type II secretion system protein	-1.596	-0.357	0.614	-0.742	0.302	-1.791	-0.061	-0.652	-0.451	-0.215	-0.325	-0.904	-0.060	1.078	1.013	1.199	0.038	0.432	-0.111	0.777	0.234	0.632	1.085
SyringaeB728a_mexBdelta	Psyr_4397	Psyr_4397		conserved hypothetical protein	-0.143	-0.119	-0.171	0.051	0.169	-1.032	1.653	-0.846	0.420	-1.360	0.106	-1.471	-1.129	-0.902	0.753	0.136	-0.347	-0.566	0.333	0.423	0.329	0.365	-0.843
SyringaeB728a_mexBdelta	Psyr_4402	Psyr_4402		[LSU ribosomal protein L11P]-lysine N-methyltransferase	-1.294	-2.386	-1.054	-0.835	-0.963	0.969	-1.295	-0.064	-2.145	-1.157	-1.829	-0.392	1.576	-1.005	0.139	0.483	-2.224	-1.020	-2.441	0.501	0.196	2.062	-1.088
SyringaeB728a_mexBdelta	Psyr_4403	Psyr_4403		conserved hypothetical protein	-0.753	-0.448	-2.714	-0.416	-2.623	-0.623	-1.958	0.416	-1.851	-0.727	-1.839	-1.214	-0.700	-1.874	-1.072	-1.587	-0.701	-1.959	-1.973	-2.347	-2.036	-0.950	-0.511
SyringaeB728a_mexBdelta	Psyr_4404	Psyr_4404		tRNA-U20-dihydrouridine synthase	1.277	1.579	-0.287	1.926	0.211	2.242	0.015	0.451	1.765	3.367	1.258	1.940	-2.330	2.652	-0.280	1.110	-1.120	1.429	1.055	0.555	0.523	0.896	0.518
SyringaeB728a_mexBdelta	Psyr_4408	Psyr_4408		Response regulator receiver:ATP-binding region, ATPase-like:Histidine kinase A, N-terminal:Histidine kinase:Histidine kinase	-7.782	-7.447	-4.504	-5.618	-4.905	15.106	-0.725	-0.132	-5.546	-6.276	-4.747	-7.191	-1.095	-5.087	-4.893	-4.924	0.823	-7.701	-7.471	-1.860	-7.545	-6.381	-6.058
SyringaeB728a_mexBdelta	Psyr_4409	Psyr_4409		Multiple antibiotic resistance (MarC)-related protein	1.763	-1.190	-0.303	0.054	-0.900	-0.516	0.817	-0.717	-0.036	-0.551	-0.657	-0.454	0.144	-0.006	-0.782	-0.385	0.328	0.057	0.449	-0.655	0.270	1.366	-0.547
SyringaeB728a_mexBdelta	Psyr_4410	Psyr_4410		conserved hypothetical protein	1.035	-0.273	0.000	-0.932	0.787	0.738	2.031	-0.786	1.727	0.532	-1.628	1.283	0.840	0.542	-0.280	-0.282	-1.518	-1.490	0.222	-0.397	0.487	-0.742	-0.784
SyringaeB728a_mexBdelta	Psyr_4411	Psyr_4411		conserved hypothetical protein	0.537	-0.363	0.024	-1.241	0.345	0.382	-1.063	-0.438	-0.099	-0.262	-0.172	-1.007	0.078	0.808	0.847	2.838	1.558	0.360	0.810	0.476	2.576	1.787	0.446
SyringaeB728a_mexBdelta	Psyr_4412	Psyr_4412		conserved hypothetical protein	-1.163	-0.371	-2.959	-1.193	-1.072	0.045	-0.395	-3.228	0.009	-1.698	-0.518	-2.893	-0.463	-0.017	-1.210	-1.644	-0.706	0.081	-1.043	0.392	-1.577	0.099	-1.139
SyringaeB728a_mexBdelta	Psyr_4413	Psyr_4413		conserved hypothetical protein	-0.657	-0.038	0.777	-0.418	0.444	-0.627	1.449	-1.095	1.825	1.404	0.987	-0.304	1.084	0.054	-0.404	-1.878	-1.249	-0.118	-0.068	-1.489	-0.458	-1.261	-0.404
SyringaeB728a_mexBdelta	Psyr_4414	Psyr_4414		precorrin-3 methyltransferase	0.023	2.266	0.115	-0.765	0.970	0.824	0.461	2.719	0.962	2.145	-0.650	1.611	-1.080	0.806	-0.480	-1.101	-0.092	-0.370	-0.071	-1.575	-2.080	-1.940	0.991
SyringaeB728a_mexBdelta	Psyr_4415	Psyr_4415		cobalt-factor II C20-methyltransferase / precorrin-2 C20-methyltransferase	0.103	-0.265	-1.588	-0.125	-0.857	1.675	0.078	1.350	0.396	0.013	0.608	0.824	0.190	-1.914	-0.411	0.784	-0.604	-0.079	0.450	-0.596	-0.987	-0.121	0.176
SyringaeB728a_mexBdelta	Psyr_4416	Psyr_4416		precorrin-8X methylmutase	-0.416	-1.757	-1.607	-1.617	-0.810	0.753	-1.198	-0.741	-1.801	-1.244	-1.042	-0.921	0.071	-0.464	-2.307	-0.604	0.464	-0.741	-0.510	0.231	0.144	-0.389	-2.293
SyringaeB728a_mexBdelta	Psyr_4417	Psyr_4417		Ferredoxin--nitrite reductase	-1.277	-0.408	0.093	-0.528	-0.814	1.455	0.229	-0.183	-1.640	2.444	0.492	0.539	-1.210	0.066	-0.115	-0.729	0.336	0.190	0.595	-0.181	0.796	0.216	-1.485
SyringaeB728a_mexBdelta	Psyr_4418	Psyr_4418		Precorrin-6Y C5,15-methyltransferase (decarboxylating)	1.124	1.633	1.838	0.926	1.187	1.331	1.955	1.880	-0.939	0.379	1.192	0.128	0.898	0.537	-0.645	-0.711	-0.267	0.452	1.341	-0.297	0.310	-0.099	0.002
SyringaeB728a_mexBdelta	Psyr_4419	Psyr_4419		Cobalamin (vitamin B12) biosynthesis CbiD protein	0.958	0.473	0.262	-1.186	0.302	1.672	1.098	0.196	0.064	-0.156	0.187	-0.783	0.284	0.314	0.491	-0.041	-0.347	0.496	0.179	-0.101	-0.238	0.226	0.089
SyringaeB728a_mexBdelta	Psyr_4420	Psyr_4420		precorrin-6A reductase	1.032	0.841	0.281	0.059	-1.997	2.581	-0.039	0.724	-0.364	-0.207	-0.404	-0.912	-0.839	1.567	0.265	-0.321	-1.146	-1.732	-1.344	-1.503	-2.040	-1.043	-2.702
SyringaeB728a_mexBdelta	Psyr_4421	Psyr_4421		Protein of unknown function DUF1568	-1.465	-0.258	-3.714	-0.852	-2.340	-0.923	-1.111	-2.230	-2.300	-1.376	-0.506	-1.582	-2.180	0.018	-0.221	-0.310	-0.248	-1.427	-0.080	-1.079	-0.552	-1.678	-0.852
SyringaeB728a_mexBdelta	Psyr_4422	Psyr_4422		Protein of unknown function DUF461	-1.183	-1.741	-5.816	-2.084	-5.500	-2.879	-3.300	-5.338	-1.142	-2.467	-2.790	-2.070	-0.404	1.040	-1.666	-1.765	-4.639	-3.624	-2.889	-2.935	-3.456	-1.939	-5.056
SyringaeB728a_mexBdelta	Psyr_4424	Psyr_4424		Propeptide, PepSY amd peptidase M4:PepSY-associated TM helix	-3.653	-3.574	-3.502	-3.829	-5.005	-1.242	-1.977	-6.078	-4.785	-3.827	-4.992	-4.556	-0.012	-0.377	-4.994	-5.236	-3.760	-5.448	-6.373	-8.025	-4.307	-5.243	-5.318
SyringaeB728a_mexBdelta	Psyr_4425	Psyr_4425		hypothetical protein	-1.163	-1.332	-0.663	-1.167	-0.769	-0.889	-0.387	-0.755	-0.656	-1.736	0.534	-0.576	0.395	-0.336	-1.129	0.494	-0.746	-1.305	-1.084	-0.100	-0.959	-0.578	-0.774
SyringaeB728a_mexBdelta	Psyr_4426	Psyr_4426		amino acid/amide ABC transporter substrate-binding protein, HAAT family	0.273	0.352	-0.960	0.404	-0.346	0.434	-0.878	0.676	-1.256	0.512	0.031	0.848	-0.697	-1.187	0.601	-0.045	-0.316	1.308	0.809	1.356	0.478	1.598	0.113
SyringaeB728a_mexBdelta	Psyr_4427	Psyr_4427		amino acid/amide ABC transporter membrane protein 1, HAAT family	-0.548	0.279	-0.099	-0.498	-0.658	-0.285	-1.188	0.453	-0.272	-1.072	-0.453	0.489	-0.076	0.668	0.214	1.278	0.124	-0.481	-1.370	1.478	0.909	-0.581	0.734
SyringaeB728a_mexBdelta	Psyr_4428	Psyr_4428		amino acid/amide ABC transporter membrane protein 2, HAAT family	1.060	1.139	0.257	-0.206	0.634	0.721	-0.157	0.465	0.763	-0.141	0.223	0.884	-0.491	-0.884	-0.566	-0.292	-0.143	0.144	0.096	0.450	0.773	0.777	1.097
SyringaeB728a_mexBdelta	Psyr_4429	Psyr_4429		ABC transporter	1.506	1.106	1.222	1.947	1.794	1.862	0.861	1.440	0.465	0.322	2.611	3.373	1.311	0.047	0.361	-0.688	-1.186	0.385	-0.727	-0.347	-1.227	-1.059	-0.330
SyringaeB728a_mexBdelta	Psyr_4430	Psyr_4430		amino acid/amide ABC transporter ATP-binding protein 2, HAAT family	0.219	-1.043	-1.504	-0.922	-1.852	0.384	0.124	0.194	-1.509	-1.381	0.017	-1.260	0.688	-1.437	1.484	0.349	-0.011	1.486	0.936	0.687	-0.554	1.419	0.437
SyringaeB728a_mexBdelta	Psyr_4431	Psyr_4431		Urease accessory protein UreD	-1.716	-0.375	-1.063	-0.589	-0.592	-1.233	-0.822	1.011	-1.186	-0.210	0.715	0.128	-1.303	-0.759	-2.004	-0.913	-0.422	0.030	-0.324	-2.206	-1.008	-0.602	-0.520
SyringaeB728a_mexBdelta	Psyr_4432	Psyr_4432		Urease, gamma subunit	0.719	-0.333	-0.043	-0.032	-0.476	0.507	0.252	0.341	-0.659	0.558	1.511	1.498	0.582	1.292	2.418	1.167	1.178	0.201	1.401	1.206	1.236	0.756	2.179
SyringaeB728a_mexBdelta	Psyr_4433	Psyr_4433		GCN5-related N-acetyltransferase	-1.456	-2.131	0.177	-1.277	-0.997	-1.710	-0.709	-2.238	-0.092	-1.413	-0.160	-2.031	0.721	0.720	-0.632	-0.217	0.510	-0.016	0.125	-0.657	-1.147	0.030	-0.991
SyringaeB728a_mexBdelta	Psyr_4434	Psyr_4434		GCN5-related N-acetyltransferase	-0.091	-0.147	0.432	-1.406	-1.463	-1.601	0.323	-0.040	-0.915	-1.227	-0.671	-0.178	-0.506	-0.217	0.417	1.157	1.797	0.077	1.992	-0.124	0.938	0.632	2.049
SyringaeB728a_mexBdelta	Psyr_4436	Psyr_4436		urease, Metallo peptidase, MEROPS family M38	0.020	0.367	1.525	0.847	0.219	-0.507	1.951	0.063	1.694	1.495	1.525	1.077	0.352	1.251	1.071	0.092	-0.148	1.336	1.763	1.157	1.138	1.321	0.541
SyringaeB728a_mexBdelta	Psyr_4437	Psyr_4437		hypothetical protein	-0.152	0.279	-1.080	0.010	0.229	0.818	-0.293	-0.533	-0.248	-0.383	-0.993	-1.232	0.324	0.027	0.976	0.675	1.475	1.496	1.762	1.418	1.124	1.540	1.656
SyringaeB728a_mexBdelta	Psyr_4438	Psyr_4438		hypothetical protein	-1.639	-0.401	-0.411	-1.877	-0.727	-1.574	0.823	-0.251	-1.397	-0.188	-1.098	-0.881	-0.131	-0.480	-0.688	0.110	-0.981	0.302	0.415	-1.019	-0.616	-0.850	-0.534
SyringaeB728a_mexBdelta	Psyr_4439	Psyr_4439		histidine kinase	0.384	1.047	-1.108	0.469	-0.742	-1.254	0.784	-0.576	0.560	-0.361	-0.699	0.175	0.399	-2.029	0.501	-0.041	-1.038	-2.073	-0.381	-1.361	-0.253	-0.344	-0.894
SyringaeB728a_mexBdelta	Psyr_4440	Psyr_4440		Heat shock protein DnaJ, N-terminal:Chaperone DnaJ, C-terminal	1.528	-0.092	0.820	1.675	1.179	-1.153	-0.390	-1.511	0.492	0.718	0.473	0.016	1.699	1.154	0.820	-1.006	-0.568	-0.129	-0.606	0.044	0.863	0.811	-0.187
SyringaeB728a_mexBdelta	Psyr_4441	Psyr_4441		heat shock protein YegD	0.774	0.333	0.046	-0.645	1.720	-0.948	-0.086	-0.652	0.493	-0.422	0.447	0.298	-0.884	-1.214	0.466	1.016	-0.710	0.945	0.246	0.410	0.114	0.605	1.157
SyringaeB728a_mexBdelta	Psyr_4442	Psyr_4442		membrane protein, putative	-0.266	0.061	-0.084	-0.806	-0.472	2.576	-0.416	-1.510	0.145	-0.740	-1.470	0.250	0.361	0.156	0.176	-0.339	0.113	-1.121	0.256	0.143	-0.052	-0.855	-0.751
SyringaeB728a_mexBdelta	Psyr_4443	Psyr_4443		hypothetical protein	0.330	-0.805	-0.512	-1.164	-0.237	0.512	-0.111	0.978	-0.371	0.144	-1.315	1.012	-0.521	0.082	3.097	1.069	1.482	0.279	1.245	0.938	2.299	1.129	0.666
SyringaeB728a_mexBdelta	Psyr_4444	Psyr_4444		Protein of unknown function DUF6	0.453	0.620	0.130	1.081	0.125	-1.213	-0.313	1.207	-0.027	0.081	0.476	-0.351	0.441	-2.290	-0.871	0.114	0.439	0.581	0.003	1.038	0.167	0.799	0.630
SyringaeB728a_mexBdelta	Psyr_4445	Psyr_4445		conserved hypothetical protein	1.332	0.625	1.581	-0.407	0.030	-1.468	1.028	0.208	-0.718	0.459	2.466	0.612	0.415	-0.241	2.011	0.645	1.505	-0.003	0.589	0.913	1.519	0.474	0.643
SyringaeB728a_mexBdelta	Psyr_4446	Psyr_4446		SmpA/OmlA	-0.189	1.310	0.673	-0.742	-0.004	2.114	0.400	1.205	1.248	-1.544	0.770	1.101	1.197	0.868	-0.190	-1.178	0.082	-1.377	0.001	-0.728	-0.127	-0.828	-0.100
SyringaeB728a_mexBdelta	Psyr_4447	Psyr_4447		hypothetical protein	-0.821	0.128	-0.683	-0.557	-0.777	-0.523	-0.352	-1.578	0.241	-0.072	-0.228	0.417	1.014	0.207	-0.961	-2.250	-1.613	-1.639	-1.958	-0.016	-0.757	-0.888	-1.467
SyringaeB728a_mexBdelta	Psyr_4448	Psyr_4448		Ferritin and Dps	0.722	0.178	-0.628	-0.200	0.230	-0.696	0.044	-0.252	-0.176	0.085	0.437	-0.010	1.553	1.389	-0.547	0.807	0.256	-0.117	0.638	1.671	-0.447	0.711	0.682
SyringaeB728a_mexBdelta	Psyr_4449	Psyr_4449		AsmA	-0.015	0.665	-0.508	1.822	0.014	-0.139	1.365	-0.849	0.952	-1.604	0.353	0.926	1.224	0.319	-0.584	-0.311	-0.438	-0.879	-0.250	0.325	-0.420	-0.754	-0.263
SyringaeB728a_mexBdelta	Psyr_4450	Psyr_4450		transcriptional regulator, TetR family	-0.483	-1.054	-0.208	1.833	1.221	-1.101	1.710	-2.149	0.861	0.489	-1.172	-0.092	-2.096	-2.403	0.730	2.530	-0.635	1.253	0.018	-1.197	1.992	2.022	1.907
SyringaeB728a_mexBdelta	Psyr_4451	Psyr_4451		UreE urease accessory, N-terminal:UreE urease accessory, C-terminal	-0.892	-1.442	-0.909	-0.394	-0.838	-0.055	-0.402	-1.623	-1.451	-0.519	-2.866	-0.883	1.255	0.053	0.875	1.298	0.223	1.247	0.896	-0.059	1.593	1.601	0.251
SyringaeB728a_mexBdelta	Psyr_4453	Psyr_4453		Urease accessory protein UreG	0.253	0.665	1.456	0.814	1.455	-0.152	1.115	1.789	0.419	0.975	1.548	2.266	0.418	1.440	1.308	1.583	0.655	0.652	0.213	1.367	0.367	-0.003	1.558
SyringaeB728a_mexBdelta	Psyr_4454	Psyr_4454		HupE/UreJ protein	-0.621	-0.244	-0.589	-0.906	-1.861	-0.514	0.276	-0.243	-2.459	-0.384	-0.760	-0.162	0.018	-0.090	0.355	-0.889	-0.804	-0.365	0.723	-1.100	-1.855	0.359	0.507
SyringaeB728a_mexBdelta	Psyr_4455	Psyr_4455		conserved hypothetical protein	0.401	0.229	-1.046	0.675	-1.302	0.800	-0.365	-0.742	1.775	0.055	0.990	1.353	-1.040	0.023	0.897	0.307	-0.584	0.307	0.707	-0.372	0.683	0.226	0.403
SyringaeB728a_mexBdelta	Psyr_4460	Psyr_4460		3,4-dihydroxy-2-butanone 4-phosphate synthase / GTP cyclohydrolase II	-2.012	-2.267	-0.796	-3.969	0.464	2.018	0.513	1.334	-2.661	-1.614	-0.621	-2.861	1.629	0.505	-3.368	-2.583	-0.713	-4.560	-2.865	0.683	-2.803	-2.511	-2.537
SyringaeB728a_mexBdelta	Psyr_4463	Psyr_4463		Protein of unknown function DUF193	-0.434	-0.799	0.814	0.554	-1.110	2.708	-0.224	-1.353	-0.367	-1.025	-1.547	-1.414	-0.459	2.171	-1.497	-0.345	0.800	0.595	0.371	-0.101	-1.086	1.717	0.475
SyringaeB728a_mexBdelta	Psyr_4465	Psyr_4465		conserved domain protein	-2.502	-0.999	-1.641	-0.264	-2.269	-2.733	-1.225	-2.278	0.362	0.176	-1.646	-2.849	0.194	0.812	-0.087	-0.318	0.180	0.402	0.148	-0.008	0.903	1.477	1.053
SyringaeB728a_mexBdelta	Psyr_4466	Psyr_4466		Thioredoxin	0.120	-0.188	-1.282	-0.461	-0.465	-0.510	-0.850	0.199	-1.941	-1.450	0.274	0.163	-0.451	1.210	0.264	0.880	-0.087	-0.458	0.360	0.981	0.677	0.555	-1.677
SyringaeB728a_mexBdelta	Psyr_4468	Psyr_4468		conserved hypothetical protein	0.811	-0.224	-0.270	-0.718	-0.338	0.395	0.375	1.231	-0.944	-0.707	0.580	-0.225	0.377	0.123	1.884	0.932	1.561	0.958	0.770	0.605	0.337	1.953	0.102
SyringaeB728a_mexBdelta	Psyr_4469	Psyr_4469		conserved hypothetical protein	-0.456	0.475	-0.155	0.584	-1.289	0.824	-1.204	0.238	-0.035	0.883	-0.549	-0.690	1.000	-0.106	0.353	0.618	1.350	0.697	0.980	1.082	2.128	1.323	0.630
SyringaeB728a_mexBdelta	Psyr_4470	Psyr_4470		ABC transporter	1.118	-0.184	0.855	0.844	0.550	0.010	0.687	0.003	-0.589	1.963	-0.486	0.079	-0.902	-0.681	0.791	-1.176	0.117	-0.841	-1.200	-1.142	0.635	0.320	-0.041
SyringaeB728a_mexBdelta	Psyr_4471	Psyr_4471		Protein of unknown function DUF214	1.014	0.913	1.330	1.172	1.007	0.214	1.359	-0.544	0.822	1.761	-0.630	1.189	2.138	1.162	0.903	1.474	0.439	1.113	1.751	0.878	0.728	0.918	1.255
SyringaeB728a_mexBdelta	Psyr_4472	Psyr_4472		lipoprotein, putative	0.263	0.500	0.171	1.015	-0.710	-1.076	1.138	-0.989	0.854	0.691	-1.686	-0.652	-1.828	-1.874	1.030	1.108	1.280	0.815	0.705	0.489	1.513	1.374	0.326
SyringaeB728a_mexBdelta	Psyr_4473	Psyr_4473		OmpW	0.799	0.088	2.113	-0.761	1.565	1.788	-1.283	1.138	0.950	0.476	1.907	0.573	0.695	0.351	-0.276	-1.036	-0.704	0.223	-0.952	0.058	-1.042	-0.079	0.080
SyringaeB728a_mexBdelta	Psyr_4474	Psyr_4474		hypothetical protein	-1.751	-0.003	-0.018	-0.890	-0.371	2.344	-0.524	0.223	-0.704	-0.375	-0.715	-1.365	-0.333	-0.563	-0.603	1.630	0.398	-0.399	-0.267	1.111	-0.261	1.332	0.584
SyringaeB728a_mexBdelta	Psyr_4476	Psyr_4476		dTDP-4-dehydrorhamnose reductase	-1.702	-2.462	1.508	-1.525	-1.582	4.273	-0.559	-3.873	0.136	-0.436	-1.151	-0.645	-1.097	0.241	-0.854	-1.388	2.081	-1.911	-2.275	-0.416	-2.363	-2.031	-2.802
SyringaeB728a_mexBdelta	Psyr_4477	Psyr_4477		MscS Mechanosensitive ion channel	2.245	1.186	0.908	0.857	-0.524	2.926	1.803	0.714	-0.097	-0.389	1.553	1.155	1.170	2.037	1.534	1.131	0.784	1.022	0.586	1.114	1.175	0.454	0.853
SyringaeB728a_mexBdelta	Psyr_4478	Psyr_4478		Alpha/beta hydrolase fold protein	0.493	0.745	0.518	1.916	1.245	0.218	1.646	1.539	0.244	-0.048	0.029	0.626	0.339	0.764	1.584	2.527	2.008	1.260	-0.090	0.461	0.910	0.255	0.815
SyringaeB728a_mexBdelta	Psyr_4479	Psyr_4479		5-oxopent-3-ene-1,2,5-tricarboxylate decarboxylase	0.878	1.145	0.908	1.578	-0.261	2.906	1.091	1.104	0.568	-0.837	-0.865	1.215	0.596	-0.460	0.895	0.098	-0.104	-1.212	0.227	0.624	-0.767	-0.679	0.139
SyringaeB728a_mexBdelta	Psyr_4481	Psyr_4481		outer membrane transport energization protein ExbB	0.428	0.528	0.731	-0.613	-0.848	0.486	0.514	-0.302	-1.121	-0.826	0.755	-0.777	-1.002	0.606	2.151	0.732	-0.923	0.746	-0.757	-0.409	-0.008	0.425	-1.044
SyringaeB728a_mexBdelta	Psyr_4482	Psyr_4482		outer membrane transport energization protein ExbD	1.584	1.413	-0.006	1.005	2.322	0.636	0.189	0.175	0.427	1.898	-0.354	1.371	0.769	-0.745	1.787	1.436	0.668	2.462	1.633	1.682	1.254	1.596	1.595
SyringaeB728a_mexBdelta	Psyr_4483	Psyr_4483		TonB-dependent receptor:TonB-dependent receptor	1.174	0.123	-0.357	0.763	0.664	-0.559	0.898	-0.211	0.773	1.031	1.007	0.461	-0.344	-0.495	0.957	1.293	1.188	0.828	0.491	0.997	0.953	1.270	1.023
SyringaeB728a_mexBdelta	Psyr_4484	Psyr_4484		hypothetical protein	0.566	0.776	-0.464	0.511	-0.230	0.558	0.609	0.791	1.170	-0.175	-0.206	0.040	0.201	1.207	1.122	1.341	1.557	1.295	0.870	0.211	0.044	-0.794	1.381
SyringaeB728a_mexBdelta	Psyr_4485	Psyr_4485		hypothetical protein	3.088	0.826	0.268	0.013	0.125	-0.314	1.122	0.788	0.714	0.678	1.529	1.531	-0.471	-0.047	1.152	1.418	3.090	0.705	1.220	1.618	-0.189	0.883	1.188
SyringaeB728a_mexBdelta	Psyr_4486	Psyr_4486		hypothetical protein	2.490	1.232	1.642	1.637	0.148	2.912	0.830	2.447	1.080	1.820	0.946	1.189	1.043	0.397	1.721	1.129	1.068	0.939	2.247	1.582	1.328	1.666	0.409
SyringaeB728a_mexBdelta	Psyr_4487	Psyr_4487		Carbohydrate kinase, PfkB	-0.689	0.561	0.345	-0.658	-0.074	-0.181	0.625	2.242	-0.527	0.738	-0.691	0.887	1.949	1.766	1.042	3.003	1.983	1.496	1.567	1.958	2.397	0.507	2.620
SyringaeB728a_mexBdelta	Psyr_4488	Psyr_4488		L-fucose permease	0.790	1.511	-0.847	0.910	1.678	0.299	0.958	0.874	0.573	1.202	1.415	1.423	0.326	0.690	1.433	0.871	0.497	1.271	1.449	1.139	0.105	0.245	0.496
SyringaeB728a_mexBdelta	Psyr_4489	Psyr_4489		putative cytoplasmic protein	0.741	2.255	1.096	1.487	1.034	1.234	0.534	0.915	1.631	1.014	0.896	1.193	1.111	0.652	1.268	0.831	1.032	0.979	1.621	0.890	0.325	0.312	0.892
SyringaeB728a_mexBdelta	Psyr_4490	Psyr_4490		transcriptional regulator, DeoR family	-0.983	-1.769	-1.604	-0.233	0.404	0.714	0.457	-1.683	0.390	-2.208	-1.233	-0.392	-0.940	-1.529	-0.636	-0.361	-0.099	-0.039	1.731	0.600	-0.301	-1.215	-1.368
SyringaeB728a_mexBdelta	Psyr_4491	Psyr_4491		Deoxyribose-phosphate aldolase	-0.974	-0.540	-1.218	-0.005	-0.760	-0.225	-0.480	-1.660	-0.241	-1.746	-1.344	-0.671	-1.864	0.873	-0.566	1.030	1.418	0.112	-0.280	-0.364	-0.001	0.238	-1.183
SyringaeB728a_mexBdelta	Psyr_4493	Psyr_4493		PAS:GGDEF	0.424	0.545	-0.878	0.161	0.155	-2.659	0.493	-1.261	-0.429	0.577	-0.436	0.359	-1.814	-3.203	1.553	1.270	1.034	1.352	1.073	1.270	1.605	0.823	0.976
SyringaeB728a_mexBdelta	Psyr_4494	Psyr_4494		ABC-type phosphate/phosphonate transport system periplasmic component-like protein	0.479	0.623	0.086	0.509	0.608	-2.672	-0.535	-3.447	-0.456	-0.613	-1.456	-0.133	-0.839	-0.290	0.581	1.278	0.727	0.392	1.018	0.411	1.158	0.206	0.651
SyringaeB728a_mexBdelta	Psyr_4495	Psyr_4495		Beta-lactamase	-0.239	0.005	-0.596	-0.163	-1.116	-1.666	-1.734	-0.356	-0.681	0.822	1.589	0.202	-1.343	-1.074	0.078	1.166	0.535	0.269	1.222	1.478	-0.018	0.460	0.601
SyringaeB728a_mexBdelta	Psyr_4496	Psyr_4496		outer membrane transport energization protein TonB	-0.846	0.280	-1.405	0.098	-0.427	-0.197	-0.304	-1.016	-0.082	-0.136	-0.679	-0.228	-0.192	-1.934	1.458	1.190	2.242	2.800	3.949	2.421	2.977	0.851	1.243
SyringaeB728a_mexBdelta	Psyr_4497	Psyr_4497		outer membrane transport energization protein ExbB	1.430	0.596	0.527	0.792	0.722	0.546	-0.135	-1.405	-0.320	0.333	0.260	-0.716	-1.566	-0.253	1.616	1.537	1.054	0.673	1.392	1.049	1.481	0.792	1.128
SyringaeB728a_mexBdelta	Psyr_4498	Psyr_4498		outer membrane transport energization protein ExbD	1.484	-1.175	-0.448	-0.823	-0.944	0.218	-0.224	-1.528	-0.211	-0.978	-0.256	0.556	0.902	1.085	0.461	1.404	0.323	0.272	1.200	0.519	-0.057	0.635	0.964
SyringaeB728a_mexBdelta	Psyr_4499	Psyr_4499		TonB-dependent siderophore receptor	0.620	1.246	0.444	0.369	0.691	1.052	0.342	0.241	0.398	0.874	0.248	0.775	0.375	1.881	2.169	2.371	1.987	2.397	2.236	3.200	1.683	1.229	2.376
SyringaeB728a_mexBdelta	Psyr_4500	Psyr_4500		4-phytase	2.367	1.772	1.954	1.688	0.998	2.157	1.770	2.401	1.616	1.637	2.131	2.317	-0.652	0.229	2.329	2.254	2.376	2.461	1.284	2.328	1.920	2.410	2.141
SyringaeB728a_mexBdelta	Psyr_4501	Psyr_4501		transcriptional regulator, MarR family	0.506	0.190	-1.095	-0.623	0.834	-0.332	-0.295	-0.774	0.921	-1.743	0.224	1.380	1.608	0.703	0.512	2.643	1.521	0.240	0.812	1.324	0.883	2.379	1.730
SyringaeB728a_mexBdelta	Psyr_4502	Psyr_4502		carbohydrate ABC transporter substrate-binding protein, CUT1 family	0.869	-1.081	0.306	0.647	-0.567	-0.382	0.226	-0.793	-0.918	0.061	-0.213	0.848	0.314	-0.277	-0.195	1.082	-1.121	0.080	0.493	0.145	1.137	0.323	0.643
SyringaeB728a_mexBdelta	Psyr_4503	Psyr_4503		carbohydrate ABC transporter membrane protein 1, CUT1 family	0.972	0.646	0.434	0.104	-0.265	-1.441	0.552	0.067	1.114	0.106	0.127	-0.018	-1.035	-1.465	2.986	3.279	3.134	2.376	2.535	2.541	3.223	1.362	2.083
SyringaeB728a_mexBdelta	Psyr_4504	Psyr_4504		carbohydrate ABC transporter membrane protein 2, CUT1 family	0.178	1.452	1.007	0.095	1.542	1.403	-0.024	1.206	1.435	0.499	0.631	0.820	-0.042	0.554	1.950	1.888	0.426	1.892	1.835	0.845	0.715	1.935	1.699
SyringaeB728a_mexBdelta	Psyr_4505	Psyr_4505		carbohydrate ABC transporter ATP-binding protein, CUT1 family	0.488	0.843	-0.445	1.382	0.797	-0.871	0.130	-0.659	1.909	0.480	0.943	0.552	0.472	-0.595	2.124	1.379	1.767	1.433	2.023	0.303	1.702	0.774	1.506
SyringaeB728a_mexBdelta	Psyr_4506	Psyr_4506		Glycerophosphodiester phosphodiesterase	1.356	2.409	-0.117	1.036	0.604	0.470	0.995	-0.085	1.037	1.303	1.186	1.702	1.298	0.606	3.793	4.052	2.228	2.851	3.370	3.367	3.613	4.009	3.057
SyringaeB728a_mexBdelta	Psyr_4507	Psyr_4507		Inositol monophosphatase	1.028	1.421	-0.253	1.126	0.404	1.870	0.081	0.266	-0.785	0.480	0.682	0.516	-1.907	-2.420	1.161	2.217	1.717	1.797	1.474	0.887	1.025	0.571	1.801
SyringaeB728a_mexBdelta	Psyr_4508	Psyr_4508		Endo-1,4-beta-xylanase	-0.039	0.045	-0.069	1.903	-0.526	1.207	0.467	1.023	1.124	0.030	1.220	1.172	1.009	1.190	2.190	1.564	1.719	2.083	1.256	1.766	2.191	1.254	1.429
SyringaeB728a_mexBdelta	Psyr_4509	Psyr_4509		hypothetical protein	-0.794	0.502	-2.049	1.214	0.517	-2.492	0.055	-1.201	-0.139	-0.330	-0.093	-0.237	0.025	-2.315	1.525	1.503	1.752	1.211	1.245	1.668	1.056	1.056	1.299
SyringaeB728a_mexBdelta	Psyr_4510	Psyr_4510		hypothetical protein	-0.895	-1.154	-2.793	0.375	-0.325	-2.920	-0.036	-2.057	-0.362	-1.813	-0.994	-1.265	-4.595	-3.438	-0.298	0.788	0.125	1.478	1.308	1.305	0.989	0.611	1.734
SyringaeB728a_mexBdelta	Psyr_4511	Psyr_4511		hypothetical protein	-0.831	-1.553	-1.891	-0.978	-0.037	-2.780	-0.099	-3.538	0.703	-0.163	-1.495	-3.140	-1.649	-2.144	-0.125	0.871	-0.035	0.793	1.258	0.515	0.746	1.475	0.230
SyringaeB728a_mexBdelta	Psyr_4512	Psyr_4512		putative phage-related protein	-2.110	-3.168	-2.896	-2.162	-3.315	-3.893	-0.730	-1.618	-3.630	-3.561	-3.044	-3.449	-1.524	-2.418	-2.281	-3.188	-4.891	-2.389	-2.987	-2.836	-2.172	-3.408	-1.925
SyringaeB728a_mexBdelta	Psyr_4513	Psyr_4513		hypothetical protein	0.869	-0.399	-0.803	0.859	0.045	0.614	1.486	-0.372	0.922	0.698	0.009	-0.103	0.153	-1.637	2.174	1.836	2.497	2.766	1.065	2.998	2.544	2.902	1.899
SyringaeB728a_mexBdelta	Psyr_4514	Psyr_4514		conserved hypothetical protein	-0.475	-1.186	-2.368	-0.099	1.050	-1.480	1.083	-1.017	0.004	1.089	-1.580	-1.318	-1.344	-2.350	0.603	0.390	0.553	0.194	-1.066	0.071	-0.920	-0.788	0.148
SyringaeB728a_mexBdelta	Psyr_4515	Psyr_4515		hypothetical protein	0.172	-1.047	-1.938	-0.742	-0.671	-3.074	-0.868	-1.871	-0.759	-2.208	-2.797	-0.065	-1.005	-2.436	0.434	1.454	0.841	1.767	1.171	1.406	1.066	0.696	1.674
SyringaeB728a_mexBdelta	Psyr_4516	Psyr_4516		hypothetical protein	0.786	1.932	0.018	1.132	1.514	-0.248	2.046	0.939	1.891	1.203	0.280	1.575	-0.455	-2.470	3.425	2.128	1.937	2.346	2.609	2.789	2.148	1.766	2.443
SyringaeB728a_mexBdelta	Psyr_4517	Psyr_4517		SEC-C motif protein	-0.910	-0.552	-2.007	0.143	0.224	-2.018	-0.107	-1.143	-1.664	-0.383	-0.504	-1.236	-1.310	-2.720	-0.047	-0.122	-0.148	-0.527	0.133	-0.358	0.394	0.370	-0.523
SyringaeB728a_mexBdelta	Psyr_4519	Psyr_4519		General substrate transporter:Major facilitator superfamily	-0.783	-2.177	-1.952	-1.732	0.831	1.150	0.766	0.008	-0.092	-3.434	0.607	-2.293	0.684	1.363	-3.090	-3.614	-0.928	-2.681	-2.641	-0.569	-2.313	-1.607	-3.890
SyringaeB728a_mexBdelta	Psyr_4520	Psyr_4520		Excinuclease ABC subunit A	1.350	0.663	-0.837	1.157	-0.125	1.907	0.199	0.926	1.813	-14.894	0.963	1.081	-0.418	-9.270	0.779	1.892	-0.360	0.588	0.127	1.664	1.342	0.828	-18.903
SyringaeB728a_mexBdelta	Psyr_4521	Psyr_4521		Bacterioferritin	1.053	1.035	-0.028	0.228	1.525	2.493	1.833	2.140	1.790	1.678	1.400	0.370	1.413	-0.060	2.930	1.486	3.066	1.657	1.896	1.155	2.589	1.416	2.410
SyringaeB728a_mexBdelta	Psyr_4522	Psyr_4522		Catalase	2.191	1.264	1.330	2.646	2.234	0.951	1.372	3.218	2.898	2.725	1.722	2.538	0.277	1.095	3.682	2.827	2.889	3.332	3.111	2.722	3.307	2.439	3.654
SyringaeB728a_mexBdelta	Psyr_4562	Psyr_4562		conserved domain protein	-0.438	0.092	-0.607	-1.611	0.405	2.951	0.560	0.431	-0.308	-0.879	-0.287	0.093	0.009	1.248	0.196	-0.265	1.353	-0.441	0.172	-0.257	0.956	-1.244	0.699
SyringaeB728a_mexBdelta	Psyr_4564	Psyr_4564		Biotin--acetyl-CoA-carboxylase ligase	-0.077	-1.338	-1.430	-0.108	-0.137	-0.461	-0.355	-2.266	0.336	-0.129	-0.919	-0.738	0.268	-1.015	1.369	0.802	3.023	2.261	1.277	1.302	1.742	1.373	1.747
SyringaeB728a_mexBdelta	Psyr_4567	Psyr_4567		Protein of unknown function UPF0075	-1.046	-0.899	-5.111	-0.683	-4.956	8.410	-1.923	6.092	0.497	-0.344	-1.671	-0.324	-4.529	2.276	-1.297	-2.489	0.569	-3.535	-1.630	-2.308	-2.269	-2.448	-0.390
SyringaeB728a_mexBdelta	Psyr_4571	Psyr_4571		Protein of unknown function DUF805	1.120	1.231	-0.415	2.043	0.927	1.071	0.380	-1.144	3.854	1.690	0.541	2.732	1.239	2.630	2.559	3.088	2.532	3.880	2.430	2.372	2.932	2.257	3.928
SyringaeB728a_mexBdelta	Psyr_4572	Psyr_4572		Short-chain dehydrogenase/reductase SDR	1.509	0.791	-1.170	2.106	1.265	0.701	0.647	1.019	1.390	0.752	1.479	0.450	-1.804	0.509	3.154	4.174	2.312	2.077	1.718	2.348	2.106	2.744	2.930
SyringaeB728a_mexBdelta	Psyr_4573	Psyr_4573		Histidine triad (HIT) protein	1.241	0.594	-0.737	0.596	0.740	-3.126	0.492	-0.023	1.459	1.479	0.486	-0.137	-0.606	-0.862	0.823	0.683	-0.013	0.522	1.126	0.664	0.370	0.722	1.175
SyringaeB728a_mexBdelta	Psyr_4575	Psyr_4575		adenosylmethionine decarboxylase proenzyme	1.193	0.750	-1.061	0.774	1.502	1.251	-0.161	-1.296	-0.699	1.205	-0.651	-0.138	1.388	0.278	2.162	0.743	1.032	2.670	1.997	1.540	1.604	1.001	1.023
SyringaeB728a_mexBdelta	Psyr_4576	Psyr_4576		OsmC-like protein	1.956	1.840	0.516	1.376	0.334	0.899	0.151	0.543	0.799	-0.706	0.660	1.139	-0.093	0.896	1.067	1.701	1.560	1.413	2.793	2.624	1.567	1.894	5.292
SyringaeB728a_mexBdelta	Psyr_4577	Psyr_4577		Cyclic nucleotide-binding:Bacterial regulatory protein, Crp	1.086	1.193	0.220	1.297	0.550	1.285	1.827	1.637	-0.278	2.145	0.119	1.672	0.410	-1.888	1.748	0.530	-0.046	-0.216	0.408	-0.787	1.413	-0.232	0.299
SyringaeB728a_mexBdelta	Psyr_4578	Psyr_4578		conserved hypothetical protein	0.786	1.405	0.443	0.349	1.740	0.548	0.654	-0.104	1.317	0.942	1.012	0.536	-0.440	-0.532	0.850	1.156	0.175	0.704	3.410	-0.021	-0.281	1.567	-0.553
SyringaeB728a_mexBdelta	Psyr_4579	Psyr_4579		indole-3-glycerol phosphate synthase	0.388	1.225	0.315	1.116	0.763	0.877	-1.345	0.810	0.035	0.708	-0.986	1.907	0.291	-0.682	1.355	0.979	1.463	1.855	1.144	1.245	0.743	1.695	2.295
SyringaeB728a_mexBdelta	Psyr_4580	Psyr_4580		anthranilate phosphoribosyltransferase	-0.744	1.884	0.601	2.544	1.786	0.181	0.284	1.782	-0.007	0.069	1.812	1.935	0.682	-0.552	0.101	1.202	0.405	0.143	-0.201	0.787	0.603	0.208	2.091
SyringaeB728a_mexBdelta	Psyr_4583	Psyr_4583		Glycoside hydrolase, family 19	1.356	0.484	0.309	2.142	-0.693	3.906	-1.482	0.077	2.010	0.008	0.709	-0.691	-0.403	3.938	4.024	3.277	3.847	2.781	2.064	3.512	1.915	2.199	2.743
SyringaeB728a_mexBdelta	Psyr_4584	Psyr_4584		Protein of unknown function DUF144	-0.344	-0.497	0.436	-0.481	-1.270	-1.471	-0.389	-0.863	-0.619	0.320	-0.334	-0.412	-1.437	-1.651	-1.940	-2.535	-2.837	-2.804	-1.550	-1.590	-1.900	-2.489	-1.944
SyringaeB728a_mexBdelta	Psyr_4585	Psyr_4585		hypothetical protein	-1.703	-1.164	0.292	-0.383	-1.307	-1.886	-0.142	-0.207	0.379	-0.276	-1.300	-1.506	-1.401	-1.877	-2.556	-2.546	-2.567	-2.338	-2.561	-2.757	-1.556	-2.383	-2.790
SyringaeB728a_mexBdelta	Psyr_4586	Psyr_4586		tail protein, putative	-0.682	0.700	-0.060	0.765	-0.484	0.114	0.030	-0.779	-0.420	0.171	1.069	0.533	-0.669	-0.589	-2.423	-1.490	-3.122	-2.780	-1.206	-2.218	-0.746	-1.867	-0.919
SyringaeB728a_mexBdelta	Psyr_4587	Psyr_4587		Baseplate J-like protein	0.308	2.401	0.481	-0.527	0.457	0.282	-0.113	0.445	1.364	0.276	0.434	0.648	-1.496	-1.261	-1.252	-0.484	-1.937	-0.530	-0.909	-1.661	-1.766	-1.212	-0.961
SyringaeB728a_mexBdelta	Psyr_4588	Psyr_4588		Phage GP46	2.680	1.999	4.069	2.461	3.024	2.329	1.343	2.214	3.884	1.453	3.044	3.507	-0.495	-2.286	1.261	1.584	0.582	1.141	1.519	0.330	1.631	0.878	0.997
SyringaeB728a_mexBdelta	Psyr_4589	Psyr_4589		Phage baseplate assembly protein V	1.383	-0.160	-1.539	-0.507	-0.425	-1.995	0.101	0.419	-0.884	0.727	-0.878	0.651	0.248	0.817	-0.835	0.530	0.040	-1.376	-2.207	-1.716	-1.737	-2.090	-3.283
SyringaeB728a_mexBdelta	Psyr_4590	Psyr_4590		Bacteriophage Mu P	-0.025	0.661	0.908	-1.272	0.428	1.788	0.102	-0.305	0.762	1.130	0.562	-0.964	0.423	-0.295	0.899	-0.356	0.709	-0.286	0.750	0.155	-0.301	-0.641	-0.191
SyringaeB728a_mexBdelta	Psyr_4591	Psyr_4591		DNA circulation, N-terminal	-1.248	-2.114	-0.832	0.049	-0.096	-2.281	1.024	-0.632	-2.345	-1.973	-0.896	-1.861	0.407	0.258	1.511	0.626	0.099	-0.174	-0.820	-0.129	-0.444	-0.116	0.882
SyringaeB728a_mexBdelta	Psyr_4592	Psyr_4592		Phage tail tape measure protein TP901, core region	-1.258	0.479	1.388	0.306	0.275	1.731	-0.142	2.461	0.295	0.371	1.129	1.694	0.199	1.503	-0.420	-1.179	-0.505	-1.058	-0.925	0.506	-1.244	0.137	-0.678
SyringaeB728a_mexBdelta	Psyr_4593	Psyr_4593		sigma factor domain protein	-0.451	-1.196	-1.271	-1.013	0.250	0.888	-0.226	0.889	-1.159	-0.120	-0.680	0.918	-0.623	-0.816	0.985	2.143	-0.567	1.404	1.074	0.546	0.063	1.980	1.201
SyringaeB728a_mexBdelta	Psyr_4594	Psyr_4594		conserved hypothetical protein	0.412	-0.844	-0.551	-1.719	-1.761	0.631	0.113	-0.922	-0.431	-1.934	-0.752	-1.118	-1.533	-2.171	0.743	2.458	-0.050	1.693	0.704	1.468	0.636	1.348	1.580
SyringaeB728a_mexBdelta	Psyr_4595	Psyr_4595		Bacteriophage Mu tail sheath	0.648	0.500	-0.784	1.563	1.263	1.382	0.492	2.016	1.572	0.390	1.687	1.753	0.087	-0.980	2.298	2.008	0.833	0.899	1.273	1.764	0.865	1.445	1.984
SyringaeB728a_mexBdelta	Psyr_4596	Psyr_4596		conserved hypothetical protein	0.680	0.925	-0.777	2.219	0.664	0.973	0.544	0.074	0.853	0.958	-0.761	0.661	-1.803	-0.694	0.800	-0.506	1.447	0.987	1.868	0.311	1.504	-0.344	1.308
SyringaeB728a_mexBdelta	Psyr_4597	Psyr_4597		conserved hypothetical protein	0.776	1.050	0.186	-0.258	1.128	1.349	0.485	0.051	1.306	0.187	-0.674	0.930	2.027	0.933	1.072	0.761	1.434	1.464	0.968	-0.007	-0.767	1.142	1.322
SyringaeB728a_mexBdelta	Psyr_4598	Psyr_4598		lipoprotein, putative	-1.046	-1.033	0.148	0.379	0.535	3.256	-1.635	-1.670	-0.377	-0.820	0.371	-0.947	0.788	-0.267	0.636	0.983	0.014	1.648	1.139	0.756	2.048	0.824	2.110
SyringaeB728a_mexBdelta	Psyr_4599	Psyr_4599		conserved hypothetical protein	-0.032	2.371	2.253	-0.461	0.070	-0.393	0.270	1.375	0.015	-0.590	0.324	-0.925	1.541	1.828	-0.662	0.083	-0.458	-2.016	0.192	0.831	-1.560	-1.405	-0.294
SyringaeB728a_mexBdelta	Psyr_4600	Psyr_4600		Glycoside hydrolase, family 5	1.376	0.567	-0.941	0.593	-0.149	0.078	0.479	0.512	1.493	0.783	-0.055	1.039	0.552	2.546	1.793	2.667	2.310	2.238	2.093	2.563	2.018	2.707	3.448
SyringaeB728a_mexBdelta	Psyr_4601	Psyr_4601		hypothetical protein	1.124	0.196	-0.221	-0.909	-0.922	2.082	0.404	0.615	-0.005	-0.021	-0.370	-0.438	-0.772	1.170	0.719	1.330	0.450	0.668	1.240	0.764	1.624	-0.096	0.440
SyringaeB728a_mexBdelta	Psyr_4602	Psyr_4602		hypothetical protein	-0.355	0.933	0.093	0.614	0.902	0.552	0.038	-1.027	3.415	0.197	0.104	1.113	-1.483	4.995	2.101	1.950	2.252	2.392	2.153	2.152	2.083	1.164	2.786
SyringaeB728a_mexBdelta	Psyr_4604	Psyr_4604		hypothetical protein	-0.067	0.106	-1.539	0.568	-0.928	1.433	0.278	0.326	0.583	0.303	-0.691	1.180	1.335	1.151	0.851	1.005	0.233	0.309	-0.118	0.239	0.069	0.687	0.228
SyringaeB728a_mexBdelta	Psyr_4605	Psyr_4605		transcriptional regulator PrtN, putative	0.010	0.314	-0.959	0.627	1.283	0.161	-1.408	0.998	2.516	0.248	0.126	-1.530	-0.077	1.348	0.828	0.223	0.395	0.447	0.937	0.183	2.026	0.922	2.138
SyringaeB728a_mexBdelta	Psyr_4606	Psyr_4606		Outer membrane autotransporter barrel	1.422	1.567	1.181	0.994	0.313	2.007	0.653	1.144	0.665	1.282	1.392	1.570	0.372	0.871	1.647	2.356	1.517	1.656	1.695	1.524	1.922	0.905	1.854
SyringaeB728a_mexBdelta	Psyr_4609	Psyr_4609		anthranilate synthase, component I	1.272	0.700	-0.919	0.458	0.913	-0.186	0.270	0.002	-0.107	0.066	0.128	0.463	-1.284	-1.144	0.251	0.813	1.243	1.587	1.194	1.149	1.732	1.007	0.903
SyringaeB728a_mexBdelta	Psyr_4610	Psyr_4610		phosphoglycolate phosphatase	0.219	-0.531	0.798	-1.045	0.078	1.233	-0.216	-0.358	-0.465	1.019	-0.756	0.439	0.085	-0.218	-0.229	-0.920	-0.634	-0.208	-0.169	1.268	-0.942	-0.483	-1.104
SyringaeB728a_mexBdelta	Psyr_4612	Psyr_4612		Binding-protein-dependent transport systems inner membrane component	1.366	0.353	-0.094	0.191	-0.564	-0.483	-0.100	-0.038	-0.050	1.117	0.415	0.233	0.967	0.084	0.531	-0.276	0.029	-0.250	-1.106	-0.833	-1.276	-0.687	0.157
SyringaeB728a_mexBdelta	Psyr_4613	Psyr_4613		Binding-protein-dependent transport systems inner membrane component	0.224	-0.077	-1.678	-0.210	0.935	-0.750	0.252	0.536	0.277	0.710	-0.525	-0.547	0.997	-0.882	1.949	1.763	1.740	2.168	2.036	1.249	1.371	1.474	1.098
SyringaeB728a_mexBdelta	Psyr_4614	Psyr_4614		extracellular solute-binding protein, family 1	1.402	0.558	-0.453	1.204	0.860	0.577	0.208	0.993	1.099	0.986	0.244	0.821	1.116	1.036	1.463	3.022	1.195	0.570	0.675	0.874	1.495	0.413	0.769
SyringaeB728a_mexBdelta	Psyr_4615	Psyr_4615		Spermidine/putrescine ABC transporter ATP-binding subunit	2.148	1.180	1.016	2.046	0.974	0.337	0.516	0.813	0.915	1.096	1.171	1.481	2.355	1.575	1.470	0.697	0.434	1.200	0.273	1.552	-0.046	2.030	0.006
SyringaeB728a_mexBdelta	Psyr_4618	Psyr_4618		regulatory protein, LuxR:Response regulator receiver	0.005	0.469	-0.109	-1.445	-0.376	1.121	-0.550	-0.334	-0.414	1.413	0.031	0.204	-1.707	-0.054	-0.143	-0.352	-0.888	0.863	-0.367	-0.787	-0.539	-0.754	-1.742
SyringaeB728a_mexBdelta	Psyr_4619	Psyr_4619		multi-sensor signal transduction histidine kinase	2.222	1.080	0.589	-0.745	0.995	0.832	2.108	0.713	0.028	0.530	0.057	-0.323	0.805	0.599	0.368	0.359	2.120	-0.282	1.185	1.290	0.384	1.458	2.169
SyringaeB728a_mexBdelta	Psyr_4620	Psyr_4620		conserved hypothetical protein	0.789	-0.080	-0.219	-0.596	-0.043	-0.109	-0.350	0.068	-2.082	1.217	-0.021	-0.226	1.011	0.622	0.609	1.387	1.024	-0.249	0.098	0.496	1.312	1.060	-0.330
SyringaeB728a_mexBdelta	Psyr_4621	Psyr_4621		Heat shock protein DnaJ, N-terminal	-0.923	0.195	1.995	0.311	1.881	-1.908	1.297	0.941	1.085	0.272	0.725	0.987	-0.910	-0.433	0.591	0.381	0.619	0.801	0.792	2.748	2.010	-0.660	1.644
SyringaeB728a_mexBdelta	Psyr_4622	Psyr_4622		Nucleotidyl transferase	-4.293	-3.741	-4.740	-2.399	-4.627	5.207	-3.539	2.938	-2.333	-3.790	-4.498	-3.013	-3.627	0.876	-4.975	-6.336	-3.342	-5.669	-6.132	-5.315	-6.284	-3.549	-5.136
SyringaeB728a_mexBdelta	Psyr_4623	Psyr_4623		Aminoglycoside phosphotransferase	-1.809	-2.394	0.327	-2.767	0.826	9.207	-0.660	11.209	2.999	-1.649	0.832	-2.202	-5.035	5.673	-5.466	-5.310	-2.404	-3.413	-3.895	-0.841	-4.916	-4.253	-2.083
SyringaeB728a_mexBdelta	Psyr_4627	Psyr_4627		dimethyladenosine transferase	-2.343	-1.823	-0.274	-0.143	-1.164	0.233	-1.003	-1.512	1.631	-1.829	-1.995	0.072	-1.247	0.585	-1.372	-2.092	1.071	0.085	-1.217	-2.659	-2.208	0.540	-0.003
SyringaeB728a_mexBdelta	Psyr_4628	Psyr_4628		Protein of unknown function DUF525	0.374	1.237	0.228	-0.319	0.400	1.034	0.776	0.608	-1.709	-0.771	-1.148	0.331	0.557	0.904	0.633	0.656	1.149	2.151	-0.610	0.834	1.080	0.411	1.093
SyringaeB728a_mexBdelta	Psyr_4630	Psyr_4630		thiosulfate sulfurtransferase	-0.405	1.015	1.032	0.583	2.269	0.096	0.945	-0.029	-0.063	0.558	0.230	1.481	-0.385	-2.123	-2.322	0.963	0.457	-0.239	-0.351	-1.483	0.986	-0.775	-1.605
SyringaeB728a_mexBdelta	Psyr_4631	Psyr_4631		PrkA serine kinase	0.022	0.447	-1.175	1.106	-0.276	0.094	0.899	-0.291	0.190	-0.503	-1.259	0.327	-0.986	-0.491	0.522	1.522	-0.100	0.990	0.997	0.879	0.555	0.882	1.935
SyringaeB728a_mexBdelta	Psyr_4632	Psyr_4632		Protein of unknown function DUF444	0.921	-1.519	-0.316	1.004	-0.322	-1.766	0.708	-0.013	-0.563	-0.982	0.485	0.534	-1.526	-0.568	2.732	2.677	2.422	1.966	2.649	2.314	3.073	2.286	1.904
SyringaeB728a_mexBdelta	Psyr_4633	Psyr_4633		SpoVR	0.938	1.156	-0.230	0.071	0.054	-1.316	-0.233	-0.219	0.362	1.775	0.668	1.292	-1.124	-1.222	0.543	1.162	-0.008	1.326	-0.081	0.146	0.502	0.389	2.026
SyringaeB728a_mexBdelta	Psyr_4634	Psyr_4634		Polynucleotide adenylyltransferase:Metal-dependent phosphohydrolase, HD subdomain protein	1.213	-0.272	-0.191	-0.588	-2.035	-0.717	-0.762	-0.745	1.010	-0.105	-1.062	0.569	-1.450	-1.241	-0.467	-0.657	-0.732	0.300	0.125	-0.348	-0.514	0.327	0.937
SyringaeB728a_mexBdelta	Psyr_4637	Psyr_4637		acyl-phosphate glycerol-3-phosphate acyltransferase	0.432	-0.207	-0.239	0.765	-1.128	0.368	-0.357	1.183	-0.255	-0.676	1.233	-1.125	-0.528	0.247	0.903	-0.801	0.615	-0.891	-0.300	0.753	0.614	0.049	-0.557
SyringaeB728a_mexBdelta	Psyr_4642	Psyr_4642		diguanylate cyclase/phosphodiesterase with PAS/PAC sensor(s)	0.256	0.500	-0.478	0.455	0.082	-1.257	0.059	0.100	-0.150	-0.288	-1.155	1.242	0.383	-1.198	-0.771	0.007	-0.084	-0.117	0.268	-0.185	-0.238	-0.685	0.229
SyringaeB728a_mexBdelta	Psyr_4643	Psyr_4643		conjugal transfer protein	-1.107	-0.241	-0.224	0.063	0.768	1.379	0.396	0.430	-0.200	0.546	0.239	-1.635	1.787	1.326	-0.533	-0.864	0.311	1.151	0.946	0.618	0.128	-0.086	1.468
SyringaeB728a_mexBdelta	Psyr_4644	Psyr_4644		Plasmid stabilization system	-2.313	-3.818	-2.807	-3.009	-0.598	-3.303	-2.224	-3.541	-3.533	-4.017	-3.976	-3.278	-1.489	-2.161	-1.413	-0.371	-1.134	0.439	0.111	-0.183	-1.755	-1.185	-1.291
SyringaeB728a_mexBdelta	Psyr_4646	Psyr_4646		Phage integrase:Phage integrase, N-terminal SAM-like protein	-0.546	-0.375	-0.341	0.358	-0.473	-1.435	-0.380	-0.928	-0.620	-0.373	0.352	-0.346	0.382	-2.061	0.922	1.433	0.698	2.579	1.388	1.448	1.456	1.159	0.870
SyringaeB728a_mexBdelta	Psyr_4647	Psyr_4647		hypothetical protein	-0.363	-0.971	-2.018	-1.318	0.617	-0.894	0.368	0.265	0.032	-1.723	-0.753	-0.373	-0.498	-0.655	0.823	0.583	0.875	0.990	0.279	-0.505	0.868	0.529	0.468
SyringaeB728a_mexBdelta	Psyr_4648	Psyr_4648		hypothetical protein	-0.078	0.073	-1.448	-0.790	-0.382	-1.072	-0.003	-0.815	-0.990	-0.612	-0.139	-0.127	-0.719	0.789	-0.182	0.993	0.349	0.482	0.161	1.482	-0.844	1.221	-0.030
SyringaeB728a_mexBdelta	Psyr_4649	Psyr_4649		GCN5-related N-acetyltransferase	-1.262	-0.291	-0.145	-0.369	-0.086	-0.863	-0.335	-1.578	-0.246	-0.047	-0.152	-0.651	-0.457	-1.539	-1.106	-0.775	-1.812	0.003	-0.756	-1.474	-1.251	-1.056	-1.864
SyringaeB728a_mexBdelta	Psyr_4650	Psyr_4650		CDS	0.878	1.893	0.268	0.997	1.277	-0.819	0.560	1.088	0.346	-0.221	-0.973	-0.045	0.592	-0.714	0.563	-0.285	0.736	1.607	0.214	1.871	0.547	0.699	0.368
SyringaeB728a_mexBdelta	Psyr_4651	Psyr_4651		S-type Pyocin	-1.332	-1.207	-1.864	-0.272	-0.550	-2.007	-1.161	-1.846	0.395	-0.461	-1.855	0.067	-0.347	-2.627	0.013	0.709	-0.168	0.342	0.150	0.251	-0.508	0.545	0.195
SyringaeB728a_mexBdelta	Psyr_4653	Psyr_4653		hypothetical protein	-1.401	-1.067	0.073	-0.241	-0.020	-1.144	0.063	-2.150	-1.100	-1.423	-1.162	-1.898	0.291	0.040	-1.338	-2.466	-1.180	-1.151	-0.383	-1.074	-2.225	-2.583	-1.680
SyringaeB728a_mexBdelta	Psyr_4654	Psyr_4654		hypothetical protein	1.079	-0.125	0.041	-0.527	-0.343	0.486	-0.457	0.308	-0.096	-0.044	0.057	1.104	-1.190	-0.918	-0.341	-0.317	-0.572	-0.188	0.442	-0.411	-1.177	-0.167	-1.020
SyringaeB728a_mexBdelta	Psyr_4655	Psyr_4655		hypothetical protein	1.799	1.539	1.791	1.795	1.945	0.419	0.288	-1.838	0.111	1.417	1.962	2.244	0.008	0.870	0.281	0.216	-0.183	0.820	0.677	-0.125	-0.115	0.067	-0.086
SyringaeB728a_mexBdelta	Psyr_4656	Psyr_4656		hypothetical protein	-0.739	-0.606	-0.038	-1.473	-0.562	-0.925	0.210	0.197	-0.241	-1.796	0.528	1.181	-0.301	0.648	-0.515	0.077	-1.280	-0.729	0.544	0.347	-0.515	-0.483	0.091
SyringaeB728a_mexBdelta	Psyr_4657	Psyr_4657		CDS	-0.775	-0.970	-1.387	-0.644	0.949	-0.057	-0.132	-0.928	-0.297	-1.025	-0.041	-0.434	0.253	0.692	0.134	0.782	1.147	0.416	-0.183	0.043	-0.039	0.642	-0.778
SyringaeB728a_mexBdelta	Psyr_4658	Psyr_4658		CDS	-0.562	-0.863	-1.008	-0.132	-0.730	0.308	-0.018	-1.160	-0.118	-0.600	-1.164	-2.063	0.821	0.309	-0.089	-0.698	-1.943	-1.555	-0.819	-1.381	-0.312	0.802	-1.716
SyringaeB728a_mexBdelta	Psyr_4659	Psyr_4659		type III effector HopAB1	-1.262	-0.996	-2.404	-1.442	-1.595	-2.750	-1.189	-2.291	-1.223	-0.693	-1.208	-0.574	0.197	-0.322	0.378	0.283	0.133	0.169	0.485	-0.247	-0.262	-0.297	0.401
SyringaeB728a_mexBdelta	Psyr_4660	Psyr_4660		Formate/nitrite transporter	-0.488	-2.965	-1.563	-0.459	0.552	-2.920	0.399	1.019	-0.445	-0.061	0.805	-1.366	-0.265	-0.771	-0.006	-1.035	-1.430	-1.354	-0.246	-1.883	-1.841	0.657	-0.560
SyringaeB728a_mexBdelta	Psyr_4661	Psyr_4661		Phosphopantetheinyl transferase-like protein	1.137	1.166	0.858	0.125	-0.261	1.930	1.164	1.601	0.264	0.790	1.377	0.902	0.507	-0.533	0.570	0.379	-0.340	0.684	0.673	1.274	0.747	-0.569	0.916
SyringaeB728a_mexBdelta	Psyr_4662	Psyr_4662		Amino acid adenylation	-0.084	0.283	-0.593	-0.053	-0.777	-0.122	0.434	0.148	-0.228	0.190	0.146	-0.047	-0.209	-0.098	-1.092	-0.104	-0.066	-0.398	-0.767	-0.024	-0.628	0.239	-0.071
SyringaeB728a_mexBdelta	Psyr_4663	Psyr_4663		hypothetical protein	0.258	-1.212	-1.914	-1.276	-2.177	-1.135	-1.403	-1.308	-0.555	-0.965	-1.276	-0.900	-1.236	-1.069	1.492	1.265	0.226	-0.073	0.404	-0.023	0.494	0.611	1.556
SyringaeB728a_mexBdelta	Psyr_4664	Psyr_4664		Filamentation induced by cAMP protein Fic	-0.243	-0.535	-0.896	-0.823	-1.804	-1.105	-1.063	-0.585	0.106	-0.571	-0.969	-2.165	1.111	0.104	0.417	-0.186	-0.150	-0.380	0.616	-0.315	0.605	0.411	1.196
SyringaeB728a_mexBdelta	Psyr_4665	Psyr_4665		membrane protein, putative	1.003	-1.587	-0.064	0.988	-0.408	-1.366	0.614	-0.414	-0.579	-1.013	0.492	0.386	-0.915	-0.366	0.217	0.836	-0.072	-1.639	0.951	0.777	1.724	0.709	-0.551
SyringaeB728a_mexBdelta	Psyr_4666	Psyr_4666		transcriptional regulator, AsnC family	-1.022	0.648	-1.848	0.041	-0.587	-2.217	-0.135	-0.586	-1.048	-1.813	-1.214	-0.900	0.263	-1.364	0.073	0.103	-0.812	0.125	-0.986	-0.263	-0.009	0.789	0.419
SyringaeB728a_mexBdelta	Psyr_4667	Psyr_4667		Tryptophan 2-monooxygenase	-0.170	0.816	-1.103	0.373	-1.741	-0.256	-1.921	-1.617	-1.557	-0.475	-0.406	0.265	-0.509	0.660	0.481	1.560	-0.316	0.137	-0.746	1.154	0.106	1.298	0.818
SyringaeB728a_mexBdelta	Psyr_4668	Psyr_4668		Nitrilase/cyanide hydratase and apolipoprotein N-acyltransferase	0.461	-0.391	-0.700	-0.604	-0.516	0.487	-1.788	0.083	-0.352	-0.547	0.329	-0.317	-1.771	0.696	-0.096	0.698	-0.222	0.147	-0.490	-0.144	-1.296	0.095	-0.011
SyringaeB728a_mexBdelta	Psyr_4669	Psyr_4669		pyrroloquinoline quinone synthesis related protease (pqqF), Metallo peptidase, MEROPS family M16A	0.109	-0.579	-0.770	-1.124	-1.520	0.353	-0.218	0.539	0.489	-0.340	0.288	0.282	1.420	3.176	-0.383	-1.214	0.100	0.128	-0.097	0.232	0.278	0.872	-0.831
SyringaeB728a_mexBdelta	Psyr_4670	Psyr_4670		coenzyme PQQ synthesis protein A	0.585	-0.219	-0.920	0.796	0.058	1.146	0.822	1.142	-0.316	-0.011	-0.255	-0.372	-0.479	1.576	0.055	1.155	-0.306	0.422	0.064	0.517	-1.048	0.183	-0.010
SyringaeB728a_mexBdelta	Psyr_4671	Psyr_4671		coenzyme PQQ synthesis protein B	1.969	-0.641	1.196	0.889	0.614	-0.096	0.062	1.645	-0.141	0.461	0.823	1.510	-0.657	-1.154	0.286	0.897	0.091	-0.537	0.133	-0.125	0.179	-1.091	-0.177
SyringaeB728a_mexBdelta	Psyr_4672	Psyr_4672		Coenzyme PQQ synthesis C	0.504	0.533	-1.044	-0.129	0.922	-0.280	0.325	-0.386	-0.526	0.655	0.008	0.907	-0.116	-0.295	-0.429	0.104	-0.031	-0.014	0.510	-1.060	-0.363	-0.632	-0.776
SyringaeB728a_mexBdelta	Psyr_4674	Psyr_4674		Radical SAM	0.008	0.477	-1.462	1.038	-0.379	0.622	-1.951	0.592	0.333	-0.249	0.380	1.427	0.223	-1.597	-1.421	-0.311	-1.341	-2.234	-1.232	-2.872	-2.136	-0.939	-1.593
SyringaeB728a_mexBdelta	Psyr_4675	Psyr_4675		Peptidase S9, prolyl oligopeptidase active site region	-0.287	1.089	-0.158	0.365	1.106	0.283	0.670	1.523	0.808	0.276	0.772	0.427	-1.115	1.900	-1.290	-0.022	-0.935	-1.102	-0.243	0.702	-0.926	-0.516	-0.032
SyringaeB728a_mexBdelta	Psyr_4676	Psyr_4676		Protein of unknown function UPF0057	-1.051	-1.137	-3.129	-1.082	-1.592	-1.197	-1.416	-0.241	-0.450	-0.607	-0.541	-1.308	-0.196	-1.223	-1.012	-2.116	-2.650	-1.864	-0.664	-1.366	-2.422	-1.591	-0.265
SyringaeB728a_mexBdelta	Psyr_4677	Psyr_4677		Acyl-CoA dehydrogenase, C-terminal:Acyl-CoA dehydrogenase, central region	-0.027	-0.573	-1.071	-1.190	-0.079	-0.818	-0.703	-0.040	-0.895	0.653	-1.214	-0.577	0.359	0.739	-0.826	0.127	-0.733	-0.779	-0.303	-0.714	0.073	-0.427	-0.262
SyringaeB728a_mexBdelta	Psyr_4678	Psyr_4678		GGDEF domain protein	-0.108	0.583	-0.231	-0.561	-1.518	-0.979	-0.263	-1.049	-0.156	-0.113	0.059	-0.273	0.603	0.405	0.662	0.569	-0.212	0.932	0.942	0.724	0.769	0.217	0.742
SyringaeB728a_mexBdelta	Psyr_4681	Psyr_4681		Acyl-CoA dehydrogenase, C-terminal:Acyl-CoA dehydrogenase, central region	-0.298	0.018	-2.537	0.298	-0.055	0.826	-2.603	-1.497	-2.337	-0.414	-1.140	-0.418	-1.197	-0.968	0.452	1.784	0.115	0.310	0.894	0.183	-0.410	0.394	-0.815
SyringaeB728a_mexBdelta	Psyr_4682	Psyr_4682		conserved hypothetical protein	0.057	0.574	-1.163	0.420	0.781	-0.189	1.209	1.125	0.552	-0.850	-1.025	-0.070	1.216	0.583	1.367	0.632	0.598	-0.451	1.010	-0.255	0.690	1.151	1.476
SyringaeB728a_mexBdelta	Psyr_4683	Psyr_4683		dethiobiotin synthase	-5.727	-5.132	-4.687	-4.984	-5.843	5.573	-5.205	-5.027	-5.583	-5.293	-5.587	-5.663	-1.303	0.903	-4.197	-5.562	-5.078	-3.930	-6.854	-6.271	-7.268	-5.157	-5.758
SyringaeB728a_mexBdelta	Psyr_4684	Psyr_4684		biotin synthesis protein BioC	-4.462	-3.944	-3.645	-4.633	-2.891	7.443	-3.790	-2.517	-2.919	-4.104	-4.454	-4.442	-2.099	-0.861	-6.771	-6.161	-3.727	-4.491	-5.620	-6.727	-6.500	-6.654	-6.199
SyringaeB728a_mexBdelta	Psyr_4686	Psyr_4686		8-amino-7-oxononanoate synthase	-8.181	-7.745	-8.475	-7.934	-8.010	7.176	-5.118	-7.020	-7.826	-7.521	-8.217	-8.044	-5.428	-3.526	-9.300	-6.728	-9.310	-9.525	-9.105	-9.767	-9.761	-9.180	-6.738
SyringaeB728a_mexBdelta	Psyr_4687	Psyr_4687		biotin synthase	-8.436	-8.045	-9.542	-8.420	-8.982	6.862	-8.687	-8.620	-8.955	-5.968	-8.700	-9.346	-10.607	-2.209	-11.254	-10.641	-11.633	-10.252	-8.788	-10.117	-10.374	-11.470	-11.039
SyringaeB728a_mexBdelta	Psyr_4688	Psyr_4688		Phosphoribosyltransferase	2.115	0.467	0.728	0.894	-0.002	0.698	0.507	-0.103	0.186	0.812	0.769	1.496	0.880	1.147	0.168	0.862	0.002	0.958	-0.576	0.564	0.238	0.734	0.463
SyringaeB728a_mexBdelta	Psyr_4689	Psyr_4689		Helix-turn-helix, Fis-type:Molybdenum-binding protein, N-terminal:Molybdenum-pterin binding protein	-0.397	0.113	-1.471	0.926	0.306	-0.716	0.008	0.901	0.160	1.113	0.934	0.482	1.797	-0.176	0.089	0.403	0.721	-0.114	0.066	-0.102	0.552	-0.326	-0.161
SyringaeB728a_mexBdelta	Psyr_4690	Psyr_4690		Twin-arginine translocation pathway signal	1.582	0.203	0.178	0.344	-0.043	0.748	-0.779	-0.370	-1.527	-0.376	0.011	-0.267	0.259	-0.644	0.358	-0.346	-0.357	0.097	-1.341	0.813	-0.346	-0.173	-0.286
SyringaeB728a_mexBdelta	Psyr_4691	Psyr_4691		Metallophosphoesterase	1.170	1.388	-0.283	1.088	0.217	0.265	1.447	1.363	1.085	2.328	1.700	0.429	0.976	0.495	-1.032	-0.695	-1.483	-1.042	-0.801	-0.895	-0.373	-0.436	-0.677
SyringaeB728a_mexBdelta	Psyr_4692	Psyr_4692		ABC transporter	-0.444	0.737	0.308	-0.014	-0.830	-0.852	1.560	-0.201	-1.738	-1.466	0.449	-0.705	-0.821	-0.851	-0.642	-0.521	-0.722	-0.235	-1.113	0.284	-1.344	-1.491	-0.265
SyringaeB728a_mexBdelta	Psyr_4693	Psyr_4693		Binding-protein-dependent transport systems inner membrane component	0.071	-0.121	-1.253	-0.530	0.103	0.427	-0.656	-1.314	-0.634	0.019	-0.377	-0.941	-0.123	-0.711	1.569	1.265	1.378	0.032	-0.093	0.712	0.280	0.689	1.547
SyringaeB728a_mexBdelta	Psyr_4694	Psyr_4694		Binding-protein-dependent transport systems inner membrane component	-1.263	-0.501	-1.393	-1.071	-0.339	-0.113	-0.268	-1.635	-0.046	0.099	-1.411	-0.795	0.403	1.469	0.393	-1.133	0.212	-0.351	-0.394	0.029	0.221	0.930	0.258
SyringaeB728a_mexBdelta	Psyr_4695	Psyr_4695		extracellular solute-binding protein, family 1	1.564	-0.617	-1.085	-0.159	-1.705	1.002	-0.046	0.007	-0.955	-0.222	0.309	-0.557	-1.039	-0.407	1.270	-0.162	-0.569	-0.850	-1.362	0.222	-0.069	0.315	-0.339
SyringaeB728a_mexBdelta	Psyr_4696	Psyr_4696		transcriptional regulator, LacI family	-1.310	0.144	-2.096	-1.794	-0.492	-0.162	-0.695	-0.875	-1.183	-0.136	-0.542	-1.729	-1.204	-0.914	0.370	-0.132	0.749	0.753	-0.312	0.257	1.157	1.468	0.098
SyringaeB728a_mexBdelta	Psyr_4697	Psyr_4697		Aminoglycoside phosphotransferase	-1.490	-1.480	-0.875	-2.513	-1.359	-3.108	-1.959	-1.155	-1.666	-1.733	-1.375	-0.840	-0.085	-0.889	-1.243	-0.037	-0.323	0.436	-0.024	-1.960	-0.341	-0.343	-0.009
SyringaeB728a_mexBdelta	Psyr_4698	Psyr_4698		RarD protein	-1.976	0.433	-0.114	-1.132	0.311	0.120	0.440	-1.648	0.331	-1.218	-1.596	-1.011	1.221	-0.931	-0.583	-1.501	-0.966	-0.328	-0.009	0.154	-1.248	-0.820	-3.362
SyringaeB728a_mexBdelta	Psyr_4699	Psyr_4699		Amino acid-binding ACT	0.242	-1.135	0.319	-0.585	-0.873	-1.271	-0.245	-0.154	1.413	-1.008	-2.376	0.349	-0.208	0.513	-1.625	-1.676	0.116	-0.774	-0.838	-0.779	-1.652	-1.641	-0.892
SyringaeB728a_mexBdelta	Psyr_4700	Psyr_4700		malate synthase	-1.560	-1.376	-0.436	-1.253	-1.343	-1.415	-1.174	-1.622	-1.742	-1.560	-2.231	-0.121	1.203	0.149	-0.204	0.084	-0.339	0.244	-0.556	-0.602	-0.620	-0.383	-0.062
SyringaeB728a_mexBdelta	Psyr_4702	Psyr_4702		Cyclic nucleotide-binding:CBS:Putative nucleotidyltransferase DUF294	0.022	0.911	-0.998	0.051	1.116	0.205	-0.173	0.359	0.259	0.127	0.416	-0.356	0.718	-1.108	-0.222	-0.241	0.868	0.841	0.232	-0.239	-0.179	-0.525	-1.295
SyringaeB728a_mexBdelta	Psyr_4704	Psyr_4704		conserved hypothetical protein	0.010	-0.322	-1.107	1.233	0.354	0.022	0.613	-0.526	0.342	-1.578	-0.344	0.402	0.127	1.698	-0.131	-0.013	-0.366	-1.579	-0.641	0.899	0.171	-1.391	-0.918
SyringaeB728a_mexBdelta	Psyr_4706	Psyr_4706		Histidine kinase, HAMP region:Bacterial chemotaxis sensory transducer	0.576	0.550	0.413	-0.508	1.614	-1.532	1.834	-0.776	0.597	0.569	0.503	-0.309	-0.238	-0.615	-0.669	0.379	0.133	-1.011	-0.319	-0.269	0.283	0.019	1.281
SyringaeB728a_mexBdelta	Psyr_4707	Psyr_4707		Protein of unknown function DUF1568	-0.516	0.130	-0.514	-1.363	-0.032	1.248	-0.115	0.548	-0.990	-1.157	0.570	-0.571	1.279	1.063	-0.556	0.034	-1.289	-0.747	-1.387	0.721	-0.814	-1.001	-0.358
SyringaeB728a_mexBdelta	Psyr_4708	Psyr_4708		transcriptional regulator, AraC family with amidase-like domain protein	-0.649	0.118	-1.005	-0.172	-1.999	0.583	-0.913	-0.701	-0.618	-0.757	-0.745	-0.556	-0.337	-0.750	-1.088	-1.205	-0.701	-1.528	-0.639	-0.433	-0.619	-0.926	-1.186
SyringaeB728a_mexBdelta	Psyr_4709	Psyr_4709		Substrate-binding region of ABC-type glycine betaine transport system	0.218	0.468	1.810	-0.195	0.924	0.604	0.456	-0.760	-0.882	-0.203	0.278	-0.028	1.922	1.000	-0.002	-0.316	0.507	-0.266	-1.040	0.621	-1.121	0.862	0.160
SyringaeB728a_mexBdelta	Psyr_4710	Psyr_4710		Binding-protein-dependent transport systems inner membrane component	0.108	1.332	0.229	-0.516	-0.082	-2.789	0.704	-0.485	0.231	-0.105	-0.332	0.911	0.193	-0.797	-0.814	0.163	0.083	-0.110	-0.209	-0.072	-0.147	0.233	-1.711
SyringaeB728a_mexBdelta	Psyr_4711	Psyr_4711		Glycine betaine/L-proline transport ATP-binding subunit	0.407	-1.115	-1.002	-0.928	-0.104	0.782	-0.216	0.519	-0.859	0.319	-0.606	0.594	-1.179	-0.386	0.690	-0.090	0.436	0.190	0.753	1.226	0.075	0.911	-0.056
SyringaeB728a_mexBdelta	Psyr_4712	Psyr_4712		serine hydroxymethyltransferase	-1.309	1.101	-0.010	0.085	0.157	-0.662	-1.338	-1.621	-0.673	-1.501	-1.397	-0.617	-1.785	-1.829	-1.350	-0.662	-1.486	-0.044	-0.952	-1.971	-2.034	-0.112	-1.349
SyringaeB728a_mexBdelta	Psyr_4713	Psyr_4713		Sarcosine oxidase, beta subunit, heterotetrameric	-1.064	1.189	0.369	1.551	-0.495	0.711	-1.236	-0.313	0.370	0.002	0.124	0.232	1.157	1.005	-0.627	0.253	-1.036	-0.401	-0.571	-0.455	0.232	-0.974	-1.060
SyringaeB728a_mexBdelta	Psyr_4714	Psyr_4714		Sarcosine oxidase, delta subunit, heterotetrameric	1.680	2.463	1.955	0.855	0.668	0.797	0.152	-0.943	-0.493	1.940	0.604	-0.284	0.499	-0.308	1.174	0.804	0.652	-0.472	1.682	0.586	-0.809	0.402	2.608
SyringaeB728a_mexBdelta	Psyr_4715	Psyr_4715		Sarcosine oxidase, alpha subunit, heterotetrameric	-0.457	-1.297	-1.444	0.381	0.268	-0.524	-2.341	-0.746	-1.275	0.210	-0.720	-0.517	0.084	0.918	0.450	0.242	-0.430	-0.932	-0.040	-0.174	0.318	0.044	-1.023
SyringaeB728a_mexBdelta	Psyr_4716	Psyr_4716		Sarcosine oxidase, gamma subunit, heterotetrameric	0.276	0.238	0.798	0.959	-0.038	2.370	1.010	2.194	0.369	1.459	0.253	0.842	0.478	0.642	0.471	0.150	-0.144	2.107	0.168	0.677	-0.105	-0.039	-0.241
SyringaeB728a_mexBdelta	Psyr_4717	Psyr_4717		formyltetrahydrofolate deformylase	0.350	-0.447	0.302	0.419	0.166	0.429	1.382	0.486	1.051	-0.301	1.119	0.213	-0.727	0.435	-0.035	-0.661	-0.483	-0.049	-0.690	-1.065	-0.608	-0.655	-1.404
SyringaeB728a_mexBdelta	Psyr_4718	Psyr_4718		glutathione-independent formaldehyde dehydrogenase	0.889	0.639	0.025	0.086	-0.275	0.705	0.150	0.192	0.291	0.138	0.062	0.867	-0.060	-0.683	-0.340	-0.847	-0.128	-0.914	0.541	0.375	-0.049	-0.713	0.001
SyringaeB728a_mexBdelta	Psyr_4719	Psyr_4719		hypothetical protein	-0.493	-1.653	-1.089	-1.317	-1.728	-1.212	-1.223	-0.949	0.462	-0.753	-0.626	-1.381	2.662	1.983	-0.598	-0.963	-1.929	-1.773	-1.000	0.199	-2.196	-0.473	-0.918
SyringaeB728a_mexBdelta	Psyr_4720	Psyr_4720		conserved domain protein	-0.269	-2.695	-2.081	-0.154	-0.387	-4.147	-0.846	-1.830	0.697	-0.684	-1.212	-1.164	-0.408	-1.680	-0.389	-0.621	-1.035	-0.901	-2.002	-1.265	-1.597	-0.438	-1.432
SyringaeB728a_mexBdelta	Psyr_4721	Psyr_4721		hypothetical protein	0.018	-0.037	-0.447	-0.229	-0.637	-0.230	0.210	-0.424	-1.232	-0.377	-0.594	-0.006	1.249	0.915	-0.140	-0.865	-0.809	-0.071	-0.880	-0.169	-0.606	0.001	0.538
SyringaeB728a_mexBdelta	Psyr_4722	Psyr_4722		conserved hypothetical protein	-0.763	0.843	-2.503	-0.609	0.175	-0.453	-0.060	1.280	-0.330	-0.187	0.332	0.036	-0.291	0.751	-0.092	-0.461	0.018	0.667	-1.154	-0.271	-0.783	0.292	0.124
SyringaeB728a_mexBdelta	Psyr_4723	Psyr_4723		hypothetical protein	-1.272	-1.517	-0.241	0.180	-0.051	-1.256	-0.569	-0.403	-0.877	-0.297	-0.570	-0.776	-0.789	-2.363	-0.092	0.321	0.036	-0.174	-1.170	0.046	0.198	-1.060	0.822
SyringaeB728a_mexBdelta	Psyr_4724	Psyr_4724		Phospholipid/glycerol acyltransferase	-0.677	-0.535	-1.847	-0.790	-0.091	-1.727	-1.488	0.402	1.880	-1.554	-0.138	-0.464	0.750	0.193	-0.817	-1.138	-1.554	-1.798	0.373	-0.553	0.526	-0.293	-0.610
SyringaeB728a_mexBdelta	Psyr_4725	Psyr_4725		Protein of unknown function DUF785	-0.652	0.065	-0.689	-1.185	-0.935	-1.308	-0.800	-1.613	1.310	-0.714	-0.877	0.221	-1.896	-1.723	0.075	-0.163	0.446	0.246	0.968	-1.127	-1.975	-0.047	-0.661
SyringaeB728a_mexBdelta	Psyr_4726	Psyr_4726		hypothetical protein	-0.186	-0.845	-0.246	0.418	-0.554	0.799	-0.620	-0.781	1.339	0.443	-0.057	-0.702	-1.279	-0.454	0.085	-1.352	0.156	-0.131	-0.574	0.707	0.615	-0.564	-0.454
SyringaeB728a_mexBdelta	Psyr_4727	Psyr_4727		glutathione S-transferase, putative	0.955	-0.370	0.209	0.435	0.902	-1.208	-0.741	-0.904	-0.746	-0.641	1.082	1.242	0.215	-0.033	-0.748	0.046	-0.569	0.950	-2.321	0.467	1.238	0.608	-1.241
SyringaeB728a_mexBdelta	Psyr_4728	Psyr_4728		conserved hypothetical protein	-0.717	0.292	0.804	0.162	0.610	-0.625	-0.495	0.024	0.755	-0.642	0.806	0.150	1.115	0.376	1.349	0.522	-0.195	0.158	0.326	0.575	0.622	1.229	0.131
SyringaeB728a_mexBdelta	Psyr_4729	Psyr_4729		PepSY-associated TM helix	-0.459	0.259	0.171	1.999	-0.771	-0.140	0.886	0.153	-0.095	-0.376	0.340	0.203	0.220	-1.044	1.050	0.186	-0.548	0.421	0.653	0.576	-0.843	-0.576	1.437
SyringaeB728a_mexBdelta	Psyr_4731	Psyr_4731		Sigma-70 region 2:Sigma-70 region 4	-0.745	-0.983	0.589	0.556	1.219	-0.182	0.673	2.774	-0.102	1.806	0.380	-0.753	0.715	1.134	-0.104	-0.936	-0.196	-1.566	-2.459	-0.379	-1.814	1.005	-2.266
SyringaeB728a_mexBdelta	Psyr_4732	Psyr_4732		choline dehydrogenase	-0.343	-0.090	-4.011	-0.179	-2.757	0.400	-1.281	0.150	0.331	-0.737	-0.067	0.023	-1.622	0.365	0.049	0.465	0.136	-0.028	-0.355	0.206	-0.228	1.054	1.251
SyringaeB728a_mexBdelta	Psyr_4733	Psyr_4733		betaine aldehyde dehydrogenase	0.692	0.017	0.053	1.010	1.046	-0.035	-0.499	0.367	1.290	1.438	0.583	0.604	0.736	0.966	0.028	0.088	-0.899	0.242	0.041	-0.423	0.391	-1.213	-0.666
SyringaeB728a_mexBdelta	Psyr_4734	Psyr_4734		transcriptional regulator, TetR family	0.553	-0.017	1.725	0.065	1.040	0.679	-0.524	-1.592	-0.596	1.078	0.442	-0.514	0.522	0.521	-1.340	0.110	-0.554	-0.477	0.294	-0.558	-0.421	-1.882	1.410
SyringaeB728a_mexBdelta	Psyr_4735	Psyr_4735		GTP-binding protein, HSR1-related protein	-0.633	-0.348	0.042	-0.441	-0.010	0.372	0.626	-0.139	-0.612	-0.072	-0.279	-1.008	1.044	0.465	-0.244	-0.282	-0.033	0.187	-0.360	0.058	-0.202	0.127	0.744
SyringaeB728a_mexBdelta	Psyr_4736	Psyr_4736		conserved hypothetical protein	0.710	-0.262	-1.613	-0.524	-0.001	-0.657	-0.508	-0.539	0.301	0.627	0.005	-2.303	0.096	0.312	-0.604	-0.644	-1.763	0.087	0.341	-0.761	0.211	-0.864	0.226
SyringaeB728a_mexBdelta	Psyr_4738	Psyr_4738		conserved hypothetical protein	0.785	1.085	0.496	0.632	0.089	0.604	0.235	-0.162	-0.044	0.199	-0.034	0.921	0.343	0.239	-1.348	-0.241	-0.014	-1.052	-0.519	-0.015	-0.654	0.248	-0.519
SyringaeB728a_mexBdelta	Psyr_4739	Psyr_4739		tRNA (guanine-N(7)-)-methyltransferase	0.466	0.089	2.816	1.630	1.923	1.435	1.777	0.062	-0.135	-1.153	1.835	0.820	-1.208	-0.109	-0.445	-1.392	-1.035	0.540	-0.367	0.763	-0.254	-1.799	-1.191
SyringaeB728a_mexBdelta	Psyr_4740	Psyr_4740		thiazole-phosphate synthase	-9.651	-9.026	-6.797	-8.351	-8.675	8.035	-4.772	-6.019	-9.296	-8.809	-9.503	-9.603	-4.520	-1.430	-11.524	-9.723	-10.427	-10.553	-10.515	-11.009	-9.519	-10.714	-10.664
SyringaeB728a_mexBdelta	Psyr_4742	Psyr_4742		Protein of unknown function DUF423	-1.046	-0.138	0.588	0.443	0.040	-0.231	-0.056	-1.309	-0.738	0.202	0.806	0.187	0.446	0.258	1.241	0.506	-1.975	-0.310	-1.790	-0.280	0.016	-0.796	-0.239
SyringaeB728a_mexBdelta	Psyr_4743	Psyr_4743		Glycosyl transferase, family 51	-0.416	0.500	0.740	0.640	1.086	1.430	1.115	-0.818	1.612	0.845	1.017	1.198	-0.193	1.307	-0.785	0.206	-0.640	0.705	-0.495	-0.488	0.595	0.032	0.040
SyringaeB728a_mexBdelta	Psyr_4744	Psyr_4744		hypothetical protein	0.898	3.017	0.389	1.089	1.423	-0.069	0.652	1.104	0.214	-1.007	0.330	0.251	-2.085	-1.052	0.532	-1.525	1.504	-1.760	-0.223	-1.201	-1.157	-0.368	-1.068
SyringaeB728a_mexBdelta	Psyr_4745	Psyr_4745		hypothetical protein	-0.558	-0.067	0.731	0.392	0.665	-0.400	-0.472	-1.149	-0.797	-0.741	-1.330	0.306	-0.486	-0.716	1.639	2.567	2.671	1.856	0.490	1.692	1.756	2.543	2.731
SyringaeB728a_mexBdelta	Psyr_4749	Psyr_4749		cell division protein FtsX	-0.594	0.366	-3.939	-0.355	-2.608	-1.363	-1.781	-0.793	6.505	-0.247	0.799	0.262	-2.247	3.687	0.514	0.635	-0.404	0.643	1.251	-0.491	0.425	-0.168	1.775
SyringaeB728a_mexBdelta	Psyr_4750	Psyr_4750		cell division ATP-binding protein FtsE	-3.077	-1.234	-2.728	-0.582	-1.207	-1.032	-0.826	-1.031	2.787	-0.954	-0.831	-1.053	-0.401	1.504	0.139	-1.676	-1.328	-1.591	-1.170	-0.112	-0.588	-0.425	-2.038
SyringaeB728a_mexBdelta	Psyr_4752	Psyr_4752		Insulinase-like:Peptidase M16, C-terminal	-1.601	-0.922	-1.824	-1.255	-2.725	-2.416	2.834	-1.087	0.832	0.336	-0.886	-1.278	-1.424	1.074	-0.448	-1.271	-0.276	-1.057	-1.850	-1.078	-1.401	-1.047	-0.396
SyringaeB728a_mexBdelta	Psyr_4753	Psyr_4753		Insulinase-like:Peptidase M16, C-terminal	-1.678	-0.133	-2.644	-2.000	-3.261	-1.145	2.191	-2.878	-0.494	-1.065	-0.719	-2.154	1.472	0.931	-1.557	-2.214	-2.953	-1.655	-3.326	-3.524	-1.358	-1.584	-0.246
SyringaeB728a_mexBdelta	Psyr_4754	Psyr_4754		16S rRNA m(2)G-966 methyltransferase	-2.319	-1.910	-1.040	-1.303	-0.960	0.133	1.829	0.790	-0.790	-1.880	0.573	-2.152	-1.368	0.101	-1.517	-1.347	0.188	-1.683	-0.306	-0.351	-0.546	-1.354	-0.198
SyringaeB728a_mexBdelta	Psyr_4755	Psyr_4755		hydrolase, alpha/beta fold family	0.042	0.631	-0.797	-1.620	-0.324	-1.719	-1.068	-1.420	0.187	-0.810	-0.370	-0.367	-1.384	-0.810	0.464	0.248	0.808	0.172	-0.620	0.699	0.965	-0.519	0.670
SyringaeB728a_mexBdelta	Psyr_4756	Psyr_4756		3-mercaptopyruvate sulfurtransferase	1.397	0.024	1.528	1.675	0.916	1.003	0.680	1.172	1.196	0.813	0.678	0.480	1.055	0.839	2.118	0.515	1.197	0.784	-0.448	0.638	0.535	1.567	0.227
SyringaeB728a_mexBdelta	Psyr_4757	Psyr_4757		transcriptional regulator, TetR family	-1.148	-1.832	-1.097	-0.514	-0.594	-0.761	0.228	-1.236	-0.233	0.183	-0.732	-0.121	0.526	0.327	-0.918	-0.901	-0.694	-1.305	-2.300	-1.873	-1.928	-1.110	-0.877
SyringaeB728a_mexBdelta	Psyr_4760	Psyr_4760		conserved hypothetical protein	0.481	0.262	-0.072	-0.961	0.378	0.782	-0.271	-0.422	-1.888	-1.738	0.633	-0.581	0.137	-0.128	0.361	0.182	-0.232	0.004	0.676	-1.464	-0.923	-0.474	0.357
SyringaeB728a_mexBdelta	Psyr_4761	Psyr_4761		DNA-(apurinic or apyrimidinic site) lyase / Formamidopyrimidine-DNA glycosylase	1.158	1.369	-0.673	0.348	0.888	0.581	0.827	-0.356	-0.006	1.063	-0.079	1.218	-0.217	1.118	-0.621	0.511	-1.354	-0.099	-0.298	-0.006	-0.414	-0.398	-0.014
SyringaeB728a_mexBdelta	Psyr_4762	Psyr_4762		conserved hypothetical protein	1.103	0.784	-0.216	0.726	0.090	-0.736	0.129	-0.354	-0.584	0.558	0.976	0.340	-0.707	-1.237	-0.688	0.090	-0.010	-1.006	-0.513	-0.219	0.107	-1.156	-0.587
SyringaeB728a_mexBdelta	Psyr_4763	Psyr_4763		Peptidase C56, PfpI	0.536	0.025	-0.690	-0.380	0.685	0.332	-0.217	0.258	1.266	1.991	0.486	1.615	1.203	0.667	-1.580	-0.419	-0.362	-0.774	-1.762	-2.267	-0.841	-0.670	-0.138
SyringaeB728a_mexBdelta	Psyr_4764	Psyr_4764		SAM-dependent methyltransferase	-1.627	-0.117	-0.501	-0.551	0.517	-1.221	-0.160	-1.304	-0.521	0.604	0.943	-0.103	-0.442	0.273	-0.640	-0.935	-1.303	0.423	-0.150	-0.438	-0.736	-0.338	-0.296
SyringaeB728a_mexBdelta	Psyr_4765	Psyr_4765		TraX	-0.037	1.092	-0.876	0.590	0.363	-1.273	2.550	-0.664	-0.599	0.095	0.947	1.708	0.161	-0.013	-0.113	1.275	-0.084	0.350	-0.956	0.449	-1.456	0.363	-0.543
SyringaeB728a_mexBdelta	Psyr_4766	Psyr_4766		L-threonine aldolase	1.013	0.635	1.450	0.624	0.326	2.815	0.493	2.304	0.996	1.437	3.041	0.714	1.094	1.457	2.159	-0.095	1.635	0.353	0.255	1.309	-0.185	-0.091	0.546
SyringaeB728a_mexBdelta	Psyr_4767	Psyr_4767		Peptidase U62, modulator of DNA gyrase	0.881	-1.359	-0.079	0.526	-0.530	0.703	0.094	-0.156	-0.364	-0.195	0.793	-0.633	0.441	-0.138	-0.153	-0.949	-0.977	-0.540	-0.565	-0.687	0.065	-0.643	-0.712
SyringaeB728a_mexBdelta	Psyr_4768	Psyr_4768		conserved hypothetical protein	-0.847	0.951	-0.077	-0.606	-1.746	1.132	0.264	0.341	-1.813	-1.016	-1.496	0.474	0.103	0.711	-0.723	-0.509	0.408	-0.134	-0.479	1.133	0.337	0.483	-0.098
SyringaeB728a_mexBdelta	Psyr_4769	Psyr_4769		Major facilitator superfamily	0.361	-0.389	1.002	-0.010	0.032	-1.122	0.652	-0.677	0.882	-0.754	-1.163	1.075	0.736	-0.065	-0.431	1.346	1.092	-0.711	1.363	0.224	0.912	1.111	-0.484
SyringaeB728a_mexBdelta	Psyr_4770	Psyr_4770		diguanylate cyclase/phosphodiesterase with PAS/PAC and GAF sensor(s)	-0.092	-0.271	-0.943	0.845	-1.136	-2.065	0.159	-1.132	-1.023	0.144	-0.497	-0.948	-0.960	-1.101	-0.615	-0.912	-1.225	-0.327	-1.110	-0.787	-1.453	-1.298	-0.537
SyringaeB728a_mexBdelta	Psyr_4771	Psyr_4771		Peptide methionine sulfoxide reductase	0.002	-0.447	-0.671	-0.187	0.139	-1.240	0.166	-0.413	0.256	1.125	0.508	0.379	-0.290	-0.597	0.107	0.909	-0.588	0.569	-0.069	0.151	0.451	0.662	0.015
SyringaeB728a_mexBdelta	Psyr_4772	Psyr_4772		Protein of unknown function DUF519	-0.200	-0.093	-0.565	-0.703	0.258	-0.967	0.537	0.565	0.237	-0.260	-0.437	-0.840	1.180	3.501	0.417	2.076	0.497	0.203	-1.550	1.475	0.909	0.293	0.112
SyringaeB728a_mexBdelta	Psyr_4775	Psyr_4775		Ferredoxin:Oxidoreductase FAD/NAD(P)-binding:Oxidoreductase FAD-binding region	1.352	0.792	1.665	0.841	1.912	1.143	1.449	1.277	0.898	0.588	0.682	1.507	-1.106	-0.250	-0.102	-0.395	0.152	0.938	0.846	1.060	0.039	-0.772	-0.096
SyringaeB728a_mexBdelta	Psyr_4776	Psyr_4776		Rieske [2Fe-2S] region	1.263	-0.145	-1.262	0.417	-1.380	0.743	-0.633	0.054	0.956	0.588	0.214	0.536	1.600	1.071	0.655	-0.060	0.115	0.264	-0.347	-0.132	-0.074	-0.144	0.221
SyringaeB728a_mexBdelta	Psyr_4777	Psyr_4777		chitinase family 18	0.763	1.120	0.192	0.969	0.232	0.467	1.100	1.014	0.254	0.207	0.582	0.604	1.226	0.786	-0.388	-0.252	-0.375	0.272	0.026	-0.805	-0.483	0.238	-0.205
SyringaeB728a_mexBdelta	Psyr_4778	Psyr_4778		hypothetical protein	0.721	0.440	0.064	1.054	-0.109	-0.379	0.847	0.398	0.293	0.053	0.433	0.225	0.612	0.096	0.118	-0.277	-0.600	0.252	-0.941	-0.436	-0.342	-0.060	-0.007
SyringaeB728a_mexBdelta	Psyr_4779	Psyr_4779		electron transfer flavoprotein, beta subunit	-0.452	-0.943	-1.008	-1.259	-2.686	0.922	-1.021	-0.429	-1.294	-1.574	-0.740	-0.055	0.951	-0.637	-0.598	-1.244	-0.358	-1.544	-1.150	-1.249	-0.636	-0.247	-1.149
SyringaeB728a_mexBdelta	Psyr_4780	Psyr_4780		Electron transfer flavoprotein, alpha subunit	1.356	1.006	-0.195	0.476	-0.835	1.851	-0.749	1.804	-0.053	-0.373	-0.877	0.954	-0.657	0.726	0.069	0.025	0.388	1.227	0.347	-0.780	1.488	1.031	1.326
SyringaeB728a_mexBdelta	Psyr_4781	Psyr_4781		4Fe-4S ferredoxin, iron-sulfur binding:Protein of unknown function DUF224	-1.540	-0.241	-0.110	-0.774	-0.192	-0.404	-0.408	1.404	0.756	1.439	0.060	0.990	1.765	-0.325	-0.349	-0.250	0.196	0.446	0.621	-0.005	-1.898	-0.067	0.773
SyringaeB728a_mexBdelta	Psyr_4782	Psyr_4782		NADH:flavin oxidoreductase/NADH oxidase	1.596	0.053	-0.734	-0.123	-0.005	0.979	0.444	0.910	-1.167	0.106	-0.300	-0.037	-0.639	0.724	0.008	-0.909	0.527	-0.838	0.442	-0.380	-0.730	0.690	-0.954
SyringaeB728a_mexBdelta	Psyr_4783	Psyr_4783		conserved hypothetical protein	-0.044	0.239	-0.183	1.047	0.317	1.081	1.035	-0.011	-0.071	0.961	0.375	-0.001	-0.786	-0.726	0.624	-0.276	-0.298	-1.020	-0.332	0.299	-0.862	0.088	-1.563
SyringaeB728a_mexBdelta	Psyr_4784	Psyr_4784		Peptidase M19, renal dipeptidase	0.329	0.905	0.540	1.340	-0.321	-0.503	0.219	0.826	0.702	1.694	1.146	0.427	-0.201	-0.310	-0.459	0.010	-0.042	-0.894	0.737	-0.191	-0.736	0.408	-0.267
SyringaeB728a_mexBdelta	Psyr_4785	Psyr_4785		Protein of unknown function DUF1311	-0.137	0.266	-1.166	-0.871	-1.938	-3.022	0.531	-2.345	-0.477	0.482	-0.518	-0.087	-0.727	-1.546	0.184	1.295	0.217	0.540	1.827	-0.663	-0.081	0.612	-0.007
SyringaeB728a_mexBdelta	Psyr_4786	Psyr_4786		hypothetical protein	-2.116	-1.136	-1.034	-1.422	-1.526	0.277	-0.350	-0.048	0.608	0.108	-0.582	-1.374	0.999	-0.148	0.894	1.860	-0.188	0.869	1.572	-0.152	-0.492	1.922	0.913
SyringaeB728a_mexBdelta	Psyr_4788	Psyr_4788		lipoprotein, putative	0.799	0.154	0.881	-0.140	0.355	1.346	0.894	0.168	-1.144	0.740	-1.087	-0.635	0.238	1.357	-0.259	-1.468	0.229	-0.808	-1.786	-1.141	-1.202	-2.227	-0.693
SyringaeB728a_mexBdelta	Psyr_4789	Psyr_4789		lipoprotein, putative	-0.912	-1.903	-1.660	-0.579	0.433	0.414	-2.001	-1.516	-2.726	-0.729	-0.920	-2.251	0.094	0.786	-0.760	-3.487	-2.555	-1.884	-0.539	-0.390	-0.053	-2.407	-1.002
SyringaeB728a_mexBdelta	Psyr_4791	Psyr_4791		D-erythrose-4-phosphate dehydrogenase	-3.599	-3.612	-3.618	-4.132	-2.011	0.129	-2.378	-2.975	-3.741	-1.769	-3.104	-2.284	-0.411	-0.492	-3.397	-3.500	-2.645	-1.894	-4.181	-4.406	-3.955	-2.599	-3.760
SyringaeB728a_mexBdelta	Psyr_4793	Psyr_4793		transcriptional regulator, ArsR family	0.042	-1.628	-1.187	0.046	-0.727	0.707	-1.823	0.147	-0.557	-1.111	0.326	-0.575	-0.383	0.173	-1.102	0.144	-0.191	-1.198	-0.287	-0.410	-0.513	0.109	0.132
SyringaeB728a_mexBdelta	Psyr_4795	Psyr_4795		Lysine exporter protein (LYSE/YGGA)	-1.160	-1.659	-1.703	-1.012	-1.531	0.599	-1.125	-0.476	-2.233	-1.127	-0.335	-2.131	0.136	1.109	-0.727	-1.649	-1.459	-0.127	-1.094	-0.197	-1.130	-0.239	0.305
SyringaeB728a_mexBdelta	Psyr_4796	Psyr_4796		DNA ligase (NAD+)	-0.074	-0.607	-0.035	-0.895	-0.507	0.089	-0.912	-0.554	-0.584	-0.197	-0.290	-1.074	-0.734	1.558	-0.026	-1.875	0.280	-1.264	0.396	-1.013	-1.272	-0.278	0.290
SyringaeB728a_mexBdelta	Psyr_4797	Psyr_4797		Protein of unknown function DUF1090	1.925	1.942	2.252	2.472	1.094	-0.018	-0.193	1.619	0.954	1.584	-0.093	0.747	-1.594	-0.796	1.449	1.374	1.292	0.442	0.329	-0.134	0.305	-0.502	0.302
SyringaeB728a_mexBdelta	Psyr_4798	Psyr_4798		conserved hypothetical protein	0.007	-1.506	0.966	-0.873	-0.464	1.490	-0.709	0.432	-0.407	1.223	-0.608	-0.476	0.890	0.568	-1.540	-0.223	-0.802	-0.109	-1.488	0.078	0.404	-0.831	-0.109
SyringaeB728a_mexBdelta	Psyr_4799	Psyr_4799		Heavy metal sensor kinase	-0.630	-1.371	0.791	2.130	1.497	0.236	-0.778	1.188	-0.566	0.561	0.192	0.231	0.659	1.036	-1.538	-1.381	-1.348	-1.692	-0.607	-0.791	-1.654	-1.672	-0.205
SyringaeB728a_mexBdelta	Psyr_4800	Psyr_4800		Heavy metal response regulator	1.361	1.552	-0.779	-0.309	-0.973	-0.786	-0.693	-1.570	-0.411	-0.607	-0.405	-0.041	0.505	0.507	-0.195	-1.314	0.624	-3.063	-0.860	0.135	-0.438	-1.824	-1.363
SyringaeB728a_mexBdelta	Psyr_4801	Psyr_4801		Outer membrane efflux protein	0.594	0.574	0.162	-0.161	1.321	-1.243	0.369	-0.470	-0.836	1.537	0.891	0.939	0.797	-0.673	0.438	-0.929	-0.487	-0.291	-1.169	1.279	0.060	0.432	-0.832
SyringaeB728a_mexBdelta	Psyr_4802	Psyr_4802		Secretion protein HlyD	0.299	-0.190	0.583	-0.998	-0.092	0.495	0.400	-0.577	0.539	-0.537	0.682	1.283	0.244	-0.294	0.236	-1.753	1.608	-0.355	-0.019	0.198	-1.027	-0.209	0.024
SyringaeB728a_mexBdelta	Psyr_4803	Psyr_4803		Heavy metal efflux pump CzcA	-0.267	0.926	-0.209	-0.122	0.265	-0.645	-0.029	0.239	0.318	-0.175	0.481	0.184	-0.512	-1.077	-0.239	0.712	-0.192	0.802	0.261	0.318	0.204	0.747	0.685
SyringaeB728a_mexBdelta	Psyr_4804	Psyr_4804		conserved hypothetical protein	1.654	0.756	-1.872	-1.034	-0.418	0.002	0.429	-2.009	0.405	-1.230	-0.511	0.295	0.287	1.007	0.250	0.048	-0.585	-1.047	0.783	-0.128	-0.647	0.098	0.209
SyringaeB728a_mexBdelta	Psyr_4805	Psyr_4805		YD repeat protein	-0.487	-0.163	-1.458	0.151	-0.743	-3.300	-0.410	-1.074	-0.364	-0.100	-1.020	-0.632	1.564	-0.132	-0.881	-0.679	-0.923	-0.206	-0.593	-0.041	-1.083	-0.499	-0.938
SyringaeB728a_mexBdelta	Psyr_4806	Psyr_4806		hypothetical protein	-1.464	-0.020	-1.107	-0.197	-2.178	-1.579	-0.807	-1.041	0.444	-1.495	-1.943	-0.263	0.187	-1.749	-0.532	-1.177	-0.259	0.627	-1.417	0.475	-0.356	0.645	-0.658
SyringaeB728a_mexBdelta	Psyr_4807	Psyr_4807		outer membrane porin	0.099	-0.396	-1.056	-0.607	-1.279	-0.451	-0.911	0.457	-0.929	-0.383	-0.336	-0.811	0.293	0.063	-1.755	0.124	-1.262	-0.482	-1.279	-0.640	-1.207	-1.204	-0.844
SyringaeB728a_mexBdelta	Psyr_4808	Psyr_4808		conserved hypothetical protein	0.616	-0.752	1.695	1.000	1.323	2.978	0.898	1.642	0.293	-1.380	-0.842	0.483	-0.311	-0.213	-3.447	-2.364	-1.839	-1.479	-1.705	-0.738	-1.613	-0.502	-1.710
SyringaeB728a_mexBdelta	Psyr_4809	Psyr_4809		conserved hypothetical protein	-0.723	0.467	0.456	0.209	1.207	3.023	-0.335	1.870	-1.147	0.204	1.712	0.096	1.546	1.759	-1.695	-1.331	-2.212	-0.591	-0.775	1.250	-0.669	-1.002	1.020
SyringaeB728a_mexBdelta	Psyr_4810	Psyr_4810		sodium/proton antiporter, CPA1 family	0.789	1.460	0.475	0.222	1.374	1.633	1.434	1.746	1.651	0.534	1.047	2.227	0.650	1.148	-1.160	-2.455	-0.666	-0.924	-1.641	-1.028	-3.374	-2.304	-1.675
SyringaeB728a_mexBdelta	Psyr_4811	Psyr_4811		transcriptional regulator, AraC family	-0.645	-0.451	-2.391	-0.580	-0.855	-0.133	-0.140	-0.099	-1.313	-0.827	-0.110	-0.139	-1.306	-1.395	-2.179	-1.104	-0.131	-0.578	-0.869	-0.046	-1.231	-0.886	-0.536
SyringaeB728a_mexBdelta	Psyr_4812	Psyr_4812		sorbitol-binding protein / mannitol-binding protein	-0.233	0.589	-0.071	0.209	-0.753	-0.660	-0.461	-0.798	0.029	-0.186	-0.045	-0.682	0.944	0.079	-0.738	0.298	0.190	0.550	0.025	0.359	0.201	0.220	0.200
SyringaeB728a_mexBdelta	Psyr_4813	Psyr_4813		Short-chain dehydrogenase/reductase SDR	0.036	-0.945	0.622	-1.399	-2.008	0.058	-2.122	-1.020	-1.383	-1.811	-0.596	-2.484	-0.020	-1.503	1.041	0.195	1.416	-0.410	-0.534	1.106	-0.652	0.666	0.762
SyringaeB728a_mexBdelta	Psyr_4814	Psyr_4814		transcriptional regulator, DeoR family	-1.827	-1.510	0.073	-1.205	0.547	0.722	-0.105	0.103	-0.938	-2.017	-2.422	-2.746	0.123	-0.260	-1.131	-0.971	0.998	-1.667	-0.686	-2.230	-1.018	-1.812	-0.313
SyringaeB728a_mexBdelta	Psyr_4818	Psyr_4818		chorismate mutase	-1.239	-1.035	-1.697	-1.000	-0.192	-0.317	0.140	-1.177	-0.575	0.848	-0.477	0.283	-0.709	-1.712	0.428	1.429	1.836	1.074	1.012	1.139	2.396	2.010	0.493
SyringaeB728a_mexBdelta	Psyr_4819	Psyr_4819		conserved hypothetical protein	0.521	-0.218	-6.903	0.093	-9.575	-2.082	-3.324	-12.156	-0.593	0.277	0.512	-0.667	-2.479	0.001	-0.224	-0.213	-0.889	-0.800	-0.045	-0.594	-1.033	-0.207	-0.530
SyringaeB728a_mexBdelta	Psyr_4820	Psyr_4820		conserved hypothetical protein	0.337	-0.857	-0.619	-0.837	-0.110	1.446	-0.047	0.712	-1.212	0.181	-0.600	-0.167	1.093	2.091	-0.357	-0.396	0.689	-0.278	0.826	-0.066	0.007	0.932	0.844
SyringaeB728a_mexBdelta	Psyr_4821	Psyr_4821		PAS/PAC sensor signal transduction histidine kinase	0.111	-0.484	-1.373	-1.530	-0.588	1.580	-0.222	-3.158	-0.308	-0.376	0.255	-1.055	-1.200	-0.357	-2.494	0.243	0.111	-2.518	-2.255	-0.119	-0.830	-0.011	0.532
SyringaeB728a_mexBdelta	Psyr_4823	Psyr_4823		Aldo/keto reductase	-0.120	-0.269	-0.574	-1.199	0.025	-0.893	-0.651	-1.389	-1.752	-0.871	-1.490	0.015	0.260	1.046	-0.082	-0.618	0.547	0.080	-0.827	-0.897	-0.533	-0.113	-0.323
SyringaeB728a_mexBdelta	Psyr_4824	Psyr_4824		ABC transporter, substrate-binding protein, aliphatic sulfonate	-0.514	0.143	0.525	-0.353	0.213	-0.077	0.095	0.308	-0.353	-0.279	-0.178	-0.712	0.393	1.252	0.010	-1.329	-1.986	-0.480	-0.541	-0.828	-1.241	-0.855	-0.282
SyringaeB728a_mexBdelta	Psyr_4825	Psyr_4825		xenobiotic compound monooxygenase, DszA family, A subunit	-0.233	-1.185	-0.330	0.180	-0.883	-0.668	-0.026	-0.457	-1.221	-1.705	-0.151	-0.123	-0.085	0.873	1.509	0.716	-0.174	0.339	0.602	1.336	0.900	0.257	0.898
SyringaeB728a_mexBdelta	Psyr_4826	Psyr_4826		TonB-dependent receptor:TonB box, N-terminal	-0.094	0.208	-1.131	0.423	-0.248	-0.315	-0.629	0.226	0.515	-0.112	0.776	-0.192	-0.180	-0.447	-0.095	-0.130	-0.620	0.368	-0.330	0.279	0.383	-0.158	0.155
SyringaeB728a_mexBdelta	Psyr_4827	Psyr_4827		BCCT transporter	0.001	0.333	0.739	0.395	0.638	0.043	1.072	0.740	0.269	0.500	1.374	1.358	0.613	0.228	-1.231	-0.570	-0.746	-0.828	0.090	-0.322	-1.039	-1.088	-1.588
SyringaeB728a_mexBdelta	Psyr_4828	Psyr_4828		urocanate hydratase	0.925	0.128	-0.353	-0.183	0.179	-1.256	0.549	-0.690	-0.003	-0.576	1.200	0.247	0.679	0.230	-1.005	-0.304	-0.887	-0.955	-0.488	-0.896	-0.507	-0.860	-0.992
SyringaeB728a_mexBdelta	Psyr_4829	Psyr_4829		Substrate-binding region of ABC-type glycine betaine transport system	-1.188	-0.594	-1.692	-1.626	0.370	-0.937	-1.268	-1.517	-0.931	-1.735	-1.592	-0.818	0.253	1.337	-1.503	-1.157	-0.205	-1.100	-1.136	-0.348	-0.036	-0.945	-0.640
SyringaeB728a_mexBdelta	Psyr_4830	Psyr_4830		Binding-protein-dependent transport systems inner membrane component	-0.843	0.222	0.742	-1.050	1.180	-0.048	-1.097	-0.593	1.124	-0.773	1.279	-0.366	-2.032	-1.195	0.925	-0.132	1.177	-0.730	0.424	-1.069	0.678	-0.135	-1.280
SyringaeB728a_mexBdelta	Psyr_4831	Psyr_4831		ABC transporter	-0.485	-1.036	-0.861	-1.474	-1.270	-0.329	0.038	-3.030	-0.672	0.161	-1.459	-0.727	-0.129	-1.250	-0.214	0.654	1.328	-0.517	-0.146	0.608	0.181	0.019	-0.339
SyringaeB728a_mexBdelta	Psyr_4832	Psyr_4832		histidine ammonia-lyase	-1.137	-0.170	-0.014	-2.380	-0.615	0.785	-0.035	-1.690	-0.448	-1.127	-1.122	0.047	-1.406	-1.698	1.048	-0.007	-1.267	-1.188	0.605	0.380	-0.392	1.042	0.207
SyringaeB728a_mexBdelta	Psyr_4833	Psyr_4833		histidine ammonia-lyase	-0.047	-0.973	0.771	1.633	-0.686	0.628	0.953	-1.192	1.046	-1.421	-1.278	0.259	-1.208	-1.831	-0.228	1.775	-0.602	-1.351	-0.556	-0.887	-0.646	-0.444	0.093
SyringaeB728a_mexBdelta	Psyr_4834	Psyr_4834		histidine:proton symporter, AAT family	0.279	-1.208	1.051	-1.234	-0.550	1.932	-0.910	1.311	-0.825	-0.927	-3.709	0.343	-0.367	-2.399	-0.331	-1.014	-0.927	-1.963	-0.144	-1.409	-0.644	-0.358	-2.640
SyringaeB728a_mexBdelta	Psyr_4835	Psyr_4835		imidazolonepropionase	0.008	0.536	0.562	0.617	0.673	0.775	1.567	0.557	-0.025	0.682	-1.983	-0.569	0.906	1.459	1.691	0.323	1.342	0.823	0.994	1.232	0.445	0.447	0.359
SyringaeB728a_mexBdelta	Psyr_4836	Psyr_4836		N-formylglutamate deformylase	-1.393	0.775	1.033	0.435	0.947	0.427	-0.602	1.007	0.319	0.168	-0.331	-1.131	0.450	0.448	-0.046	0.072	0.418	-0.320	-0.484	-0.221	0.785	0.272	-1.435
SyringaeB728a_mexBdelta	Psyr_4837	Psyr_4837		Heavy metal-(Cd/Co/Hg/Pb/Zn)-translocating P-type ATPase:Heavy metal translocating P-type ATPase	-1.237	-0.238	-1.162	-0.846	-1.079	1.006	-0.161	-0.941	-0.508	-0.345	0.110	0.394	-0.761	-0.769	-0.797	-0.803	-0.662	-1.493	0.562	-0.032	-1.397	-0.681	-0.685
SyringaeB728a_mexBdelta	Psyr_4838	Psyr_4838		transcriptional regulator, MerR family	1.029	-1.308	0.770	1.137	1.140	-0.834	0.417	0.437	0.492	1.025	1.657	-0.748	0.644	-0.020	0.065	0.383	0.625	0.820	0.773	0.171	0.768	-0.194	0.659
SyringaeB728a_mexBdelta	Psyr_4839	Psyr_4839		hypothetical protein	-0.227	0.049	-1.002	-0.010	-1.428	-1.661	-1.288	-0.627	-0.343	0.339	-1.176	0.652	0.135	-0.348	-0.376	0.853	0.459	1.119	0.516	1.114	0.512	0.415	-0.797
SyringaeB728a_mexBdelta	Psyr_4842	Psyr_4842		Phosphoenolpyruvate-protein phosphotransferase	0.415	-1.348	-0.040	-0.749	1.755	4.903	1.710	-2.533	-4.393	-3.071	0.898	-2.023	1.402	9.400	-2.669	-0.851	-5.344	-2.240	-3.403	-2.851	-1.184	-0.641	-1.093
SyringaeB728a_mexBdelta	Psyr_4843	Psyr_4843		NUDIX hydrolase	-1.075	-1.978	-2.592	-1.756	4.520	4.875	-3.674	-6.963	2.333	-1.305	-2.016	-3.107	-1.410	2.845	-3.324	-2.264	-2.282	-4.477	-4.084	-0.520	-1.909	-1.765	-2.778
SyringaeB728a_mexBdelta	Psyr_4844	Psyr_4844		HAD-superfamily hydrolase, subfamily IB (PSPase-like):HAD-superfamily subfamily IB hydrolase, hypothetical 2	-1.020	0.288	-1.203	-1.007	0.442	1.542	-1.255	-1.559	-0.152	-0.250	-0.774	-0.609	1.904	4.586	-1.204	-1.206	-0.197	-1.323	-0.988	0.233	0.413	-0.085	0.136
SyringaeB728a_mexBdelta	Psyr_4845	Psyr_4845		conserved hypothetical protein	-1.214	0.862	-0.891	-1.997	-1.695	-0.182	-0.300	1.054	0.485	-1.442	-0.061	0.017	0.038	0.152	-0.781	-0.484	-0.635	2.807	-0.975	-0.580	-0.931	0.441	-1.087
SyringaeB728a_mexBdelta	Psyr_4846	Psyr_4846		L-threonine ammonia-lyase	-0.779	-1.159	-0.920	-1.651	-0.934	-0.654	-0.341	-2.709	-0.013	-1.523	-0.636	-1.232	-0.863	-1.037	0.942	0.402	0.984	0.305	0.211	-0.111	0.187	0.287	1.339
SyringaeB728a_mexBdelta	Psyr_4848	Psyr_4848		SdiA-regulated	1.568	1.169	-0.407	1.669	0.647	-0.163	0.388	0.894	0.130	0.319	-0.071	-0.392	0.884	2.554	-0.791	0.961	0.466	0.548	-0.072	0.992	0.386	-1.299	0.876
SyringaeB728a_mexBdelta	Psyr_4849	Psyr_4849		SdiA-regulated	0.417	1.152	-0.610	0.285	-0.278	-1.567	0.165	0.485	-0.177	-0.238	-0.915	0.312	0.302	-1.683	0.118	-0.122	-0.788	-0.501	-1.165	-0.079	0.264	-0.835	-0.834
SyringaeB728a_mexBdelta	Psyr_4850	Psyr_4850		Fumarylacetoacetate (FAA) hydrolase	-0.614	0.817	-1.171	-0.477	0.467	-0.153	0.441	0.622	0.046	0.569	-1.320	-0.826	-0.075	-1.676	-0.007	0.519	0.783	1.933	1.102	0.864	1.510	1.087	2.270
SyringaeB728a_mexBdelta	Psyr_4851	Psyr_4851		FAD linked oxidase, C-terminal:FAD linked oxidase, N-terminal	0.217	-0.355	-1.395	-1.188	-0.123	-1.239	0.044	-2.327	-0.025	-0.770	-0.736	-0.590	1.395	-0.209	-0.854	-0.509	-1.347	-1.113	-0.649	-0.544	-1.502	-0.432	-1.242
SyringaeB728a_mexBdelta	Psyr_4852	Psyr_4852		D-3-phosphoglycerate dehydrogenase	0.233	-0.164	-0.589	-0.550	-0.027	-0.935	0.943	-0.764	-0.496	-0.547	-0.050	-0.360	-0.968	-0.555	-0.125	-0.845	-0.963	1.577	0.125	0.682	-0.592	-0.167	-0.564
SyringaeB728a_mexBdelta	Psyr_4853	Psyr_4853		conserved hypothetical protein	-0.158	-0.159	-1.440	-1.303	-1.121	-1.661	1.068	-0.549	-1.270	0.416	-1.287	-0.840	0.103	1.731	1.132	1.321	0.371	1.142	-1.412	0.585	0.238	0.237	-0.821
SyringaeB728a_mexBdelta	Psyr_4854	Psyr_4854		2OG-Fe(II) oxygenase superfamily	-1.768	-0.068	-0.290	-0.256	-0.264	0.056	1.012	-0.538	-0.413	-0.635	0.372	0.646	0.241	0.677	-0.842	0.811	0.303	-0.282	-0.301	0.950	0.459	0.153	0.476
SyringaeB728a_mexBdelta	Psyr_4855	Psyr_4855		conserved hypothetical protein	-0.710	-0.134	-3.403	-0.184	-2.391	3.514	-1.170	0.440	-1.171	0.234	-0.631	-0.064	-0.402	-0.849	-0.068	0.718	0.381	-0.673	-0.092	-0.957	-0.232	-0.684	2.130
SyringaeB728a_mexBdelta	Psyr_4856	Psyr_4856		conserved hypothetical protein	-0.804	0.518	0.603	-1.612	0.594	-0.192	0.300	-0.659	-1.102	-1.593	-2.851	-1.446	0.462	-0.110	0.991	1.218	1.733	1.322	0.047	1.409	1.466	1.421	1.426
SyringaeB728a_mexBdelta	Psyr_4857	Psyr_4857		conserved hypothetical protein	-0.475	-2.619	-0.935	0.197	-0.263	0.314	-0.534	-0.709	-1.370	0.114	-0.547	0.529	-0.550	0.742	-0.028	0.552	-0.484	-0.770	-0.636	0.456	-0.259	-0.087	-1.048
SyringaeB728a_mexBdelta	Psyr_4858	Psyr_4858		Penicillin amidase	0.494	-0.073	-1.034	0.192	0.500	1.080	0.079	-0.162	0.068	0.284	-0.482	0.311	-0.585	-0.994	0.071	-0.327	-0.281	-0.117	-0.199	-0.152	-0.047	0.203	-0.147
SyringaeB728a_mexBdelta	Psyr_4861	Psyr_4861		Binding-protein-dependent transport systems inner membrane component	-0.745	0.598	-1.015	-1.088	0.089	-1.259	-1.416	-0.962	-1.644	-1.001	-0.178	-0.682	0.504	-0.677	1.055	0.300	0.268	0.816	-1.371	-0.471	0.299	-0.151	-0.496
SyringaeB728a_mexBdelta	Psyr_4862	Psyr_4862		Binding-protein-dependent transport systems inner membrane component	0.107	0.054	-1.670	-0.817	-0.262	0.143	-1.085	-1.836	-1.338	-2.310	-0.074	-0.032	0.775	-1.102	0.163	-1.025	0.355	0.011	1.596	0.750	0.491	0.330	-0.845
SyringaeB728a_mexBdelta	Psyr_4863	Psyr_4863		Spermidine/putrescine ABC transporter ATP-binding subunit	0.677	1.482	-0.272	0.641	0.258	-2.447	0.441	-1.984	-0.278	0.786	0.106	0.549	-0.799	-3.460	-0.523	-0.191	-0.633	0.235	-0.119	0.594	-0.967	0.091	-1.113
SyringaeB728a_mexBdelta	Psyr_4864	Psyr_4864		extracellular solute-binding protein, family 1	0.148	0.359	-0.106	-0.454	-0.212	1.824	0.833	-0.507	-0.212	-0.265	-0.862	0.491	1.265	-0.277	0.296	-0.214	-0.080	-0.030	-0.999	0.361	-1.026	-0.919	-0.063
SyringaeB728a_mexBdelta	Psyr_4865	Psyr_4865		extracellular solute-binding protein, family 1	-0.751	-0.260	-1.195	0.101	-0.627	0.825	0.228	-0.227	0.513	-0.627	-1.236	-1.110	0.764	-0.610	-0.684	0.072	0.166	0.411	0.531	0.013	0.034	0.349	-0.256
SyringaeB728a_mexBdelta	Psyr_4866	Psyr_4866		Aminotransferase class-III	1.543	1.406	1.514	-0.524	-1.475	2.014	1.863	1.437	1.759	0.960	0.318	0.627	-0.554	1.649	-0.851	-1.050	-0.864	-0.659	-0.058	-0.902	0.314	-0.813	-0.008
SyringaeB728a_mexBdelta	Psyr_4867	Psyr_4867		L-glutamine synthetase	-0.160	1.415	-1.016	0.219	0.053	1.977	-1.371	2.974	2.338	-0.492	0.064	-0.237	-2.826	3.444	-0.864	-0.772	-1.290	-0.230	-2.225	-1.735	-0.570	-0.641	-0.774
SyringaeB728a_mexBdelta	Psyr_4868	Psyr_4868		glutamate--putrescine ligase	-1.235	-0.176	0.776	-0.066	-0.960	2.300	0.578	0.040	0.072	1.664	0.679	0.203	0.363	1.891	-0.169	0.000	0.250	0.891	0.117	0.659	-0.639	0.576	0.201
SyringaeB728a_mexBdelta	Psyr_4869	Psyr_4869		transcriptional regulator, TetR family	0.171	0.997	-0.121	-1.403	-0.040	1.046	0.680	1.215	1.033	-1.528	-1.043	-0.097	-0.054	1.748	0.328	0.299	-1.465	-0.749	-0.799	0.089	0.036	0.283	-0.699
SyringaeB728a_mexBdelta	Psyr_4870	Psyr_4870		hypothetical protein	-2.607	-0.793	-2.085	-0.927	-1.247	-3.902	-0.533	-1.892	-0.753	-1.232	-1.446	-2.679	-1.352	-4.585	-1.476	-1.343	-1.878	-1.938	-2.044	-2.097	-1.802	-1.530	-1.509
SyringaeB728a_mexBdelta	Psyr_4871	Psyr_4871		hypothetical protein	-0.212	-0.538	-1.123	1.084	-0.186	-2.305	-0.697	-1.333	-0.057	0.174	-0.938	0.112	-0.540	-2.322	-0.350	0.601	-0.086	0.048	0.813	-0.238	-1.583	-0.283	-0.685
SyringaeB728a_mexBdelta	Psyr_4872	Psyr_4872		conserved hypothetical protein	-1.132	-0.292	-1.602	-0.282	-0.492	-2.783	-0.814	-1.745	-1.181	-0.476	-0.972	-1.039	-1.493	-2.383	-0.739	-0.380	-1.658	-0.513	-1.399	-1.339	-0.602	-0.888	-1.252
SyringaeB728a_mexBdelta	Psyr_4873	Psyr_4873		Molybdenum-pterin binding protein	-0.002	1.648	0.153	0.114	1.234	3.256	0.333	1.196	0.434	0.667	1.576	0.857	-0.537	0.444	0.722	-0.286	-0.093	-0.091	0.293	0.636	0.000	0.231	-0.130
SyringaeB728a_mexBdelta	Psyr_4874	Psyr_4874		ABC transporter	-0.262	0.046	0.295	-1.703	-0.176	1.668	0.553	-0.990	0.139	-0.202	1.175	-0.425	-0.569	2.574	-0.526	-0.557	-0.757	-1.379	-0.294	-0.693	-1.536	-0.701	-0.535
SyringaeB728a_mexBdelta	Psyr_4875	Psyr_4875		Binding-protein-dependent transport systems inner membrane component	1.127	1.346	1.223	0.413	1.041	0.182	-0.310	-0.714	0.960	-0.167	-0.654	0.952	-0.308	-0.374	0.106	1.037	0.623	0.124	0.981	0.159	0.773	-0.567	-0.210
SyringaeB728a_mexBdelta	Psyr_4876	Psyr_4876		ABC transporter, substrate-binding protein, aliphatic sulfonate	0.589	0.865	-0.288	0.655	-0.120	0.343	0.867	-0.222	-0.115	0.283	0.007	0.507	-1.169	-0.702	-0.790	0.236	-1.609	-0.436	-0.411	-0.428	-1.647	-1.261	-1.280
SyringaeB728a_mexBdelta	Psyr_4877	Psyr_4877		1-Cys peroxiredoxin	0.437	-0.184	0.340	0.417	0.367	2.112	-0.655	0.906	0.754	0.451	1.108	0.569	1.762	3.047	0.677	0.145	0.705	-0.376	-0.573	0.649	-0.893	-0.933	0.235
SyringaeB728a_mexBdelta	Psyr_4878	Psyr_4878		outer membrane porin	-1.460	0.396	3.445	-0.705	2.245	8.771	0.786	3.386	-0.293	-0.763	1.123	-1.357	0.885	0.579	-1.536	-0.210	0.884	-0.331	0.674	0.764	-0.628	-0.590	-2.950
SyringaeB728a_mexBdelta	Psyr_4879	Psyr_4879		hypothetical protein	-0.277	-1.118	0.246	-0.608	-1.003	0.162	-1.347	-0.233	-0.446	-2.925	-1.507	0.415	-0.525	-1.757	-1.587	-1.449	-0.215	0.634	0.345	0.872	-0.199	-0.260	0.758
SyringaeB728a_mexBdelta	Psyr_4880	Psyr_4880		conserved hypothetical protein	0.463	-0.342	0.697	0.538	2.004	1.622	-0.700	0.534	0.406	-1.009	0.898	0.370	1.205	-1.644	0.310	-0.005	-0.428	-1.638	-1.333	1.132	-0.832	0.335	-0.382
SyringaeB728a_mexBdelta	Psyr_4881	Psyr_4881		RNA methyltransferase TrmH, group 2	-0.089	1.975	0.877	0.661	0.711	0.914	0.701	0.108	1.496	0.026	1.561	0.411	-0.032	-0.085	-0.123	-0.860	0.419	-1.344	-0.766	-0.233	-0.290	-0.524	0.291
SyringaeB728a_mexBdelta	Psyr_4882	Psyr_4882		protein translocase subunit secB	-4.112	-2.899	2.917	-3.891	-0.338	12.664	1.371	1.550	0.827	-4.244	-3.457	-1.463	0.099	1.822	-4.012	-5.812	-0.111	-2.566	-2.004	-0.576	-5.721	-4.334	-11.936
SyringaeB728a_mexBdelta	Psyr_4883	Psyr_4883		Glutaredoxin	-1.392	-0.538	1.057	-1.251	-0.945	0.989	1.213	0.374	0.383	-0.775	-1.146	-0.850	0.506	1.935	-1.944	-1.370	-0.843	-1.436	-0.964	-0.299	-1.631	-0.895	-2.671
SyringaeB728a_mexBdelta	Psyr_4884	Psyr_4884		Rhodanese-like protein	-2.998	-2.167	-5.652	-3.877	-5.317	0.007	-2.940	-4.679	0.231	-2.320	-5.369	-3.494	-3.213	0.987	-4.567	-4.897	-3.273	-3.672	-3.271	-4.297	-4.612	-4.048	-3.453
SyringaeB728a_mexBdelta	Psyr_4886	Psyr_4886		Peptidase M23B	-0.574	-0.939	-4.549	-1.187	-1.272	-3.158	-2.302	-4.714	4.095	-0.945	-0.548	-0.323	-1.711	1.049	-0.843	-1.953	-2.100	-0.499	-1.081	0.521	-2.051	-1.068	-1.111
SyringaeB728a_mexBdelta	Psyr_4887	Psyr_4887		Peptidase S41A, C-terminal protease	-2.194	-3.116	-5.935	-2.291	-3.890	-2.443	-4.043	-9.786	-8.468	-4.041	-4.275	-1.664	-4.040	-6.963	-3.736	-4.490	-2.467	-5.281	-4.141	-5.316	-4.419	-2.660	-4.397
SyringaeB728a_mexBdelta	Psyr_4888	Psyr_4888		Protein of unknown function DUF610	-1.267	-1.501	-0.499	1.240	0.901	-2.041	-0.202	-0.297	0.656	0.029	-0.410	-0.391	-0.487	1.247	0.664	1.911	-0.528	-0.279	0.565	0.390	-0.681	0.595	0.126
SyringaeB728a_mexBdelta	Psyr_4889	Psyr_4889		conserved hypothetical protein	-0.840	-0.717	-1.370	-0.493	-0.325	-2.389	-0.371	-1.103	-0.498	-0.134	-1.042	-0.550	0.691	-0.841	-0.843	-0.142	-0.766	-0.352	-1.013	-0.749	-0.516	-1.371	-0.164
SyringaeB728a_mexBdelta	Psyr_4890	Psyr_4890		Peptidase S1, chymotrypsin	0.128	0.475	-0.548	0.607	-0.129	-0.232	-0.380	-0.042	-0.926	0.083	-0.350	0.683	0.363	0.077	0.102	-1.325	-0.502	-1.109	-0.970	-0.039	-0.116	-1.177	-0.638
SyringaeB728a_mexBdelta	Psyr_4891	Psyr_4891		amino acid ABC transporter substrate-binding protein, PAAT family	-1.535	-0.366	-0.309	-0.398	-0.756	0.057	-1.677	-1.421	-0.558	-0.880	-1.009	-0.687	-1.401	-0.561	-1.077	-1.368	-0.460	-0.641	-0.672	0.080	0.405	-0.749	-0.752
SyringaeB728a_mexBdelta	Psyr_4892	Psyr_4892		trypsin domain protein	-0.206	-0.793	-0.505	-0.436	-0.518	-2.857	0.159	-1.720	0.120	0.230	-0.881	-0.285	0.348	-1.213	-1.232	-1.585	-0.736	-1.106	-1.194	-0.644	-1.420	-0.575	-0.229
SyringaeB728a_mexBdelta	Psyr_4894	Psyr_4894		1-(5-phosphoribosyl)-5-[(5- phosphoribosylamino)methylideneamino] imidazole-4-carboxamide isomerase	0.768	-0.808	0.905	-2.144	-0.063	-0.620	-0.413	-1.232	0.911	0.178	-0.215	-0.855	-0.599	-0.738	-1.060	-0.535	-0.366	-0.498	-1.086	-0.475	-1.056	0.393	1.838
SyringaeB728a_mexBdelta	Psyr_4895	Psyr_4895		conserved hypothetical protein	-0.980	-2.293	-2.367	-1.338	0.257	-1.338	-0.695	-1.732	0.851	-1.843	-1.121	-2.005	0.948	1.110	-0.529	-0.010	0.297	-0.061	-0.443	0.032	0.457	0.762	0.257
SyringaeB728a_mexBdelta	Psyr_4896	Psyr_4896		imidazole glycerol phosphate synthase subunit hisH	-2.141	-0.187	-2.533	-0.991	-1.898	-1.332	-2.296	-2.587	-0.364	-1.341	-1.089	-2.565	0.407	0.836	0.399	-0.541	-0.707	0.641	-0.914	-0.084	-0.577	-0.832	-1.108
SyringaeB728a_mexBdelta	Psyr_4897	Psyr_4897		imidazoleglycerol-phosphate dehydratase	0.520	0.459	-0.744	-0.525	-1.087	-0.152	-1.326	0.456	-0.228	-0.608	0.516	-0.123	0.802	0.841	-0.392	-1.324	-0.331	-0.564	-2.598	-1.778	-1.474	0.009	-0.488
SyringaeB728a_mexBdelta	Psyr_4898	Psyr_4898		aromatic amino acid aminotransferase apoenzyme	-0.027	-0.480	1.569	0.360	1.773	1.504	0.979	0.297	2.547	-0.586	0.938	1.517	2.348	1.769	0.358	-0.598	0.551	-0.530	-0.482	0.131	0.164	-1.417	-1.802
SyringaeB728a_mexBdelta	Psyr_4899	Psyr_4899		Major facilitator superfamily	-0.817	-0.581	1.549	0.026	0.428	3.981	0.565	0.255	-0.866	-0.910	1.173	-0.146	-1.608	-0.044	-1.485	-1.243	-0.023	0.162	-0.028	0.109	-1.194	-1.621	-0.852
SyringaeB728a_mexBdelta	Psyr_4900	Psyr_4900		AsmA	0.294	0.646	-1.458	0.619	-2.050	1.674	-1.576	-0.334	-0.822	0.111	-0.829	-0.508	0.749	0.897	-0.185	1.980	-0.198	-0.451	-0.318	-0.397	-0.657	-0.725	-0.328
SyringaeB728a_mexBdelta	Psyr_4901	Psyr_4901		A/G-specific DNA-adenine glycosylase	1.031	-0.229	-0.353	-0.120	0.450	1.435	1.267	0.753	0.620	1.648	1.336	1.177	-1.491	-0.367	0.003	0.529	0.722	-0.170	0.020	0.993	-0.543	-0.506	0.178
SyringaeB728a_mexBdelta	Psyr_4902	Psyr_4902		Protein of unknown function DUF495	1.303	1.936	1.994	1.451	1.540	-0.729	0.237	0.184	0.433	0.016	1.673	2.654	-1.243	0.627	1.130	-0.961	1.346	1.491	0.073	-0.851	-1.884	0.749	0.226
SyringaeB728a_mexBdelta	Psyr_4903	Psyr_4903		hypothetical protein	-1.092	-1.679	-2.293	-1.165	-0.600	-2.271	-0.646	-1.618	-0.499	-0.732	-1.840	-0.609	-1.397	-1.789	-0.843	-1.465	-0.872	-0.616	-1.471	-0.849	-0.830	-1.984	-1.283
SyringaeB728a_mexBdelta	Psyr_4904	Psyr_4904		hypothetical protein	-0.342	-0.313	-1.633	-1.714	0.033	-2.992	0.091	-1.222	-1.196	-1.746	0.004	-1.240	-2.149	0.317	-1.480	-1.029	-1.104	0.382	0.232	0.481	-0.291	0.019	0.919
SyringaeB728a_mexBdelta	Psyr_4905	Psyr_4905		conserved hypothetical protein	-0.540	-0.243	0.049	-1.801	-0.589	-0.989	-2.584	-2.239	0.896	-1.401	-2.198	-1.174	-2.225	-1.036	-0.979	-0.509	0.307	-0.447	0.071	-0.466	-2.545	-0.158	-0.064
SyringaeB728a_mexBdelta	Psyr_4907	Psyr_4907		PAS	0.387	0.774	-0.760	0.227	-0.041	-0.905	-0.164	-0.013	0.193	0.316	0.553	-0.471	0.161	-0.154	-0.003	-1.370	-1.364	-0.714	-1.220	-0.432	-1.240	-0.753	-0.684
SyringaeB728a_mexBdelta	Psyr_4908	Psyr_4908		conserved hypothetical protein	0.023	0.083	-0.544	-0.481	1.016	2.191	1.410	1.400	0.933	-0.254	1.537	0.561	-0.168	-0.481	-0.825	-0.482	-0.212	-0.486	-1.351	-1.490	-0.628	-2.316	-0.399
SyringaeB728a_mexBdelta	Psyr_4909	Psyr_4909		gamma-aminobutyrate:proton symporter, AAT family	-0.843	-0.905	-2.258	-2.101	-2.888	0.830	-1.659	-2.324	-1.386	-1.547	-1.788	-0.445	0.858	1.023	0.131	0.006	-0.552	-0.116	-0.315	-0.088	-0.403	0.201	1.104
SyringaeB728a_mexBdelta	Psyr_4910	Psyr_4910		hypothetical protein	2.091	0.556	0.135	-1.455	-2.094	2.412	-0.451	0.230	0.397	0.831	0.275	1.651	-0.197	-0.221	-0.712	1.117	0.320	1.695	0.858	-0.535	0.831	0.334	-0.094
SyringaeB728a_mexBdelta	Psyr_4911	Psyr_4911		amino acid ABC transporter ATP-binding protein, PAAT family	0.236	0.448	-0.943	-1.042	0.164	-0.398	0.595	-0.274	-0.255	-0.746	-1.203	0.532	-1.874	-1.291	-0.010	0.689	0.314	-0.230	0.909	0.597	-0.475	0.324	-0.230
SyringaeB728a_mexBdelta	Psyr_4912	Psyr_4912		amino acid ABC transporter substrate-binding protein, PAAT family	0.072	-0.525	0.057	-0.332	-0.376	1.016	-0.841	-0.952	-0.732	-0.824	-0.864	-1.605	-1.235	0.060	-0.024	-0.638	-0.656	-1.260	0.041	0.080	-1.980	-0.614	-0.480
SyringaeB728a_mexBdelta	Psyr_4913	Psyr_4913		amino acid ABC transporter membrane protein 1, PAAT family	0.355	-0.438	-1.087	0.429	0.422	1.630	1.677	-0.749	-0.540	-0.306	-1.751	-1.055	1.738	2.802	-0.316	0.565	0.048	0.205	1.115	0.095	-0.335	0.071	0.179
SyringaeB728a_mexBdelta	Psyr_4914	Psyr_4914		amino acid ABC transporter membrane protein 2, PAAT family	-0.345	0.446	0.070	-0.947	-0.752	-0.911	1.268	0.230	-0.390	-1.328	-0.724	-0.432	0.965	0.269	-0.780	-0.596	-0.338	0.027	0.352	-0.718	-0.622	-1.354	-0.529
SyringaeB728a_mexBdelta	Psyr_4915	Psyr_4915		conserved hypothetical protein	-0.391	-1.218	-0.290	-0.747	-2.079	1.478	0.135	-0.319	-0.537	0.508	0.110	0.585	-0.965	0.820	0.713	-0.614	-0.333	-0.040	-0.792	0.296	-0.775	-1.263	0.046
SyringaeB728a_mexBdelta	Psyr_4916	Psyr_4916		conserved hypothetical protein	0.493	0.032	0.509	0.190	-0.287	0.977	0.124	-0.506	0.273	-0.032	0.044	0.635	-0.494	1.710	0.581	-0.051	-0.791	0.321	0.083	-1.030	1.181	-0.535	-0.502
SyringaeB728a_mexBdelta	Psyr_4917	Psyr_4917		Heat shock protein DnaJ, N-terminal	-0.272	0.839	0.013	-0.847	-0.740	-0.715	-0.254	-0.584	-0.168	-0.548	0.334	-0.059	0.390	1.080	0.230	0.310	-0.623	-0.558	-0.454	-0.533	-0.289	-0.424	-0.730
SyringaeB728a_mexBdelta	Psyr_4918	Psyr_4918		hypothetical protein	-0.796	-1.645	0.090	0.058	-0.234	-0.311	0.298	0.438	0.052	-0.430	-1.047	-0.504	-0.818	-0.243	-1.187	-0.680	-1.595	-1.915	-0.366	-2.282	-0.393	-1.130	-1.308
SyringaeB728a_mexBdelta	Psyr_4919	Psyr_4919		type III effector protein AvrPto1	-0.383	0.206	-0.229	-1.181	-0.859	-1.503	-1.670	-0.782	0.666	-0.464	-0.257	0.357	0.633	1.311	-0.037	-0.418	0.834	0.298	0.412	0.310	-0.119	-0.985	-0.062
SyringaeB728a_mexBdelta	Psyr_4920	Psyr_4920		conserved hypothetical bacteriophage protein	-0.433	1.403	-0.766	0.847	-0.270	0.064	-0.191	-1.845	-0.656	0.608	-0.083	-1.159	-1.379	-0.518	0.783	1.479	0.683	1.421	-0.783	1.934	1.640	0.460	-0.413
SyringaeB728a_mexBdelta	Psyr_4921	Psyr_4921		hypothetical protein	-0.718	1.074	0.467	0.962	1.357	0.384	2.435	1.286	0.239	0.989	-0.289	1.132	-0.796	-0.787	0.397	1.267	0.139	0.819	-0.208	0.731	-0.054	-0.045	1.018
SyringaeB728a_mexBdelta	Psyr_4922	Psyr_4922		Short-chain dehydrogenase/reductase SDR	0.561	-1.208	0.297	-0.123	-0.575	0.682	0.498	0.181	-0.219	0.641	0.032	0.156	-0.529	0.961	-1.025	0.110	-0.739	-1.144	-0.367	-0.770	-1.179	-1.007	-1.147
SyringaeB728a_mexBdelta	Psyr_4923	Psyr_4923		transcriptional regulator, LysR family	-2.232	-1.626	-1.344	-2.184	-1.413	-4.350	-0.562	-2.599	-1.017	-1.824	-1.994	-1.011	-0.426	-0.292	-0.473	-0.205	-0.620	-0.454	-0.145	-0.164	-0.407	-0.104	-0.952
SyringaeB728a_mexBdelta	Psyr_4924	Psyr_4924		Protein of unknown function DUF450	-0.621	-0.163	-1.644	-0.519	-0.304	-2.541	-0.514	-0.568	0.179	-1.182	-0.337	-0.802	1.726	-0.400	-1.954	-1.256	-0.468	-0.760	-1.485	-1.121	-0.654	0.035	-1.168
SyringaeB728a_mexBdelta	Psyr_4925	Psyr_4925		conserved hypothetical protein	0.317	-0.230	0.351	0.556	-0.873	-1.198	-1.274	0.109	-0.689	0.983	-0.656	-0.400	0.188	-0.641	-1.221	-1.246	-0.429	-1.405	-2.231	-3.117	-0.782	-0.538	-1.421
SyringaeB728a_mexBdelta	Psyr_4926	Psyr_4926		GCN5-related N-acetyltransferase	0.103	0.300	-0.553	-0.833	-1.396	-1.114	0.274	-1.250	-0.175	-0.006	-0.813	-1.503	1.664	0.468	-1.216	-1.351	-1.130	-0.373	-0.978	-0.993	-1.271	-0.709	-0.925
SyringaeB728a_mexBdelta	Psyr_4927	Psyr_4927		ATP-dependent DNA helicase recG	-0.214	-0.488	-0.903	-1.229	0.149	-3.724	1.334	-1.109	0.288	0.064	-0.446	0.598	-1.143	-2.229	-1.095	-0.649	-0.381	0.073	-1.115	-0.569	-1.631	-0.558	-1.293
SyringaeB728a_mexBdelta	Psyr_4928	Psyr_4928		conserved hypothetical protein	1.481	1.092	-0.320	-0.268	-0.374	-0.984	0.602	0.710	1.025	0.614	0.450	1.023	0.103	-1.154	-1.197	0.454	-1.312	-0.783	-0.063	-1.439	-1.758	-2.255	0.067
SyringaeB728a_mexBdelta	Psyr_4929	Psyr_4929		conserved hypothetical protein	0.106	0.570	0.465	1.708	-0.565	1.947	0.508	0.529	0.486	0.207	-0.040	-0.047	-0.884	-1.058	-0.463	-0.672	-0.900	0.260	-1.366	-0.156	-0.691	0.035	-0.694
SyringaeB728a_mexBdelta	Psyr_4930	Psyr_4930		outer membrane porin	-0.550	0.418	0.248	0.116	0.109	2.072	0.610	0.304	0.122	-0.880	-3.688	0.375	0.304	0.756	-0.211	-1.019	0.147	-0.601	-0.582	0.802	-0.213	0.190	-1.183
SyringaeB728a_mexBdelta	Psyr_4932	Psyr_4932		agmatine deiminase	-1.498	-3.032	-2.119	-2.575	3.559	-3.210	-4.196	-7.458	-0.806	-1.955	-2.156	-1.723	-1.624	-3.637	-1.599	-2.481	-2.419	-0.872	0.032	-0.385	-1.863	-1.496	-2.633
SyringaeB728a_mexBdelta	Psyr_4933	Psyr_4933		Nitrilase/cyanide hydratase and apolipoprotein N-acyltransferase	0.618	0.207	2.095	0.556	4.968	-2.128	-3.123	-4.245	0.467	-0.629	-1.665	-1.558	-1.108	-0.853	-2.125	-1.168	-0.774	-0.424	0.636	-0.483	-2.167	-1.777	-1.296
SyringaeB728a_mexBdelta	Psyr_4934	Psyr_4934		Aminoglycoside phosphotransferase:Aminotransferase class-III	-0.327	-0.348	-0.165	0.165	0.018	1.811	0.083	-0.141	-0.714	0.048	0.382	0.004	0.907	1.951	-0.525	-0.013	0.122	0.200	0.190	0.009	-1.185	-0.371	-0.552
SyringaeB728a_mexBdelta	Psyr_4935	Psyr_4935		dTDP-glucose 4,6-dehydratase	-0.091	-0.186	0.005	-0.865	0.271	1.758	-0.254	0.376	-0.663	-0.311	-0.095	0.977	-0.624	0.201	0.009	0.261	0.032	-0.697	-0.040	-0.726	-1.546	-1.016	-0.328
SyringaeB728a_mexBdelta	Psyr_4937	Psyr_4937		ATP-binding region, ATPase-like:Histidine kinase A, N-terminal	0.549	0.400	-0.428	-0.278	-0.944	2.184	1.422	-0.336	-0.263	-0.217	-0.044	-0.464	-0.100	0.379	-0.032	0.982	-0.362	-0.181	-0.767	-2.308	-0.145	-0.348	-0.506
SyringaeB728a_mexBdelta	Psyr_4938	Psyr_4938		Helix-turn-helix, Fis-type	0.424	-0.127	0.742	-0.210	0.923	3.083	0.829	1.239	-0.124	-0.374	0.671	-0.492	-0.239	0.550	0.466	-0.483	-0.341	-0.832	-0.176	0.546	-0.376	1.253	0.910
SyringaeB728a_mexBdelta	Psyr_4939	Psyr_4939		conserved hypothetical protein	-0.855	0.625	-0.765	-0.428	0.278	-0.597	0.612	-0.974	-1.150	0.595	-0.409	-0.461	-0.201	-0.551	-0.413	-0.792	-1.568	-0.201	-1.107	-1.127	0.178	0.082	-2.300
SyringaeB728a_mexBdelta	Psyr_4941	Psyr_4941		NUDIX hydrolase	-0.394	-0.229	-0.091	0.103	-1.010	0.666	0.032	0.950	-0.445	0.772	0.027	-0.048	-1.534	0.878	-0.360	1.793	-0.642	-0.548	-0.141	0.505	0.942	0.809	0.395
SyringaeB728a_mexBdelta	Psyr_4942	Psyr_4942		HAD-superfamily hydrolase, subfamily IA, variant 3	1.217	-2.030	0.073	0.099	-0.776	-0.416	-0.936	-2.437	-0.044	-1.581	0.618	0.839	0.669	-0.144	0.961	2.348	0.090	-1.159	-0.180	-0.229	1.085	1.042	0.628
SyringaeB728a_mexBdelta	Psyr_4943	Psyr_4943		Peptidoglycan-binding LysM:Transport-associated	0.302	-0.323	-0.271	-0.116	-0.541	-1.091	-2.117	-0.697	0.720	-0.806	0.891	-0.437	1.840	1.718	-0.107	1.454	-0.448	0.317	-1.106	-0.944	0.768	-0.089	-0.421
SyringaeB728a_mexBdelta	Psyr_4944	Psyr_4944		transcriptional regulator, LysR family	0.237	-0.166	1.907	0.867	0.115	2.046	1.695	1.742	-1.031	-1.572	0.481	0.286	1.379	-0.675	-0.115	1.068	1.709	1.012	0.938	0.783	0.594	-0.656	2.522
SyringaeB728a_mexBdelta	Psyr_4945	Psyr_4945		Formate dehydrogenase, subunit FdhD	-0.532	-0.776	0.223	-0.673	0.487	1.031	-1.130	1.562	-1.258	0.418	0.565	-0.839	-0.869	-0.305	0.369	-0.179	1.086	0.677	-0.446	-1.628	0.457	0.135	0.875
SyringaeB728a_mexBdelta	Psyr_4946	Psyr_4946		Oxidoreductase alpha (molybdopterin) subunit	-0.415	-0.721	1.861	-0.621	0.343	5.184	1.268	2.693	-1.275	0.483	0.234	-0.918	1.064	0.496	-0.386	0.564	-0.175	-1.092	-1.421	0.634	-0.549	-0.734	-0.777
SyringaeB728a_mexBdelta	Psyr_4947	Psyr_4947		conserved hypothetical protein	1.431	0.010	0.752	0.738	0.847	4.034	0.820	1.167	-0.816	0.659	0.498	1.058	-0.753	-0.709	0.909	1.410	1.199	0.246	0.901	-0.008	0.329	0.939	1.493
SyringaeB728a_mexBdelta	Psyr_4948	Psyr_4948		ATP-dependent DNA helicase, RecQ-like protein	0.437	1.140	0.275	-1.409	-0.929	1.274	1.379	-0.300	1.228	0.461	0.449	-0.247	-0.042	0.047	0.489	-0.050	-1.723	-1.190	-0.464	0.081	-0.862	-0.110	0.585
SyringaeB728a_mexBdelta	Psyr_4949	Psyr_4949		conserved hypothetical protein	-0.329	0.652	1.396	0.797	0.757	0.667	1.310	-0.267	0.320	0.194	0.416	0.555	0.333	0.474	0.044	0.197	-1.185	0.333	0.249	0.157	-0.754	-0.037	-0.613
SyringaeB728a_mexBdelta	Psyr_4950	Psyr_4950		Peptidase M48, Ste24p	0.203	1.029	-1.392	0.272	-1.011	-0.012	-0.293	-0.495	-0.031	0.399	-0.112	0.263	0.802	1.961	0.117	0.191	-0.153	0.749	-0.858	0.960	0.931	0.057	0.749
SyringaeB728a_mexBdelta	Psyr_4951	Psyr_4951		hypothetical protein	-1.166	-0.241	-1.343	-2.964	-0.461	-1.078	-0.808	-0.662	-0.848	-2.470	-0.813	-0.374	-0.760	-1.092	1.036	0.718	-0.951	-0.470	0.036	-2.130	0.132	0.412	1.322
SyringaeB728a_mexBdelta	Psyr_4952	Psyr_4952		hypothetical protein	-1.060	-1.093	-0.196	-0.949	0.720	0.213	-1.809	-0.529	-0.999	-0.614	-1.140	-0.793	-0.868	-0.900	-0.728	-0.408	-0.994	0.288	0.460	-0.025	-0.199	-0.368	-0.113
SyringaeB728a_mexBdelta	Psyr_4953	Psyr_4953		Uncharacterized conserved protein UCP028301	-0.110	-1.769	0.258	-1.855	0.176	-0.383	-0.755	-0.783	0.792	0.451	-0.657	-0.106	-0.099	-0.880	-0.836	-0.362	0.169	-0.799	0.327	-0.585	-0.315	0.497	-0.860
SyringaeB728a_mexBdelta	Psyr_4954	Psyr_4954		Protein of unknown function DUF877	0.304	-0.163	-0.927	-0.157	-0.111	-1.652	-0.157	0.448	-0.223	0.159	-1.375	0.426	-1.492	-0.078	-0.285	0.134	-0.088	0.036	-1.525	-0.494	-0.975	-0.667	-1.537
SyringaeB728a_mexBdelta	Psyr_4955	Psyr_4955		Protein of unknown function DUF1316	-1.577	-0.222	-0.418	1.012	0.674	0.653	-1.090	1.149	-1.193	-0.321	1.186	1.377	0.869	-0.001	0.380	-0.081	0.103	0.938	0.352	1.402	0.584	0.615	0.639
SyringaeB728a_mexBdelta	Psyr_4956	Psyr_4956		protein of unknown function DUF879	0.195	-0.357	0.569	-0.893	-1.928	0.125	-0.332	-0.460	0.710	0.666	-0.474	0.370	-0.887	-0.243	1.084	0.142	0.398	0.206	0.036	0.054	0.111	-0.295	0.492
SyringaeB728a_mexBdelta	Psyr_4957	Psyr_4957		Protein of unknown function DUF1305	0.060	-0.149	0.596	0.544	0.621	2.236	0.564	-0.256	0.375	-0.196	0.735	0.858	0.468	0.023	0.520	-0.228	-0.433	0.951	0.570	0.567	-0.809	0.544	0.048
SyringaeB728a_mexBdelta	Psyr_4958	Psyr_4958		AAA ATPase, central region:Clp, N terminal:Clp, N terminal	-0.523	-1.382	-0.839	-1.346	-1.313	-0.427	-1.296	0.804	0.412	-0.432	-0.877	-1.540	-0.479	-0.921	1.929	1.418	1.143	2.018	1.148	1.460	0.476	2.617	0.790
SyringaeB728a_mexBdelta	Psyr_4959	Psyr_4959		conserved hypothetical protein	-1.134	-1.063	-2.448	0.476	-1.928	-1.237	0.203	0.319	-0.390	-0.399	-2.541	-1.060	-0.842	-1.313	-0.630	-0.005	-0.733	-1.250	-1.115	-0.778	0.571	-0.076	-0.324
SyringaeB728a_mexBdelta	Psyr_4960	Psyr_4960		protein of unknown function DUF876	-0.007	0.204	-0.765	0.855	-0.828	-0.838	0.536	0.212	1.027	1.362	0.230	0.119	0.526	-0.301	0.886	1.642	0.207	0.321	1.745	0.814	0.391	0.030	0.874
SyringaeB728a_mexBdelta	Psyr_4961	Psyr_4961		conserved hypothetical protein	0.189	0.414	-1.113	-0.302	-0.988	-0.947	-0.466	-0.750	-0.865	-2.063	0.234	0.406	-0.028	-1.579	0.383	-0.326	-0.883	-1.262	0.359	-0.748	1.045	0.755	0.783
SyringaeB728a_mexBdelta	Psyr_4962	Psyr_4962		ImcF-related:Protein of unknown function DUF1215	0.136	-0.050	-1.532	-0.113	-0.523	0.603	-1.225	1.123	0.229	-0.286	-0.921	0.313	0.732	1.346	0.206	0.553	0.261	0.402	0.402	-0.356	0.794	0.973	1.235
SyringaeB728a_mexBdelta	Psyr_4963	Psyr_4963		hypothetical protein	0.642	0.345	-1.691	0.462	-0.027	-2.235	0.333	-1.307	-1.683	-0.590	0.217	-0.820	-0.755	-0.655	0.938	0.290	1.089	1.111	0.686	0.827	0.072	1.428	1.343
SyringaeB728a_mexBdelta	Psyr_4964	Psyr_4964		OmpA/MotB	0.173	0.445	0.852	0.534	1.253	2.188	-0.164	-0.408	0.117	0.355	-0.178	-0.465	-0.190	0.541	1.995	1.443	1.067	1.627	1.235	1.232	0.739	0.737	1.787
SyringaeB728a_mexBdelta	Psyr_4965	Psyr_4965		Protein of unknown function DUF796	0.735	0.237	0.288	0.797	0.258	0.411	-2.018	1.084	0.585	-0.130	-0.556	0.412	-1.283	-1.048	-1.262	-1.090	-1.050	-0.292	-0.052	-1.273	-0.351	-0.887	0.988
SyringaeB728a_mexBdelta	Psyr_4966	Psyr_4966		ImpA, N-terminal	0.821	0.779	-0.735	-1.396	-0.210	-2.488	1.137	-0.930	-0.010	1.270	-0.773	-0.727	-0.217	0.115	0.162	-0.649	0.166	-0.242	-0.319	-0.025	0.753	0.541	0.218
SyringaeB728a_mexBdelta	Psyr_4967	Psyr_4967		conserved hypothetical protein	1.073	-0.035	-0.106	-1.665	-1.166	-1.328	0.076	-1.675	-0.588	0.161	0.441	0.275	-1.818	-2.496	0.204	0.896	0.196	0.450	0.237	0.288	0.587	0.289	-0.888
SyringaeB728a_mexBdelta	Psyr_4968	Psyr_4968		hypothetical protein	0.353	-0.389	-0.594	-0.089	0.921	-1.501	0.719	-1.097	0.686	1.673	0.981	0.341	-0.549	-2.597	0.818	0.439	0.136	0.058	1.337	2.045	0.048	0.544	0.537
SyringaeB728a_mexBdelta	Psyr_4969	Psyr_4969		PAAR	-0.108	-0.281	0.085	-0.619	0.374	-1.710	1.852	0.080	0.770	0.251	-0.294	-1.070	-0.406	0.751	-0.356	0.139	-0.410	-0.576	-0.076	0.183	-0.363	-0.258	-0.039
SyringaeB728a_mexBdelta	Psyr_4970	Psyr_4970		Phospholipase D/Transphosphatidylase	-0.839	-0.116	-1.858	-1.546	-0.074	-2.994	-0.409	-1.681	-0.185	0.075	-1.168	-0.012	-0.629	-2.724	0.284	1.105	1.446	0.425	-0.486	0.185	0.373	0.652	0.742
SyringaeB728a_mexBdelta	Psyr_4971	Psyr_4971		Sel1-like repeat protein	-1.597	-2.134	-2.817	-0.761	-1.752	-2.503	-0.018	-2.518	-1.338	-0.947	-2.722	-0.781	-0.753	-2.810	-0.475	-0.105	-1.483	-1.175	0.069	-0.041	0.220	-0.966	0.309
SyringaeB728a_mexBdelta	Psyr_4972	Psyr_4972		Sel1-like repeat protein	0.030	-1.681	-2.185	-1.437	-0.191	-4.752	-1.419	-1.762	-0.374	-0.695	-2.793	-1.038	-0.445	-3.469	0.362	0.654	-0.014	0.948	1.909	-0.456	1.003	-0.511	0.155
SyringaeB728a_mexBdelta	Psyr_4973	Psyr_4973		hypothetical protein	1.562	0.111	0.177	-1.184	0.123	-0.667	-0.397	0.090	-0.594	0.589	-1.588	0.479	0.245	-0.122	1.219	0.044	0.384	0.790	-0.217	0.438	-0.509	0.764	0.696
SyringaeB728a_mexBdelta	Psyr_4974	Psyr_4974		Rhs element Vgr protein	0.124	-0.430	-1.660	-0.053	-0.773	-1.645	0.666	-0.403	-1.066	-0.833	-0.276	-0.543	-0.335	-0.342	0.731	1.208	0.513	0.892	1.196	1.282	0.604	0.864	1.494
SyringaeB728a_mexBdelta	Psyr_4975	Psyr_4975		hypothetical protein	-0.383	-0.183	-0.616	-0.913	0.579	-4.556	0.062	-1.122	-0.356	-0.549	-1.745	-0.708	-0.970	-2.292	-0.393	0.462	-1.142	0.130	-0.324	-0.378	-0.394	-0.395	0.110
SyringaeB728a_mexBdelta	Psyr_4976	Psyr_4976		conserved hypothetical protein	-1.051	0.152	0.214	0.005	-0.529	1.002	1.300	1.115	-0.493	0.179	0.735	0.096	-0.470	-0.495	0.318	-1.080	-0.256	-0.492	-0.831	-0.783	0.241	-0.158	-0.946
SyringaeB728a_mexBdelta	Psyr_4977	Psyr_4977		ADP-ribosylglycohydrolase	-1.979	-0.633	-1.434	-1.075	-0.774	-1.450	0.456	-1.822	-0.943	-0.929	-0.688	-2.214	-0.369	-2.761	0.219	0.644	-0.695	0.674	0.239	-0.470	-0.241	0.051	-0.285
SyringaeB728a_mexBdelta	Psyr_4979	Psyr_4979		hypothetical protein	-1.353	-1.063	-1.561	-1.292	-0.432	-2.356	0.191	-2.956	1.240	-1.038	-1.720	-0.921	-1.047	-3.693	-0.348	1.270	0.002	2.045	-0.228	-0.093	-0.431	0.828	0.524
SyringaeB728a_mexBdelta	Psyr_4980	Psyr_4980		conserved hypothetical protein	-0.905	1.726	-0.736	-0.321	0.518	1.031	-1.172	-1.780	1.246	-1.097	-1.064	-1.393	0.798	-1.248	-0.102	0.177	-1.039	0.946	-0.855	1.101	-1.220	0.732	-1.858
SyringaeB728a_mexBdelta	Psyr_4981	Psyr_4981		conserved hypothetical protein	-0.539	-0.419	-2.023	-0.655	-0.103	-2.159	-0.588	-1.758	0.789	-0.884	-0.780	-0.243	0.123	-2.236	0.420	1.043	0.495	-0.463	-0.396	0.948	0.403	0.617	-0.942
SyringaeB728a_mexBdelta	Psyr_4982	Psyr_4982		hypothetical protein	1.378	0.405	0.132	0.577	0.464	0.598	-0.161	0.794	-0.085	-2.125	-1.185	0.818	0.344	-0.508	2.389	0.315	0.305	0.988	2.349	0.731	-0.209	1.139	0.081
SyringaeB728a_mexBdelta	Psyr_4983	Psyr_4983		Rhs element Vgr protein	0.097	-0.340	-1.497	0.204	-0.119	-3.317	-0.356	-1.042	0.854	-0.672	-1.604	0.363	-0.429	-2.288	-0.335	0.716	0.273	0.761	0.360	0.112	-0.434	-0.148	0.602
SyringaeB728a_mexBdelta	Psyr_4984	Psyr_4984		conserved hypothetical protein	-0.185	0.426	0.046	0.536	1.195	-0.294	-1.325	-1.268	0.729	-0.863	-0.805	0.990	-1.919	-4.110	0.476	0.925	-0.341	0.598	-0.382	0.202	-0.912	-0.106	0.453
SyringaeB728a_mexBdelta	Psyr_4985	Psyr_4985		conserved hypothetical protein	0.480	1.288	-0.706	0.625	-0.726	-2.590	-0.773	-1.222	-0.113	-0.612	-0.863	-0.900	-0.892	-0.712	-0.006	0.026	0.147	0.154	-0.019	-0.013	0.315	0.333	0.985
SyringaeB728a_mexBdelta	Psyr_4986	Psyr_4986		YD repeat protein	-0.174	-0.837	-1.229	-0.076	-0.781	-0.047	-0.144	0.377	-1.248	0.252	-1.341	0.185	0.797	-0.208	0.937	0.232	1.704	0.869	0.979	0.510	-0.063	1.322	0.570
SyringaeB728a_mexBdelta	Psyr_4988	Psyr_4988		YD repeat protein	-0.831	-0.048	-1.565	1.354	0.431	-1.850	-0.371	0.069	0.598	-0.316	-1.093	-0.215	-0.845	-0.270	1.120	0.885	-0.023	1.274	0.810	0.294	0.728	1.415	1.662
SyringaeB728a_mexBdelta	Psyr_4989	Psyr_4989		hypothetical protein	-0.910	-1.593	-1.073	0.774	-0.207	-1.251	0.026	-0.467	0.506	-0.834	-2.059	-1.395	-2.246	-1.361	-0.813	-1.265	-0.974	-1.465	-0.091	-0.105	-0.753	-0.362	-0.057
SyringaeB728a_mexBdelta	Psyr_4990	Psyr_4990		YD repeat protein	0.205	0.326	-0.884	0.545	0.850	-0.545	0.475	0.008	-0.318	0.012	-0.121	0.237	-1.132	-3.440	0.037	0.700	0.182	1.261	0.389	0.297	0.587	0.080	0.516
SyringaeB728a_mexBdelta	Psyr_4991	Psyr_4991		hypothetical protein	-1.527	-1.204	-1.666	-0.193	-1.036	-0.523	0.471	-1.619	-1.984	-1.078	-1.205	0.959	-0.762	0.214	-1.038	-2.626	-1.754	-2.763	-1.760	-2.481	-2.363	-1.538	-2.769
SyringaeB728a_mexBdelta	Psyr_4992	Psyr_4992		YD repeat protein	-0.039	0.141	-0.587	0.868	0.781	-0.814	0.574	-0.624	0.617	-0.509	-0.109	-0.221	0.524	-0.579	1.289	0.051	0.784	0.912	1.867	-0.846	-1.611	0.425	1.038
SyringaeB728a_mexBdelta	Psyr_4993	Psyr_4993		hypothetical protein	-1.203	-1.618	-3.794	-0.569	-0.969	-2.787	-1.088	-3.679	-0.448	-1.232	-2.175	-1.853	-0.087	-1.470	-0.657	-0.166	-0.159	0.557	-0.108	0.936	-0.975	0.616	0.227
SyringaeB728a_mexBdelta	Psyr_4995	Psyr_4995		RHS protein	0.419	-0.340	-0.852	-1.653	-0.827	-2.804	-2.951	-0.459	-0.372	-1.450	-0.132	-1.021	2.785	2.315	0.011	-1.870	-0.775	-0.431	0.853	-0.214	-1.869	-0.981	-0.278
SyringaeB728a_mexBdelta	Psyr_4996	Psyr_4996		hypothetical protein	-3.574	-2.642	-4.461	-1.545	-2.391	-3.400	-1.288	-3.002	-2.344	-1.944	-2.737	-3.062	-2.223	-4.054	0.203	-0.256	-0.087	0.595	-0.695	-0.179	-0.967	0.537	0.630
SyringaeB728a_mexBdelta	Psyr_4997	Psyr_4997		YD repeat protein	0.859	0.240	-0.769	-0.067	1.596	0.064	0.950	1.593	-0.396	0.920	0.447	1.121	1.814	1.592	0.428	2.318	1.389	2.611	1.693	0.270	1.095	1.062	1.757
SyringaeB728a_mexBdelta	Psyr_4998	Psyr_4998		hypothetical protein	-1.726	-0.548	-1.872	0.974	-0.525	-2.526	-1.732	-2.617	-1.507	0.179	-1.974	-1.263	-1.161	-2.799	-0.487	0.662	-1.240	0.053	0.839	-0.164	-0.614	0.372	0.079
SyringaeB728a_mexBdelta	Psyr_4999	Psyr_4999		hypothetical protein	0.565	0.450	0.349	0.633	1.167	0.513	-0.684	1.906	-0.426	0.907	-1.081	0.719	0.896	0.609	1.638	2.313	2.317	2.220	0.623	1.313	0.735	1.772	0.437
SyringaeB728a_mexBdelta	Psyr_5000	Psyr_5000		conserved hypothetical protein	0.972	0.872	0.443	0.623	0.580	3.387	-0.178	1.061	0.289	0.976	1.456	1.516	-0.252	0.454	1.197	2.041	1.964	1.384	1.887	1.065	1.107	1.059	0.888
SyringaeB728a_mexBdelta	Psyr_5001	Psyr_5001		conserved hypothetical protein	2.033	1.908	2.161	0.576	1.375	2.738	0.532	0.791	-0.295	1.296	1.177	1.486	1.427	1.399	0.631	0.450	-0.173	1.163	1.058	1.934	-0.378	0.995	0.886
SyringaeB728a_mexBdelta	Psyr_5002	Psyr_5002		conserved hypothetical protein	2.133	-0.553	1.432	0.263	0.412	0.363	-0.155	0.943	0.116	2.079	1.778	1.142	1.170	1.830	1.362	1.283	1.590	1.238	0.653	-0.244	0.412	0.298	0.173
SyringaeB728a_mexBdelta	Psyr_5003	Psyr_5003		MscS Mechanosensitive ion channel	1.296	0.769	-0.147	0.270	0.620	-0.905	-0.209	1.036	0.430	2.228	1.175	0.054	0.375	0.896	0.412	0.870	1.441	1.366	1.130	1.687	0.938	0.988	0.299
SyringaeB728a_mexBdelta	Psyr_5004	Psyr_5004		chemotaxis sensory transducer	0.935	0.907	1.185	0.763	0.658	1.310	0.956	0.977	1.168	0.904	2.502	0.858	-1.918	-0.894	1.162	2.123	-0.041	1.603	1.845	1.783	2.211	1.876	1.673
SyringaeB728a_mexBdelta	Psyr_5005	Psyr_5005		protein of unknown function DUF945	0.683	1.311	-0.382	1.322	-0.748	-0.359	0.452	0.403	-0.030	0.501	-0.718	1.766	0.568	1.558	0.098	0.235	0.590	0.895	0.589	-0.134	1.205	0.317	-0.284
SyringaeB728a_mexBdelta	Psyr_5006	Psyr_5006		HAD-superfamily hydrolase, subfamily IA, variant 3	1.679	2.178	0.775	2.436	1.729	1.870	0.540	0.791	1.790	1.087	0.961	1.087	0.571	1.000	1.343	1.616	1.870	1.165	0.750	1.106	1.060	0.997	0.925
SyringaeB728a_mexBdelta	Psyr_5007	Psyr_5007		Aldo/keto reductase	1.326	1.713	-0.092	1.150	0.614	1.375	1.008	1.275	0.200	1.335	1.221	1.235	-0.231	1.685	2.620	2.169	1.575	2.325	1.375	1.797	2.161	1.979	2.289
SyringaeB728a_mexBdelta	Psyr_5008	Psyr_5008		transcriptional regulator, GntR family	-0.525	-1.820	-0.283	3.046	1.014	1.941	1.225	0.683	1.750	0.829	1.318	-1.039	0.700	-1.170	0.983	0.752	0.422	1.106	0.665	0.386	-0.047	1.271	-0.023
SyringaeB728a_mexBdelta	Psyr_5009	Psyr_5009		conserved hypothetical protein	0.521	0.985	0.334	1.556	0.602	-0.281	1.545	0.829	1.014	1.664	0.614	0.225	-0.552	-0.273	0.296	1.171	1.395	1.169	1.248	2.251	-0.967	0.347	0.853
SyringaeB728a_mexBdelta	Psyr_5010	Psyr_5010		conserved hypothetical protein	1.072	1.558	0.782	-0.308	1.518	2.118	-0.039	1.576	1.070	0.023	0.121	2.255	1.400	-0.711	0.837	0.809	1.461	3.199	1.222	1.278	1.736	1.814	1.927
SyringaeB728a_mexBdelta	Psyr_5011	Psyr_5011		Amino acid adenylation:Thioester reductase	1.222	1.867	0.407	1.387	0.948	1.034	1.577	1.230	1.377	1.545	1.235	1.771	1.474	1.106	1.980	2.139	2.344	1.852	1.729	2.541	1.694	2.197	1.835
SyringaeB728a_mexBdelta	Psyr_5012	Psyr_5012		conserved hypothetical protein	1.532	2.919	2.993	2.433	2.624	0.354	2.444	2.051	1.522	1.241	2.476	2.828	-1.227	-0.594	1.436	1.658	1.921	1.900	1.807	2.327	1.296	2.343	1.872
SyringaeB728a_mexBdelta	Psyr_5013	Psyr_5013		L-carnitine dehydratase/bile acid-inducible protein F	0.689	1.521	0.493	2.272	2.367	0.174	1.896	0.951	1.082	1.245	1.218	1.499	0.039	0.899	1.220	1.430	1.174	1.033	0.970	1.795	1.144	1.221	1.398
SyringaeB728a_mexBdelta	Psyr_5014	Psyr_5014		Acyl-CoA dehydrogenase, C-terminal:Acyl-CoA dehydrogenase, central region:Acyl-CoA dehydrogenase, N-terminal	1.171	0.259	0.548	-0.682	-0.248	-0.256	-0.300	1.914	0.058	-0.697	0.107	-0.614	2.388	2.200	1.295	2.314	2.719	1.354	1.527	2.397	1.761	2.266	1.395
SyringaeB728a_mexBdelta	Psyr_5015	Psyr_5015		transcriptional regulator, LysR family	-0.843	0.189	-1.256	-0.522	-0.224	-1.128	-0.598	-1.479	-0.320	-0.060	-1.449	-1.252	-1.137	-1.642	1.012	0.989	1.725	0.387	0.273	0.651	0.969	0.461	0.135
SyringaeB728a_mexBdelta	Psyr_5016	Psyr_5016		Alanine dehydrogenase/PNT, C-terminal:Alanine dehydrogenase/PNT, N-terminal	0.433	0.054	-0.174	1.790	0.689	0.222	-0.050	1.332	1.658	2.027	0.443	1.084	-2.127	-1.795	1.105	0.076	0.521	1.110	-0.233	0.413	0.444	0.044	1.124
SyringaeB728a_mexBdelta	Psyr_5017	Psyr_5017		NAD(P) transhydrogenase subunit alpha	-0.833	-0.354	-0.468	0.825	-0.891	0.039	-2.536	0.781	-1.825	-0.529	0.846	-0.554	0.672	0.629	1.981	2.566	3.310	2.475	1.713	2.933	2.143	1.473	2.476
SyringaeB728a_mexBdelta	Psyr_5018	Psyr_5018		NAD(P) transhydrogenase, beta subunit	1.930	1.948	1.066	0.256	1.151	2.536	0.215	2.480	0.904	-0.125	1.777	1.347	0.782	-0.129	1.147	1.939	1.831	1.526	1.164	1.000	0.413	2.272	1.627
SyringaeB728a_mexBdelta	Psyr_5019	Psyr_5019		Acetyl-CoA hydrolase	1.285	1.272	0.592	0.251	0.637	2.728	-0.276	0.931	0.029	0.932	1.005	0.672	0.761	0.729	2.279	1.831	1.555	2.003	1.541	2.466	1.582	1.981	1.885
SyringaeB728a_mexBdelta	Psyr_5022	Psyr_5022		conserved hypothetical protein	0.959	0.669	-0.725	1.442	1.692	0.907	0.112	-1.016	0.891	0.036	2.474	0.553	-0.351	1.406	1.645	-0.687	0.677	1.118	0.452	1.119	0.670	0.050	0.663
SyringaeB728a_mexBdelta	Psyr_5023	Psyr_5023		conserved hypothetical protein	-0.006	0.767	-0.543	-0.251	-0.018	-0.390	0.697	-0.032	1.614	1.232	0.094	0.373	0.914	0.577	2.353	0.807	1.018	1.860	0.455	2.323	0.986	2.086	1.932
SyringaeB728a_mexBdelta	Psyr_5024	Psyr_5024		conserved hypothetical protein	1.120	1.471	-2.058	0.346	0.585	1.442	-1.001	-0.650	1.151	0.410	0.425	1.386	0.126	2.166	1.397	1.748	0.953	1.667	1.141	1.190	0.902	0.706	1.350
SyringaeB728a_mexBdelta	Psyr_5026	Psyr_5026		conserved hypothetical protein	1.933	1.715	1.452	1.229	0.535	2.325	1.810	2.309	1.288	1.825	1.905	2.156	0.562	-0.314	-0.321	-0.349	1.855	1.670	-0.005	1.317	1.778	2.060	2.171
SyringaeB728a_mexBdelta	Psyr_5027	Psyr_5027		bacterial nucleoid protein HU alpha subunit	-0.848	-0.608	-0.348	0.081	-0.344	-1.032	-0.159	0.385	-0.285	0.412	0.588	0.708	2.111	0.224	-0.643	0.045	-0.768	-0.471	0.416	0.416	0.105	-0.350	-0.275
SyringaeB728a_mexBdelta	Psyr_5028	Psyr_5028		FAD-dependent pyridine nucleotide-disulfide oxidoreductase	-0.612	0.721	1.221	0.989	0.115	0.637	0.855	-1.698	0.409	0.818	0.174	0.967	-0.213	-2.329	0.905	1.157	-0.142	-1.128	0.325	1.405	0.770	-0.103	1.241
SyringaeB728a_mexBdelta	Psyr_5029	Psyr_5029		Rubredoxin-type Fe(Cys)4 protein	0.650	0.036	-0.394	0.269	0.224	-0.873	-1.027	0.671	-0.029	1.335	-2.735	-1.910	0.585	-0.842	0.273	0.370	0.302	-0.410	-0.005	-0.332	0.310	-0.271	-0.037
SyringaeB728a_mexBdelta	Psyr_5030	Psyr_5030		chorismate lyase	-2.003	1.539	0.637	1.195	-0.328	0.963	1.468	1.412	0.327	0.156	0.877	-0.993	-1.050	-0.644	-1.680	0.859	-0.130	0.544	-1.363	-0.487	-0.065	-0.795	-0.800
SyringaeB728a_mexBdelta	Psyr_5032	Psyr_5032		Response regulator receiver:Transcriptional regulatory protein, C-terminal	0.603	0.053	-0.073	0.883	-0.510	0.290	1.371	-0.326	1.785	0.748	0.942	1.110	0.959	-0.773	1.446	0.355	0.680	0.329	0.342	-0.041	0.989	1.323	-0.521
SyringaeB728a_mexBdelta	Psyr_5033	Psyr_5033		PAS/PAC sensor signal transduction histidine kinase	0.922	2.842	1.172	1.432	1.350	1.319	0.489	0.933	2.791	1.200	3.037	2.510	0.794	-0.275	2.048	1.100	0.457	-0.278	1.388	0.798	0.586	2.339	0.738
SyringaeB728a_mexBdelta	Psyr_5034	Psyr_5034		CBS:Protein of unknown function DUF21:Transporter-associated region	1.024	0.297	-1.735	-0.051	2.002	1.179	0.076	0.967	-3.676	-0.107	-0.673	0.404	2.272	0.866	0.818	-0.349	1.456	-0.071	-0.181	1.004	0.344	1.864	-0.870
SyringaeB728a_mexBdelta	Psyr_5035	Psyr_5035		Peptidase M23B	1.208	0.630	0.459	0.852	1.813	0.861	0.814	2.347	-0.146	0.981	0.751	0.349	0.237	2.431	1.723	1.305	2.016	1.337	1.628	1.495	2.274	0.611	1.198
SyringaeB728a_mexBdelta	Psyr_5036	Psyr_5036		Response regulator receiver	2.418	0.694	0.591	0.492	-0.269	-0.875	1.619	2.105	1.178	1.478	1.756	4.769	-2.708	-1.350	0.598	-0.038	-1.366	0.258	-1.054	-0.386	1.972	0.544	-0.245
SyringaeB728a_mexBdelta	Psyr_5038	Psyr_5038		phosphate ABC transporter ATP-binding protein, PhoT family	-0.380	0.722	-1.416	-0.752	0.113	-0.810	-0.375	-1.205	0.057	-0.130	1.278	1.255	1.195	1.620	0.670	0.717	1.168	1.003	0.204	0.374	1.454	1.946	0.130
SyringaeB728a_mexBdelta	Psyr_5039	Psyr_5039		Binding-protein-dependent transport systems inner membrane component	0.709	1.573	-1.788	0.108	0.054	0.677	-0.196	0.488	-0.608	1.017	2.333	1.641	0.182	-1.319	1.904	0.709	1.279	2.117	-0.119	1.364	2.253	1.301	0.490
SyringaeB728a_mexBdelta	Psyr_5040	Psyr_5040		Binding-protein-dependent transport systems inner membrane component	0.936	1.570	-3.165	1.180	0.231	-0.543	-0.005	-0.409	0.317	0.653	1.762	0.607	-0.064	0.610	1.208	0.838	0.465	1.841	0.522	0.535	1.217	0.716	0.550
SyringaeB728a_mexBdelta	Psyr_5041	Psyr_5041		phosphate ABC transporter substrate-binding protein, PhoT family	0.252	-0.223	-1.047	-0.268	0.210	-1.210	-1.566	-0.045	-0.322	0.884	0.502	0.015	-0.209	-0.557	2.041	0.659	1.167	1.931	0.854	1.799	1.455	1.699	1.057
SyringaeB728a_mexBdelta	Psyr_5042	Psyr_5042		General substrate transporter:Major facilitator superfamily	0.752	1.492	1.284	0.488	2.474	0.144	0.432	0.373	0.757	0.759	0.688	1.572	1.368	1.015	-0.310	0.643	0.858	0.361	0.425	-0.007	-0.326	0.935	0.569
SyringaeB728a_mexBdelta	Psyr_5043	Psyr_5043		Thioesterase superfamily	-0.528	-0.520	-5.957	-0.370	-8.073	-3.504	-5.055	-3.334	-0.493	-0.421	-3.549	-1.352	-2.035	-0.336	0.952	0.961	-1.050	0.355	-2.023	-3.052	-0.202	0.783	-1.332
SyringaeB728a_mexBdelta	Psyr_5044	Psyr_5044		Aldose 1-epimerase	0.585	0.892	-1.522	0.712	-0.526	0.537	-0.121	1.355	-0.385	0.337	0.116	1.204	0.236	1.120	1.409	-0.638	0.607	1.399	-0.108	0.143	1.054	0.970	0.112
SyringaeB728a_mexBdelta	Psyr_5045	Psyr_5045		conserved hypothetical protein	0.482	0.403	0.158	0.545	1.035	-0.124	-0.206	-3.214	-1.659	-0.731	0.193	1.719	2.090	0.944	0.966	1.393	1.433	0.522	1.249	0.313	0.914	0.366	0.678
SyringaeB728a_mexBdelta	Psyr_5046	Psyr_5046		Transglycosylase-associated protein	0.321	-0.335	1.569	0.231	1.259	1.526	1.231	-0.656	-0.730	0.915	1.496	-0.412	0.320	1.475	-0.083	1.492	-0.014	-0.163	1.476	0.341	0.555	0.821	0.839
SyringaeB728a_mexBdelta	Psyr_5049	Psyr_5049		conserved hypothetical protein	0.611	0.498	0.197	0.421	1.359	1.338	0.105	0.155	-0.199	1.029	-0.022	0.513	-0.062	0.652	1.160	0.341	0.740	-0.417	0.475	-0.265	0.155	0.732	0.521
SyringaeB728a_mexBdelta	Psyr_5050	Psyr_5050		transcriptional regulator, LysR family	0.528	2.359	0.319	0.381	-2.341	1.827	-0.108	0.667	0.605	-0.238	-0.065	0.665	-0.204	-1.312	-1.032	0.450	2.136	0.631	-0.221	-0.381	-0.376	1.131	-0.062
SyringaeB728a_mexBdelta	Psyr_5051	Psyr_5051		Aspartate ammonia-lyase	-1.053	-0.751	-2.398	0.959	-0.851	-0.706	-1.153	-3.812	0.610	-1.047	-1.240	0.463	-0.089	0.446	-0.192	-0.007	1.025	1.686	-0.139	0.556	0.309	1.297	0.056
SyringaeB728a_mexBdelta	Psyr_5052	Psyr_5052		Sodium:alanine symporter	-0.005	0.788	-0.220	1.041	-1.509	-2.619	-0.392	-2.216	1.521	2.074	0.397	1.338	-1.080	-1.501	3.034	3.224	3.261	3.466	3.387	3.113	3.210	3.871	5.835
SyringaeB728a_mexBdelta	Psyr_5053	Psyr_5053		asparaginase	0.643	0.970	-1.657	1.219	-1.322	2.737	-0.685	1.529	2.070	1.498	1.758	-0.380	0.013	-0.626	0.295	1.023	0.374	0.685	0.859	-1.326	-1.145	-0.541	-0.740
SyringaeB728a_mexBdelta	Psyr_5054	Psyr_5054		Protein of unknown function UPF0187	-0.076	-0.022	-0.033	-0.480	-0.313	-1.667	-0.811	0.175	-0.487	0.424	-0.355	-0.279	0.029	0.413	-0.311	0.307	0.209	-0.228	0.315	0.150	-0.297	0.363	-0.592
SyringaeB728a_mexBdelta	Psyr_5055	Psyr_5055		YeeE/YedE	-0.293	-0.602	-0.435	0.029	0.127	0.565	-1.647	0.177	0.341	-1.254	-0.619	-1.422	1.486	1.751	0.199	-0.242	-0.279	0.475	0.546	1.141	0.193	0.570	-0.365
SyringaeB728a_mexBdelta	Psyr_5056	Psyr_5056		transcriptional regulator, GntR family	-0.962	0.353	0.292	-0.482	-0.041	-1.581	0.217	-0.260	-0.479	0.266	0.241	0.307	1.711	1.469	0.026	0.067	0.458	-0.430	-0.178	0.619	0.064	0.653	-0.203
SyringaeB728a_mexBdelta	Psyr_5057	Psyr_5057		negative transcriptional regulator	0.748	0.267	0.351	-0.735	0.447	1.199	0.762	0.738	-0.058	0.950	0.677	0.152	1.897	0.883	0.257	-0.262	0.461	0.099	-0.741	0.233	-0.103	-0.189	0.106
SyringaeB728a_mexBdelta	Psyr_5058	Psyr_5058		GCN5-related N-acetyltransferase	0.824	0.473	1.192	1.663	0.496	0.519	1.157	1.068	0.423	0.011	-1.171	1.659	-0.001	-0.445	-0.784	2.167	0.957	0.740	1.150	1.194	0.984	-0.339	1.516
SyringaeB728a_mexBdelta	Psyr_5059	Psyr_5059		GCN5-related N-acetyltransferase	-0.052	-0.737	-1.175	-0.716	-2.171	-0.528	-0.235	-0.689	-1.206	-1.231	0.099	-0.483	0.068	0.074	0.462	0.900	2.555	0.764	1.973	0.755	-0.455	1.440	0.330
SyringaeB728a_mexBdelta	Psyr_5060	Psyr_5060		Oxaloacetate decarboxylase, alpha subunit	-0.676	-0.022	0.379	-0.828	-0.923	1.806	0.434	0.152	-1.073	-0.722	-0.099	-0.512	0.577	0.877	0.116	-0.285	0.226	0.549	0.191	1.080	0.650	0.448	0.467
SyringaeB728a_mexBdelta	Psyr_5061	Psyr_5061		acetyl-CoA carboxylase carboxyltransferase subunit alpha / biotin carboxylase	0.253	0.332	0.923	0.763	1.070	1.604	1.372	0.758	0.563	0.514	1.397	1.118	0.250	0.896	-1.732	-0.764	-1.545	-0.895	-0.708	-0.225	-0.445	-0.021	-0.887
SyringaeB728a_mexBdelta	Psyr_5062	Psyr_5062		transcriptional regulator, LysR family	-1.466	0.176	0.827	-0.623	-0.429	-1.006	-0.419	-0.252	-0.711	-1.050	-2.046	-1.658	0.147	-1.370	-0.401	-0.159	-0.371	0.414	0.081	0.727	0.165	-0.180	0.354
SyringaeB728a_mexBdelta	Psyr_5063	Psyr_5063		conserved domain protein	-0.219	-1.590	0.212	-0.007	-0.508	-0.149	-0.108	-1.069	0.126	-0.192	0.017	-0.938	1.767	2.245	-0.447	-0.587	0.355	-0.994	0.797	0.547	0.356	-1.482	0.117
SyringaeB728a_mexBdelta	Psyr_5064	Psyr_5064		transcriptional regulator, RpiR family	-0.161	0.679	-1.541	-0.631	2.370	-1.636	0.791	-1.093	-0.497	-0.059	0.237	-0.384	-0.834	-1.668	0.644	1.634	0.888	1.441	0.712	0.562	1.605	2.118	1.897
SyringaeB728a_mexBdelta	Psyr_5065	Psyr_5065		ATP-dependent DNA helicase UvrD	-4.080	-5.328	-5.427	-5.611	-3.702	-1.669	-1.796	-2.959	-7.003	-6.570	-5.162	-4.663	-1.172	-3.124	-4.074	-4.875	-1.652	-5.202	-4.223	-2.339	-3.053	-2.620	-8.303
SyringaeB728a_mexBdelta	Psyr_5067	Psyr_5067		conserved hypothetical protein	-3.505	-2.033	-2.167	-3.530	-1.541	-4.270	0.746	1.322	2.481	-1.738	-1.676	-4.038	-0.358	4.106	-2.563	-2.627	-1.152	-2.395	-2.893	-3.676	-1.676	-3.065	-2.512
SyringaeB728a_mexBdelta	Psyr_5068	Psyr_5068		transporter, CPA2 family	-1.370	-0.848	-1.762	-1.390	-0.558	0.211	-0.623	-1.241	-0.080	-0.431	-0.674	-1.071	1.559	0.750	0.012	0.311	0.979	-0.455	-0.403	-0.336	0.347	0.977	1.340
SyringaeB728a_mexBdelta	Psyr_5069	Psyr_5069		Thioesterase superfamily	0.562	-0.534	0.463	-0.581	-0.724	-0.955	0.310	1.212	-0.716	-1.009	-0.322	-0.817	-1.538	0.076	0.481	0.736	0.133	0.921	-0.622	0.321	0.610	0.158	-0.213
SyringaeB728a_mexBdelta	Psyr_5070	Psyr_5070		Pyridoxal kinase	-0.541	-1.064	-0.337	-1.065	-1.713	-1.696	-1.408	-0.520	-1.863	-0.018	-1.527	-2.786	-0.894	2.294	0.351	-0.159	-0.071	0.623	-0.514	1.695	2.646	-1.505	0.379
SyringaeB728a_mexBdelta	Psyr_5071	Psyr_5071		conserved hypothetical protein	-1.003	-1.437	-0.767	-0.342	0.320	-0.562	0.226	-0.678	-1.047	0.203	-0.427	-0.631	0.444	1.084	-1.616	-2.163	-0.274	-2.425	-2.788	-2.613	-1.519	-2.211	-2.809
SyringaeB728a_mexBdelta	Psyr_5072	Psyr_5072		Cobalamin synthesis protein/P47K:Cobalamin synthesis protein/P47K	-0.333	-0.800	0.288	0.262	-0.366	0.545	0.580	0.411	-0.499	0.742	-0.137	-0.251	-0.982	-0.469	-1.955	-0.708	-0.138	-0.960	-0.849	-0.814	-1.011	-1.563	-1.773
SyringaeB728a_mexBdelta	Psyr_5073	Psyr_5073		conserved hypothetical protein	0.165	-0.489	2.660	0.607	2.032	1.969	0.963	1.406	-0.787	1.071	-0.662	1.260	0.245	1.084	0.329	-0.878	-1.170	-0.068	-0.665	0.081	0.769	-0.988	-2.667
SyringaeB728a_mexBdelta	Psyr_5074	Psyr_5074		conserved hypothetical protein	-0.075	1.203	0.018	-0.391	0.399	-1.175	-1.244	-0.276	-0.533	-0.061	0.065	0.693	2.201	0.773	-0.528	-0.347	-0.965	-0.547	-0.084	0.481	0.780	-0.522	-1.559
SyringaeB728a_mexBdelta	Psyr_5075	Psyr_5075		Cobalamin synthesis protein/P47K:Cobalamin synthesis protein/P47K	0.159	-0.303	0.435	-0.672	0.807	0.072	0.491	-0.429	0.666	-0.464	0.524	-0.031	0.773	-0.403	0.752	-1.353	0.334	-0.829	0.350	-0.391	-0.582	-0.739	-0.093
SyringaeB728a_mexBdelta	Psyr_5076	Psyr_5076		conserved hypothetical protein	1.806	1.630	1.191	0.030	1.163	0.012	2.199	-0.115	0.779	0.842	1.981	-0.587	-0.663	-0.734	-0.900	-1.356	-0.882	-0.469	-0.725	-0.189	0.194	-0.718	-0.331
SyringaeB728a_mexBdelta	Psyr_5077	Psyr_5077		N-acetylmuramoyl-L-alanine amidase	-0.041	1.267	0.079	1.436	0.050	-0.573	0.422	1.401	0.396	2.238	0.549	2.226	-1.210	-1.057	0.392	0.152	-0.688	0.444	0.371	1.147	0.523	0.651	1.440
SyringaeB728a_mexBdelta	Psyr_5079	Psyr_5079		Phospholipase D/Transphosphatidylase	-0.413	0.748	-0.675	-0.282	-0.522	-1.456	-0.525	-0.245	-0.829	-0.768	-0.852	-0.062	-0.200	-0.218	-0.512	-0.170	0.294	-0.299	-0.637	-0.529	-0.481	-0.368	-0.490
SyringaeB728a_mexBdelta	Psyr_5080	Psyr_5080		Cyclopropane-fatty-acyl-phospholipid synthase	0.210	-0.378	1.015	-0.257	0.231	0.136	-0.285	-0.908	-0.015	0.855	-0.844	0.328	-0.455	0.523	-0.165	0.864	-0.450	0.685	0.123	-0.730	-0.120	0.793	0.566
SyringaeB728a_mexBdelta	Psyr_5081	Psyr_5081		Heavy metal-(Cd/Co/Hg/Pb/Zn)-translocating P-type ATPase:Heavy metal translocating P-type ATPase	-0.244	-0.123	0.900	-1.197	0.441	1.279	0.061	0.207	0.257	-0.346	0.662	0.846	1.318	1.008	-0.602	-0.544	-0.994	-1.985	-2.042	-0.760	0.238	-0.724	-0.419
SyringaeB728a_mexBdelta	Psyr_5082	Psyr_5082		Band 7 protein	-0.121	-0.415	0.004	-0.644	1.456	0.981	0.097	1.356	-0.027	-1.448	0.468	0.135	-0.309	-0.058	-0.298	-0.717	-0.606	0.228	-0.991	-0.225	0.622	-0.327	0.258
SyringaeB728a_mexBdelta	Psyr_5083	Psyr_5083		Band 7 protein	-0.214	-0.119	-0.154	-1.179	0.969	1.902	-0.410	0.192	-1.503	-0.956	0.815	0.842	0.151	0.793	0.112	0.047	1.019	0.210	0.548	0.222	0.797	0.456	0.597
SyringaeB728a_mexBdelta	Psyr_5084	Psyr_5084		Band 7 protein	0.475	0.344	-0.384	0.110	-0.605	1.163	-1.251	0.976	-0.070	-0.744	0.651	1.056	-0.124	0.268	0.824	0.596	0.118	0.005	-0.124	0.023	0.779	0.593	0.159
SyringaeB728a_mexBdelta	Psyr_5085	Psyr_5085		Twin-arginine translocation pathway signal	-1.674	-1.058	0.064	-2.004	-0.124	3.613	0.408	1.789	-1.521	-2.500	-0.670	-2.758	-0.436	-0.675	-1.772	-0.525	-1.539	-1.880	-2.702	-1.648	-2.057	-0.204	-1.722
SyringaeB728a_mexBdelta	Psyr_5086	Psyr_5086		membrane protein, putative	-0.817	-0.030	-1.612	-1.366	-0.972	-1.052	0.020	-1.353	-0.389	-0.544	-1.012	-0.351	0.356	2.075	-1.470	-0.746	-1.324	-1.736	-1.524	-0.925	-0.913	-1.736	-0.883
SyringaeB728a_mexBdelta	Psyr_5087	Psyr_5087		Acyltransferase 3	-1.146	0.771	-0.618	-0.507	0.449	1.083	-0.397	-0.261	-0.534	-0.117	0.524	-0.595	1.182	0.712	-1.050	-0.831	-0.777	-0.065	-0.432	-0.268	0.518	-0.614	-0.508
SyringaeB728a_mexBdelta	Psyr_5088	Psyr_5088		regulatory protein, LuxR:Response regulator receiver	-0.963	-0.226	1.590	-0.031	1.302	0.092	0.358	-0.061	-1.327	-0.518	-0.230	0.286	0.665	0.602	-0.119	0.022	-0.332	0.182	-0.286	0.225	0.535	0.387	-1.254
SyringaeB728a_mexBdelta	Psyr_5089	Psyr_5089		ATP-binding region, ATPase-like:Histidine kinase A, N-terminal	0.383	-0.021	0.935	0.323	-0.834	-0.452	0.341	-0.604	-1.469	-1.346	-2.727	-1.133	-0.025	-0.508	0.114	-0.517	0.554	0.252	0.107	0.562	0.773	-0.020	-0.027
SyringaeB728a_mexBdelta	Psyr_5090	Psyr_5090		ABC transporter	0.446	-0.067	-0.739	0.166	1.059	2.260	0.278	-0.439	-1.516	-1.268	0.474	-0.321	0.362	1.860	-0.661	1.657	1.389	0.064	0.621	1.199	-0.153	0.050	1.640
SyringaeB728a_mexBdelta	Psyr_5091	Psyr_5091		Binding-protein-dependent transport systems inner membrane component	0.208	0.749	1.084	0.756	1.045	0.029	1.118	-0.257	-0.072	1.451	0.794	1.560	-0.186	0.660	-0.108	-1.527	-1.022	-1.186	-1.033	-0.648	-0.583	-1.243	-0.786
SyringaeB728a_mexBdelta	Psyr_5092	Psyr_5092		Histidine kinase, HAMP region:Bacterial chemotaxis sensory transducer	0.569	-0.038	0.061	0.344	-0.496	0.049	-0.014	-0.902	-0.804	-0.044	-0.120	-0.221	-0.342	0.595	-0.184	-0.693	-1.120	-0.356	-0.964	-0.491	-0.857	-0.651	-0.820
SyringaeB728a_mexBdelta	Psyr_5093	Psyr_5093		Histidine kinase, HAMP region:Bacterial chemotaxis sensory transducer	-0.517	-0.347	-1.361	-0.431	-0.601	0.201	-0.165	-0.622	0.357	-0.678	-0.896	-0.913	-0.068	0.623	-1.360	-1.364	-0.986	-1.113	-1.198	-0.381	-1.079	-0.044	-0.636
SyringaeB728a_mexBdelta	Psyr_5094	Psyr_5094		hypothetical protein	-1.990	-0.464	-1.994	0.138	0.797	0.326	-0.821	-1.930	0.276	-1.218	-1.617	-1.855	-0.020	-0.460	0.794	0.249	-0.810	-0.071	1.047	0.910	0.138	0.120	0.198
SyringaeB728a_mexBdelta	Psyr_5095	Psyr_5095		Catalase	-0.737	0.853	0.432	-0.923	-0.698	2.313	-0.676	-0.573	-1.916	-0.403	-0.197	-0.091	1.478	0.751	-1.598	-1.960	-1.032	-1.700	-1.272	-1.425	-2.650	-2.280	-1.678
SyringaeB728a_mexBdelta	Psyr_5096	Psyr_5096		hypothetical protein	-1.166	-0.753	-0.733	-1.003	-0.676	0.523	-2.158	-0.961	-0.494	-0.765	-1.875	-1.484	-0.656	0.727	-0.814	-1.230	-0.487	-0.711	-0.919	-2.401	-0.677	-1.822	-2.634
SyringaeB728a_mexBdelta	Psyr_5097	Psyr_5097		Protein of unknown function DUF892	0.200	0.433	-0.709	1.438	-0.012	1.538	0.051	-0.323	0.372	-0.235	-0.793	0.240	-0.468	-1.165	0.126	0.768	-0.048	-1.161	-0.081	0.385	-0.199	0.406	-0.335
SyringaeB728a_mexBdelta	Psyr_5098	Psyr_5098		conserved hypothetical protein	0.622	0.676	-0.049	-0.040	-1.445	1.015	0.283	-1.762	0.328	-0.563	0.293	-0.623	-1.383	-0.439	-1.108	-1.832	-1.331	-2.022	-2.839	-1.411	-1.731	-0.891	-1.445
SyringaeB728a_mexBdelta	Psyr_5099	Psyr_5099		conserved hypothetical protein	-0.344	0.031	-0.598	-0.988	0.545	-0.980	0.457	-1.218	-0.501	-0.623	-0.231	-0.186	0.516	-0.022	-1.015	-0.890	-0.124	-0.346	-1.161	-0.423	-1.048	-0.630	0.004
SyringaeB728a_mexBdelta	Psyr_5100	Psyr_5100		conserved hypothetical protein	-0.767	-1.277	-0.901	-2.604	0.610	-0.767	-0.709	-1.041	-1.051	-0.030	-1.831	-0.293	-0.133	-0.963	-0.390	-0.569	0.541	-0.086	-1.912	0.132	-0.457	-0.676	-0.497
SyringaeB728a_mexBdelta	Psyr_5101	Psyr_5101		Glyoxalase/bleomycin resistance protein/dioxygenase	-0.191	0.603	-0.505	-0.965	0.259	-0.671	1.314	-0.369	-0.913	0.880	-0.831	0.266	0.055	0.398	-1.023	-0.598	-0.661	-0.976	-1.240	0.856	-0.176	0.678	-1.802
SyringaeB728a_mexBdelta	Psyr_5102	Psyr_5102		ABC transporter	-0.093	0.508	0.547	0.707	-1.494	-2.299	0.469	-2.269	-0.138	1.608	0.456	0.290	0.680	0.292	-0.059	0.022	-0.795	1.484	0.100	-0.089	0.766	1.527	0.066
SyringaeB728a_mexBdelta	Psyr_5103	Psyr_5103		Periplasmic binding protein	-0.005	0.389	0.618	0.283	0.171	0.645	-0.280	0.232	-0.852	-1.596	-0.028	-0.717	0.490	0.439	-0.533	-0.600	-1.150	-0.153	0.691	1.029	-0.258	-0.090	-0.032
SyringaeB728a_mexBdelta	Psyr_5104	Psyr_5104		transport system permease protein	0.608	0.941	-0.348	-0.135	-0.368	1.552	1.295	0.163	-1.164	1.491	0.729	1.835	0.800	2.840	-2.914	-0.035	0.332	-1.523	-0.860	-0.885	-1.453	-1.314	-1.760
SyringaeB728a_mexBdelta	Psyr_5105	Psyr_5105		UDP-glucose 6-dehydrogenase	0.064	-0.293	-0.522	-0.660	-1.500	-0.709	-0.877	-1.109	-1.995	-0.995	-1.641	-0.998	0.447	-0.678	-0.061	-0.181	0.155	0.071	-0.006	-0.496	-1.233	-0.891	-0.647
SyringaeB728a_mexBdelta	Psyr_5106	Psyr_5106		NAD-dependent epimerase/dehydratase	-1.479	0.159	-0.486	-1.400	-1.119	0.806	-0.236	-1.620	-0.813	-0.641	-1.264	-0.610	1.195	0.656	-0.375	-1.056	-1.643	-1.158	-1.515	-1.275	-1.350	-1.490	-1.345
SyringaeB728a_mexBdelta	Psyr_5107	Psyr_5107		Glycosyl transferase, family 2	0.806	1.614	1.128	0.741	0.492	1.446	0.227	-0.572	0.716	0.860	1.526	0.941	0.316	1.424	0.118	-0.631	-0.403	-0.505	-0.335	-0.336	-0.008	0.996	-0.062
SyringaeB728a_mexBdelta	Psyr_5108	Psyr_5108		Lipid A biosynthesis, N-terminal	-0.107	-1.020	-1.088	-2.494	-0.667	-1.629	-0.660	0.056	-1.229	-1.641	-1.259	-0.076	-0.064	-1.690	-0.068	0.416	1.680	0.293	-0.730	-0.627	0.819	0.230	-0.821
SyringaeB728a_mexBdelta	Psyr_5109	Psyr_5109		Glycosyl transferase, family 39	-0.599	-0.362	-0.305	-1.689	-0.770	-0.453	-0.031	-0.614	-0.538	0.095	-0.834	0.079	1.075	1.197	-0.252	-0.935	-0.049	-0.963	-0.333	-0.361	-0.657	-1.023	-0.744
SyringaeB728a_mexBdelta	Psyr_5110	Psyr_5110		SdiA-regulated	0.438	0.701	0.084	-0.245	-0.262	2.157	0.364	-0.551	0.090	-1.111	0.088	-0.679	1.452	0.515	0.485	0.620	0.199	-0.065	-0.555	-0.436	-1.310	-0.945	-0.454
SyringaeB728a_mexBdelta	Psyr_5111	Psyr_5111		dTDP-glucose 4,6-dehydratase	-0.352	-0.730	0.051	-0.455	-0.815	0.059	-0.401	-2.227	-0.936	-0.904	-1.475	-0.620	-0.381	-0.719	-1.673	-0.441	-1.053	-1.681	-2.163	-0.677	-1.202	-1.240	-1.885
SyringaeB728a_mexBdelta	Psyr_5112	Psyr_5112		conserved hypothetical protein	-2.307	-0.586	-0.012	-0.263	-1.414	-0.048	0.156	-1.438	-0.908	-0.522	-1.075	-0.723	-1.967	-2.854	0.037	0.636	-1.025	-0.251	-1.080	-0.899	-0.504	-0.867	-0.908
SyringaeB728a_mexBdelta	Psyr_5113	Psyr_5113		hypothetical protein	0.386	0.754	0.074	0.073	0.354	0.592	0.048	-0.848	-0.279	0.645	-0.533	-0.250	0.959	0.753	-0.525	-1.150	-1.132	-0.595	0.687	-0.433	0.135	-0.281	-0.813
SyringaeB728a_mexBdelta	Psyr_5114	Psyr_5114		hypothetical protein	-2.305	-1.432	-1.641	-1.906	-2.265	-4.690	-1.384	-3.616	-0.064	-1.859	-1.525	-2.480	-1.771	-4.075	-2.158	-1.975	-2.035	-1.690	-1.859	-1.369	-1.296	-1.479	-1.440
SyringaeB728a_mexBdelta	Psyr_5115	Psyr_5115		Helicase, C-terminal:DEAD/DEAH box helicase, N-terminal	-0.651	-0.507	-1.607	-1.119	-0.691	-2.396	-0.009	-0.742	-0.531	-0.218	-0.701	-0.531	-0.564	-1.837	-1.194	-0.687	-1.018	-0.798	-1.389	-0.710	-0.842	-0.627	-0.806
SyringaeB728a_mexBdelta	Psyr_5116	Psyr_5116		hypothetical protein	-1.818	-0.622	-1.308	-2.051	-0.751	-1.589	-0.800	-1.582	-0.975	-1.716	-0.253	-0.483	1.180	0.723	-1.247	-0.214	-0.774	-0.802	-0.651	-0.425	-0.754	-1.260	-0.728
SyringaeB728a_mexBdelta	Psyr_5118	Psyr_5118		transcriptional regulator, DeoR family	-0.196	-0.618	-0.031	-2.532	-0.798	1.836	-0.755	-0.107	0.471	-0.302	-1.467	-1.345	0.771	1.237	-0.051	-0.407	0.427	0.042	-0.080	-0.742	-0.622	-0.262	1.663
SyringaeB728a_mexBdelta	Psyr_5130	Psyr_5130		chromosome segregation ATPase	-5.378	-6.502	-5.818	-3.112	-2.617	-1.833	-2.192	-4.805	-4.139	-3.143	-5.932	-6.007	-3.208	-0.199	-4.619	-3.898	-2.886	-6.076	-5.154	-3.236	-4.880	-4.526	-4.973
SyringaeB728a_mexBdelta	Psyr_5131	Psyr_5131		16S rRNA m(7)G-527 methyltransferase	-0.255	-0.358	1.519	-0.847	1.874	0.525	-0.668	-1.193	-1.278	-0.596	-1.154	-0.068	0.959	0.847	-3.479	-2.342	-2.615	-2.403	-2.511	0.192	-2.757	-1.387	-2.179
SyringaeB728a_mexBdelta	Psyr_5132	Psyr_5132		Glucose-inhibited division protein A subfamily	-0.511	-1.456	-2.465	-1.695	-2.307	1.600	-0.117	-0.323	1.514	-2.146	-1.891	-0.213	-1.733	1.649	-2.575	-1.604	-2.992	-1.023	-0.056	-0.283	-2.831	-2.774	-2.591
SyringaeB728a_mexBdelta	Psyr_5133	Psyr_5133		tRNA modification GTPase trmE	-3.710	-2.469	-1.744	-2.422	-3.381	2.250	-2.673	-3.504	3.149	-2.963	-3.186	-2.778	-3.377	3.730	-4.790	-2.766	-6.209	-3.800	-3.997	-3.236	-4.895	-4.197	-4.244
SyringaeB728a_mexBdelta	Psyr_5135	Psyr_5135		Protein of unknown function DUF37	0.181	0.927	-0.487	-2.825	-1.884	0.046	-1.723	-0.644	1.084	-1.459	-2.092	-0.254	-1.318	0.143	-1.629	-0.663	-3.154	-1.970	-2.386	-2.075	-0.550	-1.342	-0.446
SyringaeB728a_mexBdelta	Psyr_RNA11	Psyr_RNA11		tRNA-Lys	-0.136	-0.110	-1.256	-0.917	0.969	1.943	-0.524	1.364	2.566	-0.519	0.079	-0.206	0.421	1.665	-0.284	-2.878	-2.675	-0.747	-1.119	-0.357	-1.406	-1.808	-1.562
SyringaeB728a_mexBdelta	Psyr_RNA40	Psyr_RNA40		tRNA-Pro	-0.250	-0.698	-0.839	-0.561	-1.299	-0.457	-0.539	-0.057	-0.512	-0.045	-1.379	-0.395	-0.629	-0.211	-0.192	-1.123	-0.631	-0.331	-0.351	-0.288	-0.881	-1.144	0.876
SyringaeB728a_mexBdelta	Psyr_RNA53	Psyr_RNA53		tRNA-Arg	-0.518	0.093	-1.051	0.215	-1.462	0.046	-0.661	-0.349	0.891	-0.041	-2.000	0.783	-0.817	-0.153	-1.187	-2.649	-2.249	-0.432	-0.168	-0.468	-0.093	-0.392	-1.352
SyringaeB728a_mexBdelta	Psyr_RNA61	Psyr_RNA61		tRNA-Gly	-2.748	-2.116	-2.480	-2.094	-1.143	-0.899	-1.768	-2.222	-1.628	-2.018	-2.462	-2.274	0.927	-1.505	-2.906	-3.704	-1.614	-1.071	-1.152	-3.476	-2.631	-1.956	-2.884
SyringaeB728a_mexBdelta	Psyr_RNA63	Psyr_RNA63		tRNA-Met	-0.358	0.247	-0.481	-1.368	-0.757	-1.251	-0.675	-1.236	0.809	0.354	-0.124	-0.835	-0.620	0.231	0.703	0.949	-0.250	-0.235	0.953	-0.890	0.452	-0.144	1.425
SyringaeB728a_mexBdelta	Psyr_RNA78	Psyr_RNA78		5S ribosomal RNA	-0.147	0.482	-1.014	0.271	1.716	-0.066	-1.439	-1.679	-0.578	0.028	0.859	-1.545	-0.691	1.211	-0.122	0.488	-0.464	0.800	0.714	1.805	2.063	2.231	0.526
